t,x,y,yaw,odom_x,odom_y,est_x,est_y,clearance,state
0.018,-2.885,-2.0761,-0.2728,-2.882,-2.077,-2.882,-2.077,0.3225,GO_GOAL
0.038,-2.8851,-2.0761,-0.2721,-2.8819,-2.077,-2.882,-2.077,0.3225,GO_GOAL
0.058,-2.8847,-2.0762,-0.2709,-2.8813,-2.0772,-2.882,-2.077,0.3224,GO_GOAL
0.078,-2.8842,-2.0763,-0.2691,-2.8804,-2.0774,-2.8813,-2.0772,0.3222,GO_GOAL
0.098,-2.8835,-2.0765,-0.2669,-2.8791,-2.0777,-2.8813,-2.0772,0.3219,GO_GOAL
0.118,-2.8828,-2.0767,-0.2641,-2.8777,-2.0781,-2.8813,-2.0772,0.3216,GO_GOAL
0.138,-2.8821,-2.0769,-0.2609,-2.8762,-2.0784,-2.8813,-2.0772,0.3213,GO_GOAL
0.158,-2.8812,-2.0772,-0.2571,-2.8748,-2.0787,-2.8813,-2.0772,0.3209,GO_GOAL
0.178,-2.8806,-2.0774,-0.2527,-2.8719,-2.0793,-2.8748,-2.079,0.3206,GO_GOAL
0.198,-2.8801,-2.0775,-0.2478,-2.8719,-2.0793,-2.8748,-2.079,0.3204,GO_GOAL
0.218,-2.8795,-2.0776,-0.2424,-2.8704,-2.0795,-2.8748,-2.079,0.3201,GO_GOAL
0.238,-2.879,-2.0777,-0.2367,-2.8689,-2.0798,-2.8748,-2.079,0.3198,GO_GOAL
0.258,-2.8785,-2.0778,-0.231,-2.8674,-2.08,-2.8748,-2.079,0.3195,GO_GOAL
0.278,-2.878,-2.0778,-0.2253,-2.866,-2.0801,-2.8676,-2.0808,0.3193,GO_GOAL
0.298,-2.8775,-2.0779,-0.2196,-2.863,-2.0804,-2.8676,-2.0808,0.3191,GO_GOAL
0.318,-2.8771,-2.078,-0.2139,-2.863,-2.0804,-2.8676,-2.0808,0.3188,GO_GOAL
0.338,-2.8766,-2.078,-0.2081,-2.8615,-2.0805,-2.8676,-2.0808,0.3186,GO_GOAL
0.358,-2.8761,-2.0781,-0.2024,-2.86,-2.0806,-2.8676,-2.0808,0.3183,GO_GOAL
0.378,-2.8757,-2.0781,-0.1967,-2.8586,-2.0806,-2.8589,-2.0827,0.3181,GO_GOAL
0.398,-2.8743,-2.0786,-0.1908,-2.8569,-2.0806,-2.8589,-2.0827,0.3175,GO_GOAL
0.418,-2.8725,-2.0788,-0.1844,-2.8533,-2.0805,-2.8589,-2.0827,0.3171,GO_GOAL
0.438,-2.871,-2.0789,-0.1775,-2.8533,-2.0805,-2.8589,-2.0827,0.3167,GO_GOAL
0.458,-2.87,-2.079,-0.17,-2.8515,-2.0804,-2.8589,-2.0827,0.3164,GO_GOAL
0.478,-2.8693,-2.079,-0.1619,-2.8497,-2.0802,-2.852,-2.084,0.3161,GO_GOAL
0.498,-2.8691,-2.0791,-0.1533,-2.8479,-2.08,-2.852,-2.084,0.3158,GO_GOAL
0.518,-2.8688,-2.0791,-0.1442,-2.8462,-2.0797,-2.852,-2.084,0.3155,GO_GOAL
0.538,-2.8686,-2.0791,-0.1346,-2.8426,-2.079,-2.852,-2.084,0.3152,GO_GOAL
0.558,-2.8683,-2.0792,-0.1245,-2.8426,-2.079,-2.852,-2.084,0.3148,GO_GOAL
0.578,-2.8681,-2.0792,-0.1139,-2.8409,-2.0786,-2.8413,-2.0856,0.3145,GO_GOAL
0.598,-2.8679,-2.0792,-0.1028,-2.8391,-2.0781,-2.8413,-2.0856,0.3141,GO_GOAL
0.618,-2.8677,-2.0792,-0.0913,-2.8374,-2.0776,-2.8413,-2.0856,0.3137,GO_GOAL
0.638,-2.8674,-2.0792,-0.0793,-2.834,-2.0764,-2.8413,-2.0856,0.3133,GO_GOAL
0.658,-2.8672,-2.0793,-0.0668,-2.834,-2.0764,-2.8413,-2.0856,0.3129,GO_GOAL
0.678,-2.8666,-2.0793,-0.0539,-2.8323,-2.0758,-2.8342,-2.0863,0.3124,GO_GOAL
0.698,-2.8657,-2.0793,-0.0406,-2.8306,-2.075,-2.8342,-2.0863,0.312,GO_GOAL
0.718,-2.8649,-2.0794,-0.0268,-2.8287,-2.0741,-2.8342,-2.0863,0.3115,GO_GOAL
0.738,-2.864,-2.0794,-0.0126,-2.8268,-2.0732,-2.8342,-2.0863,0.311,GO_GOAL
0.758,-2.863,-2.0794,0.002,-2.8249,-2.0722,-2.8342,-2.0863,0.3106,GO_GOAL
0.778,-2.8617,-2.0794,0.017,-2.8231,-2.0711,-2.8241,-2.0867,0.3101,GO_GOAL
0.798,-2.8601,-2.0793,0.0324,-2.8211,-2.0699,-2.8241,-2.0867,0.3096,GO_GOAL
0.818,-2.8585,-2.0793,0.0482,-2.8171,-2.0672,-2.8241,-2.0867,0.3092,GO_GOAL
0.838,-2.8569,-2.0792,0.0645,-2.8171,-2.0672,-2.8241,-2.0867,0.3088,GO_GOAL
0.858,-2.8553,-2.079,0.0812,-2.8151,-2.0658,-2.8241,-2.0867,0.3084,GO_GOAL
0.878,-2.8532,-2.0789,0.0983,-2.8132,-2.0644,-2.8125,-2.0864,0.308,GO_GOAL
0.898,-2.851,-2.0786,0.1158,-2.8112,-2.0628,-2.8125,-2.0864,0.3077,GO_GOAL
0.918,-2.849,-2.0783,0.1333,-2.8091,-2.0611,-2.8125,-2.0864,0.3075,GO_GOAL
0.938,-2.8469,-2.0779,0.1509,-2.807,-2.0593,-2.8125,-2.0864,0.3072,GO_GOAL
0.958,-2.8449,-2.0776,0.1684,-2.805,-2.0575,-2.8125,-2.0864,0.307,GO_GOAL
0.978,-2.8429,-2.0773,0.1859,-2.8031,-2.0557,-2.7994,-2.0849,0.3068,GO_GOAL
0.998,-2.8409,-2.077,0.2035,-2.801,-2.0537,-2.7994,-2.0849,0.3065,GO_GOAL
1.018,-2.839,-2.0767,0.221,-2.7989,-2.0516,-2.7994,-2.0849,0.3063,GO_GOAL
1.038,-2.837,-2.0764,0.2385,-2.7969,-2.0494,-2.7994,-2.0849,0.306,GO_GOAL
1.058,-2.8343,-2.0757,0.256,-2.7949,-2.0473,-2.7994,-2.0849,0.3062,GO_GOAL
1.078,-2.8317,-2.075,0.2734,-2.7929,-2.045,-2.7853,-2.082,0.3064,GO_GOAL
1.098,-2.8287,-2.0741,0.2908,-2.7909,-2.0427,-2.7853,-2.082,0.3067,GO_GOAL
1.118,-2.8255,-2.0732,0.3082,-2.7889,-2.0403,-2.7853,-2.082,0.3071,GO_GOAL
1.138,-2.8229,-2.0723,0.3255,-2.7868,-2.0378,-2.7853,-2.082,0.3075,GO_GOAL
1.158,-2.8198,-2.0712,0.3428,-2.7849,-2.0353,-2.7853,-2.082,0.308,GO_GOAL
1.178,-2.817,-2.0702,0.36,-2.7829,-2.0328,-2.7704,-2.0775,0.3086,GO_GOAL
1.198,-2.8138,-2.0691,0.3767,-2.7809,-2.0302,-2.7704,-2.0775,0.3092,GO_GOAL
1.218,-2.8103,-2.0677,0.3929,-2.777,-2.0247,-2.7704,-2.0775,0.3101,GO_GOAL
1.238,-2.807,-2.0663,0.4085,-2.7751,-2.022,-2.7704,-2.0775,0.311,GO_GOAL
1.258,-2.8037,-2.0648,0.4236,-2.7751,-2.022,-2.7704,-2.0775,0.312,GO_GOAL
1.278,-2.8003,-2.0632,0.438,-2.7732,-2.0192,-2.755,-2.0714,0.3132,GO_GOAL
1.298,-2.7968,-2.0615,0.4519,-2.7712,-2.0164,-2.755,-2.0714,0.3145,GO_GOAL
1.318,-2.7933,-2.0598,0.4652,-2.7693,-2.0134,-2.755,-2.0714,0.3158,GO_GOAL
1.338,-2.7899,-2.0581,0.4779,-2.7674,-2.0105,-2.755,-2.0714,0.3172,GO_GOAL
1.358,-2.7865,-2.0563,0.4901,-2.7655,-2.0076,-2.755,-2.0714,0.3186,GO_GOAL
1.378,-2.7832,-2.0545,0.5017,-2.7636,-2.0046,-2.7394,-2.0639,0.3201,GO_GOAL
1.398,-2.78,-2.0527,0.5127,-2.7618,-2.0017,-2.7394,-2.0639,0.3216,GO_GOAL
1.418,-2.7768,-2.0509,0.5231,-2.76,-1.9987,-2.7394,-2.0639,0.3231,GO_GOAL
1.438,-2.7737,-2.0491,0.533,-2.7581,-1.9957,-2.7394,-2.0639,0.3246,GO_GOAL
1.458,-2.7706,-2.0473,0.5423,-2.7564,-1.9927,-2.7394,-2.0639,0.3262,GO_GOAL
1.478,-2.7674,-2.0454,0.551,-2.7528,-1.9866,-2.7242,-2.0554,0.3279,GO_GOAL
1.498,-2.7642,-2.0433,0.5591,-2.7528,-1.9866,-2.7242,-2.0554,0.3297,GO_GOAL
1.518,-2.761,-2.0414,0.5667,-2.751,-1.9835,-2.7242,-2.0554,0.3314,GO_GOAL
1.538,-2.7579,-2.0397,0.5743,-2.7493,-1.9804,-2.7242,-2.0554,0.3329,GO_GOAL
1.558,-2.7549,-2.038,0.5819,-2.7475,-1.9773,-2.7242,-2.0554,0.3344,GO_GOAL
1.578,-2.7518,-2.0363,0.5895,-2.7458,-1.9742,-2.7091,-2.046,0.336,GO_GOAL
1.598,-2.7487,-2.0345,0.597,-2.744,-1.9711,-2.7091,-2.046,0.3375,GO_GOAL
1.618,-2.7457,-2.0328,0.6046,-2.7406,-1.9648,-2.7091,-2.046,0.339,GO_GOAL
1.638,-2.7427,-2.0311,0.6122,-2.7406,-1.9648,-2.7091,-2.046,0.3406,GO_GOAL
1.658,-2.7397,-2.029,0.6197,-2.7389,-1.9617,-2.7091,-2.046,0.3424,GO_GOAL
1.678,-2.7371,-2.027,0.6271,-2.7372,-1.9585,-2.6943,-2.0359,0.3442,GO_GOAL
1.698,-2.734,-2.0249,0.6343,-2.7355,-1.9553,-2.6943,-2.0359,0.3462,GO_GOAL
1.718,-2.731,-2.0227,0.6412,-2.7338,-1.9522,-2.6943,-2.0359,0.3482,GO_GOAL
1.738,-2.7278,-2.0203,0.6475,-2.7321,-1.949,-2.6943,-2.0359,0.3504,GO_GOAL
1.758,-2.7247,-2.0179,0.6532,-2.7304,-1.9458,-2.6943,-2.0359,0.3527,GO_GOAL
1.778,-2.7215,-2.0155,0.6583,-2.7287,-1.9426,-2.6799,-2.0253,0.355,GO_GOAL
1.798,-2.7184,-2.0131,0.6628,-2.7253,-1.9363,-2.6799,-2.0253,0.3573,GO_GOAL
1.818,-2.7154,-2.0107,0.6667,-2.7236,-1.9331,-2.6799,-2.0253,0.3595,GO_GOAL
1.838,-2.7124,-2.0083,0.67,-2.7236,-1.9331,-2.6799,-2.0253,0.3618,GO_GOAL
1.858,-2.7094,-2.0059,0.6727,-2.7219,-1.9299,-2.6799,-2.0253,0.3641,GO_GOAL
1.878,-2.7065,-2.0036,0.6747,-2.7203,-1.9268,-2.6657,-2.0143,0.3664,GO_GOAL
1.898,-2.7036,-2.0013,0.6762,-2.7186,-1.9236,-2.6657,-2.0143,0.3687,GO_GOAL
1.918,-2.7007,-1.999,0.6771,-2.7169,-1.9204,-2.6657,-2.0143,0.371,GO_GOAL
1.938,-2.6979,-1.9967,0.6774,-2.7152,-1.9172,-2.6657,-2.0143,0.3732,GO_GOAL
1.958,-2.6951,-1.9945,0.6774,-2.7135,-1.914,-2.6657,-2.0143,0.3755,GO_GOAL
1.978,-2.6923,-1.9922,0.6774,-2.7118,-1.9109,-2.6516,-2.003,0.3777,GO_GOAL
1.998,-2.6895,-1.99,0.6774,-2.7101,-1.9077,-2.6516,-2.003,0.38,GO_GOAL
2.018,-2.6867,-1.9877,0.6774,-2.7084,-1.9045,-2.6516,-2.003,0.3822,GO_GOAL
2.038,-2.6839,-1.9855,0.6774,-2.7067,-1.9013,-2.6516,-2.003,0.3845,GO_GOAL
2.058,-2.6811,-1.9832,0.6774,-2.705,-1.8982,-2.6516,-2.003,0.3867,GO_GOAL
2.078,-2.6783,-1.981,0.6774,-2.7033,-1.895,-2.6376,-1.9917,0.3889,GO_GOAL
2.098,-2.6754,-1.9789,0.6774,-2.7016,-1.8918,-2.6376,-1.9917,0.3911,GO_GOAL
2.118,-2.6726,-1.9768,0.6774,-2.6999,-1.8886,-2.6376,-1.9917,0.3932,GO_GOAL
2.138,-2.6697,-1.9747,0.6774,-2.6982,-1.8855,-2.6376,-1.9917,0.3953,GO_GOAL
2.158,-2.6669,-1.9725,0.6774,-2.6948,-1.8791,-2.6376,-1.9917,0.3974,GO_GOAL
2.178,-2.6641,-1.9704,0.6774,-2.6948,-1.8791,-2.6236,-1.9804,0.3995,GO_GOAL
2.198,-2.6613,-1.9683,0.6774,-2.6931,-1.8759,-2.6236,-1.9804,0.4017,GO_GOAL
2.218,-2.6584,-1.966,0.6774,-2.6914,-1.8728,-2.6236,-1.9804,0.4039,GO_GOAL
2.238,-2.6556,-1.9637,0.6774,-2.6897,-1.8696,-2.6236,-1.9804,0.4062,GO_GOAL
2.258,-2.6528,-1.9615,0.6774,-2.688,-1.8664,-2.6236,-1.9804,0.4085,GO_GOAL
2.278,-2.65,-1.9592,0.6774,-2.6863,-1.8632,-2.6095,-1.9692,0.4107,GO_GOAL
2.298,-2.6472,-1.957,0.6774,-2.6846,-1.8601,-2.6095,-1.9692,0.413,GO_GOAL
2.318,-2.6444,-1.9547,0.6774,-2.6829,-1.8569,-2.6095,-1.9692,0.4152,GO_GOAL
2.338,-2.6416,-1.9524,0.6774,-2.6813,-1.8537,-2.6095,-1.9692,0.4175,GO_GOAL
2.358,-2.6388,-1.9502,0.6774,-2.6796,-1.8505,-2.6095,-1.9692,0.4198,GO_GOAL
2.378,-2.6358,-1.9478,0.6771,-2.6762,-1.8442,-2.5955,-1.9579,0.4221,GO_GOAL
2.398,-2.6329,-1.9455,0.6762,-2.6762,-1.8442,-2.5955,-1.9579,0.4245,GO_GOAL
2.418,-2.63,-1.9431,0.6747,-2.6728,-1.8379,-2.5955,-1.9579,0.4269,GO_GOAL
2.438,-2.6271,-1.9408,0.6726,-2.6728,-1.8379,-2.5955,-1.9579,0.4293,GO_GOAL
2.458,-2.6242,-1.9385,0.6699,-2.6693,-1.8317,-2.5955,-1.9579,0.4316,GO_GOAL
2.478,-2.6214,-1.9363,0.6666,-2.6676,-1.8286,-2.5815,-1.9467,0.4339,GO_GOAL
2.498,-2.6185,-1.9341,0.6631,-2.6676,-1.8286,-2.5815,-1.9467,0.4362,GO_GOAL
2.518,-2.6157,-1.9319,0.6596,-2.6658,-1.8254,-2.5815,-1.9467,0.4385,GO_GOAL
2.538,-2.6128,-1.9297,0.6561,-2.6641,-1.8223,-2.5815,-1.9467,0.4408,GO_GOAL
2.558,-2.61,-1.9275,0.6527,-2.6623,-1.8192,-2.5815,-1.9467,0.4431,GO_GOAL
2.578,-2.6071,-1.9253,0.6492,-2.6605,-1.8161,-2.5675,-1.9357,0.4454,GO_GOAL
2.598,-2.6043,-1.9231,0.6457,-2.6587,-1.8131,-2.5675,-1.9357,0.4476,GO_GOAL
2.618,-2.6014,-1.921,0.6422,-2.6569,-1.81,-2.5675,-1.9357,0.4499,GO_GOAL
2.638,-2.5985,-1.9189,0.6387,-2.6551,-1.8069,-2.5675,-1.9357,0.4521,GO_GOAL
2.658,-2.5956,-1.9167,0.6352,-2.6532,-1.8038,-2.5675,-1.9357,0.4543,GO_GOAL
2.678,-2.5928,-1.9146,0.6317,-2.6514,-1.8008,-2.5532,-1.9249,0.4565,GO_GOAL
2.698,-2.5899,-1.9125,0.6282,-2.6477,-1.7947,-2.5532,-1.9249,0.4587,GO_GOAL
2.718,-2.5871,-1.9104,0.6247,-2.6477,-1.7947,-2.5532,-1.9249,0.4608,GO_GOAL
2.738,-2.5842,-1.9083,0.6213,-2.6458,-1.7916,-2.5532,-1.9249,0.463,GO_GOAL
2.758,-2.5812,-1.9062,0.6178,-2.6439,-1.7886,-2.5532,-1.9249,0.4652,GO_GOAL
2.778,-2.5783,-1.9042,0.6143,-2.6421,-1.7855,-2.5532,-1.9249,0.4674,GO_GOAL
2.798,-2.5753,-1.9021,0.6108,-2.6401,-1.7825,-2.5532,-1.9249,0.4696,GO_GOAL
2.818,-2.5724,-1.9,0.6073,-2.6382,-1.7795,-2.5388,-1.9144,0.4717,AVOID
2.838,-2.5694,-1.898,0.6038,-2.6363,-1.7765,-2.5388,-1.9144,0.4739,AVOID
2.858,-2.5664,-1.8959,0.6003,-2.6324,-1.7705,-2.5388,-1.9144,0.476,AVOID
2.878,-2.5634,-1.8939,0.5968,-2.6324,-1.7705,-2.5241,-1.9042,0.4781,AVOID
2.898,-2.5604,-1.8919,0.5933,-2.6305,-1.7675,-2.5241,-1.9042,0.4802,AVOID
2.918,-2.5575,-1.8898,0.5898,-2.6265,-1.7615,-2.5241,-1.9042,0.4824,AVOID
2.938,-2.5545,-1.8878,0.5864,-2.6265,-1.7615,-2.5241,-1.9042,0.4844,AVOID
2.958,-2.5515,-1.8859,0.5829,-2.6245,-1.7586,-2.5241,-1.9042,0.4865,AVOID
2.978,-2.5484,-1.8839,0.5794,-2.6226,-1.7556,-2.5093,-1.8942,0.4886,AVOID
2.998,-2.5454,-1.8819,0.5759,-2.6205,-1.7527,-2.5093,-1.8942,0.4907,AVOID
3.018,-2.5424,-1.88,0.5724,-2.6185,-1.7497,-2.5093,-1.8942,0.4927,AVOID
3.038,-2.5394,-1.878,0.5689,-2.6165,-1.7468,-2.5093,-1.8942,0.4947,AVOID
3.058,-2.5363,-1.8761,0.5654,-2.6145,-1.7438,-2.5093,-1.8942,0.4968,AVOID
3.078,-2.5333,-1.8742,0.5619,-2.6124,-1.7409,-2.4913,-1.8826,0.4988,AVOID
3.098,-2.5303,-1.8723,0.5584,-2.6104,-1.738,-2.4913,-1.8826,0.5008,AVOID
3.118,-2.5272,-1.8704,0.5549,-2.6062,-1.7322,-2.4913,-1.8826,0.5028,AVOID
3.138,-2.5242,-1.8685,0.5514,-2.6041,-1.7293,-2.4913,-1.8826,0.5048,AVOID
3.158,-2.5211,-1.8666,0.548,-2.6041,-1.7293,-2.4913,-1.8826,0.5068,AVOID
3.178,-2.5181,-1.8647,0.5445,-2.602,-1.7264,-2.4792,-1.875,0.5088,GO_GOAL
3.198,-2.5151,-1.8628,0.541,-2.5999,-1.7235,-2.4792,-1.875,0.5108,GO_GOAL
3.218,-2.5121,-1.8609,0.5375,-2.5978,-1.7206,-2.4792,-1.875,0.5127,GO_GOAL
3.238,-2.5091,-1.859,0.534,-2.5957,-1.7177,-2.4792,-1.875,0.5147,GO_GOAL
3.258,-2.5062,-1.8572,0.5307,-2.5914,-1.7118,-2.4792,-1.875,0.5166,GO_GOAL
3.278,-2.5032,-1.8555,0.528,-2.5914,-1.7118,-2.4638,-1.8657,0.5184,AVOID
3.298,-2.5002,-1.8537,0.526,-2.5872,-1.706,-2.4638,-1.8657,0.5202,AVOID
3.318,-2.4972,-1.852,0.5244,-2.5872,-1.706,-2.4638,-1.8657,0.522,AVOID
3.338,-2.4941,-1.8502,0.5235,-2.5851,-1.7031,-2.4638,-1.8657,0.5238,AVOID
3.358,-2.491,-1.8484,0.5232,-2.5829,-1.7002,-2.4638,-1.8657,0.5256,AVOID
3.378,-2.4879,-1.8466,0.5232,-2.5808,-1.6973,-2.4482,-1.8567,0.5274,AVOID
3.398,-2.4848,-1.8448,0.5232,-2.5787,-1.6944,-2.4482,-1.8567,0.5292,AVOID
3.418,-2.4817,-1.843,0.5232,-2.5766,-1.6915,-2.4482,-1.8567,0.531,AVOID
3.438,-2.4786,-1.8412,0.5232,-2.5744,-1.6886,-2.4482,-1.8567,0.5328,AVOID
3.458,-2.4754,-1.8394,0.5232,-2.5723,-1.6857,-2.4482,-1.8567,0.5346,AVOID
3.478,-2.4723,-1.8376,0.5232,-2.5702,-1.6827,-2.4326,-1.8477,0.5364,AVOID
3.498,-2.4692,-1.8358,0.5232,-2.5681,-1.6798,-2.4326,-1.8477,0.5382,AVOID
3.518,-2.4661,-1.834,0.5232,-2.566,-1.6769,-2.4326,-1.8477,0.54,AVOID
3.538,-2.463,-1.8322,0.5232,-2.5638,-1.674,-2.4326,-1.8477,0.5418,AVOID
3.558,-2.4599,-1.8304,0.5232,-2.5596,-1.6682,-2.4326,-1.8477,0.5436,AVOID
3.578,-2.4567,-1.8286,0.5232,-2.5596,-1.6682,-2.417,-1.8387,0.5454,AVOID
3.598,-2.4536,-1.8268,0.5232,-2.5575,-1.6653,-2.417,-1.8387,0.5472,AVOID
3.618,-2.4505,-1.8251,0.5232,-2.5532,-1.6595,-2.417,-1.8387,0.549,AVOID
3.638,-2.4474,-1.8233,0.5232,-2.5532,-1.6595,-2.417,-1.8387,0.5508,AVOID
3.658,-2.4444,-1.8214,0.5232,-2.5511,-1.6566,-2.417,-1.8387,0.5526,AVOID
3.678,-2.4413,-1.8196,0.5232,-2.549,-1.6537,-2.4014,-1.8297,0.5544,AVOID
3.698,-2.4382,-1.8178,0.5232,-2.5469,-1.6508,-2.4014,-1.8297,0.5562,AVOID
3.718,-2.4352,-1.816,0.5232,-2.5447,-1.6478,-2.4014,-1.8297,0.558,AVOID
3.738,-2.4321,-1.8142,0.5232,-2.5426,-1.6449,-2.4014,-1.8297,0.5599,AVOID
3.758,-2.429,-1.8124,0.5232,-2.5405,-1.642,-2.4014,-1.8297,0.5617,AVOID
3.778,-2.4259,-1.8106,0.5232,-2.5384,-1.6391,-2.3859,-1.8207,0.5635,AVOID
3.798,-2.4228,-1.8087,0.5232,-2.5341,-1.6333,-2.3859,-1.8207,0.5653,AVOID
3.818,-2.4196,-1.8069,0.5232,-2.5341,-1.6333,-2.3859,-1.8207,0.5671,AVOID
3.838,-2.4165,-1.8051,0.5232,-2.532,-1.6304,-2.3859,-1.8207,0.5689,AVOID
3.858,-2.4134,-1.8033,0.5232,-2.5299,-1.6275,-2.3859,-1.8207,0.5707,AVOID
3.876,-2.4103,-1.8015,0.5232,-2.5278,-1.6246,-2.3703,-1.8117,0.5725,AVOID
3.898,-2.4072,-1.7997,0.5232,-2.5257,-1.6217,-2.3703,-1.8117,0.5743,AVOID
3.918,-2.404,-1.7979,0.5232,-2.5235,-1.6188,-2.3703,-1.8117,0.5761,AVOID
3.938,-2.4009,-1.7961,0.5232,-2.5214,-1.6158,-2.3703,-1.8117,0.5779,AVOID
3.958,-2.3978,-1.7943,0.5232,-2.5193,-1.6129,-2.3703,-1.8117,0.5797,AVOID
3.978,-2.3947,-1.7925,0.5232,-2.5172,-1.61,-2.3547,-1.8027,0.5815,AVOID
3.998,-2.3916,-1.7908,0.5232,-2.5151,-1.6071,-2.3547,-1.8027,0.5833,AVOID
4.018,-2.3885,-1.789,0.5232,-2.5129,-1.6042,-2.3547,-1.8027,0.5851,AVOID
4.038,-2.3853,-1.7872,0.5232,-2.5108,-1.6013,-2.3547,-1.8027,0.5869,AVOID
4.058,-2.3822,-1.7854,0.5232,-2.5087,-1.5984,-2.3547,-1.8027,0.5886,AVOID
4.078,-2.3791,-1.7836,0.5232,-2.5066,-1.5955,-2.3391,-1.7938,0.5871,AVOID
4.098,-2.376,-1.7818,0.5232,-2.5044,-1.5926,-2.3391,-1.7938,0.5841,AVOID
4.118,-2.3729,-1.78,0.5232,-2.5023,-1.5897,-2.3391,-1.7938,0.5811,AVOID
4.138,-2.3698,-1.7782,0.5232,-2.5002,-1.5868,-2.3391,-1.7938,0.5781,AVOID
4.158,-2.3667,-1.7764,0.5232,-2.4981,-1.5838,-2.3391,-1.7938,0.5751,AVOID
4.178,-2.3636,-1.7746,0.5232,-2.496,-1.5809,-2.3235,-1.7848,0.5722,AVOID
4.198,-2.3606,-1.7728,0.5232,-2.4938,-1.578,-2.3235,-1.7848,0.5692,AVOID
4.218,-2.3575,-1.7711,0.5232,-2.4917,-1.5751,-2.3235,-1.7848,0.5663,AVOID
4.238,-2.3544,-1.7693,0.5232,-2.4896,-1.5722,-2.3235,-1.7848,0.5633,AVOID
4.258,-2.3512,-1.7675,0.5232,-2.4875,-1.5693,-2.3235,-1.7848,0.5603,AVOID
4.278,-2.3481,-1.7657,0.5232,-2.4832,-1.5635,-2.3079,-1.7758,0.5573,AVOID
4.298,-2.345,-1.7639,0.5232,-2.4832,-1.5635,-2.3079,-1.7758,0.5543,AVOID
4.318,-2.3419,-1.7621,0.5232,-2.4811,-1.5606,-2.3079,-1.7758,0.5514,AVOID
4.338,-2.3387,-1.7603,0.5232,-2.479,-1.5577,-2.3079,-1.7758,0.5484,AVOID
4.358,-2.3356,-1.7585,0.5232,-2.4769,-1.5548,-2.3079,-1.7758,0.5454,AVOID
4.378,-2.3327,-1.7568,0.5235,-2.4747,-1.5519,-2.3079,-1.7758,0.5427,AVOID
4.398,-2.3298,-1.7551,0.5243,-2.4726,-1.549,-2.3079,-1.7758,0.5399,AVOID
4.418,-2.3268,-1.7534,0.5258,-2.4706,-1.5461,-2.2923,-1.7668,0.5372,GO_GOAL
4.438,-2.3239,-1.7517,0.5279,-2.4685,-1.5432,-2.2923,-1.7668,0.5344,GO_GOAL
4.458,-2.3208,-1.7499,0.5305,-2.4643,-1.5373,-2.2923,-1.7668,0.5316,GO_GOAL
4.478,-2.3178,-1.7481,0.5337,-2.4643,-1.5373,-2.2768,-1.7578,0.5288,GO_GOAL
4.498,-2.3148,-1.7463,0.5372,-2.4603,-1.5315,-2.2768,-1.7578,0.526,GO_GOAL
4.518,-2.3117,-1.7445,0.5407,-2.4603,-1.5315,-2.2768,-1.7578,0.5231,GO_GOAL
4.538,-2.3087,-1.7427,0.5442,-2.4582,-1.5285,-2.2768,-1.7578,0.5203,GO_GOAL
4.558,-2.3057,-1.7408,0.5477,-2.4562,-1.5256,-2.2768,-1.7578,0.5175,GO_GOAL
4.578,-2.3025,-1.7389,0.5509,-2.4542,-1.5226,-2.2615,-1.7486,0.5145,GO_GOAL
4.598,-2.2993,-1.7369,0.554,-2.4522,-1.5197,-2.2615,-1.7486,0.5114,GO_GOAL
4.618,-2.2961,-1.7349,0.5572,-2.4502,-1.5167,-2.2615,-1.7486,0.5084,GO_GOAL
4.638,-2.2929,-1.7329,0.5603,-2.4481,-1.5137,-2.2615,-1.7486,0.5054,GO_GOAL
4.658,-2.2898,-1.731,0.5634,-2.4461,-1.5107,-2.2615,-1.7486,0.5024,GO_GOAL
4.678,-2.2866,-1.729,0.5664,-2.4421,-1.5047,-2.2462,-1.7392,0.4993,GO_GOAL
4.698,-2.2834,-1.7269,0.569,-2.4421,-1.5047,-2.2462,-1.7392,0.4963,GO_GOAL
4.718,-2.2802,-1.7249,0.571,-2.4401,-1.5018,-2.2462,-1.7392,0.4932,GO_GOAL
4.738,-2.2771,-1.7229,0.5724,-2.438,-1.4988,-2.2462,-1.7392,0.4902,GO_GOAL
4.758,-2.274,-1.7209,0.5732,-2.436,-1.4958,-2.2462,-1.7392,0.4872,GO_GOAL
4.778,-2.271,-1.7189,0.5734,-2.434,-1.4928,-2.231,-1.7295,0.4843,GO_GOAL
4.798,-2.2679,-1.717,0.5734,-2.432,-1.4898,-2.231,-1.7295,0.4813,GO_GOAL
4.818,-2.2649,-1.715,0.5734,-2.43,-1.4869,-2.231,-1.7295,0.4784,GO_GOAL
4.838,-2.2619,-1.7131,0.5734,-2.428,-1.4839,-2.231,-1.7295,0.4755,GO_GOAL
4.858,-2.2589,-1.7111,0.5734,-2.4259,-1.4809,-2.231,-1.7295,0.4725,GO_GOAL
4.878,-2.2558,-1.7092,0.5734,-2.4239,-1.4779,-2.2159,-1.7197,0.4696,GO_GOAL
4.898,-2.2528,-1.7072,0.5734,-2.4219,-1.4749,-2.2159,-1.7197,0.4667,GO_GOAL
4.918,-2.2498,-1.7053,0.5734,-2.4199,-1.472,-2.2159,-1.7197,0.4638,GO_GOAL
4.938,-2.2468,-1.7033,0.5734,-2.4179,-1.469,-2.2159,-1.7197,0.4609,GO_GOAL
4.958,-2.2438,-1.7014,0.5734,-2.4158,-1.466,-2.2159,-1.7197,0.458,GO_GOAL
4.978,-2.2407,-1.6994,0.5734,-2.4138,-1.463,-2.2008,-1.7099,0.4551,GO_GOAL
4.998,-2.2377,-1.6975,0.5734,-2.4118,-1.46,-2.2008,-1.7099,0.4522,GO_GOAL
5.018,-2.2347,-1.6955,0.5734,-2.4098,-1.4571,-2.2008,-1.7099,0.4494,GO_GOAL
5.038,-2.2317,-1.6936,0.5734,-2.4078,-1.4541,-2.2008,-1.7099,0.4465,GO_GOAL
5.058,-2.2286,-1.6917,0.5734,-2.4058,-1.4511,-2.2008,-1.7099,0.4437,GO_GOAL
5.078,-2.2256,-1.6898,0.5734,-2.4037,-1.4481,-2.1857,-1.7002,0.4409,GO_GOAL
5.098,-2.2226,-1.6879,0.5734,-2.4017,-1.4451,-2.1857,-1.7002,0.438,GO_GOAL
5.118,-2.2196,-1.686,0.5734,-2.3997,-1.4421,-2.1857,-1.7002,0.4352,GO_GOAL
5.138,-2.2165,-1.684,0.5734,-2.3977,-1.4392,-2.1857,-1.7002,0.4324,GO_GOAL
5.158,-2.2135,-1.682,0.5734,-2.3957,-1.4362,-2.1857,-1.7002,0.4296,GO_GOAL
5.178,-2.2105,-1.6801,0.5734,-2.3936,-1.4332,-2.1706,-1.6904,0.4267,GO_GOAL
5.198,-2.2074,-1.6781,0.5734,-2.3916,-1.4302,-2.1706,-1.6904,0.4239,GO_GOAL
5.218,-2.2044,-1.6762,0.5734,-2.3896,-1.4272,-2.1706,-1.6904,0.4211,GO_GOAL
5.238,-2.2014,-1.6742,0.5734,-2.3876,-1.4243,-2.1706,-1.6904,0.4183,GO_GOAL
5.258,-2.1984,-1.6723,0.5734,-2.3836,-1.4183,-2.1706,-1.6904,0.4155,GO_GOAL
5.278,-2.1953,-1.6703,0.5734,-2.3836,-1.4183,-2.1555,-1.6806,0.4127,GO_GOAL
5.298,-2.1923,-1.6684,0.5734,-2.3815,-1.4153,-2.1555,-1.6806,0.4099,GO_GOAL
5.318,-2.1893,-1.6664,0.5734,-2.3795,-1.4123,-2.1555,-1.6806,0.4071,GO_GOAL
5.338,-2.1863,-1.6645,0.5734,-2.3775,-1.4094,-2.1555,-1.6806,0.4044,GO_GOAL
5.358,-2.1832,-1.6625,0.5734,-2.3755,-1.4064,-2.1555,-1.6806,0.4016,GO_GOAL
5.378,-2.1802,-1.6605,0.5734,-2.3735,-1.4034,-2.1403,-1.6708,0.3988,GO_GOAL
5.398,-2.1772,-1.6586,0.5734,-2.3714,-1.4004,-2.1403,-1.6708,0.3961,GO_GOAL
5.418,-2.1742,-1.6567,0.5734,-2.3694,-1.3974,-2.1403,-1.6708,0.3934,GO_GOAL
5.438,-2.1712,-1.6547,0.5734,-2.3674,-1.3945,-2.1403,-1.6708,0.3906,GO_GOAL
5.456,-2.1681,-1.6528,0.5734,-2.3654,-1.3915,-2.1403,-1.6708,0.3879,GO_GOAL
5.478,-2.1651,-1.6508,0.5734,-2.3614,-1.3855,-2.1222,-1.6591,0.3852,GO_GOAL
5.498,-2.1621,-1.6489,0.5734,-2.3614,-1.3855,-2.1222,-1.6591,0.3825,GO_GOAL
5.518,-2.1591,-1.647,0.5734,-2.3593,-1.3825,-2.1222,-1.6591,0.3799,GO_GOAL
5.538,-2.1562,-1.645,0.5734,-2.3573,-1.3795,-2.1222,-1.6591,0.3772,GO_GOAL
5.558,-2.1531,-1.6431,0.5734,-2.3553,-1.3766,-2.1222,-1.6591,0.3745,GO_GOAL
5.578,-2.1501,-1.6411,0.5734,-2.3533,-1.3736,-2.1101,-1.6513,0.3719,GO_GOAL
5.598,-2.1471,-1.6392,0.5734,-2.3492,-1.3676,-2.1101,-1.6513,0.3692,GO_GOAL
5.618,-2.144,-1.6372,0.5734,-2.3492,-1.3676,-2.1101,-1.6513,0.3665,GO_GOAL
5.638,-2.141,-1.6353,0.5734,-2.3472,-1.3646,-2.1101,-1.6513,0.3639,GO_GOAL
5.658,-2.138,-1.6333,0.5734,-2.3452,-1.3617,-2.1101,-1.6513,0.3612,GO_GOAL
5.678,-2.135,-1.6313,0.5734,-2.3432,-1.3587,-2.095,-1.6415,0.3586,GO_GOAL
5.698,-2.1319,-1.6294,0.5734,-2.3412,-1.3557,-2.095,-1.6415,0.356,GO_GOAL
5.718,-2.1289,-1.6274,0.5734,-2.3391,-1.3527,-2.095,-1.6415,0.3534,GO_GOAL
5.738,-2.1259,-1.6255,0.5734,-2.3371,-1.3497,-2.095,-1.6415,0.3508,GO_GOAL
5.758,-2.1229,-1.6235,0.5734,-2.3351,-1.3468,-2.095,-1.6415,0.3482,GO_GOAL
5.778,-2.1198,-1.6216,0.5734,-2.3331,-1.3438,-2.0799,-1.6317,0.3456,GO_GOAL
5.798,-2.1168,-1.6196,0.5734,-2.3291,-1.3378,-2.0799,-1.6317,0.343,GO_GOAL
5.818,-2.1138,-1.6177,0.5734,-2.3291,-1.3378,-2.0799,-1.6317,0.3404,GO_GOAL
5.838,-2.1108,-1.6157,0.5734,-2.327,-1.3348,-2.0799,-1.6317,0.3379,GO_GOAL
5.858,-2.1078,-1.6138,0.5734,-2.325,-1.3319,-2.0799,-1.6317,0.3354,GO_GOAL
5.878,-2.1048,-1.6118,0.5734,-2.323,-1.3289,-2.0648,-1.622,0.3328,GO_GOAL
5.898,-2.1018,-1.6099,0.5734,-2.319,-1.3229,-2.0648,-1.622,0.3303,GO_GOAL
5.918,-2.0988,-1.608,0.5734,-2.319,-1.3229,-2.0648,-1.622,0.3278,GO_GOAL
5.938,-2.0958,-1.606,0.5734,-2.3149,-1.3169,-2.0648,-1.622,0.3254,GO_GOAL
5.958,-2.0928,-1.6041,0.5734,-2.3149,-1.3169,-2.0497,-1.6122,0.3229,GO_GOAL
5.978,-2.0897,-1.6021,0.5734,-2.3129,-1.314,-2.0497,-1.6122,0.3204,GO_GOAL
5.998,-2.0867,-1.6002,0.5734,-2.3109,-1.311,-2.0497,-1.6122,0.3179,GO_GOAL
6.018,-2.0837,-1.5982,0.5734,-2.3089,-1.308,-2.0497,-1.6122,0.3154,GO_GOAL
6.038,-2.0807,-1.5963,0.5734,-2.3069,-1.305,-2.0497,-1.6122,0.313,GO_GOAL
6.058,-2.0776,-1.5943,0.5734,-2.3048,-1.302,-2.0497,-1.6122,0.3105,GO_GOAL
6.078,-2.0746,-1.5924,0.5734,-2.3008,-1.2961,-2.0345,-1.6024,0.3081,GO_GOAL
6.098,-2.0716,-1.5904,0.5734,-2.2988,-1.2931,-2.0345,-1.6024,0.3057,GO_GOAL
6.118,-2.0686,-1.5885,0.5734,-2.2988,-1.2931,-2.0345,-1.6024,0.3033,GO_GOAL
6.138,-2.0655,-1.5865,0.5734,-2.2968,-1.2901,-2.0345,-1.6024,0.3009,GO_GOAL
6.158,-2.0625,-1.5846,0.5734,-2.2947,-1.2871,-2.0345,-1.6024,0.2985,GO_GOAL
6.178,-2.0595,-1.5826,0.5734,-2.2927,-1.2842,-2.0194,-1.5926,0.2962,GO_GOAL
6.198,-2.0565,-1.5807,0.5734,-2.2907,-1.2812,-2.0194,-1.5926,0.2938,GO_GOAL
6.218,-2.0535,-1.5787,0.5734,-2.2867,-1.2752,-2.0194,-1.5926,0.2915,GO_GOAL
6.238,-2.0504,-1.5768,0.5734,-2.2867,-1.2752,-2.0194,-1.5926,0.2891,GO_GOAL
6.258,-2.0474,-1.5748,0.5734,-2.2847,-1.2722,-2.0194,-1.5926,0.2868,GO_GOAL
6.278,-2.0444,-1.5729,0.5734,-2.2826,-1.2693,-2.0043,-1.5829,0.2845,GO_GOAL
6.298,-2.0414,-1.5709,0.5734,-2.2806,-1.2663,-2.0043,-1.5829,0.2822,GO_GOAL
6.318,-2.0384,-1.569,0.5734,-2.2786,-1.2633,-2.0043,-1.5829,0.28,GO_GOAL
6.338,-2.0354,-1.5671,0.5734,-2.2766,-1.2603,-2.0043,-1.5829,0.2777,GO_GOAL
6.358,-2.0324,-1.5651,0.5734,-2.2746,-1.2573,-2.0043,-1.5829,0.2755,GO_GOAL
6.378,-2.0294,-1.5632,0.5734,-2.2725,-1.2543,-1.9892,-1.5731,0.2732,GO_GOAL
6.398,-2.0263,-1.5612,0.5734,-2.2705,-1.2514,-1.9892,-1.5731,0.271,GO_GOAL
6.418,-2.0233,-1.5592,0.5734,-2.2685,-1.2484,-1.9892,-1.5731,0.2688,GO_GOAL
6.438,-2.0203,-1.5573,0.5734,-2.2645,-1.2424,-1.9892,-1.5731,0.2666,GO_GOAL
6.458,-2.0173,-1.5553,0.5734,-2.2645,-1.2424,-1.9892,-1.5731,0.2644,GO_GOAL
6.478,-2.0142,-1.5534,0.5734,-2.2625,-1.2394,-1.9741,-1.5633,0.2622,GO_GOAL
6.498,-2.0112,-1.5514,0.5734,-2.2604,-1.2365,-1.9741,-1.5633,0.2601,GO_GOAL
6.518,-2.0082,-1.5495,0.5734,-2.2584,-1.2335,-1.9741,-1.5633,0.2579,GO_GOAL
6.538,-2.0052,-1.5475,0.5734,-2.2564,-1.2305,-1.9741,-1.5633,0.2558,GO_GOAL
6.558,-2.0021,-1.5456,0.5734,-2.2544,-1.2275,-1.9741,-1.5633,0.2537,GO_GOAL
6.578,-1.9991,-1.5436,0.5734,-2.2524,-1.2245,-1.959,-1.5535,0.2516,GO_GOAL
6.598,-1.9961,-1.5417,0.5734,-2.2503,-1.2216,-1.959,-1.5535,0.2495,GO_GOAL
6.618,-1.9931,-1.5397,0.5734,-2.2483,-1.2186,-1.959,-1.5535,0.2474,GO_GOAL
6.638,-1.9901,-1.5378,0.5734,-2.2463,-1.2156,-1.959,-1.5535,0.2454,GO_GOAL
6.658,-1.9871,-1.5358,0.5734,-2.2443,-1.2126,-1.959,-1.5535,0.2434,GO_GOAL
6.678,-1.9841,-1.5339,0.5734,-2.2423,-1.2096,-1.9439,-1.5438,0.2414,GO_GOAL
6.698,-1.9811,-1.532,0.5734,-2.2402,-1.2067,-1.9439,-1.5438,0.2394,GO_GOAL
6.718,-1.9781,-1.53,0.5734,-2.2362,-1.2007,-1.9439,-1.5438,0.2374,GO_GOAL
6.738,-1.975,-1.5281,0.5734,-2.2362,-1.2007,-1.9439,-1.5438,0.2354,GO_GOAL
6.758,-1.972,-1.5261,0.5734,-2.2342,-1.1977,-1.9439,-1.5438,0.2335,GO_GOAL
6.778,-1.969,-1.5242,0.5734,-2.2322,-1.1947,-1.9287,-1.534,0.2315,GO_GOAL
6.798,-1.966,-1.5222,0.5734,-2.2302,-1.1917,-1.9287,-1.534,0.2296,GO_GOAL
6.818,-1.9629,-1.5203,0.5734,-2.2281,-1.1888,-1.9287,-1.534,0.2277,GO_GOAL
6.838,-1.9599,-1.5183,0.5734,-2.2261,-1.1858,-1.9287,-1.534,0.2258,GO_GOAL
6.858,-1.9569,-1.5163,0.5734,-2.2241,-1.1828,-1.9287,-1.534,0.224,GO_GOAL
6.878,-1.9539,-1.5144,0.5734,-2.2201,-1.1768,-1.9136,-1.5242,0.2221,GO_GOAL
6.898,-1.9508,-1.5124,0.5734,-2.2201,-1.1768,-1.9136,-1.5242,0.2203,GO_GOAL
6.918,-1.9478,-1.5105,0.5734,-2.218,-1.1739,-1.9136,-1.5242,0.2185,GO_GOAL
6.938,-1.9448,-1.5085,0.5734,-2.216,-1.1709,-1.9136,-1.5242,0.2167,GO_GOAL
6.958,-1.9418,-1.5066,0.5734,-2.214,-1.1679,-1.9136,-1.5242,0.2149,GO_GOAL
6.978,-1.9388,-1.5046,0.5734,-2.212,-1.1649,-1.8985,-1.5144,0.2131,GO_GOAL
6.998,-1.9357,-1.5027,0.5734,-2.21,-1.1619,-1.8985,-1.5144,0.2114,GO_GOAL
7.018,-1.9327,-1.5008,0.5734,-2.208,-1.159,-1.8985,-1.5144,0.2097,GO_GOAL
7.038,-1.9297,-1.4988,0.5734,-2.2059,-1.156,-1.8985,-1.5144,0.208,GO_GOAL
7.058,-1.9267,-1.4969,0.5734,-2.2039,-1.153,-1.8834,-1.5047,0.2063,GO_GOAL
7.078,-1.9237,-1.4949,0.5734,-2.2019,-1.15,-1.8834,-1.5047,0.2047,GO_GOAL
7.098,-1.9207,-1.493,0.5734,-2.1979,-1.1441,-1.8834,-1.5047,0.203,GO_GOAL
7.118,-1.9177,-1.491,0.5734,-2.1979,-1.1441,-1.8834,-1.5047,0.2014,GO_GOAL
7.138,-1.9146,-1.4891,0.5734,-2.1958,-1.1411,-1.8834,-1.5047,0.1998,GO_GOAL
7.158,-1.9116,-1.4871,0.5734,-2.1938,-1.1381,-1.8834,-1.5047,0.1982,GO_GOAL
7.178,-1.9086,-1.4852,0.5734,-2.1918,-1.1351,-1.8683,-1.4949,0.1966,GO_GOAL
7.198,-1.9056,-1.4832,0.5734,-2.1898,-1.1321,-1.8683,-1.4949,0.1951,GO_GOAL
7.218,-1.9025,-1.4813,0.5734,-2.1878,-1.1291,-1.8683,-1.4949,0.1936,GO_GOAL
7.238,-1.8995,-1.4793,0.5734,-2.1858,-1.1262,-1.8683,-1.4949,0.1921,GO_GOAL
7.258,-1.8965,-1.4774,0.5734,-2.1837,-1.1232,-1.8683,-1.4949,0.1906,GO_GOAL
7.278,-1.8935,-1.4754,0.5734,-2.1817,-1.1202,-1.8532,-1.4851,0.1892,GO_GOAL
7.298,-1.8905,-1.4735,0.5734,-2.1797,-1.1172,-1.8532,-1.4851,0.1877,GO_GOAL
7.318,-1.8874,-1.4715,0.5734,-2.1777,-1.1142,-1.8532,-1.4851,0.1863,GO_GOAL
7.338,-1.8844,-1.4696,0.5734,-2.1757,-1.1113,-1.8532,-1.4851,0.1849,GO_GOAL
7.358,-1.8814,-1.4676,0.5734,-2.1736,-1.1083,-1.8532,-1.4851,0.1836,GO_GOAL
7.378,-1.8784,-1.4657,0.5734,-2.1716,-1.1053,-1.8381,-1.4753,0.1822,GO_GOAL
7.398,-1.8754,-1.4637,0.5734,-2.1696,-1.1023,-1.8381,-1.4753,0.1809,GO_GOAL
7.418,-1.8724,-1.4618,0.5734,-2.1676,-1.0993,-1.8381,-1.4753,0.1796,GO_GOAL
7.438,-1.8694,-1.4598,0.5734,-2.1656,-1.0964,-1.8381,-1.4753,0.1783,GO_GOAL
7.458,-1.8664,-1.4579,0.5734,-2.1636,-1.0934,-1.8381,-1.4753,0.1771,GO_GOAL
7.478,-1.8633,-1.4559,0.5734,-2.1595,-1.0874,-1.8229,-1.4656,0.1759,GO_GOAL
7.498,-1.8603,-1.454,0.5734,-2.1595,-1.0874,-1.8229,-1.4656,0.1746,GO_GOAL
7.518,-1.8573,-1.452,0.5734,-2.1575,-1.0844,-1.8229,-1.4656,0.1735,GO_GOAL
7.538,-1.8543,-1.4501,0.5734,-2.1555,-1.0815,-1.8229,-1.4656,0.1723,GO_GOAL
7.558,-1.8512,-1.4481,0.5734,-2.1535,-1.0785,-1.8229,-1.4656,0.1712,GO_GOAL
7.578,-1.8482,-1.4462,0.5734,-2.1514,-1.0755,-1.8078,-1.4558,0.1701,GO_GOAL
7.598,-1.8452,-1.4442,0.5734,-2.1474,-1.0695,-1.8078,-1.4558,0.169,GO_GOAL
7.616,-1.8422,-1.4423,0.5734,-2.1474,-1.0695,-1.8078,-1.4558,0.1679,GO_GOAL
7.638,-1.8391,-1.4403,0.5734,-2.1454,-1.0665,-1.8078,-1.4558,0.1669,GO_GOAL
7.658,-1.8361,-1.4384,0.5734,-2.1434,-1.0636,-1.8078,-1.4558,0.1659,GO_GOAL
7.678,-1.8331,-1.4364,0.5734,-2.1413,-1.0606,-1.7927,-1.446,0.1649,GO_GOAL
7.698,-1.8301,-1.4345,0.5734,-2.1393,-1.0576,-1.7927,-1.446,0.1639,GO_GOAL
7.718,-1.8271,-1.4325,0.5734,-2.1353,-1.0516,-1.7927,-1.446,0.163,GO_GOAL
7.738,-1.8241,-1.4306,0.5734,-2.1353,-1.0516,-1.7927,-1.446,0.1621,GO_GOAL
7.758,-1.8211,-1.4286,0.5734,-2.1333,-1.0487,-1.7927,-1.446,0.1612,GO_GOAL
7.778,-1.818,-1.4267,0.5734,-2.1313,-1.0457,-1.7776,-1.4362,0.1603,GO_GOAL
7.798,-1.815,-1.4247,0.5734,-2.1292,-1.0427,-1.7776,-1.4362,0.1595,GO_GOAL
7.818,-1.812,-1.4228,0.5734,-2.1272,-1.0397,-1.7776,-1.4362,0.1587,GO_GOAL
7.838,-1.809,-1.4208,0.5734,-2.1252,-1.0367,-1.7776,-1.4362,0.1579,GO_GOAL
7.858,-1.8059,-1.4189,0.5734,-2.1232,-1.0338,-1.7776,-1.4362,0.1572,GO_GOAL
7.878,-1.8029,-1.4169,0.5734,-2.1191,-1.0278,-1.7625,-1.4265,0.1564,GO_GOAL
7.898,-1.7999,-1.415,0.5734,-2.1191,-1.0278,-1.7625,-1.4265,0.1557,GO_GOAL
7.918,-1.7969,-1.413,0.5734,-2.1171,-1.0248,-1.7625,-1.4265,0.1551,GO_GOAL
7.938,-1.7939,-1.4111,0.5734,-2.1151,-1.0218,-1.7625,-1.4265,0.1544,GO_GOAL
7.958,-1.7908,-1.4091,0.5734,-2.1131,-1.0189,-1.7625,-1.4265,0.1538,GO_GOAL
7.978,-1.7878,-1.4072,0.5734,-2.1111,-1.0159,-1.7474,-1.4167,0.1532,GO_GOAL
7.998,-1.7848,-1.4052,0.5734,-2.1091,-1.0129,-1.7474,-1.4167,0.1526,GO_GOAL
8.018,-1.7818,-1.4033,0.5734,-2.107,-1.0099,-1.7474,-1.4167,0.1521,GO_GOAL
8.038,-1.7788,-1.4013,0.5734,-2.105,-1.0069,-1.7474,-1.4167,0.1516,GO_GOAL
8.058,-1.7758,-1.3994,0.5734,-2.103,-1.0039,-1.7474,-1.4167,0.1511,GO_GOAL
8.078,-1.7728,-1.3974,0.5734,-2.099,-0.998,-1.7323,-1.4069,0.1507,GO_GOAL
8.098,-1.7697,-1.3955,0.5734,-2.099,-0.998,-1.7323,-1.4069,0.1502,GO_GOAL
8.118,-1.7667,-1.3935,0.5734,-2.0969,-0.995,-1.7323,-1.4069,0.1498,GO_GOAL
8.138,-1.7637,-1.3916,0.5734,-2.0929,-0.989,-1.7323,-1.4069,0.1495,GO_GOAL
8.158,-1.7607,-1.3896,0.5734,-2.0929,-0.989,-1.7323,-1.4069,0.1491,GO_GOAL
8.178,-1.7576,-1.3877,0.5734,-2.0909,-0.9861,-1.7171,-1.3971,0.1488,GO_GOAL
8.198,-1.7546,-1.3857,0.5734,-2.0889,-0.9831,-1.7171,-1.3971,0.1485,GO_GOAL
8.218,-1.7516,-1.3838,0.5734,-2.0869,-0.9801,-1.7171,-1.3971,0.1482,GO_GOAL
8.238,-1.7486,-1.3818,0.5734,-2.0848,-0.9771,-1.7171,-1.3971,0.148,GO_GOAL
8.258,-1.7455,-1.3799,0.5734,-2.0828,-0.9741,-1.7171,-1.3971,0.1478,GO_GOAL
8.278,-1.7425,-1.3779,0.5734,-2.0808,-0.9712,-1.702,-1.3874,0.1476,GO_GOAL
8.298,-1.7395,-1.376,0.5734,-2.0788,-0.9682,-1.702,-1.3874,0.1475,GO_GOAL
8.318,-1.7365,-1.374,0.5734,-2.0747,-0.9622,-1.702,-1.3874,0.1474,GO_GOAL
8.338,-1.7335,-1.3721,0.5734,-2.0747,-0.9622,-1.702,-1.3874,0.1473,GO_GOAL
8.358,-1.7305,-1.3701,0.5734,-2.0727,-0.9592,-1.702,-1.3874,0.1472,GO_GOAL
8.378,-1.7275,-1.3682,0.5734,-2.0707,-0.9563,-1.6869,-1.3776,0.1472,GO_GOAL
8.398,-1.7244,-1.3662,0.5734,-2.0687,-0.9533,-1.6869,-1.3776,0.1472,GO_GOAL
8.418,-1.7214,-1.3643,0.5734,-2.0667,-0.9503,-1.6869,-1.3776,0.1472,GO_GOAL
8.438,-1.7184,-1.3623,0.5734,-2.0647,-0.9473,-1.6869,-1.3776,0.1472,GO_GOAL
8.458,-1.7154,-1.3604,0.5734,-2.0626,-0.9443,-1.6869,-1.3776,0.1473,GO_GOAL
8.478,-1.7123,-1.3584,0.5734,-2.0606,-0.9413,-1.6718,-1.3678,0.1474,GO_GOAL
8.498,-1.7093,-1.3565,0.5734,-2.0586,-0.9384,-1.6718,-1.3678,0.1475,GO_GOAL
8.518,-1.7063,-1.3545,0.5734,-2.0566,-0.9354,-1.6718,-1.3678,0.1477,GO_GOAL
8.538,-1.7033,-1.3526,0.5734,-2.0546,-0.9324,-1.6718,-1.3678,0.1479,GO_GOAL
8.558,-1.7003,-1.3506,0.5734,-2.0525,-0.9294,-1.6718,-1.3678,0.1481,GO_GOAL
8.578,-1.6972,-1.3487,0.5734,-2.0505,-0.9264,-1.6567,-1.358,0.1484,GO_GOAL
8.598,-1.6942,-1.3467,0.5734,-2.0485,-0.9235,-1.6567,-1.358,0.1486,GO_GOAL
8.618,-1.6912,-1.3448,0.5734,-2.0465,-0.9205,-1.6567,-1.358,0.1489,GO_GOAL
8.638,-1.6882,-1.3428,0.5734,-2.0445,-0.9175,-1.6567,-1.358,0.1493,GO_GOAL
8.658,-1.6852,-1.3409,0.5734,-2.0424,-0.9145,-1.6567,-1.358,0.1496,GO_GOAL
8.678,-1.6822,-1.3389,0.5734,-2.0404,-0.9115,-1.6416,-1.3483,0.15,GO_GOAL
8.698,-1.6791,-1.337,0.5734,-2.0384,-0.9086,-1.6416,-1.3483,0.1504,GO_GOAL
8.718,-1.6761,-1.335,0.5734,-2.0364,-0.9056,-1.6416,-1.3483,0.1509,GO_GOAL
8.738,-1.6731,-1.3331,0.5734,-2.0344,-0.9026,-1.6416,-1.3483,0.1513,GO_GOAL
8.758,-1.6701,-1.3311,0.5734,-2.0324,-0.8996,-1.6416,-1.3483,0.1518,GO_GOAL
8.778,-1.667,-1.3292,0.5734,-2.0303,-0.8966,-1.6265,-1.3385,0.1523,GO_GOAL
8.798,-1.664,-1.3272,0.5734,-2.0283,-0.8937,-1.6265,-1.3385,0.1529,GO_GOAL
8.818,-1.661,-1.3253,0.5734,-2.0263,-0.8907,-1.6265,-1.3385,0.1535,GO_GOAL
8.838,-1.658,-1.3233,0.5734,-2.0243,-0.8877,-1.6265,-1.3385,0.1541,GO_GOAL
8.858,-1.655,-1.3214,0.5734,-2.0223,-0.8847,-1.6265,-1.3385,0.1547,GO_GOAL
8.878,-1.652,-1.3194,0.5734,-2.0202,-0.8817,-1.6113,-1.3287,0.1554,GO_GOAL
8.898,-1.649,-1.3175,0.5734,-2.0162,-0.8758,-1.6113,-1.3287,0.1561,GO_GOAL
8.918,-1.6459,-1.3155,0.5734,-2.0162,-0.8758,-1.6113,-1.3287,0.1568,GO_GOAL
8.938,-1.6429,-1.3136,0.5734,-2.0142,-0.8728,-1.6113,-1.3287,0.1575,GO_GOAL
8.958,-1.6399,-1.3116,0.5734,-2.0122,-0.8698,-1.6113,-1.3287,0.1583,GO_GOAL
8.978,-1.6368,-1.3097,0.5734,-2.0102,-0.8668,-1.5962,-1.3189,0.1591,GO_GOAL
8.998,-1.6338,-1.3077,0.5734,-2.0061,-0.8609,-1.5962,-1.3189,0.1599,GO_GOAL
9.018,-1.6308,-1.3058,0.5734,-2.0061,-0.8609,-1.5962,-1.3189,0.1607,GO_GOAL
9.038,-1.6278,-1.3038,0.5734,-2.0041,-0.8579,-1.5962,-1.3189,0.1616,GO_GOAL
9.058,-1.6248,-1.3019,0.5734,-2.0021,-0.8549,-1.5962,-1.3189,0.1625,GO_GOAL
9.078,-1.6217,-1.2999,0.5734,-2.0001,-0.8519,-1.5811,-1.3092,0.1634,GO_GOAL
9.098,-1.6187,-1.298,0.5734,-1.998,-0.8489,-1.5811,-1.3092,0.1644,GO_GOAL
9.118,-1.6157,-1.296,0.5734,-1.996,-0.846,-1.5811,-1.3092,0.1653,GO_GOAL
9.138,-1.6127,-1.2941,0.5734,-1.994,-0.843,-1.5811,-1.3092,0.1663,GO_GOAL
9.158,-1.6097,-1.2921,0.5734,-1.992,-0.84,-1.5811,-1.3092,0.1674,GO_GOAL
9.178,-1.6067,-1.2902,0.5734,-1.99,-0.837,-1.566,-1.2994,0.1684,GO_GOAL
9.198,-1.6036,-1.2882,0.5734,-1.988,-0.834,-1.566,-1.2994,0.1695,GO_GOAL
9.218,-1.6006,-1.2863,0.5734,-1.9859,-0.831,-1.566,-1.2994,0.1706,GO_GOAL
9.238,-1.5976,-1.2843,0.5734,-1.9839,-0.8281,-1.566,-1.2994,0.1717,GO_GOAL
9.258,-1.5946,-1.2824,0.5734,-1.9799,-0.8221,-1.566,-1.2994,0.1728,GO_GOAL
9.278,-1.5915,-1.2804,0.5734,-1.9799,-0.8221,-1.5509,-1.2896,0.174,GO_GOAL
9.298,-1.5885,-1.2785,0.5734,-1.9779,-0.8191,-1.5509,-1.2896,0.1752,GO_GOAL
9.318,-1.5855,-1.2765,0.5734,-1.9758,-0.8161,-1.5509,-1.2896,0.1764,GO_GOAL
9.338,-1.5825,-1.2746,0.5734,-1.9738,-0.8132,-1.5509,-1.2896,0.1777,GO_GOAL
9.358,-1.5795,-1.2726,0.5734,-1.9718,-0.8102,-1.5509,-1.2896,0.1789,GO_GOAL
9.378,-1.5765,-1.2707,0.5734,-1.9698,-0.8072,-1.5358,-1.2798,0.1802,GO_GOAL
9.398,-1.5734,-1.2687,0.5734,-1.9678,-0.8042,-1.5358,-1.2798,0.1815,GO_GOAL
9.418,-1.5704,-1.2668,0.5734,-1.9657,-0.8012,-1.5358,-1.2798,0.1828,GO_GOAL
9.438,-1.5674,-1.2648,0.5734,-1.9637,-0.7983,-1.5358,-1.2798,0.1842,GO_GOAL
9.458,-1.5644,-1.2629,0.5734,-1.9597,-0.7923,-1.5207,-1.2701,0.1856,GO_GOAL
9.478,-1.5613,-1.2609,0.5734,-1.9597,-0.7923,-1.5207,-1.2701,0.187,GO_GOAL
9.498,-1.5583,-1.259,0.5734,-1.9577,-0.7893,-1.5207,-1.2701,0.1884,GO_GOAL
9.518,-1.5553,-1.257,0.5734,-1.9557,-0.7863,-1.5207,-1.2701,0.1899,GO_GOAL
9.538,-1.5523,-1.2551,0.5734,-1.9516,-0.7804,-1.5207,-1.2701,0.1913,GO_GOAL
9.558,-1.5492,-1.2531,0.5734,-1.9516,-0.7804,-1.5207,-1.2701,0.1928,GO_GOAL
9.578,-1.5462,-1.2512,0.5734,-1.9496,-0.7774,-1.5055,-1.2603,0.1943,GO_GOAL
9.598,-1.5432,-1.2492,0.5734,-1.9456,-0.7714,-1.5055,-1.2603,0.1958,GO_GOAL
9.618,-1.5402,-1.2473,0.5734,-1.9456,-0.7714,-1.5055,-1.2603,0.1974,GO_GOAL
9.638,-1.5372,-1.2453,0.5734,-1.9435,-0.7684,-1.5055,-1.2603,0.199,GO_GOAL
9.658,-1.5342,-1.2434,0.5734,-1.9415,-0.7655,-1.5055,-1.2603,0.2005,GO_GOAL
9.678,-1.5311,-1.2414,0.5734,-1.9395,-0.7625,-1.4904,-1.2505,0.2022,GO_GOAL
9.698,-1.5281,-1.2394,0.5734,-1.9375,-0.7595,-1.4904,-1.2505,0.2038,GO_GOAL
9.718,-1.5251,-1.2375,0.5734,-1.9355,-0.7565,-1.4904,-1.2505,0.2054,GO_GOAL
9.738,-1.5221,-1.2355,0.5734,-1.9314,-0.7506,-1.4904,-1.2505,0.2071,GO_GOAL
9.758,-1.519,-1.2336,0.5734,-1.9314,-0.7506,-1.4904,-1.2505,0.2088,GO_GOAL
9.778,-1.516,-1.2316,0.5734,-1.9274,-0.7446,-1.4753,-1.2407,0.2105,GO_GOAL
9.798,-1.513,-1.2297,0.5734,-1.9274,-0.7446,-1.4753,-1.2407,0.2122,GO_GOAL
9.818,-1.51,-1.2278,0.5734,-1.9254,-0.7416,-1.4753,-1.2407,0.214,GO_GOAL
9.838,-1.507,-1.2258,0.5734,-1.9234,-0.7386,-1.4753,-1.2407,0.2158,GO_GOAL
9.858,-1.5039,-1.2238,0.5734,-1.9213,-0.7357,-1.4753,-1.2407,0.2175,GO_GOAL
9.878,-1.5009,-1.2219,0.5734,-1.9173,-0.7297,-1.4602,-1.231,0.2194,GO_GOAL
9.898,-1.4979,-1.2199,0.5734,-1.9173,-0.7297,-1.4602,-1.231,0.2212,GO_GOAL
9.918,-1.4949,-1.218,0.5734,-1.9153,-0.7267,-1.4602,-1.231,0.223,GO_GOAL
9.938,-1.4919,-1.216,0.5734,-1.9133,-0.7237,-1.4602,-1.231,0.2249,GO_GOAL
9.958,-1.4888,-1.2141,0.5734,-1.9113,-0.7208,-1.4602,-1.231,0.2267,GO_GOAL
9.978,-1.4858,-1.2121,0.5734,-1.9092,-0.7178,-1.4451,-1.2212,0.2286,GO_GOAL
9.998,-1.4828,-1.2102,0.5734,-1.9072,-0.7148,-1.4451,-1.2212,0.2305,GO_GOAL
10.018,-1.4798,-1.2082,0.5734,-1.9052,-0.7118,-1.4451,-1.2212,0.2325,GO_GOAL
10.038,-1.4768,-1.2063,0.5734,-1.9032,-0.7088,-1.4451,-1.2212,0.2344,GO_GOAL
10.058,-1.4737,-1.2043,0.5734,-1.9012,-0.7058,-1.4451,-1.2212,0.2364,GO_GOAL
10.078,-1.4707,-1.2024,0.5734,-1.8991,-0.7029,-1.43,-1.2114,0.2384,GO_GOAL
10.098,-1.4677,-1.2004,0.5734,-1.8971,-0.6999,-1.43,-1.2114,0.2404,GO_GOAL
10.118,-1.4647,-1.1985,0.5734,-1.8931,-0.6939,-1.43,-1.2114,0.2424,GO_GOAL
10.138,-1.4617,-1.1965,0.5734,-1.8931,-0.6939,-1.43,-1.2114,0.2444,GO_GOAL
10.158,-1.4586,-1.1946,0.5734,-1.8911,-0.6909,-1.43,-1.2114,0.2464,GO_GOAL
10.178,-1.4556,-1.1926,0.5734,-1.887,-0.685,-1.4149,-1.2016,0.2485,GO_GOAL
10.198,-1.4526,-1.1907,0.5734,-1.887,-0.685,-1.4149,-1.2016,0.2506,GO_GOAL
10.218,-1.4496,-1.1887,0.5734,-1.885,-0.682,-1.4149,-1.2016,0.2527,GO_GOAL
10.238,-1.4465,-1.1868,0.5734,-1.883,-0.679,-1.4149,-1.2016,0.2548,GO_GOAL
10.258,-1.4435,-1.1848,0.5734,-1.881,-0.676,-1.4149,-1.2016,0.2569,GO_GOAL
10.278,-1.4405,-1.1829,0.5734,-1.879,-0.6731,-1.3997,-1.1919,0.259,GO_GOAL
10.298,-1.4375,-1.1809,0.5734,-1.8769,-0.6701,-1.3997,-1.1919,0.2612,GO_GOAL
10.318,-1.4344,-1.179,0.5734,-1.8749,-0.6671,-1.3997,-1.1919,0.2633,GO_GOAL
10.338,-1.4314,-1.177,0.5734,-1.8729,-0.6641,-1.3997,-1.1919,0.2655,GO_GOAL
10.358,-1.4284,-1.1751,0.5734,-1.8709,-0.6611,-1.3997,-1.1919,0.2677,GO_GOAL
10.378,-1.4254,-1.1731,0.5734,-1.8689,-0.6582,-1.3846,-1.1821,0.2699,GO_GOAL
10.398,-1.4224,-1.1712,0.5734,-1.8668,-0.6552,-1.3846,-1.1821,0.2721,GO_GOAL
10.418,-1.4193,-1.1692,0.5734,-1.8648,-0.6522,-1.3846,-1.1821,0.2744,GO_GOAL
10.438,-1.4163,-1.1673,0.5734,-1.8628,-0.6492,-1.3846,-1.1821,0.2766,GO_GOAL
10.458,-1.4133,-1.1653,0.5734,-1.8608,-0.6462,-1.3846,-1.1821,0.2789,GO_GOAL
10.478,-1.4103,-1.1633,0.5734,-1.8568,-0.6403,-1.3695,-1.1723,0.2811,GO_GOAL
10.498,-1.4072,-1.1614,0.5734,-1.8568,-0.6403,-1.3695,-1.1723,0.2834,GO_GOAL
10.518,-1.4042,-1.1594,0.5734,-1.8547,-0.6373,-1.3695,-1.1723,0.2857,GO_GOAL
10.538,-1.4012,-1.1575,0.5734,-1.8527,-0.6343,-1.3695,-1.1723,0.288,GO_GOAL
10.558,-1.3982,-1.1555,0.5734,-1.8507,-0.6313,-1.3695,-1.1723,0.2904,GO_GOAL
10.578,-1.3952,-1.1536,0.5734,-1.8487,-0.6283,-1.3544,-1.1625,0.2927,GO_GOAL
10.598,-1.3921,-1.1516,0.5734,-1.8467,-0.6254,-1.3544,-1.1625,0.2951,GO_GOAL
10.618,-1.3891,-1.1497,0.5734,-1.8446,-0.6224,-1.3544,-1.1625,0.2974,GO_GOAL
10.638,-1.3861,-1.1477,0.5734,-1.8426,-0.6194,-1.3544,-1.1625,0.2998,GO_GOAL
10.658,-1.3831,-1.1458,0.5734,-1.8406,-0.6164,-1.3544,-1.1625,0.3022,GO_GOAL
10.678,-1.38,-1.1438,0.5734,-1.8386,-0.6134,-1.3393,-1.1528,0.3046,GO_GOAL
10.698,-1.377,-1.1419,0.5734,-1.8366,-0.6105,-1.3393,-1.1528,0.307,GO_GOAL
10.718,-1.374,-1.1399,0.5734,-1.8346,-0.6075,-1.3393,-1.1528,0.3094,GO_GOAL
10.738,-1.371,-1.138,0.5734,-1.8325,-0.6045,-1.3393,-1.1528,0.3119,GO_GOAL
10.758,-1.3679,-1.136,0.5734,-1.8305,-0.6015,-1.3393,-1.1528,0.3143,GO_GOAL
10.778,-1.3651,-1.1342,0.5736,-1.8285,-0.5985,-1.3242,-1.143,0.3167,GO_GOAL
10.798,-1.3622,-1.1324,0.5743,-1.8265,-0.5956,-1.3242,-1.143,0.319,GO_GOAL
10.818,-1.3594,-1.1305,0.5755,-1.8245,-0.5926,-1.3242,-1.143,0.3213,GO_GOAL
10.838,-1.3566,-1.1287,0.5771,-1.8225,-0.5896,-1.3242,-1.143,0.3237,GO_GOAL
10.858,-1.3537,-1.1268,0.5792,-1.8206,-0.5866,-1.3242,-1.143,0.3261,GO_GOAL
10.878,-1.3508,-1.1249,0.5818,-1.8186,-0.5837,-1.3092,-1.1332,0.3286,GO_GOAL
10.898,-1.3478,-1.1229,0.5848,-1.8147,-0.5777,-1.3092,-1.1332,0.3311,GO_GOAL
10.918,-1.3449,-1.121,0.5882,-1.8147,-0.5777,-1.3092,-1.1332,0.3336,GO_GOAL
10.938,-1.3419,-1.119,0.5917,-1.8128,-0.5747,-1.3092,-1.1332,0.3362,GO_GOAL
10.958,-1.339,-1.117,0.5952,-1.8109,-0.5716,-1.3092,-1.1332,0.3387,GO_GOAL
10.978,-1.3361,-1.115,0.5987,-1.8071,-0.5656,-1.2943,-1.1234,0.3412,GO_GOAL
10.998,-1.3332,-1.113,0.6022,-1.8071,-0.5656,-1.2943,-1.1234,0.3438,GO_GOAL
11.018,-1.3302,-1.111,0.6057,-1.8033,-0.5595,-1.2943,-1.1234,0.3463,GO_GOAL
11.038,-1.3273,-1.109,0.6092,-1.8015,-0.5565,-1.2943,-1.1234,0.3488,GO_GOAL
11.058,-1.3244,-1.107,0.6127,-1.7996,-0.5534,-1.2943,-1.1234,0.3514,GO_GOAL
11.078,-1.3214,-1.1048,0.6159,-1.7978,-0.5503,-1.2796,-1.1132,0.354,GO_GOAL
11.098,-1.3183,-1.1026,0.6187,-1.7959,-0.5472,-1.2796,-1.1132,0.3567,GO_GOAL
11.118,-1.3153,-1.1004,0.621,-1.7959,-0.5472,-1.2796,-1.1132,0.3594,GO_GOAL
11.138,-1.3122,-1.0983,0.6229,-1.794,-0.5442,-1.2796,-1.1132,0.362,GO_GOAL
11.158,-1.3092,-1.0961,0.6243,-1.7922,-0.5411,-1.2796,-1.1132,0.3647,GO_GOAL
11.178,-1.3062,-1.094,0.6252,-1.7903,-0.538,-1.2649,-1.1028,0.3672,GO_GOAL
11.198,-1.3033,-1.0918,0.6256,-1.7866,-0.5318,-1.2649,-1.1028,0.3698,GO_GOAL
11.218,-1.3004,-1.0897,0.6257,-1.7866,-0.5318,-1.2649,-1.1028,0.3724,GO_GOAL
11.238,-1.2975,-1.0876,0.6257,-1.7847,-0.5287,-1.2649,-1.1028,0.3749,GO_GOAL
11.258,-1.2945,-1.0855,0.6257,-1.7829,-0.5257,-1.2649,-1.1028,0.3775,GO_GOAL
11.278,-1.2916,-1.0834,0.6257,-1.781,-0.5226,-1.2503,-1.0923,0.38,GO_GOAL
11.298,-1.2887,-1.0813,0.6257,-1.7773,-0.5164,-1.2503,-1.0923,0.3826,GO_GOAL
11.318,-1.2858,-1.0792,0.6257,-1.7773,-0.5164,-1.2503,-1.0923,0.3852,GO_GOAL
11.338,-1.2829,-1.0771,0.6257,-1.7754,-0.5133,-1.2503,-1.0923,0.3878,GO_GOAL
11.358,-1.28,-1.075,0.6257,-1.7736,-0.5102,-1.2503,-1.0923,0.3904,GO_GOAL
11.378,-1.277,-1.0729,0.6257,-1.7717,-0.5072,-1.2357,-1.0817,0.393,GO_GOAL
11.398,-1.2741,-1.0707,0.6257,-1.768,-0.501,-1.2357,-1.0817,0.3956,GO_GOAL
11.418,-1.2712,-1.0686,0.6257,-1.768,-0.501,-1.2357,-1.0817,0.3983,GO_GOAL
11.438,-1.2683,-1.0665,0.6257,-1.7661,-0.4979,-1.2357,-1.0817,0.4009,GO_GOAL
11.458,-1.2654,-1.0644,0.6257,-1.7643,-0.4948,-1.2357,-1.0817,0.4036,GO_GOAL
11.478,-1.2624,-1.0623,0.6257,-1.7624,-0.4918,-1.2212,-1.0712,0.4062,GO_GOAL
11.498,-1.2595,-1.0602,0.6257,-1.7606,-0.4887,-1.2212,-1.0712,0.4089,GO_GOAL
11.518,-1.2566,-1.0581,0.6257,-1.7587,-0.4856,-1.2212,-1.0712,0.4116,GO_GOAL
11.538,-1.2537,-1.056,0.6257,-1.7568,-0.4825,-1.2212,-1.0712,0.4142,GO_GOAL
11.558,-1.2508,-1.0539,0.6257,-1.755,-0.4794,-1.2212,-1.0712,0.4169,GO_GOAL
11.578,-1.2479,-1.0518,0.6257,-1.7513,-0.4733,-1.2066,-1.0606,0.4196,GO_GOAL
11.598,-1.2449,-1.0497,0.6257,-1.7513,-0.4733,-1.2066,-1.0606,0.4223,GO_GOAL
11.618,-1.242,-1.0476,0.6257,-1.7494,-0.4702,-1.2066,-1.0606,0.425,GO_GOAL
11.638,-1.2391,-1.0454,0.6257,-1.7475,-0.4671,-1.2066,-1.0606,0.4278,GO_GOAL
11.658,-1.2362,-1.0433,0.6257,-1.7457,-0.464,-1.2066,-1.0606,0.4305,GO_GOAL
11.678,-1.2333,-1.0412,0.6257,-1.742,-0.4578,-1.192,-1.0501,0.4324,GO_GOAL
11.698,-1.2303,-1.0391,0.6257,-1.742,-0.4578,-1.192,-1.0501,0.4343,GO_GOAL
11.718,-1.2274,-1.037,0.6257,-1.7401,-0.4548,-1.192,-1.0501,0.4362,GO_GOAL
11.738,-1.2245,-1.0349,0.6257,-1.7364,-0.4486,-1.192,-1.0501,0.4381,GO_GOAL
11.758,-1.2216,-1.0328,0.6257,-1.7345,-0.4455,-1.192,-1.0501,0.44,GO_GOAL
11.778,-1.2187,-1.0307,0.6257,-1.7345,-0.4455,-1.1774,-1.0395,0.4419,GO_GOAL
11.798,-1.2158,-1.0286,0.6257,-1.7327,-0.4424,-1.1774,-1.0395,0.4438,GO_GOAL
11.818,-1.2128,-1.0265,0.6257,-1.7289,-0.4363,-1.1774,-1.0395,0.4458,GO_GOAL
11.838,-1.2099,-1.0244,0.6257,-1.7289,-0.4363,-1.1774,-1.0395,0.4477,GO_GOAL
11.858,-1.207,-1.0223,0.6257,-1.7271,-0.4332,-1.1774,-1.0395,0.4497,GO_GOAL
11.878,-1.2041,-1.0201,0.6257,-1.7252,-0.4301,-1.1628,-1.029,0.4517,GO_GOAL
11.898,-1.2012,-1.018,0.6257,-1.7215,-0.4239,-1.1628,-1.029,0.4537,GO_GOAL
11.918,-1.1983,-1.0159,0.6257,-1.7215,-0.4239,-1.1628,-1.029,0.4557,GO_GOAL
11.938,-1.1953,-1.0138,0.6257,-1.7197,-0.4209,-1.1628,-1.029,0.4577,GO_GOAL
11.958,-1.1924,-1.0117,0.6257,-1.7178,-0.4178,-1.1628,-1.029,0.4598,GO_GOAL
11.978,-1.1895,-1.0096,0.6257,-1.7159,-0.4147,-1.1453,-1.0163,0.4618,GO_GOAL
11.998,-1.1866,-1.0075,0.6257,-1.7141,-0.4116,-1.1453,-1.0163,0.4639,GO_GOAL
12.018,-1.1837,-1.0054,0.6257,-1.7122,-0.4085,-1.1453,-1.0163,0.4659,GO_GOAL
12.038,-1.1807,-1.0033,0.6257,-1.7104,-0.4054,-1.1453,-1.0163,0.468,GO_GOAL
12.058,-1.1778,-1.0012,0.6257,-1.7085,-0.4024,-1.1453,-1.0163,0.4701,GO_GOAL
12.078,-1.1749,-0.9991,0.6257,-1.7066,-0.3993,-1.1337,-1.0079,0.4722,GO_GOAL
12.098,-1.172,-0.997,0.6257,-1.7048,-0.3962,-1.1337,-1.0079,0.4743,GO_GOAL
12.118,-1.1691,-0.9948,0.6257,-1.7029,-0.3931,-1.1337,-1.0079,0.4764,GO_GOAL
12.138,-1.1662,-0.9927,0.6257,-1.7011,-0.39,-1.1337,-1.0079,0.4786,GO_GOAL
12.158,-1.1632,-0.9906,0.6257,-1.6973,-0.3839,-1.1337,-1.0079,0.4807,GO_GOAL
12.178,-1.1603,-0.9885,0.6257,-1.6973,-0.3839,-1.1191,-0.9973,0.4829,GO_GOAL
12.198,-1.1574,-0.9864,0.6257,-1.6955,-0.3808,-1.1191,-0.9973,0.485,GO_GOAL
12.218,-1.1545,-0.9843,0.6257,-1.6936,-0.3777,-1.1191,-0.9973,0.4872,GO_GOAL
12.238,-1.1516,-0.9822,0.6257,-1.6918,-0.3746,-1.1191,-0.9973,0.4894,GO_GOAL
12.258,-1.1486,-0.9801,0.6257,-1.6899,-0.3715,-1.1191,-0.9973,0.4916,GO_GOAL
12.278,-1.1457,-0.978,0.6257,-1.688,-0.3685,-1.1045,-0.9868,0.4938,GO_GOAL
12.298,-1.1428,-0.9759,0.6257,-1.6862,-0.3654,-1.1045,-0.9868,0.496,GO_GOAL
12.318,-1.1399,-0.9738,0.6257,-1.6843,-0.3623,-1.1045,-0.9868,0.4982,GO_GOAL
12.338,-1.137,-0.9717,0.6257,-1.6825,-0.3592,-1.1045,-0.9868,0.497,GO_GOAL
12.358,-1.1341,-0.9695,0.6257,-1.6806,-0.3561,-1.1045,-0.9868,0.4944,GO_GOAL
12.378,-1.1311,-0.9674,0.6257,-1.6787,-0.353,-1.0899,-0.9762,0.4917,GO_GOAL
12.398,-1.1282,-0.9653,0.6257,-1.6769,-0.35,-1.0899,-0.9762,0.4891,GO_GOAL
12.418,-1.1253,-0.9632,0.6257,-1.675,-0.3469,-1.0899,-0.9762,0.4865,GO_GOAL
12.438,-1.1224,-0.9611,0.6257,-1.6732,-0.3438,-1.0899,-0.9762,0.4838,GO_GOAL
12.458,-1.1195,-0.959,0.6257,-1.6713,-0.3407,-1.0899,-0.9762,0.4812,GO_GOAL
12.478,-1.1165,-0.9569,0.6257,-1.6694,-0.3376,-1.0753,-0.9657,0.4786,GO_GOAL
12.498,-1.1136,-0.9548,0.6257,-1.6676,-0.3345,-1.0753,-0.9657,0.476,GO_GOAL
12.518,-1.1107,-0.9527,0.6257,-1.6657,-0.3315,-1.0753,-0.9657,0.4734,GO_GOAL
12.538,-1.1078,-0.9506,0.6257,-1.6639,-0.3284,-1.0753,-0.9657,0.4708,GO_GOAL
12.558,-1.1049,-0.9485,0.6257,-1.662,-0.3253,-1.0753,-0.9657,0.4683,GO_GOAL
12.578,-1.102,-0.9464,0.6257,-1.6601,-0.3222,-1.0607,-0.9551,0.4657,GO_GOAL
12.598,-1.099,-0.9442,0.6257,-1.6583,-0.3191,-1.0607,-0.9551,0.4632,GO_GOAL
12.618,-1.0961,-0.9421,0.6257,-1.6564,-0.3161,-1.0607,-0.9551,0.4606,GO_GOAL
12.638,-1.0932,-0.94,0.6257,-1.6546,-0.313,-1.0607,-0.9551,0.4581,GO_GOAL
12.658,-1.0903,-0.9379,0.6257,-1.6508,-0.3068,-1.0607,-0.9551,0.4555,GO_GOAL
12.678,-1.0874,-0.9358,0.6257,-1.649,-0.3037,-1.0432,-0.9424,0.453,GO_GOAL
12.698,-1.0844,-0.9337,0.6257,-1.649,-0.3037,-1.0432,-0.9424,0.4505,GO_GOAL
12.718,-1.0815,-0.9316,0.6257,-1.6471,-0.3006,-1.0432,-0.9424,0.448,GO_GOAL
12.738,-1.0786,-0.9295,0.6257,-1.6453,-0.2976,-1.0432,-0.9424,0.4455,GO_GOAL
12.758,-1.0757,-0.9274,0.6257,-1.6415,-0.2914,-1.0432,-0.9424,0.443,GO_GOAL
12.778,-1.0728,-0.9253,0.6257,-1.6415,-0.2914,-1.0316,-0.934,0.4405,GO_GOAL
12.798,-1.0699,-0.9232,0.6257,-1.6378,-0.2852,-1.0316,-0.934,0.4381,GO_GOAL
12.818,-1.0669,-0.9211,0.6257,-1.6378,-0.2852,-1.0316,-0.934,0.4356,GO_GOAL
12.838,-1.064,-0.9189,0.6257,-1.636,-0.2821,-1.0316,-0.934,0.4332,GO_GOAL
12.858,-1.0611,-0.9168,0.6257,-1.6341,-0.2791,-1.0316,-0.934,0.4307,GO_GOAL
12.878,-1.0582,-0.9147,0.6257,-1.6322,-0.276,-1.017,-0.9235,0.4283,GO_GOAL
12.898,-1.0553,-0.9126,0.6257,-1.6304,-0.2729,-1.017,-0.9235,0.4259,GO_GOAL
12.918,-1.0523,-0.9105,0.6257,-1.6285,-0.2698,-1.017,-0.9235,0.4234,GO_GOAL
12.938,-1.0494,-0.9084,0.6257,-1.6267,-0.2667,-1.017,-0.9235,0.421,GO_GOAL
12.958,-1.0465,-0.9063,0.6257,-1.6248,-0.2636,-1.017,-0.9235,0.4186,GO_GOAL
12.978,-1.0436,-0.9042,0.6257,-1.623,-0.2606,-1.0024,-0.9129,0.4163,GO_GOAL
12.998,-1.0407,-0.9021,0.6257,-1.6211,-0.2575,-1.0024,-0.9129,0.4139,GO_GOAL
13.018,-1.0378,-0.9,0.6257,-1.6192,-0.2544,-1.0024,-0.9129,0.4115,GO_GOAL
13.038,-1.0348,-0.8979,0.6257,-1.6155,-0.2482,-1.0024,-0.9129,0.4092,GO_GOAL
13.058,-1.0319,-0.8958,0.6257,-1.6155,-0.2482,-1.0024,-0.9129,0.4068,GO_GOAL
13.078,-1.029,-0.8936,0.6257,-1.6137,-0.2452,-0.9878,-0.9024,0.4045,GO_GOAL
13.098,-1.0261,-0.8915,0.6257,-1.6118,-0.2421,-0.9878,-0.9024,0.4022,GO_GOAL
13.118,-1.0232,-0.8894,0.6257,-1.6099,-0.239,-0.9878,-0.9024,0.3999,GO_GOAL
13.138,-1.0203,-0.8873,0.6257,-1.6081,-0.2359,-0.9878,-0.9024,0.3976,GO_GOAL
13.158,-1.0173,-0.8852,0.6257,-1.6062,-0.2328,-0.9878,-0.9024,0.3953,GO_GOAL
13.178,-1.0144,-0.8831,0.6257,-1.6044,-0.2297,-0.9732,-0.8918,0.393,GO_GOAL
13.198,-1.0115,-0.881,0.6257,-1.6025,-0.2267,-0.9732,-0.8918,0.3907,GO_GOAL
13.218,-1.0086,-0.8789,0.6257,-1.5988,-0.2205,-0.9732,-0.8918,0.3885,GO_GOAL
13.238,-1.0057,-0.8768,0.6257,-1.5969,-0.2174,-0.9732,-0.8918,0.3862,GO_GOAL
13.258,-1.0027,-0.8747,0.6257,-1.5969,-0.2174,-0.9732,-0.8918,0.384,GO_GOAL
13.278,-0.9998,-0.8726,0.6257,-1.5951,-0.2143,-0.9587,-0.8813,0.3818,GO_GOAL
13.298,-0.9969,-0.8705,0.6257,-1.5932,-0.2112,-0.9587,-0.8813,0.3796,GO_GOAL
13.318,-0.994,-0.8683,0.6257,-1.5895,-0.2051,-0.9587,-0.8813,0.3774,GO_GOAL
13.338,-0.9911,-0.8662,0.6257,-1.5876,-0.202,-0.9587,-0.8813,0.3752,GO_GOAL
13.358,-0.9882,-0.8641,0.6257,-1.5876,-0.202,-0.9587,-0.8813,0.373,GO_GOAL
13.378,-0.9852,-0.862,0.6257,-1.5858,-0.1989,-0.9441,-0.8707,0.3709,GO_GOAL
13.398,-0.9823,-0.8599,0.6257,-1.5839,-0.1958,-0.9441,-0.8707,0.3687,GO_GOAL
13.418,-0.9794,-0.8578,0.6257,-1.582,-0.1927,-0.9441,-0.8707,0.3666,GO_GOAL
13.438,-0.9765,-0.8557,0.6257,-1.5802,-0.1897,-0.9441,-0.8707,0.3644,GO_GOAL
13.458,-0.9736,-0.8536,0.6257,-1.5783,-0.1866,-0.9441,-0.8707,0.3623,GO_GOAL
13.478,-0.9706,-0.8515,0.6257,-1.5765,-0.1835,-0.9295,-0.8601,0.3602,GO_GOAL
13.498,-0.9677,-0.8494,0.6257,-1.5746,-0.1804,-0.9295,-0.8601,0.3581,GO_GOAL
13.518,-0.9648,-0.8473,0.6257,-1.5727,-0.1773,-0.9295,-0.8601,0.3561,GO_GOAL
13.538,-0.9619,-0.8452,0.6257,-1.5709,-0.1743,-0.9295,-0.8601,0.354,GO_GOAL
13.558,-0.959,-0.843,0.6257,-1.5672,-0.1681,-0.9295,-0.8601,0.352,GO_GOAL
13.578,-0.9561,-0.8409,0.6257,-1.5672,-0.1681,-0.9149,-0.8496,0.3499,GO_GOAL
13.598,-0.9531,-0.8388,0.6257,-1.5653,-0.165,-0.9149,-0.8496,0.3479,GO_GOAL
13.618,-0.9502,-0.8367,0.6257,-1.5616,-0.1588,-0.9149,-0.8496,0.3459,GO_GOAL
13.638,-0.9473,-0.8346,0.6257,-1.5616,-0.1588,-0.9149,-0.8496,0.3439,GO_GOAL
13.658,-0.9444,-0.8325,0.6257,-1.5597,-0.1558,-0.9149,-0.8496,0.3419,GO_GOAL
13.678,-0.9415,-0.8304,0.6257,-1.5579,-0.1527,-0.9003,-0.839,0.34,GO_GOAL
13.698,-0.9385,-0.8283,0.6257,-1.556,-0.1496,-0.9003,-0.839,0.338,GO_GOAL
13.718,-0.9356,-0.8262,0.6257,-1.5523,-0.1434,-0.9003,-0.839,0.3361,GO_GOAL
13.738,-0.9327,-0.8241,0.6257,-1.5523,-0.1434,-0.9003,-0.839,0.3341,GO_GOAL
13.758,-0.9298,-0.822,0.6257,-1.5504,-0.1403,-0.9003,-0.839,0.3322,GO_GOAL
13.778,-0.9269,-0.8199,0.6257,-1.5486,-0.1373,-0.8857,-0.8285,0.3303,GO_GOAL
13.798,-0.924,-0.8177,0.6257,-1.5448,-0.1311,-0.8857,-0.8285,0.3285,GO_GOAL
13.818,-0.921,-0.8156,0.6257,-1.5448,-0.1311,-0.8857,-0.8285,0.3266,GO_GOAL
13.838,-0.9181,-0.8135,0.6257,-1.543,-0.128,-0.8857,-0.8285,0.3247,GO_GOAL
13.858,-0.9152,-0.8114,0.6257,-1.5411,-0.1249,-0.8857,-0.8285,0.3229,GO_GOAL
13.878,-0.9123,-0.8093,0.6257,-1.5393,-0.1219,-0.8712,-0.8179,0.3211,GO_GOAL
13.898,-0.9094,-0.8072,0.6257,-1.5374,-0.1188,-0.8712,-0.8179,0.3193,GO_GOAL
13.918,-0.9064,-0.8051,0.6257,-1.5356,-0.1157,-0.8712,-0.8179,0.3175,GO_GOAL
13.938,-0.9035,-0.803,0.6257,-1.5337,-0.1126,-0.8712,-0.8179,0.3157,GO_GOAL
13.958,-0.9006,-0.8009,0.6257,-1.5318,-0.1095,-0.8712,-0.8179,0.314,GO_GOAL
13.978,-0.8977,-0.7988,0.6257,-1.53,-0.1064,-0.8537,-0.8053,0.3122,GO_GOAL
13.998,-0.8948,-0.7967,0.6257,-1.5281,-0.1034,-0.8537,-0.8053,0.3105,GO_GOAL
14.018,-0.8919,-0.7946,0.6257,-1.5263,-0.1003,-0.8537,-0.8053,0.3088,GO_GOAL
14.038,-0.8889,-0.7924,0.6257,-1.5244,-0.0972,-0.8537,-0.8053,0.3071,GO_GOAL
14.058,-0.886,-0.7903,0.6257,-1.5225,-0.0941,-0.8537,-0.8053,0.3054,GO_GOAL
14.078,-0.8831,-0.7882,0.6257,-1.5207,-0.091,-0.842,-0.7968,0.3037,GO_GOAL
14.098,-0.8802,-0.7861,0.6257,-1.5188,-0.0879,-0.842,-0.7968,0.3021,GO_GOAL
14.118,-0.8773,-0.784,0.6257,-1.517,-0.0849,-0.842,-0.7968,0.3005,GO_GOAL
14.138,-0.8743,-0.7819,0.6257,-1.5151,-0.0818,-0.842,-0.7968,0.2989,GO_GOAL
14.158,-0.8714,-0.7798,0.6257,-1.5132,-0.0787,-0.842,-0.7968,0.2973,GO_GOAL
14.178,-0.8685,-0.7777,0.6257,-1.5114,-0.0756,-0.8274,-0.7863,0.2957,GO_GOAL
14.198,-0.8656,-0.7756,0.6257,-1.5095,-0.0725,-0.8274,-0.7863,0.2941,GO_GOAL
14.218,-0.8627,-0.7735,0.6257,-1.5077,-0.0694,-0.8274,-0.7863,0.2926,GO_GOAL
14.238,-0.8598,-0.7714,0.6257,-1.5058,-0.0664,-0.8274,-0.7863,0.2911,GO_GOAL
14.258,-0.8568,-0.7693,0.6257,-1.5039,-0.0633,-0.8274,-0.7863,0.2896,GO_GOAL
14.278,-0.8539,-0.7671,0.6257,-1.5002,-0.0571,-0.8128,-0.7757,0.2881,GO_GOAL
14.298,-0.851,-0.765,0.6257,-1.5002,-0.0571,-0.8128,-0.7757,0.2866,GO_GOAL
14.318,-0.8481,-0.7629,0.6257,-1.4984,-0.054,-0.8128,-0.7757,0.2852,GO_GOAL
14.338,-0.8452,-0.7608,0.6257,-1.4946,-0.0479,-0.8128,-0.7757,0.2837,GO_GOAL
14.358,-0.8423,-0.7587,0.6257,-1.4946,-0.0479,-0.8128,-0.7757,0.2823,GO_GOAL
14.378,-0.8393,-0.7566,0.6257,-1.4928,-0.0448,-0.7982,-0.7652,0.2809,GO_GOAL
14.398,-0.8364,-0.7545,0.6257,-1.4909,-0.0417,-0.7982,-0.7652,0.2795,GO_GOAL
14.418,-0.8335,-0.7524,0.6257,-1.4891,-0.0386,-0.7982,-0.7652,0.2782,GO_GOAL
14.438,-0.8306,-0.7503,0.6257,-1.4872,-0.0355,-0.7982,-0.7652,0.2768,GO_GOAL
14.458,-0.8277,-0.7482,0.6257,-1.4853,-0.0325,-0.7982,-0.7652,0.2755,GO_GOAL
14.478,-0.8247,-0.7461,0.6257,-1.4835,-0.0294,-0.7837,-0.7546,0.2742,GO_GOAL
14.498,-0.8218,-0.744,0.6257,-1.4816,-0.0263,-0.7837,-0.7546,0.2729,GO_GOAL
14.518,-0.8189,-0.7418,0.6257,-1.4798,-0.0232,-0.7837,-0.7546,0.2717,GO_GOAL
14.538,-0.816,-0.7397,0.6257,-1.4779,-0.0201,-0.7837,-0.7546,0.2704,GO_GOAL
14.558,-0.8131,-0.7376,0.6257,-1.476,-0.017,-0.7837,-0.7546,0.2692,GO_GOAL
14.578,-0.8102,-0.7355,0.6257,-1.4742,-0.014,-0.7662,-0.742,0.268,GO_GOAL
14.598,-0.8072,-0.7334,0.6257,-1.4723,-0.0109,-0.7662,-0.742,0.2668,GO_GOAL
14.618,-0.8043,-0.7313,0.6257,-1.4705,-0.0078,-0.7662,-0.742,0.2656,GO_GOAL
14.638,-0.8014,-0.7292,0.6257,-1.4686,-0.0047,-0.7662,-0.742,0.2645,GO_GOAL
14.658,-0.7985,-0.7271,0.6257,-1.4667,-0.0016,-0.7662,-0.742,0.2634,GO_GOAL
14.678,-0.7956,-0.725,0.6257,-1.4649,0.0014,-0.7545,-0.7335,0.2623,GO_GOAL
14.698,-0.7926,-0.7229,0.6257,-1.463,0.0045,-0.7545,-0.7335,0.2612,GO_GOAL
14.718,-0.7897,-0.7208,0.6257,-1.4612,0.0076,-0.7545,-0.7335,0.2601,GO_GOAL
14.738,-0.7868,-0.7187,0.6257,-1.4593,0.0107,-0.7545,-0.7335,0.2591,GO_GOAL
14.758,-0.7839,-0.7165,0.6257,-1.4574,0.0138,-0.7399,-0.723,0.2581,GO_GOAL
14.778,-0.781,-0.7144,0.6257,-1.4556,0.0169,-0.7399,-0.723,0.2571,GO_GOAL
14.798,-0.7781,-0.7123,0.6257,-1.4537,0.0199,-0.7399,-0.723,0.2561,GO_GOAL
14.818,-0.7751,-0.7102,0.6257,-1.4519,0.023,-0.7399,-0.723,0.2551,GO_GOAL
14.838,-0.7722,-0.7081,0.6257,-1.45,0.0261,-0.7399,-0.723,0.2542,GO_GOAL
14.858,-0.7693,-0.706,0.6257,-1.4481,0.0292,-0.7399,-0.723,0.2533,GO_GOAL
14.878,-0.7664,-0.7039,0.6257,-1.4463,0.0323,-0.7253,-0.7124,0.2524,GO_GOAL
14.898,-0.7635,-0.7018,0.6257,-1.4444,0.0354,-0.7253,-0.7124,0.2515,GO_GOAL
14.918,-0.7605,-0.6997,0.6257,-1.4426,0.0384,-0.7253,-0.7124,0.2507,GO_GOAL
14.938,-0.7576,-0.6976,0.6257,-1.4389,0.0446,-0.7253,-0.7124,0.2498,GO_GOAL
14.958,-0.7547,-0.6955,0.6257,-1.437,0.0477,-0.7253,-0.7124,0.249,GO_GOAL
14.978,-0.7518,-0.6934,0.6257,-1.437,0.0477,-0.7078,-0.6998,0.2483,GO_GOAL
14.998,-0.7489,-0.6912,0.6257,-1.4351,0.0508,-0.7078,-0.6998,0.2475,GO_GOAL
15.018,-0.746,-0.6891,0.6257,-1.4333,0.0539,-0.7078,-0.6998,0.2468,GO_GOAL
15.038,-0.743,-0.687,0.6257,-1.4314,0.0569,-0.7078,-0.6998,0.246,GO_GOAL
15.058,-0.7401,-0.6849,0.6257,-1.4296,0.06,-0.7078,-0.6998,0.2453,GO_GOAL
15.078,-0.7372,-0.6828,0.6257,-1.4277,0.0631,-0.6962,-0.6913,0.2447,GO_GOAL
15.098,-0.7343,-0.6807,0.6257,-1.4258,0.0662,-0.6962,-0.6913,0.244,GO_GOAL
15.118,-0.7314,-0.6786,0.6257,-1.424,0.0693,-0.6962,-0.6913,0.2434,GO_GOAL
15.138,-0.7284,-0.6765,0.6257,-1.4221,0.0723,-0.6962,-0.6913,0.2428,GO_GOAL
15.158,-0.7255,-0.6744,0.6257,-1.4203,0.0754,-0.6962,-0.6913,0.2422,GO_GOAL
15.178,-0.7226,-0.6723,0.6257,-1.4184,0.0785,-0.6816,-0.6808,0.2417,GO_GOAL
15.198,-0.7197,-0.6702,0.6257,-1.4165,0.0816,-0.6816,-0.6808,0.2411,GO_GOAL
15.218,-0.7168,-0.6681,0.6257,-1.4147,0.0847,-0.6816,-0.6808,0.2406,GO_GOAL
15.238,-0.7139,-0.6659,0.6257,-1.4128,0.0878,-0.6816,-0.6808,0.2401,GO_GOAL
15.258,-0.7109,-0.6638,0.6257,-1.411,0.0908,-0.6816,-0.6808,0.2397,GO_GOAL
15.278,-0.708,-0.6617,0.6257,-1.4091,0.0939,-0.667,-0.6702,0.2392,GO_GOAL
15.298,-0.7051,-0.6596,0.6257,-1.4072,0.097,-0.667,-0.6702,0.2388,GO_GOAL
15.318,-0.7022,-0.6575,0.6257,-1.4035,0.1032,-0.667,-0.6702,0.2384,GO_GOAL
15.338,-0.6993,-0.6554,0.6257,-1.4035,0.1032,-0.667,-0.6702,0.238,GO_GOAL
15.358,-0.6963,-0.6533,0.6257,-1.4017,0.1063,-0.667,-0.6702,0.2377,GO_GOAL
15.378,-0.6934,-0.6512,0.6257,-1.3998,0.1093,-0.6524,-0.6597,0.2373,GO_GOAL
15.398,-0.6905,-0.6491,0.6257,-1.3979,0.1124,-0.6524,-0.6597,0.237,GO_GOAL
15.418,-0.6876,-0.647,0.6257,-1.3961,0.1155,-0.6524,-0.6597,0.2368,GO_GOAL
15.438,-0.6847,-0.6449,0.6257,-1.3942,0.1186,-0.6524,-0.6597,0.2365,GO_GOAL
15.458,-0.6818,-0.6428,0.6257,-1.3924,0.1217,-0.6378,-0.6491,0.2363,GO_GOAL
15.478,-0.6788,-0.6406,0.6257,-1.3886,0.1278,-0.6378,-0.6491,0.2361,GO_GOAL
15.498,-0.6759,-0.6385,0.6257,-1.3886,0.1278,-0.6378,-0.6491,0.2359,GO_GOAL
15.518,-0.673,-0.6364,0.6257,-1.3849,0.134,-0.6378,-0.6491,0.2357,GO_GOAL
15.538,-0.6701,-0.6343,0.6257,-1.3849,0.134,-0.6378,-0.6491,0.2356,GO_GOAL
15.558,-0.6672,-0.6322,0.6257,-1.3831,0.1371,-0.6378,-0.6491,0.2355,GO_GOAL
15.578,-0.6643,-0.6301,0.6257,-1.3812,0.1402,-0.6232,-0.6386,0.2354,GO_GOAL
15.598,-0.6613,-0.628,0.6257,-1.3793,0.1432,-0.6232,-0.6386,0.2353,GO_GOAL
15.618,-0.6584,-0.6259,0.6257,-1.3756,0.1494,-0.6232,-0.6386,0.2353,GO_GOAL
15.638,-0.6555,-0.6238,0.6257,-1.3756,0.1494,-0.6232,-0.6386,0.2353,GO_GOAL
15.658,-0.6526,-0.6217,0.6257,-1.3738,0.1525,-0.6232,-0.6386,0.2353,GO_GOAL
15.678,-0.6497,-0.6196,0.6257,-1.37,0.1587,-0.6087,-0.628,0.2353,GO_GOAL
15.698,-0.6467,-0.6175,0.6257,-1.37,0.1587,-0.6087,-0.628,0.2353,GO_GOAL
15.718,-0.6438,-0.6153,0.6257,-1.3682,0.1617,-0.6087,-0.628,0.2354,GO_GOAL
15.738,-0.6409,-0.6132,0.6257,-1.3663,0.1648,-0.6087,-0.628,0.2355,GO_GOAL
15.758,-0.638,-0.6111,0.6257,-1.3645,0.1679,-0.6087,-0.628,0.2357,GO_GOAL
15.778,-0.6351,-0.609,0.6257,-1.3626,0.171,-0.5941,-0.6175,0.2358,GO_GOAL
15.798,-0.6322,-0.6069,0.6257,-1.3607,0.1741,-0.5941,-0.6175,0.236,GO_GOAL
15.818,-0.6292,-0.6048,0.6257,-1.357,0.1802,-0.5941,-0.6175,0.2362,GO_GOAL
15.838,-0.6263,-0.6027,0.6257,-1.357,0.1802,-0.5941,-0.6175,0.2364,GO_GOAL
15.858,-0.6234,-0.6006,0.6257,-1.3552,0.1833,-0.5941,-0.6175,0.2366,GO_GOAL
15.878,-0.6205,-0.5985,0.6257,-1.3533,0.1864,-0.5795,-0.6069,0.2369,GO_GOAL
15.898,-0.6176,-0.5964,0.6257,-1.3515,0.1895,-0.5795,-0.6069,0.2372,GO_GOAL
15.918,-0.6146,-0.5943,0.6257,-1.3496,0.1926,-0.5795,-0.6069,0.2375,GO_GOAL
15.938,-0.6117,-0.5922,0.6257,-1.3477,0.1956,-0.5795,-0.6069,0.2378,GO_GOAL
15.958,-0.6088,-0.59,0.6257,-1.3459,0.1987,-0.5795,-0.6069,0.2382,GO_GOAL
15.978,-0.6059,-0.5879,0.6257,-1.344,0.2018,-0.5649,-0.5964,0.2386,GO_GOAL
15.998,-0.603,-0.5858,0.6257,-1.3422,0.2049,-0.5649,-0.5964,0.239,GO_GOAL
16.018,-0.6001,-0.5837,0.6257,-1.3403,0.208,-0.5649,-0.5964,0.2394,GO_GOAL
16.038,-0.5971,-0.5816,0.6257,-1.3384,0.2111,-0.5649,-0.5964,0.2399,GO_GOAL
16.058,-0.5942,-0.5795,0.6257,-1.3366,0.2141,-0.5649,-0.5964,0.2403,GO_GOAL
16.078,-0.5913,-0.5774,0.6257,-1.3347,0.2172,-0.5503,-0.5858,0.2408,GO_GOAL
16.098,-0.5884,-0.5753,0.6257,-1.3329,0.2203,-0.5503,-0.5858,0.2414,GO_GOAL
16.118,-0.5855,-0.5732,0.6257,-1.331,0.2234,-0.5503,-0.5858,0.2419,GO_GOAL
16.138,-0.5825,-0.5711,0.6257,-1.3291,0.2265,-0.5503,-0.5858,0.2425,GO_GOAL
16.158,-0.5796,-0.569,0.6257,-1.3273,0.2296,-0.5503,-0.5858,0.2431,GO_GOAL
16.178,-0.5767,-0.5669,0.6257,-1.3254,0.2326,-0.5357,-0.5753,0.2437,GO_GOAL
16.198,-0.5738,-0.5647,0.6257,-1.3236,0.2357,-0.5357,-0.5753,0.2443,GO_GOAL
16.218,-0.5709,-0.5626,0.6257,-1.3217,0.2388,-0.5357,-0.5753,0.245,GO_GOAL
16.238,-0.568,-0.5605,0.6257,-1.318,0.245,-0.5357,-0.5753,0.2457,GO_GOAL
16.258,-0.565,-0.5584,0.6257,-1.318,0.245,-0.5357,-0.5753,0.2464,GO_GOAL
16.278,-0.5621,-0.5563,0.6257,-1.3143,0.2511,-0.5212,-0.5647,0.2471,GO_GOAL
16.298,-0.5592,-0.5542,0.6257,-1.3143,0.2511,-0.5212,-0.5647,0.2479,GO_GOAL
16.318,-0.5563,-0.5521,0.6257,-1.3124,0.2542,-0.5212,-0.5647,0.2486,GO_GOAL
16.338,-0.5534,-0.55,0.6257,-1.3087,0.2604,-0.5212,-0.5647,0.2494,GO_GOAL
16.358,-0.5504,-0.5479,0.6257,-1.3087,0.2604,-0.5212,-0.5647,0.2502,GO_GOAL
16.378,-0.5475,-0.5458,0.6257,-1.3068,0.2635,-0.5066,-0.5542,0.2511,GO_GOAL
16.398,-0.5446,-0.5437,0.6257,-1.305,0.2665,-0.5066,-0.5542,0.2519,GO_GOAL
16.418,-0.5417,-0.5416,0.6257,-1.3031,0.2696,-0.5066,-0.5542,0.2528,GO_GOAL
16.438,-0.5388,-0.5394,0.6257,-1.2994,0.2758,-0.5066,-0.5542,0.2537,GO_GOAL
16.458,-0.5359,-0.5373,0.6257,-1.2994,0.2758,-0.5066,-0.5542,0.2546,GO_GOAL
16.478,-0.5329,-0.5352,0.6257,-1.2957,0.282,-0.492,-0.5436,0.2556,GO_GOAL
16.498,-0.53,-0.5331,0.6257,-1.2957,0.282,-0.492,-0.5436,0.2566,GO_GOAL
16.518,-0.5271,-0.531,0.6257,-1.2938,0.285,-0.492,-0.5436,0.2575,GO_GOAL
16.538,-0.5242,-0.5289,0.6257,-1.2901,0.2912,-0.492,-0.5436,0.2585,GO_GOAL
16.558,-0.5213,-0.5268,0.6257,-1.2901,0.2912,-0.492,-0.5436,0.2596,GO_GOAL
16.578,-0.5183,-0.5247,0.6257,-1.2882,0.2943,-0.4745,-0.531,0.2606,GO_GOAL
16.598,-0.5154,-0.5226,0.6257,-1.2864,0.2974,-0.4745,-0.531,0.2617,GO_GOAL
16.618,-0.5125,-0.5205,0.6257,-1.2845,0.3005,-0.4745,-0.531,0.2628,GO_GOAL
16.638,-0.5096,-0.5184,0.6257,-1.2826,0.3035,-0.4745,-0.531,0.2639,GO_GOAL
16.658,-0.5067,-0.5163,0.6257,-1.2808,0.3066,-0.4745,-0.531,0.265,GO_GOAL
16.678,-0.5038,-0.5141,0.6257,-1.2789,0.3097,-0.4628,-0.5225,0.2662,GO_GOAL
16.698,-0.5008,-0.512,0.6257,-1.2771,0.3128,-0.4628,-0.5225,0.2674,GO_GOAL
16.718,-0.4979,-0.5099,0.6257,-1.2752,0.3159,-0.4628,-0.5225,0.2686,GO_GOAL
16.738,-0.495,-0.5078,0.6257,-1.2733,0.3189,-0.4628,-0.5225,0.2698,GO_GOAL
16.758,-0.4921,-0.5057,0.6257,-1.2696,0.3251,-0.4628,-0.5225,0.271,GO_GOAL
16.776,-0.4892,-0.5036,0.6257,-1.2696,0.3251,-0.4482,-0.512,0.2723,GO_GOAL
16.796,-0.4863,-0.5015,0.6257,-1.2678,0.3282,-0.4482,-0.512,0.2735,GO_GOAL
16.816,-0.4833,-0.4994,0.6257,-1.2659,0.3313,-0.4482,-0.512,0.2748,GO_GOAL
16.838,-0.4804,-0.4973,0.6257,-1.264,0.3344,-0.4482,-0.512,0.2761,GO_GOAL
16.858,-0.4775,-0.4952,0.6257,-1.2622,0.3374,-0.4482,-0.512,0.2775,GO_GOAL
16.878,-0.4746,-0.4931,0.6257,-1.2603,0.3405,-0.4337,-0.5014,0.2788,GO_GOAL
16.896,-0.4717,-0.491,0.6257,-1.2585,0.3436,-0.4337,-0.5014,0.2802,GO_GOAL
16.918,-0.4687,-0.4888,0.6257,-1.2566,0.3467,-0.4337,-0.5014,0.2816,GO_GOAL
16.938,-0.4658,-0.4867,0.6257,-1.2548,0.3498,-0.4337,-0.5014,0.283,GO_GOAL
16.958,-0.4629,-0.4846,0.6257,-1.2529,0.3529,-0.4337,-0.5014,0.2844,GO_GOAL
16.978,-0.46,-0.4825,0.6257,-1.251,0.3559,-0.4162,-0.4888,0.2858,GO_GOAL
16.998,-0.4571,-0.4804,0.6257,-1.2492,0.359,-0.4162,-0.4888,0.2873,GO_GOAL
17.018,-0.4542,-0.4783,0.6257,-1.2473,0.3621,-0.4162,-0.4888,0.2888,GO_GOAL
17.038,-0.4512,-0.4762,0.6257,-1.2455,0.3652,-0.4162,-0.4888,0.2903,GO_GOAL
17.058,-0.4483,-0.4741,0.6257,-1.2436,0.3683,-0.4162,-0.4888,0.2918,GO_GOAL
17.078,-0.4454,-0.472,0.6257,-1.2417,0.3714,-0.4045,-0.4803,0.2933,GO_GOAL
17.098,-0.4425,-0.4699,0.6257,-1.2399,0.3744,-0.4045,-0.4803,0.2949,GO_GOAL
17.118,-0.4396,-0.4678,0.6257,-1.238,0.3775,-0.4045,-0.4803,0.2964,GO_GOAL
17.138,-0.4366,-0.4657,0.6257,-1.2362,0.3806,-0.4045,-0.4803,0.298,GO_GOAL
17.158,-0.4337,-0.4635,0.6257,-1.2343,0.3837,-0.4045,-0.4803,0.2996,GO_GOAL
17.178,-0.4308,-0.4614,0.6257,-1.2324,0.3868,-0.3899,-0.4698,0.3012,GO_GOAL
17.196,-0.4279,-0.4593,0.6257,-1.2306,0.3898,-0.3899,-0.4698,0.3029,GO_GOAL
17.218,-0.425,-0.4572,0.6257,-1.2287,0.3929,-0.3899,-0.4698,0.3045,GO_GOAL
17.238,-0.4221,-0.4551,0.6257,-1.2269,0.396,-0.3899,-0.4698,0.3062,GO_GOAL
17.258,-0.4191,-0.453,0.6257,-1.225,0.3991,-0.3753,-0.4592,0.3079,GO_GOAL
17.278,-0.4162,-0.4509,0.6257,-1.2231,0.4022,-0.3753,-0.4592,0.3096,GO_GOAL
17.296,-0.4133,-0.4488,0.6257,-1.2213,0.4053,-0.3753,-0.4592,0.3113,GO_GOAL
17.318,-0.4104,-0.4467,0.6257,-1.2194,0.4083,-0.3753,-0.4592,0.313,GO_GOAL
17.338,-0.4075,-0.4446,0.6257,-1.2176,0.4114,-0.3753,-0.4592,0.3148,GO_GOAL
17.358,-0.4045,-0.4425,0.6257,-1.2138,0.4176,-0.3607,-0.4487,0.3166,GO_GOAL
17.378,-0.4016,-0.4404,0.6257,-1.2138,0.4176,-0.3607,-0.4487,0.3183,GO_GOAL
17.396,-0.3987,-0.4382,0.6257,-1.212,0.4207,-0.3607,-0.4487,0.3201,GO_GOAL
17.418,-0.3958,-0.4361,0.6257,-1.2101,0.4238,-0.3607,-0.4487,0.3219,GO_GOAL
17.438,-0.3929,-0.434,0.6257,-1.2083,0.4268,-0.3607,-0.4487,0.3238,GO_GOAL
17.458,-0.39,-0.4319,0.6257,-1.2064,0.4299,-0.3607,-0.4487,0.3256,GO_GOAL
17.478,-0.387,-0.4298,0.6257,-1.2045,0.433,-0.3462,-0.4381,0.3275,GO_GOAL
17.498,-0.3841,-0.4277,0.6257,-1.2027,0.4361,-0.3462,-0.4381,0.3293,GO_GOAL
17.518,-0.3812,-0.4256,0.6257,-1.2008,0.4392,-0.3462,-0.4381,0.3312,GO_GOAL
17.538,-0.3783,-0.4235,0.6257,-1.199,0.4422,-0.3462,-0.4381,0.3331,GO_GOAL
17.558,-0.3754,-0.4214,0.6257,-1.1971,0.4453,-0.3462,-0.4381,0.3351,GO_GOAL
17.578,-0.3724,-0.4193,0.6257,-1.1952,0.4484,-0.3316,-0.4276,0.337,GO_GOAL
17.598,-0.3695,-0.4172,0.6257,-1.1934,0.4515,-0.3316,-0.4276,0.3389,GO_GOAL
17.618,-0.3666,-0.4151,0.6257,-1.1915,0.4546,-0.3316,-0.4276,0.3409,GO_GOAL
17.638,-0.3637,-0.4129,0.6257,-1.1897,0.4577,-0.3316,-0.4276,0.3429,GO_GOAL
17.658,-0.3608,-0.4108,0.6257,-1.1878,0.4607,-0.3316,-0.4276,0.3448,GO_GOAL
17.678,-0.3579,-0.4087,0.6257,-1.1859,0.4638,-0.317,-0.417,0.3468,GO_GOAL
17.698,-0.3549,-0.4066,0.6257,-1.1841,0.4669,-0.317,-0.417,0.3489,GO_GOAL
17.718,-0.352,-0.4045,0.6257,-1.1822,0.47,-0.317,-0.417,0.3509,GO_GOAL
17.738,-0.3491,-0.4024,0.6257,-1.1785,0.4762,-0.317,-0.417,0.3529,GO_GOAL
17.758,-0.3462,-0.4003,0.6257,-1.1785,0.4762,-0.317,-0.417,0.355,GO_GOAL
17.778,-0.3433,-0.3982,0.6257,-1.1766,0.4792,-0.3024,-0.4065,0.3571,GO_GOAL
17.796,-0.3403,-0.3961,0.6257,-1.1748,0.4823,-0.3024,-0.4065,0.3591,GO_GOAL
17.818,-0.3374,-0.394,0.6257,-1.1729,0.4854,-0.3024,-0.4065,0.3612,GO_GOAL
17.838,-0.3345,-0.3919,0.6257,-1.1692,0.4916,-0.3024,-0.4065,0.3633,GO_GOAL
17.858,-0.3316,-0.3898,0.6257,-1.1692,0.4916,-0.3024,-0.4065,0.3655,GO_GOAL
17.878,-0.3287,-0.3876,0.6257,-1.1673,0.4947,-0.2878,-0.3959,0.3676,GO_GOAL
17.896,-0.3258,-0.3855,0.6257,-1.1655,0.4977,-0.2878,-0.3959,0.3697,GO_GOAL
17.918,-0.3228,-0.3834,0.6257,-1.1636,0.5008,-0.2878,-0.3959,0.3719,GO_GOAL
17.938,-0.3199,-0.3813,0.6257,-1.1618,0.5039,-0.2878,-0.3959,0.374,GO_GOAL
17.958,-0.317,-0.3792,0.6257,-1.1581,0.5101,-0.2878,-0.3959,0.3762,GO_GOAL
17.978,-0.3141,-0.3771,0.6257,-1.1581,0.5101,-0.2732,-0.3854,0.3784,GO_GOAL
17.998,-0.3112,-0.375,0.6257,-1.1543,0.5162,-0.2732,-0.3854,0.3806,GO_GOAL
18.018,-0.3083,-0.3729,0.6257,-1.1543,0.5162,-0.2732,-0.3854,0.3828,GO_GOAL
18.038,-0.3053,-0.3708,0.6257,-1.1525,0.5193,-0.2732,-0.3854,0.3846,GO_GOAL
18.058,-0.3024,-0.3687,0.6257,-1.1506,0.5224,-0.2732,-0.3854,0.385,GO_GOAL
18.078,-0.2995,-0.3666,0.6257,-1.1488,0.5255,-0.2587,-0.3748,0.3855,GO_GOAL
18.098,-0.2966,-0.3645,0.6257,-1.1469,0.5286,-0.2587,-0.3748,0.386,GO_GOAL
18.118,-0.2937,-0.3623,0.6257,-1.1432,0.5347,-0.2587,-0.3748,0.3866,GO_GOAL
18.138,-0.2907,-0.3602,0.6257,-1.1432,0.5347,-0.2587,-0.3748,0.3871,GO_GOAL
18.158,-0.2878,-0.3581,0.6257,-1.1413,0.5378,-0.2587,-0.3748,0.3877,GO_GOAL
18.178,-0.2849,-0.356,0.6257,-1.1395,0.5409,-0.2441,-0.3643,0.3882,GO_GOAL
18.198,-0.282,-0.3539,0.6257,-1.1376,0.544,-0.2441,-0.3643,0.3888,GO_GOAL
18.218,-0.2791,-0.3518,0.6257,-1.1357,0.5471,-0.2441,-0.3643,0.3895,GO_GOAL
18.238,-0.2762,-0.3497,0.6257,-1.1339,0.5501,-0.2441,-0.3643,0.3901,GO_GOAL
18.258,-0.2732,-0.3476,0.6257,-1.132,0.5532,-0.2441,-0.3643,0.3907,GO_GOAL
18.278,-0.2703,-0.3455,0.6257,-1.1302,0.5563,-0.2295,-0.3537,0.3914,GO_GOAL
18.296,-0.2674,-0.3434,0.6257,-1.1283,0.5594,-0.2295,-0.3537,0.3921,GO_GOAL
18.318,-0.2645,-0.3413,0.6257,-1.1264,0.5625,-0.2295,-0.3537,0.3928,GO_GOAL
18.338,-0.2616,-0.3392,0.6257,-1.1246,0.5655,-0.2295,-0.3537,0.3935,GO_GOAL
18.358,-0.2586,-0.337,0.6257,-1.1227,0.5686,-0.2295,-0.3537,0.3943,GO_GOAL
18.378,-0.2557,-0.3349,0.6257,-1.1209,0.5717,-0.2149,-0.3431,0.395,GO_GOAL
18.398,-0.2528,-0.3328,0.6257,-1.119,0.5748,-0.2149,-0.3431,0.3958,GO_GOAL
18.418,-0.2499,-0.3307,0.6257,-1.1171,0.5779,-0.2149,-0.3431,0.3966,GO_GOAL
18.438,-0.247,-0.3286,0.6257,-1.1153,0.581,-0.2149,-0.3431,0.3974,GO_GOAL
18.458,-0.2441,-0.3265,0.6257,-1.1134,0.584,-0.2149,-0.3431,0.3982,GO_GOAL
18.478,-0.2411,-0.3244,0.6257,-1.1116,0.5871,-0.2003,-0.3326,0.3991,GO_GOAL
18.498,-0.2382,-0.3223,0.6257,-1.1097,0.5902,-0.2003,-0.3326,0.3999,GO_GOAL
18.518,-0.2353,-0.3202,0.6257,-1.1078,0.5933,-0.2003,-0.3326,0.4008,GO_GOAL
18.538,-0.2324,-0.3181,0.6257,-1.106,0.5964,-0.2003,-0.3326,0.4017,GO_GOAL
18.558,-0.2295,-0.316,0.6257,-1.1041,0.5995,-0.2003,-0.3326,0.4026,GO_GOAL
18.578,-0.2265,-0.3139,0.6257,-1.1023,0.6025,-0.1857,-0.322,0.4036,GO_GOAL
18.598,-0.2236,-0.3117,0.6257,-1.1004,0.6056,-0.1857,-0.322,0.4045,GO_GOAL
18.618,-0.2207,-0.3096,0.6257,-1.0967,0.6118,-0.1857,-0.322,0.4055,GO_GOAL
18.638,-0.2178,-0.3075,0.6257,-1.0967,0.6118,-0.1857,-0.322,0.4065,GO_GOAL
18.658,-0.2149,-0.3054,0.6257,-1.0948,0.6149,-0.1857,-0.322,0.4075,GO_GOAL
18.678,-0.212,-0.3033,0.6257,-1.093,0.618,-0.1712,-0.3115,0.4085,GO_GOAL
18.698,-0.209,-0.3012,0.6257,-1.0911,0.621,-0.1712,-0.3115,0.4095,GO_GOAL
18.718,-0.2061,-0.2991,0.6257,-1.0892,0.6241,-0.1712,-0.3115,0.4106,GO_GOAL
18.738,-0.2032,-0.297,0.6257,-1.0874,0.6272,-0.1712,-0.3115,0.4116,GO_GOAL
18.758,-0.2003,-0.2949,0.6257,-1.0855,0.6303,-0.1712,-0.3115,0.4127,GO_GOAL
18.778,-0.1974,-0.2928,0.6257,-1.0837,0.6334,-0.1566,-0.3009,0.4138,GO_GOAL
18.798,-0.1944,-0.2907,0.6257,-1.0799,0.6395,-0.1566,-0.3009,0.4149,GO_GOAL
18.818,-0.1915,-0.2886,0.6257,-1.0799,0.6395,-0.1566,-0.3009,0.416,GO_GOAL
18.838,-0.1886,-0.2864,0.6257,-1.0781,0.6426,-0.1566,-0.3009,0.4172,GO_GOAL
18.858,-0.1857,-0.2843,0.6257,-1.0762,0.6457,-0.1566,-0.3009,0.4183,GO_GOAL
18.878,-0.1828,-0.2822,0.6257,-1.0744,0.6488,-0.142,-0.2904,0.4195,GO_GOAL
18.898,-0.1799,-0.2801,0.6257,-1.0725,0.6519,-0.142,-0.2904,0.4207,GO_GOAL
18.918,-0.1769,-0.278,0.6257,-1.0707,0.6549,-0.142,-0.2904,0.4219,GO_GOAL
18.938,-0.174,-0.2759,0.6257,-1.0688,0.658,-0.142,-0.2904,0.4231,GO_GOAL
18.958,-0.1711,-0.2738,0.6257,-1.0669,0.6611,-0.142,-0.2904,0.4244,GO_GOAL
18.978,-0.1682,-0.2717,0.6257,-1.0651,0.6642,-0.1274,-0.2798,0.4256,GO_GOAL
18.998,-0.1653,-0.2696,0.6257,-1.0632,0.6673,-0.1274,-0.2798,0.4269,GO_GOAL
19.018,-0.1623,-0.2675,0.6257,-1.0614,0.6704,-0.1274,-0.2798,0.4282,GO_GOAL
19.038,-0.1594,-0.2654,0.6257,-1.0595,0.6734,-0.1274,-0.2798,0.4295,GO_GOAL
19.058,-0.1565,-0.2633,0.6257,-1.0576,0.6765,-0.1274,-0.2798,0.4308,GO_GOAL
19.078,-0.1536,-0.2611,0.6257,-1.0558,0.6796,-0.1128,-0.2693,0.4322,GO_GOAL
19.098,-0.1507,-0.259,0.6257,-1.0539,0.6827,-0.1128,-0.2693,0.4335,GO_GOAL
19.118,-0.1478,-0.2569,0.6257,-1.0502,0.6888,-0.1128,-0.2693,0.4349,GO_GOAL
19.138,-0.1448,-0.2548,0.6257,-1.0502,0.6888,-0.1128,-0.2693,0.4362,GO_GOAL
19.158,-0.1419,-0.2527,0.6257,-1.0465,0.695,-0.1128,-0.2693,0.4376,GO_GOAL
19.178,-0.139,-0.2506,0.6257,-1.0465,0.695,-0.0982,-0.2587,0.439,GO_GOAL
19.198,-0.1361,-0.2485,0.6257,-1.0446,0.6981,-0.0982,-0.2587,0.4405,GO_GOAL
19.218,-0.1332,-0.2464,0.6257,-1.0428,0.7012,-0.0982,-0.2587,0.4419,GO_GOAL
19.238,-0.1303,-0.2443,0.6257,-1.039,0.7073,-0.0982,-0.2587,0.4433,GO_GOAL
19.258,-0.1273,-0.2422,0.6257,-1.039,0.7073,-0.0982,-0.2587,0.4448,GO_GOAL
19.278,-0.1244,-0.2401,0.6257,-1.0372,0.7104,-0.0837,-0.2482,0.4463,GO_GOAL
19.298,-0.1215,-0.238,0.6257,-1.0353,0.7135,-0.0837,-0.2482,0.4478,GO_GOAL
19.318,-0.1186,-0.2358,0.6257,-1.0335,0.7166,-0.0837,-0.2482,0.4493,GO_GOAL
19.338,-0.1157,-0.2337,0.6257,-1.0316,0.7197,-0.0837,-0.2482,0.4508,GO_GOAL
19.358,-0.1127,-0.2316,0.6257,-1.0297,0.7228,-0.0837,-0.2482,0.4523,GO_GOAL
19.378,-0.1098,-0.2295,0.6257,-1.0279,0.7258,-0.0691,-0.2376,0.4539,GO_GOAL
19.396,-0.1069,-0.2274,0.6257,-1.026,0.7289,-0.0691,-0.2376,0.4555,GO_GOAL
19.418,-0.104,-0.2253,0.6257,-1.0242,0.732,-0.0691,-0.2376,0.457,GO_GOAL
19.438,-0.1011,-0.2232,0.6257,-1.0223,0.7351,-0.0691,-0.2376,0.4586,GO_GOAL
19.458,-0.0982,-0.2211,0.6257,-1.0204,0.7382,-0.0691,-0.2376,0.4602,GO_GOAL
19.478,-0.0952,-0.219,0.6257,-1.0186,0.7413,-0.0545,-0.2271,0.4618,GO_GOAL
19.496,-0.0923,-0.2169,0.6257,-1.0167,0.7443,-0.0545,-0.2271,0.4635,GO_GOAL
19.518,-0.0894,-0.2148,0.6257,-1.0149,0.7474,-0.0545,-0.2271,0.4651,GO_GOAL
19.538,-0.0865,-0.2127,0.6257,-1.013,0.7505,-0.0545,-0.2271,0.4668,GO_GOAL
19.558,-0.0836,-0.2105,0.6257,-1.0111,0.7536,-0.0545,-0.2271,0.4685,GO_GOAL
19.578,-0.0806,-0.2084,0.6257,-1.0093,0.7567,-0.0399,-0.2165,0.4701,GO_GOAL
19.596,-0.0777,-0.2063,0.6257,-1.0074,0.7597,-0.0399,-0.2165,0.4718,GO_GOAL
19.618,-0.0748,-0.2042,0.6257,-1.0056,0.7628,-0.0399,-0.2165,0.4735,GO_GOAL
19.638,-0.0719,-0.2021,0.6257,-1.0037,0.7659,-0.0399,-0.2165,0.4753,GO_GOAL
19.658,-0.069,-0.2,0.6257,-1.0018,0.769,-0.0399,-0.2165,0.477,GO_GOAL
19.678,-0.0661,-0.1979,0.6257,-1.0,0.7721,-0.0253,-0.206,0.4787,GO_GOAL
19.698,-0.0631,-0.1958,0.6257,-0.9981,0.7752,-0.0253,-0.206,0.4805,GO_GOAL
19.718,-0.0602,-0.1937,0.6257,-0.9963,0.7782,-0.0253,-0.206,0.4823,GO_GOAL
19.738,-0.0573,-0.1916,0.6257,-0.9944,0.7813,-0.0253,-0.206,0.4841,GO_GOAL
19.758,-0.0544,-0.1895,0.6257,-0.9925,0.7844,-0.0253,-0.206,0.4859,GO_GOAL
19.778,-0.0515,-0.1874,0.6257,-0.9907,0.7875,-0.0107,-0.1954,0.4877,GO_GOAL
19.796,-0.0485,-0.1852,0.6257,-0.9888,0.7906,-0.0107,-0.1954,0.4895,GO_GOAL
19.818,-0.0456,-0.1831,0.6257,-0.987,0.7937,-0.0107,-0.1954,0.4913,GO_GOAL
19.838,-0.0427,-0.181,0.6257,-0.9851,0.7967,-0.0107,-0.1954,0.4932,GO_GOAL
19.858,-0.0398,-0.1789,0.6257,-0.9832,0.7998,-0.0107,-0.1954,0.495,GO_GOAL
19.878,-0.0369,-0.1768,0.6257,-0.9814,0.8029,0.0038,-0.1849,0.4969,GO_GOAL
19.898,-0.034,-0.1747,0.6257,-0.9795,0.806,0.0038,-0.1849,0.4988,GO_GOAL
19.918,-0.031,-0.1726,0.6257,-0.9777,0.8091,0.0038,-0.1849,0.5007,GO_GOAL
19.938,-0.0281,-0.1705,0.6257,-0.9758,0.8121,0.0038,-0.1849,0.5026,GO_GOAL
19.958,-0.0252,-0.1684,0.6257,-0.974,0.8152,0.0038,-0.1849,0.5045,GO_GOAL
19.978,-0.0223,-0.1663,0.6257,-0.9702,0.8214,0.0184,-0.1743,0.5064,GO_GOAL
19.998,-0.0194,-0.1642,0.6257,-0.9702,0.8214,0.0184,-0.1743,0.5084,GO_GOAL
20.018,-0.0164,-0.1621,0.6257,-0.9684,0.8245,0.0184,-0.1743,0.5076,GO_GOAL
20.038,-0.0135,-0.1599,0.6257,-0.9665,0.8276,0.0184,-0.1743,0.5047,GO_GOAL
20.058,-0.0106,-0.1578,0.6257,-0.9647,0.8306,0.0184,-0.1743,0.5018,GO_GOAL
20.078,-0.0077,-0.1557,0.6257,-0.9628,0.8337,0.033,-0.1638,0.4989,GO_GOAL
20.098,-0.0048,-0.1536,0.6257,-0.9609,0.8368,0.033,-0.1638,0.4961,GO_GOAL
20.118,-0.0019,-0.1515,0.6257,-0.9591,0.8399,0.033,-0.1638,0.4932,GO_GOAL
20.138,0.0011,-0.1494,0.6257,-0.9572,0.843,0.033,-0.1638,0.4904,GO_GOAL
20.158,0.004,-0.1473,0.6257,-0.9535,0.8491,0.033,-0.1638,0.4875,GO_GOAL
20.178,0.0069,-0.1452,0.6257,-0.9535,0.8491,0.0476,-0.1532,0.4847,GO_GOAL
20.198,0.0098,-0.1431,0.6257,-0.9516,0.8522,0.0476,-0.1532,0.4819,GO_GOAL
20.218,0.0127,-0.141,0.6257,-0.9479,0.8584,0.0476,-0.1532,0.4791,GO_GOAL
20.238,0.0157,-0.1389,0.6257,-0.9479,0.8584,0.0476,-0.1532,0.4762,GO_GOAL
20.258,0.0186,-0.1368,0.6257,-0.9461,0.8615,0.0476,-0.1532,0.4734,GO_GOAL
20.278,0.0215,-0.1346,0.6257,-0.9423,0.8676,0.0622,-0.1427,0.4706,GO_GOAL
20.298,0.0244,-0.1325,0.6257,-0.9423,0.8676,0.0622,-0.1427,0.4678,GO_GOAL
20.318,0.0273,-0.1304,0.6257,-0.9405,0.8707,0.0622,-0.1427,0.4651,GO_GOAL
20.338,0.0302,-0.1283,0.6257,-0.9386,0.8738,0.0622,-0.1427,0.4623,GO_GOAL
20.358,0.0332,-0.1262,0.6257,-0.9368,0.8769,0.0622,-0.1427,0.4595,GO_GOAL
20.378,0.0361,-0.1241,0.6257,-0.933,0.883,0.0768,-0.1321,0.4567,GO_GOAL
20.398,0.039,-0.122,0.6257,-0.933,0.883,0.0768,-0.1321,0.454,GO_GOAL
20.418,0.0419,-0.1199,0.6257,-0.9312,0.8861,0.0768,-0.1321,0.4512,GO_GOAL
20.438,0.0448,-0.1178,0.6257,-0.9293,0.8892,0.0768,-0.1321,0.4485,GO_GOAL
20.458,0.0478,-0.1157,0.6257,-0.9275,0.8923,0.0768,-0.1321,0.4457,GO_GOAL
20.478,0.0507,-0.1136,0.6257,-0.9256,0.8954,0.0913,-0.1216,0.443,GO_GOAL
20.498,0.0536,-0.1115,0.6257,-0.9237,0.8985,0.0913,-0.1216,0.4403,GO_GOAL
20.518,0.0565,-0.1093,0.6257,-0.92,0.9046,0.0913,-0.1216,0.4375,GO_GOAL
20.538,0.0594,-0.1072,0.6257,-0.92,0.9046,0.0913,-0.1216,0.4348,GO_GOAL
20.558,0.0623,-0.1051,0.6257,-0.9182,0.9077,0.0913,-0.1216,0.4321,GO_GOAL
20.578,0.0653,-0.103,0.6257,-0.9163,0.9108,0.1059,-0.111,0.4294,GO_GOAL
20.598,0.0682,-0.1009,0.6257,-0.9144,0.9139,0.1059,-0.111,0.4267,GO_GOAL
20.618,0.0711,-0.0988,0.6257,-0.9126,0.917,0.1059,-0.111,0.4241,GO_GOAL
20.638,0.074,-0.0967,0.6257,-0.9107,0.92,0.1059,-0.111,0.4214,GO_GOAL
20.658,0.0769,-0.0946,0.6257,-0.9089,0.9231,0.1059,-0.111,0.4187,GO_GOAL
20.678,0.0798,-0.0925,0.6257,-0.9051,0.9293,0.1205,-0.1005,0.4161,GO_GOAL
20.698,0.0828,-0.0904,0.6257,-0.9051,0.9293,0.1205,-0.1005,0.4134,GO_GOAL
20.718,0.0857,-0.0883,0.6257,-0.9033,0.9324,0.1205,-0.1005,0.4108,GO_GOAL
20.738,0.0886,-0.0862,0.6257,-0.9014,0.9355,0.1205,-0.1005,0.4082,GO_GOAL
20.758,0.0915,-0.084,0.6257,-0.8996,0.9385,0.1205,-0.1005,0.4055,GO_GOAL
20.778,0.0944,-0.0819,0.6257,-0.8977,0.9416,0.1351,-0.0899,0.4029,GO_GOAL
20.798,0.0974,-0.0798,0.6257,-0.8958,0.9447,0.1351,-0.0899,0.4003,GO_GOAL
20.818,0.1003,-0.0777,0.6257,-0.894,0.9478,0.1351,-0.0899,0.3977,GO_GOAL
20.838,0.1032,-0.0756,0.6257,-0.8921,0.9509,0.1351,-0.0899,0.3951,GO_GOAL
20.858,0.1061,-0.0735,0.6257,-0.8903,0.9539,0.1351,-0.0899,0.3925,GO_GOAL
20.878,0.109,-0.0714,0.6257,-0.8884,0.957,0.1497,-0.0794,0.39,GO_GOAL
20.898,0.1119,-0.0693,0.6257,-0.8866,0.9601,0.1497,-0.0794,0.3874,GO_GOAL
20.918,0.1149,-0.0672,0.6257,-0.8847,0.9632,0.1497,-0.0794,0.3849,GO_GOAL
20.938,0.1178,-0.0651,0.6257,-0.881,0.9694,0.1497,-0.0794,0.3823,GO_GOAL
20.958,0.1207,-0.063,0.6257,-0.881,0.9694,0.1497,-0.0794,0.3798,GO_GOAL
20.978,0.1236,-0.0609,0.6257,-0.8791,0.9724,0.1643,-0.0688,0.3773,GO_GOAL
20.998,0.1265,-0.0587,0.6257,-0.8754,0.9786,0.1643,-0.0688,0.3747,GO_GOAL
21.018,0.1295,-0.0566,0.6257,-0.8735,0.9817,0.1643,-0.0688,0.3722,GO_GOAL
21.038,0.1324,-0.0545,0.6257,-0.8735,0.9817,0.1643,-0.0688,0.3697,GO_GOAL
21.058,0.1353,-0.0524,0.6257,-0.8717,0.9848,0.1643,-0.0688,0.3673,GO_GOAL
21.078,0.1382,-0.0503,0.6257,-0.868,0.9909,0.1788,-0.0583,0.3648,GO_GOAL
21.098,0.1411,-0.0482,0.6257,-0.868,0.9909,0.1788,-0.0583,0.3623,GO_GOAL
21.118,0.144,-0.0461,0.6257,-0.8661,0.994,0.1788,-0.0583,0.3599,GO_GOAL
21.138,0.147,-0.044,0.6257,-0.8642,0.9971,0.1788,-0.0583,0.3574,GO_GOAL
21.158,0.1499,-0.0419,0.6257,-0.8624,1.0002,0.1788,-0.0583,0.355,GO_GOAL
21.178,0.1528,-0.0398,0.6257,-0.8605,1.0033,0.1934,-0.0477,0.3526,GO_GOAL
21.198,0.1557,-0.0377,0.6257,-0.8587,1.0063,0.1934,-0.0477,0.3502,GO_GOAL
21.218,0.1586,-0.0356,0.6257,-0.8568,1.0094,0.1934,-0.0477,0.3477,GO_GOAL
21.238,0.1616,-0.0334,0.6257,-0.8531,1.0156,0.1934,-0.0477,0.3454,GO_GOAL
21.258,0.1645,-0.0313,0.6257,-0.8531,1.0156,0.1934,-0.0477,0.343,GO_GOAL
21.278,0.1674,-0.0292,0.6257,-0.8512,1.0187,0.208,-0.0372,0.3406,GO_GOAL
21.298,0.1703,-0.0271,0.6257,-0.8494,1.0218,0.208,-0.0372,0.3383,GO_GOAL
21.318,0.1732,-0.025,0.6257,-0.8475,1.0248,0.208,-0.0372,0.3359,GO_GOAL
21.338,0.1761,-0.0229,0.6257,-0.8438,1.031,0.208,-0.0372,0.3336,GO_GOAL
21.358,0.1791,-0.0208,0.6257,-0.8438,1.031,0.208,-0.0372,0.3313,GO_GOAL
21.378,0.182,-0.0187,0.6257,-0.8419,1.0341,0.2226,-0.0266,0.3289,GO_GOAL
21.398,0.1849,-0.0166,0.6257,-0.8401,1.0372,0.2226,-0.0266,0.3266,GO_GOAL
21.418,0.1878,-0.0145,0.6257,-0.8382,1.0403,0.2226,-0.0266,0.3244,GO_GOAL
21.438,0.1907,-0.0124,0.6257,-0.8363,1.0433,0.2226,-0.0266,0.3221,GO_GOAL
21.458,0.1937,-0.0103,0.6257,-0.8326,1.0495,0.2226,-0.0266,0.3198,GO_GOAL
21.478,0.1966,-0.0081,0.6257,-0.8326,1.0495,0.2372,-0.0161,0.3176,GO_GOAL
21.498,0.1995,-0.006,0.6257,-0.8289,1.0557,0.2372,-0.0161,0.3153,GO_GOAL
21.518,0.2024,-0.0039,0.6257,-0.8289,1.0557,0.2372,-0.0161,0.3131,GO_GOAL
21.538,0.2053,-0.0018,0.6257,-0.8252,1.0618,0.2372,-0.0161,0.3109,GO_GOAL
21.558,0.2082,0.0003,0.6257,-0.8252,1.0618,0.2372,-0.0161,0.3087,GO_GOAL
21.578,0.2112,0.0024,0.6257,-0.8233,1.0649,0.2518,-0.0055,0.3065,GO_GOAL
21.598,0.2141,0.0045,0.6257,-0.8215,1.068,0.2518,-0.0055,0.3044,GO_GOAL
21.618,0.217,0.0066,0.6257,-0.8196,1.0711,0.2518,-0.0055,0.3022,GO_GOAL
21.638,0.2199,0.0087,0.6257,-0.8159,1.0772,0.2518,-0.0055,0.3001,GO_GOAL
21.658,0.2228,0.0108,0.6257,-0.8159,1.0772,0.2518,-0.0055,0.2979,GO_GOAL
21.678,0.2258,0.0129,0.6257,-0.814,1.0803,0.2663,0.005,0.2958,GO_GOAL
21.698,0.2287,0.015,0.6257,-0.8122,1.0834,0.2663,0.005,0.2937,GO_GOAL
21.718,0.2316,0.0172,0.6257,-0.8103,1.0865,0.2663,0.005,0.2916,GO_GOAL
21.738,0.2345,0.0193,0.6257,-0.8084,1.0896,0.2663,0.005,0.2895,GO_GOAL
21.758,0.2374,0.0214,0.6257,-0.8066,1.0927,0.2663,0.005,0.2875,GO_GOAL
21.778,0.2403,0.0235,0.6257,-0.8047,1.0957,0.2809,0.0156,0.2854,GO_GOAL
21.798,0.2433,0.0256,0.6257,-0.8029,1.0988,0.2809,0.0156,0.2834,GO_GOAL
21.818,0.2462,0.0277,0.6257,-0.801,1.1019,0.2809,0.0156,0.2814,GO_GOAL
21.838,0.2491,0.0298,0.6257,-0.7991,1.105,0.2809,0.0156,0.2794,GO_GOAL
21.858,0.252,0.0319,0.6257,-0.7973,1.1081,0.2809,0.0156,0.2774,GO_GOAL
21.878,0.2549,0.034,0.6257,-0.7954,1.1112,0.2955,0.0261,0.2754,GO_GOAL
21.898,0.2578,0.0361,0.6257,-0.7936,1.1142,0.2955,0.0261,0.2735,GO_GOAL
21.918,0.2608,0.0382,0.6257,-0.7917,1.1173,0.2955,0.0261,0.2715,GO_GOAL
21.938,0.2637,0.0403,0.6257,-0.7899,1.1204,0.2955,0.0261,0.2696,GO_GOAL
21.958,0.2666,0.0425,0.6257,-0.788,1.1235,0.2955,0.0261,0.2677,GO_GOAL
21.978,0.2695,0.0446,0.6257,-0.7861,1.1266,0.3101,0.0367,0.2658,GO_GOAL
21.998,0.2724,0.0467,0.6257,-0.7843,1.1296,0.3101,0.0367,0.264,GO_GOAL
22.018,0.2754,0.0488,0.6257,-0.7824,1.1327,0.3101,0.0367,0.2621,GO_GOAL
22.038,0.2783,0.0509,0.6257,-0.7806,1.1358,0.3101,0.0367,0.2603,GO_GOAL
22.058,0.2812,0.053,0.6257,-0.7787,1.1389,0.3101,0.0367,0.2584,GO_GOAL
22.078,0.2841,0.0551,0.6257,-0.7768,1.142,0.3247,0.0472,0.2566,GO_GOAL
22.098,0.287,0.0572,0.6257,-0.775,1.1451,0.3247,0.0472,0.2548,GO_GOAL
22.118,0.2899,0.0593,0.6257,-0.7731,1.1481,0.3247,0.0472,0.2531,GO_GOAL
22.138,0.2929,0.0614,0.6257,-0.7713,1.1512,0.3247,0.0472,0.2513,GO_GOAL
22.158,0.2958,0.0635,0.6257,-0.7675,1.1574,0.3247,0.0472,0.2496,GO_GOAL
22.178,0.2987,0.0656,0.6257,-0.7657,1.1605,0.3393,0.0578,0.2479,GO_GOAL
22.198,0.3016,0.0678,0.6257,-0.7657,1.1605,0.3393,0.0578,0.2462,GO_GOAL
22.218,0.3045,0.0699,0.6257,-0.7638,1.1636,0.3393,0.0578,0.2445,GO_GOAL
22.238,0.3075,0.072,0.6257,-0.762,1.1666,0.3393,0.0578,0.2428,GO_GOAL
22.258,0.3104,0.0741,0.6257,-0.7601,1.1697,0.3393,0.0578,0.2412,GO_GOAL
22.278,0.3133,0.0762,0.6257,-0.7582,1.1728,0.3568,0.0704,0.2395,GO_GOAL
22.298,0.3162,0.0783,0.6257,-0.7564,1.1759,0.3568,0.0704,0.2379,GO_GOAL
22.318,0.3191,0.0804,0.6257,-0.7545,1.179,0.3568,0.0704,0.2363,GO_GOAL
22.338,0.322,0.0825,0.6257,-0.7527,1.1821,0.3568,0.0704,0.2348,GO_GOAL
22.358,0.325,0.0846,0.6257,-0.7508,1.1851,0.3568,0.0704,0.2332,GO_GOAL
22.378,0.3279,0.0867,0.6257,-0.7489,1.1882,0.3684,0.0789,0.2317,GO_GOAL
22.398,0.3308,0.0888,0.6257,-0.7471,1.1913,0.3684,0.0789,0.2302,GO_GOAL
22.418,0.3337,0.0909,0.6257,-0.7452,1.1944,0.3684,0.0789,0.2287,GO_GOAL
22.438,0.3366,0.0931,0.6257,-0.7434,1.1975,0.3684,0.0789,0.2272,GO_GOAL
22.458,0.3396,0.0952,0.6257,-0.7415,1.2005,0.3684,0.0789,0.2258,GO_GOAL
22.478,0.3425,0.0973,0.6257,-0.7378,1.2067,0.383,0.0894,0.2243,GO_GOAL
22.498,0.3454,0.0994,0.6257,-0.7378,1.2067,0.383,0.0894,0.2229,GO_GOAL
22.518,0.3483,0.1015,0.6257,-0.7359,1.2098,0.383,0.0894,0.2215,GO_GOAL
22.538,0.3512,0.1036,0.6257,-0.7322,1.216,0.383,0.0894,0.2202,GO_GOAL
22.558,0.3541,0.1057,0.6257,-0.7322,1.216,0.383,0.0894,0.2188,GO_GOAL
22.578,0.3571,0.1078,0.6257,-0.7285,1.2221,0.3976,0.1,0.2175,GO_GOAL
22.598,0.36,0.1099,0.6257,-0.7285,1.2221,0.3976,0.1,0.2162,GO_GOAL
22.618,0.3629,0.112,0.6257,-0.7266,1.2252,0.3976,0.1,0.2149,GO_GOAL
22.638,0.3658,0.1141,0.6257,-0.7229,1.2314,0.3976,0.1,0.2136,GO_GOAL
22.658,0.3687,0.1162,0.6257,-0.7229,1.2314,0.3976,0.1,0.2124,GO_GOAL
22.678,0.3717,0.1184,0.6257,-0.721,1.2345,0.4122,0.1105,0.2112,GO_GOAL
22.698,0.3746,0.1205,0.6257,-0.7192,1.2375,0.4122,0.1105,0.21,GO_GOAL
22.718,0.3775,0.1226,0.6257,-0.7173,1.2406,0.4122,0.1105,0.2088,GO_GOAL
22.738,0.3804,0.1247,0.6257,-0.7155,1.2437,0.4122,0.1105,0.2076,GO_GOAL
22.758,0.3833,0.1268,0.6257,-0.7136,1.2468,0.4122,0.1105,0.2065,GO_GOAL
22.778,0.3862,0.1289,0.6257,-0.7117,1.2499,0.4268,0.1211,0.2054,GO_GOAL
22.798,0.3892,0.131,0.6257,-0.7099,1.2529,0.4268,0.1211,0.2043,GO_GOAL
22.818,0.3921,0.1331,0.6257,-0.708,1.256,0.4268,0.1211,0.2033,GO_GOAL
22.838,0.395,0.1352,0.6257,-0.7062,1.2591,0.4268,0.1211,0.2022,GO_GOAL
22.858,0.3979,0.1373,0.6257,-0.7043,1.2622,0.4268,0.1211,0.2012,GO_GOAL
22.878,0.4008,0.1394,0.6257,-0.7025,1.2653,0.4413,0.1316,0.2002,GO_GOAL
22.898,0.4038,0.1415,0.6257,-0.7006,1.2684,0.4413,0.1316,0.1992,GO_GOAL
22.918,0.4067,0.1437,0.6257,-0.6987,1.2714,0.4413,0.1316,0.1983,GO_GOAL
22.938,0.4096,0.1458,0.6257,-0.6969,1.2745,0.4413,0.1316,0.1974,GO_GOAL
22.958,0.4125,0.1479,0.6257,-0.6932,1.2807,0.4413,0.1316,0.1965,GO_GOAL
22.978,0.4154,0.15,0.6257,-0.6932,1.2807,0.4559,0.1422,0.1956,GO_GOAL
22.998,0.4183,0.1521,0.6257,-0.6913,1.2838,0.4559,0.1422,0.1948,GO_GOAL
23.018,0.4213,0.1542,0.6257,-0.6894,1.2869,0.4559,0.1422,0.1939,GO_GOAL
23.038,0.4242,0.1563,0.6257,-0.6876,1.2899,0.4559,0.1422,0.1931,GO_GOAL
23.058,0.4271,0.1584,0.6257,-0.6857,1.293,0.4559,0.1422,0.1924,GO_GOAL
23.078,0.43,0.1605,0.6257,-0.682,1.2992,0.4705,0.1527,0.1916,GO_GOAL
23.098,0.4329,0.1626,0.6257,-0.6801,1.3023,0.4705,0.1527,0.1909,GO_GOAL
23.118,0.4358,0.1647,0.6257,-0.6783,1.3054,0.4705,0.1527,0.1902,GO_GOAL
23.138,0.4388,0.1668,0.6257,-0.6783,1.3054,0.4705,0.1527,0.1895,GO_GOAL
23.158,0.4417,0.169,0.6257,-0.6764,1.3084,0.4705,0.1527,0.1889,GO_GOAL
23.178,0.4446,0.1711,0.6257,-0.6746,1.3115,0.4851,0.1633,0.1882,GO_GOAL
23.198,0.4475,0.1732,0.6257,-0.6727,1.3146,0.4851,0.1633,0.1876,GO_GOAL
23.218,0.4504,0.1753,0.6257,-0.6708,1.3177,0.4851,0.1633,0.1871,GO_GOAL
23.238,0.4534,0.1774,0.6257,-0.669,1.3208,0.4851,0.1633,0.1865,GO_GOAL
23.258,0.4563,0.1795,0.6257,-0.6671,1.3238,0.4851,0.1633,0.186,GO_GOAL
23.278,0.4592,0.1816,0.6257,-0.6653,1.3269,0.4997,0.1738,0.1855,GO_GOAL
23.298,0.4621,0.1837,0.6257,-0.6634,1.33,0.4997,0.1738,0.185,GO_GOAL
23.318,0.465,0.1858,0.6257,-0.6615,1.3331,0.4997,0.1738,0.1846,GO_GOAL
23.338,0.4679,0.1879,0.6257,-0.6597,1.3362,0.4997,0.1738,0.1841,GO_GOAL
23.358,0.4709,0.19,0.6257,-0.6578,1.3393,0.4997,0.1738,0.1837,GO_GOAL
23.378,0.4738,0.1921,0.6257,-0.656,1.3423,0.5143,0.1844,0.1834,GO_GOAL
23.398,0.4767,0.1943,0.6257,-0.6541,1.3454,0.5143,0.1844,0.183,GO_GOAL
23.418,0.4796,0.1964,0.6257,-0.6522,1.3485,0.5143,0.1844,0.1827,GO_GOAL
23.438,0.4825,0.1985,0.6257,-0.6504,1.3516,0.5143,0.1844,0.1824,GO_GOAL
23.458,0.4855,0.2006,0.6257,-0.6485,1.3547,0.5143,0.1844,0.1821,GO_GOAL
23.478,0.4884,0.2027,0.6257,-0.6448,1.3608,0.5289,0.1949,0.1819,GO_GOAL
23.498,0.4913,0.2048,0.6257,-0.6448,1.3608,0.5289,0.1949,0.1817,GO_GOAL
23.518,0.4942,0.2069,0.6257,-0.6429,1.3639,0.5289,0.1949,0.1815,GO_GOAL
23.538,0.4971,0.209,0.6257,-0.6392,1.3701,0.5289,0.1949,0.1813,GO_GOAL
23.558,0.5,0.2111,0.6257,-0.6392,1.3701,0.5289,0.1949,0.1812,GO_GOAL
23.578,0.503,0.2132,0.6257,-0.6355,1.3762,0.5434,0.2055,0.1811,GO_GOAL
23.598,0.5059,0.2153,0.6257,-0.6355,1.3762,0.5434,0.2055,0.181,GO_GOAL
23.618,0.5088,0.2174,0.6257,-0.6336,1.3793,0.5434,0.2055,0.181,GO_GOAL
23.638,0.5117,0.2196,0.6257,-0.6299,1.3855,0.5434,0.2055,0.1809,GO_GOAL
23.658,0.5146,0.2217,0.6257,-0.6299,1.3855,0.5434,0.2055,0.1809,GO_GOAL
23.678,0.5176,0.2238,0.6257,-0.6281,1.3886,0.558,0.216,0.181,GO_GOAL
23.698,0.5205,0.2259,0.6257,-0.6243,1.3947,0.558,0.216,0.181,GO_GOAL
23.718,0.5234,0.228,0.6257,-0.6243,1.3947,0.558,0.216,0.1811,GO_GOAL
23.738,0.5263,0.2301,0.6257,-0.6225,1.3978,0.558,0.216,0.1812,GO_GOAL
23.758,0.5292,0.2322,0.6257,-0.6206,1.4009,0.558,0.216,0.1813,GO_GOAL
23.778,0.5321,0.2343,0.6257,-0.6188,1.404,0.5726,0.2266,0.1815,GO_GOAL
23.798,0.5351,0.2364,0.6257,-0.6169,1.4071,0.5726,0.2266,0.1817,GO_GOAL
23.818,0.538,0.2385,0.6257,-0.615,1.4102,0.5726,0.2266,0.1819,GO_GOAL
23.838,0.5409,0.2406,0.6257,-0.6132,1.4132,0.5726,0.2266,0.1821,GO_GOAL
23.858,0.5438,0.2427,0.6257,-0.6113,1.4163,0.5726,0.2266,0.1824,GO_GOAL
23.878,0.5467,0.2449,0.6257,-0.6095,1.4194,0.5901,0.2393,0.1826,GO_GOAL
23.898,0.5497,0.247,0.6257,-0.6076,1.4225,0.5901,0.2393,0.183,GO_GOAL
23.918,0.5526,0.2491,0.6257,-0.6058,1.4256,0.5901,0.2393,0.1833,GO_GOAL
23.938,0.5555,0.2512,0.6257,-0.6039,1.4287,0.5901,0.2393,0.1837,GO_GOAL
23.958,0.5584,0.2533,0.6257,-0.602,1.4317,0.5901,0.2393,0.1841,GO_GOAL
23.978,0.5613,0.2554,0.6257,-0.6002,1.4348,0.6018,0.2477,0.1845,GO_GOAL
23.998,0.5642,0.2575,0.6257,-0.5983,1.4379,0.6018,0.2477,0.1849,GO_GOAL
24.018,0.5672,0.2596,0.6257,-0.5946,1.4441,0.6018,0.2477,0.1854,GO_GOAL
24.038,0.5701,0.2617,0.6257,-0.5946,1.4441,0.6018,0.2477,0.1859,GO_GOAL
24.058,0.573,0.2638,0.6257,-0.5927,1.4471,0.6018,0.2477,0.1864,GO_GOAL
24.078,0.5759,0.2659,0.6257,-0.589,1.4533,0.6193,0.2604,0.1869,GO_GOAL
24.098,0.5788,0.268,0.6257,-0.589,1.4533,0.6193,0.2604,0.1875,GO_GOAL
24.118,0.5818,0.2702,0.6257,-0.5872,1.4564,0.6193,0.2604,0.1881,GO_GOAL
24.138,0.5847,0.2723,0.6257,-0.5853,1.4595,0.6193,0.2604,0.1887,GO_GOAL
24.158,0.5876,0.2744,0.6257,-0.5834,1.4626,0.6193,0.2604,0.1894,GO_GOAL
24.178,0.5905,0.2765,0.6257,-0.5816,1.4656,0.6309,0.2688,0.1901,GO_GOAL
24.198,0.5934,0.2786,0.6257,-0.5797,1.4687,0.6309,0.2688,0.1907,GO_GOAL
24.218,0.5963,0.2807,0.6257,-0.5779,1.4718,0.6309,0.2688,0.1915,GO_GOAL
24.238,0.5993,0.2828,0.6257,-0.576,1.4749,0.6309,0.2688,0.1922,GO_GOAL
24.258,0.6022,0.2849,0.6257,-0.5741,1.478,0.6309,0.2688,0.193,GO_GOAL
24.278,0.6051,0.287,0.6257,-0.5723,1.4811,0.6455,0.2794,0.1938,GO_GOAL
24.298,0.608,0.2891,0.6257,-0.5704,1.4841,0.6455,0.2794,0.1946,GO_GOAL
24.318,0.6109,0.2912,0.6257,-0.5686,1.4872,0.6455,0.2794,0.1954,GO_GOAL
24.338,0.6138,0.2933,0.6257,-0.5667,1.4903,0.6455,0.2794,0.1963,GO_GOAL
24.358,0.6168,0.2955,0.6257,-0.5648,1.4934,0.6455,0.2794,0.1972,GO_GOAL
24.378,0.6197,0.2976,0.6257,-0.563,1.4965,0.6601,0.2899,0.1981,GO_GOAL
24.398,0.6226,0.2997,0.6257,-0.5611,1.4996,0.6601,0.2899,0.1991,GO_GOAL
24.418,0.6255,0.3018,0.6257,-0.5574,1.5057,0.6601,0.2899,0.2,GO_GOAL
24.438,0.6284,0.3039,0.6257,-0.5574,1.5057,0.6601,0.2899,0.201,GO_GOAL
24.458,0.6314,0.306,0.6257,-0.5555,1.5088,0.6601,0.2899,0.202,GO_GOAL
24.478,0.6343,0.3081,0.6257,-0.5518,1.515,0.6747,0.3005,0.2031,GO_GOAL
24.498,0.6372,0.3102,0.6257,-0.5518,1.515,0.6747,0.3005,0.2041,GO_GOAL
24.518,0.6401,0.3123,0.6257,-0.55,1.518,0.6747,0.3005,0.2052,GO_GOAL
24.538,0.643,0.3144,0.6257,-0.5481,1.5211,0.6747,0.3005,0.2063,GO_GOAL
24.558,0.6459,0.3165,0.6257,-0.5462,1.5242,0.6747,0.3005,0.2074,GO_GOAL
24.578,0.6489,0.3186,0.6257,-0.5444,1.5273,0.6893,0.311,0.2086,GO_GOAL
24.598,0.6518,0.3208,0.6257,-0.5425,1.5304,0.6893,0.311,0.2098,GO_GOAL
24.618,0.6547,0.3229,0.6257,-0.5407,1.5335,0.6893,0.311,0.2109,GO_GOAL
24.638,0.6576,0.325,0.6257,-0.5388,1.5365,0.6893,0.311,0.2122,GO_GOAL
24.658,0.6605,0.3271,0.6257,-0.5369,1.5396,0.6893,0.311,0.2134,GO_GOAL
24.678,0.6635,0.3292,0.6257,-0.5332,1.5458,0.7039,0.3216,0.2147,GO_GOAL
24.698,0.6664,0.3313,0.6257,-0.5332,1.5458,0.7039,0.3216,0.2159,GO_GOAL
24.718,0.6693,0.3334,0.6257,-0.5314,1.5489,0.7039,0.3216,0.2172,GO_GOAL
24.738,0.6722,0.3355,0.6257,-0.5295,1.552,0.7039,0.3216,0.2186,GO_GOAL
24.758,0.6751,0.3376,0.6257,-0.5276,1.555,0.7039,0.3216,0.2199,GO_GOAL
24.778,0.678,0.3397,0.6257,-0.5258,1.5581,0.7184,0.3321,0.2213,GO_GOAL
24.798,0.681,0.3418,0.6257,-0.5221,1.5643,0.7184,0.3321,0.2227,GO_GOAL
24.818,0.6839,0.3439,0.6257,-0.5221,1.5643,0.7184,0.3321,0.2241,GO_GOAL
24.838,0.6868,0.3461,0.6257,-0.5202,1.5674,0.7184,0.3321,0.2255,GO_GOAL
24.858,0.6897,0.3482,0.6257,-0.5183,1.5704,0.7184,0.3321,0.2269,GO_GOAL
24.878,0.6926,0.3503,0.6257,-0.5165,1.5735,0.733,0.3427,0.2284,GO_GOAL
24.898,0.6956,0.3524,0.6257,-0.5146,1.5766,0.733,0.3427,0.2299,GO_GOAL
24.918,0.6985,0.3545,0.6257,-0.5128,1.5797,0.733,0.3427,0.2314,GO_GOAL
24.938,0.7014,0.3566,0.6257,-0.5109,1.5828,0.733,0.3427,0.2329,GO_GOAL
24.958,0.7043,0.3587,0.6257,-0.5091,1.5859,0.733,0.3427,0.2345,GO_GOAL
24.978,0.7072,0.3608,0.6257,-0.5072,1.5889,0.7476,0.3532,0.236,GO_GOAL
24.998,0.7101,0.3629,0.6257,-0.5053,1.592,0.7476,0.3532,0.2376,GO_GOAL
25.018,0.7131,0.365,0.6257,-0.5035,1.5951,0.7476,0.3532,0.2392,GO_GOAL
25.038,0.716,0.3671,0.6257,-0.5016,1.5982,0.7476,0.3532,0.2409,GO_GOAL
25.058,0.7189,0.3692,0.6257,-0.4998,1.6013,0.7476,0.3532,0.2425,GO_GOAL
25.078,0.7218,0.3714,0.6257,-0.4979,1.6044,0.7651,0.3659,0.2442,GO_GOAL
25.098,0.7247,0.3735,0.6257,-0.4942,1.6105,0.7651,0.3659,0.2458,GO_GOAL
25.118,0.7277,0.3756,0.6257,-0.4942,1.6105,0.7651,0.3659,0.2475,GO_GOAL
25.138,0.7306,0.3777,0.6257,-0.4923,1.6136,0.7651,0.3659,0.2493,GO_GOAL
25.158,0.7335,0.3798,0.6257,-0.4905,1.6167,0.7651,0.3659,0.251,GO_GOAL
25.178,0.7364,0.3819,0.6257,-0.4886,1.6198,0.7797,0.3764,0.2527,GO_GOAL
25.198,0.7393,0.384,0.6257,-0.4867,1.6229,0.7797,0.3764,0.2545,GO_GOAL
25.218,0.7422,0.3861,0.6257,-0.4849,1.6259,0.7797,0.3764,0.2563,GO_GOAL
25.238,0.7452,0.3882,0.6257,-0.483,1.629,0.7797,0.3764,0.2581,GO_GOAL
25.258,0.7481,0.3903,0.6257,-0.4812,1.6321,0.7797,0.3764,0.2599,GO_GOAL
25.278,0.751,0.3924,0.6257,-0.4774,1.6383,0.7914,0.3849,0.2618,GO_GOAL
25.298,0.7539,0.3945,0.6257,-0.4774,1.6383,0.7914,0.3849,0.2636,GO_GOAL
25.318,0.7568,0.3967,0.6257,-0.4756,1.6413,0.7914,0.3849,0.2655,GO_GOAL
25.338,0.7598,0.3988,0.6257,-0.4737,1.6444,0.7914,0.3849,0.2674,GO_GOAL
25.358,0.7627,0.4009,0.6257,-0.4719,1.6475,0.7914,0.3849,0.2693,GO_GOAL
25.378,0.7656,0.403,0.6257,-0.47,1.6506,0.8059,0.3954,0.2712,GO_GOAL
25.398,0.7685,0.4051,0.6257,-0.4681,1.6537,0.8059,0.3954,0.2731,GO_GOAL
25.418,0.7714,0.4072,0.6257,-0.4663,1.6568,0.8059,0.3954,0.2751,GO_GOAL
25.438,0.7743,0.4093,0.6257,-0.4644,1.6598,0.8059,0.3954,0.277,GO_GOAL
25.458,0.7773,0.4114,0.6257,-0.4626,1.6629,0.8059,0.3954,0.279,GO_GOAL
25.478,0.7802,0.4135,0.6257,-0.4607,1.666,0.8234,0.4081,0.281,GO_GOAL
25.498,0.7831,0.4156,0.6257,-0.4588,1.6691,0.8234,0.4081,0.283,GO_GOAL
25.518,0.786,0.4177,0.6257,-0.457,1.6722,0.8234,0.4081,0.2851,GO_GOAL
25.538,0.7889,0.4198,0.6257,-0.4551,1.6753,0.8234,0.4081,0.2871,GO_GOAL
25.558,0.7918,0.422,0.6257,-0.4533,1.6783,0.8234,0.4081,0.2891,GO_GOAL
25.578,0.7948,0.4241,0.6257,-0.4495,1.6845,0.8351,0.4165,0.2912,GO_GOAL
25.598,0.7977,0.4262,0.6257,-0.4495,1.6845,0.8351,0.4165,0.2933,GO_GOAL
25.618,0.8006,0.4283,0.6257,-0.4477,1.6876,0.8351,0.4165,0.2954,GO_GOAL
25.638,0.8035,0.4304,0.6257,-0.4458,1.6907,0.8351,0.4165,0.2975,GO_GOAL
25.658,0.8064,0.4325,0.6257,-0.444,1.6937,0.8351,0.4165,0.2996,GO_GOAL
25.678,0.8094,0.4346,0.6257,-0.4421,1.6968,0.8497,0.4271,0.3018,GO_GOAL
25.698,0.8123,0.4367,0.6257,-0.4384,1.703,0.8497,0.4271,0.3039,GO_GOAL
25.718,0.8152,0.4388,0.6257,-0.4384,1.703,0.8497,0.4271,0.3061,GO_GOAL
25.736,0.8181,0.4409,0.6257,-0.4365,1.7061,0.8497,0.4271,0.3083,GO_GOAL
25.758,0.821,0.443,0.6257,-0.4347,1.7092,0.8497,0.4271,0.3105,GO_GOAL
25.778,0.8239,0.4451,0.6257,-0.4328,1.7122,0.8643,0.4376,0.3127,GO_GOAL
25.798,0.8269,0.4473,0.6257,-0.4309,1.7153,0.8643,0.4376,0.3149,GO_GOAL
25.818,0.8298,0.4494,0.6257,-0.4291,1.7184,0.8643,0.4376,0.3172,GO_GOAL
25.838,0.8327,0.4515,0.6257,-0.4272,1.7215,0.8643,0.4376,0.3194,GO_GOAL
25.858,0.8356,0.4536,0.6257,-0.4254,1.7246,0.8643,0.4376,0.3217,GO_GOAL
25.878,0.8385,0.4557,0.6257,-0.4235,1.7277,0.8789,0.4482,0.3239,GO_GOAL
25.898,0.8415,0.4578,0.6257,-0.4217,1.7307,0.8789,0.4482,0.3262,GO_GOAL
25.918,0.8444,0.4599,0.6257,-0.4198,1.7338,0.8789,0.4482,0.3285,GO_GOAL
25.938,0.8473,0.462,0.6257,-0.4179,1.7369,0.8789,0.4482,0.3308,GO_GOAL
25.958,0.8502,0.4641,0.6257,-0.4161,1.74,0.8789,0.4482,0.3331,GO_GOAL
25.978,0.8531,0.4662,0.6257,-0.4142,1.7431,0.8934,0.4587,0.3355,GO_GOAL
25.998,0.856,0.4683,0.6257,-0.4124,1.7462,0.8934,0.4587,0.3378,GO_GOAL
26.018,0.859,0.4704,0.6257,-0.4105,1.7492,0.8934,0.4587,0.3402,GO_GOAL
26.038,0.8619,0.4726,0.6257,-0.4086,1.7523,0.8934,0.4587,0.3425,GO_GOAL
26.058,0.8648,0.4747,0.6257,-0.4068,1.7554,0.8934,0.4587,0.3449,GO_GOAL
26.078,0.8677,0.4768,0.6257,-0.4031,1.7616,0.908,0.4693,0.3473,GO_GOAL
26.098,0.8706,0.4789,0.6257,-0.4031,1.7616,0.908,0.4693,0.3497,GO_GOAL
26.118,0.8736,0.481,0.6257,-0.3993,1.7677,0.908,0.4693,0.3521,GO_GOAL
26.138,0.8765,0.4831,0.6257,-0.3993,1.7677,0.908,0.4693,0.3545,GO_GOAL
26.158,0.8794,0.4852,0.6257,-0.3975,1.7708,0.908,0.4693,0.357,GO_GOAL
26.178,0.8823,0.4873,0.6257,-0.3956,1.7739,0.9226,0.4798,0.3594,GO_GOAL
26.198,0.8852,0.4894,0.6257,-0.3919,1.7801,0.9226,0.4798,0.3619,GO_GOAL
26.218,0.8881,0.4915,0.6257,-0.3919,1.7801,0.9226,0.4798,0.3643,GO_GOAL
26.238,0.8911,0.4936,0.6257,-0.39,1.7831,0.9226,0.4798,0.3668,GO_GOAL
26.258,0.894,0.4957,0.6257,-0.3882,1.7862,0.9226,0.4798,0.3693,GO_GOAL
26.278,0.8969,0.4979,0.6257,-0.3863,1.7893,0.9372,0.4904,0.3718,GO_GOAL
26.298,0.8998,0.5,0.6257,-0.3845,1.7924,0.9372,0.4904,0.3743,GO_GOAL
26.318,0.9027,0.5021,0.6257,-0.3826,1.7955,0.9372,0.4904,0.3768,GO_GOAL
26.338,0.9057,0.5042,0.6257,-0.3789,1.8016,0.9372,0.4904,0.3793,GO_GOAL
26.358,0.9086,0.5063,0.6257,-0.3789,1.8016,0.9372,0.4904,0.3818,GO_GOAL
26.378,0.9115,0.5084,0.6257,-0.377,1.8047,0.9518,0.5009,0.3844,GO_GOAL
26.398,0.9144,0.5105,0.6257,-0.3752,1.8078,0.9518,0.5009,0.3869,GO_GOAL
26.418,0.9173,0.5126,0.6257,-0.3733,1.8109,0.9518,0.5009,0.3895,GO_GOAL
26.438,0.9202,0.5147,0.6257,-0.3714,1.814,0.9518,0.5009,0.3921,GO_GOAL
26.458,0.9232,0.5168,0.6257,-0.3696,1.817,0.9518,0.5009,0.3946,GO_GOAL
26.478,0.9261,0.5189,0.6257,-0.3677,1.8201,0.9664,0.5115,0.3972,GO_GOAL
26.498,0.929,0.521,0.6257,-0.364,1.8263,0.9664,0.5115,0.399,GO_GOAL
26.518,0.9319,0.5232,0.6257,-0.364,1.8263,0.9664,0.5115,0.4007,GO_GOAL
26.538,0.9348,0.5253,0.6257,-0.3621,1.8294,0.9664,0.5115,0.4024,GO_GOAL
26.558,0.9378,0.5274,0.6257,-0.3603,1.8325,0.9664,0.5115,0.4041,GO_GOAL
26.578,0.9407,0.5295,0.6257,-0.3584,1.8355,0.9809,0.522,0.4058,GO_GOAL
26.598,0.9436,0.5316,0.6257,-0.3566,1.8386,0.9809,0.522,0.4076,GO_GOAL
26.618,0.9465,0.5337,0.6257,-0.3547,1.8417,0.9809,0.522,0.4094,GO_GOAL
26.638,0.9494,0.5358,0.6257,-0.3528,1.8448,0.9809,0.522,0.4111,GO_GOAL
26.658,0.9523,0.5379,0.6257,-0.351,1.8479,0.9809,0.522,0.4129,GO_GOAL
26.678,0.9553,0.54,0.6257,-0.3473,1.854,0.9955,0.5326,0.4147,GO_GOAL
26.698,0.9582,0.5421,0.6257,-0.3473,1.854,0.9955,0.5326,0.4166,GO_GOAL
26.718,0.9611,0.5442,0.6257,-0.3454,1.8571,0.9955,0.5326,0.4184,GO_GOAL
26.738,0.964,0.5463,0.6257,-0.3435,1.8602,0.9955,0.5326,0.4202,GO_GOAL
26.758,0.9669,0.5485,0.6257,-0.3417,1.8633,1.0101,0.5431,0.4221,GO_GOAL
26.778,0.9698,0.5506,0.6257,-0.3398,1.8664,1.0101,0.5431,0.424,GO_GOAL
26.798,0.9728,0.5527,0.6257,-0.338,1.8695,1.0101,0.5431,0.4259,GO_GOAL
26.818,0.9757,0.5548,0.6257,-0.3361,1.8725,1.0101,0.5431,0.4278,GO_GOAL
26.838,0.9786,0.5569,0.6257,-0.3342,1.8756,1.0101,0.5431,0.4297,GO_GOAL
26.858,0.9815,0.559,0.6257,-0.3324,1.8787,1.0101,0.5431,0.4316,GO_GOAL
26.878,0.9844,0.5611,0.6257,-0.3305,1.8818,1.0247,0.5537,0.4335,GO_GOAL
26.898,0.9874,0.5632,0.6257,-0.3287,1.8849,1.0247,0.5537,0.4355,GO_GOAL
26.918,0.9903,0.5653,0.6257,-0.3268,1.8879,1.0247,0.5537,0.4374,GO_GOAL
26.938,0.9932,0.5674,0.6257,-0.325,1.891,1.0247,0.5537,0.4394,GO_GOAL
26.958,0.9961,0.5695,0.6257,-0.3231,1.8941,1.0247,0.5537,0.4414,GO_GOAL
26.978,0.999,0.5716,0.6257,-0.3212,1.8972,1.0393,0.5642,0.4434,GO_GOAL
26.998,1.0019,0.5738,0.6257,-0.3194,1.9003,1.0393,0.5642,0.4454,GO_GOAL
27.018,1.0049,0.5759,0.6257,-0.3175,1.9034,1.0393,0.5642,0.4474,GO_GOAL
27.038,1.0078,0.578,0.6257,-0.3157,1.9064,1.0393,0.5642,0.4494,GO_GOAL
27.058,1.0107,0.5801,0.6257,-0.3138,1.9095,1.0393,0.5642,0.4515,GO_GOAL
27.078,1.0136,0.5822,0.6257,-0.3119,1.9126,1.0539,0.5748,0.4535,GO_GOAL
27.098,1.0165,0.5843,0.6257,-0.3101,1.9157,1.0539,0.5748,0.4556,GO_GOAL
27.118,1.0195,0.5864,0.6257,-0.3082,1.9188,1.0539,0.5748,0.4577,GO_GOAL
27.138,1.0224,0.5885,0.6257,-0.3064,1.9219,1.0539,0.5748,0.4598,GO_GOAL
27.158,1.0253,0.5906,0.6257,-0.3026,1.928,1.0539,0.5748,0.4619,GO_GOAL
27.178,1.0282,0.5927,0.6257,-0.3026,1.928,1.0684,0.5853,0.464,GO_GOAL
27.198,1.0311,0.5948,0.6257,-0.3008,1.9311,1.0684,0.5853,0.4661,GO_GOAL
27.218,1.034,0.5969,0.6257,-0.2989,1.9342,1.0684,0.5853,0.4682,GO_GOAL
27.238,1.037,0.5991,0.6257,-0.2971,1.9373,1.0684,0.5853,0.4704,GO_GOAL
27.258,1.0399,0.6012,0.6257,-0.2952,1.9403,1.0684,0.5853,0.4725,GO_GOAL
27.278,1.0428,0.6033,0.6257,-0.2933,1.9434,1.083,0.5959,0.4747,GO_GOAL
27.298,1.0457,0.6054,0.6257,-0.2915,1.9465,1.083,0.5959,0.4769,GO_GOAL
27.318,1.0486,0.6075,0.6257,-0.2896,1.9496,1.083,0.5959,0.4791,GO_GOAL
27.338,1.0516,0.6096,0.6257,-0.2859,1.9558,1.083,0.5959,0.4813,GO_GOAL
27.358,1.0545,0.6117,0.6257,-0.2859,1.9558,1.083,0.5959,0.4835,GO_GOAL
27.378,1.0574,0.6138,0.6257,-0.2822,1.9619,1.0976,0.6064,0.4857,GO_GOAL
27.398,1.0603,0.6159,0.6257,-0.2822,1.9619,1.0976,0.6064,0.4879,GO_GOAL
27.418,1.0632,0.618,0.6257,-0.2803,1.965,1.0976,0.6064,0.4902,GO_GOAL
27.438,1.0661,0.6201,0.6257,-0.2785,1.9681,1.0976,0.6064,0.4924,GO_GOAL
27.458,1.0691,0.6222,0.6257,-0.2766,1.9712,1.0976,0.6064,0.4947,GO_GOAL
27.478,1.072,0.6244,0.6257,-0.2747,1.9743,1.1122,0.617,0.4969,GO_GOAL
27.498,1.0749,0.6265,0.6257,-0.2729,1.9773,1.1122,0.617,0.4965,GO_GOAL
27.518,1.0778,0.6286,0.6257,-0.271,1.9804,1.1122,0.617,0.4939,GO_GOAL
27.538,1.0807,0.6307,0.6257,-0.2692,1.9835,1.1122,0.617,0.4913,GO_GOAL
27.558,1.0837,0.6328,0.6257,-0.2654,1.9897,1.1122,0.617,0.4887,GO_GOAL
27.578,1.0866,0.6349,0.6257,-0.2654,1.9897,1.1268,0.6275,0.4861,GO_GOAL
27.598,1.0895,0.637,0.6257,-0.2636,1.9928,1.1268,0.6275,0.4836,GO_GOAL
27.618,1.0924,0.6391,0.6257,-0.2617,1.9958,1.1268,0.6275,0.481,GO_GOAL
27.638,1.0953,0.6412,0.6257,-0.2599,1.9989,1.1268,0.6275,0.4784,GO_GOAL
27.658,1.0982,0.6433,0.6257,-0.258,2.002,1.1268,0.6275,0.4759,GO_GOAL
27.678,1.1012,0.6454,0.6257,-0.2561,2.0051,1.1414,0.6381,0.4733,GO_GOAL
27.698,1.1041,0.6475,0.6257,-0.2524,2.0112,1.1414,0.6381,0.4708,GO_GOAL
27.718,1.107,0.6497,0.6257,-0.2524,2.0112,1.1414,0.6381,0.4682,GO_GOAL
27.738,1.1099,0.6518,0.6257,-0.2506,2.0143,1.1414,0.6381,0.4657,GO_GOAL
27.758,1.1128,0.6539,0.6257,-0.2487,2.0174,1.1414,0.6381,0.4632,GO_GOAL
27.778,1.1158,0.656,0.6257,-0.2468,2.0205,1.1559,0.6486,0.4607,GO_GOAL
27.798,1.1187,0.6581,0.6257,-0.245,2.0236,1.1559,0.6486,0.4582,GO_GOAL
27.818,1.1216,0.6602,0.6257,-0.2431,2.0267,1.1559,0.6486,0.4557,GO_GOAL
27.838,1.1245,0.6623,0.6257,-0.2413,2.0297,1.1559,0.6486,0.4532,GO_GOAL
27.858,1.1274,0.6644,0.6257,-0.2394,2.0328,1.1559,0.6486,0.4507,GO_GOAL
27.878,1.1303,0.6665,0.6257,-0.2376,2.0359,1.1705,0.6592,0.4483,GO_GOAL
27.898,1.1333,0.6686,0.6257,-0.2357,2.039,1.1705,0.6592,0.4458,GO_GOAL
27.918,1.1362,0.6707,0.6257,-0.2338,2.0421,1.1705,0.6592,0.4434,GO_GOAL
27.938,1.1391,0.6728,0.6257,-0.232,2.0452,1.1705,0.6592,0.4409,GO_GOAL
27.958,1.142,0.675,0.6257,-0.2301,2.0482,1.1705,0.6592,0.4385,GO_GOAL
27.978,1.1449,0.6771,0.6257,-0.2283,2.0513,1.1851,0.6697,0.4361,GO_GOAL
27.998,1.1478,0.6792,0.6257,-0.2264,2.0544,1.1851,0.6697,0.4337,GO_GOAL
28.018,1.1508,0.6813,0.6257,-0.2245,2.0575,1.1851,0.6697,0.4313,GO_GOAL
28.038,1.1537,0.6834,0.6257,-0.2227,2.0606,1.1851,0.6697,0.4289,GO_GOAL
28.058,1.1566,0.6855,0.6257,-0.2208,2.0637,1.1851,0.6697,0.4265,GO_GOAL
28.078,1.1595,0.6876,0.6257,-0.219,2.0667,1.2026,0.6824,0.4241,GO_GOAL
28.098,1.1624,0.6897,0.6257,-0.2171,2.0698,1.2026,0.6824,0.4218,GO_GOAL
28.118,1.1654,0.6918,0.6257,-0.2152,2.0729,1.2026,0.6824,0.4194,GO_GOAL
28.138,1.1683,0.6939,0.6257,-0.2134,2.076,1.2026,0.6824,0.4171,GO_GOAL
28.158,1.1712,0.696,0.6257,-0.2097,2.0821,1.2026,0.6824,0.4148,GO_GOAL
28.178,1.1741,0.6981,0.6257,-0.2097,2.0821,1.2143,0.6908,0.4125,GO_GOAL
28.198,1.177,0.7003,0.6257,-0.2078,2.0852,1.2143,0.6908,0.4102,GO_GOAL
28.218,1.1799,0.7024,0.6257,-0.2059,2.0883,1.2143,0.6908,0.4079,GO_GOAL
28.238,1.1829,0.7045,0.6257,-0.2041,2.0914,1.2143,0.6908,0.4056,GO_GOAL
28.258,1.1858,0.7066,0.6257,-0.2022,2.0945,1.2143,0.6908,0.4033,GO_GOAL
28.278,1.1887,0.7087,0.6257,-0.2004,2.0976,1.2289,0.7014,0.401,GO_GOAL
28.298,1.1916,0.7108,0.6257,-0.1985,2.1006,1.2289,0.7014,0.3988,GO_GOAL
28.318,1.1945,0.7129,0.6257,-0.1966,2.1037,1.2289,0.7014,0.3965,GO_GOAL
28.338,1.1975,0.715,0.6257,-0.1948,2.1068,1.2289,0.7014,0.3943,GO_GOAL
28.358,1.2004,0.7171,0.6257,-0.1929,2.1099,1.2289,0.7014,0.3921,GO_GOAL
28.378,1.2033,0.7192,0.6257,-0.1911,2.113,1.2434,0.7119,0.3899,GO_GOAL
28.398,1.2062,0.7213,0.6257,-0.1892,2.1161,1.2434,0.7119,0.3877,GO_GOAL
28.418,1.2091,0.7234,0.6257,-0.1855,2.1222,1.2434,0.7119,0.3855,GO_GOAL
28.438,1.212,0.7256,0.6257,-0.1855,2.1222,1.2434,0.7119,0.3833,GO_GOAL
28.458,1.215,0.7277,0.6257,-0.1836,2.1253,1.2434,0.7119,0.3812,GO_GOAL
28.478,1.2179,0.7298,0.6257,-0.1799,2.1315,1.258,0.7225,0.379,GO_GOAL
28.498,1.2208,0.7319,0.6257,-0.1799,2.1315,1.258,0.7225,0.3769,GO_GOAL
28.518,1.2237,0.734,0.6257,-0.178,2.1345,1.258,0.7225,0.3748,GO_GOAL
28.538,1.2266,0.7361,0.6257,-0.1762,2.1376,1.258,0.7225,0.3726,GO_GOAL
28.558,1.2296,0.7382,0.6257,-0.1743,2.1407,1.258,0.7225,0.3705,GO_GOAL
28.578,1.2325,0.7403,0.6257,-0.1725,2.1438,1.2726,0.733,0.3685,GO_GOAL
28.598,1.2354,0.7424,0.6257,-0.1706,2.1469,1.2726,0.733,0.3664,GO_GOAL
28.618,1.2383,0.7445,0.6257,-0.1669,2.153,1.2726,0.733,0.3643,GO_GOAL
28.638,1.2412,0.7466,0.6257,-0.165,2.1561,1.2726,0.733,0.3623,GO_GOAL
28.658,1.2441,0.7487,0.6257,-0.165,2.1561,1.2726,0.733,0.3602,GO_GOAL
28.678,1.2471,0.7509,0.6257,-0.1632,2.1592,1.2872,0.7436,0.3582,GO_GOAL
28.698,1.25,0.753,0.6257,-0.1613,2.1623,1.2872,0.7436,0.3562,GO_GOAL
28.718,1.2529,0.7551,0.6257,-0.1594,2.1654,1.2872,0.7436,0.3542,GO_GOAL
28.738,1.2558,0.7572,0.6257,-0.1576,2.1685,1.2872,0.7436,0.3522,GO_GOAL
28.758,1.2587,0.7593,0.6257,-0.1557,2.1715,1.2872,0.7436,0.3503,GO_GOAL
28.778,1.2617,0.7614,0.6257,-0.1539,2.1746,1.3018,0.7541,0.3483,GO_GOAL
28.798,1.2646,0.7635,0.6257,-0.152,2.1777,1.3018,0.7541,0.3464,GO_GOAL
28.818,1.2675,0.7656,0.6257,-0.1501,2.1808,1.3018,0.7541,0.3445,GO_GOAL
28.838,1.2704,0.7677,0.6257,-0.1464,2.187,1.3018,0.7541,0.3425,GO_GOAL
28.858,1.2733,0.7698,0.6257,-0.1464,2.187,1.3018,0.7541,0.3406,GO_GOAL
28.878,1.2762,0.7719,0.6257,-0.1446,2.19,1.3164,0.7647,0.3388,GO_GOAL
28.898,1.2792,0.774,0.6257,-0.1427,2.1931,1.3164,0.7647,0.3369,GO_GOAL
28.918,1.2821,0.7762,0.6257,-0.1409,2.1962,1.3164,0.7647,0.335,GO_GOAL
28.938,1.285,0.7783,0.6257,-0.1371,2.2024,1.3164,0.7647,0.3332,GO_GOAL
28.958,1.2879,0.7804,0.6257,-0.1371,2.2024,1.3164,0.7647,0.3314,GO_GOAL
28.978,1.2908,0.7825,0.6257,-0.1353,2.2054,1.3309,0.7752,0.3296,GO_GOAL
28.998,1.2938,0.7846,0.6257,-0.1334,2.2085,1.3309,0.7752,0.3278,GO_GOAL
29.018,1.2967,0.7867,0.6257,-0.1316,2.2116,1.3309,0.7752,0.326,GO_GOAL
29.038,1.2996,0.7888,0.6257,-0.1297,2.2147,1.3309,0.7752,0.3242,GO_GOAL
29.058,1.3025,0.7909,0.6257,-0.1278,2.2178,1.3309,0.7752,0.3225,GO_GOAL
29.078,1.3054,0.793,0.6257,-0.126,2.2209,1.3455,0.7858,0.3207,GO_GOAL
29.098,1.3083,0.7951,0.6257,-0.1241,2.2239,1.3455,0.7858,0.319,GO_GOAL
29.118,1.3113,0.7972,0.6257,-0.1223,2.227,1.3455,0.7858,0.3173,GO_GOAL
29.138,1.3142,0.7993,0.6257,-0.1204,2.2301,1.3455,0.7858,0.3157,GO_GOAL
29.158,1.3171,0.8015,0.6257,-0.1185,2.2332,1.3455,0.7858,0.314,GO_GOAL
29.178,1.32,0.8036,0.6257,-0.1167,2.2363,1.3601,0.7964,0.3123,GO_GOAL
29.198,1.3229,0.8057,0.6257,-0.1148,2.2394,1.3601,0.7964,0.3107,GO_GOAL
29.218,1.3258,0.8078,0.6257,-0.113,2.2424,1.3601,0.7964,0.3091,GO_GOAL
29.238,1.3288,0.8099,0.6257,-0.1111,2.2455,1.3601,0.7964,0.3075,GO_GOAL
29.258,1.3317,0.812,0.6257,-0.1092,2.2486,1.3601,0.7964,0.3059,GO_GOAL
29.278,1.3346,0.8141,0.6257,-0.1074,2.2517,1.3747,0.8069,0.3043,GO_GOAL
29.298,1.3375,0.8162,0.6257,-0.1055,2.2548,1.3747,0.8069,0.3028,GO_GOAL
29.318,1.3404,0.8183,0.6257,-0.1037,2.2578,1.3747,0.8069,0.3012,GO_GOAL
29.338,1.3434,0.8204,0.6257,-0.0999,2.264,1.3747,0.8069,0.2997,GO_GOAL
29.358,1.3463,0.8225,0.6257,-0.0999,2.264,1.3747,0.8069,0.2982,GO_GOAL
29.378,1.3492,0.8246,0.6257,-0.0981,2.2671,1.3922,0.8196,0.2967,GO_GOAL
29.398,1.3521,0.8268,0.6257,-0.0962,2.2702,1.3922,0.8196,0.2953,GO_GOAL
29.418,1.355,0.8289,0.6257,-0.0944,2.2733,1.3922,0.8196,0.2938,GO_GOAL
29.438,1.3579,0.831,0.6257,-0.0925,2.2763,1.3922,0.8196,0.2924,GO_GOAL
29.458,1.3609,0.8331,0.6257,-0.0906,2.2794,1.3922,0.8196,0.291,GO_GOAL
29.478,1.3638,0.8352,0.6257,-0.0869,2.2856,1.4039,0.828,0.2896,GO_GOAL
29.498,1.3667,0.8373,0.6257,-0.0869,2.2856,1.4039,0.828,0.2882,GO_GOAL
29.518,1.3696,0.8394,0.6257,-0.0851,2.2887,1.4039,0.828,0.2869,GO_GOAL
29.538,1.3725,0.8415,0.6257,-0.0832,2.2918,1.4039,0.828,0.2856,GO_GOAL
29.558,1.3755,0.8436,0.6257,-0.0813,2.2948,1.4039,0.828,0.2842,GO_GOAL
29.578,1.3784,0.8457,0.6257,-0.0795,2.2979,1.4184,0.8386,0.2829,GO_GOAL
29.598,1.3813,0.8478,0.6257,-0.0776,2.301,1.4184,0.8386,0.2817,GO_GOAL
29.618,1.3842,0.8499,0.6257,-0.0758,2.3041,1.4184,0.8386,0.2804,GO_GOAL
29.638,1.3871,0.8521,0.6257,-0.072,2.3103,1.4184,0.8386,0.2792,GO_GOAL
29.658,1.39,0.8542,0.6257,-0.0702,2.3133,1.4184,0.8386,0.2779,GO_GOAL
29.678,1.393,0.8563,0.6257,-0.0702,2.3133,1.433,0.8491,0.2767,GO_GOAL
29.698,1.3959,0.8584,0.6257,-0.0683,2.3164,1.433,0.8491,0.2756,GO_GOAL
29.718,1.3988,0.8605,0.6257,-0.0665,2.3195,1.433,0.8491,0.2744,GO_GOAL
29.738,1.4017,0.8626,0.6257,-0.0646,2.3226,1.433,0.8491,0.2733,GO_GOAL
29.758,1.4046,0.8647,0.6257,-0.0627,2.3257,1.433,0.8491,0.2721,GO_GOAL
29.778,1.4076,0.8668,0.6257,-0.0609,2.3287,1.4476,0.8597,0.271,GO_GOAL
29.798,1.4105,0.8689,0.6257,-0.059,2.3318,1.4476,0.8597,0.27,GO_GOAL
29.818,1.4134,0.871,0.6257,-0.0572,2.3349,1.4476,0.8597,0.2689,GO_GOAL
29.838,1.4163,0.8731,0.6257,-0.0553,2.338,1.4476,0.8597,0.2679,GO_GOAL
29.858,1.4192,0.8752,0.6257,-0.0516,2.3442,1.4476,0.8597,0.2668,GO_GOAL
29.878,1.4221,0.8774,0.6257,-0.0516,2.3442,1.4622,0.8702,0.2658,GO_GOAL
29.898,1.4251,0.8795,0.6257,-0.0497,2.3472,1.4622,0.8702,0.2649,GO_GOAL
29.918,1.428,0.8816,0.6257,-0.0479,2.3503,1.4622,0.8702,0.2639,GO_GOAL
29.938,1.4309,0.8837,0.6257,-0.046,2.3534,1.4622,0.8702,0.263,GO_GOAL
29.958,1.4338,0.8858,0.6257,-0.0442,2.3565,1.4622,0.8702,0.2621,GO_GOAL
29.978,1.4367,0.8879,0.6257,-0.0423,2.3596,1.4768,0.8808,0.2612,GO_GOAL
29.998,1.4397,0.89,0.6257,-0.0404,2.3627,1.4768,0.8808,0.2603,GO_GOAL
30.018,1.4426,0.8921,0.6257,-0.0386,2.3657,1.4768,0.8808,0.2594,GO_GOAL
30.038,1.4455,0.8942,0.6257,-0.0367,2.3688,1.4768,0.8808,0.2586,GO_GOAL
30.058,1.4484,0.8963,0.6257,-0.033,2.375,1.4768,0.8808,0.2578,GO_GOAL
30.078,1.4513,0.8984,0.6257,-0.033,2.375,1.4914,0.8913,0.257,GO_GOAL
30.098,1.4542,0.9005,0.6257,-0.0311,2.3781,1.4914,0.8913,0.2563,GO_GOAL
30.118,1.4572,0.9027,0.6257,-0.0293,2.3811,1.4914,0.8913,0.2555,GO_GOAL
30.138,1.4601,0.9048,0.6257,-0.0256,2.3873,1.4914,0.8913,0.2548,GO_GOAL
30.158,1.463,0.9069,0.6257,-0.0256,2.3873,1.4914,0.8913,0.2541,GO_GOAL
30.178,1.4659,0.909,0.6257,-0.0237,2.3904,1.5089,0.904,0.2534,GO_GOAL
30.198,1.4688,0.9111,0.6257,-0.0218,2.3935,1.5089,0.904,0.2528,GO_GOAL
30.218,1.4718,0.9132,0.6257,-0.02,2.3966,1.5089,0.904,0.2521,GO_GOAL
30.238,1.4747,0.9153,0.6257,-0.0181,2.3996,1.5089,0.904,0.2515,GO_GOAL
30.258,1.4776,0.9174,0.6257,-0.0163,2.4027,1.5205,0.9124,0.2509,GO_GOAL
30.278,1.4805,0.9195,0.6257,-0.0144,2.4058,1.5205,0.9124,0.2504,GO_GOAL
30.298,1.4834,0.9216,0.6257,-0.0125,2.4089,1.5205,0.9124,0.2498,GO_GOAL
30.318,1.4863,0.9237,0.6257,-0.0107,2.412,1.5205,0.9124,0.2493,GO_GOAL
30.338,1.4893,0.9258,0.6257,-0.0088,2.4151,1.5205,0.9124,0.2488,GO_GOAL
30.358,1.4922,0.928,0.6257,-0.007,2.4181,1.5205,0.9124,0.2484,GO_GOAL
30.378,1.4951,0.9301,0.6257,-0.0051,2.4212,1.5351,0.923,0.2479,GO_GOAL
30.398,1.498,0.9322,0.6257,-0.0032,2.4243,1.5351,0.923,0.2475,GO_GOAL
30.418,1.5009,0.9343,0.6257,-0.0014,2.4274,1.5351,0.923,0.2471,GO_GOAL
30.438,1.5038,0.9364,0.6257,0.0005,2.4305,1.5351,0.923,0.2467,GO_GOAL
30.458,1.5068,0.9385,0.6257,0.0042,2.4366,1.5351,0.923,0.2463,GO_GOAL
30.478,1.5097,0.9406,0.6257,0.0042,2.4366,1.5526,0.9356,0.246,GO_GOAL
30.498,1.5126,0.9427,0.6257,0.0061,2.4397,1.5526,0.9356,0.2457,GO_GOAL
30.518,1.5155,0.9448,0.6257,0.0079,2.4428,1.5526,0.9356,0.2454,GO_GOAL
30.538,1.5184,0.9469,0.6257,0.0098,2.4459,1.5526,0.9356,0.2451,GO_GOAL
30.558,1.5214,0.949,0.6257,0.0116,2.449,1.5526,0.9356,0.2449,GO_GOAL
30.578,1.5243,0.9511,0.6257,0.0135,2.452,1.5643,0.9441,0.2447,GO_GOAL
30.598,1.5272,0.9533,0.6257,0.0154,2.4551,1.5643,0.9441,0.2445,GO_GOAL
30.618,1.5301,0.9554,0.6257,0.0172,2.4582,1.5643,0.9441,0.2443,GO_GOAL
30.638,1.533,0.9575,0.6257,0.0191,2.4613,1.5643,0.9441,0.2441,GO_GOAL
30.658,1.5359,0.9596,0.6257,0.0209,2.4644,1.5643,0.9441,0.244,GO_GOAL
30.678,1.5389,0.9617,0.6257,0.0247,2.4705,1.5789,0.9546,0.2439,GO_GOAL
30.698,1.5418,0.9638,0.6257,0.0247,2.4705,1.5789,0.9546,0.2438,GO_GOAL
30.718,1.5447,0.9659,0.6257,0.0265,2.4736,1.5789,0.9546,0.2438,GO_GOAL
30.738,1.5476,0.968,0.6257,0.0284,2.4767,1.5789,0.9546,0.2437,GO_GOAL
30.758,1.5505,0.9701,0.6257,0.0302,2.4798,1.5789,0.9546,0.2437,GO_GOAL
30.778,1.5535,0.9722,0.6257,0.0321,2.4829,1.5934,0.9652,0.2438,GO_GOAL
30.798,1.5564,0.9743,0.6257,0.034,2.486,1.5934,0.9652,0.2438,GO_GOAL
30.818,1.5593,0.9764,0.6257,0.0358,2.489,1.5934,0.9652,0.2439,GO_GOAL
30.838,1.5622,0.9786,0.6257,0.0377,2.4921,1.5934,0.9652,0.2439,GO_GOAL
30.858,1.5651,0.9807,0.6257,0.0414,2.4983,1.5934,0.9652,0.244,GO_GOAL
30.878,1.568,0.9828,0.6257,0.0414,2.4983,1.608,0.9757,0.2442,GO_GOAL
30.898,1.571,0.9849,0.6257,0.0432,2.5014,1.608,0.9757,0.2443,GO_GOAL
30.918,1.5739,0.987,0.6257,0.0451,2.5044,1.608,0.9757,0.2445,GO_GOAL
30.938,1.5768,0.9891,0.6257,0.047,2.5075,1.608,0.9757,0.2447,GO_GOAL
30.958,1.5797,0.9912,0.6257,0.0488,2.5106,1.6226,0.9863,0.2449,GO_GOAL
30.978,1.5826,0.9933,0.6257,0.0507,2.5137,1.6226,0.9863,0.2452,GO_GOAL
30.998,1.5856,0.9954,0.6257,0.0544,2.5199,1.6226,0.9863,0.2455,GO_GOAL
31.018,1.5885,0.9975,0.6257,0.0544,2.5199,1.6226,0.9863,0.2457,GO_GOAL
31.038,1.5914,0.9996,0.6257,0.0581,2.526,1.6226,0.9863,0.2461,GO_GOAL
31.058,1.5943,1.0017,0.6257,0.0581,2.526,1.6226,0.9863,0.2464,GO_GOAL
31.078,1.5972,1.0039,0.6257,0.06,2.5291,1.6372,0.9968,0.2468,GO_GOAL
31.098,1.6001,1.006,0.6257,0.0618,2.5322,1.6372,0.9968,0.2472,GO_GOAL
31.118,1.6031,1.0081,0.6257,0.0637,2.5353,1.6372,0.9968,0.2476,GO_GOAL
31.138,1.606,1.0102,0.6257,0.0674,2.5414,1.6372,0.9968,0.248,GO_GOAL
31.158,1.6089,1.0123,0.6257,0.0693,2.5445,1.6518,1.0074,0.2484,GO_GOAL
31.178,1.6118,1.0144,0.6257,0.0693,2.5445,1.6518,1.0074,0.2489,GO_GOAL
31.198,1.6147,1.0165,0.6257,0.0711,2.5476,1.6518,1.0074,0.2494,GO_GOAL
31.218,1.6177,1.0186,0.6257,0.073,2.5507,1.6518,1.0074,0.25,GO_GOAL
31.238,1.6206,1.0207,0.6257,0.0749,2.5538,1.6518,1.0074,0.2505,GO_GOAL
31.258,1.6235,1.0228,0.6257,0.0767,2.5569,1.6518,1.0074,0.2511,GO_GOAL
31.278,1.6264,1.0249,0.6257,0.0786,2.5599,1.6664,1.0179,0.2517,GO_GOAL
31.298,1.6293,1.027,0.6257,0.0804,2.563,1.6664,1.0179,0.2523,GO_GOAL
31.318,1.6322,1.0292,0.6257,0.0823,2.5661,1.6664,1.0179,0.2529,GO_GOAL
31.338,1.6352,1.0313,0.6257,0.086,2.5723,1.6664,1.0179,0.2536,GO_GOAL
31.358,1.6381,1.0334,0.6257,0.086,2.5723,1.6664,1.0179,0.2542,GO_GOAL
31.378,1.641,1.0355,0.6257,0.0879,2.5753,1.6809,1.0285,0.2549,GO_GOAL
31.398,1.6439,1.0376,0.6257,0.0897,2.5784,1.6809,1.0285,0.2557,GO_GOAL
31.418,1.6468,1.0397,0.6257,0.0916,2.5815,1.6809,1.0285,0.2564,GO_GOAL
31.438,1.6498,1.0418,0.6257,0.0935,2.5846,1.6809,1.0285,0.2572,GO_GOAL
31.458,1.6527,1.0439,0.6257,0.0953,2.5877,1.6809,1.0285,0.258,GO_GOAL
31.478,1.6556,1.046,0.6257,0.0972,2.5908,1.6955,1.039,0.2588,GO_GOAL
31.498,1.6585,1.0481,0.6257,0.099,2.5938,1.6955,1.039,0.2596,GO_GOAL
31.518,1.6614,1.0502,0.6257,0.1009,2.5969,1.6955,1.039,0.2605,GO_GOAL
31.538,1.6643,1.0523,0.6257,0.1046,2.6031,1.6955,1.039,0.2614,GO_GOAL
31.558,1.6673,1.0545,0.6257,0.1046,2.6031,1.6955,1.039,0.2623,GO_GOAL
31.578,1.6702,1.0566,0.6257,0.1065,2.6062,1.7101,1.0496,0.2632,GO_GOAL
31.598,1.6731,1.0587,0.6257,0.1083,2.6093,1.7101,1.0496,0.2641,GO_GOAL
31.618,1.676,1.0608,0.6257,0.1102,2.6123,1.7101,1.0496,0.2651,GO_GOAL
31.638,1.6789,1.0629,0.6257,0.1139,2.6185,1.7101,1.0496,0.2661,GO_GOAL
31.658,1.6818,1.065,0.6257,0.1139,2.6185,1.7101,1.0496,0.2671,GO_GOAL
31.678,1.6848,1.0671,0.6257,0.1158,2.6216,1.7247,1.0601,0.2681,GO_GOAL
31.698,1.6877,1.0692,0.6257,0.1176,2.6247,1.7247,1.0601,0.2691,GO_GOAL
31.718,1.6906,1.0713,0.6257,0.1195,2.6278,1.7247,1.0601,0.2702,GO_GOAL
31.738,1.6935,1.0734,0.6257,0.1214,2.6308,1.7247,1.0601,0.2713,GO_GOAL
31.758,1.6964,1.0755,0.6257,0.1232,2.6339,1.7247,1.0601,0.2724,GO_GOAL
31.778,1.6994,1.0776,0.6257,0.1251,2.637,1.7393,1.0707,0.2735,GO_GOAL
31.798,1.7023,1.0798,0.6257,0.1269,2.6401,1.7393,1.0707,0.2746,GO_GOAL
31.818,1.7052,1.0819,0.6257,0.1307,2.6462,1.7393,1.0707,0.2758,GO_GOAL
31.838,1.7081,1.084,0.6257,0.1307,2.6462,1.7393,1.0707,0.277,GO_GOAL
31.858,1.711,1.0861,0.6257,0.1325,2.6493,1.7393,1.0707,0.2782,GO_GOAL
31.878,1.7139,1.0882,0.6257,0.1344,2.6524,1.7539,1.0812,0.2794,GO_GOAL
31.898,1.7169,1.0903,0.6257,0.1381,2.6586,1.7539,1.0812,0.2807,GO_GOAL
31.918,1.7198,1.0924,0.6257,0.1399,2.6617,1.7539,1.0812,0.2819,GO_GOAL
31.938,1.7227,1.0945,0.6257,0.1418,2.6647,1.7539,1.0812,0.2832,GO_GOAL
31.958,1.7256,1.0966,0.6257,0.1418,2.6647,1.7539,1.0812,0.2845,GO_GOAL
31.978,1.7285,1.0987,0.6257,0.1437,2.6678,1.7685,1.0918,0.2858,GO_GOAL
31.998,1.7315,1.1008,0.6257,0.1455,2.6709,1.7685,1.0918,0.2872,GO_GOAL
32.018,1.7344,1.1029,0.6257,0.1492,2.6771,1.7685,1.0918,0.2885,GO_GOAL
32.038,1.7373,1.1051,0.6257,0.1492,2.6771,1.7685,1.0918,0.2899,GO_GOAL
32.058,1.7402,1.1072,0.6257,0.1511,2.6802,1.7685,1.0918,0.2913,GO_GOAL
32.078,1.7431,1.1093,0.6257,0.153,2.6832,1.783,1.1023,0.2927,GO_GOAL
32.098,1.746,1.1114,0.6257,0.1548,2.6863,1.783,1.1023,0.2941,GO_GOAL
32.118,1.749,1.1135,0.6257,0.1567,2.6894,1.783,1.1023,0.2956,GO_GOAL
32.138,1.7519,1.1156,0.6257,0.1585,2.6925,1.783,1.1023,0.2971,GO_GOAL
32.158,1.7548,1.1177,0.6257,0.1604,2.6956,1.783,1.1023,0.2985,GO_GOAL
32.178,1.7577,1.1198,0.6257,0.1623,2.6986,1.7976,1.1129,0.3,GO_GOAL
32.198,1.7606,1.1219,0.6257,0.166,2.7048,1.7976,1.1129,0.3016,GO_GOAL
32.218,1.7636,1.124,0.6257,0.166,2.7048,1.7976,1.1129,0.3031,GO_GOAL
32.238,1.7665,1.1261,0.6257,0.1678,2.7079,1.7976,1.1129,0.3047,GO_GOAL
32.258,1.7694,1.1282,0.6257,0.1697,2.711,1.7976,1.1129,0.3062,GO_GOAL
32.278,1.7723,1.1304,0.6257,0.1716,2.7141,1.8122,1.1234,0.3078,GO_GOAL
32.298,1.7752,1.1325,0.6257,0.1734,2.7171,1.8122,1.1234,0.3094,GO_GOAL
32.318,1.7781,1.1346,0.6257,0.1753,2.7202,1.8122,1.1234,0.311,GO_GOAL
32.338,1.7811,1.1367,0.6257,0.1771,2.7233,1.8122,1.1234,0.3127,GO_GOAL
32.358,1.784,1.1388,0.6257,0.179,2.7264,1.8122,1.1234,0.3143,GO_GOAL
32.378,1.7869,1.1409,0.6257,0.1809,2.7295,1.8268,1.134,0.316,GO_GOAL
32.398,1.7898,1.143,0.6257,0.1827,2.7326,1.8268,1.134,0.3177,GO_GOAL
32.418,1.7927,1.1451,0.6257,0.1864,2.7387,1.8268,1.134,0.3194,GO_GOAL
32.438,1.7957,1.1472,0.6257,0.1883,2.7418,1.8268,1.134,0.3211,GO_GOAL
32.458,1.7986,1.1493,0.6257,0.1883,2.7418,1.8268,1.134,0.3228,GO_GOAL
32.478,1.8015,1.1514,0.6257,0.1902,2.7449,1.8414,1.1445,0.3246,GO_GOAL
32.498,1.8044,1.1535,0.6257,0.192,2.748,1.8414,1.1445,0.3264,GO_GOAL
32.518,1.8073,1.1557,0.6257,0.1939,2.7511,1.8414,1.1445,0.3281,GO_GOAL
32.538,1.8102,1.1578,0.6257,0.1957,2.7541,1.8414,1.1445,0.3299,GO_GOAL
32.558,1.8132,1.1599,0.6257,0.1976,2.7572,1.8414,1.1445,0.3318,GO_GOAL
32.578,1.8161,1.162,0.6257,0.1995,2.7603,1.856,1.1551,0.3336,GO_GOAL
32.598,1.819,1.1641,0.6257,0.2013,2.7634,1.856,1.1551,0.3354,GO_GOAL
32.618,1.8219,1.1662,0.6257,0.2032,2.7665,1.856,1.1551,0.3373,GO_GOAL
32.638,1.8248,1.1683,0.6257,0.205,2.7695,1.856,1.1551,0.3391,GO_GOAL
32.658,1.8278,1.1704,0.6257,0.2069,2.7726,1.856,1.1551,0.341,GO_GOAL
32.678,1.8307,1.1725,0.6257,0.2106,2.7788,1.8705,1.1656,0.3429,GO_GOAL
32.698,1.8336,1.1746,0.6257,0.2106,2.7788,1.8705,1.1656,0.3449,GO_GOAL
32.718,1.8365,1.1767,0.6257,0.2125,2.7819,1.8705,1.1656,0.3468,GO_GOAL
32.738,1.8394,1.1788,0.6257,0.2143,2.785,1.8705,1.1656,0.3487,GO_GOAL
32.758,1.8423,1.181,0.6257,0.2162,2.788,1.8705,1.1656,0.3507,GO_GOAL
32.778,1.8453,1.1831,0.6257,0.2181,2.7911,1.8851,1.1762,0.3526,GO_GOAL
32.798,1.8482,1.1852,0.6257,0.2218,2.7973,1.8851,1.1762,0.3546,GO_GOAL
32.818,1.8511,1.1873,0.6257,0.2218,2.7973,1.8851,1.1762,0.3566,GO_GOAL
32.838,1.854,1.1894,0.6257,0.2236,2.8004,1.8851,1.1762,0.3586,GO_GOAL
32.858,1.8569,1.1915,0.6257,0.2273,2.8065,1.8851,1.1762,0.3607,GO_GOAL
32.878,1.8598,1.1936,0.6257,0.2292,2.8096,1.9026,1.1888,0.3627,GO_GOAL
32.898,1.8628,1.1957,0.6257,0.2292,2.8096,1.9026,1.1888,0.3648,GO_GOAL
32.918,1.8657,1.1978,0.6257,0.2329,2.8158,1.9026,1.1888,0.3668,GO_GOAL
32.938,1.8686,1.1999,0.6257,0.2329,2.8158,1.9026,1.1888,0.3689,GO_GOAL
32.958,1.8715,1.202,0.6257,0.2348,2.8189,1.9026,1.1888,0.371,GO_GOAL
32.978,1.8744,1.2041,0.6257,0.2366,2.8219,1.9143,1.1973,0.3731,GO_GOAL
32.998,1.8774,1.2063,0.6257,0.2385,2.825,1.9143,1.1973,0.3752,GO_GOAL
33.018,1.8803,1.2084,0.6257,0.2404,2.8281,1.9143,1.1973,0.3773,GO_GOAL
33.038,1.8832,1.2105,0.6257,0.2422,2.8312,1.9143,1.1973,0.3795,GO_GOAL
33.058,1.8861,1.2126,0.6257,0.2441,2.8343,1.9143,1.1973,0.3816,GO_GOAL
33.078,1.889,1.2147,0.6257,0.2459,2.8374,1.9289,1.2078,0.3838,GO_GOAL
33.098,1.8919,1.2168,0.6257,0.2497,2.8435,1.9289,1.2078,0.386,GO_GOAL
33.118,1.8949,1.2189,0.6257,0.2497,2.8435,1.9289,1.2078,0.3881,GO_GOAL
33.138,1.8978,1.221,0.6257,0.2515,2.8466,1.9289,1.2078,0.3903,GO_GOAL
33.158,1.9007,1.2231,0.6257,0.2534,2.8497,1.9289,1.2078,0.3925,GO_GOAL
33.178,1.9036,1.2252,0.6257,0.2552,2.8528,1.9435,1.2184,0.3948,GO_GOAL
33.198,1.9065,1.2273,0.6257,0.2571,2.8559,1.9435,1.2184,0.397,GO_GOAL
33.218,1.9095,1.2294,0.6257,0.259,2.8589,1.9435,1.2184,0.3992,GO_GOAL
33.238,1.9124,1.2316,0.6257,0.2608,2.862,1.9435,1.2184,0.4015,GO_GOAL
33.258,1.9153,1.2337,0.6257,0.2645,2.8682,1.9435,1.2184,0.4038,GO_GOAL
33.278,1.9182,1.2358,0.6257,0.2664,2.8713,1.958,1.2289,0.406,GO_GOAL
33.298,1.9211,1.2379,0.6257,0.2664,2.8713,1.958,1.2289,0.4083,GO_GOAL
33.318,1.924,1.24,0.6257,0.2701,2.8774,1.958,1.2289,0.4106,GO_GOAL
33.338,1.927,1.2421,0.6257,0.2701,2.8774,1.958,1.2289,0.4129,GO_GOAL
33.358,1.9299,1.2442,0.6257,0.272,2.8805,1.958,1.2289,0.4153,GO_GOAL
33.378,1.9328,1.2463,0.6257,0.2738,2.8836,1.9726,1.2395,0.4176,GO_GOAL
33.398,1.9357,1.2484,0.6257,0.2757,2.8867,1.9726,1.2395,0.4199,GO_GOAL
33.418,1.9386,1.2505,0.6257,0.2776,2.8898,1.9726,1.2395,0.4223,GO_GOAL
33.438,1.9416,1.2526,0.6257,0.2794,2.8928,1.9726,1.2395,0.4246,GO_GOAL
33.458,1.9445,1.2547,0.6257,0.2831,2.899,1.9726,1.2395,0.427,GO_GOAL
33.478,1.9474,1.2569,0.6257,0.2831,2.899,1.9872,1.25,0.4294,GO_GOAL
33.498,1.9503,1.259,0.6257,0.285,2.9021,1.9872,1.25,0.4318,GO_GOAL
33.518,1.9532,1.2611,0.6257,0.2887,2.9083,1.9872,1.25,0.4342,GO_GOAL
33.538,1.9561,1.2632,0.6257,0.2887,2.9083,1.9872,1.25,0.4366,GO_GOAL
33.558,1.9591,1.2653,0.6257,0.2906,2.9113,1.9872,1.25,0.439,GO_GOAL
33.578,1.962,1.2674,0.6257,0.2924,2.9144,2.0018,1.2606,0.4414,GO_GOAL
33.598,1.9649,1.2695,0.6257,0.2943,2.9175,2.0018,1.2606,0.4439,GO_GOAL
33.618,1.9678,1.2716,0.6257,0.2962,2.9206,2.0018,1.2606,0.4463,GO_GOAL
33.638,1.9707,1.2737,0.6257,0.298,2.9237,2.0018,1.2606,0.4488,GO_GOAL
33.658,1.9737,1.2758,0.6257,0.2999,2.9268,2.0018,1.2606,0.4513,GO_GOAL
33.678,1.9766,1.2779,0.6257,0.3017,2.9298,2.0164,1.2711,0.4537,GO_GOAL
33.698,1.9795,1.28,0.6257,0.3036,2.9329,2.0164,1.2711,0.4562,GO_GOAL
33.718,1.9824,1.2822,0.6257,0.3055,2.936,2.0164,1.2711,0.4587,GO_GOAL
33.738,1.9853,1.2843,0.6257,0.3073,2.9391,2.0164,1.2711,0.4612,GO_GOAL
33.758,1.9882,1.2864,0.6257,0.3092,2.9422,2.0164,1.2711,0.4637,GO_GOAL
33.778,1.9912,1.2885,0.6257,0.311,2.9452,2.031,1.2817,0.4662,GO_GOAL
33.798,1.9941,1.2906,0.6257,0.3129,2.9483,2.031,1.2817,0.4688,GO_GOAL
33.818,1.997,1.2927,0.6257,0.3148,2.9514,2.031,1.2817,0.4713,GO_GOAL
33.838,1.9999,1.2948,0.6257,0.3166,2.9545,2.031,1.2817,0.4738,GO_GOAL
33.858,2.0028,1.2969,0.6257,0.3185,2.9576,2.031,1.2817,0.4764,GO_GOAL
33.878,2.0056,1.2989,0.6259,0.3203,2.9607,2.0455,1.2922,0.4788,GO_GOAL
33.898,2.0083,1.3009,0.6266,0.3222,2.9637,2.0455,1.2922,0.4812,GO_GOAL
33.918,2.0111,1.3029,0.6278,0.324,2.9668,2.0455,1.2922,0.4837,GO_GOAL
33.938,2.0138,1.3049,0.6294,0.3258,2.9699,2.0455,1.2922,0.4862,GO_GOAL
33.958,2.0166,1.3069,0.6316,0.3276,2.9729,2.0455,1.2922,0.4887,GO_GOAL
33.978,2.0194,1.3089,0.6341,0.3294,2.976,2.06,1.3027,0.4912,GO_GOAL
33.998,2.0222,1.311,0.6372,0.3312,2.9791,2.06,1.3027,0.4938,GO_GOAL
34.018,2.0251,1.3131,0.6406,0.333,2.9822,2.06,1.3027,0.4964,GO_GOAL
34.038,2.0279,1.3153,0.6441,0.3348,2.9853,2.06,1.3027,0.499,GO_GOAL
34.058,2.0307,1.3174,0.6476,0.3365,2.9884,2.06,1.3027,0.5016,GO_GOAL
34.078,2.0336,1.3195,0.6511,0.3383,2.9916,2.0744,1.3134,0.5042,GO_GOAL
34.098,2.0364,1.3217,0.6546,0.34,2.9947,2.0744,1.3134,0.5069,GO_GOAL
34.118,2.0392,1.3238,0.6581,0.3417,2.9978,2.0744,1.3134,0.5095,GO_GOAL
34.138,2.042,1.326,0.6616,0.3434,3.001,2.0744,1.3134,0.5121,GO_GOAL
34.158,2.0448,1.3282,0.6651,0.3451,3.0041,2.0744,1.3134,0.5147,GO_GOAL
34.178,2.0477,1.3305,0.6683,0.3468,3.0072,2.0885,1.3243,0.5174,GO_GOAL
34.198,2.0507,1.3329,0.6711,0.3485,3.0104,2.0885,1.3243,0.5202,GO_GOAL
34.218,2.0536,1.3352,0.6734,0.3502,3.0136,2.0885,1.3243,0.5229,GO_GOAL
34.238,2.0565,1.3375,0.6752,0.3519,3.0168,2.0885,1.3243,0.5256,GO_GOAL
34.258,2.0594,1.3398,0.6766,0.3536,3.0199,2.0885,1.3243,0.5283,GO_GOAL
34.278,2.0622,1.3421,0.6775,0.357,3.0263,2.1026,1.3354,0.5309,GO_GOAL
34.298,2.0651,1.3444,0.6779,0.357,3.0263,2.1026,1.3354,0.5336,GO_GOAL
34.318,2.0679,1.3467,0.678,0.3587,3.0295,2.1026,1.3354,0.5361,GO_GOAL
34.338,2.0707,1.3489,0.678,0.3604,3.0326,2.1026,1.3354,0.5388,GO_GOAL
34.358,2.0735,1.3512,0.678,0.3638,3.039,2.1026,1.3354,0.5414,GO_GOAL
34.378,2.0763,1.3535,0.678,0.3638,3.039,2.1194,1.349,0.544,GO_GOAL
34.398,2.0791,1.3557,0.678,0.3655,3.0422,2.1194,1.349,0.5466,GO_GOAL
34.418,2.0819,1.358,0.678,0.3672,3.0453,2.1194,1.349,0.5492,GO_GOAL
34.438,2.0847,1.3602,0.678,0.3706,3.0517,2.1194,1.349,0.5519,GO_GOAL
34.458,2.0875,1.3625,0.678,0.3706,3.0517,2.1194,1.349,0.5545,GO_GOAL
34.476,2.0903,1.3647,0.678,0.3723,3.0549,2.1306,1.358,0.5572,GO_GOAL
34.498,2.0931,1.367,0.678,0.3739,3.0581,2.1306,1.358,0.5598,GO_GOAL
34.518,2.0959,1.3693,0.678,0.3756,3.0612,2.1306,1.358,0.5625,GO_GOAL
34.538,2.0987,1.3715,0.678,0.3773,3.0644,2.1306,1.358,0.5652,GO_GOAL
34.558,2.1015,1.3738,0.678,0.379,3.0676,2.1306,1.358,0.5678,GO_GOAL
34.578,2.1043,1.376,0.678,0.3807,3.0708,2.1447,1.3693,0.5705,GO_GOAL
34.598,2.1071,1.3783,0.678,0.3824,3.0739,2.1447,1.3693,0.5732,GO_GOAL
34.618,2.1099,1.3805,0.678,0.3841,3.0771,2.1447,1.3693,0.5759,GO_GOAL
34.638,2.1127,1.3828,0.678,0.3858,3.0803,2.1447,1.3693,0.5786,GO_GOAL
34.658,2.1155,1.3851,0.678,0.3875,3.0835,2.1447,1.3693,0.5813,GO_GOAL
34.678,2.1184,1.3873,0.678,0.3892,3.0866,2.1587,1.3806,0.584,GO_GOAL
34.698,2.1212,1.3896,0.678,0.3909,3.0898,2.1587,1.3806,0.5868,GO_GOAL
34.718,2.124,1.3918,0.678,0.3926,3.093,2.1587,1.3806,0.5895,GO_GOAL
34.738,2.1268,1.3941,0.678,0.396,3.0993,2.1587,1.3806,0.5922,GO_GOAL
34.758,2.1296,1.3964,0.678,0.396,3.0993,2.1587,1.3806,0.595,GO_GOAL
34.778,2.1324,1.3986,0.678,0.3994,3.1057,2.1727,1.3919,0.5977,GO_GOAL
34.798,2.1352,1.4009,0.678,0.3994,3.1057,2.1727,1.3919,0.6005,GO_GOAL
34.818,2.138,1.4031,0.678,0.4011,3.1089,2.1727,1.3919,0.6032,GO_GOAL
34.838,2.1408,1.4054,0.678,0.4028,3.112,2.1727,1.3919,0.606,GO_GOAL
34.858,2.1436,1.4076,0.678,0.4045,3.1152,2.1727,1.3919,0.6087,GO_GOAL
34.878,2.1464,1.4099,0.678,0.4062,3.1184,2.1867,1.4032,0.6115,GO_GOAL
34.898,2.1492,1.4122,0.678,0.4079,3.1216,2.1867,1.4032,0.6143,GO_GOAL
34.918,2.152,1.4144,0.678,0.4096,3.1247,2.1867,1.4032,0.6171,GO_GOAL
34.938,2.1548,1.4167,0.678,0.4113,3.1279,2.1867,1.4032,0.6199,GO_GOAL
34.958,2.1576,1.4189,0.678,0.4129,3.1311,2.1867,1.4032,0.6227,GO_GOAL
34.978,2.1604,1.4212,0.678,0.4163,3.1374,2.2007,1.4145,0.6255,GO_GOAL
34.998,2.1632,1.4234,0.678,0.4163,3.1374,2.2007,1.4145,0.6283,GO_GOAL
35.018,2.166,1.4257,0.678,0.418,3.1406,2.2007,1.4145,0.6311,GO_GOAL
35.038,2.1688,1.428,0.678,0.4197,3.1438,2.2007,1.4145,0.6339,GO_GOAL
35.058,2.1716,1.4302,0.678,0.4214,3.147,2.2007,1.4145,0.6368,GO_GOAL
35.078,2.1744,1.4325,0.678,0.4231,3.1501,2.2147,1.4258,0.6396,GO_GOAL
35.098,2.1772,1.4347,0.678,0.4248,3.1533,2.2147,1.4258,0.6424,GO_GOAL
35.118,2.18,1.437,0.678,0.4265,3.1565,2.2147,1.4258,0.6453,GO_GOAL
35.138,2.1828,1.4393,0.678,0.4282,3.1597,2.2147,1.4258,0.6481,GO_GOAL
35.158,2.1856,1.4415,0.678,0.4299,3.1628,2.2147,1.4258,0.651,GO_GOAL
35.178,2.1884,1.4438,0.678,0.4316,3.166,2.2287,1.4371,0.6538,GO_GOAL
35.198,2.1913,1.446,0.678,0.4333,3.1692,2.2287,1.4371,0.6567,GO_GOAL
35.218,2.1941,1.4483,0.678,0.435,3.1724,2.2287,1.4371,0.6595,GO_GOAL
35.238,2.1969,1.4505,0.678,0.4367,3.1756,2.2287,1.4371,0.6624,GO_GOAL
35.258,2.1997,1.4528,0.678,0.4384,3.1787,2.2287,1.4371,0.6653,GO_GOAL
35.278,2.2025,1.4551,0.678,0.4401,3.1819,2.2455,1.4507,0.6682,GO_GOAL
35.298,2.2053,1.4573,0.678,0.4435,3.1883,2.2455,1.4507,0.6711,GO_GOAL
35.318,2.2081,1.4596,0.678,0.4435,3.1883,2.2455,1.4507,0.6739,GO_GOAL
35.338,2.2109,1.4618,0.678,0.4452,3.1914,2.2455,1.4507,0.6768,GO_GOAL
35.358,2.2137,1.4641,0.678,0.4469,3.1946,2.2455,1.4507,0.6797,GO_GOAL
35.378,2.2165,1.4663,0.678,0.4486,3.1978,2.2596,1.462,0.6826,GO_GOAL
35.398,2.2193,1.4686,0.678,0.4503,3.201,2.2596,1.462,0.6856,GO_GOAL
35.418,2.2221,1.4709,0.678,0.4519,3.2041,2.2596,1.462,0.6885,GO_GOAL
35.438,2.2249,1.4731,0.678,0.4536,3.2073,2.2596,1.462,0.6914,GO_GOAL
35.458,2.2277,1.4754,0.678,0.4553,3.2105,2.2596,1.462,0.6943,GO_GOAL
35.478,2.2305,1.4776,0.678,0.4587,3.2168,2.2708,1.471,0.6972,GO_GOAL
35.498,2.2333,1.4799,0.678,0.4587,3.2168,2.2708,1.471,0.7002,GO_GOAL
35.518,2.2361,1.4822,0.678,0.4604,3.22,2.2708,1.471,0.7031,GO_GOAL
35.538,2.2389,1.4844,0.678,0.4621,3.2232,2.2708,1.471,0.706,GO_GOAL
35.558,2.2417,1.4867,0.678,0.4638,3.2264,2.2708,1.471,0.709,GO_GOAL
35.578,2.2445,1.4889,0.678,0.4655,3.2295,2.2848,1.4823,0.7119,GO_GOAL
35.598,2.2473,1.4912,0.678,0.4672,3.2327,2.2848,1.4823,0.7149,GO_GOAL
35.618,2.2501,1.4934,0.678,0.4689,3.2359,2.2848,1.4823,0.7178,GO_GOAL
35.638,2.2529,1.4957,0.678,0.4723,3.2422,2.2848,1.4823,0.7208,GO_GOAL
35.658,2.2557,1.498,0.678,0.4723,3.2422,2.2848,1.4823,0.7238,GO_GOAL
35.678,2.2585,1.5002,0.678,0.474,3.2454,2.2988,1.4936,0.7267,GO_GOAL
35.698,2.2613,1.5025,0.678,0.4757,3.2486,2.2988,1.4936,0.7297,GO_GOAL
35.718,2.2642,1.5047,0.678,0.4774,3.2518,2.2988,1.4936,0.7327,GO_GOAL
35.738,2.267,1.507,0.678,0.4791,3.2549,2.2988,1.4936,0.7357,GO_GOAL
35.758,2.2698,1.5093,0.678,0.4808,3.2581,2.2988,1.4936,0.7386,GO_GOAL
35.778,2.2726,1.5115,0.678,0.4825,3.2613,2.3128,1.5049,0.7416,GO_GOAL
35.798,2.2754,1.5138,0.678,0.4842,3.2645,2.3128,1.5049,0.7446,GO_GOAL
35.818,2.2782,1.516,0.678,0.4859,3.2676,2.3128,1.5049,0.7476,GO_GOAL
35.838,2.281,1.5183,0.678,0.4876,3.2708,2.3128,1.5049,0.7506,GO_GOAL
35.858,2.2838,1.5205,0.678,0.491,3.2772,2.3128,1.5049,0.7536,GO_GOAL
35.878,2.2866,1.5228,0.678,0.491,3.2772,2.3268,1.5162,0.7566,GO_GOAL
35.898,2.2894,1.5251,0.678,0.4926,3.2803,2.3268,1.5162,0.7596,GO_GOAL
35.918,2.2922,1.5273,0.678,0.4943,3.2835,2.3268,1.5162,0.7626,GO_GOAL
35.938,2.295,1.5296,0.678,0.496,3.2867,2.3268,1.5162,0.7657,GO_GOAL
35.958,2.2978,1.5318,0.678,0.4977,3.2899,2.3268,1.5162,0.7687,GO_GOAL
35.978,2.3006,1.5341,0.678,0.4994,3.293,2.3408,1.5275,0.7717,GO_GOAL
35.998,2.3034,1.5363,0.678,0.5011,3.2962,2.3408,1.5275,0.7747,GO_GOAL
36.018,2.3062,1.5386,0.678,0.5028,3.2994,2.3408,1.5275,0.7778,GO_GOAL
36.038,2.309,1.5409,0.678,0.5045,3.3026,2.3408,1.5275,0.7808,GO_GOAL
36.058,2.3118,1.5431,0.678,0.5062,3.3058,2.3408,1.5275,0.7838,GO_GOAL
36.078,2.3146,1.5454,0.678,0.5079,3.3089,2.3548,1.5388,0.7869,GO_GOAL
36.098,2.3174,1.5476,0.678,0.5096,3.3121,2.3548,1.5388,0.7899,GO_GOAL
36.118,2.3202,1.5499,0.678,0.5113,3.3153,2.3548,1.5388,0.793,GO_GOAL
36.138,2.323,1.5522,0.678,0.513,3.3185,2.3548,1.5388,0.796,GO_GOAL
36.158,2.3258,1.5544,0.678,0.5147,3.3216,2.3548,1.5388,0.7991,GO_GOAL
36.178,2.3286,1.5567,0.678,0.5164,3.3248,2.3689,1.5501,0.8021,GO_GOAL
36.198,2.3314,1.5589,0.678,0.5181,3.328,2.3689,1.5501,0.8052,GO_GOAL
36.218,2.3342,1.5612,0.678,0.5215,3.3343,2.3689,1.5501,0.8083,GO_GOAL
36.238,2.3371,1.5634,0.678,0.5215,3.3343,2.3689,1.5501,0.8113,GO_GOAL
36.258,2.3399,1.5657,0.678,0.5232,3.3375,2.3689,1.5501,0.8144,GO_GOAL
36.278,2.3427,1.568,0.678,0.5249,3.3407,2.3829,1.5614,0.8175,GO_GOAL
36.298,2.3455,1.5702,0.678,0.5266,3.3439,2.3829,1.5614,0.8206,GO_GOAL
36.318,2.3483,1.5725,0.678,0.5283,3.347,2.3829,1.5614,0.8236,GO_GOAL
36.338,2.3511,1.5747,0.678,0.53,3.3502,2.3829,1.5614,0.8267,GO_GOAL
36.358,2.3539,1.577,0.678,0.5316,3.3534,2.3829,1.5614,0.8298,GO_GOAL
36.378,2.3567,1.5792,0.678,0.5333,3.3566,2.3969,1.5727,0.8308,GO_GOAL
36.398,2.3595,1.5815,0.678,0.535,3.3597,2.3969,1.5727,0.8286,GO_GOAL
36.418,2.3623,1.5838,0.678,0.5367,3.3629,2.3969,1.5727,0.8263,GO_GOAL
36.438,2.3651,1.586,0.678,0.5401,3.3693,2.3969,1.5727,0.824,GO_GOAL
36.458,2.3679,1.5883,0.678,0.5401,3.3693,2.3969,1.5727,0.8218,GO_GOAL
36.478,2.3707,1.5905,0.678,0.5418,3.3724,2.4109,1.584,0.8195,GO_GOAL
36.498,2.3735,1.5928,0.678,0.5435,3.3756,2.4109,1.584,0.8173,GO_GOAL
36.518,2.3763,1.5951,0.678,0.5452,3.3788,2.4109,1.584,0.815,GO_GOAL
36.538,2.3791,1.5973,0.678,0.5469,3.382,2.4109,1.584,0.8128,GO_GOAL
36.558,2.3819,1.5996,0.678,0.5486,3.3851,2.4109,1.584,0.8105,GO_GOAL
36.578,2.3847,1.6018,0.678,0.5503,3.3883,2.4249,1.5953,0.8082,GO_GOAL
36.598,2.3875,1.6041,0.678,0.552,3.3915,2.4249,1.5953,0.806,GO_GOAL
36.618,2.3903,1.6063,0.678,0.5537,3.3947,2.4249,1.5953,0.8037,GO_GOAL
36.638,2.3931,1.6086,0.678,0.5554,3.3978,2.4249,1.5953,0.8015,GO_GOAL
36.658,2.3959,1.6109,0.678,0.5571,3.401,2.4249,1.5953,0.7992,GO_GOAL
36.678,2.3987,1.6131,0.678,0.5588,3.4042,2.4389,1.6066,0.797,GO_GOAL
36.698,2.4015,1.6154,0.678,0.5605,3.4074,2.4389,1.6066,0.7947,GO_GOAL
36.718,2.4043,1.6176,0.678,0.5622,3.4105,2.4389,1.6066,0.7924,GO_GOAL
36.738,2.4071,1.6199,0.678,0.5639,3.4137,2.4389,1.6066,0.7902,GO_GOAL
36.758,2.41,1.6222,0.678,0.5656,3.4169,2.4389,1.6066,0.7879,GO_GOAL
36.778,2.4128,1.6244,0.678,0.5673,3.4201,2.4529,1.6179,0.7857,GO_GOAL
36.798,2.4156,1.6267,0.678,0.569,3.4232,2.4529,1.6179,0.7834,GO_GOAL
36.818,2.4184,1.6289,0.678,0.5723,3.4296,2.4529,1.6179,0.7811,GO_GOAL
36.838,2.4212,1.6312,0.678,0.5723,3.4296,2.4529,1.6179,0.7789,GO_GOAL
36.858,2.424,1.6334,0.678,0.574,3.4328,2.4529,1.6179,0.7766,GO_GOAL
36.878,2.4268,1.6357,0.678,0.5757,3.436,2.4697,1.6314,0.7744,GO_GOAL
36.898,2.4296,1.638,0.678,0.5774,3.4391,2.4697,1.6314,0.7721,GO_GOAL
36.918,2.4324,1.6402,0.678,0.5791,3.4423,2.4697,1.6314,0.7699,GO_GOAL
36.938,2.4352,1.6425,0.678,0.5808,3.4455,2.4697,1.6314,0.7676,GO_GOAL
36.958,2.438,1.6447,0.678,0.5825,3.4487,2.4697,1.6314,0.7653,GO_GOAL
36.978,2.4408,1.647,0.678,0.5842,3.4518,2.4809,1.6405,0.7631,GO_GOAL
36.998,2.4436,1.6492,0.678,0.5859,3.455,2.4809,1.6405,0.7608,GO_GOAL
37.018,2.4464,1.6515,0.678,0.5893,3.4614,2.4809,1.6405,0.7586,GO_GOAL
37.038,2.4492,1.6538,0.678,0.591,3.4645,2.4809,1.6405,0.7563,GO_GOAL
37.058,2.452,1.656,0.678,0.591,3.4645,2.4809,1.6405,0.754,GO_GOAL
37.078,2.4548,1.6583,0.678,0.5927,3.4677,2.495,1.6518,0.7518,GO_GOAL
37.098,2.4576,1.6605,0.678,0.5944,3.4709,2.495,1.6518,0.7495,GO_GOAL
37.118,2.4604,1.6628,0.678,0.5961,3.4741,2.495,1.6518,0.7473,GO_GOAL
37.138,2.4632,1.6651,0.678,0.5995,3.4804,2.495,1.6518,0.745,GO_GOAL
37.158,2.466,1.6673,0.678,0.5995,3.4804,2.495,1.6518,0.7428,GO_GOAL
37.178,2.4688,1.6696,0.678,0.6012,3.4836,2.509,1.6631,0.7405,GO_GOAL
37.198,2.4716,1.6718,0.678,0.6029,3.4868,2.509,1.6631,0.7382,GO_GOAL
37.218,2.4744,1.6741,0.678,0.6046,3.4899,2.509,1.6631,0.736,GO_GOAL
37.238,2.4772,1.6763,0.678,0.6063,3.4931,2.509,1.6631,0.7337,GO_GOAL
37.258,2.48,1.6786,0.678,0.608,3.4963,2.509,1.6631,0.7315,GO_GOAL
37.278,2.4828,1.6809,0.678,0.6097,3.4995,2.523,1.6744,0.7292,GO_GOAL
37.298,2.4857,1.6831,0.678,0.6113,3.5026,2.523,1.6744,0.727,GO_GOAL
37.318,2.4885,1.6854,0.678,0.613,3.5058,2.523,1.6744,0.7247,GO_GOAL
37.338,2.4913,1.6876,0.678,0.6147,3.509,2.523,1.6744,0.7224,GO_GOAL
37.358,2.4941,1.6899,0.678,0.6164,3.5122,2.523,1.6744,0.7202,GO_GOAL
37.378,2.4969,1.6921,0.678,0.6181,3.5153,2.537,1.6857,0.7179,GO_GOAL
37.398,2.4997,1.6944,0.678,0.6198,3.5185,2.537,1.6857,0.7157,GO_GOAL
37.418,2.5025,1.6967,0.678,0.6215,3.5217,2.537,1.6857,0.7134,GO_GOAL
37.438,2.5053,1.6989,0.678,0.6232,3.5249,2.537,1.6857,0.7111,GO_GOAL
37.458,2.5081,1.7012,0.678,0.6249,3.528,2.537,1.6857,0.7089,GO_GOAL
37.478,2.5109,1.7034,0.678,0.6266,3.5312,2.551,1.697,0.7066,GO_GOAL
37.498,2.5137,1.7057,0.678,0.63,3.5376,2.551,1.697,0.7044,GO_GOAL
37.518,2.5165,1.708,0.678,0.6317,3.5407,2.551,1.697,0.7021,GO_GOAL
37.538,2.5193,1.7102,0.678,0.6334,3.5439,2.551,1.697,0.6999,GO_GOAL
37.558,2.5221,1.7125,0.678,0.6334,3.5439,2.551,1.697,0.6976,GO_GOAL
37.578,2.5249,1.7147,0.678,0.6351,3.5471,2.565,1.7083,0.6953,GO_GOAL
37.598,2.5277,1.717,0.678,0.6368,3.5503,2.565,1.7083,0.6931,GO_GOAL
37.618,2.5305,1.7192,0.678,0.6385,3.5534,2.565,1.7083,0.6908,GO_GOAL
37.638,2.5333,1.7215,0.678,0.6419,3.5598,2.565,1.7083,0.6886,GO_GOAL
37.658,2.5361,1.7238,0.678,0.6419,3.5598,2.565,1.7083,0.6863,GO_GOAL
37.678,2.5389,1.726,0.678,0.6436,3.563,2.579,1.7196,0.6841,GO_GOAL
37.698,2.5417,1.7283,0.678,0.6453,3.5662,2.579,1.7196,0.6818,GO_GOAL
37.718,2.5445,1.7305,0.678,0.647,3.5693,2.579,1.7196,0.6795,GO_GOAL
37.738,2.5473,1.7328,0.678,0.6487,3.5725,2.579,1.7196,0.6773,GO_GOAL
37.758,2.5501,1.7351,0.678,0.6503,3.5757,2.579,1.7196,0.675,GO_GOAL
37.778,2.5529,1.7373,0.678,0.652,3.5789,2.593,1.7309,0.6728,GO_GOAL
37.798,2.5557,1.7396,0.678,0.6537,3.582,2.593,1.7309,0.6705,GO_GOAL
37.818,2.5586,1.7418,0.678,0.6554,3.5852,2.593,1.7309,0.6682,GO_GOAL
37.838,2.5614,1.7441,0.678,0.6571,3.5884,2.593,1.7309,0.666,GO_GOAL
37.856,2.5642,1.7463,0.678,0.6588,3.5916,2.593,1.7309,0.6637,GO_GOAL
37.878,2.567,1.7486,0.678,0.6622,3.5979,2.6099,1.7444,0.6615,GO_GOAL
37.898,2.5698,1.7509,0.678,0.6622,3.5979,2.6099,1.7444,0.6592,GO_GOAL
37.918,2.5726,1.7531,0.678,0.6639,3.6011,2.6099,1.7444,0.657,GO_GOAL
37.938,2.5754,1.7554,0.678,0.6656,3.6043,2.6099,1.7444,0.6547,GO_GOAL
37.958,2.5782,1.7576,0.678,0.6673,3.6074,2.6099,1.7444,0.6524,GO_GOAL
37.978,2.581,1.7599,0.678,0.669,3.6106,2.6211,1.7535,0.6502,GO_GOAL
37.998,2.5838,1.7621,0.678,0.6707,3.6138,2.6211,1.7535,0.6479,GO_GOAL
38.018,2.5866,1.7644,0.678,0.6741,3.6201,2.6211,1.7535,0.6457,GO_GOAL
38.038,2.5894,1.7667,0.678,0.6741,3.6201,2.6211,1.7535,0.6434,GO_GOAL
38.058,2.5922,1.7689,0.678,0.6758,3.6233,2.6211,1.7535,0.6411,GO_GOAL
38.078,2.595,1.7712,0.678,0.6775,3.6265,2.6379,1.767,0.6389,GO_GOAL
38.098,2.5978,1.7734,0.678,0.6809,3.6328,2.6379,1.767,0.6366,GO_GOAL
38.118,2.6006,1.7757,0.678,0.6826,3.636,2.6379,1.767,0.6344,GO_GOAL
38.138,2.6034,1.778,0.678,0.6826,3.636,2.6379,1.767,0.6321,GO_GOAL
38.158,2.6062,1.7802,0.678,0.6843,3.6392,2.6379,1.767,0.6299,GO_GOAL
38.178,2.609,1.7825,0.678,0.686,3.6424,2.6491,1.7761,0.6276,GO_GOAL
38.198,2.6118,1.7847,0.678,0.6894,3.6487,2.6491,1.7761,0.6253,GO_GOAL
38.218,2.6146,1.787,0.678,0.6894,3.6487,2.6491,1.7761,0.6231,GO_GOAL
38.238,2.6174,1.7892,0.678,0.691,3.6519,2.6491,1.7761,0.6208,GO_GOAL
38.258,2.6202,1.7915,0.678,0.6944,3.6582,2.6631,1.7874,0.6186,GO_GOAL
38.278,2.623,1.7938,0.678,0.6944,3.6582,2.6631,1.7874,0.6163,GO_GOAL
38.298,2.6258,1.796,0.678,0.6961,3.6614,2.6631,1.7874,0.6141,GO_GOAL
38.318,2.6286,1.7983,0.678,0.6978,3.6646,2.6631,1.7874,0.6118,GO_GOAL
38.338,2.6315,1.8005,0.678,0.6995,3.6678,2.6631,1.7874,0.6095,GO_GOAL
38.358,2.6343,1.8028,0.678,0.7012,3.6709,2.6631,1.7874,0.6073,GO_GOAL
38.378,2.6371,1.805,0.678,0.7029,3.6741,2.6799,1.8009,0.605,GO_GOAL
38.398,2.6399,1.8073,0.678,0.7046,3.6773,2.6799,1.8009,0.6028,GO_GOAL
38.418,2.6427,1.8096,0.678,0.7063,3.6805,2.6799,1.8009,0.6005,GO_GOAL
38.438,2.6455,1.8118,0.678,0.708,3.6836,2.6799,1.8009,0.5982,GO_GOAL
38.458,2.6483,1.8141,0.678,0.7097,3.6868,2.6799,1.8009,0.596,GO_GOAL
38.478,2.6511,1.8163,0.678,0.7114,3.69,2.6911,1.81,0.5937,GO_GOAL
38.498,2.6539,1.8186,0.678,0.7131,3.6932,2.6911,1.81,0.5915,GO_GOAL
38.518,2.6567,1.8209,0.678,0.7148,3.6964,2.6911,1.81,0.5892,GO_GOAL
38.538,2.6595,1.8231,0.678,0.7182,3.7027,2.6911,1.81,0.587,GO_GOAL
38.558,2.6623,1.8254,0.678,0.7199,3.7059,2.6911,1.81,0.5847,GO_GOAL
38.578,2.6651,1.8276,0.678,0.7216,3.7091,2.7051,1.8213,0.5824,GO_GOAL
38.598,2.6679,1.8299,0.678,0.7216,3.7091,2.7051,1.8213,0.5802,GO_GOAL
38.618,2.6707,1.8321,0.678,0.7233,3.7122,2.7051,1.8213,0.5779,GO_GOAL
38.638,2.6735,1.8344,0.678,0.725,3.7154,2.7051,1.8213,0.5757,GO_GOAL
38.658,2.6763,1.8367,0.678,0.7267,3.7186,2.7051,1.8213,0.5734,GO_GOAL
38.678,2.679,1.8388,0.6782,0.7284,3.7218,2.7191,1.8326,0.5713,GO_GOAL
38.698,2.6816,1.8409,0.6789,0.73,3.7249,2.7191,1.8326,0.5692,GO_GOAL
38.718,2.6842,1.843,0.6801,0.7317,3.7281,2.7191,1.8326,0.5671,GO_GOAL
38.738,2.6869,1.8452,0.6818,0.7334,3.7312,2.7191,1.8326,0.565,GO_GOAL
38.758,2.6895,1.8473,0.6839,0.7366,3.7376,2.7191,1.8326,0.5629,GO_GOAL
38.778,2.6922,1.8495,0.6865,0.7366,3.7376,2.7331,1.8438,0.5607,GO_GOAL
38.798,2.6949,1.8517,0.6896,0.7382,3.7407,2.7331,1.8438,0.5586,GO_GOAL
38.818,2.6976,1.854,0.693,0.7398,3.7439,2.7331,1.8438,0.5565,GO_GOAL
38.838,2.7003,1.8562,0.6965,0.7414,3.7471,2.7331,1.8438,0.5543,GO_GOAL
38.858,2.703,1.8585,0.7,0.743,3.7502,2.7331,1.8438,0.5521,GO_GOAL
38.878,2.7055,1.8606,0.7035,0.7446,3.7534,2.7467,1.8551,0.5501,GO_GOAL
38.898,2.708,1.8628,0.707,0.746,3.7564,2.7467,1.8551,0.548,GO_GOAL
38.918,2.7105,1.8649,0.7105,0.7475,3.7594,2.7467,1.8551,0.546,GO_GOAL
38.938,2.713,1.8671,0.714,0.7489,3.7624,2.7467,1.8551,0.5439,GO_GOAL
38.958,2.7155,1.8692,0.7175,0.7504,3.7654,2.7467,1.8551,0.5418,GO_GOAL
38.978,2.717,1.8705,0.7208,0.7518,3.7685,2.7467,1.8551,0.5406,GO_GOAL
38.998,2.7182,1.8715,0.7237,0.7524,3.7698,2.7467,1.8551,0.5396,GO_GOAL
39.018,2.7193,1.8726,0.7261,0.753,3.7711,2.7596,1.8661,0.5387,REACHED
39.038,2.7204,1.8735,0.728,0.7536,3.7723,2.7596,1.8661,0.5378,REACHED
39.058,2.7215,1.8745,0.7295,0.7541,3.7735,2.7596,1.8661,0.5368,REACHED
