t,x,y,yaw,odom_x,odom_y,est_x,est_y,clearance,state
0.014,-2.9488,-1.8721,0.3511,-2.946,-1.871,-2.946,-1.871,0.4111,GO_GOAL
0.032,-2.9487,-1.872,0.3517,-2.9459,-1.871,-2.946,-1.871,0.4112,GO_GOAL
0.052,-2.9482,-1.8718,0.3527,-2.9455,-1.8708,-2.946,-1.871,0.4118,GO_GOAL
0.072,-2.9474,-1.8715,0.3543,-2.9448,-1.8705,-2.946,-1.871,0.4126,GO_GOAL
0.092,-2.9467,-1.8712,0.3565,-2.9429,-1.8698,-2.9429,-1.8699,0.4134,GO_GOAL
0.112,-2.9459,-1.871,0.3592,-2.9429,-1.8698,-2.9429,-1.8699,0.4141,GO_GOAL
0.132,-2.9448,-1.8706,0.3624,-2.9418,-1.8694,-2.9429,-1.8699,0.4153,GO_GOAL
0.152,-2.9433,-1.87,0.3662,-2.9403,-1.8688,-2.9429,-1.8699,0.4168,GO_GOAL
0.172,-2.9417,-1.8693,0.3704,-2.9386,-1.8681,-2.9429,-1.8699,0.4184,GO_GOAL
0.192,-2.9402,-1.8687,0.3753,-2.9349,-1.8665,-2.9366,-1.8675,0.4201,GO_GOAL
0.212,-2.9384,-1.868,0.3806,-2.9349,-1.8665,-2.9366,-1.8675,0.4219,GO_GOAL
0.232,-2.9363,-1.8672,0.3865,-2.9305,-1.8646,-2.9366,-1.8675,0.4241,GO_GOAL
0.252,-2.9339,-1.8662,0.3928,-2.9305,-1.8646,-2.9366,-1.8675,0.4266,GO_GOAL
0.272,-2.9316,-1.8652,0.3993,-2.9278,-1.8634,-2.9366,-1.8675,0.4289,GO_GOAL
0.292,-2.9294,-1.8642,0.4058,-2.9251,-1.8621,-2.9366,-1.8675,0.4312,GO_GOAL
0.312,-2.9272,-1.8632,0.4123,-2.9224,-1.8608,-2.9249,-1.8627,0.4335,GO_GOAL
0.332,-2.925,-1.8623,0.4188,-2.9196,-1.8594,-2.9249,-1.8627,0.4357,GO_GOAL
0.352,-2.9228,-1.8613,0.4253,-2.9165,-1.8578,-2.9249,-1.8627,0.438,GO_GOAL
0.372,-2.9207,-1.8603,0.4318,-2.9103,-1.8547,-2.9249,-1.8627,0.4403,GO_GOAL
0.392,-2.9185,-1.8594,0.4383,-2.9103,-1.8547,-2.9249,-1.8627,0.4425,GO_GOAL
0.412,-2.9162,-1.8583,0.4448,-2.9072,-1.8531,-2.9097,-1.8559,0.4449,GO_GOAL
0.432,-2.9131,-1.8568,0.4512,-2.9041,-1.8514,-2.9097,-1.8559,0.4481,GO_GOAL
0.452,-2.91,-1.8553,0.4574,-2.901,-1.8497,-2.9097,-1.8559,0.4513,GO_GOAL
0.472,-2.9068,-1.8537,0.4636,-2.898,-1.848,-2.9097,-1.8559,0.4545,GO_GOAL
0.492,-2.9037,-1.8522,0.4698,-2.8918,-1.8446,-2.9097,-1.8559,0.4577,GO_GOAL
0.512,-2.9006,-1.8506,0.4757,-2.8888,-1.8428,-2.894,-1.8483,0.461,GO_GOAL
0.532,-2.8974,-1.8489,0.481,-2.8888,-1.8428,-2.894,-1.8483,0.4642,GO_GOAL
0.552,-2.8943,-1.8473,0.486,-2.8857,-1.841,-2.894,-1.8483,0.4674,GO_GOAL
0.572,-2.8912,-1.8457,0.4909,-2.8826,-1.8392,-2.894,-1.8483,0.4705,GO_GOAL
0.592,-2.8881,-1.844,0.4959,-2.8796,-1.8374,-2.894,-1.8483,0.4737,GO_GOAL
0.612,-2.885,-1.8423,0.5005,-2.8766,-1.8356,-2.8751,-1.8384,0.4769,GO_GOAL
0.632,-2.8819,-1.8406,0.5046,-2.8735,-1.8337,-2.8751,-1.8384,0.4801,GO_GOAL
0.652,-2.8788,-1.8388,0.5083,-2.8674,-1.83,-2.8751,-1.8384,0.4833,GO_GOAL
0.672,-2.8757,-1.8371,0.5119,-2.8674,-1.83,-2.8751,-1.8384,0.4864,GO_GOAL
0.692,-2.8726,-1.8354,0.5156,-2.8614,-1.8262,-2.8751,-1.8384,0.4896,GO_GOAL
0.712,-2.8695,-1.8336,0.519,-2.8614,-1.8262,-2.8627,-1.8315,0.4927,GO_GOAL
0.732,-2.8664,-1.8318,0.5219,-2.8584,-1.8243,-2.8627,-1.8315,0.4959,GO_GOAL
0.752,-2.8633,-1.8301,0.5249,-2.8553,-1.8223,-2.8627,-1.8315,0.499,GO_GOAL
0.772,-2.8603,-1.8283,0.5279,-2.8523,-1.8204,-2.8627,-1.8315,0.5021,GO_GOAL
0.792,-2.8572,-1.8265,0.5309,-2.8463,-1.8165,-2.8471,-1.8226,0.5052,GO_GOAL
0.812,-2.8541,-1.8247,0.5336,-2.8463,-1.8165,-2.8471,-1.8226,0.5083,GO_GOAL
0.832,-2.8511,-1.8229,0.536,-2.8433,-1.8145,-2.8471,-1.8226,0.5114,GO_GOAL
0.852,-2.848,-1.821,0.5384,-2.8403,-1.8126,-2.8471,-1.8226,0.5145,GO_GOAL
0.872,-2.845,-1.8192,0.5407,-2.8373,-1.8106,-2.8471,-1.8226,0.5176,GO_GOAL
0.892,-2.8419,-1.8174,0.5431,-2.8343,-1.8086,-2.8471,-1.8226,0.5207,GO_GOAL
0.912,-2.8388,-1.8155,0.5452,-2.8314,-1.8066,-2.8317,-1.8134,0.5238,GO_GOAL
0.932,-2.8358,-1.8137,0.5471,-2.8284,-1.8046,-2.8317,-1.8134,0.5269,GO_GOAL
0.952,-2.8328,-1.8119,0.5489,-2.8254,-1.8026,-2.8317,-1.8134,0.5299,GO_GOAL
0.972,-2.8299,-1.8102,0.5508,-2.8224,-1.8006,-2.8317,-1.8134,0.5329,GO_GOAL
0.992,-2.8269,-1.8085,0.5527,-2.8165,-1.7965,-2.8317,-1.8134,0.5358,GO_GOAL
1.012,-2.824,-1.8068,0.5546,-2.8165,-1.7965,-2.8164,-1.8041,0.5388,GO_GOAL
1.032,-2.8211,-1.8051,0.5564,-2.8135,-1.7945,-2.8164,-1.8041,0.5418,GO_GOAL
1.052,-2.8181,-1.8034,0.5583,-2.8076,-1.7904,-2.8164,-1.8041,0.5447,GO_GOAL
1.072,-2.8152,-1.8017,0.5602,-2.8076,-1.7904,-2.8164,-1.8041,0.5477,GO_GOAL
1.092,-2.8123,-1.8,0.5621,-2.8046,-1.7884,-2.8164,-1.8041,0.5506,GO_GOAL
1.112,-2.8093,-1.7981,0.5636,-2.8017,-1.7863,-2.8011,-1.7946,0.5537,GO_GOAL
1.132,-2.8062,-1.7961,0.5647,-2.7987,-1.7843,-2.8011,-1.7946,0.5568,GO_GOAL
1.152,-2.8032,-1.7942,0.5658,-2.7958,-1.7822,-2.8011,-1.7946,0.5598,GO_GOAL
1.172,-2.8001,-1.7923,0.5669,-2.7928,-1.7802,-2.8011,-1.7946,0.5629,GO_GOAL
1.192,-2.7971,-1.7904,0.568,-2.7899,-1.7781,-2.8011,-1.7946,0.5659,GO_GOAL
1.212,-2.7941,-1.7884,0.5689,-2.7869,-1.776,-2.7859,-1.785,0.569,GO_GOAL
1.232,-2.791,-1.7865,0.5697,-2.784,-1.774,-2.7859,-1.785,0.572,GO_GOAL
1.252,-2.788,-1.7845,0.5705,-2.7811,-1.7719,-2.7859,-1.785,0.5751,GO_GOAL
1.272,-2.785,-1.7826,0.5714,-2.7781,-1.7698,-2.7859,-1.785,0.5781,GO_GOAL
1.292,-2.782,-1.7806,0.5722,-2.7752,-1.7678,-2.7708,-1.7753,0.5811,GO_GOAL
1.312,-2.7789,-1.7787,0.5729,-2.7722,-1.7657,-2.7708,-1.7753,0.5842,GO_GOAL
1.332,-2.7759,-1.7767,0.5735,-2.7664,-1.7615,-2.7708,-1.7753,0.5872,GO_GOAL
1.352,-2.7729,-1.7748,0.5742,-2.7664,-1.7615,-2.7708,-1.7753,0.5902,GO_GOAL
1.372,-2.7699,-1.7728,0.5748,-2.7634,-1.7594,-2.7708,-1.7753,0.5933,GO_GOAL
1.392,-2.7669,-1.7709,0.5754,-2.7605,-1.7573,-2.7708,-1.7753,0.5963,GO_GOAL
1.412,-2.7639,-1.7689,0.576,-2.7576,-1.7552,-2.7557,-1.7655,0.5993,GO_GOAL
1.432,-2.7608,-1.767,0.5765,-2.7546,-1.7532,-2.7557,-1.7655,0.6023,GO_GOAL
1.452,-2.7578,-1.765,0.577,-2.7517,-1.7511,-2.7557,-1.7655,0.6053,GO_GOAL
1.472,-2.7548,-1.7631,0.5775,-2.7459,-1.7469,-2.7557,-1.7655,0.6084,GO_GOAL
1.492,-2.7518,-1.7611,0.578,-2.7459,-1.7469,-2.7557,-1.7655,0.6114,GO_GOAL
1.512,-2.7488,-1.7591,0.5784,-2.7429,-1.7448,-2.7406,-1.7557,0.6134,GO_GOAL
1.532,-2.7458,-1.7572,0.5788,-2.7371,-1.7406,-2.7406,-1.7557,0.6153,GO_GOAL
1.552,-2.7428,-1.7552,0.5792,-2.7371,-1.7406,-2.7406,-1.7557,0.6173,GO_GOAL
1.572,-2.7398,-1.7533,0.5796,-2.7342,-1.7385,-2.7406,-1.7557,0.6192,GO_GOAL
1.592,-2.7368,-1.7513,0.58,-2.7312,-1.7364,-2.7406,-1.7557,0.6212,GO_GOAL
1.612,-2.7338,-1.7493,0.5804,-2.7283,-1.7343,-2.7255,-1.7459,0.6231,GO_GOAL
1.632,-2.7308,-1.7474,0.5807,-2.7254,-1.7322,-2.7255,-1.7459,0.625,GO_GOAL
1.652,-2.7279,-1.7455,0.581,-2.7225,-1.7301,-2.7255,-1.7459,0.6269,GO_GOAL
1.672,-2.7249,-1.7436,0.5813,-2.7196,-1.728,-2.7255,-1.7459,0.6288,GO_GOAL
1.692,-2.7219,-1.7417,0.5816,-2.7166,-1.7258,-2.7255,-1.7459,0.6307,GO_GOAL
1.712,-2.719,-1.7398,0.5819,-2.7137,-1.7237,-2.7105,-1.736,0.6326,GO_GOAL
1.732,-2.716,-1.7379,0.5823,-2.7108,-1.7216,-2.7105,-1.736,0.6345,GO_GOAL
1.752,-2.7131,-1.736,0.5826,-2.7079,-1.7195,-2.7105,-1.736,0.6364,GO_GOAL
1.772,-2.71,-1.734,0.5828,-2.7021,-1.7153,-2.7105,-1.736,0.6383,GO_GOAL
1.792,-2.707,-1.7321,0.5831,-2.7021,-1.7153,-2.7105,-1.736,0.6403,GO_GOAL
1.812,-2.704,-1.7301,0.5833,-2.6991,-1.7132,-2.6954,-1.7261,0.6423,GO_GOAL
1.832,-2.701,-1.7281,0.5835,-2.6933,-1.709,-2.6954,-1.7261,0.6443,GO_GOAL
1.852,-2.698,-1.7261,0.5837,-2.6933,-1.709,-2.6954,-1.7261,0.6463,GO_GOAL
1.872,-2.695,-1.7241,0.5838,-2.6904,-1.7068,-2.6954,-1.7261,0.6483,GO_GOAL
1.892,-2.692,-1.7221,0.584,-2.6875,-1.7047,-2.6954,-1.7261,0.6502,GO_GOAL
1.912,-2.689,-1.7201,0.5842,-2.6846,-1.7026,-2.6804,-1.7162,0.6522,GO_GOAL
1.932,-2.686,-1.7181,0.5843,-2.6817,-1.7005,-2.6804,-1.7162,0.6542,GO_GOAL
1.952,-2.683,-1.7162,0.5845,-2.6788,-1.6984,-2.6804,-1.7162,0.6562,GO_GOAL
1.972,-2.68,-1.7142,0.5846,-2.6729,-1.6941,-2.6804,-1.7162,0.6582,GO_GOAL
1.992,-2.677,-1.7122,0.5848,-2.6729,-1.6941,-2.6804,-1.7162,0.6602,GO_GOAL
2.012,-2.674,-1.7102,0.5849,-2.6671,-1.6899,-2.6654,-1.7063,0.6621,GO_GOAL
2.032,-2.671,-1.7082,0.585,-2.6671,-1.6899,-2.6654,-1.7063,0.6641,GO_GOAL
2.05,-2.668,-1.7062,0.5851,-2.6642,-1.6878,-2.6654,-1.7063,0.6661,GO_GOAL
2.072,-2.665,-1.7042,0.5852,-2.6613,-1.6857,-2.6654,-1.7063,0.6681,GO_GOAL
2.092,-2.662,-1.7022,0.5854,-2.6584,-1.6836,-2.6654,-1.7063,0.6701,GO_GOAL
2.112,-2.659,-1.7003,0.5855,-2.6555,-1.6814,-2.6504,-1.6963,0.6721,GO_GOAL
2.132,-2.656,-1.6983,0.5856,-2.6526,-1.6793,-2.6504,-1.6963,0.674,GO_GOAL
2.152,-2.653,-1.6963,0.5856,-2.6496,-1.6772,-2.6504,-1.6963,0.6757,GO_GOAL
2.172,-2.65,-1.6943,0.5857,-2.6467,-1.6751,-2.6504,-1.6963,0.6722,GO_GOAL
2.192,-2.647,-1.6923,0.5858,-2.6438,-1.673,-2.6504,-1.6963,0.6687,GO_GOAL
2.212,-2.644,-1.6903,0.5859,-2.6409,-1.6708,-2.6354,-1.6864,0.6653,GO_GOAL
2.232,-2.641,-1.6884,0.586,-2.638,-1.6687,-2.6354,-1.6864,0.6618,GO_GOAL
2.252,-2.638,-1.6864,0.5861,-2.6351,-1.6666,-2.6354,-1.6864,0.6583,GO_GOAL
2.272,-2.6351,-1.6844,0.5861,-2.6322,-1.6645,-2.6354,-1.6864,0.6548,GO_GOAL
2.292,-2.6321,-1.6824,0.5862,-2.6293,-1.6624,-2.6354,-1.6864,0.6513,GO_GOAL
2.312,-2.6291,-1.6805,0.5863,-2.6235,-1.6581,-2.6204,-1.6764,0.6479,GO_GOAL
2.332,-2.6262,-1.6785,0.5863,-2.6235,-1.6581,-2.6204,-1.6764,0.6444,GO_GOAL
2.352,-2.6232,-1.6766,0.5864,-2.6206,-1.656,-2.6204,-1.6764,0.641,GO_GOAL
2.372,-2.6203,-1.6746,0.5865,-2.6176,-1.6539,-2.6204,-1.6764,0.6375,GO_GOAL
2.392,-2.6173,-1.6727,0.5866,-2.6147,-1.6517,-2.6204,-1.6764,0.6341,GO_GOAL
2.412,-2.6143,-1.6707,0.5866,-2.6118,-1.6496,-2.6054,-1.6665,0.6306,GO_GOAL
2.432,-2.6113,-1.6687,0.5867,-2.6089,-1.6475,-2.6054,-1.6665,0.6271,GO_GOAL
2.452,-2.6083,-1.6667,0.5867,-2.606,-1.6454,-2.6054,-1.6665,0.6236,GO_GOAL
2.472,-2.6053,-1.6647,0.5867,-2.6031,-1.6433,-2.6054,-1.6665,0.6201,GO_GOAL
2.492,-2.6023,-1.6627,0.5868,-2.5973,-1.639,-2.6054,-1.6665,0.6166,GO_GOAL
2.512,-2.5993,-1.6607,0.5868,-2.5973,-1.639,-2.5904,-1.6565,0.6131,GO_GOAL
2.53,-2.5963,-1.6587,0.5869,-2.5944,-1.6369,-2.5904,-1.6565,0.6096,GO_GOAL
2.552,-2.5933,-1.6567,0.5869,-2.5886,-1.6326,-2.5904,-1.6565,0.6061,GO_GOAL
2.572,-2.5903,-1.6547,0.5869,-2.5886,-1.6326,-2.5904,-1.6565,0.6026,GO_GOAL
2.592,-2.5873,-1.6527,0.587,-2.5857,-1.6305,-2.5904,-1.6565,0.5991,GO_GOAL
2.612,-2.5843,-1.6507,0.587,-2.5828,-1.6284,-2.5754,-1.6465,0.5956,GO_GOAL
2.632,-2.5813,-1.6487,0.587,-2.5799,-1.6263,-2.5754,-1.6465,0.5921,GO_GOAL
2.652,-2.5783,-1.6467,0.587,-2.5769,-1.6241,-2.5754,-1.6465,0.5886,GO_GOAL
2.672,-2.5753,-1.6448,0.5871,-2.574,-1.622,-2.5754,-1.6465,0.5851,GO_GOAL
2.692,-2.5723,-1.6428,0.5871,-2.5711,-1.6199,-2.5754,-1.6465,0.5816,GO_GOAL
2.712,-2.5693,-1.6408,0.5871,-2.5682,-1.6178,-2.5604,-1.6366,0.5781,GO_GOAL
2.732,-2.5663,-1.6388,0.5871,-2.5624,-1.6135,-2.5604,-1.6366,0.5747,GO_GOAL
2.752,-2.5633,-1.6368,0.5871,-2.5624,-1.6135,-2.5604,-1.6366,0.5712,GO_GOAL
2.772,-2.5603,-1.6348,0.5872,-2.5566,-1.6093,-2.5604,-1.6366,0.5677,GO_GOAL
2.792,-2.5574,-1.6328,0.5872,-2.5566,-1.6093,-2.5604,-1.6366,0.5642,GO_GOAL
2.812,-2.5544,-1.6308,0.5872,-2.5537,-1.6072,-2.5454,-1.6266,0.5607,GO_GOAL
2.832,-2.5514,-1.6288,0.5872,-2.5508,-1.605,-2.5454,-1.6266,0.5573,GO_GOAL
2.852,-2.5484,-1.6268,0.5872,-2.5479,-1.6029,-2.5454,-1.6266,0.5538,GO_GOAL
2.872,-2.5454,-1.6248,0.5872,-2.545,-1.6008,-2.5454,-1.6266,0.5503,GO_GOAL
2.892,-2.5424,-1.6229,0.5873,-2.5421,-1.5987,-2.5454,-1.6266,0.5468,GO_GOAL
2.912,-2.5394,-1.6209,0.5873,-2.5392,-1.5965,-2.5305,-1.6166,0.5434,GO_GOAL
2.932,-2.5365,-1.6189,0.5873,-2.5333,-1.5923,-2.5305,-1.6166,0.5399,GO_GOAL
2.952,-2.5335,-1.6169,0.5873,-2.5333,-1.5923,-2.5305,-1.6166,0.5365,GO_GOAL
2.972,-2.5305,-1.615,0.5873,-2.5304,-1.5902,-2.5305,-1.6166,0.5331,GO_GOAL
2.992,-2.5276,-1.613,0.5873,-2.5275,-1.588,-2.5305,-1.6166,0.5296,GO_GOAL
3.012,-2.5247,-1.6111,0.5873,-2.5246,-1.5859,-2.5155,-1.6066,0.5262,GO_GOAL
3.032,-2.5217,-1.6091,0.5874,-2.5217,-1.5838,-2.5155,-1.6066,0.5228,GO_GOAL
3.052,-2.5187,-1.6071,0.5874,-2.5159,-1.5795,-2.5155,-1.6066,0.5194,GO_GOAL
3.072,-2.5157,-1.6051,0.5874,-2.5159,-1.5795,-2.5155,-1.6066,0.5159,GO_GOAL
3.092,-2.5127,-1.6031,0.5874,-2.513,-1.5774,-2.5155,-1.6066,0.5124,GO_GOAL
3.112,-2.5097,-1.6011,0.5874,-2.5101,-1.5753,-2.5005,-1.5967,0.5089,GO_GOAL
3.132,-2.5067,-1.5991,0.5874,-2.5072,-1.5732,-2.5005,-1.5967,0.5055,GO_GOAL
3.152,-2.5037,-1.5971,0.5874,-2.5043,-1.571,-2.5005,-1.5967,0.502,GO_GOAL
3.172,-2.5007,-1.5951,0.5874,-2.5014,-1.5689,-2.5005,-1.5967,0.4985,GO_GOAL
3.192,-2.4977,-1.5931,0.5874,-2.4985,-1.5668,-2.5005,-1.5967,0.495,GO_GOAL
3.212,-2.4947,-1.5911,0.5874,-2.4956,-1.5647,-2.4855,-1.5867,0.4916,GO_GOAL
3.232,-2.4917,-1.5891,0.5874,-2.4898,-1.5604,-2.4855,-1.5867,0.4881,GO_GOAL
3.252,-2.4887,-1.5871,0.5874,-2.4869,-1.5583,-2.4855,-1.5867,0.4846,GO_GOAL
3.272,-2.4857,-1.5851,0.5875,-2.4869,-1.5583,-2.4855,-1.5867,0.4812,GO_GOAL
3.292,-2.4827,-1.5831,0.5875,-2.4839,-1.5562,-2.4855,-1.5867,0.4777,GO_GOAL
3.312,-2.4797,-1.5811,0.5875,-2.481,-1.554,-2.4705,-1.5767,0.4743,GO_GOAL
3.332,-2.4767,-1.5791,0.5875,-2.4781,-1.5519,-2.4705,-1.5767,0.4708,GO_GOAL
3.352,-2.4737,-1.5772,0.5875,-2.4752,-1.5498,-2.4705,-1.5767,0.4673,GO_GOAL
3.372,-2.4707,-1.5752,0.5875,-2.4723,-1.5477,-2.4705,-1.5767,0.4639,GO_GOAL
3.392,-2.4678,-1.5732,0.5875,-2.4694,-1.5455,-2.4705,-1.5767,0.4604,GO_GOAL
3.412,-2.4648,-1.5712,0.5875,-2.4665,-1.5434,-2.4555,-1.5667,0.457,GO_GOAL
3.432,-2.4618,-1.5692,0.5875,-2.4636,-1.5413,-2.4555,-1.5667,0.4536,GO_GOAL
3.452,-2.4588,-1.5672,0.5875,-2.4607,-1.5392,-2.4555,-1.5667,0.4501,GO_GOAL
3.472,-2.4558,-1.5652,0.5875,-2.4578,-1.537,-2.4555,-1.5667,0.4467,GO_GOAL
3.492,-2.4528,-1.5632,0.5875,-2.4549,-1.5349,-2.4555,-1.5667,0.4432,GO_GOAL
3.512,-2.4498,-1.5612,0.5875,-2.452,-1.5328,-2.4376,-1.5548,0.4398,GO_GOAL
3.532,-2.4468,-1.5592,0.5875,-2.4462,-1.5285,-2.4376,-1.5548,0.4364,GO_GOAL
3.552,-2.4439,-1.5573,0.5875,-2.4462,-1.5285,-2.4376,-1.5548,0.433,GO_GOAL
3.572,-2.4409,-1.5553,0.5875,-2.4433,-1.5264,-2.4376,-1.5548,0.4295,GO_GOAL
3.592,-2.4379,-1.5533,0.5875,-2.4404,-1.5243,-2.4376,-1.5548,0.4262,GO_GOAL
3.612,-2.435,-1.5513,0.5875,-2.4375,-1.5222,-2.4256,-1.5468,0.4228,GO_GOAL
3.632,-2.432,-1.5494,0.5875,-2.4346,-1.52,-2.4256,-1.5468,0.4194,GO_GOAL
3.652,-2.4291,-1.5474,0.5875,-2.4287,-1.5158,-2.4256,-1.5468,0.416,GO_GOAL
3.672,-2.4262,-1.5455,0.5875,-2.4258,-1.5137,-2.4256,-1.5468,0.4126,GO_GOAL
3.692,-2.4232,-1.5435,0.5875,-2.4229,-1.5115,-2.4256,-1.5468,0.4092,GO_GOAL
3.712,-2.4202,-1.5415,0.5875,-2.4229,-1.5115,-2.4106,-1.5368,0.4058,GO_GOAL
3.732,-2.4172,-1.5395,0.5875,-2.42,-1.5094,-2.4106,-1.5368,0.4023,GO_GOAL
3.752,-2.4142,-1.5375,0.5875,-2.4171,-1.5073,-2.4106,-1.5368,0.3989,GO_GOAL
3.772,-2.4112,-1.5355,0.5875,-2.4142,-1.5052,-2.4106,-1.5368,0.3955,GO_GOAL
3.792,-2.4082,-1.5335,0.5875,-2.4113,-1.5031,-2.4106,-1.5368,0.3921,GO_GOAL
3.812,-2.4054,-1.5317,0.5875,-2.4058,-1.499,-2.3956,-1.5269,0.3889,GO_GOAL
3.832,-2.4027,-1.5299,0.5875,-2.4058,-1.499,-2.3956,-1.5269,0.3858,GO_GOAL
3.852,-2.4,-1.5281,0.5875,-2.4005,-1.4952,-2.3956,-1.5269,0.3827,GO_GOAL
3.872,-2.3973,-1.5262,0.5875,-2.4005,-1.4952,-2.3956,-1.5269,0.3797,GO_GOAL
3.892,-2.3946,-1.5244,0.5875,-2.3979,-1.4932,-2.3956,-1.5269,0.3766,GO_GOAL
3.912,-2.3919,-1.5226,0.5875,-2.3953,-1.4913,-2.3818,-1.5176,0.3735,GO_GOAL
3.932,-2.3892,-1.5208,0.5875,-2.39,-1.4875,-2.3818,-1.5176,0.3704,GO_GOAL
3.952,-2.3865,-1.519,0.5876,-2.39,-1.4875,-2.3818,-1.5176,0.3673,GO_GOAL
3.972,-2.3838,-1.5172,0.5876,-2.3874,-1.4856,-2.3818,-1.5176,0.3643,GO_GOAL
3.992,-2.3811,-1.5154,0.5876,-2.3848,-1.4836,-2.3818,-1.5176,0.3612,GO_GOAL
4.012,-2.3785,-1.5137,0.5876,-2.3822,-1.4817,-2.3683,-1.5086,0.3583,GO_GOAL
4.032,-2.376,-1.5121,0.5876,-2.3773,-1.4781,-2.3683,-1.5086,0.3554,GO_GOAL
4.052,-2.3735,-1.5104,0.5876,-2.3773,-1.4781,-2.3683,-1.5086,0.3526,GO_GOAL
4.072,-2.371,-1.5087,0.5876,-2.3748,-1.4763,-2.3683,-1.5086,0.3497,GO_GOAL
4.092,-2.3684,-1.507,0.5876,-2.3724,-1.4745,-2.3683,-1.5086,0.3469,GO_GOAL
4.112,-2.3659,-1.5054,0.5876,-2.3699,-1.4728,-2.3555,-1.5001,0.344,GO_GOAL
4.132,-2.3634,-1.5037,0.5876,-2.3675,-1.471,-2.3555,-1.5001,0.3412,GO_GOAL
4.152,-2.3609,-1.502,0.5876,-2.365,-1.4692,-2.3555,-1.5001,0.3383,GO_GOAL
4.172,-2.3584,-1.5003,0.5876,-2.3626,-1.4674,-2.3555,-1.5001,0.3355,GO_GOAL
4.192,-2.3558,-1.4986,0.5876,-2.3601,-1.4656,-2.3555,-1.5001,0.3326,GO_GOAL
4.212,-2.3533,-1.4969,0.5876,-2.3577,-1.4638,-2.3428,-1.4917,0.3297,GO_GOAL
4.232,-2.3507,-1.4952,0.5876,-2.3555,-1.4622,-2.3428,-1.4917,0.3268,GO_GOAL
4.252,-2.3482,-1.4936,0.5876,-2.3533,-1.4606,-2.3428,-1.4917,0.324,GO_GOAL
4.272,-2.3457,-1.4919,0.5876,-2.3489,-1.4574,-2.3428,-1.4917,0.3211,GO_GOAL
4.292,-2.3432,-1.4902,0.5876,-2.3489,-1.4574,-2.3428,-1.4917,0.3183,GO_GOAL
4.312,-2.3407,-1.4886,0.5876,-2.3467,-1.4558,-2.3312,-1.484,0.3156,GO_GOAL
4.332,-2.3385,-1.4871,0.5876,-2.3445,-1.4542,-2.3312,-1.484,0.313,GO_GOAL
4.352,-2.3362,-1.4856,0.5876,-2.3423,-1.4526,-2.3312,-1.484,0.3105,GO_GOAL
4.372,-2.3339,-1.4841,0.5876,-2.3401,-1.451,-2.3312,-1.484,0.3079,GO_GOAL
4.392,-2.3317,-1.4825,0.5876,-2.3357,-1.4478,-2.32,-1.4764,0.3054,GO_GOAL
4.412,-2.3295,-1.4811,0.5876,-2.3357,-1.4478,-2.32,-1.4764,0.303,GO_GOAL
4.432,-2.3274,-1.4797,0.5876,-2.3337,-1.4463,-2.32,-1.4764,0.3006,GO_GOAL
4.452,-2.3253,-1.4783,0.5876,-2.3316,-1.4447,-2.32,-1.4764,0.2982,GO_GOAL
4.472,-2.3232,-1.4769,0.5876,-2.3296,-1.4432,-2.32,-1.4764,0.2958,GO_GOAL
4.492,-2.321,-1.4755,0.5876,-2.3275,-1.4417,-2.32,-1.4764,0.2934,GO_GOAL
4.512,-2.3189,-1.474,0.5876,-2.3255,-1.4402,-2.3092,-1.4693,0.2911,GO_GOAL
4.532,-2.3168,-1.4726,0.5876,-2.3234,-1.4387,-2.3092,-1.4693,0.2887,GO_GOAL
4.552,-2.3147,-1.4712,0.5876,-2.3193,-1.4357,-2.3092,-1.4693,0.2863,GO_GOAL
4.572,-2.3126,-1.4698,0.5876,-2.3193,-1.4357,-2.3092,-1.4693,0.2839,GO_GOAL
4.592,-2.3104,-1.4684,0.5876,-2.3172,-1.4342,-2.3092,-1.4693,0.2816,GO_GOAL
4.612,-2.3085,-1.4671,0.5876,-2.3152,-1.4327,-2.2986,-1.4622,0.2794,GO_GOAL
4.632,-2.3066,-1.4658,0.5876,-2.3133,-1.4313,-2.2986,-1.4622,0.2773,GO_GOAL
4.652,-2.3047,-1.4646,0.5876,-2.3115,-1.43,-2.2986,-1.4622,0.2752,GO_GOAL
4.672,-2.3028,-1.4633,0.5876,-2.3096,-1.4286,-2.2986,-1.4622,0.273,GO_GOAL
4.692,-2.3009,-1.462,0.5876,-2.3078,-1.4273,-2.2986,-1.4622,0.2709,GO_GOAL
4.712,-2.299,-1.4608,0.5876,-2.3059,-1.4259,-2.2888,-1.4557,0.2688,GO_GOAL
4.732,-2.2971,-1.4595,0.5876,-2.3041,-1.4246,-2.2888,-1.4557,0.2667,GO_GOAL
4.752,-2.2952,-1.4582,0.5876,-2.3022,-1.4232,-2.2888,-1.4557,0.2646,GO_GOAL
4.772,-2.2933,-1.457,0.5876,-2.3004,-1.4219,-2.2888,-1.4557,0.2625,GO_GOAL
4.792,-2.2914,-1.4557,0.5876,-2.2985,-1.4205,-2.2888,-1.4557,0.2604,GO_GOAL
4.812,-2.2905,-1.4552,0.5876,-2.2967,-1.4192,-2.2888,-1.4557,0.2594,GO_GOAL
4.832,-2.2898,-1.4548,0.5878,-2.296,-1.4187,-2.2888,-1.4557,0.2587,GO_GOAL
4.852,-2.2892,-1.4544,0.5879,-2.296,-1.4187,-2.2793,-1.4494,0.258,FOLLOW_TURN
4.872,-2.2885,-1.454,0.588,-2.2956,-1.4183,-2.2793,-1.4494,0.2573,FOLLOW_TURN
4.892,-2.2878,-1.4536,0.5882,-2.2953,-1.4182,-2.2762,-1.4473,0.2566,FOLLOW_TURN
4.912,-2.2872,-1.4532,0.5883,-2.2953,-1.4182,-2.2762,-1.4473,0.256,FOLLOW_TURN
4.932,-2.2866,-1.4529,0.5884,-2.2953,-1.4182,-2.2762,-1.4473,0.2553,FOLLOW_TURN
4.952,-2.2862,-1.4527,0.5889,-2.2953,-1.4182,-2.2762,-1.4473,0.255,FOLLOW_TURN
4.972,-2.2863,-1.453,0.5901,-2.2953,-1.4182,-2.2762,-1.4473,0.2553,FOLLOW_TURN
4.992,-2.2867,-1.4532,0.5919,-2.2953,-1.4182,-2.2762,-1.4473,0.2558,FOLLOW_TURN
5.012,-2.2873,-1.4536,0.5943,-2.2953,-1.4182,-2.276,-1.4472,0.2564,FOLLOW_TURN
5.032,-2.2879,-1.454,0.5973,-2.2953,-1.4182,-2.276,-1.4472,0.2571,FOLLOW_TURN
5.052,-2.2885,-1.4544,0.601,-2.2953,-1.4182,-2.276,-1.4472,0.2578,FOLLOW_TURN
5.072,-2.289,-1.4548,0.6052,-2.2953,-1.4182,-2.276,-1.4472,0.2585,FOLLOW_TURN
5.092,-2.2895,-1.4552,0.6101,-2.2953,-1.4182,-2.276,-1.4472,0.2591,FOLLOW_TURN
5.112,-2.29,-1.4555,0.6155,-2.2953,-1.4182,-2.276,-1.4472,0.2597,FOLLOW_TURN
5.132,-2.2904,-1.4558,0.6215,-2.2953,-1.4182,-2.276,-1.4472,0.2603,FOLLOW_TURN
5.152,-2.2908,-1.4561,0.6282,-2.2953,-1.4182,-2.276,-1.4472,0.2608,FOLLOW_TURN
5.172,-2.2912,-1.4563,0.6354,-2.2953,-1.4182,-2.276,-1.4472,0.2613,FOLLOW_TURN
5.192,-2.2915,-1.4566,0.6432,-2.2953,-1.4182,-2.276,-1.4472,0.2618,FOLLOW_TURN
5.212,-2.2918,-1.4568,0.6517,-2.2953,-1.4182,-2.276,-1.4472,0.2622,FOLLOW_TURN
5.232,-2.2921,-1.457,0.6607,-2.2953,-1.4182,-2.276,-1.4472,0.2626,FOLLOW_TURN
5.252,-2.2923,-1.4572,0.6703,-2.2953,-1.4182,-2.276,-1.4472,0.263,FOLLOW_TURN
5.272,-2.2925,-1.4573,0.6806,-2.2953,-1.4182,-2.276,-1.4472,0.2633,FOLLOW_TURN
5.292,-2.2926,-1.4574,0.6914,-2.2953,-1.4182,-2.276,-1.4472,0.2636,FOLLOW_TURN
5.312,-2.2927,-1.4575,0.7028,-2.2953,-1.4182,-2.276,-1.4472,0.2638,FOLLOW_TURN
5.332,-2.2928,-1.4576,0.7147,-2.2953,-1.4182,-2.276,-1.4472,0.264,FOLLOW_TURN
5.352,-2.2929,-1.4577,0.7267,-2.2953,-1.4182,-2.276,-1.4472,0.2643,FOLLOW_TURN
5.372,-2.293,-1.4578,0.7387,-2.2953,-1.4182,-2.276,-1.4472,0.2645,FOLLOW_TURN
5.392,-2.2931,-1.4578,0.7507,-2.2953,-1.4182,-2.276,-1.4472,0.2647,FOLLOW_TURN
5.412,-2.2932,-1.4579,0.7627,-2.2953,-1.4182,-2.276,-1.4472,0.2648,FOLLOW_TURN
5.432,-2.2933,-1.4578,0.7747,-2.2953,-1.4182,-2.276,-1.4472,0.2649,FOLLOW_TURN
5.452,-2.2934,-1.4578,0.7867,-2.2953,-1.4182,-2.276,-1.4472,0.265,FOLLOW_TURN
5.472,-2.2935,-1.4578,0.7987,-2.2953,-1.4182,-2.276,-1.4472,0.2651,FOLLOW_TURN
5.492,-2.2936,-1.4577,0.8107,-2.2953,-1.4182,-2.276,-1.4472,0.2653,FOLLOW_TURN
5.512,-2.2937,-1.4577,0.8227,-2.2953,-1.4182,-2.276,-1.4472,0.2654,FOLLOW_TURN
5.532,-2.2939,-1.4577,0.8347,-2.2953,-1.4182,-2.276,-1.4472,0.2655,FOLLOW_TURN
5.552,-2.2939,-1.4578,0.8467,-2.2953,-1.4182,-2.276,-1.4472,0.2657,FOLLOW_TURN
5.572,-2.294,-1.4579,0.8587,-2.2953,-1.4182,-2.276,-1.4472,0.2658,FOLLOW_TURN
5.592,-2.2941,-1.4579,0.8707,-2.2953,-1.4182,-2.276,-1.4472,0.266,FOLLOW_TURN
5.612,-2.294,-1.4579,0.8824,-2.2953,-1.4182,-2.276,-1.4472,0.2659,FOLLOW_ARC
5.632,-2.2935,-1.4573,0.8934,-2.2952,-1.418,-2.276,-1.4472,0.2652,FOLLOW_ARC
5.652,-2.2929,-1.4565,0.9038,-2.2949,-1.4175,-2.276,-1.4472,0.2642,FOLLOW_ARC
5.672,-2.2922,-1.4557,0.9136,-2.2945,-1.4167,-2.276,-1.4472,0.2632,FOLLOW_ARC
5.692,-2.2916,-1.4549,0.9228,-2.294,-1.4158,-2.276,-1.4472,0.2622,FOLLOW_ARC
5.712,-2.2908,-1.4539,0.9314,-2.2935,-1.4149,-2.2743,-1.445,0.261,FOLLOW_ARC
5.732,-2.2898,-1.4525,0.9393,-2.293,-1.4139,-2.2743,-1.445,0.2592,FOLLOW_ARC
5.752,-2.2886,-1.4509,0.9465,-2.2923,-1.4124,-2.2743,-1.445,0.2573,FOLLOW_ARC
5.772,-2.2874,-1.4493,0.9532,-2.2915,-1.4108,-2.2743,-1.445,0.2553,FOLLOW_ARC
5.792,-2.2863,-1.4477,0.9593,-2.2906,-1.4092,-2.2743,-1.445,0.2534,FOLLOW_ARC
5.812,-2.2851,-1.446,0.9647,-2.2898,-1.4076,-2.27,-1.4391,0.2513,FOLLOW_ARC
5.832,-2.2839,-1.4442,0.9696,-2.289,-1.406,-2.27,-1.4391,0.2492,FOLLOW_ARC
5.852,-2.2827,-1.4425,0.9738,-2.2883,-1.4044,-2.27,-1.4391,0.2471,FOLLOW_ARC
5.872,-2.2816,-1.4408,0.9775,-2.2875,-1.4028,-2.27,-1.4391,0.2451,FOLLOW_ARC
5.892,-2.2805,-1.4391,0.9805,-2.2867,-1.4012,-2.27,-1.4391,0.2431,FOLLOW_ARC
5.912,-2.2792,-1.4373,0.983,-2.2859,-1.3996,-2.2649,-1.4317,0.2409,FOLLOW_ARC
5.932,-2.278,-1.4355,0.9848,-2.2851,-1.3979,-2.2649,-1.4317,0.2386,FOLLOW_ARC
5.952,-2.2768,-1.4336,0.9861,-2.2834,-1.3947,-2.2649,-1.4317,0.2364,FOLLOW_ARC
5.972,-2.2756,-1.432,0.9869,-2.2834,-1.3947,-2.2649,-1.4317,0.2345,FOLLOW_ARC
5.992,-2.2745,-1.4305,0.9878,-2.2818,-1.3915,-2.2649,-1.4317,0.2326,FOLLOW_ARC
6.012,-2.2734,-1.429,0.9886,-2.2818,-1.3915,-2.2649,-1.4317,0.2307,FOLLOW_ARC
6.032,-2.2723,-1.4275,0.9894,-2.2817,-1.3914,-2.2649,-1.4317,0.2288,FOLLOW_ARC
6.052,-2.2712,-1.426,0.9902,-2.2817,-1.3914,-2.2599,-1.4242,0.227,FOLLOW_TURN
6.072,-2.2701,-1.4245,0.9911,-2.2817,-1.3914,-2.2599,-1.4242,0.2251,FOLLOW_TURN
6.092,-2.2697,-1.4238,0.9918,-2.2817,-1.3914,-2.2599,-1.4242,0.2244,FOLLOW_TURN
6.112,-2.2698,-1.4239,0.9927,-2.2817,-1.3914,-2.2588,-1.4225,0.2245,FOLLOW_TURN
6.132,-2.2699,-1.4241,0.9941,-2.2817,-1.3914,-2.2588,-1.4225,0.2247,FOLLOW_TURN
6.152,-2.27,-1.4243,0.9961,-2.2817,-1.3914,-2.2588,-1.4225,0.2249,FOLLOW_TURN
6.172,-2.2701,-1.4244,0.9988,-2.2817,-1.3914,-2.2588,-1.4225,0.225,FOLLOW_TURN
6.192,-2.2701,-1.4244,1.002,-2.2817,-1.3914,-2.2588,-1.4225,0.2251,FOLLOW_TURN
6.212,-2.2703,-1.4246,1.0059,-2.2817,-1.3914,-2.2588,-1.4225,0.2254,FOLLOW_TURN
6.232,-2.2704,-1.4249,1.0103,-2.2817,-1.3914,-2.2588,-1.4225,0.2257,FOLLOW_TURN
6.252,-2.2706,-1.4251,1.0154,-2.2817,-1.3914,-2.2588,-1.4225,0.2259,FOLLOW_TURN
6.272,-2.2707,-1.4253,1.021,-2.2817,-1.3914,-2.2588,-1.4225,0.2262,FOLLOW_TURN
6.292,-2.2708,-1.4255,1.0272,-2.2817,-1.3914,-2.2588,-1.4225,0.2264,FOLLOW_TURN
6.312,-2.271,-1.4258,1.0341,-2.2817,-1.3914,-2.2588,-1.4225,0.2267,FOLLOW_TURN
6.332,-2.2712,-1.4262,1.0415,-2.2817,-1.3914,-2.2588,-1.4225,0.2272,FOLLOW_TURN
6.352,-2.2714,-1.4265,1.0496,-2.2817,-1.3914,-2.2588,-1.4225,0.2275,FOLLOW_TURN
6.372,-2.2716,-1.4268,1.0582,-2.2817,-1.3914,-2.2588,-1.4225,0.2279,FOLLOW_TURN
6.392,-2.2718,-1.4271,1.0674,-2.2817,-1.3914,-2.2588,-1.4225,0.2282,FOLLOW_TURN
6.412,-2.2719,-1.4273,1.0772,-2.2817,-1.3914,-2.2588,-1.4225,0.2284,FOLLOW_TURN
6.432,-2.272,-1.4275,1.0875,-2.2817,-1.3914,-2.2588,-1.4225,0.2286,FOLLOW_TURN
6.452,-2.2721,-1.4277,1.0984,-2.2817,-1.3914,-2.2588,-1.4225,0.2288,FOLLOW_TURN
6.472,-2.2722,-1.4278,1.1099,-2.2817,-1.3914,-2.2588,-1.4225,0.2289,FOLLOW_TURN
6.492,-2.2722,-1.428,1.1219,-2.2817,-1.3914,-2.2588,-1.4225,0.229,FOLLOW_TURN
6.512,-2.2723,-1.4281,1.1339,-2.2817,-1.3914,-2.2588,-1.4225,0.2291,FOLLOW_TURN
6.532,-2.2723,-1.4282,1.1459,-2.2817,-1.3914,-2.2588,-1.4225,0.2291,FOLLOW_TURN
6.552,-2.2724,-1.4282,1.1579,-2.2817,-1.3914,-2.2588,-1.4225,0.2291,FOLLOW_TURN
6.572,-2.2724,-1.4281,1.1699,-2.2817,-1.3914,-2.2588,-1.4225,0.229,FOLLOW_TURN
6.592,-2.2724,-1.428,1.1818,-2.2817,-1.3914,-2.2588,-1.4225,0.2288,FOLLOW_TURN
6.612,-2.2724,-1.4279,1.1938,-2.2817,-1.3914,-2.2588,-1.4225,0.2287,FOLLOW_TURN
6.632,-2.2725,-1.4278,1.2058,-2.2817,-1.3914,-2.2588,-1.4225,0.2286,FOLLOW_TURN
6.652,-2.2725,-1.4278,1.2178,-2.2817,-1.3914,-2.2588,-1.4225,0.2285,FOLLOW_TURN
6.672,-2.2726,-1.4277,1.2298,-2.2817,-1.3914,-2.2588,-1.4225,0.2284,FOLLOW_TURN
6.692,-2.2726,-1.4278,1.2418,-2.2817,-1.3914,-2.2588,-1.4225,0.2284,FOLLOW_TURN
6.712,-2.2726,-1.4279,1.2538,-2.2817,-1.3914,-2.2588,-1.4225,0.2285,FOLLOW_TURN
6.732,-2.2727,-1.428,1.2658,-2.2817,-1.3914,-2.2588,-1.4225,0.2285,FOLLOW_TURN
6.752,-2.2727,-1.4281,1.2778,-2.2817,-1.3914,-2.2588,-1.4225,0.2285,FOLLOW_TURN
6.772,-2.2727,-1.4282,1.2898,-2.2817,-1.3914,-2.2588,-1.4225,0.2285,FOLLOW_TURN
6.792,-2.2728,-1.4283,1.3018,-2.2817,-1.3914,-2.2588,-1.4225,0.2284,FOLLOW_TURN
6.812,-2.2728,-1.4284,1.3138,-2.2817,-1.3914,-2.2588,-1.4225,0.2284,FOLLOW_TURN
6.832,-2.2728,-1.4285,1.3258,-2.2817,-1.3914,-2.2588,-1.4225,0.2284,FOLLOW_TURN
6.852,-2.2728,-1.4286,1.3378,-2.2817,-1.3914,-2.2588,-1.4225,0.2284,FOLLOW_TURN
6.872,-2.2729,-1.4287,1.3498,-2.2817,-1.3914,-2.2588,-1.4225,0.2284,FOLLOW_TURN
6.892,-2.2729,-1.4288,1.3618,-2.2817,-1.3914,-2.2588,-1.4225,0.2284,FOLLOW_TURN
6.912,-2.2729,-1.4289,1.3738,-2.2817,-1.3914,-2.2588,-1.4225,0.2283,FOLLOW_TURN
6.932,-2.2729,-1.429,1.3858,-2.2817,-1.3914,-2.2588,-1.4225,0.2283,FOLLOW_TURN
6.952,-2.273,-1.4291,1.3978,-2.2817,-1.3914,-2.2588,-1.4225,0.2283,FOLLOW_TURN
6.972,-2.273,-1.4292,1.4098,-2.2817,-1.3914,-2.2588,-1.4225,0.2282,FOLLOW_TURN
6.992,-2.273,-1.4293,1.4218,-2.2817,-1.3914,-2.2588,-1.4225,0.2282,FOLLOW_TURN
7.012,-2.273,-1.4295,1.4338,-2.2817,-1.3914,-2.2588,-1.4225,0.2282,FOLLOW_TURN
7.032,-2.273,-1.4296,1.4458,-2.2817,-1.3914,-2.2588,-1.4225,0.2281,FOLLOW_TURN
7.052,-2.2731,-1.4297,1.4578,-2.2817,-1.3914,-2.2588,-1.4225,0.2281,FOLLOW_TURN
7.07,-2.2731,-1.4298,1.4698,-2.2817,-1.3914,-2.2588,-1.4225,0.228,FOLLOW_TURN
7.092,-2.2731,-1.4299,1.4818,-2.2817,-1.3914,-2.2588,-1.4225,0.2279,FOLLOW_TURN
7.112,-2.2731,-1.43,1.4938,-2.2817,-1.3914,-2.2588,-1.4225,0.2279,FOLLOW_TURN
7.132,-2.2731,-1.4302,1.5058,-2.2817,-1.3914,-2.2588,-1.4225,0.2278,FOLLOW_TURN
7.152,-2.2731,-1.4303,1.5178,-2.2817,-1.3914,-2.2588,-1.4225,0.2278,FOLLOW_TURN
7.172,-2.2732,-1.4305,1.5298,-2.2817,-1.3914,-2.2588,-1.4225,0.2277,FOLLOW_TURN
7.192,-2.2732,-1.4306,1.5418,-2.2817,-1.3914,-2.2588,-1.4225,0.2277,FOLLOW_TURN
7.212,-2.2732,-1.4308,1.5538,-2.2817,-1.3914,-2.2588,-1.4225,0.2277,FOLLOW_TURN
7.232,-2.2732,-1.431,1.5658,-2.2817,-1.3914,-2.2588,-1.4225,0.2277,FOLLOW_TURN
7.252,-2.2733,-1.4312,1.5778,-2.2817,-1.3914,-2.2588,-1.4225,0.2277,FOLLOW_TURN
7.272,-2.2733,-1.4313,1.5898,-2.2817,-1.3914,-2.2588,-1.4225,0.2276,FOLLOW_TURN
7.292,-2.2733,-1.4314,1.6018,-2.2817,-1.3914,-2.2588,-1.4225,0.2274,FOLLOW_TURN
7.312,-2.2733,-1.4315,1.6138,-2.2817,-1.3914,-2.2588,-1.4225,0.2273,FOLLOW_TURN
7.332,-2.2733,-1.4316,1.6258,-2.2817,-1.3914,-2.2588,-1.4225,0.2272,FOLLOW_TURN
7.352,-2.2733,-1.4317,1.6378,-2.2817,-1.3914,-2.2588,-1.4225,0.2271,FOLLOW_TURN
7.372,-2.2732,-1.4318,1.6498,-2.2817,-1.3914,-2.2588,-1.4225,0.2269,FOLLOW_TURN
7.392,-2.2732,-1.4319,1.6618,-2.2817,-1.3914,-2.2588,-1.4225,0.2268,FOLLOW_TURN
7.412,-2.2732,-1.432,1.6738,-2.2817,-1.3914,-2.2588,-1.4225,0.2267,FOLLOW_TURN
7.432,-2.2732,-1.4321,1.6858,-2.2817,-1.3914,-2.2588,-1.4225,0.2265,FOLLOW_TURN
7.452,-2.2732,-1.4322,1.6978,-2.2817,-1.3914,-2.2588,-1.4225,0.2264,FOLLOW_TURN
7.472,-2.2732,-1.4323,1.7098,-2.2817,-1.3914,-2.2588,-1.4225,0.2262,FOLLOW_TURN
7.492,-2.2732,-1.4324,1.7218,-2.2817,-1.3914,-2.2588,-1.4225,0.2261,FOLLOW_TURN
7.512,-2.2732,-1.4325,1.7338,-2.2817,-1.3914,-2.2588,-1.4225,0.2259,FOLLOW_TURN
7.532,-2.2732,-1.4326,1.7458,-2.2817,-1.3914,-2.2588,-1.4225,0.2257,FOLLOW_TURN
7.552,-2.2731,-1.4327,1.7578,-2.2817,-1.3914,-2.2588,-1.4225,0.2256,FOLLOW_TURN
7.572,-2.2731,-1.4329,1.7698,-2.2817,-1.3914,-2.2588,-1.4225,0.2254,FOLLOW_TURN
7.592,-2.2731,-1.433,1.7818,-2.2817,-1.3914,-2.2588,-1.4225,0.2253,FOLLOW_TURN
7.612,-2.2732,-1.4328,1.7936,-2.2817,-1.3914,-2.2588,-1.4225,0.2249,FOLLOW_TURN
7.632,-2.2733,-1.4322,1.8047,-2.2818,-1.3912,-2.2588,-1.4225,0.2242,FOLLOW_TURN
7.652,-2.2736,-1.4313,1.8154,-2.282,-1.3907,-2.2588,-1.4225,0.2233,FOLLOW
7.672,-2.2738,-1.4303,1.8255,-2.2827,-1.3889,-2.2588,-1.4225,0.2223,FOLLOW
7.692,-2.2741,-1.4294,1.8352,-2.2827,-1.3889,-2.2588,-1.4225,0.2214,FOLLOW
7.712,-2.2743,-1.4285,1.8448,-2.2831,-1.3879,-2.2594,-1.4199,0.2206,FOLLOW
7.732,-2.2745,-1.4277,1.8544,-2.2836,-1.3868,-2.2594,-1.4199,0.2198,FOLLOW
7.752,-2.2747,-1.4269,1.864,-2.2842,-1.3854,-2.2594,-1.4199,0.219,FOLLOW
7.772,-2.2749,-1.4261,1.8736,-2.285,-1.3836,-2.2594,-1.4199,0.2182,FOLLOW
7.792,-2.2751,-1.4253,1.8832,-2.2858,-1.3818,-2.2594,-1.4199,0.2174,FOLLOW
7.812,-2.2754,-1.4244,1.8928,-2.2866,-1.38,-2.2616,-1.4125,0.2165,FOLLOW
7.832,-2.2761,-1.4226,1.902,-2.2875,-1.378,-2.2616,-1.4125,0.215,FOLLOW
7.852,-2.277,-1.4205,1.9107,-2.2885,-1.3756,-2.2616,-1.4125,0.2135,FOLLOW
7.872,-2.2782,-1.418,1.9187,-2.2897,-1.3729,-2.2616,-1.4125,0.2118,FOLLOW
7.892,-2.2794,-1.4151,1.9262,-2.2909,-1.3702,-2.2616,-1.4125,0.2097,FOLLOW
7.912,-2.2808,-1.4118,1.9331,-2.2922,-1.3675,-2.2657,-1.4005,0.2074,FOLLOW
7.932,-2.2821,-1.4082,1.9393,-2.2935,-1.3646,-2.2657,-1.4005,0.2049,FOLLOW
7.952,-2.2835,-1.4047,1.945,-2.2948,-1.3616,-2.2657,-1.4005,0.2025,FOLLOW
7.972,-2.2849,-1.4012,1.9502,-2.2961,-1.3586,-2.2657,-1.4005,0.2001,FOLLOW
7.992,-2.2863,-1.3977,1.9548,-2.2974,-1.3556,-2.2657,-1.4005,0.1978,FOLLOW
8.012,-2.2877,-1.3943,1.9588,-2.2988,-1.3526,-2.2715,-1.3856,0.1956,FOLLOW
8.032,-2.2891,-1.3908,1.9623,-2.3001,-1.3494,-2.2715,-1.3856,0.1934,FOLLOW
8.052,-2.2905,-1.3874,1.9652,-2.3016,-1.3462,-2.2715,-1.3856,0.1913,FOLLOW
8.072,-2.2919,-1.3841,1.9675,-2.303,-1.343,-2.2715,-1.3856,0.1892,FOLLOW
8.092,-2.2933,-1.3807,1.9693,-2.3058,-1.3366,-2.2715,-1.3856,0.1872,FOLLOW
8.112,-2.2947,-1.3775,1.9705,-2.3058,-1.3366,-2.2781,-1.3696,0.1852,FOLLOW
8.132,-2.2961,-1.3742,1.9712,-2.3072,-1.3333,-2.2781,-1.3696,0.1834,FOLLOW
8.152,-2.2974,-1.371,1.9717,-2.3086,-1.3301,-2.2781,-1.3696,0.1815,FOLLOW
8.172,-2.2988,-1.3678,1.9721,-2.3101,-1.3269,-2.2781,-1.3696,0.1797,FOLLOW
8.192,-2.3001,-1.3647,1.9725,-2.3115,-1.3237,-2.2781,-1.3696,0.1779,FOLLOW
8.212,-2.3012,-1.3617,1.973,-2.3129,-1.3205,-2.2849,-1.3534,0.1762,FOLLOW
8.232,-2.3024,-1.3588,1.9735,-2.3142,-1.3175,-2.2849,-1.3534,0.1745,FOLLOW
8.252,-2.3035,-1.3558,1.9739,-2.3155,-1.3146,-2.2849,-1.3534,0.1728,FOLLOW
8.272,-2.3047,-1.3529,1.9744,-2.3168,-1.3116,-2.2849,-1.3534,0.1711,FOLLOW
8.292,-2.3058,-1.35,1.9748,-2.3182,-1.3087,-2.2849,-1.3534,0.1695,FOLLOW
8.312,-2.3071,-1.3471,1.9757,-2.3195,-1.3058,-2.2926,-1.3354,0.168,FOLLOW
8.332,-2.3083,-1.3441,1.9772,-2.3208,-1.3028,-2.2926,-1.3354,0.1664,FOLLOW
8.352,-2.3096,-1.3412,1.979,-2.3222,-1.2999,-2.2926,-1.3354,0.1648,FOLLOW
8.372,-2.3109,-1.3382,1.9809,-2.3249,-1.294,-2.2926,-1.3354,0.1633,FOLLOW
8.392,-2.3122,-1.3353,1.9828,-2.3249,-1.294,-2.2926,-1.3354,0.1618,FOLLOW
8.412,-2.3134,-1.3326,1.9849,-2.3262,-1.2911,-2.2977,-1.3235,0.1603,FOLLOW
8.432,-2.3146,-1.3299,1.9876,-2.3275,-1.2884,-2.2977,-1.3235,0.159,FOLLOW
8.452,-2.3158,-1.3271,1.9906,-2.3288,-1.2857,-2.2977,-1.3235,0.1576,FOLLOW
8.472,-2.317,-1.3244,1.9936,-2.3301,-1.2829,-2.2977,-1.3235,0.1562,FOLLOW
8.492,-2.3182,-1.3217,1.9966,-2.3314,-1.2802,-2.2977,-1.3235,0.1549,FOLLOW
8.512,-2.3194,-1.319,1.9995,-2.3327,-1.2775,-2.3039,-1.3096,0.1536,FOLLOW
8.532,-2.3207,-1.3163,2.0025,-2.334,-1.2748,-2.3039,-1.3096,0.1523,FOLLOW
8.552,-2.3219,-1.3136,2.0055,-2.3353,-1.2721,-2.3039,-1.3096,0.151,FOLLOW
8.572,-2.3232,-1.3109,2.0085,-2.3367,-1.2694,-2.3039,-1.3096,0.1498,FOLLOW
8.592,-2.3244,-1.3082,2.0115,-2.338,-1.2667,-2.3039,-1.3096,0.1485,FOLLOW
8.612,-2.3257,-1.3055,2.0144,-2.3393,-1.264,-2.3102,-1.2959,0.1474,FOLLOW
8.632,-2.327,-1.3028,2.0174,-2.3407,-1.2614,-2.3102,-1.2959,0.1462,FOLLOW
8.652,-2.3283,-1.3002,2.0204,-2.342,-1.2587,-2.3102,-1.2959,0.145,FOLLOW
8.672,-2.3296,-1.2975,2.0233,-2.3434,-1.256,-2.3102,-1.2959,0.1439,FOLLOW
8.692,-2.3309,-1.2948,2.0263,-2.3448,-1.2533,-2.3102,-1.2959,0.1428,FOLLOW
8.712,-2.3322,-1.2921,2.0293,-2.3476,-1.248,-2.3166,-1.2823,0.1417,FOLLOW
8.732,-2.3334,-1.2895,2.0322,-2.3476,-1.248,-2.3166,-1.2823,0.1406,FOLLOW
8.752,-2.3347,-1.2868,2.0352,-2.349,-1.2453,-2.3166,-1.2823,0.1396,FOLLOW
8.772,-2.336,-1.2841,2.0382,-2.3518,-1.24,-2.3166,-1.2823,0.1386,FOLLOW
8.792,-2.3374,-1.2815,2.0412,-2.3518,-1.24,-2.3166,-1.2823,0.1376,FOLLOW
8.812,-2.3386,-1.2791,2.0444,-2.3532,-1.2374,-2.3233,-1.2689,0.1367,FOLLOW
8.832,-2.3398,-1.2767,2.0482,-2.3558,-1.2326,-2.3233,-1.2689,0.1359,FOLLOW
8.852,-2.341,-1.2744,2.0526,-2.3558,-1.2326,-2.3233,-1.2689,0.135,FOLLOW
8.872,-2.3423,-1.272,2.0571,-2.3571,-1.2303,-2.3233,-1.2689,0.1342,FOLLOW
8.892,-2.3435,-1.2697,2.0616,-2.3585,-1.2279,-2.3233,-1.2689,0.1334,FOLLOW
8.912,-2.3448,-1.2673,2.0661,-2.3598,-1.2255,-2.3297,-1.2566,0.1326,FOLLOW
8.932,-2.3461,-1.265,2.0706,-2.3611,-1.2232,-2.3297,-1.2566,0.1319,FOLLOW
8.952,-2.3473,-1.2627,2.0751,-2.3625,-1.2209,-2.3297,-1.2566,0.1312,FOLLOW
8.972,-2.3486,-1.2603,2.0796,-2.3638,-1.2185,-2.3297,-1.2566,0.1305,FOLLOW
8.992,-2.3499,-1.258,2.084,-2.3652,-1.2162,-2.3297,-1.2566,0.1298,FOLLOW
9.012,-2.3512,-1.2557,2.0887,-2.3666,-1.2139,-2.3362,-1.2447,0.1292,FOLLOW
9.032,-2.3525,-1.2535,2.0935,-2.368,-1.2116,-2.3362,-1.2447,0.1286,FOLLOW
9.052,-2.3538,-1.2512,2.0982,-2.3694,-1.2093,-2.3362,-1.2447,0.128,FOLLOW
9.072,-2.3551,-1.249,2.1029,-2.3707,-1.2071,-2.3362,-1.2447,0.1274,FOLLOW
9.092,-2.3565,-1.2467,2.1077,-2.3721,-1.2048,-2.3362,-1.2447,0.1269,FOLLOW
9.112,-2.3578,-1.2445,2.1124,-2.3736,-1.2026,-2.3441,-1.2309,0.1264,FOLLOW
9.132,-2.3591,-1.2423,2.1171,-2.3764,-1.1981,-2.3441,-1.2309,0.1259,FOLLOW
9.152,-2.3605,-1.24,2.1219,-2.3764,-1.1981,-2.3441,-1.2309,0.1254,FOLLOW
9.172,-2.3618,-1.2378,2.1266,-2.3793,-1.1937,-2.3441,-1.2309,0.1249,FOLLOW
9.192,-2.3632,-1.2355,2.1313,-2.3793,-1.1937,-2.3441,-1.2309,0.1245,FOLLOW
9.212,-2.3645,-1.2333,2.1361,-2.3808,-1.1915,-2.3511,-1.2196,0.1241,FOLLOW
9.232,-2.3659,-1.2311,2.1408,-2.3823,-1.1892,-2.3511,-1.2196,0.1237,FOLLOW
9.252,-2.3673,-1.2289,2.1455,-2.3837,-1.187,-2.3511,-1.2196,0.1234,FOLLOW
9.272,-2.3687,-1.2267,2.1502,-2.3852,-1.1849,-2.3511,-1.2196,0.1231,FOLLOW
9.292,-2.3702,-1.2245,2.155,-2.3867,-1.1827,-2.3511,-1.2196,0.1228,FOLLOW
9.312,-2.3716,-1.2223,2.1597,-2.3883,-1.1805,-2.3568,-1.2107,0.1226,FOLLOW
9.332,-2.3731,-1.2201,2.1644,-2.3898,-1.1783,-2.3568,-1.2107,0.1224,FOLLOW
9.352,-2.3745,-1.218,2.1691,-2.3913,-1.1761,-2.3568,-1.2107,0.1222,FOLLOW
9.372,-2.376,-1.2158,2.1738,-2.3929,-1.174,-2.3568,-1.2107,0.1221,FOLLOW
9.392,-2.3775,-1.2137,2.1785,-2.3944,-1.1718,-2.3568,-1.2107,0.122,FOLLOW
9.412,-2.379,-1.2116,2.1835,-2.396,-1.1697,-2.3643,-1.1997,0.1219,FOLLOW
9.432,-2.3804,-1.2095,2.1886,-2.3975,-1.1676,-2.3643,-1.1997,0.1218,FOLLOW
9.452,-2.3819,-1.2075,2.1938,-2.3991,-1.1656,-2.3643,-1.1997,0.1218,FOLLOW
9.472,-2.3834,-1.2054,2.1989,-2.4006,-1.1635,-2.3643,-1.1997,0.1217,FOLLOW
9.492,-2.3848,-1.2034,2.204,-2.4022,-1.1615,-2.3643,-1.1997,0.1218,FOLLOW
9.512,-2.3863,-1.2013,2.2091,-2.4038,-1.1594,-2.3718,-1.1891,0.1218,FOLLOW
9.532,-2.3879,-1.1993,2.2143,-2.4054,-1.1574,-2.3718,-1.1891,0.1219,FOLLOW
9.552,-2.3894,-1.1973,2.2194,-2.407,-1.1554,-2.3718,-1.1891,0.1219,FOLLOW
9.572,-2.3909,-1.1953,2.2245,-2.4086,-1.1534,-2.3718,-1.1891,0.1221,FOLLOW
9.592,-2.3924,-1.1933,2.2297,-2.4102,-1.1513,-2.3718,-1.1891,0.1222,FOLLOW
9.612,-2.3939,-1.1913,2.2348,-2.4118,-1.1494,-2.3811,-1.1767,0.1223,FOLLOW
9.632,-2.3954,-1.1893,2.2399,-2.4152,-1.1453,-2.3811,-1.1767,0.1224,FOLLOW
9.652,-2.3969,-1.1873,2.245,-2.4152,-1.1453,-2.3811,-1.1767,0.1226,FOLLOW
9.672,-2.3984,-1.1853,2.2502,-2.4169,-1.1432,-2.3811,-1.1767,0.1228,FOLLOW
9.692,-2.4001,-1.1832,2.255,-2.4186,-1.1412,-2.3811,-1.1767,0.1231,FOLLOW
9.712,-2.4017,-1.1812,2.2598,-2.4203,-1.1392,-2.3876,-1.1684,0.1234,FOLLOW
9.732,-2.4034,-1.1792,2.2645,-2.422,-1.1372,-2.3876,-1.1684,0.1238,FOLLOW
9.752,-2.4051,-1.1772,2.2692,-2.4238,-1.1352,-2.3876,-1.1684,0.1242,FOLLOW
9.772,-2.4068,-1.1752,2.274,-2.4273,-1.1312,-2.3876,-1.1684,0.1246,FOLLOW
9.792,-2.4085,-1.1732,2.2787,-2.4291,-1.1292,-2.3876,-1.1684,0.1251,FOLLOW
9.812,-2.4102,-1.1712,2.2833,-2.4291,-1.1292,-2.3978,-1.1562,0.1256,FOLLOW
9.832,-2.4119,-1.1692,2.2879,-2.4309,-1.1273,-2.3978,-1.1562,0.1261,FOLLOW
9.852,-2.4137,-1.1672,2.2925,-2.4327,-1.1253,-2.3978,-1.1562,0.1266,FOLLOW
9.872,-2.4154,-1.1653,2.2971,-2.4345,-1.1233,-2.3978,-1.1562,0.1272,FOLLOW
9.892,-2.4172,-1.1633,2.3016,-2.4363,-1.1213,-2.3978,-1.1562,0.1278,FOLLOW
9.912,-2.4189,-1.1613,2.3062,-2.4382,-1.1194,-2.4049,-1.1481,0.1284,FOLLOW
9.932,-2.4207,-1.1594,2.3108,-2.44,-1.1174,-2.4049,-1.1481,0.1291,FOLLOW
9.952,-2.4225,-1.1574,2.3154,-2.4419,-1.1155,-2.4049,-1.1481,0.1298,FOLLOW
9.972,-2.4243,-1.1555,2.3199,-2.4456,-1.1116,-2.4049,-1.1481,0.1305,FOLLOW
9.992,-2.4261,-1.1536,2.3245,-2.4456,-1.1116,-2.4049,-1.1481,0.1312,FOLLOW
10.012,-2.4279,-1.1516,2.329,-2.4475,-1.1097,-2.414,-1.1382,0.1319,FOLLOW
10.032,-2.4297,-1.1496,2.3335,-2.4515,-1.1057,-2.414,-1.1382,0.1327,FOLLOW
10.052,-2.4315,-1.1477,2.338,-2.4515,-1.1057,-2.414,-1.1382,0.1334,FOLLOW
10.072,-2.4332,-1.1457,2.3426,-2.4535,-1.1037,-2.414,-1.1382,0.1342,FOLLOW
10.092,-2.4351,-1.1438,2.3471,-2.4555,-1.1017,-2.414,-1.1382,0.135,FOLLOW
10.112,-2.4371,-1.1418,2.3515,-2.4575,-1.0998,-2.4236,-1.1281,0.136,FOLLOW
10.132,-2.439,-1.1398,2.3554,-2.4595,-1.0978,-2.4236,-1.1281,0.137,FOLLOW
10.152,-2.441,-1.1378,2.3592,-2.4616,-1.0958,-2.4236,-1.1281,0.138,FOLLOW
10.172,-2.443,-1.1358,2.3631,-2.4636,-1.0939,-2.4236,-1.1281,0.1391,FOLLOW
10.192,-2.445,-1.1339,2.3669,-2.4657,-1.0919,-2.4236,-1.1281,0.1401,FOLLOW
10.212,-2.4471,-1.1319,2.3706,-2.4677,-1.09,-2.4336,-1.1181,0.1413,FOLLOW
10.232,-2.4491,-1.1299,2.3742,-2.4698,-1.088,-2.4336,-1.1181,0.1424,FOLLOW
10.252,-2.4511,-1.1279,2.3778,-2.4719,-1.086,-2.4336,-1.1181,0.1436,FOLLOW
10.272,-2.4532,-1.126,2.3814,-2.4741,-1.0841,-2.4336,-1.1181,0.1448,FOLLOW
10.292,-2.4553,-1.124,2.385,-2.4762,-1.0822,-2.4336,-1.1181,0.146,FOLLOW
10.312,-2.4573,-1.1221,2.3886,-2.4783,-1.0802,-2.4439,-1.1081,0.1472,FOLLOW
10.332,-2.4594,-1.1201,2.3922,-2.4805,-1.0783,-2.4439,-1.1081,0.1485,FOLLOW
10.352,-2.4615,-1.1182,2.3958,-2.4826,-1.0764,-2.4439,-1.1081,0.1498,FOLLOW
10.372,-2.4636,-1.1163,2.3994,-2.4848,-1.0745,-2.4439,-1.1081,0.1511,FOLLOW
10.392,-2.4657,-1.1144,2.4031,-2.4891,-1.0707,-2.4439,-1.1081,0.1524,FOLLOW
10.412,-2.4677,-1.1124,2.4067,-2.4891,-1.0707,-2.4544,-1.0983,0.1537,FOLLOW
10.432,-2.4698,-1.1105,2.4103,-2.4914,-1.0687,-2.4544,-1.0983,0.155,FOLLOW
10.452,-2.4718,-1.1086,2.4139,-2.496,-1.0646,-2.4544,-1.0983,0.1564,FOLLOW
10.472,-2.4738,-1.1067,2.4175,-2.496,-1.0646,-2.4544,-1.0983,0.1577,FOLLOW
10.492,-2.4761,-1.1047,2.4208,-2.5008,-1.0606,-2.4544,-1.0983,0.1593,FOLLOW
10.512,-2.4785,-1.1027,2.4236,-2.5031,-1.0586,-2.4658,-1.0882,0.1609,FOLLOW
10.532,-2.4808,-1.1006,2.4261,-2.5031,-1.0586,-2.4658,-1.0882,0.1626,FOLLOW
10.552,-2.4831,-1.0986,2.4286,-2.5055,-1.0566,-2.4658,-1.0882,0.1642,FOLLOW
10.572,-2.4854,-1.0966,2.4311,-2.5079,-1.0546,-2.4658,-1.0882,0.1659,FOLLOW
10.592,-2.4878,-1.0946,2.4336,-2.5102,-1.0526,-2.4658,-1.0882,0.1676,FOLLOW
10.612,-2.4903,-1.0925,2.4358,-2.5126,-1.0506,-2.4774,-1.078,0.1695,FOLLOW
10.632,-2.4928,-1.0903,2.4374,-2.5151,-1.0486,-2.4774,-1.078,0.1714,FOLLOW
10.652,-2.4954,-1.0881,2.4387,-2.5177,-1.0464,-2.4774,-1.078,0.1734,FOLLOW
10.672,-2.4979,-1.086,2.44,-2.5203,-1.0443,-2.4774,-1.078,0.1753,FOLLOW
10.692,-2.5005,-1.0838,2.4412,-2.5229,-1.0422,-2.4774,-1.078,0.1773,FOLLOW
10.712,-2.503,-1.0817,2.4425,-2.5281,-1.0379,-2.4925,-1.0652,0.1793,FOLLOW
10.732,-2.5056,-1.0795,2.4438,-2.5281,-1.0379,-2.4925,-1.0652,0.1813,FOLLOW
10.752,-2.5081,-1.0774,2.445,-2.5306,-1.0358,-2.4925,-1.0652,0.1834,FOLLOW
10.772,-2.5106,-1.0753,2.4463,-2.5332,-1.0337,-2.4925,-1.0652,0.1854,FOLLOW
10.792,-2.5131,-1.0732,2.4476,-2.5384,-1.0295,-2.4925,-1.0652,0.1874,FOLLOW
10.812,-2.5156,-1.0711,2.4489,-2.5384,-1.0295,-2.5027,-1.0566,0.1894,FOLLOW
10.832,-2.518,-1.069,2.4501,-2.5411,-1.0274,-2.5027,-1.0566,0.1914,FOLLOW
10.852,-2.5206,-1.0668,2.4513,-2.5463,-1.0232,-2.5027,-1.0566,0.1935,FOLLOW
10.872,-2.5233,-1.0645,2.4518,-2.5463,-1.0232,-2.5027,-1.0566,0.1958,FOLLOW
10.892,-2.5259,-1.0624,2.4517,-2.5515,-1.0189,-2.5027,-1.0566,0.198,FOLLOW
10.912,-2.5286,-1.0602,2.4511,-2.5515,-1.0189,-2.5182,-1.0438,0.2003,FOLLOW
10.932,-2.5312,-1.058,2.4499,-2.5541,-1.0168,-2.5182,-1.0438,0.2025,FOLLOW
10.952,-2.5337,-1.0559,2.4487,-2.5566,-1.0147,-2.5182,-1.0438,0.2048,FOLLOW
10.972,-2.5363,-1.0537,2.4474,-2.5592,-1.0126,-2.5182,-1.0438,0.2071,FOLLOW
10.992,-2.5389,-1.0516,2.4462,-2.5618,-1.0104,-2.5182,-1.0438,0.2094,FOLLOW
11.012,-2.5413,-1.0496,2.4447,-2.5644,-1.0083,-2.5285,-1.0352,0.2115,FOLLOW
11.032,-2.5436,-1.0476,2.4426,-2.5667,-1.0064,-2.5285,-1.0352,0.2136,FOLLOW
11.052,-2.5459,-1.0457,2.44,-2.5689,-1.0045,-2.5285,-1.0352,0.2157,FOLLOW
11.072,-2.5482,-1.0438,2.4367,-2.5712,-1.0027,-2.5285,-1.0352,0.2178,FOLLOW
11.092,-2.5504,-1.0419,2.4333,-2.5734,-1.0008,-2.5285,-1.0352,0.2198,FOLLOW
11.112,-2.5526,-1.04,2.4299,-2.5756,-0.9989,-2.5401,-1.0255,0.2219,FOLLOW
11.132,-2.5549,-1.038,2.4265,-2.5778,-0.997,-2.5401,-1.0255,0.224,FOLLOW
11.152,-2.5571,-1.036,2.4231,-2.58,-0.9951,-2.5401,-1.0255,0.226,FOLLOW
11.172,-2.5593,-1.0341,2.4197,-2.5822,-0.9931,-2.5401,-1.0255,0.2281,FOLLOW
11.192,-2.5615,-1.0321,2.4163,-2.5844,-0.9912,-2.5401,-1.0255,0.2302,FOLLOW
11.212,-2.5636,-1.0303,2.4127,-2.5885,-0.9876,-2.5511,-1.0159,0.2322,FOLLOW
11.232,-2.5656,-1.0285,2.4086,-2.5885,-0.9876,-2.5511,-1.0159,0.2341,FOLLOW
11.252,-2.5675,-1.0267,2.4038,-2.5904,-0.9859,-2.5511,-1.0159,0.236,FOLLOW
11.272,-2.5695,-1.0249,2.3986,-2.5942,-0.9824,-2.5511,-1.0159,0.2379,FOLLOW
11.292,-2.5714,-1.0232,2.3934,-2.5961,-0.9807,-2.5511,-1.0159,0.2398,FOLLOW
11.312,-2.5733,-1.0214,2.3882,-2.5979,-0.9789,-2.5609,-1.0071,0.2416,FOLLOW
11.332,-2.5752,-1.0196,2.3829,-2.5979,-0.9789,-2.5609,-1.0071,0.2435,FOLLOW
11.352,-2.577,-1.0178,2.3777,-2.5998,-0.9772,-2.5609,-1.0071,0.2454,FOLLOW
11.372,-2.5789,-1.016,2.3725,-2.6035,-0.9736,-2.5609,-1.0071,0.2472,FOLLOW
11.392,-2.5808,-1.0142,2.3673,-2.6035,-0.9736,-2.5609,-1.0071,0.2491,FOLLOW
11.412,-2.5825,-1.0125,2.3618,-2.6069,-0.9702,-2.5702,-0.9983,0.2508,FOLLOW
11.432,-2.5842,-1.0108,2.3557,-2.6069,-0.9702,-2.5702,-0.9983,0.2526,FOLLOW
11.452,-2.5858,-1.0092,2.349,-2.6085,-0.9686,-2.5702,-0.9983,0.2542,FOLLOW
11.472,-2.5874,-1.0075,2.3423,-2.6101,-0.967,-2.5702,-0.9983,0.2559,FOLLOW
11.492,-2.5891,-1.0058,2.3356,-2.6117,-0.9654,-2.5702,-0.9983,0.2577,FOLLOW
11.512,-2.5907,-1.0041,2.3289,-2.6132,-0.9638,-2.5784,-0.9901,0.2594,FOLLOW
11.532,-2.5924,-1.0025,2.3221,-2.6148,-0.9621,-2.5784,-0.9901,0.2611,FOLLOW
11.552,-2.594,-1.0008,2.3154,-2.6163,-0.9605,-2.5784,-0.9901,0.2628,FOLLOW
11.572,-2.5955,-0.999,2.3087,-2.6194,-0.9571,-2.5784,-0.9901,0.2644,FOLLOW
11.592,-2.5971,-0.9973,2.302,-2.6194,-0.9571,-2.5784,-0.9901,0.2661,FOLLOW
11.612,-2.5986,-0.9956,2.295,-2.6209,-0.9555,-2.5861,-0.9819,0.2677,FOLLOW
11.632,-2.6,-0.994,2.2878,-2.6223,-0.9538,-2.5861,-0.9819,0.2693,FOLLOW
11.652,-2.6015,-0.9923,2.2805,-2.6237,-0.9522,-2.5861,-0.9819,0.2709,FOLLOW
11.672,-2.6029,-0.9906,2.2733,-2.6265,-0.9489,-2.5861,-0.9819,0.2724,FOLLOW
11.692,-2.6044,-0.9889,2.2661,-2.6265,-0.9489,-2.5861,-0.9819,0.274,FOLLOW
11.712,-2.6058,-0.9872,2.2589,-2.6279,-0.9473,-2.5932,-0.9737,0.2756,FOLLOW
11.732,-2.6072,-0.9855,2.2517,-2.6292,-0.9456,-2.5932,-0.9737,0.2771,FOLLOW
11.752,-2.6086,-0.9837,2.2445,-2.6306,-0.9439,-2.5932,-0.9737,0.2787,FOLLOW
11.772,-2.6099,-0.982,2.2373,-2.6319,-0.9422,-2.5932,-0.9737,0.2802,FOLLOW
11.792,-2.6113,-0.9803,2.23,-2.6333,-0.9405,-2.5932,-0.9737,0.2817,FOLLOW
11.812,-2.6127,-0.9785,2.2228,-2.6346,-0.9388,-2.6,-0.9653,0.2833,FOLLOW
11.832,-2.6141,-0.9768,2.2156,-2.6359,-0.9371,-2.6,-0.9653,0.2848,FOLLOW
11.852,-2.6154,-0.9751,2.2084,-2.6372,-0.9354,-2.6,-0.9653,0.2864,FOLLOW
11.872,-2.6167,-0.9733,2.2011,-2.6384,-0.9337,-2.6,-0.9653,0.2879,FOLLOW
11.892,-2.618,-0.9715,2.1937,-2.6409,-0.9303,-2.6,-0.9653,0.2894,FOLLOW
11.912,-2.6193,-0.9697,2.1863,-2.6409,-0.9303,-2.6064,-0.9568,0.2908,FOLLOW
11.932,-2.6206,-0.968,2.1789,-2.6433,-0.9268,-2.6064,-0.9568,0.2923,FOLLOW
11.952,-2.6218,-0.9661,2.1716,-2.6433,-0.9268,-2.6064,-0.9568,0.2938,FOLLOW
11.972,-2.623,-0.9643,2.1642,-2.6445,-0.925,-2.6064,-0.9568,0.2952,FOLLOW
11.992,-2.6243,-0.9625,2.1568,-2.6457,-0.9233,-2.6064,-0.9568,0.2966,FOLLOW
12.012,-2.6254,-0.9608,2.1492,-2.648,-0.9198,-2.6125,-0.9481,0.298,FOLLOW
12.032,-2.6265,-0.9591,2.1411,-2.648,-0.9198,-2.6125,-0.9481,0.2994,FOLLOW
12.052,-2.6276,-0.9573,2.1329,-2.649,-0.9182,-2.6125,-0.9481,0.3007,FOLLOW
12.072,-2.6287,-0.9556,2.1247,-2.6511,-0.9149,-2.6125,-0.9481,0.3021,FOLLOW
12.092,-2.6297,-0.9539,2.1165,-2.6521,-0.9132,-2.6125,-0.9481,0.3034,FOLLOW
12.112,-2.6308,-0.9522,2.1083,-2.6531,-0.9115,-2.6189,-0.938,0.3047,FOLLOW
12.132,-2.6319,-0.9504,2.1001,-2.6531,-0.9115,-2.6189,-0.938,0.3061,FOLLOW
12.152,-2.6329,-0.9487,2.0919,-2.6541,-0.9098,-2.6189,-0.938,0.3074,FOLLOW
12.172,-2.6339,-0.947,2.0837,-2.6551,-0.9081,-2.6189,-0.938,0.3088,FOLLOW
12.192,-2.6349,-0.9452,2.0755,-2.656,-0.9064,-2.6189,-0.938,0.31,FOLLOW
12.212,-2.6359,-0.9434,2.0675,-2.657,-0.9047,-2.6228,-0.9312,0.3113,FOLLOW
12.232,-2.6369,-0.9415,2.0596,-2.6579,-0.9029,-2.6228,-0.9312,0.3126,FOLLOW
12.252,-2.6379,-0.9397,2.0516,-2.6589,-0.9011,-2.6228,-0.9312,0.3139,FOLLOW
12.272,-2.6388,-0.9379,2.0436,-2.6598,-0.8993,-2.6228,-0.9312,0.3152,FOLLOW
12.292,-2.6398,-0.936,2.0357,-2.6607,-0.8976,-2.6228,-0.9312,0.3164,FOLLOW
12.312,-2.6407,-0.9341,2.0277,-2.6616,-0.8958,-2.6275,-0.9224,0.3177,FOLLOW
12.332,-2.6416,-0.9323,2.0197,-2.6625,-0.894,-2.6275,-0.9224,0.3189,FOLLOW
12.352,-2.6425,-0.9304,2.0118,-2.6634,-0.8921,-2.6275,-0.9224,0.3202,FOLLOW
12.372,-2.6434,-0.9285,2.0038,-2.6642,-0.8903,-2.6275,-0.9224,0.3214,FOLLOW
12.392,-2.6443,-0.9267,1.9958,-2.6651,-0.8885,-2.6275,-0.9224,0.3226,FOLLOW
12.412,-2.6451,-0.9248,1.9879,-2.6659,-0.8867,-2.6319,-0.9134,0.3238,FOLLOW
12.432,-2.646,-0.923,1.9799,-2.6667,-0.8849,-2.6319,-0.9134,0.3251,FOLLOW
12.452,-2.6468,-0.9211,1.9718,-2.6674,-0.8831,-2.6319,-0.9134,0.3263,FOLLOW
12.472,-2.6476,-0.9192,1.9636,-2.6682,-0.8812,-2.6319,-0.9134,0.3274,FOLLOW
12.492,-2.6484,-0.9173,1.9555,-2.669,-0.8794,-2.6319,-0.9134,0.3286,FOLLOW
12.512,-2.6492,-0.9154,1.9473,-2.6697,-0.8776,-2.6358,-0.9043,0.3297,FOLLOW
12.532,-2.6499,-0.9135,1.9392,-2.6704,-0.8758,-2.6358,-0.9043,0.3309,FOLLOW
12.552,-2.6506,-0.9116,1.931,-2.6711,-0.8739,-2.6358,-0.9043,0.332,FOLLOW
12.572,-2.6513,-0.9097,1.9229,-2.6718,-0.8721,-2.6358,-0.9043,0.3331,FOLLOW
12.592,-2.652,-0.9078,1.9147,-2.6725,-0.8702,-2.6358,-0.9043,0.3342,FOLLOW
12.612,-2.6527,-0.906,1.9063,-2.6731,-0.8684,-2.6394,-0.8951,0.3353,FOLLOW
12.632,-2.6533,-0.9042,1.8975,-2.6737,-0.8666,-2.6394,-0.8951,0.3363,FOLLOW
12.652,-2.6539,-0.9024,1.8886,-2.6743,-0.8649,-2.6394,-0.8951,0.3374,FOLLOW
12.672,-2.6545,-0.9006,1.8797,-2.6749,-0.8632,-2.6394,-0.8951,0.3385,FOLLOW
12.692,-2.6551,-0.8988,1.8708,-2.6754,-0.8614,-2.6394,-0.8951,0.3395,FOLLOW
12.712,-2.6557,-0.897,1.8619,-2.676,-0.8597,-2.6424,-0.8863,0.3405,FOLLOW
12.732,-2.6562,-0.8952,1.853,-2.677,-0.8562,-2.6424,-0.8863,0.3415,FOLLOW
12.752,-2.6568,-0.8933,1.8441,-2.677,-0.8562,-2.6424,-0.8863,0.3425,FOLLOW
12.772,-2.6573,-0.8915,1.8352,-2.6775,-0.8545,-2.6424,-0.8863,0.3435,FOLLOW
12.792,-2.6577,-0.8897,1.8263,-2.678,-0.8527,-2.6449,-0.8776,0.3445,FOLLOW
12.812,-2.6582,-0.8878,1.8176,-2.6784,-0.8509,-2.6449,-0.8776,0.3455,FOLLOW
12.832,-2.6587,-0.8859,1.809,-2.6789,-0.8491,-2.6449,-0.8776,0.3464,FOLLOW
12.852,-2.6591,-0.884,1.8004,-2.6793,-0.8473,-2.6449,-0.8776,0.3474,FOLLOW
12.872,-2.6596,-0.8821,1.7918,-2.6797,-0.8455,-2.6449,-0.8776,0.3483,FOLLOW
12.892,-2.66,-0.8802,1.7832,-2.6805,-0.8418,-2.6449,-0.8776,0.3492,FOLLOW
12.912,-2.6604,-0.8783,1.7746,-2.6805,-0.8418,-2.6471,-0.8685,0.3502,FOLLOW
12.932,-2.6609,-0.8764,1.766,-2.6809,-0.8399,-2.6471,-0.8685,0.3511,FOLLOW
12.952,-2.6613,-0.8745,1.7574,-2.6813,-0.8381,-2.6471,-0.8685,0.352,FOLLOW
12.972,-2.6616,-0.8726,1.7488,-2.6816,-0.8363,-2.6471,-0.8685,0.3529,FOLLOW
12.992,-2.662,-0.8707,1.7402,-2.6819,-0.8344,-2.6471,-0.8685,0.3538,FOLLOW
13.012,-2.6623,-0.8688,1.7313,-2.6825,-0.8308,-2.6489,-0.8593,0.3546,FOLLOW
13.032,-2.6625,-0.8671,1.7221,-2.6825,-0.8308,-2.6489,-0.8593,0.3555,FOLLOW
13.052,-2.6628,-0.8653,1.7126,-2.6828,-0.8292,-2.6489,-0.8593,0.3563,FOLLOW
13.072,-2.663,-0.8635,1.7032,-2.683,-0.8275,-2.6489,-0.8593,0.3571,FOLLOW
13.092,-2.6633,-0.8617,1.6937,-2.6832,-0.8258,-2.6503,-0.8507,0.3579,FOLLOW
13.112,-2.6635,-0.86,1.6843,-2.6834,-0.8241,-2.6503,-0.8507,0.3587,FOLLOW
13.132,-2.6637,-0.8582,1.6748,-2.6836,-0.8224,-2.6503,-0.8507,0.3595,FOLLOW
13.152,-2.6639,-0.8564,1.6654,-2.6838,-0.8207,-2.6503,-0.8507,0.3603,FOLLOW
13.172,-2.6641,-0.8546,1.6559,-2.684,-0.819,-2.6503,-0.8507,0.361,FOLLOW
13.192,-2.6642,-0.8528,1.6465,-2.6841,-0.8173,-2.6503,-0.8507,0.3618,FOLLOW
13.212,-2.6644,-0.8511,1.6368,-2.6842,-0.8155,-2.6512,-0.8422,0.3625,FOLLOW
13.232,-2.6645,-0.8494,1.6269,-2.6843,-0.8139,-2.6512,-0.8422,0.3632,FOLLOW
13.252,-2.6645,-0.8477,1.6169,-2.6844,-0.8123,-2.6512,-0.8422,0.3639,FOLLOW
13.272,-2.6646,-0.846,1.607,-2.6845,-0.8107,-2.6512,-0.8422,0.3646,FOLLOW
13.292,-2.6647,-0.8443,1.597,-2.6845,-0.8091,-2.6512,-0.8422,0.3652,FOLLOW
13.312,-2.6647,-0.8426,1.5871,-2.6846,-0.8075,-2.6516,-0.834,0.3659,FOLLOW
13.332,-2.6647,-0.8409,1.5771,-2.6846,-0.8043,-2.6516,-0.834,0.3666,FOLLOW
13.352,-2.6647,-0.8393,1.5672,-2.6846,-0.8043,-2.6516,-0.834,0.3672,FOLLOW
13.372,-2.6648,-0.8376,1.5572,-2.6846,-0.8011,-2.6516,-0.834,0.3679,FOLLOW
13.392,-2.6647,-0.8359,1.5472,-2.6846,-0.8011,-2.6516,-0.834,0.3685,FOLLOW
13.412,-2.6647,-0.8341,1.5375,-2.6845,-0.7995,-2.6517,-0.826,0.3691,FOLLOW
13.432,-2.6646,-0.8323,1.5281,-2.6845,-0.7978,-2.6517,-0.826,0.3697,FOLLOW
13.452,-2.6645,-0.8305,1.5187,-2.6844,-0.796,-2.6517,-0.826,0.3703,FOLLOW
13.472,-2.6644,-0.8287,1.5094,-2.6842,-0.7926,-2.6517,-0.826,0.3708,FOLLOW
13.492,-2.6643,-0.8269,1.5,-2.6842,-0.7926,-2.6517,-0.826,0.3714,FOLLOW
13.512,-2.6642,-0.8251,1.4907,-2.6839,-0.7891,-2.6513,-0.8175,0.3719,FOLLOW
13.532,-2.664,-0.8233,1.4813,-2.6837,-0.7874,-2.6513,-0.8175,0.3724,FOLLOW
13.552,-2.6639,-0.8215,1.4719,-2.6837,-0.7874,-2.6513,-0.8175,0.373,FOLLOW
13.572,-2.6637,-0.8197,1.4626,-2.6836,-0.7857,-2.6513,-0.8175,0.3735,FOLLOW
13.592,-2.6635,-0.8179,1.4532,-2.6834,-0.784,-2.6513,-0.8175,0.374,FOLLOW
13.612,-2.6633,-0.8163,1.4437,-2.6832,-0.7823,-2.6503,-0.8072,0.3745,FOLLOW
13.632,-2.6631,-0.8146,1.4336,-2.6828,-0.7792,-2.6503,-0.8072,0.3749,FOLLOW
13.652,-2.6629,-0.813,1.4232,-2.6828,-0.7792,-2.6503,-0.8072,0.3754,FOLLOW
13.672,-2.6626,-0.8114,1.4128,-2.6825,-0.7777,-2.6503,-0.8072,0.3759,FOLLOW
13.692,-2.6624,-0.8099,1.4024,-2.6823,-0.7762,-2.6503,-0.8072,0.3763,FOLLOW
13.712,-2.6621,-0.8083,1.392,-2.682,-0.7747,-2.6495,-0.8011,0.3768,FOLLOW
13.732,-2.6618,-0.8067,1.3815,-2.6818,-0.7732,-2.6495,-0.8011,0.3772,FOLLOW
13.752,-2.6615,-0.8051,1.3711,-2.6812,-0.7703,-2.6495,-0.8011,0.3776,FOLLOW
13.772,-2.6612,-0.8035,1.3607,-2.6812,-0.7703,-2.6495,-0.8011,0.378,FOLLOW
13.792,-2.6608,-0.802,1.3503,-2.6808,-0.7688,-2.6495,-0.8011,0.3784,FOLLOW
13.812,-2.6605,-0.8004,1.3397,-2.6805,-0.7673,-2.6481,-0.7937,0.3787,FOLLOW
13.832,-2.6601,-0.7989,1.3291,-2.6802,-0.7659,-2.6481,-0.7937,0.3791,FOLLOW
13.852,-2.6598,-0.7974,1.3184,-2.6798,-0.7644,-2.6481,-0.7937,0.3795,FOLLOW
13.872,-2.6594,-0.7959,1.3078,-2.679,-0.7616,-2.6481,-0.7937,0.3798,FOLLOW
13.892,-2.659,-0.7944,1.2972,-2.679,-0.7616,-2.6481,-0.7937,0.3801,FOLLOW
13.912,-2.6585,-0.7929,1.2865,-2.6786,-0.7602,-2.6463,-0.7865,0.3804,FOLLOW
13.932,-2.6581,-0.7914,1.2759,-2.6782,-0.7588,-2.6463,-0.7865,0.3807,FOLLOW
13.952,-2.6576,-0.7899,1.2652,-2.6778,-0.7574,-2.6463,-0.7865,0.381,FOLLOW
13.972,-2.6572,-0.7884,1.2546,-2.6773,-0.756,-2.6463,-0.7865,0.3813,FOLLOW
13.992,-2.6567,-0.7869,1.244,-2.6764,-0.7532,-2.6463,-0.7865,0.3815,FOLLOW
14.012,-2.6561,-0.7854,1.2335,-2.6764,-0.7532,-2.6437,-0.7781,0.3818,FOLLOW
14.032,-2.6556,-0.7838,1.2232,-2.6759,-0.7517,-2.6437,-0.7781,0.382,FOLLOW
14.052,-2.655,-0.7823,1.2129,-2.6754,-0.7503,-2.6437,-0.7781,0.3822,FOLLOW
14.072,-2.6545,-0.7808,1.2025,-2.6743,-0.7474,-2.6437,-0.7781,0.3824,FOLLOW
14.092,-2.6539,-0.7793,1.1922,-2.6743,-0.7474,-2.6416,-0.7723,0.3825,FOLLOW
14.112,-2.6533,-0.7778,1.1819,-2.6737,-0.746,-2.6416,-0.7723,0.3827,FOLLOW
14.132,-2.6526,-0.7763,1.1716,-2.6731,-0.7446,-2.6416,-0.7723,0.3829,FOLLOW
14.152,-2.652,-0.7748,1.1612,-2.6725,-0.7432,-2.6416,-0.7723,0.383,FOLLOW
14.172,-2.6513,-0.7733,1.1509,-2.6719,-0.7418,-2.6416,-0.7723,0.3831,FOLLOW
14.192,-2.6507,-0.7718,1.1406,-2.6713,-0.7404,-2.6416,-0.7723,0.3832,FOLLOW
14.212,-2.65,-0.7704,1.1301,-2.6706,-0.739,-2.6386,-0.7652,0.3833,FOLLOW
14.232,-2.6494,-0.7691,1.1191,-2.67,-0.7377,-2.6386,-0.7652,0.3834,FOLLOW
14.252,-2.6487,-0.7677,1.1081,-2.6694,-0.7365,-2.6386,-0.7652,0.3836,FOLLOW
14.272,-2.648,-0.7664,1.0971,-2.6688,-0.7352,-2.6386,-0.7652,0.3836,FOLLOW
14.292,-2.6473,-0.7651,1.086,-2.6681,-0.734,-2.6386,-0.7652,0.3837,FOLLOW
14.312,-2.6466,-0.7638,1.075,-2.6675,-0.7327,-2.6355,-0.7588,0.3838,FOLLOW
14.332,-2.6459,-0.7625,1.064,-2.6668,-0.7315,-2.6355,-0.7588,0.3838,FOLLOW
14.352,-2.6452,-0.7612,1.0529,-2.6661,-0.7303,-2.6355,-0.7588,0.3839,FOLLOW
14.372,-2.6444,-0.7599,1.0419,-2.6654,-0.7291,-2.6355,-0.7588,0.3839,FOLLOW
14.392,-2.6437,-0.7586,1.0309,-2.6647,-0.7279,-2.6355,-0.7588,0.3839,FOLLOW
14.412,-2.6429,-0.7572,1.02,-2.664,-0.7267,-2.6321,-0.7527,0.3839,FOLLOW
14.432,-2.642,-0.7559,1.0096,-2.6632,-0.7254,-2.6321,-0.7527,0.3839,FOLLOW
14.452,-2.6411,-0.7545,0.9991,-2.6624,-0.7242,-2.6321,-0.7527,0.3838,FOLLOW
14.472,-2.6403,-0.7532,0.9887,-2.6616,-0.7229,-2.6321,-0.7527,0.3837,FOLLOW
14.492,-2.6394,-0.7519,0.9782,-2.6599,-0.7204,-2.6282,-0.7464,0.3836,FOLLOW
14.512,-2.6385,-0.7505,0.9678,-2.6599,-0.7204,-2.6282,-0.7464,0.3835,FOLLOW
14.532,-2.6376,-0.7492,0.9574,-2.659,-0.7191,-2.6282,-0.7464,0.3834,FOLLOW
14.552,-2.6366,-0.7479,0.9469,-2.6582,-0.7179,-2.6282,-0.7464,0.3832,FOLLOW
14.572,-2.6357,-0.7466,0.9365,-2.6573,-0.7167,-2.6282,-0.7464,0.3831,FOLLOW
14.592,-2.6347,-0.7453,0.926,-2.6564,-0.7155,-2.6282,-0.7464,0.3829,FOLLOW
14.612,-2.6337,-0.744,0.9157,-2.6555,-0.7143,-2.6238,-0.7403,0.3827,FOLLOW
14.632,-2.6327,-0.7427,0.9054,-2.6545,-0.713,-2.6238,-0.7403,0.3825,FOLLOW
14.652,-2.6317,-0.7415,0.8951,-2.6536,-0.7118,-2.6238,-0.7403,0.3823,FOLLOW
14.672,-2.6307,-0.7402,0.8848,-2.6526,-0.7106,-2.6238,-0.7403,0.3821,FOLLOW
14.692,-2.6296,-0.7389,0.8745,-2.6506,-0.7083,-2.6191,-0.7342,0.3818,FOLLOW
14.712,-2.6286,-0.7377,0.8642,-2.6506,-0.7083,-2.6191,-0.7342,0.3816,FOLLOW
14.732,-2.6275,-0.7365,0.8539,-2.6496,-0.7071,-2.6191,-0.7342,0.3813,FOLLOW
14.752,-2.6264,-0.7352,0.8436,-2.6486,-0.7059,-2.6191,-0.7342,0.381,FOLLOW
14.772,-2.6253,-0.734,0.8333,-2.6476,-0.7048,-2.6191,-0.7342,0.3807,FOLLOW
14.792,-2.6242,-0.7328,0.823,-2.6466,-0.7037,-2.6191,-0.7342,0.3804,FOLLOW
14.812,-2.6231,-0.7316,0.8129,-2.6455,-0.7025,-2.614,-0.7284,0.3801,FOLLOW
14.832,-2.6219,-0.7303,0.8031,-2.6444,-0.7014,-2.614,-0.7284,0.3797,FOLLOW
14.852,-2.6207,-0.7291,0.7933,-2.6432,-0.7002,-2.614,-0.7284,0.3793,FOLLOW
14.872,-2.6194,-0.7279,0.7835,-2.6421,-0.699,-2.614,-0.7284,0.3789,FOLLOW
14.892,-2.6182,-0.7267,0.7738,-2.6397,-0.6967,-2.614,-0.7284,0.3785,FOLLOW
14.912,-2.617,-0.7255,0.764,-2.6397,-0.6967,-2.6073,-0.7214,0.378,FOLLOW
14.932,-2.6157,-0.7243,0.7542,-2.6385,-0.6956,-2.6073,-0.7214,0.3776,FOLLOW
14.952,-2.6144,-0.7231,0.7444,-2.6373,-0.6945,-2.6073,-0.7214,0.3771,FOLLOW
14.972,-2.6132,-0.7219,0.7346,-2.6361,-0.6934,-2.6073,-0.7214,0.3767,FOLLOW
14.992,-2.6119,-0.7208,0.7248,-2.6349,-0.6923,-2.6073,-0.7214,0.3762,FOLLOW
15.012,-2.6106,-0.7196,0.715,-2.6337,-0.6912,-2.6024,-0.717,0.3757,FOLLOW
15.032,-2.6093,-0.7185,0.705,-2.6324,-0.6901,-2.6024,-0.717,0.3752,FOLLOW
15.052,-2.608,-0.7174,0.6951,-2.63,-0.688,-2.6024,-0.717,0.3747,FOLLOW
15.072,-2.6067,-0.7164,0.6852,-2.63,-0.688,-2.6024,-0.717,0.3742,FOLLOW
15.092,-2.6053,-0.7153,0.6753,-2.6287,-0.687,-2.6024,-0.717,0.3736,FOLLOW
15.112,-2.604,-0.7142,0.6654,-2.6274,-0.686,-2.595,-0.7107,0.3731,FOLLOW
15.132,-2.6026,-0.7132,0.6555,-2.6262,-0.685,-2.595,-0.7107,0.3725,FOLLOW
15.152,-2.6013,-0.7121,0.6456,-2.6249,-0.684,-2.595,-0.7107,0.372,FOLLOW
15.172,-2.5999,-0.7111,0.6357,-2.6236,-0.6831,-2.595,-0.7107,0.3714,FOLLOW
15.192,-2.5985,-0.7101,0.6258,-2.6223,-0.6821,-2.595,-0.7107,0.3708,FOLLOW
15.212,-2.5971,-0.7091,0.6159,-2.621,-0.6812,-2.5899,-0.7068,0.3702,FOLLOW
15.232,-2.5957,-0.7081,0.6061,-2.6183,-0.6793,-2.5899,-0.7068,0.3696,FOLLOW
15.252,-2.5943,-0.7072,0.5962,-2.6183,-0.6793,-2.5899,-0.7068,0.3689,FOLLOW
15.272,-2.5929,-0.7062,0.5864,-2.6156,-0.6775,-2.5899,-0.7068,0.3683,FOLLOW
15.292,-2.5914,-0.7053,0.5766,-2.6156,-0.6775,-2.5899,-0.7068,0.3676,FOLLOW
15.312,-2.59,-0.7043,0.5667,-2.6142,-0.6766,-2.5832,-0.7021,0.3669,FOLLOW
15.332,-2.5885,-0.7034,0.5569,-2.6128,-0.6757,-2.5832,-0.7021,0.3662,FOLLOW
15.352,-2.5871,-0.7025,0.5471,-2.6114,-0.6749,-2.5832,-0.7021,0.3655,FOLLOW
15.372,-2.5856,-0.7016,0.5372,-2.61,-0.674,-2.5832,-0.7021,0.3648,FOLLOW
15.392,-2.5841,-0.7008,0.5274,-2.6086,-0.6732,-2.5832,-0.7021,0.3641,FOLLOW
15.412,-2.5826,-0.6999,0.5178,-2.6072,-0.6724,-2.5762,-0.6978,0.3633,FOLLOW
15.432,-2.581,-0.699,0.5085,-2.6057,-0.6715,-2.5762,-0.6978,0.3625,FOLLOW
15.452,-2.5794,-0.6981,0.4992,-2.6026,-0.6699,-2.5762,-0.6978,0.3617,FOLLOW
15.472,-2.5777,-0.6972,0.49,-2.6026,-0.6699,-2.5762,-0.6978,0.3608,FOLLOW
15.492,-2.5761,-0.6964,0.4807,-2.6011,-0.669,-2.5762,-0.6978,0.36,FOLLOW
15.512,-2.5745,-0.6955,0.4714,-2.5995,-0.6682,-2.5687,-0.6936,0.3591,FOLLOW
15.532,-2.5729,-0.6947,0.4622,-2.598,-0.6675,-2.5687,-0.6936,0.3582,FOLLOW
15.552,-2.5712,-0.6939,0.4529,-2.5964,-0.6667,-2.5687,-0.6936,0.3573,FOLLOW
15.572,-2.5696,-0.6931,0.4436,-2.5948,-0.6659,-2.5687,-0.6936,0.3564,FOLLOW
15.592,-2.5679,-0.6923,0.4344,-2.5933,-0.6652,-2.5687,-0.6936,0.3555,FOLLOW
15.612,-2.5663,-0.6916,0.4249,-2.5917,-0.6644,-2.5609,-0.6897,0.3546,FOLLOW
15.632,-2.5647,-0.6909,0.4152,-2.5886,-0.6631,-2.5609,-0.6897,0.3537,FOLLOW
15.652,-2.5631,-0.6902,0.4055,-2.5871,-0.6625,-2.5609,-0.6897,0.3529,FOLLOW
15.672,-2.5615,-0.6895,0.3958,-2.5871,-0.6625,-2.5609,-0.6897,0.352,FOLLOW
15.692,-2.5599,-0.6889,0.3861,-2.5856,-0.6618,-2.5609,-0.6897,0.3511,FOLLOW
15.712,-2.5583,-0.6882,0.3763,-2.584,-0.6612,-2.5532,-0.6863,0.3502,FOLLOW
15.732,-2.5566,-0.6876,0.3666,-2.5825,-0.6606,-2.5532,-0.6863,0.3492,FOLLOW
15.752,-2.555,-0.687,0.3569,-2.5809,-0.66,-2.5532,-0.6863,0.3483,FOLLOW
15.772,-2.5534,-0.6864,0.3472,-2.5794,-0.6594,-2.5532,-0.6863,0.3473,FOLLOW
15.792,-2.5517,-0.6858,0.3375,-2.5778,-0.6589,-2.5532,-0.6863,0.3464,FOLLOW
15.812,-2.5501,-0.6852,0.3276,-2.5763,-0.6583,-2.5439,-0.6828,0.3455,FOLLOW
15.832,-2.5486,-0.6847,0.3173,-2.5748,-0.6578,-2.5439,-0.6828,0.3446,FOLLOW
15.852,-2.547,-0.6842,0.307,-2.5733,-0.6574,-2.5439,-0.6828,0.3437,FOLLOW
15.872,-2.5455,-0.6837,0.2967,-2.5704,-0.6565,-2.5439,-0.6828,0.3427,FOLLOW
15.892,-2.5439,-0.6833,0.2864,-2.5689,-0.656,-2.5381,-0.6809,0.3418,FOLLOW
15.912,-2.5424,-0.6828,0.2761,-2.5689,-0.656,-2.5381,-0.6809,0.3409,FOLLOW
15.932,-2.5408,-0.6824,0.2658,-2.5674,-0.6556,-2.5381,-0.6809,0.3399,FOLLOW
15.952,-2.5392,-0.682,0.2555,-2.5659,-0.6552,-2.5381,-0.6809,0.339,FOLLOW
15.972,-2.5376,-0.6816,0.2452,-2.5645,-0.6548,-2.5381,-0.6809,0.338,FOLLOW
15.992,-2.536,-0.6812,0.2349,-2.563,-0.6545,-2.5381,-0.6809,0.337,FOLLOW
16.012,-2.5346,-0.6808,0.2244,-2.5615,-0.6541,-2.5307,-0.6789,0.3361,FOLLOW
16.032,-2.5332,-0.6805,0.2136,-2.5602,-0.6538,-2.5307,-0.6789,0.3353,FOLLOW
16.052,-2.5318,-0.6802,0.2023,-2.559,-0.6536,-2.5307,-0.6789,0.3345,FOLLOW
16.072,-2.5305,-0.68,0.1907,-2.5577,-0.6533,-2.5307,-0.6789,0.3337,FOLLOW
16.092,-2.5291,-0.6797,0.179,-2.5565,-0.6531,-2.5307,-0.6789,0.3329,FOLLOW
16.112,-2.5278,-0.6795,0.1673,-2.554,-0.6527,-2.5242,-0.6775,0.332,FOLLOW
16.132,-2.5264,-0.6793,0.1557,-2.5527,-0.6525,-2.5242,-0.6775,0.3312,FOLLOW
16.152,-2.5251,-0.6791,0.144,-2.5527,-0.6525,-2.5242,-0.6775,0.3303,FOLLOW
16.172,-2.5237,-0.6789,0.1323,-2.5515,-0.6523,-2.5242,-0.6775,0.3295,FOLLOW
16.192,-2.5224,-0.6787,0.1207,-2.5502,-0.6521,-2.5242,-0.6775,0.3286,FOLLOW
16.212,-2.521,-0.6786,0.1088,-2.549,-0.652,-2.5179,-0.6765,0.3277,FOLLOW
16.232,-2.5197,-0.6784,0.0966,-2.5468,-0.6518,-2.5179,-0.6765,0.3269,FOLLOW
16.252,-2.5184,-0.6783,0.0841,-2.5468,-0.6518,-2.5179,-0.6765,0.326,FOLLOW
16.272,-2.5171,-0.6782,0.0711,-2.5457,-0.6517,-2.5179,-0.6765,0.3252,FOLLOW
16.292,-2.5158,-0.6781,0.0578,-2.5446,-0.6516,-2.5123,-0.6759,0.3244,FOLLOW
16.312,-2.5146,-0.6781,0.0442,-2.5436,-0.6516,-2.5123,-0.6759,0.3236,FOLLOW
16.332,-2.5133,-0.678,0.0302,-2.5425,-0.6515,-2.5123,-0.6759,0.3228,FOLLOW
16.352,-2.5121,-0.678,0.016,-2.5403,-0.6515,-2.5123,-0.6759,0.322,FOLLOW
16.372,-2.5109,-0.678,0.0019,-2.5392,-0.6515,-2.5123,-0.6759,0.3212,FOLLOW
16.392,-2.5097,-0.678,-0.0123,-2.5392,-0.6515,-2.5123,-0.6759,0.3204,FOLLOW
16.412,-2.5086,-0.678,-0.0263,-2.5382,-0.6516,-2.5059,-0.6758,0.3196,FOLLOW
16.432,-2.5074,-0.6781,-0.0399,-2.5371,-0.6516,-2.5059,-0.6758,0.3188,FOLLOW
16.452,-2.5062,-0.6781,-0.0532,-2.536,-0.6517,-2.5059,-0.6758,0.318,FOLLOW
16.472,-2.5051,-0.6782,-0.0662,-2.5338,-0.6518,-2.5059,-0.6758,0.3171,FOLLOW
16.492,-2.5039,-0.6783,-0.0793,-2.5338,-0.6518,-2.5059,-0.6758,0.3162,FOLLOW
16.512,-2.5027,-0.6784,-0.0923,-2.5328,-0.6519,-2.5016,-0.676,0.3153,FOLLOW
16.532,-2.5015,-0.6785,-0.1053,-2.5306,-0.6521,-2.5016,-0.676,0.3144,FOLLOW
16.552,-2.5003,-0.6787,-0.1183,-2.5306,-0.6521,-2.5016,-0.676,0.3135,FOLLOW
16.572,-2.4991,-0.6788,-0.1313,-2.5285,-0.6524,-2.5016,-0.676,0.3126,FOLLOW
16.592,-2.4979,-0.679,-0.1444,-2.5285,-0.6524,-2.4962,-0.6765,0.3117,FOLLOW
16.612,-2.4967,-0.6792,-0.1572,-2.5262,-0.6528,-2.4962,-0.6765,0.3107,FOLLOW
16.632,-2.4954,-0.6794,-0.1697,-2.5262,-0.6528,-2.4962,-0.6765,0.3097,FOLLOW
16.652,-2.4941,-0.6796,-0.1818,-2.5251,-0.653,-2.4962,-0.6765,0.3086,FOLLOW
16.672,-2.4929,-0.6799,-0.1937,-2.5239,-0.6532,-2.4962,-0.6765,0.3075,FOLLOW
16.692,-2.4916,-0.6801,-0.2057,-2.5227,-0.6535,-2.4962,-0.6765,0.3064,FOLLOW
16.712,-2.4903,-0.6804,-0.2177,-2.5215,-0.6537,-2.4892,-0.6778,0.3053,FOLLOW
16.732,-2.489,-0.6807,-0.2296,-2.5192,-0.6543,-2.4892,-0.6778,0.3042,FOLLOW
16.752,-2.4877,-0.681,-0.2416,-2.5192,-0.6543,-2.4892,-0.6778,0.3031,FOLLOW
16.772,-2.4864,-0.6813,-0.2535,-2.5168,-0.6549,-2.4892,-0.6778,0.3019,FOLLOW
16.792,-2.4852,-0.6817,-0.2655,-2.5168,-0.6549,-2.4892,-0.6778,0.3008,FOLLOW
16.812,-2.4839,-0.682,-0.2773,-2.5157,-0.6553,-2.4845,-0.6789,0.2996,FOLLOW
16.832,-2.4825,-0.6824,-0.2889,-2.5144,-0.6556,-2.4845,-0.6789,0.2984,FOLLOW
16.852,-2.4812,-0.6828,-0.3006,-2.5132,-0.656,-2.4845,-0.6789,0.2972,FOLLOW
16.872,-2.4799,-0.6832,-0.3122,-2.512,-0.6564,-2.4845,-0.6789,0.2959,FOLLOW
16.892,-2.4786,-0.6837,-0.3239,-2.5108,-0.6568,-2.4845,-0.6789,0.2947,FOLLOW
16.912,-2.4773,-0.6841,-0.3356,-2.5096,-0.6572,-2.4785,-0.6807,0.2934,FOLLOW
16.932,-2.476,-0.6846,-0.3472,-2.5084,-0.6576,-2.4785,-0.6807,0.2922,FOLLOW
16.952,-2.4747,-0.6851,-0.3589,-2.5072,-0.6581,-2.4785,-0.6807,0.2909,FOLLOW
16.972,-2.4735,-0.6856,-0.3705,-2.5061,-0.6585,-2.4785,-0.6807,0.2897,FOLLOW
16.992,-2.4722,-0.6861,-0.3822,-2.5049,-0.659,-2.4785,-0.6807,0.2884,FOLLOW
17.012,-2.4709,-0.6866,-0.3939,-2.5025,-0.66,-2.4725,-0.6828,0.2871,FOLLOW
17.032,-2.4697,-0.6871,-0.4056,-2.5025,-0.66,-2.4725,-0.6828,0.2858,FOLLOW
17.052,-2.4684,-0.6877,-0.4173,-2.5014,-0.6605,-2.4725,-0.6828,0.2846,FOLLOW
17.072,-2.4672,-0.6882,-0.4291,-2.5003,-0.661,-2.4725,-0.6828,0.2833,FOLLOW
17.092,-2.466,-0.6888,-0.4408,-2.4991,-0.6615,-2.4725,-0.6828,0.282,FOLLOW
17.112,-2.4647,-0.6894,-0.4525,-2.498,-0.6621,-2.4667,-0.6853,0.2807,FOLLOW
17.132,-2.4635,-0.69,-0.4643,-2.4958,-0.6632,-2.4667,-0.6853,0.2794,FOLLOW
17.152,-2.4623,-0.6906,-0.476,-2.4958,-0.6632,-2.4667,-0.6853,0.2781,FOLLOW
17.172,-2.4611,-0.6912,-0.4877,-2.4947,-0.6638,-2.4667,-0.6853,0.2768,FOLLOW
17.192,-2.4599,-0.6919,-0.4995,-2.4936,-0.6644,-2.4667,-0.6853,0.2755,FOLLOW
17.212,-2.4588,-0.6925,-0.5114,-2.4925,-0.665,-2.4611,-0.6881,0.2742,FOLLOW
17.232,-2.4576,-0.6932,-0.5235,-2.4914,-0.6656,-2.4611,-0.6881,0.2729,FOLLOW
17.252,-2.4565,-0.6938,-0.5356,-2.4894,-0.6668,-2.4611,-0.6881,0.2717,FOLLOW
17.272,-2.4554,-0.6945,-0.5477,-2.4894,-0.6668,-2.4611,-0.6881,0.2704,FOLLOW
17.292,-2.4543,-0.6952,-0.5598,-2.4884,-0.6674,-2.4611,-0.6881,0.2691,FOLLOW
17.312,-2.4533,-0.6958,-0.5719,-2.4864,-0.6687,-2.456,-0.6911,0.2678,FOLLOW
17.332,-2.4522,-0.6966,-0.584,-2.4864,-0.6687,-2.456,-0.6911,0.2666,FOLLOW
17.352,-2.4511,-0.6973,-0.5961,-2.4855,-0.6694,-2.456,-0.6911,0.2653,FOLLOW
17.372,-2.4501,-0.698,-0.6082,-2.4835,-0.6707,-2.456,-0.6911,0.264,FOLLOW
17.392,-2.449,-0.6987,-0.6203,-2.4835,-0.6707,-2.456,-0.6911,0.2627,FOLLOW
17.412,-2.4479,-0.6996,-0.6327,-2.4817,-0.6721,-2.451,-0.6943,0.2612,FOLLOW
17.432,-2.4467,-0.7005,-0.6455,-2.4817,-0.6721,-2.451,-0.6943,0.2598,FOLLOW
17.452,-2.4456,-0.7013,-0.6588,-2.4808,-0.6727,-2.451,-0.6943,0.2583,FOLLOW
17.472,-2.4445,-0.7022,-0.6725,-2.48,-0.6734,-2.451,-0.6943,0.2569,FOLLOW
17.492,-2.4434,-0.7031,-0.6867,-2.4792,-0.6741,-2.451,-0.6943,0.2555,FOLLOW
17.512,-2.4424,-0.7039,-0.7014,-2.4783,-0.6748,-2.4466,-0.6976,0.2541,FOLLOW
17.532,-2.4414,-0.7048,-0.7166,-2.4767,-0.6763,-2.4466,-0.6976,0.2528,FOLLOW
17.552,-2.4404,-0.7056,-0.7322,-2.4767,-0.6763,-2.4466,-0.6976,0.2515,FOLLOW
17.572,-2.4395,-0.7064,-0.7483,-2.476,-0.677,-2.4466,-0.6976,0.2502,FOLLOW
17.592,-2.4386,-0.7073,-0.7646,-2.4752,-0.6778,-2.4466,-0.6976,0.2489,FOLLOW
17.612,-2.4384,-0.7076,-0.7806,-2.4744,-0.6785,-2.4466,-0.6976,0.2484,FOLLOW
17.632,-2.4384,-0.7075,-0.796,-2.4744,-0.6786,-2.4466,-0.6976,0.2484,FOLLOW
17.652,-2.4385,-0.7074,-0.811,-2.4744,-0.6786,-2.4418,-0.7019,0.2484,FOLLOW_TURN
17.672,-2.4385,-0.7074,-0.8256,-2.4744,-0.6786,-2.4418,-0.7019,0.2483,FOLLOW_TURN
17.692,-2.4385,-0.7074,-0.8396,-2.4744,-0.6786,-2.4418,-0.7019,0.2482,FOLLOW_TURN
17.712,-2.4386,-0.7073,-0.8532,-2.4744,-0.6786,-2.4417,-0.702,0.2483,FOLLOW_TURN
17.732,-2.4388,-0.7071,-0.8662,-2.4744,-0.6786,-2.4417,-0.702,0.2485,FOLLOW_TURN
17.752,-2.439,-0.7069,-0.8788,-2.4744,-0.6786,-2.4417,-0.702,0.2486,FOLLOW_TURN
17.772,-2.4391,-0.7067,-0.891,-2.4744,-0.6786,-2.4417,-0.702,0.2487,FOLLOW_TURN
17.792,-2.4392,-0.7066,-0.9026,-2.4744,-0.6786,-2.4417,-0.702,0.2487,FOLLOW_TURN
17.812,-2.4394,-0.7063,-0.9138,-2.4744,-0.6786,-2.4417,-0.702,0.2489,FOLLOW_TURN
17.832,-2.4397,-0.706,-0.9245,-2.4744,-0.6786,-2.4417,-0.702,0.2492,FOLLOW_TURN
17.852,-2.4399,-0.7057,-0.9347,-2.4744,-0.6786,-2.4417,-0.702,0.2495,FOLLOW_TURN
17.872,-2.4401,-0.7054,-0.9445,-2.4744,-0.6786,-2.4417,-0.702,0.2497,FOLLOW_TURN
17.892,-2.4403,-0.7052,-0.9537,-2.4744,-0.6786,-2.4417,-0.702,0.2499,FOLLOW_TURN
17.912,-2.4406,-0.7048,-0.9625,-2.4744,-0.6786,-2.4417,-0.702,0.2503,FOLLOW_TURN
17.932,-2.4409,-0.7043,-0.9708,-2.4744,-0.6786,-2.4417,-0.702,0.2507,FOLLOW_TURN
17.952,-2.4412,-0.7039,-0.9787,-2.4744,-0.6786,-2.4417,-0.702,0.2512,FOLLOW_TURN
17.972,-2.4415,-0.7034,-0.9861,-2.4744,-0.6786,-2.4417,-0.702,0.2515,FOLLOW_TURN
17.992,-2.4418,-0.7031,-0.993,-2.4744,-0.6786,-2.4417,-0.702,0.2519,FOLLOW_TURN
18.012,-2.4421,-0.7025,-0.9994,-2.4744,-0.6786,-2.4417,-0.702,0.2524,FOLLOW_TURN
18.032,-2.4425,-0.7019,-1.0054,-2.4744,-0.6786,-2.4417,-0.702,0.253,FOLLOW_TURN
18.052,-2.4429,-0.7013,-1.0109,-2.4744,-0.6786,-2.4417,-0.702,0.2536,FOLLOW_TURN
18.072,-2.4433,-0.7008,-1.0159,-2.4744,-0.6786,-2.4417,-0.702,0.2541,FOLLOW_TURN
18.092,-2.4436,-0.7003,-1.0205,-2.4744,-0.6786,-2.4417,-0.702,0.2547,FOLLOW_TURN
18.112,-2.444,-0.6996,-1.0246,-2.4744,-0.6786,-2.4417,-0.702,0.2553,FOLLOW_TURN
18.132,-2.4445,-0.6988,-1.0282,-2.4744,-0.6786,-2.4417,-0.702,0.2561,FOLLOW_TURN
18.152,-2.4449,-0.6981,-1.0314,-2.4744,-0.6786,-2.4417,-0.702,0.2568,FOLLOW_TURN
18.172,-2.4453,-0.6974,-1.0341,-2.4744,-0.6786,-2.4417,-0.702,0.2575,FOLLOW_TURN
18.192,-2.4457,-0.6968,-1.0363,-2.4744,-0.6786,-2.4417,-0.702,0.2582,FOLLOW_TURN
18.212,-2.4462,-0.696,-1.0381,-2.4744,-0.6786,-2.4417,-0.702,0.2591,FOLLOW_TURN
18.232,-2.4467,-0.6951,-1.0394,-2.4744,-0.6786,-2.4417,-0.702,0.26,FOLLOW_TURN
18.252,-2.4472,-0.6942,-1.0402,-2.4744,-0.6786,-2.4417,-0.702,0.2609,FOLLOW_TURN
18.272,-2.4477,-0.6934,-1.0406,-2.4744,-0.6786,-2.4417,-0.702,0.2618,FOLLOW_TURN
18.292,-2.4482,-0.6926,-1.0405,-2.4744,-0.6786,-2.4417,-0.702,0.2626,FOLLOW_TURN
18.312,-2.4487,-0.6918,-1.0399,-2.4744,-0.6786,-2.4417,-0.702,0.2635,FOLLOW_TURN
18.332,-2.4491,-0.691,-1.0389,-2.4744,-0.6786,-2.4417,-0.702,0.2643,FOLLOW_TURN
18.352,-2.4495,-0.6903,-1.0375,-2.4744,-0.6786,-2.4417,-0.702,0.2651,FOLLOW_TURN
18.372,-2.45,-0.6896,-1.0355,-2.4744,-0.6786,-2.4417,-0.702,0.2659,FOLLOW_TURN
18.392,-2.4504,-0.6889,-1.0332,-2.4744,-0.6786,-2.4417,-0.702,0.2666,FOLLOW_TURN
18.412,-2.4508,-0.6882,-1.0303,-2.4744,-0.6786,-2.4417,-0.702,0.2674,FOLLOW_TURN
18.432,-2.4511,-0.6876,-1.027,-2.4744,-0.6786,-2.4417,-0.702,0.2681,FOLLOW_TURN
18.452,-2.4515,-0.687,-1.0233,-2.4744,-0.6786,-2.4417,-0.702,0.2688,FOLLOW_TURN
18.472,-2.4518,-0.6865,-1.0191,-2.4744,-0.6786,-2.4417,-0.702,0.2694,FOLLOW_TURN
18.492,-2.4522,-0.6859,-1.0144,-2.4744,-0.6786,-2.4417,-0.702,0.2701,FOLLOW_TURN
18.512,-2.4525,-0.6854,-1.0093,-2.4744,-0.6786,-2.4417,-0.702,0.2707,FOLLOW_TURN
18.532,-2.4528,-0.6849,-1.0037,-2.4744,-0.6786,-2.4417,-0.702,0.2713,FOLLOW_TURN
18.552,-2.4531,-0.6845,-0.9976,-2.4744,-0.6786,-2.4417,-0.702,0.2718,FOLLOW_TURN
18.572,-2.4533,-0.6841,-0.9911,-2.4744,-0.6786,-2.4417,-0.702,0.2724,FOLLOW_TURN
18.592,-2.4536,-0.6837,-0.9841,-2.4744,-0.6786,-2.4417,-0.702,0.2729,FOLLOW_TURN
18.612,-2.4536,-0.6837,-0.9767,-2.4742,-0.6787,-2.4417,-0.702,0.2729,FOLLOW_ARC
18.632,-2.4533,-0.6841,-0.969,-2.4742,-0.6787,-2.4417,-0.702,0.2726,FOLLOW_ARC
18.652,-2.4528,-0.6848,-0.961,-2.4737,-0.679,-2.4417,-0.702,0.2718,FOLLOW_ARC
18.672,-2.4523,-0.6856,-0.953,-2.473,-0.6796,-2.4417,-0.702,0.271,FOLLOW_ARC
18.692,-2.4517,-0.6863,-0.945,-2.4721,-0.6801,-2.4417,-0.702,0.2702,FOLLOW_ARC
18.712,-2.451,-0.6872,-0.9372,-2.4713,-0.6807,-2.4401,-0.7042,0.2692,FOLLOW_ARC
18.732,-2.4501,-0.6884,-0.9299,-2.4703,-0.6813,-2.4401,-0.7042,0.2678,FOLLOW_ARC
18.752,-2.4489,-0.6899,-0.9232,-2.469,-0.6822,-2.4401,-0.7042,0.2661,FOLLOW_ARC
18.772,-2.4477,-0.6914,-0.917,-2.4675,-0.6832,-2.4401,-0.7042,0.2643,FOLLOW_ARC
18.792,-2.4466,-0.6929,-0.9112,-2.466,-0.6842,-2.4401,-0.7042,0.2625,FOLLOW_ARC
18.812,-2.4453,-0.6945,-0.9059,-2.4645,-0.6851,-2.4357,-0.7101,0.2606,FOLLOW_ARC
18.832,-2.444,-0.6962,-0.9011,-2.4629,-0.6861,-2.4357,-0.7101,0.2586,FOLLOW_ARC
18.852,-2.4427,-0.6979,-0.8967,-2.4614,-0.6871,-2.4357,-0.7101,0.2566,FOLLOW_ARC
18.872,-2.4414,-0.6995,-0.8929,-2.4599,-0.688,-2.4357,-0.7101,0.2547,FOLLOW_ARC
18.892,-2.4401,-0.7011,-0.8895,-2.4584,-0.689,-2.4357,-0.7101,0.2527,FOLLOW_ARC
18.912,-2.4387,-0.7028,-0.8866,-2.4569,-0.69,-2.429,-0.7186,0.2506,FOLLOW_ARC
18.932,-2.4372,-0.7046,-0.8841,-2.4554,-0.691,-2.429,-0.7186,0.2484,FOLLOW_ARC
18.952,-2.4358,-0.7063,-0.8822,-2.4538,-0.6919,-2.429,-0.7186,0.2463,FOLLOW_ARC
18.972,-2.4344,-0.708,-0.8807,-2.4508,-0.6939,-2.429,-0.7186,0.2442,FOLLOW_ARC
18.992,-2.433,-0.7097,-0.8797,-2.4508,-0.6939,-2.429,-0.7186,0.242,FOLLOW_ARC
19.012,-2.4326,-0.7102,-0.879,-2.4493,-0.6949,-2.429,-0.7186,0.2415,FOLLOW_ARC
19.032,-2.4326,-0.7102,-0.8789,-2.4492,-0.695,-2.429,-0.7186,0.2415,FOLLOW_ARC
19.052,-2.4326,-0.7103,-0.8789,-2.4492,-0.695,-2.4245,-0.7241,0.2414,FOLLOW_TURN
19.072,-2.4326,-0.7103,-0.8789,-2.4492,-0.695,-2.4245,-0.7241,0.2414,FOLLOW_TURN
19.092,-2.4326,-0.7103,-0.8789,-2.4492,-0.695,-2.4245,-0.7241,0.2414,FOLLOW_TURN
19.112,-2.4327,-0.7102,-0.8787,-2.4492,-0.695,-2.4232,-0.7256,0.2415,FOLLOW_TURN
19.132,-2.4329,-0.71,-0.8779,-2.4492,-0.695,-2.4232,-0.7256,0.2418,FOLLOW_TURN
19.152,-2.433,-0.7098,-0.8767,-2.4492,-0.695,-2.4232,-0.7256,0.242,FOLLOW_TURN
19.172,-2.4331,-0.7096,-0.8751,-2.4492,-0.695,-2.4232,-0.7256,0.2423,FOLLOW_TURN
19.192,-2.4332,-0.7095,-0.8729,-2.4492,-0.695,-2.4232,-0.7256,0.2424,FOLLOW_TURN
19.212,-2.4335,-0.7092,-0.8703,-2.4492,-0.695,-2.4232,-0.7256,0.2428,FOLLOW_TURN
19.232,-2.4337,-0.7089,-0.8672,-2.4492,-0.695,-2.4232,-0.7256,0.2432,FOLLOW_TURN
19.252,-2.434,-0.7086,-0.8636,-2.4492,-0.695,-2.4232,-0.7256,0.2436,FOLLOW_TURN
19.272,-2.4342,-0.7084,-0.8596,-2.4492,-0.695,-2.4232,-0.7256,0.244,FOLLOW_TURN
19.292,-2.4344,-0.7081,-0.855,-2.4492,-0.695,-2.4232,-0.7256,0.2443,FOLLOW_TURN
19.312,-2.4347,-0.7078,-0.85,-2.4492,-0.695,-2.4232,-0.7256,0.2448,FOLLOW_TURN
19.332,-2.4351,-0.7073,-0.8445,-2.4492,-0.695,-2.4232,-0.7256,0.2454,FOLLOW_TURN
19.352,-2.4355,-0.7069,-0.8385,-2.4492,-0.695,-2.4232,-0.7256,0.246,FOLLOW_TURN
19.372,-2.4358,-0.7066,-0.8321,-2.4492,-0.695,-2.4232,-0.7256,0.2465,FOLLOW_TURN
19.392,-2.4361,-0.7062,-0.8251,-2.4492,-0.695,-2.4232,-0.7256,0.247,FOLLOW_TURN
19.412,-2.4364,-0.7059,-0.8177,-2.4492,-0.695,-2.4232,-0.7256,0.2475,FOLLOW_TURN
19.432,-2.4367,-0.7056,-0.8099,-2.4492,-0.695,-2.4232,-0.7256,0.2479,FOLLOW_TURN
19.452,-2.4369,-0.7053,-0.8015,-2.4492,-0.695,-2.4232,-0.7256,0.2484,FOLLOW_TURN
19.472,-2.4372,-0.7051,-0.7927,-2.4492,-0.695,-2.4232,-0.7256,0.2487,FOLLOW_TURN
19.492,-2.4374,-0.7049,-0.7834,-2.4492,-0.695,-2.4232,-0.7256,0.2491,FOLLOW_TURN
19.512,-2.4376,-0.7047,-0.7737,-2.4492,-0.695,-2.4232,-0.7256,0.2494,FOLLOW_TURN
19.532,-2.4377,-0.7045,-0.7634,-2.4492,-0.695,-2.4232,-0.7256,0.2497,FOLLOW_TURN
19.552,-2.4379,-0.7044,-0.7527,-2.4492,-0.695,-2.4232,-0.7256,0.2499,FOLLOW_TURN
19.572,-2.438,-0.7043,-0.7416,-2.4492,-0.695,-2.4232,-0.7256,0.2502,FOLLOW_TURN
19.59,-2.4381,-0.7042,-0.7299,-2.4492,-0.695,-2.4232,-0.7256,0.2503,FOLLOW_TURN
19.612,-2.4382,-0.7041,-0.7179,-2.4492,-0.695,-2.4232,-0.7256,0.2505,FOLLOW_TURN
19.632,-2.4382,-0.704,-0.7059,-2.4492,-0.695,-2.4232,-0.7256,0.2506,FOLLOW_TURN
19.652,-2.4383,-0.704,-0.6939,-2.4492,-0.695,-2.4232,-0.7256,0.2508,FOLLOW_TURN
19.672,-2.4384,-0.7039,-0.6819,-2.4492,-0.695,-2.4232,-0.7256,0.2509,FOLLOW_TURN
19.692,-2.4385,-0.7038,-0.6699,-2.4492,-0.695,-2.4232,-0.7256,0.2511,FOLLOW_TURN
19.712,-2.4386,-0.7037,-0.6579,-2.4492,-0.695,-2.4232,-0.7256,0.2512,FOLLOW_TURN
19.732,-2.4387,-0.7037,-0.6459,-2.4492,-0.695,-2.4232,-0.7256,0.2513,FOLLOW_TURN
19.752,-2.4387,-0.7036,-0.6339,-2.4492,-0.695,-2.4232,-0.7256,0.2514,FOLLOW_TURN
19.772,-2.4388,-0.7035,-0.6219,-2.4492,-0.695,-2.4232,-0.7256,0.2516,FOLLOW_TURN
19.792,-2.4389,-0.7035,-0.6099,-2.4492,-0.695,-2.4232,-0.7256,0.2517,FOLLOW_TURN
19.812,-2.439,-0.7034,-0.5979,-2.4492,-0.695,-2.4232,-0.7256,0.2518,FOLLOW_TURN
19.832,-2.4391,-0.7034,-0.5859,-2.4492,-0.695,-2.4232,-0.7256,0.2519,FOLLOW_TURN
19.852,-2.4392,-0.7033,-0.5739,-2.4492,-0.695,-2.4232,-0.7256,0.252,FOLLOW_TURN
19.872,-2.4393,-0.7032,-0.5619,-2.4492,-0.695,-2.4232,-0.7256,0.2521,FOLLOW_TURN
19.892,-2.4393,-0.7032,-0.5499,-2.4492,-0.695,-2.4232,-0.7256,0.2522,FOLLOW_TURN
19.912,-2.4394,-0.7031,-0.5379,-2.4492,-0.695,-2.4232,-0.7256,0.2523,FOLLOW_TURN
19.932,-2.4395,-0.7031,-0.5259,-2.4492,-0.695,-2.4232,-0.7256,0.2524,FOLLOW_TURN
19.952,-2.4396,-0.703,-0.5139,-2.4492,-0.695,-2.4232,-0.7256,0.2524,FOLLOW_TURN
19.972,-2.4397,-0.7029,-0.5019,-2.4492,-0.695,-2.4232,-0.7256,0.2525,FOLLOW_TURN
19.992,-2.4398,-0.7029,-0.4899,-2.4492,-0.695,-2.4232,-0.7256,0.2526,FOLLOW_TURN
20.012,-2.4399,-0.7028,-0.4779,-2.4492,-0.695,-2.4232,-0.7256,0.2527,FOLLOW_TURN
20.032,-2.44,-0.7028,-0.4659,-2.4492,-0.695,-2.4232,-0.7256,0.2527,FOLLOW_TURN
20.052,-2.4401,-0.7027,-0.4539,-2.4492,-0.695,-2.4232,-0.7256,0.2528,FOLLOW_TURN
20.072,-2.4402,-0.7027,-0.4419,-2.4492,-0.695,-2.4232,-0.7256,0.2528,FOLLOW_TURN
20.092,-2.4403,-0.7026,-0.4299,-2.4492,-0.695,-2.4232,-0.7256,0.2529,FOLLOW_TURN
20.112,-2.4404,-0.7026,-0.4179,-2.4492,-0.695,-2.4232,-0.7256,0.2529,FOLLOW_TURN
20.132,-2.4405,-0.7025,-0.4059,-2.4492,-0.695,-2.4232,-0.7256,0.253,FOLLOW_TURN
20.152,-2.4406,-0.7025,-0.3939,-2.4492,-0.695,-2.4232,-0.7256,0.253,FOLLOW_TURN
20.172,-2.4407,-0.7025,-0.3819,-2.4492,-0.695,-2.4232,-0.7256,0.253,FOLLOW_TURN
20.192,-2.4408,-0.7024,-0.3699,-2.4492,-0.695,-2.4232,-0.7256,0.2531,FOLLOW_TURN
20.212,-2.4409,-0.7024,-0.3579,-2.4492,-0.695,-2.4232,-0.7256,0.2531,FOLLOW_TURN
20.232,-2.441,-0.7023,-0.3459,-2.4492,-0.695,-2.4232,-0.7256,0.2531,FOLLOW_TURN
20.252,-2.4411,-0.7023,-0.3339,-2.4492,-0.695,-2.4232,-0.7256,0.2531,FOLLOW_TURN
20.272,-2.4412,-0.7022,-0.3219,-2.4492,-0.695,-2.4232,-0.7256,0.2531,FOLLOW_TURN
20.292,-2.4413,-0.7022,-0.3099,-2.4492,-0.695,-2.4232,-0.7256,0.2531,FOLLOW_TURN
20.312,-2.4414,-0.7022,-0.2979,-2.4492,-0.695,-2.4232,-0.7256,0.2531,FOLLOW_TURN
20.332,-2.4415,-0.7021,-0.2859,-2.4492,-0.695,-2.4232,-0.7256,0.2531,FOLLOW_TURN
20.352,-2.4416,-0.7021,-0.2739,-2.4492,-0.695,-2.4232,-0.7256,0.2531,FOLLOW_TURN
20.372,-2.4417,-0.7021,-0.2619,-2.4492,-0.695,-2.4232,-0.7256,0.2531,FOLLOW_TURN
20.392,-2.4418,-0.702,-0.2499,-2.4492,-0.695,-2.4232,-0.7256,0.2531,FOLLOW_TURN
20.412,-2.4419,-0.702,-0.2379,-2.4492,-0.695,-2.4232,-0.7256,0.2531,FOLLOW_TURN
20.432,-2.442,-0.702,-0.2259,-2.4492,-0.695,-2.4232,-0.7256,0.2531,FOLLOW_TURN
20.452,-2.4421,-0.702,-0.2139,-2.4492,-0.695,-2.4232,-0.7256,0.253,FOLLOW_TURN
20.472,-2.4422,-0.7019,-0.2019,-2.4492,-0.695,-2.4232,-0.7256,0.253,FOLLOW_TURN
20.492,-2.4423,-0.7019,-0.1899,-2.4492,-0.695,-2.4232,-0.7256,0.253,FOLLOW_TURN
20.512,-2.4424,-0.7019,-0.1779,-2.4492,-0.695,-2.4232,-0.7256,0.2529,FOLLOW_TURN
20.532,-2.4425,-0.7019,-0.1659,-2.4492,-0.695,-2.4232,-0.7256,0.2529,FOLLOW_TURN
20.552,-2.4426,-0.7018,-0.1539,-2.4492,-0.695,-2.4232,-0.7256,0.2528,FOLLOW_TURN
20.572,-2.4427,-0.7018,-0.1419,-2.4492,-0.695,-2.4232,-0.7256,0.2528,FOLLOW_TURN
20.592,-2.4428,-0.7018,-0.1299,-2.4492,-0.695,-2.4232,-0.7256,0.2527,FOLLOW_TURN
20.612,-2.4429,-0.7018,-0.1179,-2.4492,-0.695,-2.4232,-0.7256,0.2526,FOLLOW_TURN
20.632,-2.443,-0.7018,-0.1059,-2.4492,-0.695,-2.4232,-0.7256,0.2526,FOLLOW_TURN
20.652,-2.4432,-0.7018,-0.0939,-2.4492,-0.695,-2.4232,-0.7256,0.2525,FOLLOW_TURN
20.672,-2.4433,-0.7018,-0.0819,-2.4492,-0.695,-2.4232,-0.7256,0.2524,FOLLOW_TURN
20.692,-2.4434,-0.7017,-0.0699,-2.4492,-0.695,-2.4232,-0.7256,0.2523,FOLLOW_TURN
20.712,-2.4435,-0.7017,-0.0579,-2.4492,-0.695,-2.4232,-0.7256,0.2522,FOLLOW_TURN
20.732,-2.4436,-0.7017,-0.0459,-2.4492,-0.695,-2.4232,-0.7256,0.2521,FOLLOW_TURN
20.752,-2.4437,-0.7017,-0.0339,-2.4492,-0.695,-2.4232,-0.7256,0.252,FOLLOW_TURN
20.772,-2.4438,-0.7017,-0.0219,-2.4492,-0.695,-2.4232,-0.7256,0.2519,FOLLOW_TURN
20.792,-2.4439,-0.7017,-0.0099,-2.4492,-0.695,-2.4232,-0.7256,0.2518,FOLLOW_TURN
20.812,-2.444,-0.7017,0.0021,-2.4492,-0.695,-2.4232,-0.7256,0.2517,FOLLOW_TURN
20.832,-2.4441,-0.7017,0.0141,-2.4492,-0.695,-2.4232,-0.7256,0.2516,FOLLOW_TURN
20.852,-2.4442,-0.7017,0.0261,-2.4492,-0.695,-2.4232,-0.7256,0.2515,FOLLOW_TURN
20.872,-2.4443,-0.7017,0.0381,-2.4492,-0.695,-2.4232,-0.7256,0.2514,FOLLOW_TURN
20.892,-2.4444,-0.7017,0.0501,-2.4492,-0.695,-2.4232,-0.7256,0.2512,FOLLOW_TURN
20.912,-2.4446,-0.7017,0.0621,-2.4492,-0.695,-2.4232,-0.7256,0.2511,FOLLOW_TURN
20.932,-2.4447,-0.7017,0.0741,-2.4492,-0.695,-2.4232,-0.7256,0.251,FOLLOW_TURN
20.952,-2.4448,-0.7017,0.0861,-2.4492,-0.695,-2.4232,-0.7256,0.2508,FOLLOW_TURN
20.972,-2.4449,-0.7017,0.0981,-2.4492,-0.695,-2.4232,-0.7256,0.2507,FOLLOW_TURN
20.992,-2.445,-0.7017,0.1101,-2.4492,-0.695,-2.4232,-0.7256,0.2505,FOLLOW_TURN
21.012,-2.445,-0.7017,0.1219,-2.4492,-0.695,-2.4232,-0.7256,0.2503,FOLLOW_TURN
21.032,-2.4446,-0.7016,0.1333,-2.449,-0.6949,-2.4232,-0.7256,0.2499,FOLLOW
21.052,-2.444,-0.7014,0.1443,-2.4485,-0.6946,-2.4232,-0.7256,0.2492,FOLLOW
21.072,-2.443,-0.7013,0.1548,-2.4477,-0.6942,-2.4232,-0.7256,0.2482,FOLLOW
21.092,-2.442,-0.7011,0.165,-2.4468,-0.6937,-2.4232,-0.7256,0.2472,FOLLOW
21.112,-2.4408,-0.7008,0.1748,-2.446,-0.6932,-2.4205,-0.7253,0.2461,FOLLOW
21.132,-2.4393,-0.7005,0.1841,-2.445,-0.6926,-2.4205,-0.7253,0.2448,FOLLOW
21.152,-2.4375,-0.7001,0.193,-2.4436,-0.6918,-2.4205,-0.7253,0.2434,FOLLOW
21.172,-2.4354,-0.6996,0.2015,-2.4419,-0.6908,-2.4205,-0.7253,0.2416,FOLLOW
21.192,-2.4332,-0.6991,0.2096,-2.4402,-0.6897,-2.4205,-0.7253,0.2398,FOLLOW
21.212,-2.4309,-0.6986,0.2172,-2.4385,-0.6887,-2.413,-0.7238,0.238,FOLLOW
21.232,-2.4282,-0.6979,0.2244,-2.4367,-0.6875,-2.413,-0.7238,0.236,FOLLOW
21.252,-2.4253,-0.6971,0.2312,-2.432,-0.6847,-2.413,-0.7238,0.2338,FOLLOW
21.272,-2.4221,-0.6964,0.2375,-2.432,-0.6847,-2.413,-0.7238,0.2314,FOLLOW
21.292,-2.4189,-0.6956,0.2435,-2.4271,-0.6816,-2.413,-0.7238,0.229,FOLLOW
21.312,-2.4156,-0.6947,0.249,-2.4271,-0.6816,-2.398,-0.7203,0.2266,FOLLOW
21.332,-2.4122,-0.6939,0.254,-2.4222,-0.6786,-2.398,-0.7203,0.2241,FOLLOW
21.352,-2.4088,-0.693,0.2587,-2.4198,-0.6772,-2.398,-0.7203,0.2217,FOLLOW
21.372,-2.4054,-0.6921,0.263,-2.4198,-0.6772,-2.398,-0.7203,0.2193,FOLLOW
21.392,-2.4021,-0.6912,0.2668,-2.4173,-0.6757,-2.398,-0.7203,0.217,FOLLOW
21.412,-2.3988,-0.6902,0.2703,-2.4148,-0.6742,-2.3868,-0.7174,0.2147,FOLLOW
21.432,-2.3954,-0.6893,0.2733,-2.4122,-0.6726,-2.3868,-0.7174,0.2124,FOLLOW
21.452,-2.392,-0.6883,0.2759,-2.4094,-0.671,-2.3868,-0.7174,0.2101,FOLLOW
21.472,-2.3886,-0.6874,0.2781,-2.4067,-0.6694,-2.3868,-0.7174,0.2079,FOLLOW
21.492,-2.3852,-0.6864,0.2798,-2.404,-0.6678,-2.3868,-0.7174,0.2057,FOLLOW
21.512,-2.3819,-0.6855,0.2812,-2.4012,-0.6662,-2.3719,-0.7133,0.2035,FOLLOW
21.532,-2.3787,-0.6845,0.2821,-2.3984,-0.6646,-2.3719,-0.7133,0.2015,FOLLOW
21.552,-2.3754,-0.6836,0.2827,-2.3957,-0.6631,-2.3719,-0.7133,0.1994,FOLLOW
21.572,-2.3722,-0.6826,0.2828,-2.3929,-0.6615,-2.3719,-0.7133,0.1974,FOLLOW
21.592,-2.369,-0.6817,0.2825,-2.3874,-0.6583,-2.3567,-0.7089,0.1955,FOLLOW
21.612,-2.3658,-0.6808,0.2822,-2.3874,-0.6583,-2.3567,-0.7089,0.1935,FOLLOW
21.632,-2.3624,-0.6798,0.2822,-2.3845,-0.6567,-2.3567,-0.7089,0.1914,FOLLOW
21.652,-2.3589,-0.6788,0.2824,-2.3814,-0.6549,-2.3567,-0.7089,0.1894,FOLLOW
21.672,-2.3555,-0.6778,0.2827,-2.3783,-0.6532,-2.3567,-0.7089,0.1873,FOLLOW
21.692,-2.3521,-0.6768,0.2829,-2.3752,-0.6514,-2.3567,-0.7089,0.1853,FOLLOW
21.712,-2.3487,-0.6758,0.2831,-2.3721,-0.6497,-2.3401,-0.7041,0.1833,FOLLOW
21.732,-2.3453,-0.6748,0.2833,-2.369,-0.6479,-2.3401,-0.7041,0.1813,FOLLOW
21.752,-2.3419,-0.6738,0.2835,-2.3659,-0.6462,-2.3401,-0.7041,0.1793,FOLLOW
21.772,-2.3385,-0.6728,0.2838,-2.3628,-0.6444,-2.3401,-0.7041,0.1774,FOLLOW
21.792,-2.3351,-0.6718,0.284,-2.3597,-0.6427,-2.3401,-0.7041,0.1755,FOLLOW
21.812,-2.3319,-0.6709,0.2844,-2.3566,-0.6409,-2.3231,-0.6991,0.1737,FOLLOW
21.832,-2.3288,-0.67,0.2852,-2.3537,-0.6393,-2.3231,-0.6991,0.1719,FOLLOW
21.852,-2.3257,-0.6691,0.2865,-2.3509,-0.6377,-2.3231,-0.6991,0.1702,FOLLOW
21.872,-2.3225,-0.6682,0.288,-2.348,-0.636,-2.3231,-0.6991,0.1685,FOLLOW
21.892,-2.3194,-0.6673,0.2896,-2.3452,-0.6344,-2.3231,-0.6991,0.1667,FOLLOW
21.912,-2.3163,-0.6663,0.2911,-2.3423,-0.6328,-2.307,-0.6944,0.165,FOLLOW
21.932,-2.3131,-0.6654,0.2927,-2.3395,-0.6311,-2.307,-0.6944,0.1634,FOLLOW
21.952,-2.31,-0.6644,0.2943,-2.3366,-0.6295,-2.307,-0.6944,0.1617,FOLLOW
21.972,-2.3069,-0.6635,0.2958,-2.3338,-0.6278,-2.307,-0.6944,0.1601,FOLLOW
21.992,-2.3037,-0.6625,0.2974,-2.331,-0.6262,-2.307,-0.6944,0.1584,FOLLOW
22.012,-2.3009,-0.6617,0.2992,-2.3281,-0.6245,-2.2913,-0.6896,0.157,FOLLOW
22.032,-2.2981,-0.6608,0.3013,-2.323,-0.6215,-2.2913,-0.6896,0.1556,FOLLOW
22.052,-2.2954,-0.6599,0.304,-2.323,-0.6215,-2.2913,-0.6896,0.1542,FOLLOW
22.072,-2.2926,-0.6591,0.307,-2.3204,-0.6199,-2.2913,-0.6896,0.1527,FOLLOW
22.092,-2.2898,-0.6582,0.3101,-2.3154,-0.6169,-2.2768,-0.6851,0.1513,FOLLOW
22.112,-2.287,-0.6573,0.3133,-2.3154,-0.6169,-2.2768,-0.6851,0.15,FOLLOW
22.132,-2.2842,-0.6564,0.3165,-2.3103,-0.6138,-2.2768,-0.6851,0.1486,FOLLOW
22.152,-2.2814,-0.6554,0.3196,-2.3103,-0.6138,-2.2768,-0.6851,0.1473,FOLLOW
22.172,-2.2786,-0.6545,0.3228,-2.3078,-0.6122,-2.2768,-0.6851,0.146,FOLLOW
22.192,-2.2758,-0.6536,0.3259,-2.3053,-0.6106,-2.2768,-0.6851,0.1447,FOLLOW
22.212,-2.2732,-0.6527,0.3293,-2.3027,-0.609,-2.2627,-0.6805,0.1435,FOLLOW
22.232,-2.2706,-0.6518,0.3331,-2.3004,-0.6075,-2.2627,-0.6805,0.1423,FOLLOW
22.252,-2.2679,-0.6509,0.337,-2.298,-0.606,-2.2627,-0.6805,0.1411,FOLLOW
22.272,-2.2653,-0.6499,0.3409,-2.2956,-0.6045,-2.2627,-0.6805,0.14,FOLLOW
22.292,-2.2627,-0.649,0.3448,-2.2933,-0.603,-2.2627,-0.6805,0.1389,FOLLOW
22.312,-2.2601,-0.6481,0.3488,-2.2909,-0.6014,-2.2492,-0.6759,0.1378,FOLLOW
22.332,-2.2575,-0.6471,0.3527,-2.2885,-0.5999,-2.2492,-0.6759,0.1367,FOLLOW
22.352,-2.2549,-0.6461,0.3566,-2.2862,-0.5983,-2.2492,-0.6759,0.1356,FOLLOW
22.372,-2.2523,-0.6452,0.3605,-2.2839,-0.5967,-2.2492,-0.6759,0.1346,FOLLOW
22.392,-2.2497,-0.6442,0.3644,-2.2815,-0.5951,-2.2492,-0.6759,0.1336,FOLLOW
22.412,-2.2472,-0.6432,0.3685,-2.2792,-0.5936,-2.236,-0.671,0.1327,FOLLOW
22.432,-2.2447,-0.6423,0.3731,-2.2748,-0.5905,-2.236,-0.671,0.1317,FOLLOW
22.452,-2.2423,-0.6413,0.3777,-2.2748,-0.5905,-2.236,-0.671,0.1308,FOLLOW
22.472,-2.2398,-0.6403,0.3823,-2.2726,-0.5889,-2.236,-0.671,0.13,FOLLOW
22.492,-2.2374,-0.6393,0.3868,-2.2704,-0.5874,-2.236,-0.671,0.1291,FOLLOW
22.512,-2.2349,-0.6383,0.3914,-2.2682,-0.5858,-2.2233,-0.6661,0.1283,FOLLOW
22.532,-2.2325,-0.6373,0.396,-2.2661,-0.5843,-2.2233,-0.6661,0.1275,FOLLOW
22.552,-2.2301,-0.6363,0.4006,-2.2639,-0.5827,-2.2233,-0.6661,0.1267,FOLLOW
22.572,-2.2276,-0.6353,0.4052,-2.2617,-0.5811,-2.2233,-0.6661,0.126,FOLLOW
22.592,-2.2252,-0.6342,0.4098,-2.2596,-0.5795,-2.2233,-0.6661,0.1253,FOLLOW
22.612,-2.2229,-0.6332,0.4146,-2.2575,-0.5779,-2.211,-0.6609,0.1246,FOLLOW
22.632,-2.2206,-0.6322,0.4198,-2.2554,-0.5763,-2.211,-0.6609,0.1239,FOLLOW
22.652,-2.2183,-0.6312,0.425,-2.2534,-0.5748,-2.211,-0.6609,0.1233,FOLLOW
22.672,-2.2161,-0.6301,0.4303,-2.2514,-0.5732,-2.211,-0.6609,0.1227,FOLLOW
22.692,-2.2138,-0.6291,0.4355,-2.2494,-0.5716,-2.211,-0.6609,0.1221,FOLLOW
22.712,-2.2115,-0.628,0.4407,-2.2474,-0.57,-2.1992,-0.6557,0.1215,FOLLOW
22.732,-2.2093,-0.6269,0.446,-2.2434,-0.5668,-2.1992,-0.6557,0.121,FOLLOW
22.752,-2.207,-0.6258,0.4512,-2.2434,-0.5668,-2.1992,-0.6557,0.1205,FOLLOW
22.772,-2.2047,-0.6247,0.4564,-2.2414,-0.5652,-2.1992,-0.6557,0.1201,FOLLOW
22.792,-2.2025,-0.6236,0.4616,-2.2394,-0.5636,-2.1992,-0.6557,0.1196,FOLLOW
22.812,-2.2002,-0.6225,0.4669,-2.2375,-0.5619,-2.1877,-0.6502,0.1192,FOLLOW
22.832,-2.198,-0.6214,0.4721,-2.2355,-0.5603,-2.1877,-0.6502,0.1188,FOLLOW
22.852,-2.1958,-0.6202,0.4773,-2.2317,-0.5569,-2.1877,-0.6502,0.1184,FOLLOW
22.872,-2.1936,-0.6191,0.4826,-2.2317,-0.5569,-2.1877,-0.6502,0.1181,FOLLOW
22.892,-2.1913,-0.6179,0.4878,-2.2297,-0.5553,-2.1877,-0.6502,0.1178,FOLLOW
22.912,-2.1891,-0.6167,0.4931,-2.2278,-0.5536,-2.1763,-0.6444,0.1175,FOLLOW
22.932,-2.1869,-0.6155,0.4983,-2.2259,-0.5519,-2.1763,-0.6444,0.1173,FOLLOW
22.952,-2.1847,-0.6143,0.5035,-2.224,-0.5502,-2.1763,-0.6444,0.117,FOLLOW
22.972,-2.1825,-0.6131,0.5088,-2.2203,-0.5467,-2.1763,-0.6444,0.1168,FOLLOW
22.992,-2.1804,-0.6119,0.514,-2.2203,-0.5467,-2.1763,-0.6444,0.1167,FOLLOW
23.012,-2.1782,-0.6106,0.5191,-2.2184,-0.545,-2.1651,-0.6383,0.1165,FOLLOW
23.032,-2.176,-0.6094,0.5242,-2.2165,-0.5432,-2.1651,-0.6383,0.1164,FOLLOW
23.052,-2.1738,-0.6081,0.5293,-2.2147,-0.5414,-2.1651,-0.6383,0.1163,FOLLOW
23.072,-2.1716,-0.6068,0.5344,-2.2128,-0.5396,-2.1651,-0.6383,0.1163,FOLLOW
23.092,-2.1694,-0.6055,0.5395,-2.2109,-0.5379,-2.1651,-0.6383,0.1162,FOLLOW
23.112,-2.1672,-0.6042,0.5446,-2.2091,-0.536,-2.1539,-0.6318,0.1163,FOLLOW
23.132,-2.1651,-0.6029,0.5497,-2.2073,-0.5342,-2.1539,-0.6318,0.1163,FOLLOW
23.152,-2.1629,-0.6015,0.5549,-2.2054,-0.5324,-2.1539,-0.6318,0.1163,FOLLOW
23.172,-2.1608,-0.6002,0.56,-2.2036,-0.5306,-2.1539,-0.6318,0.1164,FOLLOW
23.192,-2.1586,-0.5988,0.5651,-2.2018,-0.5287,-2.1539,-0.6318,0.1165,FOLLOW
23.212,-2.1566,-0.5975,0.5704,-2.2,-0.5269,-2.1429,-0.6251,0.1167,FOLLOW
23.232,-2.1545,-0.5962,0.5758,-2.1983,-0.5251,-2.1429,-0.6251,0.1168,FOLLOW
23.252,-2.1524,-0.5948,0.5813,-2.1966,-0.5232,-2.1429,-0.6251,0.117,FOLLOW
23.272,-2.1504,-0.5935,0.5868,-2.1931,-0.5196,-2.1429,-0.6251,0.1172,FOLLOW
23.292,-2.1483,-0.5921,0.5922,-2.1931,-0.5196,-2.1323,-0.6182,0.1174,FOLLOW
23.312,-2.1463,-0.5907,0.5977,-2.1898,-0.5159,-2.1323,-0.6182,0.1177,FOLLOW
23.332,-2.1443,-0.5894,0.6031,-2.1898,-0.5159,-2.1323,-0.6182,0.118,FOLLOW
23.352,-2.1423,-0.588,0.6086,-2.1881,-0.514,-2.1323,-0.6182,0.1183,FOLLOW
23.372,-2.1402,-0.5865,0.6141,-2.1864,-0.5121,-2.1323,-0.6182,0.1186,FOLLOW
23.392,-2.1382,-0.5851,0.6195,-2.1848,-0.5103,-2.122,-0.6111,0.119,FOLLOW
23.412,-2.1361,-0.5836,0.6248,-2.1831,-0.5084,-2.122,-0.6111,0.1194,FOLLOW
23.432,-2.134,-0.5821,0.6296,-2.1814,-0.5064,-2.122,-0.6111,0.1199,FOLLOW
23.452,-2.1319,-0.5805,0.6344,-2.1797,-0.5044,-2.122,-0.6111,0.1204,FOLLOW
23.472,-2.1299,-0.579,0.6392,-2.178,-0.5024,-2.122,-0.6111,0.121,FOLLOW
23.492,-2.1278,-0.5774,0.644,-2.1763,-0.5003,-2.122,-0.6111,0.1215,FOLLOW
23.512,-2.1257,-0.5759,0.6488,-2.1729,-0.4963,-2.1115,-0.6035,0.1221,FOLLOW
23.532,-2.1236,-0.5743,0.6536,-2.1729,-0.4963,-2.1115,-0.6035,0.1227,FOLLOW
23.552,-2.1216,-0.5727,0.6584,-2.1713,-0.4942,-2.1115,-0.6035,0.1234,FOLLOW
23.572,-2.1195,-0.5711,0.6632,-2.1696,-0.4921,-2.1115,-0.6035,0.124,FOLLOW
23.592,-2.1175,-0.5695,0.668,-2.168,-0.4901,-2.1115,-0.6035,0.1247,FOLLOW
23.612,-2.1154,-0.5679,0.6726,-2.1663,-0.488,-2.101,-0.5954,0.1255,FOLLOW
23.632,-2.1133,-0.5662,0.6771,-2.163,-0.4837,-2.101,-0.5954,0.1262,FOLLOW
23.652,-2.1113,-0.5645,0.6816,-2.1614,-0.4816,-2.101,-0.5954,0.127,FOLLOW
23.672,-2.1092,-0.5629,0.6861,-2.1614,-0.4816,-2.101,-0.5954,0.1279,FOLLOW
23.692,-2.1072,-0.5612,0.6907,-2.1582,-0.4773,-2.101,-0.5954,0.1287,FOLLOW
23.712,-2.1051,-0.5595,0.6952,-2.1582,-0.4773,-2.0905,-0.587,0.1296,FOLLOW
23.732,-2.1031,-0.5578,0.6997,-2.1565,-0.4751,-2.0905,-0.587,0.1305,FOLLOW
23.752,-2.1011,-0.5561,0.7042,-2.1549,-0.473,-2.0905,-0.587,0.1314,FOLLOW
23.772,-2.099,-0.5543,0.7087,-2.1534,-0.4708,-2.0905,-0.587,0.1324,FOLLOW
23.792,-2.097,-0.5526,0.7133,-2.1502,-0.4664,-2.0905,-0.587,0.1334,FOLLOW
23.812,-2.0949,-0.5508,0.7175,-2.1502,-0.4664,-2.0802,-0.5784,0.1344,FOLLOW
23.832,-2.0927,-0.5488,0.7213,-2.1486,-0.4641,-2.0802,-0.5784,0.1356,FOLLOW
23.852,-2.0906,-0.547,0.7249,-2.1469,-0.4617,-2.0802,-0.5784,0.1368,FOLLOW
23.872,-2.0884,-0.545,0.7284,-2.1452,-0.4594,-2.0802,-0.5784,0.138,FOLLOW
23.892,-2.0863,-0.5431,0.7319,-2.1436,-0.457,-2.0802,-0.5784,0.1392,FOLLOW
23.912,-2.0842,-0.5412,0.7354,-2.1419,-0.4546,-2.0695,-0.569,0.1404,FOLLOW
23.932,-2.082,-0.5393,0.7389,-2.1403,-0.4522,-2.0695,-0.569,0.1417,FOLLOW
23.952,-2.0799,-0.5374,0.7424,-2.1387,-0.4498,-2.0695,-0.569,0.143,FOLLOW
23.972,-2.0778,-0.5354,0.7459,-2.137,-0.4474,-2.0695,-0.569,0.1443,FOLLOW
23.992,-2.0757,-0.5335,0.7494,-2.1354,-0.445,-2.0695,-0.569,0.1457,FOLLOW
24.012,-2.0735,-0.5314,0.7527,-2.1338,-0.4426,-2.0588,-0.5592,0.1471,FOLLOW
24.032,-2.0713,-0.5293,0.7555,-2.1305,-0.4375,-2.0588,-0.5592,0.1486,FOLLOW
24.052,-2.0691,-0.5273,0.7583,-2.1305,-0.4375,-2.0588,-0.5592,0.1501,FOLLOW
24.072,-2.0669,-0.5252,0.7611,-2.1288,-0.435,-2.0588,-0.5592,0.1516,FOLLOW
24.092,-2.0647,-0.5231,0.7638,-2.1272,-0.4324,-2.0588,-0.5592,0.1532,FOLLOW
24.112,-2.0626,-0.521,0.7666,-2.1255,-0.4299,-2.0478,-0.5489,0.1548,FOLLOW
24.132,-2.0604,-0.5189,0.7694,-2.1239,-0.4273,-2.0478,-0.5489,0.1563,FOLLOW
24.152,-2.0582,-0.5168,0.7722,-2.1223,-0.4247,-2.0478,-0.5489,0.158,FOLLOW
24.172,-2.0561,-0.5147,0.7749,-2.1206,-0.4221,-2.0478,-0.5489,0.1596,FOLLOW
24.192,-2.0539,-0.5126,0.7777,-2.119,-0.4196,-2.0478,-0.5489,0.1613,FOLLOW
24.212,-2.0516,-0.5103,0.7802,-2.1174,-0.417,-2.0369,-0.5383,0.1631,FOLLOW
24.232,-2.0492,-0.5079,0.7823,-2.1157,-0.4142,-2.0369,-0.5383,0.165,FOLLOW
24.252,-2.0469,-0.5056,0.7838,-2.1139,-0.4114,-2.0369,-0.5383,0.1669,FOLLOW
24.272,-2.0445,-0.5032,0.7851,-2.1122,-0.4086,-2.0369,-0.5383,0.1689,FOLLOW
24.292,-2.0421,-0.5009,0.7864,-2.1104,-0.4057,-2.0369,-0.5383,0.1709,FOLLOW
24.312,-2.0398,-0.4985,0.7877,-2.1087,-0.4029,-2.0253,-0.5268,0.1729,FOLLOW
24.332,-2.0374,-0.4962,0.789,-2.1069,-0.4,-2.0253,-0.5268,0.1749,FOLLOW
24.352,-2.0351,-0.4938,0.7903,-2.1052,-0.3972,-2.0253,-0.5268,0.1769,FOLLOW
24.372,-2.0328,-0.4914,0.7916,-2.1035,-0.3943,-2.0253,-0.5268,0.1789,FOLLOW
24.392,-2.0304,-0.4891,0.7929,-2.1017,-0.3915,-2.0253,-0.5268,0.181,FOLLOW
24.412,-2.028,-0.4866,0.794,-2.1,-0.3886,-2.0136,-0.515,0.1832,FOLLOW
24.432,-2.0254,-0.484,0.7946,-2.0982,-0.3856,-2.0136,-0.515,0.1855,FOLLOW
24.452,-2.0229,-0.4814,0.7946,-2.0963,-0.3826,-2.0136,-0.515,0.1878,FOLLOW
24.472,-2.0204,-0.4789,0.7945,-2.0945,-0.3795,-2.0136,-0.515,0.1901,FOLLOW
24.492,-2.0179,-0.4763,0.7943,-2.0927,-0.3765,-2.0136,-0.515,0.1925,FOLLOW
24.512,-2.0154,-0.4738,0.7941,-2.0908,-0.3734,-2.0013,-0.5025,0.1948,FOLLOW
24.532,-2.0129,-0.4712,0.7939,-2.089,-0.3704,-2.0013,-0.5025,0.1972,FOLLOW
24.552,-2.0104,-0.4687,0.7937,-2.0871,-0.3673,-2.0013,-0.5025,0.1995,FOLLOW
24.572,-2.0079,-0.4662,0.7935,-2.0834,-0.3612,-2.0013,-0.5025,0.2019,FOLLOW
24.592,-2.0054,-0.4636,0.7933,-2.0834,-0.3612,-2.0013,-0.5025,0.2043,FOLLOW
24.612,-2.0032,-0.4614,0.7929,-2.0816,-0.3582,-1.9888,-0.4898,0.2065,FOLLOW
24.632,-2.001,-0.4592,0.7921,-2.0801,-0.3557,-1.9888,-0.4898,0.2086,FOLLOW
24.652,-1.9989,-0.457,0.7908,-2.0786,-0.3533,-1.9888,-0.4898,0.2107,FOLLOW
24.672,-1.9968,-0.4549,0.789,-2.0771,-0.3509,-1.9888,-0.4898,0.2128,FOLLOW
24.692,-1.9947,-0.4527,0.7867,-2.0756,-0.3485,-1.9888,-0.4898,0.2149,FOLLOW
24.712,-1.9926,-0.4507,0.784,-2.0741,-0.3461,-1.9783,-0.4791,0.217,FOLLOW
24.732,-1.9905,-0.4486,0.7808,-2.0726,-0.3437,-1.9783,-0.4791,0.219,FOLLOW
24.752,-1.9885,-0.4466,0.7771,-2.071,-0.3413,-1.9783,-0.4791,0.2211,FOLLOW
24.772,-1.9864,-0.4446,0.7733,-2.0679,-0.3365,-1.9783,-0.4791,0.2232,FOLLOW
24.792,-1.9844,-0.4426,0.7695,-2.0664,-0.3341,-1.9682,-0.4692,0.2252,FOLLOW
24.812,-1.9825,-0.4408,0.7655,-2.0664,-0.3341,-1.9682,-0.4692,0.2271,FOLLOW
24.832,-1.9806,-0.439,0.761,-2.065,-0.3321,-1.9682,-0.4692,0.2289,FOLLOW
24.852,-1.9788,-0.4373,0.7561,-2.0637,-0.3302,-1.9682,-0.4692,0.2308,FOLLOW
24.872,-1.977,-0.4356,0.7507,-2.0624,-0.3282,-1.9682,-0.4692,0.2326,FOLLOW
24.892,-1.9752,-0.4339,0.7448,-2.0597,-0.3243,-1.9682,-0.4692,0.2344,FOLLOW
24.912,-1.9734,-0.4323,0.7387,-2.0583,-0.3224,-1.9575,-0.459,0.2362,FOLLOW
24.932,-1.9716,-0.4306,0.7325,-2.0569,-0.3204,-1.9575,-0.459,0.238,FOLLOW
24.952,-1.9698,-0.429,0.7264,-2.0569,-0.3204,-1.9575,-0.459,0.2398,FOLLOW
24.972,-1.968,-0.4274,0.7202,-2.0555,-0.3185,-1.9575,-0.459,0.2415,FOLLOW
24.992,-1.9662,-0.4258,0.7141,-2.0541,-0.3166,-1.9575,-0.459,0.2433,FOLLOW
25.012,-1.9644,-0.4243,0.7078,-2.0527,-0.3147,-1.9504,-0.4527,0.245,FOLLOW
25.032,-1.9626,-0.4228,0.7012,-2.0513,-0.3129,-1.9504,-0.4527,0.2467,FOLLOW
25.052,-1.9608,-0.4212,0.6947,-2.0499,-0.3111,-1.9504,-0.4527,0.2485,FOLLOW
25.072,-1.9589,-0.4197,0.6882,-2.0485,-0.3092,-1.9504,-0.4527,0.2502,FOLLOW
25.092,-1.9571,-0.4183,0.6817,-2.0471,-0.3074,-1.9504,-0.4527,0.2519,FOLLOW
25.112,-1.9553,-0.4168,0.6752,-2.0456,-0.3056,-1.9416,-0.4452,0.2536,FOLLOW
25.132,-1.9534,-0.4153,0.6686,-2.0442,-0.3039,-1.9416,-0.4452,0.2553,FOLLOW
25.152,-1.9516,-0.4139,0.6621,-2.0427,-0.3021,-1.9416,-0.4452,0.2569,FOLLOW
25.172,-1.9497,-0.4124,0.6556,-2.0413,-0.3003,-1.9416,-0.4452,0.2586,FOLLOW
25.192,-1.9479,-0.411,0.6491,-2.0398,-0.2986,-1.9416,-0.4452,0.2603,FOLLOW
25.212,-1.9461,-0.4097,0.6424,-2.0383,-0.2968,-1.9326,-0.4381,0.2619,FOLLOW
25.232,-1.9443,-0.4084,0.6352,-2.0369,-0.2952,-1.9326,-0.4381,0.2634,FOLLOW
25.252,-1.9426,-0.4071,0.6276,-2.0356,-0.2937,-1.9326,-0.4381,0.265,FOLLOW
25.272,-1.9409,-0.4059,0.6199,-2.0342,-0.2921,-1.9326,-0.4381,0.2665,FOLLOW
25.292,-1.9391,-0.4046,0.6122,-2.0328,-0.2906,-1.9326,-0.4381,0.268,FOLLOW
25.312,-1.9374,-0.4034,0.6046,-2.0314,-0.2891,-1.924,-0.4318,0.2695,FOLLOW
25.332,-1.9356,-0.4022,0.5969,-2.03,-0.2876,-1.924,-0.4318,0.271,FOLLOW
25.352,-1.9339,-0.401,0.5892,-2.0286,-0.2861,-1.924,-0.4318,0.2725,FOLLOW
25.372,-1.9321,-0.3998,0.5816,-2.0272,-0.2846,-1.924,-0.4318,0.274,FOLLOW
25.392,-1.9303,-0.3987,0.5739,-2.0257,-0.2831,-1.924,-0.4318,0.2755,FOLLOW
25.412,-1.9284,-0.3975,0.5664,-2.0243,-0.2816,-1.9155,-0.426,0.2771,FOLLOW
25.432,-1.9265,-0.3962,0.5594,-2.0227,-0.2801,-1.9155,-0.426,0.2786,FOLLOW
25.452,-1.9245,-0.395,0.5527,-2.0211,-0.2785,-1.9155,-0.426,0.2802,FOLLOW
25.472,-1.9225,-0.3938,0.546,-2.0194,-0.2769,-1.9155,-0.426,0.2817,FOLLOW
25.492,-1.9205,-0.3926,0.5394,-2.0178,-0.2754,-1.9155,-0.426,0.2832,FOLLOW
25.512,-1.9185,-0.3914,0.5327,-2.0162,-0.2738,-1.9061,-0.4201,0.2848,FOLLOW
25.532,-1.9165,-0.3902,0.526,-2.0145,-0.2723,-1.9061,-0.4201,0.2863,FOLLOW
25.552,-1.9145,-0.3891,0.5193,-2.0111,-0.2692,-1.9061,-0.4201,0.2878,FOLLOW
25.572,-1.9125,-0.3879,0.5126,-2.0111,-0.2692,-1.9061,-0.4201,0.2893,FOLLOW
25.592,-1.9105,-0.3868,0.506,-2.0095,-0.2677,-1.8963,-0.4144,0.2908,FOLLOW
25.612,-1.9085,-0.3857,0.4991,-2.0078,-0.2662,-1.8963,-0.4144,0.2923,FOLLOW
25.632,-1.9065,-0.3846,0.4921,-2.0061,-0.2648,-1.8963,-0.4144,0.2938,FOLLOW
25.652,-1.9045,-0.3836,0.485,-2.0044,-0.2634,-1.8963,-0.4144,0.2952,FOLLOW
25.672,-1.9025,-0.3825,0.478,-2.0027,-0.2619,-1.8963,-0.4144,0.2967,FOLLOW
25.692,-1.9005,-0.3815,0.471,-2.0011,-0.2605,-1.8963,-0.4144,0.2981,FOLLOW
25.712,-1.8985,-0.3805,0.4639,-1.9994,-0.2592,-1.8866,-0.4092,0.2996,FOLLOW
25.732,-1.8964,-0.3795,0.4569,-1.9977,-0.2578,-1.8866,-0.4092,0.301,FOLLOW
25.752,-1.8944,-0.3785,0.4499,-1.9959,-0.2564,-1.8866,-0.4092,0.3024,FOLLOW
25.772,-1.8924,-0.3775,0.4428,-1.9942,-0.2551,-1.8866,-0.4092,0.3038,FOLLOW
25.792,-1.8903,-0.3766,0.4358,-1.9925,-0.2537,-1.8866,-0.4092,0.3052,FOLLOW
25.812,-1.8884,-0.3757,0.4286,-1.9907,-0.2524,-1.8768,-0.4044,0.3065,FOLLOW
25.832,-1.8865,-0.3748,0.4209,-1.9892,-0.2512,-1.8768,-0.4044,0.3079,FOLLOW
25.852,-1.8847,-0.374,0.4128,-1.9876,-0.25,-1.8768,-0.4044,0.3091,FOLLOW
25.872,-1.8828,-0.3732,0.4046,-1.986,-0.2489,-1.8768,-0.4044,0.3104,FOLLOW
25.892,-1.8809,-0.3724,0.3963,-1.9844,-0.2478,-1.8768,-0.4044,0.3117,FOLLOW
25.912,-1.8791,-0.3717,0.3881,-1.9828,-0.2467,-1.8676,-0.4003,0.313,FOLLOW
25.932,-1.8772,-0.3709,0.3798,-1.9812,-0.2455,-1.8676,-0.4003,0.3142,FOLLOW
25.952,-1.8753,-0.3702,0.3716,-1.9796,-0.2445,-1.8676,-0.4003,0.3155,FOLLOW
25.972,-1.8734,-0.3694,0.3633,-1.978,-0.2434,-1.8676,-0.4003,0.3167,FOLLOW
25.992,-1.8715,-0.3687,0.3551,-1.9763,-0.2423,-1.8676,-0.4003,0.3179,FOLLOW
26.012,-1.8696,-0.368,0.3469,-1.9747,-0.2413,-1.8586,-0.3966,0.3191,FOLLOW
26.032,-1.8677,-0.3673,0.3388,-1.973,-0.2402,-1.8586,-0.3966,0.3204,FOLLOW
26.052,-1.8657,-0.3667,0.3306,-1.9714,-0.2392,-1.8586,-0.3966,0.3216,FOLLOW
26.072,-1.8638,-0.366,0.3225,-1.9697,-0.2382,-1.8586,-0.3966,0.3228,FOLLOW
26.092,-1.8619,-0.3654,0.3144,-1.968,-0.2371,-1.8586,-0.3966,0.3239,FOLLOW
26.112,-1.8599,-0.3647,0.3063,-1.9663,-0.2361,-1.8493,-0.3934,0.3251,FOLLOW
26.132,-1.858,-0.3641,0.2981,-1.9645,-0.2352,-1.8493,-0.3934,0.3263,FOLLOW
26.152,-1.856,-0.3635,0.29,-1.9611,-0.2332,-1.8493,-0.3934,0.3275,FOLLOW
26.172,-1.854,-0.363,0.2819,-1.9611,-0.2332,-1.8493,-0.3934,0.3286,FOLLOW
26.192,-1.8521,-0.3624,0.2738,-1.9594,-0.2323,-1.8493,-0.3934,0.3297,FOLLOW
26.212,-1.8502,-0.3619,0.2655,-1.9576,-0.2314,-1.8399,-0.3905,0.3308,FOLLOW
26.232,-1.8484,-0.3614,0.2567,-1.956,-0.2305,-1.8399,-0.3905,0.3319,FOLLOW
26.252,-1.8466,-0.3609,0.2477,-1.9544,-0.2297,-1.8399,-0.3905,0.333,FOLLOW
26.272,-1.8447,-0.3605,0.2387,-1.9528,-0.2289,-1.8399,-0.3905,0.334,FOLLOW
26.292,-1.8429,-0.3601,0.2296,-1.9512,-0.2281,-1.8399,-0.3905,0.3351,FOLLOW
26.312,-1.8411,-0.3596,0.2206,-1.9496,-0.2274,-1.831,-0.3881,0.3361,FOLLOW
26.332,-1.8393,-0.3592,0.2115,-1.948,-0.2266,-1.831,-0.3881,0.3371,FOLLOW
26.352,-1.8374,-0.3589,0.2025,-1.9463,-0.2259,-1.831,-0.3881,0.3381,FOLLOW
26.372,-1.8356,-0.3585,0.1934,-1.9447,-0.2252,-1.831,-0.3881,0.3391,FOLLOW
26.392,-1.8338,-0.3581,0.1844,-1.943,-0.2245,-1.831,-0.3881,0.3401,FOLLOW
26.412,-1.8319,-0.3578,0.1755,-1.9414,-0.2238,-1.8223,-0.3862,0.3411,FOLLOW
26.432,-1.8299,-0.3575,0.1669,-1.9379,-0.2223,-1.8223,-0.3862,0.3421,FOLLOW
26.452,-1.828,-0.3572,0.1584,-1.9362,-0.2217,-1.8223,-0.3862,0.3431,FOLLOW
26.472,-1.826,-0.3569,0.1498,-1.9362,-0.2217,-1.8223,-0.3862,0.344,FOLLOW
26.492,-1.8241,-0.3566,0.1413,-1.9344,-0.221,-1.8223,-0.3862,0.345,FOLLOW
26.512,-1.8221,-0.3563,0.1327,-1.9308,-0.2197,-1.8131,-0.3847,0.3459,FOLLOW
26.532,-1.8202,-0.3561,0.1241,-1.9308,-0.2197,-1.8131,-0.3847,0.3469,FOLLOW
26.552,-1.8183,-0.3558,0.1156,-1.9291,-0.2191,-1.8131,-0.3847,0.3478,FOLLOW
26.572,-1.8163,-0.3556,0.107,-1.9255,-0.2179,-1.8131,-0.3847,0.3487,FOLLOW
26.592,-1.8143,-0.3554,0.0984,-1.9255,-0.2179,-1.8131,-0.3847,0.3496,FOLLOW
26.612,-1.8124,-0.3552,0.0897,-1.9237,-0.2173,-1.8037,-0.3835,0.3505,FOLLOW
26.632,-1.8106,-0.3551,0.0807,-1.922,-0.2167,-1.8037,-0.3835,0.3514,FOLLOW
26.652,-1.8087,-0.3549,0.0717,-1.9202,-0.2162,-1.8037,-0.3835,0.3522,FOLLOW
26.672,-1.8068,-0.3548,0.0627,-1.9185,-0.2157,-1.8037,-0.3835,0.3531,FOLLOW
26.692,-1.8049,-0.3547,0.0537,-1.9168,-0.2152,-1.8037,-0.3835,0.3539,FOLLOW
26.712,-1.8031,-0.3546,0.0447,-1.915,-0.2147,-1.7946,-0.3828,0.3548,FOLLOW
26.732,-1.8012,-0.3545,0.0358,-1.9133,-0.2143,-1.7946,-0.3828,0.3556,FOLLOW
26.752,-1.7993,-0.3545,0.0268,-1.9116,-0.2138,-1.7946,-0.3828,0.3564,FOLLOW
26.772,-1.7974,-0.3544,0.0178,-1.9098,-0.2134,-1.7946,-0.3828,0.3572,FOLLOW
26.792,-1.7955,-0.3544,0.0088,-1.9081,-0.213,-1.7946,-0.3828,0.358,FOLLOW
26.812,-1.7937,-0.3544,-0.0004,-1.9046,-0.2122,-1.7856,-0.3824,0.3587,FOLLOW
26.832,-1.7919,-0.3544,-0.0098,-1.9046,-0.2122,-1.7856,-0.3824,0.3595,FOLLOW
26.852,-1.7902,-0.3544,-0.0194,-1.903,-0.2119,-1.7856,-0.3824,0.3602,FOLLOW
26.872,-1.7884,-0.3545,-0.029,-1.9013,-0.2116,-1.7856,-0.3824,0.3609,FOLLOW
26.892,-1.7866,-0.3545,-0.0385,-1.8997,-0.2113,-1.7856,-0.3824,0.3616,FOLLOW
26.912,-1.7849,-0.3546,-0.0481,-1.8964,-0.2107,-1.7771,-0.3825,0.3623,FOLLOW
26.932,-1.7831,-0.3547,-0.0577,-1.8947,-0.2104,-1.7771,-0.3825,0.363,FOLLOW
26.952,-1.7813,-0.3548,-0.0672,-1.8947,-0.2104,-1.7771,-0.3825,0.3637,FOLLOW
26.972,-1.7796,-0.355,-0.0768,-1.893,-0.2102,-1.7771,-0.3825,0.3644,FOLLOW
26.992,-1.7778,-0.3551,-0.0864,-1.8913,-0.21,-1.7771,-0.3825,0.365,FOLLOW
27.012,-1.7761,-0.3553,-0.0961,-1.8897,-0.2097,-1.7687,-0.383,0.3657,FOLLOW
27.032,-1.7745,-0.3554,-0.1062,-1.8881,-0.2096,-1.7687,-0.383,0.3663,FOLLOW
27.052,-1.7728,-0.3556,-0.1164,-1.8866,-0.2094,-1.7687,-0.383,0.3669,FOLLOW
27.072,-1.7712,-0.3558,-0.1266,-1.885,-0.2092,-1.7687,-0.383,0.3675,FOLLOW
27.092,-1.7695,-0.356,-0.1368,-1.8819,-0.209,-1.7687,-0.383,0.3681,FOLLOW
27.112,-1.7679,-0.3563,-0.147,-1.8819,-0.209,-1.7608,-0.3838,0.3687,FOLLOW
27.132,-1.7663,-0.3565,-0.1572,-1.8788,-0.2088,-1.7608,-0.3838,0.3692,FOLLOW
27.152,-1.7646,-0.3568,-0.1674,-1.8788,-0.2088,-1.7608,-0.3838,0.3698,FOLLOW
27.172,-1.763,-0.3571,-0.1776,-1.8772,-0.2087,-1.7608,-0.3838,0.3703,FOLLOW
27.192,-1.7614,-0.3574,-0.1878,-1.8757,-0.2087,-1.7608,-0.3838,0.3709,FOLLOW
27.212,-1.7597,-0.3577,-0.1978,-1.8725,-0.2086,-1.7531,-0.385,0.3714,FOLLOW
27.232,-1.7581,-0.3581,-0.2078,-1.8709,-0.2086,-1.7531,-0.385,0.3719,FOLLOW
27.252,-1.7564,-0.3584,-0.2177,-1.8709,-0.2086,-1.7531,-0.385,0.3724,FOLLOW
27.272,-1.7547,-0.3588,-0.2277,-1.8693,-0.2086,-1.7531,-0.385,0.3729,FOLLOW
27.292,-1.7531,-0.3592,-0.2376,-1.8677,-0.2086,-1.7531,-0.385,0.3733,FOLLOW
27.312,-1.7514,-0.3596,-0.2476,-1.8661,-0.2087,-1.7452,-0.3867,0.3738,FOLLOW
27.332,-1.7498,-0.36,-0.2575,-1.8628,-0.2088,-1.7452,-0.3867,0.3742,FOLLOW
27.352,-1.7482,-0.3605,-0.2675,-1.8628,-0.2088,-1.7452,-0.3867,0.3746,FOLLOW
27.372,-1.7465,-0.3609,-0.2774,-1.8612,-0.2089,-1.7452,-0.3867,0.375,FOLLOW
27.392,-1.7449,-0.3614,-0.2874,-1.858,-0.2091,-1.7359,-0.3892,0.3754,FOLLOW
27.412,-1.7433,-0.3619,-0.2975,-1.858,-0.2091,-1.7359,-0.3892,0.3758,FOLLOW
27.432,-1.7418,-0.3624,-0.3078,-1.8565,-0.2092,-1.7359,-0.3892,0.3762,FOLLOW
27.452,-1.7402,-0.3629,-0.3182,-1.855,-0.2094,-1.7359,-0.3892,0.3766,FOLLOW
27.472,-1.7387,-0.3634,-0.3285,-1.8519,-0.2097,-1.7359,-0.3892,0.377,FOLLOW
27.492,-1.7371,-0.3639,-0.3388,-1.8519,-0.2097,-1.7301,-0.3911,0.3773,FOLLOW
27.512,-1.7356,-0.3645,-0.3491,-1.8504,-0.2099,-1.7301,-0.3911,0.3776,FOLLOW
27.532,-1.7341,-0.365,-0.3595,-1.8489,-0.2101,-1.7301,-0.3911,0.3779,FOLLOW
27.552,-1.7326,-0.3656,-0.3698,-1.8474,-0.2103,-1.7301,-0.3911,0.3783,FOLLOW
27.572,-1.731,-0.3662,-0.3801,-1.8458,-0.2106,-1.7301,-0.3911,0.3785,FOLLOW
27.592,-1.7295,-0.3668,-0.3905,-1.8443,-0.2108,-1.7301,-0.3911,0.3788,FOLLOW
27.612,-1.728,-0.3675,-0.4008,-1.8428,-0.2111,-1.7229,-0.3938,0.3791,FOLLOW
27.632,-1.7266,-0.3681,-0.4112,-1.8413,-0.2114,-1.7229,-0.3938,0.3794,FOLLOW
27.652,-1.7251,-0.3688,-0.4216,-1.8398,-0.2117,-1.7229,-0.3938,0.3796,FOLLOW
27.672,-1.7236,-0.3694,-0.4319,-1.8383,-0.212,-1.7229,-0.3938,0.3798,FOLLOW
27.692,-1.7221,-0.3701,-0.4423,-1.8368,-0.2123,-1.7229,-0.3938,0.38,FOLLOW
27.712,-1.7207,-0.3708,-0.4527,-1.8339,-0.213,-1.7159,-0.3968,0.3803,FOLLOW
27.732,-1.7192,-0.3715,-0.4631,-1.8339,-0.213,-1.7159,-0.3968,0.3804,FOLLOW
27.752,-1.7178,-0.3723,-0.4734,-1.8324,-0.2134,-1.7159,-0.3968,0.3806,FOLLOW
27.772,-1.7164,-0.373,-0.4838,-1.8294,-0.2142,-1.7159,-0.3968,0.3808,FOLLOW
27.792,-1.7149,-0.3738,-0.4942,-1.8294,-0.2142,-1.7159,-0.3968,0.3809,FOLLOW
27.812,-1.7136,-0.3745,-0.5048,-1.828,-0.2146,-1.7091,-0.4002,0.3811,FOLLOW
27.832,-1.7123,-0.3753,-0.5157,-1.8266,-0.215,-1.7091,-0.4002,0.3812,FOLLOW
27.852,-1.711,-0.376,-0.5267,-1.8253,-0.2155,-1.7091,-0.4002,0.3814,FOLLOW
27.872,-1.7097,-0.3768,-0.5376,-1.8239,-0.2159,-1.7091,-0.4002,0.3815,FOLLOW
27.892,-1.7084,-0.3776,-0.5486,-1.8226,-0.2163,-1.7091,-0.4002,0.3816,FOLLOW
27.912,-1.7071,-0.3783,-0.5596,-1.8213,-0.2168,-1.7028,-0.4037,0.3817,FOLLOW
27.932,-1.7058,-0.3792,-0.5705,-1.8186,-0.2178,-1.7028,-0.4037,0.3818,FOLLOW
27.952,-1.7046,-0.38,-0.5815,-1.8186,-0.2178,-1.7028,-0.4037,0.3819,FOLLOW
27.972,-1.7033,-0.3808,-0.5925,-1.8173,-0.2183,-1.7028,-0.4037,0.382,FOLLOW
27.992,-1.7021,-0.3817,-0.6034,-1.816,-0.2188,-1.7028,-0.4037,0.382,FOLLOW
28.012,-1.7008,-0.3826,-0.6142,-1.8147,-0.2193,-1.6969,-0.4075,0.382,FOLLOW
28.032,-1.6995,-0.3835,-0.6246,-1.8133,-0.2199,-1.6969,-0.4075,0.382,FOLLOW
28.052,-1.6981,-0.3845,-0.6349,-1.8119,-0.2205,-1.6969,-0.4075,0.382,FOLLOW
28.072,-1.6968,-0.3854,-0.6452,-1.8105,-0.2212,-1.6969,-0.4075,0.3819,FOLLOW
28.092,-1.6955,-0.3864,-0.6555,-1.8091,-0.2218,-1.6969,-0.4075,0.3819,FOLLOW
28.112,-1.6943,-0.3874,-0.6658,-1.8077,-0.2225,-1.6908,-0.4119,0.3818,FOLLOW
28.132,-1.693,-0.3885,-0.6761,-1.8063,-0.2231,-1.6908,-0.4119,0.3817,FOLLOW
28.152,-1.6917,-0.3895,-0.6864,-1.805,-0.2238,-1.6908,-0.4119,0.3816,FOLLOW
28.172,-1.6905,-0.3905,-0.6967,-1.8036,-0.2245,-1.6908,-0.4119,0.3815,FOLLOW
28.192,-1.6892,-0.3916,-0.707,-1.8022,-0.2252,-1.6908,-0.4119,0.3813,FOLLOW
28.212,-1.688,-0.3926,-0.7175,-1.8009,-0.226,-1.6848,-0.4167,0.3812,FOLLOW
28.232,-1.6868,-0.3937,-0.728,-1.7996,-0.2267,-1.6848,-0.4167,0.3811,FOLLOW
28.252,-1.6856,-0.3947,-0.7386,-1.7983,-0.2274,-1.6848,-0.4167,0.3809,FOLLOW
28.272,-1.6845,-0.3958,-0.7492,-1.797,-0.2282,-1.6848,-0.4167,0.3808,FOLLOW
28.292,-1.6833,-0.3969,-0.7598,-1.7957,-0.2289,-1.6848,-0.4167,0.3806,FOLLOW
28.312,-1.6822,-0.398,-0.7704,-1.7944,-0.2297,-1.6792,-0.4217,0.3804,FOLLOW
28.332,-1.6811,-0.3991,-0.7809,-1.7932,-0.2305,-1.6792,-0.4217,0.3802,FOLLOW
28.352,-1.68,-0.4002,-0.7915,-1.7919,-0.2313,-1.6792,-0.4217,0.38,FOLLOW
28.372,-1.6789,-0.4013,-0.8021,-1.7907,-0.2321,-1.6792,-0.4217,0.3798,FOLLOW
28.392,-1.6778,-0.4025,-0.8127,-1.7882,-0.2337,-1.6792,-0.4217,0.3795,FOLLOW
28.412,-1.6766,-0.4037,-0.823,-1.7882,-0.2337,-1.6739,-0.4269,0.3793,FOLLOW
28.432,-1.6754,-0.405,-0.833,-1.7869,-0.2347,-1.6739,-0.4269,0.3789,FOLLOW
28.452,-1.6742,-0.4064,-0.8424,-1.7854,-0.2357,-1.6739,-0.4269,0.3785,FOLLOW
28.472,-1.673,-0.4078,-0.8516,-1.784,-0.2367,-1.6739,-0.4269,0.3781,FOLLOW
28.492,-1.6718,-0.4092,-0.8608,-1.7826,-0.2378,-1.6739,-0.4269,0.3776,FOLLOW
28.512,-1.6706,-0.4106,-0.87,-1.7812,-0.2389,-1.6682,-0.4332,0.3772,FOLLOW
28.532,-1.6694,-0.412,-0.8792,-1.7798,-0.2399,-1.6682,-0.4332,0.3767,FOLLOW
28.552,-1.6682,-0.4134,-0.8884,-1.7784,-0.241,-1.6682,-0.4332,0.3762,FOLLOW
28.572,-1.6671,-0.4148,-0.8975,-1.777,-0.2421,-1.6682,-0.4332,0.3758,FOLLOW
28.592,-1.6659,-0.4163,-0.9067,-1.7757,-0.2432,-1.6682,-0.4332,0.3753,FOLLOW
28.612,-1.6649,-0.4176,-0.9161,-1.7731,-0.2453,-1.6615,-0.4413,0.3748,FOLLOW
28.632,-1.6639,-0.4189,-0.926,-1.772,-0.2463,-1.6615,-0.4413,0.3744,FOLLOW
28.652,-1.6629,-0.4202,-0.9363,-1.7709,-0.2473,-1.6615,-0.4413,0.374,FOLLOW
28.672,-1.662,-0.4215,-0.9467,-1.7709,-0.2473,-1.6615,-0.4413,0.3736,FOLLOW
28.692,-1.6611,-0.4228,-0.9572,-1.7697,-0.2483,-1.6615,-0.4413,0.3732,FOLLOW
28.712,-1.6602,-0.4242,-0.9676,-1.7675,-0.2504,-1.6579,-0.4462,0.3727,FOLLOW
28.732,-1.6593,-0.4255,-0.9781,-1.7675,-0.2504,-1.6579,-0.4462,0.3723,FOLLOW
28.752,-1.6584,-0.4268,-0.9885,-1.7664,-0.2514,-1.6579,-0.4462,0.3718,FOLLOW
28.772,-1.6575,-0.4282,-0.999,-1.7653,-0.2525,-1.6579,-0.4462,0.3714,FOLLOW
28.792,-1.6566,-0.4295,-1.0094,-1.7643,-0.2536,-1.6579,-0.4462,0.3709,FOLLOW
28.812,-1.6557,-0.431,-1.0197,-1.7621,-0.2558,-1.6537,-0.4525,0.3703,FOLLOW
28.832,-1.6548,-0.4325,-1.0295,-1.7621,-0.2558,-1.6537,-0.4525,0.3697,FOLLOW
28.852,-1.6539,-0.4341,-1.0388,-1.7597,-0.2584,-1.6537,-0.4525,0.369,FOLLOW
28.872,-1.653,-0.4356,-1.0481,-1.7597,-0.2584,-1.6537,-0.4525,0.3684,FOLLOW
28.892,-1.6521,-0.4372,-1.0573,-1.7585,-0.2597,-1.6537,-0.4525,0.3677,FOLLOW
28.912,-1.6512,-0.4388,-1.0666,-1.7573,-0.261,-1.6493,-0.4597,0.367,FOLLOW
28.932,-1.6503,-0.4404,-1.0758,-1.7562,-0.2623,-1.6493,-0.4597,0.3662,FOLLOW
28.952,-1.6494,-0.4421,-1.0851,-1.755,-0.2636,-1.6493,-0.4597,0.3655,FOLLOW
28.972,-1.6486,-0.4437,-1.0944,-1.7539,-0.265,-1.6493,-0.4597,0.3648,FOLLOW
28.992,-1.6477,-0.4453,-1.1036,-1.7517,-0.2677,-1.6493,-0.4597,0.364,FOLLOW
29.012,-1.647,-0.4469,-1.113,-1.7517,-0.2677,-1.6452,-0.4674,0.3633,FOLLOW
29.032,-1.6462,-0.4485,-1.1226,-1.7507,-0.269,-1.6452,-0.4674,0.3626,FOLLOW
29.052,-1.6454,-0.4501,-1.1322,-1.7496,-0.2703,-1.6452,-0.4674,0.3618,FOLLOW
29.072,-1.6447,-0.4517,-1.1418,-1.7486,-0.2717,-1.6452,-0.4674,0.3611,FOLLOW
29.092,-1.644,-0.4533,-1.1514,-1.7476,-0.273,-1.6415,-0.475,0.3603,FOLLOW
29.112,-1.6433,-0.4549,-1.161,-1.7466,-0.2744,-1.6415,-0.475,0.3595,FOLLOW
29.132,-1.6426,-0.4566,-1.1706,-1.7456,-0.2757,-1.6415,-0.475,0.3588,FOLLOW
29.152,-1.6419,-0.4582,-1.1802,-1.7446,-0.2771,-1.6415,-0.475,0.358,FOLLOW
29.172,-1.6412,-0.4598,-1.1898,-1.7427,-0.2799,-1.6415,-0.475,0.3571,FOLLOW
29.192,-1.6406,-0.4615,-1.1994,-1.7427,-0.2799,-1.6415,-0.475,0.3563,FOLLOW
29.212,-1.6399,-0.4632,-1.2088,-1.7418,-0.2813,-1.6382,-0.4827,0.3555,FOLLOW
29.232,-1.6393,-0.4649,-1.2181,-1.7409,-0.2827,-1.6382,-0.4827,0.3546,FOLLOW
29.252,-1.6387,-0.4666,-1.2274,-1.7399,-0.2842,-1.6382,-0.4827,0.3537,FOLLOW
29.272,-1.6381,-0.4683,-1.2367,-1.739,-0.2857,-1.6382,-0.4827,0.3528,FOLLOW
29.292,-1.6375,-0.47,-1.246,-1.7372,-0.2887,-1.6382,-0.4827,0.3519,FOLLOW
29.312,-1.6369,-0.4718,-1.2553,-1.7372,-0.2887,-1.6347,-0.4925,0.3509,FOLLOW
29.332,-1.6363,-0.4735,-1.2646,-1.7363,-0.2902,-1.6347,-0.4925,0.35,FOLLOW
29.352,-1.6358,-0.4753,-1.2739,-1.7355,-0.2917,-1.6347,-0.4925,0.349,FOLLOW
29.372,-1.6353,-0.477,-1.2832,-1.7346,-0.2932,-1.6347,-0.4925,0.3481,FOLLOW
29.392,-1.6348,-0.4788,-1.2925,-1.7338,-0.2947,-1.6347,-0.4925,0.3471,FOLLOW
29.412,-1.6343,-0.4805,-1.3019,-1.7329,-0.2962,-1.6326,-0.4991,0.3461,FOLLOW
29.432,-1.6338,-0.4822,-1.3115,-1.7322,-0.2977,-1.6326,-0.4991,0.3452,FOLLOW
29.452,-1.6334,-0.4839,-1.321,-1.7314,-0.2993,-1.6326,-0.4991,0.3442,FOLLOW
29.472,-1.6329,-0.4857,-1.3305,-1.7306,-0.3008,-1.6326,-0.4991,0.3432,FOLLOW
29.492,-1.6325,-0.4874,-1.34,-1.7291,-0.3038,-1.6304,-0.5074,0.3422,FOLLOW
29.512,-1.6321,-0.4891,-1.3495,-1.7291,-0.3038,-1.6304,-0.5074,0.3412,FOLLOW
29.532,-1.6318,-0.4909,-1.359,-1.7284,-0.3054,-1.6304,-0.5074,0.3402,FOLLOW
29.552,-1.6314,-0.4926,-1.3686,-1.7277,-0.3069,-1.6304,-0.5074,0.3392,FOLLOW
29.572,-1.631,-0.4944,-1.3781,-1.7264,-0.31,-1.6304,-0.5074,0.3381,FOLLOW
29.592,-1.6307,-0.4961,-1.3876,-1.7264,-0.31,-1.6304,-0.5074,0.3371,FOLLOW
29.612,-1.6304,-0.4979,-1.397,-1.7257,-0.3116,-1.6286,-0.5157,0.336,FOLLOW
29.632,-1.6301,-0.4997,-1.4064,-1.7251,-0.3132,-1.6286,-0.5157,0.3349,FOLLOW
29.652,-1.6298,-0.5014,-1.4158,-1.7244,-0.3148,-1.6286,-0.5157,0.3338,FOLLOW
29.672,-1.6295,-0.5032,-1.4252,-1.7238,-0.3164,-1.6286,-0.5157,0.3327,FOLLOW
29.692,-1.6293,-0.505,-1.4346,-1.7232,-0.318,-1.6286,-0.5157,0.3316,FOLLOW
29.712,-1.6291,-0.5068,-1.444,-1.722,-0.3212,-1.6272,-0.5241,0.3304,FOLLOW
29.732,-1.6288,-0.5086,-1.4534,-1.7215,-0.3229,-1.6272,-0.5241,0.3293,FOLLOW
29.752,-1.6286,-0.5104,-1.4628,-1.7215,-0.3229,-1.6272,-0.5241,0.3282,FOLLOW
29.772,-1.6284,-0.5122,-1.4722,-1.7209,-0.3245,-1.6272,-0.5241,0.327,FOLLOW
29.792,-1.6283,-0.514,-1.4815,-1.7204,-0.3261,-1.6272,-0.5241,0.3258,FOLLOW
29.812,-1.6281,-0.5156,-1.4911,-1.7199,-0.3278,-1.6262,-0.5327,0.3248,FOLLOW
29.832,-1.628,-0.5172,-1.501,-1.7195,-0.3291,-1.6262,-0.5327,0.3238,FOLLOW
29.852,-1.6279,-0.5187,-1.5112,-1.7191,-0.3304,-1.6262,-0.5327,0.3228,FOLLOW
29.872,-1.6279,-0.5202,-1.5218,-1.7183,-0.3331,-1.6262,-0.5327,0.3218,FOLLOW
29.892,-1.6278,-0.5217,-1.5328,-1.718,-0.3344,-1.6257,-0.5399,0.3209,FOLLOW
29.912,-1.6277,-0.5232,-1.5439,-1.7177,-0.3358,-1.6257,-0.5399,0.3199,FOLLOW
29.932,-1.6277,-0.5247,-1.555,-1.7177,-0.3358,-1.6257,-0.5399,0.319,FOLLOW
29.952,-1.6277,-0.5261,-1.5661,-1.7174,-0.3371,-1.6257,-0.5399,0.318,FOLLOW
29.972,-1.6277,-0.5276,-1.5772,-1.7168,-0.3398,-1.6257,-0.5399,0.317,FOLLOW
29.992,-1.6277,-0.5291,-1.5883,-1.7168,-0.3398,-1.6257,-0.5399,0.316,FOLLOW
30.012,-1.6278,-0.5305,-1.5995,-1.7165,-0.3412,-1.6256,-0.5468,0.3151,FOLLOW
30.032,-1.6278,-0.5318,-1.6111,-1.7163,-0.3423,-1.6256,-0.5468,0.3142,FOLLOW
30.052,-1.6279,-0.5331,-1.623,-1.7161,-0.3433,-1.6256,-0.5468,0.3134,FOLLOW
30.072,-1.6279,-0.5344,-1.6353,-1.716,-0.3444,-1.6256,-0.5468,0.3125,FOLLOW
30.092,-1.628,-0.5356,-1.648,-1.7158,-0.3455,-1.6256,-0.5468,0.3117,FOLLOW
30.112,-1.6281,-0.5368,-1.661,-1.7156,-0.3476,-1.6258,-0.5526,0.3109,FOLLOW
30.132,-1.6283,-0.538,-1.6743,-1.7156,-0.3476,-1.6258,-0.5526,0.3101,FOLLOW
30.152,-1.6284,-0.5392,-1.6877,-1.7154,-0.3487,-1.6258,-0.5526,0.3093,FOLLOW
30.172,-1.6286,-0.5404,-1.701,-1.7154,-0.3498,-1.6258,-0.5526,0.3084,FOLLOW
30.192,-1.6287,-0.5416,-1.7144,-1.7153,-0.3508,-1.6258,-0.5526,0.3076,FOLLOW
30.212,-1.6289,-0.5428,-1.7276,-1.7152,-0.3519,-1.6263,-0.5579,0.3068,FOLLOW
30.232,-1.6291,-0.544,-1.7404,-1.7151,-0.3531,-1.6263,-0.5579,0.3059,FOLLOW
30.252,-1.6293,-0.5452,-1.7529,-1.7151,-0.3542,-1.6263,-0.5579,0.305,FOLLOW
30.272,-1.6296,-0.5464,-1.7652,-1.7151,-0.3553,-1.6263,-0.5579,0.3041,FOLLOW
30.292,-1.6298,-0.5476,-1.7775,-1.7151,-0.3565,-1.6263,-0.5579,0.3031,FOLLOW
30.312,-1.6301,-0.5488,-1.7898,-1.7151,-0.3576,-1.6273,-0.5635,0.3022,FOLLOW
30.332,-1.6304,-0.5501,-1.8021,-1.7151,-0.3587,-1.6273,-0.5635,0.3012,FOLLOW
30.352,-1.6306,-0.5513,-1.8144,-1.7151,-0.3599,-1.6273,-0.5635,0.3002,FOLLOW
30.372,-1.631,-0.5525,-1.8267,-1.7152,-0.3622,-1.6273,-0.5635,0.2992,FOLLOW
30.392,-1.6313,-0.5537,-1.839,-1.7152,-0.3622,-1.6273,-0.5635,0.2982,FOLLOW
30.412,-1.6316,-0.555,-1.8512,-1.7153,-0.3633,-1.6286,-0.569,0.2972,FOLLOW
30.432,-1.6321,-0.5564,-1.8629,-1.7154,-0.3646,-1.6286,-0.569,0.2959,FOLLOW
30.452,-1.6325,-0.5579,-1.8742,-1.7155,-0.3661,-1.6286,-0.569,0.2946,FOLLOW
30.472,-1.633,-0.5594,-1.8851,-1.7156,-0.3677,-1.6286,-0.569,0.2932,FOLLOW
30.492,-1.6335,-0.5609,-1.8956,-1.7158,-0.3692,-1.6306,-0.5758,0.2918,FOLLOW
30.512,-1.6341,-0.5625,-1.906,-1.716,-0.3707,-1.6306,-0.5758,0.2904,FOLLOW
30.532,-1.6346,-0.564,-1.9163,-1.7162,-0.3722,-1.6306,-0.5758,0.289,FOLLOW
30.552,-1.6352,-0.5655,-1.9266,-1.7164,-0.3737,-1.6306,-0.5758,0.2876,FOLLOW
30.572,-1.6357,-0.5671,-1.937,-1.7166,-0.3753,-1.6306,-0.5758,0.2861,FOLLOW
30.594,-1.6363,-0.5686,-1.9473,-1.7171,-0.3783,-1.6332,-0.583,0.2847,FOLLOW
30.612,-1.637,-0.5701,-1.9574,-1.7171,-0.3783,-1.6332,-0.583,0.2832,FOLLOW
30.632,-1.6376,-0.5717,-1.9674,-1.7174,-0.3799,-1.6332,-0.583,0.2816,FOLLOW
30.652,-1.6383,-0.5733,-1.9774,-1.7177,-0.3814,-1.6332,-0.583,0.2801,FOLLOW
30.672,-1.639,-0.5748,-1.9873,-1.718,-0.383,-1.6332,-0.583,0.2786,FOLLOW
30.692,-1.6396,-0.5764,-1.9973,-1.7183,-0.3846,-1.6332,-0.583,0.277,FOLLOW
30.712,-1.6404,-0.5779,-2.0072,-1.719,-0.3877,-1.6363,-0.5903,0.2754,FOLLOW
30.732,-1.6411,-0.5794,-2.0172,-1.719,-0.3877,-1.6363,-0.5903,0.2739,FOLLOW
30.752,-1.6418,-0.581,-2.0272,-1.7194,-0.3893,-1.6363,-0.5903,0.2723,FOLLOW
30.772,-1.6426,-0.5825,-2.0371,-1.7198,-0.3909,-1.6363,-0.5903,0.2707,FOLLOW
30.792,-1.6434,-0.584,-2.0471,-1.7202,-0.3924,-1.6363,-0.5903,0.2691,FOLLOW
30.812,-1.6442,-0.5856,-2.0569,-1.7206,-0.394,-1.6397,-0.5976,0.2675,FOLLOW
30.832,-1.6451,-0.5872,-2.0662,-1.7211,-0.3956,-1.6397,-0.5976,0.2657,FOLLOW
30.852,-1.646,-0.5889,-2.0751,-1.7216,-0.3974,-1.6397,-0.5976,0.2639,FOLLOW
30.872,-1.6469,-0.5905,-2.084,-1.7221,-0.3991,-1.6397,-0.5976,0.2621,FOLLOW
30.892,-1.6479,-0.5922,-2.0929,-1.7227,-0.4009,-1.6397,-0.5976,0.2603,FOLLOW
30.912,-1.6488,-0.5938,-2.1018,-1.7232,-0.4026,-1.6448,-0.6069,0.2584,FOLLOW
30.932,-1.6498,-0.5955,-2.1106,-1.7238,-0.4043,-1.6448,-0.6069,0.2566,FOLLOW
30.952,-1.6508,-0.5971,-2.1195,-1.725,-0.4078,-1.6448,-0.6069,0.2548,FOLLOW
30.972,-1.6518,-0.5987,-2.1284,-1.725,-0.4078,-1.6448,-0.6069,0.2529,FOLLOW
30.992,-1.6528,-0.6003,-2.1373,-1.7256,-0.4095,-1.6448,-0.6069,0.2511,FOLLOW
31.012,-1.653,-0.6009,-2.146,-1.7263,-0.4112,-1.6448,-0.6069,0.2505,FOLLOW
31.032,-1.653,-0.6008,-2.1542,-1.7263,-0.4114,-1.6448,-0.6069,0.2507,FOLLOW
31.052,-1.6529,-0.6008,-2.1619,-1.7263,-0.4114,-1.6486,-0.6132,0.2508,FOLLOW_TURN
31.072,-1.6528,-0.6007,-2.1691,-1.7263,-0.4114,-1.6486,-0.6132,0.2509,FOLLOW_TURN
31.092,-1.6528,-0.6006,-2.1758,-1.7263,-0.4114,-1.6486,-0.6132,0.251,FOLLOW_TURN
31.112,-1.6526,-0.6004,-2.1821,-1.7263,-0.4114,-1.6497,-0.6149,0.2513,FOLLOW_TURN
31.132,-1.6524,-0.6001,-2.1879,-1.7263,-0.4114,-1.6497,-0.6149,0.2517,FOLLOW_TURN
31.152,-1.6523,-0.5999,-2.1932,-1.7263,-0.4114,-1.6497,-0.6149,0.252,FOLLOW_TURN
31.172,-1.6521,-0.5997,-2.198,-1.7263,-0.4114,-1.6497,-0.6149,0.2523,FOLLOW_TURN
31.192,-1.652,-0.5995,-2.2024,-1.7263,-0.4114,-1.6497,-0.6149,0.2525,FOLLOW_TURN
31.212,-1.6517,-0.5992,-2.2063,-1.7263,-0.4114,-1.6497,-0.6149,0.2529,FOLLOW_TURN
31.232,-1.6514,-0.5988,-2.2097,-1.7263,-0.4114,-1.6497,-0.6149,0.2534,FOLLOW_TURN
31.252,-1.6511,-0.5984,-2.2127,-1.7263,-0.4114,-1.6497,-0.6149,0.2539,FOLLOW_TURN
31.272,-1.6509,-0.598,-2.2151,-1.7263,-0.4114,-1.6497,-0.6149,0.2543,FOLLOW_TURN
31.292,-1.6507,-0.5977,-2.2171,-1.7263,-0.4114,-1.6497,-0.6149,0.2547,FOLLOW_TURN
31.312,-1.6503,-0.5973,-2.2186,-1.7263,-0.4114,-1.6497,-0.6149,0.2553,FOLLOW_TURN
31.332,-1.6499,-0.5968,-2.2197,-1.7263,-0.4114,-1.6497,-0.6149,0.2559,FOLLOW_TURN
31.352,-1.6496,-0.5963,-2.2202,-1.7263,-0.4114,-1.6497,-0.6149,0.2565,FOLLOW_TURN
31.372,-1.6492,-0.5958,-2.2203,-1.7263,-0.4114,-1.6497,-0.6149,0.2571,FOLLOW_TURN
31.392,-1.6489,-0.5954,-2.22,-1.7263,-0.4114,-1.6497,-0.6149,0.2576,FOLLOW_TURN
31.412,-1.6484,-0.5949,-2.2191,-1.7263,-0.4114,-1.6497,-0.6149,0.2583,FOLLOW_TURN
31.432,-1.648,-0.5942,-2.2177,-1.7263,-0.4114,-1.6497,-0.6149,0.2591,FOLLOW_TURN
31.452,-1.6475,-0.5936,-2.2159,-1.7263,-0.4114,-1.6497,-0.6149,0.2599,FOLLOW_TURN
31.472,-1.6471,-0.5931,-2.2136,-1.7263,-0.4114,-1.6497,-0.6149,0.2606,FOLLOW_TURN
31.492,-1.6467,-0.5925,-2.2109,-1.7263,-0.4114,-1.6497,-0.6149,0.2613,FOLLOW_TURN
31.512,-1.6462,-0.5919,-2.2076,-1.7263,-0.4114,-1.6497,-0.6149,0.262,FOLLOW_TURN
31.532,-1.6458,-0.5914,-2.2039,-1.7263,-0.4114,-1.6497,-0.6149,0.2627,FOLLOW_TURN
31.552,-1.6454,-0.5908,-2.1998,-1.7263,-0.4114,-1.6497,-0.6149,0.2633,FOLLOW_TURN
31.572,-1.645,-0.5903,-2.1952,-1.7263,-0.4114,-1.6497,-0.6149,0.2639,FOLLOW_TURN
31.592,-1.6447,-0.5898,-2.1901,-1.7263,-0.4114,-1.6497,-0.6149,0.2645,FOLLOW_TURN
31.612,-1.6446,-0.5897,-2.1845,-1.7263,-0.4114,-1.6497,-0.6149,0.2646,FOLLOW
31.632,-1.6448,-0.59,-2.1786,-1.7264,-0.4116,-1.6497,-0.6149,0.2642,FOLLOW
31.652,-1.6453,-0.5907,-2.1723,-1.7265,-0.4121,-1.6497,-0.6149,0.2635,FOLLOW
31.672,-1.6457,-0.5914,-2.1655,-1.7267,-0.4131,-1.6497,-0.6149,0.2626,FOLLOW
31.692,-1.6462,-0.5921,-2.1582,-1.7269,-0.414,-1.6497,-0.6149,0.2617,FOLLOW
31.712,-1.6468,-0.593,-2.151,-1.7271,-0.415,-1.6512,-0.6171,0.2606,FOLLOW
31.732,-1.6475,-0.594,-2.1442,-1.7273,-0.4161,-1.6512,-0.6171,0.2594,FOLLOW
31.752,-1.6482,-0.595,-2.1378,-1.7275,-0.4171,-1.6512,-0.6171,0.2581,FOLLOW
31.772,-1.6488,-0.596,-2.132,-1.7276,-0.4182,-1.6512,-0.6171,0.2569,FOLLOW
31.792,-1.6494,-0.597,-2.1266,-1.7278,-0.4193,-1.6512,-0.6171,0.2558,FOLLOW
31.812,-1.6495,-0.5972,-2.1212,-1.728,-0.4203,-1.6547,-0.6225,0.2556,FOLLOW_TURN
31.832,-1.6494,-0.597,-2.1153,-1.728,-0.4204,-1.6547,-0.6225,0.2557,FOLLOW_TURN
31.852,-1.6493,-0.5969,-2.109,-1.728,-0.4204,-1.6547,-0.6225,0.2559,FOLLOW_TURN
31.872,-1.6492,-0.5967,-2.1022,-1.728,-0.4204,-1.6547,-0.6225,0.256,FOLLOW_TURN
31.892,-1.6491,-0.5966,-2.095,-1.728,-0.4204,-1.6547,-0.6225,0.2561,FOLLOW_TURN
31.912,-1.6489,-0.5964,-2.0873,-1.728,-0.4204,-1.6547,-0.6226,0.2563,FOLLOW_TURN
31.932,-1.6488,-0.5961,-2.0791,-1.728,-0.4204,-1.6547,-0.6226,0.2566,FOLLOW_TURN
31.952,-1.6486,-0.5958,-2.0704,-1.728,-0.4204,-1.6547,-0.6226,0.2569,FOLLOW_TURN
31.972,-1.6484,-0.5955,-2.0613,-1.728,-0.4204,-1.6547,-0.6226,0.2572,FOLLOW_TURN
31.992,-1.6483,-0.5953,-2.0517,-1.728,-0.4204,-1.6547,-0.6226,0.2574,FOLLOW_TURN
32.012,-1.6482,-0.595,-2.0417,-1.728,-0.4204,-1.6547,-0.6226,0.2575,FOLLOW_TURN
32.032,-1.6481,-0.5948,-2.0313,-1.728,-0.4204,-1.6547,-0.6226,0.2577,FOLLOW_TURN
32.052,-1.648,-0.5947,-2.0204,-1.728,-0.4204,-1.6547,-0.6226,0.2578,FOLLOW_TURN
32.072,-1.6479,-0.5945,-2.009,-1.728,-0.4204,-1.6547,-0.6226,0.2578,FOLLOW_TURN
32.092,-1.6479,-0.5944,-1.9972,-1.728,-0.4204,-1.6547,-0.6226,0.2579,FOLLOW_TURN
32.112,-1.6478,-0.5943,-1.9852,-1.728,-0.4204,-1.6547,-0.6226,0.2579,FOLLOW_TURN
32.132,-1.6478,-0.5942,-1.9732,-1.728,-0.4204,-1.6547,-0.6226,0.2578,FOLLOW_TURN
32.152,-1.6477,-0.5941,-1.9612,-1.728,-0.4204,-1.6547,-0.6226,0.2578,FOLLOW_TURN
32.172,-1.6477,-0.594,-1.9492,-1.728,-0.4204,-1.6547,-0.6226,0.2578,FOLLOW_TURN
32.192,-1.6477,-0.5939,-1.9372,-1.728,-0.4204,-1.6547,-0.6226,0.2578,FOLLOW_TURN
32.212,-1.6476,-0.5938,-1.9252,-1.728,-0.4204,-1.6547,-0.6226,0.2578,FOLLOW_TURN
32.232,-1.6476,-0.5937,-1.9132,-1.728,-0.4204,-1.6547,-0.6226,0.2578,FOLLOW_TURN
32.252,-1.6475,-0.5936,-1.9012,-1.728,-0.4204,-1.6547,-0.6226,0.2577,FOLLOW_TURN
32.272,-1.6475,-0.5935,-1.8892,-1.728,-0.4204,-1.6547,-0.6226,0.2577,FOLLOW_TURN
32.292,-1.6475,-0.5934,-1.8772,-1.728,-0.4204,-1.6547,-0.6226,0.2576,FOLLOW_TURN
32.312,-1.6474,-0.5933,-1.8652,-1.728,-0.4204,-1.6547,-0.6226,0.2576,FOLLOW_TURN
32.332,-1.6474,-0.5932,-1.8532,-1.728,-0.4204,-1.6547,-0.6226,0.2575,FOLLOW_TURN
32.352,-1.6474,-0.5931,-1.8412,-1.728,-0.4204,-1.6547,-0.6226,0.2575,FOLLOW_TURN
32.372,-1.6473,-0.593,-1.8292,-1.728,-0.4204,-1.6547,-0.6226,0.2574,FOLLOW_TURN
32.392,-1.6473,-0.5929,-1.8172,-1.728,-0.4204,-1.6547,-0.6226,0.2574,FOLLOW_TURN
32.412,-1.6473,-0.5928,-1.8052,-1.728,-0.4204,-1.6547,-0.6226,0.2573,FOLLOW_TURN
32.432,-1.6472,-0.5927,-1.7932,-1.728,-0.4204,-1.6547,-0.6226,0.2572,FOLLOW_TURN
32.452,-1.6472,-0.5926,-1.7812,-1.728,-0.4204,-1.6547,-0.6226,0.2572,FOLLOW_TURN
32.472,-1.6472,-0.5925,-1.7692,-1.728,-0.4204,-1.6547,-0.6226,0.2571,FOLLOW_TURN
32.492,-1.6472,-0.5924,-1.7572,-1.728,-0.4204,-1.6547,-0.6226,0.257,FOLLOW_TURN
32.512,-1.6471,-0.5923,-1.7452,-1.728,-0.4204,-1.6547,-0.6226,0.2569,FOLLOW_TURN
32.532,-1.6471,-0.5922,-1.7332,-1.728,-0.4204,-1.6547,-0.6226,0.2568,FOLLOW_TURN
32.552,-1.6471,-0.5921,-1.7212,-1.728,-0.4204,-1.6547,-0.6226,0.2567,FOLLOW_TURN
32.572,-1.6471,-0.592,-1.7092,-1.728,-0.4204,-1.6547,-0.6226,0.2566,FOLLOW_TURN
32.592,-1.6471,-0.5919,-1.6972,-1.728,-0.4204,-1.6547,-0.6226,0.2565,FOLLOW_TURN
32.612,-1.647,-0.5918,-1.6852,-1.728,-0.4204,-1.6547,-0.6226,0.2564,FOLLOW_TURN
32.632,-1.647,-0.5917,-1.6732,-1.728,-0.4204,-1.6547,-0.6226,0.2563,FOLLOW_TURN
32.652,-1.647,-0.5915,-1.6612,-1.728,-0.4204,-1.6547,-0.6226,0.2562,FOLLOW_TURN
32.672,-1.647,-0.5914,-1.6492,-1.728,-0.4204,-1.6547,-0.6226,0.256,FOLLOW_TURN
32.692,-1.647,-0.5913,-1.6372,-1.728,-0.4204,-1.6547,-0.6226,0.2559,FOLLOW_TURN
32.712,-1.647,-0.5912,-1.6252,-1.728,-0.4204,-1.6547,-0.6226,0.2558,FOLLOW_TURN
32.732,-1.647,-0.5911,-1.6132,-1.728,-0.4204,-1.6547,-0.6226,0.2556,FOLLOW_TURN
32.752,-1.647,-0.591,-1.6012,-1.728,-0.4204,-1.6547,-0.6226,0.2555,FOLLOW_TURN
32.772,-1.647,-0.5909,-1.5892,-1.728,-0.4204,-1.6547,-0.6226,0.2553,FOLLOW_TURN
32.792,-1.647,-0.5908,-1.5772,-1.728,-0.4204,-1.6547,-0.6226,0.2552,FOLLOW_TURN
32.812,-1.647,-0.5908,-1.5654,-1.728,-0.4204,-1.6547,-0.6226,0.2549,FOLLOW_TURN
32.832,-1.6469,-0.5912,-1.554,-1.7279,-0.4206,-1.6547,-0.6226,0.2545,FOLLOW_TURN
32.852,-1.6469,-0.5918,-1.5429,-1.7277,-0.4211,-1.6547,-0.6226,0.2538,FOLLOW
32.872,-1.6469,-0.5927,-1.5322,-1.7269,-0.4229,-1.6547,-0.6226,0.2528,FOLLOW
32.892,-1.6468,-0.5938,-1.5219,-1.7264,-0.4238,-1.6547,-0.6226,0.2518,FOLLOW
32.912,-1.6467,-0.595,-1.5119,-1.7264,-0.4238,-1.6546,-0.6253,0.2507,FOLLOW
32.932,-1.6466,-0.5965,-1.5023,-1.7259,-0.4248,-1.6546,-0.6253,0.2494,FOLLOW
32.952,-1.6464,-0.5984,-1.4932,-1.7252,-0.4262,-1.6546,-0.6253,0.2479,FOLLOW
32.972,-1.6463,-0.6005,-1.4844,-1.7234,-0.4298,-1.6546,-0.6253,0.2461,FOLLOW
32.992,-1.646,-0.6028,-1.476,-1.7234,-0.4298,-1.6546,-0.6253,0.2443,FOLLOW
33.012,-1.6458,-0.6051,-1.468,-1.7225,-0.4315,-1.6541,-0.6329,0.2425,FOLLOW
33.032,-1.6454,-0.6078,-1.4604,-1.7215,-0.4335,-1.6541,-0.6329,0.2404,FOLLOW
33.052,-1.6451,-0.6108,-1.4532,-1.7204,-0.4357,-1.6541,-0.6329,0.2382,FOLLOW
33.072,-1.6447,-0.6138,-1.4464,-1.7192,-0.438,-1.6541,-0.6329,0.236,FOLLOW
33.092,-1.6443,-0.6168,-1.4399,-1.7168,-0.4426,-1.6528,-0.6447,0.2338,FOLLOW
33.112,-1.6439,-0.6199,-1.4339,-1.7168,-0.4426,-1.6528,-0.6447,0.2315,FOLLOW
33.132,-1.6434,-0.6232,-1.4282,-1.7157,-0.4448,-1.6528,-0.6447,0.2292,FOLLOW
33.152,-1.643,-0.6264,-1.423,-1.7145,-0.4471,-1.6528,-0.6447,0.227,FOLLOW
33.172,-1.6425,-0.6296,-1.4181,-1.7122,-0.4517,-1.6528,-0.6447,0.2248,FOLLOW
33.192,-1.642,-0.6328,-1.4136,-1.7122,-0.4517,-1.6528,-0.6447,0.2226,FOLLOW
33.212,-1.6415,-0.6358,-1.4094,-1.7111,-0.454,-1.651,-0.6574,0.2205,FOLLOW
33.232,-1.6409,-0.6392,-1.4057,-1.7099,-0.4565,-1.651,-0.6574,0.2183,FOLLOW
33.252,-1.6403,-0.6428,-1.4024,-1.7085,-0.4593,-1.651,-0.6574,0.216,FOLLOW
33.272,-1.6397,-0.6465,-1.3995,-1.707,-0.4623,-1.651,-0.6574,0.2136,FOLLOW
33.292,-1.6391,-0.6501,-1.397,-1.7055,-0.4654,-1.651,-0.6574,0.2113,FOLLOW
33.312,-1.6384,-0.6537,-1.3948,-1.704,-0.4685,-1.6485,-0.6725,0.2091,FOLLOW
33.332,-1.6378,-0.6572,-1.3931,-1.701,-0.4747,-1.6485,-0.6725,0.2069,FOLLOW
33.352,-1.6371,-0.6608,-1.3917,-1.701,-0.4747,-1.6485,-0.6725,0.2048,FOLLOW
33.372,-1.6365,-0.6643,-1.3908,-1.6995,-0.4778,-1.6485,-0.6725,0.2027,FOLLOW
33.392,-1.6359,-0.6678,-1.3902,-1.6965,-0.4839,-1.6455,-0.6893,0.2006,FOLLOW
33.412,-1.6353,-0.6711,-1.3896,-1.695,-0.487,-1.6455,-0.6893,0.1986,FOLLOW
33.432,-1.6346,-0.6745,-1.3888,-1.695,-0.487,-1.6455,-0.6893,0.1967,FOLLOW
33.452,-1.634,-0.6779,-1.388,-1.6935,-0.4901,-1.6455,-0.6893,0.1947,FOLLOW
33.472,-1.6334,-0.6812,-1.3871,-1.692,-0.4932,-1.6455,-0.6893,0.1928,FOLLOW
33.492,-1.6328,-0.6846,-1.3863,-1.6905,-0.4963,-1.6455,-0.6893,0.1909,FOLLOW
33.512,-1.6321,-0.688,-1.3854,-1.689,-0.4994,-1.6424,-0.7062,0.189,FOLLOW
33.532,-1.6315,-0.6913,-1.3846,-1.6875,-0.5025,-1.6424,-0.7062,0.1871,FOLLOW
33.552,-1.6309,-0.6947,-1.3837,-1.686,-0.5056,-1.6424,-0.7062,0.1853,FOLLOW
33.572,-1.6302,-0.6981,-1.3829,-1.6845,-0.5086,-1.6424,-0.7062,0.1834,FOLLOW
33.592,-1.6296,-0.7014,-1.3821,-1.6815,-0.5148,-1.6424,-0.7062,0.1816,FOLLOW
33.612,-1.629,-0.7047,-1.381,-1.6815,-0.5148,-1.6392,-0.7231,0.1799,FOLLOW
33.632,-1.6283,-0.708,-1.3797,-1.68,-0.5178,-1.6392,-0.7231,0.1781,FOLLOW
33.652,-1.6277,-0.7112,-1.3784,-1.6771,-0.5238,-1.6392,-0.7231,0.1764,FOLLOW
33.672,-1.6271,-0.7145,-1.3771,-1.6771,-0.5238,-1.6392,-0.7231,0.1747,FOLLOW
33.692,-1.6264,-0.7177,-1.3757,-1.6756,-0.5268,-1.6392,-0.7231,0.173,FOLLOW
33.712,-1.6258,-0.721,-1.3744,-1.6741,-0.5298,-1.636,-0.7396,0.1714,FOLLOW
33.732,-1.6251,-0.7243,-1.3731,-1.6711,-0.5357,-1.636,-0.7396,0.1698,FOLLOW
33.752,-1.6245,-0.7275,-1.3718,-1.6711,-0.5357,-1.636,-0.7396,0.1682,FOLLOW
33.772,-1.6238,-0.7308,-1.3704,-1.6696,-0.5387,-1.636,-0.7396,0.1666,FOLLOW
33.792,-1.6232,-0.734,-1.3691,-1.6681,-0.5417,-1.636,-0.7396,0.165,FOLLOW
33.812,-1.6225,-0.7371,-1.3676,-1.6666,-0.5447,-1.6327,-0.7559,0.1635,FOLLOW
33.832,-1.6219,-0.7402,-1.3657,-1.6652,-0.5475,-1.6327,-0.7559,0.1621,FOLLOW
33.852,-1.6212,-0.7432,-1.3635,-1.6637,-0.5503,-1.6327,-0.7559,0.1606,FOLLOW
33.872,-1.6206,-0.7463,-1.3613,-1.6623,-0.5531,-1.6327,-0.7559,0.1592,FOLLOW
33.892,-1.6199,-0.7494,-1.3591,-1.6608,-0.5559,-1.6295,-0.7716,0.1578,FOLLOW
33.912,-1.6193,-0.7525,-1.3569,-1.6579,-0.5615,-1.6295,-0.7716,0.1564,FOLLOW
33.932,-1.6186,-0.7555,-1.3547,-1.6579,-0.5615,-1.6295,-0.7716,0.1551,FOLLOW
33.952,-1.6179,-0.7586,-1.3525,-1.6564,-0.5643,-1.6295,-0.7716,0.1538,FOLLOW
33.972,-1.6172,-0.7617,-1.3503,-1.655,-0.5671,-1.6295,-0.7716,0.1524,FOLLOW
33.992,-1.6166,-0.7647,-1.3481,-1.6535,-0.5699,-1.6295,-0.7716,0.1512,FOLLOW
34.012,-1.6159,-0.7676,-1.3457,-1.652,-0.5727,-1.6261,-0.787,0.15,FOLLOW
34.032,-1.6153,-0.7704,-1.3429,-1.6506,-0.5753,-1.6261,-0.787,0.1488,FOLLOW
34.052,-1.6146,-0.7733,-1.3398,-1.6492,-0.5779,-1.6261,-0.787,0.1476,FOLLOW
34.072,-1.6139,-0.7761,-1.3366,-1.6477,-0.5805,-1.6261,-0.787,0.1465,FOLLOW
34.092,-1.6132,-0.779,-1.3334,-1.6463,-0.5831,-1.6261,-0.787,0.1454,FOLLOW
34.112,-1.6125,-0.7819,-1.3303,-1.6449,-0.5857,-1.6227,-0.8016,0.1443,FOLLOW
34.132,-1.6118,-0.7847,-1.3271,-1.6434,-0.5883,-1.6227,-0.8016,0.1432,FOLLOW
34.152,-1.6111,-0.7876,-1.3239,-1.642,-0.5909,-1.6227,-0.8016,0.1422,FOLLOW
34.172,-1.6104,-0.7904,-1.3208,-1.6405,-0.5935,-1.6227,-0.8016,0.1412,FOLLOW
34.192,-1.6097,-0.7933,-1.3176,-1.639,-0.5961,-1.6227,-0.8016,0.1402,FOLLOW
34.212,-1.609,-0.7959,-1.3143,-1.6376,-0.5986,-1.6191,-0.816,0.1393,FOLLOW
34.232,-1.6083,-0.7985,-1.3105,-1.6362,-0.601,-1.6191,-0.816,0.1384,FOLLOW
34.252,-1.6076,-0.8012,-1.3064,-1.6348,-0.6034,-1.6191,-0.816,0.1375,FOLLOW
34.272,-1.6068,-0.8038,-1.3022,-1.6334,-0.6058,-1.6191,-0.816,0.1367,FOLLOW
34.292,-1.6061,-0.8064,-1.2981,-1.6319,-0.6082,-1.6191,-0.816,0.1358,FOLLOW
34.312,-1.6054,-0.8091,-1.2939,-1.6305,-0.6106,-1.6155,-0.8296,0.135,FOLLOW
34.332,-1.6046,-0.8117,-1.2897,-1.6291,-0.6129,-1.6155,-0.8296,0.1343,FOLLOW
34.352,-1.6039,-0.8143,-1.2856,-1.6276,-0.6153,-1.6155,-0.8296,0.1335,FOLLOW
34.372,-1.6031,-0.8169,-1.2814,-1.6262,-0.6176,-1.6155,-0.8296,0.1328,FOLLOW
34.392,-1.6023,-0.8195,-1.2773,-1.6247,-0.62,-1.6155,-0.8296,0.1321,FOLLOW
34.412,-1.6015,-0.822,-1.2729,-1.6232,-0.6223,-1.6117,-0.8429,0.1314,FOLLOW
34.432,-1.6008,-0.8245,-1.2682,-1.6218,-0.6246,-1.6117,-0.8429,0.1308,FOLLOW
34.452,-1.6,-0.827,-1.2635,-1.6204,-0.6268,-1.6117,-0.8429,0.1302,FOLLOW
34.472,-1.5992,-0.8295,-1.2587,-1.6189,-0.629,-1.6117,-0.8429,0.1296,FOLLOW
34.492,-1.5984,-0.832,-1.254,-1.6175,-0.6312,-1.6117,-0.8429,0.129,FOLLOW
34.512,-1.5976,-0.8345,-1.2492,-1.6145,-0.6357,-1.6077,-0.8557,0.1285,FOLLOW
34.532,-1.5967,-0.8369,-1.2445,-1.6145,-0.6357,-1.6077,-0.8557,0.128,FOLLOW
34.552,-1.5959,-0.8394,-1.2397,-1.613,-0.6378,-1.6077,-0.8557,0.1275,FOLLOW
34.572,-1.595,-0.8419,-1.235,-1.61,-0.6422,-1.6077,-0.8557,0.1271,FOLLOW
34.592,-1.5942,-0.8443,-1.2302,-1.61,-0.6422,-1.6077,-0.8557,0.1267,FOLLOW
34.612,-1.5939,-0.8456,-1.2254,-1.6085,-0.6444,-1.6077,-0.8557,0.1262,FOLLOW
34.632,-1.5938,-0.846,-1.22,-1.608,-0.6451,-1.6077,-0.8557,0.126,FOLLOW
34.652,-1.5936,-0.8465,-1.2142,-1.6076,-0.6456,-1.6035,-0.8683,0.1257,LEAVE
34.672,-1.5935,-0.8469,-1.2079,-1.6072,-0.6461,-1.6035,-0.8683,0.1255,LEAVE
34.692,-1.5933,-0.8473,-1.2012,-1.6069,-0.6467,-1.6035,-0.8683,0.1253,LEAVE
34.712,-1.5933,-0.8475,-1.194,-1.6064,-0.6472,-1.6016,-0.8734,0.125,GO_GOAL
34.732,-1.5934,-0.8474,-1.1864,-1.6064,-0.6472,-1.6016,-0.8734,0.1246,GO_GOAL
34.752,-1.5936,-0.847,-1.1783,-1.6064,-0.6472,-1.6016,-0.8734,0.1244,GO_GOAL
34.772,-1.5937,-0.8467,-1.1697,-1.6064,-0.6472,-1.6016,-0.8734,0.1241,GO_GOAL
34.792,-1.5938,-0.8464,-1.1607,-1.6064,-0.6472,-1.6016,-0.8734,0.1239,GO_GOAL
34.812,-1.594,-0.8461,-1.1513,-1.6064,-0.6472,-1.6014,-0.8741,0.1236,GO_GOAL
34.832,-1.5941,-0.8459,-1.1415,-1.6064,-0.6472,-1.6014,-0.8741,0.1233,GO_GOAL
34.852,-1.5942,-0.8457,-1.1312,-1.6064,-0.6472,-1.6014,-0.8741,0.1229,GO_GOAL
34.872,-1.5942,-0.8455,-1.1204,-1.6064,-0.6472,-1.6014,-0.8741,0.1226,GO_GOAL
34.892,-1.5943,-0.8454,-1.1092,-1.6064,-0.6472,-1.6014,-0.8741,0.1222,GO_GOAL
34.912,-1.5944,-0.8452,-1.0976,-1.6064,-0.6472,-1.6014,-0.8741,0.1219,GO_GOAL
34.932,-1.5944,-0.8451,-1.0856,-1.6064,-0.6472,-1.6014,-0.8741,0.1215,GO_GOAL
34.952,-1.5945,-0.845,-1.0736,-1.6064,-0.6472,-1.6014,-0.8741,0.1211,GO_GOAL
34.972,-1.5945,-0.845,-1.0616,-1.6064,-0.6472,-1.6014,-0.8741,0.1207,GO_GOAL
34.992,-1.5946,-0.8449,-1.0496,-1.6064,-0.6472,-1.6014,-0.8741,0.1203,GO_GOAL
35.012,-1.5946,-0.8448,-1.0376,-1.6064,-0.6472,-1.6014,-0.8741,0.1199,GO_GOAL
35.032,-1.5947,-0.8447,-1.0256,-1.6064,-0.6472,-1.6014,-0.8741,0.1195,GO_GOAL
35.052,-1.5947,-0.8446,-1.0136,-1.6064,-0.6472,-1.6014,-0.8741,0.1191,GO_GOAL
35.072,-1.5948,-0.8445,-1.0016,-1.6064,-0.6472,-1.6014,-0.8741,0.1188,GO_GOAL
35.092,-1.5948,-0.8444,-0.9896,-1.6064,-0.6472,-1.6014,-0.8741,0.1184,GO_GOAL
35.112,-1.5949,-0.8443,-0.9776,-1.6064,-0.6472,-1.6014,-0.8741,0.118,GO_GOAL
35.132,-1.5949,-0.8442,-0.9656,-1.6064,-0.6472,-1.6014,-0.8741,0.1176,GO_GOAL
35.152,-1.595,-0.8441,-0.9536,-1.6064,-0.6472,-1.6014,-0.8741,0.1172,GO_GOAL
35.172,-1.5951,-0.844,-0.9416,-1.6064,-0.6472,-1.6014,-0.8741,0.1168,GO_GOAL
35.192,-1.5951,-0.8439,-0.9296,-1.6064,-0.6472,-1.6014,-0.8741,0.1164,GO_GOAL
35.212,-1.5952,-0.8439,-0.9176,-1.6064,-0.6472,-1.6014,-0.8741,0.116,GO_GOAL
35.232,-1.5952,-0.8438,-0.9056,-1.6064,-0.6472,-1.6014,-0.8741,0.1156,GO_GOAL
35.252,-1.5953,-0.8437,-0.8936,-1.6064,-0.6472,-1.6014,-0.8741,0.1152,GO_GOAL
35.272,-1.5954,-0.8436,-0.8816,-1.6064,-0.6472,-1.6014,-0.8741,0.1148,GO_GOAL
35.292,-1.5954,-0.8435,-0.8696,-1.6064,-0.6472,-1.6014,-0.8741,0.1144,GO_GOAL
35.312,-1.5955,-0.8434,-0.8576,-1.6064,-0.6472,-1.6014,-0.8741,0.114,GO_GOAL
35.332,-1.5956,-0.8433,-0.8456,-1.6064,-0.6472,-1.6014,-0.8741,0.1136,GO_GOAL
35.352,-1.5956,-0.8433,-0.8336,-1.6064,-0.6472,-1.6014,-0.8741,0.1132,GO_GOAL
35.372,-1.5957,-0.8432,-0.8216,-1.6064,-0.6472,-1.6014,-0.8741,0.1128,GO_GOAL
35.392,-1.5958,-0.8431,-0.8096,-1.6064,-0.6472,-1.6014,-0.8741,0.1124,GO_GOAL
35.412,-1.5959,-0.843,-0.7976,-1.6064,-0.6472,-1.6014,-0.8741,0.112,GO_GOAL
35.432,-1.5959,-0.8429,-0.7856,-1.6064,-0.6472,-1.6014,-0.8741,0.1117,GO_GOAL
35.452,-1.596,-0.8429,-0.7736,-1.6064,-0.6472,-1.6014,-0.8741,0.1113,GO_GOAL
35.472,-1.5961,-0.8428,-0.7616,-1.6064,-0.6472,-1.6014,-0.8741,0.1109,GO_GOAL
35.492,-1.5962,-0.8427,-0.7496,-1.6064,-0.6472,-1.6014,-0.8741,0.1105,GO_GOAL
35.512,-1.5962,-0.8426,-0.7376,-1.6064,-0.6472,-1.6014,-0.8741,0.1101,GO_GOAL
35.532,-1.5963,-0.8426,-0.7256,-1.6064,-0.6472,-1.6014,-0.8741,0.1097,GO_GOAL
35.552,-1.5964,-0.8425,-0.7136,-1.6064,-0.6472,-1.6014,-0.8741,0.1093,GO_GOAL
35.572,-1.5965,-0.8424,-0.7016,-1.6064,-0.6472,-1.6014,-0.8741,0.1089,GO_GOAL
35.592,-1.5966,-0.8423,-0.6896,-1.6064,-0.6472,-1.6014,-0.8741,0.1085,GO_GOAL
35.612,-1.5966,-0.8423,-0.6776,-1.6064,-0.6472,-1.6014,-0.8741,0.1081,GO_GOAL
35.632,-1.5967,-0.8422,-0.6656,-1.6064,-0.6472,-1.6014,-0.8741,0.1077,GO_GOAL
35.652,-1.5968,-0.8421,-0.6536,-1.6064,-0.6472,-1.6014,-0.8741,0.1073,GO_GOAL
35.672,-1.5969,-0.8421,-0.6416,-1.6064,-0.6472,-1.6014,-0.8741,0.107,GO_GOAL
35.692,-1.597,-0.842,-0.6296,-1.6064,-0.6472,-1.6014,-0.8741,0.1066,GO_GOAL
35.712,-1.5971,-0.8419,-0.6176,-1.6064,-0.6472,-1.6014,-0.8741,0.1062,GO_GOAL
35.732,-1.5971,-0.8419,-0.6056,-1.6064,-0.6472,-1.6014,-0.8741,0.1058,GO_GOAL
35.752,-1.5972,-0.8418,-0.5936,-1.6064,-0.6472,-1.6014,-0.8741,0.1054,GO_GOAL
35.772,-1.5973,-0.8417,-0.5816,-1.6064,-0.6472,-1.6014,-0.8741,0.105,GO_GOAL
35.792,-1.5974,-0.8417,-0.5696,-1.6064,-0.6472,-1.6014,-0.8741,0.1047,GO_GOAL
35.812,-1.5975,-0.8416,-0.5576,-1.6064,-0.6472,-1.6014,-0.8741,0.1043,GO_GOAL
35.832,-1.5976,-0.8416,-0.5456,-1.6064,-0.6472,-1.6014,-0.8741,0.1039,GO_GOAL
35.852,-1.5977,-0.8415,-0.5336,-1.6064,-0.6472,-1.6014,-0.8741,0.1035,GO_GOAL
35.872,-1.5978,-0.8414,-0.5216,-1.6064,-0.6472,-1.6014,-0.8741,0.1032,GO_GOAL
35.892,-1.5979,-0.8414,-0.5096,-1.6064,-0.6472,-1.6014,-0.8741,0.1028,GO_GOAL
35.912,-1.5979,-0.8413,-0.4976,-1.6064,-0.6472,-1.6014,-0.8741,0.1024,GO_GOAL
35.932,-1.598,-0.8413,-0.4856,-1.6064,-0.6472,-1.6014,-0.8741,0.102,GO_GOAL
35.952,-1.5981,-0.8412,-0.4736,-1.6064,-0.6472,-1.6014,-0.8741,0.1017,GO_GOAL
35.972,-1.5982,-0.8412,-0.4616,-1.6064,-0.6472,-1.6014,-0.8741,0.1013,GO_GOAL
35.992,-1.5983,-0.8411,-0.4496,-1.6064,-0.6472,-1.6014,-0.8741,0.1009,GO_GOAL
36.012,-1.5984,-0.8411,-0.4376,-1.6064,-0.6472,-1.6014,-0.8741,0.1006,GO_GOAL
36.032,-1.5985,-0.841,-0.4256,-1.6064,-0.6472,-1.6014,-0.8741,0.1002,GO_GOAL
36.052,-1.5986,-0.841,-0.4136,-1.6064,-0.6472,-1.6014,-0.8741,0.0999,GO_GOAL
36.072,-1.5987,-0.8409,-0.4016,-1.6064,-0.6472,-1.6014,-0.8741,0.0995,GO_GOAL
36.092,-1.5988,-0.8409,-0.3896,-1.6064,-0.6472,-1.6014,-0.8741,0.0992,GO_GOAL
36.112,-1.5989,-0.8408,-0.3776,-1.6064,-0.6472,-1.6014,-0.8741,0.0988,GO_GOAL
36.132,-1.599,-0.8408,-0.3656,-1.6064,-0.6472,-1.6014,-0.8741,0.0985,GO_GOAL
36.152,-1.5991,-0.8408,-0.3536,-1.6064,-0.6472,-1.6014,-0.8741,0.0981,GO_GOAL
36.172,-1.5992,-0.8407,-0.3416,-1.6064,-0.6472,-1.6014,-0.8741,0.0978,GO_GOAL
36.192,-1.5993,-0.8407,-0.3296,-1.6064,-0.6472,-1.6014,-0.8741,0.0974,GO_GOAL
36.212,-1.5994,-0.8406,-0.3176,-1.6064,-0.6472,-1.6014,-0.8741,0.0971,GO_GOAL
36.232,-1.5995,-0.8406,-0.3056,-1.6064,-0.6472,-1.6014,-0.8741,0.0968,GO_GOAL
36.252,-1.5996,-0.8406,-0.2936,-1.6064,-0.6472,-1.6014,-0.8741,0.0964,GO_GOAL
36.272,-1.5997,-0.8405,-0.2816,-1.6064,-0.6472,-1.6014,-0.8741,0.0961,GO_GOAL
36.292,-1.5998,-0.8405,-0.2696,-1.6064,-0.6472,-1.6014,-0.8741,0.0958,GO_GOAL
36.312,-1.5999,-0.8405,-0.2576,-1.6064,-0.6472,-1.6014,-0.8741,0.0954,GO_GOAL
36.332,-1.6,-0.8404,-0.2456,-1.6064,-0.6472,-1.6014,-0.8741,0.0951,GO_GOAL
36.352,-1.6001,-0.8404,-0.2336,-1.6064,-0.6472,-1.6014,-0.8741,0.0948,GO_GOAL
36.372,-1.6002,-0.8404,-0.2216,-1.6064,-0.6472,-1.6014,-0.8741,0.0945,GO_GOAL
36.392,-1.6003,-0.8404,-0.2096,-1.6064,-0.6472,-1.6014,-0.8741,0.0942,GO_GOAL
36.412,-1.6005,-0.8403,-0.1974,-1.6064,-0.6472,-1.6014,-0.8741,0.0938,GO_GOAL
36.432,-1.6003,-0.8403,-0.1849,-1.6062,-0.6472,-1.6014,-0.8741,0.0938,GO_GOAL
36.452,-1.5997,-0.8404,-0.172,-1.6057,-0.6471,-1.6014,-0.8741,0.094,GO_GOAL
36.472,-1.5991,-0.8406,-0.1587,-1.6047,-0.647,-1.6014,-0.8741,0.0943,GO_GOAL
36.492,-1.5984,-0.8407,-0.1451,-1.6037,-0.6468,-1.6014,-0.8741,0.0947,GO_GOAL
36.512,-1.5977,-0.8407,-0.1311,-1.6028,-0.6467,-1.5987,-0.8745,0.095,GO_GOAL
36.532,-1.5967,-0.8409,-0.1167,-1.6016,-0.6464,-1.5987,-0.8745,0.0956,GO_GOAL
36.552,-1.5954,-0.841,-0.102,-1.6001,-0.6461,-1.5987,-0.8745,0.0966,GO_GOAL
36.572,-1.5939,-0.8411,-0.087,-1.5982,-0.6456,-1.5987,-0.8745,0.0976,GO_GOAL
36.592,-1.5924,-0.8413,-0.0716,-1.5962,-0.6451,-1.5987,-0.8745,0.0987,GO_GOAL
36.612,-1.591,-0.8413,-0.0558,-1.5943,-0.6446,-1.5911,-0.8754,0.0998,GO_GOAL
36.632,-1.5895,-0.8414,-0.0397,-1.5922,-0.644,-1.5911,-0.8754,0.1009,GO_GOAL
36.652,-1.588,-0.8414,-0.0232,-1.5901,-0.6433,-1.5911,-0.8754,0.1021,GO_GOAL
36.672,-1.5865,-0.8415,-0.0064,-1.588,-0.6425,-1.5911,-0.8754,0.1032,GO_GOAL
36.692,-1.5849,-0.8415,0.0108,-1.5859,-0.6417,-1.5911,-0.8754,0.1045,GO_GOAL
36.712,-1.5831,-0.8414,0.0282,-1.5838,-0.6408,-1.5802,-0.8758,0.1059,GO_GOAL
36.732,-1.5812,-0.8413,0.046,-1.5816,-0.6399,-1.5802,-0.8758,0.1076,GO_GOAL
36.752,-1.5792,-0.8412,0.0641,-1.5793,-0.6388,-1.5802,-0.8758,0.1092,GO_GOAL
36.772,-1.5773,-0.8411,0.0826,-1.577,-0.6377,-1.5802,-0.8758,0.1109,GO_GOAL
36.792,-1.5753,-0.8409,0.1015,-1.5748,-0.6365,-1.5802,-0.8758,0.1127,GO_GOAL
36.812,-1.5728,-0.8406,0.1207,-1.5726,-0.6353,-1.5679,-0.8753,0.1149,GO_GOAL
36.832,-1.5702,-0.8403,0.1402,-1.5703,-0.6339,-1.5679,-0.8753,0.1173,GO_GOAL
36.852,-1.5676,-0.8399,0.1598,-1.5679,-0.6325,-1.5679,-0.8753,0.1197,GO_GOAL
36.872,-1.5651,-0.8394,0.1795,-1.5655,-0.631,-1.5679,-0.8753,0.1221,GO_GOAL
36.892,-1.5625,-0.8389,0.1992,-1.5632,-0.6294,-1.5679,-0.8753,0.1246,GO_GOAL
36.912,-1.5598,-0.8383,0.2186,-1.5609,-0.6278,-1.5545,-0.8734,0.1273,GO_GOAL
36.932,-1.5568,-0.8376,0.2376,-1.5585,-0.6261,-1.5545,-0.8734,0.1302,GO_GOAL
36.952,-1.5538,-0.8368,0.2563,-1.5561,-0.6242,-1.5545,-0.8734,0.1333,GO_GOAL
36.972,-1.5508,-0.836,0.2745,-1.5536,-0.6224,-1.5545,-0.8734,0.1363,GO_GOAL
36.992,-1.5479,-0.8352,0.2923,-1.5512,-0.6204,-1.5545,-0.8734,0.1393,GO_GOAL
37.012,-1.5448,-0.8342,0.3096,-1.5489,-0.6185,-1.5399,-0.8699,0.1425,GO_GOAL
37.032,-1.5415,-0.8331,0.3265,-1.5464,-0.6164,-1.5399,-0.8699,0.1459,GO_GOAL
37.052,-1.5382,-0.8319,0.343,-1.544,-0.6143,-1.5399,-0.8699,0.1494,GO_GOAL
37.072,-1.535,-0.8307,0.3591,-1.5391,-0.6099,-1.5399,-0.8699,0.1529,GO_GOAL
37.092,-1.5318,-0.8295,0.3747,-1.5391,-0.6099,-1.5399,-0.8699,0.1563,GO_GOAL
37.112,-1.5285,-0.8281,0.3899,-1.5367,-0.6076,-1.5247,-0.8648,0.1599,GO_GOAL
37.132,-1.525,-0.8267,0.4046,-1.5342,-0.6053,-1.5247,-0.8648,0.1637,GO_GOAL
37.152,-1.5215,-0.8252,0.4188,-1.5318,-0.6029,-1.5247,-0.8648,0.1675,GO_GOAL
37.172,-1.5182,-0.8236,0.4327,-1.5293,-0.6005,-1.5247,-0.8648,0.1712,GO_GOAL
37.192,-1.5148,-0.8221,0.446,-1.5269,-0.598,-1.5247,-0.8648,0.1749,GO_GOAL
37.212,-1.5114,-0.8204,0.459,-1.5245,-0.5956,-1.509,-0.8581,0.1788,GO_GOAL
37.232,-1.5078,-0.8186,0.4714,-1.5221,-0.5931,-1.509,-0.8581,0.1828,GO_GOAL
37.252,-1.5044,-0.8168,0.4834,-1.5196,-0.5905,-1.509,-0.8581,0.1867,GO_GOAL
37.272,-1.5009,-0.815,0.495,-1.5172,-0.5879,-1.509,-0.8581,0.1906,GO_GOAL
37.292,-1.4976,-0.8131,0.5061,-1.5148,-0.5853,-1.509,-0.8581,0.1945,GO_GOAL
37.312,-1.4941,-0.8111,0.5167,-1.5124,-0.5827,-1.4934,-0.8502,0.1984,GO_GOAL
37.332,-1.4906,-0.8091,0.5269,-1.51,-0.5801,-1.4934,-0.8502,0.2025,GO_GOAL
37.352,-1.4871,-0.8071,0.5366,-1.5076,-0.5775,-1.4934,-0.8502,0.2065,GO_GOAL
37.372,-1.4837,-0.8051,0.5459,-1.5053,-0.5748,-1.4934,-0.8502,0.2104,GO_GOAL
37.392,-1.4804,-0.803,0.5547,-1.5029,-0.5721,-1.478,-0.8412,0.2143,GO_GOAL
37.412,-1.477,-0.8008,0.563,-1.4981,-0.5668,-1.478,-0.8412,0.2183,GO_GOAL
37.432,-1.4735,-0.7987,0.5709,-1.4981,-0.5668,-1.478,-0.8412,0.2224,GO_GOAL
37.452,-1.4702,-0.7965,0.5783,-1.4958,-0.564,-1.478,-0.8412,0.2263,GO_GOAL
37.472,-1.4668,-0.7943,0.5852,-1.4934,-0.5613,-1.478,-0.8412,0.2303,GO_GOAL
37.492,-1.4635,-0.7921,0.5917,-1.4887,-0.5559,-1.478,-0.8412,0.2342,GO_GOAL
37.512,-1.4602,-0.7898,0.5977,-1.4863,-0.5532,-1.4599,-0.8296,0.2381,GO_GOAL
37.532,-1.4569,-0.7875,0.6032,-1.4863,-0.5532,-1.4599,-0.8296,0.2421,GO_GOAL
37.552,-1.4536,-0.7853,0.6083,-1.4839,-0.5505,-1.4599,-0.8296,0.246,GO_GOAL
37.572,-1.4503,-0.783,0.6129,-1.4816,-0.5478,-1.4599,-0.8296,0.2499,GO_GOAL
37.592,-1.4471,-0.7807,0.617,-1.4792,-0.5451,-1.4599,-0.8296,0.2538,GO_GOAL
37.612,-1.4439,-0.7784,0.6207,-1.4768,-0.5424,-1.448,-0.8214,0.2576,GO_GOAL
37.632,-1.4407,-0.7761,0.6239,-1.4744,-0.5397,-1.448,-0.8214,0.2615,GO_GOAL
37.652,-1.4375,-0.7738,0.6266,-1.4721,-0.537,-1.448,-0.8214,0.2653,GO_GOAL
37.672,-1.4344,-0.7715,0.6289,-1.4697,-0.5343,-1.448,-0.8214,0.269,GO_GOAL
37.692,-1.4313,-0.7693,0.6307,-1.4673,-0.5316,-1.448,-0.8214,0.2728,GO_GOAL
37.712,-1.4281,-0.767,0.632,-1.4649,-0.5289,-1.4334,-0.8109,0.2765,GO_GOAL
37.732,-1.4251,-0.7648,0.6329,-1.4625,-0.5262,-1.4334,-0.8109,0.2802,GO_GOAL
37.752,-1.422,-0.7625,0.6332,-1.4601,-0.5235,-1.4334,-0.8109,0.2839,GO_GOAL
37.772,-1.419,-0.7603,0.6332,-1.4577,-0.5209,-1.4334,-0.8109,0.2875,GO_GOAL
37.792,-1.416,-0.7581,0.6326,-1.4553,-0.5182,-1.4334,-0.8109,0.2911,GO_GOAL
37.812,-1.413,-0.7559,0.6316,-1.4529,-0.5156,-1.419,-0.8003,0.2947,GO_GOAL
37.832,-1.41,-0.7537,0.6301,-1.4481,-0.5103,-1.419,-0.8003,0.2982,GO_GOAL
37.852,-1.4071,-0.7516,0.6282,-1.4456,-0.5076,-1.419,-0.8003,0.3017,GO_GOAL
37.872,-1.4042,-0.7495,0.6259,-1.4456,-0.5076,-1.419,-0.8003,0.3052,GO_GOAL
37.892,-1.4012,-0.7474,0.6236,-1.4432,-0.505,-1.419,-0.8003,0.3087,GO_GOAL
37.912,-1.3983,-0.7453,0.6214,-1.4408,-0.5023,-1.4045,-0.7897,0.3122,GO_GOAL
37.932,-1.3954,-0.7432,0.6194,-1.4383,-0.4997,-1.4045,-0.7897,0.3157,GO_GOAL
37.952,-1.3924,-0.7411,0.6174,-1.4334,-0.4945,-1.4045,-0.7897,0.3192,GO_GOAL
37.972,-1.3895,-0.739,0.6153,-1.4334,-0.4945,-1.4045,-0.7897,0.3227,GO_GOAL
37.992,-1.3865,-0.7369,0.6133,-1.4285,-0.4893,-1.3898,-0.7793,0.3262,GO_GOAL
38.012,-1.3838,-0.735,0.6114,-1.4285,-0.4893,-1.3898,-0.7793,0.3295,GO_GOAL
38.032,-1.3811,-0.7331,0.6098,-1.4262,-0.4868,-1.3898,-0.7793,0.3327,GO_GOAL
38.052,-1.3783,-0.7312,0.6082,-1.4239,-0.4844,-1.3898,-0.7793,0.336,GO_GOAL
38.072,-1.3756,-0.7293,0.6066,-1.4216,-0.482,-1.3898,-0.7793,0.3392,GO_GOAL
38.092,-1.3729,-0.7274,0.6049,-1.4193,-0.4797,-1.3898,-0.7793,0.3425,GO_GOAL
38.112,-1.3701,-0.7255,0.6035,-1.417,-0.4773,-1.376,-0.7696,0.3457,GO_GOAL
38.132,-1.3674,-0.7236,0.6023,-1.4124,-0.4725,-1.376,-0.7696,0.3489,GO_GOAL
38.152,-1.3647,-0.7217,0.601,-1.4124,-0.4725,-1.376,-0.7696,0.3522,GO_GOAL
38.172,-1.3619,-0.7198,0.5997,-1.4101,-0.4701,-1.376,-0.7696,0.3534,GO_GOAL
38.192,-1.3592,-0.718,0.5985,-1.4078,-0.4677,-1.376,-0.7696,0.3503,GO_GOAL
38.212,-1.3567,-0.7163,0.5974,-1.4055,-0.4654,-1.3624,-0.7602,0.3475,GO_GOAL
38.232,-1.3543,-0.7147,0.5964,-1.4014,-0.4612,-1.3624,-0.7602,0.3448,GO_GOAL
38.252,-1.3519,-0.7131,0.5954,-1.4014,-0.4612,-1.3624,-0.7602,0.3421,GO_GOAL
38.272,-1.3495,-0.7114,0.5943,-1.3994,-0.4592,-1.3624,-0.7602,0.3393,GO_GOAL
38.292,-1.3471,-0.7098,0.5933,-1.3973,-0.4571,-1.3624,-0.7602,0.3366,GO_GOAL
38.312,-1.3447,-0.7082,0.5925,-1.3953,-0.455,-1.35,-0.7518,0.3339,GO_GOAL
38.332,-1.3423,-0.7066,0.5917,-1.3913,-0.4509,-1.35,-0.7518,0.3312,GO_GOAL
38.352,-1.3399,-0.705,0.5909,-1.3913,-0.4509,-1.35,-0.7518,0.3285,GO_GOAL
38.372,-1.3375,-0.7034,0.5901,-1.3892,-0.4489,-1.35,-0.7518,0.3258,GO_GOAL
38.392,-1.3351,-0.7018,0.5893,-1.3872,-0.4468,-1.35,-0.7518,0.3231,GO_GOAL
38.412,-1.3328,-0.7002,0.5887,-1.3852,-0.4448,-1.338,-0.7438,0.3205,GO_GOAL
38.432,-1.3305,-0.6987,0.588,-1.3813,-0.4409,-1.338,-0.7438,0.3179,GO_GOAL
38.452,-1.3282,-0.6972,0.5874,-1.3813,-0.4409,-1.338,-0.7438,0.3153,GO_GOAL
38.472,-1.3259,-0.6956,0.5868,-1.3793,-0.4389,-1.338,-0.7438,0.3128,GO_GOAL
38.492,-1.3236,-0.6941,0.5862,-1.3774,-0.437,-1.338,-0.7438,0.3102,GO_GOAL
38.512,-1.3213,-0.6926,0.5856,-1.3754,-0.435,-1.3264,-0.7361,0.3076,GO_GOAL
38.532,-1.319,-0.691,0.5852,-1.3715,-0.4311,-1.3264,-0.7361,0.3051,GO_GOAL
38.552,-1.3167,-0.6895,0.5847,-1.3715,-0.4311,-1.3264,-0.7361,0.3025,GO_GOAL
38.572,-1.3144,-0.688,0.5842,-1.3676,-0.4272,-1.3264,-0.7361,0.2999,GO_GOAL
38.592,-1.3121,-0.6865,0.5837,-1.3676,-0.4272,-1.3264,-0.7361,0.2974,GO_GOAL
38.612,-1.3101,-0.6851,0.5833,-1.3656,-0.4253,-1.3149,-0.7284,0.2951,GO_GOAL
38.632,-1.3081,-0.6838,0.5829,-1.3639,-0.4236,-1.3149,-0.7284,0.2929,GO_GOAL
38.652,-1.306,-0.6825,0.5825,-1.3622,-0.4219,-1.3149,-0.7284,0.2907,GO_GOAL
38.672,-1.304,-0.6811,0.5821,-1.3605,-0.4202,-1.3149,-0.7284,0.2885,GO_GOAL
38.692,-1.302,-0.6798,0.5817,-1.3588,-0.4185,-1.3149,-0.7284,0.2862,GO_GOAL
38.712,-1.3,-0.6785,0.5814,-1.3571,-0.4168,-1.3046,-0.7216,0.284,GO_GOAL
38.732,-1.298,-0.6772,0.5811,-1.3554,-0.4151,-1.3046,-0.7216,0.2818,GO_GOAL
38.752,-1.296,-0.6759,0.5808,-1.352,-0.4117,-1.3046,-0.7216,0.2796,GO_GOAL
38.772,-1.294,-0.6745,0.5805,-1.3503,-0.4101,-1.3046,-0.7216,0.2774,GO_GOAL
38.792,-1.292,-0.6732,0.5802,-1.3503,-0.4101,-1.3046,-0.7216,0.2752,GO_GOAL
38.812,-1.2902,-0.6721,0.5797,-1.3485,-0.4084,-1.3046,-0.7216,0.2732,GO_GOAL
38.832,-1.2885,-0.6709,0.5787,-1.3472,-0.4071,-1.3046,-0.7216,0.2713,GO_GOAL
38.852,-1.2867,-0.6698,0.5773,-1.3459,-0.4058,-1.2946,-0.715,0.2694,FOLLOW_ARC
38.872,-1.2851,-0.6687,0.5754,-1.3446,-0.4046,-1.2946,-0.715,0.2676,FOLLOW_ARC
38.892,-1.2834,-0.6676,0.5731,-1.342,-0.4021,-1.2946,-0.715,0.2658,FOLLOW_ARC
38.912,-1.2817,-0.6665,0.5703,-1.342,-0.4021,-1.285,-0.7088,0.2639,FOLLOW_ARC
38.932,-1.28,-0.6654,0.567,-1.3407,-0.4008,-1.285,-0.7088,0.262,FOLLOW_ARC
38.952,-1.2783,-0.6643,0.5633,-1.3394,-0.3996,-1.285,-0.7088,0.2601,FOLLOW_ARC
38.972,-1.2766,-0.6633,0.5591,-1.3381,-0.3984,-1.285,-0.7088,0.2582,FOLLOW_ARC
38.992,-1.2749,-0.6623,0.5544,-1.3367,-0.3972,-1.285,-0.7088,0.2564,FOLLOW_ARC
39.012,-1.2733,-0.6613,0.5493,-1.3354,-0.396,-1.2789,-0.7049,0.2546,FOLLOW_ARC
39.032,-1.2717,-0.6603,0.5437,-1.3341,-0.3948,-1.2789,-0.7049,0.2529,FOLLOW_ARC
39.052,-1.2701,-0.6593,0.5377,-1.3327,-0.3936,-1.2789,-0.7049,0.2511,FOLLOW_ARC
39.072,-1.2685,-0.6584,0.5317,-1.3313,-0.3924,-1.2789,-0.7049,0.2494,FOLLOW_ARC
39.092,-1.2669,-0.6574,0.5257,-1.33,-0.3913,-1.2789,-0.7049,0.2477,FOLLOW_ARC
39.112,-1.2653,-0.6565,0.5197,-1.3286,-0.3901,-1.2712,-0.7003,0.2459,FOLLOW_ARC
39.132,-1.2637,-0.6556,0.5137,-1.3272,-0.3889,-1.2712,-0.7003,0.2442,FOLLOW_ARC
39.152,-1.2621,-0.6547,0.5077,-1.3258,-0.3878,-1.2712,-0.7003,0.2425,FOLLOW_ARC
39.172,-1.2604,-0.6538,0.5017,-1.3244,-0.3867,-1.2712,-0.7003,0.2408,FOLLOW_ARC
39.192,-1.2588,-0.6529,0.4957,-1.323,-0.3855,-1.2712,-0.7003,0.2391,FOLLOW_ARC
39.212,-1.2582,-0.6528,0.4898,-1.3216,-0.3844,-1.2618,-0.695,0.2386,FOLLOW_TURN
39.232,-1.2583,-0.6529,0.4846,-1.3215,-0.3843,-1.2618,-0.695,0.2386,FOLLOW_TURN
39.252,-1.2584,-0.6529,0.4797,-1.3215,-0.3843,-1.2618,-0.695,0.2386,FOLLOW_TURN
39.272,-1.2585,-0.653,0.4753,-1.3215,-0.3843,-1.2618,-0.695,0.2387,FOLLOW_TURN
39.292,-1.2587,-0.653,0.4714,-1.3215,-0.3843,-1.2618,-0.695,0.2387,FOLLOW_TURN
39.312,-1.2589,-0.6532,0.4679,-1.3215,-0.3843,-1.2616,-0.6949,0.2389,FOLLOW_TURN
39.332,-1.2592,-0.6533,0.465,-1.3215,-0.3843,-1.2616,-0.6949,0.2392,FOLLOW_TURN
39.352,-1.2595,-0.6535,0.4624,-1.3215,-0.3843,-1.2616,-0.6949,0.2394,FOLLOW_TURN
39.372,-1.2598,-0.6536,0.4603,-1.3215,-0.3843,-1.2616,-0.6949,0.2396,FOLLOW_TURN
39.392,-1.26,-0.6538,0.4587,-1.3215,-0.3843,-1.2616,-0.6949,0.2398,FOLLOW_TURN
39.412,-1.2604,-0.654,0.4575,-1.3215,-0.3843,-1.2616,-0.6949,0.2402,FOLLOW_TURN
39.432,-1.2609,-0.6542,0.4568,-1.3215,-0.3843,-1.2616,-0.6949,0.2406,FOLLOW_TURN
39.452,-1.2613,-0.6544,0.4565,-1.3215,-0.3843,-1.2616,-0.6949,0.241,FOLLOW_TURN
39.472,-1.2618,-0.6546,0.4567,-1.3215,-0.3843,-1.2616,-0.6949,0.2414,FOLLOW_TURN
39.492,-1.2621,-0.6548,0.4573,-1.3215,-0.3843,-1.2616,-0.6949,0.2418,FOLLOW_TURN
39.512,-1.2627,-0.6551,0.4584,-1.3215,-0.3843,-1.2616,-0.6949,0.2424,FOLLOW_TURN
39.532,-1.2633,-0.6554,0.46,-1.3215,-0.3843,-1.2616,-0.6949,0.243,FOLLOW_TURN
39.552,-1.2639,-0.6557,0.462,-1.3215,-0.3843,-1.2616,-0.6949,0.2436,FOLLOW_TURN
39.572,-1.2644,-0.656,0.4645,-1.3215,-0.3843,-1.2616,-0.6949,0.2441,FOLLOW_TURN
39.592,-1.265,-0.6562,0.4674,-1.3215,-0.3843,-1.2616,-0.6949,0.2447,FOLLOW_TURN
39.612,-1.2656,-0.6566,0.4707,-1.3215,-0.3843,-1.2616,-0.6949,0.2453,FOLLOW_TURN
39.632,-1.2662,-0.6569,0.4746,-1.3215,-0.3843,-1.2616,-0.6949,0.246,FOLLOW_TURN
39.652,-1.2668,-0.6572,0.4788,-1.3215,-0.3843,-1.2616,-0.6949,0.2466,FOLLOW_TURN
39.672,-1.2673,-0.6575,0.4836,-1.3215,-0.3843,-1.2616,-0.6949,0.2472,FOLLOW_TURN
39.692,-1.2678,-0.6577,0.4888,-1.3215,-0.3843,-1.2616,-0.6949,0.2478,FOLLOW_TURN
39.712,-1.2683,-0.658,0.4944,-1.3215,-0.3843,-1.2616,-0.6949,0.2484,FOLLOW_TURN
39.732,-1.2688,-0.6582,0.5005,-1.3215,-0.3843,-1.2616,-0.6949,0.2489,FOLLOW_TURN
39.752,-1.2692,-0.6585,0.507,-1.3215,-0.3843,-1.2616,-0.6949,0.2495,FOLLOW_TURN
39.772,-1.2696,-0.6587,0.514,-1.3215,-0.3843,-1.2616,-0.6949,0.25,FOLLOW_TURN
39.792,-1.27,-0.6589,0.5214,-1.3215,-0.3843,-1.2616,-0.6949,0.2505,FOLLOW_TURN
39.812,-1.2704,-0.6591,0.5293,-1.3215,-0.3843,-1.2616,-0.6949,0.251,FOLLOW_TURN
39.832,-1.2707,-0.6593,0.5377,-1.3215,-0.3843,-1.2616,-0.6949,0.2514,FOLLOW_TURN
39.852,-1.271,-0.6595,0.5465,-1.3215,-0.3843,-1.2616,-0.6949,0.2518,FOLLOW_TURN
39.872,-1.2712,-0.6596,0.5558,-1.3215,-0.3843,-1.2616,-0.6949,0.2522,FOLLOW_TURN
39.892,-1.2714,-0.6598,0.5655,-1.3215,-0.3843,-1.2616,-0.6949,0.2526,FOLLOW_TURN
39.912,-1.2716,-0.6599,0.5757,-1.3215,-0.3843,-1.2616,-0.6949,0.253,FOLLOW_TURN
39.932,-1.2718,-0.66,0.5864,-1.3215,-0.3843,-1.2616,-0.6949,0.2533,FOLLOW_TURN
39.952,-1.272,-0.6601,0.5975,-1.3215,-0.3843,-1.2616,-0.6949,0.2536,FOLLOW_TURN
39.972,-1.2721,-0.6602,0.6091,-1.3215,-0.3843,-1.2616,-0.6949,0.2539,FOLLOW_TURN
39.992,-1.2722,-0.6602,0.621,-1.3215,-0.3843,-1.2616,-0.6949,0.2541,FOLLOW_TURN
40.012,-1.2723,-0.6603,0.633,-1.3215,-0.3843,-1.2616,-0.6949,0.2543,FOLLOW_TURN
40.032,-1.2723,-0.6603,0.645,-1.3215,-0.3843,-1.2616,-0.6949,0.2546,FOLLOW_TURN
40.052,-1.2724,-0.6604,0.657,-1.3215,-0.3843,-1.2616,-0.6949,0.2548,FOLLOW_TURN
40.072,-1.2725,-0.6605,0.669,-1.3215,-0.3843,-1.2616,-0.6949,0.2551,FOLLOW_TURN
40.092,-1.2726,-0.6605,0.681,-1.3215,-0.3843,-1.2616,-0.6949,0.2553,FOLLOW_TURN
40.112,-1.2727,-0.6606,0.693,-1.3215,-0.3843,-1.2616,-0.6949,0.2555,FOLLOW_TURN
40.132,-1.2728,-0.6607,0.705,-1.3215,-0.3843,-1.2616,-0.6949,0.2557,FOLLOW_TURN
40.152,-1.2729,-0.6607,0.717,-1.3215,-0.3843,-1.2616,-0.6949,0.2559,FOLLOW_TURN
40.172,-1.2729,-0.6608,0.729,-1.3215,-0.3843,-1.2616,-0.6949,0.2562,FOLLOW_TURN
40.192,-1.273,-0.6609,0.741,-1.3215,-0.3843,-1.2616,-0.6949,0.2564,FOLLOW_TURN
40.212,-1.2731,-0.6609,0.753,-1.3215,-0.3843,-1.2616,-0.6949,0.2566,FOLLOW_TURN
40.232,-1.2732,-0.661,0.765,-1.3215,-0.3843,-1.2616,-0.6949,0.2568,FOLLOW_TURN
40.252,-1.2733,-0.6611,0.777,-1.3215,-0.3843,-1.2616,-0.6949,0.257,FOLLOW_TURN
40.272,-1.2733,-0.6612,0.789,-1.3215,-0.3843,-1.2616,-0.6949,0.2572,FOLLOW_TURN
40.292,-1.2734,-0.6612,0.801,-1.3215,-0.3843,-1.2616,-0.6949,0.2574,FOLLOW_TURN
40.312,-1.2735,-0.6613,0.813,-1.3215,-0.3843,-1.2616,-0.6949,0.2575,FOLLOW_TURN
40.332,-1.2736,-0.6614,0.825,-1.3215,-0.3843,-1.2616,-0.6949,0.2577,FOLLOW_TURN
40.352,-1.2737,-0.6615,0.837,-1.3215,-0.3843,-1.2616,-0.6949,0.2579,FOLLOW_TURN
40.372,-1.2737,-0.6615,0.849,-1.3215,-0.3843,-1.2616,-0.6949,0.2581,FOLLOW_TURN
40.392,-1.2738,-0.6616,0.861,-1.3215,-0.3843,-1.2616,-0.6949,0.2583,FOLLOW_TURN
40.412,-1.2739,-0.6617,0.873,-1.3215,-0.3843,-1.2616,-0.6949,0.2584,FOLLOW_TURN
40.432,-1.2739,-0.6618,0.885,-1.3215,-0.3843,-1.2616,-0.6949,0.2586,FOLLOW_TURN
40.452,-1.274,-0.6619,0.897,-1.3215,-0.3843,-1.2616,-0.6949,0.2587,FOLLOW_TURN
40.472,-1.2741,-0.6619,0.909,-1.3215,-0.3843,-1.2616,-0.6949,0.2589,FOLLOW_TURN
40.492,-1.2742,-0.662,0.921,-1.3215,-0.3843,-1.2616,-0.6949,0.259,FOLLOW_TURN
40.512,-1.2742,-0.6621,0.933,-1.3215,-0.3843,-1.2616,-0.6949,0.2592,FOLLOW_TURN
40.532,-1.2743,-0.6622,0.945,-1.3215,-0.3843,-1.2616,-0.6949,0.2593,FOLLOW_TURN
40.552,-1.2744,-0.6623,0.957,-1.3215,-0.3843,-1.2616,-0.6949,0.2595,FOLLOW_TURN
40.572,-1.2744,-0.6624,0.969,-1.3215,-0.3843,-1.2616,-0.6949,0.2596,FOLLOW_TURN
40.592,-1.2745,-0.6625,0.981,-1.3215,-0.3843,-1.2616,-0.6949,0.2597,FOLLOW_TURN
40.612,-1.2744,-0.6624,0.9928,-1.3215,-0.3843,-1.2616,-0.6949,0.2597,FOLLOW_TURN
40.632,-1.274,-0.6621,1.004,-1.3214,-0.3841,-1.2616,-0.6949,0.2592,FOLLOW_TURN
40.652,-1.2735,-0.6614,1.0148,-1.3211,-0.3826,-1.2616,-0.6949,0.2584,FOLLOW_ARC
40.672,-1.2729,-0.6606,1.025,-1.3211,-0.3826,-1.2616,-0.6949,0.2573,FOLLOW_ARC
40.692,-1.2724,-0.6597,1.0348,-1.3209,-0.3817,-1.2616,-0.6949,0.2563,FOLLOW_ARC
40.712,-1.2717,-0.6586,1.0441,-1.3207,-0.3807,-1.2602,-0.6926,0.2551,FOLLOW_ARC
40.732,-1.2707,-0.6573,1.0529,-1.3205,-0.3795,-1.2602,-0.6926,0.2534,FOLLOW_ARC
40.752,-1.2697,-0.6557,1.0612,-1.3203,-0.378,-1.2602,-0.6926,0.2515,FOLLOW_ARC
40.772,-1.2687,-0.6539,1.0691,-1.3199,-0.3762,-1.2602,-0.6926,0.2495,FOLLOW_ARC
40.792,-1.2678,-0.6521,1.0764,-1.3196,-0.3744,-1.2602,-0.6926,0.2475,FOLLOW_ARC
40.812,-1.267,-0.6507,1.0834,-1.3193,-0.3726,-1.2565,-0.6862,0.2458,FOLLOW
40.832,-1.2663,-0.6494,1.0899,-1.3191,-0.3715,-1.2565,-0.6862,0.2443,FOLLOW
40.852,-1.2656,-0.648,1.0959,-1.319,-0.3704,-1.2565,-0.6862,0.2428,FOLLOW
40.872,-1.265,-0.6467,1.1015,-1.3188,-0.3694,-1.2565,-0.6862,0.2413,FOLLOW
40.892,-1.2643,-0.6454,1.1067,-1.3186,-0.3683,-1.2565,-0.6862,0.2398,FOLLOW
40.912,-1.2636,-0.644,1.1114,-1.3184,-0.3672,-1.2532,-0.6798,0.2382,FOLLOW
40.932,-1.2628,-0.6425,1.1156,-1.3183,-0.3662,-1.2532,-0.6798,0.2365,FOLLOW
40.952,-1.2621,-0.641,1.1194,-1.3181,-0.3651,-1.2532,-0.6798,0.2349,FOLLOW
40.972,-1.2614,-0.6395,1.1227,-1.3179,-0.3641,-1.2532,-0.6798,0.2332,FOLLOW
40.992,-1.2607,-0.638,1.1256,-1.3177,-0.363,-1.2532,-0.6798,0.2316,FOLLOW
41.012,-1.2605,-0.6376,1.1281,-1.3175,-0.3619,-1.2513,-0.6759,0.2311,FOLLOW_TURN
41.032,-1.2604,-0.6374,1.1301,-1.3175,-0.3618,-1.2513,-0.6759,0.2309,FOLLOW_TURN
41.052,-1.2604,-0.6373,1.1317,-1.3175,-0.3618,-1.2513,-0.6759,0.2308,FOLLOW_TURN
41.072,-1.2604,-0.6372,1.1329,-1.3175,-0.3618,-1.2513,-0.6759,0.2307,FOLLOW_TURN
41.092,-1.2603,-0.6372,1.1337,-1.3175,-0.3618,-1.2513,-0.6759,0.2307,FOLLOW_TURN
41.112,-1.2604,-0.6373,1.1344,-1.3175,-0.3618,-1.2508,-0.6748,0.2308,FOLLOW_TURN
41.132,-1.2605,-0.6375,1.1355,-1.3175,-0.3618,-1.2508,-0.6748,0.231,FOLLOW_TURN
41.152,-1.2606,-0.6377,1.1372,-1.3175,-0.3618,-1.2508,-0.6748,0.2312,FOLLOW_TURN
41.172,-1.2607,-0.6379,1.1392,-1.3175,-0.3618,-1.2508,-0.6748,0.2314,FOLLOW_TURN
41.192,-1.2607,-0.638,1.1417,-1.3175,-0.3618,-1.2508,-0.6748,0.2315,FOLLOW_TURN
41.212,-1.2609,-0.6382,1.1447,-1.3175,-0.3618,-1.2508,-0.6748,0.2318,FOLLOW_TURN
41.232,-1.261,-0.6386,1.1481,-1.3175,-0.3618,-1.2508,-0.6748,0.2322,FOLLOW_TURN
41.252,-1.2612,-0.6389,1.152,-1.3175,-0.3618,-1.2508,-0.6748,0.2325,FOLLOW_TURN
41.272,-1.2613,-0.6392,1.1563,-1.3175,-0.3618,-1.2508,-0.6748,0.2329,FOLLOW_TURN
41.292,-1.2615,-0.6395,1.1611,-1.3175,-0.3618,-1.2508,-0.6748,0.2331,FOLLOW_TURN
41.312,-1.2617,-0.6399,1.1663,-1.3175,-0.3618,-1.2508,-0.6748,0.2336,FOLLOW_TURN
41.332,-1.2619,-0.6404,1.172,-1.3175,-0.3618,-1.2508,-0.6748,0.2341,FOLLOW_TURN
41.352,-1.2621,-0.6409,1.1781,-1.3175,-0.3618,-1.2508,-0.6748,0.2346,FOLLOW_TURN
41.372,-1.2623,-0.6414,1.1846,-1.3175,-0.3618,-1.2508,-0.6748,0.2351,FOLLOW_TURN
41.392,-1.2624,-0.6418,1.1916,-1.3175,-0.3618,-1.2508,-0.6748,0.2355,FOLLOW_TURN
41.412,-1.2626,-0.6422,1.199,-1.3175,-0.3618,-1.2508,-0.6748,0.2359,FOLLOW_TURN
41.432,-1.2628,-0.6426,1.2069,-1.3175,-0.3618,-1.2508,-0.6748,0.2362,FOLLOW_TURN
41.452,-1.2629,-0.6429,1.2151,-1.3175,-0.3618,-1.2508,-0.6748,0.2366,FOLLOW_TURN
41.472,-1.263,-0.6432,1.2238,-1.3175,-0.3618,-1.2508,-0.6748,0.2369,FOLLOW_TURN
41.492,-1.2631,-0.6435,1.233,-1.3175,-0.3618,-1.2508,-0.6748,0.2371,FOLLOW_TURN
41.512,-1.2632,-0.6438,1.2425,-1.3175,-0.3618,-1.2508,-0.6748,0.2373,FOLLOW_TURN
41.532,-1.2633,-0.644,1.2525,-1.3175,-0.3618,-1.2508,-0.6748,0.2375,FOLLOW_TURN
41.552,-1.2634,-0.6442,1.2629,-1.3175,-0.3618,-1.2508,-0.6748,0.2377,FOLLOW_TURN
41.572,-1.2634,-0.6444,1.2737,-1.3175,-0.3618,-1.2508,-0.6748,0.2378,FOLLOW_TURN
41.592,-1.2635,-0.6446,1.285,-1.3175,-0.3618,-1.2508,-0.6748,0.2378,FOLLOW_TURN
41.612,-1.2635,-0.6447,1.2966,-1.3175,-0.3618,-1.2508,-0.6748,0.2379,FOLLOW_TURN
41.632,-1.2635,-0.6448,1.3086,-1.3175,-0.3618,-1.2508,-0.6748,0.2379,FOLLOW_TURN
41.652,-1.2636,-0.6449,1.3206,-1.3175,-0.3618,-1.2508,-0.6748,0.2379,FOLLOW_TURN
41.672,-1.2636,-0.645,1.3326,-1.3175,-0.3618,-1.2508,-0.6748,0.2379,FOLLOW_TURN
41.692,-1.2636,-0.6451,1.3446,-1.3175,-0.3618,-1.2508,-0.6748,0.2379,FOLLOW_TURN
41.712,-1.2637,-0.6452,1.3566,-1.3175,-0.3618,-1.2508,-0.6748,0.2379,FOLLOW_TURN
41.732,-1.2637,-0.6453,1.3686,-1.3175,-0.3618,-1.2508,-0.6748,0.2379,FOLLOW_TURN
41.752,-1.2637,-0.6454,1.3806,-1.3175,-0.3618,-1.2508,-0.6748,0.2379,FOLLOW_TURN
41.772,-1.2637,-0.6455,1.3926,-1.3175,-0.3618,-1.2508,-0.6748,0.2378,FOLLOW_TURN
41.792,-1.2638,-0.6456,1.4046,-1.3175,-0.3618,-1.2508,-0.6748,0.2378,FOLLOW_TURN
41.812,-1.2638,-0.6457,1.4166,-1.3175,-0.3618,-1.2508,-0.6748,0.2378,FOLLOW_TURN
41.832,-1.2638,-0.6458,1.4286,-1.3175,-0.3618,-1.2508,-0.6748,0.2377,FOLLOW_TURN
41.852,-1.2638,-0.6459,1.4406,-1.3175,-0.3618,-1.2508,-0.6748,0.2377,FOLLOW_TURN
41.872,-1.2638,-0.6461,1.4526,-1.3175,-0.3618,-1.2508,-0.6748,0.2377,FOLLOW_TURN
41.892,-1.2638,-0.6462,1.4646,-1.3175,-0.3618,-1.2508,-0.6748,0.2376,FOLLOW_TURN
41.912,-1.2639,-0.6463,1.4766,-1.3175,-0.3618,-1.2508,-0.6748,0.2376,FOLLOW_TURN
41.932,-1.2639,-0.6464,1.4886,-1.3175,-0.3618,-1.2508,-0.6748,0.2375,FOLLOW_TURN
41.952,-1.2639,-0.6465,1.5006,-1.3175,-0.3618,-1.2508,-0.6748,0.2374,FOLLOW_TURN
41.972,-1.2639,-0.6466,1.5126,-1.3175,-0.3618,-1.2508,-0.6748,0.2374,FOLLOW_TURN
41.992,-1.2639,-0.6467,1.5246,-1.3175,-0.3618,-1.2508,-0.6748,0.2373,FOLLOW_TURN
42.012,-1.2639,-0.6468,1.5366,-1.3175,-0.3618,-1.2508,-0.6748,0.2372,FOLLOW_TURN
42.032,-1.2639,-0.6469,1.5486,-1.3175,-0.3618,-1.2508,-0.6748,0.2372,FOLLOW_TURN
42.052,-1.2639,-0.647,1.5606,-1.3175,-0.3618,-1.2508,-0.6748,0.2371,FOLLOW_TURN
42.072,-1.2639,-0.6471,1.5726,-1.3175,-0.3618,-1.2508,-0.6748,0.237,FOLLOW_TURN
42.092,-1.2639,-0.6472,1.5846,-1.3175,-0.3618,-1.2508,-0.6748,0.2369,FOLLOW_TURN
42.112,-1.2639,-0.6473,1.5966,-1.3175,-0.3618,-1.2508,-0.6748,0.2368,FOLLOW_TURN
42.132,-1.2639,-0.6474,1.6086,-1.3175,-0.3618,-1.2508,-0.6748,0.2367,FOLLOW_TURN
42.152,-1.2639,-0.6476,1.6206,-1.3175,-0.3618,-1.2508,-0.6748,0.2366,FOLLOW_TURN
42.172,-1.2639,-0.6477,1.6326,-1.3175,-0.3618,-1.2508,-0.6748,0.2365,FOLLOW_TURN
42.192,-1.2639,-0.6478,1.6446,-1.3175,-0.3618,-1.2508,-0.6748,0.2364,FOLLOW_TURN
42.212,-1.2639,-0.6479,1.6566,-1.3175,-0.3618,-1.2508,-0.6748,0.2362,FOLLOW_TURN
42.232,-1.2639,-0.648,1.6686,-1.3175,-0.3618,-1.2508,-0.6748,0.2361,FOLLOW_TURN
42.252,-1.2639,-0.6481,1.6806,-1.3175,-0.3618,-1.2508,-0.6748,0.236,FOLLOW_TURN
42.272,-1.2639,-0.6482,1.6926,-1.3175,-0.3618,-1.2508,-0.6748,0.2359,FOLLOW_TURN
42.292,-1.2639,-0.6483,1.7046,-1.3175,-0.3618,-1.2508,-0.6748,0.2357,FOLLOW_TURN
42.312,-1.2639,-0.6484,1.7166,-1.3175,-0.3618,-1.2508,-0.6748,0.2356,FOLLOW_TURN
42.332,-1.2639,-0.6485,1.7286,-1.3175,-0.3618,-1.2508,-0.6748,0.2355,FOLLOW_TURN
42.352,-1.2638,-0.6486,1.7406,-1.3175,-0.3618,-1.2508,-0.6748,0.2353,FOLLOW_TURN
42.372,-1.2638,-0.6487,1.7526,-1.3175,-0.3618,-1.2508,-0.6748,0.2352,FOLLOW_TURN
42.392,-1.2638,-0.6488,1.7646,-1.3175,-0.3618,-1.2508,-0.6748,0.235,FOLLOW_TURN
42.412,-1.2639,-0.6488,1.7764,-1.3175,-0.3618,-1.2508,-0.6748,0.2348,FOLLOW_TURN
42.432,-1.264,-0.6485,1.7878,-1.3176,-0.3617,-1.2508,-0.6748,0.2343,FOLLOW_TURN
42.452,-1.2643,-0.6478,1.7987,-1.3179,-0.3612,-1.2508,-0.6748,0.2336,FOLLOW
42.472,-1.2645,-0.6469,1.8092,-1.3184,-0.3604,-1.2508,-0.6748,0.2327,FOLLOW
42.492,-1.2648,-0.6459,1.8193,-1.3189,-0.3595,-1.2508,-0.6748,0.2317,FOLLOW
42.512,-1.2652,-0.6447,1.8289,-1.3195,-0.3587,-1.2514,-0.6722,0.2306,FOLLOW
42.532,-1.2657,-0.6432,1.8381,-1.321,-0.3564,-1.2514,-0.6722,0.2294,FOLLOW
42.552,-1.2663,-0.6415,1.8469,-1.322,-0.3548,-1.2514,-0.6722,0.2279,FOLLOW
42.572,-1.2669,-0.6394,1.8551,-1.322,-0.3548,-1.2514,-0.6722,0.2262,FOLLOW
42.592,-1.2675,-0.6373,1.863,-1.3232,-0.3531,-1.2514,-0.6722,0.2245,FOLLOW
42.612,-1.2683,-0.635,1.8704,-1.3243,-0.3514,-1.2534,-0.6648,0.2227,FOLLOW
42.632,-1.2692,-0.6324,1.8774,-1.327,-0.3475,-1.2534,-0.6648,0.2207,FOLLOW
42.652,-1.2702,-0.6295,1.8839,-1.327,-0.3475,-1.2534,-0.6648,0.2186,FOLLOW
42.672,-1.2713,-0.6264,1.8899,-1.3286,-0.3451,-1.2534,-0.6648,0.2162,FOLLOW
42.692,-1.2723,-0.6233,1.8955,-1.3302,-0.3427,-1.2534,-0.6648,0.2139,FOLLOW
42.712,-1.2734,-0.6201,1.9007,-1.3334,-0.338,-1.2572,-0.6528,0.2115,FOLLOW
42.732,-1.2746,-0.6168,1.9055,-1.335,-0.3356,-1.2572,-0.6528,0.2092,FOLLOW
42.752,-1.2757,-0.6135,1.9098,-1.335,-0.3356,-1.2572,-0.6528,0.2068,FOLLOW
42.772,-1.2769,-0.6102,1.9137,-1.3366,-0.3332,-1.2572,-0.6528,0.2045,FOLLOW
42.792,-1.278,-0.607,1.9171,-1.3382,-0.3308,-1.2572,-0.6528,0.2023,FOLLOW
42.812,-1.2792,-0.6038,1.9202,-1.3398,-0.3283,-1.2619,-0.6392,0.2001,FOLLOW
42.832,-1.2804,-0.6004,1.9227,-1.3415,-0.3258,-1.2619,-0.6392,0.1978,FOLLOW
42.852,-1.2817,-0.597,1.9249,-1.3433,-0.323,-1.2619,-0.6392,0.1956,FOLLOW
42.872,-1.2829,-0.5937,1.9266,-1.3452,-0.3201,-1.2619,-0.6392,0.1934,FOLLOW
42.892,-1.2842,-0.5904,1.9279,-1.347,-0.3173,-1.2619,-0.6392,0.1912,FOLLOW
42.912,-1.2854,-0.5871,1.9287,-1.3488,-0.3145,-1.2674,-0.6241,0.1891,FOLLOW
42.932,-1.2866,-0.5838,1.9291,-1.3506,-0.3117,-1.2674,-0.6241,0.187,FOLLOW
42.952,-1.2878,-0.5806,1.9291,-1.3524,-0.3088,-1.2674,-0.6241,0.185,FOLLOW
42.972,-1.289,-0.5773,1.9287,-1.3543,-0.306,-1.2674,-0.6241,0.1831,FOLLOW
42.992,-1.2902,-0.5742,1.9278,-1.3561,-0.3032,-1.2674,-0.6241,0.1811,FOLLOW
43.012,-1.2913,-0.5711,1.9269,-1.3579,-0.3003,-1.2744,-0.6052,0.1793,FOLLOW
43.032,-1.2924,-0.5682,1.9265,-1.3597,-0.2976,-1.2744,-0.6052,0.1775,FOLLOW
43.052,-1.2935,-0.5653,1.9265,-1.3614,-0.2948,-1.2744,-0.6052,0.1758,FOLLOW
43.072,-1.2946,-0.5623,1.9269,-1.3632,-0.292,-1.2744,-0.6052,0.174,FOLLOW
43.092,-1.2957,-0.5593,1.9278,-1.365,-0.2893,-1.2744,-0.6052,0.1722,FOLLOW
43.112,-1.2969,-0.5562,1.929,-1.3667,-0.2865,-1.279,-0.5929,0.1704,FOLLOW
43.132,-1.298,-0.5532,1.9306,-1.3685,-0.2838,-1.279,-0.5929,0.1686,FOLLOW
43.152,-1.2992,-0.5501,1.9322,-1.3703,-0.281,-1.279,-0.5929,0.1668,FOLLOW
43.172,-1.3003,-0.5471,1.9338,-1.3721,-0.2783,-1.279,-0.5929,0.165,FOLLOW
43.192,-1.3015,-0.544,1.9354,-1.3739,-0.2755,-1.279,-0.5929,0.1632,FOLLOW
43.212,-1.3026,-0.5411,1.9372,-1.3757,-0.2728,-1.2847,-0.5776,0.1616,FOLLOW
43.232,-1.3037,-0.5383,1.9395,-1.3774,-0.2702,-1.2847,-0.5776,0.16,FOLLOW
43.252,-1.3048,-0.5354,1.942,-1.3792,-0.2676,-1.2847,-0.5776,0.1584,FOLLOW
43.272,-1.3059,-0.5325,1.9444,-1.3809,-0.265,-1.2847,-0.5776,0.1568,FOLLOW
43.292,-1.3071,-0.5297,1.9469,-1.3826,-0.2625,-1.2847,-0.5776,0.1552,FOLLOW
43.312,-1.3082,-0.5268,1.9494,-1.3843,-0.2599,-1.2904,-0.5629,0.1536,FOLLOW
43.332,-1.3093,-0.5239,1.9519,-1.3861,-0.2573,-1.2904,-0.5629,0.1521,FOLLOW
43.352,-1.3105,-0.5211,1.9543,-1.3878,-0.2547,-1.2904,-0.5629,0.1506,FOLLOW
43.372,-1.3117,-0.5182,1.9568,-1.3896,-0.2522,-1.2904,-0.5629,0.1491,FOLLOW
43.392,-1.3128,-0.5154,1.9593,-1.3914,-0.2496,-1.2904,-0.5629,0.1476,FOLLOW
43.412,-1.3139,-0.5128,1.9619,-1.3931,-0.2471,-1.2961,-0.5485,0.1463,FOLLOW
43.432,-1.3149,-0.5103,1.9651,-1.3947,-0.2448,-1.2961,-0.5485,0.145,FOLLOW
43.452,-1.316,-0.5077,1.9686,-1.3964,-0.2425,-1.2961,-0.5485,0.1437,FOLLOW
43.472,-1.317,-0.5052,1.9726,-1.398,-0.2402,-1.2961,-0.5485,0.1425,FOLLOW
43.492,-1.3181,-0.5027,1.9766,-1.3996,-0.2379,-1.2961,-0.5485,0.1412,FOLLOW
43.512,-1.3192,-0.5001,1.9806,-1.4013,-0.2356,-1.3027,-0.5326,0.14,FOLLOW
43.532,-1.3203,-0.4976,1.9845,-1.4029,-0.2334,-1.3027,-0.5326,0.1388,FOLLOW
43.552,-1.3214,-0.4951,1.9885,-1.4046,-0.2311,-1.3027,-0.5326,0.1376,FOLLOW
43.572,-1.3226,-0.4925,1.9925,-1.4062,-0.2289,-1.3027,-0.5326,0.1364,FOLLOW
43.592,-1.3237,-0.49,1.9965,-1.4096,-0.2244,-1.3027,-0.5326,0.1353,FOLLOW
43.612,-1.3248,-0.4877,2.0007,-1.4096,-0.2244,-1.3084,-0.5198,0.1342,FOLLOW
43.632,-1.3258,-0.4854,2.0054,-1.4112,-0.2223,-1.3084,-0.5198,0.1332,FOLLOW
43.652,-1.3269,-0.4831,2.0104,-1.4127,-0.2202,-1.3084,-0.5198,0.1322,FOLLOW
43.672,-1.328,-0.4808,2.0155,-1.4143,-0.2182,-1.3084,-0.5198,0.1312,FOLLOW
43.692,-1.3291,-0.4785,2.0205,-1.4159,-0.2162,-1.3084,-0.5198,0.1302,FOLLOW
43.712,-1.3302,-0.4762,2.0256,-1.4191,-0.2121,-1.3128,-0.5104,0.1293,FOLLOW
43.732,-1.3313,-0.4739,2.0306,-1.4191,-0.2121,-1.3128,-0.5104,0.1283,FOLLOW
43.752,-1.3324,-0.4717,2.0357,-1.4208,-0.2101,-1.3128,-0.5104,0.1274,FOLLOW
43.772,-1.3336,-0.4694,2.0408,-1.4224,-0.2081,-1.3128,-0.5104,0.1266,FOLLOW
43.792,-1.3348,-0.4671,2.0458,-1.4241,-0.2061,-1.3128,-0.5104,0.1257,FOLLOW
43.812,-1.3359,-0.4648,2.0507,-1.4257,-0.2041,-1.3185,-0.4988,0.1249,FOLLOW
43.832,-1.3371,-0.4626,2.0556,-1.4274,-0.2021,-1.3185,-0.4988,0.1241,FOLLOW
43.852,-1.3383,-0.4603,2.0605,-1.4308,-0.1981,-1.3185,-0.4988,0.1233,FOLLOW
43.872,-1.3396,-0.458,2.0654,-1.4308,-0.1981,-1.3185,-0.4988,0.1226,FOLLOW
43.892,-1.3408,-0.4557,2.0702,-1.4325,-0.1961,-1.3185,-0.4988,0.1218,FOLLOW
43.912,-1.342,-0.4535,2.0751,-1.4343,-0.1942,-1.3246,-0.4872,0.1211,FOLLOW
43.932,-1.3433,-0.4512,2.08,-1.436,-0.1922,-1.3246,-0.4872,0.1205,FOLLOW
43.952,-1.3446,-0.449,2.0848,-1.4378,-0.1902,-1.3246,-0.4872,0.1198,FOLLOW
43.972,-1.3458,-0.4467,2.0897,-1.4395,-0.1883,-1.3246,-0.4872,0.1192,FOLLOW
43.992,-1.3471,-0.4445,2.0946,-1.4431,-0.1844,-1.3246,-0.4872,0.1186,FOLLOW
44.012,-1.3484,-0.4423,2.0997,-1.4431,-0.1844,-1.331,-0.4758,0.1181,FOLLOW
44.032,-1.3496,-0.4402,2.1049,-1.4448,-0.1825,-1.331,-0.4758,0.1175,FOLLOW
44.052,-1.3509,-0.438,2.1102,-1.4465,-0.1807,-1.331,-0.4758,0.117,FOLLOW
44.072,-1.3522,-0.4359,2.1155,-1.4483,-0.1788,-1.331,-0.4758,0.1166,FOLLOW
44.092,-1.3535,-0.4337,2.1207,-1.4501,-0.177,-1.331,-0.4758,0.1161,FOLLOW
44.112,-1.3548,-0.4316,2.126,-1.4518,-0.1752,-1.3375,-0.4647,0.1157,FOLLOW
44.132,-1.3562,-0.4295,2.1313,-1.4536,-0.1734,-1.3375,-0.4647,0.1153,FOLLOW
44.152,-1.3575,-0.4274,2.1365,-1.4554,-0.1715,-1.3375,-0.4647,0.1149,FOLLOW
44.172,-1.3588,-0.4253,2.1418,-1.4572,-0.1697,-1.3375,-0.4647,0.1146,FOLLOW
44.192,-1.3602,-0.4232,2.147,-1.459,-0.168,-1.3442,-0.4539,0.1142,FOLLOW
44.212,-1.3615,-0.4211,2.1525,-1.4609,-0.1662,-1.3442,-0.4539,0.114,FOLLOW
44.232,-1.3629,-0.4191,2.158,-1.4627,-0.1644,-1.3442,-0.4539,0.1137,FOLLOW
44.252,-1.3643,-0.417,2.1635,-1.4663,-0.161,-1.3442,-0.4539,0.1134,FOLLOW
44.272,-1.3656,-0.415,2.169,-1.4663,-0.161,-1.3442,-0.4539,0.1132,FOLLOW
44.292,-1.367,-0.413,2.1745,-1.4681,-0.1593,-1.3442,-0.4539,0.1131,FOLLOW
44.312,-1.3684,-0.411,2.18,-1.4699,-0.1576,-1.3512,-0.4435,0.1129,FOLLOW
44.332,-1.3698,-0.409,2.1855,-1.4718,-0.1559,-1.3512,-0.4435,0.1128,FOLLOW
44.352,-1.3712,-0.407,2.191,-1.4736,-0.1542,-1.3512,-0.4435,0.1127,FOLLOW
44.372,-1.3727,-0.405,2.1965,-1.4755,-0.1525,-1.3512,-0.4435,0.1126,FOLLOW
44.392,-1.3741,-0.403,2.202,-1.4774,-0.1509,-1.3512,-0.4435,0.1126,FOLLOW
44.412,-1.3756,-0.401,2.2075,-1.4792,-0.1492,-1.3584,-0.4332,0.1125,FOLLOW
44.432,-1.377,-0.3991,2.2131,-1.4811,-0.1476,-1.3584,-0.4332,0.1125,FOLLOW
44.452,-1.3785,-0.3971,2.2186,-1.483,-0.146,-1.3584,-0.4332,0.1126,FOLLOW
44.472,-1.38,-0.3952,2.2241,-1.4849,-0.1444,-1.3584,-0.4332,0.1126,FOLLOW
44.492,-1.3815,-0.3932,2.2297,-1.4868,-0.1428,-1.3584,-0.4332,0.1127,FOLLOW
44.512,-1.383,-0.3913,2.2352,-1.4887,-0.1412,-1.3658,-0.4232,0.1129,FOLLOW
44.532,-1.3845,-0.3894,2.2407,-1.4907,-0.1396,-1.3658,-0.4232,0.113,FOLLOW
44.552,-1.386,-0.3875,2.2463,-1.4926,-0.138,-1.3658,-0.4232,0.1132,FOLLOW
44.572,-1.3875,-0.3856,2.2518,-1.4946,-0.1365,-1.3658,-0.4232,0.1134,FOLLOW
44.592,-1.3891,-0.3837,2.2573,-1.4965,-0.1349,-1.3658,-0.4232,0.1136,FOLLOW
44.612,-1.3906,-0.3818,2.2629,-1.5005,-0.1319,-1.3735,-0.4135,0.1139,FOLLOW
44.632,-1.3922,-0.3799,2.2684,-1.5005,-0.1319,-1.3735,-0.4135,0.1142,FOLLOW
44.652,-1.3938,-0.378,2.2739,-1.5024,-0.1303,-1.3735,-0.4135,0.1145,FOLLOW
44.672,-1.3954,-0.3762,2.2794,-1.5044,-0.1288,-1.3735,-0.4135,0.1148,FOLLOW
44.692,-1.397,-0.3743,2.2849,-1.5064,-0.1273,-1.3815,-0.4039,0.1152,FOLLOW
44.712,-1.3986,-0.3725,2.2904,-1.5084,-0.1258,-1.3815,-0.4039,0.1156,FOLLOW
44.732,-1.4002,-0.3706,2.2959,-1.5125,-0.1229,-1.3815,-0.4039,0.116,FOLLOW
44.752,-1.4018,-0.3688,2.3014,-1.5125,-0.1229,-1.3815,-0.4039,0.1165,FOLLOW
44.772,-1.4035,-0.367,2.3069,-1.5145,-0.1215,-1.3815,-0.4039,0.1169,FOLLOW
44.792,-1.4051,-0.3652,2.3124,-1.5166,-0.12,-1.3815,-0.4039,0.1175,FOLLOW
44.812,-1.4068,-0.3633,2.3177,-1.5186,-0.1186,-1.3898,-0.3945,0.118,FOLLOW
44.832,-1.4086,-0.3614,2.3227,-1.5229,-0.1157,-1.3898,-0.3945,0.1186,FOLLOW
44.852,-1.4103,-0.3596,2.3277,-1.5229,-0.1157,-1.3898,-0.3945,0.1193,FOLLOW
44.872,-1.4121,-0.3577,2.3327,-1.525,-0.1142,-1.3898,-0.3945,0.1199,FOLLOW
44.892,-1.4139,-0.3559,2.3377,-1.5272,-0.1128,-1.3898,-0.3945,0.1206,FOLLOW
44.912,-1.4156,-0.3541,2.3427,-1.5294,-0.1113,-1.3986,-0.3851,0.1213,FOLLOW
44.932,-1.4174,-0.3522,2.3477,-1.5337,-0.1085,-1.3986,-0.3851,0.122,FOLLOW
44.952,-1.4192,-0.3504,2.3527,-1.5337,-0.1085,-1.3986,-0.3851,0.1228,FOLLOW
44.972,-1.421,-0.3486,2.3577,-1.5359,-0.1071,-1.3986,-0.3851,0.1236,FOLLOW
44.992,-1.4228,-0.3468,2.3627,-1.5381,-0.1057,-1.3986,-0.3851,0.1244,FOLLOW
45.012,-1.4247,-0.345,2.3678,-1.5403,-0.1043,-1.4077,-0.3758,0.1252,FOLLOW
45.032,-1.4265,-0.3433,2.3729,-1.5425,-0.103,-1.4077,-0.3758,0.1261,FOLLOW
45.052,-1.4283,-0.3415,2.378,-1.5447,-0.1016,-1.4077,-0.3758,0.127,FOLLOW
45.072,-1.4301,-0.3398,2.3831,-1.5469,-0.1003,-1.4077,-0.3758,0.1279,FOLLOW
45.092,-1.432,-0.338,2.3882,-1.5514,-0.0977,-1.4077,-0.3758,0.1288,FOLLOW
45.112,-1.4338,-0.3363,2.3933,-1.5514,-0.0977,-1.417,-0.3668,0.1298,FOLLOW
45.132,-1.4357,-0.3346,2.3984,-1.5536,-0.0964,-1.417,-0.3668,0.1307,FOLLOW
45.152,-1.4376,-0.3329,2.4035,-1.5558,-0.0951,-1.417,-0.3668,0.1318,FOLLOW
45.172,-1.4394,-0.3312,2.4086,-1.5581,-0.0938,-1.417,-0.3668,0.1328,FOLLOW
45.192,-1.4413,-0.3295,2.4137,-1.5626,-0.0913,-1.417,-0.3668,0.1338,FOLLOW
45.212,-1.4434,-0.3277,2.4186,-1.565,-0.0899,-1.4264,-0.3581,0.135,FOLLOW
45.232,-1.4456,-0.3257,2.423,-1.565,-0.0899,-1.4264,-0.3581,0.1363,FOLLOW
45.252,-1.4477,-0.3238,2.4268,-1.5675,-0.0886,-1.4264,-0.3581,0.1376,FOLLOW
45.272,-1.4499,-0.322,2.4304,-1.5701,-0.0872,-1.4264,-0.3581,0.139,FOLLOW
45.292,-1.4521,-0.3201,2.4339,-1.5726,-0.0858,-1.4264,-0.3581,0.1404,FOLLOW
45.312,-1.4543,-0.3182,2.4374,-1.5752,-0.0844,-1.437,-0.3488,0.1418,FOLLOW
45.332,-1.4564,-0.3164,2.441,-1.5777,-0.0831,-1.437,-0.3488,0.1432,FOLLOW
45.352,-1.4586,-0.3145,2.4445,-1.5803,-0.0818,-1.437,-0.3488,0.1446,FOLLOW
45.372,-1.4608,-0.3127,2.448,-1.5829,-0.0804,-1.437,-0.3488,0.1461,FOLLOW
45.392,-1.463,-0.3109,2.4515,-1.5854,-0.0791,-1.437,-0.3488,0.1476,FOLLOW
45.412,-1.4654,-0.3089,2.4548,-1.588,-0.0778,-1.448,-0.3395,0.1492,FOLLOW
45.432,-1.4679,-0.3069,2.4576,-1.5908,-0.0764,-1.448,-0.3395,0.1509,FOLLOW
45.452,-1.4703,-0.3049,2.4599,-1.5936,-0.075,-1.448,-0.3395,0.1527,FOLLOW
45.472,-1.4728,-0.3029,2.462,-1.5965,-0.0735,-1.448,-0.3395,0.1545,FOLLOW
45.492,-1.4753,-0.3009,2.4641,-1.5993,-0.0721,-1.448,-0.3395,0.1563,FOLLOW
45.512,-1.4777,-0.2989,2.4661,-1.6022,-0.0707,-1.46,-0.3296,0.1581,FOLLOW
45.532,-1.4802,-0.2969,2.4682,-1.605,-0.0693,-1.46,-0.3296,0.16,FOLLOW
45.552,-1.4827,-0.295,2.4702,-1.6079,-0.0679,-1.46,-0.3296,0.1618,FOLLOW
45.572,-1.4852,-0.293,2.4723,-1.6107,-0.0665,-1.46,-0.3296,0.1637,FOLLOW
45.592,-1.4877,-0.291,2.4743,-1.6165,-0.0637,-1.46,-0.3296,0.1656,FOLLOW
45.612,-1.4903,-0.2889,2.4762,-1.6165,-0.0637,-1.4725,-0.3197,0.1677,FOLLOW
45.632,-1.4931,-0.2867,2.4775,-1.6195,-0.0622,-1.4725,-0.3197,0.1699,FOLLOW
45.652,-1.4959,-0.2845,2.4783,-1.6227,-0.0607,-1.4725,-0.3197,0.1721,FOLLOW
45.672,-1.4987,-0.2823,2.4787,-1.6291,-0.0576,-1.4725,-0.3197,0.1744,FOLLOW
45.692,-1.5015,-0.2801,2.479,-1.6291,-0.0576,-1.4725,-0.3197,0.1766,FOLLOW
45.712,-1.5043,-0.278,2.4794,-1.6323,-0.0561,-1.486,-0.3091,0.1789,FOLLOW
45.732,-1.5071,-0.2758,2.4797,-1.6387,-0.053,-1.486,-0.3091,0.1812,FOLLOW
45.752,-1.5099,-0.2736,2.48,-1.6387,-0.053,-1.486,-0.3091,0.1835,FOLLOW
45.772,-1.5127,-0.2714,2.4803,-1.6419,-0.0515,-1.486,-0.3091,0.1859,FOLLOW
45.792,-1.5155,-0.2693,2.4806,-1.645,-0.05,-1.486,-0.3091,0.1882,FOLLOW
45.812,-1.5182,-0.2672,2.4807,-1.6482,-0.0485,-1.4999,-0.2982,0.1905,FOLLOW
45.832,-1.5208,-0.2651,2.4803,-1.6512,-0.0471,-1.4999,-0.2982,0.1927,FOLLOW
45.852,-1.5234,-0.2631,2.4795,-1.6541,-0.0457,-1.4999,-0.2982,0.195,FOLLOW
45.872,-1.526,-0.2611,2.4782,-1.657,-0.0443,-1.4999,-0.2982,0.1972,FOLLOW
45.892,-1.5285,-0.2591,2.4764,-1.6598,-0.0429,-1.4999,-0.2982,0.1995,FOLLOW
45.912,-1.5311,-0.2571,2.4745,-1.6627,-0.0414,-1.5129,-0.2881,0.2018,FOLLOW
45.932,-1.5336,-0.2551,2.4726,-1.6656,-0.04,-1.5129,-0.2881,0.204,FOLLOW
45.952,-1.5362,-0.2531,2.4707,-1.6714,-0.0372,-1.5129,-0.2881,0.2063,FOLLOW
45.972,-1.5387,-0.2511,2.4687,-1.6714,-0.0372,-1.5129,-0.2881,0.2085,FOLLOW
45.992,-1.5412,-0.249,2.4668,-1.6743,-0.0357,-1.5129,-0.2881,0.2108,FOLLOW
46.012,-1.5436,-0.2472,2.4647,-1.6771,-0.0343,-1.5255,-0.2781,0.213,FOLLOW
46.032,-1.5459,-0.2453,2.4621,-1.6797,-0.033,-1.5255,-0.2781,0.2151,FOLLOW
46.052,-1.5481,-0.2435,2.4591,-1.6822,-0.0317,-1.5255,-0.2781,0.2172,FOLLOW
46.072,-1.5504,-0.2416,2.4555,-1.6847,-0.0304,-1.5255,-0.2781,0.2192,FOLLOW
46.092,-1.5526,-0.2398,2.4517,-1.6872,-0.0291,-1.5255,-0.2781,0.2213,FOLLOW
46.112,-1.5548,-0.238,2.4478,-1.6898,-0.0278,-1.5368,-0.2689,0.2234,FOLLOW
46.132,-1.557,-0.2362,2.444,-1.6947,-0.0252,-1.5368,-0.2689,0.2255,FOLLOW
46.152,-1.5592,-0.2343,2.4401,-1.6947,-0.0252,-1.5368,-0.2689,0.2275,FOLLOW
46.172,-1.5613,-0.2325,2.4362,-1.6997,-0.0225,-1.5368,-0.2689,0.2296,FOLLOW
46.192,-1.5635,-0.2306,2.4324,-1.6997,-0.0225,-1.5368,-0.2689,0.2317,FOLLOW
46.212,-1.5654,-0.229,2.4283,-1.7022,-0.0211,-1.5476,-0.2598,0.2335,FOLLOW
46.232,-1.5673,-0.2274,2.4238,-1.7042,-0.02,-1.5476,-0.2598,0.2353,FOLLOW
46.252,-1.5691,-0.2258,2.4188,-1.7061,-0.0189,-1.5476,-0.2598,0.2371,FOLLOW
46.272,-1.5709,-0.2242,2.4134,-1.7099,-0.0167,-1.5476,-0.2598,0.2389,FOLLOW
46.292,-1.5726,-0.2226,2.4074,-1.7118,-0.0156,-1.5476,-0.2598,0.2406,FOLLOW
46.312,-1.5743,-0.2211,2.401,-1.7118,-0.0156,-1.5564,-0.2521,0.2423,FOLLOW
46.332,-1.576,-0.2195,2.3942,-1.7137,-0.0145,-1.5564,-0.2521,0.244,FOLLOW
46.352,-1.5776,-0.218,2.3872,-1.7156,-0.0133,-1.5564,-0.2521,0.2457,FOLLOW
46.372,-1.5793,-0.2164,2.3802,-1.7175,-0.0122,-1.5564,-0.2521,0.2474,FOLLOW
46.392,-1.5809,-0.2149,2.3732,-1.7193,-0.011,-1.5564,-0.2521,0.2491,FOLLOW
46.412,-1.5825,-0.2134,2.366,-1.7229,-0.0087,-1.5661,-0.2431,0.2508,FOLLOW
46.432,-1.584,-0.2119,2.3584,-1.7229,-0.0087,-1.5661,-0.2431,0.2523,FOLLOW
46.452,-1.5855,-0.2104,2.3506,-1.7246,-0.0076,-1.5661,-0.2431,0.2539,FOLLOW
46.472,-1.5869,-0.2089,2.3428,-1.7263,-0.0064,-1.5661,-0.2431,0.2555,FOLLOW
46.492,-1.5884,-0.2074,2.335,-1.728,-0.0053,-1.5661,-0.2431,0.2571,FOLLOW
46.512,-1.5898,-0.2058,2.3272,-1.7297,-0.0041,-1.5719,-0.2373,0.2586,FOLLOW
46.532,-1.5913,-0.2043,2.3194,-1.7313,-0.0029,-1.5719,-0.2373,0.2602,FOLLOW
46.552,-1.5927,-0.2027,2.3116,-1.733,-0.0017,-1.5719,-0.2373,0.2617,FOLLOW
46.572,-1.5941,-0.2012,2.3038,-1.7363,0.0007,-1.5719,-0.2373,0.2633,FOLLOW
46.592,-1.5955,-0.1996,2.2959,-1.7363,0.0007,-1.5719,-0.2373,0.2648,FOLLOW
46.612,-1.5969,-0.198,2.288,-1.7379,0.0019,-1.5788,-0.2298,0.2663,FOLLOW
46.632,-1.5983,-0.1965,2.28,-1.7395,0.0031,-1.5788,-0.2298,0.2678,FOLLOW
46.652,-1.5996,-0.1949,2.272,-1.741,0.0044,-1.5788,-0.2298,0.2693,FOLLOW
46.672,-1.6009,-0.1933,2.264,-1.7426,0.0056,-1.5788,-0.2298,0.2708,FOLLOW
46.692,-1.6022,-0.1917,2.256,-1.7442,0.0069,-1.5788,-0.2298,0.2722,FOLLOW
46.712,-1.6035,-0.1901,2.248,-1.7457,0.0081,-1.5866,-0.2207,0.2737,FOLLOW
46.732,-1.6048,-0.1885,2.24,-1.7472,0.0094,-1.5866,-0.2207,0.2751,FOLLOW
46.752,-1.6061,-0.1868,2.232,-1.7488,0.0107,-1.5866,-0.2207,0.2766,FOLLOW
46.772,-1.6074,-0.1852,2.224,-1.7503,0.012,-1.5866,-0.2207,0.278,FOLLOW
46.792,-1.6086,-0.1835,2.216,-1.7518,0.0133,-1.5866,-0.2207,0.2795,FOLLOW
46.812,-1.6099,-0.1818,2.2081,-1.7549,0.0161,-1.5915,-0.2144,0.2809,FOLLOW
46.832,-1.6112,-0.18,2.2008,-1.7549,0.0161,-1.5915,-0.2144,0.2824,FOLLOW
46.852,-1.6126,-0.1782,2.1938,-1.7565,0.0176,-1.5915,-0.2144,0.2839,FOLLOW
46.872,-1.6139,-0.1763,2.1869,-1.7581,0.0191,-1.5915,-0.2144,0.2854,FOLLOW
46.892,-1.6152,-0.1745,2.1799,-1.7613,0.0221,-1.5915,-0.2144,0.2869,FOLLOW
46.914,-1.6165,-0.1726,2.1729,-1.7629,0.0236,-1.5979,-0.2057,0.2884,FOLLOW
46.932,-1.6178,-0.1707,2.166,-1.7629,0.0236,-1.5979,-0.2057,0.2898,FOLLOW
46.952,-1.619,-0.1688,2.159,-1.7645,0.0252,-1.5979,-0.2057,0.2913,FOLLOW
46.972,-1.6203,-0.1669,2.1521,-1.7661,0.0268,-1.5979,-0.2057,0.2927,FOLLOW
46.992,-1.6215,-0.165,2.1451,-1.7692,0.0299,-1.6041,-0.1965,0.2942,FOLLOW
47.012,-1.6227,-0.1632,2.138,-1.7692,0.0299,-1.6041,-0.1965,0.2956,FOLLOW
47.032,-1.6239,-0.1613,2.1307,-1.7706,0.0314,-1.6041,-0.1965,0.297,FOLLOW
47.052,-1.6251,-0.1594,2.1234,-1.7721,0.033,-1.6041,-0.1965,0.2984,FOLLOW
47.072,-1.6262,-0.1575,2.1161,-1.7736,0.0346,-1.6041,-0.1965,0.2998,FOLLOW
47.092,-1.6274,-0.1557,2.1088,-1.775,0.0361,-1.6041,-0.1965,0.3012,FOLLOW
47.112,-1.6285,-0.1538,2.1015,-1.7765,0.0377,-1.6098,-0.1874,0.3026,FOLLOW
47.132,-1.6296,-0.1518,2.0942,-1.7779,0.0393,-1.6098,-0.1874,0.3039,FOLLOW
47.152,-1.6307,-0.1499,2.0869,-1.7793,0.0409,-1.6098,-0.1874,0.3053,FOLLOW
47.172,-1.6318,-0.148,2.0797,-1.7807,0.0425,-1.6098,-0.1874,0.3066,FOLLOW
47.192,-1.6328,-0.1461,2.0724,-1.7821,0.0442,-1.6098,-0.1874,0.308,FOLLOW
47.212,-1.6339,-0.1442,2.0649,-1.7835,0.0458,-1.6151,-0.1781,0.3093,FOLLOW
47.232,-1.6349,-0.1423,2.0572,-1.7861,0.049,-1.6151,-0.1781,0.3106,FOLLOW
47.252,-1.6359,-0.1404,2.0496,-1.7861,0.049,-1.6151,-0.1781,0.3119,FOLLOW
47.272,-1.6368,-0.1385,2.0419,-1.7874,0.0506,-1.6151,-0.1781,0.3132,FOLLOW
47.292,-1.6378,-0.1366,2.0343,-1.7887,0.0522,-1.6151,-0.1781,0.3145,FOLLOW
47.312,-1.6387,-0.1347,2.0266,-1.79,0.0539,-1.62,-0.1689,0.3157,FOLLOW
47.332,-1.6397,-0.1327,2.019,-1.7925,0.0572,-1.62,-0.1689,0.317,FOLLOW
47.352,-1.6406,-0.1308,2.0113,-1.7925,0.0572,-1.62,-0.1689,0.3182,FOLLOW
47.372,-1.6415,-0.1289,2.0037,-1.7938,0.0588,-1.62,-0.1689,0.3195,FOLLOW
47.392,-1.6424,-0.1269,1.996,-1.795,0.0605,-1.62,-0.1689,0.3207,FOLLOW
47.412,-1.6433,-0.1249,1.9886,-1.7962,0.0622,-1.6245,-0.1595,0.322,FOLLOW
47.432,-1.6442,-0.1229,1.9813,-1.7974,0.0639,-1.6245,-0.1595,0.3232,FOLLOW
47.452,-1.645,-0.1209,1.9741,-1.7987,0.0657,-1.6245,-0.1595,0.3244,FOLLOW
47.472,-1.6459,-0.1188,1.9668,-1.7999,0.0675,-1.6245,-0.1595,0.3257,FOLLOW
47.492,-1.6468,-0.1168,1.9596,-1.8011,0.0692,-1.6245,-0.1595,0.3269,FOLLOW
47.512,-1.6476,-0.1147,1.9524,-1.8023,0.071,-1.6287,-0.1498,0.3281,FOLLOW
47.532,-1.6484,-0.1127,1.9451,-1.8035,0.0728,-1.6287,-0.1498,0.3293,FOLLOW
47.552,-1.6492,-0.1106,1.9379,-1.8046,0.0746,-1.6287,-0.1498,0.3305,FOLLOW
47.572,-1.65,-0.1085,1.9306,-1.8058,0.0764,-1.6287,-0.1498,0.3317,FOLLOW
47.592,-1.6508,-0.1064,1.9234,-1.8069,0.0783,-1.6287,-0.1498,0.3329,FOLLOW
47.612,-1.6514,-0.1046,1.916,-1.808,0.0801,-1.6327,-0.1398,0.3339,FOLLOW
47.632,-1.6521,-0.1027,1.9081,-1.809,0.0817,-1.6327,-0.1398,0.335,FOLLOW
47.652,-1.6527,-0.1009,1.8998,-1.8108,0.0848,-1.6327,-0.1398,0.3361,FOLLOW
47.672,-1.6533,-0.0991,1.8911,-1.8108,0.0848,-1.6327,-0.1398,0.3371,FOLLOW
47.692,-1.6539,-0.0973,1.8821,-1.8117,0.0863,-1.6327,-0.1398,0.3382,FOLLOW
47.712,-1.6545,-0.0955,1.8731,-1.8134,0.0894,-1.6358,-0.1309,0.3392,FOLLOW
47.732,-1.655,-0.0937,1.864,-1.8143,0.091,-1.6358,-0.1309,0.3402,FOLLOW
47.752,-1.6556,-0.0919,1.855,-1.8143,0.091,-1.6358,-0.1309,0.3412,FOLLOW
47.772,-1.6561,-0.0901,1.8459,-1.8151,0.0926,-1.6358,-0.1309,0.3422,FOLLOW
47.792,-1.6566,-0.0883,1.8369,-1.8159,0.0942,-1.6358,-0.1309,0.3432,FOLLOW
47.812,-1.6571,-0.0865,1.828,-1.8167,0.0958,-1.6384,-0.1224,0.3442,FOLLOW
47.832,-1.6576,-0.0846,1.8193,-1.8183,0.0992,-1.6384,-0.1224,0.3451,FOLLOW
47.852,-1.658,-0.0827,1.8106,-1.8183,0.0992,-1.6384,-0.1224,0.3461,FOLLOW
47.872,-1.6585,-0.0808,1.8019,-1.8199,0.1025,-1.6384,-0.1224,0.3471,FOLLOW
47.892,-1.6589,-0.0789,1.7933,-1.8199,0.1025,-1.6384,-0.1224,0.348,FOLLOW
47.912,-1.6593,-0.077,1.7846,-1.8206,0.1042,-1.6406,-0.1134,0.3489,FOLLOW
47.932,-1.6597,-0.0751,1.7759,-1.8214,0.1059,-1.6406,-0.1134,0.3499,FOLLOW
47.952,-1.6601,-0.0732,1.7672,-1.8221,0.1077,-1.6406,-0.1134,0.3508,FOLLOW
47.972,-1.6605,-0.0713,1.7585,-1.8235,0.1111,-1.6406,-0.1134,0.3517,FOLLOW
47.992,-1.6608,-0.0694,1.7498,-1.8235,0.1111,-1.6406,-0.1134,0.3526,FOLLOW
48.012,-1.6612,-0.0676,1.7409,-1.8242,0.1128,-1.6425,-0.1043,0.3534,FOLLOW
48.032,-1.6615,-0.0658,1.7317,-1.8248,0.1145,-1.6425,-0.1043,0.3543,FOLLOW
48.052,-1.6617,-0.064,1.7225,-1.8254,0.1161,-1.6425,-0.1043,0.3551,FOLLOW
48.072,-1.662,-0.0621,1.7133,-1.826,0.1178,-1.6425,-0.1043,0.356,FOLLOW
48.092,-1.6623,-0.0603,1.704,-1.8266,0.1194,-1.6425,-0.1043,0.3568,FOLLOW
48.112,-1.6625,-0.0585,1.6948,-1.8272,0.1211,-1.6439,-0.0955,0.3576,FOLLOW
48.132,-1.6627,-0.0567,1.6856,-1.8277,0.1227,-1.6439,-0.0955,0.3584,FOLLOW
48.152,-1.6629,-0.0549,1.6763,-1.8283,0.1244,-1.6439,-0.0955,0.3592,FOLLOW
48.172,-1.6631,-0.053,1.6671,-1.8288,0.1261,-1.6439,-0.0955,0.36,FOLLOW
48.192,-1.6633,-0.0512,1.6579,-1.8293,0.1278,-1.6439,-0.0955,0.3607,FOLLOW
48.212,-1.6634,-0.0495,1.6485,-1.8298,0.1295,-1.6451,-0.0851,0.3615,FOLLOW
48.232,-1.6635,-0.0478,1.6387,-1.8302,0.131,-1.6451,-0.0851,0.3622,FOLLOW
48.252,-1.6636,-0.0461,1.6287,-1.8306,0.1325,-1.6451,-0.0851,0.3629,FOLLOW
48.272,-1.6637,-0.0444,1.6186,-1.831,0.1341,-1.6451,-0.0851,0.3636,FOLLOW
48.292,-1.6638,-0.0428,1.6086,-1.8318,0.1371,-1.6451,-0.0851,0.3643,FOLLOW
48.312,-1.6638,-0.0411,1.5985,-1.8321,0.1387,-1.6455,-0.0787,0.365,FOLLOW
48.332,-1.6639,-0.0394,1.5884,-1.8321,0.1387,-1.6455,-0.0787,0.3657,FOLLOW
48.352,-1.6639,-0.0377,1.5784,-1.8325,0.1402,-1.6455,-0.0787,0.3663,FOLLOW
48.372,-1.6639,-0.036,1.5683,-1.8328,0.1418,-1.6455,-0.0787,0.367,FOLLOW
48.392,-1.6639,-0.0344,1.5583,-1.8331,0.1434,-1.6455,-0.0787,0.3676,FOLLOW
48.412,-1.6638,-0.0327,1.5481,-1.8334,0.1449,-1.6456,-0.0708,0.3682,FOLLOW
48.432,-1.6638,-0.0311,1.5379,-1.8337,0.1465,-1.6456,-0.0708,0.3688,FOLLOW
48.452,-1.6637,-0.0294,1.5277,-1.8339,0.148,-1.6456,-0.0708,0.3694,FOLLOW
48.472,-1.6636,-0.0277,1.5176,-1.8342,0.1496,-1.6456,-0.0708,0.37,FOLLOW
48.492,-1.6635,-0.0261,1.5074,-1.8346,0.1527,-1.6454,-0.063,0.3706,FOLLOW
48.512,-1.6634,-0.0244,1.4972,-1.8346,0.1527,-1.6454,-0.063,0.3711,FOLLOW
48.532,-1.6633,-0.0228,1.487,-1.8348,0.1542,-1.6454,-0.063,0.3717,FOLLOW
48.552,-1.6632,-0.0211,1.4768,-1.835,0.1558,-1.6454,-0.063,0.3722,FOLLOW
48.572,-1.663,-0.0195,1.4666,-1.8351,0.1573,-1.6454,-0.063,0.3727,FOLLOW
48.592,-1.6628,-0.0179,1.4565,-1.8353,0.1589,-1.6454,-0.063,0.3732,FOLLOW
48.612,-1.6626,-0.0162,1.4461,-1.8354,0.1604,-1.6447,-0.0552,0.3737,FOLLOW
48.632,-1.6624,-0.0147,1.4357,-1.8356,0.1634,-1.6447,-0.0552,0.3742,FOLLOW
48.652,-1.6622,-0.0131,1.4252,-1.8356,0.1634,-1.6447,-0.0552,0.3747,FOLLOW
48.672,-1.6619,-0.0115,1.4148,-1.8357,0.165,-1.6447,-0.0552,0.3751,FOLLOW
48.692,-1.6617,-0.0099,1.4043,-1.8357,0.1665,-1.6447,-0.0552,0.3756,FOLLOW
48.712,-1.6614,-0.0083,1.3939,-1.8358,0.168,-1.6437,-0.0476,0.376,FOLLOW
48.732,-1.6611,-0.0067,1.3835,-1.8358,0.171,-1.6437,-0.0476,0.3764,FOLLOW
48.752,-1.6608,-0.0052,1.373,-1.8358,0.1725,-1.6437,-0.0476,0.3768,FOLLOW
48.772,-1.6605,-0.0036,1.3626,-1.8358,0.174,-1.6437,-0.0476,0.3772,FOLLOW
48.792,-1.6601,-0.002,1.3521,-1.8358,0.174,-1.6437,-0.0476,0.3776,FOLLOW
48.812,-1.6598,-0.0005,1.3416,-1.8358,0.1755,-1.6423,-0.0402,0.378,FOLLOW
48.832,-1.6594,0.0011,1.331,-1.8357,0.177,-1.6423,-0.0402,0.3783,FOLLOW
48.852,-1.659,0.0026,1.3205,-1.8356,0.1785,-1.6423,-0.0402,0.3787,FOLLOW
48.872,-1.6586,0.0041,1.3099,-1.8356,0.18,-1.6423,-0.0402,0.379,FOLLOW
48.892,-1.6582,0.0057,1.2994,-1.8355,0.1815,-1.6423,-0.0402,0.3793,FOLLOW
48.912,-1.6578,0.0072,1.2888,-1.8352,0.1844,-1.6405,-0.0329,0.3796,FOLLOW
48.932,-1.6573,0.0087,1.2783,-1.8351,0.1859,-1.6405,-0.0329,0.3799,FOLLOW
48.952,-1.6568,0.0102,1.2677,-1.8349,0.1874,-1.6405,-0.0329,0.3802,FOLLOW
48.972,-1.6564,0.0117,1.2571,-1.8347,0.1889,-1.6405,-0.0329,0.3805,FOLLOW
48.992,-1.6559,0.0132,1.2466,-1.8347,0.1889,-1.6405,-0.0329,0.3807,FOLLOW
49.012,-1.6554,0.0147,1.2359,-1.8346,0.1904,-1.6383,-0.0258,0.381,FOLLOW
49.032,-1.6548,0.0161,1.2251,-1.8344,0.1918,-1.6383,-0.0258,0.3812,FOLLOW
49.052,-1.6543,0.0176,1.2142,-1.8341,0.1932,-1.6383,-0.0258,0.3814,FOLLOW
49.072,-1.6538,0.019,1.2034,-1.8339,0.1946,-1.6383,-0.0258,0.3816,FOLLOW
49.092,-1.6532,0.0204,1.1926,-1.8337,0.196,-1.6383,-0.0258,0.3818,FOLLOW
49.112,-1.6526,0.0218,1.1818,-1.8334,0.1975,-1.6359,-0.019,0.382,FOLLOW
49.132,-1.652,0.0233,1.171,-1.8331,0.1989,-1.6359,-0.019,0.3822,FOLLOW
49.152,-1.6514,0.0247,1.1601,-1.8328,0.2003,-1.6359,-0.019,0.3823,FOLLOW
49.172,-1.6508,0.0261,1.1493,-1.8325,0.2017,-1.6359,-0.019,0.3825,FOLLOW
49.192,-1.6502,0.0275,1.1385,-1.8319,0.2045,-1.6331,-0.0124,0.3826,FOLLOW
49.212,-1.6495,0.0289,1.1279,-1.8319,0.2045,-1.6331,-0.0124,0.3827,FOLLOW
49.232,-1.6488,0.0304,1.1176,-1.8315,0.206,-1.6331,-0.0124,0.3828,FOLLOW
49.252,-1.648,0.0319,1.1075,-1.8311,0.2075,-1.6331,-0.0124,0.3828,FOLLOW
49.272,-1.6473,0.0334,1.0974,-1.8307,0.209,-1.6331,-0.0124,0.3829,FOLLOW
49.292,-1.6465,0.0349,1.0873,-1.8303,0.2105,-1.6331,-0.0124,0.3829,FOLLOW
49.312,-1.6457,0.0363,1.0771,-1.8298,0.212,-1.6297,-0.0055,0.3829,FOLLOW
49.332,-1.6449,0.0378,1.067,-1.8294,0.2135,-1.6297,-0.0055,0.3829,FOLLOW
49.352,-1.6441,0.0392,1.0569,-1.8289,0.215,-1.6297,-0.0055,0.3829,FOLLOW
49.372,-1.6433,0.0407,1.0467,-1.8284,0.2165,-1.6297,-0.0055,0.3829,FOLLOW
49.392,-1.6425,0.0421,1.0366,-1.8279,0.218,-1.6297,-0.0055,0.3828,FOLLOW
49.412,-1.6416,0.0435,1.0263,-1.8274,0.2195,-1.6259,0.0014,0.3828,FOLLOW
49.432,-1.6408,0.0448,1.0156,-1.8269,0.2209,-1.6259,0.0014,0.3827,FOLLOW
49.452,-1.64,0.0462,1.005,-1.8263,0.2223,-1.6259,0.0014,0.3827,FOLLOW
49.472,-1.6391,0.0475,0.9944,-1.8258,0.2237,-1.6259,0.0014,0.3826,FOLLOW
49.492,-1.6383,0.0488,0.9837,-1.8253,0.225,-1.6259,0.0014,0.3826,FOLLOW
49.512,-1.6374,0.0501,0.9731,-1.8241,0.2277,-1.622,0.0078,0.3825,FOLLOW
49.532,-1.6365,0.0514,0.9625,-1.8241,0.2277,-1.622,0.0078,0.3824,FOLLOW
49.552,-1.6356,0.0527,0.9518,-1.8235,0.2291,-1.622,0.0078,0.3823,FOLLOW
49.572,-1.6347,0.0539,0.9412,-1.8229,0.2304,-1.622,0.0078,0.3822,FOLLOW
49.592,-1.6337,0.0552,0.9305,-1.8223,0.2318,-1.622,0.0078,0.382,FOLLOW
49.612,-1.6328,0.0565,0.9201,-1.8217,0.2331,-1.6178,0.0138,0.3819,FOLLOW
49.632,-1.6318,0.0578,0.9098,-1.821,0.2345,-1.6178,0.0138,0.3817,FOLLOW
49.652,-1.6307,0.0591,0.8996,-1.8203,0.2359,-1.6178,0.0138,0.3814,FOLLOW
49.672,-1.6297,0.0603,0.8893,-1.8196,0.2372,-1.6178,0.0138,0.3812,FOLLOW
49.692,-1.6287,0.0616,0.879,-1.8189,0.2386,-1.6178,0.0138,0.381,FOLLOW
49.712,-1.6276,0.0629,0.8688,-1.8181,0.24,-1.6131,0.0198,0.3807,FOLLOW
49.732,-1.6266,0.0641,0.8585,-1.8174,0.2413,-1.6131,0.0198,0.3805,FOLLOW
49.752,-1.6255,0.0653,0.8482,-1.8166,0.2427,-1.6131,0.0198,0.3802,FOLLOW
49.772,-1.6244,0.0666,0.838,-1.8159,0.244,-1.6131,0.0198,0.3799,FOLLOW
49.792,-1.6233,0.0678,0.8277,-1.8151,0.2453,-1.6131,0.0198,0.3796,FOLLOW
49.812,-1.6222,0.0689,0.8173,-1.8143,0.2467,-1.608,0.0257,0.3793,FOLLOW
49.832,-1.6211,0.0701,0.8068,-1.8135,0.2479,-1.608,0.0257,0.379,FOLLOW
49.852,-1.62,0.0713,0.7963,-1.8127,0.2492,-1.608,0.0257,0.3787,FOLLOW
49.872,-1.6189,0.0724,0.7858,-1.8118,0.2505,-1.608,0.0257,0.3784,FOLLOW
49.892,-1.6177,0.0735,0.7754,-1.811,0.2517,-1.608,0.0257,0.378,FOLLOW
49.912,-1.6166,0.0746,0.7649,-1.8102,0.2529,-1.6028,0.0311,0.3777,FOLLOW
49.932,-1.6154,0.0757,0.7544,-1.8093,0.2542,-1.6028,0.0311,0.3773,FOLLOW
49.952,-1.6142,0.0768,0.7439,-1.8084,0.2554,-1.6028,0.0311,0.3769,FOLLOW
49.972,-1.6131,0.0779,0.7334,-1.8075,0.2566,-1.6028,0.0311,0.3765,FOLLOW
49.992,-1.6119,0.0789,0.7229,-1.8066,0.2578,-1.6028,0.0311,0.3761,FOLLOW
50.012,-1.6106,0.08,0.7127,-1.8057,0.259,-1.5973,0.0363,0.3757,FOLLOW
50.032,-1.6093,0.0811,0.7027,-1.8047,0.2603,-1.5973,0.0363,0.3752,FOLLOW
50.052,-1.608,0.0822,0.6928,-1.8037,0.2615,-1.5973,0.0363,0.3747,FOLLOW
50.072,-1.6067,0.0833,0.6828,-1.8027,0.2628,-1.5973,0.0363,0.3741,FOLLOW
50.092,-1.6054,0.0844,0.6729,-1.8007,0.2653,-1.5973,0.0363,0.3736,FOLLOW
50.112,-1.604,0.0854,0.663,-1.8007,0.2653,-1.5913,0.0414,0.3731,FOLLOW
50.132,-1.6027,0.0865,0.653,-1.7996,0.2665,-1.5913,0.0414,0.3725,FOLLOW
50.152,-1.6013,0.0875,0.6431,-1.7985,0.2677,-1.5913,0.0414,0.3719,FOLLOW
50.172,-1.6,0.0885,0.6332,-1.7975,0.2689,-1.5913,0.0414,0.3713,FOLLOW
50.192,-1.5986,0.0895,0.6232,-1.7964,0.2701,-1.5913,0.0414,0.3707,FOLLOW
50.212,-1.5972,0.0905,0.6134,-1.7953,0.2713,-1.5848,0.0463,0.3701,FOLLOW
50.232,-1.5957,0.0915,0.6037,-1.793,0.2736,-1.5848,0.0463,0.3695,FOLLOW
50.252,-1.5943,0.0925,0.594,-1.793,0.2736,-1.5848,0.0463,0.3688,FOLLOW
50.272,-1.5928,0.0934,0.5842,-1.7906,0.276,-1.5848,0.0463,0.3681,FOLLOW
50.292,-1.5914,0.0944,0.5745,-1.7906,0.276,-1.5848,0.0463,0.3675,FOLLOW
50.312,-1.5899,0.0953,0.5648,-1.7883,0.2783,-1.5781,0.051,0.3668,FOLLOW
50.332,-1.5884,0.0963,0.555,-1.7883,0.2783,-1.5781,0.051,0.3661,FOLLOW
50.352,-1.587,0.0972,0.5453,-1.787,0.2794,-1.5781,0.051,0.3654,FOLLOW
50.372,-1.5855,0.0981,0.5356,-1.7858,0.2805,-1.5781,0.051,0.3646,FOLLOW
50.392,-1.584,0.0989,0.5259,-1.7846,0.2816,-1.5781,0.051,0.3639,FOLLOW
50.412,-1.5824,0.0998,0.5162,-1.7834,0.2827,-1.571,0.0553,0.3631,FOLLOW
50.432,-1.5809,0.1007,0.5066,-1.7821,0.2838,-1.571,0.0553,0.3623,FOLLOW
50.452,-1.5793,0.1015,0.497,-1.7808,0.2849,-1.571,0.0553,0.3615,FOLLOW
50.472,-1.5778,0.1024,0.4874,-1.7795,0.286,-1.571,0.0553,0.3607,FOLLOW
50.492,-1.5762,0.1032,0.4779,-1.7782,0.287,-1.571,0.0553,0.3599,FOLLOW
50.512,-1.5746,0.104,0.4683,-1.7769,0.2881,-1.5637,0.0594,0.3591,FOLLOW
50.532,-1.5731,0.1048,0.4587,-1.7756,0.2891,-1.5637,0.0594,0.3582,FOLLOW
50.552,-1.5715,0.1055,0.4491,-1.7742,0.2902,-1.5637,0.0594,0.3574,FOLLOW
50.572,-1.5699,0.1063,0.4395,-1.7729,0.2912,-1.5637,0.0594,0.3565,FOLLOW
50.592,-1.5683,0.107,0.4299,-1.7715,0.2922,-1.5637,0.0594,0.3557,FOLLOW
50.612,-1.5666,0.1078,0.4205,-1.7702,0.2931,-1.5562,0.0631,0.3547,FOLLOW
50.632,-1.5649,0.1086,0.4114,-1.7673,0.2952,-1.5562,0.0631,0.3537,FOLLOW
50.652,-1.5632,0.1093,0.4024,-1.7673,0.2952,-1.5562,0.0631,0.3528,FOLLOW
50.672,-1.5614,0.11,0.3934,-1.7643,0.2972,-1.5562,0.0631,0.3518,FOLLOW
50.692,-1.5597,0.1107,0.3843,-1.7643,0.2972,-1.5562,0.0631,0.3508,FOLLOW
50.712,-1.558,0.1114,0.3753,-1.7628,0.2982,-1.5481,0.0667,0.3497,FOLLOW
50.732,-1.5562,0.1121,0.3662,-1.7613,0.2992,-1.5481,0.0667,0.3487,FOLLOW
50.752,-1.5545,0.1128,0.3572,-1.7582,0.3011,-1.5481,0.0667,0.3477,FOLLOW
50.772,-1.5527,0.1134,0.3482,-1.7582,0.3011,-1.5481,0.0667,0.3466,FOLLOW
50.792,-1.5509,0.114,0.3391,-1.7567,0.302,-1.5481,0.0667,0.3455,FOLLOW
50.812,-1.5492,0.1146,0.3299,-1.7552,0.3029,-1.5397,0.0699,0.3445,FOLLOW
50.832,-1.5475,0.1152,0.3204,-1.7537,0.3038,-1.5397,0.0699,0.3435,FOLLOW
50.852,-1.5458,0.1157,0.3109,-1.7522,0.3046,-1.5397,0.0699,0.3425,FOLLOW
50.872,-1.5441,0.1163,0.3014,-1.7507,0.3054,-1.5397,0.0699,0.3415,FOLLOW
50.892,-1.5424,0.1168,0.2918,-1.7492,0.3062,-1.5397,0.0699,0.3404,FOLLOW
50.912,-1.5407,0.1173,0.2823,-1.7477,0.307,-1.5316,0.0726,0.3394,FOLLOW
50.932,-1.539,0.1178,0.2728,-1.7447,0.3086,-1.5316,0.0726,0.3383,FOLLOW
50.952,-1.5373,0.1183,0.2633,-1.7432,0.3093,-1.5316,0.0726,0.3372,FOLLOW
50.972,-1.5356,0.1187,0.2538,-1.7432,0.3093,-1.5316,0.0726,0.3361,FOLLOW
50.992,-1.5338,0.1191,0.2443,-1.7417,0.3101,-1.5316,0.0726,0.335,FOLLOW
51.012,-1.5323,0.1195,0.2346,-1.7401,0.3108,-1.5234,0.0749,0.3341,FOLLOW
51.032,-1.5309,0.1198,0.2245,-1.7378,0.3118,-1.5234,0.0749,0.3332,FOLLOW
51.052,-1.5295,0.1202,0.214,-1.7378,0.3118,-1.5234,0.0749,0.3324,FOLLOW
51.072,-1.5281,0.1205,0.2031,-1.7366,0.3124,-1.5234,0.0749,0.3315,FOLLOW
51.092,-1.5267,0.1207,0.1919,-1.7354,0.3128,-1.5234,0.0749,0.3307,FOLLOW
51.112,-1.5253,0.121,0.1803,-1.7343,0.3133,-1.5168,0.0764,0.3299,FOLLOW
51.132,-1.524,0.1212,0.1686,-1.7331,0.3138,-1.5168,0.0764,0.329,FOLLOW
51.152,-1.5226,0.1214,0.157,-1.7319,0.3142,-1.5168,0.0764,0.3282,FOLLOW
51.172,-1.5213,0.1216,0.1453,-1.7307,0.3147,-1.5168,0.0764,0.3274,FOLLOW
51.192,-1.5199,0.1218,0.1337,-1.7295,0.3151,-1.5168,0.0764,0.3265,FOLLOW
51.212,-1.5186,0.122,0.1219,-1.7283,0.3155,-1.5105,0.0774,0.3257,FOLLOW
51.232,-1.5174,0.1221,0.1097,-1.7272,0.3158,-1.5105,0.0774,0.3249,FOLLOW
51.252,-1.5161,0.1223,0.0972,-1.7262,0.3161,-1.5105,0.0774,0.3241,FOLLOW
51.272,-1.5149,0.1224,0.0842,-1.7252,0.3165,-1.5105,0.0774,0.3234,FOLLOW
51.292,-1.5137,0.1225,0.071,-1.7241,0.3167,-1.5105,0.0774,0.3226,FOLLOW
51.312,-1.5125,0.1225,0.0578,-1.7231,0.317,-1.5049,0.0781,0.3219,FOLLOW
51.332,-1.5113,0.1226,0.0446,-1.7221,0.3173,-1.5049,0.0781,0.3211,FOLLOW
51.352,-1.5101,0.1226,0.0314,-1.721,0.3175,-1.5049,0.0781,0.3203,FOLLOW
51.372,-1.5089,0.1227,0.0182,-1.7199,0.3178,-1.5049,0.0781,0.3195,FOLLOW
51.392,-1.5077,0.1227,0.005,-1.7189,0.318,-1.5049,0.0781,0.3187,FOLLOW
51.412,-1.5065,0.1227,-0.0082,-1.7178,0.3182,-1.4995,0.0783,0.3179,FOLLOW
51.432,-1.5053,0.1227,-0.0214,-1.7168,0.3184,-1.4995,0.0783,0.3171,FOLLOW
51.452,-1.5041,0.1226,-0.0347,-1.7146,0.3187,-1.4995,0.0783,0.3163,FOLLOW
51.472,-1.5029,0.1226,-0.0479,-1.7146,0.3187,-1.4995,0.0783,0.3154,FOLLOW
51.492,-1.5017,0.1225,-0.0611,-1.7136,0.3189,-1.4995,0.0783,0.3146,FOLLOW
51.512,-1.5005,0.1224,-0.0743,-1.7125,0.319,-1.4941,0.0782,0.3137,FOLLOW
51.532,-1.4993,0.1223,-0.0875,-1.7114,0.3192,-1.4941,0.0782,0.3128,FOLLOW
51.552,-1.4981,0.1222,-0.1008,-1.7103,0.3193,-1.4941,0.0782,0.3119,FOLLOW
51.572,-1.497,0.1221,-0.114,-1.7082,0.3194,-1.4941,0.0782,0.311,FOLLOW
51.592,-1.4958,0.1219,-0.1272,-1.7082,0.3194,-1.4941,0.0782,0.3101,FOLLOW
51.612,-1.4946,0.1218,-0.1403,-1.7071,0.3195,-1.4887,0.0777,0.3092,FOLLOW
51.632,-1.4933,0.1216,-0.153,-1.7059,0.3196,-1.4887,0.0777,0.3082,FOLLOW
51.652,-1.492,0.1214,-0.1653,-1.7047,0.3196,-1.4887,0.0777,0.3071,FOLLOW
51.672,-1.4907,0.1211,-0.1773,-1.7035,0.3196,-1.4887,0.0777,0.3061,FOLLOW
51.692,-1.4895,0.1209,-0.1893,-1.7023,0.3197,-1.4887,0.0777,0.305,FOLLOW
51.712,-1.4882,0.1206,-0.2013,-1.7011,0.3197,-1.483,0.0768,0.3039,FOLLOW
51.732,-1.4869,0.1204,-0.2133,-1.6999,0.3197,-1.483,0.0768,0.3028,FOLLOW
51.752,-1.4856,0.1201,-0.2252,-1.6975,0.3196,-1.483,0.0768,0.3017,FOLLOW
51.772,-1.4843,0.1198,-0.2372,-1.6975,0.3196,-1.483,0.0768,0.3006,FOLLOW
51.792,-1.4831,0.1195,-0.2492,-1.6963,0.3195,-1.483,0.0768,0.2995,FOLLOW
51.812,-1.4818,0.1191,-0.2611,-1.6939,0.3194,-1.4771,0.0755,0.2983,FOLLOW
51.832,-1.4805,0.1188,-0.2729,-1.6927,0.3193,-1.4771,0.0755,0.2971,FOLLOW
51.852,-1.4792,0.1184,-0.2848,-1.6915,0.3192,-1.4771,0.0755,0.296,FOLLOW
51.872,-1.4779,0.118,-0.2966,-1.6915,0.3192,-1.4771,0.0755,0.2948,FOLLOW
51.892,-1.4766,0.1176,-0.3085,-1.6902,0.319,-1.4771,0.0755,0.2936,FOLLOW
51.912,-1.4754,0.1172,-0.3203,-1.689,0.3189,-1.47,0.0735,0.2924,FOLLOW
51.932,-1.4741,0.1168,-0.3321,-1.6878,0.3187,-1.47,0.0735,0.2912,FOLLOW
51.952,-1.4728,0.1163,-0.344,-1.6866,0.3185,-1.47,0.0735,0.29,FOLLOW
51.972,-1.4716,0.1158,-0.3558,-1.6853,0.3184,-1.47,0.0735,0.2888,FOLLOW
51.992,-1.4703,0.1154,-0.3676,-1.6841,0.3182,-1.47,0.0735,0.2875,FOLLOW
52.012,-1.469,0.1149,-0.3793,-1.6829,0.3179,-1.4654,0.0719,0.2862,FOLLOW
52.032,-1.4677,0.1143,-0.3906,-1.6816,0.3177,-1.4654,0.0719,0.2849,FOLLOW
52.052,-1.4664,0.1138,-0.4019,-1.679,0.3171,-1.4654,0.0719,0.2835,FOLLOW
52.072,-1.4651,0.1132,-0.4132,-1.679,0.3171,-1.4654,0.0719,0.2822,FOLLOW
52.092,-1.4637,0.1126,-0.4245,-1.6777,0.3168,-1.4654,0.0719,0.2808,FOLLOW
52.112,-1.4624,0.112,-0.4358,-1.6764,0.3165,-1.4593,0.0694,0.2795,FOLLOW
52.132,-1.4611,0.1114,-0.4471,-1.6751,0.3162,-1.4593,0.0694,0.2781,FOLLOW
52.152,-1.4598,0.1107,-0.4584,-1.6738,0.3159,-1.4593,0.0694,0.2767,FOLLOW
52.172,-1.4585,0.1101,-0.4697,-1.6725,0.3155,-1.4593,0.0694,0.2753,FOLLOW
52.192,-1.4573,0.1094,-0.481,-1.6712,0.3151,-1.4593,0.0694,0.2739,FOLLOW
52.212,-1.456,0.1088,-0.4925,-1.6699,0.3148,-1.4532,0.0665,0.2726,FOLLOW
52.232,-1.4548,0.1081,-0.5041,-1.6675,0.314,-1.4532,0.0665,0.2712,FOLLOW
52.252,-1.4536,0.1074,-0.5157,-1.6675,0.314,-1.4532,0.0665,0.2699,FOLLOW
52.272,-1.4524,0.1067,-0.5272,-1.665,0.3131,-1.4532,0.0665,0.2685,FOLLOW
52.292,-1.4512,0.106,-0.5388,-1.665,0.3131,-1.4532,0.0665,0.2671,FOLLOW
52.312,-1.45,0.1053,-0.5504,-1.6626,0.3123,-1.4476,0.0634,0.2658,FOLLOW
52.332,-1.4488,0.1046,-0.562,-1.6626,0.3123,-1.4476,0.0634,0.2644,FOLLOW
52.352,-1.4477,0.1038,-0.5736,-1.6614,0.3118,-1.4476,0.0634,0.263,FOLLOW
52.372,-1.4465,0.1031,-0.5852,-1.6591,0.3108,-1.4476,0.0634,0.2617,FOLLOW
52.392,-1.4454,0.1023,-0.5968,-1.6591,0.3108,-1.4476,0.0634,0.2603,FOLLOW
52.412,-1.4442,0.1015,-0.6086,-1.6579,0.3103,-1.4421,0.0599,0.2589,FOLLOW
52.432,-1.4431,0.1007,-0.6208,-1.6569,0.3099,-1.4421,0.0599,0.2575,FOLLOW
52.452,-1.442,0.0999,-0.6336,-1.6559,0.3094,-1.4421,0.0599,0.2562,FOLLOW
52.472,-1.441,0.0991,-0.6468,-1.6549,0.3089,-1.4421,0.0599,0.2548,FOLLOW
52.492,-1.44,0.0984,-0.6604,-1.654,0.3085,-1.4421,0.0599,0.2536,FOLLOW
52.512,-1.439,0.0976,-0.6746,-1.653,0.308,-1.4376,0.0567,0.2523,FOLLOW
52.532,-1.4381,0.0968,-0.689,-1.6521,0.3075,-1.4376,0.0567,0.251,FOLLOW
52.552,-1.4372,0.0961,-0.7035,-1.6511,0.3069,-1.4376,0.0567,0.2498,FOLLOW
52.572,-1.4362,0.0953,-0.718,-1.6502,0.3064,-1.4376,0.0567,0.2485,FOLLOW
52.592,-1.4353,0.0945,-0.7324,-1.6492,0.3058,-1.4376,0.0567,0.2473,FOLLOW
52.612,-1.4345,0.0937,-0.7467,-1.6483,0.3053,-1.4376,0.0567,0.2461,FOLLOW
52.632,-1.4334,0.0926,-0.7605,-1.6473,0.3046,-1.4376,0.0567,0.2445,FOLLOW
52.652,-1.4322,0.0915,-0.7738,-1.6459,0.3037,-1.4334,0.0532,0.2428,FOLLOW_ARC
52.672,-1.4309,0.0903,-0.7867,-1.6444,0.3027,-1.4334,0.0532,0.241,FOLLOW_ARC
52.692,-1.4297,0.089,-0.7991,-1.6429,0.3017,-1.4334,0.0532,0.2392,FOLLOW_ARC
52.712,-1.4286,0.0879,-0.8111,-1.6414,0.3007,-1.4279,0.048,0.2376,FOLLOW_ARC
52.732,-1.4276,0.0868,-0.8225,-1.6399,0.2997,-1.4279,0.048,0.236,FOLLOW_ARC
52.752,-1.4265,0.0856,-0.8335,-1.6385,0.2986,-1.4279,0.048,0.2345,FOLLOW_ARC
52.772,-1.4255,0.0845,-0.844,-1.637,0.2976,-1.4279,0.048,0.2328,FOLLOW_ARC
52.792,-1.4244,0.0833,-0.854,-1.6355,0.2965,-1.4279,0.048,0.2312,FOLLOW_ARC
52.812,-1.424,0.0827,-0.8636,-1.6341,0.2954,-1.4218,0.0414,0.2305,FOLLOW_TURN
52.832,-1.424,0.0827,-0.8726,-1.6339,0.2953,-1.4218,0.0414,0.2304,FOLLOW_TURN
52.852,-1.4242,0.0829,-0.881,-1.6339,0.2953,-1.4218,0.0414,0.2306,FOLLOW_TURN
52.872,-1.4245,0.0832,-0.889,-1.6339,0.2953,-1.4218,0.0414,0.2309,FOLLOW_TURN
52.892,-1.4247,0.0834,-0.8965,-1.6339,0.2953,-1.4218,0.0414,0.2312,FOLLOW_TURN
52.912,-1.425,0.0838,-0.9035,-1.6339,0.2953,-1.4205,0.0399,0.2316,FOLLOW_TURN
52.932,-1.4254,0.0843,-0.91,-1.6339,0.2953,-1.4205,0.0399,0.2321,FOLLOW_TURN
52.952,-1.4257,0.0847,-0.9161,-1.6339,0.2953,-1.4205,0.0399,0.2325,FOLLOW_TURN
52.972,-1.426,0.0851,-0.9217,-1.6339,0.2953,-1.4205,0.0399,0.233,FOLLOW_TURN
52.992,-1.4263,0.0855,-0.9268,-1.6339,0.2953,-1.4205,0.0399,0.2334,FOLLOW_TURN
53.012,-1.4267,0.086,-0.9314,-1.6339,0.2953,-1.4205,0.0399,0.234,FOLLOW_TURN
53.032,-1.4271,0.0866,-0.9356,-1.6339,0.2953,-1.4205,0.0399,0.2346,FOLLOW_TURN
53.052,-1.4276,0.0872,-0.9393,-1.6339,0.2953,-1.4205,0.0399,0.2352,FOLLOW_TURN
53.072,-1.428,0.0877,-0.9425,-1.6339,0.2953,-1.4205,0.0399,0.2359,FOLLOW_TURN
53.092,-1.4283,0.0882,-0.9452,-1.6339,0.2953,-1.4205,0.0399,0.2364,FOLLOW_TURN
53.112,-1.4288,0.0889,-0.9475,-1.6339,0.2953,-1.4205,0.0399,0.2372,FOLLOW_TURN
53.132,-1.4293,0.0896,-0.9492,-1.6339,0.2953,-1.4205,0.0399,0.238,FOLLOW_TURN
53.152,-1.4298,0.0903,-0.9505,-1.6339,0.2953,-1.4205,0.0399,0.2388,FOLLOW_TURN
53.172,-1.4303,0.091,-0.9514,-1.6339,0.2953,-1.4205,0.0399,0.2395,FOLLOW_TURN
53.192,-1.4308,0.0916,-0.9518,-1.6339,0.2953,-1.4205,0.0399,0.2403,FOLLOW_TURN
53.212,-1.4313,0.0923,-0.9516,-1.6339,0.2953,-1.4205,0.0399,0.2411,FOLLOW_TURN
53.232,-1.4318,0.0931,-0.9511,-1.6339,0.2953,-1.4205,0.0399,0.242,FOLLOW_TURN
53.252,-1.4323,0.0938,-0.95,-1.6339,0.2953,-1.4205,0.0399,0.2429,FOLLOW_TURN
53.272,-1.4328,0.0945,-0.9485,-1.6339,0.2953,-1.4205,0.0399,0.2437,FOLLOW_TURN
53.292,-1.4333,0.0952,-0.9465,-1.6339,0.2953,-1.4205,0.0399,0.2445,FOLLOW_TURN
53.312,-1.4338,0.0958,-0.9441,-1.6339,0.2953,-1.4205,0.0399,0.2452,FOLLOW_TURN
53.332,-1.4342,0.0964,-0.9412,-1.6339,0.2953,-1.4205,0.0399,0.246,FOLLOW_TURN
53.352,-1.4346,0.097,-0.9378,-1.6339,0.2953,-1.4205,0.0399,0.2467,FOLLOW_TURN
53.372,-1.435,0.0975,-0.9339,-1.6339,0.2953,-1.4205,0.0399,0.2474,FOLLOW_TURN
53.392,-1.4354,0.0981,-0.9296,-1.6339,0.2953,-1.4205,0.0399,0.2481,FOLLOW_TURN
53.412,-1.4358,0.0986,-0.9248,-1.6339,0.2953,-1.4205,0.0399,0.2487,FOLLOW_TURN
53.432,-1.4362,0.099,-0.9196,-1.6339,0.2953,-1.4205,0.0399,0.2493,FOLLOW_TURN
53.452,-1.4365,0.0995,-0.9138,-1.6339,0.2953,-1.4205,0.0399,0.2499,FOLLOW_TURN
53.472,-1.4368,0.0999,-0.9077,-1.6339,0.2953,-1.4205,0.0399,0.2504,FOLLOW_TURN
53.492,-1.4371,0.1003,-0.901,-1.6339,0.2953,-1.4205,0.0399,0.251,FOLLOW_TURN
53.512,-1.4374,0.1006,-0.8939,-1.6339,0.2953,-1.4205,0.0399,0.2515,FOLLOW_TURN
53.532,-1.4377,0.101,-0.8863,-1.6339,0.2953,-1.4205,0.0399,0.2519,FOLLOW_TURN
53.552,-1.4379,0.1013,-0.8782,-1.6339,0.2953,-1.4205,0.0399,0.2524,FOLLOW_TURN
53.572,-1.4381,0.1015,-0.8697,-1.6339,0.2953,-1.4205,0.0399,0.2528,FOLLOW_TURN
53.592,-1.4383,0.1018,-0.8607,-1.6339,0.2953,-1.4205,0.0399,0.2532,FOLLOW_TURN
53.612,-1.4385,0.102,-0.8512,-1.6339,0.2953,-1.4205,0.0399,0.2535,FOLLOW_TURN
53.632,-1.4387,0.1022,-0.8412,-1.6339,0.2953,-1.4205,0.0399,0.2538,FOLLOW_TURN
53.652,-1.4388,0.1023,-0.8308,-1.6339,0.2953,-1.4205,0.0399,0.2541,FOLLOW_TURN
53.672,-1.4389,0.1025,-0.8199,-1.6339,0.2953,-1.4205,0.0399,0.2544,FOLLOW_TURN
53.692,-1.4391,0.1026,-0.8086,-1.6339,0.2953,-1.4205,0.0399,0.2546,FOLLOW_TURN
53.712,-1.4391,0.1027,-0.7967,-1.6339,0.2953,-1.4205,0.0399,0.2548,FOLLOW_TURN
53.732,-1.4392,0.1028,-0.7847,-1.6339,0.2953,-1.4205,0.0399,0.255,FOLLOW_TURN
53.752,-1.4393,0.1028,-0.7727,-1.6339,0.2953,-1.4205,0.0399,0.2551,FOLLOW_TURN
53.772,-1.4394,0.1029,-0.7607,-1.6339,0.2953,-1.4205,0.0399,0.2553,FOLLOW_TURN
53.792,-1.4394,0.103,-0.7487,-1.6339,0.2953,-1.4205,0.0399,0.2554,FOLLOW_TURN
53.812,-1.4395,0.1031,-0.7367,-1.6339,0.2953,-1.4205,0.0399,0.2556,FOLLOW_TURN
53.832,-1.4396,0.1031,-0.7247,-1.6339,0.2953,-1.4205,0.0399,0.2558,FOLLOW_TURN
53.852,-1.4397,0.1032,-0.7127,-1.6339,0.2953,-1.4205,0.0399,0.2559,FOLLOW_TURN
53.872,-1.4397,0.1033,-0.7007,-1.6339,0.2953,-1.4205,0.0399,0.256,FOLLOW_TURN
53.892,-1.4398,0.1034,-0.6887,-1.6339,0.2953,-1.4205,0.0399,0.2562,FOLLOW_TURN
53.912,-1.4399,0.1034,-0.6767,-1.6339,0.2953,-1.4205,0.0399,0.2563,FOLLOW_TURN
53.932,-1.44,0.1035,-0.6647,-1.6339,0.2953,-1.4205,0.0399,0.2565,FOLLOW_TURN
53.952,-1.4401,0.1036,-0.6527,-1.6339,0.2953,-1.4205,0.0399,0.2566,FOLLOW_TURN
53.972,-1.4402,0.1036,-0.6407,-1.6339,0.2953,-1.4205,0.0399,0.2567,FOLLOW_TURN
53.992,-1.4402,0.1037,-0.6287,-1.6339,0.2953,-1.4205,0.0399,0.2568,FOLLOW_TURN
54.012,-1.4403,0.1038,-0.6167,-1.6339,0.2953,-1.4205,0.0399,0.2569,FOLLOW_TURN
54.032,-1.4404,0.1038,-0.6047,-1.6339,0.2953,-1.4205,0.0399,0.2571,FOLLOW_TURN
54.052,-1.4405,0.1039,-0.5927,-1.6339,0.2953,-1.4205,0.0399,0.2572,FOLLOW_TURN
54.072,-1.4406,0.104,-0.5807,-1.6339,0.2953,-1.4205,0.0399,0.2573,FOLLOW_TURN
54.092,-1.4407,0.104,-0.5687,-1.6339,0.2953,-1.4205,0.0399,0.2574,FOLLOW_TURN
54.112,-1.4408,0.1041,-0.5567,-1.6339,0.2953,-1.4205,0.0399,0.2574,FOLLOW_TURN
54.132,-1.4409,0.1041,-0.5447,-1.6339,0.2953,-1.4205,0.0399,0.2575,FOLLOW_TURN
54.152,-1.4409,0.1042,-0.5327,-1.6339,0.2953,-1.4205,0.0399,0.2576,FOLLOW_TURN
54.172,-1.441,0.1043,-0.5207,-1.6339,0.2953,-1.4205,0.0399,0.2577,FOLLOW_TURN
54.192,-1.4411,0.1043,-0.5087,-1.6339,0.2953,-1.4205,0.0399,0.2578,FOLLOW_TURN
54.212,-1.4412,0.1044,-0.4967,-1.6339,0.2953,-1.4205,0.0399,0.2578,FOLLOW_TURN
54.232,-1.4413,0.1044,-0.4847,-1.6339,0.2953,-1.4205,0.0399,0.2579,FOLLOW_TURN
54.252,-1.4414,0.1045,-0.4727,-1.6339,0.2953,-1.4205,0.0399,0.258,FOLLOW_TURN
54.272,-1.4415,0.1045,-0.4607,-1.6339,0.2953,-1.4205,0.0399,0.258,FOLLOW_TURN
54.292,-1.4416,0.1046,-0.4487,-1.6339,0.2953,-1.4205,0.0399,0.2581,FOLLOW_TURN
54.312,-1.4417,0.1046,-0.4367,-1.6339,0.2953,-1.4205,0.0399,0.2581,FOLLOW_TURN
54.332,-1.4418,0.1047,-0.4247,-1.6339,0.2953,-1.4205,0.0399,0.2582,FOLLOW_TURN
54.352,-1.4419,0.1047,-0.4127,-1.6339,0.2953,-1.4205,0.0399,0.2582,FOLLOW_TURN
54.372,-1.442,0.1048,-0.4007,-1.6339,0.2953,-1.4205,0.0399,0.2583,FOLLOW_TURN
54.392,-1.4421,0.1048,-0.3887,-1.6339,0.2953,-1.4205,0.0399,0.2583,FOLLOW_TURN
54.412,-1.4422,0.1049,-0.3767,-1.6339,0.2953,-1.4205,0.0399,0.2583,FOLLOW_TURN
54.432,-1.4423,0.1049,-0.3647,-1.6339,0.2953,-1.4205,0.0399,0.2583,FOLLOW_TURN
54.452,-1.4424,0.1049,-0.3527,-1.6339,0.2953,-1.4205,0.0399,0.2584,FOLLOW_TURN
54.472,-1.4425,0.105,-0.3407,-1.6339,0.2953,-1.4205,0.0399,0.2584,FOLLOW_TURN
54.492,-1.4426,0.105,-0.3287,-1.6339,0.2953,-1.4205,0.0399,0.2584,FOLLOW_TURN
54.512,-1.4427,0.1051,-0.3167,-1.6339,0.2953,-1.4205,0.0399,0.2584,FOLLOW_TURN
54.532,-1.4428,0.1051,-0.3047,-1.6339,0.2953,-1.4205,0.0399,0.2584,FOLLOW_TURN
54.552,-1.4429,0.1051,-0.2927,-1.6339,0.2953,-1.4205,0.0399,0.2584,FOLLOW_TURN
54.572,-1.443,0.1052,-0.2807,-1.6339,0.2953,-1.4205,0.0399,0.2584,FOLLOW_TURN
54.592,-1.4431,0.1052,-0.2687,-1.6339,0.2953,-1.4205,0.0399,0.2583,FOLLOW_TURN
54.612,-1.4432,0.1052,-0.2567,-1.6339,0.2953,-1.4205,0.0399,0.2583,FOLLOW_TURN
54.632,-1.4433,0.1053,-0.2447,-1.6339,0.2953,-1.4205,0.0399,0.2583,FOLLOW_TURN
54.652,-1.4434,0.1053,-0.2327,-1.6339,0.2953,-1.4205,0.0399,0.2583,FOLLOW_TURN
54.672,-1.4435,0.1053,-0.2207,-1.6339,0.2953,-1.4205,0.0399,0.2583,FOLLOW_TURN
54.692,-1.4436,0.1053,-0.2087,-1.6339,0.2953,-1.4205,0.0399,0.2582,FOLLOW_TURN
54.712,-1.4437,0.1054,-0.1967,-1.6339,0.2953,-1.4205,0.0399,0.2582,FOLLOW_TURN
54.732,-1.4438,0.1054,-0.1847,-1.6339,0.2953,-1.4205,0.0399,0.2581,FOLLOW_TURN
54.752,-1.4439,0.1054,-0.1727,-1.6339,0.2953,-1.4205,0.0399,0.2581,FOLLOW_TURN
54.772,-1.444,0.1054,-0.1607,-1.6339,0.2953,-1.4205,0.0399,0.258,FOLLOW_TURN
54.792,-1.4441,0.1055,-0.1487,-1.6339,0.2953,-1.4205,0.0399,0.258,FOLLOW_TURN
54.812,-1.4442,0.1055,-0.1367,-1.6339,0.2953,-1.4205,0.0399,0.2579,FOLLOW_TURN
54.832,-1.4443,0.1055,-0.1247,-1.6339,0.2953,-1.4205,0.0399,0.2578,FOLLOW_TURN
54.852,-1.4445,0.1055,-0.1127,-1.6339,0.2953,-1.4205,0.0399,0.2578,FOLLOW_TURN
54.872,-1.4446,0.1055,-0.1007,-1.6339,0.2953,-1.4205,0.0399,0.2577,FOLLOW_TURN
54.892,-1.4447,0.1055,-0.0887,-1.6339,0.2953,-1.4205,0.0399,0.2576,FOLLOW_TURN
54.912,-1.4448,0.1055,-0.0767,-1.6339,0.2953,-1.4205,0.0399,0.2575,FOLLOW_TURN
54.932,-1.4449,0.1056,-0.0647,-1.6339,0.2953,-1.4205,0.0399,0.2574,FOLLOW_TURN
54.952,-1.445,0.1056,-0.0527,-1.6339,0.2953,-1.4205,0.0399,0.2573,FOLLOW_TURN
54.972,-1.4451,0.1056,-0.0407,-1.6339,0.2953,-1.4205,0.0399,0.2572,FOLLOW_TURN
54.992,-1.4452,0.1056,-0.0287,-1.6339,0.2953,-1.4205,0.0399,0.2571,FOLLOW_TURN
55.012,-1.4453,0.1056,-0.0167,-1.6339,0.2953,-1.4205,0.0399,0.257,FOLLOW_TURN
55.032,-1.4454,0.1056,-0.0047,-1.6339,0.2953,-1.4205,0.0399,0.2569,FOLLOW_TURN
55.052,-1.4455,0.1056,0.0073,-1.6339,0.2953,-1.4205,0.0399,0.2568,FOLLOW_TURN
55.072,-1.4456,0.1056,0.0193,-1.6339,0.2953,-1.4205,0.0399,0.2567,FOLLOW_TURN
55.092,-1.4457,0.1056,0.0313,-1.6339,0.2953,-1.4205,0.0399,0.2566,FOLLOW_TURN
55.112,-1.4458,0.1056,0.0433,-1.6339,0.2953,-1.4205,0.0399,0.2564,FOLLOW_TURN
55.132,-1.446,0.1056,0.0553,-1.6339,0.2953,-1.4205,0.0399,0.2563,FOLLOW_TURN
55.152,-1.4461,0.1056,0.0673,-1.6339,0.2953,-1.4205,0.0399,0.2562,FOLLOW_TURN
55.172,-1.4462,0.1056,0.0793,-1.6339,0.2953,-1.4205,0.0399,0.256,FOLLOW_TURN
55.192,-1.4463,0.1056,0.0913,-1.6339,0.2953,-1.4205,0.0399,0.2559,FOLLOW_TURN
55.212,-1.4463,0.1056,0.1031,-1.6339,0.2953,-1.4205,0.0399,0.2557,FOLLOW_TURN
55.232,-1.4459,0.1057,0.1145,-1.6338,0.2954,-1.4205,0.0399,0.2552,FOLLOW
55.252,-1.4453,0.1058,0.1255,-1.6333,0.2958,-1.4205,0.0399,0.2545,FOLLOW
55.272,-1.4443,0.106,0.1361,-1.6326,0.2963,-1.4205,0.0399,0.2536,FOLLOW
55.292,-1.4433,0.1061,0.1463,-1.6318,0.297,-1.4205,0.0399,0.2525,FOLLOW
55.312,-1.4421,0.1064,0.1561,-1.631,0.2976,-1.4178,0.0402,0.2514,FOLLOW
55.332,-1.4406,0.1067,0.1655,-1.6301,0.2983,-1.4178,0.0402,0.2501,FOLLOW
55.352,-1.4388,0.1071,0.1744,-1.6273,0.3005,-1.4178,0.0402,0.2486,FOLLOW
55.372,-1.4367,0.1075,0.1829,-1.6273,0.3005,-1.4178,0.0402,0.2469,FOLLOW
55.392,-1.4345,0.1079,0.191,-1.6258,0.3018,-1.4178,0.0402,0.2451,FOLLOW
55.412,-1.4321,0.1084,0.1987,-1.6242,0.303,-1.4102,0.0415,0.2433,FOLLOW
55.432,-1.4295,0.109,0.206,-1.6226,0.3044,-1.4102,0.0415,0.2412,FOLLOW
55.452,-1.4266,0.1097,0.2129,-1.6206,0.306,-1.4102,0.0415,0.239,FOLLOW
55.472,-1.4236,0.1103,0.2193,-1.6186,0.3076,-1.4102,0.0415,0.2367,FOLLOW
55.492,-1.4207,0.111,0.2253,-1.6167,0.3092,-1.4102,0.0415,0.2345,FOLLOW
55.512,-1.4177,0.1117,0.2309,-1.6147,0.3109,-1.3987,0.0439,0.2323,FOLLOW
55.532,-1.4146,0.1124,0.2361,-1.6108,0.3141,-1.3987,0.0439,0.23,FOLLOW
55.552,-1.4114,0.1132,0.2409,-1.6108,0.3141,-1.3987,0.0439,0.2278,FOLLOW
55.572,-1.4084,0.114,0.2453,-1.6088,0.3157,-1.3987,0.0439,0.2256,FOLLOW
55.592,-1.4053,0.1147,0.2493,-1.6068,0.3173,-1.3987,0.0439,0.2234,FOLLOW
55.612,-1.4023,0.1155,0.2529,-1.6048,0.3189,-1.3863,0.0469,0.2213,FOLLOW
55.632,-1.399,0.1164,0.256,-1.6027,0.3206,-1.3863,0.0469,0.2191,FOLLOW
55.652,-1.3955,0.1173,0.2587,-1.5976,0.3246,-1.3863,0.0469,0.2167,FOLLOW
55.672,-1.392,0.1182,0.261,-1.5976,0.3246,-1.3863,0.0469,0.2144,FOLLOW
55.692,-1.3886,0.1192,0.2629,-1.5949,0.3266,-1.3863,0.0469,0.2121,FOLLOW
55.712,-1.3851,0.1201,0.2644,-1.5896,0.3308,-1.3716,0.0507,0.2099,FOLLOW
55.732,-1.3817,0.121,0.2654,-1.5896,0.3308,-1.3716,0.0507,0.2077,FOLLOW
55.752,-1.3784,0.1219,0.2661,-1.587,0.3328,-1.3716,0.0507,0.2055,FOLLOW
55.772,-1.375,0.1228,0.2663,-1.5817,0.3369,-1.3716,0.0507,0.2034,FOLLOW
55.792,-1.3717,0.1237,0.2661,-1.5817,0.3369,-1.3716,0.0507,0.2014,FOLLOW
55.812,-1.3684,0.1246,0.2659,-1.579,0.339,-1.3554,0.0551,0.1994,FOLLOW
55.832,-1.3651,0.1255,0.2661,-1.5763,0.3411,-1.3554,0.0551,0.1973,FOLLOW
55.852,-1.3618,0.1264,0.2667,-1.5736,0.3432,-1.3554,0.0551,0.1953,FOLLOW
55.872,-1.3585,0.1273,0.2675,-1.5708,0.3453,-1.3554,0.0551,0.1933,FOLLOW
55.892,-1.3552,0.1283,0.2682,-1.5681,0.3474,-1.3554,0.0551,0.1913,FOLLOW
55.912,-1.3519,0.1292,0.2689,-1.5654,0.3495,-1.3389,0.0596,0.1893,FOLLOW
55.932,-1.3485,0.1301,0.2697,-1.5626,0.3516,-1.3389,0.0596,0.1873,FOLLOW
55.952,-1.3452,0.131,0.2704,-1.5599,0.3538,-1.3389,0.0596,0.1854,FOLLOW
55.972,-1.3419,0.1319,0.2711,-1.5572,0.3559,-1.3389,0.0596,0.1834,FOLLOW
55.992,-1.3386,0.1329,0.2719,-1.5545,0.358,-1.3389,0.0596,0.1815,FOLLOW
56.012,-1.3354,0.1337,0.2728,-1.5492,0.3622,-1.3223,0.0641,0.1797,FOLLOW
56.032,-1.3323,0.1346,0.2741,-1.5492,0.3622,-1.3223,0.0641,0.1779,FOLLOW
56.052,-1.3292,0.1355,0.2758,-1.5466,0.3642,-1.3223,0.0641,0.1762,FOLLOW
56.072,-1.3261,0.1364,0.2774,-1.544,0.3662,-1.3223,0.0641,0.1744,FOLLOW
56.092,-1.3229,0.1373,0.2791,-1.5415,0.3682,-1.3223,0.0641,0.1727,FOLLOW
56.112,-1.3198,0.1382,0.2807,-1.5389,0.3703,-1.3063,0.0686,0.171,FOLLOW
56.132,-1.3167,0.1391,0.2824,-1.5363,0.3723,-1.3063,0.0686,0.1693,FOLLOW
56.152,-1.3135,0.14,0.2841,-1.5338,0.3743,-1.3063,0.0686,0.1676,FOLLOW
56.172,-1.3104,0.1409,0.2857,-1.5312,0.3764,-1.3063,0.0686,0.1659,FOLLOW
56.192,-1.3073,0.1418,0.2874,-1.5287,0.3784,-1.3063,0.0686,0.1643,FOLLOW
56.212,-1.3045,0.1426,0.2892,-1.5261,0.3805,-1.2906,0.0731,0.1628,FOLLOW
56.232,-1.3018,0.1434,0.2915,-1.5239,0.3823,-1.2906,0.0731,0.1614,FOLLOW
56.252,-1.2991,0.1442,0.2942,-1.5194,0.386,-1.2906,0.0731,0.16,FOLLOW
56.272,-1.2964,0.1451,0.2973,-1.5194,0.386,-1.2906,0.0731,0.1586,FOLLOW
56.292,-1.2937,0.1459,0.3008,-1.5171,0.3879,-1.2906,0.0731,0.1572,FOLLOW
56.312,-1.2909,0.1468,0.3043,-1.5127,0.3916,-1.2763,0.0774,0.1559,FOLLOW
56.332,-1.2882,0.1476,0.3078,-1.5127,0.3916,-1.2763,0.0774,0.1545,FOLLOW
56.352,-1.2855,0.1485,0.3113,-1.5105,0.3935,-1.2763,0.0774,0.1532,FOLLOW
56.372,-1.2827,0.1494,0.3148,-1.5083,0.3953,-1.2763,0.0774,0.1519,FOLLOW
56.392,-1.28,0.1503,0.3183,-1.5061,0.3972,-1.2763,0.0774,0.1506,FOLLOW
56.412,-1.2772,0.1512,0.3216,-1.5039,0.3991,-1.2625,0.0818,0.1493,FOLLOW
56.432,-1.2744,0.1521,0.3247,-1.5016,0.4011,-1.2625,0.0818,0.148,FOLLOW
56.452,-1.2716,0.1531,0.3278,-1.4994,0.403,-1.2625,0.0818,0.1468,FOLLOW
56.472,-1.2688,0.154,0.3309,-1.4972,0.405,-1.2625,0.0818,0.1456,FOLLOW
56.492,-1.2661,0.155,0.334,-1.4949,0.407,-1.2625,0.0818,0.1444,FOLLOW
56.512,-1.2633,0.156,0.3371,-1.4927,0.409,-1.2485,0.0865,0.1432,FOLLOW
56.532,-1.2605,0.157,0.3402,-1.4905,0.411,-1.2485,0.0865,0.1421,FOLLOW
56.552,-1.2577,0.1579,0.3433,-1.4883,0.413,-1.2485,0.0865,0.141,FOLLOW
56.572,-1.2549,0.1589,0.3465,-1.4861,0.415,-1.2485,0.0865,0.1399,FOLLOW
56.592,-1.2522,0.1599,0.3496,-1.4817,0.419,-1.2485,0.0865,0.1388,FOLLOW
56.612,-1.2496,0.1609,0.3529,-1.4817,0.419,-1.2344,0.0914,0.1378,FOLLOW
56.632,-1.247,0.1618,0.3566,-1.4796,0.4209,-1.2344,0.0914,0.1369,FOLLOW
56.652,-1.2444,0.1628,0.3607,-1.4776,0.4228,-1.2344,0.0914,0.1359,FOLLOW
56.672,-1.2418,0.1638,0.3647,-1.4756,0.4247,-1.2344,0.0914,0.135,FOLLOW
56.692,-1.2393,0.1648,0.3687,-1.4736,0.4266,-1.2344,0.0914,0.1341,FOLLOW
56.712,-1.2367,0.1658,0.3728,-1.4715,0.4286,-1.2212,0.0964,0.1332,FOLLOW
56.732,-1.2341,0.1668,0.3768,-1.4695,0.4305,-1.2212,0.0964,0.1323,FOLLOW
56.752,-1.2316,0.1678,0.3808,-1.4675,0.4325,-1.2212,0.0964,0.1315,FOLLOW
56.772,-1.229,0.1688,0.3849,-1.4655,0.4344,-1.2212,0.0964,0.1307,FOLLOW
56.792,-1.2265,0.1699,0.3889,-1.4635,0.4364,-1.2212,0.0964,0.1299,FOLLOW
56.812,-1.224,0.1709,0.3932,-1.4616,0.4384,-1.2082,0.1015,0.1292,FOLLOW
56.832,-1.2216,0.1719,0.3977,-1.4597,0.4403,-1.2082,0.1015,0.1285,FOLLOW
56.852,-1.2191,0.1729,0.4022,-1.4578,0.4422,-1.2082,0.1015,0.1278,FOLLOW
56.872,-1.2167,0.174,0.4068,-1.454,0.446,-1.2082,0.1015,0.1272,FOLLOW
56.892,-1.2143,0.175,0.4113,-1.454,0.446,-1.2082,0.1015,0.1265,FOLLOW
56.912,-1.2118,0.1761,0.4159,-1.4522,0.448,-1.1957,0.1067,0.1259,FOLLOW
56.932,-1.2094,0.1772,0.4204,-1.4485,0.4519,-1.1957,0.1067,0.1253,FOLLOW
56.952,-1.207,0.1783,0.425,-1.4485,0.4519,-1.1957,0.1067,0.1248,FOLLOW
56.972,-1.2046,0.1794,0.4295,-1.4466,0.4539,-1.1957,0.1067,0.1243,FOLLOW
56.992,-1.2022,0.1805,0.4341,-1.4448,0.4558,-1.1957,0.1067,0.1238,FOLLOW
57.012,-1.1999,0.1816,0.4389,-1.443,0.4578,-1.1834,0.1122,0.1233,FOLLOW
57.032,-1.1976,0.1826,0.4439,-1.4395,0.4617,-1.1834,0.1122,0.1229,FOLLOW
57.052,-1.1953,0.1837,0.449,-1.4378,0.4636,-1.1834,0.1122,0.1225,FOLLOW
57.072,-1.193,0.1848,0.4541,-1.4378,0.4636,-1.1834,0.1122,0.1221,FOLLOW
57.092,-1.1907,0.186,0.4591,-1.4361,0.4656,-1.1834,0.1122,0.1217,FOLLOW
57.112,-1.1884,0.1871,0.4642,-1.4344,0.4675,-1.1716,0.1178,0.1214,FOLLOW
57.132,-1.1862,0.1882,0.4693,-1.4327,0.4695,-1.1716,0.1178,0.1211,FOLLOW
57.152,-1.1839,0.1894,0.4743,-1.431,0.4714,-1.1716,0.1178,0.1208,FOLLOW
57.172,-1.1817,0.1906,0.4794,-1.4294,0.4734,-1.1716,0.1178,0.1205,FOLLOW
57.192,-1.1794,0.1917,0.4844,-1.4277,0.4754,-1.1716,0.1178,0.1203,FOLLOW
57.212,-1.1772,0.1929,0.4897,-1.4261,0.4774,-1.16,0.1236,0.1201,FOLLOW
57.232,-1.175,0.1941,0.4951,-1.4245,0.4793,-1.16,0.1236,0.1199,FOLLOW
57.252,-1.1729,0.1953,0.5005,-1.4229,0.4813,-1.16,0.1236,0.1198,FOLLOW
57.272,-1.1707,0.1965,0.5058,-1.4213,0.4833,-1.16,0.1236,0.1196,FOLLOW
57.292,-1.1685,0.1977,0.5112,-1.4197,0.4853,-1.16,0.1236,0.1196,FOLLOW
57.312,-1.1664,0.1989,0.5166,-1.4182,0.4872,-1.1489,0.1296,0.1195,FOLLOW
57.332,-1.1642,0.2001,0.5219,-1.4166,0.4892,-1.1489,0.1296,0.1194,FOLLOW
57.352,-1.1621,0.2014,0.5273,-1.4151,0.4912,-1.1489,0.1296,0.1194,FOLLOW
57.372,-1.1599,0.2026,0.5327,-1.4135,0.4933,-1.1489,0.1296,0.1194,FOLLOW
57.392,-1.1578,0.2039,0.5381,-1.412,0.4953,-1.1379,0.1359,0.1195,FOLLOW
57.412,-1.1556,0.2052,0.5432,-1.4105,0.4973,-1.1379,0.1359,0.1196,FOLLOW
57.432,-1.1533,0.2066,0.5479,-1.409,0.4994,-1.1379,0.1359,0.1197,FOLLOW
57.452,-1.1511,0.208,0.5526,-1.4074,0.5016,-1.1379,0.1359,0.1199,FOLLOW
57.472,-1.1489,0.2093,0.5572,-1.4059,0.5038,-1.1379,0.1359,0.1201,FOLLOW
57.492,-1.1466,0.2107,0.5619,-1.4043,0.5059,-1.1379,0.1359,0.1203,FOLLOW
57.512,-1.1444,0.2121,0.5666,-1.4012,0.5103,-1.1266,0.1427,0.1206,FOLLOW
57.532,-1.1422,0.2136,0.5712,-1.4012,0.5103,-1.1266,0.1427,0.1208,FOLLOW
57.552,-1.14,0.215,0.5759,-1.3997,0.5125,-1.1266,0.1427,0.1211,FOLLOW
57.572,-1.1378,0.2164,0.5805,-1.3967,0.5169,-1.1266,0.1427,0.1215,FOLLOW
57.592,-1.1356,0.2179,0.5852,-1.3967,0.5169,-1.1154,0.1499,0.1218,FOLLOW
57.612,-1.1335,0.2193,0.5901,-1.3952,0.5191,-1.1154,0.1499,0.1222,FOLLOW
57.632,-1.1314,0.2207,0.5952,-1.3938,0.5213,-1.1154,0.1499,0.1226,FOLLOW
57.652,-1.1293,0.2221,0.6004,-1.3924,0.5234,-1.1154,0.1499,0.123,FOLLOW
57.672,-1.1273,0.2235,0.6056,-1.391,0.5256,-1.1154,0.1499,0.1234,FOLLOW
57.692,-1.1252,0.225,0.6108,-1.3896,0.5277,-1.1154,0.1499,0.1239,FOLLOW
57.712,-1.1231,0.2264,0.6159,-1.3869,0.5321,-1.1047,0.1572,0.1244,FOLLOW
57.732,-1.1211,0.2279,0.6211,-1.3869,0.5321,-1.1047,0.1572,0.1249,FOLLOW
57.752,-1.119,0.2293,0.6263,-1.3842,0.5364,-1.1047,0.1572,0.1254,FOLLOW
57.772,-1.117,0.2308,0.6315,-1.3842,0.5364,-1.1047,0.1572,0.126,FOLLOW
57.792,-1.115,0.2323,0.6366,-1.3829,0.5386,-1.1047,0.1572,0.1266,FOLLOW
57.812,-1.1128,0.2339,0.6416,-1.3816,0.5408,-1.0942,0.1646,0.1273,FOLLOW
57.832,-1.1107,0.2356,0.646,-1.3802,0.5432,-1.0942,0.1646,0.128,FOLLOW
57.852,-1.1085,0.2372,0.6503,-1.3788,0.5455,-1.0942,0.1646,0.1288,FOLLOW
57.872,-1.1064,0.2388,0.6546,-1.3774,0.5479,-1.0942,0.1646,0.1295,FOLLOW
57.892,-1.1042,0.2405,0.6589,-1.3761,0.5503,-1.0942,0.1646,0.1304,FOLLOW
57.912,-1.1021,0.2421,0.6632,-1.3747,0.5527,-1.0835,0.1727,0.1312,FOLLOW
57.932,-1.1,0.2438,0.6675,-1.3734,0.555,-1.0835,0.1727,0.1321,FOLLOW
57.952,-1.0978,0.2455,0.6718,-1.3707,0.5598,-1.0835,0.1727,0.133,FOLLOW
57.972,-1.0957,0.2472,0.6761,-1.3707,0.5598,-1.0835,0.1727,0.1339,FOLLOW
57.992,-1.0936,0.2489,0.6804,-1.3694,0.5622,-1.0835,0.1727,0.1348,FOLLOW
58.012,-1.0914,0.2507,0.6844,-1.3681,0.5647,-1.0706,0.1829,0.1358,FOLLOW
58.032,-1.0892,0.2525,0.688,-1.3667,0.5672,-1.0706,0.1829,0.1369,FOLLOW
58.052,-1.087,0.2543,0.6915,-1.3654,0.5698,-1.0706,0.1829,0.138,FOLLOW
58.072,-1.0847,0.2562,0.6949,-1.3627,0.5749,-1.0706,0.1829,0.1392,FOLLOW
58.092,-1.0825,0.258,0.6984,-1.3627,0.5749,-1.0706,0.1829,0.1403,FOLLOW
58.112,-1.0803,0.2599,0.7018,-1.3613,0.5775,-1.0616,0.1903,0.1415,FOLLOW
58.132,-1.0781,0.2617,0.7053,-1.3587,0.5827,-1.0616,0.1903,0.1427,FOLLOW
58.152,-1.0759,0.2636,0.7087,-1.3587,0.5827,-1.0616,0.1903,0.144,FOLLOW
58.172,-1.0738,0.2655,0.7122,-1.3574,0.5853,-1.0616,0.1903,0.1452,FOLLOW
58.192,-1.0716,0.2674,0.7156,-1.3561,0.5879,-1.0616,0.1903,0.1465,FOLLOW
58.212,-1.0694,0.2693,0.7189,-1.3548,0.5905,-1.0505,0.1997,0.1479,FOLLOW
58.232,-1.0671,0.2713,0.722,-1.3534,0.5931,-1.0505,0.1997,0.1493,FOLLOW
58.252,-1.0649,0.2732,0.725,-1.3521,0.5958,-1.0505,0.1997,0.1507,FOLLOW
58.272,-1.0627,0.2752,0.7281,-1.3508,0.5985,-1.0505,0.1997,0.1521,FOLLOW
58.292,-1.0605,0.2772,0.7312,-1.3495,0.6012,-1.0505,0.1997,0.1535,FOLLOW
58.312,-1.0583,0.2791,0.7342,-1.3483,0.6039,-1.0394,0.2095,0.155,FOLLOW
58.332,-1.0561,0.2811,0.7373,-1.347,0.6066,-1.0394,0.2095,0.1565,FOLLOW
58.352,-1.0539,0.2831,0.7404,-1.3457,0.6093,-1.0394,0.2095,0.158,FOLLOW
58.372,-1.0518,0.2851,0.7435,-1.3445,0.612,-1.0394,0.2095,0.1595,FOLLOW
58.392,-1.0496,0.2871,0.7465,-1.3432,0.6147,-1.0394,0.2095,0.1611,FOLLOW
58.412,-1.0473,0.2893,0.7494,-1.342,0.6174,-1.0283,0.2195,0.1628,FOLLOW
58.432,-1.0448,0.2916,0.7517,-1.3406,0.6203,-1.0283,0.2195,0.1646,FOLLOW
58.452,-1.0423,0.2939,0.7535,-1.3393,0.6234,-1.0283,0.2195,0.1665,FOLLOW
58.472,-1.0399,0.2962,0.7549,-1.3379,0.6264,-1.0283,0.2195,0.1684,FOLLOW
58.492,-1.0375,0.2985,0.7562,-1.3365,0.6295,-1.0283,0.2195,0.1704,FOLLOW
58.512,-1.035,0.3007,0.7575,-1.3351,0.6325,-1.0165,0.2305,0.1723,FOLLOW
58.532,-1.0326,0.303,0.7588,-1.3338,0.6356,-1.0165,0.2305,0.1742,FOLLOW
58.552,-1.0302,0.3053,0.7601,-1.3324,0.6386,-1.0165,0.2305,0.1762,FOLLOW
58.572,-1.0278,0.3076,0.7614,-1.3297,0.6447,-1.0165,0.2305,0.1782,FOLLOW
58.592,-1.0254,0.3099,0.7627,-1.3297,0.6447,-1.0165,0.2305,0.1802,FOLLOW
58.612,-1.0228,0.3124,0.7637,-1.3283,0.6478,-1.0043,0.242,0.1824,FOLLOW
58.632,-1.0203,0.3148,0.7643,-1.3269,0.651,-1.0043,0.242,0.1846,FOLLOW
58.652,-1.0177,0.3173,0.7643,-1.3255,0.6542,-1.0043,0.242,0.1868,FOLLOW
58.672,-1.0151,0.3197,0.764,-1.3241,0.6574,-1.0043,0.242,0.1891,FOLLOW
58.692,-1.0126,0.3222,0.7636,-1.3227,0.6606,-1.0043,0.242,0.1913,FOLLOW
58.712,-1.01,0.3246,0.7632,-1.3198,0.6671,-0.9917,0.254,0.1936,FOLLOW
58.732,-1.0075,0.3271,0.7628,-1.3198,0.6671,-0.9917,0.254,0.1959,FOLLOW
58.752,-1.0049,0.3295,0.7624,-1.3184,0.6703,-0.9917,0.254,0.1982,FOLLOW
58.772,-1.0024,0.3319,0.762,-1.317,0.6735,-0.9917,0.254,0.2005,FOLLOW
58.792,-0.9998,0.3344,0.7616,-1.3155,0.6767,-0.9917,0.254,0.2028,FOLLOW
58.812,-0.9975,0.3366,0.7611,-1.3141,0.6799,-0.979,0.2662,0.2049,FOLLOW
58.832,-0.9952,0.3387,0.76,-1.3129,0.6827,-0.979,0.2662,0.207,FOLLOW
58.852,-0.993,0.3409,0.7585,-1.3116,0.6854,-0.979,0.2662,0.2091,FOLLOW
58.872,-0.9907,0.343,0.7565,-1.3092,0.6908,-0.979,0.2662,0.2112,FOLLOW
58.892,-0.9885,0.3451,0.754,-1.3079,0.6936,-0.979,0.2662,0.2133,FOLLOW
58.912,-0.9863,0.3472,0.7511,-1.3067,0.6963,-0.9678,0.2768,0.2154,FOLLOW
58.932,-0.9841,0.3492,0.748,-1.3054,0.699,-0.9678,0.2768,0.2175,FOLLOW
58.952,-0.9819,0.3513,0.7449,-1.3041,0.7017,-0.9678,0.2768,0.2196,FOLLOW
58.972,-0.9797,0.3533,0.7418,-1.3041,0.7017,-0.9678,0.2768,0.2217,FOLLOW
58.992,-0.9774,0.3553,0.7387,-1.3028,0.7043,-0.9678,0.2768,0.2238,FOLLOW
59.012,-0.9753,0.3573,0.7354,-1.3015,0.707,-0.9568,0.287,0.2258,FOLLOW
59.032,-0.9732,0.3591,0.7317,-1.3004,0.7095,-0.9568,0.287,0.2278,FOLLOW
59.052,-0.9712,0.361,0.7274,-1.2992,0.7119,-0.9568,0.287,0.2297,FOLLOW
59.072,-0.9691,0.3628,0.723,-1.2979,0.7144,-0.9568,0.287,0.2317,FOLLOW
59.092,-0.967,0.3646,0.7186,-1.2967,0.7168,-0.9568,0.287,0.2336,FOLLOW
59.112,-0.965,0.3664,0.7142,-1.2955,0.7192,-0.9465,0.2962,0.2356,FOLLOW
59.132,-0.9629,0.3682,0.7098,-1.293,0.7241,-0.9465,0.2962,0.2375,FOLLOW
59.152,-0.9608,0.37,0.7054,-1.293,0.7241,-0.9465,0.2962,0.2395,FOLLOW
59.172,-0.9587,0.3718,0.7009,-1.2917,0.7265,-0.9465,0.2962,0.2414,FOLLOW
59.192,-0.9566,0.3736,0.6965,-1.2905,0.7289,-0.9465,0.2962,0.2434,FOLLOW
59.212,-0.9546,0.3752,0.6919,-1.2892,0.7313,-0.9341,0.3068,0.2452,FOLLOW
59.232,-0.9527,0.3768,0.6868,-1.2869,0.7354,-0.9341,0.3068,0.2469,FOLLOW
59.252,-0.9508,0.3783,0.6813,-1.2869,0.7354,-0.9341,0.3068,0.2487,FOLLOW
59.272,-0.9489,0.3798,0.6753,-1.2858,0.7374,-0.9341,0.3068,0.2504,FOLLOW
59.292,-0.9471,0.3813,0.6689,-1.2847,0.7394,-0.9341,0.3068,0.2522,FOLLOW
59.312,-0.9452,0.3828,0.6626,-1.2835,0.7415,-0.9268,0.3127,0.2539,FOLLOW
59.332,-0.9433,0.3842,0.6562,-1.2823,0.7435,-0.9268,0.3127,0.2556,FOLLOW
59.352,-0.9414,0.3857,0.6499,-1.2811,0.7455,-0.9268,0.3127,0.2573,FOLLOW
59.372,-0.9395,0.3871,0.6435,-1.2799,0.7475,-0.9268,0.3127,0.259,FOLLOW
59.392,-0.9376,0.3886,0.6372,-1.2787,0.7495,-0.9268,0.3127,0.2607,FOLLOW
59.412,-0.9358,0.3899,0.6306,-1.2775,0.7514,-0.9176,0.3198,0.2623,FOLLOW
59.432,-0.9341,0.3911,0.6236,-1.2764,0.7532,-0.9176,0.3198,0.2638,FOLLOW
59.452,-0.9323,0.3924,0.6161,-1.2753,0.7549,-0.9176,0.3198,0.2654,FOLLOW
59.472,-0.9306,0.3936,0.6083,-1.2742,0.7566,-0.9176,0.3198,0.2669,FOLLOW
59.492,-0.9289,0.3948,0.6005,-1.272,0.76,-0.9176,0.3198,0.2684,FOLLOW
59.512,-0.9271,0.396,0.5926,-1.272,0.76,-0.9091,0.326,0.2699,FOLLOW
59.532,-0.9254,0.3971,0.5848,-1.2708,0.7617,-0.9091,0.326,0.2714,FOLLOW
59.552,-0.9236,0.3983,0.5769,-1.2685,0.765,-0.9091,0.326,0.2729,FOLLOW
59.572,-0.9219,0.3994,0.5691,-1.2685,0.765,-0.9091,0.326,0.2744,FOLLOW
59.592,-0.9201,0.4005,0.5613,-1.2673,0.7666,-0.9091,0.326,0.2759,FOLLOW
59.612,-0.9183,0.4017,0.5535,-1.2661,0.7683,-0.9006,0.3316,0.2774,FOLLOW
59.632,-0.9165,0.4028,0.5457,-1.2649,0.7699,-0.9006,0.3316,0.2788,FOLLOW
59.652,-0.9147,0.4038,0.538,-1.2636,0.7716,-0.9006,0.3316,0.2803,FOLLOW
59.672,-0.9128,0.4049,0.5302,-1.2624,0.7732,-0.9006,0.3316,0.2817,FOLLOW
59.692,-0.911,0.406,0.5225,-1.2611,0.7748,-0.9006,0.3316,0.2832,FOLLOW
59.712,-0.9092,0.407,0.5147,-1.2598,0.7764,-0.8901,0.3379,0.2846,FOLLOW
59.732,-0.9073,0.4081,0.507,-1.2586,0.778,-0.8901,0.3379,0.2861,FOLLOW
59.752,-0.9055,0.4091,0.4992,-1.2573,0.7796,-0.8901,0.3379,0.2875,FOLLOW
59.772,-0.9036,0.4101,0.4915,-1.256,0.7812,-0.8901,0.3379,0.2889,FOLLOW
59.792,-0.9017,0.4111,0.4837,-1.2533,0.7843,-0.8901,0.3379,0.2903,FOLLOW
59.812,-0.8998,0.4121,0.4759,-1.2533,0.7843,-0.8811,0.3428,0.2917,FOLLOW
59.832,-0.898,0.413,0.4682,-1.252,0.7858,-0.8811,0.3428,0.2931,FOLLOW
59.852,-0.8961,0.414,0.4604,-1.2506,0.7874,-0.8811,0.3428,0.2945,FOLLOW
59.872,-0.8942,0.4149,0.4527,-1.2492,0.7889,-0.8811,0.3428,0.2958,FOLLOW
59.892,-0.8923,0.4158,0.4449,-1.2478,0.7904,-0.8811,0.3428,0.2972,FOLLOW
59.912,-0.8903,0.4167,0.4371,-1.2451,0.7934,-0.8738,0.3465,0.2986,FOLLOW
59.932,-0.8884,0.4176,0.4294,-1.2451,0.7934,-0.8738,0.3465,0.2999,FOLLOW
59.952,-0.8865,0.4185,0.4216,-1.2436,0.7949,-0.8738,0.3465,0.3012,FOLLOW
59.972,-0.8846,0.4193,0.4139,-1.2422,0.7963,-0.8738,0.3465,0.3026,FOLLOW
59.992,-0.8826,0.4202,0.4061,-1.2408,0.7978,-0.8738,0.3465,0.3039,FOLLOW
60.012,-0.8806,0.421,0.3985,-1.2393,0.7992,-0.8645,0.3507,0.3052,FOLLOW
60.032,-0.8785,0.4219,0.3913,-1.2378,0.8007,-0.8645,0.3507,0.3066,FOLLOW
60.052,-0.8765,0.4227,0.3841,-1.2347,0.8037,-0.8645,0.3507,0.3079,FOLLOW
60.072,-0.8744,0.4236,0.377,-1.2347,0.8037,-0.8645,0.3507,0.3092,FOLLOW
60.092,-0.8723,0.4244,0.3698,-1.2331,0.8052,-0.8645,0.3507,0.3106,FOLLOW
60.112,-0.8703,0.4252,0.3626,-1.2299,0.8082,-0.8546,0.3548,0.3119,FOLLOW
60.132,-0.8682,0.426,0.3554,-1.2299,0.8082,-0.8546,0.3548,0.3132,FOLLOW
60.152,-0.8661,0.4267,0.3482,-1.2267,0.811,-0.8546,0.3548,0.3145,FOLLOW
60.172,-0.864,0.4275,0.3411,-1.2267,0.811,-0.8546,0.3548,0.3158,FOLLOW
60.192,-0.8619,0.4282,0.3339,-1.2251,0.8125,-0.8546,0.3548,0.3171,FOLLOW
60.212,-0.8599,0.4289,0.3265,-1.2234,0.8139,-0.8444,0.3586,0.3183,FOLLOW
60.232,-0.8579,0.4296,0.3187,-1.2219,0.8152,-0.8444,0.3586,0.3195,FOLLOW
60.252,-0.8559,0.4302,0.3108,-1.2203,0.8165,-0.8444,0.3586,0.3207,FOLLOW
60.272,-0.8539,0.4308,0.3028,-1.2172,0.819,-0.8444,0.3586,0.3219,FOLLOW
60.292,-0.8519,0.4314,0.2949,-1.2172,0.819,-0.8444,0.3586,0.3231,FOLLOW
60.312,-0.8499,0.432,0.2869,-1.2141,0.8215,-0.8347,0.3617,0.3243,FOLLOW
60.332,-0.8479,0.4326,0.279,-1.2125,0.8227,-0.8347,0.3617,0.3255,FOLLOW
60.352,-0.8459,0.4332,0.271,-1.2125,0.8227,-0.8347,0.3617,0.3267,FOLLOW
60.372,-0.8439,0.4337,0.263,-1.2109,0.824,-0.8347,0.3617,0.3278,FOLLOW
60.392,-0.8419,0.4343,0.2551,-1.2093,0.8252,-0.8347,0.3617,0.329,FOLLOW
60.412,-0.8399,0.4348,0.2473,-1.2077,0.8264,-0.8251,0.3645,0.3301,FOLLOW
60.432,-0.8378,0.4353,0.2395,-1.206,0.8275,-0.8251,0.3645,0.3312,FOLLOW
60.452,-0.8358,0.4358,0.2317,-1.2043,0.8287,-0.8251,0.3645,0.3324,FOLLOW
60.472,-0.8337,0.4363,0.2239,-1.2027,0.8299,-0.8251,0.3645,0.3335,FOLLOW
60.492,-0.8316,0.4367,0.2161,-1.201,0.8311,-0.8251,0.3645,0.3346,FOLLOW
60.512,-0.8296,0.4372,0.2083,-1.1993,0.8322,-0.8152,0.3669,0.3357,FOLLOW
60.532,-0.8275,0.4376,0.2006,-1.1976,0.8333,-0.8152,0.3669,0.3368,FOLLOW
60.552,-0.8254,0.438,0.1928,-1.1959,0.8344,-0.8152,0.3669,0.3379,FOLLOW
60.572,-0.8234,0.4384,0.185,-1.1942,0.8356,-0.8152,0.3669,0.339,FOLLOW
60.592,-0.8213,0.4388,0.1772,-1.1907,0.8377,-0.8152,0.3669,0.34,FOLLOW
60.612,-0.8193,0.4391,0.1693,-1.1907,0.8377,-0.8052,0.3689,0.341,FOLLOW
60.632,-0.8174,0.4394,0.161,-1.1891,0.8387,-0.8052,0.3689,0.342,FOLLOW
60.652,-0.8155,0.4397,0.1522,-1.186,0.8405,-0.8052,0.3689,0.343,FOLLOW
60.672,-0.8137,0.44,0.1433,-1.1844,0.8414,-0.8052,0.3689,0.344,FOLLOW
60.692,-0.8118,0.4403,0.1344,-1.1844,0.8414,-0.8052,0.3689,0.345,FOLLOW
60.712,-0.8099,0.4405,0.1254,-1.1829,0.8423,-0.796,0.3704,0.3459,FOLLOW
60.732,-0.808,0.4407,0.1165,-1.1813,0.8432,-0.796,0.3704,0.3468,FOLLOW
60.752,-0.8062,0.4409,0.1075,-1.1797,0.844,-0.796,0.3704,0.3478,FOLLOW
60.772,-0.8043,0.4411,0.0986,-1.1781,0.8449,-0.796,0.3704,0.3487,FOLLOW
60.792,-0.8024,0.4413,0.0896,-1.1765,0.8457,-0.796,0.3704,0.3496,FOLLOW
60.812,-0.8006,0.4415,0.0805,-1.1748,0.8465,-0.787,0.3715,0.3505,FOLLOW
60.832,-0.7987,0.4416,0.0713,-1.1717,0.8481,-0.787,0.3715,0.3514,FOLLOW
60.852,-0.7969,0.4417,0.0621,-1.1717,0.8481,-0.787,0.3715,0.3522,FOLLOW
60.872,-0.7951,0.4418,0.0528,-1.1701,0.8488,-0.787,0.3715,0.3531,FOLLOW
60.892,-0.7932,0.4419,0.0436,-1.1685,0.8495,-0.787,0.3715,0.3539,FOLLOW
60.912,-0.7914,0.442,0.0343,-1.1653,0.8509,-0.7782,0.3721,0.3548,FOLLOW
60.932,-0.7896,0.442,0.0251,-1.1653,0.8509,-0.7782,0.3721,0.3556,FOLLOW
60.952,-0.7877,0.4421,0.0159,-1.1637,0.8516,-0.7782,0.3721,0.3564,FOLLOW
60.972,-0.7859,0.4421,0.0066,-1.1621,0.8523,-0.7782,0.3721,0.3572,FOLLOW
60.992,-0.784,0.4421,-0.0026,-1.1604,0.853,-0.7782,0.3721,0.358,FOLLOW
61.012,-0.7823,0.4421,-0.012,-1.1588,0.8536,-0.7677,0.3723,0.3588,FOLLOW
61.032,-0.7806,0.4421,-0.0217,-1.1573,0.8542,-0.7677,0.3723,0.3595,FOLLOW
61.052,-0.779,0.442,-0.0318,-1.1559,0.8547,-0.7677,0.3723,0.3602,FOLLOW
61.072,-0.7773,0.4419,-0.0419,-1.1544,0.8552,-0.7677,0.3723,0.361,FOLLOW
61.092,-0.7757,0.4419,-0.0521,-1.1529,0.8558,-0.7677,0.3723,0.3617,FOLLOW
61.112,-0.774,0.4418,-0.0622,-1.1499,0.8567,-0.7614,0.3722,0.3624,FOLLOW
61.132,-0.7723,0.4417,-0.0724,-1.1499,0.8567,-0.7614,0.3722,0.3631,FOLLOW
61.152,-0.7707,0.4415,-0.0826,-1.1484,0.8572,-0.7614,0.3722,0.3637,FOLLOW
61.172,-0.769,0.4414,-0.0927,-1.1469,0.8577,-0.7614,0.3722,0.3644,FOLLOW
61.192,-0.7674,0.4412,-0.1029,-1.1454,0.8581,-0.7614,0.3722,0.365,FOLLOW
61.212,-0.7657,0.441,-0.1129,-1.1439,0.8585,-0.7536,0.3716,0.3657,FOLLOW
61.232,-0.764,0.4408,-0.1228,-1.1424,0.8589,-0.7536,0.3716,0.3663,FOLLOW
61.252,-0.7623,0.4406,-0.1328,-1.1408,0.8593,-0.7536,0.3716,0.3669,FOLLOW
61.272,-0.7606,0.4404,-0.1427,-1.1377,0.8601,-0.7536,0.3716,0.3675,FOLLOW
61.292,-0.759,0.4401,-0.1527,-1.1377,0.8601,-0.7536,0.3716,0.3681,FOLLOW
61.312,-0.7573,0.4398,-0.1626,-1.1361,0.8605,-0.7456,0.3706,0.3687,FOLLOW
61.332,-0.7556,0.4396,-0.1725,-1.1345,0.8608,-0.7456,0.3706,0.3693,FOLLOW
61.352,-0.7539,0.4393,-0.1825,-1.1329,0.8611,-0.7456,0.3706,0.3698,FOLLOW
61.372,-0.7523,0.4389,-0.1924,-1.1298,0.8617,-0.7456,0.3706,0.3704,FOLLOW
61.392,-0.7506,0.4386,-0.2024,-1.1298,0.8617,-0.7456,0.3706,0.3709,FOLLOW
61.412,-0.749,0.4383,-0.2125,-1.1282,0.862,-0.7377,0.3692,0.3714,FOLLOW
61.432,-0.7474,0.4379,-0.2229,-1.1267,0.8623,-0.7377,0.3692,0.3719,FOLLOW
61.452,-0.7459,0.4376,-0.2333,-1.1252,0.8625,-0.7377,0.3692,0.3724,FOLLOW
61.472,-0.7443,0.4372,-0.2438,-1.1237,0.8627,-0.7377,0.3692,0.3729,FOLLOW
61.492,-0.7427,0.4368,-0.2542,-1.1222,0.8629,-0.7302,0.3675,0.3734,FOLLOW
61.512,-0.7412,0.4364,-0.2647,-1.1192,0.8633,-0.7302,0.3675,0.3738,FOLLOW
61.532,-0.7396,0.4359,-0.2751,-1.1192,0.8633,-0.7302,0.3675,0.3743,FOLLOW
61.552,-0.7381,0.4355,-0.2856,-1.1177,0.8634,-0.7302,0.3675,0.3747,FOLLOW
61.572,-0.7366,0.435,-0.296,-1.1162,0.8635,-0.7302,0.3675,0.3751,FOLLOW
61.592,-0.735,0.4345,-0.3064,-1.1147,0.8637,-0.7302,0.3675,0.3755,FOLLOW
61.612,-0.7335,0.434,-0.3167,-1.1132,0.8638,-0.7229,0.3655,0.3759,FOLLOW
61.632,-0.7319,0.4335,-0.327,-1.1116,0.8639,-0.7229,0.3655,0.3763,FOLLOW
61.652,-0.7304,0.433,-0.3372,-1.1101,0.8639,-0.7229,0.3655,0.3767,FOLLOW
61.672,-0.7288,0.4324,-0.3475,-1.1085,0.864,-0.7229,0.3655,0.377,FOLLOW
61.692,-0.7273,0.4319,-0.3577,-1.107,0.864,-0.7229,0.3655,0.3774,FOLLOW
61.712,-0.7257,0.4313,-0.3679,-1.1054,0.8641,-0.7156,0.363,0.3777,FOLLOW
61.732,-0.7242,0.4307,-0.3782,-1.1039,0.8641,-0.7156,0.363,0.378,FOLLOW
61.752,-0.7227,0.4301,-0.3884,-1.1023,0.8641,-0.7156,0.363,0.3783,FOLLOW
61.772,-0.7212,0.4294,-0.3986,-1.1008,0.8641,-0.7156,0.363,0.3786,FOLLOW
61.792,-0.7197,0.4288,-0.4089,-1.0977,0.864,-0.7156,0.363,0.3788,FOLLOW
61.812,-0.7181,0.4281,-0.419,-1.0977,0.864,-0.7084,0.3601,0.3791,FOLLOW
61.832,-0.7166,0.4274,-0.4292,-1.0961,0.8639,-0.7084,0.3601,0.3793,FOLLOW
61.852,-0.7151,0.4267,-0.4393,-1.0929,0.8637,-0.7084,0.3601,0.3796,FOLLOW
61.872,-0.7136,0.426,-0.4494,-1.0929,0.8637,-0.7084,0.3601,0.3798,FOLLOW
61.892,-0.7121,0.4253,-0.4595,-1.0914,0.8636,-0.7084,0.3601,0.38,FOLLOW
61.912,-0.7106,0.4245,-0.4697,-1.0898,0.8635,-0.7013,0.3569,0.3802,FOLLOW
61.932,-0.7091,0.4237,-0.4798,-1.0882,0.8633,-0.7013,0.3569,0.3804,FOLLOW
61.952,-0.7077,0.423,-0.4899,-1.0867,0.8632,-0.7013,0.3569,0.3805,FOLLOW
61.972,-0.7062,0.4222,-0.5,-1.0851,0.863,-0.7013,0.3569,0.3807,FOLLOW
61.992,-0.7047,0.4214,-0.5101,-1.0835,0.8628,-0.7013,0.3569,0.3808,FOLLOW
62.012,-0.7033,0.4206,-0.5203,-1.082,0.8626,-0.6943,0.3532,0.3809,FOLLOW
62.032,-0.7019,0.4197,-0.5305,-1.0804,0.8623,-0.6943,0.3532,0.3811,FOLLOW
62.052,-0.7005,0.4189,-0.5407,-1.0789,0.8621,-0.6943,0.3532,0.3812,FOLLOW
62.072,-0.699,0.418,-0.5509,-1.0774,0.8619,-0.6943,0.3532,0.3813,FOLLOW
62.092,-0.6976,0.4171,-0.5611,-1.0758,0.8616,-0.6943,0.3532,0.3813,FOLLOW
62.112,-0.6963,0.4163,-0.5713,-1.0728,0.861,-0.6862,0.3484,0.3814,FOLLOW
62.132,-0.6949,0.4154,-0.5815,-1.0728,0.861,-0.6862,0.3484,0.3815,FOLLOW
62.152,-0.6935,0.4144,-0.5917,-1.0712,0.8607,-0.6862,0.3484,0.3815,FOLLOW
62.172,-0.6921,0.4135,-0.6019,-1.0697,0.8603,-0.6862,0.3484,0.3815,FOLLOW
62.192,-0.6908,0.4126,-0.6121,-1.0682,0.86,-0.6862,0.3484,0.3815,FOLLOW
62.212,-0.6895,0.4116,-0.6225,-1.0667,0.8596,-0.681,0.345,0.3815,FOLLOW
62.232,-0.6882,0.4107,-0.6331,-1.0652,0.8593,-0.681,0.345,0.3816,FOLLOW
62.252,-0.6869,0.4098,-0.6437,-1.0638,0.8589,-0.681,0.345,0.3816,FOLLOW
62.272,-0.6857,0.4088,-0.6543,-1.0609,0.8581,-0.681,0.345,0.3815,FOLLOW
62.292,-0.6844,0.4079,-0.665,-1.0609,0.8581,-0.681,0.345,0.3815,FOLLOW
62.312,-0.6832,0.4069,-0.6756,-1.0595,0.8577,-0.675,0.3406,0.3815,FOLLOW
62.332,-0.682,0.4059,-0.6862,-1.0567,0.8568,-0.675,0.3406,0.3814,FOLLOW
62.352,-0.6808,0.4049,-0.6968,-1.0567,0.8568,-0.675,0.3406,0.3814,FOLLOW
62.372,-0.6796,0.4039,-0.7074,-1.0553,0.8563,-0.675,0.3406,0.3813,FOLLOW
62.392,-0.6784,0.4028,-0.718,-1.0539,0.8558,-0.675,0.3406,0.3812,FOLLOW
62.412,-0.6772,0.4017,-0.7284,-1.0525,0.8553,-0.6682,0.3349,0.3811,FOLLOW
62.432,-0.6759,0.4006,-0.7384,-1.051,0.8548,-0.6682,0.3349,0.3809,FOLLOW
62.452,-0.6747,0.3995,-0.7484,-1.0495,0.8542,-0.6682,0.3349,0.3807,FOLLOW
62.472,-0.6734,0.3983,-0.7584,-1.0465,0.853,-0.6682,0.3349,0.3805,FOLLOW
62.492,-0.6722,0.3971,-0.7683,-1.0465,0.853,-0.6635,0.3306,0.3803,FOLLOW
62.512,-0.671,0.3959,-0.7783,-1.0451,0.8524,-0.6635,0.3306,0.3801,FOLLOW
62.532,-0.6698,0.3947,-0.7883,-1.0436,0.8518,-0.6635,0.3306,0.3798,FOLLOW
62.552,-0.6686,0.3935,-0.7983,-1.0421,0.8512,-0.6635,0.3306,0.3796,FOLLOW
62.572,-0.6674,0.3923,-0.8082,-1.0407,0.8505,-0.6635,0.3306,0.3793,FOLLOW
62.592,-0.6663,0.3911,-0.8182,-1.0392,0.8498,-0.6635,0.3306,0.3791,FOLLOW
62.612,-0.6651,0.3899,-0.8284,-1.0377,0.8491,-0.6578,0.3249,0.3788,FOLLOW
62.632,-0.664,0.3886,-0.8386,-1.0363,0.8485,-0.6578,0.3249,0.3785,FOLLOW
62.652,-0.6629,0.3874,-0.8488,-1.035,0.8478,-0.6578,0.3249,0.3782,FOLLOW
62.672,-0.6619,0.3862,-0.859,-1.0336,0.8471,-0.6578,0.3249,0.3779,FOLLOW
62.692,-0.6608,0.3849,-0.8692,-1.0322,0.8463,-0.6578,0.3249,0.3776,FOLLOW
62.712,-0.6597,0.3837,-0.8795,-1.0295,0.8448,-0.6526,0.3191,0.3773,FOLLOW
62.732,-0.6587,0.3824,-0.8897,-1.0295,0.8448,-0.6526,0.3191,0.3769,FOLLOW
62.752,-0.6577,0.3811,-0.8999,-1.0281,0.8441,-0.6526,0.3191,0.3766,FOLLOW
62.772,-0.6567,0.3798,-0.9101,-1.0267,0.8433,-0.6526,0.3191,0.3762,FOLLOW
62.792,-0.6556,0.3785,-0.9203,-1.0241,0.8417,-0.6526,0.3191,0.3758,FOLLOW
62.812,-0.6547,0.3772,-0.9305,-1.0241,0.8417,-0.6477,0.313,0.3754,FOLLOW
62.832,-0.6537,0.3758,-0.9406,-1.0227,0.8409,-0.6477,0.313,0.375,FOLLOW
62.852,-0.6527,0.3745,-0.9508,-1.0214,0.84,-0.6477,0.313,0.3746,FOLLOW
62.872,-0.6517,0.3731,-0.9609,-1.0201,0.8392,-0.6477,0.313,0.3741,FOLLOW
62.892,-0.6508,0.3717,-0.971,-1.0188,0.8383,-0.6477,0.313,0.3737,FOLLOW
62.912,-0.6499,0.3704,-0.9812,-1.0175,0.8374,-0.6431,0.3067,0.3732,FOLLOW
62.932,-0.6489,0.369,-0.9913,-1.0162,0.8365,-0.6431,0.3067,0.3728,FOLLOW
62.952,-0.648,0.3676,-1.0015,-1.0149,0.8356,-0.6431,0.3067,0.3723,FOLLOW
62.972,-0.6472,0.3662,-1.0116,-1.0136,0.8347,-0.6431,0.3067,0.3718,FOLLOW
62.992,-0.6463,0.3647,-1.0217,-1.0111,0.8328,-0.6431,0.3067,0.3712,FOLLOW
63.012,-0.6454,0.3633,-1.0317,-1.0111,0.8328,-0.6388,0.3001,0.3707,FOLLOW
63.032,-0.6445,0.3617,-1.0412,-1.0085,0.8308,-0.6388,0.3001,0.3701,FOLLOW
63.052,-0.6436,0.3602,-1.0508,-1.0085,0.8308,-0.6388,0.3001,0.3694,FOLLOW
63.072,-0.6427,0.3586,-1.0603,-1.0071,0.8297,-0.6388,0.3001,0.3688,FOLLOW
63.092,-0.6419,0.3571,-1.0698,-1.0058,0.8286,-0.6388,0.3001,0.3682,FOLLOW
63.11,-0.641,0.3555,-1.0793,-1.0045,0.8275,-0.6346,0.2929,0.3675,FOLLOW
63.132,-0.6402,0.3539,-1.0889,-1.0032,0.8265,-0.6346,0.2929,0.3668,FOLLOW
63.152,-0.6394,0.3524,-1.0984,-1.0007,0.8242,-0.6346,0.2929,0.3661,FOLLOW
63.172,-0.6386,0.3508,-1.1079,-1.0007,0.8242,-0.6346,0.2929,0.3654,FOLLOW
63.192,-0.6378,0.3492,-1.1174,-0.9994,0.8231,-0.6346,0.2929,0.3647,FOLLOW
63.212,-0.637,0.3475,-1.1268,-0.9969,0.8207,-0.6306,0.2854,0.364,FOLLOW
63.232,-0.6362,0.3459,-1.1359,-0.9969,0.8207,-0.6306,0.2854,0.3632,FOLLOW
63.252,-0.6354,0.3442,-1.1451,-0.9956,0.8195,-0.6306,0.2854,0.3624,FOLLOW
63.272,-0.6347,0.3425,-1.1543,-0.9931,0.8171,-0.6306,0.2854,0.3616,FOLLOW
63.292,-0.6339,0.3408,-1.1635,-0.9931,0.8171,-0.6306,0.2854,0.3608,FOLLOW
63.312,-0.6332,0.3391,-1.1726,-0.9906,0.8146,-0.6269,0.2775,0.36,FOLLOW
63.332,-0.6325,0.3374,-1.1818,-0.9906,0.8146,-0.6269,0.2775,0.3591,FOLLOW
63.352,-0.6318,0.3357,-1.191,-0.9894,0.8133,-0.6269,0.2775,0.3583,FOLLOW
63.372,-0.6311,0.3339,-1.2001,-0.9881,0.812,-0.6269,0.2775,0.3574,FOLLOW
63.392,-0.6305,0.3322,-1.2093,-0.9869,0.8107,-0.6269,0.2775,0.3566,FOLLOW
63.412,-0.6298,0.3304,-1.2183,-0.9858,0.8094,-0.6236,0.2693,0.3557,FOLLOW
63.432,-0.6292,0.3286,-1.227,-0.9845,0.808,-0.6236,0.2693,0.3547,FOLLOW
63.452,-0.6285,0.3268,-1.2356,-0.9833,0.8066,-0.6236,0.2693,0.3537,FOLLOW
63.472,-0.6279,0.3249,-1.2443,-0.9821,0.8052,-0.6236,0.2693,0.3527,FOLLOW
63.492,-0.6273,0.3231,-1.2529,-0.9809,0.8038,-0.6236,0.2693,0.3518,FOLLOW
63.512,-0.6267,0.3212,-1.2616,-0.9797,0.8023,-0.6205,0.2606,0.3507,FOLLOW
63.532,-0.6261,0.3194,-1.2702,-0.9785,0.8009,-0.6205,0.2606,0.3497,FOLLOW
63.552,-0.6255,0.3175,-1.2789,-0.9762,0.798,-0.6205,0.2606,0.3487,FOLLOW
63.572,-0.625,0.3156,-1.2876,-0.9762,0.798,-0.6205,0.2606,0.3477,FOLLOW
63.592,-0.6244,0.3138,-1.2962,-0.975,0.7965,-0.6205,0.2606,0.3466,FOLLOW
63.612,-0.6239,0.3118,-1.3047,-0.9739,0.795,-0.6177,0.2517,0.3455,FOLLOW
63.632,-0.6234,0.3099,-1.313,-0.9727,0.7934,-0.6177,0.2517,0.3444,FOLLOW
63.652,-0.6229,0.308,-1.3213,-0.9716,0.7919,-0.6177,0.2517,0.3433,FOLLOW
63.672,-0.6224,0.306,-1.3296,-0.9693,0.7887,-0.6177,0.2517,0.3422,FOLLOW
63.692,-0.6219,0.304,-1.3379,-0.9682,0.7871,-0.6177,0.2517,0.341,FOLLOW
63.712,-0.6215,0.3021,-1.3462,-0.9671,0.7855,-0.6148,0.2405,0.3399,FOLLOW
63.732,-0.621,0.3001,-1.3546,-0.9671,0.7855,-0.6148,0.2405,0.3387,FOLLOW
63.752,-0.6206,0.2982,-1.3629,-0.966,0.7839,-0.6148,0.2405,0.3375,FOLLOW
63.772,-0.6202,0.2962,-1.3712,-0.965,0.7823,-0.6148,0.2405,0.3364,FOLLOW
63.792,-0.6198,0.2942,-1.3795,-0.9639,0.7807,-0.6148,0.2405,0.3352,FOLLOW
63.812,-0.6194,0.2923,-1.388,-0.9629,0.7791,-0.6132,0.2329,0.334,FOLLOW
63.832,-0.6191,0.2904,-1.3968,-0.9619,0.7775,-0.6132,0.2329,0.3329,FOLLOW
63.852,-0.6188,0.2886,-1.4058,-0.961,0.776,-0.6132,0.2329,0.3318,FOLLOW
63.872,-0.6185,0.2867,-1.4147,-0.96,0.7744,-0.6132,0.2329,0.3306,FOLLOW
63.892,-0.6182,0.2848,-1.4237,-0.9591,0.7729,-0.6132,0.2329,0.3295,FOLLOW
63.912,-0.6179,0.283,-1.4326,-0.9582,0.7713,-0.6116,0.2239,0.3284,FOLLOW
63.932,-0.6177,0.2811,-1.4415,-0.9573,0.7697,-0.6116,0.2239,0.3272,FOLLOW
63.952,-0.6175,0.2792,-1.4505,-0.9564,0.7681,-0.6116,0.2239,0.326,FOLLOW
63.972,-0.6172,0.2773,-1.4594,-0.9556,0.7665,-0.6116,0.2239,0.3248,FOLLOW
63.992,-0.617,0.2755,-1.4684,-0.9547,0.7649,-0.6116,0.2239,0.3236,FOLLOW
64.012,-0.6169,0.2738,-1.4775,-0.9539,0.7633,-0.6104,0.2149,0.3226,FOLLOW
64.032,-0.6167,0.2721,-1.4869,-0.9532,0.762,-0.6104,0.2149,0.3216,FOLLOW
64.052,-0.6166,0.2705,-1.4967,-0.9526,0.7606,-0.6104,0.2149,0.3205,FOLLOW
64.072,-0.6165,0.2689,-1.5069,-0.9519,0.7593,-0.6104,0.2149,0.3195,FOLLOW
64.092,-0.6164,0.2673,-1.5174,-0.9513,0.758,-0.6104,0.2149,0.3186,FOLLOW
64.112,-0.6163,0.2657,-1.528,-0.9507,0.7566,-0.6098,0.2072,0.3176,FOLLOW
64.132,-0.6163,0.2641,-1.5386,-0.9501,0.7553,-0.6098,0.2072,0.3166,FOLLOW
64.152,-0.6162,0.2626,-1.5492,-0.9495,0.7539,-0.6098,0.2072,0.3156,FOLLOW
64.172,-0.6162,0.261,-1.5598,-0.9489,0.7525,-0.6098,0.2072,0.3146,FOLLOW
64.192,-0.6162,0.2594,-1.5704,-0.9484,0.7512,-0.6098,0.2072,0.3135,FOLLOW
64.212,-0.6162,0.2581,-1.5811,-0.9474,0.7487,-0.6095,0.1998,0.3127,FOLLOW
64.232,-0.6162,0.2568,-1.5922,-0.9474,0.7487,-0.6095,0.1998,0.3118,FOLLOW
64.252,-0.6163,0.2555,-1.6035,-0.9471,0.7477,-0.6095,0.1998,0.311,FOLLOW
64.272,-0.6163,0.2542,-1.6153,-0.9467,0.7467,-0.6095,0.1998,0.3102,FOLLOW
64.292,-0.6164,0.253,-1.6274,-0.9464,0.7457,-0.6095,0.1998,0.3094,FOLLOW
64.312,-0.6165,0.2518,-1.6398,-0.946,0.7446,-0.6097,0.1939,0.3087,FOLLOW
64.332,-0.6166,0.2506,-1.6525,-0.9457,0.7436,-0.6097,0.1939,0.3079,FOLLOW
64.352,-0.6167,0.2494,-1.6651,-0.9454,0.7426,-0.6097,0.1939,0.3072,FOLLOW
64.372,-0.6168,0.2482,-1.6777,-0.9451,0.7415,-0.6097,0.1939,0.3064,FOLLOW
64.392,-0.6169,0.247,-1.6904,-0.9448,0.7405,-0.6097,0.1939,0.3056,FOLLOW
64.412,-0.6171,0.2458,-1.7028,-0.9446,0.7394,-0.6101,0.1885,0.3047,FOLLOW
64.432,-0.6173,0.2445,-1.7149,-0.9443,0.7383,-0.6101,0.1885,0.3038,FOLLOW
64.452,-0.6175,0.2431,-1.7267,-0.944,0.737,-0.6101,0.1885,0.3028,FOLLOW
64.472,-0.6177,0.2418,-1.7384,-0.9435,0.7346,-0.6101,0.1885,0.3018,FOLLOW
64.492,-0.6179,0.2404,-1.7501,-0.9435,0.7346,-0.6101,0.1885,0.3008,FOLLOW
64.512,-0.6182,0.2391,-1.7618,-0.9433,0.7333,-0.611,0.1825,0.2998,FOLLOW
64.532,-0.6185,0.2377,-1.7735,-0.9428,0.7308,-0.611,0.1825,0.2987,FOLLOW
64.552,-0.6188,0.2364,-1.7852,-0.9428,0.7308,-0.611,0.1825,0.2977,FOLLOW
64.572,-0.6191,0.2351,-1.7969,-0.9426,0.7296,-0.611,0.1825,0.2967,FOLLOW
64.592,-0.6194,0.2337,-1.8086,-0.9424,0.7284,-0.611,0.1825,0.2956,FOLLOW
64.612,-0.6197,0.2323,-1.8201,-0.9423,0.7271,-0.6122,0.1763,0.2945,FOLLOW
64.632,-0.6201,0.2308,-1.8312,-0.9421,0.7257,-0.6122,0.1763,0.2932,FOLLOW
64.652,-0.6205,0.2293,-1.8419,-0.9419,0.7242,-0.6122,0.1763,0.2919,FOLLOW
64.672,-0.621,0.2277,-1.8523,-0.9418,0.7226,-0.6122,0.1763,0.2905,FOLLOW
64.692,-0.6214,0.2262,-1.8627,-0.9415,0.7196,-0.6122,0.1763,0.2892,FOLLOW
64.712,-0.6219,0.2246,-1.873,-0.9415,0.7196,-0.6141,0.1693,0.2878,FOLLOW
64.732,-0.6224,0.2231,-1.8834,-0.9414,0.7181,-0.6141,0.1693,0.2865,FOLLOW
64.752,-0.6229,0.2215,-1.8938,-0.9414,0.7166,-0.6141,0.1693,0.2851,FOLLOW
64.772,-0.6234,0.22,-1.9041,-0.9413,0.715,-0.6141,0.1693,0.2837,FOLLOW
64.792,-0.624,0.2185,-1.9145,-0.9412,0.7135,-0.6141,0.1693,0.2823,FOLLOW
64.812,-0.6246,0.2169,-1.9247,-0.9412,0.712,-0.6165,0.1621,0.2809,FOLLOW
64.832,-0.6252,0.2153,-1.9345,-0.9412,0.7103,-0.6165,0.1621,0.2793,FOLLOW
64.852,-0.6258,0.2136,-1.9442,-0.9411,0.7087,-0.6165,0.1621,0.2778,FOLLOW
64.872,-0.6265,0.212,-1.9539,-0.9412,0.707,-0.6165,0.1621,0.2763,FOLLOW
64.892,-0.6271,0.2104,-1.9637,-0.9412,0.7054,-0.6165,0.1621,0.2747,FOLLOW
64.912,-0.6278,0.2088,-1.9734,-0.9412,0.7037,-0.62,0.153,0.2732,FOLLOW
64.932,-0.6285,0.2072,-1.9831,-0.9413,0.7021,-0.62,0.153,0.2716,FOLLOW
64.952,-0.6292,0.2056,-1.9929,-0.9414,0.6988,-0.62,0.153,0.2701,FOLLOW
64.972,-0.6299,0.204,-2.0026,-0.9414,0.6988,-0.62,0.153,0.2685,FOLLOW
64.992,-0.6306,0.2025,-2.0124,-0.9415,0.6971,-0.62,0.153,0.2669,FOLLOW
65.012,-0.6308,0.2019,-2.0219,-0.9416,0.6955,-0.62,0.153,0.2665,FOLLOW
65.032,-0.6307,0.2019,-2.031,-0.9417,0.6953,-0.62,0.153,0.2666,FOLLOW
65.052,-0.6307,0.202,-2.0395,-0.9417,0.6953,-0.6227,0.1469,0.2668,FOLLOW_TURN
65.072,-0.6306,0.2021,-2.0477,-0.9417,0.6953,-0.6227,0.1469,0.267,FOLLOW_TURN
65.092,-0.6306,0.2022,-2.0553,-0.9417,0.6953,-0.6227,0.1469,0.2671,FOLLOW_TURN
65.112,-0.6304,0.2024,-2.0625,-0.9417,0.6953,-0.6234,0.1453,0.2674,FOLLOW_TURN
65.132,-0.6303,0.2027,-2.0693,-0.9417,0.6953,-0.6234,0.1453,0.2678,FOLLOW_TURN
65.152,-0.6301,0.203,-2.0755,-0.9417,0.6953,-0.6234,0.1453,0.2681,FOLLOW_TURN
65.172,-0.63,0.2032,-2.0814,-0.9417,0.6953,-0.6234,0.1453,0.2684,FOLLOW_TURN
65.192,-0.6299,0.2034,-2.0867,-0.9417,0.6953,-0.6234,0.1453,0.2687,FOLLOW_TURN
65.212,-0.6297,0.2038,-2.0916,-0.9417,0.6953,-0.6234,0.1453,0.2691,FOLLOW_TURN
65.232,-0.6294,0.2042,-2.096,-0.9417,0.6953,-0.6234,0.1453,0.2696,FOLLOW_TURN
65.252,-0.6292,0.2046,-2.1,-0.9417,0.6953,-0.6234,0.1453,0.2701,FOLLOW_TURN
65.272,-0.629,0.205,-2.1035,-0.9417,0.6953,-0.6234,0.1453,0.2706,FOLLOW_TURN
65.292,-0.6288,0.2053,-2.1065,-0.9417,0.6953,-0.6234,0.1453,0.271,FOLLOW_TURN
65.312,-0.6285,0.2058,-2.1091,-0.9417,0.6953,-0.6234,0.1453,0.2715,FOLLOW_TURN
65.332,-0.6281,0.2063,-2.1112,-0.9417,0.6953,-0.6234,0.1453,0.2722,FOLLOW_TURN
65.352,-0.6278,0.2068,-2.1128,-0.9417,0.6953,-0.6234,0.1453,0.2728,FOLLOW_TURN
65.372,-0.6275,0.2073,-2.114,-0.9417,0.6953,-0.6234,0.1453,0.2734,FOLLOW_TURN
65.392,-0.6272,0.2078,-2.1147,-0.9417,0.6953,-0.6234,0.1453,0.2739,FOLLOW_TURN
65.412,-0.6272,0.2079,-2.115,-0.9417,0.6953,-0.6234,0.1453,0.274,FOLLOW
65.432,-0.6274,0.2075,-2.1149,-0.9417,0.6951,-0.6234,0.1453,0.2736,FOLLOW
65.452,-0.6278,0.2068,-2.1144,-0.9418,0.6936,-0.6234,0.1453,0.2728,FOLLOW
65.472,-0.6283,0.2061,-2.1135,-0.9418,0.6936,-0.6234,0.1453,0.2719,FOLLOW
65.492,-0.6288,0.2053,-2.112,-0.9418,0.6926,-0.6234,0.1453,0.271,FOLLOW
65.512,-0.6294,0.2044,-2.1106,-0.9419,0.6916,-0.6248,0.143,0.2699,FOLLOW
65.532,-0.6302,0.2031,-2.1097,-0.942,0.6905,-0.6248,0.143,0.2684,FOLLOW
65.552,-0.6311,0.2017,-2.1092,-0.9421,0.689,-0.6248,0.143,0.2668,FOLLOW
65.572,-0.6319,0.2003,-2.1093,-0.9422,0.6875,-0.6248,0.143,0.2651,FOLLOW
65.592,-0.6328,0.1989,-2.1097,-0.9423,0.686,-0.6248,0.143,0.2636,FOLLOW
65.612,-0.6337,0.1974,-2.1107,-0.9424,0.6845,-0.6283,0.1372,0.2619,FOLLOW
65.632,-0.6345,0.196,-2.1121,-0.9425,0.6831,-0.6283,0.1372,0.2602,FOLLOW
65.652,-0.6354,0.1945,-2.114,-0.9426,0.6818,-0.6283,0.1372,0.2586,FOLLOW
65.672,-0.6362,0.1931,-2.1163,-0.9427,0.6804,-0.6283,0.1372,0.257,FOLLOW
65.692,-0.6371,0.1918,-2.1191,-0.9428,0.6791,-0.6283,0.1372,0.2554,FOLLOW
65.712,-0.638,0.1903,-2.1223,-0.9431,0.6764,-0.6318,0.1313,0.2537,FOLLOW
65.732,-0.639,0.1887,-2.1261,-0.9432,0.675,-0.6318,0.1313,0.2519,FOLLOW
65.752,-0.64,0.1871,-2.1303,-0.9432,0.675,-0.6318,0.1313,0.2501,FOLLOW
65.772,-0.6409,0.1856,-2.135,-0.9434,0.6737,-0.6318,0.1313,0.2484,FOLLOW
65.792,-0.6419,0.1841,-2.1401,-0.9435,0.6724,-0.6318,0.1313,0.2467,FOLLOW
65.812,-0.6421,0.1837,-2.1456,-0.9438,0.6709,-0.6354,0.1256,0.2463,FOLLOW_TURN
65.832,-0.6421,0.1836,-2.1513,-0.9438,0.6709,-0.6354,0.1256,0.2462,FOLLOW_TURN
65.852,-0.6422,0.1836,-2.1571,-0.9438,0.6709,-0.6354,0.1256,0.2462,FOLLOW_TURN
65.872,-0.6422,0.1835,-2.1628,-0.9438,0.6709,-0.6354,0.1256,0.2461,FOLLOW_TURN
65.892,-0.6422,0.1835,-2.1685,-0.9438,0.6709,-0.6362,0.1243,0.2461,FOLLOW_TURN
65.912,-0.6422,0.1836,-2.174,-0.9438,0.6709,-0.6362,0.1243,0.2463,FOLLOW_TURN
65.932,-0.642,0.1838,-2.179,-0.9438,0.6709,-0.6362,0.1243,0.2465,FOLLOW_TURN
65.952,-0.6419,0.1839,-2.1836,-0.9438,0.6709,-0.6362,0.1243,0.2467,FOLLOW_TURN
65.972,-0.6418,0.184,-2.1877,-0.9438,0.6709,-0.6362,0.1243,0.2469,FOLLOW_TURN
65.992,-0.6418,0.1841,-2.1913,-0.9438,0.6709,-0.6362,0.1243,0.247,FOLLOW_TURN
66.012,-0.6416,0.1844,-2.1945,-0.9438,0.6709,-0.6362,0.1243,0.2473,FOLLOW_TURN
66.032,-0.6414,0.1847,-2.1971,-0.9438,0.6709,-0.6362,0.1243,0.2477,FOLLOW_TURN
66.052,-0.6412,0.1849,-2.1993,-0.9438,0.6709,-0.6362,0.1243,0.248,FOLLOW_TURN
66.072,-0.641,0.1852,-2.201,-0.9438,0.6709,-0.6362,0.1243,0.2483,FOLLOW_TURN
66.092,-0.6408,0.1854,-2.2023,-0.9438,0.6709,-0.6362,0.1243,0.2486,FOLLOW_TURN
66.112,-0.6406,0.1857,-2.203,-0.9438,0.6709,-0.6362,0.1243,0.249,FOLLOW_TURN
66.132,-0.6403,0.1861,-2.2033,-0.9438,0.6709,-0.6362,0.1243,0.2495,FOLLOW_TURN
66.152,-0.64,0.1865,-2.2031,-0.9438,0.6709,-0.6362,0.1243,0.25,FOLLOW_TURN
66.172,-0.6397,0.1869,-2.2025,-0.9438,0.6709,-0.6362,0.1243,0.2505,FOLLOW_TURN
66.192,-0.6395,0.1872,-2.2014,-0.9438,0.6709,-0.6362,0.1243,0.2509,FOLLOW_TURN
66.212,-0.6391,0.1877,-2.1997,-0.9438,0.6709,-0.6362,0.1243,0.2515,FOLLOW_TURN
66.232,-0.6387,0.1882,-2.1976,-0.9438,0.6709,-0.6362,0.1243,0.2521,FOLLOW_TURN
66.252,-0.6383,0.1888,-2.1951,-0.9438,0.6709,-0.6362,0.1243,0.2527,FOLLOW_TURN
66.272,-0.638,0.1893,-2.1921,-0.9438,0.6709,-0.6362,0.1243,0.2533,FOLLOW_TURN
66.292,-0.6377,0.1897,-2.1886,-0.9438,0.6709,-0.6362,0.1243,0.2539,FOLLOW_TURN
66.312,-0.6373,0.1902,-2.1846,-0.9438,0.6709,-0.6362,0.1243,0.2545,FOLLOW_TURN
66.332,-0.6369,0.1908,-2.1801,-0.9438,0.6709,-0.6362,0.1243,0.2551,FOLLOW_TURN
66.352,-0.6366,0.1913,-2.1752,-0.9438,0.6709,-0.6362,0.1243,0.2557,FOLLOW_TURN
66.372,-0.6362,0.1918,-2.1699,-0.9438,0.6709,-0.6362,0.1243,0.2563,FOLLOW_TURN
66.392,-0.6359,0.1922,-2.164,-0.9438,0.6709,-0.6362,0.1243,0.2568,FOLLOW_TURN
66.412,-0.6356,0.1926,-2.1577,-0.9438,0.6709,-0.6362,0.1243,0.2573,FOLLOW_TURN
66.432,-0.6354,0.193,-2.151,-0.9438,0.6709,-0.6362,0.1243,0.2577,FOLLOW_TURN
66.452,-0.6351,0.1934,-2.1437,-0.9438,0.6709,-0.6362,0.1243,0.2581,FOLLOW_TURN
66.472,-0.6349,0.1937,-2.136,-0.9438,0.6709,-0.6362,0.1243,0.2585,FOLLOW_TURN
66.492,-0.6347,0.1941,-2.1279,-0.9438,0.6709,-0.6362,0.1243,0.2588,FOLLOW_TURN
66.512,-0.6345,0.1944,-2.1193,-0.9438,0.6709,-0.6362,0.1243,0.2591,FOLLOW_TURN
66.532,-0.6343,0.1946,-2.1102,-0.9438,0.6709,-0.6362,0.1243,0.2593,FOLLOW_TURN
66.552,-0.6342,0.1949,-2.1007,-0.9438,0.6709,-0.6362,0.1243,0.2596,FOLLOW_TURN
66.572,-0.6341,0.1951,-2.0907,-0.9438,0.6709,-0.6362,0.1243,0.2597,FOLLOW_TURN
66.592,-0.634,0.1953,-2.0803,-0.9438,0.6709,-0.6362,0.1243,0.2599,FOLLOW_TURN
66.612,-0.634,0.1953,-2.0698,-0.9437,0.6707,-0.6362,0.1243,0.2598,FOLLOW_TURN
66.632,-0.6343,0.195,-2.0599,-0.9437,0.6707,-0.6362,0.1243,0.2593,FOLLOW
66.652,-0.6347,0.1943,-2.0504,-0.9436,0.6692,-0.6362,0.1243,0.2584,FOLLOW
66.672,-0.6352,0.1935,-2.0414,-0.9435,0.6682,-0.6362,0.1243,0.2574,FOLLOW
66.692,-0.6356,0.1926,-2.0328,-0.9435,0.6682,-0.6362,0.1243,0.2564,FOLLOW
66.712,-0.6362,0.1916,-2.0248,-0.9432,0.666,-0.6375,0.1219,0.2552,FOLLOW
66.732,-0.637,0.1903,-2.0172,-0.9432,0.666,-0.6375,0.1219,0.2537,FOLLOW
66.752,-0.6378,0.1888,-2.0101,-0.9427,0.6628,-0.6375,0.1219,0.2519,FOLLOW
66.772,-0.6386,0.187,-2.0034,-0.9427,0.6628,-0.6375,0.1219,0.25,FOLLOW
66.792,-0.6394,0.1854,-1.9972,-0.9425,0.6611,-0.6375,0.1219,0.2482,FOLLOW
66.812,-0.6394,0.1849,-1.9911,-0.9422,0.6592,-0.6406,0.1154,0.2477,FOLLOW_TURN
66.832,-0.6394,0.185,-1.9845,-0.9422,0.6592,-0.6406,0.1154,0.2478,FOLLOW_TURN
66.852,-0.6393,0.1851,-1.9776,-0.9422,0.6592,-0.6406,0.1154,0.2478,FOLLOW_TURN
66.872,-0.6393,0.1852,-1.9701,-0.9422,0.6592,-0.6406,0.1154,0.2478,FOLLOW_TURN
66.892,-0.6393,0.1852,-1.9621,-0.9422,0.6592,-0.6406,0.1154,0.2478,FOLLOW_TURN
66.912,-0.6391,0.1854,-1.9539,-0.9422,0.6592,-0.6413,0.1137,0.248,FOLLOW_TURN
66.932,-0.639,0.1857,-1.9453,-0.9422,0.6592,-0.6413,0.1137,0.2482,FOLLOW_TURN
66.952,-0.6389,0.186,-1.9362,-0.9422,0.6592,-0.6413,0.1137,0.2484,FOLLOW_TURN
66.972,-0.6388,0.1863,-1.9266,-0.9422,0.6592,-0.6413,0.1137,0.2485,FOLLOW_TURN
66.992,-0.6387,0.1865,-1.9167,-0.9422,0.6592,-0.6413,0.1137,0.2486,FOLLOW_TURN
67.012,-0.6386,0.1867,-1.9063,-0.9422,0.6592,-0.6413,0.1137,0.2487,FOLLOW_TURN
67.032,-0.6386,0.1869,-1.8955,-0.9422,0.6592,-0.6413,0.1137,0.2488,FOLLOW_TURN
67.052,-0.6385,0.1871,-1.8842,-0.9422,0.6592,-0.6413,0.1137,0.2488,FOLLOW_TURN
67.072,-0.6385,0.1872,-1.8726,-0.9422,0.6592,-0.6413,0.1137,0.2487,FOLLOW_TURN
67.092,-0.6384,0.1873,-1.8606,-0.9422,0.6592,-0.6413,0.1137,0.2487,FOLLOW_TURN
67.112,-0.6384,0.1874,-1.8486,-0.9422,0.6592,-0.6413,0.1137,0.2486,FOLLOW_TURN
67.132,-0.6384,0.1875,-1.8366,-0.9422,0.6592,-0.6413,0.1137,0.2486,FOLLOW_TURN
67.152,-0.6383,0.1876,-1.8246,-0.9422,0.6592,-0.6413,0.1137,0.2485,FOLLOW_TURN
67.172,-0.6383,0.1877,-1.8126,-0.9422,0.6592,-0.6413,0.1137,0.2484,FOLLOW_TURN
67.192,-0.6383,0.1878,-1.8006,-0.9422,0.6592,-0.6413,0.1137,0.2483,FOLLOW_TURN
67.212,-0.6382,0.1879,-1.7886,-0.9422,0.6592,-0.6413,0.1137,0.2482,FOLLOW_TURN
67.232,-0.6382,0.188,-1.7766,-0.9422,0.6592,-0.6413,0.1137,0.2481,FOLLOW_TURN
67.252,-0.6382,0.1881,-1.7646,-0.9422,0.6592,-0.6413,0.1137,0.248,FOLLOW_TURN
67.272,-0.6382,0.1882,-1.7526,-0.9422,0.6592,-0.6413,0.1137,0.2479,FOLLOW_TURN
67.292,-0.6381,0.1883,-1.7406,-0.9422,0.6592,-0.6413,0.1137,0.2478,FOLLOW_TURN
67.312,-0.6381,0.1885,-1.7286,-0.9422,0.6592,-0.6413,0.1137,0.2477,FOLLOW_TURN
67.332,-0.6381,0.1886,-1.7166,-0.9422,0.6592,-0.6413,0.1137,0.2476,FOLLOW_TURN
67.352,-0.6381,0.1887,-1.7046,-0.9422,0.6592,-0.6413,0.1137,0.2475,FOLLOW_TURN
67.372,-0.6381,0.1888,-1.6926,-0.9422,0.6592,-0.6413,0.1137,0.2474,FOLLOW_TURN
67.392,-0.6381,0.1889,-1.6806,-0.9422,0.6592,-0.6413,0.1137,0.2473,FOLLOW_TURN
67.412,-0.638,0.189,-1.6686,-0.9422,0.6592,-0.6413,0.1137,0.2471,FOLLOW_TURN
67.432,-0.638,0.1891,-1.6566,-0.9422,0.6592,-0.6413,0.1137,0.247,FOLLOW_TURN
67.452,-0.638,0.1892,-1.6446,-0.9422,0.6592,-0.6413,0.1137,0.2468,FOLLOW_TURN
67.472,-0.638,0.1893,-1.6326,-0.9422,0.6592,-0.6413,0.1137,0.2467,FOLLOW_TURN
67.492,-0.638,0.1894,-1.6206,-0.9422,0.6592,-0.6413,0.1137,0.2466,FOLLOW_TURN
67.512,-0.638,0.1895,-1.6086,-0.9422,0.6592,-0.6413,0.1137,0.2464,FOLLOW_TURN
67.532,-0.638,0.1896,-1.5966,-0.9422,0.6592,-0.6413,0.1137,0.2463,FOLLOW_TURN
67.552,-0.638,0.1897,-1.5846,-0.9422,0.6592,-0.6413,0.1137,0.2461,FOLLOW_TURN
67.572,-0.638,0.1898,-1.5726,-0.9422,0.6592,-0.6413,0.1137,0.2459,FOLLOW_TURN
67.592,-0.638,0.19,-1.5606,-0.9422,0.6592,-0.6413,0.1137,0.2458,FOLLOW_TURN
67.612,-0.638,0.1899,-1.5488,-0.9422,0.6592,-0.6413,0.1137,0.2455,FOLLOW
67.632,-0.6379,0.1896,-1.5373,-0.9421,0.659,-0.6413,0.1137,0.245,FOLLOW
67.652,-0.6379,0.189,-1.5262,-0.9418,0.6586,-0.6413,0.1137,0.2443,FOLLOW
67.672,-0.6378,0.188,-1.5156,-0.9412,0.6578,-0.6413,0.1137,0.2434,FOLLOW
67.692,-0.6378,0.1869,-1.5053,-0.9406,0.657,-0.6413,0.1137,0.2424,FOLLOW
67.712,-0.6377,0.1857,-1.4953,-0.9393,0.6553,-0.6412,0.111,0.2413,FOLLOW
67.732,-0.6375,0.1842,-1.4858,-0.9383,0.654,-0.6412,0.111,0.2401,FOLLOW
67.752,-0.6373,0.1824,-1.4767,-0.9371,0.6525,-0.6412,0.111,0.2386,FOLLOW
67.772,-0.6371,0.1803,-1.4679,-0.9371,0.6525,-0.6412,0.111,0.237,FOLLOW
67.792,-0.6368,0.178,-1.4596,-0.9359,0.6509,-0.6412,0.111,0.2352,FOLLOW
67.812,-0.6365,0.1756,-1.4516,-0.9347,0.6493,-0.6406,0.1033,0.2335,FOLLOW
67.832,-0.6361,0.173,-1.4441,-0.9317,0.6456,-0.6406,0.1033,0.2315,FOLLOW
67.852,-0.6357,0.17,-1.437,-0.9317,0.6456,-0.6406,0.1033,0.2294,FOLLOW
67.872,-0.6352,0.1667,-1.4302,-0.93,0.6434,-0.6406,0.1033,0.2272,FOLLOW
67.892,-0.6348,0.1635,-1.4239,-0.9265,0.639,-0.6406,0.1033,0.2249,FOLLOW
67.912,-0.6342,0.1602,-1.418,-0.9247,0.6368,-0.6386,0.0883,0.2227,FOLLOW
67.932,-0.6337,0.1567,-1.4124,-0.9247,0.6368,-0.6386,0.0883,0.2203,FOLLOW
67.952,-0.6331,0.1532,-1.4073,-0.923,0.6346,-0.6386,0.0883,0.2181,FOLLOW
67.972,-0.6326,0.1498,-1.4025,-0.9213,0.6323,-0.6386,0.0883,0.2159,FOLLOW
67.992,-0.632,0.1464,-1.3981,-0.9196,0.6301,-0.6368,0.0771,0.2137,FOLLOW
68.012,-0.6314,0.143,-1.3941,-0.9179,0.6279,-0.6368,0.0771,0.2116,FOLLOW
68.032,-0.6307,0.1395,-1.3905,-0.916,0.6255,-0.6368,0.0771,0.2094,FOLLOW
68.052,-0.6301,0.136,-1.3873,-0.9141,0.623,-0.6368,0.0771,0.2073,FOLLOW
68.072,-0.6294,0.1325,-1.3845,-0.9122,0.6204,-0.6368,0.0771,0.2052,FOLLOW
68.092,-0.6288,0.129,-1.3821,-0.9103,0.6179,-0.6368,0.0771,0.2031,FOLLOW
68.112,-0.6281,0.1256,-1.38,-0.9065,0.6128,-0.6341,0.062,0.2011,FOLLOW
68.132,-0.6275,0.1222,-1.3784,-0.9065,0.6128,-0.6341,0.062,0.1992,FOLLOW
68.152,-0.6268,0.1188,-1.3771,-0.9046,0.6102,-0.6341,0.062,0.1973,FOLLOW
68.172,-0.6261,0.1155,-1.3763,-0.9027,0.6076,-0.6341,0.062,0.1955,FOLLOW
68.192,-0.6255,0.1121,-1.3758,-0.9008,0.6051,-0.6341,0.062,0.1937,FOLLOW
68.212,-0.6248,0.1088,-1.3754,-0.8989,0.6025,-0.6311,0.0464,0.1919,FOLLOW
68.232,-0.6242,0.1054,-1.3749,-0.897,0.5998,-0.6311,0.0464,0.19,FOLLOW
68.252,-0.6235,0.102,-1.3743,-0.8949,0.5969,-0.6311,0.0464,0.1882,FOLLOW
68.272,-0.6228,0.0986,-1.3738,-0.8928,0.5941,-0.6311,0.0464,0.1864,FOLLOW
68.292,-0.6221,0.0951,-1.3733,-0.8887,0.5885,-0.6278,0.0297,0.1847,FOLLOW
68.312,-0.6214,0.0917,-1.3728,-0.8887,0.5885,-0.6278,0.0297,0.1829,FOLLOW
68.332,-0.6207,0.0883,-1.3722,-0.8866,0.5857,-0.6278,0.0297,0.1812,FOLLOW
68.352,-0.62,0.0849,-1.3717,-0.8846,0.5828,-0.6278,0.0297,0.1795,FOLLOW
68.372,-0.6194,0.0814,-1.3712,-0.8804,0.5772,-0.6278,0.0297,0.1778,FOLLOW
68.392,-0.6187,0.078,-1.3707,-0.8804,0.5772,-0.6278,0.0297,0.1761,FOLLOW
68.412,-0.618,0.0749,-1.37,-0.8784,0.5744,-0.6243,0.0125,0.1746,FOLLOW
68.432,-0.6174,0.0718,-1.3688,-0.8764,0.5718,-0.6243,0.0125,0.1731,FOLLOW
68.452,-0.6168,0.0687,-1.3673,-0.8745,0.5692,-0.6243,0.0125,0.1716,FOLLOW
68.472,-0.6161,0.0655,-1.3655,-0.8726,0.5666,-0.6243,0.0125,0.1701,FOLLOW
68.492,-0.6155,0.0624,-1.3636,-0.8707,0.564,-0.6243,0.0125,0.1687,FOLLOW
68.512,-0.6148,0.0593,-1.3617,-0.8668,0.5589,-0.621,-0.0035,0.1672,FOLLOW
68.532,-0.6141,0.0562,-1.3597,-0.8668,0.5589,-0.621,-0.0035,0.1658,FOLLOW
68.552,-0.6135,0.053,-1.3578,-0.8649,0.5563,-0.621,-0.0035,0.1644,FOLLOW
68.572,-0.6128,0.0499,-1.3559,-0.8629,0.5538,-0.621,-0.0035,0.163,FOLLOW
68.592,-0.6121,0.0468,-1.354,-0.859,0.5486,-0.6177,-0.0193,0.1617,FOLLOW
68.612,-0.6115,0.0439,-1.3519,-0.859,0.5486,-0.6177,-0.0193,0.1604,FOLLOW
68.632,-0.6109,0.0412,-1.3494,-0.8572,0.5463,-0.6177,-0.0193,0.1593,FOLLOW
68.652,-0.6102,0.0385,-1.3465,-0.8555,0.5441,-0.6177,-0.0193,0.1581,FOLLOW
68.672,-0.6096,0.0357,-1.3432,-0.8537,0.5418,-0.6177,-0.0193,0.157,FOLLOW
68.692,-0.609,0.0329,-1.3396,-0.8501,0.5372,-0.6177,-0.0193,0.1558,FOLLOW
68.712,-0.6083,0.0302,-1.3361,-0.8501,0.5372,-0.6144,-0.0337,0.1547,FOLLOW
68.732,-0.6076,0.0274,-1.3325,-0.8483,0.535,-0.6144,-0.0337,0.1536,FOLLOW
68.752,-0.607,0.0246,-1.3289,-0.8465,0.5327,-0.6144,-0.0337,0.1525,FOLLOW
68.772,-0.6063,0.0218,-1.3254,-0.8447,0.5305,-0.6144,-0.0337,0.1514,FOLLOW
68.792,-0.6056,0.0191,-1.3218,-0.8429,0.5282,-0.6144,-0.0337,0.1504,FOLLOW
68.812,-0.6048,0.0162,-1.3185,-0.8391,0.5237,-0.6111,-0.0477,0.1494,FOLLOW
68.832,-0.6041,0.0133,-1.3154,-0.8391,0.5237,-0.6111,-0.0477,0.1484,FOLLOW
68.852,-0.6033,0.0105,-1.3123,-0.8353,0.5191,-0.6111,-0.0477,0.1474,FOLLOW
68.872,-0.6026,0.0076,-1.3093,-0.8353,0.5191,-0.6111,-0.0477,0.1464,FOLLOW
68.892,-0.6018,0.0048,-1.3062,-0.8334,0.5169,-0.6111,-0.0477,0.1455,FOLLOW
68.912,-0.601,0.0019,-1.3032,-0.8315,0.5146,-0.6073,-0.0621,0.1446,FOLLOW
68.932,-0.6002,-0.001,-1.3001,-0.8295,0.5123,-0.6073,-0.0621,0.1438,FOLLOW
68.952,-0.5994,-0.0038,-1.2971,-0.8276,0.51,-0.6073,-0.0621,0.1429,FOLLOW
68.972,-0.5986,-0.0067,-1.294,-0.8256,0.5078,-0.6073,-0.0621,0.1421,FOLLOW
68.992,-0.5978,-0.0095,-1.2909,-0.8237,0.5055,-0.6073,-0.0621,0.1413,FOLLOW
69.012,-0.5971,-0.0121,-1.2877,-0.8217,0.5033,-0.6033,-0.0765,0.1406,FOLLOW
69.032,-0.5964,-0.0146,-1.284,-0.8199,0.5012,-0.6033,-0.0765,0.1399,FOLLOW
69.052,-0.5956,-0.0171,-1.2799,-0.8181,0.4992,-0.6033,-0.0765,0.1392,FOLLOW
69.072,-0.5948,-0.0196,-1.2755,-0.8163,0.4972,-0.6033,-0.0765,0.1386,FOLLOW
69.092,-0.5941,-0.0221,-1.2709,-0.8145,0.4952,-0.6033,-0.0765,0.1379,FOLLOW
69.112,-0.5933,-0.0247,-1.2664,-0.8127,0.4932,-0.5995,-0.0897,0.1373,FOLLOW
69.132,-0.5925,-0.0272,-1.2618,-0.8109,0.4913,-0.5995,-0.0897,0.1367,FOLLOW
69.152,-0.5917,-0.0297,-1.2572,-0.809,0.4893,-0.5995,-0.0897,0.1362,FOLLOW
69.172,-0.5908,-0.0322,-1.2527,-0.8072,0.4873,-0.5995,-0.0897,0.1356,FOLLOW
69.192,-0.59,-0.0347,-1.2481,-0.8054,0.4854,-0.5995,-0.0897,0.1351,FOLLOW
69.212,-0.5891,-0.0373,-1.2438,-0.8035,0.4834,-0.5954,-0.1025,0.1346,FOLLOW
69.232,-0.5883,-0.0399,-1.2396,-0.8016,0.4814,-0.5954,-0.1025,0.1342,FOLLOW
69.252,-0.5874,-0.0425,-1.2355,-0.7997,0.4795,-0.5954,-0.1025,0.1338,FOLLOW
69.272,-0.5865,-0.0451,-1.2313,-0.7977,0.4775,-0.5954,-0.1025,0.1334,FOLLOW
69.292,-0.5855,-0.0476,-1.2271,-0.7958,0.4755,-0.5954,-0.1025,0.133,FOLLOW
69.312,-0.5846,-0.0502,-1.223,-0.7938,0.4736,-0.5909,-0.1155,0.1327,FOLLOW
69.332,-0.5837,-0.0528,-1.2188,-0.7918,0.4716,-0.5909,-0.1155,0.1324,FOLLOW
69.352,-0.5827,-0.0553,-1.2147,-0.7879,0.4677,-0.5909,-0.1155,0.1321,FOLLOW
69.372,-0.5818,-0.0579,-1.2105,-0.7879,0.4677,-0.5909,-0.1155,0.1318,FOLLOW
69.392,-0.5808,-0.0604,-1.2064,-0.7859,0.4658,-0.5909,-0.1155,0.1316,FOLLOW
69.412,-0.5798,-0.063,-1.2021,-0.7839,0.4639,-0.5862,-0.1285,0.1314,FOLLOW
69.432,-0.5789,-0.0655,-1.1978,-0.7819,0.462,-0.5862,-0.1285,0.1312,FOLLOW
69.452,-0.5779,-0.068,-1.1935,-0.7779,0.4582,-0.5862,-0.1285,0.1311,FOLLOW
69.472,-0.5769,-0.0705,-1.1893,-0.7779,0.4582,-0.5862,-0.1285,0.131,FOLLOW
69.492,-0.5758,-0.073,-1.185,-0.7759,0.4563,-0.5862,-0.1285,0.1309,FOLLOW
69.512,-0.5748,-0.0755,-1.1807,-0.7739,0.4545,-0.5812,-0.1413,0.1308,FOLLOW
69.532,-0.5738,-0.078,-1.1764,-0.7719,0.4526,-0.5812,-0.1413,0.1308,FOLLOW
69.552,-0.5727,-0.0805,-1.1721,-0.7698,0.4508,-0.5812,-0.1413,0.1308,FOLLOW
69.572,-0.5717,-0.083,-1.1679,-0.7678,0.449,-0.5812,-0.1413,0.1308,FOLLOW
69.592,-0.5706,-0.0855,-1.1636,-0.7637,0.4453,-0.5812,-0.1413,0.1309,FOLLOW
69.612,-0.5695,-0.088,-1.1593,-0.7637,0.4453,-0.5759,-0.154,0.1309,FOLLOW
69.632,-0.5684,-0.0905,-1.1551,-0.7616,0.4435,-0.5759,-0.154,0.131,FOLLOW
69.652,-0.5673,-0.093,-1.1509,-0.7595,0.4417,-0.5759,-0.154,0.1312,FOLLOW
69.672,-0.5662,-0.0954,-1.1467,-0.7575,0.4399,-0.5759,-0.154,0.1313,FOLLOW
69.692,-0.5651,-0.0979,-1.1424,-0.7554,0.4381,-0.5759,-0.154,0.1315,FOLLOW
69.712,-0.564,-0.1004,-1.1382,-0.7533,0.4363,-0.5704,-0.1666,0.1318,FOLLOW
69.732,-0.5628,-0.1028,-1.134,-0.7512,0.4346,-0.5704,-0.1666,0.132,FOLLOW
69.752,-0.5617,-0.1053,-1.1297,-0.749,0.4328,-0.5704,-0.1666,0.1323,FOLLOW
69.772,-0.5605,-0.1078,-1.1255,-0.7469,0.4311,-0.5704,-0.1666,0.1326,FOLLOW
69.792,-0.5593,-0.1102,-1.1213,-0.7448,0.4293,-0.5704,-0.1666,0.1329,FOLLOW
69.812,-0.5589,-0.1115,-1.1169,-0.7426,0.4276,-0.5704,-0.1666,0.1329,FOLLOW
69.832,-0.5587,-0.112,-1.112,-0.7413,0.4265,-0.5646,-0.1791,0.1328,LEAVE
69.852,-0.5584,-0.1125,-1.1066,-0.7413,0.4265,-0.5646,-0.1791,0.1327,LEAVE
69.872,-0.5582,-0.113,-1.1008,-0.7407,0.4261,-0.5646,-0.1791,0.1327,LEAVE
69.892,-0.5579,-0.1134,-1.0945,-0.7401,0.4256,-0.5646,-0.1791,0.1326,LEAVE
69.912,-0.5579,-0.1137,-1.0877,-0.7394,0.4251,-0.5619,-0.1844,0.1324,GO_GOAL
69.932,-0.558,-0.1136,-1.0805,-0.7394,0.4251,-0.5619,-0.1844,0.132,GO_GOAL
69.952,-0.5582,-0.1132,-1.0728,-0.7394,0.4251,-0.5619,-0.1844,0.1317,GO_GOAL
69.972,-0.5584,-0.1129,-1.0646,-0.7394,0.4251,-0.5619,-0.1844,0.1313,GO_GOAL
69.992,-0.5586,-0.1126,-1.0559,-0.7394,0.4251,-0.5619,-0.1844,0.131,GO_GOAL
70.012,-0.5587,-0.1123,-1.0469,-0.7394,0.4251,-0.5616,-0.1852,0.1306,GO_GOAL
70.032,-0.5589,-0.1121,-1.0373,-0.7394,0.4251,-0.5616,-0.1852,0.1303,GO_GOAL
70.052,-0.559,-0.1119,-1.0273,-0.7394,0.4251,-0.5616,-0.1852,0.1299,GO_GOAL
70.072,-0.5591,-0.1117,-1.0168,-0.7394,0.4251,-0.5616,-0.1852,0.1295,GO_GOAL
70.092,-0.5592,-0.1115,-1.0059,-0.7394,0.4251,-0.5616,-0.1852,0.1291,GO_GOAL
70.112,-0.5593,-0.1114,-0.9945,-0.7394,0.4251,-0.5616,-0.1852,0.1287,GO_GOAL
70.132,-0.5593,-0.1113,-0.9827,-0.7394,0.4251,-0.5616,-0.1852,0.1283,GO_GOAL
70.152,-0.5594,-0.1112,-0.9707,-0.7394,0.4251,-0.5616,-0.1852,0.1279,GO_GOAL
70.172,-0.5595,-0.1111,-0.9587,-0.7394,0.4251,-0.5616,-0.1852,0.1275,GO_GOAL
70.192,-0.5595,-0.111,-0.9467,-0.7394,0.4251,-0.5616,-0.1852,0.1272,GO_GOAL
70.212,-0.5596,-0.1109,-0.9347,-0.7394,0.4251,-0.5616,-0.1852,0.1268,GO_GOAL
70.232,-0.5596,-0.1109,-0.9227,-0.7394,0.4251,-0.5616,-0.1852,0.1264,GO_GOAL
70.252,-0.5597,-0.1108,-0.9107,-0.7394,0.4251,-0.5616,-0.1852,0.126,GO_GOAL
70.272,-0.5598,-0.1107,-0.8987,-0.7394,0.4251,-0.5616,-0.1852,0.1256,GO_GOAL
70.292,-0.5598,-0.1106,-0.8867,-0.7394,0.4251,-0.5616,-0.1852,0.1252,GO_GOAL
70.312,-0.5599,-0.1105,-0.8747,-0.7394,0.4251,-0.5616,-0.1852,0.1248,GO_GOAL
70.332,-0.56,-0.1104,-0.8627,-0.7394,0.4251,-0.5616,-0.1852,0.1244,GO_GOAL
70.352,-0.56,-0.1103,-0.8507,-0.7394,0.4251,-0.5616,-0.1852,0.124,GO_GOAL
70.372,-0.5601,-0.1103,-0.8387,-0.7394,0.4251,-0.5616,-0.1852,0.1236,GO_GOAL
70.392,-0.5602,-0.1102,-0.8267,-0.7394,0.4251,-0.5616,-0.1852,0.1232,GO_GOAL
70.412,-0.5602,-0.1101,-0.8147,-0.7394,0.4251,-0.5616,-0.1852,0.1229,GO_GOAL
70.432,-0.5603,-0.11,-0.8027,-0.7394,0.4251,-0.5616,-0.1852,0.1225,GO_GOAL
70.452,-0.5604,-0.1099,-0.7907,-0.7394,0.4251,-0.5616,-0.1852,0.1221,GO_GOAL
70.472,-0.5605,-0.1099,-0.7787,-0.7394,0.4251,-0.5616,-0.1852,0.1217,GO_GOAL
70.492,-0.5605,-0.1098,-0.7667,-0.7394,0.4251,-0.5616,-0.1852,0.1213,GO_GOAL
70.512,-0.5606,-0.1097,-0.7547,-0.7394,0.4251,-0.5616,-0.1852,0.1209,GO_GOAL
70.532,-0.5607,-0.1096,-0.7427,-0.7394,0.4251,-0.5616,-0.1852,0.1206,GO_GOAL
70.552,-0.5608,-0.1096,-0.7307,-0.7394,0.4251,-0.5616,-0.1852,0.1202,GO_GOAL
70.572,-0.5608,-0.1095,-0.7187,-0.7394,0.4251,-0.5616,-0.1852,0.1198,GO_GOAL
70.592,-0.5609,-0.1094,-0.7067,-0.7394,0.4251,-0.5616,-0.1852,0.1194,GO_GOAL
70.612,-0.561,-0.1093,-0.6947,-0.7394,0.4251,-0.5616,-0.1852,0.1191,GO_GOAL
70.632,-0.5611,-0.1093,-0.6827,-0.7394,0.4251,-0.5616,-0.1852,0.1187,GO_GOAL
70.652,-0.5612,-0.1092,-0.6707,-0.7394,0.4251,-0.5616,-0.1852,0.1183,GO_GOAL
70.672,-0.5613,-0.1091,-0.6587,-0.7394,0.4251,-0.5616,-0.1852,0.1179,GO_GOAL
70.692,-0.5613,-0.1091,-0.6467,-0.7394,0.4251,-0.5616,-0.1852,0.1176,GO_GOAL
70.714,-0.5614,-0.109,-0.6347,-0.7394,0.4251,-0.5616,-0.1852,0.1172,GO_GOAL
70.732,-0.5615,-0.1089,-0.6227,-0.7394,0.4251,-0.5616,-0.1852,0.1168,GO_GOAL
70.752,-0.5616,-0.1089,-0.6107,-0.7394,0.4251,-0.5616,-0.1852,0.1165,GO_GOAL
70.772,-0.5617,-0.1088,-0.5987,-0.7394,0.4251,-0.5616,-0.1852,0.1161,GO_GOAL
70.792,-0.5618,-0.1087,-0.5867,-0.7394,0.4251,-0.5616,-0.1852,0.1158,GO_GOAL
70.812,-0.5619,-0.1087,-0.5747,-0.7394,0.4251,-0.5616,-0.1852,0.1154,GO_GOAL
70.832,-0.5619,-0.1086,-0.5627,-0.7394,0.4251,-0.5616,-0.1852,0.1151,GO_GOAL
70.852,-0.562,-0.1085,-0.5507,-0.7394,0.4251,-0.5616,-0.1852,0.1147,GO_GOAL
70.872,-0.5621,-0.1085,-0.5387,-0.7394,0.4251,-0.5616,-0.1852,0.1144,GO_GOAL
70.892,-0.5622,-0.1084,-0.5267,-0.7394,0.4251,-0.5616,-0.1852,0.114,GO_GOAL
70.912,-0.5623,-0.1084,-0.5147,-0.7394,0.4251,-0.5616,-0.1852,0.1137,GO_GOAL
70.932,-0.5624,-0.1083,-0.5027,-0.7394,0.4251,-0.5616,-0.1852,0.1133,GO_GOAL
70.952,-0.5625,-0.1083,-0.4907,-0.7394,0.4251,-0.5616,-0.1852,0.113,GO_GOAL
70.972,-0.5626,-0.1082,-0.4787,-0.7394,0.4251,-0.5616,-0.1852,0.1127,GO_GOAL
70.992,-0.5627,-0.1082,-0.4667,-0.7394,0.4251,-0.5616,-0.1852,0.1123,GO_GOAL
71.012,-0.5628,-0.1081,-0.4547,-0.7394,0.4251,-0.5616,-0.1852,0.112,GO_GOAL
71.032,-0.5629,-0.1081,-0.4427,-0.7394,0.4251,-0.5616,-0.1852,0.1117,GO_GOAL
71.052,-0.563,-0.108,-0.4307,-0.7394,0.4251,-0.5616,-0.1852,0.1113,GO_GOAL
71.072,-0.5631,-0.108,-0.4187,-0.7394,0.4251,-0.5616,-0.1852,0.111,GO_GOAL
71.092,-0.5632,-0.1079,-0.4067,-0.7394,0.4251,-0.5616,-0.1852,0.1107,GO_GOAL
71.112,-0.5633,-0.1079,-0.3947,-0.7394,0.4251,-0.5616,-0.1852,0.1104,GO_GOAL
71.132,-0.5634,-0.1078,-0.3827,-0.7394,0.4251,-0.5616,-0.1852,0.1101,GO_GOAL
71.152,-0.5635,-0.1078,-0.3707,-0.7394,0.4251,-0.5616,-0.1852,0.1098,GO_GOAL
71.172,-0.5636,-0.1077,-0.3587,-0.7394,0.4251,-0.5616,-0.1852,0.1095,GO_GOAL
71.192,-0.5637,-0.1077,-0.3467,-0.7394,0.4251,-0.5616,-0.1852,0.1091,GO_GOAL
71.212,-0.5638,-0.1077,-0.3347,-0.7394,0.4251,-0.5616,-0.1852,0.1088,GO_GOAL
71.232,-0.5639,-0.1076,-0.3227,-0.7394,0.4251,-0.5616,-0.1852,0.1085,GO_GOAL
71.252,-0.564,-0.1076,-0.3107,-0.7394,0.4251,-0.5616,-0.1852,0.1083,GO_GOAL
71.272,-0.5641,-0.1075,-0.2987,-0.7394,0.4251,-0.5616,-0.1852,0.108,GO_GOAL
71.292,-0.5642,-0.1075,-0.2867,-0.7394,0.4251,-0.5616,-0.1852,0.1077,GO_GOAL
71.312,-0.5643,-0.1075,-0.2747,-0.7394,0.4251,-0.5616,-0.1852,0.1074,GO_GOAL
71.332,-0.5644,-0.1074,-0.2627,-0.7394,0.4251,-0.5616,-0.1852,0.1071,GO_GOAL
71.352,-0.5645,-0.1074,-0.2507,-0.7394,0.4251,-0.5616,-0.1852,0.1068,GO_GOAL
71.372,-0.5646,-0.1074,-0.2387,-0.7394,0.4251,-0.5616,-0.1852,0.1066,GO_GOAL
71.392,-0.5647,-0.1074,-0.2267,-0.7394,0.4251,-0.5616,-0.1852,0.1063,GO_GOAL
71.412,-0.5648,-0.1073,-0.2147,-0.7394,0.4251,-0.5616,-0.1852,0.106,GO_GOAL
71.432,-0.5649,-0.1073,-0.2027,-0.7394,0.4251,-0.5616,-0.1852,0.1058,GO_GOAL
71.452,-0.565,-0.1073,-0.1907,-0.7394,0.4251,-0.5616,-0.1852,0.1055,GO_GOAL
71.472,-0.5651,-0.1073,-0.1787,-0.7394,0.4251,-0.5616,-0.1852,0.1052,GO_GOAL
71.492,-0.5652,-0.1072,-0.1667,-0.7394,0.4251,-0.5616,-0.1852,0.105,GO_GOAL
71.512,-0.5653,-0.1072,-0.1545,-0.7394,0.4251,-0.5616,-0.1852,0.1047,GO_GOAL
71.532,-0.5652,-0.1072,-0.142,-0.7393,0.4252,-0.5616,-0.1852,0.1047,GO_GOAL
71.552,-0.5646,-0.1073,-0.1291,-0.7387,0.4254,-0.5616,-0.1852,0.1051,GO_GOAL
71.572,-0.5639,-0.1074,-0.1159,-0.7378,0.4257,-0.5616,-0.1852,0.1056,GO_GOAL
71.592,-0.5633,-0.1074,-0.1023,-0.7369,0.4261,-0.5616,-0.1852,0.1061,GO_GOAL
71.612,-0.5626,-0.1075,-0.0884,-0.736,0.4265,-0.5589,-0.1855,0.1066,GO_GOAL
71.632,-0.5616,-0.1076,-0.0741,-0.7349,0.4269,-0.5589,-0.1855,0.1074,GO_GOAL
71.652,-0.5602,-0.1077,-0.0595,-0.7335,0.4276,-0.5589,-0.1855,0.1086,GO_GOAL
71.672,-0.5588,-0.1077,-0.0445,-0.7317,0.4284,-0.5589,-0.1855,0.1098,GO_GOAL
71.692,-0.5573,-0.1078,-0.0292,-0.7299,0.4293,-0.5589,-0.1855,0.1112,GO_GOAL
71.712,-0.5558,-0.1078,-0.0136,-0.7282,0.4303,-0.5512,-0.1861,0.1124,GO_GOAL
71.732,-0.5542,-0.1078,0.0024,-0.7263,0.4313,-0.5512,-0.1861,0.1139,GO_GOAL
71.752,-0.5526,-0.1078,0.0187,-0.7242,0.4326,-0.5512,-0.1861,0.1154,GO_GOAL
71.772,-0.5509,-0.1078,0.0353,-0.7222,0.4339,-0.5512,-0.1861,0.117,GO_GOAL
71.792,-0.5492,-0.1077,0.0523,-0.7202,0.4352,-0.5512,-0.1861,0.1186,GO_GOAL
71.812,-0.5471,-0.1075,0.0696,-0.7182,0.4366,-0.5398,-0.186,0.1205,GO_GOAL
71.832,-0.5449,-0.1074,0.0872,-0.714,0.4397,-0.5398,-0.186,0.1226,GO_GOAL
71.852,-0.5427,-0.1072,0.1052,-0.7119,0.4414,-0.5398,-0.186,0.1248,GO_GOAL
71.872,-0.5404,-0.1069,0.1236,-0.7119,0.4414,-0.5398,-0.186,0.127,GO_GOAL
71.892,-0.5382,-0.1066,0.1423,-0.7098,0.4431,-0.5398,-0.186,0.1292,GO_GOAL
71.912,-0.5356,-0.1062,0.1611,-0.7057,0.4467,-0.5269,-0.1849,0.1318,GO_GOAL
71.932,-0.5328,-0.1057,0.1795,-0.7036,0.4487,-0.5269,-0.1849,0.1346,GO_GOAL
71.952,-0.5301,-0.1052,0.1975,-0.7036,0.4487,-0.5269,-0.1849,0.1374,GO_GOAL
71.972,-0.5274,-0.1046,0.2153,-0.7015,0.4508,-0.5269,-0.1849,0.1401,GO_GOAL
71.992,-0.5247,-0.104,0.2332,-0.6994,0.4529,-0.5269,-0.1849,0.1429,GO_GOAL
72.012,-0.5219,-0.1032,0.2509,-0.6974,0.455,-0.5128,-0.1824,0.1458,GO_GOAL
72.032,-0.5188,-0.1024,0.2681,-0.6953,0.4572,-0.5128,-0.1824,0.1491,GO_GOAL
72.052,-0.5157,-0.1015,0.285,-0.6932,0.4596,-0.5128,-0.1824,0.1523,GO_GOAL
72.072,-0.5127,-0.1006,0.3014,-0.6891,0.4644,-0.5128,-0.1824,0.1555,GO_GOAL
72.092,-0.5097,-0.0996,0.3174,-0.6891,0.4644,-0.5128,-0.1824,0.1587,GO_GOAL
72.11,-0.5065,-0.0985,0.3329,-0.6871,0.4668,-0.4979,-0.1783,0.1621,GO_GOAL
72.132,-0.5032,-0.0974,0.348,-0.685,0.4694,-0.4979,-0.1783,0.1656,GO_GOAL
72.152,-0.4999,-0.0961,0.3627,-0.683,0.472,-0.4979,-0.1783,0.1692,GO_GOAL
72.172,-0.4967,-0.0949,0.3769,-0.6809,0.4747,-0.4979,-0.1783,0.1727,GO_GOAL
72.192,-0.4935,-0.0936,0.3907,-0.677,0.48,-0.4979,-0.1783,0.1762,GO_GOAL
72.212,-0.4902,-0.0922,0.4041,-0.677,0.48,-0.4824,-0.1727,0.1798,GO_GOAL
72.232,-0.4867,-0.0907,0.417,-0.6749,0.4828,-0.4824,-0.1727,0.1835,GO_GOAL
72.252,-0.4833,-0.0891,0.4294,-0.6729,0.4857,-0.4824,-0.1727,0.1872,GO_GOAL
72.272,-0.48,-0.0876,0.4414,-0.671,0.4885,-0.4824,-0.1727,0.1909,GO_GOAL
72.292,-0.4767,-0.086,0.453,-0.6671,0.4942,-0.4667,-0.1658,0.1945,GO_GOAL
72.312,-0.4733,-0.0843,0.4641,-0.6671,0.4942,-0.4667,-0.1658,0.1983,GO_GOAL
72.332,-0.4698,-0.0825,0.4747,-0.6651,0.4972,-0.4667,-0.1658,0.2021,GO_GOAL
72.352,-0.4664,-0.0808,0.4849,-0.6632,0.5001,-0.4667,-0.1658,0.2059,GO_GOAL
72.372,-0.4631,-0.079,0.4947,-0.6613,0.5031,-0.4667,-0.1658,0.2096,GO_GOAL
72.392,-0.4598,-0.0772,0.5039,-0.6575,0.5091,-0.4667,-0.1658,0.2133,GO_GOAL
72.412,-0.4564,-0.0753,0.5128,-0.6575,0.5091,-0.451,-0.1578,0.2171,GO_GOAL
72.432,-0.453,-0.0733,0.5211,-0.6556,0.5121,-0.451,-0.1578,0.221,GO_GOAL
72.452,-0.4496,-0.0714,0.529,-0.6537,0.5152,-0.451,-0.1578,0.2247,GO_GOAL
72.472,-0.4463,-0.0694,0.5365,-0.6518,0.5182,-0.451,-0.1578,0.2285,GO_GOAL
72.492,-0.443,-0.0675,0.5435,-0.6499,0.5212,-0.451,-0.1578,0.2322,GO_GOAL
72.512,-0.4397,-0.0654,0.55,-0.6481,0.5243,-0.4355,-0.149,0.2359,GO_GOAL
72.532,-0.4363,-0.0634,0.556,-0.6462,0.5274,-0.4355,-0.149,0.2397,GO_GOAL
72.552,-0.4331,-0.0613,0.5616,-0.6444,0.5305,-0.4355,-0.149,0.2434,GO_GOAL
72.572,-0.4298,-0.0593,0.5667,-0.6425,0.5335,-0.4355,-0.149,0.2471,GO_GOAL
72.592,-0.4266,-0.0572,0.5714,-0.6407,0.5366,-0.4355,-0.149,0.2507,GO_GOAL
72.612,-0.4234,-0.0551,0.5756,-0.637,0.5428,-0.4202,-0.1395,0.2544,GO_GOAL
72.632,-0.4201,-0.053,0.5794,-0.637,0.5428,-0.4202,-0.1395,0.258,GO_GOAL
72.652,-0.417,-0.0509,0.5826,-0.6351,0.5459,-0.4202,-0.1395,0.2616,GO_GOAL
72.672,-0.4138,-0.0488,0.5854,-0.6315,0.5521,-0.4202,-0.1395,0.2652,GO_GOAL
72.692,-0.4107,-0.0468,0.5878,-0.6315,0.5521,-0.4202,-0.1395,0.2688,GO_GOAL
72.712,-0.4076,-0.0447,0.5897,-0.6278,0.5583,-0.4052,-0.1297,0.2723,GO_GOAL
72.732,-0.4045,-0.0426,0.5911,-0.6278,0.5583,-0.4052,-0.1297,0.2758,GO_GOAL
72.752,-0.4014,-0.0405,0.592,-0.6259,0.5614,-0.4052,-0.1297,0.2793,GO_GOAL
72.772,-0.3983,-0.0385,0.5925,-0.6241,0.5645,-0.4052,-0.1297,0.2828,GO_GOAL
72.792,-0.3953,-0.0364,0.5926,-0.6223,0.5675,-0.4052,-0.1297,0.2862,GO_GOAL
72.812,-0.3923,-0.0344,0.5921,-0.6204,0.5706,-0.3902,-0.1197,0.2896,GO_GOAL
72.832,-0.3893,-0.0324,0.5913,-0.6167,0.5768,-0.3902,-0.1197,0.293,GO_GOAL
72.852,-0.3863,-0.0304,0.5906,-0.6167,0.5768,-0.3902,-0.1197,0.2964,GO_GOAL
72.872,-0.3833,-0.0284,0.5898,-0.6149,0.5799,-0.3902,-0.1197,0.2998,GO_GOAL
72.892,-0.3803,-0.0264,0.589,-0.613,0.583,-0.3902,-0.1197,0.3032,GO_GOAL
72.912,-0.3773,-0.0244,0.5883,-0.6112,0.5861,-0.3753,-0.1096,0.3066,GO_GOAL
72.932,-0.3743,-0.0224,0.5877,-0.6093,0.5891,-0.3753,-0.1096,0.31,GO_GOAL
72.952,-0.3713,-0.0204,0.587,-0.6074,0.5922,-0.3753,-0.1096,0.3134,GO_GOAL
72.972,-0.3683,-0.0184,0.5863,-0.6056,0.5953,-0.3753,-0.1096,0.3168,GO_GOAL
72.992,-0.3653,-0.0164,0.5857,-0.6037,0.5984,-0.3753,-0.1096,0.3202,GO_GOAL
73.012,-0.3623,-0.0144,0.5851,-0.6018,0.6015,-0.3603,-0.0997,0.3237,GO_GOAL
73.032,-0.3593,-0.0124,0.5846,-0.6,0.6045,-0.3603,-0.0997,0.3271,GO_GOAL
73.052,-0.3563,-0.0104,0.584,-0.5981,0.6076,-0.3603,-0.0997,0.3305,GO_GOAL
73.072,-0.3533,-0.0084,0.5835,-0.5944,0.6138,-0.3603,-0.0997,0.3339,GO_GOAL
73.092,-0.3503,-0.0065,0.583,-0.5944,0.6138,-0.3603,-0.0997,0.3374,GO_GOAL
73.11,-0.3473,-0.0045,0.5825,-0.5925,0.6168,-0.3453,-0.0898,0.3408,GO_GOAL
73.132,-0.3443,-0.0025,0.5821,-0.5906,0.6199,-0.3453,-0.0898,0.3442,GO_GOAL
73.152,-0.3413,-0.0005,0.5817,-0.5887,0.623,-0.3453,-0.0898,0.3477,GO_GOAL
73.172,-0.3383,0.0015,0.5813,-0.585,0.6291,-0.3453,-0.0898,0.3511,GO_GOAL
73.192,-0.3352,0.0034,0.5808,-0.5831,0.6322,-0.3453,-0.0898,0.3545,GO_GOAL
73.212,-0.3322,0.0054,0.5805,-0.5831,0.6322,-0.3272,-0.0779,0.358,GO_GOAL
73.232,-0.3292,0.0074,0.5802,-0.5812,0.6353,-0.3272,-0.0779,0.3614,GO_GOAL
73.252,-0.3262,0.0094,0.5799,-0.5793,0.6383,-0.3272,-0.0779,0.3649,GO_GOAL
73.272,-0.3232,0.0113,0.5795,-0.5774,0.6414,-0.3272,-0.0779,0.3683,GO_GOAL
73.292,-0.3202,0.0133,0.5792,-0.5756,0.6445,-0.3272,-0.0779,0.3718,GO_GOAL
73.312,-0.3172,0.0153,0.5789,-0.5737,0.6475,-0.3151,-0.07,0.3752,GO_GOAL
73.332,-0.3141,0.0173,0.5787,-0.5718,0.6506,-0.3151,-0.07,0.3787,GO_GOAL
73.352,-0.3111,0.0192,0.5784,-0.5699,0.6537,-0.3151,-0.07,0.3821,GO_GOAL
73.372,-0.3081,0.0212,0.5781,-0.5661,0.6598,-0.3151,-0.07,0.3856,GO_GOAL
73.392,-0.3051,0.0232,0.5779,-0.5661,0.6598,-0.3151,-0.07,0.389,GO_GOAL
73.412,-0.3021,0.0251,0.5776,-0.5642,0.6628,-0.3001,-0.0602,0.3925,GO_GOAL
73.432,-0.2991,0.0271,0.5774,-0.5623,0.6659,-0.3001,-0.0602,0.396,GO_GOAL
73.452,-0.296,0.0291,0.5772,-0.5585,0.672,-0.3001,-0.0602,0.3994,GO_GOAL
73.472,-0.293,0.031,0.577,-0.5566,0.6751,-0.3001,-0.0602,0.4029,GO_GOAL
73.492,-0.29,0.033,0.5768,-0.5548,0.6781,-0.3001,-0.0602,0.4064,GO_GOAL
73.512,-0.287,0.035,0.5766,-0.5548,0.6781,-0.285,-0.0504,0.4098,GO_GOAL
73.532,-0.284,0.0369,0.5764,-0.551,0.6843,-0.285,-0.0504,0.4133,GO_GOAL
73.552,-0.2809,0.0389,0.5763,-0.551,0.6843,-0.285,-0.0504,0.4168,GO_GOAL
73.572,-0.2779,0.0408,0.5761,-0.5491,0.6873,-0.285,-0.0504,0.4202,GO_GOAL
73.592,-0.2749,0.0428,0.5759,-0.5472,0.6904,-0.285,-0.0504,0.4237,GO_GOAL
73.612,-0.2719,0.0448,0.5758,-0.5434,0.6965,-0.2699,-0.0406,0.4272,GO_GOAL
73.632,-0.2689,0.0467,0.5757,-0.5415,0.6996,-0.2699,-0.0406,0.4307,GO_GOAL
73.652,-0.2658,0.0487,0.5755,-0.5415,0.6996,-0.2699,-0.0406,0.4342,GO_GOAL
73.672,-0.2628,0.0506,0.5754,-0.5396,0.7026,-0.2699,-0.0406,0.4376,GO_GOAL
73.692,-0.2598,0.0526,0.5753,-0.5358,0.7087,-0.2699,-0.0406,0.4355,GO_GOAL
73.712,-0.2568,0.0546,0.5751,-0.5339,0.7118,-0.2548,-0.0308,0.4321,GO_GOAL
73.732,-0.2538,0.0565,0.575,-0.5339,0.7118,-0.2548,-0.0308,0.4286,GO_GOAL
73.752,-0.2507,0.0585,0.5749,-0.532,0.7149,-0.2548,-0.0308,0.4252,GO_GOAL
73.772,-0.2477,0.0604,0.5748,-0.5301,0.7179,-0.2548,-0.0308,0.4217,GO_GOAL
73.792,-0.2447,0.0624,0.5747,-0.5282,0.721,-0.2548,-0.0308,0.4183,GO_GOAL
73.812,-0.2417,0.0644,0.5746,-0.5263,0.724,-0.2397,-0.021,0.4148,GO_GOAL
73.832,-0.2386,0.0663,0.5745,-0.5244,0.7271,-0.2397,-0.021,0.4114,GO_GOAL
73.852,-0.2356,0.0683,0.5745,-0.5225,0.7301,-0.2397,-0.021,0.4079,GO_GOAL
73.872,-0.2326,0.0702,0.5744,-0.5206,0.7332,-0.2397,-0.021,0.4045,GO_GOAL
73.892,-0.2296,0.0722,0.5743,-0.5187,0.7363,-0.2397,-0.021,0.4011,GO_GOAL
73.914,-0.2266,0.0741,0.5742,-0.5149,0.7424,-0.2215,-0.0093,0.3976,GO_GOAL
73.932,-0.2235,0.0761,0.5742,-0.513,0.7454,-0.2215,-0.0093,0.3942,GO_GOAL
73.952,-0.2205,0.078,0.5741,-0.513,0.7454,-0.2215,-0.0093,0.3907,GO_GOAL
73.972,-0.2175,0.08,0.574,-0.5111,0.7485,-0.2215,-0.0093,0.3873,GO_GOAL
73.992,-0.2145,0.082,0.574,-0.5091,0.7515,-0.2215,-0.0093,0.3839,GO_GOAL
74.012,-0.2117,0.0837,0.5739,-0.5072,0.7546,-0.2094,-0.0015,0.3808,GO_GOAL
74.032,-0.209,0.0855,0.5739,-0.5038,0.7601,-0.2094,-0.0015,0.3777,GO_GOAL
74.052,-0.2063,0.0872,0.5738,-0.5038,0.7601,-0.2094,-0.0015,0.3747,GO_GOAL
74.072,-0.2037,0.0889,0.5738,-0.5021,0.7628,-0.2094,-0.0015,0.3716,GO_GOAL
74.092,-0.201,0.0907,0.5737,-0.4987,0.7682,-0.2094,-0.0015,0.3686,GO_GOAL
74.112,-0.1983,0.0924,0.5737,-0.4987,0.7682,-0.1956,0.0074,0.3655,GO_GOAL
74.132,-0.1956,0.0942,0.5736,-0.497,0.7709,-0.1956,0.0074,0.3625,GO_GOAL
74.152,-0.1929,0.0959,0.5736,-0.4954,0.7737,-0.1956,0.0074,0.3594,GO_GOAL
74.172,-0.1902,0.0976,0.5735,-0.4937,0.7764,-0.1956,0.0074,0.3564,GO_GOAL
74.192,-0.1875,0.0994,0.5735,-0.492,0.7791,-0.1956,0.0074,0.3533,GO_GOAL
74.212,-0.185,0.101,0.5735,-0.4903,0.7818,-0.1821,0.0161,0.3505,GO_GOAL
74.232,-0.1826,0.1026,0.5734,-0.4887,0.7843,-0.1821,0.0161,0.3478,GO_GOAL
74.252,-0.1801,0.1042,0.5734,-0.4856,0.7893,-0.1821,0.0161,0.345,GO_GOAL
74.272,-0.1776,0.1058,0.5734,-0.4856,0.7893,-0.1821,0.0161,0.3422,GO_GOAL
74.292,-0.1752,0.1073,0.5733,-0.484,0.7918,-0.1821,0.0161,0.3394,GO_GOAL
74.312,-0.1727,0.1089,0.5733,-0.4825,0.7943,-0.1696,0.0242,0.3367,GO_GOAL
74.332,-0.1703,0.1105,0.5733,-0.4794,0.7992,-0.1696,0.0242,0.3339,GO_GOAL
74.352,-0.1678,0.1121,0.5732,-0.4794,0.7992,-0.1696,0.0242,0.3311,GO_GOAL
74.372,-0.1653,0.1137,0.5732,-0.4763,0.8042,-0.1696,0.0242,0.3284,GO_GOAL
74.392,-0.1629,0.1153,0.5732,-0.4763,0.8042,-0.1696,0.0242,0.3256,GO_GOAL
74.412,-0.1605,0.1168,0.5732,-0.4747,0.8067,-0.1573,0.0322,0.323,GO_GOAL
74.432,-0.1582,0.1183,0.5732,-0.4733,0.809,-0.1573,0.0322,0.3204,GO_GOAL
74.452,-0.1559,0.1198,0.5731,-0.4718,0.8114,-0.1573,0.0322,0.3178,GO_GOAL
74.472,-0.1536,0.1213,0.5731,-0.4704,0.8137,-0.1573,0.0322,0.3152,GO_GOAL
74.492,-0.1513,0.1227,0.5731,-0.4689,0.816,-0.1573,0.0322,0.3126,GO_GOAL
74.512,-0.149,0.1242,0.5731,-0.4675,0.8184,-0.1455,0.0397,0.31,GO_GOAL
74.532,-0.1467,0.1257,0.5731,-0.466,0.8207,-0.1455,0.0397,0.3075,GO_GOAL
74.552,-0.1444,0.1272,0.573,-0.4645,0.823,-0.1455,0.0397,0.3049,GO_GOAL
74.572,-0.1421,0.1287,0.573,-0.4631,0.8254,-0.1455,0.0397,0.3023,GO_GOAL
74.592,-0.1398,0.1302,0.573,-0.4616,0.8277,-0.1455,0.0397,0.2997,GO_GOAL
74.612,-0.1377,0.1316,0.573,-0.4602,0.83,-0.134,0.0472,0.2974,GO_GOAL
74.632,-0.1356,0.1329,0.573,-0.4589,0.8322,-0.134,0.0472,0.295,GO_GOAL
74.652,-0.1335,0.1342,0.573,-0.4562,0.8363,-0.134,0.0472,0.2927,GO_GOAL
74.672,-0.1314,0.1356,0.573,-0.4562,0.8363,-0.134,0.0472,0.2904,GO_GOAL
74.692,-0.1294,0.1369,0.5729,-0.4549,0.8384,-0.134,0.0472,0.2881,GO_GOAL
74.712,-0.1273,0.1382,0.5729,-0.4536,0.8405,-0.1233,0.054,0.2858,GO_GOAL
74.732,-0.1252,0.1396,0.5729,-0.4523,0.8426,-0.1233,0.054,0.2835,GO_GOAL
74.752,-0.1231,0.1409,0.5729,-0.451,0.8447,-0.1233,0.054,0.2812,GO_GOAL
74.772,-0.1211,0.1423,0.5729,-0.4497,0.8468,-0.1233,0.054,0.2789,GO_GOAL
74.792,-0.119,0.1436,0.5729,-0.4471,0.851,-0.1233,0.054,0.2766,GO_GOAL
74.812,-0.1172,0.1448,0.5727,-0.4471,0.851,-0.1233,0.054,0.2746,GO_GOAL
74.832,-0.1154,0.1459,0.572,-0.4461,0.8526,-0.1233,0.054,0.2726,GO_GOAL
74.852,-0.1137,0.147,0.5709,-0.4451,0.8541,-0.113,0.0607,0.2707,FOLLOW_ARC
74.872,-0.112,0.1481,0.5693,-0.4442,0.8556,-0.113,0.0607,0.2688,FOLLOW_ARC
74.892,-0.1104,0.1491,0.5673,-0.4432,0.8571,-0.113,0.0607,0.267,FOLLOW_ARC
74.912,-0.1086,0.1502,0.5648,-0.4412,0.8601,-0.1048,0.066,0.265,FOLLOW_ARC
74.932,-0.1069,0.1514,0.5618,-0.4402,0.8616,-0.1048,0.066,0.2631,FOLLOW_ARC
74.952,-0.1051,0.1524,0.5584,-0.4402,0.8616,-0.1048,0.066,0.2611,FOLLOW_ARC
74.972,-0.1034,0.1535,0.5545,-0.4392,0.8631,-0.1048,0.066,0.2592,FOLLOW_ARC
74.992,-0.1018,0.1545,0.5501,-0.4372,0.8661,-0.1048,0.066,0.2574,FOLLOW_ARC
75.012,-0.1013,0.1547,0.5456,-0.4372,0.8661,-0.0971,0.0707,0.2568,FOLLOW_TURN
75.032,-0.1013,0.1547,0.5417,-0.4371,0.8663,-0.0971,0.0707,0.2569,FOLLOW_TURN
75.052,-0.1013,0.1547,0.5382,-0.4371,0.8663,-0.0971,0.0707,0.2569,FOLLOW_TURN
75.072,-0.1014,0.1546,0.5352,-0.4371,0.8663,-0.0971,0.0707,0.2569,FOLLOW_TURN
75.092,-0.1014,0.1546,0.5326,-0.4371,0.8663,-0.0971,0.0707,0.2568,FOLLOW_TURN
75.112,-0.1015,0.1545,0.5305,-0.4371,0.8663,-0.0955,0.0718,0.257,FOLLOW_TURN
75.132,-0.1018,0.1544,0.5289,-0.4371,0.8663,-0.0955,0.0718,0.2572,FOLLOW_TURN
75.152,-0.102,0.1543,0.5278,-0.4371,0.8663,-0.0955,0.0718,0.2574,FOLLOW_TURN
75.172,-0.1022,0.1542,0.5271,-0.4371,0.8663,-0.0955,0.0718,0.2576,FOLLOW_TURN
75.192,-0.1023,0.1541,0.5268,-0.4371,0.8663,-0.0955,0.0718,0.2578,FOLLOW_TURN
75.212,-0.1026,0.1539,0.5271,-0.4371,0.8663,-0.0955,0.0718,0.2581,FOLLOW_TURN
75.232,-0.103,0.1537,0.5278,-0.4371,0.8663,-0.0955,0.0718,0.2585,FOLLOW_TURN
75.252,-0.1033,0.1535,0.529,-0.4371,0.8663,-0.0955,0.0718,0.2589,FOLLOW_TURN
75.272,-0.1036,0.1533,0.5306,-0.4371,0.8663,-0.0955,0.0718,0.2592,FOLLOW_TURN
75.292,-0.1039,0.1531,0.5327,-0.4371,0.8663,-0.0955,0.0718,0.2595,FOLLOW_TURN
75.31,-0.1043,0.1529,0.5353,-0.4371,0.8663,-0.0955,0.0718,0.26,FOLLOW_TURN
75.332,-0.1048,0.1526,0.5383,-0.4371,0.8663,-0.0955,0.0718,0.2606,FOLLOW_TURN
75.352,-0.1053,0.1523,0.5418,-0.4371,0.8663,-0.0955,0.0718,0.2611,FOLLOW_TURN
75.372,-0.1057,0.152,0.5458,-0.4371,0.8663,-0.0955,0.0718,0.2617,FOLLOW_TURN
75.392,-0.1062,0.1518,0.5502,-0.4371,0.8663,-0.0955,0.0718,0.2622,FOLLOW_TURN
75.412,-0.1066,0.1515,0.5551,-0.4371,0.8663,-0.0955,0.0718,0.2628,FOLLOW_TURN
75.432,-0.1071,0.1511,0.5604,-0.4371,0.8663,-0.0955,0.0718,0.2634,FOLLOW_TURN
75.452,-0.1076,0.1509,0.5662,-0.4371,0.8663,-0.0955,0.0718,0.2639,FOLLOW_TURN
75.472,-0.108,0.1506,0.5725,-0.4371,0.8663,-0.0955,0.0718,0.2645,FOLLOW_TURN
75.492,-0.1084,0.1503,0.5793,-0.4371,0.8663,-0.0955,0.0718,0.265,FOLLOW_TURN
75.512,-0.1088,0.1501,0.5865,-0.4371,0.8663,-0.0955,0.0718,0.2655,FOLLOW_TURN
75.532,-0.1092,0.1498,0.5941,-0.4371,0.8663,-0.0955,0.0718,0.266,FOLLOW_TURN
75.552,-0.1095,0.1496,0.6023,-0.4371,0.8663,-0.0955,0.0718,0.2664,FOLLOW_TURN
75.572,-0.1098,0.1494,0.6109,-0.4371,0.8663,-0.0955,0.0718,0.2669,FOLLOW_TURN
75.592,-0.11,0.1493,0.6199,-0.4371,0.8663,-0.0955,0.0718,0.2673,FOLLOW_TURN
75.612,-0.1103,0.1491,0.6295,-0.4371,0.8663,-0.0955,0.0718,0.2676,FOLLOW_TURN
75.632,-0.1105,0.1489,0.6394,-0.4371,0.8663,-0.0955,0.0718,0.268,FOLLOW_TURN
75.652,-0.1106,0.1488,0.6499,-0.4371,0.8663,-0.0955,0.0718,0.2683,FOLLOW_TURN
75.672,-0.1108,0.1487,0.6608,-0.4371,0.8663,-0.0955,0.0718,0.2685,FOLLOW_TURN
75.692,-0.1109,0.1486,0.6722,-0.4371,0.8663,-0.0955,0.0718,0.2688,FOLLOW_TURN
75.712,-0.111,0.1485,0.6841,-0.4371,0.8663,-0.0955,0.0718,0.269,FOLLOW_TURN
75.732,-0.1111,0.1485,0.6961,-0.4371,0.8663,-0.0955,0.0718,0.2692,FOLLOW_TURN
75.752,-0.1112,0.1484,0.7081,-0.4371,0.8663,-0.0955,0.0718,0.2694,FOLLOW_TURN
75.772,-0.1113,0.1483,0.7201,-0.4371,0.8663,-0.0955,0.0718,0.2696,FOLLOW_TURN
75.792,-0.1113,0.1483,0.7321,-0.4371,0.8663,-0.0955,0.0718,0.2698,FOLLOW_TURN
75.812,-0.1114,0.1482,0.7441,-0.4371,0.8663,-0.0955,0.0718,0.27,FOLLOW_TURN
75.832,-0.1115,0.1481,0.7561,-0.4371,0.8663,-0.0955,0.0718,0.2702,FOLLOW_TURN
75.852,-0.1116,0.1481,0.7681,-0.4371,0.8663,-0.0955,0.0718,0.2703,FOLLOW_TURN
75.872,-0.1117,0.148,0.7801,-0.4371,0.8663,-0.0955,0.0718,0.2705,FOLLOW_TURN
75.892,-0.1117,0.1479,0.7921,-0.4371,0.8663,-0.0955,0.0718,0.2707,FOLLOW_TURN
75.912,-0.1118,0.1478,0.8041,-0.4371,0.8663,-0.0955,0.0718,0.2708,FOLLOW_TURN
75.932,-0.1119,0.1478,0.8161,-0.4371,0.8663,-0.0955,0.0718,0.271,FOLLOW_TURN
75.952,-0.112,0.1477,0.8281,-0.4371,0.8663,-0.0955,0.0718,0.2712,FOLLOW_TURN
75.972,-0.112,0.1476,0.8401,-0.4371,0.8663,-0.0955,0.0718,0.2713,FOLLOW_TURN
75.992,-0.1121,0.1475,0.8521,-0.4371,0.8663,-0.0955,0.0718,0.2715,FOLLOW_TURN
76.012,-0.1121,0.1476,0.8638,-0.4371,0.8663,-0.0955,0.0718,0.2714,FOLLOW_TURN
76.032,-0.1117,0.1479,0.8751,-0.437,0.8664,-0.0955,0.0718,0.271,FOLLOW_TURN
76.052,-0.111,0.1486,0.8858,-0.437,0.867,-0.0955,0.0718,0.2701,FOLLOW_ARC
76.072,-0.1103,0.1494,0.896,-0.4368,0.8679,-0.0955,0.0718,0.269,FOLLOW_ARC
76.092,-0.1097,0.1502,0.9057,-0.4365,0.8699,-0.0955,0.0718,0.268,FOLLOW_ARC
76.112,-0.1089,0.1512,0.915,-0.4365,0.8699,-0.0937,0.0739,0.2668,FOLLOW_ARC
76.132,-0.1078,0.1524,0.9237,-0.4364,0.8711,-0.0937,0.0739,0.2652,FOLLOW_ARC
76.152,-0.1066,0.154,0.9319,-0.4362,0.8727,-0.0937,0.0739,0.2632,FOLLOW_ARC
76.172,-0.1054,0.1556,0.9397,-0.436,0.8744,-0.0937,0.0739,0.2612,FOLLOW_ARC
76.192,-0.1042,0.1572,0.947,-0.4358,0.8762,-0.0937,0.0739,0.2592,FOLLOW_ARC
76.212,-0.1029,0.1589,0.9537,-0.4354,0.8798,-0.0893,0.0797,0.2571,FOLLOW_ARC
76.232,-0.1017,0.1608,0.96,-0.4354,0.8798,-0.0893,0.0797,0.2548,FOLLOW_ARC
76.252,-0.1004,0.1626,0.9659,-0.4352,0.8816,-0.0893,0.0797,0.2526,FOLLOW_ARC
76.272,-0.0992,0.1644,0.9713,-0.4348,0.8852,-0.0893,0.0797,0.2504,FOLLOW_ARC
76.292,-0.0979,0.1662,0.9762,-0.4348,0.8852,-0.0893,0.0797,0.2483,FOLLOW_ARC
76.312,-0.0966,0.1681,0.9806,-0.4346,0.887,-0.0841,0.0871,0.246,FOLLOW_ARC
76.332,-0.0953,0.1701,0.9845,-0.4344,0.8888,-0.0841,0.0871,0.2436,FOLLOW_ARC
76.352,-0.094,0.172,0.988,-0.4342,0.8905,-0.0841,0.0871,0.2412,FOLLOW_ARC
76.372,-0.0927,0.174,0.991,-0.4338,0.8941,-0.0841,0.0871,0.2389,FOLLOW_ARC
76.392,-0.0915,0.1759,0.9936,-0.4338,0.8941,-0.0841,0.0871,0.2366,FOLLOW_ARC
76.412,-0.0911,0.1766,0.9958,-0.4336,0.8959,-0.0791,0.0946,0.2358,FOLLOW_TURN
76.432,-0.0911,0.1767,0.9975,-0.4335,0.8961,-0.0791,0.0946,0.2357,FOLLOW_TURN
76.452,-0.091,0.1768,0.9988,-0.4335,0.8961,-0.0791,0.0946,0.2355,FOLLOW_TURN
76.472,-0.0909,0.1769,0.9996,-0.4335,0.8961,-0.0791,0.0946,0.2355,FOLLOW_TURN
76.492,-0.0909,0.1769,0.9999,-0.4335,0.8961,-0.0791,0.0946,0.2354,FOLLOW_TURN
76.512,-0.091,0.1768,1.0002,-0.4335,0.8961,-0.0781,0.0962,0.2356,FOLLOW_TURN
76.532,-0.0912,0.1766,1.001,-0.4335,0.8961,-0.0781,0.0962,0.2359,FOLLOW_TURN
76.552,-0.0913,0.1764,1.0022,-0.4335,0.8961,-0.0781,0.0962,0.2361,FOLLOW_TURN
76.572,-0.0914,0.1762,1.004,-0.4335,0.8961,-0.0781,0.0962,0.2363,FOLLOW_TURN
76.592,-0.0915,0.1761,1.0061,-0.4335,0.8961,-0.0781,0.0962,0.2365,FOLLOW_TURN
76.612,-0.0917,0.1758,1.0088,-0.4335,0.8961,-0.0781,0.0962,0.2368,FOLLOW_TURN
76.632,-0.0919,0.1755,1.0119,-0.4335,0.8961,-0.0781,0.0962,0.2372,FOLLOW_TURN
76.652,-0.0921,0.1751,1.0155,-0.4335,0.8961,-0.0781,0.0962,0.2376,FOLLOW_TURN
76.672,-0.0923,0.1748,1.0195,-0.4335,0.8961,-0.0781,0.0962,0.2379,FOLLOW_TURN
76.692,-0.0925,0.1746,1.0241,-0.4335,0.8961,-0.0781,0.0962,0.2382,FOLLOW_TURN
76.712,-0.0927,0.1742,1.029,-0.4335,0.8961,-0.0781,0.0962,0.2387,FOLLOW_TURN
76.732,-0.093,0.1737,1.0345,-0.4335,0.8961,-0.0781,0.0962,0.2392,FOLLOW_TURN
76.752,-0.0933,0.1732,1.0404,-0.4335,0.8961,-0.0781,0.0962,0.2398,FOLLOW_TURN
76.772,-0.0935,0.1728,1.0468,-0.4335,0.8961,-0.0781,0.0962,0.2403,FOLLOW_TURN
76.792,-0.0938,0.1724,1.0537,-0.4335,0.8961,-0.0781,0.0962,0.2407,FOLLOW_TURN
76.812,-0.094,0.172,1.061,-0.4335,0.8961,-0.0781,0.0962,0.2411,FOLLOW_TURN
76.832,-0.0942,0.1716,1.0687,-0.4335,0.8961,-0.0781,0.0962,0.2415,FOLLOW_TURN
76.852,-0.0944,0.1713,1.0769,-0.4335,0.8961,-0.0781,0.0962,0.2419,FOLLOW_TURN
76.872,-0.0946,0.171,1.0856,-0.4335,0.8961,-0.0781,0.0962,0.2422,FOLLOW_TURN
76.892,-0.0947,0.1707,1.0947,-0.4335,0.8961,-0.0781,0.0962,0.2425,FOLLOW_TURN
76.912,-0.0948,0.1705,1.1042,-0.4335,0.8961,-0.0781,0.0962,0.2427,FOLLOW_TURN
76.932,-0.0949,0.1702,1.1142,-0.4335,0.8961,-0.0781,0.0962,0.2429,FOLLOW_TURN
76.952,-0.095,0.1701,1.1247,-0.4335,0.8961,-0.0781,0.0962,0.2431,FOLLOW_TURN
76.972,-0.0951,0.1699,1.1356,-0.4335,0.8961,-0.0781,0.0962,0.2432,FOLLOW_TURN
76.992,-0.0952,0.1697,1.1469,-0.4335,0.8961,-0.0781,0.0962,0.2433,FOLLOW_TURN
77.012,-0.0952,0.1696,1.1587,-0.4335,0.8961,-0.0781,0.0962,0.2434,FOLLOW_TURN
77.032,-0.0953,0.1695,1.1707,-0.4335,0.8961,-0.0781,0.0962,0.2434,FOLLOW_TURN
77.052,-0.0953,0.1694,1.1827,-0.4335,0.8961,-0.0781,0.0962,0.2434,FOLLOW_TURN
77.072,-0.0954,0.1693,1.1947,-0.4335,0.8961,-0.0781,0.0962,0.2435,FOLLOW_TURN
77.092,-0.0954,0.1692,1.2067,-0.4335,0.8961,-0.0781,0.0962,0.2435,FOLLOW_TURN
77.112,-0.0955,0.1691,1.2187,-0.4335,0.8961,-0.0781,0.0962,0.2435,FOLLOW_TURN
77.132,-0.0955,0.169,1.2307,-0.4335,0.8961,-0.0781,0.0962,0.2435,FOLLOW_TURN
77.152,-0.0955,0.1689,1.2427,-0.4335,0.8961,-0.0781,0.0962,0.2435,FOLLOW_TURN
77.172,-0.0956,0.1688,1.2547,-0.4335,0.8961,-0.0781,0.0962,0.2435,FOLLOW_TURN
77.192,-0.0956,0.1687,1.2667,-0.4335,0.8961,-0.0781,0.0962,0.2435,FOLLOW_TURN
77.212,-0.0957,0.1686,1.2787,-0.4335,0.8961,-0.0781,0.0962,0.2435,FOLLOW_TURN
77.232,-0.0957,0.1685,1.2907,-0.4335,0.8961,-0.0781,0.0962,0.2435,FOLLOW_TURN
77.252,-0.0957,0.1684,1.3027,-0.4335,0.8961,-0.0781,0.0962,0.2435,FOLLOW_TURN
77.272,-0.0957,0.1683,1.3147,-0.4335,0.8961,-0.0781,0.0962,0.2435,FOLLOW_TURN
77.292,-0.0958,0.1682,1.3267,-0.4335,0.8961,-0.0781,0.0962,0.2435,FOLLOW_TURN
77.312,-0.0958,0.1681,1.3387,-0.4335,0.8961,-0.0781,0.0962,0.2434,FOLLOW_TURN
77.332,-0.0958,0.168,1.3507,-0.4335,0.8961,-0.0781,0.0962,0.2434,FOLLOW_TURN
77.352,-0.0959,0.1679,1.3627,-0.4335,0.8961,-0.0781,0.0962,0.2434,FOLLOW_TURN
77.372,-0.0959,0.1678,1.3747,-0.4335,0.8961,-0.0781,0.0962,0.2433,FOLLOW_TURN
77.392,-0.0959,0.1677,1.3867,-0.4335,0.8961,-0.0781,0.0962,0.2433,FOLLOW_TURN
77.412,-0.0959,0.1676,1.3987,-0.4335,0.8961,-0.0781,0.0962,0.2432,FOLLOW_TURN
77.432,-0.096,0.1675,1.4107,-0.4335,0.8961,-0.0781,0.0962,0.2432,FOLLOW_TURN
77.452,-0.096,0.1674,1.4227,-0.4335,0.8961,-0.0781,0.0962,0.2431,FOLLOW_TURN
77.472,-0.096,0.1673,1.4347,-0.4335,0.8961,-0.0781,0.0962,0.2431,FOLLOW_TURN
77.492,-0.096,0.1672,1.4467,-0.4335,0.8961,-0.0781,0.0962,0.243,FOLLOW_TURN
77.512,-0.096,0.1671,1.4587,-0.4335,0.8961,-0.0781,0.0962,0.2429,FOLLOW_TURN
77.532,-0.096,0.167,1.4707,-0.4335,0.8961,-0.0781,0.0962,0.2429,FOLLOW_TURN
77.552,-0.0961,0.1669,1.4827,-0.4335,0.8961,-0.0781,0.0962,0.2428,FOLLOW_TURN
77.572,-0.0961,0.1667,1.4947,-0.4335,0.8961,-0.0781,0.0962,0.2427,FOLLOW_TURN
77.592,-0.0961,0.1666,1.5067,-0.4335,0.8961,-0.0781,0.0962,0.2426,FOLLOW_TURN
77.612,-0.0961,0.1665,1.5187,-0.4335,0.8961,-0.0781,0.0962,0.2425,FOLLOW_TURN
77.632,-0.0961,0.1664,1.5307,-0.4335,0.8961,-0.0781,0.0962,0.2424,FOLLOW_TURN
77.652,-0.0961,0.1663,1.5427,-0.4335,0.8961,-0.0781,0.0962,0.2423,FOLLOW_TURN
77.672,-0.0961,0.1662,1.5547,-0.4335,0.8961,-0.0781,0.0962,0.2422,FOLLOW_TURN
77.692,-0.0961,0.1661,1.5667,-0.4335,0.8961,-0.0781,0.0962,0.2421,FOLLOW_TURN
77.712,-0.0961,0.166,1.5787,-0.4335,0.8961,-0.0781,0.0962,0.242,FOLLOW_TURN
77.732,-0.0961,0.1659,1.5907,-0.4335,0.8961,-0.0781,0.0962,0.2419,FOLLOW_TURN
77.752,-0.0961,0.1658,1.6027,-0.4335,0.8961,-0.0781,0.0962,0.2418,FOLLOW_TURN
77.772,-0.0961,0.1657,1.6147,-0.4335,0.8961,-0.0781,0.0962,0.2416,FOLLOW_TURN
77.792,-0.0961,0.1656,1.6267,-0.4335,0.8961,-0.0781,0.0962,0.2415,FOLLOW_TURN
77.812,-0.0961,0.1655,1.6387,-0.4335,0.8961,-0.0781,0.0962,0.2414,FOLLOW_TURN
77.832,-0.0961,0.1653,1.6507,-0.4335,0.8961,-0.0781,0.0962,0.2412,FOLLOW_TURN
77.852,-0.0961,0.1652,1.6627,-0.4335,0.8961,-0.0781,0.0962,0.2411,FOLLOW_TURN
77.872,-0.0961,0.1651,1.6747,-0.4335,0.8961,-0.0781,0.0962,0.2409,FOLLOW_TURN
77.892,-0.0961,0.165,1.6867,-0.4335,0.8961,-0.0781,0.0962,0.2408,FOLLOW_TURN
77.912,-0.0961,0.1649,1.6987,-0.4335,0.8961,-0.0781,0.0962,0.2406,FOLLOW_TURN
77.932,-0.0961,0.1648,1.7107,-0.4335,0.8961,-0.0781,0.0962,0.2405,FOLLOW_TURN
77.952,-0.0961,0.1647,1.7227,-0.4335,0.8961,-0.0781,0.0962,0.2403,FOLLOW_TURN
77.972,-0.096,0.1646,1.7347,-0.4335,0.8961,-0.0781,0.0962,0.2401,FOLLOW_TURN
77.992,-0.096,0.1645,1.7467,-0.4335,0.8961,-0.0781,0.0962,0.24,FOLLOW_TURN
78.012,-0.0961,0.1645,1.7585,-0.4335,0.8961,-0.0781,0.0962,0.2397,FOLLOW_TURN
78.032,-0.0962,0.1649,1.7699,-0.434,0.8967,-0.0781,0.0962,0.2393,FOLLOW_TURN
78.052,-0.0965,0.1655,1.7808,-0.434,0.8967,-0.0781,0.0962,0.2386,FOLLOW
78.072,-0.0967,0.1664,1.7913,-0.4347,0.8974,-0.0781,0.0962,0.2377,FOLLOW
78.092,-0.0969,0.1675,1.8014,-0.4353,0.8981,-0.0781,0.0962,0.2367,FOLLOW
78.112,-0.0973,0.1686,1.8111,-0.4368,0.8997,-0.0786,0.0989,0.2357,FOLLOW
78.132,-0.0978,0.1701,1.8203,-0.4368,0.8997,-0.0786,0.0989,0.2345,FOLLOW
78.152,-0.0983,0.1719,1.8291,-0.4379,0.9008,-0.0786,0.0989,0.2331,FOLLOW
78.172,-0.0989,0.174,1.8374,-0.4392,0.9022,-0.0786,0.0989,0.2314,FOLLOW
78.192,-0.0995,0.1761,1.8453,-0.4406,0.9037,-0.0786,0.0989,0.2297,FOLLOW
78.212,-0.1002,0.1784,1.8528,-0.442,0.9051,-0.0805,0.1063,0.228,FOLLOW
78.232,-0.1011,0.181,1.8598,-0.4435,0.9067,-0.0805,0.1063,0.2262,FOLLOW
78.252,-0.1021,0.1839,1.8663,-0.4453,0.9085,-0.0805,0.1063,0.2241,FOLLOW
78.272,-0.1031,0.1871,1.8724,-0.4474,0.9106,-0.0805,0.1063,0.2219,FOLLOW
78.292,-0.1041,0.1903,1.8781,-0.4495,0.9128,-0.0805,0.1063,0.2196,FOLLOW
78.312,-0.1052,0.1937,1.8833,-0.4516,0.9149,-0.0841,0.1185,0.2173,FOLLOW
78.332,-0.1063,0.1971,1.8881,-0.4537,0.9171,-0.0841,0.1185,0.215,FOLLOW
78.352,-0.1074,0.2005,1.8925,-0.4558,0.9193,-0.0841,0.1185,0.2127,FOLLOW
78.372,-0.1086,0.2038,1.8964,-0.46,0.9237,-0.0841,0.1185,0.2105,FOLLOW
78.392,-0.1097,0.2072,1.9,-0.46,0.9237,-0.0888,0.1329,0.2083,FOLLOW
78.412,-0.1108,0.2105,1.9031,-0.4621,0.9259,-0.0888,0.1329,0.2062,FOLLOW
78.432,-0.1121,0.214,1.9057,-0.4667,0.9308,-0.0888,0.1329,0.204,FOLLOW
78.452,-0.1133,0.2174,1.908,-0.4667,0.9308,-0.0888,0.1329,0.2018,FOLLOW
78.472,-0.1145,0.2209,1.9098,-0.4691,0.9333,-0.0888,0.1329,0.1997,FOLLOW
78.492,-0.1157,0.2243,1.9111,-0.4714,0.9358,-0.0888,0.1329,0.1977,FOLLOW
78.512,-0.1169,0.2277,1.9121,-0.4762,0.9409,-0.0942,0.1487,0.1957,FOLLOW
78.532,-0.1181,0.231,1.9126,-0.4762,0.9409,-0.0942,0.1487,0.1937,FOLLOW
78.552,-0.1193,0.2344,1.9127,-0.4786,0.9434,-0.0942,0.1487,0.1918,FOLLOW
78.572,-0.1204,0.2377,1.9124,-0.481,0.9459,-0.0942,0.1487,0.19,FOLLOW
78.592,-0.1216,0.2409,1.9117,-0.4833,0.9485,-0.0942,0.1487,0.1881,FOLLOW
78.612,-0.1227,0.2441,1.9113,-0.4857,0.951,-0.1,0.1651,0.1864,FOLLOW
78.632,-0.1238,0.2472,1.9113,-0.488,0.9535,-0.1,0.1651,0.1847,FOLLOW
78.652,-0.1249,0.2504,1.9118,-0.4903,0.956,-0.1,0.1651,0.1829,FOLLOW
78.672,-0.1261,0.2536,1.9126,-0.4927,0.9585,-0.1,0.1651,0.1812,FOLLOW
78.692,-0.1272,0.2568,1.9137,-0.495,0.9609,-0.1,0.1651,0.1794,FOLLOW
78.712,-0.1284,0.26,1.9147,-0.4973,0.9634,-0.1057,0.1812,0.1777,FOLLOW
78.732,-0.1295,0.2632,1.9157,-0.4997,0.9659,-0.1057,0.1812,0.176,FOLLOW
78.752,-0.1306,0.2663,1.9167,-0.502,0.9683,-0.1057,0.1812,0.1743,FOLLOW
78.772,-0.1318,0.2695,1.9177,-0.5043,0.9708,-0.1057,0.1812,0.1727,FOLLOW
78.792,-0.1329,0.2727,1.9187,-0.5067,0.9733,-0.1057,0.1812,0.1711,FOLLOW
78.812,-0.134,0.2756,1.9199,-0.509,0.9757,-0.1114,0.1972,0.1696,FOLLOW
78.832,-0.135,0.2784,1.9216,-0.5111,0.978,-0.1114,0.1972,0.1682,FOLLOW
78.852,-0.136,0.2812,1.9236,-0.5133,0.9802,-0.1114,0.1972,0.1668,FOLLOW
78.872,-0.137,0.284,1.9261,-0.5154,0.9824,-0.1114,0.1972,0.1653,FOLLOW
78.892,-0.1381,0.2868,1.9289,-0.5175,0.9845,-0.1114,0.1972,0.1639,FOLLOW
78.912,-0.1392,0.2896,1.9317,-0.5196,0.9867,-0.1168,0.2118,0.1626,FOLLOW
78.932,-0.1402,0.2924,1.9345,-0.5218,0.9889,-0.1168,0.2118,0.1612,FOLLOW
78.952,-0.1413,0.2953,1.9373,-0.5239,0.9911,-0.1168,0.2118,0.1599,FOLLOW
78.972,-0.1424,0.2981,1.94,-0.526,0.9932,-0.1168,0.2118,0.1585,FOLLOW
78.992,-0.1435,0.3009,1.9428,-0.5282,0.9954,-0.1168,0.2118,0.1572,FOLLOW
79.012,-0.1445,0.3036,1.9458,-0.5303,0.9975,-0.1222,0.2261,0.156,FOLLOW
79.032,-0.1456,0.3063,1.9492,-0.5324,0.9996,-0.1222,0.2261,0.1548,FOLLOW
79.052,-0.1467,0.3089,1.9526,-0.5345,1.0016,-0.1222,0.2261,0.1536,FOLLOW
79.072,-0.1478,0.3116,1.956,-0.5366,1.0036,-0.1222,0.2261,0.1525,FOLLOW
79.092,-0.1488,0.3143,1.9595,-0.5387,1.0057,-0.1222,0.2261,0.1513,FOLLOW
79.112,-0.1499,0.3169,1.9629,-0.5408,1.0077,-0.1276,0.2397,0.1502,FOLLOW
79.132,-0.151,0.3196,1.9663,-0.545,1.0117,-0.1276,0.2397,0.1491,FOLLOW
79.152,-0.1522,0.3223,1.9698,-0.545,1.0117,-0.1276,0.2397,0.148,FOLLOW
79.172,-0.1533,0.3249,1.9732,-0.5471,1.0137,-0.1276,0.2397,0.147,FOLLOW
79.192,-0.1544,0.3276,1.9766,-0.5514,1.0177,-0.1332,0.2532,0.146,FOLLOW
79.212,-0.1555,0.3301,1.9803,-0.5514,1.0177,-0.1332,0.2532,0.145,FOLLOW
79.232,-0.1566,0.3326,1.9843,-0.5534,1.0196,-0.1332,0.2532,0.1441,FOLLOW
79.252,-0.1577,0.3351,1.9884,-0.5555,1.0215,-0.1332,0.2532,0.1432,FOLLOW
79.272,-0.1588,0.3376,1.9925,-0.5575,1.0233,-0.1332,0.2532,0.1423,FOLLOW
79.292,-0.16,0.3401,1.9965,-0.5617,1.0271,-0.1388,0.2661,0.1414,FOLLOW
79.312,-0.1611,0.3426,2.0006,-0.5617,1.0271,-0.1388,0.2661,0.1406,FOLLOW
79.332,-0.1623,0.3451,2.0047,-0.5638,1.0289,-0.1388,0.2661,0.1397,FOLLOW
79.352,-0.1634,0.3476,2.0087,-0.568,1.0326,-0.1388,0.2661,0.1389,FOLLOW
79.372,-0.1646,0.3501,2.0128,-0.568,1.0326,-0.1388,0.2661,0.1382,FOLLOW
79.392,-0.1658,0.3526,2.0169,-0.5701,1.0344,-0.1388,0.2661,0.1374,FOLLOW
79.412,-0.1669,0.355,2.0212,-0.5722,1.0362,-0.1446,0.2787,0.1367,FOLLOW
79.432,-0.1681,0.3574,2.0256,-0.5743,1.038,-0.1446,0.2787,0.1361,FOLLOW
79.452,-0.1693,0.3598,2.03,-0.5763,1.0397,-0.1446,0.2787,0.1354,FOLLOW
79.472,-0.1705,0.3622,2.0344,-0.5784,1.0415,-0.1446,0.2787,0.1348,FOLLOW
79.492,-0.1717,0.3646,2.0388,-0.5805,1.0432,-0.1446,0.2787,0.1342,FOLLOW
79.512,-0.1729,0.367,2.0432,-0.5826,1.0449,-0.1506,0.291,0.1336,FOLLOW
79.532,-0.1741,0.3694,2.0477,-0.5847,1.0466,-0.1506,0.291,0.1331,FOLLOW
79.552,-0.1754,0.3718,2.0521,-0.5868,1.0484,-0.1506,0.291,0.1325,FOLLOW
79.572,-0.1766,0.3741,2.0565,-0.589,1.05,-0.1506,0.291,0.132,FOLLOW
79.592,-0.1779,0.3765,2.0609,-0.5911,1.0517,-0.1506,0.291,0.1316,FOLLOW
79.612,-0.1791,0.3788,2.0654,-0.5932,1.0534,-0.1568,0.3031,0.1311,FOLLOW
79.632,-0.1804,0.3812,2.07,-0.5954,1.0551,-0.1568,0.3031,0.1307,FOLLOW
79.652,-0.1817,0.3835,2.0745,-0.5975,1.0567,-0.1568,0.3031,0.1303,FOLLOW
79.672,-0.1829,0.3858,2.0791,-0.5996,1.0583,-0.1568,0.3031,0.13,FOLLOW
79.692,-0.1842,0.3881,2.0836,-0.6039,1.0616,-0.1568,0.3031,0.1297,FOLLOW
79.712,-0.1855,0.3904,2.0881,-0.6039,1.0616,-0.1646,0.3173,0.1294,FOLLOW
79.732,-0.1869,0.3927,2.0927,-0.6061,1.0632,-0.1646,0.3173,0.1291,FOLLOW
79.752,-0.1882,0.395,2.0972,-0.6083,1.0648,-0.1646,0.3173,0.1288,FOLLOW
79.772,-0.1895,0.3973,2.1017,-0.6104,1.0664,-0.1646,0.3173,0.1286,FOLLOW
79.792,-0.1909,0.3996,2.1063,-0.6148,1.0695,-0.1646,0.3173,0.1284,FOLLOW
79.812,-0.1923,0.4019,2.1107,-0.6171,1.0711,-0.1699,0.3266,0.1283,FOLLOW
79.832,-0.1936,0.4042,2.115,-0.6193,1.0726,-0.1699,0.3266,0.1282,FOLLOW
79.852,-0.195,0.4065,2.1193,-0.6193,1.0726,-0.1699,0.3266,0.1281,FOLLOW
79.872,-0.1965,0.4088,2.1236,-0.6215,1.0742,-0.1699,0.3266,0.128,FOLLOW
79.892,-0.1979,0.4111,2.1279,-0.6238,1.0757,-0.1699,0.3266,0.128,FOLLOW
79.912,-0.1993,0.4134,2.1322,-0.6283,1.0788,-0.177,0.3383,0.1279,FOLLOW
79.932,-0.2008,0.4157,2.1366,-0.6283,1.0788,-0.177,0.3383,0.128,FOLLOW
79.952,-0.2022,0.418,2.1409,-0.6329,1.0819,-0.177,0.3383,0.128,FOLLOW
79.972,-0.2037,0.4202,2.1452,-0.6329,1.0819,-0.177,0.3383,0.1281,FOLLOW
79.992,-0.2051,0.4225,2.1495,-0.6352,1.0834,-0.177,0.3383,0.1282,FOLLOW
80.012,-0.2066,0.4248,2.1537,-0.6375,1.0848,-0.1843,0.3499,0.1283,FOLLOW
80.032,-0.2081,0.427,2.158,-0.6421,1.0878,-0.1843,0.3499,0.1285,FOLLOW
80.052,-0.2096,0.4293,2.1622,-0.6421,1.0878,-0.1843,0.3499,0.1287,FOLLOW
80.072,-0.2112,0.4315,2.1664,-0.6444,1.0893,-0.1843,0.3499,0.1289,FOLLOW
80.092,-0.2127,0.4338,2.1707,-0.6468,1.0907,-0.1919,0.3613,0.1291,FOLLOW
80.112,-0.2142,0.436,2.1749,-0.6491,1.0922,-0.1919,0.3613,0.1294,FOLLOW
80.132,-0.2158,0.4382,2.1791,-0.6515,1.0936,-0.1919,0.3613,0.1297,FOLLOW
80.152,-0.2173,0.4405,2.1833,-0.6538,1.0951,-0.1919,0.3613,0.13,FOLLOW
80.172,-0.2189,0.4427,2.1876,-0.6562,1.0965,-0.1919,0.3613,0.1304,FOLLOW
80.192,-0.2205,0.4449,2.1918,-0.6585,1.0979,-0.1919,0.3613,0.1308,FOLLOW
80.212,-0.2221,0.4471,2.1959,-0.6609,1.0993,-0.1997,0.3727,0.1312,FOLLOW
80.232,-0.2237,0.4494,2.1999,-0.6633,1.1007,-0.1997,0.3727,0.1317,FOLLOW
80.252,-0.2253,0.4516,2.2039,-0.6657,1.1021,-0.1997,0.3727,0.1322,FOLLOW
80.272,-0.227,0.4538,2.2079,-0.6682,1.1035,-0.1997,0.3727,0.1327,FOLLOW
80.292,-0.2286,0.4561,2.2119,-0.6706,1.1049,-0.1997,0.3727,0.1332,FOLLOW
80.312,-0.2303,0.4583,2.2159,-0.673,1.1063,-0.2079,0.384,0.1338,FOLLOW
80.332,-0.232,0.4605,2.2199,-0.6755,1.1077,-0.2079,0.384,0.1344,FOLLOW
80.352,-0.2336,0.4627,2.2239,-0.6779,1.109,-0.2079,0.384,0.135,FOLLOW
80.372,-0.2353,0.4649,2.2279,-0.6804,1.1104,-0.2079,0.384,0.1357,FOLLOW
80.392,-0.237,0.467,2.2319,-0.6828,1.1117,-0.2079,0.384,0.1363,FOLLOW
80.412,-0.2386,0.4691,2.2361,-0.6853,1.113,-0.2163,0.3951,0.137,FOLLOW
80.432,-0.2403,0.4712,2.2407,-0.6877,1.1143,-0.2163,0.3951,0.1377,FOLLOW
80.452,-0.2419,0.4732,2.2454,-0.69,1.1155,-0.2163,0.3951,0.1384,FOLLOW
80.472,-0.2435,0.4753,2.25,-0.6924,1.1168,-0.2163,0.3951,0.1391,FOLLOW
80.492,-0.2452,0.4773,2.2547,-0.6948,1.118,-0.2163,0.3951,0.1398,FOLLOW
80.512,-0.2469,0.4794,2.2593,-0.6972,1.1192,-0.2247,0.4057,0.1406,FOLLOW
80.532,-0.2485,0.4814,2.264,-0.6995,1.1204,-0.2247,0.4057,0.1414,FOLLOW
80.552,-0.2502,0.4834,2.2686,-0.7019,1.1216,-0.2247,0.4057,0.1422,FOLLOW
80.572,-0.2519,0.4854,2.2733,-0.7043,1.1228,-0.2247,0.4057,0.1431,FOLLOW
80.592,-0.2536,0.4874,2.2779,-0.7067,1.1239,-0.2247,0.4057,0.144,FOLLOW
80.612,-0.2555,0.4895,2.2823,-0.7091,1.1251,-0.2332,0.416,0.145,FOLLOW
80.632,-0.2574,0.4918,2.2862,-0.7117,1.1263,-0.2332,0.416,0.1461,FOLLOW
80.652,-0.2594,0.4941,2.2897,-0.7144,1.1276,-0.2332,0.416,0.1472,FOLLOW
80.672,-0.2614,0.4963,2.2927,-0.7171,1.1289,-0.2332,0.416,0.1484,FOLLOW
80.692,-0.2634,0.4986,2.2957,-0.7199,1.1301,-0.2332,0.416,0.1496,FOLLOW
80.712,-0.2653,0.5008,2.2987,-0.7226,1.1314,-0.2427,0.427,0.1508,FOLLOW
80.732,-0.2673,0.503,2.3017,-0.7253,1.1326,-0.2427,0.427,0.152,FOLLOW
80.752,-0.2693,0.5052,2.3047,-0.728,1.1339,-0.2427,0.427,0.1533,FOLLOW
80.772,-0.2713,0.5074,2.3077,-0.7308,1.1351,-0.2427,0.427,0.1546,FOLLOW
80.792,-0.2733,0.5096,2.3107,-0.7335,1.1363,-0.2427,0.427,0.1559,FOLLOW
80.812,-0.2753,0.5118,2.3136,-0.7363,1.1375,-0.2527,0.4382,0.1572,FOLLOW
80.832,-0.2774,0.514,2.3165,-0.739,1.1388,-0.2527,0.4382,0.1586,FOLLOW
80.852,-0.2794,0.5162,2.3194,-0.7418,1.14,-0.2527,0.4382,0.16,FOLLOW
80.872,-0.2814,0.5184,2.3223,-0.7446,1.1412,-0.2527,0.4382,0.1614,FOLLOW
80.892,-0.2835,0.5206,2.3251,-0.7501,1.1435,-0.2527,0.4382,0.1629,FOLLOW
80.912,-0.2855,0.5228,2.328,-0.7501,1.1435,-0.265,0.4515,0.1643,FOLLOW
80.932,-0.2876,0.525,2.3309,-0.7529,1.1447,-0.265,0.4515,0.1658,FOLLOW
80.952,-0.2897,0.5271,2.3337,-0.7557,1.1459,-0.265,0.4515,0.1673,FOLLOW
80.972,-0.2918,0.5293,2.3366,-0.7613,1.1482,-0.265,0.4515,0.1688,FOLLOW
80.992,-0.2938,0.5315,2.3395,-0.7613,1.1482,-0.265,0.4515,0.1704,FOLLOW
81.012,-0.2961,0.5338,2.3421,-0.7641,1.1493,-0.2733,0.4603,0.1721,FOLLOW
81.032,-0.2984,0.5362,2.3443,-0.7671,1.1505,-0.2733,0.4603,0.1739,FOLLOW
81.052,-0.3008,0.5386,2.3459,-0.7702,1.1518,-0.2733,0.4603,0.1758,FOLLOW
81.072,-0.3031,0.541,2.3472,-0.7733,1.1531,-0.2733,0.4603,0.1776,FOLLOW
81.092,-0.3055,0.5434,2.3484,-0.7764,1.1543,-0.2733,0.4603,0.1795,FOLLOW
81.112,-0.3078,0.5458,2.3496,-0.7795,1.1556,-0.2847,0.4719,0.1814,FOLLOW
81.132,-0.3102,0.5482,2.3509,-0.7826,1.1568,-0.2847,0.4719,0.1833,FOLLOW
81.152,-0.3125,0.5505,2.3521,-0.7858,1.158,-0.2847,0.4719,0.1853,FOLLOW
81.172,-0.3149,0.5529,2.3533,-0.7889,1.1593,-0.2847,0.4719,0.1873,FOLLOW
81.192,-0.3172,0.5553,2.3545,-0.792,1.1605,-0.2847,0.4719,0.1892,FOLLOW
81.212,-0.3197,0.5577,2.3555,-0.7951,1.1617,-0.2965,0.4839,0.1913,FOLLOW
81.232,-0.3222,0.5602,2.356,-0.8015,1.1642,-0.2965,0.4839,0.1935,FOLLOW
81.252,-0.3247,0.5627,2.3561,-0.8015,1.1642,-0.2965,0.4839,0.1956,FOLLOW
81.272,-0.3271,0.5652,2.3556,-0.8047,1.1655,-0.2965,0.4839,0.1978,FOLLOW
81.292,-0.3295,0.5676,2.3548,-0.8078,1.1668,-0.2965,0.4839,0.1999,FOLLOW
81.312,-0.332,0.57,2.3539,-0.811,1.168,-0.3085,0.4959,0.2021,FOLLOW
81.332,-0.3344,0.5724,2.353,-0.8142,1.1693,-0.3085,0.4959,0.2043,FOLLOW
81.352,-0.3368,0.5749,2.3521,-0.8205,1.1718,-0.3085,0.4959,0.2065,FOLLOW
81.372,-0.3392,0.5773,2.3512,-0.8205,1.1718,-0.3085,0.4959,0.2087,FOLLOW
81.392,-0.3416,0.5797,2.3503,-0.8237,1.1731,-0.3085,0.4959,0.2109,FOLLOW
81.412,-0.3439,0.5821,2.3491,-0.8269,1.1744,-0.3205,0.5081,0.2131,FOLLOW
81.432,-0.3462,0.5844,2.3476,-0.8299,1.1756,-0.3205,0.5081,0.2152,FOLLOW
81.452,-0.3485,0.5867,2.3457,-0.8358,1.178,-0.3205,0.5081,0.2173,FOLLOW
81.472,-0.3507,0.589,2.3437,-0.8358,1.178,-0.3205,0.5081,0.2195,FOLLOW
81.492,-0.353,0.5914,2.3418,-0.8388,1.1792,-0.3205,0.5081,0.2216,FOLLOW
81.512,-0.3553,0.5937,2.3399,-0.8418,1.1805,-0.3319,0.5197,0.2238,FOLLOW
81.532,-0.3575,0.596,2.338,-0.8448,1.1817,-0.3319,0.5197,0.226,FOLLOW
81.552,-0.3597,0.5983,2.3361,-0.8477,1.1829,-0.3319,0.5197,0.2281,FOLLOW
81.572,-0.362,0.6007,2.3342,-0.8507,1.1842,-0.3319,0.5197,0.2303,FOLLOW
81.592,-0.3642,0.603,2.3323,-0.8537,1.1854,-0.3319,0.5197,0.2325,FOLLOW
81.612,-0.3662,0.6051,2.3302,-0.8566,1.1867,-0.3431,0.5313,0.2345,FOLLOW
81.632,-0.3682,0.6072,2.3276,-0.8591,1.1877,-0.3431,0.5313,0.2364,FOLLOW
81.652,-0.3701,0.6092,2.3245,-0.8615,1.1888,-0.3431,0.5313,0.2384,FOLLOW
81.672,-0.372,0.6112,2.321,-0.8639,1.1898,-0.3431,0.5313,0.2403,FOLLOW
81.692,-0.3738,0.6132,2.317,-0.8663,1.1909,-0.3431,0.5313,0.2422,FOLLOW
81.712,-0.3756,0.6152,2.3126,-0.8687,1.192,-0.3525,0.5413,0.2441,FOLLOW
81.732,-0.3774,0.6172,2.3077,-0.8734,1.1942,-0.3525,0.5413,0.246,FOLLOW
81.752,-0.3792,0.6191,2.3028,-0.8734,1.1942,-0.3525,0.5413,0.2479,FOLLOW
81.772,-0.381,0.6211,2.2979,-0.8758,1.1953,-0.3525,0.5413,0.2497,FOLLOW
81.792,-0.3828,0.6231,2.293,-0.8782,1.1964,-0.3525,0.5413,0.2516,FOLLOW
81.812,-0.3844,0.625,2.2879,-0.8826,1.1985,-0.3613,0.5511,0.2534,FOLLOW
81.832,-0.386,0.6268,2.2823,-0.8826,1.1985,-0.3613,0.5511,0.2551,FOLLOW
81.852,-0.3875,0.6286,2.2763,-0.8847,1.1996,-0.3613,0.5511,0.2568,FOLLOW
81.872,-0.389,0.6304,2.2698,-0.8867,1.2006,-0.3613,0.5511,0.2585,FOLLOW
81.892,-0.3906,0.6322,2.2633,-0.8887,1.2016,-0.3613,0.5511,0.2602,FOLLOW
81.912,-0.392,0.634,2.2567,-0.8928,1.2038,-0.369,0.56,0.2619,FOLLOW
81.932,-0.3935,0.6359,2.2502,-0.8928,1.2038,-0.369,0.56,0.2635,FOLLOW
81.952,-0.395,0.6377,2.2437,-0.8968,1.206,-0.369,0.56,0.2652,FOLLOW
81.972,-0.3965,0.6396,2.2371,-0.8968,1.206,-0.369,0.56,0.2669,FOLLOW
81.992,-0.3979,0.6414,2.2306,-0.8988,1.2071,-0.369,0.56,0.2685,FOLLOW
82.012,-0.3992,0.6431,2.2239,-0.9025,1.2091,-0.3762,0.5689,0.27,FOLLOW
82.032,-0.4004,0.6447,2.2167,-0.9025,1.2091,-0.3762,0.5689,0.2715,FOLLOW
82.052,-0.4016,0.6463,2.209,-0.9041,1.2101,-0.3762,0.5689,0.2729,FOLLOW
82.072,-0.4028,0.6479,2.2009,-0.9056,1.211,-0.3762,0.5689,0.2743,FOLLOW
82.092,-0.4039,0.6494,2.1923,-0.9072,1.212,-0.3762,0.5689,0.2757,FOLLOW
82.112,-0.405,0.651,2.1835,-0.9088,1.2129,-0.382,0.5767,0.2771,FOLLOW
82.132,-0.4061,0.6526,2.1747,-0.9118,1.2149,-0.382,0.5767,0.2785,FOLLOW
82.152,-0.4072,0.6541,2.1658,-0.9118,1.2149,-0.382,0.5767,0.2799,FOLLOW
82.172,-0.4082,0.6557,2.157,-0.9134,1.2159,-0.382,0.5767,0.2812,FOLLOW
82.192,-0.4093,0.6573,2.1482,-0.9149,1.2169,-0.382,0.5767,0.2826,FOLLOW
82.212,-0.4104,0.659,2.1395,-0.9164,1.218,-0.3872,0.5842,0.284,FOLLOW
82.232,-0.4115,0.6608,2.1313,-0.9181,1.2191,-0.3872,0.5842,0.2855,FOLLOW
82.252,-0.4127,0.6627,2.1236,-0.9198,1.2204,-0.3872,0.5842,0.2869,FOLLOW
82.272,-0.4138,0.6646,2.1163,-0.9216,1.2216,-0.3872,0.5842,0.2884,FOLLOW
82.292,-0.415,0.6665,2.1091,-0.9233,1.2229,-0.3872,0.5842,0.2898,FOLLOW
82.312,-0.4161,0.6684,2.1018,-0.9268,1.2254,-0.3927,0.593,0.2913,FOLLOW
82.332,-0.4172,0.6703,2.0946,-0.9268,1.2254,-0.3927,0.593,0.2927,FOLLOW
82.352,-0.4183,0.6722,2.0873,-0.9285,1.2267,-0.3927,0.593,0.2941,FOLLOW
82.372,-0.4194,0.6741,2.0801,-0.9302,1.2281,-0.3927,0.593,0.2956,FOLLOW
82.392,-0.4205,0.6761,2.0728,-0.9319,1.2294,-0.3927,0.593,0.297,FOLLOW
82.412,-0.4215,0.678,2.0654,-0.9335,1.2307,-0.398,0.6023,0.2983,FOLLOW
82.432,-0.4225,0.6798,2.0576,-0.9351,1.232,-0.398,0.6023,0.2997,FOLLOW
82.452,-0.4235,0.6817,2.0498,-0.9367,1.2333,-0.398,0.6023,0.301,FOLLOW
82.472,-0.4244,0.6836,2.042,-0.9383,1.2346,-0.398,0.6023,0.3024,FOLLOW
82.492,-0.4254,0.6854,2.0341,-0.9398,1.2359,-0.398,0.6023,0.3037,FOLLOW
82.512,-0.4263,0.6873,2.0263,-0.9414,1.2373,-0.4028,0.6114,0.305,FOLLOW
82.532,-0.4272,0.6892,2.0185,-0.9429,1.2386,-0.4028,0.6114,0.3063,FOLLOW
82.552,-0.4281,0.6911,2.0107,-0.9459,1.2413,-0.4028,0.6114,0.3076,FOLLOW
82.572,-0.429,0.693,2.0029,-0.9459,1.2413,-0.4028,0.6114,0.3089,FOLLOW
82.592,-0.4299,0.695,1.9951,-0.9489,1.2441,-0.4028,0.6114,0.3102,FOLLOW
82.612,-0.4307,0.6969,1.9874,-0.9489,1.2441,-0.4081,0.6224,0.3115,FOLLOW
82.632,-0.4316,0.6989,1.9797,-0.9504,1.2455,-0.4081,0.6224,0.3128,FOLLOW
82.652,-0.4324,0.7008,1.9721,-0.9519,1.247,-0.4081,0.6224,0.314,FOLLOW
82.672,-0.4333,0.7028,1.9645,-0.9534,1.2484,-0.4081,0.6224,0.3153,FOLLOW
82.692,-0.4341,0.7048,1.9568,-0.9549,1.2499,-0.4081,0.6224,0.3166,FOLLOW
82.712,-0.4349,0.7068,1.9492,-0.9578,1.2528,-0.4113,0.63,0.3178,FOLLOW
82.732,-0.4357,0.7088,1.9416,-0.9578,1.2528,-0.4113,0.63,0.319,FOLLOW
82.752,-0.4364,0.7108,1.9339,-0.9606,1.2558,-0.4113,0.63,0.3203,FOLLOW
82.772,-0.4372,0.7128,1.9263,-0.9621,1.2573,-0.4113,0.63,0.3215,FOLLOW
82.792,-0.4379,0.7148,1.9186,-0.9621,1.2573,-0.4113,0.63,0.3227,FOLLOW
82.812,-0.4386,0.7168,1.9108,-0.9635,1.2589,-0.4151,0.6397,0.3239,FOLLOW
82.832,-0.4393,0.7187,1.9029,-0.9648,1.2604,-0.4151,0.6397,0.3251,FOLLOW
82.852,-0.44,0.7207,1.8949,-0.9675,1.2634,-0.4151,0.6397,0.3262,FOLLOW
82.872,-0.4406,0.7227,1.887,-0.9675,1.2634,-0.4151,0.6397,0.3274,FOLLOW
82.892,-0.4413,0.7247,1.879,-0.9688,1.2649,-0.4151,0.6397,0.3285,FOLLOW
82.912,-0.4419,0.7266,1.8711,-0.9714,1.268,-0.419,0.6512,0.3297,FOLLOW
82.932,-0.4425,0.7286,1.8631,-0.9714,1.268,-0.419,0.6512,0.3308,FOLLOW
82.952,-0.4431,0.7306,1.8552,-0.9726,1.2695,-0.419,0.6512,0.3319,FOLLOW
82.972,-0.4437,0.7326,1.8472,-0.9739,1.2711,-0.419,0.6512,0.333,FOLLOW
82.992,-0.4442,0.7346,1.8393,-0.9752,1.2726,-0.419,0.6512,0.3342,FOLLOW
83.012,-0.4448,0.7366,1.8311,-0.9764,1.2742,-0.4218,0.6608,0.3352,FOLLOW
83.032,-0.4453,0.7386,1.8229,-0.9776,1.2758,-0.4218,0.6608,0.3363,FOLLOW
83.052,-0.4458,0.7405,1.8146,-0.9788,1.2773,-0.4218,0.6608,0.3374,FOLLOW
83.072,-0.4462,0.7425,1.8063,-0.9799,1.2789,-0.4218,0.6608,0.3384,FOLLOW
83.092,-0.4467,0.7444,1.7981,-0.9811,1.2805,-0.4218,0.6608,0.3394,FOLLOW
83.112,-0.4471,0.7464,1.7898,-0.9822,1.2821,-0.4237,0.6684,0.3405,FOLLOW
83.132,-0.4476,0.7484,1.7816,-0.9833,1.2836,-0.4237,0.6684,0.3415,FOLLOW
83.152,-0.448,0.7504,1.7733,-0.9855,1.2869,-0.4237,0.6684,0.3425,FOLLOW
83.172,-0.4484,0.7524,1.765,-0.9855,1.2869,-0.4237,0.6684,0.3435,FOLLOW
83.192,-0.4488,0.7543,1.7568,-0.9866,1.2885,-0.4237,0.6684,0.3445,FOLLOW
83.212,-0.4491,0.7563,1.7484,-0.9887,1.2917,-0.4257,0.6779,0.3455,FOLLOW
83.232,-0.4494,0.7582,1.7396,-0.9887,1.2917,-0.4257,0.6779,0.3464,FOLLOW
83.252,-0.4498,0.76,1.7308,-0.9897,1.2932,-0.4257,0.6779,0.3473,FOLLOW
83.272,-0.4501,0.7619,1.722,-0.9907,1.2948,-0.4257,0.6779,0.3483,FOLLOW
83.292,-0.4503,0.7638,1.7132,-0.9916,1.2963,-0.4257,0.6779,0.3492,FOLLOW
83.312,-0.4506,0.7657,1.7044,-0.9926,1.2979,-0.4273,0.6871,0.3501,FOLLOW
83.332,-0.4508,0.7676,1.6955,-0.9935,1.2995,-0.4273,0.6871,0.351,FOLLOW
83.352,-0.4511,0.7695,1.6867,-0.9944,1.3011,-0.4273,0.6871,0.3519,FOLLOW
83.372,-0.4513,0.7714,1.6779,-0.9953,1.3027,-0.4273,0.6871,0.3527,FOLLOW
83.392,-0.4515,0.7734,1.6691,-0.9962,1.3043,-0.4273,0.6871,0.3536,FOLLOW
83.412,-0.4516,0.7752,1.6602,-0.9978,1.3074,-0.4284,0.6962,0.3544,FOLLOW
83.432,-0.4518,0.777,1.6508,-0.9978,1.3074,-0.4284,0.6962,0.3552,FOLLOW
83.452,-0.4519,0.7787,1.6413,-0.9986,1.3089,-0.4284,0.6962,0.3561,FOLLOW
83.472,-0.452,0.7805,1.6317,-0.9994,1.3104,-0.4284,0.6962,0.3569,FOLLOW
83.492,-0.4521,0.7823,1.6221,-1.0001,1.312,-0.4284,0.6962,0.3576,FOLLOW
83.512,-0.4522,0.784,1.6126,-1.0016,1.315,-0.4291,0.7048,0.3584,FOLLOW
83.532,-0.4523,0.7858,1.603,-1.0016,1.315,-0.4291,0.7048,0.3592,FOLLOW
83.552,-0.4523,0.7876,1.5934,-1.0023,1.3165,-0.4291,0.7048,0.3599,FOLLOW
83.572,-0.4524,0.7893,1.5839,-1.0029,1.3181,-0.4291,0.7048,0.3607,FOLLOW
83.592,-0.4524,0.7911,1.5743,-1.0036,1.3196,-0.4291,0.7048,0.3614,FOLLOW
83.612,-0.4524,0.7928,1.5646,-1.0043,1.3212,-0.4294,0.7132,0.3621,FOLLOW
83.632,-0.4523,0.7945,1.5546,-1.0049,1.3226,-0.4294,0.7132,0.3628,FOLLOW
83.652,-0.4523,0.7961,1.5443,-1.0054,1.3241,-0.4294,0.7132,0.3635,FOLLOW
83.672,-0.4523,0.7977,1.5339,-1.006,1.3255,-0.4294,0.7132,0.3641,FOLLOW
83.692,-0.4522,0.7993,1.5236,-1.0065,1.3269,-0.4294,0.7132,0.3648,FOLLOW
83.712,-0.4521,0.801,1.5133,-1.007,1.3284,-0.4292,0.7211,0.3654,FOLLOW
83.732,-0.452,0.8026,1.503,-1.0075,1.3298,-0.4292,0.7211,0.3661,FOLLOW
83.752,-0.4519,0.8042,1.4927,-1.008,1.3313,-0.4292,0.7211,0.3667,FOLLOW
83.772,-0.4517,0.8058,1.4823,-1.0085,1.3327,-0.4292,0.7211,0.3673,FOLLOW
83.792,-0.4516,0.8075,1.472,-1.009,1.3342,-0.4292,0.7211,0.3679,FOLLOW
83.812,-0.4514,0.8091,1.4619,-1.0099,1.3372,-0.4287,0.7287,0.3685,FOLLOW
83.832,-0.4512,0.8108,1.4519,-1.0099,1.3372,-0.4287,0.7287,0.369,FOLLOW
83.852,-0.451,0.8125,1.4419,-1.0103,1.3387,-0.4287,0.7287,0.3696,FOLLOW
83.872,-0.4508,0.8142,1.432,-1.0107,1.3403,-0.4287,0.7287,0.3701,FOLLOW
83.892,-0.4505,0.8159,1.422,-1.0111,1.3419,-0.4287,0.7287,0.3707,FOLLOW
83.912,-0.4503,0.8175,1.4121,-1.0119,1.345,-0.4278,0.7366,0.3712,FOLLOW
83.932,-0.45,0.8192,1.4021,-1.0119,1.345,-0.4278,0.7366,0.3717,FOLLOW
83.952,-0.4497,0.8209,1.3921,-1.0123,1.3465,-0.4278,0.7366,0.3722,FOLLOW
83.972,-0.4494,0.8225,1.3822,-1.0126,1.3481,-0.4278,0.7366,0.3727,FOLLOW
83.992,-0.4491,0.8242,1.3722,-1.0129,1.3497,-0.4278,0.7366,0.3731,FOLLOW
84.012,-0.4487,0.8258,1.3621,-1.0133,1.3513,-0.4264,0.7446,0.3736,FOLLOW
84.032,-0.4484,0.8275,1.352,-1.0136,1.3528,-0.4264,0.7446,0.3741,FOLLOW
84.052,-0.448,0.8291,1.3418,-1.0138,1.3543,-0.4264,0.7446,0.3745,FOLLOW
84.072,-0.4476,0.8307,1.3316,-1.0141,1.3559,-0.4264,0.7446,0.3749,FOLLOW
84.092,-0.4472,0.8323,1.3214,-1.0143,1.3574,-0.4264,0.7446,0.3753,FOLLOW
84.112,-0.4468,0.8339,1.3113,-1.0146,1.359,-0.4247,0.7522,0.3757,FOLLOW
84.132,-0.4463,0.8355,1.3011,-1.0148,1.3605,-0.4247,0.7522,0.3761,FOLLOW
84.152,-0.4459,0.8371,1.2909,-1.015,1.3621,-0.4247,0.7522,0.3765,FOLLOW
84.172,-0.4454,0.8387,1.2807,-1.0151,1.3636,-0.4247,0.7522,0.3768,FOLLOW
84.192,-0.4449,0.8403,1.2706,-1.0155,1.3668,-0.4247,0.7522,0.3772,FOLLOW
84.212,-0.4445,0.8418,1.2602,-1.0155,1.3668,-0.4226,0.7598,0.3775,FOLLOW
84.232,-0.444,0.8432,1.2495,-1.0156,1.3682,-0.4226,0.7598,0.3779,FOLLOW
84.252,-0.4435,0.8447,1.2387,-1.0157,1.3697,-0.4226,0.7598,0.3782,FOLLOW
84.272,-0.443,0.8461,1.228,-1.0158,1.3711,-0.4226,0.7598,0.3785,FOLLOW
84.292,-0.4424,0.8476,1.2172,-1.0158,1.3725,-0.4226,0.7598,0.3788,FOLLOW
84.312,-0.4419,0.849,1.2064,-1.0159,1.3754,-0.4203,0.7668,0.3791,FOLLOW
84.332,-0.4413,0.8505,1.1956,-1.0159,1.3754,-0.4203,0.7668,0.3794,FOLLOW
84.352,-0.4408,0.8519,1.1849,-1.016,1.3769,-0.4203,0.7668,0.3796,FOLLOW
84.372,-0.4402,0.8533,1.1741,-1.016,1.3783,-0.4203,0.7668,0.3799,FOLLOW
84.392,-0.4396,0.8548,1.1633,-1.016,1.3798,-0.4203,0.7668,0.3801,FOLLOW
84.412,-0.4389,0.8562,1.1527,-1.016,1.3812,-0.4176,0.7735,0.3803,FOLLOW
84.432,-0.4383,0.8576,1.142,-1.0159,1.3842,-0.4176,0.7735,0.3805,FOLLOW
84.452,-0.4376,0.859,1.1314,-1.0159,1.3842,-0.4176,0.7735,0.3807,FOLLOW
84.472,-0.437,0.8605,1.1208,-1.0158,1.3856,-0.4176,0.7735,0.3809,FOLLOW
84.492,-0.4363,0.8619,1.1102,-1.0157,1.3871,-0.4176,0.7735,0.381,FOLLOW
84.512,-0.4356,0.8633,1.0995,-1.0156,1.3886,-0.4146,0.7802,0.3812,FOLLOW
84.532,-0.4348,0.8647,1.0889,-1.0155,1.39,-0.4146,0.7802,0.3813,FOLLOW
84.552,-0.4341,0.866,1.0783,-1.0154,1.3915,-0.4146,0.7802,0.3814,FOLLOW
84.572,-0.4333,0.8674,1.0676,-1.0153,1.393,-0.4146,0.7802,0.3815,FOLLOW
84.592,-0.4326,0.8688,1.057,-1.0151,1.3944,-0.4146,0.7802,0.3816,FOLLOW
84.612,-0.4318,0.8702,1.0465,-1.0149,1.3959,-0.4112,0.7867,0.3817,FOLLOW
84.632,-0.431,0.8716,1.0361,-1.0147,1.3974,-0.4112,0.7867,0.3818,FOLLOW
84.652,-0.4301,0.8729,1.0256,-1.0145,1.3989,-0.4112,0.7867,0.3818,FOLLOW
84.672,-0.4293,0.8743,1.0151,-1.0143,1.4004,-0.4112,0.7867,0.3818,FOLLOW
84.692,-0.4285,0.8757,1.0047,-1.014,1.4019,-0.4112,0.7867,0.3818,FOLLOW
84.712,-0.4276,0.877,0.9942,-1.0138,1.4034,-0.4073,0.7931,0.3818,FOLLOW
84.732,-0.4267,0.8783,0.9838,-1.0135,1.4048,-0.4073,0.7931,0.3818,FOLLOW
84.752,-0.4258,0.8797,0.9733,-1.0132,1.4063,-0.4073,0.7931,0.3818,FOLLOW
84.772,-0.4249,0.881,0.9628,-1.0126,1.4093,-0.4073,0.7931,0.3818,FOLLOW
84.792,-0.424,0.8823,0.9524,-1.0126,1.4093,-0.4073,0.7931,0.3817,FOLLOW
84.812,-0.423,0.8836,0.9419,-1.0119,1.4122,-0.4031,0.7994,0.3817,FOLLOW
84.832,-0.4221,0.8849,0.9314,-1.0119,1.4122,-0.4031,0.7994,0.3816,FOLLOW
84.852,-0.4211,0.8861,0.9208,-1.0112,1.4151,-0.4031,0.7994,0.3815,FOLLOW
84.872,-0.4202,0.8874,0.9103,-1.0112,1.4151,-0.4031,0.7994,0.3814,FOLLOW
84.892,-0.4192,0.8886,0.8998,-1.0108,1.4165,-0.4031,0.7994,0.3813,FOLLOW
84.912,-0.4182,0.8899,0.8893,-1.0104,1.418,-0.3987,0.8054,0.3812,FOLLOW
84.932,-0.4172,0.8911,0.8788,-1.0095,1.4209,-0.3987,0.8054,0.381,FOLLOW
84.952,-0.4162,0.8923,0.8682,-1.0095,1.4209,-0.3987,0.8054,0.3809,FOLLOW
84.972,-0.4151,0.8935,0.8577,-1.0091,1.4223,-0.3987,0.8054,0.3807,FOLLOW
84.992,-0.4141,0.8947,0.8472,-1.0086,1.4237,-0.3987,0.8054,0.3806,FOLLOW
85.012,-0.413,0.896,0.8369,-1.0081,1.4251,-0.3939,0.8112,0.3803,FOLLOW
85.032,-0.4118,0.8972,0.8269,-1.0076,1.4266,-0.3939,0.8112,0.3801,FOLLOW
85.052,-0.4107,0.8984,0.8169,-1.0065,1.4296,-0.3939,0.8112,0.3798,FOLLOW
85.072,-0.4095,0.8997,0.8068,-1.0065,1.4296,-0.3939,0.8112,0.3795,FOLLOW
85.092,-0.4083,0.9009,0.7968,-1.0059,1.4311,-0.3886,0.817,0.3793,FOLLOW
85.112,-0.4072,0.9021,0.7868,-1.0047,1.434,-0.3886,0.817,0.379,FOLLOW
85.132,-0.406,0.9033,0.7768,-1.0047,1.434,-0.3886,0.817,0.3786,FOLLOW
85.152,-0.4048,0.9044,0.7668,-1.0041,1.4355,-0.3886,0.817,0.3783,FOLLOW
85.172,-0.4035,0.9056,0.7567,-1.0034,1.437,-0.3886,0.817,0.378,FOLLOW
85.192,-0.4023,0.9067,0.7467,-1.0028,1.4384,-0.3886,0.817,0.3776,FOLLOW
85.212,-0.4011,0.9079,0.7366,-1.0021,1.4399,-0.3829,0.8226,0.3773,FOLLOW
85.232,-0.3999,0.909,0.7263,-1.0015,1.4413,-0.3829,0.8226,0.3769,FOLLOW
85.252,-0.3986,0.91,0.7161,-1.0008,1.4427,-0.3829,0.8226,0.3766,FOLLOW
85.272,-0.3974,0.9111,0.7058,-1.0001,1.4441,-0.3829,0.8226,0.3762,FOLLOW
85.292,-0.3961,0.9122,0.6956,-0.9994,1.4455,-0.3829,0.8226,0.3758,FOLLOW
85.312,-0.3948,0.9132,0.6853,-0.998,1.4482,-0.377,0.8277,0.3754,FOLLOW
85.332,-0.3936,0.9142,0.6751,-0.998,1.4482,-0.377,0.8277,0.375,FOLLOW
85.352,-0.3923,0.9153,0.6648,-0.9972,1.4496,-0.377,0.8277,0.3745,FOLLOW
85.372,-0.391,0.9163,0.6546,-0.9965,1.4509,-0.377,0.8277,0.3741,FOLLOW
85.392,-0.3897,0.9173,0.6443,-0.9949,1.4536,-0.377,0.8277,0.3736,FOLLOW
85.412,-0.3883,0.9183,0.6343,-0.9949,1.4536,-0.371,0.8326,0.3731,FOLLOW
85.432,-0.3869,0.9193,0.6244,-0.9941,1.455,-0.371,0.8326,0.3726,FOLLOW
85.452,-0.3855,0.9203,0.6145,-0.9923,1.4577,-0.371,0.8326,0.3721,FOLLOW
85.472,-0.3841,0.9212,0.6046,-0.9923,1.4577,-0.371,0.8326,0.3715,FOLLOW
85.492,-0.3827,0.9222,0.5947,-0.9915,1.4591,-0.371,0.8326,0.371,FOLLOW
85.512,-0.3813,0.9232,0.5848,-0.9906,1.4605,-0.3645,0.8373,0.3704,FOLLOW
85.532,-0.3799,0.9241,0.575,-0.9897,1.4618,-0.3645,0.8373,0.3698,FOLLOW
85.552,-0.3784,0.925,0.5651,-0.9888,1.4631,-0.3645,0.8373,0.3692,FOLLOW
85.572,-0.377,0.9259,0.5552,-0.9869,1.4658,-0.3645,0.8373,0.3686,FOLLOW
85.592,-0.3755,0.9268,0.5453,-0.9859,1.4671,-0.3645,0.8373,0.368,FOLLOW
85.612,-0.374,0.9277,0.5356,-0.9859,1.4671,-0.3563,0.8425,0.3673,FOLLOW
85.632,-0.3723,0.9287,0.5263,-0.9849,1.4685,-0.3563,0.8425,0.3665,FOLLOW
85.652,-0.3706,0.9297,0.5176,-0.9837,1.47,-0.3563,0.8425,0.3657,FOLLOW
85.672,-0.3689,0.9306,0.509,-0.9826,1.4715,-0.3563,0.8425,0.3649,FOLLOW
85.692,-0.3672,0.9316,0.5005,-0.9814,1.473,-0.3563,0.8425,0.364,FOLLOW
85.712,-0.3655,0.9325,0.4919,-0.979,1.476,-0.3498,0.8462,0.3632,FOLLOW
85.732,-0.3637,0.9335,0.4834,-0.979,1.476,-0.3498,0.8462,0.3623,FOLLOW
85.752,-0.362,0.9344,0.4749,-0.9778,1.4774,-0.3498,0.8462,0.3614,FOLLOW
85.772,-0.3602,0.9352,0.4663,-0.9766,1.4789,-0.3498,0.8462,0.3605,FOLLOW
85.792,-0.3584,0.9361,0.4578,-0.9754,1.4803,-0.3498,0.8462,0.3596,FOLLOW
85.812,-0.3567,0.937,0.4491,-0.9741,1.4817,-0.3414,0.8506,0.3588,FOLLOW
85.832,-0.355,0.9378,0.44,-0.9717,1.4844,-0.3414,0.8506,0.3579,FOLLOW
85.852,-0.3533,0.9385,0.431,-0.9705,1.4857,-0.3414,0.8506,0.357,FOLLOW
85.872,-0.3516,0.9393,0.4219,-0.9705,1.4857,-0.3414,0.8506,0.3562,FOLLOW
85.892,-0.3499,0.9401,0.4129,-0.9693,1.487,-0.3414,0.8506,0.3553,FOLLOW
85.912,-0.3482,0.9408,0.4039,-0.968,1.4883,-0.3332,0.8545,0.3544,FOLLOW
85.932,-0.3465,0.9415,0.3948,-0.9668,1.4896,-0.3332,0.8545,0.3535,FOLLOW
85.952,-0.3447,0.9423,0.3858,-0.9655,1.4909,-0.3332,0.8545,0.3525,FOLLOW
85.972,-0.343,0.943,0.3767,-0.9643,1.4922,-0.3332,0.8545,0.3516,FOLLOW
85.992,-0.3413,0.9436,0.3677,-0.963,1.4934,-0.3332,0.8545,0.3507,FOLLOW
86.012,-0.3395,0.9443,0.3586,-0.9617,1.4947,-0.3249,0.8579,0.3497,FOLLOW
86.032,-0.3378,0.9449,0.3494,-0.9604,1.4959,-0.3249,0.8579,0.3488,FOLLOW
86.052,-0.3361,0.9456,0.3402,-0.9591,1.4971,-0.3249,0.8579,0.3478,FOLLOW
86.072,-0.3343,0.9462,0.331,-0.9578,1.4982,-0.3249,0.8579,0.3469,FOLLOW
86.092,-0.3326,0.9467,0.3218,-0.9565,1.4994,-0.3249,0.8579,0.3459,FOLLOW
86.112,-0.3308,0.9473,0.3126,-0.9551,1.5006,-0.3166,0.8609,0.3449,FOLLOW
86.132,-0.3291,0.9479,0.3034,-0.9538,1.5017,-0.3166,0.8609,0.3439,FOLLOW
86.152,-0.3273,0.9484,0.2942,-0.9511,1.504,-0.3166,0.8609,0.3429,FOLLOW
86.172,-0.3255,0.9489,0.2851,-0.9511,1.504,-0.3166,0.8609,0.3419,FOLLOW
86.192,-0.3238,0.9495,0.2759,-0.9497,1.5051,-0.3166,0.8609,0.3409,FOLLOW
86.212,-0.3219,0.95,0.2668,-0.9484,1.5062,-0.3082,0.8636,0.3398,FOLLOW
86.232,-0.3201,0.9504,0.2579,-0.9469,1.5073,-0.3082,0.8636,0.3387,FOLLOW
86.252,-0.3183,0.9509,0.249,-0.9455,1.5084,-0.3082,0.8636,0.3376,FOLLOW
86.272,-0.3164,0.9514,0.24,-0.944,1.5095,-0.3082,0.8636,0.3365,FOLLOW
86.292,-0.3146,0.9518,0.2311,-0.9426,1.5106,-0.3082,0.8636,0.3354,FOLLOW
86.312,-0.3128,0.9522,0.2221,-0.9411,1.5116,-0.2995,0.8659,0.3343,FOLLOW
86.332,-0.3109,0.9526,0.2132,-0.9396,1.5127,-0.2995,0.8659,0.3331,FOLLOW
86.352,-0.3091,0.953,0.2043,-0.9382,1.5137,-0.2995,0.8659,0.332,FOLLOW
86.372,-0.3072,0.9534,0.1953,-0.9367,1.5147,-0.2995,0.8659,0.3308,FOLLOW
86.392,-0.3053,0.9538,0.1864,-0.9352,1.5157,-0.2995,0.8659,0.3296,FOLLOW
86.412,-0.3035,0.9541,0.1775,-0.9336,1.5167,-0.2907,0.8678,0.3284,FOLLOW
86.432,-0.3016,0.9544,0.1687,-0.9321,1.5177,-0.2907,0.8678,0.3272,FOLLOW
86.452,-0.2997,0.9547,0.1599,-0.9306,1.5187,-0.2907,0.8678,0.326,FOLLOW
86.472,-0.2978,0.955,0.151,-0.929,1.5197,-0.2907,0.8678,0.3248,FOLLOW
86.492,-0.2959,0.9553,0.1422,-0.9274,1.5206,-0.2907,0.8678,0.3236,FOLLOW
86.512,-0.294,0.9556,0.1334,-0.9259,1.5216,-0.2816,0.8693,0.3223,FOLLOW
86.532,-0.2921,0.9558,0.1245,-0.9227,1.5234,-0.2816,0.8693,0.3211,FOLLOW
86.552,-0.2902,0.9561,0.1157,-0.9227,1.5234,-0.2816,0.8693,0.3198,FOLLOW
86.572,-0.2883,0.9563,0.1069,-0.9195,1.5252,-0.2816,0.8693,0.3185,FOLLOW
86.592,-0.2864,0.9565,0.098,-0.9195,1.5252,-0.2816,0.8693,0.3172,FOLLOW
86.612,-0.2848,0.9566,0.0891,-0.9179,1.5261,-0.2725,0.8704,0.3162,FOLLOW
86.632,-0.2832,0.9567,0.0797,-0.9166,1.5267,-0.2725,0.8704,0.3151,FOLLOW
86.652,-0.2816,0.9569,0.07,-0.9141,1.528,-0.2725,0.8704,0.3141,FOLLOW
86.672,-0.28,0.957,0.06,-0.9141,1.528,-0.2725,0.8704,0.313,FOLLOW
86.692,-0.2785,0.957,0.0496,-0.9116,1.5292,-0.2652,0.871,0.312,FOLLOW
86.712,-0.277,0.9571,0.0388,-0.9116,1.5292,-0.2652,0.871,0.3111,FOLLOW
86.732,-0.2755,0.9572,0.0278,-0.9091,1.5303,-0.2652,0.871,0.3101,FOLLOW
86.752,-0.2741,0.9572,0.0167,-0.9091,1.5303,-0.2652,0.871,0.3091,FOLLOW
86.772,-0.2726,0.9572,0.0056,-0.9079,1.5308,-0.2652,0.871,0.3081,FOLLOW
86.792,-0.2711,0.9572,-0.0055,-0.9066,1.5314,-0.2652,0.871,0.3071,FOLLOW
86.812,-0.2697,0.9572,-0.0168,-0.9041,1.5323,-0.2583,0.8712,0.3062,FOLLOW
86.832,-0.2683,0.9571,-0.0284,-0.903,1.5328,-0.2583,0.8712,0.3052,FOLLOW
86.852,-0.267,0.9571,-0.0401,-0.903,1.5328,-0.2583,0.8712,0.3043,FOLLOW
86.872,-0.2656,0.957,-0.0519,-0.9018,1.5332,-0.2583,0.8712,0.3034,FOLLOW
86.892,-0.2643,0.957,-0.0636,-0.9006,1.5336,-0.2583,0.8712,0.3024,FOLLOW
86.912,-0.2629,0.9569,-0.0754,-0.8982,1.5344,-0.2519,0.871,0.3015,FOLLOW
86.932,-0.2616,0.9567,-0.0871,-0.8982,1.5344,-0.2519,0.871,0.3005,FOLLOW
86.952,-0.2602,0.9566,-0.0989,-0.897,1.5348,-0.2519,0.871,0.2996,FOLLOW
86.972,-0.2589,0.9565,-0.1106,-0.8958,1.5351,-0.2519,0.871,0.2986,FOLLOW
86.992,-0.2575,0.9563,-0.1224,-0.8946,1.5355,-0.2519,0.871,0.2976,FOLLOW
87.012,-0.2561,0.9561,-0.1339,-0.8934,1.5358,-0.2457,0.8705,0.2965,FOLLOW
87.032,-0.2546,0.9559,-0.1452,-0.8921,1.5362,-0.2457,0.8705,0.2954,FOLLOW
87.052,-0.2532,0.9557,-0.1562,-0.8908,1.5365,-0.2457,0.8705,0.2942,FOLLOW
87.072,-0.2517,0.9555,-0.1673,-0.8894,1.5368,-0.2457,0.8705,0.2931,FOLLOW
87.092,-0.2503,0.9552,-0.1784,-0.8881,1.5371,-0.2457,0.8705,0.2919,FOLLOW
87.112,-0.2488,0.9549,-0.1895,-0.8867,1.5374,-0.239,0.8695,0.2908,FOLLOW
87.132,-0.2474,0.9546,-0.2006,-0.8854,1.5377,-0.239,0.8695,0.2896,FOLLOW
87.152,-0.2459,0.9543,-0.2117,-0.884,1.5379,-0.239,0.8695,0.2884,FOLLOW
87.172,-0.2445,0.954,-0.2228,-0.8827,1.5382,-0.239,0.8695,0.2872,FOLLOW
87.192,-0.243,0.9537,-0.2339,-0.8799,1.5386,-0.239,0.8695,0.286,FOLLOW
87.212,-0.2416,0.9533,-0.2448,-0.8785,1.5388,-0.2322,0.8681,0.2847,FOLLOW
87.232,-0.2401,0.9529,-0.2558,-0.8785,1.5388,-0.2322,0.8681,0.2835,FOLLOW
87.252,-0.2386,0.9525,-0.2667,-0.8771,1.539,-0.2322,0.8681,0.2822,FOLLOW
87.272,-0.2372,0.9521,-0.2776,-0.8757,1.5392,-0.2322,0.8681,0.2809,FOLLOW
87.292,-0.2357,0.9517,-0.2886,-0.8743,1.5394,-0.2322,0.8681,0.2797,FOLLOW
87.312,-0.2343,0.9513,-0.2995,-0.8729,1.5395,-0.2254,0.8663,0.2784,FOLLOW
87.332,-0.2328,0.9508,-0.3104,-0.8701,1.5397,-0.2254,0.8663,0.2771,FOLLOW
87.352,-0.2314,0.9503,-0.3213,-0.8701,1.5397,-0.2254,0.8663,0.2758,FOLLOW
87.372,-0.23,0.9498,-0.3323,-0.8687,1.5398,-0.2254,0.8663,0.2745,FOLLOW
87.392,-0.2285,0.9493,-0.3432,-0.8673,1.5399,-0.2254,0.8663,0.2731,FOLLOW
87.412,-0.227,0.9488,-0.354,-0.8659,1.54,-0.2187,0.8642,0.2717,FOLLOW
87.432,-0.2254,0.9482,-0.3643,-0.8643,1.54,-0.2187,0.8642,0.2702,FOLLOW
87.452,-0.2238,0.9475,-0.3742,-0.8626,1.5401,-0.2187,0.8642,0.2686,FOLLOW
87.472,-0.2221,0.9469,-0.3837,-0.8609,1.5401,-0.2187,0.8642,0.267,FOLLOW
87.492,-0.2204,0.9462,-0.3931,-0.8592,1.5401,-0.2187,0.8642,0.2653,FOLLOW
87.512,-0.2188,0.9455,-0.4026,-0.8574,1.5401,-0.2111,0.8613,0.2637,FOLLOW
87.532,-0.2171,0.9448,-0.412,-0.8557,1.5401,-0.2111,0.8613,0.262,FOLLOW
87.552,-0.2155,0.9441,-0.4214,-0.854,1.5401,-0.2111,0.8613,0.2604,FOLLOW
87.572,-0.2139,0.9433,-0.4309,-0.8506,1.54,-0.2111,0.8613,0.2587,FOLLOW
87.592,-0.2122,0.9426,-0.4403,-0.8506,1.54,-0.2111,0.8613,0.257,FOLLOW
87.612,-0.2116,0.9424,-0.4496,-0.8489,1.5399,-0.2111,0.8613,0.2565,FOLLOW
87.632,-0.2117,0.9425,-0.4583,-0.8487,1.5399,-0.2032,0.8578,0.2567,FOLLOW_TURN
87.652,-0.2117,0.9425,-0.4666,-0.8487,1.5399,-0.2032,0.8578,0.2568,FOLLOW_TURN
87.672,-0.2118,0.9426,-0.4745,-0.8487,1.5399,-0.2032,0.8578,0.257,FOLLOW_TURN
87.692,-0.2119,0.9426,-0.4818,-0.8487,1.5399,-0.2032,0.8578,0.2571,FOLLOW_TURN
87.712,-0.2121,0.9427,-0.4887,-0.8487,1.5399,-0.2015,0.857,0.2574,FOLLOW_TURN
87.732,-0.2124,0.9429,-0.4952,-0.8487,1.5399,-0.2015,0.857,0.2577,FOLLOW_TURN
87.752,-0.2127,0.943,-0.5011,-0.8487,1.5399,-0.2015,0.857,0.2581,FOLLOW_TURN
87.772,-0.2129,0.9432,-0.5067,-0.8487,1.5399,-0.2015,0.857,0.2584,FOLLOW_TURN
87.792,-0.2131,0.9433,-0.5117,-0.8487,1.5399,-0.2015,0.857,0.2587,FOLLOW_TURN
87.812,-0.2135,0.9435,-0.5163,-0.8487,1.5399,-0.2015,0.857,0.2591,FOLLOW_TURN
87.832,-0.2139,0.9437,-0.5204,-0.8487,1.5399,-0.2015,0.857,0.2596,FOLLOW_TURN
87.852,-0.2143,0.944,-0.5241,-0.8487,1.5399,-0.2015,0.857,0.2601,FOLLOW_TURN
87.872,-0.2147,0.9442,-0.5273,-0.8487,1.5399,-0.2015,0.857,0.2605,FOLLOW_TURN
87.892,-0.215,0.9444,-0.5301,-0.8487,1.5399,-0.2015,0.857,0.2609,FOLLOW_TURN
87.912,-0.2155,0.9447,-0.5323,-0.8487,1.5399,-0.2015,0.857,0.2615,FOLLOW_TURN
87.932,-0.2161,0.945,-0.5341,-0.8487,1.5399,-0.2015,0.857,0.2621,FOLLOW_TURN
87.952,-0.2166,0.9453,-0.5355,-0.8487,1.5399,-0.2015,0.857,0.2627,FOLLOW_TURN
87.972,-0.2171,0.9456,-0.5364,-0.8487,1.5399,-0.2015,0.857,0.2633,FOLLOW_TURN
87.992,-0.2176,0.9459,-0.5368,-0.8487,1.5399,-0.2015,0.857,0.2639,FOLLOW_TURN
88.012,-0.2176,0.946,-0.5368,-0.8487,1.5399,-0.2015,0.857,0.2639,FOLLOW
88.032,-0.2173,0.9457,-0.5364,-0.8485,1.5399,-0.2015,0.857,0.2635,FOLLOW
88.052,-0.2166,0.9453,-0.5356,-0.847,1.5398,-0.2015,0.857,0.2628,FOLLOW
88.072,-0.2158,0.9449,-0.5344,-0.847,1.5398,-0.2015,0.857,0.2619,FOLLOW
88.092,-0.2151,0.9444,-0.5327,-0.846,1.5398,-0.2015,0.857,0.261,FOLLOW
88.112,-0.2141,0.9438,-0.531,-0.8438,1.5397,-0.1992,0.8557,0.2598,FOLLOW
88.132,-0.2129,0.943,-0.5298,-0.8438,1.5397,-0.1992,0.8557,0.2583,FOLLOW
88.152,-0.2114,0.9421,-0.529,-0.8423,1.5396,-0.1992,0.8557,0.2567,FOLLOW
88.172,-0.21,0.9413,-0.5288,-0.8408,1.5396,-0.1992,0.8557,0.2551,FOLLOW
88.192,-0.2086,0.9405,-0.5289,-0.8378,1.5395,-0.1934,0.8523,0.2535,FOLLOW
88.212,-0.2071,0.9395,-0.5296,-0.8378,1.5395,-0.1934,0.8523,0.2517,FOLLOW
88.232,-0.2054,0.9386,-0.5307,-0.8362,1.5394,-0.1934,0.8523,0.2498,FOLLOW
88.252,-0.2038,0.9376,-0.5323,-0.8347,1.5394,-0.1934,0.8523,0.2479,FOLLOW
88.272,-0.2022,0.9366,-0.5344,-0.8331,1.5393,-0.1934,0.8523,0.2461,FOLLOW
88.292,-0.2006,0.9357,-0.5369,-0.8315,1.5392,-0.1934,0.8523,0.2443,FOLLOW
88.312,-0.1989,0.9347,-0.5399,-0.8299,1.5391,-0.1867,0.8483,0.2423,FOLLOW
88.332,-0.1971,0.9336,-0.5434,-0.8284,1.539,-0.1867,0.8483,0.2403,FOLLOW
88.352,-0.1954,0.9325,-0.5473,-0.8268,1.5389,-0.1867,0.8483,0.2383,FOLLOW
88.372,-0.1937,0.9315,-0.5517,-0.8252,1.5387,-0.1867,0.8483,0.2363,FOLLOW
88.392,-0.192,0.9304,-0.5566,-0.8236,1.5386,-0.1867,0.8483,0.2343,FOLLOW
88.412,-0.1915,0.9302,-0.5618,-0.8221,1.5384,-0.1799,0.8442,0.2338,FOLLOW_TURN
88.432,-0.1914,0.9302,-0.5672,-0.8219,1.5384,-0.1799,0.8442,0.2338,FOLLOW_TURN
88.452,-0.1913,0.9301,-0.5727,-0.8219,1.5384,-0.1799,0.8442,0.2337,FOLLOW_TURN
88.472,-0.1913,0.9301,-0.5781,-0.8219,1.5384,-0.1799,0.8442,0.2337,FOLLOW_TURN
88.492,-0.1912,0.93,-0.5835,-0.8219,1.5384,-0.1799,0.8442,0.2336,FOLLOW_TURN
88.512,-0.1913,0.9301,-0.5887,-0.8219,1.5384,-0.1785,0.8433,0.2338,FOLLOW_TURN
88.532,-0.1915,0.9302,-0.5935,-0.8219,1.5384,-0.1785,0.8433,0.234,FOLLOW_TURN
88.552,-0.1917,0.9304,-0.5977,-0.8219,1.5384,-0.1785,0.8433,0.2342,FOLLOW_TURN
88.572,-0.1918,0.9304,-0.6015,-0.8219,1.5384,-0.1785,0.8433,0.2344,FOLLOW_TURN
88.592,-0.1919,0.9305,-0.6049,-0.8219,1.5384,-0.1785,0.8433,0.2345,FOLLOW_TURN
88.612,-0.1921,0.9307,-0.6077,-0.8219,1.5384,-0.1785,0.8433,0.2348,FOLLOW_TURN
88.632,-0.1924,0.9309,-0.6101,-0.8219,1.5384,-0.1785,0.8433,0.2352,FOLLOW_TURN
88.652,-0.1927,0.9311,-0.612,-0.8219,1.5384,-0.1785,0.8433,0.2355,FOLLOW_TURN
88.672,-0.1929,0.9313,-0.6134,-0.8219,1.5384,-0.1785,0.8433,0.2358,FOLLOW_TURN
88.692,-0.1932,0.9314,-0.6144,-0.8219,1.5384,-0.1785,0.8433,0.2361,FOLLOW_TURN
88.712,-0.1935,0.9317,-0.6148,-0.8219,1.5384,-0.1785,0.8433,0.2365,FOLLOW_TURN
88.732,-0.1939,0.932,-0.6148,-0.8219,1.5384,-0.1785,0.8433,0.2371,FOLLOW_TURN
88.752,-0.1943,0.9323,-0.6144,-0.8219,1.5384,-0.1785,0.8433,0.2376,FOLLOW_TURN
88.772,-0.1947,0.9325,-0.6134,-0.8219,1.5384,-0.1785,0.8433,0.238,FOLLOW_TURN
88.792,-0.1951,0.9328,-0.612,-0.8219,1.5384,-0.1785,0.8433,0.2384,FOLLOW_TURN
88.812,-0.1955,0.9331,-0.6101,-0.8219,1.5384,-0.1785,0.8433,0.239,FOLLOW_TURN
88.832,-0.1961,0.9335,-0.6078,-0.8219,1.5384,-0.1785,0.8433,0.2397,FOLLOW_TURN
88.852,-0.1966,0.9339,-0.6049,-0.8219,1.5384,-0.1785,0.8433,0.2403,FOLLOW_TURN
88.872,-0.1971,0.9342,-0.6016,-0.8219,1.5384,-0.1785,0.8433,0.2409,FOLLOW_TURN
88.892,-0.1976,0.9346,-0.5978,-0.8219,1.5384,-0.1785,0.8433,0.2415,FOLLOW_TURN
88.912,-0.1981,0.9349,-0.5936,-0.8219,1.5384,-0.1785,0.8433,0.2421,FOLLOW_TURN
88.932,-0.1986,0.9353,-0.5889,-0.8219,1.5384,-0.1785,0.8433,0.2427,FOLLOW_TURN
88.952,-0.1991,0.9356,-0.5837,-0.8219,1.5384,-0.1785,0.8433,0.2433,FOLLOW_TURN
88.972,-0.1996,0.9359,-0.5781,-0.8219,1.5384,-0.1785,0.8433,0.2438,FOLLOW_TURN
88.992,-0.2,0.9362,-0.572,-0.8219,1.5384,-0.1785,0.8433,0.2443,FOLLOW_TURN
89.012,-0.2004,0.9365,-0.5654,-0.8219,1.5384,-0.1785,0.8433,0.2448,FOLLOW_TURN
89.032,-0.2008,0.9367,-0.5584,-0.8219,1.5384,-0.1785,0.8433,0.2452,FOLLOW_TURN
89.052,-0.2012,0.9369,-0.5509,-0.8219,1.5384,-0.1785,0.8433,0.2456,FOLLOW_TURN
89.072,-0.2015,0.9371,-0.543,-0.8219,1.5384,-0.1785,0.8433,0.2459,FOLLOW_TURN
89.092,-0.2018,0.9373,-0.5346,-0.8219,1.5384,-0.1785,0.8433,0.2463,FOLLOW_TURN
89.112,-0.2021,0.9375,-0.5257,-0.8219,1.5384,-0.1785,0.8433,0.2465,FOLLOW_TURN
89.132,-0.2024,0.9377,-0.5164,-0.8219,1.5384,-0.1785,0.8433,0.2468,FOLLOW_TURN
89.152,-0.2026,0.9378,-0.5067,-0.8219,1.5384,-0.1785,0.8433,0.247,FOLLOW_TURN
89.172,-0.2028,0.9379,-0.4964,-0.8219,1.5384,-0.1785,0.8433,0.2472,FOLLOW_TURN
89.192,-0.203,0.938,-0.4858,-0.8219,1.5384,-0.1785,0.8433,0.2473,FOLLOW_TURN
89.212,-0.2031,0.9381,-0.4746,-0.8219,1.5384,-0.1785,0.8433,0.2474,FOLLOW_TURN
89.232,-0.2033,0.9381,-0.4631,-0.8219,1.5384,-0.1785,0.8433,0.2475,FOLLOW_TURN
89.252,-0.2034,0.9382,-0.4511,-0.8219,1.5384,-0.1785,0.8433,0.2475,FOLLOW_TURN
89.272,-0.2035,0.9382,-0.4391,-0.8219,1.5384,-0.1785,0.8433,0.2475,FOLLOW_TURN
89.292,-0.2036,0.9383,-0.4271,-0.8219,1.5384,-0.1785,0.8433,0.2475,FOLLOW_TURN
89.312,-0.2037,0.9383,-0.4151,-0.8219,1.5384,-0.1785,0.8433,0.2475,FOLLOW_TURN
89.332,-0.2038,0.9384,-0.4031,-0.8219,1.5384,-0.1785,0.8433,0.2475,FOLLOW_TURN
89.352,-0.2039,0.9384,-0.3911,-0.8219,1.5384,-0.1785,0.8433,0.2475,FOLLOW_TURN
89.372,-0.204,0.9385,-0.3791,-0.8219,1.5384,-0.1785,0.8433,0.2475,FOLLOW_TURN
89.392,-0.2041,0.9385,-0.3671,-0.8219,1.5384,-0.1785,0.8433,0.2475,FOLLOW_TURN
89.412,-0.2042,0.9386,-0.3551,-0.8219,1.5384,-0.1785,0.8433,0.2475,FOLLOW_TURN
89.432,-0.2042,0.9386,-0.3431,-0.8219,1.5384,-0.1785,0.8433,0.2474,FOLLOW_TURN
89.452,-0.2044,0.9386,-0.3311,-0.8219,1.5384,-0.1785,0.8433,0.2474,FOLLOW_TURN
89.472,-0.2045,0.9387,-0.3191,-0.8219,1.5384,-0.1785,0.8433,0.2474,FOLLOW_TURN
89.492,-0.2046,0.9387,-0.3071,-0.8219,1.5384,-0.1785,0.8433,0.2474,FOLLOW_TURN
89.512,-0.2047,0.9388,-0.2951,-0.8219,1.5384,-0.1785,0.8433,0.2473,FOLLOW_TURN
89.532,-0.2048,0.9388,-0.2831,-0.8219,1.5384,-0.1785,0.8433,0.2473,FOLLOW_TURN
89.552,-0.2049,0.9388,-0.2711,-0.8219,1.5384,-0.1785,0.8433,0.2472,FOLLOW_TURN
89.572,-0.205,0.9389,-0.2591,-0.8219,1.5384,-0.1785,0.8433,0.2472,FOLLOW_TURN
89.592,-0.2051,0.9389,-0.2471,-0.8219,1.5384,-0.1785,0.8433,0.2471,FOLLOW_TURN
89.612,-0.2052,0.9389,-0.2351,-0.8219,1.5384,-0.1785,0.8433,0.2471,FOLLOW_TURN
89.632,-0.2053,0.9389,-0.2231,-0.8219,1.5384,-0.1785,0.8433,0.247,FOLLOW_TURN
89.652,-0.2054,0.939,-0.2111,-0.8219,1.5384,-0.1785,0.8433,0.2469,FOLLOW_TURN
89.672,-0.2055,0.939,-0.1991,-0.8219,1.5384,-0.1785,0.8433,0.2469,FOLLOW_TURN
89.692,-0.2056,0.939,-0.1871,-0.8219,1.5384,-0.1785,0.8433,0.2468,FOLLOW_TURN
89.712,-0.2057,0.939,-0.1751,-0.8219,1.5384,-0.1785,0.8433,0.2467,FOLLOW_TURN
89.732,-0.2058,0.9391,-0.1631,-0.8219,1.5384,-0.1785,0.8433,0.2466,FOLLOW_TURN
89.752,-0.2059,0.9391,-0.1511,-0.8219,1.5384,-0.1785,0.8433,0.2465,FOLLOW_TURN
89.772,-0.206,0.9391,-0.1391,-0.8219,1.5384,-0.1785,0.8433,0.2464,FOLLOW_TURN
89.792,-0.2061,0.9391,-0.1271,-0.8219,1.5384,-0.1785,0.8433,0.2463,FOLLOW_TURN
89.812,-0.2062,0.9391,-0.1151,-0.8219,1.5384,-0.1785,0.8433,0.2462,FOLLOW_TURN
89.832,-0.2063,0.9391,-0.1031,-0.8219,1.5384,-0.1785,0.8433,0.2461,FOLLOW_TURN
89.852,-0.2064,0.9392,-0.0911,-0.8219,1.5384,-0.1785,0.8433,0.246,FOLLOW_TURN
89.872,-0.2065,0.9392,-0.0791,-0.8219,1.5384,-0.1785,0.8433,0.2459,FOLLOW_TURN
89.892,-0.2067,0.9392,-0.0671,-0.8219,1.5384,-0.1785,0.8433,0.2457,FOLLOW_TURN
89.912,-0.2068,0.9392,-0.0551,-0.8219,1.5384,-0.1785,0.8433,0.2456,FOLLOW_TURN
89.932,-0.2069,0.9392,-0.0431,-0.8219,1.5384,-0.1785,0.8433,0.2455,FOLLOW_TURN
89.952,-0.207,0.9392,-0.0311,-0.8219,1.5384,-0.1785,0.8433,0.2454,FOLLOW_TURN
89.972,-0.2071,0.9392,-0.0191,-0.8219,1.5384,-0.1785,0.8433,0.2452,FOLLOW_TURN
89.992,-0.2072,0.9392,-0.0071,-0.8219,1.5384,-0.1785,0.8433,0.2451,FOLLOW_TURN
90.012,-0.2072,0.9392,0.0047,-0.8219,1.5384,-0.1785,0.8433,0.2448,FOLLOW_TURN
90.032,-0.2068,0.9392,0.0162,-0.8213,1.5388,-0.1785,0.8433,0.2443,FOLLOW
90.052,-0.2062,0.9393,0.0273,-0.8213,1.5388,-0.1785,0.8433,0.2436,FOLLOW
90.072,-0.2053,0.9393,0.038,-0.8205,1.5394,-0.1785,0.8433,0.2427,FOLLOW
90.092,-0.2042,0.9394,0.0483,-0.8197,1.54,-0.1785,0.8433,0.2417,FOLLOW
90.112,-0.203,0.9394,0.0582,-0.818,1.5413,-0.1758,0.8433,0.2405,FOLLOW
90.132,-0.2014,0.9396,0.0678,-0.818,1.5413,-0.1758,0.8433,0.2392,FOLLOW
90.152,-0.1996,0.9397,0.077,-0.8167,1.5423,-0.1758,0.8433,0.2377,FOLLOW
90.172,-0.1975,0.9399,0.0858,-0.8152,1.5435,-0.1758,0.8433,0.2359,FOLLOW
90.192,-0.1952,0.9401,0.0942,-0.8136,1.5447,-0.1758,0.8433,0.2341,FOLLOW
90.212,-0.1928,0.9404,0.1022,-0.8121,1.5459,-0.1681,0.8439,0.2322,FOLLOW
90.232,-0.1902,0.9407,0.1098,-0.8104,1.5473,-0.1681,0.8439,0.2301,FOLLOW
90.252,-0.1872,0.941,0.117,-0.8084,1.5488,-0.1681,0.8439,0.2279,FOLLOW
90.272,-0.1843,0.9414,0.1238,-0.8046,1.5519,-0.1681,0.8439,0.2257,FOLLOW
90.292,-0.1814,0.9418,0.1303,-0.8046,1.5519,-0.1681,0.8439,0.2235,FOLLOW
90.312,-0.1784,0.9422,0.1363,-0.8008,1.5549,-0.1566,0.8451,0.2213,FOLLOW
90.332,-0.1753,0.9426,0.142,-0.8008,1.5549,-0.1566,0.8451,0.2191,FOLLOW
90.352,-0.1721,0.9431,0.1473,-0.7988,1.5564,-0.1566,0.8451,0.2168,FOLLOW
90.372,-0.1691,0.9436,0.1522,-0.795,1.5595,-0.1566,0.8451,0.2147,FOLLOW
90.392,-0.166,0.944,0.1567,-0.795,1.5595,-0.1566,0.8451,0.2125,FOLLOW
90.412,-0.163,0.9445,0.1609,-0.7909,1.5625,-0.1445,0.8468,0.2104,FOLLOW
90.432,-0.1597,0.9451,0.1646,-0.7909,1.5625,-0.1445,0.8468,0.2082,FOLLOW
90.452,-0.1561,0.9457,0.1679,-0.7885,1.5644,-0.1445,0.8468,0.2058,FOLLOW
90.472,-0.1526,0.9463,0.1708,-0.7859,1.5663,-0.1445,0.8468,0.2035,FOLLOW
90.492,-0.149,0.9469,0.1734,-0.7833,1.5683,-0.1445,0.8468,0.2012,FOLLOW
90.512,-0.1455,0.9475,0.1755,-0.7781,1.5722,-0.13,0.8492,0.199,FOLLOW
90.532,-0.1421,0.9481,0.1773,-0.7781,1.5722,-0.13,0.8492,0.1968,FOLLOW
90.552,-0.1386,0.9487,0.1787,-0.7755,1.5742,-0.13,0.8492,0.1947,FOLLOW
90.572,-0.1352,0.9494,0.1796,-0.7729,1.5761,-0.13,0.8492,0.1926,FOLLOW
90.592,-0.1319,0.95,0.1802,-0.7702,1.578,-0.13,0.8492,0.1905,FOLLOW
90.612,-0.1285,0.9506,0.1808,-0.7676,1.58,-0.114,0.852,0.1885,FOLLOW
90.632,-0.1251,0.9512,0.1815,-0.7649,1.582,-0.114,0.852,0.1865,FOLLOW
90.652,-0.1217,0.9518,0.1821,-0.7621,1.5841,-0.114,0.852,0.1844,FOLLOW
90.672,-0.1183,0.9525,0.1828,-0.7593,1.5861,-0.114,0.852,0.1824,FOLLOW
90.692,-0.1149,0.9531,0.1834,-0.7565,1.5882,-0.114,0.852,0.1805,FOLLOW
90.712,-0.1115,0.9537,0.1841,-0.7537,1.5902,-0.0972,0.8551,0.1785,FOLLOW
90.732,-0.1081,0.9544,0.1848,-0.7482,1.5944,-0.0972,0.8551,0.1765,FOLLOW
90.752,-0.1047,0.955,0.1854,-0.7482,1.5944,-0.0972,0.8551,0.1746,FOLLOW
90.772,-0.1013,0.9556,0.1861,-0.7454,1.5965,-0.0972,0.8551,0.1727,FOLLOW
90.792,-0.0979,0.9563,0.1868,-0.7426,1.5985,-0.0972,0.8551,0.1708,FOLLOW
90.812,-0.0947,0.9569,0.1876,-0.7398,1.6006,-0.0801,0.8583,0.1691,FOLLOW
90.832,-0.0916,0.9575,0.1889,-0.7347,1.6045,-0.0801,0.8583,0.1674,FOLLOW
90.852,-0.0885,0.9581,0.1905,-0.7347,1.6045,-0.0801,0.8583,0.1657,FOLLOW
90.872,-0.0854,0.9587,0.1924,-0.7321,1.6064,-0.0801,0.8583,0.164,FOLLOW
90.892,-0.0823,0.9593,0.1944,-0.7296,1.6083,-0.0801,0.8583,0.1623,FOLLOW
90.912,-0.0791,0.9599,0.1964,-0.727,1.6103,-0.0641,0.8613,0.1606,FOLLOW
90.932,-0.076,0.9605,0.1983,-0.7245,1.6122,-0.0641,0.8613,0.159,FOLLOW
90.952,-0.0729,0.9612,0.2003,-0.7219,1.6142,-0.0641,0.8613,0.1574,FOLLOW
90.972,-0.0697,0.9618,0.2023,-0.7194,1.6161,-0.0641,0.8613,0.1558,FOLLOW
90.992,-0.0666,0.9624,0.2042,-0.7168,1.6181,-0.0641,0.8613,0.1542,FOLLOW
91.012,-0.0638,0.963,0.2064,-0.7143,1.6201,-0.0484,0.8644,0.1528,FOLLOW
91.032,-0.061,0.9636,0.2089,-0.712,1.6219,-0.0484,0.8644,0.1514,FOLLOW
91.052,-0.0583,0.9642,0.2118,-0.7097,1.6237,-0.0484,0.8644,0.15,FOLLOW
91.072,-0.0555,0.9648,0.2152,-0.7074,1.6255,-0.0484,0.8644,0.1486,FOLLOW
91.092,-0.0527,0.9654,0.2187,-0.7029,1.6291,-0.0484,0.8644,0.1473,FOLLOW
91.112,-0.0499,0.966,0.2222,-0.7029,1.6291,-0.0339,0.8675,0.1459,FOLLOW
91.132,-0.0471,0.9667,0.2257,-0.7007,1.6309,-0.0339,0.8675,0.1446,FOLLOW
91.152,-0.0443,0.9673,0.2292,-0.6984,1.6327,-0.0339,0.8675,0.1433,FOLLOW
91.172,-0.0415,0.968,0.2328,-0.6962,1.6346,-0.0339,0.8675,0.1421,FOLLOW
91.192,-0.0387,0.9686,0.2363,-0.694,1.6364,-0.0339,0.8675,0.1408,FOLLOW
91.212,-0.0361,0.9693,0.24,-0.6896,1.64,-0.0197,0.8707,0.1397,FOLLOW
91.232,-0.0336,0.9699,0.2441,-0.6896,1.64,-0.0197,0.8707,0.1385,FOLLOW
91.252,-0.031,0.9705,0.2485,-0.6876,1.6418,-0.0197,0.8707,0.1374,FOLLOW
91.272,-0.0284,0.9712,0.253,-0.6855,1.6435,-0.0197,0.8707,0.1363,FOLLOW
91.292,-0.0258,0.9719,0.2575,-0.6835,1.6453,-0.0197,0.8707,0.1352,FOLLOW
91.312,-0.0233,0.9726,0.262,-0.6814,1.647,-0.0064,0.874,0.1342,FOLLOW
91.332,-0.0207,0.9733,0.2665,-0.6794,1.6488,-0.0064,0.874,0.1332,FOLLOW
91.352,-0.0181,0.974,0.271,-0.6774,1.6506,-0.0064,0.874,0.1322,FOLLOW
91.372,-0.0156,0.9747,0.2755,-0.6754,1.6524,-0.0064,0.874,0.1312,FOLLOW
91.392,-0.013,0.9754,0.28,-0.6734,1.6542,-0.0064,0.874,0.1302,FOLLOW
91.412,-0.0105,0.9761,0.2846,-0.6714,1.656,0.0066,0.8775,0.1293,FOLLOW
91.432,-0.008,0.9769,0.2893,-0.6694,1.6579,0.0066,0.8775,0.1284,FOLLOW
91.452,-0.0055,0.9776,0.294,-0.6675,1.6597,0.0066,0.8775,0.1275,FOLLOW
91.472,-0.003,0.9784,0.2987,-0.6655,1.6615,0.0066,0.8775,0.1267,FOLLOW
91.492,-0.0005,0.9792,0.3033,-0.6636,1.6633,0.0066,0.8775,0.1259,FOLLOW
91.512,0.002,0.98,0.308,-0.6617,1.6652,0.0194,0.8813,0.1251,FOLLOW
91.532,0.0045,0.9808,0.3127,-0.6597,1.667,0.0194,0.8813,0.1243,FOLLOW
91.552,0.007,0.9816,0.3174,-0.6578,1.6689,0.0194,0.8813,0.1236,FOLLOW
91.572,0.0095,0.9824,0.3221,-0.6559,1.6707,0.0194,0.8813,0.1229,FOLLOW
91.592,0.012,0.9833,0.3267,-0.654,1.6726,0.0321,0.8854,0.1222,FOLLOW
91.612,0.0144,0.9841,0.3316,-0.6521,1.6745,0.0321,0.8854,0.1215,FOLLOW
91.632,0.0168,0.9849,0.3367,-0.6503,1.6763,0.0321,0.8854,0.1209,FOLLOW
91.652,0.0192,0.9857,0.3419,-0.6485,1.6782,0.0321,0.8854,0.1203,FOLLOW
91.672,0.0216,0.9866,0.347,-0.6467,1.68,0.0321,0.8854,0.1197,FOLLOW
91.692,0.0239,0.9875,0.3521,-0.6449,1.6819,0.0321,0.8854,0.1192,FOLLOW
91.712,0.0263,0.9883,0.3572,-0.6414,1.6856,0.0444,0.8897,0.1186,FOLLOW
91.732,0.0287,0.9892,0.3624,-0.6414,1.6856,0.0444,0.8897,0.1181,FOLLOW
91.752,0.031,0.9901,0.3675,-0.6379,1.6894,0.0444,0.8897,0.1177,FOLLOW
91.772,0.0334,0.9911,0.3726,-0.6379,1.6894,0.0444,0.8897,0.1172,FOLLOW
91.792,0.0357,0.992,0.3777,-0.6344,1.6932,0.0444,0.8897,0.1168,FOLLOW
91.812,0.0381,0.9929,0.383,-0.6344,1.6932,0.0588,0.8951,0.1164,FOLLOW
91.832,0.0404,0.9939,0.3883,-0.6328,1.6951,0.0588,0.8951,0.1161,FOLLOW
91.852,0.0427,0.9948,0.3936,-0.6311,1.697,0.0588,0.8951,0.1157,FOLLOW
91.872,0.045,0.9958,0.3989,-0.6294,1.6989,0.0588,0.8951,0.1154,FOLLOW
91.892,0.0473,0.9967,0.4042,-0.6277,1.7008,0.0588,0.8951,0.1152,FOLLOW
91.912,0.0496,0.9977,0.4095,-0.6261,1.7028,0.0682,0.899,0.1149,FOLLOW
91.932,0.0518,0.9987,0.4148,-0.6244,1.7047,0.0682,0.899,0.1147,FOLLOW
91.952,0.0541,0.9997,0.4201,-0.6228,1.7066,0.0682,0.899,0.1145,FOLLOW
91.972,0.0564,1.0008,0.4254,-0.6212,1.7086,0.0682,0.899,0.1143,FOLLOW
91.992,0.0587,1.0018,0.4307,-0.6196,1.7106,0.0682,0.899,0.1142,FOLLOW
92.012,0.0609,1.0028,0.436,-0.618,1.7125,0.0798,0.9041,0.1141,FOLLOW
92.032,0.0631,1.0039,0.4414,-0.6164,1.7145,0.0798,0.9041,0.114,FOLLOW
92.052,0.0654,1.005,0.4468,-0.6148,1.7165,0.0798,0.9041,0.1139,FOLLOW
92.072,0.0676,1.006,0.4522,-0.6133,1.7185,0.0798,0.9041,0.1139,FOLLOW
92.092,0.0698,1.0071,0.4575,-0.6117,1.7205,0.0798,0.9041,0.1139,FOLLOW
92.112,0.0721,1.0082,0.4629,-0.6102,1.7225,0.0913,0.9095,0.1139,FOLLOW
92.132,0.0743,1.0093,0.4683,-0.6087,1.7245,0.0913,0.9095,0.114,FOLLOW
92.152,0.0765,1.0105,0.4737,-0.6071,1.7265,0.0913,0.9095,0.114,FOLLOW
92.172,0.0787,1.0116,0.479,-0.6056,1.7285,0.0913,0.9095,0.1142,FOLLOW
92.192,0.0809,1.0127,0.4844,-0.6041,1.7306,0.0913,0.9095,0.1143,FOLLOW
92.212,0.083,1.0139,0.4898,-0.6012,1.7347,0.1026,0.9151,0.1144,FOLLOW
92.232,0.0852,1.0151,0.4953,-0.6012,1.7347,0.1026,0.9151,0.1146,FOLLOW
92.252,0.0874,1.0162,0.5007,-0.5997,1.7367,0.1026,0.9151,0.1149,FOLLOW
92.272,0.0895,1.0174,0.5062,-0.5983,1.7388,0.1026,0.9151,0.1151,FOLLOW
92.292,0.0917,1.0186,0.5116,-0.5969,1.7408,0.1026,0.9151,0.1154,FOLLOW
92.312,0.0938,1.0198,0.5171,-0.5954,1.7429,0.1136,0.9211,0.1157,FOLLOW
92.332,0.096,1.0211,0.5225,-0.594,1.745,0.1136,0.9211,0.116,FOLLOW
92.352,0.0981,1.0223,0.528,-0.5926,1.7471,0.1136,0.9211,0.1163,FOLLOW
92.372,0.1002,1.0236,0.5334,-0.5913,1.7492,0.1136,0.9211,0.1167,FOLLOW
92.392,0.1023,1.0248,0.5388,-0.5899,1.7513,0.1136,0.9211,0.1171,FOLLOW
92.412,0.1045,1.0261,0.5441,-0.5885,1.7534,0.1245,0.9273,0.1176,FOLLOW
92.432,0.1067,1.0275,0.5491,-0.5871,1.7555,0.1245,0.9273,0.1181,FOLLOW
92.452,0.1089,1.0288,0.5541,-0.5857,1.7577,0.1245,0.9273,0.1186,FOLLOW
92.472,0.111,1.0301,0.5591,-0.5844,1.7599,0.1245,0.9273,0.1192,FOLLOW
92.492,0.1132,1.0315,0.5641,-0.583,1.7621,0.1245,0.9273,0.1197,FOLLOW
92.512,0.1153,1.0329,0.5692,-0.5816,1.7644,0.1355,0.934,0.1203,FOLLOW
92.532,0.1175,1.0342,0.5742,-0.5803,1.7666,0.1355,0.934,0.121,FOLLOW
92.552,0.1196,1.0356,0.5792,-0.579,1.7688,0.1355,0.934,0.1216,FOLLOW
92.572,0.1218,1.037,0.5842,-0.5777,1.7711,0.1355,0.934,0.1223,FOLLOW
92.592,0.1239,1.0385,0.5892,-0.5763,1.7733,0.1355,0.934,0.123,FOLLOW
92.612,0.1259,1.0398,0.5945,-0.5751,1.7755,0.1464,0.9411,0.1237,FOLLOW
92.632,0.128,1.0412,0.5998,-0.5738,1.7777,0.1464,0.9411,0.1245,FOLLOW
92.652,0.13,1.0426,0.6052,-0.5726,1.7799,0.1464,0.9411,0.1252,FOLLOW
92.672,0.1321,1.044,0.6106,-0.5713,1.7821,0.1464,0.9411,0.126,FOLLOW
92.692,0.1341,1.0455,0.616,-0.5701,1.7844,0.1464,0.9411,0.1268,FOLLOW
92.712,0.1361,1.0469,0.6214,-0.5677,1.7888,0.1569,0.9482,0.1276,FOLLOW
92.732,0.1381,1.0484,0.6267,-0.5665,1.791,0.1569,0.9482,0.1285,FOLLOW
92.752,0.1401,1.0498,0.6321,-0.5665,1.791,0.1569,0.9482,0.1294,FOLLOW
92.772,0.1421,1.0513,0.6375,-0.5654,1.7933,0.1569,0.9482,0.1303,FOLLOW
92.792,0.1441,1.0528,0.6429,-0.5642,1.7955,0.1569,0.9482,0.1312,FOLLOW
92.812,0.1462,1.0544,0.648,-0.5631,1.7978,0.1672,0.9556,0.1322,FOLLOW
92.832,0.1485,1.0561,0.6527,-0.5619,1.8002,0.1672,0.9556,0.1334,FOLLOW
92.852,0.1507,1.0578,0.6569,-0.5606,1.8027,0.1672,0.9556,0.1346,FOLLOW
92.872,0.1529,1.0595,0.6608,-0.5594,1.8052,0.1672,0.9556,0.1358,FOLLOW
92.892,0.1551,1.0612,0.6647,-0.5569,1.8103,0.1672,0.9556,0.137,FOLLOW
92.912,0.1573,1.0629,0.6686,-0.5557,1.8129,0.178,0.9639,0.1383,FOLLOW
92.932,0.1595,1.0647,0.6725,-0.5545,1.8154,0.178,0.9639,0.1396,FOLLOW
92.952,0.1616,1.0664,0.6764,-0.5545,1.8154,0.178,0.9639,0.1409,FOLLOW
92.972,0.1638,1.0682,0.6803,-0.5533,1.818,0.178,0.9639,0.1422,FOLLOW
92.992,0.166,1.0699,0.6842,-0.5521,1.8205,0.178,0.9639,0.1435,FOLLOW
93.012,0.1683,1.0718,0.6878,-0.551,1.8231,0.1891,0.9727,0.145,FOLLOW
93.032,0.1707,1.0738,0.691,-0.5497,1.8258,0.1891,0.9727,0.1466,FOLLOW
93.052,0.173,1.0758,0.6937,-0.5484,1.8286,0.1891,0.9727,0.1482,FOLLOW
93.072,0.1754,1.0778,0.6962,-0.5472,1.8315,0.1891,0.9727,0.1499,FOLLOW
93.092,0.1778,1.0797,0.6987,-0.5459,1.8343,0.1891,0.9727,0.1515,FOLLOW
93.112,0.1801,1.0817,0.7012,-0.5447,1.8371,0.2008,0.9823,0.1532,FOLLOW
93.132,0.1825,1.0837,0.7037,-0.5434,1.84,0.2008,0.9823,0.1549,FOLLOW
93.152,0.1848,1.0857,0.7062,-0.5422,1.8428,0.2008,0.9823,0.1566,FOLLOW
93.172,0.1872,1.0877,0.7087,-0.5409,1.8457,0.2008,0.9823,0.1583,FOLLOW
93.192,0.1895,1.0897,0.7112,-0.5397,1.8485,0.2008,0.9823,0.1601,FOLLOW
93.212,0.192,1.0918,0.7134,-0.5385,1.8514,0.2126,0.9923,0.162,FOLLOW
93.232,0.1945,1.094,0.7152,-0.5372,1.8544,0.2126,0.9923,0.164,FOLLOW
93.252,0.197,1.0962,0.7166,-0.5359,1.8574,0.2126,0.9923,0.1659,FOLLOW
93.272,0.1995,1.0984,0.718,-0.5346,1.8605,0.2126,0.9923,0.1679,FOLLOW
93.292,0.202,1.1005,0.7194,-0.5334,1.8635,0.2126,0.9923,0.17,FOLLOW
93.312,0.2044,1.1027,0.7208,-0.5321,1.8666,0.2249,1.003,0.172,FOLLOW
93.332,0.2069,1.1049,0.7222,-0.5308,1.8697,0.2249,1.003,0.1741,FOLLOW
93.352,0.2094,1.1071,0.7236,-0.5295,1.8727,0.2249,1.003,0.1761,FOLLOW
93.372,0.2119,1.1093,0.725,-0.5283,1.8758,0.2249,1.003,0.1782,FOLLOW
93.392,0.2144,1.1115,0.7264,-0.527,1.8789,0.2249,1.003,0.1803,FOLLOW
93.412,0.217,1.1138,0.7276,-0.5257,1.8819,0.2374,1.0139,0.1826,FOLLOW
93.432,0.2197,1.1162,0.7283,-0.5244,1.8852,0.2374,1.0139,0.1849,FOLLOW
93.452,0.2224,1.1186,0.7285,-0.5231,1.8885,0.2374,1.0139,0.1873,FOLLOW
93.472,0.225,1.121,0.7284,-0.5217,1.8918,0.2374,1.0139,0.1897,FOLLOW
93.492,0.2277,1.1234,0.7283,-0.5203,1.8951,0.2374,1.0139,0.1921,FOLLOW
93.512,0.2304,1.1258,0.7283,-0.519,1.8984,0.2505,1.0256,0.1945,FOLLOW
93.532,0.2331,1.1282,0.7282,-0.5176,1.9018,0.2505,1.0256,0.197,FOLLOW
93.552,0.2358,1.1306,0.7281,-0.5163,1.9051,0.2505,1.0256,0.1994,FOLLOW
93.572,0.2384,1.133,0.7281,-0.5135,1.9117,0.2505,1.0256,0.2019,FOLLOW
93.592,0.2411,1.1353,0.728,-0.5135,1.9117,0.2505,1.0256,0.2043,FOLLOW
93.612,0.2435,1.1375,0.7277,-0.511,1.9178,0.2639,1.0375,0.2066,FOLLOW
93.632,0.2459,1.1396,0.727,-0.511,1.9178,0.2639,1.0375,0.2088,FOLLOW
93.652,0.2482,1.1416,0.7258,-0.5099,1.9205,0.2639,1.0375,0.211,FOLLOW
93.672,0.2505,1.1437,0.7242,-0.5088,1.9232,0.2639,1.0375,0.2131,FOLLOW
93.692,0.2528,1.1457,0.722,-0.5077,1.9259,0.2754,1.0477,0.2153,FOLLOW
93.712,0.255,1.1477,0.7194,-0.5065,1.9286,0.2754,1.0477,0.2175,FOLLOW
93.732,0.2573,1.1496,0.7163,-0.5053,1.9313,0.2754,1.0477,0.2197,FOLLOW
93.752,0.2595,1.1516,0.713,-0.5042,1.9339,0.2754,1.0477,0.2218,FOLLOW
93.772,0.2617,1.1535,0.7096,-0.503,1.9366,0.2754,1.0477,0.224,FOLLOW
93.792,0.264,1.1554,0.7062,-0.5018,1.9393,0.2754,1.0477,0.2261,FOLLOW
93.812,0.266,1.1571,0.7026,-0.4997,1.9441,0.2865,1.0573,0.228,FOLLOW
93.832,0.2679,1.1587,0.6986,-0.4987,1.9462,0.2865,1.0573,0.2299,FOLLOW
93.852,0.2698,1.1603,0.6941,-0.4987,1.9462,0.2865,1.0573,0.2317,FOLLOW
93.872,0.2717,1.1619,0.6891,-0.4977,1.9482,0.2865,1.0573,0.2336,FOLLOW
93.892,0.2735,1.1634,0.6837,-0.4968,1.9503,0.2865,1.0573,0.2354,FOLLOW
93.912,0.2754,1.1649,0.6777,-0.4958,1.9523,0.2957,1.065,0.2372,FOLLOW
93.932,0.2772,1.1664,0.6713,-0.4948,1.9543,0.2957,1.065,0.2389,FOLLOW
93.952,0.2791,1.1678,0.6647,-0.4937,1.9564,0.2957,1.065,0.2407,FOLLOW
93.972,0.2809,1.1692,0.6581,-0.4927,1.9584,0.2957,1.065,0.2425,FOLLOW
93.992,0.2828,1.1707,0.6514,-0.4917,1.9604,0.2957,1.065,0.2442,FOLLOW
94.012,0.2845,1.172,0.6446,-0.4906,1.9624,0.3046,1.0721,0.2459,FOLLOW
94.032,0.2862,1.1732,0.6373,-0.4897,1.9642,0.3046,1.0721,0.2475,FOLLOW
94.052,0.2878,1.1744,0.6296,-0.4887,1.9659,0.3046,1.0721,0.249,FOLLOW
94.072,0.2895,1.1756,0.6214,-0.4878,1.9676,0.3046,1.0721,0.2506,FOLLOW
94.092,0.2911,1.1768,0.6132,-0.4868,1.9693,0.3046,1.0721,0.2522,FOLLOW
94.112,0.2928,1.178,0.605,-0.4858,1.971,0.3128,1.0781,0.2537,FOLLOW
94.132,0.2945,1.1791,0.5968,-0.4848,1.9727,0.3128,1.0781,0.2552,FOLLOW
94.152,0.2962,1.1802,0.5886,-0.4838,1.9744,0.3128,1.0781,0.2568,FOLLOW
94.172,0.2979,1.1814,0.5804,-0.4828,1.976,0.3128,1.0781,0.2583,FOLLOW
94.192,0.2996,1.1825,0.5721,-0.4818,1.9777,0.3128,1.0781,0.2598,FOLLOW
94.212,0.3013,1.1836,0.564,-0.4807,1.9794,0.3209,1.0836,0.2613,FOLLOW
94.232,0.303,1.1847,0.5559,-0.4796,1.981,0.3209,1.0836,0.2628,FOLLOW
94.252,0.3048,1.1857,0.5478,-0.4785,1.9827,0.3209,1.0836,0.2643,FOLLOW
94.272,0.3065,1.1868,0.5397,-0.4774,1.9843,0.3209,1.0836,0.2658,FOLLOW
94.292,0.3083,1.1878,0.5316,-0.4763,1.9859,0.3209,1.0836,0.2673,FOLLOW
94.312,0.3101,1.1889,0.5235,-0.4752,1.9876,0.3293,1.0888,0.2688,FOLLOW
94.332,0.3118,1.1899,0.5154,-0.4741,1.9892,0.3293,1.0888,0.2702,FOLLOW
94.352,0.3136,1.1909,0.5073,-0.4729,1.9908,0.3293,1.0888,0.2717,FOLLOW
94.372,0.3154,1.1919,0.4992,-0.4717,1.9924,0.3293,1.0888,0.2731,FOLLOW
94.392,0.3172,1.1928,0.4911,-0.4706,1.994,0.3293,1.0888,0.2746,FOLLOW
94.412,0.3191,1.1938,0.4831,-0.4681,1.9972,0.3379,1.0937,0.2761,FOLLOW
94.432,0.3211,1.1948,0.4757,-0.4681,1.9972,0.3379,1.0937,0.2775,FOLLOW
94.452,0.323,1.1958,0.4683,-0.4655,2.0006,0.3379,1.0937,0.279,FOLLOW
94.472,0.325,1.1968,0.4609,-0.4655,2.0006,0.3379,1.0937,0.2805,FOLLOW
94.492,0.3269,1.1978,0.4536,-0.4641,2.0022,0.3379,1.0937,0.282,FOLLOW
94.512,0.3289,1.1987,0.4462,-0.4614,2.0055,0.3472,1.0984,0.2834,FOLLOW
94.532,0.3309,1.1997,0.4389,-0.4614,2.0055,0.3472,1.0984,0.2849,FOLLOW
94.552,0.3329,1.2006,0.4315,-0.46,2.0071,0.3472,1.0984,0.2863,FOLLOW
94.572,0.3349,1.2015,0.4242,-0.4587,2.0088,0.3472,1.0984,0.2878,FOLLOW
94.592,0.3369,1.2024,0.4168,-0.4573,2.0104,0.3472,1.0984,0.2892,FOLLOW
94.612,0.3389,1.2033,0.4095,-0.4544,2.0136,0.3568,1.103,0.2906,FOLLOW
94.632,0.341,1.2042,0.4023,-0.4544,2.0136,0.3568,1.103,0.2921,FOLLOW
94.652,0.343,1.205,0.3951,-0.453,2.0152,0.3568,1.103,0.2935,FOLLOW
94.672,0.3451,1.2059,0.3878,-0.4501,2.0183,0.3568,1.103,0.2949,FOLLOW
94.692,0.3471,1.2067,0.3806,-0.4501,2.0183,0.3568,1.103,0.2963,FOLLOW
94.712,0.3492,1.2075,0.3734,-0.4486,2.0199,0.3667,1.1072,0.2977,FOLLOW
94.732,0.3513,1.2083,0.3661,-0.4471,2.0214,0.3667,1.1072,0.2991,FOLLOW
94.752,0.3533,1.2091,0.3589,-0.4456,2.023,0.3667,1.1072,0.3005,FOLLOW
94.772,0.3554,1.2099,0.3517,-0.4441,2.0245,0.3667,1.1072,0.3018,FOLLOW
94.792,0.3575,1.2106,0.3444,-0.4425,2.026,0.3667,1.1072,0.3032,FOLLOW
94.812,0.3596,1.2114,0.3372,-0.441,2.0275,0.3768,1.111,0.3046,FOLLOW
94.832,0.3617,1.2121,0.3299,-0.4395,2.029,0.3768,1.111,0.3059,FOLLOW
94.852,0.3637,1.2128,0.3226,-0.4379,2.0305,0.3768,1.111,0.3072,FOLLOW
94.872,0.3658,1.2135,0.3153,-0.4364,2.032,0.3768,1.111,0.3086,FOLLOW
94.892,0.3679,1.2142,0.308,-0.4348,2.0334,0.3768,1.111,0.3099,FOLLOW
94.912,0.37,1.2148,0.3007,-0.4332,2.0349,0.3869,1.1145,0.3112,FOLLOW
94.932,0.3722,1.2155,0.2934,-0.4316,2.0363,0.3869,1.1145,0.3125,FOLLOW
94.952,0.3743,1.2161,0.2861,-0.43,2.0377,0.3869,1.1145,0.3138,FOLLOW
94.972,0.3764,1.2167,0.2788,-0.4284,2.0391,0.3869,1.1145,0.3151,FOLLOW
94.992,0.3785,1.2173,0.2715,-0.4268,2.0405,0.3869,1.1145,0.3164,FOLLOW
95.012,0.3806,1.2179,0.264,-0.4236,2.0432,0.3971,1.1175,0.3176,FOLLOW
95.032,0.3826,1.2184,0.2562,-0.4236,2.0432,0.3971,1.1175,0.3189,FOLLOW
95.052,0.3846,1.2189,0.2483,-0.422,2.0445,0.3971,1.1175,0.3201,FOLLOW
95.072,0.3867,1.2194,0.2404,-0.4205,2.0458,0.3971,1.1175,0.3213,FOLLOW
95.092,0.3887,1.2199,0.2325,-0.4189,2.0471,0.3971,1.1175,0.3225,FOLLOW
95.112,0.3907,1.2204,0.2247,-0.4173,2.0483,0.4071,1.1201,0.3237,FOLLOW
95.132,0.3928,1.2209,0.2168,-0.4157,2.0495,0.4071,1.1201,0.3249,FOLLOW
95.152,0.3948,1.2213,0.2089,-0.4141,2.0508,0.4071,1.1201,0.326,FOLLOW
95.172,0.3969,1.2217,0.201,-0.4124,2.052,0.4071,1.1201,0.3272,FOLLOW
95.192,0.3989,1.2221,0.1932,-0.4108,2.0532,0.417,1.1223,0.3284,FOLLOW
95.212,0.401,1.2225,0.1855,-0.4092,2.0544,0.417,1.1223,0.3295,FOLLOW
95.232,0.4031,1.2229,0.1778,-0.4075,2.0556,0.417,1.1223,0.3307,FOLLOW
95.252,0.4053,1.2233,0.1702,-0.4058,2.0568,0.417,1.1223,0.3318,FOLLOW
95.272,0.4074,1.2236,0.1626,-0.4041,2.0579,0.417,1.1223,0.333,FOLLOW
95.292,0.4095,1.224,0.1549,-0.4024,2.0591,0.417,1.1223,0.3341,FOLLOW
95.312,0.4116,1.2243,0.1473,-0.4006,2.0602,0.4292,1.1244,0.3352,FOLLOW
95.332,0.4137,1.2246,0.1397,-0.3989,2.0614,0.4292,1.1244,0.3363,FOLLOW
95.352,0.4159,1.2249,0.1321,-0.3972,2.0625,0.4292,1.1244,0.3374,FOLLOW
95.372,0.418,1.2252,0.1244,-0.3936,2.0647,0.4292,1.1244,0.3385,FOLLOW
95.392,0.4201,1.2254,0.1168,-0.3919,2.0658,0.4292,1.1244,0.3396,FOLLOW
95.412,0.4221,1.2257,0.109,-0.3919,2.0658,0.4394,1.1258,0.3406,FOLLOW
95.432,0.4241,1.2259,0.1009,-0.3902,2.0668,0.4394,1.1258,0.3417,FOLLOW
95.452,0.4261,1.2261,0.0924,-0.387,2.0687,0.4394,1.1258,0.3427,FOLLOW
95.472,0.428,1.2262,0.0838,-0.387,2.0687,0.4394,1.1258,0.3437,FOLLOW
95.492,0.43,1.2264,0.0753,-0.3853,2.0696,0.4394,1.1258,0.3447,FOLLOW
95.512,0.4319,1.2265,0.0667,-0.3837,2.0705,0.447,1.1265,0.3456,FOLLOW
95.532,0.4339,1.2266,0.0581,-0.382,2.0714,0.447,1.1265,0.3466,FOLLOW
95.552,0.4359,1.2267,0.0495,-0.3804,2.0723,0.447,1.1265,0.3476,FOLLOW
95.572,0.4378,1.2268,0.041,-0.3787,2.0732,0.447,1.1265,0.3485,FOLLOW
95.592,0.4398,1.2269,0.0324,-0.377,2.074,0.447,1.1265,0.3495,FOLLOW
95.612,0.4417,1.227,0.0237,-0.3737,2.0757,0.4564,1.1271,0.3504,FOLLOW
95.632,0.4437,1.227,0.015,-0.3737,2.0757,0.4564,1.1271,0.3513,FOLLOW
95.652,0.4456,1.227,0.0063,-0.372,2.0765,0.4564,1.1271,0.3522,FOLLOW
95.672,0.4475,1.227,-0.0024,-0.3703,2.0773,0.4564,1.1271,0.3531,FOLLOW
95.694,0.4495,1.227,-0.0111,-0.3669,2.0788,0.4657,1.1272,0.354,FOLLOW
95.714,0.4514,1.227,-0.0198,-0.3669,2.0788,0.4657,1.1272,0.3548,FOLLOW
95.732,0.4533,1.2269,-0.0285,-0.3652,2.0796,0.4657,1.1272,0.3557,FOLLOW
95.752,0.4553,1.2269,-0.0372,-0.3635,2.0803,0.4657,1.1272,0.3566,FOLLOW
95.772,0.4572,1.2268,-0.0459,-0.3618,2.081,0.4657,1.1272,0.3574,FOLLOW
95.792,0.4591,1.2267,-0.0546,-0.3601,2.0817,0.4657,1.1272,0.3582,FOLLOW
95.812,0.4609,1.2266,-0.0635,-0.3583,2.0824,0.475,1.1269,0.359,FOLLOW
95.832,0.4627,1.2264,-0.0727,-0.3568,2.083,0.475,1.1269,0.3598,FOLLOW
95.852,0.4644,1.2263,-0.0822,-0.3553,2.0836,0.475,1.1269,0.3605,FOLLOW
95.872,0.4662,1.2262,-0.0921,-0.3537,2.0841,0.475,1.1269,0.3613,FOLLOW
95.892,0.4679,1.226,-0.1019,-0.3522,2.0847,0.475,1.1269,0.3621,FOLLOW
95.912,0.4696,1.2258,-0.1117,-0.3506,2.0852,0.4834,1.1263,0.3628,FOLLOW
95.932,0.4713,1.2256,-0.1215,-0.3475,2.0862,0.4834,1.1263,0.3635,FOLLOW
95.952,0.473,1.2254,-0.1314,-0.3475,2.0862,0.4834,1.1263,0.3642,FOLLOW
95.972,0.4747,1.2251,-0.1412,-0.346,2.0867,0.4834,1.1263,0.3649,FOLLOW
95.992,0.4764,1.2249,-0.151,-0.3444,2.0872,0.4834,1.1263,0.3656,FOLLOW
96.012,0.4781,1.2246,-0.1609,-0.3428,2.0876,0.4915,1.1253,0.3663,FOLLOW
96.032,0.4798,1.2243,-0.1709,-0.3413,2.088,0.4915,1.1253,0.3669,FOLLOW
96.052,0.4815,1.224,-0.1808,-0.3381,2.0888,0.4915,1.1253,0.3676,FOLLOW
96.072,0.4831,1.2237,-0.1907,-0.3381,2.0888,0.4915,1.1253,0.3682,FOLLOW
96.092,0.4848,1.2234,-0.2007,-0.3366,2.0892,0.4915,1.1253,0.3688,FOLLOW
96.112,0.4865,1.223,-0.2106,-0.335,2.0896,0.4995,1.124,0.3695,FOLLOW
96.132,0.4881,1.2227,-0.2205,-0.3334,2.0899,0.4995,1.124,0.3701,FOLLOW
96.152,0.4898,1.2223,-0.2305,-0.3318,2.0903,0.4995,1.124,0.3707,FOLLOW
96.172,0.4914,1.2219,-0.2404,-0.3303,2.0906,0.4995,1.124,0.3712,FOLLOW
96.192,0.4931,1.2215,-0.2503,-0.3271,2.0912,0.5073,1.1222,0.3718,FOLLOW
96.212,0.4947,1.2211,-0.2604,-0.3271,2.0912,0.5073,1.1222,0.3723,FOLLOW
96.232,0.4962,1.2206,-0.2709,-0.3256,2.0915,0.5073,1.1222,0.3729,FOLLOW
96.252,0.4978,1.2202,-0.2813,-0.3241,2.0917,0.5073,1.1222,0.3734,FOLLOW
96.272,0.4993,1.2197,-0.2918,-0.3211,2.0921,0.5073,1.1222,0.3739,FOLLOW
96.292,0.5008,1.2193,-0.3022,-0.3211,2.0921,0.5073,1.1222,0.3744,FOLLOW
96.312,0.5024,1.2188,-0.3127,-0.3196,2.0923,0.5147,1.1201,0.3749,FOLLOW
96.332,0.5039,1.2183,-0.3231,-0.3181,2.0925,0.5147,1.1201,0.3754,FOLLOW
96.352,0.5054,1.2178,-0.3336,-0.3166,2.0927,0.5147,1.1201,0.3759,FOLLOW
96.372,0.5069,1.2172,-0.3441,-0.3151,2.0928,0.5147,1.1201,0.3763,FOLLOW
96.392,0.5084,1.2167,-0.3545,-0.3136,2.0929,0.5147,1.1201,0.3767,FOLLOW
96.412,0.5099,1.2161,-0.365,-0.3121,2.0931,0.5219,1.1177,0.3772,FOLLOW
96.432,0.5114,1.2155,-0.3754,-0.3106,2.0932,0.5219,1.1177,0.3776,FOLLOW
96.452,0.5129,1.2149,-0.3859,-0.3091,2.0932,0.5219,1.1177,0.378,FOLLOW
96.472,0.5144,1.2143,-0.3963,-0.3076,2.0933,0.5219,1.1177,0.3784,FOLLOW
96.492,0.5159,1.2137,-0.4068,-0.3061,2.0934,0.5219,1.1177,0.3787,FOLLOW
96.512,0.5173,1.213,-0.4172,-0.3046,2.0934,0.5289,1.115,0.3791,FOLLOW
96.532,0.5188,1.2124,-0.4277,-0.3016,2.0934,0.5289,1.115,0.3795,FOLLOW
96.552,0.5202,1.2117,-0.4381,-0.3,2.0934,0.5289,1.115,0.3798,FOLLOW
96.572,0.5217,1.211,-0.4486,-0.3,2.0934,0.5289,1.115,0.3801,FOLLOW
96.592,0.5231,1.2103,-0.459,-0.2985,2.0934,0.5289,1.115,0.3804,FOLLOW
96.612,0.5245,1.2096,-0.4697,-0.2956,2.0933,0.5358,1.1118,0.3807,FOLLOW
96.632,0.5258,1.2089,-0.4806,-0.2956,2.0933,0.5358,1.1118,0.381,FOLLOW
96.652,0.5272,1.2082,-0.4916,-0.2942,2.0932,0.5358,1.1118,0.3813,FOLLOW
96.672,0.5285,1.2075,-0.5025,-0.2928,2.0931,0.5358,1.1118,0.3816,FOLLOW
96.692,0.5298,1.2068,-0.5135,-0.2914,2.093,0.5358,1.1118,0.3819,FOLLOW
96.712,0.5311,1.206,-0.5244,-0.2886,2.0928,0.5421,1.1085,0.3821,FOLLOW
96.732,0.5324,1.2053,-0.5354,-0.2886,2.0928,0.5421,1.1085,0.3823,FOLLOW
96.752,0.5337,1.2045,-0.5464,-0.2872,2.0926,0.5421,1.1085,0.3826,FOLLOW
96.772,0.535,1.2037,-0.5573,-0.2858,2.0925,0.5421,1.1085,0.3828,FOLLOW
96.792,0.5363,1.2029,-0.5683,-0.2844,2.0923,0.5421,1.1085,0.383,FOLLOW
96.812,0.5375,1.2021,-0.5794,-0.283,2.0921,0.5482,1.1049,0.3831,FOLLOW
96.832,0.5387,1.2013,-0.5907,-0.2817,2.0919,0.5482,1.1049,0.3833,FOLLOW
96.852,0.5399,1.2005,-0.602,-0.2803,2.0917,0.5482,1.1049,0.3835,FOLLOW
96.872,0.5411,1.1997,-0.6133,-0.2777,2.0912,0.5482,1.1049,0.3837,FOLLOW
96.892,0.5422,1.1988,-0.6246,-0.2764,2.0909,0.5482,1.1049,0.3838,FOLLOW
96.912,0.5434,1.198,-0.636,-0.2764,2.0909,0.5538,1.1012,0.3839,FOLLOW
96.932,0.5445,1.1971,-0.6473,-0.2751,2.0907,0.5538,1.1012,0.3841,FOLLOW
96.952,0.5457,1.1962,-0.6586,-0.2738,2.0904,0.5538,1.1012,0.3842,FOLLOW
96.972,0.5468,1.1953,-0.6699,-0.2712,2.0898,0.5538,1.1012,0.3843,FOLLOW
96.992,0.5479,1.1944,-0.6812,-0.2712,2.0898,0.5538,1.1012,0.3843,FOLLOW
97.012,0.549,1.1935,-0.6925,-0.2699,2.0894,0.5591,1.0971,0.3844,FOLLOW
97.032,0.5502,1.1926,-0.7038,-0.2686,2.0891,0.5591,1.0971,0.3844,FOLLOW
97.052,0.5512,1.1917,-0.7151,-0.2673,2.0887,0.5591,1.0971,0.3845,FOLLOW
97.072,0.5523,1.1907,-0.7264,-0.266,2.0883,0.5591,1.0971,0.3845,FOLLOW
97.092,0.5534,1.1897,-0.7377,-0.2647,2.088,0.5591,1.0971,0.3845,FOLLOW
97.112,0.5545,1.1888,-0.749,-0.2634,2.0876,0.5642,1.0928,0.3845,FOLLOW
97.132,0.5555,1.1878,-0.7603,-0.2622,2.0871,0.5642,1.0928,0.3842,FOLLOW
97.152,0.5565,1.1868,-0.7716,-0.2596,2.0863,0.5642,1.0928,0.3832,FOLLOW
97.172,0.5576,1.1858,-0.7829,-0.2596,2.0863,0.5642,1.0928,0.3822,FOLLOW
97.192,0.5586,1.1847,-0.7942,-0.2584,2.0858,0.5642,1.0928,0.3812,FOLLOW
97.212,0.5596,1.1836,-0.8052,-0.2571,2.0853,0.5691,1.0882,0.3802,FOLLOW
97.232,0.5608,1.1824,-0.8159,-0.2557,2.0848,0.5691,1.0882,0.3791,FOLLOW
97.252,0.5619,1.1812,-0.8261,-0.2543,2.0842,0.5691,1.0882,0.3781,FOLLOW
97.272,0.563,1.18,-0.8362,-0.2528,2.0836,0.5691,1.0882,0.377,FOLLOW
97.292,0.5641,1.1787,-0.8462,-0.2513,2.0829,0.5691,1.0882,0.376,FOLLOW
97.312,0.5652,1.1775,-0.8563,-0.2499,2.0823,0.5743,1.0827,0.3751,FOLLOW
97.332,0.5663,1.1762,-0.8664,-0.2485,2.0816,0.5743,1.0827,0.3741,FOLLOW
97.352,0.5674,1.1749,-0.8765,-0.247,2.081,0.5743,1.0827,0.3731,FOLLOW
97.372,0.5685,1.1736,-0.8866,-0.2456,2.0803,0.5743,1.0827,0.3722,FOLLOW
97.392,0.5695,1.1723,-0.8967,-0.2428,2.0789,0.5743,1.0827,0.3713,FOLLOW
97.412,0.5705,1.1711,-0.907,-0.2428,2.0789,0.5794,1.0766,0.3704,FOLLOW
97.432,0.5715,1.1698,-0.9175,-0.2414,2.0782,0.5794,1.0766,0.3696,FOLLOW
97.452,0.5724,1.1686,-0.9281,-0.2401,2.0775,0.5794,1.0766,0.3687,FOLLOW
97.472,0.5734,1.1673,-0.9387,-0.2375,2.0761,0.5794,1.0766,0.3679,FOLLOW
97.492,0.5743,1.166,-0.9493,-0.2375,2.0761,0.5794,1.0766,0.3671,FOLLOW
97.512,0.5752,1.1647,-0.9599,-0.2362,2.0754,0.584,1.0706,0.3663,FOLLOW
97.532,0.5761,1.1634,-0.9705,-0.235,2.0746,0.584,1.0706,0.3655,FOLLOW
97.552,0.577,1.1621,-0.9811,-0.2337,2.0739,0.584,1.0706,0.3648,FOLLOW
97.572,0.5778,1.1608,-0.9917,-0.2324,2.0731,0.584,1.0706,0.364,FOLLOW
97.592,0.5787,1.1595,-1.0023,-0.2312,2.0723,0.5881,1.0645,0.3633,FOLLOW
97.612,0.5796,1.1581,-1.0127,-0.2299,2.0715,0.5881,1.0645,0.3626,FOLLOW
97.632,0.5804,1.1567,-1.0231,-0.2286,2.0707,0.5881,1.0645,0.3619,FOLLOW
97.652,0.5812,1.1554,-1.0335,-0.2274,2.0698,0.5881,1.0645,0.3612,FOLLOW
97.672,0.5821,1.154,-1.0438,-0.2261,2.0689,0.5881,1.0645,0.3606,FOLLOW
97.692,0.5829,1.1525,-1.0542,-0.2249,2.0681,0.5881,1.0645,0.36,FOLLOW
97.712,0.5837,1.1511,-1.0645,-0.2224,2.0663,0.5921,1.0581,0.3594,FOLLOW
97.732,0.5844,1.1497,-1.0749,-0.2224,2.0663,0.5921,1.0581,0.3588,FOLLOW
97.752,0.5852,1.1483,-1.0853,-0.2212,2.0653,0.5921,1.0581,0.3582,FOLLOW
97.772,0.5859,1.1468,-1.0956,-0.22,2.0644,0.5921,1.0581,0.3576,FOLLOW
97.792,0.5867,1.1454,-1.106,-0.2188,2.0635,0.5921,1.0581,0.3571,FOLLOW
97.812,0.5874,1.1439,-1.1162,-0.2163,2.0615,0.5957,1.0513,0.3566,FOLLOW
97.832,0.5882,1.1423,-1.1259,-0.2163,2.0615,0.5957,1.0513,0.3561,FOLLOW
97.852,0.589,1.1407,-1.1354,-0.215,2.0604,0.5957,1.0513,0.3557,FOLLOW
97.872,0.5897,1.139,-1.1449,-0.2137,2.0593,0.5957,1.0513,0.3552,FOLLOW
97.892,0.5904,1.1374,-1.1543,-0.2124,2.0582,0.5957,1.0513,0.3548,FOLLOW
97.912,0.5911,1.1358,-1.1638,-0.2111,2.057,0.5993,1.0438,0.3544,FOLLOW
97.932,0.5918,1.1341,-1.1733,-0.2098,2.0559,0.5993,1.0438,0.354,FOLLOW
97.952,0.5925,1.1325,-1.1828,-0.2086,2.0548,0.5993,1.0438,0.3537,FOLLOW
97.972,0.5932,1.1308,-1.1923,-0.2061,2.0524,0.5993,1.0438,0.3534,FOLLOW
97.992,0.5938,1.1291,-1.2017,-0.2061,2.0524,0.5993,1.0438,0.3531,FOLLOW
98.012,0.5945,1.1275,-1.2112,-0.2037,2.05,0.6026,1.036,0.3528,FOLLOW
98.032,0.5951,1.1258,-1.2207,-0.2037,2.05,0.6026,1.036,0.3525,FOLLOW
98.052,0.5957,1.1241,-1.2301,-0.2013,2.0476,0.6026,1.036,0.3523,FOLLOW
98.072,0.5963,1.1224,-1.2396,-0.2013,2.0476,0.6026,1.036,0.3521,FOLLOW
98.092,0.5969,1.1207,-1.249,-0.2001,2.0464,0.6026,1.036,0.3519,FOLLOW
98.112,0.5974,1.119,-1.2585,-0.1989,2.0451,0.6055,1.028,0.3517,FOLLOW
98.132,0.598,1.1173,-1.268,-0.1978,2.0439,0.6055,1.028,0.3515,FOLLOW
98.152,0.5985,1.1156,-1.2774,-0.1966,2.0426,0.6055,1.028,0.3514,FOLLOW
98.172,0.599,1.1138,-1.2869,-0.1955,2.0413,0.6055,1.028,0.3513,FOLLOW
98.192,0.5995,1.1121,-1.2963,-0.1933,2.0387,0.6055,1.028,0.3512,FOLLOW
98.212,0.6,1.1104,-1.306,-0.1933,2.0387,0.608,1.0198,0.3511,FOLLOW
98.232,0.6004,1.1088,-1.3158,-0.1922,2.0375,0.608,1.0198,0.3511,FOLLOW
98.252,0.6008,1.1071,-1.3256,-0.1912,2.0362,0.608,1.0198,0.351,FOLLOW
98.272,0.6012,1.1054,-1.3354,-0.1901,2.0349,0.608,1.0198,0.351,FOLLOW
98.292,0.6016,1.1038,-1.3453,-0.1891,2.0336,0.608,1.0198,0.351,FOLLOW
98.312,0.602,1.1021,-1.3551,-0.1881,2.0323,0.6101,1.0118,0.351,FOLLOW
98.332,0.6024,1.1004,-1.3649,-0.1871,2.031,0.6101,1.0118,0.3511,FOLLOW
98.352,0.6027,1.0987,-1.3747,-0.1862,2.0297,0.6101,1.0118,0.3511,FOLLOW
98.372,0.603,1.097,-1.3845,-0.1852,2.0284,0.6101,1.0118,0.351,FOLLOW
98.392,0.6033,1.0953,-1.3944,-0.1843,2.0271,0.6101,1.0118,0.3501,FOLLOW
98.412,0.6036,1.0935,-1.404,-0.1833,2.0257,0.6118,1.0038,0.3491,FOLLOW
98.432,0.6039,1.0917,-1.4133,-0.1823,2.0243,0.6118,1.0038,0.348,FOLLOW
98.452,0.6042,1.0899,-1.4225,-0.1804,2.0213,0.6118,1.0038,0.347,FOLLOW
98.472,0.6045,1.0881,-1.4316,-0.1804,2.0213,0.6118,1.0038,0.3459,FOLLOW
98.492,0.6047,1.0862,-1.4408,-0.1794,2.0199,0.6118,1.0038,0.3448,FOLLOW
98.512,0.6049,1.0844,-1.45,-0.1785,2.0184,0.6132,0.9953,0.3437,FOLLOW
98.532,0.6052,1.0826,-1.4592,-0.1776,2.0169,0.6132,0.9953,0.3426,FOLLOW
98.552,0.6054,1.0807,-1.4684,-0.1767,2.0154,0.6132,0.9953,0.3415,FOLLOW
98.572,0.6055,1.0789,-1.4775,-0.1758,2.0138,0.6132,0.9953,0.3403,FOLLOW
98.592,0.6057,1.0771,-1.4867,-0.1749,2.0123,0.6132,0.9953,0.3392,FOLLOW
98.612,0.6058,1.0754,-1.496,-0.1733,2.0095,0.6141,0.9865,0.3382,FOLLOW
98.632,0.6059,1.0738,-1.5057,-0.1733,2.0095,0.6141,0.9865,0.3372,FOLLOW
98.652,0.606,1.0723,-1.5157,-0.1726,2.0083,0.6141,0.9865,0.3363,FOLLOW
98.672,0.6061,1.0707,-1.5261,-0.172,2.007,0.6141,0.9865,0.3353,FOLLOW
98.692,0.6062,1.0692,-1.5369,-0.1713,2.0058,0.6141,0.9865,0.3344,FOLLOW
98.712,0.6062,1.0677,-1.5478,-0.1707,2.0045,0.6146,0.9791,0.3335,FOLLOW
98.732,0.6062,1.0662,-1.5588,-0.1701,2.0033,0.6146,0.9791,0.3326,FOLLOW
98.752,0.6062,1.0647,-1.5697,-0.1695,2.002,0.6146,0.9791,0.3316,FOLLOW
98.772,0.6062,1.0632,-1.5807,-0.1683,1.9994,0.6146,0.9791,0.3307,FOLLOW
98.792,0.6062,1.0617,-1.5917,-0.1683,1.9994,0.6146,0.9791,0.3297,FOLLOW
98.812,0.6062,1.0603,-1.6028,-0.1674,1.9971,0.6147,0.972,0.3289,FOLLOW
98.832,0.6061,1.059,-1.6142,-0.1674,1.9971,0.6147,0.972,0.328,FOLLOW
98.852,0.606,1.0577,-1.626,-0.167,1.9961,0.6147,0.972,0.3272,FOLLOW
98.872,0.606,1.0564,-1.6381,-0.1666,1.9951,0.6147,0.972,0.3264,FOLLOW
98.892,0.6059,1.0552,-1.6506,-0.1658,1.9931,0.6145,0.9663,0.3257,FOLLOW
98.912,0.6058,1.054,-1.6635,-0.1658,1.9931,0.6145,0.9663,0.3249,FOLLOW
98.932,0.6056,1.0528,-1.6766,-0.1655,1.992,0.6145,0.9663,0.3241,FOLLOW
98.952,0.6055,1.0516,-1.6898,-0.1651,1.991,0.6145,0.9663,0.3234,FOLLOW
98.972,0.6053,1.0504,-1.7029,-0.1648,1.99,0.6145,0.9663,0.3226,FOLLOW
98.992,0.6052,1.0492,-1.716,-0.1645,1.9889,0.6145,0.9663,0.3218,FOLLOW
99.012,0.605,1.048,-1.729,-0.1639,1.9869,0.6137,0.9598,0.321,FOLLOW
99.032,0.6048,1.0469,-1.7418,-0.1639,1.9869,0.6137,0.9598,0.3202,FOLLOW
99.052,0.6046,1.0457,-1.7546,-0.1634,1.9848,0.6137,0.9598,0.3194,FOLLOW
99.072,0.6044,1.0445,-1.7674,-0.1634,1.9848,0.6137,0.9598,0.3186,FOLLOW
99.092,0.6041,1.0433,-1.7802,-0.1632,1.9837,0.6137,0.9598,0.3177,FOLLOW
99.11,0.6039,1.0422,-1.793,-0.1629,1.9827,0.613,0.9556,0.3169,FOLLOW
99.132,0.6036,1.041,-1.8058,-0.1627,1.9816,0.613,0.9556,0.316,FOLLOW
99.152,0.6033,1.0399,-1.8186,-0.1625,1.9805,0.613,0.9556,0.3151,FOLLOW
99.172,0.603,1.0387,-1.8314,-0.1623,1.9795,0.613,0.9556,0.3142,FOLLOW
99.192,0.6027,1.0376,-1.8441,-0.1622,1.9784,0.613,0.9556,0.3133,FOLLOW
99.212,0.6023,1.0364,-1.8571,-0.162,1.9773,0.6114,0.9493,0.3124,FOLLOW
99.232,0.602,1.0352,-1.8704,-0.1618,1.9763,0.6114,0.9493,0.3115,FOLLOW
99.252,0.6016,1.0341,-1.8836,-0.1617,1.9752,0.6114,0.9493,0.3106,FOLLOW
99.272,0.6012,1.033,-1.8969,-0.1616,1.9741,0.6114,0.9493,0.3096,FOLLOW
99.292,0.6008,1.0318,-1.9102,-0.1615,1.973,0.6114,0.9493,0.3087,FOLLOW
99.312,0.6004,1.0307,-1.9234,-0.1614,1.972,0.6101,0.9452,0.3077,FOLLOW
99.332,0.6,1.0296,-1.9367,-0.1613,1.9709,0.6101,0.9452,0.3068,FOLLOW
99.352,0.5996,1.0285,-1.9499,-0.1613,1.9698,0.6101,0.9452,0.3058,FOLLOW
99.372,0.5991,1.0274,-1.9632,-0.1612,1.9687,0.6101,0.9452,0.3048,FOLLOW
99.392,0.5987,1.0262,-1.9764,-0.1612,1.9677,0.6101,0.9452,0.3038,FOLLOW
99.412,0.5982,1.0251,-1.9895,-0.1612,1.9666,0.6082,0.9401,0.3028,FOLLOW
99.432,0.5976,1.0238,-2.0022,-0.1612,1.9653,0.6082,0.9401,0.3016,FOLLOW
99.452,0.597,1.0226,-2.0144,-0.1612,1.9639,0.6082,0.9401,0.3003,FOLLOW
99.472,0.5963,1.0212,-2.0261,-0.1612,1.961,0.6082,0.9401,0.299,FOLLOW
99.492,0.5957,1.0199,-2.0374,-0.1612,1.961,0.6082,0.9401,0.2977,FOLLOW
99.512,0.595,1.0186,-2.0483,-0.1613,1.9596,0.6054,0.9341,0.2963,FOLLOW
99.532,0.5943,1.0172,-2.0592,-0.1614,1.9582,0.6054,0.9341,0.2949,FOLLOW
99.552,0.5935,1.0159,-2.0701,-0.1614,1.9568,0.6054,0.9341,0.2935,FOLLOW
99.572,0.5928,1.0145,-2.081,-0.1615,1.9554,0.6054,0.9341,0.2922,FOLLOW
99.592,0.5921,1.0132,-2.0918,-0.1617,1.9539,0.6054,0.9341,0.2907,FOLLOW
99.612,0.5914,1.0121,-2.1029,-0.1618,1.9525,0.6013,0.9266,0.2895,FOLLOW
99.632,0.5907,1.011,-2.1144,-0.1619,1.9514,0.6013,0.9266,0.2884,FOLLOW
99.652,0.5901,1.0099,-2.1264,-0.162,1.9503,0.6013,0.9266,0.2872,FOLLOW
99.672,0.5894,1.0089,-2.1388,-0.1622,1.9493,0.6013,0.9266,0.2861,FOLLOW
99.692,0.5888,1.0079,-2.1515,-0.1623,1.9482,0.6013,0.9266,0.285,FOLLOW
99.71,0.5881,1.0069,-2.1641,-0.1625,1.9471,0.5991,0.9229,0.2839,FOLLOW
99.732,0.5874,1.0059,-2.1767,-0.1627,1.9461,0.5991,0.9229,0.2828,FOLLOW
99.752,0.5868,1.0049,-2.1894,-0.1629,1.945,0.5991,0.9229,0.2817,FOLLOW
99.772,0.5861,1.004,-2.202,-0.1631,1.9439,0.5991,0.9229,0.2805,FOLLOW
99.792,0.5853,1.003,-2.2147,-0.1635,1.9418,0.5991,0.9229,0.2794,FOLLOW
99.814,0.5846,1.002,-2.2271,-0.1638,1.9407,0.596,0.9185,0.2782,FOLLOW
99.832,0.5838,1.0011,-2.2394,-0.1638,1.9407,0.596,0.9185,0.277,FOLLOW
99.852,0.583,1.0001,-2.2517,-0.1641,1.9396,0.596,0.9185,0.2758,FOLLOW
99.872,0.5822,0.9991,-2.264,-0.1644,1.9385,0.596,0.9185,0.2746,FOLLOW
99.892,0.5814,0.9982,-2.2763,-0.1647,1.9374,0.596,0.9185,0.2733,FOLLOW
99.912,0.5806,0.9972,-2.2887,-0.1653,1.9352,0.5925,0.9141,0.2721,FOLLOW
99.932,0.5798,0.9963,-2.301,-0.1656,1.9342,0.5925,0.9141,0.2709,FOLLOW
99.952,0.579,0.9954,-2.3133,-0.1656,1.9342,0.5925,0.9141,0.2696,FOLLOW
99.972,0.5781,0.9945,-2.3256,-0.1664,1.932,0.5925,0.9141,0.2684,FOLLOW
99.992,0.5772,0.9936,-2.3379,-0.1664,1.932,0.5925,0.9141,0.2672,FOLLOW
100.012,0.5763,0.9926,-2.3504,-0.1667,1.9309,0.5887,0.9098,0.2659,FOLLOW
100.032,0.5755,0.9918,-2.3634,-0.1671,1.9299,0.5887,0.9098,0.2646,FOLLOW
100.052,0.5746,0.9909,-2.3769,-0.1675,1.9289,0.5887,0.9098,0.2634,FOLLOW
100.072,0.5737,0.9901,-2.3904,-0.1679,1.9279,0.5887,0.9098,0.2622,FOLLOW
100.092,0.5728,0.9893,-2.404,-0.1683,1.9269,0.5887,0.9098,0.261,FOLLOW
100.112,0.5719,0.9885,-2.4175,-0.1688,1.9259,0.5848,0.906,0.2597,FOLLOW
100.132,0.571,0.9877,-2.4311,-0.1692,1.9249,0.5848,0.906,0.2585,FOLLOW
100.152,0.5701,0.9869,-2.4446,-0.1697,1.9239,0.5848,0.906,0.2573,FOLLOW
100.172,0.5692,0.9862,-2.4582,-0.1701,1.923,0.5848,0.906,0.256,FOLLOW
100.192,0.5682,0.9854,-2.4717,-0.1706,1.922,0.5848,0.906,0.2548,FOLLOW
100.212,0.5673,0.9847,-2.4851,-0.1711,1.921,0.5848,0.906,0.2536,FOLLOW
100.232,0.5661,0.9838,-2.498,-0.1717,1.9199,0.5848,0.906,0.252,FOLLOW
100.252,0.5648,0.9828,-2.5105,-0.1725,1.9185,0.5799,0.9018,0.2503,FOLLOW_ARC
100.272,0.5634,0.9818,-2.5225,-0.1734,1.9169,0.5799,0.9018,0.2486,FOLLOW_ARC
100.292,0.562,0.9808,-2.534,-0.1742,1.9153,0.5799,0.9018,0.2468,FOLLOW_ARC
100.312,0.5606,0.9799,-2.545,-0.1752,1.9138,0.5732,0.8969,0.2451,FOLLOW_ARC
100.332,0.5594,0.9791,-2.5556,-0.1761,1.9122,0.5732,0.8969,0.2436,FOLLOW_ARC
100.352,0.5581,0.9782,-2.5657,-0.177,1.9107,0.5732,0.8969,0.242,FOLLOW_ARC
100.372,0.5567,0.9773,-2.5754,-0.1779,1.9092,0.5732,0.8969,0.2404,FOLLOW_ARC
100.392,0.5553,0.9765,-2.5845,-0.1789,1.9076,0.5732,0.8969,0.2387,FOLLOW_ARC
100.412,0.5547,0.9762,-2.5933,-0.1798,1.9061,0.5672,0.8929,0.238,FOLLOW_TURN
100.432,0.5546,0.9763,-2.6015,-0.1799,1.9059,0.5672,0.8929,0.2379,FOLLOW_TURN
100.452,0.5547,0.9765,-2.6092,-0.1799,1.9059,0.5672,0.8929,0.2381,FOLLOW_TURN
100.472,0.555,0.9767,-2.6164,-0.1799,1.9059,0.5672,0.8929,0.2384,FOLLOW_TURN
100.492,0.5553,0.9768,-2.6231,-0.1799,1.9059,0.5672,0.8929,0.2386,FOLLOW_TURN
100.512,0.5557,0.9771,-2.6294,-0.1799,1.9059,0.5655,0.8919,0.239,FOLLOW_TURN
100.532,0.5562,0.9774,-2.6351,-0.1799,1.9059,0.5655,0.8919,0.2395,FOLLOW_TURN
100.552,0.5567,0.9776,-2.6405,-0.1799,1.9059,0.5655,0.8919,0.24,FOLLOW_TURN
100.572,0.5571,0.9779,-2.6454,-0.1799,1.9059,0.5655,0.8919,0.2404,FOLLOW_TURN
100.592,0.5575,0.9781,-2.6498,-0.1799,1.9059,0.5655,0.8919,0.2408,FOLLOW_TURN
100.612,0.5581,0.9784,-2.6537,-0.1799,1.9059,0.5655,0.8919,0.2414,FOLLOW_TURN
100.632,0.5587,0.9788,-2.6572,-0.1799,1.9059,0.5655,0.8919,0.2421,FOLLOW_TURN
100.652,0.5593,0.9791,-2.6602,-0.1799,1.9059,0.5655,0.8919,0.2427,FOLLOW_TURN
100.672,0.5599,0.9794,-2.6628,-0.1799,1.9059,0.5655,0.8919,0.2433,FOLLOW_TURN
100.692,0.5605,0.9797,-2.665,-0.1799,1.9059,0.5655,0.8919,0.2439,FOLLOW_TURN
100.712,0.5612,0.9801,-2.6666,-0.1799,1.9059,0.5655,0.8919,0.2446,FOLLOW_TURN
100.732,0.562,0.9805,-2.6678,-0.1799,1.9059,0.5655,0.8919,0.2454,FOLLOW_TURN
100.752,0.5627,0.9808,-2.6685,-0.1799,1.9059,0.5655,0.8919,0.2462,FOLLOW_TURN
100.772,0.5634,0.9812,-2.6688,-0.1799,1.9059,0.5655,0.8919,0.247,FOLLOW_TURN
100.792,0.5642,0.9816,-2.6687,-0.1799,1.9059,0.5655,0.8919,0.2478,FOLLOW_TURN
100.812,0.5649,0.982,-2.668,-0.1799,1.9059,0.5655,0.8919,0.2486,FOLLOW_TURN
100.832,0.5657,0.9824,-2.667,-0.1799,1.9059,0.5655,0.8919,0.2495,FOLLOW_TURN
100.852,0.5665,0.9828,-2.6654,-0.1799,1.9059,0.5655,0.8919,0.2503,FOLLOW_TURN
100.872,0.5672,0.9831,-2.6635,-0.1799,1.9059,0.5655,0.8919,0.2511,FOLLOW_TURN
100.892,0.5679,0.9835,-2.661,-0.1799,1.9059,0.5655,0.8919,0.2519,FOLLOW_TURN
100.912,0.5686,0.9839,-2.6581,-0.1799,1.9059,0.5655,0.8919,0.2526,FOLLOW_TURN
100.932,0.5692,0.9842,-2.6548,-0.1799,1.9059,0.5655,0.8919,0.2533,FOLLOW_TURN
100.952,0.5698,0.9845,-2.651,-0.1799,1.9059,0.5655,0.8919,0.254,FOLLOW_TURN
100.972,0.5704,0.9848,-2.6468,-0.1799,1.9059,0.5655,0.8919,0.2547,FOLLOW_TURN
100.992,0.571,0.9851,-2.6421,-0.1799,1.9059,0.5655,0.8919,0.2553,FOLLOW_TURN
101.012,0.5715,0.9854,-2.637,-0.1799,1.9059,0.5655,0.8919,0.256,FOLLOW_TURN
101.032,0.572,0.9857,-2.6314,-0.1799,1.9059,0.5655,0.8919,0.2565,FOLLOW_TURN
101.052,0.5724,0.9859,-2.6253,-0.1799,1.9059,0.5655,0.8919,0.2571,FOLLOW_TURN
101.072,0.5729,0.9862,-2.6188,-0.1799,1.9059,0.5655,0.8919,0.2576,FOLLOW_TURN
101.092,0.5733,0.9864,-2.6118,-0.1799,1.9059,0.5655,0.8919,0.2581,FOLLOW_TURN
101.112,0.5736,0.9866,-2.6044,-0.1799,1.9059,0.5655,0.8919,0.2586,FOLLOW_TURN
101.132,0.574,0.9868,-2.5965,-0.1799,1.9059,0.5655,0.8919,0.2591,FOLLOW_TURN
101.152,0.5743,0.987,-2.5882,-0.1799,1.9059,0.5655,0.8919,0.2595,FOLLOW_TURN
101.172,0.5746,0.9872,-2.5794,-0.1799,1.9059,0.5655,0.8919,0.2599,FOLLOW_TURN
101.192,0.5748,0.9874,-2.5702,-0.1799,1.9059,0.5655,0.8919,0.2602,FOLLOW_TURN
101.212,0.5751,0.9875,-2.5604,-0.1799,1.9059,0.5655,0.8919,0.2606,FOLLOW_TURN
101.232,0.5753,0.9876,-2.5503,-0.1799,1.9059,0.5655,0.8919,0.2609,FOLLOW_TURN
101.252,0.5754,0.9878,-2.5396,-0.1799,1.9059,0.5655,0.8919,0.2611,FOLLOW_TURN
101.272,0.5756,0.9878,-2.5285,-0.1799,1.9059,0.5655,0.8919,0.2614,FOLLOW_TURN
101.292,0.5757,0.9879,-2.5169,-0.1799,1.9059,0.5655,0.8919,0.2616,FOLLOW_TURN
101.312,0.5758,0.988,-2.505,-0.1799,1.9059,0.5655,0.8919,0.2617,FOLLOW_TURN
101.332,0.5759,0.9881,-2.493,-0.1799,1.9059,0.5655,0.8919,0.2619,FOLLOW_TURN
101.352,0.576,0.9881,-2.481,-0.1799,1.9059,0.5655,0.8919,0.2621,FOLLOW_TURN
101.372,0.5761,0.9882,-2.469,-0.1799,1.9059,0.5655,0.8919,0.2622,FOLLOW_TURN
101.392,0.5761,0.9882,-2.457,-0.1799,1.9059,0.5655,0.8919,0.2624,FOLLOW_TURN
101.412,0.5762,0.9883,-2.445,-0.1799,1.9059,0.5655,0.8919,0.2625,FOLLOW_TURN
101.432,0.5763,0.9884,-2.433,-0.1799,1.9059,0.5655,0.8919,0.2627,FOLLOW_TURN
101.452,0.5764,0.9884,-2.421,-0.1799,1.9059,0.5655,0.8919,0.2628,FOLLOW_TURN
101.472,0.5765,0.9885,-2.409,-0.1799,1.9059,0.5655,0.8919,0.2629,FOLLOW_TURN
101.492,0.5766,0.9886,-2.397,-0.1799,1.9059,0.5655,0.8919,0.2631,FOLLOW_TURN
101.512,0.5766,0.9887,-2.385,-0.1799,1.9059,0.5655,0.8919,0.2632,FOLLOW_TURN
101.532,0.5767,0.9887,-2.373,-0.1799,1.9059,0.5655,0.8919,0.2633,FOLLOW_TURN
101.552,0.5768,0.9888,-2.361,-0.1799,1.9059,0.5655,0.8919,0.2634,FOLLOW_TURN
101.572,0.5769,0.9889,-2.349,-0.1799,1.9059,0.5655,0.8919,0.2635,FOLLOW_TURN
101.592,0.577,0.9889,-2.337,-0.1799,1.9059,0.5655,0.8919,0.2636,FOLLOW_TURN
101.612,0.5769,0.9889,-2.3252,-0.1799,1.9058,0.5655,0.8919,0.2636,FOLLOW_TURN
101.632,0.5765,0.9885,-2.314,-0.1799,1.9052,0.5655,0.8919,0.263,FOLLOW_ARC
101.652,0.5759,0.9879,-2.3033,-0.1799,1.9052,0.5655,0.8919,0.2621,FOLLOW_ARC
101.672,0.5751,0.9871,-2.2931,-0.1799,1.9042,0.5655,0.8919,0.261,FOLLOW_ARC
101.692,0.5744,0.9863,-2.2833,-0.1799,1.9032,0.5655,0.8919,0.2599,FOLLOW_ARC
101.712,0.5736,0.9854,-2.2741,-0.1799,1.9022,0.5637,0.8899,0.2587,FOLLOW_ARC
101.732,0.5725,0.9842,-2.2654,-0.1798,1.9011,0.5637,0.8899,0.257,FOLLOW_ARC
101.752,0.5712,0.9827,-2.2572,-0.1797,1.8995,0.5637,0.8899,0.255,FOLLOW_ARC
101.772,0.5699,0.9811,-2.2495,-0.1797,1.8977,0.5637,0.8899,0.253,FOLLOW_ARC
101.792,0.5687,0.9795,-2.2422,-0.1795,1.8941,0.5637,0.8899,0.251,FOLLOW_ARC
101.812,0.5677,0.9783,-2.2354,-0.1795,1.8941,0.5578,0.8828,0.2494,FOLLOW
101.832,0.5667,0.9771,-2.229,-0.1794,1.8929,0.5578,0.8828,0.2478,FOLLOW
101.852,0.5658,0.9759,-2.2232,-0.1793,1.8919,0.5578,0.8828,0.2463,FOLLOW
101.872,0.5649,0.9747,-2.2178,-0.1793,1.8908,0.5578,0.8828,0.2448,FOLLOW
101.892,0.5641,0.9736,-2.2128,-0.1792,1.8897,0.5578,0.8828,0.2434,FOLLOW
101.912,0.5631,0.9723,-2.2084,-0.1791,1.8876,0.5552,0.8793,0.2418,FOLLOW
101.932,0.5621,0.971,-2.2044,-0.1791,1.8876,0.5552,0.8793,0.2401,FOLLOW
101.952,0.5612,0.9696,-2.2009,-0.179,1.8865,0.5552,0.8793,0.2385,FOLLOW
101.972,0.5602,0.9683,-2.1979,-0.179,1.8854,0.5552,0.8793,0.2369,FOLLOW
101.992,0.5593,0.967,-2.1953,-0.1789,1.8843,0.5552,0.8793,0.2353,FOLLOW
102.012,0.559,0.9667,-2.1931,-0.1789,1.8831,0.5519,0.875,0.2348,FOLLOW_TURN
102.032,0.5589,0.9665,-2.1914,-0.1789,1.8831,0.5519,0.875,0.2347,FOLLOW_TURN
102.052,0.5589,0.9665,-2.1902,-0.1789,1.8831,0.5519,0.875,0.2346,FOLLOW_TURN
102.072,0.5589,0.9664,-2.1894,-0.1789,1.8831,0.5519,0.875,0.2345,FOLLOW_TURN
102.092,0.5589,0.9664,-2.1891,-0.1789,1.8831,0.5519,0.875,0.2345,FOLLOW_TURN
102.112,0.559,0.9665,-2.1888,-0.1789,1.8831,0.5513,0.874,0.2347,FOLLOW_TURN
102.132,0.5591,0.9667,-2.1881,-0.1789,1.8831,0.5513,0.874,0.2349,FOLLOW_TURN
102.152,0.5593,0.9669,-2.1868,-0.1789,1.8831,0.5513,0.874,0.2351,FOLLOW_TURN
102.172,0.5594,0.9671,-2.1851,-0.1789,1.8831,0.5513,0.874,0.2353,FOLLOW_TURN
102.192,0.5595,0.9672,-2.183,-0.1789,1.8831,0.5513,0.874,0.2355,FOLLOW_TURN
102.212,0.5597,0.9675,-2.1803,-0.1789,1.8831,0.5513,0.874,0.2358,FOLLOW_TURN
102.232,0.5599,0.9678,-2.1772,-0.1789,1.8831,0.5513,0.874,0.2362,FOLLOW_TURN
102.252,0.5601,0.9681,-2.1736,-0.1789,1.8831,0.5513,0.874,0.2366,FOLLOW_TURN
102.272,0.5603,0.9684,-2.1695,-0.1789,1.8831,0.5513,0.874,0.2369,FOLLOW_TURN
102.292,0.5605,0.9687,-2.165,-0.1789,1.8831,0.5513,0.874,0.2372,FOLLOW_TURN
102.312,0.5608,0.9691,-2.1599,-0.1789,1.8831,0.5513,0.874,0.2376,FOLLOW_TURN
102.332,0.5611,0.9695,-2.1544,-0.1789,1.8831,0.5513,0.874,0.2381,FOLLOW_TURN
102.352,0.5614,0.97,-2.1485,-0.1789,1.8831,0.5513,0.874,0.2386,FOLLOW_TURN
102.372,0.5617,0.9704,-2.1421,-0.1789,1.8831,0.5513,0.874,0.2391,FOLLOW_TURN
102.392,0.5619,0.9708,-2.1352,-0.1789,1.8831,0.5513,0.874,0.2395,FOLLOW_TURN
102.412,0.5622,0.9712,-2.1278,-0.1789,1.8831,0.5513,0.874,0.2399,FOLLOW_TURN
102.432,0.5624,0.9715,-2.12,-0.1789,1.8831,0.5513,0.874,0.2402,FOLLOW_TURN
102.452,0.5626,0.9718,-2.1118,-0.1789,1.8831,0.5513,0.874,0.2405,FOLLOW_TURN
102.472,0.5628,0.9721,-2.103,-0.1789,1.8831,0.5513,0.874,0.2408,FOLLOW_TURN
102.492,0.5629,0.9724,-2.0939,-0.1789,1.8831,0.5513,0.874,0.2411,FOLLOW_TURN
102.512,0.563,0.9726,-2.0842,-0.1789,1.8831,0.5513,0.874,0.2412,FOLLOW_TURN
102.532,0.5632,0.9728,-2.0741,-0.1789,1.8831,0.5513,0.874,0.2414,FOLLOW_TURN
102.552,0.5633,0.973,-2.0636,-0.1789,1.8831,0.5513,0.874,0.2415,FOLLOW_TURN
102.572,0.5634,0.9732,-2.0526,-0.1789,1.8831,0.5513,0.874,0.2416,FOLLOW_TURN
102.592,0.5634,0.9733,-2.0411,-0.1789,1.8831,0.5513,0.874,0.2416,FOLLOW_TURN
102.612,0.5635,0.9734,-2.0293,-0.1789,1.8831,0.5513,0.874,0.2416,FOLLOW_TURN
102.632,0.5635,0.9735,-2.0173,-0.1789,1.8831,0.5513,0.874,0.2416,FOLLOW_TURN
102.652,0.5636,0.9736,-2.0053,-0.1789,1.8831,0.5513,0.874,0.2416,FOLLOW_TURN
102.672,0.5636,0.9737,-1.9933,-0.1789,1.8831,0.5513,0.874,0.2416,FOLLOW_TURN
102.692,0.5637,0.9738,-1.9813,-0.1789,1.8831,0.5513,0.874,0.2416,FOLLOW_TURN
102.712,0.5637,0.9739,-1.9693,-0.1789,1.8831,0.5513,0.874,0.2416,FOLLOW_TURN
102.732,0.5638,0.974,-1.9573,-0.1789,1.8831,0.5513,0.874,0.2415,FOLLOW_TURN
102.752,0.5638,0.9741,-1.9453,-0.1789,1.8831,0.5513,0.874,0.2415,FOLLOW_TURN
102.772,0.5639,0.9742,-1.9333,-0.1789,1.8831,0.5513,0.874,0.2414,FOLLOW_TURN
102.792,0.5639,0.9743,-1.9213,-0.1789,1.8831,0.5513,0.874,0.2414,FOLLOW_TURN
102.812,0.5639,0.9744,-1.9093,-0.1789,1.8831,0.5513,0.874,0.2413,FOLLOW_TURN
102.83,0.564,0.9745,-1.8973,-0.1789,1.8831,0.5513,0.874,0.2413,FOLLOW_TURN
102.852,0.564,0.9746,-1.8853,-0.1789,1.8831,0.5513,0.874,0.2412,FOLLOW_TURN
102.872,0.564,0.9747,-1.8733,-0.1789,1.8831,0.5513,0.874,0.2412,FOLLOW_TURN
102.892,0.5641,0.9748,-1.8613,-0.1789,1.8831,0.5513,0.874,0.2411,FOLLOW_TURN
102.912,0.5641,0.9749,-1.8493,-0.1789,1.8831,0.5513,0.874,0.241,FOLLOW_TURN
102.932,0.5641,0.975,-1.8373,-0.1789,1.8831,0.5513,0.874,0.241,FOLLOW_TURN
102.952,0.5642,0.9751,-1.8253,-0.1789,1.8831,0.5513,0.874,0.2409,FOLLOW_TURN
102.972,0.5642,0.9752,-1.8133,-0.1789,1.8831,0.5513,0.874,0.2408,FOLLOW_TURN
102.992,0.5642,0.9753,-1.8013,-0.1789,1.8831,0.5513,0.874,0.2407,FOLLOW_TURN
103.012,0.5643,0.9754,-1.7893,-0.1789,1.8831,0.5513,0.874,0.2406,FOLLOW_TURN
103.032,0.5643,0.9755,-1.7773,-0.1789,1.8831,0.5513,0.874,0.2405,FOLLOW_TURN
103.052,0.5643,0.9756,-1.7653,-0.1789,1.8831,0.5513,0.874,0.2404,FOLLOW_TURN
103.072,0.5643,0.9757,-1.7533,-0.1789,1.8831,0.5513,0.874,0.2403,FOLLOW_TURN
103.092,0.5644,0.9758,-1.7413,-0.1789,1.8831,0.5513,0.874,0.2402,FOLLOW_TURN
103.112,0.5644,0.9759,-1.7293,-0.1789,1.8831,0.5513,0.874,0.2401,FOLLOW_TURN
103.132,0.5644,0.9761,-1.7173,-0.1789,1.8831,0.5513,0.874,0.2399,FOLLOW_TURN
103.152,0.5644,0.9762,-1.7053,-0.1789,1.8831,0.5513,0.874,0.2398,FOLLOW_TURN
103.172,0.5644,0.9763,-1.6933,-0.1789,1.8831,0.5513,0.874,0.2397,FOLLOW_TURN
103.192,0.5645,0.9764,-1.6813,-0.1789,1.8831,0.5513,0.874,0.2396,FOLLOW_TURN
103.212,0.5645,0.9765,-1.6693,-0.1789,1.8831,0.5513,0.874,0.2394,FOLLOW_TURN
103.232,0.5645,0.9766,-1.6573,-0.1789,1.8831,0.5513,0.874,0.2393,FOLLOW_TURN
103.252,0.5645,0.9767,-1.6453,-0.1789,1.8831,0.5513,0.874,0.2391,FOLLOW_TURN
103.272,0.5645,0.9768,-1.6333,-0.1789,1.8831,0.5513,0.874,0.239,FOLLOW_TURN
103.292,0.5645,0.9769,-1.6213,-0.1789,1.8831,0.5513,0.874,0.2388,FOLLOW_TURN
103.312,0.5645,0.977,-1.6093,-0.1789,1.8831,0.5513,0.874,0.2387,FOLLOW_TURN
103.332,0.5645,0.9771,-1.5973,-0.1789,1.8831,0.5513,0.874,0.2385,FOLLOW_TURN
103.352,0.5645,0.9772,-1.5853,-0.1789,1.8831,0.5513,0.874,0.2384,FOLLOW_TURN
103.372,0.5645,0.9773,-1.5733,-0.1789,1.8831,0.5513,0.874,0.2382,FOLLOW_TURN
103.392,0.5645,0.9774,-1.5613,-0.1789,1.8831,0.5513,0.874,0.238,FOLLOW_TURN
103.412,0.5646,0.9774,-1.5494,-0.1789,1.8831,0.5513,0.874,0.2377,FOLLOW_TURN
103.432,0.5646,0.9771,-1.538,-0.1788,1.883,0.5513,0.874,0.2373,FOLLOW
103.452,0.5646,0.9765,-1.5269,-0.1784,1.8826,0.5513,0.874,0.2366,FOLLOW
103.472,0.5647,0.9755,-1.5162,-0.1777,1.8819,0.5513,0.874,0.2357,FOLLOW
103.492,0.5647,0.9744,-1.5059,-0.177,1.8812,0.5513,0.874,0.2347,FOLLOW
103.512,0.5649,0.9732,-1.496,-0.1763,1.8805,0.5514,0.8713,0.2336,FOLLOW
103.532,0.565,0.9717,-1.4865,-0.1754,1.8797,0.5514,0.8713,0.2324,FOLLOW
103.552,0.5652,0.9699,-1.4773,-0.1743,1.8786,0.5514,0.8713,0.2309,FOLLOW
103.572,0.5654,0.9678,-1.4686,-0.1729,1.8772,0.5514,0.8713,0.2293,FOLLOW
103.592,0.5657,0.9655,-1.4603,-0.1714,1.8759,0.5514,0.8713,0.2276,FOLLOW
103.612,0.566,0.9631,-1.4523,-0.17,1.8745,0.552,0.8637,0.2259,FOLLOW
103.632,0.5664,0.9604,-1.4448,-0.1684,1.873,0.552,0.8637,0.224,FOLLOW
103.652,0.5668,0.9575,-1.4376,-0.1665,1.8712,0.552,0.8637,0.2219,FOLLOW
103.672,0.5673,0.9542,-1.4309,-0.1644,1.8692,0.552,0.8637,0.2197,FOLLOW
103.692,0.5678,0.9508,-1.4246,-0.16,1.8651,0.554,0.8481,0.2174,FOLLOW
103.712,0.5683,0.9472,-1.4187,-0.16,1.8651,0.554,0.8481,0.215,FOLLOW
103.732,0.5689,0.9436,-1.4131,-0.1577,1.863,0.554,0.8481,0.2127,FOLLOW
103.752,0.5695,0.94,-1.408,-0.1555,1.8609,0.554,0.8481,0.2103,FOLLOW
103.772,0.5701,0.9364,-1.4032,-0.1533,1.8588,0.554,0.8481,0.2081,FOLLOW
103.792,0.5707,0.9328,-1.3989,-0.151,1.8566,0.554,0.8481,0.2059,FOLLOW
103.812,0.5713,0.9293,-1.3949,-0.1488,1.8545,0.556,0.8359,0.2038,FOLLOW
103.832,0.572,0.9256,-1.3913,-0.1464,1.8522,0.556,0.8359,0.2015,FOLLOW
103.852,0.5727,0.9218,-1.3881,-0.1439,1.8498,0.556,0.8359,0.1993,FOLLOW
103.872,0.5734,0.9181,-1.3853,-0.1387,1.8448,0.556,0.8359,0.1972,FOLLOW
103.892,0.5741,0.9144,-1.3829,-0.1387,1.8448,0.556,0.8359,0.1951,FOLLOW
103.912,0.5748,0.9107,-1.3809,-0.1335,1.8398,0.559,0.8191,0.193,FOLLOW
103.932,0.5755,0.9071,-1.3793,-0.1309,1.8373,0.559,0.8191,0.191,FOLLOW
103.952,0.5762,0.9035,-1.3781,-0.1309,1.8373,0.559,0.8191,0.1891,FOLLOW
103.972,0.5769,0.8999,-1.3772,-0.1284,1.8348,0.559,0.8191,0.1872,FOLLOW
103.992,0.5776,0.8964,-1.3768,-0.1258,1.8324,0.559,0.8191,0.1853,FOLLOW
104.012,0.5782,0.893,-1.3764,-0.1208,1.8275,0.5624,0.8015,0.1836,FOLLOW
104.032,0.5789,0.8898,-1.3756,-0.1208,1.8275,0.5624,0.8015,0.182,FOLLOW
104.052,0.5795,0.8865,-1.3745,-0.1183,1.8252,0.5624,0.8015,0.1803,FOLLOW
104.072,0.5802,0.8832,-1.3733,-0.1135,1.8205,0.5624,0.8015,0.1786,FOLLOW
104.092,0.5808,0.8799,-1.3721,-0.1135,1.8205,0.5624,0.8015,0.177,FOLLOW
104.112,0.5815,0.8766,-1.371,-0.111,1.8182,0.5657,0.7847,0.1754,FOLLOW
104.132,0.5822,0.8733,-1.3698,-0.1086,1.8159,0.5657,0.7847,0.1738,FOLLOW
104.152,0.5828,0.87,-1.3686,-0.1061,1.8136,0.5657,0.7847,0.1722,FOLLOW
104.172,0.5835,0.8667,-1.3675,-0.1037,1.8112,0.5657,0.7847,0.1707,FOLLOW
104.192,0.5842,0.8635,-1.3663,-0.1012,1.8089,0.5657,0.7847,0.1691,FOLLOW
104.212,0.5848,0.8604,-1.365,-0.0988,1.8066,0.569,0.7682,0.1677,FOLLOW
104.232,0.5854,0.8575,-1.3632,-0.0965,1.8045,0.569,0.7682,0.1664,FOLLOW
104.252,0.5861,0.8545,-1.3611,-0.0943,1.8024,0.569,0.7682,0.165,FOLLOW
104.272,0.5867,0.8516,-1.3586,-0.092,1.8003,0.569,0.7682,0.1637,FOLLOW
104.292,0.5873,0.8486,-1.356,-0.0875,1.7961,0.569,0.7682,0.1623,FOLLOW
104.312,0.588,0.8456,-1.3534,-0.0852,1.794,0.5722,0.7528,0.161,FOLLOW
104.332,0.5887,0.8426,-1.3507,-0.0852,1.794,0.5722,0.7528,0.1598,FOLLOW
104.352,0.5893,0.8396,-1.3481,-0.083,1.792,0.5722,0.7528,0.1585,FOLLOW
104.372,0.59,0.8367,-1.3455,-0.0784,1.7879,0.5722,0.7528,0.1573,FOLLOW
104.392,0.5907,0.8337,-1.3429,-0.0784,1.7879,0.5722,0.7528,0.156,FOLLOW
104.412,0.5913,0.8309,-1.3401,-0.0761,1.7858,0.5756,0.7378,0.1549,FOLLOW
104.432,0.592,0.8282,-1.3369,-0.0739,1.7839,0.5756,0.7378,0.1538,FOLLOW
104.452,0.5926,0.8255,-1.3333,-0.0718,1.782,0.5756,0.7378,0.1527,FOLLOW
104.472,0.5933,0.8227,-1.3296,-0.0697,1.7801,0.5756,0.7378,0.1517,FOLLOW
104.492,0.594,0.82,-1.3259,-0.0675,1.7782,0.5756,0.7378,0.1506,FOLLOW
104.512,0.5947,0.8172,-1.3222,-0.0653,1.7764,0.5789,0.7237,0.1496,FOLLOW
104.532,0.5954,0.8145,-1.3185,-0.0632,1.7745,0.5789,0.7237,0.1486,FOLLOW
104.552,0.5961,0.8118,-1.3148,-0.061,1.7726,0.5789,0.7237,0.1477,FOLLOW
104.572,0.5968,0.809,-1.3111,-0.0566,1.769,0.5789,0.7237,0.1467,FOLLOW
104.592,0.5976,0.8063,-1.3074,-0.0566,1.769,0.5789,0.7237,0.1458,FOLLOW
104.612,0.5983,0.8037,-1.3035,-0.0544,1.7671,0.5825,0.7098,0.1449,FOLLOW
104.632,0.599,0.801,-1.2993,-0.0523,1.7654,0.5825,0.7098,0.1441,FOLLOW
104.652,0.5997,0.7984,-1.2951,-0.0501,1.7636,0.5825,0.7098,0.1432,FOLLOW
104.672,0.6005,0.7958,-1.291,-0.048,1.7619,0.5825,0.7098,0.1424,FOLLOW
104.692,0.6012,0.7932,-1.2868,-0.0458,1.7601,0.5825,0.7098,0.1417,FOLLOW
104.712,0.602,0.7905,-1.2826,-0.0437,1.7584,0.5862,0.6964,0.1409,FOLLOW
104.732,0.6028,0.7879,-1.2785,-0.0393,1.755,0.5862,0.6964,0.1402,FOLLOW
104.752,0.6036,0.7853,-1.2743,-0.0393,1.755,0.5862,0.6964,0.1395,FOLLOW
104.772,0.6044,0.7827,-1.2701,-0.0371,1.7533,0.5862,0.6964,0.1388,FOLLOW
104.792,0.6052,0.7801,-1.2659,-0.035,1.7516,0.5862,0.6964,0.1382,FOLLOW
104.812,0.606,0.7776,-1.2616,-0.0328,1.7499,0.5901,0.6831,0.1376,FOLLOW
104.832,0.6068,0.7751,-1.2569,-0.0306,1.7483,0.5901,0.6831,0.137,FOLLOW
104.852,0.6076,0.7726,-1.2523,-0.0285,1.7467,0.5901,0.6831,0.1364,FOLLOW
104.872,0.6085,0.7701,-1.2477,-0.0263,1.7451,0.5901,0.6831,0.1359,FOLLOW
104.892,0.6093,0.7676,-1.243,-0.0242,1.7435,0.5943,0.6703,0.1354,FOLLOW
104.912,0.6101,0.7651,-1.2384,-0.0199,1.7404,0.5943,0.6703,0.1349,FOLLOW
104.932,0.611,0.7626,-1.2338,-0.0199,1.7404,0.5943,0.6703,0.1344,FOLLOW
104.952,0.6119,0.7601,-1.2291,-0.0177,1.7388,0.5943,0.6703,0.134,FOLLOW
104.972,0.6128,0.7577,-1.2245,-0.0155,1.7373,0.5943,0.6703,0.1336,FOLLOW
104.992,0.6137,0.7552,-1.2199,-0.0111,1.7342,0.5987,0.6577,0.1332,FOLLOW
105.012,0.6146,0.7526,-1.2154,-0.0111,1.7342,0.5987,0.6577,0.1329,FOLLOW
105.032,0.6156,0.7501,-1.2113,-0.0088,1.7327,0.5987,0.6577,0.1326,FOLLOW
105.052,0.6165,0.7475,-1.2071,-0.0066,1.7311,0.5987,0.6577,0.1323,FOLLOW
105.072,0.6175,0.745,-1.2029,-0.0043,1.7296,0.5987,0.6577,0.1321,FOLLOW
105.092,0.6185,0.7425,-1.1987,-0.002,1.728,0.5987,0.6577,0.1318,FOLLOW
105.112,0.6195,0.7399,-1.1945,0.0003,1.7265,0.6035,0.6449,0.1316,FOLLOW
105.132,0.6205,0.7374,-1.1903,0.0026,1.725,0.6035,0.6449,0.1315,FOLLOW
105.152,0.6215,0.7349,-1.1861,0.0049,1.7235,0.6035,0.6449,0.1313,FOLLOW
105.172,0.6225,0.7324,-1.1819,0.0073,1.722,0.6035,0.6449,0.1312,FOLLOW
105.192,0.6236,0.7298,-1.1777,0.0096,1.7205,0.6035,0.6449,0.1311,FOLLOW
105.212,0.6246,0.7273,-1.1736,0.0119,1.719,0.6096,0.6295,0.1311,FOLLOW
105.232,0.6257,0.7248,-1.1695,0.0143,1.7175,0.6096,0.6295,0.1311,FOLLOW
105.252,0.6268,0.7222,-1.1655,0.0166,1.7161,0.6096,0.6295,0.1311,FOLLOW
105.272,0.6279,0.7197,-1.1614,0.019,1.7146,0.6096,0.6295,0.1311,FOLLOW
105.292,0.629,0.7172,-1.1574,0.0214,1.7132,0.6096,0.6295,0.1312,FOLLOW
105.312,0.6301,0.7147,-1.1533,0.0238,1.7117,0.614,0.6192,0.1312,FOLLOW
105.332,0.6312,0.7121,-1.1493,0.0262,1.7103,0.614,0.6192,0.1314,FOLLOW
105.352,0.6324,0.7096,-1.1452,0.0286,1.7089,0.614,0.6192,0.1315,FOLLOW
105.372,0.6335,0.7071,-1.1412,0.031,1.7074,0.614,0.6192,0.1317,FOLLOW
105.392,0.6346,0.7046,-1.1371,0.0334,1.706,0.614,0.6192,0.1319,FOLLOW
105.412,0.6351,0.7033,-1.1329,0.0358,1.7046,0.614,0.6192,0.1318,FOLLOW
105.432,0.6353,0.7028,-1.1282,0.0367,1.7041,0.614,0.6192,0.1317,FOLLOW
105.452,0.6356,0.7022,-1.123,0.0374,1.7038,0.6197,0.6065,0.1316,LEAVE
105.472,0.6358,0.7017,-1.1174,0.038,1.7034,0.6197,0.6065,0.1315,LEAVE
105.492,0.6361,0.7012,-1.1113,0.0387,1.703,0.6197,0.6065,0.1314,LEAVE
105.512,0.6361,0.7009,-1.1047,0.0394,1.7026,0.6223,0.6009,0.1312,GO_GOAL
105.532,0.636,0.701,-1.0977,0.0395,1.7026,0.6223,0.6009,0.1308,GO_GOAL
105.552,0.6358,0.7013,-1.0901,0.0395,1.7026,0.6223,0.6009,0.1305,GO_GOAL
105.572,0.6356,0.7017,-1.0821,0.0395,1.7026,0.6223,0.6009,0.1302,GO_GOAL
105.592,0.6354,0.702,-1.0737,0.0395,1.7026,0.6223,0.6009,0.1298,GO_GOAL
105.612,0.6353,0.7023,-1.0648,0.0395,1.7026,0.6227,0.6001,0.1295,GO_GOAL
105.632,0.6351,0.7026,-1.0555,0.0395,1.7026,0.6227,0.6001,0.1291,GO_GOAL
105.652,0.635,0.7028,-1.0456,0.0395,1.7026,0.6227,0.6001,0.1288,GO_GOAL
105.672,0.6349,0.703,-1.0354,0.0395,1.7026,0.6227,0.6001,0.1284,GO_GOAL
105.692,0.6348,0.7032,-1.0247,0.0395,1.7026,0.6227,0.6001,0.128,GO_GOAL
105.712,0.6347,0.7033,-1.0135,0.0395,1.7026,0.6227,0.6001,0.1277,GO_GOAL
105.732,0.6346,0.7034,-1.0019,0.0395,1.7026,0.6227,0.6001,0.1273,GO_GOAL
105.752,0.6346,0.7035,-0.9899,0.0395,1.7026,0.6227,0.6001,0.1269,GO_GOAL
105.772,0.6345,0.7036,-0.9779,0.0395,1.7026,0.6227,0.6001,0.1265,GO_GOAL
105.792,0.6344,0.7037,-0.9659,0.0395,1.7026,0.6227,0.6001,0.1261,GO_GOAL
105.812,0.6344,0.7038,-0.9539,0.0395,1.7026,0.6227,0.6001,0.1257,GO_GOAL
105.832,0.6343,0.7039,-0.9419,0.0395,1.7026,0.6227,0.6001,0.1253,GO_GOAL
105.852,0.6343,0.704,-0.9299,0.0395,1.7026,0.6227,0.6001,0.1249,GO_GOAL
105.872,0.6342,0.704,-0.9179,0.0395,1.7026,0.6227,0.6001,0.1245,GO_GOAL
105.892,0.6341,0.7041,-0.9059,0.0395,1.7026,0.6227,0.6001,0.1241,GO_GOAL
105.912,0.6341,0.7042,-0.8939,0.0395,1.7026,0.6227,0.6001,0.1237,GO_GOAL
105.932,0.634,0.7043,-0.8819,0.0395,1.7026,0.6227,0.6001,0.1233,GO_GOAL
105.952,0.6339,0.7044,-0.8699,0.0395,1.7026,0.6227,0.6001,0.1229,GO_GOAL
105.972,0.6339,0.7045,-0.8579,0.0395,1.7026,0.6227,0.6001,0.1225,GO_GOAL
105.992,0.6338,0.7046,-0.8459,0.0395,1.7026,0.6227,0.6001,0.1221,GO_GOAL
106.012,0.6337,0.7046,-0.8339,0.0395,1.7026,0.6227,0.6001,0.1218,GO_GOAL
106.032,0.6337,0.7047,-0.8219,0.0395,1.7026,0.6227,0.6001,0.1214,GO_GOAL
106.052,0.6336,0.7048,-0.8099,0.0395,1.7026,0.6227,0.6001,0.121,GO_GOAL
106.072,0.6335,0.7049,-0.7979,0.0395,1.7026,0.6227,0.6001,0.1206,GO_GOAL
106.092,0.6335,0.705,-0.7859,0.0395,1.7026,0.6227,0.6001,0.1202,GO_GOAL
106.112,0.6334,0.705,-0.7739,0.0395,1.7026,0.6227,0.6001,0.1198,GO_GOAL
106.132,0.6333,0.7051,-0.7619,0.0395,1.7026,0.6227,0.6001,0.1194,GO_GOAL
106.152,0.6332,0.7052,-0.7499,0.0395,1.7026,0.6227,0.6001,0.119,GO_GOAL
106.172,0.6332,0.7053,-0.7379,0.0395,1.7026,0.6227,0.6001,0.1187,GO_GOAL
106.192,0.6331,0.7053,-0.7259,0.0395,1.7026,0.6227,0.6001,0.1183,GO_GOAL
106.212,0.633,0.7054,-0.7139,0.0395,1.7026,0.6227,0.6001,0.1179,GO_GOAL
106.232,0.6329,0.7055,-0.7019,0.0395,1.7026,0.6227,0.6001,0.1175,GO_GOAL
106.252,0.6328,0.7056,-0.6899,0.0395,1.7026,0.6227,0.6001,0.1171,GO_GOAL
106.272,0.6328,0.7056,-0.6779,0.0395,1.7026,0.6227,0.6001,0.1168,GO_GOAL
106.292,0.6327,0.7057,-0.6659,0.0395,1.7026,0.6227,0.6001,0.1164,GO_GOAL
106.312,0.6326,0.7058,-0.6539,0.0395,1.7026,0.6227,0.6001,0.116,GO_GOAL
106.332,0.6325,0.7058,-0.6419,0.0395,1.7026,0.6227,0.6001,0.1156,GO_GOAL
106.352,0.6324,0.7059,-0.6299,0.0395,1.7026,0.6227,0.6001,0.1153,GO_GOAL
106.372,0.6323,0.706,-0.6179,0.0395,1.7026,0.6227,0.6001,0.1149,GO_GOAL
106.392,0.6323,0.706,-0.6059,0.0395,1.7026,0.6227,0.6001,0.1145,GO_GOAL
106.412,0.6322,0.7061,-0.5939,0.0395,1.7026,0.6227,0.6001,0.1142,GO_GOAL
106.432,0.6321,0.7062,-0.5819,0.0395,1.7026,0.6227,0.6001,0.1138,GO_GOAL
106.452,0.632,0.7062,-0.5699,0.0395,1.7026,0.6227,0.6001,0.1135,GO_GOAL
106.472,0.6319,0.7063,-0.5579,0.0395,1.7026,0.6227,0.6001,0.1131,GO_GOAL
106.492,0.6318,0.7063,-0.5459,0.0395,1.7026,0.6227,0.6001,0.1127,GO_GOAL
106.512,0.6317,0.7064,-0.5339,0.0395,1.7026,0.6227,0.6001,0.1124,GO_GOAL
106.532,0.6316,0.7065,-0.5219,0.0395,1.7026,0.6227,0.6001,0.112,GO_GOAL
106.552,0.6315,0.7065,-0.5099,0.0395,1.7026,0.6227,0.6001,0.1117,GO_GOAL
106.572,0.6314,0.7066,-0.4979,0.0395,1.7026,0.6227,0.6001,0.1113,GO_GOAL
106.592,0.6314,0.7066,-0.4859,0.0395,1.7026,0.6227,0.6001,0.111,GO_GOAL
106.612,0.6313,0.7067,-0.4739,0.0395,1.7026,0.6227,0.6001,0.1106,GO_GOAL
106.632,0.6312,0.7067,-0.4619,0.0395,1.7026,0.6227,0.6001,0.1103,GO_GOAL
106.652,0.6311,0.7068,-0.4499,0.0395,1.7026,0.6227,0.6001,0.11,GO_GOAL
106.672,0.631,0.7068,-0.4379,0.0395,1.7026,0.6227,0.6001,0.1096,GO_GOAL
106.692,0.6309,0.7069,-0.4259,0.0395,1.7026,0.6227,0.6001,0.1093,GO_GOAL
106.712,0.6308,0.7069,-0.4139,0.0395,1.7026,0.6227,0.6001,0.109,GO_GOAL
106.732,0.6307,0.707,-0.4019,0.0395,1.7026,0.6227,0.6001,0.1086,GO_GOAL
106.752,0.6306,0.707,-0.3899,0.0395,1.7026,0.6227,0.6001,0.1083,GO_GOAL
106.772,0.6305,0.7071,-0.3779,0.0395,1.7026,0.6227,0.6001,0.108,GO_GOAL
106.792,0.6304,0.7071,-0.3659,0.0395,1.7026,0.6227,0.6001,0.1077,GO_GOAL
106.812,0.6303,0.7071,-0.3539,0.0395,1.7026,0.6227,0.6001,0.1074,GO_GOAL
106.832,0.6302,0.7072,-0.3419,0.0395,1.7026,0.6227,0.6001,0.1071,GO_GOAL
106.852,0.6301,0.7072,-0.3299,0.0395,1.7026,0.6227,0.6001,0.1067,GO_GOAL
106.872,0.63,0.7073,-0.3179,0.0395,1.7026,0.6227,0.6001,0.1064,GO_GOAL
106.892,0.6299,0.7073,-0.3059,0.0395,1.7026,0.6227,0.6001,0.1061,GO_GOAL
106.912,0.6298,0.7073,-0.2939,0.0395,1.7026,0.6227,0.6001,0.1058,GO_GOAL
106.932,0.6297,0.7074,-0.2819,0.0395,1.7026,0.6227,0.6001,0.1055,GO_GOAL
106.952,0.6296,0.7074,-0.2699,0.0395,1.7026,0.6227,0.6001,0.1052,GO_GOAL
106.972,0.6295,0.7074,-0.2579,0.0395,1.7026,0.6227,0.6001,0.105,GO_GOAL
106.992,0.6294,0.7075,-0.2459,0.0395,1.7026,0.6227,0.6001,0.1047,GO_GOAL
107.012,0.6293,0.7075,-0.2339,0.0395,1.7026,0.6227,0.6001,0.1044,GO_GOAL
107.032,0.6292,0.7075,-0.2219,0.0395,1.7026,0.6227,0.6001,0.1041,GO_GOAL
107.052,0.6291,0.7075,-0.2099,0.0395,1.7026,0.6227,0.6001,0.1038,GO_GOAL
107.072,0.629,0.7076,-0.1979,0.0395,1.7026,0.6227,0.6001,0.1036,GO_GOAL
107.092,0.6288,0.7076,-0.1859,0.0395,1.7026,0.6227,0.6001,0.1033,GO_GOAL
107.112,0.6287,0.7076,-0.1737,0.0395,1.7026,0.6227,0.6001,0.103,GO_GOAL
107.132,0.6289,0.7076,-0.1612,0.0397,1.7027,0.6227,0.6001,0.103,GO_GOAL
107.152,0.6295,0.7075,-0.1483,0.0402,1.703,0.6227,0.6001,0.1033,GO_GOAL
107.172,0.6301,0.7074,-0.1351,0.041,1.7034,0.6227,0.6001,0.1038,GO_GOAL
107.192,0.6308,0.7073,-0.1215,0.0419,1.7039,0.6227,0.6001,0.1042,GO_GOAL
107.212,0.6314,0.7073,-0.1075,0.0427,1.7045,0.6253,0.5997,0.1047,GO_GOAL
107.232,0.6324,0.7072,-0.0932,0.0437,1.7051,0.6253,0.5997,0.1054,GO_GOAL
107.252,0.6338,0.7071,-0.0785,0.045,1.706,0.6253,0.5997,0.1066,GO_GOAL
107.272,0.6353,0.707,-0.0635,0.0466,1.7071,0.6253,0.5997,0.1078,GO_GOAL
107.292,0.6368,0.7069,-0.0482,0.0482,1.7083,0.6253,0.5997,0.1091,GO_GOAL
107.312,0.6382,0.7068,-0.0325,0.0498,1.7095,0.633,0.599,0.1103,GO_GOAL
107.332,0.6398,0.7068,-0.0165,0.0515,1.7108,0.633,0.599,0.1117,GO_GOAL
107.352,0.6415,0.7068,-0.0001,0.0534,1.7123,0.633,0.599,0.1132,GO_GOAL
107.372,0.6431,0.7068,0.0166,0.0569,1.7155,0.633,0.599,0.1146,GO_GOAL
107.392,0.6448,0.7068,0.0337,0.0569,1.7155,0.633,0.599,0.1161,GO_GOAL
107.412,0.6468,0.7069,0.051,0.0586,1.7172,0.6443,0.5988,0.118,GO_GOAL
107.432,0.649,0.7071,0.0687,0.0604,1.719,0.6443,0.5988,0.12,GO_GOAL
107.452,0.6511,0.7072,0.0867,0.0623,1.7209,0.6443,0.5988,0.1221,GO_GOAL
107.472,0.6533,0.7075,0.1052,0.064,1.7228,0.6443,0.5988,0.1242,GO_GOAL
107.492,0.6556,0.7077,0.1239,0.0658,1.7248,0.6443,0.5988,0.1263,GO_GOAL
107.512,0.6581,0.7081,0.1427,0.0675,1.7268,0.6572,0.5997,0.1288,GO_GOAL
107.532,0.6608,0.7085,0.1612,0.0692,1.729,0.6572,0.5997,0.1315,GO_GOAL
107.552,0.6635,0.709,0.1794,0.071,1.7313,0.6572,0.5997,0.1342,GO_GOAL
107.572,0.6662,0.7095,0.1977,0.0727,1.7336,0.6572,0.5997,0.1369,GO_GOAL
107.592,0.6689,0.71,0.2159,0.0744,1.736,0.6572,0.5997,0.1396,GO_GOAL
107.612,0.6717,0.7107,0.234,0.0761,1.7384,0.6711,0.6019,0.1425,GO_GOAL
107.632,0.6748,0.7115,0.2516,0.0778,1.7409,0.6711,0.6019,0.1457,GO_GOAL
107.652,0.6779,0.7123,0.2688,0.0811,1.7462,0.6711,0.6019,0.1489,GO_GOAL
107.672,0.6809,0.7132,0.2856,0.0811,1.7462,0.6711,0.6019,0.1521,GO_GOAL
107.692,0.6839,0.7141,0.302,0.0827,1.7489,0.6711,0.6019,0.1553,GO_GOAL
107.712,0.687,0.7152,0.3179,0.0843,1.7516,0.686,0.6057,0.1586,GO_GOAL
107.732,0.6903,0.7163,0.3334,0.0875,1.7574,0.686,0.6057,0.1621,GO_GOAL
107.752,0.6937,0.7175,0.3485,0.0875,1.7574,0.686,0.6057,0.1657,GO_GOAL
107.772,0.6969,0.7187,0.3631,0.0907,1.7633,0.686,0.6057,0.1692,GO_GOAL
107.792,0.7002,0.7199,0.3773,0.0907,1.7633,0.686,0.6057,0.1727,GO_GOAL
107.812,0.7035,0.7213,0.3911,0.0937,1.7693,0.7015,0.611,0.1763,GO_GOAL
107.832,0.7069,0.7228,0.4044,0.0937,1.7693,0.7015,0.611,0.1801,GO_GOAL
107.852,0.7103,0.7243,0.4172,0.0952,1.7725,0.7015,0.611,0.1838,GO_GOAL
107.872,0.7137,0.7258,0.4297,0.0967,1.7756,0.7015,0.611,0.1875,GO_GOAL
107.892,0.717,0.7273,0.4416,0.0981,1.7787,0.7015,0.611,0.1911,GO_GOAL
107.912,0.7204,0.729,0.4532,0.0996,1.7818,0.7173,0.6177,0.1949,GO_GOAL
107.932,0.7239,0.7307,0.4642,0.101,1.7851,0.7173,0.6177,0.1988,GO_GOAL
107.952,0.7273,0.7324,0.4748,0.1024,1.7883,0.7173,0.6177,0.2026,GO_GOAL
107.972,0.7307,0.7342,0.485,0.1039,1.7915,0.7173,0.6177,0.2064,GO_GOAL
107.992,0.7341,0.736,0.4947,0.1052,1.7948,0.7173,0.6177,0.2101,GO_GOAL
108.012,0.7375,0.7378,0.5039,0.1066,1.798,0.733,0.6256,0.214,GO_GOAL
108.032,0.7409,0.7398,0.5127,0.108,1.8013,0.733,0.6256,0.2178,GO_GOAL
108.052,0.7443,0.7417,0.521,0.1093,1.8046,0.733,0.6256,0.2216,GO_GOAL
108.072,0.7477,0.7436,0.5289,0.112,1.8113,0.733,0.6256,0.2254,GO_GOAL
108.092,0.751,0.7456,0.5363,0.112,1.8113,0.733,0.6256,0.2292,GO_GOAL
108.112,0.7543,0.7476,0.5432,0.1134,1.8146,0.7486,0.6343,0.233,GO_GOAL
108.132,0.7577,0.7496,0.5497,0.1147,1.8179,0.7486,0.6343,0.2368,GO_GOAL
108.152,0.761,0.7517,0.5557,0.116,1.8213,0.7486,0.6343,0.2406,GO_GOAL
108.172,0.7643,0.7537,0.5613,0.1173,1.8246,0.7486,0.6343,0.2443,GO_GOAL
108.192,0.7675,0.7558,0.5664,0.1186,1.8279,0.7486,0.6343,0.248,GO_GOAL
108.212,0.7708,0.7579,0.571,0.12,1.8313,0.7639,0.6436,0.2517,GO_GOAL
108.232,0.774,0.76,0.5752,0.1213,1.8347,0.7639,0.6436,0.2555,GO_GOAL
108.252,0.7773,0.7621,0.5789,0.1226,1.838,0.7639,0.6436,0.2592,GO_GOAL
108.272,0.7805,0.7642,0.5821,0.1239,1.8414,0.7639,0.6436,0.2628,GO_GOAL
108.292,0.7836,0.7663,0.5849,0.1252,1.8447,0.7639,0.6436,0.2664,GO_GOAL
108.312,0.7868,0.7684,0.5872,0.1265,1.8481,0.779,0.6534,0.27,GO_GOAL
108.332,0.7899,0.7705,0.5891,0.1278,1.8514,0.779,0.6534,0.2736,GO_GOAL
108.352,0.793,0.7725,0.5904,0.1291,1.8548,0.779,0.6534,0.2772,GO_GOAL
108.372,0.7961,0.7746,0.5913,0.1304,1.8581,0.779,0.6534,0.2807,GO_GOAL
108.392,0.7992,0.7767,0.5918,0.1317,1.8615,0.779,0.6534,0.2842,GO_GOAL
108.412,0.8022,0.7787,0.5918,0.133,1.8648,0.794,0.6634,0.2877,GO_GOAL
108.432,0.8052,0.7807,0.5913,0.1343,1.8682,0.794,0.6634,0.2912,GO_GOAL
108.452,0.8082,0.7828,0.5904,0.1356,1.8715,0.794,0.6634,0.2946,GO_GOAL
108.472,0.8112,0.7848,0.5894,0.137,1.8749,0.794,0.6634,0.298,GO_GOAL
108.492,0.8142,0.7868,0.5884,0.1383,1.8782,0.794,0.6634,0.3014,GO_GOAL
108.512,0.8172,0.7888,0.5875,0.1409,1.8849,0.809,0.6734,0.3049,GO_GOAL
108.532,0.8202,0.7908,0.5866,0.1409,1.8849,0.809,0.6734,0.3083,GO_GOAL
108.552,0.8232,0.7928,0.5857,0.1436,1.8916,0.809,0.6734,0.3117,GO_GOAL
108.572,0.8262,0.7947,0.5848,0.1436,1.8916,0.809,0.6734,0.3152,GO_GOAL
108.592,0.8293,0.7967,0.5838,0.1449,1.8949,0.809,0.6734,0.3186,GO_GOAL
108.612,0.8323,0.7987,0.583,0.1463,1.8983,0.8239,0.6833,0.3221,GO_GOAL
108.632,0.8353,0.8007,0.5823,0.1476,1.9016,0.8239,0.6833,0.3255,GO_GOAL
108.652,0.8383,0.8027,0.5816,0.1503,1.9083,0.8239,0.6833,0.3289,GO_GOAL
108.672,0.8413,0.8047,0.5808,0.1503,1.9083,0.8239,0.6833,0.3324,GO_GOAL
108.692,0.8443,0.8066,0.5801,0.1517,1.9116,0.8239,0.6833,0.3359,GO_GOAL
108.712,0.8473,0.8086,0.5795,0.153,1.915,0.839,0.6932,0.3393,GO_GOAL
108.732,0.8503,0.8106,0.5789,0.1544,1.9183,0.839,0.6932,0.3428,GO_GOAL
108.752,0.8534,0.8126,0.5783,0.1571,1.925,0.839,0.6932,0.3462,GO_GOAL
108.772,0.8564,0.8145,0.5777,0.1571,1.925,0.839,0.6932,0.3497,GO_GOAL
108.792,0.8594,0.8165,0.5771,0.1585,1.9283,0.839,0.6932,0.3532,GO_GOAL
108.812,0.8624,0.8185,0.5766,0.1612,1.9349,0.8541,0.703,0.3566,GO_GOAL
108.832,0.8654,0.8204,0.5762,0.1612,1.9349,0.8541,0.703,0.3601,GO_GOAL
108.852,0.8684,0.8224,0.5757,0.1626,1.9383,0.8541,0.703,0.3635,GO_GOAL
108.872,0.8714,0.8243,0.5752,0.1639,1.9416,0.8541,0.703,0.367,GO_GOAL
108.892,0.8745,0.8263,0.5748,0.1653,1.9449,0.8541,0.703,0.3705,GO_GOAL
108.912,0.8775,0.8282,0.5744,0.1667,1.9482,0.8691,0.7128,0.3739,GO_GOAL
108.932,0.8805,0.8302,0.574,0.168,1.9515,0.8691,0.7128,0.3718,GO_GOAL
108.952,0.8835,0.8321,0.5737,0.1694,1.9548,0.8691,0.7128,0.3685,GO_GOAL
108.972,0.8865,0.8341,0.5733,0.1708,1.9582,0.8691,0.7128,0.3653,GO_GOAL
108.992,0.8895,0.836,0.5729,0.1721,1.9615,0.8691,0.7128,0.3621,GO_GOAL
109.012,0.8925,0.8379,0.5726,0.1735,1.9648,0.8842,0.7225,0.359,GO_GOAL
109.032,0.8954,0.8398,0.5723,0.1762,1.9712,0.8842,0.7225,0.3559,GO_GOAL
109.052,0.8983,0.8417,0.572,0.1762,1.9712,0.8842,0.7225,0.3529,GO_GOAL
109.072,0.9012,0.8435,0.5718,0.1775,1.9744,0.8842,0.7225,0.3498,GO_GOAL
109.092,0.9041,0.8454,0.5715,0.1788,1.9776,0.8842,0.7225,0.3467,GO_GOAL
109.112,0.907,0.8473,0.5712,0.1802,1.9808,0.8989,0.7319,0.3437,GO_GOAL
109.132,0.9099,0.8491,0.571,0.1815,1.984,0.8989,0.7319,0.3406,GO_GOAL
109.152,0.9128,0.851,0.5708,0.1828,1.9871,0.8989,0.7319,0.3376,GO_GOAL
109.172,0.9157,0.8529,0.5705,0.1841,1.9903,0.8989,0.7319,0.3345,GO_GOAL
109.192,0.9187,0.8548,0.5703,0.1855,1.9935,0.8989,0.7319,0.3315,GO_GOAL
109.212,0.9213,0.8565,0.5701,0.1868,1.9967,0.9134,0.7412,0.3287,GO_GOAL
109.232,0.9239,0.8581,0.5699,0.188,1.9996,0.9134,0.7412,0.326,GO_GOAL
109.252,0.9266,0.8598,0.5697,0.1892,2.0025,0.9134,0.7412,0.3232,GO_GOAL
109.272,0.9292,0.8615,0.5696,0.1904,2.0054,0.9134,0.7412,0.3205,GO_GOAL
109.292,0.9318,0.8632,0.5694,0.1916,2.0082,0.9134,0.7412,0.3178,GO_GOAL
109.312,0.9344,0.8649,0.5692,0.1928,2.0111,0.9295,0.7515,0.3151,GO_GOAL
109.332,0.937,0.8665,0.5691,0.194,2.014,0.9295,0.7515,0.3124,GO_GOAL
109.352,0.9397,0.8682,0.5689,0.1952,2.0169,0.9295,0.7515,0.3097,GO_GOAL
109.372,0.9423,0.8699,0.5688,0.1964,2.0197,0.9295,0.7515,0.3069,GO_GOAL
109.392,0.9449,0.8716,0.5687,0.1977,2.0226,0.9295,0.7515,0.3042,GO_GOAL
109.412,0.9474,0.8731,0.5685,0.2,2.0281,0.94,0.7582,0.3018,GO_GOAL
109.432,0.9498,0.8747,0.5684,0.2,2.0281,0.94,0.7582,0.2993,GO_GOAL
109.452,0.9522,0.8762,0.5683,0.2011,2.0308,0.94,0.7582,0.2968,GO_GOAL
109.472,0.9546,0.8777,0.5682,0.2022,2.0334,0.94,0.7582,0.2943,GO_GOAL
109.492,0.957,0.8793,0.5681,0.2033,2.036,0.94,0.7582,0.2919,GO_GOAL
109.512,0.9594,0.8808,0.568,0.2044,2.0387,0.9523,0.766,0.2894,GO_GOAL
109.532,0.9618,0.8824,0.5679,0.2066,2.044,0.9523,0.766,0.287,GO_GOAL
109.552,0.9642,0.8839,0.5678,0.2066,2.044,0.9523,0.766,0.2845,GO_GOAL
109.572,0.9666,0.8854,0.5677,0.2077,2.0466,0.9523,0.766,0.2821,GO_GOAL
109.592,0.9691,0.887,0.5676,0.2088,2.0492,0.9523,0.766,0.2796,GO_GOAL
109.612,0.9713,0.8884,0.5675,0.21,2.0519,0.9643,0.7737,0.2773,GO_GOAL
109.632,0.9736,0.8898,0.5675,0.211,2.0543,0.9643,0.7737,0.2751,GO_GOAL
109.652,0.9758,0.8913,0.5674,0.212,2.0568,0.9643,0.7737,0.2728,GO_GOAL
109.672,0.9781,0.8927,0.5673,0.2131,2.0592,0.9643,0.7737,0.2705,GO_GOAL
109.692,0.9803,0.8942,0.5672,0.2141,2.0617,0.9643,0.7737,0.2683,GO_GOAL
109.712,0.9826,0.8956,0.5672,0.2151,2.0642,0.9758,0.781,0.266,GO_GOAL
109.732,0.9848,0.897,0.5671,0.2162,2.0666,0.9758,0.781,0.2638,GO_GOAL
109.752,0.9871,0.8985,0.5671,0.2172,2.0691,0.9758,0.781,0.2615,GO_GOAL
109.772,0.9893,0.8999,0.567,0.2183,2.0715,0.9758,0.781,0.2593,GO_GOAL
109.792,0.9916,0.9013,0.5669,0.2193,2.074,0.9758,0.781,0.257,GO_GOAL
109.812,0.9937,0.9026,0.5669,0.2203,2.0765,0.987,0.7881,0.255,GO_GOAL
109.832,0.9957,0.904,0.5668,0.2213,2.0787,0.987,0.7881,0.2529,GO_GOAL
109.852,0.9978,0.9053,0.5668,0.2222,2.081,0.987,0.7881,0.2509,GO_GOAL
109.872,0.9999,0.9066,0.5668,0.2232,2.0833,0.987,0.7881,0.2488,GO_GOAL
109.892,1.002,0.9079,0.5667,0.2242,2.0855,0.987,0.7881,0.2468,GO_GOAL
109.912,1.004,0.9092,0.5667,0.2251,2.0878,0.9976,0.7949,0.2447,GO_GOAL
109.932,1.0061,0.9106,0.5666,0.2261,2.0901,0.9976,0.7949,0.2427,GO_GOAL
109.952,1.0082,0.9119,0.5666,0.227,2.0923,0.9976,0.7949,0.2406,GO_GOAL
109.972,1.0103,0.9132,0.5666,0.228,2.0946,0.9976,0.7949,0.2386,GO_GOAL
109.992,1.0123,0.9145,0.5665,0.2299,2.0991,0.9976,0.7949,0.2366,GO_GOAL
110.012,1.0143,0.9158,0.5665,0.2299,2.0991,1.01,0.8028,0.2347,GO_GOAL
110.032,1.0162,0.917,0.5665,0.2308,2.1013,1.01,0.8028,0.2328,GO_GOAL
110.052,1.0182,0.9182,0.5664,0.2317,2.1034,1.01,0.8028,0.2309,GO_GOAL
110.072,1.0201,0.9195,0.5664,0.2326,2.1055,1.01,0.8028,0.229,GO_GOAL
110.092,1.0221,0.9207,0.5664,0.2335,2.1076,1.0178,0.8077,0.2271,GO_GOAL
110.112,1.024,0.922,0.5664,0.2344,2.1097,1.0178,0.8077,0.2252,GO_GOAL
110.132,1.026,0.9232,0.5663,0.2353,2.1119,1.0178,0.8077,0.2233,GO_GOAL
110.152,1.0279,0.9244,0.5663,0.2362,2.114,1.0178,0.8077,0.2214,GO_GOAL
110.172,1.0299,0.9257,0.5663,0.2371,2.1161,1.0178,0.8077,0.2196,GO_GOAL
110.192,1.0318,0.9269,0.5663,0.238,2.1182,1.0178,0.8077,0.2177,GO_GOAL
110.212,1.0326,0.9273,0.5664,0.2389,2.1204,1.0178,0.8077,0.217,GO_GOAL
110.232,1.0327,0.9273,0.5671,0.2391,2.1208,1.0276,0.8139,0.217,FOLLOW_TURN
110.252,1.0329,0.9274,0.5682,0.2393,2.1214,1.0276,0.8139,0.2168,FOLLOW_TURN
110.272,1.033,0.9275,0.5699,0.2393,2.1214,1.0276,0.8139,0.2168,FOLLOW_TURN
110.292,1.0331,0.9276,0.5719,0.2394,2.1217,1.0276,0.8139,0.2167,FOLLOW_TURN
110.312,1.0331,0.9275,0.5745,0.2395,2.122,1.0307,0.8159,0.2168,FOLLOW_TURN
110.332,1.0328,0.9273,0.5776,0.2395,2.122,1.0307,0.8159,0.2172,FOLLOW_TURN
110.352,1.0325,0.9271,0.5812,0.2395,2.122,1.0307,0.8159,0.2176,FOLLOW_TURN
110.372,1.0322,0.9269,0.5852,0.2395,2.122,1.0307,0.8159,0.2179,FOLLOW_TURN
110.392,1.0319,0.9267,0.5897,0.2395,2.122,1.0307,0.8159,0.2183,FOLLOW_TURN
110.412,1.0315,0.9264,0.5946,0.2395,2.122,1.031,0.8161,0.2188,FOLLOW_TURN
110.432,1.031,0.9261,0.6001,0.2395,2.122,1.031,0.8161,0.2193,FOLLOW_TURN
110.452,1.0306,0.9258,0.606,0.2395,2.122,1.031,0.8161,0.2199,FOLLOW_TURN
110.472,1.0302,0.9255,0.6124,0.2395,2.122,1.031,0.8161,0.2204,FOLLOW_TURN
110.492,1.0298,0.9253,0.6192,0.2395,2.122,1.031,0.8161,0.2209,FOLLOW_TURN
110.512,1.0294,0.925,0.6265,0.2395,2.122,1.031,0.8161,0.2214,FOLLOW_TURN
110.532,1.0291,0.9248,0.6343,0.2395,2.122,1.031,0.8161,0.2219,FOLLOW_TURN
110.552,1.0288,0.9245,0.6425,0.2395,2.122,1.031,0.8161,0.2224,FOLLOW_TURN
110.572,1.0285,0.9243,0.6513,0.2395,2.122,1.031,0.8161,0.2228,FOLLOW_TURN
110.592,1.0283,0.9242,0.6604,0.2395,2.122,1.031,0.8161,0.2232,FOLLOW_TURN
110.612,1.0281,0.924,0.6701,0.2395,2.122,1.031,0.8161,0.2236,FOLLOW_TURN
110.632,1.0279,0.9238,0.6802,0.2395,2.122,1.031,0.8161,0.224,FOLLOW_TURN
110.652,1.0277,0.9237,0.6908,0.2395,2.122,1.031,0.8161,0.2243,FOLLOW_TURN
110.672,1.0276,0.9236,0.7018,0.2395,2.122,1.031,0.8161,0.2246,FOLLOW_TURN
110.692,1.0275,0.9235,0.7134,0.2395,2.122,1.031,0.8161,0.2249,FOLLOW_TURN
110.712,1.0274,0.9234,0.7253,0.2395,2.122,1.031,0.8161,0.2252,FOLLOW_TURN
110.732,1.0273,0.9234,0.7373,0.2395,2.122,1.031,0.8161,0.2255,FOLLOW_TURN
110.752,1.0272,0.9233,0.7493,0.2395,2.122,1.031,0.8161,0.2257,FOLLOW_TURN
110.772,1.0271,0.9232,0.7613,0.2395,2.122,1.031,0.8161,0.226,FOLLOW_TURN
110.792,1.027,0.9232,0.7733,0.2395,2.122,1.031,0.8161,0.2262,FOLLOW_TURN
110.812,1.027,0.9231,0.7853,0.2395,2.122,1.031,0.8161,0.2265,FOLLOW_TURN
110.832,1.0269,0.923,0.7973,0.2395,2.122,1.031,0.8161,0.2267,FOLLOW_TURN
110.852,1.0268,0.9229,0.8093,0.2395,2.122,1.031,0.8161,0.227,FOLLOW_TURN
110.872,1.0267,0.9229,0.8213,0.2395,2.122,1.031,0.8161,0.2272,FOLLOW_TURN
110.892,1.0267,0.9228,0.8333,0.2395,2.122,1.031,0.8161,0.2275,FOLLOW_TURN
110.912,1.0266,0.9227,0.8453,0.2395,2.122,1.031,0.8161,0.2277,FOLLOW_TURN
110.932,1.0265,0.9226,0.8573,0.2395,2.122,1.031,0.8161,0.2279,FOLLOW_TURN
110.952,1.0264,0.9225,0.8693,0.2395,2.122,1.031,0.8161,0.2282,FOLLOW_TURN
110.972,1.0264,0.9225,0.8813,0.2395,2.122,1.031,0.8161,0.2284,FOLLOW_TURN
110.992,1.0263,0.9224,0.8933,0.2395,2.122,1.031,0.8161,0.2286,FOLLOW_TURN
111.012,1.0262,0.9223,0.9053,0.2395,2.122,1.031,0.8161,0.2288,FOLLOW_TURN
111.032,1.0262,0.9222,0.9173,0.2395,2.122,1.031,0.8161,0.229,FOLLOW_TURN
111.052,1.0261,0.9221,0.9293,0.2395,2.122,1.031,0.8161,0.2292,FOLLOW_TURN
111.072,1.026,0.9221,0.9413,0.2395,2.122,1.031,0.8161,0.2294,FOLLOW_TURN
111.092,1.026,0.922,0.9533,0.2395,2.122,1.031,0.8161,0.2297,FOLLOW_TURN
111.112,1.0259,0.9219,0.9653,0.2395,2.122,1.031,0.8161,0.2298,FOLLOW_TURN
111.132,1.0258,0.9218,0.9773,0.2395,2.122,1.031,0.8161,0.23,FOLLOW_TURN
111.152,1.0258,0.9217,0.9893,0.2395,2.122,1.031,0.8161,0.2302,FOLLOW_TURN
111.172,1.0257,0.9216,1.0013,0.2395,2.122,1.031,0.8161,0.2304,FOLLOW_TURN
111.192,1.0256,0.9215,1.0133,0.2395,2.122,1.031,0.8161,0.2306,FOLLOW_TURN
111.212,1.0256,0.9214,1.0253,0.2395,2.122,1.031,0.8161,0.2308,FOLLOW_TURN
111.232,1.0255,0.9213,1.0373,0.2395,2.122,1.031,0.8161,0.2309,FOLLOW_TURN
111.252,1.0255,0.9213,1.0493,0.2395,2.122,1.031,0.8161,0.2311,FOLLOW_TURN
111.272,1.0254,0.9212,1.0613,0.2395,2.122,1.031,0.8161,0.2313,FOLLOW_TURN
111.292,1.0254,0.9211,1.0733,0.2395,2.122,1.031,0.8161,0.2314,FOLLOW_TURN
111.312,1.0253,0.921,1.0853,0.2395,2.122,1.031,0.8161,0.2316,FOLLOW_TURN
111.332,1.0253,0.9209,1.0973,0.2395,2.122,1.031,0.8161,0.2318,FOLLOW_TURN
111.352,1.0252,0.9208,1.1093,0.2395,2.122,1.031,0.8161,0.2319,FOLLOW_TURN
111.372,1.0252,0.9207,1.1213,0.2395,2.122,1.031,0.8161,0.2321,FOLLOW_TURN
111.392,1.0251,0.9206,1.1333,0.2395,2.122,1.031,0.8161,0.2322,FOLLOW_TURN
111.412,1.0251,0.9205,1.1453,0.2395,2.122,1.031,0.8161,0.2323,FOLLOW_TURN
111.432,1.025,0.9204,1.1573,0.2395,2.122,1.031,0.8161,0.2325,FOLLOW_TURN
111.452,1.025,0.9203,1.1693,0.2395,2.122,1.031,0.8161,0.2326,FOLLOW_TURN
111.472,1.0249,0.9202,1.1813,0.2395,2.122,1.031,0.8161,0.2327,FOLLOW_TURN
111.492,1.0249,0.9201,1.1933,0.2395,2.122,1.031,0.8161,0.2328,FOLLOW_TURN
111.512,1.0248,0.92,1.2053,0.2395,2.122,1.031,0.8161,0.2329,FOLLOW_TURN
111.532,1.0248,0.9199,1.2173,0.2395,2.122,1.031,0.8161,0.2331,FOLLOW_TURN
111.552,1.0247,0.9198,1.2293,0.2395,2.122,1.031,0.8161,0.2332,FOLLOW_TURN
111.572,1.0247,0.9197,1.2413,0.2395,2.122,1.031,0.8161,0.2333,FOLLOW_TURN
111.592,1.0247,0.9196,1.2533,0.2395,2.122,1.031,0.8161,0.2334,FOLLOW_TURN
111.612,1.0246,0.9195,1.2653,0.2395,2.122,1.031,0.8161,0.2335,FOLLOW_TURN
111.632,1.0246,0.9194,1.2773,0.2395,2.122,1.031,0.8161,0.2335,FOLLOW_TURN
111.652,1.0246,0.9193,1.2893,0.2395,2.122,1.031,0.8161,0.2336,FOLLOW_TURN
111.672,1.0245,0.9192,1.3013,0.2395,2.122,1.031,0.8161,0.2337,FOLLOW_TURN
111.692,1.0245,0.9191,1.3133,0.2395,2.122,1.031,0.8161,0.2338,FOLLOW_TURN
111.712,1.0245,0.919,1.3253,0.2395,2.122,1.031,0.8161,0.2339,FOLLOW_TURN
111.732,1.0244,0.9189,1.3373,0.2395,2.122,1.031,0.8161,0.2339,FOLLOW_TURN
111.752,1.0244,0.9188,1.3493,0.2395,2.122,1.031,0.8161,0.234,FOLLOW_TURN
111.772,1.0244,0.9187,1.3613,0.2395,2.122,1.031,0.8161,0.2341,FOLLOW_TURN
111.792,1.0244,0.9186,1.3733,0.2395,2.122,1.031,0.8161,0.2341,FOLLOW_TURN
111.812,1.0243,0.9185,1.3853,0.2395,2.122,1.031,0.8161,0.2342,FOLLOW_TURN
111.832,1.0243,0.9184,1.3973,0.2395,2.122,1.031,0.8161,0.2342,FOLLOW_TURN
111.852,1.0243,0.9183,1.4093,0.2395,2.122,1.031,0.8161,0.2342,FOLLOW_TURN
111.872,1.0243,0.9182,1.4213,0.2395,2.122,1.031,0.8161,0.2343,FOLLOW_TURN
111.892,1.0243,0.9181,1.4333,0.2395,2.122,1.031,0.8161,0.2343,FOLLOW_TURN
111.912,1.0242,0.9179,1.4453,0.2395,2.122,1.031,0.8161,0.2343,FOLLOW_TURN
111.932,1.0242,0.9178,1.4573,0.2395,2.122,1.031,0.8161,0.2344,FOLLOW_TURN
111.952,1.0242,0.9177,1.4693,0.2395,2.122,1.031,0.8161,0.2344,FOLLOW_TURN
111.972,1.0242,0.9176,1.4813,0.2395,2.122,1.031,0.8161,0.2344,FOLLOW_TURN
111.992,1.0242,0.9175,1.4933,0.2395,2.122,1.031,0.8161,0.2344,FOLLOW_TURN
112.012,1.0242,0.9174,1.5053,0.2395,2.122,1.031,0.8161,0.2344,FOLLOW_TURN
112.032,1.0242,0.9173,1.5173,0.2395,2.122,1.031,0.8161,0.2344,FOLLOW_TURN
112.052,1.0242,0.9172,1.5293,0.2395,2.122,1.031,0.8161,0.2344,FOLLOW_TURN
112.072,1.0241,0.9171,1.5413,0.2395,2.122,1.031,0.8161,0.2344,FOLLOW_TURN
112.092,1.0241,0.917,1.5533,0.2395,2.122,1.031,0.8161,0.2344,FOLLOW_TURN
112.112,1.0241,0.9169,1.5653,0.2395,2.122,1.031,0.8161,0.2344,FOLLOW_TURN
112.132,1.0241,0.9168,1.5773,0.2395,2.122,1.031,0.8161,0.2344,FOLLOW_TURN
112.152,1.0241,0.9167,1.5893,0.2395,2.122,1.031,0.8161,0.2343,FOLLOW_TURN
112.172,1.0241,0.9166,1.6013,0.2395,2.122,1.031,0.8161,0.2343,FOLLOW_TURN
112.192,1.0241,0.9164,1.6133,0.2395,2.122,1.031,0.8161,0.2343,FOLLOW_TURN
112.212,1.0241,0.9163,1.6253,0.2395,2.122,1.031,0.8161,0.2342,FOLLOW_TURN
112.232,1.0241,0.9162,1.6373,0.2395,2.122,1.031,0.8161,0.2342,FOLLOW_TURN
112.252,1.0241,0.9161,1.6493,0.2395,2.122,1.031,0.8161,0.2341,FOLLOW_TURN
112.272,1.0241,0.916,1.6613,0.2395,2.122,1.031,0.8161,0.2341,FOLLOW_TURN
112.292,1.0242,0.9159,1.6733,0.2395,2.122,1.031,0.8161,0.234,FOLLOW_TURN
112.312,1.0242,0.9158,1.6853,0.2395,2.122,1.031,0.8161,0.234,FOLLOW_TURN
112.332,1.0242,0.9157,1.6973,0.2395,2.122,1.031,0.8161,0.2339,FOLLOW_TURN
112.352,1.0242,0.9156,1.7093,0.2395,2.122,1.031,0.8161,0.2338,FOLLOW_TURN
112.372,1.0242,0.9155,1.7213,0.2395,2.122,1.031,0.8161,0.2338,FOLLOW_TURN
112.392,1.0242,0.9154,1.7333,0.2395,2.122,1.031,0.8161,0.2337,FOLLOW_TURN
112.412,1.0242,0.9153,1.7453,0.2395,2.122,1.031,0.8161,0.2336,FOLLOW_TURN
112.432,1.0242,0.9152,1.7573,0.2395,2.122,1.031,0.8161,0.2335,FOLLOW_TURN
112.452,1.0243,0.9151,1.7693,0.2395,2.122,1.031,0.8161,0.2334,FOLLOW_TURN
112.472,1.0243,0.9149,1.7813,0.2395,2.122,1.031,0.8161,0.2333,FOLLOW_TURN
112.492,1.0243,0.9148,1.7933,0.2395,2.122,1.031,0.8161,0.2332,FOLLOW_TURN
112.512,1.0243,0.9147,1.8053,0.2395,2.122,1.031,0.8161,0.2331,FOLLOW_TURN
112.532,1.0243,0.9146,1.8173,0.2395,2.122,1.031,0.8161,0.233,FOLLOW_TURN
112.552,1.0244,0.9145,1.8293,0.2395,2.122,1.031,0.8161,0.2329,FOLLOW_TURN
112.572,1.0244,0.9144,1.8413,0.2395,2.122,1.031,0.8161,0.2328,FOLLOW_TURN
112.592,1.0244,0.9143,1.8533,0.2395,2.122,1.031,0.8161,0.2326,FOLLOW_TURN
112.612,1.0244,0.9142,1.8653,0.2395,2.122,1.031,0.8161,0.2325,FOLLOW_TURN
112.632,1.0245,0.9141,1.8773,0.2395,2.122,1.031,0.8161,0.2324,FOLLOW_TURN
112.652,1.0245,0.914,1.8893,0.2395,2.122,1.031,0.8161,0.2323,FOLLOW_TURN
112.672,1.0245,0.9139,1.9013,0.2395,2.122,1.031,0.8161,0.2321,FOLLOW_TURN
112.692,1.0246,0.9138,1.9133,0.2395,2.122,1.031,0.8161,0.232,FOLLOW_TURN
112.712,1.0246,0.9137,1.9253,0.2395,2.122,1.031,0.8161,0.2318,FOLLOW_TURN
112.732,1.0246,0.9136,1.9373,0.2395,2.122,1.031,0.8161,0.2317,FOLLOW_TURN
112.752,1.0247,0.9135,1.9493,0.2395,2.122,1.031,0.8161,0.2315,FOLLOW_TURN
112.772,1.0247,0.9134,1.9613,0.2395,2.122,1.031,0.8161,0.2314,FOLLOW_TURN
112.792,1.0247,0.9133,1.9733,0.2395,2.122,1.031,0.8161,0.2312,FOLLOW_TURN
112.812,1.0248,0.9132,1.9853,0.2395,2.122,1.031,0.8161,0.231,FOLLOW_TURN
112.832,1.0248,0.9131,1.9973,0.2395,2.122,1.031,0.8161,0.2309,FOLLOW_TURN
112.852,1.0249,0.913,2.0093,0.2395,2.122,1.031,0.8161,0.2307,FOLLOW_TURN
112.872,1.0249,0.9129,2.0213,0.2395,2.122,1.031,0.8161,0.2305,FOLLOW_TURN
112.892,1.0249,0.9128,2.0333,0.2395,2.122,1.031,0.8161,0.2303,FOLLOW_TURN
112.912,1.025,0.9127,2.0453,0.2395,2.122,1.031,0.8161,0.2301,FOLLOW_TURN
112.932,1.025,0.9126,2.0573,0.2395,2.122,1.031,0.8161,0.2299,FOLLOW_TURN
112.952,1.0251,0.9125,2.0693,0.2395,2.122,1.031,0.8161,0.2297,FOLLOW_TURN
112.972,1.0251,0.9124,2.0813,0.2395,2.122,1.031,0.8161,0.2295,FOLLOW_TURN
112.992,1.0252,0.9123,2.0933,0.2395,2.122,1.031,0.8161,0.2293,FOLLOW_TURN
113.012,1.0251,0.9124,2.1051,0.2395,2.122,1.031,0.8161,0.229,FOLLOW_TURN
113.032,1.0247,0.9127,2.1163,0.2394,2.1221,1.031,0.8161,0.2286,FOLLOW
113.052,1.0242,0.9134,2.1271,0.2388,2.1223,1.031,0.8161,0.2278,FOLLOW
113.072,1.0236,0.9143,2.1374,0.2379,2.1226,1.031,0.8161,0.2269,FOLLOW
113.092,1.023,0.9151,2.1472,0.237,2.1229,1.031,0.8161,0.226,FOLLOW
113.112,1.0223,0.9161,2.1565,0.236,2.1232,1.0296,0.8184,0.225,FOLLOW
113.132,1.0213,0.9175,2.1653,0.2349,2.1236,1.0296,0.8184,0.2238,FOLLOW
113.152,1.0201,0.9191,2.1735,0.2334,2.124,1.0296,0.8184,0.2224,FOLLOW
113.172,1.0188,0.9209,2.1813,0.2316,2.1246,1.0296,0.8184,0.2209,FOLLOW
113.192,1.0176,0.9227,2.1887,0.2297,2.1252,1.0296,0.8184,0.2194,FOLLOW
113.212,1.0162,0.9246,2.1955,0.2277,2.1258,1.0253,0.8247,0.2178,FOLLOW
113.232,1.0145,0.9269,2.2018,0.2256,2.1264,1.0253,0.8247,0.2161,FOLLOW
113.252,1.0125,0.9294,2.2076,0.2232,2.1271,1.0253,0.8247,0.2141,FOLLOW
113.272,1.0105,0.9321,2.2129,0.2204,2.128,1.0253,0.8247,0.2121,FOLLOW
113.292,1.0085,0.9348,2.2177,0.2175,2.1288,1.0253,0.8247,0.2101,FOLLOW
113.312,1.0063,0.9376,2.2221,0.2146,2.1297,1.0178,0.835,0.2081,FOLLOW
113.332,1.0041,0.9405,2.2259,0.2116,2.1306,1.0178,0.835,0.206,FOLLOW
113.352,1.0019,0.9434,2.2293,0.2084,2.1316,1.0178,0.835,0.2039,FOLLOW
113.372,0.9997,0.9462,2.2322,0.2053,2.1325,1.0178,0.835,0.202,FOLLOW
113.392,0.9974,0.9491,2.2346,0.2021,2.1335,1.0178,0.835,0.2,FOLLOW
113.412,0.9952,0.9519,2.2366,0.199,2.1344,1.0081,0.8477,0.1981,FOLLOW
113.432,0.993,0.9547,2.2381,0.1923,2.1365,1.0081,0.8477,0.1963,FOLLOW
113.452,0.9908,0.9576,2.2391,0.1923,2.1365,1.0081,0.8477,0.1945,FOLLOW
113.472,0.9886,0.9604,2.2397,0.1889,2.1375,1.0081,0.8477,0.1927,FOLLOW
113.492,0.9864,0.9631,2.24,0.1855,2.1386,1.0081,0.8477,0.191,FOLLOW
113.512,0.9842,0.9659,2.2402,0.1821,2.1396,0.9973,0.8614,0.1893,FOLLOW
113.532,0.982,0.9687,2.2405,0.1754,2.1417,0.9973,0.8614,0.1876,FOLLOW
113.552,0.9798,0.9715,2.2408,0.1754,2.1417,0.9973,0.8614,0.1859,FOLLOW
113.572,0.9776,0.9742,2.2411,0.172,2.1427,0.9973,0.8614,0.1842,FOLLOW
113.592,0.9754,0.977,2.2413,0.1686,2.1438,0.9973,0.8614,0.1826,FOLLOW
113.612,0.9733,0.9796,2.2418,0.1652,2.1448,0.9864,0.8753,0.1811,FOLLOW
113.632,0.9713,0.9821,2.2428,0.162,2.1458,0.9864,0.8753,0.1797,FOLLOW
113.652,0.9693,0.9846,2.2442,0.1589,2.1467,0.9864,0.8753,0.1782,FOLLOW
113.672,0.9673,0.9872,2.2459,0.1558,2.1477,0.9864,0.8753,0.1767,FOLLOW
113.692,0.9652,0.9897,2.2475,0.1526,2.1486,0.976,0.8884,0.1753,FOLLOW
113.712,0.9632,0.9923,2.2491,0.1495,2.1495,0.976,0.8884,0.1739,FOLLOW
113.732,0.9611,0.9948,2.2508,0.1463,2.1505,0.976,0.8884,0.1725,FOLLOW
113.752,0.9591,0.9973,2.2524,0.1432,2.1514,0.976,0.8884,0.1711,FOLLOW
113.772,0.957,0.9999,2.254,0.1401,2.1523,0.976,0.8884,0.1698,FOLLOW
113.792,0.955,1.0024,2.2556,0.1369,2.1532,0.9657,0.9011,0.1685,FOLLOW
113.812,0.953,1.0048,2.2575,0.1308,2.155,0.9657,0.9011,0.1672,FOLLOW
113.832,0.9511,1.0071,2.2598,0.1308,2.155,0.9657,0.9011,0.166,FOLLOW
113.852,0.9492,1.0095,2.2624,0.1278,2.1558,0.9657,0.9011,0.1648,FOLLOW
113.872,0.9472,1.0118,2.265,0.1249,2.1566,0.9657,0.9011,0.1637,FOLLOW
113.892,0.9453,1.0142,2.2676,0.1189,2.1583,0.9657,0.9011,0.1625,FOLLOW
113.912,0.9433,1.0165,2.2702,0.1189,2.1583,0.9538,0.9155,0.1614,FOLLOW
113.932,0.9413,1.0188,2.2728,0.113,2.1599,0.9538,0.9155,0.1603,FOLLOW
113.952,0.9393,1.0212,2.2754,0.11,2.1607,0.9538,0.9155,0.1592,FOLLOW
113.972,0.9374,1.0235,2.278,0.107,2.1615,0.9538,0.9155,0.1581,FOLLOW
113.992,0.9354,1.0258,2.2806,0.107,2.1615,0.9538,0.9155,0.1571,FOLLOW
114.012,0.9335,1.028,2.2835,0.1041,2.1623,0.9459,0.925,0.1561,FOLLOW
114.032,0.9316,1.0302,2.2867,0.1012,2.163,0.9459,0.925,0.1552,FOLLOW
114.052,0.9297,1.0324,2.2901,0.0984,2.1637,0.9459,0.925,0.1543,FOLLOW
114.072,0.9278,1.0346,2.2934,0.0955,2.1644,0.9459,0.925,0.1534,FOLLOW
114.092,0.9258,1.0367,2.2968,0.0927,2.1651,0.9459,0.925,0.1525,FOLLOW
114.112,0.9239,1.0389,2.3001,0.0898,2.1658,0.9362,0.9361,0.1516,FOLLOW
114.132,0.922,1.0411,2.3035,0.087,2.1665,0.9362,0.9361,0.1508,FOLLOW
114.152,0.92,1.0432,2.3068,0.0841,2.1672,0.9362,0.9361,0.15,FOLLOW
114.172,0.9181,1.0454,2.3101,0.0813,2.1678,0.9362,0.9361,0.1492,FOLLOW
114.192,0.9161,1.0475,2.3135,0.0784,2.1685,0.9362,0.9361,0.1485,FOLLOW
114.212,0.9142,1.0496,2.3171,0.0756,2.1692,0.9264,0.9471,0.1478,FOLLOW
114.232,0.9123,1.0516,2.321,0.07,2.1704,0.9264,0.9471,0.1471,FOLLOW
114.252,0.9104,1.0536,2.3249,0.07,2.1704,0.9264,0.9471,0.1464,FOLLOW
114.272,0.9085,1.0557,2.3288,0.0673,2.171,0.9264,0.9471,0.1458,FOLLOW
114.292,0.9066,1.0577,2.3327,0.0645,2.1715,0.9264,0.9471,0.1452,FOLLOW
114.312,0.9047,1.0597,2.3366,0.0618,2.1721,0.9167,0.9575,0.1446,FOLLOW
114.332,0.9027,1.0617,2.3405,0.059,2.1727,0.9167,0.9575,0.144,FOLLOW
114.352,0.9008,1.0637,2.3444,0.0562,2.1732,0.9167,0.9575,0.1435,FOLLOW
114.372,0.8988,1.0657,2.3483,0.0535,2.1737,0.9167,0.9575,0.143,FOLLOW
114.392,0.8969,1.0676,2.3522,0.0507,2.1743,0.9167,0.9575,0.1425,FOLLOW
114.412,0.8949,1.0696,2.356,0.0479,2.1748,0.9069,0.9676,0.1421,FOLLOW
114.432,0.8929,1.0716,2.3598,0.0423,2.1758,0.9069,0.9676,0.1417,FOLLOW
114.452,0.8909,1.0736,2.3636,0.0423,2.1758,0.9069,0.9676,0.1413,FOLLOW
114.472,0.8889,1.0755,2.3675,0.0395,2.1763,0.9069,0.9676,0.1409,FOLLOW
114.492,0.8869,1.0775,2.3713,0.0367,2.1768,0.9069,0.9676,0.1406,FOLLOW
114.512,0.8849,1.0794,2.3751,0.0339,2.1772,0.8969,0.9776,0.1403,FOLLOW
114.532,0.8829,1.0814,2.3789,0.0311,2.1777,0.8969,0.9776,0.14,FOLLOW
114.552,0.8809,1.0833,2.3827,0.0283,2.1781,0.8969,0.9776,0.1398,FOLLOW
114.572,0.8788,1.0852,2.3865,0.0255,2.1785,0.8969,0.9776,0.1395,FOLLOW
114.592,0.8768,1.0872,2.3903,0.0227,2.179,0.8969,0.9776,0.1394,FOLLOW
114.612,0.8747,1.0891,2.3941,0.0199,2.1794,0.8866,0.9874,0.1392,FOLLOW
114.632,0.8726,1.091,2.3978,0.0171,2.1798,0.8866,0.9874,0.1391,FOLLOW
114.652,0.8706,1.0929,2.4016,0.0143,2.1802,0.8866,0.9874,0.1389,FOLLOW
114.672,0.8685,1.0948,2.4053,0.0115,2.1806,0.8866,0.9874,0.1389,FOLLOW
114.692,0.8664,1.0967,2.4091,0.0086,2.1809,0.8866,0.9874,0.1388,FOLLOW
114.712,0.8643,1.0986,2.4128,0.0058,2.1813,0.8762,0.9971,0.1388,FOLLOW
114.732,0.8622,1.1004,2.4166,0.003,2.1816,0.8762,0.9971,0.1388,FOLLOW
114.752,0.8601,1.1023,2.4203,0.0001,2.182,0.8762,0.9971,0.1388,FOLLOW
114.772,0.8579,1.1041,2.4241,-0.0027,2.1823,0.8762,0.9971,0.1389,FOLLOW
114.792,0.8558,1.106,2.4278,-0.0055,2.1826,0.8762,0.9971,0.139,FOLLOW
114.812,0.8537,1.1078,2.4315,-0.0084,2.1829,0.8655,1.0065,0.1391,FOLLOW
114.832,0.8515,1.1097,2.4352,-0.0112,2.1832,0.8655,1.0065,0.1393,FOLLOW
114.852,0.8494,1.1115,2.4389,-0.0141,2.1835,0.8655,1.0065,0.1394,FOLLOW
114.872,0.8472,1.1133,2.4425,-0.0169,2.1838,0.8655,1.0065,0.1396,FOLLOW
114.892,0.845,1.1152,2.4462,-0.0198,2.1841,0.8655,1.0065,0.1399,FOLLOW
114.912,0.8429,1.117,2.4499,-0.0226,2.1843,0.8547,1.0158,0.1401,FOLLOW
114.932,0.8407,1.1188,2.4536,-0.0283,2.1848,0.8547,1.0158,0.1404,FOLLOW
114.952,0.8385,1.1206,2.4573,-0.0283,2.1848,0.8547,1.0158,0.1408,FOLLOW
114.972,0.8363,1.1223,2.461,-0.034,2.1852,0.8547,1.0158,0.1411,FOLLOW
114.992,0.8341,1.1241,2.4646,-0.034,2.1852,0.8547,1.0158,0.1415,FOLLOW
115.012,0.8319,1.1259,2.4685,-0.0369,2.1854,0.8436,1.025,0.1419,FOLLOW
115.032,0.8297,1.1276,2.4723,-0.0397,2.1856,0.8436,1.025,0.1423,FOLLOW
115.052,0.8275,1.1293,2.4762,-0.0453,2.186,0.8436,1.025,0.1427,FOLLOW
115.072,0.8253,1.131,2.4801,-0.0453,2.186,0.8436,1.025,0.1432,FOLLOW
115.092,0.8231,1.1328,2.4839,-0.0482,2.1861,0.8436,1.025,0.1437,FOLLOW
115.112,0.8209,1.1345,2.4878,-0.0538,2.1864,0.8325,1.0338,0.1442,FOLLOW
115.132,0.8187,1.1362,2.4917,-0.0538,2.1864,0.8325,1.0338,0.1448,FOLLOW
115.152,0.8165,1.1378,2.4955,-0.0566,2.1865,0.8325,1.0338,0.1454,FOLLOW
115.172,0.8142,1.1395,2.4994,-0.0595,2.1867,0.8325,1.0338,0.146,FOLLOW
115.192,0.812,1.1412,2.5033,-0.0623,2.1868,0.8213,1.0423,0.1466,FOLLOW
115.212,0.8096,1.1429,2.5069,-0.0651,2.1868,0.8213,1.0423,0.1473,FOLLOW
115.232,0.8073,1.1447,2.5101,-0.068,2.1869,0.8213,1.0423,0.1481,FOLLOW
115.252,0.8049,1.1464,2.5133,-0.071,2.187,0.8213,1.0423,0.1488,FOLLOW
115.272,0.8025,1.1481,2.5164,-0.074,2.1871,0.8213,1.0423,0.1496,FOLLOW
115.292,0.8001,1.1499,2.5195,-0.077,2.1871,0.8094,1.051,0.1505,FOLLOW
115.312,0.7977,1.1516,2.5227,-0.0799,2.1872,0.8094,1.051,0.1513,FOLLOW
115.332,0.7953,1.1533,2.5258,-0.0829,2.1872,0.8094,1.051,0.1522,FOLLOW
115.352,0.7929,1.155,2.5289,-0.0859,2.1873,0.8094,1.051,0.1531,FOLLOW
115.372,0.7905,1.1567,2.5321,-0.0889,2.1873,0.8094,1.051,0.1541,FOLLOW
115.392,0.7881,1.1583,2.5352,-0.0918,2.1873,0.8094,1.051,0.155,FOLLOW
115.412,0.7856,1.1601,2.5381,-0.0948,2.1873,0.7973,1.0596,0.1561,FOLLOW
115.432,0.783,1.1618,2.5407,-0.0979,2.1873,0.7973,1.0596,0.1571,FOLLOW
115.452,0.7805,1.1635,2.5432,-0.101,2.1873,0.7973,1.0596,0.1582,FOLLOW
115.472,0.778,1.1653,2.5457,-0.1041,2.1872,0.7973,1.0596,0.1594,FOLLOW
115.492,0.7754,1.167,2.5483,-0.1071,2.1872,0.7973,1.0596,0.1605,FOLLOW
115.512,0.7729,1.1687,2.5508,-0.1102,2.1872,0.7847,1.0683,0.1617,FOLLOW
115.532,0.7703,1.1704,2.5533,-0.1133,2.1871,0.7847,1.0683,0.1629,FOLLOW
115.552,0.7678,1.1721,2.5559,-0.1164,2.1871,0.7847,1.0683,0.1641,FOLLOW
115.572,0.7652,1.1738,2.5584,-0.1226,2.1869,0.7847,1.0683,0.1654,FOLLOW
115.592,0.7626,1.1755,2.5609,-0.1226,2.1869,0.7847,1.0683,0.1667,FOLLOW
115.612,0.7599,1.1773,2.5632,-0.1257,2.1869,0.7718,1.0769,0.168,FOLLOW
115.632,0.7571,1.1791,2.5651,-0.129,2.1868,0.7718,1.0769,0.1695,FOLLOW
115.652,0.7544,1.1809,2.5665,-0.1323,2.1867,0.7718,1.0769,0.171,FOLLOW
115.672,0.7516,1.1827,2.5679,-0.1356,2.1866,0.7718,1.0769,0.1725,FOLLOW
115.692,0.7488,1.1845,2.5693,-0.1389,2.1865,0.7718,1.0769,0.174,FOLLOW
115.712,0.746,1.1863,2.5707,-0.1422,2.1864,0.7582,1.0858,0.1755,FOLLOW
115.732,0.7432,1.1881,2.5721,-0.1455,2.1863,0.7582,1.0858,0.1771,FOLLOW
115.752,0.7404,1.1899,2.5735,-0.1489,2.1861,0.7582,1.0858,0.1787,FOLLOW
115.772,0.7376,1.1916,2.5749,-0.1522,2.186,0.7582,1.0858,0.1803,FOLLOW
115.792,0.7349,1.1934,2.5762,-0.1555,2.1859,0.7582,1.0858,0.1819,FOLLOW
115.812,0.732,1.1953,2.5774,-0.1588,2.1858,0.7442,1.0948,0.1837,FOLLOW
115.832,0.729,1.1971,2.5782,-0.1623,2.1856,0.7442,1.0948,0.1854,FOLLOW
115.852,0.7261,1.199,2.5789,-0.1657,2.1855,0.7442,1.0948,0.1872,FOLLOW
115.872,0.7232,1.2008,2.5796,-0.1692,2.1853,0.7442,1.0948,0.189,FOLLOW
115.892,0.7203,1.2026,2.5803,-0.1726,2.1852,0.7442,1.0948,0.1908,FOLLOW
115.912,0.7173,1.2045,2.581,-0.1761,2.185,0.7268,1.1058,0.1927,FOLLOW
115.932,0.7144,1.2063,2.5817,-0.1795,2.1849,0.7268,1.1058,0.1946,FOLLOW
115.952,0.7115,1.2081,2.5824,-0.183,2.1847,0.7268,1.1058,0.1964,FOLLOW
115.972,0.7086,1.21,2.5831,-0.1899,2.1844,0.7268,1.1058,0.1983,FOLLOW
115.992,0.7056,1.2118,2.5838,-0.1899,2.1844,0.7268,1.1058,0.2003,FOLLOW
116.012,0.7027,1.2136,2.5843,-0.1934,2.1842,0.7151,1.1132,0.2022,FOLLOW
116.032,0.6998,1.2155,2.5843,-0.1967,2.1841,0.7151,1.1132,0.2042,FOLLOW
116.052,0.6969,1.2173,2.5838,-0.2,2.1839,0.7151,1.1132,0.2062,FOLLOW
116.072,0.694,1.2191,2.583,-0.2034,2.1838,0.7151,1.1132,0.2081,FOLLOW
116.092,0.6912,1.2208,2.5817,-0.2067,2.1836,0.7151,1.1132,0.2101,FOLLOW
116.112,0.6883,1.2226,2.5804,-0.21,2.1835,0.7008,1.1221,0.2121,FOLLOW
116.132,0.6855,1.2244,2.579,-0.2167,2.1832,0.7008,1.1221,0.2141,FOLLOW
116.152,0.6827,1.2262,2.5777,-0.2167,2.1832,0.7008,1.1221,0.2161,FOLLOW
116.172,0.6798,1.228,2.5764,-0.22,2.1831,0.7008,1.1221,0.2182,FOLLOW
116.192,0.677,1.2298,2.5751,-0.2234,2.183,0.7008,1.1221,0.2202,FOLLOW
116.212,0.6744,1.2315,2.5735,-0.2267,2.1829,0.6839,1.1328,0.2221,FOLLOW
116.232,0.6718,1.2331,2.5716,-0.2297,2.1828,0.6839,1.1328,0.224,FOLLOW
116.252,0.6692,1.2348,2.5691,-0.2327,2.1827,0.6839,1.1328,0.2259,FOLLOW
116.272,0.6667,1.2364,2.5663,-0.2356,2.1826,0.6839,1.1328,0.2279,FOLLOW
116.292,0.6642,1.238,2.5631,-0.2386,2.1825,0.6839,1.1328,0.2298,FOLLOW
116.312,0.6617,1.2397,2.56,-0.2416,2.1825,0.6739,1.1393,0.2317,FOLLOW
116.332,0.6591,1.2413,2.5568,-0.2446,2.1824,0.6739,1.1393,0.2336,FOLLOW
116.352,0.6567,1.243,2.5537,-0.2475,2.1824,0.6739,1.1393,0.2355,FOLLOW
116.372,0.6542,1.2447,2.5505,-0.2505,2.1824,0.6739,1.1393,0.2374,FOLLOW
116.392,0.6517,1.2463,2.5474,-0.2535,2.1823,0.6739,1.1393,0.2393,FOLLOW
116.412,0.6493,1.2479,2.544,-0.2564,2.1823,0.6615,1.1475,0.2411,FOLLOW
116.432,0.647,1.2495,2.5402,-0.2592,2.1823,0.6615,1.1475,0.243,FOLLOW
116.452,0.6447,1.2511,2.536,-0.262,2.1823,0.6615,1.1475,0.2448,FOLLOW
116.472,0.6424,1.2527,2.5318,-0.2647,2.1823,0.6615,1.1475,0.2466,FOLLOW
116.492,0.6401,1.2543,2.5275,-0.2675,2.1824,0.6615,1.1475,0.2484,FOLLOW
116.512,0.6378,1.2559,2.5233,-0.2702,2.1824,0.65,1.1554,0.2502,FOLLOW
116.532,0.6356,1.2575,2.5191,-0.273,2.1825,0.65,1.1554,0.252,FOLLOW
116.552,0.6333,1.2592,2.5148,-0.2757,2.1825,0.65,1.1554,0.2538,FOLLOW
116.572,0.631,1.2608,2.5106,-0.2812,2.1827,0.65,1.1554,0.2557,FOLLOW
116.592,0.6288,1.2625,2.5063,-0.2812,2.1827,0.65,1.1554,0.2575,FOLLOW
116.612,0.6266,1.2641,2.5019,-0.284,2.1828,0.6388,1.1634,0.2592,FOLLOW
116.632,0.6245,1.2656,2.497,-0.2865,2.1829,0.6388,1.1634,0.2609,FOLLOW
116.652,0.6225,1.2672,2.4917,-0.2891,2.183,0.6388,1.1634,0.2626,FOLLOW
116.672,0.6204,1.2688,2.4865,-0.2916,2.1832,0.6388,1.1634,0.2643,FOLLOW
116.692,0.6183,1.2704,2.4813,-0.2942,2.1833,0.6388,1.1634,0.2661,FOLLOW
116.712,0.6163,1.272,2.4761,-0.2967,2.1835,0.6285,1.1713,0.2678,FOLLOW
116.732,0.6142,1.2736,2.4709,-0.2993,2.1837,0.6285,1.1713,0.2695,FOLLOW
116.752,0.6122,1.2752,2.4656,-0.3018,2.1838,0.6285,1.1713,0.2712,FOLLOW
116.772,0.6102,1.2769,2.4604,-0.3044,2.184,0.6285,1.1713,0.2728,FOLLOW
116.792,0.6082,1.2785,2.4552,-0.3069,2.1843,0.6285,1.1713,0.2745,FOLLOW
116.812,0.6063,1.2801,2.4498,-0.3095,2.1845,0.6185,1.1792,0.2761,FOLLOW
116.832,0.6044,1.2816,2.4439,-0.3118,2.1847,0.6185,1.1792,0.2777,FOLLOW
116.852,0.6026,1.2831,2.4375,-0.3163,2.1852,0.6185,1.1792,0.2793,FOLLOW
116.872,0.6009,1.2846,2.431,-0.3163,2.1852,0.6185,1.1792,0.2808,FOLLOW
116.892,0.5991,1.2862,2.4244,-0.3186,2.1854,0.6185,1.1792,0.2824,FOLLOW
116.912,0.5973,1.2877,2.4179,-0.3232,2.186,0.6095,1.1868,0.2839,FOLLOW
116.932,0.5956,1.2893,2.4113,-0.3232,2.186,0.6095,1.1868,0.2854,FOLLOW
116.952,0.5938,1.2909,2.4047,-0.3254,2.1863,0.6095,1.1868,0.2869,FOLLOW
116.972,0.5921,1.2924,2.3982,-0.3277,2.1866,0.6095,1.1868,0.2885,FOLLOW
116.992,0.5904,1.294,2.3916,-0.3299,2.187,0.6095,1.1868,0.29,FOLLOW
117.012,0.5887,1.2956,2.3848,-0.3322,2.1873,0.601,1.1944,0.2914,FOLLOW
117.032,0.5871,1.2971,2.3777,-0.3365,2.188,0.601,1.1944,0.2929,FOLLOW
117.052,0.5855,1.2987,2.3706,-0.3365,2.188,0.601,1.1944,0.2943,FOLLOW
117.072,0.5839,1.3002,2.3634,-0.3386,2.1884,0.601,1.1944,0.2958,FOLLOW
117.092,0.5823,1.3018,2.3563,-0.3408,2.1888,0.601,1.1944,0.2972,FOLLOW
117.112,0.5807,1.3034,2.3491,-0.3429,2.1892,0.593,1.202,0.2986,FOLLOW
117.132,0.5792,1.305,2.342,-0.345,2.1896,0.593,1.202,0.3,FOLLOW
117.152,0.5776,1.3066,2.3348,-0.3472,2.1901,0.593,1.202,0.3014,FOLLOW
117.172,0.5761,1.3082,2.3277,-0.3493,2.1905,0.593,1.202,0.3028,FOLLOW
117.192,0.5746,1.3099,2.3205,-0.3514,2.191,0.593,1.202,0.3042,FOLLOW
117.212,0.5731,1.3114,2.3132,-0.3555,2.1919,0.5855,1.2098,0.3055,FOLLOW
117.232,0.5717,1.3129,2.3053,-0.3555,2.1919,0.5855,1.2098,0.3068,FOLLOW
117.252,0.5704,1.3145,2.2972,-0.3593,2.1929,0.5855,1.2098,0.3081,FOLLOW
117.272,0.569,1.316,2.2891,-0.3593,2.1929,0.5855,1.2098,0.3094,FOLLOW
117.292,0.5677,1.3176,2.281,-0.3612,2.1934,0.5855,1.2098,0.3107,FOLLOW
117.312,0.5664,1.3191,2.2728,-0.3631,2.1939,0.5787,1.2173,0.312,FOLLOW
117.332,0.565,1.3207,2.2647,-0.365,2.1944,0.5787,1.2173,0.3132,FOLLOW
117.352,0.5637,1.3223,2.2566,-0.3669,2.195,0.5787,1.2173,0.3145,FOLLOW
117.372,0.5624,1.3239,2.2485,-0.3688,2.1956,0.5787,1.2173,0.3157,FOLLOW
117.392,0.5612,1.3255,2.2403,-0.3707,2.1961,0.5787,1.2173,0.3169,FOLLOW
117.412,0.5599,1.3271,2.2324,-0.3726,2.1967,0.5724,1.2249,0.3182,FOLLOW
117.432,0.5585,1.3289,2.225,-0.3746,2.1974,0.5724,1.2249,0.3195,FOLLOW
117.452,0.5571,1.3307,2.2178,-0.3766,2.1981,0.5724,1.2249,0.3207,FOLLOW
117.472,0.5558,1.3325,2.2107,-0.3787,2.1988,0.5724,1.2249,0.322,FOLLOW
117.492,0.5545,1.3343,2.2036,-0.3808,2.1995,0.5724,1.2249,0.3233,FOLLOW
117.512,0.5532,1.3361,2.1965,-0.3828,2.2002,0.566,1.2333,0.3245,FOLLOW
117.532,0.5518,1.3379,2.1894,-0.3849,2.201,0.566,1.2333,0.3257,FOLLOW
117.552,0.5506,1.3397,2.1823,-0.3869,2.2017,0.566,1.2333,0.327,FOLLOW
117.572,0.5493,1.3416,2.1751,-0.3889,2.2025,0.566,1.2333,0.3282,FOLLOW
117.592,0.548,1.3434,2.168,-0.391,2.2033,0.566,1.2333,0.3294,FOLLOW
117.612,0.5468,1.3452,2.1607,-0.393,2.2041,0.5596,1.2422,0.3306,FOLLOW
117.632,0.5457,1.3469,2.1529,-0.3948,2.2048,0.5596,1.2422,0.3317,FOLLOW
117.652,0.5446,1.3486,2.1449,-0.3967,2.2056,0.5596,1.2422,0.3328,FOLLOW
117.672,0.5434,1.3504,2.1368,-0.3985,2.2064,0.5596,1.2422,0.334,FOLLOW
117.692,0.5423,1.3521,2.1287,-0.4003,2.2071,0.5596,1.2422,0.3351,FOLLOW
117.712,0.5413,1.3539,2.1207,-0.4021,2.208,0.553,1.2523,0.3362,FOLLOW
117.732,0.5402,1.3556,2.1126,-0.404,2.2088,0.553,1.2523,0.3373,FOLLOW
117.752,0.5391,1.3574,2.1045,-0.4058,2.2096,0.553,1.2523,0.3384,FOLLOW
117.772,0.5381,1.3592,2.0964,-0.4076,2.2105,0.553,1.2523,0.3395,FOLLOW
117.792,0.5371,1.361,2.0884,-0.4111,2.2122,0.549,1.2591,0.3405,FOLLOW
117.812,0.5361,1.3627,2.0801,-0.4111,2.2122,0.549,1.2591,0.3416,FOLLOW
117.832,0.5352,1.3644,2.0714,-0.4144,2.2139,0.549,1.2591,0.3426,FOLLOW
117.852,0.5343,1.366,2.0626,-0.4144,2.2139,0.549,1.2591,0.3436,FOLLOW
117.872,0.5334,1.3677,2.0538,-0.416,2.2147,0.549,1.2591,0.3446,FOLLOW
117.892,0.5325,1.3694,2.045,-0.4177,2.2156,0.549,1.2591,0.3456,FOLLOW
117.912,0.5316,1.3712,2.0362,-0.4193,2.2165,0.5445,1.2674,0.3465,FOLLOW
117.932,0.5308,1.3729,2.0274,-0.4209,2.2174,0.5445,1.2674,0.3475,FOLLOW
117.952,0.5299,1.3746,2.0186,-0.4225,2.2183,0.5445,1.2674,0.3484,FOLLOW
117.972,0.5291,1.3763,2.0098,-0.4241,2.2192,0.5445,1.2674,0.3494,FOLLOW
117.992,0.5283,1.3781,2.001,-0.4257,2.2202,0.5445,1.2674,0.3503,FOLLOW
118.012,0.5276,1.3797,1.992,-0.4272,2.2211,0.5396,1.2773,0.3512,FOLLOW
118.032,0.5268,1.3814,1.9826,-0.4287,2.222,0.5396,1.2773,0.3521,FOLLOW
118.052,0.5261,1.383,1.9731,-0.4301,2.2229,0.5396,1.2773,0.353,FOLLOW
118.072,0.5254,1.3847,1.9636,-0.4316,2.2238,0.5396,1.2773,0.3538,FOLLOW
118.092,0.5248,1.3863,1.9541,-0.433,2.2248,0.5396,1.2773,0.3547,FOLLOW
118.112,0.5241,1.388,1.9446,-0.4344,2.2257,0.537,1.2835,0.3555,FOLLOW
118.132,0.5235,1.3896,1.9351,-0.4358,2.2267,0.537,1.2835,0.3563,FOLLOW
118.152,0.5228,1.3913,1.9256,-0.4372,2.2277,0.537,1.2835,0.3572,FOLLOW
118.172,0.5222,1.393,1.9161,-0.4386,2.2286,0.537,1.2835,0.358,FOLLOW
118.192,0.5216,1.3947,1.9066,-0.4413,2.2307,0.537,1.2835,0.3588,FOLLOW
118.212,0.5211,1.3963,1.8969,-0.4426,2.2316,0.5339,1.2915,0.3595,FOLLOW
118.232,0.5206,1.3979,1.8868,-0.4426,2.2316,0.5339,1.2915,0.3603,FOLLOW
118.252,0.52,1.3995,1.8768,-0.4438,2.2326,0.5339,1.2915,0.361,FOLLOW
118.272,0.5195,1.4011,1.8667,-0.4451,2.2336,0.5339,1.2915,0.3618,FOLLOW
118.292,0.5191,1.4027,1.8566,-0.4463,2.2346,0.5339,1.2915,0.3625,FOLLOW
118.312,0.5186,1.4043,1.8465,-0.4475,2.2356,0.5314,1.2991,0.3632,FOLLOW
118.332,0.5182,1.4059,1.8365,-0.4487,2.2366,0.5314,1.2991,0.3639,FOLLOW
118.352,0.5177,1.4075,1.8264,-0.4499,2.2376,0.5314,1.2991,0.3646,FOLLOW
118.372,0.5173,1.4092,1.8163,-0.4511,2.2387,0.5314,1.2991,0.3653,FOLLOW
118.392,0.5169,1.4108,1.8063,-0.4523,2.2397,0.5314,1.2991,0.3659,FOLLOW
118.412,0.5165,1.4125,1.7964,-0.4535,2.2408,0.5294,1.3068,0.3666,FOLLOW
118.432,0.5162,1.4141,1.7866,-0.4547,2.2419,0.5294,1.3068,0.3672,FOLLOW
118.452,0.5158,1.4158,1.7768,-0.4559,2.2431,0.5294,1.3068,0.3678,FOLLOW
118.472,0.5155,1.4175,1.767,-0.457,2.2442,0.5294,1.3068,0.3685,FOLLOW
118.492,0.5151,1.4192,1.7572,-0.4582,2.2453,0.5294,1.3068,0.3691,FOLLOW
118.512,0.5148,1.4209,1.7474,-0.4594,2.2465,0.5276,1.3147,0.3696,FOLLOW
118.532,0.5145,1.4226,1.7376,-0.4605,2.2477,0.5276,1.3147,0.3702,FOLLOW
118.552,0.5142,1.4244,1.7279,-0.4617,2.2489,0.5276,1.3147,0.3708,FOLLOW
118.572,0.514,1.4261,1.7181,-0.4628,2.2501,0.5276,1.3147,0.3713,FOLLOW
118.592,0.5137,1.4278,1.7083,-0.4639,2.2513,0.5276,1.3147,0.3719,FOLLOW
118.612,0.5135,1.4294,1.6983,-0.465,2.2525,0.5263,1.3228,0.3724,FOLLOW
118.632,0.5133,1.4311,1.6882,-0.466,2.2537,0.5263,1.3228,0.3729,FOLLOW
118.652,0.5131,1.4328,1.6781,-0.4671,2.2549,0.5263,1.3228,0.3734,FOLLOW
118.672,0.513,1.4344,1.668,-0.4681,2.2561,0.5263,1.3228,0.3739,FOLLOW
118.692,0.5128,1.4361,1.6579,-0.4691,2.2573,0.5263,1.3228,0.3744,FOLLOW
118.712,0.5127,1.4378,1.6478,-0.4701,2.2585,0.5253,1.3308,0.3749,FOLLOW
118.732,0.5126,1.4394,1.6377,-0.4711,2.2598,0.5253,1.3308,0.3753,FOLLOW
118.752,0.5125,1.4411,1.6276,-0.473,2.2623,0.5253,1.3308,0.3758,FOLLOW
118.772,0.5124,1.4428,1.6175,-0.473,2.2623,0.5253,1.3308,0.3762,FOLLOW
118.792,0.5123,1.4444,1.6074,-0.474,2.2635,0.5253,1.3308,0.3766,FOLLOW
118.812,0.5123,1.446,1.5971,-0.4749,2.2648,0.5247,1.3402,0.377,FOLLOW
118.832,0.5122,1.4476,1.5866,-0.4758,2.266,0.5247,1.3402,0.3774,FOLLOW
118.852,0.5122,1.4492,1.5761,-0.4766,2.2673,0.5247,1.3402,0.3778,FOLLOW
118.872,0.5122,1.4508,1.5656,-0.4783,2.2697,0.5247,1.3402,0.3782,FOLLOW
118.892,0.5122,1.4524,1.5551,-0.4783,2.2697,0.5247,1.3402,0.3786,FOLLOW
118.912,0.5123,1.454,1.5446,-0.4799,2.2723,0.5247,1.3462,0.3789,FOLLOW
118.932,0.5123,1.4556,1.5341,-0.4799,2.2723,0.5247,1.3462,0.3793,FOLLOW
118.952,0.5124,1.4572,1.5236,-0.4807,2.2735,0.5247,1.3462,0.3796,FOLLOW
118.972,0.5125,1.4588,1.513,-0.4815,2.2748,0.5247,1.3462,0.3799,FOLLOW
118.992,0.5126,1.4604,1.5025,-0.4823,2.2761,0.5247,1.3462,0.3802,FOLLOW
119.012,0.5127,1.4619,1.492,-0.483,2.2774,0.5249,1.3537,0.3805,FOLLOW
119.032,0.5128,1.4635,1.4815,-0.4845,2.28,0.5249,1.3537,0.3808,FOLLOW
119.052,0.513,1.4651,1.471,-0.4845,2.28,0.5249,1.3537,0.381,FOLLOW
119.072,0.5131,1.4667,1.4604,-0.4852,2.2813,0.5249,1.3537,0.3813,FOLLOW
119.092,0.5133,1.4683,1.4499,-0.4859,2.2826,0.5249,1.3537,0.3815,FOLLOW
119.112,0.5135,1.4698,1.4394,-0.4866,2.284,0.5256,1.3611,0.3817,FOLLOW
119.132,0.5138,1.4714,1.4289,-0.4879,2.2866,0.5256,1.3611,0.3819,FOLLOW
119.152,0.514,1.473,1.4184,-0.4885,2.288,0.5256,1.3611,0.3821,FOLLOW
119.172,0.5142,1.4746,1.4079,-0.4885,2.288,0.5256,1.3611,0.3823,FOLLOW
119.192,0.5145,1.4761,1.3973,-0.4892,2.2894,0.5256,1.3611,0.3824,FOLLOW
119.212,0.5148,1.4777,1.3867,-0.4898,2.2907,0.5267,1.3685,0.3826,FOLLOW
119.232,0.5151,1.4792,1.376,-0.4909,2.2934,0.5267,1.3685,0.3828,FOLLOW
119.252,0.5154,1.4807,1.3653,-0.4909,2.2934,0.5267,1.3685,0.3829,FOLLOW
119.272,0.5157,1.4822,1.3546,-0.4915,2.2948,0.5267,1.3685,0.383,FOLLOW
119.292,0.5161,1.4838,1.3439,-0.492,2.2961,0.5267,1.3685,0.3831,FOLLOW
119.312,0.5164,1.4853,1.3332,-0.4926,2.2975,0.5281,1.3757,0.3832,FOLLOW
119.332,0.5168,1.4868,1.3225,-0.4931,2.2988,0.5281,1.3757,0.3833,FOLLOW
119.352,0.5172,1.4883,1.3118,-0.4936,2.3002,0.5281,1.3757,0.3834,FOLLOW
119.372,0.5176,1.4898,1.3011,-0.494,2.3016,0.5281,1.3757,0.3834,FOLLOW
119.392,0.518,1.4913,1.2904,-0.4945,2.303,0.5281,1.3757,0.3835,FOLLOW
119.412,0.5185,1.4927,1.2795,-0.495,2.3044,0.5303,1.3842,0.3835,FOLLOW
119.432,0.5189,1.4942,1.2685,-0.4954,2.3057,0.5303,1.3842,0.3835,FOLLOW
119.452,0.5194,1.4956,1.2576,-0.4958,2.3071,0.5303,1.3842,0.3836,FOLLOW
119.472,0.5198,1.497,1.2466,-0.4962,2.3084,0.5303,1.3842,0.3836,FOLLOW
119.492,0.5203,1.4985,1.2357,-0.4966,2.3098,0.5303,1.3842,0.3836,FOLLOW
119.512,0.5208,1.4999,1.2247,-0.4969,2.3111,0.532,1.3896,0.3835,FOLLOW
119.532,0.5214,1.5013,1.2137,-0.4973,2.3125,0.532,1.3896,0.3835,FOLLOW
119.552,0.5219,1.5027,1.2028,-0.4976,2.3139,0.532,1.3896,0.3835,FOLLOW
119.572,0.5224,1.5041,1.1918,-0.4979,2.3152,0.532,1.3896,0.3834,FOLLOW
119.592,0.523,1.5055,1.1809,-0.4982,2.3166,0.532,1.3896,0.3833,FOLLOW
119.612,0.5236,1.5069,1.17,-0.4985,2.318,0.5345,1.3962,0.3832,FOLLOW
119.632,0.5242,1.5083,1.1591,-0.4988,2.3194,0.5345,1.3962,0.3831,FOLLOW
119.652,0.5248,1.5097,1.1482,-0.4991,2.3208,0.5345,1.3962,0.383,FOLLOW
119.672,0.5255,1.5111,1.1373,-0.4993,2.3222,0.5345,1.3962,0.3829,FOLLOW
119.692,0.5261,1.5125,1.1265,-0.4997,2.325,0.5373,1.4027,0.3827,FOLLOW
119.712,0.5268,1.5138,1.1156,-0.4999,2.3264,0.5373,1.4027,0.3825,FOLLOW
119.732,0.5274,1.5152,1.1047,-0.4999,2.3264,0.5373,1.4027,0.3824,FOLLOW
119.752,0.5281,1.5165,1.0938,-0.5001,2.3278,0.5373,1.4027,0.3822,FOLLOW
119.772,0.5288,1.5179,1.083,-0.5003,2.3292,0.5373,1.4027,0.382,FOLLOW
119.792,0.5296,1.5192,1.0721,-0.5004,2.3307,0.5373,1.4027,0.3818,FOLLOW
119.812,0.5303,1.5206,1.0614,-0.5006,2.3321,0.5405,1.4091,0.3815,FOLLOW
119.832,0.5312,1.5221,1.0512,-0.5007,2.3336,0.5405,1.4091,0.3812,FOLLOW
119.852,0.532,1.5235,1.0411,-0.5008,2.3352,0.5405,1.4091,0.3809,FOLLOW
119.872,0.5329,1.525,1.031,-0.5009,2.3368,0.5405,1.4091,0.3805,FOLLOW
119.892,0.5337,1.5264,1.021,-0.501,2.3384,0.5405,1.4091,0.3801,FOLLOW
119.912,0.5346,1.5278,1.0109,-0.5011,2.3399,0.5444,1.4158,0.3798,FOLLOW
119.932,0.5355,1.5292,1.0008,-0.5012,2.3415,0.5444,1.4158,0.3794,FOLLOW
119.952,0.5364,1.5306,0.9908,-0.5012,2.3431,0.5444,1.4158,0.379,FOLLOW
119.972,0.5374,1.532,0.9807,-0.5012,2.3447,0.5444,1.4158,0.3786,FOLLOW
119.992,0.5383,1.5334,0.9706,-0.5012,2.3463,0.5444,1.4158,0.3781,FOLLOW
120.012,0.5393,1.5348,0.9607,-0.5012,2.3479,0.5486,1.4224,0.3777,FOLLOW
120.032,0.5403,1.5362,0.9509,-0.5012,2.3495,0.5486,1.4224,0.3772,FOLLOW
120.052,0.5413,1.5376,0.941,-0.5011,2.3528,0.5486,1.4224,0.3767,FOLLOW
120.072,0.5423,1.539,0.9312,-0.5011,2.3528,0.5486,1.4224,0.3762,FOLLOW
120.092,0.5433,1.5404,0.9213,-0.501,2.3544,0.5486,1.4224,0.3757,FOLLOW
120.112,0.5444,1.5417,0.9114,-0.501,2.356,0.5543,1.4303,0.3752,FOLLOW
120.132,0.5454,1.5431,0.9016,-0.5009,2.3576,0.5543,1.4303,0.3747,FOLLOW
120.152,0.5465,1.5444,0.8917,-0.5006,2.3609,0.5543,1.4303,0.3741,FOLLOW
120.172,0.5476,1.5458,0.8819,-0.5006,2.3609,0.5543,1.4303,0.3736,FOLLOW
120.192,0.5487,1.5471,0.872,-0.5004,2.3625,0.5543,1.4303,0.373,FOLLOW
120.212,0.5498,1.5484,0.8623,-0.5003,2.3641,0.5584,1.4354,0.3724,FOLLOW
120.232,0.551,1.5498,0.8528,-0.5001,2.3658,0.5584,1.4354,0.3717,FOLLOW
120.252,0.5522,1.5511,0.8432,-0.4999,2.3675,0.5584,1.4354,0.3711,FOLLOW
120.272,0.5534,1.5524,0.8337,-0.4997,2.3691,0.5584,1.4354,0.3704,FOLLOW
120.292,0.5546,1.5537,0.8241,-0.4992,2.3725,0.5584,1.4354,0.3698,FOLLOW
120.312,0.5558,1.555,0.8146,-0.4992,2.3725,0.5639,1.4417,0.3691,FOLLOW
120.332,0.557,1.5563,0.805,-0.4989,2.3742,0.5639,1.4417,0.3684,FOLLOW
120.352,0.5582,1.5576,0.7955,-0.4986,2.3758,0.5639,1.4417,0.3677,FOLLOW
120.372,0.5595,1.5588,0.7859,-0.4983,2.3775,0.5639,1.4417,0.367,FOLLOW
120.392,0.5607,1.5601,0.7764,-0.498,2.3791,0.5639,1.4417,0.3662,FOLLOW
120.412,0.562,1.5613,0.7669,-0.4977,2.3808,0.5698,1.4478,0.3655,FOLLOW
120.432,0.5633,1.5626,0.7575,-0.4973,2.3825,0.5698,1.4478,0.3647,FOLLOW
120.452,0.5647,1.5638,0.7481,-0.4965,2.3858,0.5698,1.4478,0.3639,FOLLOW
120.472,0.566,1.565,0.7387,-0.4965,2.3858,0.5698,1.4478,0.3631,FOLLOW
120.492,0.5673,1.5662,0.7293,-0.4961,2.3875,0.5698,1.4478,0.3623,FOLLOW
120.512,0.5687,1.5674,0.7199,-0.4957,2.3892,0.576,1.4537,0.3615,FOLLOW
120.532,0.57,1.5686,0.7105,-0.4953,2.3908,0.576,1.4537,0.3607,FOLLOW
120.552,0.5714,1.5698,0.7011,-0.4948,2.3925,0.576,1.4537,0.3598,FOLLOW
120.572,0.5728,1.5709,0.6917,-0.4944,2.3941,0.576,1.4537,0.359,FOLLOW
120.592,0.5742,1.5721,0.6822,-0.4939,2.3958,0.576,1.4537,0.3581,FOLLOW
120.612,0.5756,1.5732,0.6728,-0.4934,2.3974,0.5825,1.4593,0.3573,FOLLOW
120.632,0.577,1.5743,0.6634,-0.4929,2.3991,0.5825,1.4593,0.3564,FOLLOW
120.652,0.5784,1.5754,0.654,-0.4924,2.4007,0.5825,1.4593,0.3555,FOLLOW
120.672,0.5799,1.5765,0.6446,-0.4913,2.404,0.5825,1.4593,0.3546,FOLLOW
120.692,0.5813,1.5776,0.6351,-0.4913,2.404,0.5825,1.4593,0.3537,FOLLOW
120.712,0.5828,1.5786,0.6257,-0.4907,2.4056,0.5893,1.4646,0.3527,FOLLOW
120.732,0.5842,1.5797,0.6163,-0.4901,2.4072,0.5893,1.4646,0.3518,FOLLOW
120.752,0.5857,1.5807,0.6069,-0.4895,2.4088,0.5893,1.4646,0.3509,FOLLOW
120.772,0.5872,1.5817,0.5974,-0.4889,2.4104,0.5893,1.4646,0.3499,FOLLOW
120.792,0.5887,1.5827,0.588,-0.4882,2.412,0.5893,1.4646,0.3489,FOLLOW
120.812,0.5903,1.5838,0.5788,-0.4876,2.4136,0.5963,1.4695,0.3479,FOLLOW
120.832,0.5919,1.5848,0.57,-0.4869,2.4153,0.5963,1.4695,0.3468,FOLLOW
120.852,0.5935,1.5858,0.5612,-0.4854,2.4186,0.5963,1.4695,0.3457,FOLLOW
120.872,0.5951,1.5869,0.5524,-0.4854,2.4186,0.5963,1.4695,0.3446,FOLLOW
120.892,0.5968,1.5879,0.5437,-0.4847,2.4203,0.5963,1.4695,0.3435,FOLLOW
120.912,0.5984,1.5888,0.5349,-0.4839,2.422,0.6055,1.4754,0.3423,FOLLOW
120.932,0.6001,1.5898,0.5261,-0.4831,2.4237,0.6055,1.4754,0.3412,FOLLOW
120.952,0.6018,1.5908,0.5173,-0.4823,2.4253,0.6055,1.4754,0.34,FOLLOW
120.972,0.6034,1.5917,0.5086,-0.4815,2.427,0.6055,1.4754,0.3389,FOLLOW
120.992,0.6051,1.5926,0.4998,-0.4807,2.4286,0.6055,1.4754,0.3377,FOLLOW
121.012,0.6066,1.5935,0.4908,-0.4798,2.4303,0.6135,1.4799,0.3367,FOLLOW
121.032,0.6081,1.5943,0.4814,-0.4791,2.4317,0.6135,1.4799,0.3357,FOLLOW
121.052,0.6096,1.595,0.4715,-0.4784,2.433,0.6135,1.4799,0.3347,FOLLOW
121.072,0.6111,1.5957,0.4613,-0.4776,2.4343,0.6135,1.4799,0.3337,FOLLOW
121.092,0.6125,1.5964,0.4509,-0.4769,2.4357,0.619,1.4827,0.3327,FOLLOW
121.112,0.614,1.5971,0.4405,-0.4753,2.4383,0.619,1.4827,0.3318,FOLLOW
121.132,0.6155,1.5978,0.4302,-0.4753,2.4383,0.619,1.4827,0.3308,FOLLOW
121.152,0.6169,1.5985,0.4198,-0.4745,2.4396,0.619,1.4827,0.3298,FOLLOW
121.172,0.6184,1.5991,0.4094,-0.4737,2.4409,0.619,1.4827,0.3287,FOLLOW
121.192,0.6199,1.5998,0.3991,-0.4729,2.4422,0.619,1.4827,0.3277,FOLLOW
121.212,0.6213,1.6004,0.3885,-0.4713,2.4446,0.6259,1.4859,0.3268,FOLLOW
121.232,0.6227,1.6009,0.3776,-0.4705,2.4458,0.6259,1.4859,0.3258,FOLLOW
121.252,0.6241,1.6015,0.3666,-0.4705,2.4458,0.6259,1.4859,0.3249,FOLLOW
121.272,0.6255,1.602,0.3556,-0.4697,2.4469,0.6259,1.4859,0.3239,FOLLOW
121.292,0.6269,1.6025,0.3446,-0.4689,2.4481,0.6259,1.4859,0.3229,FOLLOW
121.312,0.6283,1.603,0.3335,-0.4681,2.4492,0.6325,1.4886,0.3219,FOLLOW
121.332,0.6298,1.6035,0.3225,-0.4672,2.4503,0.6325,1.4886,0.321,FOLLOW
121.352,0.6312,1.6039,0.3115,-0.4664,2.4514,0.6325,1.4886,0.3199,FOLLOW
121.372,0.6326,1.6044,0.3005,-0.4655,2.4525,0.6325,1.4886,0.3189,FOLLOW
121.392,0.634,1.6048,0.2895,-0.4637,2.4547,0.6325,1.4886,0.3179,FOLLOW
121.412,0.6353,1.6052,0.2784,-0.4637,2.4547,0.6392,1.4908,0.317,FOLLOW
121.432,0.6365,1.6055,0.2668,-0.463,2.4556,0.6392,1.4908,0.3162,FOLLOW
121.452,0.6378,1.6059,0.2548,-0.4623,2.4564,0.6392,1.4908,0.3153,FOLLOW
121.472,0.6389,1.6062,0.2424,-0.4616,2.4572,0.6392,1.4908,0.3145,FOLLOW
121.492,0.6401,1.6064,0.2299,-0.4601,2.4589,0.6392,1.4908,0.3137,FOLLOW
121.512,0.6413,1.6067,0.2174,-0.4601,2.4589,0.6459,1.4926,0.3129,FOLLOW
121.532,0.6425,1.607,0.2049,-0.4585,2.4604,0.6459,1.4926,0.312,FOLLOW
121.552,0.6437,1.6072,0.1925,-0.4585,2.4604,0.6459,1.4926,0.3112,FOLLOW
121.572,0.6449,1.6074,0.18,-0.4577,2.4612,0.6459,1.4926,0.3103,FOLLOW
121.592,0.6461,1.6076,0.1675,-0.457,2.462,0.6459,1.4926,0.3094,FOLLOW
121.612,0.6473,1.6078,0.1549,-0.4562,2.4628,0.6502,1.4934,0.3086,FOLLOW
121.632,0.6485,1.608,0.142,-0.4554,2.4635,0.6502,1.4934,0.3077,FOLLOW
121.652,0.6496,1.6082,0.1292,-0.4546,2.4642,0.6502,1.4934,0.3068,FOLLOW
121.672,0.6508,1.6083,0.1164,-0.4537,2.4649,0.6502,1.4934,0.3059,FOLLOW
121.692,0.652,1.6084,0.1036,-0.4529,2.4656,0.6502,1.4934,0.305,FOLLOW
121.712,0.6532,1.6085,0.0908,-0.4521,2.4663,0.6556,1.4942,0.3041,FOLLOW
121.732,0.6544,1.6086,0.078,-0.4513,2.467,0.6556,1.4942,0.3032,FOLLOW
121.752,0.6556,1.6087,0.0652,-0.4496,2.4683,0.6556,1.4942,0.3023,FOLLOW
121.772,0.6568,1.6088,0.0523,-0.4496,2.4683,0.6556,1.4942,0.3013,FOLLOW
121.792,0.658,1.6088,0.0395,-0.4487,2.469,0.6556,1.4942,0.3004,FOLLOW
121.812,0.6592,1.6089,0.0269,-0.4478,2.4696,0.661,1.4946,0.2994,FOLLOW
121.832,0.6606,1.6089,0.0145,-0.4468,2.4703,0.661,1.4946,0.2982,FOLLOW
121.852,0.6621,1.6089,0.0025,-0.4456,2.4712,0.661,1.4946,0.297,FOLLOW
121.872,0.6635,1.6089,-0.0092,-0.4445,2.4719,0.661,1.4946,0.2957,FOLLOW
121.892,0.665,1.6089,-0.0205,-0.4433,2.4727,0.661,1.4946,0.2945,FOLLOW
121.912,0.6665,1.6088,-0.0315,-0.4421,2.4735,0.6689,1.4947,0.2932,FOLLOW
121.932,0.668,1.6088,-0.0425,-0.441,2.4742,0.6689,1.4947,0.2918,FOLLOW
121.952,0.6695,1.6087,-0.0535,-0.4398,2.475,0.6689,1.4947,0.2905,FOLLOW
121.972,0.671,1.6086,-0.0645,-0.4386,2.4757,0.6689,1.4947,0.2892,FOLLOW
121.992,0.6725,1.6085,-0.0755,-0.4373,2.4764,0.6689,1.4947,0.2879,FOLLOW
122.012,0.674,1.6084,-0.0864,-0.4361,2.4771,0.6745,1.4944,0.2865,FOLLOW
122.032,0.6755,1.6082,-0.0974,-0.4349,2.4778,0.6745,1.4944,0.2851,FOLLOW
122.052,0.677,1.6081,-0.1083,-0.4337,2.4785,0.6745,1.4944,0.2838,FOLLOW
122.072,0.6785,1.6079,-0.1193,-0.4324,2.4791,0.6745,1.4944,0.2824,FOLLOW
122.092,0.68,1.6077,-0.1302,-0.4312,2.4798,0.6745,1.4944,0.281,FOLLOW
122.112,0.6815,1.6075,-0.1412,-0.4299,2.4804,0.6815,1.4937,0.2796,FOLLOW
122.132,0.683,1.6073,-0.1521,-0.4286,2.481,0.6815,1.4937,0.2782,FOLLOW
122.152,0.6845,1.6071,-0.1631,-0.4274,2.4816,0.6815,1.4937,0.2768,FOLLOW
122.172,0.6859,1.6068,-0.1741,-0.4248,2.4828,0.6815,1.4937,0.2754,FOLLOW
122.192,0.6874,1.6065,-0.185,-0.4248,2.4828,0.6885,1.4927,0.274,FOLLOW
122.212,0.6889,1.6062,-0.196,-0.4235,2.4834,0.6885,1.4927,0.2726,FOLLOW
122.232,0.6904,1.6059,-0.207,-0.4222,2.4839,0.6885,1.4927,0.2712,FOLLOW
122.252,0.6918,1.6056,-0.218,-0.4209,2.4844,0.6885,1.4927,0.2698,FOLLOW
122.272,0.6933,1.6053,-0.229,-0.4196,2.4849,0.6885,1.4927,0.2683,FOLLOW
122.292,0.6948,1.6049,-0.24,-0.4183,2.4854,0.6885,1.4927,0.2669,FOLLOW
122.312,0.6962,1.6046,-0.251,-0.417,2.4859,0.6953,1.4912,0.2655,FOLLOW
122.332,0.6977,1.6042,-0.262,-0.4157,2.4864,0.6953,1.4912,0.264,FOLLOW
122.352,0.6991,1.6038,-0.2729,-0.4144,2.4869,0.6953,1.4912,0.2626,FOLLOW
122.372,0.7006,1.6034,-0.2839,-0.413,2.4873,0.6953,1.4912,0.2611,FOLLOW
122.392,0.702,1.6029,-0.2949,-0.4117,2.4877,0.6953,1.4912,0.2596,FOLLOW
122.412,0.7033,1.6025,-0.3061,-0.4104,2.4882,0.7021,1.4894,0.2583,FOLLOW
122.432,0.7046,1.6021,-0.3177,-0.4092,2.4885,0.7021,1.4894,0.257,FOLLOW
122.452,0.7059,1.6017,-0.3296,-0.408,2.4888,0.7021,1.4894,0.2557,FOLLOW
122.472,0.7071,1.6012,-0.3415,-0.4068,2.4892,0.7021,1.4894,0.2544,FOLLOW
122.492,0.7084,1.6008,-0.3533,-0.4056,2.4895,0.7021,1.4894,0.253,FOLLOW
122.512,0.7096,1.6003,-0.3652,-0.4044,2.4898,0.7081,1.4874,0.2517,FOLLOW
122.532,0.7108,1.5998,-0.3771,-0.4032,2.49,0.7081,1.4874,0.2504,FOLLOW
122.552,0.7121,1.5993,-0.389,-0.4021,2.4903,0.7081,1.4874,0.2491,FOLLOW
122.572,0.7133,1.5988,-0.4009,-0.4009,2.4906,0.7081,1.4874,0.2477,FOLLOW
122.592,0.7145,1.5983,-0.4128,-0.3985,2.491,0.7081,1.4874,0.2464,FOLLOW
122.612,0.715,1.5982,-0.4245,-0.3985,2.491,0.7081,1.4874,0.2459,FOLLOW
122.632,0.715,1.5983,-0.4357,-0.3983,2.491,0.7138,1.4852,0.2459,FOLLOW_TURN
122.652,0.7149,1.5983,-0.4464,-0.3983,2.491,0.7138,1.4852,0.246,FOLLOW_TURN
122.672,0.7148,1.5983,-0.4567,-0.3983,2.491,0.7138,1.4852,0.2461,FOLLOW_TURN
122.692,0.7147,1.5984,-0.4665,-0.3983,2.491,0.7138,1.4852,0.2462,FOLLOW_TURN
122.712,0.7146,1.5985,-0.4759,-0.3983,2.491,0.715,1.4846,0.2463,FOLLOW_TURN
122.732,0.7143,1.5986,-0.4848,-0.3983,2.491,0.715,1.4846,0.2466,FOLLOW_TURN
122.752,0.714,1.5988,-0.4932,-0.3983,2.491,0.715,1.4846,0.2469,FOLLOW_TURN
122.772,0.7138,1.5989,-0.5012,-0.3983,2.491,0.715,1.4846,0.2471,FOLLOW_TURN
122.792,0.7136,1.599,-0.5087,-0.3983,2.491,0.715,1.4846,0.2473,FOLLOW_TURN
122.812,0.7133,1.5992,-0.5158,-0.3983,2.491,0.715,1.4846,0.2477,FOLLOW_TURN
122.832,0.7129,1.5994,-0.5224,-0.3983,2.491,0.715,1.4846,0.2481,FOLLOW_TURN
122.852,0.7125,1.5997,-0.5285,-0.3983,2.491,0.715,1.4846,0.2485,FOLLOW_TURN
122.872,0.7121,1.5999,-0.5342,-0.3983,2.491,0.715,1.4846,0.2489,FOLLOW_TURN
122.892,0.7118,1.6001,-0.5394,-0.3983,2.491,0.715,1.4846,0.2493,FOLLOW_TURN
122.912,0.7113,1.6004,-0.5441,-0.3983,2.491,0.715,1.4846,0.2498,FOLLOW_TURN
122.932,0.7108,1.6007,-0.5484,-0.3983,2.491,0.715,1.4846,0.2504,FOLLOW_TURN
122.952,0.7103,1.601,-0.5522,-0.3983,2.491,0.715,1.4846,0.2509,FOLLOW_TURN
122.972,0.7098,1.6013,-0.5555,-0.3983,2.491,0.715,1.4846,0.2515,FOLLOW_TURN
122.992,0.7094,1.6016,-0.5584,-0.3983,2.491,0.715,1.4846,0.252,FOLLOW_TURN
123.012,0.7088,1.602,-0.5608,-0.3983,2.491,0.715,1.4846,0.2527,FOLLOW_TURN
123.032,0.7081,1.6024,-0.5627,-0.3983,2.491,0.715,1.4846,0.2534,FOLLOW_TURN
123.052,0.7075,1.6028,-0.5642,-0.3983,2.491,0.715,1.4846,0.2542,FOLLOW_TURN
123.072,0.7069,1.6032,-0.5652,-0.3983,2.491,0.715,1.4846,0.2549,FOLLOW_TURN
123.092,0.7063,1.6035,-0.5657,-0.3983,2.491,0.715,1.4846,0.2555,FOLLOW_TURN
123.112,0.7056,1.604,-0.5658,-0.3983,2.491,0.715,1.4846,0.2564,FOLLOW_TURN
123.132,0.7048,1.6045,-0.5653,-0.3983,2.491,0.715,1.4846,0.2573,FOLLOW_TURN
123.152,0.7041,1.605,-0.5645,-0.3983,2.491,0.715,1.4846,0.2582,FOLLOW_TURN
123.172,0.7033,1.6054,-0.5631,-0.3983,2.491,0.715,1.4846,0.259,FOLLOW_TURN
123.192,0.7026,1.6059,-0.5613,-0.3983,2.491,0.715,1.4846,0.2599,FOLLOW_TURN
123.212,0.702,1.6063,-0.559,-0.3983,2.491,0.715,1.4846,0.2607,FOLLOW_TURN
123.232,0.7013,1.6067,-0.5563,-0.3983,2.491,0.715,1.4846,0.2614,FOLLOW_TURN
123.252,0.7007,1.6071,-0.5531,-0.3983,2.491,0.715,1.4846,0.2622,FOLLOW_TURN
123.272,0.7001,1.6075,-0.5495,-0.3983,2.491,0.715,1.4846,0.2629,FOLLOW_TURN
123.292,0.6995,1.6078,-0.5454,-0.3983,2.491,0.715,1.4846,0.2636,FOLLOW_TURN
123.312,0.699,1.6081,-0.5408,-0.3983,2.491,0.715,1.4846,0.2642,FOLLOW_TURN
123.332,0.6985,1.6085,-0.5358,-0.3983,2.491,0.715,1.4846,0.2648,FOLLOW_TURN
123.352,0.698,1.6087,-0.5303,-0.3983,2.491,0.715,1.4846,0.2654,FOLLOW_TURN
123.372,0.6975,1.609,-0.5243,-0.3983,2.491,0.715,1.4846,0.266,FOLLOW_TURN
123.392,0.6971,1.6093,-0.5179,-0.3983,2.491,0.715,1.4846,0.2665,FOLLOW_TURN
123.412,0.6971,1.6093,-0.5111,-0.3983,2.491,0.715,1.4846,0.2665,FOLLOW_ARC
123.432,0.6974,1.6091,-0.5039,-0.3982,2.4911,0.715,1.4846,0.2661,FOLLOW_ARC
123.452,0.6982,1.6087,-0.4963,-0.3976,2.4913,0.715,1.4846,0.2653,FOLLOW_ARC
123.472,0.699,1.6082,-0.4884,-0.3968,2.4917,0.715,1.4846,0.2644,FOLLOW_ARC
123.492,0.6998,1.6078,-0.4804,-0.3958,2.492,0.715,1.4846,0.2635,FOLLOW_ARC
123.512,0.7008,1.6072,-0.4726,-0.3949,2.4924,0.7174,1.4834,0.2624,FOLLOW_ARC
123.532,0.702,1.6064,-0.4653,-0.3938,2.4929,0.7174,1.4834,0.261,FOLLOW_ARC
123.552,0.7036,1.6055,-0.4586,-0.3924,2.4935,0.7174,1.4834,0.2592,FOLLOW_ARC
123.572,0.7053,1.6047,-0.4522,-0.3891,2.4949,0.7174,1.4834,0.2573,FOLLOW_ARC
123.592,0.707,1.6039,-0.4464,-0.3891,2.4949,0.7174,1.4834,0.2554,FOLLOW_ARC
123.612,0.7089,1.603,-0.441,-0.3874,2.4957,0.7256,1.4793,0.2534,FOLLOW_ARC
123.632,0.7108,1.6021,-0.436,-0.3841,2.4971,0.7256,1.4793,0.2513,FOLLOW_ARC
123.652,0.7127,1.6012,-0.4315,-0.3841,2.4971,0.7256,1.4793,0.2491,FOLLOW_ARC
123.672,0.7146,1.6003,-0.4275,-0.3825,2.4979,0.7256,1.4793,0.2471,FOLLOW_ARC
123.692,0.7165,1.5995,-0.4239,-0.3808,2.4986,0.7256,1.4793,0.245,FOLLOW_ARC
123.712,0.7185,1.5985,-0.4207,-0.3792,2.4993,0.7321,1.4762,0.2428,FOLLOW_ARC
123.732,0.7206,1.5976,-0.418,-0.3775,2.5,0.7321,1.4762,0.2405,FOLLOW_ARC
123.752,0.7227,1.5967,-0.4158,-0.3759,2.5008,0.7321,1.4762,0.2382,FOLLOW_ARC
123.772,0.7247,1.5958,-0.414,-0.3742,2.5015,0.7321,1.4762,0.236,FOLLOW_ARC
123.792,0.7268,1.5949,-0.4126,-0.3726,2.5022,0.7321,1.4762,0.2338,FOLLOW_ARC
123.812,0.7275,1.5947,-0.4115,-0.3709,2.5029,0.7321,1.4762,0.2331,FOLLOW_ARC
123.832,0.7275,1.5947,-0.411,-0.3708,2.503,0.7321,1.4762,0.233,FOLLOW_ARC
123.852,0.7276,1.5946,-0.4108,-0.3708,2.503,0.7403,1.4726,0.2329,FOLLOW_TURN
123.872,0.7276,1.5946,-0.4108,-0.3708,2.503,0.7403,1.4726,0.2329,FOLLOW_TURN
123.892,0.7276,1.5946,-0.4108,-0.3708,2.503,0.7403,1.4726,0.2329,FOLLOW_TURN
123.912,0.7275,1.5947,-0.4106,-0.3708,2.503,0.7421,1.4718,0.2331,FOLLOW_TURN
123.932,0.7272,1.5948,-0.4099,-0.3708,2.503,0.7421,1.4718,0.2333,FOLLOW_TURN
123.952,0.727,1.5949,-0.4088,-0.3708,2.503,0.7421,1.4718,0.2336,FOLLOW_TURN
123.972,0.7268,1.595,-0.4072,-0.3708,2.503,0.7421,1.4718,0.2338,FOLLOW_TURN
123.992,0.7266,1.5951,-0.4052,-0.3708,2.503,0.7421,1.4718,0.234,FOLLOW_TURN
124.012,0.7264,1.5952,-0.4027,-0.3708,2.503,0.7421,1.4718,0.2343,FOLLOW_TURN
124.032,0.726,1.5954,-0.3998,-0.3708,2.503,0.7421,1.4718,0.2347,FOLLOW_TURN
124.052,0.7256,1.5956,-0.3964,-0.3708,2.503,0.7421,1.4718,0.2351,FOLLOW_TURN
124.072,0.7253,1.5957,-0.3926,-0.3708,2.503,0.7421,1.4718,0.2355,FOLLOW_TURN
124.092,0.7249,1.5958,-0.3884,-0.3708,2.503,0.7421,1.4718,0.2358,FOLLOW_TURN
124.112,0.7245,1.596,-0.3837,-0.3708,2.503,0.7421,1.4718,0.2363,FOLLOW_TURN
124.132,0.724,1.5963,-0.3786,-0.3708,2.503,0.7421,1.4718,0.2369,FOLLOW_TURN
124.152,0.7234,1.5965,-0.373,-0.3708,2.503,0.7421,1.4718,0.2375,FOLLOW_TURN
124.172,0.7229,1.5967,-0.367,-0.3708,2.503,0.7421,1.4718,0.238,FOLLOW_TURN
124.192,0.7225,1.5968,-0.3605,-0.3708,2.503,0.7421,1.4718,0.2385,FOLLOW_TURN
124.212,0.722,1.597,-0.3537,-0.3708,2.503,0.7421,1.4718,0.239,FOLLOW_TURN
124.232,0.7216,1.5972,-0.3464,-0.3708,2.503,0.7421,1.4718,0.2394,FOLLOW_TURN
124.252,0.7212,1.5973,-0.3386,-0.3708,2.503,0.7421,1.4718,0.2398,FOLLOW_TURN
124.272,0.7209,1.5974,-0.3305,-0.3708,2.503,0.7421,1.4718,0.2402,FOLLOW_TURN
124.292,0.7205,1.5976,-0.3219,-0.3708,2.503,0.7421,1.4718,0.2405,FOLLOW_TURN
124.312,0.7202,1.5977,-0.3129,-0.3708,2.503,0.7421,1.4718,0.2408,FOLLOW_TURN
124.332,0.72,1.5977,-0.3035,-0.3708,2.503,0.7421,1.4718,0.2411,FOLLOW_TURN
124.352,0.7197,1.5978,-0.2936,-0.3708,2.503,0.7421,1.4718,0.2413,FOLLOW_TURN
124.372,0.7195,1.5979,-0.2834,-0.3708,2.503,0.7421,1.4718,0.2415,FOLLOW_TURN
124.392,0.7193,1.598,-0.2727,-0.3708,2.503,0.7421,1.4718,0.2417,FOLLOW_TURN
124.412,0.7191,1.598,-0.2616,-0.3708,2.503,0.7421,1.4718,0.2418,FOLLOW_TURN
124.432,0.719,1.598,-0.2501,-0.3708,2.503,0.7421,1.4718,0.2419,FOLLOW_TURN
124.452,0.7189,1.5981,-0.2383,-0.3708,2.503,0.7421,1.4718,0.2419,FOLLOW_TURN
124.472,0.7188,1.5981,-0.2263,-0.3708,2.503,0.7421,1.4718,0.242,FOLLOW_TURN
124.492,0.7187,1.5981,-0.2143,-0.3708,2.503,0.7421,1.4718,0.242,FOLLOW_TURN
124.512,0.7186,1.5982,-0.2023,-0.3708,2.503,0.7421,1.4718,0.2421,FOLLOW_TURN
124.532,0.7185,1.5982,-0.1903,-0.3708,2.503,0.7421,1.4718,0.2421,FOLLOW_TURN
124.552,0.7184,1.5982,-0.1783,-0.3708,2.503,0.7421,1.4718,0.2422,FOLLOW_TURN
124.572,0.7183,1.5982,-0.1663,-0.3708,2.503,0.7421,1.4718,0.2422,FOLLOW_TURN
124.592,0.7181,1.5982,-0.1543,-0.3708,2.503,0.7421,1.4718,0.2422,FOLLOW_TURN
124.612,0.718,1.5983,-0.1423,-0.3708,2.503,0.7421,1.4718,0.2422,FOLLOW_TURN
124.632,0.7179,1.5983,-0.1303,-0.3708,2.503,0.7421,1.4718,0.2422,FOLLOW_TURN
124.652,0.7178,1.5983,-0.1183,-0.3708,2.503,0.7421,1.4718,0.2422,FOLLOW_TURN
124.672,0.7177,1.5983,-0.1063,-0.3708,2.503,0.7421,1.4718,0.2423,FOLLOW_TURN
124.692,0.7176,1.5983,-0.0943,-0.3708,2.503,0.7421,1.4718,0.2423,FOLLOW_TURN
124.712,0.7175,1.5983,-0.0823,-0.3708,2.503,0.7421,1.4718,0.2423,FOLLOW_TURN
124.732,0.7174,1.5984,-0.0703,-0.3708,2.503,0.7421,1.4718,0.2422,FOLLOW_TURN
124.752,0.7173,1.5984,-0.0583,-0.3708,2.503,0.7421,1.4718,0.2422,FOLLOW_TURN
124.772,0.7172,1.5984,-0.0463,-0.3708,2.503,0.7421,1.4718,0.2422,FOLLOW_TURN
124.792,0.7171,1.5984,-0.0343,-0.3708,2.503,0.7421,1.4718,0.2422,FOLLOW_TURN
124.812,0.717,1.5984,-0.0223,-0.3708,2.503,0.7421,1.4718,0.2422,FOLLOW_TURN
124.832,0.7169,1.5984,-0.0103,-0.3708,2.503,0.7421,1.4718,0.2421,FOLLOW_TURN
124.852,0.7168,1.5984,0.0017,-0.3708,2.503,0.7421,1.4718,0.2421,FOLLOW_TURN
124.872,0.7166,1.5984,0.0137,-0.3708,2.503,0.7421,1.4718,0.2421,FOLLOW_TURN
124.892,0.7165,1.5984,0.0257,-0.3708,2.503,0.7421,1.4718,0.242,FOLLOW_TURN
124.912,0.7164,1.5984,0.0377,-0.3708,2.503,0.7421,1.4718,0.242,FOLLOW_TURN
124.932,0.7163,1.5984,0.0497,-0.3708,2.503,0.7421,1.4718,0.2419,FOLLOW_TURN
124.952,0.7162,1.5984,0.0617,-0.3708,2.503,0.7421,1.4718,0.2419,FOLLOW_TURN
124.972,0.7161,1.5984,0.0737,-0.3708,2.503,0.7421,1.4718,0.2418,FOLLOW_TURN
124.992,0.716,1.5984,0.0857,-0.3708,2.503,0.7421,1.4718,0.2417,FOLLOW_TURN
125.012,0.7159,1.5984,0.0977,-0.3708,2.503,0.7421,1.4718,0.2417,FOLLOW_TURN
125.032,0.7158,1.5984,0.1097,-0.3708,2.503,0.7421,1.4718,0.2416,FOLLOW_TURN
125.052,0.7157,1.5984,0.1217,-0.3708,2.503,0.7421,1.4718,0.2415,FOLLOW_TURN
125.072,0.7156,1.5984,0.1337,-0.3708,2.503,0.7421,1.4718,0.2414,FOLLOW_TURN
125.092,0.7155,1.5983,0.1457,-0.3708,2.503,0.7421,1.4718,0.2413,FOLLOW_TURN
125.112,0.7154,1.5983,0.1577,-0.3708,2.503,0.7421,1.4718,0.2412,FOLLOW_TURN
125.132,0.7152,1.5983,0.1697,-0.3708,2.503,0.7421,1.4718,0.2412,FOLLOW_TURN
125.152,0.7151,1.5983,0.1817,-0.3708,2.503,0.7421,1.4718,0.2411,FOLLOW_TURN
125.172,0.715,1.5983,0.1937,-0.3708,2.503,0.7421,1.4718,0.2409,FOLLOW_TURN
125.192,0.7149,1.5983,0.2057,-0.3708,2.503,0.7421,1.4718,0.2408,FOLLOW_TURN
125.212,0.7148,1.5982,0.2177,-0.3708,2.503,0.7421,1.4718,0.2407,FOLLOW_TURN
125.232,0.7147,1.5982,0.2297,-0.3708,2.503,0.7421,1.4718,0.2406,FOLLOW_TURN
125.252,0.7146,1.5982,0.2417,-0.3708,2.503,0.7421,1.4718,0.2405,FOLLOW_TURN
125.272,0.7145,1.5982,0.2537,-0.3708,2.503,0.7421,1.4718,0.2404,FOLLOW_TURN
125.292,0.7144,1.5982,0.2657,-0.3708,2.503,0.7421,1.4718,0.2402,FOLLOW_TURN
125.312,0.7143,1.5981,0.2777,-0.3708,2.503,0.7421,1.4718,0.2401,FOLLOW_TURN
125.332,0.7142,1.5981,0.2897,-0.3708,2.503,0.7421,1.4718,0.24,FOLLOW_TURN
125.352,0.7141,1.5981,0.3017,-0.3708,2.503,0.7421,1.4718,0.2398,FOLLOW_TURN
125.372,0.714,1.598,0.3137,-0.3708,2.503,0.7421,1.4718,0.2397,FOLLOW_TURN
125.392,0.7139,1.598,0.3257,-0.3708,2.503,0.7421,1.4718,0.2395,FOLLOW_TURN
125.412,0.7139,1.5981,0.3375,-0.3708,2.503,0.7421,1.4718,0.2393,FOLLOW_TURN
125.432,0.7143,1.5984,0.3489,-0.3707,2.5031,0.7421,1.4718,0.2388,FOLLOW_TURN
125.452,0.7149,1.5987,0.3597,-0.3705,2.5037,0.7421,1.4718,0.2381,FOLLOW
125.472,0.7158,1.5991,0.3701,-0.3702,2.5046,0.7421,1.4718,0.2372,FOLLOW
125.492,0.7168,1.5995,0.38,-0.3699,2.5055,0.7421,1.4718,0.2361,FOLLOW
125.512,0.7179,1.6,0.3895,-0.3696,2.5065,0.7447,1.4727,0.2351,FOLLOW
125.532,0.7193,1.6008,0.3985,-0.3693,2.5076,0.7447,1.4727,0.2338,FOLLOW
125.552,0.7211,1.6016,0.407,-0.3689,2.5091,0.7447,1.4727,0.2323,FOLLOW
125.572,0.7231,1.6025,0.415,-0.3683,2.511,0.7447,1.4727,0.2306,FOLLOW
125.592,0.7251,1.6034,0.4226,-0.3678,2.5129,0.7447,1.4727,0.2288,FOLLOW
125.612,0.7272,1.6045,0.4298,-0.3672,2.5148,0.7518,1.4757,0.227,FOLLOW
125.632,0.7297,1.6058,0.4364,-0.3666,2.5169,0.7518,1.4757,0.225,FOLLOW
125.652,0.7324,1.6071,0.4426,-0.3659,2.5194,0.7518,1.4757,0.2228,FOLLOW
125.672,0.7353,1.6085,0.4482,-0.3645,2.5247,0.7518,1.4757,0.2205,FOLLOW
125.692,0.7381,1.6098,0.4535,-0.3645,2.5247,0.7518,1.4757,0.2183,FOLLOW
125.712,0.741,1.6113,0.4583,-0.3637,2.5273,0.7628,1.4808,0.2161,FOLLOW
125.732,0.744,1.6128,0.4626,-0.363,2.5299,0.7628,1.4808,0.2137,FOLLOW
125.752,0.7469,1.6142,0.4664,-0.3623,2.5325,0.7628,1.4808,0.2115,FOLLOW
125.772,0.7499,1.6157,0.4699,-0.3607,2.5378,0.7628,1.4808,0.2092,FOLLOW
125.792,0.7528,1.6172,0.4728,-0.3607,2.5378,0.7628,1.4808,0.2071,FOLLOW
125.812,0.7556,1.6187,0.4754,-0.3599,2.5404,0.7751,1.4869,0.205,FOLLOW
125.832,0.7587,1.6203,0.4774,-0.3591,2.5432,0.7751,1.4869,0.2027,FOLLOW
125.852,0.7619,1.6219,0.479,-0.3582,2.5463,0.7751,1.4869,0.2004,FOLLOW
125.872,0.7651,1.6236,0.4801,-0.3572,2.5496,0.7751,1.4869,0.1982,FOLLOW
125.892,0.7682,1.6252,0.4807,-0.3562,2.5528,0.7751,1.4869,0.196,FOLLOW
125.912,0.7713,1.6268,0.481,-0.3552,2.556,0.789,1.4941,0.1939,FOLLOW
125.932,0.7743,1.6284,0.4807,-0.3542,2.5593,0.789,1.4941,0.1918,FOLLOW
125.952,0.7774,1.63,0.48,-0.3532,2.5625,0.789,1.4941,0.1897,FOLLOW
125.972,0.7804,1.6315,0.479,-0.3522,2.5657,0.789,1.4941,0.1877,FOLLOW
125.992,0.7834,1.6331,0.4779,-0.3512,2.569,0.789,1.4941,0.1857,FOLLOW
126.012,0.7863,1.6346,0.4771,-0.3502,2.5722,0.807,1.5034,0.1838,FOLLOW
126.032,0.7891,1.6361,0.4766,-0.3492,2.5754,0.807,1.5034,0.1819,FOLLOW
126.052,0.792,1.6376,0.4767,-0.3482,2.5786,0.807,1.5034,0.18,FOLLOW
126.072,0.795,1.6391,0.4772,-0.3472,2.5818,0.807,1.5034,0.1781,FOLLOW
126.092,0.7979,1.6406,0.4781,-0.3462,2.585,0.807,1.5034,0.1762,FOLLOW
126.112,0.8009,1.6421,0.4794,-0.3452,2.5882,0.8189,1.5096,0.1742,FOLLOW
126.132,0.8038,1.6437,0.4806,-0.3442,2.5914,0.8189,1.5096,0.1723,FOLLOW
126.152,0.8068,1.6452,0.4819,-0.3433,2.5946,0.8189,1.5096,0.1704,FOLLOW
126.172,0.8097,1.6468,0.4831,-0.3413,2.601,0.8189,1.5096,0.1685,FOLLOW
126.192,0.8127,1.6483,0.4844,-0.3413,2.601,0.8338,1.5173,0.1667,FOLLOW
126.212,0.8155,1.6498,0.4858,-0.3404,2.6042,0.8338,1.5173,0.1649,FOLLOW
126.232,0.8182,1.6512,0.4877,-0.3395,2.6073,0.8338,1.5173,0.1632,FOLLOW
126.252,0.821,1.6527,0.49,-0.3386,2.6103,0.8338,1.5173,0.1615,FOLLOW
126.272,0.8237,1.6542,0.4923,-0.3377,2.6133,0.8338,1.5173,0.1598,FOLLOW
126.292,0.8265,1.6557,0.4945,-0.3368,2.6163,0.8338,1.5173,0.1582,FOLLOW
126.312,0.8292,1.6571,0.4968,-0.3351,2.6224,0.8507,1.5262,0.1565,FOLLOW
126.332,0.832,1.6586,0.4991,-0.3342,2.6254,0.8507,1.5262,0.1549,FOLLOW
126.352,0.8347,1.6601,0.5013,-0.3342,2.6254,0.8507,1.5262,0.1533,FOLLOW
126.372,0.8375,1.6616,0.5036,-0.3334,2.6284,0.8507,1.5262,0.1517,FOLLOW
126.392,0.8402,1.6632,0.5059,-0.3325,2.6314,0.8507,1.5262,0.1501,FOLLOW
126.412,0.8427,1.6645,0.5084,-0.3317,2.6345,0.8617,1.5323,0.1487,FOLLOW
126.432,0.8451,1.6659,0.5113,-0.3309,2.6372,0.8617,1.5323,0.1474,FOLLOW
126.452,0.8475,1.6672,0.5147,-0.3302,2.64,0.8617,1.5323,0.146,FOLLOW
126.472,0.8499,1.6686,0.5185,-0.3295,2.6427,0.8617,1.5323,0.1446,FOLLOW
126.492,0.8523,1.67,0.5224,-0.3287,2.6455,0.8617,1.5323,0.1433,FOLLOW
126.512,0.8547,1.6714,0.5262,-0.328,2.6482,0.8744,1.5393,0.1419,FOLLOW
126.532,0.8572,1.6728,0.53,-0.3273,2.6509,0.8744,1.5393,0.1406,FOLLOW
126.552,0.8596,1.6742,0.5339,-0.3267,2.6537,0.8744,1.5393,0.1394,FOLLOW
126.572,0.862,1.6756,0.5377,-0.326,2.6564,0.8744,1.5393,0.1381,FOLLOW
126.592,0.8644,1.6771,0.5416,-0.3253,2.6592,0.8744,1.5393,0.1369,FOLLOW
126.612,0.8667,1.6785,0.5456,-0.3247,2.6619,0.8866,1.5465,0.1357,FOLLOW
126.632,0.869,1.6799,0.5499,-0.324,2.6646,0.8866,1.5465,0.1345,FOLLOW
126.652,0.8713,1.6813,0.5541,-0.3234,2.6673,0.8866,1.5465,0.1334,FOLLOW
126.672,0.8736,1.6827,0.5584,-0.3222,2.6727,0.8866,1.5465,0.1323,FOLLOW
126.692,0.8759,1.6842,0.5626,-0.3222,2.6727,0.8866,1.5465,0.1312,FOLLOW
126.712,0.8782,1.6856,0.5669,-0.3217,2.6754,0.8984,1.5537,0.1301,FOLLOW
126.732,0.8805,1.6871,0.5711,-0.3211,2.6781,0.8984,1.5537,0.1291,FOLLOW
126.752,0.8828,1.6886,0.5754,-0.3206,2.6808,0.8984,1.5537,0.1281,FOLLOW
126.772,0.885,1.6901,0.5796,-0.3195,2.6862,0.8984,1.5537,0.1271,FOLLOW
126.792,0.8873,1.6915,0.5839,-0.3195,2.6862,0.8984,1.5537,0.1261,FOLLOW
126.812,0.8894,1.693,0.5883,-0.319,2.6889,0.91,1.5611,0.1252,FOLLOW
126.832,0.8915,1.6944,0.5932,-0.318,2.694,0.91,1.5611,0.1243,FOLLOW
126.852,0.8937,1.6958,0.5983,-0.318,2.694,0.91,1.5611,0.1235,FOLLOW
126.872,0.8957,1.6972,0.6033,-0.3171,2.6991,0.91,1.5611,0.1226,FOLLOW
126.892,0.8978,1.6987,0.6084,-0.3171,2.6991,0.91,1.5611,0.1218,FOLLOW
126.912,0.8999,1.7002,0.6134,-0.3167,2.7016,0.923,1.5699,0.121,FOLLOW
126.932,0.902,1.7016,0.6185,-0.3159,2.7067,0.923,1.5699,0.1203,FOLLOW
126.952,0.9041,1.7031,0.6235,-0.3159,2.7067,0.923,1.5699,0.1196,FOLLOW
126.972,0.9061,1.7046,0.6286,-0.3155,2.7093,0.923,1.5699,0.1188,FOLLOW
126.992,0.9082,1.7061,0.6336,-0.3148,2.7144,0.923,1.5699,0.1182,FOLLOW
127.012,0.9101,1.7075,0.6389,-0.3148,2.7144,0.9315,1.5759,0.1175,FOLLOW
127.032,0.912,1.7089,0.6446,-0.3141,2.7193,0.9315,1.5759,0.1169,FOLLOW
127.052,0.9139,1.7104,0.6504,-0.3141,2.7193,0.9315,1.5759,0.1163,FOLLOW
127.072,0.9158,1.7118,0.6563,-0.3135,2.7241,0.9315,1.5759,0.1157,FOLLOW
127.092,0.9177,1.7133,0.6621,-0.3135,2.7241,0.9315,1.5759,0.1152,FOLLOW
127.112,0.9195,1.7147,0.6679,-0.3133,2.7265,0.9414,1.5833,0.1147,FOLLOW
127.132,0.9214,1.7162,0.6738,-0.313,2.7289,0.9414,1.5833,0.1142,FOLLOW
127.152,0.9233,1.7177,0.6796,-0.3125,2.7338,0.9414,1.5833,0.1137,FOLLOW
127.172,0.9251,1.7192,0.6854,-0.3125,2.7338,0.9414,1.5833,0.1133,FOLLOW
127.192,0.927,1.7207,0.6913,-0.3123,2.7362,0.9414,1.5833,0.1129,FOLLOW
127.212,0.9289,1.7223,0.6969,-0.3121,2.7386,0.9509,1.5909,0.1125,FOLLOW
127.232,0.9307,1.7239,0.7023,-0.3119,2.7411,0.9509,1.5909,0.1121,FOLLOW
127.252,0.9326,1.7255,0.7076,-0.3118,2.7437,0.9509,1.5909,0.1118,FOLLOW
127.272,0.9345,1.7271,0.713,-0.3116,2.7462,0.9509,1.5909,0.1115,FOLLOW
127.292,0.9364,1.7288,0.7184,-0.3114,2.7487,0.9509,1.5909,0.1113,FOLLOW
127.312,0.9382,1.7304,0.7238,-0.3113,2.7512,0.9605,1.5989,0.111,FOLLOW
127.332,0.9401,1.732,0.7291,-0.3112,2.7537,0.9605,1.5989,0.1108,FOLLOW
127.352,0.9419,1.7337,0.7345,-0.3111,2.7563,0.9605,1.5989,0.1106,FOLLOW
127.372,0.9438,1.7354,0.7399,-0.311,2.7588,0.9605,1.5989,0.1105,FOLLOW
127.392,0.9456,1.737,0.7452,-0.3109,2.7613,0.9699,1.6073,0.1103,FOLLOW
127.412,0.9473,1.7386,0.7508,-0.3108,2.7638,0.9699,1.6073,0.1102,FOLLOW
127.432,0.949,1.7402,0.7568,-0.3108,2.7662,0.9699,1.6073,0.1101,FOLLOW
127.452,0.9507,1.7418,0.7629,-0.3107,2.7686,0.9699,1.6073,0.1101,FOLLOW
127.472,0.9524,1.7435,0.7689,-0.3107,2.771,0.9699,1.6073,0.11,FOLLOW
127.492,0.9541,1.7451,0.7749,-0.3107,2.7734,0.9699,1.6073,0.11,FOLLOW
127.512,0.9557,1.7467,0.781,-0.3107,2.7758,0.9787,1.6156,0.11,FOLLOW
127.532,0.9574,1.7484,0.787,-0.3107,2.7782,0.9787,1.6156,0.11,FOLLOW
127.552,0.959,1.7501,0.793,-0.3107,2.7806,0.9787,1.6156,0.1101,FOLLOW
127.572,0.9607,1.7517,0.7991,-0.3108,2.783,0.9787,1.6156,0.1102,FOLLOW
127.592,0.9623,1.7534,0.8051,-0.3109,2.7854,0.9787,1.6156,0.1103,FOLLOW
127.612,0.9639,1.7551,0.811,-0.3109,2.7878,0.9872,1.6241,0.1105,FOLLOW
127.632,0.9655,1.7568,0.817,-0.311,2.7902,0.9872,1.6241,0.1106,FOLLOW
127.652,0.9672,1.7586,0.8229,-0.3111,2.7926,0.9872,1.6241,0.1109,FOLLOW
127.672,0.9688,1.7603,0.8288,-0.3113,2.795,0.9872,1.6241,0.1111,FOLLOW
127.692,0.9703,1.762,0.8347,-0.3114,2.7974,0.9872,1.6241,0.1114,FOLLOW
127.712,0.9719,1.7638,0.8406,-0.3115,2.7998,0.9954,1.6329,0.1116,FOLLOW
127.732,0.9735,1.7656,0.8466,-0.3117,2.8022,0.9954,1.6329,0.112,FOLLOW
127.752,0.9751,1.7673,0.8525,-0.3121,2.8071,0.9954,1.6329,0.1123,FOLLOW
127.772,0.9766,1.7691,0.8584,-0.3121,2.8071,0.9954,1.6329,0.1127,FOLLOW
127.792,0.9781,1.7709,0.8643,-0.3123,2.8095,0.9954,1.6329,0.1131,FOLLOW
127.812,0.9798,1.7728,0.87,-0.3127,2.8144,1.0035,1.6419,0.1135,FOLLOW
127.832,0.9815,1.7748,0.8752,-0.313,2.817,1.0035,1.6419,0.1141,FOLLOW
127.852,0.9831,1.7768,0.8801,-0.313,2.817,1.0035,1.6419,0.1146,FOLLOW
127.872,0.9847,1.7788,0.885,-0.3136,2.8223,1.0035,1.6419,0.1152,FOLLOW
127.892,0.9864,1.7808,0.8899,-0.3139,2.8249,1.0035,1.6419,0.1159,FOLLOW
127.912,0.988,1.7828,0.8947,-0.3142,2.8275,1.0117,1.6517,0.1165,FOLLOW
127.932,0.9896,1.7848,0.8996,-0.3142,2.8275,1.0117,1.6517,0.1172,FOLLOW
127.952,0.9912,1.7869,0.9045,-0.3149,2.8327,1.0117,1.6517,0.1179,FOLLOW
127.972,0.9928,1.7889,0.9094,-0.3149,2.8327,1.0117,1.6517,0.1186,FOLLOW
127.992,0.9944,1.7909,0.9143,-0.3152,2.8353,1.0117,1.6517,0.1194,FOLLOW
128.012,0.996,1.7931,0.9189,-0.3156,2.8379,1.0199,1.662,0.1202,FOLLOW
128.032,0.9976,1.7952,0.9232,-0.316,2.8406,1.0199,1.662,0.1211,FOLLOW
128.052,0.9993,1.7974,0.9276,-0.3164,2.8433,1.0199,1.662,0.122,FOLLOW
128.072,1.0009,1.7995,0.9319,-0.3168,2.846,1.0199,1.662,0.1229,FOLLOW
128.092,1.0025,1.8017,0.9362,-0.3172,2.8487,1.0199,1.662,0.1238,FOLLOW
128.112,1.0041,1.8039,0.9405,-0.3177,2.8514,1.0281,1.6728,0.1248,FOLLOW
128.132,1.0057,1.8061,0.9449,-0.3181,2.8541,1.0281,1.6728,0.1258,FOLLOW
128.152,1.0072,1.8083,0.9492,-0.3191,2.8595,1.0281,1.6728,0.1268,FOLLOW
128.172,1.0088,1.8105,0.9535,-0.3191,2.8595,1.0281,1.6728,0.1279,FOLLOW
128.192,1.0104,1.8127,0.9578,-0.3196,2.8621,1.0281,1.6728,0.1289,FOLLOW
128.212,1.0119,1.8148,0.9623,-0.3206,2.8675,1.0361,1.6838,0.13,FOLLOW
128.232,1.0134,1.817,0.9667,-0.3211,2.8701,1.0361,1.6838,0.1311,FOLLOW
128.252,1.0149,1.8192,0.9712,-0.3211,2.8701,1.0361,1.6838,0.1322,FOLLOW
128.272,1.0164,1.8214,0.9757,-0.3216,2.8728,1.0361,1.6838,0.1334,FOLLOW
128.292,1.0179,1.8236,0.9802,-0.3222,2.8754,1.0361,1.6838,0.1346,FOLLOW
128.312,1.0194,1.8259,0.9847,-0.3227,2.8781,1.0438,1.695,0.1358,FOLLOW
128.332,1.0208,1.8281,0.9891,-0.3233,2.8807,1.0438,1.695,0.137,FOLLOW
128.352,1.0223,1.8303,0.9936,-0.3239,2.8834,1.0438,1.695,0.1382,FOLLOW
128.372,1.0237,1.8325,0.9981,-0.3245,2.886,1.0438,1.695,0.1395,FOLLOW
128.392,1.0252,1.8348,1.0026,-0.3251,2.8887,1.0438,1.695,0.1408,FOLLOW
128.412,1.0267,1.8372,1.0068,-0.3257,2.8913,1.0513,1.7063,0.1422,FOLLOW
128.432,1.0283,1.8397,1.0106,-0.3263,2.8941,1.0513,1.7063,0.1437,FOLLOW
128.452,1.0299,1.8422,1.0139,-0.327,2.897,1.0513,1.7063,0.1452,FOLLOW
128.472,1.0314,1.8447,1.017,-0.3277,2.8999,1.0513,1.7063,0.1468,FOLLOW
128.492,1.033,1.8472,1.0201,-0.3285,2.9028,1.0513,1.7063,0.1484,FOLLOW
128.512,1.0345,1.8497,1.0233,-0.3292,2.9056,1.059,1.7185,0.15,FOLLOW
128.532,1.0361,1.8523,1.0264,-0.3299,2.9085,1.059,1.7185,0.1516,FOLLOW
128.552,1.0376,1.8548,1.0295,-0.3306,2.9114,1.059,1.7185,0.1533,FOLLOW
128.572,1.0391,1.8573,1.0327,-0.3314,2.9143,1.059,1.7185,0.155,FOLLOW
128.592,1.0406,1.8598,1.0358,-0.3322,2.9172,1.059,1.7185,0.1567,FOLLOW
128.612,1.0422,1.8625,1.0387,-0.3329,2.92,1.0668,1.7312,0.1585,FOLLOW
128.632,1.0439,1.8653,1.0411,-0.3337,2.9231,1.0668,1.7312,0.1604,FOLLOW
128.652,1.0455,1.8681,1.0431,-0.3346,2.9262,1.0668,1.7312,0.1624,FOLLOW
128.672,1.0471,1.8709,1.0448,-0.3354,2.9293,1.0668,1.7312,0.1644,FOLLOW
128.692,1.0488,1.8737,1.0466,-0.3363,2.9325,1.0668,1.7312,0.1664,FOLLOW
128.712,1.0504,1.8765,1.0484,-0.3372,2.9356,1.0748,1.7449,0.1684,FOLLOW
128.732,1.052,1.8793,1.0501,-0.3381,2.9387,1.0748,1.7449,0.1704,FOLLOW
128.752,1.0536,1.8821,1.0519,-0.3389,2.9418,1.0748,1.7449,0.1725,FOLLOW
128.772,1.0552,1.8849,1.0537,-0.3398,2.945,1.0748,1.7449,0.1745,FOLLOW
128.792,1.0568,1.8877,1.0554,-0.3407,2.9481,1.0748,1.7449,0.1766,FOLLOW
128.812,1.0585,1.8907,1.057,-0.3425,2.9544,1.0829,1.759,0.1788,FOLLOW
128.832,1.0602,1.8937,1.058,-0.3434,2.9576,1.0829,1.759,0.1811,FOLLOW
128.852,1.0619,1.8968,1.0586,-0.3443,2.9608,1.0829,1.759,0.1835,FOLLOW
128.872,1.0636,1.8998,1.0588,-0.3443,2.9608,1.0829,1.759,0.1858,FOLLOW
128.892,1.0653,1.9028,1.0585,-0.3461,2.9672,1.0829,1.759,0.1881,FOLLOW
128.912,1.0669,1.9057,1.0577,-0.3461,2.9672,1.091,1.7734,0.1905,FOLLOW
128.932,1.0686,1.9086,1.0565,-0.3479,2.9736,1.091,1.7734,0.1928,FOLLOW
128.952,1.0702,1.9115,1.0552,-0.3479,2.9736,1.091,1.7734,0.1951,FOLLOW
128.972,1.0719,1.9144,1.0538,-0.3488,2.9768,1.091,1.7734,0.1975,FOLLOW
128.992,1.0735,1.9173,1.0524,-0.3497,2.98,1.091,1.7734,0.1998,FOLLOW
129.012,1.075,1.92,1.0509,-0.3506,2.9832,1.0992,1.7878,0.202,FOLLOW
129.032,1.0765,1.9225,1.0489,-0.352,2.9886,1.0992,1.7878,0.2041,FOLLOW
129.052,1.078,1.9251,1.0464,-0.352,2.9886,1.0992,1.7878,0.2062,FOLLOW
129.072,1.0794,1.9276,1.0435,-0.3528,2.9913,1.0992,1.7878,0.2083,FOLLOW
129.092,1.0809,1.9301,1.0401,-0.3534,2.994,1.0992,1.7878,0.2104,FOLLOW
129.112,1.0823,1.9325,1.0363,-0.3548,2.9994,1.1065,1.8004,0.2124,FOLLOW
129.132,1.0837,1.9349,1.0322,-0.3548,2.9994,1.1065,1.8004,0.2145,FOLLOW
129.152,1.0852,1.9373,1.028,-0.3555,3.0021,1.1065,1.8004,0.2166,FOLLOW
129.172,1.0866,1.9397,1.0239,-0.3561,3.0048,1.1065,1.8004,0.2186,FOLLOW
129.192,1.0881,1.9421,1.0198,-0.3567,3.0075,1.1065,1.8004,0.2207,FOLLOW
129.212,1.0894,1.9443,1.0154,-0.3574,3.0102,1.1136,1.8123,0.2226,FOLLOW
129.232,1.0908,1.9464,1.0107,-0.3579,3.0125,1.1136,1.8123,0.2244,FOLLOW
129.252,1.0921,1.9485,1.0054,-0.3584,3.0148,1.1136,1.8123,0.2263,FOLLOW
129.272,1.0934,1.9506,0.9997,-0.3589,3.0171,1.1136,1.8123,0.2281,FOLLOW
129.292,1.0947,1.9526,0.9936,-0.3598,3.0216,1.1136,1.8123,0.2299,FOLLOW
129.312,1.096,1.9546,0.9873,-0.3598,3.0216,1.1201,1.8226,0.2317,FOLLOW
129.332,1.0974,1.9566,0.9809,-0.3603,3.0239,1.1201,1.8226,0.2335,FOLLOW
129.352,1.0987,1.9586,0.9746,-0.3607,3.0262,1.1201,1.8226,0.2353,FOLLOW
129.372,1.1,1.9605,0.9683,-0.3611,3.0285,1.1201,1.8226,0.2371,FOLLOW
129.392,1.1014,1.9625,0.962,-0.3615,3.0308,1.1201,1.8226,0.2388,FOLLOW
129.412,1.1028,1.9645,0.9557,-0.3619,3.0331,1.1266,1.8323,0.2406,FOLLOW
129.432,1.1042,1.9664,0.9494,-0.3623,3.0354,1.1266,1.8323,0.2424,FOLLOW
129.452,1.1056,1.9684,0.9431,-0.3626,3.0378,1.1266,1.8323,0.2441,FOLLOW
129.472,1.107,1.9703,0.9368,-0.363,3.0401,1.1266,1.8323,0.2459,FOLLOW
129.492,1.1084,1.9722,0.9304,-0.3633,3.0424,1.1266,1.8323,0.2476,FOLLOW
129.512,1.1098,1.9741,0.9241,-0.3636,3.0447,1.1334,1.8418,0.2494,FOLLOW
129.532,1.1113,1.976,0.9178,-0.3639,3.047,1.1334,1.8418,0.2511,FOLLOW
129.552,1.1128,1.9779,0.9115,-0.3642,3.0493,1.1334,1.8418,0.2529,FOLLOW
129.572,1.1142,1.9798,0.9052,-0.3645,3.0517,1.1334,1.8418,0.2546,FOLLOW
129.592,1.1157,1.9817,0.8989,-0.3647,3.054,1.1334,1.8418,0.2563,FOLLOW
129.612,1.1172,1.9835,0.8923,-0.365,3.0563,1.1405,1.851,0.258,FOLLOW
129.632,1.1186,1.9853,0.8857,-0.3652,3.0586,1.1405,1.851,0.2597,FOLLOW
129.652,1.1201,1.9871,0.8791,-0.3654,3.0608,1.1405,1.851,0.2614,FOLLOW
129.672,1.1216,1.9889,0.8724,-0.3656,3.0631,1.1405,1.851,0.263,FOLLOW
129.692,1.1231,1.9907,0.8658,-0.3658,3.0654,1.1405,1.851,0.2647,FOLLOW
129.712,1.1247,1.9925,0.8592,-0.3659,3.0676,1.1478,1.8599,0.2663,FOLLOW
129.732,1.1262,1.9942,0.8525,-0.3662,3.0722,1.1478,1.8599,0.268,FOLLOW
129.752,1.1277,1.996,0.8459,-0.3662,3.0722,1.1478,1.8599,0.2696,FOLLOW
129.772,1.1293,1.9977,0.8393,-0.3664,3.0767,1.1478,1.8599,0.2713,FOLLOW
129.792,1.1308,1.9995,0.8326,-0.3664,3.0767,1.1478,1.8599,0.2729,FOLLOW
129.812,1.1323,2.001,0.8258,-0.3665,3.079,1.1552,1.8684,0.2744,FOLLOW
129.832,1.1337,2.0026,0.8185,-0.3665,3.081,1.1552,1.8684,0.2759,FOLLOW
129.852,1.1352,2.0041,0.8107,-0.3666,3.083,1.1552,1.8684,0.2774,FOLLOW
129.872,1.1366,2.0056,0.8026,-0.3666,3.0849,1.1552,1.8684,0.2788,FOLLOW
129.892,1.138,2.007,0.7945,-0.3666,3.0869,1.1552,1.8684,0.2803,FOLLOW
129.912,1.1395,2.0085,0.7864,-0.3666,3.0889,1.1622,1.8759,0.2817,FOLLOW
129.932,1.1409,2.0099,0.7783,-0.3666,3.0909,1.1622,1.8759,0.2832,FOLLOW
129.952,1.1424,2.0114,0.7701,-0.3665,3.0948,1.1622,1.8759,0.2846,FOLLOW
129.972,1.1439,2.0128,0.762,-0.3665,3.0948,1.1622,1.8759,0.286,FOLLOW
129.992,1.1453,2.0142,0.7539,-0.3664,3.0968,1.1622,1.8759,0.2874,FOLLOW
130.012,1.1469,2.0156,0.746,-0.3663,3.0988,1.1693,1.8828,0.2888,FOLLOW
130.032,1.1485,2.0171,0.7385,-0.3662,3.1009,1.1693,1.8828,0.2903,FOLLOW
130.052,1.1501,2.0186,0.7311,-0.3661,3.103,1.1693,1.8828,0.2917,FOLLOW
130.072,1.1518,2.02,0.7237,-0.366,3.1051,1.1693,1.8828,0.2932,FOLLOW
130.092,1.1534,2.0215,0.7163,-0.3658,3.1072,1.1693,1.8828,0.2946,FOLLOW
130.112,1.1551,2.0229,0.7089,-0.3656,3.1093,1.177,1.8898,0.296,FOLLOW
130.132,1.1567,2.0243,0.7015,-0.3655,3.1114,1.177,1.8898,0.2974,FOLLOW
130.152,1.1584,2.0257,0.6941,-0.3653,3.1135,1.177,1.8898,0.2989,FOLLOW
130.172,1.1601,2.0271,0.6867,-0.365,3.1156,1.177,1.8898,0.3003,FOLLOW
130.192,1.1618,2.0285,0.6792,-0.3648,3.1177,1.1851,1.8966,0.3016,FOLLOW
130.212,1.1635,2.0299,0.672,-0.3643,3.122,1.1851,1.8966,0.3031,FOLLOW
130.232,1.1653,2.0313,0.6652,-0.3643,3.122,1.1851,1.8966,0.3045,FOLLOW
130.252,1.1671,2.0327,0.6583,-0.364,3.1242,1.1851,1.8966,0.3059,FOLLOW
130.272,1.169,2.0341,0.6515,-0.3637,3.1265,1.1851,1.8966,0.3073,FOLLOW
130.292,1.1708,2.0355,0.6447,-0.3634,3.1287,1.1851,1.8966,0.3087,FOLLOW
130.312,1.1726,2.0369,0.6378,-0.363,3.1309,1.1955,1.9048,0.3101,FOLLOW
130.332,1.1745,2.0382,0.631,-0.3627,3.1331,1.1955,1.9048,0.3115,FOLLOW
130.352,1.1763,2.0396,0.6241,-0.3623,3.1353,1.1955,1.9048,0.3129,FOLLOW
130.372,1.1782,2.0409,0.6173,-0.3619,3.1375,1.1955,1.9048,0.3142,FOLLOW
130.392,1.1801,2.0422,0.6104,-0.3611,3.1419,1.2028,1.91,0.3156,FOLLOW
130.412,1.1818,2.0434,0.6034,-0.3611,3.1419,1.2028,1.91,0.3169,FOLLOW
130.432,1.1835,2.0446,0.5959,-0.3607,3.1438,1.2028,1.91,0.3181,FOLLOW
130.452,1.1852,2.0457,0.5879,-0.3603,3.1457,1.2028,1.91,0.3193,FOLLOW
130.472,1.1869,2.0468,0.5796,-0.3599,3.1475,1.2028,1.91,0.3206,FOLLOW
130.492,1.1885,2.0479,0.5712,-0.3595,3.1494,1.2028,1.91,0.3218,FOLLOW
130.512,1.1902,2.049,0.5629,-0.3591,3.1513,1.211,1.9156,0.323,FOLLOW
130.532,1.1919,2.05,0.5545,-0.3586,3.1532,1.211,1.9156,0.3242,FOLLOW
130.552,1.1936,2.0511,0.5461,-0.3582,3.1551,1.211,1.9156,0.3254,FOLLOW
130.572,1.1954,2.0521,0.5378,-0.3577,3.1569,1.211,1.9156,0.3265,FOLLOW
130.592,1.1971,2.0531,0.5294,-0.3572,3.1588,1.211,1.9156,0.3277,FOLLOW
130.612,1.1989,2.0542,0.5212,-0.3567,3.1606,1.2192,1.9207,0.3289,FOLLOW
130.632,1.2007,2.0552,0.5132,-0.3561,3.1625,1.2192,1.9207,0.3301,FOLLOW
130.652,1.2025,2.0562,0.5052,-0.3556,3.1645,1.2192,1.9207,0.3312,FOLLOW
130.672,1.2043,2.0572,0.4971,-0.355,3.1664,1.2192,1.9207,0.3324,FOLLOW
130.692,1.2061,2.0582,0.4891,-0.3544,3.1683,1.2192,1.9207,0.3335,FOLLOW
130.712,1.2079,2.0591,0.4811,-0.3532,3.1721,1.2278,1.9255,0.3346,FOLLOW
130.732,1.2098,2.0601,0.473,-0.3532,3.1721,1.2278,1.9255,0.3358,FOLLOW
130.752,1.2116,2.061,0.465,-0.3525,3.1739,1.2278,1.9255,0.3369,FOLLOW
130.772,1.2134,2.0619,0.457,-0.3519,3.1758,1.2278,1.9255,0.338,FOLLOW
130.792,1.2153,2.0628,0.4489,-0.3505,3.1796,1.2385,1.9309,0.3391,FOLLOW
130.812,1.2171,2.0637,0.4407,-0.3505,3.1796,1.2385,1.9309,0.34,FOLLOW
130.832,1.2188,2.0645,0.432,-0.3499,3.1813,1.2385,1.9309,0.3389,FOLLOW
130.852,1.2205,2.0652,0.4231,-0.3492,3.183,1.2385,1.9309,0.3379,FOLLOW
130.872,1.2222,2.066,0.4141,-0.3486,3.1847,1.2385,1.9309,0.3369,FOLLOW
130.892,1.224,2.0668,0.4052,-0.3479,3.1863,1.2385,1.9309,0.3359,FOLLOW
130.912,1.2257,2.0675,0.3962,-0.3472,3.188,1.2451,1.9339,0.3349,FOLLOW
130.932,1.2275,2.0682,0.3872,-0.3465,3.1897,1.2451,1.9339,0.3339,FOLLOW
130.952,1.2292,2.0689,0.3783,-0.3458,3.1913,1.2451,1.9339,0.3329,FOLLOW
130.972,1.231,2.0696,0.3693,-0.345,3.193,1.2451,1.9339,0.3319,FOLLOW
130.992,1.2327,2.0703,0.3603,-0.3443,3.1946,1.2451,1.9339,0.331,FOLLOW
131.012,1.2345,2.0709,0.3515,-0.3435,3.1962,1.2535,1.9373,0.3301,FOLLOW
131.032,1.2364,2.0716,0.3428,-0.3427,3.1979,1.2535,1.9373,0.3292,FOLLOW
131.052,1.2382,2.0722,0.3341,-0.3419,3.1996,1.2535,1.9373,0.3282,FOLLOW
131.072,1.24,2.0729,0.3254,-0.341,3.2012,1.2535,1.9373,0.3274,FOLLOW
131.092,1.2419,2.0735,0.3167,-0.3402,3.2029,1.2622,1.9404,0.3265,FOLLOW
131.112,1.2437,2.0741,0.308,-0.3393,3.2045,1.2622,1.9404,0.3256,FOLLOW
131.132,1.2456,2.0747,0.2993,-0.3384,3.2062,1.2622,1.9404,0.3248,FOLLOW
131.152,1.2474,2.0752,0.2906,-0.3376,3.2078,1.2622,1.9404,0.324,FOLLOW
131.172,1.2493,2.0758,0.2819,-0.3366,3.2094,1.2622,1.9404,0.3231,FOLLOW
131.192,1.2511,2.0763,0.2732,-0.3357,3.2111,1.2711,1.9432,0.3223,FOLLOW
131.212,1.2529,2.0768,0.2643,-0.3348,3.2127,1.2711,1.9432,0.3216,FOLLOW
131.232,1.2547,2.0772,0.255,-0.3339,3.2141,1.2711,1.9432,0.3208,FOLLOW
131.252,1.2564,2.0777,0.2456,-0.333,3.2156,1.2711,1.9432,0.3201,FOLLOW
131.272,1.2581,2.0781,0.2361,-0.3312,3.2185,1.2711,1.9432,0.3194,FOLLOW
131.292,1.2599,2.0785,0.2267,-0.3303,3.2199,1.2795,1.9454,0.3187,FOLLOW
131.312,1.2616,2.0789,0.2172,-0.3293,3.2214,1.2795,1.9454,0.318,FOLLOW
131.332,1.2634,2.0793,0.2078,-0.3293,3.2214,1.2795,1.9454,0.3173,FOLLOW
131.352,1.2652,2.0797,0.1983,-0.3284,3.2228,1.2795,1.9454,0.3167,FOLLOW
131.372,1.2669,2.08,0.1889,-0.3264,3.2256,1.2795,1.9454,0.316,FOLLOW
131.392,1.2687,2.0803,0.1795,-0.3264,3.2256,1.2795,1.9454,0.3154,FOLLOW
131.412,1.2704,2.0806,0.1698,-0.3254,3.227,1.2879,1.9471,0.3148,FOLLOW
131.432,1.272,2.0809,0.1599,-0.3245,3.2283,1.2879,1.9471,0.3142,FOLLOW
131.452,1.2737,2.0811,0.1498,-0.3236,3.2296,1.2879,1.9471,0.3136,FOLLOW
131.472,1.2753,2.0814,0.1397,-0.3226,3.2308,1.2879,1.9471,0.3131,FOLLOW
131.492,1.277,2.0816,0.1296,-0.3216,3.2321,1.2879,1.9471,0.3125,FOLLOW
131.512,1.2787,2.0818,0.1195,-0.3206,3.2333,1.2958,1.9484,0.312,FOLLOW
131.532,1.2803,2.082,0.1094,-0.3196,3.2345,1.2958,1.9484,0.3115,FOLLOW
131.552,1.282,2.0822,0.0994,-0.3186,3.2358,1.2958,1.9484,0.311,FOLLOW
131.572,1.2837,2.0823,0.0893,-0.3176,3.237,1.2958,1.9484,0.3105,FOLLOW
131.592,1.2853,2.0825,0.0792,-0.3155,3.2394,1.2958,1.9484,0.3101,FOLLOW
131.612,1.2869,2.0826,0.069,-0.3155,3.2394,1.3037,1.9493,0.3096,FOLLOW
131.632,1.2886,2.0827,0.0586,-0.3145,3.2405,1.3037,1.9493,0.3092,FOLLOW
131.652,1.2902,2.0828,0.0482,-0.3125,3.2427,1.3037,1.9493,0.3088,FOLLOW
131.672,1.2918,2.0828,0.0378,-0.3125,3.2427,1.3037,1.9493,0.3084,FOLLOW
131.692,1.2934,2.0829,0.0274,-0.3114,3.2438,1.3037,1.9493,0.308,FOLLOW
131.712,1.295,2.0829,0.017,-0.3103,3.2449,1.3113,1.9497,0.3076,FOLLOW
131.732,1.2966,2.0829,0.0066,-0.3082,3.2471,1.3113,1.9497,0.3073,FOLLOW
131.752,1.2982,2.0829,-0.0038,-0.3082,3.2471,1.3113,1.9497,0.3069,FOLLOW
131.772,1.2999,2.0829,-0.0141,-0.3071,3.2481,1.3113,1.9497,0.3066,FOLLOW
131.792,1.3015,2.0829,-0.0245,-0.3049,3.2502,1.3113,1.9497,0.3063,FOLLOW
131.812,1.3031,2.0828,-0.035,-0.3049,3.2502,1.319,1.9498,0.306,FOLLOW
131.832,1.3047,2.0828,-0.0455,-0.3037,3.2512,1.319,1.9498,0.3058,FOLLOW
131.852,1.3063,2.0827,-0.0559,-0.3026,3.2522,1.319,1.9498,0.3055,FOLLOW
131.872,1.3079,2.0826,-0.0664,-0.3003,3.2542,1.319,1.9498,0.3053,FOLLOW
131.892,1.3095,2.0825,-0.0769,-0.3003,3.2542,1.319,1.9498,0.3051,FOLLOW
131.912,1.3111,2.0823,-0.0874,-0.298,3.2561,1.3265,1.9494,0.3049,FOLLOW
131.932,1.3127,2.0822,-0.0978,-0.298,3.2561,1.3265,1.9494,0.3047,FOLLOW
131.952,1.3142,2.082,-0.1083,-0.2968,3.257,1.3265,1.9494,0.3045,FOLLOW
131.972,1.3158,2.0818,-0.1188,-0.2956,3.258,1.3265,1.9494,0.3044,FOLLOW
131.992,1.3174,2.0816,-0.1293,-0.2944,3.2589,1.3265,1.9494,0.3042,FOLLOW
132.012,1.319,2.0814,-0.1399,-0.2932,3.2598,1.334,1.9487,0.3041,FOLLOW
132.032,1.3205,2.0812,-0.1505,-0.2921,3.2606,1.334,1.9487,0.304,FOLLOW
132.052,1.3221,2.081,-0.1612,-0.2909,3.2615,1.334,1.9487,0.3039,FOLLOW
132.072,1.3236,2.0807,-0.1718,-0.2897,3.2623,1.334,1.9487,0.3038,FOLLOW
132.092,1.3251,2.0804,-0.1825,-0.2884,3.2632,1.334,1.9487,0.3038,FOLLOW
132.112,1.3267,2.0801,-0.1932,-0.2872,3.264,1.3413,1.9476,0.3037,FOLLOW
132.132,1.3282,2.0798,-0.2038,-0.286,3.2648,1.3413,1.9476,0.3037,FOLLOW
132.152,1.3297,2.0795,-0.2145,-0.2848,3.2656,1.3413,1.9476,0.3037,FOLLOW
132.172,1.3313,2.0791,-0.2251,-0.2823,3.2671,1.3413,1.9476,0.3037,FOLLOW
132.192,1.3328,2.0788,-0.2358,-0.281,3.2679,1.3413,1.9476,0.3037,FOLLOW
132.212,1.3343,2.0784,-0.2465,-0.281,3.2679,1.3485,1.9461,0.3038,FOLLOW
132.232,1.3358,2.078,-0.2572,-0.2797,3.2686,1.3485,1.9461,0.3038,FOLLOW
132.252,1.3373,2.0776,-0.2679,-0.2785,3.2693,1.3485,1.9461,0.3039,FOLLOW
132.272,1.3388,2.0772,-0.2787,-0.2772,3.27,1.3485,1.9461,0.304,FOLLOW
132.292,1.3403,2.0768,-0.2894,-0.2759,3.2707,1.3485,1.9461,0.3041,FOLLOW
132.312,1.3418,2.0763,-0.3001,-0.2746,3.2714,1.3555,1.9442,0.3042,FOLLOW
132.332,1.3433,2.0758,-0.3108,-0.2733,3.272,1.3555,1.9442,0.3044,FOLLOW
132.352,1.3447,2.0754,-0.3215,-0.272,3.2727,1.3555,1.9442,0.3045,FOLLOW
132.372,1.3462,2.0749,-0.3322,-0.2707,3.2733,1.3555,1.9442,0.3047,FOLLOW
132.392,1.3477,2.0743,-0.343,-0.2694,3.2739,1.3555,1.9442,0.3049,FOLLOW
132.412,1.3492,2.0738,-0.3535,-0.2681,3.2745,1.3625,1.942,0.3051,FOLLOW
132.432,1.3508,2.0732,-0.3636,-0.2666,3.2752,1.3625,1.942,0.3054,FOLLOW
132.452,1.3524,2.0726,-0.3734,-0.2636,3.2765,1.3625,1.942,0.3058,FOLLOW
132.472,1.354,2.0719,-0.3832,-0.2636,3.2765,1.3625,1.942,0.3061,FOLLOW
132.492,1.3556,2.0713,-0.393,-0.2621,3.2771,1.3625,1.942,0.3065,FOLLOW
132.512,1.3572,2.0706,-0.4028,-0.2605,3.2777,1.3699,1.9392,0.3069,FOLLOW
132.532,1.3588,2.0699,-0.4126,-0.259,3.2783,1.3699,1.9392,0.3073,FOLLOW
132.552,1.3604,2.0692,-0.4224,-0.2575,3.2789,1.3699,1.9392,0.3077,FOLLOW
132.572,1.3619,2.0685,-0.4323,-0.2544,3.28,1.3699,1.9392,0.3081,FOLLOW
132.592,1.3635,2.0677,-0.4421,-0.2544,3.28,1.3699,1.9392,0.3086,FOLLOW
132.612,1.365,2.067,-0.4521,-0.2528,3.2805,1.3774,1.9359,0.309,FOLLOW
132.632,1.3664,2.0663,-0.4625,-0.2514,3.281,1.3774,1.9359,0.3094,FOLLOW
132.652,1.3678,2.0656,-0.473,-0.25,3.2814,1.3774,1.9359,0.3098,FOLLOW
132.672,1.3692,2.0649,-0.4836,-0.2486,3.2819,1.3774,1.9359,0.3102,FOLLOW
132.692,1.3706,2.0641,-0.4942,-0.2472,3.2823,1.3774,1.9359,0.3107,FOLLOW
132.712,1.372,2.0634,-0.5047,-0.2457,3.2827,1.3842,1.9325,0.3111,FOLLOW
132.732,1.3734,2.0626,-0.5153,-0.2443,3.2831,1.3842,1.9325,0.3116,FOLLOW
132.752,1.3747,2.0618,-0.5259,-0.2429,3.2834,1.3842,1.9325,0.3121,FOLLOW
132.772,1.3761,2.061,-0.5364,-0.2414,3.2838,1.3842,1.9325,0.3126,FOLLOW
132.792,1.3775,2.0602,-0.547,-0.24,3.2842,1.3842,1.9325,0.3132,FOLLOW
132.812,1.3789,2.0593,-0.5574,-0.2385,3.2845,1.3907,1.9288,0.3137,FOLLOW
132.832,1.3803,2.0584,-0.5674,-0.237,3.2848,1.3907,1.9288,0.3144,FOLLOW
132.852,1.3817,2.0575,-0.5773,-0.2354,3.2851,1.3907,1.9288,0.315,FOLLOW
132.872,1.3831,2.0566,-0.5873,-0.2338,3.2855,1.3907,1.9288,0.3157,FOLLOW
132.892,1.3845,2.0556,-0.5972,-0.2322,3.2858,1.3907,1.9288,0.3164,FOLLOW
132.912,1.3859,2.0547,-0.6072,-0.2306,3.286,1.3973,1.9245,0.3171,FOLLOW
132.932,1.3873,2.0537,-0.6171,-0.2291,3.2863,1.3973,1.9245,0.3178,FOLLOW
132.952,1.3887,2.0527,-0.6271,-0.2275,3.2865,1.3973,1.9245,0.3185,FOLLOW
132.972,1.3901,2.0517,-0.637,-0.2259,3.2868,1.3973,1.9245,0.3193,FOLLOW
132.992,1.3914,2.0507,-0.647,-0.2243,3.287,1.3973,1.9245,0.32,FOLLOW
133.012,1.3928,2.0497,-0.6571,-0.2227,3.2872,1.4039,1.9199,0.3208,FOLLOW
133.032,1.394,2.0486,-0.6673,-0.2211,3.2874,1.4039,1.9199,0.3215,FOLLOW
133.052,1.3953,2.0476,-0.6776,-0.2196,3.2875,1.4039,1.9199,0.3223,FOLLOW
133.072,1.3966,2.0466,-0.6878,-0.218,3.2877,1.4039,1.9199,0.3231,FOLLOW
133.092,1.3979,2.0455,-0.698,-0.2165,3.2878,1.4039,1.9199,0.3239,FOLLOW
133.112,1.3991,2.0445,-0.7083,-0.2134,3.288,1.41,1.915,0.3247,FOLLOW
133.132,1.4004,2.0434,-0.7185,-0.2118,3.2881,1.41,1.915,0.3256,FOLLOW
133.152,1.4016,2.0423,-0.7287,-0.2118,3.2881,1.41,1.915,0.3264,FOLLOW
133.172,1.4028,2.0412,-0.739,-0.2103,3.2882,1.41,1.915,0.3273,FOLLOW
133.192,1.404,2.0401,-0.7492,-0.2072,3.2882,1.41,1.915,0.3281,FOLLOW
133.212,1.4053,2.0389,-0.7592,-0.2072,3.2882,1.4159,1.9099,0.3291,FOLLOW
133.232,1.4065,2.0377,-0.7689,-0.2055,3.2883,1.4159,1.9099,0.3301,FOLLOW
133.252,1.4078,2.0365,-0.7785,-0.2039,3.2883,1.4159,1.9099,0.3311,FOLLOW
133.272,1.409,2.0352,-0.7882,-0.2022,3.2883,1.4159,1.9099,0.3321,FOLLOW
133.292,1.4103,2.034,-0.7978,-0.2005,3.2882,1.4159,1.9099,0.3331,FOLLOW
133.312,1.4115,2.0327,-0.8074,-0.1988,3.2882,1.4218,1.9042,0.3342,FOLLOW
133.332,1.4127,2.0314,-0.8171,-0.1955,3.2881,1.4218,1.9042,0.3353,FOLLOW
133.352,1.4139,2.0301,-0.8267,-0.1955,3.2881,1.4218,1.9042,0.3363,FOLLOW
133.372,1.4151,2.0288,-0.8363,-0.1938,3.288,1.4218,1.9042,0.3374,FOLLOW
133.392,1.4163,2.0275,-0.846,-0.1922,3.2879,1.4218,1.9042,0.3385,FOLLOW
133.412,1.4175,2.0261,-0.8554,-0.1905,3.2877,1.4275,1.8981,0.3397,FOLLOW
133.432,1.4187,2.0247,-0.8646,-0.1888,3.2876,1.4275,1.8981,0.3409,FOLLOW
133.452,1.4198,2.0233,-0.8739,-0.187,3.2874,1.4275,1.8981,0.3421,FOLLOW
133.472,1.421,2.0219,-0.8831,-0.1853,3.2872,1.4275,1.8981,0.3433,FOLLOW
133.492,1.4222,2.0205,-0.8924,-0.1835,3.287,1.4275,1.8981,0.3446,FOLLOW
133.512,1.4233,2.0191,-0.9016,-0.18,3.2866,1.4331,1.8915,0.3458,FOLLOW
133.532,1.4244,2.0176,-0.9108,-0.18,3.2866,1.4331,1.8915,0.3471,FOLLOW
133.552,1.4256,2.0162,-0.9201,-0.1783,3.2864,1.4331,1.8915,0.3484,FOLLOW
133.572,1.4267,2.0147,-0.9293,-0.1766,3.2861,1.4331,1.8915,0.3497,FOLLOW
133.592,1.4277,2.0132,-0.9385,-0.1748,3.2858,1.4331,1.8915,0.351,FOLLOW
133.612,1.4289,2.0117,-0.9476,-0.1731,3.2855,1.4385,1.8846,0.3523,FOLLOW
133.632,1.43,2.0101,-0.9563,-0.1713,3.2852,1.4385,1.8846,0.3537,FOLLOW
133.652,1.4311,2.0085,-0.9651,-0.1695,3.2849,1.4385,1.8846,0.3552,FOLLOW
133.672,1.4322,2.0069,-0.9738,-0.1677,3.2845,1.4385,1.8846,0.3566,FOLLOW
133.692,1.4332,2.0053,-0.9826,-0.1659,3.2841,1.4385,1.8846,0.3577,FOLLOW
133.712,1.4343,2.0037,-0.9913,-0.1641,3.2838,1.4438,1.8771,0.3567,FOLLOW
133.732,1.4354,2.0021,-1.0001,-0.1623,3.2834,1.4438,1.8771,0.3558,FOLLOW
133.752,1.4364,2.0005,-1.0088,-0.1605,3.2829,1.4438,1.8771,0.3548,FOLLOW
133.772,1.4374,1.9989,-1.0176,-0.1587,3.2825,1.4438,1.8771,0.3538,FOLLOW
133.792,1.4384,1.9972,-1.0264,-0.1569,3.282,1.4438,1.8771,0.3528,FOLLOW
133.812,1.4394,1.9956,-1.0351,-0.1551,3.2816,1.4487,1.8693,0.3518,FOLLOW
133.832,1.4404,1.9939,-1.0439,-0.1515,3.2806,1.4487,1.8693,0.3508,FOLLOW
133.852,1.4413,1.9922,-1.0526,-0.1515,3.2806,1.4487,1.8693,0.3498,FOLLOW
133.872,1.4423,1.9905,-1.0614,-0.1497,3.2801,1.4487,1.8693,0.3487,FOLLOW
133.892,1.4432,1.9889,-1.0702,-0.148,3.2796,1.4487,1.8693,0.3477,FOLLOW
133.912,1.4441,1.9872,-1.0789,-0.1462,3.279,1.4534,1.8613,0.3466,FOLLOW
133.932,1.445,1.9855,-1.0877,-0.1444,3.2785,1.4534,1.8613,0.3455,FOLLOW
133.952,1.4459,1.9838,-1.0965,-0.1409,3.2773,1.4534,1.8613,0.3445,FOLLOW
133.972,1.4468,1.982,-1.1052,-0.1409,3.2773,1.4534,1.8613,0.3434,FOLLOW
133.992,1.4476,1.9803,-1.114,-0.1375,3.2761,1.4534,1.8613,0.3423,FOLLOW
134.012,1.4484,1.9786,-1.1229,-0.1375,3.2761,1.4577,1.8532,0.3412,FOLLOW
134.032,1.4492,1.977,-1.1322,-0.1358,3.2755,1.4577,1.8532,0.3402,FOLLOW
134.052,1.45,1.9753,-1.1414,-0.1342,3.2748,1.4577,1.8532,0.3391,FOLLOW
134.072,1.4508,1.9736,-1.1507,-0.1325,3.2742,1.4577,1.8532,0.338,FOLLOW
134.092,1.4515,1.972,-1.1599,-0.1309,3.2736,1.4614,1.8451,0.337,FOLLOW
134.112,1.4522,1.9703,-1.1692,-0.1293,3.2729,1.4614,1.8451,0.3359,FOLLOW
134.132,1.4529,1.9686,-1.1784,-0.1277,3.2722,1.4614,1.8451,0.3348,FOLLOW
134.152,1.4536,1.9669,-1.1877,-0.1261,3.2715,1.4614,1.8451,0.3337,FOLLOW
134.172,1.4543,1.9652,-1.1969,-0.1245,3.2708,1.4614,1.8451,0.3325,FOLLOW
134.192,1.455,1.9635,-1.2062,-0.1229,3.2701,1.4614,1.8451,0.3314,FOLLOW
134.212,1.4556,1.9618,-1.2156,-0.1213,3.2694,1.4648,1.8371,0.3303,FOLLOW
134.232,1.4562,1.9602,-1.2252,-0.1198,3.2686,1.4648,1.8371,0.3292,FOLLOW
134.252,1.4568,1.9585,-1.2348,-0.1183,3.2679,1.4648,1.8371,0.3281,FOLLOW
134.272,1.4573,1.9568,-1.2444,-0.1167,3.2672,1.4648,1.8371,0.327,FOLLOW
134.292,1.4579,1.9551,-1.254,-0.1153,3.2664,1.4648,1.8371,0.3259,FOLLOW
134.312,1.4584,1.9535,-1.2636,-0.1138,3.2656,1.4676,1.8291,0.3247,FOLLOW
134.332,1.459,1.9518,-1.2732,-0.1123,3.2648,1.4676,1.8291,0.3236,FOLLOW
134.352,1.4595,1.9501,-1.2828,-0.1108,3.264,1.4676,1.8291,0.3224,FOLLOW
134.372,1.46,1.9484,-1.2924,-0.1093,3.2632,1.4676,1.8291,0.3213,FOLLOW
134.392,1.4604,1.9467,-1.302,-0.1079,3.2623,1.4676,1.8291,0.3201,FOLLOW
134.412,1.4608,1.9453,-1.3118,-0.1064,3.2615,1.4705,1.8194,0.3192,FOLLOW
134.432,1.4612,1.9439,-1.3219,-0.1054,3.2609,1.4705,1.8194,0.3183,FOLLOW
134.452,1.4615,1.9426,-1.3325,-0.1045,3.2603,1.4705,1.8194,0.3174,FOLLOW
134.472,1.4618,1.9413,-1.3435,-0.1036,3.2597,1.4705,1.8194,0.3166,FOLLOW
134.492,1.4621,1.9401,-1.3549,-0.1026,3.2591,1.4705,1.8194,0.3157,FOLLOW
134.512,1.4623,1.9388,-1.3666,-0.1017,3.2585,1.4716,1.8151,0.3149,FOLLOW
134.532,1.4626,1.9376,-1.3788,-0.1008,3.2579,1.4716,1.8151,0.3141,FOLLOW
134.552,1.4628,1.9364,-1.3912,-0.0999,3.2572,1.4716,1.8151,0.3134,FOLLOW
134.572,1.463,1.9352,-1.4037,-0.099,3.2566,1.4716,1.8151,0.3126,FOLLOW
134.592,1.4632,1.934,-1.4161,-0.0972,3.2552,1.4716,1.8151,0.3118,FOLLOW
134.612,1.4634,1.9328,-1.4287,-0.0972,3.2552,1.4727,1.8096,0.311,FOLLOW
134.632,1.4635,1.9316,-1.4416,-0.0963,3.2545,1.4727,1.8096,0.3102,FOLLOW
134.652,1.4637,1.9304,-1.4546,-0.0955,3.2539,1.4727,1.8096,0.3094,FOLLOW
134.672,1.4638,1.9292,-1.4675,-0.0947,3.2532,1.4727,1.8096,0.3086,FOLLOW
134.692,1.4639,1.928,-1.4804,-0.0939,3.2525,1.4727,1.8096,0.3078,FOLLOW
134.712,1.464,1.9268,-1.4933,-0.0922,3.251,1.4734,1.8042,0.3069,FOLLOW
134.73,1.4641,1.9256,-1.5062,-0.0922,3.251,1.4734,1.8042,0.3061,FOLLOW
134.752,1.4642,1.9244,-1.5192,-0.0907,3.2496,1.4734,1.8042,0.3052,FOLLOW
134.772,1.4642,1.9232,-1.5321,-0.0899,3.2488,1.4734,1.8042,0.3044,FOLLOW
134.792,1.4643,1.9221,-1.545,-0.0899,3.2488,1.4734,1.8042,0.3035,FOLLOW
134.812,1.4643,1.9208,-1.5578,-0.0891,3.2481,1.4737,1.7988,0.3025,FOLLOW
134.832,1.4643,1.9194,-1.5702,-0.0873,3.2462,1.4737,1.7988,0.3015,FOLLOW
134.852,1.4643,1.918,-1.5823,-0.0873,3.2462,1.4737,1.7988,0.3004,FOLLOW
134.872,1.4642,1.9166,-1.5941,-0.0863,3.2452,1.4737,1.7988,0.2992,FOLLOW
134.892,1.4642,1.9151,-1.6056,-0.0854,3.2442,1.4737,1.7988,0.2981,FOLLOW
134.912,1.4641,1.9137,-1.6167,-0.0845,3.2431,1.4737,1.7924,0.2968,FOLLOW
134.932,1.4641,1.9122,-1.6279,-0.0827,3.2411,1.4737,1.7924,0.2956,FOLLOW
134.952,1.464,1.9107,-1.639,-0.0827,3.2411,1.4737,1.7924,0.2944,FOLLOW
134.972,1.4639,1.9093,-1.6501,-0.0818,3.24,1.4737,1.7924,0.2932,FOLLOW
134.992,1.4637,1.9078,-1.6613,-0.0809,3.239,1.4737,1.7924,0.2919,FOLLOW
135.012,1.4636,1.9062,-1.6722,-0.0801,3.2379,1.4733,1.7855,0.2906,FOLLOW
135.032,1.4634,1.9045,-1.6829,-0.0791,3.2367,1.4733,1.7855,0.2891,FOLLOW
135.052,1.4632,1.9028,-1.6931,-0.0781,3.2353,1.4733,1.7855,0.2876,FOLLOW
135.072,1.463,1.9011,-1.703,-0.077,3.2339,1.4733,1.7855,0.286,FOLLOW
135.092,1.4627,1.8993,-1.7126,-0.076,3.2326,1.4733,1.7855,0.2844,FOLLOW
135.112,1.4625,1.8975,-1.722,-0.075,3.2312,1.4724,1.7775,0.2828,FOLLOW
135.132,1.4622,1.8957,-1.7314,-0.074,3.2298,1.4724,1.7775,0.2812,FOLLOW
135.152,1.4619,1.894,-1.7408,-0.073,3.2284,1.4724,1.7775,0.2796,FOLLOW
135.172,1.4616,1.8922,-1.7503,-0.0711,3.2255,1.4724,1.7775,0.2779,FOLLOW
135.192,1.4612,1.8904,-1.7597,-0.0711,3.2255,1.4724,1.7775,0.2763,FOLLOW
135.212,1.4609,1.8886,-1.769,-0.0692,3.2226,1.4711,1.769,0.2746,FOLLOW
135.232,1.4605,1.8868,-1.7782,-0.0692,3.2226,1.4711,1.769,0.2729,FOLLOW
135.252,1.4601,1.885,-1.7874,-0.0683,3.2211,1.4711,1.769,0.2712,FOLLOW
135.272,1.4597,1.8832,-1.7966,-0.0665,3.2181,1.4711,1.769,0.2695,FOLLOW
135.292,1.4593,1.8814,-1.8058,-0.0665,3.2181,1.4711,1.769,0.2678,FOLLOW
135.312,1.4588,1.8796,-1.815,-0.0656,3.2166,1.4688,1.7588,0.2661,FOLLOW
135.332,1.4584,1.8779,-1.8242,-0.0647,3.2151,1.4688,1.7588,0.2644,FOLLOW
135.352,1.4579,1.8761,-1.8334,-0.0638,3.2136,1.4688,1.7588,0.2626,FOLLOW
135.372,1.4574,1.8743,-1.8427,-0.063,3.212,1.4688,1.7588,0.2609,FOLLOW
135.392,1.4569,1.8725,-1.8519,-0.0613,3.2089,1.4671,1.752,0.2592,FOLLOW
135.412,1.4564,1.8707,-1.8609,-0.0613,3.2089,1.4671,1.752,0.2574,FOLLOW
135.432,1.4558,1.8689,-1.8698,-0.0605,3.2073,1.4671,1.752,0.2556,FOLLOW
135.452,1.4553,1.8671,-1.8787,-0.0596,3.2057,1.4671,1.752,0.2537,FOLLOW
135.472,1.4547,1.8653,-1.8876,-0.058,3.2024,1.4671,1.752,0.2519,FOLLOW
135.492,1.4541,1.8635,-1.8965,-0.058,3.2024,1.4671,1.752,0.2501,FOLLOW
135.512,1.4535,1.8617,-1.9054,-0.0572,3.2008,1.4644,1.7434,0.2483,FOLLOW
135.532,1.4528,1.8599,-1.9143,-0.0565,3.1992,1.4644,1.7434,0.2464,FOLLOW
135.552,1.4522,1.8581,-1.9232,-0.055,3.1958,1.4644,1.7434,0.2446,FOLLOW
135.572,1.4515,1.8563,-1.9321,-0.055,3.1958,1.4644,1.7434,0.2428,FOLLOW
135.592,1.4508,1.8546,-1.941,-0.0543,3.1942,1.4644,1.7434,0.2409,FOLLOW
135.612,1.4507,1.8539,-1.9498,-0.0536,3.1925,1.4644,1.7434,0.2403,FOLLOW
135.632,1.4508,1.854,-1.958,-0.0535,3.1923,1.4644,1.7434,0.2404,FOLLOW
135.652,1.4508,1.854,-1.9658,-0.0535,3.1923,1.4613,1.7348,0.2405,FOLLOW_TURN
135.672,1.4509,1.8541,-1.9731,-0.0535,3.1923,1.4613,1.7348,0.2407,FOLLOW_TURN
135.692,1.4509,1.8542,-1.98,-0.0535,3.1923,1.4613,1.7348,0.2408,FOLLOW_TURN
135.712,1.451,1.8544,-1.9865,-0.0535,3.1923,1.4606,1.7329,0.2411,FOLLOW_TURN
135.732,1.4512,1.8548,-1.9925,-0.0535,3.1923,1.4606,1.7329,0.2414,FOLLOW_TURN
135.752,1.4513,1.8551,-1.998,-0.0535,3.1923,1.4606,1.7329,0.2418,FOLLOW_TURN
135.772,1.4514,1.8553,-2.0031,-0.0535,3.1923,1.4606,1.7329,0.2421,FOLLOW_TURN
135.792,1.4515,1.8556,-2.0078,-0.0535,3.1923,1.4606,1.7329,0.2423,FOLLOW_TURN
135.812,1.4517,1.8559,-2.0119,-0.0535,3.1923,1.4606,1.7329,0.2427,FOLLOW_TURN
135.832,1.452,1.8564,-2.0157,-0.0535,3.1923,1.4606,1.7329,0.2433,FOLLOW_TURN
135.852,1.4522,1.8568,-2.019,-0.0535,3.1923,1.4606,1.7329,0.2437,FOLLOW_TURN
135.872,1.4524,1.8572,-2.0218,-0.0535,3.1923,1.4606,1.7329,0.2442,FOLLOW_TURN
135.892,1.4525,1.8576,-2.0242,-0.0535,3.1923,1.4606,1.7329,0.2446,FOLLOW_TURN
135.912,1.4528,1.8581,-2.0261,-0.0535,3.1923,1.4606,1.7329,0.2452,FOLLOW_TURN
135.932,1.4531,1.8587,-2.0276,-0.0535,3.1923,1.4606,1.7329,0.2459,FOLLOW_TURN
135.952,1.4534,1.8593,-2.0286,-0.0535,3.1923,1.4606,1.7329,0.2465,FOLLOW_TURN
135.972,1.4537,1.8598,-2.0291,-0.0535,3.1923,1.4606,1.7329,0.2471,FOLLOW_TURN
135.992,1.4539,1.8603,-2.0292,-0.0535,3.1923,1.4606,1.7329,0.2477,FOLLOW_TURN
136.012,1.4543,1.861,-2.0289,-0.0535,3.1923,1.4606,1.7329,0.2484,FOLLOW_TURN
136.032,1.4546,1.8617,-2.0281,-0.0535,3.1923,1.4606,1.7329,0.2492,FOLLOW_TURN
136.052,1.455,1.8624,-2.0268,-0.0535,3.1923,1.4606,1.7329,0.25,FOLLOW_TURN
136.072,1.4553,1.8631,-2.0251,-0.0535,3.1923,1.4606,1.7329,0.2508,FOLLOW_TURN
136.092,1.4556,1.8638,-2.0229,-0.0535,3.1923,1.4606,1.7329,0.2515,FOLLOW_TURN
136.112,1.456,1.8645,-2.0203,-0.0535,3.1923,1.4606,1.7329,0.2523,FOLLOW_TURN
136.132,1.4563,1.8651,-2.0172,-0.0535,3.1923,1.4606,1.7329,0.253,FOLLOW_TURN
136.152,1.4566,1.8658,-2.0137,-0.0535,3.1923,1.4606,1.7329,0.2537,FOLLOW_TURN
136.172,1.4569,1.8664,-2.0098,-0.0535,3.1923,1.4606,1.7329,0.2544,FOLLOW_TURN
136.192,1.4572,1.867,-2.0054,-0.0535,3.1923,1.4606,1.7329,0.255,FOLLOW_TURN
136.212,1.4572,1.8671,-2.0006,-0.0535,3.1923,1.4606,1.7329,0.2552,FOLLOW
136.232,1.4571,1.8668,-1.9954,-0.0534,3.1922,1.4606,1.7329,0.2549,FOLLOW
136.252,1.4568,1.8662,-1.9899,-0.0531,3.1917,1.4606,1.7329,0.2541,FOLLOW
136.272,1.4565,1.8655,-1.9839,-0.0526,3.1909,1.4606,1.7329,0.2533,FOLLOW
136.292,1.4562,1.8647,-1.9774,-0.0521,3.19,1.4606,1.7329,0.2525,FOLLOW
136.312,1.4557,1.8638,-1.9709,-0.0515,3.1892,1.4595,1.7305,0.2515,FOLLOW
136.332,1.4553,1.8627,-1.9649,-0.051,3.1883,1.4595,1.7305,0.2503,FOLLOW
136.352,1.4549,1.8617,-1.9594,-0.0504,3.1874,1.4595,1.7305,0.2491,FOLLOW
136.372,1.4544,1.8606,-1.9543,-0.0498,3.1865,1.4595,1.7305,0.248,FOLLOW
136.392,1.454,1.8596,-1.9496,-0.0492,3.1856,1.4595,1.7305,0.2469,FOLLOW
136.412,1.4535,1.8585,-1.9453,-0.0486,3.1847,1.4574,1.7256,0.2456,FOLLOW
136.432,1.4529,1.8571,-1.9416,-0.0479,3.1836,1.4574,1.7256,0.2441,FOLLOW
136.452,1.4523,1.8556,-1.9382,-0.0471,3.1825,1.4574,1.7256,0.2425,FOLLOW
136.472,1.4518,1.8541,-1.9354,-0.0464,3.1814,1.4574,1.7256,0.2409,FOLLOW
136.492,1.4512,1.8527,-1.9329,-0.0456,3.1803,1.4574,1.7256,0.2394,FOLLOW
136.512,1.4506,1.8511,-1.9309,-0.0441,3.178,1.4551,1.7196,0.2377,FOLLOW
136.532,1.45,1.8494,-1.9293,-0.0433,3.1769,1.4551,1.7196,0.236,FOLLOW
136.552,1.4494,1.8478,-1.9282,-0.0433,3.1769,1.4551,1.7196,0.2342,FOLLOW
136.572,1.4488,1.8462,-1.9275,-0.0426,3.1757,1.4551,1.7196,0.2325,FOLLOW
136.592,1.4482,1.8446,-1.9272,-0.0419,3.1746,1.4551,1.7196,0.2308,FOLLOW
136.612,1.4481,1.8442,-1.9272,-0.0411,3.1735,1.4527,1.7132,0.2304,FOLLOW_TURN
136.632,1.4481,1.8441,-1.9272,-0.041,3.1733,1.4527,1.7132,0.2304,FOLLOW_TURN
136.652,1.4481,1.8441,-1.9272,-0.041,3.1733,1.4527,1.7132,0.2303,FOLLOW_TURN
136.672,1.4481,1.8441,-1.9272,-0.041,3.1733,1.4527,1.7132,0.2303,FOLLOW_TURN
136.692,1.4481,1.8441,-1.9272,-0.041,3.1733,1.4527,1.7132,0.2303,FOLLOW_TURN
136.712,1.4482,1.8442,-1.927,-0.041,3.1733,1.4522,1.7119,0.2305,FOLLOW_TURN
136.732,1.4483,1.8445,-1.9263,-0.041,3.1733,1.4522,1.7119,0.2308,FOLLOW_TURN
136.752,1.4483,1.8447,-1.9253,-0.041,3.1733,1.4522,1.7119,0.231,FOLLOW_TURN
136.772,1.4484,1.8449,-1.9237,-0.041,3.1733,1.4522,1.7119,0.2312,FOLLOW_TURN
136.792,1.4485,1.8451,-1.9218,-0.041,3.1733,1.4522,1.7119,0.2314,FOLLOW_TURN
136.812,1.4486,1.8454,-1.9194,-0.041,3.1733,1.4522,1.7119,0.2317,FOLLOW_TURN
136.832,1.4488,1.8458,-1.9165,-0.041,3.1733,1.4522,1.7119,0.2321,FOLLOW_TURN
136.852,1.4489,1.8462,-1.9133,-0.041,3.1733,1.4522,1.7119,0.2325,FOLLOW_TURN
136.872,1.449,1.8465,-1.9096,-0.041,3.1733,1.4522,1.7119,0.2328,FOLLOW_TURN
136.892,1.4491,1.8469,-1.9054,-0.041,3.1733,1.4522,1.7119,0.2332,FOLLOW_TURN
136.912,1.4493,1.8473,-1.9009,-0.041,3.1733,1.4522,1.7119,0.2336,FOLLOW_TURN
136.932,1.4495,1.8479,-1.8958,-0.041,3.1733,1.4522,1.7119,0.2342,FOLLOW_TURN
136.952,1.4497,1.8484,-1.8904,-0.041,3.1733,1.4522,1.7119,0.2347,FOLLOW_TURN
136.972,1.4499,1.8489,-1.8845,-0.041,3.1733,1.4522,1.7119,0.2352,FOLLOW_TURN
136.992,1.45,1.8494,-1.8782,-0.041,3.1733,1.4522,1.7119,0.2357,FOLLOW_TURN
137.012,1.4502,1.8499,-1.8715,-0.041,3.1733,1.4522,1.7119,0.2361,FOLLOW_TURN
137.032,1.4503,1.8503,-1.8644,-0.041,3.1733,1.4522,1.7119,0.2365,FOLLOW_TURN
137.052,1.4504,1.8507,-1.8569,-0.041,3.1733,1.4522,1.7119,0.2369,FOLLOW_TURN
137.072,1.4506,1.8511,-1.8489,-0.041,3.1733,1.4522,1.7119,0.2372,FOLLOW_TURN
137.092,1.4507,1.8515,-1.8406,-0.041,3.1733,1.4522,1.7119,0.2375,FOLLOW_TURN
137.112,1.4507,1.8518,-1.8318,-0.041,3.1733,1.4522,1.7119,0.2378,FOLLOW_TURN
137.132,1.4508,1.8521,-1.8226,-0.041,3.1733,1.4522,1.7119,0.238,FOLLOW_TURN
137.152,1.4509,1.8523,-1.813,-0.041,3.1733,1.4522,1.7119,0.2382,FOLLOW_TURN
137.172,1.451,1.8526,-1.803,-0.041,3.1733,1.4522,1.7119,0.2384,FOLLOW_TURN
137.192,1.451,1.8528,-1.7926,-0.041,3.1733,1.4522,1.7119,0.2385,FOLLOW_TURN
137.212,1.4511,1.853,-1.7818,-0.041,3.1733,1.4522,1.7119,0.2386,FOLLOW_TURN
137.232,1.4511,1.8532,-1.7706,-0.041,3.1733,1.4522,1.7119,0.2387,FOLLOW_TURN
137.252,1.4511,1.8533,-1.7591,-0.041,3.1733,1.4522,1.7119,0.2387,FOLLOW_TURN
137.272,1.4512,1.8534,-1.7471,-0.041,3.1733,1.4522,1.7119,0.2387,FOLLOW_TURN
137.292,1.4512,1.8535,-1.7351,-0.041,3.1733,1.4522,1.7119,0.2387,FOLLOW_TURN
137.31,1.4512,1.8536,-1.7231,-0.041,3.1733,1.4522,1.7119,0.2386,FOLLOW_TURN
137.332,1.4512,1.8537,-1.7111,-0.041,3.1733,1.4522,1.7119,0.2386,FOLLOW_TURN
137.352,1.4512,1.8538,-1.6991,-0.041,3.1733,1.4522,1.7119,0.2386,FOLLOW_TURN
137.372,1.4512,1.8539,-1.6871,-0.041,3.1733,1.4522,1.7119,0.2386,FOLLOW_TURN
137.392,1.4513,1.854,-1.6751,-0.041,3.1733,1.4522,1.7119,0.2385,FOLLOW_TURN
137.412,1.4513,1.8541,-1.6631,-0.041,3.1733,1.4522,1.7119,0.2385,FOLLOW_TURN
137.432,1.4513,1.8542,-1.6511,-0.041,3.1733,1.4522,1.7119,0.2384,FOLLOW_TURN
137.452,1.4513,1.8544,-1.6391,-0.041,3.1733,1.4522,1.7119,0.2384,FOLLOW_TURN
137.472,1.4513,1.8545,-1.6271,-0.041,3.1733,1.4522,1.7119,0.2383,FOLLOW_TURN
137.492,1.4513,1.8546,-1.6151,-0.041,3.1733,1.4522,1.7119,0.2383,FOLLOW_TURN
137.512,1.4513,1.8547,-1.6031,-0.041,3.1733,1.4522,1.7119,0.2382,FOLLOW_TURN
137.532,1.4513,1.8548,-1.5911,-0.041,3.1733,1.4522,1.7119,0.2381,FOLLOW_TURN
137.552,1.4513,1.8549,-1.5791,-0.041,3.1733,1.4522,1.7119,0.2381,FOLLOW_TURN
137.572,1.4513,1.855,-1.5671,-0.041,3.1733,1.4522,1.7119,0.238,FOLLOW_TURN
137.592,1.4513,1.8551,-1.5551,-0.041,3.1733,1.4522,1.7119,0.2379,FOLLOW_TURN
137.612,1.4513,1.8552,-1.5431,-0.041,3.1733,1.4522,1.7119,0.2378,FOLLOW_TURN
137.632,1.4513,1.8553,-1.5311,-0.041,3.1733,1.4522,1.7119,0.2377,FOLLOW_TURN
137.652,1.4513,1.8554,-1.5191,-0.041,3.1733,1.4522,1.7119,0.2376,FOLLOW_TURN
137.672,1.4513,1.8555,-1.5071,-0.041,3.1733,1.4522,1.7119,0.2375,FOLLOW_TURN
137.692,1.4513,1.8556,-1.4951,-0.041,3.1733,1.4522,1.7119,0.2374,FOLLOW_TURN
137.712,1.4513,1.8558,-1.4831,-0.041,3.1733,1.4522,1.7119,0.2373,FOLLOW_TURN
137.732,1.4513,1.8559,-1.4711,-0.041,3.1733,1.4522,1.7119,0.2372,FOLLOW_TURN
137.752,1.4513,1.856,-1.4591,-0.041,3.1733,1.4522,1.7119,0.2371,FOLLOW_TURN
137.772,1.4513,1.8561,-1.4471,-0.041,3.1733,1.4522,1.7119,0.237,FOLLOW_TURN
137.792,1.4513,1.8562,-1.4351,-0.041,3.1733,1.4522,1.7119,0.2368,FOLLOW_TURN
137.812,1.4513,1.8563,-1.4231,-0.041,3.1733,1.4522,1.7119,0.2367,FOLLOW_TURN
137.832,1.4513,1.8564,-1.4111,-0.041,3.1733,1.4522,1.7119,0.2366,FOLLOW_TURN
137.852,1.4513,1.8565,-1.3991,-0.041,3.1733,1.4522,1.7119,0.2364,FOLLOW_TURN
137.872,1.4512,1.8566,-1.3871,-0.041,3.1733,1.4522,1.7119,0.2363,FOLLOW_TURN
137.892,1.4512,1.8567,-1.3751,-0.041,3.1733,1.4522,1.7119,0.2361,FOLLOW_TURN
137.912,1.4512,1.8568,-1.3631,-0.041,3.1733,1.4522,1.7119,0.236,FOLLOW_TURN
137.932,1.4512,1.8569,-1.3511,-0.041,3.1733,1.4522,1.7119,0.2358,FOLLOW_TURN
137.952,1.4512,1.857,-1.3391,-0.041,3.1733,1.4522,1.7119,0.2357,FOLLOW_TURN
137.972,1.4511,1.8571,-1.3271,-0.041,3.1733,1.4522,1.7119,0.2355,FOLLOW_TURN
137.992,1.4511,1.8572,-1.3151,-0.041,3.1733,1.4522,1.7119,0.2353,FOLLOW_TURN
138.012,1.4512,1.8572,-1.3033,-0.041,3.1733,1.4522,1.7119,0.2351,FOLLOW_TURN
138.032,1.4514,1.8569,-1.292,-0.0409,3.1733,1.4522,1.7119,0.2347,FOLLOW_TURN
138.052,1.4517,1.8562,-1.2811,-0.0403,3.1731,1.4522,1.7119,0.234,FOLLOW
138.072,1.452,1.8553,-1.2707,-0.0384,3.1727,1.4522,1.7119,0.2331,FOLLOW
138.092,1.4524,1.8543,-1.2607,-0.0384,3.1727,1.4522,1.7119,0.2321,FOLLOW
138.112,1.4528,1.8531,-1.2511,-0.0375,3.1724,1.453,1.7093,0.231,FOLLOW
138.132,1.4534,1.8517,-1.242,-0.0348,3.1718,1.453,1.7093,0.2298,FOLLOW
138.152,1.4541,1.8499,-1.2334,-0.0348,3.1718,1.453,1.7093,0.2284,FOLLOW
138.172,1.4549,1.8479,-1.2252,-0.0329,3.1713,1.453,1.7093,0.2267,FOLLOW
138.192,1.4557,1.8458,-1.2175,-0.0309,3.1709,1.453,1.7093,0.225,FOLLOW
138.212,1.4566,1.8436,-1.2102,-0.029,3.1704,1.4555,1.702,0.2233,FOLLOW
138.232,1.4577,1.8411,-1.2034,-0.0269,3.17,1.4555,1.702,0.2214,FOLLOW
138.252,1.4589,1.8383,-1.1971,-0.0243,3.1694,1.4555,1.702,0.2193,FOLLOW
138.272,1.4601,1.8352,-1.1912,-0.0215,3.1688,1.4555,1.702,0.217,FOLLOW
138.292,1.4614,1.832,-1.1858,-0.0186,3.1681,1.4555,1.702,0.2147,FOLLOW
138.312,1.4628,1.8288,-1.1809,-0.0156,3.1675,1.46,1.6901,0.2124,FOLLOW
138.332,1.4641,1.8254,-1.1764,-0.0096,3.1661,1.46,1.6901,0.21,FOLLOW
138.352,1.4655,1.8221,-1.1723,-0.0096,3.1661,1.46,1.6901,0.2077,FOLLOW
138.372,1.4669,1.8188,-1.1687,-0.0065,3.1654,1.46,1.6901,0.2054,FOLLOW
138.392,1.4683,1.8156,-1.1655,-0.0035,3.1647,1.46,1.6901,0.2032,FOLLOW
138.412,1.4697,1.8123,-1.1627,-0.0005,3.164,1.4659,1.6759,0.201,FOLLOW
138.432,1.4712,1.8089,-1.1605,0.0027,3.1632,1.4659,1.6759,0.1988,FOLLOW
138.452,1.4727,1.8055,-1.1586,0.0062,3.1624,1.4659,1.6759,0.1966,FOLLOW
138.472,1.4742,1.8021,-1.1572,0.0097,3.1616,1.4659,1.6759,0.1944,FOLLOW
138.492,1.4756,1.7988,-1.1563,0.0132,3.1608,1.4659,1.6759,0.1923,FOLLOW
138.512,1.4771,1.7955,-1.1557,0.0201,3.1591,1.4727,1.6601,0.1902,FOLLOW
138.532,1.4785,1.7922,-1.1557,0.0201,3.1591,1.4727,1.6601,0.1882,FOLLOW
138.552,1.48,1.7889,-1.1557,0.0236,3.1583,1.4727,1.6601,0.1862,FOLLOW
138.572,1.4814,1.7856,-1.1558,0.0271,3.1575,1.4727,1.6601,0.1842,FOLLOW
138.592,1.4829,1.7823,-1.1559,0.0306,3.1567,1.4727,1.6601,0.1823,FOLLOW
138.612,1.4842,1.7792,-1.1558,0.0341,3.1558,1.4799,1.6437,0.1804,FOLLOW
138.632,1.4856,1.7762,-1.1553,0.0407,3.1543,1.4799,1.6437,0.1786,FOLLOW
138.652,1.4869,1.7731,-1.1543,0.0407,3.1543,1.4799,1.6437,0.1768,FOLLOW
138.672,1.4883,1.7701,-1.1531,0.044,3.1535,1.4799,1.6437,0.175,FOLLOW
138.692,1.4897,1.767,-1.152,0.0473,3.1527,1.4799,1.6437,0.1732,FOLLOW
138.712,1.491,1.7639,-1.1509,0.0505,3.152,1.4868,1.6281,0.1715,FOLLOW
138.732,1.4924,1.7608,-1.1498,0.0538,3.1512,1.4868,1.6281,0.1697,FOLLOW
138.752,1.4938,1.7578,-1.1486,0.0604,3.1497,1.4868,1.6281,0.168,FOLLOW
138.772,1.4952,1.7547,-1.1475,0.0637,3.149,1.4868,1.6281,0.1663,FOLLOW
138.792,1.4965,1.7516,-1.1464,0.0637,3.149,1.4868,1.6281,0.1646,FOLLOW
138.812,1.4978,1.7488,-1.1451,0.067,3.1482,1.4937,1.6127,0.1631,FOLLOW
138.832,1.4991,1.746,-1.1433,0.07,3.1476,1.4937,1.6127,0.1616,FOLLOW
138.852,1.5003,1.7433,-1.1411,0.0731,3.1469,1.4937,1.6127,0.1601,FOLLOW
138.872,1.5016,1.7405,-1.1386,0.0761,3.1462,1.4937,1.6127,0.1586,FOLLOW
138.892,1.5029,1.7377,-1.1361,0.0791,3.1456,1.4937,1.6127,0.1572,FOLLOW
138.912,1.5042,1.7349,-1.1336,0.0822,3.1449,1.5002,1.5983,0.1557,FOLLOW
138.932,1.5055,1.7321,-1.1311,0.0852,3.1443,1.5002,1.5983,0.1543,FOLLOW
138.952,1.5068,1.7293,-1.1286,0.0882,3.1437,1.5002,1.5983,0.1529,FOLLOW
138.972,1.5082,1.7265,-1.1261,0.0943,3.1424,1.5002,1.5983,0.1515,FOLLOW
138.992,1.5095,1.7238,-1.1236,0.0943,3.1424,1.5002,1.5983,0.1501,FOLLOW
139.012,1.5107,1.7212,-1.1209,0.1002,3.1412,1.5068,1.5843,0.1489,FOLLOW
139.032,1.5119,1.7187,-1.1177,0.1002,3.1412,1.5068,1.5843,0.1477,FOLLOW
139.052,1.5132,1.7161,-1.1141,0.103,3.1407,1.5068,1.5843,0.1465,FOLLOW
139.072,1.5144,1.7136,-1.1104,0.1058,3.1402,1.5068,1.5843,0.1453,FOLLOW
139.092,1.5157,1.7111,-1.1068,0.1086,3.1396,1.5068,1.5843,0.1441,FOLLOW
139.112,1.517,1.7085,-1.1031,0.1114,3.1391,1.5131,1.5711,0.1429,FOLLOW
139.132,1.5182,1.706,-1.0994,0.1143,3.1386,1.5131,1.5711,0.1418,FOLLOW
139.152,1.5195,1.7035,-1.0957,0.1171,3.1381,1.5131,1.5711,0.1407,FOLLOW
139.172,1.5208,1.701,-1.092,0.1199,3.1377,1.5131,1.5711,0.1396,FOLLOW
139.192,1.5221,1.6985,-1.0884,0.1227,3.1372,1.5131,1.5711,0.1386,FOLLOW
139.212,1.5234,1.696,-1.0846,0.1256,3.1367,1.5196,1.5584,0.1376,FOLLOW
139.232,1.5248,1.6935,-1.0808,0.1312,3.1358,1.5196,1.5584,0.1366,FOLLOW
139.252,1.5261,1.691,-1.0771,0.1312,3.1358,1.5196,1.5584,0.1356,FOLLOW
139.272,1.5274,1.6885,-1.0733,0.134,3.1354,1.5196,1.5584,0.1347,FOLLOW
139.292,1.5288,1.6861,-1.0695,0.1368,3.135,1.5196,1.5584,0.1337,FOLLOW
139.312,1.5301,1.6836,-1.0658,0.1396,3.1346,1.5263,1.5458,0.1328,FOLLOW
139.332,1.5315,1.6811,-1.062,0.1424,3.1342,1.5263,1.5458,0.132,FOLLOW
139.352,1.5329,1.6787,-1.0583,0.1453,3.1338,1.5263,1.5458,0.1311,FOLLOW
139.372,1.5343,1.6762,-1.0545,0.1481,3.1334,1.5263,1.5458,0.1303,FOLLOW
139.392,1.5357,1.6738,-1.0507,0.1509,3.1331,1.5263,1.5458,0.1295,FOLLOW
139.412,1.537,1.6715,-1.0467,0.1537,3.1327,1.5332,1.5333,0.1288,FOLLOW
139.432,1.5383,1.6692,-1.0423,0.1564,3.1324,1.5332,1.5333,0.1281,FOLLOW
139.452,1.5397,1.6669,-1.0378,0.1591,3.1321,1.5332,1.5333,0.1274,FOLLOW
139.472,1.541,1.6647,-1.0332,0.1645,3.1315,1.5332,1.5333,0.1267,FOLLOW
139.492,1.5424,1.6624,-1.0287,0.1645,3.1315,1.5332,1.5333,0.1261,FOLLOW
139.512,1.5437,1.6601,-1.0242,0.1671,3.1312,1.5401,1.5216,0.1255,FOLLOW
139.532,1.5451,1.6578,-1.0196,0.1698,3.131,1.5401,1.5216,0.1249,FOLLOW
139.552,1.5465,1.6556,-1.0151,0.1725,3.1307,1.5401,1.5216,0.1243,FOLLOW
139.572,1.5479,1.6533,-1.0105,0.1752,3.1305,1.5401,1.5216,0.1238,FOLLOW
139.592,1.5493,1.6511,-1.006,0.1779,3.1303,1.5401,1.5216,0.1233,FOLLOW
139.612,1.5507,1.6489,-1.0013,0.1805,3.1301,1.5485,1.5078,0.1228,FOLLOW
139.632,1.5521,1.6467,-0.9965,0.1832,3.1299,1.5485,1.5078,0.1223,FOLLOW
139.652,1.5536,1.6445,-0.9917,0.1858,3.1297,1.5485,1.5078,0.1219,FOLLOW
139.672,1.555,1.6424,-0.9869,0.1884,3.1295,1.5485,1.5078,0.1215,FOLLOW
139.692,1.5564,1.6402,-0.9821,0.1911,3.1294,1.5485,1.5078,0.1211,FOLLOW
139.712,1.5579,1.6381,-0.9773,0.1937,3.1292,1.5543,1.4989,0.1208,FOLLOW
139.732,1.5593,1.6359,-0.9725,0.1964,3.1291,1.5543,1.4989,0.1205,FOLLOW
139.752,1.5608,1.6338,-0.9677,0.199,3.129,1.5543,1.4989,0.1202,FOLLOW
139.772,1.5623,1.6316,-0.9629,0.2016,3.1288,1.5543,1.4989,0.1199,FOLLOW
139.792,1.5638,1.6295,-0.9581,0.2043,3.1288,1.5543,1.4989,0.1197,FOLLOW
139.812,1.5653,1.6274,-0.9533,0.2069,3.1287,1.5617,1.488,0.1195,FOLLOW
139.832,1.5668,1.6253,-0.9484,0.2095,3.1286,1.5617,1.488,0.1193,FOLLOW
139.852,1.5683,1.6232,-0.9436,0.2122,3.1285,1.5617,1.488,0.1192,FOLLOW
139.872,1.5698,1.6211,-0.9387,0.2148,3.1285,1.5617,1.488,0.1191,FOLLOW
139.892,1.5713,1.619,-0.9338,0.2174,3.1285,1.5617,1.488,0.119,FOLLOW
139.912,1.5729,1.617,-0.9289,0.2201,3.1285,1.5694,1.4773,0.1189,FOLLOW
139.932,1.5744,1.6149,-0.9241,0.2253,3.1285,1.5694,1.4773,0.1189,FOLLOW
139.952,1.576,1.6128,-0.9192,0.2253,3.1285,1.5694,1.4773,0.1189,FOLLOW
139.972,1.5776,1.6108,-0.9143,0.2279,3.1285,1.5694,1.4773,0.1189,FOLLOW
139.992,1.5791,1.6087,-0.9095,0.2306,3.1285,1.5694,1.4773,0.1189,FOLLOW
140.012,1.5807,1.6067,-0.9047,0.2332,3.1286,1.5772,1.4668,0.119,FOLLOW
140.032,1.5824,1.6047,-0.8999,0.2358,3.1286,1.5772,1.4668,0.1191,FOLLOW
140.052,1.584,1.6026,-0.8951,0.2385,3.1287,1.5772,1.4668,0.1193,FOLLOW
140.072,1.5856,1.6006,-0.8903,0.2437,3.1289,1.5772,1.4668,0.1194,FOLLOW
140.092,1.5872,1.5986,-0.8855,0.2437,3.1289,1.5772,1.4668,0.1196,FOLLOW
140.112,1.5889,1.5966,-0.8807,0.2464,3.129,1.5854,1.4565,0.1198,FOLLOW
140.132,1.5906,1.5946,-0.8759,0.249,3.1291,1.5854,1.4565,0.1201,FOLLOW
140.152,1.5922,1.5926,-0.8711,0.2517,3.1292,1.5854,1.4565,0.1204,FOLLOW
140.172,1.5939,1.5906,-0.8664,0.2543,3.1294,1.5854,1.4565,0.1207,FOLLOW
140.192,1.5956,1.5886,-0.8616,0.2569,3.1295,1.5854,1.4565,0.121,FOLLOW
140.212,1.5973,1.5867,-0.8567,0.2622,3.1299,1.5939,1.4463,0.1214,FOLLOW
140.232,1.599,1.5847,-0.8518,0.2622,3.1299,1.5939,1.4463,0.1217,FOLLOW
140.252,1.6007,1.5828,-0.8469,0.2648,3.1301,1.5939,1.4463,0.1222,FOLLOW
140.272,1.6024,1.5809,-0.842,0.27,3.1305,1.5939,1.4463,0.1226,FOLLOW
140.292,1.6041,1.5789,-0.8371,0.27,3.1305,1.5939,1.4463,0.1231,FOLLOW
140.312,1.6058,1.577,-0.8323,0.2726,3.1308,1.6025,1.4364,0.1235,FOLLOW
140.332,1.6076,1.5751,-0.8274,0.2753,3.131,1.6025,1.4364,0.1241,FOLLOW
140.352,1.6093,1.5732,-0.8225,0.2779,3.1313,1.6025,1.4364,0.1246,FOLLOW
140.372,1.6111,1.5714,-0.8176,0.2805,3.1315,1.6025,1.4364,0.1252,FOLLOW
140.392,1.6129,1.5695,-0.8127,0.2831,3.1318,1.6025,1.4364,0.1258,FOLLOW
140.412,1.6146,1.5676,-0.8079,0.2883,3.1324,1.6114,1.4267,0.1264,FOLLOW
140.432,1.6164,1.5657,-0.803,0.2883,3.1324,1.6114,1.4267,0.1271,FOLLOW
140.452,1.6182,1.5639,-0.7982,0.2909,3.1328,1.6114,1.4267,0.1278,FOLLOW
140.472,1.6201,1.562,-0.7933,0.2961,3.1335,1.6114,1.4267,0.1285,FOLLOW
140.492,1.6219,1.5602,-0.7885,0.2961,3.1335,1.6114,1.4267,0.1292,FOLLOW
140.512,1.6237,1.5584,-0.7836,0.3013,3.1342,1.6205,1.4173,0.13,FOLLOW
140.532,1.6255,1.5565,-0.7788,0.3039,3.1346,1.6205,1.4173,0.1308,FOLLOW
140.552,1.6274,1.5547,-0.774,0.3039,3.1346,1.6205,1.4173,0.1316,FOLLOW
140.572,1.6292,1.5529,-0.7691,0.3065,3.135,1.6205,1.4173,0.1324,FOLLOW
140.592,1.6311,1.5511,-0.7643,0.3091,3.1354,1.6205,1.4173,0.1333,FOLLOW
140.612,1.6331,1.5492,-0.7597,0.3117,3.1358,1.6298,1.408,0.1342,FOLLOW
140.632,1.6352,1.5472,-0.7556,0.3145,3.1363,1.6298,1.408,0.1353,FOLLOW
140.652,1.6374,1.5452,-0.7519,0.3174,3.1368,1.6298,1.408,0.1364,FOLLOW
140.672,1.6395,1.5432,-0.7485,0.3231,3.1378,1.6298,1.408,0.1376,FOLLOW
140.692,1.6416,1.5413,-0.7451,0.3231,3.1378,1.6298,1.408,0.1387,FOLLOW
140.712,1.6437,1.5393,-0.7417,0.326,3.1383,1.6401,1.3982,0.1399,FOLLOW
140.732,1.6459,1.5374,-0.7383,0.3289,3.1389,1.6401,1.3982,0.1411,FOLLOW
140.752,1.648,1.5354,-0.735,0.3346,3.14,1.6401,1.3982,0.1423,FOLLOW
140.772,1.6502,1.5335,-0.7316,0.3346,3.14,1.6401,1.3982,0.1436,FOLLOW
140.792,1.6523,1.5315,-0.7282,0.3375,3.1405,1.6401,1.3982,0.1449,FOLLOW
140.812,1.6545,1.5296,-0.725,0.3403,3.1411,1.6509,1.3884,0.1462,FOLLOW
140.832,1.6568,1.5276,-0.722,0.3433,3.1417,1.6509,1.3884,0.1476,FOLLOW
140.852,1.659,1.5257,-0.719,0.3462,3.1423,1.6509,1.3884,0.149,FOLLOW
140.872,1.6612,1.5237,-0.7159,0.3491,3.1429,1.6509,1.3884,0.1504,FOLLOW
140.892,1.6635,1.5218,-0.7129,0.3521,3.1435,1.6509,1.3884,0.1519,FOLLOW
140.912,1.6657,1.5198,-0.7099,0.355,3.1442,1.6643,1.3766,0.1533,FOLLOW
140.932,1.668,1.5179,-0.7069,0.3579,3.1448,1.6643,1.3766,0.1548,FOLLOW
140.952,1.6702,1.516,-0.7039,0.3608,3.1455,1.6643,1.3766,0.1563,FOLLOW
140.972,1.6725,1.514,-0.7008,0.3638,3.1461,1.6643,1.3766,0.1578,FOLLOW
140.992,1.6748,1.5121,-0.6978,0.3667,3.1468,1.6643,1.3766,0.1594,FOLLOW
141.012,1.6772,1.5101,-0.695,0.3696,3.1475,1.6735,1.3688,0.1611,FOLLOW
141.032,1.6798,1.5079,-0.6928,0.3727,3.1482,1.6735,1.3688,0.1629,FOLLOW
141.052,1.6824,1.5058,-0.691,0.376,3.149,1.6735,1.3688,0.1648,FOLLOW
141.072,1.685,1.5036,-0.6896,0.3792,3.1497,1.6735,1.3688,0.1667,FOLLOW
141.092,1.6875,1.5015,-0.6883,0.3825,3.1505,1.6735,1.3688,0.1686,FOLLOW
141.112,1.6901,1.4994,-0.687,0.3857,3.1513,1.6859,1.3584,0.1705,FOLLOW
141.132,1.6927,1.4973,-0.6857,0.389,3.1521,1.6859,1.3584,0.1725,FOLLOW
141.152,1.6953,1.4952,-0.6844,0.3922,3.1529,1.6859,1.3584,0.1744,FOLLOW
141.172,1.6978,1.4931,-0.6831,0.3955,3.1536,1.6859,1.3584,0.1764,FOLLOW
141.192,1.7004,1.491,-0.6818,0.3987,3.1544,1.6859,1.3584,0.1784,FOLLOW
141.212,1.7031,1.4888,-0.6808,0.4019,3.1552,1.6988,1.3478,0.1805,FOLLOW
141.232,1.7058,1.4866,-0.6802,0.4053,3.1561,1.6988,1.3478,0.1826,FOLLOW
141.252,1.7085,1.4844,-0.6797,0.4121,3.1578,1.6988,1.3478,0.1848,FOLLOW
141.272,1.7113,1.4822,-0.6791,0.4121,3.1578,1.6988,1.3478,0.187,FOLLOW
141.292,1.714,1.48,-0.6786,0.4155,3.1586,1.6988,1.3478,0.1892,FOLLOW
141.312,1.7167,1.4778,-0.6781,0.4189,3.1595,1.7122,1.3369,0.1914,FOLLOW
141.332,1.7194,1.4756,-0.6776,0.4257,3.1612,1.7122,1.3369,0.1937,FOLLOW
141.352,1.7221,1.4734,-0.6771,0.4257,3.1612,1.7122,1.3369,0.1959,FOLLOW
141.372,1.7249,1.4713,-0.6765,0.4324,3.1629,1.7122,1.3369,0.1982,FOLLOW
141.392,1.7276,1.4691,-0.676,0.4324,3.1629,1.7122,1.3369,0.2005,FOLLOW
141.412,1.7292,1.4678,-0.6754,0.4375,3.1641,1.7122,1.3369,0.2019,FOLLOW
141.432,1.7303,1.4671,-0.6741,0.4375,3.1641,1.7259,1.3259,0.2027,LEAVE
141.452,1.7313,1.4662,-0.6724,0.4389,3.1645,1.7259,1.3259,0.2036,LEAVE
141.472,1.7323,1.4654,-0.6702,0.4404,3.1649,1.7259,1.3259,0.2044,LEAVE
141.492,1.7334,1.4646,-0.6675,0.4418,3.1653,1.7259,1.3259,0.2052,LEAVE
141.512,1.7337,1.4644,-0.6643,0.4432,3.1657,1.7334,1.3199,0.2054,GO_GOAL
141.532,1.7337,1.4645,-0.6606,0.4434,3.1657,1.7334,1.3199,0.2053,GO_GOAL
141.552,1.7334,1.4648,-0.6564,0.4434,3.1657,1.7334,1.3199,0.205,GO_GOAL
141.572,1.7331,1.465,-0.6518,0.4434,3.1657,1.7334,1.3199,0.2047,GO_GOAL
141.592,1.7329,1.4652,-0.6467,0.4434,3.1657,1.7347,1.3189,0.2043,GO_GOAL
141.612,1.7325,1.4655,-0.641,0.4434,3.1657,1.7347,1.3189,0.2039,GO_GOAL
141.632,1.7321,1.4658,-0.6349,0.4434,3.1657,1.7347,1.3189,0.2034,GO_GOAL
141.652,1.7317,1.4661,-0.6284,0.4434,3.1657,1.7347,1.3189,0.2029,GO_GOAL
141.672,1.7313,1.4664,-0.6213,0.4434,3.1657,1.7347,1.3189,0.2024,GO_GOAL
141.692,1.731,1.4666,-0.6138,0.4434,3.1657,1.7347,1.3189,0.2019,GO_GOAL
141.712,1.7307,1.4668,-0.6059,0.4434,3.1657,1.7347,1.3189,0.2015,GO_GOAL
141.732,1.7304,1.467,-0.5974,0.4434,3.1657,1.7347,1.3189,0.201,GO_GOAL
141.752,1.7301,1.4672,-0.5885,0.4434,3.1657,1.7347,1.3189,0.2006,GO_GOAL
141.772,1.7298,1.4674,-0.5792,0.4434,3.1657,1.7347,1.3189,0.2002,GO_GOAL
141.792,1.7296,1.4675,-0.5694,0.4434,3.1657,1.7347,1.3189,0.1998,GO_GOAL
141.812,1.7294,1.4677,-0.5591,0.4434,3.1657,1.7347,1.3189,0.1994,GO_GOAL
141.832,1.7293,1.4678,-0.5483,0.4434,3.1657,1.7347,1.3189,0.199,GO_GOAL
141.852,1.7291,1.4679,-0.5371,0.4434,3.1657,1.7347,1.3189,0.1987,GO_GOAL
141.872,1.729,1.4679,-0.5255,0.4434,3.1657,1.7347,1.3189,0.1983,GO_GOAL
141.892,1.7289,1.468,-0.5135,0.4434,3.1657,1.7347,1.3189,0.198,GO_GOAL
141.912,1.7288,1.468,-0.5015,0.4434,3.1657,1.7347,1.3189,0.1977,GO_GOAL
141.932,1.7287,1.4681,-0.4895,0.4434,3.1657,1.7347,1.3189,0.1974,GO_GOAL
141.952,1.7286,1.4681,-0.4775,0.4434,3.1657,1.7347,1.3189,0.197,GO_GOAL
141.972,1.7286,1.4682,-0.4655,0.4434,3.1657,1.7347,1.3189,0.1967,GO_GOAL
141.992,1.7285,1.4683,-0.4535,0.4434,3.1657,1.7347,1.3189,0.1964,GO_GOAL
142.012,1.7284,1.4683,-0.4415,0.4434,3.1657,1.7347,1.3189,0.1961,GO_GOAL
142.032,1.7283,1.4683,-0.4295,0.4434,3.1657,1.7347,1.3189,0.1958,GO_GOAL
142.052,1.7282,1.4684,-0.4175,0.4434,3.1657,1.7347,1.3189,0.1955,GO_GOAL
142.072,1.7281,1.4684,-0.4055,0.4434,3.1657,1.7347,1.3189,0.1952,GO_GOAL
142.092,1.728,1.4685,-0.3935,0.4434,3.1657,1.7347,1.3189,0.1949,GO_GOAL
142.112,1.7279,1.4685,-0.3815,0.4434,3.1657,1.7347,1.3189,0.1946,GO_GOAL
142.132,1.7278,1.4686,-0.3695,0.4434,3.1657,1.7347,1.3189,0.1943,GO_GOAL
142.152,1.7277,1.4686,-0.3575,0.4434,3.1657,1.7347,1.3189,0.1941,GO_GOAL
142.172,1.7276,1.4687,-0.3455,0.4434,3.1657,1.7347,1.3189,0.1938,GO_GOAL
142.192,1.7275,1.4687,-0.3335,0.4434,3.1657,1.7347,1.3189,0.1935,GO_GOAL
142.212,1.7274,1.4687,-0.3215,0.4434,3.1657,1.7347,1.3189,0.1932,GO_GOAL
142.232,1.7273,1.4688,-0.3095,0.4434,3.1657,1.7347,1.3189,0.193,GO_GOAL
142.252,1.7272,1.4688,-0.2975,0.4434,3.1657,1.7347,1.3189,0.1927,GO_GOAL
142.272,1.7271,1.4688,-0.2855,0.4434,3.1657,1.7347,1.3189,0.1924,GO_GOAL
142.292,1.727,1.4689,-0.2735,0.4434,3.1657,1.7347,1.3189,0.1922,GO_GOAL
142.312,1.7269,1.4689,-0.2615,0.4434,3.1657,1.7347,1.3189,0.1919,GO_GOAL
142.332,1.7268,1.4689,-0.2495,0.4434,3.1657,1.7347,1.3189,0.1917,GO_GOAL
142.352,1.7267,1.469,-0.2375,0.4434,3.1657,1.7347,1.3189,0.1914,GO_GOAL
142.372,1.7266,1.469,-0.2255,0.4434,3.1657,1.7347,1.3189,0.1912,GO_GOAL
142.392,1.7265,1.469,-0.2135,0.4434,3.1657,1.7347,1.3189,0.1909,GO_GOAL
142.412,1.7263,1.4691,-0.2013,0.4434,3.1657,1.7347,1.3189,0.1907,GO_GOAL
142.432,1.7265,1.469,-0.1888,0.4435,3.1658,1.7347,1.3189,0.1907,GO_GOAL
142.452,1.7271,1.4689,-0.1759,0.4439,3.1663,1.7347,1.3189,0.1911,GO_GOAL
142.472,1.7277,1.4688,-0.1626,0.4445,3.167,1.7347,1.3189,0.1916,GO_GOAL
142.492,1.7284,1.4687,-0.149,0.4452,3.1677,1.7347,1.3189,0.1922,GO_GOAL
142.512,1.7291,1.4686,-0.135,0.4459,3.1685,1.7374,1.3184,0.1927,GO_GOAL
142.532,1.73,1.4685,-0.1206,0.4476,3.1706,1.7374,1.3184,0.1935,GO_GOAL
142.552,1.7314,1.4684,-0.1059,0.4476,3.1706,1.7374,1.3184,0.1947,GO_GOAL
142.572,1.7329,1.4682,-0.0908,0.4488,3.1722,1.7374,1.3184,0.196,GO_GOAL
142.592,1.7344,1.4681,-0.0754,0.4499,3.1738,1.7374,1.3184,0.1974,GO_GOAL
142.612,1.7358,1.468,-0.0596,0.4511,3.1754,1.747,1.3173,0.1987,GO_GOAL
142.632,1.7375,1.4679,-0.0435,0.4523,3.1772,1.747,1.3173,0.2002,GO_GOAL
142.652,1.7391,1.4679,-0.0271,0.4536,3.1793,1.747,1.3173,0.2018,GO_GOAL
142.672,1.7408,1.4678,-0.0102,0.4548,3.1813,1.747,1.3173,0.2034,GO_GOAL
142.692,1.7425,1.4678,0.0069,0.456,3.1834,1.747,1.3173,0.205,GO_GOAL
142.712,1.7446,1.4679,0.0243,0.4571,3.1856,1.7588,1.317,0.207,GO_GOAL
142.732,1.7468,1.468,0.0421,0.4583,3.1878,1.7588,1.317,0.2091,GO_GOAL
142.752,1.749,1.4681,0.0602,0.4595,3.1902,1.7588,1.317,0.2113,GO_GOAL
142.772,1.7513,1.4682,0.0787,0.4606,3.1927,1.7588,1.317,0.2135,GO_GOAL
142.792,1.7536,1.4684,0.0975,0.4616,3.1951,1.7588,1.317,0.2158,GO_GOAL
142.812,1.7561,1.4687,0.1164,0.4636,3.2002,1.7693,1.3175,0.2184,GO_GOAL
142.832,1.7588,1.4691,0.1351,0.4646,3.2029,1.7693,1.3175,0.2211,GO_GOAL
142.852,1.7615,1.4695,0.1538,0.4646,3.2029,1.7693,1.3175,0.2238,GO_GOAL
142.872,1.7642,1.4699,0.1726,0.4655,3.2056,1.7693,1.3175,0.2265,GO_GOAL
142.892,1.7668,1.4704,0.1913,0.4664,3.2084,1.7693,1.3175,0.2292,GO_GOAL
142.912,1.7696,1.471,0.2098,0.468,3.214,1.7833,1.3194,0.2321,GO_GOAL
142.932,1.7726,1.4717,0.2279,0.4688,3.217,1.7833,1.3194,0.2353,GO_GOAL
142.952,1.7757,1.4724,0.2456,0.4688,3.217,1.7833,1.3194,0.2385,GO_GOAL
142.972,1.7787,1.4732,0.2628,0.4695,3.22,1.7833,1.3194,0.2417,GO_GOAL
142.992,1.7817,1.4741,0.2797,0.4702,3.2231,1.7833,1.3194,0.2448,GO_GOAL
143.012,1.7848,1.475,0.2961,0.4709,3.2261,1.7981,1.3227,0.2481,GO_GOAL
143.032,1.7881,1.4761,0.3121,0.4715,3.2293,1.7981,1.3227,0.2516,GO_GOAL
143.052,1.7914,1.4772,0.3277,0.4721,3.2325,1.7981,1.3227,0.2551,GO_GOAL
143.072,1.7947,1.4783,0.3428,0.4727,3.2358,1.7981,1.3227,0.2586,GO_GOAL
143.092,1.7979,1.4795,0.3576,0.4732,3.2391,1.8136,1.3277,0.262,GO_GOAL
143.112,1.8012,1.4808,0.3718,0.4737,3.2423,1.8136,1.3277,0.2656,GO_GOAL
143.132,1.8047,1.4822,0.3856,0.4742,3.2457,1.8136,1.3277,0.2693,GO_GOAL
143.152,1.8081,1.4836,0.399,0.4746,3.2491,1.8136,1.3277,0.273,GO_GOAL
143.172,1.8115,1.485,0.412,0.475,3.2525,1.8136,1.3277,0.2766,GO_GOAL
143.192,1.8148,1.4865,0.4245,0.4754,3.2559,1.8136,1.3277,0.2802,GO_GOAL
143.212,1.8182,1.4881,0.4365,0.4758,3.2593,1.8294,1.3341,0.2839,GO_GOAL
143.232,1.8217,1.4898,0.4481,0.4761,3.2628,1.8294,1.3341,0.2877,GO_GOAL
143.252,1.8252,1.4914,0.4592,0.4765,3.2663,1.8294,1.3341,0.2915,GO_GOAL
143.272,1.8286,1.4931,0.4699,0.4768,3.2699,1.8294,1.3341,0.2952,GO_GOAL
143.292,1.8319,1.4949,0.4802,0.477,3.2734,1.8294,1.3341,0.2988,GO_GOAL
143.312,1.8354,1.4967,0.4899,0.4773,3.2769,1.8452,1.3416,0.3026,GO_GOAL
143.332,1.8389,1.4986,0.4992,0.4775,3.2804,1.8452,1.3416,0.3064,GO_GOAL
143.352,1.8423,1.5005,0.5081,0.4778,3.284,1.8452,1.3416,0.3102,GO_GOAL
143.372,1.8457,1.5024,0.5165,0.478,3.2876,1.8452,1.3416,0.3139,GO_GOAL
143.392,1.849,1.5043,0.5245,0.4782,3.2911,1.8452,1.3416,0.3176,GO_GOAL
143.412,1.8524,1.5063,0.5319,0.4786,3.2983,1.8608,1.3501,0.3213,GO_GOAL
143.432,1.8558,1.5083,0.539,0.4788,3.3019,1.8608,1.3501,0.325,GO_GOAL
143.452,1.8592,1.5103,0.5455,0.4788,3.3019,1.8608,1.3501,0.3287,GO_GOAL
143.472,1.8625,1.5124,0.5516,0.479,3.3055,1.8608,1.3501,0.3324,GO_GOAL
143.492,1.8658,1.5144,0.5573,0.4791,3.3091,1.8608,1.3501,0.336,GO_GOAL
143.512,1.8691,1.5165,0.5625,0.4793,3.3126,1.8763,1.3593,0.3397,GO_GOAL
143.532,1.8724,1.5186,0.5672,0.4794,3.3162,1.8763,1.3593,0.3433,GO_GOAL
143.552,1.8756,1.5206,0.5714,0.4796,3.3198,1.8763,1.3593,0.3469,GO_GOAL
143.572,1.8789,1.5227,0.5752,0.4798,3.3234,1.8763,1.3593,0.3505,GO_GOAL
143.592,1.8821,1.5248,0.5786,0.4801,3.3306,1.8763,1.3593,0.354,GO_GOAL
143.612,1.8853,1.5269,0.5814,0.4801,3.3306,1.8914,1.3689,0.3575,GO_GOAL
143.632,1.8884,1.529,0.5838,0.4802,3.3342,1.8914,1.3689,0.3611,GO_GOAL
143.652,1.8916,1.5311,0.5857,0.4804,3.3378,1.8914,1.3689,0.3645,GO_GOAL
143.672,1.8947,1.5332,0.5872,0.4805,3.3414,1.8914,1.3689,0.368,GO_GOAL
143.692,1.8978,1.5352,0.5882,0.4808,3.3486,1.9065,1.3788,0.3714,GO_GOAL
143.712,1.9009,1.5373,0.5888,0.4808,3.3486,1.9065,1.3788,0.3748,GO_GOAL
143.732,1.904,1.5393,0.5888,0.481,3.3522,1.9065,1.3788,0.3782,GO_GOAL
143.752,1.907,1.5414,0.5884,0.4813,3.3594,1.9065,1.3788,0.3815,GO_GOAL
143.772,1.91,1.5434,0.5876,0.4813,3.3594,1.9065,1.3788,0.3848,GO_GOAL
143.792,1.913,1.5454,0.5865,0.4817,3.3666,1.9215,1.3887,0.3882,GO_GOAL
143.812,1.916,1.5474,0.5854,0.4819,3.3702,1.9215,1.3887,0.3915,GO_GOAL
143.832,1.919,1.5494,0.5843,0.4819,3.3702,1.9215,1.3887,0.3948,GO_GOAL
143.852,1.9221,1.5513,0.5831,0.4823,3.3773,1.9215,1.3887,0.3981,GO_GOAL
143.872,1.9251,1.5533,0.582,0.4823,3.3773,1.9215,1.3887,0.4014,GO_GOAL
143.892,1.9281,1.5553,0.5809,0.4825,3.3809,1.9215,1.3887,0.4047,GO_GOAL
143.912,1.9311,1.5573,0.5799,0.4827,3.3845,1.9365,1.3986,0.4081,GO_GOAL
143.932,1.9341,1.5593,0.579,0.4829,3.3881,1.9365,1.3986,0.4114,GO_GOAL
143.952,1.9371,1.5612,0.5781,0.4831,3.3917,1.9365,1.3986,0.4147,GO_GOAL
143.972,1.9402,1.5632,0.5772,0.4833,3.3953,1.9365,1.3986,0.4181,GO_GOAL
143.992,1.9432,1.5652,0.5763,0.4837,3.4025,1.9365,1.3986,0.4214,GO_GOAL
144.012,1.9462,1.5671,0.5755,0.4837,3.4025,1.9546,1.4104,0.4248,GO_GOAL
144.032,1.9492,1.5691,0.5748,0.4839,3.4061,1.9546,1.4104,0.4281,GO_GOAL
144.052,1.9523,1.5711,0.5741,0.4841,3.4097,1.9546,1.4104,0.4315,GO_GOAL
144.072,1.9553,1.573,0.5734,0.4844,3.4133,1.9546,1.4104,0.4348,GO_GOAL
144.092,1.9583,1.575,0.5727,0.4846,3.4169,1.9546,1.4104,0.4382,GO_GOAL
144.112,1.9613,1.5769,0.5721,0.4848,3.4204,1.9667,1.4182,0.4416,GO_GOAL
144.132,1.9644,1.5789,0.5715,0.4851,3.424,1.9667,1.4182,0.4449,GO_GOAL
144.152,1.9674,1.5808,0.5709,0.4853,3.4276,1.9667,1.4182,0.4483,GO_GOAL
144.172,1.9704,1.5828,0.5703,0.4855,3.4312,1.9667,1.4182,0.4517,GO_GOAL
144.192,1.9735,1.5847,0.5697,0.4858,3.4348,1.9818,1.428,0.4551,GO_GOAL
144.212,1.9765,1.5867,0.5692,0.486,3.4384,1.9818,1.428,0.4585,GO_GOAL
144.232,1.9795,1.5886,0.5688,0.4862,3.442,1.9818,1.428,0.4618,GO_GOAL
144.252,1.9826,1.5905,0.5683,0.4865,3.4456,1.9818,1.428,0.4652,GO_GOAL
144.272,1.9856,1.5925,0.5678,0.4867,3.4492,1.9818,1.428,0.4686,GO_GOAL
144.292,1.9887,1.5944,0.5673,0.4872,3.4564,1.9818,1.428,0.472,GO_GOAL
144.312,1.9917,1.5963,0.5669,0.4872,3.4564,1.997,1.4376,0.4754,GO_GOAL
144.332,1.9947,1.5983,0.5665,0.4875,3.46,1.997,1.4376,0.4788,GO_GOAL
144.352,1.9978,1.6002,0.5662,0.4877,3.4635,1.997,1.4376,0.4822,GO_GOAL
144.372,2.0008,1.6021,0.5658,0.488,3.4671,1.997,1.4376,0.4856,GO_GOAL
144.392,2.0039,1.6041,0.5654,0.4882,3.4707,1.997,1.4376,0.489,GO_GOAL
144.412,2.0069,1.606,0.5651,0.4885,3.4743,2.0122,1.4473,0.4924,GO_GOAL
144.432,2.0099,1.6079,0.5648,0.4888,3.4779,2.0122,1.4473,0.4958,GO_GOAL
144.452,2.013,1.6099,0.5645,0.489,3.4815,2.0122,1.4473,0.4992,GO_GOAL
144.472,2.016,1.6118,0.5642,0.4893,3.4851,2.0122,1.4473,0.5027,GO_GOAL
144.492,2.0191,1.6137,0.5638,0.4895,3.4887,2.0122,1.4473,0.5061,GO_GOAL
144.512,2.0221,1.6156,0.5636,0.4898,3.4923,2.0274,1.4569,0.5095,GO_GOAL
144.532,2.0252,1.6176,0.5633,0.4901,3.4959,2.0274,1.4569,0.5129,GO_GOAL
144.552,2.0282,1.6195,0.5631,0.4903,3.4994,2.0274,1.4569,0.5163,GO_GOAL
144.572,2.0313,1.6214,0.5629,0.4906,3.503,2.0274,1.4569,0.5197,GO_GOAL
144.592,2.0343,1.6233,0.5626,0.4908,3.5066,2.0274,1.4569,0.5232,GO_GOAL
144.612,2.0373,1.6253,0.5624,0.4911,3.5102,2.0426,1.4665,0.5266,GO_GOAL
144.632,2.0404,1.6272,0.5622,0.4914,3.5138,2.0426,1.4665,0.53,GO_GOAL
144.652,2.0434,1.6291,0.562,0.4916,3.5174,2.0426,1.4665,0.5335,GO_GOAL
144.672,2.0465,1.631,0.5618,0.4919,3.521,2.0426,1.4665,0.5369,GO_GOAL
144.692,2.0495,1.6329,0.5616,0.4922,3.5246,2.0426,1.4665,0.5403,GO_GOAL
144.712,2.0526,1.6348,0.5614,0.4925,3.5282,2.0579,1.4761,0.5438,GO_GOAL
144.732,2.0556,1.6368,0.5613,0.4927,3.5318,2.0579,1.4761,0.5472,GO_GOAL
144.752,2.0587,1.6387,0.5611,0.493,3.5353,2.0579,1.4761,0.5506,GO_GOAL
144.772,2.0617,1.6406,0.561,0.4933,3.5389,2.0579,1.4761,0.5541,GO_GOAL
144.792,2.0648,1.6425,0.5608,0.4935,3.5425,2.0579,1.4761,0.5575,GO_GOAL
144.812,2.0678,1.6444,0.5607,0.4938,3.5461,2.0731,1.4856,0.5609,GO_GOAL
144.832,2.0709,1.6463,0.5606,0.4941,3.5497,2.0731,1.4856,0.5644,GO_GOAL
144.852,2.0739,1.6483,0.5604,0.4944,3.5533,2.0731,1.4856,0.5678,GO_GOAL
144.872,2.077,1.6502,0.5603,0.4946,3.5569,2.0731,1.4856,0.5713,GO_GOAL
144.892,2.08,1.6521,0.5602,0.4949,3.5605,2.0731,1.4856,0.5747,GO_GOAL
144.912,2.0831,1.654,0.5601,0.4952,3.5641,2.0884,1.4952,0.5782,GO_GOAL
144.932,2.0861,1.6559,0.56,0.4955,3.5677,2.0884,1.4952,0.5816,GO_GOAL
144.952,2.0892,1.6578,0.5599,0.4957,3.5712,2.0884,1.4952,0.5851,GO_GOAL
144.972,2.0922,1.6597,0.5598,0.4963,3.5784,2.0884,1.4952,0.5885,GO_GOAL
144.992,2.0953,1.6616,0.5596,0.4963,3.5784,2.0884,1.4952,0.592,GO_GOAL
145.012,2.0983,1.6636,0.5596,0.4966,3.582,2.1036,1.5047,0.5954,GO_GOAL
145.032,2.1014,1.6655,0.5595,0.4968,3.5856,2.1036,1.5047,0.5989,GO_GOAL
145.052,2.1044,1.6674,0.5594,0.4971,3.5892,2.1036,1.5047,0.6024,GO_GOAL
145.072,2.1075,1.6693,0.5593,0.4974,3.5928,2.1036,1.5047,0.6058,GO_GOAL
145.092,2.1105,1.6712,0.5592,0.4977,3.5964,2.1036,1.5047,0.6093,GO_GOAL
145.112,2.1136,1.6731,0.5592,0.498,3.6,2.1189,1.5142,0.6127,GO_GOAL
145.132,2.1167,1.675,0.5591,0.4982,3.6035,2.1189,1.5142,0.6162,GO_GOAL
145.152,2.1197,1.6769,0.559,0.4985,3.6071,2.1189,1.5142,0.6197,GO_GOAL
145.172,2.1228,1.6788,0.559,0.4988,3.6107,2.1189,1.5142,0.6231,GO_GOAL
145.192,2.1258,1.6808,0.5589,0.4991,3.6143,2.1189,1.5142,0.6266,GO_GOAL
145.212,2.1289,1.6827,0.5588,0.4994,3.6179,2.1342,1.5238,0.6301,GO_GOAL
145.232,2.1319,1.6846,0.5588,0.4996,3.6215,2.1342,1.5238,0.6335,GO_GOAL
145.252,2.135,1.6865,0.5587,0.5002,3.6287,2.1342,1.5238,0.637,GO_GOAL
145.272,2.138,1.6884,0.5587,0.5002,3.6287,2.1342,1.5238,0.6405,GO_GOAL
145.292,2.1411,1.6903,0.5586,0.5005,3.6323,2.1342,1.5238,0.6439,GO_GOAL
145.312,2.1441,1.6922,0.5586,0.5008,3.6358,2.1494,1.5333,0.6474,GO_GOAL
145.332,2.1472,1.6941,0.5585,0.501,3.6394,2.1494,1.5333,0.6509,GO_GOAL
145.352,2.1502,1.696,0.5585,0.5013,3.643,2.1494,1.5333,0.6544,GO_GOAL
145.372,2.1533,1.6979,0.5584,0.5016,3.6466,2.1494,1.5333,0.6578,GO_GOAL
145.392,2.1563,1.6998,0.5584,0.5019,3.6502,2.1494,1.5333,0.6613,GO_GOAL
145.412,2.1594,1.7017,0.5584,0.5022,3.6538,2.1647,1.5428,0.6648,GO_GOAL
145.432,2.1624,1.7036,0.5583,0.5024,3.6574,2.1647,1.5428,0.6683,GO_GOAL
145.452,2.1655,1.7056,0.5583,0.5027,3.661,2.1647,1.5428,0.6717,GO_GOAL
145.472,2.1686,1.7075,0.5583,0.503,3.6646,2.1647,1.5428,0.6752,GO_GOAL
145.492,2.1716,1.7094,0.5582,0.5033,3.6681,2.18,1.5523,0.6787,GO_GOAL
145.512,2.1747,1.7113,0.5582,0.5036,3.6717,2.18,1.5523,0.6822,GO_GOAL
145.532,2.1777,1.7132,0.5582,0.5039,3.6753,2.18,1.5523,0.6857,GO_GOAL
145.552,2.1808,1.7151,0.5581,0.5041,3.6789,2.18,1.5523,0.6891,GO_GOAL
145.572,2.1838,1.717,0.5581,0.5047,3.6861,2.18,1.5523,0.6899,GO_GOAL
145.592,2.1869,1.7189,0.5581,0.5047,3.6861,2.18,1.5523,0.688,GO_GOAL
145.612,2.1899,1.7208,0.5581,0.505,3.6897,2.1953,1.5618,0.6861,GO_GOAL
145.632,2.193,1.7227,0.558,0.5053,3.6933,2.1953,1.5618,0.6842,GO_GOAL
145.652,2.196,1.7246,0.558,0.5056,3.6969,2.1953,1.5618,0.6823,GO_GOAL
145.672,2.1991,1.7265,0.558,0.5058,3.7004,2.1953,1.5618,0.6804,GO_GOAL
145.692,2.2021,1.7284,0.558,0.5061,3.704,2.1953,1.5618,0.6785,GO_GOAL
145.712,2.2052,1.7303,0.5579,0.5064,3.7076,2.2106,1.5714,0.6766,GO_GOAL
145.732,2.2083,1.7322,0.5579,0.5067,3.7112,2.2106,1.5714,0.6747,GO_GOAL
145.752,2.2113,1.7342,0.5579,0.507,3.7148,2.2106,1.5714,0.6728,GO_GOAL
145.772,2.2144,1.7361,0.5579,0.5073,3.7184,2.2106,1.5714,0.6709,GO_GOAL
145.792,2.2174,1.738,0.5579,0.5075,3.722,2.2106,1.5714,0.669,GO_GOAL
145.812,2.2205,1.7399,0.5579,0.5078,3.7256,2.2258,1.5809,0.6671,GO_GOAL
145.832,2.2235,1.7418,0.5578,0.5081,3.7292,2.2258,1.5809,0.6652,GO_GOAL
145.852,2.2266,1.7437,0.5578,0.5087,3.7363,2.2258,1.5809,0.6633,GO_GOAL
145.872,2.2296,1.7456,0.5578,0.5087,3.7363,2.2258,1.5809,0.6613,GO_GOAL
145.892,2.2327,1.7475,0.5578,0.509,3.7399,2.2258,1.5809,0.6594,GO_GOAL
145.912,2.2357,1.7494,0.5578,0.5092,3.7435,2.2411,1.5904,0.6575,GO_GOAL
145.932,2.2388,1.7513,0.5578,0.5095,3.7471,2.2411,1.5904,0.6556,GO_GOAL
145.952,2.2419,1.7532,0.5578,0.5098,3.7507,2.2411,1.5904,0.6537,GO_GOAL
145.972,2.2449,1.7551,0.5578,0.5101,3.7543,2.2411,1.5904,0.6518,GO_GOAL
145.992,2.248,1.757,0.5577,0.5104,3.7579,2.2411,1.5904,0.6499,GO_GOAL
146.012,2.251,1.7589,0.5577,0.5107,3.7615,2.2564,1.5999,0.648,GO_GOAL
146.032,2.2541,1.7608,0.5577,0.5109,3.765,2.2564,1.5999,0.6461,GO_GOAL
146.052,2.2571,1.7627,0.5577,0.5112,3.7686,2.2564,1.5999,0.6442,GO_GOAL
146.072,2.2602,1.7646,0.5577,0.5115,3.7722,2.2564,1.5999,0.6423,GO_GOAL
146.092,2.2632,1.7666,0.5577,0.5118,3.7758,2.2564,1.5999,0.6404,GO_GOAL
146.112,2.2663,1.7685,0.5577,0.5121,3.7794,2.2717,1.6094,0.6385,GO_GOAL
146.132,2.2693,1.7704,0.5577,0.5127,3.7866,2.2717,1.6094,0.6366,GO_GOAL
146.152,2.2724,1.7723,0.5577,0.5129,3.7902,2.2717,1.6094,0.6347,GO_GOAL
146.172,2.2755,1.7742,0.5577,0.5129,3.7902,2.2717,1.6094,0.6328,GO_GOAL
146.192,2.2785,1.7761,0.5577,0.5132,3.7938,2.287,1.6189,0.6309,GO_GOAL
146.212,2.2816,1.778,0.5576,0.5135,3.7973,2.287,1.6189,0.629,GO_GOAL
146.232,2.2846,1.7799,0.5576,0.5138,3.8009,2.287,1.6189,0.627,GO_GOAL
146.252,2.2877,1.7818,0.5576,0.5141,3.8045,2.287,1.6189,0.6251,GO_GOAL
146.272,2.2907,1.7837,0.5576,0.5144,3.8081,2.287,1.6189,0.6232,GO_GOAL
146.292,2.2938,1.7856,0.5576,0.5146,3.8117,2.287,1.6189,0.6213,GO_GOAL
146.312,2.2968,1.7875,0.5576,0.5149,3.8153,2.3023,1.6284,0.6194,GO_GOAL
146.332,2.2999,1.7894,0.5576,0.5152,3.8189,2.3023,1.6284,0.6175,GO_GOAL
146.352,2.3029,1.7913,0.5576,0.5155,3.8225,2.3023,1.6284,0.6156,GO_GOAL
146.372,2.306,1.7932,0.5576,0.5158,3.8261,2.3023,1.6284,0.6137,GO_GOAL
146.392,2.3091,1.7951,0.5576,0.5161,3.8296,2.3023,1.6284,0.6118,GO_GOAL
146.412,2.3121,1.797,0.5576,0.5163,3.8332,2.3176,1.6379,0.6099,GO_GOAL
146.432,2.3152,1.7989,0.5576,0.5166,3.8368,2.3176,1.6379,0.608,GO_GOAL
146.452,2.3182,1.8008,0.5576,0.5169,3.8404,2.3176,1.6379,0.6061,GO_GOAL
146.472,2.3213,1.8027,0.5576,0.5175,3.8476,2.3176,1.6379,0.6042,GO_GOAL
146.492,2.3243,1.8047,0.5576,0.5175,3.8476,2.3176,1.6379,0.6023,GO_GOAL
146.512,2.3274,1.8066,0.5576,0.5178,3.8512,2.3328,1.6474,0.6004,GO_GOAL
146.532,2.3304,1.8085,0.5576,0.5181,3.8548,2.3328,1.6474,0.5985,GO_GOAL
146.552,2.3335,1.8104,0.5576,0.5183,3.8584,2.3328,1.6474,0.5966,GO_GOAL
146.572,2.3365,1.8123,0.5576,0.5186,3.8619,2.3328,1.6474,0.5947,GO_GOAL
146.592,2.3396,1.8142,0.5576,0.5189,3.8655,2.3328,1.6474,0.5928,GO_GOAL
146.612,2.3427,1.8161,0.5576,0.5192,3.8691,2.3481,1.6569,0.5908,GO_GOAL
146.632,2.3457,1.818,0.5576,0.5195,3.8727,2.3481,1.6569,0.5889,GO_GOAL
146.652,2.3488,1.8199,0.5576,0.5201,3.8799,2.3481,1.6569,0.587,GO_GOAL
146.672,2.3518,1.8218,0.5575,0.5201,3.8799,2.3481,1.6569,0.5851,GO_GOAL
146.692,2.3549,1.8237,0.5575,0.5203,3.8835,2.3481,1.6569,0.5832,GO_GOAL
146.712,2.3579,1.8256,0.5575,0.5206,3.8871,2.3634,1.6664,0.5813,GO_GOAL
146.732,2.361,1.8275,0.5575,0.5212,3.8942,2.3634,1.6664,0.5794,GO_GOAL
146.752,2.364,1.8294,0.5575,0.5212,3.8942,2.3634,1.6664,0.5775,GO_GOAL
146.772,2.3671,1.8313,0.5575,0.5218,3.9014,2.3634,1.6664,0.5756,GO_GOAL
146.792,2.3702,1.8332,0.5575,0.5218,3.9014,2.3787,1.6759,0.5737,GO_GOAL
146.812,2.3732,1.8351,0.5575,0.522,3.905,2.3787,1.6759,0.5718,GO_GOAL
146.832,2.3763,1.837,0.5575,0.5223,3.9086,2.3787,1.6759,0.5699,GO_GOAL
146.852,2.3793,1.8389,0.5575,0.5226,3.9122,2.3787,1.6759,0.568,GO_GOAL
146.872,2.3824,1.8408,0.5575,0.5229,3.9158,2.3787,1.6759,0.5661,GO_GOAL
146.892,2.3854,1.8427,0.5575,0.5235,3.9229,2.3787,1.6759,0.5642,GO_GOAL
146.912,2.3885,1.8447,0.5575,0.5235,3.9229,2.397,1.6873,0.5623,GO_GOAL
146.932,2.3915,1.8466,0.5575,0.5238,3.9265,2.397,1.6873,0.5604,GO_GOAL
146.952,2.3946,1.8485,0.5575,0.524,3.9301,2.397,1.6873,0.5585,GO_GOAL
146.972,2.3976,1.8504,0.5575,0.5243,3.9337,2.397,1.6873,0.5566,GO_GOAL
146.992,2.4007,1.8523,0.5575,0.5246,3.9373,2.397,1.6873,0.5547,GO_GOAL
147.012,2.4038,1.8542,0.5575,0.5249,3.9409,2.4093,1.6949,0.5528,GO_GOAL
147.032,2.4068,1.8561,0.5575,0.5252,3.9445,2.4093,1.6949,0.5508,GO_GOAL
147.052,2.4099,1.858,0.5575,0.5255,3.9481,2.4093,1.6949,0.5489,GO_GOAL
147.072,2.4129,1.8599,0.5575,0.5257,3.9517,2.4093,1.6949,0.547,GO_GOAL
147.092,2.416,1.8618,0.5575,0.526,3.9552,2.4093,1.6949,0.5451,GO_GOAL
147.112,2.419,1.8637,0.5575,0.5266,3.9624,2.4246,1.7044,0.5432,GO_GOAL
147.132,2.4221,1.8656,0.5575,0.5266,3.9624,2.4246,1.7044,0.5413,GO_GOAL
147.152,2.4251,1.8675,0.5575,0.5269,3.966,2.4246,1.7044,0.5394,GO_GOAL
147.172,2.4282,1.8694,0.5575,0.5272,3.9696,2.4246,1.7044,0.5375,GO_GOAL
147.192,2.4312,1.8713,0.5575,0.5275,3.9732,2.4246,1.7044,0.5356,GO_GOAL
147.212,2.4343,1.8732,0.5575,0.528,3.9804,2.4398,1.7139,0.5337,GO_GOAL
147.232,2.4374,1.8751,0.5575,0.528,3.9804,2.4398,1.7139,0.5318,GO_GOAL
147.252,2.4404,1.877,0.5575,0.5283,3.984,2.4398,1.7139,0.5299,GO_GOAL
147.272,2.4435,1.8789,0.5575,0.5286,3.9875,2.4398,1.7139,0.528,GO_GOAL
147.292,2.4465,1.8808,0.5575,0.5289,3.9911,2.4398,1.7139,0.5261,GO_GOAL
147.312,2.4496,1.8827,0.5575,0.5292,3.9947,2.4551,1.7234,0.5242,GO_GOAL
147.332,2.4526,1.8847,0.5575,0.5297,4.0019,2.4551,1.7234,0.5223,GO_GOAL
147.352,2.4557,1.8866,0.5575,0.5297,4.0019,2.4551,1.7234,0.5204,GO_GOAL
147.372,2.4587,1.8885,0.5575,0.53,4.0055,2.4551,1.7234,0.5185,GO_GOAL
147.392,2.4618,1.8904,0.5575,0.5303,4.0091,2.4551,1.7234,0.5166,GO_GOAL
147.412,2.4649,1.8923,0.5575,0.5306,4.0127,2.4704,1.7329,0.5147,GO_GOAL
147.432,2.4679,1.8942,0.5575,0.5309,4.0163,2.4704,1.7329,0.5128,GO_GOAL
147.452,2.471,1.8961,0.5575,0.5312,4.0198,2.4704,1.7329,0.5108,GO_GOAL
147.472,2.474,1.898,0.5575,0.5314,4.0234,2.4704,1.7329,0.5089,GO_GOAL
147.492,2.4771,1.8999,0.5575,0.5317,4.027,2.4704,1.7329,0.507,GO_GOAL
147.512,2.4801,1.9018,0.5575,0.532,4.0306,2.4857,1.7424,0.5051,GO_GOAL
147.532,2.4832,1.9037,0.5575,0.5323,4.0342,2.4857,1.7424,0.5032,GO_GOAL
147.552,2.4862,1.9056,0.5575,0.5326,4.0378,2.4857,1.7424,0.5013,GO_GOAL
147.572,2.4893,1.9075,0.5575,0.5329,4.0414,2.4857,1.7424,0.4994,GO_GOAL
147.592,2.4923,1.9094,0.5575,0.5332,4.045,2.4857,1.7424,0.4975,GO_GOAL
147.612,2.4954,1.9113,0.5575,0.5334,4.0486,2.501,1.7519,0.4956,GO_GOAL
147.632,2.4985,1.9132,0.5575,0.5337,4.0521,2.501,1.7519,0.4937,GO_GOAL
147.652,2.5015,1.9151,0.5575,0.534,4.0557,2.501,1.7519,0.4918,GO_GOAL
147.672,2.5046,1.917,0.5575,0.5343,4.0593,2.501,1.7519,0.4899,GO_GOAL
147.692,2.5076,1.9189,0.5575,0.5349,4.0665,2.5163,1.7615,0.488,GO_GOAL
147.712,2.5107,1.9208,0.5575,0.5349,4.0665,2.5163,1.7615,0.4861,GO_GOAL
147.732,2.5137,1.9227,0.5575,0.5352,4.0701,2.5163,1.7615,0.4842,GO_GOAL
147.752,2.5168,1.9247,0.5575,0.5354,4.0737,2.5163,1.7615,0.4823,GO_GOAL
147.772,2.5198,1.9266,0.5575,0.5357,4.0773,2.5163,1.7615,0.4804,GO_GOAL
147.792,2.5229,1.9285,0.5575,0.5363,4.0844,2.5316,1.771,0.4785,GO_GOAL
147.812,2.5259,1.9304,0.5575,0.5363,4.0844,2.5316,1.771,0.4766,GO_GOAL
147.832,2.529,1.9323,0.5575,0.5366,4.088,2.5316,1.771,0.4747,GO_GOAL
147.852,2.5321,1.9342,0.5575,0.5369,4.0916,2.5316,1.771,0.4728,GO_GOAL
147.872,2.5351,1.9361,0.5575,0.5371,4.0952,2.5316,1.771,0.4709,GO_GOAL
147.892,2.5382,1.938,0.5575,0.5374,4.0988,2.5316,1.771,0.4689,GO_GOAL
147.912,2.5412,1.9399,0.5575,0.5377,4.1024,2.5469,1.7805,0.467,GO_GOAL
147.932,2.5443,1.9418,0.5575,0.538,4.106,2.5469,1.7805,0.4651,GO_GOAL
147.952,2.5473,1.9437,0.5575,0.5386,4.1132,2.5469,1.7805,0.4632,GO_GOAL
147.972,2.5504,1.9456,0.5575,0.5386,4.1132,2.5469,1.7805,0.4613,GO_GOAL
147.992,2.5534,1.9475,0.5575,0.5389,4.1167,2.5469,1.7805,0.4594,GO_GOAL
148.012,2.5565,1.9494,0.5575,0.5391,4.1203,2.5621,1.79,0.4575,GO_GOAL
148.032,2.5596,1.9513,0.5575,0.5394,4.1239,2.5621,1.79,0.4556,GO_GOAL
148.052,2.5626,1.9532,0.5575,0.5397,4.1275,2.5621,1.79,0.4537,GO_GOAL
148.072,2.5657,1.9551,0.5575,0.54,4.1311,2.5621,1.79,0.4518,GO_GOAL
148.092,2.5687,1.957,0.5575,0.5403,4.1347,2.5621,1.79,0.4499,GO_GOAL
148.112,2.5718,1.9589,0.5575,0.5406,4.1383,2.5774,1.7995,0.448,GO_GOAL
148.132,2.5748,1.9608,0.5575,0.5409,4.1419,2.5774,1.7995,0.4461,GO_GOAL
148.152,2.5779,1.9627,0.5575,0.5411,4.1454,2.5774,1.7995,0.4442,GO_GOAL
148.172,2.5809,1.9646,0.5575,0.5414,4.149,2.5774,1.7995,0.4423,GO_GOAL
148.192,2.584,1.9666,0.5575,0.5417,4.1526,2.5774,1.7995,0.4404,GO_GOAL
148.212,2.587,1.9685,0.5575,0.5423,4.1598,2.5927,1.809,0.4385,GO_GOAL
148.232,2.5901,1.9704,0.5575,0.5423,4.1598,2.5927,1.809,0.4366,GO_GOAL
148.252,2.5932,1.9723,0.5575,0.5426,4.1634,2.5927,1.809,0.4347,GO_GOAL
148.272,2.5962,1.9742,0.5575,0.5428,4.167,2.5927,1.809,0.4328,GO_GOAL
148.292,2.5993,1.9761,0.5575,0.5431,4.1706,2.5927,1.809,0.4309,GO_GOAL
148.312,2.6023,1.978,0.5575,0.5434,4.1742,2.608,1.8185,0.4289,GO_GOAL
148.332,2.6054,1.9799,0.5575,0.5437,4.1777,2.608,1.8185,0.427,GO_GOAL
148.352,2.6084,1.9818,0.5575,0.544,4.1813,2.608,1.8185,0.4251,GO_GOAL
148.372,2.6115,1.9837,0.5575,0.5446,4.1885,2.608,1.8185,0.4232,GO_GOAL
148.392,2.6145,1.9856,0.5575,0.5446,4.1885,2.608,1.8185,0.4213,GO_GOAL
148.412,2.6176,1.9875,0.5575,0.5448,4.1921,2.6233,1.828,0.4194,GO_GOAL
148.432,2.6207,1.9894,0.5575,0.5451,4.1957,2.6233,1.828,0.4175,GO_GOAL
148.452,2.6237,1.9913,0.5575,0.5454,4.1993,2.6233,1.828,0.4156,GO_GOAL
148.472,2.6268,1.9932,0.5575,0.5457,4.2029,2.6233,1.828,0.4137,GO_GOAL
148.492,2.6298,1.9951,0.5575,0.546,4.2065,2.6233,1.828,0.4118,GO_GOAL
148.512,2.6329,1.997,0.5575,0.5463,4.21,2.6386,1.8375,0.4099,GO_GOAL
148.532,2.6359,1.9989,0.5575,0.5466,4.2136,2.6386,1.8375,0.408,GO_GOAL
148.552,2.639,2.0008,0.5575,0.5468,4.2172,2.6386,1.8375,0.4061,GO_GOAL
148.572,2.642,2.0027,0.5575,0.5471,4.2208,2.6386,1.8375,0.4042,GO_GOAL
148.592,2.6451,2.0046,0.5575,0.5474,4.2244,2.6386,1.8375,0.4023,GO_GOAL
148.612,2.6481,2.0066,0.5575,0.5477,4.228,2.6539,1.847,0.4004,GO_GOAL
148.632,2.6512,2.0085,0.5575,0.548,4.2316,2.6539,1.847,0.3985,GO_GOAL
148.652,2.6543,2.0104,0.5575,0.5483,4.2352,2.6539,1.847,0.3966,GO_GOAL
148.672,2.6573,2.0123,0.5575,0.5485,4.2388,2.6539,1.847,0.3947,GO_GOAL
148.692,2.6604,2.0142,0.5575,0.5488,4.2423,2.6539,1.847,0.3928,GO_GOAL
148.712,2.6634,2.0161,0.5575,0.5491,4.2459,2.6691,1.8565,0.3909,GO_GOAL
148.732,2.6665,2.018,0.5575,0.5494,4.2495,2.6691,1.8565,0.389,GO_GOAL
148.752,2.6695,2.0199,0.5575,0.5497,4.2531,2.6691,1.8565,0.387,GO_GOAL
148.772,2.6726,2.0218,0.5575,0.55,4.2567,2.6691,1.8565,0.3851,GO_GOAL
148.792,2.6756,2.0237,0.5575,0.5503,4.2603,2.6691,1.8565,0.3832,GO_GOAL
148.812,2.6787,2.0256,0.5575,0.5505,4.2639,2.6844,1.866,0.3813,GO_GOAL
148.832,2.6817,2.0275,0.5575,0.5508,4.2675,2.6844,1.866,0.3794,GO_GOAL
148.852,2.6848,2.0294,0.5575,0.5511,4.2711,2.6844,1.866,0.3775,GO_GOAL
148.872,2.6879,2.0313,0.5575,0.5514,4.2746,2.6844,1.866,0.3756,GO_GOAL
148.892,2.6909,2.0332,0.5575,0.5517,4.2782,2.6844,1.866,0.3737,GO_GOAL
148.912,2.694,2.0351,0.5575,0.552,4.2818,2.6997,1.8755,0.3718,GO_GOAL
148.932,2.697,2.037,0.5575,0.5523,4.2854,2.6997,1.8755,0.3699,GO_GOAL
148.952,2.7001,2.0389,0.5575,0.5525,4.289,2.6997,1.8755,0.368,GO_GOAL
148.972,2.7031,2.0408,0.5575,0.5528,4.2926,2.6997,1.8755,0.3661,GO_GOAL
148.992,2.7062,2.0427,0.5575,0.5534,4.2998,2.6997,1.8755,0.3642,GO_GOAL
149.012,2.7091,2.0446,0.5575,0.5534,4.2998,2.715,1.885,0.3624,GO_GOAL
149.032,2.712,2.0464,0.5575,0.5537,4.3032,2.715,1.885,0.3606,GO_GOAL
149.052,2.7149,2.0482,0.5575,0.5539,4.3066,2.715,1.885,0.3588,GO_GOAL
149.072,2.7178,2.05,0.5575,0.5542,4.31,2.715,1.885,0.357,GO_GOAL
149.092,2.7207,2.0518,0.5575,0.5547,4.3168,2.715,1.885,0.3551,GO_GOAL
149.112,2.7224,2.0527,0.5575,0.5547,4.3168,2.715,1.885,0.3542,GO_GOAL
149.132,2.7236,2.0535,0.5575,0.5549,4.3184,2.715,1.885,0.3534,GO_GOAL
149.152,2.7248,2.0543,0.5575,0.555,4.3198,2.7326,1.8959,0.3527,REACHED
149.172,2.726,2.055,0.5575,0.5551,4.3212,2.7326,1.8959,0.3519,REACHED
149.192,2.7272,2.0558,0.5575,0.5552,4.3226,2.7326,1.8959,0.3512,REACHED
149.212,2.7275,2.0559,0.5575,0.5553,4.3242,2.7388,1.8998,0.351,REACHED
149.232,2.7275,2.0559,0.5575,0.5553,4.3242,2.7388,1.8998,0.351,REACHED
149.252,2.7275,2.0559,0.5575,0.5553,4.3242,2.7388,1.8998,0.351,REACHED
149.272,2.7275,2.0559,0.5575,0.5553,4.3242,2.7388,1.8998,0.351,REACHED
