t,x,y,yaw,odom_x,odom_y,est_x,est_y,clearance,state
0.02,-2.9046,-1.8162,-0.2837,-2.902,-1.817,-2.902,-1.817,0.4547,GO_GOAL
0.04,-2.9049,-1.8161,-0.2829,-2.902,-1.817,-2.902,-1.817,0.4544,GO_GOAL
0.06,-2.9051,-1.8161,-0.2816,-2.902,-1.817,-2.902,-1.817,0.4542,GO_GOAL
0.08,-2.9053,-1.816,-0.2797,-2.902,-1.817,-2.902,-1.817,0.454,GO_GOAL
0.1,-2.9054,-1.816,-0.2773,-2.902,-1.817,-2.902,-1.817,0.4538,GO_GOAL
0.12,-2.9057,-1.8159,-0.2744,-2.902,-1.817,-2.902,-1.817,0.4535,GO_GOAL
0.14,-2.9061,-1.8158,-0.2709,-2.902,-1.817,-2.902,-1.817,0.453,GO_GOAL
0.16,-2.9065,-1.8157,-0.2669,-2.902,-1.817,-2.902,-1.817,0.4526,GO_GOAL
0.18,-2.9068,-1.8155,-0.2626,-2.902,-1.817,-2.902,-1.817,0.4523,GO_GOAL
0.2,-2.9071,-1.8154,-0.2582,-2.902,-1.817,-2.902,-1.817,0.452,GO_GOAL
0.22,-2.9074,-1.8153,-0.2539,-2.902,-1.817,-2.902,-1.817,0.4516,GO_GOAL
0.24,-2.9078,-1.8152,-0.2496,-2.902,-1.817,-2.902,-1.817,0.4512,GO_GOAL
0.26,-2.9081,-1.815,-0.2452,-2.902,-1.817,-2.902,-1.817,0.4509,GO_GOAL
0.28,-2.9084,-1.8149,-0.2409,-2.902,-1.817,-2.902,-1.817,0.4505,GO_GOAL
0.3,-2.9088,-1.8147,-0.2366,-2.902,-1.817,-2.902,-1.817,0.4501,GO_GOAL
0.32,-2.9091,-1.8146,-0.2322,-2.902,-1.817,-2.902,-1.817,0.4497,GO_GOAL
0.34,-2.9093,-1.8146,-0.2277,-2.902,-1.817,-2.902,-1.817,0.4496,GO_GOAL
0.36,-2.9092,-1.8145,-0.2227,-2.902,-1.817,-2.902,-1.817,0.4496,GO_GOAL
0.38,-2.9096,-1.8144,-0.2171,-2.902,-1.817,-2.902,-1.817,0.4492,GO_GOAL
0.4,-2.9101,-1.8143,-0.211,-2.902,-1.817,-2.902,-1.817,0.4486,GO_GOAL
0.42,-2.9106,-1.8141,-0.2043,-2.902,-1.817,-2.902,-1.817,0.4481,GO_GOAL
0.44,-2.9108,-1.8141,-0.1972,-2.9018,-1.817,-2.902,-1.817,0.4478,GO_GOAL
0.46,-2.9106,-1.8141,-0.1896,-2.9012,-1.8171,-2.902,-1.817,0.448,GO_GOAL
0.48,-2.9103,-1.8142,-0.1815,-2.9003,-1.8171,-2.902,-1.817,0.4482,GO_GOAL
0.5,-2.91,-1.8143,-0.1729,-2.8983,-1.8172,-2.902,-1.817,0.4485,GO_GOAL
0.518,-2.9096,-1.8143,-0.1637,-2.8983,-1.8172,-2.8984,-1.8177,0.4488,GO_GOAL
0.54,-2.909,-1.8144,-0.1542,-2.8971,-1.8172,-2.8984,-1.8177,0.4494,GO_GOAL
0.558,-2.908,-1.8146,-0.1441,-2.8955,-1.8172,-2.8984,-1.8177,0.4504,GO_GOAL
0.58,-2.9069,-1.8147,-0.1336,-2.8936,-1.8172,-2.8984,-1.8177,0.4514,GO_GOAL
0.6,-2.9057,-1.8149,-0.1226,-2.8917,-1.8171,-2.8984,-1.8177,0.4525,GO_GOAL
0.62,-2.9047,-1.815,-0.1111,-2.8876,-1.8168,-2.8918,-1.8187,0.4535,GO_GOAL
0.64,-2.9037,-1.8151,-0.0991,-2.8876,-1.8168,-2.8918,-1.8187,0.4545,GO_GOAL
0.66,-2.9026,-1.8152,-0.0867,-2.8855,-1.8166,-2.8918,-1.8187,0.4555,GO_GOAL
0.68,-2.9015,-1.8153,-0.0738,-2.8814,-1.8159,-2.8918,-1.8187,0.4566,GO_GOAL
0.7,-2.9004,-1.8153,-0.0604,-2.8793,-1.8156,-2.8918,-1.8187,0.4577,GO_GOAL
0.72,-2.8992,-1.8154,-0.0466,-2.8771,-1.8151,-2.8815,-1.8197,0.4588,GO_GOAL
0.74,-2.8979,-1.8155,-0.0324,-2.8771,-1.8151,-2.8815,-1.8197,0.4601,GO_GOAL
0.76,-2.8967,-1.8155,-0.0177,-2.8726,-1.814,-2.8815,-1.8197,0.4614,GO_GOAL
0.78,-2.8953,-1.8155,-0.0027,-2.8726,-1.814,-2.8815,-1.8197,0.4627,GO_GOAL
0.8,-2.8939,-1.8155,0.0128,-2.8704,-1.8133,-2.8815,-1.8197,0.4641,GO_GOAL
0.82,-2.8922,-1.8155,0.0287,-2.8659,-1.8118,-2.8702,-1.8201,0.4658,GO_GOAL
0.84,-2.8904,-1.8154,0.045,-2.8659,-1.8118,-2.8702,-1.8201,0.4677,GO_GOAL
0.86,-2.8886,-1.8152,0.0616,-2.8635,-1.8109,-2.8702,-1.8201,0.4694,GO_GOAL
0.88,-2.8871,-1.815,0.0782,-2.8611,-1.81,-2.8702,-1.8201,0.471,GO_GOAL
0.9,-2.8855,-1.8148,0.0949,-2.8565,-1.808,-2.8702,-1.8201,0.4727,GO_GOAL
0.92,-2.8839,-1.8146,0.1115,-2.8565,-1.808,-2.8553,-1.8193,0.4743,GO_GOAL
0.94,-2.8824,-1.8144,0.1281,-2.854,-1.8068,-2.8553,-1.8193,0.4759,GO_GOAL
0.96,-2.8809,-1.8141,0.1448,-2.8515,-1.8055,-2.8553,-1.8193,0.4775,GO_GOAL
0.98,-2.8794,-1.8139,0.1614,-2.849,-1.8042,-2.8553,-1.8193,0.4791,GO_GOAL
1.0,-2.8778,-1.8137,0.178,-2.8465,-1.8028,-2.8553,-1.8193,0.4807,GO_GOAL
1.02,-2.8751,-1.8132,0.1945,-2.844,-1.8014,-2.8442,-1.8178,0.4836,GO_GOAL
1.04,-2.8722,-1.8126,0.211,-2.8415,-1.7999,-2.8442,-1.8178,0.4865,GO_GOAL
1.06,-2.8693,-1.812,0.2275,-2.8389,-1.7983,-2.8442,-1.8178,0.4895,GO_GOAL
1.08,-2.8665,-1.8113,0.244,-2.8364,-1.7966,-2.8442,-1.8178,0.4924,GO_GOAL
1.1,-2.8637,-1.8106,0.2604,-2.8338,-1.7949,-2.8442,-1.8178,0.4953,GO_GOAL
1.12,-2.8608,-1.8097,0.2765,-2.8314,-1.7932,-2.8296,-1.8147,0.4984,GO_GOAL
1.14,-2.8576,-1.8088,0.2921,-2.8288,-1.7914,-2.8296,-1.8147,0.5017,GO_GOAL
1.16,-2.8545,-1.8078,0.3072,-2.8262,-1.7894,-2.8296,-1.8147,0.505,GO_GOAL
1.18,-2.8515,-1.8068,0.3217,-2.8211,-1.7855,-2.8296,-1.8147,0.5082,GO_GOAL
1.2,-2.8485,-1.8058,0.3356,-2.8211,-1.7855,-2.8296,-1.8147,0.5113,GO_GOAL
1.22,-2.8453,-1.8047,0.349,-2.8186,-1.7835,-2.8144,-1.8101,0.5146,GO_GOAL
1.24,-2.8421,-1.8034,0.3618,-2.816,-1.7814,-2.8144,-1.8101,0.518,GO_GOAL
1.26,-2.8388,-1.8022,0.3741,-2.8108,-1.777,-2.8144,-1.8101,0.5214,GO_GOAL
1.28,-2.8357,-1.8009,0.3858,-2.8082,-1.7748,-2.8144,-1.8101,0.5247,GO_GOAL
1.3,-2.8325,-1.7997,0.397,-2.8082,-1.7748,-2.8144,-1.8101,0.5279,GO_GOAL
1.32,-2.8293,-1.7983,0.4075,-2.8057,-1.7726,-2.7988,-1.8042,0.5313,GO_GOAL
1.34,-2.826,-1.7968,0.4175,-2.8032,-1.7702,-2.7988,-1.8042,0.5347,GO_GOAL
1.36,-2.8228,-1.7954,0.427,-2.8006,-1.7679,-2.7988,-1.8042,0.5381,GO_GOAL
1.38,-2.8196,-1.7939,0.4359,-2.7981,-1.7655,-2.7988,-1.8042,0.5414,GO_GOAL
1.4,-2.8165,-1.7924,0.4442,-2.7955,-1.7631,-2.7988,-1.8042,0.5446,GO_GOAL
1.42,-2.8132,-1.7909,0.452,-2.793,-1.7607,-2.7798,-1.7957,0.548,GO_GOAL
1.44,-2.81,-1.7893,0.4591,-2.7905,-1.7583,-2.7798,-1.7957,0.5513,GO_GOAL
1.46,-2.8068,-1.7877,0.4658,-2.788,-1.7558,-2.7798,-1.7957,0.5546,GO_GOAL
1.48,-2.8037,-1.7861,0.4719,-2.7855,-1.7533,-2.7798,-1.7957,0.5578,GO_GOAL
1.5,-2.8007,-1.7848,0.4779,-2.783,-1.7508,-2.7798,-1.7957,0.5609,GO_GOAL
1.52,-2.7978,-1.7834,0.4838,-2.7805,-1.7483,-2.7672,-1.7894,0.5639,GO_GOAL
1.54,-2.7948,-1.7821,0.4898,-2.778,-1.7457,-2.7672,-1.7894,0.5669,GO_GOAL
1.56,-2.7919,-1.7808,0.4958,-2.7755,-1.7432,-2.7672,-1.7894,0.57,GO_GOAL
1.58,-2.789,-1.7795,0.5018,-2.773,-1.7406,-2.7672,-1.7894,0.573,GO_GOAL
1.6,-2.786,-1.7781,0.5077,-2.7681,-1.7354,-2.7672,-1.7894,0.576,GO_GOAL
1.62,-2.7829,-1.7765,0.5137,-2.7681,-1.7354,-2.7483,-1.7794,0.5792,GO_GOAL
1.64,-2.7799,-1.7748,0.5195,-2.7657,-1.7328,-2.7483,-1.7794,0.5823,GO_GOAL
1.66,-2.7767,-1.773,0.5248,-2.7632,-1.7302,-2.7483,-1.7794,0.5856,GO_GOAL
1.68,-2.7735,-1.7711,0.5295,-2.7608,-1.7276,-2.7483,-1.7794,0.5888,GO_GOAL
1.7,-2.7704,-1.7693,0.5336,-2.7583,-1.7249,-2.7483,-1.7794,0.5921,GO_GOAL
1.72,-2.7672,-1.7674,0.5371,-2.7535,-1.7196,-2.7359,-1.7722,0.5953,GO_GOAL
1.74,-2.764,-1.7655,0.54,-2.7535,-1.7196,-2.7359,-1.7722,0.5985,GO_GOAL
1.76,-2.7609,-1.7636,0.5423,-2.7511,-1.717,-2.7359,-1.7722,0.6017,GO_GOAL
1.78,-2.7579,-1.7618,0.5442,-2.7487,-1.7143,-2.7359,-1.7722,0.6048,GO_GOAL
1.8,-2.7548,-1.7599,0.5459,-2.7462,-1.7117,-2.7359,-1.7722,0.6078,GO_GOAL
1.82,-2.7517,-1.7581,0.5474,-2.7438,-1.709,-2.7205,-1.763,0.6109,GO_GOAL
1.84,-2.7487,-1.7562,0.5486,-2.7414,-1.7063,-2.7205,-1.763,0.614,GO_GOAL
1.86,-2.7456,-1.7543,0.5498,-2.7366,-1.701,-2.7205,-1.763,0.6171,GO_GOAL
1.88,-2.7426,-1.7524,0.5509,-2.7366,-1.701,-2.7205,-1.763,0.6202,GO_GOAL
1.9,-2.7395,-1.7506,0.5521,-2.7342,-1.6983,-2.7205,-1.763,0.6227,GO_GOAL
1.92,-2.7364,-1.7487,0.5531,-2.7294,-1.6929,-2.7052,-1.7536,0.6245,GO_GOAL
1.94,-2.7334,-1.7468,0.554,-2.7271,-1.6902,-2.7052,-1.7536,0.6264,GO_GOAL
1.96,-2.7304,-1.7449,0.5549,-2.7247,-1.6875,-2.7052,-1.7536,0.6282,GO_GOAL
1.98,-2.7273,-1.743,0.5558,-2.7247,-1.6875,-2.7052,-1.7536,0.6301,GO_GOAL
2.0,-2.7243,-1.7411,0.5567,-2.7223,-1.6848,-2.6899,-1.7442,0.632,GO_GOAL
2.02,-2.7212,-1.7392,0.5574,-2.7199,-1.6821,-2.6899,-1.7442,0.6338,GO_GOAL
2.04,-2.7182,-1.7373,0.5581,-2.7175,-1.6794,-2.6899,-1.7442,0.6357,GO_GOAL
2.06,-2.7151,-1.7354,0.5588,-2.7152,-1.6767,-2.6899,-1.7442,0.6376,GO_GOAL
2.08,-2.7121,-1.7337,0.5595,-2.7128,-1.674,-2.6899,-1.7442,0.6394,GO_GOAL
2.1,-2.7091,-1.7319,0.5603,-2.708,-1.6686,-2.6746,-1.7346,0.6411,GO_GOAL
2.12,-2.7061,-1.7301,0.561,-2.708,-1.6686,-2.6746,-1.7346,0.6429,GO_GOAL
2.14,-2.703,-1.7283,0.5617,-2.7057,-1.6659,-2.6746,-1.7346,0.6446,GO_GOAL
2.16,-2.7,-1.7266,0.5624,-2.7033,-1.6632,-2.6746,-1.7346,0.6464,GO_GOAL
2.18,-2.697,-1.7248,0.5631,-2.7009,-1.6605,-2.6746,-1.7346,0.6481,GO_GOAL
2.2,-2.694,-1.7229,0.5638,-2.6962,-1.6551,-2.6746,-1.7346,0.65,GO_GOAL
2.22,-2.6909,-1.721,0.5642,-2.6938,-1.6524,-2.6563,-1.7231,0.6519,GO_GOAL
2.24,-2.6879,-1.719,0.5646,-2.6938,-1.6524,-2.6563,-1.7231,0.6538,GO_GOAL
2.26,-2.6848,-1.7171,0.565,-2.6915,-1.6496,-2.6563,-1.7231,0.6558,GO_GOAL
2.28,-2.6818,-1.7152,0.5654,-2.6891,-1.6469,-2.6563,-1.7231,0.6577,GO_GOAL
2.3,-2.6788,-1.7132,0.5658,-2.6867,-1.6442,-2.6563,-1.7231,0.6596,GO_GOAL
2.32,-2.6757,-1.7113,0.5661,-2.6844,-1.6415,-2.6442,-1.7154,0.6615,GO_GOAL
2.34,-2.6727,-1.7094,0.5664,-2.6797,-1.636,-2.6442,-1.7154,0.6635,GO_GOAL
2.36,-2.6696,-1.7074,0.5667,-2.6797,-1.636,-2.6442,-1.7154,0.6654,GO_GOAL
2.38,-2.6666,-1.7055,0.5671,-2.6773,-1.6333,-2.6442,-1.7154,0.6673,GO_GOAL
2.4,-2.6636,-1.7036,0.5674,-2.6726,-1.6279,-2.629,-1.7058,0.6692,GO_GOAL
2.42,-2.6605,-1.7016,0.5677,-2.6726,-1.6279,-2.629,-1.7058,0.6711,GO_GOAL
2.44,-2.6575,-1.6997,0.5679,-2.6702,-1.6252,-2.629,-1.7058,0.6731,GO_GOAL
2.46,-2.6545,-1.6978,0.5682,-2.6679,-1.6224,-2.629,-1.7058,0.675,GO_GOAL
2.48,-2.6514,-1.6958,0.5684,-2.6655,-1.6197,-2.629,-1.7058,0.6769,GO_GOAL
2.5,-2.6484,-1.6939,0.5687,-2.6632,-1.617,-2.629,-1.7058,0.6789,GO_GOAL
2.52,-2.6454,-1.692,0.5689,-2.6608,-1.6143,-2.6138,-1.6961,0.6808,GO_GOAL
2.54,-2.6424,-1.69,0.5691,-2.6561,-1.6088,-2.6138,-1.6961,0.6827,GO_GOAL
2.56,-2.6393,-1.6881,0.5693,-2.6561,-1.6088,-2.6138,-1.6961,0.6846,GO_GOAL
2.58,-2.6363,-1.6862,0.5695,-2.6538,-1.6061,-2.6138,-1.6961,0.6866,GO_GOAL
2.6,-2.6333,-1.6842,0.5697,-2.6514,-1.6033,-2.5986,-1.6864,0.6885,GO_GOAL
2.62,-2.6303,-1.6823,0.5699,-2.6491,-1.6006,-2.5986,-1.6864,0.6904,GO_GOAL
2.64,-2.6273,-1.6804,0.57,-2.6467,-1.5979,-2.5986,-1.6864,0.6923,GO_GOAL
2.66,-2.6243,-1.6785,0.5702,-2.642,-1.5924,-2.5986,-1.6864,0.6942,GO_GOAL
2.68,-2.6213,-1.6766,0.5703,-2.6397,-1.5897,-2.5986,-1.6864,0.6961,GO_GOAL
2.7,-2.6183,-1.6747,0.5705,-2.6397,-1.5897,-2.5986,-1.6864,0.698,GO_GOAL
2.72,-2.6153,-1.6728,0.5707,-2.6374,-1.587,-2.5835,-1.6767,0.6999,GO_GOAL
2.74,-2.6123,-1.6709,0.5708,-2.6327,-1.5815,-2.5835,-1.6767,0.7018,GO_GOAL
2.76,-2.6092,-1.669,0.571,-2.6327,-1.5815,-2.5835,-1.6767,0.7037,GO_GOAL
2.78,-2.6062,-1.667,0.5711,-2.628,-1.576,-2.5835,-1.6767,0.7057,GO_GOAL
2.8,-2.6032,-1.6651,0.5712,-2.628,-1.576,-2.5835,-1.6767,0.7076,GO_GOAL
2.82,-2.6001,-1.6631,0.5713,-2.6256,-1.5733,-2.5683,-1.6669,0.7096,GO_GOAL
2.84,-2.5971,-1.6612,0.5714,-2.6233,-1.5706,-2.5683,-1.6669,0.7115,GO_GOAL
2.86,-2.5941,-1.6592,0.5715,-2.6209,-1.5679,-2.5683,-1.6669,0.7135,GO_GOAL
2.88,-2.591,-1.6573,0.5716,-2.6186,-1.5651,-2.5683,-1.6669,0.7154,GO_GOAL
2.9,-2.588,-1.6553,0.5717,-2.6162,-1.5624,-2.5683,-1.6669,0.7174,GO_GOAL
2.92,-2.585,-1.6534,0.5718,-2.6139,-1.5597,-2.5532,-1.6572,0.7193,GO_GOAL
2.94,-2.582,-1.6514,0.5719,-2.6092,-1.5542,-2.5532,-1.6572,0.7213,GO_GOAL
2.96,-2.5789,-1.6495,0.5719,-2.6092,-1.5542,-2.5532,-1.6572,0.7232,GO_GOAL
2.98,-2.5759,-1.6475,0.572,-2.6069,-1.5515,-2.5532,-1.6572,0.7252,GO_GOAL
3.0,-2.5729,-1.6456,0.5721,-2.6045,-1.5487,-2.5532,-1.6572,0.7271,GO_GOAL
3.02,-2.5699,-1.6436,0.5722,-2.6022,-1.546,-2.538,-1.6475,0.729,GO_GOAL
3.04,-2.5668,-1.6417,0.5722,-2.5999,-1.5433,-2.538,-1.6475,0.731,GO_GOAL
3.06,-2.5638,-1.6397,0.5723,-2.5975,-1.5405,-2.538,-1.6475,0.7329,GO_GOAL
3.08,-2.5608,-1.6378,0.5723,-2.5952,-1.5378,-2.538,-1.6475,0.7349,GO_GOAL
3.1,-2.5578,-1.6358,0.5724,-2.5905,-1.5323,-2.538,-1.6475,0.7368,GO_GOAL
3.12,-2.5548,-1.6339,0.5725,-2.5905,-1.5323,-2.5229,-1.6377,0.7388,GO_GOAL
3.14,-2.5518,-1.632,0.5725,-2.5881,-1.5296,-2.5229,-1.6377,0.7407,GO_GOAL
3.16,-2.5487,-1.63,0.5725,-2.5858,-1.5268,-2.5229,-1.6377,0.7426,GO_GOAL
3.18,-2.5457,-1.6281,0.5726,-2.5835,-1.5241,-2.5229,-1.6377,0.7446,GO_GOAL
3.2,-2.5428,-1.6262,0.5726,-2.5811,-1.5214,-2.5229,-1.6377,0.7465,GO_GOAL
3.22,-2.5398,-1.6243,0.5727,-2.5788,-1.5186,-2.5048,-1.626,0.7484,GO_GOAL
3.24,-2.5368,-1.6223,0.5727,-2.5764,-1.5159,-2.5048,-1.626,0.7503,GO_GOAL
3.26,-2.5338,-1.6204,0.5728,-2.5718,-1.5104,-2.5048,-1.626,0.7522,GO_GOAL
3.28,-2.5308,-1.6185,0.5728,-2.5718,-1.5104,-2.5048,-1.626,0.7542,GO_GOAL
3.3,-2.5277,-1.6165,0.5729,-2.5694,-1.5077,-2.5048,-1.626,0.7562,GO_GOAL
3.32,-2.5247,-1.6145,0.5729,-2.5671,-1.505,-2.4927,-1.6182,0.7581,GO_GOAL
3.34,-2.5217,-1.6126,0.5729,-2.5647,-1.5022,-2.4927,-1.6182,0.7601,GO_GOAL
3.36,-2.5186,-1.6106,0.5729,-2.5624,-1.4995,-2.4927,-1.6182,0.762,GO_GOAL
3.38,-2.5156,-1.6087,0.573,-2.5601,-1.4968,-2.4927,-1.6182,0.764,GO_GOAL
3.4,-2.5126,-1.6067,0.573,-2.5577,-1.494,-2.4927,-1.6182,0.7659,GO_GOAL
3.42,-2.5096,-1.6048,0.573,-2.5554,-1.4913,-2.4775,-1.6085,0.7679,GO_GOAL
3.44,-2.5065,-1.6028,0.5731,-2.5507,-1.4858,-2.4775,-1.6085,0.7698,GO_GOAL
3.46,-2.5035,-1.6009,0.5731,-2.5507,-1.4858,-2.4775,-1.6085,0.7718,GO_GOAL
3.48,-2.5005,-1.5989,0.5731,-2.5484,-1.4831,-2.4775,-1.6085,0.7737,GO_GOAL
3.5,-2.4975,-1.597,0.5731,-2.5437,-1.4776,-2.4624,-1.5987,0.7757,GO_GOAL
3.52,-2.4944,-1.595,0.5731,-2.5437,-1.4776,-2.4624,-1.5987,0.7776,GO_GOAL
3.54,-2.4914,-1.5931,0.5732,-2.5413,-1.4749,-2.4624,-1.5987,0.7796,GO_GOAL
3.562,-2.4884,-1.5911,0.5732,-2.5367,-1.4694,-2.4624,-1.5987,0.7815,GO_GOAL
3.58,-2.4854,-1.5892,0.5732,-2.5367,-1.4694,-2.4624,-1.5987,0.7835,GO_GOAL
3.6,-2.4824,-1.5872,0.5732,-2.5343,-1.4667,-2.4473,-1.5889,0.7854,GO_GOAL
3.62,-2.4793,-1.5853,0.5732,-2.5296,-1.4612,-2.4473,-1.5889,0.7874,GO_GOAL
3.64,-2.4763,-1.5833,0.5732,-2.5273,-1.4584,-2.4473,-1.5889,0.7893,GO_GOAL
3.66,-2.4733,-1.5814,0.5733,-2.525,-1.4557,-2.4473,-1.5889,0.7913,GO_GOAL
3.68,-2.4703,-1.5794,0.5733,-2.525,-1.4557,-2.4473,-1.5889,0.7932,GO_GOAL
3.7,-2.4673,-1.5775,0.5733,-2.5226,-1.453,-2.4473,-1.5889,0.7951,GO_GOAL
3.72,-2.4643,-1.5756,0.5733,-2.518,-1.4475,-2.4322,-1.5792,0.7971,GO_GOAL
3.74,-2.4613,-1.5737,0.5733,-2.518,-1.4475,-2.4322,-1.5792,0.799,GO_GOAL
3.76,-2.4584,-1.5717,0.5733,-2.5156,-1.4448,-2.4322,-1.5792,0.8009,GO_GOAL
3.78,-2.4553,-1.5698,0.5733,-2.5133,-1.442,-2.4322,-1.5792,0.8028,GO_GOAL
3.8,-2.4523,-1.5678,0.5734,-2.5109,-1.4393,-2.4322,-1.5792,0.8048,GO_GOAL
3.82,-2.4493,-1.5659,0.5734,-2.5086,-1.4366,-2.417,-1.5694,0.8068,GO_GOAL
3.84,-2.4463,-1.5639,0.5734,-2.5063,-1.4338,-2.417,-1.5694,0.8087,GO_GOAL
3.858,-2.4432,-1.562,0.5734,-2.5039,-1.4311,-2.417,-1.5694,0.8107,GO_GOAL
3.876,-2.4402,-1.56,0.5734,-2.5016,-1.4283,-2.417,-1.5694,0.8126,GO_GOAL
3.9,-2.4372,-1.5581,0.5734,-2.4969,-1.4229,-2.417,-1.5694,0.8146,GO_GOAL
3.92,-2.4341,-1.5561,0.5734,-2.4969,-1.4229,-2.4019,-1.5597,0.8165,GO_GOAL
3.94,-2.4311,-1.5541,0.5734,-2.4946,-1.4201,-2.4019,-1.5597,0.8185,GO_GOAL
3.96,-2.4281,-1.5522,0.5734,-2.4922,-1.4174,-2.4019,-1.5597,0.8204,GO_GOAL
3.98,-2.4251,-1.5502,0.5734,-2.4875,-1.4119,-2.4019,-1.5597,0.8224,GO_GOAL
4.0,-2.422,-1.5483,0.5734,-2.4875,-1.4119,-2.4019,-1.5597,0.8244,GO_GOAL
4.02,-2.419,-1.5463,0.5734,-2.4852,-1.4092,-2.3868,-1.5499,0.8263,GO_GOAL
4.04,-2.416,-1.5444,0.5734,-2.4829,-1.4064,-2.3868,-1.5499,0.8245,GO_GOAL
4.06,-2.413,-1.5424,0.5734,-2.4805,-1.4037,-2.3868,-1.5499,0.821,GO_GOAL
4.08,-2.41,-1.5405,0.5735,-2.4759,-1.3982,-2.3868,-1.5499,0.8174,GO_GOAL
4.1,-2.4069,-1.5385,0.5735,-2.4735,-1.3955,-2.3868,-1.5499,0.8138,GO_GOAL
4.12,-2.4039,-1.5366,0.5735,-2.4712,-1.3928,-2.3686,-1.5382,0.8102,GO_GOAL
4.14,-2.4009,-1.5346,0.5735,-2.4688,-1.39,-2.3686,-1.5382,0.8066,GO_GOAL
4.16,-2.3979,-1.5327,0.5735,-2.4665,-1.3873,-2.3686,-1.5382,0.8031,GO_GOAL
4.18,-2.3949,-1.5307,0.5735,-2.4665,-1.3873,-2.3686,-1.5382,0.7995,GO_GOAL
4.2,-2.3919,-1.5288,0.5735,-2.4642,-1.3845,-2.3686,-1.5382,0.7959,GO_GOAL
4.22,-2.3889,-1.5269,0.5735,-2.4618,-1.3818,-2.3565,-1.5304,0.7924,GO_GOAL
4.24,-2.3859,-1.525,0.5735,-2.4595,-1.3791,-2.3565,-1.5304,0.7889,GO_GOAL
4.26,-2.3829,-1.523,0.5735,-2.4572,-1.3763,-2.3565,-1.5304,0.7853,GO_GOAL
4.28,-2.3799,-1.5211,0.5735,-2.4548,-1.3736,-2.3565,-1.5304,0.7818,GO_GOAL
4.3,-2.3769,-1.5191,0.5735,-2.4501,-1.3681,-2.3565,-1.5304,0.7782,GO_GOAL
4.32,-2.3739,-1.5172,0.5735,-2.4501,-1.3681,-2.3414,-1.5206,0.7746,GO_GOAL
4.34,-2.3708,-1.5152,0.5735,-2.4478,-1.3654,-2.3414,-1.5206,0.771,GO_GOAL
4.36,-2.3678,-1.5133,0.5735,-2.4455,-1.3627,-2.3414,-1.5206,0.7674,GO_GOAL
4.38,-2.3648,-1.5113,0.5735,-2.4431,-1.3599,-2.3414,-1.5206,0.7638,GO_GOAL
4.4,-2.3618,-1.5094,0.5735,-2.4408,-1.3572,-2.3414,-1.5206,0.7602,GO_GOAL
4.42,-2.3587,-1.5074,0.5735,-2.4384,-1.3544,-2.3263,-1.5108,0.7566,GO_GOAL
4.44,-2.3557,-1.5054,0.5735,-2.4361,-1.3517,-2.3263,-1.5108,0.753,GO_GOAL
4.46,-2.3527,-1.5035,0.5735,-2.4338,-1.349,-2.3263,-1.5108,0.7494,GO_GOAL
4.48,-2.3497,-1.5015,0.5735,-2.4314,-1.3462,-2.3263,-1.5108,0.7458,GO_GOAL
4.5,-2.3466,-1.4996,0.5735,-2.4291,-1.3435,-2.3263,-1.5108,0.7423,GO_GOAL
4.52,-2.3436,-1.4976,0.5735,-2.4268,-1.3408,-2.3112,-1.5011,0.7387,GO_GOAL
4.54,-2.3406,-1.4957,0.5735,-2.4221,-1.3353,-2.3112,-1.5011,0.7351,GO_GOAL
4.56,-2.3376,-1.4937,0.5735,-2.4221,-1.3353,-2.3112,-1.5011,0.7315,GO_GOAL
4.58,-2.3346,-1.4918,0.5735,-2.4197,-1.3325,-2.3112,-1.5011,0.7279,GO_GOAL
4.6,-2.3315,-1.4898,0.5735,-2.4174,-1.3298,-2.3112,-1.5011,0.7243,GO_GOAL
4.62,-2.3285,-1.4879,0.5735,-2.4151,-1.3271,-2.2961,-1.4913,0.7208,GO_GOAL
4.64,-2.3255,-1.4859,0.5735,-2.4104,-1.3216,-2.2961,-1.4913,0.7172,GO_GOAL
4.66,-2.3225,-1.484,0.5735,-2.408,-1.3189,-2.2961,-1.4913,0.7136,GO_GOAL
4.68,-2.3195,-1.482,0.5735,-2.408,-1.3189,-2.2961,-1.4913,0.7101,GO_GOAL
4.7,-2.3165,-1.4801,0.5735,-2.4057,-1.3161,-2.2961,-1.4913,0.7065,GO_GOAL
4.72,-2.3135,-1.4782,0.5735,-2.4034,-1.3134,-2.2809,-1.4815,0.703,GO_GOAL
4.74,-2.3105,-1.4763,0.5735,-2.401,-1.3106,-2.2809,-1.4815,0.6994,GO_GOAL
4.76,-2.3075,-1.4743,0.5735,-2.3964,-1.3052,-2.2809,-1.4815,0.6959,GO_GOAL
4.78,-2.3045,-1.4724,0.5735,-2.3964,-1.3052,-2.2809,-1.4815,0.6923,GO_GOAL
4.8,-2.3015,-1.4704,0.5735,-2.3917,-1.2997,-2.2658,-1.4718,0.6887,GO_GOAL
4.82,-2.2985,-1.4685,0.5735,-2.3917,-1.2997,-2.2658,-1.4718,0.6851,GO_GOAL
4.84,-2.2954,-1.4665,0.5736,-2.3893,-1.297,-2.2658,-1.4718,0.6815,GO_GOAL
4.86,-2.2924,-1.4646,0.5736,-2.387,-1.2942,-2.2658,-1.4718,0.6779,GO_GOAL
4.88,-2.2894,-1.4626,0.5736,-2.3847,-1.2915,-2.2658,-1.4718,0.6744,GO_GOAL
4.9,-2.2863,-1.4606,0.5736,-2.3823,-1.2887,-2.2658,-1.4718,0.6708,GO_GOAL
4.92,-2.2833,-1.4587,0.5736,-2.38,-1.286,-2.2507,-1.462,0.6672,GO_GOAL
4.94,-2.2803,-1.4567,0.5736,-2.3776,-1.2833,-2.2507,-1.462,0.6636,GO_GOAL
4.96,-2.2773,-1.4548,0.5736,-2.373,-1.2778,-2.2507,-1.462,0.66,GO_GOAL
4.98,-2.2743,-1.4528,0.5736,-2.373,-1.2778,-2.2507,-1.462,0.6564,GO_GOAL
5.0,-2.2712,-1.4509,0.5736,-2.3683,-1.2723,-2.2507,-1.462,0.6528,GO_GOAL
5.02,-2.2682,-1.4489,0.5736,-2.3683,-1.2723,-2.2356,-1.4523,0.6493,GO_GOAL
5.04,-2.2652,-1.447,0.5736,-2.3636,-1.2668,-2.2356,-1.4523,0.6457,GO_GOAL
5.06,-2.2622,-1.445,0.5736,-2.3636,-1.2668,-2.2356,-1.4523,0.6421,GO_GOAL
5.08,-2.2591,-1.4431,0.5736,-2.3613,-1.2641,-2.2356,-1.4523,0.6385,GO_GOAL
5.1,-2.2561,-1.4411,0.5736,-2.3566,-1.2586,-2.2356,-1.4523,0.6349,GO_GOAL
5.12,-2.2531,-1.4392,0.5736,-2.3566,-1.2586,-2.2174,-1.4405,0.6314,GO_GOAL
5.14,-2.2501,-1.4372,0.5736,-2.3543,-1.2559,-2.2174,-1.4405,0.6278,GO_GOAL
5.16,-2.2471,-1.4353,0.5736,-2.3519,-1.2532,-2.2174,-1.4405,0.6242,GO_GOAL
5.18,-2.2441,-1.4333,0.5736,-2.3473,-1.2477,-2.2174,-1.4405,0.6207,GO_GOAL
5.2,-2.2411,-1.4314,0.5736,-2.3473,-1.2477,-2.2174,-1.4405,0.6171,GO_GOAL
5.22,-2.2381,-1.4295,0.5736,-2.3449,-1.2449,-2.2053,-1.4327,0.6136,GO_GOAL
5.24,-2.2351,-1.4276,0.5736,-2.3402,-1.2395,-2.2053,-1.4327,0.6101,GO_GOAL
5.26,-2.2321,-1.4256,0.5736,-2.3402,-1.2395,-2.2053,-1.4327,0.6065,GO_GOAL
5.28,-2.2291,-1.4237,0.5736,-2.3379,-1.2367,-2.2053,-1.4327,0.6029,GO_GOAL
5.3,-2.2261,-1.4217,0.5736,-2.3356,-1.234,-2.2053,-1.4327,0.5993,GO_GOAL
5.32,-2.223,-1.4197,0.5736,-2.3332,-1.2313,-2.1902,-1.423,0.5957,GO_GOAL
5.34,-2.22,-1.4178,0.5736,-2.3309,-1.2285,-2.1902,-1.423,0.5921,GO_GOAL
5.36,-2.217,-1.4158,0.5736,-2.3285,-1.2258,-2.1902,-1.423,0.5886,GO_GOAL
5.38,-2.214,-1.4139,0.5736,-2.3262,-1.223,-2.1902,-1.423,0.585,GO_GOAL
5.4,-2.2109,-1.4119,0.5736,-2.3239,-1.2203,-2.1902,-1.423,0.5814,GO_GOAL
5.42,-2.2079,-1.41,0.5736,-2.3215,-1.2176,-2.1751,-1.4132,0.5778,GO_GOAL
5.44,-2.2049,-1.408,0.5736,-2.3192,-1.2148,-2.1751,-1.4132,0.5742,GO_GOAL
5.46,-2.2019,-1.4061,0.5736,-2.3169,-1.2121,-2.1751,-1.4132,0.5706,GO_GOAL
5.48,-2.1988,-1.4041,0.5736,-2.3145,-1.2094,-2.1751,-1.4132,0.5671,GO_GOAL
5.5,-2.1958,-1.4022,0.5736,-2.3098,-1.2039,-2.1751,-1.4132,0.5635,GO_GOAL
5.52,-2.1928,-1.4002,0.5736,-2.3098,-1.2039,-2.157,-1.4015,0.5599,GO_GOAL
5.54,-2.1898,-1.3983,0.5736,-2.3052,-1.1984,-2.157,-1.4015,0.5563,GO_GOAL
5.56,-2.1868,-1.3963,0.5736,-2.3052,-1.1984,-2.157,-1.4015,0.5528,GO_GOAL
5.58,-2.1837,-1.3944,0.5736,-2.3028,-1.1957,-2.157,-1.4015,0.5492,GO_GOAL
5.6,-2.1807,-1.3924,0.5736,-2.3005,-1.1929,-2.157,-1.4015,0.5456,GO_GOAL
5.62,-2.1777,-1.3905,0.5736,-2.2982,-1.1902,-2.1449,-1.3937,0.542,GO_GOAL
5.64,-2.1747,-1.3885,0.5736,-2.2958,-1.1875,-2.1449,-1.3937,0.5385,GO_GOAL
5.66,-2.1717,-1.3866,0.5736,-2.2935,-1.1847,-2.1449,-1.3937,0.5349,GO_GOAL
5.68,-2.1687,-1.3847,0.5736,-2.2911,-1.182,-2.1449,-1.3937,0.5314,GO_GOAL
5.7,-2.1657,-1.3827,0.5736,-2.2888,-1.1793,-2.1449,-1.3937,0.5279,GO_GOAL
5.72,-2.1627,-1.3808,0.5736,-2.2865,-1.1765,-2.1267,-1.3819,0.5243,GO_GOAL
5.74,-2.1597,-1.3788,0.5736,-2.2841,-1.1738,-2.1267,-1.3819,0.5207,GO_GOAL
5.76,-2.1567,-1.3769,0.5736,-2.2818,-1.171,-2.1267,-1.3819,0.5171,GO_GOAL
5.78,-2.1536,-1.3749,0.5736,-2.2771,-1.1656,-2.1267,-1.3819,0.5136,GO_GOAL
5.8,-2.1506,-1.373,0.5736,-2.2748,-1.1628,-2.1146,-1.3741,0.51,GO_GOAL
5.82,-2.1476,-1.371,0.5736,-2.2748,-1.1628,-2.1146,-1.3741,0.5064,GO_GOAL
5.84,-2.1446,-1.369,0.5736,-2.2724,-1.1601,-2.1146,-1.3741,0.5028,GO_GOAL
5.86,-2.1415,-1.3671,0.5736,-2.2701,-1.1574,-2.1146,-1.3741,0.4992,GO_GOAL
5.88,-2.1385,-1.3651,0.5736,-2.2678,-1.1546,-2.1146,-1.3741,0.4956,GO_GOAL
5.9,-2.1355,-1.3632,0.5736,-2.2631,-1.1491,-2.1146,-1.3741,0.4921,GO_GOAL
5.92,-2.1325,-1.3612,0.5736,-2.2607,-1.1464,-2.0995,-1.3644,0.4885,GO_GOAL
5.94,-2.1294,-1.3593,0.5736,-2.2607,-1.1464,-2.0995,-1.3644,0.4849,GO_GOAL
5.96,-2.1264,-1.3573,0.5736,-2.2584,-1.1437,-2.0995,-1.3644,0.4813,GO_GOAL
5.98,-2.1234,-1.3554,0.5736,-2.2561,-1.1409,-2.0995,-1.3644,0.4778,GO_GOAL
6.0,-2.1204,-1.3534,0.5736,-2.2514,-1.1355,-2.0995,-1.3644,0.4742,GO_GOAL
6.02,-2.1174,-1.3515,0.5736,-2.2514,-1.1355,-2.0844,-1.3546,0.4706,GO_GOAL
6.04,-2.1144,-1.3495,0.5736,-2.2467,-1.13,-2.0844,-1.3546,0.4671,GO_GOAL
6.06,-2.1113,-1.3476,0.5736,-2.2467,-1.13,-2.0844,-1.3546,0.4635,GO_GOAL
6.08,-2.1083,-1.3456,0.5736,-2.2444,-1.1272,-2.0844,-1.3546,0.4599,GO_GOAL
6.1,-2.1053,-1.3437,0.5736,-2.242,-1.1245,-2.0844,-1.3546,0.4564,GO_GOAL
6.12,-2.1023,-1.3418,0.5736,-2.2397,-1.1218,-2.0693,-1.3448,0.4529,GO_GOAL
6.14,-2.0994,-1.3398,0.5736,-2.235,-1.1163,-2.0693,-1.3448,0.4493,GO_GOAL
6.16,-2.0964,-1.3379,0.5736,-2.235,-1.1163,-2.0693,-1.3448,0.4458,GO_GOAL
6.18,-2.0933,-1.336,0.5736,-2.2303,-1.1108,-2.0693,-1.3448,0.4422,GO_GOAL
6.2,-2.0903,-1.334,0.5736,-2.2303,-1.1108,-2.0693,-1.3448,0.4386,GO_GOAL
6.22,-2.0873,-1.332,0.5736,-2.2257,-1.1053,-2.0541,-1.3351,0.435,GO_GOAL
6.24,-2.0842,-1.3301,0.5736,-2.2257,-1.1053,-2.0541,-1.3351,0.4315,GO_GOAL
6.26,-2.0812,-1.3281,0.5736,-2.221,-1.0999,-2.0541,-1.3351,0.4279,GO_GOAL
6.28,-2.0782,-1.3262,0.5736,-2.221,-1.0999,-2.0541,-1.3351,0.4243,GO_GOAL
6.3,-2.0752,-1.3242,0.5736,-2.2187,-1.0971,-2.0541,-1.3351,0.4207,GO_GOAL
6.32,-2.0721,-1.3223,0.5736,-2.2163,-1.0944,-2.039,-1.3253,0.4172,GO_GOAL
6.34,-2.0691,-1.3203,0.5736,-2.214,-1.0917,-2.039,-1.3253,0.4136,GO_GOAL
6.36,-2.0661,-1.3184,0.5736,-2.2116,-1.0889,-2.039,-1.3253,0.41,GO_GOAL
6.38,-2.0631,-1.3164,0.5736,-2.2093,-1.0862,-2.039,-1.3253,0.4064,GO_GOAL
6.4,-2.0601,-1.3145,0.5736,-2.207,-1.0834,-2.039,-1.3253,0.4029,GO_GOAL
6.42,-2.0571,-1.3125,0.5736,-2.2046,-1.0807,-2.0239,-1.3155,0.3994,GO_GOAL
6.44,-2.0542,-1.3106,0.5736,-2.2023,-1.078,-2.0239,-1.3155,0.3959,GO_GOAL
6.46,-2.0512,-1.3087,0.5736,-2.2001,-1.0754,-2.0239,-1.3155,0.3924,GO_GOAL
6.48,-2.0483,-1.3068,0.5736,-2.1955,-1.07,-2.0239,-1.3155,0.3889,GO_GOAL
6.5,-2.0453,-1.3049,0.5736,-2.1955,-1.07,-2.0239,-1.3155,0.3855,GO_GOAL
6.52,-2.0424,-1.303,0.5736,-2.1932,-1.0673,-2.0061,-1.304,0.382,GO_GOAL
6.54,-2.0394,-1.3011,0.5736,-2.1909,-1.0647,-2.0061,-1.304,0.3785,GO_GOAL
6.56,-2.0365,-1.2992,0.5736,-2.1886,-1.062,-2.0061,-1.304,0.3751,GO_GOAL
6.58,-2.0336,-1.2974,0.5736,-2.1864,-1.0593,-2.0061,-1.304,0.3716,GO_GOAL
6.6,-2.0307,-1.2955,0.5736,-2.1841,-1.0567,-2.0061,-1.304,0.3682,GO_GOAL
6.62,-2.0279,-1.2937,0.5736,-2.1818,-1.054,-1.9943,-1.2964,0.3649,GO_GOAL
6.64,-2.0252,-1.2919,0.5736,-2.1797,-1.0515,-1.9943,-1.2964,0.3617,GO_GOAL
6.66,-2.0224,-1.2902,0.5736,-2.1776,-1.049,-1.9943,-1.2964,0.3585,GO_GOAL
6.68,-2.0197,-1.2884,0.5736,-2.1755,-1.0466,-1.9943,-1.2964,0.3552,GO_GOAL
6.7,-2.017,-1.2866,0.5736,-2.1712,-1.0416,-1.9804,-1.2874,0.352,GO_GOAL
6.72,-2.0142,-1.2849,0.5736,-2.1712,-1.0416,-1.9804,-1.2874,0.3488,GO_GOAL
6.74,-2.0115,-1.2831,0.5736,-2.1691,-1.0391,-1.9804,-1.2874,0.3456,GO_GOAL
6.76,-2.0088,-1.2813,0.5736,-2.167,-1.0367,-1.9804,-1.2874,0.3424,GO_GOAL
6.78,-2.0061,-1.2796,0.5736,-2.1649,-1.0342,-1.9804,-1.2874,0.3391,GO_GOAL
6.8,-2.0033,-1.2778,0.5736,-2.1628,-1.0317,-1.9804,-1.2874,0.3359,GO_GOAL
6.82,-2.001,-1.2763,0.5736,-2.1607,-1.0293,-1.9668,-1.2786,0.3331,GO_GOAL
6.84,-1.9986,-1.2748,0.5736,-2.1589,-1.0271,-1.9668,-1.2786,0.3304,GO_GOAL
6.86,-1.9963,-1.2733,0.5736,-2.157,-1.025,-1.9668,-1.2786,0.3276,GO_GOAL
6.88,-1.994,-1.2717,0.5736,-2.1552,-1.0229,-1.9668,-1.2786,0.3248,GO_GOAL
6.9,-1.9916,-1.2702,0.5736,-2.1516,-1.0186,-1.9668,-1.2786,0.3221,GO_GOAL
6.92,-1.9893,-1.2687,0.5736,-2.1516,-1.0186,-1.9546,-1.2708,0.3193,GO_GOAL
6.94,-1.987,-1.2672,0.5736,-2.1498,-1.0165,-1.9546,-1.2708,0.3166,GO_GOAL
6.96,-1.9846,-1.2657,0.5736,-2.1462,-1.0123,-1.9546,-1.2708,0.3138,GO_GOAL
6.98,-1.9822,-1.2641,0.5736,-2.1462,-1.0123,-1.9546,-1.2708,0.311,GO_GOAL
7.0,-1.9798,-1.2626,0.5736,-2.1444,-1.0102,-1.9546,-1.2708,0.3082,GO_GOAL
7.02,-1.9774,-1.2611,0.5736,-2.1409,-1.0061,-1.9406,-1.2617,0.3054,GO_GOAL
7.04,-1.9751,-1.2596,0.5736,-2.1409,-1.0061,-1.9406,-1.2617,0.3026,GO_GOAL
7.06,-1.9729,-1.2581,0.5736,-2.1392,-1.0041,-1.9406,-1.2617,0.3,GO_GOAL
7.08,-1.9707,-1.2567,0.5736,-2.1374,-1.0021,-1.9406,-1.2617,0.2974,GO_GOAL
7.1,-1.9685,-1.2553,0.5736,-2.1357,-1.0001,-1.9406,-1.2617,0.2948,GO_GOAL
7.12,-1.9662,-1.2538,0.5736,-2.1323,-0.9961,-1.9318,-1.256,0.2922,GO_GOAL
7.14,-1.964,-1.2524,0.5736,-2.1323,-0.9961,-1.9318,-1.256,0.2896,GO_GOAL
7.16,-1.9618,-1.251,0.5736,-2.1306,-0.9941,-1.9318,-1.256,0.287,GO_GOAL
7.18,-1.9596,-1.2496,0.5736,-2.1289,-0.9921,-1.9318,-1.256,0.2844,GO_GOAL
7.2,-1.9574,-1.2481,0.5736,-2.1272,-0.9901,-1.9318,-1.256,0.2818,GO_GOAL
7.22,-1.9553,-1.2468,0.5736,-2.1239,-0.9862,-1.9208,-1.2489,0.2793,GO_GOAL
7.24,-1.9533,-1.2455,0.5736,-2.1239,-0.9862,-1.9208,-1.2489,0.2769,GO_GOAL
7.26,-1.9512,-1.2441,0.5736,-2.1207,-0.9824,-1.9208,-1.2489,0.2744,GO_GOAL
7.28,-1.9491,-1.2428,0.5736,-2.1207,-0.9824,-1.9208,-1.2489,0.272,GO_GOAL
7.3,-1.947,-1.2414,0.5736,-2.1191,-0.9806,-1.9208,-1.2489,0.2696,GO_GOAL
7.32,-1.945,-1.2401,0.5736,-2.1159,-0.9768,-1.9082,-1.2408,0.2671,GO_GOAL
7.34,-1.9429,-1.2388,0.5736,-2.1159,-0.9768,-1.9082,-1.2408,0.2647,GO_GOAL
7.358,-1.9408,-1.2374,0.5736,-2.1143,-0.9749,-1.9082,-1.2408,0.2622,GO_GOAL
7.38,-1.9387,-1.2361,0.5736,-2.1111,-0.9712,-1.9082,-1.2408,0.2598,GO_GOAL
7.4,-1.9366,-1.2347,0.5736,-2.1111,-0.9712,-1.9082,-1.2408,0.2573,GO_GOAL
7.418,-1.9345,-1.2334,0.5736,-2.1094,-0.9693,-1.9082,-1.2408,0.2549,GO_GOAL
7.44,-1.9325,-1.232,0.5736,-2.1085,-0.9681,-1.9082,-1.2408,0.2524,GO_GOAL
7.46,-1.9304,-1.2307,0.5736,-2.1066,-0.966,-1.8998,-1.2354,0.25,FOLLOW
7.48,-1.9289,-1.2297,0.5734,-2.1066,-0.966,-1.8998,-1.2354,0.2482,FOLLOW
7.5,-1.9274,-1.2288,0.5726,-2.1057,-0.9649,-1.8998,-1.2354,0.2465,FOLLOW
7.52,-1.9259,-1.2278,0.5712,-2.1047,-0.9638,-1.8929,-1.2309,0.2447,FOLLOW
7.54,-1.9243,-1.2267,0.5691,-2.1038,-0.9628,-1.8929,-1.2309,0.2428,FOLLOW
7.56,-1.9227,-1.2257,0.5665,-2.1028,-0.9617,-1.8929,-1.2309,0.2409,FOLLOW
7.58,-1.9211,-1.2247,0.5634,-2.1019,-0.9607,-1.8929,-1.2309,0.2391,FOLLOW
7.6,-1.9196,-1.2238,0.5596,-2.1009,-0.9597,-1.8929,-1.2309,0.2374,FOLLOW
7.62,-1.9192,-1.2236,0.5555,-2.0999,-0.9586,-1.8869,-1.2271,0.237,FOLLOW_TURN
7.64,-1.9192,-1.2236,0.5515,-2.0998,-0.9585,-1.8869,-1.2271,0.237,FOLLOW_TURN
7.66,-1.9192,-1.2236,0.5475,-2.0998,-0.9585,-1.8869,-1.2271,0.2369,FOLLOW_TURN
7.68,-1.9191,-1.2236,0.5435,-2.0998,-0.9585,-1.8869,-1.2271,0.2369,FOLLOW_TURN
7.7,-1.9191,-1.2235,0.5395,-2.0998,-0.9585,-1.8869,-1.2271,0.2369,FOLLOW_TURN
7.72,-1.9192,-1.2236,0.5358,-2.0998,-0.9585,-1.8856,-1.2263,0.2371,FOLLOW_TURN
7.74,-1.9194,-1.2237,0.5327,-2.0998,-0.9585,-1.8856,-1.2263,0.2373,FOLLOW_TURN
7.76,-1.9196,-1.2238,0.5302,-2.0998,-0.9585,-1.8856,-1.2263,0.2375,FOLLOW_TURN
7.78,-1.9197,-1.2239,0.5283,-2.0998,-0.9585,-1.8856,-1.2263,0.2377,FOLLOW_TURN
7.8,-1.9198,-1.224,0.5269,-2.0998,-0.9585,-1.8856,-1.2263,0.2378,FOLLOW_TURN
7.82,-1.92,-1.2241,0.5262,-2.0998,-0.9585,-1.8856,-1.2263,0.2381,FOLLOW_TURN
7.84,-1.9201,-1.2242,0.5259,-2.0998,-0.9585,-1.8856,-1.2263,0.2382,FOLLOW_TURN
7.86,-1.9202,-1.2242,0.5256,-2.0998,-0.9585,-1.8856,-1.2263,0.2382,FOLLOW_TURN
7.88,-1.9202,-1.2242,0.5253,-2.0998,-0.9585,-1.8856,-1.2263,0.2383,FOLLOW_TURN
7.9,-1.9203,-1.2242,0.525,-2.0998,-0.9585,-1.8856,-1.2263,0.2383,FOLLOW_TURN
7.92,-1.9204,-1.2243,0.5248,-2.0998,-0.9585,-1.8856,-1.2263,0.2384,FOLLOW_TURN
7.94,-1.9206,-1.2244,0.5247,-2.0998,-0.9585,-1.8856,-1.2263,0.2387,FOLLOW_TURN
7.96,-1.9211,-1.2247,0.5253,-2.0998,-0.9585,-1.8856,-1.2263,0.2393,FOLLOW_TURN
7.98,-1.9216,-1.225,0.5265,-2.0998,-0.9585,-1.8856,-1.2263,0.2398,FOLLOW_TURN
8.0,-1.922,-1.2253,0.5283,-2.0998,-0.9585,-1.8856,-1.2263,0.2403,FOLLOW_TURN
8.02,-1.9226,-1.2256,0.5306,-2.0998,-0.9585,-1.8856,-1.2263,0.241,FOLLOW_TURN
8.04,-1.9232,-1.226,0.5336,-2.0998,-0.9585,-1.8856,-1.2263,0.2417,FOLLOW_TURN
8.06,-1.9238,-1.2263,0.5372,-2.0998,-0.9585,-1.8856,-1.2263,0.2424,FOLLOW_TURN
8.08,-1.9244,-1.2267,0.5413,-2.0998,-0.9585,-1.8856,-1.2263,0.243,FOLLOW_TURN
8.1,-1.9249,-1.227,0.5461,-2.0998,-0.9585,-1.8856,-1.2263,0.2436,FOLLOW_TURN
8.12,-1.9254,-1.2273,0.5514,-2.0998,-0.9585,-1.8856,-1.2263,0.2442,FOLLOW_TURN
8.14,-1.9259,-1.2276,0.5573,-2.0998,-0.9585,-1.8856,-1.2263,0.2447,FOLLOW_TURN
8.16,-1.9263,-1.2279,0.5638,-2.0998,-0.9585,-1.8856,-1.2263,0.2452,FOLLOW_TURN
8.18,-1.9267,-1.2281,0.5709,-2.0998,-0.9585,-1.8856,-1.2263,0.2456,FOLLOW_TURN
8.2,-1.9271,-1.2283,0.5786,-2.0998,-0.9585,-1.8856,-1.2263,0.246,FOLLOW_TURN
8.22,-1.9274,-1.2285,0.5869,-2.0998,-0.9585,-1.8856,-1.2263,0.2463,FOLLOW_TURN
8.24,-1.9277,-1.2287,0.5958,-2.0998,-0.9585,-1.8856,-1.2263,0.2466,FOLLOW_TURN
8.26,-1.9279,-1.2289,0.6052,-2.0998,-0.9585,-1.8856,-1.2263,0.2468,FOLLOW_TURN
8.28,-1.9281,-1.229,0.6153,-2.0998,-0.9585,-1.8856,-1.2263,0.247,FOLLOW_TURN
8.3,-1.9284,-1.2291,0.6255,-2.0998,-0.9585,-1.8856,-1.2263,0.2472,FOLLOW_TURN
8.32,-1.9286,-1.2291,0.6358,-2.0998,-0.9585,-1.8856,-1.2263,0.2474,FOLLOW_TURN
8.34,-1.9289,-1.2292,0.6461,-2.0998,-0.9585,-1.8856,-1.2263,0.2476,FOLLOW_TURN
8.36,-1.9291,-1.2293,0.6564,-2.0998,-0.9585,-1.8856,-1.2263,0.2478,FOLLOW_TURN
8.38,-1.9294,-1.2293,0.6667,-2.0998,-0.9585,-1.8856,-1.2263,0.248,FOLLOW_TURN
8.4,-1.9296,-1.2295,0.6773,-2.0998,-0.9585,-1.8856,-1.2263,0.2481,FOLLOW_TURN
8.42,-1.9297,-1.2296,0.6886,-2.0998,-0.9585,-1.8856,-1.2263,0.2481,FOLLOW_TURN
8.44,-1.9298,-1.2296,0.7004,-2.0998,-0.9585,-1.8856,-1.2263,0.2481,FOLLOW_TURN
8.46,-1.9299,-1.2297,0.7124,-2.0998,-0.9585,-1.8856,-1.2263,0.2481,FOLLOW_TURN
8.48,-1.93,-1.2298,0.7244,-2.0998,-0.9585,-1.8856,-1.2263,0.2481,FOLLOW_TURN
8.5,-1.93,-1.2298,0.7364,-2.0998,-0.9585,-1.8856,-1.2263,0.2481,FOLLOW_TURN
8.52,-1.9301,-1.2299,0.7484,-2.0998,-0.9585,-1.8856,-1.2263,0.2481,FOLLOW_TURN
8.54,-1.9302,-1.23,0.7604,-2.0998,-0.9585,-1.8856,-1.2263,0.2481,FOLLOW_TURN
8.56,-1.9303,-1.23,0.7724,-2.0998,-0.9585,-1.8856,-1.2263,0.248,FOLLOW_TURN
8.58,-1.9303,-1.2301,0.7844,-2.0998,-0.9585,-1.8856,-1.2263,0.248,FOLLOW_TURN
8.6,-1.9304,-1.2302,0.7964,-2.0998,-0.9585,-1.8856,-1.2263,0.248,FOLLOW_TURN
8.62,-1.9305,-1.2303,0.8084,-2.0998,-0.9585,-1.8856,-1.2263,0.2479,FOLLOW_TURN
8.64,-1.9306,-1.2303,0.8204,-2.0998,-0.9585,-1.8856,-1.2263,0.2479,FOLLOW_TURN
8.66,-1.9307,-1.2304,0.8324,-2.0998,-0.9585,-1.8856,-1.2263,0.2479,FOLLOW_TURN
8.68,-1.9307,-1.2305,0.8444,-2.0998,-0.9585,-1.8856,-1.2263,0.2478,FOLLOW_TURN
8.7,-1.9308,-1.2306,0.8564,-2.0998,-0.9585,-1.8856,-1.2263,0.2478,FOLLOW_TURN
8.72,-1.9309,-1.2307,0.8684,-2.0998,-0.9585,-1.8856,-1.2263,0.2477,FOLLOW_TURN
8.74,-1.931,-1.2308,0.8804,-2.0998,-0.9585,-1.8856,-1.2263,0.2477,FOLLOW_TURN
8.76,-1.9312,-1.2309,0.8924,-2.0998,-0.9585,-1.8856,-1.2263,0.2477,FOLLOW_TURN
8.78,-1.9313,-1.231,0.9044,-2.0998,-0.9585,-1.8856,-1.2263,0.2477,FOLLOW_TURN
8.8,-1.9315,-1.2311,0.9164,-2.0998,-0.9585,-1.8856,-1.2263,0.2477,FOLLOW_TURN
8.82,-1.9316,-1.2312,0.9284,-2.0998,-0.9585,-1.8856,-1.2263,0.2477,FOLLOW_TURN
8.84,-1.9317,-1.2313,0.9404,-2.0998,-0.9585,-1.8856,-1.2263,0.2476,FOLLOW_TURN
8.86,-1.9317,-1.2314,0.9524,-2.0998,-0.9585,-1.8856,-1.2263,0.2475,FOLLOW_TURN
8.88,-1.9318,-1.2315,0.9644,-2.0998,-0.9585,-1.8856,-1.2263,0.2474,FOLLOW_TURN
8.9,-1.9318,-1.2315,0.9764,-2.0998,-0.9585,-1.8856,-1.2263,0.2473,FOLLOW_TURN
8.92,-1.9319,-1.2316,0.9884,-2.0998,-0.9585,-1.8856,-1.2263,0.2472,FOLLOW_TURN
8.94,-1.932,-1.2317,1.0004,-2.0998,-0.9585,-1.8856,-1.2263,0.2471,FOLLOW_TURN
8.96,-1.932,-1.2318,1.0124,-2.0998,-0.9585,-1.8856,-1.2263,0.247,FOLLOW_TURN
8.98,-1.9321,-1.2319,1.0244,-2.0998,-0.9585,-1.8856,-1.2263,0.2469,FOLLOW_TURN
9.0,-1.9321,-1.232,1.0364,-2.0998,-0.9585,-1.8856,-1.2263,0.2467,FOLLOW_TURN
9.02,-1.9322,-1.2321,1.0484,-2.0998,-0.9585,-1.8856,-1.2263,0.2466,FOLLOW_TURN
9.04,-1.9323,-1.2322,1.0604,-2.0998,-0.9585,-1.8856,-1.2263,0.2465,FOLLOW_TURN
9.06,-1.9323,-1.2323,1.0724,-2.0998,-0.9585,-1.8856,-1.2263,0.2464,FOLLOW_TURN
9.08,-1.9324,-1.2324,1.0844,-2.0998,-0.9585,-1.8856,-1.2263,0.2462,FOLLOW_TURN
9.1,-1.9324,-1.2325,1.0964,-2.0998,-0.9585,-1.8856,-1.2263,0.2461,FOLLOW_TURN
9.12,-1.9325,-1.2326,1.1084,-2.0998,-0.9585,-1.8856,-1.2263,0.2459,FOLLOW_TURN
9.14,-1.9325,-1.2327,1.1204,-2.0998,-0.9585,-1.8856,-1.2263,0.2458,FOLLOW_TURN
9.16,-1.9326,-1.2328,1.1324,-2.0998,-0.9585,-1.8856,-1.2263,0.2457,FOLLOW_TURN
9.18,-1.9327,-1.233,1.1444,-2.0998,-0.9585,-1.8856,-1.2263,0.2456,FOLLOW_TURN
9.2,-1.9328,-1.2331,1.1564,-2.0998,-0.9585,-1.8856,-1.2263,0.2455,FOLLOW_TURN
9.22,-1.9329,-1.2333,1.1684,-2.0998,-0.9583,-1.8856,-1.2263,0.2454,FOLLOW_TURN
9.24,-1.9327,-1.2329,1.1802,-2.0998,-0.9583,-1.8856,-1.2263,0.2448,FOLLOW_TURN
9.26,-1.9323,-1.2322,1.1915,-2.0998,-0.9568,-1.8856,-1.2263,0.2439,FOLLOW
9.28,-1.9319,-1.2312,1.2022,-2.0998,-0.9568,-1.8856,-1.2263,0.2428,FOLLOW
9.3,-1.9315,-1.2301,1.2124,-2.0998,-0.9558,-1.8856,-1.2263,0.2418,FOLLOW
9.32,-1.931,-1.229,1.2219,-2.0999,-0.9548,-1.8846,-1.2238,0.2407,FOLLOW
9.34,-1.9303,-1.2274,1.2309,-2.1,-0.9521,-1.8846,-1.2238,0.2392,FOLLOW
9.36,-1.9296,-1.2253,1.2392,-2.1,-0.9521,-1.8846,-1.2238,0.2375,FOLLOW
9.38,-1.9289,-1.2232,1.2471,-2.1,-0.9501,-1.8846,-1.2238,0.2357,FOLLOW
9.4,-1.9282,-1.2211,1.2543,-2.1001,-0.9481,-1.8846,-1.2238,0.2341,FOLLOW
9.42,-1.9274,-1.2189,1.261,-2.1002,-0.9461,-1.882,-1.2165,0.2322,FOLLOW
9.44,-1.9265,-1.2161,1.2671,-2.1004,-0.944,-1.882,-1.2165,0.2301,FOLLOW
9.46,-1.9255,-1.213,1.2726,-2.1005,-0.9414,-1.882,-1.2165,0.2278,FOLLOW
9.48,-1.9246,-1.21,1.2777,-2.1006,-0.9385,-1.882,-1.2165,0.2256,FOLLOW
9.5,-1.9237,-1.2073,1.2827,-2.1008,-0.9355,-1.882,-1.2165,0.2235,FOLLOW
9.52,-1.9228,-1.2046,1.2876,-2.101,-0.9326,-1.8783,-1.2045,0.2215,FOLLOW
9.54,-1.9219,-1.2019,1.2926,-2.1011,-0.9297,-1.8783,-1.2045,0.2195,FOLLOW
9.56,-1.921,-1.199,1.2974,-2.1013,-0.9267,-1.8783,-1.2045,0.2174,FOLLOW
9.58,-1.9201,-1.1958,1.3017,-2.1014,-0.9238,-1.8783,-1.2045,0.2151,FOLLOW
9.6,-1.9191,-1.1925,1.3055,-2.1016,-0.9179,-1.8742,-1.1904,0.2129,FOLLOW
9.62,-1.9182,-1.1891,1.3087,-2.1016,-0.9179,-1.8742,-1.1904,0.2107,FOLLOW
9.64,-1.9173,-1.1856,1.3114,-2.1017,-0.9148,-1.8742,-1.1904,0.2084,FOLLOW
9.66,-1.9164,-1.1821,1.3135,-2.1019,-0.9115,-1.8742,-1.1904,0.2062,FOLLOW
9.68,-1.9155,-1.1787,1.3151,-2.1021,-0.9048,-1.8742,-1.1904,0.204,FOLLOW
9.7,-1.9146,-1.1753,1.3162,-2.1022,-0.9015,-1.8742,-1.1904,0.2019,FOLLOW
9.72,-1.9137,-1.1719,1.3168,-2.1022,-0.9015,-1.8701,-1.1748,0.1998,FOLLOW
9.74,-1.9129,-1.1686,1.3168,-2.1023,-0.8981,-1.8701,-1.1748,0.1978,FOLLOW
9.76,-1.912,-1.1653,1.3164,-2.1024,-0.8948,-1.8701,-1.1748,0.1958,FOLLOW
9.78,-1.9111,-1.162,1.3154,-2.1025,-0.8914,-1.8701,-1.1748,0.1939,FOLLOW
9.8,-1.9103,-1.1588,1.3141,-2.1025,-0.8881,-1.8701,-1.1748,0.1921,FOLLOW
9.82,-1.9094,-1.1556,1.3128,-2.1026,-0.8848,-1.8659,-1.1587,0.1902,FOLLOW
9.84,-1.9085,-1.1525,1.3115,-2.1027,-0.8813,-1.8659,-1.1587,0.1883,FOLLOW
9.86,-1.9076,-1.1493,1.3102,-2.1028,-0.8779,-1.8659,-1.1587,0.1864,FOLLOW
9.88,-1.9067,-1.1461,1.3089,-2.103,-0.871,-1.8659,-1.1587,0.1845,FOLLOW
9.9,-1.9058,-1.1428,1.3081,-2.1031,-0.8675,-1.8659,-1.1587,0.1827,FOLLOW
9.92,-1.9049,-1.1395,1.3077,-2.1031,-0.8675,-1.8606,-1.1388,0.1808,FOLLOW
9.94,-1.9041,-1.1362,1.3079,-2.1032,-0.8641,-1.8606,-1.1388,0.1789,FOLLOW
9.96,-1.9032,-1.1329,1.3086,-2.1033,-0.8606,-1.8606,-1.1388,0.1771,FOLLOW
9.98,-1.9023,-1.1296,1.3093,-2.1034,-0.8572,-1.8606,-1.1388,0.1752,FOLLOW
10.0,-1.9014,-1.1263,1.31,-2.1035,-0.8537,-1.8606,-1.1388,0.1733,FOLLOW
10.02,-1.9006,-1.1232,1.311,-2.1036,-0.8503,-1.857,-1.1254,0.1716,FOLLOW
10.04,-1.8998,-1.1201,1.3125,-2.1037,-0.847,-1.857,-1.1254,0.1699,FOLLOW
10.06,-1.8989,-1.117,1.3144,-2.1038,-0.8438,-1.857,-1.1254,0.1682,FOLLOW
10.08,-1.8981,-1.1139,1.3163,-2.104,-0.8374,-1.857,-1.1254,0.1665,FOLLOW
10.1,-1.8973,-1.1108,1.3183,-2.1041,-0.8342,-1.8528,-1.1096,0.1649,FOLLOW
10.12,-1.8966,-1.1078,1.3202,-2.1041,-0.8342,-1.8528,-1.1096,0.1632,FOLLOW
10.14,-1.8958,-1.1047,1.3222,-2.1043,-0.831,-1.8528,-1.1096,0.1616,FOLLOW
10.16,-1.895,-1.1016,1.3241,-2.1044,-0.8278,-1.8528,-1.1096,0.16,FOLLOW
10.18,-1.8942,-1.0985,1.326,-2.1045,-0.8246,-1.8528,-1.1096,0.1584,FOLLOW
10.2,-1.8935,-1.0954,1.328,-2.1047,-0.8213,-1.8528,-1.1096,0.1569,FOLLOW
10.22,-1.8928,-1.0925,1.3302,-2.1049,-0.8181,-1.8489,-1.0941,0.1554,FOLLOW
10.24,-1.8921,-1.0897,1.3329,-2.105,-0.8152,-1.8489,-1.0941,0.154,FOLLOW
10.26,-1.8914,-1.0868,1.336,-2.1053,-0.8092,-1.8489,-1.0941,0.1526,FOLLOW
10.28,-1.8907,-1.084,1.3391,-2.1053,-0.8092,-1.8489,-1.0941,0.1512,FOLLOW
10.3,-1.89,-1.0811,1.3423,-2.1055,-0.8063,-1.8489,-1.0941,0.1498,FOLLOW
10.32,-1.8894,-1.0782,1.3455,-2.1057,-0.8033,-1.8453,-1.0794,0.1484,FOLLOW
10.34,-1.8887,-1.0754,1.3486,-2.1059,-0.8003,-1.8453,-1.0794,0.1471,FOLLOW
10.36,-1.8881,-1.0725,1.3518,-2.1063,-0.7944,-1.8453,-1.0794,0.1458,FOLLOW
10.38,-1.8874,-1.0697,1.3549,-2.1063,-0.7944,-1.8453,-1.0794,0.1445,FOLLOW
10.4,-1.8868,-1.0668,1.3581,-2.1066,-0.7915,-1.8453,-1.0794,0.1432,FOLLOW
10.42,-1.8862,-1.0639,1.3613,-2.1068,-0.7885,-1.8414,-1.062,0.1419,FOLLOW
10.44,-1.8856,-1.061,1.3644,-2.107,-0.7856,-1.8414,-1.062,0.1407,FOLLOW
10.46,-1.885,-1.0583,1.3679,-2.1075,-0.7799,-1.8414,-1.062,0.1395,FOLLOW
10.48,-1.8844,-1.0555,1.3716,-2.1075,-0.7799,-1.8414,-1.062,0.1384,FOLLOW
10.5,-1.8839,-1.0527,1.3753,-2.1078,-0.7771,-1.8414,-1.062,0.1372,FOLLOW
10.52,-1.8833,-1.0499,1.379,-2.1081,-0.7742,-1.8391,-1.0508,0.1361,FOLLOW
10.54,-1.8828,-1.0472,1.3827,-2.1084,-0.7714,-1.8391,-1.0508,0.135,FOLLOW
10.56,-1.8823,-1.0444,1.3864,-2.1087,-0.7686,-1.8391,-1.0508,0.134,FOLLOW
10.58,-1.8818,-1.0416,1.3901,-2.109,-0.7657,-1.8391,-1.0508,0.1329,FOLLOW
10.6,-1.8812,-1.0388,1.3938,-2.1093,-0.7629,-1.8391,-1.0508,0.1319,FOLLOW
10.62,-1.8808,-1.0362,1.3977,-2.1097,-0.76,-1.8364,-1.0368,0.131,FOLLOW
10.64,-1.8804,-1.0337,1.4022,-2.11,-0.7574,-1.8364,-1.0368,0.1301,FOLLOW
10.66,-1.8799,-1.0311,1.4069,-2.1107,-0.7521,-1.8364,-1.0368,0.1292,FOLLOW
10.68,-1.8795,-1.0285,1.4116,-2.1107,-0.7521,-1.8364,-1.0368,0.1283,FOLLOW
10.7,-1.879,-1.0259,1.4163,-2.1114,-0.7468,-1.8341,-1.0234,0.1274,FOLLOW
10.72,-1.8786,-1.0233,1.421,-2.1114,-0.7468,-1.8341,-1.0234,0.1265,FOLLOW
10.74,-1.8783,-1.0207,1.4257,-2.1118,-0.7442,-1.8341,-1.0234,0.1257,FOLLOW
10.76,-1.8779,-1.0181,1.4304,-2.1122,-0.7416,-1.8341,-1.0234,0.1249,FOLLOW
10.78,-1.8775,-1.0155,1.4351,-2.1126,-0.7389,-1.8341,-1.0234,0.1242,FOLLOW
10.8,-1.8772,-1.0129,1.4398,-2.113,-0.7363,-1.8341,-1.0234,0.1234,FOLLOW
10.82,-1.8769,-1.0106,1.4447,-2.1134,-0.7337,-1.8322,-1.0103,0.1228,FOLLOW
10.84,-1.8766,-1.0082,1.4501,-2.1143,-0.7288,-1.8322,-1.0103,0.1221,FOLLOW
10.86,-1.8763,-1.0058,1.4558,-2.1147,-0.7264,-1.8322,-1.0103,0.1214,FOLLOW
10.88,-1.876,-1.0034,1.4616,-2.1147,-0.7264,-1.8322,-1.0103,0.1208,FOLLOW
10.9,-1.8758,-1.0011,1.4673,-2.1151,-0.724,-1.8322,-1.0103,0.1202,FOLLOW
10.92,-1.8755,-0.9987,1.4731,-2.1161,-0.7192,-1.8307,-0.9979,0.1196,FOLLOW
10.94,-1.8753,-0.9963,1.4789,-2.1161,-0.7192,-1.8307,-0.9979,0.119,FOLLOW
10.96,-1.875,-0.9939,1.4846,-2.1166,-0.7168,-1.8307,-0.9979,0.1185,FOLLOW
10.98,-1.8748,-0.9915,1.4904,-2.1171,-0.7144,-1.8307,-0.9979,0.118,FOLLOW
11.0,-1.8746,-0.9891,1.4961,-2.1176,-0.712,-1.8307,-0.9979,0.1175,FOLLOW
11.02,-1.8745,-0.9866,1.5017,-2.1181,-0.7096,-1.8295,-0.9857,0.117,FOLLOW
11.04,-1.8743,-0.9842,1.507,-2.1193,-0.7047,-1.8295,-0.9857,0.1166,FOLLOW
11.06,-1.8742,-0.9817,1.5124,-2.1193,-0.7047,-1.8295,-0.9857,0.1162,FOLLOW
11.08,-1.874,-0.9792,1.5178,-2.1199,-0.7023,-1.8295,-0.9857,0.1158,FOLLOW
11.1,-1.8739,-0.9767,1.5231,-2.1205,-0.6998,-1.8295,-0.9857,0.1155,FOLLOW
11.12,-1.8738,-0.9743,1.5285,-2.1211,-0.6974,-1.8287,-0.9732,0.1152,FOLLOW
11.14,-1.8737,-0.9718,1.5339,-2.1217,-0.6949,-1.8287,-0.9732,0.1149,FOLLOW
11.16,-1.8736,-0.9694,1.5392,-2.1224,-0.6925,-1.8287,-0.9732,0.1146,FOLLOW
11.18,-1.8734,-0.9669,1.5446,-2.1237,-0.6876,-1.8287,-0.9732,0.1143,FOLLOW
11.2,-1.8734,-0.9644,1.55,-2.1237,-0.6876,-1.8287,-0.9732,0.1141,FOLLOW
11.22,-1.8733,-0.9619,1.5552,-2.1244,-0.6852,-1.8282,-0.9606,0.1139,FOLLOW
11.24,-1.8733,-0.9594,1.5605,-2.1251,-0.6827,-1.8282,-0.9606,0.1137,FOLLOW
11.26,-1.8733,-0.9569,1.5658,-2.1258,-0.6803,-1.8282,-0.9606,0.1136,FOLLOW
11.28,-1.8733,-0.9544,1.5711,-2.1265,-0.6778,-1.8282,-0.9606,0.1135,FOLLOW
11.3,-1.8733,-0.9519,1.5763,-2.1273,-0.6754,-1.8282,-0.9606,0.1134,FOLLOW
11.32,-1.8733,-0.9494,1.5816,-2.128,-0.673,-1.8281,-0.9478,0.1133,FOLLOW
11.34,-1.8733,-0.947,1.5869,-2.1296,-0.6681,-1.8281,-0.9478,0.1133,FOLLOW
11.36,-1.8734,-0.9445,1.5921,-2.1296,-0.6681,-1.8281,-0.9478,0.1133,FOLLOW
11.38,-1.8734,-0.942,1.5974,-2.1304,-0.6657,-1.8281,-0.9478,0.1133,FOLLOW
11.4,-1.8735,-0.9395,1.6027,-2.1312,-0.6633,-1.8281,-0.9478,0.1133,FOLLOW
11.42,-1.8735,-0.9371,1.6082,-2.132,-0.6609,-1.8283,-0.9351,0.1134,FOLLOW
11.44,-1.8736,-0.9347,1.6138,-2.1328,-0.6585,-1.8283,-0.9351,0.1134,FOLLOW
11.46,-1.8737,-0.9322,1.6194,-2.1336,-0.6562,-1.8283,-0.9351,0.1135,FOLLOW
11.48,-1.8739,-0.9298,1.6251,-2.1344,-0.6539,-1.8283,-0.9351,0.1137,FOLLOW
11.5,-1.874,-0.9274,1.6307,-2.1353,-0.6515,-1.8283,-0.9351,0.1138,FOLLOW
11.52,-1.8742,-0.925,1.6363,-2.137,-0.6469,-1.8288,-0.9227,0.114,FOLLOW
11.54,-1.8743,-0.9226,1.642,-2.137,-0.6469,-1.8288,-0.9227,0.1142,FOLLOW
11.56,-1.8745,-0.9202,1.6476,-2.1379,-0.6446,-1.8288,-0.9227,0.1144,FOLLOW
11.58,-1.8746,-0.9178,1.6533,-2.1388,-0.6423,-1.8288,-0.9227,0.1147,FOLLOW
11.6,-1.8749,-0.9154,1.6589,-2.1397,-0.64,-1.8288,-0.9227,0.115,FOLLOW
11.62,-1.8751,-0.9129,1.6644,-2.1406,-0.6377,-1.8299,-0.9079,0.1153,FOLLOW
11.64,-1.8753,-0.9104,1.6698,-2.1416,-0.6354,-1.8299,-0.9079,0.1157,FOLLOW
11.66,-1.8756,-0.908,1.6752,-2.1435,-0.6307,-1.8299,-0.9079,0.1161,FOLLOW
11.68,-1.8758,-0.9055,1.6806,-2.1445,-0.6284,-1.8299,-0.9079,0.1165,FOLLOW
11.7,-1.8761,-0.9031,1.6861,-2.1445,-0.6284,-1.8299,-0.9079,0.1169,FOLLOW
11.72,-1.8764,-0.9006,1.6915,-2.1455,-0.6261,-1.8309,-0.8979,0.1173,FOLLOW
11.74,-1.8767,-0.8982,1.6969,-2.1465,-0.6238,-1.8309,-0.8979,0.1178,FOLLOW
11.76,-1.877,-0.8958,1.7023,-2.1476,-0.6215,-1.8309,-0.8979,0.1183,FOLLOW
11.78,-1.8773,-0.8933,1.7077,-2.1486,-0.6192,-1.8309,-0.8979,0.1188,FOLLOW
11.8,-1.8776,-0.8909,1.7132,-2.1507,-0.6147,-1.8309,-0.8979,0.1194,FOLLOW
11.82,-1.878,-0.8883,1.7183,-2.1507,-0.6147,-1.8328,-0.8829,0.12,FOLLOW
11.84,-1.8784,-0.8858,1.7232,-2.1518,-0.6123,-1.8328,-0.8829,0.1207,FOLLOW
11.86,-1.8788,-0.8832,1.7281,-2.153,-0.6099,-1.8328,-0.8829,0.1214,FOLLOW
11.88,-1.8792,-0.8807,1.733,-2.1541,-0.6076,-1.8328,-0.8829,0.1221,FOLLOW
11.9,-1.8796,-0.8782,1.7379,-2.1564,-0.6029,-1.8328,-0.8829,0.1228,FOLLOW
11.92,-1.88,-0.8756,1.7427,-2.1564,-0.6029,-1.8344,-0.8726,0.1235,FOLLOW
11.94,-1.8805,-0.8731,1.7476,-2.1576,-0.6005,-1.8344,-0.8726,0.1243,FOLLOW
11.96,-1.8809,-0.8706,1.7525,-2.16,-0.5959,-1.8344,-0.8726,0.1251,FOLLOW
11.98,-1.8814,-0.868,1.7574,-2.1612,-0.5935,-1.8344,-0.8726,0.126,FOLLOW
12.0,-1.8819,-0.8655,1.7622,-2.1612,-0.5935,-1.8344,-0.8726,0.1268,FOLLOW
12.02,-1.8824,-0.863,1.7671,-2.1625,-0.5912,-1.8367,-0.8596,0.1277,FOLLOW
12.04,-1.8829,-0.8604,1.7719,-2.1637,-0.5888,-1.8367,-0.8596,0.1286,FOLLOW
12.06,-1.8834,-0.8577,1.7763,-2.1664,-0.584,-1.8367,-0.8596,0.1296,FOLLOW
12.08,-1.884,-0.855,1.7805,-2.1677,-0.5816,-1.8367,-0.8596,0.1307,FOLLOW
12.1,-1.8846,-0.8524,1.7847,-2.1677,-0.5816,-1.8367,-0.8596,0.1317,FOLLOW
12.12,-1.8851,-0.8497,1.7889,-2.169,-0.5791,-1.8394,-0.8463,0.1328,FOLLOW
12.14,-1.8857,-0.8471,1.7932,-2.1704,-0.5767,-1.8394,-0.8463,0.1339,FOLLOW
12.16,-1.8863,-0.8444,1.7974,-2.1717,-0.5743,-1.8394,-0.8463,0.135,FOLLOW
12.18,-1.8869,-0.8418,1.8016,-2.1731,-0.572,-1.8394,-0.8463,0.1362,FOLLOW
12.2,-1.8876,-0.8392,1.8058,-2.1759,-0.5672,-1.8394,-0.8463,0.1373,FOLLOW
12.22,-1.8882,-0.8365,1.81,-2.1759,-0.5672,-1.8431,-0.8302,0.1385,FOLLOW
12.24,-1.8889,-0.8338,1.814,-2.1773,-0.5648,-1.8431,-0.8302,0.1398,FOLLOW
12.26,-1.8895,-0.8312,1.8181,-2.1802,-0.56,-1.8431,-0.8302,0.141,FOLLOW
12.28,-1.8902,-0.8285,1.8222,-2.1802,-0.56,-1.8431,-0.8302,0.1423,FOLLOW
12.3,-1.8909,-0.8258,1.8262,-2.1816,-0.5576,-1.8431,-0.8302,0.1436,FOLLOW
12.32,-1.8916,-0.8232,1.8303,-2.1831,-0.5553,-1.8458,-0.8194,0.1449,FOLLOW
12.34,-1.8923,-0.8205,1.8344,-2.1845,-0.5529,-1.8458,-0.8194,0.1463,FOLLOW
12.36,-1.893,-0.8179,1.8384,-2.186,-0.5505,-1.8458,-0.8194,0.1476,FOLLOW
12.38,-1.8938,-0.8152,1.8425,-2.1875,-0.5482,-1.8458,-0.8194,0.149,FOLLOW
12.4,-1.8945,-0.8126,1.8466,-2.189,-0.5458,-1.8458,-0.8194,0.1504,FOLLOW
12.42,-1.8953,-0.8098,1.8505,-2.1921,-0.541,-1.8502,-0.8032,0.152,FOLLOW
12.44,-1.8963,-0.8067,1.8539,-2.1921,-0.541,-1.8502,-0.8032,0.1538,FOLLOW
12.46,-1.8972,-0.8034,1.8568,-2.1957,-0.5354,-1.8502,-0.8032,0.1556,FOLLOW
12.48,-1.8982,-0.8002,1.8594,-2.1957,-0.5354,-1.8502,-0.8032,0.1575,FOLLOW
12.5,-1.8992,-0.797,1.8615,-2.1975,-0.5327,-1.8502,-0.8032,0.1594,FOLLOW
12.52,-1.9001,-0.7938,1.8633,-2.2011,-0.5271,-1.8538,-0.7909,0.1613,FOLLOW
12.54,-1.9011,-0.7907,1.8647,-2.2011,-0.5271,-1.8538,-0.7909,0.1632,FOLLOW
12.56,-1.902,-0.7875,1.8662,-2.2029,-0.5244,-1.8538,-0.7909,0.1652,FOLLOW
12.58,-1.903,-0.7844,1.8676,-2.2047,-0.5216,-1.8538,-0.7909,0.1672,FOLLOW
12.6,-1.9039,-0.7812,1.8691,-2.2065,-0.5188,-1.8538,-0.7909,0.1691,FOLLOW
12.62,-1.905,-0.7779,1.8704,-2.2084,-0.5161,-1.8586,-0.775,0.1712,FOLLOW
12.64,-1.906,-0.7746,1.8712,-2.2103,-0.5132,-1.8586,-0.775,0.1734,FOLLOW
12.66,-1.907,-0.7713,1.8717,-2.2122,-0.5103,-1.8586,-0.775,0.1756,FOLLOW
12.68,-1.9081,-0.7679,1.8723,-2.2161,-0.5045,-1.8586,-0.775,0.1778,FOLLOW
12.7,-1.9091,-0.7646,1.8728,-2.218,-0.5016,-1.8637,-0.7586,0.18,FOLLOW
12.72,-1.9101,-0.7613,1.8733,-2.218,-0.5016,-1.8637,-0.7586,0.1822,FOLLOW
12.74,-1.9112,-0.7579,1.8739,-2.22,-0.4987,-1.8637,-0.7586,0.1844,FOLLOW
12.76,-1.9122,-0.7546,1.8744,-2.2219,-0.4958,-1.8637,-0.7586,0.1867,FOLLOW
12.78,-1.9133,-0.7513,1.8749,-2.2258,-0.49,-1.8637,-0.7586,0.1889,FOLLOW
12.8,-1.9143,-0.7479,1.8755,-2.2278,-0.4871,-1.8637,-0.7586,0.1912,FOLLOW
12.82,-1.9153,-0.7447,1.8758,-2.2296,-0.4844,-1.8699,-0.7386,0.1934,FOLLOW
12.84,-1.9164,-0.7415,1.8757,-2.2296,-0.4844,-1.8699,-0.7386,0.1957,FOLLOW
12.86,-1.9174,-0.7383,1.8752,-2.2314,-0.4817,-1.8699,-0.7386,0.1979,FOLLOW
12.88,-1.9184,-0.7351,1.8743,-2.2332,-0.479,-1.8699,-0.7386,0.2002,FOLLOW
12.9,-1.9193,-0.7319,1.873,-2.235,-0.4763,-1.8699,-0.7386,0.2024,FOLLOW
12.92,-1.9203,-0.7288,1.8713,-2.2368,-0.4735,-1.8738,-0.7262,0.2047,FOLLOW
12.94,-1.9213,-0.7257,1.8696,-2.2404,-0.4681,-1.8738,-0.7262,0.2069,FOLLOW
12.96,-1.9222,-0.7226,1.8678,-2.2404,-0.4681,-1.8738,-0.7262,0.2092,FOLLOW
12.98,-1.9232,-0.7194,1.866,-2.2421,-0.4654,-1.8738,-0.7262,0.2114,FOLLOW
13.0,-1.9241,-0.7163,1.8643,-2.2439,-0.4627,-1.8738,-0.7262,0.2137,FOLLOW
13.02,-1.925,-0.7135,1.8624,-2.2457,-0.4599,-1.8786,-0.7106,0.2158,FOLLOW
13.04,-1.9258,-0.7108,1.86,-2.2486,-0.4554,-1.8786,-0.7106,0.2178,FOLLOW
13.06,-1.9266,-0.708,1.8573,-2.25,-0.4531,-1.8786,-0.7106,0.2198,FOLLOW
13.08,-1.9274,-0.7053,1.8541,-2.25,-0.4531,-1.8786,-0.7106,0.2218,FOLLOW
13.1,-1.9282,-0.7026,1.8506,-2.2528,-0.4486,-1.8833,-0.6947,0.2238,FOLLOW
13.12,-1.9289,-0.7,1.8466,-2.2542,-0.4463,-1.8833,-0.6947,0.2258,FOLLOW
13.14,-1.9297,-0.6974,1.8422,-2.2542,-0.4463,-1.8833,-0.6947,0.2277,FOLLOW
13.16,-1.9304,-0.6948,1.8375,-2.2556,-0.4441,-1.8833,-0.6947,0.2297,FOLLOW
13.18,-1.9311,-0.6921,1.8328,-2.2583,-0.4395,-1.8833,-0.6947,0.2316,FOLLOW
13.2,-1.9318,-0.6895,1.8282,-2.2583,-0.4395,-1.8833,-0.6947,0.2336,FOLLOW
13.22,-1.9325,-0.687,1.8233,-2.2597,-0.4372,-1.8862,-0.6844,0.2355,FOLLOW
13.24,-1.9331,-0.6845,1.8181,-2.261,-0.435,-1.8862,-0.6844,0.2374,FOLLOW
13.26,-1.9337,-0.682,1.8128,-2.2635,-0.4306,-1.8862,-0.6844,0.2392,FOLLOW
13.28,-1.9343,-0.6795,1.8074,-2.2635,-0.4306,-1.8862,-0.6844,0.2411,FOLLOW
13.3,-1.9349,-0.6769,1.8021,-2.2647,-0.4284,-1.8862,-0.6844,0.243,FOLLOW
13.32,-1.9355,-0.6744,1.7968,-2.2671,-0.4239,-1.8899,-0.6695,0.2448,FOLLOW
13.34,-1.9361,-0.6719,1.7914,-2.2683,-0.4217,-1.8899,-0.6695,0.2467,FOLLOW
13.36,-1.9366,-0.6694,1.7861,-2.2683,-0.4217,-1.8899,-0.6695,0.2485,FOLLOW
13.38,-1.9372,-0.6669,1.7807,-2.2695,-0.4195,-1.8899,-0.6695,0.2504,FOLLOW
13.4,-1.9377,-0.6644,1.7754,-2.2707,-0.4172,-1.8899,-0.6695,0.2522,FOLLOW
13.42,-1.9382,-0.6619,1.7699,-2.2719,-0.415,-1.8926,-0.6571,0.254,FOLLOW
13.44,-1.9387,-0.6595,1.764,-2.2729,-0.4128,-1.8926,-0.6571,0.2557,FOLLOW
13.46,-1.9391,-0.6572,1.7578,-2.274,-0.4107,-1.8926,-0.6571,0.2575,FOLLOW
13.48,-1.9396,-0.6548,1.7516,-2.275,-0.4086,-1.8926,-0.6571,0.2592,FOLLOW
13.5,-1.94,-0.6524,1.7454,-2.2761,-0.4065,-1.8926,-0.6571,0.2609,FOLLOW
13.52,-1.9404,-0.6501,1.7391,-2.2771,-0.4044,-1.8944,-0.6479,0.2626,FOLLOW
13.54,-1.9408,-0.6477,1.7329,-2.2781,-0.4023,-1.8944,-0.6479,0.2643,FOLLOW
13.56,-1.9412,-0.6453,1.7267,-2.2791,-0.4001,-1.8944,-0.6479,0.266,FOLLOW
13.58,-1.9416,-0.6429,1.7205,-2.281,-0.3958,-1.8944,-0.6479,0.2677,FOLLOW
13.6,-1.9419,-0.6405,1.7142,-2.281,-0.3958,-1.8944,-0.6479,0.2694,FOLLOW
13.62,-1.9422,-0.6382,1.7078,-2.2829,-0.3916,-1.8963,-0.6362,0.2711,FOLLOW
13.64,-1.9425,-0.6359,1.7011,-2.2829,-0.3916,-1.8963,-0.6362,0.2727,FOLLOW
13.66,-1.9428,-0.6337,1.6942,-2.2837,-0.3896,-1.8963,-0.6362,0.2743,FOLLOW
13.68,-1.9431,-0.6314,1.6874,-2.2846,-0.3875,-1.8963,-0.6362,0.2759,FOLLOW
13.7,-1.9434,-0.6291,1.6805,-2.2854,-0.3855,-1.8963,-0.6362,0.2775,FOLLOW
13.72,-1.9436,-0.6268,1.6736,-2.2871,-0.3813,-1.898,-0.6228,0.2791,FOLLOW
13.74,-1.9438,-0.6246,1.6668,-2.2871,-0.3813,-1.898,-0.6228,0.2807,FOLLOW
13.76,-1.944,-0.6223,1.6599,-2.2879,-0.3792,-1.898,-0.6228,0.2823,FOLLOW
13.78,-1.9442,-0.62,1.653,-2.2887,-0.3772,-1.898,-0.6228,0.2838,FOLLOW
13.8,-1.9444,-0.6177,1.6462,-2.2902,-0.373,-1.898,-0.6228,0.2854,FOLLOW
13.82,-1.9446,-0.6156,1.6392,-2.2902,-0.373,-1.8988,-0.614,0.2868,FOLLOW
13.84,-1.9447,-0.6135,1.6318,-2.2915,-0.3693,-1.8988,-0.614,0.2883,FOLLOW
13.86,-1.9448,-0.6115,1.6241,-2.2921,-0.3674,-1.8988,-0.614,0.2897,FOLLOW
13.88,-1.9449,-0.6094,1.616,-2.2921,-0.3674,-1.8988,-0.614,0.2911,FOLLOW
13.9,-1.945,-0.6074,1.6078,-2.2933,-0.3637,-1.8988,-0.614,0.2925,FOLLOW
13.918,-1.9451,-0.6054,1.5995,-2.2933,-0.3637,-1.8994,-0.6039,0.2939,FOLLOW
13.94,-1.9451,-0.6033,1.5913,-2.2939,-0.3618,-1.8994,-0.6039,0.2953,FOLLOW
13.96,-1.9451,-0.6013,1.5831,-2.295,-0.3581,-1.8994,-0.6039,0.2967,FOLLOW
13.98,-1.9452,-0.5993,1.5748,-2.295,-0.3581,-1.8994,-0.6039,0.298,FOLLOW
14.0,-1.9452,-0.5973,1.5666,-2.2961,-0.3543,-1.8996,-0.5942,0.2994,FOLLOW
14.018,-1.9451,-0.5952,1.5585,-2.2961,-0.3543,-1.8996,-0.5942,0.3008,FOLLOW
14.04,-1.9451,-0.5929,1.5507,-2.2966,-0.3523,-1.8996,-0.5942,0.3022,FOLLOW
14.06,-1.945,-0.5907,1.5433,-2.2971,-0.3501,-1.8996,-0.5942,0.3036,FOLLOW
14.08,-1.945,-0.5884,1.5362,-2.2977,-0.348,-1.8996,-0.5942,0.305,FOLLOW
14.1,-1.9449,-0.5862,1.5293,-2.2982,-0.3458,-1.8996,-0.5942,0.3065,FOLLOW
14.12,-1.9448,-0.5839,1.5223,-2.2987,-0.3437,-1.8994,-0.5835,0.3079,FOLLOW
14.14,-1.9447,-0.5816,1.5154,-2.2992,-0.3415,-1.8994,-0.5835,0.3093,FOLLOW
14.16,-1.9445,-0.5794,1.5084,-2.2997,-0.3394,-1.8994,-0.5835,0.3106,FOLLOW
14.18,-1.9444,-0.5771,1.5015,-2.3006,-0.335,-1.8994,-0.5835,0.312,FOLLOW
14.2,-1.9442,-0.5748,1.4945,-2.3006,-0.335,-1.8994,-0.5835,0.3134,FOLLOW
14.22,-1.944,-0.5727,1.4874,-2.301,-0.3329,-1.8988,-0.5724,0.3147,FOLLOW
14.24,-1.9439,-0.5706,1.48,-2.3014,-0.3309,-1.8988,-0.5724,0.316,FOLLOW
14.26,-1.9437,-0.5686,1.4722,-2.3017,-0.329,-1.8988,-0.5724,0.3172,FOLLOW
14.28,-1.9435,-0.5666,1.464,-2.3021,-0.3271,-1.8988,-0.5724,0.3185,FOLLOW
14.3,-1.9432,-0.5646,1.4558,-2.3027,-0.3233,-1.8988,-0.5724,0.3197,FOLLOW
14.32,-1.943,-0.5626,1.4475,-2.3027,-0.3233,-1.8979,-0.5624,0.321,FOLLOW
14.34,-1.9427,-0.5606,1.4392,-2.3032,-0.3194,-1.8979,-0.5624,0.3222,FOLLOW
14.36,-1.9424,-0.5586,1.431,-2.3032,-0.3194,-1.8979,-0.5624,0.3234,FOLLOW
14.38,-1.9422,-0.5566,1.4227,-2.3035,-0.3175,-1.8979,-0.5624,0.3246,FOLLOW
14.4,-1.9418,-0.5546,1.4145,-2.3037,-0.3155,-1.8979,-0.5624,0.3258,FOLLOW
14.42,-1.9415,-0.5526,1.406,-2.3039,-0.3136,-1.8966,-0.5528,0.3269,FOLLOW
14.44,-1.9412,-0.5507,1.3974,-2.3041,-0.3117,-1.8966,-0.5528,0.3281,FOLLOW
14.46,-1.9409,-0.5488,1.3887,-2.3043,-0.3099,-1.8966,-0.5528,0.3292,FOLLOW
14.48,-1.9405,-0.5469,1.38,-2.3046,-0.3062,-1.8966,-0.5528,0.3303,FOLLOW
14.5,-1.9401,-0.545,1.3713,-2.3046,-0.3062,-1.8966,-0.5528,0.3315,FOLLOW
14.52,-1.9397,-0.5431,1.3626,-2.3048,-0.3043,-1.895,-0.5435,0.3326,FOLLOW
14.54,-1.9393,-0.5412,1.3539,-2.3049,-0.3025,-1.895,-0.5435,0.3336,FOLLOW
14.56,-1.9389,-0.5393,1.3452,-2.305,-0.3006,-1.895,-0.5435,0.3347,FOLLOW
14.58,-1.9384,-0.5374,1.3366,-2.3051,-0.2987,-1.895,-0.5435,0.3358,FOLLOW
14.6,-1.938,-0.5355,1.3279,-2.3051,-0.2969,-1.895,-0.5435,0.3369,FOLLOW
14.62,-1.9375,-0.5336,1.3194,-2.3052,-0.293,-1.893,-0.5344,0.338,FOLLOW
14.64,-1.937,-0.5315,1.3113,-2.3052,-0.293,-1.893,-0.5344,0.339,FOLLOW
14.66,-1.9364,-0.5294,1.3035,-2.3053,-0.2888,-1.893,-0.5344,0.3401,FOLLOW
14.68,-1.9358,-0.5274,1.296,-2.3052,-0.2867,-1.893,-0.5344,0.3412,FOLLOW
14.7,-1.9352,-0.5253,1.2884,-2.3052,-0.2867,-1.8904,-0.5246,0.3423,FOLLOW
14.72,-1.9346,-0.5232,1.2809,-2.3052,-0.2846,-1.8904,-0.5246,0.3433,FOLLOW
14.74,-1.934,-0.5212,1.2733,-2.3052,-0.2826,-1.8904,-0.5246,0.3444,FOLLOW
14.76,-1.9333,-0.5191,1.2657,-2.3051,-0.2805,-1.8904,-0.5246,0.3454,FOLLOW
14.78,-1.9327,-0.517,1.2582,-2.305,-0.2763,-1.8904,-0.5246,0.3465,FOLLOW
14.8,-1.932,-0.515,1.2506,-2.305,-0.2763,-1.8904,-0.5246,0.3475,FOLLOW
14.82,-1.9314,-0.5131,1.2429,-2.3048,-0.2724,-1.8873,-0.5146,0.3485,FOLLOW
14.84,-1.9307,-0.5113,1.2347,-2.3048,-0.2724,-1.8873,-0.5146,0.3494,FOLLOW
14.86,-1.9301,-0.5094,1.2261,-2.3045,-0.2687,-1.8873,-0.5146,0.3503,FOLLOW
14.88,-1.9294,-0.5076,1.2173,-2.3045,-0.2687,-1.8873,-0.5146,0.3513,FOLLOW
14.9,-1.9288,-0.5059,1.2084,-2.3044,-0.2669,-1.8873,-0.5146,0.3522,FOLLOW
14.92,-1.9281,-0.5041,1.1995,-2.3042,-0.2651,-1.8842,-0.5058,0.3531,FOLLOW
14.94,-1.9274,-0.5023,1.1907,-2.304,-0.2633,-1.8842,-0.5058,0.354,FOLLOW
14.96,-1.9267,-0.5005,1.1818,-2.3038,-0.2614,-1.8842,-0.5058,0.3549,FOLLOW
14.98,-1.9259,-0.4988,1.1729,-2.3034,-0.2578,-1.8842,-0.5058,0.3558,FOLLOW
15.0,-1.9252,-0.497,1.164,-2.3034,-0.2578,-1.8842,-0.5058,0.3566,FOLLOW
15.02,-1.9245,-0.4954,1.155,-2.3031,-0.256,-1.8808,-0.4973,0.3575,FOLLOW
15.04,-1.9237,-0.4937,1.1456,-2.3029,-0.2543,-1.8808,-0.4973,0.3583,FOLLOW
15.06,-1.923,-0.4921,1.1362,-2.3026,-0.2526,-1.8808,-0.4973,0.3591,FOLLOW
15.08,-1.9222,-0.4904,1.1268,-2.302,-0.2492,-1.8808,-0.4973,0.3599,FOLLOW
15.1,-1.9214,-0.4888,1.1174,-2.3017,-0.2475,-1.8808,-0.4973,0.3607,FOLLOW
15.12,-1.9206,-0.4872,1.1079,-2.3017,-0.2475,-1.8772,-0.4893,0.3615,FOLLOW
15.14,-1.9198,-0.4856,1.0985,-2.3014,-0.2458,-1.8772,-0.4893,0.3622,FOLLOW
15.16,-1.919,-0.484,1.0891,-2.301,-0.2442,-1.8772,-0.4893,0.363,FOLLOW
15.18,-1.9181,-0.4824,1.0797,-2.3007,-0.2425,-1.8772,-0.4893,0.3637,FOLLOW
15.2,-1.9173,-0.4808,1.0703,-2.2999,-0.2391,-1.8772,-0.4893,0.3645,FOLLOW
15.22,-1.9164,-0.4793,1.0607,-2.2999,-0.2391,-1.8734,-0.4817,0.3652,FOLLOW
15.24,-1.9156,-0.4779,1.0507,-2.2995,-0.2376,-1.8734,-0.4817,0.3659,FOLLOW
15.26,-1.9148,-0.4764,1.0406,-2.2987,-0.2345,-1.8734,-0.4817,0.3666,FOLLOW
15.28,-1.9139,-0.475,1.0305,-2.2987,-0.2345,-1.8734,-0.4817,0.3672,FOLLOW
15.3,-1.913,-0.4735,1.0204,-2.2983,-0.233,-1.8734,-0.4817,0.3679,FOLLOW
15.32,-1.9122,-0.4721,1.0103,-2.2979,-0.2315,-1.8694,-0.4747,0.3686,FOLLOW
15.34,-1.9113,-0.4707,1.0002,-2.2974,-0.23,-1.8694,-0.4747,0.3692,FOLLOW
15.36,-1.9103,-0.4693,0.9901,-2.2969,-0.2285,-1.8694,-0.4747,0.3698,FOLLOW
15.38,-1.9094,-0.4679,0.9801,-2.2964,-0.2269,-1.8694,-0.4747,0.3704,FOLLOW
15.4,-1.9085,-0.4665,0.97,-2.2959,-0.2254,-1.8694,-0.4747,0.371,FOLLOW
15.42,-1.9076,-0.4652,0.9597,-2.2954,-0.2239,-1.8651,-0.468,0.3716,FOLLOW
15.44,-1.9066,-0.4639,0.9492,-2.2949,-0.2225,-1.8651,-0.468,0.3722,FOLLOW
15.46,-1.9057,-0.4626,0.9387,-2.2939,-0.2197,-1.8651,-0.468,0.3727,FOLLOW
15.48,-1.9048,-0.4613,0.9282,-2.2939,-0.2197,-1.8651,-0.468,0.3733,FOLLOW
15.5,-1.9038,-0.4601,0.9176,-2.2933,-0.2183,-1.8651,-0.468,0.3738,FOLLOW
15.52,-1.9028,-0.4588,0.9071,-2.2928,-0.2169,-1.8607,-0.4619,0.3743,FOLLOW
15.54,-1.9018,-0.4576,0.8966,-2.2916,-0.2142,-1.8607,-0.4619,0.3749,FOLLOW
15.56,-1.9008,-0.4563,0.8861,-2.2916,-0.2142,-1.8607,-0.4619,0.3753,FOLLOW
15.58,-1.8998,-0.4551,0.8756,-2.2904,-0.2114,-1.8607,-0.4619,0.3758,FOLLOW
15.6,-1.8988,-0.4539,0.8651,-2.2904,-0.2114,-1.8607,-0.4619,0.3763,FOLLOW
15.62,-1.8978,-0.4527,0.8544,-2.2898,-0.2101,-1.856,-0.456,0.3768,FOLLOW
15.64,-1.8968,-0.4516,0.8436,-2.2891,-0.2088,-1.856,-0.456,0.3772,FOLLOW
15.66,-1.8957,-0.4504,0.8328,-2.2878,-0.2062,-1.856,-0.456,0.3776,FOLLOW
15.68,-1.8947,-0.4493,0.822,-2.2872,-0.2049,-1.856,-0.456,0.3781,FOLLOW
15.7,-1.8936,-0.4482,0.8111,-2.2872,-0.2049,-1.856,-0.456,0.3785,FOLLOW
15.722,-1.8926,-0.4471,0.8003,-2.2858,-0.2024,-1.8512,-0.4506,0.3789,FOLLOW
15.74,-1.8915,-0.446,0.7895,-2.2858,-0.2024,-1.8512,-0.4506,0.3793,FOLLOW
15.76,-1.8904,-0.4449,0.7787,-2.2851,-0.2011,-1.8512,-0.4506,0.3796,FOLLOW
15.78,-1.8893,-0.4438,0.7679,-2.2837,-0.1987,-1.8512,-0.4506,0.38,FOLLOW
15.8,-1.8882,-0.4428,0.7571,-2.2837,-0.1987,-1.8512,-0.4506,0.3803,FOLLOW
15.82,-1.887,-0.4417,0.7465,-2.2821,-0.1961,-1.8461,-0.4455,0.3806,FOLLOW
15.84,-1.8858,-0.4405,0.7363,-2.2821,-0.1961,-1.8461,-0.4455,0.3809,FOLLOW
15.86,-1.8845,-0.4394,0.7263,-2.2812,-0.1948,-1.8461,-0.4455,0.3812,FOLLOW
15.88,-1.8832,-0.4383,0.7164,-2.2804,-0.1934,-1.8461,-0.4455,0.3815,FOLLOW
15.9,-1.882,-0.4372,0.7064,-2.2786,-0.1907,-1.8461,-0.4455,0.3817,FOLLOW
15.92,-1.8807,-0.4361,0.6964,-2.2786,-0.1907,-1.8403,-0.4402,0.3819,FOLLOW
15.94,-1.8794,-0.435,0.6864,-2.2777,-0.1894,-1.8403,-0.4402,0.3822,FOLLOW
15.96,-1.878,-0.434,0.6764,-2.2768,-0.1881,-1.8403,-0.4402,0.3824,FOLLOW
15.98,-1.8767,-0.4329,0.6665,-2.2758,-0.1868,-1.8403,-0.4402,0.3826,FOLLOW
16.0,-1.8754,-0.4319,0.6565,-2.2749,-0.1855,-1.8403,-0.4402,0.3828,FOLLOW
16.02,-1.8741,-0.4309,0.6463,-2.2739,-0.1842,-1.8341,-0.4352,0.3829,FOLLOW
16.04,-1.8729,-0.43,0.6357,-2.273,-0.1831,-1.8341,-0.4352,0.3831,FOLLOW
16.06,-1.8717,-0.4291,0.6246,-2.2722,-0.182,-1.8341,-0.4352,0.3833,FOLLOW
16.08,-1.8705,-0.4283,0.6136,-2.2713,-0.1809,-1.8341,-0.4352,0.3835,FOLLOW
16.1,-1.8693,-0.4274,0.6025,-2.2704,-0.1799,-1.8341,-0.4352,0.3837,FOLLOW
16.12,-1.868,-0.4266,0.5915,-2.2695,-0.1788,-1.8284,-0.4309,0.3838,FOLLOW
16.14,-1.8668,-0.4258,0.5804,-2.2686,-0.1778,-1.8284,-0.4309,0.384,FOLLOW
16.16,-1.8655,-0.425,0.5693,-2.2677,-0.1767,-1.8284,-0.4309,0.3841,FOLLOW
16.18,-1.8643,-0.4242,0.5583,-2.2668,-0.1757,-1.8284,-0.4309,0.3842,FOLLOW
16.2,-1.863,-0.4234,0.5472,-2.2659,-0.1747,-1.8284,-0.4309,0.3843,FOLLOW
16.22,-1.8617,-0.4226,0.5362,-2.2649,-0.1736,-1.8226,-0.4271,0.3844,FOLLOW
16.24,-1.8605,-0.4219,0.5251,-2.2639,-0.1726,-1.8226,-0.4271,0.3845,FOLLOW
16.26,-1.8592,-0.4211,0.5141,-2.263,-0.1716,-1.8226,-0.4271,0.3845,FOLLOW
16.28,-1.8579,-0.4204,0.5031,-2.262,-0.1707,-1.8226,-0.4271,0.3846,FOLLOW
16.3,-1.8565,-0.4197,0.4921,-2.261,-0.1697,-1.8226,-0.4271,0.3846,FOLLOW
16.318,-1.8552,-0.419,0.481,-2.26,-0.1687,-1.8165,-0.4236,0.3846,FOLLOW
16.34,-1.8539,-0.4183,0.47,-2.2579,-0.1668,-1.8165,-0.4236,0.3846,FOLLOW
16.36,-1.8526,-0.4177,0.459,-2.2579,-0.1668,-1.8165,-0.4236,0.3846,FOLLOW
16.38,-1.8512,-0.417,0.448,-2.2569,-0.1659,-1.8165,-0.4236,0.3846,FOLLOW
16.4,-1.8499,-0.4164,0.4369,-2.2548,-0.1641,-1.8103,-0.4204,0.3845,FOLLOW
16.42,-1.8485,-0.4157,0.4261,-2.2548,-0.1641,-1.8103,-0.4204,0.3844,FOLLOW
16.44,-1.847,-0.4151,0.4154,-2.2537,-0.1631,-1.8103,-0.4204,0.3843,FOLLOW
16.46,-1.8456,-0.4145,0.4048,-2.2525,-0.1622,-1.8103,-0.4204,0.3842,FOLLOW
16.48,-1.8442,-0.4139,0.3941,-2.2514,-0.1613,-1.8103,-0.4204,0.3841,FOLLOW
16.5,-1.8427,-0.4133,0.3834,-2.2502,-0.1604,-1.8103,-0.4204,0.384,FOLLOW
16.52,-1.8413,-0.4127,0.3728,-2.249,-0.1595,-1.8023,-0.4169,0.3838,FOLLOW
16.54,-1.8398,-0.4121,0.3621,-2.2479,-0.1586,-1.8023,-0.4169,0.3837,FOLLOW
16.56,-1.8383,-0.4116,0.3515,-2.2467,-0.1578,-1.8023,-0.4169,0.3835,FOLLOW
16.58,-1.8369,-0.4111,0.3408,-2.2443,-0.1561,-1.8023,-0.4169,0.3833,FOLLOW
16.6,-1.8354,-0.4106,0.3301,-2.2443,-0.1561,-1.8023,-0.4169,0.3831,FOLLOW
16.62,-1.8338,-0.41,0.3196,-2.2431,-0.1552,-1.7968,-0.4149,0.3828,FOLLOW
16.64,-1.8322,-0.4095,0.3095,-2.2418,-0.1544,-1.7968,-0.4149,0.3825,FOLLOW
16.66,-1.8306,-0.409,0.2995,-2.2405,-0.1535,-1.7968,-0.4149,0.3822,FOLLOW
16.68,-1.829,-0.4085,0.2894,-2.2391,-0.1527,-1.7968,-0.4149,0.3819,FOLLOW
16.7,-1.8274,-0.4081,0.2793,-2.2378,-0.1518,-1.7894,-0.4125,0.3816,FOLLOW
16.72,-1.8258,-0.4076,0.2692,-2.2364,-0.151,-1.7894,-0.4125,0.3813,FOLLOW
16.74,-1.8242,-0.4072,0.2592,-2.2351,-0.1502,-1.7894,-0.4125,0.3809,FOLLOW
16.76,-1.8226,-0.4068,0.2491,-2.2337,-0.1494,-1.7894,-0.4125,0.3805,FOLLOW
16.78,-1.8209,-0.4064,0.239,-2.2323,-0.1486,-1.7894,-0.4125,0.3801,FOLLOW
16.798,-1.8193,-0.406,0.2289,-2.2309,-0.1478,-1.7894,-0.4125,0.3798,FOLLOW
16.82,-1.8177,-0.4056,0.2187,-2.2295,-0.1471,-1.7818,-0.4105,0.3794,FOLLOW
16.842,-1.8162,-0.4053,0.2083,-2.2282,-0.1463,-1.7818,-0.4105,0.379,FOLLOW
16.86,-1.8146,-0.405,0.1978,-2.2269,-0.1457,-1.7818,-0.4105,0.3786,FOLLOW
16.88,-1.813,-0.4046,0.1873,-2.2255,-0.145,-1.7818,-0.4105,0.3782,FOLLOW
16.9,-1.8115,-0.4044,0.1768,-2.2242,-0.1443,-1.7818,-0.4105,0.3778,FOLLOW
16.92,-1.8099,-0.4041,0.1663,-2.2228,-0.1437,-1.7743,-0.4089,0.3774,FOLLOW
16.94,-1.8083,-0.4038,0.1558,-2.2215,-0.143,-1.7743,-0.4089,0.3769,FOLLOW
16.96,-1.8068,-0.4036,0.1453,-2.2201,-0.1424,-1.7743,-0.4089,0.3765,FOLLOW
16.98,-1.8052,-0.4034,0.1348,-2.2187,-0.1418,-1.7743,-0.4089,0.376,FOLLOW
17.0,-1.8036,-0.4032,0.1243,-2.2173,-0.1412,-1.7743,-0.4089,0.3755,FOLLOW
17.02,-1.8019,-0.403,0.1139,-2.216,-0.1406,-1.7669,-0.4077,0.375,FOLLOW
17.04,-1.8002,-0.4028,0.104,-2.2144,-0.14,-1.7669,-0.4077,0.3744,FOLLOW
17.06,-1.7984,-0.4026,0.0944,-2.2113,-0.1388,-1.7669,-0.4077,0.3738,FOLLOW
17.08,-1.7966,-0.4025,0.0849,-2.2113,-0.1388,-1.7669,-0.4077,0.3731,FOLLOW
17.1,-1.7949,-0.4023,0.0754,-2.2081,-0.1376,-1.7587,-0.4069,0.3724,FOLLOW
17.12,-1.7931,-0.4022,0.0659,-2.2081,-0.1376,-1.7587,-0.4069,0.3718,FOLLOW
17.14,-1.7913,-0.4021,0.0564,-2.2065,-0.1371,-1.7587,-0.4069,0.3711,FOLLOW
17.16,-1.7895,-0.402,0.0469,-2.2048,-0.1365,-1.7587,-0.4069,0.3704,FOLLOW
17.18,-1.7877,-0.4019,0.0374,-2.2032,-0.136,-1.7587,-0.4069,0.3697,FOLLOW
17.2,-1.7859,-0.4019,0.0279,-2.2016,-0.1355,-1.7587,-0.4069,0.3689,FOLLOW
17.22,-1.7841,-0.4018,0.0186,-2.2,-0.135,-1.7502,-0.4064,0.3682,FOLLOW
17.24,-1.7822,-0.4018,0.0094,-2.1983,-0.1345,-1.7502,-0.4064,0.3674,FOLLOW
17.26,-1.7804,-0.4018,0.0002,-2.1966,-0.134,-1.7502,-0.4064,0.3666,FOLLOW
17.28,-1.7786,-0.4018,-0.0089,-2.1949,-0.1335,-1.7502,-0.4064,0.3658,FOLLOW
17.3,-1.7767,-0.4018,-0.0181,-2.1932,-0.1331,-1.7415,-0.4063,0.3649,FOLLOW
17.32,-1.7749,-0.4019,-0.0273,-2.1915,-0.1326,-1.7415,-0.4063,0.3641,FOLLOW
17.34,-1.773,-0.4019,-0.0365,-2.1898,-0.1322,-1.7415,-0.4063,0.3633,FOLLOW
17.36,-1.7712,-0.402,-0.0456,-2.1881,-0.1318,-1.7415,-0.4063,0.3624,FOLLOW
17.38,-1.7693,-0.4021,-0.0548,-2.1863,-0.1314,-1.7415,-0.4063,0.3615,FOLLOW
17.4,-1.7675,-0.4022,-0.064,-2.1846,-0.131,-1.7326,-0.4066,0.3606,FOLLOW
17.42,-1.7656,-0.4023,-0.0732,-2.1812,-0.1303,-1.7326,-0.4066,0.3598,FOLLOW
17.44,-1.7638,-0.4025,-0.0824,-2.1812,-0.1303,-1.7326,-0.4066,0.3588,FOLLOW
17.46,-1.762,-0.4027,-0.0916,-2.1794,-0.13,-1.7326,-0.4066,0.3579,FOLLOW
17.48,-1.7601,-0.4028,-0.1008,-2.1777,-0.1297,-1.7326,-0.4066,0.357,FOLLOW
17.5,-1.7583,-0.403,-0.11,-2.176,-0.1294,-1.7326,-0.4066,0.3561,FOLLOW
17.52,-1.7565,-0.4032,-0.1191,-2.1725,-0.1288,-1.7239,-0.4074,0.3551,FOLLOW
17.54,-1.7546,-0.4035,-0.1283,-2.1725,-0.1288,-1.7239,-0.4074,0.3542,FOLLOW
17.56,-1.7528,-0.4037,-0.1375,-2.1707,-0.1286,-1.7239,-0.4074,0.3532,FOLLOW
17.58,-1.751,-0.404,-0.1467,-2.169,-0.1283,-1.7239,-0.4074,0.3522,FOLLOW
17.6,-1.7492,-0.4043,-0.1559,-2.1655,-0.1279,-1.7151,-0.4085,0.3512,FOLLOW
17.62,-1.7475,-0.4045,-0.1653,-2.1655,-0.1279,-1.7151,-0.4085,0.3503,FOLLOW
17.64,-1.7458,-0.4048,-0.175,-2.1623,-0.1276,-1.7151,-0.4085,0.3494,FOLLOW
17.66,-1.7442,-0.4051,-0.1851,-2.1608,-0.1275,-1.7151,-0.4085,0.3485,FOLLOW
17.68,-1.7425,-0.4054,-0.1952,-2.1608,-0.1275,-1.7151,-0.4085,0.3476,FOLLOW
17.7,-1.7409,-0.4058,-0.2054,-2.1592,-0.1274,-1.7151,-0.4085,0.3467,FOLLOW
17.72,-1.7393,-0.4061,-0.2156,-2.1561,-0.1272,-1.7072,-0.4099,0.3458,FOLLOW
17.74,-1.7377,-0.4065,-0.2257,-2.1545,-0.1271,-1.7072,-0.4099,0.3449,FOLLOW
17.76,-1.736,-0.4069,-0.2359,-2.153,-0.127,-1.7072,-0.4099,0.3439,FOLLOW
17.78,-1.7344,-0.4073,-0.2461,-2.153,-0.127,-1.7072,-0.4099,0.343,FOLLOW
17.8,-1.7328,-0.4077,-0.2562,-2.1498,-0.127,-1.7072,-0.4099,0.342,FOLLOW
17.82,-1.7313,-0.4081,-0.2666,-2.1498,-0.127,-1.698,-0.412,0.3411,FOLLOW
17.84,-1.7298,-0.4085,-0.2773,-2.1484,-0.127,-1.698,-0.412,0.3403,FOLLOW
17.86,-1.7284,-0.4089,-0.2881,-2.147,-0.127,-1.698,-0.412,0.3394,FOLLOW
17.88,-1.7269,-0.4094,-0.299,-2.1455,-0.127,-1.698,-0.412,0.3385,FOLLOW
17.9,-1.7254,-0.4098,-0.3098,-2.1427,-0.1271,-1.698,-0.412,0.3376,FOLLOW
17.92,-1.724,-0.4103,-0.3207,-2.1412,-0.1272,-1.6925,-0.4136,0.3366,FOLLOW
17.94,-1.7225,-0.4108,-0.3315,-2.1412,-0.1272,-1.6925,-0.4136,0.3357,FOLLOW
17.96,-1.7211,-0.4113,-0.3424,-2.1398,-0.1273,-1.6925,-0.4136,0.3348,FOLLOW
17.98,-1.7197,-0.4118,-0.3532,-2.1384,-0.1274,-1.6925,-0.4136,0.3338,FOLLOW
18.0,-1.7182,-0.4124,-0.364,-2.1369,-0.1275,-1.6925,-0.4136,0.3328,FOLLOW
18.02,-1.717,-0.4129,-0.3751,-2.1355,-0.1276,-1.6858,-0.4159,0.332,FOLLOW
18.04,-1.7157,-0.4134,-0.3865,-2.1343,-0.1278,-1.6858,-0.4159,0.3312,FOLLOW
18.06,-1.7145,-0.4139,-0.3984,-2.1332,-0.1279,-1.6858,-0.4159,0.3304,FOLLOW
18.08,-1.7133,-0.4144,-0.4105,-2.132,-0.1281,-1.6858,-0.4159,0.3296,FOLLOW
18.1,-1.7122,-0.4149,-0.4226,-2.1308,-0.1282,-1.6858,-0.4159,0.3288,FOLLOW
18.12,-1.711,-0.4154,-0.4347,-2.1297,-0.1284,-1.68,-0.4183,0.3279,FOLLOW
18.14,-1.7098,-0.416,-0.4468,-2.1285,-0.1286,-1.68,-0.4183,0.3271,FOLLOW
18.16,-1.7087,-0.4166,-0.459,-2.1273,-0.1288,-1.68,-0.4183,0.3263,FOLLOW
18.18,-1.7075,-0.4171,-0.4711,-2.1262,-0.129,-1.68,-0.4183,0.3254,FOLLOW
18.2,-1.7064,-0.4177,-0.4832,-2.125,-0.1293,-1.68,-0.4183,0.3245,FOLLOW
18.22,-1.7053,-0.4183,-0.4955,-2.1239,-0.1295,-1.6747,-0.4208,0.3237,FOLLOW
18.24,-1.7042,-0.4189,-0.5083,-2.1228,-0.1298,-1.6747,-0.4208,0.3229,FOLLOW
18.26,-1.7031,-0.4195,-0.5214,-2.1218,-0.13,-1.6747,-0.4208,0.3221,FOLLOW
18.28,-1.7021,-0.4201,-0.5347,-2.1207,-0.1303,-1.6747,-0.4208,0.3212,FOLLOW
18.3,-1.7011,-0.4207,-0.5479,-2.1197,-0.1306,-1.6699,-0.4235,0.3204,FOLLOW
18.32,-1.7001,-0.4214,-0.5611,-2.1176,-0.1312,-1.6699,-0.4235,0.3196,FOLLOW
18.34,-1.6991,-0.422,-0.5744,-2.1176,-0.1312,-1.6699,-0.4235,0.3187,FOLLOW
18.36,-1.6981,-0.4227,-0.5876,-2.1166,-0.1315,-1.6699,-0.4235,0.3179,FOLLOW
18.38,-1.6971,-0.4234,-0.6008,-2.1156,-0.1319,-1.6699,-0.4235,0.317,FOLLOW
18.4,-1.6961,-0.424,-0.6141,-2.1145,-0.1322,-1.6654,-0.4264,0.3161,FOLLOW
18.42,-1.6951,-0.4247,-0.6271,-2.1135,-0.1326,-1.6654,-0.4264,0.3152,FOLLOW
18.44,-1.6942,-0.4254,-0.6398,-2.1125,-0.133,-1.6654,-0.4264,0.3143,FOLLOW
18.46,-1.6932,-0.4262,-0.6525,-2.1115,-0.1334,-1.6654,-0.4264,0.3134,FOLLOW
18.48,-1.6923,-0.4269,-0.6652,-2.1105,-0.1338,-1.6654,-0.4264,0.3125,FOLLOW
18.5,-1.6913,-0.4276,-0.6779,-2.1095,-0.1342,-1.6654,-0.4264,0.3116,FOLLOW
18.518,-1.6904,-0.4284,-0.6906,-2.1085,-0.1346,-1.6611,-0.4296,0.3106,FOLLOW
18.54,-1.6895,-0.4292,-0.7033,-2.1075,-0.1351,-1.6611,-0.4296,0.3097,FOLLOW
18.56,-1.6886,-0.4299,-0.716,-2.1065,-0.1355,-1.6611,-0.4296,0.3087,FOLLOW
18.58,-1.6877,-0.4307,-0.7287,-2.1056,-0.136,-1.6611,-0.4296,0.3077,FOLLOW
18.6,-1.6868,-0.4315,-0.7414,-2.1046,-0.1365,-1.6611,-0.4296,0.3067,FOLLOW
18.62,-1.6859,-0.4324,-0.7539,-2.1036,-0.137,-1.6569,-0.4331,0.3057,FOLLOW
18.64,-1.6848,-0.4334,-0.766,-2.1025,-0.1375,-1.6569,-0.4331,0.3044,FOLLOW
18.66,-1.6837,-0.4345,-0.7775,-2.1012,-0.1383,-1.6569,-0.4331,0.3031,FOLLOW
18.68,-1.6826,-0.4356,-0.7887,-2.0985,-0.1398,-1.6569,-0.4331,0.3017,FOLLOW
18.7,-1.6815,-0.4368,-0.7993,-2.0985,-0.1398,-1.6569,-0.4331,0.3002,FOLLOW
18.72,-1.6803,-0.4379,-0.8096,-2.0971,-0.1406,-1.6519,-0.4379,0.2987,FOLLOW
18.74,-1.6792,-0.4391,-0.8198,-2.0958,-0.1414,-1.6519,-0.4379,0.2972,FOLLOW
18.76,-1.6781,-0.4404,-0.83,-2.0945,-0.1422,-1.6519,-0.4379,0.2957,FOLLOW
18.78,-1.677,-0.4416,-0.8403,-2.0932,-0.143,-1.6519,-0.4379,0.2942,FOLLOW
18.8,-1.6759,-0.4428,-0.8505,-2.0918,-0.1438,-1.6466,-0.4436,0.2927,FOLLOW
18.82,-1.675,-0.4439,-0.861,-2.0905,-0.1447,-1.6466,-0.4436,0.2914,FOLLOW
18.84,-1.6741,-0.445,-0.8719,-2.0895,-0.1454,-1.6466,-0.4436,0.2901,FOLLOW
18.86,-1.6732,-0.446,-0.8832,-2.0885,-0.1461,-1.6466,-0.4436,0.2889,FOLLOW
18.88,-1.6723,-0.4471,-0.895,-2.0875,-0.1468,-1.6466,-0.4436,0.2877,FOLLOW
18.9,-1.6715,-0.4481,-0.9069,-2.0865,-0.1475,-1.6466,-0.4436,0.2864,FOLLOW
18.92,-1.6707,-0.4492,-0.9188,-2.0855,-0.1482,-1.6424,-0.4486,0.2852,FOLLOW
18.94,-1.6699,-0.4502,-0.9308,-2.0846,-0.1489,-1.6424,-0.4486,0.284,FOLLOW
18.96,-1.6691,-0.4513,-0.9427,-2.0826,-0.1504,-1.6424,-0.4486,0.2827,FOLLOW
18.98,-1.6684,-0.4524,-0.9546,-2.0817,-0.1512,-1.6424,-0.4486,0.2815,FOLLOW
19.0,-1.6676,-0.4534,-0.9665,-2.0817,-0.1512,-1.6424,-0.4486,0.2802,FOLLOW
19.02,-1.6668,-0.4546,-0.9782,-2.0808,-0.152,-1.6388,-0.4534,0.2789,FOLLOW
19.04,-1.6661,-0.4557,-0.9897,-2.0788,-0.1537,-1.6388,-0.4534,0.2776,FOLLOW
19.06,-1.6653,-0.4569,-1.0013,-2.0788,-0.1537,-1.6388,-0.4534,0.2762,FOLLOW
19.08,-1.6646,-0.4581,-1.0129,-2.0779,-0.1545,-1.6388,-0.4534,0.2749,FOLLOW
19.1,-1.6638,-0.4593,-1.0244,-2.0769,-0.1554,-1.6388,-0.4534,0.2735,FOLLOW
19.12,-1.6631,-0.4605,-1.036,-2.075,-0.1572,-1.6353,-0.4588,0.2722,FOLLOW
19.14,-1.6624,-0.4617,-1.0475,-2.075,-0.1572,-1.6353,-0.4588,0.2708,FOLLOW
19.16,-1.6617,-0.4629,-1.0591,-2.0741,-0.1581,-1.6353,-0.4588,0.2694,FOLLOW
19.18,-1.6611,-0.4641,-1.0707,-2.0732,-0.159,-1.6353,-0.4588,0.2681,FOLLOW
19.2,-1.6604,-0.4653,-1.0822,-2.0723,-0.1599,-1.6353,-0.4588,0.2667,FOLLOW
19.22,-1.6598,-0.4665,-1.0939,-2.0714,-0.1608,-1.6321,-0.4643,0.2653,FOLLOW
19.24,-1.6592,-0.4678,-1.1055,-2.0706,-0.1618,-1.6321,-0.4643,0.264,FOLLOW
19.26,-1.6585,-0.469,-1.1171,-2.0697,-0.1627,-1.6321,-0.4643,0.2626,FOLLOW
19.28,-1.658,-0.4703,-1.1288,-2.068,-0.1646,-1.6321,-0.4643,0.2612,FOLLOW
19.3,-1.6574,-0.4715,-1.1404,-2.068,-0.1646,-1.6321,-0.4643,0.2598,FOLLOW
19.32,-1.6568,-0.4728,-1.1521,-2.0672,-0.1656,-1.6287,-0.4712,0.2584,FOLLOW
19.34,-1.6563,-0.474,-1.1637,-2.0664,-0.1666,-1.6287,-0.4712,0.2571,FOLLOW
19.36,-1.6557,-0.4753,-1.1753,-2.0656,-0.1676,-1.6287,-0.4712,0.2557,FOLLOW
19.38,-1.6552,-0.4766,-1.187,-2.0648,-0.1686,-1.6287,-0.4712,0.2543,FOLLOW
19.4,-1.6547,-0.4778,-1.1986,-2.0633,-0.1706,-1.6287,-0.4712,0.2529,FOLLOW
19.42,-1.6542,-0.4792,-1.2105,-2.0633,-0.1706,-1.6262,-0.477,0.2514,FOLLOW
19.44,-1.6537,-0.4806,-1.2228,-2.062,-0.1724,-1.6262,-0.477,0.2499,FOLLOW
19.46,-1.6532,-0.4819,-1.2355,-2.0614,-0.1733,-1.6262,-0.477,0.2484,FOLLOW
19.48,-1.6527,-0.4832,-1.2486,-2.0614,-0.1733,-1.6262,-0.477,0.247,FOLLOW
19.5,-1.6523,-0.4845,-1.2622,-2.0608,-0.1742,-1.6262,-0.477,0.2456,FOLLOW
19.52,-1.6519,-0.4859,-1.2762,-2.0602,-0.1751,-1.6248,-0.4811,0.2441,FOLLOW
19.54,-1.6515,-0.4872,-1.2906,-2.0591,-0.1769,-1.6248,-0.4811,0.2427,FOLLOW
19.56,-1.6512,-0.4884,-1.3054,-2.0591,-0.1769,-1.6248,-0.4811,0.2413,FOLLOW
19.58,-1.6508,-0.4897,-1.3206,-2.0586,-0.1779,-1.6248,-0.4811,0.24,FOLLOW
19.6,-1.6505,-0.4909,-1.3363,-2.0581,-0.1788,-1.6248,-0.4811,0.2386,FOLLOW
19.62,-1.6505,-0.4914,-1.352,-2.0576,-0.1798,-1.6248,-0.4811,0.2381,FOLLOW
19.64,-1.6505,-0.4915,-1.3672,-2.0575,-0.1799,-1.6248,-0.4811,0.2379,FOLLOW
19.66,-1.6506,-0.4914,-1.3821,-2.0575,-0.1799,-1.6233,-0.4863,0.2379,FOLLOW_TURN
19.68,-1.6506,-0.4914,-1.3965,-2.0575,-0.1799,-1.6233,-0.4863,0.2378,FOLLOW_TURN
19.7,-1.6506,-0.4914,-1.4106,-2.0575,-0.1799,-1.6233,-0.4863,0.2377,FOLLOW_TURN
19.72,-1.6506,-0.4912,-1.4242,-2.0575,-0.1799,-1.623,-0.4875,0.2377,FOLLOW_TURN
19.74,-1.6507,-0.4909,-1.4375,-2.0575,-0.1799,-1.623,-0.4875,0.2379,FOLLOW_TURN
19.76,-1.6507,-0.4907,-1.4504,-2.0575,-0.1799,-1.623,-0.4875,0.238,FOLLOW_TURN
19.78,-1.6507,-0.4905,-1.4629,-2.0575,-0.1799,-1.623,-0.4875,0.2381,FOLLOW_TURN
19.8,-1.6508,-0.4903,-1.4751,-2.0575,-0.1799,-1.623,-0.4875,0.2381,FOLLOW_TURN
19.82,-1.6508,-0.4899,-1.4868,-2.0575,-0.1799,-1.623,-0.4875,0.2383,FOLLOW_TURN
19.84,-1.6508,-0.4895,-1.4982,-2.0575,-0.1799,-1.623,-0.4875,0.2386,FOLLOW_TURN
19.86,-1.6509,-0.489,-1.5092,-2.0575,-0.1799,-1.623,-0.4875,0.2389,FOLLOW_TURN
19.88,-1.6509,-0.4886,-1.5199,-2.0575,-0.1799,-1.623,-0.4875,0.2392,FOLLOW_TURN
19.9,-1.6509,-0.4882,-1.5302,-2.0575,-0.1799,-1.623,-0.4875,0.2394,FOLLOW_TURN
19.92,-1.651,-0.4877,-1.5402,-2.0575,-0.1799,-1.623,-0.4875,0.2398,FOLLOW_TURN
19.94,-1.651,-0.487,-1.5498,-2.0575,-0.1799,-1.623,-0.4875,0.2403,FOLLOW_TURN
19.96,-1.651,-0.4864,-1.559,-2.0575,-0.1799,-1.623,-0.4875,0.2407,FOLLOW_TURN
19.98,-1.651,-0.4858,-1.5679,-2.0575,-0.1799,-1.623,-0.4875,0.2412,FOLLOW_TURN
20.0,-1.651,-0.4852,-1.5765,-2.0575,-0.1799,-1.623,-0.4875,0.2416,FOLLOW_TURN
20.02,-1.651,-0.4845,-1.5848,-2.0575,-0.1799,-1.623,-0.4875,0.2421,FOLLOW_TURN
20.04,-1.651,-0.4836,-1.5926,-2.0575,-0.1799,-1.623,-0.4875,0.2428,FOLLOW_TURN
20.06,-1.651,-0.4828,-1.6001,-2.0575,-0.1799,-1.623,-0.4875,0.2434,FOLLOW_TURN
20.08,-1.6509,-0.482,-1.6073,-2.0575,-0.1799,-1.623,-0.4875,0.2441,FOLLOW_TURN
20.1,-1.6509,-0.4812,-1.6141,-2.0575,-0.1799,-1.623,-0.4875,0.2447,FOLLOW_TURN
20.118,-1.6509,-0.4803,-1.6206,-2.0575,-0.1799,-1.623,-0.4875,0.2454,FOLLOW_TURN
20.14,-1.6508,-0.4792,-1.6267,-2.0575,-0.1799,-1.623,-0.4875,0.2462,FOLLOW_TURN
20.16,-1.6507,-0.4782,-1.6324,-2.0575,-0.1799,-1.623,-0.4875,0.247,FOLLOW_TURN
20.18,-1.6507,-0.4772,-1.6378,-2.0575,-0.1799,-1.623,-0.4875,0.2479,FOLLOW_TURN
20.2,-1.6506,-0.4762,-1.6429,-2.0575,-0.1799,-1.623,-0.4875,0.2486,FOLLOW_TURN
20.22,-1.6505,-0.4751,-1.6475,-2.0575,-0.1799,-1.623,-0.4875,0.2495,FOLLOW_TURN
20.24,-1.6504,-0.4739,-1.6518,-2.0575,-0.1799,-1.623,-0.4875,0.2506,FOLLOW_TURN
20.26,-1.6503,-0.4727,-1.6557,-2.0575,-0.1799,-1.623,-0.4875,0.2516,FOLLOW_TURN
20.28,-1.6502,-0.4715,-1.6593,-2.0575,-0.1799,-1.623,-0.4875,0.2526,FOLLOW_TURN
20.3,-1.6501,-0.4703,-1.6625,-2.0575,-0.1799,-1.623,-0.4875,0.2535,FOLLOW_TURN
20.32,-1.65,-0.4692,-1.6653,-2.0575,-0.1799,-1.623,-0.4875,0.2545,FOLLOW_TURN
20.34,-1.6499,-0.4681,-1.6677,-2.0575,-0.1799,-1.623,-0.4875,0.2555,FOLLOW_TURN
20.36,-1.6498,-0.467,-1.6698,-2.0575,-0.1799,-1.623,-0.4875,0.2564,FOLLOW_TURN
20.38,-1.6497,-0.4659,-1.6716,-2.0575,-0.1799,-1.623,-0.4875,0.2573,FOLLOW_TURN
20.4,-1.6496,-0.4648,-1.6729,-2.0575,-0.1799,-1.623,-0.4875,0.2582,FOLLOW_TURN
20.42,-1.6495,-0.4638,-1.6739,-2.0575,-0.1799,-1.623,-0.4875,0.2591,FOLLOW_TURN
20.44,-1.6494,-0.4628,-1.6746,-2.0575,-0.1799,-1.623,-0.4875,0.26,FOLLOW_TURN
20.46,-1.6493,-0.4618,-1.6748,-2.0575,-0.1799,-1.623,-0.4875,0.2608,FOLLOW_TURN
20.48,-1.6492,-0.4609,-1.6747,-2.0575,-0.1799,-1.623,-0.4875,0.2616,FOLLOW_TURN
20.5,-1.6491,-0.46,-1.6742,-2.0575,-0.1799,-1.623,-0.4875,0.2625,FOLLOW_TURN
20.52,-1.649,-0.4591,-1.6734,-2.0575,-0.1799,-1.623,-0.4875,0.2633,FOLLOW_TURN
20.54,-1.6489,-0.4582,-1.6722,-2.0575,-0.1799,-1.623,-0.4875,0.264,FOLLOW_TURN
20.56,-1.6488,-0.4573,-1.6706,-2.0575,-0.1799,-1.623,-0.4875,0.2648,FOLLOW_TURN
20.58,-1.6487,-0.4565,-1.6687,-2.0575,-0.1799,-1.623,-0.4875,0.2656,FOLLOW_TURN
20.6,-1.6487,-0.4557,-1.6664,-2.0575,-0.1799,-1.623,-0.4875,0.2663,FOLLOW_TURN
20.62,-1.6486,-0.4554,-1.6638,-2.0575,-0.1799,-1.623,-0.4875,0.2666,FOLLOW_ARC
20.64,-1.6486,-0.4556,-1.6609,-2.0574,-0.18,-1.623,-0.4875,0.2665,FOLLOW_ARC
20.66,-1.6487,-0.4561,-1.6576,-2.057,-0.1805,-1.623,-0.4875,0.2661,FOLLOW_ARC
20.68,-1.6487,-0.4567,-1.654,-2.0565,-0.1812,-1.623,-0.4875,0.2656,FOLLOW_ARC
20.7,-1.6488,-0.4573,-1.6501,-2.0552,-0.1828,-1.623,-0.4875,0.2651,FOLLOW_ARC
20.72,-1.6489,-0.4584,-1.646,-2.0552,-0.1828,-1.6232,-0.4902,0.2642,FOLLOW_ARC
20.74,-1.649,-0.46,-1.642,-2.0545,-0.1837,-1.6232,-0.4902,0.2629,FOLLOW_ARC
20.76,-1.6491,-0.4617,-1.638,-2.0535,-0.1849,-1.6232,-0.4902,0.2614,FOLLOW_ARC
20.78,-1.6492,-0.4635,-1.634,-2.0523,-0.1863,-1.6232,-0.4902,0.2599,FOLLOW_ARC
20.8,-1.6493,-0.4653,-1.63,-2.0511,-0.1877,-1.6232,-0.4902,0.2583,FOLLOW_ARC
20.82,-1.6494,-0.4672,-1.6262,-2.05,-0.189,-1.6237,-0.4975,0.2567,FOLLOW_ARC
20.84,-1.6496,-0.4692,-1.6228,-2.0488,-0.1904,-1.6237,-0.4975,0.2549,FOLLOW_ARC
20.86,-1.6497,-0.4712,-1.6197,-2.0476,-0.1918,-1.6237,-0.4975,0.2532,FOLLOW_ARC
20.88,-1.6497,-0.4732,-1.6169,-2.0465,-0.1931,-1.6237,-0.4975,0.2514,FOLLOW_ARC
20.9,-1.6498,-0.4752,-1.6145,-2.0453,-0.1945,-1.6237,-0.4975,0.2497,FOLLOW_ARC
20.92,-1.6499,-0.4773,-1.6125,-2.0441,-0.1959,-1.6242,-0.5065,0.2479,FOLLOW_ARC
20.94,-1.65,-0.4795,-1.6108,-2.043,-0.1972,-1.6242,-0.5065,0.2459,FOLLOW_ARC
20.96,-1.6501,-0.4817,-1.6095,-2.0406,-0.2,-1.6242,-0.5065,0.2439,FOLLOW_ARC
20.98,-1.6502,-0.4839,-1.6085,-2.0406,-0.2,-1.6242,-0.5065,0.242,FOLLOW_ARC
21.0,-1.6503,-0.4861,-1.6079,-2.0395,-0.2014,-1.6242,-0.5065,0.24,FOLLOW_ARC
21.02,-1.6503,-0.4868,-1.6075,-2.0383,-0.2028,-1.6242,-0.5065,0.2394,FOLLOW_ARC
21.04,-1.6503,-0.4868,-1.6074,-2.0382,-0.2029,-1.6242,-0.5065,0.2394,FOLLOW_ARC
21.06,-1.6503,-0.4869,-1.6074,-2.0382,-0.2029,-1.6246,-0.5155,0.2393,FOLLOW_TURN
21.08,-1.6503,-0.4869,-1.6074,-2.0382,-0.2029,-1.6246,-0.5155,0.2393,FOLLOW_TURN
21.1,-1.6503,-0.4869,-1.6074,-2.0382,-0.2029,-1.6246,-0.5155,0.2393,FOLLOW_TURN
21.12,-1.6503,-0.4868,-1.6073,-2.0382,-0.2029,-1.6246,-0.5175,0.2394,FOLLOW_TURN
21.14,-1.6503,-0.4865,-1.6067,-2.0382,-0.2029,-1.6246,-0.5175,0.2397,FOLLOW_TURN
21.16,-1.6503,-0.4863,-1.6058,-2.0382,-0.2029,-1.6246,-0.5175,0.2399,FOLLOW_TURN
21.18,-1.6502,-0.486,-1.6046,-2.0382,-0.2029,-1.6246,-0.5175,0.2401,FOLLOW_TURN
21.2,-1.6502,-0.4858,-1.603,-2.0382,-0.2029,-1.6246,-0.5175,0.2403,FOLLOW_TURN
21.22,-1.6502,-0.4855,-1.6011,-2.0382,-0.2029,-1.6246,-0.5175,0.2406,FOLLOW_TURN
21.24,-1.6502,-0.485,-1.5988,-2.0382,-0.2029,-1.6246,-0.5175,0.2411,FOLLOW_TURN
21.26,-1.6502,-0.4846,-1.5961,-2.0382,-0.2029,-1.6246,-0.5175,0.2416,FOLLOW_TURN
21.28,-1.6502,-0.4841,-1.5931,-2.0382,-0.2029,-1.6246,-0.5175,0.242,FOLLOW_TURN
21.298,-1.6502,-0.4837,-1.5898,-2.0382,-0.2029,-1.6246,-0.5175,0.2424,FOLLOW_TURN
21.32,-1.6502,-0.4832,-1.5861,-2.0382,-0.2029,-1.6246,-0.5175,0.2429,FOLLOW_TURN
21.34,-1.6502,-0.4826,-1.582,-2.0382,-0.2029,-1.6246,-0.5175,0.2435,FOLLOW_TURN
21.36,-1.6501,-0.4819,-1.5777,-2.0382,-0.2029,-1.6246,-0.5175,0.2442,FOLLOW_TURN
21.38,-1.6501,-0.4813,-1.5729,-2.0382,-0.2029,-1.6246,-0.5175,0.2448,FOLLOW_TURN
21.4,-1.6501,-0.4807,-1.5679,-2.0382,-0.2029,-1.6246,-0.5175,0.2454,FOLLOW_TURN
21.42,-1.6501,-0.4801,-1.5625,-2.0382,-0.2029,-1.6246,-0.5175,0.246,FOLLOW_TURN
21.44,-1.6501,-0.4796,-1.5567,-2.0382,-0.2029,-1.6246,-0.5175,0.2466,FOLLOW_TURN
21.46,-1.6502,-0.479,-1.5507,-2.0382,-0.2029,-1.6246,-0.5175,0.2472,FOLLOW_TURN
21.48,-1.6502,-0.4785,-1.5442,-2.0382,-0.2029,-1.6246,-0.5175,0.2477,FOLLOW_TURN
21.5,-1.6502,-0.4781,-1.5375,-2.0382,-0.2029,-1.6246,-0.5175,0.2482,FOLLOW_TURN
21.52,-1.6502,-0.4776,-1.5304,-2.0382,-0.2029,-1.6246,-0.5175,0.2487,FOLLOW_TURN
21.54,-1.6502,-0.4772,-1.5229,-2.0382,-0.2029,-1.6246,-0.5175,0.2492,FOLLOW_TURN
21.56,-1.6502,-0.4768,-1.5151,-2.0382,-0.2029,-1.6246,-0.5175,0.2497,FOLLOW_TURN
21.58,-1.6502,-0.4764,-1.507,-2.0382,-0.2029,-1.6246,-0.5175,0.2502,FOLLOW_TURN
21.6,-1.6503,-0.476,-1.4985,-2.0382,-0.2029,-1.6246,-0.5175,0.2506,FOLLOW_TURN
21.62,-1.6503,-0.4757,-1.4896,-2.0382,-0.2029,-1.6246,-0.5175,0.251,FOLLOW_TURN
21.64,-1.6503,-0.4754,-1.4804,-2.0382,-0.2029,-1.6246,-0.5175,0.2514,FOLLOW_TURN
21.66,-1.6503,-0.4751,-1.4708,-2.0382,-0.2029,-1.6246,-0.5175,0.2517,FOLLOW_TURN
21.68,-1.6504,-0.4749,-1.4609,-2.0382,-0.2029,-1.6246,-0.5175,0.2521,FOLLOW_TURN
21.7,-1.6504,-0.4746,-1.4506,-2.0382,-0.2029,-1.6246,-0.5175,0.2524,FOLLOW_TURN
21.72,-1.6504,-0.4744,-1.4399,-2.0382,-0.2029,-1.6246,-0.5175,0.2527,FOLLOW_TURN
21.74,-1.6504,-0.4743,-1.4288,-2.0382,-0.2029,-1.6246,-0.5175,0.253,FOLLOW_TURN
21.76,-1.6504,-0.4741,-1.4174,-2.0382,-0.2029,-1.6246,-0.5175,0.2532,FOLLOW_TURN
21.78,-1.6505,-0.474,-1.4055,-2.0382,-0.2029,-1.6246,-0.5175,0.2534,FOLLOW_TURN
21.8,-1.6505,-0.4739,-1.3935,-2.0382,-0.2029,-1.6246,-0.5175,0.2536,FOLLOW_TURN
21.82,-1.6505,-0.4738,-1.3815,-2.0382,-0.2029,-1.6246,-0.5175,0.2538,FOLLOW_TURN
21.84,-1.6505,-0.4737,-1.3695,-2.0382,-0.2029,-1.6246,-0.5175,0.254,FOLLOW_TURN
21.86,-1.6505,-0.4736,-1.3575,-2.0382,-0.2029,-1.6246,-0.5175,0.2542,FOLLOW_TURN
21.88,-1.6505,-0.4735,-1.3455,-2.0382,-0.2029,-1.6246,-0.5175,0.2544,FOLLOW_TURN
21.9,-1.6506,-0.4734,-1.3335,-2.0382,-0.2029,-1.6246,-0.5175,0.2546,FOLLOW_TURN
21.92,-1.6506,-0.4733,-1.3215,-2.0382,-0.2029,-1.6246,-0.5175,0.2547,FOLLOW_TURN
21.94,-1.6506,-0.4732,-1.3095,-2.0382,-0.2029,-1.6246,-0.5175,0.2549,FOLLOW_TURN
21.96,-1.6506,-0.473,-1.2975,-2.0382,-0.2029,-1.6246,-0.5175,0.2551,FOLLOW_TURN
21.98,-1.6507,-0.4729,-1.2855,-2.0382,-0.2029,-1.6246,-0.5175,0.2552,FOLLOW_TURN
22.0,-1.6507,-0.4728,-1.2735,-2.0382,-0.2029,-1.6246,-0.5175,0.2554,FOLLOW_TURN
22.02,-1.6507,-0.4727,-1.2615,-2.0382,-0.2029,-1.6246,-0.5175,0.2556,FOLLOW_TURN
22.04,-1.6508,-0.4726,-1.2495,-2.0382,-0.2029,-1.6246,-0.5175,0.2557,FOLLOW_TURN
22.06,-1.6508,-0.4725,-1.2375,-2.0382,-0.2029,-1.6246,-0.5175,0.2559,FOLLOW_TURN
22.08,-1.6508,-0.4724,-1.2255,-2.0382,-0.2029,-1.6246,-0.5175,0.256,FOLLOW_TURN
22.1,-1.6509,-0.4723,-1.2135,-2.0382,-0.2029,-1.6246,-0.5175,0.2562,FOLLOW_TURN
22.12,-1.6509,-0.4722,-1.2015,-2.0382,-0.2029,-1.6246,-0.5175,0.2563,FOLLOW_TURN
22.14,-1.6509,-0.4721,-1.1895,-2.0382,-0.2029,-1.6246,-0.5175,0.2564,FOLLOW_TURN
22.16,-1.651,-0.472,-1.1775,-2.0382,-0.2029,-1.6246,-0.5175,0.2566,FOLLOW_TURN
22.18,-1.651,-0.4719,-1.1655,-2.0382,-0.2029,-1.6246,-0.5175,0.2567,FOLLOW_TURN
22.2,-1.651,-0.4718,-1.1535,-2.0382,-0.2029,-1.6246,-0.5175,0.2568,FOLLOW_TURN
22.22,-1.6511,-0.4717,-1.1415,-2.0382,-0.2029,-1.6246,-0.5175,0.2569,FOLLOW_TURN
22.24,-1.6511,-0.4716,-1.1295,-2.0382,-0.2029,-1.6246,-0.5175,0.257,FOLLOW_TURN
22.26,-1.6512,-0.4715,-1.1175,-2.0382,-0.2029,-1.6246,-0.5175,0.2571,FOLLOW_TURN
22.28,-1.6512,-0.4714,-1.1055,-2.0382,-0.2029,-1.6246,-0.5175,0.2572,FOLLOW_TURN
22.3,-1.6513,-0.4713,-1.0935,-2.0382,-0.2029,-1.6246,-0.5175,0.2573,FOLLOW_TURN
22.32,-1.6513,-0.4712,-1.0815,-2.0382,-0.2029,-1.6246,-0.5175,0.2574,FOLLOW_TURN
22.34,-1.6513,-0.4711,-1.0695,-2.0382,-0.2029,-1.6246,-0.5175,0.2575,FOLLOW_TURN
22.36,-1.6514,-0.471,-1.0575,-2.0382,-0.2029,-1.6246,-0.5175,0.2576,FOLLOW_TURN
22.38,-1.6514,-0.4709,-1.0455,-2.0382,-0.2029,-1.6246,-0.5175,0.2577,FOLLOW_TURN
22.4,-1.6515,-0.4708,-1.0335,-2.0382,-0.2029,-1.6246,-0.5175,0.2577,FOLLOW_TURN
22.42,-1.6514,-0.4709,-1.0218,-2.0382,-0.2029,-1.6246,-0.5175,0.2576,FOLLOW_TURN
22.44,-1.6511,-0.4712,-1.0105,-2.0375,-0.203,-1.6246,-0.5175,0.2571,FOLLOW_TURN
22.46,-1.6505,-0.4719,-0.9998,-2.0375,-0.203,-1.6246,-0.5175,0.2562,FOLLOW
22.48,-1.6499,-0.4728,-0.9895,-2.0365,-0.2032,-1.6246,-0.5175,0.2551,FOLLOW
22.5,-1.6493,-0.4737,-0.9797,-2.0356,-0.2033,-1.6246,-0.5175,0.2541,FOLLOW
22.52,-1.6486,-0.4747,-0.9704,-2.0346,-0.2034,-1.6232,-0.5197,0.2528,FOLLOW
22.54,-1.6478,-0.4758,-0.9616,-2.0335,-0.2035,-1.6232,-0.5197,0.2514,FOLLOW
22.56,-1.647,-0.4769,-0.9532,-2.0324,-0.2037,-1.6232,-0.5197,0.25,FOLLOW
22.58,-1.6463,-0.478,-0.9454,-2.0314,-0.2038,-1.6232,-0.5197,0.2487,FOLLOW
22.6,-1.6455,-0.479,-0.9379,-2.0292,-0.204,-1.6232,-0.5197,0.2474,FOLLOW
22.62,-1.6454,-0.4792,-0.9306,-2.0292,-0.204,-1.6202,-0.5241,0.2471,FOLLOW_TURN
22.64,-1.6454,-0.4791,-0.9228,-2.0291,-0.204,-1.6202,-0.5241,0.2471,FOLLOW_TURN
22.66,-1.6455,-0.4791,-0.9148,-2.0291,-0.204,-1.6202,-0.5241,0.2472,FOLLOW_TURN
22.68,-1.6455,-0.479,-0.9068,-2.0291,-0.204,-1.6202,-0.5241,0.2472,FOLLOW_TURN
22.7,-1.6456,-0.479,-0.8988,-2.0291,-0.204,-1.6202,-0.5241,0.2472,FOLLOW_TURN
22.72,-1.6457,-0.4788,-0.8906,-2.0291,-0.204,-1.6195,-0.5251,0.2474,FOLLOW_TURN
22.74,-1.6459,-0.4785,-0.8819,-2.0291,-0.204,-1.6195,-0.5251,0.2476,FOLLOW_TURN
22.76,-1.6461,-0.4783,-0.8727,-2.0291,-0.204,-1.6195,-0.5251,0.2479,FOLLOW_TURN
22.78,-1.6463,-0.4781,-0.863,-2.0291,-0.204,-1.6195,-0.5251,0.2481,FOLLOW_TURN
22.8,-1.6465,-0.4779,-0.8529,-2.0291,-0.204,-1.6195,-0.5251,0.2482,FOLLOW_TURN
22.82,-1.6466,-0.4777,-0.8423,-2.0291,-0.204,-1.6195,-0.5251,0.2483,FOLLOW_TURN
22.84,-1.6467,-0.4776,-0.8312,-2.0291,-0.204,-1.6195,-0.5251,0.2484,FOLLOW_TURN
22.86,-1.6468,-0.4775,-0.8197,-2.0291,-0.204,-1.6195,-0.5251,0.2484,FOLLOW_TURN
22.88,-1.6469,-0.4774,-0.8077,-2.0291,-0.204,-1.6195,-0.5251,0.2484,FOLLOW_TURN
22.9,-1.6469,-0.4773,-0.7957,-2.0291,-0.204,-1.6195,-0.5251,0.2484,FOLLOW_TURN
22.92,-1.647,-0.4772,-0.7837,-2.0291,-0.204,-1.6195,-0.5251,0.2484,FOLLOW_TURN
22.94,-1.6471,-0.4772,-0.7717,-2.0291,-0.204,-1.6195,-0.5251,0.2484,FOLLOW_TURN
22.96,-1.6472,-0.4771,-0.7597,-2.0291,-0.204,-1.6195,-0.5251,0.2483,FOLLOW_TURN
22.98,-1.6472,-0.477,-0.7477,-2.0291,-0.204,-1.6195,-0.5251,0.2483,FOLLOW_TURN
23.0,-1.6473,-0.4769,-0.7357,-2.0291,-0.204,-1.6195,-0.5251,0.2483,FOLLOW_TURN
23.02,-1.6474,-0.4769,-0.7237,-2.0291,-0.204,-1.6195,-0.5251,0.2482,FOLLOW_TURN
23.04,-1.6475,-0.4768,-0.7117,-2.0291,-0.204,-1.6195,-0.5251,0.2482,FOLLOW_TURN
23.06,-1.6476,-0.4767,-0.6997,-2.0291,-0.204,-1.6195,-0.5251,0.2481,FOLLOW_TURN
23.08,-1.6476,-0.4766,-0.6877,-2.0291,-0.204,-1.6195,-0.5251,0.2481,FOLLOW_TURN
23.1,-1.6477,-0.4766,-0.6757,-2.0291,-0.204,-1.6195,-0.5251,0.248,FOLLOW_TURN
23.122,-1.6478,-0.4765,-0.6637,-2.0291,-0.204,-1.6195,-0.5251,0.248,FOLLOW_TURN
23.14,-1.6479,-0.4764,-0.6517,-2.0291,-0.204,-1.6195,-0.5251,0.2479,FOLLOW_TURN
23.16,-1.648,-0.4764,-0.6397,-2.0291,-0.204,-1.6195,-0.5251,0.2478,FOLLOW_TURN
23.18,-1.6481,-0.4763,-0.6277,-2.0291,-0.204,-1.6195,-0.5251,0.2477,FOLLOW_TURN
23.2,-1.6481,-0.4762,-0.6157,-2.0291,-0.204,-1.6195,-0.5251,0.2477,FOLLOW_TURN
23.22,-1.6482,-0.4762,-0.6037,-2.0291,-0.204,-1.6195,-0.5251,0.2476,FOLLOW_TURN
23.24,-1.6483,-0.4761,-0.5917,-2.0291,-0.204,-1.6195,-0.5251,0.2475,FOLLOW_TURN
23.26,-1.6484,-0.476,-0.5797,-2.0291,-0.204,-1.6195,-0.5251,0.2474,FOLLOW_TURN
23.28,-1.6485,-0.476,-0.5677,-2.0291,-0.204,-1.6195,-0.5251,0.2473,FOLLOW_TURN
23.298,-1.6486,-0.4759,-0.5557,-2.0291,-0.204,-1.6195,-0.5251,0.2472,FOLLOW_TURN
23.32,-1.6487,-0.4759,-0.5437,-2.0291,-0.204,-1.6195,-0.5251,0.2471,FOLLOW_TURN
23.342,-1.6488,-0.4758,-0.5317,-2.0291,-0.204,-1.6195,-0.5251,0.247,FOLLOW_TURN
23.362,-1.6489,-0.4757,-0.5197,-2.0291,-0.204,-1.6195,-0.5251,0.2469,FOLLOW_TURN
23.38,-1.6489,-0.4757,-0.5077,-2.0291,-0.204,-1.6195,-0.5251,0.2467,FOLLOW_TURN
23.398,-1.649,-0.4756,-0.4957,-2.0291,-0.204,-1.6195,-0.5251,0.2466,FOLLOW_TURN
23.42,-1.6491,-0.4756,-0.4837,-2.0291,-0.204,-1.6195,-0.5251,0.2465,FOLLOW_TURN
23.44,-1.6492,-0.4755,-0.4717,-2.0291,-0.204,-1.6195,-0.5251,0.2464,FOLLOW_TURN
23.46,-1.6493,-0.4755,-0.4597,-2.0291,-0.204,-1.6195,-0.5251,0.2462,FOLLOW_TURN
23.48,-1.6494,-0.4754,-0.4477,-2.0291,-0.204,-1.6195,-0.5251,0.2461,FOLLOW_TURN
23.5,-1.6495,-0.4754,-0.4357,-2.0291,-0.204,-1.6195,-0.5251,0.2459,FOLLOW_TURN
23.52,-1.6496,-0.4753,-0.4237,-2.0291,-0.204,-1.6195,-0.5251,0.2458,FOLLOW_TURN
23.542,-1.6497,-0.4753,-0.4117,-2.0291,-0.204,-1.6195,-0.5251,0.2456,FOLLOW_TURN
23.56,-1.6498,-0.4752,-0.3997,-2.0291,-0.204,-1.6195,-0.5251,0.2455,FOLLOW_TURN
23.58,-1.6499,-0.4752,-0.3877,-2.0291,-0.204,-1.6195,-0.5251,0.2453,FOLLOW_TURN
23.6,-1.65,-0.4752,-0.3757,-2.0291,-0.204,-1.6195,-0.5251,0.2451,FOLLOW_TURN
23.62,-1.65,-0.4752,-0.3639,-2.0291,-0.204,-1.6195,-0.5251,0.2448,FOLLOW_TURN
23.64,-1.6496,-0.4755,-0.3526,-2.0289,-0.204,-1.6195,-0.5251,0.2442,FOLLOW_TURN
23.66,-1.649,-0.4759,-0.3418,-2.0284,-0.2037,-1.6195,-0.5251,0.2433,FOLLOW_TURN
23.68,-1.6481,-0.4762,-0.3314,-2.0276,-0.2032,-1.6195,-0.5251,0.2424,FOLLOW
23.7,-1.6471,-0.4766,-0.3215,-2.0267,-0.2028,-1.6195,-0.5251,0.2414,FOLLOW
23.722,-1.646,-0.477,-0.312,-2.0259,-0.2023,-1.6169,-0.526,0.2403,FOLLOW
23.74,-1.6446,-0.4775,-0.303,-2.0249,-0.2017,-1.6169,-0.526,0.2389,FOLLOW
23.76,-1.6429,-0.4782,-0.2944,-2.0235,-0.2009,-1.6169,-0.526,0.2374,FOLLOW
23.78,-1.6409,-0.4788,-0.2863,-2.0201,-0.199,-1.6169,-0.526,0.2357,FOLLOW
23.8,-1.6388,-0.4795,-0.2786,-2.0184,-0.1979,-1.6169,-0.526,0.234,FOLLOW
23.82,-1.6365,-0.4802,-0.2714,-2.0184,-0.1979,-1.6097,-0.5282,0.2322,FOLLOW
23.84,-1.6339,-0.481,-0.2646,-2.0165,-0.1968,-1.6097,-0.5282,0.2302,FOLLOW
23.86,-1.6311,-0.4818,-0.2582,-2.0143,-0.1955,-1.6097,-0.5282,0.228,FOLLOW
23.88,-1.628,-0.4827,-0.2523,-2.0094,-0.1926,-1.6097,-0.5282,0.2257,FOLLOW
23.9,-1.6248,-0.4835,-0.2468,-2.0094,-0.1926,-1.6097,-0.5282,0.2234,FOLLOW
23.92,-1.6215,-0.4843,-0.2418,-2.0069,-0.1911,-1.5976,-0.5315,0.2211,FOLLOW
23.94,-1.6181,-0.4851,-0.2371,-2.0019,-0.1882,-1.5976,-0.5315,0.2188,FOLLOW
23.96,-1.6147,-0.486,-0.2329,-2.0019,-0.1882,-1.5976,-0.5315,0.2165,FOLLOW
23.98,-1.6114,-0.4867,-0.229,-1.9995,-0.1867,-1.5976,-0.5315,0.2143,FOLLOW
24.0,-1.608,-0.4875,-0.2256,-1.997,-0.1853,-1.5976,-0.5315,0.2121,FOLLOW
24.02,-1.6048,-0.4883,-0.2226,-1.9945,-0.1838,-1.5836,-0.5349,0.21,FOLLOW
24.04,-1.6012,-0.4891,-0.2199,-1.9918,-0.1823,-1.5836,-0.5349,0.2077,FOLLOW
24.06,-1.5977,-0.4898,-0.2177,-1.9859,-0.1789,-1.5836,-0.5349,0.2055,FOLLOW
24.08,-1.5941,-0.4906,-0.2159,-1.9859,-0.1789,-1.5836,-0.5349,0.2033,FOLLOW
24.1,-1.5906,-0.4914,-0.2145,-1.9799,-0.1756,-1.5678,-0.5385,0.2012,FOLLOW
24.12,-1.5872,-0.4921,-0.2135,-1.9799,-0.1756,-1.5678,-0.5385,0.1991,FOLLOW
24.14,-1.5837,-0.4929,-0.2129,-1.9769,-0.1739,-1.5678,-0.5385,0.197,FOLLOW
24.16,-1.5803,-0.4936,-0.2127,-1.974,-0.1722,-1.5678,-0.5385,0.195,FOLLOW
24.18,-1.5769,-0.4944,-0.2129,-1.971,-0.1705,-1.5678,-0.5385,0.1931,FOLLOW
24.2,-1.5735,-0.4951,-0.2134,-1.968,-0.1689,-1.5678,-0.5385,0.1911,FOLLOW
24.22,-1.5702,-0.4958,-0.2141,-1.965,-0.1672,-1.5511,-0.5421,0.1892,FOLLOW
24.24,-1.5668,-0.4966,-0.2143,-1.9589,-0.1638,-1.5511,-0.5421,0.1874,FOLLOW
24.26,-1.5634,-0.4973,-0.2141,-1.9589,-0.1638,-1.5511,-0.5421,0.1855,FOLLOW
24.28,-1.5601,-0.498,-0.2136,-1.9559,-0.1621,-1.5511,-0.5421,0.1835,FOLLOW
24.3,-1.5567,-0.4988,-0.213,-1.9498,-0.1587,-1.5511,-0.5421,0.1817,FOLLOW
24.32,-1.5533,-0.4995,-0.2124,-1.9468,-0.157,-1.5341,-0.5459,0.1798,FOLLOW
24.34,-1.5498,-0.5002,-0.2118,-1.9468,-0.157,-1.5341,-0.5459,0.1779,FOLLOW
24.36,-1.5464,-0.501,-0.2113,-1.9407,-0.1535,-1.5341,-0.5459,0.1761,FOLLOW
24.38,-1.543,-0.5017,-0.2107,-1.9407,-0.1535,-1.5341,-0.5459,0.1743,FOLLOW
24.4,-1.5396,-0.5024,-0.2101,-1.9377,-0.1518,-1.5341,-0.5459,0.1724,FOLLOW
24.42,-1.5364,-0.5031,-0.2093,-1.9346,-0.1501,-1.5171,-0.5496,0.1708,FOLLOW
24.44,-1.5332,-0.5038,-0.2082,-1.9289,-0.1468,-1.5171,-0.5496,0.1691,FOLLOW
24.46,-1.53,-0.5044,-0.2067,-1.9289,-0.1468,-1.5171,-0.5496,0.1674,FOLLOW
24.48,-1.5268,-0.5051,-0.2051,-1.9261,-0.1452,-1.5171,-0.5496,0.1658,FOLLOW
24.5,-1.5236,-0.5058,-0.2036,-1.9232,-0.1436,-1.5171,-0.5496,0.1641,FOLLOW
24.522,-1.5204,-0.5064,-0.2021,-1.9175,-0.1403,-1.5008,-0.553,0.1625,FOLLOW
24.542,-1.5172,-0.5071,-0.2005,-1.9146,-0.1386,-1.5008,-0.553,0.1609,FOLLOW
24.56,-1.514,-0.5077,-0.199,-1.9146,-0.1386,-1.5008,-0.553,0.1593,FOLLOW
24.58,-1.5108,-0.5084,-0.1974,-1.9118,-0.137,-1.5008,-0.553,0.1578,FOLLOW
24.6,-1.5076,-0.509,-0.1959,-1.909,-0.1353,-1.5008,-0.553,0.1563,FOLLOW
24.62,-1.5046,-0.5096,-0.1942,-1.9061,-0.1337,-1.4847,-0.5563,0.1549,FOLLOW
24.64,-1.5019,-0.5101,-0.1921,-1.9035,-0.1321,-1.4847,-0.5563,0.1536,FOLLOW
24.66,-1.4991,-0.5107,-0.1896,-1.901,-0.1306,-1.4847,-0.5563,0.1523,FOLLOW
24.68,-1.4963,-0.5112,-0.1867,-1.8985,-0.1292,-1.4847,-0.5563,0.151,FOLLOW
24.698,-1.4935,-0.5117,-0.1835,-1.896,-0.1276,-1.4847,-0.5563,0.1497,FOLLOW
24.72,-1.4906,-0.5122,-0.1801,-1.891,-0.1246,-1.4671,-0.5598,0.1484,FOLLOW
24.74,-1.4878,-0.5128,-0.1766,-1.891,-0.1246,-1.4671,-0.5598,0.1471,FOLLOW
24.76,-1.485,-0.5133,-0.1732,-1.8861,-0.1215,-1.4671,-0.5598,0.1459,FOLLOW
24.78,-1.4821,-0.5137,-0.1698,-1.8836,-0.12,-1.4671,-0.5598,0.1446,FOLLOW
24.8,-1.4793,-0.5142,-0.1664,-1.8836,-0.12,-1.4671,-0.5598,0.1434,FOLLOW
24.82,-1.4766,-0.5147,-0.1628,-1.8812,-0.1184,-1.4527,-0.5623,0.1423,FOLLOW
24.84,-1.4738,-0.5151,-0.1588,-1.8788,-0.1169,-1.4527,-0.5623,0.1412,FOLLOW
24.86,-1.4711,-0.5155,-0.1548,-1.8764,-0.1154,-1.4527,-0.5623,0.1401,FOLLOW
24.88,-1.4684,-0.516,-0.1507,-1.8741,-0.1139,-1.4527,-0.5623,0.139,FOLLOW
24.9,-1.4657,-0.5164,-0.1466,-1.8718,-0.1124,-1.4527,-0.5623,0.1379,FOLLOW
24.92,-1.463,-0.5168,-0.1425,-1.8695,-0.1109,-1.4417,-0.5641,0.1369,FOLLOW
24.94,-1.4603,-0.5171,-0.1384,-1.8671,-0.1093,-1.4417,-0.5641,0.1359,FOLLOW
24.96,-1.4575,-0.5175,-0.1344,-1.8648,-0.1078,-1.4417,-0.5641,0.1349,FOLLOW
24.98,-1.4548,-0.5179,-0.1303,-1.8625,-0.1062,-1.4417,-0.5641,0.1339,FOLLOW
25.0,-1.4521,-0.5182,-0.1262,-1.8602,-0.1046,-1.4417,-0.5641,0.133,FOLLOW
25.02,-1.4495,-0.5186,-0.122,-1.8579,-0.1031,-1.4279,-0.566,0.1321,FOLLOW
25.04,-1.4469,-0.5189,-0.1174,-1.8557,-0.1015,-1.4279,-0.566,0.1312,FOLLOW
25.06,-1.4443,-0.5192,-0.1127,-1.8535,-0.1,-1.4279,-0.566,0.1304,FOLLOW
25.08,-1.4417,-0.5195,-0.108,-1.8514,-0.0984,-1.4279,-0.566,0.1295,FOLLOW
25.1,-1.439,-0.5197,-0.1034,-1.8492,-0.0969,-1.4279,-0.566,0.1287,FOLLOW
25.12,-1.4364,-0.52,-0.0987,-1.847,-0.0953,-1.4119,-0.5679,0.128,FOLLOW
25.14,-1.4338,-0.5202,-0.094,-1.8427,-0.0922,-1.4119,-0.5679,0.1272,FOLLOW
25.16,-1.4312,-0.5205,-0.0894,-1.8427,-0.0922,-1.4119,-0.5679,0.1265,FOLLOW
25.18,-1.4286,-0.5207,-0.0847,-1.8385,-0.089,-1.4119,-0.5679,0.1258,FOLLOW
25.2,-1.426,-0.5209,-0.08,-1.8385,-0.089,-1.4119,-0.5679,0.1251,FOLLOW
25.22,-1.4235,-0.5211,-0.0752,-1.8363,-0.0874,-1.4013,-0.5689,0.1245,FOLLOW
25.24,-1.4209,-0.5213,-0.0701,-1.8323,-0.0842,-1.4013,-0.5689,0.1238,FOLLOW
25.26,-1.4184,-0.5215,-0.0649,-1.8323,-0.0842,-1.4013,-0.5689,0.1232,FOLLOW
25.28,-1.4159,-0.5216,-0.0598,-1.8302,-0.0826,-1.4013,-0.5689,0.1227,FOLLOW
25.3,-1.4134,-0.5218,-0.0546,-1.8262,-0.0794,-1.3884,-0.5698,0.1221,FOLLOW
25.32,-1.4109,-0.5219,-0.0495,-1.8262,-0.0794,-1.3884,-0.5698,0.1216,FOLLOW
25.34,-1.4084,-0.522,-0.0443,-1.8242,-0.0778,-1.3884,-0.5698,0.1211,FOLLOW
25.36,-1.4058,-0.5221,-0.0392,-1.8222,-0.0762,-1.3884,-0.5698,0.1206,FOLLOW
25.38,-1.4033,-0.5222,-0.034,-1.8203,-0.0746,-1.3884,-0.5698,0.1202,FOLLOW
25.4,-1.4008,-0.5223,-0.0289,-1.8183,-0.0729,-1.3884,-0.5698,0.1197,FOLLOW
25.42,-1.3982,-0.5224,-0.0238,-1.8163,-0.0713,-1.3755,-0.5704,0.1194,FOLLOW
25.44,-1.3957,-0.5224,-0.0187,-1.8144,-0.0696,-1.3755,-0.5704,0.119,FOLLOW
25.46,-1.3932,-0.5225,-0.0136,-1.8124,-0.0679,-1.3755,-0.5704,0.1186,FOLLOW
25.48,-1.3906,-0.5225,-0.0086,-1.8104,-0.0662,-1.3755,-0.5704,0.1183,FOLLOW
25.504,-1.3881,-0.5225,-0.0035,-1.8085,-0.0645,-1.3755,-0.5704,0.118,FOLLOW
25.518,-1.3855,-0.5225,0.0016,-1.8066,-0.0628,-1.36,-0.5707,0.1178,FOLLOW
25.54,-1.383,-0.5225,0.0066,-1.8046,-0.061,-1.36,-0.5707,0.1175,FOLLOW
25.56,-1.3805,-0.5225,0.0117,-1.8008,-0.0576,-1.36,-0.5707,0.1173,FOLLOW
25.58,-1.3779,-0.5224,0.0168,-1.8008,-0.0576,-1.36,-0.5707,0.1171,FOLLOW
25.6,-1.3754,-0.5224,0.0218,-1.7989,-0.0558,-1.3497,-0.5706,0.117,FOLLOW
25.62,-1.373,-0.5223,0.027,-1.7953,-0.0524,-1.3497,-0.5706,0.1168,FOLLOW
25.64,-1.3707,-0.5222,0.0326,-1.7953,-0.0524,-1.3497,-0.5706,0.1167,FOLLOW
25.66,-1.3683,-0.5222,0.0385,-1.7935,-0.0507,-1.3497,-0.5706,0.1166,FOLLOW
25.68,-1.3659,-0.5221,0.0444,-1.79,-0.0473,-1.3497,-0.5706,0.1165,FOLLOW
25.7,-1.3636,-0.522,0.0503,-1.79,-0.0473,-1.3497,-0.5706,0.1165,FOLLOW
25.72,-1.3612,-0.5218,0.0562,-1.7866,-0.0439,-1.3374,-0.5703,0.1164,FOLLOW
25.74,-1.3589,-0.5217,0.0621,-1.7866,-0.0439,-1.3374,-0.5703,0.1164,FOLLOW
25.76,-1.3565,-0.5215,0.0681,-1.7849,-0.0422,-1.3374,-0.5703,0.1164,FOLLOW
25.78,-1.3541,-0.5214,0.074,-1.7832,-0.0405,-1.3374,-0.5703,0.1165,FOLLOW
25.8,-1.3518,-0.5212,0.0799,-1.7799,-0.037,-1.3253,-0.5695,0.1165,FOLLOW
25.82,-1.3493,-0.521,0.0856,-1.7799,-0.037,-1.3253,-0.5695,0.1167,FOLLOW
25.84,-1.3467,-0.5207,0.091,-1.7781,-0.0351,-1.3253,-0.5695,0.1168,FOLLOW
25.86,-1.3441,-0.5205,0.096,-1.7746,-0.0312,-1.3253,-0.5695,0.1171,FOLLOW
25.88,-1.3415,-0.5202,0.1008,-1.7746,-0.0312,-1.3253,-0.5695,0.1173,FOLLOW
25.9,-1.339,-0.52,0.1057,-1.7728,-0.0293,-1.3253,-0.5695,0.1176,FOLLOW
25.92,-1.3364,-0.5197,0.1105,-1.7693,-0.0254,-1.3125,-0.5684,0.1178,FOLLOW
25.94,-1.3338,-0.5194,0.1154,-1.7675,-0.0234,-1.3125,-0.5684,0.1182,FOLLOW
25.96,-1.3312,-0.5191,0.1202,-1.7675,-0.0234,-1.3125,-0.5684,0.1185,FOLLOW
25.98,-1.3287,-0.5188,0.1251,-1.7658,-0.0215,-1.3125,-0.5684,0.1189,FOLLOW
26.0,-1.3261,-0.5184,0.1299,-1.7623,-0.0175,-1.3125,-0.5684,0.1193,FOLLOW
26.02,-1.3236,-0.5181,0.1349,-1.7623,-0.0175,-1.2969,-0.5666,0.1197,FOLLOW
26.04,-1.321,-0.5178,0.1399,-1.7606,-0.0155,-1.2969,-0.5666,0.1201,FOLLOW
26.06,-1.3185,-0.5174,0.1449,-1.759,-0.0135,-1.2969,-0.5666,0.1206,FOLLOW
26.08,-1.316,-0.517,0.1498,-1.7573,-0.0115,-1.2969,-0.5666,0.1211,FOLLOW
26.1,-1.3135,-0.5166,0.1548,-1.7556,-0.0095,-1.2969,-0.5666,0.1216,FOLLOW
26.12,-1.3109,-0.5162,0.1598,-1.754,-0.0075,-1.284,-0.5647,0.1221,FOLLOW
26.14,-1.3084,-0.5158,0.1648,-1.7523,-0.0055,-1.284,-0.5647,0.1227,FOLLOW
26.16,-1.3059,-0.5154,0.1698,-1.7507,-0.0034,-1.284,-0.5647,0.1233,FOLLOW
26.18,-1.3034,-0.5149,0.1748,-1.7491,-0.0014,-1.284,-0.5647,0.1239,FOLLOW
26.2,-1.3008,-0.5145,0.1797,-1.7459,0.0027,-1.2737,-0.563,0.1245,FOLLOW
26.22,-1.2982,-0.514,0.1845,-1.7459,0.0027,-1.2737,-0.563,0.1252,FOLLOW
26.24,-1.2957,-0.5135,0.1891,-1.7443,0.0048,-1.2737,-0.563,0.126,FOLLOW
26.26,-1.2931,-0.513,0.1937,-1.741,0.0091,-1.2737,-0.563,0.1267,FOLLOW
26.28,-1.2905,-0.5125,0.1983,-1.741,0.0091,-1.2737,-0.563,0.1275,FOLLOW
26.298,-1.2879,-0.512,0.2029,-1.7394,0.0112,-1.2737,-0.563,0.1283,FOLLOW
26.32,-1.2853,-0.5114,0.2075,-1.7362,0.0155,-1.258,-0.56,0.1291,FOLLOW
26.34,-1.2827,-0.5109,0.2121,-1.7362,0.0155,-1.258,-0.56,0.13,FOLLOW
26.36,-1.2801,-0.5103,0.2166,-1.7346,0.0177,-1.258,-0.56,0.1309,FOLLOW
26.38,-1.2776,-0.5097,0.2212,-1.7331,0.0199,-1.258,-0.56,0.1318,FOLLOW
26.4,-1.275,-0.5092,0.2258,-1.73,0.0243,-1.258,-0.56,0.1327,FOLLOW
26.42,-1.2723,-0.5085,0.2302,-1.73,0.0243,-1.2449,-0.5571,0.1337,FOLLOW
26.44,-1.2695,-0.5079,0.2342,-1.7283,0.0266,-1.2449,-0.5571,0.1348,FOLLOW
26.46,-1.2667,-0.5072,0.2378,-1.7267,0.0289,-1.2449,-0.5571,0.1359,FOLLOW
26.48,-1.2639,-0.5065,0.2414,-1.7251,0.0313,-1.2449,-0.5571,0.1371,FOLLOW
26.5,-1.2612,-0.5058,0.245,-1.7234,0.0337,-1.2449,-0.5571,0.1382,FOLLOW
26.522,-1.2584,-0.5051,0.2486,-1.7202,0.0385,-1.2309,-0.5538,0.1394,FOLLOW
26.54,-1.2556,-0.5044,0.2522,-1.7202,0.0385,-1.2309,-0.5538,0.1406,FOLLOW
26.56,-1.2529,-0.5037,0.2558,-1.717,0.0433,-1.2309,-0.5538,0.1418,FOLLOW
26.58,-1.2501,-0.503,0.2593,-1.717,0.0433,-1.2309,-0.5538,0.1431,FOLLOW
26.6,-1.2474,-0.5022,0.2629,-1.7154,0.0457,-1.2309,-0.5538,0.1444,FOLLOW
26.62,-1.2445,-0.5015,0.2663,-1.7138,0.0481,-1.2198,-0.5509,0.1457,FOLLOW
26.64,-1.2416,-0.5007,0.2693,-1.7122,0.0506,-1.2198,-0.5509,0.1471,FOLLOW
26.66,-1.2387,-0.4999,0.2721,-1.7106,0.0531,-1.2198,-0.5509,0.1486,FOLLOW
26.68,-1.2358,-0.499,0.275,-1.7089,0.0557,-1.2198,-0.5509,0.15,FOLLOW
26.7,-1.2329,-0.4982,0.2778,-1.7073,0.0582,-1.2198,-0.5509,0.1515,FOLLOW
26.72,-1.23,-0.4974,0.2807,-1.7041,0.0634,-1.2053,-0.547,0.153,FOLLOW
26.74,-1.2271,-0.4966,0.2835,-1.7041,0.0634,-1.2053,-0.547,0.1545,FOLLOW
26.76,-1.2243,-0.4957,0.2864,-1.7009,0.0685,-1.2053,-0.547,0.1561,FOLLOW
26.78,-1.2214,-0.4949,0.2892,-1.7009,0.0685,-1.2053,-0.547,0.1576,FOLLOW
26.8,-1.2185,-0.494,0.2921,-1.6977,0.0737,-1.1908,-0.5428,0.1592,FOLLOW
26.82,-1.2155,-0.4931,0.2947,-1.6977,0.0737,-1.1908,-0.5428,0.1609,FOLLOW
26.84,-1.2124,-0.4921,0.297,-1.696,0.0764,-1.1908,-0.5428,0.1626,FOLLOW
26.86,-1.2094,-0.4912,0.2989,-1.6944,0.0791,-1.1908,-0.5428,0.1644,FOLLOW
26.88,-1.2063,-0.4903,0.3009,-1.6911,0.0846,-1.1908,-0.5428,0.1662,FOLLOW
26.9,-1.2033,-0.4893,0.3029,-1.6911,0.0846,-1.1908,-0.5428,0.168,FOLLOW
26.92,-1.2002,-0.4884,0.3048,-1.6894,0.0874,-1.1756,-0.5382,0.1698,FOLLOW
26.94,-1.1972,-0.4874,0.3068,-1.6878,0.0901,-1.1756,-0.5382,0.1716,FOLLOW
26.96,-1.1942,-0.4864,0.3088,-1.6861,0.0929,-1.1756,-0.5382,0.1735,FOLLOW
26.98,-1.1911,-0.4855,0.3107,-1.6845,0.0956,-1.1756,-0.5382,0.1754,FOLLOW
27.0,-1.1881,-0.4845,0.3127,-1.6829,0.0984,-1.1756,-0.5382,0.1772,FOLLOW
27.02,-1.1849,-0.4834,0.3144,-1.6812,0.1012,-1.1603,-0.5333,0.1793,FOLLOW
27.04,-1.1815,-0.4823,0.3157,-1.6777,0.1071,-1.1603,-0.5333,0.1815,FOLLOW
27.06,-1.178,-0.4811,0.3166,-1.6777,0.1071,-1.1603,-0.5333,0.1838,FOLLOW
27.08,-1.1746,-0.48,0.3171,-1.6759,0.1102,-1.1603,-0.5333,0.186,FOLLOW
27.1,-1.1712,-0.4789,0.3171,-1.6724,0.1163,-1.1603,-0.5333,0.1883,FOLLOW
27.12,-1.1678,-0.4778,0.3169,-1.6724,0.1163,-1.1406,-0.5269,0.1905,FOLLOW
27.14,-1.1645,-0.4767,0.3166,-1.6706,0.1194,-1.1406,-0.5269,0.1928,FOLLOW
27.16,-1.1611,-0.4756,0.3164,-1.667,0.1255,-1.1406,-0.5269,0.1951,FOLLOW
27.18,-1.1577,-0.4745,0.3161,-1.6652,0.1286,-1.1406,-0.5269,0.1974,FOLLOW
27.2,-1.1543,-0.4734,0.3159,-1.6634,0.1317,-1.1406,-0.5269,0.1997,FOLLOW
27.22,-1.1511,-0.4723,0.3155,-1.6634,0.1317,-1.1237,-0.5214,0.2019,FOLLOW
27.24,-1.148,-0.4713,0.3147,-1.6617,0.1344,-1.1237,-0.5214,0.2041,FOLLOW
27.26,-1.1449,-0.4703,0.3134,-1.6601,0.1372,-1.1237,-0.5214,0.2063,FOLLOW
27.28,-1.1419,-0.4693,0.3118,-1.6585,0.1399,-1.1237,-0.5214,0.2085,FOLLOW
27.3,-1.1388,-0.4683,0.3097,-1.6569,0.1426,-1.1237,-0.5214,0.2106,FOLLOW
27.32,-1.1358,-0.4674,0.3076,-1.6552,0.1453,-1.1116,-0.5175,0.2128,FOLLOW
27.34,-1.1327,-0.4664,0.3054,-1.6536,0.148,-1.1116,-0.5175,0.215,FOLLOW
27.36,-1.1297,-0.4655,0.3033,-1.652,0.1508,-1.1116,-0.5175,0.2172,FOLLOW
27.38,-1.1266,-0.4645,0.3011,-1.6503,0.1535,-1.1116,-0.5175,0.2193,FOLLOW
27.4,-1.1236,-0.4636,0.299,-1.6487,0.1562,-1.1116,-0.5175,0.2215,FOLLOW
27.42,-1.1207,-0.4627,0.2967,-1.647,0.1589,-1.0964,-0.5128,0.2236,FOLLOW
27.44,-1.1179,-0.4618,0.294,-1.6455,0.1613,-1.0964,-0.5128,0.2257,FOLLOW
27.46,-1.115,-0.461,0.2908,-1.6439,0.1638,-1.0964,-0.5128,0.2277,FOLLOW
27.48,-1.1123,-0.4601,0.2873,-1.6409,0.1686,-1.0964,-0.5128,0.2298,FOLLOW
27.5,-1.1095,-0.4593,0.2836,-1.6409,0.1686,-1.0964,-0.5128,0.2318,FOLLOW
27.52,-1.1067,-0.4585,0.28,-1.6393,0.1711,-1.0824,-0.5085,0.2338,FOLLOW
27.54,-1.1039,-0.4577,0.2764,-1.6378,0.1735,-1.0824,-0.5085,0.2359,FOLLOW
27.56,-1.1011,-0.4569,0.2727,-1.6362,0.1759,-1.0824,-0.5085,0.2379,FOLLOW
27.58,-1.0983,-0.4561,0.2691,-1.6331,0.1807,-1.0824,-0.5085,0.24,FOLLOW
27.6,-1.0955,-0.4554,0.2654,-1.6331,0.1807,-1.0824,-0.5085,0.242,FOLLOW
27.62,-1.0929,-0.4547,0.2616,-1.6315,0.1831,-1.0685,-0.5046,0.2439,FOLLOW
27.64,-1.0905,-0.454,0.2574,-1.6301,0.1851,-1.0685,-0.5046,0.2457,FOLLOW
27.66,-1.088,-0.4534,0.2528,-1.6288,0.1871,-1.0685,-0.5046,0.2475,FOLLOW
27.68,-1.0855,-0.4528,0.2478,-1.6274,0.189,-1.0685,-0.5046,0.2493,FOLLOW
27.7,-1.0831,-0.4522,0.2423,-1.626,0.191,-1.0564,-0.5015,0.2511,FOLLOW
27.72,-1.0807,-0.4516,0.2365,-1.6246,0.193,-1.0564,-0.5015,0.2529,FOLLOW
27.74,-1.0784,-0.451,0.2305,-1.6218,0.1969,-1.0564,-0.5015,0.2547,FOLLOW
27.76,-1.076,-0.4505,0.2245,-1.6218,0.1969,-1.0564,-0.5015,0.2564,FOLLOW
27.78,-1.0736,-0.4499,0.2184,-1.6204,0.1988,-1.0564,-0.5015,0.2582,FOLLOW
27.8,-1.0712,-0.4494,0.2124,-1.619,0.2007,-1.0564,-0.5015,0.2599,FOLLOW
27.82,-1.0689,-0.4489,0.2062,-1.6162,0.2045,-1.0448,-0.4988,0.2616,FOLLOW
27.84,-1.0665,-0.4484,0.1997,-1.6162,0.2045,-1.0448,-0.4988,0.2633,FOLLOW
27.86,-1.0642,-0.448,0.1932,-1.6148,0.2063,-1.0448,-0.4988,0.265,FOLLOW
27.88,-1.0619,-0.4475,0.1867,-1.6133,0.2081,-1.0448,-0.4988,0.2667,FOLLOW
27.9,-1.0596,-0.4471,0.1802,-1.6119,0.2099,-1.0448,-0.4988,0.2683,FOLLOW
27.92,-1.0573,-0.4467,0.1736,-1.6105,0.2117,-1.0334,-0.4965,0.27,FOLLOW
27.94,-1.055,-0.4463,0.1671,-1.609,0.2134,-1.0334,-0.4965,0.2717,FOLLOW
27.96,-1.0526,-0.4459,0.1606,-1.6076,0.2152,-1.0334,-0.4965,0.2733,FOLLOW
27.98,-1.0503,-0.4455,0.1541,-1.6061,0.217,-1.0334,-0.4965,0.275,FOLLOW
28.0,-1.048,-0.4452,0.1475,-1.6031,0.2205,-1.0221,-0.4946,0.2766,FOLLOW
28.02,-1.0458,-0.4449,0.1409,-1.6031,0.2205,-1.0221,-0.4946,0.2781,FOLLOW
28.04,-1.0437,-0.4446,0.1338,-1.6004,0.2235,-1.0221,-0.4946,0.2796,FOLLOW
28.06,-1.0416,-0.4443,0.1264,-1.6004,0.2235,-1.0221,-0.4946,0.2811,FOLLOW
28.08,-1.0395,-0.4441,0.1186,-1.5991,0.225,-1.0221,-0.4946,0.2826,FOLLOW
28.1,-1.0374,-0.4438,0.1107,-1.5963,0.228,-1.0118,-0.4932,0.2841,FOLLOW
28.12,-1.0354,-0.4436,0.1028,-1.5963,0.228,-1.0118,-0.4932,0.2855,FOLLOW
28.14,-1.0333,-0.4434,0.0949,-1.5949,0.2294,-1.0118,-0.4932,0.287,FOLLOW
28.16,-1.0312,-0.4432,0.087,-1.5935,0.2309,-1.0118,-0.4932,0.2884,FOLLOW
28.18,-1.0291,-0.443,0.079,-1.5921,0.2323,-1.0118,-0.4932,0.2899,FOLLOW
28.2,-1.027,-0.4429,0.0711,-1.5907,0.2338,-1.0118,-0.4932,0.2913,FOLLOW
28.22,-1.0249,-0.4427,0.0633,-1.5878,0.2366,-1.0018,-0.4922,0.2927,FOLLOW
28.24,-1.0228,-0.4426,0.0556,-1.5863,0.2381,-1.0018,-0.4922,0.2941,FOLLOW
28.26,-1.0207,-0.4425,0.0479,-1.5863,0.2381,-1.0018,-0.4922,0.2956,FOLLOW
28.28,-1.0186,-0.4424,0.0402,-1.5848,0.2395,-1.0018,-0.4922,0.297,FOLLOW
28.3,-1.0164,-0.4423,0.0324,-1.5833,0.2409,-1.0018,-0.4922,0.2984,FOLLOW
28.318,-1.0156,-0.4423,0.0248,-1.5818,0.2423,-1.0018,-0.4922,0.299,FOLLOW
28.34,-1.0155,-0.4423,0.0175,-1.5816,0.2424,-1.0018,-0.4922,0.2993,FOLLOW
28.36,-1.0155,-0.4423,0.0106,-1.5816,0.2425,-0.9915,-0.4917,0.2994,LEAVE
28.38,-1.0157,-0.4423,0.0041,-1.5816,0.2425,-0.9915,-0.4917,0.2995,LEAVE
28.4,-1.0157,-0.4423,-0.0021,-1.5815,0.2425,-0.9915,-0.4917,0.2997,LEAVE
28.42,-1.0159,-0.4423,-0.0079,-1.5813,0.2427,-0.9891,-0.4916,0.2997,GO_GOAL
28.44,-1.0156,-0.4423,-0.0135,-1.5813,0.2427,-0.9891,-0.4916,0.3,GO_GOAL
28.46,-1.015,-0.4424,-0.0187,-1.5808,0.2431,-0.9891,-0.4916,0.3005,GO_GOAL
28.48,-1.0144,-0.4424,-0.0236,-1.5801,0.2438,-0.9891,-0.4916,0.301,GO_GOAL
28.502,-1.0137,-0.4424,-0.0282,-1.5793,0.2445,-0.9891,-0.4916,0.3014,GO_GOAL
28.52,-1.013,-0.4424,-0.0325,-1.5785,0.2452,-0.985,-0.4917,0.3019,GO_GOAL
28.54,-1.012,-0.4424,-0.0364,-1.5764,0.247,-0.985,-0.4917,0.3025,GO_GOAL
28.56,-1.0106,-0.4425,-0.04,-1.5749,0.2484,-0.985,-0.4917,0.3033,GO_GOAL
28.58,-1.0092,-0.4426,-0.0433,-1.5749,0.2484,-0.985,-0.4917,0.3041,GO_GOAL
28.602,-1.0077,-0.4426,-0.0462,-1.5734,0.2497,-0.985,-0.4917,0.305,GO_GOAL
28.62,-1.0062,-0.4427,-0.0488,-1.5719,0.2511,-0.9762,-0.4921,0.3058,GO_GOAL
28.64,-1.0045,-0.4428,-0.0511,-1.5703,0.2526,-0.9762,-0.4921,0.3067,GO_GOAL
28.66,-1.0029,-0.4429,-0.053,-1.5685,0.2543,-0.9762,-0.4921,0.3076,GO_GOAL
28.68,-1.0012,-0.443,-0.0545,-1.5667,0.256,-0.9762,-0.4921,0.3085,GO_GOAL
28.7,-0.9994,-0.4431,-0.0557,-1.5649,0.2577,-0.9762,-0.4921,0.3094,GO_GOAL
28.72,-0.9978,-0.4431,-0.0566,-1.5614,0.2612,-0.9641,-0.4927,0.3102,GO_GOAL
28.74,-0.9964,-0.4432,-0.057,-1.5597,0.263,-0.9641,-0.4927,0.3109,GO_GOAL
28.76,-0.995,-0.4433,-0.0571,-1.5597,0.263,-0.9641,-0.4927,0.3117,GO_GOAL
28.78,-0.9935,-0.4434,-0.0569,-1.5564,0.2665,-0.9641,-0.4927,0.3124,GO_GOAL
28.8,-0.992,-0.4435,-0.0563,-1.5564,0.2665,-0.9641,-0.4927,0.3132,GO_GOAL
28.82,-0.9906,-0.4435,-0.0553,-1.5548,0.2683,-0.9544,-0.4933,0.3139,GO_GOAL
28.84,-0.9894,-0.4436,-0.054,-1.5532,0.2702,-0.9544,-0.4933,0.3144,GO_GOAL
28.86,-0.9881,-0.4437,-0.0522,-1.5516,0.272,-0.9544,-0.4933,0.315,GO_GOAL
28.88,-0.9869,-0.4437,-0.0502,-1.55,0.2739,-0.9544,-0.4933,0.3157,GO_GOAL
28.9,-0.9856,-0.4438,-0.0478,-1.5485,0.2758,-0.9544,-0.4933,0.3163,GO_GOAL
28.92,-0.9844,-0.4438,-0.045,-1.5471,0.2777,-0.9422,-0.4939,0.3168,GO_GOAL
28.94,-0.9833,-0.4439,-0.0419,-1.5456,0.2797,-0.9422,-0.4939,0.3173,GO_GOAL
28.96,-0.9823,-0.4439,-0.0384,-1.5442,0.2817,-0.9422,-0.4939,0.3178,GO_GOAL
28.98,-0.9812,-0.444,-0.0346,-1.5428,0.2837,-0.9422,-0.4939,0.3183,GO_GOAL
29.0,-0.9801,-0.444,-0.0304,-1.5415,0.2858,-0.93,-0.4945,0.3188,GO_GOAL
29.02,-0.979,-0.444,-0.0258,-1.5389,0.29,-0.93,-0.4945,0.3192,GO_GOAL
29.04,-0.9781,-0.4441,-0.0209,-1.5389,0.29,-0.93,-0.4945,0.3196,GO_GOAL
29.06,-0.9771,-0.4441,-0.0157,-1.5377,0.2922,-0.93,-0.4945,0.32,GO_GOAL
29.08,-0.9761,-0.4441,-0.0101,-1.5365,0.2944,-0.93,-0.4945,0.3204,GO_GOAL
29.1,-0.975,-0.4441,-0.0042,-1.5354,0.2966,-0.93,-0.4945,0.3209,GO_GOAL
29.12,-0.9739,-0.4441,0.002,-1.5333,0.3012,-0.9176,-0.4947,0.3214,GO_GOAL
29.14,-0.9726,-0.4441,0.0086,-1.5333,0.3012,-0.9176,-0.4947,0.3219,GO_GOAL
29.16,-0.9714,-0.4441,0.0155,-1.5323,0.3036,-0.9176,-0.4947,0.3225,GO_GOAL
29.18,-0.9701,-0.444,0.0227,-1.5314,0.306,-0.9176,-0.4947,0.3231,GO_GOAL
29.2,-0.9688,-0.444,0.0303,-1.5305,0.3084,-0.9176,-0.4947,0.3237,GO_GOAL
29.22,-0.9673,-0.444,0.0382,-1.5297,0.3108,-0.9048,-0.4947,0.3244,GO_GOAL
29.24,-0.9658,-0.4439,0.0465,-1.5289,0.3133,-0.9048,-0.4947,0.3251,GO_GOAL
29.26,-0.9642,-0.4438,0.0551,-1.5282,0.3159,-0.9048,-0.4947,0.3259,GO_GOAL
29.28,-0.9626,-0.4437,0.064,-1.5275,0.3185,-0.9048,-0.4947,0.3267,GO_GOAL
29.3,-0.961,-0.4436,0.0733,-1.5268,0.3211,-0.9048,-0.4947,0.3275,GO_GOAL
29.32,-0.9591,-0.4434,0.083,-1.5257,0.3264,-0.8916,-0.4941,0.3285,GO_GOAL
29.338,-0.9572,-0.4433,0.093,-1.5257,0.3264,-0.8916,-0.4941,0.3296,GO_GOAL
29.36,-0.9553,-0.4431,0.1033,-1.5252,0.3291,-0.8916,-0.4941,0.3306,GO_GOAL
29.38,-0.9533,-0.4429,0.1141,-1.5248,0.3319,-0.8916,-0.4941,0.3317,GO_GOAL
29.4,-0.9514,-0.4426,0.1252,-1.5244,0.3346,-0.8916,-0.4941,0.3328,GO_GOAL
29.42,-0.9491,-0.4423,0.1366,-1.5238,0.3403,-0.8779,-0.4928,0.3342,GO_GOAL
29.44,-0.9468,-0.442,0.1484,-1.5238,0.3403,-0.8779,-0.4928,0.3356,GO_GOAL
29.46,-0.9444,-0.4416,0.1606,-1.5235,0.3432,-0.8779,-0.4928,0.337,GO_GOAL
29.48,-0.942,-0.4412,0.1732,-1.5233,0.3462,-0.8779,-0.4928,0.3385,GO_GOAL
29.5,-0.9396,-0.4408,0.1862,-1.5232,0.3491,-0.8779,-0.4928,0.3401,GO_GOAL
29.52,-0.9369,-0.4403,0.1995,-1.5231,0.352,-0.8635,-0.4907,0.3419,GO_GOAL
29.54,-0.9342,-0.4397,0.2132,-1.5231,0.3551,-0.8635,-0.4907,0.3437,GO_GOAL
29.56,-0.9314,-0.439,0.2273,-1.5231,0.3582,-0.8635,-0.4907,0.3457,GO_GOAL
29.58,-0.9286,-0.4384,0.2418,-1.5231,0.3613,-0.8635,-0.4907,0.3477,GO_GOAL
29.6,-0.9258,-0.4377,0.2567,-1.5232,0.3643,-0.8635,-0.4907,0.3497,GO_GOAL
29.62,-0.9228,-0.4368,0.2716,-1.5236,0.3706,-0.8486,-0.4875,0.3519,GO_GOAL
29.64,-0.9197,-0.4359,0.2862,-1.5238,0.3739,-0.8486,-0.4875,0.3543,GO_GOAL
29.66,-0.9166,-0.435,0.3002,-1.5238,0.3739,-0.8486,-0.4875,0.3567,GO_GOAL
29.68,-0.9136,-0.434,0.3139,-1.5241,0.3771,-0.8486,-0.4875,0.3592,GO_GOAL
29.7,-0.9106,-0.433,0.3272,-1.5245,0.3803,-0.8486,-0.4875,0.3616,GO_GOAL
29.72,-0.9075,-0.4319,0.34,-1.5253,0.3869,-0.8332,-0.483,0.3642,GO_GOAL
29.74,-0.9042,-0.4307,0.3523,-1.5253,0.3869,-0.8332,-0.483,0.367,GO_GOAL
29.76,-0.901,-0.4295,0.3643,-1.5262,0.3935,-0.8332,-0.483,0.3698,GO_GOAL
29.78,-0.8978,-0.4283,0.3758,-1.5262,0.3935,-0.8332,-0.483,0.3726,GO_GOAL
29.8,-0.8947,-0.4271,0.3868,-1.5273,0.4002,-0.8332,-0.483,0.3754,GO_GOAL
29.82,-0.8915,-0.4257,0.3975,-1.5273,0.4002,-0.8175,-0.4773,0.3784,GO_GOAL
29.84,-0.8882,-0.4243,0.4076,-1.5285,0.407,-0.8175,-0.4773,0.3814,GO_GOAL
29.86,-0.8849,-0.4229,0.4173,-1.5285,0.407,-0.8175,-0.4773,0.3845,GO_GOAL
29.88,-0.8817,-0.4214,0.4266,-1.5292,0.4104,-0.8175,-0.4773,0.3876,GO_GOAL
29.9,-0.8785,-0.42,0.4355,-1.5299,0.4138,-0.8175,-0.4773,0.3906,GO_GOAL
29.92,-0.8752,-0.4184,0.4439,-1.5313,0.4207,-0.8017,-0.4705,0.3939,GO_GOAL
29.94,-0.872,-0.4168,0.4518,-1.5313,0.4207,-0.8017,-0.4705,0.3971,GO_GOAL
29.96,-0.8687,-0.4152,0.4593,-1.5321,0.4241,-0.8017,-0.4705,0.4004,GO_GOAL
29.98,-0.8655,-0.4136,0.4663,-1.5337,0.431,-0.8017,-0.4705,0.4036,GO_GOAL
30.0,-0.8623,-0.412,0.4729,-1.5337,0.431,-0.8017,-0.4705,0.4069,GO_GOAL
30.02,-0.8591,-0.4103,0.479,-1.5345,0.4345,-0.7858,-0.4628,0.4102,GO_GOAL
30.04,-0.8558,-0.4086,0.4847,-1.5354,0.4379,-0.7858,-0.4628,0.4136,GO_GOAL
30.06,-0.8526,-0.4069,0.4899,-1.5362,0.4414,-0.7858,-0.4628,0.4169,GO_GOAL
30.08,-0.8495,-0.4052,0.4947,-1.5371,0.4448,-0.7858,-0.4628,0.4202,GO_GOAL
30.1,-0.8463,-0.4035,0.499,-1.5389,0.4517,-0.7701,-0.4546,0.4235,GO_GOAL
30.12,-0.8432,-0.4018,0.5029,-1.5389,0.4517,-0.7701,-0.4546,0.4269,GO_GOAL
30.14,-0.84,-0.4001,0.5062,-1.5398,0.4552,-0.7701,-0.4546,0.4303,GO_GOAL
30.16,-0.8369,-0.3983,0.5092,-1.5407,0.4587,-0.7701,-0.4546,0.4336,GO_GOAL
30.18,-0.8338,-0.3966,0.512,-1.5416,0.4621,-0.7701,-0.4546,0.437,GO_GOAL
30.2,-0.8307,-0.3948,0.5147,-1.5435,0.469,-0.7544,-0.4459,0.4403,GO_GOAL
30.22,-0.8276,-0.3931,0.5173,-1.5435,0.469,-0.7544,-0.4459,0.4437,GO_GOAL
30.24,-0.8245,-0.3913,0.5195,-1.5455,0.4759,-0.7544,-0.4459,0.4471,GO_GOAL
30.26,-0.8214,-0.3895,0.5216,-1.5455,0.4759,-0.7544,-0.4459,0.4505,GO_GOAL
30.28,-0.8183,-0.3877,0.5237,-1.5475,0.4828,-0.7544,-0.4459,0.4539,GO_GOAL
30.3,-0.8152,-0.386,0.5259,-1.5475,0.4828,-0.7544,-0.4459,0.4573,GO_GOAL
30.32,-0.8121,-0.3841,0.5278,-1.5495,0.4897,-0.7388,-0.437,0.4607,GO_GOAL
30.34,-0.809,-0.3823,0.5294,-1.5495,0.4897,-0.7388,-0.437,0.4641,GO_GOAL
30.36,-0.8059,-0.3805,0.531,-1.5505,0.4932,-0.7388,-0.437,0.4676,GO_GOAL
30.38,-0.8028,-0.3787,0.5327,-1.5515,0.4966,-0.7388,-0.437,0.471,GO_GOAL
30.4,-0.7997,-0.3769,0.5343,-1.5525,0.5001,-0.7388,-0.437,0.4744,GO_GOAL
30.42,-0.7967,-0.3751,0.5358,-1.5535,0.5035,-0.7233,-0.428,0.4778,GO_GOAL
30.44,-0.7936,-0.3732,0.5371,-1.5556,0.5104,-0.7233,-0.428,0.4813,GO_GOAL
30.46,-0.7905,-0.3714,0.5384,-1.5556,0.5104,-0.7233,-0.428,0.4847,GO_GOAL
30.48,-0.7874,-0.3696,0.5397,-1.5577,0.5173,-0.7233,-0.428,0.4882,GO_GOAL
30.5,-0.7843,-0.3677,0.541,-1.5587,0.5208,-0.7233,-0.428,0.4916,GO_GOAL
30.52,-0.7813,-0.3659,0.5421,-1.5587,0.5208,-0.7078,-0.4188,0.4951,GO_GOAL
30.54,-0.7782,-0.364,0.5431,-1.5598,0.5242,-0.7078,-0.4188,0.4985,GO_GOAL
30.56,-0.7751,-0.3622,0.5442,-1.5608,0.5276,-0.7078,-0.4188,0.502,GO_GOAL
30.58,-0.772,-0.3603,0.5452,-1.5619,0.5311,-0.7078,-0.4188,0.5054,GO_GOAL
30.6,-0.769,-0.3584,0.5462,-1.563,0.5345,-0.7078,-0.4188,0.5089,GO_GOAL
30.62,-0.7659,-0.3566,0.5471,-1.564,0.5379,-0.6924,-0.4095,0.5124,GO_GOAL
30.64,-0.7628,-0.3547,0.5479,-1.5651,0.5414,-0.6924,-0.4095,0.5158,GO_GOAL
30.66,-0.7598,-0.3528,0.5487,-1.5672,0.5482,-0.6924,-0.4095,0.5193,GO_GOAL
30.68,-0.7567,-0.3509,0.5495,-1.5672,0.5482,-0.6924,-0.4095,0.5228,GO_GOAL
30.7,-0.7537,-0.3491,0.5503,-1.5683,0.5517,-0.6924,-0.4095,0.5263,GO_GOAL
30.72,-0.7506,-0.3472,0.551,-1.5705,0.5585,-0.6771,-0.4002,0.5297,GO_GOAL
30.74,-0.7475,-0.3453,0.5516,-1.5705,0.5585,-0.6771,-0.4002,0.5332,GO_GOAL
30.76,-0.7445,-0.3434,0.5523,-1.5716,0.562,-0.6771,-0.4002,0.5367,GO_GOAL
30.78,-0.7414,-0.3415,0.5529,-1.5738,0.5688,-0.6771,-0.4002,0.54,GO_GOAL
30.8,-0.7384,-0.3396,0.5535,-1.5738,0.5688,-0.6771,-0.4002,0.5364,GO_GOAL
30.82,-0.7353,-0.3378,0.5541,-1.5749,0.5723,-0.6617,-0.3908,0.5329,GO_GOAL
30.84,-0.7322,-0.3359,0.5546,-1.576,0.5757,-0.6617,-0.3908,0.5293,GO_GOAL
30.86,-0.7292,-0.334,0.5551,-1.577,0.5791,-0.6617,-0.3908,0.5257,GO_GOAL
30.88,-0.7261,-0.3321,0.5556,-1.5792,0.586,-0.6617,-0.3908,0.5221,GO_GOAL
30.9,-0.7231,-0.3302,0.5561,-1.5792,0.586,-0.6617,-0.3908,0.5185,GO_GOAL
30.92,-0.72,-0.3283,0.5565,-1.5815,0.5928,-0.6464,-0.3813,0.5149,GO_GOAL
30.94,-0.717,-0.3264,0.5569,-1.5815,0.5928,-0.6464,-0.3813,0.5114,GO_GOAL
30.96,-0.7139,-0.3245,0.5573,-1.5826,0.5962,-0.6464,-0.3813,0.5078,GO_GOAL
30.98,-0.7109,-0.3226,0.5577,-1.5848,0.6031,-0.6464,-0.3813,0.5042,GO_GOAL
31.0,-0.7078,-0.3207,0.5581,-1.5848,0.6031,-0.6464,-0.3813,0.5006,GO_GOAL
31.02,-0.7048,-0.3188,0.5584,-1.5859,0.6065,-0.6311,-0.3718,0.497,GO_GOAL
31.04,-0.7017,-0.3169,0.5587,-1.587,0.6099,-0.6311,-0.3718,0.4934,GO_GOAL
31.06,-0.6987,-0.3149,0.559,-1.5881,0.6134,-0.6311,-0.3718,0.4898,GO_GOAL
31.08,-0.6956,-0.313,0.5593,-1.5892,0.6168,-0.6311,-0.3718,0.4863,GO_GOAL
31.1,-0.6926,-0.3111,0.5597,-1.5903,0.6202,-0.6311,-0.3718,0.4827,GO_GOAL
31.118,-0.6895,-0.3092,0.5599,-1.5915,0.6236,-0.6159,-0.3623,0.4791,GO_GOAL
31.14,-0.6865,-0.3073,0.5602,-1.5926,0.6271,-0.6159,-0.3623,0.4755,GO_GOAL
31.16,-0.6834,-0.3054,0.5604,-1.5937,0.6305,-0.6159,-0.3623,0.4719,GO_GOAL
31.18,-0.6804,-0.3035,0.5607,-1.5948,0.6339,-0.6159,-0.3623,0.4683,GO_GOAL
31.2,-0.6773,-0.3016,0.5609,-1.597,0.6407,-0.6159,-0.3623,0.4647,GO_GOAL
31.22,-0.6743,-0.2997,0.5611,-1.597,0.6407,-0.6006,-0.3527,0.4611,GO_GOAL
31.24,-0.6712,-0.2977,0.5613,-1.5982,0.6442,-0.6006,-0.3527,0.4576,GO_GOAL
31.26,-0.6682,-0.2958,0.5615,-1.5993,0.6476,-0.6006,-0.3527,0.454,GO_GOAL
31.28,-0.6651,-0.2939,0.5617,-1.6004,0.651,-0.6006,-0.3527,0.4504,GO_GOAL
31.3,-0.6621,-0.292,0.5619,-1.6015,0.6544,-0.6006,-0.3527,0.4468,GO_GOAL
31.32,-0.6591,-0.2901,0.5621,-1.6027,0.6579,-0.5853,-0.3432,0.4432,GO_GOAL
31.34,-0.656,-0.2882,0.5622,-1.6038,0.6613,-0.5853,-0.3432,0.4396,GO_GOAL
31.36,-0.653,-0.2862,0.5624,-1.6049,0.6647,-0.5853,-0.3432,0.436,GO_GOAL
31.38,-0.6499,-0.2843,0.5625,-1.6072,0.6715,-0.5853,-0.3432,0.4324,GO_GOAL
31.4,-0.6469,-0.2824,0.5627,-1.6072,0.6715,-0.5853,-0.3432,0.4289,GO_GOAL
31.42,-0.6438,-0.2805,0.5628,-1.6094,0.6784,-0.5701,-0.3336,0.4253,GO_GOAL
31.44,-0.6408,-0.2786,0.5629,-1.6094,0.6784,-0.5701,-0.3336,0.4217,GO_GOAL
31.46,-0.6377,-0.2766,0.5631,-1.6105,0.6818,-0.5701,-0.3336,0.4181,GO_GOAL
31.48,-0.6347,-0.2747,0.5632,-1.6117,0.6852,-0.5701,-0.3336,0.4145,GO_GOAL
31.5,-0.6317,-0.2728,0.5633,-1.6128,0.6886,-0.5701,-0.3336,0.4109,GO_GOAL
31.52,-0.6286,-0.2709,0.5634,-1.6139,0.692,-0.5549,-0.324,0.4073,GO_GOAL
31.54,-0.6256,-0.269,0.5635,-1.615,0.6955,-0.5549,-0.324,0.4037,GO_GOAL
31.56,-0.6225,-0.267,0.5636,-1.6162,0.6989,-0.5549,-0.324,0.4001,GO_GOAL
31.58,-0.6195,-0.2651,0.5637,-1.6184,0.7057,-0.5549,-0.324,0.3966,GO_GOAL
31.6,-0.6164,-0.2632,0.5638,-1.6184,0.7057,-0.5549,-0.324,0.393,GO_GOAL
31.62,-0.6135,-0.2613,0.5639,-1.6207,0.7125,-0.5396,-0.3144,0.3895,GO_GOAL
31.64,-0.6105,-0.2595,0.5639,-1.6207,0.7125,-0.5396,-0.3144,0.386,GO_GOAL
31.66,-0.6076,-0.2576,0.564,-1.6218,0.7158,-0.5396,-0.3144,0.3825,GO_GOAL
31.68,-0.6047,-0.2557,0.5641,-1.6228,0.7191,-0.5396,-0.3144,0.3791,GO_GOAL
31.7,-0.6017,-0.2539,0.5642,-1.6239,0.7224,-0.5248,-0.305,0.3756,GO_GOAL
31.72,-0.5988,-0.252,0.5642,-1.625,0.7257,-0.5248,-0.305,0.3721,GO_GOAL
31.74,-0.5958,-0.2501,0.5643,-1.6261,0.729,-0.5248,-0.305,0.3686,GO_GOAL
31.76,-0.5929,-0.2483,0.5644,-1.6272,0.7323,-0.5248,-0.305,0.3652,GO_GOAL
31.78,-0.5899,-0.2464,0.5644,-1.6283,0.7356,-0.5248,-0.305,0.3617,GO_GOAL
31.8,-0.587,-0.2445,0.5645,-1.6305,0.7422,-0.5248,-0.305,0.3582,GO_GOAL
31.82,-0.5843,-0.2428,0.5645,-1.6315,0.7452,-0.5101,-0.2957,0.3551,GO_GOAL
31.84,-0.5817,-0.2412,0.5646,-1.6315,0.7452,-0.5101,-0.2957,0.3519,GO_GOAL
31.86,-0.579,-0.2395,0.5646,-1.6335,0.7512,-0.5101,-0.2957,0.3488,GO_GOAL
31.88,-0.5764,-0.2378,0.5647,-1.6335,0.7512,-0.5101,-0.2957,0.3457,GO_GOAL
31.9,-0.5737,-0.2361,0.5647,-1.6345,0.7542,-0.5101,-0.2957,0.3425,GO_GOAL
31.92,-0.5711,-0.2345,0.5648,-1.6355,0.7572,-0.4965,-0.2872,0.3394,GO_GOAL
31.94,-0.5684,-0.2328,0.5648,-1.6365,0.7601,-0.4965,-0.2872,0.3363,GO_GOAL
31.96,-0.5658,-0.2311,0.5648,-1.6374,0.7631,-0.4965,-0.2872,0.3332,GO_GOAL
31.98,-0.5631,-0.2294,0.5649,-1.6384,0.7661,-0.4965,-0.2872,0.33,GO_GOAL
32.0,-0.5605,-0.2277,0.5649,-1.6394,0.7691,-0.4965,-0.2872,0.3269,GO_GOAL
32.02,-0.558,-0.2262,0.565,-1.6404,0.7721,-0.4832,-0.2788,0.3241,GO_GOAL
32.04,-0.5556,-0.2247,0.565,-1.6413,0.7748,-0.4832,-0.2788,0.3212,GO_GOAL
32.06,-0.5532,-0.2232,0.565,-1.6431,0.7802,-0.4832,-0.2788,0.3184,GO_GOAL
32.08,-0.5508,-0.2216,0.565,-1.6431,0.7802,-0.4832,-0.2788,0.3156,GO_GOAL
32.1,-0.5484,-0.2201,0.5651,-1.644,0.7829,-0.4832,-0.2788,0.3127,GO_GOAL
32.12,-0.546,-0.2186,0.5651,-1.6458,0.7883,-0.4709,-0.271,0.3099,GO_GOAL
32.14,-0.5436,-0.2171,0.5651,-1.6458,0.7883,-0.4709,-0.271,0.3071,GO_GOAL
32.16,-0.5412,-0.2155,0.5651,-1.6467,0.791,-0.4709,-0.271,0.3042,GO_GOAL
32.18,-0.5388,-0.214,0.5652,-1.6476,0.7936,-0.4709,-0.271,0.3014,GO_GOAL
32.2,-0.5364,-0.2125,0.5652,-1.6494,0.799,-0.4709,-0.271,0.2986,GO_GOAL
32.22,-0.5342,-0.2111,0.5652,-1.6494,0.799,-0.4589,-0.2634,0.296,GO_GOAL
32.24,-0.5321,-0.2097,0.5652,-1.6502,0.8015,-0.4589,-0.2634,0.2934,GO_GOAL
32.26,-0.5299,-0.2084,0.5652,-1.651,0.8039,-0.4589,-0.2634,0.2909,GO_GOAL
32.28,-0.5277,-0.207,0.5653,-1.6526,0.8088,-0.4589,-0.2634,0.2883,GO_GOAL
32.3,-0.5256,-0.2056,0.5653,-1.6526,0.8088,-0.4589,-0.2634,0.2858,GO_GOAL
32.32,-0.5234,-0.2042,0.5653,-1.6542,0.8137,-0.4478,-0.2564,0.2832,GO_GOAL
32.34,-0.5212,-0.2029,0.5653,-1.6542,0.8137,-0.4478,-0.2564,0.2806,GO_GOAL
32.36,-0.5191,-0.2015,0.5653,-1.655,0.8161,-0.4478,-0.2564,0.2781,GO_GOAL
32.38,-0.5169,-0.2001,0.5653,-1.6559,0.8186,-0.4478,-0.2564,0.2755,GO_GOAL
32.4,-0.5147,-0.1987,0.5654,-1.6575,0.8234,-0.4478,-0.2564,0.273,GO_GOAL
32.42,-0.5129,-0.1976,0.5652,-1.6581,0.8252,-0.4478,-0.2564,0.2708,GO_GOAL
32.44,-0.5112,-0.1965,0.5646,-1.6581,0.8252,-0.4478,-0.2564,0.2688,GO_GOAL
32.46,-0.5094,-0.1954,0.5635,-1.6592,0.8286,-0.437,-0.2495,0.2667,FOLLOW_ARC
32.48,-0.5077,-0.1943,0.5619,-1.6597,0.8304,-0.437,-0.2495,0.2647,FOLLOW_ARC
32.5,-0.5061,-0.1933,0.5599,-1.6597,0.8304,-0.437,-0.2495,0.2627,FOLLOW_ARC
32.52,-0.5043,-0.1922,0.5575,-1.6603,0.8321,-0.4286,-0.2443,0.2607,FOLLOW_ARC
32.54,-0.5025,-0.1911,0.5545,-1.6608,0.8338,-0.4286,-0.2443,0.2586,FOLLOW_ARC
32.56,-0.5008,-0.19,0.5511,-1.6613,0.8355,-0.4286,-0.2443,0.2566,FOLLOW_ARC
32.58,-0.4991,-0.189,0.5472,-1.6618,0.8372,-0.4286,-0.2443,0.2546,FOLLOW_ARC
32.6,-0.4974,-0.1879,0.5429,-1.6623,0.839,-0.4286,-0.2443,0.2526,FOLLOW_ARC
32.62,-0.4958,-0.1869,0.5381,-1.6628,0.8407,-0.421,-0.2396,0.2506,FOLLOW_ARC
32.64,-0.4941,-0.186,0.5329,-1.6633,0.8424,-0.421,-0.2396,0.2487,FOLLOW_ARC
32.66,-0.4925,-0.185,0.5272,-1.6637,0.8442,-0.421,-0.2396,0.2468,FOLLOW_ARC
32.68,-0.4909,-0.1841,0.5212,-1.6642,0.8459,-0.421,-0.2396,0.245,FOLLOW_ARC
32.7,-0.4893,-0.1832,0.5152,-1.6651,0.8494,-0.4132,-0.235,0.2431,FOLLOW_ARC
32.72,-0.4877,-0.1823,0.5092,-1.6651,0.8494,-0.4132,-0.235,0.2413,FOLLOW_ARC
32.74,-0.486,-0.1814,0.5032,-1.6655,0.8512,-0.4132,-0.235,0.2394,FOLLOW_ARC
32.76,-0.4844,-0.1805,0.4972,-1.6663,0.8547,-0.4132,-0.235,0.2375,FOLLOW_ARC
32.78,-0.4828,-0.1796,0.4912,-1.6663,0.8547,-0.4132,-0.235,0.2357,FOLLOW_ARC
32.8,-0.4811,-0.1787,0.4852,-1.6667,0.8564,-0.4132,-0.235,0.2338,FOLLOW_ARC
32.82,-0.4806,-0.1786,0.4793,-1.6671,0.8582,-0.4037,-0.2298,0.2332,FOLLOW_TURN
32.84,-0.4807,-0.1787,0.474,-1.6671,0.8584,-0.4037,-0.2298,0.2333,FOLLOW_TURN
32.86,-0.4807,-0.1787,0.4691,-1.6671,0.8584,-0.4037,-0.2298,0.2334,FOLLOW_TURN
32.88,-0.4809,-0.1788,0.4648,-1.6671,0.8584,-0.4037,-0.2298,0.2335,FOLLOW_TURN
32.9,-0.481,-0.1788,0.4609,-1.6671,0.8584,-0.4037,-0.2298,0.2336,FOLLOW_TURN
32.92,-0.4812,-0.179,0.4574,-1.6671,0.8584,-0.4036,-0.2297,0.2339,FOLLOW_TURN
32.94,-0.4816,-0.1791,0.4544,-1.6671,0.8584,-0.4036,-0.2297,0.2342,FOLLOW_TURN
32.96,-0.4819,-0.1793,0.4518,-1.6671,0.8584,-0.4036,-0.2297,0.2345,FOLLOW_TURN
32.98,-0.4821,-0.1794,0.4497,-1.6671,0.8584,-0.4036,-0.2297,0.2348,FOLLOW_TURN
33.0,-0.4824,-0.1796,0.4481,-1.6671,0.8584,-0.4036,-0.2297,0.2351,FOLLOW_TURN
33.02,-0.4828,-0.1798,0.4469,-1.6671,0.8584,-0.4036,-0.2297,0.2355,FOLLOW_TURN
33.04,-0.4832,-0.18,0.4461,-1.6671,0.8584,-0.4036,-0.2297,0.236,FOLLOW_TURN
33.06,-0.4837,-0.1802,0.4458,-1.6671,0.8584,-0.4036,-0.2297,0.2365,FOLLOW_TURN
33.08,-0.4841,-0.1804,0.446,-1.6671,0.8584,-0.4036,-0.2297,0.237,FOLLOW_TURN
33.1,-0.4845,-0.1806,0.4466,-1.6671,0.8584,-0.4036,-0.2297,0.2374,FOLLOW_TURN
33.12,-0.485,-0.1809,0.4477,-1.6671,0.8584,-0.4036,-0.2297,0.238,FOLLOW_TURN
33.14,-0.4856,-0.1812,0.4492,-1.6671,0.8584,-0.4036,-0.2297,0.2387,FOLLOW_TURN
33.16,-0.4862,-0.1815,0.4512,-1.6671,0.8584,-0.4036,-0.2297,0.2393,FOLLOW_TURN
33.18,-0.4868,-0.1817,0.4536,-1.6671,0.8584,-0.4036,-0.2297,0.2399,FOLLOW_TURN
33.2,-0.4873,-0.182,0.4565,-1.6671,0.8584,-0.4036,-0.2297,0.2405,FOLLOW_TURN
33.22,-0.488,-0.1823,0.4599,-1.6671,0.8584,-0.4036,-0.2297,0.2412,FOLLOW_TURN
33.24,-0.4886,-0.1826,0.4636,-1.6671,0.8584,-0.4036,-0.2297,0.2419,FOLLOW_TURN
33.26,-0.4892,-0.1829,0.4679,-1.6671,0.8584,-0.4036,-0.2297,0.2426,FOLLOW_TURN
33.28,-0.4897,-0.1832,0.4726,-1.6671,0.8584,-0.4036,-0.2297,0.2433,FOLLOW_TURN
33.3,-0.4902,-0.1835,0.4777,-1.6671,0.8584,-0.4036,-0.2297,0.2439,FOLLOW_TURN
33.32,-0.4907,-0.1837,0.4833,-1.6671,0.8584,-0.4036,-0.2297,0.2445,FOLLOW_TURN
33.34,-0.4912,-0.184,0.4893,-1.6671,0.8584,-0.4036,-0.2297,0.245,FOLLOW_TURN
33.36,-0.4917,-0.1842,0.4958,-1.6671,0.8584,-0.4036,-0.2297,0.2455,FOLLOW_TURN
33.38,-0.4921,-0.1844,0.5028,-1.6671,0.8584,-0.4036,-0.2297,0.246,FOLLOW_TURN
33.4,-0.4925,-0.1846,0.5102,-1.6671,0.8584,-0.4036,-0.2297,0.2465,FOLLOW_TURN
33.42,-0.4928,-0.1848,0.518,-1.6671,0.8584,-0.4036,-0.2297,0.2469,FOLLOW_TURN
33.44,-0.4931,-0.185,0.5263,-1.6671,0.8584,-0.4036,-0.2297,0.2473,FOLLOW_TURN
33.46,-0.4934,-0.1852,0.5351,-1.6671,0.8584,-0.4036,-0.2297,0.2477,FOLLOW_TURN
33.48,-0.4937,-0.1853,0.5443,-1.6671,0.8584,-0.4036,-0.2297,0.248,FOLLOW_TURN
33.5,-0.4939,-0.1855,0.554,-1.6671,0.8584,-0.4036,-0.2297,0.2483,FOLLOW_TURN
33.52,-0.4941,-0.1856,0.5641,-1.6671,0.8584,-0.4036,-0.2297,0.2486,FOLLOW_TURN
33.54,-0.4943,-0.1857,0.5747,-1.6671,0.8584,-0.4036,-0.2297,0.2489,FOLLOW_TURN
33.56,-0.4944,-0.1858,0.5858,-1.6671,0.8584,-0.4036,-0.2297,0.2491,FOLLOW_TURN
33.58,-0.4946,-0.1859,0.5973,-1.6671,0.8584,-0.4036,-0.2297,0.2492,FOLLOW_TURN
33.6,-0.4947,-0.1859,0.6093,-1.6671,0.8584,-0.4036,-0.2297,0.2494,FOLLOW_TURN
33.62,-0.4947,-0.186,0.6213,-1.6671,0.8584,-0.4036,-0.2297,0.2495,FOLLOW_TURN
33.64,-0.4948,-0.186,0.6333,-1.6671,0.8584,-0.4036,-0.2297,0.2496,FOLLOW_TURN
33.66,-0.4949,-0.1861,0.6453,-1.6671,0.8584,-0.4036,-0.2297,0.2497,FOLLOW_TURN
33.68,-0.495,-0.1862,0.6573,-1.6671,0.8584,-0.4036,-0.2297,0.2498,FOLLOW_TURN
33.7,-0.4951,-0.1862,0.6693,-1.6671,0.8584,-0.4036,-0.2297,0.2499,FOLLOW_TURN
33.72,-0.4952,-0.1863,0.6813,-1.6671,0.8584,-0.4036,-0.2297,0.25,FOLLOW_TURN
33.74,-0.4953,-0.1864,0.6933,-1.6671,0.8584,-0.4036,-0.2297,0.2501,FOLLOW_TURN
33.76,-0.4954,-0.1864,0.7053,-1.6671,0.8584,-0.4036,-0.2297,0.2502,FOLLOW_TURN
33.78,-0.4954,-0.1865,0.7173,-1.6671,0.8584,-0.4036,-0.2297,0.2503,FOLLOW_TURN
33.8,-0.4955,-0.1866,0.7293,-1.6671,0.8584,-0.4036,-0.2297,0.2504,FOLLOW_TURN
33.82,-0.4956,-0.1866,0.7413,-1.6671,0.8584,-0.4036,-0.2297,0.2505,FOLLOW_TURN
33.84,-0.4957,-0.1867,0.7533,-1.6671,0.8584,-0.4036,-0.2297,0.2506,FOLLOW_TURN
33.86,-0.4958,-0.1868,0.7653,-1.6671,0.8584,-0.4036,-0.2297,0.2506,FOLLOW_TURN
33.88,-0.4958,-0.1869,0.7773,-1.6671,0.8584,-0.4036,-0.2297,0.2507,FOLLOW_TURN
33.9,-0.4959,-0.1869,0.7893,-1.6671,0.8584,-0.4036,-0.2297,0.2508,FOLLOW_TURN
33.92,-0.496,-0.187,0.8013,-1.6671,0.8584,-0.4036,-0.2297,0.2508,FOLLOW_TURN
33.94,-0.4961,-0.1871,0.8133,-1.6671,0.8584,-0.4036,-0.2297,0.2509,FOLLOW_TURN
33.96,-0.4962,-0.1872,0.8253,-1.6671,0.8584,-0.4036,-0.2297,0.2509,FOLLOW_TURN
33.98,-0.4962,-0.1872,0.8373,-1.6671,0.8584,-0.4036,-0.2297,0.251,FOLLOW_TURN
34.0,-0.4963,-0.1873,0.8493,-1.6671,0.8584,-0.4036,-0.2297,0.251,FOLLOW_TURN
34.02,-0.4964,-0.1874,0.8613,-1.6671,0.8584,-0.4036,-0.2297,0.2511,FOLLOW_TURN
34.04,-0.4964,-0.1875,0.8733,-1.6671,0.8584,-0.4036,-0.2297,0.2511,FOLLOW_TURN
34.06,-0.4965,-0.1875,0.8853,-1.6671,0.8584,-0.4036,-0.2297,0.2511,FOLLOW_TURN
34.08,-0.4966,-0.1876,0.8973,-1.6671,0.8584,-0.4036,-0.2297,0.2511,FOLLOW_TURN
34.1,-0.4967,-0.1877,0.9093,-1.6671,0.8584,-0.4036,-0.2297,0.2512,FOLLOW_TURN
34.12,-0.4967,-0.1878,0.9213,-1.6671,0.8584,-0.4036,-0.2297,0.2512,FOLLOW_TURN
34.14,-0.4968,-0.1879,0.9333,-1.6671,0.8584,-0.4036,-0.2297,0.2512,FOLLOW_TURN
34.16,-0.4969,-0.188,0.9453,-1.6671,0.8584,-0.4036,-0.2297,0.2512,FOLLOW_TURN
34.18,-0.4969,-0.188,0.9573,-1.6671,0.8584,-0.4036,-0.2297,0.2512,FOLLOW_TURN
34.2,-0.497,-0.1881,0.9693,-1.6671,0.8584,-0.4036,-0.2297,0.2512,FOLLOW_TURN
34.22,-0.4971,-0.1882,0.9813,-1.6671,0.8584,-0.4036,-0.2297,0.2512,FOLLOW_TURN
34.24,-0.4971,-0.1883,0.9933,-1.6671,0.8584,-0.4036,-0.2297,0.2512,FOLLOW_TURN
34.26,-0.4972,-0.1884,1.0053,-1.6671,0.8584,-0.4036,-0.2297,0.2511,FOLLOW_TURN
34.28,-0.4972,-0.1885,1.0173,-1.6671,0.8584,-0.4036,-0.2297,0.2511,FOLLOW_TURN
34.3,-0.4973,-0.1886,1.0293,-1.6671,0.8584,-0.4036,-0.2297,0.2511,FOLLOW_TURN
34.32,-0.4974,-0.1887,1.0413,-1.6671,0.8584,-0.4036,-0.2297,0.2511,FOLLOW_TURN
34.34,-0.4974,-0.1888,1.0533,-1.6671,0.8584,-0.4036,-0.2297,0.251,FOLLOW_TURN
34.36,-0.4975,-0.1889,1.0653,-1.6671,0.8584,-0.4036,-0.2297,0.251,FOLLOW_TURN
34.38,-0.4975,-0.1889,1.0773,-1.6671,0.8584,-0.4036,-0.2297,0.2509,FOLLOW_TURN
34.4,-0.4976,-0.189,1.0893,-1.6671,0.8584,-0.4036,-0.2297,0.2509,FOLLOW_TURN
34.42,-0.4976,-0.1891,1.1013,-1.6671,0.8584,-0.4036,-0.2297,0.2508,FOLLOW_TURN
34.44,-0.4977,-0.1892,1.1133,-1.6671,0.8584,-0.4036,-0.2297,0.2508,FOLLOW_TURN
34.46,-0.4977,-0.1893,1.1253,-1.6671,0.8584,-0.4036,-0.2297,0.2507,FOLLOW_TURN
34.48,-0.4978,-0.1894,1.1373,-1.6671,0.8584,-0.4036,-0.2297,0.2506,FOLLOW_TURN
34.5,-0.4978,-0.1895,1.1493,-1.6671,0.8584,-0.4036,-0.2297,0.2506,FOLLOW_TURN
34.52,-0.4979,-0.1896,1.1613,-1.6671,0.8584,-0.4036,-0.2297,0.2505,FOLLOW_TURN
34.54,-0.4979,-0.1897,1.1733,-1.6671,0.8584,-0.4036,-0.2297,0.2504,FOLLOW_TURN
34.56,-0.498,-0.1898,1.1853,-1.6671,0.8584,-0.4036,-0.2297,0.2503,FOLLOW_TURN
34.58,-0.498,-0.1899,1.1973,-1.6671,0.8584,-0.4036,-0.2297,0.2502,FOLLOW_TURN
34.6,-0.4981,-0.19,1.2093,-1.6671,0.8584,-0.4036,-0.2297,0.2502,FOLLOW_TURN
34.62,-0.4981,-0.1901,1.2213,-1.6671,0.8584,-0.4036,-0.2297,0.2501,FOLLOW_TURN
34.64,-0.4981,-0.1902,1.2333,-1.6671,0.8584,-0.4036,-0.2297,0.25,FOLLOW_TURN
34.66,-0.4982,-0.1903,1.2453,-1.6671,0.8584,-0.4036,-0.2297,0.2498,FOLLOW_TURN
34.68,-0.4982,-0.1904,1.2573,-1.6671,0.8584,-0.4036,-0.2297,0.2497,FOLLOW_TURN
34.7,-0.4982,-0.1905,1.2693,-1.6671,0.8584,-0.4036,-0.2297,0.2496,FOLLOW_TURN
34.72,-0.4983,-0.1906,1.2813,-1.6671,0.8584,-0.4036,-0.2297,0.2495,FOLLOW_TURN
34.74,-0.4983,-0.1907,1.2933,-1.6671,0.8584,-0.4036,-0.2297,0.2494,FOLLOW_TURN
34.76,-0.4983,-0.1908,1.3053,-1.6671,0.8584,-0.4036,-0.2297,0.2493,FOLLOW_TURN
34.78,-0.4984,-0.1909,1.3173,-1.6671,0.8584,-0.4036,-0.2297,0.2491,FOLLOW_TURN
34.8,-0.4984,-0.191,1.3293,-1.6671,0.8584,-0.4036,-0.2297,0.249,FOLLOW_TURN
34.82,-0.4983,-0.191,1.3411,-1.6671,0.8584,-0.4036,-0.2297,0.2487,FOLLOW_TURN
34.84,-0.4982,-0.1907,1.3524,-1.6673,0.8584,-0.4036,-0.2297,0.2481,FOLLOW_TURN
34.86,-0.4979,-0.19,1.3633,-1.6688,0.8589,-0.4036,-0.2297,0.2473,FOLLOW
34.88,-0.4977,-0.1891,1.3738,-1.6697,0.8592,-0.4036,-0.2297,0.2464,FOLLOW
34.9,-0.4975,-0.188,1.3839,-1.6707,0.8594,-0.4036,-0.2297,0.2453,FOLLOW
34.92,-0.4973,-0.1869,1.3935,-1.6707,0.8594,-0.403,-0.2271,0.2442,FOLLOW
34.94,-0.4969,-0.1854,1.4028,-1.6733,0.8602,-0.403,-0.2271,0.2428,FOLLOW
34.96,-0.4966,-0.1836,1.4116,-1.6733,0.8602,-0.403,-0.2271,0.2412,FOLLOW
34.98,-0.4962,-0.1815,1.42,-1.6752,0.8607,-0.403,-0.2271,0.2394,FOLLOW
35.0,-0.4959,-0.1793,1.428,-1.6771,0.8612,-0.4017,-0.2195,0.2376,FOLLOW
35.02,-0.4955,-0.177,1.4356,-1.6791,0.8618,-0.4017,-0.2195,0.2356,FOLLOW
35.04,-0.4951,-0.1743,1.4427,-1.6836,0.863,-0.4017,-0.2195,0.2335,FOLLOW
35.06,-0.4948,-0.1714,1.4495,-1.6836,0.863,-0.4017,-0.2195,0.2312,FOLLOW
35.08,-0.4944,-0.1684,1.4559,-1.6861,0.8636,-0.4017,-0.2195,0.2289,FOLLOW
35.1,-0.4941,-0.1655,1.4619,-1.6885,0.8643,-0.4017,-0.2195,0.2267,FOLLOW
35.12,-0.4937,-0.1624,1.4675,-1.691,0.8649,-0.4002,-0.2078,0.2244,FOLLOW
35.14,-0.4934,-0.1592,1.4728,-1.6934,0.8656,-0.4002,-0.2078,0.222,FOLLOW
35.16,-0.4931,-0.156,1.4776,-1.6983,0.8669,-0.4002,-0.2078,0.2197,FOLLOW
35.18,-0.4928,-0.1528,1.4822,-1.6983,0.8669,-0.4002,-0.2078,0.2174,FOLLOW
35.2,-0.4925,-0.1497,1.4863,-1.7008,0.8676,-0.4002,-0.2078,0.2152,FOLLOW
35.22,-0.4923,-0.1466,1.4901,-1.7059,0.8691,-0.3989,-0.1952,0.213,FOLLOW
35.24,-0.492,-0.1432,1.4935,-1.7059,0.8691,-0.3989,-0.1952,0.2107,FOLLOW
35.26,-0.4917,-0.1396,1.4965,-1.7089,0.8699,-0.3989,-0.1952,0.2082,FOLLOW
35.28,-0.4915,-0.136,1.4992,-1.7121,0.8709,-0.3989,-0.1952,0.2057,FOLLOW
35.3,-0.4912,-0.1324,1.5015,-1.7153,0.8718,-0.3989,-0.1952,0.2033,FOLLOW
35.32,-0.491,-0.1288,1.5034,-1.7185,0.8727,-0.3977,-0.1802,0.201,FOLLOW
35.34,-0.4907,-0.1252,1.505,-1.7249,0.8746,-0.3977,-0.1802,0.1987,FOLLOW
35.36,-0.4905,-0.1217,1.5062,-1.7249,0.8746,-0.3977,-0.1802,0.1964,FOLLOW
35.38,-0.4903,-0.1182,1.5071,-1.7313,0.8765,-0.3977,-0.1802,0.1941,FOLLOW
35.4,-0.4901,-0.1147,1.5076,-1.7313,0.8765,-0.3977,-0.1802,0.1919,FOLLOW
35.42,-0.4898,-0.1113,1.5081,-1.7378,0.8785,-0.3965,-0.1635,0.1898,FOLLOW
35.44,-0.4896,-0.1079,1.5089,-1.7378,0.8785,-0.3965,-0.1635,0.1876,FOLLOW
35.46,-0.4894,-0.1045,1.5097,-1.7411,0.8795,-0.3965,-0.1635,0.1855,FOLLOW
35.48,-0.4892,-0.1011,1.5106,-1.7444,0.8805,-0.3965,-0.1635,0.1834,FOLLOW
35.5,-0.489,-0.0977,1.5114,-1.7476,0.8814,-0.3954,-0.1465,0.1813,FOLLOW
35.52,-0.4888,-0.0943,1.5123,-1.7509,0.8824,-0.3954,-0.1465,0.1792,FOLLOW
35.54,-0.4886,-0.0908,1.5131,-1.7542,0.8834,-0.3954,-0.1465,0.1771,FOLLOW
35.56,-0.4884,-0.0874,1.514,-1.7608,0.8853,-0.3954,-0.1465,0.1751,FOLLOW
35.58,-0.4882,-0.084,1.5148,-1.7608,0.8853,-0.3954,-0.1465,0.173,FOLLOW
35.6,-0.488,-0.0806,1.5157,-1.7641,0.8863,-0.3954,-0.1465,0.171,FOLLOW
35.62,-0.4879,-0.0774,1.5167,-1.7674,0.8873,-0.3944,-0.1293,0.1691,FOLLOW
35.64,-0.4877,-0.0742,1.5181,-1.7736,0.8891,-0.3944,-0.1293,0.1672,FOLLOW
35.66,-0.4875,-0.071,1.5198,-1.7736,0.8891,-0.3944,-0.1293,0.1653,FOLLOW
35.68,-0.4874,-0.0677,1.5216,-1.7799,0.8909,-0.3944,-0.1293,0.1635,FOLLOW
35.7,-0.4872,-0.0645,1.5234,-1.7799,0.8909,-0.3935,-0.113,0.1616,FOLLOW
35.72,-0.487,-0.0613,1.5252,-1.783,0.8917,-0.3935,-0.113,0.1598,FOLLOW
35.74,-0.4869,-0.0581,1.5269,-1.7892,0.8935,-0.3935,-0.113,0.1579,FOLLOW
35.76,-0.4868,-0.0548,1.5287,-1.7892,0.8935,-0.3935,-0.113,0.1561,FOLLOW
35.78,-0.4866,-0.0516,1.5305,-1.7955,0.8952,-0.3935,-0.113,0.1544,FOLLOW
35.8,-0.4865,-0.0484,1.5323,-1.7986,0.8961,-0.3935,-0.113,0.1526,FOLLOW
35.82,-0.4864,-0.0455,1.5342,-1.7986,0.8961,-0.3927,-0.0968,0.151,FOLLOW
35.84,-0.4863,-0.0429,1.5365,-1.8013,0.8968,-0.3927,-0.0968,0.1496,FOLLOW
35.86,-0.4862,-0.0403,1.5392,-1.8067,0.8982,-0.3927,-0.0968,0.1482,FOLLOW
35.88,-0.4862,-0.0377,1.5422,-1.8067,0.8982,-0.3927,-0.0968,0.1467,FOLLOW
35.9,-0.4861,-0.035,1.5455,-1.8094,0.8989,-0.3927,-0.0968,0.1453,FOLLOW
35.92,-0.486,-0.0323,1.5492,-1.812,0.8996,-0.3922,-0.0824,0.1438,FOLLOW
35.94,-0.486,-0.0296,1.5533,-1.8147,0.9003,-0.3922,-0.0824,0.1424,FOLLOW
35.96,-0.4859,-0.0268,1.5574,-1.8174,0.9009,-0.3922,-0.0824,0.1409,FOLLOW
35.98,-0.4859,-0.0241,1.5616,-1.8228,0.9022,-0.3922,-0.0824,0.1395,FOLLOW
36.0,-0.4859,-0.0214,1.5657,-1.8228,0.9022,-0.3922,-0.0824,0.1381,FOLLOW
36.02,-0.4859,-0.0187,1.5701,-1.8255,0.9028,-0.3919,-0.0686,0.1368,FOLLOW
36.04,-0.4859,-0.0161,1.5746,-1.8281,0.9034,-0.3919,-0.0686,0.1354,FOLLOW
36.06,-0.4859,-0.0135,1.5793,-1.8307,0.904,-0.3919,-0.0686,0.1341,FOLLOW
36.08,-0.4859,-0.0108,1.5839,-1.836,0.9051,-0.3919,-0.0686,0.1328,FOLLOW
36.1,-0.486,-0.0082,1.5885,-1.836,0.9051,-0.3919,-0.0686,0.1316,FOLLOW
36.12,-0.486,-0.0056,1.5931,-1.8386,0.9057,-0.3919,-0.0551,0.1303,FOLLOW
36.14,-0.4861,-0.0029,1.5977,-1.8412,0.9062,-0.3919,-0.0551,0.1291,FOLLOW
36.16,-0.4862,-0.0003,1.6024,-1.8465,0.9072,-0.3919,-0.0551,0.1279,FOLLOW
36.18,-0.4862,0.0023,1.607,-1.8465,0.9072,-0.3919,-0.0551,0.1267,FOLLOW
36.2,-0.4863,0.005,1.6116,-1.8491,0.9077,-0.3919,-0.0551,0.1255,FOLLOW
36.22,-0.4865,0.0074,1.6164,-1.8517,0.9082,-0.3923,-0.0417,0.1245,FOLLOW
36.24,-0.4866,0.0098,1.6215,-1.8542,0.9086,-0.3923,-0.0417,0.1234,FOLLOW
36.26,-0.4867,0.0123,1.6269,-1.8567,0.9091,-0.3923,-0.0417,0.1223,FOLLOW
36.28,-0.4868,0.0147,1.6325,-1.8591,0.9095,-0.3923,-0.0417,0.1213,FOLLOW
36.3,-0.487,0.0172,1.638,-1.8616,0.9099,-0.3923,-0.0417,0.1203,FOLLOW
36.32,-0.4872,0.0196,1.6435,-1.8641,0.9103,-0.3929,-0.029,0.1193,FOLLOW
36.34,-0.4874,0.0221,1.649,-1.8665,0.9106,-0.3929,-0.029,0.1183,FOLLOW
36.36,-0.4876,0.0245,1.6545,-1.8715,0.9113,-0.3929,-0.029,0.1174,FOLLOW
36.38,-0.4878,0.027,1.66,-1.8715,0.9113,-0.3929,-0.029,0.1164,FOLLOW
36.4,-0.488,0.0294,1.6655,-1.874,0.9117,-0.3929,-0.029,0.1155,FOLLOW
36.42,-0.4882,0.0318,1.671,-1.8765,0.912,-0.3938,-0.0166,0.1147,FOLLOW
36.44,-0.4885,0.0342,1.6766,-1.8789,0.9123,-0.3938,-0.0166,0.1138,FOLLOW
36.46,-0.4888,0.0367,1.6821,-1.8839,0.9128,-0.3938,-0.0166,0.113,FOLLOW
36.482,-0.489,0.0391,1.6877,-1.8864,0.9131,-0.3938,-0.0166,0.1122,FOLLOW
36.5,-0.4893,0.0415,1.6932,-1.8864,0.9131,-0.3938,-0.0166,0.1114,FOLLOW
36.52,-0.4896,0.0439,1.6988,-1.8888,0.9133,-0.3951,-0.0042,0.1106,FOLLOW
36.54,-0.49,0.0464,1.7043,-1.8913,0.9136,-0.3951,-0.0042,0.1099,FOLLOW
36.56,-0.4903,0.0488,1.7099,-1.8938,0.9138,-0.3951,-0.0042,0.1091,FOLLOW
36.58,-0.4906,0.0512,1.7154,-1.8963,0.914,-0.3951,-0.0042,0.1084,FOLLOW
36.6,-0.491,0.0536,1.721,-1.8988,0.9142,-0.3951,-0.0042,0.1078,FOLLOW
36.62,-0.4913,0.0559,1.7267,-1.9036,0.9145,-0.3967,0.0082,0.1071,FOLLOW
36.64,-0.4917,0.0581,1.7328,-1.9036,0.9145,-0.3967,0.0082,0.1065,FOLLOW
36.66,-0.4921,0.0604,1.739,-1.9059,0.9147,-0.3967,0.0082,0.1059,FOLLOW
36.68,-0.4925,0.0627,1.7453,-1.9083,0.9148,-0.3967,0.0082,0.1054,FOLLOW
36.7,-0.4929,0.0649,1.7516,-1.9106,0.9149,-0.3967,0.0082,0.1048,FOLLOW
36.72,-0.4933,0.0672,1.7578,-1.9153,0.9151,-0.3986,0.0199,0.1043,FOLLOW
36.74,-0.4937,0.0694,1.7641,-1.9177,0.9151,-0.3986,0.0199,0.1038,FOLLOW
36.76,-0.4942,0.0717,1.7703,-1.9177,0.9151,-0.3986,0.0199,0.1033,FOLLOW
36.78,-0.4946,0.0739,1.7766,-1.9224,0.9152,-0.3986,0.0199,0.1029,FOLLOW
36.8,-0.4951,0.0762,1.7828,-1.9224,0.9152,-0.3986,0.0199,0.1024,FOLLOW
36.82,-0.4956,0.0784,1.789,-1.9271,0.9152,-0.4008,0.0315,0.102,FOLLOW
36.84,-0.4961,0.0807,1.7952,-1.9271,0.9152,-0.4008,0.0315,0.1016,FOLLOW
36.86,-0.4966,0.0829,1.8013,-1.9295,0.9152,-0.4008,0.0315,0.1013,FOLLOW
36.88,-0.4972,0.0852,1.8074,-1.9318,0.9152,-0.4008,0.0315,0.101,FOLLOW
36.9,-0.4977,0.0874,1.8136,-1.9342,0.9152,-0.4008,0.0315,0.1007,FOLLOW
36.92,-0.4983,0.0897,1.8197,-1.9389,0.9151,-0.4034,0.043,0.1004,FOLLOW
36.94,-0.4989,0.0919,1.8259,-1.9389,0.9151,-0.4034,0.043,0.1001,FOLLOW
36.96,-0.4995,0.0942,1.832,-1.9413,0.915,-0.4034,0.043,0.0999,FOLLOW
36.98,-0.5001,0.0964,1.8382,-1.946,0.9148,-0.4034,0.043,0.0997,FOLLOW
37.0,-0.5007,0.0986,1.8443,-1.946,0.9148,-0.4034,0.043,0.0995,FOLLOW
37.02,-0.5013,0.1008,1.8507,-1.9507,0.9145,-0.4064,0.0545,0.0993,FOLLOW
37.04,-0.5019,0.1029,1.8572,-1.9507,0.9145,-0.4064,0.0545,0.0992,FOLLOW
37.06,-0.5026,0.105,1.8638,-1.953,0.9144,-0.4064,0.0545,0.0991,FOLLOW
37.08,-0.5032,0.1072,1.8704,-1.9575,0.914,-0.4064,0.0545,0.099,FOLLOW
37.1,-0.5039,0.1093,1.877,-1.9575,0.914,-0.4064,0.0545,0.0989,FOLLOW
37.12,-0.5046,0.1114,1.8835,-1.9598,0.9138,-0.4096,0.0655,0.0988,FOLLOW
37.14,-0.5053,0.1135,1.8901,-1.9621,0.9136,-0.4096,0.0655,0.0988,FOLLOW
37.16,-0.506,0.1156,1.8967,-1.9644,0.9134,-0.4096,0.0655,0.0988,FOLLOW
37.18,-0.5067,0.1177,1.9033,-1.9666,0.9132,-0.4096,0.0655,0.0988,FOLLOW
37.2,-0.5074,0.1198,1.9098,-1.9689,0.9129,-0.4096,0.0655,0.0989,FOLLOW
37.22,-0.5082,0.122,1.9163,-1.9712,0.9126,-0.4131,0.0764,0.099,FOLLOW
37.24,-0.5089,0.1241,1.9227,-1.9758,0.912,-0.4131,0.0764,0.0991,FOLLOW
37.26,-0.5097,0.1262,1.929,-1.9758,0.912,-0.4131,0.0764,0.0992,FOLLOW
37.28,-0.5105,0.1283,1.9354,-1.9781,0.9117,-0.4131,0.0764,0.0994,FOLLOW
37.3,-0.5114,0.1305,1.9418,-1.9804,0.9114,-0.4131,0.0764,0.0995,FOLLOW
37.32,-0.5122,0.1326,1.9482,-1.9827,0.911,-0.4171,0.0873,0.0997,FOLLOW
37.34,-0.513,0.1347,1.9546,-1.985,0.9107,-0.4171,0.0873,0.1,FOLLOW
37.36,-0.5139,0.1368,1.961,-1.9873,0.9103,-0.4171,0.0873,0.1002,FOLLOW
37.38,-0.5148,0.1389,1.9674,-1.9896,0.9099,-0.4171,0.0873,0.1005,FOLLOW
37.4,-0.5156,0.1409,1.9738,-1.9918,0.9095,-0.4171,0.0873,0.1008,FOLLOW
37.42,-0.5165,0.1431,1.98,-1.9964,0.9086,-0.4214,0.0981,0.1012,FOLLOW
37.44,-0.5175,0.1452,1.9862,-1.9964,0.9086,-0.4214,0.0981,0.1015,FOLLOW
37.46,-0.5184,0.1473,1.9923,-1.9988,0.9082,-0.4214,0.0981,0.1019,FOLLOW
37.48,-0.5194,0.1494,1.9985,-2.0011,0.9077,-0.4214,0.0981,0.1023,FOLLOW
37.5,-0.5203,0.1515,2.0046,-2.0057,0.9067,-0.4214,0.0981,0.1028,FOLLOW
37.52,-0.5213,0.1536,2.0108,-2.0057,0.9067,-0.4271,0.111,0.1032,FOLLOW
37.54,-0.5223,0.1557,2.017,-2.008,0.9062,-0.4271,0.111,0.1037,FOLLOW
37.56,-0.5233,0.1578,2.0231,-2.0103,0.9057,-0.4271,0.111,0.1043,FOLLOW
37.58,-0.5243,0.1598,2.0293,-2.0126,0.9051,-0.4271,0.111,0.1048,FOLLOW
37.6,-0.5254,0.1619,2.0355,-2.0172,0.904,-0.4271,0.111,0.1054,FOLLOW
37.62,-0.5264,0.164,2.0414,-2.0172,0.904,-0.4312,0.1195,0.106,FOLLOW
37.64,-0.5275,0.1662,2.0472,-2.0196,0.9034,-0.4312,0.1195,0.1066,FOLLOW
37.66,-0.5286,0.1683,2.053,-2.022,0.9028,-0.4312,0.1195,0.1073,FOLLOW
37.68,-0.5298,0.1704,2.0587,-2.0243,0.9022,-0.4312,0.1195,0.108,FOLLOW
37.7,-0.5309,0.1725,2.0645,-2.0267,0.9015,-0.4312,0.1195,0.1087,FOLLOW
37.72,-0.532,0.1746,2.0703,-2.0314,0.9002,-0.4367,0.1303,0.1095,FOLLOW
37.74,-0.5332,0.1767,2.076,-2.0314,0.9002,-0.4367,0.1303,0.1102,FOLLOW
37.76,-0.5343,0.1788,2.0818,-2.0361,0.8988,-0.4367,0.1303,0.111,FOLLOW
37.78,-0.5355,0.1809,2.0876,-2.0361,0.8988,-0.4367,0.1303,0.1118,FOLLOW
37.8,-0.5367,0.183,2.0933,-2.0384,0.8981,-0.4367,0.1303,0.1127,FOLLOW
37.82,-0.5379,0.1849,2.0993,-2.043,0.8967,-0.4426,0.1411,0.1135,FOLLOW
37.84,-0.539,0.1869,2.1057,-2.043,0.8967,-0.4426,0.1411,0.1143,FOLLOW
37.86,-0.5402,0.1888,2.1121,-2.0452,0.8959,-0.4426,0.1411,0.1151,FOLLOW
37.88,-0.5413,0.1908,2.1185,-2.0474,0.8952,-0.4426,0.1411,0.1159,FOLLOW
37.9,-0.5425,0.1927,2.1249,-2.0496,0.8945,-0.4426,0.1411,0.1168,FOLLOW
37.92,-0.5437,0.1946,2.1312,-2.0518,0.8937,-0.4486,0.1512,0.1177,FOLLOW
37.94,-0.5449,0.1965,2.1376,-2.054,0.8929,-0.4486,0.1512,0.1186,FOLLOW
37.96,-0.5462,0.1984,2.144,-2.0562,0.8921,-0.4486,0.1512,0.1196,FOLLOW
37.98,-0.5474,0.2003,2.1504,-2.0583,0.8913,-0.4486,0.1512,0.1205,FOLLOW
38.0,-0.5486,0.2022,2.1568,-2.0605,0.8905,-0.4486,0.1512,0.1215,FOLLOW
38.02,-0.55,0.2043,2.163,-2.0627,0.8897,-0.4548,0.161,0.1226,FOLLOW
38.04,-0.5516,0.2065,2.1686,-2.065,0.8888,-0.4548,0.161,0.1239,FOLLOW
38.06,-0.5531,0.2088,2.1738,-2.0675,0.8878,-0.4548,0.161,0.1253,FOLLOW
38.08,-0.5547,0.211,2.1785,-2.0701,0.8868,-0.4548,0.161,0.1266,FOLLOW
38.1,-0.5562,0.2132,2.183,-2.0751,0.8847,-0.4621,0.1718,0.128,FOLLOW
38.12,-0.5577,0.2154,2.1874,-2.0776,0.8837,-0.4621,0.1718,0.1293,FOLLOW
38.14,-0.5593,0.2176,2.1918,-2.0776,0.8837,-0.4621,0.1718,0.1307,FOLLOW
38.16,-0.5609,0.2197,2.1962,-2.0801,0.8826,-0.4621,0.1718,0.1322,FOLLOW
38.18,-0.5624,0.2219,2.2006,-2.0851,0.8805,-0.4621,0.1718,0.1336,FOLLOW
38.2,-0.564,0.2241,2.205,-2.0851,0.8805,-0.4621,0.1718,0.1351,FOLLOW
38.22,-0.5657,0.2264,2.2092,-2.0876,0.8794,-0.4699,0.1828,0.1367,FOLLOW
38.24,-0.5676,0.2288,2.2128,-2.0903,0.8783,-0.4699,0.1828,0.1384,FOLLOW
38.26,-0.5694,0.2313,2.216,-2.0931,0.877,-0.4699,0.1828,0.1402,FOLLOW
38.28,-0.5712,0.2337,2.2188,-2.0958,0.8758,-0.4699,0.1828,0.142,FOLLOW
38.3,-0.5731,0.2361,2.2216,-2.0986,0.8745,-0.4699,0.1828,0.1438,FOLLOW
38.32,-0.5749,0.2385,2.2243,-2.1014,0.8733,-0.4787,0.1947,0.1456,FOLLOW
38.34,-0.5767,0.2409,2.2271,-2.1042,0.872,-0.4787,0.1947,0.1474,FOLLOW
38.36,-0.5786,0.2433,2.2298,-2.107,0.8707,-0.4787,0.1947,0.1493,FOLLOW
38.38,-0.5805,0.2457,2.2326,-2.1097,0.8695,-0.4787,0.1947,0.1512,FOLLOW
38.4,-0.5823,0.2481,2.2353,-2.1125,0.8682,-0.488,0.2068,0.153,FOLLOW
38.42,-0.5843,0.2506,2.2379,-2.1153,0.8669,-0.488,0.2068,0.1551,FOLLOW
38.44,-0.5864,0.2532,2.2399,-2.1182,0.8655,-0.488,0.2068,0.1572,FOLLOW
38.46,-0.5885,0.2558,2.2414,-2.1242,0.8626,-0.488,0.2068,0.1594,FOLLOW
38.48,-0.5905,0.2584,2.2428,-2.1242,0.8626,-0.488,0.2068,0.1616,FOLLOW
38.5,-0.5926,0.261,2.2442,-2.1272,0.8612,-0.488,0.2068,0.1638,FOLLOW
38.52,-0.5946,0.2636,2.2456,-2.1302,0.8598,-0.498,0.2196,0.166,FOLLOW
38.54,-0.5967,0.2662,2.247,-2.1332,0.8583,-0.498,0.2196,0.1682,FOLLOW
38.56,-0.5988,0.2688,2.2483,-2.1362,0.8569,-0.498,0.2196,0.1704,FOLLOW
38.58,-0.6009,0.2714,2.2497,-2.1391,0.8554,-0.498,0.2196,0.1726,FOLLOW
38.6,-0.6029,0.2739,2.2511,-2.1451,0.8525,-0.498,0.2196,0.1749,FOLLOW
38.62,-0.6051,0.2766,2.2522,-2.1451,0.8525,-0.5084,0.2326,0.1773,FOLLOW
38.64,-0.6074,0.2794,2.2529,-2.1482,0.851,-0.5084,0.2326,0.1797,FOLLOW
38.66,-0.6096,0.2821,2.2531,-2.1513,0.8495,-0.5084,0.2326,0.1822,FOLLOW
38.68,-0.6118,0.2848,2.2528,-2.1544,0.848,-0.5084,0.2326,0.1847,FOLLOW
38.7,-0.614,0.2875,2.2521,-2.1575,0.8465,-0.5084,0.2326,0.1871,FOLLOW
38.72,-0.6162,0.2902,2.2514,-2.1606,0.845,-0.5191,0.2459,0.1896,FOLLOW
38.74,-0.6183,0.2929,2.2506,-2.1637,0.8435,-0.5191,0.2459,0.1921,FOLLOW
38.76,-0.6205,0.2956,2.2499,-2.1668,0.842,-0.5191,0.2459,0.1946,FOLLOW
38.78,-0.6227,0.2983,2.2491,-2.1699,0.8405,-0.5191,0.2459,0.197,FOLLOW
38.8,-0.6248,0.301,2.2483,-2.173,0.839,-0.5299,0.2593,0.1995,FOLLOW
38.82,-0.6268,0.3034,2.2474,-2.1761,0.8375,-0.5299,0.2593,0.2018,FOLLOW
38.84,-0.6287,0.3057,2.2459,-2.1813,0.8351,-0.5299,0.2593,0.204,FOLLOW
38.86,-0.6306,0.3081,2.244,-2.1813,0.8351,-0.5299,0.2593,0.2062,FOLLOW
38.88,-0.6324,0.3104,2.2416,-2.1839,0.8339,-0.5299,0.2593,0.2085,FOLLOW
38.9,-0.6343,0.3128,2.2387,-2.1891,0.8315,-0.5392,0.2709,0.2106,FOLLOW
38.92,-0.6361,0.315,2.2354,-2.1891,0.8315,-0.5392,0.2709,0.2128,FOLLOW
38.94,-0.6378,0.3173,2.2317,-2.1943,0.8291,-0.5392,0.2709,0.215,FOLLOW
38.96,-0.6396,0.3196,2.2279,-2.1943,0.8291,-0.5392,0.2709,0.2172,FOLLOW
38.982,-0.6414,0.3219,2.2242,-2.1995,0.8268,-0.5392,0.2709,0.2193,FOLLOW
39.0,-0.6431,0.3242,2.2205,-2.1995,0.8268,-0.5392,0.2709,0.2215,FOLLOW
39.02,-0.6447,0.3263,2.2166,-2.2021,0.8257,-0.5479,0.2822,0.2235,FOLLOW
39.04,-0.6463,0.3284,2.2122,-2.2044,0.8247,-0.5479,0.2822,0.2255,FOLLOW
39.06,-0.6478,0.3305,2.2073,-2.2067,0.8237,-0.5479,0.2822,0.2275,FOLLOW
39.08,-0.6493,0.3326,2.202,-2.209,0.8227,-0.5479,0.2822,0.2294,FOLLOW
39.1,-0.6508,0.3346,2.1964,-2.2113,0.8218,-0.5479,0.2822,0.2314,FOLLOW
39.12,-0.6523,0.3367,2.1909,-2.2136,0.8209,-0.5556,0.2925,0.2333,FOLLOW
39.14,-0.6538,0.3387,2.1853,-2.2159,0.82,-0.5556,0.2925,0.2352,FOLLOW
39.16,-0.6552,0.3408,2.1797,-2.2182,0.819,-0.5556,0.2925,0.2372,FOLLOW
39.18,-0.6567,0.3429,2.1741,-2.2229,0.8173,-0.5556,0.2925,0.2391,FOLLOW
39.2,-0.6581,0.345,2.1686,-2.2229,0.8173,-0.5556,0.2925,0.241,FOLLOW
39.22,-0.6595,0.347,2.1628,-2.2252,0.8164,-0.5627,0.3027,0.2428,FOLLOW
39.24,-0.6608,0.349,2.1566,-2.2296,0.8148,-0.5627,0.3027,0.2447,FOLLOW
39.26,-0.6621,0.351,2.1503,-2.2296,0.8148,-0.5627,0.3027,0.2465,FOLLOW
39.28,-0.6635,0.353,2.1441,-2.2318,0.814,-0.5627,0.3027,0.2483,FOLLOW
39.3,-0.6648,0.3551,2.1378,-2.2341,0.8132,-0.5627,0.3027,0.2501,FOLLOW
39.32,-0.666,0.3571,2.1316,-2.2363,0.8125,-0.5693,0.3126,0.2519,FOLLOW
39.34,-0.6673,0.3591,2.1253,-2.2385,0.8118,-0.5693,0.3126,0.2537,FOLLOW
39.36,-0.6686,0.3612,2.119,-2.2408,0.811,-0.5693,0.3126,0.2555,FOLLOW
39.38,-0.6698,0.3632,2.1128,-2.243,0.8103,-0.5693,0.3126,0.2573,FOLLOW
39.4,-0.671,0.3653,2.1065,-2.2452,0.8096,-0.5693,0.3126,0.2591,FOLLOW
39.42,-0.6722,0.3673,2.1001,-2.2475,0.8089,-0.5754,0.3226,0.2608,FOLLOW
39.44,-0.6734,0.3693,2.0932,-2.2496,0.8083,-0.5754,0.3226,0.2625,FOLLOW
39.46,-0.6745,0.3712,2.0862,-2.2517,0.8077,-0.5754,0.3226,0.2641,FOLLOW
39.482,-0.6756,0.3732,2.0792,-2.256,0.8065,-0.5754,0.3226,0.2658,FOLLOW
39.5,-0.6767,0.3752,2.0722,-2.256,0.8065,-0.5754,0.3226,0.2675,FOLLOW
39.52,-0.6778,0.3772,2.0652,-2.2602,0.8054,-0.581,0.3323,0.2691,FOLLOW
39.54,-0.6788,0.3792,2.0583,-2.2602,0.8054,-0.581,0.3323,0.2708,FOLLOW
39.56,-0.6799,0.3812,2.0513,-2.2624,0.8049,-0.581,0.3323,0.2724,FOLLOW
39.58,-0.6809,0.3832,2.0443,-2.2645,0.8044,-0.581,0.3323,0.2741,FOLLOW
39.6,-0.6819,0.3852,2.0373,-2.2667,0.8038,-0.581,0.3323,0.2757,FOLLOW
39.62,-0.6829,0.3872,2.0302,-2.2688,0.8034,-0.5861,0.342,0.2773,FOLLOW
39.64,-0.6839,0.3892,2.023,-2.2709,0.8029,-0.5861,0.342,0.2789,FOLLOW
39.66,-0.6849,0.3912,2.0158,-2.273,0.8024,-0.5861,0.342,0.2805,FOLLOW
39.68,-0.6858,0.3932,2.0086,-2.2773,0.8016,-0.5861,0.342,0.2821,FOLLOW
39.7,-0.6868,0.3953,2.0014,-2.2773,0.8016,-0.5861,0.342,0.2836,FOLLOW
39.72,-0.6877,0.3973,1.9943,-2.2794,0.8012,-0.5909,0.3518,0.2852,FOLLOW
39.74,-0.6886,0.3993,1.9871,-2.2815,0.8008,-0.5909,0.3518,0.2867,FOLLOW
39.76,-0.6895,0.4014,1.9799,-2.2837,0.8004,-0.5909,0.3518,0.2883,FOLLOW
39.78,-0.6904,0.4034,1.9727,-2.2858,0.8,-0.5909,0.3518,0.2898,FOLLOW
39.8,-0.6912,0.4055,1.9655,-2.2879,0.7997,-0.5909,0.3518,0.2914,FOLLOW
39.82,-0.692,0.4074,1.9581,-2.2901,0.7994,-0.5952,0.3617,0.2928,FOLLOW
39.84,-0.6928,0.4093,1.9503,-2.292,0.7991,-0.5952,0.3617,0.2943,FOLLOW
39.86,-0.6936,0.4113,1.9422,-2.294,0.7988,-0.5952,0.3617,0.2957,FOLLOW
39.88,-0.6943,0.4132,1.9341,-2.2959,0.7985,-0.5952,0.3617,0.2971,FOLLOW
39.9,-0.695,0.4151,1.926,-2.2999,0.7981,-0.5952,0.3617,0.2985,FOLLOW
39.92,-0.6957,0.417,1.9179,-2.2999,0.7981,-0.5989,0.3711,0.2999,FOLLOW
39.94,-0.6964,0.4189,1.9097,-2.3018,0.7979,-0.5989,0.3711,0.3013,FOLLOW
39.96,-0.6971,0.4209,1.9016,-2.3038,0.7977,-0.5989,0.3711,0.3026,FOLLOW
39.98,-0.6977,0.4228,1.8935,-2.3058,0.7975,-0.5989,0.3711,0.304,FOLLOW
40.0,-0.6984,0.4248,1.8854,-2.3077,0.7973,-0.5989,0.3711,0.3054,FOLLOW
40.02,-0.699,0.4268,1.8774,-2.3097,0.7972,-0.6022,0.3804,0.3068,FOLLOW
40.04,-0.6997,0.4289,1.8699,-2.3118,0.7971,-0.6022,0.3804,0.3082,FOLLOW
40.06,-0.7003,0.431,1.8626,-2.3139,0.7969,-0.6022,0.3804,0.3096,FOLLOW
40.08,-0.7009,0.4331,1.8554,-2.3182,0.7967,-0.6022,0.3804,0.311,FOLLOW
40.1,-0.7016,0.4352,1.8481,-2.3182,0.7967,-0.6022,0.3804,0.3123,FOLLOW
40.12,-0.7022,0.4374,1.8408,-2.3204,0.7967,-0.6053,0.3905,0.3137,FOLLOW
40.14,-0.7027,0.4395,1.8336,-2.3225,0.7966,-0.6053,0.3905,0.3151,FOLLOW
40.16,-0.7033,0.4417,1.8263,-2.3247,0.7965,-0.6053,0.3905,0.3164,FOLLOW
40.18,-0.7039,0.4438,1.8191,-2.3268,0.7965,-0.6053,0.3905,0.3178,FOLLOW
40.2,-0.7044,0.4459,1.8118,-2.329,0.7965,-0.6053,0.3905,0.3191,FOLLOW
40.22,-0.7049,0.448,1.8044,-2.3311,0.7965,-0.6081,0.4009,0.3204,FOLLOW
40.24,-0.7054,0.45,1.7966,-2.3332,0.7965,-0.6081,0.4009,0.3217,FOLLOW
40.26,-0.7058,0.4521,1.7886,-2.3352,0.7966,-0.6081,0.4009,0.323,FOLLOW
40.28,-0.7063,0.4541,1.7807,-2.3372,0.7966,-0.6081,0.4009,0.3242,FOLLOW
40.3,-0.7067,0.4562,1.7727,-2.3392,0.7967,-0.6081,0.4009,0.3255,FOLLOW
40.32,-0.7071,0.4582,1.7648,-2.3412,0.7967,-0.6103,0.4108,0.3267,FOLLOW
40.34,-0.7075,0.4602,1.7568,-2.3432,0.7968,-0.6103,0.4108,0.3279,FOLLOW
40.36,-0.7079,0.4623,1.7489,-2.3452,0.7969,-0.6103,0.4108,0.3291,FOLLOW
40.38,-0.7082,0.4643,1.741,-2.3472,0.7971,-0.6103,0.4108,0.3304,FOLLOW
40.4,-0.7086,0.4664,1.733,-2.3492,0.7972,-0.6103,0.4108,0.3316,FOLLOW
40.42,-0.7089,0.4684,1.7249,-2.3512,0.7974,-0.6122,0.4207,0.3327,FOLLOW
40.44,-0.7092,0.4703,1.7164,-2.3531,0.7975,-0.6122,0.4207,0.3339,FOLLOW
40.46,-0.7094,0.4723,1.7078,-2.355,0.7977,-0.6122,0.4207,0.335,FOLLOW
40.48,-0.7097,0.4742,1.6992,-2.3569,0.7979,-0.6122,0.4207,0.3361,FOLLOW
40.5,-0.7099,0.4761,1.6907,-2.3587,0.7981,-0.6122,0.4207,0.3372,FOLLOW
40.52,-0.7102,0.4781,1.6821,-2.3625,0.7986,-0.6135,0.4301,0.3383,FOLLOW
40.54,-0.7104,0.48,1.6735,-2.3625,0.7986,-0.6135,0.4301,0.3394,FOLLOW
40.56,-0.7106,0.482,1.6649,-2.3643,0.7989,-0.6135,0.4301,0.3405,FOLLOW
40.58,-0.7107,0.4839,1.6563,-2.368,0.7994,-0.6135,0.4301,0.3415,FOLLOW
40.6,-0.7109,0.4859,1.6477,-2.368,0.7994,-0.6145,0.4395,0.3426,FOLLOW
40.62,-0.711,0.4878,1.639,-2.3699,0.7997,-0.6145,0.4395,0.3436,FOLLOW
40.64,-0.7112,0.4897,1.6299,-2.3717,0.8001,-0.6145,0.4395,0.3446,FOLLOW
40.66,-0.7113,0.4915,1.6209,-2.3734,0.8004,-0.6145,0.4395,0.3456,FOLLOW
40.68,-0.7113,0.4934,1.6118,-2.3769,0.8011,-0.6145,0.4395,0.3466,FOLLOW
40.7,-0.7114,0.4953,1.6027,-2.3769,0.8011,-0.6145,0.4395,0.3476,FOLLOW
40.72,-0.7115,0.4971,1.5937,-2.3787,0.8015,-0.615,0.4485,0.3486,FOLLOW
40.74,-0.7115,0.499,1.5846,-2.3804,0.8018,-0.615,0.4485,0.3495,FOLLOW
40.76,-0.7115,0.5009,1.5756,-2.3822,0.8022,-0.615,0.4485,0.3505,FOLLOW
40.78,-0.7115,0.5027,1.5665,-2.3839,0.8027,-0.615,0.4485,0.3514,FOLLOW
40.8,-0.7115,0.5046,1.5574,-2.3856,0.8031,-0.615,0.4485,0.3523,FOLLOW
40.82,-0.7114,0.5064,1.5482,-2.3874,0.8036,-0.6151,0.4575,0.3532,FOLLOW
40.84,-0.7114,0.5082,1.5388,-2.3907,0.8045,-0.6151,0.4575,0.3541,FOLLOW
40.86,-0.7113,0.51,1.5294,-2.3907,0.8045,-0.6151,0.4575,0.355,FOLLOW
40.88,-0.7112,0.5118,1.52,-2.394,0.8054,-0.6151,0.4575,0.3558,FOLLOW
40.9,-0.7111,0.5136,1.5106,-2.394,0.8054,-0.6151,0.4575,0.3567,FOLLOW
40.92,-0.711,0.5154,1.5012,-2.3956,0.806,-0.6148,0.4661,0.3575,FOLLOW
40.94,-0.7109,0.5172,1.4918,-2.3973,0.8065,-0.6148,0.4661,0.3584,FOLLOW
40.96,-0.7107,0.519,1.4824,-2.3989,0.807,-0.6148,0.4661,0.3592,FOLLOW
40.98,-0.7106,0.5208,1.473,-2.4005,0.8076,-0.6148,0.4661,0.36,FOLLOW
41.0,-0.7104,0.5226,1.4636,-2.4038,0.8087,-0.6148,0.4661,0.3608,FOLLOW
41.02,-0.7102,0.5243,1.4541,-2.4038,0.8087,-0.6139,0.4764,0.3615,FOLLOW
41.04,-0.71,0.526,1.4442,-2.4053,0.8093,-0.6139,0.4764,0.3623,FOLLOW
41.06,-0.7098,0.5276,1.434,-2.4067,0.8099,-0.6139,0.4764,0.363,FOLLOW
41.08,-0.7095,0.5292,1.4238,-2.4096,0.811,-0.6139,0.4764,0.3637,FOLLOW
41.1,-0.7093,0.5309,1.4136,-2.4096,0.811,-0.6139,0.4764,0.3644,FOLLOW
41.12,-0.709,0.5325,1.4034,-2.411,0.8116,-0.6131,0.4826,0.3651,FOLLOW
41.14,-0.7087,0.5341,1.3932,-2.4125,0.8123,-0.6131,0.4826,0.3658,FOLLOW
41.16,-0.7084,0.5358,1.383,-2.4139,0.8129,-0.6131,0.4826,0.3665,FOLLOW
41.18,-0.7081,0.5374,1.3728,-2.4153,0.8135,-0.6131,0.4826,0.3672,FOLLOW
41.2,-0.7078,0.539,1.3626,-2.4167,0.8142,-0.6131,0.4826,0.3678,FOLLOW
41.22,-0.7074,0.5406,1.3524,-2.4195,0.8156,-0.6117,0.4903,0.3685,FOLLOW
41.24,-0.707,0.5422,1.3423,-2.4195,0.8156,-0.6117,0.4903,0.3691,FOLLOW
41.26,-0.7066,0.5439,1.3321,-2.4209,0.8163,-0.6117,0.4903,0.3697,FOLLOW
41.28,-0.7062,0.5455,1.322,-2.4223,0.817,-0.6117,0.4903,0.3703,FOLLOW
41.3,-0.7058,0.5471,1.3119,-2.4237,0.8178,-0.6117,0.4903,0.3709,FOLLOW
41.32,-0.7054,0.5487,1.3017,-2.4251,0.8185,-0.6099,0.4979,0.3715,FOLLOW
41.34,-0.7049,0.5503,1.2916,-2.4265,0.8193,-0.6099,0.4979,0.372,FOLLOW
41.36,-0.7045,0.5519,1.2814,-2.4278,0.8201,-0.6099,0.4979,0.3726,FOLLOW
41.38,-0.704,0.5535,1.2713,-2.4292,0.8209,-0.6099,0.4979,0.3731,FOLLOW
41.4,-0.7035,0.5551,1.2612,-2.4305,0.8217,-0.6099,0.4979,0.3736,FOLLOW
41.42,-0.703,0.5566,1.2509,-2.4319,0.8225,-0.6077,0.5055,0.3741,FOLLOW
41.44,-0.7025,0.5582,1.2406,-2.4332,0.8233,-0.6077,0.5055,0.3746,FOLLOW
41.46,-0.7019,0.5597,1.2304,-2.4345,0.8242,-0.6077,0.5055,0.3751,FOLLOW
41.48,-0.7014,0.5613,1.2201,-2.4358,0.825,-0.6077,0.5055,0.3756,FOLLOW
41.498,-0.7008,0.5628,1.2098,-2.437,0.8259,-0.6077,0.5055,0.376,FOLLOW
41.52,-0.7002,0.5643,1.1995,-2.4383,0.8268,-0.6052,0.5128,0.3765,FOLLOW
41.54,-0.6996,0.5658,1.1892,-2.4396,0.8276,-0.6052,0.5128,0.3769,FOLLOW
41.56,-0.699,0.5673,1.179,-2.4408,0.8285,-0.6052,0.5128,0.3773,FOLLOW
41.58,-0.6983,0.5689,1.1687,-2.4421,0.8295,-0.6052,0.5128,0.3777,FOLLOW
41.6,-0.6977,0.5704,1.1584,-2.4433,0.8304,-0.6023,0.52,0.3781,FOLLOW
41.62,-0.697,0.5718,1.1479,-2.4457,0.8322,-0.6023,0.52,0.3785,FOLLOW
41.64,-0.6964,0.5732,1.1372,-2.4457,0.8322,-0.6023,0.52,0.3789,FOLLOW
41.66,-0.6957,0.5746,1.1264,-2.4468,0.8331,-0.6023,0.52,0.3792,FOLLOW
41.68,-0.6951,0.576,1.1157,-2.4479,0.8341,-0.6023,0.52,0.3796,FOLLOW
41.7,-0.6944,0.5774,1.105,-2.4491,0.835,-0.6023,0.52,0.3799,FOLLOW
41.722,-0.6937,0.5788,1.0942,-2.4512,0.8369,-0.5992,0.5266,0.3802,FOLLOW
41.74,-0.693,0.5801,1.0835,-2.4512,0.8369,-0.5992,0.5266,0.3806,FOLLOW
41.76,-0.6922,0.5815,1.0727,-2.4523,0.8379,-0.5992,0.5266,0.3809,FOLLOW
41.78,-0.6915,0.5828,1.062,-2.4534,0.8388,-0.5992,0.5266,0.3811,FOLLOW
41.8,-0.6907,0.5842,1.0512,-2.4545,0.8398,-0.5992,0.5266,0.3814,FOLLOW
41.82,-0.6899,0.5856,1.0407,-2.4555,0.8408,-0.5958,0.533,0.3816,FOLLOW
41.84,-0.6891,0.587,1.0304,-2.4566,0.8419,-0.5958,0.533,0.3819,FOLLOW
41.86,-0.6882,0.5884,1.0202,-2.4577,0.843,-0.5958,0.533,0.3821,FOLLOW
41.88,-0.6873,0.5898,1.0099,-2.4588,0.8441,-0.5958,0.533,0.3823,FOLLOW
41.9,-0.6865,0.5912,0.9996,-2.4609,0.8463,-0.5958,0.533,0.3824,FOLLOW
41.92,-0.6856,0.5925,0.9894,-2.462,0.8475,-0.591,0.5409,0.3826,FOLLOW
41.94,-0.6847,0.5939,0.9791,-2.462,0.8475,-0.591,0.5409,0.3828,FOLLOW
41.96,-0.6837,0.5953,0.9689,-2.463,0.8486,-0.591,0.5409,0.3829,FOLLOW
41.98,-0.6828,0.5966,0.9586,-2.4641,0.8498,-0.591,0.5409,0.383,FOLLOW
42.0,-0.6818,0.5979,0.9484,-2.4651,0.8509,-0.591,0.5409,0.3831,FOLLOW
42.02,-0.6809,0.5992,0.9379,-2.4661,0.8521,-0.5875,0.546,0.3832,FOLLOW
42.04,-0.68,0.6005,0.9273,-2.467,0.8533,-0.5875,0.546,0.3833,FOLLOW
42.06,-0.679,0.6018,0.9168,-2.468,0.8544,-0.5875,0.546,0.3834,FOLLOW
42.08,-0.678,0.603,0.9062,-2.4689,0.8556,-0.5875,0.546,0.3835,FOLLOW
42.1,-0.6771,0.6042,0.8956,-2.4698,0.8567,-0.5875,0.546,0.3836,FOLLOW
42.12,-0.6761,0.6055,0.8851,-2.4707,0.8579,-0.583,0.552,0.3836,FOLLOW
42.14,-0.675,0.6067,0.8745,-2.4716,0.8591,-0.583,0.552,0.3836,FOLLOW
42.16,-0.674,0.6079,0.8639,-2.4734,0.8615,-0.583,0.552,0.3837,FOLLOW
42.18,-0.673,0.6091,0.8533,-2.4734,0.8615,-0.583,0.552,0.3837,FOLLOW
42.2,-0.6719,0.6103,0.8428,-2.4742,0.8627,-0.583,0.552,0.3836,FOLLOW
42.22,-0.6709,0.6115,0.8324,-2.475,0.864,-0.5783,0.5577,0.3836,FOLLOW
42.24,-0.6697,0.6127,0.8221,-2.4759,0.8652,-0.5783,0.5577,0.3835,FOLLOW
42.26,-0.6686,0.6139,0.8119,-2.4776,0.8678,-0.5783,0.5577,0.3835,FOLLOW
42.28,-0.6675,0.6151,0.8016,-2.4776,0.8678,-0.5783,0.5577,0.3834,FOLLOW
42.3,-0.6663,0.6162,0.7914,-2.4784,0.8692,-0.5783,0.5577,0.3833,FOLLOW
42.32,-0.6652,0.6174,0.7811,-2.4792,0.8705,-0.573,0.5633,0.3832,FOLLOW
42.34,-0.664,0.6185,0.7709,-2.48,0.8718,-0.573,0.5633,0.383,FOLLOW
42.36,-0.6628,0.6197,0.7606,-2.4816,0.8745,-0.573,0.5633,0.3829,FOLLOW
42.38,-0.6616,0.6208,0.7504,-2.4816,0.8745,-0.573,0.5633,0.3827,FOLLOW
42.4,-0.6604,0.6219,0.7401,-2.4823,0.8758,-0.573,0.5633,0.3826,FOLLOW
42.42,-0.6592,0.623,0.7299,-2.4831,0.8772,-0.5675,0.5687,0.3824,FOLLOW
42.44,-0.6579,0.6241,0.7198,-2.4845,0.88,-0.5675,0.5687,0.3822,FOLLOW
42.46,-0.6567,0.6252,0.7096,-2.4852,0.8814,-0.5675,0.5687,0.382,FOLLOW
42.48,-0.6554,0.6263,0.6994,-2.4852,0.8814,-0.5675,0.5687,0.3817,FOLLOW
42.5,-0.6542,0.6273,0.6892,-2.4859,0.8828,-0.5675,0.5687,0.3815,FOLLOW
42.52,-0.6529,0.6284,0.679,-2.4866,0.8842,-0.5616,0.5738,0.3812,FOLLOW
42.54,-0.6516,0.6294,0.6688,-2.4872,0.8856,-0.5616,0.5738,0.381,FOLLOW
42.56,-0.6503,0.6304,0.6586,-2.4885,0.8884,-0.5616,0.5738,0.3807,FOLLOW
42.58,-0.649,0.6314,0.6484,-2.4885,0.8884,-0.5616,0.5738,0.3804,FOLLOW
42.6,-0.6476,0.6324,0.6382,-2.4891,0.8899,-0.5616,0.5738,0.3801,FOLLOW
42.62,-0.6464,0.6333,0.6278,-2.4897,0.8913,-0.5555,0.5786,0.3798,FOLLOW
42.64,-0.6451,0.6343,0.6171,-2.4903,0.8927,-0.5555,0.5786,0.3795,FOLLOW
42.66,-0.6438,0.6351,0.6064,-2.4908,0.894,-0.5555,0.5786,0.3792,FOLLOW
42.68,-0.6425,0.636,0.5957,-2.4918,0.8968,-0.5555,0.5786,0.3789,FOLLOW
42.7,-0.6413,0.6369,0.585,-2.4923,0.8981,-0.5555,0.5786,0.3786,FOLLOW
42.72,-0.64,0.6377,0.5742,-2.4923,0.8981,-0.5482,0.5837,0.3783,FOLLOW
42.74,-0.6387,0.6386,0.5635,-2.4933,0.9009,-0.5482,0.5837,0.3779,FOLLOW
42.76,-0.6373,0.6394,0.5528,-2.4933,0.9009,-0.5482,0.5837,0.3775,FOLLOW
42.78,-0.636,0.6402,0.5421,-2.4937,0.9023,-0.5482,0.5837,0.3772,FOLLOW
42.8,-0.6347,0.641,0.5313,-2.4941,0.9037,-0.5482,0.5837,0.3768,FOLLOW
42.82,-0.6333,0.6418,0.5208,-2.4946,0.9051,-0.5433,0.5868,0.3763,FOLLOW
42.84,-0.6318,0.6426,0.5107,-2.495,0.9066,-0.5433,0.5868,0.3758,FOLLOW
42.86,-0.6303,0.6435,0.5008,-2.4958,0.9097,-0.5433,0.5868,0.3753,FOLLOW
42.88,-0.6288,0.6443,0.4909,-2.4958,0.9097,-0.5433,0.5868,0.3748,FOLLOW
42.9,-0.6273,0.6451,0.481,-2.4962,0.9113,-0.5433,0.5868,0.3742,FOLLOW
42.92,-0.6258,0.6458,0.4711,-2.4966,0.9128,-0.5364,0.5906,0.3736,FOLLOW
42.94,-0.6242,0.6466,0.4612,-2.4973,0.916,-0.5364,0.5906,0.3731,FOLLOW
42.96,-0.6227,0.6474,0.4513,-2.4973,0.916,-0.5364,0.5906,0.3725,FOLLOW
42.98,-0.6212,0.6481,0.4414,-2.4977,0.9176,-0.5364,0.5906,0.3719,FOLLOW
43.0,-0.6196,0.6488,0.4315,-2.498,0.9192,-0.5364,0.5906,0.3713,FOLLOW
43.02,-0.618,0.6495,0.4217,-2.4986,0.9224,-0.5291,0.5942,0.3706,FOLLOW
43.04,-0.6165,0.6502,0.4119,-2.4986,0.9224,-0.5291,0.5942,0.37,FOLLOW
43.06,-0.6149,0.6509,0.4021,-2.4989,0.924,-0.5291,0.5942,0.3693,FOLLOW
43.08,-0.6133,0.6516,0.3923,-2.4994,0.9272,-0.5291,0.5942,0.3686,FOLLOW
43.1,-0.6117,0.6522,0.3825,-2.4994,0.9272,-0.5291,0.5942,0.3679,FOLLOW
43.12,-0.6101,0.6529,0.3727,-2.4996,0.9288,-0.5216,0.5975,0.3672,FOLLOW
43.14,-0.6085,0.6535,0.3629,-2.4998,0.9305,-0.5216,0.5975,0.3665,FOLLOW
43.16,-0.6068,0.6541,0.3531,-2.5,0.9321,-0.5216,0.5975,0.3658,FOLLOW
43.18,-0.6052,0.6547,0.3432,-2.5002,0.9337,-0.5216,0.5975,0.3651,FOLLOW
43.2,-0.6036,0.6552,0.3334,-2.5004,0.9354,-0.5216,0.5975,0.3643,FOLLOW
43.22,-0.6019,0.6558,0.3238,-2.5007,0.9387,-0.514,0.6004,0.3635,FOLLOW
43.24,-0.6002,0.6564,0.3144,-2.5007,0.9387,-0.514,0.6004,0.3627,FOLLOW
43.26,-0.5985,0.6569,0.3051,-2.5008,0.9404,-0.514,0.6004,0.3618,FOLLOW
43.28,-0.5967,0.6575,0.2957,-2.5009,0.9421,-0.514,0.6004,0.361,FOLLOW
43.3,-0.595,0.658,0.2863,-2.501,0.9439,-0.514,0.6004,0.3601,FOLLOW
43.32,-0.5932,0.6585,0.277,-2.5011,0.9473,-0.5058,0.603,0.3592,FOLLOW
43.34,-0.5915,0.659,0.2676,-2.5011,0.9473,-0.5058,0.603,0.3583,FOLLOW
43.36,-0.5898,0.6594,0.2582,-2.5012,0.949,-0.5058,0.603,0.3574,FOLLOW
43.38,-0.588,0.6599,0.2489,-2.5012,0.9508,-0.5058,0.603,0.3565,FOLLOW
43.4,-0.5862,0.6603,0.2395,-2.5012,0.9525,-0.5058,0.603,0.3555,FOLLOW
43.422,-0.5845,0.6607,0.2301,-2.5012,0.9542,-0.4975,0.6053,0.3546,FOLLOW
43.44,-0.5827,0.6611,0.2207,-2.5012,0.9559,-0.4975,0.6053,0.3537,FOLLOW
43.46,-0.581,0.6615,0.2113,-2.5011,0.9577,-0.4975,0.6053,0.3527,FOLLOW
43.48,-0.5792,0.6619,0.2019,-2.5011,0.9594,-0.4975,0.6053,0.3517,FOLLOW
43.5,-0.5774,0.6622,0.1925,-2.5009,0.9628,-0.4975,0.6053,0.3507,FOLLOW
43.52,-0.5757,0.6626,0.1831,-2.5009,0.9628,-0.4891,0.6071,0.3498,FOLLOW
43.54,-0.5739,0.6629,0.1737,-2.5007,0.9662,-0.4891,0.6071,0.3487,FOLLOW
43.56,-0.5721,0.6632,0.1643,-2.5007,0.9662,-0.4891,0.6071,0.3477,FOLLOW
43.58,-0.5703,0.6635,0.1549,-2.5004,0.9697,-0.4891,0.6071,0.3467,FOLLOW
43.6,-0.5685,0.6638,0.1455,-2.5004,0.9697,-0.4891,0.6071,0.3457,FOLLOW
43.62,-0.5667,0.664,0.1362,-2.5003,0.9714,-0.4806,0.6086,0.3446,FOLLOW
43.64,-0.5649,0.6642,0.1268,-2.4999,0.9748,-0.4806,0.6086,0.3435,FOLLOW
43.66,-0.5631,0.6645,0.1175,-2.4999,0.9748,-0.4806,0.6086,0.3424,FOLLOW
43.68,-0.5613,0.6647,0.1082,-2.4997,0.9766,-0.4806,0.6086,0.3414,FOLLOW
43.7,-0.5595,0.6649,0.0989,-2.4994,0.9783,-0.4806,0.6086,0.3402,FOLLOW
43.72,-0.5577,0.665,0.0895,-2.4989,0.9817,-0.472,0.6097,0.3391,FOLLOW
43.74,-0.5559,0.6652,0.0802,-2.4989,0.9817,-0.472,0.6097,0.338,FOLLOW
43.76,-0.5541,0.6653,0.0709,-2.4986,0.9834,-0.472,0.6097,0.3369,FOLLOW
43.78,-0.5523,0.6654,0.0616,-2.4984,0.9851,-0.472,0.6097,0.3357,FOLLOW
43.8,-0.5504,0.6655,0.0523,-2.4977,0.9885,-0.472,0.6097,0.3346,FOLLOW
43.82,-0.5488,0.6656,0.0428,-2.4977,0.9885,-0.4634,0.6104,0.3335,FOLLOW
43.84,-0.5471,0.6657,0.033,-2.4974,0.9901,-0.4634,0.6104,0.3324,FOLLOW
43.86,-0.5455,0.6657,0.0228,-2.4971,0.9916,-0.4634,0.6104,0.3314,FOLLOW
43.88,-0.5438,0.6657,0.0124,-2.4964,0.9945,-0.4634,0.6104,0.3304,FOLLOW
43.9,-0.5422,0.6658,0.0021,-2.4964,0.9945,-0.4634,0.6104,0.3293,FOLLOW
43.92,-0.5406,0.6657,-0.0083,-2.496,0.996,-0.4555,0.6106,0.3283,FOLLOW
43.94,-0.539,0.6657,-0.0187,-2.4957,0.9975,-0.4555,0.6106,0.3272,FOLLOW
43.96,-0.5374,0.6657,-0.0291,-2.4953,0.999,-0.4555,0.6106,0.3261,FOLLOW
43.98,-0.5358,0.6656,-0.0394,-2.4949,1.0004,-0.4555,0.6106,0.325,FOLLOW
44.0,-0.5341,0.6655,-0.0498,-2.4944,1.0019,-0.4555,0.6106,0.324,FOLLOW
44.02,-0.5327,0.6655,-0.0603,-2.4936,1.0046,-0.4479,0.6105,0.323,FOLLOW
44.04,-0.5313,0.6654,-0.0712,-2.4936,1.0046,-0.4479,0.6105,0.322,FOLLOW
44.06,-0.5299,0.6653,-0.0824,-2.4932,1.0057,-0.4479,0.6105,0.3211,FOLLOW
44.08,-0.5285,0.6651,-0.094,-2.4928,1.0069,-0.4479,0.6105,0.3202,FOLLOW
44.1,-0.5272,0.665,-0.1058,-2.4924,1.0081,-0.4479,0.6105,0.3193,FOLLOW
44.12,-0.5259,0.6649,-0.1176,-2.492,1.0092,-0.4414,0.61,0.3184,FOLLOW
44.14,-0.5245,0.6647,-0.1294,-2.4916,1.0104,-0.4414,0.61,0.3175,FOLLOW
44.16,-0.5232,0.6645,-0.1413,-2.4911,1.0115,-0.4414,0.61,0.3165,FOLLOW
44.18,-0.5219,0.6643,-0.1531,-2.4902,1.0138,-0.4414,0.61,0.3156,FOLLOW
44.2,-0.5206,0.6641,-0.1649,-2.4902,1.0138,-0.4353,0.6092,0.3146,FOLLOW
44.22,-0.5193,0.6639,-0.1769,-2.4897,1.015,-0.4353,0.6092,0.3137,FOLLOW
44.24,-0.5181,0.6636,-0.1891,-2.4892,1.016,-0.4353,0.6092,0.3128,FOLLOW
44.26,-0.5168,0.6634,-0.2014,-2.4887,1.0171,-0.4353,0.6092,0.3119,FOLLOW
44.28,-0.5156,0.6631,-0.2137,-2.4882,1.0181,-0.4353,0.6092,0.311,FOLLOW
44.3,-0.5144,0.6628,-0.2259,-2.4877,1.0191,-0.4353,0.6092,0.3101,FOLLOW
44.32,-0.5132,0.6626,-0.2382,-2.4872,1.0201,-0.4296,0.6081,0.3092,FOLLOW
44.34,-0.5119,0.6623,-0.2505,-2.4867,1.0212,-0.4296,0.6081,0.3082,FOLLOW
44.36,-0.5107,0.6619,-0.2628,-2.4861,1.0222,-0.4296,0.6081,0.3073,FOLLOW
44.38,-0.5095,0.6616,-0.275,-2.4856,1.0232,-0.4296,0.6081,0.3063,FOLLOW
44.4,-0.5083,0.6612,-0.2873,-2.4844,1.0251,-0.4296,0.6081,0.3053,FOLLOW
44.422,-0.507,0.6609,-0.2994,-2.4844,1.0251,-0.4229,0.6063,0.3043,FOLLOW
44.44,-0.5057,0.6604,-0.3111,-2.4831,1.0273,-0.4229,0.6063,0.3032,FOLLOW
44.46,-0.5044,0.66,-0.3227,-2.4831,1.0273,-0.4229,0.6063,0.3021,FOLLOW
44.48,-0.5031,0.6596,-0.3343,-2.4824,1.0284,-0.4229,0.6063,0.3009,FOLLOW
44.5,-0.5018,0.6591,-0.3459,-2.4817,1.0294,-0.4229,0.6063,0.2998,FOLLOW
44.52,-0.5005,0.6586,-0.3576,-2.481,1.0305,-0.4181,0.6047,0.2986,FOLLOW
44.54,-0.4992,0.6581,-0.3692,-2.4795,1.0326,-0.4181,0.6047,0.2975,FOLLOW
44.56,-0.4979,0.6576,-0.3808,-2.4795,1.0326,-0.4181,0.6047,0.2963,FOLLOW
44.58,-0.4967,0.6571,-0.3924,-2.4788,1.0336,-0.4181,0.6047,0.2951,FOLLOW
44.6,-0.4954,0.6566,-0.404,-2.4772,1.0357,-0.4122,0.6024,0.2939,FOLLOW
44.62,-0.4941,0.656,-0.4154,-2.4764,1.0367,-0.4122,0.6024,0.2927,FOLLOW
44.64,-0.4928,0.6554,-0.4267,-2.4764,1.0367,-0.4122,0.6024,0.2914,FOLLOW
44.66,-0.4914,0.6548,-0.4379,-2.4756,1.0378,-0.4122,0.6024,0.2901,FOLLOW
44.68,-0.4901,0.6542,-0.4492,-2.4747,1.0388,-0.4122,0.6024,0.2888,FOLLOW
44.7,-0.4888,0.6535,-0.4605,-2.4739,1.0399,-0.4122,0.6024,0.2876,FOLLOW
44.72,-0.4875,0.6529,-0.4717,-2.473,1.0409,-0.4061,0.5997,0.2863,FOLLOW
44.74,-0.4863,0.6522,-0.483,-2.4721,1.0419,-0.4061,0.5997,0.2849,FOLLOW
44.76,-0.485,0.6515,-0.4943,-2.4712,1.0429,-0.4061,0.5997,0.2836,FOLLOW
44.78,-0.4837,0.6508,-0.5055,-2.4703,1.0439,-0.4061,0.5997,0.2823,FOLLOW
44.8,-0.4824,0.6501,-0.5168,-2.4694,1.0449,-0.4061,0.5997,0.281,FOLLOW
44.82,-0.4811,0.6494,-0.5279,-2.4685,1.0459,-0.4001,0.5965,0.2796,FOLLOW
44.84,-0.4797,0.6485,-0.5385,-2.4674,1.047,-0.4001,0.5965,0.278,FOLLOW
44.86,-0.4781,0.6476,-0.5487,-2.4662,1.0482,-0.4001,0.5965,0.2763,FOLLOW
44.88,-0.4766,0.6466,-0.5584,-2.4649,1.0494,-0.4001,0.5965,0.2746,FOLLOW
44.9,-0.4751,0.6457,-0.5677,-2.4637,1.0506,-0.4001,0.5965,0.2729,FOLLOW
44.92,-0.4736,0.6447,-0.5771,-2.4624,1.0518,-0.3932,0.5924,0.2711,FOLLOW
44.94,-0.4721,0.6437,-0.5864,-2.4612,1.053,-0.3932,0.5924,0.2694,FOLLOW
44.96,-0.4706,0.6427,-0.5958,-2.4599,1.0542,-0.3932,0.5924,0.2677,FOLLOW
44.98,-0.4691,0.6416,-0.6052,-2.4586,1.0553,-0.3932,0.5924,0.2659,FOLLOW
45.0,-0.4676,0.6406,-0.6145,-2.4573,1.0565,-0.3932,0.5924,0.2642,FOLLOW
45.02,-0.4662,0.6396,-0.624,-2.456,1.0576,-0.386,0.5876,0.2625,FOLLOW
45.04,-0.4649,0.6387,-0.6341,-2.4549,1.0586,-0.386,0.5876,0.261,FOLLOW
45.06,-0.4637,0.6377,-0.6445,-2.4537,1.0595,-0.386,0.5876,0.2595,FOLLOW
45.08,-0.4624,0.6368,-0.6552,-2.4515,1.0613,-0.386,0.5876,0.2579,FOLLOW
45.1,-0.4612,0.6358,-0.6658,-2.4515,1.0613,-0.386,0.5876,0.2564,FOLLOW
45.12,-0.4599,0.6348,-0.6765,-2.4503,1.0623,-0.3799,0.583,0.2549,FOLLOW
45.14,-0.4587,0.6339,-0.6871,-2.4491,1.0631,-0.3799,0.583,0.2533,FOLLOW
45.16,-0.4575,0.6329,-0.6977,-2.4468,1.0649,-0.3799,0.583,0.2518,FOLLOW
45.18,-0.4563,0.6318,-0.7084,-2.4468,1.0649,-0.3799,0.583,0.2502,FOLLOW
45.2,-0.4551,0.6308,-0.719,-2.4443,1.0666,-0.3799,0.583,0.2487,FOLLOW
45.22,-0.4548,0.6305,-0.7295,-2.4443,1.0666,-0.3799,0.583,0.2482,FOLLOW
45.24,-0.4548,0.6306,-0.7394,-2.4442,1.0667,-0.3799,0.583,0.2483,FOLLOW
45.26,-0.4549,0.6307,-0.7488,-2.4442,1.0667,-0.3731,0.5774,0.2485,FOLLOW_TURN
45.28,-0.455,0.6307,-0.7577,-2.4442,1.0667,-0.3731,0.5774,0.2486,FOLLOW_TURN
45.3,-0.4551,0.6308,-0.7662,-2.4442,1.0667,-0.3731,0.5774,0.2486,FOLLOW_TURN
45.32,-0.4552,0.6309,-0.7741,-2.4442,1.0667,-0.373,0.5773,0.2489,FOLLOW_TURN
45.34,-0.4555,0.6312,-0.7816,-2.4442,1.0667,-0.373,0.5773,0.2492,FOLLOW_TURN
45.36,-0.4557,0.6314,-0.7886,-2.4442,1.0667,-0.373,0.5773,0.2495,FOLLOW_TURN
45.38,-0.4558,0.6315,-0.7951,-2.4442,1.0667,-0.373,0.5773,0.2497,FOLLOW_TURN
45.4,-0.456,0.6317,-0.8012,-2.4442,1.0667,-0.373,0.5773,0.2499,FOLLOW_TURN
45.42,-0.4563,0.632,-0.8067,-2.4442,1.0667,-0.373,0.5773,0.2503,FOLLOW_TURN
45.44,-0.4566,0.6323,-0.8118,-2.4442,1.0667,-0.373,0.5773,0.2507,FOLLOW_TURN
45.46,-0.4569,0.6326,-0.8164,-2.4442,1.0667,-0.373,0.5773,0.2512,FOLLOW_TURN
45.48,-0.4572,0.6329,-0.8205,-2.4442,1.0667,-0.373,0.5773,0.2516,FOLLOW_TURN
45.5,-0.4574,0.6332,-0.8242,-2.4442,1.0667,-0.373,0.5773,0.2519,FOLLOW_TURN
45.52,-0.4578,0.6336,-0.8273,-2.4442,1.0667,-0.373,0.5773,0.2524,FOLLOW_TURN
45.54,-0.4582,0.634,-0.83,-2.4442,1.0667,-0.373,0.5773,0.253,FOLLOW_TURN
45.56,-0.4586,0.6345,-0.8322,-2.4442,1.0667,-0.373,0.5773,0.2536,FOLLOW_TURN
45.58,-0.459,0.6349,-0.8339,-2.4442,1.0667,-0.373,0.5773,0.2542,FOLLOW_TURN
45.6,-0.4593,0.6353,-0.8352,-2.4442,1.0667,-0.373,0.5773,0.2547,FOLLOW_TURN
45.62,-0.4598,0.6358,-0.836,-2.4442,1.0667,-0.373,0.5773,0.2554,FOLLOW_TURN
45.64,-0.4603,0.6363,-0.8362,-2.4442,1.0667,-0.373,0.5773,0.2561,FOLLOW_TURN
45.66,-0.4608,0.6369,-0.836,-2.4442,1.0667,-0.373,0.5773,0.2569,FOLLOW_TURN
45.68,-0.4612,0.6374,-0.8354,-2.4442,1.0667,-0.373,0.5773,0.2576,FOLLOW_TURN
45.7,-0.4617,0.6379,-0.8342,-2.4442,1.0667,-0.373,0.5773,0.2582,FOLLOW_TURN
45.718,-0.4622,0.6385,-0.8326,-2.4442,1.0667,-0.373,0.5773,0.259,FOLLOW_TURN
45.74,-0.4628,0.6391,-0.8305,-2.4442,1.0667,-0.373,0.5773,0.2598,FOLLOW_TURN
45.76,-0.4633,0.6396,-0.8279,-2.4442,1.0667,-0.373,0.5773,0.2606,FOLLOW_TURN
45.78,-0.4638,0.6402,-0.8248,-2.4442,1.0667,-0.373,0.5773,0.2614,FOLLOW_TURN
45.8,-0.4643,0.6407,-0.8213,-2.4442,1.0667,-0.373,0.5773,0.2621,FOLLOW_TURN
45.82,-0.4647,0.6412,-0.8173,-2.4442,1.0667,-0.373,0.5773,0.2627,FOLLOW_TURN
45.84,-0.4652,0.6417,-0.8128,-2.4442,1.0667,-0.373,0.5773,0.2634,FOLLOW_TURN
45.86,-0.4656,0.6421,-0.8078,-2.4442,1.0667,-0.373,0.5773,0.264,FOLLOW_TURN
45.88,-0.466,0.6425,-0.8024,-2.4442,1.0667,-0.373,0.5773,0.2646,FOLLOW_TURN
45.9,-0.4664,0.6429,-0.7965,-2.4442,1.0667,-0.373,0.5773,0.2651,FOLLOW_TURN
45.92,-0.4667,0.6433,-0.7902,-2.4442,1.0667,-0.373,0.5773,0.2657,FOLLOW_TURN
45.94,-0.467,0.6436,-0.7833,-2.4442,1.0667,-0.373,0.5773,0.2661,FOLLOW_TURN
45.96,-0.4674,0.6439,-0.776,-2.4442,1.0667,-0.373,0.5773,0.2666,FOLLOW_TURN
45.98,-0.4676,0.6442,-0.7682,-2.4442,1.0667,-0.373,0.5773,0.267,FOLLOW_TURN
46.0,-0.4679,0.6445,-0.76,-2.4442,1.0667,-0.373,0.5773,0.2674,FOLLOW_TURN
46.02,-0.4679,0.6444,-0.7517,-2.4442,1.0667,-0.373,0.5773,0.2673,FOLLOW
46.04,-0.4675,0.6441,-0.7437,-2.4441,1.0668,-0.373,0.5773,0.2668,FOLLOW
46.06,-0.4669,0.6435,-0.7357,-2.4437,1.0672,-0.373,0.5773,0.2659,FOLLOW
46.08,-0.4662,0.6429,-0.7277,-2.4431,1.0679,-0.373,0.5773,0.265,FOLLOW
46.1,-0.4655,0.6423,-0.7197,-2.4424,1.0687,-0.373,0.5773,0.2641,FOLLOW
46.12,-0.4646,0.6415,-0.7119,-2.4418,1.0694,-0.371,0.5755,0.2629,FOLLOW
46.14,-0.4637,0.6407,-0.7046,-2.4411,1.0702,-0.371,0.5755,0.2616,FOLLOW
46.16,-0.4627,0.6399,-0.6978,-2.4404,1.0711,-0.371,0.5755,0.2604,FOLLOW
46.18,-0.4618,0.6391,-0.6915,-2.439,1.0727,-0.371,0.5755,0.2592,FOLLOW
46.2,-0.4609,0.6384,-0.6857,-2.4383,1.0735,-0.371,0.5755,0.258,FOLLOW
46.22,-0.4607,0.6383,-0.6799,-2.4383,1.0735,-0.367,0.572,0.2578,FOLLOW_TURN
46.24,-0.4608,0.6384,-0.6736,-2.4382,1.0736,-0.367,0.572,0.258,FOLLOW_TURN
46.26,-0.461,0.6385,-0.6668,-2.4382,1.0736,-0.367,0.572,0.2581,FOLLOW_TURN
46.28,-0.4611,0.6386,-0.6595,-2.4382,1.0736,-0.367,0.572,0.2582,FOLLOW_TURN
46.3,-0.4611,0.6387,-0.6518,-2.4382,1.0736,-0.366,0.5713,0.2583,FOLLOW_TURN
46.32,-0.4613,0.6388,-0.6436,-2.4382,1.0736,-0.366,0.5713,0.2585,FOLLOW_TURN
46.338,-0.4616,0.639,-0.6349,-2.4382,1.0736,-0.366,0.5713,0.2588,FOLLOW_TURN
46.36,-0.4618,0.6392,-0.6257,-2.4382,1.0736,-0.366,0.5713,0.2591,FOLLOW_TURN
46.38,-0.4621,0.6394,-0.6161,-2.4382,1.0736,-0.366,0.5713,0.2593,FOLLOW_TURN
46.4,-0.4623,0.6395,-0.606,-2.4382,1.0736,-0.366,0.5713,0.2595,FOLLOW_TURN
46.42,-0.4624,0.6396,-0.5955,-2.4382,1.0736,-0.366,0.5713,0.2596,FOLLOW_TURN
46.44,-0.4626,0.6397,-0.5844,-2.4382,1.0736,-0.366,0.5713,0.2598,FOLLOW_TURN
46.46,-0.4627,0.6398,-0.573,-2.4382,1.0736,-0.366,0.5713,0.2598,FOLLOW_TURN
46.48,-0.4628,0.6399,-0.561,-2.4382,1.0736,-0.366,0.5713,0.2599,FOLLOW_TURN
46.5,-0.4629,0.6399,-0.549,-2.4382,1.0736,-0.366,0.5713,0.2599,FOLLOW_TURN
46.52,-0.463,0.64,-0.537,-2.4382,1.0736,-0.366,0.5713,0.2599,FOLLOW_TURN
46.54,-0.4631,0.6401,-0.525,-2.4382,1.0736,-0.366,0.5713,0.26,FOLLOW_TURN
46.56,-0.4632,0.6401,-0.513,-2.4382,1.0736,-0.366,0.5713,0.26,FOLLOW_TURN
46.58,-0.4632,0.6402,-0.501,-2.4382,1.0736,-0.366,0.5713,0.26,FOLLOW_TURN
46.6,-0.4633,0.6402,-0.489,-2.4382,1.0736,-0.366,0.5713,0.26,FOLLOW_TURN
46.62,-0.4634,0.6403,-0.477,-2.4382,1.0736,-0.366,0.5713,0.26,FOLLOW_TURN
46.64,-0.4635,0.6403,-0.465,-2.4382,1.0736,-0.366,0.5713,0.26,FOLLOW_TURN
46.66,-0.4636,0.6404,-0.453,-2.4382,1.0736,-0.366,0.5713,0.26,FOLLOW_TURN
46.68,-0.4637,0.6404,-0.441,-2.4382,1.0736,-0.366,0.5713,0.26,FOLLOW_TURN
46.7,-0.4638,0.6405,-0.429,-2.4382,1.0736,-0.366,0.5713,0.26,FOLLOW_TURN
46.72,-0.4639,0.6405,-0.417,-2.4382,1.0736,-0.366,0.5713,0.26,FOLLOW_TURN
46.74,-0.464,0.6406,-0.405,-2.4382,1.0736,-0.366,0.5713,0.26,FOLLOW_TURN
46.76,-0.4641,0.6406,-0.393,-2.4382,1.0736,-0.366,0.5713,0.2599,FOLLOW_TURN
46.78,-0.4642,0.6407,-0.381,-2.4382,1.0736,-0.366,0.5713,0.2599,FOLLOW_TURN
46.8,-0.4643,0.6407,-0.369,-2.4382,1.0736,-0.366,0.5713,0.2599,FOLLOW_TURN
46.82,-0.4644,0.6407,-0.357,-2.4382,1.0736,-0.366,0.5713,0.2598,FOLLOW_TURN
46.84,-0.4645,0.6408,-0.345,-2.4382,1.0736,-0.366,0.5713,0.2598,FOLLOW_TURN
46.86,-0.4646,0.6408,-0.333,-2.4382,1.0736,-0.366,0.5713,0.2597,FOLLOW_TURN
46.88,-0.4647,0.6409,-0.321,-2.4382,1.0736,-0.366,0.5713,0.2597,FOLLOW_TURN
46.9,-0.4648,0.6409,-0.309,-2.4382,1.0736,-0.366,0.5713,0.2596,FOLLOW_TURN
46.92,-0.4649,0.6409,-0.297,-2.4382,1.0736,-0.366,0.5713,0.2595,FOLLOW_TURN
46.94,-0.465,0.641,-0.285,-2.4382,1.0736,-0.366,0.5713,0.2595,FOLLOW_TURN
46.96,-0.4651,0.641,-0.273,-2.4382,1.0736,-0.366,0.5713,0.2594,FOLLOW_TURN
46.98,-0.4652,0.641,-0.261,-2.4382,1.0736,-0.366,0.5713,0.2593,FOLLOW_TURN
47.0,-0.4653,0.6411,-0.249,-2.4382,1.0736,-0.366,0.5713,0.2593,FOLLOW_TURN
47.02,-0.4654,0.6411,-0.237,-2.4382,1.0736,-0.366,0.5713,0.2592,FOLLOW_TURN
47.04,-0.4655,0.6411,-0.225,-2.4382,1.0736,-0.366,0.5713,0.2591,FOLLOW_TURN
47.06,-0.4656,0.6411,-0.213,-2.4382,1.0736,-0.366,0.5713,0.259,FOLLOW_TURN
47.08,-0.4657,0.6412,-0.201,-2.4382,1.0736,-0.366,0.5713,0.2589,FOLLOW_TURN
47.1,-0.4658,0.6412,-0.189,-2.4382,1.0736,-0.366,0.5713,0.2588,FOLLOW_TURN
47.12,-0.4659,0.6412,-0.177,-2.4382,1.0736,-0.366,0.5713,0.2587,FOLLOW_TURN
47.14,-0.4661,0.6412,-0.165,-2.4382,1.0736,-0.366,0.5713,0.2586,FOLLOW_TURN
47.16,-0.4662,0.6413,-0.153,-2.4382,1.0736,-0.366,0.5713,0.2585,FOLLOW_TURN
47.18,-0.4663,0.6413,-0.141,-2.4382,1.0736,-0.366,0.5713,0.2583,FOLLOW_TURN
47.2,-0.4664,0.6413,-0.129,-2.4382,1.0736,-0.366,0.5713,0.2582,FOLLOW_TURN
47.22,-0.4663,0.6413,-0.1172,-2.4382,1.0736,-0.366,0.5713,0.2579,FOLLOW_TURN
47.24,-0.466,0.6412,-0.1058,-2.4382,1.0738,-0.366,0.5713,0.2574,FOLLOW_TURN
47.26,-0.4654,0.6411,-0.0948,-2.4381,1.0744,-0.366,0.5713,0.2567,FOLLOW
47.28,-0.4644,0.641,-0.0842,-2.438,1.0753,-0.366,0.5713,0.2557,FOLLOW
47.3,-0.4634,0.6409,-0.074,-2.4379,1.0763,-0.366,0.5713,0.2547,FOLLOW
47.32,-0.4621,0.6408,-0.0642,-2.4379,1.0773,-0.3633,0.571,0.2535,FOLLOW
47.34,-0.4606,0.6407,-0.0547,-2.4378,1.0785,-0.3633,0.571,0.2521,FOLLOW
47.36,-0.4588,0.6406,-0.0457,-2.4377,1.08,-0.3633,0.571,0.2505,FOLLOW
47.38,-0.4567,0.6405,-0.037,-2.4375,1.082,-0.3633,0.571,0.2487,FOLLOW
47.4,-0.4545,0.6404,-0.0287,-2.4374,1.084,-0.3633,0.571,0.2468,FOLLOW
47.42,-0.4521,0.6403,-0.0208,-2.4373,1.086,-0.3557,0.5706,0.2448,FOLLOW
47.44,-0.4494,0.6403,-0.0132,-2.4372,1.0881,-0.3557,0.5706,0.2427,FOLLOW
47.46,-0.4466,0.6403,-0.006,-2.4371,1.0904,-0.3557,0.5706,0.2404,FOLLOW
47.48,-0.4438,0.6403,0.0008,-2.4369,1.0928,-0.3557,0.5706,0.2382,FOLLOW
47.5,-0.441,0.6403,0.0073,-2.4368,1.0951,-0.3557,0.5706,0.236,FOLLOW
47.52,-0.4381,0.6403,0.0135,-2.4367,1.0974,-0.3446,0.5704,0.2338,FOLLOW
47.54,-0.4351,0.6404,0.0193,-2.4366,1.0997,-0.3446,0.5704,0.2315,FOLLOW
47.56,-0.4321,0.6404,0.0248,-2.4364,1.102,-0.3446,0.5704,0.2292,FOLLOW
47.58,-0.4291,0.6405,0.0299,-2.4361,1.1066,-0.3446,0.5704,0.227,FOLLOW
47.6,-0.4261,0.6406,0.0347,-2.4361,1.1066,-0.3446,0.5704,0.2248,FOLLOW
47.62,-0.4231,0.6407,0.0392,-2.4359,1.1089,-0.333,0.5706,0.2226,FOLLOW
47.64,-0.4198,0.6409,0.0432,-2.4355,1.1142,-0.333,0.5706,0.2203,FOLLOW
47.66,-0.4163,0.641,0.0469,-2.4353,1.1173,-0.333,0.5706,0.2178,FOLLOW
47.68,-0.4128,0.6412,0.0502,-2.4353,1.1173,-0.333,0.5706,0.2153,FOLLOW
47.7,-0.4093,0.6414,0.0532,-2.435,1.1203,-0.333,0.5706,0.2129,FOLLOW
47.72,-0.4058,0.6416,0.0558,-2.4348,1.1234,-0.3192,0.5712,0.2105,FOLLOW
47.74,-0.4024,0.6417,0.0581,-2.4345,1.1264,-0.3192,0.5712,0.2082,FOLLOW
47.76,-0.399,0.642,0.06,-2.4342,1.1295,-0.3192,0.5712,0.2059,FOLLOW
47.78,-0.3956,0.6422,0.0616,-2.4339,1.1326,-0.3192,0.5712,0.2036,FOLLOW
47.8,-0.3922,0.6424,0.0628,-2.4333,1.1387,-0.3192,0.5712,0.2014,FOLLOW
47.82,-0.3889,0.6426,0.0636,-2.4333,1.1387,-0.3009,0.5722,0.1993,FOLLOW
47.84,-0.3854,0.6428,0.0641,-2.4326,1.1454,-0.3009,0.5722,0.197,FOLLOW
47.86,-0.3818,0.643,0.0642,-2.4326,1.1454,-0.3009,0.5722,0.1947,FOLLOW
47.88,-0.3783,0.6433,0.064,-2.4323,1.1489,-0.3009,0.5722,0.1925,FOLLOW
47.9,-0.3748,0.6435,0.0635,-2.4319,1.1524,-0.3009,0.5722,0.1903,FOLLOW
47.92,-0.3713,0.6437,0.0631,-2.4315,1.1559,-0.2871,0.5731,0.1881,FOLLOW
47.94,-0.3678,0.6439,0.0627,-2.4312,1.1594,-0.2871,0.5731,0.1859,FOLLOW
47.96,-0.3643,0.6441,0.0622,-2.4305,1.1663,-0.2871,0.5731,0.1837,FOLLOW
47.98,-0.3607,0.6444,0.0618,-2.4305,1.1663,-0.2871,0.5731,0.1815,FOLLOW
48.0,-0.3572,0.6446,0.0613,-2.4297,1.1733,-0.2871,0.5731,0.1794,FOLLOW
48.02,-0.3538,0.6448,0.0611,-2.4297,1.1733,-0.2696,0.5741,0.1773,FOLLOW
48.04,-0.3505,0.645,0.0612,-2.4294,1.1767,-0.2696,0.5741,0.1753,FOLLOW
48.06,-0.3471,0.6452,0.0616,-2.4286,1.1835,-0.2696,0.5741,0.1732,FOLLOW
48.08,-0.3437,0.6454,0.0624,-2.4283,1.1869,-0.2696,0.5741,0.1711,FOLLOW
48.1,-0.3403,0.6456,0.0633,-2.4279,1.1903,-0.2696,0.5741,0.1691,FOLLOW
48.12,-0.3369,0.6458,0.0642,-2.4279,1.1903,-0.2524,0.5751,0.1671,FOLLOW
48.14,-0.3335,0.6461,0.0651,-2.4276,1.1938,-0.2524,0.5751,0.165,FOLLOW
48.16,-0.3301,0.6463,0.066,-2.4269,1.2006,-0.2524,0.5751,0.163,FOLLOW
48.18,-0.3267,0.6465,0.0669,-2.4266,1.204,-0.2524,0.5751,0.161,FOLLOW
48.2,-0.3233,0.6467,0.0678,-2.4263,1.2074,-0.2524,0.5751,0.1591,FOLLOW
48.22,-0.3203,0.6469,0.0688,-2.4263,1.2074,-0.2353,0.5762,0.1573,FOLLOW
48.24,-0.3175,0.6471,0.0703,-2.426,1.2103,-0.2353,0.5762,0.1557,FOLLOW
48.26,-0.3147,0.6473,0.0721,-2.4257,1.2132,-0.2353,0.5762,0.1541,FOLLOW
48.28,-0.3119,0.6475,0.0742,-2.4254,1.2162,-0.2353,0.5762,0.1525,FOLLOW
48.3,-0.3091,0.6477,0.0767,-2.425,1.222,-0.2353,0.5762,0.1509,FOLLOW
48.322,-0.3062,0.648,0.0796,-2.425,1.222,-0.2202,0.5773,0.1492,FOLLOW
48.34,-0.3034,0.6482,0.0828,-2.4247,1.2249,-0.2202,0.5773,0.1476,FOLLOW
48.36,-0.3005,0.6484,0.0862,-2.4245,1.2278,-0.2202,0.5773,0.146,FOLLOW
48.38,-0.2976,0.6487,0.0896,-2.4243,1.2307,-0.2202,0.5773,0.1444,FOLLOW
48.4,-0.2947,0.649,0.093,-2.4239,1.2366,-0.2202,0.5773,0.1428,FOLLOW
48.42,-0.2919,0.6492,0.0965,-2.4239,1.2366,-0.2027,0.5787,0.1413,FOLLOW
48.44,-0.2891,0.6495,0.1003,-2.4237,1.2394,-0.2027,0.5787,0.1397,FOLLOW
48.46,-0.2863,0.6498,0.1041,-2.4236,1.2422,-0.2027,0.5787,0.1382,FOLLOW
48.48,-0.2835,0.6501,0.1079,-2.4234,1.2451,-0.2027,0.5787,0.1368,FOLLOW
48.5,-0.2808,0.6504,0.1117,-2.4233,1.2479,-0.2027,0.5787,0.1353,FOLLOW
48.52,-0.278,0.6507,0.1155,-2.4231,1.2507,-0.1914,0.5798,0.1339,FOLLOW
48.54,-0.2752,0.6511,0.1193,-2.423,1.2536,-0.1914,0.5798,0.1324,FOLLOW
48.56,-0.2724,0.6514,0.1231,-2.4229,1.2564,-0.1914,0.5798,0.131,FOLLOW
48.58,-0.2696,0.6517,0.1269,-2.4228,1.2593,-0.1914,0.5798,0.1297,FOLLOW
48.6,-0.2668,0.6521,0.1307,-2.4227,1.2621,-0.1914,0.5798,0.1283,FOLLOW
48.62,-0.2641,0.6525,0.1347,-2.4226,1.2677,-0.1773,0.5815,0.127,FOLLOW
48.64,-0.2614,0.6528,0.1389,-2.4225,1.2705,-0.1773,0.5815,0.1257,FOLLOW
48.66,-0.2588,0.6532,0.1431,-2.4225,1.2705,-0.1773,0.5815,0.1244,FOLLOW
48.68,-0.2561,0.6536,0.1474,-2.4225,1.2732,-0.1773,0.5815,0.1232,FOLLOW
48.7,-0.2534,0.654,0.1516,-2.4225,1.276,-0.1773,0.5815,0.122,FOLLOW
48.72,-0.2507,0.6544,0.1558,-2.4224,1.2787,-0.1636,0.5834,0.1208,FOLLOW
48.74,-0.248,0.6549,0.1601,-2.4224,1.2815,-0.1636,0.5834,0.1196,FOLLOW
48.76,-0.2453,0.6553,0.1643,-2.4224,1.2842,-0.1636,0.5834,0.1184,FOLLOW
48.78,-0.2427,0.6557,0.1685,-2.4225,1.2897,-0.1636,0.5834,0.1173,FOLLOW
48.8,-0.24,0.6562,0.1728,-2.4225,1.2897,-0.15,0.5855,0.1162,FOLLOW
48.82,-0.2376,0.6566,0.1772,-2.4225,1.2925,-0.15,0.5855,0.1152,FOLLOW
48.84,-0.2353,0.657,0.182,-2.4226,1.295,-0.15,0.5855,0.1142,FOLLOW
48.86,-0.233,0.6575,0.1872,-2.4226,1.2974,-0.15,0.5855,0.1132,FOLLOW
48.88,-0.2306,0.6579,0.1927,-2.4227,1.2999,-0.15,0.5855,0.1123,FOLLOW
48.9,-0.2283,0.6584,0.1985,-2.4228,1.3023,-0.15,0.5855,0.1113,FOLLOW
48.92,-0.2259,0.6589,0.2042,-2.4229,1.3048,-0.1376,0.5878,0.1104,FOLLOW
48.94,-0.2236,0.6594,0.21,-2.423,1.3072,-0.1376,0.5878,0.1095,FOLLOW
48.96,-0.2212,0.6599,0.2157,-2.4233,1.3121,-0.1376,0.5878,0.1086,FOLLOW
48.98,-0.2189,0.6604,0.2215,-2.4233,1.3121,-0.1376,0.5878,0.1078,FOLLOW
49.0,-0.2165,0.6609,0.2272,-2.4237,1.317,-0.1376,0.5878,0.1069,FOLLOW
49.02,-0.2143,0.6614,0.2332,-2.4237,1.317,-0.1256,0.5903,0.1062,FOLLOW
49.04,-0.2121,0.662,0.2395,-2.424,1.3216,-0.1256,0.5903,0.1054,FOLLOW
49.06,-0.2099,0.6625,0.2458,-2.424,1.3216,-0.1256,0.5903,0.1046,FOLLOW
49.08,-0.2077,0.6631,0.2522,-2.4242,1.324,-0.1256,0.5903,0.1039,FOLLOW
49.1,-0.2055,0.6637,0.2585,-2.4245,1.3263,-0.1256,0.5903,0.1032,FOLLOW
49.12,-0.2033,0.6643,0.2649,-2.4247,1.3286,-0.1119,0.5937,0.1025,FOLLOW
49.14,-0.2011,0.6649,0.2712,-2.425,1.3309,-0.1119,0.5937,0.1019,FOLLOW
49.16,-0.1989,0.6655,0.2776,-2.4252,1.3332,-0.1119,0.5937,0.1012,FOLLOW
49.18,-0.1968,0.6661,0.2839,-2.4258,1.3379,-0.1119,0.5937,0.1006,FOLLOW
49.2,-0.1946,0.6667,0.2903,-2.4258,1.3379,-0.1119,0.5937,0.1,FOLLOW
49.22,-0.1925,0.6674,0.2968,-2.4261,1.3402,-0.1029,0.5962,0.0995,FOLLOW
49.24,-0.1906,0.668,0.3037,-2.4267,1.3445,-0.1029,0.5962,0.0989,FOLLOW
49.26,-0.1886,0.6686,0.3109,-2.4271,1.3466,-0.1029,0.5962,0.0984,FOLLOW
49.28,-0.1866,0.6693,0.3181,-2.4274,1.3487,-0.1029,0.5962,0.0979,FOLLOW
49.3,-0.1846,0.6699,0.3253,-2.4274,1.3487,-0.1029,0.5962,0.0975,FOLLOW
49.32,-0.1826,0.6706,0.3325,-2.4278,1.3509,-0.0924,0.5994,0.097,FOLLOW
49.34,-0.1806,0.6713,0.3397,-2.4282,1.353,-0.0924,0.5994,0.0966,FOLLOW
49.36,-0.1787,0.672,0.347,-2.4286,1.3551,-0.0924,0.5994,0.0962,FOLLOW
49.38,-0.1767,0.6727,0.3542,-2.429,1.3572,-0.0924,0.5994,0.0958,FOLLOW
49.4,-0.1747,0.6735,0.3614,-2.4294,1.3593,-0.0924,0.5994,0.0954,FOLLOW
49.42,-0.1727,0.6743,0.3684,-2.4303,1.3637,-0.0822,0.603,0.0951,FOLLOW
49.44,-0.1706,0.6751,0.3749,-2.4308,1.3659,-0.0822,0.603,0.0948,FOLLOW
49.46,-0.1685,0.6759,0.3814,-2.4308,1.3659,-0.0822,0.603,0.0945,FOLLOW
49.48,-0.1664,0.6768,0.3878,-2.4319,1.3704,-0.0822,0.603,0.0943,FOLLOW
49.5,-0.1643,0.6776,0.3943,-2.4319,1.3704,-0.0822,0.603,0.0941,FOLLOW
49.52,-0.1622,0.6785,0.4007,-2.433,1.3749,-0.0716,0.6071,0.0939,FOLLOW
49.54,-0.1602,0.6794,0.4072,-2.433,1.3749,-0.0716,0.6071,0.0937,FOLLOW
49.56,-0.1581,0.6803,0.4136,-2.4336,1.3772,-0.0716,0.6071,0.0936,FOLLOW
49.58,-0.156,0.6812,0.4201,-2.4342,1.3794,-0.0716,0.6071,0.0935,FOLLOW
49.6,-0.154,0.6821,0.4266,-2.4354,1.3838,-0.0716,0.6071,0.0934,FOLLOW
49.62,-0.152,0.683,0.4332,-2.436,1.386,-0.061,0.6117,0.0933,FOLLOW
49.64,-0.15,0.6839,0.44,-2.436,1.386,-0.061,0.6117,0.0932,FOLLOW
49.66,-0.1481,0.6849,0.4469,-2.4366,1.3881,-0.061,0.6117,0.0932,FOLLOW
49.68,-0.1461,0.6858,0.4537,-2.4373,1.3903,-0.061,0.6117,0.0932,FOLLOW
49.7,-0.1442,0.6868,0.4605,-2.4379,1.3924,-0.061,0.6117,0.0932,FOLLOW
49.72,-0.1422,0.6878,0.4673,-2.4386,1.3946,-0.0508,0.6164,0.0932,FOLLOW
49.74,-0.1403,0.6887,0.4741,-2.4393,1.3967,-0.0508,0.6164,0.0933,FOLLOW
49.76,-0.1384,0.6897,0.481,-2.44,1.3988,-0.0508,0.6164,0.0934,FOLLOW
49.78,-0.1364,0.6908,0.4878,-2.4407,1.4009,-0.0508,0.6164,0.0935,FOLLOW
49.8,-0.1345,0.6918,0.4946,-2.4414,1.403,-0.0508,0.6164,0.0936,FOLLOW
49.82,-0.1325,0.6929,0.5012,-2.4429,1.4073,-0.0409,0.6215,0.0938,FOLLOW
49.84,-0.1306,0.6939,0.5077,-2.4437,1.4095,-0.0409,0.6215,0.094,FOLLOW
49.86,-0.1286,0.695,0.5142,-2.4437,1.4095,-0.0409,0.6215,0.0942,FOLLOW
49.88,-0.1267,0.6961,0.5207,-2.4445,1.4116,-0.0409,0.6215,0.0944,FOLLOW
49.9,-0.1247,0.6973,0.5272,-2.4454,1.4138,-0.0409,0.6215,0.0947,FOLLOW
49.92,-0.1228,0.6984,0.5337,-2.4462,1.4159,-0.0309,0.627,0.095,FOLLOW
49.94,-0.1209,0.6996,0.5402,-2.447,1.418,-0.0309,0.627,0.0953,FOLLOW
49.96,-0.119,0.7007,0.5467,-2.4479,1.4202,-0.0309,0.627,0.0957,FOLLOW
49.98,-0.1171,0.7019,0.5532,-2.4488,1.4223,-0.0309,0.627,0.0961,FOLLOW
50.0,-0.1152,0.7031,0.5597,-2.4497,1.4244,-0.0309,0.627,0.0965,FOLLOW
50.02,-0.1133,0.7043,0.5663,-2.4506,1.4265,-0.021,0.6329,0.0969,FOLLOW
50.04,-0.1114,0.7055,0.5728,-2.4515,1.4286,-0.021,0.6329,0.0973,FOLLOW
50.06,-0.1095,0.7067,0.5793,-2.4524,1.4307,-0.021,0.6329,0.0978,FOLLOW
50.08,-0.1076,0.7079,0.5859,-2.4534,1.4328,-0.021,0.6329,0.0983,FOLLOW
50.1,-0.1058,0.7092,0.5924,-2.4543,1.4349,-0.021,0.6329,0.0988,FOLLOW
50.12,-0.1039,0.7104,0.5989,-2.4553,1.437,-0.0113,0.6391,0.0993,FOLLOW
50.14,-0.1021,0.7117,0.6055,-2.4563,1.4391,-0.0113,0.6391,0.0999,FOLLOW
50.16,-0.1003,0.713,0.612,-2.4573,1.4411,-0.0113,0.6391,0.1005,FOLLOW
50.18,-0.0984,0.7143,0.6185,-2.4583,1.4432,-0.0113,0.6391,0.1011,FOLLOW
50.2,-0.0966,0.7156,0.6251,-2.4593,1.4452,-0.0113,0.6391,0.1017,FOLLOW
50.22,-0.0947,0.7169,0.6314,-2.4604,1.4473,-0.0019,0.6456,0.1024,FOLLOW
50.24,-0.0928,0.7184,0.6373,-2.4626,1.4516,-0.0019,0.6456,0.1032,FOLLOW
50.26,-0.0909,0.7198,0.6431,-2.4626,1.4516,-0.0019,0.6456,0.104,FOLLOW
50.28,-0.089,0.7212,0.649,-2.4637,1.4537,-0.0019,0.6456,0.1048,FOLLOW
50.3,-0.0871,0.7226,0.6549,-2.4649,1.4558,-0.0019,0.6456,0.1056,FOLLOW
50.32,-0.0852,0.7241,0.6607,-2.466,1.458,0.0078,0.6527,0.1064,FOLLOW
50.34,-0.0834,0.7256,0.6666,-2.4672,1.4601,0.0078,0.6527,0.1073,FOLLOW
50.36,-0.0815,0.727,0.6724,-2.4684,1.4622,0.0078,0.6527,0.1082,FOLLOW
50.38,-0.0796,0.7285,0.6783,-2.4708,1.4664,0.0078,0.6527,0.1091,FOLLOW
50.4,-0.0778,0.73,0.6841,-2.4708,1.4664,0.0078,0.6527,0.11,FOLLOW
50.42,-0.0759,0.7316,0.6898,-2.472,1.4685,0.0173,0.6602,0.111,FOLLOW
50.44,-0.074,0.7331,0.6953,-2.4733,1.4707,0.0173,0.6602,0.112,FOLLOW
50.46,-0.0722,0.7347,0.7008,-2.4746,1.4728,0.0173,0.6602,0.1131,FOLLOW
50.48,-0.0703,0.7363,0.7064,-2.4759,1.475,0.0173,0.6602,0.1141,FOLLOW
50.5,-0.0684,0.7379,0.7119,-2.4772,1.4771,0.0173,0.6602,0.1152,FOLLOW
50.52,-0.0666,0.7395,0.7174,-2.4798,1.4813,0.0269,0.6681,0.1163,FOLLOW
50.54,-0.0648,0.7411,0.7229,-2.4798,1.4813,0.0269,0.6681,0.1175,FOLLOW
50.56,-0.0629,0.7427,0.7284,-2.4812,1.4834,0.0269,0.6681,0.1186,FOLLOW
50.58,-0.0611,0.7444,0.734,-2.4839,1.4876,0.0269,0.6681,0.1198,FOLLOW
50.6,-0.0593,0.746,0.7395,-2.4839,1.4876,0.0269,0.6681,0.121,FOLLOW
50.62,-0.0573,0.7478,0.7448,-2.4853,1.4897,0.0362,0.6763,0.1223,FOLLOW
50.64,-0.0552,0.7498,0.7496,-2.4867,1.4919,0.0362,0.6763,0.1238,FOLLOW
50.66,-0.0531,0.7517,0.7539,-2.4883,1.4943,0.0362,0.6763,0.1253,FOLLOW
50.68,-0.0511,0.7537,0.7577,-2.4899,1.4966,0.0362,0.6763,0.1268,FOLLOW
50.7,-0.049,0.7556,0.7614,-2.4932,1.5014,0.0463,0.6857,0.1284,FOLLOW
50.72,-0.047,0.7576,0.7651,-2.4932,1.5014,0.0463,0.6857,0.13,FOLLOW
50.74,-0.0449,0.7595,0.7688,-2.4965,1.506,0.0463,0.6857,0.1315,FOLLOW
50.76,-0.0429,0.7615,0.7725,-2.4965,1.506,0.0463,0.6857,0.1332,FOLLOW
50.78,-0.0409,0.7635,0.7762,-2.4981,1.5084,0.0463,0.6857,0.1348,FOLLOW
50.8,-0.0389,0.7654,0.7799,-2.4998,1.5107,0.0463,0.6857,0.1364,FOLLOW
50.82,-0.0367,0.7676,0.7834,-2.5014,1.513,0.0587,0.6976,0.1382,FOLLOW
50.84,-0.0346,0.7698,0.7864,-2.5032,1.5155,0.0587,0.6976,0.1401,FOLLOW
50.86,-0.0324,0.7719,0.789,-2.505,1.518,0.0587,0.6976,0.142,FOLLOW
50.88,-0.0302,0.7741,0.7915,-2.5068,1.5205,0.0587,0.6976,0.1439,FOLLOW
50.9,-0.0281,0.7763,0.7941,-2.5105,1.5255,0.0587,0.6976,0.1458,FOLLOW
50.92,-0.0259,0.7785,0.7966,-2.5123,1.5279,0.0673,0.7063,0.1477,FOLLOW
50.94,-0.0238,0.7807,0.7992,-2.5123,1.5279,0.0673,0.7063,0.1496,FOLLOW
50.96,-0.0217,0.7829,0.8017,-2.5142,1.5304,0.0673,0.7063,0.1516,FOLLOW
50.98,-0.0195,0.7851,0.8043,-2.516,1.5329,0.0673,0.7063,0.1536,FOLLOW
51.0,-0.0174,0.7873,0.8068,-2.5179,1.5354,0.0673,0.7063,0.1556,FOLLOW
51.02,-0.0151,0.7896,0.8091,-2.5198,1.5378,0.0781,0.7173,0.1577,FOLLOW
51.04,-0.0128,0.7921,0.8109,-2.5217,1.5404,0.0781,0.7173,0.1599,FOLLOW
51.06,-0.0106,0.7945,0.8124,-2.5237,1.543,0.0781,0.7173,0.1622,FOLLOW
51.08,-0.0083,0.7969,0.8137,-2.5258,1.5457,0.0781,0.7173,0.1644,FOLLOW
51.1,-0.006,0.7993,0.8151,-2.5278,1.5483,0.0781,0.7173,0.1667,FOLLOW
51.12,-0.0037,0.8017,0.8165,-2.5298,1.551,0.0917,0.7315,0.169,FOLLOW
51.14,-0.0015,0.8041,0.8179,-2.5318,1.5536,0.0917,0.7315,0.1712,FOLLOW
51.16,0.0008,0.8065,0.8192,-2.5359,1.5588,0.0917,0.7315,0.1735,FOLLOW
51.18,0.003,0.809,0.8206,-2.538,1.5615,0.0917,0.7315,0.1759,FOLLOW
51.2,0.0053,0.8114,0.822,-2.54,1.5641,0.0917,0.7315,0.1782,FOLLOW
51.22,0.0077,0.8139,0.8231,-2.54,1.5641,0.1031,0.7437,0.1806,FOLLOW
51.24,0.0101,0.8165,0.8238,-2.5442,1.5694,0.1031,0.7437,0.1831,FOLLOW
51.26,0.0124,0.8191,0.824,-2.5462,1.5721,0.1031,0.7437,0.1856,FOLLOW
51.28,0.0148,0.8216,0.8237,-2.5462,1.5721,0.1031,0.7437,0.1881,FOLLOW
51.3,0.0171,0.8241,0.8229,-2.5483,1.5748,0.1031,0.7437,0.1906,FOLLOW
51.32,0.0194,0.8266,0.8218,-2.5504,1.5774,0.1123,0.7536,0.1931,FOLLOW
51.34,0.0217,0.8291,0.8207,-2.5524,1.5801,0.1123,0.7536,0.1956,FOLLOW
51.36,0.024,0.8315,0.8196,-2.5545,1.5828,0.1123,0.7536,0.1981,FOLLOW
51.38,0.0263,0.834,0.8185,-2.5566,1.5855,0.1123,0.7536,0.2007,FOLLOW
51.4,0.0286,0.8365,0.8174,-2.5607,1.5908,0.1123,0.7536,0.2032,FOLLOW
51.42,0.0307,0.8387,0.8161,-2.5607,1.5908,0.1238,0.7659,0.2055,FOLLOW
51.44,0.0328,0.8409,0.8144,-2.5624,1.5931,0.1238,0.7659,0.2077,FOLLOW
51.46,0.0348,0.843,0.8121,-2.5641,1.5953,0.1238,0.7659,0.2099,FOLLOW
51.48,0.0368,0.8452,0.8094,-2.5658,1.5976,0.1238,0.7659,0.2122,FOLLOW
51.5,0.0388,0.8472,0.8062,-2.5674,1.5998,0.1238,0.7659,0.2144,FOLLOW
51.52,0.0408,0.8493,0.8026,-2.5691,1.6021,0.1339,0.7765,0.2166,FOLLOW
51.54,0.0428,0.8513,0.7986,-2.5707,1.6043,0.1339,0.7765,0.2188,FOLLOW
51.56,0.0448,0.8534,0.7946,-2.5724,1.6066,0.1339,0.7765,0.2209,FOLLOW
51.58,0.0468,0.8554,0.7905,-2.574,1.6089,0.1339,0.7765,0.2231,FOLLOW
51.6,0.0488,0.8574,0.7865,-2.5756,1.6111,0.1339,0.7765,0.2253,FOLLOW
51.62,0.0506,0.8592,0.7823,-2.5772,1.6134,0.1437,0.7865,0.2273,FOLLOW
51.64,0.0524,0.861,0.7776,-2.5786,1.6154,0.1437,0.7865,0.2292,FOLLOW
51.66,0.0542,0.8627,0.7725,-2.58,1.6173,0.1437,0.7865,0.2312,FOLLOW
51.68,0.0559,0.8645,0.7669,-2.5813,1.6193,0.1437,0.7865,0.2331,FOLLOW
51.7,0.0577,0.8661,0.7608,-2.5826,1.6213,0.1437,0.7865,0.235,FOLLOW
51.72,0.0595,0.8678,0.7546,-2.5852,1.6252,0.1525,0.7951,0.2369,FOLLOW
51.74,0.0612,0.8695,0.7485,-2.5865,1.6272,0.1525,0.7951,0.2388,FOLLOW
51.76,0.063,0.8711,0.7423,-2.5865,1.6272,0.1525,0.7951,0.2407,FOLLOW
51.78,0.0648,0.8727,0.7362,-2.5878,1.6292,0.1525,0.7951,0.2425,FOLLOW
51.8,0.0666,0.8744,0.73,-2.589,1.6312,0.1525,0.7951,0.2444,FOLLOW
51.82,0.0684,0.8759,0.7237,-2.5903,1.6332,0.1611,0.8032,0.2462,FOLLOW
51.84,0.0701,0.8775,0.7171,-2.5915,1.6352,0.1611,0.8032,0.248,FOLLOW
51.86,0.0719,0.879,0.7104,-2.5926,1.6371,0.1611,0.8032,0.2498,FOLLOW
51.88,0.0737,0.8805,0.7038,-2.595,1.6411,0.1611,0.8032,0.2516,FOLLOW
51.9,0.0755,0.882,0.6972,-2.595,1.6411,0.1611,0.8032,0.2534,FOLLOW
51.92,0.0773,0.8835,0.6906,-2.5961,1.643,0.1698,0.8107,0.2552,FOLLOW
51.94,0.0791,0.885,0.684,-2.5972,1.645,0.1698,0.8107,0.257,FOLLOW
51.96,0.0809,0.8865,0.6774,-2.5983,1.647,0.1698,0.8107,0.2588,FOLLOW
51.98,0.0827,0.8879,0.6708,-2.5994,1.649,0.1698,0.8107,0.2605,FOLLOW
52.0,0.0846,0.8894,0.6642,-2.6005,1.651,0.1698,0.8107,0.2623,FOLLOW
52.02,0.0863,0.8907,0.6574,-2.6016,1.653,0.1787,0.8179,0.2639,FOLLOW
52.04,0.088,0.8921,0.6501,-2.6026,1.6549,0.1787,0.8179,0.2656,FOLLOW
52.06,0.0898,0.8934,0.6425,-2.6035,1.6568,0.1787,0.8179,0.2672,FOLLOW
52.08,0.0915,0.8946,0.635,-2.6044,1.6586,0.1787,0.8179,0.2688,FOLLOW
52.1,0.0932,0.8959,0.6274,-2.6054,1.6605,0.1787,0.8179,0.2705,FOLLOW
52.12,0.095,0.8972,0.6199,-2.6063,1.6624,0.1871,0.8243,0.2721,FOLLOW
52.14,0.0967,0.8984,0.6123,-2.6081,1.6662,0.1871,0.8243,0.2737,FOLLOW
52.16,0.0985,0.8996,0.6048,-2.6081,1.6662,0.1871,0.8243,0.2753,FOLLOW
52.18,0.1003,0.9009,0.5972,-2.6089,1.6681,0.1871,0.8243,0.2768,FOLLOW
52.2,0.1021,0.9021,0.5896,-2.6106,1.6719,0.1871,0.8243,0.2784,FOLLOW
52.22,0.1038,0.9032,0.5819,-2.6106,1.6719,0.1957,0.8303,0.2799,FOLLOW
52.24,0.1055,0.9043,0.5737,-2.6114,1.6736,0.1957,0.8303,0.2814,FOLLOW
52.26,0.1071,0.9054,0.5652,-2.6121,1.6754,0.1957,0.8303,0.2829,FOLLOW
52.28,0.1088,0.9064,0.5568,-2.6128,1.6772,0.1957,0.8303,0.2843,FOLLOW
52.3,0.1105,0.9075,0.5483,-2.6136,1.6789,0.1957,0.8303,0.2858,FOLLOW
52.32,0.1122,0.9085,0.5399,-2.6142,1.6807,0.2039,0.8356,0.2872,FOLLOW
52.34,0.1139,0.9095,0.5314,-2.6149,1.6825,0.2039,0.8356,0.2886,FOLLOW
52.36,0.1156,0.9105,0.523,-2.6162,1.6861,0.2039,0.8356,0.29,FOLLOW
52.38,0.1174,0.9115,0.5145,-2.6169,1.6879,0.2039,0.8356,0.2915,FOLLOW
52.4,0.1191,0.9124,0.5061,-2.6175,1.6897,0.2121,0.8404,0.2929,FOLLOW
52.42,0.1209,0.9134,0.4978,-2.6175,1.6897,0.2121,0.8404,0.2943,FOLLOW
52.44,0.1228,0.9144,0.49,-2.6181,1.6916,0.2121,0.8404,0.2957,FOLLOW
52.46,0.1246,0.9154,0.4822,-2.6188,1.6936,0.2121,0.8404,0.2972,FOLLOW
52.48,0.1265,0.9164,0.4744,-2.6194,1.6955,0.2121,0.8404,0.2986,FOLLOW
52.5,0.1284,0.9173,0.4666,-2.62,1.6975,0.2121,0.8404,0.3,FOLLOW
52.52,0.1303,0.9183,0.4588,-2.6206,1.6994,0.221,0.8451,0.3014,FOLLOW
52.54,0.1322,0.9192,0.451,-2.6217,1.7033,0.221,0.8451,0.3028,FOLLOW
52.56,0.1341,0.9201,0.4433,-2.6217,1.7033,0.221,0.8451,0.3042,FOLLOW
52.58,0.136,0.921,0.4355,-2.6222,1.7053,0.221,0.8451,0.3056,FOLLOW
52.6,0.1379,0.9219,0.4277,-2.6227,1.7073,0.221,0.8451,0.3069,FOLLOW
52.62,0.1398,0.9228,0.4199,-2.6233,1.7093,0.2302,0.8496,0.3083,FOLLOW
52.64,0.1418,0.9236,0.4121,-2.6237,1.7113,0.2302,0.8496,0.3096,FOLLOW
52.66,0.1437,0.9245,0.4043,-2.6242,1.7132,0.2302,0.8496,0.311,FOLLOW
52.68,0.1457,0.9253,0.3965,-2.6247,1.7152,0.2302,0.8496,0.3123,FOLLOW
52.7,0.1476,0.9261,0.3887,-2.6251,1.7172,0.2302,0.8496,0.3136,FOLLOW
52.72,0.1496,0.9269,0.381,-2.6256,1.7192,0.2396,0.8536,0.315,FOLLOW
52.74,0.1515,0.9277,0.3732,-2.626,1.7212,0.2396,0.8536,0.3163,FOLLOW
52.76,0.1535,0.9284,0.3654,-2.6264,1.7232,0.2396,0.8536,0.3176,FOLLOW
52.78,0.1555,0.9292,0.3576,-2.6271,1.7272,0.2396,0.8536,0.3188,FOLLOW
52.8,0.1575,0.9299,0.3498,-2.6271,1.7272,0.2491,0.8574,0.3201,FOLLOW
52.82,0.1595,0.9306,0.3421,-2.6275,1.7292,0.2491,0.8574,0.3214,FOLLOW
52.84,0.1615,0.9313,0.3345,-2.6282,1.7333,0.2491,0.8574,0.3227,FOLLOW
52.86,0.1635,0.932,0.3269,-2.6285,1.7354,0.2491,0.8574,0.3239,FOLLOW
52.88,0.1655,0.9327,0.3192,-2.6285,1.7354,0.2491,0.8574,0.3252,FOLLOW
52.9,0.1676,0.9334,0.3116,-2.6288,1.7374,0.2491,0.8574,0.3264,FOLLOW
52.92,0.1696,0.934,0.304,-2.629,1.7395,0.2589,0.8607,0.3277,FOLLOW
52.94,0.1717,0.9346,0.2963,-2.6293,1.7415,0.2589,0.8607,0.3289,FOLLOW
52.96,0.1737,0.9353,0.2887,-2.6296,1.7436,0.2589,0.8607,0.3301,FOLLOW
52.98,0.1758,0.9359,0.2811,-2.6298,1.7457,0.2589,0.8607,0.3313,FOLLOW
53.0,0.1778,0.9364,0.2734,-2.6302,1.7498,0.2589,0.8607,0.3325,FOLLOW
53.02,0.1797,0.937,0.2656,-2.6302,1.7498,0.2688,0.8637,0.3336,FOLLOW
53.04,0.1816,0.9375,0.2574,-2.6304,1.7516,0.2688,0.8637,0.3347,FOLLOW
53.06,0.1834,0.9379,0.2488,-2.6305,1.7534,0.2688,0.8637,0.3358,FOLLOW
53.08,0.1852,0.9384,0.2398,-2.6306,1.7551,0.2688,0.8637,0.3369,FOLLOW
53.1,0.1871,0.9388,0.2307,-2.6307,1.7569,0.2688,0.8637,0.3379,FOLLOW
53.12,0.1889,0.9392,0.2216,-2.6308,1.7587,0.2777,0.8661,0.339,FOLLOW
53.14,0.1907,0.9396,0.2125,-2.6309,1.7605,0.2777,0.8661,0.34,FOLLOW
53.16,0.1925,0.94,0.2033,-2.631,1.7622,0.2777,0.8661,0.341,FOLLOW
53.18,0.1943,0.9404,0.1942,-2.631,1.764,0.2777,0.8661,0.3421,FOLLOW
53.2,0.1961,0.9407,0.1851,-2.6311,1.7676,0.2777,0.8661,0.3431,FOLLOW
53.22,0.198,0.9411,0.1759,-2.6311,1.7676,0.2881,0.8683,0.3441,FOLLOW
53.24,0.1998,0.9414,0.1667,-2.631,1.7693,0.2881,0.8683,0.345,FOLLOW
53.26,0.2016,0.9417,0.1575,-2.631,1.7711,0.2881,0.8683,0.346,FOLLOW
53.28,0.2034,0.9419,0.1483,-2.631,1.7728,0.2881,0.8683,0.347,FOLLOW
53.3,0.2052,0.9422,0.1391,-2.6309,1.7746,0.2881,0.8683,0.3479,FOLLOW
53.32,0.2071,0.9424,0.1299,-2.6309,1.7763,0.2951,0.8694,0.3488,FOLLOW
53.34,0.2089,0.9427,0.1206,-2.6307,1.7799,0.2951,0.8694,0.3498,FOLLOW
53.362,0.2107,0.9429,0.1114,-2.6306,1.7816,0.2951,0.8694,0.3507,FOLLOW
53.38,0.2125,0.9431,0.1022,-2.6306,1.7816,0.2951,0.8694,0.3516,FOLLOW
53.4,0.2144,0.9433,0.093,-2.6304,1.7834,0.2951,0.8694,0.3525,FOLLOW
53.42,0.2161,0.9434,0.0837,-2.6303,1.7851,0.3038,0.8704,0.3533,FOLLOW
53.44,0.2178,0.9435,0.0739,-2.6301,1.7867,0.3038,0.8704,0.3541,FOLLOW
53.46,0.2195,0.9437,0.064,-2.63,1.7883,0.3038,0.8704,0.355,FOLLOW
53.48,0.2212,0.9438,0.0541,-2.6298,1.7899,0.3038,0.8704,0.3558,FOLLOW
53.5,0.2229,0.9438,0.0441,-2.6294,1.7931,0.3038,0.8704,0.3566,FOLLOW
53.52,0.2246,0.9439,0.0342,-2.6294,1.7931,0.312,0.871,0.3574,FOLLOW
53.54,0.2263,0.944,0.0243,-2.6291,1.7947,0.312,0.871,0.3582,FOLLOW
53.56,0.228,0.944,0.0143,-2.6289,1.7963,0.312,0.871,0.3589,FOLLOW
53.58,0.2297,0.944,0.0044,-2.6286,1.7979,0.312,0.871,0.3597,FOLLOW
53.6,0.2314,0.944,-0.0055,-2.6283,1.7995,0.312,0.871,0.3604,FOLLOW
53.62,0.2332,0.944,-0.0153,-2.628,1.8011,0.32,0.8712,0.3612,FOLLOW
53.64,0.235,0.9439,-0.0248,-2.6277,1.8028,0.32,0.8712,0.3619,FOLLOW
53.66,0.2368,0.9439,-0.0342,-2.6274,1.8045,0.32,0.8712,0.3626,FOLLOW
53.68,0.2386,0.9438,-0.0436,-2.627,1.8061,0.32,0.8712,0.3633,FOLLOW
53.7,0.2404,0.9437,-0.053,-2.6266,1.8078,0.32,0.8712,0.364,FOLLOW
53.72,0.2422,0.9436,-0.0624,-2.6262,1.8095,0.3285,0.871,0.3647,FOLLOW
53.74,0.244,0.9435,-0.0718,-2.6258,1.8112,0.3285,0.871,0.3654,FOLLOW
53.76,0.2458,0.9434,-0.0812,-2.6254,1.8128,0.3285,0.871,0.366,FOLLOW
53.78,0.2476,0.9432,-0.0906,-2.625,1.8145,0.3285,0.871,0.3667,FOLLOW
53.8,0.2494,0.943,-0.1,-2.6245,1.8161,0.3285,0.871,0.3673,FOLLOW
53.82,0.2511,0.9428,-0.1096,-2.6236,1.8194,0.3371,0.8704,0.3679,FOLLOW
53.84,0.2529,0.9426,-0.1194,-2.6236,1.8194,0.3371,0.8704,0.3685,FOLLOW
53.86,0.2546,0.9424,-0.1292,-2.6226,1.8225,0.3371,0.8704,0.3691,FOLLOW
53.88,0.2563,0.9422,-0.139,-2.6226,1.8225,0.3371,0.8704,0.3697,FOLLOW
53.9,0.258,0.9419,-0.1488,-2.6221,1.8241,0.3371,0.8704,0.3702,FOLLOW
53.92,0.2597,0.9417,-0.1586,-2.621,1.8272,0.3453,0.8694,0.3708,FOLLOW
53.94,0.2614,0.9414,-0.1684,-2.621,1.8272,0.3453,0.8694,0.3713,FOLLOW
53.96,0.2631,0.9411,-0.1782,-2.6204,1.8287,0.3453,0.8694,0.3719,FOLLOW
53.98,0.2648,0.9408,-0.188,-2.6199,1.8302,0.3453,0.8694,0.3724,FOLLOW
54.0,0.2665,0.9404,-0.1978,-2.6193,1.8318,0.3453,0.8694,0.3729,FOLLOW
54.02,0.2681,0.9401,-0.2078,-2.6187,1.8333,0.3534,0.868,0.3734,FOLLOW
54.04,0.2697,0.9398,-0.218,-2.6175,1.8362,0.3534,0.868,0.3738,FOLLOW
54.06,0.2713,0.9394,-0.2283,-2.6175,1.8362,0.3534,0.868,0.3743,FOLLOW
54.08,0.2729,0.939,-0.2385,-2.6169,1.8376,0.3534,0.868,0.3748,FOLLOW
54.1,0.2745,0.9386,-0.2487,-2.6163,1.839,0.3534,0.868,0.3752,FOLLOW
54.12,0.2761,0.9382,-0.259,-2.6156,1.8404,0.3611,0.8663,0.3756,FOLLOW
54.14,0.2777,0.9378,-0.2692,-2.6143,1.8432,0.3611,0.8663,0.376,FOLLOW
54.16,0.2793,0.9373,-0.2794,-2.6136,1.8446,0.3611,0.8663,0.3764,FOLLOW
54.18,0.2809,0.9368,-0.2897,-2.6136,1.8446,0.3611,0.8663,0.3768,FOLLOW
54.2,0.2824,0.9364,-0.2999,-2.6129,1.846,0.3611,0.8663,0.3772,FOLLOW
54.22,0.284,0.9359,-0.3103,-2.6122,1.8474,0.3685,0.8642,0.3776,FOLLOW
54.24,0.2855,0.9354,-0.3208,-2.6115,1.8487,0.3685,0.8642,0.3779,FOLLOW
54.26,0.287,0.9349,-0.3313,-2.6107,1.85,0.3685,0.8642,0.3783,FOLLOW
54.28,0.2885,0.9343,-0.3418,-2.61,1.8514,0.3685,0.8642,0.3786,FOLLOW
54.3,0.29,0.9338,-0.3523,-2.6093,1.8527,0.3685,0.8642,0.3789,FOLLOW
54.32,0.2915,0.9332,-0.3628,-2.6085,1.854,0.3757,0.8618,0.3792,FOLLOW
54.34,0.293,0.9327,-0.3733,-2.6077,1.8552,0.3757,0.8618,0.3795,FOLLOW
54.36,0.2945,0.9321,-0.3837,-2.607,1.8565,0.3757,0.8618,0.3798,FOLLOW
54.38,0.2959,0.9315,-0.3942,-2.6053,1.8591,0.3757,0.8618,0.38,FOLLOW
54.4,0.2974,0.9308,-0.4047,-2.6053,1.8591,0.3757,0.8618,0.3803,FOLLOW
54.42,0.2989,0.9302,-0.4152,-2.6045,1.8603,0.3827,0.8591,0.3805,FOLLOW
54.44,0.3003,0.9296,-0.4258,-2.6037,1.8615,0.3827,0.8591,0.3807,FOLLOW
54.46,0.3018,0.9289,-0.4363,-2.6028,1.8628,0.3827,0.8591,0.3809,FOLLOW
54.48,0.3032,0.9282,-0.4468,-2.602,1.864,0.3827,0.8591,0.3811,FOLLOW
54.5,0.3046,0.9275,-0.4573,-2.6002,1.8664,0.3827,0.8591,0.3813,FOLLOW
54.52,0.3061,0.9268,-0.4678,-2.5993,1.8676,0.3895,0.856,0.3815,FOLLOW
54.54,0.3075,0.9261,-0.4784,-2.5993,1.8676,0.3895,0.856,0.3816,FOLLOW
54.56,0.3089,0.9253,-0.4889,-2.5975,1.87,0.3895,0.856,0.3818,FOLLOW
54.58,0.3103,0.9246,-0.4994,-2.5965,1.8711,0.3895,0.856,0.3819,FOLLOW
54.6,0.3117,0.9238,-0.5099,-2.5965,1.8711,0.3895,0.856,0.382,FOLLOW
54.62,0.3131,0.923,-0.5203,-2.5956,1.8723,0.3975,0.8518,0.3821,FOLLOW
54.64,0.3145,0.9222,-0.5305,-2.5946,1.8735,0.3975,0.8518,0.3821,FOLLOW
54.66,0.3159,0.9213,-0.5408,-2.5936,1.8746,0.3975,0.8518,0.3822,FOLLOW
54.68,0.3173,0.9205,-0.551,-2.5925,1.8758,0.3975,0.8518,0.3822,FOLLOW
54.7,0.3187,0.9196,-0.5613,-2.5915,1.877,0.3975,0.8518,0.3823,FOLLOW
54.72,0.3201,0.9187,-0.5715,-2.5894,1.8793,0.4028,0.8486,0.3823,FOLLOW
54.74,0.3215,0.9178,-0.5818,-2.5894,1.8793,0.4028,0.8486,0.3823,FOLLOW
54.76,0.3228,0.9169,-0.592,-2.5883,1.8804,0.4028,0.8486,0.3823,FOLLOW
54.78,0.3242,0.916,-0.6023,-2.5873,1.8815,0.4028,0.8486,0.3822,FOLLOW
54.8,0.3255,0.9151,-0.6125,-2.5862,1.8826,0.4028,0.8486,0.3822,FOLLOW
54.82,0.3268,0.9141,-0.623,-2.5851,1.8837,0.4093,0.8444,0.3822,FOLLOW
54.84,0.3281,0.9132,-0.6336,-2.584,1.8847,0.4093,0.8444,0.3821,FOLLOW
54.86,0.3294,0.9123,-0.6443,-2.5829,1.8857,0.4093,0.8444,0.3821,FOLLOW
54.88,0.3306,0.9113,-0.6549,-2.5819,1.8867,0.4093,0.8444,0.382,FOLLOW
54.9,0.3318,0.9104,-0.6656,-2.5808,1.8877,0.4093,0.8444,0.3819,FOLLOW
54.92,0.3331,0.9094,-0.6762,-2.5797,1.8887,0.4152,0.84,0.3818,FOLLOW
54.94,0.3343,0.9084,-0.6869,-2.5786,1.8897,0.4152,0.84,0.3817,FOLLOW
54.96,0.3355,0.9074,-0.6975,-2.5774,1.8906,0.4152,0.84,0.3816,FOLLOW
54.98,0.3367,0.9064,-0.7081,-2.5763,1.8915,0.4152,0.84,0.3815,FOLLOW
55.0,0.3379,0.9054,-0.7188,-2.5752,1.8925,0.4152,0.84,0.3813,FOLLOW
55.02,0.3391,0.9043,-0.7292,-2.574,1.8934,0.4209,0.8353,0.3811,FOLLOW
55.04,0.3404,0.9031,-0.7392,-2.5715,1.8954,0.4209,0.8353,0.3809,FOLLOW
55.06,0.3416,0.9019,-0.749,-2.5715,1.8954,0.4209,0.8353,0.3806,FOLLOW
55.08,0.3429,0.9008,-0.7588,-2.5701,1.8964,0.4209,0.8353,0.3803,FOLLOW
55.1,0.3441,0.8996,-0.7685,-2.5688,1.8973,0.4209,0.8353,0.38,FOLLOW
55.12,0.3454,0.8983,-0.7783,-2.5675,1.8983,0.4268,0.8299,0.3797,FOLLOW
55.14,0.3466,0.8971,-0.7881,-2.5661,1.8993,0.4268,0.8299,0.3794,FOLLOW
55.16,0.3478,0.8959,-0.7978,-2.5648,1.9002,0.4268,0.8299,0.379,FOLLOW
55.18,0.349,0.8946,-0.8076,-2.5634,1.9011,0.4268,0.8299,0.3787,FOLLOW
55.2,0.3502,0.8934,-0.8174,-2.562,1.902,0.4268,0.8299,0.3783,FOLLOW
55.22,0.3514,0.8921,-0.827,-2.5592,1.9038,0.4326,0.824,0.3779,FOLLOW
55.24,0.3526,0.8908,-0.8365,-2.5592,1.9038,0.4326,0.824,0.3775,FOLLOW
55.26,0.3538,0.8894,-0.8461,-2.5578,1.9047,0.4326,0.824,0.3771,FOLLOW
55.28,0.355,0.8881,-0.8557,-2.5564,1.9056,0.4326,0.824,0.3767,FOLLOW
55.3,0.3561,0.8868,-0.8652,-2.5549,1.9065,0.4326,0.824,0.3762,FOLLOW
55.32,0.3573,0.8854,-0.8748,-2.552,1.9081,0.4383,0.8178,0.3758,FOLLOW
55.34,0.3584,0.884,-0.8843,-2.552,1.9081,0.4383,0.8178,0.3753,FOLLOW
55.36,0.3595,0.8827,-0.8939,-2.5505,1.909,0.4383,0.8178,0.3748,FOLLOW
55.38,0.3606,0.8813,-0.9034,-2.549,1.9098,0.4383,0.8178,0.3743,FOLLOW
55.4,0.3617,0.8799,-0.913,-2.5475,1.9106,0.4383,0.8178,0.3738,FOLLOW
55.42,0.3628,0.8785,-0.9226,-2.546,1.9113,0.4436,0.8113,0.3733,FOLLOW
55.44,0.3638,0.8771,-0.9323,-2.5446,1.9121,0.4436,0.8113,0.3728,FOLLOW
55.46,0.3649,0.8756,-0.942,-2.5431,1.9128,0.4436,0.8113,0.3722,FOLLOW
55.48,0.3659,0.8742,-0.9516,-2.5416,1.9136,0.4436,0.8113,0.3717,FOLLOW
55.5,0.3669,0.8728,-0.9613,-2.5401,1.9143,0.4436,0.8113,0.3711,FOLLOW
55.52,0.3679,0.8713,-0.971,-2.537,1.9157,0.4486,0.8046,0.3705,FOLLOW
55.54,0.3689,0.8699,-0.9806,-2.537,1.9157,0.4486,0.8046,0.37,FOLLOW
55.56,0.3698,0.8684,-0.9903,-2.534,1.917,0.4486,0.8046,0.3694,FOLLOW
55.58,0.3708,0.867,-1.0,-2.534,1.917,0.4486,0.8046,0.3687,FOLLOW
55.6,0.3717,0.8655,-1.0097,-2.5309,1.9182,0.4532,0.7976,0.3681,FOLLOW
55.62,0.3727,0.8639,-1.0191,-2.5309,1.9182,0.4532,0.7976,0.3674,FOLLOW
55.64,0.3737,0.8623,-1.0282,-2.5292,1.9189,0.4532,0.7976,0.3667,FOLLOW
55.66,0.3746,0.8607,-1.0373,-2.5276,1.9195,0.4532,0.7976,0.366,FOLLOW
55.68,0.3756,0.8591,-1.0463,-2.5242,1.9207,0.4532,0.7976,0.3652,FOLLOW
55.7,0.3765,0.8575,-1.0553,-2.5225,1.9213,0.4577,0.7901,0.3645,FOLLOW
55.72,0.3774,0.8558,-1.0644,-2.5225,1.9213,0.4577,0.7901,0.3637,FOLLOW
55.74,0.3783,0.8542,-1.0734,-2.5208,1.9219,0.4577,0.7901,0.3629,FOLLOW
55.76,0.3792,0.8526,-1.0825,-2.5174,1.923,0.4577,0.7901,0.3621,FOLLOW
55.78,0.3801,0.8509,-1.0915,-2.5157,1.9236,0.4577,0.7901,0.3613,FOLLOW
55.8,0.3809,0.8492,-1.1006,-2.514,1.9241,0.4577,0.7901,0.3605,FOLLOW
55.82,0.3817,0.8476,-1.1098,-2.5123,1.9246,0.4628,0.7806,0.3597,FOLLOW
55.84,0.3825,0.846,-1.1192,-2.5123,1.9246,0.4628,0.7806,0.3589,FOLLOW
55.86,0.3833,0.8444,-1.1286,-2.5107,1.925,0.4628,0.7806,0.3581,FOLLOW
55.88,0.3841,0.8427,-1.138,-2.509,1.9255,0.4628,0.7806,0.3572,FOLLOW
55.9,0.3848,0.8411,-1.1474,-2.5057,1.9263,0.4658,0.7744,0.3564,FOLLOW
55.92,0.3855,0.8394,-1.1568,-2.5057,1.9263,0.4658,0.7744,0.3556,FOLLOW
55.94,0.3863,0.8378,-1.1662,-2.504,1.9267,0.4658,0.7744,0.3547,FOLLOW
55.96,0.387,0.8361,-1.1756,-2.5006,1.9275,0.4658,0.7744,0.3538,FOLLOW
55.98,0.3876,0.8344,-1.185,-2.499,1.9278,0.4658,0.7744,0.3529,FOLLOW
56.0,0.3883,0.8328,-1.1944,-2.4973,1.9282,0.4692,0.7665,0.3521,FOLLOW
56.02,0.389,0.831,-1.2036,-2.4973,1.9282,0.4692,0.7665,0.3511,FOLLOW
56.04,0.3897,0.8293,-1.2125,-2.4955,1.9285,0.4692,0.7665,0.3501,FOLLOW
56.06,0.3903,0.8275,-1.2214,-2.4937,1.9288,0.4692,0.7665,0.3491,FOLLOW
56.08,0.391,0.8257,-1.2303,-2.4919,1.9292,0.4692,0.7665,0.3481,FOLLOW
56.1,0.3916,0.8239,-1.2393,-2.4901,1.9295,0.4692,0.7665,0.3471,FOLLOW
56.12,0.3922,0.8221,-1.2482,-2.4865,1.93,0.4723,0.7581,0.3461,FOLLOW
56.14,0.3928,0.8203,-1.2571,-2.4865,1.93,0.4723,0.7581,0.345,FOLLOW
56.16,0.3934,0.8185,-1.266,-2.4829,1.9305,0.4723,0.7581,0.344,FOLLOW
56.18,0.3939,0.8167,-1.2749,-2.4829,1.9305,0.4723,0.7581,0.3429,FOLLOW
56.2,0.3945,0.8149,-1.2838,-2.4811,1.9307,0.4723,0.7581,0.3418,FOLLOW
56.22,0.395,0.813,-1.2928,-2.4793,1.9309,0.4751,0.7494,0.3408,FOLLOW
56.24,0.3955,0.8112,-1.3017,-2.4775,1.9311,0.4751,0.7494,0.3397,FOLLOW
56.26,0.396,0.8094,-1.3107,-2.4757,1.9312,0.4751,0.7494,0.3386,FOLLOW
56.28,0.3965,0.8076,-1.3196,-2.4739,1.9314,0.4751,0.7494,0.3375,FOLLOW
56.3,0.3969,0.8057,-1.3286,-2.4721,1.9315,0.4751,0.7494,0.3363,FOLLOW
56.32,0.3974,0.8039,-1.3375,-2.4685,1.9317,0.4775,0.7407,0.3352,FOLLOW
56.34,0.3978,0.8021,-1.3465,-2.4685,1.9317,0.4775,0.7407,0.3341,FOLLOW
56.36,0.3982,0.8002,-1.3554,-2.4667,1.9318,0.4775,0.7407,0.3329,FOLLOW
56.38,0.3986,0.7984,-1.3643,-2.4649,1.9319,0.4775,0.7407,0.3317,FOLLOW
56.4,0.399,0.7965,-1.3733,-2.4613,1.932,0.4775,0.7407,0.3306,FOLLOW
56.42,0.3993,0.7946,-1.3821,-2.4613,1.932,0.4798,0.7301,0.3294,FOLLOW
56.44,0.3997,0.7927,-1.3908,-2.4594,1.932,0.4798,0.7301,0.3281,FOLLOW
56.46,0.4,0.7908,-1.3994,-2.4575,1.932,0.4798,0.7301,0.3269,FOLLOW
56.48,0.4004,0.7889,-1.4081,-2.4538,1.9319,0.4798,0.7301,0.3256,FOLLOW
56.5,0.4007,0.7869,-1.4168,-2.4538,1.9319,0.4811,0.7228,0.3243,FOLLOW
56.52,0.401,0.785,-1.4254,-2.4501,1.9318,0.4811,0.7228,0.3231,FOLLOW
56.54,0.4012,0.7831,-1.4341,-2.4501,1.9318,0.4811,0.7228,0.3218,FOLLOW
56.56,0.4015,0.7812,-1.4428,-2.4482,1.9318,0.4811,0.7228,0.3205,FOLLOW
56.58,0.4017,0.7792,-1.4515,-2.4445,1.9316,0.4811,0.7228,0.3192,FOLLOW
56.6,0.4019,0.7773,-1.4601,-2.4445,1.9316,0.4811,0.7228,0.3178,FOLLOW
56.62,0.4021,0.7756,-1.469,-2.4426,1.9314,0.4824,0.7135,0.3167,FOLLOW
56.64,0.4023,0.7739,-1.4781,-2.4411,1.9313,0.4824,0.7135,0.3155,FOLLOW
56.66,0.4024,0.7722,-1.4877,-2.4396,1.9312,0.4824,0.7135,0.3144,FOLLOW
56.68,0.4026,0.7706,-1.4976,-2.438,1.931,0.4824,0.7135,0.3133,FOLLOW
56.7,0.4027,0.769,-1.5079,-2.4365,1.9309,0.4824,0.7135,0.3122,FOLLOW
56.72,0.4028,0.7673,-1.5183,-2.4335,1.9305,0.4831,0.7056,0.3111,FOLLOW
56.74,0.4028,0.7657,-1.5286,-2.4335,1.9305,0.4831,0.7056,0.31,FOLLOW
56.76,0.4029,0.7641,-1.539,-2.432,1.9303,0.4831,0.7056,0.3089,FOLLOW
56.78,0.4029,0.7625,-1.5494,-2.4305,1.9301,0.4831,0.7056,0.3078,FOLLOW
56.8,0.403,0.7609,-1.5598,-2.429,1.9298,0.4831,0.7056,0.3067,FOLLOW
56.82,0.403,0.7594,-1.5704,-2.4275,1.9296,0.4834,0.698,0.3056,FOLLOW
56.84,0.4029,0.758,-1.5812,-2.4262,1.9293,0.4834,0.698,0.3046,FOLLOW
56.86,0.4029,0.7566,-1.5924,-2.4237,1.9288,0.4834,0.698,0.3037,FOLLOW
56.88,0.4029,0.7552,-1.604,-2.4237,1.9288,0.4834,0.698,0.3027,FOLLOW
56.9,0.4028,0.7538,-1.6156,-2.4225,1.9286,0.4834,0.698,0.3017,FOLLOW
56.92,0.4028,0.7524,-1.6272,-2.4212,1.9283,0.4834,0.6913,0.3007,FOLLOW
56.94,0.4027,0.751,-1.6388,-2.42,1.928,0.4834,0.6913,0.2997,FOLLOW
56.96,0.4026,0.7497,-1.6504,-2.4187,1.9276,0.4834,0.6913,0.2987,FOLLOW
56.98,0.4024,0.7483,-1.662,-2.4175,1.9273,0.4834,0.6913,0.2977,FOLLOW
57.0,0.4023,0.7469,-1.6736,-2.415,1.9266,0.4834,0.6913,0.2967,FOLLOW
57.02,0.4021,0.7455,-1.6851,-2.415,1.9266,0.4828,0.6837,0.2956,FOLLOW
57.04,0.402,0.7441,-1.6965,-2.4138,1.9262,0.4828,0.6837,0.2946,FOLLOW
57.06,0.4018,0.7427,-1.7079,-2.4125,1.9258,0.4828,0.6837,0.2935,FOLLOW
57.08,0.4016,0.7413,-1.7193,-2.4113,1.9254,0.4828,0.6837,0.2924,FOLLOW
57.1,0.4014,0.7399,-1.7307,-2.41,1.925,0.4828,0.6837,0.2913,FOLLOW
57.12,0.4011,0.7385,-1.7421,-2.4088,1.9245,0.4821,0.6784,0.2901,FOLLOW
57.14,0.4009,0.7371,-1.7535,-2.4075,1.9241,0.4821,0.6784,0.289,FOLLOW
57.16,0.4006,0.7357,-1.7649,-2.4063,1.9236,0.4821,0.6784,0.2879,FOLLOW
57.18,0.4003,0.7343,-1.7763,-2.4051,1.9231,0.4821,0.6784,0.2867,FOLLOW
57.2,0.4,0.7329,-1.7877,-2.4039,1.9226,0.4821,0.6784,0.2856,FOLLOW
57.22,0.3997,0.7314,-1.7989,-2.4027,1.9221,0.4809,0.6719,0.2843,FOLLOW
57.24,0.3993,0.7299,-1.8098,-2.4013,1.9215,0.4809,0.6719,0.283,FOLLOW
57.26,0.3989,0.7284,-1.8204,-2.4,1.9209,0.4809,0.6719,0.2817,FOLLOW
57.28,0.3985,0.7269,-1.831,-2.3973,1.9197,0.4809,0.6719,0.2804,FOLLOW
57.3,0.3981,0.7254,-1.8417,-2.396,1.919,0.4809,0.6719,0.279,FOLLOW
57.32,0.3977,0.7239,-1.8523,-2.396,1.919,0.4792,0.665,0.2777,FOLLOW
57.34,0.3973,0.7224,-1.863,-2.3947,1.9184,0.4792,0.665,0.2763,FOLLOW
57.36,0.3968,0.7209,-1.8736,-2.3934,1.9177,0.4792,0.665,0.275,FOLLOW
57.38,0.3963,0.7194,-1.8843,-2.3921,1.917,0.4792,0.665,0.2736,FOLLOW
57.4,0.3958,0.7179,-1.8949,-2.3895,1.9156,0.4792,0.665,0.2722,FOLLOW
57.42,0.3958,0.7174,-1.9054,-2.3895,1.9156,0.4792,0.665,0.2718,FOLLOW
57.44,0.3958,0.7173,-1.9154,-2.3894,1.9155,0.4792,0.665,0.2719,FOLLOW
57.46,0.3959,0.7175,-1.9249,-2.3894,1.9155,0.4771,0.6579,0.2722,FOLLOW_TURN
57.48,0.3959,0.7176,-1.934,-2.3894,1.9155,0.4771,0.6579,0.2723,FOLLOW_TURN
57.5,0.3959,0.7177,-1.9427,-2.3894,1.9155,0.4771,0.6579,0.2725,FOLLOW_TURN
57.52,0.396,0.7178,-1.9509,-2.3894,1.9155,0.4765,0.6564,0.2728,FOLLOW_TURN
57.54,0.3961,0.7181,-1.9587,-2.3894,1.9155,0.4765,0.6564,0.2732,FOLLOW_TURN
57.56,0.3963,0.7184,-1.966,-2.3894,1.9155,0.4765,0.6564,0.2735,FOLLOW_TURN
57.58,0.3964,0.7187,-1.9729,-2.3894,1.9155,0.4765,0.6564,0.2738,FOLLOW_TURN
57.6,0.3965,0.7189,-1.9794,-2.3894,1.9155,0.4765,0.6564,0.2741,FOLLOW_TURN
57.62,0.3964,0.7187,-1.9858,-2.3894,1.9155,0.4765,0.6564,0.274,FOLLOW
57.64,0.3961,0.7182,-1.9924,-2.3892,1.9154,0.4765,0.6564,0.2734,FOLLOW
57.66,0.3957,0.7172,-1.9991,-2.3887,1.9151,0.4765,0.6564,0.2725,FOLLOW
57.68,0.3952,0.7163,-2.0057,-2.3879,1.9146,0.4765,0.6564,0.2715,FOLLOW
57.7,0.3948,0.7153,-2.0124,-2.3871,1.9141,0.4765,0.6564,0.2705,FOLLOW
57.72,0.3942,0.7142,-2.0192,-2.3853,1.9128,0.4754,0.654,0.2693,FOLLOW
57.74,0.3934,0.7128,-2.0266,-2.3853,1.9128,0.4754,0.654,0.2678,FOLLOW
57.76,0.3926,0.7112,-2.0345,-2.384,1.9119,0.4754,0.654,0.266,FOLLOW
57.78,0.3917,0.7095,-2.0428,-2.3826,1.9109,0.4754,0.654,0.2641,FOLLOW
57.8,0.3908,0.7078,-2.0515,-2.3811,1.9099,0.4754,0.654,0.2623,FOLLOW
57.82,0.39,0.7062,-2.0607,-2.3797,1.9089,0.4714,0.6459,0.2606,FOLLOW
57.84,0.3892,0.7047,-2.0703,-2.3784,1.9079,0.4714,0.6459,0.2589,FOLLOW
57.86,0.3883,0.7032,-2.08,-2.3771,1.9069,0.4714,0.6459,0.2573,FOLLOW
57.88,0.3875,0.7016,-2.0897,-2.3758,1.9058,0.4714,0.6459,0.2556,FOLLOW
57.9,0.3866,0.7001,-2.0994,-2.3745,1.9048,0.4714,0.6459,0.2539,FOLLOW
57.92,0.3857,0.6986,-2.1091,-2.3732,1.9038,0.4682,0.6401,0.2522,FOLLOW
57.94,0.3848,0.6971,-2.1188,-2.3719,1.9027,0.4682,0.6401,0.2505,FOLLOW
57.96,0.3839,0.6956,-2.1285,-2.3706,1.9016,0.4682,0.6401,0.2487,FOLLOW
57.98,0.3829,0.6942,-2.1381,-2.3694,1.9005,0.4682,0.6401,0.247,FOLLOW
58.0,0.382,0.6927,-2.1478,-2.3681,1.8994,0.4682,0.6401,0.2453,FOLLOW
58.02,0.3811,0.6913,-2.1577,-2.3669,1.8983,0.4638,0.633,0.2437,FOLLOW
58.04,0.3802,0.6899,-2.168,-2.3657,1.8973,0.4638,0.633,0.2421,FOLLOW
58.06,0.3792,0.6886,-2.1783,-2.3635,1.8952,0.4638,0.633,0.2405,FOLLOW
58.08,0.3783,0.6873,-2.1886,-2.3624,1.8941,0.4638,0.633,0.2388,FOLLOW
58.1,0.3773,0.6859,-2.1989,-2.3624,1.8941,0.4638,0.633,0.2372,FOLLOW
58.12,0.3764,0.6846,-2.2093,-2.3613,1.893,0.4585,0.6253,0.2356,FOLLOW
58.14,0.3754,0.6833,-2.2196,-2.3602,1.8919,0.4585,0.6253,0.234,FOLLOW
58.16,0.3744,0.682,-2.2299,-2.3591,1.8908,0.4585,0.6253,0.2324,FOLLOW
58.18,0.3734,0.6808,-2.2402,-2.357,1.8886,0.4585,0.6253,0.2307,FOLLOW
58.2,0.3724,0.6795,-2.2505,-2.357,1.8886,0.4585,0.6253,0.2291,FOLLOW
58.22,0.3721,0.6791,-2.2607,-2.356,1.8874,0.4548,0.6204,0.2286,FOLLOW_TURN
58.24,0.3722,0.6791,-2.2702,-2.3559,1.8873,0.4548,0.6204,0.2287,FOLLOW_TURN
58.26,0.3722,0.6792,-2.2793,-2.3559,1.8873,0.4548,0.6204,0.2288,FOLLOW_TURN
58.28,0.3723,0.6793,-2.2879,-2.3559,1.8873,0.4548,0.6204,0.2289,FOLLOW_TURN
58.3,0.3724,0.6794,-2.2961,-2.3559,1.8873,0.4548,0.6204,0.2289,FOLLOW_TURN
58.32,0.3725,0.6795,-2.3037,-2.3559,1.8873,0.4537,0.6191,0.2292,FOLLOW_TURN
58.34,0.3727,0.6798,-2.3109,-2.3559,1.8873,0.4537,0.6191,0.2295,FOLLOW_TURN
58.36,0.3729,0.68,-2.3176,-2.3559,1.8873,0.4537,0.6191,0.2297,FOLLOW_TURN
58.38,0.3731,0.6802,-2.3238,-2.3559,1.8873,0.4537,0.6191,0.23,FOLLOW_TURN
58.4,0.3732,0.6804,-2.3295,-2.3559,1.8873,0.4537,0.6191,0.2302,FOLLOW_TURN
58.42,0.3735,0.6806,-2.3348,-2.3559,1.8873,0.4537,0.6191,0.2305,FOLLOW_TURN
58.44,0.3738,0.6809,-2.3395,-2.3559,1.8873,0.4537,0.6191,0.231,FOLLOW_TURN
58.46,0.3741,0.6813,-2.3438,-2.3559,1.8873,0.4537,0.6191,0.2314,FOLLOW_TURN
58.48,0.3744,0.6815,-2.3476,-2.3559,1.8873,0.4537,0.6191,0.2318,FOLLOW_TURN
58.5,0.3747,0.6818,-2.351,-2.3559,1.8873,0.4537,0.6191,0.2321,FOLLOW_TURN
58.52,0.375,0.6822,-2.3538,-2.3559,1.8873,0.4537,0.6191,0.2326,FOLLOW_TURN
58.54,0.3755,0.6826,-2.3562,-2.3559,1.8873,0.4537,0.6191,0.2333,FOLLOW_TURN
58.56,0.3759,0.683,-2.3581,-2.3559,1.8873,0.4537,0.6191,0.2338,FOLLOW_TURN
58.58,0.3763,0.6834,-2.3595,-2.3559,1.8873,0.4537,0.6191,0.2344,FOLLOW_TURN
58.6,0.3767,0.6838,-2.3604,-2.3559,1.8873,0.4537,0.6191,0.2349,FOLLOW_TURN
58.62,0.3771,0.6843,-2.3608,-2.3559,1.8873,0.4537,0.6191,0.2356,FOLLOW_TURN
58.64,0.3777,0.6848,-2.3608,-2.3559,1.8873,0.4537,0.6191,0.2363,FOLLOW_TURN
58.66,0.3782,0.6853,-2.3603,-2.3559,1.8873,0.4537,0.6191,0.2371,FOLLOW_TURN
58.68,0.3787,0.6858,-2.3593,-2.3559,1.8873,0.4537,0.6191,0.2378,FOLLOW_TURN
58.7,0.3792,0.6863,-2.3578,-2.3559,1.8873,0.4537,0.6191,0.2384,FOLLOW_TURN
58.72,0.3797,0.6869,-2.3559,-2.3559,1.8873,0.4537,0.6191,0.2392,FOLLOW_TURN
58.74,0.3803,0.6874,-2.3534,-2.3559,1.8873,0.4537,0.6191,0.24,FOLLOW_TURN
58.76,0.3808,0.688,-2.3505,-2.3559,1.8873,0.4537,0.6191,0.2408,FOLLOW_TURN
58.78,0.3813,0.6885,-2.3472,-2.3559,1.8873,0.4537,0.6191,0.2415,FOLLOW_TURN
58.8,0.3818,0.689,-2.3433,-2.3559,1.8873,0.4537,0.6191,0.2422,FOLLOW_TURN
58.82,0.3823,0.6894,-2.339,-2.3559,1.8873,0.4537,0.6191,0.2429,FOLLOW_TURN
58.84,0.3827,0.6899,-2.3342,-2.3559,1.8873,0.4537,0.6191,0.2435,FOLLOW_TURN
58.86,0.3831,0.6903,-2.3289,-2.3559,1.8873,0.4537,0.6191,0.2441,FOLLOW_TURN
58.88,0.3835,0.6907,-2.3232,-2.3559,1.8873,0.4537,0.6191,0.2447,FOLLOW_TURN
58.9,0.3838,0.6911,-2.317,-2.3559,1.8873,0.4537,0.6191,0.2452,FOLLOW_TURN
58.92,0.3842,0.6914,-2.3103,-2.3559,1.8873,0.4537,0.6191,0.2457,FOLLOW_TURN
58.94,0.3845,0.6918,-2.3031,-2.3559,1.8873,0.4537,0.6191,0.2461,FOLLOW_TURN
58.96,0.3848,0.6921,-2.2955,-2.3559,1.8873,0.4537,0.6191,0.2466,FOLLOW_TURN
58.98,0.385,0.6924,-2.2874,-2.3559,1.8873,0.4537,0.6191,0.247,FOLLOW_TURN
59.0,0.3852,0.6926,-2.2788,-2.3559,1.8873,0.4537,0.6191,0.2473,FOLLOW_TURN
59.02,0.3855,0.6929,-2.2698,-2.3559,1.8873,0.4537,0.6191,0.2477,FOLLOW_TURN
59.04,0.3856,0.6931,-2.2603,-2.3559,1.8873,0.4537,0.6191,0.248,FOLLOW_TURN
59.06,0.3858,0.6933,-2.2503,-2.3559,1.8873,0.4537,0.6191,0.2482,FOLLOW_TURN
59.08,0.3859,0.6934,-2.2399,-2.3559,1.8873,0.4537,0.6191,0.2484,FOLLOW_TURN
59.1,0.3861,0.6936,-2.2289,-2.3559,1.8873,0.4537,0.6191,0.2486,FOLLOW_TURN
59.12,0.3862,0.6937,-2.2176,-2.3559,1.8873,0.4537,0.6191,0.2488,FOLLOW_TURN
59.14,0.3862,0.6938,-2.2057,-2.3559,1.8873,0.4537,0.6191,0.2489,FOLLOW_TURN
59.16,0.3863,0.6939,-2.1937,-2.3559,1.8873,0.4537,0.6191,0.249,FOLLOW_TURN
59.18,0.3864,0.694,-2.1817,-2.3559,1.8873,0.4537,0.6191,0.2491,FOLLOW_TURN
59.2,0.3864,0.6941,-2.1697,-2.3559,1.8873,0.4537,0.6191,0.2492,FOLLOW_TURN
59.22,0.3865,0.6941,-2.1577,-2.3559,1.8873,0.4537,0.6191,0.2492,FOLLOW_TURN
59.24,0.3865,0.6942,-2.1457,-2.3559,1.8873,0.4537,0.6191,0.2493,FOLLOW_TURN
59.26,0.3866,0.6943,-2.1337,-2.3559,1.8873,0.4537,0.6191,0.2494,FOLLOW_TURN
59.28,0.3867,0.6944,-2.1217,-2.3559,1.8873,0.4537,0.6191,0.2495,FOLLOW_TURN
59.3,0.3867,0.6945,-2.1097,-2.3559,1.8873,0.4537,0.6191,0.2495,FOLLOW_TURN
59.32,0.3868,0.6946,-2.0977,-2.3559,1.8873,0.4537,0.6191,0.2496,FOLLOW_TURN
59.34,0.3868,0.6947,-2.0857,-2.3559,1.8873,0.4537,0.6191,0.2496,FOLLOW_TURN
59.36,0.3869,0.6948,-2.0737,-2.3559,1.8873,0.4537,0.6191,0.2497,FOLLOW_TURN
59.38,0.3869,0.6949,-2.0617,-2.3559,1.8873,0.4537,0.6191,0.2497,FOLLOW_TURN
59.4,0.387,0.695,-2.0497,-2.3559,1.8873,0.4537,0.6191,0.2498,FOLLOW_TURN
59.42,0.3871,0.6951,-2.0377,-2.3559,1.8873,0.4537,0.6191,0.2498,FOLLOW_TURN
59.44,0.3871,0.6951,-2.0257,-2.3559,1.8873,0.4537,0.6191,0.2498,FOLLOW_TURN
59.46,0.3872,0.6952,-2.0137,-2.3559,1.8873,0.4537,0.6191,0.2499,FOLLOW_TURN
59.48,0.3872,0.6953,-2.0017,-2.3559,1.8873,0.4537,0.6191,0.2499,FOLLOW_TURN
59.5,0.3873,0.6954,-1.9897,-2.3559,1.8873,0.4537,0.6191,0.2499,FOLLOW_TURN
59.52,0.3873,0.6955,-1.9777,-2.3559,1.8873,0.4537,0.6191,0.2499,FOLLOW_TURN
59.54,0.3873,0.6956,-1.9657,-2.3559,1.8873,0.4537,0.6191,0.2499,FOLLOW_TURN
59.56,0.3874,0.6957,-1.9537,-2.3559,1.8873,0.4537,0.6191,0.2499,FOLLOW_TURN
59.58,0.3874,0.6958,-1.9417,-2.3559,1.8873,0.4537,0.6191,0.2499,FOLLOW_TURN
59.6,0.3875,0.6959,-1.9297,-2.3559,1.8873,0.4537,0.6191,0.2499,FOLLOW_TURN
59.62,0.3875,0.696,-1.9177,-2.3559,1.8873,0.4537,0.6191,0.2499,FOLLOW_TURN
59.64,0.3876,0.6961,-1.9057,-2.3559,1.8873,0.4537,0.6191,0.2499,FOLLOW_TURN
59.66,0.3876,0.6962,-1.8937,-2.3559,1.8873,0.4537,0.6191,0.2499,FOLLOW_TURN
59.68,0.3876,0.6963,-1.8817,-2.3559,1.8873,0.4537,0.6191,0.2499,FOLLOW_TURN
59.7,0.3877,0.6964,-1.8697,-2.3559,1.8873,0.4537,0.6191,0.2499,FOLLOW_TURN
59.72,0.3877,0.6965,-1.8577,-2.3559,1.8873,0.4537,0.6191,0.2498,FOLLOW_TURN
59.74,0.3877,0.6966,-1.8457,-2.3559,1.8873,0.4537,0.6191,0.2498,FOLLOW_TURN
59.76,0.3878,0.6967,-1.8337,-2.3559,1.8873,0.4537,0.6191,0.2498,FOLLOW_TURN
59.78,0.3878,0.6968,-1.8217,-2.3559,1.8873,0.4537,0.6191,0.2497,FOLLOW_TURN
59.8,0.3878,0.6969,-1.8097,-2.3559,1.8873,0.4537,0.6191,0.2497,FOLLOW_TURN
59.82,0.3879,0.697,-1.7977,-2.3559,1.8873,0.4537,0.6191,0.2496,FOLLOW_TURN
59.84,0.3879,0.6972,-1.7857,-2.3559,1.8873,0.4537,0.6191,0.2496,FOLLOW_TURN
59.86,0.3879,0.6973,-1.7737,-2.3559,1.8873,0.4537,0.6191,0.2495,FOLLOW_TURN
59.88,0.3879,0.6974,-1.7617,-2.3559,1.8873,0.4537,0.6191,0.2494,FOLLOW_TURN
59.9,0.388,0.6975,-1.7497,-2.3559,1.8873,0.4537,0.6191,0.2494,FOLLOW_TURN
59.92,0.388,0.6976,-1.7377,-2.3559,1.8873,0.4537,0.6191,0.2493,FOLLOW_TURN
59.94,0.388,0.6977,-1.7257,-2.3559,1.8873,0.4537,0.6191,0.2492,FOLLOW_TURN
59.96,0.388,0.6978,-1.7137,-2.3559,1.8873,0.4537,0.6191,0.2491,FOLLOW_TURN
59.98,0.388,0.6979,-1.7017,-2.3559,1.8873,0.4537,0.6191,0.249,FOLLOW_TURN
60.0,0.388,0.698,-1.6897,-2.3559,1.8873,0.4537,0.6191,0.2489,FOLLOW_TURN
60.02,0.3881,0.6981,-1.6777,-2.3559,1.8873,0.4537,0.6191,0.2488,FOLLOW_TURN
60.04,0.3881,0.6982,-1.6657,-2.3559,1.8873,0.4537,0.6191,0.2487,FOLLOW_TURN
60.06,0.3881,0.6983,-1.6537,-2.3559,1.8873,0.4537,0.6191,0.2486,FOLLOW_TURN
60.08,0.3881,0.6984,-1.6417,-2.3559,1.8873,0.4537,0.6191,0.2485,FOLLOW_TURN
60.1,0.3881,0.6985,-1.6297,-2.3559,1.8873,0.4537,0.6191,0.2484,FOLLOW_TURN
60.12,0.3881,0.6986,-1.6177,-2.3559,1.8873,0.4537,0.6191,0.2483,FOLLOW_TURN
60.14,0.3881,0.6987,-1.6057,-2.3559,1.8873,0.4537,0.6191,0.2482,FOLLOW_TURN
60.16,0.3881,0.6989,-1.5937,-2.3559,1.8873,0.4537,0.6191,0.248,FOLLOW_TURN
60.18,0.3881,0.699,-1.5817,-2.3559,1.8873,0.4537,0.6191,0.2479,FOLLOW_TURN
60.2,0.3881,0.6991,-1.5697,-2.3559,1.8873,0.4537,0.6191,0.2478,FOLLOW_TURN
60.22,0.3881,0.6992,-1.5577,-2.3559,1.8873,0.4537,0.6191,0.2476,FOLLOW_TURN
60.24,0.3882,0.6993,-1.5457,-2.3559,1.8873,0.4537,0.6191,0.2475,FOLLOW_TURN
60.26,0.3882,0.6994,-1.5337,-2.3559,1.8873,0.4537,0.6191,0.2473,FOLLOW_TURN
60.28,0.3881,0.6995,-1.5217,-2.3559,1.8873,0.4537,0.6191,0.2472,FOLLOW_TURN
60.3,0.3881,0.6996,-1.5097,-2.3559,1.8873,0.4537,0.6191,0.247,FOLLOW_TURN
60.32,0.3881,0.6997,-1.4977,-2.3559,1.8873,0.4537,0.6191,0.2469,FOLLOW_TURN
60.34,0.3881,0.6998,-1.4857,-2.3559,1.8873,0.4537,0.6191,0.2467,FOLLOW_TURN
60.36,0.3881,0.6999,-1.4737,-2.3559,1.8873,0.4537,0.6191,0.2465,FOLLOW_TURN
60.38,0.3881,0.7,-1.4617,-2.3559,1.8873,0.4537,0.6191,0.2464,FOLLOW_TURN
60.4,0.3881,0.7001,-1.4497,-2.3559,1.8873,0.4537,0.6191,0.2462,FOLLOW_TURN
60.42,0.3881,0.7002,-1.4378,-2.3559,1.8873,0.4537,0.6191,0.246,FOLLOW_TURN
60.44,0.3882,0.6999,-1.4263,-2.3558,1.8874,0.4537,0.6191,0.2455,FOLLOW_TURN
60.46,0.3884,0.6993,-1.4153,-2.3553,1.8875,0.4537,0.6191,0.2449,FOLLOW_TURN
60.48,0.3886,0.6984,-1.4046,-2.3535,1.8879,0.4537,0.6191,0.2441,FOLLOW
60.5,0.3888,0.6974,-1.3944,-2.3535,1.8879,0.4537,0.6191,0.2431,FOLLOW
60.52,0.389,0.6962,-1.3846,-2.3525,1.8882,0.4541,0.6166,0.2421,FOLLOW
60.54,0.3894,0.6947,-1.3752,-2.3514,1.8885,0.4541,0.6166,0.2408,FOLLOW
60.56,0.3899,0.6929,-1.3662,-2.3499,1.8889,0.4541,0.6166,0.2394,FOLLOW
60.58,0.3903,0.6908,-1.3577,-2.348,1.8894,0.4541,0.6166,0.2378,FOLLOW
60.6,0.3908,0.6886,-1.3496,-2.3461,1.89,0.4541,0.6166,0.2361,FOLLOW
60.62,0.3914,0.6863,-1.3419,-2.3441,1.8905,0.4556,0.609,0.2344,FOLLOW
60.64,0.3921,0.6836,-1.3347,-2.3396,1.8919,0.4556,0.609,0.2326,FOLLOW
60.66,0.3929,0.6807,-1.3278,-2.3396,1.8919,0.4556,0.609,0.2306,FOLLOW
60.68,0.3938,0.6775,-1.3215,-2.3367,1.8927,0.4556,0.609,0.2283,FOLLOW
60.7,0.3946,0.6742,-1.3155,-2.3339,1.8935,0.4556,0.609,0.2261,FOLLOW
60.72,0.3956,0.6707,-1.31,-2.328,1.8952,0.4585,0.5967,0.2238,FOLLOW
60.74,0.3965,0.6672,-1.3049,-2.328,1.8952,0.4585,0.5967,0.2214,FOLLOW
60.76,0.3975,0.6637,-1.3003,-2.325,1.8961,0.4585,0.5967,0.2192,FOLLOW
60.78,0.3985,0.6602,-1.296,-2.3221,1.8969,0.4585,0.5967,0.2169,FOLLOW
60.8,0.3994,0.6568,-1.2921,-2.3191,1.8978,0.4585,0.5967,0.2147,FOLLOW
60.82,0.4004,0.6533,-1.2887,-2.3161,1.8986,0.4625,0.5818,0.2126,FOLLOW
60.84,0.4015,0.6498,-1.2857,-2.3129,1.8995,0.4625,0.5818,0.2104,FOLLOW
60.86,0.4025,0.6463,-1.2831,-2.3096,1.9004,0.4625,0.5818,0.2083,FOLLOW
60.88,0.4035,0.6428,-1.2809,-2.3064,1.9013,0.4625,0.5818,0.2062,FOLLOW
60.9,0.4046,0.6393,-1.2792,-2.2998,1.9031,0.4625,0.5818,0.2042,FOLLOW
60.92,0.4056,0.6359,-1.2778,-2.2998,1.9031,0.4671,0.5659,0.2022,FOLLOW
60.94,0.4066,0.6325,-1.2769,-2.2965,1.904,0.4671,0.5659,0.2002,FOLLOW
60.96,0.4077,0.6291,-1.2764,-2.2932,1.9049,0.4671,0.5659,0.1983,FOLLOW
60.98,0.4087,0.6258,-1.2763,-2.2899,1.9058,0.4671,0.5659,0.1965,FOLLOW
61.0,0.4097,0.6225,-1.2766,-2.2866,1.9067,0.4671,0.5659,0.1947,FOLLOW
61.02,0.4106,0.6193,-1.277,-2.2833,1.9075,0.472,0.5495,0.1929,FOLLOW
61.04,0.4116,0.6161,-1.2769,-2.28,1.9084,0.472,0.5495,0.1912,FOLLOW
61.06,0.4126,0.6129,-1.2764,-2.2735,1.9102,0.472,0.5495,0.1894,FOLLOW
61.08,0.4135,0.6097,-1.2755,-2.2735,1.9102,0.472,0.5495,0.1877,FOLLOW
61.1,0.4145,0.6064,-1.2745,-2.2702,1.9111,0.472,0.5495,0.186,FOLLOW
61.12,0.4155,0.6032,-1.2734,-2.2669,1.912,0.4769,0.5333,0.1842,FOLLOW
61.14,0.4165,0.6,-1.2724,-2.2637,1.9129,0.4769,0.5333,0.1825,FOLLOW
61.16,0.4175,0.5967,-1.2714,-2.2604,1.9138,0.4769,0.5333,0.1809,FOLLOW
61.18,0.4185,0.5935,-1.2703,-2.2571,1.9147,0.4769,0.5333,0.1792,FOLLOW
61.2,0.4195,0.5903,-1.2693,-2.2539,1.9156,0.4769,0.5333,0.1775,FOLLOW
61.22,0.4205,0.5872,-1.2681,-2.2506,1.9165,0.4818,0.5171,0.176,FOLLOW
61.24,0.4214,0.5842,-1.2664,-2.2475,1.9173,0.4818,0.5171,0.1745,FOLLOW
61.26,0.4223,0.5812,-1.2644,-2.2444,1.9182,0.4818,0.5171,0.1729,FOLLOW
61.28,0.4233,0.5782,-1.2623,-2.2383,1.92,0.4818,0.5171,0.1714,FOLLOW
61.3,0.4243,0.5752,-1.2602,-2.2383,1.92,0.4818,0.5171,0.17,FOLLOW
61.32,0.4252,0.5722,-1.2582,-2.2353,1.9208,0.4866,0.5016,0.1685,FOLLOW
61.338,0.4262,0.5692,-1.2561,-2.2322,1.9217,0.4866,0.5016,0.167,FOLLOW
61.36,0.4272,0.5661,-1.254,-2.2291,1.9226,0.4866,0.5016,0.1656,FOLLOW
61.38,0.4282,0.5631,-1.2519,-2.2261,1.9235,0.4866,0.5016,0.1642,FOLLOW
61.4,0.4292,0.5601,-1.2499,-2.223,1.9244,0.4866,0.5016,0.1628,FOLLOW
61.42,0.4302,0.5572,-1.2476,-2.22,1.9253,0.4915,0.4865,0.1615,FOLLOW
61.44,0.4311,0.5543,-1.245,-2.2141,1.9271,0.4915,0.4865,0.1602,FOLLOW
61.46,0.4321,0.5514,-1.2425,-2.2141,1.9271,0.4915,0.4865,0.1589,FOLLOW
61.48,0.4331,0.5485,-1.2399,-2.2111,1.9281,0.4915,0.4865,0.1576,FOLLOW
61.5,0.4341,0.5456,-1.2373,-2.2082,1.929,0.4915,0.4865,0.1563,FOLLOW
61.52,0.4351,0.5427,-1.2348,-2.2052,1.9299,0.4965,0.4717,0.1551,FOLLOW
61.54,0.4361,0.5398,-1.2322,-2.2023,1.9308,0.4965,0.4717,0.1539,FOLLOW
61.56,0.4372,0.5369,-1.2296,-2.1993,1.9318,0.4965,0.4717,0.1527,FOLLOW
61.58,0.4382,0.5341,-1.2271,-2.1964,1.9327,0.4965,0.4717,0.1515,FOLLOW
61.6,0.4392,0.5312,-1.2245,-2.1935,1.9337,0.4965,0.4717,0.1504,FOLLOW
61.62,0.4397,0.5295,-1.2218,-2.1893,1.935,0.4965,0.4717,0.1495,FOLLOW
61.64,0.4399,0.5286,-1.2186,-2.1893,1.935,0.4965,0.4717,0.1491,FOLLOW
61.66,0.4402,0.5277,-1.215,-2.1883,1.9354,0.5015,0.4572,0.1487,LEAVE
61.68,0.4405,0.5269,-1.2108,-2.1872,1.9357,0.5015,0.4572,0.1482,LEAVE
61.7,0.4409,0.5261,-1.2063,-2.1862,1.9361,0.5015,0.4572,0.1478,LEAVE
61.72,0.4409,0.5257,-1.2014,-2.1852,1.9365,0.5041,0.45,0.1475,GO_GOAL
61.74,0.4408,0.5257,-1.1959,-2.1851,1.9365,0.5041,0.45,0.1472,GO_GOAL
61.76,0.4406,0.526,-1.19,-2.1851,1.9365,0.5041,0.45,0.1471,GO_GOAL
61.78,0.4405,0.5264,-1.1837,-2.1851,1.9365,0.5041,0.45,0.147,GO_GOAL
61.8,0.4403,0.5267,-1.1769,-2.1851,1.9365,0.5041,0.45,0.1469,GO_GOAL
61.82,0.4402,0.5271,-1.1696,-2.1851,1.9365,0.5046,0.4489,0.1468,GO_GOAL
61.84,0.44,0.5275,-1.1619,-2.1851,1.9365,0.5046,0.4489,0.1467,GO_GOAL
61.86,0.4398,0.5278,-1.1538,-2.1851,1.9365,0.5046,0.4489,0.1465,GO_GOAL
61.88,0.4397,0.5282,-1.1453,-2.1851,1.9365,0.5046,0.4489,0.1464,GO_GOAL
61.9,0.4396,0.5285,-1.1363,-2.1851,1.9365,0.5046,0.4489,0.1462,GO_GOAL
61.92,0.4394,0.5287,-1.1268,-2.1851,1.9365,0.5046,0.4489,0.146,GO_GOAL
61.94,0.4393,0.529,-1.1169,-2.1851,1.9365,0.5046,0.4489,0.1457,GO_GOAL
61.96,0.4392,0.5292,-1.1066,-2.1851,1.9365,0.5046,0.4489,0.1455,GO_GOAL
61.98,0.4392,0.5293,-1.0958,-2.1851,1.9365,0.5046,0.4489,0.1452,GO_GOAL
62.0,0.4391,0.5295,-1.0846,-2.1851,1.9365,0.5046,0.4489,0.1449,GO_GOAL
62.02,0.439,0.5296,-1.0729,-2.1851,1.9365,0.5046,0.4489,0.1445,GO_GOAL
62.04,0.439,0.5297,-1.0609,-2.1851,1.9365,0.5046,0.4489,0.1442,GO_GOAL
62.06,0.4389,0.5298,-1.0489,-2.1851,1.9365,0.5046,0.4489,0.1438,GO_GOAL
62.08,0.4389,0.5299,-1.0369,-2.1851,1.9365,0.5046,0.4489,0.1435,GO_GOAL
62.1,0.4388,0.53,-1.0249,-2.1851,1.9365,0.5046,0.4489,0.1431,GO_GOAL
62.12,0.4388,0.5301,-1.0129,-2.1851,1.9365,0.5046,0.4489,0.1428,GO_GOAL
62.14,0.4387,0.5302,-1.0009,-2.1851,1.9365,0.5046,0.4489,0.1424,GO_GOAL
62.16,0.4387,0.5303,-0.9889,-2.1851,1.9365,0.5046,0.4489,0.142,GO_GOAL
62.18,0.4386,0.5303,-0.9769,-2.1851,1.9365,0.5046,0.4489,0.1417,GO_GOAL
62.2,0.4385,0.5304,-0.9649,-2.1851,1.9365,0.5046,0.4489,0.1413,GO_GOAL
62.22,0.4385,0.5305,-0.9529,-2.1851,1.9365,0.5046,0.4489,0.1409,GO_GOAL
62.24,0.4384,0.5306,-0.9409,-2.1851,1.9365,0.5046,0.4489,0.1406,GO_GOAL
62.26,0.4384,0.5307,-0.9289,-2.1851,1.9365,0.5046,0.4489,0.1402,GO_GOAL
62.28,0.4383,0.5308,-0.9169,-2.1851,1.9365,0.5046,0.4489,0.1398,GO_GOAL
62.3,0.4382,0.5309,-0.9049,-2.1851,1.9365,0.5046,0.4489,0.1394,GO_GOAL
62.32,0.4382,0.531,-0.8929,-2.1851,1.9365,0.5046,0.4489,0.1391,GO_GOAL
62.34,0.4381,0.531,-0.8809,-2.1851,1.9365,0.5046,0.4489,0.1387,GO_GOAL
62.36,0.438,0.5311,-0.8689,-2.1851,1.9365,0.5046,0.4489,0.1383,GO_GOAL
62.38,0.438,0.5312,-0.8569,-2.1851,1.9365,0.5046,0.4489,0.1379,GO_GOAL
62.4,0.4379,0.5313,-0.8449,-2.1851,1.9365,0.5046,0.4489,0.1375,GO_GOAL
62.42,0.4378,0.5314,-0.8329,-2.1851,1.9365,0.5046,0.4489,0.1372,GO_GOAL
62.44,0.4378,0.5315,-0.8209,-2.1851,1.9365,0.5046,0.4489,0.1368,GO_GOAL
62.46,0.4377,0.5315,-0.8089,-2.1851,1.9365,0.5046,0.4489,0.1364,GO_GOAL
62.48,0.4376,0.5316,-0.7969,-2.1851,1.9365,0.5046,0.4489,0.136,GO_GOAL
62.5,0.4375,0.5317,-0.7849,-2.1851,1.9365,0.5046,0.4489,0.1356,GO_GOAL
62.52,0.4375,0.5318,-0.7729,-2.1851,1.9365,0.5046,0.4489,0.1352,GO_GOAL
62.54,0.4374,0.5319,-0.7609,-2.1851,1.9365,0.5046,0.4489,0.1348,GO_GOAL
62.56,0.4373,0.5319,-0.7489,-2.1851,1.9365,0.5046,0.4489,0.1344,GO_GOAL
62.58,0.4372,0.532,-0.7369,-2.1851,1.9365,0.5046,0.4489,0.1341,GO_GOAL
62.6,0.4372,0.5321,-0.7249,-2.1851,1.9365,0.5046,0.4489,0.1337,GO_GOAL
62.62,0.4371,0.5322,-0.7129,-2.1851,1.9365,0.5046,0.4489,0.1333,GO_GOAL
62.64,0.437,0.5322,-0.7009,-2.1851,1.9365,0.5046,0.4489,0.1329,GO_GOAL
62.66,0.4369,0.5323,-0.6889,-2.1851,1.9365,0.5046,0.4489,0.1325,GO_GOAL
62.68,0.4368,0.5324,-0.6769,-2.1851,1.9365,0.5046,0.4489,0.1321,GO_GOAL
62.7,0.4368,0.5324,-0.6649,-2.1851,1.9365,0.5046,0.4489,0.1317,GO_GOAL
62.72,0.4367,0.5325,-0.6529,-2.1851,1.9365,0.5046,0.4489,0.1313,GO_GOAL
62.74,0.4366,0.5326,-0.6409,-2.1851,1.9365,0.5046,0.4489,0.1309,GO_GOAL
62.76,0.4365,0.5326,-0.6289,-2.1851,1.9365,0.5046,0.4489,0.1305,GO_GOAL
62.78,0.4364,0.5327,-0.6169,-2.1851,1.9365,0.5046,0.4489,0.1301,GO_GOAL
62.8,0.4363,0.5328,-0.6049,-2.1851,1.9365,0.5046,0.4489,0.1297,GO_GOAL
62.82,0.4363,0.5328,-0.5929,-2.1851,1.9365,0.5046,0.4489,0.1293,GO_GOAL
62.84,0.4362,0.5329,-0.5809,-2.1851,1.9365,0.5046,0.4489,0.1289,GO_GOAL
62.86,0.4361,0.533,-0.5689,-2.1851,1.9365,0.5046,0.4489,0.1285,GO_GOAL
62.88,0.436,0.533,-0.5569,-2.1851,1.9365,0.5046,0.4489,0.1281,GO_GOAL
62.9,0.4359,0.5331,-0.5449,-2.1851,1.9365,0.5046,0.4489,0.1277,GO_GOAL
62.92,0.4358,0.5331,-0.5329,-2.1851,1.9365,0.5046,0.4489,0.1274,GO_GOAL
62.94,0.4357,0.5332,-0.5209,-2.1851,1.9365,0.5046,0.4489,0.127,GO_GOAL
62.96,0.4356,0.5333,-0.5089,-2.1851,1.9365,0.5046,0.4489,0.1266,GO_GOAL
62.98,0.4355,0.5333,-0.4969,-2.1851,1.9365,0.5046,0.4489,0.1262,GO_GOAL
63.0,0.4354,0.5334,-0.4849,-2.1851,1.9365,0.5046,0.4489,0.1258,GO_GOAL
63.02,0.4353,0.5334,-0.4729,-2.1851,1.9365,0.5046,0.4489,0.1254,GO_GOAL
63.04,0.4353,0.5335,-0.4609,-2.1851,1.9365,0.5046,0.4489,0.125,GO_GOAL
63.06,0.4352,0.5335,-0.4489,-2.1851,1.9365,0.5046,0.4489,0.1246,GO_GOAL
63.08,0.4351,0.5336,-0.4369,-2.1851,1.9365,0.5046,0.4489,0.1242,GO_GOAL
63.1,0.435,0.5336,-0.4249,-2.1851,1.9365,0.5046,0.4489,0.1238,GO_GOAL
63.12,0.4349,0.5337,-0.4129,-2.1851,1.9365,0.5046,0.4489,0.1234,GO_GOAL
63.14,0.4348,0.5337,-0.4009,-2.1851,1.9365,0.5046,0.4489,0.123,GO_GOAL
63.16,0.4347,0.5338,-0.3889,-2.1851,1.9365,0.5046,0.4489,0.1226,GO_GOAL
63.18,0.4346,0.5338,-0.3769,-2.1851,1.9365,0.5046,0.4489,0.1223,GO_GOAL
63.2,0.4345,0.5338,-0.3649,-2.1851,1.9365,0.5046,0.4489,0.1219,GO_GOAL
63.22,0.4344,0.5339,-0.3529,-2.1851,1.9365,0.5046,0.4489,0.1215,GO_GOAL
63.238,0.4343,0.5339,-0.3409,-2.1851,1.9365,0.5046,0.4489,0.1211,GO_GOAL
63.26,0.4342,0.534,-0.3289,-2.1851,1.9365,0.5046,0.4489,0.1207,GO_GOAL
63.28,0.4341,0.534,-0.3169,-2.1851,1.9365,0.5046,0.4489,0.1203,GO_GOAL
63.3,0.434,0.534,-0.3049,-2.1851,1.9365,0.5046,0.4489,0.12,GO_GOAL
63.32,0.4339,0.5341,-0.2929,-2.1851,1.9365,0.5046,0.4489,0.1196,GO_GOAL
63.34,0.4338,0.5341,-0.2809,-2.1851,1.9365,0.5046,0.4489,0.1192,GO_GOAL
63.36,0.4337,0.5341,-0.2689,-2.1851,1.9365,0.5046,0.4489,0.1188,GO_GOAL
63.38,0.4336,0.5342,-0.2569,-2.1851,1.9365,0.5046,0.4489,0.1185,GO_GOAL
63.4,0.4335,0.5342,-0.2449,-2.1851,1.9365,0.5046,0.4489,0.1181,GO_GOAL
63.42,0.4333,0.5342,-0.2327,-2.1851,1.9365,0.5046,0.4489,0.1177,GO_GOAL
63.44,0.4335,0.5342,-0.2202,-2.1851,1.9367,0.5046,0.4489,0.1175,GO_GOAL
63.46,0.4341,0.5341,-0.2072,-2.185,1.9372,0.5046,0.4489,0.1175,GO_GOAL
63.48,0.4347,0.534,-0.194,-2.1846,1.9392,0.5046,0.4489,0.1176,GO_GOAL
63.5,0.4354,0.5338,-0.1803,-2.1846,1.9392,0.5046,0.4489,0.1177,GO_GOAL
63.52,0.4361,0.5337,-0.1662,-2.1845,1.9402,0.5072,0.4483,0.1178,GO_GOAL
63.54,0.437,0.5336,-0.1518,-2.1842,1.9429,0.5072,0.4483,0.1181,GO_GOAL
63.56,0.4384,0.5334,-0.137,-2.1841,1.9448,0.5072,0.4483,0.1187,GO_GOAL
63.58,0.4399,0.5332,-0.1219,-2.1841,1.9448,0.5072,0.4483,0.1193,GO_GOAL
63.6,0.4414,0.533,-0.1064,-2.1839,1.9468,0.5072,0.4483,0.12,GO_GOAL
63.62,0.4428,0.5329,-0.0905,-2.1839,1.9488,0.5148,0.4471,0.1207,GO_GOAL
63.64,0.4443,0.5328,-0.0743,-2.1838,1.9532,0.5148,0.4471,0.1214,GO_GOAL
63.66,0.4458,0.5327,-0.0577,-2.1838,1.9532,0.5148,0.4471,0.1221,GO_GOAL
63.68,0.4473,0.5326,-0.0407,-2.184,1.9577,0.5148,0.4471,0.1229,GO_GOAL
63.7,0.4489,0.5326,-0.0234,-2.1842,1.9599,0.5257,0.4463,0.1237,GO_GOAL
63.72,0.4507,0.5325,-0.0058,-2.1842,1.9599,0.5257,0.4463,0.1248,GO_GOAL
63.74,0.4526,0.5325,0.0121,-2.1845,1.9623,0.5257,0.4463,0.1259,GO_GOAL
63.76,0.4545,0.5326,0.0304,-2.1848,1.9648,0.5257,0.4463,0.1271,GO_GOAL
63.78,0.4565,0.5327,0.049,-2.1851,1.9673,0.5257,0.4463,0.1284,GO_GOAL
63.8,0.4585,0.5328,0.068,-2.1856,1.9698,0.5257,0.4463,0.1297,GO_GOAL
63.82,0.4609,0.533,0.0872,-2.1866,1.9749,0.5378,0.4464,0.1314,GO_GOAL
63.84,0.4635,0.5332,0.1069,-2.1873,1.9776,0.5378,0.4464,0.1333,GO_GOAL
63.86,0.4661,0.5335,0.1266,-2.1873,1.9776,0.5378,0.4464,0.1352,GO_GOAL
63.88,0.4687,0.5339,0.1464,-2.188,1.9803,0.5378,0.4464,0.1372,GO_GOAL
63.9,0.4712,0.5343,0.1662,-2.1888,1.983,0.5378,0.4464,0.1392,GO_GOAL
63.92,0.474,0.5348,0.1858,-2.1896,1.9856,0.5513,0.4478,0.1414,GO_GOAL
63.94,0.4769,0.5355,0.205,-2.1915,1.9913,0.5513,0.4478,0.1439,GO_GOAL
63.96,0.48,0.5361,0.2238,-2.1915,1.9913,0.5513,0.4478,0.1465,GO_GOAL
63.98,0.483,0.5368,0.2422,-2.1936,1.997,0.5513,0.4478,0.1491,GO_GOAL
64.0,0.4859,0.5376,0.2601,-2.1936,1.997,0.5513,0.4478,0.1517,GO_GOAL
64.02,0.489,0.5385,0.2777,-2.196,2.0028,0.5659,0.4508,0.1545,GO_GOAL
64.04,0.4923,0.5395,0.2948,-2.196,2.0028,0.5659,0.4508,0.1576,GO_GOAL
64.06,0.4957,0.5405,0.3114,-2.1973,2.0059,0.5659,0.4508,0.1608,GO_GOAL
64.08,0.499,0.5416,0.3277,-2.1986,2.0089,0.5659,0.4508,0.164,GO_GOAL
64.1,0.5022,0.5428,0.3435,-2.2,2.0118,0.5659,0.4508,0.1671,GO_GOAL
64.12,0.5056,0.544,0.3589,-2.2028,2.0179,0.5813,0.4554,0.1705,GO_GOAL
64.14,0.5091,0.5454,0.3738,-2.2028,2.0179,0.5813,0.4554,0.174,GO_GOAL
64.16,0.5126,0.5468,0.3883,-2.2044,2.0209,0.5813,0.4554,0.1776,GO_GOAL
64.18,0.516,0.5482,0.4024,-2.2075,2.027,0.5813,0.4554,0.1811,GO_GOAL
64.2,0.5194,0.5497,0.416,-2.2075,2.027,0.5813,0.4554,0.1846,GO_GOAL
64.22,0.5229,0.5513,0.4292,-2.2091,2.0301,0.5971,0.4615,0.1883,GO_GOAL
64.24,0.5264,0.5529,0.4419,-2.2108,2.0331,0.5971,0.4615,0.1922,GO_GOAL
64.26,0.53,0.5546,0.4541,-2.2125,2.0362,0.5971,0.4615,0.196,GO_GOAL
64.28,0.5335,0.5564,0.4659,-2.2142,2.0393,0.5971,0.4615,0.1998,GO_GOAL
64.3,0.5369,0.5581,0.4773,-2.2159,2.0424,0.5971,0.4615,0.2036,GO_GOAL
64.32,0.5404,0.56,0.4882,-2.2194,2.0485,0.613,0.469,0.2075,GO_GOAL
64.34,0.544,0.5619,0.4987,-2.2212,2.0516,0.613,0.469,0.2115,GO_GOAL
64.36,0.5475,0.5638,0.5086,-2.2212,2.0516,0.613,0.469,0.2155,GO_GOAL
64.38,0.551,0.5658,0.5182,-2.223,2.0547,0.613,0.469,0.2194,GO_GOAL
64.4,0.5544,0.5678,0.5272,-2.2249,2.0578,0.613,0.469,0.2233,GO_GOAL
64.42,0.5579,0.5698,0.5358,-2.2267,2.0608,0.6287,0.4774,0.2274,GO_GOAL
64.44,0.5614,0.5719,0.544,-2.2304,2.067,0.6287,0.4774,0.2314,GO_GOAL
64.46,0.5648,0.574,0.5517,-2.2304,2.067,0.6287,0.4774,0.2354,GO_GOAL
64.48,0.5682,0.5761,0.5589,-2.2322,2.0701,0.6287,0.4774,0.2394,GO_GOAL
64.5,0.5716,0.5783,0.5657,-2.2341,2.0732,0.6287,0.4774,0.2434,GO_GOAL
64.52,0.575,0.5804,0.572,-2.236,2.0762,0.6441,0.4867,0.2475,GO_GOAL
64.54,0.5784,0.5826,0.5778,-2.2378,2.0793,0.6441,0.4867,0.2515,GO_GOAL
64.56,0.5817,0.5848,0.5831,-2.2397,2.0824,0.6441,0.4867,0.2555,GO_GOAL
64.58,0.585,0.587,0.588,-2.2416,2.0855,0.6441,0.4867,0.2595,GO_GOAL
64.6,0.5883,0.5892,0.5925,-2.2434,2.0885,0.6441,0.4867,0.2634,GO_GOAL
64.62,0.5916,0.5915,0.5965,-2.2472,2.0947,0.6592,0.4964,0.2674,GO_GOAL
64.64,0.5949,0.5937,0.6,-2.2472,2.0947,0.6592,0.4964,0.2714,GO_GOAL
64.66,0.5981,0.5959,0.603,-2.249,2.0978,0.6592,0.4964,0.2753,GO_GOAL
64.68,0.6013,0.5981,0.6056,-2.2509,2.1009,0.6592,0.4964,0.2792,GO_GOAL
64.7,0.6045,0.6003,0.6077,-2.2527,2.1039,0.6592,0.4964,0.2831,GO_GOAL
64.72,0.6077,0.6026,0.6093,-2.2546,2.107,0.674,0.5065,0.287,GO_GOAL
64.74,0.6109,0.6048,0.6105,-2.2564,2.1101,0.674,0.5065,0.2908,GO_GOAL
64.76,0.614,0.607,0.6112,-2.2582,2.1132,0.674,0.5065,0.2946,GO_GOAL
64.78,0.6171,0.6091,0.6114,-2.26,2.1163,0.674,0.5065,0.2984,GO_GOAL
64.8,0.6202,0.6113,0.6112,-2.2618,2.1194,0.6888,0.5168,0.3022,GO_GOAL
64.82,0.6232,0.6134,0.6105,-2.2636,2.1225,0.6888,0.5168,0.3059,GO_GOAL
64.84,0.6263,0.6156,0.6094,-2.2654,2.1256,0.6888,0.5168,0.3096,GO_GOAL
64.86,0.6293,0.6177,0.6077,-2.2672,2.1287,0.6888,0.5168,0.3133,GO_GOAL
64.88,0.6323,0.6197,0.6057,-2.269,2.1318,0.6888,0.5168,0.3169,GO_GOAL
64.9,0.6352,0.6218,0.6032,-2.2708,2.1349,0.6888,0.5168,0.3205,GO_GOAL
64.92,0.6382,0.6238,0.6008,-2.2743,2.1412,0.7035,0.527,0.3241,GO_GOAL
64.94,0.6412,0.6259,0.5985,-2.2743,2.1412,0.7035,0.527,0.3277,GO_GOAL
64.96,0.6442,0.6279,0.5962,-2.276,2.1443,0.7035,0.527,0.3313,GO_GOAL
64.98,0.6472,0.6299,0.5939,-2.2778,2.1475,0.7035,0.527,0.3349,GO_GOAL
65.0,0.6502,0.6319,0.5916,-2.2795,2.1506,0.7035,0.527,0.3386,GO_GOAL
65.02,0.6531,0.6339,0.5895,-2.2813,2.1538,0.7184,0.5371,0.3421,GO_GOAL
65.04,0.6561,0.6359,0.5876,-2.283,2.1569,0.7184,0.5371,0.3458,GO_GOAL
65.06,0.6591,0.6379,0.5858,-2.2847,2.1601,0.7184,0.5371,0.3494,GO_GOAL
65.08,0.6622,0.6399,0.5839,-2.2864,2.1632,0.7184,0.5371,0.353,GO_GOAL
65.1,0.6652,0.6419,0.5821,-2.2881,2.1664,0.7184,0.5371,0.3566,GO_GOAL
65.12,0.6682,0.6439,0.5804,-2.2898,2.1695,0.7333,0.547,0.3602,GO_GOAL
65.14,0.6712,0.6459,0.5789,-2.2915,2.1727,0.7333,0.547,0.3638,GO_GOAL
65.16,0.6742,0.6478,0.5775,-2.2949,2.1791,0.7333,0.547,0.3674,GO_GOAL
65.18,0.6772,0.6498,0.576,-2.2949,2.1791,0.7333,0.547,0.371,GO_GOAL
65.2,0.6803,0.6518,0.5745,-2.2966,2.1822,0.7333,0.547,0.3746,GO_GOAL
65.22,0.6832,0.6536,0.5732,-2.2999,2.1885,0.7484,0.5568,0.3781,GO_GOAL
65.24,0.686,0.6555,0.572,-2.2999,2.1885,0.7484,0.5568,0.376,GO_GOAL
65.26,0.6889,0.6573,0.5709,-2.3014,2.1915,0.7484,0.5568,0.3726,GO_GOAL
65.28,0.6918,0.6592,0.5697,-2.303,2.1945,0.7484,0.5568,0.3692,GO_GOAL
65.3,0.6947,0.661,0.5686,-2.3061,2.2005,0.7629,0.5661,0.3658,GO_GOAL
65.32,0.6975,0.6628,0.5676,-2.3061,2.2005,0.7629,0.5661,0.3624,GO_GOAL
65.34,0.7004,0.6647,0.5667,-2.3093,2.2066,0.7629,0.5661,0.359,GO_GOAL
65.36,0.7033,0.6665,0.5658,-2.3108,2.2096,0.7629,0.5661,0.3556,GO_GOAL
65.38,0.7061,0.6683,0.5648,-2.3124,2.2126,0.7629,0.5661,0.3522,GO_GOAL
65.402,0.709,0.6701,0.5639,-2.3124,2.2126,0.7629,0.5661,0.3488,GO_GOAL
65.42,0.7117,0.6718,0.5631,-2.3139,2.2156,0.7773,0.5752,0.3456,GO_GOAL
65.44,0.7144,0.6735,0.5624,-2.3154,2.2185,0.7773,0.5752,0.3425,GO_GOAL
65.46,0.717,0.6752,0.5617,-2.3168,2.2212,0.7773,0.5752,0.3393,GO_GOAL
65.48,0.7196,0.6768,0.561,-2.3182,2.224,0.7773,0.5752,0.3362,GO_GOAL
65.5,0.7223,0.6785,0.5602,-2.321,2.2295,0.7773,0.5752,0.3331,GO_GOAL
65.52,0.7249,0.6801,0.5596,-2.321,2.2295,0.7907,0.5836,0.33,GO_GOAL
65.54,0.7276,0.6818,0.5591,-2.3239,2.2351,0.7907,0.5836,0.3269,GO_GOAL
65.56,0.7302,0.6835,0.5585,-2.3239,2.2351,0.7907,0.5836,0.3238,GO_GOAL
65.58,0.7328,0.6851,0.5579,-2.3253,2.2379,0.7907,0.5836,0.3207,GO_GOAL
65.6,0.7355,0.6868,0.5574,-2.3267,2.2406,0.7907,0.5836,0.3176,GO_GOAL
65.62,0.7379,0.6883,0.5569,-2.3281,2.2434,0.804,0.5919,0.3147,GO_GOAL
65.64,0.7403,0.6898,0.5564,-2.3294,2.246,0.804,0.5919,0.3119,GO_GOAL
65.66,0.7427,0.6912,0.556,-2.3306,2.2485,0.804,0.5919,0.3091,GO_GOAL
65.68,0.7451,0.6927,0.5555,-2.3319,2.251,0.804,0.5919,0.3063,GO_GOAL
65.7,0.7475,0.6942,0.5551,-2.3332,2.2535,0.804,0.5919,0.3034,GO_GOAL
65.72,0.7499,0.6957,0.5547,-2.3357,2.2586,0.8186,0.6009,0.3006,GO_GOAL
65.74,0.7523,0.6972,0.5544,-2.337,2.2611,0.8186,0.6009,0.2978,GO_GOAL
65.76,0.7547,0.6987,0.554,-2.337,2.2611,0.8186,0.6009,0.295,GO_GOAL
65.78,0.7571,0.7002,0.5537,-2.3382,2.2636,0.8186,0.6009,0.2922,GO_GOAL
65.8,0.7595,0.7016,0.5534,-2.3395,2.2661,0.8186,0.6009,0.2893,GO_GOAL
65.82,0.7616,0.703,0.5531,-2.3407,2.2686,0.8282,0.6068,0.2868,GO_GOAL
65.84,0.7637,0.7042,0.5528,-2.343,2.2731,0.8282,0.6068,0.2844,GO_GOAL
65.86,0.7658,0.7055,0.5525,-2.343,2.2731,0.8282,0.6068,0.2819,GO_GOAL
65.88,0.7679,0.7068,0.5522,-2.3441,2.2753,0.8282,0.6068,0.2795,GO_GOAL
65.9,0.77,0.7081,0.5519,-2.3452,2.2775,0.8282,0.6068,0.277,GO_GOAL
65.92,0.7721,0.7094,0.5517,-2.3463,2.2797,0.839,0.6135,0.2746,GO_GOAL
65.94,0.7742,0.7107,0.5515,-2.3473,2.2819,0.839,0.6135,0.2721,GO_GOAL
65.96,0.7763,0.712,0.5512,-2.3484,2.2841,0.839,0.6135,0.2696,GO_GOAL
65.98,0.7784,0.7133,0.551,-2.3495,2.2863,0.839,0.6135,0.2672,GO_GOAL
66.0,0.7805,0.7146,0.5508,-2.3506,2.2885,0.839,0.6135,0.2647,GO_GOAL
66.02,0.7825,0.7158,0.5506,-2.3528,2.2927,0.8516,0.6212,0.2624,GO_GOAL
66.04,0.7844,0.717,0.5504,-2.3528,2.2927,0.8516,0.6212,0.2601,GO_GOAL
66.06,0.7864,0.7182,0.5503,-2.3538,2.2948,0.8516,0.6212,0.2578,GO_GOAL
66.08,0.7883,0.7194,0.5501,-2.3548,2.2969,0.8516,0.6212,0.2555,GO_GOAL
66.1,0.7903,0.7206,0.5499,-2.3558,2.2989,0.8516,0.6212,0.2532,GO_GOAL
66.12,0.7923,0.7218,0.5498,-2.3579,2.303,0.8595,0.626,0.2509,GO_GOAL
66.14,0.7942,0.723,0.5496,-2.3589,2.3051,0.8595,0.626,0.2486,GO_GOAL
66.16,0.7962,0.7242,0.5495,-2.3589,2.3051,0.8595,0.626,0.2464,GO_GOAL
66.18,0.7981,0.7254,0.5493,-2.3599,2.3071,0.8595,0.626,0.2441,GO_GOAL
66.2,0.8001,0.7266,0.5492,-2.3609,2.3092,0.8595,0.626,0.2418,GO_GOAL
66.22,0.8009,0.727,0.5492,-2.3622,2.3117,0.8595,0.626,0.2409,GO_GOAL
66.24,0.801,0.727,0.5498,-2.3622,2.3117,0.8595,0.626,0.2408,GO_GOAL
66.26,0.8011,0.7271,0.5508,-2.3623,2.312,0.8693,0.6319,0.2406,FOLLOW_TURN
66.28,0.8012,0.7271,0.5523,-2.3624,2.3122,0.8693,0.6319,0.2405,FOLLOW_TURN
66.3,0.8013,0.7272,0.5543,-2.3627,2.3127,0.8724,0.6338,0.2404,FOLLOW_TURN
66.32,0.8013,0.7272,0.5567,-2.3627,2.3127,0.8724,0.6338,0.2404,FOLLOW_TURN
66.34,0.8011,0.7269,0.5597,-2.3627,2.3128,0.8724,0.6338,0.2407,FOLLOW_TURN
66.36,0.8007,0.7267,0.5631,-2.3627,2.3128,0.8724,0.6338,0.2411,FOLLOW_TURN
66.38,0.8004,0.7266,0.567,-2.3627,2.3128,0.8724,0.6338,0.2414,FOLLOW_TURN
66.4,0.8002,0.7264,0.5713,-2.3627,2.3128,0.8724,0.6338,0.2417,FOLLOW_TURN
66.42,0.7998,0.7261,0.5761,-2.3627,2.3128,0.8727,0.634,0.2422,FOLLOW_TURN
66.44,0.7993,0.7258,0.5814,-2.3627,2.3128,0.8727,0.634,0.2428,FOLLOW_TURN
66.46,0.7988,0.7255,0.5872,-2.3627,2.3128,0.8727,0.634,0.2433,FOLLOW_TURN
66.48,0.7984,0.7252,0.5934,-2.3627,2.3128,0.8727,0.634,0.2438,FOLLOW_TURN
66.5,0.798,0.725,0.6001,-2.3627,2.3128,0.8727,0.634,0.2442,FOLLOW_TURN
66.52,0.7977,0.7247,0.6073,-2.3627,2.3128,0.8727,0.634,0.2447,FOLLOW_TURN
66.54,0.7973,0.7245,0.6149,-2.3627,2.3128,0.8727,0.634,0.245,FOLLOW_TURN
66.56,0.797,0.7242,0.623,-2.3627,2.3128,0.8727,0.634,0.2454,FOLLOW_TURN
66.58,0.7967,0.724,0.6316,-2.3627,2.3128,0.8727,0.634,0.2457,FOLLOW_TURN
66.6,0.7965,0.7239,0.6406,-2.3627,2.3128,0.8727,0.634,0.246,FOLLOW_TURN
66.62,0.7962,0.7237,0.6501,-2.3627,2.3128,0.8727,0.634,0.2462,FOLLOW_TURN
66.64,0.796,0.7235,0.66,-2.3627,2.3128,0.8727,0.634,0.2464,FOLLOW_TURN
66.66,0.7959,0.7234,0.6705,-2.3627,2.3128,0.8727,0.634,0.2466,FOLLOW_TURN
66.68,0.7957,0.7233,0.6814,-2.3627,2.3128,0.8727,0.634,0.2467,FOLLOW_TURN
66.7,0.7956,0.7232,0.6927,-2.3627,2.3128,0.8727,0.634,0.2468,FOLLOW_TURN
66.72,0.7955,0.7231,0.7046,-2.3627,2.3128,0.8727,0.634,0.2469,FOLLOW_TURN
66.74,0.7954,0.723,0.7166,-2.3627,2.3128,0.8727,0.634,0.2469,FOLLOW_TURN
66.76,0.7953,0.723,0.7286,-2.3627,2.3128,0.8727,0.634,0.2469,FOLLOW_TURN
66.78,0.7952,0.7229,0.7406,-2.3627,2.3128,0.8727,0.634,0.247,FOLLOW_TURN
66.8,0.7952,0.7228,0.7526,-2.3627,2.3128,0.8727,0.634,0.247,FOLLOW_TURN
66.82,0.7951,0.7228,0.7646,-2.3627,2.3128,0.8727,0.634,0.247,FOLLOW_TURN
66.84,0.795,0.7227,0.7766,-2.3627,2.3128,0.8727,0.634,0.247,FOLLOW_TURN
66.86,0.7949,0.7226,0.7886,-2.3627,2.3128,0.8727,0.634,0.247,FOLLOW_TURN
66.88,0.7948,0.7225,0.8006,-2.3627,2.3128,0.8727,0.634,0.247,FOLLOW_TURN
66.9,0.7948,0.7225,0.8126,-2.3627,2.3128,0.8727,0.634,0.247,FOLLOW_TURN
66.92,0.7947,0.7224,0.8246,-2.3627,2.3128,0.8727,0.634,0.247,FOLLOW_TURN
66.94,0.7946,0.7223,0.8366,-2.3627,2.3128,0.8727,0.634,0.247,FOLLOW_TURN
66.96,0.7945,0.7222,0.8486,-2.3627,2.3128,0.8727,0.634,0.2469,FOLLOW_TURN
66.98,0.7945,0.7222,0.8606,-2.3627,2.3128,0.8727,0.634,0.2469,FOLLOW_TURN
67.0,0.7944,0.7221,0.8726,-2.3627,2.3128,0.8727,0.634,0.2469,FOLLOW_TURN
67.02,0.7943,0.722,0.8846,-2.3627,2.3128,0.8727,0.634,0.2469,FOLLOW_TURN
67.04,0.7943,0.7219,0.8966,-2.3627,2.3128,0.8727,0.634,0.2468,FOLLOW_TURN
67.06,0.7942,0.7218,0.9086,-2.3627,2.3128,0.8727,0.634,0.2468,FOLLOW_TURN
67.08,0.7941,0.7218,0.9206,-2.3627,2.3128,0.8727,0.634,0.2467,FOLLOW_TURN
67.1,0.794,0.7217,0.9326,-2.3627,2.3128,0.8727,0.634,0.2467,FOLLOW_TURN
67.12,0.794,0.7216,0.9446,-2.3627,2.3128,0.8727,0.634,0.2466,FOLLOW_TURN
67.14,0.7939,0.7215,0.9566,-2.3627,2.3128,0.8727,0.634,0.2466,FOLLOW_TURN
67.16,0.7939,0.7214,0.9686,-2.3627,2.3128,0.8727,0.634,0.2465,FOLLOW_TURN
67.18,0.7938,0.7213,0.9806,-2.3627,2.3128,0.8727,0.634,0.2465,FOLLOW_TURN
67.2,0.7937,0.7212,0.9926,-2.3627,2.3128,0.8727,0.634,0.2464,FOLLOW_TURN
67.22,0.7937,0.7212,1.0046,-2.3627,2.3128,0.8727,0.634,0.2463,FOLLOW_TURN
67.24,0.7936,0.7211,1.0166,-2.3627,2.3128,0.8727,0.634,0.2462,FOLLOW_TURN
67.26,0.7935,0.721,1.0286,-2.3627,2.3128,0.8727,0.634,0.2461,FOLLOW_TURN
67.28,0.7935,0.7209,1.0406,-2.3627,2.3128,0.8727,0.634,0.246,FOLLOW_TURN
67.3,0.7934,0.7208,1.0526,-2.3627,2.3128,0.8727,0.634,0.246,FOLLOW_TURN
67.32,0.7934,0.7207,1.0646,-2.3627,2.3128,0.8727,0.634,0.2459,FOLLOW_TURN
67.34,0.7933,0.7206,1.0766,-2.3627,2.3128,0.8727,0.634,0.2458,FOLLOW_TURN
67.36,0.7933,0.7205,1.0886,-2.3627,2.3128,0.8727,0.634,0.2456,FOLLOW_TURN
67.38,0.7932,0.7204,1.1006,-2.3627,2.3128,0.8727,0.634,0.2455,FOLLOW_TURN
67.4,0.7932,0.7203,1.1126,-2.3627,2.3128,0.8727,0.634,0.2454,FOLLOW_TURN
67.42,0.7931,0.7202,1.1246,-2.3627,2.3128,0.8727,0.634,0.2453,FOLLOW_TURN
67.44,0.7931,0.7201,1.1366,-2.3627,2.3128,0.8727,0.634,0.2452,FOLLOW_TURN
67.46,0.793,0.72,1.1486,-2.3627,2.3128,0.8727,0.634,0.245,FOLLOW_TURN
67.48,0.793,0.7199,1.1606,-2.3627,2.3128,0.8727,0.634,0.2449,FOLLOW_TURN
67.5,0.7929,0.7198,1.1726,-2.3627,2.3128,0.8727,0.634,0.2448,FOLLOW_TURN
67.52,0.7929,0.7197,1.1846,-2.3627,2.3128,0.8727,0.634,0.2446,FOLLOW_TURN
67.54,0.7928,0.7196,1.1966,-2.3627,2.3128,0.8727,0.634,0.2445,FOLLOW_TURN
67.56,0.7928,0.7195,1.2086,-2.3627,2.3128,0.8727,0.634,0.2443,FOLLOW_TURN
67.58,0.7928,0.7194,1.2206,-2.3627,2.3128,0.8727,0.634,0.2442,FOLLOW_TURN
67.6,0.7927,0.7193,1.2326,-2.3627,2.3128,0.8727,0.634,0.244,FOLLOW_TURN
67.62,0.7928,0.7194,1.2444,-2.3627,2.3128,0.8727,0.634,0.2437,FOLLOW_TURN
67.64,0.793,0.7197,1.2557,-2.3629,2.3128,0.8727,0.634,0.2431,FOLLOW_TURN
67.66,0.7934,0.7203,1.2665,-2.3634,2.313,0.8727,0.634,0.2423,FOLLOW
67.68,0.7937,0.7213,1.2769,-2.3643,2.3133,0.8727,0.634,0.2413,FOLLOW
67.7,0.794,0.7223,1.2869,-2.3653,2.3136,0.8727,0.634,0.2403,FOLLOW
67.718,0.7944,0.7234,1.2964,-2.3662,2.3139,0.8735,0.6366,0.2391,FOLLOW
67.74,0.7949,0.7249,1.3055,-2.3674,2.3143,0.8735,0.6366,0.2378,FOLLOW
67.76,0.7955,0.7266,1.3141,-2.3689,2.3147,0.8735,0.6366,0.2362,FOLLOW
67.78,0.796,0.7287,1.3223,-2.3707,2.3153,0.8735,0.6366,0.2345,FOLLOW
67.8,0.7966,0.7308,1.3301,-2.3727,2.3158,0.8735,0.6366,0.2327,FOLLOW
67.82,0.7972,0.7331,1.3374,-2.3746,2.3164,0.8755,0.644,0.2309,FOLLOW
67.84,0.7979,0.7357,1.3443,-2.3767,2.3169,0.8755,0.644,0.2288,FOLLOW
67.86,0.7986,0.7386,1.3507,-2.3792,2.3176,0.8755,0.644,0.2266,FOLLOW
67.88,0.7993,0.7417,1.3568,-2.3819,2.3184,0.8755,0.644,0.2243,FOLLOW
67.9,0.8,0.745,1.3624,-2.3847,2.3192,0.8755,0.644,0.2219,FOLLOW
67.922,0.8007,0.7483,1.3676,-2.3875,2.32,0.8784,0.6562,0.2196,FOLLOW
67.94,0.8014,0.7517,1.3724,-2.3903,2.3208,0.8784,0.6562,0.2172,FOLLOW
67.96,0.8021,0.7551,1.3768,-2.393,2.3216,0.8784,0.6562,0.2148,FOLLOW
67.98,0.8028,0.7585,1.3808,-2.3958,2.3224,0.8784,0.6562,0.2125,FOLLOW
68.0,0.8034,0.7619,1.3844,-2.3986,2.3232,0.8813,0.6704,0.2103,FOLLOW
68.02,0.804,0.7652,1.3876,-2.4014,2.324,0.8813,0.6704,0.2081,FOLLOW
68.04,0.8047,0.7688,1.3904,-2.4043,2.3249,0.8813,0.6704,0.2057,FOLLOW
68.06,0.8053,0.7724,1.3928,-2.4107,2.3268,0.8813,0.6704,0.2035,FOLLOW
68.08,0.806,0.7759,1.3949,-2.4107,2.3268,0.8813,0.6704,0.2012,FOLLOW
68.1,0.8066,0.7794,1.3965,-2.4139,2.3278,0.8813,0.6704,0.199,FOLLOW
68.12,0.8072,0.7829,1.3977,-2.4172,2.3288,0.8842,0.6861,0.1969,FOLLOW
68.14,0.8078,0.7864,1.3986,-2.4204,2.3298,0.8842,0.6861,0.1948,FOLLOW
68.16,0.8084,0.7898,1.3991,-2.4236,2.3308,0.8842,0.6861,0.1927,FOLLOW
68.18,0.809,0.7932,1.3992,-2.4268,2.3318,0.8842,0.6861,0.1907,FOLLOW
68.2,0.8096,0.7966,1.3989,-2.43,2.3328,0.8842,0.6861,0.1887,FOLLOW
68.22,0.8102,0.7999,1.3986,-2.4332,2.3338,0.8871,0.7027,0.1868,FOLLOW
68.24,0.8107,0.8032,1.3986,-2.4365,2.3348,0.8871,0.7027,0.1849,FOLLOW
68.26,0.8113,0.8065,1.3991,-2.443,2.3368,0.8871,0.7027,0.183,FOLLOW
68.28,0.8119,0.8099,1.3999,-2.443,2.3368,0.8871,0.7027,0.1811,FOLLOW
68.3,0.8125,0.8132,1.4009,-2.4462,2.3378,0.8871,0.7027,0.1791,FOLLOW
68.32,0.813,0.8166,1.4018,-2.4527,2.3398,0.8906,0.7228,0.1772,FOLLOW
68.34,0.8136,0.8199,1.4028,-2.4527,2.3398,0.8906,0.7228,0.1754,FOLLOW
68.36,0.8142,0.8233,1.4038,-2.4593,2.3418,0.8906,0.7228,0.1735,FOLLOW
68.38,0.8147,0.8266,1.4047,-2.4593,2.3418,0.8906,0.7228,0.1717,FOLLOW
68.4,0.8153,0.83,1.4057,-2.4658,2.3438,0.8906,0.7228,0.1698,FOLLOW
68.42,0.8158,0.833,1.4068,-2.4658,2.3438,0.8929,0.7362,0.1682,FOLLOW
68.44,0.8163,0.836,1.4084,-2.4688,2.3447,0.8929,0.7362,0.1666,FOLLOW
68.46,0.8168,0.839,1.4103,-2.4717,2.3456,0.8929,0.7362,0.165,FOLLOW
68.48,0.8172,0.842,1.4126,-2.4776,2.3473,0.8929,0.7362,0.1634,FOLLOW
68.5,0.8177,0.845,1.4152,-2.4776,2.3473,0.8929,0.7362,0.1618,FOLLOW
68.52,0.8182,0.848,1.4177,-2.4806,2.3482,0.8955,0.7518,0.1602,FOLLOW
68.54,0.8186,0.851,1.4203,-2.4836,2.349,0.8955,0.7518,0.1586,FOLLOW
68.56,0.8191,0.8541,1.4229,-2.4895,2.3507,0.8955,0.7518,0.1571,FOLLOW
68.58,0.8195,0.8571,1.4255,-2.4895,2.3507,0.8955,0.7518,0.1555,FOLLOW
68.6,0.82,0.8601,1.4281,-2.4925,2.3515,0.8955,0.7518,0.154,FOLLOW
68.62,0.8204,0.863,1.4308,-2.4954,2.3524,0.8979,0.767,0.1526,FOLLOW
68.64,0.8208,0.8658,1.434,-2.4982,2.3531,0.8979,0.767,0.1513,FOLLOW
68.66,0.8212,0.8686,1.4375,-2.501,2.3539,0.8979,0.767,0.1499,FOLLOW
68.68,0.8215,0.8715,1.441,-2.5066,2.3554,0.8979,0.767,0.1485,FOLLOW
68.7,0.8219,0.8743,1.4445,-2.5066,2.3554,0.8979,0.767,0.1472,FOLLOW
68.72,0.8223,0.8771,1.448,-2.5095,2.3561,0.8999,0.7816,0.1459,FOLLOW
68.74,0.8226,0.88,1.4515,-2.5123,2.3568,0.8999,0.7816,0.1446,FOLLOW
68.76,0.8229,0.8828,1.455,-2.5151,2.3575,0.8999,0.7816,0.1433,FOLLOW
68.78,0.8233,0.8857,1.4585,-2.5179,2.3582,0.8999,0.7816,0.1421,FOLLOW
68.8,0.8236,0.8885,1.462,-2.5207,2.3589,0.9016,0.7959,0.1408,FOLLOW
68.82,0.8239,0.8912,1.4657,-2.5235,2.3596,0.9016,0.7959,0.1397,FOLLOW
68.84,0.8241,0.8939,1.4698,-2.5289,2.3608,0.9016,0.7959,0.1385,FOLLOW
68.86,0.8244,0.8966,1.474,-2.5289,2.3608,0.9016,0.7959,0.1374,FOLLOW
68.88,0.8247,0.8993,1.4783,-2.5316,2.3614,0.9016,0.7959,0.1363,FOLLOW
68.9,0.8249,0.902,1.4826,-2.5342,2.362,0.9016,0.7959,0.1353,FOLLOW
68.92,0.8251,0.9047,1.4869,-2.5369,2.3626,0.9031,0.8098,0.1342,FOLLOW
68.94,0.8254,0.9074,1.4911,-2.5396,2.3632,0.9031,0.8098,0.1332,FOLLOW
68.96,0.8256,0.9101,1.4954,-2.5423,2.3637,0.9031,0.8098,0.1322,FOLLOW
68.98,0.8258,0.9128,1.4997,-2.545,2.3643,0.9031,0.8098,0.1312,FOLLOW
69.0,0.826,0.9155,1.504,-2.5477,2.3648,0.9031,0.8098,0.1302,FOLLOW
69.02,0.8261,0.9181,1.5084,-2.553,2.3658,0.9042,0.8234,0.1293,FOLLOW
69.04,0.8263,0.9208,1.5128,-2.5557,2.3663,0.9042,0.8234,0.1284,FOLLOW
69.06,0.8264,0.9235,1.5172,-2.5584,2.3668,0.9042,0.8234,0.1275,FOLLOW
69.08,0.8266,0.9262,1.5216,-2.5584,2.3668,0.9042,0.8234,0.1266,FOLLOW
69.1,0.8267,0.9288,1.526,-2.5637,2.3678,0.9042,0.8234,0.1258,FOLLOW
69.12,0.8268,0.9315,1.5304,-2.5664,2.3682,0.905,0.837,0.125,FOLLOW
69.14,0.8269,0.9342,1.5348,-2.5664,2.3682,0.905,0.837,0.1242,FOLLOW
69.16,0.827,0.9369,1.5392,-2.5718,2.3691,0.905,0.837,0.1235,FOLLOW
69.18,0.8271,0.9395,1.5437,-2.5718,2.3691,0.905,0.837,0.1227,FOLLOW
69.2,0.8271,0.9422,1.5481,-2.5745,2.3695,0.905,0.837,0.122,FOLLOW
69.22,0.8272,0.9449,1.5526,-2.5772,2.3699,0.9056,0.8533,0.1213,FOLLOW
69.24,0.8272,0.9475,1.5571,-2.5798,2.3703,0.9056,0.8533,0.1207,FOLLOW
69.26,0.8273,0.9502,1.5617,-2.5825,2.3706,0.9056,0.8533,0.12,FOLLOW
69.28,0.8273,0.9528,1.5662,-2.5851,2.371,0.9056,0.8533,0.1194,FOLLOW
69.3,0.8273,0.9555,1.5708,-2.5878,2.3714,0.9056,0.8533,0.1189,FOLLOW
69.32,0.8273,0.9581,1.5753,-2.5905,2.3717,0.9058,0.8641,0.1183,FOLLOW
69.34,0.8273,0.9608,1.5799,-2.5932,2.372,0.9058,0.8641,0.1178,FOLLOW
69.36,0.8272,0.9634,1.5844,-2.5985,2.3726,0.9058,0.8641,0.1173,FOLLOW
69.38,0.8272,0.9661,1.589,-2.5985,2.3726,0.9058,0.8641,0.1168,FOLLOW
69.4,0.8271,0.9687,1.5935,-2.6012,2.3729,0.9058,0.8641,0.1164,FOLLOW
69.42,0.8271,0.9712,1.5982,-2.6039,2.3732,0.9057,0.8775,0.1159,FOLLOW
69.44,0.827,0.9736,1.6033,-2.6064,2.3735,0.9057,0.8775,0.1156,FOLLOW
69.46,0.8269,0.976,1.6087,-2.6113,2.3739,0.9057,0.8775,0.1152,FOLLOW
69.48,0.8268,0.9785,1.6142,-2.6138,2.3741,0.9057,0.8775,0.1148,FOLLOW
69.5,0.8267,0.9809,1.6198,-2.6163,2.3743,0.9057,0.8775,0.1145,FOLLOW
69.52,0.8266,0.9833,1.6253,-2.6188,2.3745,0.9052,0.8927,0.1142,FOLLOW
69.54,0.8264,0.9858,1.6308,-2.6188,2.3745,0.9052,0.8927,0.1139,FOLLOW
69.56,0.8263,0.9882,1.6363,-2.6213,2.3746,0.9052,0.8927,0.1136,FOLLOW
69.58,0.8261,0.9907,1.6419,-2.6238,2.3748,0.9052,0.8927,0.1134,FOLLOW
69.6,0.8259,0.9931,1.6474,-2.6287,2.375,0.9052,0.8927,0.1132,FOLLOW
69.62,0.8257,0.9955,1.6529,-2.6312,2.3751,0.9046,0.9027,0.113,FOLLOW
69.64,0.8255,0.998,1.6583,-2.6312,2.3751,0.9046,0.9027,0.1129,FOLLOW
69.66,0.8253,1.0004,1.6638,-2.6338,2.3752,0.9046,0.9027,0.1128,FOLLOW
69.68,0.8251,1.0029,1.6692,-2.6363,2.3753,0.9046,0.9027,0.1127,FOLLOW
69.7,0.8248,1.0053,1.6747,-2.6388,2.3754,0.9046,0.9027,0.1126,FOLLOW
69.72,0.8246,1.0078,1.6801,-2.6413,2.3754,0.9033,0.9176,0.1126,FOLLOW
69.738,0.8243,1.0102,1.6856,-2.6438,2.3755,0.9033,0.9176,0.1125,FOLLOW
69.76,0.824,1.0127,1.691,-2.6463,2.3755,0.9033,0.9176,0.1126,FOLLOW
69.78,0.8237,1.0151,1.6965,-2.6488,2.3755,0.9033,0.9176,0.1126,FOLLOW
69.8,0.8234,1.0176,1.7019,-2.6538,2.3755,0.9033,0.9176,0.1127,FOLLOW
69.82,0.823,1.02,1.7072,-2.6538,2.3755,0.9021,0.9276,0.1128,FOLLOW
69.84,0.8227,1.0225,1.7125,-2.6564,2.3755,0.9021,0.9276,0.1129,FOLLOW
69.86,0.8223,1.025,1.7177,-2.6615,2.3754,0.9021,0.9276,0.113,FOLLOW
69.88,0.822,1.0275,1.723,-2.6615,2.3754,0.9021,0.9276,0.1132,FOLLOW
69.9,0.8216,1.03,1.7282,-2.664,2.3753,0.9021,0.9276,0.1134,FOLLOW
69.92,0.8212,1.0324,1.7334,-2.6666,2.3752,0.9004,0.9402,0.1137,FOLLOW
69.94,0.8208,1.0349,1.7387,-2.6691,2.3751,0.9004,0.9402,0.1139,FOLLOW
69.96,0.8203,1.0374,1.7439,-2.6717,2.375,0.9004,0.9402,0.1142,FOLLOW
69.98,0.8199,1.0398,1.7491,-2.6742,2.3749,0.9004,0.9402,0.1145,FOLLOW
70.0,0.8194,1.0423,1.7544,-2.6768,2.3748,0.9004,0.9402,0.1148,FOLLOW
70.02,0.819,1.0447,1.7598,-2.6793,2.3746,0.8982,0.9528,0.1152,FOLLOW
70.04,0.8185,1.0471,1.7654,-2.6818,2.3744,0.8982,0.9528,0.1156,FOLLOW
70.06,0.818,1.0495,1.771,-2.6868,2.3741,0.8982,0.9528,0.1159,FOLLOW
70.08,0.8176,1.0518,1.7766,-2.6868,2.3741,0.8982,0.9528,0.1164,FOLLOW
70.1,0.817,1.0542,1.7822,-2.6892,2.3739,0.8982,0.9528,0.1168,FOLLOW
70.12,0.8165,1.0566,1.7878,-2.6917,2.3737,0.8959,0.9651,0.1173,FOLLOW
70.14,0.816,1.059,1.7934,-2.6942,2.3734,0.8959,0.9651,0.1177,FOLLOW
70.16,0.8155,1.0613,1.799,-2.6966,2.3732,0.8959,0.9651,0.1183,FOLLOW
70.18,0.8149,1.0637,1.8046,-2.6991,2.3729,0.8959,0.9651,0.1188,FOLLOW
70.2,0.8143,1.0661,1.8102,-2.7016,2.3727,0.8959,0.9651,0.1194,FOLLOW
70.22,0.8137,1.0686,1.8156,-2.7066,2.3721,0.8932,0.9772,0.12,FOLLOW
70.24,0.813,1.0711,1.8205,-2.7066,2.3721,0.8932,0.9772,0.1207,FOLLOW
70.26,0.8124,1.0737,1.8252,-2.7093,2.3718,0.8932,0.9772,0.1215,FOLLOW
70.28,0.8117,1.0763,1.8298,-2.712,2.3714,0.8932,0.9772,0.1222,FOLLOW
70.3,0.811,1.0788,1.8344,-2.7146,2.3711,0.8932,0.9772,0.123,FOLLOW
70.32,0.8103,1.0813,1.839,-2.7199,2.3703,0.8899,0.9899,0.1238,FOLLOW
70.34,0.8096,1.0839,1.8436,-2.7199,2.3703,0.8899,0.9899,0.1247,FOLLOW
70.36,0.8089,1.0864,1.8482,-2.7252,2.3695,0.8899,0.9899,0.1255,FOLLOW
70.38,0.8082,1.089,1.8528,-2.7252,2.3695,0.8899,0.9899,0.1264,FOLLOW
70.4,0.8074,1.0915,1.8574,-2.7305,2.3687,0.8899,0.9899,0.1273,FOLLOW
70.42,0.8066,1.0941,1.8618,-2.7333,2.3682,0.8864,1.0028,0.1283,FOLLOW
70.44,0.8058,1.0968,1.8658,-2.7333,2.3682,0.8864,1.0028,0.1294,FOLLOW
70.46,0.805,1.0995,1.8697,-2.736,2.3677,0.8864,1.0028,0.1304,FOLLOW
70.48,0.8042,1.1021,1.8736,-2.7388,2.3672,0.8864,1.0028,0.1315,FOLLOW
70.5,0.8034,1.1048,1.8774,-2.7416,2.3667,0.8864,1.0028,0.1326,FOLLOW
70.52,0.8025,1.1075,1.8813,-2.7444,2.3662,0.8823,1.0162,0.1338,FOLLOW
70.54,0.8017,1.1101,1.8852,-2.7472,2.3657,0.8823,1.0162,0.1349,FOLLOW
70.56,0.8008,1.1128,1.8891,-2.7499,2.3652,0.8823,1.0162,0.1361,FOLLOW
70.58,0.7999,1.1154,1.8929,-2.7527,2.3646,0.8823,1.0162,0.1373,FOLLOW
70.6,0.799,1.1181,1.8968,-2.7555,2.3641,0.8823,1.0162,0.1385,FOLLOW
70.62,0.7981,1.1207,1.9008,-2.7583,2.3635,0.878,1.0296,0.1398,FOLLOW
70.64,0.7972,1.1233,1.9048,-2.7637,2.3624,0.878,1.0296,0.141,FOLLOW
70.66,0.7963,1.1259,1.9088,-2.7637,2.3624,0.878,1.0296,0.1423,FOLLOW
70.68,0.7954,1.1285,1.9128,-2.7665,2.3618,0.878,1.0296,0.1436,FOLLOW
70.7,0.7945,1.1311,1.9169,-2.7692,2.3612,0.878,1.0296,0.1449,FOLLOW
70.72,0.7935,1.1337,1.9209,-2.7747,2.36,0.8734,1.0428,0.1462,FOLLOW
70.74,0.7926,1.1363,1.9249,-2.7747,2.36,0.8734,1.0428,0.1476,FOLLOW
70.76,0.7916,1.1389,1.9289,-2.7774,2.3593,0.8734,1.0428,0.149,FOLLOW
70.78,0.7906,1.1415,1.9329,-2.7801,2.3587,0.8734,1.0428,0.1504,FOLLOW
70.8,0.7896,1.144,1.9369,-2.7828,2.358,0.8734,1.0428,0.1518,FOLLOW
70.82,0.7886,1.1468,1.9407,-2.7884,2.3567,0.8686,1.056,0.1534,FOLLOW
70.84,0.7874,1.1497,1.9441,-2.7884,2.3567,0.8686,1.056,0.155,FOLLOW
70.86,0.7863,1.1525,1.947,-2.7944,2.3551,0.8686,1.056,0.1568,FOLLOW
70.88,0.7852,1.1554,1.9495,-2.7974,2.3544,0.8686,1.056,0.1585,FOLLOW
70.9,0.784,1.1583,1.9521,-2.7974,2.3544,0.8686,1.056,0.1602,FOLLOW
70.92,0.7829,1.1611,1.9546,-2.8004,2.3536,0.8632,1.07,0.162,FOLLOW
70.94,0.7817,1.164,1.9571,-2.8034,2.3528,0.8632,1.07,0.1637,FOLLOW
70.96,0.7806,1.1668,1.9596,-2.8064,2.352,0.8632,1.07,0.1655,FOLLOW
70.98,0.7794,1.1696,1.9622,-2.8094,2.3512,0.8632,1.07,0.1674,FOLLOW
71.0,0.7782,1.1725,1.9647,-2.8124,2.3504,0.8632,1.07,0.1692,FOLLOW
71.02,0.7769,1.1755,1.967,-2.8154,2.3496,0.8574,1.0844,0.1712,FOLLOW
71.04,0.7755,1.1787,1.9688,-2.822,2.3478,0.8574,1.0844,0.1734,FOLLOW
71.06,0.774,1.1821,1.9702,-2.822,2.3478,0.8574,1.0844,0.1757,FOLLOW
71.08,0.7726,1.1855,1.9711,-2.8254,2.3468,0.8574,1.0844,0.178,FOLLOW
71.1,0.7712,1.1888,1.9716,-2.8323,2.345,0.8574,1.0844,0.1803,FOLLOW
71.12,0.7698,1.1921,1.9717,-2.8323,2.345,0.8508,1.1001,0.1827,FOLLOW
71.14,0.7684,1.1954,1.9715,-2.8357,2.344,0.8508,1.1001,0.185,FOLLOW
71.16,0.767,1.1987,1.9714,-2.8392,2.3431,0.8508,1.1001,0.1873,FOLLOW
71.18,0.7656,1.202,1.9712,-2.8426,2.3421,0.8508,1.1001,0.1897,FOLLOW
71.2,0.7642,1.2053,1.9711,-2.8461,2.3412,0.8508,1.1001,0.192,FOLLOW
71.22,0.7629,1.2085,1.9708,-2.8528,2.3394,0.8439,1.1166,0.1943,FOLLOW
71.24,0.7616,1.2116,1.9701,-2.856,2.3385,0.8439,1.1166,0.1966,FOLLOW
71.26,0.7603,1.2147,1.969,-2.856,2.3385,0.8439,1.1166,0.1989,FOLLOW
71.28,0.759,1.2177,1.9675,-2.8592,2.3376,0.8439,1.1166,0.2011,FOLLOW
71.3,0.7577,1.2208,1.9661,-2.8624,2.3368,0.8373,1.1321,0.2034,FOLLOW
71.32,0.7564,1.2239,1.9646,-2.8656,2.3359,0.8373,1.1321,0.2057,FOLLOW
71.34,0.7552,1.2269,1.9632,-2.8688,2.3351,0.8373,1.1321,0.208,FOLLOW
71.36,0.7539,1.23,1.9617,-2.872,2.3342,0.8373,1.1321,0.2103,FOLLOW
71.38,0.7526,1.2331,1.9603,-2.8752,2.3334,0.8373,1.1321,0.2126,FOLLOW
71.4,0.7514,1.2361,1.9589,-2.8784,2.3326,0.8373,1.1321,0.2149,FOLLOW
71.42,0.7502,1.239,1.9572,-2.8816,2.3317,0.831,1.1474,0.2171,FOLLOW
71.44,0.749,1.2419,1.9552,-2.8845,2.331,0.831,1.1474,0.2192,FOLLOW
71.46,0.7479,1.2447,1.9527,-2.8874,2.3303,0.831,1.1474,0.2214,FOLLOW
71.48,0.7468,1.2475,1.9498,-2.8902,2.3295,0.831,1.1474,0.2235,FOLLOW
71.5,0.7457,1.2503,1.9466,-2.8931,2.3288,0.831,1.1474,0.2257,FOLLOW
71.52,0.7446,1.2531,1.9434,-2.896,2.3281,0.8254,1.1616,0.2278,FOLLOW
71.54,0.7435,1.2559,1.9402,-2.9018,2.3268,0.8254,1.1616,0.23,FOLLOW
71.56,0.7424,1.2586,1.937,-2.9018,2.3268,0.8254,1.1616,0.2321,FOLLOW
71.58,0.7414,1.2614,1.9338,-2.9075,2.3254,0.8254,1.1616,0.2342,FOLLOW
71.6,0.7403,1.2642,1.9307,-2.9075,2.3254,0.8254,1.1616,0.2364,FOLLOW
71.62,0.7393,1.2668,1.9273,-2.9104,2.3248,0.8201,1.1754,0.2383,FOLLOW
71.64,0.7384,1.2693,1.9235,-2.9129,2.3242,0.8201,1.1754,0.2403,FOLLOW
71.66,0.7375,1.2718,1.9193,-2.9154,2.3237,0.8201,1.1754,0.2422,FOLLOW
71.68,0.7366,1.2743,1.9147,-2.9203,2.3227,0.8201,1.1754,0.2441,FOLLOW
71.7,0.7358,1.2767,1.9096,-2.9203,2.3227,0.8201,1.1754,0.246,FOLLOW
71.72,0.7349,1.2791,1.9042,-2.9227,2.3222,0.8156,1.1876,0.2479,FOLLOW
71.74,0.7341,1.2815,1.8987,-2.9276,2.3213,0.8156,1.1876,0.2498,FOLLOW
71.76,0.7333,1.2839,1.8932,-2.9276,2.3213,0.8156,1.1876,0.2516,FOLLOW
71.78,0.7325,1.2864,1.8878,-2.9301,2.3208,0.8156,1.1876,0.2535,FOLLOW
71.8,0.7317,1.2888,1.8823,-2.9326,2.3204,0.8156,1.1876,0.2554,FOLLOW
71.82,0.731,1.291,1.8766,-2.9372,2.3196,0.8116,1.1995,0.2571,FOLLOW
71.84,0.7303,1.2932,1.8706,-2.9372,2.3196,0.8116,1.1995,0.2587,FOLLOW
71.86,0.7296,1.2953,1.8641,-2.9393,2.3193,0.8116,1.1995,0.2604,FOLLOW
71.88,0.729,1.2975,1.8572,-2.9413,2.319,0.8116,1.1995,0.2621,FOLLOW
71.9,0.7284,1.2996,1.8499,-2.9434,2.3187,0.8116,1.1995,0.2637,FOLLOW
71.92,0.7278,1.3017,1.8425,-2.9455,2.3184,0.8083,1.21,0.2653,FOLLOW
71.94,0.7272,1.3038,1.835,-2.9476,2.3181,0.8083,1.21,0.2669,FOLLOW
71.96,0.7267,1.3059,1.8276,-2.9497,2.3179,0.8083,1.21,0.2685,FOLLOW
71.98,0.7261,1.308,1.8201,-2.9518,2.3176,0.8083,1.21,0.2701,FOLLOW
72.0,0.7256,1.3101,1.8127,-2.9539,2.3174,0.8083,1.21,0.2717,FOLLOW
72.02,0.7251,1.3123,1.8054,-2.956,2.3172,0.8056,1.2202,0.2733,FOLLOW
72.04,0.7245,1.3146,1.7986,-2.9583,2.317,0.8056,1.2202,0.275,FOLLOW
72.06,0.724,1.3169,1.7921,-2.9606,2.3168,0.8056,1.2202,0.2766,FOLLOW
72.08,0.7235,1.3192,1.7856,-2.9629,2.3167,0.8056,1.2202,0.2783,FOLLOW
72.1,0.723,1.3215,1.7791,-2.9675,2.3164,0.8031,1.2312,0.2799,FOLLOW
72.12,0.7225,1.3238,1.7726,-2.9698,2.3162,0.8031,1.2312,0.2816,FOLLOW
72.14,0.7221,1.3261,1.7662,-2.9698,2.3162,0.8031,1.2312,0.2832,FOLLOW
72.16,0.7216,1.3284,1.7597,-2.9721,2.3161,0.8031,1.2312,0.2848,FOLLOW
72.18,0.7212,1.3308,1.7532,-2.9767,2.3159,0.8031,1.2312,0.2865,FOLLOW
72.2,0.7208,1.3331,1.7467,-2.979,2.3159,0.8008,1.2425,0.2881,FOLLOW
72.22,0.7204,1.3352,1.7401,-2.979,2.3159,0.8008,1.2425,0.2896,FOLLOW
72.24,0.72,1.3373,1.7331,-2.9829,2.3158,0.8008,1.2425,0.291,FOLLOW
72.26,0.7197,1.3393,1.7257,-2.9829,2.3158,0.8008,1.2425,0.2925,FOLLOW
72.28,0.7194,1.3414,1.7179,-2.9848,2.3158,0.8008,1.2425,0.2939,FOLLOW
72.3,0.7191,1.3434,1.7098,-2.9868,2.3158,0.8008,1.2425,0.2953,FOLLOW
72.32,0.7188,1.3454,1.7015,-2.9887,2.3158,0.7992,1.2525,0.2967,FOLLOW
72.34,0.7186,1.3474,1.6932,-2.9907,2.3158,0.7992,1.2525,0.2981,FOLLOW
72.36,0.7184,1.3494,1.6849,-2.9926,2.3159,0.7992,1.2525,0.2995,FOLLOW
72.38,0.7181,1.3514,1.6766,-2.9946,2.316,0.7992,1.2525,0.3009,FOLLOW
72.4,0.7179,1.3534,1.6684,-2.9965,2.316,0.7992,1.2525,0.3023,FOLLOW
72.42,0.7177,1.3555,1.6602,-2.9985,2.3161,0.7981,1.2621,0.3036,FOLLOW
72.44,0.7176,1.3576,1.6525,-3.0026,2.3164,0.7981,1.2621,0.3051,FOLLOW
72.46,0.7174,1.3598,1.645,-3.0026,2.3164,0.7981,1.2621,0.3065,FOLLOW
72.48,0.7172,1.3619,1.6374,-3.0047,2.3166,0.7981,1.2621,0.3079,FOLLOW
72.5,0.7171,1.3641,1.6299,-3.0068,2.3167,0.7981,1.2621,0.3092,FOLLOW
72.52,0.717,1.3663,1.6224,-3.0089,2.3169,0.7972,1.2724,0.3106,FOLLOW
72.54,0.7169,1.3684,1.6149,-3.011,2.3171,0.7972,1.2724,0.312,FOLLOW
72.56,0.7168,1.3706,1.6074,-3.013,2.3173,0.7972,1.2724,0.3134,FOLLOW
72.58,0.7167,1.3727,1.5999,-3.0172,2.3178,0.7972,1.2724,0.3147,FOLLOW
72.6,0.7167,1.3749,1.5923,-3.0172,2.3178,0.7972,1.2724,0.3161,FOLLOW
72.62,0.7166,1.3769,1.5847,-3.0211,2.3183,0.7968,1.2829,0.3173,FOLLOW
72.64,0.7166,1.3789,1.5767,-3.0211,2.3183,0.7968,1.2829,0.3186,FOLLOW
72.66,0.7166,1.3808,1.5684,-3.023,2.3186,0.7968,1.2829,0.3198,FOLLOW
72.68,0.7166,1.3828,1.5597,-3.0248,2.3189,0.7968,1.2829,0.321,FOLLOW
72.7,0.7167,1.3847,1.5509,-3.0266,2.3192,0.7968,1.2829,0.3222,FOLLOW
72.72,0.7167,1.3866,1.5421,-3.0302,2.3198,0.7967,1.2923,0.3234,FOLLOW
72.74,0.7168,1.3885,1.5333,-3.0302,2.3198,0.7967,1.2923,0.3246,FOLLOW
72.76,0.7169,1.3904,1.5245,-3.032,2.3202,0.7967,1.2923,0.3258,FOLLOW
72.78,0.717,1.3924,1.5157,-3.0338,2.3205,0.7967,1.2923,0.3269,FOLLOW
72.8,0.7171,1.3943,1.5069,-3.0356,2.3209,0.7967,1.2923,0.3281,FOLLOW
72.82,0.7172,1.3962,1.4982,-3.0374,2.3213,0.7971,1.3015,0.3293,FOLLOW
72.84,0.7174,1.3982,1.4895,-3.0392,2.3217,0.7971,1.3015,0.3304,FOLLOW
72.86,0.7175,1.4001,1.4809,-3.0411,2.3221,0.7971,1.3015,0.3315,FOLLOW
72.88,0.7177,1.4021,1.4723,-3.0429,2.3226,0.7971,1.3015,0.3327,FOLLOW
72.9,0.7179,1.404,1.4637,-3.0447,2.323,0.7971,1.3015,0.3338,FOLLOW
72.92,0.7181,1.4059,1.4551,-3.0465,2.3235,0.7979,1.3108,0.3349,FOLLOW
72.94,0.7184,1.4079,1.4465,-3.0501,2.3245,0.7979,1.3108,0.336,FOLLOW
72.96,0.7186,1.4098,1.4378,-3.0501,2.3245,0.7979,1.3108,0.3371,FOLLOW
72.98,0.7189,1.4117,1.4292,-3.0519,2.325,0.7979,1.3108,0.3381,FOLLOW
73.0,0.7192,1.4137,1.4206,-3.0537,2.3256,0.7979,1.3108,0.3392,FOLLOW
73.02,0.7195,1.4155,1.4118,-3.0555,2.3261,0.799,1.3201,0.3402,FOLLOW
73.04,0.7198,1.4174,1.4027,-3.0572,2.3267,0.799,1.3201,0.3413,FOLLOW
73.06,0.7201,1.4192,1.3935,-3.0605,2.3278,0.799,1.3201,0.3423,FOLLOW
73.08,0.7204,1.421,1.3843,-3.0605,2.3278,0.799,1.3201,0.3433,FOLLOW
73.1,0.7208,1.4228,1.3751,-3.0622,2.3284,0.799,1.3201,0.3442,FOLLOW
73.12,0.7211,1.4246,1.3659,-3.0639,2.329,0.8005,1.3289,0.3452,FOLLOW
73.14,0.7215,1.4264,1.3567,-3.0655,2.3296,0.8005,1.3289,0.3462,FOLLOW
73.16,0.7219,1.4282,1.3475,-3.0672,2.3302,0.8005,1.3289,0.3471,FOLLOW
73.18,0.7224,1.43,1.3383,-3.0688,2.3309,0.8005,1.3289,0.3481,FOLLOW
73.2,0.7228,1.4318,1.3291,-3.0704,2.3315,0.8005,1.3289,0.349,FOLLOW
73.22,0.7232,1.4336,1.32,-3.0721,2.3322,0.8024,1.3375,0.3499,FOLLOW
73.24,0.7237,1.4354,1.3109,-3.0737,2.3329,0.8024,1.3375,0.3508,FOLLOW
73.26,0.7242,1.4372,1.3019,-3.0753,2.3336,0.8024,1.3375,0.3517,FOLLOW
73.28,0.7247,1.439,1.2928,-3.0786,2.3351,0.8024,1.3375,0.3526,FOLLOW
73.3,0.7252,1.4408,1.2837,-3.0786,2.3351,0.8047,1.3461,0.3535,FOLLOW
73.32,0.7258,1.4426,1.2746,-3.0802,2.3358,0.8047,1.3461,0.3543,FOLLOW
73.34,0.7263,1.4444,1.2655,-3.0818,2.3366,0.8047,1.3461,0.3552,FOLLOW
73.36,0.7269,1.4461,1.2564,-3.0834,2.3374,0.8047,1.3461,0.356,FOLLOW
73.38,0.7275,1.4479,1.2473,-3.085,2.3382,0.8047,1.3461,0.3569,FOLLOW
73.4,0.7281,1.4497,1.2382,-3.0866,2.339,0.8047,1.3461,0.3577,FOLLOW
73.42,0.7287,1.4514,1.229,-3.0882,2.3398,0.808,1.3563,0.3585,FOLLOW
73.44,0.7293,1.4531,1.2198,-3.0897,2.3406,0.808,1.3563,0.3593,FOLLOW
73.46,0.73,1.4548,1.2105,-3.0928,2.3423,0.808,1.3563,0.36,FOLLOW
73.48,0.7306,1.4565,1.2012,-3.0928,2.3423,0.808,1.3563,0.3608,FOLLOW
73.5,0.7313,1.4582,1.192,-3.0958,2.3441,0.8104,1.3629,0.3616,FOLLOW
73.52,0.732,1.4599,1.1827,-3.0958,2.3441,0.8104,1.3629,0.3623,FOLLOW
73.54,0.7327,1.4616,1.1734,-3.0973,2.345,0.8104,1.3629,0.363,FOLLOW
73.56,0.7334,1.4633,1.1642,-3.1003,2.3468,0.8104,1.3629,0.3638,FOLLOW
73.58,0.7341,1.465,1.1549,-3.1017,2.3478,0.8104,1.3629,0.3645,FOLLOW
73.6,0.7349,1.4667,1.1456,-3.1017,2.3478,0.8104,1.3629,0.3652,FOLLOW
73.62,0.7356,1.4682,1.1362,-3.1032,2.3487,0.8138,1.3709,0.3659,FOLLOW
73.64,0.7363,1.4698,1.1264,-3.1046,2.3496,0.8138,1.3709,0.3665,FOLLOW
73.66,0.7371,1.4714,1.1165,-3.1059,2.3505,0.8138,1.3709,0.3672,FOLLOW
73.68,0.7378,1.4729,1.1067,-3.1086,2.3524,0.8138,1.3709,0.3678,FOLLOW
73.7,0.7386,1.4744,1.0968,-3.1099,2.3533,0.8138,1.3709,0.3684,FOLLOW
73.72,0.7394,1.4759,1.087,-3.1099,2.3533,0.8174,1.3784,0.3691,FOLLOW
73.74,0.7402,1.4775,1.0771,-3.1112,2.3543,0.8174,1.3784,0.3697,FOLLOW
73.76,0.741,1.479,1.0673,-3.1125,2.3553,0.8174,1.3784,0.3703,FOLLOW
73.78,0.7419,1.4805,1.0574,-3.1138,2.3563,0.8174,1.3784,0.3708,FOLLOW
73.8,0.7427,1.482,1.0476,-3.1151,2.3573,0.8213,1.3855,0.3714,FOLLOW
73.82,0.7436,1.4834,1.0375,-3.1164,2.3583,0.8213,1.3855,0.372,FOLLOW
73.84,0.7444,1.4847,1.027,-3.1175,2.3593,0.8213,1.3855,0.3725,FOLLOW
73.86,0.7452,1.4861,1.0165,-3.1198,2.3612,0.8213,1.3855,0.373,FOLLOW
73.88,0.746,1.4874,1.0059,-3.121,2.3621,0.8213,1.3855,0.3736,FOLLOW
73.9,0.7469,1.4888,0.9954,-3.121,2.3621,0.8213,1.3855,0.3741,FOLLOW
73.92,0.7478,1.4901,0.9848,-3.1232,2.3641,0.8252,1.392,0.3746,FOLLOW
73.94,0.7487,1.4914,0.9743,-3.1243,2.3652,0.8252,1.392,0.375,FOLLOW
73.96,0.7496,1.4927,0.9637,-3.1243,2.3652,0.8252,1.392,0.3755,FOLLOW
73.98,0.7505,1.494,0.9532,-3.1253,2.3662,0.8252,1.392,0.376,FOLLOW
74.0,0.7514,1.4953,0.9426,-3.1275,2.3683,0.8294,1.3982,0.3764,FOLLOW
74.02,0.7523,1.4966,0.9321,-3.1275,2.3683,0.8294,1.3982,0.3768,FOLLOW
74.04,0.7533,1.4978,0.9216,-3.1285,2.3693,0.8294,1.3982,0.3772,FOLLOW
74.06,0.7543,1.4991,0.9111,-3.1296,2.3704,0.8294,1.3982,0.3776,FOLLOW
74.08,0.7553,1.5003,0.9006,-3.1306,2.3715,0.8294,1.3982,0.378,FOLLOW
74.1,0.7563,1.5016,0.8901,-3.1316,2.3726,0.8294,1.3982,0.3784,FOLLOW
74.12,0.7573,1.5028,0.8796,-3.1326,2.3737,0.8339,1.4042,0.3788,FOLLOW
74.14,0.7583,1.504,0.8691,-3.1336,2.3748,0.8339,1.4042,0.3791,FOLLOW
74.16,0.7593,1.5053,0.8586,-3.1346,2.3759,0.8339,1.4042,0.3794,FOLLOW
74.18,0.7604,1.5064,0.848,-3.1356,2.3771,0.8339,1.4042,0.3798,FOLLOW
74.2,0.7614,1.5076,0.8375,-3.1366,2.3782,0.8339,1.4042,0.3801,FOLLOW
74.22,0.7625,1.5088,0.8269,-3.1375,2.3794,0.8388,1.4099,0.3804,FOLLOW
74.24,0.7636,1.51,0.8163,-3.1384,2.3805,0.8388,1.4099,0.3807,FOLLOW
74.26,0.7647,1.5111,0.8058,-3.1393,2.3817,0.8388,1.4099,0.3809,FOLLOW
74.28,0.7658,1.5122,0.7952,-3.1402,2.3829,0.8388,1.4099,0.3812,FOLLOW
74.3,0.7669,1.5133,0.7846,-3.1411,2.384,0.8388,1.4099,0.3814,FOLLOW
74.32,0.768,1.5144,0.774,-3.142,2.3852,0.8439,1.4153,0.3817,FOLLOW
74.34,0.7691,1.5155,0.7634,-3.1429,2.3864,0.8439,1.4153,0.3819,FOLLOW
74.36,0.7703,1.5166,0.7528,-3.1446,2.3889,0.8439,1.4153,0.3821,FOLLOW
74.38,0.7714,1.5177,0.7422,-3.1446,2.3889,0.8439,1.4153,0.3823,FOLLOW
74.4,0.7726,1.5187,0.7316,-3.1454,2.3901,0.8439,1.4153,0.3824,FOLLOW
74.42,0.7738,1.5198,0.7211,-3.147,2.3926,0.8492,1.4204,0.3826,FOLLOW
74.44,0.775,1.5209,0.7107,-3.147,2.3926,0.8492,1.4204,0.3827,FOLLOW
74.46,0.7762,1.5219,0.7002,-3.1478,2.3939,0.8492,1.4204,0.3829,FOLLOW
74.48,0.7775,1.5229,0.6898,-3.1494,2.3965,0.8492,1.4204,0.383,FOLLOW
74.5,0.7787,1.5239,0.6794,-3.1494,2.3965,0.8492,1.4204,0.3831,FOLLOW
74.52,0.78,1.5249,0.669,-3.1509,2.3991,0.8549,1.4253,0.3832,FOLLOW
74.54,0.7812,1.5259,0.6585,-3.1509,2.3991,0.8549,1.4253,0.3832,FOLLOW
74.56,0.7825,1.5269,0.6481,-3.1524,2.4018,0.8549,1.4253,0.3833,FOLLOW
74.58,0.7838,1.5279,0.6377,-3.1524,2.4018,0.8549,1.4253,0.3833,FOLLOW
74.6,0.7851,1.5288,0.6273,-3.1538,2.4045,0.8549,1.4253,0.3834,FOLLOW
74.62,0.7863,1.5297,0.6166,-3.1538,2.4045,0.8609,1.4299,0.3834,FOLLOW
74.64,0.7876,1.5306,0.6056,-3.1544,2.4057,0.8609,1.4299,0.3835,FOLLOW
74.66,0.7888,1.5314,0.5946,-3.155,2.407,0.8609,1.4299,0.3835,FOLLOW
74.68,0.79,1.5322,0.5835,-3.1556,2.4082,0.8609,1.4299,0.3835,FOLLOW
74.7,0.7913,1.533,0.5724,-3.1562,2.4095,0.8609,1.4299,0.3835,FOLLOW
74.72,0.7925,1.5338,0.5614,-3.1568,2.4107,0.8667,1.4339,0.3835,FOLLOW
74.74,0.7938,1.5346,0.5503,-3.1573,2.412,0.8667,1.4339,0.3835,FOLLOW
74.76,0.7951,1.5354,0.5393,-3.1579,2.4133,0.8667,1.4339,0.3835,FOLLOW
74.78,0.7964,1.5361,0.5282,-3.1584,2.4146,0.8667,1.4339,0.3834,FOLLOW
74.8,0.7977,1.5369,0.5172,-3.1589,2.4159,0.8667,1.4339,0.3834,FOLLOW
74.82,0.799,1.5376,0.5063,-3.1599,2.4185,0.8727,1.4376,0.3833,FOLLOW
74.84,0.8004,1.5384,0.4957,-3.1599,2.4185,0.8727,1.4376,0.3831,FOLLOW
74.86,0.8018,1.5391,0.4851,-3.1609,2.4213,0.8727,1.4376,0.383,FOLLOW
74.88,0.8032,1.5399,0.4745,-3.1609,2.4213,0.8727,1.4376,0.3828,FOLLOW
74.9,0.8046,1.5406,0.4639,-3.1614,2.4227,0.8727,1.4376,0.3827,FOLLOW
74.92,0.806,1.5413,0.4533,-3.1622,2.4255,0.8791,1.441,0.3825,FOLLOW
74.94,0.8074,1.5419,0.4426,-3.1622,2.4255,0.8791,1.441,0.3823,FOLLOW
74.96,0.8088,1.5426,0.432,-3.1627,2.427,0.8791,1.441,0.3821,FOLLOW
74.98,0.8103,1.5433,0.4214,-3.1631,2.4284,0.8791,1.441,0.3819,FOLLOW
75.0,0.8117,1.5439,0.4108,-3.1635,2.4298,0.8791,1.441,0.3816,FOLLOW
75.02,0.8132,1.5445,0.4004,-3.1639,2.4312,0.8858,1.4442,0.3814,FOLLOW
75.04,0.8147,1.5452,0.3901,-3.1642,2.4327,0.8858,1.4442,0.3811,FOLLOW
75.06,0.8162,1.5458,0.3798,-3.1646,2.4342,0.8858,1.4442,0.3808,FOLLOW
75.08,0.8177,1.5464,0.3696,-3.1653,2.4372,0.8858,1.4442,0.3804,FOLLOW
75.1,0.8193,1.5469,0.3593,-3.1653,2.4372,0.8858,1.4442,0.3801,FOLLOW
75.12,0.8208,1.5475,0.349,-3.1656,2.4387,0.8928,1.4471,0.3798,FOLLOW
75.14,0.8224,1.5481,0.3388,-3.1659,2.4403,0.8928,1.4471,0.3794,FOLLOW
75.16,0.8239,1.5486,0.3285,-3.1662,2.4418,0.8928,1.4471,0.379,FOLLOW
75.18,0.8255,1.5491,0.3182,-3.1665,2.4433,0.8928,1.4471,0.3786,FOLLOW
75.2,0.827,1.5496,0.308,-3.167,2.4464,0.8928,1.4471,0.3782,FOLLOW
75.22,0.8286,1.5501,0.2978,-3.167,2.4464,0.9001,1.4496,0.3778,FOLLOW
75.24,0.8302,1.5506,0.2875,-3.1672,2.4479,0.9001,1.4496,0.3774,FOLLOW
75.26,0.8318,1.551,0.2773,-3.1674,2.4494,0.9001,1.4496,0.3769,FOLLOW
75.28,0.8334,1.5515,0.2671,-3.1676,2.451,0.9001,1.4496,0.3765,FOLLOW
75.3,0.8349,1.5519,0.2569,-3.168,2.4541,0.9076,1.4518,0.376,FOLLOW
75.32,0.8365,1.5523,0.2467,-3.1681,2.4556,0.9076,1.4518,0.3755,FOLLOW
75.34,0.8381,1.5527,0.2365,-3.1681,2.4556,0.9076,1.4518,0.375,FOLLOW
75.36,0.8398,1.5531,0.2263,-3.1682,2.4572,0.9076,1.4518,0.3745,FOLLOW
75.38,0.8414,1.5534,0.2161,-3.1684,2.4587,0.9076,1.4518,0.374,FOLLOW
75.4,0.843,1.5538,0.2059,-3.1685,2.4618,0.9076,1.4518,0.3735,FOLLOW
75.42,0.8447,1.5541,0.1958,-3.1686,2.4636,0.9152,1.4537,0.3729,FOLLOW
75.44,0.8465,1.5545,0.1861,-3.1686,2.4636,0.9152,1.4537,0.3722,FOLLOW
75.46,0.8483,1.5548,0.1769,-3.1687,2.4654,0.9152,1.4537,0.3715,FOLLOW
75.48,0.8502,1.5551,0.168,-3.1687,2.4672,0.9152,1.4537,0.3707,FOLLOW
75.5,0.8521,1.5555,0.1591,-3.1688,2.4691,0.9152,1.4537,0.3699,FOLLOW
75.52,0.854,1.5558,0.1503,-3.1688,2.4709,0.9238,1.4553,0.3692,FOLLOW
75.54,0.8559,1.556,0.1415,-3.1688,2.4727,0.9238,1.4553,0.3684,FOLLOW
75.56,0.8578,1.5563,0.1327,-3.1688,2.4746,0.9238,1.4553,0.3676,FOLLOW
75.58,0.8597,1.5565,0.1239,-3.1687,2.4764,0.9238,1.4553,0.3668,FOLLOW
75.6,0.8616,1.5568,0.115,-3.1687,2.4783,0.9238,1.4553,0.3659,FOLLOW
75.62,0.8634,1.557,0.1061,-3.1686,2.4801,0.9329,1.4565,0.3652,FOLLOW
75.64,0.8651,1.5571,0.0967,-3.1686,2.4817,0.9329,1.4565,0.3644,FOLLOW
75.66,0.8668,1.5573,0.087,-3.1685,2.4833,0.9329,1.4565,0.3637,FOLLOW
75.68,0.8685,1.5574,0.0771,-3.1684,2.4849,0.9329,1.4565,0.363,FOLLOW
75.7,0.8702,1.5575,0.0671,-3.1683,2.4865,0.9329,1.4565,0.3622,FOLLOW
75.72,0.8719,1.5576,0.0572,-3.1681,2.4882,0.9412,1.4573,0.3615,FOLLOW
75.74,0.8736,1.5577,0.0473,-3.168,2.4898,0.9412,1.4573,0.3607,FOLLOW
75.76,0.8753,1.5578,0.0373,-3.1678,2.4914,0.9412,1.4573,0.36,FOLLOW
75.78,0.877,1.5579,0.0274,-3.1674,2.4946,0.9412,1.4573,0.3592,FOLLOW
75.8,0.8787,1.5579,0.0175,-3.1674,2.4946,0.9412,1.4573,0.3584,FOLLOW
75.82,0.8805,1.5579,0.0077,-3.1672,2.4962,0.9492,1.4577,0.3575,FOLLOW
75.84,0.8824,1.5579,-0.0018,-3.167,2.4979,0.9492,1.4577,0.3566,FOLLOW
75.86,0.8843,1.5579,-0.0109,-3.1667,2.4997,0.9492,1.4577,0.3556,FOLLOW
75.88,0.8862,1.5579,-0.0198,-3.1661,2.5033,0.9492,1.4577,0.3546,FOLLOW
75.9,0.8881,1.5578,-0.0286,-3.1661,2.5033,0.9492,1.4577,0.3536,FOLLOW
75.92,0.89,1.5578,-0.0375,-3.1658,2.5051,0.9581,1.4577,0.3526,FOLLOW
75.94,0.8919,1.5577,-0.0464,-3.1654,2.5069,0.9581,1.4577,0.3516,FOLLOW
75.96,0.8938,1.5576,-0.0552,-3.1651,2.5087,0.9581,1.4577,0.3505,FOLLOW
75.98,0.8957,1.5575,-0.0641,-3.1647,2.5105,0.9581,1.4577,0.3495,FOLLOW
76.0,0.8976,1.5573,-0.0729,-3.1643,2.5123,0.9581,1.4577,0.3484,FOLLOW
76.02,0.8995,1.5572,-0.0817,-3.1639,2.5141,0.9672,1.4572,0.3473,FOLLOW
76.04,0.9014,1.557,-0.0904,-3.163,2.5177,0.9672,1.4572,0.3462,FOLLOW
76.06,0.9034,1.5568,-0.0991,-3.163,2.5177,0.9672,1.4572,0.3451,FOLLOW
76.08,0.9053,1.5566,-0.1079,-3.1626,2.5195,0.9672,1.4572,0.344,FOLLOW
76.1,0.9072,1.5564,-0.1166,-3.1621,2.5213,0.9672,1.4572,0.3429,FOLLOW
76.12,0.9091,1.5562,-0.1253,-3.1611,2.5248,0.9764,1.4564,0.3417,FOLLOW
76.14,0.911,1.5559,-0.1341,-3.1611,2.5248,0.9764,1.4564,0.3406,FOLLOW
76.16,0.913,1.5557,-0.1428,-3.1601,2.5284,0.9764,1.4564,0.3394,FOLLOW
76.18,0.9149,1.5554,-0.1516,-3.1601,2.5284,0.9764,1.4564,0.3382,FOLLOW
76.2,0.9168,1.5551,-0.1603,-3.1595,2.5302,0.9764,1.4564,0.337,FOLLOW
76.22,0.9186,1.5548,-0.1692,-3.159,2.5319,0.9856,1.4552,0.3359,FOLLOW
76.24,0.9205,1.5544,-0.1783,-3.1584,2.5336,0.9856,1.4552,0.3347,FOLLOW
76.26,0.9223,1.5541,-0.1874,-3.1578,2.5353,0.9856,1.4552,0.3336,FOLLOW
76.28,0.9241,1.5537,-0.1964,-3.1572,2.537,0.9856,1.4552,0.3324,FOLLOW
76.3,0.926,1.5534,-0.2055,-3.1566,2.5387,0.9856,1.4552,0.3312,FOLLOW
76.32,0.9278,1.553,-0.2146,-3.1554,2.542,0.9945,1.4535,0.33,FOLLOW
76.34,0.9296,1.5526,-0.2237,-3.1554,2.542,0.9945,1.4535,0.3288,FOLLOW
76.36,0.9314,1.5521,-0.2327,-3.1547,2.5437,0.9945,1.4535,0.3276,FOLLOW
76.38,0.9332,1.5517,-0.2418,-3.1541,2.5453,0.9945,1.4535,0.3264,FOLLOW
76.4,0.935,1.5512,-0.2509,-3.1527,2.5486,0.9945,1.4535,0.3252,FOLLOW
76.42,0.9367,1.5508,-0.2601,-3.1527,2.5486,1.0032,1.4516,0.3241,FOLLOW
76.44,0.9382,1.5504,-0.2698,-3.1521,2.55,1.0032,1.4516,0.323,FOLLOW
76.46,0.9398,1.55,-0.2798,-3.1515,2.5513,1.0032,1.4516,0.322,FOLLOW
76.48,0.9413,1.5495,-0.2903,-3.1509,2.5527,1.0032,1.4516,0.321,FOLLOW
76.5,0.9428,1.5491,-0.301,-3.1496,2.5553,1.0032,1.4516,0.32,FOLLOW
76.52,0.9442,1.5486,-0.3118,-3.1496,2.5553,1.0105,1.4495,0.3189,FOLLOW
76.54,0.9457,1.5481,-0.3225,-3.149,2.5566,1.0105,1.4495,0.3179,FOLLOW
76.56,0.9472,1.5476,-0.3332,-3.1483,2.5579,1.0105,1.4495,0.3169,FOLLOW
76.58,0.9486,1.5471,-0.3439,-3.1477,2.5592,1.0105,1.4495,0.3158,FOLLOW
76.6,0.9501,1.5465,-0.3547,-3.147,2.5604,1.0105,1.4495,0.3148,FOLLOW
76.62,0.9514,1.5461,-0.3656,-3.1457,2.5627,1.0174,1.4472,0.3139,FOLLOW
76.64,0.9525,1.5456,-0.3769,-3.1457,2.5627,1.0174,1.4472,0.313,FOLLOW
76.66,0.9537,1.5451,-0.3887,-3.1452,2.5636,1.0174,1.4472,0.3122,FOLLOW
76.68,0.9548,1.5447,-0.4009,-3.144,2.5655,1.0174,1.4472,0.3114,FOLLOW
76.7,0.9559,1.5442,-0.4134,-3.144,2.5655,1.0174,1.4472,0.3106,FOLLOW
76.72,0.957,1.5437,-0.426,-3.1434,2.5664,1.0228,1.4451,0.3098,FOLLOW
76.74,0.9581,1.5432,-0.4386,-3.1428,2.5673,1.0228,1.4451,0.309,FOLLOW
76.76,0.9592,1.5427,-0.4512,-3.1422,2.5682,1.0228,1.4451,0.3082,FOLLOW
76.78,0.9603,1.5421,-0.4638,-3.141,2.5699,1.0228,1.4451,0.3073,FOLLOW
76.8,0.9613,1.5416,-0.4764,-3.141,2.5699,1.0228,1.4451,0.3065,FOLLOW
76.82,0.9624,1.541,-0.4888,-3.1404,2.5708,1.0277,1.4428,0.3056,FOLLOW
76.84,0.9636,1.5404,-0.5009,-3.1397,2.5718,1.0277,1.4428,0.3046,FOLLOW
76.86,0.9647,1.5398,-0.5129,-3.1389,2.5727,1.0277,1.4428,0.3037,FOLLOW
76.88,0.9658,1.5391,-0.525,-3.1382,2.5736,1.0277,1.4428,0.3027,FOLLOW
76.9,0.9669,1.5385,-0.5371,-3.1375,2.5745,1.0277,1.4428,0.3017,FOLLOW
76.92,0.968,1.5378,-0.5492,-3.1367,2.5755,1.0328,1.44,0.3007,FOLLOW
76.94,0.9691,1.5371,-0.5612,-3.1359,2.5764,1.0328,1.44,0.2997,FOLLOW
76.96,0.9702,1.5364,-0.5733,-3.1352,2.5773,1.0328,1.44,0.2987,FOLLOW
76.98,0.9713,1.5357,-0.5854,-3.1344,2.5781,1.0328,1.44,0.2977,FOLLOW
77.0,0.9724,1.535,-0.5974,-3.1336,2.579,1.0328,1.44,0.2966,FOLLOW
77.02,0.9735,1.5342,-0.6093,-3.1328,2.5799,1.0388,1.4362,0.2955,FOLLOW
77.04,0.9747,1.5334,-0.6208,-3.1319,2.5808,1.0388,1.4362,0.2943,FOLLOW
77.06,0.9759,1.5325,-0.6318,-3.1309,2.5818,1.0388,1.4362,0.293,FOLLOW
77.08,0.9771,1.5316,-0.6428,-3.1299,2.5828,1.0388,1.4362,0.2918,FOLLOW
77.1,0.9783,1.5307,-0.6538,-3.1289,2.5838,1.0388,1.4362,0.2905,FOLLOW
77.12,0.9795,1.5297,-0.6648,-3.1268,2.5857,1.0433,1.4329,0.2892,FOLLOW
77.14,0.9807,1.5288,-0.6758,-3.1268,2.5857,1.0433,1.4329,0.2879,FOLLOW
77.16,0.9818,1.5279,-0.6867,-3.1258,2.5867,1.0433,1.4329,0.2866,FOLLOW
77.18,0.983,1.5269,-0.6977,-3.1248,2.5876,1.0433,1.4329,0.2853,FOLLOW
77.2,0.9841,1.5259,-0.7087,-3.1237,2.5885,1.0433,1.4329,0.2839,FOLLOW
77.22,0.9853,1.5249,-0.7196,-3.1226,2.5895,1.0487,1.4285,0.2826,FOLLOW
77.24,0.9864,1.5239,-0.7304,-3.1215,2.5904,1.0487,1.4285,0.2812,FOLLOW
77.26,0.9876,1.5229,-0.7413,-3.1204,2.5913,1.0487,1.4285,0.2798,FOLLOW
77.28,0.9887,1.5218,-0.7521,-3.1193,2.5922,1.0487,1.4285,0.2785,FOLLOW
77.3,0.9898,1.5208,-0.763,-3.1182,2.5931,1.054,1.4238,0.2771,FOLLOW
77.32,0.9909,1.5197,-0.7738,-3.117,2.5939,1.054,1.4238,0.2757,FOLLOW
77.34,0.992,1.5187,-0.7847,-3.1159,2.5948,1.054,1.4238,0.2743,FOLLOW
77.36,0.9931,1.5176,-0.7955,-3.1147,2.5956,1.054,1.4238,0.2729,FOLLOW
77.38,0.9941,1.5165,-0.8063,-3.1124,2.5973,1.054,1.4238,0.2715,FOLLOW
77.4,0.9952,1.5154,-0.8172,-3.1124,2.5973,1.054,1.4238,0.27,FOLLOW
77.42,0.9962,1.5142,-0.8278,-3.1112,2.5981,1.0591,1.4187,0.2685,FOLLOW
77.44,0.9974,1.513,-0.8381,-3.11,2.5989,1.0591,1.4187,0.267,FOLLOW
77.46,0.9984,1.5117,-0.8483,-3.1087,2.5998,1.0591,1.4187,0.2654,FOLLOW
77.48,0.9995,1.5105,-0.8585,-3.1073,2.6006,1.0591,1.4187,0.2639,FOLLOW
77.5,1.0006,1.5092,-0.8688,-3.106,2.6015,1.0591,1.4187,0.2623,FOLLOW
77.52,1.0017,1.508,-0.879,-3.1034,2.6031,1.0642,1.413,0.2607,FOLLOW
77.54,1.0027,1.5067,-0.8892,-3.1034,2.6031,1.0642,1.413,0.2591,FOLLOW
77.56,1.0037,1.5054,-0.8994,-3.102,2.6038,1.0642,1.413,0.2576,FOLLOW
77.58,1.0047,1.5041,-0.9096,-3.1007,2.6046,1.0642,1.413,0.256,FOLLOW
77.6,1.0057,1.5028,-0.9199,-3.0993,2.6054,1.0642,1.413,0.2544,FOLLOW
77.62,1.006,1.5024,-0.9299,-3.0979,2.6061,1.0642,1.413,0.2539,FOLLOW
77.64,1.006,1.5024,-0.9394,-3.0978,2.6062,1.0642,1.413,0.254,FOLLOW
77.66,1.0059,1.5026,-0.9484,-3.0978,2.6062,1.0691,1.407,0.2542,FOLLOW_TURN
77.68,1.0058,1.5026,-0.9569,-3.0978,2.6062,1.0691,1.407,0.2543,FOLLOW_TURN
77.7,1.0058,1.5027,-0.965,-3.0978,2.6062,1.0691,1.407,0.2544,FOLLOW_TURN
77.72,1.0056,1.5029,-0.9726,-3.0978,2.6062,1.0701,1.4056,0.2546,FOLLOW_TURN
77.74,1.0054,1.5032,-0.9797,-3.0978,2.6062,1.0701,1.4056,0.255,FOLLOW_TURN
77.76,1.0053,1.5034,-0.9863,-3.0978,2.6062,1.0701,1.4056,0.2553,FOLLOW_TURN
77.78,1.0051,1.5036,-0.9925,-3.0978,2.6062,1.0701,1.4056,0.2556,FOLLOW_TURN
77.8,1.005,1.5038,-0.9982,-3.0978,2.6062,1.0701,1.4056,0.2558,FOLLOW
77.82,1.0051,1.5037,-1.0039,-3.0978,2.6062,1.0701,1.4056,0.2556,FOLLOW
77.84,1.0054,1.5031,-1.01,-3.0976,2.6063,1.0701,1.4056,0.255,FOLLOW
77.86,1.006,1.5023,-1.0162,-3.0963,2.6069,1.0701,1.4056,0.254,FOLLOW
77.88,1.0065,1.5014,-1.0224,-3.0954,2.6073,1.0701,1.4056,0.253,FOLLOW
77.9,1.0071,1.5005,-1.0286,-3.0954,2.6073,1.0701,1.4056,0.2519,FOLLOW
77.92,1.0077,1.4994,-1.0351,-3.0944,2.6077,1.0715,1.4033,0.2507,FOLLOW
77.94,1.0086,1.4981,-1.0421,-3.0934,2.6082,1.0715,1.4033,0.2491,FOLLOW
77.96,1.0094,1.4966,-1.0495,-3.0908,2.6093,1.0715,1.4033,0.2474,FOLLOW
77.98,1.0102,1.4952,-1.0574,-3.0908,2.6093,1.0715,1.4033,0.2458,FOLLOW
78.0,1.011,1.4938,-1.0657,-3.0895,2.6098,1.0715,1.4033,0.2442,FOLLOW
78.02,1.0118,1.4925,-1.0745,-3.0883,2.6103,1.0754,1.3967,0.2426,FOLLOW
78.04,1.0125,1.4912,-1.0837,-3.0872,2.6107,1.0754,1.3967,0.2411,FOLLOW
78.06,1.0131,1.4899,-1.0934,-3.0862,2.611,1.0754,1.3967,0.2396,FOLLOW
78.08,1.0138,1.4886,-1.1036,-3.0852,2.6114,1.0754,1.3967,0.2382,FOLLOW
78.1,1.0144,1.4873,-1.1142,-3.0842,2.6117,1.0754,1.3967,0.2367,FOLLOW
78.12,1.015,1.4861,-1.1252,-3.0831,2.6121,1.0774,1.3928,0.2353,FOLLOW
78.14,1.0156,1.4849,-1.1367,-3.0811,2.6127,1.0774,1.3928,0.234,FOLLOW
78.16,1.0161,1.4837,-1.1487,-3.0811,2.6127,1.0774,1.3928,0.2326,FOLLOW
78.18,1.0166,1.4825,-1.1611,-3.079,2.6132,1.0774,1.3928,0.2313,FOLLOW
78.2,1.0171,1.4813,-1.1739,-3.079,2.6132,1.0774,1.3928,0.23,FOLLOW
78.22,1.0172,1.4809,-1.1868,-3.0779,2.6135,1.0797,1.3879,0.2296,FOLLOW_TURN
78.24,1.0172,1.4809,-1.1992,-3.0778,2.6135,1.0797,1.3879,0.2295,FOLLOW_TURN
78.26,1.0171,1.481,-1.2111,-3.0778,2.6135,1.0797,1.3879,0.2296,FOLLOW_TURN
78.28,1.0171,1.481,-1.2226,-3.0778,2.6135,1.0797,1.3879,0.2296,FOLLOW_TURN
78.3,1.0171,1.4811,-1.2337,-3.0778,2.6135,1.0801,1.3868,0.2295,FOLLOW_TURN
78.32,1.017,1.4812,-1.2443,-3.0778,2.6135,1.0801,1.3868,0.2296,FOLLOW_TURN
78.34,1.0169,1.4815,-1.2545,-3.0778,2.6135,1.0801,1.3868,0.2298,FOLLOW_TURN
78.36,1.0168,1.4817,-1.2642,-3.0778,2.6135,1.0801,1.3868,0.23,FOLLOW_TURN
78.38,1.0168,1.4819,-1.2736,-3.0778,2.6135,1.0801,1.3868,0.2302,FOLLOW_TURN
78.4,1.0167,1.4821,-1.2825,-3.0778,2.6135,1.0801,1.3868,0.2303,FOLLOW_TURN
78.42,1.0166,1.4824,-1.291,-3.0778,2.6135,1.0801,1.3868,0.2306,FOLLOW_TURN
78.44,1.0165,1.4829,-1.2991,-3.0778,2.6135,1.0801,1.3868,0.2309,FOLLOW_TURN
78.46,1.0164,1.4833,-1.3067,-3.0778,2.6135,1.0801,1.3868,0.2313,FOLLOW_TURN
78.48,1.0163,1.4837,-1.314,-3.0778,2.6135,1.0801,1.3868,0.2316,FOLLOW_TURN
78.5,1.0162,1.484,-1.3208,-3.0778,2.6135,1.0801,1.3868,0.2319,FOLLOW_TURN
78.52,1.016,1.4845,-1.3272,-3.0778,2.6135,1.0801,1.3868,0.2323,FOLLOW_TURN
78.54,1.0159,1.4851,-1.3332,-3.0778,2.6135,1.0801,1.3868,0.2329,FOLLOW_TURN
78.56,1.0157,1.4857,-1.3387,-3.0778,2.6135,1.0801,1.3868,0.2334,FOLLOW_TURN
78.58,1.0156,1.4862,-1.3439,-3.0778,2.6135,1.0801,1.3868,0.2339,FOLLOW_TURN
78.6,1.0155,1.4867,-1.3487,-3.0778,2.6135,1.0801,1.3868,0.2344,FOLLOW_TURN
78.62,1.0153,1.4874,-1.353,-3.0778,2.6135,1.0801,1.3868,0.235,FOLLOW_TURN
78.64,1.0151,1.4882,-1.357,-3.0778,2.6135,1.0801,1.3868,0.2357,FOLLOW_TURN
78.66,1.015,1.4889,-1.3605,-3.0778,2.6135,1.0801,1.3868,0.2364,FOLLOW_TURN
78.68,1.0148,1.4897,-1.3637,-3.0778,2.6135,1.0801,1.3868,0.2371,FOLLOW_TURN
78.7,1.0147,1.4904,-1.3664,-3.0778,2.6135,1.0801,1.3868,0.2378,FOLLOW_TURN
78.72,1.0145,1.4912,-1.3687,-3.0778,2.6135,1.0801,1.3868,0.2386,FOLLOW_TURN
78.74,1.0143,1.4921,-1.3707,-3.0778,2.6135,1.0801,1.3868,0.2395,FOLLOW_TURN
78.76,1.0141,1.4931,-1.3722,-3.0778,2.6135,1.0801,1.3868,0.2404,FOLLOW_TURN
78.78,1.0139,1.494,-1.3733,-3.0778,2.6135,1.0801,1.3868,0.2412,FOLLOW_TURN
78.8,1.0137,1.4948,-1.374,-3.0778,2.6135,1.0801,1.3868,0.2421,FOLLOW_TURN
78.82,1.0135,1.4958,-1.3744,-3.0778,2.6135,1.0801,1.3868,0.243,FOLLOW_TURN
78.84,1.0133,1.4967,-1.3743,-3.0778,2.6135,1.0801,1.3868,0.2439,FOLLOW_TURN
78.86,1.0132,1.4976,-1.3738,-3.0778,2.6135,1.0801,1.3868,0.2448,FOLLOW_TURN
78.88,1.013,1.4985,-1.373,-3.0778,2.6135,1.0801,1.3868,0.2456,FOLLOW_TURN
78.9,1.0128,1.4994,-1.3717,-3.0778,2.6135,1.0801,1.3868,0.2465,FOLLOW_TURN
78.92,1.0127,1.5002,-1.3701,-3.0778,2.6135,1.0801,1.3868,0.2473,FOLLOW_TURN
78.94,1.0125,1.501,-1.3681,-3.0778,2.6135,1.0801,1.3868,0.2481,FOLLOW_TURN
78.96,1.0123,1.5018,-1.3656,-3.0778,2.6135,1.0801,1.3868,0.2489,FOLLOW_TURN
78.98,1.0122,1.5025,-1.3628,-3.0778,2.6135,1.0801,1.3868,0.2496,FOLLOW_TURN
79.002,1.012,1.5032,-1.3596,-3.0778,2.6135,1.0801,1.3868,0.2504,FOLLOW_TURN
79.02,1.0119,1.5039,-1.356,-3.0778,2.6135,1.0801,1.3868,0.2511,FOLLOW_TURN
79.04,1.0117,1.5046,-1.352,-3.0778,2.6135,1.0801,1.3868,0.2517,FOLLOW_TURN
79.06,1.0116,1.5052,-1.3476,-3.0778,2.6135,1.0801,1.3868,0.2524,FOLLOW_TURN
79.08,1.0115,1.5058,-1.3427,-3.0778,2.6135,1.0801,1.3868,0.253,FOLLOW_TURN
79.1,1.0113,1.5064,-1.3375,-3.0778,2.6135,1.0801,1.3868,0.2537,FOLLOW_TURN
79.118,1.0112,1.5069,-1.3319,-3.0778,2.6135,1.0801,1.3868,0.2542,FOLLOW_TURN
79.14,1.0111,1.5074,-1.3259,-3.0778,2.6135,1.0801,1.3868,0.2548,FOLLOW_TURN
79.16,1.0109,1.5079,-1.3195,-3.0778,2.6135,1.0801,1.3868,0.2553,FOLLOW_TURN
79.18,1.0108,1.5084,-1.3126,-3.0778,2.6135,1.0801,1.3868,0.2559,FOLLOW_TURN
79.2,1.0107,1.5088,-1.3054,-3.0778,2.6135,1.0801,1.3868,0.2563,FOLLOW_TURN
79.22,1.0106,1.5092,-1.2978,-3.0778,2.6135,1.0801,1.3868,0.2568,FOLLOW_TURN
79.24,1.0105,1.5096,-1.2897,-3.0778,2.6135,1.0801,1.3868,0.2572,FOLLOW_TURN
79.26,1.0104,1.5099,-1.2812,-3.0778,2.6135,1.0801,1.3868,0.2577,FOLLOW_TURN
79.28,1.0103,1.5103,-1.2723,-3.0778,2.6135,1.0801,1.3868,0.258,FOLLOW_TURN
79.3,1.0102,1.5105,-1.263,-3.0778,2.6135,1.0801,1.3868,0.2584,FOLLOW_TURN
79.32,1.0101,1.5108,-1.2533,-3.0778,2.6135,1.0801,1.3868,0.2587,FOLLOW_TURN
79.34,1.0101,1.511,-1.2432,-3.0778,2.6135,1.0801,1.3868,0.259,FOLLOW_TURN
79.36,1.01,1.5112,-1.2326,-3.0778,2.6135,1.0801,1.3868,0.2593,FOLLOW_TURN
79.38,1.01,1.5114,-1.2216,-3.0778,2.6135,1.0801,1.3868,0.2595,FOLLOW_TURN
79.4,1.0099,1.5115,-1.2102,-3.0778,2.6135,1.0801,1.3868,0.2597,FOLLOW_TURN
79.42,1.0099,1.5116,-1.1983,-3.0778,2.6135,1.0801,1.3868,0.2599,FOLLOW_TURN
79.44,1.0098,1.5117,-1.1863,-3.0778,2.6135,1.0801,1.3868,0.26,FOLLOW_TURN
79.46,1.0098,1.5118,-1.1743,-3.0778,2.6135,1.0801,1.3868,0.2602,FOLLOW_TURN
79.48,1.0097,1.5119,-1.1623,-3.0778,2.6135,1.0801,1.3868,0.2603,FOLLOW_TURN
79.5,1.0097,1.512,-1.1503,-3.0778,2.6135,1.0801,1.3868,0.2605,FOLLOW_TURN
79.52,1.0097,1.5121,-1.1383,-3.0778,2.6135,1.0801,1.3868,0.2606,FOLLOW_TURN
79.54,1.0096,1.5122,-1.1263,-3.0778,2.6135,1.0801,1.3868,0.2607,FOLLOW_TURN
79.56,1.0096,1.5123,-1.1143,-3.0778,2.6135,1.0801,1.3868,0.2609,FOLLOW_TURN
79.58,1.0095,1.5124,-1.1023,-3.0778,2.6135,1.0801,1.3868,0.261,FOLLOW_TURN
79.6,1.0095,1.5125,-1.0903,-3.0778,2.6135,1.0801,1.3868,0.2611,FOLLOW_TURN
79.62,1.0094,1.5126,-1.0783,-3.0778,2.6135,1.0801,1.3868,0.2612,FOLLOW_TURN
79.64,1.0094,1.5127,-1.0663,-3.0778,2.6135,1.0801,1.3868,0.2614,FOLLOW_TURN
79.66,1.0093,1.5128,-1.0543,-3.0778,2.6135,1.0801,1.3868,0.2615,FOLLOW_TURN
79.68,1.0093,1.5129,-1.0423,-3.0778,2.6135,1.0801,1.3868,0.2616,FOLLOW_TURN
79.7,1.0092,1.513,-1.0303,-3.0778,2.6135,1.0801,1.3868,0.2617,FOLLOW_TURN
79.718,1.0092,1.5131,-1.0183,-3.0778,2.6135,1.0801,1.3868,0.2618,FOLLOW_TURN
79.74,1.0091,1.5132,-1.0063,-3.0778,2.6135,1.0801,1.3868,0.2619,FOLLOW_TURN
79.76,1.0091,1.5133,-0.9943,-3.0778,2.6135,1.0801,1.3868,0.2619,FOLLOW_TURN
79.78,1.009,1.5134,-0.9823,-3.0778,2.6135,1.0801,1.3868,0.262,FOLLOW_TURN
79.8,1.009,1.5135,-0.9703,-3.0778,2.6135,1.0801,1.3868,0.2621,FOLLOW_TURN
79.82,1.009,1.5134,-0.9586,-3.0778,2.6135,1.0801,1.3868,0.262,FOLLOW_TURN
79.84,1.0094,1.5131,-0.9473,-3.0777,2.6136,1.0801,1.3868,0.2615,FOLLOW_TURN
79.86,1.01,1.5124,-0.9366,-3.0773,2.6141,1.0801,1.3868,0.2606,FOLLOW
79.88,1.0107,1.5115,-0.9263,-3.0767,2.6148,1.0801,1.3868,0.2594,FOLLOW
79.9,1.0113,1.5107,-0.9166,-3.0761,2.6156,1.0801,1.3868,0.2584,FOLLOW
79.92,1.0121,1.5097,-0.9073,-3.0754,2.6163,1.0817,1.3846,0.2571,FOLLOW
79.94,1.0129,1.5087,-0.8985,-3.0748,2.6172,1.0817,1.3846,0.2557,FOLLOW
79.96,1.0138,1.5076,-0.8902,-3.0741,2.618,1.0817,1.3846,0.2543,FOLLOW
79.98,1.0146,1.5066,-0.8824,-3.0734,2.6189,1.0817,1.3846,0.253,FOLLOW
80.0,1.0154,1.5056,-0.875,-3.0727,2.6197,1.0817,1.3846,0.2517,FOLLOW
80.02,1.0155,1.5055,-0.8677,-3.0721,2.6205,1.085,1.3805,0.2515,FOLLOW_TURN
80.04,1.0155,1.5055,-0.86,-3.072,2.6206,1.085,1.3805,0.2515,FOLLOW_TURN
80.06,1.0155,1.5056,-0.852,-3.072,2.6206,1.085,1.3805,0.2515,FOLLOW_TURN
80.08,1.0154,1.5056,-0.844,-3.072,2.6206,1.085,1.3805,0.2515,FOLLOW_TURN
80.1,1.0154,1.5057,-0.836,-3.072,2.6206,1.085,1.3805,0.2515,FOLLOW_TURN
80.122,1.0152,1.5059,-0.8277,-3.072,2.6206,1.0858,1.3796,0.2517,FOLLOW_TURN
80.14,1.015,1.5061,-0.819,-3.072,2.6206,1.0858,1.3796,0.252,FOLLOW_TURN
80.16,1.0148,1.5063,-0.8098,-3.072,2.6206,1.0858,1.3796,0.2522,FOLLOW_TURN
80.18,1.0146,1.5065,-0.8001,-3.072,2.6206,1.0858,1.3796,0.2524,FOLLOW_TURN
80.2,1.0144,1.5067,-0.79,-3.072,2.6206,1.0858,1.3796,0.2526,FOLLOW_TURN
80.22,1.0143,1.5069,-0.7794,-3.072,2.6206,1.0858,1.3796,0.2527,FOLLOW_TURN
80.24,1.0141,1.507,-0.7683,-3.072,2.6206,1.0858,1.3796,0.2528,FOLLOW_TURN
80.26,1.014,1.5071,-0.7567,-3.072,2.6206,1.0858,1.3796,0.2528,FOLLOW_TURN
80.28,1.014,1.5072,-0.7448,-3.072,2.6206,1.0858,1.3796,0.2528,FOLLOW_TURN
80.3,1.0139,1.5072,-0.7328,-3.072,2.6206,1.0858,1.3796,0.2528,FOLLOW_TURN
80.32,1.0138,1.5073,-0.7208,-3.072,2.6206,1.0858,1.3796,0.2528,FOLLOW_TURN
80.34,1.0137,1.5074,-0.7088,-3.072,2.6206,1.0858,1.3796,0.2527,FOLLOW_TURN
80.36,1.0137,1.5074,-0.6968,-3.072,2.6206,1.0858,1.3796,0.2527,FOLLOW_TURN
80.38,1.0136,1.5075,-0.6848,-3.072,2.6206,1.0858,1.3796,0.2527,FOLLOW_TURN
80.4,1.0135,1.5076,-0.6728,-3.072,2.6206,1.0858,1.3796,0.2527,FOLLOW_TURN
80.42,1.0134,1.5077,-0.6608,-3.072,2.6206,1.0858,1.3796,0.2526,FOLLOW_TURN
80.44,1.0133,1.5077,-0.6488,-3.072,2.6206,1.0858,1.3796,0.2526,FOLLOW_TURN
80.46,1.0132,1.5078,-0.6368,-3.072,2.6206,1.0858,1.3796,0.2525,FOLLOW_TURN
80.48,1.0132,1.5079,-0.6248,-3.072,2.6206,1.0858,1.3796,0.2525,FOLLOW_TURN
80.5,1.0131,1.5079,-0.6128,-3.072,2.6206,1.0858,1.3796,0.2524,FOLLOW_TURN
80.52,1.013,1.508,-0.6008,-3.072,2.6206,1.0858,1.3796,0.2524,FOLLOW_TURN
80.54,1.0129,1.5081,-0.5888,-3.072,2.6206,1.0858,1.3796,0.2523,FOLLOW_TURN
80.56,1.0128,1.5081,-0.5768,-3.072,2.6206,1.0858,1.3796,0.2522,FOLLOW_TURN
80.58,1.0127,1.5082,-0.5648,-3.072,2.6206,1.0858,1.3796,0.2522,FOLLOW_TURN
80.6,1.0126,1.5082,-0.5528,-3.072,2.6206,1.0858,1.3796,0.2521,FOLLOW_TURN
80.62,1.0125,1.5083,-0.5408,-3.072,2.6206,1.0858,1.3796,0.252,FOLLOW_TURN
80.64,1.0125,1.5084,-0.5288,-3.072,2.6206,1.0858,1.3796,0.2519,FOLLOW_TURN
80.66,1.0124,1.5084,-0.5168,-3.072,2.6206,1.0858,1.3796,0.2518,FOLLOW_TURN
80.68,1.0123,1.5085,-0.5048,-3.072,2.6206,1.0858,1.3796,0.2517,FOLLOW_TURN
80.7,1.0122,1.5085,-0.4928,-3.072,2.6206,1.0858,1.3796,0.2516,FOLLOW_TURN
80.72,1.0121,1.5086,-0.4808,-3.072,2.6206,1.0858,1.3796,0.2515,FOLLOW_TURN
80.74,1.012,1.5086,-0.4688,-3.072,2.6206,1.0858,1.3796,0.2514,FOLLOW_TURN
80.76,1.0119,1.5087,-0.4568,-3.072,2.6206,1.0858,1.3796,0.2513,FOLLOW_TURN
80.78,1.0118,1.5087,-0.4448,-3.072,2.6206,1.0858,1.3796,0.2512,FOLLOW_TURN
80.8,1.0117,1.5088,-0.4328,-3.072,2.6206,1.0858,1.3796,0.2511,FOLLOW_TURN
80.82,1.0116,1.5088,-0.4208,-3.072,2.6206,1.0858,1.3796,0.2509,FOLLOW_TURN
80.84,1.0115,1.5089,-0.4088,-3.072,2.6206,1.0858,1.3796,0.2508,FOLLOW_TURN
80.86,1.0114,1.5089,-0.3968,-3.072,2.6206,1.0858,1.3796,0.2507,FOLLOW_TURN
80.88,1.0113,1.509,-0.3848,-3.072,2.6206,1.0858,1.3796,0.2505,FOLLOW_TURN
80.9,1.0112,1.509,-0.3728,-3.072,2.6206,1.0858,1.3796,0.2504,FOLLOW_TURN
80.92,1.0111,1.509,-0.3608,-3.072,2.6206,1.0858,1.3796,0.2503,FOLLOW_TURN
80.94,1.011,1.5091,-0.3488,-3.072,2.6206,1.0858,1.3796,0.2501,FOLLOW_TURN
80.96,1.0109,1.5091,-0.3368,-3.072,2.6206,1.0858,1.3796,0.2499,FOLLOW_TURN
80.98,1.0108,1.5092,-0.3248,-3.072,2.6206,1.0858,1.3796,0.2498,FOLLOW_TURN
81.0,1.0107,1.5092,-0.3128,-3.072,2.6206,1.0858,1.3796,0.2496,FOLLOW_TURN
81.02,1.0107,1.5091,-0.301,-3.072,2.6206,1.0858,1.3796,0.2493,FOLLOW_TURN
81.04,1.0111,1.5089,-0.2897,-3.072,2.6214,1.0858,1.3796,0.2487,FOLLOW_TURN
81.06,1.0117,1.5086,-0.2788,-3.072,2.6214,1.0858,1.3796,0.2479,FOLLOW
81.08,1.0126,1.5083,-0.2684,-3.0718,2.6233,1.0858,1.3796,0.2469,FOLLOW
81.1,1.0137,1.508,-0.2584,-3.0718,2.6233,1.0858,1.3796,0.2459,FOLLOW
81.12,1.0148,1.5077,-0.2488,-3.0718,2.6243,1.0884,1.3788,0.2448,FOLLOW
81.14,1.0163,1.5072,-0.2397,-3.0717,2.6255,1.0884,1.3788,0.2434,FOLLOW
81.16,1.018,1.5067,-0.2311,-3.0717,2.6271,1.0884,1.3788,0.2419,FOLLOW
81.18,1.0201,1.5062,-0.2228,-3.0716,2.629,1.0884,1.3788,0.2402,FOLLOW
81.198,1.0223,1.5057,-0.215,-3.0715,2.631,1.0884,1.3788,0.2385,FOLLOW
81.22,1.0246,1.5051,-0.2076,-3.0714,2.6352,1.0978,1.3765,0.2366,FOLLOW
81.24,1.0272,1.5045,-0.2006,-3.0714,2.6352,1.0978,1.3765,0.2346,FOLLOW
81.26,1.0301,1.5039,-0.1941,-3.0713,2.6406,1.0978,1.3765,0.2324,FOLLOW
81.28,1.0332,1.5033,-0.188,-3.0713,2.6406,1.0978,1.3765,0.2301,FOLLOW
81.3,1.0364,1.5027,-0.1823,-3.0712,2.6434,1.0978,1.3765,0.2279,FOLLOW
81.32,1.0396,1.5021,-0.177,-3.0711,2.649,1.1079,1.3745,0.2256,FOLLOW
81.34,1.0431,1.5015,-0.1721,-3.0711,2.649,1.1079,1.3745,0.2233,FOLLOW
81.36,1.0465,1.5009,-0.1676,-3.071,2.6518,1.1079,1.3745,0.221,FOLLOW
81.38,1.0498,1.5003,-0.1634,-3.0709,2.6546,1.1079,1.3745,0.2187,FOLLOW
81.4,1.0532,1.4998,-0.1597,-3.0707,2.6602,1.1217,1.372,0.2165,FOLLOW
81.42,1.0564,1.4993,-0.1563,-3.0707,2.6602,1.1217,1.372,0.2145,FOLLOW
81.44,1.0598,1.4987,-0.1534,-3.0704,2.6666,1.1217,1.372,0.2123,FOLLOW
81.46,1.0635,1.4981,-0.1508,-3.0704,2.6666,1.1217,1.372,0.2099,FOLLOW
81.48,1.0672,1.4976,-0.1487,-3.0703,2.6701,1.1217,1.372,0.2077,FOLLOW
81.5,1.0709,1.497,-0.1469,-3.0701,2.6737,1.1217,1.372,0.2054,FOLLOW
81.52,1.0746,1.4965,-0.1455,-3.0699,2.6773,1.1379,1.3695,0.2032,FOLLOW
81.54,1.0782,1.496,-0.1444,-3.0698,2.6809,1.1379,1.3695,0.2011,FOLLOW
81.56,1.0818,1.4954,-0.1438,-3.0696,2.6845,1.1379,1.3695,0.199,FOLLOW
81.58,1.0854,1.4949,-0.1435,-3.0695,2.6881,1.1379,1.3695,0.1969,FOLLOW
81.6,1.0889,1.4944,-0.1436,-3.0693,2.6917,1.1379,1.3695,0.1949,FOLLOW
81.62,1.0925,1.4939,-0.1437,-3.0691,2.6953,1.1557,1.3669,0.1929,FOLLOW
81.64,1.096,1.4934,-0.1438,-3.069,2.6988,1.1557,1.3669,0.1909,FOLLOW
81.66,1.0996,1.4929,-0.1439,-3.0688,2.7024,1.1557,1.3669,0.1889,FOLLOW
81.68,1.1031,1.4924,-0.144,-3.0687,2.706,1.1557,1.3669,0.187,FOLLOW
81.7,1.1066,1.4918,-0.1441,-3.0685,2.7096,1.1557,1.3669,0.1851,FOLLOW
81.72,1.1102,1.4913,-0.1442,-3.0683,2.7131,1.1734,1.3642,0.1831,FOLLOW
81.74,1.1137,1.4908,-0.1444,-3.0682,2.7167,1.1734,1.3642,0.1812,FOLLOW
81.76,1.1173,1.4903,-0.1445,-3.068,2.7203,1.1734,1.3642,0.1794,FOLLOW
81.78,1.1208,1.4898,-0.1446,-3.0678,2.7239,1.1734,1.3642,0.1775,FOLLOW
81.8,1.1243,1.4893,-0.1447,-3.0677,2.7274,1.1734,1.3642,0.1756,FOLLOW
81.82,1.1276,1.4888,-0.1447,-3.0675,2.731,1.1911,1.3616,0.174,FOLLOW
81.84,1.1307,1.4884,-0.1442,-3.0674,2.7343,1.1911,1.3616,0.1724,FOLLOW
81.86,1.1338,1.4879,-0.1434,-3.0672,2.7375,1.1911,1.3616,0.1708,FOLLOW
81.88,1.1369,1.4875,-0.1421,-3.0671,2.7407,1.1911,1.3616,0.1691,FOLLOW
81.9,1.1401,1.487,-0.1406,-3.0668,2.7472,1.2074,1.3592,0.1675,FOLLOW
81.92,1.1433,1.4866,-0.1387,-3.0668,2.7472,1.2074,1.3592,0.1659,FOLLOW
81.94,1.1464,1.4861,-0.1369,-3.0667,2.7504,1.2074,1.3592,0.1643,FOLLOW
81.96,1.1496,1.4857,-0.135,-3.0666,2.7536,1.2074,1.3592,0.1627,FOLLOW
81.98,1.1528,1.4853,-0.1331,-3.0664,2.7601,1.2074,1.3592,0.1612,FOLLOW
82.0,1.156,1.4848,-0.1313,-3.0664,2.7601,1.2074,1.3592,0.1596,FOLLOW
82.02,1.159,1.4845,-0.1293,-3.0663,2.7633,1.2234,1.357,0.1582,FOLLOW
82.04,1.1619,1.4841,-0.1268,-3.0662,2.7693,1.2234,1.357,0.1568,FOLLOW
82.06,1.1648,1.4837,-0.1241,-3.0662,2.7693,1.2234,1.357,0.1555,FOLLOW
82.08,1.1678,1.4834,-0.1211,-3.0661,2.7723,1.2234,1.357,0.1541,FOLLOW
82.1,1.1707,1.483,-0.1181,-3.0661,2.7753,1.2234,1.357,0.1527,FOLLOW
82.122,1.1737,1.4826,-0.1151,-3.066,2.7783,1.2385,1.355,0.1514,FOLLOW
82.14,1.1766,1.4823,-0.1121,-3.066,2.7813,1.2385,1.355,0.1501,FOLLOW
82.16,1.1796,1.482,-0.1091,-3.066,2.7843,1.2385,1.355,0.1488,FOLLOW
82.18,1.1826,1.4817,-0.1062,-3.0659,2.7903,1.2385,1.355,0.1475,FOLLOW
82.2,1.1855,1.4814,-0.1032,-3.0659,2.7903,1.2385,1.355,0.1463,FOLLOW
82.22,1.1883,1.4811,-0.1,-3.0659,2.7934,1.2535,1.3533,0.1451,FOLLOW
82.24,1.1911,1.4808,-0.0965,-3.066,2.7962,1.2535,1.3533,0.1439,FOLLOW
82.26,1.194,1.4805,-0.0928,-3.066,2.7991,1.2535,1.3533,0.1428,FOLLOW
82.28,1.1968,1.4803,-0.0891,-3.066,2.802,1.2535,1.3533,0.1417,FOLLOW
82.3,1.1996,1.48,-0.0854,-3.0661,2.8048,1.2535,1.3533,0.1406,FOLLOW
82.32,1.2024,1.4798,-0.0818,-3.0661,2.8077,1.2679,1.3519,0.1395,FOLLOW
82.34,1.2052,1.4796,-0.0781,-3.0662,2.8105,1.2679,1.3519,0.1384,FOLLOW
82.36,1.2081,1.4793,-0.0744,-3.0663,2.8163,1.2679,1.3519,0.1374,FOLLOW
82.38,1.2109,1.4791,-0.0707,-3.0663,2.8163,1.2679,1.3519,0.1364,FOLLOW
82.4,1.2137,1.4789,-0.067,-3.0664,2.8191,1.2679,1.3519,0.1354,FOLLOW
82.42,1.2164,1.4788,-0.0632,-3.0665,2.822,1.285,1.3505,0.1345,FOLLOW
82.44,1.2192,1.4786,-0.0591,-3.0668,2.8275,1.285,1.3505,0.1335,FOLLOW
82.46,1.2219,1.4784,-0.055,-3.0668,2.8275,1.285,1.3505,0.1327,FOLLOW
82.48,1.2247,1.4783,-0.0508,-3.0671,2.8331,1.285,1.3505,0.1318,FOLLOW
82.5,1.2274,1.4782,-0.0467,-3.0671,2.8331,1.285,1.3505,0.1309,FOLLOW
82.52,1.2301,1.4781,-0.0426,-3.0672,2.8359,1.2961,1.3498,0.1301,FOLLOW
82.54,1.2329,1.4779,-0.0385,-3.0676,2.8414,1.2961,1.3498,0.1293,FOLLOW
82.56,1.2356,1.4778,-0.0344,-3.0676,2.8414,1.2961,1.3498,0.1285,FOLLOW
82.58,1.2384,1.4778,-0.0303,-3.0678,2.8442,1.2961,1.3498,0.1278,FOLLOW
82.6,1.2411,1.4777,-0.0262,-3.068,2.847,1.2961,1.3498,0.1271,FOLLOW
82.62,1.2437,1.4776,-0.0219,-3.0682,2.8497,1.31,1.3493,0.1264,FOLLOW
82.64,1.2464,1.4776,-0.0174,-3.0684,2.8524,1.31,1.3493,0.1257,FOLLOW
82.66,1.249,1.4775,-0.0128,-3.0686,2.8551,1.31,1.3493,0.1251,FOLLOW
82.68,1.2517,1.4775,-0.0083,-3.0689,2.8578,1.31,1.3493,0.1245,FOLLOW
82.7,1.2543,1.4775,-0.0037,-3.0691,2.8604,1.31,1.3493,0.1239,FOLLOW
82.72,1.257,1.4775,0.0009,-3.0694,2.8631,1.3235,1.349,0.1233,FOLLOW
82.74,1.2596,1.4775,0.0054,-3.0697,2.8658,1.3235,1.349,0.1228,FOLLOW
82.76,1.2623,1.4775,0.01,-3.07,2.8685,1.3235,1.349,0.1223,FOLLOW
82.78,1.2649,1.4775,0.0146,-3.0703,2.8711,1.3235,1.349,0.1218,FOLLOW
82.8,1.2676,1.4776,0.0191,-3.0709,2.8765,1.3235,1.349,0.1213,FOLLOW
82.82,1.2701,1.4776,0.0238,-3.0713,2.8791,1.3369,1.349,0.1209,FOLLOW
82.84,1.2727,1.4777,0.0288,-3.0713,2.8791,1.3369,1.349,0.1205,FOLLOW
82.86,1.2753,1.4778,0.0337,-3.0716,2.8817,1.3369,1.349,0.1201,FOLLOW
82.88,1.2778,1.4779,0.0387,-3.072,2.8842,1.3369,1.349,0.1197,FOLLOW
82.9,1.2804,1.478,0.0436,-3.0724,2.8868,1.3369,1.349,0.1194,FOLLOW
82.92,1.283,1.4781,0.0486,-3.0727,2.8894,1.3501,1.3494,0.1191,FOLLOW
82.94,1.2855,1.4782,0.0535,-3.0731,2.892,1.3501,1.3494,0.1188,FOLLOW
82.96,1.2881,1.4784,0.0584,-3.0736,2.8946,1.3501,1.3494,0.1185,FOLLOW
82.98,1.2906,1.4785,0.0634,-3.074,2.8971,1.3501,1.3494,0.1183,FOLLOW
83.0,1.2932,1.4787,0.0683,-3.0744,2.8997,1.3501,1.3494,0.1181,FOLLOW
83.02,1.2957,1.4789,0.0734,-3.0749,2.9023,1.3631,1.35,0.1179,FOLLOW
83.04,1.2982,1.4791,0.0787,-3.0753,2.9048,1.3631,1.35,0.1178,FOLLOW
83.06,1.3007,1.4793,0.084,-3.0758,2.9073,1.3631,1.35,0.1176,FOLLOW
83.08,1.3031,1.4795,0.0893,-3.0762,2.9098,1.3631,1.35,0.1175,FOLLOW
83.1,1.3056,1.4797,0.0946,-3.0767,2.9123,1.3631,1.35,0.1174,FOLLOW
83.12,1.3081,1.48,0.1,-3.0778,2.9173,1.3758,1.351,0.1174,FOLLOW
83.148,1.3106,1.4802,0.1053,-3.0778,2.9173,1.3758,1.351,0.1173,FOLLOW
83.162,1.3131,1.4805,0.1106,-3.0788,2.9222,1.3758,1.351,0.1173,FOLLOW
83.18,1.3155,1.4808,0.1159,-3.0794,2.9247,1.3758,1.351,0.1174,FOLLOW
83.2,1.318,1.4811,0.1212,-3.0799,2.9272,1.3885,1.3523,0.1174,FOLLOW
83.22,1.3205,1.4814,0.1264,-3.0799,2.9272,1.3885,1.3523,0.1175,FOLLOW
83.24,1.323,1.4817,0.1317,-3.0805,2.9297,1.3885,1.3523,0.1176,FOLLOW
83.262,1.3255,1.482,0.1369,-3.0817,2.9346,1.3885,1.3523,0.1177,FOLLOW
83.28,1.3279,1.4824,0.1421,-3.0817,2.9346,1.3885,1.3523,0.1179,FOLLOW
83.3,1.3304,1.4828,0.1473,-3.0824,2.9371,1.3885,1.3523,0.1181,FOLLOW
83.32,1.3329,1.4831,0.1526,-3.083,2.9396,1.4011,1.3539,0.1183,FOLLOW
83.34,1.3354,1.4835,0.1578,-3.0836,2.942,1.4011,1.3539,0.1185,FOLLOW
83.36,1.3379,1.4839,0.163,-3.0843,2.9445,1.4011,1.3539,0.1188,FOLLOW
83.382,1.3403,1.4843,0.1682,-3.085,2.947,1.4011,1.3539,0.1191,FOLLOW
83.4,1.3428,1.4848,0.1734,-3.0857,2.9494,1.4011,1.3539,0.1194,FOLLOW
83.42,1.3454,1.4852,0.1785,-3.0871,2.9544,1.4137,1.3559,0.1197,FOLLOW
83.44,1.348,1.4857,0.1832,-3.0871,2.9544,1.4137,1.3559,0.1202,FOLLOW
83.46,1.3506,1.4862,0.1878,-3.0879,2.957,1.4137,1.3559,0.1206,FOLLOW
83.48,1.3531,1.4867,0.1925,-3.0886,2.9596,1.4137,1.3559,0.1211,FOLLOW
83.5,1.3557,1.4872,0.1971,-3.0894,2.9621,1.4137,1.3559,0.1215,FOLLOW
83.518,1.3583,1.4877,0.2017,-3.0902,2.9647,1.4294,1.3588,0.1221,FOLLOW
83.54,1.3609,1.4883,0.2063,-3.091,2.9672,1.4294,1.3588,0.1226,FOLLOW
83.56,1.3635,1.4888,0.2109,-3.0918,2.9698,1.4294,1.3588,0.1232,FOLLOW
83.58,1.366,1.4894,0.2155,-3.0927,2.9723,1.4294,1.3588,0.1238,FOLLOW
83.6,1.3686,1.4899,0.2202,-3.0935,2.9749,1.4294,1.3588,0.1244,FOLLOW
83.618,1.3712,1.4905,0.2249,-3.0944,2.9774,1.4399,1.361,0.125,FOLLOW
83.64,1.3737,1.4911,0.2296,-3.0961,2.9824,1.4399,1.361,0.1257,FOLLOW
83.66,1.3762,1.4917,0.2344,-3.097,2.9849,1.4399,1.361,0.1264,FOLLOW
83.68,1.3788,1.4923,0.2391,-3.097,2.9849,1.4399,1.361,0.1271,FOLLOW
83.7,1.3813,1.4929,0.2439,-3.0979,2.9874,1.4399,1.361,0.1278,FOLLOW
83.72,1.3838,1.4936,0.2486,-3.0997,2.9924,1.4528,1.364,0.1286,FOLLOW
83.74,1.3864,1.4942,0.2534,-3.1006,2.9949,1.4528,1.364,0.1293,FOLLOW
83.76,1.3889,1.4949,0.2581,-3.1015,2.9974,1.4528,1.364,0.1301,FOLLOW
83.78,1.3914,1.4956,0.2628,-3.1015,2.9974,1.4528,1.364,0.131,FOLLOW
83.8,1.3939,1.4962,0.2676,-3.1025,2.9998,1.4528,1.364,0.1318,FOLLOW
83.82,1.3965,1.497,0.2722,-3.1035,3.0023,1.4656,1.3673,0.1328,FOLLOW
83.84,1.3991,1.4977,0.2764,-3.1045,3.0048,1.4656,1.3673,0.1337,FOLLOW
83.86,1.4018,1.4984,0.2806,-3.1065,3.01,1.4656,1.3673,0.1347,FOLLOW
83.88,1.4044,1.4992,0.2848,-3.1065,3.01,1.4656,1.3673,0.1357,FOLLOW
83.9,1.407,1.5,0.2889,-3.1076,3.0125,1.4656,1.3673,0.1368,FOLLOW
83.92,1.4096,1.5008,0.2931,-3.1086,3.0151,1.4815,1.3717,0.1378,FOLLOW
83.94,1.4122,1.5016,0.2973,-3.1097,3.0176,1.4815,1.3717,0.1389,FOLLOW
83.96,1.4148,1.5024,0.3015,-3.1108,3.0202,1.4815,1.3717,0.14,FOLLOW
83.98,1.4174,1.5032,0.3057,-3.1119,3.0227,1.4815,1.3717,0.1411,FOLLOW
84.0,1.42,1.504,0.3098,-3.113,3.0252,1.4815,1.3717,0.1423,FOLLOW
84.02,1.4228,1.5049,0.3138,-3.1141,3.0278,1.492,1.375,0.1436,FOLLOW
84.04,1.4256,1.5058,0.3173,-3.1153,3.0304,1.492,1.375,0.1449,FOLLOW
84.06,1.4284,1.5068,0.3205,-3.1165,3.0332,1.492,1.375,0.1463,FOLLOW
84.08,1.4312,1.5077,0.3235,-3.1177,3.0359,1.492,1.375,0.1477,FOLLOW
84.1,1.434,1.5087,0.3266,-3.1189,3.0386,1.492,1.375,0.1491,FOLLOW
84.122,1.4368,1.5096,0.3297,-3.1202,3.0413,1.506,1.3795,0.1505,FOLLOW
84.14,1.4396,1.5106,0.3327,-3.1214,3.044,1.506,1.3795,0.1519,FOLLOW
84.16,1.4424,1.5115,0.3358,-3.1227,3.0467,1.506,1.3795,0.1534,FOLLOW
84.18,1.4452,1.5125,0.3389,-3.124,3.0494,1.506,1.3795,0.1549,FOLLOW
84.2,1.448,1.5135,0.3419,-3.1253,3.0521,1.506,1.3795,0.1564,FOLLOW
84.22,1.4509,1.5146,0.3448,-3.1265,3.0548,1.5201,1.3843,0.158,FOLLOW
84.24,1.4539,1.5156,0.3472,-3.1293,3.0605,1.5201,1.3843,0.1597,FOLLOW
84.26,1.4568,1.5167,0.3494,-3.1293,3.0605,1.5201,1.3843,0.1614,FOLLOW
84.28,1.4598,1.5178,0.3516,-3.1306,3.0633,1.5201,1.3843,0.1631,FOLLOW
84.3,1.4627,1.5189,0.3538,-3.132,3.0662,1.5201,1.3843,0.1648,FOLLOW
84.32,1.4657,1.52,0.3561,-3.1334,3.069,1.5347,1.3896,0.1666,FOLLOW
84.34,1.4686,1.5211,0.3583,-3.1348,3.0718,1.5347,1.3896,0.1683,FOLLOW
84.36,1.4715,1.5222,0.3605,-3.1362,3.0747,1.5347,1.3896,0.1701,FOLLOW
84.38,1.4745,1.5233,0.3627,-3.1391,3.0803,1.5347,1.3896,0.1719,FOLLOW
84.4,1.4774,1.5244,0.3649,-3.1391,3.0803,1.5347,1.3896,0.1738,FOLLOW
84.42,1.4805,1.5256,0.3669,-3.1405,3.0831,1.5495,1.3951,0.1757,FOLLOW
84.44,1.4838,1.5269,0.3684,-3.142,3.0861,1.5495,1.3951,0.1779,FOLLOW
84.46,1.4872,1.5282,0.3695,-3.1436,3.0892,1.5495,1.3951,0.1801,FOLLOW
84.48,1.4905,1.5295,0.3702,-3.1468,3.0955,1.5495,1.3951,0.1822,FOLLOW
84.5,1.4938,1.5308,0.3705,-3.1484,3.0987,1.5655,1.4012,0.1844,FOLLOW
84.52,1.4971,1.532,0.3709,-3.1484,3.0987,1.5655,1.4012,0.1866,FOLLOW
84.54,1.5003,1.5333,0.3712,-3.15,3.1018,1.5655,1.4012,0.1889,FOLLOW
84.56,1.5036,1.5346,0.3715,-3.1516,3.105,1.5655,1.4012,0.1911,FOLLOW
84.58,1.5069,1.5359,0.3719,-3.1548,3.1113,1.5655,1.4012,0.1934,FOLLOW
84.6,1.5102,1.5372,0.3722,-3.1548,3.1113,1.5655,1.4012,0.1956,FOLLOW
84.62,1.5134,1.5384,0.3724,-3.1579,3.1174,1.582,1.4076,0.1979,FOLLOW
84.64,1.5166,1.5397,0.3721,-3.1579,3.1174,1.582,1.4076,0.2001,FOLLOW
84.66,1.5197,1.5409,0.3714,-3.1594,3.1204,1.582,1.4076,0.2023,FOLLOW
84.68,1.5229,1.5421,0.3702,-3.1609,3.1233,1.582,1.4076,0.2045,FOLLOW
84.7,1.526,1.5433,0.3688,-3.1624,3.1263,1.582,1.4076,0.2068,FOLLOW
84.718,1.5291,1.5445,0.3674,-3.1639,3.1292,1.6007,1.4148,0.209,FOLLOW
84.74,1.5322,1.5457,0.3659,-3.1654,3.1322,1.6007,1.4148,0.2113,FOLLOW
84.76,1.5353,1.5469,0.3645,-3.1669,3.1352,1.6007,1.4148,0.2135,FOLLOW
84.78,1.5384,1.5481,0.363,-3.1684,3.1381,1.6007,1.4148,0.2158,FOLLOW
84.8,1.5415,1.5492,0.3616,-3.1698,3.1411,1.6007,1.4148,0.218,FOLLOW
84.82,1.5443,1.5503,0.36,-3.1726,3.1466,1.6131,1.4195,0.2201,FOLLOW
84.84,1.5471,1.5514,0.358,-3.1726,3.1466,1.6131,1.4195,0.2222,FOLLOW
84.86,1.5499,1.5524,0.3555,-3.1738,3.1491,1.6131,1.4195,0.2242,FOLLOW
84.88,1.5526,1.5534,0.3526,-3.175,3.1516,1.6131,1.4195,0.2262,FOLLOW
84.9,1.5553,1.5544,0.3493,-3.1774,3.1567,1.6268,1.4246,0.2283,FOLLOW
84.92,1.558,1.5554,0.3455,-3.1774,3.1567,1.6268,1.4246,0.2303,FOLLOW
84.94,1.5607,1.5563,0.3415,-3.1786,3.1592,1.6268,1.4246,0.2323,FOLLOW
84.96,1.5633,1.5572,0.3375,-3.1797,3.1618,1.6268,1.4246,0.2343,FOLLOW
84.98,1.566,1.5582,0.3335,-3.1821,3.1669,1.6268,1.4246,0.2363,FOLLOW
85.0,1.5687,1.5591,0.3295,-3.1821,3.1669,1.6268,1.4246,0.2383,FOLLOW
85.02,1.5712,1.56,0.3253,-3.1842,3.1718,1.64,1.4292,0.2402,FOLLOW
85.04,1.5737,1.5608,0.3207,-3.1852,3.1741,1.64,1.4292,0.2421,FOLLOW
85.06,1.5762,1.5616,0.3156,-3.1852,3.1741,1.64,1.4292,0.2439,FOLLOW
85.08,1.5786,1.5624,0.3103,-3.1862,3.1764,1.64,1.4292,0.2458,FOLLOW
85.1,1.5811,1.5632,0.305,-3.1872,3.1787,1.64,1.4292,0.2476,FOLLOW
85.12,1.5836,1.564,0.2996,-3.1882,3.1811,1.6523,1.4333,0.2495,FOLLOW
85.14,1.586,1.5647,0.2943,-3.1892,3.1834,1.6523,1.4333,0.2513,FOLLOW
85.16,1.5885,1.5654,0.289,-3.191,3.1881,1.6523,1.4333,0.2532,FOLLOW
85.18,1.591,1.5662,0.2836,-3.192,3.1905,1.6523,1.4333,0.255,FOLLOW
85.2,1.5935,1.5669,0.2783,-3.192,3.1905,1.6523,1.4333,0.2568,FOLLOW
85.22,1.5958,1.5676,0.2728,-3.1929,3.1929,1.6644,1.4369,0.2586,FOLLOW
85.244,1.5981,1.5682,0.2669,-3.1945,3.1972,1.6644,1.4369,0.2603,FOLLOW
85.26,1.6004,1.5688,0.2605,-3.1945,3.1972,1.6644,1.4369,0.262,FOLLOW
85.282,1.6027,1.5694,0.2541,-3.1961,3.2015,1.6644,1.4369,0.2637,FOLLOW
85.302,1.605,1.57,0.2476,-3.1968,3.2037,1.6757,1.44,0.2654,FOLLOW
85.32,1.6073,1.5706,0.2411,-3.1976,3.2059,1.6757,1.44,0.267,FOLLOW
85.338,1.6096,1.5711,0.2346,-3.1976,3.2059,1.6757,1.44,0.2687,FOLLOW
85.36,1.6119,1.5717,0.2281,-3.1983,3.208,1.6757,1.44,0.2704,FOLLOW
85.38,1.6142,1.5722,0.2216,-3.199,3.2102,1.6757,1.44,0.272,FOLLOW
85.4,1.6165,1.5727,0.2151,-3.1997,3.2124,1.6757,1.44,0.2737,FOLLOW
85.42,1.6186,1.5732,0.2085,-3.201,3.2165,1.6869,1.4427,0.2752,FOLLOW
85.44,1.6207,1.5736,0.2014,-3.201,3.2165,1.6869,1.4427,0.2767,FOLLOW
85.46,1.6227,1.574,0.194,-3.2016,3.2184,1.6869,1.4427,0.2782,FOLLOW
85.48,1.6248,1.5744,0.1861,-3.2021,3.2204,1.6869,1.4427,0.2797,FOLLOW
85.5,1.6268,1.5748,0.178,-3.2026,3.2223,1.6869,1.4427,0.2811,FOLLOW
85.52,1.6288,1.5751,0.17,-3.2032,3.2242,1.697,1.4447,0.2826,FOLLOW
85.54,1.6309,1.5754,0.1619,-3.2041,3.228,1.697,1.4447,0.284,FOLLOW
85.56,1.6329,1.5758,0.1538,-3.2046,3.2299,1.697,1.4447,0.2855,FOLLOW
85.58,1.6349,1.5761,0.1457,-3.2051,3.2319,1.697,1.4447,0.2869,FOLLOW
85.6,1.637,1.5764,0.1376,-3.2051,3.2319,1.697,1.4447,0.2883,FOLLOW
85.62,1.639,1.5766,0.1297,-3.2055,3.2338,1.7068,1.4463,0.2898,FOLLOW
85.64,1.6412,1.5769,0.122,-3.2064,3.2378,1.7068,1.4463,0.2912,FOLLOW
85.66,1.6433,1.5772,0.1143,-3.2064,3.2378,1.7068,1.4463,0.2926,FOLLOW
85.68,1.6454,1.5774,0.1066,-3.2072,3.2419,1.7068,1.4463,0.2941,FOLLOW
85.7,1.6475,1.5776,0.0989,-3.2072,3.2419,1.7068,1.4463,0.2955,FOLLOW
85.72,1.6496,1.5778,0.0912,-3.2076,3.2439,1.719,1.4477,0.2969,FOLLOW
85.74,1.6518,1.578,0.0835,-3.2079,3.2459,1.719,1.4477,0.2983,FOLLOW
85.76,1.6539,1.5782,0.0758,-3.2083,3.248,1.719,1.4477,0.2997,FOLLOW
85.78,1.656,1.5783,0.0681,-3.2086,3.25,1.719,1.4477,0.301,FOLLOW
85.8,1.6581,1.5785,0.0605,-3.2089,3.252,1.7272,1.4484,0.3024,FOLLOW
85.82,1.6603,1.5786,0.0529,-3.2092,3.2541,1.7272,1.4484,0.3038,FOLLOW
85.84,1.6626,1.5787,0.0457,-3.2095,3.2562,1.7272,1.4484,0.3052,FOLLOW
85.86,1.6649,1.5788,0.0388,-3.2098,3.2584,1.7272,1.4484,0.3066,FOLLOW
85.88,1.6672,1.5789,0.0319,-3.2101,3.2606,1.7272,1.4484,0.308,FOLLOW
85.9,1.6694,1.5789,0.025,-3.2104,3.2628,1.7381,1.4488,0.3094,FOLLOW
85.92,1.6717,1.579,0.0182,-3.2106,3.2651,1.7381,1.4488,0.3108,FOLLOW
85.94,1.674,1.579,0.0113,-3.2108,3.2673,1.7381,1.4488,0.3122,FOLLOW
85.96,1.6763,1.579,0.0044,-3.2111,3.2695,1.7381,1.4488,0.3135,FOLLOW
85.98,1.6786,1.579,-0.0025,-3.2113,3.2717,1.7381,1.4488,0.3149,FOLLOW
86.0,1.6809,1.579,-0.0094,-3.2116,3.2761,1.7381,1.4488,0.3162,FOLLOW
86.02,1.683,1.579,-0.0164,-3.2116,3.2761,1.7515,1.4489,0.3175,FOLLOW
86.04,1.6852,1.5789,-0.0238,-3.2118,3.2782,1.7515,1.4489,0.3188,FOLLOW
86.06,1.6873,1.5789,-0.0315,-3.2119,3.2802,1.7515,1.4489,0.3201,FOLLOW
86.08,1.6894,1.5788,-0.0394,-3.212,3.2822,1.7515,1.4489,0.3213,FOLLOW
86.1,1.6914,1.5787,-0.0473,-3.2122,3.2862,1.7515,1.4489,0.3226,FOLLOW
86.12,1.6935,1.5786,-0.0552,-3.2122,3.2883,1.7595,1.4487,0.3238,FOLLOW
86.14,1.6956,1.5785,-0.0631,-3.2122,3.2883,1.7595,1.4487,0.325,FOLLOW
86.16,1.6977,1.5783,-0.071,-3.2123,3.2903,1.7595,1.4487,0.3262,FOLLOW
86.18,1.6998,1.5782,-0.0789,-3.2123,3.2923,1.7595,1.4487,0.3274,FOLLOW
86.2,1.7019,1.578,-0.0868,-3.2123,3.2943,1.7595,1.4487,0.3286,FOLLOW
86.22,1.7039,1.5778,-0.0948,-3.2123,3.2963,1.7696,1.448,0.3298,FOLLOW
86.238,1.7058,1.5776,-0.1032,-3.2123,3.2982,1.7696,1.448,0.3309,FOLLOW
86.26,1.7078,1.5774,-0.1118,-3.2123,3.3001,1.7696,1.448,0.332,FOLLOW
86.28,1.7098,1.5772,-0.1203,-3.2122,3.302,1.7696,1.448,0.3331,FOLLOW
86.3,1.7117,1.5769,-0.1288,-3.2121,3.3039,1.7696,1.448,0.3343,FOLLOW
86.32,1.7137,1.5767,-0.1374,-3.212,3.3077,1.7792,1.447,0.3354,FOLLOW
86.34,1.7156,1.5764,-0.1459,-3.212,3.3077,1.7792,1.447,0.3364,FOLLOW
86.36,1.7176,1.5761,-0.1544,-3.2119,3.3096,1.7792,1.447,0.3375,FOLLOW
86.38,1.7195,1.5758,-0.163,-3.2117,3.3115,1.7792,1.447,0.3386,FOLLOW
86.4,1.7214,1.5755,-0.1715,-3.2116,3.3134,1.7792,1.447,0.3396,FOLLOW
86.42,1.7234,1.5751,-0.1799,-3.2114,3.3152,1.7885,1.4456,0.3407,FOLLOW
86.44,1.7254,1.5747,-0.1881,-3.2112,3.3172,1.7885,1.4456,0.3417,FOLLOW
86.46,1.7274,1.5743,-0.1963,-3.211,3.3191,1.7885,1.4456,0.3428,FOLLOW
86.48,1.7294,1.5739,-0.2046,-3.2106,3.323,1.7885,1.4456,0.3438,FOLLOW
86.5,1.7314,1.5735,-0.2128,-3.2106,3.323,1.7885,1.4456,0.3448,FOLLOW
86.52,1.7334,1.5731,-0.221,-3.2103,3.3249,1.7981,1.4438,0.3458,FOLLOW
86.54,1.7353,1.5726,-0.2292,-3.2101,3.3269,1.7981,1.4438,0.3468,FOLLOW
86.56,1.7373,1.5721,-0.2375,-3.2098,3.3288,1.7981,1.4438,0.3478,FOLLOW
86.58,1.7393,1.5717,-0.2457,-3.2095,3.3308,1.7981,1.4438,0.3488,FOLLOW
86.6,1.7412,1.5712,-0.2539,-3.2088,3.3346,1.7981,1.4438,0.3498,FOLLOW
86.62,1.7431,1.5707,-0.2623,-3.2088,3.3346,1.8076,1.4416,0.3507,FOLLOW
86.64,1.7449,1.5702,-0.2711,-3.2085,3.3364,1.8076,1.4416,0.3516,FOLLOW
86.66,1.7467,1.5697,-0.2802,-3.2082,3.3381,1.8076,1.4416,0.3525,FOLLOW
86.68,1.7485,1.5691,-0.2894,-3.2075,3.3416,1.8076,1.4416,0.3534,FOLLOW
86.7,1.7503,1.5686,-0.2985,-3.2075,3.3416,1.8076,1.4416,0.3543,FOLLOW
86.72,1.752,1.568,-0.3076,-3.2071,3.3433,1.8163,1.4391,0.3552,FOLLOW
86.74,1.7538,1.5675,-0.3168,-3.2067,3.3451,1.8163,1.4391,0.356,FOLLOW
86.76,1.7555,1.5669,-0.3259,-3.2063,3.3468,1.8163,1.4391,0.3569,FOLLOW
86.78,1.7573,1.5663,-0.335,-3.2059,3.3485,1.8163,1.4391,0.3577,FOLLOW
86.8,1.759,1.5657,-0.3442,-3.2055,3.3502,1.8247,1.4364,0.3585,FOLLOW
86.82,1.7607,1.5651,-0.3535,-3.205,3.3519,1.8247,1.4364,0.3593,FOLLOW
86.84,1.7624,1.5644,-0.3632,-3.2046,3.3535,1.8247,1.4364,0.3601,FOLLOW
86.86,1.764,1.5638,-0.3729,-3.2041,3.3551,1.8247,1.4364,0.3609,FOLLOW
86.88,1.7656,1.5632,-0.3826,-3.2036,3.3567,1.8247,1.4364,0.3616,FOLLOW
86.9,1.7672,1.5625,-0.3924,-3.2027,3.3599,1.8247,1.4364,0.3624,FOLLOW
86.92,1.7688,1.5618,-0.4021,-3.2027,3.3599,1.8326,1.4334,0.3631,FOLLOW
86.94,1.7704,1.5611,-0.4118,-3.2021,3.3614,1.8326,1.4334,0.3639,FOLLOW
86.96,1.772,1.5604,-0.4215,-3.2016,3.363,1.8326,1.4334,0.3646,FOLLOW
86.98,1.7736,1.5597,-0.4313,-3.2011,3.3646,1.8326,1.4334,0.3653,FOLLOW
87.0,1.7752,1.559,-0.441,-3.1999,3.3677,1.8326,1.4334,0.366,FOLLOW
87.02,1.7767,1.5582,-0.4509,-3.1999,3.3677,1.8417,1.4293,0.3666,FOLLOW
87.04,1.7782,1.5575,-0.4608,-3.1993,3.3692,1.8417,1.4293,0.3673,FOLLOW
87.06,1.7797,1.5567,-0.4708,-3.1988,3.3707,1.8417,1.4293,0.368,FOLLOW
87.08,1.7812,1.5559,-0.4808,-3.1982,3.3722,1.8417,1.4293,0.3686,FOLLOW
87.1,1.7827,1.5552,-0.4908,-3.1969,3.3751,1.8417,1.4293,0.3692,FOLLOW
87.12,1.7842,1.5544,-0.5008,-3.1969,3.3751,1.8474,1.4264,0.3698,FOLLOW
87.14,1.7857,1.5535,-0.5108,-3.1963,3.3766,1.8474,1.4264,0.3704,FOLLOW
87.16,1.7872,1.5527,-0.5208,-3.1956,3.378,1.8474,1.4264,0.371,FOLLOW
87.18,1.7886,1.5518,-0.5308,-3.1949,3.3795,1.8474,1.4264,0.3716,FOLLOW
87.2,1.7901,1.551,-0.5407,-3.1942,3.3809,1.8474,1.4264,0.3722,FOLLOW
87.22,1.7915,1.5501,-0.5509,-3.1935,3.3824,1.8544,1.4225,0.3727,FOLLOW
87.24,1.7929,1.5492,-0.5611,-3.1921,3.3851,1.8544,1.4225,0.3732,FOLLOW
87.26,1.7943,1.5484,-0.5714,-3.1921,3.3851,1.8544,1.4225,0.3738,FOLLOW
87.28,1.7957,1.5475,-0.5816,-3.1906,3.3879,1.8544,1.4225,0.3743,FOLLOW
87.3,1.797,1.5466,-0.5919,-3.1899,3.3892,1.8544,1.4225,0.3748,FOLLOW
87.32,1.7984,1.5456,-0.6021,-3.1891,3.3906,1.861,1.4183,0.3753,FOLLOW
87.34,1.7997,1.5447,-0.6123,-3.1891,3.3906,1.861,1.4183,0.3757,FOLLOW
87.36,1.8011,1.5437,-0.6226,-3.1883,3.3919,1.861,1.4183,0.3762,FOLLOW
87.38,1.8024,1.5428,-0.6328,-3.1875,3.3933,1.861,1.4183,0.3766,FOLLOW
87.4,1.8037,1.5418,-0.643,-3.1867,3.3946,1.861,1.4183,0.3771,FOLLOW
87.42,1.8049,1.5409,-0.6535,-3.1852,3.3971,1.8673,1.4139,0.3775,FOLLOW
87.44,1.8061,1.54,-0.6644,-3.1852,3.3971,1.8673,1.4139,0.3779,FOLLOW
87.46,1.8072,1.5391,-0.6757,-3.1837,3.3993,1.8673,1.4139,0.3783,FOLLOW
87.48,1.8083,1.5382,-0.687,-3.1829,3.4004,1.8673,1.4139,0.3787,FOLLOW
87.5,1.8094,1.5373,-0.6983,-3.1829,3.4004,1.8673,1.4139,0.3791,FOLLOW
87.52,1.8105,1.5363,-0.7097,-3.1814,3.4025,1.8728,1.4096,0.3795,FOLLOW
87.54,1.8116,1.5354,-0.721,-3.1814,3.4025,1.8728,1.4096,0.3799,FOLLOW
87.56,1.8127,1.5344,-0.7323,-3.1806,3.4036,1.8728,1.4096,0.3802,FOLLOW
87.58,1.8137,1.5335,-0.7437,-3.1798,3.4047,1.8728,1.4096,0.3806,FOLLOW
87.6,1.8148,1.5325,-0.755,-3.179,3.4057,1.8728,1.4096,0.3809,FOLLOW
87.62,1.8159,1.5314,-0.7661,-3.1782,3.4068,1.8778,1.4052,0.3812,FOLLOW
87.64,1.817,1.5304,-0.7769,-3.1763,3.409,1.8778,1.4052,0.3815,FOLLOW
87.66,1.8181,1.5293,-0.7876,-3.1763,3.409,1.8778,1.4052,0.3817,FOLLOW
87.68,1.8192,1.5281,-0.7983,-3.1754,3.4101,1.8778,1.4052,0.382,FOLLOW
87.7,1.8203,1.527,-0.809,-3.1744,3.4112,1.8778,1.4052,0.3822,FOLLOW
87.72,1.8213,1.5259,-0.8197,-3.1735,3.4123,1.8828,1.4002,0.3824,FOLLOW
87.74,1.8224,1.5247,-0.8304,-3.1725,3.4134,1.8828,1.4002,0.3826,FOLLOW
87.76,1.8234,1.5236,-0.8411,-3.1705,3.4155,1.8828,1.4002,0.3828,FOLLOW
87.78,1.8244,1.5224,-0.8518,-3.1695,3.4166,1.8828,1.4002,0.383,FOLLOW
87.8,1.8255,1.5212,-0.8625,-3.1695,3.4166,1.8828,1.4002,0.3832,FOLLOW
87.82,1.8264,1.5201,-0.8734,-3.1675,3.4186,1.8878,1.3948,0.3833,FOLLOW
87.84,1.8274,1.519,-0.8846,-3.1675,3.4186,1.8878,1.3948,0.3835,FOLLOW
87.86,1.8283,1.5179,-0.8958,-3.1665,3.4195,1.8878,1.3948,0.3836,FOLLOW
87.88,1.8292,1.5167,-0.907,-3.1655,3.4205,1.8878,1.3948,0.3838,FOLLOW
87.9,1.8301,1.5156,-0.9183,-3.1645,3.4214,1.8878,1.3948,0.3839,FOLLOW
87.92,1.8309,1.5144,-0.9295,-3.1635,3.4223,1.8921,1.3895,0.384,FOLLOW
87.94,1.8318,1.5132,-0.9407,-3.1625,3.4232,1.8921,1.3895,0.3841,FOLLOW
87.96,1.8326,1.512,-0.9519,-3.1615,3.4241,1.8921,1.3895,0.3842,FOLLOW
87.98,1.8335,1.5108,-0.9632,-3.1594,3.4258,1.8921,1.3895,0.3843,FOLLOW
88.0,1.8343,1.5096,-0.9744,-3.1594,3.4258,1.8921,1.3895,0.3843,FOLLOW
88.02,1.8351,1.5084,-0.9854,-3.1584,3.4267,1.8961,1.384,0.3844,FOLLOW
88.04,1.836,1.5071,-0.9964,-3.1573,3.4276,1.8961,1.384,0.3844,FOLLOW
88.06,1.8368,1.5059,-1.0073,-3.1561,3.4284,1.8961,1.384,0.3844,FOLLOW
88.08,1.8376,1.5046,-1.0182,-3.155,3.4293,1.8961,1.384,0.3843,FOLLOW
88.1,1.8384,1.5033,-1.0292,-3.1539,3.4301,1.8961,1.384,0.3843,FOLLOW
88.12,1.8391,1.502,-1.0401,-3.1527,3.4309,1.8999,1.3781,0.3843,FOLLOW
88.14,1.8399,1.5007,-1.051,-3.1516,3.4318,1.8999,1.3781,0.3842,FOLLOW
88.16,1.8406,1.4994,-1.062,-3.1504,3.4326,1.8999,1.3781,0.3841,FOLLOW
88.18,1.8413,1.498,-1.0729,-3.1492,3.4333,1.8999,1.3781,0.384,FOLLOW
88.2,1.8421,1.4967,-1.0838,-3.1481,3.4341,1.8999,1.3781,0.3839,FOLLOW
88.22,1.8428,1.4953,-1.0946,-3.1456,3.4357,1.9034,1.372,0.3838,FOLLOW
88.24,1.8435,1.4938,-1.1049,-3.1456,3.4357,1.9034,1.372,0.3836,FOLLOW
88.26,1.8443,1.4924,-1.1152,-3.1443,3.4365,1.9034,1.372,0.3834,FOLLOW
88.28,1.845,1.4909,-1.1255,-3.1429,3.4373,1.9034,1.372,0.3832,FOLLOW
88.3,1.8457,1.4894,-1.1358,-3.1403,3.4388,1.9034,1.372,0.383,FOLLOW
88.32,1.8463,1.4879,-1.1461,-3.1389,3.4396,1.9068,1.3652,0.3827,FOLLOW
88.34,1.847,1.4865,-1.1564,-3.1389,3.4396,1.9068,1.3652,0.3825,FOLLOW
88.36,1.8476,1.485,-1.1667,-3.1376,3.4403,1.9068,1.3652,0.3822,FOLLOW
88.38,1.8483,1.4834,-1.177,-3.1362,3.441,1.9068,1.3652,0.3819,FOLLOW
88.4,1.8489,1.4819,-1.1872,-3.1348,3.4418,1.9068,1.3652,0.3816,FOLLOW
88.42,1.8495,1.4804,-1.1976,-3.1335,3.4425,1.9099,1.3581,0.3813,FOLLOW
88.44,1.8501,1.4789,-1.208,-3.1321,3.4431,1.9099,1.3581,0.381,FOLLOW
88.46,1.8506,1.4774,-1.2184,-3.1307,3.4438,1.9099,1.3581,0.3807,FOLLOW
88.48,1.8512,1.4759,-1.2287,-3.1293,3.4444,1.9099,1.3581,0.3804,FOLLOW
88.5,1.8517,1.4744,-1.2391,-3.128,3.4451,1.9099,1.3581,0.38,FOLLOW
88.52,1.8518,1.4738,-1.2494,-3.1264,3.4457,1.9099,1.3581,0.38,FOLLOW
88.54,1.8517,1.4737,-1.2591,-3.1264,3.4457,1.9099,1.3581,0.3802,FOLLOW
88.56,1.8517,1.4739,-1.2684,-3.1264,3.4457,1.9126,1.351,0.3805,LEAVE
88.58,1.8517,1.474,-1.2772,-3.1264,3.4457,1.9126,1.351,0.3808,LEAVE
88.6,1.8516,1.4741,-1.2857,-3.1264,3.4457,1.9126,1.351,0.3811,LEAVE
88.62,1.8515,1.4743,-1.2937,-3.1264,3.4457,1.9131,1.3494,0.3814,GO_GOAL
88.64,1.8514,1.4746,-1.3012,-3.1264,3.4457,1.9131,1.3494,0.3818,GO_GOAL
88.66,1.8514,1.4749,-1.3084,-3.1264,3.4457,1.9131,1.3494,0.3821,GO_GOAL
88.68,1.8513,1.4752,-1.3152,-3.1264,3.4457,1.9131,1.3494,0.3825,GO_GOAL
88.7,1.8512,1.4754,-1.3215,-3.1264,3.4457,1.9131,1.3494,0.3828,GO_GOAL
88.72,1.8511,1.4758,-1.3274,-3.1264,3.4457,1.9131,1.3494,0.3831,GO_GOAL
88.74,1.851,1.4763,-1.3329,-3.1264,3.4457,1.9131,1.3494,0.3835,GO_GOAL
88.76,1.8509,1.4768,-1.338,-3.1264,3.4457,1.9131,1.3494,0.3839,GO_GOAL
88.78,1.8508,1.4772,-1.3427,-3.1264,3.4457,1.9131,1.3494,0.3842,GO_GOAL
88.8,1.8507,1.4777,-1.347,-3.1264,3.4457,1.9131,1.3494,0.3846,GO_GOAL
88.82,1.8505,1.4782,-1.3509,-3.1264,3.4457,1.9131,1.3494,0.385,GO_GOAL
88.84,1.8504,1.4789,-1.3543,-3.1264,3.4457,1.9131,1.3494,0.3854,GO_GOAL
88.86,1.8502,1.4795,-1.3574,-3.1264,3.4457,1.9131,1.3494,0.3858,GO_GOAL
88.88,1.8501,1.4802,-1.36,-3.1264,3.4457,1.9131,1.3494,0.3862,GO_GOAL
88.9,1.8499,1.4808,-1.3623,-3.1264,3.4457,1.9131,1.3494,0.3866,GO_GOAL
88.92,1.8498,1.4815,-1.3641,-3.1264,3.4457,1.9131,1.3494,0.387,GO_GOAL
88.94,1.8496,1.4823,-1.3655,-3.1264,3.4457,1.9131,1.3494,0.3875,GO_GOAL
88.96,1.8494,1.4832,-1.3666,-3.1264,3.4457,1.9131,1.3494,0.388,GO_GOAL
88.98,1.8493,1.484,-1.3672,-3.1264,3.4457,1.9131,1.3494,0.3884,GO_GOAL
89.0,1.8491,1.4847,-1.3674,-3.1264,3.4457,1.9131,1.3494,0.3889,GO_GOAL
89.02,1.8489,1.4856,-1.3673,-3.1264,3.4457,1.9131,1.3494,0.3893,GO_GOAL
89.04,1.8487,1.4865,-1.3667,-3.1264,3.4457,1.9131,1.3494,0.3898,GO_GOAL
89.06,1.8485,1.4874,-1.3657,-3.1264,3.4457,1.9131,1.3494,0.3902,GO_GOAL
89.08,1.8484,1.4882,-1.3644,-3.1264,3.4457,1.9131,1.3494,0.3907,GO_GOAL
89.1,1.8482,1.489,-1.3626,-3.1264,3.4457,1.9131,1.3494,0.391,GO_GOAL
89.12,1.848,1.4898,-1.3605,-3.1264,3.4457,1.9131,1.3494,0.3914,GO_GOAL
89.14,1.8479,1.4906,-1.3579,-3.1264,3.4457,1.9131,1.3494,0.3918,GO_GOAL
89.16,1.8477,1.4913,-1.355,-3.1264,3.4457,1.9131,1.3494,0.3921,GO_GOAL
89.18,1.8476,1.492,-1.3516,-3.1264,3.4457,1.9131,1.3494,0.3924,GO_GOAL
89.2,1.8474,1.4927,-1.3479,-3.1264,3.4457,1.9131,1.3494,0.3926,GO_GOAL
89.22,1.8473,1.4934,-1.3437,-3.1264,3.4457,1.9131,1.3494,0.3929,GO_GOAL
89.24,1.8471,1.494,-1.3392,-3.1264,3.4457,1.9131,1.3494,0.3931,GO_GOAL
89.26,1.847,1.4946,-1.3342,-3.1264,3.4457,1.9131,1.3494,0.3932,GO_GOAL
89.28,1.8468,1.4951,-1.3289,-3.1264,3.4457,1.9131,1.3494,0.3934,GO_GOAL
89.3,1.8467,1.4957,-1.3231,-3.1264,3.4457,1.9131,1.3494,0.3935,GO_GOAL
89.32,1.8466,1.4962,-1.317,-3.1264,3.4457,1.9131,1.3494,0.3936,GO_GOAL
89.34,1.8465,1.4966,-1.3104,-3.1264,3.4457,1.9131,1.3494,0.3937,GO_GOAL
89.36,1.8463,1.4971,-1.3034,-3.1264,3.4457,1.9131,1.3494,0.3937,GO_GOAL
89.38,1.8462,1.4975,-1.296,-3.1264,3.4457,1.9131,1.3494,0.3937,GO_GOAL
89.4,1.8461,1.4979,-1.2882,-3.1264,3.4457,1.9131,1.3494,0.3937,GO_GOAL
89.42,1.846,1.4983,-1.28,-3.1264,3.4457,1.9131,1.3494,0.3936,GO_GOAL
89.44,1.8459,1.4986,-1.2714,-3.1264,3.4457,1.9131,1.3494,0.3935,GO_GOAL
89.46,1.8458,1.4989,-1.2623,-3.1264,3.4457,1.9131,1.3494,0.3934,GO_GOAL
89.48,1.8457,1.4992,-1.2529,-3.1264,3.4457,1.9131,1.3494,0.3933,GO_GOAL
89.5,1.8456,1.4994,-1.243,-3.1264,3.4457,1.9131,1.3494,0.3931,GO_GOAL
89.52,1.8456,1.4996,-1.2327,-3.1264,3.4457,1.9131,1.3494,0.3929,GO_GOAL
89.54,1.8455,1.4998,-1.2219,-3.1264,3.4457,1.9131,1.3494,0.3927,GO_GOAL
89.56,1.8455,1.5,-1.2108,-3.1264,3.4457,1.9131,1.3494,0.3925,GO_GOAL
89.58,1.8454,1.5001,-1.1992,-3.1264,3.4457,1.9131,1.3494,0.3922,GO_GOAL
89.6,1.8454,1.5002,-1.1872,-3.1264,3.4457,1.9131,1.3494,0.3919,GO_GOAL
89.62,1.8453,1.5003,-1.1752,-3.1264,3.4457,1.9131,1.3494,0.3916,GO_GOAL
89.64,1.8453,1.5004,-1.1632,-3.1264,3.4457,1.9131,1.3494,0.3912,GO_GOAL
89.66,1.8453,1.5005,-1.1512,-3.1264,3.4457,1.9131,1.3494,0.3909,GO_GOAL
89.68,1.8452,1.5006,-1.1392,-3.1264,3.4457,1.9131,1.3494,0.3906,GO_GOAL
89.7,1.8452,1.5007,-1.1272,-3.1264,3.4457,1.9131,1.3494,0.3903,GO_GOAL
89.72,1.8451,1.5008,-1.1152,-3.1264,3.4457,1.9131,1.3494,0.39,GO_GOAL
89.74,1.8451,1.5009,-1.1032,-3.1264,3.4457,1.9131,1.3494,0.3896,GO_GOAL
89.76,1.845,1.501,-1.0912,-3.1264,3.4457,1.9131,1.3494,0.3893,GO_GOAL
89.78,1.845,1.5011,-1.0792,-3.1264,3.4457,1.9131,1.3494,0.389,GO_GOAL
89.8,1.8449,1.5012,-1.0672,-3.1264,3.4457,1.9131,1.3494,0.3886,GO_GOAL
89.82,1.8449,1.5013,-1.0552,-3.1264,3.4457,1.9131,1.3494,0.3883,GO_GOAL
89.84,1.8448,1.5014,-1.0432,-3.1264,3.4457,1.9131,1.3494,0.388,GO_GOAL
89.86,1.8448,1.5015,-1.0312,-3.1264,3.4457,1.9131,1.3494,0.3876,GO_GOAL
89.88,1.8447,1.5016,-1.0192,-3.1264,3.4457,1.9131,1.3494,0.3873,GO_GOAL
89.9,1.8447,1.5017,-1.0072,-3.1264,3.4457,1.9131,1.3494,0.3869,GO_GOAL
89.92,1.8446,1.5018,-0.9952,-3.1264,3.4457,1.9131,1.3494,0.3866,GO_GOAL
89.94,1.8446,1.5019,-0.9832,-3.1264,3.4457,1.9131,1.3494,0.3862,GO_GOAL
89.96,1.8445,1.502,-0.9712,-3.1264,3.4457,1.9131,1.3494,0.3859,GO_GOAL
89.98,1.8445,1.502,-0.9592,-3.1264,3.4457,1.9131,1.3494,0.3855,GO_GOAL
90.0,1.8444,1.5021,-0.9472,-3.1264,3.4457,1.9131,1.3494,0.3852,GO_GOAL
90.02,1.8443,1.5022,-0.9352,-3.1264,3.4457,1.9131,1.3494,0.3848,GO_GOAL
90.04,1.8443,1.5023,-0.9232,-3.1264,3.4457,1.9131,1.3494,0.3845,GO_GOAL
90.06,1.8442,1.5024,-0.9112,-3.1264,3.4457,1.9131,1.3494,0.3841,GO_GOAL
90.08,1.8442,1.5025,-0.8992,-3.1264,3.4457,1.9131,1.3494,0.3837,GO_GOAL
90.1,1.8441,1.5026,-0.8872,-3.1264,3.4457,1.9131,1.3494,0.3834,GO_GOAL
90.12,1.844,1.5027,-0.8752,-3.1264,3.4457,1.9131,1.3494,0.383,GO_GOAL
90.14,1.844,1.5027,-0.8632,-3.1264,3.4457,1.9131,1.3494,0.3826,GO_GOAL
90.16,1.8439,1.5028,-0.8512,-3.1264,3.4457,1.9131,1.3494,0.3823,GO_GOAL
90.18,1.8438,1.5029,-0.8392,-3.1264,3.4457,1.9131,1.3494,0.3819,GO_GOAL
90.2,1.8437,1.503,-0.8272,-3.1264,3.4457,1.9131,1.3494,0.3815,GO_GOAL
90.22,1.8437,1.5031,-0.8152,-3.1264,3.4457,1.9131,1.3494,0.3811,GO_GOAL
90.24,1.8436,1.5032,-0.8032,-3.1264,3.4457,1.9131,1.3494,0.3808,GO_GOAL
90.26,1.8435,1.5032,-0.7912,-3.1264,3.4457,1.9131,1.3494,0.3804,GO_GOAL
90.28,1.8435,1.5033,-0.7792,-3.1264,3.4457,1.9131,1.3494,0.38,GO_GOAL
90.3,1.8434,1.5034,-0.7672,-3.1264,3.4457,1.9131,1.3494,0.3796,GO_GOAL
90.32,1.8433,1.5035,-0.7552,-3.1264,3.4457,1.9131,1.3494,0.3792,GO_GOAL
90.34,1.8432,1.5035,-0.7432,-3.1264,3.4457,1.9131,1.3494,0.3788,GO_GOAL
90.36,1.8432,1.5036,-0.7312,-3.1264,3.4457,1.9131,1.3494,0.3785,GO_GOAL
90.38,1.8431,1.5037,-0.7192,-3.1264,3.4457,1.9131,1.3494,0.3781,GO_GOAL
90.4,1.843,1.5038,-0.7072,-3.1264,3.4457,1.9131,1.3494,0.3777,GO_GOAL
90.42,1.8429,1.5038,-0.6952,-3.1264,3.4457,1.9131,1.3494,0.3773,GO_GOAL
90.44,1.8428,1.5039,-0.6832,-3.1264,3.4457,1.9131,1.3494,0.3769,GO_GOAL
90.46,1.8428,1.504,-0.6712,-3.1264,3.4457,1.9131,1.3494,0.3765,GO_GOAL
90.48,1.8427,1.504,-0.6592,-3.1264,3.4457,1.9131,1.3494,0.3761,GO_GOAL
90.5,1.8426,1.5041,-0.6472,-3.1264,3.4457,1.9131,1.3494,0.3757,GO_GOAL
90.52,1.8425,1.5042,-0.6352,-3.1264,3.4457,1.9131,1.3494,0.3753,GO_GOAL
90.54,1.8424,1.5043,-0.6232,-3.1264,3.4457,1.9131,1.3494,0.375,GO_GOAL
90.56,1.8423,1.5043,-0.6112,-3.1264,3.4457,1.9131,1.3494,0.3746,GO_GOAL
90.58,1.8422,1.5044,-0.5992,-3.1264,3.4457,1.9131,1.3494,0.3742,GO_GOAL
90.6,1.8422,1.5044,-0.5872,-3.1264,3.4457,1.9131,1.3494,0.3738,GO_GOAL
90.62,1.8421,1.5045,-0.5752,-3.1264,3.4457,1.9131,1.3494,0.3734,GO_GOAL
90.64,1.842,1.5046,-0.5632,-3.1264,3.4457,1.9131,1.3494,0.373,GO_GOAL
90.66,1.8419,1.5046,-0.5512,-3.1264,3.4457,1.9131,1.3494,0.3726,GO_GOAL
90.68,1.8418,1.5047,-0.5392,-3.1264,3.4457,1.9131,1.3494,0.3722,GO_GOAL
90.7,1.8417,1.5047,-0.5272,-3.1264,3.4457,1.9131,1.3494,0.3718,GO_GOAL
90.72,1.8416,1.5048,-0.5152,-3.1264,3.4457,1.9131,1.3494,0.3714,GO_GOAL
90.74,1.8415,1.5049,-0.5032,-3.1264,3.4457,1.9131,1.3494,0.371,GO_GOAL
90.76,1.8414,1.5049,-0.4912,-3.1264,3.4457,1.9131,1.3494,0.3706,GO_GOAL
90.78,1.8413,1.505,-0.4792,-3.1264,3.4457,1.9131,1.3494,0.3702,GO_GOAL
90.8,1.8412,1.505,-0.4672,-3.1264,3.4457,1.9131,1.3494,0.3698,GO_GOAL
90.82,1.8412,1.5051,-0.4552,-3.1264,3.4457,1.9131,1.3494,0.3694,GO_GOAL
90.84,1.8411,1.5051,-0.4432,-3.1264,3.4457,1.9131,1.3494,0.369,GO_GOAL
90.86,1.841,1.5052,-0.4312,-3.1264,3.4457,1.9131,1.3494,0.3686,GO_GOAL
90.88,1.8409,1.5052,-0.4192,-3.1264,3.4457,1.9131,1.3494,0.3682,GO_GOAL
90.9,1.8408,1.5053,-0.4072,-3.1264,3.4457,1.9131,1.3494,0.3679,GO_GOAL
90.92,1.8407,1.5053,-0.3952,-3.1264,3.4457,1.9131,1.3494,0.3675,GO_GOAL
90.94,1.8406,1.5053,-0.3832,-3.1264,3.4457,1.9131,1.3494,0.3671,GO_GOAL
90.96,1.8405,1.5054,-0.3712,-3.1264,3.4457,1.9131,1.3494,0.3667,GO_GOAL
90.98,1.8404,1.5054,-0.3592,-3.1264,3.4457,1.9131,1.3494,0.3663,GO_GOAL
91.0,1.8403,1.5055,-0.3472,-3.1264,3.4457,1.9131,1.3494,0.3659,GO_GOAL
91.02,1.8402,1.5055,-0.3352,-3.1264,3.4457,1.9131,1.3494,0.3655,GO_GOAL
91.04,1.8401,1.5056,-0.3232,-3.1264,3.4457,1.9131,1.3494,0.3651,GO_GOAL
91.06,1.84,1.5056,-0.3112,-3.1264,3.4457,1.9131,1.3494,0.3647,GO_GOAL
91.08,1.8399,1.5056,-0.2992,-3.1264,3.4457,1.9131,1.3494,0.3643,GO_GOAL
91.1,1.8398,1.5057,-0.2872,-3.1264,3.4457,1.9131,1.3494,0.3639,GO_GOAL
91.12,1.8396,1.5057,-0.275,-3.1264,3.4457,1.9131,1.3494,0.3635,GO_GOAL
91.14,1.8398,1.5057,-0.2625,-3.1264,3.4459,1.9131,1.3494,0.3633,GO_GOAL
91.16,1.8404,1.5055,-0.2496,-3.1267,3.4474,1.9131,1.3494,0.3632,GO_GOAL
91.18,1.841,1.5054,-0.2362,-3.1267,3.4474,1.9131,1.3494,0.3632,GO_GOAL
91.2,1.8417,1.5052,-0.2225,-3.1269,3.4484,1.9131,1.3494,0.3632,GO_GOAL
91.22,1.8424,1.5051,-0.2084,-3.1271,3.4494,1.9157,1.3487,0.3632,GO_GOAL
91.24,1.8433,1.5049,-0.1939,-3.1274,3.4505,1.9157,1.3487,0.3634,GO_GOAL
91.26,1.8447,1.5046,-0.179,-3.1278,3.4521,1.9157,1.3487,0.3638,GO_GOAL
91.28,1.8462,1.5044,-0.1638,-3.1283,3.4539,1.9157,1.3487,0.3642,GO_GOAL
91.3,1.8477,1.5041,-0.1482,-3.1288,3.4558,1.9157,1.3487,0.3647,GO_GOAL
91.32,1.8491,1.504,-0.1322,-3.1294,3.4577,1.9233,1.3473,0.3652,GO_GOAL
91.34,1.8507,1.5038,-0.1159,-3.1309,3.462,1.9233,1.3473,0.3658,GO_GOAL
91.36,1.8522,1.5036,-0.0991,-3.1309,3.462,1.9233,1.3473,0.3664,GO_GOAL
91.38,1.8538,1.5035,-0.0821,-3.1318,3.4641,1.9233,1.3473,0.367,GO_GOAL
91.4,1.8554,1.5033,-0.0646,-3.1336,3.4683,1.9233,1.3473,0.3677,GO_GOAL
91.42,1.8573,1.5032,-0.0468,-3.1336,3.4683,1.9343,1.346,0.3685,GO_GOAL
91.44,1.8593,1.5032,-0.0287,-3.1347,3.4705,1.9343,1.346,0.3695,GO_GOAL
91.46,1.8614,1.5031,-0.0102,-3.1359,3.4728,1.9343,1.346,0.3706,GO_GOAL
91.48,1.8634,1.5031,0.0086,-3.1371,3.4751,1.9343,1.346,0.3716,GO_GOAL
91.5,1.8655,1.5032,0.0277,-3.1383,3.4773,1.9343,1.346,0.3728,GO_GOAL
91.52,1.868,1.5033,0.0471,-3.1397,3.4795,1.9467,1.3456,0.3743,GO_GOAL
91.54,1.8707,1.5034,0.0665,-3.1411,3.4818,1.9467,1.3456,0.3759,GO_GOAL
91.56,1.8733,1.5036,0.0859,-3.1426,3.4841,1.9467,1.3456,0.3776,GO_GOAL
91.58,1.8759,1.5039,0.1053,-3.1459,3.4887,1.9467,1.3456,0.3793,GO_GOAL
91.6,1.8786,1.5042,0.1247,-3.1459,3.4887,1.9467,1.3456,0.3811,GO_GOAL
91.62,1.8813,1.5046,0.1439,-3.1476,3.491,1.9604,1.3465,0.3831,GO_GOAL
91.64,1.8844,1.5051,0.1627,-3.1494,3.4934,1.9604,1.3465,0.3853,GO_GOAL
91.66,1.8874,1.5056,0.1811,-3.1513,3.4958,1.9604,1.3465,0.3876,GO_GOAL
91.68,1.8905,1.5062,0.1991,-3.1532,3.4981,1.9604,1.3465,0.39,GO_GOAL
91.7,1.8934,1.5068,0.2168,-3.1572,3.5028,1.9604,1.3465,0.3923,GO_GOAL
91.72,1.8966,1.5076,0.234,-3.1572,3.5028,1.9782,1.3495,0.3949,GO_GOAL
91.74,1.8999,1.5085,0.2508,-3.1616,3.5076,1.9782,1.3495,0.3978,GO_GOAL
91.76,1.9033,1.5094,0.2671,-3.1616,3.5076,1.9782,1.3495,0.4007,GO_GOAL
91.78,1.9067,1.5103,0.2831,-3.1662,3.5124,1.9782,1.3495,0.4036,GO_GOAL
91.8,1.91,1.5113,0.2986,-3.1662,3.5124,1.9782,1.3495,0.4066,GO_GOAL
91.82,1.9135,1.5124,0.3137,-3.1685,3.5147,1.9909,1.3528,0.4097,GO_GOAL
91.84,1.917,1.5136,0.3284,-3.171,3.5171,1.9909,1.3528,0.413,GO_GOAL
91.86,1.9205,1.5148,0.3426,-3.1734,3.5195,1.9909,1.3528,0.4163,GO_GOAL
91.88,1.924,1.5161,0.3564,-3.1759,3.5219,1.9909,1.3528,0.4196,GO_GOAL
91.9,1.9274,1.5174,0.3698,-3.1784,3.5242,1.9909,1.3528,0.4229,GO_GOAL
91.92,1.9309,1.5188,0.3828,-3.1809,3.5265,2.007,1.3582,0.4264,GO_GOAL
91.94,1.9345,1.5203,0.3952,-3.1835,3.5289,2.007,1.3582,0.43,GO_GOAL
91.96,1.9381,1.5218,0.4073,-3.1861,3.5312,2.007,1.3582,0.4335,GO_GOAL
91.98,1.9416,1.5233,0.4189,-3.1888,3.5335,2.007,1.3582,0.4371,GO_GOAL
92.0,1.9451,1.5249,0.4301,-3.1914,3.5358,2.007,1.3582,0.4407,GO_GOAL
92.02,1.9486,1.5266,0.4408,-3.1941,3.5381,2.0231,1.3649,0.4444,GO_GOAL
92.04,1.9522,1.5283,0.451,-3.1968,3.5404,2.0231,1.3649,0.4482,GO_GOAL
92.06,1.9558,1.5301,0.4609,-3.1995,3.5427,2.0231,1.3649,0.452,GO_GOAL
92.08,1.9593,1.5318,0.4702,-3.2023,3.545,2.0231,1.3649,0.4558,GO_GOAL
92.1,1.9628,1.5336,0.4791,-3.205,3.5473,2.0231,1.3649,0.4596,GO_GOAL
92.12,1.9663,1.5355,0.4876,-3.2077,3.5496,2.0392,1.3726,0.4634,GO_GOAL
92.14,1.9699,1.5374,0.4956,-3.2105,3.5518,2.0392,1.3726,0.4673,GO_GOAL
92.158,1.9734,1.5393,0.5031,-3.2133,3.5541,2.0392,1.3726,0.4712,GO_GOAL
92.18,1.9768,1.5412,0.5102,-3.2161,3.5564,2.0392,1.3726,0.4751,GO_GOAL
92.2,1.9802,1.5431,0.5168,-3.2189,3.5587,2.0392,1.3726,0.4789,GO_GOAL
92.22,1.9837,1.5451,0.523,-3.2217,3.5609,2.055,1.3811,0.4828,GO_GOAL
92.24,1.9872,1.5471,0.5287,-3.2245,3.5632,2.055,1.3811,0.4867,GO_GOAL
92.26,1.9906,1.5491,0.534,-3.2273,3.5654,2.055,1.3811,0.4906,GO_GOAL
92.28,1.9939,1.5511,0.5388,-3.2301,3.5677,2.055,1.3811,0.4945,GO_GOAL
92.3,1.9973,1.5531,0.5431,-3.2329,3.57,2.055,1.3811,0.4983,GO_GOAL
92.32,2.0007,1.5552,0.547,-3.2357,3.5722,2.0736,1.3919,0.5022,GO_GOAL
92.34,2.004,1.5572,0.5504,-3.2385,3.5745,2.0736,1.3919,0.5061,GO_GOAL
92.36,2.0073,1.5593,0.5533,-3.2413,3.5767,2.0736,1.3919,0.5099,GO_GOAL
92.38,2.0106,1.5613,0.5558,-3.2469,3.5813,2.0736,1.3919,0.5138,GO_GOAL
92.4,2.0139,1.5633,0.5578,-3.2469,3.5813,2.0859,1.3995,0.5176,GO_GOAL
92.42,2.0171,1.5654,0.5594,-3.2497,3.5835,2.0859,1.3995,0.5214,GO_GOAL
92.44,2.0203,1.5674,0.5605,-3.2525,3.5858,2.0859,1.3995,0.5252,GO_GOAL
92.46,2.0235,1.5694,0.5611,-3.2552,3.5881,2.0859,1.3995,0.5289,GO_GOAL
92.48,2.0267,1.5714,0.5613,-3.258,3.5904,2.0859,1.3995,0.5326,GO_GOAL
92.5,2.0298,1.5734,0.561,-3.2608,3.5926,2.0859,1.3995,0.5363,GO_GOAL
92.52,2.033,1.5753,0.5603,-3.2663,3.5972,2.1011,1.409,0.54,GO_GOAL
92.54,2.0361,1.5773,0.5591,-3.2663,3.5972,2.1011,1.409,0.5436,GO_GOAL
92.56,2.0392,1.5792,0.5574,-3.2718,3.6018,2.1011,1.409,0.5473,GO_GOAL
92.58,2.0422,1.5811,0.5555,-3.2718,3.6018,2.1011,1.409,0.5508,GO_GOAL
92.6,2.0453,1.583,0.5535,-3.2773,3.6065,2.1164,1.4185,0.5544,GO_GOAL
92.62,2.0484,1.5849,0.5517,-3.2773,3.6065,2.1164,1.4185,0.558,GO_GOAL
92.64,2.0514,1.5868,0.5499,-3.2801,3.6088,2.1164,1.4185,0.5616,GO_GOAL
92.66,2.0545,1.5887,0.5481,-3.2855,3.6134,2.1164,1.4185,0.5652,GO_GOAL
92.68,2.0576,1.5906,0.5463,-3.2855,3.6134,2.1164,1.4185,0.5688,GO_GOAL
92.7,2.0607,1.5924,0.5446,-3.2883,3.6158,2.1164,1.4185,0.5724,GO_GOAL
92.72,2.0638,1.5943,0.543,-3.291,3.6181,2.1317,1.4278,0.576,GO_GOAL
92.74,2.0669,1.5962,0.5415,-3.2937,3.6205,2.1317,1.4278,0.5796,GO_GOAL
92.76,2.0699,1.598,0.5401,-3.2991,3.6252,2.1317,1.4278,0.5831,GO_GOAL
92.78,2.073,1.5999,0.5386,-3.2991,3.6252,2.1317,1.4278,0.5867,GO_GOAL
92.8,2.0761,1.6017,0.5372,-3.3019,3.6275,2.1317,1.4278,0.5903,GO_GOAL
92.82,2.0792,1.6036,0.5359,-3.3073,3.6323,2.1471,1.437,0.5939,GO_GOAL
92.84,2.0823,1.6054,0.5347,-3.3073,3.6323,2.1471,1.437,0.5975,GO_GOAL
92.86,2.0854,1.6072,0.5336,-3.31,3.6346,2.1471,1.437,0.6011,GO_GOAL
92.88,2.0886,1.6091,0.5324,-3.3127,3.637,2.1471,1.437,0.6046,GO_GOAL
92.9,2.0917,1.6109,0.5312,-3.3154,3.6394,2.1471,1.437,0.6082,GO_GOAL
92.92,2.0948,1.6127,0.5302,-3.3181,3.6418,2.1626,1.4462,0.6118,GO_GOAL
92.94,2.0979,1.6145,0.5293,-3.3208,3.6441,2.1626,1.4462,0.6154,GO_GOAL
92.96,2.101,1.6164,0.5283,-3.3235,3.6465,2.1626,1.4462,0.619,GO_GOAL
92.98,2.1041,1.6182,0.5274,-3.3262,3.6489,2.1626,1.4462,0.6225,GO_GOAL
93.0,2.1072,1.62,0.5264,-3.3288,3.6513,2.1626,1.4462,0.6261,GO_GOAL
93.02,2.1103,1.6218,0.5256,-3.3315,3.6537,2.1782,1.4552,0.6297,GO_GOAL
93.04,2.1135,1.6236,0.5249,-3.3369,3.6585,2.1782,1.4552,0.6333,GO_GOAL
93.06,2.1166,1.6254,0.5241,-3.3369,3.6585,2.1782,1.4552,0.6368,GO_GOAL
93.08,2.1197,1.6272,0.5233,-3.3396,3.6609,2.1782,1.4552,0.6404,GO_GOAL
93.1,2.1228,1.629,0.5226,-3.3423,3.6633,2.1782,1.4552,0.644,GO_GOAL
93.12,2.126,1.6308,0.5219,-3.3449,3.6657,2.1938,1.4642,0.6476,GO_GOAL
93.14,2.1291,1.6326,0.5213,-3.3476,3.6681,2.1938,1.4642,0.6511,GO_GOAL
93.16,2.1322,1.6344,0.5207,-3.3503,3.6705,2.1938,1.4642,0.6547,GO_GOAL
93.18,2.1353,1.6362,0.52,-3.353,3.6729,2.1938,1.4642,0.6583,GO_GOAL
93.2,2.1385,1.638,0.5194,-3.3556,3.6754,2.1938,1.4642,0.6619,GO_GOAL
93.22,2.1416,1.6398,0.5189,-3.3583,3.6778,2.2094,1.4732,0.6654,GO_GOAL
93.24,2.1447,1.6416,0.5184,-3.361,3.6802,2.2094,1.4732,0.669,GO_GOAL
93.26,2.1479,1.6433,0.5179,-3.3636,3.6826,2.2094,1.4732,0.6726,GO_GOAL
93.28,2.151,1.6451,0.5174,-3.3663,3.685,2.2094,1.4732,0.6762,GO_GOAL
93.3,2.1541,1.6469,0.5169,-3.369,3.6874,2.2094,1.4732,0.6797,GO_GOAL
93.32,2.1573,1.6487,0.5164,-3.3716,3.6899,2.225,1.482,0.6833,GO_GOAL
93.34,2.1604,1.6505,0.516,-3.3743,3.6923,2.225,1.482,0.6869,GO_GOAL
93.36,2.1635,1.6522,0.5156,-3.3769,3.6947,2.225,1.482,0.6905,GO_GOAL
93.38,2.1667,1.654,0.5152,-3.3796,3.6971,2.225,1.482,0.694,GO_GOAL
93.4,2.1698,1.6558,0.5148,-3.3849,3.702,2.225,1.482,0.6976,GO_GOAL
93.42,2.1729,1.6576,0.5145,-3.3849,3.702,2.2407,1.4909,0.7012,GO_GOAL
93.44,2.1761,1.6593,0.5142,-3.3876,3.7044,2.2407,1.4909,0.7047,GO_GOAL
93.46,2.1792,1.6611,0.5138,-3.3902,3.7068,2.2407,1.4909,0.7083,GO_GOAL
93.48,2.1823,1.6629,0.5135,-3.3956,3.7117,2.2407,1.4909,0.7119,GO_GOAL
93.5,2.1855,1.6647,0.5132,-3.3956,3.7117,2.2407,1.4909,0.7155,GO_GOAL
93.52,2.1886,1.6664,0.5129,-3.3982,3.7141,2.2595,1.5015,0.719,GO_GOAL
93.54,2.1918,1.6682,0.5126,-3.4009,3.7166,2.2595,1.5015,0.7226,GO_GOAL
93.56,2.1949,1.67,0.5124,-3.4062,3.7214,2.2595,1.5015,0.7262,GO_GOAL
93.58,2.198,1.6717,0.5121,-3.4062,3.7214,2.2595,1.5015,0.7297,GO_GOAL
93.6,2.2012,1.6735,0.5118,-3.4088,3.7239,2.2595,1.5015,0.7322,GO_GOAL
93.62,2.2043,1.6752,0.5116,-3.4141,3.7287,2.2721,1.5085,0.7304,GO_GOAL
93.64,2.2075,1.677,0.5114,-3.4141,3.7287,2.2721,1.5085,0.7287,GO_GOAL
93.66,2.2106,1.6788,0.5112,-3.4168,3.7312,2.2721,1.5085,0.7269,GO_GOAL
93.68,2.2137,1.6805,0.5109,-3.4194,3.7336,2.2721,1.5085,0.7251,GO_GOAL
93.7,2.2169,1.6823,0.5107,-3.4221,3.7361,2.2721,1.5085,0.7233,GO_GOAL
93.72,2.22,1.6841,0.5105,-3.4247,3.7385,2.2878,1.5173,0.7216,GO_GOAL
93.74,2.2232,1.6858,0.5104,-3.4274,3.7409,2.2878,1.5173,0.7198,GO_GOAL
93.76,2.2263,1.6876,0.5102,-3.43,3.7434,2.2878,1.5173,0.7181,GO_GOAL
93.78,2.2295,1.6893,0.51,-3.4327,3.7458,2.2878,1.5173,0.7163,GO_GOAL
93.8,2.2326,1.6911,0.5098,-3.4353,3.7483,2.2878,1.5173,0.7145,GO_GOAL
93.82,2.2357,1.6928,0.5097,-3.4379,3.7507,2.3035,1.526,0.7128,GO_GOAL
93.84,2.2389,1.6946,0.5095,-3.4406,3.7531,2.3035,1.526,0.711,GO_GOAL
93.86,2.242,1.6964,0.5094,-3.4432,3.7556,2.3035,1.526,0.7092,GO_GOAL
93.88,2.2452,1.6981,0.5092,-3.4459,3.758,2.3035,1.526,0.7075,GO_GOAL
93.9,2.2483,1.6999,0.5091,-3.4485,3.7605,2.3035,1.526,0.7057,GO_GOAL
93.92,2.2515,1.7016,0.5089,-3.4512,3.7629,2.3193,1.5348,0.704,GO_GOAL
93.94,2.2546,1.7034,0.5088,-3.4538,3.7653,2.3193,1.5348,0.7022,GO_GOAL
93.96,2.2577,1.7051,0.5087,-3.4565,3.7678,2.3193,1.5348,0.7005,GO_GOAL
93.98,2.2609,1.7069,0.5086,-3.4591,3.7702,2.3193,1.5348,0.6987,GO_GOAL
94.0,2.264,1.7086,0.5084,-3.4617,3.7727,2.3193,1.5348,0.6969,GO_GOAL
94.02,2.2672,1.7104,0.5083,-3.4644,3.7751,2.335,1.5435,0.6952,GO_GOAL
94.04,2.2703,1.7121,0.5082,-3.4697,3.78,2.335,1.5435,0.6934,GO_GOAL
94.06,2.2735,1.7139,0.5081,-3.4697,3.78,2.335,1.5435,0.6917,GO_GOAL
94.08,2.2766,1.7157,0.508,-3.4723,3.7825,2.335,1.5435,0.6899,GO_GOAL
94.1,2.2798,1.7174,0.5079,-3.4776,3.7873,2.335,1.5435,0.6882,GO_GOAL
94.12,2.2829,1.7192,0.5079,-3.4802,3.7898,2.3507,1.5523,0.6864,GO_GOAL
94.14,2.2861,1.7209,0.5078,-3.4829,3.7922,2.3507,1.5523,0.6847,GO_GOAL
94.16,2.2892,1.7227,0.5077,-3.4855,3.7947,2.3507,1.5523,0.6829,GO_GOAL
94.18,2.2924,1.7244,0.5076,-3.4855,3.7947,2.3507,1.5523,0.6811,GO_GOAL
94.2,2.2955,1.7262,0.5075,-3.4908,3.7996,2.3507,1.5523,0.6794,GO_GOAL
94.22,2.2986,1.7279,0.5075,-3.4908,3.7996,2.3665,1.561,0.6776,GO_GOAL
94.24,2.3018,1.7297,0.5074,-3.4934,3.802,2.3665,1.561,0.6759,GO_GOAL
94.26,2.3049,1.7314,0.5073,-3.4987,3.8069,2.3665,1.561,0.6741,GO_GOAL
94.28,2.3081,1.7332,0.5073,-3.4987,3.8069,2.3665,1.561,0.6724,GO_GOAL
94.3,2.3112,1.7349,0.5072,-3.5014,3.8094,2.3665,1.561,0.6706,GO_GOAL
94.32,2.3144,1.7367,0.5071,-3.5066,3.8143,2.3822,1.5697,0.6689,GO_GOAL
94.34,2.3175,1.7384,0.5071,-3.5066,3.8143,2.3822,1.5697,0.6671,GO_GOAL
94.36,2.3207,1.7401,0.507,-3.5093,3.8167,2.3822,1.5697,0.6654,GO_GOAL
94.38,2.3238,1.7419,0.507,-3.5119,3.8192,2.3822,1.5697,0.6636,GO_GOAL
94.4,2.327,1.7436,0.5069,-3.5146,3.8216,2.3822,1.5697,0.6619,GO_GOAL
94.42,2.3301,1.7454,0.5069,-3.5198,3.8265,2.398,1.5784,0.6601,GO_GOAL
94.44,2.3333,1.7471,0.5068,-3.5198,3.8265,2.398,1.5784,0.6584,GO_GOAL
94.46,2.3364,1.7489,0.5068,-3.5225,3.829,2.398,1.5784,0.6566,GO_GOAL
94.48,2.3396,1.7506,0.5067,-3.5251,3.8314,2.398,1.5784,0.6549,GO_GOAL
94.5,2.3427,1.7524,0.5067,-3.5278,3.8339,2.398,1.5784,0.6531,GO_GOAL
94.52,2.3459,1.7541,0.5066,-3.533,3.8388,2.4137,1.5871,0.6514,GO_GOAL
94.54,2.349,1.7559,0.5066,-3.533,3.8388,2.4137,1.5871,0.6496,GO_GOAL
94.56,2.3522,1.7576,0.5066,-3.5357,3.8412,2.4137,1.5871,0.6479,GO_GOAL
94.58,2.3553,1.7594,0.5065,-3.5383,3.8437,2.4137,1.5871,0.6462,GO_GOAL
94.6,2.3585,1.7611,0.5065,-3.5409,3.8461,2.4137,1.5871,0.6444,GO_GOAL
94.62,2.3616,1.7629,0.5065,-3.5436,3.8486,2.4295,1.5958,0.6427,GO_GOAL
94.64,2.3648,1.7646,0.5064,-3.5462,3.851,2.4295,1.5958,0.6409,GO_GOAL
94.66,2.3679,1.7664,0.5064,-3.5489,3.8535,2.4295,1.5958,0.6392,GO_GOAL
94.68,2.371,1.7681,0.5064,-3.5515,3.8559,2.4295,1.5958,0.6374,GO_GOAL
94.7,2.3742,1.7698,0.5063,-3.5541,3.8584,2.4295,1.5958,0.6357,GO_GOAL
94.72,2.3773,1.7716,0.5063,-3.5568,3.8608,2.4453,1.6045,0.6339,GO_GOAL
94.74,2.3805,1.7733,0.5063,-3.5594,3.8633,2.4453,1.6045,0.6322,GO_GOAL
94.76,2.3836,1.7751,0.5063,-3.562,3.8657,2.4453,1.6045,0.6304,GO_GOAL
94.78,2.3868,1.7768,0.5062,-3.5673,3.8706,2.4453,1.6045,0.6287,GO_GOAL
94.8,2.3899,1.7786,0.5062,-3.5673,3.8706,2.4453,1.6045,0.6269,GO_GOAL
94.82,2.3931,1.7803,0.5062,-3.57,3.8731,2.461,1.6132,0.6252,GO_GOAL
94.84,2.3962,1.7821,0.5062,-3.5726,3.8755,2.461,1.6132,0.6234,GO_GOAL
94.86,2.3994,1.7838,0.5061,-3.5752,3.878,2.461,1.6132,0.6217,GO_GOAL
94.88,2.4025,1.7856,0.5061,-3.5779,3.8804,2.461,1.6132,0.62,GO_GOAL
94.9,2.4057,1.7873,0.5061,-3.5805,3.8829,2.461,1.6132,0.6182,GO_GOAL
94.92,2.4088,1.7891,0.5061,-3.5831,3.8853,2.4768,1.6219,0.6165,GO_GOAL
94.94,2.412,1.7908,0.5061,-3.5858,3.8878,2.4768,1.6219,0.6147,GO_GOAL
94.96,2.4151,1.7925,0.506,-3.5884,3.8902,2.4768,1.6219,0.613,GO_GOAL
94.98,2.4183,1.7943,0.506,-3.5911,3.8927,2.4768,1.6219,0.6112,GO_GOAL
95.0,2.4214,1.796,0.506,-3.5937,3.8951,2.4925,1.6306,0.6095,GO_GOAL
95.02,2.4246,1.7978,0.506,-3.5963,3.8976,2.4925,1.6306,0.6077,GO_GOAL
95.04,2.4277,1.7995,0.506,-3.599,3.9,2.4925,1.6306,0.606,GO_GOAL
95.06,2.4309,1.8013,0.506,-3.6042,3.9049,2.4925,1.6306,0.6042,GO_GOAL
95.08,2.434,1.803,0.5059,-3.6042,3.9049,2.4925,1.6306,0.6025,GO_GOAL
95.1,2.4372,1.8048,0.5059,-3.6095,3.9098,2.4925,1.6306,0.6008,GO_GOAL
95.12,2.4403,1.8065,0.5059,-3.6095,3.9098,2.5083,1.6393,0.599,GO_GOAL
95.14,2.4435,1.8082,0.5059,-3.6148,3.9147,2.5083,1.6393,0.5973,GO_GOAL
95.16,2.4466,1.81,0.5059,-3.6148,3.9147,2.5083,1.6393,0.5955,GO_GOAL
95.18,2.4498,1.8117,0.5059,-3.6174,3.9172,2.5083,1.6393,0.5938,GO_GOAL
95.2,2.4529,1.8135,0.5059,-3.6201,3.9196,2.5083,1.6393,0.592,GO_GOAL
95.22,2.4561,1.8152,0.5059,-3.6227,3.9221,2.5241,1.648,0.5903,GO_GOAL
95.24,2.4592,1.817,0.5058,-3.6253,3.9245,2.5241,1.648,0.5885,GO_GOAL
95.26,2.4624,1.8187,0.5058,-3.628,3.927,2.5241,1.648,0.5868,GO_GOAL
95.28,2.4655,1.8205,0.5058,-3.6332,3.9319,2.5241,1.648,0.585,GO_GOAL
95.3,2.4687,1.8222,0.5058,-3.6332,3.9319,2.5241,1.648,0.5833,GO_GOAL
95.32,2.4718,1.8239,0.5058,-3.6385,3.9368,2.5398,1.6567,0.5816,GO_GOAL
95.34,2.475,1.8257,0.5058,-3.6385,3.9368,2.5398,1.6567,0.5798,GO_GOAL
95.36,2.4781,1.8274,0.5058,-3.6438,3.9417,2.5398,1.6567,0.5781,GO_GOAL
95.38,2.4813,1.8292,0.5058,-3.6464,3.9441,2.5398,1.6567,0.5763,GO_GOAL
95.4,2.4844,1.8309,0.5058,-3.6464,3.9441,2.5398,1.6567,0.5746,GO_GOAL
95.42,2.4876,1.8327,0.5058,-3.6517,3.949,2.5556,1.6653,0.5728,GO_GOAL
95.44,2.4907,1.8344,0.5058,-3.6517,3.949,2.5556,1.6653,0.5711,GO_GOAL
95.46,2.4939,1.8362,0.5057,-3.6543,3.9515,2.5556,1.6653,0.5693,GO_GOAL
95.48,2.497,1.8379,0.5057,-3.657,3.9539,2.5556,1.6653,0.5676,GO_GOAL
95.5,2.5002,1.8396,0.5057,-3.6596,3.9564,2.5556,1.6653,0.5659,GO_GOAL
95.52,2.5033,1.8414,0.5057,-3.6622,3.9589,2.5714,1.674,0.5641,GO_GOAL
95.54,2.5065,1.8431,0.5057,-3.6675,3.9638,2.5714,1.674,0.5624,GO_GOAL
95.56,2.5096,1.8449,0.5057,-3.6675,3.9638,2.5714,1.674,0.5606,GO_GOAL
95.58,2.5128,1.8466,0.5057,-3.6701,3.9662,2.5714,1.674,0.5589,GO_GOAL
95.6,2.5159,1.8484,0.5057,-3.6728,3.9687,2.5714,1.674,0.5571,GO_GOAL
95.62,2.5191,1.8501,0.5057,-3.6781,3.9736,2.5871,1.6827,0.5554,GO_GOAL
95.64,2.5222,1.8519,0.5057,-3.6807,3.976,2.5871,1.6827,0.5537,GO_GOAL
95.66,2.5254,1.8536,0.5057,-3.6833,3.9785,2.5871,1.6827,0.5519,GO_GOAL
95.68,2.5285,1.8553,0.5057,-3.6833,3.9785,2.5871,1.6827,0.5502,GO_GOAL
95.7,2.5317,1.8571,0.5057,-3.686,3.9809,2.5871,1.6827,0.5484,GO_GOAL
95.72,2.5347,1.8588,0.5057,-3.6912,3.9858,2.6029,1.6914,0.5467,GO_GOAL
95.74,2.5378,1.8605,0.5057,-3.6937,3.9881,2.6029,1.6914,0.545,GO_GOAL
95.76,2.5408,1.8622,0.5057,-3.6963,3.9905,2.6029,1.6914,0.5433,GO_GOAL
95.78,2.5439,1.8639,0.5056,-3.6989,3.9929,2.6029,1.6914,0.5416,GO_GOAL
95.8,2.547,1.8656,0.5056,-3.7014,3.9953,2.6029,1.6914,0.5399,GO_GOAL
95.82,2.5499,1.8672,0.5056,-3.7038,3.9976,2.6183,1.6999,0.5383,GO_GOAL
95.84,2.5527,1.8688,0.5056,-3.7038,3.9976,2.6183,1.6999,0.5367,GO_GOAL
95.86,2.5556,1.8704,0.5056,-3.7063,3.9998,2.6183,1.6999,0.5351,GO_GOAL
95.88,2.5585,1.8719,0.5056,-3.7111,4.0043,2.6183,1.6999,0.5336,GO_GOAL
95.9,2.5614,1.8735,0.5056,-3.7111,4.0043,2.6183,1.6999,0.532,GO_GOAL
95.92,2.563,1.8744,0.5056,-3.7135,4.0065,2.6183,1.6999,0.5311,GO_GOAL
95.94,2.5641,1.875,0.5056,-3.7146,4.0075,2.6183,1.6999,0.5305,GO_GOAL
95.96,2.5653,1.8756,0.5056,-3.7155,4.0084,2.6329,1.708,0.5299,REACHED
95.98,2.5665,1.8763,0.5056,-3.7165,4.0093,2.6329,1.708,0.5292,REACHED
96.0,2.5676,1.8769,0.5056,-3.7174,4.0102,2.6329,1.708,0.5286,REACHED
96.02,2.5678,1.877,0.5056,-3.7183,4.011,2.6405,1.7121,0.5285,REACHED
96.04,2.5679,1.877,0.5056,-3.7184,4.0111,2.6405,1.7121,0.5285,REACHED
96.06,2.5679,1.877,0.5056,-3.7184,4.0111,2.6405,1.7121,0.5285,REACHED
96.08,2.5679,1.877,0.5056,-3.7184,4.0111,2.6405,1.7121,0.5285,REACHED
