t,x,y,yaw,odom_x,odom_y,est_x,est_y,clearance,state
0.046,-2.8688,-2.0801,-0.1588,-2.8602,-2.0812,-2.8616,-2.0819,0.315,GO_GOAL
0.046,-2.8681,-2.0802,-0.1477,-2.8588,-2.0813,-2.8616,-2.0819,0.3145,GO_GOAL
0.06,-2.8674,-2.0803,-0.1362,-2.8558,-2.0814,-2.8616,-2.0819,0.3141,GO_GOAL
0.08,-2.8667,-2.0804,-0.1242,-2.8543,-2.0814,-2.8616,-2.0819,0.3136,GO_GOAL
0.1,-2.8659,-2.0804,-0.1118,-2.8543,-2.0814,-2.8616,-2.0819,0.3131,GO_GOAL
0.12,-2.8653,-2.0805,-0.0988,-2.8528,-2.0814,-2.8546,-2.083,0.3127,GO_GOAL
0.14,-2.8649,-2.0804,-0.0858,-2.8513,-2.0813,-2.8546,-2.083,0.3123,GO_GOAL
0.16,-2.8645,-2.0803,-0.0727,-2.8498,-2.0812,-2.8546,-2.083,0.312,GO_GOAL
0.18,-2.8641,-2.0802,-0.0596,-2.8483,-2.0811,-2.8546,-2.083,0.3117,GO_GOAL
0.2,-2.8637,-2.0802,-0.0465,-2.8469,-2.081,-2.8546,-2.083,0.3113,GO_GOAL
0.22,-2.8633,-2.0801,-0.0334,-2.8454,-2.0808,-2.8471,-2.0836,0.311,GO_GOAL
0.24,-2.863,-2.08,-0.0203,-2.8437,-2.0805,-2.8471,-2.0836,0.3107,GO_GOAL
0.26,-2.8626,-2.0799,-0.0073,-2.842,-2.0802,-2.8471,-2.0836,0.3103,GO_GOAL
0.28,-2.8622,-2.0798,0.0058,-2.8403,-2.0798,-2.8471,-2.0836,0.31,GO_GOAL
0.3,-2.8612,-2.0798,0.019,-2.8369,-2.0789,-2.8471,-2.0836,0.3096,GO_GOAL
0.32,-2.8591,-2.0798,0.0324,-2.8369,-2.0789,-2.8387,-2.0838,0.3092,GO_GOAL
0.34,-2.858,-2.0797,0.0464,-2.8351,-2.0784,-2.8387,-2.0838,0.3088,GO_GOAL
0.36,-2.8569,-2.0797,0.0608,-2.8332,-2.0777,-2.8387,-2.0838,0.3084,GO_GOAL
0.38,-2.8557,-2.0796,0.0756,-2.8313,-2.0771,-2.8387,-2.0838,0.308,GO_GOAL
0.4,-2.8546,-2.0795,0.091,-2.8294,-2.0763,-2.8387,-2.0838,0.3076,GO_GOAL
0.42,-2.853,-2.0793,0.1068,-2.8275,-2.0756,-2.829,-2.0833,0.3073,GO_GOAL
0.44,-2.8513,-2.0791,0.123,-2.8256,-2.0747,-2.829,-2.0833,0.307,GO_GOAL
0.46,-2.8495,-2.0789,0.1398,-2.8235,-2.0737,-2.829,-2.0833,0.3067,GO_GOAL
0.48,-2.8477,-2.0786,0.157,-2.8215,-2.0727,-2.829,-2.0833,0.3064,GO_GOAL
0.5,-2.8459,-2.0783,0.1747,-2.8195,-2.0717,-2.829,-2.0833,0.3061,GO_GOAL
0.52,-2.8438,-2.0779,0.1926,-2.8175,-2.0706,-2.8181,-2.082,0.306,GO_GOAL
0.54,-2.8416,-2.0775,0.2101,-2.8155,-2.0694,-2.8181,-2.082,0.3059,GO_GOAL
0.56,-2.8393,-2.077,0.2275,-2.8134,-2.0682,-2.8181,-2.082,0.3058,GO_GOAL
0.58,-2.8371,-2.0764,0.245,-2.8113,-2.0669,-2.8181,-2.082,0.3058,GO_GOAL
0.6,-2.8348,-2.0758,0.2625,-2.8092,-2.0655,-2.8181,-2.082,0.3059,GO_GOAL
0.62,-2.8324,-2.0751,0.2796,-2.8071,-2.0642,-2.8064,-2.0795,0.306,GO_GOAL
0.64,-2.8298,-2.0744,0.2963,-2.805,-2.0627,-2.8064,-2.0795,0.3063,GO_GOAL
0.66,-2.8272,-2.0736,0.3124,-2.8029,-2.0611,-2.8064,-2.0795,0.3066,GO_GOAL
0.68,-2.8247,-2.0727,0.328,-2.8007,-2.0596,-2.8064,-2.0795,0.307,GO_GOAL
0.7,-2.8223,-2.0719,0.3431,-2.7986,-2.058,-2.8064,-2.0795,0.3074,GO_GOAL
0.72,-2.8197,-2.0709,0.3577,-2.7965,-2.0563,-2.7939,-2.0757,0.3079,GO_GOAL
0.74,-2.8169,-2.0698,0.3717,-2.7944,-2.0546,-2.7939,-2.0757,0.3085,GO_GOAL
0.76,-2.8142,-2.0688,0.3852,-2.79,-2.0511,-2.7939,-2.0757,0.3092,GO_GOAL
0.78,-2.8116,-2.0677,0.3981,-2.7879,-2.0492,-2.7939,-2.0757,0.3099,GO_GOAL
0.8,-2.8092,-2.0667,0.4107,-2.7879,-2.0492,-2.7939,-2.0757,0.3106,GO_GOAL
0.82,-2.8069,-2.0657,0.4233,-2.7837,-2.0455,-2.7811,-2.0707,0.3112,GO_GOAL
0.84,-2.8046,-2.0647,0.4359,-2.7837,-2.0455,-2.7811,-2.0707,0.3118,GO_GOAL
0.86,-2.8024,-2.0638,0.4485,-2.7796,-2.0418,-2.7811,-2.0707,0.3124,GO_GOAL
0.88,-2.8001,-2.0628,0.4611,-2.7796,-2.0418,-2.7811,-2.0707,0.313,GO_GOAL
0.9,-2.7978,-2.0619,0.4736,-2.7776,-2.0398,-2.7811,-2.0707,0.3136,GO_GOAL
0.92,-2.7956,-2.0609,0.4862,-2.7755,-2.0379,-2.7684,-2.0648,0.3141,GO_GOAL
0.94,-2.7929,-2.0596,0.4988,-2.7735,-2.0359,-2.7684,-2.0648,0.3151,GO_GOAL
0.96,-2.7908,-2.0584,0.5112,-2.7714,-2.0338,-2.7684,-2.0648,0.3159,GO_GOAL
0.98,-2.7881,-2.0568,0.5235,-2.7694,-2.0317,-2.7684,-2.0648,0.3172,GO_GOAL
1.0,-2.7857,-2.0555,0.5356,-2.7674,-2.0296,-2.7684,-2.0648,0.3182,GO_GOAL
1.02,-2.783,-2.0539,0.5472,-2.7653,-2.0275,-2.7557,-2.0579,0.3195,GO_GOAL
1.04,-2.78,-2.0521,0.5581,-2.7633,-2.0254,-2.7557,-2.0579,0.321,GO_GOAL
1.06,-2.7771,-2.0502,0.5685,-2.7613,-2.0232,-2.7557,-2.0579,0.3225,GO_GOAL
1.08,-2.7743,-2.0484,0.5782,-2.7592,-2.021,-2.7557,-2.0579,0.3241,GO_GOAL
1.1,-2.7715,-2.0465,0.5874,-2.7572,-2.0189,-2.7557,-2.0579,0.3257,GO_GOAL
1.12,-2.7687,-2.0447,0.5959,-2.7552,-2.0167,-2.7432,-2.0501,0.3273,GO_GOAL
1.14,-2.766,-2.0429,0.6039,-2.7532,-2.0145,-2.7432,-2.0501,0.329,GO_GOAL
1.16,-2.7634,-2.041,0.6112,-2.7512,-2.0123,-2.7432,-2.0501,0.3306,GO_GOAL
1.18,-2.7608,-2.0392,0.618,-2.7492,-2.0101,-2.7432,-2.0501,0.3323,GO_GOAL
1.2,-2.7583,-2.0374,0.6241,-2.7452,-2.0056,-2.7432,-2.0501,0.3339,GO_GOAL
1.22,-2.7556,-2.0354,0.6297,-2.7452,-2.0056,-2.7309,-2.0417,0.3357,GO_GOAL
1.24,-2.7529,-2.0334,0.6346,-2.7432,-2.0034,-2.7309,-2.0417,0.3376,GO_GOAL
1.26,-2.7502,-2.0315,0.639,-2.7412,-2.0011,-2.7309,-2.0417,0.3394,GO_GOAL
1.28,-2.7476,-2.0295,0.6427,-2.7392,-1.9989,-2.7309,-2.0417,0.3413,GO_GOAL
1.3,-2.745,-2.0276,0.6459,-2.7352,-1.9944,-2.7309,-2.0417,0.3431,GO_GOAL
1.32,-2.7425,-2.0257,0.6484,-2.7352,-1.9944,-2.7188,-2.0328,0.345,GO_GOAL
1.34,-2.74,-2.0238,0.6504,-2.7313,-1.9899,-2.7188,-2.0328,0.3468,GO_GOAL
1.36,-2.7376,-2.0219,0.6517,-2.7313,-1.9899,-2.7188,-2.0328,0.3487,GO_GOAL
1.38,-2.7351,-2.0201,0.6525,-2.7293,-1.9877,-2.7188,-2.0328,0.3505,GO_GOAL
1.4,-2.7328,-2.0183,0.6527,-2.7273,-1.9854,-2.7188,-2.0328,0.3523,GO_GOAL
1.42,-2.7304,-2.0167,0.6527,-2.7253,-1.9832,-2.7069,-2.0237,0.3539,GO_GOAL
1.44,-2.728,-2.0151,0.6527,-2.7233,-1.981,-2.7069,-2.0237,0.3555,GO_GOAL
1.46,-2.7256,-2.0135,0.6527,-2.7213,-1.9787,-2.7069,-2.0237,0.3571,GO_GOAL
1.48,-2.7232,-2.0119,0.6527,-2.7193,-1.9765,-2.7069,-2.0237,0.3587,GO_GOAL
1.5,-2.7208,-2.0103,0.6527,-2.7173,-1.9742,-2.7069,-2.0237,0.3603,GO_GOAL
1.52,-2.7184,-2.0087,0.6528,-2.7133,-1.9697,-2.6926,-2.0128,0.3619,GO_GOAL
1.54,-2.716,-2.007,0.6528,-2.7133,-1.9697,-2.6926,-2.0128,0.3636,GO_GOAL
1.56,-2.7136,-2.0051,0.6528,-2.7114,-1.9675,-2.6926,-2.0128,0.3654,GO_GOAL
1.58,-2.7113,-2.0033,0.6528,-2.7094,-1.9652,-2.6926,-2.0128,0.3673,GO_GOAL
1.6,-2.7089,-2.0015,0.6528,-2.7074,-1.963,-2.6926,-2.0128,0.3691,GO_GOAL
1.62,-2.7065,-1.9996,0.6528,-2.7054,-1.9608,-2.683,-2.0055,0.3709,GO_GOAL
1.64,-2.7041,-1.9978,0.6528,-2.7034,-1.9585,-2.683,-2.0055,0.3727,GO_GOAL
1.66,-2.7017,-1.996,0.6528,-2.7014,-1.9563,-2.683,-2.0055,0.3746,GO_GOAL
1.68,-2.6993,-1.9942,0.6528,-2.6994,-1.954,-2.683,-2.0055,0.3764,GO_GOAL
1.7,-2.6969,-1.9923,0.6528,-2.6974,-1.9518,-2.683,-2.0055,0.3782,GO_GOAL
1.72,-2.6945,-1.9905,0.6528,-2.6934,-1.9473,-2.6711,-1.9964,0.38,GO_GOAL
1.74,-2.6922,-1.9887,0.6528,-2.6934,-1.9473,-2.6711,-1.9964,0.3819,GO_GOAL
1.76,-2.6898,-1.9869,0.6528,-2.6914,-1.945,-2.6711,-1.9964,0.3837,GO_GOAL
1.78,-2.6874,-1.9851,0.6528,-2.6875,-1.9406,-2.6711,-1.9964,0.3855,GO_GOAL
1.8,-2.685,-1.9832,0.6528,-2.6875,-1.9406,-2.6711,-1.9964,0.3873,GO_GOAL
1.82,-2.6826,-1.9814,0.6528,-2.6855,-1.9383,-2.6592,-1.9873,0.3892,GO_GOAL
1.84,-2.6803,-1.9796,0.6528,-2.6815,-1.9338,-2.6592,-1.9873,0.391,GO_GOAL
1.86,-2.6779,-1.9778,0.6528,-2.6815,-1.9338,-2.6592,-1.9873,0.3928,GO_GOAL
1.88,-2.6755,-1.976,0.6528,-2.6775,-1.9293,-2.6592,-1.9873,0.3946,GO_GOAL
1.9,-2.6731,-1.9741,0.6528,-2.6755,-1.9271,-2.6592,-1.9873,0.3964,GO_GOAL
1.92,-2.6707,-1.9723,0.6528,-2.6755,-1.9271,-2.6473,-1.9782,0.3982,GO_GOAL
1.94,-2.6684,-1.9705,0.6528,-2.6735,-1.9249,-2.6473,-1.9782,0.4001,GO_GOAL
1.96,-2.666,-1.9687,0.6528,-2.6715,-1.9226,-2.6473,-1.9782,0.4019,GO_GOAL
1.98,-2.6636,-1.9669,0.6528,-2.6695,-1.9204,-2.6473,-1.9782,0.4037,GO_GOAL
2.0,-2.6612,-1.9651,0.6528,-2.6656,-1.9159,-2.6473,-1.9782,0.4055,GO_GOAL
2.02,-2.6589,-1.9633,0.6528,-2.6656,-1.9159,-2.6354,-1.9691,0.4073,GO_GOAL
2.04,-2.6565,-1.9615,0.6528,-2.6636,-1.9136,-2.6354,-1.9691,0.409,GO_GOAL
2.06,-2.6542,-1.9598,0.6528,-2.6616,-1.9114,-2.6354,-1.9691,0.4108,GO_GOAL
2.08,-2.6518,-1.958,0.6528,-2.6596,-1.9091,-2.6354,-1.9691,0.4126,GO_GOAL
2.1,-2.6495,-1.9562,0.6528,-2.6576,-1.9069,-2.6354,-1.9691,0.4143,GO_GOAL
2.12,-2.6471,-1.9544,0.6528,-2.6556,-1.9047,-2.6235,-1.96,0.4161,GO_GOAL
2.14,-2.6447,-1.9526,0.6528,-2.6536,-1.9024,-2.6235,-1.96,0.418,GO_GOAL
2.16,-2.6424,-1.9508,0.6528,-2.6516,-1.9002,-2.6235,-1.96,0.4198,GO_GOAL
2.18,-2.64,-1.949,0.6528,-2.6496,-1.8979,-2.6235,-1.96,0.4216,GO_GOAL
2.2,-2.6376,-1.9471,0.6528,-2.6476,-1.8957,-2.6235,-1.96,0.4234,GO_GOAL
2.22,-2.6351,-1.9452,0.6525,-2.6456,-1.8934,-2.6115,-1.9509,0.4254,GO_GOAL
2.24,-2.6325,-1.9432,0.6516,-2.6437,-1.8912,-2.6115,-1.9509,0.4273,GO_GOAL
2.26,-2.63,-1.9413,0.6501,-2.6397,-1.8868,-2.6115,-1.9509,0.4293,GO_GOAL
2.28,-2.6275,-1.9395,0.648,-2.6397,-1.8868,-2.6115,-1.9509,0.4312,GO_GOAL
2.3,-2.6251,-1.9376,0.6453,-2.6377,-1.8846,-2.6115,-1.9509,0.4331,GO_GOAL
2.646,-2.6227,-1.9358,0.642,-2.6003,-1.8461,-2.5634,-1.9158,0.435,AVOID
2.646,-2.6202,-1.934,0.6385,-2.6003,-1.8461,-2.5634,-1.9158,0.4369,AVOID
2.646,-2.6178,-1.9322,0.635,-2.6003,-1.8461,-2.5634,-1.9158,0.4388,AVOID
2.646,-2.6154,-1.9304,0.6315,-2.6003,-1.8461,-2.5634,-1.9158,0.4407,AVOID
2.646,-2.613,-1.9287,0.628,-2.6003,-1.8461,-2.5634,-1.9158,0.4425,AVOID
2.646,-2.6105,-1.9269,0.6246,-2.6003,-1.8461,-2.5634,-1.9158,0.4444,AVOID
2.646,-2.6081,-1.9251,0.6211,-2.6003,-1.8461,-2.5634,-1.9158,0.4462,AVOID
2.646,-2.6057,-1.9234,0.6176,-2.6003,-1.8461,-2.5634,-1.9158,0.4481,AVOID
2.646,-2.6032,-1.9217,0.6141,-2.6003,-1.8461,-2.5634,-1.9158,0.4499,AVOID
2.646,-2.6008,-1.9199,0.6106,-2.6003,-1.8461,-2.5634,-1.9158,0.4517,AVOID
2.646,-2.5983,-1.9182,0.6071,-2.6003,-1.8461,-2.5634,-1.9158,0.4535,AVOID
2.646,-2.5958,-1.9165,0.6036,-2.6003,-1.8461,-2.5634,-1.9158,0.4553,AVOID
2.646,-2.5934,-1.9148,0.6001,-2.6003,-1.8461,-2.5634,-1.9158,0.4571,AVOID
2.646,-2.5909,-1.9132,0.5966,-2.6003,-1.8461,-2.5634,-1.9158,0.4589,AVOID
2.646,-2.5884,-1.9115,0.5931,-2.6003,-1.8461,-2.5634,-1.9158,0.4606,AVOID
2.646,-2.586,-1.9098,0.5897,-2.6003,-1.8461,-2.5634,-1.9158,0.4624,AVOID
2.648,-2.5835,-1.9082,0.5862,-2.6003,-1.8461,-2.5634,-1.9158,0.4641,AVOID
2.66,-2.5811,-1.9065,0.5827,-2.5982,-1.8441,-2.5634,-1.9158,0.4659,AVOID
2.68,-2.5786,-1.9049,0.5792,-2.5982,-1.8441,-2.5634,-1.9158,0.4676,AVOID
2.7,-2.5761,-1.9032,0.5757,-2.5961,-1.842,-2.5634,-1.9158,0.4693,AVOID
2.72,-2.5736,-1.9016,0.5722,-2.5939,-1.84,-2.551,-1.9076,0.4711,AVOID
2.74,-2.571,-1.9,0.5687,-2.5917,-1.8379,-2.551,-1.9076,0.4728,AVOID
2.76,-2.5685,-1.8984,0.5652,-2.5874,-1.8339,-2.551,-1.9076,0.4745,AVOID
2.78,-2.5659,-1.8967,0.5617,-2.5852,-1.8318,-2.551,-1.9076,0.4762,AVOID
2.8,-2.5634,-1.8951,0.5583,-2.5852,-1.8318,-2.551,-1.9076,0.4779,AVOID
2.82,-2.561,-1.8936,0.555,-2.5808,-1.8278,-2.5359,-1.898,0.4795,GO_GOAL
2.84,-2.5586,-1.8922,0.5524,-2.5808,-1.8278,-2.5359,-1.898,0.481,GO_GOAL
2.86,-2.5561,-1.8907,0.5504,-2.5786,-1.8258,-2.5359,-1.898,0.4826,GO_GOAL
2.88,-2.5537,-1.8892,0.549,-2.5764,-1.8238,-2.5359,-1.898,0.4841,GO_GOAL
2.9,-2.5512,-1.8876,0.5482,-2.5741,-1.8217,-2.5359,-1.898,0.4857,GO_GOAL
2.92,-2.5486,-1.8861,0.5479,-2.5719,-1.8197,-2.5257,-1.8917,0.4873,GO_GOAL
2.94,-2.5461,-1.8845,0.5479,-2.5697,-1.8177,-2.5257,-1.8917,0.4888,GO_GOAL
2.96,-2.5435,-1.8829,0.5479,-2.5675,-1.8157,-2.5257,-1.8917,0.4904,GO_GOAL
2.98,-2.541,-1.8814,0.5479,-2.5631,-1.8116,-2.5257,-1.8917,0.4919,GO_GOAL
3.0,-2.5384,-1.8798,0.5479,-2.5631,-1.8116,-2.5257,-1.8917,0.4935,GO_GOAL
3.02,-2.5358,-1.8783,0.5479,-2.5609,-1.8096,-2.5129,-1.8839,0.4951,GO_GOAL
3.04,-2.5333,-1.8767,0.5479,-2.5586,-1.8076,-2.5129,-1.8839,0.4966,GO_GOAL
3.06,-2.5307,-1.8751,0.5479,-2.5564,-1.8055,-2.5129,-1.8839,0.4982,GO_GOAL
3.08,-2.5282,-1.8736,0.5479,-2.5542,-1.8035,-2.5129,-1.8839,0.4997,GO_GOAL
3.1,-2.5256,-1.872,0.5479,-2.552,-1.8015,-2.5129,-1.8839,0.5013,GO_GOAL
3.12,-2.5231,-1.8704,0.5479,-2.5498,-1.7995,-2.5001,-1.8761,0.5029,GO_GOAL
3.14,-2.5206,-1.8689,0.5479,-2.5476,-1.7975,-2.5001,-1.8761,0.5045,GO_GOAL
3.16,-2.5181,-1.8673,0.5479,-2.5453,-1.7954,-2.5001,-1.8761,0.5061,GO_GOAL
3.18,-2.5156,-1.8657,0.5479,-2.5431,-1.7934,-2.5001,-1.8761,0.5076,GO_GOAL
3.2,-2.5131,-1.8641,0.5479,-2.5387,-1.7894,-2.5001,-1.8761,0.5092,GO_GOAL
3.22,-2.5106,-1.8626,0.5479,-2.5387,-1.7894,-2.4873,-1.8682,0.5108,GO_GOAL
3.24,-2.5081,-1.861,0.5479,-2.5365,-1.7873,-2.4873,-1.8682,0.5123,GO_GOAL
3.26,-2.5055,-1.8594,0.5479,-2.5321,-1.7833,-2.4873,-1.8682,0.5139,GO_GOAL
3.28,-2.5029,-1.8579,0.5479,-2.5321,-1.7833,-2.4873,-1.8682,0.5155,GO_GOAL
3.3,-2.5004,-1.8563,0.5479,-2.5298,-1.7813,-2.4873,-1.8682,0.517,GO_GOAL
3.32,-2.4978,-1.8547,0.5479,-2.5254,-1.7772,-2.4745,-1.8604,0.5186,GO_GOAL
3.34,-2.4952,-1.8532,0.5479,-2.5254,-1.7772,-2.4745,-1.8604,0.5202,GO_GOAL
3.36,-2.4927,-1.8516,0.5479,-2.5232,-1.7752,-2.4745,-1.8604,0.5217,GO_GOAL
3.38,-2.4901,-1.85,0.5479,-2.521,-1.7732,-2.4745,-1.8604,0.5233,GO_GOAL
3.4,-2.4875,-1.8485,0.5479,-2.5188,-1.7711,-2.4745,-1.8604,0.5249,GO_GOAL
3.42,-2.485,-1.8469,0.5479,-2.5143,-1.7671,-2.4591,-1.8511,0.5264,GO_GOAL
3.44,-2.4824,-1.8453,0.5479,-2.5143,-1.7671,-2.4591,-1.8511,0.528,GO_GOAL
3.46,-2.4799,-1.8438,0.5479,-2.5121,-1.7651,-2.4591,-1.8511,0.5296,GO_GOAL
3.48,-2.4773,-1.8422,0.5479,-2.5099,-1.7631,-2.4591,-1.8511,0.5311,GO_GOAL
3.5,-2.4747,-1.8407,0.5479,-2.5077,-1.761,-2.4591,-1.8511,0.5327,GO_GOAL
3.52,-2.4722,-1.8391,0.5479,-2.5055,-1.759,-2.4489,-1.8448,0.5342,GO_GOAL
3.54,-2.4696,-1.8375,0.5479,-2.5033,-1.757,-2.4489,-1.8448,0.5358,GO_GOAL
3.56,-2.4671,-1.836,0.5479,-2.5011,-1.755,-2.4489,-1.8448,0.5374,GO_GOAL
3.58,-2.4645,-1.8344,0.5479,-2.4988,-1.7529,-2.4489,-1.8448,0.5389,GO_GOAL
3.6,-2.462,-1.8329,0.5479,-2.4966,-1.7509,-2.4489,-1.8448,0.5405,GO_GOAL
3.62,-2.4594,-1.8313,0.5479,-2.4944,-1.7489,-2.4361,-1.837,0.542,GO_GOAL
3.64,-2.4569,-1.8298,0.5479,-2.4922,-1.7469,-2.4361,-1.837,0.5436,GO_GOAL
3.66,-2.4544,-1.8282,0.5479,-2.49,-1.7448,-2.4361,-1.837,0.5451,GO_GOAL
3.68,-2.4518,-1.8267,0.5479,-2.4878,-1.7428,-2.4361,-1.837,0.5467,GO_GOAL
3.7,-2.4493,-1.8251,0.5479,-2.4856,-1.7408,-2.4361,-1.837,0.5482,GO_GOAL
3.72,-2.4468,-1.8236,0.5479,-2.4811,-1.7367,-2.4233,-1.8292,0.5497,GO_GOAL
3.74,-2.4443,-1.822,0.5479,-2.4811,-1.7367,-2.4233,-1.8292,0.5513,GO_GOAL
3.76,-2.4417,-1.8205,0.5479,-2.4789,-1.7347,-2.4233,-1.8292,0.5529,GO_GOAL
3.78,-2.4391,-1.8189,0.5479,-2.4767,-1.7327,-2.4233,-1.8292,0.5544,GO_GOAL
3.8,-2.4366,-1.8173,0.5479,-2.4745,-1.7307,-2.4233,-1.8292,0.556,GO_GOAL
3.82,-2.434,-1.8158,0.5479,-2.47,-1.7266,-2.4105,-1.8214,0.5576,GO_GOAL
3.84,-2.4314,-1.8142,0.5479,-2.47,-1.7266,-2.4105,-1.8214,0.5591,GO_GOAL
3.86,-2.4289,-1.8126,0.5479,-2.4678,-1.7246,-2.4105,-1.8214,0.5607,GO_GOAL
3.88,-2.4263,-1.8111,0.5479,-2.4656,-1.7226,-2.4105,-1.8214,0.5623,GO_GOAL
3.9,-2.4237,-1.8095,0.5479,-2.4634,-1.7206,-2.4105,-1.8214,0.5638,GO_GOAL
3.92,-2.4212,-1.8079,0.5479,-2.4612,-1.7185,-2.3977,-1.8136,0.5654,GO_GOAL
3.94,-2.4186,-1.8064,0.5479,-2.459,-1.7165,-2.3977,-1.8136,0.567,GO_GOAL
3.96,-2.4161,-1.8048,0.5479,-2.4568,-1.7145,-2.3977,-1.8136,0.5685,GO_GOAL
3.98,-2.4135,-1.8033,0.5479,-2.4545,-1.7125,-2.3977,-1.8136,0.5701,GO_GOAL
4.0,-2.4109,-1.8017,0.5479,-2.4523,-1.7104,-2.3977,-1.8136,0.5716,GO_GOAL
4.02,-2.4084,-1.8001,0.5479,-2.4501,-1.7084,-2.3849,-1.8057,0.5732,GO_GOAL
4.04,-2.4058,-1.7986,0.5479,-2.4479,-1.7064,-2.3849,-1.8057,0.5748,GO_GOAL
4.06,-2.4033,-1.797,0.5479,-2.4457,-1.7044,-2.3849,-1.8057,0.5763,GO_GOAL
4.08,-2.4007,-1.7955,0.5479,-2.4435,-1.7023,-2.3849,-1.8057,0.5779,GO_GOAL
4.1,-2.3982,-1.7939,0.5479,-2.4413,-1.7003,-2.3849,-1.8057,0.5794,GO_GOAL
4.12,-2.3956,-1.7923,0.5479,-2.439,-1.6983,-2.372,-1.7979,0.581,GO_GOAL
4.14,-2.3931,-1.7908,0.5479,-2.4346,-1.6943,-2.372,-1.7979,0.5825,GO_GOAL
4.16,-2.3905,-1.7892,0.5479,-2.4324,-1.6922,-2.372,-1.7979,0.5841,GO_GOAL
4.18,-2.388,-1.7877,0.5479,-2.4324,-1.6922,-2.372,-1.7979,0.5856,GO_GOAL
4.2,-2.3855,-1.7862,0.5479,-2.4302,-1.6902,-2.372,-1.7979,0.5872,GO_GOAL
4.22,-2.383,-1.7846,0.5479,-2.428,-1.6882,-2.3592,-1.7901,0.5887,GO_GOAL
4.24,-2.3804,-1.7831,0.5479,-2.4235,-1.6841,-2.3592,-1.7901,0.5877,GO_GOAL
4.26,-2.3779,-1.7815,0.5479,-2.4235,-1.6841,-2.3592,-1.7901,0.5851,GO_GOAL
4.28,-2.3753,-1.7799,0.5479,-2.4213,-1.6821,-2.3592,-1.7901,0.5826,GO_GOAL
4.3,-2.3727,-1.7784,0.5479,-2.4191,-1.6801,-2.3592,-1.7901,0.58,GO_GOAL
4.32,-2.3702,-1.7768,0.5479,-2.4169,-1.6781,-2.3464,-1.7823,0.5775,GO_GOAL
4.34,-2.3676,-1.7752,0.5479,-2.4147,-1.676,-2.3464,-1.7823,0.5749,GO_GOAL
4.36,-2.365,-1.7737,0.5479,-2.4102,-1.672,-2.3464,-1.7823,0.5724,GO_GOAL
4.38,-2.3625,-1.7721,0.5479,-2.4102,-1.672,-2.3464,-1.7823,0.5698,GO_GOAL
4.4,-2.3599,-1.7706,0.5479,-2.408,-1.67,-2.3464,-1.7823,0.5673,GO_GOAL
4.42,-2.3574,-1.769,0.5479,-2.4058,-1.6679,-2.3336,-1.7745,0.5648,GO_GOAL
4.44,-2.3548,-1.7674,0.5479,-2.4036,-1.6659,-2.3336,-1.7745,0.5622,GO_GOAL
4.46,-2.3522,-1.7659,0.5479,-2.4014,-1.6639,-2.3336,-1.7745,0.5597,GO_GOAL
4.48,-2.3497,-1.7643,0.5479,-2.3992,-1.6619,-2.3336,-1.7745,0.5572,GO_GOAL
4.5,-2.3471,-1.7627,0.5479,-2.397,-1.6598,-2.3336,-1.7745,0.5547,GO_GOAL
4.52,-2.3446,-1.7612,0.5479,-2.3947,-1.6578,-2.3208,-1.7667,0.5522,GO_GOAL
4.54,-2.342,-1.7596,0.5479,-2.3903,-1.6538,-2.3208,-1.7667,0.5497,GO_GOAL
4.56,-2.3394,-1.7581,0.5479,-2.3903,-1.6538,-2.3208,-1.7667,0.5472,GO_GOAL
4.58,-2.3369,-1.7565,0.5479,-2.3881,-1.6518,-2.3208,-1.7667,0.5447,GO_GOAL
4.6,-2.3343,-1.7549,0.5479,-2.3859,-1.6497,-2.3208,-1.7667,0.5422,GO_GOAL
4.62,-2.3318,-1.7534,0.5479,-2.3837,-1.6477,-2.308,-1.7589,0.5397,GO_GOAL
4.64,-2.3292,-1.7518,0.5479,-2.3815,-1.6457,-2.308,-1.7589,0.5372,GO_GOAL
4.66,-2.3267,-1.7503,0.5479,-2.3792,-1.6437,-2.308,-1.7589,0.5347,GO_GOAL
4.68,-2.3242,-1.7488,0.5479,-2.377,-1.6416,-2.308,-1.7589,0.5323,GO_GOAL
4.7,-2.3217,-1.7472,0.5479,-2.3726,-1.6376,-2.308,-1.7589,0.5298,GO_GOAL
4.72,-2.3192,-1.7457,0.5479,-2.3726,-1.6376,-2.2952,-1.751,0.5274,GO_GOAL
4.74,-2.3166,-1.7441,0.5479,-2.3704,-1.6356,-2.2952,-1.751,0.5249,GO_GOAL
4.76,-2.314,-1.7426,0.5479,-2.3682,-1.6335,-2.2952,-1.751,0.5224,GO_GOAL
4.78,-2.3115,-1.741,0.5479,-2.366,-1.6315,-2.2952,-1.751,0.52,GO_GOAL
4.8,-2.3089,-1.7394,0.5479,-2.3637,-1.6295,-2.2952,-1.751,0.5175,GO_GOAL
4.82,-2.3063,-1.7379,0.5479,-2.3615,-1.6275,-2.2824,-1.7432,0.515,GO_GOAL
4.84,-2.3038,-1.7363,0.5479,-2.3593,-1.6254,-2.2824,-1.7432,0.5125,GO_GOAL
4.86,-2.3012,-1.7347,0.5479,-2.3549,-1.6214,-2.2824,-1.7432,0.5101,GO_GOAL
4.88,-2.2986,-1.7332,0.5479,-2.3549,-1.6214,-2.2824,-1.7432,0.5076,GO_GOAL
4.9,-2.2961,-1.7316,0.5479,-2.3527,-1.6194,-2.2824,-1.7432,0.5052,GO_GOAL
4.92,-2.2935,-1.73,0.5479,-2.3504,-1.6174,-2.2696,-1.7354,0.5027,GO_GOAL
4.94,-2.291,-1.7285,0.5479,-2.346,-1.6133,-2.2696,-1.7354,0.5003,GO_GOAL
4.96,-2.2884,-1.7269,0.5479,-2.346,-1.6133,-2.2696,-1.7354,0.4978,GO_GOAL
4.98,-2.2858,-1.7254,0.5479,-2.3438,-1.6113,-2.2696,-1.7354,0.4954,GO_GOAL
5.0,-2.2833,-1.7238,0.5479,-2.3416,-1.6093,-2.2696,-1.7354,0.493,GO_GOAL
5.02,-2.2807,-1.7222,0.5479,-2.3372,-1.6052,-2.2568,-1.7276,0.4905,GO_GOAL
5.04,-2.2782,-1.7207,0.5479,-2.3372,-1.6052,-2.2568,-1.7276,0.4881,GO_GOAL
5.06,-2.2756,-1.7191,0.5479,-2.3349,-1.6032,-2.2568,-1.7276,0.4857,GO_GOAL
5.08,-2.2731,-1.7176,0.5479,-2.3327,-1.6012,-2.2568,-1.7276,0.4833,GO_GOAL
5.1,-2.2705,-1.716,0.5479,-2.3305,-1.5991,-2.2568,-1.7276,0.4809,GO_GOAL
5.12,-2.268,-1.7144,0.5479,-2.3283,-1.5971,-2.244,-1.7198,0.4785,GO_GOAL
5.14,-2.2654,-1.7129,0.5479,-2.3261,-1.5951,-2.244,-1.7198,0.4761,GO_GOAL
5.16,-2.2629,-1.7114,0.5479,-2.3239,-1.5931,-2.244,-1.7198,0.4737,GO_GOAL
5.18,-2.2604,-1.7098,0.5479,-2.3217,-1.591,-2.244,-1.7198,0.4714,GO_GOAL
5.198,-2.2579,-1.7083,0.5479,-2.3194,-1.589,-2.244,-1.7198,0.469,GO_GOAL
5.22,-2.2553,-1.7067,0.5479,-2.3172,-1.587,-2.2286,-1.7104,0.4666,GO_GOAL
5.24,-2.2527,-1.7052,0.5479,-2.315,-1.585,-2.2286,-1.7104,0.4643,GO_GOAL
5.26,-2.2502,-1.7036,0.5479,-2.3106,-1.5809,-2.2286,-1.7104,0.4619,GO_GOAL
5.28,-2.2476,-1.702,0.5479,-2.3106,-1.5809,-2.2286,-1.7104,0.4595,GO_GOAL
5.3,-2.245,-1.7005,0.5479,-2.3084,-1.5789,-2.2286,-1.7104,0.4571,GO_GOAL
5.318,-2.2425,-1.6989,0.5479,-2.3062,-1.5769,-2.2184,-1.7042,0.4547,GO_GOAL
5.34,-2.2399,-1.6973,0.5479,-2.3039,-1.5749,-2.2184,-1.7042,0.4524,GO_GOAL
5.36,-2.2374,-1.6958,0.5479,-2.3017,-1.5728,-2.2184,-1.7042,0.45,GO_GOAL
5.38,-2.2348,-1.6942,0.5479,-2.2995,-1.5708,-2.2184,-1.7042,0.4477,GO_GOAL
5.4,-2.2322,-1.6926,0.5479,-2.2973,-1.5688,-2.2184,-1.7042,0.4453,GO_GOAL
5.42,-2.2297,-1.6911,0.5479,-2.2951,-1.5668,-2.2056,-1.6964,0.443,GO_GOAL
5.44,-2.2271,-1.6895,0.5479,-2.2929,-1.5647,-2.2056,-1.6964,0.4406,GO_GOAL
5.46,-2.2246,-1.688,0.5479,-2.2907,-1.5627,-2.2056,-1.6964,0.4383,GO_GOAL
5.48,-2.222,-1.6864,0.5479,-2.2884,-1.5607,-2.2056,-1.6964,0.436,GO_GOAL
5.5,-2.2194,-1.6848,0.5479,-2.2862,-1.5587,-2.2056,-1.6964,0.4336,GO_GOAL
5.52,-2.2169,-1.6833,0.5479,-2.2818,-1.5546,-2.1928,-1.6885,0.4313,GO_GOAL
5.54,-2.2143,-1.6817,0.5479,-2.2818,-1.5546,-2.1928,-1.6885,0.429,GO_GOAL
5.56,-2.2118,-1.6802,0.5479,-2.2774,-1.5506,-2.1928,-1.6885,0.4267,GO_GOAL
5.58,-2.2092,-1.6786,0.5479,-2.2774,-1.5506,-2.1928,-1.6885,0.4244,GO_GOAL
5.6,-2.2067,-1.6771,0.5479,-2.2729,-1.5465,-2.1928,-1.6885,0.4221,GO_GOAL
5.62,-2.2042,-1.6755,0.5479,-2.2729,-1.5465,-2.18,-1.6807,0.4199,GO_GOAL
5.64,-2.2016,-1.674,0.5479,-2.2707,-1.5445,-2.18,-1.6807,0.4176,GO_GOAL
5.66,-2.1991,-1.6724,0.5479,-2.2685,-1.5425,-2.18,-1.6807,0.4154,GO_GOAL
5.68,-2.1966,-1.6709,0.5479,-2.2663,-1.5405,-2.18,-1.6807,0.4131,GO_GOAL
5.7,-2.194,-1.6693,0.5479,-2.2641,-1.5384,-2.18,-1.6807,0.4108,GO_GOAL
5.72,-2.1914,-1.6678,0.5479,-2.2619,-1.5364,-2.1672,-1.6729,0.4085,GO_GOAL
5.74,-2.1889,-1.6662,0.5479,-2.2596,-1.5344,-2.1672,-1.6729,0.4063,GO_GOAL
5.76,-2.1863,-1.6646,0.5479,-2.2574,-1.5324,-2.1672,-1.6729,0.404,GO_GOAL
5.78,-2.1838,-1.6631,0.5479,-2.253,-1.5283,-2.1672,-1.6729,0.4017,GO_GOAL
5.8,-2.1812,-1.6615,0.5479,-2.253,-1.5283,-2.1672,-1.6729,0.3995,GO_GOAL
5.82,-2.1786,-1.6599,0.5479,-2.2508,-1.5263,-2.1544,-1.6651,0.3972,GO_GOAL
5.84,-2.1761,-1.6584,0.5479,-2.2486,-1.5243,-2.1544,-1.6651,0.395,GO_GOAL
5.86,-2.1735,-1.6568,0.5479,-2.2464,-1.5222,-2.1544,-1.6651,0.3928,GO_GOAL
5.88,-2.1709,-1.6552,0.5479,-2.2441,-1.5202,-2.1544,-1.6651,0.3906,GO_GOAL
5.9,-2.1684,-1.6537,0.5479,-2.2419,-1.5182,-2.1544,-1.6651,0.3883,GO_GOAL
5.92,-2.1658,-1.6521,0.5479,-2.2397,-1.5162,-2.1416,-1.6573,0.3861,GO_GOAL
5.94,-2.1633,-1.6506,0.5479,-2.2375,-1.5142,-2.1416,-1.6573,0.3839,GO_GOAL
5.96,-2.1607,-1.649,0.5479,-2.2353,-1.5121,-2.1416,-1.6573,0.3817,GO_GOAL
5.98,-2.1582,-1.6474,0.5479,-2.2331,-1.5101,-2.1416,-1.6573,0.3795,GO_GOAL
6.0,-2.1556,-1.6459,0.5479,-2.2309,-1.5081,-2.1416,-1.6573,0.3773,GO_GOAL
6.02,-2.1531,-1.6443,0.5479,-2.2286,-1.5061,-2.1288,-1.6495,0.3752,GO_GOAL
6.04,-2.1505,-1.6428,0.5479,-2.2242,-1.502,-2.1288,-1.6495,0.373,GO_GOAL
6.06,-2.148,-1.6412,0.5479,-2.2242,-1.502,-2.1288,-1.6495,0.3709,GO_GOAL
6.08,-2.1455,-1.6397,0.5479,-2.222,-1.5,-2.1288,-1.6495,0.3687,GO_GOAL
6.1,-2.1429,-1.6382,0.5479,-2.2198,-1.498,-2.1288,-1.6495,0.3666,GO_GOAL
6.12,-2.1404,-1.6366,0.5479,-2.2176,-1.4959,-2.116,-1.6417,0.3645,GO_GOAL
6.14,-2.1378,-1.635,0.5479,-2.2153,-1.4939,-2.116,-1.6417,0.3623,GO_GOAL
6.16,-2.1353,-1.6335,0.5479,-2.2131,-1.4919,-2.116,-1.6417,0.3602,GO_GOAL
6.18,-2.1327,-1.6319,0.5479,-2.2109,-1.4899,-2.116,-1.6417,0.358,GO_GOAL
6.2,-2.1301,-1.6303,0.5479,-2.2087,-1.4878,-2.116,-1.6417,0.3559,GO_GOAL
6.22,-2.1276,-1.6288,0.5479,-2.2065,-1.4858,-2.1032,-1.6339,0.3538,GO_GOAL
6.24,-2.125,-1.6272,0.5479,-2.2043,-1.4838,-2.1032,-1.6339,0.3516,GO_GOAL
6.26,-2.1224,-1.6256,0.5479,-2.2021,-1.4818,-2.1032,-1.6339,0.3495,GO_GOAL
6.28,-2.1199,-1.6241,0.5479,-2.1998,-1.4798,-2.1032,-1.6339,0.3474,GO_GOAL
6.3,-2.1173,-1.6225,0.5479,-2.1976,-1.4777,-2.1032,-1.6339,0.3453,GO_GOAL
6.32,-2.1148,-1.621,0.5479,-2.1954,-1.4757,-2.0903,-1.626,0.3433,GO_GOAL
6.34,-2.1122,-1.6194,0.5479,-2.191,-1.4717,-2.0903,-1.626,0.3412,GO_GOAL
6.36,-2.1096,-1.6178,0.5479,-2.191,-1.4717,-2.0903,-1.626,0.3391,GO_GOAL
6.38,-2.1071,-1.6163,0.5479,-2.1888,-1.4696,-2.0903,-1.626,0.3371,GO_GOAL
6.4,-2.1045,-1.6147,0.5479,-2.1866,-1.4676,-2.0903,-1.626,0.335,GO_GOAL
6.42,-2.102,-1.6132,0.5479,-2.1821,-1.4636,-2.0775,-1.6182,0.333,GO_GOAL
6.44,-2.0994,-1.6116,0.5479,-2.1821,-1.4636,-2.0775,-1.6182,0.3309,GO_GOAL
6.46,-2.0969,-1.61,0.5479,-2.1799,-1.4615,-2.0775,-1.6182,0.3289,GO_GOAL
6.48,-2.0943,-1.6085,0.5479,-2.1777,-1.4595,-2.0775,-1.6182,0.3269,GO_GOAL
6.5,-2.0918,-1.607,0.5479,-2.1755,-1.4575,-2.0775,-1.6182,0.3249,GO_GOAL
6.52,-2.0893,-1.6054,0.5479,-2.1733,-1.4555,-2.0647,-1.6104,0.3229,GO_GOAL
6.54,-2.0868,-1.6039,0.5479,-2.1688,-1.4514,-2.0647,-1.6104,0.3209,GO_GOAL
6.56,-2.0842,-1.6023,0.5479,-2.1688,-1.4514,-2.0647,-1.6104,0.3189,GO_GOAL
6.58,-2.0816,-1.6007,0.5479,-2.1666,-1.4494,-2.0647,-1.6104,0.3169,GO_GOAL
6.6,-2.0791,-1.5992,0.5479,-2.1644,-1.4474,-2.0647,-1.6104,0.315,GO_GOAL
6.62,-2.0766,-1.5977,0.5482,-2.1622,-1.4454,-2.0519,-1.6026,0.3131,GO_GOAL
6.64,-2.0743,-1.5963,0.5491,-2.1578,-1.4413,-2.0519,-1.6026,0.3113,GO_GOAL
6.66,-2.0719,-1.5948,0.5505,-2.1578,-1.4413,-2.0519,-1.6026,0.3095,GO_GOAL
6.68,-2.0695,-1.5933,0.5526,-2.1556,-1.4393,-2.0519,-1.6026,0.3077,GO_GOAL
6.7,-2.067,-1.5918,0.5553,-2.1535,-1.4373,-2.0519,-1.6026,0.3059,GO_GOAL
6.72,-2.0645,-1.5903,0.5585,-2.1513,-1.4352,-2.0392,-1.5948,0.3041,GO_GOAL
6.74,-2.062,-1.5887,0.562,-2.1491,-1.4332,-2.0392,-1.5948,0.3023,GO_GOAL
6.76,-2.0596,-1.5871,0.5655,-2.147,-1.4311,-2.0392,-1.5948,0.3004,GO_GOAL
6.78,-2.0571,-1.5855,0.569,-2.1448,-1.429,-2.0392,-1.5948,0.2986,GO_GOAL
6.8,-2.0546,-1.5839,0.5725,-2.1427,-1.427,-2.0392,-1.5948,0.2968,GO_GOAL
6.82,-2.052,-1.5822,0.5757,-2.1406,-1.4249,-2.0266,-1.5869,0.2948,GO_GOAL
6.84,-2.0493,-1.5805,0.5783,-2.1384,-1.4228,-2.0266,-1.5869,0.2928,GO_GOAL
6.86,-2.0467,-1.5788,0.5803,-2.1363,-1.4207,-2.0266,-1.5869,0.2908,GO_GOAL
6.88,-2.0441,-1.5771,0.5821,-2.1341,-1.4186,-2.0266,-1.5869,0.2889,GO_GOAL
6.9,-2.0415,-1.5754,0.5839,-2.132,-1.4165,-2.0266,-1.5869,0.2869,GO_GOAL
6.92,-2.039,-1.5737,0.5857,-2.1298,-1.4144,-2.0141,-1.5787,0.285,GO_GOAL
6.94,-2.0364,-1.572,0.5875,-2.1277,-1.4123,-2.0141,-1.5787,0.2831,GO_GOAL
6.96,-2.0338,-1.5703,0.5892,-2.1256,-1.4102,-2.0141,-1.5787,0.2812,GO_GOAL
6.98,-2.0312,-1.5686,0.5903,-2.1234,-1.4081,-2.0141,-1.5787,0.2792,GO_GOAL
7.0,-2.0287,-1.5669,0.5908,-2.1213,-1.406,-2.0141,-1.5787,0.2773,GO_GOAL
7.02,-2.0262,-1.5652,0.5908,-2.1191,-1.4039,-2.0016,-1.5704,0.2754,GO_GOAL
7.04,-2.0237,-1.5635,0.5908,-2.1148,-1.3997,-2.0016,-1.5704,0.2735,GO_GOAL
7.06,-2.0212,-1.5619,0.5908,-2.1148,-1.3997,-2.0016,-1.5704,0.2717,GO_GOAL
7.08,-2.0187,-1.5602,0.5908,-2.1127,-1.3976,-2.0016,-1.5704,0.2698,GO_GOAL
7.1,-2.0162,-1.5585,0.5908,-2.1106,-1.3955,-2.0016,-1.5704,0.2679,GO_GOAL
7.12,-2.0138,-1.5569,0.5908,-2.1063,-1.3913,-1.9891,-1.562,0.2661,GO_GOAL
7.14,-2.0113,-1.5552,0.5908,-2.1041,-1.3892,-1.9891,-1.562,0.2643,GO_GOAL
7.16,-2.0088,-1.5535,0.5908,-2.1041,-1.3892,-1.9891,-1.562,0.2624,GO_GOAL
7.18,-2.0063,-1.5518,0.5908,-2.102,-1.3871,-1.9891,-1.562,0.2606,GO_GOAL
7.2,-2.0038,-1.5502,0.5908,-2.0977,-1.3829,-1.9891,-1.562,0.2588,GO_GOAL
7.22,-2.0013,-1.5485,0.5908,-2.0977,-1.3829,-1.9767,-1.5537,0.257,GO_GOAL
7.24,-1.9988,-1.5468,0.5908,-2.0956,-1.3808,-1.9767,-1.5537,0.2552,GO_GOAL
7.26,-1.9963,-1.5452,0.5908,-2.0934,-1.3787,-1.9767,-1.5537,0.2535,GO_GOAL
7.28,-1.9938,-1.5435,0.5908,-2.0913,-1.3766,-1.9767,-1.5537,0.2517,GO_GOAL
7.3,-1.9914,-1.5419,0.5908,-2.0891,-1.3745,-1.9767,-1.5537,0.25,GO_GOAL
7.32,-1.9889,-1.5402,0.5908,-2.087,-1.3724,-1.9642,-1.5453,0.2483,GO_GOAL
7.34,-1.9864,-1.5386,0.5908,-2.0849,-1.3703,-1.9642,-1.5453,0.2466,GO_GOAL
7.36,-1.9839,-1.5369,0.5908,-2.0827,-1.3682,-1.9642,-1.5453,0.2449,GO_GOAL
7.38,-1.9814,-1.5353,0.5908,-2.0806,-1.3661,-1.9642,-1.5453,0.2431,GO_GOAL
7.4,-1.9789,-1.5336,0.5908,-2.0784,-1.364,-1.9642,-1.5453,0.2414,GO_GOAL
7.42,-1.9764,-1.5319,0.5908,-2.0763,-1.3619,-1.9518,-1.537,0.2397,GO_GOAL
7.44,-1.9739,-1.5302,0.5908,-2.072,-1.3577,-1.9518,-1.537,0.2381,GO_GOAL
7.46,-1.9714,-1.5286,0.5908,-2.072,-1.3577,-1.9518,-1.537,0.2364,GO_GOAL
7.48,-1.9689,-1.5269,0.5908,-2.0699,-1.3556,-1.9518,-1.537,0.2347,GO_GOAL
7.5,-1.9664,-1.5252,0.5908,-2.0677,-1.3535,-1.9518,-1.537,0.2331,GO_GOAL
7.52,-1.964,-1.5235,0.5908,-2.0656,-1.3514,-1.9393,-1.5286,0.2315,GO_GOAL
7.54,-1.9615,-1.5219,0.5908,-2.0613,-1.3472,-1.9393,-1.5286,0.2298,GO_GOAL
7.56,-1.959,-1.5202,0.5908,-2.0613,-1.3472,-1.9393,-1.5286,0.2282,GO_GOAL
7.58,-1.9565,-1.5185,0.5908,-2.0591,-1.3451,-1.9393,-1.5286,0.2266,GO_GOAL
7.6,-1.954,-1.5169,0.5908,-2.0549,-1.3409,-1.9393,-1.5286,0.2251,GO_GOAL
7.62,-1.9515,-1.5152,0.5908,-2.0549,-1.3409,-1.9268,-1.5203,0.2235,GO_GOAL
7.64,-1.949,-1.5135,0.5908,-2.0527,-1.3388,-1.9268,-1.5203,0.2219,GO_GOAL
7.66,-1.9466,-1.5119,0.5908,-2.0506,-1.3367,-1.9268,-1.5203,0.2204,GO_GOAL
7.68,-1.9441,-1.5102,0.5908,-2.0484,-1.3346,-1.9268,-1.5203,0.2189,GO_GOAL
7.7,-1.9416,-1.5086,0.5908,-2.0463,-1.3325,-1.9144,-1.5119,0.2174,GO_GOAL
7.72,-1.9392,-1.5069,0.5908,-2.042,-1.3283,-1.9144,-1.5119,0.2159,GO_GOAL
7.74,-1.9367,-1.5053,0.5908,-2.0399,-1.3262,-1.9144,-1.5119,0.2144,GO_GOAL
7.76,-1.9342,-1.5036,0.5908,-2.0399,-1.3262,-1.9144,-1.5119,0.2129,GO_GOAL
7.78,-1.9317,-1.5019,0.5908,-2.0377,-1.3241,-1.9144,-1.5119,0.2114,GO_GOAL
7.8,-1.9292,-1.5002,0.5908,-2.0356,-1.322,-1.9144,-1.5119,0.2099,GO_GOAL
7.82,-1.9267,-1.4986,0.5908,-2.0334,-1.3199,-1.9019,-1.5036,0.2085,GO_GOAL
7.84,-1.9242,-1.4969,0.5908,-2.0313,-1.3178,-1.9019,-1.5036,0.2071,GO_GOAL
7.86,-1.9217,-1.4952,0.5908,-2.0291,-1.3157,-1.9019,-1.5036,0.2056,GO_GOAL
7.88,-1.9192,-1.4935,0.5908,-2.027,-1.3136,-1.9019,-1.5036,0.2042,GO_GOAL
7.9,-1.9167,-1.4919,0.5908,-2.0249,-1.3115,-1.9019,-1.5036,0.2028,GO_GOAL
7.92,-1.9142,-1.4902,0.5908,-2.0227,-1.3094,-1.8895,-1.4952,0.2015,GO_GOAL
7.94,-1.9117,-1.4885,0.5908,-2.0206,-1.3073,-1.8895,-1.4952,0.2001,GO_GOAL
7.96,-1.9093,-1.4869,0.5908,-2.0184,-1.3052,-1.8895,-1.4952,0.1988,GO_GOAL
7.98,-1.9068,-1.4852,0.5908,-2.0163,-1.3031,-1.8895,-1.4952,0.1974,GO_GOAL
8.0,-1.9043,-1.4835,0.5908,-2.0141,-1.301,-1.8895,-1.4952,0.1961,GO_GOAL
8.02,-1.9018,-1.4819,0.5908,-2.0099,-1.2968,-1.877,-1.4868,0.1948,GO_GOAL
8.04,-1.8993,-1.4802,0.5908,-2.0077,-1.2947,-1.877,-1.4868,0.1935,GO_GOAL
8.06,-1.8969,-1.4785,0.5908,-2.0077,-1.2947,-1.877,-1.4868,0.1922,GO_GOAL
8.08,-1.8944,-1.4769,0.5908,-2.0056,-1.2926,-1.877,-1.4868,0.191,GO_GOAL
8.1,-1.8919,-1.4752,0.5908,-2.0034,-1.2905,-1.877,-1.4868,0.1898,GO_GOAL
8.12,-1.8894,-1.4736,0.5908,-2.0013,-1.2884,-1.8646,-1.4785,0.1885,GO_GOAL
8.14,-1.8869,-1.4719,0.5908,-1.9991,-1.2863,-1.8646,-1.4785,0.1873,GO_GOAL
8.16,-1.8844,-1.4702,0.5908,-1.997,-1.2842,-1.8646,-1.4785,0.1861,GO_GOAL
8.18,-1.8819,-1.4685,0.5908,-1.9927,-1.28,-1.8646,-1.4785,0.1849,GO_GOAL
8.2,-1.8794,-1.4669,0.5908,-1.9927,-1.28,-1.8646,-1.4785,0.1837,GO_GOAL
8.22,-1.877,-1.4652,0.5908,-1.9884,-1.2758,-1.8521,-1.4701,0.1826,GO_GOAL
8.24,-1.8745,-1.4635,0.5908,-1.9863,-1.2737,-1.8521,-1.4701,0.1814,GO_GOAL
8.26,-1.872,-1.4619,0.5908,-1.9863,-1.2737,-1.8521,-1.4701,0.1803,GO_GOAL
8.28,-1.8695,-1.4602,0.5908,-1.9841,-1.2716,-1.8521,-1.4701,0.1792,GO_GOAL
8.3,-1.867,-1.4585,0.5908,-1.9799,-1.2674,-1.8521,-1.4701,0.1781,GO_GOAL
8.32,-1.8645,-1.4569,0.5908,-1.9799,-1.2674,-1.8371,-1.4601,0.177,GO_GOAL
8.34,-1.862,-1.4552,0.5908,-1.9777,-1.2653,-1.8371,-1.4601,0.176,GO_GOAL
8.36,-1.8595,-1.4535,0.5908,-1.9756,-1.2632,-1.8371,-1.4601,0.1749,GO_GOAL
8.38,-1.8571,-1.4519,0.5908,-1.9734,-1.2611,-1.8371,-1.4601,0.1739,GO_GOAL
8.4,-1.8546,-1.4502,0.5908,-1.9713,-1.259,-1.8371,-1.4601,0.1729,GO_GOAL
8.42,-1.8521,-1.4485,0.5908,-1.967,-1.2548,-1.8272,-1.4534,0.1719,GO_GOAL
8.44,-1.8496,-1.4469,0.5908,-1.967,-1.2548,-1.8272,-1.4534,0.1709,GO_GOAL
8.46,-1.8472,-1.4452,0.5908,-1.9649,-1.2527,-1.8272,-1.4534,0.17,GO_GOAL
8.48,-1.8447,-1.4436,0.5908,-1.9627,-1.2506,-1.8272,-1.4534,0.169,GO_GOAL
8.5,-1.8422,-1.4419,0.5908,-1.9584,-1.2464,-1.8272,-1.4534,0.1681,GO_GOAL
8.52,-1.8397,-1.4402,0.5908,-1.9584,-1.2464,-1.8147,-1.4451,0.1672,GO_GOAL
8.54,-1.8372,-1.4385,0.5908,-1.9563,-1.2443,-1.8147,-1.4451,0.1663,GO_GOAL
8.56,-1.8347,-1.4369,0.5908,-1.9541,-1.2422,-1.8147,-1.4451,0.1654,GO_GOAL
8.58,-1.8322,-1.4352,0.5908,-1.952,-1.2401,-1.8147,-1.4451,0.1645,GO_GOAL
8.6,-1.8297,-1.4335,0.5908,-1.9499,-1.238,-1.8147,-1.4451,0.1637,GO_GOAL
8.62,-1.8272,-1.4318,0.5908,-1.9456,-1.2338,-1.8023,-1.4367,0.1628,GO_GOAL
8.64,-1.8247,-1.4302,0.5908,-1.9456,-1.2338,-1.8023,-1.4367,0.162,GO_GOAL
8.66,-1.8222,-1.4285,0.5908,-1.9434,-1.2317,-1.8023,-1.4367,0.1612,GO_GOAL
8.68,-1.8198,-1.4268,0.5908,-1.9413,-1.2296,-1.8023,-1.4367,0.1605,GO_GOAL
8.7,-1.8173,-1.4252,0.5908,-1.9391,-1.2275,-1.8023,-1.4367,0.1597,GO_GOAL
8.72,-1.8148,-1.4235,0.5908,-1.937,-1.2254,-1.7898,-1.4284,0.159,GO_GOAL
8.74,-1.8123,-1.4218,0.5908,-1.9349,-1.2233,-1.7898,-1.4284,0.1583,GO_GOAL
8.76,-1.8098,-1.4202,0.5908,-1.9327,-1.2212,-1.7898,-1.4284,0.1576,GO_GOAL
8.78,-1.8074,-1.4185,0.5908,-1.9306,-1.2191,-1.7898,-1.4284,0.1569,GO_GOAL
8.8,-1.8049,-1.4169,0.5908,-1.9263,-1.2149,-1.7774,-1.42,0.1562,GO_GOAL
8.82,-1.8024,-1.4152,0.5908,-1.9263,-1.2149,-1.7774,-1.42,0.1556,GO_GOAL
8.84,-1.7999,-1.4135,0.5908,-1.9241,-1.2128,-1.7774,-1.42,0.1549,GO_GOAL
8.86,-1.7974,-1.4119,0.5908,-1.922,-1.2107,-1.7774,-1.42,0.1543,GO_GOAL
8.88,-1.7949,-1.4102,0.5908,-1.9199,-1.2086,-1.7774,-1.42,0.1537,GO_GOAL
8.9,-1.7924,-1.4085,0.5908,-1.9177,-1.2065,-1.7774,-1.42,0.1532,GO_GOAL
8.92,-1.7899,-1.4068,0.5908,-1.9156,-1.2044,-1.7624,-1.41,0.1526,GO_GOAL
8.94,-1.7875,-1.4052,0.5908,-1.9134,-1.2023,-1.7624,-1.41,0.1521,GO_GOAL
8.96,-1.785,-1.4035,0.5908,-1.9113,-1.2002,-1.7624,-1.41,0.1516,GO_GOAL
8.98,-1.7825,-1.4018,0.5908,-1.9091,-1.1981,-1.7624,-1.41,0.1511,GO_GOAL
9.0,-1.78,-1.4002,0.5908,-1.907,-1.196,-1.7624,-1.41,0.1506,GO_GOAL
9.02,-1.7775,-1.3985,0.5908,-1.9049,-1.1939,-1.7524,-1.4033,0.1501,GO_GOAL
9.04,-1.775,-1.3968,0.5908,-1.9027,-1.1918,-1.7524,-1.4033,0.1497,GO_GOAL
9.06,-1.7725,-1.3952,0.5908,-1.9006,-1.1897,-1.7524,-1.4033,0.1493,GO_GOAL
9.08,-1.77,-1.3935,0.5908,-1.8984,-1.1876,-1.7524,-1.4033,0.1489,GO_GOAL
9.1,-1.7676,-1.3918,0.5908,-1.8963,-1.1855,-1.7524,-1.4033,0.1485,GO_GOAL
9.12,-1.7651,-1.3902,0.5908,-1.8941,-1.1834,-1.74,-1.3949,0.1481,GO_GOAL
9.14,-1.7626,-1.3885,0.5908,-1.892,-1.1813,-1.74,-1.3949,0.1478,GO_GOAL
9.16,-1.7601,-1.3869,0.5908,-1.8899,-1.1792,-1.74,-1.3949,0.1474,GO_GOAL
9.18,-1.7577,-1.3852,0.5908,-1.8877,-1.1771,-1.74,-1.3949,0.1471,GO_GOAL
9.2,-1.7552,-1.3835,0.5908,-1.8856,-1.175,-1.74,-1.3949,0.1468,GO_GOAL
9.22,-1.7527,-1.3818,0.5908,-1.8834,-1.1729,-1.7275,-1.3866,0.1466,GO_GOAL
9.24,-1.7502,-1.3802,0.5908,-1.8791,-1.1687,-1.7275,-1.3866,0.1463,GO_GOAL
9.26,-1.7477,-1.3785,0.5908,-1.877,-1.1666,-1.7275,-1.3866,0.1461,GO_GOAL
9.28,-1.7452,-1.3768,0.5908,-1.8749,-1.1645,-1.7275,-1.3866,0.1459,GO_GOAL
9.3,-1.7427,-1.3751,0.5908,-1.8749,-1.1645,-1.7275,-1.3866,0.1457,GO_GOAL
9.32,-1.7402,-1.3735,0.5908,-1.8727,-1.1624,-1.7151,-1.3782,0.1455,GO_GOAL
9.34,-1.7377,-1.3718,0.5908,-1.8706,-1.1603,-1.7151,-1.3782,0.1454,GO_GOAL
9.36,-1.7352,-1.3701,0.5908,-1.8663,-1.1561,-1.7151,-1.3782,0.1452,GO_GOAL
9.38,-1.7327,-1.3685,0.5908,-1.8641,-1.154,-1.7151,-1.3782,0.1451,GO_GOAL
9.4,-1.7303,-1.3668,0.5908,-1.8641,-1.154,-1.7151,-1.3782,0.145,GO_GOAL
9.42,-1.7278,-1.3651,0.5908,-1.8599,-1.1498,-1.7026,-1.3699,0.145,GO_GOAL
9.44,-1.7253,-1.3635,0.5908,-1.8599,-1.1498,-1.7026,-1.3699,0.1449,GO_GOAL
9.46,-1.7229,-1.3618,0.5908,-1.8577,-1.1477,-1.7026,-1.3699,0.1449,GO_GOAL
9.48,-1.7204,-1.3602,0.5908,-1.8556,-1.1456,-1.7026,-1.3699,0.1449,GO_GOAL
9.5,-1.7179,-1.3585,0.5908,-1.8534,-1.1435,-1.7026,-1.3699,0.1449,GO_GOAL
9.52,-1.7154,-1.3568,0.5908,-1.8513,-1.1414,-1.6902,-1.3615,0.1449,GO_GOAL
9.54,-1.7129,-1.3551,0.5908,-1.8491,-1.1393,-1.6902,-1.3615,0.145,GO_GOAL
9.56,-1.7104,-1.3535,0.5908,-1.847,-1.1372,-1.6902,-1.3615,0.145,GO_GOAL
9.58,-1.7079,-1.3518,0.5908,-1.8449,-1.1351,-1.6902,-1.3615,0.1451,GO_GOAL
9.6,-1.7054,-1.3501,0.5908,-1.8427,-1.133,-1.6777,-1.3532,0.1452,GO_GOAL
9.62,-1.7029,-1.3485,0.5908,-1.8406,-1.1309,-1.6777,-1.3532,0.1453,GO_GOAL
9.64,-1.7004,-1.3468,0.5908,-1.8384,-1.1289,-1.6777,-1.3532,0.1455,GO_GOAL
9.66,-1.6979,-1.3451,0.5908,-1.8363,-1.1268,-1.6777,-1.3532,0.1457,GO_GOAL
9.68,-1.6954,-1.3435,0.5908,-1.8341,-1.1247,-1.6777,-1.3532,0.1458,GO_GOAL
9.7,-1.693,-1.3418,0.5908,-1.832,-1.1226,-1.6777,-1.3532,0.146,GO_GOAL
9.72,-1.6905,-1.3401,0.5908,-1.8299,-1.1205,-1.6652,-1.3448,0.1463,GO_GOAL
9.74,-1.688,-1.3385,0.5908,-1.8277,-1.1184,-1.6652,-1.3448,0.1465,GO_GOAL
9.76,-1.6856,-1.3368,0.5908,-1.8256,-1.1163,-1.6652,-1.3448,0.1468,GO_GOAL
9.78,-1.6831,-1.3351,0.5908,-1.8213,-1.1121,-1.6652,-1.3448,0.1471,GO_GOAL
9.8,-1.6806,-1.3335,0.5908,-1.8213,-1.1121,-1.6528,-1.3365,0.1474,GO_GOAL
9.82,-1.6781,-1.3318,0.5908,-1.8191,-1.11,-1.6528,-1.3365,0.1477,GO_GOAL
9.84,-1.6756,-1.3301,0.5908,-1.817,-1.1079,-1.6528,-1.3365,0.148,GO_GOAL
9.86,-1.6731,-1.3284,0.5908,-1.8149,-1.1058,-1.6528,-1.3365,0.1484,GO_GOAL
9.88,-1.6706,-1.3268,0.5908,-1.8127,-1.1037,-1.6528,-1.3365,0.1488,GO_GOAL
9.9,-1.6681,-1.3251,0.5908,-1.8106,-1.1016,-1.6403,-1.3281,0.1492,GO_GOAL
9.92,-1.6656,-1.3234,0.5908,-1.8084,-1.0995,-1.6403,-1.3281,0.1496,GO_GOAL
9.94,-1.6631,-1.3218,0.5908,-1.8063,-1.0974,-1.6403,-1.3281,0.15,GO_GOAL
9.96,-1.6606,-1.3201,0.5908,-1.8041,-1.0953,-1.6403,-1.3281,0.1505,GO_GOAL
9.98,-1.6582,-1.3184,0.5908,-1.802,-1.0932,-1.6403,-1.3281,0.1509,GO_GOAL
10.0,-1.6557,-1.3168,0.5908,-1.7999,-1.0911,-1.6403,-1.3281,0.1514,GO_GOAL
10.02,-1.6532,-1.3151,0.5908,-1.7977,-1.089,-1.6279,-1.3197,0.1519,GO_GOAL
10.04,-1.6507,-1.3135,0.5908,-1.7956,-1.0869,-1.6279,-1.3197,0.1525,GO_GOAL
10.06,-1.6482,-1.3118,0.5908,-1.7934,-1.0848,-1.6279,-1.3197,0.153,GO_GOAL
10.08,-1.6457,-1.3101,0.5908,-1.7913,-1.0827,-1.6279,-1.3197,0.1536,GO_GOAL
10.1,-1.6432,-1.3084,0.5908,-1.7891,-1.0806,-1.6279,-1.3197,0.1542,GO_GOAL
10.12,-1.6408,-1.3068,0.5908,-1.787,-1.0785,-1.6154,-1.3114,0.1548,GO_GOAL
10.14,-1.6383,-1.3051,0.5908,-1.7849,-1.0764,-1.6154,-1.3114,0.1554,GO_GOAL
10.16,-1.6358,-1.3034,0.5908,-1.7827,-1.0743,-1.6154,-1.3114,0.1561,GO_GOAL
10.18,-1.6333,-1.3018,0.5908,-1.7806,-1.0722,-1.6154,-1.3114,0.1567,GO_GOAL
10.2,-1.6308,-1.3001,0.5908,-1.7784,-1.0701,-1.6154,-1.3114,0.1574,GO_GOAL
10.22,-1.6283,-1.2984,0.5908,-1.7763,-1.068,-1.6029,-1.303,0.1581,GO_GOAL
10.24,-1.6258,-1.2967,0.5908,-1.7741,-1.0659,-1.6029,-1.303,0.1588,GO_GOAL
10.26,-1.6233,-1.2951,0.5908,-1.772,-1.0638,-1.6029,-1.303,0.1595,GO_GOAL
10.28,-1.6209,-1.2934,0.5908,-1.7677,-1.0596,-1.6029,-1.303,0.1603,GO_GOAL
10.3,-1.6184,-1.2918,0.5908,-1.7677,-1.0596,-1.6029,-1.303,0.1611,GO_GOAL
10.32,-1.6159,-1.2901,0.5908,-1.7656,-1.0575,-1.5905,-1.2947,0.1618,GO_GOAL
10.34,-1.6134,-1.2884,0.5908,-1.7634,-1.0554,-1.5905,-1.2947,0.1627,GO_GOAL
10.36,-1.6109,-1.2867,0.5908,-1.7613,-1.0533,-1.5905,-1.2947,0.1635,GO_GOAL
10.38,-1.6084,-1.2851,0.5908,-1.757,-1.0491,-1.5905,-1.2947,0.1643,GO_GOAL
10.4,-1.6059,-1.2834,0.5908,-1.757,-1.0491,-1.5905,-1.2947,0.1652,GO_GOAL
10.42,-1.6034,-1.2817,0.5908,-1.7549,-1.047,-1.578,-1.2863,0.1661,GO_GOAL
10.44,-1.6009,-1.2801,0.5908,-1.7527,-1.0449,-1.578,-1.2863,0.1669,GO_GOAL
10.46,-1.5985,-1.2784,0.5908,-1.7506,-1.0428,-1.578,-1.2863,0.1679,GO_GOAL
10.48,-1.596,-1.2767,0.5908,-1.7484,-1.0407,-1.578,-1.2863,0.1688,GO_GOAL
10.5,-1.5935,-1.2751,0.5908,-1.7463,-1.0386,-1.578,-1.2863,0.1697,GO_GOAL
10.52,-1.591,-1.2734,0.5908,-1.7441,-1.0365,-1.5656,-1.278,0.1707,GO_GOAL
10.54,-1.5885,-1.2717,0.5908,-1.7399,-1.0323,-1.5656,-1.278,0.1717,GO_GOAL
10.56,-1.5861,-1.2701,0.5908,-1.7399,-1.0323,-1.5656,-1.278,0.1726,GO_GOAL
10.58,-1.5836,-1.2684,0.5908,-1.7356,-1.0281,-1.5656,-1.278,0.1737,GO_GOAL
10.6,-1.5811,-1.2667,0.5908,-1.7356,-1.0281,-1.5656,-1.278,0.1747,GO_GOAL
10.62,-1.5786,-1.2651,0.5908,-1.7334,-1.026,-1.5531,-1.2696,0.1757,GO_GOAL
10.64,-1.5761,-1.2634,0.5908,-1.7313,-1.0239,-1.5531,-1.2696,0.1768,GO_GOAL
10.66,-1.5736,-1.2617,0.5908,-1.7291,-1.0218,-1.5531,-1.2696,0.1779,GO_GOAL
10.68,-1.5711,-1.26,0.5908,-1.727,-1.0197,-1.5531,-1.2696,0.179,GO_GOAL
10.7,-1.5686,-1.2584,0.5908,-1.7249,-1.0176,-1.5531,-1.2696,0.1801,GO_GOAL
10.72,-1.5661,-1.2567,0.5908,-1.7227,-1.0155,-1.5407,-1.2613,0.1812,GO_GOAL
10.74,-1.5636,-1.255,0.5908,-1.7206,-1.0134,-1.5407,-1.2613,0.1823,GO_GOAL
10.76,-1.5612,-1.2534,0.5908,-1.7184,-1.0113,-1.5407,-1.2613,0.1835,GO_GOAL
10.78,-1.5587,-1.2517,0.5908,-1.7163,-1.0092,-1.5407,-1.2613,0.1846,GO_GOAL
10.8,-1.5562,-1.25,0.5908,-1.7141,-1.0071,-1.5282,-1.2529,0.1858,GO_GOAL
10.82,-1.5537,-1.2484,0.5908,-1.712,-1.005,-1.5282,-1.2529,0.187,GO_GOAL
10.84,-1.5512,-1.2467,0.5908,-1.7099,-1.0029,-1.5282,-1.2529,0.1882,GO_GOAL
10.86,-1.5487,-1.245,0.5908,-1.7077,-1.0008,-1.5282,-1.2529,0.1895,GO_GOAL
10.88,-1.5462,-1.2434,0.5908,-1.7034,-0.9966,-1.5282,-1.2529,0.1907,GO_GOAL
10.9,-1.5437,-1.2417,0.5908,-1.7034,-0.9966,-1.5282,-1.2529,0.192,GO_GOAL
10.92,-1.5412,-1.24,0.5908,-1.7013,-0.9945,-1.5157,-1.2445,0.1933,GO_GOAL
10.94,-1.5388,-1.2383,0.5908,-1.6991,-0.9924,-1.5157,-1.2445,0.1945,GO_GOAL
10.96,-1.5363,-1.2367,0.5908,-1.697,-0.9903,-1.5157,-1.2445,0.1958,GO_GOAL
10.98,-1.5338,-1.235,0.5908,-1.6927,-0.9861,-1.5157,-1.2445,0.1972,GO_GOAL
11.0,-1.5313,-1.2334,0.5908,-1.6927,-0.9861,-1.5157,-1.2445,0.1985,GO_GOAL
11.02,-1.5288,-1.2317,0.5908,-1.6906,-0.984,-1.5033,-1.2362,0.1998,GO_GOAL
11.04,-1.5263,-1.23,0.5908,-1.6884,-0.9819,-1.5033,-1.2362,0.2012,GO_GOAL
11.06,-1.5238,-1.2283,0.5908,-1.6863,-0.9798,-1.5033,-1.2362,0.2026,GO_GOAL
11.08,-1.5213,-1.2267,0.5908,-1.6841,-0.9777,-1.5033,-1.2362,0.204,GO_GOAL
11.1,-1.5189,-1.225,0.5908,-1.682,-0.9756,-1.5033,-1.2362,0.2054,GO_GOAL
11.118,-1.5164,-1.2233,0.5908,-1.6799,-0.9735,-1.4908,-1.2278,0.2068,GO_GOAL
11.14,-1.5139,-1.2217,0.5908,-1.6777,-0.9714,-1.4908,-1.2278,0.2082,GO_GOAL
11.16,-1.5114,-1.22,0.5908,-1.6756,-0.9693,-1.4908,-1.2278,0.2096,GO_GOAL
11.18,-1.5089,-1.2183,0.5908,-1.6734,-0.9672,-1.4908,-1.2278,0.2111,GO_GOAL
11.2,-1.5064,-1.2167,0.5908,-1.6713,-0.9651,-1.4908,-1.2278,0.2126,GO_GOAL
11.22,-1.5039,-1.215,0.5908,-1.667,-0.9609,-1.4784,-1.2195,0.214,GO_GOAL
11.24,-1.5014,-1.2133,0.5908,-1.667,-0.9609,-1.4784,-1.2195,0.2155,GO_GOAL
11.26,-1.499,-1.2116,0.5908,-1.6649,-0.9588,-1.4784,-1.2195,0.217,GO_GOAL
11.28,-1.4965,-1.21,0.5908,-1.6627,-0.9567,-1.4784,-1.2195,0.2186,GO_GOAL
11.3,-1.494,-1.2083,0.5908,-1.6606,-0.9546,-1.4784,-1.2195,0.2201,GO_GOAL
11.32,-1.4915,-1.2066,0.5908,-1.6563,-0.9504,-1.4659,-1.2111,0.2217,GO_GOAL
11.34,-1.489,-1.205,0.5908,-1.6563,-0.9504,-1.4659,-1.2111,0.2232,GO_GOAL
11.36,-1.4865,-1.2033,0.5908,-1.6541,-0.9483,-1.4659,-1.2111,0.2248,GO_GOAL
11.38,-1.484,-1.2016,0.5908,-1.6499,-0.9441,-1.4659,-1.2111,0.2263,GO_GOAL
11.4,-1.4815,-1.2,0.5908,-1.6499,-0.9441,-1.4659,-1.2111,0.2279,GO_GOAL
11.42,-1.479,-1.1983,0.5908,-1.6477,-0.942,-1.4535,-1.2028,0.2296,GO_GOAL
11.44,-1.4766,-1.1966,0.5908,-1.6456,-0.9399,-1.4535,-1.2028,0.2312,GO_GOAL
11.46,-1.4741,-1.195,0.5908,-1.6434,-0.9378,-1.4535,-1.2028,0.2328,GO_GOAL
11.48,-1.4716,-1.1933,0.5908,-1.6413,-0.9357,-1.4535,-1.2028,0.2344,GO_GOAL
11.5,-1.4691,-1.1916,0.5908,-1.6391,-0.9336,-1.4535,-1.2028,0.2361,GO_GOAL
11.52,-1.4666,-1.1899,0.5908,-1.637,-0.9315,-1.441,-1.1944,0.2378,GO_GOAL
11.54,-1.4641,-1.1883,0.5908,-1.6349,-0.9294,-1.441,-1.1944,0.2394,GO_GOAL
11.56,-1.4616,-1.1866,0.5908,-1.6327,-0.9273,-1.441,-1.1944,0.2411,GO_GOAL
11.58,-1.4591,-1.1849,0.5908,-1.6306,-0.9252,-1.441,-1.1944,0.2428,GO_GOAL
11.6,-1.4566,-1.1833,0.5908,-1.6263,-0.921,-1.441,-1.1944,0.2445,GO_GOAL
11.62,-1.4542,-1.1816,0.5908,-1.6263,-0.921,-1.4285,-1.1861,0.2462,GO_GOAL
11.64,-1.4517,-1.1799,0.5908,-1.6242,-0.9189,-1.4285,-1.1861,0.248,GO_GOAL
11.66,-1.4492,-1.1783,0.5908,-1.6199,-0.9147,-1.4285,-1.1861,0.2497,GO_GOAL
11.68,-1.4467,-1.1766,0.5908,-1.6199,-0.9147,-1.4285,-1.1861,0.2515,GO_GOAL
11.7,-1.4442,-1.1749,0.5908,-1.6177,-0.9126,-1.4285,-1.1861,0.2532,GO_GOAL
11.72,-1.4417,-1.1733,0.5908,-1.6156,-0.9105,-1.4161,-1.1777,0.255,GO_GOAL
11.74,-1.4392,-1.1716,0.5908,-1.6134,-0.9084,-1.4161,-1.1777,0.2568,GO_GOAL
11.76,-1.4367,-1.1699,0.5908,-1.6113,-0.9063,-1.4161,-1.1777,0.2586,GO_GOAL
11.78,-1.4342,-1.1682,0.5908,-1.6092,-0.9042,-1.4161,-1.1777,0.2604,GO_GOAL
11.8,-1.4318,-1.1666,0.5908,-1.607,-0.9021,-1.4161,-1.1777,0.2622,GO_GOAL
11.82,-1.4293,-1.1649,0.5908,-1.6049,-0.9,-1.4036,-1.1693,0.264,GO_GOAL
11.84,-1.4268,-1.1632,0.5908,-1.6027,-0.8979,-1.4036,-1.1693,0.2659,GO_GOAL
11.86,-1.4243,-1.1616,0.5908,-1.5984,-0.8937,-1.4036,-1.1693,0.2677,GO_GOAL
11.88,-1.4218,-1.1599,0.5908,-1.5963,-0.8916,-1.4036,-1.1693,0.2696,GO_GOAL
11.9,-1.4193,-1.1582,0.5908,-1.5963,-0.8916,-1.4036,-1.1693,0.2714,GO_GOAL
11.92,-1.4168,-1.1566,0.5908,-1.5942,-0.8895,-1.3912,-1.161,0.2733,GO_GOAL
11.94,-1.4143,-1.1549,0.5908,-1.592,-0.8874,-1.3912,-1.161,0.2752,GO_GOAL
11.96,-1.4118,-1.1532,0.5908,-1.5899,-0.8853,-1.3912,-1.161,0.2771,GO_GOAL
11.98,-1.4093,-1.1515,0.5908,-1.5877,-0.8832,-1.3912,-1.161,0.279,GO_GOAL
12.0,-1.4069,-1.1499,0.5908,-1.5856,-0.8811,-1.3912,-1.161,0.2809,GO_GOAL
12.02,-1.4044,-1.1482,0.5908,-1.5834,-0.879,-1.3787,-1.1526,0.2828,GO_GOAL
12.04,-1.4019,-1.1465,0.5908,-1.5813,-0.8769,-1.3787,-1.1526,0.2847,GO_GOAL
12.06,-1.3994,-1.1449,0.5908,-1.5792,-0.8748,-1.3787,-1.1526,0.2866,GO_GOAL
12.08,-1.3969,-1.1432,0.5908,-1.577,-0.8727,-1.3787,-1.1526,0.2886,GO_GOAL
12.1,-1.3944,-1.1415,0.5908,-1.5749,-0.8706,-1.3787,-1.1526,0.2905,GO_GOAL
12.12,-1.3919,-1.1398,0.5908,-1.5706,-0.8664,-1.3663,-1.1443,0.2925,GO_GOAL
12.14,-1.3894,-1.1382,0.5908,-1.5706,-0.8664,-1.3663,-1.1443,0.2945,GO_GOAL
12.16,-1.3869,-1.1365,0.5908,-1.5663,-0.8622,-1.3663,-1.1443,0.2965,GO_GOAL
12.18,-1.3844,-1.1348,0.5908,-1.5663,-0.8622,-1.3663,-1.1443,0.2984,GO_GOAL
12.2,-1.3819,-1.1332,0.5908,-1.5642,-0.8601,-1.3663,-1.1443,0.3004,GO_GOAL
12.22,-1.3795,-1.1315,0.5908,-1.562,-0.858,-1.3538,-1.1359,0.3025,GO_GOAL
12.24,-1.377,-1.1298,0.5908,-1.5599,-0.8559,-1.3538,-1.1359,0.3045,GO_GOAL
12.26,-1.3745,-1.1281,0.5908,-1.5577,-0.8538,-1.3538,-1.1359,0.3065,GO_GOAL
12.28,-1.372,-1.1265,0.5908,-1.5556,-0.8517,-1.3538,-1.1359,0.3085,GO_GOAL
12.3,-1.3695,-1.1248,0.5908,-1.5534,-0.8496,-1.3538,-1.1359,0.3106,GO_GOAL
12.32,-1.367,-1.1231,0.5908,-1.5513,-0.8475,-1.3413,-1.1276,0.3126,GO_GOAL
12.34,-1.3645,-1.1215,0.5908,-1.5492,-0.8454,-1.3413,-1.1276,0.3146,GO_GOAL
12.36,-1.362,-1.1198,0.5908,-1.5449,-0.8412,-1.3413,-1.1276,0.3167,GO_GOAL
12.38,-1.3595,-1.1181,0.5908,-1.5449,-0.8412,-1.3413,-1.1276,0.3188,GO_GOAL
12.4,-1.357,-1.1164,0.5908,-1.5406,-0.837,-1.3413,-1.1276,0.3208,GO_GOAL
12.42,-1.3545,-1.1148,0.5908,-1.5406,-0.837,-1.3289,-1.1192,0.3229,GO_GOAL
12.44,-1.352,-1.1131,0.5908,-1.5384,-0.8349,-1.3289,-1.1192,0.325,GO_GOAL
12.46,-1.3496,-1.1114,0.5908,-1.5363,-0.8328,-1.3289,-1.1192,0.3271,GO_GOAL
12.48,-1.3471,-1.1098,0.5908,-1.532,-0.8286,-1.3289,-1.1192,0.3292,GO_GOAL
12.5,-1.3446,-1.1081,0.5908,-1.532,-0.8286,-1.3289,-1.1192,0.3313,GO_GOAL
12.52,-1.3421,-1.1064,0.5908,-1.5277,-0.8244,-1.3164,-1.1109,0.3335,GO_GOAL
12.54,-1.3396,-1.1048,0.5908,-1.5277,-0.8244,-1.3164,-1.1109,0.3356,GO_GOAL
12.56,-1.3371,-1.1031,0.5908,-1.5256,-0.8223,-1.3164,-1.1109,0.3377,GO_GOAL
12.58,-1.3346,-1.1014,0.5908,-1.5234,-0.8202,-1.3164,-1.1109,0.3398,GO_GOAL
12.6,-1.3321,-1.0997,0.5908,-1.5213,-0.8181,-1.3164,-1.1109,0.342,GO_GOAL
12.62,-1.3296,-1.0981,0.5908,-1.5192,-0.816,-1.304,-1.1025,0.3441,GO_GOAL
12.64,-1.3271,-1.0964,0.5908,-1.517,-0.8139,-1.304,-1.1025,0.3463,GO_GOAL
12.66,-1.3246,-1.0947,0.5908,-1.5149,-0.8118,-1.304,-1.1025,0.3485,GO_GOAL
12.68,-1.3222,-1.0931,0.5908,-1.5127,-0.8097,-1.304,-1.1025,0.3506,GO_GOAL
12.7,-1.3197,-1.0914,0.5908,-1.5106,-0.8076,-1.304,-1.1025,0.3528,GO_GOAL
12.72,-1.3172,-1.0897,0.5908,-1.5084,-0.8055,-1.2915,-1.0942,0.355,GO_GOAL
12.74,-1.3147,-1.088,0.5908,-1.5063,-0.8034,-1.2915,-1.0942,0.3572,GO_GOAL
12.76,-1.3122,-1.0864,0.5908,-1.5042,-0.8013,-1.2915,-1.0942,0.3594,GO_GOAL
12.78,-1.3097,-1.0847,0.5908,-1.502,-0.7992,-1.2915,-1.0942,0.3616,GO_GOAL
12.8,-1.3072,-1.083,0.5908,-1.4999,-0.7971,-1.2915,-1.0942,0.3638,GO_GOAL
12.82,-1.3047,-1.0814,0.5908,-1.4977,-0.795,-1.279,-1.0858,0.366,GO_GOAL
12.84,-1.3022,-1.0797,0.5908,-1.4956,-0.7929,-1.279,-1.0858,0.3683,GO_GOAL
12.86,-1.2997,-1.078,0.5908,-1.4934,-0.7908,-1.279,-1.0858,0.3705,GO_GOAL
12.88,-1.2972,-1.0763,0.5908,-1.4913,-0.7887,-1.279,-1.0858,0.3727,GO_GOAL
12.9,-1.2947,-1.0747,0.5908,-1.4892,-0.7866,-1.279,-1.0858,0.375,GO_GOAL
12.92,-1.2923,-1.073,0.5908,-1.4849,-0.7824,-1.2666,-1.0774,0.3772,GO_GOAL
12.94,-1.2898,-1.0713,0.5908,-1.4849,-0.7824,-1.2666,-1.0774,0.3795,GO_GOAL
12.96,-1.2873,-1.0697,0.5908,-1.4827,-0.7803,-1.2666,-1.0774,0.3817,GO_GOAL
12.98,-1.2848,-1.068,0.5908,-1.4806,-0.7782,-1.2666,-1.0774,0.384,GO_GOAL
13.0,-1.2823,-1.0663,0.5908,-1.4784,-0.7761,-1.2666,-1.0774,0.3862,GO_GOAL
13.02,-1.2798,-1.0646,0.5908,-1.4742,-0.7719,-1.2541,-1.0691,0.3885,GO_GOAL
13.04,-1.2773,-1.063,0.5908,-1.4742,-0.7719,-1.2541,-1.0691,0.3908,GO_GOAL
13.06,-1.2748,-1.0613,0.5908,-1.4699,-0.7677,-1.2541,-1.0691,0.3931,GO_GOAL
13.08,-1.2723,-1.0596,0.5908,-1.4699,-0.7677,-1.2541,-1.0691,0.3954,GO_GOAL
13.1,-1.2698,-1.058,0.5908,-1.4677,-0.7656,-1.2541,-1.0691,0.3977,GO_GOAL
13.12,-1.2673,-1.0563,0.5908,-1.4656,-0.7635,-1.2417,-1.0607,0.4,GO_GOAL
13.14,-1.2648,-1.0546,0.5908,-1.4634,-0.7614,-1.2417,-1.0607,0.4023,GO_GOAL
13.16,-1.2624,-1.0529,0.5908,-1.4613,-0.7593,-1.2417,-1.0607,0.4046,GO_GOAL
13.18,-1.2599,-1.0513,0.5908,-1.4592,-0.7572,-1.2417,-1.0607,0.4069,GO_GOAL
13.2,-1.2574,-1.0496,0.5908,-1.4549,-0.753,-1.2417,-1.0607,0.4092,GO_GOAL
13.22,-1.2549,-1.0479,0.5908,-1.4527,-0.7509,-1.2292,-1.0524,0.4115,GO_GOAL
13.24,-1.2524,-1.0463,0.5908,-1.4527,-0.7509,-1.2292,-1.0524,0.4139,GO_GOAL
13.26,-1.2499,-1.0446,0.5908,-1.4506,-0.7488,-1.2292,-1.0524,0.4162,GO_GOAL
13.28,-1.2474,-1.0429,0.5908,-1.4484,-0.7467,-1.2292,-1.0524,0.4186,GO_GOAL
13.3,-1.2449,-1.0412,0.5908,-1.4463,-0.7446,-1.2292,-1.0524,0.4209,GO_GOAL
13.32,-1.2424,-1.0396,0.5908,-1.442,-0.7404,-1.2168,-1.044,0.4232,GO_GOAL
13.34,-1.2399,-1.0379,0.5908,-1.442,-0.7404,-1.2168,-1.044,0.4256,GO_GOAL
13.36,-1.2374,-1.0362,0.5908,-1.4399,-0.7383,-1.2168,-1.044,0.428,GO_GOAL
13.38,-1.235,-1.0346,0.5908,-1.4377,-0.7362,-1.2168,-1.044,0.4303,GO_GOAL
13.4,-1.2325,-1.0329,0.5908,-1.4356,-0.7341,-1.2168,-1.044,0.4327,GO_GOAL
13.42,-1.23,-1.0312,0.5908,-1.4334,-0.732,-1.2043,-1.0357,0.4351,GO_GOAL
13.44,-1.2275,-1.0295,0.5908,-1.4313,-0.7299,-1.2043,-1.0357,0.4374,GO_GOAL
13.46,-1.225,-1.0279,0.5908,-1.4292,-0.7278,-1.2043,-1.0357,0.4398,GO_GOAL
13.48,-1.2225,-1.0262,0.5908,-1.427,-0.7257,-1.2043,-1.0357,0.4422,GO_GOAL
13.5,-1.22,-1.0245,0.5908,-1.4249,-0.7236,-1.2043,-1.0357,0.4446,GO_GOAL
13.52,-1.2175,-1.0229,0.5908,-1.4227,-0.7215,-1.1918,-1.0273,0.447,GO_GOAL
13.54,-1.215,-1.0212,0.5908,-1.4206,-0.7194,-1.1918,-1.0273,0.4494,GO_GOAL
13.56,-1.2125,-1.0195,0.5908,-1.4184,-0.7173,-1.1918,-1.0273,0.4518,GO_GOAL
13.58,-1.21,-1.0178,0.5908,-1.4163,-0.7152,-1.1918,-1.0273,0.4542,GO_GOAL
13.6,-1.2075,-1.0162,0.5908,-1.4142,-0.7131,-1.1918,-1.0273,0.4566,GO_GOAL
13.62,-1.2051,-1.0145,0.5908,-1.412,-0.711,-1.1794,-1.019,0.4583,GO_GOAL
13.64,-1.2026,-1.0128,0.5908,-1.4099,-0.7089,-1.1794,-1.019,0.4599,GO_GOAL
13.66,-1.2001,-1.0112,0.5908,-1.4077,-0.7068,-1.1794,-1.019,0.4615,GO_GOAL
13.68,-1.1976,-1.0095,0.5908,-1.4056,-0.7047,-1.1794,-1.019,0.4631,GO_GOAL
13.7,-1.1951,-1.0078,0.5908,-1.4034,-0.7026,-1.1794,-1.019,0.4647,GO_GOAL
13.72,-1.1926,-1.0061,0.5908,-1.4013,-0.7005,-1.1669,-1.0106,0.4663,GO_GOAL
13.74,-1.1901,-1.0045,0.5908,-1.3992,-0.6984,-1.1669,-1.0106,0.4679,GO_GOAL
13.76,-1.1876,-1.0028,0.5908,-1.397,-0.6963,-1.1669,-1.0106,0.4695,GO_GOAL
13.78,-1.1851,-1.0011,0.5908,-1.3949,-0.6942,-1.1669,-1.0106,0.4711,GO_GOAL
13.8,-1.1826,-0.9995,0.5908,-1.3927,-0.6921,-1.1669,-1.0106,0.4728,GO_GOAL
13.82,-1.1801,-0.9978,0.5908,-1.3906,-0.69,-1.152,-1.0006,0.4744,GO_GOAL
13.84,-1.1776,-0.9961,0.5908,-1.3884,-0.6879,-1.152,-1.0006,0.4761,GO_GOAL
13.86,-1.1752,-0.9945,0.5908,-1.3842,-0.6837,-1.152,-1.0006,0.4777,GO_GOAL
13.88,-1.1727,-0.9928,0.5908,-1.3842,-0.6837,-1.152,-1.0006,0.4794,GO_GOAL
13.9,-1.1702,-0.9911,0.5908,-1.3799,-0.6795,-1.152,-1.0006,0.4811,GO_GOAL
13.92,-1.1677,-0.9894,0.5908,-1.3777,-0.6774,-1.142,-0.9939,0.4828,GO_GOAL
13.94,-1.1652,-0.9878,0.5908,-1.3777,-0.6774,-1.142,-0.9939,0.4845,GO_GOAL
13.96,-1.1627,-0.9861,0.5908,-1.3756,-0.6753,-1.142,-0.9939,0.4862,GO_GOAL
13.98,-1.1602,-0.9844,0.5908,-1.3734,-0.6732,-1.142,-0.9939,0.4879,GO_GOAL
14.0,-1.1577,-0.9828,0.5908,-1.3713,-0.6711,-1.142,-0.9939,0.4896,GO_GOAL
14.02,-1.1552,-0.9811,0.5908,-1.3692,-0.669,-1.1296,-0.9855,0.4913,GO_GOAL
14.04,-1.1527,-0.9794,0.5908,-1.367,-0.6669,-1.1296,-0.9855,0.493,GO_GOAL
14.06,-1.1502,-0.9777,0.5908,-1.3649,-0.6648,-1.1296,-0.9855,0.4948,GO_GOAL
14.08,-1.1478,-0.9761,0.5908,-1.3606,-0.6606,-1.1296,-0.9855,0.4965,GO_GOAL
14.1,-1.1453,-0.9744,0.5908,-1.3584,-0.6585,-1.1171,-0.9772,0.4983,GO_GOAL
14.12,-1.1428,-0.9727,0.5908,-1.3563,-0.6564,-1.1171,-0.9772,0.4985,GO_GOAL
14.14,-1.1403,-0.9711,0.5908,-1.3563,-0.6564,-1.1171,-0.9772,0.4963,GO_GOAL
14.16,-1.1378,-0.9694,0.5908,-1.3542,-0.6543,-1.1171,-0.9772,0.4942,GO_GOAL
14.18,-1.1353,-0.9677,0.5908,-1.352,-0.6522,-1.1171,-0.9772,0.492,GO_GOAL
14.2,-1.1328,-0.966,0.5908,-1.3499,-0.6501,-1.1171,-0.9772,0.4899,GO_GOAL
14.22,-1.1303,-0.9644,0.5908,-1.3477,-0.648,-1.1046,-0.9688,0.4878,GO_GOAL
14.24,-1.1278,-0.9627,0.5908,-1.3434,-0.6438,-1.1046,-0.9688,0.4856,GO_GOAL
14.26,-1.1253,-0.961,0.5908,-1.3434,-0.6438,-1.1046,-0.9688,0.4835,GO_GOAL
14.28,-1.1228,-0.9594,0.5908,-1.3413,-0.6417,-1.1046,-0.9688,0.4814,GO_GOAL
14.3,-1.1203,-0.9577,0.5908,-1.3392,-0.6396,-1.1046,-0.9688,0.4793,GO_GOAL
14.32,-1.1179,-0.956,0.5908,-1.337,-0.6375,-1.0897,-0.9588,0.4772,GO_GOAL
14.34,-1.1154,-0.9543,0.5908,-1.3349,-0.6354,-1.0897,-0.9588,0.4751,GO_GOAL
14.36,-1.1129,-0.9527,0.5908,-1.3327,-0.6333,-1.0897,-0.9588,0.473,GO_GOAL
14.38,-1.1104,-0.951,0.5908,-1.3306,-0.6312,-1.0897,-0.9588,0.4709,GO_GOAL
14.4,-1.1079,-0.9493,0.5908,-1.3284,-0.6291,-1.0897,-0.9588,0.4689,GO_GOAL
14.42,-1.1054,-0.9477,0.5908,-1.3263,-0.627,-1.0797,-0.9521,0.4668,GO_GOAL
14.44,-1.1029,-0.946,0.5908,-1.3242,-0.6249,-1.0797,-0.9521,0.4647,GO_GOAL
14.46,-1.1004,-0.9443,0.5908,-1.322,-0.6228,-1.0797,-0.9521,0.4626,GO_GOAL
14.48,-1.0979,-0.9426,0.5908,-1.3177,-0.6186,-1.0797,-0.9521,0.4606,GO_GOAL
14.5,-1.0954,-0.941,0.5908,-1.3177,-0.6186,-1.0797,-0.9521,0.4585,GO_GOAL
14.52,-1.0929,-0.9393,0.5908,-1.3156,-0.6165,-1.0673,-0.9438,0.4565,GO_GOAL
14.54,-1.0905,-0.9376,0.5908,-1.3134,-0.6144,-1.0673,-0.9438,0.4545,GO_GOAL
14.56,-1.088,-0.936,0.5908,-1.3113,-0.6123,-1.0673,-0.9438,0.4524,GO_GOAL
14.58,-1.0855,-0.9343,0.5908,-1.307,-0.6081,-1.0673,-0.9438,0.4504,GO_GOAL
14.6,-1.083,-0.9326,0.5908,-1.3049,-0.606,-1.0523,-0.9337,0.4484,GO_GOAL
14.62,-1.0805,-0.9309,0.5908,-1.3049,-0.606,-1.0523,-0.9337,0.4464,GO_GOAL
14.64,-1.078,-0.9293,0.5908,-1.3027,-0.6039,-1.0523,-0.9337,0.4444,GO_GOAL
14.66,-1.0755,-0.9276,0.5908,-1.3006,-0.6018,-1.0523,-0.9337,0.4424,GO_GOAL
14.68,-1.073,-0.9259,0.5908,-1.2984,-0.5997,-1.0523,-0.9337,0.4404,GO_GOAL
14.7,-1.0705,-0.9243,0.5908,-1.2963,-0.5976,-1.0523,-0.9337,0.4384,GO_GOAL
14.72,-1.068,-0.9226,0.5908,-1.292,-0.5934,-1.0424,-0.9271,0.4364,GO_GOAL
14.74,-1.0655,-0.9209,0.5908,-1.292,-0.5934,-1.0424,-0.9271,0.4345,GO_GOAL
14.76,-1.063,-0.9192,0.5908,-1.2877,-0.5892,-1.0424,-0.9271,0.4325,GO_GOAL
14.78,-1.0606,-0.9176,0.5908,-1.2877,-0.5892,-1.0424,-0.9271,0.4305,GO_GOAL
14.8,-1.0581,-0.9159,0.5908,-1.2834,-0.585,-1.0424,-0.9271,0.4286,GO_GOAL
14.82,-1.0556,-0.9142,0.5908,-1.2834,-0.585,-1.0299,-0.9187,0.4267,GO_GOAL
14.84,-1.0531,-0.9126,0.5908,-1.2813,-0.5829,-1.0299,-0.9187,0.4247,GO_GOAL
14.86,-1.0506,-0.9109,0.5908,-1.2792,-0.5808,-1.0299,-0.9187,0.4228,GO_GOAL
14.88,-1.0481,-0.9092,0.5908,-1.2749,-0.5766,-1.0299,-0.9187,0.4209,GO_GOAL
14.9,-1.0456,-0.9075,0.5908,-1.2749,-0.5766,-1.0299,-0.9187,0.419,GO_GOAL
14.92,-1.0431,-0.9059,0.5908,-1.2706,-0.5724,-1.0174,-0.9103,0.4171,GO_GOAL
14.94,-1.0406,-0.9042,0.5908,-1.2684,-0.5703,-1.0174,-0.9103,0.4152,GO_GOAL
14.96,-1.0381,-0.9025,0.5908,-1.2684,-0.5703,-1.0174,-0.9103,0.4133,GO_GOAL
14.98,-1.0356,-0.9009,0.5908,-1.2663,-0.5682,-1.0174,-0.9103,0.4114,GO_GOAL
15.0,-1.0331,-0.8992,0.5908,-1.2642,-0.5661,-1.0174,-0.9103,0.4095,GO_GOAL
15.02,-1.0307,-0.8975,0.5908,-1.262,-0.564,-1.005,-0.902,0.4076,GO_GOAL
15.04,-1.0282,-0.8959,0.5908,-1.2599,-0.562,-1.005,-0.902,0.4058,GO_GOAL
15.06,-1.0257,-0.8942,0.5908,-1.2577,-0.5599,-1.005,-0.902,0.4039,GO_GOAL
15.08,-1.0232,-0.8925,0.5908,-1.2534,-0.5557,-1.005,-0.902,0.4021,GO_GOAL
15.1,-1.0207,-0.8908,0.5908,-1.2534,-0.5557,-1.005,-0.902,0.4002,GO_GOAL
15.12,-1.0182,-0.8892,0.5908,-1.2492,-0.5515,-0.9925,-0.8936,0.3984,GO_GOAL
15.14,-1.0157,-0.8875,0.5908,-1.2492,-0.5515,-0.9925,-0.8936,0.3966,GO_GOAL
15.16,-1.0132,-0.8858,0.5908,-1.247,-0.5494,-0.9925,-0.8936,0.3948,GO_GOAL
15.18,-1.0107,-0.8842,0.5908,-1.2449,-0.5473,-0.9925,-0.8936,0.393,GO_GOAL
15.2,-1.0082,-0.8825,0.5908,-1.2427,-0.5452,-0.9925,-0.8936,0.3912,GO_GOAL
15.22,-1.0057,-0.8808,0.5908,-1.2406,-0.5431,-0.9801,-0.8853,0.3894,GO_GOAL
15.24,-1.0033,-0.8791,0.5908,-1.2384,-0.541,-0.9801,-0.8853,0.3876,GO_GOAL
15.26,-1.0008,-0.8775,0.5908,-1.2363,-0.5389,-0.9801,-0.8853,0.3858,GO_GOAL
15.28,-0.9983,-0.8758,0.5908,-1.2342,-0.5368,-0.9801,-0.8853,0.3841,GO_GOAL
15.3,-0.9958,-0.8741,0.5908,-1.232,-0.5347,-0.9801,-0.8853,0.3823,GO_GOAL
15.32,-0.9933,-0.8725,0.5908,-1.2299,-0.5326,-0.9676,-0.8769,0.3806,GO_GOAL
15.34,-0.9908,-0.8708,0.5908,-1.2277,-0.5305,-0.9676,-0.8769,0.3788,GO_GOAL
15.36,-0.9883,-0.8691,0.5908,-1.2256,-0.5284,-0.9676,-0.8769,0.3771,GO_GOAL
15.38,-0.9858,-0.8674,0.5908,-1.2234,-0.5263,-0.9676,-0.8769,0.3754,GO_GOAL
15.4,-0.9833,-0.8658,0.5908,-1.2213,-0.5242,-0.9676,-0.8769,0.3737,GO_GOAL
15.42,-0.9808,-0.8641,0.5908,-1.2192,-0.5221,-0.9551,-0.8686,0.372,GO_GOAL
15.44,-0.9783,-0.8624,0.5908,-1.217,-0.52,-0.9551,-0.8686,0.3703,GO_GOAL
15.46,-0.9758,-0.8608,0.5908,-1.2127,-0.5158,-0.9551,-0.8686,0.3686,GO_GOAL
15.48,-0.9734,-0.8591,0.5908,-1.2127,-0.5158,-0.9551,-0.8686,0.3669,GO_GOAL
15.5,-0.9709,-0.8574,0.5908,-1.2084,-0.5116,-0.9427,-0.8602,0.3652,GO_GOAL
15.52,-0.9684,-0.8557,0.5908,-1.2084,-0.5116,-0.9427,-0.8602,0.3636,GO_GOAL
15.54,-0.9659,-0.8541,0.5908,-1.2063,-0.5095,-0.9427,-0.8602,0.3619,GO_GOAL
15.56,-0.9634,-0.8524,0.5908,-1.2042,-0.5074,-0.9427,-0.8602,0.3603,GO_GOAL
15.58,-0.9609,-0.8507,0.5908,-1.202,-0.5053,-0.9427,-0.8602,0.3587,GO_GOAL
15.6,-0.9584,-0.8491,0.5908,-1.1999,-0.5032,-0.9427,-0.8602,0.3571,GO_GOAL
15.62,-0.9559,-0.8474,0.5908,-1.1977,-0.5011,-0.9302,-0.8519,0.3554,GO_GOAL
15.64,-0.9534,-0.8457,0.5908,-1.1956,-0.499,-0.9302,-0.8519,0.3538,GO_GOAL
15.66,-0.9509,-0.844,0.5908,-1.1934,-0.4969,-0.9302,-0.8519,0.3523,GO_GOAL
15.68,-0.9484,-0.8424,0.5908,-1.1913,-0.4948,-0.9302,-0.8519,0.3507,GO_GOAL
15.7,-0.9459,-0.8407,0.5908,-1.1892,-0.4927,-0.9302,-0.8519,0.3491,GO_GOAL
15.72,-0.9435,-0.839,0.5908,-1.187,-0.4906,-0.9178,-0.8435,0.3475,GO_GOAL
15.74,-0.941,-0.8374,0.5908,-1.1849,-0.4885,-0.9178,-0.8435,0.346,GO_GOAL
15.76,-0.9385,-0.8357,0.5908,-1.1827,-0.4864,-0.9178,-0.8435,0.3444,GO_GOAL
15.78,-0.936,-0.834,0.5908,-1.1806,-0.4843,-0.9178,-0.8435,0.3429,GO_GOAL
15.8,-0.9335,-0.8323,0.5908,-1.1784,-0.4822,-0.9178,-0.8435,0.3414,GO_GOAL
15.82,-0.931,-0.8307,0.5908,-1.1742,-0.478,-0.9053,-0.8352,0.3399,GO_GOAL
15.84,-0.9285,-0.829,0.5908,-1.1742,-0.478,-0.9053,-0.8352,0.3384,GO_GOAL
15.86,-0.926,-0.8273,0.5908,-1.172,-0.4759,-0.9053,-0.8352,0.3369,GO_GOAL
15.88,-0.9235,-0.8257,0.5908,-1.1699,-0.4738,-0.9053,-0.8352,0.3354,GO_GOAL
15.9,-0.921,-0.824,0.5908,-1.1677,-0.4717,-0.9053,-0.8352,0.334,GO_GOAL
15.92,-0.9185,-0.8223,0.5908,-1.1656,-0.4696,-0.8929,-0.8268,0.3325,GO_GOAL
15.94,-0.9161,-0.8206,0.5908,-1.1634,-0.4675,-0.8929,-0.8268,0.331,GO_GOAL
15.96,-0.9136,-0.819,0.5908,-1.1592,-0.4633,-0.8929,-0.8268,0.3296,GO_GOAL
15.98,-0.9111,-0.8173,0.5908,-1.157,-0.4612,-0.8929,-0.8268,0.3282,GO_GOAL
16.0,-0.9086,-0.8156,0.5908,-1.157,-0.4612,-0.8929,-0.8268,0.3268,GO_GOAL
16.02,-0.9061,-0.814,0.5908,-1.1549,-0.4591,-0.8804,-0.8184,0.3254,GO_GOAL
16.04,-0.9036,-0.8123,0.5908,-1.1527,-0.457,-0.8804,-0.8184,0.324,GO_GOAL
16.06,-0.9011,-0.8106,0.5908,-1.1506,-0.4549,-0.8804,-0.8184,0.3226,GO_GOAL
16.08,-0.8986,-0.8089,0.5908,-1.1485,-0.4528,-0.8804,-0.8184,0.3212,GO_GOAL
16.1,-0.8961,-0.8073,0.5908,-1.1463,-0.4507,-0.8804,-0.8184,0.3199,GO_GOAL
16.12,-0.8936,-0.8056,0.5908,-1.1442,-0.4486,-0.8679,-0.8101,0.3185,GO_GOAL
16.14,-0.8911,-0.8039,0.5908,-1.142,-0.4465,-0.8679,-0.8101,0.3172,GO_GOAL
16.16,-0.8886,-0.8023,0.5908,-1.1399,-0.4444,-0.8679,-0.8101,0.3159,GO_GOAL
16.18,-0.8862,-0.8006,0.5908,-1.1377,-0.4423,-0.8679,-0.8101,0.3145,GO_GOAL
16.2,-0.8837,-0.7989,0.5908,-1.1356,-0.4402,-0.8679,-0.8101,0.3132,GO_GOAL
16.22,-0.8812,-0.7973,0.5908,-1.1335,-0.4381,-0.8555,-0.8017,0.312,GO_GOAL
16.24,-0.8787,-0.7956,0.5908,-1.1313,-0.436,-0.8555,-0.8017,0.3107,GO_GOAL
16.26,-0.8762,-0.7939,0.5908,-1.1292,-0.4339,-0.8555,-0.8017,0.3094,GO_GOAL
16.28,-0.8737,-0.7922,0.5908,-1.127,-0.4318,-0.8555,-0.8017,0.3082,GO_GOAL
16.3,-0.8712,-0.7906,0.5908,-1.1249,-0.4297,-0.8555,-0.8017,0.3069,GO_GOAL
16.32,-0.8687,-0.7889,0.5908,-1.1227,-0.4276,-0.843,-0.7934,0.3057,GO_GOAL
16.34,-0.8662,-0.7872,0.5908,-1.1206,-0.4255,-0.843,-0.7934,0.3045,GO_GOAL
16.36,-0.8637,-0.7856,0.5908,-1.1185,-0.4234,-0.843,-0.7934,0.3033,GO_GOAL
16.38,-0.8612,-0.7839,0.5908,-1.1163,-0.4213,-0.843,-0.7934,0.3021,GO_GOAL
16.4,-0.8587,-0.7822,0.5908,-1.1142,-0.4192,-0.843,-0.7934,0.3009,GO_GOAL
16.42,-0.8563,-0.7805,0.5908,-1.1099,-0.415,-0.8306,-0.785,0.2997,GO_GOAL
16.44,-0.8538,-0.7789,0.5908,-1.1099,-0.415,-0.8306,-0.785,0.2986,GO_GOAL
16.46,-0.8513,-0.7772,0.5908,-1.1077,-0.4129,-0.8306,-0.785,0.2974,GO_GOAL
16.48,-0.8488,-0.7755,0.5908,-1.1056,-0.4108,-0.8306,-0.785,0.2963,GO_GOAL
16.5,-0.8463,-0.7739,0.5908,-1.1035,-0.4087,-0.8306,-0.785,0.2952,GO_GOAL
16.52,-0.8438,-0.7722,0.5908,-1.0992,-0.4045,-0.8181,-0.7767,0.2941,GO_GOAL
16.54,-0.8413,-0.7705,0.5908,-1.0992,-0.4045,-0.8181,-0.7767,0.293,GO_GOAL
16.56,-0.8388,-0.7688,0.5908,-1.097,-0.4024,-0.8181,-0.7767,0.2919,GO_GOAL
16.58,-0.8363,-0.7672,0.5908,-1.0949,-0.4003,-0.8181,-0.7767,0.2908,GO_GOAL
16.6,-0.8338,-0.7655,0.5908,-1.0906,-0.3961,-0.8181,-0.7767,0.2898,GO_GOAL
16.62,-0.8313,-0.7638,0.5908,-1.0906,-0.3961,-0.8057,-0.7683,0.2888,GO_GOAL
16.64,-0.8289,-0.7622,0.5908,-1.0885,-0.394,-0.8057,-0.7683,0.2877,GO_GOAL
16.66,-0.8264,-0.7605,0.5908,-1.0842,-0.3898,-0.8057,-0.7683,0.2867,GO_GOAL
16.68,-0.8239,-0.7588,0.5908,-1.0842,-0.3898,-0.8057,-0.7683,0.2857,GO_GOAL
16.7,-0.8214,-0.7571,0.5908,-1.082,-0.3877,-0.8057,-0.7683,0.2847,GO_GOAL
16.72,-0.8189,-0.7555,0.5908,-1.0799,-0.3856,-0.7932,-0.76,0.2838,GO_GOAL
16.74,-0.8164,-0.7538,0.5908,-1.0756,-0.3814,-0.7932,-0.76,0.2828,GO_GOAL
16.76,-0.8139,-0.7521,0.5908,-1.0756,-0.3814,-0.7932,-0.76,0.2819,GO_GOAL
16.78,-0.8114,-0.7505,0.5908,-1.0713,-0.3772,-0.7932,-0.76,0.2809,GO_GOAL
16.8,-0.8089,-0.7488,0.5908,-1.0713,-0.3772,-0.7932,-0.76,0.28,GO_GOAL
16.82,-0.8064,-0.7471,0.5908,-1.0692,-0.3751,-0.7807,-0.7516,0.2791,GO_GOAL
16.84,-0.8039,-0.7454,0.5908,-1.067,-0.373,-0.7807,-0.7516,0.2782,GO_GOAL
16.86,-0.8014,-0.7438,0.5908,-1.0649,-0.3709,-0.7807,-0.7516,0.2773,GO_GOAL
16.88,-0.799,-0.7421,0.5908,-1.0627,-0.3688,-0.7807,-0.7516,0.2765,GO_GOAL
16.9,-0.7965,-0.7404,0.5908,-1.0606,-0.3667,-0.7807,-0.7516,0.2756,GO_GOAL
16.92,-0.794,-0.7388,0.5908,-1.0585,-0.3646,-0.7683,-0.7432,0.2748,GO_GOAL
16.94,-0.7915,-0.7371,0.5908,-1.0563,-0.3625,-0.7683,-0.7432,0.274,GO_GOAL
16.96,-0.789,-0.7354,0.5908,-1.0542,-0.3604,-0.7683,-0.7432,0.2732,GO_GOAL
16.98,-0.7865,-0.7337,0.5908,-1.052,-0.3583,-0.7683,-0.7432,0.2724,GO_GOAL
17.0,-0.784,-0.7321,0.5908,-1.0499,-0.3562,-0.7683,-0.7432,0.2716,GO_GOAL
17.02,-0.7815,-0.7304,0.5908,-1.0477,-0.3541,-0.7558,-0.7349,0.2708,GO_GOAL
17.04,-0.779,-0.7287,0.5908,-1.0456,-0.352,-0.7558,-0.7349,0.2701,GO_GOAL
17.06,-0.7765,-0.7271,0.5908,-1.0435,-0.3499,-0.7558,-0.7349,0.2694,GO_GOAL
17.08,-0.774,-0.7254,0.5908,-1.0413,-0.3478,-0.7558,-0.7349,0.2687,GO_GOAL
17.1,-0.7715,-0.7237,0.5908,-1.0392,-0.3457,-0.7558,-0.7349,0.2679,GO_GOAL
17.12,-0.7691,-0.722,0.5908,-1.0349,-0.3415,-0.7434,-0.7265,0.2673,GO_GOAL
17.14,-0.7666,-0.7204,0.5908,-1.0349,-0.3415,-0.7434,-0.7265,0.2666,GO_GOAL
17.16,-0.7641,-0.7187,0.5908,-1.0327,-0.3394,-0.7434,-0.7265,0.2659,GO_GOAL
17.18,-0.7616,-0.717,0.5908,-1.0306,-0.3373,-0.7434,-0.7265,0.2653,GO_GOAL
17.2,-0.7591,-0.7154,0.5908,-1.0285,-0.3352,-0.7309,-0.7182,0.2647,GO_GOAL
17.22,-0.7566,-0.7137,0.5908,-1.0263,-0.3331,-0.7309,-0.7182,0.264,GO_GOAL
17.24,-0.7541,-0.712,0.5908,-1.022,-0.3289,-0.7309,-0.7182,0.2634,GO_GOAL
17.26,-0.7516,-0.7103,0.5908,-1.022,-0.3289,-0.7309,-0.7182,0.2629,GO_GOAL
17.28,-0.7491,-0.7087,0.5908,-1.0199,-0.3268,-0.7309,-0.7182,0.2623,GO_GOAL
17.3,-0.7466,-0.707,0.5908,-1.0177,-0.3247,-0.7309,-0.7182,0.2617,GO_GOAL
17.32,-0.7441,-0.7053,0.5908,-1.0156,-0.3226,-0.7185,-0.7098,0.2612,GO_GOAL
17.34,-0.7417,-0.7037,0.5908,-1.0113,-0.3184,-0.7185,-0.7098,0.2607,GO_GOAL
17.36,-0.7392,-0.702,0.5908,-1.0113,-0.3184,-0.7185,-0.7098,0.2602,GO_GOAL
17.38,-0.7367,-0.7003,0.5908,-1.007,-0.3142,-0.7185,-0.7098,0.2597,GO_GOAL
17.4,-0.7342,-0.6987,0.5908,-1.007,-0.3142,-0.7185,-0.7098,0.2592,GO_GOAL
17.42,-0.7317,-0.697,0.5908,-1.0049,-0.3121,-0.706,-0.7015,0.2587,GO_GOAL
17.44,-0.7292,-0.6953,0.5908,-1.0027,-0.31,-0.706,-0.7015,0.2583,GO_GOAL
17.46,-0.7267,-0.6936,0.5908,-1.0006,-0.3079,-0.706,-0.7015,0.2579,GO_GOAL
17.48,-0.7242,-0.692,0.5908,-0.9985,-0.3058,-0.706,-0.7015,0.2574,GO_GOAL
17.5,-0.7217,-0.6903,0.5908,-0.9963,-0.3037,-0.706,-0.7015,0.257,GO_GOAL
17.52,-0.7192,-0.6886,0.5908,-0.9942,-0.3016,-0.6935,-0.6931,0.2567,GO_GOAL
17.54,-0.7167,-0.687,0.5908,-0.992,-0.2995,-0.6935,-0.6931,0.2563,GO_GOAL
17.56,-0.7142,-0.6853,0.5908,-0.9899,-0.2974,-0.6935,-0.6931,0.2559,GO_GOAL
17.58,-0.7118,-0.6836,0.5908,-0.9877,-0.2953,-0.6935,-0.6931,0.2556,GO_GOAL
17.6,-0.7093,-0.6819,0.5908,-0.9856,-0.2932,-0.6935,-0.6931,0.2553,GO_GOAL
17.62,-0.7068,-0.6803,0.5908,-0.9835,-0.2911,-0.6811,-0.6848,0.255,GO_GOAL
17.64,-0.7043,-0.6786,0.5908,-0.9813,-0.289,-0.6811,-0.6848,0.2547,GO_GOAL
17.66,-0.7018,-0.6769,0.5908,-0.9792,-0.2869,-0.6811,-0.6848,0.2544,GO_GOAL
17.68,-0.6993,-0.6753,0.5908,-0.977,-0.2848,-0.6811,-0.6848,0.2542,GO_GOAL
17.7,-0.6968,-0.6736,0.5908,-0.9749,-0.2827,-0.6811,-0.6848,0.2539,GO_GOAL
17.72,-0.6943,-0.6719,0.5908,-0.9727,-0.2806,-0.6686,-0.6764,0.2537,GO_GOAL
17.74,-0.6918,-0.6702,0.5908,-0.9706,-0.2785,-0.6686,-0.6764,0.2535,GO_GOAL
17.76,-0.6893,-0.6686,0.5908,-0.9685,-0.2764,-0.6686,-0.6764,0.2533,GO_GOAL
17.78,-0.6868,-0.6669,0.5908,-0.9663,-0.2743,-0.6686,-0.6764,0.2531,GO_GOAL
17.8,-0.6844,-0.6652,0.5908,-0.9642,-0.2722,-0.6686,-0.6764,0.2529,GO_GOAL
17.82,-0.6819,-0.6636,0.5908,-0.962,-0.2701,-0.6562,-0.668,0.2528,GO_GOAL
17.84,-0.6794,-0.6619,0.5908,-0.9599,-0.268,-0.6562,-0.668,0.2527,GO_GOAL
17.86,-0.6769,-0.6602,0.5908,-0.9577,-0.2659,-0.6562,-0.668,0.2526,GO_GOAL
17.88,-0.6744,-0.6585,0.5908,-0.9556,-0.2638,-0.6562,-0.668,0.2525,GO_GOAL
17.9,-0.6719,-0.6569,0.5908,-0.9535,-0.2617,-0.6562,-0.668,0.2524,GO_GOAL
17.92,-0.6694,-0.6552,0.5908,-0.9513,-0.2596,-0.6437,-0.6597,0.2523,GO_GOAL
17.94,-0.6669,-0.6535,0.5908,-0.9492,-0.2575,-0.6437,-0.6597,0.2523,GO_GOAL
17.96,-0.6644,-0.6519,0.5908,-0.947,-0.2554,-0.6437,-0.6597,0.2522,GO_GOAL
17.98,-0.6619,-0.6502,0.5908,-0.9449,-0.2533,-0.6437,-0.6597,0.2522,GO_GOAL
18.0,-0.6594,-0.6485,0.5908,-0.9406,-0.2491,-0.6437,-0.6597,0.2522,GO_GOAL
18.02,-0.6569,-0.6468,0.5908,-0.9406,-0.2491,-0.6312,-0.6513,0.2522,GO_GOAL
18.04,-0.6545,-0.6452,0.5908,-0.9385,-0.247,-0.6312,-0.6513,0.2522,GO_GOAL
18.06,-0.652,-0.6435,0.5908,-0.9363,-0.2449,-0.6312,-0.6513,0.2523,GO_GOAL
18.08,-0.6495,-0.6418,0.5908,-0.9342,-0.2428,-0.6312,-0.6513,0.2523,GO_GOAL
18.1,-0.647,-0.6402,0.5908,-0.932,-0.2407,-0.6312,-0.6513,0.2524,GO_GOAL
18.12,-0.6445,-0.6385,0.5908,-0.9277,-0.2365,-0.6188,-0.643,0.2525,GO_GOAL
18.14,-0.642,-0.6368,0.5908,-0.9277,-0.2365,-0.6188,-0.643,0.2526,GO_GOAL
18.16,-0.6395,-0.6351,0.5908,-0.9235,-0.2323,-0.6188,-0.643,0.2527,GO_GOAL
18.18,-0.637,-0.6335,0.5908,-0.9235,-0.2323,-0.6188,-0.643,0.2529,GO_GOAL
18.2,-0.6345,-0.6318,0.5908,-0.9213,-0.2302,-0.6188,-0.643,0.253,GO_GOAL
18.22,-0.632,-0.6301,0.5908,-0.9192,-0.2281,-0.6063,-0.6346,0.2532,GO_GOAL
18.24,-0.6295,-0.6285,0.5908,-0.917,-0.226,-0.6063,-0.6346,0.2534,GO_GOAL
18.26,-0.627,-0.6268,0.5908,-0.9127,-0.2218,-0.6063,-0.6346,0.2536,GO_GOAL
18.28,-0.6246,-0.6251,0.5908,-0.9106,-0.2197,-0.6063,-0.6346,0.2538,GO_GOAL
18.3,-0.6221,-0.6234,0.5908,-0.9106,-0.2197,-0.6063,-0.6346,0.2541,GO_GOAL
18.32,-0.6196,-0.6218,0.5908,-0.9085,-0.2176,-0.5939,-0.6263,0.2543,GO_GOAL
18.34,-0.6171,-0.6201,0.5908,-0.9042,-0.2134,-0.5939,-0.6263,0.2546,GO_GOAL
18.36,-0.6146,-0.6184,0.5908,-0.9042,-0.2134,-0.5939,-0.6263,0.2549,GO_GOAL
18.38,-0.6121,-0.6168,0.5908,-0.902,-0.2113,-0.5939,-0.6263,0.2552,GO_GOAL
18.4,-0.6096,-0.6151,0.5908,-0.8999,-0.2092,-0.5939,-0.6263,0.2555,GO_GOAL
18.42,-0.6071,-0.6134,0.5908,-0.8977,-0.2071,-0.5814,-0.6179,0.2558,GO_GOAL
18.44,-0.6046,-0.6117,0.5908,-0.8956,-0.205,-0.5814,-0.6179,0.2562,GO_GOAL
18.46,-0.6021,-0.6101,0.5908,-0.8935,-0.2029,-0.5814,-0.6179,0.2565,GO_GOAL
18.48,-0.5996,-0.6084,0.5908,-0.8913,-0.2008,-0.5814,-0.6179,0.2569,GO_GOAL
18.5,-0.5972,-0.6067,0.5908,-0.8892,-0.1987,-0.5814,-0.6179,0.2573,GO_GOAL
18.52,-0.5947,-0.6051,0.5908,-0.8849,-0.1945,-0.569,-0.6096,0.2577,GO_GOAL
18.54,-0.5922,-0.6034,0.5908,-0.8849,-0.1945,-0.569,-0.6096,0.2581,GO_GOAL
18.56,-0.5897,-0.6017,0.5908,-0.8827,-0.1924,-0.569,-0.6096,0.2586,GO_GOAL
18.58,-0.5872,-0.6001,0.5908,-0.8806,-0.1903,-0.569,-0.6096,0.259,GO_GOAL
18.6,-0.5847,-0.5984,0.5908,-0.8763,-0.1861,-0.569,-0.6096,0.2595,GO_GOAL
18.62,-0.5822,-0.5967,0.5908,-0.8763,-0.1861,-0.5565,-0.6012,0.26,GO_GOAL
18.64,-0.5797,-0.595,0.5908,-0.8742,-0.184,-0.5565,-0.6012,0.2605,GO_GOAL
18.66,-0.5772,-0.5934,0.5908,-0.872,-0.1819,-0.5565,-0.6012,0.261,GO_GOAL
18.68,-0.5747,-0.5917,0.5908,-0.8699,-0.1798,-0.5565,-0.6012,0.2615,GO_GOAL
18.7,-0.5722,-0.59,0.5908,-0.8677,-0.1777,-0.5565,-0.6012,0.2621,GO_GOAL
18.72,-0.5697,-0.5884,0.5908,-0.8656,-0.1756,-0.544,-0.5929,0.2627,GO_GOAL
18.74,-0.5673,-0.5867,0.5908,-0.8635,-0.1735,-0.544,-0.5929,0.2632,GO_GOAL
18.76,-0.5648,-0.585,0.5908,-0.8613,-0.1714,-0.544,-0.5929,0.2638,GO_GOAL
18.78,-0.5623,-0.5833,0.5908,-0.8592,-0.1693,-0.544,-0.5929,0.2644,GO_GOAL
18.8,-0.5598,-0.5817,0.5908,-0.857,-0.1672,-0.544,-0.5929,0.2651,GO_GOAL
18.82,-0.5573,-0.58,0.5908,-0.8549,-0.1651,-0.5291,-0.5828,0.2657,GO_GOAL
18.84,-0.5548,-0.5783,0.5908,-0.8527,-0.163,-0.5291,-0.5828,0.2664,GO_GOAL
18.86,-0.5523,-0.5767,0.5908,-0.8506,-0.1609,-0.5291,-0.5828,0.267,GO_GOAL
18.88,-0.5498,-0.575,0.5908,-0.8485,-0.1588,-0.5291,-0.5828,0.2677,GO_GOAL
18.9,-0.5473,-0.5733,0.5908,-0.8463,-0.1567,-0.5291,-0.5828,0.2684,GO_GOAL
18.92,-0.5448,-0.5716,0.5908,-0.8442,-0.1546,-0.5191,-0.5761,0.2691,GO_GOAL
18.94,-0.5423,-0.57,0.5908,-0.842,-0.1525,-0.5191,-0.5761,0.2698,GO_GOAL
18.96,-0.5398,-0.5683,0.5908,-0.8399,-0.1504,-0.5191,-0.5761,0.2706,GO_GOAL
18.98,-0.5374,-0.5666,0.5908,-0.8377,-0.1483,-0.5191,-0.5761,0.2713,GO_GOAL
19.0,-0.5349,-0.565,0.5908,-0.8356,-0.1462,-0.5191,-0.5761,0.2721,GO_GOAL
19.02,-0.5324,-0.5633,0.5908,-0.8335,-0.1441,-0.5067,-0.5678,0.2729,GO_GOAL
19.04,-0.5299,-0.5616,0.5908,-0.8313,-0.142,-0.5067,-0.5678,0.2737,GO_GOAL
19.06,-0.5274,-0.5599,0.5908,-0.8292,-0.1399,-0.5067,-0.5678,0.2745,GO_GOAL
19.08,-0.5249,-0.5583,0.5908,-0.8249,-0.1357,-0.5067,-0.5678,0.2753,GO_GOAL
19.1,-0.5224,-0.5566,0.5908,-0.8249,-0.1357,-0.5067,-0.5678,0.2762,GO_GOAL
19.12,-0.5199,-0.5549,0.5908,-0.8227,-0.1336,-0.4942,-0.5594,0.277,GO_GOAL
19.14,-0.5174,-0.5533,0.5908,-0.8206,-0.1315,-0.4942,-0.5594,0.2779,GO_GOAL
19.16,-0.5149,-0.5516,0.5908,-0.8185,-0.1294,-0.4942,-0.5594,0.2788,GO_GOAL
19.18,-0.5124,-0.5499,0.5908,-0.8163,-0.1273,-0.4942,-0.5594,0.2797,GO_GOAL
19.2,-0.51,-0.5482,0.5908,-0.8142,-0.1252,-0.4942,-0.5594,0.2806,GO_GOAL
19.22,-0.5075,-0.5466,0.5908,-0.812,-0.1231,-0.4818,-0.5511,0.2815,GO_GOAL
19.24,-0.505,-0.5449,0.5908,-0.8099,-0.121,-0.4818,-0.5511,0.2825,GO_GOAL
19.26,-0.5025,-0.5432,0.5908,-0.8077,-0.1189,-0.4818,-0.5511,0.2834,GO_GOAL
19.28,-0.5,-0.5416,0.5908,-0.8056,-0.1168,-0.4818,-0.5511,0.2844,GO_GOAL
19.3,-0.4975,-0.5399,0.5908,-0.8013,-0.1126,-0.4818,-0.5511,0.2854,GO_GOAL
19.32,-0.495,-0.5382,0.5908,-0.8013,-0.1126,-0.4693,-0.5427,0.2864,GO_GOAL
19.34,-0.4925,-0.5365,0.5908,-0.7992,-0.1105,-0.4693,-0.5427,0.2874,GO_GOAL
19.36,-0.49,-0.5349,0.5908,-0.797,-0.1084,-0.4693,-0.5427,0.2884,GO_GOAL
19.38,-0.4875,-0.5332,0.5908,-0.7949,-0.1063,-0.4693,-0.5427,0.2894,GO_GOAL
19.4,-0.485,-0.5315,0.5908,-0.7927,-0.1042,-0.4693,-0.5427,0.2905,GO_GOAL
19.42,-0.4825,-0.5299,0.5908,-0.7906,-0.1021,-0.4568,-0.5344,0.2915,GO_GOAL
19.44,-0.4801,-0.5282,0.5908,-0.7885,-0.1,-0.4568,-0.5344,0.2926,GO_GOAL
19.46,-0.4776,-0.5265,0.5908,-0.7863,-0.0979,-0.4568,-0.5344,0.2937,GO_GOAL
19.48,-0.4751,-0.5248,0.5908,-0.7842,-0.0958,-0.4568,-0.5344,0.2948,GO_GOAL
19.5,-0.4726,-0.5232,0.5908,-0.782,-0.0937,-0.4568,-0.5344,0.2959,GO_GOAL
19.52,-0.4701,-0.5215,0.5908,-0.7799,-0.0916,-0.4444,-0.526,0.297,GO_GOAL
19.54,-0.4676,-0.5198,0.5908,-0.7777,-0.0895,-0.4444,-0.526,0.2982,GO_GOAL
19.56,-0.4651,-0.5182,0.5908,-0.7735,-0.0853,-0.4444,-0.526,0.2993,GO_GOAL
19.58,-0.4626,-0.5165,0.5908,-0.7735,-0.0853,-0.4444,-0.526,0.3005,GO_GOAL
19.6,-0.4601,-0.5148,0.5908,-0.7713,-0.0832,-0.4444,-0.526,0.3017,GO_GOAL
19.62,-0.4576,-0.5131,0.5908,-0.767,-0.079,-0.4319,-0.5177,0.3029,GO_GOAL
19.64,-0.4551,-0.5115,0.5908,-0.767,-0.079,-0.4319,-0.5177,0.3041,GO_GOAL
19.66,-0.4526,-0.5098,0.5908,-0.7649,-0.0769,-0.4319,-0.5177,0.3053,GO_GOAL
19.68,-0.4502,-0.5081,0.5908,-0.7606,-0.0727,-0.4319,-0.5177,0.3065,GO_GOAL
19.7,-0.4477,-0.5065,0.5908,-0.7606,-0.0727,-0.4319,-0.5177,0.3077,GO_GOAL
19.72,-0.4452,-0.5048,0.5908,-0.7585,-0.0706,-0.4195,-0.5093,0.309,GO_GOAL
19.74,-0.4427,-0.5031,0.5908,-0.7563,-0.0685,-0.4195,-0.5093,0.3102,GO_GOAL
19.76,-0.4402,-0.5015,0.5908,-0.7542,-0.0664,-0.4195,-0.5093,0.3115,GO_GOAL
19.78,-0.4377,-0.4998,0.5908,-0.752,-0.0643,-0.4195,-0.5093,0.3128,GO_GOAL
19.8,-0.4352,-0.4981,0.5908,-0.7499,-0.0622,-0.4195,-0.5093,0.3141,GO_GOAL
19.82,-0.4327,-0.4964,0.5908,-0.7477,-0.0601,-0.407,-0.5009,0.3154,GO_GOAL
19.84,-0.4302,-0.4948,0.5908,-0.7456,-0.058,-0.407,-0.5009,0.3167,GO_GOAL
19.86,-0.4277,-0.4931,0.5908,-0.7435,-0.0559,-0.407,-0.5009,0.3181,GO_GOAL
19.88,-0.4252,-0.4914,0.5908,-0.7413,-0.0538,-0.407,-0.5009,0.3194,GO_GOAL
19.9,-0.4228,-0.4898,0.5908,-0.7392,-0.0517,-0.407,-0.5009,0.3207,GO_GOAL
19.92,-0.4203,-0.4881,0.5908,-0.737,-0.0496,-0.3946,-0.4926,0.3221,GO_GOAL
19.94,-0.4178,-0.4864,0.5908,-0.7349,-0.0475,-0.3946,-0.4926,0.3235,GO_GOAL
19.96,-0.4153,-0.4847,0.5908,-0.7327,-0.0454,-0.3946,-0.4926,0.3249,GO_GOAL
19.98,-0.4128,-0.4831,0.5908,-0.7306,-0.0433,-0.3946,-0.4926,0.3263,GO_GOAL
20.0,-0.4103,-0.4814,0.5908,-0.7285,-0.0412,-0.3946,-0.4926,0.3277,GO_GOAL
20.02,-0.4078,-0.4797,0.5908,-0.7263,-0.0391,-0.3821,-0.4842,0.3291,GO_GOAL
20.04,-0.4053,-0.4781,0.5908,-0.7242,-0.037,-0.3821,-0.4842,0.3305,GO_GOAL
20.06,-0.4028,-0.4764,0.5908,-0.722,-0.0349,-0.3821,-0.4842,0.332,GO_GOAL
20.08,-0.4003,-0.4747,0.5908,-0.7177,-0.0307,-0.3821,-0.4842,0.3334,GO_GOAL
20.1,-0.3978,-0.473,0.5908,-0.7156,-0.0286,-0.3821,-0.4842,0.3349,GO_GOAL
20.12,-0.3953,-0.4714,0.5908,-0.7156,-0.0286,-0.3696,-0.4759,0.3364,GO_GOAL
20.14,-0.3929,-0.4697,0.5908,-0.7113,-0.0244,-0.3696,-0.4759,0.3379,GO_GOAL
20.16,-0.3904,-0.468,0.5908,-0.7113,-0.0244,-0.3696,-0.4759,0.3394,GO_GOAL
20.18,-0.3879,-0.4664,0.5908,-0.7092,-0.0223,-0.3696,-0.4759,0.3409,GO_GOAL
20.2,-0.3854,-0.4647,0.5908,-0.707,-0.0202,-0.3696,-0.4759,0.3424,GO_GOAL
20.22,-0.3829,-0.463,0.5908,-0.7049,-0.0181,-0.3547,-0.4658,0.3439,GO_GOAL
20.24,-0.3804,-0.4613,0.5908,-0.7006,-0.0139,-0.3547,-0.4658,0.3455,GO_GOAL
20.26,-0.3779,-0.4597,0.5908,-0.7006,-0.0139,-0.3547,-0.4658,0.347,GO_GOAL
20.28,-0.3754,-0.458,0.5908,-0.6985,-0.0118,-0.3547,-0.4658,0.3486,GO_GOAL
20.3,-0.3729,-0.4563,0.5908,-0.6963,-0.0097,-0.3547,-0.4658,0.3501,GO_GOAL
20.32,-0.3704,-0.4547,0.5908,-0.6942,-0.0076,-0.3447,-0.4592,0.3502,GO_GOAL
20.34,-0.3679,-0.453,0.5908,-0.692,-0.0055,-0.3447,-0.4592,0.3501,GO_GOAL
20.36,-0.3654,-0.4513,0.5908,-0.6899,-0.0034,-0.3447,-0.4592,0.3499,GO_GOAL
20.38,-0.363,-0.4496,0.5908,-0.6877,-0.0013,-0.3447,-0.4592,0.3498,GO_GOAL
20.4,-0.3605,-0.448,0.5908,-0.6856,0.0008,-0.3447,-0.4592,0.3497,GO_GOAL
20.42,-0.358,-0.4463,0.5908,-0.6835,0.0028,-0.3323,-0.4508,0.3496,GO_GOAL
20.44,-0.3555,-0.4446,0.5908,-0.6813,0.0049,-0.3323,-0.4508,0.3495,GO_GOAL
20.46,-0.353,-0.443,0.5908,-0.6792,0.007,-0.3323,-0.4508,0.3494,GO_GOAL
20.48,-0.3505,-0.4413,0.5908,-0.6749,0.0112,-0.3323,-0.4508,0.3494,GO_GOAL
20.5,-0.348,-0.4396,0.5908,-0.6728,0.0133,-0.3323,-0.4508,0.3493,GO_GOAL
20.52,-0.3455,-0.4379,0.5908,-0.6728,0.0133,-0.3198,-0.4425,0.3493,GO_GOAL
20.54,-0.343,-0.4363,0.5908,-0.6706,0.0154,-0.3198,-0.4425,0.3493,GO_GOAL
20.56,-0.3405,-0.4346,0.5908,-0.6685,0.0175,-0.3198,-0.4425,0.3492,GO_GOAL
20.58,-0.338,-0.4329,0.5908,-0.6663,0.0196,-0.3198,-0.4425,0.3493,GO_GOAL
20.6,-0.3356,-0.4313,0.5908,-0.6642,0.0217,-0.3198,-0.4425,0.3493,GO_GOAL
20.62,-0.3331,-0.4296,0.5908,-0.662,0.0238,-0.3074,-0.4341,0.3493,GO_GOAL
20.64,-0.3306,-0.4279,0.5908,-0.6578,0.028,-0.3074,-0.4341,0.3494,GO_GOAL
20.66,-0.3281,-0.4262,0.5908,-0.6578,0.028,-0.3074,-0.4341,0.3494,GO_GOAL
20.68,-0.3256,-0.4246,0.5908,-0.6535,0.0322,-0.3074,-0.4341,0.3495,GO_GOAL
20.7,-0.3231,-0.4229,0.5908,-0.6535,0.0322,-0.3074,-0.4341,0.3496,GO_GOAL
20.72,-0.3206,-0.4212,0.5908,-0.6513,0.0343,-0.2949,-0.4257,0.3497,GO_GOAL
20.74,-0.3181,-0.4196,0.5908,-0.6492,0.0364,-0.2949,-0.4257,0.3498,GO_GOAL
20.76,-0.3156,-0.4179,0.5908,-0.647,0.0385,-0.2949,-0.4257,0.3499,GO_GOAL
20.78,-0.3131,-0.4162,0.5908,-0.6449,0.0406,-0.2949,-0.4257,0.3501,GO_GOAL
20.8,-0.3106,-0.4145,0.5908,-0.6428,0.0427,-0.2949,-0.4257,0.3502,GO_GOAL
20.82,-0.3081,-0.4129,0.5908,-0.6406,0.0448,-0.2824,-0.4174,0.3504,GO_GOAL
20.84,-0.3057,-0.4112,0.5908,-0.6385,0.0469,-0.2824,-0.4174,0.3506,GO_GOAL
20.86,-0.3032,-0.4095,0.5908,-0.6363,0.049,-0.2824,-0.4174,0.3508,GO_GOAL
20.88,-0.3007,-0.4079,0.5908,-0.6342,0.0511,-0.2824,-0.4174,0.351,GO_GOAL
20.9,-0.2982,-0.4062,0.5908,-0.632,0.0532,-0.2824,-0.4174,0.3512,GO_GOAL
20.92,-0.2957,-0.4045,0.5908,-0.6299,0.0553,-0.27,-0.409,0.3515,GO_GOAL
20.94,-0.2932,-0.4029,0.5908,-0.6278,0.0574,-0.27,-0.409,0.3517,GO_GOAL
20.96,-0.2907,-0.4012,0.5908,-0.6256,0.0595,-0.27,-0.409,0.352,GO_GOAL
20.98,-0.2882,-0.3995,0.5908,-0.6235,0.0616,-0.27,-0.409,0.3523,GO_GOAL
21.0,-0.2857,-0.3978,0.5908,-0.6213,0.0637,-0.27,-0.409,0.3526,GO_GOAL
21.02,-0.2832,-0.3962,0.5908,-0.6192,0.0658,-0.2575,-0.4007,0.3529,GO_GOAL
21.04,-0.2807,-0.3945,0.5908,-0.617,0.0679,-0.2575,-0.4007,0.3532,GO_GOAL
21.06,-0.2783,-0.3928,0.5908,-0.6149,0.07,-0.2575,-0.4007,0.3535,GO_GOAL
21.08,-0.2758,-0.3912,0.5908,-0.6128,0.0721,-0.2575,-0.4007,0.3539,GO_GOAL
21.1,-0.2733,-0.3895,0.5908,-0.6106,0.0742,-0.2575,-0.4007,0.3542,GO_GOAL
21.12,-0.2708,-0.3878,0.5908,-0.6085,0.0763,-0.2451,-0.3923,0.3546,GO_GOAL
21.14,-0.2683,-0.3861,0.5908,-0.6063,0.0784,-0.2451,-0.3923,0.355,GO_GOAL
21.16,-0.2658,-0.3845,0.5908,-0.6042,0.0805,-0.2451,-0.3923,0.3554,GO_GOAL
21.18,-0.2633,-0.3828,0.5908,-0.602,0.0826,-0.2451,-0.3923,0.3558,GO_GOAL
21.2,-0.2608,-0.3811,0.5908,-0.5999,0.0847,-0.2451,-0.3923,0.3562,GO_GOAL
21.22,-0.2583,-0.3795,0.5908,-0.5978,0.0868,-0.2326,-0.384,0.3567,GO_GOAL
21.24,-0.2558,-0.3778,0.5908,-0.5956,0.0889,-0.2326,-0.384,0.3571,GO_GOAL
21.26,-0.2533,-0.3761,0.5908,-0.5935,0.091,-0.2326,-0.384,0.3576,GO_GOAL
21.28,-0.2508,-0.3744,0.5908,-0.5892,0.0952,-0.2326,-0.384,0.3581,GO_GOAL
21.3,-0.2484,-0.3728,0.5908,-0.587,0.0973,-0.2326,-0.384,0.3586,GO_GOAL
21.32,-0.2459,-0.3711,0.5908,-0.587,0.0973,-0.2202,-0.3756,0.3591,GO_GOAL
21.34,-0.2434,-0.3694,0.5908,-0.5849,0.0994,-0.2202,-0.3756,0.3596,GO_GOAL
21.36,-0.2409,-0.3678,0.5908,-0.5828,0.1015,-0.2202,-0.3756,0.3601,GO_GOAL
21.38,-0.2384,-0.3661,0.5908,-0.5806,0.1036,-0.2202,-0.3756,0.3607,GO_GOAL
21.4,-0.2359,-0.3644,0.5908,-0.5785,0.1057,-0.2202,-0.3756,0.3612,GO_GOAL
21.42,-0.2334,-0.3627,0.5908,-0.5763,0.1078,-0.2077,-0.3673,0.3618,GO_GOAL
21.44,-0.2309,-0.3611,0.5908,-0.5742,0.1099,-0.2077,-0.3673,0.3624,GO_GOAL
21.46,-0.2284,-0.3594,0.5908,-0.572,0.112,-0.2077,-0.3673,0.363,GO_GOAL
21.48,-0.2259,-0.3577,0.5908,-0.5699,0.1141,-0.2077,-0.3673,0.3636,GO_GOAL
21.5,-0.2234,-0.3561,0.5908,-0.5678,0.1162,-0.2077,-0.3673,0.3642,GO_GOAL
21.52,-0.2209,-0.3544,0.5908,-0.5656,0.1183,-0.1952,-0.3589,0.3648,GO_GOAL
21.54,-0.2185,-0.3527,0.5908,-0.5613,0.1225,-0.1952,-0.3589,0.3655,GO_GOAL
21.56,-0.216,-0.351,0.5908,-0.5613,0.1225,-0.1952,-0.3589,0.3661,GO_GOAL
21.58,-0.2135,-0.3494,0.5908,-0.5592,0.1246,-0.1952,-0.3589,0.3668,GO_GOAL
21.6,-0.211,-0.3477,0.5908,-0.557,0.1267,-0.1952,-0.3589,0.3675,GO_GOAL
21.62,-0.2085,-0.346,0.5908,-0.5549,0.1288,-0.1828,-0.3505,0.3682,GO_GOAL
21.64,-0.206,-0.3444,0.5908,-0.5528,0.1309,-0.1828,-0.3505,0.3689,GO_GOAL
21.66,-0.2035,-0.3427,0.5908,-0.5506,0.133,-0.1828,-0.3505,0.3696,GO_GOAL
21.68,-0.201,-0.341,0.5908,-0.5485,0.1351,-0.1828,-0.3505,0.3704,GO_GOAL
21.7,-0.1985,-0.3393,0.5908,-0.5463,0.1372,-0.1828,-0.3505,0.3711,GO_GOAL
21.72,-0.196,-0.3377,0.5908,-0.5442,0.1393,-0.1703,-0.3422,0.3719,GO_GOAL
21.74,-0.1935,-0.336,0.5908,-0.542,0.1414,-0.1703,-0.3422,0.3726,GO_GOAL
21.76,-0.1911,-0.3343,0.5908,-0.5399,0.1435,-0.1703,-0.3422,0.3734,GO_GOAL
21.78,-0.1886,-0.3327,0.5908,-0.5378,0.1456,-0.1703,-0.3422,0.3742,GO_GOAL
21.8,-0.1861,-0.331,0.5908,-0.5356,0.1477,-0.1703,-0.3422,0.375,GO_GOAL
21.82,-0.1836,-0.3293,0.5908,-0.5335,0.1498,-0.1579,-0.3338,0.3758,GO_GOAL
21.84,-0.1811,-0.3276,0.5908,-0.5313,0.1519,-0.1579,-0.3338,0.3767,GO_GOAL
21.86,-0.1786,-0.326,0.5908,-0.527,0.1561,-0.1579,-0.3338,0.3775,GO_GOAL
21.88,-0.1761,-0.3243,0.5908,-0.527,0.1561,-0.1579,-0.3338,0.3784,GO_GOAL
21.9,-0.1736,-0.3226,0.5908,-0.5249,0.1582,-0.1579,-0.3338,0.3793,GO_GOAL
21.92,-0.1711,-0.321,0.5908,-0.5206,0.1624,-0.1454,-0.3255,0.3801,GO_GOAL
21.94,-0.1686,-0.3193,0.5908,-0.5206,0.1624,-0.1454,-0.3255,0.381,GO_GOAL
21.96,-0.1661,-0.3176,0.5908,-0.5163,0.1666,-0.1454,-0.3255,0.3819,GO_GOAL
21.98,-0.1636,-0.3159,0.5908,-0.5163,0.1666,-0.1454,-0.3255,0.3828,GO_GOAL
22.0,-0.1612,-0.3143,0.5908,-0.5142,0.1687,-0.1454,-0.3255,0.3838,GO_GOAL
22.02,-0.1587,-0.3126,0.5908,-0.512,0.1708,-0.1305,-0.3154,0.3847,GO_GOAL
22.04,-0.1562,-0.3109,0.5908,-0.5099,0.1729,-0.1305,-0.3154,0.3857,GO_GOAL
22.06,-0.1537,-0.3093,0.5908,-0.5078,0.175,-0.1305,-0.3154,0.3866,GO_GOAL
22.08,-0.1512,-0.3076,0.5908,-0.5056,0.1771,-0.1305,-0.3154,0.3876,GO_GOAL
22.1,-0.1487,-0.3059,0.5908,-0.5035,0.1792,-0.1305,-0.3154,0.3886,GO_GOAL
22.12,-0.1462,-0.3043,0.5908,-0.5013,0.1813,-0.1205,-0.3088,0.3896,GO_GOAL
22.14,-0.1437,-0.3026,0.5908,-0.4992,0.1834,-0.1205,-0.3088,0.3906,GO_GOAL
22.16,-0.1412,-0.3009,0.5908,-0.497,0.1855,-0.1205,-0.3088,0.3916,GO_GOAL
22.18,-0.1387,-0.2992,0.5908,-0.4949,0.1876,-0.1205,-0.3088,0.3927,GO_GOAL
22.2,-0.1362,-0.2976,0.5908,-0.4928,0.1897,-0.1205,-0.3088,0.3937,GO_GOAL
22.22,-0.1337,-0.2959,0.5908,-0.4885,0.1939,-0.108,-0.3004,0.3948,GO_GOAL
22.24,-0.1313,-0.2942,0.5908,-0.4885,0.1939,-0.108,-0.3004,0.3958,GO_GOAL
22.26,-0.1288,-0.2926,0.5908,-0.4863,0.196,-0.108,-0.3004,0.3969,GO_GOAL
22.28,-0.1263,-0.2909,0.5908,-0.4842,0.1981,-0.108,-0.3004,0.398,GO_GOAL
22.3,-0.1238,-0.2892,0.5908,-0.482,0.2002,-0.108,-0.3004,0.3991,GO_GOAL
22.32,-0.1213,-0.2875,0.5908,-0.4799,0.2023,-0.0956,-0.292,0.4002,GO_GOAL
22.34,-0.1188,-0.2859,0.5908,-0.4778,0.2044,-0.0956,-0.292,0.4013,GO_GOAL
22.36,-0.1163,-0.2842,0.5908,-0.4756,0.2065,-0.0956,-0.292,0.4025,GO_GOAL
22.38,-0.1138,-0.2825,0.5908,-0.4735,0.2086,-0.0956,-0.292,0.4036,GO_GOAL
22.4,-0.1113,-0.2809,0.5908,-0.4713,0.2107,-0.0956,-0.292,0.4047,GO_GOAL
22.42,-0.1088,-0.2792,0.5908,-0.4692,0.2128,-0.0831,-0.2837,0.4059,GO_GOAL
22.44,-0.1063,-0.2775,0.5908,-0.467,0.2149,-0.0831,-0.2837,0.4071,GO_GOAL
22.46,-0.1039,-0.2758,0.5908,-0.4649,0.217,-0.0831,-0.2837,0.4083,GO_GOAL
22.48,-0.1014,-0.2742,0.5908,-0.4606,0.2212,-0.0831,-0.2837,0.4095,GO_GOAL
22.502,-0.0989,-0.2725,0.5908,-0.4606,0.2212,-0.0831,-0.2837,0.4107,GO_GOAL
22.52,-0.0964,-0.2708,0.5908,-0.4585,0.2233,-0.0707,-0.2753,0.4119,GO_GOAL
22.54,-0.0939,-0.2692,0.5908,-0.4563,0.2254,-0.0707,-0.2753,0.4131,GO_GOAL
22.56,-0.0914,-0.2675,0.5908,-0.4542,0.2275,-0.0707,-0.2753,0.4144,GO_GOAL
22.58,-0.0889,-0.2658,0.5908,-0.452,0.2296,-0.0707,-0.2753,0.4156,GO_GOAL
22.6,-0.0864,-0.2641,0.5908,-0.4499,0.2317,-0.0582,-0.267,0.4169,GO_GOAL
22.62,-0.0839,-0.2625,0.5908,-0.4478,0.2338,-0.0582,-0.267,0.4181,GO_GOAL
22.64,-0.0814,-0.2608,0.5908,-0.4456,0.2359,-0.0582,-0.267,0.4194,GO_GOAL
22.66,-0.0789,-0.2591,0.5908,-0.4435,0.238,-0.0582,-0.267,0.4207,GO_GOAL
22.68,-0.0764,-0.2575,0.5908,-0.4413,0.2401,-0.0582,-0.267,0.422,GO_GOAL
22.7,-0.074,-0.2558,0.5908,-0.4392,0.2422,-0.0582,-0.267,0.4233,GO_GOAL
22.72,-0.0715,-0.2541,0.5908,-0.437,0.2443,-0.0458,-0.2586,0.4246,GO_GOAL
22.74,-0.069,-0.2524,0.5908,-0.4349,0.2464,-0.0458,-0.2586,0.426,GO_GOAL
22.76,-0.0665,-0.2508,0.5908,-0.4328,0.2485,-0.0458,-0.2586,0.4273,GO_GOAL
22.78,-0.064,-0.2491,0.5908,-0.4306,0.2506,-0.0458,-0.2586,0.4286,GO_GOAL
22.8,-0.0615,-0.2474,0.5908,-0.4285,0.2527,-0.0458,-0.2586,0.43,GO_GOAL
22.82,-0.059,-0.2458,0.5908,-0.4263,0.2548,-0.0333,-0.2503,0.4314,GO_GOAL
22.84,-0.0565,-0.2441,0.5908,-0.4242,0.2569,-0.0333,-0.2503,0.4327,GO_GOAL
22.86,-0.054,-0.2424,0.5908,-0.422,0.259,-0.0333,-0.2503,0.4341,GO_GOAL
22.88,-0.0515,-0.2407,0.5908,-0.4199,0.2611,-0.0333,-0.2503,0.4355,GO_GOAL
22.9,-0.049,-0.2391,0.5908,-0.4178,0.2632,-0.0333,-0.2503,0.4369,GO_GOAL
22.92,-0.0465,-0.2374,0.5908,-0.4156,0.2653,-0.0208,-0.2419,0.4384,GO_GOAL
22.94,-0.0441,-0.2357,0.5908,-0.4135,0.2674,-0.0208,-0.2419,0.4398,GO_GOAL
22.96,-0.0416,-0.2341,0.5908,-0.4113,0.2695,-0.0208,-0.2419,0.4412,GO_GOAL
22.98,-0.0391,-0.2324,0.5908,-0.4092,0.2716,-0.0208,-0.2419,0.4427,GO_GOAL
23.0,-0.0366,-0.2307,0.5908,-0.407,0.2737,-0.0208,-0.2419,0.4441,GO_GOAL
23.02,-0.0341,-0.229,0.5908,-0.4049,0.2758,-0.0084,-0.2336,0.4456,GO_GOAL
23.04,-0.0316,-0.2274,0.5908,-0.4028,0.2779,-0.0084,-0.2336,0.447,GO_GOAL
23.06,-0.0291,-0.2257,0.5908,-0.4006,0.28,-0.0084,-0.2336,0.4485,GO_GOAL
23.08,-0.0266,-0.224,0.5908,-0.3985,0.2821,-0.0084,-0.2336,0.45,GO_GOAL
23.1,-0.0241,-0.2224,0.5908,-0.3963,0.2842,-0.0084,-0.2336,0.4515,GO_GOAL
23.12,-0.0216,-0.2207,0.5908,-0.3942,0.2863,0.0041,-0.2252,0.453,GO_GOAL
23.14,-0.0191,-0.219,0.5908,-0.392,0.2884,0.0041,-0.2252,0.4545,GO_GOAL
23.16,-0.0167,-0.2173,0.5908,-0.3899,0.2905,0.0041,-0.2252,0.456,GO_GOAL
23.18,-0.0142,-0.2157,0.5908,-0.3878,0.2926,0.0041,-0.2252,0.4576,GO_GOAL
23.2,-0.0117,-0.214,0.5908,-0.3856,0.2947,0.0041,-0.2252,0.4591,GO_GOAL
23.22,-0.0092,-0.2123,0.5908,-0.3813,0.2989,0.0165,-0.2168,0.4607,GO_GOAL
23.24,-0.0067,-0.2107,0.5908,-0.3813,0.2989,0.0165,-0.2168,0.4622,GO_GOAL
23.26,-0.0042,-0.209,0.5908,-0.3792,0.301,0.0165,-0.2168,0.4638,GO_GOAL
23.28,-0.0017,-0.2073,0.5908,-0.377,0.3031,0.0165,-0.2168,0.4654,GO_GOAL
23.3,0.0008,-0.2057,0.5908,-0.3749,0.3052,0.029,-0.2085,0.467,GO_GOAL
23.32,0.0033,-0.204,0.5908,-0.3706,0.3094,0.029,-0.2085,0.4685,GO_GOAL
23.34,0.0058,-0.2023,0.5908,-0.3706,0.3094,0.029,-0.2085,0.4701,GO_GOAL
23.36,0.0083,-0.2006,0.5908,-0.3685,0.3115,0.029,-0.2085,0.4718,GO_GOAL
23.38,0.0108,-0.199,0.5908,-0.3663,0.3136,0.029,-0.2085,0.4734,GO_GOAL
23.4,0.0132,-0.1973,0.5908,-0.362,0.3178,0.029,-0.2085,0.475,GO_GOAL
23.42,0.0157,-0.1956,0.5908,-0.362,0.3178,0.0439,-0.1985,0.4766,GO_GOAL
23.44,0.0182,-0.194,0.5908,-0.3599,0.3199,0.0439,-0.1985,0.4783,GO_GOAL
23.462,0.0207,-0.1923,0.5908,-0.3578,0.322,0.0439,-0.1985,0.4799,GO_GOAL
23.48,0.0232,-0.1906,0.5908,-0.3556,0.3241,0.0439,-0.1985,0.4816,GO_GOAL
23.5,0.0257,-0.1889,0.5908,-0.3535,0.3262,0.0439,-0.1985,0.4832,GO_GOAL
23.52,0.0282,-0.1873,0.5908,-0.3513,0.3283,0.0539,-0.1918,0.4849,GO_GOAL
23.54,0.0307,-0.1856,0.5908,-0.3492,0.3304,0.0539,-0.1918,0.4866,GO_GOAL
23.56,0.0332,-0.1839,0.5908,-0.347,0.3325,0.0539,-0.1918,0.4883,GO_GOAL
23.58,0.0357,-0.1823,0.5908,-0.3449,0.3346,0.0539,-0.1918,0.49,GO_GOAL
23.6,0.0382,-0.1806,0.5908,-0.3428,0.3367,0.0664,-0.1834,0.4917,GO_GOAL
23.62,0.0405,-0.179,0.5911,-0.3406,0.3388,0.0664,-0.1834,0.4933,GO_GOAL
23.64,0.0428,-0.1775,0.5918,-0.3385,0.3409,0.0664,-0.1834,0.4948,GO_GOAL
23.66,0.0451,-0.1759,0.5929,-0.3364,0.343,0.0664,-0.1834,0.4964,GO_GOAL
23.68,0.0474,-0.1744,0.5946,-0.3343,0.3451,0.0664,-0.1834,0.498,GO_GOAL
23.7,0.0498,-0.1728,0.5967,-0.3322,0.3472,0.0664,-0.1834,0.4996,GO_GOAL
23.72,0.0522,-0.1711,0.5993,-0.328,0.3514,0.0787,-0.1751,0.4982,GO_GOAL
23.74,0.0546,-0.1695,0.6023,-0.328,0.3514,0.0787,-0.1751,0.4961,GO_GOAL
23.76,0.057,-0.1678,0.6057,-0.3259,0.3536,0.0787,-0.1751,0.4941,GO_GOAL
23.78,0.0594,-0.1661,0.6092,-0.3238,0.3557,0.0787,-0.1751,0.492,GO_GOAL
23.8,0.0618,-0.1644,0.6127,-0.3197,0.36,0.0787,-0.1751,0.4899,GO_GOAL
23.82,0.0642,-0.1627,0.6162,-0.3177,0.3621,0.091,-0.1667,0.4878,GO_GOAL
23.84,0.0666,-0.161,0.6197,-0.3177,0.3621,0.091,-0.1667,0.4858,GO_GOAL
23.86,0.069,-0.1593,0.6232,-0.3156,0.3643,0.091,-0.1667,0.4837,GO_GOAL
23.88,0.0714,-0.1576,0.6267,-0.3136,0.3665,0.091,-0.1667,0.4816,GO_GOAL
23.9,0.0738,-0.1559,0.6302,-0.3116,0.3687,0.091,-0.1667,0.4795,GO_GOAL
23.92,0.0763,-0.154,0.6334,-0.3095,0.3709,0.1031,-0.158,0.4773,GO_GOAL
23.94,0.0789,-0.1521,0.6362,-0.3075,0.3731,0.1031,-0.158,0.475,GO_GOAL
23.96,0.0814,-0.1502,0.6385,-0.3055,0.3753,0.1031,-0.158,0.4727,GO_GOAL
23.98,0.0839,-0.1484,0.6403,-0.3035,0.3775,0.1031,-0.158,0.4705,GO_GOAL
24.0,0.0864,-0.1465,0.6417,-0.3014,0.3797,0.1031,-0.158,0.4682,GO_GOAL
24.02,0.0889,-0.1447,0.6426,-0.2994,0.3819,0.1152,-0.1491,0.466,GO_GOAL
24.04,0.0913,-0.1429,0.6431,-0.2974,0.3841,0.1152,-0.1491,0.4638,GO_GOAL
24.06,0.0937,-0.1411,0.6431,-0.2953,0.3863,0.1152,-0.1491,0.4616,GO_GOAL
24.08,0.0961,-0.1393,0.6431,-0.2933,0.3885,0.1152,-0.1491,0.4594,GO_GOAL
24.1,0.0985,-0.1375,0.6431,-0.2913,0.3907,0.1152,-0.1491,0.4573,GO_GOAL
24.12,0.1009,-0.1357,0.6431,-0.2892,0.3929,0.1272,-0.1401,0.4551,GO_GOAL
24.14,0.1033,-0.1339,0.6431,-0.2872,0.3952,0.1272,-0.1401,0.4529,GO_GOAL
24.16,0.1057,-0.1321,0.6431,-0.2852,0.3974,0.1272,-0.1401,0.4508,GO_GOAL
24.18,0.1081,-0.1303,0.6431,-0.2832,0.3996,0.1272,-0.1401,0.4486,GO_GOAL
24.2,0.1105,-0.1285,0.6431,-0.2811,0.4018,0.1272,-0.1401,0.4465,GO_GOAL
24.22,0.1129,-0.1267,0.6431,-0.2791,0.404,0.1416,-0.1294,0.4443,GO_GOAL
24.24,0.1153,-0.1249,0.6431,-0.2771,0.4062,0.1416,-0.1294,0.4422,GO_GOAL
24.26,0.1177,-0.1231,0.6431,-0.275,0.4084,0.1416,-0.1294,0.4401,GO_GOAL
24.28,0.1201,-0.1213,0.6431,-0.273,0.4106,0.1416,-0.1294,0.4379,GO_GOAL
24.3,0.1225,-0.1195,0.6431,-0.271,0.4128,0.1416,-0.1294,0.4358,GO_GOAL
24.32,0.1249,-0.1177,0.6431,-0.2689,0.415,0.1512,-0.1222,0.4337,GO_GOAL
24.34,0.1273,-0.1159,0.6431,-0.2669,0.4172,0.1512,-0.1222,0.4316,GO_GOAL
24.36,0.1297,-0.1141,0.6431,-0.2649,0.4195,0.1512,-0.1222,0.4295,GO_GOAL
24.38,0.1321,-0.1123,0.6431,-0.2629,0.4217,0.1512,-0.1222,0.4274,GO_GOAL
24.4,0.1345,-0.1105,0.6431,-0.2608,0.4239,0.1512,-0.1222,0.4253,GO_GOAL
24.42,0.1369,-0.1087,0.6431,-0.2588,0.4261,0.1632,-0.1132,0.4233,GO_GOAL
24.44,0.1393,-0.1069,0.6431,-0.2568,0.4283,0.1632,-0.1132,0.4212,GO_GOAL
24.46,0.1417,-0.1051,0.6431,-0.2547,0.4305,0.1632,-0.1132,0.4191,GO_GOAL
24.48,0.1441,-0.1033,0.6431,-0.2527,0.4327,0.1632,-0.1132,0.4171,GO_GOAL
24.5,0.1465,-0.1015,0.6431,-0.2507,0.4349,0.1632,-0.1132,0.415,GO_GOAL
24.52,0.1489,-0.0997,0.6431,-0.2486,0.4371,0.1752,-0.1042,0.413,GO_GOAL
24.54,0.1513,-0.0979,0.6431,-0.2466,0.4393,0.1752,-0.1042,0.4109,GO_GOAL
24.56,0.1537,-0.0961,0.6431,-0.2446,0.4415,0.1752,-0.1042,0.4089,GO_GOAL
24.58,0.1561,-0.0943,0.6431,-0.2426,0.4437,0.1752,-0.1042,0.4069,GO_GOAL
24.6,0.1585,-0.0925,0.6431,-0.2405,0.446,0.1752,-0.1042,0.4048,GO_GOAL
24.62,0.1609,-0.0907,0.6431,-0.2385,0.4482,0.1872,-0.0952,0.4028,GO_GOAL
24.64,0.1633,-0.0889,0.6431,-0.2365,0.4504,0.1872,-0.0952,0.4008,GO_GOAL
24.66,0.1657,-0.0871,0.6431,-0.2344,0.4526,0.1872,-0.0952,0.3988,GO_GOAL
24.68,0.1681,-0.0853,0.6431,-0.2324,0.4548,0.1872,-0.0952,0.3968,GO_GOAL
24.7,0.1705,-0.0835,0.6431,-0.2304,0.457,0.1872,-0.0952,0.3948,GO_GOAL
24.72,0.1729,-0.0817,0.6431,-0.2283,0.4592,0.1992,-0.0862,0.3929,GO_GOAL
24.74,0.1753,-0.0799,0.6431,-0.2263,0.4614,0.1992,-0.0862,0.3909,GO_GOAL
24.76,0.1777,-0.0781,0.6431,-0.2243,0.4636,0.1992,-0.0862,0.3889,GO_GOAL
24.78,0.1801,-0.0763,0.6431,-0.2223,0.4658,0.1992,-0.0862,0.387,GO_GOAL
24.8,0.1825,-0.0745,0.6431,-0.2202,0.468,0.1992,-0.0862,0.385,GO_GOAL
24.82,0.1849,-0.0727,0.6431,-0.2182,0.4703,0.2112,-0.0772,0.3831,GO_GOAL
24.84,0.1873,-0.0709,0.6431,-0.2162,0.4725,0.2112,-0.0772,0.3812,GO_GOAL
24.86,0.1897,-0.0691,0.6431,-0.2141,0.4747,0.2112,-0.0772,0.3792,GO_GOAL
24.88,0.1921,-0.0673,0.6431,-0.2121,0.4769,0.2112,-0.0772,0.3773,GO_GOAL
24.9,0.1945,-0.0655,0.6431,-0.2101,0.4791,0.2112,-0.0772,0.3754,GO_GOAL
24.92,0.1969,-0.0637,0.6431,-0.208,0.4813,0.2256,-0.0664,0.3735,GO_GOAL
24.94,0.1993,-0.0619,0.6431,-0.206,0.4835,0.2256,-0.0664,0.3716,GO_GOAL
24.96,0.2017,-0.0601,0.6431,-0.204,0.4857,0.2256,-0.0664,0.3697,GO_GOAL
24.98,0.2041,-0.0583,0.6431,-0.202,0.4879,0.2256,-0.0664,0.3678,GO_GOAL
25.0,0.2065,-0.0565,0.6431,-0.1999,0.4901,0.2256,-0.0664,0.366,GO_GOAL
25.02,0.2089,-0.0547,0.6431,-0.1979,0.4923,0.2352,-0.0592,0.3641,GO_GOAL
25.04,0.2113,-0.0529,0.6431,-0.1959,0.4946,0.2352,-0.0592,0.3623,GO_GOAL
25.06,0.2137,-0.0511,0.6431,-0.1938,0.4968,0.2352,-0.0592,0.3604,GO_GOAL
25.08,0.2161,-0.0493,0.6431,-0.1898,0.5012,0.2352,-0.0592,0.3586,GO_GOAL
25.1,0.2185,-0.0475,0.6431,-0.1898,0.5012,0.2352,-0.0592,0.3567,GO_GOAL
25.12,0.2209,-0.0457,0.6431,-0.1877,0.5034,0.2472,-0.0502,0.3549,GO_GOAL
25.14,0.2233,-0.0439,0.6431,-0.1837,0.5078,0.2472,-0.0502,0.3531,GO_GOAL
25.16,0.2257,-0.0421,0.6431,-0.1837,0.5078,0.2472,-0.0502,0.3513,GO_GOAL
25.18,0.2281,-0.0403,0.6431,-0.1817,0.51,0.2472,-0.0502,0.3495,GO_GOAL
25.2,0.2305,-0.0385,0.6431,-0.1796,0.5122,0.2472,-0.0502,0.3477,GO_GOAL
25.22,0.2329,-0.0367,0.6431,-0.1776,0.5144,0.2592,-0.0412,0.3459,GO_GOAL
25.24,0.2353,-0.0349,0.6431,-0.1756,0.5166,0.2592,-0.0412,0.3442,GO_GOAL
25.26,0.2378,-0.0331,0.6431,-0.1735,0.5189,0.2592,-0.0412,0.3424,GO_GOAL
25.28,0.2402,-0.0313,0.6431,-0.1715,0.5211,0.2592,-0.0412,0.3407,GO_GOAL
25.3,0.2426,-0.0295,0.6431,-0.1695,0.5233,0.2592,-0.0412,0.3389,GO_GOAL
25.32,0.245,-0.0277,0.6431,-0.1654,0.5277,0.2712,-0.0322,0.3372,GO_GOAL
25.34,0.2474,-0.0259,0.6431,-0.1654,0.5277,0.2712,-0.0322,0.3355,GO_GOAL
25.36,0.2498,-0.0241,0.6431,-0.1634,0.5299,0.2712,-0.0322,0.3338,GO_GOAL
25.38,0.2522,-0.0223,0.6431,-0.1614,0.5321,0.2712,-0.0322,0.3321,GO_GOAL
25.4,0.2546,-0.0205,0.6431,-0.1593,0.5343,0.2712,-0.0322,0.3304,GO_GOAL
25.42,0.257,-0.0187,0.6431,-0.1553,0.5387,0.2832,-0.0232,0.3287,GO_GOAL
25.44,0.2594,-0.0169,0.6431,-0.1553,0.5387,0.2832,-0.0232,0.327,GO_GOAL
25.46,0.2618,-0.0151,0.6431,-0.1532,0.5409,0.2832,-0.0232,0.3253,GO_GOAL
25.48,0.2642,-0.0133,0.6431,-0.1512,0.5431,0.2832,-0.0232,0.3237,GO_GOAL
25.5,0.2666,-0.0115,0.6431,-0.1492,0.5454,0.2832,-0.0232,0.322,GO_GOAL
25.52,0.269,-0.0097,0.6431,-0.1471,0.5476,0.2952,-0.0142,0.3204,GO_GOAL
25.54,0.2714,-0.0079,0.6431,-0.1451,0.5498,0.2952,-0.0142,0.3188,GO_GOAL
25.56,0.2738,-0.0061,0.6431,-0.1431,0.552,0.2952,-0.0142,0.3172,GO_GOAL
25.58,0.2762,-0.0043,0.6431,-0.1411,0.5542,0.2952,-0.0142,0.3156,GO_GOAL
25.6,0.2786,-0.0025,0.6431,-0.139,0.5564,0.2952,-0.0142,0.314,GO_GOAL
25.62,0.281,-0.0007,0.6431,-0.137,0.5586,0.3072,-0.0052,0.3124,GO_GOAL
25.64,0.2834,0.0011,0.6431,-0.135,0.5608,0.3072,-0.0052,0.3108,GO_GOAL
25.66,0.2858,0.0029,0.6431,-0.1329,0.563,0.3072,-0.0052,0.3093,GO_GOAL
25.68,0.2882,0.0047,0.6431,-0.1309,0.5652,0.3072,-0.0052,0.3077,GO_GOAL
25.7,0.2906,0.0065,0.6431,-0.1268,0.5697,0.3192,0.0038,0.3062,GO_GOAL
25.72,0.293,0.0083,0.6431,-0.1268,0.5697,0.3192,0.0038,0.3046,GO_GOAL
25.74,0.2954,0.0101,0.6431,-0.1248,0.5719,0.3192,0.0038,0.3031,GO_GOAL
25.76,0.2978,0.0119,0.6431,-0.1208,0.5763,0.3192,0.0038,0.3016,GO_GOAL
25.78,0.3002,0.0137,0.6431,-0.1208,0.5763,0.3192,0.0038,0.3001,GO_GOAL
25.8,0.3026,0.0155,0.6431,-0.1187,0.5785,0.3192,0.0038,0.2986,GO_GOAL
25.82,0.305,0.0173,0.6431,-0.1167,0.5807,0.3312,0.0128,0.2971,GO_GOAL
25.84,0.3074,0.0191,0.6431,-0.1147,0.5829,0.3312,0.0128,0.2957,GO_GOAL
25.86,0.3098,0.0209,0.6431,-0.1106,0.5873,0.3312,0.0128,0.2942,GO_GOAL
25.88,0.3122,0.0227,0.6431,-0.1106,0.5873,0.3312,0.0128,0.2928,GO_GOAL
25.9,0.3146,0.0245,0.6431,-0.1086,0.5895,0.3312,0.0128,0.2914,GO_GOAL
25.92,0.317,0.0262,0.6431,-0.1065,0.5917,0.3432,0.0218,0.2899,GO_GOAL
25.94,0.3194,0.028,0.6431,-0.1045,0.594,0.3432,0.0218,0.2885,GO_GOAL
25.96,0.3218,0.0298,0.6431,-0.1025,0.5962,0.3432,0.0218,0.2871,GO_GOAL
25.98,0.3242,0.0316,0.6431,-0.0984,0.6006,0.3432,0.0218,0.2858,GO_GOAL
26.0,0.3266,0.0334,0.6431,-0.0964,0.6028,0.3552,0.0308,0.2844,GO_GOAL
26.02,0.329,0.0352,0.6431,-0.0964,0.6028,0.3552,0.0308,0.283,GO_GOAL
26.04,0.3314,0.037,0.6431,-0.0944,0.605,0.3552,0.0308,0.2817,GO_GOAL
26.06,0.3338,0.0388,0.6431,-0.0923,0.6072,0.3552,0.0308,0.2803,GO_GOAL
26.08,0.3362,0.0406,0.6431,-0.0883,0.6116,0.3552,0.0308,0.279,GO_GOAL
26.1,0.3386,0.0424,0.6431,-0.0883,0.6116,0.3552,0.0308,0.2777,GO_GOAL
26.12,0.341,0.0442,0.6431,-0.0862,0.6138,0.3673,0.0398,0.2764,GO_GOAL
26.14,0.3434,0.046,0.6431,-0.0842,0.616,0.3673,0.0398,0.2751,GO_GOAL
26.16,0.3458,0.0478,0.6431,-0.0822,0.6183,0.3673,0.0398,0.2739,GO_GOAL
26.18,0.3482,0.0496,0.6431,-0.0802,0.6205,0.3673,0.0398,0.2726,GO_GOAL
26.2,0.3506,0.0514,0.6431,-0.0781,0.6227,0.3673,0.0398,0.2713,GO_GOAL
26.22,0.353,0.0532,0.6431,-0.0761,0.6249,0.3793,0.0487,0.2701,GO_GOAL
26.24,0.3554,0.055,0.6431,-0.0741,0.6271,0.3793,0.0487,0.2689,GO_GOAL
26.26,0.3578,0.0568,0.6431,-0.072,0.6293,0.3793,0.0487,0.2677,GO_GOAL
26.28,0.3602,0.0586,0.6431,-0.07,0.6315,0.3793,0.0487,0.2665,GO_GOAL
26.3,0.3626,0.0604,0.6431,-0.0659,0.6359,0.3793,0.0487,0.2653,GO_GOAL
26.32,0.365,0.0622,0.6431,-0.0659,0.6359,0.3913,0.0577,0.2641,GO_GOAL
26.34,0.3674,0.064,0.6431,-0.0639,0.6381,0.3913,0.0577,0.263,GO_GOAL
26.36,0.3698,0.0658,0.6431,-0.0599,0.6425,0.3913,0.0577,0.2618,GO_GOAL
26.38,0.3722,0.0676,0.6431,-0.0599,0.6425,0.3913,0.0577,0.2607,GO_GOAL
26.4,0.3746,0.0694,0.6431,-0.0578,0.6448,0.3913,0.0577,0.2596,GO_GOAL
26.42,0.377,0.0712,0.6431,-0.0558,0.647,0.4033,0.0667,0.2585,GO_GOAL
26.44,0.3794,0.073,0.6431,-0.0538,0.6492,0.4033,0.0667,0.2574,GO_GOAL
26.46,0.3818,0.0748,0.6431,-0.0517,0.6514,0.4033,0.0667,0.2563,GO_GOAL
26.48,0.3842,0.0766,0.6431,-0.0497,0.6536,0.4033,0.0667,0.2553,GO_GOAL
26.5,0.3866,0.0784,0.6431,-0.0477,0.6558,0.4033,0.0667,0.2542,GO_GOAL
26.52,0.389,0.0802,0.6431,-0.0456,0.658,0.4153,0.0757,0.2532,GO_GOAL
26.54,0.3914,0.082,0.6431,-0.0436,0.6602,0.4153,0.0757,0.2522,GO_GOAL
26.56,0.3938,0.0838,0.6431,-0.0416,0.6624,0.4153,0.0757,0.2512,GO_GOAL
26.58,0.3962,0.0856,0.6431,-0.0396,0.6646,0.4153,0.0757,0.2502,GO_GOAL
26.6,0.3986,0.0874,0.6431,-0.0375,0.6668,0.4153,0.0757,0.2492,GO_GOAL
26.62,0.401,0.0892,0.6431,-0.0355,0.6691,0.4273,0.0847,0.2482,GO_GOAL
26.64,0.4034,0.091,0.6431,-0.0335,0.6713,0.4273,0.0847,0.2473,GO_GOAL
26.66,0.4058,0.0928,0.6431,-0.0314,0.6735,0.4273,0.0847,0.2464,GO_GOAL
26.68,0.4082,0.0946,0.6431,-0.0294,0.6757,0.4273,0.0847,0.2454,GO_GOAL
26.7,0.4106,0.0964,0.6431,-0.0253,0.6801,0.4273,0.0847,0.2445,GO_GOAL
26.72,0.413,0.0982,0.6431,-0.0253,0.6801,0.4393,0.0937,0.2437,GO_GOAL
26.74,0.4154,0.1,0.6431,-0.0213,0.6845,0.4393,0.0937,0.2428,GO_GOAL
26.76,0.4178,0.1018,0.6431,-0.0213,0.6845,0.4393,0.0937,0.2419,GO_GOAL
26.78,0.4202,0.1036,0.6431,-0.0193,0.6867,0.4393,0.0937,0.2411,GO_GOAL
26.8,0.4226,0.1054,0.6431,-0.0172,0.6889,0.4393,0.0937,0.2403,GO_GOAL
26.82,0.425,0.1072,0.6431,-0.0152,0.6911,0.4513,0.1027,0.2394,GO_GOAL
26.84,0.4274,0.109,0.6431,-0.0132,0.6934,0.4513,0.1027,0.2386,GO_GOAL
26.86,0.4298,0.1108,0.6431,-0.0111,0.6956,0.4513,0.1027,0.2379,GO_GOAL
26.88,0.4322,0.1126,0.6431,-0.0091,0.6978,0.4513,0.1027,0.2371,GO_GOAL
26.9,0.4346,0.1144,0.6431,-0.005,0.7022,0.4513,0.1027,0.2363,GO_GOAL
26.92,0.437,0.1162,0.6431,-0.005,0.7022,0.4633,0.1117,0.2356,GO_GOAL
26.94,0.4394,0.118,0.6431,-0.003,0.7044,0.4633,0.1117,0.2349,GO_GOAL
26.96,0.4418,0.1198,0.6431,0.001,0.7088,0.4633,0.1117,0.2342,GO_GOAL
26.98,0.4442,0.1216,0.6431,0.001,0.7088,0.4633,0.1117,0.2335,GO_GOAL
27.0,0.4466,0.1234,0.6431,0.0031,0.711,0.4633,0.1117,0.2328,GO_GOAL
27.02,0.449,0.1252,0.6431,0.0071,0.7154,0.4753,0.1207,0.2322,GO_GOAL
27.04,0.4514,0.127,0.6431,0.0071,0.7154,0.4753,0.1207,0.2315,GO_GOAL
27.06,0.4538,0.1288,0.6431,0.0092,0.7177,0.4753,0.1207,0.2309,GO_GOAL
27.08,0.4562,0.1306,0.6431,0.0112,0.7199,0.4753,0.1207,0.2303,GO_GOAL
27.1,0.4586,0.1324,0.6431,0.0132,0.7221,0.4753,0.1207,0.2297,GO_GOAL
27.12,0.461,0.1342,0.6431,0.0153,0.7243,0.4873,0.1297,0.2291,GO_GOAL
27.14,0.4634,0.136,0.6431,0.0173,0.7265,0.4873,0.1297,0.2285,GO_GOAL
27.16,0.4658,0.1378,0.6431,0.0193,0.7287,0.4873,0.1297,0.228,GO_GOAL
27.18,0.4682,0.1396,0.6431,0.0213,0.7309,0.4873,0.1297,0.2275,GO_GOAL
27.2,0.4706,0.1414,0.6431,0.0254,0.7353,0.4873,0.1297,0.227,GO_GOAL
27.22,0.473,0.1432,0.6431,0.0254,0.7353,0.5017,0.1405,0.2265,GO_GOAL
27.24,0.4754,0.145,0.6431,0.0295,0.7397,0.5017,0.1405,0.226,GO_GOAL
27.26,0.4778,0.1468,0.6431,0.0315,0.7419,0.5017,0.1405,0.2255,GO_GOAL
27.28,0.4802,0.1486,0.6431,0.0315,0.7419,0.5017,0.1405,0.2251,GO_GOAL
27.3,0.4826,0.1504,0.6431,0.0356,0.7464,0.5113,0.1477,0.2246,GO_GOAL
27.32,0.485,0.1522,0.6431,0.0356,0.7464,0.5113,0.1477,0.2242,GO_GOAL
27.34,0.4874,0.154,0.6431,0.0376,0.7486,0.5113,0.1477,0.2238,GO_GOAL
27.36,0.4898,0.1558,0.6431,0.0396,0.7508,0.5113,0.1477,0.2234,GO_GOAL
27.38,0.4922,0.1576,0.6431,0.0416,0.753,0.5113,0.1477,0.2231,GO_GOAL
27.4,0.4946,0.1594,0.6431,0.0457,0.7574,0.5113,0.1477,0.2227,GO_GOAL
27.42,0.497,0.1612,0.6431,0.0457,0.7574,0.5233,0.1567,0.2224,GO_GOAL
27.44,0.4994,0.163,0.6431,0.0477,0.7596,0.5233,0.1567,0.2221,GO_GOAL
27.46,0.5018,0.1648,0.6431,0.0498,0.7618,0.5233,0.1567,0.2218,GO_GOAL
27.48,0.5042,0.1666,0.6431,0.0518,0.764,0.5233,0.1567,0.2215,GO_GOAL
27.5,0.5066,0.1684,0.6431,0.0538,0.7662,0.5233,0.1567,0.2212,GO_GOAL
27.52,0.509,0.1702,0.6431,0.0559,0.7685,0.5377,0.1675,0.221,GO_GOAL
27.54,0.5114,0.172,0.6431,0.0579,0.7707,0.5377,0.1675,0.2207,GO_GOAL
27.56,0.5138,0.1738,0.6431,0.0599,0.7729,0.5377,0.1675,0.2205,GO_GOAL
27.58,0.5162,0.1756,0.6431,0.0619,0.7751,0.5377,0.1675,0.2203,GO_GOAL
27.6,0.5186,0.1774,0.6431,0.064,0.7773,0.5377,0.1675,0.2202,GO_GOAL
27.62,0.521,0.1792,0.6431,0.066,0.7795,0.5473,0.1747,0.22,GO_GOAL
27.64,0.5234,0.181,0.6431,0.068,0.7817,0.5473,0.1747,0.2198,GO_GOAL
27.66,0.5258,0.1828,0.6431,0.0701,0.7839,0.5473,0.1747,0.2197,GO_GOAL
27.68,0.5282,0.1846,0.6431,0.0721,0.7861,0.5473,0.1747,0.2196,GO_GOAL
27.7,0.5306,0.1864,0.6431,0.0741,0.7883,0.5473,0.1747,0.2195,GO_GOAL
27.72,0.533,0.1882,0.6431,0.0762,0.7905,0.5593,0.1837,0.2194,GO_GOAL
27.74,0.5354,0.19,0.6431,0.0782,0.7928,0.5593,0.1837,0.2194,GO_GOAL
27.76,0.5378,0.1918,0.6431,0.0822,0.7972,0.5593,0.1837,0.2193,GO_GOAL
27.78,0.5402,0.1936,0.6431,0.0843,0.7994,0.5593,0.1837,0.2193,GO_GOAL
27.8,0.5426,0.1954,0.6431,0.0843,0.7994,0.5593,0.1837,0.2193,GO_GOAL
27.82,0.545,0.1972,0.6431,0.0863,0.8016,0.5713,0.1927,0.2193,GO_GOAL
27.84,0.5474,0.199,0.6431,0.0883,0.8038,0.5713,0.1927,0.2193,GO_GOAL
27.86,0.5498,0.2008,0.6431,0.0904,0.806,0.5713,0.1927,0.2193,GO_GOAL
27.88,0.5522,0.2026,0.6431,0.0924,0.8082,0.5713,0.1927,0.2194,GO_GOAL
27.9,0.5546,0.2044,0.6431,0.0965,0.8126,0.5713,0.1927,0.2195,GO_GOAL
27.92,0.557,0.2062,0.6431,0.0965,0.8126,0.5833,0.2017,0.2196,GO_GOAL
27.94,0.5594,0.208,0.6431,0.0985,0.8148,0.5833,0.2017,0.2197,GO_GOAL
27.96,0.5618,0.2098,0.6431,0.1025,0.8193,0.5833,0.2017,0.2198,GO_GOAL
27.98,0.5642,0.2116,0.6431,0.1025,0.8193,0.5833,0.2017,0.2199,GO_GOAL
28.0,0.5666,0.2134,0.6431,0.1046,0.8215,0.5833,0.2017,0.2201,GO_GOAL
28.02,0.569,0.2152,0.6431,0.1066,0.8237,0.5953,0.2107,0.2203,GO_GOAL
28.04,0.5714,0.217,0.6431,0.1086,0.8259,0.5953,0.2107,0.2205,GO_GOAL
28.06,0.5738,0.2188,0.6431,0.1127,0.8303,0.5953,0.2107,0.2207,GO_GOAL
28.08,0.5762,0.2206,0.6431,0.1127,0.8303,0.5953,0.2107,0.2209,GO_GOAL
28.1,0.5786,0.2223,0.6431,0.1147,0.8325,0.5953,0.2107,0.2211,GO_GOAL
28.12,0.581,0.2241,0.6431,0.1168,0.8347,0.6073,0.2197,0.2214,GO_GOAL
28.14,0.5834,0.2259,0.6431,0.1188,0.8369,0.6073,0.2197,0.2217,GO_GOAL
28.16,0.5858,0.2277,0.6431,0.1208,0.8391,0.6073,0.2197,0.222,GO_GOAL
28.18,0.5883,0.2295,0.6431,0.1228,0.8414,0.6073,0.2197,0.2223,GO_GOAL
28.2,0.5907,0.2313,0.6431,0.1249,0.8436,0.6073,0.2197,0.2226,GO_GOAL
28.22,0.5931,0.2331,0.6431,0.1289,0.848,0.6193,0.2286,0.223,GO_GOAL
28.24,0.5955,0.2349,0.6431,0.1289,0.848,0.6193,0.2286,0.2233,GO_GOAL
28.26,0.5979,0.2367,0.6431,0.133,0.8524,0.6193,0.2286,0.2237,GO_GOAL
28.28,0.6003,0.2385,0.6431,0.135,0.8546,0.6193,0.2286,0.2241,GO_GOAL
28.3,0.6027,0.2403,0.6431,0.135,0.8546,0.6193,0.2286,0.2245,GO_GOAL
28.32,0.6051,0.2421,0.6431,0.1371,0.8568,0.6313,0.2376,0.2249,GO_GOAL
28.34,0.6075,0.2439,0.6431,0.1391,0.859,0.6313,0.2376,0.2254,GO_GOAL
28.36,0.6099,0.2457,0.6431,0.1411,0.8612,0.6313,0.2376,0.2258,GO_GOAL
28.38,0.6123,0.2475,0.6431,0.1431,0.8634,0.6313,0.2376,0.2263,GO_GOAL
28.4,0.6147,0.2493,0.6431,0.1452,0.8656,0.6313,0.2376,0.2268,GO_GOAL
28.42,0.6171,0.2511,0.6431,0.1472,0.8679,0.6433,0.2466,0.2273,GO_GOAL
28.44,0.6195,0.2529,0.6431,0.1492,0.8701,0.6433,0.2466,0.2278,GO_GOAL
28.46,0.6219,0.2547,0.6431,0.1513,0.8723,0.6433,0.2466,0.2284,GO_GOAL
28.48,0.6243,0.2565,0.6431,0.1533,0.8745,0.6433,0.2466,0.2289,GO_GOAL
28.5,0.6267,0.2583,0.6431,0.1553,0.8767,0.6433,0.2466,0.2295,GO_GOAL
28.52,0.6291,0.2601,0.6431,0.1574,0.8789,0.6553,0.2556,0.2301,GO_GOAL
28.54,0.6315,0.2619,0.6431,0.1614,0.8833,0.6553,0.2556,0.2307,GO_GOAL
28.56,0.6339,0.2637,0.6431,0.1614,0.8833,0.6553,0.2556,0.2313,GO_GOAL
28.58,0.6363,0.2655,0.6431,0.1634,0.8855,0.6553,0.2556,0.232,GO_GOAL
28.6,0.6387,0.2673,0.6431,0.1655,0.8877,0.6553,0.2556,0.2326,GO_GOAL
28.62,0.6411,0.2691,0.6431,0.1675,0.8899,0.6673,0.2646,0.2333,GO_GOAL
28.64,0.6435,0.2709,0.6431,0.1695,0.8922,0.6673,0.2646,0.234,GO_GOAL
28.66,0.6459,0.2727,0.6431,0.1716,0.8944,0.6673,0.2646,0.2347,GO_GOAL
28.68,0.6483,0.2745,0.6431,0.1736,0.8966,0.6673,0.2646,0.2354,GO_GOAL
28.7,0.6507,0.2763,0.6431,0.1756,0.8988,0.6673,0.2646,0.2361,GO_GOAL
28.72,0.6531,0.2781,0.6431,0.1777,0.901,0.6793,0.2736,0.2369,GO_GOAL
28.74,0.6555,0.2799,0.6431,0.1797,0.9032,0.6793,0.2736,0.2376,GO_GOAL
28.76,0.6579,0.2817,0.6431,0.1817,0.9054,0.6793,0.2736,0.2384,GO_GOAL
28.78,0.6603,0.2835,0.6431,0.1837,0.9076,0.6793,0.2736,0.2392,GO_GOAL
28.8,0.6627,0.2853,0.6431,0.1858,0.9098,0.6793,0.2736,0.24,GO_GOAL
28.82,0.6651,0.2871,0.6431,0.1878,0.912,0.6914,0.2826,0.2408,GO_GOAL
28.84,0.6675,0.2889,0.6431,0.1898,0.9142,0.6914,0.2826,0.2417,GO_GOAL
28.86,0.6699,0.2907,0.6431,0.1919,0.9165,0.6914,0.2826,0.2425,GO_GOAL
28.88,0.6723,0.2925,0.6431,0.1939,0.9187,0.6914,0.2826,0.2434,GO_GOAL
28.9,0.6747,0.2943,0.6431,0.1959,0.9209,0.7034,0.2916,0.2443,GO_GOAL
28.92,0.6771,0.2961,0.6431,0.198,0.9231,0.7034,0.2916,0.2452,GO_GOAL
28.94,0.6795,0.2979,0.6431,0.2,0.9253,0.7034,0.2916,0.2461,GO_GOAL
28.96,0.6819,0.2997,0.6431,0.202,0.9275,0.7034,0.2916,0.247,GO_GOAL
28.98,0.6843,0.3015,0.6431,0.204,0.9297,0.7034,0.2916,0.2479,GO_GOAL
29.0,0.6867,0.3033,0.6431,0.2061,0.9319,0.7034,0.2916,0.2489,GO_GOAL
29.02,0.6891,0.3051,0.6431,0.2081,0.9341,0.7154,0.3006,0.2499,GO_GOAL
29.04,0.6915,0.3069,0.6431,0.2101,0.9363,0.7154,0.3006,0.2509,GO_GOAL
29.06,0.6939,0.3087,0.6431,0.2122,0.9385,0.7154,0.3006,0.2519,GO_GOAL
29.08,0.6963,0.3105,0.6431,0.2142,0.9408,0.7154,0.3006,0.2529,GO_GOAL
29.1,0.6987,0.3123,0.6431,0.2162,0.943,0.7154,0.3006,0.2539,GO_GOAL
29.12,0.7011,0.3141,0.6431,0.2183,0.9452,0.7274,0.3096,0.2549,GO_GOAL
29.14,0.7035,0.3159,0.6431,0.2203,0.9474,0.7274,0.3096,0.256,GO_GOAL
29.16,0.7059,0.3177,0.6431,0.2223,0.9496,0.7274,0.3096,0.2571,GO_GOAL
29.18,0.7083,0.3195,0.6431,0.2243,0.9518,0.7274,0.3096,0.2581,GO_GOAL
29.2,0.7107,0.3213,0.6431,0.2264,0.954,0.7274,0.3096,0.2592,GO_GOAL
29.22,0.7131,0.3231,0.6431,0.2304,0.9584,0.7394,0.3186,0.2604,GO_GOAL
29.24,0.7155,0.3249,0.6431,0.2325,0.9606,0.7394,0.3186,0.2615,GO_GOAL
29.26,0.7179,0.3267,0.6431,0.2345,0.9628,0.7394,0.3186,0.2626,GO_GOAL
29.28,0.7203,0.3285,0.6431,0.2345,0.9628,0.7394,0.3186,0.2638,GO_GOAL
29.3,0.7227,0.3303,0.6431,0.2365,0.965,0.7394,0.3186,0.2649,GO_GOAL
29.32,0.7251,0.3321,0.6431,0.2386,0.9673,0.7514,0.3276,0.2661,GO_GOAL
29.34,0.7275,0.3339,0.6431,0.2406,0.9695,0.7514,0.3276,0.2673,GO_GOAL
29.36,0.7299,0.3357,0.6431,0.2426,0.9717,0.7514,0.3276,0.2685,GO_GOAL
29.38,0.7323,0.3375,0.6431,0.2446,0.9739,0.7514,0.3276,0.2697,GO_GOAL
29.4,0.7347,0.3393,0.6431,0.2467,0.9761,0.7514,0.3276,0.271,GO_GOAL
29.42,0.7371,0.3411,0.6431,0.2487,0.9783,0.7634,0.3366,0.2722,GO_GOAL
29.44,0.7395,0.3429,0.6431,0.2507,0.9805,0.7634,0.3366,0.2735,GO_GOAL
29.46,0.7419,0.3447,0.6431,0.2528,0.9827,0.7634,0.3366,0.2747,GO_GOAL
29.48,0.7443,0.3465,0.6431,0.2548,0.9849,0.7634,0.3366,0.276,GO_GOAL
29.5,0.7467,0.3483,0.6431,0.2568,0.9871,0.7634,0.3366,0.2773,GO_GOAL
29.52,0.7491,0.3501,0.6431,0.2609,0.9916,0.7754,0.3456,0.2786,GO_GOAL
29.54,0.7515,0.3519,0.6431,0.2609,0.9916,0.7754,0.3456,0.2799,GO_GOAL
29.56,0.7539,0.3537,0.6431,0.2629,0.9938,0.7754,0.3456,0.2813,GO_GOAL
29.58,0.7563,0.3555,0.6431,0.2649,0.996,0.7754,0.3456,0.2826,GO_GOAL
29.6,0.7587,0.3573,0.6431,0.267,0.9982,0.7754,0.3456,0.284,GO_GOAL
29.62,0.7611,0.3591,0.6431,0.269,1.0004,0.7898,0.3564,0.2853,GO_GOAL
29.64,0.7635,0.3609,0.6431,0.2731,1.0048,0.7898,0.3564,0.2867,GO_GOAL
29.66,0.7659,0.3627,0.6431,0.2731,1.0048,0.7898,0.3564,0.2881,GO_GOAL
29.68,0.7683,0.3645,0.6431,0.2751,1.007,0.7898,0.3564,0.2895,GO_GOAL
29.7,0.7707,0.3663,0.6431,0.2792,1.0114,0.7994,0.3636,0.2909,GO_GOAL
29.72,0.7731,0.3681,0.6431,0.2792,1.0114,0.7994,0.3636,0.2923,GO_GOAL
29.74,0.7755,0.3699,0.6431,0.2812,1.0136,0.7994,0.3636,0.2938,GO_GOAL
29.76,0.7779,0.3717,0.6431,0.2832,1.0159,0.7994,0.3636,0.2952,GO_GOAL
29.78,0.7803,0.3735,0.6431,0.2852,1.0181,0.7994,0.3636,0.2961,GO_GOAL
29.8,0.7827,0.3753,0.6431,0.2873,1.0203,0.7994,0.3636,0.2968,GO_GOAL
29.82,0.7851,0.3771,0.6431,0.2893,1.0225,0.8114,0.3726,0.2975,GO_GOAL
29.84,0.7875,0.3789,0.6431,0.2913,1.0247,0.8114,0.3726,0.2982,GO_GOAL
29.86,0.7899,0.3807,0.6431,0.2934,1.0269,0.8114,0.3726,0.2989,GO_GOAL
29.88,0.7923,0.3825,0.6431,0.2954,1.0291,0.8114,0.3726,0.2997,GO_GOAL
29.9,0.7947,0.3843,0.6431,0.2974,1.0313,0.8114,0.3726,0.3004,GO_GOAL
29.92,0.7971,0.3861,0.6431,0.3015,1.0357,0.8234,0.3816,0.3012,GO_GOAL
29.94,0.7995,0.3879,0.6431,0.3015,1.0357,0.8234,0.3816,0.302,GO_GOAL
29.96,0.8019,0.3897,0.6431,0.3035,1.0379,0.8234,0.3816,0.3028,GO_GOAL
29.98,0.8043,0.3915,0.6431,0.3055,1.0402,0.8234,0.3816,0.3036,GO_GOAL
30.0,0.8067,0.3933,0.6431,0.3076,1.0424,0.8234,0.3816,0.3044,GO_GOAL
30.02,0.8091,0.3951,0.6431,0.3096,1.0446,0.8354,0.3906,0.3052,GO_GOAL
30.04,0.8115,0.3969,0.6431,0.3137,1.049,0.8354,0.3906,0.3061,GO_GOAL
30.06,0.8139,0.3987,0.6431,0.3157,1.0512,0.8354,0.3906,0.3069,GO_GOAL
30.08,0.8163,0.4005,0.6431,0.3157,1.0512,0.8354,0.3906,0.3078,GO_GOAL
30.1,0.8187,0.4023,0.6431,0.3177,1.0534,0.8354,0.3906,0.3087,GO_GOAL
30.12,0.8211,0.4041,0.6431,0.3218,1.0578,0.8474,0.3996,0.3096,GO_GOAL
30.14,0.8235,0.4059,0.6431,0.3238,1.06,0.8474,0.3996,0.3105,GO_GOAL
30.16,0.8259,0.4077,0.6431,0.3238,1.06,0.8474,0.3996,0.3114,GO_GOAL
30.18,0.8283,0.4095,0.6431,0.3279,1.0644,0.8474,0.3996,0.3124,GO_GOAL
30.2,0.8307,0.4113,0.6431,0.3279,1.0644,0.8474,0.3996,0.3133,GO_GOAL
30.22,0.8331,0.4131,0.6431,0.3299,1.0667,0.8594,0.4085,0.3143,GO_GOAL
30.24,0.8355,0.4149,0.6431,0.3319,1.0689,0.8594,0.4085,0.3153,GO_GOAL
30.26,0.8379,0.4167,0.6431,0.334,1.0711,0.8594,0.4085,0.3162,GO_GOAL
30.28,0.8403,0.4185,0.6431,0.336,1.0733,0.8594,0.4085,0.3173,GO_GOAL
30.3,0.8427,0.4202,0.6431,0.338,1.0755,0.8594,0.4085,0.3183,GO_GOAL
30.32,0.8451,0.422,0.6431,0.34,1.0777,0.8714,0.4175,0.3193,GO_GOAL
30.34,0.8475,0.4238,0.6431,0.3421,1.0799,0.8714,0.4175,0.3203,GO_GOAL
30.36,0.8499,0.4256,0.6431,0.3441,1.0821,0.8714,0.4175,0.3214,GO_GOAL
30.38,0.8523,0.4274,0.6431,0.3461,1.0843,0.8714,0.4175,0.3225,GO_GOAL
30.4,0.8547,0.4292,0.6431,0.3482,1.0865,0.8714,0.4175,0.3235,GO_GOAL
30.42,0.8571,0.431,0.6431,0.3502,1.0887,0.8834,0.4265,0.3246,GO_GOAL
30.44,0.8595,0.4328,0.6431,0.3522,1.091,0.8834,0.4265,0.3257,GO_GOAL
30.46,0.8619,0.4346,0.6431,0.3543,1.0932,0.8834,0.4265,0.3268,GO_GOAL
30.48,0.8643,0.4364,0.6431,0.3563,1.0954,0.8834,0.4265,0.328,GO_GOAL
30.5,0.8667,0.4382,0.6431,0.3583,1.0976,0.8834,0.4265,0.3291,GO_GOAL
30.52,0.8691,0.44,0.6431,0.3624,1.102,0.8954,0.4355,0.3303,GO_GOAL
30.54,0.8715,0.4418,0.6431,0.3624,1.102,0.8954,0.4355,0.3314,GO_GOAL
30.56,0.8739,0.4436,0.6431,0.3644,1.1042,0.8954,0.4355,0.3326,GO_GOAL
30.58,0.8763,0.4454,0.6431,0.3664,1.1064,0.8954,0.4355,0.3338,GO_GOAL
30.6,0.8787,0.4472,0.6431,0.3685,1.1086,0.9074,0.4445,0.335,GO_GOAL
30.62,0.8811,0.449,0.6431,0.3705,1.1108,0.9074,0.4445,0.3362,GO_GOAL
30.64,0.8835,0.4508,0.6431,0.3725,1.113,0.9074,0.4445,0.3374,GO_GOAL
30.66,0.8859,0.4526,0.6431,0.3746,1.1153,0.9074,0.4445,0.3387,GO_GOAL
30.68,0.8883,0.4544,0.6431,0.3766,1.1175,0.9074,0.4445,0.3399,GO_GOAL
30.7,0.8907,0.4562,0.6431,0.3786,1.1197,0.9074,0.4445,0.3412,GO_GOAL
30.72,0.8931,0.458,0.6431,0.3806,1.1219,0.9194,0.4535,0.3424,GO_GOAL
30.74,0.8955,0.4598,0.6431,0.3827,1.1241,0.9194,0.4535,0.3437,GO_GOAL
30.76,0.8979,0.4616,0.6431,0.3847,1.1263,0.9194,0.4535,0.345,GO_GOAL
30.78,0.9003,0.4634,0.6431,0.3867,1.1285,0.9194,0.4535,0.3463,GO_GOAL
30.8,0.9027,0.4652,0.6431,0.3888,1.1307,0.9194,0.4535,0.3476,GO_GOAL
30.82,0.9051,0.467,0.6431,0.3908,1.1329,0.9338,0.4643,0.3489,GO_GOAL
30.84,0.9075,0.4688,0.6431,0.3928,1.1351,0.9338,0.4643,0.3503,GO_GOAL
30.86,0.9099,0.4706,0.6431,0.3949,1.1373,0.9338,0.4643,0.3516,GO_GOAL
30.88,0.9123,0.4724,0.6431,0.3969,1.1396,0.9338,0.4643,0.353,GO_GOAL
30.9,0.9147,0.4742,0.6431,0.3989,1.1418,0.9338,0.4643,0.3543,GO_GOAL
30.92,0.9171,0.476,0.6431,0.4009,1.144,0.9434,0.4715,0.3557,GO_GOAL
30.94,0.9195,0.4778,0.6431,0.403,1.1462,0.9434,0.4715,0.3571,GO_GOAL
30.96,0.9219,0.4796,0.6431,0.407,1.1506,0.9434,0.4715,0.3585,GO_GOAL
30.98,0.9243,0.4814,0.6431,0.407,1.1506,0.9434,0.4715,0.3599,GO_GOAL
31.0,0.9267,0.4832,0.6431,0.4091,1.1528,0.9434,0.4715,0.3613,GO_GOAL
31.02,0.9291,0.485,0.6431,0.4131,1.1572,0.9554,0.4805,0.3628,GO_GOAL
31.04,0.9315,0.4868,0.6431,0.4131,1.1572,0.9554,0.4805,0.3642,GO_GOAL
31.06,0.9339,0.4886,0.6431,0.4172,1.1616,0.9554,0.4805,0.3657,GO_GOAL
31.08,0.9363,0.4904,0.6431,0.4172,1.1616,0.9554,0.4805,0.3671,GO_GOAL
31.1,0.9388,0.4922,0.6431,0.4192,1.1638,0.9554,0.4805,0.3686,GO_GOAL
31.12,0.9412,0.494,0.6431,0.4212,1.1661,0.9674,0.4895,0.3701,GO_GOAL
31.14,0.9436,0.4958,0.6431,0.4253,1.1705,0.9674,0.4895,0.3716,GO_GOAL
31.16,0.946,0.4976,0.6431,0.4253,1.1705,0.9674,0.4895,0.3731,GO_GOAL
31.18,0.9484,0.4994,0.6431,0.4273,1.1727,0.9674,0.4895,0.3746,GO_GOAL
31.2,0.9508,0.5012,0.6431,0.4294,1.1749,0.9674,0.4895,0.3761,GO_GOAL
31.22,0.9532,0.503,0.6431,0.4314,1.1771,0.9794,0.4985,0.3776,GO_GOAL
31.24,0.9556,0.5048,0.6431,0.4334,1.1793,0.9794,0.4985,0.3792,GO_GOAL
31.26,0.958,0.5066,0.6431,0.4355,1.1815,0.9794,0.4985,0.3807,GO_GOAL
31.28,0.9604,0.5084,0.6431,0.4375,1.1837,0.9794,0.4985,0.3823,GO_GOAL
31.3,0.9628,0.5102,0.6431,0.4395,1.1859,0.9794,0.4985,0.3839,GO_GOAL
31.32,0.9652,0.512,0.6431,0.4415,1.1881,0.9914,0.5075,0.3854,GO_GOAL
31.34,0.9676,0.5138,0.6431,0.4436,1.1904,0.9914,0.5075,0.387,GO_GOAL
31.36,0.97,0.5156,0.6431,0.4456,1.1926,0.9914,0.5075,0.3886,GO_GOAL
31.38,0.9724,0.5174,0.6431,0.4476,1.1948,0.9914,0.5075,0.3902,GO_GOAL
31.4,0.9748,0.5192,0.6431,0.4497,1.197,0.9914,0.5075,0.3919,GO_GOAL
31.42,0.9772,0.521,0.6431,0.4517,1.1992,1.0035,0.5165,0.3935,GO_GOAL
31.44,0.9796,0.5228,0.6431,0.4537,1.2014,1.0035,0.5165,0.3951,GO_GOAL
31.46,0.982,0.5246,0.6431,0.4558,1.2036,1.0035,0.5165,0.3968,GO_GOAL
31.48,0.9844,0.5264,0.6431,0.4578,1.2058,1.0035,0.5165,0.3984,GO_GOAL
31.5,0.9868,0.5282,0.6431,0.4598,1.208,1.0035,0.5165,0.4001,GO_GOAL
31.52,0.9892,0.53,0.6431,0.4618,1.2102,1.0155,0.5255,0.4017,GO_GOAL
31.54,0.9916,0.5318,0.6431,0.4639,1.2124,1.0155,0.5255,0.4034,GO_GOAL
31.56,0.994,0.5336,0.6431,0.4659,1.2147,1.0155,0.5255,0.4051,GO_GOAL
31.58,0.9964,0.5354,0.6431,0.4679,1.2169,1.0155,0.5255,0.4068,GO_GOAL
31.6,0.9988,0.5372,0.6431,0.47,1.2191,1.0155,0.5255,0.4085,GO_GOAL
31.62,1.0012,0.539,0.6431,0.472,1.2213,1.0275,0.5345,0.4102,GO_GOAL
31.64,1.0036,0.5408,0.6431,0.474,1.2235,1.0275,0.5345,0.4119,GO_GOAL
31.66,1.006,0.5426,0.6431,0.4761,1.2257,1.0275,0.5345,0.4137,GO_GOAL
31.68,1.0084,0.5444,0.6431,0.4781,1.2279,1.0275,0.5345,0.4154,GO_GOAL
31.7,1.0108,0.5462,0.6431,0.4801,1.2301,1.0275,0.5345,0.4171,GO_GOAL
31.72,1.0132,0.548,0.6431,0.4821,1.2323,1.0395,0.5435,0.4189,GO_GOAL
31.74,1.0156,0.5498,0.6431,0.4842,1.2345,1.0395,0.5435,0.4207,GO_GOAL
31.76,1.018,0.5516,0.6431,0.4882,1.239,1.0395,0.5435,0.4224,GO_GOAL
31.78,1.0204,0.5534,0.6431,0.4882,1.239,1.0395,0.5435,0.4242,GO_GOAL
31.8,1.0228,0.5552,0.6431,0.4903,1.2412,1.0395,0.5435,0.426,GO_GOAL
31.82,1.0252,0.557,0.6431,0.4923,1.2434,1.0515,0.5525,0.4278,GO_GOAL
31.84,1.0276,0.5588,0.6431,0.4943,1.2456,1.0515,0.5525,0.4296,GO_GOAL
31.86,1.03,0.5606,0.6431,0.4984,1.25,1.0515,0.5525,0.4314,GO_GOAL
31.88,1.0324,0.5624,0.6431,0.4984,1.25,1.0515,0.5525,0.4332,GO_GOAL
31.9,1.0348,0.5642,0.6431,0.5024,1.2544,1.0635,0.5615,0.435,GO_GOAL
31.92,1.0372,0.566,0.6431,0.5024,1.2544,1.0635,0.5615,0.4369,GO_GOAL
31.94,1.0396,0.5678,0.6431,0.5045,1.2566,1.0635,0.5615,0.4387,GO_GOAL
31.96,1.042,0.5696,0.6431,0.5065,1.2588,1.0635,0.5615,0.4406,GO_GOAL
31.98,1.0444,0.5714,0.6431,0.5085,1.261,1.0635,0.5615,0.4424,GO_GOAL
32.0,1.0468,0.5732,0.6431,0.5126,1.2655,1.0635,0.5615,0.4443,GO_GOAL
32.02,1.0492,0.575,0.6431,0.5126,1.2655,1.0755,0.5705,0.4461,GO_GOAL
32.04,1.0516,0.5768,0.6431,0.5167,1.2699,1.0755,0.5705,0.448,GO_GOAL
32.06,1.054,0.5786,0.6431,0.5187,1.2721,1.0755,0.5705,0.4499,GO_GOAL
32.08,1.0564,0.5804,0.6431,0.5187,1.2721,1.0755,0.5705,0.4518,GO_GOAL
32.1,1.0588,0.5822,0.6431,0.5227,1.2765,1.0875,0.5794,0.4537,GO_GOAL
32.12,1.0612,0.584,0.6431,0.5227,1.2765,1.0875,0.5794,0.4556,GO_GOAL
32.14,1.0636,0.5858,0.6431,0.5248,1.2787,1.0875,0.5794,0.4575,GO_GOAL
32.16,1.066,0.5876,0.6431,0.5268,1.2809,1.0875,0.5794,0.4594,GO_GOAL
32.18,1.0684,0.5894,0.6431,0.5288,1.2831,1.0875,0.5794,0.4614,GO_GOAL
32.2,1.0708,0.5912,0.6431,0.5309,1.2853,1.0875,0.5794,0.4633,GO_GOAL
32.22,1.0732,0.593,0.6431,0.5329,1.2875,1.1019,0.5902,0.4652,GO_GOAL
32.24,1.0756,0.5948,0.6431,0.5349,1.2898,1.1019,0.5902,0.4672,GO_GOAL
32.26,1.078,0.5966,0.6431,0.537,1.292,1.1019,0.5902,0.4691,GO_GOAL
32.28,1.0804,0.5984,0.6431,0.539,1.2942,1.1019,0.5902,0.4711,GO_GOAL
32.3,1.0828,0.6002,0.6431,0.541,1.2964,1.1115,0.5974,0.4731,GO_GOAL
32.32,1.0852,0.602,0.6431,0.543,1.2986,1.1115,0.5974,0.475,GO_GOAL
32.34,1.0876,0.6038,0.6431,0.5451,1.3008,1.1115,0.5974,0.477,GO_GOAL
32.36,1.09,0.6056,0.6431,0.5491,1.3052,1.1115,0.5974,0.479,GO_GOAL
32.38,1.0924,0.6074,0.6431,0.5491,1.3052,1.1115,0.5974,0.481,GO_GOAL
32.4,1.0948,0.6092,0.6431,0.5512,1.3074,1.1115,0.5974,0.483,GO_GOAL
32.42,1.0972,0.611,0.6431,0.5532,1.3096,1.1235,0.6064,0.485,GO_GOAL
32.44,1.0996,0.6128,0.6431,0.5552,1.3118,1.1235,0.6064,0.487,GO_GOAL
32.46,1.102,0.6146,0.6431,0.5573,1.3141,1.1235,0.6064,0.489,GO_GOAL
32.48,1.1044,0.6164,0.6431,0.5593,1.3163,1.1235,0.6064,0.491,GO_GOAL
32.5,1.1068,0.6181,0.6431,0.5613,1.3185,1.1235,0.6064,0.4931,GO_GOAL
32.52,1.1092,0.6199,0.6431,0.5633,1.3207,1.1355,0.6154,0.4951,GO_GOAL
32.54,1.1116,0.6217,0.6431,0.5654,1.3229,1.1355,0.6154,0.4956,GO_GOAL
32.56,1.114,0.6235,0.6431,0.5674,1.3251,1.1355,0.6154,0.4934,GO_GOAL
32.58,1.1164,0.6253,0.6431,0.5694,1.3273,1.1355,0.6154,0.4913,GO_GOAL
32.6,1.1188,0.6271,0.6431,0.5715,1.3295,1.1355,0.6154,0.4892,GO_GOAL
32.62,1.1212,0.6289,0.6431,0.5735,1.3317,1.1475,0.6244,0.4871,GO_GOAL
32.64,1.1236,0.6307,0.6431,0.5755,1.3339,1.1475,0.6244,0.485,GO_GOAL
32.66,1.126,0.6325,0.6431,0.5776,1.3361,1.1475,0.6244,0.4829,GO_GOAL
32.68,1.1284,0.6343,0.6431,0.5796,1.3384,1.1475,0.6244,0.4808,GO_GOAL
32.7,1.1308,0.6361,0.6431,0.5816,1.3406,1.1475,0.6244,0.4788,GO_GOAL
32.72,1.1332,0.6379,0.6431,0.5836,1.3428,1.1595,0.6334,0.4767,GO_GOAL
32.74,1.1356,0.6397,0.6431,0.5857,1.345,1.1595,0.6334,0.4746,GO_GOAL
32.76,1.138,0.6415,0.6431,0.5877,1.3472,1.1595,0.6334,0.4726,GO_GOAL
32.78,1.1404,0.6433,0.6431,0.5897,1.3494,1.1595,0.6334,0.4705,GO_GOAL
32.8,1.1428,0.6451,0.6431,0.5918,1.3516,1.1595,0.6334,0.4685,GO_GOAL
32.82,1.1452,0.6469,0.6431,0.5938,1.3538,1.1715,0.6424,0.4664,GO_GOAL
32.84,1.1476,0.6487,0.6431,0.5958,1.356,1.1715,0.6424,0.4644,GO_GOAL
32.86,1.15,0.6505,0.6431,0.5979,1.3582,1.1715,0.6424,0.4624,GO_GOAL
32.88,1.1524,0.6523,0.6431,0.5999,1.3604,1.1715,0.6424,0.4603,GO_GOAL
32.9,1.1548,0.6541,0.6431,0.6019,1.3626,1.1715,0.6424,0.4583,GO_GOAL
32.92,1.1572,0.6559,0.6431,0.6039,1.3649,1.1835,0.6514,0.4563,GO_GOAL
32.94,1.1596,0.6577,0.6431,0.606,1.3671,1.1835,0.6514,0.4543,GO_GOAL
32.96,1.162,0.6595,0.6431,0.608,1.3693,1.1835,0.6514,0.4523,GO_GOAL
32.98,1.1644,0.6613,0.6431,0.61,1.3715,1.1835,0.6514,0.4503,GO_GOAL
33.0,1.1668,0.6631,0.6431,0.6141,1.3759,1.1835,0.6514,0.4483,GO_GOAL
33.02,1.1692,0.6649,0.6431,0.6141,1.3759,1.1979,0.6622,0.4464,GO_GOAL
33.04,1.1716,0.6667,0.6431,0.6161,1.3781,1.1979,0.6622,0.4444,GO_GOAL
33.06,1.174,0.6685,0.6431,0.6182,1.3803,1.1979,0.6622,0.4424,GO_GOAL
33.08,1.1764,0.6703,0.6431,0.6202,1.3825,1.1979,0.6622,0.4405,GO_GOAL
33.1,1.1788,0.6721,0.6431,0.6222,1.3847,1.1979,0.6622,0.4385,GO_GOAL
33.12,1.1812,0.6739,0.6431,0.6242,1.3869,1.2075,0.6694,0.4366,GO_GOAL
33.14,1.1836,0.6757,0.6431,0.6263,1.3892,1.2075,0.6694,0.4347,GO_GOAL
33.16,1.186,0.6775,0.6431,0.6283,1.3914,1.2075,0.6694,0.4327,GO_GOAL
33.18,1.1884,0.6793,0.6431,0.6303,1.3936,1.2075,0.6694,0.4308,GO_GOAL
33.2,1.1908,0.6811,0.6431,0.6324,1.3958,1.2075,0.6694,0.4289,GO_GOAL
33.22,1.1932,0.6829,0.6431,0.6344,1.398,1.2195,0.6784,0.427,GO_GOAL
33.24,1.1956,0.6847,0.6431,0.6364,1.4002,1.2195,0.6784,0.4251,GO_GOAL
33.26,1.198,0.6865,0.6431,0.6385,1.4024,1.2195,0.6784,0.4232,GO_GOAL
33.28,1.2004,0.6883,0.6431,0.6405,1.4046,1.2195,0.6784,0.4213,GO_GOAL
33.3,1.2028,0.6901,0.6431,0.6425,1.4068,1.2195,0.6784,0.4194,GO_GOAL
33.32,1.2052,0.6919,0.6431,0.6445,1.409,1.2315,0.6874,0.4176,GO_GOAL
33.34,1.2076,0.6937,0.6431,0.6486,1.4135,1.2315,0.6874,0.4157,GO_GOAL
33.36,1.21,0.6955,0.6431,0.6486,1.4135,1.2315,0.6874,0.4138,GO_GOAL
33.38,1.2124,0.6973,0.6431,0.6506,1.4157,1.2315,0.6874,0.412,GO_GOAL
33.4,1.2148,0.6991,0.6431,0.6527,1.4179,1.2315,0.6874,0.4102,GO_GOAL
33.42,1.2172,0.7009,0.6431,0.6547,1.4201,1.2435,0.6964,0.4083,GO_GOAL
33.44,1.2196,0.7027,0.6431,0.6588,1.4245,1.2435,0.6964,0.4065,GO_GOAL
33.46,1.222,0.7045,0.6431,0.6588,1.4245,1.2435,0.6964,0.4047,GO_GOAL
33.48,1.2244,0.7063,0.6431,0.6608,1.4267,1.2435,0.6964,0.4029,GO_GOAL
33.5,1.2268,0.7081,0.6431,0.6628,1.4289,1.2435,0.6964,0.4011,GO_GOAL
33.52,1.2292,0.7099,0.6431,0.6648,1.4311,1.2555,0.7054,0.3993,GO_GOAL
33.54,1.2316,0.7117,0.6431,0.6669,1.4333,1.2555,0.7054,0.3975,GO_GOAL
33.56,1.234,0.7135,0.6431,0.6689,1.4355,1.2555,0.7054,0.3957,GO_GOAL
33.58,1.2364,0.7153,0.6431,0.673,1.44,1.2555,0.7054,0.394,GO_GOAL
33.6,1.2388,0.7171,0.6431,0.673,1.44,1.2555,0.7054,0.3922,GO_GOAL
33.62,1.2412,0.7189,0.6431,0.675,1.4422,1.2675,0.7144,0.3905,GO_GOAL
33.64,1.2436,0.7207,0.6431,0.677,1.4444,1.2675,0.7144,0.3887,GO_GOAL
33.66,1.246,0.7225,0.6431,0.6811,1.4488,1.2675,0.7144,0.387,GO_GOAL
33.68,1.2484,0.7243,0.6431,0.6811,1.4488,1.2675,0.7144,0.3853,GO_GOAL
33.7,1.2508,0.7261,0.6431,0.6831,1.451,1.2675,0.7144,0.3836,GO_GOAL
33.72,1.2532,0.7279,0.6431,0.6851,1.4532,1.2795,0.7234,0.3818,GO_GOAL
33.74,1.2556,0.7297,0.6431,0.6872,1.4554,1.2795,0.7234,0.3802,GO_GOAL
33.76,1.258,0.7315,0.6431,0.6892,1.4576,1.2795,0.7234,0.3785,GO_GOAL
33.78,1.2604,0.7333,0.6431,0.6912,1.4598,1.2795,0.7234,0.3768,GO_GOAL
33.8,1.2628,0.7351,0.6431,0.6933,1.462,1.2795,0.7234,0.3751,GO_GOAL
33.82,1.2652,0.7369,0.6431,0.6953,1.4643,1.2915,0.7324,0.3735,GO_GOAL
33.84,1.2676,0.7387,0.6431,0.6973,1.4665,1.2915,0.7324,0.3718,GO_GOAL
33.86,1.27,0.7405,0.6431,0.6994,1.4687,1.2915,0.7324,0.3702,GO_GOAL
33.88,1.2724,0.7423,0.6431,0.7014,1.4709,1.2915,0.7324,0.3685,GO_GOAL
33.9,1.2748,0.7441,0.6431,0.7034,1.4731,1.2915,0.7324,0.3669,GO_GOAL
33.92,1.2772,0.7459,0.6431,0.7054,1.4753,1.3036,0.7414,0.3653,GO_GOAL
33.94,1.2796,0.7477,0.6431,0.7075,1.4775,1.3036,0.7414,0.3637,GO_GOAL
33.96,1.282,0.7495,0.6431,0.7095,1.4797,1.3036,0.7414,0.3621,GO_GOAL
33.98,1.2844,0.7513,0.6431,0.7115,1.4819,1.3036,0.7414,0.3605,GO_GOAL
34.0,1.2868,0.7531,0.6431,0.7136,1.4841,1.3036,0.7414,0.3589,GO_GOAL
34.02,1.2893,0.7549,0.6431,0.7156,1.4863,1.3156,0.7503,0.3574,GO_GOAL
34.04,1.2917,0.7567,0.6431,0.7176,1.4886,1.3156,0.7503,0.3558,GO_GOAL
34.06,1.2941,0.7585,0.6431,0.7197,1.4908,1.3156,0.7503,0.3542,GO_GOAL
34.08,1.2965,0.7603,0.6431,0.7217,1.493,1.3156,0.7503,0.3527,GO_GOAL
34.1,1.2989,0.7621,0.6431,0.7237,1.4952,1.3156,0.7503,0.3512,GO_GOAL
34.12,1.3013,0.7639,0.6431,0.7257,1.4974,1.3276,0.7593,0.3497,GO_GOAL
34.14,1.3037,0.7657,0.6431,0.7278,1.4996,1.3276,0.7593,0.3482,GO_GOAL
34.16,1.3061,0.7675,0.6431,0.7298,1.5018,1.3276,0.7593,0.3467,GO_GOAL
34.18,1.3085,0.7693,0.6431,0.7318,1.504,1.3276,0.7593,0.3452,GO_GOAL
34.2,1.3109,0.7711,0.6431,0.7339,1.5062,1.3396,0.7683,0.3437,GO_GOAL
34.22,1.3133,0.7729,0.6431,0.7359,1.5084,1.3396,0.7683,0.3422,GO_GOAL
34.24,1.3157,0.7747,0.6431,0.7379,1.5106,1.3396,0.7683,0.3408,GO_GOAL
34.26,1.3181,0.7765,0.6431,0.74,1.5129,1.3396,0.7683,0.3393,GO_GOAL
34.28,1.3205,0.7783,0.6431,0.742,1.5151,1.3396,0.7683,0.3379,GO_GOAL
34.3,1.3229,0.7801,0.6431,0.744,1.5173,1.3396,0.7683,0.3365,GO_GOAL
34.32,1.3253,0.7819,0.6431,0.7481,1.5217,1.3516,0.7773,0.3351,GO_GOAL
34.34,1.3277,0.7837,0.6431,0.7481,1.5217,1.3516,0.7773,0.3337,GO_GOAL
34.36,1.3301,0.7855,0.6431,0.7501,1.5239,1.3516,0.7773,0.3323,GO_GOAL
34.38,1.3325,0.7873,0.6431,0.7521,1.5261,1.3516,0.7773,0.3309,GO_GOAL
34.4,1.3349,0.7891,0.6431,0.7542,1.5283,1.3516,0.7773,0.3295,GO_GOAL
34.42,1.3373,0.7909,0.6431,0.7562,1.5305,1.3636,0.7863,0.3282,GO_GOAL
34.44,1.3397,0.7927,0.6431,0.7582,1.5327,1.3636,0.7863,0.3268,GO_GOAL
34.46,1.3421,0.7945,0.6431,0.7603,1.5349,1.3636,0.7863,0.3255,GO_GOAL
34.48,1.3445,0.7963,0.6431,0.7623,1.5372,1.3636,0.7863,0.3242,GO_GOAL
34.5,1.3469,0.7981,0.6431,0.7643,1.5394,1.3636,0.7863,0.3229,GO_GOAL
34.52,1.3493,0.7999,0.6431,0.7663,1.5416,1.3756,0.7953,0.3216,GO_GOAL
34.54,1.3517,0.8017,0.6431,0.7684,1.5438,1.3756,0.7953,0.3203,GO_GOAL
34.56,1.3541,0.8035,0.6431,0.7704,1.546,1.3756,0.7953,0.319,GO_GOAL
34.58,1.3565,0.8053,0.6431,0.7724,1.5482,1.3756,0.7953,0.3177,GO_GOAL
34.6,1.3589,0.8071,0.6431,0.7745,1.5504,1.3756,0.7953,0.3165,GO_GOAL
34.62,1.3613,0.8089,0.6431,0.7785,1.5548,1.3876,0.8043,0.3152,GO_GOAL
34.64,1.3637,0.8107,0.6431,0.7806,1.557,1.3876,0.8043,0.314,GO_GOAL
34.66,1.3661,0.8125,0.6431,0.7806,1.557,1.3876,0.8043,0.3128,GO_GOAL
34.68,1.3685,0.8142,0.6431,0.7826,1.5592,1.3876,0.8043,0.3116,GO_GOAL
34.7,1.3709,0.816,0.6431,0.7846,1.5615,1.3876,0.8043,0.3104,GO_GOAL
34.72,1.3733,0.8178,0.6431,0.7866,1.5637,1.3996,0.8133,0.3092,GO_GOAL
34.74,1.3757,0.8196,0.6431,0.7887,1.5659,1.3996,0.8133,0.308,GO_GOAL
34.76,1.3781,0.8214,0.6431,0.7907,1.5681,1.3996,0.8133,0.3069,GO_GOAL
34.78,1.3805,0.8232,0.6431,0.7927,1.5703,1.3996,0.8133,0.3057,GO_GOAL
34.8,1.3829,0.825,0.6431,0.7948,1.5725,1.3996,0.8133,0.3046,GO_GOAL
34.82,1.3853,0.8268,0.6431,0.7968,1.5747,1.414,0.8241,0.3035,GO_GOAL
34.84,1.3877,0.8286,0.6431,0.7988,1.5769,1.414,0.8241,0.3024,GO_GOAL
34.86,1.3901,0.8304,0.6431,0.8009,1.5791,1.414,0.8241,0.3013,GO_GOAL
34.88,1.3925,0.8322,0.6431,0.8029,1.5813,1.414,0.8241,0.3002,GO_GOAL
34.9,1.3949,0.834,0.6431,0.8069,1.5857,1.414,0.8241,0.2991,GO_GOAL
34.92,1.3973,0.8358,0.6431,0.8069,1.5857,1.4236,0.8313,0.2981,GO_GOAL
34.94,1.3997,0.8376,0.6431,0.809,1.588,1.4236,0.8313,0.297,GO_GOAL
34.96,1.4021,0.8394,0.6431,0.811,1.5902,1.4236,0.8313,0.296,GO_GOAL
34.98,1.4045,0.8412,0.6431,0.813,1.5924,1.4236,0.8313,0.295,GO_GOAL
35.0,1.4069,0.843,0.6431,0.8151,1.5946,1.4236,0.8313,0.294,GO_GOAL
35.02,1.4093,0.8448,0.6431,0.8171,1.5968,1.4356,0.8403,0.293,GO_GOAL
35.04,1.4117,0.8466,0.6431,0.8191,1.599,1.4356,0.8403,0.292,GO_GOAL
35.06,1.4141,0.8484,0.6431,0.8212,1.6012,1.4356,0.8403,0.2911,GO_GOAL
35.08,1.4165,0.8502,0.6431,0.8232,1.6034,1.4356,0.8403,0.2901,GO_GOAL
35.1,1.4189,0.852,0.6431,0.8252,1.6056,1.4356,0.8403,0.2892,GO_GOAL
35.12,1.4213,0.8538,0.6431,0.8272,1.6078,1.4476,0.8493,0.2883,GO_GOAL
35.14,1.4237,0.8556,0.6431,0.8293,1.61,1.4476,0.8493,0.2874,GO_GOAL
35.16,1.4261,0.8574,0.6431,0.8313,1.6123,1.4476,0.8493,0.2865,GO_GOAL
35.18,1.4285,0.8592,0.6431,0.8333,1.6145,1.4476,0.8493,0.2856,GO_GOAL
35.2,1.4309,0.861,0.6431,0.8354,1.6167,1.4476,0.8493,0.2847,GO_GOAL
35.22,1.4333,0.8628,0.6431,0.8374,1.6189,1.4596,0.8583,0.2839,GO_GOAL
35.24,1.4357,0.8646,0.6431,0.8394,1.6211,1.4596,0.8583,0.283,GO_GOAL
35.26,1.4381,0.8664,0.6431,0.8415,1.6233,1.4596,0.8583,0.2822,GO_GOAL
35.28,1.4405,0.8682,0.6431,0.8435,1.6255,1.4596,0.8583,0.2814,GO_GOAL
35.3,1.4429,0.87,0.6431,0.8455,1.6277,1.4596,0.8583,0.2806,GO_GOAL
35.32,1.4453,0.8718,0.6431,0.8475,1.6299,1.4716,0.8673,0.2798,GO_GOAL
35.34,1.4477,0.8736,0.6431,0.8496,1.6321,1.4716,0.8673,0.279,GO_GOAL
35.36,1.4501,0.8754,0.6431,0.8516,1.6343,1.4716,0.8673,0.2783,GO_GOAL
35.38,1.4525,0.8772,0.6431,0.8536,1.6366,1.4716,0.8673,0.2775,GO_GOAL
35.4,1.4549,0.879,0.6431,0.8557,1.6388,1.4716,0.8673,0.2768,GO_GOAL
35.42,1.4573,0.8808,0.6431,0.8597,1.6432,1.4836,0.8763,0.2761,GO_GOAL
35.44,1.4597,0.8826,0.6431,0.8597,1.6432,1.4836,0.8763,0.2754,GO_GOAL
35.46,1.4621,0.8844,0.6431,0.8618,1.6454,1.4836,0.8763,0.2747,GO_GOAL
35.48,1.4645,0.8862,0.6431,0.8658,1.6498,1.4836,0.8763,0.2741,GO_GOAL
35.5,1.4669,0.888,0.6431,0.8658,1.6498,1.4836,0.8763,0.2734,GO_GOAL
35.52,1.4693,0.8898,0.6431,0.8678,1.652,1.4956,0.8853,0.2728,GO_GOAL
35.54,1.4717,0.8916,0.6431,0.8699,1.6542,1.4956,0.8853,0.2722,GO_GOAL
35.56,1.4741,0.8934,0.6431,0.8739,1.6586,1.4956,0.8853,0.2715,GO_GOAL
35.58,1.4765,0.8952,0.6431,0.876,1.6609,1.4956,0.8853,0.271,GO_GOAL
35.6,1.4789,0.897,0.6431,0.876,1.6609,1.4956,0.8853,0.2704,GO_GOAL
35.62,1.4813,0.8988,0.6431,0.88,1.6653,1.5076,0.8943,0.2698,GO_GOAL
35.64,1.4837,0.9006,0.6431,0.88,1.6653,1.5076,0.8943,0.2693,GO_GOAL
35.66,1.4861,0.9024,0.6431,0.8821,1.6675,1.5076,0.8943,0.2687,GO_GOAL
35.68,1.4885,0.9042,0.6431,0.8841,1.6697,1.5076,0.8943,0.2682,GO_GOAL
35.7,1.4909,0.906,0.6431,0.8881,1.6741,1.5076,0.8943,0.2677,GO_GOAL
35.72,1.4933,0.9078,0.6431,0.8881,1.6741,1.5196,0.9033,0.2672,GO_GOAL
35.74,1.4957,0.9096,0.6431,0.8902,1.6763,1.5196,0.9033,0.2667,GO_GOAL
35.76,1.4981,0.9114,0.6431,0.8922,1.6785,1.5196,0.9033,0.2663,GO_GOAL
35.78,1.5005,0.9132,0.6431,0.8942,1.6807,1.5196,0.9033,0.2658,GO_GOAL
35.8,1.5029,0.915,0.6431,0.8963,1.6829,1.5196,0.9033,0.2654,GO_GOAL
35.82,1.5053,0.9168,0.6431,0.8983,1.6851,1.5316,0.9122,0.265,GO_GOAL
35.84,1.5077,0.9186,0.6431,0.9003,1.6874,1.5316,0.9122,0.2646,GO_GOAL
35.86,1.5101,0.9204,0.6431,0.9024,1.6896,1.5316,0.9122,0.2642,GO_GOAL
35.88,1.5125,0.9222,0.6431,0.9044,1.6918,1.5316,0.9122,0.2639,GO_GOAL
35.9,1.5149,0.924,0.6431,0.9084,1.6962,1.5436,0.9212,0.2635,GO_GOAL
35.92,1.5173,0.9258,0.6431,0.9105,1.6984,1.5436,0.9212,0.2632,GO_GOAL
35.94,1.5197,0.9276,0.6431,0.9105,1.6984,1.5436,0.9212,0.2629,GO_GOAL
35.96,1.5221,0.9294,0.6431,0.9145,1.7028,1.5436,0.9212,0.2626,GO_GOAL
35.98,1.5245,0.9312,0.6431,0.9145,1.7028,1.5436,0.9212,0.2623,GO_GOAL
36.0,1.5269,0.933,0.6431,0.9166,1.705,1.5436,0.9212,0.262,GO_GOAL
36.02,1.5293,0.9348,0.6431,0.9186,1.7072,1.558,0.932,0.2617,GO_GOAL
36.04,1.5317,0.9366,0.6431,0.9206,1.7094,1.558,0.932,0.2615,GO_GOAL
36.06,1.5341,0.9384,0.6431,0.9227,1.7117,1.558,0.932,0.2613,GO_GOAL
36.08,1.5365,0.9402,0.6431,0.9247,1.7139,1.558,0.932,0.2611,GO_GOAL
36.1,1.5389,0.942,0.6431,0.9267,1.7161,1.558,0.932,0.2609,GO_GOAL
36.12,1.5413,0.9438,0.6431,0.9287,1.7183,1.5676,0.9392,0.2607,GO_GOAL
36.14,1.5437,0.9456,0.6431,0.9308,1.7205,1.5676,0.9392,0.2605,GO_GOAL
36.16,1.5461,0.9474,0.6431,0.9328,1.7227,1.5676,0.9392,0.2604,GO_GOAL
36.18,1.5485,0.9492,0.6431,0.9348,1.7249,1.5676,0.9392,0.2602,GO_GOAL
36.2,1.5509,0.951,0.6431,0.9369,1.7271,1.5676,0.9392,0.2601,GO_GOAL
36.22,1.5533,0.9528,0.6431,0.9389,1.7293,1.5796,0.9482,0.26,GO_GOAL
36.24,1.5557,0.9546,0.6431,0.9409,1.7315,1.5796,0.9482,0.2599,GO_GOAL
36.26,1.5581,0.9564,0.6431,0.943,1.7337,1.5796,0.9482,0.2599,GO_GOAL
36.28,1.5605,0.9582,0.6431,0.945,1.736,1.5796,0.9482,0.2598,GO_GOAL
36.3,1.5629,0.96,0.6431,0.947,1.7382,1.5796,0.9482,0.2598,GO_GOAL
36.32,1.5653,0.9618,0.6431,0.949,1.7404,1.5916,0.9572,0.2598,GO_GOAL
36.34,1.5677,0.9636,0.6431,0.9511,1.7426,1.5916,0.9572,0.2598,GO_GOAL
36.36,1.5701,0.9654,0.6431,0.9531,1.7448,1.5916,0.9572,0.2598,GO_GOAL
36.38,1.5725,0.9672,0.6431,0.9551,1.747,1.5916,0.9572,0.2598,GO_GOAL
36.4,1.5749,0.969,0.6431,0.9572,1.7492,1.6037,0.9662,0.2598,GO_GOAL
36.42,1.5773,0.9708,0.6431,0.9612,1.7536,1.6037,0.9662,0.2599,GO_GOAL
36.44,1.5797,0.9726,0.6431,0.9612,1.7536,1.6037,0.9662,0.26,GO_GOAL
36.46,1.5821,0.9744,0.6431,0.9653,1.758,1.6037,0.9662,0.2601,GO_GOAL
36.48,1.5845,0.9762,0.6431,0.9653,1.758,1.6037,0.9662,0.2602,GO_GOAL
36.5,1.5869,0.978,0.6431,0.9673,1.7603,1.6037,0.9662,0.2603,GO_GOAL
36.52,1.5893,0.9798,0.6431,0.9693,1.7625,1.6157,0.9752,0.2604,GO_GOAL
36.54,1.5917,0.9816,0.6431,0.9714,1.7647,1.6157,0.9752,0.2606,GO_GOAL
36.56,1.5941,0.9834,0.6431,0.9734,1.7669,1.6157,0.9752,0.2608,GO_GOAL
36.58,1.5965,0.9852,0.6431,0.9754,1.7691,1.6157,0.9752,0.2609,GO_GOAL
36.6,1.5989,0.987,0.6431,0.9775,1.7713,1.6157,0.9752,0.2611,GO_GOAL
36.62,1.6013,0.9888,0.6431,0.9795,1.7735,1.6277,0.9842,0.2614,GO_GOAL
36.64,1.6037,0.9906,0.6431,0.9835,1.7779,1.6277,0.9842,0.2616,GO_GOAL
36.66,1.6061,0.9924,0.6431,0.9835,1.7779,1.6277,0.9842,0.2618,GO_GOAL
36.68,1.6085,0.9942,0.6431,0.9876,1.7823,1.6277,0.9842,0.2621,GO_GOAL
36.7,1.6109,0.996,0.6431,0.9876,1.7823,1.6277,0.9842,0.2624,GO_GOAL
36.72,1.6133,0.9978,0.6431,0.9917,1.7868,1.6397,0.9932,0.2627,GO_GOAL
36.74,1.6157,0.9996,0.6431,0.9917,1.7868,1.6397,0.9932,0.263,GO_GOAL
36.76,1.6181,1.0014,0.6431,0.9957,1.7912,1.6397,0.9932,0.2633,GO_GOAL
36.78,1.6205,1.0032,0.6431,0.9957,1.7912,1.6397,0.9932,0.2636,GO_GOAL
36.8,1.6229,1.005,0.6431,0.9998,1.7956,1.6397,0.9932,0.264,GO_GOAL
36.82,1.6253,1.0068,0.6431,1.0018,1.7978,1.6517,1.0022,0.2644,GO_GOAL
36.84,1.6277,1.0086,0.6431,1.0018,1.7978,1.6517,1.0022,0.2648,GO_GOAL
36.86,1.6301,1.0104,0.6431,1.0038,1.8,1.6517,1.0022,0.2652,GO_GOAL
36.88,1.6325,1.0121,0.6431,1.0059,1.8022,1.6517,1.0022,0.2656,GO_GOAL
36.9,1.6349,1.0139,0.6431,1.0079,1.8044,1.6517,1.0022,0.266,GO_GOAL
36.92,1.6373,1.0157,0.6431,1.0099,1.8066,1.6637,1.0112,0.2665,GO_GOAL
36.94,1.6397,1.0175,0.6431,1.012,1.8088,1.6637,1.0112,0.2669,GO_GOAL
36.96,1.6422,1.0193,0.6431,1.016,1.8133,1.6637,1.0112,0.2674,GO_GOAL
36.98,1.6446,1.0211,0.6431,1.016,1.8133,1.6637,1.0112,0.2679,GO_GOAL
37.0,1.647,1.0229,0.6431,1.0181,1.8155,1.6637,1.0112,0.2684,GO_GOAL
37.02,1.6494,1.0247,0.6431,1.0201,1.8177,1.6757,1.0202,0.2689,GO_GOAL
37.04,1.6518,1.0265,0.6431,1.0221,1.8199,1.6757,1.0202,0.2695,GO_GOAL
37.06,1.6542,1.0283,0.6431,1.0241,1.8221,1.6757,1.0202,0.27,GO_GOAL
37.08,1.6566,1.0301,0.6431,1.0262,1.8243,1.6757,1.0202,0.2706,GO_GOAL
37.1,1.659,1.0319,0.6431,1.0282,1.8265,1.6757,1.0202,0.2712,GO_GOAL
37.12,1.6614,1.0337,0.6431,1.0323,1.8309,1.6877,1.0292,0.2718,GO_GOAL
37.14,1.6638,1.0355,0.6431,1.0323,1.8309,1.6877,1.0292,0.2724,GO_GOAL
37.16,1.6662,1.0373,0.6431,1.0343,1.8331,1.6877,1.0292,0.273,GO_GOAL
37.18,1.6686,1.0391,0.6431,1.0363,1.8354,1.6877,1.0292,0.2736,GO_GOAL
37.2,1.671,1.0409,0.6431,1.0384,1.8376,1.6877,1.0292,0.2743,GO_GOAL
37.22,1.6734,1.0427,0.6431,1.0404,1.8398,1.7021,1.04,0.275,GO_GOAL
37.24,1.6758,1.0445,0.6431,1.0424,1.842,1.7021,1.04,0.2757,GO_GOAL
37.26,1.6782,1.0463,0.6431,1.0444,1.8442,1.7021,1.04,0.2764,GO_GOAL
37.28,1.6806,1.0481,0.6431,1.0465,1.8464,1.7021,1.04,0.2771,GO_GOAL
37.3,1.683,1.0499,0.6431,1.0485,1.8486,1.7021,1.04,0.2778,GO_GOAL
37.32,1.6854,1.0517,0.6431,1.0505,1.8508,1.7117,1.0472,0.2786,GO_GOAL
37.34,1.6878,1.0535,0.6431,1.0546,1.8552,1.7117,1.0472,0.2793,GO_GOAL
37.36,1.6902,1.0553,0.6431,1.0566,1.8574,1.7117,1.0472,0.2801,GO_GOAL
37.38,1.6926,1.0571,0.6431,1.0566,1.8574,1.7117,1.0472,0.2809,GO_GOAL
37.4,1.695,1.0589,0.6431,1.0587,1.8597,1.7117,1.0472,0.2817,GO_GOAL
37.42,1.6974,1.0607,0.6431,1.0607,1.8619,1.7237,1.0562,0.2825,GO_GOAL
37.44,1.6998,1.0625,0.6431,1.0647,1.8663,1.7237,1.0562,0.2833,GO_GOAL
37.46,1.7022,1.0643,0.6431,1.0647,1.8663,1.7237,1.0562,0.2842,GO_GOAL
37.48,1.7046,1.0661,0.6431,1.0668,1.8685,1.7237,1.0562,0.285,GO_GOAL
37.5,1.707,1.0679,0.6431,1.0688,1.8707,1.7237,1.0562,0.2859,GO_GOAL
37.52,1.7094,1.0697,0.6431,1.0729,1.8751,1.7357,1.0652,0.2868,GO_GOAL
37.54,1.7118,1.0715,0.6431,1.0729,1.8751,1.7357,1.0652,0.2877,GO_GOAL
37.56,1.7142,1.0733,0.6431,1.0749,1.8773,1.7357,1.0652,0.2886,GO_GOAL
37.58,1.7166,1.0751,0.6431,1.0769,1.8795,1.7357,1.0652,0.2895,GO_GOAL
37.6,1.719,1.0769,0.6431,1.079,1.8817,1.7357,1.0652,0.2905,GO_GOAL
37.62,1.7214,1.0787,0.6431,1.081,1.8839,1.7477,1.0742,0.2914,GO_GOAL
37.64,1.7238,1.0805,0.6431,1.083,1.8862,1.7477,1.0742,0.2924,GO_GOAL
37.66,1.7262,1.0823,0.6431,1.085,1.8884,1.7477,1.0742,0.2934,GO_GOAL
37.68,1.7286,1.0841,0.6431,1.0871,1.8906,1.7477,1.0742,0.2944,GO_GOAL
37.7,1.731,1.0859,0.6431,1.0891,1.8928,1.7597,1.0831,0.2954,GO_GOAL
37.72,1.7334,1.0877,0.6431,1.0911,1.895,1.7597,1.0831,0.2964,GO_GOAL
37.74,1.7358,1.0895,0.6431,1.0932,1.8972,1.7597,1.0831,0.2974,GO_GOAL
37.76,1.7382,1.0913,0.6431,1.0952,1.8994,1.7597,1.0831,0.2985,GO_GOAL
37.78,1.7406,1.0931,0.6431,1.0972,1.9016,1.7597,1.0831,0.2995,GO_GOAL
37.8,1.743,1.0949,0.6431,1.0993,1.9038,1.7597,1.0831,0.3006,GO_GOAL
37.82,1.7454,1.0967,0.6431,1.1013,1.906,1.7717,1.0921,0.3017,GO_GOAL
37.84,1.7478,1.0985,0.6431,1.1033,1.9082,1.7717,1.0921,0.3028,GO_GOAL
37.86,1.7502,1.1003,0.6431,1.1074,1.9127,1.7717,1.0921,0.3039,GO_GOAL
37.88,1.7526,1.1021,0.6431,1.1074,1.9127,1.7717,1.0921,0.305,GO_GOAL
37.9,1.755,1.1039,0.6431,1.1094,1.9149,1.7717,1.0921,0.3062,GO_GOAL
37.92,1.7574,1.1057,0.6431,1.1114,1.9171,1.7837,1.1011,0.3073,GO_GOAL
37.94,1.7598,1.1075,0.6431,1.1135,1.9193,1.7837,1.1011,0.3085,GO_GOAL
37.96,1.7622,1.1093,0.6431,1.1155,1.9215,1.7837,1.1011,0.3096,GO_GOAL
37.98,1.7646,1.1111,0.6431,1.1175,1.9237,1.7837,1.1011,0.3108,GO_GOAL
38.0,1.767,1.1129,0.6431,1.1216,1.9281,1.7837,1.1011,0.312,GO_GOAL
38.02,1.7694,1.1147,0.6431,1.1216,1.9281,1.7957,1.1101,0.3132,GO_GOAL
38.04,1.7718,1.1165,0.6431,1.1236,1.9303,1.7957,1.1101,0.3144,GO_GOAL
38.06,1.7742,1.1183,0.6431,1.1256,1.9325,1.7957,1.1101,0.3157,GO_GOAL
38.08,1.7766,1.1201,0.6431,1.1277,1.9348,1.7957,1.1101,0.3169,GO_GOAL
38.1,1.779,1.1219,0.6431,1.1317,1.9392,1.7957,1.1101,0.3182,GO_GOAL
38.12,1.7814,1.1237,0.6431,1.1317,1.9392,1.8077,1.1191,0.3195,GO_GOAL
38.14,1.7838,1.1255,0.6431,1.1338,1.9414,1.8077,1.1191,0.3207,GO_GOAL
38.16,1.7862,1.1273,0.6431,1.1358,1.9436,1.8077,1.1191,0.322,GO_GOAL
38.18,1.7886,1.1291,0.6431,1.1378,1.9458,1.8077,1.1191,0.3233,GO_GOAL
38.2,1.791,1.1309,0.6431,1.1399,1.948,1.8077,1.1191,0.3246,GO_GOAL
38.22,1.7934,1.1327,0.6431,1.1439,1.9524,1.8197,1.1281,0.326,GO_GOAL
38.24,1.7958,1.1345,0.6431,1.1459,1.9546,1.8197,1.1281,0.3273,GO_GOAL
38.26,1.7982,1.1363,0.6431,1.1459,1.9546,1.8197,1.1281,0.3287,GO_GOAL
38.28,1.8006,1.1381,0.6431,1.148,1.9568,1.8197,1.1281,0.33,GO_GOAL
38.3,1.803,1.1399,0.6431,1.15,1.9591,1.8197,1.1281,0.3314,GO_GOAL
38.32,1.8054,1.1417,0.6431,1.152,1.9613,1.8317,1.1371,0.3328,GO_GOAL
38.34,1.8078,1.1435,0.6431,1.1541,1.9635,1.8317,1.1371,0.3342,GO_GOAL
38.36,1.8102,1.1453,0.6431,1.1561,1.9657,1.8317,1.1371,0.3356,GO_GOAL
38.38,1.8126,1.1471,0.6431,1.1581,1.9679,1.8317,1.1371,0.337,GO_GOAL
38.4,1.815,1.1489,0.6431,1.1602,1.9701,1.8317,1.1371,0.3384,GO_GOAL
38.42,1.8174,1.1507,0.6431,1.1622,1.9723,1.8437,1.1461,0.3399,GO_GOAL
38.44,1.8198,1.1525,0.6431,1.1642,1.9745,1.8437,1.1461,0.3413,GO_GOAL
38.46,1.8222,1.1543,0.6431,1.1662,1.9767,1.8437,1.1461,0.3428,GO_GOAL
38.48,1.8246,1.1561,0.6431,1.1683,1.9789,1.8437,1.1461,0.3442,GO_GOAL
38.5,1.827,1.1579,0.6431,1.1703,1.9811,1.8437,1.1461,0.3457,GO_GOAL
38.52,1.8294,1.1597,0.6431,1.1723,1.9833,1.8557,1.1551,0.3472,GO_GOAL
38.54,1.8318,1.1615,0.6431,1.1764,1.9878,1.8557,1.1551,0.3487,GO_GOAL
38.56,1.8342,1.1633,0.6431,1.1764,1.9878,1.8557,1.1551,0.3502,GO_GOAL
38.58,1.8366,1.1651,0.6431,1.1784,1.99,1.8557,1.1551,0.3517,GO_GOAL
38.6,1.839,1.1669,0.6431,1.1805,1.9922,1.8557,1.1551,0.3533,GO_GOAL
38.62,1.8414,1.1687,0.6431,1.1825,1.9944,1.8677,1.1641,0.3548,GO_GOAL
38.64,1.8438,1.1705,0.6431,1.1865,1.9988,1.8677,1.1641,0.3564,GO_GOAL
38.66,1.8462,1.1723,0.6431,1.1865,1.9988,1.8677,1.1641,0.3579,GO_GOAL
38.68,1.8486,1.1741,0.6431,1.1886,2.001,1.8677,1.1641,0.3595,GO_GOAL
38.7,1.851,1.1759,0.6431,1.1906,2.0032,1.8677,1.1641,0.3611,GO_GOAL
38.72,1.8534,1.1777,0.6431,1.1926,2.0054,1.8797,1.1731,0.3627,GO_GOAL
38.74,1.8558,1.1795,0.6431,1.1947,2.0076,1.8797,1.1731,0.3643,GO_GOAL
38.76,1.8582,1.1813,0.6431,1.1967,2.0099,1.8797,1.1731,0.3659,GO_GOAL
38.78,1.8606,1.1831,0.6431,1.1987,2.0121,1.8797,1.1731,0.3675,GO_GOAL
38.8,1.863,1.1849,0.6431,1.2008,2.0143,1.8797,1.1731,0.3691,GO_GOAL
38.82,1.8654,1.1867,0.6431,1.2048,2.0187,1.8917,1.1821,0.3708,GO_GOAL
38.84,1.8678,1.1885,0.6431,1.2048,2.0187,1.8917,1.1821,0.3724,GO_GOAL
38.86,1.8702,1.1903,0.6431,1.2068,2.0209,1.8917,1.1821,0.3741,GO_GOAL
38.88,1.8726,1.1921,0.6431,1.2089,2.0231,1.8917,1.1821,0.3757,GO_GOAL
38.9,1.875,1.1939,0.6431,1.2109,2.0253,1.8917,1.1821,0.3774,GO_GOAL
38.92,1.8774,1.1957,0.6431,1.215,2.0297,1.9037,1.1911,0.3791,GO_GOAL
38.94,1.8798,1.1975,0.6431,1.215,2.0297,1.9037,1.1911,0.3808,GO_GOAL
38.96,1.8822,1.1993,0.6431,1.217,2.0319,1.9037,1.1911,0.3825,GO_GOAL
38.98,1.8846,1.2011,0.6431,1.219,2.0342,1.9037,1.1911,0.3842,GO_GOAL
39.0,1.887,1.2029,0.6431,1.2211,2.0364,1.9037,1.1911,0.3859,GO_GOAL
39.02,1.8894,1.2047,0.6431,1.2231,2.0386,1.9182,1.2019,0.3876,GO_GOAL
39.04,1.8918,1.2065,0.6431,1.2271,2.043,1.9182,1.2019,0.3894,GO_GOAL
39.06,1.8942,1.2083,0.6431,1.2271,2.043,1.9182,1.2019,0.3911,GO_GOAL
39.08,1.8966,1.21,0.6431,1.2292,2.0452,1.9182,1.2019,0.3929,GO_GOAL
39.1,1.899,1.2118,0.6431,1.2312,2.0474,1.9182,1.2019,0.3946,GO_GOAL
39.12,1.9014,1.2136,0.6431,1.2332,2.0496,1.9278,1.2091,0.3964,GO_GOAL
39.14,1.9038,1.2154,0.6431,1.2353,2.0518,1.9278,1.2091,0.3982,GO_GOAL
39.16,1.9062,1.2172,0.6431,1.2373,2.054,1.9278,1.2091,0.3999,GO_GOAL
39.18,1.9086,1.219,0.6431,1.2393,2.0562,1.9278,1.2091,0.4017,GO_GOAL
39.2,1.911,1.2208,0.6431,1.2414,2.0585,1.9398,1.2181,0.4035,GO_GOAL
39.22,1.9134,1.2226,0.6431,1.2434,2.0607,1.9398,1.2181,0.4054,GO_GOAL
39.24,1.9158,1.2244,0.6431,1.2454,2.0629,1.9398,1.2181,0.4072,GO_GOAL
39.26,1.9182,1.2262,0.6431,1.2474,2.0651,1.9398,1.2181,0.409,GO_GOAL
39.28,1.9206,1.228,0.6431,1.2515,2.0695,1.9398,1.2181,0.4108,GO_GOAL
39.3,1.923,1.2298,0.6431,1.2515,2.0695,1.9398,1.2181,0.4127,GO_GOAL
39.32,1.9254,1.2316,0.6431,1.2556,2.0739,1.9518,1.2271,0.4145,GO_GOAL
39.34,1.9278,1.2334,0.6431,1.2556,2.0739,1.9518,1.2271,0.4164,GO_GOAL
39.36,1.9302,1.2352,0.6431,1.2576,2.0761,1.9518,1.2271,0.4182,GO_GOAL
39.38,1.9326,1.237,0.6431,1.2596,2.0783,1.9518,1.2271,0.4201,GO_GOAL
39.4,1.935,1.2388,0.6431,1.2617,2.0805,1.9518,1.2271,0.422,GO_GOAL
39.42,1.9374,1.2406,0.6431,1.2657,2.085,1.9638,1.2361,0.4239,GO_GOAL
39.44,1.9398,1.2424,0.6431,1.2657,2.085,1.9638,1.2361,0.4258,GO_GOAL
39.46,1.9422,1.2442,0.6431,1.2677,2.0872,1.9638,1.2361,0.4277,GO_GOAL
39.48,1.9446,1.246,0.6431,1.2718,2.0916,1.9638,1.2361,0.4296,GO_GOAL
39.5,1.947,1.2478,0.6431,1.2718,2.0916,1.9638,1.2361,0.4315,GO_GOAL
39.52,1.9494,1.2496,0.6431,1.2738,2.0938,1.9758,1.2451,0.4334,GO_GOAL
39.54,1.9518,1.2514,0.6431,1.2779,2.0982,1.9758,1.2451,0.4354,GO_GOAL
39.56,1.9542,1.2532,0.6431,1.2779,2.0982,1.9758,1.2451,0.4373,GO_GOAL
39.58,1.9566,1.255,0.6431,1.282,2.1026,1.9758,1.2451,0.4392,GO_GOAL
39.6,1.959,1.2568,0.6431,1.282,2.1026,1.9758,1.2451,0.4412,GO_GOAL
39.62,1.9614,1.2586,0.6431,1.284,2.1048,1.9878,1.2541,0.4431,GO_GOAL
39.64,1.9638,1.2604,0.6431,1.286,2.107,1.9878,1.2541,0.4451,GO_GOAL
39.66,1.9662,1.2622,0.6431,1.288,2.1093,1.9878,1.2541,0.4471,GO_GOAL
39.68,1.9686,1.264,0.6431,1.2901,2.1115,1.9878,1.2541,0.4491,GO_GOAL
39.7,1.971,1.2658,0.6431,1.2921,2.1137,1.9878,1.2541,0.4511,GO_GOAL
39.72,1.9734,1.2676,0.6431,1.2941,2.1159,1.9998,1.263,0.453,GO_GOAL
39.74,1.9758,1.2694,0.6431,1.2962,2.1181,1.9998,1.263,0.455,GO_GOAL
39.76,1.9782,1.2712,0.6431,1.2982,2.1203,1.9998,1.263,0.457,GO_GOAL
39.78,1.9806,1.273,0.6431,1.3002,2.1225,1.9998,1.263,0.4591,GO_GOAL
39.8,1.983,1.2748,0.6431,1.3023,2.1247,1.9998,1.263,0.4611,GO_GOAL
39.82,1.9854,1.2766,0.6431,1.3043,2.1269,2.0118,1.272,0.4631,GO_GOAL
39.84,1.9878,1.2784,0.6431,1.3063,2.1291,2.0118,1.272,0.4651,GO_GOAL
39.86,1.9902,1.2802,0.6431,1.3083,2.1313,2.0118,1.272,0.4672,GO_GOAL
39.88,1.9927,1.282,0.6431,1.3104,2.1336,2.0118,1.272,0.4692,GO_GOAL
39.9,1.9951,1.2838,0.6431,1.3124,2.1358,2.0118,1.272,0.4713,GO_GOAL
39.92,1.9975,1.2856,0.6431,1.3144,2.138,2.0238,1.281,0.4733,GO_GOAL
39.94,1.9999,1.2874,0.6431,1.3165,2.1402,2.0238,1.281,0.4754,GO_GOAL
39.96,2.0023,1.2892,0.6431,1.3185,2.1424,2.0238,1.281,0.4774,GO_GOAL
39.98,2.0047,1.291,0.6431,1.3205,2.1446,2.0238,1.281,0.4795,GO_GOAL
40.0,2.0071,1.2928,0.6431,1.3226,2.1468,2.0238,1.281,0.4816,GO_GOAL
40.02,2.0095,1.2946,0.6431,1.3246,2.149,2.0358,1.29,0.4837,GO_GOAL
40.04,2.0119,1.2964,0.6431,1.3266,2.1512,2.0358,1.29,0.4858,GO_GOAL
40.06,2.0143,1.2982,0.6431,1.3286,2.1534,2.0358,1.29,0.4879,GO_GOAL
40.08,2.0167,1.3,0.6431,1.3307,2.1556,2.0358,1.29,0.49,GO_GOAL
40.1,2.0191,1.3018,0.6431,1.3327,2.1579,2.0358,1.29,0.4921,GO_GOAL
40.12,2.0215,1.3036,0.6431,1.3347,2.1601,2.0478,1.299,0.4942,GO_GOAL
40.14,2.0239,1.3054,0.6431,1.3368,2.1623,2.0478,1.299,0.4963,GO_GOAL
40.16,2.0263,1.3072,0.6431,1.3388,2.1645,2.0478,1.299,0.4984,GO_GOAL
40.18,2.0287,1.309,0.6431,1.3408,2.1667,2.0478,1.299,0.5006,GO_GOAL
40.2,2.0311,1.3108,0.6431,1.3429,2.1689,2.0478,1.299,0.5027,GO_GOAL
40.22,2.0335,1.3126,0.6431,1.3449,2.1711,2.0598,1.308,0.5049,GO_GOAL
40.24,2.0359,1.3144,0.6431,1.3469,2.1733,2.0598,1.308,0.507,GO_GOAL
40.26,2.0383,1.3162,0.6431,1.3489,2.1755,2.0598,1.308,0.5092,GO_GOAL
40.28,2.0407,1.318,0.6431,1.351,2.1777,2.0598,1.308,0.5113,GO_GOAL
40.3,2.0431,1.3198,0.6431,1.353,2.1799,2.0598,1.308,0.5135,GO_GOAL
40.32,2.0455,1.3216,0.6431,1.3571,2.1844,2.0718,1.317,0.5156,GO_GOAL
40.34,2.0479,1.3234,0.6431,1.3571,2.1844,2.0718,1.317,0.5178,GO_GOAL
40.36,2.0503,1.3252,0.6431,1.3591,2.1866,2.0718,1.317,0.52,GO_GOAL
40.38,2.0527,1.327,0.6431,1.3632,2.191,2.0718,1.317,0.5222,GO_GOAL
40.4,2.0551,1.3288,0.6431,1.3632,2.191,2.0718,1.317,0.5244,GO_GOAL
40.42,2.0575,1.3306,0.6431,1.3652,2.1932,2.0838,1.326,0.5266,GO_GOAL
40.44,2.0599,1.3324,0.6431,1.3672,2.1954,2.0838,1.326,0.5288,GO_GOAL
40.46,2.0623,1.3342,0.6431,1.3692,2.1976,2.0838,1.326,0.531,GO_GOAL
40.48,2.0647,1.336,0.6431,1.3713,2.1998,2.0838,1.326,0.5332,GO_GOAL
40.5,2.0671,1.3378,0.6431,1.3733,2.202,2.0838,1.326,0.5354,GO_GOAL
40.52,2.0695,1.3396,0.6431,1.3774,2.2064,2.0958,1.335,0.5376,GO_GOAL
40.54,2.0719,1.3414,0.6431,1.3774,2.2064,2.0958,1.335,0.5398,GO_GOAL
40.56,2.0743,1.3432,0.6431,1.3794,2.2087,2.0958,1.335,0.5421,GO_GOAL
40.58,2.0767,1.345,0.6431,1.3814,2.2109,2.0958,1.335,0.5443,GO_GOAL
40.6,2.0791,1.3468,0.6431,1.3835,2.2131,2.0958,1.335,0.5465,GO_GOAL
40.62,2.0815,1.3486,0.6431,1.3855,2.2153,2.1078,1.344,0.5488,GO_GOAL
40.64,2.0839,1.3504,0.6431,1.3875,2.2175,2.1078,1.344,0.551,GO_GOAL
40.66,2.0863,1.3522,0.6431,1.3916,2.2219,2.1078,1.344,0.5533,GO_GOAL
40.68,2.0887,1.354,0.6431,1.3916,2.2219,2.1078,1.344,0.5555,GO_GOAL
40.7,2.0911,1.3558,0.6431,1.3936,2.2241,2.1078,1.344,0.5578,GO_GOAL
40.72,2.0935,1.3576,0.6431,1.3956,2.2263,2.1198,1.353,0.5601,GO_GOAL
40.74,2.0959,1.3594,0.6431,1.3977,2.2285,2.1198,1.353,0.5623,GO_GOAL
40.76,2.0983,1.3612,0.6431,1.4017,2.233,2.1198,1.353,0.5646,GO_GOAL
40.78,2.1007,1.363,0.6431,1.4017,2.233,2.1198,1.353,0.5669,GO_GOAL
40.8,2.1031,1.3648,0.6431,1.4038,2.2352,2.1198,1.353,0.5692,GO_GOAL
40.82,2.1055,1.3666,0.6431,1.4058,2.2374,2.1318,1.362,0.5714,GO_GOAL
40.84,2.1079,1.3684,0.6431,1.4078,2.2396,2.1318,1.362,0.5737,GO_GOAL
40.86,2.1103,1.3702,0.6431,1.4098,2.2418,2.1318,1.362,0.576,GO_GOAL
40.88,2.1127,1.372,0.6431,1.4119,2.244,2.1318,1.362,0.5783,GO_GOAL
40.9,2.1151,1.3738,0.6431,1.4159,2.2484,2.1318,1.362,0.5806,GO_GOAL
40.92,2.1175,1.3756,0.6431,1.418,2.2506,2.1438,1.371,0.5829,GO_GOAL
40.94,2.1199,1.3774,0.6431,1.418,2.2506,2.1438,1.371,0.5853,GO_GOAL
40.96,2.1223,1.3792,0.6431,1.42,2.2528,2.1438,1.371,0.5876,GO_GOAL
40.98,2.1247,1.381,0.6431,1.422,2.255,2.1438,1.371,0.5899,GO_GOAL
41.0,2.1271,1.3828,0.6431,1.4261,2.2595,2.1438,1.371,0.5922,GO_GOAL
41.02,2.1295,1.3846,0.6431,1.4261,2.2595,2.1558,1.38,0.5945,GO_GOAL
41.04,2.1319,1.3864,0.6431,1.4281,2.2617,2.1558,1.38,0.5969,GO_GOAL
41.06,2.1343,1.3882,0.6431,1.4301,2.2639,2.1558,1.38,0.5992,GO_GOAL
41.08,2.1367,1.39,0.6431,1.4322,2.2661,2.1558,1.38,0.6016,GO_GOAL
41.1,2.1391,1.3918,0.6431,1.4342,2.2683,2.1558,1.38,0.6039,GO_GOAL
41.12,2.1415,1.3936,0.6431,1.4362,2.2705,2.1678,1.389,0.6062,GO_GOAL
41.14,2.1439,1.3954,0.6431,1.4383,2.2727,2.1678,1.389,0.6086,GO_GOAL
41.16,2.1463,1.3972,0.6431,1.4423,2.2771,2.1678,1.389,0.611,GO_GOAL
41.18,2.1487,1.399,0.6431,1.4423,2.2771,2.1678,1.389,0.6133,GO_GOAL
41.2,2.1511,1.4008,0.6431,1.4444,2.2793,2.1678,1.389,0.6157,GO_GOAL
41.22,2.1535,1.4026,0.6431,1.4484,2.2838,2.1798,1.398,0.618,GO_GOAL
41.24,2.1559,1.4044,0.6431,1.4484,2.2838,2.1798,1.398,0.6204,GO_GOAL
41.26,2.1583,1.4061,0.6431,1.4504,2.286,2.1798,1.398,0.6228,GO_GOAL
41.28,2.1607,1.4079,0.6431,1.4525,2.2882,2.1798,1.398,0.6252,GO_GOAL
41.3,2.1631,1.4097,0.6431,1.4565,2.2926,2.1798,1.398,0.6275,GO_GOAL
41.32,2.1655,1.4115,0.6431,1.4565,2.2926,2.1918,1.407,0.6299,GO_GOAL
41.34,2.1679,1.4133,0.6431,1.4586,2.2948,2.1918,1.407,0.6323,GO_GOAL
41.36,2.1703,1.4151,0.6431,1.4606,2.297,2.1918,1.407,0.6347,GO_GOAL
41.38,2.1727,1.4169,0.6431,1.4626,2.2992,2.1918,1.407,0.6371,GO_GOAL
41.4,2.1751,1.4187,0.6431,1.4647,2.3014,2.1918,1.407,0.6395,GO_GOAL
41.42,2.1775,1.4205,0.6431,1.4687,2.3058,2.2038,1.416,0.6419,GO_GOAL
41.44,2.1799,1.4223,0.6431,1.4687,2.3058,2.2038,1.416,0.6443,GO_GOAL
41.46,2.1823,1.4241,0.6431,1.4707,2.3081,2.2038,1.416,0.6467,GO_GOAL
41.48,2.1847,1.4259,0.6431,1.4748,2.3125,2.2038,1.416,0.6491,GO_GOAL
41.5,2.1871,1.4277,0.6431,1.4748,2.3125,2.2038,1.416,0.6515,GO_GOAL
41.52,2.1895,1.4295,0.6431,1.4768,2.3147,2.2159,1.425,0.654,GO_GOAL
41.54,2.1919,1.4313,0.6431,1.4789,2.3169,2.2159,1.425,0.6564,GO_GOAL
41.56,2.1943,1.4331,0.6431,1.4809,2.3191,2.2159,1.425,0.6588,GO_GOAL
41.58,2.1967,1.4349,0.6431,1.4829,2.3213,2.2159,1.425,0.6612,GO_GOAL
41.6,2.1991,1.4367,0.6431,1.485,2.3235,2.2159,1.425,0.6637,GO_GOAL
41.62,2.2015,1.4385,0.6431,1.487,2.3257,2.2279,1.4339,0.6661,GO_GOAL
41.64,2.2039,1.4403,0.6431,1.489,2.3279,2.2279,1.4339,0.6685,GO_GOAL
41.66,2.2063,1.4421,0.6431,1.491,2.3301,2.2279,1.4339,0.671,GO_GOAL
41.68,2.2087,1.4439,0.6431,1.4931,2.3324,2.2279,1.4339,0.6734,GO_GOAL
41.7,2.2111,1.4457,0.6431,1.4951,2.3346,2.2279,1.4339,0.6759,GO_GOAL
41.72,2.2135,1.4475,0.6431,1.4971,2.3368,2.2399,1.4429,0.6783,GO_GOAL
41.74,2.2159,1.4493,0.6431,1.4992,2.339,2.2399,1.4429,0.6808,GO_GOAL
41.76,2.2183,1.4511,0.6431,1.5012,2.3412,2.2399,1.4429,0.6832,GO_GOAL
41.78,2.2207,1.4529,0.6431,1.5032,2.3434,2.2399,1.4429,0.6857,GO_GOAL
41.8,2.2231,1.4547,0.6431,1.5053,2.3456,2.2399,1.4429,0.6881,GO_GOAL
41.82,2.2255,1.4565,0.6431,1.5073,2.3478,2.2519,1.4519,0.6906,GO_GOAL
41.84,2.2279,1.4583,0.6431,1.5093,2.35,2.2519,1.4519,0.6931,GO_GOAL
41.86,2.2303,1.4601,0.6431,1.5113,2.3522,2.2519,1.4519,0.6955,GO_GOAL
41.88,2.2327,1.4619,0.6431,1.5134,2.3544,2.2519,1.4519,0.698,GO_GOAL
41.9,2.2351,1.4637,0.6431,1.5174,2.3589,2.2519,1.4519,0.7005,GO_GOAL
41.92,2.2375,1.4655,0.6431,1.5174,2.3589,2.2639,1.4609,0.703,GO_GOAL
41.94,2.2399,1.4673,0.6431,1.5195,2.3611,2.2639,1.4609,0.7055,GO_GOAL
41.96,2.2423,1.4691,0.6431,1.5215,2.3633,2.2639,1.4609,0.7079,GO_GOAL
41.98,2.2447,1.4709,0.6431,1.5235,2.3655,2.2639,1.4609,0.7104,GO_GOAL
42.0,2.2471,1.4727,0.6431,1.5256,2.3677,2.2639,1.4609,0.7129,GO_GOAL
42.02,2.2495,1.4745,0.6431,1.5276,2.3699,2.2783,1.4717,0.7154,GO_GOAL
42.04,2.2519,1.4763,0.6431,1.5296,2.3721,2.2783,1.4717,0.7179,GO_GOAL
42.06,2.2543,1.4781,0.6431,1.5316,2.3743,2.2783,1.4717,0.7204,GO_GOAL
42.08,2.2567,1.4799,0.6431,1.5337,2.3765,2.2783,1.4717,0.7229,GO_GOAL
42.1,2.2591,1.4817,0.6431,1.5357,2.3787,2.2783,1.4717,0.7254,GO_GOAL
42.12,2.2615,1.4835,0.6431,1.5377,2.381,2.2879,1.4789,0.7279,GO_GOAL
42.14,2.2639,1.4853,0.6431,1.5398,2.3832,2.2879,1.4789,0.7304,GO_GOAL
42.16,2.2663,1.4871,0.6431,1.5418,2.3854,2.2879,1.4789,0.7329,GO_GOAL
42.18,2.2687,1.4889,0.6431,1.5438,2.3876,2.2879,1.4789,0.7354,GO_GOAL
42.2,2.2711,1.4907,0.6431,1.5459,2.3898,2.2879,1.4789,0.738,GO_GOAL
42.22,2.2735,1.4925,0.6431,1.5499,2.3942,2.2999,1.4879,0.7405,GO_GOAL
42.24,2.2759,1.4943,0.6431,1.5499,2.3942,2.2999,1.4879,0.743,GO_GOAL
42.26,2.2783,1.4961,0.6431,1.5519,2.3964,2.2999,1.4879,0.7455,GO_GOAL
42.28,2.2807,1.4979,0.6431,1.554,2.3986,2.2999,1.4879,0.7481,GO_GOAL
42.3,2.2831,1.4997,0.6431,1.556,2.4008,2.2999,1.4879,0.7506,GO_GOAL
42.32,2.2855,1.5015,0.6431,1.558,2.403,2.3119,1.4969,0.7531,GO_GOAL
42.34,2.2879,1.5033,0.6431,1.5601,2.4052,2.3119,1.4969,0.7557,GO_GOAL
42.36,2.2903,1.5051,0.6431,1.5621,2.4075,2.3119,1.4969,0.7582,GO_GOAL
42.38,2.2927,1.5069,0.6431,1.5662,2.4119,2.3119,1.4969,0.7607,GO_GOAL
42.4,2.2951,1.5087,0.6431,1.5682,2.4141,2.3239,1.5059,0.7633,GO_GOAL
42.42,2.2974,1.5104,0.6433,1.5682,2.4141,2.3239,1.5059,0.7657,GO_GOAL
42.44,2.2996,1.512,0.6441,1.5702,2.4163,2.3239,1.5059,0.768,GO_GOAL
42.46,2.3018,1.5137,0.6452,1.5722,2.4185,2.3239,1.5059,0.7704,GO_GOAL
42.48,2.3041,1.5154,0.6469,1.5742,2.4207,2.3239,1.5059,0.7728,GO_GOAL
42.5,2.3063,1.5171,0.649,1.5762,2.4229,2.3239,1.5059,0.7753,GO_GOAL
42.52,2.3086,1.5189,0.6516,1.5782,2.4251,2.3358,1.5149,0.7778,GO_GOAL
42.54,2.311,1.5206,0.6547,1.5801,2.4274,2.3358,1.5149,0.7803,GO_GOAL
42.56,2.3133,1.5224,0.6581,1.5841,2.4318,2.3358,1.5149,0.7828,GO_GOAL
42.58,2.3156,1.5242,0.6616,1.5841,2.4318,2.3358,1.5149,0.7854,GO_GOAL
42.6,2.3179,1.5261,0.6651,1.586,2.4341,2.3358,1.5149,0.7879,GO_GOAL
42.62,2.3202,1.5279,0.6686,1.5879,2.4363,2.3476,1.5239,0.7905,GO_GOAL
42.64,2.3226,1.5297,0.6721,1.5899,2.4386,2.3476,1.5239,0.793,GO_GOAL
42.66,2.3249,1.5315,0.6756,1.5918,2.4409,2.3476,1.5239,0.7955,GO_GOAL
42.68,2.3272,1.5334,0.6791,1.5937,2.4432,2.3476,1.5239,0.7981,GO_GOAL
42.7,2.3294,1.5352,0.6825,1.5956,2.4454,2.3476,1.5239,0.8006,GO_GOAL
42.72,2.3319,1.5372,0.6858,1.5975,2.4477,2.3593,1.5332,0.8033,GO_GOAL
42.74,2.3343,1.5393,0.6886,1.5994,2.45,2.3593,1.5332,0.806,GO_GOAL
42.76,2.3368,1.5413,0.6909,1.6033,2.4547,2.3593,1.5332,0.8087,GO_GOAL
42.78,2.3392,1.5433,0.6927,1.6033,2.4547,2.3593,1.5332,0.8113,GO_GOAL
42.8,2.3416,1.5452,0.6941,1.6052,2.457,2.3593,1.5332,0.8139,GO_GOAL
42.82,2.3439,1.5472,0.695,1.6071,2.4593,2.3708,1.5427,0.8165,GO_GOAL
42.84,2.3462,1.5491,0.6954,1.6109,2.4639,2.3708,1.5427,0.819,GO_GOAL
42.86,2.3485,1.5511,0.6954,1.6128,2.4662,2.3708,1.5427,0.8215,GO_GOAL
42.88,2.3508,1.553,0.6954,1.6128,2.4662,2.3708,1.5427,0.824,GO_GOAL
42.9,2.3532,1.5549,0.6954,1.6167,2.4709,2.3824,1.5523,0.8266,GO_GOAL
42.92,2.3555,1.5568,0.6954,1.6167,2.4709,2.3824,1.5523,0.8291,GO_GOAL
42.94,2.3578,1.5588,0.6954,1.6186,2.4732,2.3824,1.5523,0.8316,GO_GOAL
42.96,2.3601,1.5607,0.6954,1.6205,2.4755,2.3824,1.5523,0.8341,GO_GOAL
42.98,2.3624,1.5626,0.6954,1.6224,2.4778,2.3824,1.5523,0.8366,GO_GOAL
43.0,2.3647,1.5645,0.6954,1.6243,2.4801,2.3824,1.5523,0.8392,GO_GOAL
43.02,2.367,1.5664,0.6954,1.6262,2.4824,2.3939,1.5619,0.8417,GO_GOAL
43.04,2.3693,1.5684,0.6954,1.6281,2.4847,2.3939,1.5619,0.8421,GO_GOAL
43.06,2.3716,1.5703,0.6954,1.6319,2.4893,2.3939,1.5619,0.8402,GO_GOAL
43.08,2.3739,1.5722,0.6954,1.6319,2.4893,2.3939,1.5619,0.8383,GO_GOAL
43.1,2.3762,1.5741,0.6954,1.6339,2.4917,2.3939,1.5619,0.8364,GO_GOAL
43.12,2.3785,1.5761,0.6954,1.6358,2.494,2.4077,1.5735,0.8344,GO_GOAL
43.14,2.3808,1.578,0.6954,1.6377,2.4963,2.4077,1.5735,0.8325,GO_GOAL
43.16,2.3831,1.5799,0.6954,1.6396,2.4986,2.4077,1.5735,0.8306,GO_GOAL
43.18,2.3854,1.5818,0.6954,1.6415,2.5009,2.4077,1.5735,0.8287,GO_GOAL
43.2,2.3877,1.5837,0.6954,1.6434,2.5032,2.4077,1.5735,0.8268,GO_GOAL
43.22,2.39,1.5857,0.6954,1.6453,2.5055,2.4169,1.5811,0.8248,GO_GOAL
43.24,2.3923,1.5876,0.6954,1.6472,2.5078,2.4169,1.5811,0.8229,GO_GOAL
43.26,2.3946,1.5895,0.6954,1.6491,2.5102,2.4169,1.5811,0.821,GO_GOAL
43.28,2.3969,1.5914,0.6954,1.6511,2.5125,2.4169,1.5811,0.8191,GO_GOAL
43.3,2.3992,1.5934,0.6954,1.653,2.5148,2.4169,1.5811,0.8171,GO_GOAL
43.32,2.4015,1.5953,0.6954,1.6549,2.5171,2.4307,1.5927,0.8152,GO_GOAL
43.34,2.4038,1.5972,0.6954,1.6568,2.5194,2.4307,1.5927,0.8133,GO_GOAL
43.36,2.4061,1.5991,0.6954,1.6606,2.524,2.4307,1.5927,0.8114,GO_GOAL
43.38,2.4084,1.601,0.6954,1.6606,2.524,2.4307,1.5927,0.8095,GO_GOAL
43.4,2.4107,1.603,0.6954,1.6625,2.5263,2.4307,1.5927,0.8075,GO_GOAL
43.42,2.413,1.6049,0.6954,1.6644,2.5287,2.4399,1.6004,0.8056,GO_GOAL
43.44,2.4153,1.6068,0.6954,1.6664,2.531,2.4399,1.6004,0.8037,GO_GOAL
43.46,2.4176,1.6087,0.6954,1.6683,2.5333,2.4399,1.6004,0.8018,GO_GOAL
43.48,2.4199,1.6107,0.6954,1.6721,2.5379,2.4399,1.6004,0.7998,GO_GOAL
43.5,2.4223,1.6126,0.6954,1.6721,2.5379,2.4399,1.6004,0.7979,GO_GOAL
43.52,2.4246,1.6145,0.6954,1.674,2.5402,2.4515,1.61,0.796,GO_GOAL
43.54,2.4269,1.6164,0.6954,1.6759,2.5425,2.4515,1.61,0.7941,GO_GOAL
43.56,2.4292,1.6183,0.6954,1.6778,2.5448,2.4515,1.61,0.7922,GO_GOAL
43.58,2.4315,1.6203,0.6954,1.6797,2.5472,2.4515,1.61,0.7902,GO_GOAL
43.6,2.4338,1.6222,0.6954,1.6836,2.5518,2.4515,1.61,0.7883,GO_GOAL
43.62,2.4361,1.6241,0.6954,1.6836,2.5518,2.463,1.6196,0.7864,GO_GOAL
43.64,2.4384,1.626,0.6954,1.6874,2.5564,2.463,1.6196,0.7845,GO_GOAL
43.66,2.4407,1.628,0.6954,1.6874,2.5564,2.463,1.6196,0.7825,GO_GOAL
43.68,2.443,1.6299,0.6954,1.6893,2.5587,2.463,1.6196,0.7806,GO_GOAL
43.7,2.4453,1.6318,0.6954,1.6912,2.561,2.463,1.6196,0.7787,GO_GOAL
43.72,2.4476,1.6337,0.6954,1.695,2.5656,2.4768,1.6311,0.7768,GO_GOAL
43.74,2.4499,1.6356,0.6954,1.695,2.5656,2.4768,1.6311,0.7749,GO_GOAL
43.76,2.4522,1.6376,0.6954,1.6969,2.568,2.4768,1.6311,0.7729,GO_GOAL
43.78,2.4545,1.6395,0.6954,1.7008,2.5726,2.4768,1.6311,0.771,GO_GOAL
43.8,2.4568,1.6414,0.6954,1.7008,2.5726,2.4768,1.6311,0.7691,GO_GOAL
43.82,2.4591,1.6433,0.6954,1.7027,2.5749,2.486,1.6388,0.7672,GO_GOAL
43.84,2.4614,1.6453,0.6954,1.7046,2.5772,2.486,1.6388,0.7652,GO_GOAL
43.86,2.4637,1.6472,0.6954,1.7065,2.5795,2.486,1.6388,0.7633,GO_GOAL
43.88,2.466,1.6491,0.6954,1.7103,2.5841,2.486,1.6388,0.7614,GO_GOAL
43.9,2.4683,1.651,0.6954,1.7103,2.5841,2.486,1.6388,0.7595,GO_GOAL
43.92,2.4706,1.6529,0.6954,1.7122,2.5865,2.4975,1.6484,0.7576,GO_GOAL
43.94,2.4729,1.6549,0.6954,1.7141,2.5888,2.4975,1.6484,0.7556,GO_GOAL
43.96,2.4752,1.6568,0.6954,1.7161,2.5911,2.4975,1.6484,0.7537,GO_GOAL
43.98,2.4775,1.6587,0.6954,1.718,2.5934,2.4975,1.6484,0.7518,GO_GOAL
44.0,2.4798,1.6606,0.6954,1.7199,2.5957,2.4975,1.6484,0.7499,GO_GOAL
44.02,2.4821,1.6626,0.6954,1.7218,2.598,2.509,1.658,0.748,GO_GOAL
44.04,2.4844,1.6645,0.6954,1.7237,2.6003,2.509,1.658,0.746,GO_GOAL
44.06,2.4867,1.6664,0.6954,1.7256,2.6026,2.509,1.658,0.7441,GO_GOAL
44.08,2.489,1.6683,0.6954,1.7275,2.605,2.509,1.658,0.7422,GO_GOAL
44.1,2.4914,1.6702,0.6954,1.7294,2.6073,2.5206,1.6676,0.7403,GO_GOAL
44.12,2.4937,1.6722,0.6954,1.7313,2.6096,2.5206,1.6676,0.7383,GO_GOAL
44.14,2.496,1.6741,0.6954,1.7333,2.6119,2.5206,1.6676,0.7364,GO_GOAL
44.16,2.4983,1.676,0.6954,1.7352,2.6142,2.5206,1.6676,0.7345,GO_GOAL
44.18,2.5006,1.6779,0.6954,1.7371,2.6165,2.5206,1.6676,0.7326,GO_GOAL
44.2,2.5029,1.6799,0.6954,1.7409,2.6211,2.5206,1.6676,0.7307,GO_GOAL
44.22,2.5052,1.6818,0.6954,1.7409,2.6211,2.5321,1.6772,0.7287,GO_GOAL
44.24,2.5075,1.6837,0.6954,1.7428,2.6235,2.5321,1.6772,0.7268,GO_GOAL
44.26,2.5098,1.6856,0.6954,1.7447,2.6258,2.5321,1.6772,0.7249,GO_GOAL
44.28,2.5121,1.6875,0.6954,1.7466,2.6281,2.5321,1.6772,0.723,GO_GOAL
44.298,2.5144,1.6895,0.6954,1.7486,2.6304,2.5321,1.6772,0.721,GO_GOAL
44.32,2.5167,1.6914,0.6954,1.7505,2.6327,2.5436,1.6869,0.7191,GO_GOAL
44.34,2.519,1.6933,0.6954,1.7524,2.635,2.5436,1.6869,0.7172,GO_GOAL
44.36,2.5213,1.6952,0.6954,1.7543,2.6373,2.5436,1.6869,0.7153,GO_GOAL
44.38,2.5236,1.6972,0.6954,1.7562,2.6396,2.5436,1.6869,0.7134,GO_GOAL
44.4,2.5259,1.6991,0.6954,1.7581,2.6419,2.5436,1.6869,0.7114,GO_GOAL
44.42,2.5282,1.701,0.6954,1.76,2.6443,2.5551,1.6965,0.7095,GO_GOAL
44.44,2.5305,1.7029,0.6954,1.7619,2.6466,2.5551,1.6965,0.7076,GO_GOAL
44.46,2.5328,1.7048,0.6954,1.7638,2.6489,2.5551,1.6965,0.7057,GO_GOAL
44.48,2.5351,1.7068,0.6954,1.7658,2.6512,2.5551,1.6965,0.7037,GO_GOAL
44.5,2.5374,1.7087,0.6954,1.7677,2.6535,2.5551,1.6965,0.7018,GO_GOAL
44.52,2.5397,1.7106,0.6954,1.7696,2.6558,2.5689,1.708,0.6999,GO_GOAL
44.54,2.542,1.7125,0.6954,1.7715,2.6581,2.5689,1.708,0.698,GO_GOAL
44.56,2.5443,1.7144,0.6954,1.7734,2.6604,2.5689,1.708,0.6961,GO_GOAL
44.58,2.5466,1.7164,0.6954,1.7753,2.6628,2.5689,1.708,0.6941,GO_GOAL
44.6,2.5489,1.7183,0.6954,1.7772,2.6651,2.5689,1.708,0.6922,GO_GOAL
44.62,2.5512,1.7202,0.6954,1.7791,2.6674,2.5781,1.7157,0.6903,GO_GOAL
44.64,2.5535,1.7221,0.6954,1.781,2.6697,2.5781,1.7157,0.6884,GO_GOAL
44.66,2.5558,1.7241,0.6954,1.783,2.672,2.5781,1.7157,0.6864,GO_GOAL
44.68,2.5581,1.726,0.6954,1.7849,2.6743,2.5781,1.7157,0.6845,GO_GOAL
44.7,2.5605,1.7279,0.6954,1.7868,2.6766,2.5781,1.7157,0.6826,GO_GOAL
44.718,2.5628,1.7298,0.6954,1.7887,2.6789,2.5897,1.7253,0.6807,GO_GOAL
44.74,2.5651,1.7317,0.6954,1.7925,2.6836,2.5897,1.7253,0.6788,GO_GOAL
44.76,2.5674,1.7337,0.6954,1.7925,2.6836,2.5897,1.7253,0.6768,GO_GOAL
44.78,2.5697,1.7356,0.6954,1.7944,2.6859,2.5897,1.7253,0.6749,GO_GOAL
44.8,2.572,1.7375,0.6954,1.7963,2.6882,2.6012,1.7349,0.673,GO_GOAL
44.82,2.5743,1.7394,0.6954,1.7983,2.6905,2.6012,1.7349,0.6711,GO_GOAL
44.84,2.5766,1.7414,0.6954,1.8002,2.6928,2.6012,1.7349,0.6691,GO_GOAL
44.86,2.5789,1.7433,0.6954,1.8021,2.6951,2.6012,1.7349,0.6672,GO_GOAL
44.88,2.5812,1.7452,0.6954,1.804,2.6974,2.6012,1.7349,0.6653,GO_GOAL
44.9,2.5835,1.7471,0.6954,1.8059,2.6998,2.6012,1.7349,0.6634,GO_GOAL
44.92,2.5858,1.749,0.6954,1.8097,2.7044,2.615,1.7464,0.6615,GO_GOAL
44.94,2.5881,1.751,0.6954,1.8097,2.7044,2.615,1.7464,0.6595,GO_GOAL
44.96,2.5904,1.7529,0.6954,1.8116,2.7067,2.615,1.7464,0.6576,GO_GOAL
44.98,2.5927,1.7548,0.6954,1.8135,2.709,2.615,1.7464,0.6557,GO_GOAL
45.0,2.595,1.7567,0.6954,1.8155,2.7113,2.615,1.7464,0.6538,GO_GOAL
45.02,2.5973,1.7587,0.6954,1.8174,2.7136,2.6242,1.7541,0.6518,GO_GOAL
45.04,2.5996,1.7606,0.6954,1.8193,2.7159,2.6242,1.7541,0.6499,GO_GOAL
45.06,2.6019,1.7625,0.6954,1.8212,2.7182,2.6242,1.7541,0.648,GO_GOAL
45.08,2.6042,1.7644,0.6954,1.8231,2.7206,2.6242,1.7541,0.6461,GO_GOAL
45.1,2.6065,1.7663,0.6954,1.825,2.7229,2.6242,1.7541,0.6442,GO_GOAL
45.12,2.6088,1.7683,0.6954,1.8269,2.7252,2.6357,1.7637,0.6422,GO_GOAL
45.14,2.6111,1.7702,0.6954,1.8288,2.7275,2.6357,1.7637,0.6403,GO_GOAL
45.16,2.6134,1.7721,0.6954,1.8307,2.7298,2.6357,1.7637,0.6384,GO_GOAL
45.18,2.6157,1.774,0.6954,1.8327,2.7321,2.6357,1.7637,0.6365,GO_GOAL
45.2,2.618,1.776,0.6954,1.8346,2.7344,2.6472,1.7733,0.6345,GO_GOAL
45.22,2.6203,1.7779,0.6954,1.8365,2.7367,2.6472,1.7733,0.6326,GO_GOAL
45.24,2.6226,1.7798,0.6954,1.8384,2.7391,2.6472,1.7733,0.6307,GO_GOAL
45.26,2.6249,1.7817,0.6954,1.8403,2.7414,2.6472,1.7733,0.6288,GO_GOAL
45.28,2.6272,1.7836,0.6954,1.8422,2.7437,2.6472,1.7733,0.6269,GO_GOAL
45.3,2.6296,1.7856,0.6954,1.8441,2.746,2.6472,1.7733,0.6249,GO_GOAL
45.32,2.6319,1.7875,0.6954,1.846,2.7483,2.6588,1.783,0.623,GO_GOAL
45.34,2.6342,1.7894,0.6954,1.848,2.7506,2.6588,1.783,0.6211,GO_GOAL
45.36,2.6365,1.7913,0.6954,1.8499,2.7529,2.6588,1.783,0.6192,GO_GOAL
45.38,2.6388,1.7933,0.6954,1.8518,2.7552,2.6588,1.783,0.6172,GO_GOAL
45.4,2.6411,1.7952,0.6954,1.8537,2.7576,2.6588,1.783,0.6153,GO_GOAL
45.42,2.6434,1.7971,0.6954,1.8556,2.7599,2.6703,1.7926,0.6134,GO_GOAL
45.44,2.6457,1.799,0.6954,1.8575,2.7622,2.6703,1.7926,0.6115,GO_GOAL
45.46,2.648,1.8009,0.6954,1.8594,2.7645,2.6703,1.7926,0.6096,GO_GOAL
45.48,2.6503,1.8029,0.6954,1.8613,2.7668,2.6703,1.7926,0.6076,GO_GOAL
45.5,2.6526,1.8048,0.6954,1.8632,2.7691,2.6703,1.7926,0.6057,GO_GOAL
45.52,2.6549,1.8067,0.6954,1.8652,2.7714,2.6818,1.8022,0.6038,GO_GOAL
45.54,2.6572,1.8086,0.6954,1.8671,2.7737,2.6818,1.8022,0.6019,GO_GOAL
45.56,2.6595,1.8106,0.6954,1.869,2.7761,2.6818,1.8022,0.5999,GO_GOAL
45.58,2.6618,1.8125,0.6954,1.8709,2.7784,2.6818,1.8022,0.598,GO_GOAL
45.6,2.6641,1.8144,0.6954,1.8747,2.783,2.6818,1.8022,0.5961,GO_GOAL
45.62,2.6664,1.8163,0.6954,1.8747,2.783,2.6933,1.8118,0.5942,GO_GOAL
45.64,2.6687,1.8182,0.6954,1.8766,2.7853,2.6933,1.8118,0.5923,GO_GOAL
45.66,2.671,1.8202,0.6954,1.8785,2.7876,2.6933,1.8118,0.5903,GO_GOAL
45.68,2.6733,1.8221,0.6954,1.8805,2.7899,2.6933,1.8118,0.5884,GO_GOAL
45.7,2.6756,1.824,0.6954,1.8824,2.7922,2.6933,1.8118,0.5865,GO_GOAL
45.72,2.6779,1.8259,0.6954,1.8843,2.7945,2.7048,1.8214,0.5846,GO_GOAL
45.74,2.6802,1.8279,0.6954,1.8862,2.7969,2.7048,1.8214,0.5826,GO_GOAL
45.76,2.6825,1.8298,0.6954,1.8881,2.7992,2.7048,1.8214,0.5807,GO_GOAL
45.78,2.6848,1.8317,0.6954,1.89,2.8015,2.7048,1.8214,0.5788,GO_GOAL
45.8,2.6871,1.8336,0.6954,1.8919,2.8038,2.7048,1.8214,0.5769,GO_GOAL
45.82,2.6894,1.8355,0.6954,1.8938,2.8061,2.7163,1.831,0.575,GO_GOAL
45.84,2.6917,1.8375,0.6954,1.8957,2.8084,2.7163,1.831,0.573,GO_GOAL
45.86,2.694,1.8394,0.6954,1.8977,2.8107,2.7163,1.831,0.5711,GO_GOAL
45.88,2.6963,1.8413,0.6954,1.8996,2.813,2.7163,1.831,0.5692,GO_GOAL
45.9,2.6987,1.8432,0.6954,1.9015,2.8154,2.7163,1.831,0.5673,GO_GOAL
45.92,2.701,1.8452,0.6954,1.9034,2.8177,2.7279,1.8406,0.5653,GO_GOAL
45.94,2.7033,1.8471,0.6954,1.9053,2.82,2.7279,1.8406,0.5634,GO_GOAL
45.96,2.7056,1.849,0.6954,1.9072,2.8223,2.7279,1.8406,0.5615,GO_GOAL
45.98,2.7079,1.8509,0.6954,1.9091,2.8246,2.7279,1.8406,0.5596,GO_GOAL
46.0,2.7102,1.8528,0.6954,1.911,2.8269,2.7279,1.8406,0.5577,GO_GOAL
46.02,2.7125,1.8548,0.6954,1.9129,2.8292,2.7394,1.8502,0.5557,GO_GOAL
46.04,2.7148,1.8567,0.6954,1.9149,2.8315,2.7394,1.8502,0.5538,GO_GOAL
46.06,2.7171,1.8586,0.6954,1.9168,2.8339,2.7394,1.8502,0.5519,GO_GOAL
46.08,2.7194,1.8605,0.6954,1.9187,2.8362,2.7394,1.8502,0.55,GO_GOAL
46.1,2.7217,1.8625,0.6954,1.9206,2.8385,2.7394,1.8502,0.548,GO_GOAL
46.12,2.724,1.8644,0.6954,1.9244,2.8431,2.7509,1.8598,0.5461,GO_GOAL
46.14,2.7263,1.8663,0.6954,1.9244,2.8431,2.7509,1.8598,0.5442,GO_GOAL
46.16,2.7286,1.8682,0.6954,1.9263,2.8454,2.7509,1.8598,0.5423,GO_GOAL
46.18,2.7309,1.8701,0.6954,1.9282,2.8477,2.7509,1.8598,0.5404,GO_GOAL
46.2,2.7332,1.8721,0.6954,1.9302,2.85,2.7509,1.8598,0.5384,GO_GOAL
46.22,2.7344,1.873,0.6954,1.9321,2.8524,2.7509,1.8598,0.5375,GO_GOAL
46.24,2.7351,1.8736,0.6954,1.9328,2.8533,2.7509,1.8598,0.5369,GO_GOAL
46.26,2.736,1.8743,0.6954,1.9335,2.854,2.7624,1.8694,0.5362,REACHED
46.28,2.7367,1.875,0.6954,1.9347,2.8556,2.7624,1.8694,0.5355,REACHED
46.3,2.7375,1.8756,0.6954,1.9347,2.8556,2.7624,1.8694,0.5349,REACHED
