t,x,y,yaw,odom_x,odom_y,est_x,est_y,clearance,state
0.02,-2.8851,-2.0761,-0.2727,-2.882,-2.077,-2.882,-2.077,0.3225,GO_GOAL
0.04,-2.8854,-2.076,-0.2719,-2.882,-2.077,-2.882,-2.077,0.3226,GO_GOAL
0.06,-2.8856,-2.076,-0.2706,-2.882,-2.077,-2.882,-2.077,0.3226,GO_GOAL
0.08,-2.8858,-2.0759,-0.2688,-2.882,-2.077,-2.882,-2.077,0.3226,GO_GOAL
0.1,-2.886,-2.0758,-0.267,-2.882,-2.077,-2.882,-2.077,0.3226,GO_GOAL
0.12,-2.8862,-2.0758,-0.2652,-2.882,-2.077,-2.882,-2.077,0.3226,GO_GOAL
0.14,-2.8864,-2.0757,-0.2634,-2.882,-2.077,-2.882,-2.077,0.3226,GO_GOAL
0.16,-2.8866,-2.0756,-0.2615,-2.882,-2.077,-2.882,-2.077,0.3227,GO_GOAL
0.18,-2.8868,-2.0755,-0.2597,-2.882,-2.077,-2.882,-2.077,0.3227,GO_GOAL
0.2,-2.8871,-2.0755,-0.2579,-2.882,-2.077,-2.882,-2.077,0.3227,GO_GOAL
0.22,-2.8873,-2.0754,-0.2561,-2.882,-2.077,-2.882,-2.077,0.3227,GO_GOAL
0.24,-2.8878,-2.0752,-0.2539,-2.882,-2.077,-2.882,-2.077,0.3229,GO_GOAL
0.26,-2.8885,-2.075,-0.2513,-2.882,-2.077,-2.882,-2.077,0.323,GO_GOAL
0.28,-2.8892,-2.0748,-0.2481,-2.882,-2.077,-2.882,-2.077,0.323,GO_GOAL
0.3,-2.8898,-2.0746,-0.2444,-2.882,-2.077,-2.882,-2.077,0.3231,GO_GOAL
0.32,-2.8905,-2.0745,-0.2401,-2.882,-2.077,-2.882,-2.077,0.3231,GO_GOAL
0.34,-2.8911,-2.0743,-0.2354,-2.882,-2.077,-2.882,-2.077,0.3231,GO_GOAL
0.36,-2.8916,-2.0742,-0.2301,-2.882,-2.077,-2.882,-2.077,0.3231,GO_GOAL
0.38,-2.8922,-2.0741,-0.2243,-2.882,-2.077,-2.882,-2.077,0.323,GO_GOAL
0.4,-2.8926,-2.074,-0.2179,-2.882,-2.077,-2.882,-2.077,0.3229,GO_GOAL
0.42,-2.8931,-2.0739,-0.2111,-2.882,-2.077,-2.882,-2.077,0.3228,GO_GOAL
0.44,-2.8935,-2.0738,-0.2037,-2.882,-2.077,-2.882,-2.077,0.3227,GO_GOAL
0.46,-2.8939,-2.0737,-0.1959,-2.882,-2.077,-2.882,-2.077,0.3225,GO_GOAL
0.48,-2.8943,-2.0736,-0.1875,-2.882,-2.077,-2.882,-2.077,0.3223,GO_GOAL
0.502,-2.8946,-2.0736,-0.1786,-2.882,-2.077,-2.882,-2.077,0.3221,GO_GOAL
0.52,-2.8949,-2.0735,-0.1692,-2.882,-2.077,-2.882,-2.077,0.3219,GO_GOAL
0.54,-2.8952,-2.0735,-0.1594,-2.882,-2.077,-2.882,-2.077,0.3216,GO_GOAL
0.56,-2.8954,-2.0734,-0.149,-2.882,-2.077,-2.882,-2.077,0.3213,GO_GOAL
0.58,-2.8956,-2.0734,-0.1382,-2.882,-2.077,-2.882,-2.077,0.321,GO_GOAL
0.6,-2.8957,-2.0734,-0.1269,-2.882,-2.077,-2.882,-2.077,0.3207,GO_GOAL
0.62,-2.8959,-2.0734,-0.1151,-2.882,-2.077,-2.882,-2.077,0.3203,GO_GOAL
0.64,-2.8958,-2.0734,-0.1029,-2.8819,-2.077,-2.882,-2.077,0.3199,GO_GOAL
0.66,-2.8952,-2.0734,-0.0902,-2.8813,-2.077,-2.882,-2.077,0.3195,GO_GOAL
0.68,-2.8946,-2.0735,-0.0771,-2.8804,-2.0769,-2.882,-2.077,0.319,GO_GOAL
0.7,-2.8939,-2.0735,-0.0636,-2.8784,-2.0767,-2.8794,-2.0772,0.3185,GO_GOAL
0.72,-2.8933,-2.0736,-0.0496,-2.8784,-2.0767,-2.8794,-2.0772,0.318,GO_GOAL
0.74,-2.8923,-2.0736,-0.0353,-2.8757,-2.0764,-2.8794,-2.0772,0.3175,GO_GOAL
0.76,-2.8912,-2.0736,-0.0206,-2.8757,-2.0764,-2.8794,-2.0772,0.3171,GO_GOAL
0.78,-2.8902,-2.0735,-0.0058,-2.8722,-2.0758,-2.8794,-2.0772,0.3167,GO_GOAL
0.8,-2.8891,-2.0734,0.0089,-2.8722,-2.0758,-2.8794,-2.0772,0.3163,GO_GOAL
0.82,-2.8881,-2.0733,0.0237,-2.8704,-2.0755,-2.8721,-2.0775,0.316,GO_GOAL
0.84,-2.8871,-2.0732,0.0384,-2.8685,-2.075,-2.8721,-2.0775,0.3156,GO_GOAL
0.86,-2.8862,-2.0731,0.0531,-2.8647,-2.0741,-2.8721,-2.0775,0.3152,GO_GOAL
0.88,-2.8852,-2.073,0.0679,-2.8647,-2.0741,-2.8721,-2.0775,0.3149,GO_GOAL
0.9,-2.8842,-2.0729,0.0826,-2.8609,-2.0729,-2.8625,-2.0771,0.3145,GO_GOAL
0.918,-2.8824,-2.0727,0.0975,-2.8609,-2.0729,-2.8625,-2.0771,0.3142,GO_GOAL
0.94,-2.8806,-2.0725,0.1127,-2.8589,-2.0722,-2.8625,-2.0771,0.3139,GO_GOAL
0.96,-2.8788,-2.0723,0.1283,-2.8569,-2.0714,-2.8625,-2.0771,0.3136,GO_GOAL
0.98,-2.8773,-2.0721,0.1444,-2.8548,-2.0706,-2.8625,-2.0771,0.3133,GO_GOAL
1.0,-2.8757,-2.0718,0.1611,-2.8508,-2.0689,-2.8625,-2.0771,0.3131,GO_GOAL
1.02,-2.8737,-2.0715,0.1782,-2.8508,-2.0689,-2.8519,-2.0759,0.3129,GO_GOAL
1.04,-2.8716,-2.0711,0.1958,-2.8488,-2.0679,-2.8519,-2.0759,0.3127,GO_GOAL
1.06,-2.8695,-2.0706,0.214,-2.8445,-2.0657,-2.8519,-2.0759,0.3126,GO_GOAL
1.08,-2.8674,-2.0701,0.2326,-2.8445,-2.0657,-2.8519,-2.0759,0.3125,GO_GOAL
1.1,-2.8652,-2.0696,0.2516,-2.8424,-2.0646,-2.8519,-2.0759,0.3124,GO_GOAL
1.12,-2.8629,-2.069,0.2703,-2.8404,-2.0634,-2.8405,-2.0737,0.3125,GO_GOAL
1.14,-2.8604,-2.0682,0.2884,-2.8382,-2.0621,-2.8405,-2.0737,0.3127,GO_GOAL
1.16,-2.8579,-2.0675,0.306,-2.836,-2.0607,-2.8405,-2.0737,0.3129,GO_GOAL
1.18,-2.8555,-2.0667,0.3231,-2.8339,-2.0594,-2.8405,-2.0737,0.3131,GO_GOAL
1.2,-2.8531,-2.0659,0.3396,-2.8317,-2.0579,-2.8405,-2.0737,0.3135,GO_GOAL
1.22,-2.8506,-2.0649,0.3556,-2.8296,-2.0565,-2.8284,-2.0701,0.3139,GO_GOAL
1.24,-2.8479,-2.0639,0.371,-2.8274,-2.0549,-2.8284,-2.0701,0.3145,GO_GOAL
1.26,-2.8452,-2.0628,0.3858,-2.823,-2.0517,-2.8284,-2.0701,0.3151,GO_GOAL
1.28,-2.8427,-2.0618,0.4001,-2.823,-2.0517,-2.8284,-2.0701,0.3158,GO_GOAL
1.3,-2.8401,-2.0607,0.4139,-2.8208,-2.05,-2.8284,-2.0701,0.3165,GO_GOAL
1.32,-2.8377,-2.0596,0.4271,-2.8186,-2.0484,-2.8158,-2.0652,0.3172,GO_GOAL
1.34,-2.8349,-2.0583,0.4397,-2.8164,-2.0466,-2.8158,-2.0652,0.3181,GO_GOAL
1.36,-2.8322,-2.057,0.4518,-2.8142,-2.0448,-2.8158,-2.0652,0.319,GO_GOAL
1.38,-2.8296,-2.0557,0.4633,-2.812,-2.043,-2.8158,-2.0652,0.32,GO_GOAL
1.4,-2.827,-2.0544,0.4743,-2.8098,-2.0411,-2.8158,-2.0652,0.321,GO_GOAL
1.42,-2.8244,-2.0531,0.4848,-2.8076,-2.0393,-2.803,-2.0592,0.322,GO_GOAL
1.44,-2.822,-2.0519,0.4954,-2.8054,-2.0374,-2.803,-2.0592,0.3229,GO_GOAL
1.46,-2.8196,-2.0506,0.5059,-2.8032,-2.0354,-2.803,-2.0592,0.3239,GO_GOAL
1.48,-2.8171,-2.0494,0.5164,-2.801,-2.0335,-2.803,-2.0592,0.3248,GO_GOAL
1.5,-2.8147,-2.0482,0.527,-2.7988,-2.0315,-2.803,-2.0592,0.3257,GO_GOAL
1.52,-2.8123,-2.047,0.5375,-2.7945,-2.0276,-2.7902,-2.0523,0.3266,GO_GOAL
1.54,-2.8099,-2.0458,0.548,-2.7945,-2.0276,-2.7902,-2.0523,0.3275,GO_GOAL
1.56,-2.8072,-2.0442,0.5585,-2.7923,-2.0255,-2.7902,-2.0523,0.3288,GO_GOAL
1.58,-2.8049,-2.0428,0.5688,-2.7901,-2.0235,-2.7902,-2.0523,0.33,GO_GOAL
1.6,-2.8021,-2.0409,0.5785,-2.788,-2.0215,-2.7902,-2.0523,0.3316,GO_GOAL
1.62,-2.7993,-2.039,0.5876,-2.7858,-2.0194,-2.7775,-2.0446,0.3332,GO_GOAL
1.64,-2.7964,-2.0371,0.5962,-2.7837,-2.0173,-2.7775,-2.0446,0.3349,GO_GOAL
1.66,-2.7936,-2.0352,0.6041,-2.7815,-2.0153,-2.7775,-2.0446,0.3366,GO_GOAL
1.68,-2.7909,-2.0333,0.6114,-2.7794,-2.0132,-2.7775,-2.0446,0.3383,GO_GOAL
1.7,-2.7882,-2.0314,0.6181,-2.7772,-2.0111,-2.7775,-2.0446,0.3401,GO_GOAL
1.72,-2.7854,-2.0294,0.6242,-2.7729,-2.0069,-2.7627,-2.0345,0.3419,GO_GOAL
1.74,-2.7826,-2.0274,0.6297,-2.7729,-2.0069,-2.7627,-2.0345,0.3437,GO_GOAL
1.76,-2.78,-2.0254,0.6346,-2.7708,-2.0048,-2.7627,-2.0345,0.3456,GO_GOAL
1.78,-2.7773,-2.0235,0.6389,-2.7665,-2.0006,-2.7627,-2.0345,0.3474,GO_GOAL
1.8,-2.7747,-2.0215,0.6426,-2.7665,-2.0006,-2.7627,-2.0345,0.3493,GO_GOAL
1.82,-2.7721,-2.0196,0.6456,-2.7644,-1.9985,-2.753,-2.0274,0.3512,GO_GOAL
1.84,-2.7695,-2.0176,0.6481,-2.7622,-1.9964,-2.753,-2.0274,0.3531,GO_GOAL
1.86,-2.767,-2.0157,0.65,-2.7601,-1.9943,-2.753,-2.0274,0.3549,GO_GOAL
1.88,-2.7644,-2.0138,0.6513,-2.7579,-1.9923,-2.753,-2.0274,0.3568,GO_GOAL
1.9,-2.762,-2.0119,0.652,-2.7558,-1.9902,-2.753,-2.0274,0.3587,GO_GOAL
1.92,-2.7595,-2.01,0.6521,-2.7536,-1.9881,-2.7411,-2.0184,0.3606,GO_GOAL
1.94,-2.7571,-2.0082,0.6515,-2.7515,-1.986,-2.7411,-2.0184,0.3624,GO_GOAL
1.96,-2.7547,-2.0063,0.6504,-2.7493,-1.9839,-2.7411,-2.0184,0.3643,GO_GOAL
1.98,-2.7523,-2.0045,0.6491,-2.7472,-1.9818,-2.7411,-2.0184,0.3661,GO_GOAL
2.0,-2.7499,-2.0027,0.6479,-2.745,-1.9797,-2.7411,-2.0184,0.368,GO_GOAL
2.02,-2.7475,-2.0009,0.6466,-2.7428,-1.9777,-2.7292,-2.0093,0.3698,GO_GOAL
2.04,-2.7451,-1.9993,0.6454,-2.7385,-1.9735,-2.7292,-2.0093,0.3715,GO_GOAL
2.06,-2.7426,-1.9976,0.6442,-2.7385,-1.9735,-2.7292,-2.0093,0.3731,GO_GOAL
2.08,-2.7402,-1.996,0.643,-2.7363,-1.9715,-2.7292,-2.0093,0.3748,GO_GOAL
2.1,-2.7378,-1.9944,0.6418,-2.7342,-1.9694,-2.7172,-2.0003,0.3765,GO_GOAL
2.12,-2.7354,-1.9928,0.6406,-2.732,-1.9673,-2.7172,-2.0003,0.3781,GO_GOAL
2.14,-2.733,-1.9911,0.6394,-2.7276,-1.9632,-2.7172,-2.0003,0.3798,GO_GOAL
2.16,-2.7306,-1.9894,0.6383,-2.7276,-1.9632,-2.7172,-2.0003,0.3815,GO_GOAL
2.18,-2.7281,-1.9876,0.6373,-2.7254,-1.9612,-2.7172,-2.0003,0.3833,GO_GOAL
2.2,-2.7257,-1.9858,0.6364,-2.7233,-1.9591,-2.7172,-2.0003,0.3851,GO_GOAL
2.22,-2.7233,-1.9841,0.6356,-2.7189,-1.955,-2.7052,-1.9913,0.387,GO_GOAL
2.24,-2.7209,-1.9823,0.6348,-2.7167,-1.953,-2.7052,-1.9913,0.3888,GO_GOAL
2.26,-2.7184,-1.9805,0.6341,-2.7167,-1.953,-2.7052,-1.9913,0.3906,GO_GOAL
2.28,-2.716,-1.9787,0.6333,-2.7145,-1.9509,-2.7052,-1.9913,0.3924,GO_GOAL
2.3,-2.7136,-1.9769,0.6326,-2.7123,-1.9489,-2.7052,-1.9913,0.3942,GO_GOAL
2.32,-2.7112,-1.9751,0.632,-2.7101,-1.9468,-2.6931,-1.9825,0.396,GO_GOAL
2.34,-2.7087,-1.9734,0.6314,-2.7079,-1.9448,-2.6931,-1.9825,0.3977,GO_GOAL
2.36,-2.7063,-1.9716,0.6308,-2.7057,-1.9427,-2.6931,-1.9825,0.3995,GO_GOAL
2.38,-2.7039,-1.9698,0.6302,-2.7035,-1.9407,-2.6931,-1.9825,0.4013,GO_GOAL
2.4,-2.7014,-1.968,0.6296,-2.7013,-1.9387,-2.6931,-1.9825,0.4031,GO_GOAL
2.42,-2.699,-1.9663,0.6292,-2.6991,-1.9366,-2.681,-1.9736,0.4049,GO_GOAL
2.44,-2.6966,-1.9645,0.6287,-2.6969,-1.9346,-2.681,-1.9736,0.4067,GO_GOAL
2.46,-2.6942,-1.9628,0.6282,-2.6947,-1.9325,-2.681,-1.9736,0.4084,GO_GOAL
2.48,-2.6917,-1.961,0.6278,-2.6925,-1.9305,-2.681,-1.9736,0.4102,GO_GOAL
2.5,-2.6893,-1.9592,0.6273,-2.6903,-1.9285,-2.681,-1.9736,0.412,GO_GOAL
2.52,-2.6869,-1.9575,0.6269,-2.6881,-1.9264,-2.6689,-1.9648,0.4138,GO_GOAL
2.54,-2.6845,-1.9557,0.6266,-2.6859,-1.9244,-2.6689,-1.9648,0.4155,GO_GOAL
2.56,-2.682,-1.954,0.6262,-2.6837,-1.9224,-2.6689,-1.9648,0.4173,GO_GOAL
2.58,-2.6796,-1.9522,0.6258,-2.6793,-1.9183,-2.6689,-1.9648,0.419,GO_GOAL
2.6,-2.6772,-1.9505,0.6255,-2.6793,-1.9183,-2.6689,-1.9648,0.4208,GO_GOAL
2.62,-2.6748,-1.9487,0.6252,-2.677,-1.9163,-2.6567,-1.956,0.4226,GO_GOAL
2.64,-2.6724,-1.947,0.6249,-2.6748,-1.9143,-2.6567,-1.956,0.4243,GO_GOAL
2.66,-2.67,-1.9453,0.6246,-2.6726,-1.9122,-2.6567,-1.956,0.426,GO_GOAL
2.68,-2.6676,-1.9435,0.6243,-2.6704,-1.9102,-2.6567,-1.956,0.4278,GO_GOAL
2.7,-2.6652,-1.9418,0.624,-2.6682,-1.9082,-2.6567,-1.956,0.4295,GO_GOAL
2.72,-2.6628,-1.9401,0.6237,-2.6638,-1.9041,-2.6445,-1.9472,0.4312,GO_GOAL
2.74,-2.6604,-1.9384,0.6234,-2.6638,-1.9041,-2.6445,-1.9472,0.433,GO_GOAL
2.76,-2.658,-1.9366,0.6232,-2.6616,-1.9021,-2.6445,-1.9472,0.4347,GO_GOAL
2.78,-2.6555,-1.9348,0.6229,-2.6593,-1.9001,-2.6445,-1.9472,0.4365,GO_GOAL
2.8,-2.6531,-1.9331,0.6227,-2.6571,-1.8981,-2.6445,-1.9472,0.4382,GO_GOAL
2.82,-2.6506,-1.9313,0.6225,-2.6527,-1.894,-2.6324,-1.9385,0.44,GO_GOAL
2.84,-2.6482,-1.9296,0.6224,-2.6527,-1.894,-2.6324,-1.9385,0.4418,GO_GOAL
2.86,-2.6457,-1.9278,0.6222,-2.6505,-1.892,-2.6324,-1.9385,0.4435,GO_GOAL
2.88,-2.6433,-1.9261,0.622,-2.6483,-1.89,-2.6324,-1.9385,0.4453,GO_GOAL
2.9,-2.6409,-1.9243,0.6218,-2.646,-1.888,-2.6324,-1.9385,0.447,GO_GOAL
2.92,-2.6384,-1.9226,0.6217,-2.6438,-1.8859,-2.6202,-1.9297,0.4488,GO_GOAL
2.94,-2.636,-1.9208,0.6216,-2.6416,-1.8839,-2.6202,-1.9297,0.4505,GO_GOAL
2.96,-2.6335,-1.9191,0.6214,-2.6394,-1.8819,-2.6202,-1.9297,0.4523,GO_GOAL
2.98,-2.6311,-1.9173,0.6213,-2.6372,-1.8799,-2.6202,-1.9297,0.454,GO_GOAL
3.0,-2.6287,-1.9156,0.6212,-2.6327,-1.8758,-2.6202,-1.9297,0.4558,GO_GOAL
3.02,-2.6262,-1.9138,0.6211,-2.6327,-1.8758,-2.608,-1.921,0.4575,GO_GOAL
3.04,-2.6238,-1.9121,0.6209,-2.6305,-1.8738,-2.608,-1.921,0.4593,GO_GOAL
3.06,-2.6213,-1.9104,0.6208,-2.6283,-1.8718,-2.608,-1.921,0.461,GO_GOAL
3.08,-2.6189,-1.9086,0.6207,-2.6261,-1.8698,-2.608,-1.921,0.4628,GO_GOAL
3.1,-2.6165,-1.9069,0.6206,-2.6239,-1.8678,-2.608,-1.921,0.4645,GO_GOAL
3.12,-2.614,-1.9051,0.6205,-2.6194,-1.8637,-2.5958,-1.9123,0.4663,GO_GOAL
3.14,-2.6116,-1.9034,0.6205,-2.6194,-1.8637,-2.5958,-1.9123,0.468,GO_GOAL
3.16,-2.6092,-1.9017,0.6204,-2.6172,-1.8617,-2.5958,-1.9123,0.4697,GO_GOAL
3.18,-2.6067,-1.8999,0.6203,-2.615,-1.8597,-2.5958,-1.9123,0.4715,GO_GOAL
3.2,-2.6043,-1.8982,0.6202,-2.6128,-1.8577,-2.5958,-1.9123,0.4732,GO_GOAL
3.22,-2.6019,-1.8965,0.6201,-2.6105,-1.8557,-2.5836,-1.9035,0.4749,GO_GOAL
3.24,-2.5995,-1.8947,0.62,-2.6061,-1.8516,-2.5836,-1.9035,0.4767,GO_GOAL
3.26,-2.5971,-1.893,0.6199,-2.6061,-1.8516,-2.5836,-1.9035,0.4784,GO_GOAL
3.28,-2.5947,-1.8913,0.6199,-2.6039,-1.8496,-2.5836,-1.9035,0.4801,GO_GOAL
3.3,-2.5923,-1.8896,0.6198,-2.6017,-1.8476,-2.5836,-1.9035,0.4818,GO_GOAL
3.32,-2.5899,-1.8879,0.6197,-2.5994,-1.8456,-2.5689,-1.8931,0.4836,GO_GOAL
3.34,-2.5874,-1.8861,0.6197,-2.5972,-1.8436,-2.5689,-1.8931,0.4853,GO_GOAL
3.36,-2.585,-1.8844,0.6196,-2.5928,-1.8395,-2.5689,-1.8931,0.4871,GO_GOAL
3.38,-2.5825,-1.8826,0.6196,-2.5928,-1.8395,-2.5689,-1.8931,0.4888,GO_GOAL
3.4,-2.5801,-1.8809,0.6195,-2.5905,-1.8375,-2.5689,-1.8931,0.4906,GO_GOAL
3.42,-2.5776,-1.8791,0.6195,-2.5883,-1.8355,-2.5592,-1.8861,0.4923,GO_GOAL
3.44,-2.5752,-1.8774,0.6195,-2.5861,-1.8335,-2.5592,-1.8861,0.494,GO_GOAL
3.46,-2.5727,-1.8756,0.6194,-2.5839,-1.8315,-2.5592,-1.8861,0.4958,GO_GOAL
3.48,-2.5703,-1.8739,0.6194,-2.5817,-1.8295,-2.5592,-1.8861,0.4975,GO_GOAL
3.5,-2.5679,-1.8721,0.6194,-2.5794,-1.8275,-2.5592,-1.8861,0.4993,GO_GOAL
3.52,-2.5654,-1.8704,0.6193,-2.5772,-1.8254,-2.5469,-1.8774,0.501,GO_GOAL
3.54,-2.563,-1.8687,0.6193,-2.575,-1.8234,-2.5469,-1.8774,0.5028,GO_GOAL
3.56,-2.5605,-1.8669,0.6193,-2.5728,-1.8214,-2.5469,-1.8774,0.5045,GO_GOAL
3.58,-2.5581,-1.8652,0.6192,-2.5705,-1.8194,-2.5469,-1.8774,0.5062,GO_GOAL
3.6,-2.5556,-1.8634,0.6192,-2.5683,-1.8174,-2.5469,-1.8774,0.508,GO_GOAL
3.62,-2.5532,-1.8617,0.6192,-2.5661,-1.8154,-2.5347,-1.8687,0.5097,GO_GOAL
3.64,-2.5508,-1.86,0.6191,-2.5639,-1.8133,-2.5347,-1.8687,0.5115,GO_GOAL
3.66,-2.5483,-1.8582,0.6191,-2.5594,-1.8093,-2.5347,-1.8687,0.5132,GO_GOAL
3.68,-2.5459,-1.8565,0.6191,-2.5594,-1.8093,-2.5347,-1.8687,0.5149,GO_GOAL
3.7,-2.5435,-1.8548,0.6191,-2.555,-1.8053,-2.5347,-1.8687,0.5167,GO_GOAL
3.72,-2.541,-1.853,0.6191,-2.555,-1.8053,-2.5225,-1.86,0.5184,GO_GOAL
3.74,-2.5386,-1.8513,0.619,-2.5528,-1.8033,-2.5225,-1.86,0.5201,GO_GOAL
3.76,-2.5362,-1.8496,0.619,-2.5505,-1.8013,-2.5225,-1.86,0.5219,GO_GOAL
3.78,-2.5338,-1.8479,0.619,-2.5483,-1.7992,-2.5225,-1.86,0.5236,GO_GOAL
3.8,-2.5314,-1.8461,0.619,-2.5461,-1.7972,-2.5225,-1.86,0.5253,GO_GOAL
3.82,-2.529,-1.8444,0.619,-2.5439,-1.7952,-2.5103,-1.8513,0.527,GO_GOAL
3.84,-2.5266,-1.8427,0.6189,-2.5416,-1.7932,-2.5103,-1.8513,0.5287,GO_GOAL
3.86,-2.5241,-1.841,0.6189,-2.5372,-1.7892,-2.5103,-1.8513,0.5305,GO_GOAL
3.88,-2.5217,-1.8392,0.6189,-2.5372,-1.7892,-2.5103,-1.8513,0.5322,GO_GOAL
3.9,-2.5192,-1.8375,0.6189,-2.535,-1.7872,-2.5103,-1.8513,0.5339,GO_GOAL
3.92,-2.5168,-1.8357,0.6189,-2.5327,-1.7851,-2.4981,-1.8426,0.5357,GO_GOAL
3.94,-2.5143,-1.834,0.6189,-2.5283,-1.7811,-2.4981,-1.8426,0.5374,GO_GOAL
3.96,-2.5119,-1.8323,0.6189,-2.5283,-1.7811,-2.4981,-1.8426,0.5392,GO_GOAL
3.98,-2.5094,-1.8305,0.6188,-2.5261,-1.7791,-2.4981,-1.8426,0.5409,GO_GOAL
4.0,-2.507,-1.8288,0.6188,-2.5239,-1.7771,-2.4981,-1.8426,0.5427,GO_GOAL
4.02,-2.5045,-1.827,0.6188,-2.5216,-1.7751,-2.4859,-1.8339,0.5444,GO_GOAL
4.04,-2.5021,-1.8253,0.6188,-2.5194,-1.7731,-2.4859,-1.8339,0.5461,GO_GOAL
4.06,-2.4997,-1.8235,0.6188,-2.5172,-1.7711,-2.4859,-1.8339,0.5479,GO_GOAL
4.08,-2.4972,-1.8218,0.6188,-2.515,-1.769,-2.4859,-1.8339,0.5496,GO_GOAL
4.1,-2.4948,-1.8201,0.6188,-2.5127,-1.767,-2.4859,-1.8339,0.5514,GO_GOAL
4.12,-2.4923,-1.8183,0.6188,-2.5105,-1.765,-2.4736,-1.8252,0.5531,GO_GOAL
4.14,-2.4899,-1.8166,0.6188,-2.5061,-1.761,-2.4736,-1.8252,0.5548,GO_GOAL
4.16,-2.4875,-1.8149,0.6188,-2.5061,-1.761,-2.4736,-1.8252,0.5566,GO_GOAL
4.18,-2.485,-1.8131,0.6188,-2.5038,-1.759,-2.4736,-1.8252,0.5583,GO_GOAL
4.2,-2.4826,-1.8114,0.6187,-2.5016,-1.757,-2.4736,-1.8252,0.5601,GO_GOAL
4.22,-2.4801,-1.8097,0.6187,-2.4994,-1.7549,-2.4614,-1.8165,0.5618,GO_GOAL
4.24,-2.4777,-1.8079,0.6187,-2.4972,-1.7529,-2.4614,-1.8165,0.5635,GO_GOAL
4.26,-2.4753,-1.8062,0.6187,-2.4927,-1.7489,-2.4614,-1.8165,0.5653,GO_GOAL
4.28,-2.4729,-1.8045,0.6187,-2.4927,-1.7489,-2.4614,-1.8165,0.567,GO_GOAL
4.3,-2.4704,-1.8027,0.6187,-2.4905,-1.7469,-2.4614,-1.8165,0.5687,GO_GOAL
4.32,-2.468,-1.801,0.6187,-2.4883,-1.7449,-2.4492,-1.8078,0.5704,GO_GOAL
4.34,-2.4656,-1.7993,0.6187,-2.4838,-1.7408,-2.4492,-1.8078,0.5721,GO_GOAL
4.36,-2.4632,-1.7976,0.6187,-2.4838,-1.7408,-2.4492,-1.8078,0.5738,GO_GOAL
4.38,-2.4608,-1.7959,0.6187,-2.4816,-1.7388,-2.4492,-1.8078,0.5756,GO_GOAL
4.4,-2.4583,-1.7941,0.6187,-2.4794,-1.7368,-2.4492,-1.8078,0.5773,GO_GOAL
4.42,-2.4559,-1.7924,0.6187,-2.4772,-1.7348,-2.437,-1.7991,0.5791,GO_GOAL
4.44,-2.4534,-1.7906,0.6187,-2.4749,-1.7328,-2.437,-1.7991,0.5808,GO_GOAL
4.46,-2.451,-1.7889,0.6187,-2.4727,-1.7308,-2.437,-1.7991,0.5825,GO_GOAL
4.48,-2.4485,-1.7872,0.6187,-2.4705,-1.7288,-2.437,-1.7991,0.5843,GO_GOAL
4.5,-2.4461,-1.7854,0.6187,-2.4683,-1.7268,-2.437,-1.7991,0.586,GO_GOAL
4.52,-2.4437,-1.7837,0.6187,-2.4638,-1.7227,-2.4248,-1.7904,0.5878,GO_GOAL
4.54,-2.4412,-1.7819,0.6187,-2.4638,-1.7227,-2.4248,-1.7904,0.5895,GO_GOAL
4.56,-2.4388,-1.7802,0.6187,-2.4616,-1.7207,-2.4248,-1.7904,0.5912,GO_GOAL
4.58,-2.4363,-1.7785,0.6187,-2.4594,-1.7187,-2.4248,-1.7904,0.593,GO_GOAL
4.6,-2.4339,-1.7767,0.6187,-2.4571,-1.7167,-2.4248,-1.7904,0.5947,GO_GOAL
4.62,-2.4314,-1.775,0.6187,-2.4549,-1.7147,-2.4126,-1.7817,0.5965,GO_GOAL
4.64,-2.429,-1.7732,0.6187,-2.4505,-1.7106,-2.4126,-1.7817,0.5982,GO_GOAL
4.66,-2.4266,-1.7715,0.6187,-2.4505,-1.7106,-2.4126,-1.7817,0.5999,GO_GOAL
4.68,-2.4241,-1.7698,0.6187,-2.4482,-1.7086,-2.4126,-1.7817,0.5978,GO_GOAL
4.7,-2.4217,-1.768,0.6186,-2.4438,-1.7046,-2.4003,-1.773,0.5951,GO_GOAL
4.72,-2.4192,-1.7663,0.6186,-2.4438,-1.7046,-2.4003,-1.773,0.5924,GO_GOAL
4.74,-2.4168,-1.7646,0.6186,-2.4416,-1.7026,-2.4003,-1.773,0.5897,GO_GOAL
4.76,-2.4144,-1.7628,0.6186,-2.4393,-1.7006,-2.4003,-1.773,0.587,GO_GOAL
4.78,-2.4119,-1.7611,0.6186,-2.4371,-1.6986,-2.4003,-1.773,0.5843,GO_GOAL
4.8,-2.4095,-1.7594,0.6186,-2.4349,-1.6966,-2.4003,-1.773,0.5816,GO_GOAL
4.82,-2.4071,-1.7577,0.6186,-2.4327,-1.6945,-2.3881,-1.7643,0.5789,GO_GOAL
4.84,-2.4047,-1.7559,0.6186,-2.4304,-1.6925,-2.3881,-1.7643,0.5762,GO_GOAL
4.86,-2.4023,-1.7542,0.6186,-2.4282,-1.6905,-2.3881,-1.7643,0.5736,GO_GOAL
4.88,-2.3999,-1.7525,0.6186,-2.426,-1.6885,-2.3881,-1.7643,0.5709,GO_GOAL
4.9,-2.3974,-1.7508,0.6186,-2.4238,-1.6865,-2.3881,-1.7643,0.5682,GO_GOAL
4.918,-2.395,-1.749,0.6186,-2.4216,-1.6845,-2.3759,-1.7556,0.5655,GO_GOAL
4.94,-2.3925,-1.7473,0.6186,-2.4193,-1.6825,-2.3759,-1.7556,0.5628,GO_GOAL
4.96,-2.3901,-1.7455,0.6186,-2.4171,-1.6804,-2.3759,-1.7556,0.5601,GO_GOAL
4.98,-2.3876,-1.7438,0.6186,-2.4149,-1.6784,-2.3759,-1.7556,0.5574,GO_GOAL
5.0,-2.3852,-1.7421,0.6186,-2.4104,-1.6744,-2.3759,-1.7556,0.5547,GO_GOAL
5.02,-2.3827,-1.7403,0.6186,-2.4104,-1.6744,-2.3637,-1.7469,0.552,GO_GOAL
5.04,-2.3803,-1.7386,0.6186,-2.4082,-1.6724,-2.3637,-1.7469,0.5493,GO_GOAL
5.06,-2.3779,-1.7368,0.6186,-2.406,-1.6704,-2.3637,-1.7469,0.5466,GO_GOAL
5.08,-2.3754,-1.7351,0.6186,-2.4015,-1.6663,-2.3637,-1.7469,0.5439,GO_GOAL
5.1,-2.373,-1.7334,0.6186,-2.4015,-1.6663,-2.3637,-1.7469,0.5412,GO_GOAL
5.12,-2.3705,-1.7316,0.6186,-2.3971,-1.6623,-2.3515,-1.7382,0.5386,GO_GOAL
5.14,-2.3681,-1.7299,0.6186,-2.3949,-1.6603,-2.3515,-1.7382,0.5359,GO_GOAL
5.16,-2.3657,-1.7281,0.6186,-2.3926,-1.6583,-2.3515,-1.7382,0.5332,GO_GOAL
5.18,-2.3632,-1.7264,0.6186,-2.3926,-1.6583,-2.3515,-1.7382,0.5305,GO_GOAL
5.2,-2.3608,-1.7247,0.6186,-2.3904,-1.6563,-2.3515,-1.7382,0.5279,GO_GOAL
5.22,-2.3583,-1.7229,0.6186,-2.3882,-1.6543,-2.3392,-1.7295,0.5252,GO_GOAL
5.24,-2.3559,-1.7212,0.6186,-2.386,-1.6523,-2.3392,-1.7295,0.5226,GO_GOAL
5.26,-2.3535,-1.7195,0.6186,-2.3837,-1.6502,-2.3392,-1.7295,0.5199,GO_GOAL
5.28,-2.351,-1.7177,0.6186,-2.3815,-1.6482,-2.3392,-1.7295,0.5173,GO_GOAL
5.3,-2.3486,-1.716,0.6186,-2.3771,-1.6442,-2.3392,-1.7295,0.5146,GO_GOAL
5.32,-2.3462,-1.7143,0.6186,-2.3748,-1.6422,-2.327,-1.7208,0.512,GO_GOAL
5.34,-2.3438,-1.7126,0.6186,-2.3748,-1.6422,-2.327,-1.7208,0.5094,GO_GOAL
5.36,-2.3414,-1.7109,0.6186,-2.3726,-1.6402,-2.327,-1.7208,0.5068,GO_GOAL
5.38,-2.339,-1.7091,0.6186,-2.3704,-1.6382,-2.327,-1.7208,0.5041,GO_GOAL
5.4,-2.3365,-1.7074,0.6186,-2.3682,-1.6361,-2.327,-1.7208,0.5015,GO_GOAL
5.42,-2.3341,-1.7056,0.6186,-2.366,-1.6341,-2.3148,-1.7121,0.4988,GO_GOAL
5.44,-2.3316,-1.7039,0.6186,-2.3637,-1.6321,-2.3148,-1.7121,0.4962,GO_GOAL
5.46,-2.3292,-1.7022,0.6186,-2.3615,-1.6301,-2.3148,-1.7121,0.4935,GO_GOAL
5.48,-2.3267,-1.7004,0.6186,-2.3593,-1.6281,-2.3148,-1.7121,0.4909,GO_GOAL
5.5,-2.3243,-1.6987,0.6186,-2.3571,-1.6261,-2.3148,-1.7121,0.4882,GO_GOAL
5.52,-2.3218,-1.6969,0.6186,-2.3548,-1.6241,-2.3001,-1.7016,0.4856,GO_GOAL
5.54,-2.3194,-1.6952,0.6186,-2.3504,-1.62,-2.3001,-1.7016,0.483,GO_GOAL
5.56,-2.3169,-1.6935,0.6186,-2.3504,-1.62,-2.3001,-1.7016,0.4803,GO_GOAL
5.58,-2.3145,-1.6917,0.6186,-2.3482,-1.618,-2.3001,-1.7016,0.4777,GO_GOAL
5.6,-2.312,-1.69,0.6186,-2.3459,-1.616,-2.3001,-1.7016,0.4751,GO_GOAL
5.62,-2.3096,-1.6882,0.6186,-2.3415,-1.612,-2.2904,-1.6947,0.4725,GO_GOAL
5.64,-2.3072,-1.6865,0.6186,-2.3415,-1.612,-2.2904,-1.6947,0.4699,GO_GOAL
5.66,-2.3047,-1.6848,0.6186,-2.3393,-1.61,-2.2904,-1.6947,0.4672,GO_GOAL
5.68,-2.3023,-1.683,0.6186,-2.337,-1.608,-2.2904,-1.6947,0.4646,GO_GOAL
5.7,-2.2999,-1.6813,0.6186,-2.3348,-1.6059,-2.2904,-1.6947,0.462,GO_GOAL
5.72,-2.2974,-1.6796,0.6186,-2.3326,-1.6039,-2.2781,-1.686,0.4594,GO_GOAL
5.74,-2.295,-1.6778,0.6186,-2.3304,-1.6019,-2.2781,-1.686,0.4569,GO_GOAL
5.76,-2.2926,-1.6761,0.6186,-2.3281,-1.5999,-2.2781,-1.686,0.4543,GO_GOAL
5.78,-2.2902,-1.6744,0.6186,-2.3259,-1.5979,-2.2781,-1.686,0.4517,GO_GOAL
5.8,-2.2878,-1.6727,0.6186,-2.3237,-1.5959,-2.2781,-1.686,0.4492,GO_GOAL
5.82,-2.2853,-1.671,0.6186,-2.3215,-1.5939,-2.2659,-1.6773,0.4466,GO_GOAL
5.84,-2.2829,-1.6692,0.6186,-2.3192,-1.5919,-2.2659,-1.6773,0.444,GO_GOAL
5.86,-2.2804,-1.6675,0.6186,-2.317,-1.5898,-2.2659,-1.6773,0.4414,GO_GOAL
5.88,-2.278,-1.6657,0.6186,-2.3148,-1.5878,-2.2659,-1.6773,0.4388,GO_GOAL
5.9,-2.2755,-1.664,0.6186,-2.3126,-1.5858,-2.2659,-1.6773,0.4362,GO_GOAL
5.92,-2.2731,-1.6623,0.6186,-2.3081,-1.5818,-2.2537,-1.6686,0.4337,GO_GOAL
5.94,-2.2707,-1.6605,0.6186,-2.3081,-1.5818,-2.2537,-1.6686,0.4311,GO_GOAL
5.96,-2.2682,-1.6588,0.6186,-2.3037,-1.5778,-2.2537,-1.6686,0.4285,GO_GOAL
5.98,-2.2658,-1.657,0.6186,-2.3037,-1.5778,-2.2537,-1.6686,0.4259,GO_GOAL
6.0,-2.2633,-1.6553,0.6186,-2.3015,-1.5757,-2.2537,-1.6686,0.4234,GO_GOAL
6.02,-2.2609,-1.6536,0.6186,-2.297,-1.5717,-2.2415,-1.6599,0.4208,GO_GOAL
6.04,-2.2584,-1.6518,0.6186,-2.297,-1.5717,-2.2415,-1.6599,0.4183,GO_GOAL
6.06,-2.256,-1.6501,0.6186,-2.2948,-1.5697,-2.2415,-1.6599,0.4157,GO_GOAL
6.08,-2.2536,-1.6483,0.6186,-2.2926,-1.5677,-2.2415,-1.6599,0.4132,GO_GOAL
6.1,-2.2511,-1.6466,0.6186,-2.2881,-1.5637,-2.2293,-1.6512,0.4106,GO_GOAL
6.12,-2.2487,-1.6449,0.6186,-2.2881,-1.5637,-2.2293,-1.6512,0.4081,GO_GOAL
6.14,-2.2462,-1.6431,0.6186,-2.2837,-1.5596,-2.2293,-1.6512,0.4055,GO_GOAL
6.16,-2.2438,-1.6414,0.6186,-2.2837,-1.5596,-2.2293,-1.6512,0.403,GO_GOAL
6.18,-2.2414,-1.6397,0.6186,-2.2792,-1.5556,-2.2293,-1.6512,0.4005,GO_GOAL
6.2,-2.2389,-1.638,0.6186,-2.2792,-1.5556,-2.2293,-1.6512,0.398,GO_GOAL
6.22,-2.2365,-1.6362,0.6186,-2.2748,-1.5516,-2.217,-1.6425,0.3955,GO_GOAL
6.24,-2.2341,-1.6345,0.6186,-2.2748,-1.5516,-2.217,-1.6425,0.393,GO_GOAL
6.26,-2.2317,-1.6328,0.6186,-2.2725,-1.5496,-2.217,-1.6425,0.3905,GO_GOAL
6.28,-2.2293,-1.6311,0.6186,-2.2703,-1.5476,-2.217,-1.6425,0.388,GO_GOAL
6.3,-2.2268,-1.6293,0.6186,-2.2681,-1.5455,-2.217,-1.6425,0.3855,GO_GOAL
6.32,-2.2244,-1.6276,0.6186,-2.2659,-1.5435,-2.2048,-1.6338,0.383,GO_GOAL
6.34,-2.2219,-1.6258,0.6186,-2.2636,-1.5415,-2.2048,-1.6338,0.3805,GO_GOAL
6.36,-2.2195,-1.6241,0.6186,-2.2614,-1.5395,-2.2048,-1.6338,0.378,GO_GOAL
6.38,-2.217,-1.6224,0.6186,-2.2592,-1.5375,-2.2048,-1.6338,0.3755,GO_GOAL
6.4,-2.2146,-1.6206,0.6186,-2.2547,-1.5335,-2.2048,-1.6338,0.373,GO_GOAL
6.42,-2.2121,-1.6189,0.6186,-2.2547,-1.5335,-2.1926,-1.6251,0.3705,GO_GOAL
6.44,-2.2097,-1.6171,0.6186,-2.2525,-1.5315,-2.1926,-1.6251,0.368,GO_GOAL
6.46,-2.2073,-1.6154,0.6186,-2.2481,-1.5274,-2.1926,-1.6251,0.3655,GO_GOAL
6.48,-2.2048,-1.6137,0.6186,-2.2481,-1.5274,-2.1926,-1.6251,0.3631,GO_GOAL
6.5,-2.2024,-1.6119,0.6186,-2.2459,-1.5254,-2.1926,-1.6251,0.3606,GO_GOAL
6.52,-2.1999,-1.6102,0.6186,-2.2436,-1.5234,-2.1804,-1.6164,0.3581,GO_GOAL
6.54,-2.1975,-1.6084,0.6186,-2.2414,-1.5214,-2.1804,-1.6164,0.3557,GO_GOAL
6.56,-2.1951,-1.6067,0.6186,-2.2392,-1.5194,-2.1804,-1.6164,0.3532,GO_GOAL
6.58,-2.1926,-1.605,0.6186,-2.237,-1.5174,-2.1804,-1.6164,0.3508,GO_GOAL
6.6,-2.1902,-1.6032,0.6186,-2.2347,-1.5153,-2.1804,-1.6164,0.3483,GO_GOAL
6.62,-2.1877,-1.6015,0.6186,-2.2325,-1.5133,-2.1682,-1.6077,0.3459,GO_GOAL
6.64,-2.1853,-1.5998,0.6186,-2.2281,-1.5093,-2.1682,-1.6077,0.3435,GO_GOAL
6.66,-2.1829,-1.5981,0.6186,-2.2281,-1.5093,-2.1682,-1.6077,0.3411,GO_GOAL
6.68,-2.1805,-1.5963,0.6186,-2.2258,-1.5073,-2.1682,-1.6077,0.3387,GO_GOAL
6.7,-2.1781,-1.5946,0.6186,-2.2236,-1.5053,-2.1682,-1.6077,0.3363,GO_GOAL
6.72,-2.1756,-1.5929,0.6186,-2.2214,-1.5033,-2.1559,-1.599,0.3339,GO_GOAL
6.74,-2.1732,-1.5912,0.6186,-2.2192,-1.5013,-2.1559,-1.599,0.3314,GO_GOAL
6.76,-2.1707,-1.5894,0.6186,-2.2169,-1.4992,-2.1559,-1.599,0.329,GO_GOAL
6.78,-2.1683,-1.5877,0.6186,-2.2147,-1.4972,-2.1559,-1.599,0.3266,GO_GOAL
6.8,-2.1659,-1.5859,0.6186,-2.2125,-1.4952,-2.1559,-1.599,0.3242,GO_GOAL
6.82,-2.1634,-1.5842,0.6186,-2.2103,-1.4932,-2.1437,-1.5903,0.3218,GO_GOAL
6.84,-2.161,-1.5824,0.6186,-2.208,-1.4912,-2.1437,-1.5903,0.3194,GO_GOAL
6.86,-2.1585,-1.5807,0.6186,-2.2058,-1.4892,-2.1437,-1.5903,0.317,GO_GOAL
6.88,-2.1561,-1.579,0.6186,-2.2014,-1.4851,-2.1437,-1.5903,0.3147,GO_GOAL
6.9,-2.1536,-1.5772,0.6186,-2.2014,-1.4851,-2.1437,-1.5903,0.3123,GO_GOAL
6.92,-2.1512,-1.5755,0.6186,-2.1991,-1.4831,-2.1315,-1.5816,0.3099,GO_GOAL
6.94,-2.1487,-1.5737,0.6186,-2.1969,-1.4811,-2.1315,-1.5816,0.3076,GO_GOAL
6.96,-2.1463,-1.572,0.6186,-2.1947,-1.4791,-2.1315,-1.5816,0.3052,GO_GOAL
6.98,-2.1439,-1.5703,0.6186,-2.1902,-1.4751,-2.1315,-1.5816,0.3029,GO_GOAL
7.0,-2.1414,-1.5685,0.6186,-2.1902,-1.4751,-2.1315,-1.5816,0.3005,GO_GOAL
7.02,-2.139,-1.5668,0.6186,-2.188,-1.4731,-2.1193,-1.5729,0.2982,GO_GOAL
7.04,-2.1366,-1.5651,0.6186,-2.1858,-1.4711,-2.1193,-1.5729,0.2959,GO_GOAL
7.06,-2.1341,-1.5633,0.6186,-2.1836,-1.469,-2.1193,-1.5729,0.2936,GO_GOAL
7.08,-2.1317,-1.5616,0.6186,-2.1814,-1.467,-2.1193,-1.5729,0.2913,GO_GOAL
7.1,-2.1293,-1.5599,0.6186,-2.1791,-1.465,-2.1071,-1.5642,0.289,GO_GOAL
7.12,-2.1269,-1.5582,0.6186,-2.1769,-1.463,-2.1071,-1.5642,0.2867,GO_GOAL
7.14,-2.1244,-1.5564,0.6186,-2.1747,-1.461,-2.1071,-1.5642,0.2844,GO_GOAL
7.16,-2.122,-1.5547,0.6186,-2.1702,-1.457,-2.1071,-1.5642,0.2821,GO_GOAL
7.18,-2.1195,-1.553,0.6186,-2.1702,-1.457,-2.1071,-1.5642,0.2798,GO_GOAL
7.2,-2.1171,-1.5512,0.6186,-2.168,-1.455,-2.1071,-1.5642,0.2775,GO_GOAL
7.22,-2.1147,-1.5495,0.6186,-2.1658,-1.4529,-2.0948,-1.5555,0.2752,GO_GOAL
7.24,-2.1122,-1.5477,0.6186,-2.1636,-1.4509,-2.0948,-1.5555,0.2729,GO_GOAL
7.26,-2.1098,-1.546,0.6186,-2.1591,-1.4469,-2.0948,-1.5555,0.2707,GO_GOAL
7.28,-2.1073,-1.5443,0.6186,-2.1591,-1.4469,-2.0948,-1.5555,0.2684,GO_GOAL
7.3,-2.1049,-1.5425,0.6186,-2.1569,-1.4449,-2.0948,-1.5555,0.2662,GO_GOAL
7.32,-2.1024,-1.5408,0.6186,-2.1524,-1.4409,-2.0826,-1.5468,0.2639,GO_GOAL
7.34,-2.1,-1.539,0.6186,-2.1524,-1.4409,-2.0826,-1.5468,0.2617,GO_GOAL
7.36,-2.0976,-1.5373,0.6186,-2.1502,-1.4388,-2.0826,-1.5468,0.2594,GO_GOAL
7.38,-2.0951,-1.5356,0.6186,-2.148,-1.4368,-2.0826,-1.5468,0.2572,GO_GOAL
7.4,-2.0927,-1.5338,0.6186,-2.1435,-1.4328,-2.0826,-1.5468,0.255,GO_GOAL
7.42,-2.0902,-1.5321,0.6186,-2.1435,-1.4328,-2.0679,-1.5364,0.2528,GO_GOAL
7.44,-2.0878,-1.5304,0.6186,-2.1413,-1.4308,-2.0679,-1.5364,0.2506,GO_GOAL
7.46,-2.0854,-1.5286,0.6186,-2.1391,-1.4288,-2.0679,-1.5364,0.2484,GO_GOAL
7.48,-2.083,-1.5269,0.6186,-2.1369,-1.4268,-2.0679,-1.5364,0.2463,GO_GOAL
7.5,-2.0805,-1.5252,0.6186,-2.1346,-1.4248,-2.0679,-1.5364,0.2441,GO_GOAL
7.52,-2.0781,-1.5235,0.6186,-2.1302,-1.4207,-2.0557,-1.5277,0.242,GO_GOAL
7.54,-2.0757,-1.5217,0.6186,-2.1302,-1.4207,-2.0557,-1.5277,0.2398,GO_GOAL
7.56,-2.0732,-1.52,0.6186,-2.128,-1.4187,-2.0557,-1.5277,0.2376,GO_GOAL
7.58,-2.0708,-1.5183,0.6186,-2.1257,-1.4167,-2.0557,-1.5277,0.2355,GO_GOAL
7.6,-2.0683,-1.5165,0.6186,-2.1235,-1.4147,-2.0557,-1.5277,0.2333,GO_GOAL
7.62,-2.0659,-1.5148,0.6186,-2.1191,-1.4107,-2.046,-1.5207,0.2312,GO_GOAL
7.64,-2.0634,-1.513,0.6186,-2.1169,-1.4086,-2.046,-1.5207,0.2291,GO_GOAL
7.66,-2.061,-1.5113,0.6186,-2.1169,-1.4086,-2.046,-1.5207,0.227,GO_GOAL
7.68,-2.0586,-1.5096,0.6186,-2.1146,-1.4066,-2.046,-1.5207,0.2248,GO_GOAL
7.7,-2.0561,-1.5078,0.6186,-2.1124,-1.4046,-2.046,-1.5207,0.2227,GO_GOAL
7.72,-2.0537,-1.5061,0.6186,-2.1102,-1.4026,-2.0337,-1.512,0.2207,GO_GOAL
7.74,-2.0512,-1.5043,0.6186,-2.1057,-1.3986,-2.0337,-1.512,0.2186,GO_GOAL
7.76,-2.0488,-1.5026,0.6186,-2.1035,-1.3966,-2.0337,-1.512,0.2165,GO_GOAL
7.78,-2.0464,-1.5009,0.6186,-2.1035,-1.3966,-2.0337,-1.512,0.2144,GO_GOAL
7.8,-2.0439,-1.4991,0.6186,-2.1013,-1.3946,-2.0337,-1.512,0.2124,GO_GOAL
7.82,-2.0415,-1.4974,0.6186,-2.0991,-1.3925,-2.0215,-1.5033,0.2104,GO_GOAL
7.84,-2.039,-1.4957,0.6186,-2.0968,-1.3905,-2.0215,-1.5033,0.2083,GO_GOAL
7.86,-2.0366,-1.4939,0.6186,-2.0924,-1.3865,-2.0215,-1.5033,0.2063,GO_GOAL
7.88,-2.0342,-1.4922,0.6186,-2.0924,-1.3865,-2.0215,-1.5033,0.2043,GO_GOAL
7.9,-2.0318,-1.4905,0.6186,-2.0902,-1.3845,-2.0215,-1.5033,0.2023,GO_GOAL
7.92,-2.0294,-1.4888,0.6186,-2.0879,-1.3825,-2.0093,-1.4946,0.2003,GO_GOAL
7.94,-2.0269,-1.487,0.6186,-2.0857,-1.3805,-2.0093,-1.4946,0.1984,GO_GOAL
7.96,-2.0245,-1.4853,0.6186,-2.0835,-1.3784,-2.0093,-1.4946,0.1964,GO_GOAL
7.98,-2.022,-1.4835,0.6186,-2.0813,-1.3764,-2.0093,-1.4946,0.1944,GO_GOAL
8.0,-2.0196,-1.4818,0.6186,-2.079,-1.3744,-2.0093,-1.4946,0.1924,GO_GOAL
8.02,-2.0171,-1.4801,0.6186,-2.0768,-1.3724,-1.9971,-1.4859,0.1905,GO_GOAL
8.04,-2.0147,-1.4783,0.6186,-2.0746,-1.3704,-1.9971,-1.4859,0.1885,GO_GOAL
8.06,-2.0122,-1.4766,0.6186,-2.0724,-1.3684,-1.9971,-1.4859,0.1866,GO_GOAL
8.08,-2.0098,-1.4748,0.6186,-2.0701,-1.3664,-1.9971,-1.4859,0.1847,GO_GOAL
8.1,-2.0073,-1.4731,0.6186,-2.0679,-1.3644,-1.9971,-1.4859,0.1828,GO_GOAL
8.12,-2.0049,-1.4714,0.6186,-2.0657,-1.3623,-1.9848,-1.4772,0.1809,GO_GOAL
8.14,-2.0025,-1.4696,0.6186,-2.0635,-1.3603,-1.9848,-1.4772,0.179,GO_GOAL
8.16,-2.0,-1.4679,0.6186,-2.0612,-1.3583,-1.9848,-1.4772,0.1771,GO_GOAL
8.18,-1.9976,-1.4662,0.6186,-2.059,-1.3563,-1.9848,-1.4772,0.1753,GO_GOAL
8.2,-1.9951,-1.4644,0.6186,-2.0568,-1.3543,-1.9848,-1.4772,0.1734,GO_GOAL
8.22,-1.9927,-1.4627,0.6186,-2.0546,-1.3523,-1.9726,-1.4685,0.1716,GO_GOAL
8.24,-1.9903,-1.461,0.6186,-2.0524,-1.3503,-1.9726,-1.4685,0.1698,GO_GOAL
8.26,-1.9879,-1.4592,0.6186,-2.0501,-1.3482,-1.9726,-1.4685,0.168,GO_GOAL
8.28,-1.9855,-1.4575,0.6186,-2.0479,-1.3462,-1.9726,-1.4685,0.1662,GO_GOAL
8.3,-1.983,-1.4558,0.6186,-2.0457,-1.3442,-1.9726,-1.4685,0.1644,GO_GOAL
8.32,-1.9806,-1.454,0.6186,-2.0435,-1.3422,-1.9604,-1.4598,0.1627,GO_GOAL
8.34,-1.9781,-1.4523,0.6186,-2.0412,-1.3402,-1.9604,-1.4598,0.1609,GO_GOAL
8.36,-1.9757,-1.4506,0.6186,-2.039,-1.3382,-1.9604,-1.4598,0.1591,GO_GOAL
8.38,-1.9732,-1.4488,0.6186,-2.0368,-1.3362,-1.9604,-1.4598,0.1574,GO_GOAL
8.4,-1.9708,-1.4471,0.6186,-2.0346,-1.3342,-1.9604,-1.4598,0.1556,GO_GOAL
8.42,-1.9683,-1.4453,0.6186,-2.0323,-1.3321,-1.9482,-1.4511,0.1539,GO_GOAL
8.44,-1.9659,-1.4436,0.6186,-2.0301,-1.3301,-1.9482,-1.4511,0.1522,GO_GOAL
8.46,-1.9635,-1.4419,0.6186,-2.0279,-1.3281,-1.9482,-1.4511,0.1505,GO_GOAL
8.48,-1.961,-1.4401,0.6186,-2.0257,-1.3261,-1.9482,-1.4511,0.1489,GO_GOAL
8.5,-1.9586,-1.4384,0.6186,-2.0234,-1.3241,-1.9482,-1.4511,0.1472,GO_GOAL
8.52,-1.9561,-1.4366,0.6186,-2.0212,-1.3221,-1.936,-1.4424,0.1456,GO_GOAL
8.54,-1.9537,-1.4349,0.6186,-2.019,-1.3201,-1.936,-1.4424,0.1439,GO_GOAL
8.56,-1.9513,-1.4332,0.6186,-2.0168,-1.318,-1.936,-1.4424,0.1423,GO_GOAL
8.58,-1.9488,-1.4314,0.6186,-2.0145,-1.316,-1.936,-1.4424,0.1407,GO_GOAL
8.6,-1.9464,-1.4297,0.6186,-2.0123,-1.314,-1.936,-1.4424,0.1391,GO_GOAL
8.62,-1.944,-1.428,0.6186,-2.0101,-1.312,-1.9237,-1.4337,0.1376,GO_GOAL
8.64,-1.9416,-1.4263,0.6186,-2.0079,-1.31,-1.9237,-1.4337,0.136,GO_GOAL
8.66,-1.9391,-1.4245,0.6186,-2.0056,-1.308,-1.9237,-1.4337,0.1345,GO_GOAL
8.68,-1.9367,-1.4228,0.6186,-2.0012,-1.304,-1.9237,-1.4337,0.1329,GO_GOAL
8.7,-1.9342,-1.4211,0.6186,-1.999,-1.3019,-1.9237,-1.4337,0.1314,GO_GOAL
8.72,-1.9318,-1.4193,0.6186,-1.999,-1.3019,-1.9115,-1.425,0.1299,GO_GOAL
8.74,-1.9293,-1.4176,0.6186,-1.9968,-1.2999,-1.9115,-1.425,0.1284,GO_GOAL
8.76,-1.9269,-1.4158,0.6186,-1.9923,-1.2959,-1.9115,-1.425,0.1269,GO_GOAL
8.78,-1.9245,-1.4141,0.6186,-1.9923,-1.2959,-1.9115,-1.425,0.1255,GO_GOAL
8.8,-1.922,-1.4124,0.6186,-1.9901,-1.2939,-1.9115,-1.425,0.124,GO_GOAL
8.82,-1.9196,-1.4106,0.6186,-1.9879,-1.2919,-1.8993,-1.4163,0.1226,GO_GOAL
8.84,-1.9171,-1.4089,0.6186,-1.9856,-1.2899,-1.8993,-1.4163,0.1212,GO_GOAL
8.86,-1.9147,-1.4071,0.6186,-1.9834,-1.2878,-1.8993,-1.4163,0.1198,GO_GOAL
8.88,-1.9122,-1.4054,0.6186,-1.9812,-1.2858,-1.8993,-1.4163,0.1184,GO_GOAL
8.9,-1.9098,-1.4037,0.6186,-1.979,-1.2838,-1.8993,-1.4163,0.1171,GO_GOAL
8.92,-1.9074,-1.4019,0.6186,-1.9745,-1.2798,-1.8846,-1.4059,0.1157,GO_GOAL
8.94,-1.9049,-1.4002,0.6186,-1.9745,-1.2798,-1.8846,-1.4059,0.1144,GO_GOAL
8.96,-1.9025,-1.3985,0.6186,-1.9723,-1.2778,-1.8846,-1.4059,0.1131,GO_GOAL
8.98,-1.9001,-1.3968,0.6186,-1.9701,-1.2758,-1.8846,-1.4059,0.1118,GO_GOAL
9.0,-1.8977,-1.395,0.6186,-1.9678,-1.2738,-1.8749,-1.3989,0.1106,GO_GOAL
9.02,-1.8952,-1.3933,0.6186,-1.9656,-1.2717,-1.8749,-1.3989,0.1093,GO_GOAL
9.04,-1.8928,-1.3916,0.6186,-1.9634,-1.2697,-1.8749,-1.3989,0.1081,GO_GOAL
9.06,-1.8903,-1.3898,0.6186,-1.9612,-1.2677,-1.8749,-1.3989,0.1068,GO_GOAL
9.08,-1.8879,-1.3881,0.6186,-1.9567,-1.2637,-1.8749,-1.3989,0.1056,GO_GOAL
9.1,-1.8854,-1.3863,0.6186,-1.9567,-1.2637,-1.8749,-1.3989,0.1044,GO_GOAL
9.12,-1.883,-1.3846,0.6186,-1.9545,-1.2617,-1.8626,-1.3902,0.1033,GO_GOAL
9.14,-1.8806,-1.3829,0.6186,-1.9523,-1.2597,-1.8626,-1.3902,0.1021,GO_GOAL
9.16,-1.8781,-1.3811,0.6186,-1.95,-1.2576,-1.8626,-1.3902,0.101,GO_GOAL
9.18,-1.8757,-1.3794,0.6186,-1.9478,-1.2556,-1.8626,-1.3902,0.0999,GO_GOAL
9.2,-1.8732,-1.3776,0.6186,-1.9456,-1.2536,-1.8626,-1.3902,0.0988,GO_GOAL
9.22,-1.8708,-1.3759,0.6186,-1.9434,-1.2516,-1.8504,-1.3815,0.0977,GO_GOAL
9.24,-1.8683,-1.3742,0.6186,-1.9411,-1.2496,-1.8504,-1.3815,0.0967,GO_GOAL
9.26,-1.8659,-1.3724,0.6186,-1.9367,-1.2456,-1.8504,-1.3815,0.0956,GO_GOAL
9.28,-1.8635,-1.3707,0.6186,-1.9367,-1.2456,-1.8504,-1.3815,0.0946,GO_GOAL
9.3,-1.861,-1.369,0.6186,-1.9323,-1.2415,-1.8382,-1.3728,0.0936,GO_GOAL
9.32,-1.8586,-1.3672,0.6186,-1.9323,-1.2415,-1.8382,-1.3728,0.0927,GO_GOAL
9.34,-1.8562,-1.3655,0.6186,-1.93,-1.2395,-1.8382,-1.3728,0.0917,GO_GOAL
9.36,-1.8538,-1.3638,0.6186,-1.9278,-1.2375,-1.8382,-1.3728,0.0908,GO_GOAL
9.38,-1.8513,-1.3621,0.6186,-1.9234,-1.2335,-1.8382,-1.3728,0.0899,GO_GOAL
9.4,-1.8489,-1.3603,0.6186,-1.9234,-1.2335,-1.8382,-1.3728,0.089,GO_GOAL
9.42,-1.8464,-1.3586,0.6186,-1.9211,-1.2315,-1.826,-1.3641,0.0881,GO_GOAL
9.44,-1.844,-1.3568,0.6186,-1.9189,-1.2295,-1.826,-1.3641,0.0872,GO_GOAL
9.46,-1.8415,-1.3551,0.6186,-1.9145,-1.2254,-1.826,-1.3641,0.0864,GO_GOAL
9.48,-1.8391,-1.3533,0.6186,-1.9145,-1.2254,-1.826,-1.3641,0.0856,GO_GOAL
9.5,-1.8367,-1.3516,0.6186,-1.9122,-1.2234,-1.826,-1.3641,0.0848,GO_GOAL
9.52,-1.8342,-1.3499,0.6186,-1.9078,-1.2194,-1.8138,-1.3554,0.084,GO_GOAL
9.54,-1.8318,-1.3481,0.6186,-1.9078,-1.2194,-1.8138,-1.3554,0.0833,GO_GOAL
9.56,-1.8293,-1.3464,0.6186,-1.9056,-1.2174,-1.8138,-1.3554,0.0825,GO_GOAL
9.58,-1.8269,-1.3447,0.6186,-1.9033,-1.2154,-1.8138,-1.3554,0.0818,GO_GOAL
9.6,-1.8244,-1.3429,0.6186,-1.9011,-1.2134,-1.8138,-1.3554,0.0812,GO_GOAL
9.62,-1.822,-1.3412,0.6186,-1.8989,-1.2113,-1.8015,-1.3467,0.0805,GO_GOAL
9.64,-1.8196,-1.3394,0.6186,-1.8967,-1.2093,-1.8015,-1.3467,0.0799,GO_GOAL
9.66,-1.8172,-1.3377,0.6186,-1.8944,-1.2073,-1.8015,-1.3467,0.0792,GO_GOAL
9.68,-1.8147,-1.336,0.6186,-1.8922,-1.2053,-1.8015,-1.3467,0.0787,GO_GOAL
9.7,-1.8123,-1.3343,0.6186,-1.89,-1.2033,-1.8015,-1.3467,0.0781,GO_GOAL
9.72,-1.8099,-1.3325,0.6186,-1.8878,-1.2013,-1.7893,-1.338,0.0775,GO_GOAL
9.74,-1.8074,-1.3308,0.6186,-1.8833,-1.1972,-1.7893,-1.338,0.077,GO_GOAL
9.76,-1.805,-1.3291,0.6186,-1.8833,-1.1972,-1.7893,-1.338,0.0765,GO_GOAL
9.78,-1.8025,-1.3273,0.6186,-1.8811,-1.1952,-1.7893,-1.338,0.076,GO_GOAL
9.8,-1.8001,-1.3256,0.6186,-1.8789,-1.1932,-1.7893,-1.338,0.0755,GO_GOAL
9.82,-1.7976,-1.3238,0.6186,-1.8766,-1.1912,-1.7771,-1.3293,0.0751,GO_GOAL
9.84,-1.7952,-1.3221,0.6186,-1.8744,-1.1892,-1.7771,-1.3293,0.0747,GO_GOAL
9.86,-1.7927,-1.3204,0.6186,-1.8722,-1.1872,-1.7771,-1.3293,0.0743,GO_GOAL
9.88,-1.7903,-1.3186,0.6186,-1.87,-1.1852,-1.7771,-1.3293,0.0739,GO_GOAL
9.9,-1.7879,-1.3169,0.6186,-1.8655,-1.1811,-1.7771,-1.3293,0.0736,GO_GOAL
9.92,-1.7854,-1.3151,0.6186,-1.8655,-1.1811,-1.7649,-1.3206,0.0733,GO_GOAL
9.94,-1.783,-1.3134,0.6186,-1.8633,-1.1791,-1.7649,-1.3206,0.073,GO_GOAL
9.96,-1.7806,-1.3117,0.6186,-1.8611,-1.1771,-1.7649,-1.3206,0.0727,GO_GOAL
9.98,-1.7781,-1.3099,0.6186,-1.8589,-1.1751,-1.7649,-1.3206,0.0724,GO_GOAL
10.0,-1.7757,-1.3082,0.6186,-1.8566,-1.1731,-1.7649,-1.3206,0.0722,GO_GOAL
10.02,-1.7733,-1.3065,0.6186,-1.8544,-1.1711,-1.7527,-1.3119,0.072,GO_GOAL
10.04,-1.7708,-1.3048,0.6186,-1.8522,-1.1691,-1.7527,-1.3119,0.0718,GO_GOAL
10.06,-1.7684,-1.303,0.6186,-1.8477,-1.165,-1.7527,-1.3119,0.0716,GO_GOAL
10.08,-1.7659,-1.3013,0.6186,-1.8477,-1.165,-1.7527,-1.3119,0.0715,GO_GOAL
10.1,-1.7635,-1.2995,0.6186,-1.8433,-1.161,-1.7404,-1.3032,0.0714,GO_GOAL
10.12,-1.761,-1.2978,0.6186,-1.8411,-1.159,-1.7404,-1.3032,0.0713,GO_GOAL
10.14,-1.7586,-1.296,0.6186,-1.8411,-1.159,-1.7404,-1.3032,0.0712,GO_GOAL
10.16,-1.7562,-1.2943,0.6186,-1.8366,-1.155,-1.7404,-1.3032,0.0712,GO_GOAL
10.18,-1.7537,-1.2926,0.6186,-1.8366,-1.155,-1.7404,-1.3032,0.0712,GO_GOAL
10.2,-1.7513,-1.2908,0.6186,-1.8344,-1.153,-1.7404,-1.3032,0.0712,GO_GOAL
10.22,-1.7488,-1.2891,0.6186,-1.8322,-1.1509,-1.7282,-1.2945,0.0712,GO_GOAL
10.24,-1.7464,-1.2874,0.6186,-1.8299,-1.1489,-1.7282,-1.2945,0.0713,GO_GOAL
10.26,-1.744,-1.2856,0.6186,-1.8277,-1.1469,-1.7282,-1.2945,0.0713,GO_GOAL
10.28,-1.7415,-1.2839,0.6186,-1.8255,-1.1449,-1.7282,-1.2945,0.0714,GO_GOAL
10.3,-1.7391,-1.2822,0.6186,-1.8233,-1.1429,-1.7282,-1.2945,0.0715,GO_GOAL
10.32,-1.7367,-1.2804,0.6186,-1.821,-1.1409,-1.716,-1.2858,0.0717,GO_GOAL
10.34,-1.7342,-1.2787,0.6186,-1.8166,-1.1369,-1.716,-1.2858,0.0719,GO_GOAL
10.36,-1.7318,-1.277,0.6186,-1.8166,-1.1369,-1.716,-1.2858,0.0721,GO_GOAL
10.38,-1.7293,-1.2752,0.6186,-1.8144,-1.1348,-1.716,-1.2858,0.0723,GO_GOAL
10.4,-1.7269,-1.2735,0.6186,-1.8099,-1.1308,-1.716,-1.2858,0.0725,GO_GOAL
10.42,-1.7245,-1.2717,0.6186,-1.8099,-1.1308,-1.7038,-1.2771,0.0728,GO_GOAL
10.44,-1.722,-1.27,0.6186,-1.8077,-1.1288,-1.7038,-1.2771,0.0731,GO_GOAL
10.46,-1.7196,-1.2683,0.6186,-1.8033,-1.1248,-1.7038,-1.2771,0.0734,GO_GOAL
10.48,-1.7171,-1.2665,0.6186,-1.8033,-1.1248,-1.7038,-1.2771,0.0737,GO_GOAL
10.5,-1.7147,-1.2648,0.6186,-1.801,-1.1228,-1.7038,-1.2771,0.074,GO_GOAL
10.52,-1.7122,-1.263,0.6186,-1.7988,-1.1207,-1.6916,-1.2684,0.0744,GO_GOAL
10.54,-1.7098,-1.2613,0.6186,-1.7966,-1.1187,-1.6916,-1.2684,0.0748,GO_GOAL
10.56,-1.7074,-1.2596,0.6186,-1.7944,-1.1167,-1.6916,-1.2684,0.0752,GO_GOAL
10.58,-1.705,-1.2579,0.6186,-1.7921,-1.1147,-1.6916,-1.2684,0.0757,GO_GOAL
10.6,-1.7025,-1.2561,0.6186,-1.7899,-1.1127,-1.6916,-1.2684,0.0762,GO_GOAL
10.62,-1.7001,-1.2544,0.6186,-1.7877,-1.1107,-1.6793,-1.2597,0.0766,GO_GOAL
10.64,-1.6976,-1.2526,0.6186,-1.7855,-1.1087,-1.6793,-1.2597,0.0772,GO_GOAL
10.66,-1.6952,-1.2509,0.6186,-1.7832,-1.1067,-1.6793,-1.2597,0.0777,GO_GOAL
10.68,-1.6927,-1.2492,0.6186,-1.781,-1.1046,-1.6793,-1.2597,0.0783,GO_GOAL
10.7,-1.6903,-1.2474,0.6186,-1.7788,-1.1026,-1.6793,-1.2597,0.0788,GO_GOAL
10.72,-1.6878,-1.2457,0.6186,-1.7766,-1.1006,-1.6671,-1.251,0.0794,GO_GOAL
10.74,-1.6854,-1.2439,0.6186,-1.7743,-1.0986,-1.6671,-1.251,0.0801,GO_GOAL
10.76,-1.683,-1.2422,0.6186,-1.7721,-1.0966,-1.6671,-1.251,0.0807,GO_GOAL
10.78,-1.6805,-1.2405,0.6186,-1.7699,-1.0946,-1.6671,-1.251,0.0814,GO_GOAL
10.8,-1.6781,-1.2387,0.6186,-1.7677,-1.0926,-1.6671,-1.251,0.0821,GO_GOAL
10.82,-1.6757,-1.237,0.6186,-1.7654,-1.0905,-1.6549,-1.2423,0.0828,GO_GOAL
10.84,-1.6732,-1.2353,0.6186,-1.7632,-1.0885,-1.6549,-1.2423,0.0835,GO_GOAL
10.86,-1.6708,-1.2335,0.6186,-1.761,-1.0865,-1.6549,-1.2423,0.0843,GO_GOAL
10.88,-1.6684,-1.2318,0.6186,-1.7588,-1.0845,-1.6549,-1.2423,0.085,GO_GOAL
10.9,-1.6659,-1.2301,0.6186,-1.7565,-1.0825,-1.6549,-1.2423,0.0858,GO_GOAL
10.92,-1.6635,-1.2283,0.6186,-1.7543,-1.0805,-1.6427,-1.2336,0.0867,GO_GOAL
10.94,-1.661,-1.2266,0.6186,-1.7521,-1.0785,-1.6427,-1.2336,0.0875,GO_GOAL
10.96,-1.6586,-1.2248,0.6186,-1.7499,-1.0765,-1.6427,-1.2336,0.0884,GO_GOAL
10.98,-1.6561,-1.2231,0.6186,-1.7477,-1.0744,-1.6427,-1.2336,0.0892,GO_GOAL
11.0,-1.6537,-1.2214,0.6186,-1.7454,-1.0724,-1.6427,-1.2336,0.0902,GO_GOAL
11.02,-1.6512,-1.2196,0.6186,-1.741,-1.0684,-1.6305,-1.2249,0.0911,GO_GOAL
11.04,-1.6488,-1.2179,0.6186,-1.741,-1.0684,-1.6305,-1.2249,0.092,GO_GOAL
11.06,-1.6464,-1.2162,0.6186,-1.7388,-1.0664,-1.6305,-1.2249,0.093,GO_GOAL
11.08,-1.6439,-1.2144,0.6186,-1.7365,-1.0644,-1.6305,-1.2249,0.094,GO_GOAL
11.1,-1.6415,-1.2127,0.6186,-1.7343,-1.0624,-1.6305,-1.2249,0.0949,GO_GOAL
11.12,-1.6391,-1.211,0.6186,-1.7321,-1.0603,-1.6182,-1.2162,0.096,GO_GOAL
11.14,-1.6366,-1.2092,0.6186,-1.7299,-1.0583,-1.6182,-1.2162,0.097,GO_GOAL
11.16,-1.6342,-1.2075,0.6186,-1.7276,-1.0563,-1.6182,-1.2162,0.0981,GO_GOAL
11.18,-1.6317,-1.2057,0.6186,-1.7254,-1.0543,-1.6182,-1.2162,0.0992,GO_GOAL
11.2,-1.6293,-1.204,0.6186,-1.7232,-1.0523,-1.6182,-1.2162,0.1003,GO_GOAL
11.22,-1.6268,-1.2023,0.6186,-1.7187,-1.0483,-1.606,-1.2075,0.1014,GO_GOAL
11.24,-1.6244,-1.2005,0.6186,-1.7187,-1.0483,-1.606,-1.2075,0.1025,GO_GOAL
11.26,-1.622,-1.1988,0.6186,-1.7165,-1.0463,-1.606,-1.2075,0.1037,GO_GOAL
11.28,-1.6195,-1.1971,0.6186,-1.7143,-1.0442,-1.606,-1.2075,0.1048,GO_GOAL
11.3,-1.6171,-1.1953,0.6186,-1.7121,-1.0422,-1.606,-1.2075,0.106,GO_GOAL
11.32,-1.6147,-1.1936,0.6186,-1.7098,-1.0402,-1.5938,-1.1988,0.1072,GO_GOAL
11.34,-1.6122,-1.1919,0.6186,-1.7076,-1.0382,-1.5938,-1.1988,0.1085,GO_GOAL
11.36,-1.6098,-1.1901,0.6186,-1.7054,-1.0362,-1.5938,-1.1988,0.1097,GO_GOAL
11.38,-1.6073,-1.1884,0.6186,-1.7009,-1.0322,-1.5938,-1.1988,0.111,GO_GOAL
11.4,-1.6049,-1.1866,0.6186,-1.7009,-1.0322,-1.5938,-1.1988,0.1123,GO_GOAL
11.42,-1.6024,-1.1849,0.6186,-1.6987,-1.0301,-1.5816,-1.1902,0.1136,GO_GOAL
11.44,-1.6,-1.1832,0.6186,-1.6943,-1.0261,-1.5816,-1.1902,0.1149,GO_GOAL
11.46,-1.5976,-1.1814,0.6186,-1.6943,-1.0261,-1.5816,-1.1902,0.1162,GO_GOAL
11.48,-1.5951,-1.1797,0.6186,-1.692,-1.0241,-1.5816,-1.1902,0.1175,GO_GOAL
11.5,-1.5927,-1.1779,0.6186,-1.6876,-1.0201,-1.5816,-1.1902,0.1189,GO_GOAL
11.52,-1.5902,-1.1762,0.6186,-1.6876,-1.0201,-1.5669,-1.1797,0.1203,GO_GOAL
11.54,-1.5878,-1.1745,0.6186,-1.6854,-1.0181,-1.5669,-1.1797,0.1217,GO_GOAL
11.56,-1.5854,-1.1727,0.6186,-1.6832,-1.0161,-1.5669,-1.1797,0.1231,GO_GOAL
11.58,-1.5829,-1.171,0.6186,-1.6809,-1.014,-1.5669,-1.1797,0.1245,GO_GOAL
11.6,-1.5805,-1.1693,0.6186,-1.6787,-1.012,-1.5669,-1.1797,0.126,GO_GOAL
11.62,-1.578,-1.1675,0.6186,-1.6765,-1.01,-1.5547,-1.171,0.1274,GO_GOAL
11.64,-1.5756,-1.1658,0.6186,-1.6743,-1.008,-1.5547,-1.171,0.1289,GO_GOAL
11.66,-1.5731,-1.164,0.6185,-1.672,-1.006,-1.5547,-1.171,0.1304,GO_GOAL
11.68,-1.5707,-1.1623,0.6185,-1.6698,-1.004,-1.5547,-1.171,0.1319,GO_GOAL
11.7,-1.5683,-1.1606,0.6185,-1.6676,-1.002,-1.5547,-1.171,0.1334,GO_GOAL
11.72,-1.5658,-1.1588,0.6185,-1.6631,-0.9979,-1.5449,-1.1641,0.135,GO_GOAL
11.74,-1.5634,-1.1571,0.6185,-1.6631,-0.9979,-1.5449,-1.1641,0.1365,GO_GOAL
11.76,-1.5609,-1.1554,0.6185,-1.6609,-0.9959,-1.5449,-1.1641,0.1381,GO_GOAL
11.78,-1.5585,-1.1536,0.6185,-1.6587,-0.9939,-1.5449,-1.1641,0.1397,GO_GOAL
11.8,-1.5561,-1.1519,0.6185,-1.6542,-0.9899,-1.5327,-1.1554,0.1413,GO_GOAL
11.82,-1.5536,-1.1501,0.6185,-1.6542,-0.9899,-1.5327,-1.1554,0.1429,GO_GOAL
11.84,-1.5512,-1.1484,0.6185,-1.652,-0.9879,-1.5327,-1.1554,0.1445,GO_GOAL
11.86,-1.5487,-1.1467,0.6185,-1.6498,-0.9859,-1.5327,-1.1554,0.1462,GO_GOAL
11.88,-1.5463,-1.1449,0.6185,-1.6476,-0.9838,-1.5327,-1.1554,0.1478,GO_GOAL
11.9,-1.5439,-1.1432,0.6185,-1.6453,-0.9818,-1.5327,-1.1554,0.1495,GO_GOAL
11.92,-1.5414,-1.1415,0.6185,-1.6409,-0.9778,-1.5205,-1.1467,0.1512,GO_GOAL
11.94,-1.539,-1.1397,0.6185,-1.6387,-0.9758,-1.5205,-1.1467,0.1529,GO_GOAL
11.96,-1.5365,-1.138,0.6185,-1.6387,-0.9758,-1.5205,-1.1467,0.1546,GO_GOAL
11.98,-1.5341,-1.1362,0.6185,-1.6364,-0.9738,-1.5205,-1.1467,0.1563,GO_GOAL
12.0,-1.5316,-1.1345,0.6185,-1.6342,-0.9718,-1.5205,-1.1467,0.158,GO_GOAL
12.02,-1.5292,-1.1328,0.6185,-1.632,-0.9698,-1.5083,-1.138,0.1598,GO_GOAL
12.04,-1.5268,-1.131,0.6185,-1.6298,-0.9677,-1.5083,-1.138,0.1615,GO_GOAL
12.06,-1.5243,-1.1293,0.6185,-1.6275,-0.9657,-1.5083,-1.138,0.1633,GO_GOAL
12.08,-1.5219,-1.1276,0.6185,-1.6253,-0.9637,-1.5083,-1.138,0.1651,GO_GOAL
12.1,-1.5194,-1.1258,0.6185,-1.6231,-0.9617,-1.5083,-1.138,0.1669,GO_GOAL
12.12,-1.517,-1.1241,0.6185,-1.6209,-0.9597,-1.496,-1.1293,0.1687,GO_GOAL
12.14,-1.5145,-1.1223,0.6185,-1.6186,-0.9577,-1.496,-1.1293,0.1705,GO_GOAL
12.16,-1.5121,-1.1206,0.6185,-1.6164,-0.9557,-1.496,-1.1293,0.1723,GO_GOAL
12.18,-1.5097,-1.1189,0.6185,-1.6142,-0.9536,-1.496,-1.1293,0.1742,GO_GOAL
12.2,-1.5072,-1.1171,0.6185,-1.612,-0.9516,-1.496,-1.1293,0.176,GO_GOAL
12.22,-1.5048,-1.1154,0.6185,-1.6098,-0.9496,-1.4838,-1.1206,0.1779,GO_GOAL
12.24,-1.5023,-1.1137,0.6185,-1.6075,-0.9476,-1.4838,-1.1206,0.1798,GO_GOAL
12.26,-1.4999,-1.1119,0.6185,-1.6053,-0.9456,-1.4838,-1.1206,0.1817,GO_GOAL
12.28,-1.4975,-1.1102,0.6185,-1.6031,-0.9436,-1.4838,-1.1206,0.1836,GO_GOAL
12.3,-1.495,-1.1084,0.6185,-1.6009,-0.9416,-1.4838,-1.1206,0.1855,GO_GOAL
12.32,-1.4926,-1.1067,0.6185,-1.5986,-0.9396,-1.4716,-1.1119,0.1874,GO_GOAL
12.34,-1.4901,-1.105,0.6185,-1.5964,-0.9375,-1.4716,-1.1119,0.1893,GO_GOAL
12.36,-1.4877,-1.1032,0.6185,-1.5942,-0.9355,-1.4716,-1.1119,0.1913,GO_GOAL
12.38,-1.4852,-1.1015,0.6185,-1.592,-0.9335,-1.4716,-1.1119,0.1932,GO_GOAL
12.4,-1.4828,-1.0997,0.6185,-1.5897,-0.9315,-1.4716,-1.1119,0.1952,GO_GOAL
12.42,-1.4804,-1.098,0.6185,-1.5875,-0.9295,-1.4594,-1.1032,0.1971,GO_GOAL
12.44,-1.4779,-1.0963,0.6185,-1.5853,-0.9275,-1.4594,-1.1032,0.1991,GO_GOAL
12.46,-1.4755,-1.0945,0.6185,-1.5831,-0.9255,-1.4594,-1.1032,0.2011,GO_GOAL
12.48,-1.473,-1.0928,0.6185,-1.5808,-0.9234,-1.4594,-1.1032,0.2031,GO_GOAL
12.5,-1.4706,-1.091,0.6185,-1.5786,-0.9214,-1.4594,-1.1032,0.2051,GO_GOAL
12.52,-1.4681,-1.0893,0.6185,-1.5742,-0.9174,-1.4472,-1.0945,0.2072,GO_GOAL
12.54,-1.4657,-1.0876,0.6185,-1.5742,-0.9174,-1.4472,-1.0945,0.2092,GO_GOAL
12.56,-1.4633,-1.0858,0.6185,-1.5697,-0.9134,-1.4472,-1.0945,0.2112,GO_GOAL
12.58,-1.4608,-1.0841,0.6185,-1.5697,-0.9134,-1.4472,-1.0945,0.2133,GO_GOAL
12.602,-1.4584,-1.0824,0.6185,-1.5653,-0.9094,-1.4472,-1.0945,0.2153,GO_GOAL
12.62,-1.4559,-1.0806,0.6185,-1.5653,-0.9094,-1.4325,-1.084,0.2174,GO_GOAL
12.64,-1.4535,-1.0789,0.6185,-1.563,-0.9073,-1.4325,-1.084,0.2195,GO_GOAL
12.66,-1.451,-1.0771,0.6185,-1.5608,-0.9053,-1.4325,-1.084,0.2216,GO_GOAL
12.68,-1.4486,-1.0754,0.6185,-1.5586,-0.9033,-1.4325,-1.084,0.2237,GO_GOAL
12.7,-1.4461,-1.0737,0.6185,-1.5541,-0.8993,-1.4227,-1.0771,0.2258,GO_GOAL
12.72,-1.4437,-1.0719,0.6185,-1.5519,-0.8973,-1.4227,-1.0771,0.2279,GO_GOAL
12.74,-1.4413,-1.0702,0.6185,-1.5497,-0.8953,-1.4227,-1.0771,0.23,GO_GOAL
12.76,-1.4388,-1.0684,0.6185,-1.5497,-0.8953,-1.4227,-1.0771,0.2321,GO_GOAL
12.782,-1.4364,-1.0667,0.6185,-1.5452,-0.8912,-1.4227,-1.0771,0.2343,GO_GOAL
12.802,-1.4339,-1.065,0.6185,-1.543,-0.8892,-1.4227,-1.0771,0.2364,GO_GOAL
12.82,-1.4315,-1.0632,0.6185,-1.543,-0.8892,-1.4081,-1.0666,0.2386,GO_GOAL
12.84,-1.429,-1.0615,0.6185,-1.5408,-0.8872,-1.4081,-1.0666,0.2407,GO_GOAL
12.858,-1.4266,-1.0597,0.6185,-1.5386,-0.8852,-1.4081,-1.0666,0.2429,GO_GOAL
12.88,-1.4241,-1.058,0.6185,-1.5364,-0.8832,-1.4081,-1.0666,0.2451,GO_GOAL
12.9,-1.4217,-1.0563,0.6185,-1.5341,-0.8812,-1.3983,-1.0597,0.2473,GO_GOAL
12.92,-1.4193,-1.0545,0.6185,-1.5319,-0.8792,-1.3983,-1.0597,0.2495,GO_GOAL
12.94,-1.4168,-1.0528,0.6185,-1.5297,-0.8771,-1.3983,-1.0597,0.2517,GO_GOAL
12.96,-1.4144,-1.051,0.6185,-1.5275,-0.8751,-1.3983,-1.0597,0.2539,GO_GOAL
12.98,-1.4119,-1.0493,0.6185,-1.523,-0.8711,-1.3983,-1.0597,0.2561,GO_GOAL
13.0,-1.4095,-1.0476,0.6185,-1.523,-0.8711,-1.3983,-1.0597,0.2583,GO_GOAL
13.02,-1.407,-1.0458,0.6185,-1.5208,-0.8691,-1.3861,-1.051,0.2605,GO_GOAL
13.04,-1.4046,-1.0441,0.6185,-1.5186,-0.8671,-1.3861,-1.051,0.2628,GO_GOAL
13.06,-1.4021,-1.0423,0.6185,-1.5141,-0.8631,-1.3861,-1.051,0.265,GO_GOAL
13.08,-1.3997,-1.0406,0.6185,-1.5141,-0.8631,-1.3861,-1.051,0.2673,GO_GOAL
13.1,-1.3973,-1.0389,0.6185,-1.5097,-0.859,-1.3861,-1.051,0.2695,GO_GOAL
13.12,-1.3948,-1.0371,0.6185,-1.5097,-0.859,-1.3714,-1.0405,0.2718,GO_GOAL
13.14,-1.3924,-1.0354,0.6185,-1.5074,-0.857,-1.3714,-1.0405,0.2741,GO_GOAL
13.16,-1.3899,-1.0336,0.6185,-1.5052,-0.855,-1.3714,-1.0405,0.2763,GO_GOAL
13.18,-1.3875,-1.0319,0.6185,-1.503,-0.853,-1.3714,-1.0405,0.2786,GO_GOAL
13.2,-1.385,-1.0302,0.6185,-1.5008,-0.851,-1.3714,-1.0405,0.2809,GO_GOAL
13.22,-1.3826,-1.0284,0.6185,-1.4985,-0.849,-1.3616,-1.0336,0.2832,GO_GOAL
13.24,-1.3801,-1.0267,0.6185,-1.4941,-0.8449,-1.3616,-1.0336,0.2855,GO_GOAL
13.26,-1.3777,-1.0249,0.6185,-1.4941,-0.8449,-1.3616,-1.0336,0.2878,GO_GOAL
13.28,-1.3753,-1.0232,0.6185,-1.4919,-0.8429,-1.3616,-1.0336,0.2901,GO_GOAL
13.3,-1.3728,-1.0215,0.6185,-1.4896,-0.8409,-1.3616,-1.0336,0.2924,GO_GOAL
13.32,-1.3704,-1.0197,0.6185,-1.4874,-0.8389,-1.3494,-1.0249,0.2948,GO_GOAL
13.34,-1.3679,-1.018,0.6185,-1.4852,-0.8369,-1.3494,-1.0249,0.2971,GO_GOAL
13.36,-1.3655,-1.0162,0.6185,-1.483,-0.8349,-1.3494,-1.0249,0.2994,GO_GOAL
13.38,-1.363,-1.0145,0.6185,-1.4807,-0.8329,-1.3494,-1.0249,0.3018,GO_GOAL
13.4,-1.3606,-1.0128,0.6185,-1.4785,-0.8308,-1.3494,-1.0249,0.3041,GO_GOAL
13.42,-1.3582,-1.011,0.6185,-1.4763,-0.8288,-1.3372,-1.0162,0.3065,GO_GOAL
13.44,-1.3557,-1.0093,0.6185,-1.4718,-0.8248,-1.3372,-1.0162,0.3088,GO_GOAL
13.46,-1.3533,-1.0076,0.6185,-1.4718,-0.8248,-1.3372,-1.0162,0.3112,GO_GOAL
13.48,-1.3508,-1.0058,0.6185,-1.4696,-0.8228,-1.3372,-1.0162,0.3136,GO_GOAL
13.5,-1.3484,-1.0041,0.6185,-1.4674,-0.8208,-1.3372,-1.0162,0.316,GO_GOAL
13.52,-1.3459,-1.0023,0.6185,-1.4652,-0.8188,-1.325,-1.0075,0.3183,GO_GOAL
13.54,-1.3435,-1.0006,0.6185,-1.4607,-0.8147,-1.325,-1.0075,0.3207,GO_GOAL
13.56,-1.341,-0.9989,0.6185,-1.4607,-0.8147,-1.325,-1.0075,0.3231,GO_GOAL
13.58,-1.3386,-0.9971,0.6185,-1.4585,-0.8127,-1.325,-1.0075,0.3255,GO_GOAL
13.6,-1.3362,-0.9954,0.6185,-1.4563,-0.8107,-1.325,-1.0075,0.3279,GO_GOAL
13.62,-1.3337,-0.9936,0.6185,-1.4541,-0.8087,-1.3127,-0.9988,0.3303,GO_GOAL
13.64,-1.3313,-0.9919,0.6185,-1.4518,-0.8067,-1.3127,-0.9988,0.3327,GO_GOAL
13.66,-1.3288,-0.9902,0.6185,-1.4496,-0.8047,-1.3127,-0.9988,0.3352,GO_GOAL
13.68,-1.3264,-0.9884,0.6185,-1.4474,-0.8027,-1.3127,-0.9988,0.3376,GO_GOAL
13.7,-1.3239,-0.9867,0.6185,-1.4452,-0.8006,-1.3127,-0.9988,0.34,GO_GOAL
13.72,-1.3215,-0.9849,0.6185,-1.4429,-0.7986,-1.2981,-0.9883,0.3424,GO_GOAL
13.74,-1.319,-0.9832,0.6185,-1.4407,-0.7966,-1.2981,-0.9883,0.3449,GO_GOAL
13.76,-1.3166,-0.9815,0.6185,-1.4363,-0.7926,-1.2981,-0.9883,0.3473,GO_GOAL
13.78,-1.3142,-0.9797,0.6185,-1.4363,-0.7926,-1.2981,-0.9883,0.3498,GO_GOAL
13.8,-1.3117,-0.978,0.6185,-1.434,-0.7906,-1.2981,-0.9883,0.3522,GO_GOAL
13.82,-1.3093,-0.9762,0.6185,-1.4318,-0.7886,-1.2883,-0.9814,0.3547,GO_GOAL
13.84,-1.3068,-0.9745,0.6185,-1.4296,-0.7866,-1.2883,-0.9814,0.3571,GO_GOAL
13.86,-1.3044,-0.9728,0.6185,-1.4274,-0.7845,-1.2883,-0.9814,0.3596,GO_GOAL
13.88,-1.3019,-0.971,0.6185,-1.4251,-0.7825,-1.2883,-0.9814,0.3621,GO_GOAL
13.9,-1.2995,-0.9693,0.6185,-1.4229,-0.7805,-1.2883,-0.9814,0.3645,GO_GOAL
13.92,-1.297,-0.9675,0.6185,-1.4185,-0.7765,-1.2761,-0.9727,0.367,GO_GOAL
13.94,-1.2946,-0.9658,0.6185,-1.4185,-0.7765,-1.2761,-0.9727,0.3695,GO_GOAL
13.96,-1.2922,-0.9641,0.6185,-1.4162,-0.7745,-1.2761,-0.9727,0.372,GO_GOAL
13.98,-1.2897,-0.9623,0.6185,-1.414,-0.7725,-1.2761,-0.9727,0.3745,GO_GOAL
14.0,-1.2873,-0.9606,0.6185,-1.4096,-0.7684,-1.2639,-0.964,0.377,GO_GOAL
14.02,-1.2848,-0.9588,0.6185,-1.4096,-0.7684,-1.2639,-0.964,0.3795,GO_GOAL
14.04,-1.2824,-0.9571,0.6185,-1.4073,-0.7664,-1.2639,-0.964,0.382,GO_GOAL
14.06,-1.2799,-0.9554,0.6185,-1.4051,-0.7644,-1.2639,-0.964,0.3845,GO_GOAL
14.08,-1.2775,-0.9536,0.6185,-1.4029,-0.7624,-1.2639,-0.964,0.387,GO_GOAL
14.1,-1.275,-0.9519,0.6185,-1.4007,-0.7604,-1.2639,-0.964,0.3895,GO_GOAL
14.12,-1.2726,-0.9501,0.6185,-1.3985,-0.7584,-1.2516,-0.9553,0.392,GO_GOAL
14.14,-1.2702,-0.9484,0.6185,-1.3962,-0.7564,-1.2516,-0.9553,0.3945,GO_GOAL
14.16,-1.2677,-0.9467,0.6185,-1.394,-0.7543,-1.2516,-0.9553,0.3971,GO_GOAL
14.18,-1.2653,-0.9449,0.6185,-1.3896,-0.7503,-1.2516,-0.9553,0.3996,GO_GOAL
14.2,-1.2628,-0.9432,0.6185,-1.3896,-0.7503,-1.2516,-0.9553,0.4021,GO_GOAL
14.22,-1.2604,-0.9414,0.6185,-1.3873,-0.7483,-1.2394,-0.9466,0.4047,GO_GOAL
14.24,-1.2579,-0.9397,0.6185,-1.3851,-0.7463,-1.2394,-0.9466,0.4072,GO_GOAL
14.26,-1.2555,-0.938,0.6185,-1.3807,-0.7423,-1.2394,-0.9466,0.4097,GO_GOAL
14.28,-1.2531,-0.9362,0.6185,-1.3807,-0.7423,-1.2394,-0.9466,0.4123,GO_GOAL
14.3,-1.2506,-0.9345,0.6185,-1.3784,-0.7403,-1.2394,-0.9466,0.4148,GO_GOAL
14.32,-1.2482,-0.9328,0.6185,-1.374,-0.7362,-1.2272,-0.9379,0.4174,GO_GOAL
14.34,-1.2457,-0.931,0.6185,-1.374,-0.7362,-1.2272,-0.9379,0.42,GO_GOAL
14.36,-1.2433,-0.9293,0.6185,-1.3718,-0.7342,-1.2272,-0.9379,0.4225,GO_GOAL
14.38,-1.2408,-0.9275,0.6185,-1.3673,-0.7302,-1.2272,-0.9379,0.4251,GO_GOAL
14.4,-1.2384,-0.9258,0.6185,-1.3673,-0.7302,-1.2272,-0.9379,0.4276,GO_GOAL
14.42,-1.2359,-0.9241,0.6185,-1.3651,-0.7282,-1.215,-0.9292,0.4302,GO_GOAL
14.44,-1.2335,-0.9223,0.6185,-1.3629,-0.7262,-1.215,-0.9292,0.4328,GO_GOAL
14.46,-1.2311,-0.9206,0.6185,-1.3606,-0.7241,-1.215,-0.9292,0.4354,GO_GOAL
14.48,-1.2286,-0.9188,0.6185,-1.3584,-0.7221,-1.215,-0.9292,0.4379,GO_GOAL
14.5,-1.2262,-0.9171,0.6185,-1.3562,-0.7201,-1.215,-0.9292,0.4405,GO_GOAL
14.52,-1.2237,-0.9154,0.6185,-1.3517,-0.7161,-1.2028,-0.9205,0.4431,GO_GOAL
14.54,-1.2213,-0.9136,0.6185,-1.3517,-0.7161,-1.2028,-0.9205,0.4457,GO_GOAL
14.56,-1.2188,-0.9119,0.6185,-1.3495,-0.7141,-1.2028,-0.9205,0.4483,GO_GOAL
14.58,-1.2164,-0.9101,0.6185,-1.3473,-0.7121,-1.2028,-0.9205,0.4509,GO_GOAL
14.6,-1.2139,-0.9084,0.6185,-1.3451,-0.7101,-1.2028,-0.9205,0.4535,GO_GOAL
14.62,-1.2115,-0.9067,0.6185,-1.3428,-0.708,-1.1905,-0.9118,0.4531,GO_GOAL
14.64,-1.2091,-0.9049,0.6185,-1.3406,-0.706,-1.1905,-0.9118,0.4507,GO_GOAL
14.66,-1.2066,-0.9032,0.6185,-1.3384,-0.704,-1.1905,-0.9118,0.4483,GO_GOAL
14.68,-1.2042,-0.9014,0.6185,-1.3362,-0.702,-1.1905,-0.9118,0.4459,GO_GOAL
14.7,-1.2017,-0.8997,0.6185,-1.3339,-0.7,-1.1905,-0.9118,0.4435,GO_GOAL
14.716,-1.1993,-0.898,0.6185,-1.3317,-0.698,-1.1783,-0.9031,0.4411,GO_GOAL
14.74,-1.1968,-0.8962,0.6185,-1.3295,-0.696,-1.1783,-0.9031,0.4387,GO_GOAL
14.76,-1.1944,-0.8945,0.6185,-1.3273,-0.6939,-1.1783,-0.9031,0.4363,GO_GOAL
14.78,-1.1919,-0.8927,0.6185,-1.3251,-0.6919,-1.1783,-0.9031,0.434,GO_GOAL
14.8,-1.1895,-0.891,0.6185,-1.3206,-0.6879,-1.1783,-0.9031,0.4316,GO_GOAL
14.82,-1.1871,-0.8893,0.6185,-1.3206,-0.6879,-1.1661,-0.8944,0.4292,GO_GOAL
14.84,-1.1846,-0.8875,0.6185,-1.3184,-0.6859,-1.1661,-0.8944,0.4268,GO_GOAL
14.86,-1.1822,-0.8858,0.6185,-1.3162,-0.6839,-1.1661,-0.8944,0.4245,GO_GOAL
14.88,-1.1797,-0.884,0.6185,-1.3139,-0.6819,-1.1661,-0.8944,0.4221,GO_GOAL
14.9,-1.1773,-0.8823,0.6185,-1.3095,-0.6778,-1.1539,-0.8857,0.4198,GO_GOAL
14.92,-1.1748,-0.8806,0.6185,-1.3095,-0.6778,-1.1539,-0.8857,0.4174,GO_GOAL
14.94,-1.1724,-0.8788,0.6185,-1.3073,-0.6758,-1.1539,-0.8857,0.4151,GO_GOAL
14.96,-1.17,-0.8771,0.6185,-1.305,-0.6738,-1.1539,-0.8857,0.4127,GO_GOAL
14.98,-1.1675,-0.8753,0.6185,-1.3028,-0.6718,-1.1539,-0.8857,0.4104,GO_GOAL
15.0,-1.1651,-0.8736,0.6185,-1.3006,-0.6698,-1.1539,-0.8857,0.4081,GO_GOAL
15.02,-1.1626,-0.8719,0.6185,-1.2984,-0.6678,-1.1417,-0.877,0.4057,GO_GOAL
15.04,-1.1602,-0.8701,0.6185,-1.2961,-0.6658,-1.1417,-0.877,0.4034,GO_GOAL
15.06,-1.1577,-0.8684,0.6185,-1.2939,-0.6637,-1.1417,-0.877,0.4011,GO_GOAL
15.08,-1.1553,-0.8666,0.6185,-1.2917,-0.6617,-1.1417,-0.877,0.3988,GO_GOAL
15.1,-1.1528,-0.8649,0.6185,-1.2872,-0.6577,-1.1294,-0.8683,0.3965,GO_GOAL
15.12,-1.1504,-0.8632,0.6185,-1.285,-0.6557,-1.1294,-0.8683,0.3942,GO_GOAL
15.14,-1.148,-0.8614,0.6185,-1.285,-0.6557,-1.1294,-0.8683,0.3919,GO_GOAL
15.16,-1.1455,-0.8597,0.6185,-1.2806,-0.6517,-1.1294,-0.8683,0.3896,GO_GOAL
15.18,-1.1431,-0.858,0.6185,-1.2806,-0.6517,-1.1294,-0.8683,0.3873,GO_GOAL
15.2,-1.1406,-0.8562,0.6185,-1.2783,-0.6497,-1.1294,-0.8683,0.3851,GO_GOAL
15.22,-1.1382,-0.8545,0.6185,-1.2761,-0.6476,-1.1172,-0.8596,0.3828,GO_GOAL
15.24,-1.1357,-0.8527,0.6185,-1.2739,-0.6456,-1.1172,-0.8596,0.3805,GO_GOAL
15.26,-1.1333,-0.851,0.6185,-1.2717,-0.6436,-1.1172,-0.8596,0.3783,GO_GOAL
15.28,-1.1308,-0.8493,0.6185,-1.2694,-0.6416,-1.1172,-0.8596,0.376,GO_GOAL
15.3,-1.1284,-0.8475,0.6185,-1.2672,-0.6396,-1.1172,-0.8596,0.3737,GO_GOAL
15.318,-1.126,-0.8458,0.6185,-1.265,-0.6376,-1.105,-0.8509,0.3715,GO_GOAL
15.34,-1.1235,-0.844,0.6185,-1.2628,-0.6356,-1.105,-0.8509,0.3693,GO_GOAL
15.36,-1.1211,-0.8423,0.6185,-1.2606,-0.6336,-1.105,-0.8509,0.367,GO_GOAL
15.38,-1.1186,-0.8406,0.6185,-1.2583,-0.6315,-1.105,-0.8509,0.3648,GO_GOAL
15.4,-1.1162,-0.8388,0.6186,-1.2561,-0.6295,-1.105,-0.8509,0.3626,GO_GOAL
15.42,-1.1137,-0.8371,0.6186,-1.2539,-0.6275,-1.0903,-0.8405,0.3604,GO_GOAL
15.44,-1.1113,-0.8353,0.6186,-1.2517,-0.6255,-1.0903,-0.8405,0.3582,GO_GOAL
15.46,-1.1088,-0.8336,0.6186,-1.2472,-0.6215,-1.0903,-0.8405,0.356,GO_GOAL
15.48,-1.1064,-0.8319,0.6186,-1.2472,-0.6215,-1.0903,-0.8405,0.3538,GO_GOAL
15.5,-1.104,-0.8301,0.6186,-1.245,-0.6195,-1.0903,-0.8405,0.3516,GO_GOAL
15.52,-1.1015,-0.8284,0.6186,-1.2428,-0.6174,-1.0806,-0.8335,0.3494,GO_GOAL
15.54,-1.0991,-0.8266,0.6186,-1.2383,-0.6134,-1.0806,-0.8335,0.3472,GO_GOAL
15.56,-1.0966,-0.8249,0.6186,-1.2383,-0.6134,-1.0806,-0.8335,0.345,GO_GOAL
15.58,-1.0942,-0.8232,0.6185,-1.2361,-0.6114,-1.0806,-0.8335,0.3429,GO_GOAL
15.6,-1.0917,-0.8214,0.6185,-1.2339,-0.6094,-1.0806,-0.8335,0.3407,GO_GOAL
15.62,-1.0893,-0.8197,0.6185,-1.2316,-0.6074,-1.0683,-0.8248,0.3386,GO_GOAL
15.64,-1.0868,-0.8179,0.6185,-1.2294,-0.6054,-1.0683,-0.8248,0.3364,GO_GOAL
15.66,-1.0844,-0.8162,0.6185,-1.2272,-0.6034,-1.0683,-0.8248,0.3343,GO_GOAL
15.68,-1.082,-0.8145,0.6185,-1.2227,-0.5993,-1.0683,-0.8248,0.3322,GO_GOAL
15.7,-1.0795,-0.8127,0.6185,-1.2227,-0.5993,-1.0683,-0.8248,0.33,GO_GOAL
15.72,-1.0771,-0.811,0.6185,-1.2205,-0.5973,-1.0561,-0.8161,0.3279,GO_GOAL
15.74,-1.0746,-0.8092,0.6185,-1.2183,-0.5953,-1.0561,-0.8161,0.3258,GO_GOAL
15.76,-1.0722,-0.8075,0.6185,-1.2161,-0.5933,-1.0561,-0.8161,0.3237,GO_GOAL
15.78,-1.0697,-0.8058,0.6185,-1.2138,-0.5913,-1.0561,-0.8161,0.3216,GO_GOAL
15.8,-1.0673,-0.804,0.6185,-1.2116,-0.5893,-1.0561,-0.8161,0.3195,GO_GOAL
15.82,-1.0649,-0.8023,0.6185,-1.2094,-0.5872,-1.0439,-0.8074,0.3175,GO_GOAL
15.84,-1.0624,-0.8005,0.6185,-1.2072,-0.5852,-1.0439,-0.8074,0.3154,GO_GOAL
15.86,-1.06,-0.7988,0.6185,-1.2049,-0.5832,-1.0439,-0.8074,0.3133,GO_GOAL
15.88,-1.0575,-0.7971,0.6185,-1.2027,-0.5812,-1.0439,-0.8074,0.3113,GO_GOAL
15.9,-1.0551,-0.7953,0.6185,-1.2005,-0.5792,-1.0439,-0.8074,0.3092,GO_GOAL
15.92,-1.0526,-0.7936,0.6185,-1.1983,-0.5772,-1.0317,-0.7987,0.3072,GO_GOAL
15.94,-1.0502,-0.7918,0.6185,-1.1938,-0.5732,-1.0317,-0.7987,0.3051,GO_GOAL
15.96,-1.0477,-0.7901,0.6185,-1.1938,-0.5732,-1.0317,-0.7987,0.3031,GO_GOAL
15.98,-1.0453,-0.7884,0.6185,-1.1916,-0.5711,-1.0317,-0.7987,0.3011,GO_GOAL
16.0,-1.0429,-0.7866,0.6185,-1.1894,-0.5691,-1.0317,-0.7987,0.2991,GO_GOAL
16.02,-1.0404,-0.7849,0.6185,-1.1872,-0.5671,-1.0195,-0.79,0.2971,GO_GOAL
16.04,-1.038,-0.7831,0.6185,-1.1849,-0.5651,-1.0195,-0.79,0.2951,GO_GOAL
16.06,-1.0355,-0.7814,0.6185,-1.1827,-0.5631,-1.0195,-0.79,0.2931,GO_GOAL
16.08,-1.0331,-0.7797,0.6185,-1.1783,-0.5591,-1.0195,-0.79,0.2911,GO_GOAL
16.1,-1.0306,-0.7779,0.6185,-1.176,-0.557,-1.0072,-0.7813,0.2892,GO_GOAL
16.12,-1.0282,-0.7762,0.6185,-1.176,-0.557,-1.0072,-0.7813,0.2872,GO_GOAL
16.14,-1.0257,-0.7745,0.6185,-1.1738,-0.555,-1.0072,-0.7813,0.2853,GO_GOAL
16.16,-1.0233,-0.7727,0.6185,-1.1716,-0.553,-1.0072,-0.7813,0.2833,GO_GOAL
16.18,-1.0209,-0.771,0.6185,-1.1694,-0.551,-1.0072,-0.7813,0.2814,GO_GOAL
16.2,-1.0184,-0.7692,0.6185,-1.1671,-0.549,-1.0072,-0.7813,0.2795,GO_GOAL
16.22,-1.016,-0.7675,0.6185,-1.1649,-0.547,-0.995,-0.7726,0.2776,GO_GOAL
16.24,-1.0135,-0.7658,0.6185,-1.1627,-0.545,-0.995,-0.7726,0.2756,GO_GOAL
16.26,-1.0111,-0.764,0.6185,-1.1605,-0.543,-0.995,-0.7726,0.2738,GO_GOAL
16.28,-1.0086,-0.7623,0.6185,-1.1582,-0.5409,-0.995,-0.7726,0.2719,GO_GOAL
16.3,-1.0062,-0.7605,0.6185,-1.156,-0.5389,-0.9828,-0.7639,0.27,GO_GOAL
16.32,-1.0037,-0.7588,0.6185,-1.1516,-0.5349,-0.9828,-0.7639,0.2681,GO_GOAL
16.34,-1.0013,-0.7571,0.6185,-1.1516,-0.5349,-0.9828,-0.7639,0.2663,GO_GOAL
16.36,-0.9989,-0.7553,0.6185,-1.1493,-0.5329,-0.9828,-0.7639,0.2644,GO_GOAL
16.38,-0.9964,-0.7536,0.6185,-1.1471,-0.5309,-0.9828,-0.7639,0.2626,GO_GOAL
16.4,-0.994,-0.7518,0.6185,-1.1449,-0.5289,-0.9828,-0.7639,0.2607,GO_GOAL
16.42,-0.9915,-0.7501,0.6185,-1.1427,-0.5269,-0.9706,-0.7552,0.2589,GO_GOAL
16.44,-0.9891,-0.7484,0.6185,-1.1404,-0.5248,-0.9706,-0.7552,0.2571,GO_GOAL
16.46,-0.9866,-0.7466,0.6185,-1.1382,-0.5228,-0.9706,-0.7552,0.2553,GO_GOAL
16.48,-0.9842,-0.7449,0.6185,-1.136,-0.5208,-0.9706,-0.7552,0.2535,GO_GOAL
16.5,-0.9818,-0.7431,0.6185,-1.1338,-0.5188,-0.9706,-0.7552,0.2517,GO_GOAL
16.52,-0.9793,-0.7414,0.6185,-1.1315,-0.5168,-0.9584,-0.7465,0.25,GO_GOAL
16.54,-0.9769,-0.7397,0.6185,-1.1293,-0.5148,-0.9584,-0.7465,0.2482,GO_GOAL
16.56,-0.9744,-0.7379,0.6185,-1.1271,-0.5128,-0.9584,-0.7465,0.2465,GO_GOAL
16.58,-0.972,-0.7362,0.6185,-1.1249,-0.5107,-0.9584,-0.7465,0.2447,GO_GOAL
16.6,-0.9695,-0.7344,0.6185,-1.1204,-0.5067,-0.9461,-0.7378,0.243,GO_GOAL
16.62,-0.9671,-0.7327,0.6185,-1.1204,-0.5067,-0.9461,-0.7378,0.2413,GO_GOAL
16.64,-0.9646,-0.731,0.6185,-1.1182,-0.5047,-0.9461,-0.7378,0.2396,GO_GOAL
16.66,-0.9622,-0.7292,0.6185,-1.1138,-0.5007,-0.9461,-0.7378,0.2379,GO_GOAL
16.68,-0.9598,-0.7275,0.6185,-1.1138,-0.5007,-0.9461,-0.7378,0.2362,GO_GOAL
16.7,-0.9573,-0.7257,0.6185,-1.1115,-0.4987,-0.9461,-0.7378,0.2346,GO_GOAL
16.72,-0.9549,-0.724,0.6185,-1.1093,-0.4967,-0.9339,-0.7291,0.2329,GO_GOAL
16.74,-0.9524,-0.7223,0.6185,-1.1071,-0.4946,-0.9339,-0.7291,0.2312,GO_GOAL
16.76,-0.95,-0.7205,0.6185,-1.1049,-0.4926,-0.9339,-0.7291,0.2296,GO_GOAL
16.78,-0.9475,-0.7188,0.6185,-1.1026,-0.4906,-0.9339,-0.7291,0.228,GO_GOAL
16.8,-0.9451,-0.717,0.6185,-1.1004,-0.4886,-0.9339,-0.7291,0.2264,GO_GOAL
16.82,-0.9426,-0.7153,0.6185,-1.0982,-0.4866,-0.9217,-0.7204,0.2248,GO_GOAL
16.84,-0.9402,-0.7136,0.6185,-1.096,-0.4846,-0.9217,-0.7204,0.2232,GO_GOAL
16.86,-0.9378,-0.7118,0.6185,-1.0937,-0.4826,-0.9217,-0.7204,0.2216,GO_GOAL
16.88,-0.9353,-0.7101,0.6185,-1.0915,-0.4805,-0.9217,-0.7204,0.2201,GO_GOAL
16.9,-0.9329,-0.7083,0.6185,-1.0893,-0.4785,-0.9217,-0.7204,0.2185,GO_GOAL
16.92,-0.9304,-0.7066,0.6185,-1.0871,-0.4765,-0.9095,-0.7117,0.217,GO_GOAL
16.94,-0.928,-0.7049,0.6185,-1.0848,-0.4745,-0.9095,-0.7117,0.2154,GO_GOAL
16.96,-0.9255,-0.7031,0.6185,-1.0826,-0.4725,-0.9095,-0.7117,0.2139,GO_GOAL
16.98,-0.9231,-0.7014,0.6185,-1.0804,-0.4705,-0.9095,-0.7117,0.2124,GO_GOAL
17.0,-0.9206,-0.6996,0.6185,-1.0782,-0.4685,-0.9095,-0.7117,0.2109,GO_GOAL
17.02,-0.9182,-0.6979,0.6185,-1.0759,-0.4665,-0.8973,-0.703,0.2095,GO_GOAL
17.04,-0.9158,-0.6962,0.6185,-1.0737,-0.4644,-0.8973,-0.703,0.208,GO_GOAL
17.06,-0.9133,-0.6944,0.6185,-1.0715,-0.4624,-0.8973,-0.703,0.2066,GO_GOAL
17.08,-0.9109,-0.6927,0.6185,-1.0693,-0.4604,-0.8973,-0.703,0.2051,GO_GOAL
17.1,-0.9084,-0.691,0.6185,-1.067,-0.4584,-0.8973,-0.703,0.2037,GO_GOAL
17.12,-0.906,-0.6892,0.6185,-1.0648,-0.4564,-0.885,-0.6943,0.2023,GO_GOAL
17.14,-0.9035,-0.6875,0.6185,-1.0604,-0.4524,-0.885,-0.6943,0.2009,GO_GOAL
17.16,-0.9011,-0.6857,0.6185,-1.0604,-0.4524,-0.885,-0.6943,0.1995,GO_GOAL
17.18,-0.8986,-0.684,0.6185,-1.0581,-0.4504,-0.885,-0.6943,0.1982,GO_GOAL
17.2,-0.8962,-0.6823,0.6185,-1.0559,-0.4483,-0.885,-0.6943,0.1968,GO_GOAL
17.22,-0.8938,-0.6805,0.6185,-1.0537,-0.4463,-0.8728,-0.6856,0.1955,GO_GOAL
17.24,-0.8913,-0.6788,0.6185,-1.0515,-0.4443,-0.8728,-0.6856,0.1941,GO_GOAL
17.26,-0.8889,-0.677,0.6185,-1.047,-0.4403,-0.8728,-0.6856,0.1928,GO_GOAL
17.28,-0.8864,-0.6753,0.6185,-1.047,-0.4403,-0.8728,-0.6856,0.1915,GO_GOAL
17.3,-0.884,-0.6736,0.6185,-1.0448,-0.4383,-0.8728,-0.6856,0.1903,GO_GOAL
17.32,-0.8815,-0.6718,0.6185,-1.0426,-0.4363,-0.8606,-0.6769,0.189,GO_GOAL
17.34,-0.8791,-0.6701,0.6185,-1.0404,-0.4342,-0.8606,-0.6769,0.1877,GO_GOAL
17.36,-0.8767,-0.6683,0.6185,-1.0381,-0.4322,-0.8606,-0.6769,0.1865,GO_GOAL
17.38,-0.8742,-0.6666,0.6185,-1.0337,-0.4282,-0.8606,-0.6769,0.1853,GO_GOAL
17.4,-0.8718,-0.6649,0.6185,-1.0337,-0.4282,-0.8606,-0.6769,0.1841,GO_GOAL
17.42,-0.8693,-0.6631,0.6185,-1.0292,-0.4242,-0.8484,-0.6682,0.1829,GO_GOAL
17.44,-0.8669,-0.6614,0.6185,-1.0292,-0.4242,-0.8484,-0.6682,0.1817,GO_GOAL
17.46,-0.8644,-0.6596,0.6185,-1.027,-0.4222,-0.8484,-0.6682,0.1806,GO_GOAL
17.48,-0.862,-0.6579,0.6185,-1.0248,-0.4202,-0.8484,-0.6682,0.1794,GO_GOAL
17.5,-0.8595,-0.6562,0.6185,-1.0226,-0.4181,-0.8484,-0.6682,0.1783,GO_GOAL
17.52,-0.8571,-0.6544,0.6185,-1.0203,-0.4161,-0.8362,-0.6595,0.1772,GO_GOAL
17.54,-0.8547,-0.6527,0.6185,-1.0181,-0.4141,-0.8362,-0.6595,0.1761,GO_GOAL
17.56,-0.8522,-0.6509,0.6185,-1.0137,-0.4101,-0.8362,-0.6595,0.175,GO_GOAL
17.58,-0.8498,-0.6492,0.6185,-1.0137,-0.4101,-0.8362,-0.6595,0.174,GO_GOAL
17.6,-0.8473,-0.6475,0.6185,-1.0114,-0.4081,-0.8362,-0.6595,0.1729,GO_GOAL
17.62,-0.8449,-0.6457,0.6185,-1.0092,-0.4061,-0.8239,-0.6508,0.1719,GO_GOAL
17.64,-0.8424,-0.644,0.6185,-1.007,-0.404,-0.8239,-0.6508,0.1709,GO_GOAL
17.66,-0.84,-0.6422,0.6185,-1.0048,-0.402,-0.8239,-0.6508,0.1699,GO_GOAL
17.68,-0.8375,-0.6405,0.6185,-1.0025,-0.4,-0.8239,-0.6508,0.1689,GO_GOAL
17.7,-0.8351,-0.6388,0.6185,-1.0003,-0.398,-0.8239,-0.6508,0.1679,GO_GOAL
17.72,-0.8327,-0.637,0.6185,-0.9959,-0.394,-0.8117,-0.6421,0.167,GO_GOAL
17.74,-0.8302,-0.6353,0.6185,-0.9959,-0.394,-0.8117,-0.6421,0.1661,GO_GOAL
17.76,-0.8278,-0.6335,0.6185,-0.9936,-0.392,-0.8117,-0.6421,0.1651,GO_GOAL
17.78,-0.8253,-0.6318,0.6185,-0.9914,-0.39,-0.8117,-0.6421,0.1642,GO_GOAL
17.8,-0.8229,-0.6301,0.6185,-0.9892,-0.3879,-0.8117,-0.6421,0.1634,GO_GOAL
17.82,-0.8204,-0.6283,0.6185,-0.987,-0.3859,-0.7995,-0.6334,0.1625,GO_GOAL
17.84,-0.818,-0.6266,0.6185,-0.9848,-0.3839,-0.7995,-0.6334,0.1617,GO_GOAL
17.86,-0.8155,-0.6248,0.6185,-0.9825,-0.3819,-0.7995,-0.6334,0.1608,GO_GOAL
17.88,-0.8131,-0.6231,0.6185,-0.9803,-0.3799,-0.7995,-0.6334,0.16,GO_GOAL
17.9,-0.8107,-0.6214,0.6185,-0.9781,-0.3779,-0.7995,-0.6334,0.1592,GO_GOAL
17.92,-0.8082,-0.6196,0.6185,-0.9759,-0.3759,-0.7873,-0.6247,0.1585,GO_GOAL
17.94,-0.8058,-0.6179,0.6185,-0.9736,-0.3738,-0.7873,-0.6247,0.1577,GO_GOAL
17.96,-0.8033,-0.6161,0.6185,-0.9714,-0.3718,-0.7873,-0.6247,0.157,GO_GOAL
17.98,-0.8009,-0.6144,0.6185,-0.9692,-0.3698,-0.7873,-0.6247,0.1563,GO_GOAL
18.0,-0.7984,-0.6127,0.6185,-0.967,-0.3678,-0.7873,-0.6247,0.1556,GO_GOAL
18.02,-0.796,-0.6109,0.6185,-0.9647,-0.3658,-0.7751,-0.616,0.1549,GO_GOAL
18.04,-0.7936,-0.6092,0.6185,-0.9625,-0.3638,-0.7751,-0.616,0.1542,GO_GOAL
18.06,-0.7911,-0.6075,0.6185,-0.9603,-0.3618,-0.7751,-0.616,0.1536,GO_GOAL
18.08,-0.7887,-0.6057,0.6185,-0.9581,-0.3598,-0.7751,-0.616,0.153,GO_GOAL
18.1,-0.7862,-0.604,0.6185,-0.9558,-0.3577,-0.7751,-0.616,0.1523,GO_GOAL
18.12,-0.7838,-0.6022,0.6185,-0.9536,-0.3557,-0.7628,-0.6073,0.1518,GO_GOAL
18.14,-0.7813,-0.6005,0.6185,-0.9514,-0.3537,-0.7628,-0.6073,0.1512,GO_GOAL
18.16,-0.7789,-0.5988,0.6185,-0.9492,-0.3517,-0.7628,-0.6073,0.1506,GO_GOAL
18.18,-0.7764,-0.597,0.6185,-0.9469,-0.3497,-0.7628,-0.6073,0.1501,GO_GOAL
18.2,-0.774,-0.5953,0.6185,-0.9447,-0.3477,-0.7628,-0.6073,0.1496,GO_GOAL
18.22,-0.7716,-0.5935,0.6185,-0.9425,-0.3457,-0.7506,-0.5986,0.1491,GO_GOAL
18.24,-0.7691,-0.5918,0.6185,-0.9403,-0.3437,-0.7506,-0.5986,0.1486,GO_GOAL
18.26,-0.7667,-0.5901,0.6185,-0.938,-0.3416,-0.7506,-0.5986,0.1482,GO_GOAL
18.28,-0.7642,-0.5883,0.6185,-0.9358,-0.3396,-0.7506,-0.5986,0.1477,GO_GOAL
18.3,-0.7618,-0.5866,0.6185,-0.9336,-0.3376,-0.7506,-0.5986,0.1473,GO_GOAL
18.32,-0.7593,-0.5848,0.6185,-0.9314,-0.3356,-0.7384,-0.5899,0.1469,GO_GOAL
18.34,-0.7569,-0.5831,0.6185,-0.9269,-0.3316,-0.7384,-0.5899,0.1465,GO_GOAL
18.36,-0.7544,-0.5814,0.6185,-0.9269,-0.3316,-0.7384,-0.5899,0.1462,GO_GOAL
18.38,-0.752,-0.5796,0.6185,-0.9247,-0.3296,-0.7384,-0.5899,0.1458,GO_GOAL
18.4,-0.7496,-0.5779,0.6185,-0.9202,-0.3255,-0.7262,-0.5812,0.1455,GO_GOAL
18.42,-0.7471,-0.5761,0.6185,-0.9202,-0.3255,-0.7262,-0.5812,0.1452,GO_GOAL
18.44,-0.7447,-0.5744,0.6185,-0.918,-0.3235,-0.7262,-0.5812,0.1449,GO_GOAL
18.46,-0.7422,-0.5727,0.6185,-0.9136,-0.3195,-0.7262,-0.5812,0.1447,GO_GOAL
18.48,-0.7398,-0.5709,0.6185,-0.9136,-0.3195,-0.7262,-0.5812,0.1444,GO_GOAL
18.5,-0.7373,-0.5692,0.6185,-0.9114,-0.3175,-0.7262,-0.5812,0.1442,GO_GOAL
18.52,-0.7349,-0.5674,0.6185,-0.9091,-0.3155,-0.714,-0.5725,0.144,GO_GOAL
18.54,-0.7324,-0.5657,0.6185,-0.9069,-0.3135,-0.714,-0.5725,0.1438,GO_GOAL
18.56,-0.73,-0.564,0.6185,-0.9047,-0.3114,-0.714,-0.5725,0.1437,GO_GOAL
18.58,-0.7276,-0.5622,0.6185,-0.9025,-0.3094,-0.714,-0.5725,0.1435,GO_GOAL
18.6,-0.7251,-0.5605,0.6185,-0.9002,-0.3074,-0.714,-0.5725,0.1434,GO_GOAL
18.62,-0.7227,-0.5587,0.6185,-0.898,-0.3054,-0.7017,-0.5638,0.1433,GO_GOAL
18.64,-0.7202,-0.557,0.6185,-0.8958,-0.3034,-0.7017,-0.5638,0.1432,GO_GOAL
18.66,-0.7178,-0.5553,0.6185,-0.8913,-0.2994,-0.7017,-0.5638,0.1432,GO_GOAL
18.68,-0.7153,-0.5535,0.6185,-0.8913,-0.2994,-0.7017,-0.5638,0.1431,GO_GOAL
18.7,-0.7129,-0.5518,0.6185,-0.8891,-0.2973,-0.7017,-0.5638,0.1431,GO_GOAL
18.718,-0.7104,-0.55,0.6185,-0.8869,-0.2953,-0.6895,-0.5551,0.1431,GO_GOAL
18.74,-0.708,-0.5483,0.6185,-0.8847,-0.2933,-0.6895,-0.5551,0.1431,GO_GOAL
18.76,-0.7056,-0.5466,0.6185,-0.8824,-0.2913,-0.6895,-0.5551,0.1431,GO_GOAL
18.78,-0.7031,-0.5448,0.6185,-0.8802,-0.2893,-0.6895,-0.5551,0.1432,GO_GOAL
18.8,-0.7007,-0.5431,0.6185,-0.878,-0.2873,-0.6895,-0.5551,0.1433,GO_GOAL
18.82,-0.6982,-0.5413,0.6185,-0.8758,-0.2853,-0.6773,-0.5464,0.1434,GO_GOAL
18.84,-0.6958,-0.5396,0.6185,-0.8713,-0.2812,-0.6773,-0.5464,0.1435,GO_GOAL
18.86,-0.6933,-0.5379,0.6185,-0.8713,-0.2812,-0.6773,-0.5464,0.1436,GO_GOAL
18.88,-0.6909,-0.5361,0.6185,-0.8691,-0.2792,-0.6773,-0.5464,0.1438,GO_GOAL
18.9,-0.6885,-0.5344,0.6185,-0.8669,-0.2772,-0.6773,-0.5464,0.1439,GO_GOAL
18.92,-0.686,-0.5327,0.6185,-0.8646,-0.2752,-0.6651,-0.5377,0.1441,GO_GOAL
18.94,-0.6836,-0.5309,0.6185,-0.8624,-0.2732,-0.6651,-0.5377,0.1444,GO_GOAL
18.96,-0.6811,-0.5292,0.6185,-0.858,-0.2692,-0.6651,-0.5377,0.1446,GO_GOAL
18.98,-0.6787,-0.5274,0.6185,-0.858,-0.2692,-0.6651,-0.5377,0.1448,GO_GOAL
19.0,-0.6762,-0.5257,0.6185,-0.8557,-0.2671,-0.6651,-0.5377,0.1451,GO_GOAL
19.02,-0.6738,-0.524,0.6185,-0.8513,-0.2631,-0.6529,-0.529,0.1454,GO_GOAL
19.04,-0.6713,-0.5222,0.6185,-0.8513,-0.2631,-0.6529,-0.529,0.1457,GO_GOAL
19.06,-0.6689,-0.5205,0.6185,-0.8491,-0.2611,-0.6529,-0.529,0.1461,GO_GOAL
19.08,-0.6665,-0.5187,0.6185,-0.8446,-0.2571,-0.6529,-0.529,0.1464,GO_GOAL
19.1,-0.664,-0.517,0.6185,-0.8446,-0.2571,-0.6529,-0.529,0.1468,GO_GOAL
19.12,-0.6616,-0.5153,0.6185,-0.8424,-0.2551,-0.6406,-0.5203,0.1472,GO_GOAL
19.14,-0.6591,-0.5135,0.6185,-0.8402,-0.2531,-0.6406,-0.5203,0.1476,GO_GOAL
19.16,-0.6567,-0.5118,0.6185,-0.838,-0.251,-0.6406,-0.5203,0.148,GO_GOAL
19.18,-0.6542,-0.51,0.6185,-0.8357,-0.249,-0.6406,-0.5203,0.1485,GO_GOAL
19.2,-0.6518,-0.5083,0.6185,-0.8313,-0.245,-0.6406,-0.5203,0.1489,GO_GOAL
19.22,-0.6493,-0.5066,0.6185,-0.8313,-0.245,-0.6284,-0.5116,0.1494,GO_GOAL
19.24,-0.6469,-0.5048,0.6185,-0.8291,-0.243,-0.6284,-0.5116,0.1499,GO_GOAL
19.26,-0.6445,-0.5031,0.6185,-0.8268,-0.241,-0.6284,-0.5116,0.1504,GO_GOAL
19.28,-0.642,-0.5013,0.6185,-0.8246,-0.239,-0.6284,-0.5116,0.151,GO_GOAL
19.3,-0.6396,-0.4996,0.6185,-0.8224,-0.237,-0.6284,-0.5116,0.1515,GO_GOAL
19.32,-0.6371,-0.4979,0.6185,-0.8202,-0.2349,-0.6162,-0.5029,0.1521,GO_GOAL
19.34,-0.6347,-0.4961,0.6185,-0.8179,-0.2329,-0.6162,-0.5029,0.1527,GO_GOAL
19.36,-0.6322,-0.4944,0.6185,-0.8157,-0.2309,-0.6162,-0.5029,0.1533,GO_GOAL
19.38,-0.6298,-0.4926,0.6185,-0.8135,-0.2289,-0.6162,-0.5029,0.154,GO_GOAL
19.4,-0.6273,-0.4909,0.6185,-0.8113,-0.2269,-0.6162,-0.5029,0.1546,GO_GOAL
19.42,-0.6249,-0.4892,0.6185,-0.809,-0.2249,-0.604,-0.4942,0.1553,GO_GOAL
19.44,-0.6225,-0.4874,0.6185,-0.8068,-0.2229,-0.604,-0.4942,0.156,GO_GOAL
19.46,-0.62,-0.4857,0.6185,-0.8024,-0.2188,-0.604,-0.4942,0.1567,GO_GOAL
19.48,-0.6176,-0.4839,0.6185,-0.8024,-0.2188,-0.604,-0.4942,0.1574,GO_GOAL
19.5,-0.6151,-0.4822,0.6185,-0.7979,-0.2148,-0.5893,-0.4838,0.1582,GO_GOAL
19.52,-0.6127,-0.4805,0.6185,-0.7979,-0.2148,-0.5893,-0.4838,0.1589,GO_GOAL
19.54,-0.6102,-0.4787,0.6185,-0.7957,-0.2128,-0.5893,-0.4838,0.1597,GO_GOAL
19.56,-0.6078,-0.477,0.6185,-0.7935,-0.2108,-0.5893,-0.4838,0.1605,GO_GOAL
19.58,-0.6053,-0.4752,0.6185,-0.7912,-0.2088,-0.5893,-0.4838,0.1613,GO_GOAL
19.6,-0.6029,-0.4735,0.6185,-0.789,-0.2068,-0.5893,-0.4838,0.1622,GO_GOAL
19.62,-0.6005,-0.4718,0.6185,-0.7868,-0.2047,-0.5795,-0.4769,0.163,GO_GOAL
19.64,-0.598,-0.47,0.6185,-0.7823,-0.2007,-0.5795,-0.4769,0.1639,GO_GOAL
19.66,-0.5956,-0.4683,0.6185,-0.7823,-0.2007,-0.5795,-0.4769,0.1648,GO_GOAL
19.68,-0.5931,-0.4665,0.6185,-0.7801,-0.1987,-0.5795,-0.4769,0.1657,GO_GOAL
19.7,-0.5907,-0.4648,0.6185,-0.7779,-0.1967,-0.5795,-0.4769,0.1666,GO_GOAL
19.716,-0.5882,-0.4631,0.6185,-0.7757,-0.1947,-0.5673,-0.4682,0.1676,GO_GOAL
19.74,-0.5858,-0.4613,0.6185,-0.7712,-0.1906,-0.5673,-0.4682,0.1685,GO_GOAL
19.76,-0.5834,-0.4596,0.6185,-0.7712,-0.1906,-0.5673,-0.4682,0.1695,GO_GOAL
19.78,-0.5809,-0.4579,0.6185,-0.769,-0.1886,-0.5673,-0.4682,0.1705,GO_GOAL
19.8,-0.5785,-0.4561,0.6185,-0.7668,-0.1866,-0.5673,-0.4682,0.1715,GO_GOAL
19.82,-0.576,-0.4544,0.6185,-0.7646,-0.1846,-0.5551,-0.4595,0.1725,GO_GOAL
19.84,-0.5736,-0.4526,0.6185,-0.7623,-0.1826,-0.5551,-0.4595,0.1736,GO_GOAL
19.86,-0.5711,-0.4509,0.6185,-0.7601,-0.1806,-0.5551,-0.4595,0.1746,GO_GOAL
19.88,-0.5687,-0.4492,0.6185,-0.7579,-0.1786,-0.5551,-0.4595,0.1757,GO_GOAL
19.9,-0.5662,-0.4474,0.6185,-0.7534,-0.1745,-0.5551,-0.4595,0.1768,GO_GOAL
19.92,-0.5638,-0.4457,0.6185,-0.7534,-0.1745,-0.5404,-0.449,0.1779,GO_GOAL
19.94,-0.5614,-0.4439,0.6185,-0.7512,-0.1725,-0.5404,-0.449,0.179,GO_GOAL
19.96,-0.5589,-0.4422,0.6185,-0.749,-0.1705,-0.5404,-0.449,0.1801,GO_GOAL
19.98,-0.5565,-0.4405,0.6185,-0.7468,-0.1685,-0.5404,-0.449,0.1813,GO_GOAL
20.0,-0.554,-0.4387,0.6185,-0.7445,-0.1665,-0.5404,-0.449,0.1825,GO_GOAL
20.02,-0.5516,-0.437,0.6185,-0.7423,-0.1645,-0.5307,-0.4421,0.1836,GO_GOAL
20.04,-0.5491,-0.4352,0.6185,-0.7401,-0.1625,-0.5307,-0.4421,0.1848,GO_GOAL
20.06,-0.5467,-0.4335,0.6185,-0.7379,-0.1605,-0.5307,-0.4421,0.186,GO_GOAL
20.08,-0.5442,-0.4318,0.6185,-0.7356,-0.1584,-0.5307,-0.4421,0.1873,GO_GOAL
20.1,-0.5418,-0.43,0.6185,-0.7334,-0.1564,-0.5307,-0.4421,0.1885,GO_GOAL
20.12,-0.5394,-0.4283,0.6185,-0.7312,-0.1544,-0.5184,-0.4334,0.1898,GO_GOAL
20.14,-0.5369,-0.4265,0.6185,-0.729,-0.1524,-0.5184,-0.4334,0.1911,GO_GOAL
20.16,-0.5345,-0.4248,0.6185,-0.7245,-0.1484,-0.5184,-0.4334,0.1923,GO_GOAL
20.18,-0.532,-0.4231,0.6185,-0.7245,-0.1484,-0.5184,-0.4334,0.1936,GO_GOAL
20.2,-0.5296,-0.4213,0.6185,-0.7223,-0.1464,-0.5184,-0.4334,0.195,GO_GOAL
20.22,-0.5271,-0.4196,0.6185,-0.7201,-0.1443,-0.5062,-0.4247,0.1963,GO_GOAL
20.24,-0.5247,-0.4178,0.6185,-0.7178,-0.1423,-0.5062,-0.4247,0.1976,GO_GOAL
20.26,-0.5222,-0.4161,0.6185,-0.7156,-0.1403,-0.5062,-0.4247,0.199,GO_GOAL
20.28,-0.5198,-0.4144,0.6185,-0.7134,-0.1383,-0.5062,-0.4247,0.2004,GO_GOAL
20.3,-0.5174,-0.4126,0.6185,-0.7112,-0.1363,-0.5062,-0.4247,0.2018,GO_GOAL
20.32,-0.5149,-0.4109,0.6185,-0.7089,-0.1343,-0.494,-0.416,0.2032,GO_GOAL
20.34,-0.5125,-0.4091,0.6185,-0.7067,-0.1323,-0.494,-0.416,0.2046,GO_GOAL
20.36,-0.51,-0.4074,0.6185,-0.7045,-0.1303,-0.494,-0.416,0.206,GO_GOAL
20.38,-0.5076,-0.4057,0.6185,-0.7023,-0.1282,-0.494,-0.416,0.2074,GO_GOAL
20.4,-0.5051,-0.4039,0.6185,-0.7001,-0.1262,-0.494,-0.416,0.2089,GO_GOAL
20.42,-0.5027,-0.4022,0.6185,-0.6956,-0.1222,-0.4818,-0.4073,0.2104,GO_GOAL
20.44,-0.5002,-0.4004,0.6185,-0.6956,-0.1222,-0.4818,-0.4073,0.2119,GO_GOAL
20.46,-0.4978,-0.3987,0.6185,-0.6934,-0.1202,-0.4818,-0.4073,0.2134,GO_GOAL
20.48,-0.4954,-0.397,0.6185,-0.6912,-0.1182,-0.4818,-0.4073,0.2149,GO_GOAL
20.5,-0.4929,-0.3952,0.6185,-0.6889,-0.1162,-0.4818,-0.4073,0.2164,GO_GOAL
20.52,-0.4905,-0.3935,0.6185,-0.6867,-0.1141,-0.4696,-0.3986,0.2179,GO_GOAL
20.54,-0.488,-0.3917,0.6185,-0.6845,-0.1121,-0.4696,-0.3986,0.2195,GO_GOAL
20.56,-0.4856,-0.39,0.6185,-0.6823,-0.1101,-0.4696,-0.3986,0.221,GO_GOAL
20.58,-0.4831,-0.3883,0.6185,-0.68,-0.1081,-0.4696,-0.3986,0.2226,GO_GOAL
20.6,-0.4807,-0.3865,0.6185,-0.6778,-0.1061,-0.4696,-0.3986,0.2242,GO_GOAL
20.62,-0.4783,-0.3848,0.6185,-0.6756,-0.1041,-0.4573,-0.3899,0.2258,GO_GOAL
20.64,-0.4758,-0.3831,0.6185,-0.6734,-0.1021,-0.4573,-0.3899,0.2274,GO_GOAL
20.66,-0.4734,-0.3813,0.6185,-0.6711,-0.1001,-0.4573,-0.3899,0.229,GO_GOAL
20.68,-0.4709,-0.3796,0.6185,-0.6689,-0.098,-0.4573,-0.3899,0.2306,GO_GOAL
20.7,-0.4685,-0.3778,0.6185,-0.6667,-0.096,-0.4573,-0.3899,0.2323,GO_GOAL
20.72,-0.466,-0.3761,0.6185,-0.6645,-0.094,-0.4451,-0.3812,0.2339,GO_GOAL
20.74,-0.4636,-0.3744,0.6185,-0.66,-0.09,-0.4451,-0.3812,0.2356,GO_GOAL
20.76,-0.4611,-0.3726,0.6185,-0.6578,-0.088,-0.4451,-0.3812,0.2373,GO_GOAL
20.78,-0.4587,-0.3709,0.6185,-0.6556,-0.086,-0.4451,-0.3812,0.239,GO_GOAL
20.8,-0.4563,-0.3691,0.6185,-0.6556,-0.086,-0.4451,-0.3812,0.2406,GO_GOAL
20.82,-0.4538,-0.3674,0.6185,-0.6533,-0.084,-0.4329,-0.3725,0.2424,GO_GOAL
20.84,-0.4514,-0.3657,0.6185,-0.6511,-0.0819,-0.4329,-0.3725,0.2441,GO_GOAL
20.86,-0.4489,-0.3639,0.6185,-0.6467,-0.0779,-0.4329,-0.3725,0.2458,GO_GOAL
20.88,-0.4465,-0.3622,0.6185,-0.6467,-0.0779,-0.4329,-0.3725,0.2476,GO_GOAL
20.9,-0.444,-0.3604,0.6185,-0.6444,-0.0759,-0.4329,-0.3725,0.2493,GO_GOAL
20.92,-0.4416,-0.3587,0.6185,-0.6422,-0.0739,-0.4207,-0.3638,0.2511,GO_GOAL
20.94,-0.4391,-0.357,0.6185,-0.64,-0.0719,-0.4207,-0.3638,0.2528,GO_GOAL
20.96,-0.4367,-0.3552,0.6185,-0.6378,-0.0699,-0.4207,-0.3638,0.2546,GO_GOAL
20.98,-0.4343,-0.3535,0.6185,-0.6355,-0.0678,-0.4207,-0.3638,0.2564,GO_GOAL
21.0,-0.4318,-0.3517,0.6185,-0.6333,-0.0658,-0.4207,-0.3638,0.2582,GO_GOAL
21.02,-0.4294,-0.35,0.6185,-0.6311,-0.0638,-0.4085,-0.3551,0.2601,GO_GOAL
21.04,-0.4269,-0.3483,0.6185,-0.6289,-0.0618,-0.4085,-0.3551,0.2619,GO_GOAL
21.06,-0.4245,-0.3465,0.6185,-0.6267,-0.0598,-0.4085,-0.3551,0.2637,GO_GOAL
21.08,-0.422,-0.3448,0.6185,-0.6244,-0.0578,-0.4085,-0.3551,0.2656,GO_GOAL
21.1,-0.4196,-0.343,0.6185,-0.6222,-0.0558,-0.3962,-0.3464,0.2674,GO_GOAL
21.12,-0.4171,-0.3413,0.6185,-0.6178,-0.0517,-0.3962,-0.3464,0.2693,GO_GOAL
21.14,-0.4147,-0.3396,0.6185,-0.6178,-0.0517,-0.3962,-0.3464,0.2712,GO_GOAL
21.16,-0.4123,-0.3378,0.6185,-0.6155,-0.0497,-0.3962,-0.3464,0.273,GO_GOAL
21.18,-0.4098,-0.3361,0.6185,-0.6133,-0.0477,-0.3962,-0.3464,0.2749,GO_GOAL
21.2,-0.4074,-0.3343,0.6185,-0.6111,-0.0457,-0.3962,-0.3464,0.2768,GO_GOAL
21.22,-0.4049,-0.3326,0.6185,-0.6089,-0.0437,-0.384,-0.3377,0.2787,GO_GOAL
21.24,-0.4025,-0.3309,0.6185,-0.6066,-0.0417,-0.384,-0.3377,0.2807,GO_GOAL
21.26,-0.4,-0.3291,0.6185,-0.6022,-0.0377,-0.384,-0.3377,0.2826,GO_GOAL
21.28,-0.3976,-0.3274,0.6185,-0.6022,-0.0377,-0.384,-0.3377,0.2845,GO_GOAL
21.3,-0.3951,-0.3256,0.6185,-0.6,-0.0356,-0.384,-0.3377,0.2865,GO_GOAL
21.32,-0.3927,-0.3239,0.6185,-0.5955,-0.0316,-0.3718,-0.329,0.2884,GO_GOAL
21.34,-0.3903,-0.3222,0.6185,-0.5955,-0.0316,-0.3718,-0.329,0.2904,GO_GOAL
21.36,-0.3878,-0.3204,0.6185,-0.5933,-0.0296,-0.3718,-0.329,0.2924,GO_GOAL
21.38,-0.3854,-0.3187,0.6185,-0.5911,-0.0276,-0.3718,-0.329,0.2943,GO_GOAL
21.4,-0.3829,-0.317,0.6185,-0.5888,-0.0256,-0.3718,-0.329,0.2963,GO_GOAL
21.42,-0.3805,-0.3152,0.6185,-0.5866,-0.0236,-0.3596,-0.3203,0.2983,GO_GOAL
21.44,-0.378,-0.3135,0.6185,-0.5844,-0.0215,-0.3596,-0.3203,0.3003,GO_GOAL
21.46,-0.3756,-0.3117,0.6185,-0.5822,-0.0195,-0.3596,-0.3203,0.3024,GO_GOAL
21.48,-0.3732,-0.31,0.6185,-0.5799,-0.0175,-0.3596,-0.3203,0.3044,GO_GOAL
21.5,-0.3707,-0.3083,0.6185,-0.5777,-0.0155,-0.3596,-0.3203,0.3064,GO_GOAL
21.52,-0.3683,-0.3065,0.6185,-0.5733,-0.0115,-0.3474,-0.3116,0.3084,GO_GOAL
21.54,-0.3658,-0.3048,0.6185,-0.571,-0.0095,-0.3474,-0.3116,0.3105,GO_GOAL
21.56,-0.3634,-0.303,0.6185,-0.571,-0.0095,-0.3474,-0.3116,0.3125,GO_GOAL
21.58,-0.3609,-0.3013,0.6185,-0.5688,-0.0075,-0.3474,-0.3116,0.3146,GO_GOAL
21.6,-0.3585,-0.2996,0.6185,-0.5666,-0.0054,-0.3474,-0.3116,0.3167,GO_GOAL
21.62,-0.356,-0.2978,0.6185,-0.5644,-0.0034,-0.3351,-0.3029,0.3188,GO_GOAL
21.64,-0.3536,-0.2961,0.6185,-0.5621,-0.0014,-0.3351,-0.3029,0.3208,GO_GOAL
21.66,-0.3512,-0.2943,0.6185,-0.5599,0.0006,-0.3351,-0.3029,0.3229,GO_GOAL
21.68,-0.3487,-0.2926,0.6185,-0.5577,0.0026,-0.3351,-0.3029,0.325,GO_GOAL
21.7,-0.3463,-0.2909,0.6185,-0.5555,0.0046,-0.3351,-0.3029,0.3271,GO_GOAL
21.72,-0.3438,-0.2891,0.6185,-0.5532,0.0066,-0.3205,-0.2924,0.3292,GO_GOAL
21.74,-0.3414,-0.2874,0.6185,-0.551,0.0087,-0.3205,-0.2924,0.3314,GO_GOAL
21.76,-0.3389,-0.2856,0.6185,-0.5488,0.0107,-0.3205,-0.2924,0.3335,GO_GOAL
21.78,-0.3365,-0.2839,0.6185,-0.5466,0.0127,-0.3205,-0.2924,0.3356,GO_GOAL
21.8,-0.334,-0.2822,0.6185,-0.5421,0.0167,-0.3205,-0.2924,0.3378,GO_GOAL
21.82,-0.3316,-0.2804,0.6185,-0.5421,0.0167,-0.3107,-0.2855,0.3399,GO_GOAL
21.84,-0.3292,-0.2787,0.6185,-0.5399,0.0187,-0.3107,-0.2855,0.3421,GO_GOAL
21.86,-0.3267,-0.2769,0.6185,-0.5355,0.0227,-0.3107,-0.2855,0.3442,GO_GOAL
21.88,-0.3243,-0.2752,0.6185,-0.5355,0.0227,-0.3107,-0.2855,0.3464,GO_GOAL
21.9,-0.3218,-0.2735,0.6185,-0.5332,0.0248,-0.3107,-0.2855,0.3486,GO_GOAL
21.92,-0.3194,-0.2717,0.6185,-0.531,0.0268,-0.2985,-0.2768,0.3507,GO_GOAL
21.94,-0.3169,-0.27,0.6185,-0.5288,0.0288,-0.2985,-0.2768,0.3529,GO_GOAL
21.96,-0.3145,-0.2682,0.6185,-0.5266,0.0308,-0.2985,-0.2768,0.3551,GO_GOAL
21.98,-0.312,-0.2665,0.6185,-0.5243,0.0328,-0.2985,-0.2768,0.3573,GO_GOAL
22.0,-0.3096,-0.2648,0.6185,-0.5221,0.0348,-0.2985,-0.2768,0.3595,GO_GOAL
22.02,-0.3072,-0.263,0.6185,-0.5199,0.0368,-0.2863,-0.2681,0.3617,GO_GOAL
22.04,-0.3047,-0.2613,0.6185,-0.5177,0.0388,-0.2863,-0.2681,0.364,GO_GOAL
22.06,-0.3023,-0.2595,0.6185,-0.5154,0.0409,-0.2863,-0.2681,0.3662,GO_GOAL
22.08,-0.2998,-0.2578,0.6185,-0.5132,0.0429,-0.2863,-0.2681,0.3684,GO_GOAL
22.1,-0.2974,-0.2561,0.6185,-0.511,0.0449,-0.2863,-0.2681,0.3707,GO_GOAL
22.12,-0.2949,-0.2543,0.6185,-0.5088,0.0469,-0.274,-0.2594,0.3729,GO_GOAL
22.14,-0.2925,-0.2526,0.6185,-0.5043,0.0509,-0.274,-0.2594,0.3751,GO_GOAL
22.16,-0.29,-0.2509,0.6185,-0.5043,0.0509,-0.274,-0.2594,0.3774,GO_GOAL
22.18,-0.2876,-0.2491,0.6185,-0.5021,0.0529,-0.274,-0.2594,0.3797,GO_GOAL
22.2,-0.2852,-0.2474,0.6185,-0.4976,0.057,-0.274,-0.2594,0.3819,GO_GOAL
22.22,-0.2827,-0.2456,0.6185,-0.4976,0.057,-0.2618,-0.2507,0.3842,GO_GOAL
22.24,-0.2803,-0.2439,0.6185,-0.4954,0.059,-0.2618,-0.2507,0.3865,GO_GOAL
22.26,-0.2778,-0.2422,0.6185,-0.4932,0.061,-0.2618,-0.2507,0.3887,GO_GOAL
22.28,-0.2754,-0.2404,0.6185,-0.491,0.063,-0.2618,-0.2507,0.391,GO_GOAL
22.3,-0.2729,-0.2387,0.6185,-0.4887,0.065,-0.2496,-0.242,0.3933,GO_GOAL
22.32,-0.2705,-0.2369,0.6185,-0.4865,0.067,-0.2496,-0.242,0.3956,GO_GOAL
22.34,-0.268,-0.2352,0.6185,-0.4843,0.069,-0.2496,-0.242,0.3979,GO_GOAL
22.36,-0.2656,-0.2335,0.6185,-0.4821,0.0711,-0.2496,-0.242,0.4002,GO_GOAL
22.38,-0.2632,-0.2317,0.6185,-0.4798,0.0731,-0.2496,-0.242,0.4025,GO_GOAL
22.4,-0.2607,-0.23,0.6185,-0.4776,0.0751,-0.2496,-0.242,0.4049,GO_GOAL
22.42,-0.2583,-0.2282,0.6185,-0.4754,0.0771,-0.2374,-0.2333,0.4072,GO_GOAL
22.44,-0.2558,-0.2265,0.6185,-0.4732,0.0791,-0.2374,-0.2333,0.4095,GO_GOAL
22.46,-0.2534,-0.2248,0.6185,-0.471,0.0811,-0.2374,-0.2333,0.4118,GO_GOAL
22.48,-0.2509,-0.223,0.6185,-0.4687,0.0831,-0.2374,-0.2333,0.4142,GO_GOAL
22.5,-0.2485,-0.2213,0.6185,-0.4665,0.0851,-0.2374,-0.2333,0.4165,GO_GOAL
22.52,-0.246,-0.2195,0.6185,-0.4643,0.0872,-0.2252,-0.2246,0.4189,GO_GOAL
22.54,-0.2436,-0.2178,0.6185,-0.4621,0.0892,-0.2252,-0.2246,0.4212,GO_GOAL
22.56,-0.2412,-0.2161,0.6185,-0.4598,0.0912,-0.2252,-0.2246,0.4236,GO_GOAL
22.58,-0.2387,-0.2143,0.6185,-0.4554,0.0952,-0.2252,-0.2246,0.4259,GO_GOAL
22.6,-0.2363,-0.2126,0.6185,-0.4554,0.0952,-0.2252,-0.2246,0.4283,GO_GOAL
22.62,-0.2338,-0.2108,0.6185,-0.4532,0.0972,-0.2105,-0.2141,0.4307,GO_GOAL
22.64,-0.2314,-0.2091,0.6185,-0.4509,0.0992,-0.2105,-0.2141,0.4331,GO_GOAL
22.66,-0.2289,-0.2074,0.6185,-0.4487,0.1013,-0.2105,-0.2141,0.4354,GO_GOAL
22.68,-0.2265,-0.2056,0.6185,-0.4465,0.1033,-0.2105,-0.2141,0.4378,GO_GOAL
22.7,-0.2241,-0.2039,0.6185,-0.442,0.1073,-0.2007,-0.2072,0.4402,GO_GOAL
22.72,-0.2216,-0.2021,0.6185,-0.442,0.1073,-0.2007,-0.2072,0.4426,GO_GOAL
22.74,-0.2192,-0.2004,0.6185,-0.4398,0.1093,-0.2007,-0.2072,0.445,GO_GOAL
22.76,-0.2167,-0.1987,0.6185,-0.4354,0.1133,-0.2007,-0.2072,0.4474,GO_GOAL
22.78,-0.2143,-0.1969,0.6185,-0.4354,0.1133,-0.2007,-0.2072,0.4498,GO_GOAL
22.8,-0.2118,-0.1952,0.6185,-0.4331,0.1153,-0.2007,-0.2072,0.4522,GO_GOAL
22.82,-0.2094,-0.1935,0.6185,-0.4309,0.1174,-0.1885,-0.1985,0.4546,GO_GOAL
22.84,-0.2069,-0.1917,0.6185,-0.4287,0.1194,-0.1885,-0.1985,0.4571,GO_GOAL
22.86,-0.2045,-0.19,0.6185,-0.4265,0.1214,-0.1885,-0.1985,0.4595,GO_GOAL
22.88,-0.2021,-0.1882,0.6185,-0.4242,0.1234,-0.1885,-0.1985,0.4619,GO_GOAL
22.9,-0.1996,-0.1865,0.6185,-0.422,0.1254,-0.1885,-0.1985,0.4643,GO_GOAL
22.92,-0.1972,-0.1848,0.6185,-0.4198,0.1274,-0.1763,-0.1898,0.4668,GO_GOAL
22.94,-0.1947,-0.183,0.6185,-0.4176,0.1294,-0.1763,-0.1898,0.4692,GO_GOAL
22.96,-0.1923,-0.1813,0.6185,-0.4153,0.1314,-0.1763,-0.1898,0.4717,GO_GOAL
22.98,-0.1898,-0.1795,0.6185,-0.4109,0.1355,-0.1763,-0.1898,0.4741,GO_GOAL
23.0,-0.1874,-0.1778,0.6185,-0.4109,0.1355,-0.1763,-0.1898,0.4765,GO_GOAL
23.02,-0.1849,-0.1761,0.6185,-0.4087,0.1375,-0.1641,-0.1811,0.479,GO_GOAL
23.04,-0.1825,-0.1743,0.6185,-0.4064,0.1395,-0.1641,-0.1811,0.4815,GO_GOAL
23.06,-0.1801,-0.1726,0.6185,-0.4042,0.1415,-0.1641,-0.1811,0.4839,GO_GOAL
23.08,-0.1776,-0.1708,0.6185,-0.402,0.1435,-0.1641,-0.1811,0.4864,GO_GOAL
23.1,-0.1752,-0.1691,0.6185,-0.3998,0.1455,-0.1641,-0.1811,0.4889,GO_GOAL
23.12,-0.1727,-0.1674,0.6185,-0.3953,0.1496,-0.1518,-0.1724,0.4913,GO_GOAL
23.14,-0.1703,-0.1656,0.6185,-0.3953,0.1496,-0.1518,-0.1724,0.4938,GO_GOAL
23.16,-0.1678,-0.1639,0.6185,-0.3931,0.1516,-0.1518,-0.1724,0.4963,GO_GOAL
23.18,-0.1654,-0.1621,0.6185,-0.3887,0.1556,-0.1518,-0.1724,0.4988,GO_GOAL
23.2,-0.1629,-0.1604,0.6185,-0.3864,0.1576,-0.1396,-0.1637,0.5013,GO_GOAL
23.22,-0.1605,-0.1587,0.6185,-0.3864,0.1576,-0.1396,-0.1637,0.5037,GO_GOAL
23.24,-0.1581,-0.1569,0.6185,-0.3842,0.1596,-0.1396,-0.1637,0.5062,GO_GOAL
23.26,-0.1556,-0.1552,0.6185,-0.3798,0.1637,-0.1396,-0.1637,0.5087,GO_GOAL
23.28,-0.1532,-0.1534,0.6185,-0.3798,0.1637,-0.1396,-0.1637,0.5112,GO_GOAL
23.3,-0.1507,-0.1517,0.6185,-0.3775,0.1657,-0.1396,-0.1637,0.5137,GO_GOAL
23.32,-0.1483,-0.15,0.6185,-0.3731,0.1697,-0.1274,-0.155,0.5162,GO_GOAL
23.34,-0.1458,-0.1482,0.6185,-0.3731,0.1697,-0.1274,-0.155,0.5188,GO_GOAL
23.36,-0.1434,-0.1465,0.6185,-0.3709,0.1717,-0.1274,-0.155,0.5213,GO_GOAL
23.38,-0.1409,-0.1447,0.6185,-0.3686,0.1737,-0.1274,-0.155,0.5238,GO_GOAL
23.4,-0.1385,-0.143,0.6185,-0.3664,0.1757,-0.1274,-0.155,0.5263,GO_GOAL
23.42,-0.1361,-0.1413,0.6185,-0.3642,0.1777,-0.1152,-0.1463,0.5288,GO_GOAL
23.44,-0.1336,-0.1395,0.6185,-0.362,0.1798,-0.1152,-0.1463,0.5291,GO_GOAL
23.46,-0.1312,-0.1378,0.6185,-0.3597,0.1818,-0.1152,-0.1463,0.5265,GO_GOAL
23.48,-0.1287,-0.136,0.6185,-0.3553,0.1858,-0.1152,-0.1463,0.5239,GO_GOAL
23.5,-0.1263,-0.1343,0.6185,-0.3553,0.1858,-0.1152,-0.1463,0.5212,GO_GOAL
23.52,-0.1238,-0.1326,0.6185,-0.3531,0.1878,-0.103,-0.1376,0.5186,GO_GOAL
23.54,-0.1214,-0.1308,0.6185,-0.3486,0.1918,-0.103,-0.1376,0.516,GO_GOAL
23.56,-0.1189,-0.1291,0.6185,-0.3464,0.1939,-0.103,-0.1376,0.5134,GO_GOAL
23.58,-0.1165,-0.1274,0.6185,-0.3464,0.1939,-0.103,-0.1376,0.5108,GO_GOAL
23.6,-0.1141,-0.1256,0.6185,-0.3419,0.1979,-0.0907,-0.1289,0.5082,GO_GOAL
23.62,-0.1116,-0.1239,0.6185,-0.3419,0.1979,-0.0907,-0.1289,0.5056,GO_GOAL
23.64,-0.1092,-0.1221,0.6185,-0.3397,0.1999,-0.0907,-0.1289,0.503,GO_GOAL
23.66,-0.1067,-0.1204,0.6185,-0.3375,0.2019,-0.0907,-0.1289,0.5004,GO_GOAL
23.68,-0.1043,-0.1187,0.6185,-0.3353,0.2039,-0.0907,-0.1289,0.4978,GO_GOAL
23.7,-0.1018,-0.1169,0.6185,-0.3308,0.2079,-0.0907,-0.1289,0.4953,GO_GOAL
23.72,-0.0994,-0.1152,0.6185,-0.3308,0.2079,-0.0785,-0.1202,0.4927,GO_GOAL
23.74,-0.097,-0.1134,0.6185,-0.3286,0.21,-0.0785,-0.1202,0.4901,GO_GOAL
23.76,-0.0945,-0.1117,0.6185,-0.3264,0.212,-0.0785,-0.1202,0.4875,GO_GOAL
23.78,-0.0921,-0.11,0.6185,-0.3241,0.214,-0.0785,-0.1202,0.4849,GO_GOAL
23.8,-0.0896,-0.1082,0.6185,-0.3219,0.216,-0.0785,-0.1202,0.4824,GO_GOAL
23.82,-0.0872,-0.1065,0.6185,-0.3197,0.218,-0.0663,-0.1115,0.4798,GO_GOAL
23.84,-0.0847,-0.1047,0.6185,-0.3175,0.22,-0.0663,-0.1115,0.4772,GO_GOAL
23.86,-0.0823,-0.103,0.6185,-0.313,0.2241,-0.0663,-0.1115,0.4747,GO_GOAL
23.88,-0.0798,-0.1013,0.6185,-0.313,0.2241,-0.0663,-0.1115,0.4721,GO_GOAL
23.9,-0.0774,-0.0995,0.6185,-0.3108,0.2261,-0.0663,-0.1115,0.4696,GO_GOAL
23.92,-0.075,-0.0978,0.6185,-0.3086,0.2281,-0.0541,-0.1028,0.467,GO_GOAL
23.94,-0.0725,-0.096,0.6185,-0.3064,0.2301,-0.0541,-0.1028,0.4645,GO_GOAL
23.96,-0.0701,-0.0943,0.6185,-0.3041,0.2321,-0.0541,-0.1028,0.4619,GO_GOAL
23.98,-0.0676,-0.0926,0.6185,-0.3019,0.2341,-0.0541,-0.1028,0.4594,GO_GOAL
24.0,-0.0652,-0.0908,0.6185,-0.2997,0.2361,-0.0541,-0.1028,0.4568,GO_GOAL
24.02,-0.0627,-0.0891,0.6185,-0.2975,0.2381,-0.0418,-0.0941,0.4543,GO_GOAL
24.04,-0.0603,-0.0873,0.6185,-0.293,0.2422,-0.0418,-0.0941,0.4518,GO_GOAL
24.06,-0.0578,-0.0856,0.6185,-0.2908,0.2442,-0.0418,-0.0941,0.4492,GO_GOAL
24.08,-0.0554,-0.0839,0.6185,-0.2908,0.2442,-0.0418,-0.0941,0.4467,GO_GOAL
24.1,-0.053,-0.0821,0.6185,-0.2886,0.2462,-0.0418,-0.0941,0.4442,GO_GOAL
24.12,-0.0505,-0.0804,0.6185,-0.2863,0.2482,-0.0296,-0.0854,0.4417,GO_GOAL
24.14,-0.0481,-0.0786,0.6185,-0.2819,0.2522,-0.0296,-0.0854,0.4392,GO_GOAL
24.16,-0.0456,-0.0769,0.6185,-0.2819,0.2522,-0.0296,-0.0854,0.4366,GO_GOAL
24.18,-0.0432,-0.0752,0.6185,-0.2797,0.2542,-0.0296,-0.0854,0.4341,GO_GOAL
24.2,-0.0407,-0.0734,0.6185,-0.2774,0.2563,-0.0296,-0.0854,0.4316,GO_GOAL
24.22,-0.0383,-0.0717,0.6185,-0.273,0.2603,-0.0174,-0.0767,0.4291,GO_GOAL
24.24,-0.0358,-0.0699,0.6185,-0.273,0.2603,-0.0174,-0.0767,0.4266,GO_GOAL
24.26,-0.0334,-0.0682,0.6185,-0.2708,0.2623,-0.0174,-0.0767,0.4241,GO_GOAL
24.28,-0.031,-0.0665,0.6185,-0.2685,0.2643,-0.0174,-0.0767,0.4217,GO_GOAL
24.3,-0.0285,-0.0647,0.6185,-0.2663,0.2663,-0.0174,-0.0767,0.4192,GO_GOAL
24.32,-0.0261,-0.063,0.6185,-0.2641,0.2683,-0.0052,-0.068,0.4167,GO_GOAL
24.34,-0.0236,-0.0613,0.6185,-0.2619,0.2704,-0.0052,-0.068,0.4142,GO_GOAL
24.36,-0.0212,-0.0595,0.6185,-0.2596,0.2724,-0.0052,-0.068,0.4117,GO_GOAL
24.38,-0.0187,-0.0578,0.6185,-0.2574,0.2744,-0.0052,-0.068,0.4093,GO_GOAL
24.4,-0.0163,-0.056,0.6185,-0.2552,0.2764,-0.0052,-0.068,0.4068,GO_GOAL
24.42,-0.0138,-0.0543,0.6185,-0.253,0.2784,0.007,-0.0593,0.4043,GO_GOAL
24.44,-0.0114,-0.0526,0.6185,-0.2507,0.2804,0.007,-0.0593,0.4019,GO_GOAL
24.46,-0.009,-0.0508,0.6185,-0.2463,0.2844,0.007,-0.0593,0.3994,GO_GOAL
24.48,-0.0065,-0.0491,0.6185,-0.2463,0.2844,0.007,-0.0593,0.397,GO_GOAL
24.5,-0.0041,-0.0473,0.6185,-0.2441,0.2865,0.007,-0.0593,0.3945,GO_GOAL
24.52,-0.0016,-0.0456,0.6185,-0.2418,0.2885,0.0193,-0.0506,0.3921,GO_GOAL
24.54,0.0008,-0.0439,0.6185,-0.2396,0.2905,0.0193,-0.0506,0.3897,GO_GOAL
24.56,0.0033,-0.0421,0.6185,-0.2374,0.2925,0.0193,-0.0506,0.3872,GO_GOAL
24.58,0.0057,-0.0404,0.6185,-0.233,0.2965,0.0193,-0.0506,0.3848,GO_GOAL
24.6,0.0082,-0.0386,0.6185,-0.233,0.2965,0.0193,-0.0506,0.3824,GO_GOAL
24.62,0.0106,-0.0369,0.6185,-0.2307,0.2985,0.0315,-0.0419,0.38,GO_GOAL
24.64,0.013,-0.0352,0.6185,-0.2285,0.3005,0.0315,-0.0419,0.3776,GO_GOAL
24.66,0.0155,-0.0334,0.6185,-0.2263,0.3026,0.0315,-0.0419,0.3751,GO_GOAL
24.68,0.0179,-0.0317,0.6185,-0.2241,0.3046,0.0315,-0.0419,0.3727,GO_GOAL
24.7,0.0204,-0.0299,0.6185,-0.2218,0.3066,0.0437,-0.0332,0.3703,GO_GOAL
24.72,0.0228,-0.0282,0.6185,-0.2174,0.3106,0.0437,-0.0332,0.3679,GO_GOAL
24.74,0.0253,-0.0265,0.6185,-0.2174,0.3106,0.0437,-0.0332,0.3656,GO_GOAL
24.76,0.0277,-0.0247,0.6185,-0.2152,0.3126,0.0437,-0.0332,0.3632,GO_GOAL
24.78,0.0301,-0.023,0.6185,-0.2129,0.3146,0.0437,-0.0332,0.3608,GO_GOAL
24.8,0.0326,-0.0212,0.6185,-0.2107,0.3167,0.0559,-0.0245,0.3584,GO_GOAL
24.82,0.035,-0.0195,0.6185,-0.2063,0.3207,0.0559,-0.0245,0.356,GO_GOAL
24.84,0.0375,-0.0178,0.6185,-0.204,0.3227,0.0559,-0.0245,0.3537,GO_GOAL
24.86,0.0399,-0.016,0.6185,-0.204,0.3227,0.0559,-0.0245,0.3513,GO_GOAL
24.88,0.0424,-0.0143,0.6185,-0.2018,0.3247,0.0559,-0.0245,0.349,GO_GOAL
24.9,0.0448,-0.0125,0.6185,-0.1996,0.3267,0.0559,-0.0245,0.3466,GO_GOAL
24.92,0.0473,-0.0108,0.6185,-0.1974,0.3287,0.0681,-0.0158,0.3443,GO_GOAL
24.94,0.0497,-0.0091,0.6185,-0.1951,0.3307,0.0681,-0.0158,0.3419,GO_GOAL
24.96,0.0521,-0.0073,0.6185,-0.1929,0.3328,0.0681,-0.0158,0.3396,GO_GOAL
24.98,0.0546,-0.0056,0.6185,-0.1907,0.3348,0.0681,-0.0158,0.3373,GO_GOAL
25.0,0.057,-0.0039,0.6185,-0.1885,0.3368,0.0681,-0.0158,0.3349,GO_GOAL
25.02,0.0595,-0.0021,0.6185,-0.1862,0.3388,0.0804,-0.0071,0.3326,GO_GOAL
25.04,0.0619,-0.0004,0.6185,-0.184,0.3408,0.0804,-0.0071,0.3303,GO_GOAL
25.06,0.0644,0.0014,0.6185,-0.1796,0.3448,0.0804,-0.0071,0.328,GO_GOAL
25.08,0.0668,0.0031,0.6185,-0.1773,0.3468,0.0804,-0.0071,0.3257,GO_GOAL
25.1,0.0693,0.0048,0.6185,-0.1773,0.3468,0.0804,-0.0071,0.3234,GO_GOAL
25.12,0.0717,0.0066,0.6185,-0.1729,0.3509,0.0926,0.0016,0.3211,GO_GOAL
25.14,0.0741,0.0083,0.6185,-0.1729,0.3509,0.0926,0.0016,0.3189,GO_GOAL
25.16,0.0766,0.0101,0.6185,-0.1707,0.3529,0.0926,0.0016,0.3166,GO_GOAL
25.18,0.079,0.0118,0.6185,-0.1684,0.3549,0.0926,0.0016,0.3143,GO_GOAL
25.2,0.0815,0.0135,0.6185,-0.1662,0.3569,0.0926,0.0016,0.312,GO_GOAL
25.22,0.0839,0.0153,0.6185,-0.164,0.3589,0.1048,0.0103,0.3098,GO_GOAL
25.24,0.0864,0.017,0.6185,-0.1618,0.3609,0.1048,0.0103,0.3075,GO_GOAL
25.26,0.0888,0.0188,0.6185,-0.1573,0.365,0.1048,0.0103,0.3053,GO_GOAL
25.28,0.0913,0.0205,0.6185,-0.1573,0.365,0.1048,0.0103,0.3031,GO_GOAL
25.3,0.0937,0.0222,0.6185,-0.1551,0.367,0.1048,0.0103,0.3008,GO_GOAL
25.32,0.0961,0.024,0.6185,-0.1529,0.369,0.117,0.019,0.2986,GO_GOAL
25.34,0.0986,0.0257,0.6185,-0.1507,0.371,0.117,0.019,0.2964,GO_GOAL
25.36,0.101,0.0275,0.6185,-0.1484,0.373,0.117,0.019,0.2942,GO_GOAL
25.38,0.1035,0.0292,0.6185,-0.1462,0.375,0.117,0.019,0.292,GO_GOAL
25.4,0.1059,0.0309,0.6185,-0.144,0.377,0.117,0.019,0.2898,GO_GOAL
25.42,0.1084,0.0327,0.6185,-0.1418,0.3791,0.1292,0.0277,0.2876,GO_GOAL
25.44,0.1108,0.0344,0.6185,-0.1395,0.3811,0.1292,0.0277,0.2854,GO_GOAL
25.46,0.1133,0.0362,0.6185,-0.1373,0.3831,0.1292,0.0277,0.2832,GO_GOAL
25.48,0.1157,0.0379,0.6185,-0.1351,0.3851,0.1292,0.0277,0.2811,GO_GOAL
25.5,0.1181,0.0396,0.6185,-0.1329,0.3871,0.1292,0.0277,0.2789,GO_GOAL
25.52,0.1206,0.0414,0.6185,-0.1306,0.3891,0.1415,0.0364,0.2767,GO_GOAL
25.54,0.123,0.0431,0.6185,-0.1284,0.3911,0.1415,0.0364,0.2746,GO_GOAL
25.56,0.1255,0.0449,0.6185,-0.1262,0.3932,0.1415,0.0364,0.2725,GO_GOAL
25.58,0.1279,0.0466,0.6185,-0.124,0.3952,0.1415,0.0364,0.2703,GO_GOAL
25.6,0.1304,0.0483,0.6185,-0.1217,0.3972,0.1415,0.0364,0.2682,GO_GOAL
25.62,0.1328,0.0501,0.6185,-0.1195,0.3992,0.1537,0.0451,0.2661,GO_GOAL
25.64,0.1353,0.0518,0.6185,-0.1173,0.4012,0.1537,0.0451,0.264,GO_GOAL
25.66,0.1377,0.0536,0.6185,-0.1128,0.4052,0.1537,0.0451,0.2619,GO_GOAL
25.68,0.1401,0.0553,0.6185,-0.1106,0.4072,0.1537,0.0451,0.2598,GO_GOAL
25.7,0.1426,0.057,0.6185,-0.1106,0.4072,0.1537,0.0451,0.2577,GO_GOAL
25.72,0.145,0.0588,0.6185,-0.1084,0.4093,0.1659,0.0538,0.2556,GO_GOAL
25.74,0.1475,0.0605,0.6185,-0.1062,0.4113,0.1659,0.0538,0.2536,GO_GOAL
25.76,0.1499,0.0622,0.6185,-0.1039,0.4133,0.1659,0.0538,0.2515,GO_GOAL
25.78,0.1524,0.064,0.6185,-0.0995,0.4173,0.1659,0.0538,0.2494,GO_GOAL
25.8,0.1548,0.0657,0.6185,-0.0995,0.4173,0.1659,0.0538,0.2474,GO_GOAL
25.82,0.1572,0.0675,0.6185,-0.0973,0.4193,0.1781,0.0625,0.2454,GO_GOAL
25.84,0.1597,0.0692,0.6185,-0.095,0.4213,0.1781,0.0625,0.2433,GO_GOAL
25.86,0.1621,0.0709,0.6185,-0.0928,0.4233,0.1781,0.0625,0.2413,GO_GOAL
25.878,0.1646,0.0727,0.6185,-0.0906,0.4254,0.1781,0.0625,0.2393,GO_GOAL
25.9,0.167,0.0744,0.6185,-0.0884,0.4274,0.1781,0.0625,0.2373,GO_GOAL
25.92,0.1695,0.0762,0.6185,-0.0861,0.4294,0.1903,0.0712,0.2353,GO_GOAL
25.94,0.1719,0.0779,0.6185,-0.0839,0.4314,0.1903,0.0712,0.2334,GO_GOAL
25.96,0.1744,0.0796,0.6185,-0.0817,0.4334,0.1903,0.0712,0.2314,GO_GOAL
25.98,0.1768,0.0814,0.6185,-0.0795,0.4354,0.1903,0.0712,0.2294,GO_GOAL
26.0,0.1792,0.0831,0.6185,-0.0773,0.4374,0.1903,0.0712,0.2275,GO_GOAL
26.02,0.1817,0.0849,0.6185,-0.075,0.4395,0.2026,0.0799,0.2255,GO_GOAL
26.04,0.1841,0.0866,0.6185,-0.0706,0.4435,0.2026,0.0799,0.2236,GO_GOAL
26.06,0.1866,0.0883,0.6185,-0.0684,0.4455,0.2026,0.0799,0.2217,GO_GOAL
26.08,0.189,0.0901,0.6185,-0.0684,0.4455,0.2026,0.0799,0.2198,GO_GOAL
26.1,0.1915,0.0918,0.6185,-0.0661,0.4475,0.2026,0.0799,0.2179,GO_GOAL
26.12,0.1939,0.0936,0.6185,-0.0639,0.4495,0.2148,0.0886,0.216,GO_GOAL
26.14,0.1964,0.0953,0.6185,-0.0595,0.4535,0.2148,0.0886,0.2141,GO_GOAL
26.16,0.1988,0.097,0.6185,-0.0595,0.4535,0.2148,0.0886,0.2122,GO_GOAL
26.18,0.2012,0.0988,0.6185,-0.0572,0.4556,0.2148,0.0886,0.2104,GO_GOAL
26.2,0.2037,0.1005,0.6185,-0.055,0.4576,0.2148,0.0886,0.2085,GO_GOAL
26.22,0.2061,0.1023,0.6185,-0.0528,0.4596,0.227,0.0973,0.2067,GO_GOAL
26.24,0.2086,0.104,0.6185,-0.0506,0.4616,0.227,0.0973,0.2049,GO_GOAL
26.26,0.211,0.1057,0.6185,-0.0483,0.4636,0.227,0.0973,0.203,GO_GOAL
26.28,0.2135,0.1075,0.6185,-0.0461,0.4656,0.227,0.0973,0.2012,GO_GOAL
26.3,0.2159,0.1092,0.6185,-0.0439,0.4676,0.227,0.0973,0.1994,GO_GOAL
26.32,0.2184,0.111,0.6185,-0.0417,0.4696,0.2392,0.106,0.1977,GO_GOAL
26.34,0.2208,0.1127,0.6185,-0.0394,0.4717,0.2392,0.106,0.1959,GO_GOAL
26.36,0.2232,0.1144,0.6185,-0.0372,0.4737,0.2392,0.106,0.1941,GO_GOAL
26.38,0.2257,0.1162,0.6185,-0.035,0.4757,0.2392,0.106,0.1924,GO_GOAL
26.4,0.2281,0.1179,0.6185,-0.0328,0.4777,0.2392,0.106,0.1906,GO_GOAL
26.42,0.2306,0.1197,0.6185,-0.0305,0.4797,0.2514,0.1147,0.1889,GO_GOAL
26.44,0.233,0.1214,0.6185,-0.0283,0.4817,0.2514,0.1147,0.1872,GO_GOAL
26.46,0.2355,0.1231,0.6185,-0.0261,0.4837,0.2514,0.1147,0.1855,GO_GOAL
26.48,0.2379,0.1249,0.6185,-0.0216,0.4878,0.2514,0.1147,0.1838,GO_GOAL
26.5,0.2404,0.1266,0.6185,-0.0216,0.4878,0.2514,0.1147,0.1822,GO_GOAL
26.52,0.2428,0.1283,0.6185,-0.0194,0.4898,0.2637,0.1234,0.1805,GO_GOAL
26.54,0.2452,0.1301,0.6185,-0.0172,0.4918,0.2637,0.1234,0.1788,GO_GOAL
26.56,0.2477,0.1318,0.6185,-0.015,0.4938,0.2637,0.1234,0.1772,GO_GOAL
26.58,0.2501,0.1336,0.6185,-0.0127,0.4958,0.2637,0.1234,0.1756,GO_GOAL
26.6,0.2526,0.1353,0.6185,-0.0105,0.4978,0.2637,0.1234,0.174,GO_GOAL
26.62,0.255,0.137,0.6185,-0.0083,0.4998,0.2759,0.1321,0.1724,GO_GOAL
26.64,0.2575,0.1388,0.6185,-0.0061,0.5019,0.2759,0.1321,0.1708,GO_GOAL
26.66,0.2599,0.1405,0.6185,-0.0038,0.5039,0.2759,0.1321,0.1692,GO_GOAL
26.68,0.2624,0.1423,0.6185,-0.0016,0.5059,0.2759,0.1321,0.1677,GO_GOAL
26.7,0.2648,0.144,0.6185,0.0028,0.5099,0.2759,0.1321,0.1661,GO_GOAL
26.72,0.2672,0.1457,0.6185,0.0028,0.5099,0.2881,0.1408,0.1646,GO_GOAL
26.74,0.2697,0.1475,0.6185,0.005,0.5119,0.2881,0.1408,0.1631,GO_GOAL
26.76,0.2721,0.1492,0.6185,0.0073,0.5139,0.2881,0.1408,0.1616,GO_GOAL
26.78,0.2746,0.151,0.6185,0.0117,0.518,0.2881,0.1408,0.1601,GO_GOAL
26.8,0.277,0.1527,0.6185,0.0117,0.518,0.2881,0.1408,0.1586,GO_GOAL
26.82,0.2795,0.1544,0.6185,0.0139,0.52,0.3003,0.1495,0.1572,GO_GOAL
26.84,0.2819,0.1562,0.6185,0.0162,0.522,0.3003,0.1495,0.1557,GO_GOAL
26.86,0.2844,0.1579,0.6185,0.0184,0.524,0.3003,0.1495,0.1543,GO_GOAL
26.88,0.2868,0.1597,0.6185,0.0206,0.526,0.3003,0.1495,0.1529,GO_GOAL
26.9,0.2892,0.1614,0.6185,0.0228,0.528,0.3003,0.1495,0.1515,GO_GOAL
26.92,0.2917,0.1631,0.6185,0.0251,0.53,0.3125,0.1582,0.1501,GO_GOAL
26.94,0.2941,0.1649,0.6185,0.0273,0.5321,0.3125,0.1582,0.1488,GO_GOAL
26.96,0.2966,0.1666,0.6185,0.0295,0.5341,0.3125,0.1582,0.1474,GO_GOAL
26.98,0.299,0.1684,0.6185,0.0317,0.5361,0.3125,0.1582,0.1461,GO_GOAL
27.0,0.3015,0.1701,0.6185,0.034,0.5381,0.3125,0.1582,0.1448,GO_GOAL
27.02,0.3039,0.1718,0.6185,0.0384,0.5421,0.3272,0.1686,0.1434,GO_GOAL
27.04,0.3063,0.1736,0.6185,0.0384,0.5421,0.3272,0.1686,0.1422,GO_GOAL
27.06,0.3088,0.1753,0.6185,0.0406,0.5441,0.3272,0.1686,0.1409,GO_GOAL
27.08,0.3112,0.1771,0.6185,0.0429,0.5461,0.3272,0.1686,0.1396,GO_GOAL
27.1,0.3137,0.1788,0.6185,0.0451,0.5482,0.3272,0.1686,0.1384,GO_GOAL
27.12,0.3161,0.1805,0.6185,0.0473,0.5502,0.337,0.1756,0.1372,GO_GOAL
27.14,0.3186,0.1823,0.6185,0.0495,0.5522,0.337,0.1756,0.136,GO_GOAL
27.16,0.321,0.184,0.6185,0.0518,0.5542,0.337,0.1756,0.1348,GO_GOAL
27.18,0.3235,0.1857,0.6185,0.054,0.5562,0.337,0.1756,0.1336,GO_GOAL
27.2,0.3259,0.1875,0.6185,0.0562,0.5582,0.337,0.1756,0.1325,GO_GOAL
27.22,0.3283,0.1892,0.6185,0.0584,0.5602,0.3492,0.1843,0.1313,GO_GOAL
27.24,0.3308,0.191,0.6185,0.0607,0.5622,0.3492,0.1843,0.1302,GO_GOAL
27.26,0.3332,0.1927,0.6185,0.0629,0.5643,0.3492,0.1843,0.1291,GO_GOAL
27.28,0.3357,0.1944,0.6185,0.0651,0.5663,0.3492,0.1843,0.128,GO_GOAL
27.3,0.3381,0.1962,0.6185,0.0673,0.5683,0.3492,0.1843,0.127,GO_GOAL
27.32,0.3406,0.1979,0.6185,0.0696,0.5703,0.3614,0.193,0.1259,GO_GOAL
27.34,0.343,0.1997,0.6185,0.0718,0.5723,0.3614,0.193,0.1249,GO_GOAL
27.36,0.3455,0.2014,0.6185,0.074,0.5743,0.3614,0.193,0.1239,GO_GOAL
27.38,0.3479,0.2031,0.6185,0.0762,0.5763,0.3614,0.193,0.1229,GO_GOAL
27.4,0.3503,0.2049,0.6185,0.0785,0.5784,0.3614,0.193,0.1219,GO_GOAL
27.42,0.3528,0.2066,0.6185,0.0807,0.5804,0.3736,0.2016,0.121,GO_GOAL
27.44,0.3552,0.2084,0.6185,0.0829,0.5824,0.3736,0.2016,0.12,GO_GOAL
27.46,0.3577,0.2101,0.6185,0.0851,0.5844,0.3736,0.2016,0.1191,GO_GOAL
27.48,0.3601,0.2118,0.6185,0.0873,0.5864,0.3736,0.2016,0.1182,GO_GOAL
27.5,0.3626,0.2136,0.6185,0.0896,0.5884,0.3736,0.2016,0.1174,GO_GOAL
27.52,0.365,0.2153,0.6185,0.0918,0.5904,0.3859,0.2103,0.1165,GO_GOAL
27.54,0.3675,0.2171,0.6185,0.094,0.5924,0.3859,0.2103,0.1157,GO_GOAL
27.56,0.3699,0.2188,0.6185,0.0962,0.5945,0.3859,0.2103,0.1148,GO_GOAL
27.58,0.3723,0.2205,0.6185,0.0985,0.5965,0.3859,0.2103,0.114,GO_GOAL
27.6,0.3748,0.2223,0.6185,0.1007,0.5985,0.3859,0.2103,0.1133,GO_GOAL
27.62,0.3772,0.224,0.6185,0.1029,0.6005,0.3981,0.219,0.1125,GO_GOAL
27.64,0.3797,0.2258,0.6185,0.1051,0.6025,0.3981,0.219,0.1118,GO_GOAL
27.66,0.3821,0.2275,0.6185,0.1074,0.6045,0.3981,0.219,0.111,GO_GOAL
27.68,0.3846,0.2292,0.6185,0.1096,0.6065,0.3981,0.219,0.1103,GO_GOAL
27.7,0.387,0.231,0.6185,0.1118,0.6086,0.3981,0.219,0.1097,GO_GOAL
27.718,0.3895,0.2327,0.6185,0.114,0.6106,0.4103,0.2277,0.109,GO_GOAL
27.74,0.3919,0.2345,0.6185,0.1185,0.6146,0.4103,0.2277,0.1084,GO_GOAL
27.76,0.3943,0.2362,0.6185,0.1185,0.6146,0.4103,0.2277,0.1077,GO_GOAL
27.78,0.3968,0.2379,0.6185,0.1229,0.6186,0.4103,0.2277,0.1072,GO_GOAL
27.8,0.3992,0.2397,0.6185,0.1229,0.6186,0.4103,0.2277,0.1066,GO_GOAL
27.818,0.4017,0.2414,0.6185,0.1252,0.6206,0.4225,0.2364,0.106,GO_GOAL
27.84,0.4041,0.2432,0.6185,0.1274,0.6226,0.4225,0.2364,0.1055,GO_GOAL
27.86,0.4066,0.2449,0.6185,0.1296,0.6247,0.4225,0.2364,0.105,GO_GOAL
27.88,0.409,0.2466,0.6185,0.1318,0.6267,0.4225,0.2364,0.1045,GO_GOAL
27.9,0.4115,0.2484,0.6185,0.1341,0.6287,0.4225,0.2364,0.104,GO_GOAL
27.92,0.4139,0.2501,0.6185,0.1363,0.6307,0.4347,0.2451,0.1036,GO_GOAL
27.94,0.4163,0.2518,0.6185,0.1385,0.6327,0.4347,0.2451,0.1031,GO_GOAL
27.96,0.4188,0.2536,0.6185,0.1407,0.6347,0.4347,0.2451,0.1027,GO_GOAL
27.98,0.4212,0.2553,0.6185,0.143,0.6367,0.4347,0.2451,0.1023,GO_GOAL
28.0,0.4237,0.2571,0.6185,0.1452,0.6387,0.447,0.2538,0.102,GO_GOAL
28.02,0.4261,0.2588,0.6185,0.1474,0.6408,0.447,0.2538,0.1016,GO_GOAL
28.04,0.4286,0.2605,0.6185,0.1496,0.6428,0.447,0.2538,0.1013,GO_GOAL
28.06,0.431,0.2623,0.6185,0.1519,0.6448,0.447,0.2538,0.101,GO_GOAL
28.08,0.4334,0.264,0.6185,0.1541,0.6468,0.447,0.2538,0.1007,GO_GOAL
28.1,0.4359,0.2658,0.6185,0.1563,0.6488,0.447,0.2538,0.1005,GO_GOAL
28.12,0.4383,0.2675,0.6185,0.1585,0.6508,0.4592,0.2625,0.1002,GO_GOAL
28.14,0.4408,0.2692,0.6185,0.1607,0.6528,0.4592,0.2625,0.1,GO_GOAL
28.16,0.4432,0.271,0.6185,0.163,0.6549,0.4592,0.2625,0.0998,GO_GOAL
28.18,0.4457,0.2727,0.6185,0.1652,0.6569,0.4592,0.2625,0.0997,GO_GOAL
28.2,0.4481,0.2745,0.6185,0.1674,0.6589,0.4592,0.2625,0.0995,GO_GOAL
28.22,0.4506,0.2762,0.6185,0.1696,0.6609,0.4714,0.2712,0.0994,GO_GOAL
28.24,0.453,0.2779,0.6185,0.1719,0.6629,0.4714,0.2712,0.0993,GO_GOAL
28.26,0.4554,0.2797,0.6185,0.1741,0.6649,0.4714,0.2712,0.0992,GO_GOAL
28.28,0.4579,0.2814,0.6185,0.1763,0.6669,0.4714,0.2712,0.0991,GO_GOAL
28.3,0.4603,0.2832,0.6185,0.1785,0.6689,0.4714,0.2712,0.0991,GO_GOAL
28.32,0.4628,0.2849,0.6185,0.1808,0.671,0.4836,0.2799,0.0991,GO_GOAL
28.34,0.4652,0.2866,0.6185,0.183,0.673,0.4836,0.2799,0.0991,GO_GOAL
28.36,0.4677,0.2884,0.6185,0.1874,0.677,0.4836,0.2799,0.0991,GO_GOAL
28.38,0.4701,0.2901,0.6185,0.1874,0.677,0.4836,0.2799,0.0992,GO_GOAL
28.4,0.4726,0.2919,0.6185,0.1897,0.679,0.4958,0.2886,0.0993,GO_GOAL
28.42,0.475,0.2936,0.6185,0.1919,0.681,0.4958,0.2886,0.0993,GO_GOAL
28.44,0.4774,0.2953,0.6185,0.1941,0.683,0.4958,0.2886,0.0995,GO_GOAL
28.46,0.4799,0.2971,0.6185,0.1963,0.685,0.4958,0.2886,0.0996,GO_GOAL
28.48,0.4823,0.2988,0.6185,0.1986,0.6871,0.4958,0.2886,0.0998,GO_GOAL
28.5,0.4848,0.3006,0.6185,0.203,0.6911,0.5081,0.2973,0.0999,GO_GOAL
28.52,0.4872,0.3023,0.6185,0.203,0.6911,0.5081,0.2973,0.1001,GO_GOAL
28.54,0.4897,0.304,0.6185,0.2052,0.6931,0.5081,0.2973,0.1004,GO_GOAL
28.56,0.4921,0.3058,0.6185,0.2075,0.6951,0.5081,0.2973,0.1006,GO_GOAL
28.58,0.4946,0.3075,0.6185,0.2097,0.6971,0.5081,0.2973,0.1009,GO_GOAL
28.6,0.497,0.3093,0.6185,0.2119,0.6991,0.5081,0.2973,0.1012,GO_GOAL
28.62,0.4994,0.311,0.6185,0.2141,0.7012,0.5203,0.306,0.1015,GO_GOAL
28.64,0.5019,0.3127,0.6185,0.2164,0.7032,0.5203,0.306,0.1018,GO_GOAL
28.66,0.5043,0.3145,0.6185,0.2186,0.7052,0.5203,0.306,0.1022,GO_GOAL
28.68,0.5068,0.3162,0.6185,0.2208,0.7072,0.5203,0.306,0.1026,GO_GOAL
28.7,0.5092,0.3179,0.6185,0.223,0.7092,0.5203,0.306,0.103,GO_GOAL
28.72,0.5117,0.3197,0.6185,0.2253,0.7112,0.5325,0.3147,0.1034,GO_GOAL
28.74,0.5141,0.3214,0.6185,0.2275,0.7132,0.5325,0.3147,0.1038,GO_GOAL
28.76,0.5166,0.3232,0.6185,0.2297,0.7152,0.5325,0.3147,0.1043,GO_GOAL
28.78,0.519,0.3249,0.6185,0.2319,0.7173,0.5325,0.3147,0.1048,GO_GOAL
28.8,0.5214,0.3266,0.6185,0.2342,0.7193,0.5325,0.3147,0.1053,GO_GOAL
28.82,0.5239,0.3284,0.6185,0.2364,0.7213,0.5447,0.3234,0.1058,GO_GOAL
28.84,0.5263,0.3301,0.6185,0.2386,0.7233,0.5447,0.3234,0.1063,GO_GOAL
28.86,0.5288,0.3319,0.6185,0.2408,0.7253,0.5447,0.3234,0.1069,GO_GOAL
28.88,0.5312,0.3336,0.6185,0.243,0.7273,0.5447,0.3234,0.1075,GO_GOAL
28.9,0.5337,0.3353,0.6185,0.2453,0.7293,0.5447,0.3234,0.1081,GO_GOAL
28.92,0.5361,0.3371,0.6185,0.2497,0.7334,0.5569,0.3321,0.1087,GO_GOAL
28.94,0.5386,0.3388,0.6185,0.2497,0.7334,0.5569,0.3321,0.1094,GO_GOAL
28.96,0.541,0.3406,0.6185,0.2519,0.7354,0.5569,0.3321,0.1101,GO_GOAL
28.98,0.5434,0.3423,0.6185,0.2542,0.7374,0.5569,0.3321,0.1108,GO_GOAL
29.0,0.5459,0.344,0.6185,0.2564,0.7394,0.5569,0.3321,0.1115,GO_GOAL
29.02,0.5483,0.3458,0.6185,0.2586,0.7414,0.5692,0.3408,0.1122,GO_GOAL
29.04,0.5508,0.3475,0.6185,0.2608,0.7434,0.5692,0.3408,0.113,GO_GOAL
29.06,0.5532,0.3493,0.6185,0.2631,0.7454,0.5692,0.3408,0.1137,GO_GOAL
29.08,0.5557,0.351,0.6185,0.2653,0.7475,0.5692,0.3408,0.1145,GO_GOAL
29.1,0.5581,0.3527,0.6185,0.2675,0.7495,0.5692,0.3408,0.1153,GO_GOAL
29.12,0.5606,0.3545,0.6185,0.2697,0.7515,0.5814,0.3495,0.1162,GO_GOAL
29.14,0.563,0.3562,0.6185,0.272,0.7535,0.5814,0.3495,0.117,GO_GOAL
29.16,0.5654,0.358,0.6185,0.2742,0.7555,0.5814,0.3495,0.1179,GO_GOAL
29.18,0.5679,0.3597,0.6185,0.2786,0.7595,0.5814,0.3495,0.1188,GO_GOAL
29.2,0.5703,0.3614,0.6185,0.2809,0.7615,0.5936,0.3582,0.1197,GO_GOAL
29.22,0.5728,0.3632,0.6185,0.2809,0.7615,0.5936,0.3582,0.1206,GO_GOAL
29.24,0.5752,0.3649,0.6185,0.2831,0.7636,0.5936,0.3582,0.1216,GO_GOAL
29.26,0.5777,0.3667,0.6185,0.2853,0.7656,0.5936,0.3582,0.1225,GO_GOAL
29.28,0.5801,0.3684,0.6185,0.2875,0.7676,0.5936,0.3582,0.1235,GO_GOAL
29.3,0.5825,0.3701,0.6185,0.2898,0.7696,0.6058,0.3669,0.1245,GO_GOAL
29.32,0.585,0.3719,0.6185,0.292,0.7716,0.6058,0.3669,0.1255,GO_GOAL
29.34,0.5874,0.3736,0.6185,0.2942,0.7736,0.6058,0.3669,0.1266,GO_GOAL
29.36,0.5899,0.3753,0.6185,0.2964,0.7756,0.6058,0.3669,0.1276,GO_GOAL
29.38,0.5923,0.3771,0.6185,0.2987,0.7776,0.6058,0.3669,0.1287,GO_GOAL
29.4,0.5948,0.3788,0.6185,0.3009,0.7797,0.6058,0.3669,0.1298,GO_GOAL
29.42,0.5972,0.3806,0.6185,0.3031,0.7817,0.618,0.3756,0.1309,GO_GOAL
29.44,0.5997,0.3823,0.6185,0.3053,0.7837,0.618,0.3756,0.132,GO_GOAL
29.46,0.6021,0.384,0.6185,0.3076,0.7857,0.618,0.3756,0.1332,GO_GOAL
29.48,0.6045,0.3858,0.6185,0.3098,0.7877,0.618,0.3756,0.1343,GO_GOAL
29.5,0.607,0.3875,0.6185,0.312,0.7897,0.618,0.3756,0.1355,GO_GOAL
29.52,0.6094,0.3893,0.6185,0.3142,0.7917,0.6303,0.3843,0.1367,GO_GOAL
29.54,0.6119,0.391,0.6185,0.3187,0.7958,0.6303,0.3843,0.1379,GO_GOAL
29.56,0.6143,0.3927,0.6185,0.3187,0.7958,0.6303,0.3843,0.1391,GO_GOAL
29.58,0.6168,0.3945,0.6185,0.3209,0.7978,0.6303,0.3843,0.1404,GO_GOAL
29.6,0.6192,0.3962,0.6185,0.3253,0.8018,0.6425,0.393,0.1417,GO_GOAL
29.62,0.6217,0.398,0.6185,0.3253,0.8018,0.6425,0.393,0.1429,GO_GOAL
29.64,0.6241,0.3997,0.6185,0.3276,0.8038,0.6425,0.393,0.1442,GO_GOAL
29.66,0.6265,0.4014,0.6185,0.3298,0.8058,0.6425,0.393,0.1455,GO_GOAL
29.68,0.629,0.4032,0.6185,0.332,0.8078,0.6425,0.393,0.1469,GO_GOAL
29.7,0.6314,0.4049,0.6185,0.3365,0.8119,0.6425,0.393,0.1482,GO_GOAL
29.72,0.6339,0.4067,0.6185,0.3365,0.8119,0.6571,0.4035,0.1496,GO_GOAL
29.74,0.6363,0.4084,0.6185,0.3387,0.8139,0.6571,0.4035,0.1509,GO_GOAL
29.76,0.6388,0.4101,0.6185,0.3431,0.8179,0.6571,0.4035,0.1523,GO_GOAL
29.78,0.6412,0.4119,0.6185,0.3431,0.8179,0.6571,0.4035,0.1537,GO_GOAL
29.8,0.6437,0.4136,0.6185,0.3454,0.8199,0.6571,0.4035,0.1552,GO_GOAL
29.82,0.6461,0.4154,0.6185,0.3476,0.8219,0.6669,0.4104,0.1566,GO_GOAL
29.84,0.6485,0.4171,0.6185,0.3498,0.8239,0.6669,0.4104,0.158,GO_GOAL
29.86,0.651,0.4188,0.6185,0.352,0.826,0.6669,0.4104,0.1595,GO_GOAL
29.88,0.6534,0.4206,0.6185,0.3543,0.828,0.6669,0.4104,0.161,GO_GOAL
29.9,0.6559,0.4223,0.6185,0.3565,0.83,0.6669,0.4104,0.1625,GO_GOAL
29.92,0.6583,0.4241,0.6185,0.3587,0.832,0.6791,0.4191,0.164,GO_GOAL
29.94,0.6608,0.4258,0.6185,0.3609,0.834,0.6791,0.4191,0.1655,GO_GOAL
29.96,0.6632,0.4275,0.6185,0.3632,0.836,0.6791,0.4191,0.1671,GO_GOAL
29.98,0.6657,0.4293,0.6185,0.3654,0.838,0.6791,0.4191,0.1686,GO_GOAL
30.0,0.6681,0.431,0.6185,0.3676,0.8401,0.6791,0.4191,0.1702,GO_GOAL
30.02,0.6705,0.4327,0.6185,0.3698,0.8421,0.6938,0.4296,0.1717,GO_GOAL
30.04,0.673,0.4345,0.6185,0.3721,0.8441,0.6938,0.4296,0.1733,GO_GOAL
30.06,0.6754,0.4362,0.6185,0.3765,0.8481,0.6938,0.4296,0.1749,GO_GOAL
30.08,0.6779,0.438,0.6185,0.3765,0.8481,0.6938,0.4296,0.1766,GO_GOAL
30.1,0.6803,0.4397,0.6185,0.381,0.8521,0.6938,0.4296,0.1782,GO_GOAL
30.12,0.6828,0.4414,0.6185,0.381,0.8521,0.706,0.4383,0.1798,GO_GOAL
30.14,0.6852,0.4432,0.6185,0.3854,0.8562,0.706,0.4383,0.1815,GO_GOAL
30.16,0.6877,0.4449,0.6185,0.3854,0.8562,0.706,0.4383,0.1832,GO_GOAL
30.18,0.6901,0.4467,0.6185,0.3876,0.8582,0.706,0.4383,0.1848,GO_GOAL
30.2,0.6925,0.4484,0.6185,0.3921,0.8622,0.7158,0.4452,0.1865,GO_GOAL
30.22,0.695,0.4501,0.6185,0.3921,0.8622,0.7158,0.4452,0.1882,GO_GOAL
30.24,0.6974,0.4519,0.6185,0.3965,0.8662,0.7158,0.4452,0.19,GO_GOAL
30.26,0.6999,0.4536,0.6185,0.3965,0.8662,0.7158,0.4452,0.1917,GO_GOAL
30.28,0.7023,0.4554,0.6185,0.3988,0.8682,0.7158,0.4452,0.1934,GO_GOAL
30.3,0.7048,0.4571,0.6185,0.401,0.8702,0.7158,0.4452,0.1952,GO_GOAL
30.322,0.7072,0.4588,0.6185,0.4032,0.8723,0.728,0.4539,0.197,GO_GOAL
30.34,0.7097,0.4606,0.6185,0.4054,0.8743,0.728,0.4539,0.1987,GO_GOAL
30.36,0.7121,0.4623,0.6185,0.4076,0.8763,0.728,0.4539,0.2005,GO_GOAL
30.38,0.7145,0.4641,0.6185,0.4099,0.8783,0.728,0.4539,0.2023,GO_GOAL
30.4,0.717,0.4658,0.6185,0.4121,0.8803,0.7402,0.4626,0.2041,GO_GOAL
30.42,0.7194,0.4675,0.6185,0.4143,0.8823,0.7402,0.4626,0.206,GO_GOAL
30.44,0.7219,0.4693,0.6185,0.4188,0.8864,0.7402,0.4626,0.2078,GO_GOAL
30.46,0.7243,0.471,0.6185,0.4188,0.8864,0.7402,0.4626,0.2096,GO_GOAL
30.48,0.7268,0.4728,0.6185,0.421,0.8884,0.7402,0.4626,0.2115,GO_GOAL
30.5,0.7292,0.4745,0.6185,0.4232,0.8904,0.7402,0.4626,0.2134,GO_GOAL
30.52,0.7317,0.4762,0.6185,0.4254,0.8924,0.7525,0.4713,0.2152,GO_GOAL
30.54,0.7341,0.478,0.6185,0.4277,0.8944,0.7525,0.4713,0.2171,GO_GOAL
30.56,0.7365,0.4797,0.6185,0.4299,0.8964,0.7525,0.4713,0.219,GO_GOAL
30.58,0.739,0.4815,0.6185,0.4321,0.8984,0.7525,0.4713,0.2209,GO_GOAL
30.6,0.7414,0.4832,0.6185,0.4343,0.9004,0.7525,0.4713,0.2228,GO_GOAL
30.62,0.7439,0.4849,0.6185,0.4366,0.9025,0.7647,0.48,0.2248,GO_GOAL
30.64,0.7463,0.4867,0.6185,0.4388,0.9045,0.7647,0.48,0.2267,GO_GOAL
30.66,0.7488,0.4884,0.6185,0.441,0.9065,0.7647,0.48,0.2286,GO_GOAL
30.68,0.7512,0.4901,0.6185,0.4455,0.9105,0.7647,0.48,0.2306,GO_GOAL
30.7,0.7536,0.4919,0.6185,0.4455,0.9105,0.7647,0.48,0.2326,GO_GOAL
30.72,0.7561,0.4936,0.6185,0.4477,0.9125,0.7769,0.4887,0.2345,GO_GOAL
30.74,0.7585,0.4954,0.6185,0.4521,0.9165,0.7769,0.4887,0.2365,GO_GOAL
30.76,0.761,0.4971,0.6185,0.4521,0.9165,0.7769,0.4887,0.2385,GO_GOAL
30.78,0.7634,0.4988,0.6185,0.4544,0.9186,0.7769,0.4887,0.2405,GO_GOAL
30.8,0.7659,0.5006,0.6185,0.4588,0.9226,0.7769,0.4887,0.2425,GO_GOAL
30.82,0.7683,0.5023,0.6185,0.4588,0.9226,0.7891,0.4974,0.2446,GO_GOAL
30.84,0.7708,0.5041,0.6185,0.461,0.9246,0.7891,0.4974,0.2466,GO_GOAL
30.86,0.7732,0.5058,0.6185,0.4633,0.9266,0.7891,0.4974,0.2486,GO_GOAL
30.88,0.7756,0.5075,0.6185,0.4655,0.9286,0.7891,0.4974,0.2507,GO_GOAL
30.9,0.7781,0.5093,0.6185,0.4677,0.9306,0.7891,0.4974,0.2527,GO_GOAL
30.92,0.7805,0.511,0.6185,0.4722,0.9347,0.8013,0.5061,0.2548,GO_GOAL
30.94,0.783,0.5128,0.6185,0.4722,0.9347,0.8013,0.5061,0.2569,GO_GOAL
30.96,0.7854,0.5145,0.6185,0.4744,0.9367,0.8013,0.5061,0.2589,GO_GOAL
30.98,0.7879,0.5162,0.6185,0.4766,0.9387,0.8013,0.5061,0.261,GO_GOAL
31.0,0.7903,0.518,0.6185,0.4788,0.9407,0.8013,0.5061,0.2631,GO_GOAL
31.02,0.7928,0.5197,0.6185,0.4811,0.9427,0.8136,0.5148,0.2652,GO_GOAL
31.04,0.7952,0.5215,0.6185,0.4833,0.9447,0.8136,0.5148,0.2674,GO_GOAL
31.06,0.7976,0.5232,0.6185,0.4855,0.9467,0.8136,0.5148,0.2695,GO_GOAL
31.08,0.8001,0.5249,0.6185,0.4877,0.9488,0.8136,0.5148,0.2716,GO_GOAL
31.1,0.8025,0.5267,0.6185,0.4899,0.9508,0.8136,0.5148,0.2737,GO_GOAL
31.12,0.805,0.5284,0.6185,0.4922,0.9528,0.8258,0.5235,0.2759,GO_GOAL
31.14,0.8074,0.5302,0.6185,0.4944,0.9548,0.8258,0.5235,0.278,GO_GOAL
31.16,0.8099,0.5319,0.6185,0.4966,0.9568,0.8258,0.5235,0.2802,GO_GOAL
31.18,0.8123,0.5336,0.6185,0.4988,0.9588,0.8258,0.5235,0.2824,GO_GOAL
31.2,0.8148,0.5354,0.6185,0.5011,0.9608,0.838,0.5322,0.2845,GO_GOAL
31.22,0.8172,0.5371,0.6185,0.5033,0.9628,0.838,0.5322,0.2867,GO_GOAL
31.24,0.8196,0.5389,0.6185,0.5077,0.9669,0.838,0.5322,0.2889,GO_GOAL
31.26,0.8221,0.5406,0.6185,0.5077,0.9669,0.838,0.5322,0.2911,GO_GOAL
31.28,0.8245,0.5423,0.6185,0.51,0.9689,0.838,0.5322,0.2933,GO_GOAL
31.3,0.827,0.5441,0.6185,0.5122,0.9709,0.838,0.5322,0.2955,GO_GOAL
31.32,0.8294,0.5458,0.6185,0.5144,0.9729,0.8502,0.5409,0.2977,GO_GOAL
31.34,0.8319,0.5475,0.6185,0.5166,0.9749,0.8502,0.5409,0.2999,GO_GOAL
31.36,0.8343,0.5493,0.6185,0.5189,0.9769,0.8502,0.5409,0.3022,GO_GOAL
31.38,0.8368,0.551,0.6185,0.5233,0.981,0.8502,0.5409,0.3044,GO_GOAL
31.4,0.8392,0.5528,0.6185,0.5233,0.981,0.8502,0.5409,0.3066,GO_GOAL
31.42,0.8416,0.5545,0.6185,0.5255,0.983,0.8624,0.5496,0.3089,GO_GOAL
31.44,0.8441,0.5562,0.6185,0.5278,0.985,0.8624,0.5496,0.3111,GO_GOAL
31.46,0.8465,0.558,0.6185,0.53,0.987,0.8624,0.5496,0.3134,GO_GOAL
31.48,0.849,0.5597,0.6185,0.5322,0.989,0.8624,0.5496,0.3157,GO_GOAL
31.5,0.8514,0.5615,0.6185,0.5344,0.991,0.8624,0.5496,0.3179,GO_GOAL
31.52,0.8539,0.5632,0.6185,0.5367,0.993,0.8747,0.5583,0.3202,GO_GOAL
31.54,0.8563,0.5649,0.6185,0.5389,0.9951,0.8747,0.5583,0.3225,GO_GOAL
31.56,0.8588,0.5667,0.6185,0.5411,0.9971,0.8747,0.5583,0.3248,GO_GOAL
31.58,0.8612,0.5684,0.6185,0.5433,0.9991,0.8747,0.5583,0.3271,GO_GOAL
31.6,0.8636,0.5702,0.6185,0.5478,1.0031,0.8869,0.567,0.3294,GO_GOAL
31.62,0.8661,0.5719,0.6185,0.5478,1.0031,0.8869,0.567,0.3317,GO_GOAL
31.64,0.8685,0.5736,0.6185,0.5522,1.0071,0.8869,0.567,0.334,GO_GOAL
31.66,0.871,0.5754,0.6185,0.5522,1.0071,0.8869,0.567,0.3363,GO_GOAL
31.68,0.8734,0.5771,0.6185,0.5545,1.0091,0.8869,0.567,0.3387,GO_GOAL
31.7,0.8759,0.5789,0.6185,0.5567,1.0112,0.8869,0.567,0.341,GO_GOAL
31.72,0.8783,0.5806,0.6185,0.5611,1.0152,0.8991,0.5757,0.3433,GO_GOAL
31.74,0.8808,0.5823,0.6185,0.5611,1.0152,0.8991,0.5757,0.3457,GO_GOAL
31.76,0.8832,0.5841,0.6185,0.5634,1.0172,0.8991,0.5757,0.348,GO_GOAL
31.78,0.8856,0.5858,0.6185,0.5656,1.0192,0.8991,0.5757,0.3504,GO_GOAL
31.8,0.8881,0.5876,0.6185,0.5678,1.0212,0.8991,0.5757,0.3527,GO_GOAL
31.82,0.8905,0.5893,0.6185,0.57,1.0232,0.9113,0.5844,0.3551,GO_GOAL
31.84,0.893,0.591,0.6185,0.5723,1.0253,0.9113,0.5844,0.3575,GO_GOAL
31.86,0.8954,0.5928,0.6185,0.5745,1.0273,0.9113,0.5844,0.3598,GO_GOAL
31.88,0.8979,0.5945,0.6185,0.5767,1.0293,0.9113,0.5844,0.3622,GO_GOAL
31.9,0.9003,0.5963,0.6185,0.5789,1.0313,0.9113,0.5844,0.3646,GO_GOAL
31.92,0.9028,0.598,0.6185,0.5834,1.0353,0.9235,0.5931,0.367,GO_GOAL
31.94,0.9052,0.5997,0.6185,0.5834,1.0353,0.9235,0.5931,0.3694,GO_GOAL
31.96,0.9076,0.6015,0.6185,0.5856,1.0373,0.9235,0.5931,0.3718,GO_GOAL
31.98,0.9101,0.6032,0.6185,0.59,1.0414,0.9235,0.5931,0.3742,GO_GOAL
32.0,0.9125,0.6049,0.6185,0.5923,1.0434,0.9235,0.5931,0.3766,GO_GOAL
32.02,0.915,0.6067,0.6185,0.5923,1.0434,0.9382,0.6035,0.379,GO_GOAL
32.04,0.9174,0.6084,0.6185,0.5945,1.0454,0.9382,0.6035,0.3814,GO_GOAL
32.06,0.9199,0.6102,0.6185,0.5989,1.0494,0.9382,0.6035,0.3838,GO_GOAL
32.08,0.9223,0.6119,0.6185,0.5989,1.0494,0.9382,0.6035,0.3863,GO_GOAL
32.1,0.9247,0.6136,0.6185,0.6012,1.0514,0.9382,0.6035,0.3887,GO_GOAL
32.118,0.9272,0.6154,0.6185,0.6034,1.0534,0.948,0.6105,0.3911,GO_GOAL
32.14,0.9296,0.6171,0.6185,0.6056,1.0554,0.948,0.6105,0.3936,GO_GOAL
32.16,0.9321,0.6189,0.6185,0.6078,1.0575,0.948,0.6105,0.396,GO_GOAL
32.18,0.9345,0.6206,0.6185,0.6101,1.0595,0.948,0.6105,0.3985,GO_GOAL
32.2,0.937,0.6223,0.6185,0.6123,1.0615,0.948,0.6105,0.4009,GO_GOAL
32.22,0.9394,0.6241,0.6185,0.6145,1.0635,0.9602,0.6192,0.4034,GO_GOAL
32.24,0.9419,0.6258,0.6185,0.619,1.0675,0.9602,0.6192,0.4058,GO_GOAL
32.26,0.9443,0.6276,0.6185,0.6212,1.0695,0.9602,0.6192,0.4083,GO_GOAL
32.28,0.9467,0.6293,0.6185,0.6212,1.0695,0.9602,0.6192,0.4108,GO_GOAL
32.3,0.9492,0.631,0.6185,0.6234,1.0716,0.9602,0.6192,0.4132,GO_GOAL
32.32,0.9516,0.6328,0.6185,0.6279,1.0756,0.9724,0.6279,0.4157,GO_GOAL
32.34,0.9541,0.6345,0.6185,0.6301,1.0776,0.9724,0.6279,0.4182,GO_GOAL
32.36,0.9565,0.6363,0.6185,0.6301,1.0776,0.9724,0.6279,0.4207,GO_GOAL
32.38,0.959,0.638,0.6185,0.6323,1.0796,0.9724,0.6279,0.4232,GO_GOAL
32.4,0.9614,0.6397,0.6185,0.6345,1.0816,0.9724,0.6279,0.4256,GO_GOAL
32.42,0.9639,0.6415,0.6185,0.6368,1.0836,0.9846,0.6366,0.4281,GO_GOAL
32.44,0.9663,0.6432,0.6185,0.639,1.0856,0.9846,0.6366,0.4306,GO_GOAL
32.46,0.9687,0.645,0.6185,0.6412,1.0877,0.9846,0.6366,0.4331,GO_GOAL
32.48,0.9712,0.6467,0.6185,0.6434,1.0897,0.9846,0.6366,0.4356,GO_GOAL
32.5,0.9736,0.6484,0.6185,0.6457,1.0917,0.9969,0.6453,0.4382,GO_GOAL
32.52,0.9761,0.6502,0.6185,0.6479,1.0937,0.9969,0.6453,0.4407,GO_GOAL
32.54,0.9785,0.6519,0.6185,0.6501,1.0957,0.9969,0.6453,0.4432,GO_GOAL
32.56,0.981,0.6537,0.6185,0.6523,1.0977,0.9969,0.6453,0.4457,GO_GOAL
32.58,0.9834,0.6554,0.6185,0.6568,1.1017,0.9969,0.6453,0.4482,GO_GOAL
32.6,0.9859,0.6571,0.6185,0.6568,1.1017,0.9969,0.6453,0.4508,GO_GOAL
32.62,0.9883,0.6589,0.6185,0.659,1.1038,1.0091,0.654,0.4533,GO_GOAL
32.64,0.9907,0.6606,0.6185,0.6612,1.1058,1.0091,0.654,0.4558,GO_GOAL
32.66,0.9932,0.6623,0.6185,0.6634,1.1078,1.0091,0.654,0.4584,GO_GOAL
32.68,0.9956,0.6641,0.6185,0.6657,1.1098,1.0091,0.654,0.4609,GO_GOAL
32.7,0.9981,0.6658,0.6185,0.6679,1.1118,1.0091,0.654,0.4635,GO_GOAL
32.72,1.0005,0.6676,0.6185,0.6701,1.1138,1.0213,0.6627,0.466,GO_GOAL
32.74,1.003,0.6693,0.6185,0.6723,1.1158,1.0213,0.6627,0.4686,GO_GOAL
32.76,1.0054,0.671,0.6185,0.6768,1.1199,1.0213,0.6627,0.4694,GO_GOAL
32.78,1.0079,0.6728,0.6185,0.6768,1.1199,1.0213,0.6627,0.467,GO_GOAL
32.8,1.0103,0.6745,0.6185,0.679,1.1219,1.0213,0.6627,0.4647,GO_GOAL
32.82,1.0127,0.6763,0.6185,0.6812,1.1239,1.0335,0.6714,0.4623,GO_GOAL
32.84,1.0152,0.678,0.6185,0.6835,1.1259,1.0335,0.6714,0.46,GO_GOAL
32.86,1.0176,0.6797,0.6185,0.6879,1.1299,1.0335,0.6714,0.4577,GO_GOAL
32.88,1.0201,0.6815,0.6185,0.6901,1.1319,1.0335,0.6714,0.4553,GO_GOAL
32.9,1.0225,0.6832,0.6185,0.6901,1.1319,1.0335,0.6714,0.453,GO_GOAL
32.92,1.025,0.685,0.6185,0.6924,1.134,1.0457,0.6801,0.4507,GO_GOAL
32.94,1.0274,0.6867,0.6185,0.6946,1.136,1.0457,0.6801,0.4483,GO_GOAL
32.96,1.0299,0.6884,0.6185,0.6968,1.138,1.0457,0.6801,0.446,GO_GOAL
32.98,1.0323,0.6902,0.6185,0.699,1.14,1.0457,0.6801,0.4437,GO_GOAL
33.0,1.0347,0.6919,0.6185,0.7035,1.144,1.0457,0.6801,0.4414,GO_GOAL
33.02,1.0372,0.6937,0.6185,0.7035,1.144,1.058,0.6888,0.4391,GO_GOAL
33.04,1.0396,0.6954,0.6185,0.7057,1.146,1.058,0.6888,0.4368,GO_GOAL
33.06,1.0421,0.6971,0.6185,0.7079,1.148,1.058,0.6888,0.4345,GO_GOAL
33.08,1.0445,0.6989,0.6185,0.7102,1.1501,1.058,0.6888,0.4322,GO_GOAL
33.1,1.047,0.7006,0.6185,0.7124,1.1521,1.058,0.6888,0.4299,GO_GOAL
33.12,1.0494,0.7024,0.6185,0.7146,1.1541,1.0702,0.6975,0.4277,GO_GOAL
33.14,1.0519,0.7041,0.6185,0.7168,1.1561,1.0702,0.6975,0.4254,GO_GOAL
33.16,1.0543,0.7058,0.6185,0.7191,1.1581,1.0702,0.6975,0.4231,GO_GOAL
33.18,1.0567,0.7076,0.6185,0.7213,1.1601,1.0702,0.6975,0.4209,GO_GOAL
33.2,1.0592,0.7093,0.6185,0.7235,1.1621,1.0702,0.6975,0.4186,GO_GOAL
33.22,1.0616,0.711,0.6185,0.7257,1.1641,1.0824,0.7062,0.4164,GO_GOAL
33.24,1.0641,0.7128,0.6185,0.728,1.1662,1.0824,0.7062,0.4141,GO_GOAL
33.26,1.0665,0.7145,0.6185,0.7302,1.1682,1.0824,0.7062,0.4119,GO_GOAL
33.28,1.069,0.7163,0.6185,0.7324,1.1702,1.0824,0.7062,0.4096,GO_GOAL
33.3,1.0714,0.718,0.6185,0.7346,1.1722,1.0824,0.7062,0.4074,GO_GOAL
33.32,1.0739,0.7197,0.6185,0.7369,1.1742,1.0946,0.7149,0.4052,GO_GOAL
33.34,1.0763,0.7215,0.6185,0.7391,1.1762,1.0946,0.7149,0.403,GO_GOAL
33.36,1.0787,0.7232,0.6185,0.7413,1.1782,1.0946,0.7149,0.4008,GO_GOAL
33.38,1.0812,0.725,0.6185,0.7458,1.1823,1.0946,0.7149,0.3986,GO_GOAL
33.4,1.0836,0.7267,0.6185,0.7458,1.1823,1.0946,0.7149,0.3964,GO_GOAL
33.42,1.0861,0.7284,0.6185,0.748,1.1843,1.1068,0.7236,0.3942,GO_GOAL
33.44,1.0885,0.7302,0.6185,0.7502,1.1863,1.1068,0.7236,0.392,GO_GOAL
33.46,1.091,0.7319,0.6185,0.7524,1.1883,1.1068,0.7236,0.3898,GO_GOAL
33.48,1.0934,0.7337,0.6185,0.7546,1.1903,1.1068,0.7236,0.3876,GO_GOAL
33.5,1.0959,0.7354,0.6185,0.7591,1.1943,1.1191,0.7323,0.3855,GO_GOAL
33.52,1.0983,0.7371,0.6185,0.7591,1.1943,1.1191,0.7323,0.3833,GO_GOAL
33.54,1.1007,0.7389,0.6185,0.7613,1.1964,1.1191,0.7323,0.3811,GO_GOAL
33.56,1.1032,0.7406,0.6185,0.7635,1.1984,1.1191,0.7323,0.379,GO_GOAL
33.58,1.1056,0.7424,0.6185,0.7658,1.2004,1.1191,0.7323,0.3768,GO_GOAL
33.6,1.1081,0.7441,0.6185,0.768,1.2024,1.1191,0.7323,0.3747,GO_GOAL
33.62,1.1105,0.7458,0.6185,0.7702,1.2044,1.1337,0.7427,0.3726,GO_GOAL
33.64,1.113,0.7476,0.6185,0.7724,1.2064,1.1337,0.7427,0.3704,GO_GOAL
33.66,1.1154,0.7493,0.6185,0.7769,1.2104,1.1337,0.7427,0.3683,GO_GOAL
33.68,1.1178,0.7511,0.6185,0.7769,1.2104,1.1337,0.7427,0.3662,GO_GOAL
33.7,1.1203,0.7528,0.6185,0.7791,1.2125,1.1337,0.7427,0.3641,GO_GOAL
33.72,1.1227,0.7545,0.6185,0.7813,1.2145,1.1435,0.7497,0.362,GO_GOAL
33.74,1.1252,0.7563,0.6185,0.7836,1.2165,1.1435,0.7497,0.3599,GO_GOAL
33.76,1.1276,0.758,0.6185,0.7858,1.2185,1.1435,0.7497,0.3578,GO_GOAL
33.78,1.1301,0.7598,0.6185,0.788,1.2205,1.1435,0.7497,0.3558,GO_GOAL
33.8,1.1325,0.7615,0.6185,0.7925,1.2245,1.1435,0.7497,0.3537,GO_GOAL
33.82,1.135,0.7632,0.6185,0.7925,1.2245,1.1582,0.7601,0.3516,GO_GOAL
33.84,1.1374,0.765,0.6185,0.7947,1.2266,1.1582,0.7601,0.3496,GO_GOAL
33.86,1.1398,0.7667,0.6185,0.7969,1.2286,1.1582,0.7601,0.3475,GO_GOAL
33.88,1.1423,0.7684,0.6185,0.7991,1.2306,1.1582,0.7601,0.3455,GO_GOAL
33.9,1.1447,0.7702,0.6185,0.8014,1.2326,1.1679,0.7671,0.3434,GO_GOAL
33.92,1.1472,0.7719,0.6184,0.8036,1.2346,1.1679,0.7671,0.3414,GO_GOAL
33.94,1.1496,0.7737,0.6184,0.8058,1.2366,1.1679,0.7671,0.3394,GO_GOAL
33.96,1.1521,0.7754,0.6184,0.8103,1.2406,1.1679,0.7671,0.3374,GO_GOAL
33.98,1.1545,0.7771,0.6184,0.8103,1.2406,1.1679,0.7671,0.3354,GO_GOAL
34.0,1.157,0.7789,0.6184,0.8125,1.2427,1.1679,0.7671,0.3334,GO_GOAL
34.02,1.1594,0.7806,0.6184,0.8147,1.2447,1.1802,0.7758,0.3314,GO_GOAL
34.04,1.1618,0.7824,0.6184,0.8169,1.2467,1.1802,0.7758,0.3294,GO_GOAL
34.06,1.1643,0.7841,0.6184,0.8192,1.2487,1.1802,0.7758,0.3275,GO_GOAL
34.08,1.1667,0.7858,0.6184,0.8214,1.2507,1.1802,0.7758,0.3255,GO_GOAL
34.1,1.1692,0.7876,0.6184,0.8236,1.2527,1.1924,0.7845,0.3235,GO_GOAL
34.12,1.1716,0.7893,0.6184,0.8258,1.2547,1.1924,0.7845,0.3216,GO_GOAL
34.14,1.1741,0.7911,0.6184,0.8281,1.2567,1.1924,0.7845,0.3196,GO_GOAL
34.16,1.1765,0.7928,0.6184,0.8303,1.2588,1.1924,0.7845,0.3177,GO_GOAL
34.18,1.179,0.7945,0.6184,0.8325,1.2608,1.1924,0.7845,0.3158,GO_GOAL
34.2,1.1814,0.7963,0.6184,0.8347,1.2628,1.2046,0.7932,0.3139,GO_GOAL
34.22,1.1838,0.798,0.6184,0.837,1.2648,1.2046,0.7932,0.312,GO_GOAL
34.24,1.1863,0.7998,0.6184,0.8392,1.2668,1.2046,0.7932,0.3101,GO_GOAL
34.26,1.1887,0.8015,0.6184,0.8414,1.2688,1.2046,0.7932,0.3082,GO_GOAL
34.28,1.1912,0.8032,0.6184,0.8436,1.2708,1.2046,0.7932,0.3063,GO_GOAL
34.3,1.1936,0.805,0.6184,0.8458,1.2729,1.2046,0.7932,0.3044,GO_GOAL
34.32,1.1961,0.8067,0.6184,0.8503,1.2769,1.2168,0.8019,0.3026,GO_GOAL
34.34,1.1985,0.8085,0.6184,0.8525,1.2789,1.2168,0.8019,0.3007,GO_GOAL
34.36,1.201,0.8102,0.6184,0.8525,1.2789,1.2168,0.8019,0.2989,GO_GOAL
34.38,1.2034,0.8119,0.6184,0.8547,1.2809,1.2168,0.8019,0.297,GO_GOAL
34.4,1.2058,0.8137,0.6184,0.857,1.2829,1.229,0.8106,0.2952,GO_GOAL
34.42,1.2083,0.8154,0.6184,0.8592,1.2849,1.229,0.8106,0.2934,GO_GOAL
34.44,1.2107,0.8171,0.6184,0.8614,1.2869,1.229,0.8106,0.2916,GO_GOAL
34.46,1.2132,0.8189,0.6184,0.8636,1.289,1.229,0.8106,0.2898,GO_GOAL
34.48,1.2156,0.8206,0.6184,0.8659,1.291,1.229,0.8106,0.288,GO_GOAL
34.5,1.2181,0.8224,0.6184,0.8681,1.293,1.229,0.8106,0.2862,GO_GOAL
34.52,1.2205,0.8241,0.6184,0.8703,1.295,1.2413,0.8193,0.2845,GO_GOAL
34.54,1.223,0.8258,0.6184,0.8725,1.297,1.2413,0.8193,0.2827,GO_GOAL
34.56,1.2254,0.8276,0.6184,0.8748,1.299,1.2413,0.8193,0.281,GO_GOAL
34.58,1.2278,0.8293,0.6184,0.8792,1.303,1.2413,0.8193,0.2792,GO_GOAL
34.6,1.2303,0.8311,0.6184,0.8792,1.303,1.2535,0.828,0.2775,GO_GOAL
34.62,1.2327,0.8328,0.6184,0.8814,1.3051,1.2535,0.828,0.2758,GO_GOAL
34.64,1.2352,0.8345,0.6184,0.8837,1.3071,1.2535,0.828,0.2741,GO_GOAL
34.66,1.2376,0.8363,0.6184,0.8859,1.3091,1.2535,0.828,0.2724,GO_GOAL
34.68,1.2401,0.838,0.6184,0.8903,1.3131,1.2535,0.828,0.2707,GO_GOAL
34.7,1.2425,0.8398,0.6184,0.8903,1.3131,1.2535,0.828,0.269,GO_GOAL
34.72,1.245,0.8415,0.6184,0.8926,1.3151,1.2657,0.8367,0.2674,GO_GOAL
34.74,1.2474,0.8432,0.6184,0.8948,1.3171,1.2657,0.8367,0.2657,GO_GOAL
34.76,1.2498,0.845,0.6184,0.897,1.3191,1.2657,0.8367,0.2641,GO_GOAL
34.78,1.2523,0.8467,0.6184,0.8992,1.3212,1.2657,0.8367,0.2624,GO_GOAL
34.8,1.2547,0.8485,0.6184,0.9015,1.3232,1.2657,0.8367,0.2608,GO_GOAL
34.82,1.2572,0.8502,0.6184,0.9037,1.3252,1.2779,0.8454,0.2592,GO_GOAL
34.84,1.2596,0.8519,0.6184,0.9081,1.3292,1.2779,0.8454,0.2576,GO_GOAL
34.86,1.2621,0.8537,0.6184,0.9081,1.3292,1.2779,0.8454,0.256,GO_GOAL
34.88,1.2645,0.8554,0.6184,0.9126,1.3332,1.2779,0.8454,0.2544,GO_GOAL
34.9,1.267,0.8572,0.6184,0.9148,1.3353,1.2901,0.8541,0.2529,GO_GOAL
34.92,1.2694,0.8589,0.6184,0.9148,1.3353,1.2901,0.8541,0.2513,GO_GOAL
34.94,1.2718,0.8606,0.6184,0.917,1.3373,1.2901,0.8541,0.2498,GO_GOAL
34.96,1.2743,0.8624,0.6184,0.9193,1.3393,1.2901,0.8541,0.2483,GO_GOAL
34.98,1.2767,0.8641,0.6184,0.9215,1.3413,1.2901,0.8541,0.2468,GO_GOAL
35.0,1.2792,0.8659,0.6184,0.9237,1.3433,1.2901,0.8541,0.2452,GO_GOAL
35.02,1.2816,0.8676,0.6184,0.9259,1.3453,1.3024,0.8628,0.2438,GO_GOAL
35.04,1.2841,0.8693,0.6184,0.9282,1.3473,1.3024,0.8628,0.2423,GO_GOAL
35.06,1.2865,0.8711,0.6184,0.9304,1.3493,1.3024,0.8628,0.2408,GO_GOAL
35.08,1.289,0.8728,0.6184,0.9326,1.3514,1.3024,0.8628,0.2394,GO_GOAL
35.1,1.2914,0.8745,0.6184,0.9348,1.3534,1.3024,0.8628,0.2379,GO_GOAL
35.12,1.2938,0.8763,0.6184,0.937,1.3554,1.3146,0.8715,0.2365,GO_GOAL
35.14,1.2963,0.878,0.6184,0.9393,1.3574,1.3146,0.8715,0.2351,GO_GOAL
35.16,1.2987,0.8798,0.6184,0.9415,1.3594,1.3146,0.8715,0.2337,GO_GOAL
35.18,1.3012,0.8815,0.6184,0.9437,1.3614,1.3146,0.8715,0.2323,GO_GOAL
35.2,1.3036,0.8832,0.6184,0.9459,1.3634,1.3146,0.8715,0.2309,GO_GOAL
35.22,1.3061,0.885,0.6184,0.9482,1.3654,1.3268,0.8802,0.2295,GO_GOAL
35.24,1.3085,0.8867,0.6184,0.9504,1.3675,1.3268,0.8802,0.2282,GO_GOAL
35.26,1.311,0.8885,0.6184,0.9526,1.3695,1.3268,0.8802,0.2268,GO_GOAL
35.28,1.3134,0.8902,0.6184,0.9548,1.3715,1.3268,0.8802,0.2255,GO_GOAL
35.3,1.3158,0.8919,0.6184,0.9571,1.3735,1.339,0.8889,0.2242,GO_GOAL
35.32,1.3183,0.8937,0.6184,0.9593,1.3755,1.339,0.8889,0.2229,GO_GOAL
35.34,1.3207,0.8954,0.6184,0.9637,1.3795,1.339,0.8889,0.2216,GO_GOAL
35.36,1.3232,0.8972,0.6184,0.9637,1.3795,1.339,0.8889,0.2204,GO_GOAL
35.38,1.3256,0.8989,0.6184,0.966,1.3816,1.339,0.8889,0.2191,GO_GOAL
35.4,1.3281,0.9006,0.6184,0.9682,1.3836,1.339,0.8889,0.2179,GO_GOAL
35.42,1.3305,0.9024,0.6184,0.9704,1.3856,1.3512,0.8975,0.2166,GO_GOAL
35.44,1.333,0.9041,0.6184,0.9726,1.3876,1.3512,0.8975,0.2154,GO_GOAL
35.46,1.3354,0.9059,0.6184,0.9749,1.3896,1.3512,0.8975,0.2142,GO_GOAL
35.48,1.3378,0.9076,0.6184,0.9793,1.3936,1.3512,0.8975,0.213,GO_GOAL
35.5,1.3403,0.9093,0.6184,0.9793,1.3936,1.3512,0.8975,0.2119,GO_GOAL
35.52,1.3427,0.9111,0.6184,0.9815,1.3956,1.3635,0.9062,0.2107,GO_GOAL
35.54,1.3452,0.9128,0.6184,0.9838,1.3977,1.3635,0.9062,0.2096,GO_GOAL
35.56,1.3476,0.9146,0.6184,0.986,1.3997,1.3635,0.9062,0.2084,GO_GOAL
35.58,1.3501,0.9163,0.6184,0.9904,1.4037,1.3635,0.9062,0.2073,GO_GOAL
35.6,1.3525,0.918,0.6184,0.9904,1.4037,1.3635,0.9062,0.2062,GO_GOAL
35.62,1.3549,0.9198,0.6184,0.9949,1.4077,1.3781,0.9167,0.2052,GO_GOAL
35.64,1.3574,0.9215,0.6184,0.9949,1.4077,1.3781,0.9167,0.2041,GO_GOAL
35.66,1.3598,0.9232,0.6184,0.9971,1.4097,1.3781,0.9167,0.203,GO_GOAL
35.68,1.3623,0.925,0.6184,0.9993,1.4117,1.3781,0.9167,0.202,GO_GOAL
35.7,1.3647,0.9267,0.6184,1.0016,1.4138,1.3781,0.9167,0.201,GO_GOAL
35.72,1.3672,0.9285,0.6184,1.0038,1.4158,1.3879,0.9236,0.2,GO_GOAL
35.74,1.3696,0.9302,0.6184,1.006,1.4178,1.3879,0.9236,0.199,GO_GOAL
35.76,1.3721,0.9319,0.6184,1.0082,1.4198,1.3879,0.9236,0.198,GO_GOAL
35.78,1.3745,0.9337,0.6184,1.0105,1.4218,1.3879,0.9236,0.1971,GO_GOAL
35.8,1.3769,0.9354,0.6184,1.0127,1.4238,1.3879,0.9236,0.1961,GO_GOAL
35.82,1.3794,0.9372,0.6184,1.0149,1.4258,1.4001,0.9323,0.1952,GO_GOAL
35.84,1.3818,0.9389,0.6184,1.0171,1.4278,1.4001,0.9323,0.1943,GO_GOAL
35.86,1.3843,0.9406,0.6184,1.0194,1.4299,1.4001,0.9323,0.1934,GO_GOAL
35.88,1.3867,0.9424,0.6184,1.0216,1.4319,1.4001,0.9323,0.1925,GO_GOAL
35.9,1.3892,0.9441,0.6184,1.0238,1.4339,1.4001,0.9323,0.1917,GO_GOAL
35.92,1.3916,0.9459,0.6184,1.0282,1.4379,1.4123,0.941,0.1908,GO_GOAL
35.94,1.3941,0.9476,0.6184,1.0282,1.4379,1.4123,0.941,0.19,GO_GOAL
35.96,1.3965,0.9493,0.6184,1.0305,1.4399,1.4123,0.941,0.1892,GO_GOAL
35.98,1.3989,0.9511,0.6184,1.0327,1.4419,1.4123,0.941,0.1884,GO_GOAL
36.0,1.4014,0.9528,0.6184,1.0349,1.444,1.4246,0.9497,0.1876,GO_GOAL
36.02,1.4038,0.9546,0.6184,1.0371,1.446,1.4246,0.9497,0.1869,GO_GOAL
36.04,1.4063,0.9563,0.6184,1.0394,1.448,1.4246,0.9497,0.1861,GO_GOAL
36.06,1.4087,0.958,0.6184,1.0416,1.45,1.4246,0.9497,0.1854,GO_GOAL
36.08,1.4112,0.9598,0.6184,1.0438,1.452,1.4246,0.9497,0.1847,GO_GOAL
36.1,1.4136,0.9615,0.6184,1.046,1.454,1.4246,0.9497,0.184,GO_GOAL
36.12,1.4161,0.9633,0.6184,1.0483,1.456,1.4368,0.9584,0.1833,GO_GOAL
36.14,1.4185,0.965,0.6184,1.0505,1.458,1.4368,0.9584,0.1827,GO_GOAL
36.16,1.4209,0.9667,0.6184,1.0527,1.4601,1.4368,0.9584,0.1821,GO_GOAL
36.18,1.4234,0.9685,0.6184,1.0549,1.4621,1.4368,0.9584,0.1814,GO_GOAL
36.2,1.4258,0.9702,0.6184,1.0572,1.4641,1.4368,0.9584,0.1808,GO_GOAL
36.22,1.4283,0.9719,0.6184,1.0594,1.4661,1.449,0.9671,0.1802,GO_GOAL
36.24,1.4307,0.9737,0.6184,1.0638,1.4701,1.449,0.9671,0.1797,GO_GOAL
36.26,1.4332,0.9754,0.6184,1.0638,1.4701,1.449,0.9671,0.1791,GO_GOAL
36.28,1.4356,0.9772,0.6184,1.0661,1.4721,1.449,0.9671,0.1786,GO_GOAL
36.3,1.4381,0.9789,0.6184,1.0683,1.4741,1.449,0.9671,0.1781,GO_GOAL
36.32,1.4405,0.9806,0.6184,1.0727,1.4782,1.4637,0.9776,0.1776,GO_GOAL
36.34,1.4429,0.9824,0.6184,1.0727,1.4782,1.4637,0.9776,0.1771,GO_GOAL
36.36,1.4454,0.9841,0.6184,1.075,1.4802,1.4637,0.9776,0.1767,GO_GOAL
36.38,1.4478,0.9859,0.6184,1.0794,1.4842,1.4637,0.9776,0.1762,GO_GOAL
36.4,1.4503,0.9876,0.6184,1.0794,1.4842,1.4637,0.9776,0.1758,GO_GOAL
36.42,1.4527,0.9893,0.6184,1.0816,1.4862,1.4734,0.9845,0.1754,GO_GOAL
36.44,1.4552,0.9911,0.6184,1.0839,1.4882,1.4734,0.9845,0.175,GO_GOAL
36.46,1.4576,0.9928,0.6184,1.0861,1.4903,1.4734,0.9845,0.1746,GO_GOAL
36.48,1.4601,0.9946,0.6184,1.0883,1.4923,1.4734,0.9845,0.1743,GO_GOAL
36.5,1.4625,0.9963,0.6184,1.0905,1.4943,1.4734,0.9845,0.1739,GO_GOAL
36.52,1.4649,0.998,0.6184,1.0928,1.4963,1.4857,0.9932,0.1736,GO_GOAL
36.54,1.4674,0.9998,0.6184,1.095,1.4983,1.4857,0.9932,0.1733,GO_GOAL
36.56,1.4698,1.0015,0.6184,1.0972,1.5003,1.4857,0.9932,0.1731,GO_GOAL
36.58,1.4723,1.0033,0.6184,1.1017,1.5043,1.4857,0.9932,0.1728,GO_GOAL
36.6,1.4747,1.005,0.6184,1.1017,1.5043,1.4857,0.9932,0.1726,GO_GOAL
36.62,1.4772,1.0067,0.6184,1.1039,1.5064,1.4979,1.0019,0.1723,GO_GOAL
36.64,1.4796,1.0085,0.6184,1.1061,1.5084,1.4979,1.0019,0.1721,GO_GOAL
36.66,1.4821,1.0102,0.6184,1.1106,1.5124,1.4979,1.0019,0.1719,GO_GOAL
36.68,1.4845,1.012,0.6184,1.1106,1.5124,1.4979,1.0019,0.1718,GO_GOAL
36.7,1.4869,1.0137,0.6184,1.1128,1.5144,1.4979,1.0019,0.1716,GO_GOAL
36.72,1.4894,1.0154,0.6184,1.1172,1.5184,1.5101,1.0106,0.1715,GO_GOAL
36.74,1.4918,1.0172,0.6184,1.1172,1.5184,1.5101,1.0106,0.1714,GO_GOAL
36.76,1.4943,1.0189,0.6184,1.1194,1.5204,1.5101,1.0106,0.1713,GO_GOAL
36.78,1.4967,1.0206,0.6184,1.1217,1.5225,1.5101,1.0106,0.1712,GO_GOAL
36.8,1.4992,1.0224,0.6185,1.1239,1.5245,1.5101,1.0106,0.1712,GO_GOAL
36.82,1.5016,1.0241,0.6185,1.1261,1.5265,1.5223,1.0193,0.1711,GO_GOAL
36.84,1.5041,1.0259,0.6185,1.1283,1.5285,1.5223,1.0193,0.1711,GO_GOAL
36.86,1.5065,1.0276,0.6185,1.1328,1.5325,1.5223,1.0193,0.1711,GO_GOAL
36.88,1.5089,1.0293,0.6185,1.1328,1.5325,1.5223,1.0193,0.1711,GO_GOAL
36.9,1.5114,1.0311,0.6185,1.1372,1.5365,1.5346,1.028,0.1712,GO_GOAL
36.92,1.5138,1.0328,0.6185,1.1372,1.5365,1.5346,1.028,0.1712,GO_GOAL
36.94,1.5163,1.0346,0.6185,1.1395,1.5386,1.5346,1.028,0.1713,GO_GOAL
36.96,1.5187,1.0363,0.6185,1.1417,1.5406,1.5346,1.028,0.1714,GO_GOAL
36.98,1.5212,1.038,0.6185,1.1439,1.5426,1.5346,1.028,0.1715,GO_GOAL
37.0,1.5236,1.0398,0.6185,1.1461,1.5446,1.5468,1.0367,0.1717,GO_GOAL
37.02,1.5261,1.0415,0.6185,1.1484,1.5466,1.5468,1.0367,0.1718,GO_GOAL
37.04,1.5285,1.0433,0.6185,1.1506,1.5486,1.5468,1.0367,0.172,GO_GOAL
37.06,1.5309,1.045,0.6185,1.1528,1.5506,1.5468,1.0367,0.1722,GO_GOAL
37.08,1.5334,1.0467,0.6185,1.155,1.5527,1.5468,1.0367,0.1724,GO_GOAL
37.1,1.5358,1.0485,0.6185,1.1573,1.5547,1.5468,1.0367,0.1726,GO_GOAL
37.12,1.5383,1.0502,0.6185,1.1595,1.5567,1.559,1.0454,0.1728,GO_GOAL
37.14,1.5407,1.052,0.6185,1.1617,1.5587,1.559,1.0454,0.1731,GO_GOAL
37.16,1.5432,1.0537,0.6185,1.1639,1.5607,1.559,1.0454,0.1734,GO_GOAL
37.18,1.5456,1.0554,0.6185,1.1662,1.5627,1.559,1.0454,0.1737,GO_GOAL
37.2,1.5481,1.0572,0.6185,1.1684,1.5647,1.559,1.0454,0.174,GO_GOAL
37.22,1.5505,1.0589,0.6185,1.1728,1.5688,1.5712,1.0541,0.1743,GO_GOAL
37.24,1.5529,1.0607,0.6185,1.1728,1.5688,1.5712,1.0541,0.1747,GO_GOAL
37.26,1.5554,1.0624,0.6185,1.1751,1.5708,1.5712,1.0541,0.1751,GO_GOAL
37.28,1.5578,1.0641,0.6185,1.1773,1.5728,1.5712,1.0541,0.1755,GO_GOAL
37.3,1.5603,1.0659,0.6185,1.1817,1.5768,1.5834,1.0628,0.1759,GO_GOAL
37.32,1.5627,1.0676,0.6185,1.184,1.5788,1.5834,1.0628,0.1763,GO_GOAL
37.34,1.5652,1.0694,0.6185,1.184,1.5788,1.5834,1.0628,0.1767,GO_GOAL
37.36,1.5676,1.0711,0.6185,1.1862,1.5808,1.5834,1.0628,0.1772,GO_GOAL
37.38,1.5701,1.0728,0.6185,1.1884,1.5828,1.5834,1.0628,0.1777,GO_GOAL
37.4,1.5725,1.0746,0.6185,1.1906,1.5849,1.5834,1.0628,0.1782,GO_GOAL
37.42,1.5749,1.0763,0.6185,1.1929,1.5869,1.5957,1.0715,0.1787,GO_GOAL
37.44,1.5774,1.078,0.6185,1.1951,1.5889,1.5957,1.0715,0.1792,GO_GOAL
37.46,1.5798,1.0798,0.6185,1.1973,1.5909,1.5957,1.0715,0.1798,GO_GOAL
37.48,1.5823,1.0815,0.6185,1.1995,1.5929,1.5957,1.0715,0.1804,GO_GOAL
37.5,1.5847,1.0833,0.6185,1.2018,1.5949,1.5957,1.0715,0.181,GO_GOAL
37.52,1.5872,1.085,0.6185,1.204,1.5969,1.6079,1.0802,0.1816,GO_GOAL
37.54,1.5896,1.0867,0.6185,1.2062,1.599,1.6079,1.0802,0.1822,GO_GOAL
37.56,1.592,1.0885,0.6185,1.2084,1.601,1.6079,1.0802,0.1828,GO_GOAL
37.58,1.5945,1.0902,0.6185,1.2106,1.603,1.6079,1.0802,0.1835,GO_GOAL
37.6,1.5969,1.092,0.6185,1.2129,1.605,1.6079,1.0802,0.1842,GO_GOAL
37.62,1.5994,1.0937,0.6185,1.2151,1.607,1.6201,1.0889,0.1849,GO_GOAL
37.64,1.6018,1.0954,0.6185,1.2173,1.609,1.6201,1.0889,0.1856,GO_GOAL
37.66,1.6043,1.0972,0.6185,1.2195,1.611,1.6201,1.0889,0.1863,GO_GOAL
37.68,1.6067,1.0989,0.6185,1.2218,1.613,1.6201,1.0889,0.187,GO_GOAL
37.7,1.6092,1.1007,0.6185,1.224,1.6151,1.6323,1.0976,0.1878,GO_GOAL
37.718,1.6116,1.1024,0.6185,1.2262,1.6171,1.6323,1.0976,0.1886,GO_GOAL
37.74,1.614,1.1041,0.6185,1.2284,1.6191,1.6323,1.0976,0.1894,GO_GOAL
37.76,1.6165,1.1059,0.6185,1.2307,1.6211,1.6323,1.0976,0.1902,GO_GOAL
37.78,1.6189,1.1076,0.6185,1.2329,1.6231,1.6323,1.0976,0.191,GO_GOAL
37.8,1.6214,1.1094,0.6185,1.2351,1.6251,1.6323,1.0976,0.1919,GO_GOAL
37.82,1.6238,1.1111,0.6185,1.2373,1.6271,1.6445,1.1063,0.1927,GO_GOAL
37.84,1.6263,1.1128,0.6185,1.2396,1.6291,1.6445,1.1063,0.1936,GO_GOAL
37.86,1.6287,1.1146,0.6185,1.2418,1.6312,1.6445,1.1063,0.1945,GO_GOAL
37.88,1.6312,1.1163,0.6185,1.244,1.6332,1.6445,1.1063,0.1954,GO_GOAL
37.9,1.6336,1.1181,0.6185,1.2462,1.6352,1.6445,1.1063,0.1963,GO_GOAL
37.92,1.636,1.1198,0.6185,1.2507,1.6392,1.6568,1.115,0.1973,GO_GOAL
37.94,1.6385,1.1215,0.6185,1.2507,1.6392,1.6568,1.115,0.1982,GO_GOAL
37.96,1.6409,1.1233,0.6185,1.2551,1.6432,1.6568,1.115,0.1992,GO_GOAL
37.98,1.6434,1.125,0.6185,1.2551,1.6432,1.6568,1.115,0.2002,GO_GOAL
38.0,1.6458,1.1267,0.6185,1.2574,1.6453,1.6568,1.115,0.2012,GO_GOAL
38.02,1.6483,1.1285,0.6185,1.2618,1.6493,1.669,1.1237,0.2022,GO_GOAL
38.04,1.6507,1.1302,0.6185,1.2618,1.6493,1.669,1.1237,0.2033,GO_GOAL
38.06,1.6532,1.132,0.6185,1.264,1.6513,1.669,1.1237,0.2043,GO_GOAL
38.08,1.6556,1.1337,0.6185,1.2663,1.6533,1.669,1.1237,0.2054,GO_GOAL
38.1,1.658,1.1354,0.6185,1.2707,1.6573,1.669,1.1237,0.2065,GO_GOAL
38.12,1.6605,1.1372,0.6185,1.2729,1.6593,1.6836,1.1342,0.2076,GO_GOAL
38.14,1.6629,1.1389,0.6185,1.2729,1.6593,1.6836,1.1342,0.2087,GO_GOAL
38.16,1.6654,1.1407,0.6185,1.2752,1.6614,1.6836,1.1342,0.2098,GO_GOAL
38.18,1.6678,1.1424,0.6185,1.2774,1.6634,1.6836,1.1342,0.211,GO_GOAL
38.2,1.6703,1.1441,0.6185,1.2796,1.6654,1.6836,1.1342,0.2121,GO_GOAL
38.22,1.6727,1.1459,0.6185,1.2818,1.6674,1.6934,1.1411,0.2133,GO_GOAL
38.24,1.6752,1.1476,0.6185,1.2841,1.6694,1.6934,1.1411,0.2145,GO_GOAL
38.26,1.6776,1.1494,0.6185,1.2863,1.6714,1.6934,1.1411,0.2157,GO_GOAL
38.28,1.68,1.1511,0.6185,1.2885,1.6734,1.6934,1.1411,0.2169,GO_GOAL
38.3,1.6825,1.1528,0.6185,1.2907,1.6754,1.6934,1.1411,0.2181,GO_GOAL
38.32,1.6849,1.1546,0.6185,1.293,1.6775,1.7056,1.1498,0.2194,GO_GOAL
38.34,1.6874,1.1563,0.6185,1.2952,1.6795,1.7056,1.1498,0.2206,GO_GOAL
38.36,1.6898,1.1581,0.6185,1.2974,1.6815,1.7056,1.1498,0.2219,GO_GOAL
38.38,1.6923,1.1598,0.6185,1.2996,1.6835,1.7056,1.1498,0.2232,GO_GOAL
38.4,1.6947,1.1615,0.6185,1.3018,1.6855,1.7179,1.1585,0.2245,GO_GOAL
38.42,1.6972,1.1633,0.6185,1.3063,1.6895,1.7179,1.1585,0.2258,GO_GOAL
38.44,1.6996,1.165,0.6185,1.3063,1.6895,1.7179,1.1585,0.2271,GO_GOAL
38.46,1.702,1.1668,0.6185,1.3085,1.6916,1.7179,1.1585,0.2285,GO_GOAL
38.48,1.7045,1.1685,0.6185,1.3107,1.6936,1.7179,1.1585,0.2298,GO_GOAL
38.5,1.7069,1.1702,0.6185,1.313,1.6956,1.7179,1.1585,0.2312,GO_GOAL
38.52,1.7094,1.172,0.6185,1.3152,1.6976,1.7301,1.1672,0.2326,GO_GOAL
38.54,1.7118,1.1737,0.6185,1.3174,1.6996,1.7301,1.1672,0.234,GO_GOAL
38.56,1.7143,1.1755,0.6185,1.3219,1.7036,1.7301,1.1672,0.2354,GO_GOAL
38.58,1.7167,1.1772,0.6185,1.3219,1.7036,1.7301,1.1672,0.2368,GO_GOAL
38.6,1.7192,1.1789,0.6185,1.3241,1.7056,1.7301,1.1672,0.2382,GO_GOAL
38.62,1.7216,1.1807,0.6185,1.3263,1.7077,1.7423,1.1759,0.2397,GO_GOAL
38.64,1.724,1.1824,0.6185,1.3285,1.7097,1.7423,1.1759,0.2411,GO_GOAL
38.66,1.7265,1.1841,0.6185,1.3308,1.7117,1.7423,1.1759,0.2426,GO_GOAL
38.68,1.7289,1.1859,0.6185,1.333,1.7137,1.7423,1.1759,0.2441,GO_GOAL
38.7,1.7314,1.1876,0.6185,1.3352,1.7157,1.7423,1.1759,0.2456,GO_GOAL
38.72,1.7338,1.1894,0.6185,1.3397,1.7197,1.7545,1.1846,0.2471,GO_GOAL
38.74,1.7363,1.1911,0.6185,1.3397,1.7197,1.7545,1.1846,0.2486,GO_GOAL
38.76,1.7387,1.1928,0.6185,1.3419,1.7217,1.7545,1.1846,0.2501,GO_GOAL
38.78,1.7412,1.1946,0.6185,1.3441,1.7238,1.7545,1.1846,0.2517,GO_GOAL
38.8,1.7436,1.1963,0.6185,1.3463,1.7258,1.7545,1.1846,0.2532,GO_GOAL
38.82,1.746,1.1981,0.6185,1.3508,1.7298,1.7667,1.1933,0.2548,GO_GOAL
38.84,1.7485,1.1998,0.6185,1.3508,1.7298,1.7667,1.1933,0.2564,GO_GOAL
38.86,1.7509,1.2015,0.6185,1.353,1.7318,1.7667,1.1933,0.2579,GO_GOAL
38.88,1.7534,1.2033,0.6185,1.3552,1.7338,1.7667,1.1933,0.2595,GO_GOAL
38.9,1.7558,1.205,0.6185,1.3575,1.7358,1.7667,1.1933,0.2612,GO_GOAL
38.92,1.7583,1.2068,0.6185,1.3597,1.7379,1.779,1.202,0.2628,GO_GOAL
38.94,1.7607,1.2085,0.6185,1.3619,1.7399,1.779,1.202,0.2644,GO_GOAL
38.96,1.7631,1.2102,0.6185,1.3641,1.7419,1.779,1.202,0.2661,GO_GOAL
38.98,1.7656,1.212,0.6185,1.3664,1.7439,1.779,1.202,0.2677,GO_GOAL
39.0,1.768,1.2137,0.6185,1.3686,1.7459,1.779,1.202,0.2694,GO_GOAL
39.02,1.7705,1.2155,0.6185,1.3708,1.7479,1.7912,1.2107,0.2711,GO_GOAL
39.04,1.7729,1.2172,0.6185,1.373,1.7499,1.7912,1.2107,0.2727,GO_GOAL
39.06,1.7754,1.2189,0.6185,1.3775,1.754,1.7912,1.2107,0.2744,GO_GOAL
39.08,1.7778,1.2207,0.6185,1.3775,1.754,1.7912,1.2107,0.2762,GO_GOAL
39.1,1.7803,1.2224,0.6185,1.3819,1.758,1.7912,1.2107,0.2779,GO_GOAL
39.12,1.7827,1.2242,0.6185,1.3841,1.76,1.8034,1.2194,0.2796,GO_GOAL
39.14,1.7851,1.2259,0.6185,1.3841,1.76,1.8034,1.2194,0.2813,GO_GOAL
39.16,1.7876,1.2276,0.6185,1.3864,1.762,1.8034,1.2194,0.2831,GO_GOAL
39.18,1.79,1.2294,0.6185,1.3908,1.766,1.8034,1.2194,0.2848,GO_GOAL
39.2,1.7925,1.2311,0.6185,1.3908,1.766,1.8034,1.2194,0.2866,GO_GOAL
39.22,1.7949,1.2329,0.6185,1.393,1.768,1.8156,1.2281,0.2884,GO_GOAL
39.24,1.7974,1.2346,0.6185,1.3953,1.7701,1.8156,1.2281,0.2902,GO_GOAL
39.26,1.7998,1.2363,0.6185,1.3975,1.7721,1.8156,1.2281,0.292,GO_GOAL
39.28,1.8023,1.2381,0.6185,1.3997,1.7741,1.8156,1.2281,0.2938,GO_GOAL
39.3,1.8047,1.2398,0.6185,1.4042,1.7781,1.8156,1.2281,0.2956,GO_GOAL
39.32,1.8071,1.2415,0.6185,1.4064,1.7801,1.8278,1.2368,0.2974,GO_GOAL
39.34,1.8096,1.2433,0.6185,1.4064,1.7801,1.8278,1.2368,0.2993,GO_GOAL
39.36,1.812,1.245,0.6185,1.4086,1.7821,1.8278,1.2368,0.3011,GO_GOAL
39.38,1.8145,1.2468,0.6185,1.4108,1.7842,1.8278,1.2368,0.303,GO_GOAL
39.4,1.8169,1.2485,0.6185,1.4131,1.7862,1.8278,1.2368,0.3048,GO_GOAL
39.42,1.8194,1.2502,0.6185,1.4153,1.7882,1.8401,1.2455,0.3067,GO_GOAL
39.44,1.8218,1.252,0.6185,1.4175,1.7902,1.8401,1.2455,0.3086,GO_GOAL
39.46,1.8243,1.2537,0.6185,1.4197,1.7922,1.8401,1.2455,0.3105,GO_GOAL
39.48,1.8267,1.2555,0.6185,1.422,1.7942,1.8401,1.2455,0.3124,GO_GOAL
39.5,1.8291,1.2572,0.6185,1.4264,1.7982,1.8523,1.2542,0.3143,GO_GOAL
39.52,1.8316,1.2589,0.6185,1.4264,1.7982,1.8523,1.2542,0.3162,GO_GOAL
39.54,1.834,1.2607,0.6185,1.4309,1.8023,1.8523,1.2542,0.3181,GO_GOAL
39.56,1.8365,1.2624,0.6185,1.4309,1.8023,1.8523,1.2542,0.3201,GO_GOAL
39.58,1.8389,1.2642,0.6185,1.4331,1.8043,1.8523,1.2542,0.322,GO_GOAL
39.6,1.8414,1.2659,0.6185,1.4353,1.8063,1.8523,1.2542,0.3239,GO_GOAL
39.62,1.8438,1.2676,0.6185,1.4375,1.8083,1.8645,1.2629,0.3259,GO_GOAL
39.64,1.8463,1.2694,0.6185,1.4398,1.8103,1.8645,1.2629,0.3279,GO_GOAL
39.66,1.8487,1.2711,0.6185,1.442,1.8123,1.8645,1.2629,0.3298,GO_GOAL
39.68,1.8511,1.2729,0.6185,1.4442,1.8143,1.8645,1.2629,0.3318,GO_GOAL
39.7,1.8536,1.2746,0.6185,1.4464,1.8164,1.8645,1.2629,0.3338,GO_GOAL
39.72,1.856,1.2763,0.6185,1.4509,1.8204,1.8767,1.2716,0.3358,GO_GOAL
39.74,1.8585,1.2781,0.6185,1.4509,1.8204,1.8767,1.2716,0.3378,GO_GOAL
39.76,1.8609,1.2798,0.6185,1.4553,1.8244,1.8767,1.2716,0.3398,GO_GOAL
39.78,1.8634,1.2816,0.6185,1.4553,1.8244,1.8767,1.2716,0.3419,GO_GOAL
39.8,1.8658,1.2833,0.6185,1.4576,1.8264,1.8767,1.2716,0.3439,GO_GOAL
39.82,1.8683,1.285,0.6185,1.4598,1.8284,1.8889,1.2803,0.3459,GO_GOAL
39.84,1.8707,1.2868,0.6185,1.462,1.8305,1.8889,1.2803,0.348,GO_GOAL
39.86,1.8731,1.2885,0.6185,1.4642,1.8325,1.8889,1.2803,0.35,GO_GOAL
39.88,1.8756,1.2903,0.6185,1.4664,1.8345,1.8889,1.2803,0.3521,GO_GOAL
39.9,1.878,1.292,0.6185,1.4687,1.8365,1.8889,1.2803,0.3541,GO_GOAL
39.92,1.8805,1.2937,0.6185,1.4709,1.8385,1.9036,1.2907,0.3562,GO_GOAL
39.94,1.8829,1.2955,0.6185,1.4753,1.8425,1.9036,1.2907,0.3583,GO_GOAL
39.96,1.8854,1.2972,0.6185,1.4753,1.8425,1.9036,1.2907,0.3604,GO_GOAL
39.98,1.8878,1.2989,0.6185,1.4776,1.8445,1.9036,1.2907,0.3625,GO_GOAL
40.0,1.8903,1.3007,0.6185,1.482,1.8486,1.9036,1.2907,0.3646,GO_GOAL
40.02,1.8927,1.3024,0.6185,1.482,1.8486,1.9134,1.2977,0.3667,GO_GOAL
40.04,1.8951,1.3042,0.6185,1.4842,1.8506,1.9134,1.2977,0.3688,GO_GOAL
40.06,1.8976,1.3059,0.6185,1.4865,1.8526,1.9134,1.2977,0.3709,GO_GOAL
40.08,1.9,1.3076,0.6185,1.4887,1.8546,1.9134,1.2977,0.373,GO_GOAL
40.1,1.9025,1.3094,0.6185,1.4909,1.8566,1.9134,1.2977,0.3752,GO_GOAL
40.12,1.9049,1.3111,0.6185,1.4931,1.8586,1.9256,1.3064,0.3773,GO_GOAL
40.14,1.9074,1.3129,0.6185,1.4954,1.8606,1.9256,1.3064,0.3794,GO_GOAL
40.16,1.9098,1.3146,0.6185,1.4976,1.8627,1.9256,1.3064,0.3816,GO_GOAL
40.18,1.9122,1.3163,0.6185,1.4998,1.8647,1.9256,1.3064,0.3837,GO_GOAL
40.2,1.9147,1.3181,0.6185,1.502,1.8667,1.9256,1.3064,0.3859,GO_GOAL
40.22,1.9171,1.3198,0.6185,1.5043,1.8687,1.9378,1.3151,0.3881,GO_GOAL
40.24,1.9196,1.3216,0.6185,1.5065,1.8707,1.9378,1.3151,0.3903,GO_GOAL
40.26,1.922,1.3233,0.6185,1.5087,1.8727,1.9378,1.3151,0.3924,GO_GOAL
40.28,1.9245,1.325,0.6185,1.5109,1.8747,1.9378,1.3151,0.3946,GO_GOAL
40.3,1.9269,1.3268,0.6185,1.5132,1.8768,1.9378,1.3151,0.3968,GO_GOAL
40.32,1.9294,1.3285,0.6185,1.5154,1.8788,1.95,1.3238,0.399,GO_GOAL
40.34,1.9318,1.3303,0.6185,1.5176,1.8808,1.95,1.3238,0.4012,GO_GOAL
40.36,1.9342,1.332,0.6185,1.5198,1.8828,1.95,1.3238,0.4034,GO_GOAL
40.38,1.9367,1.3337,0.6185,1.5221,1.8848,1.95,1.3238,0.4057,GO_GOAL
40.4,1.9391,1.3355,0.6185,1.5243,1.8868,1.95,1.3238,0.4079,GO_GOAL
40.42,1.9416,1.3372,0.6185,1.5265,1.8888,1.9623,1.3325,0.4101,GO_GOAL
40.44,1.944,1.339,0.6185,1.531,1.8929,1.9623,1.3325,0.4124,GO_GOAL
40.46,1.9465,1.3407,0.6185,1.5332,1.8949,1.9623,1.3325,0.4146,GO_GOAL
40.48,1.9489,1.3424,0.6185,1.5332,1.8949,1.9623,1.3325,0.4168,GO_GOAL
40.5,1.9514,1.3442,0.6185,1.5354,1.8969,1.9623,1.3325,0.4191,GO_GOAL
40.52,1.9538,1.3459,0.6185,1.5376,1.8989,1.9745,1.3412,0.4213,GO_GOAL
40.54,1.9562,1.3477,0.6185,1.5421,1.9029,1.9745,1.3412,0.4236,GO_GOAL
40.56,1.9587,1.3494,0.6185,1.5421,1.9029,1.9745,1.3412,0.4259,GO_GOAL
40.58,1.9611,1.3511,0.6185,1.5443,1.9049,1.9745,1.3412,0.4281,GO_GOAL
40.6,1.9636,1.3529,0.6185,1.5465,1.9069,1.9745,1.3412,0.4304,GO_GOAL
40.62,1.966,1.3546,0.6185,1.5487,1.909,1.9867,1.3499,0.4327,GO_GOAL
40.64,1.9685,1.3564,0.6185,1.551,1.911,1.9867,1.3499,0.435,GO_GOAL
40.66,1.9709,1.3581,0.6185,1.5532,1.913,1.9867,1.3499,0.4373,GO_GOAL
40.68,1.9734,1.3598,0.6185,1.5554,1.915,1.9867,1.3499,0.4396,GO_GOAL
40.7,1.9758,1.3616,0.6185,1.5576,1.917,1.9989,1.3586,0.4419,GO_GOAL
40.72,1.9782,1.3633,0.6185,1.5599,1.919,1.9989,1.3586,0.4442,GO_GOAL
40.74,1.9807,1.365,0.6185,1.5621,1.921,1.9989,1.3586,0.4465,GO_GOAL
40.76,1.9831,1.3668,0.6185,1.5643,1.9231,1.9989,1.3586,0.4488,GO_GOAL
40.78,1.9856,1.3685,0.6185,1.5665,1.9251,1.9989,1.3586,0.4512,GO_GOAL
40.8,1.988,1.3703,0.6185,1.5688,1.9271,1.9989,1.3586,0.4535,GO_GOAL
40.82,1.9905,1.372,0.6185,1.571,1.9291,2.0111,1.3673,0.4558,GO_GOAL
40.84,1.9929,1.3737,0.6185,1.5732,1.9311,2.0111,1.3673,0.4581,GO_GOAL
40.86,1.9954,1.3755,0.6185,1.5754,1.9331,2.0111,1.3673,0.4605,GO_GOAL
40.88,1.9978,1.3772,0.6185,1.5777,1.9351,2.0111,1.3673,0.4628,GO_GOAL
40.9,2.0002,1.379,0.6185,1.5799,1.9371,2.0111,1.3673,0.4652,GO_GOAL
40.92,2.0027,1.3807,0.6185,1.5821,1.9392,2.0234,1.376,0.4675,GO_GOAL
40.94,2.0051,1.3824,0.6185,1.5843,1.9412,2.0234,1.376,0.4699,GO_GOAL
40.96,2.0076,1.3842,0.6185,1.5866,1.9432,2.0234,1.376,0.4723,GO_GOAL
40.98,2.01,1.3859,0.6185,1.5888,1.9452,2.0234,1.376,0.4746,GO_GOAL
41.0,2.0125,1.3877,0.6185,1.591,1.9472,2.0234,1.376,0.477,GO_GOAL
41.02,2.0149,1.3894,0.6185,1.5955,1.9512,2.0356,1.3847,0.4794,GO_GOAL
41.04,2.0174,1.3911,0.6185,1.5955,1.9512,2.0356,1.3847,0.4818,GO_GOAL
41.06,2.0198,1.3929,0.6185,1.5977,1.9532,2.0356,1.3847,0.4841,GO_GOAL
41.08,2.0222,1.3946,0.6185,1.5999,1.9553,2.0356,1.3847,0.4865,GO_GOAL
41.1,2.0247,1.3964,0.6185,1.6021,1.9573,2.0478,1.3934,0.4889,GO_GOAL
41.12,2.0271,1.3981,0.6185,1.6044,1.9593,2.0478,1.3934,0.4913,GO_GOAL
41.14,2.0296,1.3998,0.6185,1.6066,1.9613,2.0478,1.3934,0.4937,GO_GOAL
41.16,2.032,1.4016,0.6185,1.6088,1.9633,2.0478,1.3934,0.4961,GO_GOAL
41.18,2.0345,1.4033,0.6185,1.611,1.9653,2.0478,1.3934,0.4985,GO_GOAL
41.2,2.0369,1.4051,0.6185,1.6133,1.9673,2.0478,1.3934,0.5009,GO_GOAL
41.22,2.0394,1.4068,0.6185,1.6155,1.9694,2.06,1.4021,0.5034,GO_GOAL
41.24,2.0418,1.4085,0.6185,1.6177,1.9714,2.06,1.4021,0.5058,GO_GOAL
41.26,2.0442,1.4103,0.6185,1.6221,1.9754,2.06,1.4021,0.5082,GO_GOAL
41.28,2.0467,1.412,0.6185,1.6221,1.9754,2.06,1.4021,0.5106,GO_GOAL
41.3,2.0491,1.4138,0.6185,1.6266,1.9794,2.0722,1.4108,0.5131,GO_GOAL
41.32,2.0516,1.4155,0.6185,1.6266,1.9794,2.0722,1.4108,0.5155,GO_GOAL
41.34,2.054,1.4172,0.6185,1.6288,1.9814,2.0722,1.4108,0.5179,GO_GOAL
41.36,2.0565,1.419,0.6185,1.631,1.9834,2.0722,1.4108,0.5204,GO_GOAL
41.38,2.0589,1.4207,0.6185,1.6333,1.9855,2.0722,1.4108,0.5228,GO_GOAL
41.4,2.0613,1.4224,0.6185,1.6355,1.9875,2.0722,1.4108,0.5253,GO_GOAL
41.42,2.0638,1.4242,0.6185,1.6377,1.9895,2.0845,1.4195,0.5277,GO_GOAL
41.44,2.0662,1.4259,0.6185,1.6399,1.9915,2.0845,1.4195,0.5302,GO_GOAL
41.46,2.0687,1.4277,0.6185,1.6422,1.9935,2.0845,1.4195,0.5327,GO_GOAL
41.48,2.0711,1.4294,0.6185,1.6444,1.9955,2.0845,1.4195,0.5351,GO_GOAL
41.5,2.0736,1.4311,0.6185,1.6466,1.9975,2.0967,1.4282,0.5376,GO_GOAL
41.52,2.076,1.4329,0.6185,1.6488,1.9995,2.0967,1.4282,0.5401,GO_GOAL
41.54,2.0785,1.4346,0.6185,1.6511,2.0016,2.0967,1.4282,0.5425,GO_GOAL
41.56,2.0809,1.4364,0.6185,1.6533,2.0036,2.0967,1.4282,0.545,GO_GOAL
41.58,2.0833,1.4381,0.6185,1.6577,2.0076,2.0967,1.4282,0.5475,GO_GOAL
41.6,2.0858,1.4398,0.6185,1.6577,2.0076,2.0967,1.4282,0.55,GO_GOAL
41.62,2.0882,1.4416,0.6185,1.66,2.0096,2.1089,1.4369,0.5525,GO_GOAL
41.64,2.0907,1.4433,0.6185,1.6622,2.0116,2.1089,1.4369,0.555,GO_GOAL
41.66,2.0931,1.4451,0.6185,1.6644,2.0136,2.1089,1.4369,0.5575,GO_GOAL
41.68,2.0956,1.4468,0.6185,1.6666,2.0157,2.1089,1.4369,0.56,GO_GOAL
41.7,2.098,1.4485,0.6185,1.6689,2.0177,2.1089,1.4369,0.5625,GO_GOAL
41.72,2.1005,1.4503,0.6185,1.6711,2.0197,2.1211,1.4456,0.565,GO_GOAL
41.74,2.1029,1.452,0.6185,1.6733,2.0217,2.1211,1.4456,0.5675,GO_GOAL
41.76,2.1053,1.4538,0.6185,1.6755,2.0237,2.1211,1.4456,0.57,GO_GOAL
41.78,2.1078,1.4555,0.6185,1.68,2.0277,2.1211,1.4456,0.5725,GO_GOAL
41.8,2.1102,1.4572,0.6185,1.68,2.0277,2.1211,1.4456,0.575,GO_GOAL
41.82,2.1127,1.459,0.6185,1.6822,2.0297,2.1333,1.4543,0.5775,GO_GOAL
41.84,2.1151,1.4607,0.6185,1.6867,2.0338,2.1333,1.4543,0.58,GO_GOAL
41.86,2.1176,1.4625,0.6185,1.6867,2.0338,2.1333,1.4543,0.5826,GO_GOAL
41.88,2.12,1.4642,0.6185,1.6889,2.0358,2.1333,1.4543,0.5851,GO_GOAL
41.9,2.1225,1.4659,0.6185,1.6911,2.0378,2.1333,1.4543,0.5876,GO_GOAL
41.92,2.1249,1.4677,0.6185,1.6933,2.0398,2.1456,1.463,0.5902,GO_GOAL
41.94,2.1273,1.4694,0.6185,1.6956,2.0418,2.1456,1.463,0.5927,GO_GOAL
41.96,2.1298,1.4712,0.6185,1.6978,2.0438,2.1456,1.463,0.5952,GO_GOAL
41.98,2.1322,1.4729,0.6185,1.7022,2.0479,2.1456,1.463,0.5978,GO_GOAL
42.0,2.1347,1.4746,0.6185,1.7022,2.0479,2.1456,1.463,0.6003,GO_GOAL
42.02,2.1371,1.4764,0.6185,1.7044,2.0499,2.1578,1.4717,0.6029,GO_GOAL
42.04,2.1396,1.4781,0.6185,1.7067,2.0519,2.1578,1.4717,0.6054,GO_GOAL
42.06,2.142,1.4799,0.6185,1.7089,2.0539,2.1578,1.4717,0.608,GO_GOAL
42.08,2.1445,1.4816,0.6185,1.7111,2.0559,2.1578,1.4717,0.6105,GO_GOAL
42.1,2.1469,1.4833,0.6185,1.7133,2.0579,2.1578,1.4717,0.6131,GO_GOAL
42.12,2.1493,1.4851,0.6185,1.7156,2.0599,2.17,1.4804,0.6157,GO_GOAL
42.14,2.1518,1.4868,0.6185,1.7178,2.062,2.17,1.4804,0.6182,GO_GOAL
42.16,2.1542,1.4885,0.6185,1.72,2.064,2.17,1.4804,0.6208,GO_GOAL
42.18,2.1567,1.4903,0.6185,1.7222,2.066,2.17,1.4804,0.6234,GO_GOAL
42.2,2.1591,1.492,0.6185,1.7245,2.068,2.17,1.4804,0.6259,GO_GOAL
42.22,2.1616,1.4938,0.6185,1.7267,2.07,2.1822,1.4891,0.6285,GO_GOAL
42.24,2.164,1.4955,0.6185,1.7289,2.072,2.1822,1.4891,0.6311,GO_GOAL
42.26,2.1665,1.4972,0.6185,1.7311,2.074,2.1822,1.4891,0.6337,GO_GOAL
42.28,2.1689,1.499,0.6185,1.7334,2.076,2.1822,1.4891,0.6362,GO_GOAL
42.3,2.1713,1.5007,0.6185,1.7378,2.0801,2.1944,1.4978,0.6388,GO_GOAL
42.32,2.1738,1.5025,0.6185,1.7378,2.0801,2.1944,1.4978,0.6414,GO_GOAL
42.34,2.1762,1.5042,0.6185,1.74,2.0821,2.1944,1.4978,0.644,GO_GOAL
42.36,2.1787,1.5059,0.6185,1.7445,2.0861,2.1944,1.4978,0.6466,GO_GOAL
42.38,2.1811,1.5077,0.6185,1.7445,2.0861,2.1944,1.4978,0.6492,GO_GOAL
42.4,2.1836,1.5094,0.6185,1.7467,2.0881,2.1944,1.4978,0.6518,GO_GOAL
42.42,2.186,1.5112,0.6185,1.7512,2.0921,2.2067,1.5065,0.6544,GO_GOAL
42.44,2.1885,1.5129,0.6185,1.7512,2.0921,2.2067,1.5065,0.657,GO_GOAL
42.46,2.1909,1.5146,0.6185,1.7534,2.0942,2.2067,1.5065,0.6596,GO_GOAL
42.48,2.1933,1.5164,0.6185,1.7556,2.0962,2.2067,1.5065,0.6622,GO_GOAL
42.5,2.1958,1.5181,0.6185,1.7578,2.0982,2.2067,1.5065,0.6648,GO_GOAL
42.52,2.1982,1.5199,0.6185,1.7601,2.1002,2.2189,1.5152,0.6674,GO_GOAL
42.54,2.2007,1.5216,0.6185,1.7623,2.1022,2.2189,1.5152,0.67,GO_GOAL
42.56,2.2031,1.5233,0.6185,1.7645,2.1042,2.2189,1.5152,0.6726,GO_GOAL
42.58,2.2056,1.5251,0.6185,1.7667,2.1062,2.2189,1.5152,0.6753,GO_GOAL
42.6,2.208,1.5268,0.6185,1.769,2.1083,2.2189,1.5152,0.6779,GO_GOAL
42.62,2.2104,1.5286,0.6185,1.7712,2.1103,2.2311,1.5239,0.6805,GO_GOAL
42.64,2.2129,1.5303,0.6185,1.7734,2.1123,2.2311,1.5239,0.6831,GO_GOAL
42.66,2.2153,1.532,0.6185,1.7756,2.1143,2.2311,1.5239,0.6858,GO_GOAL
42.68,2.2178,1.5338,0.6185,1.7779,2.1163,2.2311,1.5239,0.6884,GO_GOAL
42.7,2.2202,1.5355,0.6185,1.7801,2.1183,2.2311,1.5239,0.691,GO_GOAL
42.72,2.2227,1.5373,0.6185,1.7823,2.1203,2.2433,1.5326,0.6936,GO_GOAL
42.74,2.2251,1.539,0.6185,1.7845,2.1223,2.2433,1.5326,0.6963,GO_GOAL
42.76,2.2276,1.5407,0.6185,1.789,2.1264,2.2433,1.5326,0.6989,GO_GOAL
42.78,2.23,1.5425,0.6185,1.789,2.1264,2.2433,1.5326,0.7016,GO_GOAL
42.8,2.2324,1.5442,0.6185,1.7912,2.1284,2.2433,1.5326,0.7042,GO_GOAL
42.82,2.2349,1.5459,0.6185,1.7934,2.1304,2.2555,1.5413,0.7068,GO_GOAL
42.84,2.2373,1.5477,0.6185,1.7979,2.1344,2.2555,1.5413,0.7095,GO_GOAL
42.86,2.2398,1.5494,0.6185,1.7979,2.1344,2.2555,1.5413,0.7121,GO_GOAL
42.88,2.2422,1.5512,0.6185,1.8001,2.1364,2.2555,1.5413,0.7148,GO_GOAL
42.9,2.2447,1.5529,0.6185,1.8023,2.1384,2.2555,1.5413,0.7174,GO_GOAL
42.92,2.2471,1.5546,0.6185,1.8045,2.1405,2.2678,1.55,0.7201,GO_GOAL
42.94,2.2496,1.5564,0.6185,1.8068,2.1425,2.2678,1.55,0.7227,GO_GOAL
42.96,2.252,1.5581,0.6184,1.809,2.1445,2.2678,1.55,0.7254,GO_GOAL
42.98,2.2544,1.5599,0.6184,1.8112,2.1465,2.2678,1.55,0.728,GO_GOAL
43.0,2.2569,1.5616,0.6184,1.8134,2.1485,2.28,1.5587,0.7307,GO_GOAL
43.02,2.2593,1.5633,0.6184,1.8157,2.1505,2.28,1.5587,0.7334,GO_GOAL
43.04,2.2618,1.5651,0.6184,1.8179,2.1525,2.28,1.5587,0.736,GO_GOAL
43.06,2.2642,1.5668,0.6184,1.8201,2.1546,2.28,1.5587,0.7387,GO_GOAL
43.08,2.2667,1.5686,0.6184,1.8223,2.1566,2.28,1.5587,0.7414,GO_GOAL
43.1,2.2691,1.5703,0.6184,1.8246,2.1586,2.28,1.5587,0.744,GO_GOAL
43.12,2.2716,1.572,0.6184,1.8268,2.1606,2.2922,1.5674,0.7467,GO_GOAL
43.14,2.274,1.5738,0.6184,1.8312,2.1646,2.2922,1.5674,0.7494,GO_GOAL
43.16,2.2764,1.5755,0.6184,1.8335,2.1666,2.2922,1.5674,0.752,GO_GOAL
43.18,2.2789,1.5773,0.6184,1.8357,2.1686,2.2922,1.5674,0.7547,GO_GOAL
43.2,2.2813,1.579,0.6184,1.8357,2.1686,2.2922,1.5674,0.7574,GO_GOAL
43.22,2.2838,1.5807,0.6184,1.8379,2.1707,2.3044,1.576,0.7601,GO_GOAL
43.24,2.2862,1.5825,0.6184,1.8424,2.1747,2.3044,1.576,0.7627,GO_GOAL
43.26,2.2887,1.5842,0.6184,1.8424,2.1747,2.3044,1.576,0.7654,GO_GOAL
43.28,2.2911,1.586,0.6184,1.8446,2.1767,2.3044,1.576,0.7681,GO_GOAL
43.3,2.2936,1.5877,0.6184,1.8468,2.1787,2.3044,1.576,0.7708,GO_GOAL
43.32,2.296,1.5894,0.6184,1.849,2.1807,2.3166,1.5847,0.7735,GO_GOAL
43.34,2.2984,1.5912,0.6184,1.8513,2.1827,2.3166,1.5847,0.7762,GO_GOAL
43.36,2.3009,1.5929,0.6184,1.8535,2.1847,2.3166,1.5847,0.7789,GO_GOAL
43.38,2.3033,1.5946,0.6184,1.8557,2.1868,2.3166,1.5847,0.7816,GO_GOAL
43.4,2.3058,1.5964,0.6184,1.8579,2.1888,2.3166,1.5847,0.7843,GO_GOAL
43.42,2.3082,1.5981,0.6184,1.8624,2.1928,2.3289,1.5934,0.7869,GO_GOAL
43.44,2.3107,1.5999,0.6184,1.8624,2.1928,2.3289,1.5934,0.7896,GO_GOAL
43.46,2.3131,1.6016,0.6184,1.8646,2.1948,2.3289,1.5934,0.7923,GO_GOAL
43.48,2.3156,1.6033,0.6184,1.8668,2.1968,2.3289,1.5934,0.795,GO_GOAL
43.5,2.318,1.6051,0.6184,1.8691,2.1988,2.3289,1.5934,0.7977,GO_GOAL
43.52,2.3204,1.6068,0.6184,1.8713,2.2009,2.3411,1.6021,0.8004,GO_GOAL
43.54,2.3229,1.6086,0.6184,1.8735,2.2029,2.3411,1.6021,0.8,GO_GOAL
43.56,2.3253,1.6103,0.6184,1.8757,2.2049,2.3411,1.6021,0.7983,GO_GOAL
43.58,2.3278,1.612,0.6184,1.8802,2.2089,2.3411,1.6021,0.7965,GO_GOAL
43.6,2.3302,1.6138,0.6184,1.8802,2.2089,2.3411,1.6021,0.7948,GO_GOAL
43.62,2.3327,1.6155,0.6184,1.8824,2.2109,2.3533,1.6108,0.793,GO_GOAL
43.64,2.3351,1.6173,0.6184,1.8846,2.2129,2.3533,1.6108,0.7913,GO_GOAL
43.66,2.3376,1.619,0.6184,1.8868,2.2149,2.3533,1.6108,0.7896,GO_GOAL
43.68,2.34,1.6207,0.6184,1.8891,2.217,2.3533,1.6108,0.7878,GO_GOAL
43.7,2.3424,1.6225,0.6184,1.8913,2.219,2.3533,1.6108,0.7861,GO_GOAL
43.72,2.3449,1.6242,0.6184,1.8935,2.221,2.3655,1.6195,0.7843,GO_GOAL
43.74,2.3473,1.626,0.6184,1.8957,2.223,2.3655,1.6195,0.7826,GO_GOAL
43.76,2.3498,1.6277,0.6184,1.898,2.225,2.3655,1.6195,0.7809,GO_GOAL
43.78,2.3522,1.6294,0.6184,1.9024,2.229,2.3655,1.6195,0.7791,GO_GOAL
43.8,2.3547,1.6312,0.6185,1.9024,2.229,2.3655,1.6195,0.7774,GO_GOAL
43.82,2.3571,1.6329,0.6185,1.9046,2.231,2.3777,1.6282,0.7756,GO_GOAL
43.84,2.3596,1.6347,0.6185,1.9069,2.2331,2.3777,1.6282,0.7739,GO_GOAL
43.86,2.362,1.6364,0.6185,1.9091,2.2351,2.3777,1.6282,0.7722,GO_GOAL
43.88,2.3644,1.6381,0.6185,1.9113,2.2371,2.3777,1.6282,0.7704,GO_GOAL
43.9,2.3669,1.6399,0.6185,1.9135,2.2391,2.3777,1.6282,0.7687,GO_GOAL
43.92,2.3693,1.6416,0.6185,1.9158,2.2411,2.39,1.6369,0.7669,GO_GOAL
43.94,2.3718,1.6433,0.6185,1.918,2.2431,2.39,1.6369,0.7652,GO_GOAL
43.96,2.3742,1.6451,0.6185,1.9202,2.2451,2.39,1.6369,0.7635,GO_GOAL
43.98,2.3767,1.6468,0.6185,1.9224,2.2471,2.39,1.6369,0.7617,GO_GOAL
44.0,2.3791,1.6486,0.6184,1.9247,2.2492,2.39,1.6369,0.76,GO_GOAL
44.02,2.3816,1.6503,0.6184,1.9269,2.2512,2.4022,1.6456,0.7582,GO_GOAL
44.04,2.384,1.652,0.6184,1.9291,2.2532,2.4022,1.6456,0.7565,GO_GOAL
44.06,2.3864,1.6538,0.6184,1.9313,2.2552,2.4022,1.6456,0.7548,GO_GOAL
44.08,2.3889,1.6555,0.6184,1.9336,2.2572,2.4022,1.6456,0.753,GO_GOAL
44.1,2.3913,1.6573,0.6184,1.938,2.2612,2.4022,1.6456,0.7513,GO_GOAL
44.12,2.3938,1.659,0.6184,1.938,2.2612,2.4168,1.6561,0.7495,GO_GOAL
44.14,2.3962,1.6607,0.6184,1.9425,2.2653,2.4168,1.6561,0.7478,GO_GOAL
44.16,2.3987,1.6625,0.6184,1.9425,2.2653,2.4168,1.6561,0.7461,GO_GOAL
44.18,2.4011,1.6642,0.6184,1.9447,2.2673,2.4168,1.6561,0.7443,GO_GOAL
44.2,2.4036,1.666,0.6184,1.9469,2.2693,2.4266,1.663,0.7426,GO_GOAL
44.22,2.406,1.6677,0.6184,1.9491,2.2713,2.4266,1.663,0.7409,GO_GOAL
44.24,2.4084,1.6694,0.6184,1.9514,2.2733,2.4266,1.663,0.7391,GO_GOAL
44.26,2.4109,1.6712,0.6184,1.9536,2.2753,2.4266,1.663,0.7374,GO_GOAL
44.28,2.4133,1.6729,0.6184,1.958,2.2794,2.4266,1.663,0.7356,GO_GOAL
44.3,2.4158,1.6747,0.6184,1.958,2.2794,2.4266,1.663,0.7339,GO_GOAL
44.32,2.4182,1.6764,0.6184,1.9603,2.2814,2.4388,1.6717,0.7322,GO_GOAL
44.34,2.4207,1.6781,0.6184,1.9625,2.2834,2.4388,1.6717,0.7304,GO_GOAL
44.36,2.4231,1.6799,0.6184,1.9647,2.2854,2.4388,1.6717,0.7287,GO_GOAL
44.38,2.4256,1.6816,0.6184,1.9669,2.2874,2.4388,1.6717,0.7269,GO_GOAL
44.4,2.428,1.6834,0.6184,1.9692,2.2894,2.4511,1.6804,0.7252,GO_GOAL
44.42,2.4304,1.6851,0.6184,1.9714,2.2914,2.4511,1.6804,0.7235,GO_GOAL
44.44,2.4329,1.6868,0.6184,1.9736,2.2934,2.4511,1.6804,0.7217,GO_GOAL
44.46,2.4353,1.6886,0.6184,1.9758,2.2955,2.4511,1.6804,0.72,GO_GOAL
44.48,2.4378,1.6903,0.6184,1.9803,2.2995,2.4511,1.6804,0.7182,GO_GOAL
44.5,2.4402,1.6921,0.6184,1.9803,2.2995,2.4511,1.6804,0.7165,GO_GOAL
44.52,2.4427,1.6938,0.6184,1.9847,2.3035,2.4657,1.6909,0.7148,GO_GOAL
44.54,2.4451,1.6955,0.6184,1.9847,2.3035,2.4657,1.6909,0.713,GO_GOAL
44.56,2.4475,1.6973,0.6184,1.9869,2.3055,2.4657,1.6909,0.7113,GO_GOAL
44.58,2.45,1.699,0.6184,1.9892,2.3075,2.4657,1.6909,0.7095,GO_GOAL
44.6,2.4524,1.7007,0.6184,1.9914,2.3096,2.4657,1.6909,0.7078,GO_GOAL
44.62,2.4549,1.7025,0.6184,1.9958,2.3136,2.4755,1.6978,0.7061,GO_GOAL
44.64,2.4573,1.7042,0.6184,1.9958,2.3136,2.4755,1.6978,0.7043,GO_GOAL
44.66,2.4598,1.706,0.6184,1.9981,2.3156,2.4755,1.6978,0.7026,GO_GOAL
44.68,2.4622,1.7077,0.6184,2.0003,2.3176,2.4755,1.6978,0.7008,GO_GOAL
44.7,2.4647,1.7094,0.6184,2.0025,2.3196,2.4755,1.6978,0.6991,GO_GOAL
44.72,2.4671,1.7112,0.6184,2.0047,2.3216,2.4877,1.7065,0.6974,GO_GOAL
44.74,2.4695,1.7129,0.6184,2.007,2.3236,2.4877,1.7065,0.6956,GO_GOAL
44.76,2.472,1.7147,0.6184,2.0092,2.3257,2.4877,1.7065,0.6939,GO_GOAL
44.78,2.4744,1.7164,0.6184,2.0136,2.3297,2.4877,1.7065,0.6922,GO_GOAL
44.8,2.4769,1.7181,0.6184,2.0136,2.3297,2.4877,1.7065,0.6904,GO_GOAL
44.82,2.4793,1.7199,0.6184,2.0181,2.3337,2.4999,1.7152,0.6887,GO_GOAL
44.84,2.4818,1.7216,0.6184,2.0181,2.3337,2.4999,1.7152,0.6869,GO_GOAL
44.86,2.4842,1.7234,0.6184,2.0203,2.3357,2.4999,1.7152,0.6852,GO_GOAL
44.88,2.4867,1.7251,0.6184,2.0225,2.3377,2.4999,1.7152,0.6835,GO_GOAL
44.9,2.4891,1.7268,0.6184,2.0248,2.3397,2.4999,1.7152,0.6817,GO_GOAL
44.92,2.4915,1.7286,0.6184,2.027,2.3418,2.5122,1.7239,0.68,GO_GOAL
44.94,2.494,1.7303,0.6184,2.0314,2.3458,2.5122,1.7239,0.6782,GO_GOAL
44.96,2.4964,1.7321,0.6184,2.0314,2.3458,2.5122,1.7239,0.6765,GO_GOAL
44.98,2.4989,1.7338,0.6184,2.0359,2.3498,2.5122,1.7239,0.6748,GO_GOAL
45.0,2.5013,1.7355,0.6184,2.0381,2.3518,2.5122,1.7239,0.673,GO_GOAL
45.02,2.5038,1.7373,0.6184,2.0381,2.3518,2.5244,1.7326,0.6713,GO_GOAL
45.04,2.5062,1.739,0.6184,2.0426,2.3558,2.5244,1.7326,0.6695,GO_GOAL
45.06,2.5087,1.7408,0.6184,2.0426,2.3558,2.5244,1.7326,0.6678,GO_GOAL
45.08,2.5111,1.7425,0.6184,2.0448,2.3579,2.5244,1.7326,0.6661,GO_GOAL
45.1,2.5135,1.7442,0.6184,2.047,2.3599,2.5244,1.7326,0.6643,GO_GOAL
45.12,2.516,1.746,0.6184,2.0492,2.3619,2.5366,1.7413,0.6626,GO_GOAL
45.14,2.5184,1.7477,0.6184,2.0515,2.3639,2.5366,1.7413,0.6608,GO_GOAL
45.16,2.5209,1.7494,0.6184,2.0537,2.3659,2.5366,1.7413,0.6591,GO_GOAL
45.18,2.5233,1.7512,0.6184,2.0559,2.3679,2.5366,1.7413,0.6574,GO_GOAL
45.2,2.5258,1.7529,0.6184,2.0581,2.3699,2.5366,1.7413,0.6556,GO_GOAL
45.22,2.5282,1.7547,0.6184,2.0604,2.372,2.5488,1.75,0.6539,GO_GOAL
45.24,2.5307,1.7564,0.6184,2.0648,2.376,2.5488,1.75,0.6521,GO_GOAL
45.26,2.5331,1.7581,0.6184,2.0648,2.376,2.5488,1.75,0.6504,GO_GOAL
45.28,2.5355,1.7599,0.6184,2.067,2.378,2.5488,1.75,0.6487,GO_GOAL
45.3,2.538,1.7616,0.6184,2.0715,2.382,2.561,1.7587,0.6469,GO_GOAL
45.32,2.5404,1.7634,0.6184,2.0715,2.382,2.561,1.7587,0.6452,GO_GOAL
45.34,2.5429,1.7651,0.6184,2.0737,2.384,2.561,1.7587,0.6435,GO_GOAL
45.36,2.5453,1.7668,0.6184,2.0759,2.386,2.561,1.7587,0.6417,GO_GOAL
45.38,2.5478,1.7686,0.6184,2.0781,2.3881,2.561,1.7587,0.64,GO_GOAL
45.4,2.5502,1.7703,0.6184,2.0804,2.3901,2.561,1.7587,0.6382,GO_GOAL
45.42,2.5527,1.7721,0.6184,2.0826,2.3921,2.5733,1.7674,0.6365,GO_GOAL
45.44,2.5551,1.7738,0.6184,2.087,2.3961,2.5733,1.7674,0.6348,GO_GOAL
45.46,2.5575,1.7755,0.6184,2.087,2.3961,2.5733,1.7674,0.633,GO_GOAL
45.48,2.56,1.7773,0.6184,2.0893,2.3981,2.5733,1.7674,0.6313,GO_GOAL
45.5,2.5624,1.779,0.6184,2.0915,2.4001,2.5733,1.7674,0.6295,GO_GOAL
45.52,2.5649,1.7808,0.6184,2.0937,2.4021,2.5855,1.7761,0.6278,GO_GOAL
45.54,2.5673,1.7825,0.6184,2.0982,2.4062,2.5855,1.7761,0.6261,GO_GOAL
45.56,2.5698,1.7842,0.6184,2.0982,2.4062,2.5855,1.7761,0.6243,GO_GOAL
45.58,2.5722,1.786,0.6184,2.1004,2.4082,2.5855,1.7761,0.6226,GO_GOAL
45.6,2.5747,1.7877,0.6184,2.1026,2.4102,2.5977,1.7848,0.6208,GO_GOAL
45.62,2.5771,1.7895,0.6184,2.1048,2.4122,2.5977,1.7848,0.6191,GO_GOAL
45.64,2.5795,1.7912,0.6184,2.1071,2.4142,2.5977,1.7848,0.6174,GO_GOAL
45.66,2.582,1.7929,0.6184,2.1093,2.4162,2.5977,1.7848,0.6156,GO_GOAL
45.68,2.5844,1.7947,0.6184,2.1115,2.4182,2.5977,1.7848,0.6139,GO_GOAL
45.7,2.5869,1.7964,0.6184,2.116,2.4223,2.5977,1.7848,0.6121,GO_GOAL
45.72,2.5893,1.7981,0.6184,2.116,2.4223,2.6099,1.7935,0.6104,GO_GOAL
45.74,2.5918,1.7999,0.6184,2.1182,2.4243,2.6099,1.7935,0.6087,GO_GOAL
45.76,2.5942,1.8016,0.6184,2.1204,2.4263,2.6099,1.7935,0.6069,GO_GOAL
45.78,2.5967,1.8034,0.6184,2.1226,2.4283,2.6099,1.7935,0.6052,GO_GOAL
45.8,2.5991,1.8051,0.6184,2.1249,2.4303,2.6099,1.7935,0.6034,GO_GOAL
45.82,2.6015,1.8068,0.6184,2.1271,2.4323,2.6221,1.8022,0.6017,GO_GOAL
45.84,2.604,1.8086,0.6184,2.1293,2.4344,2.6221,1.8022,0.6,GO_GOAL
45.86,2.6064,1.8103,0.6184,2.1338,2.4384,2.6221,1.8022,0.5982,GO_GOAL
45.88,2.6089,1.8121,0.6184,2.1338,2.4384,2.6221,1.8022,0.5965,GO_GOAL
45.9,2.6113,1.8138,0.6184,2.136,2.4404,2.6221,1.8022,0.5948,GO_GOAL
45.92,2.6138,1.8155,0.6184,2.1382,2.4424,2.6344,1.8109,0.593,GO_GOAL
45.94,2.6162,1.8173,0.6184,2.1404,2.4444,2.6344,1.8109,0.5913,GO_GOAL
45.96,2.6187,1.819,0.6184,2.1449,2.4484,2.6344,1.8109,0.5895,GO_GOAL
45.98,2.6211,1.8208,0.6184,2.1449,2.4484,2.6344,1.8109,0.5878,GO_GOAL
46.0,2.6235,1.8225,0.6184,2.1493,2.4525,2.6466,1.8196,0.5861,GO_GOAL
46.02,2.626,1.8242,0.6184,2.1493,2.4525,2.6466,1.8196,0.5843,GO_GOAL
46.04,2.6284,1.826,0.6184,2.1516,2.4545,2.6466,1.8196,0.5826,GO_GOAL
46.06,2.6309,1.8277,0.6184,2.1538,2.4565,2.6466,1.8196,0.5808,GO_GOAL
46.08,2.6333,1.8295,0.6184,2.156,2.4585,2.6466,1.8196,0.5791,GO_GOAL
46.1,2.6358,1.8312,0.6184,2.1582,2.4605,2.6466,1.8196,0.5774,GO_GOAL
46.12,2.6382,1.8329,0.6184,2.1627,2.4645,2.6588,1.8283,0.5756,GO_GOAL
46.14,2.6407,1.8347,0.6184,2.1649,2.4666,2.6588,1.8283,0.5739,GO_GOAL
46.16,2.6431,1.8364,0.6184,2.1671,2.4686,2.6588,1.8283,0.5721,GO_GOAL
46.18,2.6455,1.8381,0.6184,2.1671,2.4686,2.6588,1.8283,0.5704,GO_GOAL
46.2,2.648,1.8399,0.6184,2.1694,2.4706,2.6588,1.8283,0.5687,GO_GOAL
46.22,2.6504,1.8416,0.6184,2.1716,2.4726,2.671,1.837,0.5669,GO_GOAL
46.24,2.6529,1.8434,0.6184,2.176,2.4766,2.671,1.837,0.5652,GO_GOAL
46.26,2.6553,1.8451,0.6184,2.176,2.4766,2.671,1.837,0.5634,GO_GOAL
46.28,2.6578,1.8468,0.6184,2.1782,2.4786,2.671,1.837,0.5617,GO_GOAL
46.3,2.6602,1.8486,0.6184,2.1805,2.4806,2.671,1.837,0.56,GO_GOAL
46.32,2.6627,1.8503,0.6184,2.1827,2.4827,2.6832,1.8457,0.5582,GO_GOAL
46.34,2.6651,1.8521,0.6184,2.1849,2.4847,2.6832,1.8457,0.5565,GO_GOAL
46.36,2.6675,1.8538,0.6184,2.1871,2.4867,2.6832,1.8457,0.5547,GO_GOAL
46.38,2.67,1.8555,0.6184,2.1894,2.4887,2.6832,1.8457,0.553,GO_GOAL
46.4,2.6724,1.8573,0.6184,2.1916,2.4907,2.6955,1.8544,0.5513,GO_GOAL
46.42,2.6749,1.859,0.6184,2.1938,2.4927,2.6955,1.8544,0.5495,GO_GOAL
46.44,2.6773,1.8608,0.6184,2.196,2.4947,2.6955,1.8544,0.5478,GO_GOAL
46.46,2.6798,1.8625,0.6184,2.1983,2.4968,2.6955,1.8544,0.5461,GO_GOAL
46.48,2.6822,1.8642,0.6184,2.2005,2.4988,2.6955,1.8544,0.5443,GO_GOAL
46.5,2.6847,1.866,0.6184,2.2027,2.5008,2.6955,1.8544,0.5426,GO_GOAL
46.52,2.6871,1.8677,0.6184,2.2072,2.5048,2.7077,1.8631,0.5408,GO_GOAL
46.54,2.6895,1.8695,0.6184,2.2072,2.5048,2.7077,1.8631,0.5391,GO_GOAL
46.56,2.692,1.8712,0.6184,2.2094,2.5068,2.7077,1.8631,0.5374,GO_GOAL
46.58,2.6944,1.8729,0.6184,2.2116,2.5088,2.7077,1.8631,0.5356,GO_GOAL
46.6,2.6969,1.8747,0.6184,2.2161,2.5129,2.7077,1.8631,0.5339,GO_GOAL
46.62,2.6993,1.8764,0.6184,2.2161,2.5129,2.7199,1.8718,0.5321,GO_GOAL
46.64,2.7018,1.8782,0.6184,2.2183,2.5149,2.7199,1.8718,0.5304,GO_GOAL
46.66,2.7042,1.8799,0.6184,2.2205,2.5169,2.7199,1.8718,0.5287,GO_GOAL
46.68,2.7067,1.8816,0.6184,2.2227,2.5189,2.7199,1.8718,0.5269,GO_GOAL
46.7,2.7091,1.8834,0.6184,2.225,2.5209,2.7199,1.8718,0.5252,GO_GOAL
46.72,2.7115,1.8851,0.6184,2.2294,2.5249,2.7321,1.8805,0.5234,GO_GOAL
46.74,2.714,1.8868,0.6184,2.2294,2.5249,2.7321,1.8805,0.5217,GO_GOAL
46.76,2.7164,1.8886,0.6184,2.2339,2.529,2.7321,1.8805,0.52,GO_GOAL
46.78,2.7189,1.8903,0.6184,2.2339,2.529,2.7321,1.8805,0.5182,GO_GOAL
46.8,2.7213,1.8921,0.6184,2.2361,2.531,2.7321,1.8805,0.5165,GO_GOAL
46.82,2.7226,1.8929,0.6184,2.2392,2.5338,2.7321,1.8805,0.5157,GO_GOAL
46.84,2.7234,1.8935,0.6184,2.2392,2.5338,2.7321,1.8805,0.5151,GO_GOAL
46.86,2.7243,1.8941,0.6184,2.2399,2.5345,2.7443,1.8892,0.5144,REACHED
46.88,2.7251,1.8947,0.6184,2.2414,2.5358,2.7443,1.8892,0.5139,REACHED
