t,x,y,yaw,odom_x,odom_y,est_x,est_y,clearance,state
0.02,-2.9066,-2.0543,0.1182,-2.904,-2.054,-2.904,-2.054,0.3319,GO_GOAL
0.04,-2.9063,-2.0543,0.1189,-2.9038,-2.054,-2.904,-2.054,0.3319,GO_GOAL
0.06,-2.9056,-2.0542,0.12,-2.9032,-2.0539,-2.904,-2.054,0.332,GO_GOAL
0.08,-2.9048,-2.0541,0.1216,-2.9023,-2.0538,-2.904,-2.054,0.332,GO_GOAL
0.1,-2.904,-2.054,0.1236,-2.9013,-2.0537,-2.904,-2.054,0.3321,GO_GOAL
0.12,-2.9032,-2.0539,0.1261,-2.9003,-2.0535,-2.9013,-2.0537,0.3321,GO_GOAL
0.14,-2.9021,-2.0538,0.1291,-2.8992,-2.0534,-2.9013,-2.0537,0.3321,GO_GOAL
0.16,-2.9006,-2.0536,0.1325,-2.8976,-2.0531,-2.9013,-2.0537,0.3322,GO_GOAL
0.18,-2.8992,-2.0533,0.1361,-2.8957,-2.0528,-2.9013,-2.0537,0.3323,GO_GOAL
0.2,-2.8978,-2.0531,0.1396,-2.8937,-2.0525,-2.9013,-2.0537,0.3324,GO_GOAL
0.22,-2.8965,-2.0529,0.1432,-2.8917,-2.0521,-2.8937,-2.0527,0.3325,GO_GOAL
0.24,-2.8951,-2.0527,0.1467,-2.8896,-2.0517,-2.8937,-2.0527,0.3326,GO_GOAL
0.26,-2.8938,-2.0525,0.1503,-2.8871,-2.0512,-2.8937,-2.0527,0.3327,GO_GOAL
0.28,-2.8924,-2.0523,0.1539,-2.8813,-2.05,-2.8937,-2.0527,0.3328,GO_GOAL
0.3,-2.8911,-2.0521,0.1574,-2.8813,-2.05,-2.8937,-2.0527,0.3329,GO_GOAL
0.32,-2.8898,-2.0519,0.161,-2.8783,-2.0493,-2.8811,-2.0508,0.333,GO_GOAL
0.34,-2.8876,-2.0513,0.1646,-2.8753,-2.0485,-2.8811,-2.0508,0.3334,GO_GOAL
0.36,-2.8851,-2.0509,0.1688,-2.8719,-2.0476,-2.8811,-2.0508,0.3337,GO_GOAL
0.38,-2.8825,-2.0504,0.1734,-2.8685,-2.0467,-2.8811,-2.0508,0.334,GO_GOAL
0.4,-2.8799,-2.05,0.1786,-2.8651,-2.0456,-2.8811,-2.0508,0.3343,GO_GOAL
0.42,-2.8773,-2.0495,0.1842,-2.8617,-2.0446,-2.8646,-2.0481,0.3346,GO_GOAL
0.44,-2.8747,-2.049,0.1904,-2.8583,-2.0434,-2.8646,-2.0481,0.3349,GO_GOAL
0.46,-2.8721,-2.0485,0.197,-2.8549,-2.0422,-2.8646,-2.0481,0.3352,GO_GOAL
0.48,-2.8695,-2.048,0.2042,-2.8515,-2.0409,-2.8646,-2.0481,0.3356,GO_GOAL
0.5,-2.8668,-2.0474,0.2119,-2.8482,-2.0396,-2.8646,-2.0481,0.3359,GO_GOAL
0.52,-2.8639,-2.0468,0.2201,-2.8448,-2.0382,-2.847,-2.0447,0.3363,GO_GOAL
0.54,-2.8609,-2.0461,0.2288,-2.8415,-2.0367,-2.847,-2.0447,0.3367,GO_GOAL
0.56,-2.858,-2.0454,0.2381,-2.8381,-2.0352,-2.847,-2.0447,0.3371,GO_GOAL
0.58,-2.855,-2.0446,0.2478,-2.8348,-2.0336,-2.847,-2.0447,0.3375,GO_GOAL
0.6,-2.852,-2.0439,0.2581,-2.8315,-2.032,-2.847,-2.0447,0.338,GO_GOAL
0.62,-2.8487,-2.043,0.2689,-2.8282,-2.0303,-2.829,-2.0405,0.3385,GO_GOAL
0.64,-2.8454,-2.042,0.2802,-2.8248,-2.0285,-2.829,-2.0405,0.3391,GO_GOAL
0.66,-2.842,-2.0411,0.292,-2.8181,-2.0247,-2.829,-2.0405,0.3397,GO_GOAL
0.68,-2.8387,-2.04,0.3044,-2.8181,-2.0247,-2.829,-2.0405,0.3404,GO_GOAL
0.7,-2.8353,-2.0389,0.3172,-2.8149,-2.0227,-2.829,-2.0405,0.3411,GO_GOAL
0.72,-2.8316,-2.0377,0.3302,-2.8116,-2.0207,-2.8108,-2.0353,0.3419,GO_GOAL
0.74,-2.828,-2.0364,0.3427,-2.8083,-2.0186,-2.8108,-2.0353,0.3428,GO_GOAL
0.76,-2.8244,-2.0351,0.3552,-2.8049,-2.0164,-2.8108,-2.0353,0.3437,GO_GOAL
0.78,-2.8208,-2.0338,0.3677,-2.8016,-2.0142,-2.8108,-2.0353,0.3447,GO_GOAL
0.8,-2.8172,-2.0323,0.3802,-2.7983,-2.0119,-2.8108,-2.0353,0.3458,GO_GOAL
0.82,-2.8134,-2.0308,0.3924,-2.7951,-2.0096,-2.7922,-2.0287,0.347,GO_GOAL
0.84,-2.8096,-2.0292,0.4041,-2.7918,-2.0072,-2.7922,-2.0287,0.3482,GO_GOAL
0.86,-2.8058,-2.0276,0.4152,-2.7885,-2.0048,-2.7922,-2.0287,0.3495,GO_GOAL
0.88,-2.8023,-2.026,0.426,-2.7852,-2.0023,-2.7922,-2.0287,0.3508,GO_GOAL
0.9,-2.7989,-2.0244,0.4368,-2.7819,-1.9997,-2.7734,-2.0206,0.352,GO_GOAL
0.92,-2.7955,-2.0229,0.4475,-2.7787,-1.9972,-2.7734,-2.0206,0.3532,GO_GOAL
0.94,-2.7921,-2.0214,0.4583,-2.7754,-1.9945,-2.7734,-2.0206,0.3545,GO_GOAL
0.96,-2.7887,-2.0198,0.4691,-2.7721,-1.9919,-2.7734,-2.0206,0.3557,GO_GOAL
0.98,-2.7854,-2.0183,0.4799,-2.7688,-1.9891,-2.7734,-2.0206,0.3569,GO_GOAL
1.0,-2.782,-2.0168,0.4906,-2.7656,-1.9864,-2.7734,-2.0206,0.3581,GO_GOAL
1.02,-2.7785,-2.0152,0.5014,-2.7623,-1.9837,-2.7545,-2.0113,0.3594,GO_GOAL
1.04,-2.7749,-2.0132,0.512,-2.7559,-1.978,-2.7545,-2.0113,0.3612,GO_GOAL
1.06,-2.771,-2.0109,0.5224,-2.7559,-1.978,-2.7545,-2.0113,0.3631,GO_GOAL
1.08,-2.7671,-2.0086,0.5323,-2.7526,-1.9751,-2.7545,-2.0113,0.3651,GO_GOAL
1.1,-2.7632,-2.0063,0.5415,-2.7494,-1.9722,-2.7545,-2.0113,0.3672,GO_GOAL
1.12,-2.7592,-2.0039,0.5501,-2.743,-1.9664,-2.7357,-2.0008,0.3694,GO_GOAL
1.14,-2.7552,-2.0014,0.5581,-2.743,-1.9664,-2.7357,-2.0008,0.3716,GO_GOAL
1.16,-2.7513,-1.999,0.5656,-2.7398,-1.9634,-2.7357,-2.0008,0.3739,GO_GOAL
1.18,-2.7474,-1.9965,0.5724,-2.7366,-1.9605,-2.7357,-2.0008,0.3762,GO_GOAL
1.2,-2.7436,-1.994,0.5786,-2.7302,-1.9545,-2.7172,-1.9893,0.3785,GO_GOAL
1.22,-2.7398,-1.9915,0.5842,-2.7302,-1.9545,-2.7172,-1.9893,0.3808,GO_GOAL
1.24,-2.7359,-1.989,0.5893,-2.727,-1.9515,-2.7172,-1.9893,0.3833,GO_GOAL
1.26,-2.7321,-1.9864,0.5937,-2.7238,-1.9485,-2.7172,-1.9893,0.3857,GO_GOAL
1.28,-2.7284,-1.9839,0.5975,-2.7207,-1.9454,-2.7172,-1.9893,0.3881,GO_GOAL
1.3,-2.7247,-1.9814,0.6008,-2.7175,-1.9424,-2.7172,-1.9893,0.3906,GO_GOAL
1.32,-2.721,-1.9788,0.6034,-2.7112,-1.9363,-2.699,-1.9771,0.393,GO_GOAL
1.34,-2.7173,-1.9763,0.6054,-2.708,-1.9332,-2.699,-1.9771,0.3955,GO_GOAL
1.36,-2.7137,-1.9737,0.6069,-2.708,-1.9332,-2.699,-1.9771,0.398,GO_GOAL
1.38,-2.7101,-1.9712,0.6078,-2.7048,-1.9302,-2.699,-1.9771,0.4005,GO_GOAL
1.4,-2.7065,-1.9687,0.6086,-2.7017,-1.9271,-2.699,-1.9771,0.403,GO_GOAL
1.42,-2.7029,-1.9662,0.6092,-2.6985,-1.9241,-2.6809,-1.9646,0.4055,GO_GOAL
1.44,-2.6993,-1.9637,0.6096,-2.6954,-1.921,-2.6809,-1.9646,0.408,GO_GOAL
1.46,-2.6957,-1.9612,0.61,-2.6922,-1.9179,-2.6809,-1.9646,0.4105,GO_GOAL
1.48,-2.6921,-1.9587,0.6104,-2.6859,-1.9118,-2.6809,-1.9646,0.413,GO_GOAL
1.5,-2.6885,-1.9562,0.6108,-2.6827,-1.9087,-2.6629,-1.9521,0.4155,GO_GOAL
1.52,-2.6849,-1.9536,0.6111,-2.6796,-1.9057,-2.6629,-1.9521,0.418,GO_GOAL
1.54,-2.6813,-1.9513,0.6114,-2.6796,-1.9057,-2.6629,-1.9521,0.4204,GO_GOAL
1.56,-2.6777,-1.949,0.6117,-2.6764,-1.9026,-2.6629,-1.9521,0.4227,GO_GOAL
1.58,-2.6741,-1.9467,0.612,-2.6733,-1.8995,-2.6629,-1.9521,0.425,GO_GOAL
1.6,-2.6705,-1.9444,0.6123,-2.667,-1.8934,-2.6629,-1.9521,0.4273,GO_GOAL
1.62,-2.6669,-1.9421,0.6126,-2.667,-1.8934,-2.6412,-1.9369,0.4295,GO_GOAL
1.64,-2.6634,-1.9398,0.6129,-2.6607,-1.8872,-2.6412,-1.9369,0.4318,GO_GOAL
1.66,-2.6598,-1.9375,0.6133,-2.6607,-1.8872,-2.6412,-1.9369,0.4341,GO_GOAL
1.68,-2.6562,-1.935,0.6136,-2.6576,-1.8841,-2.6412,-1.9369,0.4366,GO_GOAL
1.7,-2.6526,-1.9325,0.6138,-2.6544,-1.8811,-2.6412,-1.9369,0.4391,GO_GOAL
1.72,-2.649,-1.9299,0.614,-2.6513,-1.878,-2.6268,-1.9268,0.4416,GO_GOAL
1.74,-2.6454,-1.9274,0.6141,-2.6481,-1.8749,-2.6268,-1.9268,0.4442,GO_GOAL
1.76,-2.6418,-1.9249,0.6143,-2.645,-1.8718,-2.6268,-1.9268,0.4467,GO_GOAL
1.78,-2.6382,-1.9223,0.6145,-2.6387,-1.8657,-2.6268,-1.9268,0.4492,GO_GOAL
1.8,-2.6346,-1.9198,0.6146,-2.6387,-1.8657,-2.6268,-1.9268,0.4518,GO_GOAL
1.82,-2.631,-1.9172,0.6148,-2.6356,-1.8626,-2.6089,-1.9141,0.4543,GO_GOAL
1.84,-2.6274,-1.9147,0.6149,-2.6324,-1.8595,-2.6089,-1.9141,0.4568,GO_GOAL
1.86,-2.6238,-1.9122,0.615,-2.6293,-1.8564,-2.6089,-1.9141,0.4594,GO_GOAL
1.88,-2.6202,-1.9096,0.6152,-2.6261,-1.8533,-2.6089,-1.9141,0.4619,GO_GOAL
1.9,-2.6166,-1.9071,0.6153,-2.623,-1.8503,-2.6089,-1.9141,0.4644,GO_GOAL
1.92,-2.613,-1.9045,0.6154,-2.6199,-1.8472,-2.5873,-1.8989,0.467,GO_GOAL
1.94,-2.6095,-1.902,0.6155,-2.6167,-1.8441,-2.5873,-1.8989,0.4695,GO_GOAL
1.96,-2.6059,-1.8995,0.6156,-2.6136,-1.841,-2.5873,-1.8989,0.4721,GO_GOAL
1.98,-2.6023,-1.8969,0.6157,-2.6073,-1.8348,-2.5873,-1.8989,0.4746,GO_GOAL
2.0,-2.5987,-1.8944,0.6158,-2.6042,-1.8317,-2.5873,-1.8989,0.4771,GO_GOAL
2.02,-2.5951,-1.8919,0.6159,-2.6042,-1.8317,-2.5729,-1.8887,0.4797,GO_GOAL
2.04,-2.5915,-1.8893,0.616,-2.601,-1.8287,-2.5729,-1.8887,0.4822,GO_GOAL
2.06,-2.5879,-1.8868,0.6161,-2.5979,-1.8256,-2.5729,-1.8887,0.4847,GO_GOAL
2.08,-2.5843,-1.8842,0.6162,-2.5948,-1.8225,-2.5729,-1.8887,0.4873,GO_GOAL
2.1,-2.5808,-1.8817,0.6162,-2.5916,-1.8194,-2.5729,-1.8887,0.4898,GO_GOAL
2.12,-2.5772,-1.8792,0.6163,-2.5854,-1.8132,-2.5514,-1.8735,0.4923,GO_GOAL
2.14,-2.5736,-1.8766,0.6164,-2.5854,-1.8132,-2.5514,-1.8735,0.4949,GO_GOAL
2.16,-2.57,-1.8741,0.6164,-2.5822,-1.8101,-2.5514,-1.8735,0.4974,GO_GOAL
2.18,-2.5665,-1.8716,0.6165,-2.5791,-1.8071,-2.5514,-1.8735,0.4999,GO_GOAL
2.2,-2.5629,-1.8691,0.6166,-2.5759,-1.804,-2.5514,-1.8735,0.5024,GO_GOAL
2.22,-2.5593,-1.8666,0.6166,-2.5697,-1.7978,-2.537,-1.8633,0.5049,GO_GOAL
2.24,-2.5558,-1.8641,0.6167,-2.5697,-1.7978,-2.537,-1.8633,0.5074,GO_GOAL
2.26,-2.5522,-1.8617,0.6168,-2.5665,-1.7947,-2.537,-1.8633,0.5098,GO_GOAL
2.28,-2.5487,-1.8592,0.6168,-2.5634,-1.7916,-2.537,-1.8633,0.5123,GO_GOAL
2.3,-2.5451,-1.8567,0.6169,-2.5571,-1.7854,-2.537,-1.8633,0.5148,GO_GOAL
2.32,-2.5415,-1.8541,0.6169,-2.554,-1.7824,-2.5191,-1.8506,0.5174,GO_GOAL
2.34,-2.5379,-1.8515,0.617,-2.554,-1.7824,-2.5191,-1.8506,0.5199,GO_GOAL
2.36,-2.5343,-1.849,0.617,-2.5509,-1.7793,-2.5191,-1.8506,0.5225,GO_GOAL
2.38,-2.5307,-1.8464,0.6171,-2.5446,-1.7731,-2.5191,-1.8506,0.525,GO_GOAL
2.4,-2.5271,-1.8439,0.6171,-2.5446,-1.7731,-2.5191,-1.8506,0.5276,GO_GOAL
2.42,-2.5236,-1.8413,0.6171,-2.5415,-1.77,-2.5011,-1.8378,0.5301,GO_GOAL
2.44,-2.52,-1.8388,0.6172,-2.5352,-1.7638,-2.5011,-1.8378,0.5327,GO_GOAL
2.46,-2.5164,-1.8362,0.6172,-2.5321,-1.7607,-2.5011,-1.8378,0.5352,GO_GOAL
2.48,-2.5128,-1.8337,0.6172,-2.5321,-1.7607,-2.5011,-1.8378,0.5378,GO_GOAL
2.5,-2.5092,-1.8312,0.6173,-2.5289,-1.7576,-2.5011,-1.8378,0.5403,GO_GOAL
2.52,-2.5056,-1.8286,0.6173,-2.5258,-1.7546,-2.4832,-1.8251,0.5429,GO_GOAL
2.54,-2.502,-1.8261,0.6173,-2.5227,-1.7515,-2.4832,-1.8251,0.5454,GO_GOAL
2.56,-2.4984,-1.8235,0.6173,-2.5195,-1.7484,-2.4832,-1.8251,0.548,GO_GOAL
2.58,-2.4948,-1.821,0.6174,-2.5164,-1.7453,-2.4832,-1.8251,0.5505,GO_GOAL
2.6,-2.4913,-1.8184,0.6174,-2.5133,-1.7422,-2.4832,-1.8251,0.553,GO_GOAL
2.62,-2.4877,-1.8159,0.6174,-2.5101,-1.7391,-2.4652,-1.8124,0.5556,GO_GOAL
2.64,-2.4841,-1.8133,0.6174,-2.507,-1.736,-2.4652,-1.8124,0.5581,GO_GOAL
2.66,-2.4805,-1.8108,0.6175,-2.5039,-1.7329,-2.4652,-1.8124,0.5607,GO_GOAL
2.68,-2.4769,-1.8083,0.6175,-2.5007,-1.7298,-2.4652,-1.8124,0.5632,GO_GOAL
2.7,-2.4734,-1.8057,0.6175,-2.4945,-1.7237,-2.4473,-1.7996,0.5658,GO_GOAL
2.72,-2.4698,-1.8032,0.6175,-2.4945,-1.7237,-2.4473,-1.7996,0.5683,GO_GOAL
2.74,-2.4662,-1.8006,0.6175,-2.4914,-1.7206,-2.4473,-1.7996,0.5708,GO_GOAL
2.76,-2.4626,-1.7981,0.6175,-2.4882,-1.7175,-2.4473,-1.7996,0.5734,GO_GOAL
2.78,-2.4591,-1.7956,0.6176,-2.4851,-1.7144,-2.4473,-1.7996,0.5759,GO_GOAL
2.8,-2.4555,-1.793,0.6176,-2.482,-1.7113,-2.4473,-1.7996,0.5784,GO_GOAL
2.82,-2.4519,-1.7905,0.6176,-2.4757,-1.7051,-2.4294,-1.7869,0.5809,GO_GOAL
2.84,-2.4484,-1.788,0.6176,-2.4726,-1.702,-2.4294,-1.7869,0.5835,GO_GOAL
2.86,-2.4449,-1.7855,0.6176,-2.4726,-1.702,-2.4294,-1.7869,0.586,GO_GOAL
2.88,-2.4413,-1.783,0.6176,-2.4694,-1.6989,-2.4294,-1.7869,0.5885,GO_GOAL
2.9,-2.4378,-1.7805,0.6177,-2.4663,-1.6958,-2.4294,-1.7869,0.591,GO_GOAL
2.92,-2.4342,-1.7779,0.6177,-2.4632,-1.6928,-2.4114,-1.7742,0.5936,GO_GOAL
2.94,-2.4306,-1.7754,0.6177,-2.46,-1.6897,-2.4114,-1.7742,0.5961,GO_GOAL
2.96,-2.427,-1.7728,0.6177,-2.4569,-1.6866,-2.4114,-1.7742,0.5987,GO_GOAL
2.98,-2.4234,-1.7702,0.6177,-2.4538,-1.6835,-2.4114,-1.7742,0.5979,GO_GOAL
3.0,-2.4198,-1.7677,0.6177,-2.4506,-1.6804,-2.4114,-1.7742,0.5939,GO_GOAL
3.02,-2.4162,-1.7651,0.6177,-2.4475,-1.6773,-2.3935,-1.7614,0.5899,GO_GOAL
3.04,-2.4126,-1.7626,0.6177,-2.4444,-1.6742,-2.3935,-1.7614,0.5859,GO_GOAL
3.06,-2.409,-1.76,0.6177,-2.4412,-1.6711,-2.3935,-1.7614,0.5819,GO_GOAL
3.08,-2.4054,-1.7575,0.6177,-2.4381,-1.668,-2.3935,-1.7614,0.5779,GO_GOAL
3.1,-2.4018,-1.7549,0.6177,-2.435,-1.6649,-2.3935,-1.7614,0.574,GO_GOAL
3.12,-2.3983,-1.7524,0.6177,-2.4318,-1.6618,-2.3756,-1.7487,0.57,GO_GOAL
3.14,-2.3947,-1.7498,0.6178,-2.4287,-1.6588,-2.3756,-1.7487,0.566,GO_GOAL
3.16,-2.3911,-1.7473,0.6178,-2.4256,-1.6557,-2.3756,-1.7487,0.5621,GO_GOAL
3.18,-2.3875,-1.7448,0.6178,-2.4225,-1.6526,-2.3756,-1.7487,0.5581,GO_GOAL
3.2,-2.3839,-1.7422,0.6178,-2.4193,-1.6495,-2.3756,-1.7487,0.5542,GO_GOAL
3.22,-2.3803,-1.7397,0.6178,-2.4162,-1.6464,-2.3576,-1.7359,0.5503,GO_GOAL
3.24,-2.3767,-1.7371,0.6178,-2.4131,-1.6433,-2.3576,-1.7359,0.5463,GO_GOAL
3.26,-2.3732,-1.7346,0.6178,-2.4099,-1.6402,-2.3576,-1.7359,0.5424,GO_GOAL
3.28,-2.3696,-1.732,0.6178,-2.4068,-1.6371,-2.3576,-1.7359,0.5385,GO_GOAL
3.3,-2.366,-1.7295,0.6178,-2.4037,-1.634,-2.3576,-1.7359,0.5346,GO_GOAL
3.32,-2.3624,-1.7269,0.6178,-2.4005,-1.6309,-2.3397,-1.7232,0.5306,GO_GOAL
3.34,-2.3589,-1.7244,0.6178,-2.3974,-1.6278,-2.3397,-1.7232,0.5267,GO_GOAL
3.36,-2.3553,-1.7219,0.6178,-2.3943,-1.6247,-2.3397,-1.7232,0.5228,GO_GOAL
3.38,-2.3517,-1.7193,0.6178,-2.3911,-1.6217,-2.3397,-1.7232,0.519,GO_GOAL
3.4,-2.3482,-1.7168,0.6178,-2.388,-1.6186,-2.3397,-1.7232,0.5151,GO_GOAL
3.42,-2.3446,-1.7143,0.6178,-2.3849,-1.6155,-2.3218,-1.7105,0.5112,GO_GOAL
3.44,-2.3411,-1.7118,0.6178,-2.3817,-1.6124,-2.3218,-1.7105,0.5074,GO_GOAL
3.46,-2.3375,-1.7093,0.6178,-2.3786,-1.6093,-2.3218,-1.7105,0.5036,GO_GOAL
3.48,-2.334,-1.7067,0.6178,-2.3755,-1.6062,-2.3218,-1.7105,0.4998,GO_GOAL
3.5,-2.3304,-1.7042,0.6178,-2.3724,-1.6031,-2.3218,-1.7105,0.4959,GO_GOAL
3.52,-2.3268,-1.7016,0.6178,-2.3692,-1.6,-2.3038,-1.6977,0.492,GO_GOAL
3.54,-2.3232,-1.6991,0.6178,-2.3661,-1.5969,-2.3038,-1.6977,0.4881,GO_GOAL
3.56,-2.3196,-1.6965,0.6178,-2.363,-1.5938,-2.3038,-1.6977,0.4843,GO_GOAL
3.58,-2.316,-1.694,0.6178,-2.3567,-1.5877,-2.3038,-1.6977,0.4804,GO_GOAL
3.6,-2.3124,-1.6914,0.6178,-2.3567,-1.5877,-2.3038,-1.6977,0.4765,GO_GOAL
3.62,-2.3089,-1.6889,0.6178,-2.3536,-1.5846,-2.2859,-1.685,0.4727,GO_GOAL
3.64,-2.3053,-1.6863,0.6178,-2.3504,-1.5815,-2.2859,-1.685,0.4689,GO_GOAL
3.66,-2.3017,-1.6838,0.6178,-2.3473,-1.5784,-2.2859,-1.685,0.465,GO_GOAL
3.68,-2.2981,-1.6812,0.6178,-2.3442,-1.5753,-2.2859,-1.685,0.4612,GO_GOAL
3.7,-2.2945,-1.6787,0.6178,-2.3379,-1.5691,-2.268,-1.6722,0.4574,GO_GOAL
3.72,-2.2909,-1.6761,0.6178,-2.3379,-1.5691,-2.268,-1.6722,0.4536,GO_GOAL
3.74,-2.2873,-1.6736,0.6178,-2.3348,-1.566,-2.268,-1.6722,0.4498,GO_GOAL
3.76,-2.2837,-1.671,0.6178,-2.3317,-1.5629,-2.268,-1.6722,0.446,GO_GOAL
3.78,-2.2802,-1.6685,0.6179,-2.3285,-1.5598,-2.268,-1.6722,0.4422,GO_GOAL
3.8,-2.2766,-1.6659,0.6179,-2.3254,-1.5567,-2.268,-1.6722,0.4384,GO_GOAL
3.82,-2.273,-1.6634,0.6179,-2.3223,-1.5537,-2.25,-1.6595,0.4346,GO_GOAL
3.84,-2.2694,-1.6608,0.6179,-2.3191,-1.5506,-2.25,-1.6595,0.4309,GO_GOAL
3.86,-2.2658,-1.6583,0.6179,-2.316,-1.5475,-2.25,-1.6595,0.4271,GO_GOAL
3.88,-2.2623,-1.6558,0.6179,-2.3129,-1.5444,-2.25,-1.6595,0.4234,GO_GOAL
3.9,-2.2587,-1.6532,0.6179,-2.3097,-1.5413,-2.2321,-1.6467,0.4196,GO_GOAL
3.92,-2.2551,-1.6507,0.6179,-2.3066,-1.5382,-2.2321,-1.6467,0.4159,GO_GOAL
3.94,-2.2515,-1.6481,0.6179,-2.3035,-1.5351,-2.2321,-1.6467,0.4122,GO_GOAL
3.96,-2.248,-1.6456,0.6179,-2.2972,-1.5289,-2.2321,-1.6467,0.4084,GO_GOAL
3.98,-2.2444,-1.6431,0.6179,-2.2972,-1.5289,-2.2321,-1.6467,0.4048,GO_GOAL
4.0,-2.2408,-1.6405,0.6179,-2.2941,-1.5258,-2.2321,-1.6467,0.4011,GO_GOAL
4.02,-2.2373,-1.638,0.6179,-2.2909,-1.5227,-2.2142,-1.634,0.3974,GO_GOAL
4.04,-2.2338,-1.6355,0.6179,-2.2878,-1.5196,-2.2142,-1.634,0.3938,GO_GOAL
4.06,-2.2302,-1.633,0.6179,-2.2847,-1.5166,-2.2142,-1.634,0.3901,GO_GOAL
4.08,-2.2267,-1.6305,0.6179,-2.2816,-1.5135,-2.2142,-1.634,0.3865,GO_GOAL
4.1,-2.2231,-1.6279,0.6179,-2.2784,-1.5104,-2.1962,-1.6213,0.3828,GO_GOAL
4.12,-2.2195,-1.6254,0.6179,-2.2753,-1.5073,-2.1962,-1.6213,0.3791,GO_GOAL
4.14,-2.2159,-1.6228,0.6179,-2.2722,-1.5042,-2.1962,-1.6213,0.3755,GO_GOAL
4.16,-2.2123,-1.6202,0.6179,-2.269,-1.5011,-2.1962,-1.6213,0.3718,GO_GOAL
4.18,-2.2087,-1.6177,0.6179,-2.2659,-1.498,-2.1962,-1.6213,0.3682,GO_GOAL
4.2,-2.2051,-1.6151,0.6179,-2.2628,-1.4949,-2.1962,-1.6213,0.3645,GO_GOAL
4.22,-2.2015,-1.6126,0.6179,-2.2596,-1.4918,-2.1783,-1.6085,0.3609,GO_GOAL
4.24,-2.1979,-1.61,0.6179,-2.2565,-1.4887,-2.1783,-1.6085,0.3573,GO_GOAL
4.26,-2.1943,-1.6075,0.6179,-2.2534,-1.4856,-2.1783,-1.6085,0.3537,GO_GOAL
4.28,-2.1907,-1.6049,0.6179,-2.2502,-1.4825,-2.1783,-1.6085,0.3501,GO_GOAL
4.3,-2.1872,-1.6024,0.6179,-2.2471,-1.4795,-2.1783,-1.6085,0.3465,GO_GOAL
4.32,-2.1836,-1.5998,0.6179,-2.244,-1.4764,-2.1604,-1.5958,0.343,GO_GOAL
4.34,-2.18,-1.5973,0.6179,-2.2377,-1.4702,-2.1604,-1.5958,0.3394,GO_GOAL
4.36,-2.1764,-1.5947,0.6179,-2.2377,-1.4702,-2.1604,-1.5958,0.3358,GO_GOAL
4.38,-2.1728,-1.5922,0.6179,-2.2346,-1.4671,-2.1604,-1.5958,0.3323,GO_GOAL
4.4,-2.1692,-1.5897,0.6179,-2.2315,-1.464,-2.1604,-1.5958,0.3288,GO_GOAL
4.42,-2.1657,-1.5871,0.6179,-2.2283,-1.4609,-2.1424,-1.583,0.3253,GO_GOAL
4.44,-2.1621,-1.5846,0.6179,-2.2252,-1.4578,-2.1424,-1.583,0.3218,GO_GOAL
4.46,-2.1585,-1.582,0.6179,-2.2221,-1.4547,-2.1424,-1.583,0.3183,GO_GOAL
4.48,-2.1549,-1.5795,0.6179,-2.2189,-1.4516,-2.1424,-1.583,0.3148,GO_GOAL
4.5,-2.1513,-1.5769,0.6179,-2.2158,-1.4485,-2.1424,-1.583,0.3113,GO_GOAL
4.52,-2.1478,-1.5744,0.6179,-2.2127,-1.4455,-2.1209,-1.5677,0.3079,GO_GOAL
4.54,-2.1442,-1.5719,0.6179,-2.2095,-1.4424,-2.1209,-1.5677,0.3045,GO_GOAL
4.56,-2.1406,-1.5693,0.6179,-2.2064,-1.4393,-2.1209,-1.5677,0.3011,GO_GOAL
4.58,-2.1371,-1.5668,0.6179,-2.2001,-1.4331,-2.1209,-1.5677,0.2977,GO_GOAL
4.6,-2.1335,-1.5643,0.6179,-2.2001,-1.4331,-2.1209,-1.5677,0.2943,GO_GOAL
4.62,-2.13,-1.5618,0.6179,-2.197,-1.43,-2.1066,-1.5575,0.2909,GO_GOAL
4.64,-2.1265,-1.5593,0.6179,-2.1939,-1.4269,-2.1066,-1.5575,0.2876,GO_GOAL
4.66,-2.1229,-1.5567,0.6179,-2.1876,-1.4207,-2.1066,-1.5575,0.2842,GO_GOAL
4.68,-2.1193,-1.5542,0.6179,-2.1876,-1.4207,-2.1066,-1.5575,0.2809,GO_GOAL
4.7,-2.1157,-1.5516,0.6179,-2.1845,-1.4176,-2.1066,-1.5575,0.2775,GO_GOAL
4.72,-2.1121,-1.5491,0.6179,-2.1782,-1.4114,-2.0886,-1.5448,0.2742,GO_GOAL
4.74,-2.1085,-1.5465,0.6179,-2.1782,-1.4114,-2.0886,-1.5448,0.2708,GO_GOAL
4.76,-2.1049,-1.5439,0.6179,-2.172,-1.4053,-2.0886,-1.5448,0.2675,GO_GOAL
4.78,-2.1013,-1.5414,0.6179,-2.1688,-1.4022,-2.0886,-1.5448,0.2642,GO_GOAL
4.8,-2.0978,-1.5388,0.6179,-2.1688,-1.4022,-2.0886,-1.5448,0.261,GO_GOAL
4.82,-2.0942,-1.5363,0.6179,-2.1657,-1.3991,-2.0707,-1.5321,0.2577,GO_GOAL
4.84,-2.0906,-1.5337,0.6179,-2.1626,-1.396,-2.0707,-1.5321,0.2545,GO_GOAL
4.86,-2.087,-1.5312,0.6179,-2.1594,-1.3929,-2.0707,-1.5321,0.2512,GO_GOAL
4.88,-2.0834,-1.5286,0.6179,-2.1563,-1.3898,-2.0707,-1.5321,0.248,GO_GOAL
4.9,-2.0798,-1.5261,0.6179,-2.1532,-1.3867,-2.0707,-1.5321,0.2448,GO_GOAL
4.92,-2.0762,-1.5235,0.6179,-2.1469,-1.3805,-2.0527,-1.5193,0.2417,GO_GOAL
4.94,-2.0726,-1.521,0.6179,-2.1469,-1.3805,-2.0527,-1.5193,0.2385,GO_GOAL
4.96,-2.0691,-1.5185,0.6179,-2.1438,-1.3774,-2.0527,-1.5193,0.2354,GO_GOAL
4.98,-2.0655,-1.5159,0.6179,-2.1407,-1.3744,-2.0527,-1.5193,0.2322,GO_GOAL
5.0,-2.0619,-1.5134,0.6179,-2.1375,-1.3713,-2.0527,-1.5193,0.2291,GO_GOAL
5.02,-2.0583,-1.5108,0.6179,-2.1344,-1.3682,-2.0348,-1.5066,0.226,GO_GOAL
5.04,-2.0547,-1.5083,0.6179,-2.1281,-1.362,-2.0348,-1.5066,0.223,GO_GOAL
5.06,-2.0512,-1.5057,0.6179,-2.1281,-1.362,-2.0348,-1.5066,0.2199,GO_GOAL
5.08,-2.0476,-1.5032,0.6179,-2.125,-1.3589,-2.0348,-1.5066,0.2169,GO_GOAL
5.1,-2.044,-1.5007,0.6179,-2.1187,-1.3527,-2.0169,-1.4938,0.2139,GO_GOAL
5.12,-2.0405,-1.4981,0.6179,-2.1156,-1.3496,-2.0169,-1.4938,0.2109,GO_GOAL
5.14,-2.0369,-1.4956,0.6179,-2.1156,-1.3496,-2.0169,-1.4938,0.208,GO_GOAL
5.16,-2.0333,-1.4931,0.6179,-2.1125,-1.3465,-2.0169,-1.4938,0.2051,GO_GOAL
5.18,-2.0298,-1.4906,0.6179,-2.1093,-1.3434,-2.0169,-1.4938,0.2022,GO_GOAL
5.2,-2.0263,-1.488,0.6179,-2.1062,-1.3403,-2.0169,-1.4938,0.1993,GO_GOAL
5.22,-2.0227,-1.4855,0.6179,-2.1031,-1.3373,-1.9989,-1.4811,0.1964,GO_GOAL
5.24,-2.0191,-1.483,0.6179,-2.1,-1.3342,-1.9989,-1.4811,0.1935,GO_GOAL
5.26,-2.0155,-1.4804,0.6179,-2.0968,-1.3311,-1.9989,-1.4811,0.1907,GO_GOAL
5.28,-2.0119,-1.4779,0.6179,-2.0937,-1.328,-1.9989,-1.4811,0.1878,GO_GOAL
5.3,-2.0083,-1.4753,0.6179,-2.0906,-1.3249,-1.981,-1.4683,0.185,GO_GOAL
5.32,-2.0047,-1.4727,0.6179,-2.0874,-1.3218,-1.981,-1.4683,0.1823,GO_GOAL
5.34,-2.0012,-1.4702,0.6179,-2.0843,-1.3187,-1.981,-1.4683,0.1795,GO_GOAL
5.36,-1.9976,-1.4676,0.6179,-2.0812,-1.3156,-1.981,-1.4683,0.1768,GO_GOAL
5.38,-1.994,-1.4651,0.6179,-2.0749,-1.3094,-1.981,-1.4683,0.174,GO_GOAL
5.4,-1.9904,-1.4625,0.6179,-2.0718,-1.3063,-1.9595,-1.453,0.1714,GO_GOAL
5.42,-1.9868,-1.46,0.6179,-2.0718,-1.3063,-1.9595,-1.453,0.1687,GO_GOAL
5.44,-1.9832,-1.4574,0.6179,-2.0655,-1.3002,-1.9595,-1.453,0.1661,GO_GOAL
5.46,-1.9796,-1.4549,0.6179,-2.0655,-1.3002,-1.9595,-1.453,0.1635,GO_GOAL
5.48,-1.976,-1.4523,0.6179,-2.0592,-1.294,-1.9595,-1.453,0.1609,GO_GOAL
5.5,-1.9725,-1.4498,0.6179,-2.0592,-1.294,-1.9595,-1.453,0.1583,GO_GOAL
5.52,-1.9689,-1.4473,0.6179,-2.0561,-1.2909,-1.9451,-1.4429,0.1558,GO_GOAL
5.54,-1.9653,-1.4447,0.6179,-2.053,-1.2878,-1.9451,-1.4429,0.1533,GO_GOAL
5.56,-1.9617,-1.4422,0.6179,-2.0467,-1.2816,-1.9451,-1.4429,0.1509,GO_GOAL
5.58,-1.9581,-1.4396,0.6179,-2.0467,-1.2816,-1.9451,-1.4429,0.1484,GO_GOAL
5.6,-1.9546,-1.4371,0.6179,-2.0436,-1.2785,-1.9451,-1.4429,0.146,GO_GOAL
5.62,-1.951,-1.4345,0.6179,-2.0405,-1.2754,-1.9272,-1.4301,0.1436,GO_GOAL
5.64,-1.9474,-1.432,0.6179,-2.0373,-1.2723,-1.9272,-1.4301,0.1413,GO_GOAL
5.66,-1.9438,-1.4294,0.6179,-2.0342,-1.2692,-1.9272,-1.4301,0.139,GO_GOAL
5.68,-1.9403,-1.4269,0.6179,-2.0311,-1.2662,-1.9272,-1.4301,0.1367,GO_GOAL
5.7,-1.9367,-1.4244,0.6179,-2.0279,-1.2631,-1.9272,-1.4301,0.1345,GO_GOAL
5.72,-1.9332,-1.4219,0.6179,-2.0248,-1.26,-1.9093,-1.4174,0.1323,GO_GOAL
5.74,-1.9296,-1.4194,0.6179,-2.0217,-1.2569,-1.9093,-1.4174,0.1301,GO_GOAL
5.76,-1.9261,-1.4168,0.6179,-2.0185,-1.2538,-1.9093,-1.4174,0.128,GO_GOAL
5.78,-1.9225,-1.4143,0.6179,-2.0154,-1.2507,-1.9093,-1.4174,0.1259,GO_GOAL
5.8,-1.9189,-1.4118,0.6179,-2.0123,-1.2476,-1.9093,-1.4174,0.1238,GO_GOAL
5.82,-1.9153,-1.4092,0.6179,-2.0092,-1.2445,-1.8913,-1.4046,0.1217,GO_GOAL
5.84,-1.9117,-1.4066,0.6179,-2.006,-1.2414,-1.8913,-1.4046,0.1197,GO_GOAL
5.86,-1.9082,-1.4041,0.6179,-2.0029,-1.2383,-1.8913,-1.4046,0.1177,GO_GOAL
5.88,-1.9046,-1.4015,0.6179,-1.9998,-1.2352,-1.8913,-1.4046,0.1158,GO_GOAL
5.9,-1.901,-1.399,0.6179,-1.9966,-1.2321,-1.8913,-1.4046,0.1139,GO_GOAL
5.92,-1.8974,-1.3964,0.6179,-1.9935,-1.2291,-1.8734,-1.3919,0.112,GO_GOAL
5.94,-1.8938,-1.3939,0.6179,-1.9904,-1.226,-1.8734,-1.3919,0.1101,GO_GOAL
5.96,-1.8902,-1.3913,0.6179,-1.9872,-1.2229,-1.8734,-1.3919,0.1083,GO_GOAL
5.98,-1.8866,-1.3888,0.6179,-1.9841,-1.2198,-1.8734,-1.3919,0.1066,GO_GOAL
6.0,-1.883,-1.3862,0.6179,-1.981,-1.2167,-1.8734,-1.3919,0.1049,GO_GOAL
6.02,-1.8794,-1.3837,0.6179,-1.9778,-1.2136,-1.8555,-1.3791,0.1032,GO_GOAL
6.04,-1.8759,-1.3811,0.6179,-1.9747,-1.2105,-1.8555,-1.3791,0.1015,GO_GOAL
6.06,-1.8723,-1.3786,0.6179,-1.9716,-1.2074,-1.8555,-1.3791,0.0999,GO_GOAL
6.08,-1.8687,-1.3761,0.6179,-1.9684,-1.2043,-1.8555,-1.3791,0.0984,GO_GOAL
6.1,-1.8651,-1.3735,0.6179,-1.9653,-1.2012,-1.8555,-1.3791,0.0969,GO_GOAL
6.12,-1.8615,-1.371,0.6179,-1.9622,-1.1981,-1.8375,-1.3664,0.0954,GO_GOAL
6.14,-1.858,-1.3684,0.6179,-1.9591,-1.1951,-1.8375,-1.3664,0.094,GO_GOAL
6.16,-1.8544,-1.3659,0.6179,-1.9559,-1.192,-1.8375,-1.3664,0.0926,GO_GOAL
6.18,-1.8508,-1.3633,0.6179,-1.9497,-1.1858,-1.8375,-1.3664,0.0912,GO_GOAL
6.2,-1.8472,-1.3608,0.6179,-1.9497,-1.1858,-1.8196,-1.3537,0.0899,GO_GOAL
6.22,-1.8437,-1.3583,0.6179,-1.9465,-1.1827,-1.8196,-1.3537,0.0887,GO_GOAL
6.24,-1.8401,-1.3557,0.6179,-1.9434,-1.1796,-1.8196,-1.3537,0.0875,GO_GOAL
6.26,-1.8365,-1.3532,0.6179,-1.9403,-1.1765,-1.8196,-1.3537,0.0863,GO_GOAL
6.28,-1.833,-1.3507,0.6179,-1.9371,-1.1734,-1.8196,-1.3537,0.0852,GO_GOAL
6.3,-1.8295,-1.3482,0.6179,-1.934,-1.1703,-1.8196,-1.3537,0.0841,GO_GOAL
6.32,-1.8259,-1.3456,0.6179,-1.9309,-1.1672,-1.8017,-1.3409,0.0831,GO_GOAL
6.34,-1.8223,-1.3431,0.6179,-1.9277,-1.1641,-1.8017,-1.3409,0.0821,GO_GOAL
6.36,-1.8187,-1.3405,0.6179,-1.9246,-1.161,-1.8017,-1.3409,0.0812,GO_GOAL
6.38,-1.8151,-1.338,0.6179,-1.9184,-1.1549,-1.8017,-1.3409,0.0803,GO_GOAL
6.4,-1.8115,-1.3354,0.6179,-1.9152,-1.1518,-1.8017,-1.3409,0.0794,GO_GOAL
6.42,-1.8079,-1.3329,0.6179,-1.9152,-1.1518,-1.7837,-1.3282,0.0786,GO_GOAL
6.44,-1.8044,-1.3303,0.6179,-1.9121,-1.1487,-1.7837,-1.3282,0.0779,GO_GOAL
6.46,-1.8008,-1.3278,0.6179,-1.909,-1.1456,-1.7837,-1.3282,0.0772,GO_GOAL
6.48,-1.7972,-1.3252,0.6179,-1.9058,-1.1425,-1.7837,-1.3282,0.0765,GO_GOAL
6.498,-1.7936,-1.3227,0.6179,-1.9027,-1.1394,-1.7837,-1.3282,0.0759,GO_GOAL
6.52,-1.79,-1.3201,0.6179,-1.8996,-1.1363,-1.7622,-1.3129,0.0754,GO_GOAL
6.54,-1.7864,-1.3176,0.6179,-1.8933,-1.1301,-1.7622,-1.3129,0.0749,GO_GOAL
6.56,-1.7828,-1.315,0.6179,-1.8933,-1.1301,-1.7622,-1.3129,0.0744,GO_GOAL
6.58,-1.7792,-1.3125,0.6179,-1.8902,-1.127,-1.7622,-1.3129,0.074,GO_GOAL
6.6,-1.7757,-1.3099,0.6179,-1.887,-1.124,-1.7622,-1.3129,0.0737,GO_GOAL
6.62,-1.7721,-1.3074,0.6179,-1.8839,-1.1209,-1.7479,-1.3027,0.0734,GO_GOAL
6.64,-1.7685,-1.3048,0.6179,-1.8776,-1.1147,-1.7479,-1.3027,0.0731,GO_GOAL
6.66,-1.7649,-1.3023,0.6179,-1.8776,-1.1147,-1.7479,-1.3027,0.0729,GO_GOAL
6.68,-1.7613,-1.2998,0.6179,-1.8745,-1.1116,-1.7479,-1.3027,0.0727,GO_GOAL
6.7,-1.7578,-1.2972,0.6179,-1.8714,-1.1085,-1.7479,-1.3027,0.0726,GO_GOAL
6.72,-1.7542,-1.2947,0.6179,-1.8683,-1.1054,-1.7264,-1.2874,0.0726,GO_GOAL
6.74,-1.7506,-1.2921,0.6179,-1.8651,-1.1023,-1.7264,-1.2874,0.0726,GO_GOAL
6.76,-1.747,-1.2896,0.6179,-1.862,-1.0992,-1.7264,-1.2874,0.0726,GO_GOAL
6.78,-1.7435,-1.2871,0.6179,-1.8589,-1.0961,-1.7264,-1.2874,0.0727,GO_GOAL
6.8,-1.7399,-1.2845,0.6179,-1.8526,-1.0899,-1.7264,-1.2874,0.0729,GO_GOAL
6.82,-1.7364,-1.282,0.6179,-1.8526,-1.0899,-1.712,-1.2772,0.0731,GO_GOAL
6.84,-1.7329,-1.2795,0.6179,-1.8495,-1.0869,-1.712,-1.2772,0.0733,GO_GOAL
6.86,-1.7293,-1.277,0.6179,-1.8463,-1.0838,-1.712,-1.2772,0.0736,GO_GOAL
6.88,-1.7257,-1.2744,0.6179,-1.8432,-1.0807,-1.712,-1.2772,0.074,GO_GOAL
6.9,-1.7221,-1.2719,0.6179,-1.8401,-1.0776,-1.712,-1.2772,0.0744,GO_GOAL
6.92,-1.7185,-1.2693,0.6179,-1.8369,-1.0745,-1.6941,-1.2644,0.0748,GO_GOAL
6.94,-1.7149,-1.2667,0.6179,-1.8338,-1.0714,-1.6941,-1.2644,0.0753,GO_GOAL
6.96,-1.7113,-1.2642,0.6179,-1.8276,-1.0652,-1.6941,-1.2644,0.0759,GO_GOAL
6.98,-1.7077,-1.2616,0.6179,-1.8276,-1.0652,-1.6941,-1.2644,0.0765,GO_GOAL
7.0,-1.7041,-1.2591,0.6179,-1.8244,-1.0621,-1.6941,-1.2644,0.0771,GO_GOAL
7.02,-1.7005,-1.2565,0.6179,-1.8182,-1.0559,-1.6761,-1.2517,0.0778,GO_GOAL
7.04,-1.697,-1.254,0.6179,-1.8182,-1.0559,-1.6761,-1.2517,0.0786,GO_GOAL
7.06,-1.6934,-1.2514,0.6179,-1.8119,-1.0498,-1.6761,-1.2517,0.0794,GO_GOAL
7.08,-1.6898,-1.2489,0.6179,-1.8119,-1.0498,-1.6761,-1.2517,0.0802,GO_GOAL
7.1,-1.6862,-1.2464,0.6179,-1.8088,-1.0467,-1.6761,-1.2517,0.0811,GO_GOAL
7.12,-1.6826,-1.2438,0.6179,-1.8056,-1.0436,-1.6582,-1.239,0.082,GO_GOAL
7.14,-1.679,-1.2413,0.6179,-1.8025,-1.0405,-1.6582,-1.239,0.083,GO_GOAL
7.16,-1.6755,-1.2387,0.6179,-1.7994,-1.0374,-1.6582,-1.239,0.084,GO_GOAL
7.18,-1.6719,-1.2362,0.6179,-1.7962,-1.0343,-1.6582,-1.239,0.0851,GO_GOAL
7.2,-1.6683,-1.2336,0.6179,-1.7931,-1.0312,-1.6582,-1.239,0.0862,GO_GOAL
7.22,-1.6647,-1.2311,0.6179,-1.79,-1.0281,-1.6403,-1.2262,0.0874,GO_GOAL
7.24,-1.6611,-1.2285,0.6179,-1.7868,-1.025,-1.6403,-1.2262,0.0886,GO_GOAL
7.26,-1.6576,-1.226,0.6179,-1.7837,-1.0219,-1.6403,-1.2262,0.0898,GO_GOAL
7.28,-1.654,-1.2235,0.6179,-1.7806,-1.0188,-1.6403,-1.2262,0.0911,GO_GOAL
7.3,-1.6505,-1.2209,0.6179,-1.7743,-1.0127,-1.6403,-1.2262,0.0925,GO_GOAL
7.32,-1.6469,-1.2184,0.6179,-1.7743,-1.0127,-1.6188,-1.2109,0.0938,GO_GOAL
7.34,-1.6434,-1.2159,0.6179,-1.7712,-1.0096,-1.6188,-1.2109,0.0952,GO_GOAL
7.36,-1.6398,-1.2134,0.6179,-1.7681,-1.0065,-1.6188,-1.2109,0.0967,GO_GOAL
7.38,-1.6362,-1.2108,0.6179,-1.7649,-1.0034,-1.6188,-1.2109,0.0982,GO_GOAL
7.4,-1.6326,-1.2083,0.6179,-1.7618,-1.0003,-1.6188,-1.2109,0.0998,GO_GOAL
7.42,-1.629,-1.2057,0.6179,-1.7587,-0.9972,-1.6044,-1.2007,0.1014,GO_GOAL
7.44,-1.6254,-1.2032,0.6179,-1.7555,-0.9941,-1.6044,-1.2007,0.103,GO_GOAL
7.46,-1.6218,-1.2006,0.6179,-1.7524,-0.991,-1.6044,-1.2007,0.1047,GO_GOAL
7.48,-1.6182,-1.1981,0.6179,-1.7493,-0.9879,-1.6044,-1.2007,0.1064,GO_GOAL
7.5,-1.6147,-1.1955,0.6179,-1.7461,-0.9848,-1.6044,-1.2007,0.1082,GO_GOAL
7.52,-1.6111,-1.193,0.6179,-1.7399,-0.9787,-1.5829,-1.1854,0.11,GO_GOAL
7.54,-1.6075,-1.1904,0.6179,-1.7399,-0.9787,-1.5829,-1.1854,0.1118,GO_GOAL
7.56,-1.6039,-1.1879,0.6179,-1.7368,-0.9756,-1.5829,-1.1854,0.1137,GO_GOAL
7.58,-1.6003,-1.1853,0.6179,-1.7336,-0.9725,-1.5829,-1.1854,0.1156,GO_GOAL
7.6,-1.5967,-1.1828,0.6179,-1.7274,-0.9663,-1.5829,-1.1854,0.1175,GO_GOAL
7.62,-1.5931,-1.1802,0.6179,-1.7274,-0.9663,-1.5685,-1.1752,0.1195,GO_GOAL
7.64,-1.5896,-1.1777,0.6179,-1.7242,-0.9632,-1.5685,-1.1752,0.1215,GO_GOAL
7.66,-1.586,-1.1751,0.6179,-1.7211,-0.9601,-1.5685,-1.1752,0.1236,GO_GOAL
7.68,-1.5824,-1.1726,0.6179,-1.718,-0.957,-1.5685,-1.1752,0.1257,GO_GOAL
7.7,-1.5788,-1.17,0.6179,-1.7148,-0.9539,-1.5685,-1.1752,0.1278,GO_GOAL
7.72,-1.5752,-1.1675,0.6179,-1.7117,-0.9508,-1.547,-1.16,0.1299,GO_GOAL
7.74,-1.5717,-1.165,0.6179,-1.7086,-0.9477,-1.547,-1.16,0.1321,GO_GOAL
7.76,-1.5681,-1.1624,0.6179,-1.7023,-0.9416,-1.547,-1.16,0.1343,GO_GOAL
7.78,-1.5645,-1.1599,0.6179,-1.7023,-0.9416,-1.547,-1.16,0.1366,GO_GOAL
7.8,-1.561,-1.1574,0.6179,-1.6992,-0.9385,-1.547,-1.16,0.1388,GO_GOAL
7.82,-1.5574,-1.1548,0.6179,-1.696,-0.9354,-1.5327,-1.1498,0.1411,GO_GOAL
7.84,-1.5539,-1.1523,0.6179,-1.6929,-0.9323,-1.5327,-1.1498,0.1434,GO_GOAL
7.86,-1.5503,-1.1498,0.6179,-1.6898,-0.9292,-1.5327,-1.1498,0.1458,GO_GOAL
7.88,-1.5467,-1.1472,0.6179,-1.6835,-0.923,-1.5327,-1.1498,0.1482,GO_GOAL
7.9,-1.5431,-1.1447,0.6179,-1.6835,-0.923,-1.5147,-1.137,0.1507,GO_GOAL
7.92,-1.5395,-1.1421,0.6179,-1.6804,-0.9199,-1.5147,-1.137,0.1531,GO_GOAL
7.94,-1.5359,-1.1396,0.6179,-1.6773,-0.9168,-1.5147,-1.137,0.1556,GO_GOAL
7.96,-1.5324,-1.137,0.6179,-1.6741,-0.9137,-1.5147,-1.137,0.1582,GO_GOAL
7.98,-1.5288,-1.1345,0.6179,-1.671,-0.9106,-1.5147,-1.137,0.1607,GO_GOAL
8.0,-1.5252,-1.1319,0.6179,-1.6679,-0.9076,-1.5147,-1.137,0.1633,GO_GOAL
8.02,-1.5216,-1.1294,0.6179,-1.6647,-0.9045,-1.4968,-1.1243,0.1659,GO_GOAL
8.04,-1.518,-1.1268,0.6179,-1.6616,-0.9014,-1.4968,-1.1243,0.1685,GO_GOAL
8.06,-1.5144,-1.1243,0.6179,-1.6585,-0.8983,-1.4968,-1.1243,0.1712,GO_GOAL
8.08,-1.5108,-1.1217,0.6179,-1.6553,-0.8952,-1.4968,-1.1243,0.1739,GO_GOAL
8.1,-1.5073,-1.1192,0.6179,-1.6522,-0.8921,-1.4968,-1.1243,0.1766,GO_GOAL
8.12,-1.5037,-1.1166,0.6179,-1.6491,-0.889,-1.4789,-1.1115,0.1793,GO_GOAL
8.14,-1.5001,-1.1141,0.6179,-1.646,-0.8859,-1.4789,-1.1115,0.182,GO_GOAL
8.16,-1.4965,-1.1115,0.6179,-1.6428,-0.8828,-1.4789,-1.1115,0.1848,GO_GOAL
8.18,-1.4929,-1.109,0.6179,-1.6366,-0.8766,-1.4789,-1.1115,0.1876,GO_GOAL
8.2,-1.4893,-1.1064,0.6179,-1.6366,-0.8766,-1.4789,-1.1115,0.1904,GO_GOAL
8.22,-1.4858,-1.1039,0.6179,-1.6303,-0.8705,-1.4609,-1.0988,0.1933,GO_GOAL
8.24,-1.4822,-1.1014,0.6179,-1.6303,-0.8705,-1.4609,-1.0988,0.1961,GO_GOAL
8.26,-1.4787,-1.0988,0.6179,-1.6272,-0.8674,-1.4609,-1.0988,0.199,GO_GOAL
8.28,-1.4751,-1.0963,0.6179,-1.6209,-0.8612,-1.4609,-1.0988,0.2019,GO_GOAL
8.3,-1.4716,-1.0938,0.6179,-1.6209,-0.8612,-1.4609,-1.0988,0.2048,GO_GOAL
8.32,-1.468,-1.0913,0.6179,-1.6178,-0.8581,-1.443,-1.086,0.2077,GO_GOAL
8.34,-1.4644,-1.0887,0.6179,-1.6115,-0.8519,-1.443,-1.086,0.2107,GO_GOAL
8.36,-1.4608,-1.0862,0.6179,-1.6115,-0.8519,-1.443,-1.086,0.2137,GO_GOAL
8.38,-1.4572,-1.0836,0.6179,-1.6084,-0.8488,-1.443,-1.086,0.2167,GO_GOAL
8.4,-1.4536,-1.0811,0.6179,-1.6021,-0.8426,-1.443,-1.086,0.2197,GO_GOAL
8.42,-1.45,-1.0785,0.6179,-1.6021,-0.8426,-1.4251,-1.0733,0.2228,GO_GOAL
8.44,-1.4464,-1.0759,0.6179,-1.599,-0.8395,-1.4251,-1.0733,0.2259,GO_GOAL
8.46,-1.4429,-1.0734,0.6179,-1.5927,-0.8334,-1.4251,-1.0733,0.229,GO_GOAL
8.48,-1.4393,-1.0708,0.6179,-1.5927,-0.8334,-1.4251,-1.0733,0.2321,GO_GOAL
8.5,-1.4357,-1.0683,0.6179,-1.5896,-0.8303,-1.4251,-1.0733,0.2352,GO_GOAL
8.52,-1.4321,-1.0658,0.6179,-1.5865,-0.8272,-1.4071,-1.0606,0.2383,GO_GOAL
8.54,-1.4285,-1.0632,0.6179,-1.5802,-0.821,-1.4071,-1.0606,0.2415,GO_GOAL
8.56,-1.4249,-1.0607,0.6179,-1.5802,-0.821,-1.4071,-1.0606,0.2447,GO_GOAL
8.58,-1.4213,-1.0581,0.6179,-1.5771,-0.8179,-1.4071,-1.0606,0.2479,GO_GOAL
8.6,-1.4178,-1.0556,0.6179,-1.5739,-0.8148,-1.4071,-1.0606,0.2511,GO_GOAL
8.62,-1.4142,-1.053,0.6179,-1.5708,-0.8117,-1.3892,-1.0478,0.2543,GO_GOAL
8.64,-1.4106,-1.0505,0.6179,-1.5677,-0.8086,-1.3892,-1.0478,0.2575,GO_GOAL
8.66,-1.407,-1.0479,0.6179,-1.5614,-0.8024,-1.3892,-1.0478,0.2608,GO_GOAL
8.68,-1.4034,-1.0454,0.6179,-1.5614,-0.8024,-1.3892,-1.0478,0.264,GO_GOAL
8.7,-1.3999,-1.0429,0.6179,-1.5583,-0.7994,-1.3892,-1.0478,0.2673,GO_GOAL
8.72,-1.3963,-1.0403,0.6179,-1.552,-0.7932,-1.3713,-1.0351,0.2706,GO_GOAL
8.74,-1.3928,-1.0378,0.6179,-1.552,-0.7932,-1.3713,-1.0351,0.2739,GO_GOAL
8.76,-1.3892,-1.0353,0.6179,-1.5489,-0.7901,-1.3713,-1.0351,0.2772,GO_GOAL
8.78,-1.3857,-1.0327,0.6179,-1.5458,-0.787,-1.3713,-1.0351,0.2805,GO_GOAL
8.8,-1.3821,-1.0302,0.6179,-1.5395,-0.7808,-1.3713,-1.0351,0.2839,GO_GOAL
8.82,-1.3785,-1.0276,0.6179,-1.5395,-0.7808,-1.3533,-1.0223,0.2872,GO_GOAL
8.84,-1.3749,-1.0251,0.6179,-1.5332,-0.7746,-1.3533,-1.0223,0.2906,GO_GOAL
8.86,-1.3713,-1.0225,0.6179,-1.5332,-0.7746,-1.3533,-1.0223,0.294,GO_GOAL
8.88,-1.3677,-1.02,0.6179,-1.527,-0.7684,-1.3533,-1.0223,0.2974,GO_GOAL
8.9,-1.3641,-1.0174,0.6179,-1.527,-0.7684,-1.3533,-1.0223,0.3009,GO_GOAL
8.92,-1.3605,-1.0149,0.6179,-1.5238,-0.7653,-1.3354,-1.0096,0.3043,GO_GOAL
8.94,-1.3569,-1.0123,0.6179,-1.5207,-0.7623,-1.3354,-1.0096,0.3078,GO_GOAL
8.96,-1.3533,-1.0098,0.6179,-1.5144,-0.7561,-1.3354,-1.0096,0.3112,GO_GOAL
8.98,-1.3498,-1.0072,0.6179,-1.5144,-0.7561,-1.3354,-1.0096,0.3147,GO_GOAL
9.0,-1.3462,-1.0047,0.6179,-1.5113,-0.753,-1.3354,-1.0096,0.3182,GO_GOAL
9.02,-1.3426,-1.0021,0.6179,-1.5051,-0.7468,-1.3139,-0.9943,0.3217,GO_GOAL
9.04,-1.339,-0.9996,0.6179,-1.5051,-0.7468,-1.3139,-0.9943,0.3252,GO_GOAL
9.06,-1.3354,-0.9971,0.6179,-1.4988,-0.7406,-1.3139,-0.9943,0.3287,GO_GOAL
9.08,-1.3318,-0.9945,0.6179,-1.4988,-0.7406,-1.3139,-0.9943,0.3322,GO_GOAL
9.1,-1.3283,-0.992,0.6179,-1.4957,-0.7375,-1.3139,-0.9943,0.3357,GO_GOAL
9.12,-1.3247,-0.9894,0.6179,-1.4925,-0.7344,-1.2995,-0.9841,0.3393,GO_GOAL
9.14,-1.3211,-0.9869,0.6179,-1.4894,-0.7313,-1.2995,-0.9841,0.3428,GO_GOAL
9.16,-1.3176,-0.9844,0.6179,-1.4863,-0.7283,-1.2995,-0.9841,0.3464,GO_GOAL
9.18,-1.314,-0.9818,0.6179,-1.4831,-0.7252,-1.2995,-0.9841,0.3499,GO_GOAL
9.2,-1.3105,-0.9793,0.6179,-1.48,-0.7221,-1.2995,-0.9841,0.3535,GO_GOAL
9.22,-1.3069,-0.9768,0.6179,-1.4769,-0.719,-1.2816,-0.9714,0.357,GO_GOAL
9.24,-1.3033,-0.9742,0.6179,-1.4737,-0.7159,-1.2816,-0.9714,0.3607,GO_GOAL
9.26,-1.2997,-0.9717,0.6179,-1.4706,-0.7128,-1.2816,-0.9714,0.3643,GO_GOAL
9.28,-1.2961,-0.9691,0.6179,-1.4675,-0.7097,-1.2816,-0.9714,0.3679,GO_GOAL
9.3,-1.2925,-0.9666,0.6179,-1.4644,-0.7066,-1.2816,-0.9714,0.3715,GO_GOAL
9.32,-1.2889,-0.964,0.6179,-1.4612,-0.7035,-1.2601,-0.9561,0.3752,GO_GOAL
9.34,-1.2854,-0.9615,0.6179,-1.4581,-0.7004,-1.2601,-0.9561,0.3789,GO_GOAL
9.36,-1.2818,-0.9589,0.6179,-1.455,-0.6973,-1.2601,-0.9561,0.3825,GO_GOAL
9.38,-1.2782,-0.9564,0.6179,-1.4518,-0.6942,-1.2601,-0.9561,0.3862,GO_GOAL
9.4,-1.2746,-0.9538,0.6179,-1.4487,-0.6912,-1.2601,-0.9561,0.3899,GO_GOAL
9.42,-1.271,-0.9513,0.6179,-1.4456,-0.6881,-1.2457,-0.9459,0.3936,GO_GOAL
9.44,-1.2674,-0.9487,0.6179,-1.4424,-0.685,-1.2457,-0.9459,0.3973,GO_GOAL
9.46,-1.2638,-0.9462,0.6179,-1.4362,-0.6788,-1.2457,-0.9459,0.401,GO_GOAL
9.48,-1.2603,-0.9436,0.6179,-1.4362,-0.6788,-1.2457,-0.9459,0.4047,GO_GOAL
9.5,-1.2567,-0.9411,0.6179,-1.433,-0.6757,-1.2457,-0.9459,0.4084,GO_GOAL
9.52,-1.2531,-0.9385,0.6179,-1.4268,-0.6695,-1.2278,-0.9331,0.4121,GO_GOAL
9.54,-1.2495,-0.936,0.6179,-1.4268,-0.6695,-1.2278,-0.9331,0.4158,GO_GOAL
9.56,-1.2459,-0.9335,0.6179,-1.4236,-0.6664,-1.2278,-0.9331,0.4196,GO_GOAL
9.58,-1.2424,-0.9309,0.6179,-1.4174,-0.6602,-1.2278,-0.9331,0.4233,GO_GOAL
9.6,-1.2388,-0.9284,0.6179,-1.4174,-0.6602,-1.2278,-0.9331,0.427,GO_GOAL
9.62,-1.2353,-0.9259,0.6179,-1.4143,-0.6572,-1.2063,-0.9178,0.4307,GO_GOAL
9.64,-1.2317,-0.9233,0.6179,-1.408,-0.651,-1.2063,-0.9178,0.4345,GO_GOAL
9.66,-1.2281,-0.9208,0.6179,-1.408,-0.651,-1.2063,-0.9178,0.4383,GO_GOAL
9.68,-1.2245,-0.9182,0.6179,-1.4049,-0.6479,-1.2063,-0.9178,0.442,GO_GOAL
9.7,-1.2209,-0.9157,0.6179,-1.3986,-0.6417,-1.2063,-0.9178,0.4458,GO_GOAL
9.72,-1.2174,-0.9131,0.6179,-1.3986,-0.6417,-1.1919,-0.9076,0.4496,GO_GOAL
9.74,-1.2138,-0.9106,0.6179,-1.3955,-0.6386,-1.1919,-0.9076,0.4535,GO_GOAL
9.76,-1.2102,-0.908,0.6179,-1.3923,-0.6355,-1.1919,-0.9076,0.454,GO_GOAL
9.78,-1.2066,-0.9055,0.6179,-1.3892,-0.6324,-1.1919,-0.9076,0.4505,GO_GOAL
9.8,-1.203,-0.9029,0.6179,-1.3861,-0.6293,-1.1919,-0.9076,0.447,GO_GOAL
9.82,-1.1994,-0.9004,0.6179,-1.3829,-0.6262,-1.174,-0.8949,0.4435,GO_GOAL
9.84,-1.1958,-0.8978,0.6179,-1.3798,-0.6231,-1.174,-0.8949,0.44,GO_GOAL
9.86,-1.1922,-0.8953,0.6179,-1.3767,-0.6201,-1.174,-0.8949,0.4365,GO_GOAL
9.88,-1.1887,-0.8927,0.6179,-1.3736,-0.617,-1.174,-0.8949,0.433,GO_GOAL
9.9,-1.1851,-0.8902,0.6179,-1.3704,-0.6139,-1.174,-0.8949,0.4295,GO_GOAL
9.92,-1.1815,-0.8876,0.6179,-1.3673,-0.6108,-1.1525,-0.8796,0.4261,GO_GOAL
9.94,-1.1779,-0.8851,0.6179,-1.3642,-0.6077,-1.1525,-0.8796,0.4226,GO_GOAL
9.96,-1.1743,-0.8826,0.6179,-1.361,-0.6046,-1.1525,-0.8796,0.4192,GO_GOAL
9.98,-1.1708,-0.88,0.6179,-1.3579,-0.6015,-1.1525,-0.8796,0.4158,GO_GOAL
10.0,-1.1672,-0.8775,0.6179,-1.3516,-0.5953,-1.1525,-0.8796,0.4124,GO_GOAL
10.02,-1.1636,-0.875,0.6179,-1.3516,-0.5953,-1.1381,-0.8694,0.409,GO_GOAL
10.04,-1.1601,-0.8724,0.6179,-1.3485,-0.5922,-1.1381,-0.8694,0.4056,GO_GOAL
10.06,-1.1565,-0.8699,0.6179,-1.3454,-0.5891,-1.1381,-0.8694,0.4022,GO_GOAL
10.08,-1.1529,-0.8673,0.6179,-1.3391,-0.583,-1.1381,-0.8694,0.3989,GO_GOAL
10.1,-1.1493,-0.8648,0.6179,-1.336,-0.5799,-1.1202,-0.8567,0.3955,GO_GOAL
10.12,-1.1457,-0.8622,0.6179,-1.336,-0.5799,-1.1202,-0.8567,0.3921,GO_GOAL
10.14,-1.1422,-0.8597,0.6179,-1.3329,-0.5768,-1.1202,-0.8567,0.3888,GO_GOAL
10.16,-1.1386,-0.8571,0.6179,-1.3297,-0.5737,-1.1202,-0.8567,0.3854,GO_GOAL
10.18,-1.135,-0.8546,0.6179,-1.3266,-0.5706,-1.1202,-0.8567,0.3821,GO_GOAL
10.2,-1.1314,-0.852,0.6179,-1.3235,-0.5675,-1.1202,-0.8567,0.3788,GO_GOAL
10.22,-1.1278,-0.8495,0.6179,-1.3203,-0.5644,-1.1023,-0.8439,0.3755,GO_GOAL
10.24,-1.1242,-0.8469,0.6179,-1.3172,-0.5613,-1.1023,-0.8439,0.3722,GO_GOAL
10.26,-1.1206,-0.8444,0.6179,-1.3141,-0.5582,-1.1023,-0.8439,0.369,GO_GOAL
10.28,-1.1171,-0.8418,0.6179,-1.3078,-0.552,-1.1023,-0.8439,0.3657,GO_GOAL
10.3,-1.1135,-0.8393,0.6179,-1.3047,-0.549,-1.1023,-0.8439,0.3625,GO_GOAL
10.32,-1.1099,-0.8368,0.6179,-1.3047,-0.549,-1.0808,-0.8286,0.3592,GO_GOAL
10.34,-1.1063,-0.8342,0.6179,-1.3015,-0.5459,-1.0808,-0.8286,0.356,GO_GOAL
10.36,-1.1027,-0.8317,0.6179,-1.2984,-0.5428,-1.0808,-0.8286,0.3528,GO_GOAL
10.38,-1.0992,-0.8291,0.6179,-1.2953,-0.5397,-1.0808,-0.8286,0.3497,GO_GOAL
10.4,-1.0956,-0.8266,0.6179,-1.2921,-0.5366,-1.0808,-0.8286,0.3465,GO_GOAL
10.42,-1.092,-0.8241,0.6179,-1.2859,-0.5304,-1.0664,-0.8184,0.3434,GO_GOAL
10.44,-1.0885,-0.8215,0.6179,-1.2859,-0.5304,-1.0664,-0.8184,0.3403,GO_GOAL
10.46,-1.0849,-0.819,0.6179,-1.2828,-0.5273,-1.0664,-0.8184,0.3371,GO_GOAL
10.48,-1.0813,-0.8164,0.6179,-1.2796,-0.5242,-1.0664,-0.8184,0.334,GO_GOAL
10.5,-1.0777,-0.8139,0.6179,-1.2734,-0.518,-1.0664,-0.8184,0.3309,GO_GOAL
10.52,-1.0741,-0.8113,0.6179,-1.2734,-0.518,-1.0485,-0.8057,0.3278,GO_GOAL
10.54,-1.0705,-0.8088,0.6179,-1.2702,-0.5149,-1.0485,-0.8057,0.3247,GO_GOAL
10.56,-1.0669,-0.8062,0.6179,-1.2671,-0.5119,-1.0485,-0.8057,0.3217,GO_GOAL
10.58,-1.0634,-0.8037,0.6179,-1.264,-0.5088,-1.0485,-0.8057,0.3186,GO_GOAL
10.6,-1.0598,-0.8011,0.6179,-1.2608,-0.5057,-1.0485,-0.8057,0.3156,GO_GOAL
10.62,-1.0562,-0.7986,0.6179,-1.2577,-0.5026,-1.0305,-0.793,0.3126,GO_GOAL
10.64,-1.0526,-0.796,0.6179,-1.2546,-0.4995,-1.0305,-0.793,0.3096,GO_GOAL
10.66,-1.049,-0.7935,0.6179,-1.2514,-0.4964,-1.0305,-0.793,0.3066,GO_GOAL
10.68,-1.0454,-0.7909,0.6179,-1.2483,-0.4933,-1.0305,-0.793,0.3037,GO_GOAL
10.7,-1.0419,-0.7884,0.6179,-1.2452,-0.4902,-1.0126,-0.7802,0.3007,GO_GOAL
10.72,-1.0383,-0.7859,0.6179,-1.2389,-0.484,-1.0126,-0.7802,0.2978,GO_GOAL
10.74,-1.0347,-0.7833,0.6179,-1.2389,-0.484,-1.0126,-0.7802,0.2949,GO_GOAL
10.76,-1.0311,-0.7808,0.6179,-1.2358,-0.4809,-1.0126,-0.7802,0.292,GO_GOAL
10.78,-1.0276,-0.7783,0.6179,-1.2327,-0.4779,-1.0126,-0.7802,0.2892,GO_GOAL
10.8,-1.024,-0.7757,0.6179,-1.2295,-0.4748,-0.9947,-0.7675,0.2864,GO_GOAL
10.82,-1.0204,-0.7732,0.6179,-1.2264,-0.4717,-0.9947,-0.7675,0.2835,GO_GOAL
10.84,-1.0169,-0.7706,0.6179,-1.2201,-0.4655,-0.9947,-0.7675,0.2807,GO_GOAL
10.86,-1.0133,-0.7681,0.6179,-1.2201,-0.4655,-0.9947,-0.7675,0.2779,GO_GOAL
10.88,-1.0097,-0.7655,0.6179,-1.217,-0.4624,-0.9947,-0.7675,0.2752,GO_GOAL
10.9,-1.0061,-0.763,0.6179,-1.2139,-0.4593,-0.9947,-0.7675,0.2724,GO_GOAL
10.92,-1.0025,-0.7604,0.6179,-1.2107,-0.4562,-0.9767,-0.7547,0.2697,GO_GOAL
10.94,-0.9989,-0.7579,0.6179,-1.2076,-0.4531,-0.9767,-0.7547,0.267,GO_GOAL
10.96,-0.9953,-0.7553,0.6179,-1.2045,-0.45,-0.9767,-0.7547,0.2643,GO_GOAL
10.98,-0.9917,-0.7528,0.6179,-1.2013,-0.4469,-0.9767,-0.7547,0.2616,GO_GOAL
11.0,-0.9882,-0.7502,0.6179,-1.1982,-0.4438,-0.9767,-0.7547,0.2589,GO_GOAL
11.02,-0.9846,-0.7477,0.6179,-1.192,-0.4377,-0.9588,-0.742,0.2563,GO_GOAL
11.04,-0.981,-0.7451,0.6179,-1.1888,-0.4346,-0.9588,-0.742,0.2537,GO_GOAL
11.06,-0.9774,-0.7426,0.6179,-1.1857,-0.4315,-0.9588,-0.742,0.2511,GO_GOAL
11.08,-0.9738,-0.74,0.6179,-1.1857,-0.4315,-0.9588,-0.742,0.2486,GO_GOAL
11.1,-0.9702,-0.7375,0.6179,-1.1826,-0.4284,-0.9588,-0.742,0.2461,GO_GOAL
11.12,-0.9667,-0.735,0.6179,-1.1794,-0.4253,-0.9373,-0.7267,0.2436,GO_GOAL
11.14,-0.9631,-0.7324,0.6179,-1.1763,-0.4222,-0.9373,-0.7267,0.2411,GO_GOAL
11.16,-0.9596,-0.7299,0.6179,-1.17,-0.416,-0.9373,-0.7267,0.2386,GO_GOAL
11.18,-0.956,-0.7274,0.6179,-1.17,-0.416,-0.9373,-0.7267,0.2362,GO_GOAL
11.2,-0.9524,-0.7248,0.6179,-1.1638,-0.4098,-0.9373,-0.7267,0.2338,GO_GOAL
11.22,-0.9488,-0.7223,0.6179,-1.1638,-0.4098,-0.9229,-0.7165,0.2314,GO_GOAL
11.24,-0.9452,-0.7197,0.6179,-1.1606,-0.4067,-0.9229,-0.7165,0.229,GO_GOAL
11.26,-0.9416,-0.7172,0.6179,-1.1575,-0.4037,-0.9229,-0.7165,0.2267,GO_GOAL
11.28,-0.938,-0.7146,0.6179,-1.1544,-0.4006,-0.9229,-0.7165,0.2244,GO_GOAL
11.3,-0.9344,-0.7121,0.6179,-1.1512,-0.3975,-0.9229,-0.7165,0.2221,GO_GOAL
11.32,-0.9309,-0.7095,0.6179,-1.1481,-0.3944,-0.905,-0.7037,0.2198,GO_GOAL
11.34,-0.9273,-0.707,0.6179,-1.1419,-0.3882,-0.905,-0.7037,0.2176,GO_GOAL
11.36,-0.9237,-0.7044,0.6179,-1.1419,-0.3882,-0.905,-0.7037,0.2154,GO_GOAL
11.38,-0.9201,-0.7019,0.6179,-1.1387,-0.3851,-0.905,-0.7037,0.2132,GO_GOAL
11.4,-0.9165,-0.6993,0.6179,-1.1356,-0.382,-0.905,-0.7037,0.211,GO_GOAL
11.42,-0.9129,-0.6968,0.6179,-1.1325,-0.3789,-0.8835,-0.6885,0.2089,GO_GOAL
11.44,-0.9094,-0.6942,0.6179,-1.1293,-0.3758,-0.8835,-0.6885,0.2068,GO_GOAL
11.46,-0.9058,-0.6917,0.6178,-1.1262,-0.3727,-0.8835,-0.6885,0.2048,GO_GOAL
11.48,-0.9022,-0.6892,0.6178,-1.1231,-0.3697,-0.8835,-0.6885,0.2028,GO_GOAL
11.5,-0.8987,-0.6866,0.6178,-1.1199,-0.3666,-0.8691,-0.6783,0.2008,GO_GOAL
11.52,-0.8951,-0.6841,0.6178,-1.1168,-0.3635,-0.8691,-0.6783,0.1988,GO_GOAL
11.54,-0.8915,-0.6815,0.6178,-1.1137,-0.3604,-0.8691,-0.6783,0.1968,GO_GOAL
11.56,-0.8879,-0.679,0.6178,-1.1105,-0.3573,-0.8691,-0.6783,0.1949,GO_GOAL
11.58,-0.8843,-0.6764,0.6178,-1.1043,-0.3511,-0.8691,-0.6783,0.193,GO_GOAL
11.6,-0.8807,-0.6739,0.6178,-1.1043,-0.3511,-0.8691,-0.6783,0.1912,GO_GOAL
11.622,-0.8771,-0.6713,0.6178,-1.098,-0.3449,-0.8512,-0.6655,0.1893,GO_GOAL
11.64,-0.8736,-0.6688,0.6178,-1.098,-0.3449,-0.8512,-0.6655,0.1876,GO_GOAL
11.66,-0.87,-0.6662,0.6178,-1.0949,-0.3418,-0.8512,-0.6655,0.1858,GO_GOAL
11.68,-0.8664,-0.6637,0.6178,-1.0886,-0.3356,-0.8512,-0.6655,0.1841,GO_GOAL
11.7,-0.8628,-0.6612,0.6178,-1.0886,-0.3356,-0.8333,-0.6528,0.1824,GO_GOAL
11.72,-0.8592,-0.6586,0.6178,-1.0855,-0.3326,-0.8333,-0.6528,0.1807,GO_GOAL
11.74,-0.8556,-0.6561,0.6178,-1.0792,-0.3264,-0.8333,-0.6528,0.1791,GO_GOAL
11.76,-0.8521,-0.6535,0.6178,-1.0792,-0.3264,-0.8333,-0.6528,0.1775,GO_GOAL
11.78,-0.8485,-0.651,0.6178,-1.073,-0.3202,-0.8333,-0.6528,0.176,GO_GOAL
11.8,-0.8449,-0.6485,0.6178,-1.073,-0.3202,-0.8333,-0.6528,0.1745,GO_GOAL
11.82,-0.8414,-0.6459,0.6178,-1.0698,-0.3171,-0.8118,-0.6375,0.173,GO_GOAL
11.84,-0.8378,-0.6434,0.6178,-1.0667,-0.314,-0.8118,-0.6375,0.1715,GO_GOAL
11.86,-0.8342,-0.6408,0.6178,-1.0636,-0.3109,-0.8118,-0.6375,0.1701,GO_GOAL
11.88,-0.8306,-0.6383,0.6178,-1.0604,-0.3078,-0.8118,-0.6375,0.1688,GO_GOAL
11.9,-0.827,-0.6357,0.6178,-1.0573,-0.3047,-0.7974,-0.6273,0.1674,GO_GOAL
11.92,-0.8234,-0.6332,0.6178,-1.0542,-0.3016,-0.7974,-0.6273,0.1661,GO_GOAL
11.94,-0.8198,-0.6306,0.6178,-1.0511,-0.2986,-0.7974,-0.6273,0.1648,GO_GOAL
11.96,-0.8162,-0.6281,0.6178,-1.0479,-0.2955,-0.7974,-0.6273,0.1636,GO_GOAL
11.98,-0.8127,-0.6255,0.6178,-1.0417,-0.2893,-0.7974,-0.6273,0.1624,GO_GOAL
12.0,-0.8091,-0.623,0.6178,-1.0417,-0.2893,-0.7974,-0.6273,0.1613,GO_GOAL
12.02,-0.8055,-0.6204,0.6178,-1.0385,-0.2862,-0.7795,-0.6145,0.1602,GO_GOAL
12.04,-0.8019,-0.6179,0.6178,-1.0323,-0.28,-0.7795,-0.6145,0.1591,GO_GOAL
12.06,-0.7983,-0.6153,0.6178,-1.0323,-0.28,-0.7795,-0.6145,0.1581,GO_GOAL
12.08,-0.7948,-0.6128,0.6178,-1.0291,-0.2769,-0.7795,-0.6145,0.1571,GO_GOAL
12.1,-0.7912,-0.6103,0.6178,-1.026,-0.2738,-0.7795,-0.6145,0.1561,GO_GOAL
12.12,-0.7876,-0.6077,0.6178,-1.0197,-0.2676,-0.7615,-0.6018,0.1552,GO_GOAL
12.14,-0.784,-0.6052,0.6178,-1.0197,-0.2676,-0.7615,-0.6018,0.1543,GO_GOAL
12.16,-0.7805,-0.6026,0.6178,-1.0166,-0.2645,-0.7615,-0.6018,0.1535,GO_GOAL
12.18,-0.7769,-0.6001,0.6178,-1.0135,-0.2615,-0.7615,-0.6018,0.1527,GO_GOAL
12.2,-0.7733,-0.5975,0.6178,-1.0103,-0.2584,-0.7436,-0.5891,0.1519,GO_GOAL
12.22,-0.7697,-0.595,0.6178,-1.0072,-0.2553,-0.7436,-0.5891,0.1512,GO_GOAL
12.24,-0.7661,-0.5924,0.6178,-1.0041,-0.2522,-0.7436,-0.5891,0.1505,GO_GOAL
12.26,-0.7625,-0.5899,0.6178,-1.001,-0.2491,-0.7436,-0.5891,0.1499,GO_GOAL
12.28,-0.7589,-0.5873,0.6178,-0.9978,-0.246,-0.7436,-0.5891,0.1493,GO_GOAL
12.3,-0.7553,-0.5848,0.6178,-0.9947,-0.2429,-0.7436,-0.5891,0.1487,GO_GOAL
12.32,-0.7518,-0.5822,0.6178,-0.9884,-0.2367,-0.7257,-0.5763,0.1482,GO_GOAL
12.34,-0.7482,-0.5797,0.6178,-0.9884,-0.2367,-0.7257,-0.5763,0.1478,GO_GOAL
12.36,-0.7446,-0.5772,0.6178,-0.9853,-0.2336,-0.7257,-0.5763,0.1473,GO_GOAL
12.38,-0.7411,-0.5746,0.6178,-0.9822,-0.2305,-0.7257,-0.5763,0.1469,GO_GOAL
12.4,-0.7375,-0.5721,0.6178,-0.979,-0.2275,-0.7257,-0.5763,0.1466,GO_GOAL
12.42,-0.7339,-0.5695,0.6178,-0.9728,-0.2213,-0.7077,-0.5636,0.1463,GO_GOAL
12.44,-0.7303,-0.567,0.6178,-0.9728,-0.2213,-0.7077,-0.5636,0.146,GO_GOAL
12.46,-0.7267,-0.5644,0.6178,-0.9696,-0.2182,-0.7077,-0.5636,0.1458,GO_GOAL
12.48,-0.7231,-0.5619,0.6178,-0.9665,-0.2151,-0.7077,-0.5636,0.1456,GO_GOAL
12.5,-0.7195,-0.5593,0.6178,-0.9603,-0.2089,-0.7077,-0.5636,0.1455,GO_GOAL
12.52,-0.7159,-0.5568,0.6178,-0.9603,-0.2089,-0.6898,-0.5508,0.1454,GO_GOAL
12.54,-0.7124,-0.5542,0.6178,-0.9571,-0.2058,-0.6898,-0.5508,0.1454,GO_GOAL
12.56,-0.7088,-0.5517,0.6178,-0.954,-0.2027,-0.6898,-0.5508,0.1454,GO_GOAL
12.58,-0.7052,-0.5491,0.6178,-0.9509,-0.1996,-0.6898,-0.5508,0.1454,GO_GOAL
12.6,-0.7016,-0.5466,0.6178,-0.9477,-0.1965,-0.6898,-0.5508,0.1455,GO_GOAL
12.62,-0.698,-0.5441,0.6178,-0.9446,-0.1934,-0.6719,-0.5381,0.1456,GO_GOAL
12.64,-0.6945,-0.5415,0.6178,-0.9415,-0.1904,-0.6719,-0.5381,0.1458,GO_GOAL
12.66,-0.6909,-0.539,0.6178,-0.9383,-0.1873,-0.6719,-0.5381,0.146,GO_GOAL
12.68,-0.6873,-0.5364,0.6178,-0.9352,-0.1842,-0.6719,-0.5381,0.1462,GO_GOAL
12.7,-0.6837,-0.5339,0.6178,-0.9321,-0.1811,-0.6539,-0.5253,0.1465,GO_GOAL
12.72,-0.6801,-0.5313,0.6179,-0.9289,-0.178,-0.6539,-0.5253,0.1469,GO_GOAL
12.74,-0.6765,-0.5288,0.6179,-0.9258,-0.1749,-0.6539,-0.5253,0.1472,GO_GOAL
12.76,-0.673,-0.5262,0.6179,-0.9195,-0.1687,-0.6539,-0.5253,0.1476,GO_GOAL
12.78,-0.6694,-0.5237,0.6179,-0.9195,-0.1687,-0.6539,-0.5253,0.1481,GO_GOAL
12.8,-0.6658,-0.5211,0.6179,-0.9164,-0.1656,-0.636,-0.5126,0.1486,GO_GOAL
12.82,-0.6622,-0.5186,0.6179,-0.9133,-0.1625,-0.636,-0.5126,0.1491,GO_GOAL
12.84,-0.6586,-0.516,0.6179,-0.9102,-0.1594,-0.636,-0.5126,0.1497,GO_GOAL
12.86,-0.655,-0.5135,0.6179,-0.907,-0.1564,-0.636,-0.5126,0.1504,GO_GOAL
12.88,-0.6515,-0.511,0.6179,-0.9039,-0.1533,-0.636,-0.5126,0.151,GO_GOAL
12.9,-0.6479,-0.5084,0.6179,-0.9008,-0.1502,-0.636,-0.5126,0.1517,GO_GOAL
12.92,-0.6443,-0.5059,0.6179,-0.8945,-0.144,-0.6181,-0.4999,0.1525,GO_GOAL
12.94,-0.6407,-0.5033,0.6179,-0.8945,-0.144,-0.6181,-0.4999,0.1533,GO_GOAL
12.96,-0.6371,-0.5008,0.6179,-0.8914,-0.1409,-0.6181,-0.4999,0.1541,GO_GOAL
12.98,-0.6336,-0.4982,0.6179,-0.8882,-0.1378,-0.6181,-0.4999,0.155,GO_GOAL
13.0,-0.63,-0.4957,0.6179,-0.8851,-0.1347,-0.6181,-0.4999,0.1559,GO_GOAL
13.02,-0.6264,-0.4931,0.6179,-0.882,-0.1316,-0.6001,-0.4871,0.1568,GO_GOAL
13.04,-0.6228,-0.4906,0.6179,-0.8788,-0.1285,-0.6001,-0.4871,0.1578,GO_GOAL
13.06,-0.6192,-0.488,0.6179,-0.8726,-0.1223,-0.6001,-0.4871,0.1588,GO_GOAL
13.08,-0.6156,-0.4855,0.6179,-0.8726,-0.1223,-0.6001,-0.4871,0.1599,GO_GOAL
13.1,-0.6121,-0.483,0.6179,-0.8694,-0.1193,-0.6001,-0.4871,0.161,GO_GOAL
13.12,-0.6085,-0.4804,0.6179,-0.8632,-0.1131,-0.5822,-0.4744,0.1621,GO_GOAL
13.14,-0.6049,-0.4779,0.6179,-0.8632,-0.1131,-0.5822,-0.4744,0.1633,GO_GOAL
13.16,-0.6013,-0.4753,0.6179,-0.8569,-0.1069,-0.5822,-0.4744,0.1645,GO_GOAL
13.18,-0.5977,-0.4728,0.6179,-0.8569,-0.1069,-0.5822,-0.4744,0.1658,GO_GOAL
13.2,-0.5941,-0.4702,0.6179,-0.8538,-0.1038,-0.5822,-0.4744,0.1671,GO_GOAL
13.22,-0.5905,-0.4677,0.6179,-0.8507,-0.1007,-0.5643,-0.4616,0.1684,GO_GOAL
13.24,-0.587,-0.4651,0.6179,-0.8475,-0.0976,-0.5643,-0.4616,0.1698,GO_GOAL
13.26,-0.5834,-0.4626,0.6179,-0.8444,-0.0945,-0.5643,-0.4616,0.1712,GO_GOAL
13.28,-0.5798,-0.46,0.6179,-0.8413,-0.0914,-0.5643,-0.4616,0.1726,GO_GOAL
13.3,-0.5762,-0.4575,0.6179,-0.8381,-0.0883,-0.5643,-0.4616,0.1741,GO_GOAL
13.32,-0.5727,-0.4549,0.6179,-0.835,-0.0853,-0.5463,-0.4489,0.1756,GO_GOAL
13.34,-0.5691,-0.4524,0.6179,-0.8319,-0.0822,-0.5463,-0.4489,0.1771,GO_GOAL
13.36,-0.5655,-0.4498,0.6179,-0.8287,-0.0791,-0.5463,-0.4489,0.1787,GO_GOAL
13.38,-0.5619,-0.4473,0.6179,-0.8225,-0.0729,-0.5463,-0.4489,0.1803,GO_GOAL
13.4,-0.5583,-0.4447,0.6179,-0.8225,-0.0729,-0.5463,-0.4489,0.182,GO_GOAL
13.42,-0.5547,-0.4422,0.6179,-0.8194,-0.0698,-0.5284,-0.4361,0.1837,GO_GOAL
13.44,-0.5511,-0.4397,0.6179,-0.8131,-0.0636,-0.5284,-0.4361,0.1854,GO_GOAL
13.46,-0.5475,-0.4371,0.6179,-0.8131,-0.0636,-0.5284,-0.4361,0.1871,GO_GOAL
13.48,-0.544,-0.4346,0.6179,-0.8068,-0.0574,-0.5284,-0.4361,0.1889,GO_GOAL
13.5,-0.5404,-0.432,0.6179,-0.8068,-0.0574,-0.5284,-0.4361,0.1907,GO_GOAL
13.52,-0.5368,-0.4295,0.6179,-0.8037,-0.0543,-0.5105,-0.4234,0.1926,GO_GOAL
13.54,-0.5332,-0.4269,0.6179,-0.8006,-0.0512,-0.5105,-0.4234,0.1944,GO_GOAL
13.56,-0.5296,-0.4244,0.6179,-0.7943,-0.0451,-0.5105,-0.4234,0.1964,GO_GOAL
13.58,-0.526,-0.4218,0.6179,-0.7943,-0.0451,-0.5105,-0.4234,0.1983,GO_GOAL
13.6,-0.5225,-0.4193,0.6179,-0.788,-0.0389,-0.5105,-0.4234,0.2003,GO_GOAL
13.62,-0.5189,-0.4167,0.6179,-0.788,-0.0389,-0.4925,-0.4107,0.2023,GO_GOAL
13.64,-0.5153,-0.4142,0.6178,-0.7849,-0.0358,-0.4925,-0.4107,0.2043,GO_GOAL
13.66,-0.5117,-0.4116,0.6178,-0.7818,-0.0327,-0.4925,-0.4107,0.2063,GO_GOAL
13.68,-0.5081,-0.4091,0.6178,-0.7786,-0.0296,-0.4925,-0.4107,0.2084,GO_GOAL
13.7,-0.5046,-0.4065,0.6178,-0.7755,-0.0265,-0.4925,-0.4107,0.2105,GO_GOAL
13.72,-0.501,-0.404,0.6178,-0.7693,-0.0203,-0.4746,-0.3979,0.2127,GO_GOAL
13.74,-0.4974,-0.4015,0.6178,-0.7693,-0.0203,-0.4746,-0.3979,0.2149,GO_GOAL
13.76,-0.4938,-0.3989,0.6178,-0.7661,-0.0172,-0.4746,-0.3979,0.2171,GO_GOAL
13.78,-0.4902,-0.3964,0.6178,-0.763,-0.0142,-0.4746,-0.3979,0.2193,GO_GOAL
13.8,-0.4866,-0.3938,0.6178,-0.7599,-0.0111,-0.4746,-0.3979,0.2215,GO_GOAL
13.82,-0.4831,-0.3913,0.6178,-0.7536,-0.0049,-0.4531,-0.3826,0.2238,GO_GOAL
13.84,-0.4795,-0.3887,0.6178,-0.7536,-0.0049,-0.4531,-0.3826,0.2261,GO_GOAL
13.86,-0.4759,-0.3862,0.6178,-0.7505,-0.0018,-0.4531,-0.3826,0.2285,GO_GOAL
13.88,-0.4723,-0.3836,0.6178,-0.7473,0.0013,-0.4531,-0.3826,0.2308,GO_GOAL
13.9,-0.4687,-0.3811,0.6178,-0.7411,0.0075,-0.4387,-0.3724,0.2332,GO_GOAL
13.92,-0.4651,-0.3785,0.6178,-0.7411,0.0075,-0.4387,-0.3724,0.2356,GO_GOAL
13.94,-0.4615,-0.376,0.6178,-0.7348,0.0137,-0.4387,-0.3724,0.2381,GO_GOAL
13.96,-0.458,-0.3734,0.6178,-0.7348,0.0137,-0.4387,-0.3724,0.2405,GO_GOAL
13.98,-0.4544,-0.3709,0.6178,-0.7317,0.0168,-0.4387,-0.3724,0.243,GO_GOAL
14.0,-0.4508,-0.3683,0.6178,-0.7286,0.0199,-0.4387,-0.3724,0.2455,GO_GOAL
14.02,-0.4472,-0.3658,0.6178,-0.7254,0.0229,-0.4208,-0.3597,0.248,GO_GOAL
14.04,-0.4436,-0.3632,0.6178,-0.7223,0.026,-0.4208,-0.3597,0.2506,GO_GOAL
14.06,-0.44,-0.3607,0.6178,-0.7192,0.0291,-0.4208,-0.3597,0.2532,GO_GOAL
14.08,-0.4365,-0.3581,0.6178,-0.716,0.0322,-0.4208,-0.3597,0.2558,GO_GOAL
14.1,-0.4329,-0.3556,0.6178,-0.7098,0.0384,-0.4208,-0.3597,0.2584,GO_GOAL
14.12,-0.4293,-0.3531,0.6178,-0.7098,0.0384,-0.4029,-0.3469,0.261,GO_GOAL
14.14,-0.4257,-0.3505,0.6178,-0.7035,0.0446,-0.4029,-0.3469,0.2637,GO_GOAL
14.16,-0.4221,-0.348,0.6178,-0.7004,0.0477,-0.4029,-0.3469,0.2664,GO_GOAL
14.18,-0.4185,-0.3454,0.6178,-0.7004,0.0477,-0.4029,-0.3469,0.2691,GO_GOAL
14.2,-0.4149,-0.3429,0.6178,-0.6972,0.0508,-0.4029,-0.3469,0.2718,GO_GOAL
14.22,-0.4114,-0.3403,0.6178,-0.6941,0.0539,-0.3849,-0.3342,0.2746,GO_GOAL
14.24,-0.4078,-0.3378,0.6178,-0.691,0.0569,-0.3849,-0.3342,0.2773,GO_GOAL
14.26,-0.4042,-0.3352,0.6178,-0.6878,0.06,-0.3849,-0.3342,0.2801,GO_GOAL
14.28,-0.4006,-0.3327,0.6178,-0.6847,0.0631,-0.3849,-0.3342,0.2829,GO_GOAL
14.3,-0.397,-0.3301,0.6178,-0.6816,0.0662,-0.367,-0.3215,0.2858,GO_GOAL
14.32,-0.3934,-0.3276,0.6178,-0.6753,0.0724,-0.367,-0.3215,0.2886,GO_GOAL
14.34,-0.3898,-0.325,0.6178,-0.6753,0.0724,-0.367,-0.3215,0.2915,GO_GOAL
14.36,-0.3863,-0.3225,0.6178,-0.6722,0.0755,-0.367,-0.3215,0.2943,GO_GOAL
14.38,-0.3827,-0.3199,0.6178,-0.6691,0.0786,-0.367,-0.3215,0.2972,GO_GOAL
14.4,-0.3791,-0.3174,0.6178,-0.6659,0.0817,-0.367,-0.3215,0.3002,GO_GOAL
14.42,-0.3755,-0.3148,0.6178,-0.6628,0.0848,-0.3491,-0.3087,0.3031,GO_GOAL
14.44,-0.3719,-0.3123,0.6178,-0.6597,0.0879,-0.3491,-0.3087,0.3061,GO_GOAL
14.46,-0.3683,-0.3097,0.6178,-0.6565,0.091,-0.3491,-0.3087,0.309,GO_GOAL
14.48,-0.3647,-0.3072,0.6178,-0.6503,0.0971,-0.3491,-0.3087,0.312,GO_GOAL
14.5,-0.3611,-0.3046,0.6178,-0.6503,0.0971,-0.3491,-0.3087,0.315,GO_GOAL
14.52,-0.3576,-0.3021,0.6178,-0.6471,0.1002,-0.3311,-0.296,0.318,GO_GOAL
14.54,-0.354,-0.2995,0.6178,-0.644,0.1033,-0.3311,-0.296,0.3211,GO_GOAL
14.56,-0.3504,-0.297,0.6178,-0.6409,0.1064,-0.3311,-0.296,0.3241,GO_GOAL
14.58,-0.3468,-0.2944,0.6178,-0.6377,0.1095,-0.3311,-0.296,0.3272,GO_GOAL
14.6,-0.3432,-0.2919,0.6178,-0.6346,0.1126,-0.3311,-0.296,0.3303,GO_GOAL
14.62,-0.3396,-0.2893,0.6178,-0.6315,0.1157,-0.3132,-0.2832,0.3334,GO_GOAL
14.64,-0.336,-0.2868,0.6178,-0.6284,0.1188,-0.3132,-0.2832,0.3365,GO_GOAL
14.66,-0.3325,-0.2842,0.6178,-0.6252,0.1219,-0.3132,-0.2832,0.3396,GO_GOAL
14.68,-0.3289,-0.2817,0.6178,-0.6221,0.125,-0.3132,-0.2832,0.3428,GO_GOAL
14.7,-0.3253,-0.2791,0.6178,-0.619,0.128,-0.2953,-0.2705,0.3459,GO_GOAL
14.72,-0.3217,-0.2766,0.6178,-0.6158,0.1311,-0.2953,-0.2705,0.3491,GO_GOAL
14.74,-0.3181,-0.274,0.6178,-0.6127,0.1342,-0.2953,-0.2705,0.3523,GO_GOAL
14.76,-0.3145,-0.2715,0.6178,-0.6064,0.1404,-0.2953,-0.2705,0.3555,GO_GOAL
14.78,-0.3109,-0.2689,0.6178,-0.6064,0.1404,-0.2953,-0.2705,0.3587,GO_GOAL
14.8,-0.3073,-0.2664,0.6178,-0.6033,0.1435,-0.2953,-0.2705,0.362,GO_GOAL
14.82,-0.3038,-0.2639,0.6178,-0.6002,0.1466,-0.2773,-0.2577,0.3652,GO_GOAL
14.84,-0.3002,-0.2613,0.6178,-0.597,0.1497,-0.2773,-0.2577,0.3685,GO_GOAL
14.86,-0.2966,-0.2588,0.6178,-0.5939,0.1528,-0.2773,-0.2577,0.3717,GO_GOAL
14.88,-0.293,-0.2562,0.6178,-0.5908,0.1559,-0.2773,-0.2577,0.375,GO_GOAL
14.9,-0.2894,-0.2537,0.6178,-0.5876,0.159,-0.2773,-0.2577,0.3783,GO_GOAL
14.92,-0.2858,-0.2511,0.6178,-0.5845,0.1621,-0.2594,-0.245,0.3816,GO_GOAL
14.94,-0.2822,-0.2486,0.6178,-0.5814,0.1651,-0.2594,-0.245,0.3849,GO_GOAL
14.96,-0.2787,-0.246,0.6178,-0.5783,0.1682,-0.2594,-0.245,0.3882,GO_GOAL
14.98,-0.2751,-0.2435,0.6178,-0.5751,0.1713,-0.2594,-0.245,0.3916,GO_GOAL
15.0,-0.2715,-0.2409,0.6178,-0.5689,0.1775,-0.2594,-0.245,0.3949,GO_GOAL
15.02,-0.2679,-0.2384,0.6178,-0.5689,0.1775,-0.2415,-0.2322,0.3983,GO_GOAL
15.04,-0.2643,-0.2358,0.6178,-0.5657,0.1806,-0.2415,-0.2322,0.4017,GO_GOAL
15.06,-0.2607,-0.2333,0.6178,-0.5626,0.1837,-0.2415,-0.2322,0.4051,GO_GOAL
15.08,-0.2571,-0.2307,0.6178,-0.5595,0.1868,-0.2415,-0.2322,0.4085,GO_GOAL
15.1,-0.2535,-0.2282,0.6178,-0.5563,0.1899,-0.2415,-0.2322,0.4119,GO_GOAL
15.12,-0.25,-0.2256,0.6178,-0.5532,0.193,-0.2199,-0.217,0.4153,GO_GOAL
15.14,-0.2464,-0.2231,0.6178,-0.5501,0.1961,-0.2199,-0.217,0.4187,GO_GOAL
15.16,-0.2428,-0.2205,0.6178,-0.5469,0.1991,-0.2199,-0.217,0.4222,GO_GOAL
15.18,-0.2392,-0.218,0.6178,-0.5438,0.2022,-0.2199,-0.217,0.4256,GO_GOAL
15.2,-0.2356,-0.2154,0.6178,-0.5407,0.2053,-0.2199,-0.217,0.4291,GO_GOAL
15.22,-0.232,-0.2129,0.6178,-0.5376,0.2084,-0.2056,-0.2068,0.4326,GO_GOAL
15.24,-0.2284,-0.2103,0.6178,-0.5344,0.2115,-0.2056,-0.2068,0.436,GO_GOAL
15.26,-0.2249,-0.2078,0.6178,-0.5313,0.2146,-0.2056,-0.2068,0.4395,GO_GOAL
15.28,-0.2213,-0.2052,0.6178,-0.5282,0.2177,-0.2056,-0.2068,0.443,GO_GOAL
15.3,-0.2177,-0.2027,0.6178,-0.525,0.2208,-0.2056,-0.2068,0.4465,GO_GOAL
15.32,-0.2141,-0.2001,0.6178,-0.5219,0.2239,-0.1877,-0.194,0.45,GO_GOAL
15.34,-0.2105,-0.1976,0.6178,-0.5188,0.227,-0.1877,-0.194,0.4536,GO_GOAL
15.36,-0.2069,-0.195,0.6178,-0.5156,0.2301,-0.1877,-0.194,0.4571,GO_GOAL
15.38,-0.2033,-0.1925,0.6178,-0.5125,0.2331,-0.1877,-0.194,0.4607,GO_GOAL
15.4,-0.1998,-0.1899,0.6178,-0.5094,0.2362,-0.1877,-0.194,0.4642,GO_GOAL
15.42,-0.1962,-0.1874,0.6178,-0.5062,0.2393,-0.1697,-0.1813,0.4678,GO_GOAL
15.44,-0.1926,-0.1848,0.6178,-0.5,0.2455,-0.1697,-0.1813,0.4713,GO_GOAL
15.46,-0.189,-0.1823,0.6178,-0.4968,0.2486,-0.1697,-0.1813,0.4749,GO_GOAL
15.48,-0.1854,-0.1797,0.6178,-0.4968,0.2486,-0.1697,-0.1813,0.4785,GO_GOAL
15.5,-0.1818,-0.1772,0.6178,-0.4937,0.2517,-0.1697,-0.1813,0.4821,GO_GOAL
15.52,-0.1782,-0.1746,0.6178,-0.4875,0.2579,-0.1518,-0.1685,0.4857,GO_GOAL
15.54,-0.1746,-0.1721,0.6178,-0.4875,0.2579,-0.1518,-0.1685,0.4893,GO_GOAL
15.56,-0.1711,-0.1695,0.6178,-0.4812,0.2641,-0.1518,-0.1685,0.4929,GO_GOAL
15.58,-0.1675,-0.167,0.6178,-0.4812,0.2641,-0.1518,-0.1685,0.4966,GO_GOAL
15.6,-0.1639,-0.1644,0.6178,-0.4781,0.2672,-0.1518,-0.1685,0.5002,GO_GOAL
15.62,-0.1603,-0.1619,0.6178,-0.4749,0.2702,-0.1339,-0.1558,0.5039,GO_GOAL
15.64,-0.1567,-0.1594,0.6178,-0.4718,0.2733,-0.1339,-0.1558,0.5075,GO_GOAL
15.66,-0.1531,-0.1568,0.6178,-0.4687,0.2764,-0.1339,-0.1558,0.5112,GO_GOAL
15.68,-0.1495,-0.1543,0.6178,-0.4655,0.2795,-0.1339,-0.1558,0.5148,GO_GOAL
15.7,-0.146,-0.1517,0.6178,-0.4624,0.2826,-0.1339,-0.1558,0.5185,GO_GOAL
15.72,-0.1424,-0.1492,0.6178,-0.4593,0.2857,-0.1159,-0.143,0.5222,GO_GOAL
15.74,-0.1388,-0.1466,0.6178,-0.453,0.2919,-0.1159,-0.143,0.5259,GO_GOAL
15.76,-0.1352,-0.1441,0.6178,-0.4499,0.295,-0.1159,-0.143,0.5296,GO_GOAL
15.78,-0.1316,-0.1415,0.6178,-0.4499,0.295,-0.1159,-0.143,0.53,GO_GOAL
15.8,-0.128,-0.139,0.6178,-0.4467,0.2981,-0.1159,-0.143,0.5262,GO_GOAL
15.82,-0.1244,-0.1364,0.6178,-0.4436,0.3012,-0.098,-0.1303,0.5224,GO_GOAL
15.84,-0.1208,-0.1339,0.6178,-0.4405,0.3042,-0.098,-0.1303,0.5185,GO_GOAL
15.86,-0.1173,-0.1313,0.6178,-0.4374,0.3073,-0.098,-0.1303,0.5147,GO_GOAL
15.88,-0.1137,-0.1288,0.6178,-0.4342,0.3104,-0.098,-0.1303,0.5109,GO_GOAL
15.9,-0.1101,-0.1262,0.6178,-0.4311,0.3135,-0.098,-0.1303,0.5071,GO_GOAL
15.92,-0.1065,-0.1237,0.6178,-0.428,0.3166,-0.0801,-0.1176,0.5033,GO_GOAL
15.94,-0.1029,-0.1211,0.6178,-0.4248,0.3197,-0.0801,-0.1176,0.4995,GO_GOAL
15.96,-0.0993,-0.1186,0.6178,-0.4217,0.3228,-0.0801,-0.1176,0.4957,GO_GOAL
15.98,-0.0957,-0.116,0.6178,-0.4186,0.3259,-0.0801,-0.1176,0.492,GO_GOAL
16.0,-0.0922,-0.1135,0.6178,-0.4154,0.329,-0.0801,-0.1176,0.4882,GO_GOAL
16.02,-0.0886,-0.1109,0.6178,-0.4123,0.3321,-0.0621,-0.1048,0.4844,GO_GOAL
16.04,-0.085,-0.1084,0.6178,-0.406,0.3383,-0.0621,-0.1048,0.4807,GO_GOAL
16.06,-0.0814,-0.1058,0.6178,-0.406,0.3383,-0.0621,-0.1048,0.4769,GO_GOAL
16.08,-0.0778,-0.1033,0.6178,-0.4029,0.3413,-0.0621,-0.1048,0.4732,GO_GOAL
16.1,-0.0742,-0.1007,0.6178,-0.3998,0.3444,-0.0621,-0.1048,0.4694,GO_GOAL
16.12,-0.0706,-0.0982,0.6178,-0.3966,0.3475,-0.0442,-0.0921,0.4657,GO_GOAL
16.14,-0.067,-0.0956,0.6178,-0.3935,0.3506,-0.0442,-0.0921,0.462,GO_GOAL
16.16,-0.0635,-0.0931,0.6178,-0.3904,0.3537,-0.0442,-0.0921,0.4583,GO_GOAL
16.18,-0.0599,-0.0905,0.6178,-0.3873,0.3568,-0.0442,-0.0921,0.4546,GO_GOAL
16.2,-0.0563,-0.088,0.6178,-0.3841,0.3599,-0.0442,-0.0921,0.4509,GO_GOAL
16.22,-0.0527,-0.0854,0.6178,-0.381,0.363,-0.0263,-0.0793,0.4472,GO_GOAL
16.24,-0.0491,-0.0829,0.6178,-0.3747,0.3692,-0.0263,-0.0793,0.4435,GO_GOAL
16.26,-0.0455,-0.0803,0.6178,-0.3747,0.3692,-0.0263,-0.0793,0.4398,GO_GOAL
16.28,-0.0419,-0.0778,0.6178,-0.3716,0.3723,-0.0263,-0.0793,0.4361,GO_GOAL
16.3,-0.0384,-0.0752,0.6178,-0.3685,0.3753,-0.0263,-0.0793,0.4325,GO_GOAL
16.32,-0.0348,-0.0727,0.6178,-0.3653,0.3784,-0.0083,-0.0666,0.4288,GO_GOAL
16.34,-0.0312,-0.0701,0.6178,-0.3622,0.3815,-0.0083,-0.0666,0.4252,GO_GOAL
16.36,-0.0276,-0.0676,0.6178,-0.3591,0.3846,-0.0083,-0.0666,0.4215,GO_GOAL
16.38,-0.024,-0.065,0.6178,-0.3559,0.3877,-0.0083,-0.0666,0.4179,GO_GOAL
16.4,-0.0204,-0.0625,0.6178,-0.3528,0.3908,-0.0083,-0.0666,0.4143,GO_GOAL
16.42,-0.0168,-0.0599,0.6178,-0.3497,0.3939,0.0096,-0.0538,0.4107,GO_GOAL
16.44,-0.0132,-0.0574,0.6178,-0.3434,0.4001,0.0096,-0.0538,0.4071,GO_GOAL
16.46,-0.0097,-0.0548,0.6178,-0.3434,0.4001,0.0096,-0.0538,0.4035,GO_GOAL
16.48,-0.0061,-0.0523,0.6178,-0.3403,0.4032,0.0096,-0.0538,0.3999,GO_GOAL
16.5,-0.0025,-0.0498,0.6178,-0.3372,0.4063,0.0096,-0.0538,0.3963,GO_GOAL
16.52,0.0011,-0.0472,0.6178,-0.334,0.4094,0.0275,-0.0411,0.3927,GO_GOAL
16.54,0.0047,-0.0447,0.6178,-0.3309,0.4124,0.0275,-0.0411,0.3892,GO_GOAL
16.56,0.0083,-0.0421,0.6178,-0.3278,0.4155,0.0275,-0.0411,0.3856,GO_GOAL
16.58,0.0119,-0.0396,0.6178,-0.3246,0.4186,0.0275,-0.0411,0.3821,GO_GOAL
16.6,0.0154,-0.037,0.6178,-0.3215,0.4217,0.0275,-0.0411,0.3786,GO_GOAL
16.62,0.019,-0.0345,0.6178,-0.3152,0.4279,0.0455,-0.0284,0.375,GO_GOAL
16.64,0.0226,-0.0319,0.6178,-0.3152,0.4279,0.0455,-0.0284,0.3715,GO_GOAL
16.66,0.0262,-0.0294,0.6178,-0.3121,0.431,0.0455,-0.0284,0.368,GO_GOAL
16.68,0.0298,-0.0268,0.6178,-0.309,0.4341,0.0455,-0.0284,0.3645,GO_GOAL
16.7,0.0334,-0.0243,0.6178,-0.3058,0.4372,0.0455,-0.0284,0.3611,GO_GOAL
16.72,0.037,-0.0217,0.6178,-0.2996,0.4434,0.0634,-0.0156,0.3576,GO_GOAL
16.74,0.0405,-0.0192,0.6178,-0.2996,0.4434,0.0634,-0.0156,0.3541,GO_GOAL
16.76,0.0441,-0.0166,0.6178,-0.2965,0.4464,0.0634,-0.0156,0.3507,GO_GOAL
16.78,0.0477,-0.0141,0.6178,-0.2933,0.4495,0.0634,-0.0156,0.3473,GO_GOAL
16.8,0.0513,-0.0115,0.6178,-0.2902,0.4526,0.0634,-0.0156,0.3438,GO_GOAL
16.82,0.0549,-0.009,0.6178,-0.2871,0.4557,0.0813,-0.0029,0.3404,GO_GOAL
16.84,0.0585,-0.0064,0.6178,-0.2839,0.4588,0.0813,-0.0029,0.337,GO_GOAL
16.86,0.0621,-0.0039,0.6178,-0.2808,0.4619,0.0813,-0.0029,0.3337,GO_GOAL
16.88,0.0657,-0.0013,0.6178,-0.2777,0.465,0.0813,-0.0029,0.3303,GO_GOAL
16.9,0.0692,0.0012,0.6178,-0.2714,0.4712,0.0813,-0.0029,0.3269,GO_GOAL
16.92,0.0728,0.0038,0.6178,-0.2714,0.4712,0.1029,0.0124,0.3236,GO_GOAL
16.94,0.0764,0.0063,0.6178,-0.2683,0.4743,0.1029,0.0124,0.3202,GO_GOAL
16.96,0.08,0.0089,0.6178,-0.2651,0.4774,0.1029,0.0124,0.3169,GO_GOAL
16.98,0.0836,0.0114,0.6178,-0.262,0.4804,0.1029,0.0124,0.3136,GO_GOAL
17.0,0.0872,0.014,0.6178,-0.2589,0.4835,0.1029,0.0124,0.3103,GO_GOAL
17.02,0.0908,0.0165,0.6178,-0.2526,0.4897,0.1172,0.0226,0.307,GO_GOAL
17.038,0.0943,0.0191,0.6178,-0.2526,0.4897,0.1172,0.0226,0.3038,GO_GOAL
17.06,0.0979,0.0216,0.6178,-0.2464,0.4959,0.1172,0.0226,0.3005,GO_GOAL
17.08,0.1015,0.0242,0.6178,-0.2464,0.4959,0.1172,0.0226,0.2973,GO_GOAL
17.1,0.1051,0.0267,0.6178,-0.2432,0.499,0.1172,0.0226,0.2941,GO_GOAL
17.12,0.1087,0.0293,0.6178,-0.2401,0.5021,0.1351,0.0354,0.2909,GO_GOAL
17.14,0.1123,0.0318,0.6178,-0.237,0.5052,0.1351,0.0354,0.2877,GO_GOAL
17.16,0.1159,0.0344,0.6178,-0.2338,0.5083,0.1351,0.0354,0.2845,GO_GOAL
17.18,0.1195,0.0369,0.6178,-0.2307,0.5114,0.1351,0.0354,0.2813,GO_GOAL
17.2,0.123,0.0395,0.6178,-0.2276,0.5145,0.1351,0.0354,0.2782,GO_GOAL
17.22,0.1266,0.042,0.6178,-0.2213,0.5206,0.1531,0.0481,0.275,GO_GOAL
17.24,0.1302,0.0446,0.6178,-0.2182,0.5237,0.1531,0.0481,0.2719,GO_GOAL
17.26,0.1338,0.0471,0.6178,-0.2182,0.5237,0.1531,0.0481,0.2688,GO_GOAL
17.28,0.1374,0.0497,0.6178,-0.215,0.5268,0.1531,0.0481,0.2658,GO_GOAL
17.3,0.141,0.0522,0.6178,-0.2119,0.5299,0.1531,0.0481,0.2627,GO_GOAL
17.32,0.1446,0.0548,0.6178,-0.2088,0.533,0.171,0.0608,0.2596,GO_GOAL
17.34,0.1481,0.0573,0.6178,-0.2056,0.5361,0.171,0.0608,0.2566,GO_GOAL
17.36,0.1517,0.0598,0.6178,-0.2025,0.5392,0.171,0.0608,0.2536,GO_GOAL
17.38,0.1553,0.0624,0.6178,-0.1994,0.5423,0.171,0.0608,0.2506,GO_GOAL
17.396,0.1589,0.0649,0.6178,-0.1963,0.5454,0.171,0.0608,0.2477,GO_GOAL
17.42,0.1625,0.0675,0.6178,-0.1931,0.5485,0.1925,0.0761,0.2447,GO_GOAL
17.44,0.1661,0.07,0.6178,-0.19,0.5515,0.1925,0.0761,0.2418,GO_GOAL
17.46,0.1697,0.0726,0.6178,-0.1869,0.5546,0.1925,0.0761,0.2389,GO_GOAL
17.48,0.1733,0.0751,0.6178,-0.1806,0.5608,0.1925,0.0761,0.236,GO_GOAL
17.5,0.1768,0.0777,0.6178,-0.1806,0.5608,0.1925,0.0761,0.2331,GO_GOAL
17.518,0.1804,0.0802,0.6178,-0.1775,0.5639,0.2105,0.0889,0.2302,GO_GOAL
17.54,0.184,0.0828,0.6178,-0.1712,0.5701,0.2105,0.0889,0.2274,GO_GOAL
17.56,0.1876,0.0853,0.6178,-0.1681,0.5732,0.2105,0.0889,0.2246,GO_GOAL
17.58,0.1912,0.0879,0.6178,-0.1681,0.5732,0.2105,0.0889,0.2218,GO_GOAL
17.6,0.1948,0.0904,0.6178,-0.1649,0.5763,0.2105,0.0889,0.219,GO_GOAL
17.62,0.1984,0.093,0.6178,-0.1618,0.5794,0.2248,0.0991,0.2163,GO_GOAL
17.64,0.2019,0.0955,0.6178,-0.1555,0.5856,0.2248,0.0991,0.2136,GO_GOAL
17.66,0.2055,0.0981,0.6178,-0.1555,0.5856,0.2248,0.0991,0.2109,GO_GOAL
17.68,0.2091,0.1006,0.6178,-0.1524,0.5886,0.2248,0.0991,0.2082,GO_GOAL
17.7,0.2127,0.1032,0.6178,-0.1493,0.5917,0.2248,0.0991,0.2055,GO_GOAL
17.72,0.2163,0.1057,0.6178,-0.143,0.5979,0.2427,0.1118,0.2029,GO_GOAL
17.74,0.2199,0.1083,0.6178,-0.143,0.5979,0.2427,0.1118,0.2003,GO_GOAL
17.76,0.2235,0.1108,0.6178,-0.1399,0.601,0.2427,0.1118,0.1977,GO_GOAL
17.78,0.2271,0.1134,0.6178,-0.1368,0.6041,0.2427,0.1118,0.1952,GO_GOAL
17.8,0.2306,0.1159,0.6178,-0.1336,0.6072,0.2427,0.1118,0.1926,GO_GOAL
17.82,0.2342,0.1185,0.6178,-0.1305,0.6103,0.2607,0.1246,0.1901,GO_GOAL
17.84,0.2378,0.121,0.6178,-0.1274,0.6134,0.2607,0.1246,0.1877,GO_GOAL
17.86,0.2414,0.1236,0.6178,-0.1211,0.6196,0.2607,0.1246,0.1852,GO_GOAL
17.88,0.245,0.1261,0.6178,-0.1211,0.6196,0.2607,0.1246,0.1828,GO_GOAL
17.9,0.2486,0.1287,0.6178,-0.118,0.6226,0.2607,0.1246,0.1804,GO_GOAL
17.92,0.2522,0.1312,0.6178,-0.1148,0.6257,0.2786,0.1373,0.178,GO_GOAL
17.94,0.2557,0.1338,0.6178,-0.1117,0.6288,0.2786,0.1373,0.1757,GO_GOAL
17.96,0.2593,0.1363,0.6178,-0.1086,0.6319,0.2786,0.1373,0.1734,GO_GOAL
17.98,0.2629,0.1389,0.6178,-0.1055,0.635,0.2786,0.1373,0.1711,GO_GOAL
18.0,0.2665,0.1414,0.6178,-0.1023,0.6381,0.2786,0.1373,0.1688,GO_GOAL
18.02,0.2701,0.144,0.6178,-0.0992,0.6412,0.2965,0.15,0.1666,GO_GOAL
18.04,0.2737,0.1465,0.6178,-0.0961,0.6443,0.2965,0.15,0.1644,GO_GOAL
18.06,0.2773,0.1491,0.6178,-0.0929,0.6474,0.2965,0.15,0.1623,GO_GOAL
18.08,0.2809,0.1516,0.6178,-0.0898,0.6505,0.2965,0.15,0.1601,GO_GOAL
18.1,0.2844,0.1542,0.6178,-0.0867,0.6536,0.2965,0.15,0.158,GO_GOAL
18.12,0.288,0.1567,0.6178,-0.0835,0.6566,0.3145,0.1628,0.156,GO_GOAL
18.14,0.2916,0.1593,0.6178,-0.0804,0.6597,0.3145,0.1628,0.1539,GO_GOAL
18.16,0.2952,0.1618,0.6178,-0.0773,0.6628,0.3145,0.1628,0.1519,GO_GOAL
18.18,0.2988,0.1643,0.6178,-0.071,0.669,0.3145,0.1628,0.15,GO_GOAL
18.2,0.3024,0.1669,0.6178,-0.071,0.669,0.3145,0.1628,0.148,GO_GOAL
18.22,0.306,0.1694,0.6178,-0.0679,0.6721,0.3324,0.1755,0.1461,GO_GOAL
18.24,0.3095,0.172,0.6178,-0.0647,0.6752,0.3324,0.1755,0.1443,GO_GOAL
18.26,0.3131,0.1745,0.6178,-0.0616,0.6783,0.3324,0.1755,0.1424,GO_GOAL
18.28,0.3167,0.1771,0.6178,-0.0554,0.6845,0.3324,0.1755,0.1407,GO_GOAL
18.3,0.3203,0.1796,0.6178,-0.0554,0.6845,0.3324,0.1755,0.1389,GO_GOAL
18.32,0.3239,0.1822,0.6178,-0.0522,0.6876,0.3503,0.1883,0.1372,GO_GOAL
18.34,0.3275,0.1847,0.6178,-0.0491,0.6907,0.3503,0.1883,0.1355,GO_GOAL
18.36,0.3311,0.1873,0.6178,-0.046,0.6937,0.3503,0.1883,0.1338,GO_GOAL
18.38,0.3346,0.1898,0.6178,-0.0428,0.6968,0.3503,0.1883,0.1322,GO_GOAL
18.4,0.3382,0.1924,0.6178,-0.0366,0.703,0.3503,0.1883,0.1307,GO_GOAL
18.42,0.3418,0.1949,0.6178,-0.0366,0.703,0.3719,0.2036,0.1291,GO_GOAL
18.44,0.3454,0.1975,0.6178,-0.0334,0.7061,0.3719,0.2036,0.1276,GO_GOAL
18.46,0.349,0.2,0.6178,-0.0272,0.7123,0.3719,0.2036,0.1262,GO_GOAL
18.48,0.3526,0.2026,0.6178,-0.024,0.7154,0.3719,0.2036,0.1248,GO_GOAL
18.5,0.3562,0.2051,0.6178,-0.0209,0.7185,0.3862,0.2138,0.1234,GO_GOAL
18.52,0.3598,0.2077,0.6178,-0.0209,0.7185,0.3862,0.2138,0.1221,GO_GOAL
18.538,0.3633,0.2102,0.6178,-0.0178,0.7216,0.3862,0.2138,0.1208,GO_GOAL
18.56,0.3669,0.2128,0.6178,-0.0146,0.7247,0.3862,0.2138,0.1195,GO_GOAL
18.58,0.3705,0.2153,0.6178,-0.0115,0.7277,0.3862,0.2138,0.1183,GO_GOAL
18.6,0.3741,0.2179,0.6178,-0.0084,0.7308,0.3862,0.2138,0.1171,GO_GOAL
18.62,0.3777,0.2204,0.6178,-0.0053,0.7339,0.4041,0.2265,0.116,GO_GOAL
18.64,0.3813,0.223,0.6178,-0.0021,0.737,0.4041,0.2265,0.1149,GO_GOAL
18.66,0.3849,0.2255,0.6178,0.001,0.7401,0.4041,0.2265,0.1139,GO_GOAL
18.68,0.3884,0.2281,0.6178,0.0041,0.7432,0.4041,0.2265,0.1129,GO_GOAL
18.7,0.392,0.2306,0.6178,0.0073,0.7463,0.4041,0.2265,0.1119,GO_GOAL
18.72,0.3956,0.2332,0.6178,0.0104,0.7494,0.4221,0.2392,0.111,GO_GOAL
18.74,0.3992,0.2357,0.6178,0.0167,0.7556,0.4221,0.2392,0.1101,GO_GOAL
18.76,0.4028,0.2383,0.6178,0.0167,0.7556,0.4221,0.2392,0.1093,GO_GOAL
18.78,0.4064,0.2408,0.6178,0.0229,0.7618,0.4221,0.2392,0.1085,GO_GOAL
18.8,0.41,0.2434,0.6178,0.0229,0.7618,0.4221,0.2392,0.1078,GO_GOAL
18.82,0.4136,0.2459,0.6178,0.0261,0.7648,0.44,0.252,0.1071,GO_GOAL
18.84,0.4171,0.2485,0.6178,0.0292,0.7679,0.44,0.252,0.1065,GO_GOAL
18.86,0.4207,0.251,0.6178,0.0323,0.771,0.44,0.252,0.1059,GO_GOAL
18.88,0.4243,0.2536,0.6178,0.0355,0.7741,0.44,0.252,0.1053,GO_GOAL
18.9,0.4279,0.2561,0.6178,0.0386,0.7772,0.44,0.252,0.1048,GO_GOAL
18.92,0.4315,0.2587,0.6178,0.0417,0.7803,0.4579,0.2647,0.1044,GO_GOAL
18.94,0.4351,0.2612,0.6178,0.0448,0.7834,0.4579,0.2647,0.104,GO_GOAL
18.96,0.4387,0.2638,0.6178,0.048,0.7865,0.4579,0.2647,0.1036,GO_GOAL
18.98,0.4422,0.2663,0.6178,0.0511,0.7896,0.4579,0.2647,0.1033,GO_GOAL
19.0,0.4458,0.2688,0.6178,0.0574,0.7958,0.4579,0.2647,0.103,GO_GOAL
19.02,0.4494,0.2714,0.6178,0.0605,0.7988,0.4759,0.2775,0.1028,GO_GOAL
19.04,0.453,0.2739,0.6178,0.0605,0.7988,0.4759,0.2775,0.1026,GO_GOAL
19.06,0.4566,0.2765,0.6178,0.0636,0.8019,0.4759,0.2775,0.1025,GO_GOAL
19.08,0.4602,0.279,0.6178,0.0668,0.805,0.4759,0.2775,0.1024,GO_GOAL
19.1,0.4638,0.2816,0.6178,0.073,0.8112,0.4759,0.2775,0.1023,GO_GOAL
19.12,0.4674,0.2841,0.6178,0.0762,0.8143,0.4938,0.2902,0.1023,GO_GOAL
19.14,0.4709,0.2867,0.6178,0.0762,0.8143,0.4938,0.2902,0.1024,GO_GOAL
19.16,0.4745,0.2892,0.6178,0.0793,0.8174,0.4938,0.2902,0.1025,GO_GOAL
19.18,0.4781,0.2918,0.6178,0.0824,0.8205,0.4938,0.2902,0.1027,GO_GOAL
19.2,0.4817,0.2943,0.6178,0.0887,0.8267,0.4938,0.2902,0.1029,GO_GOAL
19.22,0.4853,0.2969,0.6178,0.0918,0.8298,0.5117,0.303,0.1031,GO_GOAL
19.24,0.4889,0.2994,0.6178,0.0918,0.8298,0.5117,0.303,0.1034,GO_GOAL
19.26,0.4925,0.302,0.6178,0.0981,0.8359,0.5117,0.303,0.1037,GO_GOAL
19.28,0.496,0.3045,0.6178,0.0981,0.8359,0.5117,0.303,0.1041,GO_GOAL
19.3,0.4996,0.3071,0.6178,0.1012,0.839,0.5117,0.303,0.1045,GO_GOAL
19.32,0.5032,0.3096,0.6178,0.1043,0.8421,0.5297,0.3157,0.105,GO_GOAL
19.34,0.5068,0.3122,0.6178,0.1075,0.8452,0.5297,0.3157,0.1055,GO_GOAL
19.36,0.5104,0.3147,0.6178,0.1106,0.8483,0.5297,0.3157,0.1061,GO_GOAL
19.38,0.514,0.3173,0.6178,0.1137,0.8514,0.5297,0.3157,0.1067,GO_GOAL
19.4,0.5176,0.3198,0.6178,0.12,0.8576,0.5297,0.3157,0.1074,GO_GOAL
19.42,0.5212,0.3224,0.6178,0.12,0.8576,0.5512,0.331,0.1081,GO_GOAL
19.44,0.5247,0.3249,0.6178,0.1263,0.8638,0.5512,0.331,0.1088,GO_GOAL
19.46,0.5283,0.3275,0.6178,0.1294,0.8669,0.5512,0.331,0.1096,GO_GOAL
19.48,0.5319,0.33,0.6178,0.1294,0.8669,0.5512,0.331,0.1104,GO_GOAL
19.5,0.5355,0.3326,0.6178,0.1325,0.8699,0.5512,0.331,0.1113,GO_GOAL
19.52,0.5391,0.3351,0.6178,0.1357,0.873,0.5655,0.3412,0.1123,GO_GOAL
19.54,0.5427,0.3377,0.6178,0.1388,0.8761,0.5655,0.3412,0.1132,GO_GOAL
19.56,0.5463,0.3402,0.6178,0.1419,0.8792,0.5655,0.3412,0.1142,GO_GOAL
19.58,0.5498,0.3428,0.6178,0.145,0.8823,0.5655,0.3412,0.1153,GO_GOAL
19.6,0.5534,0.3453,0.6178,0.1482,0.8854,0.5655,0.3412,0.1164,GO_GOAL
19.62,0.557,0.3479,0.6178,0.1513,0.8885,0.5835,0.3539,0.1175,GO_GOAL
19.64,0.5606,0.3504,0.6178,0.1544,0.8916,0.5835,0.3539,0.1187,GO_GOAL
19.66,0.5642,0.353,0.6178,0.1576,0.8947,0.5835,0.3539,0.1199,GO_GOAL
19.68,0.5678,0.3555,0.6178,0.1607,0.8978,0.5835,0.3539,0.1212,GO_GOAL
19.7,0.5714,0.3581,0.6178,0.1638,0.9009,0.5835,0.3539,0.1225,GO_GOAL
19.72,0.575,0.3606,0.6178,0.167,0.9039,0.6014,0.3667,0.1239,GO_GOAL
19.74,0.5785,0.3632,0.6178,0.1701,0.907,0.6014,0.3667,0.1253,GO_GOAL
19.76,0.5821,0.3657,0.6178,0.1732,0.9101,0.6014,0.3667,0.1267,GO_GOAL
19.78,0.5857,0.3682,0.6178,0.1764,0.9132,0.6014,0.3667,0.1282,GO_GOAL
19.8,0.5893,0.3708,0.6178,0.1795,0.9163,0.6014,0.3667,0.1297,GO_GOAL
19.82,0.5929,0.3733,0.6178,0.1826,0.9194,0.6193,0.3794,0.1312,GO_GOAL
19.84,0.5965,0.3759,0.6178,0.1858,0.9225,0.6193,0.3794,0.1328,GO_GOAL
19.86,0.6001,0.3784,0.6178,0.192,0.9287,0.6193,0.3794,0.1344,GO_GOAL
19.88,0.6036,0.381,0.6178,0.192,0.9287,0.6193,0.3794,0.1361,GO_GOAL
19.9,0.6072,0.3835,0.6178,0.1951,0.9318,0.6193,0.3794,0.1378,GO_GOAL
19.92,0.6108,0.3861,0.6178,0.1983,0.9349,0.6373,0.3922,0.1395,GO_GOAL
19.94,0.6144,0.3886,0.6178,0.2014,0.9379,0.6373,0.3922,0.1413,GO_GOAL
19.96,0.618,0.3912,0.6178,0.2045,0.941,0.6373,0.3922,0.1431,GO_GOAL
19.98,0.6216,0.3937,0.6178,0.2077,0.9441,0.6373,0.3922,0.1449,GO_GOAL
20.0,0.6252,0.3963,0.6178,0.2108,0.9472,0.6373,0.3922,0.1468,GO_GOAL
20.02,0.6288,0.3988,0.6178,0.2171,0.9534,0.6588,0.4075,0.1487,GO_GOAL
20.04,0.6323,0.4014,0.6178,0.2171,0.9534,0.6588,0.4075,0.1507,GO_GOAL
20.06,0.6359,0.4039,0.6178,0.2233,0.9596,0.6588,0.4075,0.1526,GO_GOAL
20.08,0.6395,0.4065,0.6178,0.2233,0.9596,0.6588,0.4075,0.1546,GO_GOAL
20.1,0.6431,0.409,0.6178,0.2265,0.9627,0.6588,0.4075,0.1567,GO_GOAL
20.12,0.6467,0.4116,0.6178,0.2296,0.9658,0.6731,0.4177,0.1588,GO_GOAL
20.14,0.6503,0.4141,0.6178,0.2359,0.972,0.6731,0.4177,0.1609,GO_GOAL
20.16,0.6539,0.4167,0.6178,0.239,0.975,0.6731,0.4177,0.163,GO_GOAL
20.18,0.6574,0.4192,0.6178,0.239,0.975,0.6731,0.4177,0.1652,GO_GOAL
20.2,0.661,0.4218,0.6178,0.2421,0.9781,0.6731,0.4177,0.1674,GO_GOAL
20.22,0.6646,0.4243,0.6178,0.2452,0.9812,0.6911,0.4304,0.1696,GO_GOAL
20.24,0.6682,0.4269,0.6178,0.2484,0.9843,0.6911,0.4304,0.1719,GO_GOAL
20.26,0.6718,0.4294,0.6178,0.2515,0.9874,0.6911,0.4304,0.1742,GO_GOAL
20.28,0.6754,0.432,0.6178,0.2546,0.9905,0.6911,0.4304,0.1765,GO_GOAL
20.3,0.679,0.4345,0.6178,0.2578,0.9936,0.6911,0.4304,0.1788,GO_GOAL
20.32,0.6826,0.4371,0.6178,0.2609,0.9967,0.709,0.4431,0.1812,GO_GOAL
20.34,0.6861,0.4396,0.6178,0.264,0.9998,0.709,0.4431,0.1836,GO_GOAL
20.36,0.6897,0.4422,0.6178,0.2672,1.0029,0.709,0.4431,0.1861,GO_GOAL
20.38,0.6933,0.4447,0.6178,0.2703,1.006,0.709,0.4431,0.1885,GO_GOAL
20.4,0.6969,0.4473,0.6178,0.2734,1.009,0.709,0.4431,0.191,GO_GOAL
20.42,0.7005,0.4498,0.6178,0.2766,1.0121,0.7269,0.4559,0.1935,GO_GOAL
20.44,0.7041,0.4524,0.6178,0.2797,1.0152,0.7269,0.4559,0.1961,GO_GOAL
20.46,0.7077,0.4549,0.6178,0.2828,1.0183,0.7269,0.4559,0.1986,GO_GOAL
20.48,0.7112,0.4575,0.6178,0.2891,1.0245,0.7269,0.4559,0.2012,GO_GOAL
20.5,0.7148,0.46,0.6178,0.2891,1.0245,0.7269,0.4559,0.2038,GO_GOAL
20.52,0.7184,0.4626,0.6178,0.2922,1.0276,0.7449,0.4686,0.2065,GO_GOAL
20.54,0.722,0.4651,0.6178,0.2953,1.0307,0.7449,0.4686,0.2091,GO_GOAL
20.56,0.7256,0.4676,0.6178,0.2985,1.0338,0.7449,0.4686,0.2118,GO_GOAL
20.58,0.7292,0.4702,0.6178,0.3016,1.0369,0.7449,0.4686,0.2145,GO_GOAL
20.6,0.7328,0.4727,0.6178,0.3047,1.04,0.7449,0.4686,0.2172,GO_GOAL
20.62,0.7364,0.4753,0.6178,0.3079,1.043,0.7628,0.4814,0.22,GO_GOAL
20.64,0.7399,0.4778,0.6178,0.311,1.0461,0.7628,0.4814,0.2228,GO_GOAL
20.66,0.7435,0.4804,0.6178,0.3141,1.0492,0.7628,0.4814,0.2256,GO_GOAL
20.68,0.7471,0.4829,0.6178,0.3173,1.0523,0.7628,0.4814,0.2284,GO_GOAL
20.7,0.7507,0.4855,0.6178,0.3204,1.0554,0.7807,0.4941,0.2312,GO_GOAL
20.72,0.7543,0.488,0.6178,0.3235,1.0585,0.7807,0.4941,0.2341,GO_GOAL
20.74,0.7579,0.4906,0.6178,0.3267,1.0616,0.7807,0.4941,0.237,GO_GOAL
20.76,0.7615,0.4931,0.6178,0.3298,1.0647,0.7807,0.4941,0.2399,GO_GOAL
20.78,0.765,0.4957,0.6178,0.3329,1.0678,0.7807,0.4941,0.2428,GO_GOAL
20.8,0.7686,0.4982,0.6178,0.3361,1.0709,0.7807,0.4941,0.2457,GO_GOAL
20.82,0.7722,0.5008,0.6178,0.3392,1.074,0.7987,0.5069,0.2487,GO_GOAL
20.84,0.7758,0.5033,0.6178,0.3423,1.0771,0.7987,0.5069,0.2517,GO_GOAL
20.86,0.7794,0.5059,0.6178,0.3486,1.0832,0.7987,0.5069,0.2547,GO_GOAL
20.88,0.783,0.5084,0.6178,0.3486,1.0832,0.7987,0.5069,0.2577,GO_GOAL
20.9,0.7866,0.511,0.6178,0.3517,1.0863,0.7987,0.5069,0.2607,GO_GOAL
20.92,0.7902,0.5135,0.6178,0.3548,1.0894,0.8166,0.5196,0.2638,GO_GOAL
20.94,0.7937,0.5161,0.6178,0.358,1.0925,0.8166,0.5196,0.2668,GO_GOAL
20.96,0.7973,0.5186,0.6178,0.3611,1.0956,0.8166,0.5196,0.2699,GO_GOAL
20.98,0.8009,0.5212,0.6178,0.3642,1.0987,0.8166,0.5196,0.273,GO_GOAL
21.0,0.8045,0.5237,0.6178,0.3674,1.1018,0.8166,0.5196,0.2761,GO_GOAL
21.02,0.8081,0.5263,0.6178,0.3705,1.1049,0.8345,0.5323,0.2793,GO_GOAL
21.04,0.8117,0.5288,0.6178,0.3768,1.1111,0.8345,0.5323,0.2824,GO_GOAL
21.06,0.8153,0.5314,0.6178,0.3768,1.1111,0.8345,0.5323,0.2856,GO_GOAL
21.08,0.8188,0.5339,0.6178,0.3799,1.1141,0.8345,0.5323,0.2888,GO_GOAL
21.1,0.8224,0.5365,0.6178,0.383,1.1172,0.8345,0.5323,0.292,GO_GOAL
21.12,0.826,0.539,0.6178,0.3862,1.1203,0.8525,0.5451,0.2952,GO_GOAL
21.14,0.8296,0.5416,0.6178,0.3893,1.1234,0.8525,0.5451,0.2984,GO_GOAL
21.16,0.8332,0.5441,0.6178,0.3924,1.1265,0.8525,0.5451,0.3017,GO_GOAL
21.18,0.8368,0.5467,0.6178,0.3955,1.1296,0.8525,0.5451,0.3049,GO_GOAL
21.2,0.8404,0.5492,0.6178,0.3987,1.1327,0.8525,0.5451,0.3082,GO_GOAL
21.22,0.844,0.5518,0.6178,0.4018,1.1358,0.8704,0.5578,0.3115,GO_GOAL
21.24,0.8475,0.5543,0.6178,0.4049,1.1389,0.8704,0.5578,0.3148,GO_GOAL
21.26,0.8511,0.5569,0.6178,0.4081,1.142,0.8704,0.5578,0.3181,GO_GOAL
21.28,0.8547,0.5594,0.6178,0.4112,1.1451,0.8704,0.5578,0.3214,GO_GOAL
21.3,0.8583,0.562,0.6178,0.4143,1.1481,0.8704,0.5578,0.3247,GO_GOAL
21.32,0.8619,0.5645,0.6178,0.4175,1.1512,0.8883,0.5706,0.3281,GO_GOAL
21.34,0.8655,0.5671,0.6178,0.4237,1.1574,0.8883,0.5706,0.3315,GO_GOAL
21.36,0.8691,0.5696,0.6178,0.4237,1.1574,0.8883,0.5706,0.3348,GO_GOAL
21.38,0.8726,0.5721,0.6178,0.43,1.1636,0.8883,0.5706,0.3382,GO_GOAL
21.4,0.8762,0.5747,0.6178,0.43,1.1636,0.8883,0.5706,0.3416,GO_GOAL
21.42,0.8798,0.5772,0.6178,0.4331,1.1667,0.9063,0.5833,0.345,GO_GOAL
21.44,0.8834,0.5798,0.6178,0.4363,1.1698,0.9063,0.5833,0.3485,GO_GOAL
21.46,0.887,0.5823,0.6178,0.4394,1.1729,0.9063,0.5833,0.3519,GO_GOAL
21.48,0.8906,0.5849,0.6178,0.4425,1.176,0.9063,0.5833,0.3553,GO_GOAL
21.5,0.8942,0.5874,0.6178,0.4456,1.1791,0.9063,0.5833,0.3588,GO_GOAL
21.52,0.8978,0.59,0.6178,0.4488,1.1822,0.9242,0.5961,0.3623,GO_GOAL
21.54,0.9013,0.5925,0.6178,0.455,1.1883,0.9242,0.5961,0.3658,GO_GOAL
21.56,0.9049,0.5951,0.6178,0.455,1.1883,0.9242,0.5961,0.3692,GO_GOAL
21.58,0.9085,0.5976,0.6178,0.4582,1.1914,0.9242,0.5961,0.3727,GO_GOAL
21.6,0.9121,0.6002,0.6178,0.4613,1.1945,0.9242,0.5961,0.3763,GO_GOAL
21.62,0.9157,0.6027,0.6178,0.4644,1.1976,0.9421,0.6088,0.3798,GO_GOAL
21.64,0.9193,0.6053,0.6178,0.4676,1.2007,0.9421,0.6088,0.3833,GO_GOAL
21.66,0.9229,0.6078,0.6178,0.4707,1.2038,0.9421,0.6088,0.3869,GO_GOAL
21.68,0.9264,0.6104,0.6178,0.4738,1.2069,0.9421,0.6088,0.3904,GO_GOAL
21.7,0.93,0.6129,0.6178,0.477,1.21,0.9601,0.6215,0.394,GO_GOAL
21.72,0.9336,0.6155,0.6178,0.4801,1.2131,0.9601,0.6215,0.3975,GO_GOAL
21.74,0.9372,0.618,0.6178,0.4832,1.2162,0.9601,0.6215,0.4011,GO_GOAL
21.76,0.9408,0.6206,0.6178,0.4864,1.2192,0.9601,0.6215,0.4047,GO_GOAL
21.78,0.9444,0.6231,0.6178,0.4895,1.2223,0.9601,0.6215,0.4083,GO_GOAL
21.8,0.948,0.6257,0.6178,0.4926,1.2254,0.9601,0.6215,0.4119,GO_GOAL
21.82,0.9515,0.6282,0.6178,0.4957,1.2285,0.978,0.6343,0.4155,GO_GOAL
21.84,0.9551,0.6308,0.6178,0.4989,1.2316,0.978,0.6343,0.4192,GO_GOAL
21.86,0.9587,0.6333,0.6178,0.502,1.2347,0.978,0.6343,0.4228,GO_GOAL
21.88,0.9623,0.6359,0.6178,0.5051,1.2378,0.978,0.6343,0.4264,GO_GOAL
21.9,0.9659,0.6384,0.6178,0.5114,1.244,0.978,0.6343,0.4301,GO_GOAL
21.92,0.9695,0.641,0.6178,0.5145,1.2471,0.996,0.647,0.4337,GO_GOAL
21.94,0.9731,0.6435,0.6178,0.5145,1.2471,0.996,0.647,0.4374,GO_GOAL
21.96,0.9767,0.6461,0.6178,0.5208,1.2532,0.996,0.647,0.4411,GO_GOAL
21.98,0.9802,0.6486,0.6178,0.5208,1.2532,0.996,0.647,0.4448,GO_GOAL
22.0,0.9838,0.6512,0.6178,0.5239,1.2563,0.996,0.647,0.4484,GO_GOAL
22.02,0.9874,0.6537,0.6178,0.5271,1.2594,1.0139,0.6598,0.4521,GO_GOAL
22.04,0.991,0.6563,0.6178,0.5302,1.2625,1.0139,0.6598,0.4558,GO_GOAL
22.06,0.9946,0.6588,0.6178,0.5333,1.2656,1.0139,0.6598,0.4596,GO_GOAL
22.08,0.9982,0.6614,0.6178,0.5364,1.2687,1.0139,0.6598,0.4633,GO_GOAL
22.1,1.0018,0.6639,0.6178,0.5396,1.2718,1.0139,0.6598,0.467,GO_GOAL
22.12,1.0053,0.6665,0.6178,0.5427,1.2749,1.0318,0.6725,0.4707,GO_GOAL
22.14,1.0089,0.669,0.6178,0.5458,1.278,1.0318,0.6725,0.4704,GO_GOAL
22.16,1.0125,0.6716,0.6178,0.549,1.2811,1.0318,0.6725,0.4669,GO_GOAL
22.18,1.0161,0.6741,0.6178,0.5521,1.2842,1.0318,0.6725,0.4635,GO_GOAL
22.2,1.0197,0.6766,0.6178,0.5552,1.2873,1.0318,0.6725,0.4601,GO_GOAL
22.22,1.0233,0.6792,0.6178,0.5615,1.2934,1.0498,0.6853,0.4567,GO_GOAL
22.24,1.0269,0.6817,0.6178,0.5615,1.2934,1.0498,0.6853,0.4532,GO_GOAL
22.26,1.0305,0.6843,0.6178,0.5646,1.2965,1.0498,0.6853,0.4499,GO_GOAL
22.28,1.034,0.6868,0.6178,0.5678,1.2996,1.0498,0.6853,0.4465,GO_GOAL
22.3,1.0376,0.6894,0.6178,0.574,1.3058,1.0498,0.6853,0.4431,GO_GOAL
22.32,1.0412,0.6919,0.6178,0.574,1.3058,1.0677,0.698,0.4397,GO_GOAL
22.34,1.0448,0.6945,0.6178,0.5803,1.312,1.0677,0.698,0.4364,GO_GOAL
22.36,1.0484,0.697,0.6178,0.5803,1.312,1.0677,0.698,0.4331,GO_GOAL
22.38,1.052,0.6996,0.6178,0.5834,1.3151,1.0677,0.698,0.4297,GO_GOAL
22.4,1.0556,0.7021,0.6178,0.5865,1.3182,1.0677,0.698,0.4264,GO_GOAL
22.42,1.0591,0.7047,0.6178,0.5897,1.3213,1.0856,0.7107,0.4231,GO_GOAL
22.44,1.0627,0.7072,0.6178,0.5959,1.3274,1.0856,0.7107,0.4198,GO_GOAL
22.46,1.0663,0.7098,0.6178,0.5959,1.3274,1.0856,0.7107,0.4165,GO_GOAL
22.48,1.0699,0.7123,0.6178,0.5991,1.3305,1.0856,0.7107,0.4133,GO_GOAL
22.5,1.0735,0.7149,0.6178,0.6022,1.3336,1.0856,0.7107,0.41,GO_GOAL
22.52,1.0771,0.7174,0.6178,0.6053,1.3367,1.1036,0.7235,0.4068,GO_GOAL
22.54,1.0807,0.72,0.6178,0.6085,1.3398,1.1036,0.7235,0.4035,GO_GOAL
22.56,1.0843,0.7225,0.6178,0.6116,1.3429,1.1036,0.7235,0.4003,GO_GOAL
22.58,1.0878,0.7251,0.6178,0.6147,1.346,1.1036,0.7235,0.3971,GO_GOAL
22.6,1.0914,0.7276,0.6178,0.6179,1.3491,1.1036,0.7235,0.3939,GO_GOAL
22.62,1.095,0.7302,0.6178,0.6241,1.3553,1.1215,0.7362,0.3907,GO_GOAL
22.64,1.0986,0.7327,0.6178,0.6241,1.3553,1.1215,0.7362,0.3876,GO_GOAL
22.66,1.1022,0.7353,0.6179,0.6304,1.3614,1.1215,0.7362,0.3844,GO_GOAL
22.68,1.1058,0.7378,0.6179,0.6304,1.3614,1.1215,0.7362,0.3813,GO_GOAL
22.7,1.1094,0.7404,0.6179,0.6366,1.3676,1.1215,0.7362,0.3781,GO_GOAL
22.72,1.1129,0.7429,0.6179,0.6398,1.3707,1.1394,0.749,0.375,GO_GOAL
22.74,1.1165,0.7455,0.6179,0.6398,1.3707,1.1394,0.749,0.3719,GO_GOAL
22.76,1.1201,0.748,0.6179,0.6429,1.3738,1.1394,0.749,0.3688,GO_GOAL
22.78,1.1237,0.7506,0.6179,0.646,1.3769,1.1394,0.749,0.3658,GO_GOAL
22.8,1.1273,0.7531,0.6179,0.6492,1.38,1.1394,0.749,0.3627,GO_GOAL
22.82,1.1309,0.7557,0.6179,0.6523,1.3831,1.1574,0.7617,0.3597,GO_GOAL
22.84,1.1345,0.7582,0.6179,0.6554,1.3862,1.1574,0.7617,0.3567,GO_GOAL
22.86,1.1381,0.7608,0.6179,0.6586,1.3893,1.1574,0.7617,0.3536,GO_GOAL
22.88,1.1416,0.7633,0.6179,0.6617,1.3924,1.1574,0.7617,0.3506,GO_GOAL
22.9,1.1452,0.7659,0.6179,0.6648,1.3954,1.1574,0.7617,0.3477,GO_GOAL
22.92,1.1488,0.7684,0.6179,0.668,1.3985,1.1753,0.7745,0.3447,GO_GOAL
22.94,1.1524,0.771,0.6179,0.6711,1.4016,1.1753,0.7745,0.3418,GO_GOAL
22.96,1.156,0.7735,0.6179,0.6742,1.4047,1.1753,0.7745,0.3388,GO_GOAL
22.98,1.1596,0.7761,0.6179,0.6773,1.4078,1.1753,0.7745,0.3359,GO_GOAL
23.0,1.1632,0.7786,0.6179,0.6805,1.4109,1.1753,0.7745,0.333,GO_GOAL
23.02,1.1667,0.7812,0.6179,0.6836,1.414,1.1932,0.7872,0.3301,GO_GOAL
23.04,1.1703,0.7837,0.6179,0.6867,1.4171,1.1932,0.7872,0.3273,GO_GOAL
23.06,1.1739,0.7863,0.6179,0.6899,1.4202,1.1932,0.7872,0.3244,GO_GOAL
23.08,1.1775,0.7888,0.6179,0.693,1.4233,1.1932,0.7872,0.3216,GO_GOAL
23.1,1.1811,0.7913,0.6179,0.6961,1.4264,1.1932,0.7872,0.3188,GO_GOAL
23.12,1.1847,0.7939,0.6179,0.6993,1.4295,1.2112,0.7999,0.316,GO_GOAL
23.14,1.1883,0.7964,0.6179,0.7024,1.4325,1.2112,0.7999,0.3132,GO_GOAL
23.16,1.1918,0.799,0.6179,0.7055,1.4356,1.2112,0.7999,0.3105,GO_GOAL
23.18,1.1954,0.8015,0.6179,0.7087,1.4387,1.2112,0.7999,0.3078,GO_GOAL
23.2,1.199,0.8041,0.6179,0.7118,1.4418,1.2112,0.7999,0.305,GO_GOAL
23.22,1.2026,0.8066,0.6179,0.7149,1.4449,1.2291,0.8127,0.3023,GO_GOAL
23.24,1.2062,0.8092,0.6179,0.7181,1.448,1.2291,0.8127,0.2997,GO_GOAL
23.26,1.2098,0.8117,0.6179,0.7212,1.4511,1.2291,0.8127,0.297,GO_GOAL
23.28,1.2134,0.8143,0.6179,0.7243,1.4542,1.2291,0.8127,0.2944,GO_GOAL
23.3,1.217,0.8168,0.6179,0.7274,1.4573,1.2291,0.8127,0.2918,GO_GOAL
23.32,1.2205,0.8194,0.6179,0.7337,1.4635,1.247,0.8254,0.2892,GO_GOAL
23.34,1.2241,0.8219,0.6179,0.7337,1.4635,1.247,0.8254,0.2866,GO_GOAL
23.36,1.2277,0.8245,0.6179,0.7368,1.4666,1.247,0.8254,0.2841,GO_GOAL
23.38,1.2313,0.827,0.6179,0.7431,1.4727,1.247,0.8254,0.2815,GO_GOAL
23.4,1.2349,0.8296,0.6179,0.7431,1.4727,1.247,0.8254,0.279,GO_GOAL
23.42,1.2385,0.8321,0.6179,0.7462,1.4758,1.265,0.8382,0.2765,GO_GOAL
23.44,1.2421,0.8347,0.6179,0.7494,1.4789,1.265,0.8382,0.2741,GO_GOAL
23.46,1.2456,0.8372,0.6179,0.7525,1.482,1.265,0.8382,0.2716,GO_GOAL
23.48,1.2492,0.8398,0.6179,0.7556,1.4851,1.265,0.8382,0.2692,GO_GOAL
23.5,1.2528,0.8423,0.6179,0.7588,1.4882,1.265,0.8382,0.2668,GO_GOAL
23.52,1.2564,0.8449,0.6179,0.7619,1.4913,1.2829,0.8509,0.2645,GO_GOAL
23.54,1.26,0.8474,0.6179,0.765,1.4944,1.2829,0.8509,0.2621,GO_GOAL
23.56,1.2636,0.85,0.6179,0.7681,1.4975,1.2829,0.8509,0.2598,GO_GOAL
23.58,1.2672,0.8525,0.6179,0.7713,1.5006,1.2829,0.8509,0.2575,GO_GOAL
23.6,1.2707,0.8551,0.6179,0.7775,1.5067,1.3008,0.8637,0.2552,GO_GOAL
23.62,1.2743,0.8576,0.6179,0.7775,1.5067,1.3008,0.8637,0.253,GO_GOAL
23.64,1.2779,0.8602,0.6179,0.7838,1.5129,1.3008,0.8637,0.2508,GO_GOAL
23.66,1.2815,0.8627,0.6179,0.7838,1.5129,1.3008,0.8637,0.2486,GO_GOAL
23.68,1.2851,0.8653,0.6179,0.7869,1.516,1.3008,0.8637,0.2464,GO_GOAL
23.7,1.2887,0.8678,0.6179,0.7901,1.5191,1.3008,0.8637,0.2443,GO_GOAL
23.72,1.2923,0.8704,0.6179,0.7932,1.5222,1.3188,0.8764,0.2422,GO_GOAL
23.74,1.2959,0.8729,0.6179,0.7963,1.5253,1.3188,0.8764,0.2401,GO_GOAL
23.76,1.2994,0.8755,0.6179,0.7995,1.5284,1.3188,0.8764,0.238,GO_GOAL
23.78,1.303,0.878,0.6179,0.8026,1.5315,1.3188,0.8764,0.236,GO_GOAL
23.8,1.3066,0.8806,0.6179,0.8089,1.5377,1.3188,0.8764,0.234,GO_GOAL
23.82,1.3102,0.8831,0.6179,0.8089,1.5377,1.3367,0.8891,0.232,GO_GOAL
23.84,1.3138,0.8857,0.6179,0.812,1.5407,1.3367,0.8891,0.23,GO_GOAL
23.86,1.3174,0.8882,0.6179,0.8151,1.5438,1.3367,0.8891,0.2281,GO_GOAL
23.88,1.321,0.8908,0.6179,0.8214,1.55,1.3367,0.8891,0.2262,GO_GOAL
23.9,1.3245,0.8933,0.6179,0.8214,1.55,1.3367,0.8891,0.2244,GO_GOAL
23.92,1.3281,0.8959,0.6179,0.8245,1.5531,1.3546,0.9019,0.2226,GO_GOAL
23.94,1.3317,0.8984,0.6179,0.8276,1.5562,1.3546,0.9019,0.2208,GO_GOAL
23.96,1.3353,0.901,0.6179,0.8308,1.5593,1.3546,0.9019,0.219,GO_GOAL
23.98,1.3389,0.9035,0.6179,0.837,1.5655,1.3546,0.9019,0.2172,GO_GOAL
24.0,1.3425,0.9061,0.6179,0.837,1.5655,1.3546,0.9019,0.2155,GO_GOAL
24.02,1.3461,0.9086,0.6179,0.8402,1.5686,1.3726,0.9146,0.2139,GO_GOAL
24.04,1.3497,0.9111,0.6179,0.8464,1.5747,1.3726,0.9146,0.2122,GO_GOAL
24.06,1.3532,0.9137,0.6179,0.8464,1.5747,1.3726,0.9146,0.2106,GO_GOAL
24.08,1.3568,0.9162,0.6179,0.8496,1.5778,1.3726,0.9146,0.209,GO_GOAL
24.1,1.3604,0.9188,0.6179,0.8527,1.5809,1.3726,0.9146,0.2075,GO_GOAL
24.12,1.364,0.9213,0.6179,0.8558,1.584,1.3941,0.9299,0.206,GO_GOAL
24.14,1.3676,0.9239,0.6179,0.8589,1.5871,1.3941,0.9299,0.2045,GO_GOAL
24.16,1.3712,0.9264,0.6179,0.8621,1.5902,1.3941,0.9299,0.203,GO_GOAL
24.18,1.3748,0.929,0.6179,0.8652,1.5933,1.3941,0.9299,0.2016,GO_GOAL
24.2,1.3783,0.9315,0.6179,0.8683,1.5964,1.3941,0.9299,0.2002,GO_GOAL
24.22,1.3819,0.9341,0.6179,0.8715,1.5995,1.4084,0.9401,0.1989,GO_GOAL
24.24,1.3855,0.9366,0.6179,0.8777,1.6057,1.4084,0.9401,0.1976,GO_GOAL
24.26,1.3891,0.9392,0.6179,0.8777,1.6057,1.4084,0.9401,0.1963,GO_GOAL
24.28,1.3927,0.9417,0.6179,0.8809,1.6088,1.4084,0.9401,0.1951,GO_GOAL
24.3,1.3963,0.9443,0.6179,0.884,1.6118,1.4084,0.9401,0.1939,GO_GOAL
24.32,1.3999,0.9468,0.6179,0.8903,1.618,1.4264,0.9529,0.1927,GO_GOAL
24.34,1.4034,0.9494,0.6179,0.8903,1.618,1.4264,0.9529,0.1916,GO_GOAL
24.36,1.407,0.9519,0.6179,0.8934,1.6211,1.4264,0.9529,0.1905,GO_GOAL
24.38,1.4106,0.9545,0.6179,0.8965,1.6242,1.4264,0.9529,0.1894,GO_GOAL
24.4,1.4142,0.957,0.6179,0.8997,1.6273,1.4264,0.9529,0.1884,GO_GOAL
24.42,1.4178,0.9596,0.6179,0.9028,1.6304,1.4443,0.9656,0.1874,GO_GOAL
24.44,1.4214,0.9621,0.6179,0.9059,1.6335,1.4443,0.9656,0.1864,GO_GOAL
24.46,1.425,0.9647,0.6179,0.909,1.6366,1.4443,0.9656,0.1855,GO_GOAL
24.48,1.4286,0.9672,0.6179,0.9153,1.6428,1.4443,0.9656,0.1846,GO_GOAL
24.5,1.4321,0.9698,0.6179,0.9153,1.6428,1.4443,0.9656,0.1838,GO_GOAL
24.52,1.4357,0.9723,0.6179,0.9184,1.6459,1.4622,0.9783,0.183,GO_GOAL
24.54,1.4393,0.9749,0.6179,0.9216,1.6489,1.4622,0.9783,0.1822,GO_GOAL
24.56,1.4429,0.9774,0.6179,0.9247,1.652,1.4622,0.9783,0.1815,GO_GOAL
24.58,1.4465,0.98,0.6179,0.9278,1.6551,1.4622,0.9783,0.1808,GO_GOAL
24.6,1.4501,0.9825,0.6179,0.931,1.6582,1.4622,0.9783,0.1802,GO_GOAL
24.62,1.4537,0.9851,0.6179,0.9341,1.6613,1.4802,0.9911,0.1796,GO_GOAL
24.64,1.4572,0.9876,0.6179,0.9372,1.6644,1.4802,0.9911,0.179,GO_GOAL
24.66,1.4608,0.9902,0.6179,0.9404,1.6675,1.4802,0.9911,0.1785,GO_GOAL
24.68,1.4644,0.9927,0.6179,0.9435,1.6706,1.4802,0.9911,0.178,GO_GOAL
24.7,1.468,0.9953,0.6179,0.9466,1.6737,1.4802,0.9911,0.1775,GO_GOAL
24.72,1.4716,0.9978,0.6179,0.9529,1.6799,1.4981,1.0038,0.1771,GO_GOAL
24.74,1.4752,1.0004,0.6179,0.956,1.6829,1.4981,1.0038,0.1767,GO_GOAL
24.76,1.4788,1.0029,0.6179,0.956,1.6829,1.4981,1.0038,0.1764,GO_GOAL
24.78,1.4824,1.0055,0.6179,0.9591,1.686,1.4981,1.0038,0.1761,GO_GOAL
24.8,1.4859,1.008,0.6179,0.9623,1.6891,1.4981,1.0038,0.1759,GO_GOAL
24.82,1.4895,1.0106,0.6179,0.9685,1.6953,1.516,1.0166,0.1756,GO_GOAL
24.84,1.4931,1.0131,0.6179,0.9685,1.6953,1.516,1.0166,0.1755,GO_GOAL
24.86,1.4967,1.0157,0.6179,0.9717,1.6984,1.516,1.0166,0.1753,GO_GOAL
24.88,1.5003,1.0182,0.6179,0.9748,1.7015,1.516,1.0166,0.1752,GO_GOAL
24.9,1.5039,1.0208,0.6179,0.9779,1.7046,1.534,1.0293,0.1752,GO_GOAL
24.92,1.5075,1.0233,0.6179,0.9811,1.7077,1.534,1.0293,0.1752,GO_GOAL
24.94,1.511,1.0259,0.6179,0.9842,1.7108,1.534,1.0293,0.1752,GO_GOAL
24.96,1.5146,1.0284,0.6179,0.9905,1.717,1.534,1.0293,0.1752,GO_GOAL
24.98,1.5182,1.031,0.6179,0.9905,1.717,1.534,1.0293,0.1754,GO_GOAL
25.0,1.5218,1.0335,0.6179,0.9936,1.72,1.534,1.0293,0.1755,GO_GOAL
25.02,1.5254,1.036,0.6179,0.9967,1.7231,1.5519,1.0421,0.1757,GO_GOAL
25.04,1.529,1.0386,0.6179,1.003,1.7293,1.5519,1.0421,0.1759,GO_GOAL
25.06,1.5326,1.0411,0.6179,1.003,1.7293,1.5519,1.0421,0.1762,GO_GOAL
25.08,1.5361,1.0437,0.6179,1.0061,1.7324,1.5519,1.0421,0.1765,GO_GOAL
25.1,1.5397,1.0462,0.6179,1.0092,1.7355,1.5519,1.0421,0.1768,GO_GOAL
25.12,1.5433,1.0488,0.6179,1.0155,1.7417,1.5698,1.0548,0.1772,GO_GOAL
25.14,1.5469,1.0513,0.6179,1.0155,1.7417,1.5698,1.0548,0.1776,GO_GOAL
25.16,1.5505,1.0539,0.6179,1.0218,1.7479,1.5698,1.0548,0.1781,GO_GOAL
25.18,1.5541,1.0564,0.6179,1.0218,1.7479,1.5698,1.0548,0.1786,GO_GOAL
25.2,1.5577,1.059,0.6179,1.0249,1.751,1.5698,1.0548,0.1791,GO_GOAL
25.22,1.5613,1.0615,0.6179,1.028,1.754,1.5878,1.0675,0.1797,GO_GOAL
25.24,1.5648,1.0641,0.6179,1.0312,1.7571,1.5878,1.0675,0.1803,GO_GOAL
25.26,1.5684,1.0666,0.6179,1.0374,1.7633,1.5878,1.0675,0.181,GO_GOAL
25.28,1.572,1.0692,0.6179,1.0374,1.7633,1.5878,1.0675,0.1816,GO_GOAL
25.3,1.5756,1.0717,0.6179,1.0405,1.7664,1.5878,1.0675,0.1824,GO_GOAL
25.32,1.5792,1.0743,0.6179,1.0437,1.7695,1.6057,1.0803,0.1831,GO_GOAL
25.34,1.5828,1.0768,0.6179,1.0468,1.7726,1.6057,1.0803,0.184,GO_GOAL
25.36,1.5864,1.0794,0.6179,1.0531,1.7788,1.6057,1.0803,0.1848,GO_GOAL
25.38,1.5899,1.0819,0.6179,1.0531,1.7788,1.6057,1.0803,0.1857,GO_GOAL
25.4,1.5935,1.0845,0.6179,1.0562,1.7819,1.6057,1.0803,0.1866,GO_GOAL
25.42,1.5971,1.087,0.6179,1.0625,1.7881,1.6236,1.093,0.1876,GO_GOAL
25.44,1.6007,1.0896,0.6179,1.0656,1.7911,1.6236,1.093,0.1886,GO_GOAL
25.46,1.6043,1.0921,0.6179,1.0656,1.7911,1.6236,1.093,0.1896,GO_GOAL
25.48,1.6079,1.0947,0.6179,1.0687,1.7942,1.6236,1.093,0.1907,GO_GOAL
25.5,1.6115,1.0972,0.6179,1.0719,1.7973,1.6236,1.093,0.1918,GO_GOAL
25.52,1.6151,1.0998,0.6179,1.075,1.8004,1.6416,1.1058,0.1929,GO_GOAL
25.54,1.6186,1.1023,0.6179,1.0781,1.8035,1.6416,1.1058,0.1941,GO_GOAL
25.56,1.6222,1.1049,0.6179,1.0813,1.8066,1.6416,1.1058,0.1953,GO_GOAL
25.58,1.6258,1.1074,0.6179,1.0875,1.8128,1.6416,1.1058,0.1965,GO_GOAL
25.6,1.6294,1.11,0.6179,1.0906,1.8159,1.6416,1.1058,0.1978,GO_GOAL
25.62,1.633,1.1125,0.6179,1.0938,1.819,1.6595,1.1185,0.1991,GO_GOAL
25.64,1.6366,1.1151,0.6179,1.0938,1.819,1.6595,1.1185,0.2005,GO_GOAL
25.66,1.6402,1.1176,0.6179,1.1,1.8252,1.6595,1.1185,0.2019,GO_GOAL
25.68,1.6437,1.1202,0.6179,1.1,1.8252,1.6595,1.1185,0.2033,GO_GOAL
25.7,1.6473,1.1227,0.6179,1.1032,1.8282,1.6595,1.1185,0.2047,GO_GOAL
25.72,1.6509,1.1253,0.6179,1.1063,1.8313,1.6774,1.1313,0.2062,GO_GOAL
25.74,1.6545,1.1278,0.6179,1.1094,1.8344,1.6774,1.1313,0.2077,GO_GOAL
25.76,1.6581,1.1304,0.6179,1.1126,1.8375,1.6774,1.1313,0.2093,GO_GOAL
25.78,1.6617,1.1329,0.6179,1.1157,1.8406,1.6774,1.1313,0.2109,GO_GOAL
25.8,1.6653,1.1355,0.6179,1.122,1.8468,1.6954,1.144,0.2125,GO_GOAL
25.82,1.6688,1.138,0.6179,1.122,1.8468,1.6954,1.144,0.2142,GO_GOAL
25.84,1.6724,1.1406,0.6179,1.1251,1.8499,1.6954,1.144,0.2158,GO_GOAL
25.86,1.676,1.1431,0.6179,1.1282,1.853,1.6954,1.144,0.2175,GO_GOAL
25.88,1.6796,1.1457,0.6179,1.1313,1.8561,1.6954,1.144,0.2193,GO_GOAL
25.9,1.6832,1.1482,0.6179,1.1345,1.8592,1.6954,1.144,0.2211,GO_GOAL
25.92,1.6868,1.1508,0.6179,1.1407,1.8653,1.7133,1.1568,0.2229,GO_GOAL
25.94,1.6904,1.1533,0.6179,1.1407,1.8653,1.7133,1.1568,0.2247,GO_GOAL
25.96,1.694,1.1559,0.6179,1.1439,1.8684,1.7133,1.1568,0.2266,GO_GOAL
25.98,1.6975,1.1584,0.6179,1.147,1.8715,1.7133,1.1568,0.2285,GO_GOAL
26.0,1.7011,1.1609,0.6179,1.1533,1.8777,1.7133,1.1568,0.2304,GO_GOAL
26.02,1.7047,1.1635,0.6179,1.1533,1.8777,1.7312,1.1695,0.2323,GO_GOAL
26.04,1.7083,1.166,0.6179,1.1564,1.8808,1.7312,1.1695,0.2343,GO_GOAL
26.06,1.7119,1.1686,0.6179,1.1595,1.8839,1.7312,1.1695,0.2363,GO_GOAL
26.08,1.7155,1.1711,0.6179,1.1627,1.887,1.7312,1.1695,0.2384,GO_GOAL
26.1,1.7191,1.1737,0.6179,1.1658,1.8901,1.7312,1.1695,0.2404,GO_GOAL
26.12,1.7226,1.1762,0.6179,1.1721,1.8963,1.7492,1.1822,0.2425,GO_GOAL
26.14,1.7262,1.1788,0.6179,1.1721,1.8963,1.7492,1.1822,0.2446,GO_GOAL
26.16,1.7298,1.1813,0.6179,1.1752,1.8993,1.7492,1.1822,0.2468,GO_GOAL
26.18,1.7334,1.1839,0.6179,1.1783,1.9024,1.7492,1.1822,0.249,GO_GOAL
26.2,1.737,1.1864,0.6179,1.1814,1.9055,1.7492,1.1822,0.2512,GO_GOAL
26.22,1.7406,1.189,0.6179,1.1846,1.9086,1.7671,1.195,0.2534,GO_GOAL
26.24,1.7442,1.1915,0.6179,1.1877,1.9117,1.7671,1.195,0.2556,GO_GOAL
26.26,1.7477,1.1941,0.6179,1.1908,1.9148,1.7671,1.195,0.2579,GO_GOAL
26.28,1.7513,1.1966,0.6179,1.194,1.9179,1.7671,1.195,0.2602,GO_GOAL
26.3,1.7549,1.1992,0.6179,1.1971,1.921,1.7671,1.195,0.2625,GO_GOAL
26.32,1.7585,1.2017,0.6179,1.2002,1.9241,1.785,1.2077,0.2649,GO_GOAL
26.34,1.7621,1.2043,0.6179,1.2034,1.9272,1.785,1.2077,0.2672,GO_GOAL
26.36,1.7657,1.2068,0.6179,1.2065,1.9303,1.785,1.2077,0.2696,GO_GOAL
26.38,1.7693,1.2094,0.6179,1.2096,1.9334,1.785,1.2077,0.2721,GO_GOAL
26.4,1.7729,1.2119,0.6179,1.2128,1.9364,1.785,1.2077,0.2745,GO_GOAL
26.42,1.7764,1.2145,0.6179,1.2159,1.9395,1.803,1.2205,0.277,GO_GOAL
26.44,1.78,1.217,0.6179,1.219,1.9426,1.803,1.2205,0.2795,GO_GOAL
26.46,1.7836,1.2196,0.6179,1.2221,1.9457,1.803,1.2205,0.282,GO_GOAL
26.48,1.7872,1.2221,0.6179,1.2253,1.9488,1.803,1.2205,0.2845,GO_GOAL
26.5,1.7908,1.2247,0.6179,1.2284,1.9519,1.803,1.2205,0.2871,GO_GOAL
26.52,1.7944,1.2272,0.6179,1.2315,1.955,1.8245,1.2358,0.2896,GO_GOAL
26.54,1.798,1.2298,0.6179,1.2347,1.9581,1.8245,1.2358,0.2922,GO_GOAL
26.56,1.8015,1.2323,0.6179,1.2378,1.9612,1.8245,1.2358,0.2948,GO_GOAL
26.58,1.8051,1.2349,0.6179,1.2409,1.9643,1.8245,1.2358,0.2975,GO_GOAL
26.6,1.8087,1.2374,0.6179,1.2441,1.9674,1.8245,1.2358,0.3001,GO_GOAL
26.62,1.8123,1.24,0.6179,1.2472,1.9704,1.8388,1.246,0.3028,GO_GOAL
26.64,1.8159,1.2425,0.6179,1.2503,1.9735,1.8388,1.246,0.3055,GO_GOAL
26.66,1.8195,1.2451,0.6179,1.2566,1.9797,1.8388,1.246,0.3082,GO_GOAL
26.68,1.8231,1.2476,0.6179,1.2566,1.9797,1.8388,1.246,0.311,GO_GOAL
26.7,1.8267,1.2502,0.6179,1.2597,1.9828,1.8388,1.246,0.3137,GO_GOAL
26.72,1.8302,1.2527,0.6179,1.2629,1.9859,1.8568,1.2587,0.3165,GO_GOAL
26.74,1.8338,1.2553,0.6179,1.266,1.989,1.8568,1.2587,0.3193,GO_GOAL
26.76,1.8374,1.2578,0.6179,1.2691,1.9921,1.8568,1.2587,0.3221,GO_GOAL
26.78,1.841,1.2604,0.6179,1.2722,1.9952,1.8568,1.2587,0.3249,GO_GOAL
26.8,1.8446,1.2629,0.6179,1.2754,1.9983,1.8568,1.2587,0.3278,GO_GOAL
26.82,1.8482,1.2655,0.6179,1.2785,2.0014,1.8747,1.2714,0.3306,GO_GOAL
26.84,1.8518,1.268,0.6179,1.2848,2.0075,1.8747,1.2714,0.3335,GO_GOAL
26.86,1.8553,1.2706,0.6179,1.2848,2.0075,1.8747,1.2714,0.3364,GO_GOAL
26.88,1.8589,1.2731,0.6179,1.2879,2.0106,1.8747,1.2714,0.3393,GO_GOAL
26.9,1.8625,1.2757,0.6179,1.291,2.0137,1.8747,1.2714,0.3423,GO_GOAL
26.92,1.8661,1.2782,0.6179,1.2942,2.0168,1.8926,1.2842,0.3452,GO_GOAL
26.94,1.8697,1.2808,0.6179,1.2973,2.0199,1.8926,1.2842,0.3482,GO_GOAL
26.96,1.8733,1.2833,0.6179,1.3004,2.023,1.8926,1.2842,0.3512,GO_GOAL
26.98,1.8769,1.2859,0.6179,1.3036,2.0261,1.8926,1.2842,0.3542,GO_GOAL
27.0,1.8804,1.2884,0.6179,1.3067,2.0292,1.8926,1.2842,0.3572,GO_GOAL
27.02,1.884,1.2909,0.6179,1.3098,2.0323,1.9106,1.2969,0.3602,GO_GOAL
27.04,1.8876,1.2935,0.6179,1.3161,2.0385,1.9106,1.2969,0.3633,GO_GOAL
27.06,1.8912,1.296,0.6179,1.3161,2.0385,1.9106,1.2969,0.3663,GO_GOAL
27.08,1.8948,1.2986,0.6179,1.3192,2.0416,1.9106,1.2969,0.3694,GO_GOAL
27.1,1.8984,1.3011,0.6179,1.3255,2.0477,1.9285,1.3097,0.3725,GO_GOAL
27.12,1.902,1.3037,0.6179,1.3255,2.0477,1.9285,1.3097,0.3756,GO_GOAL
27.14,1.9056,1.3062,0.6179,1.3286,2.0508,1.9285,1.3097,0.3787,GO_GOAL
27.16,1.9091,1.3088,0.6179,1.3317,2.0539,1.9285,1.3097,0.3818,GO_GOAL
27.18,1.9127,1.3113,0.6179,1.3349,2.057,1.9285,1.3097,0.385,GO_GOAL
27.2,1.9163,1.3139,0.6179,1.338,2.0601,1.9285,1.3097,0.3881,GO_GOAL
27.22,1.9199,1.3164,0.6179,1.3411,2.0632,1.9464,1.3224,0.3913,GO_GOAL
27.24,1.9235,1.319,0.6179,1.3443,2.0663,1.9464,1.3224,0.3945,GO_GOAL
27.26,1.9271,1.3215,0.6179,1.3474,2.0694,1.9464,1.3224,0.3977,GO_GOAL
27.28,1.9307,1.3241,0.6179,1.3505,2.0725,1.9464,1.3224,0.4009,GO_GOAL
27.3,1.9342,1.3266,0.6179,1.3536,2.0756,1.9644,1.3352,0.4041,GO_GOAL
27.32,1.9378,1.3292,0.6179,1.3568,2.0786,1.9644,1.3352,0.4073,GO_GOAL
27.34,1.9414,1.3317,0.6179,1.3599,2.0817,1.9644,1.3352,0.4106,GO_GOAL
27.36,1.945,1.3343,0.6179,1.3662,2.0879,1.9644,1.3352,0.4138,GO_GOAL
27.38,1.9486,1.3368,0.6179,1.3662,2.0879,1.9644,1.3352,0.4171,GO_GOAL
27.4,1.9522,1.3394,0.6179,1.3693,2.091,1.9644,1.3352,0.4204,GO_GOAL
27.42,1.9558,1.3419,0.6179,1.3724,2.0941,1.9823,1.3479,0.4237,GO_GOAL
27.44,1.9593,1.3445,0.6179,1.3756,2.0972,1.9823,1.3479,0.427,GO_GOAL
27.46,1.9629,1.347,0.6179,1.3787,2.1003,1.9823,1.3479,0.4303,GO_GOAL
27.48,1.9665,1.3496,0.6179,1.3818,2.1034,1.9823,1.3479,0.4336,GO_GOAL
27.5,1.9701,1.3521,0.6179,1.385,2.1065,1.9823,1.3479,0.437,GO_GOAL
27.52,1.9737,1.3547,0.6179,1.3912,2.1127,2.0002,1.3606,0.4403,GO_GOAL
27.54,1.9773,1.3572,0.6179,1.3912,2.1127,2.0002,1.3606,0.4437,GO_GOAL
27.56,1.9809,1.3598,0.6179,1.3944,2.1157,2.0002,1.3606,0.4471,GO_GOAL
27.58,1.9845,1.3623,0.6179,1.3975,2.1188,2.0002,1.3606,0.4505,GO_GOAL
27.6,1.988,1.3649,0.6179,1.4006,2.1219,2.0002,1.3606,0.4538,GO_GOAL
27.62,1.9916,1.3674,0.6179,1.4037,2.125,2.0182,1.3734,0.4572,GO_GOAL
27.64,1.9952,1.37,0.6179,1.4069,2.1281,2.0182,1.3734,0.4607,GO_GOAL
27.66,1.9988,1.3725,0.6179,1.41,2.1312,2.0182,1.3734,0.4641,GO_GOAL
27.68,2.0024,1.3751,0.6179,1.4131,2.1343,2.0182,1.3734,0.4675,GO_GOAL
27.7,2.006,1.3776,0.6179,1.4163,2.1374,2.0182,1.3734,0.471,GO_GOAL
27.72,2.0096,1.3802,0.6179,1.4194,2.1405,2.0361,1.3861,0.4744,GO_GOAL
27.74,2.0131,1.3827,0.6179,1.4225,2.1436,2.0361,1.3861,0.4779,GO_GOAL
27.76,2.0167,1.3853,0.6179,1.4288,2.1498,2.0361,1.3861,0.4813,GO_GOAL
27.78,2.0203,1.3878,0.6179,1.4288,2.1498,2.0361,1.3861,0.4848,GO_GOAL
27.8,2.0239,1.3904,0.6179,1.4319,2.1528,2.0361,1.3861,0.4883,GO_GOAL
27.82,2.0275,1.3929,0.6179,1.4351,2.1559,2.054,1.3989,0.4918,GO_GOAL
27.84,2.0311,1.3955,0.6179,1.4382,2.159,2.054,1.3989,0.4953,GO_GOAL
27.86,2.0347,1.398,0.6179,1.4444,2.1652,2.054,1.3989,0.4988,GO_GOAL
27.88,2.0382,1.4006,0.6179,1.4444,2.1652,2.054,1.3989,0.5024,GO_GOAL
27.9,2.0418,1.4031,0.6179,1.4476,2.1683,2.054,1.3989,0.5059,GO_GOAL
27.92,2.0454,1.4057,0.6179,1.4507,2.1714,2.072,1.4116,0.5094,GO_GOAL
27.94,2.049,1.4082,0.6179,1.4538,2.1745,2.072,1.4116,0.513,GO_GOAL
27.96,2.0526,1.4108,0.6179,1.457,2.1776,2.072,1.4116,0.5165,GO_GOAL
27.98,2.0562,1.4133,0.6179,1.4632,2.1838,2.072,1.4116,0.5201,GO_GOAL
28.0,2.0598,1.4159,0.6179,1.4632,2.1838,2.072,1.4116,0.5237,GO_GOAL
28.02,2.0634,1.4184,0.6179,1.4664,2.1868,2.0899,1.4244,0.5273,GO_GOAL
28.04,2.0669,1.421,0.6179,1.4695,2.1899,2.0899,1.4244,0.5309,GO_GOAL
28.06,2.0705,1.4235,0.6179,1.4726,2.193,2.0899,1.4244,0.5345,GO_GOAL
28.08,2.0741,1.426,0.6179,1.4758,2.1961,2.0899,1.4244,0.5381,GO_GOAL
28.1,2.0777,1.4286,0.6179,1.4789,2.1992,2.0899,1.4244,0.5417,GO_GOAL
28.12,2.0813,1.4311,0.6179,1.482,2.2023,2.1078,1.4371,0.5453,GO_GOAL
28.14,2.0849,1.4337,0.6179,1.4851,2.2054,2.1078,1.4371,0.5489,GO_GOAL
28.16,2.0885,1.4362,0.6179,1.4883,2.2085,2.1078,1.4371,0.5526,GO_GOAL
28.18,2.092,1.4388,0.6179,1.4914,2.2116,2.1078,1.4371,0.5562,GO_GOAL
28.2,2.0956,1.4413,0.6179,1.4977,2.2178,2.1078,1.4371,0.5598,GO_GOAL
28.22,2.0992,1.4439,0.6179,1.4977,2.2178,2.1258,1.4498,0.5635,GO_GOAL
28.24,2.1028,1.4464,0.6179,1.5008,2.2209,2.1258,1.4498,0.5672,GO_GOAL
28.26,2.1064,1.449,0.6179,1.5039,2.2239,2.1258,1.4498,0.5708,GO_GOAL
28.28,2.11,1.4515,0.6179,1.5071,2.227,2.1258,1.4498,0.5745,GO_GOAL
28.3,2.1136,1.4541,0.6179,1.5102,2.2301,2.1258,1.4498,0.5782,GO_GOAL
28.32,2.1171,1.4566,0.6179,1.5165,2.2363,2.1437,1.4626,0.5819,GO_GOAL
28.34,2.1207,1.4592,0.6179,1.5165,2.2363,2.1437,1.4626,0.5856,GO_GOAL
28.36,2.1243,1.4617,0.6179,1.5196,2.2394,2.1437,1.4626,0.5893,GO_GOAL
28.38,2.1279,1.4643,0.6179,1.5227,2.2425,2.1437,1.4626,0.593,GO_GOAL
28.4,2.1315,1.4668,0.6179,1.5259,2.2456,2.1437,1.4626,0.5967,GO_GOAL
28.42,2.1351,1.4694,0.6179,1.529,2.2487,2.1616,1.4753,0.6004,GO_GOAL
28.44,2.1387,1.4719,0.6179,1.5321,2.2518,2.1616,1.4753,0.6041,GO_GOAL
28.46,2.1423,1.4745,0.6179,1.5352,2.2549,2.1616,1.4753,0.6079,GO_GOAL
28.48,2.1458,1.477,0.6179,1.5384,2.258,2.1616,1.4753,0.6116,GO_GOAL
28.5,2.1494,1.4796,0.6179,1.5415,2.261,2.1616,1.4753,0.6154,GO_GOAL
28.52,2.153,1.4821,0.6179,1.5446,2.2641,2.1796,1.4881,0.6191,GO_GOAL
28.54,2.1566,1.4847,0.6179,1.5478,2.2672,2.1796,1.4881,0.6229,GO_GOAL
28.56,2.1602,1.4872,0.6179,1.554,2.2734,2.1796,1.4881,0.6266,GO_GOAL
28.58,2.1638,1.4898,0.6179,1.554,2.2734,2.1796,1.4881,0.6304,GO_GOAL
28.6,2.1674,1.4923,0.6179,1.5572,2.2765,2.1796,1.4881,0.6342,GO_GOAL
28.62,2.1709,1.4949,0.6179,1.5603,2.2796,2.1975,1.5008,0.6379,GO_GOAL
28.64,2.1745,1.4974,0.6179,1.5634,2.2827,2.1975,1.5008,0.6417,GO_GOAL
28.66,2.1781,1.5,0.6179,1.5666,2.2858,2.1975,1.5008,0.6455,GO_GOAL
28.68,2.1817,1.5025,0.6179,1.5697,2.2889,2.1975,1.5008,0.6493,GO_GOAL
28.7,2.1853,1.5051,0.6179,1.5728,2.292,2.1975,1.5008,0.6531,GO_GOAL
28.72,2.1889,1.5076,0.6179,1.5759,2.2951,2.2154,1.5136,0.6569,GO_GOAL
28.74,2.1925,1.5102,0.6179,1.5791,2.2981,2.2154,1.5136,0.6607,GO_GOAL
28.76,2.1961,1.5127,0.6179,1.5822,2.3012,2.2154,1.5136,0.6645,GO_GOAL
28.78,2.1996,1.5153,0.6179,1.5853,2.3043,2.2154,1.5136,0.6683,GO_GOAL
28.8,2.2032,1.5178,0.6179,1.5885,2.3074,2.2154,1.5136,0.6722,GO_GOAL
28.82,2.2068,1.5204,0.6179,1.5916,2.3105,2.2334,1.5263,0.676,GO_GOAL
28.84,2.2104,1.5229,0.6179,1.5947,2.3136,2.2334,1.5263,0.6798,GO_GOAL
28.86,2.214,1.5255,0.6179,1.601,2.3198,2.2334,1.5263,0.6837,GO_GOAL
28.88,2.2176,1.528,0.6179,1.601,2.3198,2.2334,1.5263,0.6875,GO_GOAL
28.9,2.2212,1.5306,0.6179,1.6041,2.3229,2.2334,1.5263,0.6914,GO_GOAL
28.92,2.2247,1.5331,0.6179,1.6073,2.326,2.2513,1.539,0.6952,GO_GOAL
28.94,2.2283,1.5357,0.6179,1.6104,2.3291,2.2513,1.539,0.6991,GO_GOAL
28.96,2.2319,1.5382,0.6179,1.6135,2.3321,2.2513,1.539,0.7029,GO_GOAL
28.98,2.2355,1.5408,0.6179,1.6198,2.3383,2.2513,1.539,0.7068,GO_GOAL
29.0,2.2391,1.5433,0.6179,1.6229,2.3414,2.2513,1.539,0.7107,GO_GOAL
29.02,2.2427,1.5459,0.6179,1.6229,2.3414,2.2692,1.5518,0.7145,GO_GOAL
29.04,2.2463,1.5484,0.6179,1.626,2.3445,2.2692,1.5518,0.7184,GO_GOAL
29.06,2.2498,1.551,0.6179,1.6292,2.3476,2.2692,1.5518,0.7223,GO_GOAL
29.08,2.2534,1.5535,0.6179,1.6323,2.3507,2.2692,1.5518,0.7262,GO_GOAL
29.1,2.257,1.556,0.6179,1.6354,2.3538,2.2692,1.5518,0.7301,GO_GOAL
29.12,2.2606,1.5586,0.6179,1.6386,2.3569,2.2872,1.5645,0.734,GO_GOAL
29.14,2.2642,1.5611,0.6179,1.6417,2.36,2.2872,1.5645,0.7379,GO_GOAL
29.16,2.2678,1.5637,0.6179,1.6448,2.3631,2.2872,1.5645,0.7418,GO_GOAL
29.18,2.2714,1.5662,0.6179,1.648,2.3662,2.2872,1.5645,0.7457,GO_GOAL
29.2,2.275,1.5688,0.6179,1.6511,2.3692,2.2872,1.5645,0.7496,GO_GOAL
29.22,2.2785,1.5713,0.6179,1.6542,2.3723,2.3051,1.5773,0.7535,GO_GOAL
29.24,2.2821,1.5739,0.6179,1.6574,2.3754,2.3051,1.5773,0.7574,GO_GOAL
29.26,2.2857,1.5764,0.6179,1.6605,2.3785,2.3051,1.5773,0.7613,GO_GOAL
29.28,2.2893,1.579,0.6179,1.6636,2.3816,2.3051,1.5773,0.7653,GO_GOAL
29.3,2.2929,1.5815,0.6179,1.6667,2.3847,2.3051,1.5773,0.7692,GO_GOAL
29.32,2.2965,1.5841,0.6179,1.6699,2.3878,2.323,1.59,0.7731,GO_GOAL
29.34,2.3001,1.5866,0.6179,1.673,2.3909,2.323,1.59,0.7771,GO_GOAL
29.36,2.3036,1.5892,0.6179,1.6761,2.394,2.323,1.59,0.781,GO_GOAL
29.38,2.3072,1.5917,0.6179,1.6793,2.3971,2.323,1.59,0.7849,GO_GOAL
29.4,2.3108,1.5943,0.6179,1.6855,2.4033,2.341,1.6028,0.7889,GO_GOAL
29.42,2.3144,1.5968,0.6179,1.6855,2.4033,2.341,1.6028,0.7928,GO_GOAL
29.44,2.318,1.5994,0.6179,1.6887,2.4063,2.341,1.6028,0.7968,GO_GOAL
29.46,2.3216,1.6019,0.6179,1.6918,2.4094,2.341,1.6028,0.8007,GO_GOAL
29.48,2.3252,1.6045,0.6179,1.6949,2.4125,2.341,1.6028,0.8041,GO_GOAL
29.5,2.3287,1.607,0.6179,1.6981,2.4156,2.341,1.6028,0.8015,GO_GOAL
29.52,2.3323,1.6096,0.6179,1.7043,2.4218,2.3589,1.6155,0.799,GO_GOAL
29.54,2.3359,1.6121,0.6179,1.7074,2.4249,2.3589,1.6155,0.7964,GO_GOAL
29.56,2.3395,1.6147,0.6179,1.7074,2.4249,2.3589,1.6155,0.7939,GO_GOAL
29.58,2.3431,1.6172,0.6179,1.7106,2.428,2.3589,1.6155,0.7913,GO_GOAL
29.6,2.3467,1.6198,0.6179,1.7137,2.4311,2.3589,1.6155,0.7888,GO_GOAL
29.62,2.3503,1.6223,0.6179,1.7168,2.4342,2.3768,1.6282,0.7862,GO_GOAL
29.64,2.3539,1.6249,0.6179,1.72,2.4373,2.3768,1.6282,0.7837,GO_GOAL
29.66,2.3574,1.6274,0.6179,1.7231,2.4403,2.3768,1.6282,0.7811,GO_GOAL
29.68,2.361,1.63,0.6179,1.7262,2.4434,2.3768,1.6282,0.7786,GO_GOAL
29.7,2.3646,1.6325,0.6179,1.7294,2.4465,2.3768,1.6282,0.776,GO_GOAL
29.72,2.3682,1.6351,0.6179,1.7356,2.4527,2.3948,1.641,0.7735,GO_GOAL
29.74,2.3718,1.6376,0.6179,1.7356,2.4527,2.3948,1.641,0.7709,GO_GOAL
29.76,2.3754,1.6402,0.6179,1.7388,2.4558,2.3948,1.641,0.7684,GO_GOAL
29.78,2.379,1.6427,0.6179,1.7419,2.4589,2.3948,1.641,0.7658,GO_GOAL
29.8,2.3825,1.6453,0.6179,1.7481,2.4651,2.3948,1.641,0.7633,GO_GOAL
29.82,2.3861,1.6478,0.6179,1.7481,2.4651,2.4163,1.6563,0.7607,GO_GOAL
29.84,2.3897,1.6504,0.6179,1.7544,2.4713,2.4163,1.6563,0.7582,GO_GOAL
29.86,2.3933,1.6529,0.6179,1.7544,2.4713,2.4163,1.6563,0.7556,GO_GOAL
29.88,2.3969,1.6555,0.6179,1.7607,2.4774,2.4163,1.6563,0.7531,GO_GOAL
29.9,2.4005,1.658,0.6179,1.7607,2.4774,2.4163,1.6563,0.7505,GO_GOAL
29.92,2.4041,1.6606,0.6179,1.7638,2.4805,2.4306,1.6665,0.748,GO_GOAL
29.94,2.4076,1.6631,0.6179,1.7669,2.4836,2.4306,1.6665,0.7454,GO_GOAL
29.96,2.4112,1.6657,0.6179,1.7701,2.4867,2.4306,1.6665,0.7429,GO_GOAL
29.98,2.4148,1.6682,0.6179,1.7732,2.4898,2.4306,1.6665,0.7403,GO_GOAL
30.0,2.4184,1.6708,0.6179,1.7763,2.4929,2.4306,1.6665,0.7378,GO_GOAL
30.02,2.422,1.6733,0.6179,1.7795,2.496,2.4486,1.6792,0.7352,GO_GOAL
30.04,2.4256,1.6759,0.6179,1.7826,2.4991,2.4486,1.6792,0.7327,GO_GOAL
30.06,2.4292,1.6784,0.6179,1.7857,2.5022,2.4486,1.6792,0.7301,GO_GOAL
30.08,2.4328,1.681,0.6179,1.7889,2.5053,2.4486,1.6792,0.7276,GO_GOAL
30.1,2.4363,1.6835,0.6179,1.792,2.5084,2.4486,1.6792,0.725,GO_GOAL
30.12,2.4399,1.6861,0.6179,1.7982,2.5145,2.4665,1.692,0.7225,GO_GOAL
30.14,2.4435,1.6886,0.6179,1.7982,2.5145,2.4665,1.692,0.7199,GO_GOAL
30.16,2.4471,1.6911,0.6179,1.8014,2.5176,2.4665,1.692,0.7174,GO_GOAL
30.18,2.4507,1.6937,0.6179,1.8045,2.5207,2.4665,1.692,0.7148,GO_GOAL
30.2,2.4543,1.6962,0.6179,1.8076,2.5238,2.4665,1.692,0.7123,GO_GOAL
30.22,2.4579,1.6988,0.6179,1.8108,2.5269,2.4844,1.7047,0.7097,GO_GOAL
30.24,2.4614,1.7013,0.6179,1.817,2.5331,2.4844,1.7047,0.7072,GO_GOAL
30.26,2.465,1.7039,0.6179,1.817,2.5331,2.4844,1.7047,0.7046,GO_GOAL
30.28,2.4686,1.7064,0.6179,1.8202,2.5362,2.4844,1.7047,0.7021,GO_GOAL
30.3,2.4722,1.709,0.6179,1.8233,2.5393,2.4844,1.7047,0.6995,GO_GOAL
30.32,2.4758,1.7115,0.6179,1.8264,2.5424,2.5024,1.7175,0.697,GO_GOAL
30.34,2.4794,1.7141,0.6179,1.8296,2.5455,2.5024,1.7175,0.6944,GO_GOAL
30.36,2.483,1.7166,0.6179,1.8327,2.5485,2.5024,1.7175,0.6919,GO_GOAL
30.38,2.4866,1.7192,0.6179,1.8358,2.5516,2.5024,1.7175,0.6893,GO_GOAL
30.4,2.4901,1.7217,0.6179,1.8389,2.5547,2.5024,1.7175,0.6868,GO_GOAL
30.42,2.4937,1.7243,0.6179,1.8452,2.5609,2.5203,1.7302,0.6843,GO_GOAL
30.44,2.4973,1.7268,0.6179,1.8452,2.5609,2.5203,1.7302,0.6817,GO_GOAL
30.46,2.5009,1.7294,0.6179,1.8483,2.564,2.5203,1.7302,0.6792,GO_GOAL
30.48,2.5045,1.7319,0.6179,1.8546,2.5702,2.5203,1.7302,0.6766,GO_GOAL
30.5,2.5081,1.7345,0.6179,1.8546,2.5702,2.5203,1.7302,0.6741,GO_GOAL
30.52,2.5117,1.737,0.6179,1.8577,2.5733,2.5382,1.7429,0.6715,GO_GOAL
30.54,2.5152,1.7396,0.6179,1.8609,2.5764,2.5382,1.7429,0.669,GO_GOAL
30.56,2.5188,1.7421,0.6179,1.864,2.5795,2.5382,1.7429,0.6664,GO_GOAL
30.58,2.5224,1.7447,0.6179,1.8671,2.5826,2.5382,1.7429,0.6639,GO_GOAL
30.6,2.526,1.7472,0.6179,1.8703,2.5856,2.5382,1.7429,0.6613,GO_GOAL
30.62,2.5296,1.7498,0.6179,1.8734,2.5887,2.5562,1.7557,0.6588,GO_GOAL
30.64,2.5332,1.7523,0.6179,1.8765,2.5918,2.5562,1.7557,0.6562,GO_GOAL
30.66,2.5368,1.7549,0.6179,1.8796,2.5949,2.5562,1.7557,0.6537,GO_GOAL
30.68,2.5403,1.7574,0.6179,1.8828,2.598,2.5562,1.7557,0.6511,GO_GOAL
30.7,2.5439,1.76,0.6179,1.8859,2.6011,2.5741,1.7684,0.6486,GO_GOAL
30.72,2.5475,1.7625,0.6179,1.889,2.6042,2.5741,1.7684,0.646,GO_GOAL
30.74,2.5511,1.7651,0.6179,1.8922,2.6073,2.5741,1.7684,0.6435,GO_GOAL
30.76,2.5547,1.7676,0.6179,1.8953,2.6104,2.5741,1.7684,0.6409,GO_GOAL
30.78,2.5583,1.7702,0.6179,1.9016,2.6166,2.5741,1.7684,0.6384,GO_GOAL
30.8,2.5619,1.7727,0.6179,1.9047,2.6197,2.592,1.7812,0.6358,GO_GOAL
30.82,2.5655,1.7753,0.6179,1.9047,2.6197,2.592,1.7812,0.6333,GO_GOAL
30.84,2.569,1.7778,0.6179,1.911,2.6258,2.592,1.7812,0.6307,GO_GOAL
30.86,2.5726,1.7804,0.6179,1.911,2.6258,2.592,1.7812,0.6282,GO_GOAL
30.88,2.5762,1.7829,0.6179,1.9141,2.6289,2.592,1.7812,0.6256,GO_GOAL
30.9,2.5798,1.7855,0.6179,1.9172,2.632,2.592,1.7812,0.6231,GO_GOAL
30.92,2.5834,1.788,0.6179,1.9204,2.6351,2.61,1.7939,0.6205,GO_GOAL
30.94,2.587,1.7906,0.6179,1.9235,2.6382,2.61,1.7939,0.618,GO_GOAL
30.96,2.5906,1.7931,0.6179,1.9266,2.6413,2.61,1.7939,0.6154,GO_GOAL
30.98,2.5941,1.7957,0.6179,1.9297,2.6444,2.61,1.7939,0.6129,GO_GOAL
31.0,2.5977,1.7982,0.6179,1.9329,2.6475,2.61,1.7939,0.6103,GO_GOAL
31.02,2.6013,1.8008,0.6179,1.936,2.6506,2.6279,1.8067,0.6078,GO_GOAL
31.04,2.6049,1.8033,0.6179,1.9391,2.6537,2.6279,1.8067,0.6052,GO_GOAL
31.06,2.6085,1.8059,0.6179,1.9423,2.6567,2.6279,1.8067,0.6027,GO_GOAL
31.08,2.6121,1.8084,0.6179,1.9454,2.6598,2.6279,1.8067,0.6001,GO_GOAL
31.1,2.6157,1.811,0.6179,1.9485,2.6629,2.6279,1.8067,0.5976,GO_GOAL
31.12,2.6192,1.8135,0.6179,1.9548,2.6691,2.6458,1.8194,0.595,GO_GOAL
31.14,2.6228,1.8161,0.6179,1.9548,2.6691,2.6458,1.8194,0.5925,GO_GOAL
31.16,2.6264,1.8186,0.6179,1.9579,2.6722,2.6458,1.8194,0.5899,GO_GOAL
31.18,2.63,1.8212,0.6179,1.9611,2.6753,2.6458,1.8194,0.5874,GO_GOAL
31.2,2.6336,1.8237,0.6179,1.9642,2.6784,2.6458,1.8194,0.5848,GO_GOAL
31.22,2.6371,1.8262,0.6179,1.9673,2.6815,2.6638,1.8321,0.5824,GO_GOAL
31.24,2.6406,1.8287,0.6179,1.9704,2.6845,2.6638,1.8321,0.5799,GO_GOAL
31.26,2.6441,1.8311,0.6179,1.9734,2.6875,2.6638,1.8321,0.5774,GO_GOAL
31.28,2.6476,1.8336,0.6179,1.9765,2.6905,2.6638,1.8321,0.5749,GO_GOAL
31.3,2.651,1.8361,0.6179,1.9795,2.6935,2.6638,1.8321,0.5724,GO_GOAL
31.32,2.6543,1.8384,0.6179,1.9854,2.6994,2.6813,1.8446,0.5701,GO_GOAL
31.34,2.6576,1.8408,0.6179,1.9854,2.6994,2.6813,1.8446,0.5678,GO_GOAL
31.36,2.6609,1.8431,0.6179,1.9883,2.7022,2.6813,1.8446,0.5654,GO_GOAL
31.38,2.6642,1.8454,0.6179,1.994,2.7078,2.6813,1.8446,0.5631,GO_GOAL
31.4,2.6674,1.8478,0.6179,1.994,2.7078,2.6813,1.8446,0.5608,GO_GOAL
31.42,2.6705,1.85,0.6179,1.9969,2.7107,2.6979,1.8564,0.5586,GO_GOAL
31.44,2.6736,1.8521,0.6179,1.9996,2.7133,2.6979,1.8564,0.5564,GO_GOAL
31.46,2.6767,1.8543,0.6179,2.0023,2.716,2.6979,1.8564,0.5542,GO_GOAL
31.48,2.6798,1.8565,0.6179,2.0049,2.7186,2.6979,1.8564,0.552,GO_GOAL
31.5,2.6828,1.8587,0.6179,2.0076,2.7213,2.7135,1.8675,0.5498,GO_GOAL
31.52,2.6858,1.8608,0.6179,2.0129,2.7264,2.7135,1.8675,0.5478,GO_GOAL
31.54,2.6886,1.8628,0.6179,2.0154,2.7289,2.7135,1.8675,0.5457,GO_GOAL
31.56,2.6915,1.8649,0.6179,2.0154,2.7289,2.7135,1.8675,0.5437,GO_GOAL
31.58,2.6944,1.8669,0.6179,2.0179,2.7314,2.7135,1.8675,0.5416,GO_GOAL
31.6,2.6973,1.869,0.6179,2.0204,2.7339,2.7135,1.8675,0.5396,GO_GOAL
31.62,2.7,1.8709,0.6179,2.0229,2.7364,2.7282,1.8779,0.5376,GO_GOAL
31.64,2.7028,1.8729,0.6179,2.0253,2.7388,2.7282,1.8779,0.5357,GO_GOAL
31.66,2.7055,1.8748,0.6179,2.0277,2.7411,2.7282,1.8779,0.5338,GO_GOAL
31.68,2.7082,1.8767,0.6179,2.0301,2.7434,2.7282,1.8779,0.5318,GO_GOAL
31.7,2.7109,1.8786,0.6179,2.0324,2.7458,2.7282,1.8779,0.5299,GO_GOAL
31.72,2.7124,1.8797,0.6179,2.0348,2.7481,2.7282,1.8779,0.5289,GO_GOAL
31.74,2.7135,1.8804,0.6179,2.0359,2.7492,2.7282,1.8779,0.5281,GO_GOAL
31.76,2.7147,1.8812,0.6179,2.0368,2.7501,2.7419,1.8877,0.5273,REACHED
31.78,2.7158,1.882,0.6179,2.0378,2.7511,2.7419,1.8877,0.5265,REACHED
31.8,2.7168,1.8828,0.6179,2.0387,2.752,2.7419,1.8877,0.5257,REACHED
31.82,2.7171,1.8829,0.6179,2.0397,2.7529,2.7492,1.8928,0.5256,REACHED
31.84,2.7171,1.8829,0.6179,2.0398,2.753,2.7492,1.8928,0.5256,REACHED
31.86,2.7171,1.8829,0.6179,2.0398,2.753,2.7492,1.8928,0.5256,REACHED
31.88,2.7171,1.8829,0.6179,2.0398,2.753,2.7492,1.8928,0.5256,REACHED
