t,x,y,yaw,odom_x,odom_y,est_x,est_y,clearance,state
0.018,-2.9006,-2.0,-0.0,-2.9,-2.0,-2.9,-2.0,0.39,GO_GOAL
0.038,-2.9007,-2.0,-0.0,-2.8993,-2.0,-2.9,-2.0,0.39,GO_GOAL
0.058,-2.9008,-2.0,-0.0,-2.8993,-2.0,-2.9,-2.0,0.39,GO_GOAL
0.078,-2.9008,-2.0,-0.0,-2.8984,-2.0,-2.9,-2.0,0.39,GO_GOAL
0.098,-2.9009,-2.0,-0.0,-2.8974,-2.0,-2.9,-2.0,0.39,GO_GOAL
0.118,-2.901,-2.0,-0.0,-2.8964,-2.0,-2.8974,-2.0,0.39,GO_GOAL
0.138,-2.9011,-2.0,-0.0,-2.8937,-1.9999,-2.8974,-2.0,0.39,GO_GOAL
0.158,-2.9,-2.0,0.0001,-2.8937,-1.9999,-2.8974,-2.0,0.39,GO_GOAL
0.178,-2.8986,-2.0,0.0006,-2.8918,-1.9998,-2.8974,-2.0,0.39,GO_GOAL
0.198,-2.8972,-2.0,0.0015,-2.8898,-1.9997,-2.8974,-2.0,0.39,GO_GOAL
0.218,-2.8959,-2.0,0.0028,-2.8858,-1.9995,-2.8898,-2.0,0.3899,GO_GOAL
0.238,-2.8947,-2.0,0.0046,-2.8858,-1.9995,-2.8898,-2.0,0.3899,GO_GOAL
0.258,-2.8935,-2.0,0.0069,-2.8838,-1.9993,-2.8898,-2.0,0.3898,GO_GOAL
0.278,-2.8922,-2.0,0.0095,-2.8818,-1.9992,-2.8898,-2.0,0.3897,GO_GOAL
0.298,-2.891,-2.0,0.0126,-2.8778,-1.9987,-2.8898,-2.0,0.3896,GO_GOAL
0.318,-2.8898,-1.9999,0.0162,-2.8778,-1.9987,-2.8777,-1.9999,0.3895,GO_GOAL
0.338,-2.8888,-1.9999,0.0202,-2.8758,-1.9985,-2.8777,-1.9999,0.3894,GO_GOAL
0.358,-2.8877,-1.9999,0.0247,-2.8738,-1.9982,-2.8777,-1.9999,0.3893,GO_GOAL
0.378,-2.8866,-1.9999,0.0296,-2.8718,-1.9979,-2.8777,-1.9999,0.3892,GO_GOAL
0.398,-2.8855,-1.9998,0.0349,-2.8698,-1.9975,-2.8777,-1.9999,0.389,GO_GOAL
0.418,-2.8846,-1.9998,0.0407,-2.8678,-1.9971,-2.8677,-1.9997,0.3889,GO_GOAL
0.438,-2.8837,-1.9998,0.047,-2.8659,-1.9967,-2.8677,-1.9997,0.3887,GO_GOAL
0.458,-2.8828,-1.9997,0.0537,-2.8639,-1.9963,-2.8677,-1.9997,0.3886,GO_GOAL
0.478,-2.8819,-1.9997,0.0609,-2.86,-1.9953,-2.8677,-1.9997,0.3884,GO_GOAL
0.498,-2.881,-1.9996,0.0685,-2.8581,-1.9947,-2.8677,-1.9997,0.3882,GO_GOAL
0.518,-2.8799,-1.9995,0.0766,-2.856,-1.994,-2.8596,-1.9993,0.388,GO_GOAL
0.538,-2.8787,-1.9994,0.0851,-2.856,-1.994,-2.8596,-1.9993,0.3878,GO_GOAL
0.558,-2.8775,-1.9993,0.0941,-2.8539,-1.9933,-2.8596,-1.9993,0.3877,GO_GOAL
0.578,-2.8763,-1.9992,0.1035,-2.8518,-1.9925,-2.8596,-1.9993,0.3875,GO_GOAL
0.598,-2.875,-1.9991,0.1134,-2.8497,-1.9917,-2.8596,-1.9993,0.3873,GO_GOAL
0.618,-2.8737,-1.9989,0.1238,-2.8476,-1.9909,-2.8487,-1.9983,0.3871,GO_GOAL
0.638,-2.8724,-1.9987,0.1346,-2.8455,-1.99,-2.8487,-1.9983,0.387,GO_GOAL
0.658,-2.8711,-1.9985,0.1459,-2.8435,-1.989,-2.8487,-1.9983,0.3868,GO_GOAL
0.678,-2.8697,-1.9983,0.1576,-2.8395,-1.987,-2.8487,-1.9983,0.3866,GO_GOAL
0.698,-2.8683,-1.9981,0.1699,-2.8375,-1.9859,-2.8487,-1.9983,0.3865,GO_GOAL
0.718,-2.8668,-1.9977,0.1824,-2.8375,-1.9859,-2.8376,-1.9968,0.3864,GO_GOAL
0.738,-2.8653,-1.9974,0.195,-2.8354,-1.9848,-2.8376,-1.9968,0.3864,GO_GOAL
0.758,-2.8638,-1.997,0.2075,-2.8333,-1.9835,-2.8376,-1.9968,0.3864,GO_GOAL
0.778,-2.8623,-1.9966,0.2201,-2.8312,-1.9822,-2.8376,-1.9968,0.3864,GO_GOAL
0.798,-2.8608,-1.9962,0.2326,-2.8291,-1.9809,-2.8376,-1.9968,0.3864,GO_GOAL
0.818,-2.8594,-1.9959,0.2452,-2.8271,-1.9795,-2.8258,-1.9945,0.3864,GO_GOAL
0.838,-2.858,-1.9955,0.2577,-2.825,-1.9781,-2.8258,-1.9945,0.3864,GO_GOAL
0.858,-2.8565,-1.9951,0.2703,-2.8228,-1.9766,-2.8258,-1.9945,0.3863,GO_GOAL
0.878,-2.8544,-1.9945,0.2828,-2.8185,-1.9734,-2.8258,-1.9945,0.3866,GO_GOAL
0.898,-2.8518,-1.9937,0.2952,-2.8185,-1.9734,-2.8258,-1.9945,0.3869,GO_GOAL
0.918,-2.8495,-1.993,0.3077,-2.8144,-1.9701,-2.8132,-1.9912,0.3873,GO_GOAL
0.938,-2.847,-1.9922,0.3203,-2.8123,-1.9685,-2.8132,-1.9912,0.3877,GO_GOAL
0.958,-2.8446,-1.9914,0.3331,-2.8103,-1.9668,-2.8132,-1.9912,0.3881,GO_GOAL
0.978,-2.8423,-1.9906,0.3466,-2.8103,-1.9668,-2.8132,-1.9912,0.3885,GO_GOAL
0.998,-2.8399,-1.9897,0.3605,-2.8083,-1.965,-2.8132,-1.9912,0.389,GO_GOAL
1.018,-2.8374,-1.9887,0.3742,-2.8063,-1.9633,-2.8007,-1.9871,0.3896,GO_GOAL
1.038,-2.8347,-1.9876,0.3874,-2.8022,-1.9595,-2.8007,-1.9871,0.3903,GO_GOAL
1.058,-2.8321,-1.9865,0.3999,-2.8002,-1.9576,-2.8007,-1.9871,0.391,GO_GOAL
1.078,-2.8295,-1.9854,0.412,-2.7982,-1.9556,-2.8007,-1.9871,0.3918,GO_GOAL
1.098,-2.827,-1.9843,0.4234,-2.7982,-1.9556,-2.8007,-1.9871,0.3926,GO_GOAL
1.118,-2.8243,-1.9831,0.4343,-2.7962,-1.9536,-2.7879,-1.9819,0.3935,GO_GOAL
1.138,-2.8215,-1.9817,0.4446,-2.7942,-1.9516,-2.7879,-1.9819,0.3945,GO_GOAL
1.158,-2.8188,-1.9804,0.4543,-2.7901,-1.9474,-2.7879,-1.9819,0.3955,GO_GOAL
1.178,-2.8161,-1.9791,0.4634,-2.7901,-1.9474,-2.7879,-1.9819,0.3966,GO_GOAL
1.198,-2.8134,-1.9778,0.472,-2.7881,-1.9453,-2.7879,-1.9819,0.3977,GO_GOAL
1.218,-2.8109,-1.9764,0.48,-2.7842,-1.941,-2.7749,-1.9757,0.3988,GO_GOAL
1.238,-2.8083,-1.9751,0.4874,-2.7842,-1.941,-2.7749,-1.9757,0.3999,GO_GOAL
1.258,-2.8058,-1.9738,0.4944,-2.7822,-1.9389,-2.7749,-1.9757,0.4011,GO_GOAL
1.278,-2.8033,-1.9724,0.5014,-2.7803,-1.9367,-2.7749,-1.9757,0.4022,GO_GOAL
1.298,-2.8008,-1.971,0.5083,-2.7784,-1.9345,-2.7749,-1.9757,0.4034,GO_GOAL
1.318,-2.7982,-1.9695,0.515,-2.7745,-1.9301,-2.762,-1.9689,0.4047,GO_GOAL
1.338,-2.7955,-1.968,0.5211,-2.7745,-1.9301,-2.762,-1.9689,0.4061,GO_GOAL
1.358,-2.7928,-1.9664,0.5267,-2.7726,-1.9278,-2.762,-1.9689,0.4075,GO_GOAL
1.378,-2.7902,-1.9649,0.5316,-2.7707,-1.9255,-2.762,-1.9689,0.4089,GO_GOAL
1.398,-2.7877,-1.9636,0.5363,-2.7687,-1.9233,-2.762,-1.9689,0.4101,GO_GOAL
1.418,-2.7852,-1.9623,0.5411,-2.7649,-1.9187,-2.7492,-1.9615,0.4113,GO_GOAL
1.438,-2.7828,-1.9609,0.5458,-2.7649,-1.9187,-2.7492,-1.9615,0.4124,GO_GOAL
1.458,-2.7803,-1.9596,0.5505,-2.763,-1.9164,-2.7492,-1.9615,0.4136,GO_GOAL
1.478,-2.7779,-1.9583,0.5552,-2.7611,-1.9141,-2.7492,-1.9615,0.4148,GO_GOAL
1.498,-2.7755,-1.957,0.5599,-2.7593,-1.9118,-2.7492,-1.9615,0.416,GO_GOAL
1.518,-2.773,-1.9557,0.5646,-2.7574,-1.9095,-2.7365,-1.9538,0.4171,GO_GOAL
1.538,-2.7706,-1.9542,0.5693,-2.7537,-1.9048,-2.7365,-1.9538,0.4186,GO_GOAL
1.558,-2.768,-1.9526,0.5735,-2.7537,-1.9048,-2.7365,-1.9538,0.4201,GO_GOAL
1.578,-2.7655,-1.9509,0.5771,-2.7518,-1.9025,-2.7365,-1.9538,0.4216,GO_GOAL
1.598,-2.7631,-1.9493,0.5806,-2.75,-1.9001,-2.7365,-1.9538,0.4231,GO_GOAL
1.618,-2.7605,-1.9476,0.5838,-2.7463,-1.8954,-2.7239,-1.9458,0.4248,GO_GOAL
1.638,-2.7578,-1.9458,0.5864,-2.7463,-1.8954,-2.7239,-1.9458,0.4265,GO_GOAL
1.658,-2.7552,-1.9441,0.5884,-2.7445,-1.8931,-2.7239,-1.9458,0.4282,GO_GOAL
1.678,-2.7526,-1.9424,0.5898,-2.7426,-1.8907,-2.7239,-1.9458,0.4298,GO_GOAL
1.698,-2.75,-1.9407,0.5906,-2.739,-1.8859,-2.7239,-1.9458,0.4315,GO_GOAL
1.718,-2.7475,-1.939,0.5908,-2.739,-1.8859,-2.7114,-1.9375,0.4332,GO_GOAL
1.738,-2.745,-1.9373,0.5908,-2.7353,-1.8812,-2.7114,-1.9375,0.4349,GO_GOAL
1.758,-2.7426,-1.9356,0.5908,-2.7335,-1.8788,-2.7114,-1.9375,0.4365,GO_GOAL
1.778,-2.7401,-1.934,0.5908,-2.7335,-1.8788,-2.7114,-1.9375,0.4382,GO_GOAL
1.798,-2.7376,-1.9323,0.5908,-2.7316,-1.8765,-2.7114,-1.9375,0.4399,GO_GOAL
1.818,-2.7351,-1.9306,0.5908,-2.7279,-1.8717,-2.699,-1.9292,0.4416,GO_GOAL
1.838,-2.7326,-1.929,0.5908,-2.7279,-1.8717,-2.699,-1.9292,0.4432,GO_GOAL
1.858,-2.7301,-1.9273,0.5908,-2.7243,-1.867,-2.699,-1.9292,0.4449,GO_GOAL
1.878,-2.7276,-1.9256,0.5908,-2.7243,-1.867,-2.699,-1.9292,0.4466,GO_GOAL
1.898,-2.7251,-1.9239,0.5908,-2.7206,-1.8622,-2.699,-1.9292,0.4482,GO_GOAL
1.918,-2.7226,-1.9223,0.5908,-2.7206,-1.8622,-2.6865,-1.9208,0.4499,GO_GOAL
1.938,-2.7202,-1.9206,0.5908,-2.7187,-1.8599,-2.6865,-1.9208,0.4516,GO_GOAL
1.958,-2.7177,-1.9189,0.5908,-2.7169,-1.8575,-2.6865,-1.9208,0.4532,GO_GOAL
1.978,-2.7152,-1.9173,0.5908,-2.7151,-1.8551,-2.6865,-1.9208,0.4549,GO_GOAL
1.998,-2.7127,-1.9156,0.5908,-2.7114,-1.8504,-2.6865,-1.9208,0.4566,GO_GOAL
2.018,-2.7102,-1.914,0.5908,-2.7114,-1.8504,-2.6741,-1.9124,0.4582,GO_GOAL
2.038,-2.7077,-1.9124,0.5908,-2.7095,-1.848,-2.6741,-1.9124,0.4598,GO_GOAL
2.058,-2.7053,-1.9108,0.5908,-2.7077,-1.8456,-2.6741,-1.9124,0.4613,GO_GOAL
2.078,-2.7028,-1.9093,0.5908,-2.7059,-1.8433,-2.6741,-1.9124,0.4629,GO_GOAL
2.098,-2.7003,-1.9077,0.5908,-2.704,-1.8409,-2.6741,-1.9124,0.4645,GO_GOAL
2.118,-2.6979,-1.9061,0.5909,-2.7004,-1.8362,-2.6616,-1.9041,0.466,GO_GOAL
2.138,-2.6954,-1.9046,0.5909,-2.7004,-1.8362,-2.6616,-1.9041,0.4676,GO_GOAL
2.158,-2.6929,-1.9029,0.5909,-2.6967,-1.8314,-2.6616,-1.9041,0.4692,GO_GOAL
2.178,-2.6904,-1.9013,0.5909,-2.6967,-1.8314,-2.6616,-1.9041,0.4709,GO_GOAL
2.198,-2.6879,-1.8996,0.5909,-2.6948,-1.8291,-2.6616,-1.9041,0.4726,GO_GOAL
2.218,-2.6853,-1.8978,0.5906,-2.6912,-1.8243,-2.6616,-1.9041,0.4744,GO_GOAL
2.238,-2.6826,-1.896,0.5897,-2.6912,-1.8243,-2.6616,-1.9041,0.4762,GO_GOAL
2.258,-2.68,-1.8943,0.5882,-2.6875,-1.8196,-2.6491,-1.8957,0.478,AVOID
2.278,-2.6774,-1.8925,0.5861,-2.6875,-1.8196,-2.6491,-1.8957,0.4798,AVOID
2.298,-2.6748,-1.8908,0.5835,-2.6856,-1.8173,-2.6491,-1.8957,0.4815,AVOID
2.318,-2.6723,-1.8892,0.5802,-2.6838,-1.815,-2.6367,-1.8874,0.4833,AVOID
2.338,-2.6698,-1.8875,0.5767,-2.68,-1.8104,-2.6367,-1.8874,0.485,AVOID
2.358,-2.6673,-1.8859,0.5732,-2.68,-1.8104,-2.6367,-1.8874,0.4867,AVOID
2.378,-2.6647,-1.8843,0.5697,-2.6781,-1.8081,-2.6367,-1.8874,0.4885,AVOID
2.398,-2.6622,-1.8827,0.5662,-2.6763,-1.8058,-2.6367,-1.8874,0.4902,AVOID
2.418,-2.6597,-1.881,0.5627,-2.6744,-1.8035,-2.6243,-1.8793,0.4919,AVOID
2.438,-2.6571,-1.8794,0.5593,-2.6724,-1.8012,-2.6243,-1.8793,0.4936,AVOID
2.458,-2.6546,-1.8779,0.5558,-2.6705,-1.7989,-2.6243,-1.8793,0.4953,AVOID
2.478,-2.652,-1.8763,0.5523,-2.6686,-1.7966,-2.6243,-1.8793,0.4969,AVOID
2.498,-2.6494,-1.8747,0.5488,-2.6667,-1.7944,-2.6243,-1.8793,0.4986,AVOID
2.518,-2.6469,-1.8731,0.5453,-2.6628,-1.7899,-2.6116,-1.8714,0.5003,AVOID
2.538,-2.6443,-1.8716,0.5418,-2.6628,-1.7899,-2.6116,-1.8714,0.5019,AVOID
2.558,-2.6417,-1.8701,0.5383,-2.6608,-1.7876,-2.6116,-1.8714,0.5035,AVOID
2.578,-2.6392,-1.8685,0.5348,-2.6589,-1.7854,-2.6116,-1.8714,0.5052,AVOID
2.598,-2.6366,-1.867,0.5313,-2.6569,-1.7832,-2.6116,-1.8714,0.5068,AVOID
2.618,-2.634,-1.8655,0.5278,-2.6549,-1.7809,-2.5989,-1.8638,0.5084,AVOID
2.638,-2.6314,-1.864,0.5243,-2.6529,-1.7787,-2.5989,-1.8638,0.51,AVOID
2.658,-2.6289,-1.8625,0.5209,-2.6509,-1.7765,-2.5989,-1.8638,0.5115,AVOID
2.678,-2.6263,-1.8611,0.5174,-2.6489,-1.7743,-2.5989,-1.8638,0.5131,AVOID
2.698,-2.6237,-1.8596,0.5139,-2.6469,-1.7721,-2.5989,-1.8638,0.5147,AVOID
2.718,-2.6212,-1.8581,0.5104,-2.6449,-1.7699,-2.586,-1.8563,0.5163,AVOID
2.738,-2.6186,-1.8566,0.5069,-2.6429,-1.7677,-2.586,-1.8563,0.5178,AVOID
2.758,-2.616,-1.8552,0.5034,-2.6408,-1.7656,-2.586,-1.8563,0.5194,AVOID
2.778,-2.6134,-1.8537,0.4999,-2.6388,-1.7634,-2.586,-1.8563,0.5209,AVOID
2.798,-2.6107,-1.8523,0.4964,-2.6347,-1.7591,-2.586,-1.8563,0.5225,AVOID
2.818,-2.6082,-1.851,0.4932,-2.6347,-1.7591,-2.573,-1.8491,0.5239,AVOID
2.838,-2.6057,-1.8496,0.4906,-2.6326,-1.7569,-2.573,-1.8491,0.5253,AVOID
2.858,-2.6032,-1.8483,0.4886,-2.6305,-1.7547,-2.573,-1.8491,0.5267,AVOID
2.878,-2.6006,-1.8469,0.4871,-2.6285,-1.7526,-2.573,-1.8491,0.5281,AVOID
2.898,-2.598,-1.8455,0.4862,-2.6264,-1.7504,-2.573,-1.8491,0.5295,AVOID
2.918,-2.5954,-1.8441,0.4859,-2.6243,-1.7483,-2.5598,-1.842,0.5309,AVOID
2.938,-2.5927,-1.8427,0.4859,-2.6222,-1.7461,-2.5598,-1.842,0.5323,AVOID
2.958,-2.5901,-1.8413,0.4859,-2.6202,-1.7439,-2.5598,-1.842,0.5337,AVOID
2.978,-2.5874,-1.8399,0.4859,-2.6181,-1.7418,-2.5598,-1.842,0.5351,AVOID
2.998,-2.5848,-1.8385,0.4859,-2.616,-1.7396,-2.5598,-1.842,0.5365,AVOID
3.018,-2.5821,-1.8371,0.4859,-2.6118,-1.7353,-2.5465,-1.835,0.5379,AVOID
3.038,-2.5795,-1.8357,0.4859,-2.6098,-1.7331,-2.5465,-1.835,0.5393,AVOID
3.058,-2.5768,-1.8343,0.4859,-2.6098,-1.7331,-2.5465,-1.835,0.5407,AVOID
3.078,-2.5742,-1.8329,0.4859,-2.6077,-1.7309,-2.5465,-1.835,0.5421,AVOID
3.098,-2.5715,-1.8316,0.4859,-2.6056,-1.7288,-2.5465,-1.835,0.5435,AVOID
3.118,-2.5689,-1.8302,0.4859,-2.6035,-1.7266,-2.5306,-1.8266,0.5449,AVOID
3.138,-2.5662,-1.8288,0.4859,-2.6015,-1.7244,-2.5306,-1.8266,0.5463,AVOID
3.158,-2.5636,-1.8274,0.4859,-2.5994,-1.7223,-2.5306,-1.8266,0.5477,AVOID
3.178,-2.561,-1.826,0.4859,-2.5973,-1.7201,-2.5306,-1.8266,0.5491,AVOID
3.198,-2.5583,-1.8245,0.4859,-2.5952,-1.7179,-2.5306,-1.8266,0.5505,AVOID
3.218,-2.5557,-1.8231,0.4859,-2.5932,-1.7158,-2.52,-1.821,0.5519,AVOID
3.238,-2.5532,-1.8217,0.4859,-2.5911,-1.7136,-2.52,-1.821,0.5534,AVOID
3.258,-2.5506,-1.8203,0.4859,-2.589,-1.7114,-2.52,-1.821,0.5548,AVOID
3.278,-2.548,-1.8189,0.4859,-2.5869,-1.7093,-2.52,-1.821,0.5562,AVOID
3.298,-2.5454,-1.8175,0.4859,-2.5849,-1.7071,-2.52,-1.821,0.5576,AVOID
3.318,-2.5428,-1.816,0.4859,-2.5828,-1.7049,-2.5067,-1.814,0.559,AVOID
3.338,-2.5401,-1.8146,0.4859,-2.5786,-1.7006,-2.5067,-1.814,0.5604,AVOID
3.358,-2.5374,-1.8132,0.4859,-2.5786,-1.7006,-2.5067,-1.814,0.5618,AVOID
3.378,-2.5348,-1.8118,0.4859,-2.5766,-1.6985,-2.5067,-1.814,0.5632,AVOID
3.398,-2.5321,-1.8104,0.4859,-2.5745,-1.6963,-2.5067,-1.814,0.5646,AVOID
3.418,-2.5295,-1.809,0.4859,-2.5724,-1.6941,-2.4934,-1.807,0.566,AVOID
3.438,-2.5268,-1.8076,0.4859,-2.5703,-1.692,-2.4934,-1.807,0.5674,AVOID
3.458,-2.5241,-1.8062,0.4859,-2.5682,-1.6898,-2.4934,-1.807,0.5688,AVOID
3.478,-2.5215,-1.8048,0.4859,-2.5662,-1.6876,-2.4934,-1.807,0.5702,AVOID
3.498,-2.5188,-1.8034,0.4859,-2.5641,-1.6855,-2.4934,-1.807,0.5716,AVOID
3.518,-2.5162,-1.802,0.4859,-2.562,-1.6833,-2.4802,-1.8,0.573,AVOID
3.538,-2.5135,-1.8006,0.4859,-2.5599,-1.6811,-2.4802,-1.8,0.5744,AVOID
3.558,-2.5109,-1.7992,0.4859,-2.5579,-1.679,-2.4802,-1.8,0.5758,AVOID
3.578,-2.5082,-1.7978,0.4859,-2.5558,-1.6768,-2.4802,-1.8,0.5772,AVOID
3.598,-2.5056,-1.7964,0.4859,-2.5537,-1.6746,-2.4802,-1.8,0.5786,AVOID
3.618,-2.5029,-1.795,0.4859,-2.5516,-1.6725,-2.4669,-1.793,0.58,AVOID
3.638,-2.5003,-1.7936,0.4859,-2.5496,-1.6703,-2.4669,-1.793,0.5814,AVOID
3.658,-2.4976,-1.7922,0.4859,-2.5475,-1.6681,-2.4669,-1.793,0.5828,AVOID
3.678,-2.495,-1.7908,0.4859,-2.5454,-1.666,-2.4669,-1.793,0.5842,AVOID
3.698,-2.4924,-1.7894,0.4859,-2.5433,-1.6638,-2.4669,-1.793,0.5856,AVOID
3.718,-2.4897,-1.788,0.4859,-2.5413,-1.6616,-2.4536,-1.786,0.587,AVOID
3.738,-2.4871,-1.7866,0.4859,-2.5392,-1.6595,-2.4536,-1.786,0.5884,AVOID
3.758,-2.4845,-1.7852,0.4859,-2.5371,-1.6573,-2.4536,-1.786,0.5898,AVOID
3.778,-2.4818,-1.7839,0.4859,-2.535,-1.6551,-2.4536,-1.786,0.5912,AVOID
3.798,-2.4792,-1.7825,0.4859,-2.5309,-1.6508,-2.4536,-1.786,0.5926,AVOID
3.818,-2.4766,-1.7811,0.4859,-2.5309,-1.6508,-2.4404,-1.779,0.594,AVOID
3.838,-2.474,-1.7797,0.4859,-2.5288,-1.6487,-2.4404,-1.779,0.5953,AVOID
3.858,-2.4714,-1.7783,0.4859,-2.5267,-1.6465,-2.4404,-1.779,0.5967,AVOID
3.878,-2.4687,-1.7769,0.4859,-2.5246,-1.6443,-2.4404,-1.779,0.5981,AVOID
3.898,-2.4661,-1.7755,0.4859,-2.5226,-1.6422,-2.4404,-1.779,0.5995,AVOID
3.918,-2.4634,-1.7741,0.4859,-2.5205,-1.64,-2.4271,-1.772,0.601,AVOID
3.938,-2.4607,-1.7727,0.4859,-2.5184,-1.6378,-2.4271,-1.772,0.6024,AVOID
3.958,-2.4581,-1.7713,0.4859,-2.5163,-1.6357,-2.4271,-1.772,0.6038,AVOID
3.978,-2.4554,-1.7699,0.4859,-2.5143,-1.6335,-2.4271,-1.772,0.6052,AVOID
3.998,-2.4528,-1.7685,0.4859,-2.5122,-1.6313,-2.4271,-1.772,0.6066,AVOID
4.018,-2.4501,-1.7671,0.4859,-2.5101,-1.6292,-2.4138,-1.765,0.6068,AVOID
4.038,-2.4475,-1.7657,0.4859,-2.506,-1.6248,-2.4138,-1.765,0.6042,AVOID
4.058,-2.4448,-1.7643,0.4859,-2.506,-1.6248,-2.4138,-1.765,0.6016,AVOID
4.078,-2.4422,-1.7629,0.4859,-2.5039,-1.6227,-2.4138,-1.765,0.599,AVOID
4.098,-2.4395,-1.7615,0.4859,-2.4997,-1.6183,-2.4138,-1.765,0.5965,AVOID
4.118,-2.4369,-1.7601,0.4859,-2.4976,-1.6162,-2.4006,-1.758,0.5939,AVOID
4.138,-2.4342,-1.7587,0.4859,-2.4976,-1.6162,-2.4006,-1.758,0.5913,AVOID
4.158,-2.4316,-1.7573,0.4859,-2.4956,-1.614,-2.4006,-1.758,0.5888,AVOID
4.178,-2.4289,-1.7559,0.4859,-2.4935,-1.6118,-2.4006,-1.758,0.5862,AVOID
4.198,-2.4263,-1.7545,0.4859,-2.4914,-1.6097,-2.4006,-1.758,0.5837,AVOID
4.218,-2.4236,-1.7531,0.4859,-2.4893,-1.6075,-2.3873,-1.751,0.5811,AVOID
4.238,-2.421,-1.7517,0.4859,-2.4873,-1.6053,-2.3873,-1.751,0.5786,AVOID
4.258,-2.4183,-1.7503,0.4859,-2.4852,-1.6032,-2.3873,-1.751,0.5761,AVOID
4.278,-2.4157,-1.7489,0.4859,-2.481,-1.5988,-2.3873,-1.751,0.5735,AVOID
4.298,-2.4131,-1.7475,0.4859,-2.479,-1.5967,-2.3873,-1.751,0.571,AVOID
4.318,-2.4105,-1.7462,0.4859,-2.479,-1.5967,-2.374,-1.744,0.5685,AVOID
4.338,-2.4079,-1.7448,0.4859,-2.4748,-1.5924,-2.374,-1.744,0.566,AVOID
4.358,-2.4053,-1.7434,0.4859,-2.4727,-1.5902,-2.374,-1.744,0.5635,AVOID
4.378,-2.4026,-1.742,0.4859,-2.4727,-1.5902,-2.374,-1.744,0.561,AVOID
4.398,-2.3999,-1.7406,0.4859,-2.4707,-1.588,-2.374,-1.744,0.5585,AVOID
4.418,-2.3973,-1.7392,0.4859,-2.4686,-1.5859,-2.3608,-1.737,0.5559,AVOID
4.438,-2.3946,-1.7378,0.4859,-2.4665,-1.5837,-2.3608,-1.737,0.5534,AVOID
4.458,-2.392,-1.7364,0.4859,-2.4644,-1.5815,-2.3608,-1.737,0.5509,AVOID
4.478,-2.3893,-1.735,0.4859,-2.4603,-1.5772,-2.3608,-1.737,0.5484,AVOID
4.498,-2.3867,-1.7336,0.4859,-2.4603,-1.5772,-2.3608,-1.737,0.5458,AVOID
4.518,-2.384,-1.7322,0.4859,-2.4582,-1.575,-2.3475,-1.73,0.5433,AVOID
4.538,-2.3814,-1.7308,0.4859,-2.4561,-1.5729,-2.3475,-1.73,0.5408,AVOID
4.558,-2.3787,-1.7294,0.4859,-2.454,-1.5707,-2.3475,-1.73,0.5383,AVOID
4.578,-2.376,-1.728,0.4859,-2.452,-1.5685,-2.3475,-1.73,0.5358,AVOID
4.598,-2.3734,-1.7266,0.4859,-2.4499,-1.5664,-2.3475,-1.73,0.5333,AVOID
4.618,-2.3707,-1.7252,0.4859,-2.4478,-1.5642,-2.3342,-1.723,0.5308,AVOID
4.638,-2.3681,-1.7238,0.4859,-2.4457,-1.562,-2.3342,-1.723,0.5284,AVOID
4.658,-2.3655,-1.7224,0.4859,-2.4437,-1.5599,-2.3342,-1.723,0.5259,AVOID
4.678,-2.3628,-1.721,0.4859,-2.4416,-1.5577,-2.3342,-1.723,0.5234,AVOID
4.698,-2.3602,-1.7196,0.4859,-2.4395,-1.5555,-2.3342,-1.723,0.5209,AVOID
4.718,-2.3575,-1.7182,0.4859,-2.4374,-1.5534,-2.321,-1.716,0.5184,AVOID
4.738,-2.3549,-1.7168,0.4859,-2.4354,-1.5512,-2.321,-1.716,0.516,AVOID
4.758,-2.3522,-1.7154,0.4859,-2.4312,-1.5469,-2.321,-1.716,0.5135,AVOID
4.778,-2.3496,-1.714,0.4859,-2.4312,-1.5469,-2.321,-1.716,0.5111,AVOID
4.798,-2.347,-1.7126,0.4859,-2.4291,-1.5447,-2.321,-1.716,0.5086,AVOID
4.818,-2.3444,-1.7112,0.4859,-2.427,-1.5426,-2.3077,-1.709,0.5062,AVOID
4.838,-2.3418,-1.7099,0.4859,-2.425,-1.5404,-2.3077,-1.709,0.5038,AVOID
4.858,-2.3392,-1.7085,0.4859,-2.4229,-1.5382,-2.3077,-1.709,0.5014,AVOID
4.878,-2.3365,-1.7071,0.4859,-2.4208,-1.5361,-2.3077,-1.709,0.4989,AVOID
4.898,-2.3338,-1.7057,0.4859,-2.4187,-1.5339,-2.3077,-1.709,0.4965,AVOID
4.918,-2.3312,-1.7043,0.4859,-2.4167,-1.5317,-2.2944,-1.702,0.494,AVOID
4.938,-2.3285,-1.7029,0.4859,-2.4146,-1.5296,-2.2944,-1.702,0.4916,AVOID
4.958,-2.3259,-1.7015,0.4859,-2.4104,-1.5252,-2.2944,-1.702,0.4892,AVOID
4.978,-2.3232,-1.7001,0.4859,-2.4104,-1.5252,-2.2944,-1.702,0.4867,AVOID
4.998,-2.3205,-1.6987,0.4859,-2.4063,-1.5209,-2.2944,-1.702,0.4843,AVOID
5.018,-2.3179,-1.6973,0.4859,-2.4063,-1.5209,-2.2812,-1.695,0.4819,AVOID
5.038,-2.3152,-1.6959,0.4859,-2.4042,-1.5187,-2.2812,-1.695,0.4795,AVOID
5.058,-2.3126,-1.6945,0.4859,-2.4021,-1.5166,-2.2812,-1.695,0.477,AVOID
5.078,-2.3099,-1.6931,0.4859,-2.4001,-1.5144,-2.2812,-1.695,0.4746,AVOID
5.098,-2.3073,-1.6917,0.4859,-2.398,-1.5122,-2.2812,-1.695,0.4722,AVOID
5.118,-2.3046,-1.6903,0.4859,-2.3959,-1.5101,-2.2679,-1.688,0.4698,AVOID
5.138,-2.302,-1.6889,0.4859,-2.3938,-1.5079,-2.2679,-1.688,0.4674,AVOID
5.158,-2.2993,-1.6875,0.4859,-2.3917,-1.5057,-2.2679,-1.688,0.4651,AVOID
5.178,-2.2967,-1.6861,0.4859,-2.3897,-1.5036,-2.2679,-1.688,0.4627,AVOID
5.198,-2.294,-1.6847,0.4859,-2.3876,-1.5014,-2.2679,-1.688,0.4603,AVOID
5.218,-2.2914,-1.6833,0.4859,-2.3855,-1.4992,-2.2546,-1.681,0.4579,AVOID
5.238,-2.2888,-1.6819,0.4859,-2.3814,-1.4949,-2.2546,-1.681,0.4556,AVOID
5.258,-2.2861,-1.6805,0.4859,-2.3814,-1.4949,-2.2546,-1.681,0.4532,AVOID
5.278,-2.2835,-1.6791,0.4859,-2.3772,-1.4906,-2.2546,-1.681,0.4509,AVOID
5.298,-2.2809,-1.6777,0.4859,-2.3772,-1.4906,-2.2546,-1.681,0.4485,AVOID
5.318,-2.2783,-1.6763,0.4859,-2.3751,-1.4884,-2.2414,-1.674,0.4462,AVOID
5.338,-2.2757,-1.675,0.4859,-2.371,-1.4841,-2.2414,-1.674,0.4439,AVOID
5.358,-2.273,-1.6736,0.4859,-2.371,-1.4841,-2.2414,-1.674,0.4415,AVOID
5.378,-2.2703,-1.6721,0.4859,-2.3689,-1.4819,-2.2414,-1.674,0.4392,AVOID
5.398,-2.2677,-1.6707,0.4859,-2.3668,-1.4798,-2.2414,-1.674,0.4368,AVOID
5.418,-2.265,-1.6693,0.4859,-2.3648,-1.4776,-2.2281,-1.667,0.4345,AVOID
5.438,-2.2624,-1.6679,0.4859,-2.3627,-1.4754,-2.2281,-1.667,0.4322,AVOID
5.458,-2.2597,-1.6665,0.4859,-2.3606,-1.4733,-2.2281,-1.667,0.4298,AVOID
5.478,-2.2571,-1.6651,0.4859,-2.3585,-1.4711,-2.2281,-1.667,0.4275,AVOID
5.498,-2.2544,-1.6637,0.4859,-2.3564,-1.4689,-2.2281,-1.667,0.4252,AVOID
5.518,-2.2518,-1.6623,0.4859,-2.3544,-1.4668,-2.2148,-1.66,0.4229,AVOID
5.538,-2.2491,-1.6609,0.4859,-2.3523,-1.4646,-2.2148,-1.66,0.4206,AVOID
5.558,-2.2464,-1.6595,0.4859,-2.3502,-1.4624,-2.2148,-1.66,0.4183,AVOID
5.578,-2.2438,-1.6581,0.4859,-2.3481,-1.4603,-2.2148,-1.66,0.416,AVOID
5.598,-2.2411,-1.6567,0.4859,-2.344,-1.4559,-2.2148,-1.66,0.4137,AVOID
5.618,-2.2385,-1.6553,0.4859,-2.344,-1.4559,-2.2016,-1.653,0.4114,AVOID
5.638,-2.2359,-1.6539,0.4859,-2.3419,-1.4538,-2.2016,-1.653,0.4091,AVOID
5.658,-2.2332,-1.6525,0.4859,-2.3378,-1.4494,-2.2016,-1.653,0.4069,AVOID
5.678,-2.2306,-1.6511,0.4859,-2.3378,-1.4494,-2.2016,-1.653,0.4046,AVOID
5.698,-2.2279,-1.6497,0.4859,-2.3357,-1.4473,-2.2016,-1.653,0.4024,AVOID
5.718,-2.2253,-1.6484,0.4859,-2.3336,-1.4451,-2.1883,-1.646,0.4001,AVOID
5.738,-2.2227,-1.647,0.4859,-2.3315,-1.4429,-2.1883,-1.646,0.3979,AVOID
5.758,-2.22,-1.6456,0.4859,-2.3274,-1.4386,-2.1883,-1.646,0.3957,AVOID
5.778,-2.2174,-1.6442,0.4859,-2.3274,-1.4386,-2.1883,-1.646,0.3935,AVOID
5.798,-2.2148,-1.6428,0.4859,-2.3232,-1.4343,-2.1883,-1.646,0.3913,AVOID
5.818,-2.2122,-1.6414,0.4859,-2.3232,-1.4343,-2.175,-1.639,0.389,AVOID
5.838,-2.2095,-1.64,0.4859,-2.3191,-1.43,-2.175,-1.639,0.3868,AVOID
5.858,-2.2069,-1.6386,0.4859,-2.317,-1.4278,-2.175,-1.639,0.3846,AVOID
5.878,-2.2042,-1.6372,0.4859,-2.317,-1.4278,-2.175,-1.639,0.3824,AVOID
5.898,-2.2015,-1.6358,0.4859,-2.3149,-1.4256,-2.175,-1.639,0.3801,AVOID
5.918,-2.1989,-1.6344,0.4859,-2.3128,-1.4235,-2.1618,-1.632,0.3779,AVOID
5.938,-2.1962,-1.633,0.4859,-2.3108,-1.4213,-2.1618,-1.632,0.3757,AVOID
5.958,-2.1936,-1.6316,0.4859,-2.3087,-1.4191,-2.1618,-1.632,0.3736,AVOID
5.978,-2.1909,-1.6302,0.4859,-2.3066,-1.417,-2.1618,-1.632,0.3714,AVOID
5.998,-2.1883,-1.6288,0.4859,-2.3045,-1.4148,-2.1618,-1.632,0.3692,AVOID
6.018,-2.1856,-1.6274,0.4859,-2.3025,-1.4126,-2.1485,-1.625,0.367,AVOID
6.038,-2.183,-1.626,0.4859,-2.2983,-1.4083,-2.1485,-1.625,0.3649,AVOID
6.058,-2.1803,-1.6246,0.4859,-2.2983,-1.4083,-2.1485,-1.625,0.3627,AVOID
6.078,-2.1777,-1.6232,0.4859,-2.2962,-1.4061,-2.1485,-1.625,0.3606,AVOID
6.098,-2.175,-1.6218,0.4859,-2.2942,-1.404,-2.1485,-1.625,0.3584,AVOID
6.118,-2.1724,-1.6204,0.4859,-2.2921,-1.4018,-2.1352,-1.618,0.3563,AVOID
6.138,-2.1697,-1.619,0.4859,-2.29,-1.3996,-2.1352,-1.618,0.3542,AVOID
6.158,-2.1671,-1.6176,0.4859,-2.2879,-1.3975,-2.1352,-1.618,0.352,AVOID
6.178,-2.1644,-1.6162,0.4859,-2.2858,-1.3953,-2.1352,-1.618,0.3499,AVOID
6.198,-2.1618,-1.6148,0.4859,-2.2838,-1.3931,-2.1352,-1.618,0.3479,AVOID
6.218,-2.1592,-1.6135,0.4859,-2.2817,-1.391,-2.1193,-1.6096,0.3458,AVOID
6.238,-2.1566,-1.6121,0.4859,-2.2796,-1.3888,-2.1193,-1.6096,0.3437,AVOID
6.258,-2.154,-1.6107,0.4859,-2.2775,-1.3867,-2.1193,-1.6096,0.3416,AVOID
6.278,-2.1513,-1.6093,0.4859,-2.2755,-1.3845,-2.1193,-1.6096,0.3396,AVOID
6.298,-2.1487,-1.6079,0.4859,-2.2734,-1.3823,-2.1193,-1.6096,0.3375,AVOID
6.318,-2.146,-1.6065,0.4859,-2.2713,-1.3802,-2.1087,-1.604,0.3354,AVOID
6.338,-2.1433,-1.6051,0.4859,-2.2692,-1.378,-2.1087,-1.604,0.3333,AVOID
6.358,-2.1407,-1.6037,0.4859,-2.2672,-1.3758,-2.1087,-1.604,0.3313,AVOID
6.378,-2.138,-1.6023,0.4859,-2.2651,-1.3737,-2.1087,-1.604,0.3292,AVOID
6.398,-2.1354,-1.6009,0.4859,-2.2609,-1.3693,-2.1087,-1.604,0.3272,AVOID
6.418,-2.1329,-1.5996,0.4862,-2.2609,-1.3693,-2.1087,-1.604,0.3253,AVOID
6.438,-2.1304,-1.5983,0.487,-2.2568,-1.365,-2.1087,-1.604,0.3235,AVOID
6.458,-2.128,-1.597,0.4885,-2.2568,-1.365,-2.0954,-1.597,0.3216,GO_GOAL
6.478,-2.1255,-1.5956,0.4905,-2.2548,-1.3629,-2.0954,-1.597,0.3198,GO_GOAL
6.498,-2.1229,-1.5943,0.4931,-2.2527,-1.3607,-2.0954,-1.597,0.3179,GO_GOAL
6.518,-2.1204,-1.5929,0.4963,-2.2507,-1.3585,-2.0823,-1.59,0.316,GO_GOAL
6.538,-2.1178,-1.5915,0.4998,-2.2487,-1.3563,-2.0823,-1.59,0.3141,GO_GOAL
6.558,-2.1152,-1.5901,0.5033,-2.2467,-1.3541,-2.0823,-1.59,0.3122,GO_GOAL
6.578,-2.1126,-1.5886,0.5068,-2.2447,-1.3519,-2.0823,-1.59,0.3103,GO_GOAL
6.598,-2.1101,-1.5872,0.5103,-2.2427,-1.3497,-2.0823,-1.59,0.3084,GO_GOAL
6.618,-2.1075,-1.5858,0.5138,-2.2387,-1.3453,-2.0692,-1.5829,0.3065,AVOID
6.638,-2.105,-1.5843,0.5173,-2.2387,-1.3453,-2.0692,-1.5829,0.3047,AVOID
6.658,-2.1024,-1.5829,0.5208,-2.2367,-1.343,-2.0692,-1.5829,0.3028,AVOID
6.678,-2.0999,-1.5814,0.5242,-2.2347,-1.3408,-2.0692,-1.5829,0.3009,AVOID
6.698,-2.0974,-1.58,0.5277,-2.2327,-1.3385,-2.0692,-1.5829,0.2991,AVOID
6.718,-2.0946,-1.5784,0.5306,-2.2287,-1.3341,-2.0562,-1.5755,0.297,AVOID
6.738,-2.0919,-1.5767,0.533,-2.2287,-1.3341,-2.0562,-1.5755,0.2949,AVOID
6.758,-2.0892,-1.5752,0.5347,-2.2267,-1.3318,-2.0562,-1.5755,0.2929,AVOID
6.778,-2.0865,-1.5736,0.5359,-2.2247,-1.3296,-2.0562,-1.5755,0.2908,AVOID
6.798,-2.0839,-1.572,0.5365,-2.2227,-1.3274,-2.0562,-1.5755,0.2888,AVOID
6.818,-2.0813,-1.5705,0.5366,-2.2187,-1.3229,-2.0433,-1.5679,0.2868,AVOID
6.838,-2.0787,-1.5689,0.5366,-2.2187,-1.3229,-2.0433,-1.5679,0.2849,AVOID
6.858,-2.0762,-1.5674,0.5366,-2.2167,-1.3207,-2.0433,-1.5679,0.2829,AVOID
6.878,-2.0736,-1.5659,0.5366,-2.2147,-1.3184,-2.0433,-1.5679,0.2809,AVOID
6.898,-2.071,-1.5643,0.5366,-2.2127,-1.3162,-2.0433,-1.5679,0.279,AVOID
6.918,-2.0684,-1.5628,0.5366,-2.2107,-1.3139,-2.0304,-1.5602,0.2771,AVOID
6.938,-2.0659,-1.5613,0.5366,-2.2067,-1.3095,-2.0304,-1.5602,0.2751,AVOID
6.958,-2.0633,-1.5598,0.5366,-2.2067,-1.3095,-2.0304,-1.5602,0.2732,AVOID
6.978,-2.0607,-1.5582,0.5366,-2.2047,-1.3072,-2.0304,-1.5602,0.2713,AVOID
6.998,-2.0581,-1.5567,0.5366,-2.2027,-1.305,-2.0304,-1.5602,0.2694,AVOID
7.018,-2.0556,-1.5552,0.5366,-2.2007,-1.3028,-2.0175,-1.5526,0.2675,AVOID
7.038,-2.053,-1.5537,0.5366,-2.1987,-1.3005,-2.0175,-1.5526,0.2657,AVOID
7.058,-2.0504,-1.5522,0.5366,-2.1967,-1.2983,-2.0175,-1.5526,0.2638,AVOID
7.078,-2.0479,-1.5507,0.5366,-2.1947,-1.2961,-2.0175,-1.5526,0.262,AVOID
7.098,-2.0453,-1.5492,0.5366,-2.1927,-1.2938,-2.0175,-1.5526,0.2602,AVOID
7.118,-2.0428,-1.5477,0.5366,-2.1907,-1.2916,-2.0046,-1.5449,0.2585,AVOID
7.138,-2.0402,-1.5462,0.5366,-2.1887,-1.2893,-2.0046,-1.5449,0.2566,AVOID
7.158,-2.0376,-1.5447,0.5366,-2.1867,-1.2871,-2.0046,-1.5449,0.2548,AVOID
7.178,-2.035,-1.5431,0.5366,-2.1847,-1.2849,-2.0046,-1.5449,0.253,AVOID
7.198,-2.0324,-1.5416,0.5366,-2.1827,-1.2826,-2.0046,-1.5449,0.2512,AVOID
7.218,-2.0298,-1.5401,0.5366,-2.1807,-1.2804,-1.9917,-1.5372,0.2494,AVOID
7.238,-2.0273,-1.5385,0.5366,-2.1787,-1.2782,-1.9917,-1.5372,0.2476,AVOID
7.258,-2.0247,-1.537,0.5366,-2.1767,-1.2759,-1.9917,-1.5372,0.2458,AVOID
7.278,-2.0221,-1.5355,0.5366,-2.1747,-1.2737,-1.9917,-1.5372,0.244,AVOID
7.298,-2.0195,-1.5339,0.5366,-2.1727,-1.2715,-1.9917,-1.5372,0.2423,AVOID
7.318,-2.0169,-1.5324,0.5366,-2.1687,-1.267,-1.9788,-1.5296,0.2405,AVOID
7.338,-2.0144,-1.5309,0.5366,-2.1687,-1.267,-1.9788,-1.5296,0.2388,AVOID
7.358,-2.0118,-1.5293,0.5366,-2.1667,-1.2647,-1.9788,-1.5296,0.2371,AVOID
7.378,-2.0092,-1.5278,0.5366,-2.1627,-1.2603,-1.9788,-1.5296,0.2354,AVOID
7.398,-2.0066,-1.5263,0.5366,-2.1627,-1.2603,-1.9788,-1.5296,0.2337,AVOID
7.418,-2.0041,-1.5247,0.5366,-2.1607,-1.258,-1.9659,-1.5219,0.232,AVOID
7.438,-2.0015,-1.5232,0.5366,-2.1587,-1.2558,-1.9659,-1.5219,0.2303,AVOID
7.458,-1.9989,-1.5217,0.5366,-2.1547,-1.2513,-1.9659,-1.5219,0.2287,AVOID
7.478,-1.9964,-1.5202,0.5366,-2.1547,-1.2513,-1.9659,-1.5219,0.2271,AVOID
7.498,-1.9938,-1.5187,0.5366,-2.1527,-1.2491,-1.9659,-1.5219,0.2254,AVOID
7.518,-1.9913,-1.5172,0.5366,-2.1507,-1.2469,-1.953,-1.5142,0.2238,AVOID
7.538,-1.9887,-1.5156,0.5366,-2.1487,-1.2446,-1.953,-1.5142,0.2222,AVOID
7.558,-1.9861,-1.5141,0.5366,-2.1447,-1.2401,-1.953,-1.5142,0.2206,AVOID
7.578,-1.9836,-1.5126,0.5366,-2.1447,-1.2401,-1.953,-1.5142,0.219,AVOID
7.598,-1.981,-1.511,0.5366,-2.1427,-1.2379,-1.953,-1.5142,0.2174,AVOID
7.618,-1.9784,-1.5095,0.5366,-2.1407,-1.2357,-1.9401,-1.5066,0.2159,AVOID
7.638,-1.9758,-1.5079,0.5366,-2.1387,-1.2334,-1.9401,-1.5066,0.2143,AVOID
7.658,-1.9732,-1.5064,0.5366,-2.1367,-1.2312,-1.9401,-1.5066,0.2128,AVOID
7.678,-1.9707,-1.5049,0.5366,-2.1347,-1.229,-1.9401,-1.5066,0.2112,AVOID
7.698,-1.9681,-1.5033,0.5366,-2.1327,-1.2267,-1.9401,-1.5066,0.2097,AVOID
7.718,-1.9655,-1.5018,0.5366,-2.1307,-1.2245,-1.9272,-1.4989,0.2082,AVOID
7.738,-1.9629,-1.5003,0.5366,-2.1267,-1.22,-1.9272,-1.4989,0.2067,AVOID
7.758,-1.9603,-1.4987,0.5366,-2.1267,-1.22,-1.9272,-1.4989,0.2053,AVOID
7.778,-1.9578,-1.4972,0.5366,-2.1247,-1.2178,-1.9272,-1.4989,0.2038,AVOID
7.798,-1.9552,-1.4957,0.5366,-2.1227,-1.2155,-1.9272,-1.4989,0.2023,AVOID
7.818,-1.9526,-1.4942,0.5366,-2.1207,-1.2133,-1.9143,-1.4912,0.2009,AVOID
7.838,-1.9501,-1.4926,0.5366,-2.1167,-1.2088,-1.9143,-1.4912,0.1995,AVOID
7.858,-1.9475,-1.4911,0.5366,-2.1167,-1.2088,-1.9143,-1.4912,0.1981,AVOID
7.878,-1.9449,-1.4896,0.5366,-2.1147,-1.2066,-1.9143,-1.4912,0.1967,AVOID
7.898,-1.9424,-1.4881,0.5366,-2.1127,-1.2044,-1.9143,-1.4912,0.1953,AVOID
7.918,-1.9399,-1.4866,0.5366,-2.1107,-1.2021,-1.9014,-1.4836,0.194,AVOID
7.938,-1.9373,-1.485,0.5366,-2.1087,-1.1999,-1.9014,-1.4836,0.1926,AVOID
7.958,-1.9347,-1.4835,0.5366,-2.1067,-1.1977,-1.9014,-1.4836,0.1913,AVOID
7.978,-1.9321,-1.482,0.5366,-2.1047,-1.1954,-1.9014,-1.4836,0.1899,AVOID
7.998,-1.9295,-1.4804,0.5366,-2.1027,-1.1932,-1.9014,-1.4836,0.1886,AVOID
8.018,-1.9269,-1.4789,0.5366,-2.1007,-1.1909,-1.8886,-1.4759,0.1873,AVOID
8.038,-1.9244,-1.4774,0.5366,-2.0967,-1.1865,-1.8886,-1.4759,0.186,AVOID
8.058,-1.9218,-1.4758,0.5366,-2.0967,-1.1865,-1.8886,-1.4759,0.1848,AVOID
8.078,-1.9192,-1.4743,0.5366,-2.0947,-1.1842,-1.8886,-1.4759,0.1835,AVOID
8.098,-1.9166,-1.4728,0.5366,-2.0907,-1.1798,-1.8886,-1.4759,0.1823,AVOID
8.118,-1.9141,-1.4712,0.5366,-2.0887,-1.1775,-1.8757,-1.4682,0.1811,AVOID
8.138,-1.9115,-1.4697,0.5366,-2.0887,-1.1775,-1.8757,-1.4682,0.1799,AVOID
8.158,-1.9089,-1.4682,0.5366,-2.0867,-1.1753,-1.8757,-1.4682,0.1787,AVOID
8.178,-1.9063,-1.4666,0.5366,-2.0847,-1.1731,-1.8757,-1.4682,0.1775,AVOID
8.198,-1.9038,-1.4651,0.5366,-2.0827,-1.1708,-1.8757,-1.4682,0.1763,AVOID
8.218,-1.9012,-1.4636,0.5366,-2.0787,-1.1663,-1.8628,-1.4606,0.1752,AVOID
8.238,-1.8986,-1.462,0.5366,-2.0787,-1.1663,-1.8628,-1.4606,0.1741,AVOID
8.258,-1.8961,-1.4605,0.5366,-2.0767,-1.1641,-1.8628,-1.4606,0.173,AVOID
8.278,-1.8935,-1.459,0.5366,-2.0747,-1.1619,-1.8628,-1.4606,0.1719,AVOID
8.298,-1.891,-1.4575,0.5366,-2.0727,-1.1596,-1.8628,-1.4606,0.1708,AVOID
8.318,-1.8884,-1.456,0.5366,-2.0707,-1.1574,-1.8499,-1.4529,0.1697,AVOID
8.338,-1.8858,-1.4544,0.5366,-2.0687,-1.1552,-1.8499,-1.4529,0.1687,AVOID
8.358,-1.8832,-1.4529,0.5366,-2.0667,-1.1529,-1.8499,-1.4529,0.1677,AVOID
8.378,-1.8807,-1.4513,0.5366,-2.0647,-1.1507,-1.8499,-1.4529,0.1666,AVOID
8.398,-1.8781,-1.4498,0.5366,-2.0627,-1.1485,-1.8499,-1.4529,0.1656,AVOID
8.418,-1.8753,-1.4482,0.5363,-2.0607,-1.1462,-1.837,-1.4452,0.1646,AVOID
8.438,-1.8726,-1.4466,0.5354,-2.0587,-1.144,-1.837,-1.4452,0.1635,AVOID
8.458,-1.8699,-1.4449,0.5339,-2.0567,-1.1418,-1.837,-1.4452,0.1625,AVOID
8.478,-1.8672,-1.4434,0.5319,-2.0547,-1.1396,-1.837,-1.4452,0.1615,AVOID
8.498,-1.8646,-1.4418,0.5292,-2.0527,-1.1374,-1.837,-1.4452,0.1605,AVOID
8.518,-1.862,-1.4403,0.526,-2.0487,-1.133,-1.8242,-1.4376,0.1595,AVOID
8.538,-1.8594,-1.4388,0.5225,-2.0487,-1.133,-1.8242,-1.4376,0.1586,AVOID
8.558,-1.8567,-1.4373,0.519,-2.0446,-1.1287,-1.8242,-1.4376,0.1576,AVOID
8.578,-1.8541,-1.4358,0.5155,-2.0446,-1.1287,-1.8242,-1.4376,0.1568,AVOID
8.598,-1.8515,-1.4344,0.5121,-2.0426,-1.1265,-1.8242,-1.4376,0.1559,AVOID
8.618,-1.8489,-1.4329,0.5086,-2.0384,-1.1222,-1.8087,-1.4287,0.1551,AVOID
8.638,-1.8463,-1.4315,0.5051,-2.0384,-1.1222,-1.8087,-1.4287,0.1543,AVOID
8.658,-1.8437,-1.43,0.5016,-2.0364,-1.12,-1.8087,-1.4287,0.1535,AVOID
8.678,-1.8413,-1.4287,0.4984,-2.0343,-1.1179,-1.8087,-1.4287,0.1528,AVOID
8.698,-1.8388,-1.4273,0.4959,-2.0322,-1.1157,-1.8087,-1.4287,0.1521,AVOID
8.718,-1.8363,-1.426,0.4939,-2.0281,-1.1114,-1.7982,-1.4229,0.1515,AVOID
8.738,-1.8337,-1.4246,0.4925,-2.0281,-1.1114,-1.7982,-1.4229,0.1509,AVOID
8.758,-1.8311,-1.4232,0.4917,-2.026,-1.1092,-1.7982,-1.4229,0.1503,AVOID
8.778,-1.8285,-1.4218,0.4914,-2.0239,-1.107,-1.7982,-1.4229,0.1498,AVOID
8.798,-1.8258,-1.4204,0.4914,-2.0218,-1.1049,-1.7982,-1.4229,0.1493,AVOID
8.818,-1.823,-1.4189,0.4912,-2.0197,-1.1027,-1.7849,-1.4158,0.1488,AVOID
8.838,-1.8202,-1.4174,0.4903,-2.0177,-1.1006,-1.7849,-1.4158,0.1482,AVOID
8.858,-1.8174,-1.4159,0.4888,-2.0135,-1.0963,-1.7849,-1.4158,0.1477,AVOID
8.878,-1.8147,-1.4144,0.4868,-2.0135,-1.0963,-1.7849,-1.4158,0.1472,AVOID
8.898,-1.812,-1.413,0.4842,-2.0114,-1.0942,-1.7849,-1.4158,0.1467,AVOID
8.918,-1.8093,-1.4116,0.481,-2.0094,-1.0921,-1.7718,-1.4088,0.1463,AVOID
8.938,-1.8067,-1.4102,0.4775,-2.0073,-1.0899,-1.7718,-1.4088,0.1458,AVOID
8.958,-1.804,-1.4088,0.474,-2.0051,-1.0878,-1.7718,-1.4088,0.1454,AVOID
8.978,-1.8014,-1.4075,0.4705,-2.003,-1.0857,-1.7718,-1.4088,0.145,AVOID
8.998,-1.7987,-1.4061,0.467,-2.0009,-1.0837,-1.7718,-1.4088,0.1446,AVOID
9.018,-1.7962,-1.4048,0.4638,-1.9988,-1.0816,-1.7718,-1.4088,0.1443,AVOID
9.038,-1.7938,-1.4037,0.4612,-1.9967,-1.0795,-1.7718,-1.4088,0.144,AVOID
9.058,-1.7914,-1.4024,0.4592,-1.9946,-1.0775,-1.7586,-1.402,0.1438,GO_GOAL
9.078,-1.7889,-1.4012,0.4577,-1.9925,-1.0755,-1.7586,-1.402,0.1436,GO_GOAL
9.098,-1.7864,-1.4,0.4568,-1.9904,-1.0735,-1.7586,-1.402,0.1435,GO_GOAL
9.118,-1.784,-1.3988,0.4565,-1.9863,-1.0694,-1.7455,-1.3955,0.1434,GO_GOAL
9.138,-1.7817,-1.3977,0.4568,-1.9863,-1.0694,-1.7455,-1.3955,0.1433,GO_GOAL
9.158,-1.7794,-1.3965,0.4577,-1.9842,-1.0673,-1.7455,-1.3955,0.1433,GO_GOAL
9.178,-1.777,-1.3954,0.4591,-1.9822,-1.0653,-1.7455,-1.3955,0.1433,GO_GOAL
9.198,-1.7746,-1.3942,0.4611,-1.9801,-1.0632,-1.7455,-1.3955,0.1433,GO_GOAL
9.218,-1.7723,-1.393,0.4637,-1.9781,-1.0611,-1.7324,-1.389,0.1434,GO_GOAL
9.238,-1.77,-1.3919,0.4669,-1.974,-1.057,-1.7324,-1.389,0.1435,GO_GOAL
9.258,-1.7677,-1.3907,0.4705,-1.974,-1.057,-1.7324,-1.389,0.1435,GO_GOAL
9.278,-1.7653,-1.3894,0.4742,-1.972,-1.0548,-1.7324,-1.389,0.1436,GO_GOAL
9.298,-1.763,-1.3882,0.4779,-1.97,-1.0527,-1.7324,-1.389,0.1437,GO_GOAL
9.318,-1.7607,-1.3869,0.4815,-1.9681,-1.0506,-1.7194,-1.3825,0.1437,GO_GOAL
9.338,-1.7583,-1.3857,0.4856,-1.9661,-1.0484,-1.7194,-1.3825,0.1439,GO_GOAL
9.358,-1.756,-1.3844,0.4903,-1.9642,-1.0462,-1.7194,-1.3825,0.144,GO_GOAL
9.378,-1.7536,-1.3831,0.4955,-1.9623,-1.0441,-1.7194,-1.3825,0.1442,GO_GOAL
9.398,-1.7511,-1.3818,0.5014,-1.9603,-1.0419,-1.7194,-1.3825,0.1444,GO_GOAL
9.418,-1.7487,-1.3804,0.5078,-1.9584,-1.0397,-1.7066,-1.3757,0.1446,GO_GOAL
9.438,-1.7462,-1.379,0.5147,-1.9566,-1.0374,-1.7066,-1.3757,0.1449,GO_GOAL
9.458,-1.7437,-1.3776,0.5217,-1.9547,-1.0352,-1.7066,-1.3757,0.1451,GO_GOAL
9.478,-1.7413,-1.3762,0.5287,-1.9529,-1.033,-1.7066,-1.3757,0.1454,GO_GOAL
9.498,-1.7388,-1.3748,0.5356,-1.951,-1.0307,-1.7066,-1.3757,0.1456,GO_GOAL
9.518,-1.7362,-1.3732,0.5423,-1.9492,-1.0284,-1.6939,-1.3685,0.1458,GO_GOAL
9.538,-1.7335,-1.3716,0.5484,-1.9474,-1.0261,-1.6939,-1.3685,0.146,GO_GOAL
9.558,-1.7309,-1.37,0.5542,-1.9455,-1.0237,-1.6939,-1.3685,0.1462,GO_GOAL
9.578,-1.7283,-1.3684,0.56,-1.9437,-1.0214,-1.6939,-1.3685,0.1464,GO_GOAL
9.598,-1.7258,-1.3668,0.5658,-1.9419,-1.019,-1.6939,-1.3685,0.1467,GO_GOAL
9.618,-1.7232,-1.3652,0.5714,-1.9401,-1.0167,-1.6813,-1.3608,0.1469,GO_GOAL
9.638,-1.7206,-1.3635,0.5764,-1.9383,-1.0143,-1.6813,-1.3608,0.1471,GO_GOAL
9.658,-1.7181,-1.3619,0.5808,-1.9365,-1.0119,-1.6813,-1.3608,0.1472,GO_GOAL
9.678,-1.7156,-1.3602,0.5846,-1.9347,-1.0095,-1.6813,-1.3608,0.1474,GO_GOAL
9.698,-1.7131,-1.3586,0.5881,-1.9329,-1.0072,-1.6813,-1.3608,0.1475,GO_GOAL
9.718,-1.7107,-1.357,0.5916,-1.9294,-1.0024,-1.6688,-1.3527,0.1477,GO_GOAL
9.738,-1.7083,-1.3553,0.5951,-1.9294,-1.0024,-1.6688,-1.3527,0.1479,GO_GOAL
9.758,-1.7058,-1.3536,0.5986,-1.9276,-1.0,-1.6688,-1.3527,0.1481,GO_GOAL
9.778,-1.7034,-1.352,0.6021,-1.9259,-0.9975,-1.6688,-1.3527,0.1483,GO_GOAL
9.798,-1.701,-1.3503,0.6056,-1.9241,-0.9951,-1.6688,-1.3527,0.1485,GO_GOAL
9.818,-1.6984,-1.3485,0.6088,-1.9207,-0.9903,-1.6565,-1.3444,0.1487,GO_GOAL
9.838,-1.6958,-1.3467,0.6114,-1.9207,-0.9903,-1.6565,-1.3444,0.1489,GO_GOAL
9.858,-1.6932,-1.345,0.614,-1.9189,-0.9878,-1.6565,-1.3444,0.1492,GO_GOAL
9.878,-1.6906,-1.3432,0.6166,-1.9172,-0.9854,-1.6565,-1.3444,0.1494,GO_GOAL
9.898,-1.6881,-1.3415,0.6191,-1.9155,-0.9829,-1.6565,-1.3444,0.1497,GO_GOAL
9.918,-1.6856,-1.3397,0.6212,-1.9137,-0.9805,-1.6442,-1.3358,0.1499,GO_GOAL
9.938,-1.683,-1.3378,0.6227,-1.912,-0.978,-1.6442,-1.3358,0.1502,GO_GOAL
9.958,-1.6805,-1.3361,0.6235,-1.9085,-0.9731,-1.6442,-1.3358,0.1504,GO_GOAL
9.978,-1.6781,-1.3343,0.6238,-1.9085,-0.9731,-1.6442,-1.3358,0.1506,GO_GOAL
9.998,-1.6757,-1.3325,0.6238,-1.9068,-0.9707,-1.6442,-1.3358,0.1509,GO_GOAL
10.018,-1.6732,-1.3308,0.6238,-1.9051,-0.9682,-1.632,-1.327,0.1511,GO_GOAL
10.038,-1.6708,-1.329,0.6238,-1.9033,-0.9658,-1.632,-1.327,0.1514,GO_GOAL
10.058,-1.6683,-1.3273,0.6238,-1.8999,-0.9609,-1.632,-1.327,0.1517,GO_GOAL
10.078,-1.6659,-1.3255,0.6238,-1.8999,-0.9609,-1.632,-1.327,0.152,GO_GOAL
10.098,-1.6635,-1.3238,0.6238,-1.8981,-0.9585,-1.632,-1.327,0.1523,GO_GOAL
10.118,-1.661,-1.3221,0.6238,-1.8946,-0.9536,-1.6198,-1.3183,0.1527,GO_GOAL
10.138,-1.6586,-1.3203,0.6238,-1.8946,-0.9536,-1.6198,-1.3183,0.1531,GO_GOAL
10.158,-1.6561,-1.3186,0.6238,-1.8929,-0.9511,-1.6198,-1.3183,0.1535,GO_GOAL
10.178,-1.6537,-1.3169,0.6238,-1.8912,-0.9487,-1.6198,-1.3183,0.1539,GO_GOAL
10.198,-1.6513,-1.3151,0.6238,-1.8894,-0.9462,-1.6198,-1.3183,0.1543,GO_GOAL
10.218,-1.6488,-1.3134,0.6238,-1.8877,-0.9438,-1.6077,-1.3095,0.1548,GO_GOAL
10.238,-1.6464,-1.3116,0.6238,-1.886,-0.9413,-1.6077,-1.3095,0.1552,GO_GOAL
10.258,-1.6439,-1.3098,0.6238,-1.8842,-0.9389,-1.6077,-1.3095,0.1557,GO_GOAL
10.278,-1.6415,-1.3081,0.6238,-1.8825,-0.9364,-1.6077,-1.3095,0.1562,GO_GOAL
10.298,-1.6391,-1.3063,0.6238,-1.8808,-0.934,-1.6077,-1.3095,0.1567,GO_GOAL
10.318,-1.6366,-1.3046,0.6238,-1.8773,-0.9291,-1.5955,-1.3007,0.1573,GO_GOAL
10.338,-1.6342,-1.3028,0.6238,-1.8773,-0.9291,-1.5955,-1.3007,0.1578,GO_GOAL
10.358,-1.6318,-1.3011,0.6238,-1.8755,-0.9267,-1.5955,-1.3007,0.1584,GO_GOAL
10.378,-1.6294,-1.2993,0.6238,-1.8738,-0.9242,-1.5955,-1.3007,0.159,GO_GOAL
10.398,-1.6269,-1.2976,0.6238,-1.8721,-0.9218,-1.5955,-1.3007,0.1596,GO_GOAL
10.418,-1.6245,-1.2959,0.6238,-1.8703,-0.9193,-1.5833,-1.292,0.1602,GO_GOAL
10.438,-1.6221,-1.2941,0.6238,-1.8686,-0.9169,-1.5833,-1.292,0.1609,GO_GOAL
10.458,-1.6196,-1.2924,0.6238,-1.8669,-0.9144,-1.5833,-1.292,0.1615,GO_GOAL
10.478,-1.6172,-1.2906,0.6238,-1.8651,-0.912,-1.5833,-1.292,0.1622,GO_GOAL
10.498,-1.6148,-1.2889,0.6238,-1.8634,-0.9095,-1.5833,-1.292,0.1629,GO_GOAL
10.518,-1.6123,-1.2871,0.6238,-1.8617,-0.9071,-1.5712,-1.2832,0.1636,GO_GOAL
10.538,-1.6099,-1.2854,0.6238,-1.8582,-0.9022,-1.5712,-1.2832,0.1644,GO_GOAL
10.558,-1.6075,-1.2836,0.6238,-1.8582,-0.9022,-1.5712,-1.2832,0.1651,GO_GOAL
10.578,-1.605,-1.2818,0.6238,-1.8564,-0.8997,-1.5712,-1.2832,0.1659,GO_GOAL
10.598,-1.6026,-1.2801,0.6238,-1.8547,-0.8973,-1.5712,-1.2832,0.1667,GO_GOAL
10.618,-1.6002,-1.2784,0.6238,-1.853,-0.8948,-1.559,-1.2744,0.1675,GO_GOAL
10.638,-1.5978,-1.2766,0.6238,-1.8495,-0.89,-1.559,-1.2744,0.1683,GO_GOAL
10.658,-1.5953,-1.2749,0.6238,-1.8478,-0.8875,-1.559,-1.2744,0.1692,GO_GOAL
10.678,-1.5929,-1.2731,0.6238,-1.846,-0.8851,-1.559,-1.2744,0.17,GO_GOAL
10.698,-1.5905,-1.2714,0.6238,-1.846,-0.8851,-1.559,-1.2744,0.1709,GO_GOAL
10.718,-1.588,-1.2696,0.6238,-1.8443,-0.8826,-1.5468,-1.2657,0.1718,GO_GOAL
10.738,-1.5856,-1.2679,0.6238,-1.8408,-0.8777,-1.5468,-1.2657,0.1727,GO_GOAL
10.758,-1.5832,-1.2661,0.6238,-1.8408,-0.8777,-1.5468,-1.2657,0.1736,GO_GOAL
10.778,-1.5807,-1.2644,0.6238,-1.8391,-0.8753,-1.5468,-1.2657,0.1746,GO_GOAL
10.798,-1.5783,-1.2626,0.6238,-1.8373,-0.8728,-1.5468,-1.2657,0.1755,GO_GOAL
10.818,-1.5759,-1.2609,0.6238,-1.8356,-0.8704,-1.5346,-1.2569,0.1765,GO_GOAL
10.838,-1.5734,-1.2591,0.6238,-1.8339,-0.8679,-1.5346,-1.2569,0.1775,GO_GOAL
10.858,-1.571,-1.2574,0.6238,-1.8321,-0.8655,-1.5346,-1.2569,0.1785,GO_GOAL
10.878,-1.5686,-1.2556,0.6238,-1.8304,-0.863,-1.5346,-1.2569,0.1795,GO_GOAL
10.898,-1.5661,-1.2539,0.6238,-1.8287,-0.8606,-1.5346,-1.2569,0.1806,GO_GOAL
10.918,-1.5637,-1.2521,0.6238,-1.8269,-0.8581,-1.5225,-1.2481,0.1816,GO_GOAL
10.938,-1.5613,-1.2504,0.6238,-1.8252,-0.8557,-1.5225,-1.2481,0.1827,GO_GOAL
10.958,-1.5588,-1.2486,0.6238,-1.8235,-0.8533,-1.5225,-1.2481,0.1838,GO_GOAL
10.978,-1.5564,-1.2469,0.6238,-1.8217,-0.8508,-1.5225,-1.2481,0.1849,GO_GOAL
10.998,-1.554,-1.2451,0.6238,-1.82,-0.8484,-1.5225,-1.2481,0.186,GO_GOAL
11.018,-1.5515,-1.2434,0.6238,-1.8182,-0.8459,-1.5103,-1.2394,0.1872,GO_GOAL
11.038,-1.5491,-1.2416,0.6238,-1.8148,-0.841,-1.5103,-1.2394,0.1883,GO_GOAL
11.058,-1.5467,-1.2399,0.6238,-1.813,-0.8386,-1.5103,-1.2394,0.1895,GO_GOAL
11.078,-1.5443,-1.2381,0.6238,-1.813,-0.8386,-1.5103,-1.2394,0.1906,GO_GOAL
11.098,-1.5418,-1.2364,0.6238,-1.8113,-0.8361,-1.5103,-1.2394,0.1918,GO_GOAL
11.118,-1.5394,-1.2346,0.6238,-1.8096,-0.8337,-1.4981,-1.2306,0.1931,GO_GOAL
11.138,-1.537,-1.2329,0.6238,-1.8078,-0.8312,-1.4981,-1.2306,0.1943,GO_GOAL
11.158,-1.5345,-1.2311,0.6238,-1.8044,-0.8263,-1.4981,-1.2306,0.1955,GO_GOAL
11.178,-1.5321,-1.2294,0.6238,-1.8044,-0.8263,-1.4981,-1.2306,0.1968,GO_GOAL
11.198,-1.5297,-1.2276,0.6238,-1.8026,-0.8239,-1.4981,-1.2306,0.1981,GO_GOAL
11.218,-1.5272,-1.2259,0.6238,-1.8009,-0.8215,-1.4859,-1.2218,0.1993,GO_GOAL
11.238,-1.5248,-1.2241,0.6238,-1.7991,-0.819,-1.4859,-1.2218,0.2006,GO_GOAL
11.258,-1.5224,-1.2224,0.6238,-1.7974,-0.8166,-1.4859,-1.2218,0.202,GO_GOAL
11.278,-1.5199,-1.2206,0.6238,-1.7957,-0.8141,-1.4859,-1.2218,0.2033,GO_GOAL
11.298,-1.5175,-1.2188,0.6238,-1.7939,-0.8117,-1.4859,-1.2218,0.2046,GO_GOAL
11.318,-1.5151,-1.2171,0.6238,-1.7905,-0.8068,-1.4738,-1.2131,0.206,GO_GOAL
11.338,-1.5126,-1.2153,0.6238,-1.7905,-0.8068,-1.4738,-1.2131,0.2074,GO_GOAL
11.358,-1.5102,-1.2136,0.6238,-1.7887,-0.8043,-1.4738,-1.2131,0.2087,GO_GOAL
11.378,-1.5078,-1.2119,0.6238,-1.7853,-0.7994,-1.4738,-1.2131,0.2101,GO_GOAL
11.398,-1.5053,-1.2101,0.6238,-1.7853,-0.7994,-1.4738,-1.2131,0.2116,GO_GOAL
11.418,-1.5029,-1.2083,0.6238,-1.7835,-0.797,-1.4616,-1.2043,0.213,GO_GOAL
11.438,-1.5005,-1.2066,0.6238,-1.7818,-0.7945,-1.4616,-1.2043,0.2144,GO_GOAL
11.458,-1.498,-1.2048,0.6238,-1.7801,-0.7921,-1.4616,-1.2043,0.2159,GO_GOAL
11.478,-1.4956,-1.2031,0.6238,-1.7766,-0.7872,-1.4616,-1.2043,0.2173,GO_GOAL
11.498,-1.4932,-1.2013,0.6238,-1.7766,-0.7872,-1.4616,-1.2043,0.2188,GO_GOAL
11.518,-1.4907,-1.1996,0.6238,-1.7731,-0.7823,-1.4494,-1.1955,0.2203,GO_GOAL
11.538,-1.4883,-1.1978,0.6238,-1.7731,-0.7823,-1.4494,-1.1955,0.2218,GO_GOAL
11.558,-1.4859,-1.1961,0.6238,-1.7714,-0.7799,-1.4494,-1.1955,0.2233,GO_GOAL
11.578,-1.4834,-1.1943,0.6238,-1.7679,-0.775,-1.4494,-1.1955,0.2248,GO_GOAL
11.598,-1.481,-1.1926,0.6238,-1.7679,-0.775,-1.4494,-1.1955,0.2264,GO_GOAL
11.618,-1.4786,-1.1908,0.6238,-1.7662,-0.7725,-1.4373,-1.1868,0.2279,GO_GOAL
11.638,-1.4761,-1.1891,0.6238,-1.7644,-0.7701,-1.4373,-1.1868,0.2295,GO_GOAL
11.658,-1.4737,-1.1873,0.6238,-1.7627,-0.7676,-1.4373,-1.1868,0.2311,GO_GOAL
11.678,-1.4713,-1.1856,0.6238,-1.761,-0.7652,-1.4373,-1.1868,0.2327,GO_GOAL
11.698,-1.4688,-1.1838,0.6238,-1.7592,-0.7627,-1.4373,-1.1868,0.2343,GO_GOAL
11.718,-1.4664,-1.1821,0.6238,-1.7575,-0.7603,-1.4251,-1.178,0.2359,GO_GOAL
11.738,-1.464,-1.1803,0.6238,-1.754,-0.7554,-1.4251,-1.178,0.2375,GO_GOAL
11.758,-1.4615,-1.1786,0.6238,-1.754,-0.7554,-1.4251,-1.178,0.2391,GO_GOAL
11.778,-1.4591,-1.1768,0.6238,-1.7523,-0.7529,-1.4251,-1.178,0.2408,GO_GOAL
11.798,-1.4567,-1.1751,0.6238,-1.7488,-0.7481,-1.4129,-1.1692,0.2425,GO_GOAL
11.818,-1.4542,-1.1733,0.6238,-1.7488,-0.7481,-1.4129,-1.1692,0.2441,GO_GOAL
11.838,-1.4518,-1.1716,0.6238,-1.7471,-0.7456,-1.4129,-1.1692,0.2458,GO_GOAL
11.858,-1.4494,-1.1698,0.6238,-1.7436,-0.7407,-1.4129,-1.1692,0.2475,GO_GOAL
11.878,-1.4469,-1.1681,0.6238,-1.7436,-0.7407,-1.4129,-1.1692,0.2492,GO_GOAL
11.898,-1.4445,-1.1663,0.6238,-1.7419,-0.7383,-1.4129,-1.1692,0.2509,GO_GOAL
11.918,-1.4421,-1.1646,0.6238,-1.7401,-0.7358,-1.4007,-1.1605,0.2526,GO_GOAL
11.938,-1.4396,-1.1628,0.6238,-1.7384,-0.7334,-1.4007,-1.1605,0.2544,GO_GOAL
11.958,-1.4372,-1.1611,0.6238,-1.7366,-0.7309,-1.4007,-1.1605,0.2561,GO_GOAL
11.978,-1.4348,-1.1593,0.6238,-1.7349,-0.7285,-1.4007,-1.1605,0.2579,GO_GOAL
11.998,-1.4323,-1.1576,0.6238,-1.7332,-0.726,-1.4007,-1.1605,0.2597,GO_GOAL
12.018,-1.4299,-1.1558,0.6238,-1.7314,-0.7236,-1.3886,-1.1517,0.2614,GO_GOAL
12.038,-1.4274,-1.154,0.6238,-1.7297,-0.7211,-1.3886,-1.1517,0.2632,GO_GOAL
12.058,-1.425,-1.1523,0.6238,-1.728,-0.7187,-1.3886,-1.1517,0.265,GO_GOAL
12.078,-1.4226,-1.1505,0.6238,-1.7262,-0.7163,-1.3886,-1.1517,0.2668,GO_GOAL
12.098,-1.4201,-1.1488,0.6238,-1.7245,-0.7138,-1.3886,-1.1517,0.2686,GO_GOAL
12.118,-1.4177,-1.147,0.6238,-1.721,-0.7089,-1.3764,-1.1429,0.2705,GO_GOAL
12.138,-1.4153,-1.1453,0.6238,-1.721,-0.7089,-1.3764,-1.1429,0.2723,GO_GOAL
12.158,-1.4128,-1.1435,0.6238,-1.7193,-0.7065,-1.3764,-1.1429,0.2742,GO_GOAL
12.178,-1.4104,-1.1418,0.6238,-1.7175,-0.704,-1.3764,-1.1429,0.276,GO_GOAL
12.198,-1.408,-1.14,0.6238,-1.7141,-0.6991,-1.3764,-1.1429,0.2779,GO_GOAL
12.218,-1.4055,-1.1383,0.6238,-1.7123,-0.6967,-1.3642,-1.1342,0.2798,GO_GOAL
12.238,-1.4031,-1.1365,0.6238,-1.7123,-0.6967,-1.3642,-1.1342,0.2816,GO_GOAL
12.258,-1.4007,-1.1348,0.6238,-1.7106,-0.6942,-1.3642,-1.1342,0.2835,GO_GOAL
12.278,-1.3982,-1.133,0.6238,-1.7089,-0.6918,-1.3642,-1.1342,0.2854,GO_GOAL
12.298,-1.3958,-1.1313,0.6238,-1.7071,-0.6893,-1.3642,-1.1342,0.2874,GO_GOAL
12.318,-1.3934,-1.1295,0.6238,-1.7054,-0.6869,-1.3521,-1.1254,0.2893,GO_GOAL
12.338,-1.3909,-1.1278,0.6238,-1.7037,-0.6844,-1.3521,-1.1254,0.2912,GO_GOAL
12.358,-1.3885,-1.126,0.6238,-1.7019,-0.682,-1.3521,-1.1254,0.2932,GO_GOAL
12.378,-1.3861,-1.1243,0.6238,-1.7002,-0.6796,-1.3521,-1.1254,0.2951,GO_GOAL
12.398,-1.3836,-1.1225,0.6238,-1.6984,-0.6771,-1.3521,-1.1254,0.2971,GO_GOAL
12.418,-1.3812,-1.1207,0.6238,-1.6967,-0.6747,-1.3399,-1.1166,0.299,GO_GOAL
12.438,-1.3788,-1.119,0.6238,-1.695,-0.6722,-1.3399,-1.1166,0.301,GO_GOAL
12.458,-1.3763,-1.1172,0.6238,-1.6932,-0.6698,-1.3399,-1.1166,0.303,GO_GOAL
12.478,-1.3739,-1.1155,0.6238,-1.6915,-0.6673,-1.3399,-1.1166,0.305,GO_GOAL
12.498,-1.3714,-1.1137,0.6238,-1.688,-0.6624,-1.3399,-1.1166,0.307,GO_GOAL
12.518,-1.369,-1.112,0.6238,-1.688,-0.6624,-1.3277,-1.1079,0.309,GO_GOAL
12.538,-1.3666,-1.1102,0.6238,-1.6863,-0.66,-1.3277,-1.1079,0.311,GO_GOAL
12.558,-1.3641,-1.1085,0.6238,-1.6846,-0.6575,-1.3277,-1.1079,0.313,GO_GOAL
12.578,-1.3617,-1.1067,0.6238,-1.6828,-0.6551,-1.3277,-1.1079,0.315,GO_GOAL
12.598,-1.3593,-1.105,0.6238,-1.6793,-0.6502,-1.3277,-1.1079,0.3171,GO_GOAL
12.618,-1.3568,-1.1032,0.6238,-1.6793,-0.6502,-1.3155,-1.0991,0.3191,GO_GOAL
12.638,-1.3544,-1.1015,0.6238,-1.6776,-0.6477,-1.3155,-1.0991,0.3212,GO_GOAL
12.658,-1.352,-1.0997,0.6238,-1.6759,-0.6453,-1.3155,-1.0991,0.3232,GO_GOAL
12.678,-1.3495,-1.098,0.6238,-1.6741,-0.6429,-1.3155,-1.0991,0.3253,GO_GOAL
12.698,-1.3471,-1.0962,0.6238,-1.6724,-0.6404,-1.3155,-1.0991,0.3274,GO_GOAL
12.718,-1.3447,-1.0945,0.6238,-1.6707,-0.638,-1.3034,-1.0903,0.3295,GO_GOAL
12.738,-1.3422,-1.0927,0.6238,-1.6689,-0.6355,-1.3034,-1.0903,0.3315,GO_GOAL
12.758,-1.3398,-1.091,0.6238,-1.6655,-0.6306,-1.3034,-1.0903,0.3336,GO_GOAL
12.778,-1.3374,-1.0892,0.6238,-1.6637,-0.6282,-1.3034,-1.0903,0.3357,GO_GOAL
12.798,-1.3349,-1.0875,0.6238,-1.6637,-0.6282,-1.3034,-1.0903,0.3379,GO_GOAL
12.818,-1.3325,-1.0857,0.6238,-1.662,-0.6257,-1.2912,-1.0816,0.34,GO_GOAL
12.838,-1.3301,-1.0839,0.6238,-1.6603,-0.6233,-1.2912,-1.0816,0.3421,GO_GOAL
12.858,-1.3276,-1.0822,0.6238,-1.6585,-0.6208,-1.2912,-1.0816,0.3442,GO_GOAL
12.878,-1.3252,-1.0804,0.6238,-1.6568,-0.6184,-1.2912,-1.0816,0.3464,GO_GOAL
12.898,-1.3227,-1.0787,0.6238,-1.655,-0.6159,-1.2912,-1.0816,0.3485,GO_GOAL
12.918,-1.3203,-1.0769,0.6238,-1.6533,-0.6135,-1.279,-1.0728,0.3507,GO_GOAL
12.938,-1.3179,-1.0752,0.6238,-1.6516,-0.6111,-1.279,-1.0728,0.3528,GO_GOAL
12.958,-1.3154,-1.0734,0.6238,-1.6498,-0.6086,-1.279,-1.0728,0.355,GO_GOAL
12.978,-1.313,-1.0717,0.6238,-1.6481,-0.6062,-1.279,-1.0728,0.3572,GO_GOAL
12.998,-1.3106,-1.0699,0.6238,-1.6464,-0.6037,-1.279,-1.0728,0.3593,GO_GOAL
13.018,-1.3081,-1.0682,0.6238,-1.6446,-0.6013,-1.2669,-1.064,0.3615,GO_GOAL
13.038,-1.3057,-1.0664,0.6238,-1.6412,-0.5964,-1.2669,-1.064,0.3637,GO_GOAL
13.058,-1.3033,-1.0647,0.6238,-1.6412,-0.5964,-1.2669,-1.064,0.3659,GO_GOAL
13.078,-1.3008,-1.0629,0.6238,-1.6394,-0.5939,-1.2669,-1.064,0.3681,GO_GOAL
13.098,-1.2984,-1.0612,0.6238,-1.6377,-0.5915,-1.2669,-1.064,0.3703,GO_GOAL
13.118,-1.296,-1.0594,0.6238,-1.6359,-0.589,-1.2547,-1.0553,0.3725,GO_GOAL
13.138,-1.2935,-1.0577,0.6238,-1.6342,-0.5866,-1.2547,-1.0553,0.3748,GO_GOAL
13.158,-1.2911,-1.0559,0.6238,-1.6325,-0.5841,-1.2547,-1.0553,0.377,GO_GOAL
13.178,-1.2887,-1.0542,0.6238,-1.6307,-0.5817,-1.2547,-1.0553,0.3792,GO_GOAL
13.198,-1.2862,-1.0524,0.6238,-1.629,-0.5792,-1.2547,-1.0553,0.3815,GO_GOAL
13.216,-1.2838,-1.0507,0.6238,-1.6273,-0.5768,-1.2425,-1.0465,0.3837,GO_GOAL
13.238,-1.2814,-1.0489,0.6238,-1.6255,-0.5744,-1.2425,-1.0465,0.386,GO_GOAL
13.258,-1.2789,-1.0471,0.6238,-1.6238,-0.5719,-1.2425,-1.0465,0.3882,GO_GOAL
13.278,-1.2765,-1.0454,0.6238,-1.6221,-0.5695,-1.2425,-1.0465,0.3905,GO_GOAL
13.298,-1.274,-1.0436,0.6238,-1.6203,-0.567,-1.2425,-1.0465,0.3928,GO_GOAL
13.318,-1.2716,-1.0419,0.6238,-1.6186,-0.5646,-1.2303,-1.0377,0.395,GO_GOAL
13.338,-1.2692,-1.0401,0.6238,-1.6168,-0.5621,-1.2303,-1.0377,0.3973,GO_GOAL
13.358,-1.2667,-1.0384,0.6238,-1.6151,-0.5597,-1.2303,-1.0377,0.3996,GO_GOAL
13.378,-1.2643,-1.0366,0.6238,-1.6116,-0.5548,-1.2303,-1.0377,0.4019,GO_GOAL
13.398,-1.2619,-1.0349,0.6238,-1.6116,-0.5548,-1.2303,-1.0377,0.4042,GO_GOAL
13.418,-1.2594,-1.0331,0.6238,-1.6099,-0.5523,-1.2182,-1.029,0.4065,GO_GOAL
13.438,-1.257,-1.0314,0.6238,-1.6082,-0.5499,-1.2182,-1.029,0.4088,GO_GOAL
13.458,-1.2546,-1.0296,0.6238,-1.6064,-0.5474,-1.2182,-1.029,0.4111,GO_GOAL
13.478,-1.2521,-1.0279,0.6238,-1.6047,-0.545,-1.2182,-1.029,0.4134,GO_GOAL
13.498,-1.2497,-1.0261,0.6238,-1.603,-0.5425,-1.2182,-1.029,0.4157,GO_GOAL
13.518,-1.2473,-1.0244,0.6238,-1.6012,-0.5401,-1.206,-1.0202,0.418,GO_GOAL
13.538,-1.2448,-1.0226,0.6238,-1.5995,-0.5377,-1.206,-1.0202,0.4204,GO_GOAL
13.558,-1.2424,-1.0209,0.6238,-1.5977,-0.5352,-1.206,-1.0202,0.4227,GO_GOAL
13.578,-1.24,-1.0191,0.6238,-1.596,-0.5328,-1.206,-1.0202,0.425,GO_GOAL
13.598,-1.2375,-1.0174,0.6238,-1.5943,-0.5303,-1.206,-1.0202,0.4274,GO_GOAL
13.618,-1.2351,-1.0156,0.6238,-1.5925,-0.5279,-1.1938,-1.0115,0.4297,GO_GOAL
13.638,-1.2327,-1.0139,0.6238,-1.5908,-0.5254,-1.1938,-1.0115,0.4321,GO_GOAL
13.658,-1.2302,-1.0121,0.6238,-1.5891,-0.523,-1.1938,-1.0115,0.4344,GO_GOAL
13.678,-1.2278,-1.0103,0.6238,-1.5873,-0.5205,-1.1938,-1.0115,0.4368,GO_GOAL
13.698,-1.2253,-1.0086,0.6238,-1.5856,-0.5181,-1.1938,-1.0115,0.4392,GO_GOAL
13.718,-1.2229,-1.0068,0.6238,-1.5821,-0.5132,-1.1816,-1.0027,0.4415,GO_GOAL
13.738,-1.2205,-1.0051,0.6238,-1.5804,-0.5107,-1.1816,-1.0027,0.4439,GO_GOAL
13.758,-1.218,-1.0033,0.6238,-1.5804,-0.5107,-1.1816,-1.0027,0.4463,GO_GOAL
13.778,-1.2156,-1.0016,0.6238,-1.5786,-0.5083,-1.1816,-1.0027,0.4487,GO_GOAL
13.798,-1.2132,-0.9998,0.6238,-1.5769,-0.5059,-1.1816,-1.0027,0.4511,GO_GOAL
13.818,-1.2107,-0.9981,0.6238,-1.5752,-0.5034,-1.1695,-0.9939,0.4535,GO_GOAL
13.838,-1.2083,-0.9963,0.6238,-1.5734,-0.501,-1.1695,-0.9939,0.4559,GO_GOAL
13.858,-1.2059,-0.9946,0.6238,-1.5717,-0.4985,-1.1695,-0.9939,0.4583,GO_GOAL
13.878,-1.2034,-0.9928,0.6238,-1.57,-0.4961,-1.1695,-0.9939,0.4607,GO_GOAL
13.898,-1.201,-0.9911,0.6238,-1.5682,-0.4936,-1.1695,-0.9939,0.4631,GO_GOAL
13.918,-1.1986,-0.9893,0.6238,-1.5665,-0.4912,-1.1549,-0.9834,0.4655,GO_GOAL
13.938,-1.1961,-0.9876,0.6238,-1.5648,-0.4887,-1.1549,-0.9834,0.4679,GO_GOAL
13.958,-1.1937,-0.9858,0.6238,-1.563,-0.4863,-1.1549,-0.9834,0.4703,GO_GOAL
13.978,-1.1913,-0.9841,0.6238,-1.5613,-0.4838,-1.1549,-0.9834,0.4728,GO_GOAL
13.998,-1.1888,-0.9823,0.6238,-1.5595,-0.4814,-1.1549,-0.9834,0.4752,GO_GOAL
14.018,-1.1864,-0.9806,0.6238,-1.5578,-0.4789,-1.1451,-0.9764,0.4776,GO_GOAL
14.038,-1.184,-0.9788,0.6238,-1.5561,-0.4765,-1.1451,-0.9764,0.4801,GO_GOAL
14.058,-1.1815,-0.9771,0.6238,-1.5543,-0.474,-1.1451,-0.9764,0.4825,GO_GOAL
14.078,-1.1791,-0.9753,0.6238,-1.5526,-0.4716,-1.1451,-0.9764,0.485,GO_GOAL
14.098,-1.1766,-0.9735,0.6238,-1.5509,-0.4692,-1.1451,-0.9764,0.4874,GO_GOAL
14.118,-1.1742,-0.9718,0.6238,-1.5491,-0.4667,-1.133,-0.9676,0.4899,GO_GOAL
14.138,-1.1718,-0.97,0.6238,-1.5474,-0.4643,-1.133,-0.9676,0.4923,GO_GOAL
14.158,-1.1693,-0.9683,0.6238,-1.5457,-0.4618,-1.133,-0.9676,0.4948,GO_GOAL
14.178,-1.1669,-0.9665,0.6238,-1.5439,-0.4594,-1.133,-0.9676,0.4973,GO_GOAL
14.198,-1.1645,-0.9648,0.6238,-1.5422,-0.4569,-1.133,-0.9676,0.4963,GO_GOAL
14.218,-1.162,-0.963,0.6238,-1.5405,-0.4545,-1.1208,-0.9589,0.494,GO_GOAL
14.238,-1.1596,-0.9613,0.6238,-1.5387,-0.452,-1.1208,-0.9589,0.4917,GO_GOAL
14.258,-1.1572,-0.9595,0.6238,-1.537,-0.4496,-1.1208,-0.9589,0.4895,GO_GOAL
14.278,-1.1547,-0.9578,0.6238,-1.5352,-0.4471,-1.1208,-0.9589,0.4872,GO_GOAL
14.298,-1.1523,-0.956,0.6238,-1.5335,-0.4447,-1.1208,-0.9589,0.485,GO_GOAL
14.318,-1.1499,-0.9543,0.6238,-1.5318,-0.4422,-1.1086,-0.9501,0.4827,GO_GOAL
14.338,-1.1474,-0.9525,0.6238,-1.53,-0.4398,-1.1086,-0.9501,0.4805,GO_GOAL
14.358,-1.145,-0.9508,0.6238,-1.5283,-0.4373,-1.1086,-0.9501,0.4782,GO_GOAL
14.378,-1.1426,-0.949,0.6238,-1.5266,-0.4349,-1.1086,-0.9501,0.476,GO_GOAL
14.398,-1.1401,-0.9473,0.6238,-1.5248,-0.4325,-1.1086,-0.9501,0.4738,GO_GOAL
14.418,-1.1377,-0.9455,0.6238,-1.5231,-0.43,-1.094,-0.9396,0.4715,GO_GOAL
14.438,-1.1353,-0.9438,0.6238,-1.5214,-0.4276,-1.094,-0.9396,0.4693,GO_GOAL
14.458,-1.1328,-0.942,0.6238,-1.5196,-0.4251,-1.094,-0.9396,0.4671,GO_GOAL
14.478,-1.1304,-0.9403,0.6238,-1.5179,-0.4227,-1.094,-0.9396,0.4649,GO_GOAL
14.498,-1.1279,-0.9385,0.6238,-1.5161,-0.4202,-1.094,-0.9396,0.4627,GO_GOAL
14.518,-1.1255,-0.9367,0.6238,-1.5127,-0.4153,-1.0843,-0.9326,0.4605,GO_GOAL
14.538,-1.1231,-0.935,0.6238,-1.5127,-0.4153,-1.0843,-0.9326,0.4583,GO_GOAL
14.558,-1.1206,-0.9332,0.6238,-1.5109,-0.4129,-1.0843,-0.9326,0.4561,GO_GOAL
14.578,-1.1182,-0.9315,0.6238,-1.5092,-0.4104,-1.0843,-0.9326,0.4539,GO_GOAL
14.598,-1.1158,-0.9297,0.6238,-1.5075,-0.408,-1.0843,-0.9326,0.4517,GO_GOAL
14.618,-1.1133,-0.928,0.6238,-1.5057,-0.4055,-1.0721,-0.9238,0.4496,GO_GOAL
14.638,-1.1109,-0.9262,0.6238,-1.504,-0.4031,-1.0721,-0.9238,0.4474,GO_GOAL
14.658,-1.1085,-0.9245,0.6238,-1.5023,-0.4006,-1.0721,-0.9238,0.4452,GO_GOAL
14.678,-1.106,-0.9227,0.6238,-1.5005,-0.3982,-1.0721,-0.9238,0.4431,GO_GOAL
14.698,-1.1036,-0.921,0.6238,-1.4988,-0.3958,-1.0721,-0.9238,0.4409,GO_GOAL
14.718,-1.1012,-0.9192,0.6238,-1.497,-0.3933,-1.0599,-0.915,0.4388,GO_GOAL
14.738,-1.0987,-0.9175,0.6238,-1.4953,-0.3909,-1.0599,-0.915,0.4366,GO_GOAL
14.758,-1.0963,-0.9157,0.6238,-1.4936,-0.3884,-1.0599,-0.915,0.4345,GO_GOAL
14.778,-1.0939,-0.914,0.6238,-1.4918,-0.386,-1.0599,-0.915,0.4324,GO_GOAL
14.798,-1.0914,-0.9122,0.6238,-1.4901,-0.3835,-1.0599,-0.915,0.4303,GO_GOAL
14.818,-1.089,-0.9105,0.6238,-1.4884,-0.3811,-1.0478,-0.9063,0.4282,GO_GOAL
14.838,-1.0866,-0.9087,0.6238,-1.4866,-0.3786,-1.0478,-0.9063,0.4261,GO_GOAL
14.858,-1.0841,-0.907,0.6238,-1.4849,-0.3762,-1.0478,-0.9063,0.424,GO_GOAL
14.878,-1.0817,-0.9052,0.6238,-1.4832,-0.3737,-1.0478,-0.9063,0.4219,GO_GOAL
14.898,-1.0793,-0.9035,0.6238,-1.4797,-0.3688,-1.0478,-0.9063,0.4198,GO_GOAL
14.918,-1.0768,-0.9017,0.6238,-1.4779,-0.3664,-1.0331,-0.8957,0.4177,GO_GOAL
14.938,-1.0744,-0.8999,0.6238,-1.4779,-0.3664,-1.0331,-0.8957,0.4156,GO_GOAL
14.958,-1.0719,-0.8982,0.6238,-1.4762,-0.364,-1.0331,-0.8957,0.4135,GO_GOAL
14.978,-1.0695,-0.8964,0.6238,-1.4745,-0.3615,-1.0331,-0.8957,0.4115,GO_GOAL
14.998,-1.0671,-0.8947,0.6238,-1.4727,-0.3591,-1.0331,-0.8957,0.4094,GO_GOAL
15.018,-1.0646,-0.8929,0.6238,-1.471,-0.3566,-1.0234,-0.8887,0.4074,GO_GOAL
15.038,-1.0622,-0.8912,0.6238,-1.4693,-0.3542,-1.0234,-0.8887,0.4053,GO_GOAL
15.058,-1.0598,-0.8894,0.6238,-1.4675,-0.3517,-1.0234,-0.8887,0.4033,GO_GOAL
15.078,-1.0573,-0.8877,0.6238,-1.4658,-0.3493,-1.0234,-0.8887,0.4013,GO_GOAL
15.098,-1.0549,-0.8859,0.6238,-1.4641,-0.3468,-1.0234,-0.8887,0.3992,GO_GOAL
15.118,-1.0525,-0.8842,0.6238,-1.4623,-0.3444,-1.0112,-0.88,0.3972,GO_GOAL
15.138,-1.05,-0.8824,0.6238,-1.4606,-0.3419,-1.0112,-0.88,0.3952,GO_GOAL
15.158,-1.0476,-0.8807,0.6238,-1.4588,-0.3395,-1.0112,-0.88,0.3932,GO_GOAL
15.178,-1.0452,-0.8789,0.6238,-1.4571,-0.337,-1.0112,-0.88,0.3912,GO_GOAL
15.198,-1.0427,-0.8772,0.6238,-1.4554,-0.3346,-1.0112,-0.88,0.3892,GO_GOAL
15.218,-1.0403,-0.8754,0.6238,-1.4536,-0.3321,-0.9991,-0.8712,0.3873,GO_GOAL
15.238,-1.0379,-0.8737,0.6238,-1.4519,-0.3297,-0.9991,-0.8712,0.3853,GO_GOAL
15.258,-1.0354,-0.8719,0.6238,-1.4502,-0.3273,-0.9991,-0.8712,0.3833,GO_GOAL
15.278,-1.033,-0.8702,0.6238,-1.4484,-0.3248,-0.9991,-0.8712,0.3814,GO_GOAL
15.298,-1.0306,-0.8684,0.6238,-1.4467,-0.3224,-0.9991,-0.8712,0.3794,GO_GOAL
15.318,-1.0281,-0.8666,0.6238,-1.445,-0.3199,-0.9869,-0.8624,0.3775,GO_GOAL
15.338,-1.0257,-0.8649,0.6238,-1.4432,-0.3175,-0.9869,-0.8624,0.3755,GO_GOAL
15.358,-1.0232,-0.8631,0.6238,-1.4415,-0.315,-0.9869,-0.8624,0.3736,GO_GOAL
15.378,-1.0208,-0.8614,0.6238,-1.4397,-0.3126,-0.9869,-0.8624,0.3717,GO_GOAL
15.398,-1.0184,-0.8596,0.6238,-1.438,-0.3101,-0.9869,-0.8624,0.3698,GO_GOAL
15.418,-1.0159,-0.8579,0.6238,-1.4363,-0.3077,-0.9747,-0.8537,0.3679,GO_GOAL
15.438,-1.0135,-0.8561,0.6238,-1.4345,-0.3052,-0.9747,-0.8537,0.366,GO_GOAL
15.458,-1.0111,-0.8544,0.6238,-1.4328,-0.3028,-0.9747,-0.8537,0.3641,GO_GOAL
15.478,-1.0086,-0.8526,0.6238,-1.4311,-0.3003,-0.9747,-0.8537,0.3622,GO_GOAL
15.498,-1.0062,-0.8509,0.6238,-1.4293,-0.2979,-0.9747,-0.8537,0.3603,GO_GOAL
15.518,-1.0038,-0.8491,0.6238,-1.4276,-0.2954,-0.9625,-0.8449,0.3585,GO_GOAL
15.538,-1.0013,-0.8474,0.6238,-1.4259,-0.293,-0.9625,-0.8449,0.3566,GO_GOAL
15.558,-0.9989,-0.8456,0.6238,-1.4224,-0.2881,-0.9625,-0.8449,0.3548,GO_GOAL
15.578,-0.9965,-0.8439,0.6238,-1.4224,-0.2881,-0.9625,-0.8449,0.3529,GO_GOAL
15.598,-0.994,-0.8421,0.6238,-1.4207,-0.2857,-0.9625,-0.8449,0.3511,GO_GOAL
15.618,-0.9916,-0.8404,0.6238,-1.4189,-0.2832,-0.9504,-0.8361,0.3493,GO_GOAL
15.638,-0.9892,-0.8386,0.6238,-1.4172,-0.2808,-0.9504,-0.8361,0.3475,GO_GOAL
15.658,-0.9867,-0.8369,0.6238,-1.4137,-0.2759,-0.9504,-0.8361,0.3457,GO_GOAL
15.678,-0.9843,-0.8351,0.6238,-1.4137,-0.2759,-0.9504,-0.8361,0.3439,GO_GOAL
15.698,-0.9819,-0.8334,0.6238,-1.412,-0.2734,-0.9504,-0.8361,0.3421,GO_GOAL
15.718,-0.9794,-0.8316,0.6238,-1.4102,-0.271,-0.9382,-0.8274,0.3403,GO_GOAL
15.738,-0.977,-0.8298,0.6238,-1.4068,-0.2661,-0.9382,-0.8274,0.3385,GO_GOAL
15.758,-0.9745,-0.8281,0.6238,-1.4068,-0.2661,-0.9382,-0.8274,0.3368,GO_GOAL
15.778,-0.9721,-0.8263,0.6238,-1.405,-0.2636,-0.9382,-0.8274,0.335,GO_GOAL
15.798,-0.9697,-0.8246,0.6238,-1.4016,-0.2588,-0.9382,-0.8274,0.3333,GO_GOAL
15.818,-0.9672,-0.8228,0.6238,-1.4016,-0.2588,-0.9236,-0.8169,0.3316,GO_GOAL
15.838,-0.9648,-0.8211,0.6238,-1.3998,-0.2563,-0.9236,-0.8169,0.3298,GO_GOAL
15.858,-0.9624,-0.8193,0.6238,-1.3981,-0.2539,-0.9236,-0.8169,0.3281,GO_GOAL
15.878,-0.9599,-0.8176,0.6238,-1.3946,-0.249,-0.9236,-0.8169,0.3264,GO_GOAL
15.898,-0.9575,-0.8158,0.6238,-1.3946,-0.249,-0.9236,-0.8169,0.3247,GO_GOAL
15.918,-0.9551,-0.8141,0.6238,-1.3929,-0.2465,-0.9139,-0.8098,0.3231,GO_GOAL
15.938,-0.9526,-0.8123,0.6238,-1.3911,-0.2441,-0.9139,-0.8098,0.3214,GO_GOAL
15.958,-0.9502,-0.8106,0.6238,-1.3894,-0.2416,-0.9139,-0.8098,0.3197,GO_GOAL
15.978,-0.9478,-0.8088,0.6238,-1.3877,-0.2392,-0.9139,-0.8098,0.3181,GO_GOAL
15.998,-0.9453,-0.8071,0.6238,-1.3859,-0.2367,-0.9139,-0.8098,0.3164,GO_GOAL
16.018,-0.9429,-0.8053,0.6238,-1.3842,-0.2343,-0.9017,-0.8011,0.3148,GO_GOAL
16.038,-0.9405,-0.8036,0.6238,-1.3825,-0.2318,-0.9017,-0.8011,0.3132,GO_GOAL
16.058,-0.938,-0.8018,0.6238,-1.3807,-0.2294,-0.9017,-0.8011,0.3115,GO_GOAL
16.078,-0.9356,-0.8001,0.6238,-1.379,-0.2269,-0.9017,-0.8011,0.3099,GO_GOAL
16.098,-0.9332,-0.7983,0.6238,-1.3772,-0.2245,-0.9017,-0.8011,0.3083,GO_GOAL
16.118,-0.9307,-0.7966,0.6238,-1.3755,-0.2221,-0.8895,-0.7923,0.3068,GO_GOAL
16.138,-0.9283,-0.7948,0.6238,-1.3738,-0.2196,-0.8895,-0.7923,0.3052,GO_GOAL
16.158,-0.9258,-0.793,0.6238,-1.372,-0.2172,-0.8895,-0.7923,0.3036,GO_GOAL
16.178,-0.9234,-0.7913,0.6238,-1.3686,-0.2123,-0.8895,-0.7923,0.3021,GO_GOAL
16.198,-0.921,-0.7895,0.6238,-1.3686,-0.2123,-0.8895,-0.7923,0.3005,GO_GOAL
16.218,-0.9185,-0.7878,0.6238,-1.3668,-0.2098,-0.8773,-0.7835,0.299,GO_GOAL
16.238,-0.9161,-0.786,0.6238,-1.3651,-0.2074,-0.8773,-0.7835,0.2975,GO_GOAL
16.258,-0.9137,-0.7843,0.6238,-1.3634,-0.2049,-0.8773,-0.7835,0.296,GO_GOAL
16.278,-0.9112,-0.7825,0.6238,-1.3616,-0.2025,-0.8773,-0.7835,0.2945,GO_GOAL
16.298,-0.9088,-0.7808,0.6238,-1.3581,-0.1976,-0.8773,-0.7835,0.293,GO_GOAL
16.318,-0.9064,-0.779,0.6238,-1.3581,-0.1976,-0.8627,-0.773,0.2915,GO_GOAL
16.338,-0.9039,-0.7773,0.6238,-1.3564,-0.1951,-0.8627,-0.773,0.2901,GO_GOAL
16.358,-0.9015,-0.7755,0.6238,-1.3547,-0.1927,-0.8627,-0.773,0.2886,GO_GOAL
16.378,-0.8991,-0.7738,0.6238,-1.3529,-0.1902,-0.8627,-0.773,0.2872,GO_GOAL
16.398,-0.8966,-0.772,0.6238,-1.3512,-0.1878,-0.8627,-0.773,0.2858,GO_GOAL
16.418,-0.8942,-0.7703,0.6238,-1.3495,-0.1854,-0.853,-0.766,0.2843,GO_GOAL
16.438,-0.8918,-0.7685,0.6238,-1.3477,-0.1829,-0.853,-0.766,0.2829,GO_GOAL
16.458,-0.8893,-0.7668,0.6238,-1.346,-0.1805,-0.853,-0.766,0.2815,GO_GOAL
16.478,-0.8869,-0.765,0.6238,-1.3443,-0.178,-0.853,-0.766,0.2802,GO_GOAL
16.498,-0.8845,-0.7633,0.6238,-1.3425,-0.1756,-0.853,-0.766,0.2788,GO_GOAL
16.518,-0.882,-0.7615,0.6238,-1.3408,-0.1731,-0.8408,-0.7572,0.2774,GO_GOAL
16.538,-0.8796,-0.7598,0.6238,-1.3373,-0.1682,-0.8408,-0.7572,0.2761,GO_GOAL
16.558,-0.8771,-0.758,0.6238,-1.3373,-0.1682,-0.8408,-0.7572,0.2748,GO_GOAL
16.578,-0.8747,-0.7562,0.6238,-1.3356,-0.1658,-0.8408,-0.7572,0.2735,GO_GOAL
16.598,-0.8723,-0.7545,0.6238,-1.3338,-0.1633,-0.8408,-0.7572,0.2721,GO_GOAL
16.618,-0.8698,-0.7527,0.6238,-1.3304,-0.1584,-0.8287,-0.7485,0.2709,GO_GOAL
16.638,-0.8674,-0.751,0.6238,-1.3304,-0.1584,-0.8287,-0.7485,0.2696,GO_GOAL
16.658,-0.865,-0.7492,0.6238,-1.3286,-0.156,-0.8287,-0.7485,0.2683,GO_GOAL
16.678,-0.8625,-0.7475,0.6238,-1.3269,-0.1536,-0.8287,-0.7485,0.267,GO_GOAL
16.698,-0.8601,-0.7457,0.6238,-1.3252,-0.1511,-0.8287,-0.7485,0.2658,GO_GOAL
16.718,-0.8577,-0.744,0.6238,-1.3234,-0.1487,-0.8165,-0.7397,0.2646,GO_GOAL
16.738,-0.8552,-0.7422,0.6238,-1.3217,-0.1462,-0.8165,-0.7397,0.2634,GO_GOAL
16.758,-0.8528,-0.7405,0.6238,-1.3199,-0.1438,-0.8165,-0.7397,0.2622,GO_GOAL
16.778,-0.8504,-0.7387,0.6238,-1.3182,-0.1413,-0.8165,-0.7397,0.261,GO_GOAL
16.798,-0.8479,-0.737,0.6238,-1.3165,-0.1389,-0.8165,-0.7397,0.2598,GO_GOAL
16.818,-0.8455,-0.7352,0.6238,-1.3147,-0.1364,-0.8043,-0.7309,0.2586,GO_GOAL
16.838,-0.8431,-0.7335,0.6238,-1.313,-0.134,-0.8043,-0.7309,0.2575,GO_GOAL
16.858,-0.8406,-0.7317,0.6238,-1.3113,-0.1315,-0.8043,-0.7309,0.2563,GO_GOAL
16.878,-0.8382,-0.73,0.6238,-1.3095,-0.1291,-0.8043,-0.7309,0.2552,GO_GOAL
16.898,-0.8358,-0.7282,0.6238,-1.3078,-0.1266,-0.8043,-0.7309,0.2541,GO_GOAL
16.918,-0.8333,-0.7265,0.6238,-1.3061,-0.1242,-0.7897,-0.7204,0.253,GO_GOAL
16.938,-0.8309,-0.7247,0.6238,-1.3026,-0.1193,-0.7897,-0.7204,0.2519,GO_GOAL
16.958,-0.8284,-0.723,0.6238,-1.3026,-0.1193,-0.7897,-0.7204,0.2509,GO_GOAL
16.978,-0.826,-0.7212,0.6238,-1.3009,-0.1169,-0.7897,-0.7204,0.2498,GO_GOAL
16.998,-0.8236,-0.7194,0.6238,-1.2991,-0.1144,-0.7897,-0.7204,0.2488,GO_GOAL
17.018,-0.8211,-0.7177,0.6238,-1.2956,-0.1095,-0.78,-0.7134,0.2477,GO_GOAL
17.038,-0.8187,-0.7159,0.6238,-1.2956,-0.1095,-0.78,-0.7134,0.2467,GO_GOAL
17.058,-0.8163,-0.7142,0.6238,-1.2939,-0.1071,-0.78,-0.7134,0.2457,GO_GOAL
17.078,-0.8138,-0.7124,0.6238,-1.2922,-0.1046,-0.78,-0.7134,0.2448,GO_GOAL
17.098,-0.8114,-0.7107,0.6238,-1.2904,-0.1022,-0.78,-0.7134,0.2438,GO_GOAL
17.118,-0.809,-0.7089,0.6238,-1.287,-0.0973,-0.7678,-0.7046,0.2428,GO_GOAL
17.138,-0.8065,-0.7072,0.6238,-1.287,-0.0973,-0.7678,-0.7046,0.2419,GO_GOAL
17.158,-0.8041,-0.7054,0.6238,-1.2852,-0.0948,-0.7678,-0.7046,0.241,GO_GOAL
17.178,-0.8017,-0.7037,0.6238,-1.2835,-0.0924,-0.7678,-0.7046,0.2401,GO_GOAL
17.198,-0.7992,-0.7019,0.6238,-1.28,-0.0875,-0.7678,-0.7046,0.2392,GO_GOAL
17.218,-0.7968,-0.7002,0.6238,-1.28,-0.0875,-0.7556,-0.6959,0.2383,GO_GOAL
17.238,-0.7944,-0.6984,0.6238,-1.2783,-0.085,-0.7556,-0.6959,0.2374,GO_GOAL
17.258,-0.7919,-0.6967,0.6238,-1.2765,-0.0826,-0.7556,-0.6959,0.2366,GO_GOAL
17.278,-0.7895,-0.6949,0.6238,-1.2748,-0.0802,-0.7556,-0.6959,0.2358,GO_GOAL
17.298,-0.7871,-0.6932,0.6238,-1.2713,-0.0753,-0.7556,-0.6959,0.2349,GO_GOAL
17.318,-0.7846,-0.6914,0.6238,-1.2713,-0.0753,-0.741,-0.6854,0.2341,GO_GOAL
17.338,-0.7822,-0.6897,0.6238,-1.2696,-0.0728,-0.741,-0.6854,0.2333,GO_GOAL
17.358,-0.7797,-0.6879,0.6238,-1.2679,-0.0704,-0.741,-0.6854,0.2326,GO_GOAL
17.378,-0.7773,-0.6862,0.6238,-1.2661,-0.0679,-0.741,-0.6854,0.2318,GO_GOAL
17.398,-0.7749,-0.6844,0.6238,-1.2644,-0.0655,-0.741,-0.6854,0.2311,GO_GOAL
17.418,-0.7724,-0.6826,0.6238,-1.2627,-0.063,-0.7313,-0.6784,0.2303,GO_GOAL
17.438,-0.77,-0.6809,0.6238,-1.2609,-0.0606,-0.7313,-0.6784,0.2296,GO_GOAL
17.458,-0.7676,-0.6791,0.6238,-1.2592,-0.0581,-0.7313,-0.6784,0.2289,GO_GOAL
17.478,-0.7651,-0.6774,0.6238,-1.2574,-0.0557,-0.7313,-0.6784,0.2283,GO_GOAL
17.498,-0.7627,-0.6756,0.6238,-1.254,-0.0508,-0.7313,-0.6784,0.2276,GO_GOAL
17.518,-0.7603,-0.6739,0.6238,-1.254,-0.0508,-0.7191,-0.6696,0.227,GO_GOAL
17.538,-0.7578,-0.6721,0.6238,-1.2522,-0.0483,-0.7191,-0.6696,0.2263,GO_GOAL
17.558,-0.7554,-0.6704,0.6238,-1.2505,-0.0459,-0.7191,-0.6696,0.2257,GO_GOAL
17.578,-0.753,-0.6686,0.6238,-1.2488,-0.0435,-0.7191,-0.6696,0.2251,GO_GOAL
17.598,-0.7505,-0.6669,0.6238,-1.247,-0.041,-0.7191,-0.6696,0.2245,GO_GOAL
17.618,-0.7481,-0.6651,0.6238,-1.2453,-0.0386,-0.7069,-0.6608,0.224,GO_GOAL
17.638,-0.7457,-0.6634,0.6238,-1.2436,-0.0361,-0.7069,-0.6608,0.2234,GO_GOAL
17.658,-0.7432,-0.6616,0.6238,-1.2418,-0.0337,-0.7069,-0.6608,0.2229,GO_GOAL
17.678,-0.7408,-0.6599,0.6238,-1.2401,-0.0312,-0.7069,-0.6608,0.2224,GO_GOAL
17.698,-0.7384,-0.6581,0.6238,-1.2383,-0.0288,-0.7069,-0.6608,0.2219,GO_GOAL
17.718,-0.7359,-0.6564,0.6238,-1.2366,-0.0263,-0.6948,-0.6521,0.2214,GO_GOAL
17.738,-0.7335,-0.6546,0.6238,-1.2349,-0.0239,-0.6948,-0.6521,0.2209,GO_GOAL
17.758,-0.7311,-0.6529,0.6238,-1.2331,-0.0214,-0.6948,-0.6521,0.2205,GO_GOAL
17.778,-0.7286,-0.6511,0.6238,-1.2314,-0.019,-0.6948,-0.6521,0.22,GO_GOAL
17.798,-0.7262,-0.6493,0.6238,-1.2297,-0.0165,-0.6948,-0.6521,0.2196,GO_GOAL
17.818,-0.7237,-0.6476,0.6238,-1.2279,-0.0141,-0.6826,-0.6433,0.2192,GO_GOAL
17.838,-0.7213,-0.6458,0.6238,-1.2262,-0.0117,-0.6826,-0.6433,0.2188,GO_GOAL
17.858,-0.7189,-0.6441,0.6238,-1.2245,-0.0092,-0.6826,-0.6433,0.2185,GO_GOAL
17.878,-0.7164,-0.6423,0.6238,-1.2227,-0.0068,-0.6826,-0.6433,0.2181,GO_GOAL
17.898,-0.714,-0.6406,0.6238,-1.2192,-0.0019,-0.6826,-0.6433,0.2178,GO_GOAL
17.918,-0.7116,-0.6388,0.6238,-1.2175,0.0006,-0.6704,-0.6345,0.2175,GO_GOAL
17.938,-0.7091,-0.6371,0.6238,-1.2175,0.0006,-0.6704,-0.6345,0.2172,GO_GOAL
17.958,-0.7067,-0.6353,0.6238,-1.2158,0.003,-0.6704,-0.6345,0.2169,GO_GOAL
17.978,-0.7043,-0.6336,0.6238,-1.2123,0.0079,-0.6704,-0.6345,0.2166,GO_GOAL
17.998,-0.7018,-0.6318,0.6238,-1.2123,0.0079,-0.6704,-0.6345,0.2164,GO_GOAL
18.018,-0.6994,-0.6301,0.6238,-1.2106,0.0104,-0.6582,-0.6258,0.2161,GO_GOAL
18.038,-0.697,-0.6283,0.6238,-1.2088,0.0128,-0.6582,-0.6258,0.2159,GO_GOAL
18.058,-0.6945,-0.6266,0.6238,-1.2054,0.0177,-0.6582,-0.6258,0.2157,GO_GOAL
18.078,-0.6921,-0.6248,0.6238,-1.2054,0.0177,-0.6582,-0.6258,0.2155,GO_GOAL
18.098,-0.6897,-0.6231,0.6238,-1.2036,0.0202,-0.6582,-0.6258,0.2154,GO_GOAL
18.118,-0.6872,-0.6213,0.6238,-1.2001,0.025,-0.6461,-0.617,0.2152,GO_GOAL
18.138,-0.6848,-0.6196,0.6238,-1.1984,0.0275,-0.6461,-0.617,0.2151,GO_GOAL
18.158,-0.6824,-0.6178,0.6238,-1.1984,0.0275,-0.6461,-0.617,0.215,GO_GOAL
18.178,-0.6799,-0.6161,0.6238,-1.1967,0.0299,-0.6461,-0.617,0.2149,GO_GOAL
18.198,-0.6775,-0.6143,0.6238,-1.1949,0.0324,-0.6461,-0.617,0.2148,GO_GOAL
18.218,-0.675,-0.6125,0.6238,-1.1932,0.0348,-0.6339,-0.6082,0.2147,GO_GOAL
18.238,-0.6726,-0.6108,0.6238,-1.1915,0.0373,-0.6339,-0.6082,0.2147,GO_GOAL
18.258,-0.6702,-0.609,0.6238,-1.1897,0.0397,-0.6339,-0.6082,0.2147,GO_GOAL
18.278,-0.6677,-0.6073,0.6238,-1.1863,0.0446,-0.6339,-0.6082,0.2147,GO_GOAL
18.298,-0.6653,-0.6055,0.6238,-1.1863,0.0446,-0.6339,-0.6082,0.2147,GO_GOAL
18.318,-0.6629,-0.6038,0.6238,-1.1828,0.0495,-0.6217,-0.5995,0.2147,GO_GOAL
18.338,-0.6604,-0.602,0.6238,-1.181,0.052,-0.6217,-0.5995,0.2147,GO_GOAL
18.358,-0.658,-0.6003,0.6238,-1.181,0.052,-0.6217,-0.5995,0.2148,GO_GOAL
18.378,-0.6556,-0.5985,0.6238,-1.1793,0.0544,-0.6217,-0.5995,0.2149,GO_GOAL
18.398,-0.6531,-0.5968,0.6238,-1.1758,0.0593,-0.6217,-0.5995,0.215,GO_GOAL
18.418,-0.6507,-0.595,0.6238,-1.1758,0.0593,-0.6096,-0.5907,0.2151,GO_GOAL
18.438,-0.6483,-0.5933,0.6238,-1.1741,0.0617,-0.6096,-0.5907,0.2152,GO_GOAL
18.458,-0.6458,-0.5915,0.6238,-1.1706,0.0666,-0.6096,-0.5907,0.2153,GO_GOAL
18.478,-0.6434,-0.5898,0.6238,-1.1689,0.0691,-0.6096,-0.5907,0.2155,GO_GOAL
18.498,-0.641,-0.588,0.6238,-1.1689,0.0691,-0.6096,-0.5907,0.2157,GO_GOAL
18.518,-0.6385,-0.5863,0.6238,-1.1672,0.0715,-0.5974,-0.5819,0.2159,GO_GOAL
18.538,-0.6361,-0.5845,0.6238,-1.1654,0.074,-0.5974,-0.5819,0.2161,GO_GOAL
18.558,-0.6337,-0.5828,0.6238,-1.1637,0.0764,-0.5974,-0.5819,0.2163,GO_GOAL
18.578,-0.6312,-0.581,0.6238,-1.162,0.0789,-0.5974,-0.5819,0.2166,GO_GOAL
18.598,-0.6288,-0.5793,0.6238,-1.1602,0.0813,-0.5974,-0.5819,0.2168,GO_GOAL
18.618,-0.6263,-0.5775,0.6238,-1.1567,0.0862,-0.5852,-0.5732,0.2171,GO_GOAL
18.638,-0.6239,-0.5757,0.6238,-1.1567,0.0862,-0.5852,-0.5732,0.2174,GO_GOAL
18.658,-0.6215,-0.574,0.6238,-1.155,0.0887,-0.5852,-0.5732,0.2177,GO_GOAL
18.678,-0.619,-0.5722,0.6238,-1.1533,0.0911,-0.5852,-0.5732,0.2181,GO_GOAL
18.698,-0.6166,-0.5705,0.6238,-1.1515,0.0935,-0.5852,-0.5732,0.2184,GO_GOAL
18.718,-0.6142,-0.5687,0.6238,-1.1498,0.096,-0.573,-0.5644,0.2188,GO_GOAL
18.738,-0.6117,-0.567,0.6238,-1.1463,0.1009,-0.573,-0.5644,0.2192,GO_GOAL
18.758,-0.6093,-0.5652,0.6238,-1.1463,0.1009,-0.573,-0.5644,0.2195,GO_GOAL
18.778,-0.6069,-0.5635,0.6238,-1.1446,0.1033,-0.573,-0.5644,0.22,GO_GOAL
18.798,-0.6044,-0.5617,0.6238,-1.1429,0.1058,-0.573,-0.5644,0.2204,GO_GOAL
18.818,-0.602,-0.56,0.6238,-1.1411,0.1082,-0.5609,-0.5556,0.2208,GO_GOAL
18.838,-0.5996,-0.5582,0.6238,-1.1394,0.1107,-0.5609,-0.5556,0.2213,GO_GOAL
18.858,-0.5971,-0.5565,0.6238,-1.1376,0.1131,-0.5609,-0.5556,0.2218,GO_GOAL
18.878,-0.5947,-0.5547,0.6238,-1.1359,0.1156,-0.5609,-0.5556,0.2223,GO_GOAL
18.898,-0.5923,-0.553,0.6238,-1.1342,0.118,-0.5487,-0.5469,0.2228,GO_GOAL
18.918,-0.5898,-0.5512,0.6238,-1.1324,0.1205,-0.5487,-0.5469,0.2233,GO_GOAL
18.938,-0.5874,-0.5495,0.6238,-1.1307,0.1229,-0.5487,-0.5469,0.2239,GO_GOAL
18.958,-0.585,-0.5477,0.6238,-1.129,0.1254,-0.5487,-0.5469,0.2244,GO_GOAL
18.978,-0.5825,-0.546,0.6238,-1.1272,0.1278,-0.5487,-0.5469,0.225,GO_GOAL
18.998,-0.5801,-0.5442,0.6238,-1.1255,0.1302,-0.5487,-0.5469,0.2256,GO_GOAL
19.018,-0.5776,-0.5425,0.6238,-1.1238,0.1327,-0.5365,-0.5381,0.2262,GO_GOAL
19.038,-0.5752,-0.5407,0.6238,-1.122,0.1351,-0.5365,-0.5381,0.2269,GO_GOAL
19.058,-0.5728,-0.5389,0.6238,-1.1203,0.1376,-0.5365,-0.5381,0.2275,GO_GOAL
19.078,-0.5703,-0.5372,0.6238,-1.1185,0.14,-0.5365,-0.5381,0.2282,GO_GOAL
19.098,-0.5679,-0.5354,0.6238,-1.1151,0.1449,-0.5365,-0.5381,0.2288,GO_GOAL
19.118,-0.5655,-0.5337,0.6238,-1.1151,0.1449,-0.5244,-0.5293,0.2295,GO_GOAL
19.138,-0.563,-0.5319,0.6238,-1.1133,0.1474,-0.5244,-0.5293,0.2302,GO_GOAL
19.158,-0.5606,-0.5302,0.6238,-1.1116,0.1498,-0.5244,-0.5293,0.231,GO_GOAL
19.178,-0.5582,-0.5284,0.6238,-1.1099,0.1523,-0.5244,-0.5293,0.2317,GO_GOAL
19.198,-0.5557,-0.5267,0.6238,-1.1081,0.1547,-0.5244,-0.5293,0.2324,GO_GOAL
19.218,-0.5533,-0.5249,0.6238,-1.1064,0.1572,-0.5122,-0.5206,0.2332,GO_GOAL
19.238,-0.5509,-0.5232,0.6238,-1.1047,0.1596,-0.5122,-0.5206,0.234,GO_GOAL
19.258,-0.5484,-0.5214,0.6238,-1.1029,0.1621,-0.5122,-0.5206,0.2348,GO_GOAL
19.278,-0.546,-0.5197,0.6238,-1.1012,0.1645,-0.5122,-0.5206,0.2356,GO_GOAL
19.298,-0.5436,-0.5179,0.6238,-1.0994,0.1669,-0.5122,-0.5206,0.2365,GO_GOAL
19.318,-0.5411,-0.5162,0.6238,-1.0977,0.1694,-0.5,-0.5118,0.2373,GO_GOAL
19.338,-0.5387,-0.5144,0.6238,-1.096,0.1718,-0.5,-0.5118,0.2382,GO_GOAL
19.358,-0.5363,-0.5127,0.6238,-1.0942,0.1743,-0.5,-0.5118,0.239,GO_GOAL
19.378,-0.5338,-0.5109,0.6238,-1.0925,0.1767,-0.5,-0.5118,0.2399,GO_GOAL
19.398,-0.5314,-0.5092,0.6238,-1.0908,0.1792,-0.5,-0.5118,0.2408,GO_GOAL
19.418,-0.5289,-0.5074,0.6238,-1.0873,0.1841,-0.4878,-0.503,0.2418,GO_GOAL
19.438,-0.5265,-0.5057,0.6238,-1.0856,0.1865,-0.4878,-0.503,0.2427,GO_GOAL
19.458,-0.5241,-0.5039,0.6238,-1.0856,0.1865,-0.4878,-0.503,0.2436,GO_GOAL
19.478,-0.5216,-0.5021,0.6238,-1.0838,0.189,-0.4878,-0.503,0.2446,GO_GOAL
19.498,-0.5192,-0.5004,0.6238,-1.0821,0.1914,-0.4878,-0.503,0.2456,GO_GOAL
19.518,-0.5168,-0.4986,0.6238,-1.0803,0.1939,-0.4757,-0.4943,0.2466,GO_GOAL
19.538,-0.5143,-0.4969,0.6238,-1.0786,0.1963,-0.4757,-0.4943,0.2476,GO_GOAL
19.558,-0.5119,-0.4951,0.6238,-1.0769,0.1987,-0.4757,-0.4943,0.2486,GO_GOAL
19.578,-0.5095,-0.4934,0.6238,-1.0751,0.2012,-0.4757,-0.4943,0.2496,GO_GOAL
19.598,-0.507,-0.4916,0.6238,-1.0717,0.2061,-0.4635,-0.4855,0.2507,GO_GOAL
19.618,-0.5046,-0.4899,0.6238,-1.0717,0.2061,-0.4635,-0.4855,0.2518,GO_GOAL
19.638,-0.5022,-0.4881,0.6238,-1.0699,0.2085,-0.4635,-0.4855,0.2528,GO_GOAL
19.658,-0.4997,-0.4864,0.6238,-1.0682,0.211,-0.4635,-0.4855,0.2539,GO_GOAL
19.678,-0.4973,-0.4846,0.6238,-1.0665,0.2134,-0.4635,-0.4855,0.255,GO_GOAL
19.698,-0.4949,-0.4829,0.6238,-1.0647,0.2159,-0.4635,-0.4855,0.2562,GO_GOAL
19.718,-0.4924,-0.4811,0.6238,-1.063,0.2183,-0.4513,-0.4767,0.2573,GO_GOAL
19.738,-0.49,-0.4794,0.6238,-1.0612,0.2208,-0.4513,-0.4767,0.2584,GO_GOAL
19.758,-0.4876,-0.4776,0.6238,-1.0578,0.2257,-0.4513,-0.4767,0.2596,GO_GOAL
19.778,-0.4851,-0.4759,0.6238,-1.0578,0.2257,-0.4513,-0.4767,0.2608,GO_GOAL
19.798,-0.4827,-0.4741,0.6238,-1.056,0.2281,-0.4513,-0.4767,0.262,GO_GOAL
19.818,-0.4802,-0.4724,0.6238,-1.0543,0.2306,-0.4391,-0.468,0.2632,GO_GOAL
19.838,-0.4778,-0.4706,0.6238,-1.0526,0.233,-0.4391,-0.468,0.2644,GO_GOAL
19.858,-0.4754,-0.4689,0.6238,-1.0508,0.2354,-0.4391,-0.468,0.2656,GO_GOAL
19.878,-0.4729,-0.4671,0.6238,-1.0491,0.2379,-0.4391,-0.468,0.2669,GO_GOAL
19.898,-0.4705,-0.4653,0.6238,-1.0456,0.2428,-0.4391,-0.468,0.2681,GO_GOAL
19.918,-0.4681,-0.4636,0.6238,-1.0439,0.2452,-0.427,-0.4592,0.2694,GO_GOAL
19.938,-0.4656,-0.4618,0.6238,-1.0439,0.2452,-0.427,-0.4592,0.2707,GO_GOAL
19.958,-0.4632,-0.4601,0.6238,-1.0422,0.2477,-0.427,-0.4592,0.2719,GO_GOAL
19.978,-0.4608,-0.4583,0.6238,-1.0404,0.2501,-0.427,-0.4592,0.2732,GO_GOAL
19.998,-0.4583,-0.4566,0.6238,-1.0387,0.2526,-0.427,-0.4592,0.2746,GO_GOAL
20.018,-0.4559,-0.4548,0.6238,-1.0369,0.255,-0.4148,-0.4504,0.2759,GO_GOAL
20.038,-0.4535,-0.4531,0.6238,-1.0352,0.2575,-0.4148,-0.4504,0.2772,GO_GOAL
20.058,-0.451,-0.4513,0.6238,-1.0335,0.2599,-0.4148,-0.4504,0.2786,GO_GOAL
20.078,-0.4486,-0.4496,0.6238,-1.0317,0.2624,-0.4148,-0.4504,0.28,GO_GOAL
20.098,-0.4462,-0.4478,0.6238,-1.03,0.2648,-0.4148,-0.4504,0.2813,GO_GOAL
20.118,-0.4437,-0.4461,0.6238,-1.0283,0.2673,-0.4026,-0.4417,0.2827,GO_GOAL
20.138,-0.4413,-0.4443,0.6238,-1.0265,0.2697,-0.4026,-0.4417,0.2841,GO_GOAL
20.158,-0.4389,-0.4426,0.6238,-1.0248,0.2721,-0.4026,-0.4417,0.2855,GO_GOAL
20.178,-0.4364,-0.4408,0.6238,-1.0231,0.2746,-0.4026,-0.4417,0.287,GO_GOAL
20.198,-0.434,-0.4391,0.6238,-1.0213,0.277,-0.4026,-0.4417,0.2884,GO_GOAL
20.218,-0.4316,-0.4373,0.6238,-1.0196,0.2795,-0.3905,-0.4329,0.2898,GO_GOAL
20.238,-0.4291,-0.4356,0.6238,-1.0178,0.2819,-0.3905,-0.4329,0.2913,GO_GOAL
20.258,-0.4267,-0.4338,0.6238,-1.0161,0.2844,-0.3905,-0.4329,0.2928,GO_GOAL
20.278,-0.4242,-0.432,0.6238,-1.0144,0.2868,-0.3905,-0.4329,0.2943,GO_GOAL
20.298,-0.4218,-0.4303,0.6238,-1.0109,0.2917,-0.3905,-0.4329,0.2958,GO_GOAL
20.318,-0.4194,-0.4285,0.6238,-1.0109,0.2917,-0.3783,-0.4241,0.2973,GO_GOAL
20.338,-0.4169,-0.4268,0.6238,-1.0092,0.2942,-0.3783,-0.4241,0.2988,GO_GOAL
20.358,-0.4145,-0.425,0.6238,-1.0074,0.2966,-0.3783,-0.4241,0.3003,GO_GOAL
20.378,-0.4121,-0.4233,0.6238,-1.004,0.3015,-0.3783,-0.4241,0.3018,GO_GOAL
20.398,-0.4096,-0.4215,0.6238,-1.004,0.3015,-0.3783,-0.4241,0.3034,GO_GOAL
20.418,-0.4072,-0.4198,0.6238,-1.0022,0.304,-0.3661,-0.4154,0.3049,GO_GOAL
20.438,-0.4048,-0.418,0.6238,-1.0005,0.3064,-0.3661,-0.4154,0.3065,GO_GOAL
20.458,-0.4023,-0.4163,0.6238,-0.997,0.3113,-0.3661,-0.4154,0.3081,GO_GOAL
20.478,-0.3999,-0.4145,0.6238,-0.997,0.3113,-0.3661,-0.4154,0.3097,GO_GOAL
20.498,-0.3975,-0.4128,0.6238,-0.9935,0.3162,-0.3661,-0.4154,0.3113,GO_GOAL
20.518,-0.395,-0.411,0.6238,-0.9918,0.3186,-0.3539,-0.4066,0.3129,GO_GOAL
20.538,-0.3926,-0.4093,0.6238,-0.9918,0.3186,-0.3539,-0.4066,0.3145,GO_GOAL
20.558,-0.3902,-0.4075,0.6238,-0.9883,0.3235,-0.3539,-0.4066,0.3162,GO_GOAL
20.578,-0.3877,-0.4058,0.6238,-0.9883,0.3235,-0.3539,-0.4066,0.3178,GO_GOAL
20.598,-0.3853,-0.404,0.6238,-0.9866,0.326,-0.3539,-0.4066,0.3195,GO_GOAL
20.618,-0.3829,-0.4023,0.6238,-0.9849,0.3284,-0.3418,-0.3978,0.3211,GO_GOAL
20.638,-0.3804,-0.4005,0.6238,-0.9831,0.3309,-0.3418,-0.3978,0.3228,GO_GOAL
20.658,-0.378,-0.3988,0.6238,-0.9814,0.3333,-0.3418,-0.3978,0.3245,GO_GOAL
20.678,-0.3755,-0.397,0.6238,-0.9796,0.3358,-0.3418,-0.3978,0.3262,GO_GOAL
20.698,-0.3731,-0.3952,0.6238,-0.9779,0.3382,-0.3418,-0.3978,0.3279,GO_GOAL
20.718,-0.3707,-0.3935,0.6238,-0.9762,0.3406,-0.3296,-0.3891,0.3296,GO_GOAL
20.738,-0.3682,-0.3917,0.6238,-0.9727,0.3455,-0.3296,-0.3891,0.3313,GO_GOAL
20.758,-0.3658,-0.39,0.6238,-0.971,0.348,-0.3296,-0.3891,0.333,GO_GOAL
20.778,-0.3634,-0.3882,0.6238,-0.971,0.348,-0.3296,-0.3891,0.3348,GO_GOAL
20.798,-0.3609,-0.3865,0.6238,-0.9692,0.3504,-0.3296,-0.3891,0.3365,GO_GOAL
20.818,-0.3585,-0.3847,0.6238,-0.9658,0.3553,-0.3174,-0.3803,0.3383,GO_GOAL
20.838,-0.3561,-0.383,0.6238,-0.9658,0.3553,-0.3174,-0.3803,0.34,GO_GOAL
20.858,-0.3536,-0.3812,0.6238,-0.9623,0.3602,-0.3174,-0.3803,0.3418,GO_GOAL
20.878,-0.3512,-0.3795,0.6238,-0.9623,0.3602,-0.3174,-0.3803,0.3436,GO_GOAL
20.898,-0.3488,-0.3777,0.6238,-0.9605,0.3627,-0.3174,-0.3803,0.3454,GO_GOAL
20.918,-0.3463,-0.376,0.6238,-0.9588,0.3651,-0.3053,-0.3715,0.3472,GO_GOAL
20.938,-0.3439,-0.3742,0.6238,-0.9571,0.3676,-0.3053,-0.3715,0.349,GO_GOAL
20.958,-0.3415,-0.3725,0.6238,-0.9553,0.37,-0.3053,-0.3715,0.3508,GO_GOAL
20.978,-0.339,-0.3707,0.6238,-0.9536,0.3725,-0.3053,-0.3715,0.3527,GO_GOAL
20.998,-0.3366,-0.369,0.6238,-0.9519,0.3749,-0.3053,-0.3715,0.3545,GO_GOAL
21.018,-0.3342,-0.3672,0.6238,-0.9501,0.3773,-0.2931,-0.3628,0.3563,GO_GOAL
21.038,-0.3317,-0.3655,0.6238,-0.9467,0.3822,-0.2931,-0.3628,0.3582,GO_GOAL
21.058,-0.3293,-0.3637,0.6238,-0.9467,0.3822,-0.2931,-0.3628,0.36,GO_GOAL
21.078,-0.3268,-0.362,0.6238,-0.9449,0.3847,-0.2931,-0.3628,0.3619,GO_GOAL
21.098,-0.3244,-0.3602,0.6238,-0.9432,0.3871,-0.2931,-0.3628,0.3638,GO_GOAL
21.118,-0.322,-0.3584,0.6238,-0.9397,0.392,-0.2809,-0.354,0.3657,GO_GOAL
21.138,-0.3195,-0.3567,0.6238,-0.9397,0.392,-0.2809,-0.354,0.3676,GO_GOAL
21.158,-0.3171,-0.3549,0.6238,-0.938,0.3945,-0.2809,-0.354,0.3695,GO_GOAL
21.178,-0.3147,-0.3532,0.6238,-0.9362,0.3969,-0.2809,-0.354,0.3714,GO_GOAL
21.198,-0.3122,-0.3514,0.6238,-0.9345,0.3994,-0.2809,-0.354,0.3733,GO_GOAL
21.218,-0.3098,-0.3497,0.6238,-0.931,0.4043,-0.2687,-0.3452,0.3752,GO_GOAL
21.238,-0.3074,-0.3479,0.6238,-0.931,0.4043,-0.2687,-0.3452,0.3772,GO_GOAL
21.258,-0.3049,-0.3462,0.6238,-0.9276,0.4092,-0.2687,-0.3452,0.3791,GO_GOAL
21.278,-0.3025,-0.3444,0.6238,-0.9276,0.4092,-0.2687,-0.3452,0.3811,GO_GOAL
21.298,-0.3001,-0.3427,0.6238,-0.9258,0.4116,-0.2687,-0.3452,0.383,GO_GOAL
21.318,-0.2976,-0.3409,0.6238,-0.9241,0.414,-0.2566,-0.3365,0.385,GO_GOAL
21.338,-0.2952,-0.3392,0.6238,-0.9224,0.4165,-0.2566,-0.3365,0.3869,GO_GOAL
21.358,-0.2928,-0.3374,0.6238,-0.9206,0.4189,-0.2566,-0.3365,0.3889,GO_GOAL
21.378,-0.2903,-0.3357,0.6238,-0.9189,0.4214,-0.2566,-0.3365,0.3909,GO_GOAL
21.398,-0.2879,-0.3339,0.6238,-0.9154,0.4263,-0.2566,-0.3365,0.3929,GO_GOAL
21.418,-0.2855,-0.3322,0.6238,-0.9154,0.4263,-0.2444,-0.3277,0.3949,GO_GOAL
21.438,-0.283,-0.3304,0.6238,-0.9119,0.4312,-0.2444,-0.3277,0.3969,GO_GOAL
21.458,-0.2806,-0.3287,0.6238,-0.9119,0.4312,-0.2444,-0.3277,0.3989,GO_GOAL
21.478,-0.2781,-0.3269,0.6238,-0.9102,0.4336,-0.2444,-0.3277,0.4009,GO_GOAL
21.498,-0.2757,-0.3252,0.6238,-0.9085,0.4361,-0.2444,-0.3277,0.403,GO_GOAL
21.518,-0.2733,-0.3234,0.6238,-0.9067,0.4385,-0.2322,-0.3189,0.405,GO_GOAL
21.538,-0.2708,-0.3216,0.6238,-0.905,0.441,-0.2322,-0.3189,0.4071,GO_GOAL
21.558,-0.2684,-0.3199,0.6238,-0.9033,0.4434,-0.2322,-0.3189,0.4091,GO_GOAL
21.578,-0.266,-0.3181,0.6238,-0.9015,0.4458,-0.2322,-0.3189,0.4112,GO_GOAL
21.598,-0.2635,-0.3164,0.6238,-0.8998,0.4483,-0.2322,-0.3189,0.4132,GO_GOAL
21.618,-0.2611,-0.3146,0.6238,-0.898,0.4507,-0.2201,-0.3102,0.4153,GO_GOAL
21.638,-0.2587,-0.3129,0.6238,-0.8963,0.4532,-0.2201,-0.3102,0.4165,GO_GOAL
21.658,-0.2562,-0.3111,0.6238,-0.8946,0.4556,-0.2201,-0.3102,0.4172,GO_GOAL
21.678,-0.2538,-0.3094,0.6238,-0.8928,0.4581,-0.2201,-0.3102,0.4178,GO_GOAL
21.698,-0.2514,-0.3076,0.6238,-0.8911,0.4605,-0.2201,-0.3102,0.4185,GO_GOAL
21.718,-0.2489,-0.3059,0.6238,-0.8876,0.4654,-0.2054,-0.2997,0.4192,GO_GOAL
21.738,-0.2465,-0.3041,0.6238,-0.8876,0.4654,-0.2054,-0.2997,0.4199,GO_GOAL
21.758,-0.2441,-0.3024,0.6238,-0.8859,0.4679,-0.2054,-0.2997,0.4207,GO_GOAL
21.778,-0.2416,-0.3006,0.6238,-0.8842,0.4703,-0.2054,-0.2997,0.4214,GO_GOAL
21.798,-0.2392,-0.2989,0.6238,-0.8824,0.4728,-0.1957,-0.2926,0.4221,GO_GOAL
21.818,-0.2368,-0.2971,0.6238,-0.8789,0.4777,-0.1957,-0.2926,0.4229,GO_GOAL
21.838,-0.2343,-0.2954,0.6238,-0.8789,0.4777,-0.1957,-0.2926,0.4237,GO_GOAL
21.858,-0.2319,-0.2936,0.6238,-0.8772,0.4801,-0.1957,-0.2926,0.4245,GO_GOAL
21.878,-0.2294,-0.2919,0.6238,-0.8755,0.4825,-0.1957,-0.2926,0.4252,GO_GOAL
21.898,-0.227,-0.2901,0.6238,-0.8737,0.485,-0.1957,-0.2926,0.426,GO_GOAL
21.918,-0.2246,-0.2884,0.6238,-0.872,0.4874,-0.1835,-0.2839,0.4269,GO_GOAL
21.938,-0.2221,-0.2866,0.6238,-0.8703,0.4899,-0.1835,-0.2839,0.4277,GO_GOAL
21.958,-0.2197,-0.2848,0.6238,-0.8685,0.4923,-0.1835,-0.2839,0.4285,GO_GOAL
21.978,-0.2173,-0.2831,0.6238,-0.8668,0.4948,-0.1835,-0.2839,0.4294,GO_GOAL
21.998,-0.2148,-0.2813,0.6238,-0.8651,0.4972,-0.1835,-0.2839,0.4302,GO_GOAL
22.018,-0.2124,-0.2796,0.6238,-0.8633,0.4997,-0.1714,-0.2751,0.4311,GO_GOAL
22.038,-0.21,-0.2778,0.6238,-0.8616,0.5021,-0.1714,-0.2751,0.432,GO_GOAL
22.058,-0.2075,-0.2761,0.6238,-0.8598,0.5046,-0.1714,-0.2751,0.4329,GO_GOAL
22.078,-0.2051,-0.2743,0.6238,-0.8581,0.507,-0.1714,-0.2751,0.4338,GO_GOAL
22.098,-0.2027,-0.2726,0.6238,-0.8564,0.5095,-0.1714,-0.2751,0.4347,GO_GOAL
22.118,-0.2002,-0.2708,0.6238,-0.8529,0.5144,-0.1592,-0.2664,0.4356,GO_GOAL
22.138,-0.1978,-0.2691,0.6238,-0.8529,0.5144,-0.1592,-0.2664,0.4366,GO_GOAL
22.158,-0.1954,-0.2673,0.6238,-0.8494,0.5192,-0.1592,-0.2664,0.4375,GO_GOAL
22.178,-0.1929,-0.2656,0.6238,-0.8477,0.5217,-0.1592,-0.2664,0.4385,GO_GOAL
22.198,-0.1905,-0.2638,0.6238,-0.8477,0.5217,-0.1592,-0.2664,0.4394,GO_GOAL
22.218,-0.1881,-0.2621,0.6238,-0.846,0.5241,-0.147,-0.2576,0.4404,GO_GOAL
22.238,-0.1856,-0.2603,0.6238,-0.8442,0.5266,-0.147,-0.2576,0.4414,GO_GOAL
22.258,-0.1832,-0.2586,0.6238,-0.8425,0.529,-0.147,-0.2576,0.4424,GO_GOAL
22.278,-0.1807,-0.2568,0.6238,-0.8407,0.5315,-0.147,-0.2576,0.4434,GO_GOAL
22.298,-0.1783,-0.2551,0.6238,-0.839,0.5339,-0.147,-0.2576,0.4444,GO_GOAL
22.318,-0.1759,-0.2533,0.6238,-0.8373,0.5364,-0.1348,-0.2488,0.4455,GO_GOAL
22.338,-0.1734,-0.2516,0.6238,-0.8355,0.5388,-0.1348,-0.2488,0.4465,GO_GOAL
22.358,-0.171,-0.2498,0.6238,-0.8338,0.5413,-0.1348,-0.2488,0.4476,GO_GOAL
22.378,-0.1686,-0.248,0.6238,-0.8321,0.5437,-0.1348,-0.2488,0.4486,GO_GOAL
22.398,-0.1661,-0.2463,0.6238,-0.8303,0.5462,-0.1348,-0.2488,0.4497,GO_GOAL
22.418,-0.1637,-0.2445,0.6238,-0.8286,0.5486,-0.1227,-0.2401,0.4508,GO_GOAL
22.438,-0.1613,-0.2428,0.6238,-0.8269,0.551,-0.1227,-0.2401,0.4519,GO_GOAL
22.458,-0.1588,-0.241,0.6238,-0.8251,0.5535,-0.1227,-0.2401,0.453,GO_GOAL
22.478,-0.1564,-0.2393,0.6238,-0.8234,0.5559,-0.1227,-0.2401,0.4541,GO_GOAL
22.498,-0.154,-0.2375,0.6238,-0.8216,0.5584,-0.1227,-0.2401,0.4552,GO_GOAL
22.518,-0.1515,-0.2358,0.6238,-0.8182,0.5633,-0.1105,-0.2313,0.4564,GO_GOAL
22.538,-0.1491,-0.234,0.6238,-0.8182,0.5633,-0.1105,-0.2313,0.4575,GO_GOAL
22.558,-0.1467,-0.2323,0.6238,-0.8164,0.5657,-0.1105,-0.2313,0.4587,GO_GOAL
22.578,-0.1442,-0.2305,0.6238,-0.8147,0.5682,-0.1105,-0.2313,0.4598,GO_GOAL
22.598,-0.1418,-0.2288,0.6238,-0.813,0.5706,-0.1105,-0.2313,0.461,GO_GOAL
22.618,-0.1394,-0.227,0.6238,-0.8112,0.5731,-0.0983,-0.2225,0.4622,GO_GOAL
22.638,-0.1369,-0.2253,0.6238,-0.8095,0.5755,-0.0983,-0.2225,0.4634,GO_GOAL
22.658,-0.1345,-0.2235,0.6238,-0.8078,0.578,-0.0983,-0.2225,0.4646,GO_GOAL
22.678,-0.1321,-0.2218,0.6238,-0.806,0.5804,-0.0983,-0.2225,0.4658,GO_GOAL
22.698,-0.1296,-0.22,0.6238,-0.8043,0.5829,-0.0983,-0.2225,0.467,GO_GOAL
22.718,-0.1272,-0.2183,0.6238,-0.8026,0.5853,-0.0862,-0.2138,0.4683,GO_GOAL
22.738,-0.1247,-0.2165,0.6238,-0.7991,0.5902,-0.0862,-0.2138,0.4695,GO_GOAL
22.758,-0.1223,-0.2147,0.6238,-0.7973,0.5926,-0.0862,-0.2138,0.4708,GO_GOAL
22.778,-0.1199,-0.213,0.6238,-0.7973,0.5926,-0.0862,-0.2138,0.472,GO_GOAL
22.798,-0.1174,-0.2112,0.6238,-0.7956,0.5951,-0.0862,-0.2138,0.4733,GO_GOAL
22.818,-0.115,-0.2095,0.6238,-0.7939,0.5975,-0.074,-0.205,0.4746,GO_GOAL
22.838,-0.1126,-0.2077,0.6238,-0.7921,0.6,-0.074,-0.205,0.4759,GO_GOAL
22.858,-0.1101,-0.206,0.6238,-0.7904,0.6024,-0.074,-0.205,0.4772,GO_GOAL
22.878,-0.1077,-0.2042,0.6238,-0.7887,0.6049,-0.074,-0.205,0.4785,GO_GOAL
22.898,-0.1053,-0.2025,0.6238,-0.7852,0.6098,-0.074,-0.205,0.4798,GO_GOAL
22.918,-0.1028,-0.2007,0.6238,-0.7852,0.6098,-0.0594,-0.1945,0.4811,GO_GOAL
22.938,-0.1004,-0.199,0.6238,-0.7835,0.6122,-0.0594,-0.1945,0.4825,GO_GOAL
22.958,-0.098,-0.1972,0.6238,-0.7817,0.6147,-0.0594,-0.1945,0.4838,GO_GOAL
22.978,-0.0955,-0.1955,0.6238,-0.78,0.6171,-0.0594,-0.1945,0.4852,GO_GOAL
22.998,-0.0931,-0.1937,0.6238,-0.7765,0.622,-0.0594,-0.1945,0.4865,GO_GOAL
23.018,-0.0907,-0.192,0.6238,-0.7765,0.622,-0.0496,-0.1875,0.4879,GO_GOAL
23.038,-0.0882,-0.1902,0.6238,-0.7748,0.6244,-0.0496,-0.1875,0.4893,GO_GOAL
23.058,-0.0858,-0.1885,0.6238,-0.773,0.6269,-0.0496,-0.1875,0.4907,GO_GOAL
23.078,-0.0834,-0.1867,0.6238,-0.7713,0.6293,-0.0496,-0.1875,0.4921,GO_GOAL
23.098,-0.0809,-0.185,0.6238,-0.7696,0.6318,-0.0496,-0.1875,0.4935,GO_GOAL
23.118,-0.0785,-0.1832,0.6238,-0.7678,0.6342,-0.0375,-0.1787,0.4949,GO_GOAL
23.138,-0.076,-0.1815,0.6238,-0.7661,0.6367,-0.0375,-0.1787,0.4963,GO_GOAL
23.158,-0.0736,-0.1797,0.6238,-0.7644,0.6391,-0.0375,-0.1787,0.4978,GO_GOAL
23.178,-0.0712,-0.1779,0.6238,-0.7626,0.6416,-0.0375,-0.1787,0.4992,GO_GOAL
23.198,-0.0687,-0.1762,0.6238,-0.7609,0.644,-0.0375,-0.1787,0.5007,GO_GOAL
23.218,-0.0663,-0.1744,0.6238,-0.7574,0.6489,-0.0253,-0.1699,0.5021,GO_GOAL
23.238,-0.0639,-0.1727,0.6238,-0.7574,0.6489,-0.0253,-0.1699,0.5036,GO_GOAL
23.258,-0.0614,-0.1709,0.6238,-0.7557,0.6514,-0.0253,-0.1699,0.5051,GO_GOAL
23.278,-0.059,-0.1692,0.6238,-0.7539,0.6538,-0.0253,-0.1699,0.5066,GO_GOAL
23.298,-0.0566,-0.1674,0.6238,-0.7522,0.6563,-0.0253,-0.1699,0.508,GO_GOAL
23.318,-0.0541,-0.1657,0.6238,-0.7505,0.6587,-0.0131,-0.1612,0.5096,GO_GOAL
23.338,-0.0517,-0.1639,0.6238,-0.7487,0.6611,-0.0131,-0.1612,0.5111,GO_GOAL
23.358,-0.0493,-0.1622,0.6238,-0.747,0.6636,-0.0131,-0.1612,0.5126,GO_GOAL
23.378,-0.0468,-0.1604,0.6238,-0.7453,0.666,-0.0131,-0.1612,0.5141,GO_GOAL
23.398,-0.0444,-0.1587,0.6238,-0.7435,0.6685,-0.0131,-0.1612,0.513,GO_GOAL
23.418,-0.042,-0.1569,0.6238,-0.7418,0.6709,-0.001,-0.1524,0.5106,GO_GOAL
23.438,-0.0395,-0.1552,0.6238,-0.74,0.6734,-0.001,-0.1524,0.5081,GO_GOAL
23.458,-0.0371,-0.1534,0.6238,-0.7383,0.6758,-0.001,-0.1524,0.5057,GO_GOAL
23.478,-0.0347,-0.1517,0.6238,-0.7366,0.6783,-0.001,-0.1524,0.5032,GO_GOAL
23.498,-0.0322,-0.1499,0.6238,-0.7348,0.6807,-0.001,-0.1524,0.5008,GO_GOAL
23.518,-0.0298,-0.1482,0.6238,-0.7314,0.6856,0.0112,-0.1436,0.4984,GO_GOAL
23.538,-0.0273,-0.1464,0.6238,-0.7314,0.6856,0.0112,-0.1436,0.4959,GO_GOAL
23.558,-0.0249,-0.1447,0.6238,-0.7296,0.6881,0.0112,-0.1436,0.4935,GO_GOAL
23.578,-0.0225,-0.1429,0.6238,-0.7279,0.6905,0.0112,-0.1436,0.4911,GO_GOAL
23.598,-0.02,-0.1411,0.6238,-0.7262,0.6929,0.0112,-0.1436,0.4887,GO_GOAL
23.618,-0.0176,-0.1394,0.6238,-0.7244,0.6954,0.0234,-0.1349,0.4863,GO_GOAL
23.638,-0.0152,-0.1376,0.6238,-0.7227,0.6978,0.0234,-0.1349,0.4838,GO_GOAL
23.658,-0.0127,-0.1359,0.6238,-0.7209,0.7003,0.0234,-0.1349,0.4814,GO_GOAL
23.678,-0.0103,-0.1341,0.6238,-0.7192,0.7027,0.0234,-0.1349,0.479,GO_GOAL
23.698,-0.0079,-0.1324,0.6238,-0.7175,0.7052,0.0234,-0.1349,0.4766,GO_GOAL
23.718,-0.0054,-0.1306,0.6238,-0.7157,0.7076,0.0356,-0.1261,0.4742,GO_GOAL
23.738,-0.003,-0.1289,0.6238,-0.7123,0.7125,0.0356,-0.1261,0.4719,GO_GOAL
23.758,-0.0006,-0.1271,0.6238,-0.7123,0.7125,0.0356,-0.1261,0.4695,GO_GOAL
23.778,0.0019,-0.1254,0.6238,-0.7105,0.715,0.0356,-0.1261,0.4671,GO_GOAL
23.798,0.0043,-0.1236,0.6238,-0.7071,0.7199,0.0356,-0.1261,0.4647,GO_GOAL
23.818,0.0067,-0.1219,0.6238,-0.7071,0.7199,0.0477,-0.1173,0.4623,GO_GOAL
23.838,0.0092,-0.1201,0.6238,-0.7053,0.7223,0.0477,-0.1173,0.46,GO_GOAL
23.858,0.0116,-0.1184,0.6238,-0.7036,0.7248,0.0477,-0.1173,0.4576,GO_GOAL
23.878,0.014,-0.1166,0.6238,-0.7018,0.7272,0.0477,-0.1173,0.4552,GO_GOAL
23.898,0.0165,-0.1149,0.6238,-0.7001,0.7296,0.0477,-0.1173,0.4529,GO_GOAL
23.918,0.0189,-0.1131,0.6238,-0.6966,0.7345,0.0599,-0.1086,0.4505,GO_GOAL
23.938,0.0214,-0.1114,0.6238,-0.6949,0.737,0.0599,-0.1086,0.4482,GO_GOAL
23.958,0.0238,-0.1096,0.6238,-0.6949,0.737,0.0599,-0.1086,0.4458,GO_GOAL
23.978,0.0262,-0.1079,0.6238,-0.6932,0.7394,0.0599,-0.1086,0.4435,GO_GOAL
23.998,0.0287,-0.1061,0.6238,-0.6914,0.7419,0.0599,-0.1086,0.4412,GO_GOAL
24.018,0.0311,-0.1043,0.6238,-0.6897,0.7443,0.0721,-0.0998,0.4388,GO_GOAL
24.038,0.0335,-0.1026,0.6238,-0.688,0.7468,0.0721,-0.0998,0.4365,GO_GOAL
24.058,0.036,-0.1008,0.6238,-0.6862,0.7492,0.0721,-0.0998,0.4342,GO_GOAL
24.078,0.0384,-0.0991,0.6238,-0.6845,0.7517,0.0721,-0.0998,0.4319,GO_GOAL
24.098,0.0408,-0.0973,0.6238,-0.6828,0.7541,0.0721,-0.0998,0.4296,GO_GOAL
24.118,0.0433,-0.0956,0.6238,-0.681,0.7566,0.0842,-0.091,0.4273,GO_GOAL
24.138,0.0457,-0.0938,0.6238,-0.6775,0.7615,0.0842,-0.091,0.425,GO_GOAL
24.158,0.0481,-0.0921,0.6238,-0.6775,0.7615,0.0842,-0.091,0.4227,GO_GOAL
24.178,0.0506,-0.0903,0.6238,-0.6758,0.7639,0.0842,-0.091,0.4204,GO_GOAL
24.198,0.053,-0.0886,0.6238,-0.6741,0.7663,0.0842,-0.091,0.4181,GO_GOAL
24.218,0.0554,-0.0868,0.6238,-0.6723,0.7688,0.0964,-0.0823,0.4158,GO_GOAL
24.238,0.0579,-0.0851,0.6238,-0.6706,0.7712,0.0964,-0.0823,0.4136,GO_GOAL
24.258,0.0603,-0.0833,0.6238,-0.6689,0.7737,0.0964,-0.0823,0.4113,GO_GOAL
24.278,0.0627,-0.0816,0.6238,-0.6671,0.7761,0.0964,-0.0823,0.409,GO_GOAL
24.298,0.0652,-0.0798,0.6238,-0.6654,0.7786,0.0964,-0.0823,0.4068,GO_GOAL
24.318,0.0676,-0.0781,0.6238,-0.6637,0.781,0.1086,-0.0735,0.4045,GO_GOAL
24.338,0.0701,-0.0763,0.6238,-0.6619,0.7835,0.1086,-0.0735,0.4023,GO_GOAL
24.358,0.0725,-0.0746,0.6238,-0.6602,0.7859,0.1086,-0.0735,0.4,GO_GOAL
24.378,0.0749,-0.0728,0.6238,-0.6567,0.7908,0.1086,-0.0735,0.3978,GO_GOAL
24.398,0.0774,-0.0711,0.6238,-0.6567,0.7908,0.1086,-0.0735,0.3956,GO_GOAL
24.418,0.0798,-0.0693,0.6238,-0.655,0.7933,0.1208,-0.0647,0.3933,GO_GOAL
24.438,0.0822,-0.0675,0.6238,-0.6532,0.7957,0.1208,-0.0647,0.3911,GO_GOAL
24.458,0.0847,-0.0658,0.6238,-0.6515,0.7981,0.1208,-0.0647,0.3889,GO_GOAL
24.478,0.0871,-0.064,0.6238,-0.648,0.803,0.1208,-0.0647,0.3867,GO_GOAL
24.498,0.0895,-0.0623,0.6238,-0.6463,0.8055,0.1208,-0.0647,0.3845,GO_GOAL
24.518,0.092,-0.0605,0.6238,-0.6463,0.8055,0.1329,-0.056,0.3823,GO_GOAL
24.538,0.0944,-0.0588,0.6238,-0.6446,0.8079,0.1329,-0.056,0.3801,GO_GOAL
24.558,0.0968,-0.057,0.6238,-0.6428,0.8104,0.1329,-0.056,0.378,GO_GOAL
24.578,0.0993,-0.0553,0.6238,-0.6393,0.8153,0.1329,-0.056,0.3758,GO_GOAL
24.598,0.1017,-0.0535,0.6238,-0.6393,0.8153,0.1329,-0.056,0.3736,GO_GOAL
24.618,0.1041,-0.0518,0.6238,-0.6376,0.8177,0.1451,-0.0472,0.3714,GO_GOAL
24.638,0.1066,-0.05,0.6238,-0.6359,0.8202,0.1451,-0.0472,0.3693,GO_GOAL
24.658,0.109,-0.0483,0.6238,-0.6341,0.8226,0.1451,-0.0472,0.3671,GO_GOAL
24.678,0.1114,-0.0465,0.6238,-0.6307,0.8275,0.1451,-0.0472,0.365,GO_GOAL
24.698,0.1139,-0.0448,0.6238,-0.6307,0.8275,0.1451,-0.0472,0.3629,GO_GOAL
24.718,0.1163,-0.043,0.6238,-0.6272,0.8324,0.1573,-0.0384,0.3607,GO_GOAL
24.738,0.1188,-0.0413,0.6238,-0.6272,0.8324,0.1573,-0.0384,0.3586,GO_GOAL
24.758,0.1212,-0.0395,0.6238,-0.6255,0.8348,0.1573,-0.0384,0.3565,GO_GOAL
24.778,0.1236,-0.0378,0.6238,-0.6237,0.8373,0.1573,-0.0384,0.3544,GO_GOAL
24.798,0.1261,-0.036,0.6238,-0.622,0.8397,0.1573,-0.0384,0.3523,GO_GOAL
24.818,0.1285,-0.0343,0.6238,-0.6202,0.8422,0.1719,-0.0279,0.3502,GO_GOAL
24.838,0.1309,-0.0325,0.6238,-0.6185,0.8446,0.1719,-0.0279,0.3481,GO_GOAL
24.858,0.1334,-0.0307,0.6238,-0.615,0.8495,0.1719,-0.0279,0.346,GO_GOAL
24.878,0.1358,-0.029,0.6238,-0.615,0.8495,0.1719,-0.0279,0.3439,GO_GOAL
24.898,0.1382,-0.0272,0.6238,-0.6133,0.852,0.1719,-0.0279,0.3419,GO_GOAL
24.918,0.1407,-0.0255,0.6238,-0.6116,0.8544,0.1816,-0.0209,0.3398,GO_GOAL
24.938,0.1431,-0.0237,0.6238,-0.6081,0.8593,0.1816,-0.0209,0.3378,GO_GOAL
24.958,0.1455,-0.022,0.6238,-0.6081,0.8593,0.1816,-0.0209,0.3357,GO_GOAL
24.978,0.148,-0.0202,0.6238,-0.6064,0.8618,0.1816,-0.0209,0.3337,GO_GOAL
24.998,0.1504,-0.0185,0.6238,-0.6046,0.8642,0.1816,-0.0209,0.3316,GO_GOAL
25.018,0.1528,-0.0167,0.6238,-0.6029,0.8667,0.1938,-0.0121,0.3296,GO_GOAL
25.038,0.1553,-0.015,0.6238,-0.5994,0.8715,0.1938,-0.0121,0.3276,GO_GOAL
25.058,0.1577,-0.0132,0.6238,-0.5994,0.8715,0.1938,-0.0121,0.3256,GO_GOAL
25.078,0.1601,-0.0115,0.6238,-0.5977,0.874,0.1938,-0.0121,0.3236,GO_GOAL
25.098,0.1626,-0.0097,0.6238,-0.5959,0.8764,0.1938,-0.0121,0.3216,GO_GOAL
25.118,0.165,-0.008,0.6238,-0.5942,0.8789,0.206,-0.0034,0.3196,GO_GOAL
25.138,0.1674,-0.0062,0.6238,-0.5925,0.8813,0.206,-0.0034,0.3176,GO_GOAL
25.158,0.1699,-0.0045,0.6238,-0.5907,0.8838,0.206,-0.0034,0.3157,GO_GOAL
25.178,0.1723,-0.0027,0.6238,-0.589,0.8862,0.206,-0.0034,0.3137,GO_GOAL
25.198,0.1748,-0.001,0.6238,-0.5873,0.8887,0.206,-0.0034,0.3118,GO_GOAL
25.218,0.1772,0.0008,0.6238,-0.5855,0.8911,0.2181,0.0054,0.3098,GO_GOAL
25.238,0.1796,0.0026,0.6238,-0.5838,0.8936,0.2181,0.0054,0.3079,GO_GOAL
25.258,0.1821,0.0043,0.6238,-0.582,0.896,0.2181,0.0054,0.306,GO_GOAL
25.278,0.1845,0.0061,0.6238,-0.5803,0.8985,0.2181,0.0054,0.304,GO_GOAL
25.298,0.1869,0.0078,0.6238,-0.5786,0.9009,0.2181,0.0054,0.3021,GO_GOAL
25.318,0.1894,0.0096,0.6238,-0.5768,0.9033,0.2303,0.0142,0.3002,GO_GOAL
25.338,0.1918,0.0113,0.6238,-0.5751,0.9058,0.2303,0.0142,0.2983,GO_GOAL
25.358,0.1942,0.0131,0.6238,-0.5734,0.9082,0.2303,0.0142,0.2965,GO_GOAL
25.378,0.1967,0.0148,0.6238,-0.5699,0.9131,0.2303,0.0142,0.2946,GO_GOAL
25.398,0.1991,0.0166,0.6238,-0.5699,0.9131,0.2303,0.0142,0.2927,GO_GOAL
25.418,0.2015,0.0183,0.6238,-0.5682,0.9156,0.2425,0.0229,0.2909,GO_GOAL
25.438,0.204,0.0201,0.6238,-0.5664,0.918,0.2425,0.0229,0.289,GO_GOAL
25.458,0.2064,0.0218,0.6238,-0.5647,0.9205,0.2425,0.0229,0.2872,GO_GOAL
25.478,0.2088,0.0236,0.6238,-0.563,0.9229,0.2425,0.0229,0.2854,GO_GOAL
25.498,0.2113,0.0253,0.6238,-0.5612,0.9254,0.2425,0.0229,0.2835,GO_GOAL
25.518,0.2137,0.0271,0.6238,-0.5595,0.9278,0.2546,0.0317,0.2817,GO_GOAL
25.538,0.2161,0.0288,0.6238,-0.5577,0.9303,0.2546,0.0317,0.2799,GO_GOAL
25.558,0.2186,0.0306,0.6238,-0.556,0.9327,0.2546,0.0317,0.2781,GO_GOAL
25.578,0.221,0.0323,0.6238,-0.5543,0.9352,0.2546,0.0317,0.2764,GO_GOAL
25.598,0.2235,0.0341,0.6238,-0.5525,0.9376,0.2546,0.0317,0.2746,GO_GOAL
25.618,0.2259,0.0358,0.6238,-0.5508,0.94,0.2668,0.0405,0.2728,GO_GOAL
25.638,0.2283,0.0376,0.6238,-0.5491,0.9425,0.2668,0.0405,0.2711,GO_GOAL
25.658,0.2308,0.0394,0.6238,-0.5473,0.9449,0.2668,0.0405,0.2694,GO_GOAL
25.678,0.2332,0.0411,0.6238,-0.5456,0.9474,0.2668,0.0405,0.2676,GO_GOAL
25.698,0.2356,0.0429,0.6238,-0.5439,0.9498,0.2668,0.0405,0.2659,GO_GOAL
25.718,0.2381,0.0446,0.6238,-0.5421,0.9523,0.279,0.0492,0.2642,GO_GOAL
25.738,0.2405,0.0464,0.6238,-0.5404,0.9547,0.279,0.0492,0.2625,GO_GOAL
25.758,0.2429,0.0481,0.6238,-0.5369,0.9596,0.279,0.0492,0.2608,GO_GOAL
25.778,0.2454,0.0499,0.6238,-0.5369,0.9596,0.279,0.0492,0.2592,GO_GOAL
25.798,0.2478,0.0516,0.6238,-0.5352,0.9621,0.2912,0.058,0.2575,GO_GOAL
25.818,0.2502,0.0534,0.6238,-0.5334,0.9645,0.2912,0.058,0.2558,GO_GOAL
25.838,0.2527,0.0551,0.6238,-0.5317,0.967,0.2912,0.058,0.2542,GO_GOAL
25.858,0.2551,0.0569,0.6238,-0.53,0.9694,0.2912,0.058,0.2526,GO_GOAL
25.878,0.2575,0.0586,0.6238,-0.5282,0.9719,0.2912,0.058,0.251,GO_GOAL
25.898,0.26,0.0604,0.6238,-0.5265,0.9743,0.2912,0.058,0.2493,GO_GOAL
25.918,0.2624,0.0621,0.6238,-0.5248,0.9767,0.3033,0.0668,0.2478,GO_GOAL
25.938,0.2648,0.0639,0.6238,-0.5213,0.9816,0.3033,0.0668,0.2462,GO_GOAL
25.958,0.2673,0.0656,0.6238,-0.5213,0.9816,0.3033,0.0668,0.2446,GO_GOAL
25.978,0.2697,0.0674,0.6238,-0.5195,0.9841,0.3033,0.0668,0.243,GO_GOAL
25.998,0.2722,0.0691,0.6238,-0.5178,0.9865,0.3033,0.0668,0.2415,GO_GOAL
26.018,0.2746,0.0709,0.6238,-0.5161,0.989,0.3155,0.0755,0.24,GO_GOAL
26.038,0.277,0.0726,0.6238,-0.5143,0.9914,0.3155,0.0755,0.2384,GO_GOAL
26.058,0.2795,0.0744,0.6238,-0.5126,0.9939,0.3155,0.0755,0.2369,GO_GOAL
26.078,0.2819,0.0762,0.6238,-0.5091,0.9988,0.3155,0.0755,0.2354,GO_GOAL
26.098,0.2843,0.0779,0.6238,-0.5091,0.9988,0.3155,0.0755,0.2339,GO_GOAL
26.118,0.2868,0.0797,0.6238,-0.5074,1.0012,0.3277,0.0843,0.2325,GO_GOAL
26.138,0.2892,0.0814,0.6238,-0.5057,1.0037,0.3277,0.0843,0.231,GO_GOAL
26.158,0.2916,0.0832,0.6238,-0.5022,1.0086,0.3277,0.0843,0.2295,GO_GOAL
26.178,0.2941,0.0849,0.6238,-0.5022,1.0086,0.3277,0.0843,0.2281,GO_GOAL
26.198,0.2965,0.0867,0.6238,-0.4987,1.0134,0.3277,0.0843,0.2267,GO_GOAL
26.218,0.2989,0.0884,0.6238,-0.497,1.0159,0.3423,0.0948,0.2253,GO_GOAL
26.238,0.3014,0.0902,0.6238,-0.497,1.0159,0.3423,0.0948,0.2239,GO_GOAL
26.258,0.3038,0.0919,0.6238,-0.4935,1.0208,0.3423,0.0948,0.2225,GO_GOAL
26.278,0.3062,0.0937,0.6238,-0.4935,1.0208,0.3423,0.0948,0.2211,GO_GOAL
26.298,0.3087,0.0954,0.6238,-0.4918,1.0232,0.3423,0.0948,0.2198,GO_GOAL
26.318,0.3111,0.0972,0.6238,-0.49,1.0257,0.352,0.1018,0.2184,GO_GOAL
26.338,0.3135,0.0989,0.6238,-0.4883,1.0281,0.352,0.1018,0.2171,GO_GOAL
26.358,0.316,0.1007,0.6238,-0.4866,1.0306,0.352,0.1018,0.2158,GO_GOAL
26.378,0.3184,0.1024,0.6238,-0.4848,1.033,0.352,0.1018,0.2145,GO_GOAL
26.398,0.3209,0.1042,0.6238,-0.4831,1.0355,0.352,0.1018,0.2132,GO_GOAL
26.418,0.3233,0.1059,0.6238,-0.4796,1.0404,0.3642,0.1106,0.2119,GO_GOAL
26.438,0.3257,0.1077,0.6238,-0.4796,1.0404,0.3642,0.1106,0.2106,GO_GOAL
26.458,0.3282,0.1094,0.6238,-0.4779,1.0428,0.3642,0.1106,0.2094,GO_GOAL
26.478,0.3306,0.1112,0.6238,-0.4761,1.0452,0.3642,0.1106,0.2082,GO_GOAL
26.498,0.333,0.113,0.6238,-0.4744,1.0477,0.3642,0.1106,0.2069,GO_GOAL
26.518,0.3355,0.1147,0.6238,-0.4727,1.0501,0.3764,0.1194,0.2057,GO_GOAL
26.538,0.3379,0.1165,0.6238,-0.4709,1.0526,0.3764,0.1194,0.2046,GO_GOAL
26.558,0.3403,0.1182,0.6238,-0.4692,1.055,0.3764,0.1194,0.2034,GO_GOAL
26.578,0.3428,0.12,0.6238,-0.4675,1.0575,0.3764,0.1194,0.2022,GO_GOAL
26.598,0.3452,0.1217,0.6238,-0.4657,1.0599,0.3764,0.1194,0.2011,GO_GOAL
26.618,0.3476,0.1235,0.6238,-0.464,1.0624,0.3885,0.1281,0.2,GO_GOAL
26.638,0.3501,0.1252,0.6238,-0.4622,1.0648,0.3885,0.1281,0.1988,GO_GOAL
26.658,0.3525,0.127,0.6238,-0.4605,1.0673,0.3885,0.1281,0.1977,GO_GOAL
26.678,0.3549,0.1287,0.6238,-0.4588,1.0697,0.3885,0.1281,0.1967,GO_GOAL
26.698,0.3574,0.1305,0.6238,-0.457,1.0722,0.3885,0.1281,0.1956,GO_GOAL
26.718,0.3598,0.1322,0.6238,-0.4553,1.0746,0.4007,0.1369,0.1945,GO_GOAL
26.738,0.3622,0.134,0.6238,-0.4536,1.0771,0.4007,0.1369,0.1935,GO_GOAL
26.758,0.3647,0.1357,0.6238,-0.4518,1.0795,0.4007,0.1369,0.1925,GO_GOAL
26.778,0.3671,0.1375,0.6238,-0.4501,1.0819,0.4007,0.1369,0.1915,GO_GOAL
26.798,0.3696,0.1392,0.6238,-0.4484,1.0844,0.4007,0.1369,0.1905,GO_GOAL
26.818,0.372,0.141,0.6238,-0.4466,1.0868,0.4129,0.1457,0.1895,GO_GOAL
26.838,0.3744,0.1427,0.6238,-0.4449,1.0893,0.4129,0.1457,0.1886,GO_GOAL
26.858,0.3769,0.1445,0.6238,-0.4432,1.0917,0.4129,0.1457,0.1876,GO_GOAL
26.878,0.3793,0.1462,0.6238,-0.4414,1.0942,0.4129,0.1457,0.1867,GO_GOAL
26.898,0.3817,0.148,0.6238,-0.4397,1.0966,0.4129,0.1457,0.1858,GO_GOAL
26.918,0.3842,0.1498,0.6238,-0.4379,1.0991,0.4251,0.1544,0.1849,GO_GOAL
26.938,0.3866,0.1515,0.6238,-0.4362,1.1015,0.4251,0.1544,0.184,GO_GOAL
26.958,0.389,0.1533,0.6238,-0.4345,1.104,0.4251,0.1544,0.1832,GO_GOAL
26.978,0.3915,0.155,0.6238,-0.4327,1.1064,0.4251,0.1544,0.1823,GO_GOAL
26.998,0.3939,0.1568,0.6238,-0.431,1.1089,0.4251,0.1544,0.1815,GO_GOAL
27.018,0.3963,0.1585,0.6238,-0.4275,1.1138,0.4372,0.1632,0.1807,GO_GOAL
27.038,0.3988,0.1603,0.6238,-0.4275,1.1138,0.4372,0.1632,0.1799,GO_GOAL
27.058,0.4012,0.162,0.6238,-0.4258,1.1162,0.4372,0.1632,0.1791,GO_GOAL
27.078,0.4036,0.1638,0.6238,-0.4241,1.1186,0.4372,0.1632,0.1784,GO_GOAL
27.098,0.4061,0.1655,0.6238,-0.4223,1.1211,0.4372,0.1632,0.1776,GO_GOAL
27.118,0.4085,0.1673,0.6238,-0.4206,1.1235,0.4494,0.172,0.1769,GO_GOAL
27.138,0.4109,0.169,0.6238,-0.4188,1.126,0.4494,0.172,0.1762,GO_GOAL
27.158,0.4134,0.1708,0.6238,-0.4171,1.1284,0.4494,0.172,0.1755,GO_GOAL
27.178,0.4158,0.1725,0.6238,-0.4154,1.1309,0.4494,0.172,0.1749,GO_GOAL
27.198,0.4183,0.1743,0.6238,-0.4136,1.1333,0.4494,0.172,0.1742,GO_GOAL
27.218,0.4207,0.176,0.6238,-0.4119,1.1358,0.4616,0.1807,0.1736,GO_GOAL
27.238,0.4231,0.1778,0.6238,-0.4102,1.1382,0.4616,0.1807,0.173,GO_GOAL
27.258,0.4256,0.1795,0.6238,-0.4067,1.1431,0.4616,0.1807,0.1724,GO_GOAL
27.278,0.428,0.1813,0.6238,-0.405,1.1456,0.4616,0.1807,0.1718,GO_GOAL
27.298,0.4304,0.183,0.6238,-0.405,1.1456,0.4616,0.1807,0.1712,GO_GOAL
27.318,0.4329,0.1848,0.6238,-0.4032,1.148,0.4737,0.1895,0.1707,GO_GOAL
27.338,0.4353,0.1866,0.6238,-0.4015,1.1504,0.4737,0.1895,0.1702,GO_GOAL
27.358,0.4377,0.1883,0.6238,-0.3997,1.1529,0.4737,0.1895,0.1697,GO_GOAL
27.378,0.4402,0.1901,0.6238,-0.398,1.1553,0.4737,0.1895,0.1692,GO_GOAL
27.398,0.4426,0.1918,0.6238,-0.3963,1.1578,0.4737,0.1895,0.1687,GO_GOAL
27.418,0.445,0.1936,0.6238,-0.3945,1.1602,0.4859,0.1983,0.1682,GO_GOAL
27.438,0.4475,0.1953,0.6238,-0.3911,1.1651,0.4859,0.1983,0.1678,GO_GOAL
27.458,0.4499,0.1971,0.6238,-0.3893,1.1676,0.4859,0.1983,0.1674,GO_GOAL
27.478,0.4523,0.1988,0.6238,-0.3893,1.1676,0.4859,0.1983,0.167,GO_GOAL
27.498,0.4548,0.2006,0.6238,-0.3876,1.17,0.4859,0.1983,0.1666,GO_GOAL
27.518,0.4572,0.2023,0.6238,-0.3859,1.1725,0.4981,0.207,0.1663,GO_GOAL
27.538,0.4596,0.2041,0.6238,-0.3841,1.1749,0.4981,0.207,0.1659,GO_GOAL
27.558,0.4621,0.2058,0.6238,-0.3824,1.1774,0.4981,0.207,0.1656,GO_GOAL
27.578,0.4645,0.2076,0.6238,-0.3806,1.1798,0.4981,0.207,0.1653,GO_GOAL
27.598,0.4669,0.2093,0.6238,-0.3789,1.1823,0.4981,0.207,0.165,GO_GOAL
27.618,0.4694,0.2111,0.6238,-0.3754,1.1871,0.5103,0.2158,0.1648,GO_GOAL
27.638,0.4718,0.2128,0.6238,-0.3737,1.1896,0.5103,0.2158,0.1645,GO_GOAL
27.658,0.4743,0.2146,0.6238,-0.3737,1.1896,0.5103,0.2158,0.1643,GO_GOAL
27.678,0.4767,0.2163,0.6238,-0.372,1.192,0.5103,0.2158,0.1641,GO_GOAL
27.698,0.4791,0.2181,0.6238,-0.3702,1.1945,0.5103,0.2158,0.1639,GO_GOAL
27.718,0.4816,0.2199,0.6238,-0.3685,1.1969,0.5224,0.2246,0.1637,GO_GOAL
27.738,0.484,0.2216,0.6238,-0.3668,1.1994,0.5224,0.2246,0.1636,GO_GOAL
27.758,0.4864,0.2234,0.6238,-0.365,1.2018,0.5224,0.2246,0.1634,GO_GOAL
27.778,0.4889,0.2251,0.6238,-0.3633,1.2043,0.5224,0.2246,0.1633,GO_GOAL
27.798,0.4913,0.2269,0.6238,-0.3598,1.2092,0.5224,0.2246,0.1632,GO_GOAL
27.818,0.4937,0.2286,0.6238,-0.3598,1.2092,0.537,0.2351,0.1631,GO_GOAL
27.838,0.4962,0.2304,0.6238,-0.3581,1.2116,0.537,0.2351,0.1631,GO_GOAL
27.858,0.4986,0.2321,0.6238,-0.3563,1.2141,0.537,0.2351,0.163,GO_GOAL
27.878,0.501,0.2339,0.6238,-0.3546,1.2165,0.537,0.2351,0.163,GO_GOAL
27.898,0.5035,0.2356,0.6238,-0.3529,1.219,0.537,0.2351,0.163,GO_GOAL
27.918,0.5059,0.2374,0.6238,-0.3511,1.2214,0.5468,0.2421,0.163,GO_GOAL
27.938,0.5083,0.2391,0.6238,-0.3494,1.2238,0.5468,0.2421,0.1631,GO_GOAL
27.958,0.5108,0.2409,0.6238,-0.3477,1.2263,0.5468,0.2421,0.1631,GO_GOAL
27.978,0.5132,0.2426,0.6238,-0.3459,1.2287,0.5468,0.2421,0.1632,GO_GOAL
27.998,0.5156,0.2444,0.6238,-0.3442,1.2312,0.5468,0.2421,0.1633,GO_GOAL
28.018,0.5181,0.2461,0.6238,-0.3424,1.2336,0.5589,0.2509,0.1634,GO_GOAL
28.038,0.5205,0.2479,0.6238,-0.3407,1.2361,0.5589,0.2509,0.1636,GO_GOAL
28.058,0.523,0.2496,0.6238,-0.339,1.2385,0.5589,0.2509,0.1637,GO_GOAL
28.078,0.5254,0.2514,0.6238,-0.3355,1.2434,0.5589,0.2509,0.1639,GO_GOAL
28.098,0.5278,0.2531,0.6238,-0.3338,1.2459,0.5589,0.2509,0.1641,GO_GOAL
28.118,0.5303,0.2549,0.6238,-0.3338,1.2459,0.5735,0.2614,0.1643,GO_GOAL
28.138,0.5327,0.2567,0.6238,-0.332,1.2483,0.5735,0.2614,0.1645,GO_GOAL
28.158,0.5351,0.2584,0.6238,-0.3303,1.2508,0.5735,0.2614,0.1647,GO_GOAL
28.178,0.5376,0.2602,0.6238,-0.3286,1.2532,0.5735,0.2614,0.165,GO_GOAL
28.198,0.54,0.2619,0.6238,-0.3268,1.2556,0.5735,0.2614,0.1653,GO_GOAL
28.218,0.5424,0.2637,0.6238,-0.3251,1.2581,0.5833,0.2684,0.1656,GO_GOAL
28.238,0.5449,0.2654,0.6238,-0.3234,1.2605,0.5833,0.2684,0.1659,GO_GOAL
28.258,0.5473,0.2672,0.6238,-0.3216,1.263,0.5833,0.2684,0.1663,GO_GOAL
28.278,0.5497,0.2689,0.6238,-0.3199,1.2654,0.5833,0.2684,0.1666,GO_GOAL
28.298,0.5522,0.2707,0.6238,-0.3181,1.2679,0.5833,0.2684,0.167,GO_GOAL
28.318,0.5546,0.2724,0.6238,-0.3147,1.2728,0.5955,0.2772,0.1674,GO_GOAL
28.338,0.557,0.2742,0.6238,-0.3147,1.2728,0.5955,0.2772,0.1678,GO_GOAL
28.358,0.5595,0.2759,0.6238,-0.3129,1.2752,0.5955,0.2772,0.1682,GO_GOAL
28.378,0.5619,0.2777,0.6238,-0.3112,1.2777,0.5955,0.2772,0.1687,GO_GOAL
28.398,0.5643,0.2794,0.6238,-0.3095,1.2801,0.5955,0.2772,0.1692,GO_GOAL
28.418,0.5668,0.2812,0.6238,-0.3077,1.2826,0.6076,0.2859,0.1696,GO_GOAL
28.438,0.5692,0.2829,0.6238,-0.306,1.285,0.6076,0.2859,0.1702,GO_GOAL
28.458,0.5717,0.2847,0.6238,-0.3043,1.2875,0.6076,0.2859,0.1707,GO_GOAL
28.478,0.5741,0.2864,0.6238,-0.3025,1.2899,0.6076,0.2859,0.1712,GO_GOAL
28.498,0.5765,0.2882,0.6238,-0.3008,1.2923,0.6076,0.2859,0.1718,GO_GOAL
28.518,0.579,0.2899,0.6238,-0.299,1.2948,0.6198,0.2947,0.1724,GO_GOAL
28.538,0.5814,0.2917,0.6238,-0.2973,1.2972,0.6198,0.2947,0.173,GO_GOAL
28.558,0.5838,0.2935,0.6238,-0.2938,1.3021,0.6198,0.2947,0.1736,GO_GOAL
28.578,0.5863,0.2952,0.6238,-0.2938,1.3021,0.6198,0.2947,0.1742,GO_GOAL
28.598,0.5887,0.297,0.6238,-0.2921,1.3046,0.6198,0.2947,0.1749,GO_GOAL
28.618,0.5911,0.2987,0.6238,-0.2904,1.307,0.632,0.3035,0.1755,GO_GOAL
28.638,0.5936,0.3005,0.6238,-0.2886,1.3095,0.632,0.3035,0.1762,GO_GOAL
28.658,0.596,0.3022,0.6238,-0.2869,1.3119,0.632,0.3035,0.1769,GO_GOAL
28.678,0.5984,0.304,0.6238,-0.2834,1.3168,0.632,0.3035,0.1776,GO_GOAL
28.698,0.6009,0.3057,0.6238,-0.2817,1.3193,0.632,0.3035,0.1784,GO_GOAL
28.718,0.6033,0.3075,0.6238,-0.2799,1.3217,0.6441,0.3122,0.1791,GO_GOAL
28.738,0.6057,0.3092,0.6238,-0.2799,1.3217,0.6441,0.3122,0.1799,GO_GOAL
28.758,0.6082,0.311,0.6238,-0.2782,1.3242,0.6441,0.3122,0.1807,GO_GOAL
28.778,0.6106,0.3127,0.6238,-0.2765,1.3266,0.6441,0.3122,0.1815,GO_GOAL
28.798,0.613,0.3145,0.6238,-0.273,1.3315,0.6441,0.3122,0.1823,GO_GOAL
28.818,0.6155,0.3162,0.6238,-0.273,1.3315,0.6563,0.321,0.1832,GO_GOAL
28.838,0.6179,0.318,0.6238,-0.2713,1.3339,0.6563,0.321,0.184,GO_GOAL
28.858,0.6204,0.3197,0.6238,-0.2695,1.3364,0.6563,0.321,0.1849,GO_GOAL
28.878,0.6228,0.3215,0.6238,-0.2661,1.3413,0.6563,0.321,0.1858,GO_GOAL
28.898,0.6252,0.3232,0.6238,-0.2661,1.3413,0.6563,0.321,0.1867,GO_GOAL
28.918,0.6277,0.325,0.6238,-0.2643,1.3437,0.6685,0.3298,0.1876,GO_GOAL
28.938,0.6301,0.3267,0.6238,-0.2626,1.3462,0.6685,0.3298,0.1885,GO_GOAL
28.958,0.6325,0.3285,0.6238,-0.2608,1.3486,0.6685,0.3298,0.1895,GO_GOAL
28.978,0.635,0.3303,0.6238,-0.2591,1.3511,0.6685,0.3298,0.1905,GO_GOAL
28.998,0.6374,0.332,0.6238,-0.2574,1.3535,0.6685,0.3298,0.1915,GO_GOAL
29.018,0.6398,0.3338,0.6238,-0.2556,1.356,0.6807,0.3385,0.1925,GO_GOAL
29.038,0.6423,0.3355,0.6238,-0.2539,1.3584,0.6807,0.3385,0.1935,GO_GOAL
29.058,0.6447,0.3373,0.6238,-0.2522,1.3609,0.6807,0.3385,0.1945,GO_GOAL
29.078,0.6471,0.339,0.6238,-0.2504,1.3633,0.6807,0.3385,0.1956,GO_GOAL
29.098,0.6496,0.3408,0.6238,-0.2487,1.3657,0.6807,0.3385,0.1966,GO_GOAL
29.118,0.652,0.3425,0.6238,-0.247,1.3682,0.6928,0.3473,0.1977,GO_GOAL
29.138,0.6544,0.3443,0.6238,-0.2452,1.3706,0.6928,0.3473,0.1988,GO_GOAL
29.158,0.6569,0.346,0.6238,-0.2435,1.3731,0.6928,0.3473,0.1999,GO_GOAL
29.178,0.6593,0.3478,0.6238,-0.2417,1.3755,0.6928,0.3473,0.2011,GO_GOAL
29.198,0.6617,0.3495,0.6238,-0.24,1.378,0.6928,0.3473,0.2022,GO_GOAL
29.218,0.6642,0.3513,0.6238,-0.2383,1.3804,0.7074,0.3578,0.2034,GO_GOAL
29.238,0.6666,0.353,0.6238,-0.2365,1.3829,0.7074,0.3578,0.2045,GO_GOAL
29.258,0.6691,0.3548,0.6238,-0.2348,1.3853,0.7074,0.3578,0.2057,GO_GOAL
29.278,0.6715,0.3565,0.6238,-0.2331,1.3878,0.7074,0.3578,0.2069,GO_GOAL
29.298,0.6739,0.3583,0.6238,-0.2313,1.3902,0.7074,0.3578,0.2081,GO_GOAL
29.318,0.6764,0.36,0.6238,-0.2296,1.3927,0.7196,0.3666,0.2094,GO_GOAL
29.338,0.6788,0.3618,0.6238,-0.2279,1.3951,0.7196,0.3666,0.2106,GO_GOAL
29.358,0.6812,0.3635,0.6238,-0.2261,1.3975,0.7196,0.3666,0.2119,GO_GOAL
29.378,0.6837,0.3653,0.6238,-0.2244,1.4,0.7196,0.3666,0.2131,GO_GOAL
29.398,0.6861,0.3671,0.6238,-0.2226,1.4024,0.7196,0.3666,0.2144,GO_GOAL
29.418,0.6885,0.3688,0.6238,-0.2209,1.4049,0.7293,0.3736,0.2157,GO_GOAL
29.438,0.691,0.3706,0.6238,-0.2192,1.4073,0.7293,0.3736,0.2171,GO_GOAL
29.458,0.6934,0.3723,0.6238,-0.2157,1.4122,0.7293,0.3736,0.2184,GO_GOAL
29.478,0.6958,0.3741,0.6238,-0.2157,1.4122,0.7293,0.3736,0.2197,GO_GOAL
29.498,0.6983,0.3758,0.6238,-0.214,1.4147,0.7293,0.3736,0.2211,GO_GOAL
29.518,0.7007,0.3776,0.6238,-0.2105,1.4196,0.7415,0.3824,0.2225,GO_GOAL
29.538,0.7031,0.3793,0.6238,-0.2105,1.4196,0.7415,0.3824,0.2238,GO_GOAL
29.558,0.7056,0.3811,0.6238,-0.2088,1.422,0.7415,0.3824,0.2252,GO_GOAL
29.578,0.708,0.3828,0.6238,-0.207,1.4245,0.7415,0.3824,0.2267,GO_GOAL
29.598,0.7104,0.3846,0.6238,-0.2053,1.4269,0.7415,0.3824,0.2281,GO_GOAL
29.618,0.7129,0.3863,0.6238,-0.2036,1.4294,0.7537,0.3911,0.2295,GO_GOAL
29.638,0.7153,0.3881,0.6238,-0.2018,1.4318,0.7537,0.3911,0.231,GO_GOAL
29.658,0.7178,0.3898,0.6238,-0.2001,1.4342,0.7537,0.3911,0.2324,GO_GOAL
29.678,0.7202,0.3916,0.6238,-0.1983,1.4367,0.7537,0.3911,0.2339,GO_GOAL
29.698,0.7226,0.3933,0.6238,-0.1966,1.4391,0.7537,0.3911,0.2354,GO_GOAL
29.718,0.7251,0.3951,0.6238,-0.1949,1.4416,0.7659,0.3999,0.2369,GO_GOAL
29.738,0.7275,0.3968,0.6238,-0.1931,1.444,0.7659,0.3999,0.2384,GO_GOAL
29.758,0.7299,0.3986,0.6238,-0.1914,1.4465,0.7659,0.3999,0.2399,GO_GOAL
29.778,0.7324,0.4003,0.6238,-0.1897,1.4489,0.7659,0.3999,0.2415,GO_GOAL
29.798,0.7348,0.4021,0.6238,-0.1879,1.4514,0.7659,0.3999,0.243,GO_GOAL
29.818,0.7372,0.4039,0.6238,-0.1845,1.4563,0.778,0.4087,0.2446,GO_GOAL
29.838,0.7397,0.4056,0.6238,-0.1827,1.4587,0.778,0.4087,0.2461,GO_GOAL
29.858,0.7421,0.4074,0.6238,-0.1827,1.4587,0.778,0.4087,0.2477,GO_GOAL
29.878,0.7445,0.4091,0.6238,-0.181,1.4612,0.778,0.4087,0.2493,GO_GOAL
29.898,0.747,0.4109,0.6238,-0.1792,1.4636,0.778,0.4087,0.2509,GO_GOAL
29.918,0.7494,0.4126,0.6238,-0.1775,1.4661,0.7902,0.4174,0.2525,GO_GOAL
29.938,0.7518,0.4144,0.6238,-0.1758,1.4685,0.7902,0.4174,0.2542,GO_GOAL
29.958,0.7543,0.4161,0.6238,-0.174,1.4709,0.7902,0.4174,0.2558,GO_GOAL
29.978,0.7567,0.4179,0.6238,-0.1706,1.4758,0.7902,0.4174,0.2575,GO_GOAL
29.998,0.7591,0.4196,0.6238,-0.1706,1.4758,0.7902,0.4174,0.2591,GO_GOAL
30.018,0.7616,0.4214,0.6238,-0.1688,1.4783,0.8024,0.4262,0.2608,GO_GOAL
30.038,0.764,0.4231,0.6238,-0.1671,1.4807,0.8024,0.4262,0.2625,GO_GOAL
30.058,0.7664,0.4249,0.6238,-0.1654,1.4832,0.8024,0.4262,0.2642,GO_GOAL
30.078,0.7689,0.4266,0.6238,-0.1636,1.4856,0.8024,0.4262,0.2659,GO_GOAL
30.098,0.7713,0.4284,0.6238,-0.1601,1.4905,0.8024,0.4262,0.2676,GO_GOAL
30.118,0.7738,0.4301,0.6238,-0.1601,1.4905,0.8145,0.435,0.2693,GO_GOAL
30.138,0.7762,0.4319,0.6238,-0.1584,1.493,0.8145,0.435,0.2711,GO_GOAL
30.158,0.7786,0.4336,0.6238,-0.1567,1.4954,0.8145,0.435,0.2728,GO_GOAL
30.178,0.7811,0.4354,0.6238,-0.1549,1.4979,0.8145,0.435,0.2746,GO_GOAL
30.198,0.7835,0.4372,0.6238,-0.1532,1.5003,0.8145,0.435,0.2763,GO_GOAL
30.218,0.7859,0.4389,0.6238,-0.1515,1.5027,0.8267,0.4437,0.2781,GO_GOAL
30.238,0.7884,0.4407,0.6238,-0.1497,1.5052,0.8267,0.4437,0.2799,GO_GOAL
30.258,0.7908,0.4424,0.6238,-0.148,1.5076,0.8267,0.4437,0.2817,GO_GOAL
30.278,0.7932,0.4442,0.6238,-0.1463,1.5101,0.8267,0.4437,0.2835,GO_GOAL
30.298,0.7957,0.4459,0.6238,-0.1445,1.5125,0.8267,0.4437,0.2853,GO_GOAL
30.318,0.7981,0.4477,0.6238,-0.1428,1.515,0.8389,0.4525,0.2871,GO_GOAL
30.338,0.8005,0.4494,0.6238,-0.1393,1.5199,0.8389,0.4525,0.289,GO_GOAL
30.358,0.803,0.4512,0.6238,-0.1393,1.5199,0.8389,0.4525,0.2908,GO_GOAL
30.378,0.8054,0.4529,0.6238,-0.1376,1.5223,0.8389,0.4525,0.2927,GO_GOAL
30.398,0.8078,0.4547,0.6238,-0.1358,1.5248,0.8389,0.4525,0.2945,GO_GOAL
30.418,0.8103,0.4564,0.6238,-0.1341,1.5272,0.8511,0.4613,0.2964,GO_GOAL
30.438,0.8127,0.4582,0.6238,-0.1324,1.5297,0.8511,0.4613,0.2983,GO_GOAL
30.458,0.8151,0.4599,0.6238,-0.1306,1.5321,0.8511,0.4613,0.3002,GO_GOAL
30.478,0.8176,0.4617,0.6238,-0.1289,1.5346,0.8511,0.4613,0.3021,GO_GOAL
30.498,0.82,0.4634,0.6238,-0.1272,1.537,0.8511,0.4613,0.304,GO_GOAL
30.518,0.8225,0.4652,0.6238,-0.1254,1.5394,0.8632,0.47,0.3059,GO_GOAL
30.538,0.8249,0.4669,0.6238,-0.1237,1.5419,0.8632,0.47,0.3078,GO_GOAL
30.558,0.8273,0.4687,0.6238,-0.1219,1.5443,0.8632,0.47,0.3098,GO_GOAL
30.578,0.8298,0.4704,0.6238,-0.1202,1.5468,0.8632,0.47,0.3117,GO_GOAL
30.598,0.8322,0.4722,0.6238,-0.1167,1.5517,0.8632,0.47,0.3137,GO_GOAL
30.618,0.8346,0.474,0.6238,-0.1167,1.5517,0.8754,0.4788,0.3156,GO_GOAL
30.638,0.8371,0.4757,0.6238,-0.115,1.5541,0.8754,0.4788,0.3176,GO_GOAL
30.658,0.8395,0.4775,0.6238,-0.1133,1.5566,0.8754,0.4788,0.3196,GO_GOAL
30.678,0.8419,0.4792,0.6238,-0.1115,1.559,0.8754,0.4788,0.3216,GO_GOAL
30.698,0.8444,0.481,0.6238,-0.1081,1.5639,0.8754,0.4788,0.3235,GO_GOAL
30.718,0.8468,0.4827,0.6238,-0.1081,1.5639,0.8876,0.4876,0.3255,GO_GOAL
30.738,0.8492,0.4845,0.6238,-0.1063,1.5664,0.8876,0.4876,0.3276,GO_GOAL
30.758,0.8517,0.4862,0.6238,-0.1046,1.5688,0.8876,0.4876,0.3296,GO_GOAL
30.778,0.8541,0.488,0.6238,-0.1028,1.5713,0.8876,0.4876,0.3316,GO_GOAL
30.798,0.8565,0.4897,0.6238,-0.1011,1.5737,0.8876,0.4876,0.3336,GO_GOAL
30.818,0.859,0.4915,0.6238,-0.0994,1.5761,0.8997,0.4963,0.3357,GO_GOAL
30.838,0.8614,0.4932,0.6238,-0.0976,1.5786,0.8997,0.4963,0.3377,GO_GOAL
30.858,0.8638,0.495,0.6238,-0.0959,1.581,0.8997,0.4963,0.3398,GO_GOAL
30.878,0.8663,0.4967,0.6238,-0.0942,1.5835,0.8997,0.4963,0.3418,GO_GOAL
30.898,0.8687,0.4985,0.6238,-0.0924,1.5859,0.8997,0.4963,0.3439,GO_GOAL
30.918,0.8712,0.5002,0.6238,-0.089,1.5908,0.9143,0.5069,0.346,GO_GOAL
30.938,0.8736,0.502,0.6238,-0.089,1.5908,0.9143,0.5069,0.348,GO_GOAL
30.958,0.876,0.5037,0.6238,-0.0872,1.5933,0.9143,0.5069,0.3501,GO_GOAL
30.978,0.8785,0.5055,0.6238,-0.0838,1.5982,0.9143,0.5069,0.3522,GO_GOAL
30.998,0.8809,0.5072,0.6238,-0.0838,1.5982,0.9143,0.5069,0.3543,GO_GOAL
31.018,0.8833,0.509,0.6238,-0.082,1.6006,0.9241,0.5139,0.3564,GO_GOAL
31.038,0.8858,0.5108,0.6238,-0.0803,1.6031,0.9241,0.5139,0.3586,GO_GOAL
31.058,0.8882,0.5125,0.6238,-0.0785,1.6055,0.9241,0.5139,0.3607,GO_GOAL
31.078,0.8906,0.5143,0.6238,-0.0768,1.6079,0.9241,0.5139,0.3628,GO_GOAL
31.098,0.8931,0.516,0.6238,-0.0733,1.6128,0.9241,0.5139,0.365,GO_GOAL
31.118,0.8955,0.5178,0.6238,-0.0733,1.6128,0.9363,0.5226,0.3671,GO_GOAL
31.138,0.8979,0.5195,0.6238,-0.0716,1.6153,0.9363,0.5226,0.3692,GO_GOAL
31.158,0.9004,0.5213,0.6238,-0.0681,1.6202,0.9363,0.5226,0.3714,GO_GOAL
31.178,0.9028,0.523,0.6238,-0.0681,1.6202,0.9363,0.5226,0.3736,GO_GOAL
31.198,0.9052,0.5248,0.6238,-0.0664,1.6226,0.9363,0.5226,0.3757,GO_GOAL
31.218,0.9077,0.5265,0.6238,-0.0647,1.6251,0.9484,0.5314,0.3779,GO_GOAL
31.238,0.9101,0.5283,0.6238,-0.0629,1.6275,0.9484,0.5314,0.3801,GO_GOAL
31.258,0.9125,0.53,0.6238,-0.0612,1.63,0.9484,0.5314,0.3823,GO_GOAL
31.278,0.915,0.5318,0.6238,-0.0594,1.6324,0.9484,0.5314,0.3845,GO_GOAL
31.298,0.9174,0.5335,0.6238,-0.0577,1.6349,0.9484,0.5314,0.3867,GO_GOAL
31.318,0.9199,0.5353,0.6238,-0.056,1.6373,0.9606,0.5402,0.3889,GO_GOAL
31.338,0.9223,0.537,0.6238,-0.0542,1.6398,0.9606,0.5402,0.3911,GO_GOAL
31.358,0.9247,0.5388,0.6238,-0.0525,1.6422,0.9606,0.5402,0.3933,GO_GOAL
31.378,0.9272,0.5405,0.6238,-0.0508,1.6446,0.9606,0.5402,0.3955,GO_GOAL
31.398,0.9296,0.5423,0.6238,-0.049,1.6471,0.9606,0.5402,0.3978,GO_GOAL
31.418,0.932,0.544,0.6238,-0.0473,1.6495,0.9752,0.5507,0.4,GO_GOAL
31.438,0.9345,0.5458,0.6238,-0.0456,1.652,0.9752,0.5507,0.4022,GO_GOAL
31.458,0.9369,0.5476,0.6238,-0.0438,1.6544,0.9752,0.5507,0.4045,GO_GOAL
31.478,0.9393,0.5493,0.6238,-0.0421,1.6569,0.9752,0.5507,0.4067,GO_GOAL
31.498,0.9418,0.5511,0.6238,-0.0403,1.6593,0.9752,0.5507,0.409,GO_GOAL
31.518,0.9442,0.5528,0.6238,-0.0386,1.6618,0.9849,0.5577,0.4112,GO_GOAL
31.538,0.9466,0.5546,0.6238,-0.0351,1.6667,0.9849,0.5577,0.4135,GO_GOAL
31.558,0.9491,0.5563,0.6238,-0.0351,1.6667,0.9849,0.5577,0.4158,GO_GOAL
31.578,0.9515,0.5581,0.6238,-0.0334,1.6691,0.9849,0.5577,0.4181,GO_GOAL
31.598,0.9539,0.5598,0.6238,-0.0317,1.6716,0.9849,0.5577,0.4203,GO_GOAL
31.618,0.9564,0.5616,0.6238,-0.0299,1.674,0.9971,0.5665,0.4226,GO_GOAL
31.638,0.9588,0.5633,0.6238,-0.0282,1.6765,0.9971,0.5665,0.4249,GO_GOAL
31.658,0.9612,0.5651,0.6238,-0.0265,1.6789,0.9971,0.5665,0.4272,GO_GOAL
31.678,0.9637,0.5668,0.6238,-0.0247,1.6813,0.9971,0.5665,0.4295,GO_GOAL
31.698,0.9661,0.5686,0.6238,-0.023,1.6838,0.9971,0.5665,0.4318,GO_GOAL
31.718,0.9686,0.5703,0.6238,-0.0195,1.6887,1.0093,0.5752,0.4342,GO_GOAL
31.738,0.971,0.5721,0.6238,-0.0178,1.6911,1.0093,0.5752,0.4365,GO_GOAL
31.758,0.9734,0.5738,0.6238,-0.0178,1.6911,1.0093,0.5752,0.4388,GO_GOAL
31.778,0.9759,0.5756,0.6238,-0.0143,1.696,1.0093,0.5752,0.4411,GO_GOAL
31.798,0.9783,0.5773,0.6238,-0.0143,1.696,1.0093,0.5752,0.4435,GO_GOAL
31.818,0.9807,0.5791,0.6238,-0.0108,1.7009,1.0215,0.584,0.4458,GO_GOAL
31.838,0.9832,0.5808,0.6238,-0.0108,1.7009,1.0215,0.584,0.4481,GO_GOAL
31.858,0.9856,0.5826,0.6238,-0.0091,1.7034,1.0215,0.584,0.4505,GO_GOAL
31.878,0.988,0.5844,0.6238,-0.0056,1.7083,1.0215,0.584,0.4528,GO_GOAL
31.898,0.9905,0.5861,0.6238,-0.0056,1.7083,1.0215,0.584,0.4552,GO_GOAL
31.918,0.9929,0.5879,0.6238,-0.0039,1.7107,1.0336,0.5928,0.4575,GO_GOAL
31.938,0.9953,0.5896,0.6238,-0.0021,1.7132,1.0336,0.5928,0.4599,GO_GOAL
31.958,0.9978,0.5914,0.6238,-0.0004,1.7156,1.0336,0.5928,0.4623,GO_GOAL
31.978,1.0002,0.5931,0.6238,0.0013,1.718,1.0336,0.5928,0.4647,GO_GOAL
31.998,1.0026,0.5949,0.6238,0.0048,1.7229,1.0336,0.5928,0.4665,GO_GOAL
32.018,1.0051,0.5966,0.6238,0.0048,1.7229,1.0458,0.6015,0.4682,GO_GOAL
32.038,1.0075,0.5984,0.6238,0.0065,1.7254,1.0458,0.6015,0.4699,GO_GOAL
32.058,1.0099,0.6001,0.6238,0.0083,1.7278,1.0458,0.6015,0.4716,GO_GOAL
32.078,1.0124,0.6019,0.6238,0.01,1.7303,1.0458,0.6015,0.4733,GO_GOAL
32.098,1.0148,0.6036,0.6238,0.0135,1.7352,1.058,0.6103,0.475,GO_GOAL
32.118,1.0173,0.6054,0.6238,0.0135,1.7352,1.058,0.6103,0.4767,GO_GOAL
32.138,1.0197,0.6071,0.6238,0.0152,1.7376,1.058,0.6103,0.4785,GO_GOAL
32.158,1.0221,0.6089,0.6238,0.017,1.7401,1.058,0.6103,0.4802,GO_GOAL
32.178,1.0246,0.6106,0.6238,0.0187,1.7425,1.058,0.6103,0.4819,GO_GOAL
32.198,1.027,0.6124,0.6238,0.0204,1.745,1.058,0.6103,0.4837,GO_GOAL
32.218,1.0294,0.6141,0.6238,0.0222,1.7474,1.0701,0.6191,0.4855,GO_GOAL
32.238,1.0319,0.6159,0.6238,0.0239,1.7498,1.0701,0.6191,0.4872,GO_GOAL
32.258,1.0343,0.6176,0.6238,0.0256,1.7523,1.0701,0.6191,0.489,GO_GOAL
32.278,1.0367,0.6194,0.6238,0.0274,1.7547,1.0701,0.6191,0.4908,GO_GOAL
32.298,1.0392,0.6212,0.6238,0.0291,1.7572,1.0701,0.6191,0.4926,GO_GOAL
32.318,1.0416,0.6229,0.6238,0.0308,1.7596,1.0823,0.6278,0.4944,GO_GOAL
32.338,1.044,0.6247,0.6238,0.0343,1.7645,1.0823,0.6278,0.4962,GO_GOAL
32.358,1.0465,0.6264,0.6238,0.0343,1.7645,1.0823,0.6278,0.498,GO_GOAL
32.378,1.0489,0.6282,0.6238,0.036,1.767,1.0823,0.6278,0.4998,GO_GOAL
32.398,1.0513,0.6299,0.6238,0.0395,1.7719,1.0823,0.6278,0.4979,GO_GOAL
32.418,1.0538,0.6317,0.6238,0.0395,1.7719,1.0945,0.6366,0.4956,GO_GOAL
32.438,1.0562,0.6334,0.6238,0.0413,1.7743,1.0945,0.6366,0.4934,GO_GOAL
32.456,1.0586,0.6352,0.6238,0.043,1.7768,1.0945,0.6366,0.4912,GO_GOAL
32.478,1.0611,0.6369,0.6238,0.0447,1.7792,1.0945,0.6366,0.489,GO_GOAL
32.498,1.0635,0.6387,0.6238,0.0482,1.7841,1.0945,0.6366,0.4868,GO_GOAL
32.518,1.0659,0.6404,0.6238,0.0482,1.7841,1.1091,0.6471,0.4845,GO_GOAL
32.538,1.0684,0.6422,0.6238,0.0499,1.7865,1.1091,0.6471,0.4823,GO_GOAL
32.558,1.0708,0.6439,0.6238,0.0517,1.789,1.1091,0.6471,0.4801,GO_GOAL
32.578,1.0733,0.6457,0.6238,0.0534,1.7914,1.1091,0.6471,0.4779,GO_GOAL
32.598,1.0757,0.6474,0.6238,0.0551,1.7939,1.1091,0.6471,0.4758,GO_GOAL
32.618,1.0781,0.6492,0.6238,0.0569,1.7963,1.1188,0.6541,0.4736,GO_GOAL
32.638,1.0806,0.6509,0.6238,0.0604,1.8012,1.1188,0.6541,0.4714,GO_GOAL
32.658,1.083,0.6527,0.6238,0.0604,1.8012,1.1188,0.6541,0.4692,GO_GOAL
32.678,1.0854,0.6545,0.6238,0.0621,1.8037,1.1188,0.6541,0.4671,GO_GOAL
32.698,1.0879,0.6562,0.6238,0.0638,1.8061,1.1188,0.6541,0.4649,GO_GOAL
32.718,1.0903,0.658,0.6238,0.0656,1.8086,1.131,0.6629,0.4627,GO_GOAL
32.738,1.0927,0.6597,0.6238,0.0673,1.811,1.131,0.6629,0.4606,GO_GOAL
32.758,1.0952,0.6615,0.6238,0.069,1.8135,1.131,0.6629,0.4584,GO_GOAL
32.778,1.0976,0.6632,0.6238,0.0708,1.8159,1.131,0.6629,0.4563,GO_GOAL
32.798,1.1,0.665,0.6238,0.0725,1.8184,1.131,0.6629,0.4542,GO_GOAL
32.818,1.1025,0.6667,0.6238,0.0742,1.8208,1.1432,0.6717,0.452,GO_GOAL
32.838,1.1049,0.6685,0.6238,0.076,1.8232,1.1432,0.6717,0.4499,GO_GOAL
32.858,1.1073,0.6702,0.6238,0.0777,1.8257,1.1432,0.6717,0.4478,GO_GOAL
32.878,1.1098,0.672,0.6238,0.0795,1.8281,1.1432,0.6717,0.4457,GO_GOAL
32.898,1.1122,0.6737,0.6238,0.0812,1.8306,1.1432,0.6717,0.4436,GO_GOAL
32.918,1.1146,0.6755,0.6238,0.0829,1.833,1.1553,0.6804,0.4415,GO_GOAL
32.938,1.1171,0.6772,0.6238,0.0847,1.8355,1.1553,0.6804,0.4394,GO_GOAL
32.958,1.1195,0.679,0.6238,0.0864,1.8379,1.1553,0.6804,0.4373,GO_GOAL
32.978,1.122,0.6807,0.6238,0.0881,1.8404,1.1553,0.6804,0.4353,GO_GOAL
32.998,1.1244,0.6825,0.6238,0.0899,1.8428,1.1553,0.6804,0.4332,GO_GOAL
33.018,1.1268,0.6842,0.6238,0.0916,1.8453,1.1675,0.6892,0.4311,GO_GOAL
33.038,1.1293,0.686,0.6238,0.0933,1.8477,1.1675,0.6892,0.4291,GO_GOAL
33.058,1.1317,0.6877,0.6238,0.0951,1.8502,1.1675,0.6892,0.427,GO_GOAL
33.078,1.1341,0.6895,0.6238,0.0968,1.8526,1.1675,0.6892,0.425,GO_GOAL
33.098,1.1366,0.6913,0.6238,0.0986,1.855,1.1675,0.6892,0.4229,GO_GOAL
33.118,1.139,0.693,0.6238,0.1003,1.8575,1.1797,0.698,0.4209,GO_GOAL
33.138,1.1414,0.6948,0.6238,0.1038,1.8624,1.1797,0.698,0.4189,GO_GOAL
33.158,1.1439,0.6965,0.6238,0.1038,1.8624,1.1797,0.698,0.4168,GO_GOAL
33.178,1.1463,0.6983,0.6238,0.1055,1.8648,1.1797,0.698,0.4148,GO_GOAL
33.198,1.1487,0.7,0.6238,0.1072,1.8673,1.1797,0.698,0.4128,GO_GOAL
33.218,1.1512,0.7018,0.6238,0.1107,1.8722,1.1919,0.7067,0.4108,GO_GOAL
33.238,1.1536,0.7035,0.6238,0.1107,1.8722,1.1919,0.7067,0.4088,GO_GOAL
33.258,1.156,0.7053,0.6238,0.1124,1.8746,1.1919,0.7067,0.4068,GO_GOAL
33.278,1.1585,0.707,0.6238,0.1142,1.8771,1.1919,0.7067,0.4049,GO_GOAL
33.298,1.1609,0.7088,0.6238,0.1177,1.882,1.1919,0.7067,0.4029,GO_GOAL
33.318,1.1633,0.7105,0.6238,0.1177,1.882,1.204,0.7155,0.4009,GO_GOAL
33.338,1.1658,0.7123,0.6238,0.1194,1.8844,1.204,0.7155,0.399,GO_GOAL
33.358,1.1682,0.714,0.6238,0.1211,1.8869,1.204,0.7155,0.397,GO_GOAL
33.378,1.1707,0.7158,0.6238,0.1229,1.8893,1.204,0.7155,0.3951,GO_GOAL
33.398,1.1731,0.7175,0.6238,0.1246,1.8917,1.204,0.7155,0.3931,GO_GOAL
33.418,1.1755,0.7193,0.6238,0.1263,1.8942,1.2162,0.7243,0.3912,GO_GOAL
33.438,1.178,0.721,0.6238,0.1281,1.8966,1.2162,0.7243,0.3893,GO_GOAL
33.458,1.1804,0.7228,0.6238,0.1298,1.8991,1.2162,0.7243,0.3874,GO_GOAL
33.478,1.1828,0.7245,0.6238,0.1315,1.9015,1.2162,0.7243,0.3855,GO_GOAL
33.498,1.1853,0.7263,0.6238,0.1333,1.904,1.2162,0.7243,0.3836,GO_GOAL
33.518,1.1877,0.7281,0.6238,0.135,1.9064,1.2284,0.733,0.3817,GO_GOAL
33.538,1.1901,0.7298,0.6238,0.1368,1.9089,1.2284,0.733,0.3798,GO_GOAL
33.558,1.1926,0.7316,0.6238,0.1385,1.9113,1.2284,0.733,0.3779,GO_GOAL
33.578,1.195,0.7333,0.6238,0.1402,1.9138,1.2284,0.733,0.3761,GO_GOAL
33.598,1.1974,0.7351,0.6238,0.142,1.9162,1.2284,0.733,0.3742,GO_GOAL
33.618,1.1999,0.7368,0.6238,0.1437,1.9187,1.2405,0.7418,0.3724,GO_GOAL
33.638,1.2023,0.7386,0.6238,0.1454,1.9211,1.2405,0.7418,0.3705,GO_GOAL
33.658,1.2047,0.7403,0.6238,0.1472,1.9236,1.2405,0.7418,0.3687,GO_GOAL
33.678,1.2072,0.7421,0.6238,0.1489,1.926,1.2405,0.7418,0.3669,GO_GOAL
33.698,1.2096,0.7438,0.6238,0.1506,1.9284,1.2405,0.7418,0.3651,GO_GOAL
33.718,1.212,0.7456,0.6238,0.1524,1.9309,1.2527,0.7506,0.3633,GO_GOAL
33.738,1.2145,0.7473,0.6238,0.1541,1.9333,1.2527,0.7506,0.3615,GO_GOAL
33.758,1.2169,0.7491,0.6238,0.1558,1.9358,1.2527,0.7506,0.3597,GO_GOAL
33.778,1.2194,0.7508,0.6238,0.1576,1.9382,1.2527,0.7506,0.3579,GO_GOAL
33.798,1.2218,0.7526,0.6238,0.1593,1.9407,1.2527,0.7506,0.3561,GO_GOAL
33.818,1.2242,0.7543,0.6238,0.1611,1.9431,1.2649,0.7593,0.3544,GO_GOAL
33.838,1.2267,0.7561,0.6238,0.1645,1.948,1.2649,0.7593,0.3526,GO_GOAL
33.858,1.2291,0.7578,0.6238,0.1645,1.948,1.2649,0.7593,0.3509,GO_GOAL
33.878,1.2315,0.7596,0.6238,0.168,1.9529,1.2649,0.7593,0.3491,GO_GOAL
33.898,1.234,0.7613,0.6238,0.168,1.9529,1.2649,0.7593,0.3474,GO_GOAL
33.918,1.2364,0.7631,0.6238,0.1697,1.9554,1.2771,0.7681,0.3457,GO_GOAL
33.938,1.2388,0.7649,0.6238,0.1715,1.9578,1.2771,0.7681,0.344,GO_GOAL
33.958,1.2413,0.7666,0.6238,0.1732,1.9602,1.2771,0.7681,0.3423,GO_GOAL
33.978,1.2437,0.7684,0.6238,0.1749,1.9627,1.2771,0.7681,0.3406,GO_GOAL
33.998,1.2461,0.7701,0.6238,0.1767,1.9651,1.2771,0.7681,0.3389,GO_GOAL
34.018,1.2486,0.7719,0.6238,0.1784,1.9676,1.2892,0.7769,0.3372,GO_GOAL
34.038,1.251,0.7736,0.6238,0.1802,1.97,1.2892,0.7769,0.3356,GO_GOAL
34.058,1.2534,0.7754,0.6238,0.1819,1.9725,1.2892,0.7769,0.3339,GO_GOAL
34.078,1.2559,0.7771,0.6238,0.1836,1.9749,1.2892,0.7769,0.3323,GO_GOAL
34.098,1.2583,0.7789,0.6238,0.1854,1.9774,1.2892,0.7769,0.3306,GO_GOAL
34.118,1.2607,0.7806,0.6238,0.1871,1.9798,1.3014,0.7856,0.329,GO_GOAL
34.138,1.2632,0.7824,0.6238,0.1888,1.9823,1.3014,0.7856,0.3274,GO_GOAL
34.158,1.2656,0.7841,0.6238,0.1906,1.9847,1.3014,0.7856,0.3258,GO_GOAL
34.178,1.2681,0.7859,0.6238,0.194,1.9896,1.3014,0.7856,0.3242,GO_GOAL
34.198,1.2705,0.7876,0.6238,0.194,1.9896,1.3014,0.7856,0.3226,GO_GOAL
34.218,1.2729,0.7894,0.6238,0.1958,1.9921,1.3136,0.7944,0.3211,GO_GOAL
34.238,1.2754,0.7911,0.6238,0.1975,1.9945,1.3136,0.7944,0.3195,GO_GOAL
34.258,1.2778,0.7929,0.6238,0.1993,1.9969,1.3136,0.7944,0.3179,GO_GOAL
34.278,1.2802,0.7946,0.6238,0.201,1.9994,1.3136,0.7944,0.3164,GO_GOAL
34.298,1.2827,0.7964,0.6238,0.2027,2.0018,1.3136,0.7944,0.3149,GO_GOAL
34.318,1.2851,0.7981,0.6238,0.2062,2.0067,1.3257,0.8032,0.3134,GO_GOAL
34.338,1.2875,0.7999,0.6238,0.2079,2.0092,1.3257,0.8032,0.3118,GO_GOAL
34.358,1.29,0.8017,0.6238,0.2079,2.0092,1.3257,0.8032,0.3103,GO_GOAL
34.378,1.2924,0.8034,0.6238,0.2097,2.0116,1.3257,0.8032,0.3089,GO_GOAL
34.398,1.2948,0.8052,0.6238,0.2114,2.0141,1.3257,0.8032,0.3074,GO_GOAL
34.418,1.2973,0.8069,0.6238,0.2131,2.0165,1.3379,0.8119,0.3059,GO_GOAL
34.438,1.2997,0.8087,0.6238,0.2149,2.019,1.3379,0.8119,0.3045,GO_GOAL
34.458,1.3021,0.8104,0.6238,0.2166,2.0214,1.3379,0.8119,0.303,GO_GOAL
34.478,1.3046,0.8122,0.6238,0.2184,2.0239,1.3379,0.8119,0.3016,GO_GOAL
34.498,1.307,0.8139,0.6238,0.2201,2.0263,1.3379,0.8119,0.3002,GO_GOAL
34.518,1.3094,0.8157,0.6238,0.2218,2.0288,1.3501,0.8207,0.2988,GO_GOAL
34.538,1.3119,0.8174,0.6238,0.2236,2.0312,1.3501,0.8207,0.2974,GO_GOAL
34.558,1.3143,0.8192,0.6238,0.2253,2.0336,1.3501,0.8207,0.296,GO_GOAL
34.578,1.3168,0.8209,0.6238,0.227,2.0361,1.3501,0.8207,0.2946,GO_GOAL
34.598,1.3192,0.8227,0.6238,0.2288,2.0385,1.3501,0.8207,0.2933,GO_GOAL
34.618,1.3216,0.8244,0.6238,0.2305,2.041,1.3623,0.8295,0.2919,GO_GOAL
34.638,1.3241,0.8262,0.6238,0.2322,2.0434,1.3623,0.8295,0.2906,GO_GOAL
34.658,1.3265,0.8279,0.6238,0.234,2.0459,1.3623,0.8295,0.2892,GO_GOAL
34.678,1.3289,0.8297,0.6238,0.2375,2.0508,1.3623,0.8295,0.2879,GO_GOAL
34.698,1.3314,0.8314,0.6238,0.2375,2.0508,1.3623,0.8295,0.2866,GO_GOAL
34.718,1.3338,0.8332,0.6238,0.2409,2.0557,1.3744,0.8382,0.2853,GO_GOAL
34.738,1.3362,0.8349,0.6238,0.2409,2.0557,1.3744,0.8382,0.2841,GO_GOAL
34.758,1.3387,0.8367,0.6238,0.2427,2.0581,1.3744,0.8382,0.2828,GO_GOAL
34.778,1.3411,0.8385,0.6238,0.2444,2.0606,1.3744,0.8382,0.2815,GO_GOAL
34.798,1.3435,0.8402,0.6238,0.2461,2.063,1.3744,0.8382,0.2803,GO_GOAL
34.818,1.346,0.842,0.6238,0.2479,2.0654,1.3866,0.847,0.2791,GO_GOAL
34.838,1.3484,0.8437,0.6238,0.2496,2.0679,1.3866,0.847,0.2779,GO_GOAL
34.858,1.3508,0.8455,0.6238,0.2513,2.0703,1.3866,0.847,0.2767,GO_GOAL
34.878,1.3533,0.8472,0.6238,0.2548,2.0752,1.3866,0.847,0.2755,GO_GOAL
34.898,1.3557,0.849,0.6238,0.2548,2.0752,1.3866,0.847,0.2743,GO_GOAL
34.918,1.3581,0.8507,0.6238,0.2583,2.0801,1.3988,0.8558,0.2731,GO_GOAL
34.938,1.3606,0.8525,0.6238,0.2583,2.0801,1.3988,0.8558,0.272,GO_GOAL
34.958,1.363,0.8542,0.6238,0.26,2.0826,1.3988,0.8558,0.2709,GO_GOAL
34.978,1.3654,0.856,0.6238,0.2618,2.085,1.3988,0.8558,0.2697,GO_GOAL
34.998,1.3679,0.8577,0.6238,0.2635,2.0875,1.3988,0.8558,0.2686,GO_GOAL
35.018,1.3703,0.8595,0.6238,0.2652,2.0899,1.4134,0.8663,0.2675,GO_GOAL
35.038,1.3728,0.8612,0.6238,0.267,2.0924,1.4134,0.8663,0.2665,GO_GOAL
35.058,1.3752,0.863,0.6238,0.2687,2.0948,1.4134,0.8663,0.2654,GO_GOAL
35.078,1.3776,0.8647,0.6238,0.2704,2.0973,1.4134,0.8663,0.2643,GO_GOAL
35.098,1.3801,0.8665,0.6238,0.2722,2.0997,1.4231,0.8733,0.2633,GO_GOAL
35.118,1.3825,0.8682,0.6238,0.2739,2.1021,1.4231,0.8733,0.2623,GO_GOAL
35.138,1.3849,0.87,0.6238,0.2774,2.107,1.4231,0.8733,0.2613,GO_GOAL
35.158,1.3874,0.8718,0.6238,0.2774,2.107,1.4231,0.8733,0.2603,GO_GOAL
35.178,1.3898,0.8735,0.6238,0.2791,2.1095,1.4231,0.8733,0.2593,GO_GOAL
35.198,1.3922,0.8753,0.6238,0.2809,2.1119,1.4353,0.8821,0.2583,GO_GOAL
35.218,1.3947,0.877,0.6238,0.2843,2.1168,1.4353,0.8821,0.2573,GO_GOAL
35.238,1.3971,0.8788,0.6238,0.2861,2.1193,1.4353,0.8821,0.2564,GO_GOAL
35.258,1.3995,0.8805,0.6238,0.2861,2.1193,1.4353,0.8821,0.2555,GO_GOAL
35.278,1.402,0.8823,0.6238,0.2878,2.1217,1.4353,0.8821,0.2546,GO_GOAL
35.298,1.4044,0.884,0.6238,0.2895,2.1242,1.4353,0.8821,0.2537,GO_GOAL
35.318,1.4068,0.8858,0.6238,0.2913,2.1266,1.4475,0.8908,0.2528,GO_GOAL
35.338,1.4093,0.8875,0.6238,0.293,2.1291,1.4475,0.8908,0.2519,GO_GOAL
35.358,1.4117,0.8893,0.6238,0.2965,2.134,1.4475,0.8908,0.2511,GO_GOAL
35.378,1.4141,0.891,0.6238,0.2965,2.134,1.4475,0.8908,0.2502,GO_GOAL
35.398,1.4166,0.8928,0.6238,0.3,2.1388,1.4475,0.8908,0.2494,GO_GOAL
35.418,1.419,0.8945,0.6238,0.3017,2.1413,1.4596,0.8996,0.2486,GO_GOAL
35.438,1.4215,0.8963,0.6238,0.3034,2.1437,1.4596,0.8996,0.2478,GO_GOAL
35.458,1.4239,0.898,0.6238,0.3034,2.1437,1.4596,0.8996,0.247,GO_GOAL
35.478,1.4263,0.8998,0.6238,0.3052,2.1462,1.4596,0.8996,0.2462,GO_GOAL
35.498,1.4288,0.9015,0.6238,0.3069,2.1486,1.4596,0.8996,0.2455,GO_GOAL
35.518,1.4312,0.9033,0.6238,0.3086,2.1511,1.4718,0.9084,0.2448,GO_GOAL
35.538,1.4336,0.905,0.6238,0.3104,2.1535,1.4718,0.9084,0.244,GO_GOAL
35.558,1.4361,0.9068,0.6238,0.3138,2.1584,1.4718,0.9084,0.2433,GO_GOAL
35.578,1.4385,0.9086,0.6238,0.3138,2.1584,1.4718,0.9084,0.2426,GO_GOAL
35.598,1.4409,0.9103,0.6238,0.3156,2.1609,1.4718,0.9084,0.242,GO_GOAL
35.618,1.4434,0.9121,0.6238,0.3173,2.1633,1.484,0.9171,0.2413,GO_GOAL
35.638,1.4458,0.9138,0.6238,0.3191,2.1658,1.484,0.9171,0.2407,GO_GOAL
35.658,1.4482,0.9156,0.6238,0.3208,2.1682,1.484,0.9171,0.24,GO_GOAL
35.678,1.4507,0.9173,0.6238,0.3225,2.1707,1.484,0.9171,0.2394,GO_GOAL
35.698,1.4531,0.9191,0.6238,0.3243,2.1731,1.484,0.9171,0.2388,GO_GOAL
35.718,1.4555,0.9208,0.6238,0.3277,2.178,1.4962,0.9259,0.2383,GO_GOAL
35.738,1.458,0.9226,0.6238,0.3277,2.178,1.4962,0.9259,0.2377,GO_GOAL
35.758,1.4604,0.9243,0.6238,0.3295,2.1804,1.4962,0.9259,0.2371,GO_GOAL
35.778,1.4628,0.9261,0.6238,0.3312,2.1829,1.4962,0.9259,0.2366,GO_GOAL
35.798,1.4653,0.9278,0.6238,0.3329,2.1853,1.4962,0.9259,0.2361,GO_GOAL
35.818,1.4677,0.9296,0.6238,0.3347,2.1878,1.5108,0.9364,0.2356,GO_GOAL
35.838,1.4702,0.9313,0.6238,0.3364,2.1902,1.5108,0.9364,0.2351,GO_GOAL
35.858,1.4726,0.9331,0.6238,0.3382,2.1927,1.5108,0.9364,0.2346,GO_GOAL
35.878,1.475,0.9348,0.6238,0.3399,2.1951,1.5108,0.9364,0.2342,GO_GOAL
35.898,1.4775,0.9366,0.6238,0.3416,2.1976,1.5108,0.9364,0.2338,GO_GOAL
35.918,1.4799,0.9383,0.6238,0.3434,2.2,1.5205,0.9434,0.2333,GO_GOAL
35.938,1.4823,0.9401,0.6238,0.3451,2.2025,1.5205,0.9434,0.2329,GO_GOAL
35.958,1.4848,0.9418,0.6238,0.3468,2.2049,1.5205,0.9434,0.2325,GO_GOAL
35.978,1.4872,0.9436,0.6238,0.3486,2.2073,1.5205,0.9434,0.2322,GO_GOAL
35.998,1.4896,0.9454,0.6238,0.352,2.2122,1.5205,0.9434,0.2318,GO_GOAL
36.018,1.4921,0.9471,0.6238,0.352,2.2122,1.5327,0.9522,0.2315,GO_GOAL
36.038,1.4945,0.9489,0.6238,0.3538,2.2147,1.5327,0.9522,0.2312,GO_GOAL
36.058,1.4969,0.9506,0.6238,0.3573,2.2196,1.5327,0.9522,0.2309,GO_GOAL
36.078,1.4994,0.9524,0.6238,0.3573,2.2196,1.5327,0.9522,0.2306,GO_GOAL
36.098,1.5018,0.9541,0.6238,0.359,2.222,1.5327,0.9522,0.2303,GO_GOAL
36.118,1.5042,0.9559,0.6238,0.3625,2.2269,1.5448,0.961,0.23,GO_GOAL
36.138,1.5067,0.9576,0.6238,0.3625,2.2269,1.5448,0.961,0.2298,GO_GOAL
36.158,1.5091,0.9594,0.6238,0.3642,2.2294,1.5448,0.961,0.2296,GO_GOAL
36.178,1.5115,0.9611,0.6238,0.3659,2.2318,1.5448,0.961,0.2294,GO_GOAL
36.198,1.514,0.9629,0.6238,0.3677,2.2343,1.5448,0.961,0.2292,GO_GOAL
36.218,1.5164,0.9646,0.6238,0.3694,2.2367,1.557,0.9697,0.229,GO_GOAL
36.238,1.5189,0.9664,0.6238,0.3711,2.2392,1.557,0.9697,0.2289,GO_GOAL
36.258,1.5213,0.9681,0.6238,0.3729,2.2416,1.557,0.9697,0.2287,GO_GOAL
36.278,1.5237,0.9699,0.6238,0.3746,2.244,1.557,0.9697,0.2286,GO_GOAL
36.298,1.5262,0.9716,0.6238,0.3764,2.2465,1.557,0.9697,0.2285,GO_GOAL
36.318,1.5286,0.9734,0.6238,0.3781,2.2489,1.5692,0.9785,0.2284,GO_GOAL
36.338,1.531,0.9751,0.6238,0.3798,2.2514,1.5692,0.9785,0.2283,GO_GOAL
36.358,1.5335,0.9769,0.6238,0.3816,2.2538,1.5692,0.9785,0.2283,GO_GOAL
36.378,1.5359,0.9786,0.6238,0.3833,2.2563,1.5692,0.9785,0.2282,GO_GOAL
36.398,1.5383,0.9804,0.6238,0.3868,2.2612,1.5692,0.9785,0.2282,GO_GOAL
36.418,1.5408,0.9822,0.6238,0.3868,2.2612,1.5814,0.9872,0.2282,GO_GOAL
36.438,1.5432,0.9839,0.6238,0.3902,2.2661,1.5814,0.9872,0.2282,GO_GOAL
36.458,1.5456,0.9857,0.6238,0.3902,2.2661,1.5814,0.9872,0.2282,GO_GOAL
36.478,1.5481,0.9874,0.6238,0.392,2.2685,1.5814,0.9872,0.2283,GO_GOAL
36.498,1.5505,0.9892,0.6238,0.3937,2.271,1.5814,0.9872,0.2283,GO_GOAL
36.518,1.5529,0.9909,0.6238,0.3954,2.2734,1.5935,0.996,0.2284,GO_GOAL
36.538,1.5554,0.9927,0.6238,0.3972,2.2759,1.5935,0.996,0.2285,GO_GOAL
36.558,1.5578,0.9944,0.6238,0.3989,2.2783,1.5935,0.996,0.2286,GO_GOAL
36.578,1.5602,0.9962,0.6238,0.4007,2.2807,1.5935,0.996,0.2288,GO_GOAL
36.598,1.5627,0.9979,0.6238,0.4024,2.2832,1.5935,0.996,0.2289,GO_GOAL
36.618,1.5651,0.9997,0.6238,0.4041,2.2856,1.6057,1.0048,0.2291,GO_GOAL
36.638,1.5676,1.0014,0.6238,0.4059,2.2881,1.6057,1.0048,0.2292,GO_GOAL
36.658,1.57,1.0032,0.6238,0.4076,2.2905,1.6057,1.0048,0.2294,GO_GOAL
36.678,1.5724,1.0049,0.6238,0.4093,2.293,1.6057,1.0048,0.2297,GO_GOAL
36.698,1.5749,1.0067,0.6238,0.4111,2.2954,1.6057,1.0048,0.2299,GO_GOAL
36.718,1.5773,1.0084,0.6238,0.4128,2.2979,1.6179,1.0135,0.2301,GO_GOAL
36.738,1.5797,1.0102,0.6238,0.4163,2.3028,1.6179,1.0135,0.2304,GO_GOAL
36.758,1.5822,1.0119,0.6238,0.418,2.3052,1.6179,1.0135,0.2307,GO_GOAL
36.778,1.5846,1.0137,0.6238,0.418,2.3052,1.6179,1.0135,0.231,GO_GOAL
36.798,1.587,1.0154,0.6238,0.4198,2.3077,1.6179,1.0135,0.2313,GO_GOAL
36.818,1.5895,1.0172,0.6238,0.4215,2.3101,1.63,1.0223,0.2316,GO_GOAL
36.838,1.5919,1.019,0.6238,0.4232,2.3125,1.63,1.0223,0.2319,GO_GOAL
36.858,1.5943,1.0207,0.6238,0.425,2.315,1.63,1.0223,0.2323,GO_GOAL
36.878,1.5968,1.0225,0.6238,0.4267,2.3174,1.63,1.0223,0.2327,GO_GOAL
36.898,1.5992,1.0242,0.6238,0.4284,2.3199,1.63,1.0223,0.2331,GO_GOAL
36.918,1.6016,1.026,0.6238,0.4319,2.3248,1.6422,1.0311,0.2335,GO_GOAL
36.938,1.6041,1.0277,0.6238,0.4336,2.3272,1.6422,1.0311,0.2339,GO_GOAL
36.958,1.6065,1.0295,0.6238,0.4336,2.3272,1.6422,1.0311,0.2343,GO_GOAL
36.978,1.6089,1.0312,0.6238,0.4354,2.3297,1.6422,1.0311,0.2348,GO_GOAL
36.998,1.6114,1.033,0.6238,0.4371,2.3321,1.6544,1.0398,0.2353,GO_GOAL
37.018,1.6138,1.0347,0.6238,0.4389,2.3346,1.6544,1.0398,0.2358,GO_GOAL
37.038,1.6163,1.0365,0.6238,0.4406,2.337,1.6544,1.0398,0.2363,GO_GOAL
37.058,1.6187,1.0382,0.6238,0.4423,2.3395,1.6544,1.0398,0.2368,GO_GOAL
37.078,1.6211,1.04,0.6238,0.4441,2.3419,1.6544,1.0398,0.2373,GO_GOAL
37.098,1.6236,1.0417,0.6238,0.4458,2.3444,1.6544,1.0398,0.2379,GO_GOAL
37.118,1.626,1.0435,0.6238,0.4475,2.3468,1.6666,1.0486,0.2384,GO_GOAL
37.138,1.6284,1.0452,0.6238,0.451,2.3517,1.6666,1.0486,0.239,GO_GOAL
37.158,1.6309,1.047,0.6238,0.451,2.3517,1.6666,1.0486,0.2396,GO_GOAL
37.178,1.6333,1.0487,0.6238,0.4527,2.3541,1.6666,1.0486,0.2402,GO_GOAL
37.198,1.6357,1.0505,0.6238,0.4562,2.359,1.6666,1.0486,0.2409,GO_GOAL
37.218,1.6382,1.0522,0.6238,0.4562,2.359,1.6787,1.0574,0.2415,GO_GOAL
37.238,1.6406,1.054,0.6238,0.458,2.3615,1.6787,1.0574,0.2422,GO_GOAL
37.258,1.643,1.0558,0.6238,0.4597,2.3639,1.6787,1.0574,0.2429,GO_GOAL
37.278,1.6455,1.0575,0.6238,0.4614,2.3664,1.6787,1.0574,0.2436,GO_GOAL
37.298,1.6479,1.0593,0.6238,0.4632,2.3688,1.6787,1.0574,0.2443,GO_GOAL
37.318,1.6503,1.061,0.6238,0.4649,2.3713,1.6909,1.0661,0.245,GO_GOAL
37.338,1.6528,1.0628,0.6238,0.4666,2.3737,1.6909,1.0661,0.2457,GO_GOAL
37.358,1.6552,1.0645,0.6238,0.4684,2.3762,1.6909,1.0661,0.2465,GO_GOAL
37.378,1.6576,1.0663,0.6238,0.4718,2.3811,1.6909,1.0661,0.2473,GO_GOAL
37.398,1.6601,1.068,0.6238,0.4718,2.3811,1.6909,1.0661,0.248,GO_GOAL
37.418,1.6625,1.0698,0.6238,0.4736,2.3835,1.7031,1.0749,0.2488,GO_GOAL
37.438,1.6649,1.0715,0.6238,0.4771,2.3884,1.7031,1.0749,0.2497,GO_GOAL
37.458,1.6674,1.0733,0.6238,0.4771,2.3884,1.7031,1.0749,0.2505,GO_GOAL
37.478,1.6698,1.075,0.6238,0.4788,2.3908,1.7031,1.0749,0.2513,GO_GOAL
37.498,1.6723,1.0768,0.6238,0.4805,2.3933,1.7031,1.0749,0.2522,GO_GOAL
37.518,1.6747,1.0785,0.6238,0.484,2.3982,1.7152,1.0837,0.2531,GO_GOAL
37.538,1.6771,1.0803,0.6238,0.484,2.3982,1.7152,1.0837,0.254,GO_GOAL
37.558,1.6796,1.082,0.6238,0.4857,2.4006,1.7152,1.0837,0.2549,GO_GOAL
37.578,1.682,1.0838,0.6238,0.4875,2.4031,1.7152,1.0837,0.2558,GO_GOAL
37.598,1.6844,1.0855,0.6238,0.4892,2.4055,1.7152,1.0837,0.2567,GO_GOAL
37.618,1.6869,1.0873,0.6238,0.4909,2.408,1.7274,1.0924,0.2577,GO_GOAL
37.638,1.6893,1.089,0.6238,0.4927,2.4104,1.7274,1.0924,0.2586,GO_GOAL
37.658,1.6917,1.0908,0.6238,0.4944,2.4129,1.7274,1.0924,0.2596,GO_GOAL
37.678,1.6942,1.0926,0.6238,0.4962,2.4153,1.7274,1.0924,0.2606,GO_GOAL
37.698,1.6966,1.0943,0.6238,0.4979,2.4177,1.7274,1.0924,0.2616,GO_GOAL
37.718,1.699,1.0961,0.6238,0.4996,2.4202,1.7396,1.1012,0.2626,GO_GOAL
37.738,1.7015,1.0978,0.6238,0.5014,2.4226,1.7396,1.1012,0.2636,GO_GOAL
37.758,1.7039,1.0996,0.6238,0.5031,2.4251,1.7396,1.1012,0.2647,GO_GOAL
37.778,1.7063,1.1013,0.6238,0.5048,2.4275,1.7396,1.1012,0.2657,GO_GOAL
37.798,1.7088,1.1031,0.6238,0.5066,2.43,1.7396,1.1012,0.2668,GO_GOAL
37.818,1.7112,1.1048,0.6238,0.5083,2.4324,1.7518,1.11,0.2679,GO_GOAL
37.838,1.7136,1.1066,0.6238,0.5118,2.4373,1.7518,1.11,0.269,GO_GOAL
37.858,1.7161,1.1083,0.6238,0.5118,2.4373,1.7518,1.11,0.2701,GO_GOAL
37.878,1.7185,1.1101,0.6238,0.5135,2.4398,1.7518,1.11,0.2712,GO_GOAL
37.898,1.721,1.1118,0.6238,0.5152,2.4422,1.7518,1.11,0.2724,GO_GOAL
37.918,1.7234,1.1136,0.6238,0.5187,2.4471,1.7639,1.1187,0.2735,GO_GOAL
37.938,1.7258,1.1153,0.6238,0.5187,2.4471,1.7639,1.1187,0.2747,GO_GOAL
37.958,1.7283,1.1171,0.6238,0.5205,2.4496,1.7639,1.1187,0.2759,GO_GOAL
37.978,1.7307,1.1188,0.6238,0.5222,2.452,1.7639,1.1187,0.2771,GO_GOAL
37.998,1.7331,1.1206,0.6238,0.5239,2.4544,1.7639,1.1187,0.2783,GO_GOAL
38.018,1.7356,1.1223,0.6238,0.5257,2.4569,1.7761,1.1275,0.2795,GO_GOAL
38.038,1.738,1.1241,0.6238,0.5274,2.4593,1.7761,1.1275,0.2807,GO_GOAL
38.058,1.7404,1.1259,0.6238,0.5291,2.4618,1.7761,1.1275,0.282,GO_GOAL
38.078,1.7429,1.1276,0.6238,0.5309,2.4642,1.7761,1.1275,0.2832,GO_GOAL
38.098,1.7453,1.1294,0.6238,0.5343,2.4691,1.7761,1.1275,0.2845,GO_GOAL
38.118,1.7477,1.1311,0.6238,0.5361,2.4716,1.7883,1.1363,0.2858,GO_GOAL
38.138,1.7502,1.1329,0.6238,0.5378,2.474,1.7883,1.1363,0.2871,GO_GOAL
38.158,1.7526,1.1346,0.6238,0.5378,2.474,1.7883,1.1363,0.2884,GO_GOAL
38.178,1.755,1.1364,0.6238,0.5396,2.4765,1.7883,1.1363,0.2897,GO_GOAL
38.198,1.7575,1.1381,0.6238,0.5413,2.4789,1.7883,1.1363,0.291,GO_GOAL
38.218,1.7599,1.1399,0.6238,0.543,2.4814,1.8005,1.145,0.2924,GO_GOAL
38.238,1.7623,1.1416,0.6238,0.5448,2.4838,1.8005,1.145,0.2937,GO_GOAL
38.258,1.7648,1.1434,0.6238,0.5465,2.4863,1.8005,1.145,0.2951,GO_GOAL
38.278,1.7672,1.1451,0.6238,0.55,2.4911,1.8005,1.145,0.2965,GO_GOAL
38.298,1.7697,1.1469,0.6238,0.55,2.4911,1.8005,1.145,0.2978,GO_GOAL
38.318,1.7721,1.1486,0.6238,0.5517,2.4936,1.8126,1.1538,0.2992,GO_GOAL
38.338,1.7745,1.1504,0.6238,0.5534,2.496,1.8126,1.1538,0.3007,GO_GOAL
38.358,1.777,1.1521,0.6238,0.5569,2.5009,1.8126,1.1538,0.3021,GO_GOAL
38.378,1.7794,1.1539,0.6238,0.5569,2.5009,1.8126,1.1538,0.3035,GO_GOAL
38.398,1.7818,1.1556,0.6238,0.5587,2.5034,1.8126,1.1538,0.305,GO_GOAL
38.418,1.7843,1.1574,0.6238,0.5604,2.5058,1.8248,1.1626,0.3064,GO_GOAL
38.438,1.7867,1.1591,0.6238,0.5621,2.5083,1.8248,1.1626,0.3079,GO_GOAL
38.458,1.7891,1.1609,0.6238,0.5639,2.5107,1.8248,1.1626,0.3094,GO_GOAL
38.478,1.7916,1.1627,0.6238,0.5656,2.5132,1.8248,1.1626,0.3108,GO_GOAL
38.498,1.794,1.1644,0.6238,0.5691,2.5181,1.8248,1.1626,0.3124,GO_GOAL
38.518,1.7964,1.1662,0.6238,0.5691,2.5181,1.837,1.1713,0.3139,GO_GOAL
38.538,1.7989,1.1679,0.6238,0.5708,2.5205,1.837,1.1713,0.3154,GO_GOAL
38.558,1.8013,1.1697,0.6238,0.5725,2.523,1.837,1.1713,0.3169,GO_GOAL
38.578,1.8037,1.1714,0.6238,0.5743,2.5254,1.837,1.1713,0.3185,GO_GOAL
38.598,1.8062,1.1732,0.6238,0.576,2.5278,1.837,1.1713,0.32,GO_GOAL
38.618,1.8086,1.1749,0.6238,0.5778,2.5303,1.8491,1.1801,0.3216,GO_GOAL
38.638,1.811,1.1767,0.6238,0.5795,2.5327,1.8491,1.1801,0.3232,GO_GOAL
38.658,1.8135,1.1784,0.6238,0.583,2.5376,1.8491,1.1801,0.3247,GO_GOAL
38.678,1.8159,1.1802,0.6238,0.583,2.5376,1.8491,1.1801,0.3263,GO_GOAL
38.698,1.8184,1.1819,0.6238,0.5847,2.5401,1.8491,1.1801,0.3279,GO_GOAL
38.718,1.8208,1.1837,0.6238,0.5864,2.5425,1.8613,1.1889,0.3296,GO_GOAL
38.738,1.8232,1.1854,0.6238,0.5882,2.545,1.8613,1.1889,0.3312,GO_GOAL
38.758,1.8257,1.1872,0.6238,0.5916,2.5499,1.8613,1.1889,0.3328,GO_GOAL
38.778,1.8281,1.1889,0.6238,0.5916,2.5499,1.8613,1.1889,0.3345,GO_GOAL
38.798,1.8305,1.1907,0.6238,0.5934,2.5523,1.8613,1.1889,0.3361,GO_GOAL
38.818,1.833,1.1924,0.6238,0.5969,2.5572,1.8735,1.1976,0.3378,GO_GOAL
38.838,1.8354,1.1942,0.6238,0.5969,2.5572,1.8735,1.1976,0.3395,GO_GOAL
38.858,1.8378,1.1959,0.6238,0.5986,2.5596,1.8735,1.1976,0.3411,GO_GOAL
38.878,1.8403,1.1977,0.6238,0.6003,2.5621,1.8735,1.1976,0.3428,GO_GOAL
38.898,1.8427,1.1995,0.6238,0.6021,2.5645,1.8735,1.1976,0.3445,GO_GOAL
38.918,1.8451,1.2012,0.6238,0.6055,2.5694,1.8857,1.2064,0.3463,GO_GOAL
38.938,1.8476,1.203,0.6238,0.6055,2.5694,1.8857,1.2064,0.348,GO_GOAL
38.958,1.85,1.2047,0.6238,0.6073,2.5719,1.8857,1.2064,0.3497,GO_GOAL
38.978,1.8524,1.2065,0.6238,0.609,2.5743,1.8857,1.2064,0.3514,GO_GOAL
38.998,1.8549,1.2082,0.6238,0.6125,2.5792,1.8857,1.2064,0.3532,GO_GOAL
39.018,1.8573,1.21,0.6238,0.6142,2.5817,1.8978,1.2152,0.3549,GO_GOAL
39.038,1.8597,1.2117,0.6238,0.6142,2.5817,1.8978,1.2152,0.3567,GO_GOAL
39.058,1.8622,1.2135,0.6238,0.616,2.5841,1.8978,1.2152,0.3585,GO_GOAL
39.078,1.8646,1.2152,0.6238,0.6177,2.5866,1.8978,1.2152,0.3603,GO_GOAL
39.098,1.8671,1.217,0.6238,0.6194,2.589,1.8978,1.2152,0.3621,GO_GOAL
39.118,1.8695,1.2187,0.6238,0.6212,2.5915,1.91,1.2239,0.3639,GO_GOAL
39.138,1.8719,1.2205,0.6238,0.6229,2.5939,1.91,1.2239,0.3657,GO_GOAL
39.158,1.8744,1.2222,0.6238,0.6246,2.5963,1.91,1.2239,0.3675,GO_GOAL
39.178,1.8768,1.224,0.6238,0.6264,2.5988,1.91,1.2239,0.3693,GO_GOAL
39.198,1.8792,1.2257,0.6238,0.6281,2.6012,1.91,1.2239,0.3712,GO_GOAL
39.218,1.8817,1.2275,0.6238,0.6316,2.6061,1.9222,1.2327,0.373,GO_GOAL
39.238,1.8841,1.2292,0.6238,0.6333,2.6086,1.9222,1.2327,0.3748,GO_GOAL
39.258,1.8865,1.231,0.6238,0.6333,2.6086,1.9222,1.2327,0.3767,GO_GOAL
39.278,1.889,1.2327,0.6238,0.635,2.611,1.9222,1.2327,0.3786,GO_GOAL
39.298,1.8914,1.2345,0.6238,0.6368,2.6135,1.9222,1.2327,0.3804,GO_GOAL
39.318,1.8938,1.2363,0.6238,0.6403,2.6184,1.9343,1.2415,0.3823,GO_GOAL
39.338,1.8963,1.238,0.6238,0.6403,2.6184,1.9343,1.2415,0.3842,GO_GOAL
39.358,1.8987,1.2398,0.6238,0.642,2.6208,1.9343,1.2415,0.3861,GO_GOAL
39.378,1.9011,1.2415,0.6238,0.6437,2.6233,1.9343,1.2415,0.388,GO_GOAL
39.398,1.9036,1.2433,0.6238,0.6455,2.6257,1.9343,1.2415,0.3899,GO_GOAL
39.418,1.906,1.245,0.6238,0.6472,2.6282,1.9465,1.2502,0.3919,GO_GOAL
39.438,1.9084,1.2468,0.6238,0.6489,2.6306,1.9465,1.2502,0.3938,GO_GOAL
39.458,1.9109,1.2485,0.6238,0.6507,2.633,1.9465,1.2502,0.3957,GO_GOAL
39.478,1.9133,1.2503,0.6238,0.6524,2.6355,1.9465,1.2502,0.3977,GO_GOAL
39.498,1.9158,1.252,0.6238,0.6541,2.6379,1.9465,1.2502,0.3996,GO_GOAL
39.518,1.9182,1.2538,0.6238,0.6559,2.6404,1.9587,1.259,0.4016,GO_GOAL
39.538,1.9206,1.2555,0.6238,0.6576,2.6428,1.9587,1.259,0.4036,GO_GOAL
39.558,1.9231,1.2573,0.6238,0.6594,2.6453,1.9587,1.259,0.4055,GO_GOAL
39.578,1.9255,1.259,0.6238,0.6611,2.6477,1.9587,1.259,0.4075,GO_GOAL
39.598,1.9279,1.2608,0.6238,0.6628,2.6502,1.9587,1.259,0.4095,GO_GOAL
39.618,1.9304,1.2625,0.6238,0.6646,2.6526,1.9709,1.2678,0.4115,GO_GOAL
39.638,1.9328,1.2643,0.6238,0.6663,2.6551,1.9709,1.2678,0.4135,GO_GOAL
39.658,1.9352,1.266,0.6238,0.668,2.6575,1.9709,1.2678,0.4155,GO_GOAL
39.678,1.9377,1.2678,0.6238,0.6698,2.66,1.9709,1.2678,0.4175,GO_GOAL
39.698,1.9401,1.2695,0.6238,0.6715,2.6624,1.9709,1.2678,0.4195,GO_GOAL
39.718,1.9425,1.2713,0.6238,0.6732,2.6648,1.983,1.2765,0.4216,GO_GOAL
39.738,1.945,1.2731,0.6238,0.675,2.6673,1.983,1.2765,0.4236,GO_GOAL
39.758,1.9474,1.2748,0.6238,0.6767,2.6697,1.983,1.2765,0.4256,GO_GOAL
39.778,1.9498,1.2766,0.6238,0.6785,2.6722,1.983,1.2765,0.4277,GO_GOAL
39.798,1.9523,1.2783,0.6238,0.6802,2.6746,1.983,1.2765,0.4297,GO_GOAL
39.818,1.9547,1.2801,0.6238,0.6819,2.6771,1.9952,1.2853,0.4318,GO_GOAL
39.838,1.9571,1.2818,0.6238,0.6837,2.6795,1.9952,1.2853,0.4339,GO_GOAL
39.858,1.9596,1.2836,0.6238,0.6854,2.682,1.9952,1.2853,0.4359,GO_GOAL
39.878,1.962,1.2853,0.6238,0.6871,2.6844,1.9952,1.2853,0.438,GO_GOAL
39.898,1.9644,1.2871,0.6238,0.6889,2.6869,1.9952,1.2853,0.4401,GO_GOAL
39.918,1.9669,1.2888,0.6238,0.6923,2.6918,2.0074,1.2941,0.4422,GO_GOAL
39.938,1.9693,1.2906,0.6238,0.6923,2.6918,2.0074,1.2941,0.4443,GO_GOAL
39.958,1.9718,1.2923,0.6238,0.6958,2.6967,2.0074,1.2941,0.4464,GO_GOAL
39.978,1.9742,1.2941,0.6238,0.6976,2.6991,2.0074,1.2941,0.4485,GO_GOAL
39.998,1.9766,1.2958,0.6238,0.6976,2.6991,2.0074,1.2941,0.4506,GO_GOAL
40.018,1.9791,1.2976,0.6238,0.6993,2.7015,2.0195,1.3028,0.4528,GO_GOAL
40.038,1.9815,1.2993,0.6238,0.701,2.704,2.0195,1.3028,0.4549,GO_GOAL
40.058,1.9839,1.3011,0.6238,0.7028,2.7064,2.0195,1.3028,0.457,GO_GOAL
40.078,1.9864,1.3028,0.6238,0.7045,2.7089,2.0195,1.3028,0.4592,GO_GOAL
40.098,1.9888,1.3046,0.6238,0.7062,2.7113,2.0195,1.3028,0.4613,GO_GOAL
40.118,1.9912,1.3063,0.6238,0.708,2.7138,2.0342,1.3133,0.4635,GO_GOAL
40.138,1.9937,1.3081,0.6238,0.7097,2.7162,2.0342,1.3133,0.4656,GO_GOAL
40.158,1.9961,1.3099,0.6238,0.7114,2.7187,2.0342,1.3133,0.4678,GO_GOAL
40.178,1.9985,1.3116,0.6238,0.7132,2.7211,2.0342,1.3133,0.47,GO_GOAL
40.198,2.001,1.3134,0.6238,0.7149,2.7236,2.0342,1.3133,0.4721,GO_GOAL
40.218,2.0034,1.3151,0.6238,0.7167,2.726,2.0439,1.3204,0.4743,GO_GOAL
40.238,2.0058,1.3169,0.6238,0.7184,2.7285,2.0439,1.3204,0.4765,GO_GOAL
40.258,2.0083,1.3186,0.6238,0.7201,2.7309,2.0439,1.3204,0.4787,GO_GOAL
40.278,2.0107,1.3204,0.6238,0.7219,2.7334,2.0439,1.3204,0.4809,GO_GOAL
40.298,2.0131,1.3221,0.6238,0.7253,2.7382,2.0439,1.3204,0.4831,GO_GOAL
40.318,2.0156,1.3239,0.6238,0.7253,2.7382,2.0561,1.3291,0.4853,GO_GOAL
40.338,2.018,1.3256,0.6238,0.7271,2.7407,2.0561,1.3291,0.4875,GO_GOAL
40.358,2.0205,1.3274,0.6238,0.7288,2.7431,2.0561,1.3291,0.4897,GO_GOAL
40.378,2.0229,1.3291,0.6238,0.7305,2.7456,2.0561,1.3291,0.4919,GO_GOAL
40.398,2.0253,1.3309,0.6238,0.7323,2.748,2.0561,1.3291,0.4942,GO_GOAL
40.418,2.0278,1.3326,0.6238,0.734,2.7505,2.0682,1.3379,0.4964,GO_GOAL
40.438,2.0302,1.3344,0.6238,0.7358,2.7529,2.0682,1.3379,0.4986,GO_GOAL
40.458,2.0326,1.3361,0.6238,0.7375,2.7554,2.0682,1.3379,0.5009,GO_GOAL
40.478,2.0351,1.3379,0.6238,0.7392,2.7578,2.0682,1.3379,0.5031,GO_GOAL
40.498,2.0375,1.3396,0.6238,0.741,2.7603,2.0682,1.3379,0.5054,GO_GOAL
40.518,2.0399,1.3414,0.6238,0.7427,2.7627,2.0804,1.3467,0.5076,GO_GOAL
40.538,2.0424,1.3432,0.6238,0.7444,2.7652,2.0804,1.3467,0.5099,GO_GOAL
40.558,2.0448,1.3449,0.6238,0.7462,2.7676,2.0804,1.3467,0.5121,GO_GOAL
40.578,2.0472,1.3467,0.6238,0.7479,2.77,2.0804,1.3467,0.5144,GO_GOAL
40.598,2.0497,1.3484,0.6238,0.7496,2.7725,2.0804,1.3467,0.5167,GO_GOAL
40.618,2.0521,1.3502,0.6238,0.7514,2.7749,2.0926,1.3554,0.519,GO_GOAL
40.638,2.0545,1.3519,0.6238,0.7531,2.7774,2.0926,1.3554,0.5213,GO_GOAL
40.658,2.057,1.3537,0.6238,0.7548,2.7798,2.0926,1.3554,0.5235,GO_GOAL
40.678,2.0594,1.3554,0.6238,0.7566,2.7823,2.0926,1.3554,0.5258,GO_GOAL
40.698,2.0618,1.3572,0.6238,0.7583,2.7847,2.0926,1.3554,0.5281,GO_GOAL
40.718,2.0643,1.3589,0.6238,0.7601,2.7872,2.1047,1.3642,0.5304,GO_GOAL
40.738,2.0667,1.3607,0.6238,0.7618,2.7896,2.1047,1.3642,0.5327,GO_GOAL
40.758,2.0692,1.3624,0.6238,0.7635,2.7921,2.1047,1.3642,0.5351,GO_GOAL
40.778,2.0716,1.3642,0.6238,0.767,2.797,2.1047,1.3642,0.5374,GO_GOAL
40.798,2.074,1.3659,0.6238,0.767,2.797,2.1047,1.3642,0.5397,GO_GOAL
40.818,2.0765,1.3677,0.6238,0.7687,2.7994,2.1169,1.373,0.542,GO_GOAL
40.838,2.0789,1.3694,0.6238,0.7722,2.8043,2.1169,1.373,0.5443,GO_GOAL
40.858,2.0813,1.3712,0.6238,0.7722,2.8043,2.1169,1.373,0.5467,GO_GOAL
40.878,2.0838,1.3729,0.6238,0.7739,2.8067,2.1169,1.373,0.549,GO_GOAL
40.898,2.0862,1.3747,0.6238,0.7757,2.8092,2.1169,1.373,0.5513,GO_GOAL
40.918,2.0886,1.3764,0.6238,0.7792,2.8141,2.1291,1.3817,0.5537,GO_GOAL
40.938,2.0911,1.3782,0.6238,0.7792,2.8141,2.1291,1.3817,0.556,GO_GOAL
40.958,2.0935,1.38,0.6238,0.7826,2.819,2.1291,1.3817,0.5584,GO_GOAL
40.978,2.0959,1.3817,0.6238,0.7844,2.8214,2.1291,1.3817,0.5608,GO_GOAL
40.998,2.0984,1.3835,0.6238,0.7844,2.8214,2.1291,1.3817,0.5631,GO_GOAL
41.018,2.1008,1.3852,0.6238,0.7861,2.8239,2.1413,1.3905,0.5655,GO_GOAL
41.038,2.1032,1.387,0.6238,0.7878,2.8263,2.1413,1.3905,0.5678,GO_GOAL
41.058,2.1057,1.3887,0.6238,0.7896,2.8288,2.1413,1.3905,0.5702,GO_GOAL
41.078,2.1081,1.3905,0.6238,0.7913,2.8312,2.1413,1.3905,0.5726,GO_GOAL
41.098,2.1105,1.3922,0.6238,0.793,2.8337,2.1413,1.3905,0.575,GO_GOAL
41.118,2.113,1.394,0.6238,0.7948,2.8361,2.1534,1.3993,0.5774,GO_GOAL
41.138,2.1154,1.3957,0.6238,0.7965,2.8386,2.1534,1.3993,0.5797,GO_GOAL
41.158,2.1179,1.3975,0.6238,0.7983,2.841,2.1534,1.3993,0.5821,GO_GOAL
41.178,2.1203,1.3992,0.6238,0.8,2.8434,2.1534,1.3993,0.5845,GO_GOAL
41.198,2.1227,1.401,0.6238,0.8017,2.8459,2.1534,1.3993,0.5869,GO_GOAL
41.218,2.1252,1.4027,0.6238,0.8035,2.8483,2.1656,1.408,0.5893,GO_GOAL
41.238,2.1276,1.4045,0.6238,0.8052,2.8508,2.1656,1.408,0.5917,GO_GOAL
41.258,2.13,1.4062,0.6238,0.8069,2.8532,2.1656,1.408,0.5941,GO_GOAL
41.278,2.1325,1.408,0.6238,0.8087,2.8557,2.1656,1.408,0.5966,GO_GOAL
41.298,2.1349,1.4097,0.6238,0.8104,2.8581,2.1656,1.408,0.599,GO_GOAL
41.318,2.1373,1.4115,0.6238,0.8121,2.8606,2.1778,1.4168,0.6014,GO_GOAL
41.338,2.1398,1.4132,0.6238,0.8139,2.863,2.1778,1.4168,0.6038,GO_GOAL
41.358,2.1422,1.415,0.6238,0.8156,2.8655,2.1778,1.4168,0.6062,GO_GOAL
41.378,2.1446,1.4168,0.6238,0.8174,2.8679,2.1778,1.4168,0.6087,GO_GOAL
41.398,2.1471,1.4185,0.6238,0.8191,2.8704,2.1778,1.4168,0.6111,GO_GOAL
41.418,2.1495,1.4203,0.6238,0.8208,2.8728,2.19,1.4256,0.6135,GO_GOAL
41.438,2.1519,1.422,0.6238,0.8243,2.8777,2.19,1.4256,0.616,GO_GOAL
41.458,2.1544,1.4238,0.6238,0.8243,2.8777,2.19,1.4256,0.6184,GO_GOAL
41.478,2.1568,1.4255,0.6238,0.826,2.8801,2.19,1.4256,0.6209,GO_GOAL
41.498,2.1592,1.4273,0.6238,0.8278,2.8826,2.19,1.4256,0.6233,GO_GOAL
41.518,2.1617,1.429,0.6238,0.8295,2.885,2.2021,1.4343,0.6258,GO_GOAL
41.538,2.1641,1.4308,0.6238,0.8312,2.8875,2.2021,1.4343,0.6282,GO_GOAL
41.558,2.1666,1.4325,0.6238,0.833,2.8899,2.2021,1.4343,0.6307,GO_GOAL
41.578,2.169,1.4343,0.6238,0.8347,2.8924,2.2021,1.4343,0.6331,GO_GOAL
41.598,2.1714,1.436,0.6238,0.8365,2.8948,2.2021,1.4343,0.6356,GO_GOAL
41.618,2.1739,1.4378,0.6238,0.8382,2.8973,2.2143,1.4431,0.6381,GO_GOAL
41.638,2.1763,1.4395,0.6238,0.8399,2.8997,2.2143,1.4431,0.6405,GO_GOAL
41.658,2.1787,1.4413,0.6238,0.8434,2.9046,2.2143,1.4431,0.643,GO_GOAL
41.678,2.1812,1.443,0.6238,0.8434,2.9046,2.2143,1.4431,0.6455,GO_GOAL
41.698,2.1836,1.4448,0.6238,0.8451,2.9071,2.2143,1.4431,0.648,GO_GOAL
41.718,2.186,1.4465,0.6238,0.8469,2.9095,2.2265,1.4519,0.6505,GO_GOAL
41.738,2.1885,1.4483,0.6238,0.8503,2.9144,2.2265,1.4519,0.6529,GO_GOAL
41.758,2.1909,1.45,0.6238,0.8503,2.9144,2.2265,1.4519,0.6554,GO_GOAL
41.778,2.1933,1.4518,0.6238,0.8521,2.9168,2.2265,1.4519,0.6579,GO_GOAL
41.798,2.1958,1.4536,0.6238,0.8538,2.9193,2.2265,1.4519,0.6604,GO_GOAL
41.818,2.1982,1.4553,0.6238,0.8556,2.9217,2.2386,1.4606,0.6629,GO_GOAL
41.838,2.2006,1.4571,0.6238,0.8573,2.9242,2.2386,1.4606,0.6654,GO_GOAL
41.858,2.2031,1.4588,0.6238,0.859,2.9266,2.2386,1.4606,0.6679,GO_GOAL
41.878,2.2055,1.4606,0.6238,0.8608,2.9291,2.2386,1.4606,0.6704,GO_GOAL
41.898,2.2079,1.4623,0.6238,0.8642,2.934,2.2386,1.4606,0.6729,GO_GOAL
41.918,2.2104,1.4641,0.6238,0.866,2.9364,2.2508,1.4694,0.6755,GO_GOAL
41.938,2.2128,1.4658,0.6238,0.866,2.9364,2.2508,1.4694,0.678,GO_GOAL
41.958,2.2153,1.4676,0.6238,0.8677,2.9389,2.2508,1.4694,0.6805,GO_GOAL
41.978,2.2177,1.4693,0.6238,0.8694,2.9413,2.2508,1.4694,0.683,GO_GOAL
41.998,2.2201,1.4711,0.6238,0.8712,2.9438,2.2508,1.4694,0.6855,GO_GOAL
42.018,2.2226,1.4728,0.6238,0.8729,2.9462,2.2654,1.4799,0.6881,GO_GOAL
42.038,2.225,1.4746,0.6238,0.8746,2.9486,2.2654,1.4799,0.6906,GO_GOAL
42.058,2.2274,1.4763,0.6238,0.8764,2.9511,2.2654,1.4799,0.6931,GO_GOAL
42.078,2.2299,1.4781,0.6238,0.8781,2.9535,2.2654,1.4799,0.6956,GO_GOAL
42.098,2.2323,1.4798,0.6238,0.8799,2.956,2.2752,1.4869,0.6982,GO_GOAL
42.118,2.2347,1.4816,0.6238,0.8816,2.9584,2.2752,1.4869,0.7007,GO_GOAL
42.138,2.2372,1.4833,0.6238,0.8833,2.9609,2.2752,1.4869,0.7033,GO_GOAL
42.158,2.2396,1.4851,0.6238,0.8868,2.9658,2.2752,1.4869,0.7058,GO_GOAL
42.178,2.242,1.4868,0.6238,0.8868,2.9658,2.2752,1.4869,0.7083,GO_GOAL
42.198,2.2445,1.4886,0.6238,0.8885,2.9682,2.2752,1.4869,0.7109,GO_GOAL
42.218,2.2469,1.4904,0.6238,0.892,2.9731,2.2873,1.4957,0.7134,GO_GOAL
42.238,2.2493,1.4921,0.6238,0.8937,2.9756,2.2873,1.4957,0.716,GO_GOAL
42.258,2.2518,1.4939,0.6238,0.8937,2.9756,2.2873,1.4957,0.7186,GO_GOAL
42.278,2.2542,1.4956,0.6238,0.8955,2.978,2.2873,1.4957,0.7211,GO_GOAL
42.298,2.2566,1.4974,0.6238,0.8972,2.9805,2.2873,1.4957,0.7237,GO_GOAL
42.318,2.2589,1.499,0.624,0.899,2.9829,2.2995,1.5044,0.7261,GO_GOAL
42.338,2.2612,1.5006,0.6248,0.9007,2.9853,2.2995,1.5044,0.7285,GO_GOAL
42.358,2.2634,1.5022,0.6259,0.9024,2.9878,2.2995,1.5044,0.7309,GO_GOAL
42.378,2.2657,1.5039,0.6276,0.9041,2.9902,2.2995,1.5044,0.7333,GO_GOAL
42.398,2.268,1.5056,0.6297,0.9058,2.9927,2.3116,1.5132,0.7358,GO_GOAL
42.418,2.2703,1.5073,0.6323,0.9091,2.9976,2.3116,1.5132,0.7383,GO_GOAL
42.438,2.2727,1.509,0.6353,0.9091,2.9976,2.3116,1.5132,0.7408,GO_GOAL
42.458,2.2751,1.5107,0.6388,0.9108,3.0,2.3116,1.5132,0.7434,GO_GOAL
42.478,2.2774,1.5125,0.6423,0.9125,3.0025,2.3116,1.5132,0.7459,GO_GOAL
42.498,2.2798,1.5143,0.6458,0.9141,3.005,2.3116,1.5132,0.7485,GO_GOAL
42.518,2.2821,1.5161,0.6492,0.9158,3.0075,2.3236,1.522,0.7511,GO_GOAL
42.538,2.2845,1.5178,0.6527,0.9174,3.01,2.3236,1.522,0.7536,GO_GOAL
42.558,2.2868,1.5196,0.6562,0.919,3.0125,2.3236,1.522,0.7562,GO_GOAL
42.578,2.2891,1.5214,0.6597,0.9206,3.015,2.3236,1.522,0.7587,GO_GOAL
42.598,2.2915,1.5232,0.6632,0.9239,3.02,2.3236,1.522,0.7613,GO_GOAL
42.618,2.2939,1.5252,0.6665,0.9239,3.02,2.3354,1.5311,0.7639,GO_GOAL
42.638,2.2964,1.5272,0.6692,0.9255,3.0225,2.3354,1.5311,0.7667,GO_GOAL
42.658,2.2989,1.5291,0.6715,0.9271,3.025,2.3354,1.5311,0.7694,GO_GOAL
42.678,2.3013,1.5311,0.6734,0.9287,3.0276,2.3354,1.5311,0.772,GO_GOAL
42.698,2.3038,1.533,0.6747,0.9303,3.0301,2.3354,1.5311,0.7747,GO_GOAL
42.718,2.3062,1.5349,0.6756,0.9319,3.0326,2.3471,1.5403,0.7773,GO_GOAL
42.738,2.3085,1.5368,0.6761,0.9335,3.0352,2.3471,1.5403,0.7798,GO_GOAL
42.758,2.3109,1.5387,0.6761,0.9351,3.0377,2.3471,1.5403,0.7824,GO_GOAL
42.778,2.3132,1.5406,0.6761,0.9367,3.0402,2.3471,1.5403,0.7849,GO_GOAL
42.798,2.3155,1.5424,0.6761,0.9383,3.0428,2.3471,1.5403,0.7874,GO_GOAL
42.818,2.3179,1.5443,0.6761,0.9399,3.0453,2.3588,1.5497,0.79,GO_GOAL
42.838,2.3202,1.5462,0.6761,0.9415,3.0478,2.3588,1.5497,0.7925,GO_GOAL
42.858,2.3226,1.5481,0.6761,0.9431,3.0504,2.3588,1.5497,0.795,GO_GOAL
42.878,2.3249,1.55,0.6761,0.9447,3.0529,2.3588,1.5497,0.7976,GO_GOAL
42.898,2.3272,1.5518,0.6761,0.9479,3.058,2.3588,1.5497,0.8001,GO_GOAL
42.918,2.3296,1.5537,0.6761,0.9479,3.058,2.3705,1.5591,0.8027,GO_GOAL
42.938,2.3319,1.5556,0.6761,0.9495,3.0605,2.3705,1.5591,0.8052,GO_GOAL
42.958,2.3343,1.5575,0.6761,0.9511,3.063,2.3705,1.5591,0.8078,GO_GOAL
42.978,2.3366,1.5593,0.6761,0.9528,3.0656,2.3705,1.5591,0.8103,GO_GOAL
42.998,2.3389,1.5612,0.6761,0.9544,3.0681,2.3705,1.5591,0.8129,GO_GOAL
43.018,2.3413,1.5631,0.6761,0.956,3.0706,2.3822,1.5685,0.8155,GO_GOAL
43.038,2.3436,1.565,0.6761,0.9576,3.0732,2.3822,1.5685,0.818,GO_GOAL
43.058,2.346,1.5669,0.6761,0.9608,3.0783,2.3822,1.5685,0.8206,GO_GOAL
43.078,2.3483,1.5687,0.6761,0.9624,3.0808,2.3822,1.5685,0.8231,GO_GOAL
43.098,2.3506,1.5706,0.6761,0.9624,3.0808,2.3822,1.5685,0.8257,GO_GOAL
43.118,2.353,1.5725,0.6761,0.964,3.0833,2.3939,1.5779,0.8283,GO_GOAL
43.138,2.3553,1.5744,0.6761,0.9656,3.0859,2.3939,1.5779,0.8308,GO_GOAL
43.158,2.3577,1.5762,0.6761,0.9672,3.0884,2.3939,1.5779,0.8334,GO_GOAL
43.178,2.36,1.5781,0.6761,0.9688,3.0909,2.3939,1.5779,0.8319,GO_GOAL
43.198,2.3623,1.58,0.6761,0.9704,3.0935,2.3939,1.5779,0.83,GO_GOAL
43.218,2.3647,1.5819,0.6761,0.972,3.096,2.4056,1.5873,0.8282,GO_GOAL
43.238,2.367,1.5837,0.6761,0.9736,3.0985,2.4056,1.5873,0.8263,GO_GOAL
43.258,2.3694,1.5856,0.6761,0.9768,3.1036,2.4056,1.5873,0.8244,GO_GOAL
43.278,2.3717,1.5875,0.6761,0.9768,3.1036,2.4056,1.5873,0.8225,GO_GOAL
43.298,2.374,1.5894,0.6761,0.9784,3.1061,2.4056,1.5873,0.8206,GO_GOAL
43.318,2.3764,1.5913,0.6761,0.9801,3.1087,2.4197,1.5986,0.8188,GO_GOAL
43.338,2.3787,1.5931,0.6761,0.9817,3.1112,2.4197,1.5986,0.8169,GO_GOAL
43.358,2.3811,1.595,0.6761,0.9833,3.1137,2.4197,1.5986,0.815,GO_GOAL
43.378,2.3834,1.5969,0.6761,0.9849,3.1163,2.4197,1.5986,0.8131,GO_GOAL
43.398,2.3857,1.5988,0.6761,0.9881,3.1213,2.4197,1.5986,0.8113,GO_GOAL
43.418,2.3881,1.6006,0.6761,0.9881,3.1213,2.429,1.6061,0.8094,GO_GOAL
43.438,2.3904,1.6025,0.6761,0.9897,3.1239,2.429,1.6061,0.8075,GO_GOAL
43.458,2.3928,1.6044,0.6761,0.9913,3.1264,2.429,1.6061,0.8056,GO_GOAL
43.478,2.3951,1.6063,0.6761,0.9929,3.1289,2.429,1.6061,0.8037,GO_GOAL
43.498,2.3974,1.6082,0.6761,0.9945,3.1315,2.429,1.6061,0.8019,GO_GOAL
43.518,2.3998,1.61,0.6761,0.9961,3.134,2.4407,1.6155,0.8,GO_GOAL
43.538,2.4021,1.6119,0.6761,0.9977,3.1365,2.4407,1.6155,0.7981,GO_GOAL
43.558,2.4045,1.6138,0.6761,0.9993,3.1391,2.4407,1.6155,0.7962,GO_GOAL
43.578,2.4068,1.6157,0.6761,1.0009,3.1416,2.4407,1.6155,0.7944,GO_GOAL
43.598,2.4091,1.6175,0.6761,1.0025,3.1441,2.4407,1.6155,0.7925,GO_GOAL
43.618,2.4115,1.6194,0.6761,1.0041,3.1467,2.4524,1.6249,0.7906,GO_GOAL
43.638,2.4138,1.6213,0.6761,1.0057,3.1492,2.4524,1.6249,0.7887,GO_GOAL
43.658,2.4162,1.6232,0.6761,1.0074,3.1517,2.4524,1.6249,0.7869,GO_GOAL
43.678,2.4185,1.625,0.6761,1.009,3.1543,2.4524,1.6249,0.785,GO_GOAL
43.698,2.4208,1.6269,0.6761,1.0106,3.1568,2.4524,1.6249,0.7831,GO_GOAL
43.718,2.4232,1.6288,0.6761,1.0138,3.1619,2.4641,1.6342,0.7812,GO_GOAL
43.738,2.4255,1.6307,0.6761,1.0138,3.1619,2.4641,1.6342,0.7793,GO_GOAL
43.758,2.4279,1.6326,0.6761,1.0154,3.1644,2.4641,1.6342,0.7775,GO_GOAL
43.778,2.4302,1.6344,0.6761,1.017,3.1669,2.4641,1.6342,0.7756,GO_GOAL
43.798,2.4325,1.6363,0.6761,1.0186,3.1695,2.4641,1.6342,0.7737,GO_GOAL
43.818,2.4349,1.6382,0.6761,1.0202,3.172,2.4758,1.6436,0.7718,GO_GOAL
43.838,2.4372,1.6401,0.6761,1.0218,3.1745,2.4758,1.6436,0.77,GO_GOAL
43.858,2.4396,1.6419,0.6761,1.0234,3.1771,2.4758,1.6436,0.7681,GO_GOAL
43.878,2.4419,1.6438,0.6761,1.025,3.1796,2.4758,1.6436,0.7662,GO_GOAL
43.898,2.4442,1.6457,0.6761,1.0266,3.1821,2.4758,1.6436,0.7643,GO_GOAL
43.918,2.4466,1.6476,0.6761,1.0282,3.1847,2.4875,1.653,0.7624,GO_GOAL
43.938,2.4489,1.6495,0.6761,1.0298,3.1872,2.4875,1.653,0.7606,GO_GOAL
43.958,2.4513,1.6513,0.6761,1.0314,3.1897,2.4875,1.653,0.7587,GO_GOAL
43.978,2.4536,1.6532,0.6761,1.033,3.1923,2.4875,1.653,0.7568,GO_GOAL
43.998,2.4559,1.6551,0.6761,1.0347,3.1948,2.4875,1.653,0.7549,GO_GOAL
44.018,2.4583,1.657,0.6761,1.0363,3.1974,2.4992,1.6624,0.7531,GO_GOAL
44.038,2.4606,1.6588,0.6761,1.0379,3.1999,2.4992,1.6624,0.7512,GO_GOAL
44.058,2.463,1.6607,0.6761,1.0395,3.2024,2.4992,1.6624,0.7493,GO_GOAL
44.078,2.4653,1.6626,0.6761,1.0411,3.205,2.4992,1.6624,0.7474,GO_GOAL
44.098,2.4676,1.6645,0.6761,1.0443,3.21,2.4992,1.6624,0.7456,GO_GOAL
44.118,2.47,1.6663,0.6761,1.0443,3.21,2.5109,1.6718,0.7437,GO_GOAL
44.138,2.4723,1.6682,0.6761,1.0459,3.2126,2.5109,1.6718,0.7418,GO_GOAL
44.158,2.4747,1.6701,0.6761,1.0475,3.2151,2.5109,1.6718,0.7399,GO_GOAL
44.178,2.477,1.672,0.6761,1.0491,3.2176,2.5109,1.6718,0.738,GO_GOAL
44.198,2.4793,1.6739,0.6761,1.0507,3.2202,2.5226,1.6812,0.7362,GO_GOAL
44.218,2.4817,1.6757,0.6761,1.0523,3.2227,2.5226,1.6812,0.7343,GO_GOAL
44.238,2.484,1.6776,0.6761,1.0539,3.2252,2.5226,1.6812,0.7324,GO_GOAL
44.258,2.4864,1.6795,0.6761,1.0555,3.2278,2.5226,1.6812,0.7305,GO_GOAL
44.278,2.4887,1.6814,0.6761,1.0571,3.2303,2.5226,1.6812,0.7287,GO_GOAL
44.298,2.491,1.6832,0.6761,1.0587,3.2328,2.5226,1.6812,0.7268,GO_GOAL
44.318,2.4934,1.6851,0.6761,1.0603,3.2354,2.5343,1.6906,0.7249,GO_GOAL
44.338,2.4957,1.687,0.6761,1.062,3.2379,2.5343,1.6906,0.723,GO_GOAL
44.358,2.4981,1.6889,0.6761,1.0636,3.2404,2.5343,1.6906,0.7211,GO_GOAL
44.378,2.5004,1.6908,0.6761,1.0668,3.2455,2.5343,1.6906,0.7193,GO_GOAL
44.398,2.5027,1.6926,0.6761,1.0684,3.248,2.5343,1.6906,0.7174,GO_GOAL
44.418,2.5051,1.6945,0.6761,1.0684,3.248,2.546,1.7,0.7155,GO_GOAL
44.438,2.5074,1.6964,0.6761,1.07,3.2506,2.546,1.7,0.7136,GO_GOAL
44.458,2.5098,1.6983,0.6761,1.0716,3.2531,2.546,1.7,0.7118,GO_GOAL
44.478,2.5121,1.7001,0.6761,1.0748,3.2582,2.546,1.7,0.7099,GO_GOAL
44.498,2.5144,1.702,0.6761,1.0748,3.2582,2.546,1.7,0.708,GO_GOAL
44.518,2.5168,1.7039,0.6761,1.0764,3.2607,2.5577,1.7094,0.7061,GO_GOAL
44.538,2.5191,1.7058,0.6761,1.0796,3.2658,2.5577,1.7094,0.7043,GO_GOAL
44.558,2.5215,1.7077,0.6761,1.0796,3.2658,2.5577,1.7094,0.7024,GO_GOAL
44.578,2.5238,1.7095,0.6761,1.0812,3.2683,2.5577,1.7094,0.7005,GO_GOAL
44.598,2.5261,1.7114,0.6761,1.0828,3.2708,2.5577,1.7094,0.6986,GO_GOAL
44.618,2.5285,1.7133,0.6761,1.0844,3.2734,2.5694,1.7188,0.6967,GO_GOAL
44.638,2.5308,1.7152,0.6761,1.086,3.2759,2.5694,1.7188,0.6949,GO_GOAL
44.658,2.5332,1.717,0.6761,1.0876,3.2784,2.5694,1.7188,0.693,GO_GOAL
44.678,2.5355,1.7189,0.6761,1.0892,3.281,2.5694,1.7188,0.6911,GO_GOAL
44.698,2.5378,1.7208,0.6761,1.0909,3.2835,2.5694,1.7188,0.6892,GO_GOAL
44.718,2.5402,1.7227,0.6761,1.0925,3.286,2.5811,1.7281,0.6874,GO_GOAL
44.738,2.5425,1.7245,0.6761,1.0957,3.2911,2.5811,1.7281,0.6855,GO_GOAL
44.758,2.5449,1.7264,0.6761,1.0973,3.2936,2.5811,1.7281,0.6836,GO_GOAL
44.778,2.5472,1.7283,0.6761,1.0973,3.2936,2.5811,1.7281,0.6817,GO_GOAL
44.798,2.5495,1.7302,0.6761,1.0989,3.2962,2.5811,1.7281,0.6798,GO_GOAL
44.818,2.5519,1.7321,0.6761,1.1005,3.2987,2.5928,1.7375,0.678,GO_GOAL
44.838,2.5542,1.7339,0.6761,1.1021,3.3012,2.5928,1.7375,0.6761,GO_GOAL
44.858,2.5566,1.7358,0.6761,1.1053,3.3063,2.5928,1.7375,0.6742,GO_GOAL
44.878,2.5589,1.7377,0.6761,1.1053,3.3063,2.5928,1.7375,0.6723,GO_GOAL
44.896,2.5612,1.7396,0.6761,1.1069,3.3088,2.5928,1.7375,0.6705,GO_GOAL
44.918,2.5636,1.7414,0.6761,1.1085,3.3114,2.6045,1.7469,0.6686,GO_GOAL
44.938,2.5659,1.7433,0.6761,1.1101,3.3139,2.6045,1.7469,0.6667,GO_GOAL
44.958,2.5683,1.7452,0.6761,1.1117,3.3165,2.6045,1.7469,0.6648,GO_GOAL
44.978,2.5706,1.7471,0.6761,1.1133,3.319,2.6045,1.7469,0.663,GO_GOAL
44.998,2.5729,1.749,0.6761,1.1149,3.3215,2.6045,1.7469,0.6611,GO_GOAL
45.018,2.5753,1.7508,0.6761,1.1165,3.3241,2.6162,1.7563,0.6592,GO_GOAL
45.038,2.5776,1.7527,0.6761,1.1182,3.3266,2.6162,1.7563,0.6573,GO_GOAL
45.058,2.58,1.7546,0.6761,1.1198,3.3291,2.6162,1.7563,0.6554,GO_GOAL
45.078,2.5823,1.7565,0.6761,1.1214,3.3317,2.6162,1.7563,0.6536,GO_GOAL
45.098,2.5846,1.7583,0.6761,1.123,3.3342,2.6162,1.7563,0.6517,GO_GOAL
45.118,2.587,1.7602,0.6761,1.1246,3.3367,2.6279,1.7657,0.6498,GO_GOAL
45.138,2.5893,1.7621,0.6761,1.1262,3.3393,2.6279,1.7657,0.6479,GO_GOAL
45.158,2.5917,1.764,0.6761,1.1278,3.3418,2.6279,1.7657,0.6461,GO_GOAL
45.178,2.594,1.7658,0.6761,1.1294,3.3443,2.6279,1.7657,0.6442,GO_GOAL
45.198,2.5963,1.7677,0.6761,1.131,3.3469,2.6279,1.7657,0.6423,GO_GOAL
45.218,2.5987,1.7696,0.6761,1.1326,3.3494,2.6396,1.7751,0.6404,GO_GOAL
45.238,2.601,1.7715,0.6761,1.1342,3.3519,2.6396,1.7751,0.6385,GO_GOAL
45.258,2.6034,1.7734,0.6761,1.1358,3.3545,2.6396,1.7751,0.6367,GO_GOAL
45.278,2.6057,1.7752,0.6761,1.1374,3.357,2.6396,1.7751,0.6348,GO_GOAL
45.298,2.608,1.7771,0.6761,1.1406,3.3621,2.6396,1.7751,0.6329,GO_GOAL
45.318,2.6104,1.779,0.6761,1.1406,3.3621,2.6513,1.7845,0.631,GO_GOAL
45.338,2.6127,1.7809,0.6761,1.1438,3.3671,2.6513,1.7845,0.6292,GO_GOAL
45.358,2.6151,1.7827,0.6761,1.1438,3.3671,2.6513,1.7845,0.6273,GO_GOAL
45.378,2.6174,1.7846,0.6761,1.1455,3.3697,2.6513,1.7845,0.6254,GO_GOAL
45.398,2.6197,1.7865,0.6761,1.1471,3.3722,2.6513,1.7845,0.6235,GO_GOAL
45.418,2.6221,1.7884,0.6761,1.1487,3.3747,2.663,1.7939,0.6216,GO_GOAL
45.438,2.6244,1.7903,0.6761,1.1519,3.3798,2.663,1.7939,0.6198,GO_GOAL
45.458,2.6268,1.7921,0.6761,1.1519,3.3798,2.663,1.7939,0.6179,GO_GOAL
45.478,2.6291,1.794,0.6761,1.1535,3.3823,2.663,1.7939,0.616,GO_GOAL
45.498,2.6314,1.7959,0.6761,1.1551,3.3849,2.663,1.7939,0.6141,GO_GOAL
45.518,2.6338,1.7978,0.6761,1.1567,3.3874,2.6747,1.8033,0.6123,GO_GOAL
45.538,2.6361,1.7996,0.6761,1.1583,3.3899,2.6747,1.8033,0.6104,GO_GOAL
45.558,2.6385,1.8015,0.6761,1.1615,3.395,2.6747,1.8033,0.6085,GO_GOAL
45.578,2.6408,1.8034,0.6761,1.1631,3.3975,2.6747,1.8033,0.6066,GO_GOAL
45.598,2.6431,1.8053,0.6761,1.1631,3.3975,2.6747,1.8033,0.6048,GO_GOAL
45.618,2.6455,1.8071,0.6761,1.1647,3.4001,2.6864,1.8127,0.6029,GO_GOAL
45.638,2.6478,1.809,0.6761,1.1663,3.4026,2.6864,1.8127,0.601,GO_GOAL
45.658,2.6502,1.8109,0.6761,1.1679,3.4051,2.6864,1.8127,0.5991,GO_GOAL
45.678,2.6525,1.8128,0.6761,1.1695,3.4077,2.6864,1.8127,0.5972,GO_GOAL
45.698,2.6548,1.8147,0.6761,1.1711,3.4102,2.6864,1.8127,0.5954,GO_GOAL
45.718,2.6572,1.8165,0.6761,1.1728,3.4127,2.6981,1.822,0.5935,GO_GOAL
45.738,2.6595,1.8184,0.6761,1.1744,3.4153,2.6981,1.822,0.5916,GO_GOAL
45.758,2.6619,1.8203,0.6761,1.176,3.4178,2.6981,1.822,0.5897,GO_GOAL
45.778,2.6642,1.8222,0.6761,1.1776,3.4203,2.6981,1.822,0.5879,GO_GOAL
45.798,2.6665,1.824,0.6761,1.1792,3.4229,2.6981,1.822,0.586,GO_GOAL
45.818,2.6689,1.8259,0.6761,1.1808,3.4254,2.7098,1.8314,0.5841,GO_GOAL
45.838,2.6712,1.8278,0.6761,1.1824,3.4279,2.7098,1.8314,0.5822,GO_GOAL
45.858,2.6736,1.8297,0.6761,1.184,3.4305,2.7098,1.8314,0.5803,GO_GOAL
45.878,2.6759,1.8316,0.6761,1.1856,3.433,2.7098,1.8314,0.5785,GO_GOAL
45.898,2.6782,1.8334,0.6761,1.1872,3.4356,2.7098,1.8314,0.5766,GO_GOAL
45.918,2.6806,1.8353,0.6761,1.1888,3.4381,2.7215,1.8408,0.5747,GO_GOAL
45.938,2.6829,1.8372,0.6761,1.1904,3.4406,2.7215,1.8408,0.5728,GO_GOAL
45.958,2.6853,1.8391,0.6761,1.1936,3.4457,2.7215,1.8408,0.571,GO_GOAL
45.978,2.6876,1.8409,0.6761,1.1936,3.4457,2.7215,1.8408,0.5691,GO_GOAL
45.998,2.6899,1.8428,0.6761,1.1968,3.4508,2.7215,1.8408,0.5672,GO_GOAL
46.018,2.6923,1.8447,0.6761,1.1968,3.4508,2.7332,1.8502,0.5653,GO_GOAL
46.038,2.6946,1.8466,0.6761,1.2001,3.4558,2.7332,1.8502,0.5635,GO_GOAL
46.058,2.697,1.8484,0.6761,1.2001,3.4558,2.7332,1.8502,0.5616,GO_GOAL
46.078,2.6993,1.8503,0.6761,1.2017,3.4584,2.7332,1.8502,0.5597,GO_GOAL
46.098,2.7016,1.8522,0.6761,1.2033,3.4609,2.7332,1.8502,0.5578,GO_GOAL
46.118,2.704,1.8541,0.6761,1.2049,3.4634,2.7449,1.8596,0.5559,GO_GOAL
46.138,2.7063,1.856,0.6761,1.2065,3.466,2.7449,1.8596,0.5541,GO_GOAL
46.158,2.7087,1.8578,0.6761,1.2081,3.4685,2.7449,1.8596,0.5522,GO_GOAL
46.178,2.711,1.8597,0.6761,1.2113,3.4736,2.7449,1.8596,0.5503,GO_GOAL
46.198,2.7133,1.8616,0.6761,1.2113,3.4736,2.7449,1.8596,0.5484,GO_GOAL
46.218,2.7145,1.8625,0.6761,1.2129,3.4761,2.7449,1.8596,0.5475,GO_GOAL
46.238,2.7153,1.8631,0.6761,1.2135,3.4771,2.7449,1.8596,0.5469,GO_GOAL
46.258,2.7162,1.8638,0.6761,1.2141,3.478,2.7566,1.869,0.5462,REACHED
46.278,2.717,1.8644,0.6761,1.2146,3.4788,2.7566,1.869,0.5456,REACHED
