t,x,y,yaw,odom_x,odom_y,est_x,est_y,clearance,state
0.02,-2.8826,-2.0768,-0.273,-2.882,-2.077,-2.882,-2.077,0.3218,GO_GOAL
0.04,-2.8827,-2.0768,-0.273,-2.882,-2.077,-2.882,-2.077,0.3218,GO_GOAL
0.06,-2.8827,-2.0768,-0.273,-2.882,-2.077,-2.882,-2.077,0.3218,GO_GOAL
0.08,-2.8828,-2.0768,-0.273,-2.882,-2.077,-2.882,-2.077,0.3219,GO_GOAL
0.1,-2.8829,-2.0768,-0.273,-2.882,-2.077,-2.882,-2.077,0.3219,GO_GOAL
0.12,-2.8829,-2.0767,-0.273,-2.882,-2.077,-2.882,-2.077,0.3219,GO_GOAL
0.14,-2.883,-2.0767,-0.273,-2.882,-2.077,-2.882,-2.077,0.3219,GO_GOAL
0.16,-2.8833,-2.0766,-0.2727,-2.882,-2.077,-2.882,-2.077,0.322,GO_GOAL
0.18,-2.8839,-2.0764,-0.2719,-2.882,-2.077,-2.882,-2.077,0.3222,GO_GOAL
0.2,-2.8844,-2.0763,-0.2705,-2.882,-2.077,-2.882,-2.077,0.3223,GO_GOAL
0.22,-2.885,-2.0761,-0.2686,-2.882,-2.077,-2.882,-2.077,0.3224,GO_GOAL
0.24,-2.8858,-2.0759,-0.2661,-2.882,-2.077,-2.882,-2.077,0.3225,GO_GOAL
0.26,-2.8865,-2.0757,-0.2631,-2.882,-2.077,-2.882,-2.077,0.3226,GO_GOAL
0.28,-2.8872,-2.0755,-0.2596,-2.882,-2.077,-2.882,-2.077,0.3227,GO_GOAL
0.3,-2.8878,-2.0753,-0.2555,-2.882,-2.077,-2.882,-2.077,0.3228,GO_GOAL
0.322,-2.8884,-2.0752,-0.2509,-2.882,-2.077,-2.882,-2.077,0.3228,GO_GOAL
0.34,-2.889,-2.075,-0.2458,-2.882,-2.077,-2.882,-2.077,0.3228,GO_GOAL
0.36,-2.8895,-2.0749,-0.2402,-2.882,-2.077,-2.882,-2.077,0.3227,GO_GOAL
0.38,-2.89,-2.0748,-0.234,-2.882,-2.077,-2.882,-2.077,0.3227,GO_GOAL
0.4,-2.8905,-2.0747,-0.2273,-2.882,-2.077,-2.882,-2.077,0.3226,GO_GOAL
0.42,-2.8909,-2.0746,-0.2201,-2.882,-2.077,-2.882,-2.077,0.3224,GO_GOAL
0.44,-2.8914,-2.0745,-0.2124,-2.882,-2.077,-2.882,-2.077,0.3223,GO_GOAL
0.46,-2.8917,-2.0744,-0.2042,-2.882,-2.077,-2.882,-2.077,0.3221,GO_GOAL
0.48,-2.8921,-2.0743,-0.1955,-2.882,-2.077,-2.882,-2.077,0.3219,GO_GOAL
0.502,-2.8924,-2.0743,-0.1862,-2.882,-2.077,-2.882,-2.077,0.3217,GO_GOAL
0.52,-2.8926,-2.0742,-0.1765,-2.882,-2.077,-2.882,-2.077,0.3214,GO_GOAL
0.54,-2.8929,-2.0742,-0.1663,-2.882,-2.077,-2.882,-2.077,0.3211,GO_GOAL
0.56,-2.8931,-2.0741,-0.1556,-2.882,-2.077,-2.882,-2.077,0.3208,GO_GOAL
0.58,-2.8932,-2.0741,-0.1444,-2.882,-2.077,-2.882,-2.077,0.3205,GO_GOAL
0.6,-2.8934,-2.0741,-0.1327,-2.882,-2.077,-2.882,-2.077,0.3201,GO_GOAL
0.62,-2.8935,-2.0741,-0.1206,-2.882,-2.077,-2.882,-2.077,0.3198,GO_GOAL
0.64,-2.8934,-2.0741,-0.108,-2.8818,-2.077,-2.882,-2.077,0.3194,GO_GOAL
0.66,-2.8928,-2.0741,-0.095,-2.8812,-2.077,-2.882,-2.077,0.3189,GO_GOAL
0.68,-2.8921,-2.0742,-0.0816,-2.8803,-2.0769,-2.882,-2.077,0.3184,GO_GOAL
0.7,-2.8914,-2.0742,-0.0677,-2.8793,-2.0768,-2.882,-2.077,0.3179,GO_GOAL
0.72,-2.8909,-2.0743,-0.0534,-2.8783,-2.0767,-2.8793,-2.0773,0.3174,GO_GOAL
0.74,-2.8902,-2.0743,-0.0387,-2.8772,-2.0766,-2.8793,-2.0773,0.317,GO_GOAL
0.76,-2.8897,-2.0742,-0.0238,-2.876,-2.0764,-2.8793,-2.0773,0.3166,GO_GOAL
0.78,-2.8892,-2.074,-0.009,-2.8749,-2.0763,-2.8793,-2.0773,0.3162,GO_GOAL
0.8,-2.8887,-2.0739,0.0059,-2.8737,-2.076,-2.8793,-2.0773,0.3159,GO_GOAL
0.82,-2.8882,-2.0738,0.0207,-2.8725,-2.0758,-2.8736,-2.0775,0.3155,GO_GOAL
0.84,-2.8877,-2.0737,0.0356,-2.8713,-2.0755,-2.8736,-2.0775,0.3152,GO_GOAL
0.86,-2.8873,-2.0736,0.0504,-2.87,-2.0752,-2.8736,-2.0775,0.3148,GO_GOAL
0.88,-2.8868,-2.0734,0.0653,-2.8687,-2.0749,-2.8736,-2.0775,0.3145,GO_GOAL
0.9,-2.8864,-2.0733,0.0801,-2.8675,-2.0745,-2.8736,-2.0775,0.3141,GO_GOAL
0.92,-2.8852,-2.0732,0.095,-2.8662,-2.0741,-2.8672,-2.0772,0.3138,GO_GOAL
0.94,-2.8844,-2.0731,0.1102,-2.8635,-2.0731,-2.8672,-2.0772,0.3134,GO_GOAL
0.96,-2.8827,-2.0729,0.1255,-2.8622,-2.0726,-2.8672,-2.0772,0.3131,GO_GOAL
0.98,-2.8816,-2.0727,0.141,-2.8622,-2.0726,-2.8672,-2.0772,0.3128,GO_GOAL
1.0,-2.88,-2.0726,0.157,-2.8608,-2.072,-2.8672,-2.0772,0.3124,GO_GOAL
1.02,-2.8788,-2.0724,0.1735,-2.8595,-2.0714,-2.8602,-2.0765,0.3121,GO_GOAL
1.04,-2.8775,-2.0722,0.1906,-2.8581,-2.0708,-2.8602,-2.0765,0.3118,GO_GOAL
1.06,-2.8762,-2.0719,0.2081,-2.8567,-2.0701,-2.8602,-2.0765,0.3115,GO_GOAL
1.08,-2.8749,-2.0716,0.2262,-2.8553,-2.0693,-2.8602,-2.0765,0.3112,GO_GOAL
1.1,-2.8736,-2.0713,0.2448,-2.8539,-2.0686,-2.8602,-2.0765,0.311,GO_GOAL
1.12,-2.872,-2.0709,0.2635,-2.8526,-2.0678,-2.8526,-2.075,0.3108,GO_GOAL
1.14,-2.8704,-2.0704,0.2816,-2.8497,-2.066,-2.8526,-2.075,0.3107,GO_GOAL
1.16,-2.8688,-2.0699,0.2991,-2.8497,-2.066,-2.8526,-2.075,0.3107,GO_GOAL
1.18,-2.8672,-2.0694,0.3162,-2.8468,-2.0641,-2.8526,-2.075,0.3106,GO_GOAL
1.2,-2.8657,-2.0689,0.3327,-2.8454,-2.0632,-2.8526,-2.075,0.3107,GO_GOAL
1.22,-2.8639,-2.0683,0.3486,-2.8454,-2.0632,-2.8446,-2.0727,0.3108,GO_GOAL
1.24,-2.8621,-2.0676,0.364,-2.8439,-2.0621,-2.8446,-2.0727,0.311,GO_GOAL
1.26,-2.8603,-2.0669,0.3788,-2.8425,-2.0611,-2.8446,-2.0727,0.3113,GO_GOAL
1.28,-2.8586,-2.0662,0.3931,-2.841,-2.06,-2.8446,-2.0727,0.3116,GO_GOAL
1.3,-2.8569,-2.0655,0.4068,-2.8395,-2.0589,-2.8446,-2.0727,0.3119,GO_GOAL
1.32,-2.8551,-2.0647,0.4199,-2.8381,-2.0578,-2.8362,-2.0695,0.3123,GO_GOAL
1.34,-2.8533,-2.0639,0.4325,-2.8366,-2.0566,-2.8362,-2.0695,0.3127,GO_GOAL
1.36,-2.8515,-2.063,0.4445,-2.8337,-2.0542,-2.8362,-2.0695,0.3132,GO_GOAL
1.38,-2.8497,-2.0622,0.456,-2.8323,-2.0529,-2.8362,-2.0695,0.3137,GO_GOAL
1.4,-2.848,-2.0613,0.4669,-2.8323,-2.0529,-2.8276,-2.0656,0.3143,GO_GOAL
1.42,-2.8461,-2.0603,0.4772,-2.8308,-2.0517,-2.8276,-2.0656,0.315,GO_GOAL
1.44,-2.8442,-2.0594,0.487,-2.8294,-2.0504,-2.8276,-2.0656,0.3157,GO_GOAL
1.46,-2.8424,-2.0584,0.4962,-2.8279,-2.0491,-2.8276,-2.0656,0.3164,GO_GOAL
1.48,-2.8407,-2.0575,0.505,-2.825,-2.0465,-2.8276,-2.0656,0.317,GO_GOAL
1.5,-2.8391,-2.0567,0.5137,-2.825,-2.0465,-2.8276,-2.0656,0.3176,GO_GOAL
1.52,-2.8376,-2.0559,0.5224,-2.8221,-2.0438,-2.8191,-2.0611,0.3181,GO_GOAL
1.54,-2.836,-2.0551,0.5312,-2.8221,-2.0438,-2.8191,-2.0611,0.3187,GO_GOAL
1.56,-2.8344,-2.0543,0.5399,-2.8207,-2.0425,-2.8191,-2.0611,0.3192,GO_GOAL
1.58,-2.8329,-2.0535,0.5486,-2.8193,-2.0411,-2.8191,-2.0611,0.3198,GO_GOAL
1.6,-2.8313,-2.0527,0.5574,-2.8178,-2.0398,-2.8191,-2.0611,0.3203,GO_GOAL
1.62,-2.8298,-2.052,0.5661,-2.8164,-2.0384,-2.8106,-2.0561,0.3209,GO_GOAL
1.64,-2.8279,-2.0508,0.5747,-2.815,-2.037,-2.8106,-2.0561,0.3218,GO_GOAL
1.66,-2.8266,-2.05,0.5833,-2.8122,-2.0342,-2.8106,-2.0561,0.3224,GO_GOAL
1.68,-2.8248,-2.0487,0.5917,-2.8122,-2.0342,-2.8106,-2.0561,0.3234,GO_GOAL
1.7,-2.8232,-2.0477,0.6001,-2.8108,-2.0328,-2.8106,-2.0561,0.3243,GO_GOAL
1.72,-2.8217,-2.0466,0.6083,-2.8079,-2.03,-2.8022,-2.0507,0.3251,GO_GOAL
1.74,-2.82,-2.0454,0.6164,-2.8079,-2.03,-2.8022,-2.0507,0.3261,GO_GOAL
1.76,-2.8182,-2.044,0.6241,-2.8065,-2.0286,-2.8022,-2.0507,0.3273,GO_GOAL
1.78,-2.8162,-2.0426,0.6311,-2.8037,-2.0257,-2.8022,-2.0507,0.3285,GO_GOAL
1.8,-2.8143,-2.0412,0.6376,-2.8037,-2.0257,-2.8022,-2.0507,0.3298,GO_GOAL
1.82,-2.8123,-2.0397,0.6434,-2.8009,-2.0229,-2.7941,-2.0449,0.3311,GO_GOAL
1.84,-2.8104,-2.0383,0.6486,-2.8009,-2.0229,-2.7941,-2.0449,0.3324,GO_GOAL
1.86,-2.8085,-2.0368,0.6532,-2.7995,-2.0215,-2.7941,-2.0449,0.3337,GO_GOAL
1.88,-2.8067,-2.0354,0.6572,-2.7981,-2.02,-2.7941,-2.0449,0.335,GO_GOAL
1.9,-2.8049,-2.034,0.6607,-2.7967,-2.0186,-2.7941,-2.0449,0.3363,GO_GOAL
1.92,-2.8031,-2.0326,0.6635,-2.7953,-2.0172,-2.7861,-2.0389,0.3377,GO_GOAL
1.94,-2.8013,-2.0312,0.6657,-2.7924,-2.0144,-2.7861,-2.0389,0.339,GO_GOAL
1.96,-2.7995,-2.0298,0.6673,-2.7924,-2.0144,-2.7861,-2.0389,0.3404,GO_GOAL
1.98,-2.7978,-2.0285,0.6683,-2.7896,-2.0116,-2.7861,-2.0389,0.3417,GO_GOAL
2.0,-2.7961,-2.0271,0.6687,-2.7882,-2.0101,-2.7782,-2.0327,0.343,GO_GOAL
2.02,-2.7944,-2.0258,0.6685,-2.7882,-2.0101,-2.7782,-2.0327,0.3443,GO_GOAL
2.04,-2.7928,-2.0245,0.6677,-2.7868,-2.0087,-2.7782,-2.0327,0.3457,GO_GOAL
2.06,-2.7912,-2.0233,0.6663,-2.7839,-2.0059,-2.7782,-2.0327,0.347,GO_GOAL
2.08,-2.7896,-2.022,0.6643,-2.7839,-2.0059,-2.7782,-2.0327,0.3482,GO_GOAL
2.1,-2.788,-2.0208,0.6623,-2.7825,-2.0046,-2.7782,-2.0327,0.3495,GO_GOAL
2.12,-2.7865,-2.0196,0.6604,-2.7796,-2.0018,-2.7704,-2.0266,0.3508,GO_GOAL
2.14,-2.7849,-2.0183,0.6585,-2.7796,-2.0018,-2.7704,-2.0266,0.3521,GO_GOAL
2.16,-2.7832,-2.0172,0.6566,-2.7782,-2.0004,-2.7704,-2.0266,0.3532,GO_GOAL
2.18,-2.7816,-2.0162,0.6548,-2.7768,-1.999,-2.7704,-2.0266,0.3543,GO_GOAL
2.2,-2.78,-2.0151,0.6529,-2.7753,-1.9976,-2.7625,-2.0205,0.3555,GO_GOAL
2.22,-2.7784,-2.014,0.651,-2.7739,-1.9962,-2.7625,-2.0205,0.3566,GO_GOAL
2.24,-2.7768,-2.013,0.6492,-2.7724,-1.9949,-2.7625,-2.0205,0.3577,GO_GOAL
2.26,-2.7752,-2.0119,0.6473,-2.771,-1.9935,-2.7625,-2.0205,0.3588,GO_GOAL
2.28,-2.7736,-2.0108,0.6454,-2.7681,-1.9907,-2.7625,-2.0205,0.3599,GO_GOAL
2.298,-2.772,-2.0096,0.6438,-2.7681,-1.9907,-2.7625,-2.0205,0.3612,GO_GOAL
2.32,-2.7704,-2.0084,0.6426,-2.7666,-1.9894,-2.753,-2.0132,0.3624,GO_GOAL
2.34,-2.7688,-2.0072,0.6415,-2.7652,-1.988,-2.753,-2.0132,0.3636,GO_GOAL
2.36,-2.7672,-2.006,0.6404,-2.7637,-1.9866,-2.753,-2.0132,0.3649,GO_GOAL
2.38,-2.7656,-2.0048,0.6394,-2.7623,-1.9853,-2.753,-2.0132,0.3661,GO_GOAL
2.4,-2.764,-2.0036,0.6383,-2.7608,-1.9839,-2.753,-2.0132,0.3673,GO_GOAL
2.42,-2.7623,-2.0024,0.6374,-2.7593,-1.9826,-2.7465,-2.0084,0.3685,GO_GOAL
2.44,-2.7607,-2.0012,0.6365,-2.7579,-1.9812,-2.7465,-2.0084,0.3698,GO_GOAL
2.46,-2.7591,-2.0,0.6356,-2.7564,-1.9798,-2.7465,-2.0084,0.371,GO_GOAL
2.48,-2.7575,-1.9988,0.6347,-2.7549,-1.9785,-2.7465,-2.0084,0.3722,GO_GOAL
2.5,-2.7559,-1.9976,0.6338,-2.7535,-1.9771,-2.7465,-2.0084,0.3734,GO_GOAL
2.52,-2.7543,-1.9965,0.6331,-2.752,-1.9758,-2.7385,-2.0025,0.3746,GO_GOAL
2.54,-2.7526,-1.9953,0.6324,-2.7505,-1.9744,-2.7385,-2.0025,0.3758,GO_GOAL
2.56,-2.751,-1.9941,0.6317,-2.749,-1.9731,-2.7385,-2.0025,0.377,GO_GOAL
2.58,-2.7494,-1.9929,0.631,-2.7476,-1.9717,-2.7385,-2.0025,0.3782,GO_GOAL
2.6,-2.7478,-1.9917,0.6303,-2.7461,-1.9704,-2.7385,-2.0025,0.3794,GO_GOAL
2.62,-2.7462,-1.9905,0.6297,-2.7446,-1.969,-2.7304,-1.9966,0.3806,GO_GOAL
2.64,-2.7446,-1.9894,0.6292,-2.7431,-1.9677,-2.7304,-1.9966,0.3818,GO_GOAL
2.66,-2.7429,-1.9882,0.6286,-2.7417,-1.9663,-2.7304,-1.9966,0.383,GO_GOAL
2.68,-2.7413,-1.987,0.6281,-2.7402,-1.965,-2.7304,-1.9966,0.3842,GO_GOAL
2.7,-2.7397,-1.9858,0.6275,-2.7387,-1.9636,-2.7304,-1.9966,0.3854,GO_GOAL
2.72,-2.7381,-1.9847,0.6271,-2.7372,-1.9623,-2.7224,-1.9907,0.3866,GO_GOAL
2.74,-2.7365,-1.9835,0.6266,-2.7358,-1.9609,-2.7224,-1.9907,0.3877,GO_GOAL
2.76,-2.7349,-1.9823,0.6262,-2.7343,-1.9596,-2.7224,-1.9907,0.3889,GO_GOAL
2.78,-2.7333,-1.9812,0.6257,-2.7328,-1.9582,-2.7224,-1.9907,0.3901,GO_GOAL
2.8,-2.7317,-1.98,0.6253,-2.7313,-1.9569,-2.7143,-1.9848,0.3913,GO_GOAL
2.82,-2.7301,-1.9789,0.6249,-2.7298,-1.9556,-2.7143,-1.9848,0.3924,GO_GOAL
2.84,-2.7285,-1.9777,0.6244,-2.7283,-1.9542,-2.7143,-1.9848,0.3936,GO_GOAL
2.86,-2.7269,-1.9766,0.624,-2.7269,-1.9529,-2.7143,-1.9848,0.3947,GO_GOAL
2.88,-2.7253,-1.9754,0.6236,-2.7254,-1.9515,-2.7143,-1.9848,0.3959,GO_GOAL
2.9,-2.7238,-1.9743,0.6231,-2.7239,-1.9502,-2.7143,-1.9848,0.397,GO_GOAL
2.92,-2.7222,-1.9732,0.6227,-2.7224,-1.9489,-2.7062,-1.979,0.3982,GO_GOAL
2.94,-2.7206,-1.972,0.6224,-2.7209,-1.9475,-2.7062,-1.979,0.3994,GO_GOAL
2.96,-2.7189,-1.9708,0.6222,-2.7194,-1.9462,-2.7062,-1.979,0.4005,GO_GOAL
2.98,-2.7173,-1.9696,0.6219,-2.718,-1.9448,-2.7062,-1.979,0.4017,GO_GOAL
3.0,-2.7157,-1.9685,0.6217,-2.7165,-1.9435,-2.7062,-1.979,0.4029,GO_GOAL
3.02,-2.714,-1.9673,0.6215,-2.715,-1.9422,-2.698,-1.9732,0.4041,GO_GOAL
3.04,-2.7124,-1.9661,0.6213,-2.7135,-1.9408,-2.698,-1.9732,0.4053,GO_GOAL
3.06,-2.7108,-1.965,0.6211,-2.7105,-1.9382,-2.698,-1.9732,0.4064,GO_GOAL
3.08,-2.7091,-1.9638,0.6209,-2.7105,-1.9382,-2.698,-1.9732,0.4076,GO_GOAL
3.1,-2.7075,-1.9626,0.6207,-2.709,-1.9368,-2.698,-1.9732,0.4088,GO_GOAL
3.12,-2.7059,-1.9615,0.6206,-2.7075,-1.9355,-2.6899,-1.9673,0.4099,GO_GOAL
3.14,-2.7043,-1.9603,0.6204,-2.7061,-1.9341,-2.6899,-1.9673,0.4111,GO_GOAL
3.16,-2.7026,-1.9591,0.6203,-2.7046,-1.9328,-2.6899,-1.9673,0.4123,GO_GOAL
3.18,-2.701,-1.958,0.6201,-2.7031,-1.9315,-2.6899,-1.9673,0.4134,GO_GOAL
3.2,-2.6994,-1.9568,0.62,-2.7016,-1.9301,-2.6899,-1.9673,0.4146,GO_GOAL
3.22,-2.6977,-1.9556,0.6198,-2.7001,-1.9288,-2.6818,-1.9615,0.4158,GO_GOAL
3.24,-2.6961,-1.9545,0.6197,-2.6986,-1.9275,-2.6818,-1.9615,0.4169,GO_GOAL
3.26,-2.6945,-1.9533,0.6196,-2.6956,-1.9248,-2.6818,-1.9615,0.4181,GO_GOAL
3.28,-2.6929,-1.9522,0.6195,-2.6956,-1.9248,-2.6818,-1.9615,0.4193,GO_GOAL
3.3,-2.6912,-1.951,0.6194,-2.6941,-1.9235,-2.6818,-1.9615,0.4204,GO_GOAL
3.32,-2.6896,-1.9498,0.6193,-2.6927,-1.9221,-2.6736,-1.9557,0.4216,GO_GOAL
3.34,-2.688,-1.9487,0.6192,-2.6912,-1.9208,-2.6736,-1.9557,0.4227,GO_GOAL
3.36,-2.6864,-1.9475,0.6191,-2.6897,-1.9195,-2.6736,-1.9557,0.4239,GO_GOAL
3.38,-2.6848,-1.9464,0.619,-2.6882,-1.9181,-2.6736,-1.9557,0.4251,GO_GOAL
3.4,-2.6831,-1.9452,0.6189,-2.6867,-1.9168,-2.6736,-1.9557,0.4262,GO_GOAL
3.42,-2.6815,-1.9441,0.6188,-2.6852,-1.9155,-2.6655,-1.9499,0.4274,GO_GOAL
3.44,-2.6799,-1.9429,0.6188,-2.6837,-1.9141,-2.6655,-1.9499,0.4285,GO_GOAL
3.46,-2.6783,-1.9418,0.6187,-2.6822,-1.9128,-2.6655,-1.9499,0.4297,GO_GOAL
3.48,-2.6767,-1.9406,0.6186,-2.6807,-1.9115,-2.6655,-1.9499,0.4308,GO_GOAL
3.5,-2.6751,-1.9395,0.6185,-2.6792,-1.9101,-2.6655,-1.9499,0.4319,GO_GOAL
3.52,-2.6736,-1.9384,0.6185,-2.6778,-1.9088,-2.6573,-1.9441,0.4331,GO_GOAL
3.54,-2.672,-1.9373,0.6184,-2.6763,-1.9075,-2.6573,-1.9441,0.4342,GO_GOAL
3.56,-2.6704,-1.9361,0.6183,-2.6748,-1.9061,-2.6573,-1.9441,0.4353,GO_GOAL
3.58,-2.6688,-1.935,0.6183,-2.6733,-1.9048,-2.6573,-1.9441,0.4365,GO_GOAL
3.6,-2.6671,-1.9338,0.6182,-2.6718,-1.9035,-2.6573,-1.9441,0.4377,GO_GOAL
3.62,-2.6655,-1.9326,0.6182,-2.6703,-1.9021,-2.6492,-1.9383,0.4388,GO_GOAL
3.64,-2.6639,-1.9315,0.6181,-2.6688,-1.9008,-2.6492,-1.9383,0.44,GO_GOAL
3.66,-2.6622,-1.9303,0.6181,-2.6673,-1.8995,-2.6492,-1.9383,0.4412,GO_GOAL
3.68,-2.6606,-1.9291,0.618,-2.6643,-1.8968,-2.6492,-1.9383,0.4423,GO_GOAL
3.7,-2.659,-1.928,0.618,-2.6643,-1.8968,-2.6492,-1.9383,0.4435,GO_GOAL
3.72,-2.6573,-1.9268,0.618,-2.6613,-1.8941,-2.641,-1.9325,0.4446,GO_GOAL
3.74,-2.6557,-1.9256,0.6179,-2.6613,-1.8941,-2.641,-1.9325,0.4458,GO_GOAL
3.76,-2.6541,-1.9245,0.6179,-2.6599,-1.8928,-2.641,-1.9325,0.447,GO_GOAL
3.78,-2.6524,-1.9233,0.6179,-2.6584,-1.8915,-2.641,-1.9325,0.4481,GO_GOAL
3.8,-2.6508,-1.9222,0.6178,-2.6569,-1.8901,-2.641,-1.9325,0.4493,GO_GOAL
3.82,-2.6492,-1.921,0.6178,-2.6554,-1.8888,-2.6329,-1.9267,0.4505,GO_GOAL
3.84,-2.6475,-1.9199,0.6178,-2.6539,-1.8875,-2.6329,-1.9267,0.4516,GO_GOAL
3.86,-2.6459,-1.9187,0.6177,-2.6524,-1.8861,-2.6329,-1.9267,0.4528,GO_GOAL
3.88,-2.6443,-1.9175,0.6177,-2.6494,-1.8835,-2.6329,-1.9267,0.4539,GO_GOAL
3.9,-2.6427,-1.9164,0.6177,-2.6494,-1.8835,-2.6329,-1.9267,0.4551,GO_GOAL
3.92,-2.641,-1.9152,0.6177,-2.6479,-1.8821,-2.6247,-1.9209,0.4562,GO_GOAL
3.94,-2.6394,-1.9141,0.6176,-2.6449,-1.8795,-2.6247,-1.9209,0.4574,GO_GOAL
3.96,-2.6378,-1.9129,0.6176,-2.6449,-1.8795,-2.6247,-1.9209,0.4585,GO_GOAL
3.98,-2.6362,-1.9118,0.6176,-2.642,-1.8768,-2.6247,-1.9209,0.4597,GO_GOAL
4.0,-2.6345,-1.9106,0.6176,-2.642,-1.8768,-2.6247,-1.9209,0.4609,GO_GOAL
4.02,-2.6329,-1.9095,0.6176,-2.6405,-1.8755,-2.6166,-1.9151,0.462,GO_GOAL
4.04,-2.6313,-1.9083,0.6175,-2.639,-1.8742,-2.6166,-1.9151,0.4632,GO_GOAL
4.06,-2.6297,-1.9072,0.6175,-2.6375,-1.8728,-2.6166,-1.9151,0.4643,GO_GOAL
4.08,-2.6281,-1.906,0.6175,-2.636,-1.8715,-2.6166,-1.9151,0.4654,GO_GOAL
4.1,-2.6265,-1.9049,0.6175,-2.6345,-1.8702,-2.6166,-1.9151,0.4666,GO_GOAL
4.12,-2.6249,-1.9038,0.6175,-2.633,-1.8688,-2.6084,-1.9094,0.4677,GO_GOAL
4.14,-2.6233,-1.9027,0.6175,-2.6315,-1.8675,-2.6084,-1.9094,0.4688,GO_GOAL
4.16,-2.6218,-1.9015,0.6174,-2.63,-1.8662,-2.6084,-1.9094,0.4699,GO_GOAL
4.18,-2.6202,-1.9004,0.6174,-2.6285,-1.8648,-2.6084,-1.9094,0.4711,GO_GOAL
4.2,-2.6185,-1.8992,0.6174,-2.627,-1.8635,-2.6084,-1.9094,0.4722,GO_GOAL
4.22,-2.6169,-1.8981,0.6174,-2.6255,-1.8622,-2.6003,-1.9036,0.4734,GO_GOAL
4.24,-2.6152,-1.8969,0.6174,-2.624,-1.8608,-2.6003,-1.9036,0.4746,GO_GOAL
4.26,-2.6136,-1.8957,0.6174,-2.6226,-1.8595,-2.6003,-1.9036,0.4757,GO_GOAL
4.28,-2.612,-1.8946,0.6174,-2.6211,-1.8582,-2.6003,-1.9036,0.4769,GO_GOAL
4.3,-2.6103,-1.8934,0.6174,-2.6196,-1.8568,-2.6003,-1.9036,0.4781,GO_GOAL
4.32,-2.6087,-1.8923,0.6174,-2.6166,-1.8542,-2.5921,-1.8978,0.4792,GO_GOAL
4.34,-2.6071,-1.8911,0.6173,-2.6166,-1.8542,-2.5921,-1.8978,0.4804,GO_GOAL
4.36,-2.6054,-1.8899,0.6173,-2.6151,-1.8528,-2.5921,-1.8978,0.4815,GO_GOAL
4.38,-2.6038,-1.8888,0.6173,-2.6136,-1.8515,-2.5921,-1.8978,0.4827,GO_GOAL
4.4,-2.6022,-1.8876,0.6173,-2.6121,-1.8502,-2.5921,-1.8978,0.4839,GO_GOAL
4.42,-2.6005,-1.8865,0.6173,-2.6106,-1.8489,-2.584,-1.892,0.485,GO_GOAL
4.44,-2.5989,-1.8853,0.6173,-2.6091,-1.8475,-2.584,-1.892,0.4862,GO_GOAL
4.46,-2.5973,-1.8841,0.6173,-2.6076,-1.8462,-2.584,-1.892,0.4873,GO_GOAL
4.48,-2.5956,-1.883,0.6173,-2.6046,-1.8435,-2.584,-1.892,0.4885,GO_GOAL
4.5,-2.594,-1.8818,0.6173,-2.6046,-1.8435,-2.584,-1.892,0.4896,GO_GOAL
4.52,-2.5924,-1.8807,0.6173,-2.6031,-1.8422,-2.5758,-1.8862,0.4908,GO_GOAL
4.54,-2.5908,-1.8795,0.6173,-2.6017,-1.8409,-2.5758,-1.8862,0.4919,GO_GOAL
4.56,-2.5891,-1.8784,0.6173,-2.6002,-1.8395,-2.5758,-1.8862,0.4931,GO_GOAL
4.58,-2.5875,-1.8772,0.6173,-2.5972,-1.8369,-2.5758,-1.8862,0.4943,GO_GOAL
4.6,-2.5859,-1.8761,0.6173,-2.5972,-1.8369,-2.5758,-1.8862,0.4954,GO_GOAL
4.62,-2.5843,-1.8749,0.6173,-2.5957,-1.8355,-2.5677,-1.8804,0.4966,GO_GOAL
4.64,-2.5826,-1.8738,0.6173,-2.5942,-1.8342,-2.5677,-1.8804,0.4977,GO_GOAL
4.66,-2.581,-1.8726,0.6173,-2.5927,-1.8329,-2.5677,-1.8804,0.4989,GO_GOAL
4.68,-2.5794,-1.8715,0.6173,-2.5912,-1.8315,-2.5677,-1.8804,0.5,GO_GOAL
4.7,-2.5778,-1.8704,0.6172,-2.5897,-1.8302,-2.5677,-1.8804,0.5011,GO_GOAL
4.72,-2.5763,-1.8692,0.6172,-2.5882,-1.8289,-2.5579,-1.8735,0.5022,GO_GOAL
4.74,-2.5747,-1.8681,0.6172,-2.5867,-1.8276,-2.5579,-1.8735,0.5034,GO_GOAL
4.76,-2.5731,-1.867,0.6172,-2.5852,-1.8262,-2.5579,-1.8735,0.5045,GO_GOAL
4.78,-2.5715,-1.8658,0.6172,-2.5837,-1.8249,-2.5579,-1.8735,0.5056,GO_GOAL
4.8,-2.5698,-1.8647,0.6172,-2.5823,-1.8236,-2.5579,-1.8735,0.5068,GO_GOAL
4.82,-2.5682,-1.8635,0.6172,-2.5808,-1.8222,-2.5514,-1.8688,0.508,GO_GOAL
4.84,-2.5666,-1.8624,0.6172,-2.5793,-1.8209,-2.5514,-1.8688,0.5091,GO_GOAL
4.86,-2.5649,-1.8612,0.6172,-2.5778,-1.8196,-2.5514,-1.8688,0.5103,GO_GOAL
4.88,-2.5633,-1.86,0.6172,-2.5748,-1.8169,-2.5514,-1.8688,0.5114,GO_GOAL
4.9,-2.5617,-1.8589,0.6172,-2.5733,-1.8156,-2.5432,-1.863,0.5126,GO_GOAL
4.92,-2.56,-1.8577,0.6172,-2.5733,-1.8156,-2.5432,-1.863,0.5138,GO_GOAL
4.94,-2.5584,-1.8565,0.6172,-2.5718,-1.8142,-2.5432,-1.863,0.5149,GO_GOAL
4.96,-2.5568,-1.8554,0.6172,-2.5703,-1.8129,-2.5432,-1.863,0.5161,GO_GOAL
4.98,-2.5551,-1.8542,0.6172,-2.5688,-1.8116,-2.5432,-1.863,0.5172,GO_GOAL
5.0,-2.5535,-1.8531,0.6172,-2.5673,-1.8102,-2.5432,-1.863,0.5184,GO_GOAL
5.02,-2.5519,-1.8519,0.6172,-2.5658,-1.8089,-2.535,-1.8573,0.5196,GO_GOAL
5.04,-2.5502,-1.8508,0.6172,-2.5643,-1.8076,-2.535,-1.8573,0.5207,GO_GOAL
5.06,-2.5486,-1.8496,0.6172,-2.5628,-1.8063,-2.535,-1.8573,0.5219,GO_GOAL
5.08,-2.547,-1.8485,0.6172,-2.5614,-1.8049,-2.535,-1.8573,0.523,GO_GOAL
5.1,-2.5454,-1.8473,0.6172,-2.5599,-1.8036,-2.5269,-1.8515,0.5242,GO_GOAL
5.12,-2.5437,-1.8461,0.6172,-2.5584,-1.8023,-2.5269,-1.8515,0.5253,GO_GOAL
5.14,-2.5421,-1.845,0.6172,-2.5554,-1.7996,-2.5269,-1.8515,0.5265,GO_GOAL
5.16,-2.5405,-1.8438,0.6172,-2.5554,-1.7996,-2.5269,-1.8515,0.5276,GO_GOAL
5.18,-2.5389,-1.8427,0.6172,-2.5539,-1.7983,-2.5269,-1.8515,0.5288,GO_GOAL
5.2,-2.5372,-1.8415,0.6172,-2.5524,-1.7969,-2.5269,-1.8515,0.5299,GO_GOAL
5.22,-2.5356,-1.8404,0.6172,-2.5494,-1.7943,-2.5187,-1.8457,0.5311,GO_GOAL
5.24,-2.534,-1.8392,0.6172,-2.5494,-1.7943,-2.5187,-1.8457,0.5322,GO_GOAL
5.26,-2.5324,-1.8381,0.6172,-2.5479,-1.7929,-2.5187,-1.8457,0.5334,GO_GOAL
5.28,-2.5308,-1.837,0.6172,-2.5449,-1.7903,-2.5187,-1.8457,0.5345,GO_GOAL
5.3,-2.5292,-1.8358,0.6172,-2.5449,-1.7903,-2.5187,-1.8457,0.5356,GO_GOAL
5.32,-2.5276,-1.8347,0.6172,-2.5434,-1.789,-2.5106,-1.8399,0.5368,GO_GOAL
5.34,-2.526,-1.8336,0.6172,-2.542,-1.7876,-2.5106,-1.8399,0.5379,GO_GOAL
5.36,-2.5244,-1.8325,0.6172,-2.5405,-1.7863,-2.5106,-1.8399,0.539,GO_GOAL
5.38,-2.5228,-1.8313,0.6172,-2.539,-1.785,-2.5106,-1.8399,0.5402,GO_GOAL
5.4,-2.5212,-1.8301,0.6172,-2.536,-1.7823,-2.5106,-1.8399,0.5413,GO_GOAL
5.42,-2.5195,-1.829,0.6172,-2.536,-1.7823,-2.5024,-1.8341,0.5425,GO_GOAL
5.44,-2.5179,-1.8278,0.6172,-2.5345,-1.781,-2.5024,-1.8341,0.5437,GO_GOAL
5.46,-2.5163,-1.8266,0.6172,-2.533,-1.7796,-2.5024,-1.8341,0.5448,GO_GOAL
5.48,-2.5146,-1.8255,0.6172,-2.5315,-1.7783,-2.5024,-1.8341,0.546,GO_GOAL
5.5,-2.513,-1.8243,0.6172,-2.53,-1.777,-2.5024,-1.8341,0.5472,GO_GOAL
5.52,-2.5113,-1.8232,0.6172,-2.5285,-1.7756,-2.4943,-1.8283,0.5483,GO_GOAL
5.54,-2.5097,-1.822,0.6172,-2.527,-1.7743,-2.4943,-1.8283,0.5495,GO_GOAL
5.56,-2.5081,-1.8208,0.6172,-2.5255,-1.773,-2.4943,-1.8283,0.5506,GO_GOAL
5.58,-2.5065,-1.8197,0.6172,-2.524,-1.7716,-2.4943,-1.8283,0.5518,GO_GOAL
5.6,-2.5048,-1.8185,0.6172,-2.5225,-1.7703,-2.4943,-1.8283,0.5529,GO_GOAL
5.62,-2.5032,-1.8174,0.6172,-2.5211,-1.769,-2.4861,-1.8225,0.5541,GO_GOAL
5.64,-2.5016,-1.8162,0.6172,-2.5196,-1.7677,-2.4861,-1.8225,0.5553,GO_GOAL
5.66,-2.4999,-1.8151,0.6172,-2.5181,-1.7663,-2.4861,-1.8225,0.5564,GO_GOAL
5.68,-2.4983,-1.8139,0.6172,-2.5166,-1.765,-2.4861,-1.8225,0.5576,GO_GOAL
5.7,-2.4967,-1.8128,0.6172,-2.5136,-1.7623,-2.4861,-1.8225,0.5587,GO_GOAL
5.72,-2.4951,-1.8116,0.6172,-2.5121,-1.761,-2.4763,-1.8156,0.5599,GO_GOAL
5.74,-2.4934,-1.8104,0.6172,-2.5121,-1.761,-2.4763,-1.8156,0.561,GO_GOAL
5.76,-2.4918,-1.8093,0.6172,-2.5106,-1.7597,-2.4763,-1.8156,0.5622,GO_GOAL
5.78,-2.4902,-1.8081,0.6172,-2.5091,-1.7583,-2.4763,-1.8156,0.5633,GO_GOAL
5.8,-2.4886,-1.807,0.6172,-2.5061,-1.7557,-2.4763,-1.8156,0.5645,GO_GOAL
5.82,-2.487,-1.8059,0.6172,-2.5061,-1.7557,-2.4698,-1.811,0.5656,GO_GOAL
5.84,-2.4853,-1.8047,0.6172,-2.5046,-1.7543,-2.4698,-1.811,0.5668,GO_GOAL
5.86,-2.4838,-1.8036,0.6172,-2.5031,-1.753,-2.4698,-1.811,0.5679,GO_GOAL
5.88,-2.4822,-1.8024,0.6172,-2.5016,-1.7517,-2.4698,-1.811,0.569,GO_GOAL
5.9,-2.4806,-1.8013,0.6172,-2.5002,-1.7503,-2.4698,-1.811,0.5702,GO_GOAL
5.92,-2.479,-1.8002,0.6172,-2.4987,-1.749,-2.4616,-1.8052,0.5713,GO_GOAL
5.94,-2.4774,-1.7991,0.6172,-2.4972,-1.7477,-2.4616,-1.8052,0.5724,GO_GOAL
5.96,-2.4757,-1.7979,0.6172,-2.4957,-1.7464,-2.4616,-1.8052,0.5736,GO_GOAL
5.98,-2.4741,-1.7967,0.6172,-2.4942,-1.745,-2.4616,-1.8052,0.5748,GO_GOAL
6.0,-2.4725,-1.7956,0.6172,-2.4927,-1.7437,-2.4616,-1.8052,0.5759,GO_GOAL
6.02,-2.4708,-1.7944,0.6172,-2.4912,-1.7424,-2.4535,-1.7994,0.5771,GO_GOAL
6.04,-2.4692,-1.7932,0.6172,-2.4897,-1.741,-2.4535,-1.7994,0.5782,GO_GOAL
6.06,-2.4676,-1.7921,0.6172,-2.4882,-1.7397,-2.4535,-1.7994,0.5794,GO_GOAL
6.08,-2.4659,-1.7909,0.6172,-2.4852,-1.737,-2.4535,-1.7994,0.5806,GO_GOAL
6.1,-2.4643,-1.7898,0.6172,-2.4852,-1.737,-2.4535,-1.7994,0.5817,GO_GOAL
6.12,-2.4627,-1.7886,0.6172,-2.4822,-1.7344,-2.4437,-1.7924,0.5829,GO_GOAL
6.14,-2.461,-1.7875,0.6172,-2.4822,-1.7344,-2.4437,-1.7924,0.584,GO_GOAL
6.16,-2.4594,-1.7863,0.6172,-2.4807,-1.733,-2.4437,-1.7924,0.5852,GO_GOAL
6.18,-2.4578,-1.7851,0.6172,-2.4793,-1.7317,-2.4437,-1.7924,0.5863,GO_GOAL
6.2,-2.4561,-1.784,0.6172,-2.4763,-1.7291,-2.4437,-1.7924,0.5875,GO_GOAL
6.22,-2.4545,-1.7828,0.6172,-2.4763,-1.7291,-2.4372,-1.7878,0.5887,GO_GOAL
6.24,-2.4529,-1.7817,0.6172,-2.4748,-1.7277,-2.4372,-1.7878,0.5898,GO_GOAL
6.26,-2.4513,-1.7805,0.6172,-2.4718,-1.7251,-2.4372,-1.7878,0.591,GO_GOAL
6.28,-2.4496,-1.7794,0.6172,-2.4718,-1.7251,-2.4372,-1.7878,0.5921,GO_GOAL
6.3,-2.448,-1.7782,0.6172,-2.4703,-1.7237,-2.4372,-1.7878,0.5933,GO_GOAL
6.32,-2.4464,-1.7771,0.6172,-2.4673,-1.7211,-2.429,-1.782,0.5944,GO_GOAL
6.34,-2.4448,-1.7759,0.6172,-2.4673,-1.7211,-2.429,-1.782,0.5956,GO_GOAL
6.36,-2.4431,-1.7748,0.6172,-2.4658,-1.7197,-2.429,-1.782,0.5967,GO_GOAL
6.38,-2.4415,-1.7736,0.6172,-2.4643,-1.7184,-2.429,-1.782,0.5979,GO_GOAL
6.4,-2.4399,-1.7725,0.6172,-2.4628,-1.7171,-2.429,-1.782,0.599,GO_GOAL
6.42,-2.4383,-1.7713,0.6172,-2.4613,-1.7157,-2.4209,-1.7762,0.6001,GO_GOAL
6.44,-2.4367,-1.7702,0.6172,-2.4599,-1.7144,-2.4209,-1.7762,0.6013,GO_GOAL
6.46,-2.4351,-1.7691,0.6172,-2.4584,-1.7131,-2.4209,-1.7762,0.6024,GO_GOAL
6.48,-2.4336,-1.768,0.6172,-2.4569,-1.7117,-2.4209,-1.7762,0.601,GO_GOAL
6.5,-2.4319,-1.7668,0.6172,-2.4554,-1.7104,-2.4127,-1.7704,0.5991,GO_GOAL
6.52,-2.4303,-1.7656,0.6172,-2.4539,-1.7091,-2.4127,-1.7704,0.5973,GO_GOAL
6.54,-2.4287,-1.7645,0.6172,-2.4524,-1.7078,-2.4127,-1.7704,0.5955,GO_GOAL
6.56,-2.427,-1.7633,0.6172,-2.4509,-1.7064,-2.4127,-1.7704,0.5936,GO_GOAL
6.58,-2.4254,-1.7622,0.6172,-2.4494,-1.7051,-2.4127,-1.7704,0.5918,GO_GOAL
6.6,-2.4237,-1.761,0.6172,-2.4479,-1.7038,-2.4127,-1.7704,0.59,GO_GOAL
6.62,-2.4221,-1.7598,0.6172,-2.4464,-1.7024,-2.4046,-1.7647,0.5882,GO_GOAL
6.64,-2.4205,-1.7587,0.6172,-2.4449,-1.7011,-2.4046,-1.7647,0.5864,GO_GOAL
6.66,-2.4188,-1.7575,0.6172,-2.4419,-1.6984,-2.4046,-1.7647,0.5845,GO_GOAL
6.68,-2.4172,-1.7564,0.6172,-2.4419,-1.6984,-2.4046,-1.7647,0.5827,GO_GOAL
6.7,-2.4156,-1.7552,0.6172,-2.4404,-1.6971,-2.4046,-1.7647,0.5809,GO_GOAL
6.72,-2.414,-1.754,0.6172,-2.439,-1.6958,-2.3948,-1.7577,0.5791,GO_GOAL
6.74,-2.4123,-1.7529,0.6172,-2.4375,-1.6944,-2.3948,-1.7577,0.5773,GO_GOAL
6.76,-2.4107,-1.7517,0.6172,-2.436,-1.6931,-2.3948,-1.7577,0.5755,GO_GOAL
6.78,-2.4091,-1.7506,0.6172,-2.4345,-1.6918,-2.3948,-1.7577,0.5737,GO_GOAL
6.8,-2.4074,-1.7494,0.6172,-2.433,-1.6904,-2.3948,-1.7577,0.5719,GO_GOAL
6.82,-2.4058,-1.7483,0.6172,-2.4315,-1.6891,-2.3883,-1.7531,0.5701,GO_GOAL
6.84,-2.4042,-1.7471,0.6172,-2.43,-1.6878,-2.3883,-1.7531,0.5683,GO_GOAL
6.86,-2.4026,-1.746,0.6172,-2.427,-1.6851,-2.3883,-1.7531,0.5665,GO_GOAL
6.88,-2.4009,-1.7448,0.6172,-2.427,-1.6851,-2.3883,-1.7531,0.5647,GO_GOAL
6.9,-2.3993,-1.7437,0.6172,-2.4255,-1.6838,-2.3883,-1.7531,0.5629,GO_GOAL
6.92,-2.3977,-1.7425,0.6172,-2.424,-1.6825,-2.3801,-1.7473,0.5611,GO_GOAL
6.94,-2.3961,-1.7414,0.6172,-2.4225,-1.6811,-2.3801,-1.7473,0.5593,GO_GOAL
6.96,-2.3945,-1.7403,0.6172,-2.421,-1.6798,-2.3801,-1.7473,0.5576,GO_GOAL
6.98,-2.3929,-1.7391,0.6172,-2.4195,-1.6785,-2.3801,-1.7473,0.5558,GO_GOAL
7.0,-2.3913,-1.738,0.6172,-2.4181,-1.6771,-2.3801,-1.7473,0.554,GO_GOAL
7.02,-2.3897,-1.7369,0.6172,-2.4166,-1.6758,-2.3719,-1.7415,0.5523,GO_GOAL
7.04,-2.3881,-1.7357,0.6172,-2.4136,-1.6731,-2.3719,-1.7415,0.5505,GO_GOAL
7.06,-2.3865,-1.7345,0.6172,-2.4136,-1.6731,-2.3719,-1.7415,0.5487,GO_GOAL
7.08,-2.3848,-1.7334,0.6172,-2.4121,-1.6718,-2.3719,-1.7415,0.5469,GO_GOAL
7.1,-2.3832,-1.7322,0.6172,-2.4106,-1.6705,-2.3719,-1.7415,0.5451,GO_GOAL
7.12,-2.3816,-1.7311,0.6172,-2.4091,-1.6692,-2.3638,-1.7357,0.5432,GO_GOAL
7.14,-2.3799,-1.7299,0.6172,-2.4076,-1.6678,-2.3638,-1.7357,0.5414,GO_GOAL
7.16,-2.3783,-1.7287,0.6172,-2.4061,-1.6665,-2.3638,-1.7357,0.5397,GO_GOAL
7.18,-2.3766,-1.7276,0.6172,-2.4046,-1.6652,-2.3638,-1.7357,0.5379,GO_GOAL
7.2,-2.375,-1.7264,0.6172,-2.4031,-1.6638,-2.3638,-1.7357,0.5361,GO_GOAL
7.22,-2.3734,-1.7253,0.6172,-2.4016,-1.6625,-2.3556,-1.7299,0.5343,GO_GOAL
7.24,-2.3718,-1.7241,0.6172,-2.4001,-1.6612,-2.3556,-1.7299,0.5325,GO_GOAL
7.26,-2.3701,-1.7229,0.6172,-2.3986,-1.6598,-2.3556,-1.7299,0.5307,GO_GOAL
7.28,-2.3685,-1.7218,0.6172,-2.3957,-1.6572,-2.3556,-1.7299,0.5289,GO_GOAL
7.3,-2.3669,-1.7206,0.6172,-2.3957,-1.6572,-2.3556,-1.7299,0.5271,GO_GOAL
7.32,-2.3652,-1.7195,0.6172,-2.3942,-1.6558,-2.3475,-1.7241,0.5253,GO_GOAL
7.34,-2.3636,-1.7183,0.6172,-2.3927,-1.6545,-2.3475,-1.7241,0.5236,GO_GOAL
7.36,-2.362,-1.7172,0.6172,-2.3912,-1.6532,-2.3475,-1.7241,0.5218,GO_GOAL
7.38,-2.3604,-1.716,0.6172,-2.3897,-1.6518,-2.3475,-1.7241,0.52,GO_GOAL
7.4,-2.3587,-1.7149,0.6172,-2.3867,-1.6492,-2.3475,-1.7241,0.5182,GO_GOAL
7.42,-2.3571,-1.7137,0.6172,-2.3852,-1.6479,-2.3393,-1.7184,0.5165,GO_GOAL
7.44,-2.3555,-1.7126,0.6172,-2.3837,-1.6465,-2.3393,-1.7184,0.5147,GO_GOAL
7.46,-2.3539,-1.7114,0.6172,-2.3837,-1.6465,-2.3393,-1.7184,0.5129,GO_GOAL
7.48,-2.3523,-1.7103,0.6172,-2.3822,-1.6452,-2.3393,-1.7184,0.5112,GO_GOAL
7.5,-2.3507,-1.7092,0.6172,-2.3807,-1.6439,-2.3393,-1.7184,0.5095,GO_GOAL
7.52,-2.3491,-1.708,0.6172,-2.3778,-1.6412,-2.3312,-1.7126,0.5077,GO_GOAL
7.54,-2.3475,-1.7069,0.6172,-2.3778,-1.6412,-2.3312,-1.7126,0.506,GO_GOAL
7.56,-2.3459,-1.7058,0.6172,-2.3763,-1.6399,-2.3312,-1.7126,0.5042,GO_GOAL
7.58,-2.3443,-1.7046,0.6172,-2.3748,-1.6385,-2.3312,-1.7126,0.5024,GO_GOAL
7.6,-2.3426,-1.7034,0.6172,-2.3733,-1.6372,-2.3312,-1.7126,0.5007,GO_GOAL
7.62,-2.341,-1.7023,0.6172,-2.3718,-1.6359,-2.323,-1.7068,0.4989,GO_GOAL
7.64,-2.3393,-1.7011,0.6172,-2.3688,-1.6332,-2.323,-1.7068,0.4971,GO_GOAL
7.66,-2.3377,-1.6999,0.6172,-2.3688,-1.6332,-2.323,-1.7068,0.4953,GO_GOAL
7.68,-2.3361,-1.6988,0.6172,-2.3673,-1.6319,-2.323,-1.7068,0.4936,GO_GOAL
7.7,-2.3344,-1.6976,0.6172,-2.3658,-1.6306,-2.323,-1.7068,0.4918,GO_GOAL
7.72,-2.3328,-1.6965,0.6172,-2.3643,-1.6292,-2.3132,-1.6998,0.49,GO_GOAL
7.74,-2.3312,-1.6953,0.6172,-2.3613,-1.6266,-2.3132,-1.6998,0.4882,GO_GOAL
7.76,-2.3296,-1.6942,0.6172,-2.3613,-1.6266,-2.3132,-1.6998,0.4865,GO_GOAL
7.78,-2.3279,-1.693,0.6172,-2.3598,-1.6252,-2.3132,-1.6998,0.4847,GO_GOAL
7.8,-2.3263,-1.6918,0.6172,-2.3583,-1.6239,-2.3132,-1.6998,0.483,GO_GOAL
7.82,-2.3247,-1.6907,0.6172,-2.3569,-1.6226,-2.3067,-1.6952,0.4812,GO_GOAL
7.84,-2.323,-1.6895,0.6172,-2.3554,-1.6212,-2.3067,-1.6952,0.4795,GO_GOAL
7.86,-2.3214,-1.6884,0.6172,-2.3539,-1.6199,-2.3067,-1.6952,0.4777,GO_GOAL
7.88,-2.3198,-1.6872,0.6172,-2.3524,-1.6186,-2.3067,-1.6952,0.4759,GO_GOAL
7.9,-2.3182,-1.6861,0.6172,-2.3509,-1.6172,-2.3067,-1.6952,0.4742,GO_GOAL
7.92,-2.3165,-1.6849,0.6172,-2.3479,-1.6146,-2.2985,-1.6894,0.4724,GO_GOAL
7.94,-2.3149,-1.6838,0.6172,-2.3479,-1.6146,-2.2985,-1.6894,0.4707,GO_GOAL
7.96,-2.3133,-1.6826,0.6172,-2.3464,-1.6132,-2.2985,-1.6894,0.469,GO_GOAL
7.98,-2.3117,-1.6815,0.6172,-2.3449,-1.6119,-2.2985,-1.6894,0.4673,GO_GOAL
8.0,-2.3101,-1.6804,0.6172,-2.3434,-1.6106,-2.2985,-1.6894,0.4655,GO_GOAL
8.02,-2.3085,-1.6792,0.6172,-2.3419,-1.6093,-2.2904,-1.6836,0.4638,GO_GOAL
8.04,-2.3069,-1.6781,0.6172,-2.3404,-1.6079,-2.2904,-1.6836,0.4621,GO_GOAL
8.06,-2.3053,-1.677,0.6172,-2.3374,-1.6053,-2.2904,-1.6836,0.4604,GO_GOAL
8.08,-2.3037,-1.6758,0.6172,-2.3374,-1.6053,-2.2904,-1.6836,0.4586,GO_GOAL
8.1,-2.302,-1.6746,0.6172,-2.336,-1.6039,-2.2904,-1.6836,0.4569,GO_GOAL
8.12,-2.3004,-1.6735,0.6172,-2.3345,-1.6026,-2.2822,-1.6778,0.4551,GO_GOAL
8.14,-2.2988,-1.6723,0.6172,-2.333,-1.6013,-2.2822,-1.6778,0.4534,GO_GOAL
8.16,-2.2971,-1.6711,0.6172,-2.3315,-1.5999,-2.2822,-1.6778,0.4516,GO_GOAL
8.18,-2.2955,-1.67,0.6172,-2.33,-1.5986,-2.2822,-1.6778,0.4499,GO_GOAL
8.2,-2.2939,-1.6688,0.6172,-2.3285,-1.5973,-2.2822,-1.6778,0.4482,GO_GOAL
8.22,-2.2922,-1.6677,0.6172,-2.327,-1.5959,-2.2741,-1.6721,0.4464,GO_GOAL
8.24,-2.2906,-1.6665,0.6172,-2.324,-1.5933,-2.2741,-1.6721,0.4447,GO_GOAL
8.26,-2.289,-1.6654,0.6172,-2.324,-1.5933,-2.2741,-1.6721,0.443,GO_GOAL
8.28,-2.2873,-1.6642,0.6172,-2.3225,-1.5919,-2.2741,-1.6721,0.4412,GO_GOAL
8.3,-2.2857,-1.663,0.6172,-2.321,-1.5906,-2.2741,-1.6721,0.4395,GO_GOAL
8.32,-2.2841,-1.6619,0.6172,-2.318,-1.588,-2.2659,-1.6663,0.4378,GO_GOAL
8.34,-2.2825,-1.6607,0.6172,-2.318,-1.588,-2.2659,-1.6663,0.436,GO_GOAL
8.36,-2.2808,-1.6596,0.6172,-2.3166,-1.5866,-2.2659,-1.6663,0.4343,GO_GOAL
8.38,-2.2792,-1.6584,0.6172,-2.3151,-1.5853,-2.2659,-1.6663,0.4326,GO_GOAL
8.4,-2.2776,-1.6573,0.6172,-2.3121,-1.5826,-2.2578,-1.6605,0.4309,GO_GOAL
8.42,-2.276,-1.6561,0.6172,-2.3121,-1.5826,-2.2578,-1.6605,0.4292,GO_GOAL
8.44,-2.2743,-1.655,0.6172,-2.3106,-1.5813,-2.2578,-1.6605,0.4275,GO_GOAL
8.46,-2.2727,-1.6538,0.6172,-2.3091,-1.58,-2.2578,-1.6605,0.4258,GO_GOAL
8.48,-2.2711,-1.6527,0.6172,-2.3076,-1.5786,-2.2578,-1.6605,0.4241,GO_GOAL
8.5,-2.2695,-1.6516,0.6172,-2.3046,-1.576,-2.2578,-1.6605,0.4224,GO_GOAL
8.52,-2.2679,-1.6504,0.6172,-2.3046,-1.576,-2.248,-1.6535,0.4207,GO_GOAL
8.54,-2.2663,-1.6493,0.6172,-2.3031,-1.5746,-2.248,-1.6535,0.419,GO_GOAL
8.56,-2.2647,-1.6481,0.6172,-2.3016,-1.5733,-2.248,-1.6535,0.4173,GO_GOAL
8.58,-2.2631,-1.647,0.6172,-2.3001,-1.572,-2.248,-1.6535,0.4156,GO_GOAL
8.6,-2.2614,-1.6458,0.6172,-2.2986,-1.5707,-2.248,-1.6535,0.4139,GO_GOAL
8.62,-2.2598,-1.6447,0.6172,-2.2971,-1.5693,-2.2415,-1.6489,0.4122,GO_GOAL
8.64,-2.2582,-1.6435,0.6172,-2.2957,-1.568,-2.2415,-1.6489,0.4105,GO_GOAL
8.66,-2.2565,-1.6423,0.6172,-2.2942,-1.5667,-2.2415,-1.6489,0.4087,GO_GOAL
8.68,-2.2549,-1.6412,0.6172,-2.2927,-1.5653,-2.2415,-1.6489,0.407,GO_GOAL
8.7,-2.2533,-1.64,0.6172,-2.2912,-1.564,-2.2415,-1.6489,0.4053,GO_GOAL
8.72,-2.2516,-1.6389,0.6172,-2.2897,-1.5627,-2.2333,-1.6431,0.4036,GO_GOAL
8.74,-2.25,-1.6377,0.6172,-2.2882,-1.5613,-2.2333,-1.6431,0.4019,GO_GOAL
8.76,-2.2484,-1.6365,0.6172,-2.2852,-1.5587,-2.2333,-1.6431,0.4002,GO_GOAL
8.78,-2.2467,-1.6354,0.6172,-2.2852,-1.5587,-2.2333,-1.6431,0.3985,GO_GOAL
8.8,-2.2451,-1.6342,0.6172,-2.2837,-1.5573,-2.2333,-1.6431,0.3969,GO_GOAL
8.82,-2.2435,-1.6331,0.6172,-2.2822,-1.556,-2.2235,-1.6362,0.3952,GO_GOAL
8.84,-2.2419,-1.6319,0.6172,-2.2807,-1.5547,-2.2235,-1.6362,0.3935,GO_GOAL
8.86,-2.2402,-1.6308,0.6172,-2.2792,-1.5533,-2.2235,-1.6362,0.3918,GO_GOAL
8.88,-2.2386,-1.6296,0.6172,-2.2777,-1.552,-2.2235,-1.6362,0.3901,GO_GOAL
8.9,-2.237,-1.6285,0.6171,-2.2748,-1.5494,-2.2235,-1.6362,0.3884,GO_GOAL
8.92,-2.2354,-1.6273,0.6171,-2.2748,-1.5494,-2.217,-1.6315,0.3868,GO_GOAL
8.94,-2.2338,-1.6262,0.6171,-2.2733,-1.548,-2.217,-1.6315,0.3851,GO_GOAL
8.96,-2.2322,-1.625,0.6171,-2.2718,-1.5467,-2.217,-1.6315,0.3834,GO_GOAL
8.98,-2.2306,-1.6239,0.6171,-2.2703,-1.5454,-2.217,-1.6315,0.3818,GO_GOAL
9.0,-2.229,-1.6228,0.6171,-2.2688,-1.544,-2.217,-1.6315,0.3802,GO_GOAL
9.02,-2.2274,-1.6216,0.6171,-2.2658,-1.5414,-2.2088,-1.6258,0.3785,GO_GOAL
9.04,-2.2257,-1.6205,0.6171,-2.2643,-1.54,-2.2088,-1.6258,0.3768,GO_GOAL
9.06,-2.2241,-1.6193,0.6171,-2.2643,-1.54,-2.2088,-1.6258,0.3751,GO_GOAL
9.08,-2.2224,-1.6181,0.6171,-2.2628,-1.5387,-2.2088,-1.6258,0.3735,GO_GOAL
9.1,-2.2208,-1.617,0.6171,-2.2613,-1.5374,-2.2088,-1.6258,0.3718,GO_GOAL
9.12,-2.2192,-1.6158,0.6171,-2.2598,-1.536,-2.2007,-1.62,0.3701,GO_GOAL
9.14,-2.2175,-1.6147,0.6171,-2.2583,-1.5347,-2.2007,-1.62,0.3684,GO_GOAL
9.16,-2.2159,-1.6135,0.6171,-2.2568,-1.5334,-2.2007,-1.62,0.3668,GO_GOAL
9.18,-2.2143,-1.6124,0.6171,-2.2553,-1.5321,-2.2007,-1.62,0.3651,GO_GOAL
9.2,-2.2127,-1.6112,0.6171,-2.2539,-1.5307,-2.2007,-1.62,0.3635,GO_GOAL
9.22,-2.211,-1.61,0.6171,-2.2524,-1.5294,-2.1925,-1.6142,0.3618,GO_GOAL
9.24,-2.2094,-1.6089,0.6171,-2.2509,-1.5281,-2.1925,-1.6142,0.3601,GO_GOAL
9.26,-2.2078,-1.6077,0.6171,-2.2494,-1.5267,-2.1925,-1.6142,0.3585,GO_GOAL
9.28,-2.2061,-1.6066,0.6171,-2.2464,-1.5241,-2.1925,-1.6142,0.3568,GO_GOAL
9.3,-2.2045,-1.6054,0.6171,-2.2464,-1.5241,-2.1925,-1.6142,0.3552,GO_GOAL
9.32,-2.2029,-1.6043,0.6171,-2.2449,-1.5227,-2.1844,-1.6084,0.3535,GO_GOAL
9.34,-2.2013,-1.6031,0.6171,-2.2434,-1.5214,-2.1844,-1.6084,0.3519,GO_GOAL
9.36,-2.1996,-1.602,0.6171,-2.2419,-1.5201,-2.1844,-1.6084,0.3503,GO_GOAL
9.38,-2.198,-1.6008,0.6171,-2.2389,-1.5174,-2.1844,-1.6084,0.3486,GO_GOAL
9.4,-2.1964,-1.5997,0.6171,-2.2389,-1.5174,-2.1844,-1.6084,0.347,GO_GOAL
9.42,-2.1948,-1.5985,0.6171,-2.2374,-1.5161,-2.1746,-1.6014,0.3454,GO_GOAL
9.44,-2.1932,-1.5974,0.6171,-2.2359,-1.5147,-2.1746,-1.6014,0.3438,GO_GOAL
9.46,-2.1916,-1.5963,0.6171,-2.2344,-1.5134,-2.1746,-1.6014,0.3422,GO_GOAL
9.48,-2.19,-1.5951,0.6171,-2.233,-1.5121,-2.1746,-1.6014,0.3406,GO_GOAL
9.5,-2.1884,-1.594,0.6171,-2.23,-1.5094,-2.1746,-1.6014,0.3389,GO_GOAL
9.52,-2.1867,-1.5928,0.6171,-2.23,-1.5094,-2.1681,-1.5968,0.3373,GO_GOAL
9.54,-2.1851,-1.5916,0.6171,-2.2285,-1.5081,-2.1681,-1.5968,0.3357,GO_GOAL
9.56,-2.1834,-1.5905,0.6171,-2.227,-1.5068,-2.1681,-1.5968,0.334,GO_GOAL
9.58,-2.1818,-1.5893,0.6171,-2.2255,-1.5054,-2.1681,-1.5968,0.3324,GO_GOAL
9.6,-2.1802,-1.5882,0.6171,-2.224,-1.5041,-2.1681,-1.5968,0.3308,GO_GOAL
9.62,-2.1786,-1.587,0.6171,-2.2225,-1.5028,-2.1599,-1.591,0.3292,GO_GOAL
9.64,-2.1769,-1.5858,0.6171,-2.221,-1.5014,-2.1599,-1.591,0.3275,GO_GOAL
9.66,-2.1753,-1.5847,0.6171,-2.2195,-1.5001,-2.1599,-1.591,0.3259,GO_GOAL
9.68,-2.1737,-1.5835,0.6171,-2.218,-1.4988,-2.1599,-1.591,0.3243,GO_GOAL
9.7,-2.172,-1.5824,0.6171,-2.2165,-1.4974,-2.1599,-1.591,0.3227,GO_GOAL
9.716,-2.1704,-1.5812,0.6171,-2.215,-1.4961,-2.1518,-1.5852,0.3211,GO_GOAL
9.74,-2.1688,-1.5801,0.6171,-2.2136,-1.4948,-2.1518,-1.5852,0.3195,GO_GOAL
9.76,-2.1672,-1.5789,0.6171,-2.2121,-1.4935,-2.1518,-1.5852,0.3179,GO_GOAL
9.78,-2.1655,-1.5778,0.6171,-2.2106,-1.4921,-2.1518,-1.5852,0.3163,GO_GOAL
9.8,-2.1639,-1.5766,0.6171,-2.2091,-1.4908,-2.1436,-1.5795,0.3147,GO_GOAL
9.82,-2.1623,-1.5755,0.6171,-2.2076,-1.4895,-2.1436,-1.5795,0.3131,GO_GOAL
9.838,-2.1607,-1.5743,0.6171,-2.2061,-1.4881,-2.1436,-1.5795,0.3116,GO_GOAL
9.86,-2.1591,-1.5732,0.6171,-2.2046,-1.4868,-2.1436,-1.5795,0.31,GO_GOAL
9.88,-2.1575,-1.5721,0.6171,-2.2031,-1.4855,-2.1436,-1.5795,0.3085,GO_GOAL
9.9,-2.1559,-1.5709,0.6171,-2.2016,-1.4841,-2.1436,-1.5795,0.3069,GO_GOAL
9.92,-2.1542,-1.5697,0.6171,-2.1986,-1.4815,-2.1355,-1.5737,0.3053,GO_GOAL
9.938,-2.1526,-1.5686,0.6171,-2.1986,-1.4815,-2.1355,-1.5737,0.3037,GO_GOAL
9.96,-2.151,-1.5674,0.6171,-2.1971,-1.4801,-2.1355,-1.5737,0.3021,GO_GOAL
9.98,-2.1493,-1.5663,0.6171,-2.1956,-1.4788,-2.1355,-1.5737,0.3005,GO_GOAL
10.0,-2.1477,-1.5651,0.6171,-2.1941,-1.4775,-2.1355,-1.5737,0.299,GO_GOAL
10.02,-2.1461,-1.5639,0.6171,-2.1927,-1.4761,-2.1273,-1.5679,0.2974,GO_GOAL
10.04,-2.1444,-1.5628,0.6171,-2.1912,-1.4748,-2.1273,-1.5679,0.2958,GO_GOAL
10.06,-2.1428,-1.5616,0.6171,-2.1882,-1.4722,-2.1273,-1.5679,0.2942,GO_GOAL
10.08,-2.1412,-1.5605,0.6171,-2.1882,-1.4722,-2.1273,-1.5679,0.2927,GO_GOAL
10.1,-2.1395,-1.5593,0.6171,-2.1867,-1.4708,-2.1273,-1.5679,0.2911,GO_GOAL
10.12,-2.1379,-1.5582,0.6171,-2.1837,-1.4682,-2.1191,-1.5621,0.2896,GO_GOAL
10.14,-2.1363,-1.557,0.6171,-2.1822,-1.4668,-2.1191,-1.5621,0.288,GO_GOAL
10.16,-2.1347,-1.5559,0.6171,-2.1807,-1.4655,-2.1191,-1.5621,0.2864,GO_GOAL
10.18,-2.133,-1.5547,0.6171,-2.1792,-1.4642,-2.1191,-1.5621,0.2849,GO_GOAL
10.2,-2.1314,-1.5535,0.6171,-2.1792,-1.4642,-2.1191,-1.5621,0.2834,GO_GOAL
10.22,-2.1298,-1.5524,0.6171,-2.1777,-1.4628,-2.1094,-1.5551,0.2818,GO_GOAL
10.24,-2.1282,-1.5512,0.6171,-2.1762,-1.4615,-2.1094,-1.5551,0.2803,GO_GOAL
10.26,-2.1266,-1.5501,0.6171,-2.1747,-1.4602,-2.1094,-1.5551,0.2788,GO_GOAL
10.28,-2.125,-1.549,0.6171,-2.1732,-1.4588,-2.1094,-1.5551,0.2772,GO_GOAL
10.3,-2.1234,-1.5478,0.6171,-2.1703,-1.4562,-2.1094,-1.5551,0.2757,GO_GOAL
10.32,-2.1218,-1.5467,0.6171,-2.1703,-1.4562,-2.1012,-1.5494,0.2742,GO_GOAL
10.34,-2.1201,-1.5455,0.6171,-2.1688,-1.4548,-2.1012,-1.5494,0.2727,GO_GOAL
10.36,-2.1185,-1.5444,0.6171,-2.1673,-1.4535,-2.1012,-1.5494,0.2712,GO_GOAL
10.38,-2.1169,-1.5432,0.6171,-2.1658,-1.4522,-2.1012,-1.5494,0.2696,GO_GOAL
10.4,-2.1152,-1.5421,0.6171,-2.1643,-1.4509,-2.0947,-1.5447,0.2681,GO_GOAL
10.42,-2.1136,-1.5409,0.6171,-2.1613,-1.4482,-2.0947,-1.5447,0.2666,GO_GOAL
10.44,-2.112,-1.5397,0.6171,-2.1613,-1.4482,-2.0947,-1.5447,0.2651,GO_GOAL
10.46,-2.1103,-1.5386,0.6171,-2.1598,-1.4469,-2.0947,-1.5447,0.2636,GO_GOAL
10.48,-2.1087,-1.5374,0.6171,-2.1583,-1.4455,-2.0947,-1.5447,0.262,GO_GOAL
10.5,-2.1071,-1.5363,0.6171,-2.1568,-1.4442,-2.0947,-1.5447,0.2605,GO_GOAL
10.52,-2.1054,-1.5351,0.6171,-2.1553,-1.4429,-2.0865,-1.5389,0.259,GO_GOAL
10.538,-2.1038,-1.534,0.6171,-2.1538,-1.4415,-2.0865,-1.5389,0.2575,GO_GOAL
10.56,-2.1022,-1.5328,0.6171,-2.1523,-1.4402,-2.0865,-1.5389,0.256,GO_GOAL
10.58,-2.1005,-1.5316,0.6171,-2.1509,-1.4389,-2.0865,-1.5389,0.2546,GO_GOAL
10.598,-2.0989,-1.5305,0.6171,-2.1494,-1.4375,-2.0865,-1.5389,0.2531,GO_GOAL
10.62,-2.0973,-1.5293,0.6171,-2.1479,-1.4362,-2.0767,-1.532,0.2516,GO_GOAL
10.64,-2.0957,-1.5282,0.6171,-2.1464,-1.4349,-2.0767,-1.532,0.2501,GO_GOAL
10.66,-2.0941,-1.527,0.6171,-2.1449,-1.4336,-2.0767,-1.532,0.2486,GO_GOAL
10.68,-2.0925,-1.5259,0.6171,-2.1434,-1.4322,-2.0767,-1.532,0.2472,GO_GOAL
10.7,-2.0909,-1.5248,0.6171,-2.1419,-1.4309,-2.0767,-1.532,0.2457,GO_GOAL
10.72,-2.0893,-1.5236,0.6171,-2.1404,-1.4296,-2.0702,-1.5274,0.2443,GO_GOAL
10.738,-2.0876,-1.5225,0.6171,-2.1389,-1.4282,-2.0702,-1.5274,0.2428,GO_GOAL
10.76,-2.086,-1.5213,0.6171,-2.1374,-1.4269,-2.0702,-1.5274,0.2413,GO_GOAL
10.78,-2.0844,-1.5202,0.6171,-2.1359,-1.4256,-2.0702,-1.5274,0.2399,GO_GOAL
10.8,-2.0827,-1.519,0.6171,-2.1344,-1.4242,-2.0702,-1.5274,0.2384,GO_GOAL
10.82,-2.0811,-1.5178,0.6171,-2.1329,-1.4229,-2.0621,-1.5216,0.237,GO_GOAL
10.838,-2.0795,-1.5167,0.6171,-2.1315,-1.4216,-2.0621,-1.5216,0.2355,GO_GOAL
10.86,-2.0778,-1.5155,0.6171,-2.13,-1.4202,-2.0621,-1.5216,0.2341,GO_GOAL
10.88,-2.0762,-1.5144,0.6171,-2.1285,-1.4189,-2.0621,-1.5216,0.2326,GO_GOAL
10.9,-2.0746,-1.5132,0.6171,-2.127,-1.4176,-2.0621,-1.5216,0.2312,GO_GOAL
10.92,-2.0729,-1.512,0.6171,-2.1255,-1.4162,-2.0539,-1.5158,0.2297,GO_GOAL
10.94,-2.0713,-1.5109,0.6171,-2.124,-1.4149,-2.0539,-1.5158,0.2283,GO_GOAL
10.96,-2.0697,-1.5097,0.6171,-2.1225,-1.4136,-2.0539,-1.5158,0.2269,GO_GOAL
10.98,-2.068,-1.5086,0.6171,-2.121,-1.4123,-2.0539,-1.5158,0.2254,GO_GOAL
11.0,-2.0664,-1.5074,0.6171,-2.1195,-1.4109,-2.0539,-1.5158,0.224,GO_GOAL
11.02,-2.0648,-1.5063,0.6171,-2.118,-1.4096,-2.0457,-1.51,0.2226,GO_GOAL
11.04,-2.0632,-1.5051,0.6171,-2.1165,-1.4083,-2.0457,-1.51,0.2212,GO_GOAL
11.06,-2.0616,-1.504,0.6171,-2.115,-1.4069,-2.0457,-1.51,0.2198,GO_GOAL
11.08,-2.06,-1.5028,0.6171,-2.1135,-1.4056,-2.0457,-1.51,0.2184,GO_GOAL
11.1,-2.0584,-1.5017,0.6172,-2.112,-1.4043,-2.0457,-1.51,0.217,GO_GOAL
11.12,-2.0568,-1.5006,0.6172,-2.1091,-1.4016,-2.0376,-1.5042,0.2157,GO_GOAL
11.14,-2.0551,-1.4994,0.6172,-2.1091,-1.4016,-2.0376,-1.5042,0.2143,GO_GOAL
11.16,-2.0535,-1.4982,0.6172,-2.1076,-1.4003,-2.0376,-1.5042,0.2129,GO_GOAL
11.18,-2.0518,-1.4971,0.6172,-2.1061,-1.3989,-2.0376,-1.5042,0.2115,GO_GOAL
11.2,-2.0502,-1.4959,0.6172,-2.1046,-1.3976,-2.0376,-1.5042,0.2101,GO_GOAL
11.22,-2.0486,-1.4948,0.6172,-2.1031,-1.3963,-2.0278,-1.4973,0.2087,GO_GOAL
11.24,-2.0469,-1.4936,0.6172,-2.1001,-1.3936,-2.0278,-1.4973,0.2073,GO_GOAL
11.26,-2.0453,-1.4924,0.6172,-2.1001,-1.3936,-2.0278,-1.4973,0.2059,GO_GOAL
11.28,-2.0437,-1.4913,0.6171,-2.0986,-1.3923,-2.0278,-1.4973,0.2046,GO_GOAL
11.3,-2.0421,-1.4901,0.6171,-2.0971,-1.391,-2.0278,-1.4973,0.2032,GO_GOAL
11.32,-2.0404,-1.489,0.6171,-2.0956,-1.3896,-2.0213,-1.4926,0.2018,GO_GOAL
11.34,-2.0388,-1.4878,0.6171,-2.0941,-1.3883,-2.0213,-1.4926,0.2005,GO_GOAL
11.36,-2.0372,-1.4867,0.6171,-2.0911,-1.3856,-2.0213,-1.4926,0.1991,GO_GOAL
11.38,-2.0355,-1.4855,0.6171,-2.0911,-1.3856,-2.0213,-1.4926,0.1978,GO_GOAL
11.4,-2.0339,-1.4844,0.6171,-2.0897,-1.3843,-2.0213,-1.4926,0.1965,GO_GOAL
11.42,-2.0323,-1.4832,0.6171,-2.0867,-1.3816,-2.0131,-1.4869,0.1951,GO_GOAL
11.44,-2.0307,-1.4821,0.6171,-2.0867,-1.3816,-2.0131,-1.4869,0.1938,GO_GOAL
11.46,-2.0291,-1.4809,0.6171,-2.0852,-1.3803,-2.0131,-1.4869,0.1925,GO_GOAL
11.48,-2.0275,-1.4798,0.6171,-2.0837,-1.379,-2.0131,-1.4869,0.1912,GO_GOAL
11.5,-2.0259,-1.4786,0.6171,-2.0807,-1.3763,-2.0131,-1.4869,0.1899,GO_GOAL
11.52,-2.0242,-1.4775,0.6171,-2.0792,-1.375,-2.005,-1.4811,0.1885,GO_GOAL
11.54,-2.0226,-1.4763,0.6171,-2.0792,-1.375,-2.005,-1.4811,0.1872,GO_GOAL
11.56,-2.021,-1.4752,0.6171,-2.0762,-1.3723,-2.005,-1.4811,0.1859,GO_GOAL
11.58,-2.0193,-1.474,0.6171,-2.0747,-1.371,-2.005,-1.4811,0.1846,GO_GOAL
11.6,-2.0177,-1.4728,0.6171,-2.0747,-1.371,-2.005,-1.4811,0.1833,GO_GOAL
11.62,-2.0161,-1.4717,0.6171,-2.0732,-1.3697,-1.9968,-1.4753,0.182,GO_GOAL
11.64,-2.0144,-1.4705,0.6171,-2.0717,-1.3683,-1.9968,-1.4753,0.1807,GO_GOAL
11.66,-2.0128,-1.4694,0.6171,-2.0702,-1.367,-1.9968,-1.4753,0.1794,GO_GOAL
11.68,-2.0112,-1.4682,0.6171,-2.0688,-1.3657,-1.9968,-1.4753,0.1782,GO_GOAL
11.7,-2.0095,-1.4671,0.6171,-2.0673,-1.3643,-1.9968,-1.4753,0.1769,GO_GOAL
11.72,-2.0079,-1.4659,0.6171,-2.0643,-1.3617,-1.9887,-1.4695,0.1756,GO_GOAL
11.74,-2.0063,-1.4648,0.6171,-2.0643,-1.3617,-1.9887,-1.4695,0.1744,GO_GOAL
11.76,-2.0047,-1.4636,0.6171,-2.0613,-1.359,-1.9887,-1.4695,0.1731,GO_GOAL
11.78,-2.003,-1.4625,0.6171,-2.0613,-1.359,-1.9887,-1.4695,0.1719,GO_GOAL
11.8,-2.0014,-1.4613,0.6171,-2.0598,-1.3577,-1.9887,-1.4695,0.1706,GO_GOAL
11.82,-1.9998,-1.4602,0.6171,-2.0583,-1.3564,-1.9805,-1.4637,0.1694,GO_GOAL
11.84,-1.9982,-1.459,0.6171,-2.0568,-1.355,-1.9805,-1.4637,0.1682,GO_GOAL
11.86,-1.9966,-1.4579,0.6171,-2.0553,-1.3537,-1.9805,-1.4637,0.1669,GO_GOAL
11.88,-1.995,-1.4567,0.6171,-2.0523,-1.351,-1.9805,-1.4637,0.1657,GO_GOAL
11.9,-1.9933,-1.4556,0.6171,-2.0523,-1.351,-1.9805,-1.4637,0.1645,GO_GOAL
11.92,-1.9917,-1.4544,0.6171,-2.0508,-1.3497,-1.9707,-1.4568,0.1632,GO_GOAL
11.94,-1.9901,-1.4532,0.6171,-2.0493,-1.3484,-1.9707,-1.4568,0.162,GO_GOAL
11.96,-1.9884,-1.4521,0.6171,-2.0464,-1.3457,-1.9707,-1.4568,0.1608,GO_GOAL
11.98,-1.9868,-1.4509,0.6171,-2.0464,-1.3457,-1.9707,-1.4568,0.1596,GO_GOAL
12.0,-1.9852,-1.4498,0.6171,-2.0449,-1.3444,-1.9707,-1.4568,0.1584,GO_GOAL
12.02,-1.9835,-1.4486,0.6171,-2.0434,-1.343,-1.9642,-1.4521,0.1572,GO_GOAL
12.04,-1.9819,-1.4475,0.6171,-2.0404,-1.3404,-1.9642,-1.4521,0.156,GO_GOAL
12.06,-1.9803,-1.4463,0.6171,-2.0389,-1.339,-1.9642,-1.4521,0.1549,GO_GOAL
12.08,-1.9787,-1.4451,0.6171,-2.0389,-1.339,-1.9642,-1.4521,0.1537,GO_GOAL
12.1,-1.977,-1.444,0.6171,-2.0374,-1.3377,-1.9642,-1.4521,0.1525,GO_GOAL
12.12,-1.9754,-1.4428,0.6171,-2.0359,-1.3364,-1.956,-1.4463,0.1514,GO_GOAL
12.14,-1.9738,-1.4417,0.6171,-2.0329,-1.3337,-1.956,-1.4463,0.1502,GO_GOAL
12.16,-1.9722,-1.4406,0.6171,-2.0329,-1.3337,-1.956,-1.4463,0.1491,GO_GOAL
12.18,-1.9706,-1.4394,0.6171,-2.0314,-1.3324,-1.956,-1.4463,0.1479,GO_GOAL
12.2,-1.9689,-1.4383,0.6171,-2.0299,-1.3311,-1.956,-1.4463,0.1468,GO_GOAL
12.22,-1.9673,-1.4371,0.6171,-2.0285,-1.3297,-1.9479,-1.4405,0.1457,GO_GOAL
12.24,-1.9657,-1.4359,0.6171,-2.027,-1.3284,-1.9479,-1.4405,0.1445,GO_GOAL
12.26,-1.964,-1.4348,0.6171,-2.0255,-1.3271,-1.9479,-1.4405,0.1434,GO_GOAL
12.28,-1.9624,-1.4336,0.6171,-2.0225,-1.3244,-1.9479,-1.4405,0.1423,GO_GOAL
12.3,-1.9608,-1.4325,0.6171,-2.0225,-1.3244,-1.9479,-1.4405,0.1412,GO_GOAL
12.32,-1.9591,-1.4313,0.6171,-2.021,-1.3231,-1.9397,-1.4348,0.1401,GO_GOAL
12.34,-1.9575,-1.4301,0.6171,-2.0195,-1.3217,-1.9397,-1.4348,0.139,GO_GOAL
12.36,-1.9559,-1.429,0.6171,-2.018,-1.3204,-1.9397,-1.4348,0.1379,GO_GOAL
12.38,-1.9543,-1.4278,0.6171,-2.0165,-1.3191,-1.9397,-1.4348,0.1368,GO_GOAL
12.4,-1.9526,-1.4267,0.6171,-2.015,-1.3178,-1.9397,-1.4348,0.1357,GO_GOAL
12.42,-1.951,-1.4255,0.6171,-2.0135,-1.3164,-1.9316,-1.429,0.1346,GO_GOAL
12.44,-1.9494,-1.4244,0.6171,-2.012,-1.3151,-1.9316,-1.429,0.1336,GO_GOAL
12.46,-1.9478,-1.4232,0.6171,-2.0105,-1.3138,-1.9316,-1.429,0.1325,GO_GOAL
12.48,-1.9462,-1.4221,0.6171,-2.0076,-1.3111,-1.9316,-1.429,0.1315,GO_GOAL
12.5,-1.9446,-1.421,0.6171,-2.0076,-1.3111,-1.9234,-1.4232,0.1304,GO_GOAL
12.52,-1.9429,-1.4198,0.6171,-2.0061,-1.3098,-1.9234,-1.4232,0.1294,GO_GOAL
12.54,-1.9413,-1.4186,0.6171,-2.0046,-1.3084,-1.9234,-1.4232,0.1284,GO_GOAL
12.56,-1.9397,-1.4175,0.6171,-2.0031,-1.3071,-1.9234,-1.4232,0.1273,GO_GOAL
12.58,-1.938,-1.4163,0.6171,-2.0016,-1.3058,-1.9234,-1.4232,0.1263,GO_GOAL
12.6,-1.9364,-1.4152,0.6171,-2.0001,-1.3044,-1.9234,-1.4232,0.1253,GO_GOAL
12.62,-1.9348,-1.414,0.6171,-1.9986,-1.3031,-1.9153,-1.4174,0.1243,GO_GOAL
12.64,-1.9331,-1.4128,0.6171,-1.9956,-1.3004,-1.9153,-1.4174,0.1233,GO_GOAL
12.66,-1.9315,-1.4117,0.6171,-1.9956,-1.3004,-1.9153,-1.4174,0.1223,GO_GOAL
12.68,-1.9299,-1.4105,0.6171,-1.9941,-1.2991,-1.9153,-1.4174,0.1213,GO_GOAL
12.7,-1.9282,-1.4094,0.6171,-1.9926,-1.2978,-1.9153,-1.4174,0.1203,GO_GOAL
12.718,-1.9266,-1.4082,0.6171,-1.9911,-1.2965,-1.9071,-1.4116,0.1193,GO_GOAL
12.74,-1.925,-1.4071,0.6171,-1.9896,-1.2951,-1.9071,-1.4116,0.1184,GO_GOAL
12.76,-1.9234,-1.4059,0.6171,-1.9881,-1.2938,-1.9071,-1.4116,0.1174,GO_GOAL
12.78,-1.9218,-1.4048,0.6171,-1.9867,-1.2925,-1.9071,-1.4116,0.1165,GO_GOAL
12.8,-1.9202,-1.4036,0.6171,-1.9852,-1.2911,-1.9071,-1.4116,0.1156,GO_GOAL
12.82,-1.9185,-1.4025,0.6171,-1.9822,-1.2885,-1.899,-1.4058,0.1146,GO_GOAL
12.84,-1.9169,-1.4013,0.6171,-1.9822,-1.2885,-1.899,-1.4058,0.1137,GO_GOAL
12.86,-1.9153,-1.4002,0.6171,-1.9807,-1.2871,-1.899,-1.4058,0.1128,GO_GOAL
12.88,-1.9136,-1.399,0.6171,-1.9792,-1.2858,-1.899,-1.4058,0.1118,GO_GOAL
12.9,-1.912,-1.3978,0.6171,-1.9777,-1.2845,-1.899,-1.4058,0.1109,GO_GOAL
12.92,-1.9104,-1.3967,0.6171,-1.9762,-1.2831,-1.8908,-1.4,0.11,GO_GOAL
12.94,-1.9087,-1.3955,0.6171,-1.9747,-1.2818,-1.8908,-1.4,0.1091,GO_GOAL
12.96,-1.9071,-1.3944,0.6171,-1.9732,-1.2805,-1.8908,-1.4,0.1083,GO_GOAL
12.98,-1.9055,-1.3932,0.6171,-1.9717,-1.2791,-1.8908,-1.4,0.1074,GO_GOAL
13.0,-1.9038,-1.3921,0.6171,-1.9702,-1.2778,-1.8908,-1.4,0.1065,GO_GOAL
13.02,-1.9022,-1.3909,0.6171,-1.9687,-1.2765,-1.8826,-1.3942,0.1057,GO_GOAL
13.04,-1.9006,-1.3898,0.6171,-1.9672,-1.2752,-1.8826,-1.3942,0.1048,GO_GOAL
13.06,-1.899,-1.3886,0.6171,-1.9658,-1.2738,-1.8826,-1.3942,0.104,GO_GOAL
13.08,-1.8974,-1.3875,0.6171,-1.9643,-1.2725,-1.8826,-1.3942,0.1031,GO_GOAL
13.1,-1.8958,-1.3863,0.6171,-1.9628,-1.2712,-1.8826,-1.3942,0.1023,GO_GOAL
13.12,-1.8941,-1.3852,0.6171,-1.9598,-1.2685,-1.8745,-1.3885,0.1015,GO_GOAL
13.14,-1.8925,-1.384,0.6171,-1.9598,-1.2685,-1.8745,-1.3885,0.1007,GO_GOAL
13.16,-1.8909,-1.3828,0.6171,-1.9583,-1.2672,-1.8745,-1.3885,0.0999,GO_GOAL
13.18,-1.8892,-1.3817,0.6171,-1.9568,-1.2658,-1.8745,-1.3885,0.0991,GO_GOAL
13.2,-1.8876,-1.3805,0.6171,-1.9553,-1.2645,-1.8745,-1.3885,0.0983,GO_GOAL
13.22,-1.886,-1.3794,0.6171,-1.9538,-1.2632,-1.8663,-1.3827,0.0975,GO_GOAL
13.24,-1.8843,-1.3782,0.6171,-1.9523,-1.2618,-1.8663,-1.3827,0.0967,GO_GOAL
13.26,-1.8827,-1.3771,0.6171,-1.9508,-1.2605,-1.8663,-1.3827,0.096,GO_GOAL
13.28,-1.8811,-1.3759,0.6171,-1.9493,-1.2592,-1.8663,-1.3827,0.0952,GO_GOAL
13.3,-1.8795,-1.3747,0.6171,-1.9478,-1.2579,-1.8663,-1.3827,0.0945,GO_GOAL
13.32,-1.8778,-1.3736,0.6171,-1.9463,-1.2565,-1.8582,-1.3769,0.0937,GO_GOAL
13.34,-1.8762,-1.3724,0.6171,-1.9449,-1.2552,-1.8582,-1.3769,0.093,GO_GOAL
13.36,-1.8746,-1.3713,0.6171,-1.9434,-1.2539,-1.8582,-1.3769,0.0923,GO_GOAL
13.38,-1.873,-1.3702,0.6171,-1.9419,-1.2525,-1.8582,-1.3769,0.0916,GO_GOAL
13.4,-1.8713,-1.369,0.6171,-1.9404,-1.2512,-1.8582,-1.3769,0.0909,GO_GOAL
13.42,-1.8697,-1.3678,0.6171,-1.9389,-1.2499,-1.8484,-1.3699,0.0902,GO_GOAL
13.44,-1.8681,-1.3667,0.6171,-1.9374,-1.2485,-1.8484,-1.3699,0.0895,GO_GOAL
13.46,-1.8664,-1.3655,0.6171,-1.9359,-1.2472,-1.8484,-1.3699,0.0888,GO_GOAL
13.48,-1.8648,-1.3644,0.6171,-1.9344,-1.2459,-1.8484,-1.3699,0.0881,GO_GOAL
13.5,-1.8632,-1.3632,0.6171,-1.9329,-1.2445,-1.8484,-1.3699,0.0875,GO_GOAL
13.52,-1.8616,-1.3621,0.6171,-1.9299,-1.2419,-1.8419,-1.3653,0.0868,GO_GOAL
13.54,-1.8599,-1.3609,0.6171,-1.9299,-1.2419,-1.8419,-1.3653,0.0862,GO_GOAL
13.56,-1.8583,-1.3597,0.6171,-1.9284,-1.2405,-1.8419,-1.3653,0.0855,GO_GOAL
13.58,-1.8567,-1.3586,0.6171,-1.9269,-1.2392,-1.8419,-1.3653,0.0849,GO_GOAL
13.6,-1.8551,-1.3574,0.6171,-1.9255,-1.2379,-1.8419,-1.3653,0.0843,GO_GOAL
13.62,-1.8534,-1.3563,0.6171,-1.924,-1.2366,-1.8337,-1.3595,0.0837,GO_GOAL
13.64,-1.8518,-1.3551,0.6171,-1.921,-1.2339,-1.8337,-1.3595,0.0831,GO_GOAL
13.66,-1.8502,-1.354,0.6171,-1.921,-1.2339,-1.8337,-1.3595,0.0825,GO_GOAL
13.68,-1.8486,-1.3528,0.6171,-1.9195,-1.2326,-1.8337,-1.3595,0.0819,GO_GOAL
13.7,-1.8469,-1.3517,0.6171,-1.9165,-1.2299,-1.8337,-1.3595,0.0814,GO_GOAL
13.72,-1.8453,-1.3505,0.6171,-1.9165,-1.2299,-1.8239,-1.3526,0.0808,GO_GOAL
13.74,-1.8437,-1.3494,0.6171,-1.915,-1.2286,-1.8239,-1.3526,0.0802,GO_GOAL
13.76,-1.842,-1.3482,0.6171,-1.912,-1.2259,-1.8239,-1.3526,0.0797,GO_GOAL
13.78,-1.8404,-1.347,0.6171,-1.912,-1.2259,-1.8239,-1.3526,0.0792,GO_GOAL
13.8,-1.8388,-1.3459,0.6171,-1.909,-1.2232,-1.8239,-1.3526,0.0787,GO_GOAL
13.82,-1.8371,-1.3447,0.6171,-1.909,-1.2232,-1.8158,-1.3468,0.0781,GO_GOAL
13.84,-1.8355,-1.3436,0.6171,-1.9075,-1.2219,-1.8158,-1.3468,0.0776,GO_GOAL
13.86,-1.8339,-1.3424,0.6171,-1.906,-1.2206,-1.8158,-1.3468,0.0772,GO_GOAL
13.88,-1.8323,-1.3413,0.6171,-1.9046,-1.2193,-1.8158,-1.3468,0.0767,GO_GOAL
13.9,-1.8307,-1.3401,0.6171,-1.9031,-1.2179,-1.8158,-1.3468,0.0762,GO_GOAL
13.92,-1.829,-1.339,0.6171,-1.9016,-1.2166,-1.8093,-1.3422,0.0757,GO_GOAL
13.94,-1.8274,-1.3378,0.6171,-1.9001,-1.2153,-1.8093,-1.3422,0.0753,GO_GOAL
13.96,-1.8258,-1.3367,0.6171,-1.8986,-1.2139,-1.8093,-1.3422,0.0748,GO_GOAL
13.98,-1.8241,-1.3355,0.6171,-1.8971,-1.2126,-1.8093,-1.3422,0.0744,GO_GOAL
14.0,-1.8225,-1.3343,0.6171,-1.8956,-1.2113,-1.8093,-1.3422,0.074,GO_GOAL
14.02,-1.8209,-1.3332,0.6171,-1.8941,-1.2099,-1.8011,-1.3364,0.0736,GO_GOAL
14.04,-1.8192,-1.332,0.6171,-1.8926,-1.2086,-1.8011,-1.3364,0.0731,GO_GOAL
14.06,-1.8176,-1.3309,0.6171,-1.8911,-1.2073,-1.8011,-1.3364,0.0728,GO_GOAL
14.08,-1.816,-1.3297,0.6171,-1.8896,-1.2059,-1.8011,-1.3364,0.0724,GO_GOAL
14.1,-1.8144,-1.3286,0.6171,-1.8881,-1.2046,-1.8011,-1.3364,0.072,GO_GOAL
14.12,-1.8127,-1.3274,0.6171,-1.8866,-1.2033,-1.7929,-1.3306,0.0716,GO_GOAL
14.14,-1.8111,-1.3263,0.6171,-1.8851,-1.2019,-1.7929,-1.3306,0.0713,GO_GOAL
14.16,-1.8095,-1.3251,0.6171,-1.8837,-1.2006,-1.7929,-1.3306,0.0709,GO_GOAL
14.18,-1.8079,-1.3239,0.6171,-1.8822,-1.1993,-1.7929,-1.3306,0.0706,GO_GOAL
14.2,-1.8062,-1.3228,0.6171,-1.8792,-1.1966,-1.7929,-1.3306,0.0703,GO_GOAL
14.22,-1.8046,-1.3216,0.6171,-1.8792,-1.1966,-1.7848,-1.3248,0.07,GO_GOAL
14.24,-1.803,-1.3205,0.6171,-1.8762,-1.194,-1.7848,-1.3248,0.0697,GO_GOAL
14.26,-1.8013,-1.3193,0.6171,-1.8762,-1.194,-1.7848,-1.3248,0.0694,GO_GOAL
14.28,-1.7997,-1.3182,0.6171,-1.8747,-1.1926,-1.7848,-1.3248,0.0691,GO_GOAL
14.3,-1.7981,-1.317,0.6171,-1.8732,-1.1913,-1.7848,-1.3248,0.0688,GO_GOAL
14.32,-1.7965,-1.3159,0.6171,-1.8717,-1.19,-1.7766,-1.319,0.0685,GO_GOAL
14.34,-1.7948,-1.3147,0.6171,-1.8702,-1.1886,-1.7766,-1.319,0.0683,GO_GOAL
14.36,-1.7932,-1.3135,0.6171,-1.8687,-1.1873,-1.7766,-1.319,0.068,GO_GOAL
14.38,-1.7916,-1.3124,0.6171,-1.8672,-1.186,-1.7766,-1.319,0.0678,GO_GOAL
14.4,-1.7899,-1.3112,0.6171,-1.8642,-1.1833,-1.7685,-1.3132,0.0676,GO_GOAL
14.42,-1.7883,-1.3101,0.6171,-1.8642,-1.1833,-1.7685,-1.3132,0.0674,GO_GOAL
14.44,-1.7867,-1.3089,0.6171,-1.8628,-1.182,-1.7685,-1.3132,0.0672,GO_GOAL
14.46,-1.7851,-1.3078,0.6171,-1.8613,-1.1807,-1.7685,-1.3132,0.067,GO_GOAL
14.48,-1.7834,-1.3066,0.6171,-1.8598,-1.1793,-1.7685,-1.3132,0.0668,GO_GOAL
14.5,-1.7818,-1.3055,0.6171,-1.8583,-1.178,-1.7685,-1.3132,0.0666,GO_GOAL
14.52,-1.7802,-1.3043,0.6171,-1.8568,-1.1767,-1.7603,-1.3074,0.0665,GO_GOAL
14.54,-1.7786,-1.3032,0.6171,-1.8553,-1.1753,-1.7603,-1.3074,0.0663,GO_GOAL
14.56,-1.7769,-1.302,0.6171,-1.8538,-1.174,-1.7603,-1.3074,0.0662,GO_GOAL
14.58,-1.7753,-1.3008,0.6171,-1.8523,-1.1727,-1.7603,-1.3074,0.0661,GO_GOAL
14.6,-1.7737,-1.2997,0.6171,-1.8493,-1.17,-1.7522,-1.3016,0.066,GO_GOAL
14.62,-1.772,-1.2985,0.6171,-1.8493,-1.17,-1.7522,-1.3016,0.0659,GO_GOAL
14.64,-1.7704,-1.2974,0.6171,-1.8478,-1.1687,-1.7522,-1.3016,0.0658,GO_GOAL
14.66,-1.7688,-1.2962,0.6171,-1.8463,-1.1673,-1.7522,-1.3016,0.0657,GO_GOAL
14.68,-1.7672,-1.2951,0.6171,-1.8448,-1.166,-1.7522,-1.3016,0.0656,GO_GOAL
14.7,-1.7655,-1.2939,0.6171,-1.8419,-1.1633,-1.7522,-1.3016,0.0655,GO_GOAL
14.72,-1.7639,-1.2927,0.6171,-1.8419,-1.1633,-1.7424,-1.2947,0.0655,GO_GOAL
14.74,-1.7623,-1.2916,0.6171,-1.8404,-1.162,-1.7424,-1.2947,0.0654,GO_GOAL
14.76,-1.7606,-1.2904,0.6171,-1.8389,-1.1607,-1.7424,-1.2947,0.0654,GO_GOAL
14.78,-1.759,-1.2893,0.6171,-1.8374,-1.1594,-1.7424,-1.2947,0.0654,GO_GOAL
14.8,-1.7574,-1.2881,0.6171,-1.8359,-1.158,-1.7424,-1.2947,0.0654,GO_GOAL
14.82,-1.7558,-1.287,0.6171,-1.8344,-1.1567,-1.7359,-1.2901,0.0654,GO_GOAL
14.84,-1.7541,-1.2858,0.6171,-1.8329,-1.1554,-1.7359,-1.2901,0.0654,GO_GOAL
14.86,-1.7525,-1.2847,0.6171,-1.8314,-1.154,-1.7359,-1.2901,0.0654,GO_GOAL
14.88,-1.7509,-1.2835,0.6171,-1.8299,-1.1527,-1.7359,-1.2901,0.0655,GO_GOAL
14.9,-1.7492,-1.2824,0.6171,-1.8284,-1.1514,-1.7359,-1.2901,0.0655,GO_GOAL
14.92,-1.7476,-1.2812,0.6171,-1.8254,-1.1487,-1.7277,-1.2843,0.0655,GO_GOAL
14.94,-1.746,-1.28,0.6171,-1.8254,-1.1487,-1.7277,-1.2843,0.0656,GO_GOAL
14.96,-1.7443,-1.2789,0.6171,-1.8239,-1.1474,-1.7277,-1.2843,0.0657,GO_GOAL
14.98,-1.7427,-1.2777,0.6171,-1.8225,-1.146,-1.7277,-1.2843,0.0658,GO_GOAL
15.0,-1.7411,-1.2766,0.6171,-1.8195,-1.1434,-1.7277,-1.2843,0.0659,GO_GOAL
15.02,-1.7395,-1.2754,0.6171,-1.8195,-1.1434,-1.7195,-1.2785,0.066,GO_GOAL
15.04,-1.7378,-1.2743,0.6171,-1.818,-1.1421,-1.7195,-1.2785,0.0661,GO_GOAL
15.06,-1.7362,-1.2731,0.6171,-1.8165,-1.1407,-1.7195,-1.2785,0.0662,GO_GOAL
15.08,-1.7346,-1.2719,0.6171,-1.815,-1.1394,-1.7195,-1.2785,0.0664,GO_GOAL
15.1,-1.7329,-1.2708,0.6171,-1.8135,-1.1381,-1.7195,-1.2785,0.0665,GO_GOAL
15.12,-1.7313,-1.2696,0.6171,-1.8105,-1.1354,-1.7114,-1.2727,0.0667,GO_GOAL
15.14,-1.7297,-1.2685,0.6171,-1.809,-1.1341,-1.7114,-1.2727,0.0668,GO_GOAL
15.16,-1.7281,-1.2673,0.6171,-1.809,-1.1341,-1.7114,-1.2727,0.067,GO_GOAL
15.18,-1.7264,-1.2662,0.6171,-1.8075,-1.1327,-1.7114,-1.2727,0.0672,GO_GOAL
15.2,-1.7248,-1.265,0.6171,-1.806,-1.1314,-1.7114,-1.2727,0.0674,GO_GOAL
15.22,-1.7232,-1.2638,0.6171,-1.8045,-1.1301,-1.7032,-1.2669,0.0676,GO_GOAL
15.24,-1.7215,-1.2627,0.6171,-1.803,-1.1287,-1.7032,-1.2669,0.0678,GO_GOAL
15.26,-1.7199,-1.2615,0.6171,-1.8016,-1.1274,-1.7032,-1.2669,0.0681,GO_GOAL
15.28,-1.7183,-1.2604,0.6171,-1.7986,-1.1247,-1.7032,-1.2669,0.0683,GO_GOAL
15.3,-1.7166,-1.2592,0.6171,-1.7986,-1.1247,-1.7032,-1.2669,0.0686,GO_GOAL
15.32,-1.715,-1.2581,0.6171,-1.7956,-1.1221,-1.6951,-1.2611,0.0688,GO_GOAL
15.34,-1.7134,-1.2569,0.6171,-1.7956,-1.1221,-1.6951,-1.2611,0.0691,GO_GOAL
15.36,-1.7117,-1.2557,0.6171,-1.7941,-1.1208,-1.6951,-1.2611,0.0694,GO_GOAL
15.38,-1.7101,-1.2546,0.6171,-1.7926,-1.1194,-1.6951,-1.2611,0.0697,GO_GOAL
15.4,-1.7085,-1.2534,0.6171,-1.7911,-1.1181,-1.6951,-1.2611,0.07,GO_GOAL
15.42,-1.7068,-1.2523,0.6171,-1.7896,-1.1168,-1.6869,-1.2553,0.0703,GO_GOAL
15.44,-1.7052,-1.2511,0.6171,-1.7881,-1.1154,-1.6869,-1.2553,0.0706,GO_GOAL
15.46,-1.7036,-1.25,0.6171,-1.7866,-1.1141,-1.6869,-1.2553,0.071,GO_GOAL
15.48,-1.702,-1.2488,0.6171,-1.7851,-1.1128,-1.6869,-1.2553,0.0713,GO_GOAL
15.5,-1.7003,-1.2476,0.6171,-1.7836,-1.1114,-1.6869,-1.2553,0.0717,GO_GOAL
15.52,-1.6987,-1.2465,0.6171,-1.7821,-1.1101,-1.6788,-1.2496,0.0721,GO_GOAL
15.54,-1.6971,-1.2453,0.6171,-1.7792,-1.1074,-1.6788,-1.2496,0.0724,GO_GOAL
15.56,-1.6954,-1.2442,0.6171,-1.7792,-1.1074,-1.6788,-1.2496,0.0728,GO_GOAL
15.58,-1.6938,-1.243,0.6171,-1.7777,-1.1061,-1.6788,-1.2496,0.0732,GO_GOAL
15.6,-1.6922,-1.2419,0.6171,-1.7747,-1.1035,-1.6706,-1.2438,0.0736,GO_GOAL
15.62,-1.6905,-1.2407,0.6171,-1.7747,-1.1035,-1.6706,-1.2438,0.074,GO_GOAL
15.64,-1.6889,-1.2395,0.6171,-1.7732,-1.1021,-1.6706,-1.2438,0.0745,GO_GOAL
15.66,-1.6873,-1.2384,0.6171,-1.7717,-1.1008,-1.6706,-1.2438,0.0749,GO_GOAL
15.68,-1.6856,-1.2372,0.6171,-1.7702,-1.0995,-1.6706,-1.2438,0.0754,GO_GOAL
15.7,-1.684,-1.2361,0.6171,-1.7687,-1.0981,-1.6706,-1.2438,0.0758,GO_GOAL
15.72,-1.6824,-1.2349,0.6171,-1.7672,-1.0968,-1.6625,-1.238,0.0763,GO_GOAL
15.74,-1.6808,-1.2338,0.6171,-1.7657,-1.0955,-1.6625,-1.238,0.0768,GO_GOAL
15.76,-1.6791,-1.2326,0.6171,-1.7642,-1.0941,-1.6625,-1.238,0.0772,GO_GOAL
15.78,-1.6775,-1.2314,0.6171,-1.7627,-1.0928,-1.6625,-1.238,0.0777,GO_GOAL
15.8,-1.6759,-1.2303,0.6171,-1.7612,-1.0915,-1.6625,-1.238,0.0782,GO_GOAL
15.82,-1.6742,-1.2291,0.6171,-1.7598,-1.0901,-1.6543,-1.2322,0.0788,GO_GOAL
15.84,-1.6726,-1.228,0.6171,-1.7568,-1.0875,-1.6543,-1.2322,0.0793,GO_GOAL
15.86,-1.671,-1.2268,0.6171,-1.7568,-1.0875,-1.6543,-1.2322,0.0798,GO_GOAL
15.88,-1.6693,-1.2256,0.6171,-1.7553,-1.0861,-1.6543,-1.2322,0.0804,GO_GOAL
15.9,-1.6677,-1.2245,0.6171,-1.7538,-1.0848,-1.6543,-1.2322,0.0809,GO_GOAL
15.92,-1.6661,-1.2233,0.6171,-1.7523,-1.0835,-1.6462,-1.2264,0.0815,GO_GOAL
15.94,-1.6644,-1.2222,0.6171,-1.7493,-1.0808,-1.6462,-1.2264,0.082,GO_GOAL
15.96,-1.6628,-1.221,0.6171,-1.7493,-1.0808,-1.6462,-1.2264,0.0826,GO_GOAL
15.98,-1.6612,-1.2199,0.6171,-1.7478,-1.0795,-1.6462,-1.2264,0.0832,GO_GOAL
16.0,-1.6595,-1.2187,0.6171,-1.7463,-1.0782,-1.6462,-1.2264,0.0838,GO_GOAL
16.02,-1.6579,-1.2175,0.6171,-1.7448,-1.0768,-1.638,-1.2206,0.0844,GO_GOAL
16.04,-1.6563,-1.2164,0.6171,-1.7433,-1.0755,-1.638,-1.2206,0.085,GO_GOAL
16.06,-1.6547,-1.2152,0.6171,-1.7403,-1.0728,-1.638,-1.2206,0.0857,GO_GOAL
16.08,-1.653,-1.2141,0.6171,-1.7403,-1.0728,-1.638,-1.2206,0.0863,GO_GOAL
16.1,-1.6514,-1.2129,0.6171,-1.7389,-1.0715,-1.638,-1.2206,0.087,GO_GOAL
16.12,-1.6498,-1.2118,0.6171,-1.7374,-1.0702,-1.6298,-1.2148,0.0876,GO_GOAL
16.14,-1.6481,-1.2106,0.6171,-1.7359,-1.0688,-1.6298,-1.2148,0.0883,GO_GOAL
16.16,-1.6465,-1.2094,0.6171,-1.7329,-1.0662,-1.6298,-1.2148,0.0889,GO_GOAL
16.18,-1.6449,-1.2083,0.6171,-1.7329,-1.0662,-1.6298,-1.2148,0.0896,GO_GOAL
16.2,-1.6432,-1.2071,0.6171,-1.7314,-1.0649,-1.6298,-1.2148,0.0903,GO_GOAL
16.22,-1.6416,-1.206,0.6171,-1.7299,-1.0635,-1.6217,-1.209,0.091,GO_GOAL
16.24,-1.64,-1.2048,0.6171,-1.7284,-1.0622,-1.6217,-1.209,0.0917,GO_GOAL
16.26,-1.6383,-1.2037,0.6171,-1.7269,-1.0609,-1.6217,-1.209,0.0924,GO_GOAL
16.28,-1.6367,-1.2025,0.6171,-1.7254,-1.0595,-1.6217,-1.209,0.0932,GO_GOAL
16.3,-1.6351,-1.2013,0.6171,-1.7224,-1.0569,-1.6135,-1.2033,0.0939,GO_GOAL
16.32,-1.6335,-1.2002,0.6171,-1.7224,-1.0569,-1.6135,-1.2033,0.0946,GO_GOAL
16.34,-1.6318,-1.199,0.6171,-1.7209,-1.0555,-1.6135,-1.2033,0.0954,GO_GOAL
16.36,-1.6302,-1.1979,0.6171,-1.7195,-1.0542,-1.6135,-1.2033,0.0962,GO_GOAL
16.38,-1.6286,-1.1967,0.6171,-1.718,-1.0529,-1.6135,-1.2033,0.0969,GO_GOAL
16.4,-1.6269,-1.1956,0.6171,-1.7165,-1.0515,-1.6135,-1.2033,0.0977,GO_GOAL
16.42,-1.6253,-1.1944,0.6171,-1.715,-1.0502,-1.6054,-1.1975,0.0985,GO_GOAL
16.44,-1.6237,-1.1932,0.6171,-1.7135,-1.0489,-1.6054,-1.1975,0.0993,GO_GOAL
16.46,-1.622,-1.1921,0.6171,-1.7105,-1.0462,-1.6054,-1.1975,0.1001,GO_GOAL
16.48,-1.6204,-1.1909,0.6171,-1.7105,-1.0462,-1.6054,-1.1975,0.1009,GO_GOAL
16.5,-1.6188,-1.1898,0.6171,-1.709,-1.0449,-1.6054,-1.1975,0.1017,GO_GOAL
16.52,-1.6171,-1.1886,0.6171,-1.7075,-1.0436,-1.5972,-1.1917,0.1025,GO_GOAL
16.54,-1.6155,-1.1875,0.6171,-1.706,-1.0422,-1.5972,-1.1917,0.1034,GO_GOAL
16.56,-1.6139,-1.1863,0.6171,-1.7045,-1.0409,-1.5972,-1.1917,0.1042,GO_GOAL
16.58,-1.6122,-1.1851,0.6171,-1.703,-1.0396,-1.5972,-1.1917,0.1051,GO_GOAL
16.6,-1.6106,-1.184,0.6171,-1.7015,-1.0382,-1.5972,-1.1917,0.1059,GO_GOAL
16.62,-1.609,-1.1828,0.6171,-1.7,-1.0369,-1.5891,-1.1859,0.1068,GO_GOAL
16.64,-1.6074,-1.1817,0.6171,-1.6986,-1.0356,-1.5891,-1.1859,0.1077,GO_GOAL
16.66,-1.6057,-1.1805,0.6171,-1.6971,-1.0342,-1.5891,-1.1859,0.1085,GO_GOAL
16.68,-1.6041,-1.1794,0.6171,-1.6956,-1.0329,-1.5891,-1.1859,0.1094,GO_GOAL
16.7,-1.6025,-1.1782,0.6171,-1.6941,-1.0316,-1.5891,-1.1859,0.1103,GO_GOAL
16.72,-1.6008,-1.177,0.6171,-1.6926,-1.0302,-1.5809,-1.1801,0.1112,GO_GOAL
16.74,-1.5992,-1.1759,0.6171,-1.6911,-1.0289,-1.5809,-1.1801,0.1121,GO_GOAL
16.76,-1.5976,-1.1747,0.6171,-1.6896,-1.0276,-1.5809,-1.1801,0.113,GO_GOAL
16.78,-1.5959,-1.1736,0.6171,-1.6866,-1.0249,-1.5809,-1.1801,0.114,GO_GOAL
16.8,-1.5943,-1.1724,0.6171,-1.6866,-1.0249,-1.5809,-1.1801,0.1149,GO_GOAL
16.82,-1.5927,-1.1713,0.6171,-1.6836,-1.0223,-1.5711,-1.1732,0.1158,GO_GOAL
16.84,-1.591,-1.1701,0.6171,-1.6836,-1.0223,-1.5711,-1.1732,0.1168,GO_GOAL
16.86,-1.5894,-1.1689,0.6171,-1.6821,-1.0209,-1.5711,-1.1732,0.1178,GO_GOAL
16.88,-1.5878,-1.1678,0.6171,-1.6806,-1.0196,-1.5711,-1.1732,0.1187,GO_GOAL
16.9,-1.5862,-1.1666,0.6171,-1.6791,-1.0183,-1.5711,-1.1732,0.1197,GO_GOAL
16.918,-1.5845,-1.1655,0.6171,-1.6777,-1.0169,-1.5646,-1.1685,0.1207,GO_GOAL
16.94,-1.5829,-1.1643,0.6171,-1.6762,-1.0156,-1.5646,-1.1685,0.1216,GO_GOAL
16.96,-1.5813,-1.1631,0.6171,-1.6747,-1.0143,-1.5646,-1.1685,0.1226,GO_GOAL
16.98,-1.5796,-1.162,0.6171,-1.6732,-1.0129,-1.5646,-1.1685,0.1236,GO_GOAL
17.0,-1.578,-1.1608,0.6171,-1.6702,-1.0103,-1.5646,-1.1685,0.1246,GO_GOAL
17.02,-1.5764,-1.1597,0.6171,-1.6702,-1.0103,-1.5564,-1.1627,0.1256,GO_GOAL
17.04,-1.5747,-1.1585,0.6171,-1.6687,-1.0089,-1.5564,-1.1627,0.1267,GO_GOAL
17.06,-1.5731,-1.1574,0.6171,-1.6657,-1.0063,-1.5564,-1.1627,0.1277,GO_GOAL
17.08,-1.5715,-1.1562,0.6171,-1.6657,-1.0063,-1.5564,-1.1627,0.1287,GO_GOAL
17.1,-1.5698,-1.155,0.6171,-1.6642,-1.005,-1.5483,-1.157,0.1298,GO_GOAL
17.12,-1.5682,-1.1539,0.6171,-1.6627,-1.0036,-1.5483,-1.157,0.1308,GO_GOAL
17.14,-1.5666,-1.1527,0.6171,-1.6597,-1.001,-1.5483,-1.157,0.1319,GO_GOAL
17.16,-1.5649,-1.1516,0.6171,-1.6597,-1.001,-1.5483,-1.157,0.1329,GO_GOAL
17.18,-1.5633,-1.1504,0.6171,-1.6582,-0.9996,-1.5483,-1.157,0.134,GO_GOAL
17.2,-1.5617,-1.1493,0.6171,-1.6568,-0.9983,-1.5483,-1.157,0.1351,GO_GOAL
17.22,-1.5601,-1.1481,0.6171,-1.6553,-0.997,-1.5401,-1.1512,0.1361,GO_GOAL
17.24,-1.5584,-1.1469,0.6171,-1.6538,-0.9956,-1.5401,-1.1512,0.1372,GO_GOAL
17.26,-1.5568,-1.1458,0.6171,-1.6508,-0.993,-1.5401,-1.1512,0.1383,GO_GOAL
17.28,-1.5552,-1.1446,0.6171,-1.6508,-0.993,-1.5401,-1.1512,0.1394,GO_GOAL
17.3,-1.5535,-1.1435,0.6171,-1.6493,-0.9916,-1.5401,-1.1512,0.1405,GO_GOAL
17.32,-1.5519,-1.1423,0.6171,-1.6478,-0.9903,-1.532,-1.1454,0.1416,GO_GOAL
17.34,-1.5503,-1.1412,0.6171,-1.6463,-0.989,-1.532,-1.1454,0.1427,GO_GOAL
17.36,-1.5486,-1.14,0.6171,-1.6448,-0.9877,-1.532,-1.1454,0.1439,GO_GOAL
17.38,-1.547,-1.1388,0.6171,-1.6433,-0.9863,-1.532,-1.1454,0.145,GO_GOAL
17.4,-1.5454,-1.1377,0.6171,-1.6418,-0.985,-1.532,-1.1454,0.1461,GO_GOAL
17.42,-1.5437,-1.1365,0.6171,-1.6403,-0.9837,-1.5238,-1.1396,0.1472,GO_GOAL
17.44,-1.5421,-1.1354,0.6171,-1.6388,-0.9823,-1.5238,-1.1396,0.1484,GO_GOAL
17.46,-1.5405,-1.1342,0.6171,-1.6373,-0.981,-1.5238,-1.1396,0.1495,GO_GOAL
17.48,-1.5388,-1.1331,0.6171,-1.6359,-0.9797,-1.5238,-1.1396,0.1507,GO_GOAL
17.5,-1.5372,-1.1319,0.6171,-1.6344,-0.9783,-1.5238,-1.1396,0.1519,GO_GOAL
17.52,-1.5356,-1.1307,0.6171,-1.6314,-0.9757,-1.5157,-1.1338,0.153,GO_GOAL
17.54,-1.534,-1.1296,0.6171,-1.6314,-0.9757,-1.5157,-1.1338,0.1542,GO_GOAL
17.56,-1.5323,-1.1284,0.6171,-1.6284,-0.973,-1.5157,-1.1338,0.1554,GO_GOAL
17.58,-1.5307,-1.1273,0.6171,-1.6284,-0.973,-1.5157,-1.1338,0.1566,GO_GOAL
17.6,-1.5291,-1.1261,0.6171,-1.6254,-0.9703,-1.5075,-1.128,0.1578,GO_GOAL
17.62,-1.5274,-1.125,0.6171,-1.6254,-0.9703,-1.5075,-1.128,0.159,GO_GOAL
17.64,-1.5258,-1.1238,0.6171,-1.6239,-0.969,-1.5075,-1.128,0.1602,GO_GOAL
17.66,-1.5242,-1.1226,0.6171,-1.6224,-0.9677,-1.5075,-1.128,0.1614,GO_GOAL
17.68,-1.5225,-1.1215,0.6171,-1.6209,-0.9664,-1.5075,-1.128,0.1626,GO_GOAL
17.7,-1.5209,-1.1203,0.6171,-1.6179,-0.9637,-1.5075,-1.128,0.1638,GO_GOAL
17.72,-1.5193,-1.1192,0.6171,-1.6179,-0.9637,-1.4994,-1.1222,0.165,GO_GOAL
17.74,-1.5176,-1.118,0.6171,-1.6165,-0.9624,-1.4994,-1.1222,0.1662,GO_GOAL
17.76,-1.516,-1.1169,0.6171,-1.6135,-0.9597,-1.4994,-1.1222,0.1675,GO_GOAL
17.78,-1.5144,-1.1157,0.6171,-1.6135,-0.9597,-1.4994,-1.1222,0.1687,GO_GOAL
17.8,-1.5128,-1.1145,0.6171,-1.612,-0.9584,-1.4994,-1.1222,0.17,GO_GOAL
17.82,-1.5111,-1.1134,0.6171,-1.6105,-0.957,-1.4912,-1.1164,0.1712,GO_GOAL
17.84,-1.5095,-1.1122,0.6171,-1.609,-0.9557,-1.4912,-1.1164,0.1725,GO_GOAL
17.86,-1.5079,-1.1111,0.6171,-1.6075,-0.9544,-1.4912,-1.1164,0.1737,GO_GOAL
17.88,-1.5062,-1.1099,0.6171,-1.606,-0.953,-1.4912,-1.1164,0.175,GO_GOAL
17.9,-1.5046,-1.1088,0.6171,-1.6045,-0.9517,-1.4912,-1.1164,0.1763,GO_GOAL
17.92,-1.503,-1.1076,0.6171,-1.603,-0.9504,-1.4831,-1.1107,0.1775,GO_GOAL
17.94,-1.5013,-1.1064,0.6171,-1.6015,-0.9491,-1.4831,-1.1107,0.1788,GO_GOAL
17.96,-1.4997,-1.1053,0.6171,-1.5985,-0.9464,-1.4831,-1.1107,0.1801,GO_GOAL
17.98,-1.4981,-1.1041,0.6171,-1.5985,-0.9464,-1.4831,-1.1107,0.1814,GO_GOAL
18.0,-1.4964,-1.103,0.6171,-1.5956,-0.9437,-1.4831,-1.1107,0.1827,GO_GOAL
18.02,-1.4948,-1.1018,0.6171,-1.5956,-0.9437,-1.4749,-1.1049,0.184,GO_GOAL
18.04,-1.4932,-1.1006,0.6171,-1.5941,-0.9424,-1.4749,-1.1049,0.1853,GO_GOAL
18.06,-1.4915,-1.0995,0.6171,-1.5926,-0.9411,-1.4749,-1.1049,0.1866,GO_GOAL
18.08,-1.4899,-1.0983,0.6171,-1.5911,-0.9397,-1.4749,-1.1049,0.1879,GO_GOAL
18.1,-1.4883,-1.0972,0.6171,-1.5896,-0.9384,-1.4749,-1.1049,0.1892,GO_GOAL
18.12,-1.4867,-1.096,0.6171,-1.5881,-0.9371,-1.4667,-1.0991,0.1905,GO_GOAL
18.14,-1.485,-1.0949,0.6171,-1.5866,-0.9357,-1.4667,-1.0991,0.1919,GO_GOAL
18.16,-1.4834,-1.0937,0.6171,-1.5836,-0.9331,-1.4667,-1.0991,0.1932,GO_GOAL
18.18,-1.4818,-1.0925,0.6171,-1.5836,-0.9331,-1.4667,-1.0991,0.1945,GO_GOAL
18.2,-1.4801,-1.0914,0.6171,-1.5821,-0.9317,-1.4667,-1.0991,0.1959,GO_GOAL
18.22,-1.4785,-1.0902,0.6171,-1.5791,-0.9291,-1.4586,-1.0933,0.1972,GO_GOAL
18.24,-1.4769,-1.0891,0.6171,-1.5791,-0.9291,-1.4586,-1.0933,0.1985,GO_GOAL
18.26,-1.4752,-1.0879,0.6171,-1.5776,-0.9278,-1.4586,-1.0933,0.1999,GO_GOAL
18.28,-1.4736,-1.0868,0.6171,-1.5747,-0.9251,-1.4586,-1.0933,0.2013,GO_GOAL
18.302,-1.472,-1.0856,0.6171,-1.5747,-0.9251,-1.4586,-1.0933,0.2026,GO_GOAL
18.32,-1.4703,-1.0844,0.6171,-1.5717,-0.9224,-1.4504,-1.0875,0.204,GO_GOAL
18.34,-1.4687,-1.0833,0.6171,-1.5717,-0.9224,-1.4504,-1.0875,0.2053,GO_GOAL
18.36,-1.4671,-1.0821,0.6171,-1.5702,-0.9211,-1.4504,-1.0875,0.2067,GO_GOAL
18.38,-1.4655,-1.081,0.6171,-1.5687,-0.9198,-1.4504,-1.0875,0.2081,GO_GOAL
18.4,-1.4638,-1.0798,0.6171,-1.5672,-0.9184,-1.4504,-1.0875,0.2095,GO_GOAL
18.42,-1.4622,-1.0787,0.6171,-1.5657,-0.9171,-1.4423,-1.0817,0.2109,GO_GOAL
18.44,-1.4606,-1.0775,0.6171,-1.5642,-0.9158,-1.4423,-1.0817,0.2122,GO_GOAL
18.46,-1.4589,-1.0763,0.6171,-1.5627,-0.9144,-1.4423,-1.0817,0.2136,GO_GOAL
18.48,-1.4573,-1.0752,0.6171,-1.5612,-0.9131,-1.4423,-1.0817,0.215,GO_GOAL
18.5,-1.4557,-1.074,0.6171,-1.5582,-0.9105,-1.4341,-1.0759,0.2164,GO_GOAL
18.52,-1.454,-1.0729,0.6171,-1.5582,-0.9105,-1.4341,-1.0759,0.2178,GO_GOAL
18.54,-1.4524,-1.0717,0.6171,-1.5567,-0.9091,-1.4341,-1.0759,0.2192,GO_GOAL
18.56,-1.4508,-1.0706,0.6171,-1.5552,-0.9078,-1.4341,-1.0759,0.2207,GO_GOAL
18.58,-1.4491,-1.0694,0.6171,-1.5523,-0.9051,-1.4341,-1.0759,0.2221,GO_GOAL
18.6,-1.4475,-1.0682,0.6171,-1.5523,-0.9051,-1.4341,-1.0759,0.2235,GO_GOAL
18.62,-1.4459,-1.0671,0.6171,-1.5508,-0.9038,-1.426,-1.0701,0.2249,GO_GOAL
18.64,-1.4442,-1.0659,0.6171,-1.5493,-0.9025,-1.426,-1.0701,0.2263,GO_GOAL
18.66,-1.4426,-1.0648,0.6171,-1.5478,-0.9011,-1.426,-1.0701,0.2278,GO_GOAL
18.68,-1.441,-1.0636,0.6171,-1.5463,-0.8998,-1.426,-1.0701,0.2292,GO_GOAL
18.7,-1.4394,-1.0625,0.6171,-1.5448,-0.8985,-1.426,-1.0701,0.2306,GO_GOAL
18.72,-1.4377,-1.0613,0.6171,-1.5433,-0.8971,-1.4162,-1.0632,0.2321,GO_GOAL
18.74,-1.4361,-1.0601,0.6171,-1.5418,-0.8958,-1.4162,-1.0632,0.2335,GO_GOAL
18.76,-1.4345,-1.059,0.6171,-1.5403,-0.8945,-1.4162,-1.0632,0.235,GO_GOAL
18.78,-1.4328,-1.0578,0.6171,-1.5388,-0.8931,-1.4162,-1.0632,0.2364,GO_GOAL
18.8,-1.4312,-1.0567,0.6171,-1.5373,-0.8918,-1.4162,-1.0632,0.2379,GO_GOAL
18.82,-1.4296,-1.0555,0.6171,-1.5358,-0.8905,-1.4097,-1.0586,0.2393,GO_GOAL
18.84,-1.4279,-1.0544,0.6171,-1.5343,-0.8892,-1.4097,-1.0586,0.2408,GO_GOAL
18.86,-1.4263,-1.0532,0.6171,-1.5329,-0.8878,-1.4097,-1.0586,0.2423,GO_GOAL
18.88,-1.4247,-1.052,0.6171,-1.5314,-0.8865,-1.4097,-1.0586,0.2437,GO_GOAL
18.9,-1.423,-1.0509,0.6171,-1.5284,-0.8838,-1.4097,-1.0586,0.2452,GO_GOAL
18.92,-1.4214,-1.0497,0.6171,-1.5284,-0.8838,-1.4015,-1.0528,0.2467,GO_GOAL
18.94,-1.4198,-1.0486,0.6171,-1.5269,-0.8825,-1.4015,-1.0528,0.2482,GO_GOAL
18.96,-1.4181,-1.0474,0.6171,-1.5254,-0.8812,-1.4015,-1.0528,0.2497,GO_GOAL
18.98,-1.4165,-1.0463,0.6171,-1.5239,-0.8798,-1.4015,-1.0528,0.2511,GO_GOAL
19.0,-1.4149,-1.0451,0.6171,-1.5224,-0.8785,-1.4015,-1.0528,0.2526,GO_GOAL
19.02,-1.4133,-1.0439,0.6171,-1.5209,-0.8772,-1.3933,-1.047,0.2541,GO_GOAL
19.04,-1.4116,-1.0428,0.6171,-1.5179,-0.8745,-1.3933,-1.047,0.2556,GO_GOAL
19.06,-1.41,-1.0416,0.6171,-1.5179,-0.8745,-1.3933,-1.047,0.2571,GO_GOAL
19.08,-1.4084,-1.0405,0.6171,-1.5149,-0.8719,-1.3933,-1.047,0.2586,GO_GOAL
19.1,-1.4067,-1.0393,0.6171,-1.5134,-0.8705,-1.3933,-1.047,0.2601,GO_GOAL
19.12,-1.4051,-1.0381,0.6171,-1.5134,-0.8705,-1.3852,-1.0412,0.2616,GO_GOAL
19.14,-1.4035,-1.037,0.6171,-1.5105,-0.8679,-1.3852,-1.0412,0.2631,GO_GOAL
19.16,-1.4018,-1.0358,0.6171,-1.509,-0.8665,-1.3852,-1.0412,0.2646,GO_GOAL
19.18,-1.4002,-1.0347,0.6171,-1.509,-0.8665,-1.3852,-1.0412,0.2662,GO_GOAL
19.2,-1.3986,-1.0335,0.6171,-1.506,-0.8639,-1.3852,-1.0412,0.2677,GO_GOAL
19.22,-1.3969,-1.0324,0.6171,-1.506,-0.8639,-1.377,-1.0354,0.2692,GO_GOAL
19.24,-1.3953,-1.0312,0.6171,-1.5045,-0.8625,-1.377,-1.0354,0.2707,GO_GOAL
19.26,-1.3937,-1.03,0.6171,-1.503,-0.8612,-1.377,-1.0354,0.2722,GO_GOAL
19.28,-1.3921,-1.0289,0.6171,-1.5015,-0.8599,-1.377,-1.0354,0.2738,GO_GOAL
19.3,-1.3904,-1.0277,0.6171,-1.5,-0.8585,-1.377,-1.0354,0.2753,GO_GOAL
19.32,-1.3888,-1.0266,0.6171,-1.4985,-0.8572,-1.3689,-1.0296,0.2768,GO_GOAL
19.34,-1.3872,-1.0254,0.6171,-1.497,-0.8559,-1.3689,-1.0296,0.2784,GO_GOAL
19.36,-1.3855,-1.0243,0.6171,-1.4955,-0.8545,-1.3689,-1.0296,0.2799,GO_GOAL
19.38,-1.3839,-1.0231,0.6171,-1.4925,-0.8519,-1.3689,-1.0296,0.2815,GO_GOAL
19.4,-1.3823,-1.0219,0.6171,-1.4925,-0.8519,-1.3689,-1.0296,0.283,GO_GOAL
19.42,-1.3806,-1.0208,0.6171,-1.4911,-0.8506,-1.3607,-1.0238,0.2846,GO_GOAL
19.44,-1.379,-1.0196,0.6171,-1.4881,-0.8479,-1.3607,-1.0238,0.2861,GO_GOAL
19.46,-1.3774,-1.0185,0.6171,-1.4866,-0.8466,-1.3607,-1.0238,0.2877,GO_GOAL
19.48,-1.3757,-1.0173,0.6171,-1.4866,-0.8466,-1.3607,-1.0238,0.2892,GO_GOAL
19.5,-1.3741,-1.0162,0.6171,-1.4851,-0.8452,-1.3526,-1.0181,0.2908,GO_GOAL
19.52,-1.3725,-1.015,0.6171,-1.4836,-0.8439,-1.3526,-1.0181,0.2924,GO_GOAL
19.54,-1.3708,-1.0138,0.6171,-1.4821,-0.8426,-1.3526,-1.0181,0.2939,GO_GOAL
19.56,-1.3692,-1.0127,0.6171,-1.4806,-0.8412,-1.3526,-1.0181,0.2955,GO_GOAL
19.58,-1.3676,-1.0115,0.6171,-1.4791,-0.8399,-1.3526,-1.0181,0.2971,GO_GOAL
19.6,-1.366,-1.0104,0.6171,-1.4761,-0.8372,-1.3444,-1.0123,0.2986,GO_GOAL
19.62,-1.3643,-1.0092,0.6171,-1.4761,-0.8372,-1.3444,-1.0123,0.3002,GO_GOAL
19.64,-1.3627,-1.0081,0.6171,-1.4746,-0.8359,-1.3444,-1.0123,0.3018,GO_GOAL
19.66,-1.3611,-1.0069,0.6171,-1.4731,-0.8346,-1.3444,-1.0123,0.3034,GO_GOAL
19.68,-1.3594,-1.0057,0.6171,-1.4717,-0.8333,-1.3444,-1.0123,0.305,GO_GOAL
19.7,-1.3578,-1.0046,0.6171,-1.4702,-0.8319,-1.3444,-1.0123,0.3065,GO_GOAL
19.72,-1.3562,-1.0034,0.6171,-1.4687,-0.8306,-1.3346,-1.0053,0.3081,GO_GOAL
19.74,-1.3545,-1.0023,0.6171,-1.4672,-0.8293,-1.3346,-1.0053,0.3097,GO_GOAL
19.76,-1.3529,-1.0011,0.6171,-1.4657,-0.8279,-1.3346,-1.0053,0.3113,GO_GOAL
19.78,-1.3513,-1.0,0.6171,-1.4642,-0.8266,-1.3346,-1.0053,0.3129,GO_GOAL
19.8,-1.3496,-0.9988,0.6171,-1.4627,-0.8253,-1.3346,-1.0053,0.3145,GO_GOAL
19.82,-1.348,-0.9976,0.6171,-1.4612,-0.8239,-1.3281,-1.0007,0.3161,GO_GOAL
19.84,-1.3464,-0.9965,0.6171,-1.4582,-0.8213,-1.3281,-1.0007,0.3177,GO_GOAL
19.86,-1.3447,-0.9953,0.6171,-1.4582,-0.8213,-1.3281,-1.0007,0.3193,GO_GOAL
19.88,-1.3431,-0.9942,0.6171,-1.4567,-0.8199,-1.3281,-1.0007,0.3209,GO_GOAL
19.9,-1.3415,-0.993,0.6171,-1.4552,-0.8186,-1.3281,-1.0007,0.3225,GO_GOAL
19.92,-1.3399,-0.9919,0.6171,-1.4537,-0.8173,-1.32,-0.9949,0.3241,GO_GOAL
19.94,-1.3382,-0.9907,0.6171,-1.4522,-0.816,-1.32,-0.9949,0.3257,GO_GOAL
19.96,-1.3366,-0.9895,0.6171,-1.4508,-0.8146,-1.32,-0.9949,0.3274,GO_GOAL
19.98,-1.335,-0.9884,0.6171,-1.4493,-0.8133,-1.32,-0.9949,0.329,GO_GOAL
20.0,-1.3333,-0.9872,0.6171,-1.4478,-0.812,-1.32,-0.9949,0.3306,GO_GOAL
20.02,-1.3317,-0.9861,0.6171,-1.4463,-0.8106,-1.3118,-0.9891,0.3322,GO_GOAL
20.04,-1.3301,-0.9849,0.6171,-1.4448,-0.8093,-1.3118,-0.9891,0.3338,GO_GOAL
20.06,-1.3284,-0.9838,0.6171,-1.4433,-0.808,-1.3118,-0.9891,0.3355,GO_GOAL
20.08,-1.3268,-0.9826,0.6171,-1.4418,-0.8066,-1.3118,-0.9891,0.3371,GO_GOAL
20.1,-1.3252,-0.9814,0.6171,-1.4403,-0.8053,-1.3118,-0.9891,0.3387,GO_GOAL
20.12,-1.3235,-0.9803,0.6171,-1.4388,-0.804,-1.3036,-0.9833,0.3404,GO_GOAL
20.14,-1.3219,-0.9791,0.6171,-1.4373,-0.8026,-1.3036,-0.9833,0.342,GO_GOAL
20.158,-1.3203,-0.978,0.6171,-1.4358,-0.8013,-1.3036,-0.9833,0.3436,GO_GOAL
20.18,-1.3187,-0.9768,0.6171,-1.4343,-0.8,-1.3036,-0.9833,0.3453,GO_GOAL
20.2,-1.317,-0.9757,0.6171,-1.4313,-0.7973,-1.3036,-0.9833,0.3469,GO_GOAL
20.22,-1.3154,-0.9745,0.6171,-1.4313,-0.7973,-1.2955,-0.9775,0.3486,GO_GOAL
20.24,-1.3138,-0.9733,0.6171,-1.4299,-0.796,-1.2955,-0.9775,0.3502,GO_GOAL
20.26,-1.3121,-0.9722,0.6171,-1.4284,-0.7947,-1.2955,-0.9775,0.3518,GO_GOAL
20.28,-1.3105,-0.971,0.6171,-1.4269,-0.7933,-1.2955,-0.9775,0.3535,GO_GOAL
20.3,-1.3089,-0.9699,0.6171,-1.4239,-0.7907,-1.2873,-0.9718,0.3551,GO_GOAL
20.318,-1.3072,-0.9687,0.6171,-1.4239,-0.7907,-1.2873,-0.9718,0.3568,GO_GOAL
20.34,-1.3056,-0.9676,0.6171,-1.4209,-0.788,-1.2873,-0.9718,0.3584,GO_GOAL
20.36,-1.304,-0.9664,0.6171,-1.4209,-0.788,-1.2873,-0.9718,0.3601,GO_GOAL
20.38,-1.3023,-0.9652,0.6171,-1.4179,-0.7853,-1.2873,-0.9718,0.3618,GO_GOAL
20.4,-1.3007,-0.9641,0.6171,-1.4179,-0.7853,-1.2873,-0.9718,0.3634,GO_GOAL
20.42,-1.2991,-0.9629,0.6171,-1.4164,-0.784,-1.2792,-0.966,0.3651,GO_GOAL
20.44,-1.2974,-0.9618,0.6171,-1.4149,-0.7827,-1.2792,-0.966,0.3667,GO_GOAL
20.46,-1.2958,-0.9606,0.6171,-1.4134,-0.7813,-1.2792,-0.966,0.3684,GO_GOAL
20.48,-1.2942,-0.9594,0.6171,-1.4119,-0.78,-1.2792,-0.966,0.3701,GO_GOAL
20.5,-1.2926,-0.9583,0.6171,-1.4104,-0.7787,-1.271,-0.9602,0.3717,GO_GOAL
20.52,-1.2909,-0.9571,0.6171,-1.409,-0.7774,-1.271,-0.9602,0.3734,GO_GOAL
20.54,-1.2893,-0.956,0.6171,-1.4075,-0.776,-1.271,-0.9602,0.3751,GO_GOAL
20.56,-1.2877,-0.9548,0.6171,-1.406,-0.7747,-1.271,-0.9602,0.3768,GO_GOAL
20.58,-1.286,-0.9537,0.6171,-1.403,-0.772,-1.271,-0.9602,0.3784,GO_GOAL
20.6,-1.2844,-0.9525,0.6171,-1.403,-0.772,-1.271,-0.9602,0.3801,GO_GOAL
20.62,-1.2828,-0.9513,0.6171,-1.4015,-0.7707,-1.2612,-0.9532,0.3818,GO_GOAL
20.64,-1.2811,-0.9502,0.6171,-1.4,-0.7694,-1.2612,-0.9532,0.3835,GO_GOAL
20.66,-1.2795,-0.949,0.6171,-1.3985,-0.768,-1.2612,-0.9532,0.3852,GO_GOAL
20.68,-1.2779,-0.9479,0.6171,-1.397,-0.7667,-1.2612,-0.9532,0.3868,GO_GOAL
20.7,-1.2762,-0.9467,0.6171,-1.3955,-0.7654,-1.2612,-0.9532,0.3885,GO_GOAL
20.72,-1.2746,-0.9456,0.6171,-1.394,-0.764,-1.2547,-0.9486,0.3902,GO_GOAL
20.74,-1.273,-0.9444,0.6171,-1.3925,-0.7627,-1.2547,-0.9486,0.3919,GO_GOAL
20.76,-1.2713,-0.9432,0.6171,-1.3895,-0.76,-1.2547,-0.9486,0.3936,GO_GOAL
20.78,-1.2697,-0.9421,0.6171,-1.3895,-0.76,-1.2547,-0.9486,0.3953,GO_GOAL
20.8,-1.2681,-0.9409,0.6171,-1.3881,-0.7587,-1.2547,-0.9486,0.397,GO_GOAL
20.82,-1.2665,-0.9398,0.6171,-1.3866,-0.7574,-1.2466,-0.9428,0.3987,GO_GOAL
20.84,-1.2648,-0.9386,0.6171,-1.3836,-0.7547,-1.2466,-0.9428,0.4004,GO_GOAL
20.86,-1.2632,-0.9375,0.6171,-1.3836,-0.7547,-1.2466,-0.9428,0.4021,GO_GOAL
20.88,-1.2616,-0.9363,0.6171,-1.3806,-0.7521,-1.2466,-0.9428,0.4038,GO_GOAL
20.9,-1.2599,-0.9351,0.6171,-1.3791,-0.7507,-1.2466,-0.9428,0.4055,GO_GOAL
20.92,-1.2583,-0.934,0.6171,-1.3791,-0.7507,-1.2368,-0.9359,0.4072,GO_GOAL
20.94,-1.2567,-0.9328,0.6171,-1.3776,-0.7494,-1.2368,-0.9359,0.4089,GO_GOAL
20.96,-1.255,-0.9317,0.6171,-1.3761,-0.7481,-1.2368,-0.9359,0.4106,GO_GOAL
20.98,-1.2534,-0.9305,0.6171,-1.3731,-0.7454,-1.2368,-0.9359,0.4123,GO_GOAL
21.0,-1.2518,-0.9294,0.6171,-1.3731,-0.7454,-1.2368,-0.9359,0.414,GO_GOAL
21.02,-1.2501,-0.9282,0.6171,-1.3701,-0.7427,-1.2302,-0.9312,0.4157,GO_GOAL
21.04,-1.2485,-0.927,0.6171,-1.3701,-0.7427,-1.2302,-0.9312,0.4174,GO_GOAL
21.06,-1.2469,-0.9259,0.6171,-1.3686,-0.7414,-1.2302,-0.9312,0.4191,GO_GOAL
21.08,-1.2453,-0.9247,0.6171,-1.3672,-0.7401,-1.2302,-0.9312,0.4209,GO_GOAL
21.1,-1.2436,-0.9236,0.6171,-1.3657,-0.7388,-1.2302,-0.9312,0.4226,GO_GOAL
21.12,-1.242,-0.9224,0.6171,-1.3627,-0.7361,-1.2221,-0.9255,0.4243,GO_GOAL
21.14,-1.2404,-0.9213,0.6171,-1.3627,-0.7361,-1.2221,-0.9255,0.426,GO_GOAL
21.16,-1.2387,-0.9201,0.6171,-1.3612,-0.7348,-1.2221,-0.9255,0.4277,GO_GOAL
21.18,-1.2371,-0.9189,0.6171,-1.3597,-0.7334,-1.2221,-0.9255,0.4295,GO_GOAL
21.2,-1.2355,-0.9178,0.6171,-1.3582,-0.7321,-1.2221,-0.9255,0.4312,GO_GOAL
21.22,-1.2338,-0.9166,0.6171,-1.3567,-0.7308,-1.2139,-0.9197,0.4329,GO_GOAL
21.24,-1.2322,-0.9155,0.6171,-1.3537,-0.7281,-1.2139,-0.9197,0.4346,GO_GOAL
21.26,-1.2306,-0.9143,0.6171,-1.3522,-0.7268,-1.2139,-0.9197,0.4364,GO_GOAL
21.28,-1.2289,-0.9132,0.6171,-1.3522,-0.7268,-1.2139,-0.9197,0.4381,GO_GOAL
21.3,-1.2273,-0.912,0.6171,-1.3507,-0.7254,-1.2139,-0.9197,0.4398,GO_GOAL
21.32,-1.2257,-0.9108,0.6171,-1.3492,-0.7241,-1.2058,-0.9139,0.4416,GO_GOAL
21.34,-1.224,-0.9097,0.6171,-1.3477,-0.7228,-1.2058,-0.9139,0.4433,GO_GOAL
21.36,-1.2224,-0.9085,0.6171,-1.3463,-0.7215,-1.2058,-0.9139,0.445,GO_GOAL
21.38,-1.2208,-0.9074,0.6171,-1.3448,-0.7201,-1.2058,-0.9139,0.4468,GO_GOAL
21.4,-1.2192,-0.9062,0.6171,-1.3433,-0.7188,-1.2058,-0.9139,0.4485,GO_GOAL
21.42,-1.2175,-0.9051,0.6171,-1.3418,-0.7175,-1.1976,-0.9081,0.4502,GO_GOAL
21.44,-1.2159,-0.9039,0.6171,-1.3403,-0.7161,-1.1976,-0.9081,0.4519,GO_GOAL
21.46,-1.2143,-0.9027,0.6171,-1.3388,-0.7148,-1.1976,-0.9081,0.4503,GO_GOAL
21.48,-1.2126,-0.9016,0.6171,-1.3358,-0.7121,-1.1976,-0.9081,0.4486,GO_GOAL
21.5,-1.211,-0.9004,0.6171,-1.3343,-0.7108,-1.1895,-0.9023,0.447,GO_GOAL
21.52,-1.2094,-0.8993,0.6171,-1.3328,-0.7095,-1.1895,-0.9023,0.4454,GO_GOAL
21.54,-1.2077,-0.8981,0.6171,-1.3328,-0.7095,-1.1895,-0.9023,0.4438,GO_GOAL
21.56,-1.2061,-0.897,0.6171,-1.3313,-0.7081,-1.1895,-0.9023,0.4422,GO_GOAL
21.58,-1.2045,-0.8958,0.6171,-1.3298,-0.7068,-1.1895,-0.9023,0.4406,GO_GOAL
21.6,-1.2028,-0.8946,0.6171,-1.3283,-0.7055,-1.1895,-0.9023,0.439,GO_GOAL
21.62,-1.2012,-0.8935,0.6171,-1.3268,-0.7041,-1.1813,-0.8965,0.4374,GO_GOAL
21.64,-1.1996,-0.8923,0.6171,-1.3254,-0.7028,-1.1813,-0.8965,0.4358,GO_GOAL
21.66,-1.1979,-0.8912,0.6171,-1.3239,-0.7015,-1.1813,-0.8965,0.4342,GO_GOAL
21.68,-1.1963,-0.89,0.6171,-1.3209,-0.6988,-1.1813,-0.8965,0.4326,GO_GOAL
21.7,-1.1947,-0.8889,0.6171,-1.3209,-0.6988,-1.1813,-0.8965,0.431,GO_GOAL
21.72,-1.1931,-0.8877,0.6171,-1.3194,-0.6975,-1.1732,-0.8907,0.4294,GO_GOAL
21.74,-1.1914,-0.8865,0.6171,-1.3179,-0.6962,-1.1732,-0.8907,0.4278,GO_GOAL
21.76,-1.1898,-0.8854,0.6171,-1.3164,-0.6948,-1.1732,-0.8907,0.4263,GO_GOAL
21.78,-1.1882,-0.8842,0.6171,-1.3149,-0.6935,-1.1732,-0.8907,0.4247,GO_GOAL
21.8,-1.1865,-0.8831,0.6171,-1.3134,-0.6922,-1.1732,-0.8907,0.4231,GO_GOAL
21.82,-1.1849,-0.8819,0.6171,-1.3119,-0.6908,-1.165,-0.8849,0.4215,GO_GOAL
21.84,-1.1833,-0.8807,0.6171,-1.3104,-0.6895,-1.165,-0.8849,0.4199,GO_GOAL
21.86,-1.1816,-0.8796,0.6171,-1.3089,-0.6882,-1.165,-0.8849,0.4184,GO_GOAL
21.88,-1.18,-0.8784,0.6171,-1.3074,-0.6868,-1.165,-0.8849,0.4168,GO_GOAL
21.9,-1.1784,-0.8773,0.6171,-1.3059,-0.6855,-1.165,-0.8849,0.4152,GO_GOAL
21.92,-1.1767,-0.8761,0.6171,-1.303,-0.6829,-1.1569,-0.8792,0.4136,GO_GOAL
21.94,-1.1751,-0.875,0.6171,-1.303,-0.6829,-1.1569,-0.8792,0.4121,GO_GOAL
21.96,-1.1735,-0.8738,0.6171,-1.3,-0.6802,-1.1569,-0.8792,0.4105,GO_GOAL
21.98,-1.1719,-0.8726,0.6171,-1.3,-0.6802,-1.1569,-0.8792,0.409,GO_GOAL
22.0,-1.1702,-0.8715,0.6171,-1.2985,-0.6789,-1.1569,-0.8792,0.4074,GO_GOAL
22.02,-1.1686,-0.8703,0.6171,-1.297,-0.6775,-1.1487,-0.8734,0.4058,GO_GOAL
22.04,-1.167,-0.8692,0.6171,-1.2955,-0.6762,-1.1487,-0.8734,0.4043,GO_GOAL
22.06,-1.1653,-0.868,0.6171,-1.294,-0.6749,-1.1487,-0.8734,0.4027,GO_GOAL
22.08,-1.1637,-0.8669,0.6171,-1.2925,-0.6735,-1.1487,-0.8734,0.4012,GO_GOAL
22.1,-1.1621,-0.8657,0.6171,-1.291,-0.6722,-1.1487,-0.8734,0.3996,GO_GOAL
22.12,-1.1604,-0.8645,0.6171,-1.2895,-0.6709,-1.1405,-0.8676,0.3981,GO_GOAL
22.14,-1.1588,-0.8634,0.6171,-1.288,-0.6695,-1.1405,-0.8676,0.3965,GO_GOAL
22.16,-1.1572,-0.8622,0.6171,-1.2865,-0.6682,-1.1405,-0.8676,0.395,GO_GOAL
22.18,-1.1555,-0.8611,0.6171,-1.285,-0.6669,-1.1405,-0.8676,0.3934,GO_GOAL
22.2,-1.1539,-0.8599,0.6171,-1.2836,-0.6655,-1.1405,-0.8676,0.3919,GO_GOAL
22.22,-1.1523,-0.8588,0.6171,-1.2821,-0.6642,-1.1324,-0.8618,0.3904,GO_GOAL
22.24,-1.1506,-0.8576,0.6171,-1.2806,-0.6629,-1.1324,-0.8618,0.3888,GO_GOAL
22.26,-1.149,-0.8564,0.6171,-1.2791,-0.6616,-1.1324,-0.8618,0.3873,GO_GOAL
22.28,-1.1474,-0.8553,0.6171,-1.2776,-0.6602,-1.1324,-0.8618,0.3858,GO_GOAL
22.3,-1.1458,-0.8541,0.6171,-1.2746,-0.6576,-1.1324,-0.8618,0.3843,GO_GOAL
22.32,-1.1441,-0.853,0.6171,-1.2746,-0.6576,-1.1242,-0.856,0.3827,GO_GOAL
22.34,-1.1425,-0.8518,0.6171,-1.2731,-0.6562,-1.1242,-0.856,0.3812,GO_GOAL
22.36,-1.1409,-0.8507,0.6171,-1.2701,-0.6536,-1.1242,-0.856,0.3797,GO_GOAL
22.38,-1.1392,-0.8495,0.6171,-1.2686,-0.6522,-1.1242,-0.856,0.3782,GO_GOAL
22.4,-1.1376,-0.8483,0.6171,-1.2686,-0.6522,-1.1242,-0.856,0.3767,GO_GOAL
22.42,-1.136,-0.8472,0.6171,-1.2671,-0.6509,-1.1161,-0.8502,0.3751,GO_GOAL
22.44,-1.1343,-0.846,0.6171,-1.2656,-0.6496,-1.1161,-0.8502,0.3736,GO_GOAL
22.46,-1.1327,-0.8449,0.6171,-1.2642,-0.6482,-1.1161,-0.8502,0.3721,GO_GOAL
22.48,-1.1311,-0.8437,0.6171,-1.2627,-0.6469,-1.1161,-0.8502,0.3706,GO_GOAL
22.5,-1.1294,-0.8426,0.6171,-1.2612,-0.6456,-1.1161,-0.8502,0.3691,GO_GOAL
22.52,-1.1278,-0.8414,0.6171,-1.2597,-0.6443,-1.1079,-0.8444,0.3676,GO_GOAL
22.54,-1.1262,-0.8402,0.6171,-1.2582,-0.6429,-1.1079,-0.8444,0.3661,GO_GOAL
22.56,-1.1245,-0.8391,0.6171,-1.2567,-0.6416,-1.1079,-0.8444,0.3646,GO_GOAL
22.58,-1.1229,-0.8379,0.6171,-1.2552,-0.6403,-1.1079,-0.8444,0.3631,GO_GOAL
22.6,-1.1213,-0.8368,0.6171,-1.2537,-0.6389,-1.1079,-0.8444,0.3617,GO_GOAL
22.62,-1.1197,-0.8356,0.6171,-1.2522,-0.6376,-1.0998,-0.8386,0.3602,GO_GOAL
22.64,-1.118,-0.8345,0.6171,-1.2507,-0.6363,-1.0998,-0.8386,0.3587,GO_GOAL
22.66,-1.1164,-0.8333,0.6171,-1.2492,-0.6349,-1.0998,-0.8386,0.3572,GO_GOAL
22.68,-1.1148,-0.8321,0.6171,-1.2477,-0.6336,-1.0998,-0.8386,0.3557,GO_GOAL
22.7,-1.1131,-0.831,0.6171,-1.2462,-0.6323,-1.0998,-0.8386,0.3543,GO_GOAL
22.72,-1.1115,-0.8298,0.6171,-1.2447,-0.6309,-1.0916,-0.8328,0.3528,GO_GOAL
22.74,-1.1099,-0.8287,0.6171,-1.2433,-0.6296,-1.0916,-0.8328,0.3513,GO_GOAL
22.76,-1.1082,-0.8275,0.6171,-1.2418,-0.6283,-1.0916,-0.8328,0.3498,GO_GOAL
22.78,-1.1066,-0.8264,0.6171,-1.2403,-0.627,-1.0916,-0.8328,0.3484,GO_GOAL
22.8,-1.105,-0.8252,0.6171,-1.2388,-0.6256,-1.0916,-0.8328,0.3469,GO_GOAL
22.82,-1.1033,-0.824,0.6171,-1.2373,-0.6243,-1.0835,-0.8271,0.3455,GO_GOAL
22.84,-1.1017,-0.8229,0.6171,-1.2358,-0.623,-1.0835,-0.8271,0.344,GO_GOAL
22.86,-1.1001,-0.8217,0.6171,-1.2343,-0.6216,-1.0835,-0.8271,0.3426,GO_GOAL
22.88,-1.0985,-0.8206,0.6171,-1.2328,-0.6203,-1.0835,-0.8271,0.3411,GO_GOAL
22.9,-1.0968,-0.8194,0.6171,-1.2313,-0.619,-1.0835,-0.8271,0.3397,GO_GOAL
22.92,-1.0952,-0.8183,0.6171,-1.2298,-0.6176,-1.0753,-0.8213,0.3382,GO_GOAL
22.94,-1.0936,-0.8171,0.6171,-1.2283,-0.6163,-1.0753,-0.8213,0.3368,GO_GOAL
22.96,-1.0919,-0.8159,0.6171,-1.2268,-0.615,-1.0753,-0.8213,0.3353,GO_GOAL
22.98,-1.0903,-0.8148,0.6171,-1.2253,-0.6136,-1.0753,-0.8213,0.3339,GO_GOAL
23.0,-1.0887,-0.8136,0.6171,-1.2238,-0.6123,-1.0753,-0.8213,0.3325,GO_GOAL
23.02,-1.087,-0.8125,0.6171,-1.2224,-0.611,-1.0671,-0.8155,0.331,GO_GOAL
23.04,-1.0854,-0.8113,0.6171,-1.2209,-0.6096,-1.0671,-0.8155,0.3296,GO_GOAL
23.06,-1.0838,-0.8102,0.6171,-1.2194,-0.6083,-1.0671,-0.8155,0.3282,GO_GOAL
23.08,-1.0821,-0.809,0.6171,-1.2179,-0.607,-1.0671,-0.8155,0.3268,GO_GOAL
23.1,-1.0805,-0.8078,0.6171,-1.2149,-0.6043,-1.0671,-0.8155,0.3254,GO_GOAL
23.12,-1.0789,-0.8067,0.6171,-1.2134,-0.603,-1.059,-0.8097,0.3239,GO_GOAL
23.14,-1.0772,-0.8055,0.6171,-1.2134,-0.603,-1.059,-0.8097,0.3225,GO_GOAL
23.16,-1.0756,-0.8044,0.6171,-1.2119,-0.6017,-1.059,-0.8097,0.3211,GO_GOAL
23.18,-1.074,-0.8032,0.6171,-1.2104,-0.6003,-1.059,-0.8097,0.3197,GO_GOAL
23.2,-1.0724,-0.802,0.6171,-1.2074,-0.5977,-1.059,-0.8097,0.3183,GO_GOAL
23.22,-1.0707,-0.8009,0.6171,-1.2074,-0.5977,-1.0508,-0.8039,0.3169,GO_GOAL
23.24,-1.0691,-0.7997,0.6171,-1.2059,-0.5963,-1.0508,-0.8039,0.3155,GO_GOAL
23.26,-1.0675,-0.7986,0.6171,-1.2029,-0.5937,-1.0508,-0.8039,0.3141,GO_GOAL
23.28,-1.0658,-0.7974,0.6171,-1.2015,-0.5923,-1.0508,-0.8039,0.3128,GO_GOAL
23.3,-1.0642,-0.7963,0.6171,-1.2015,-0.5923,-1.0508,-0.8039,0.3114,GO_GOAL
23.32,-1.0626,-0.7951,0.6171,-1.2,-0.591,-1.0427,-0.7981,0.31,GO_GOAL
23.34,-1.0609,-0.7939,0.6171,-1.197,-0.5884,-1.0427,-0.7981,0.3086,GO_GOAL
23.36,-1.0593,-0.7928,0.6171,-1.197,-0.5884,-1.0427,-0.7981,0.3072,GO_GOAL
23.38,-1.0577,-0.7916,0.6171,-1.1955,-0.587,-1.0427,-0.7981,0.3059,GO_GOAL
23.4,-1.056,-0.7905,0.6171,-1.194,-0.5857,-1.0427,-0.7981,0.3045,GO_GOAL
23.42,-1.0544,-0.7893,0.6171,-1.1925,-0.5844,-1.0345,-0.7923,0.3031,GO_GOAL
23.44,-1.0528,-0.7882,0.6171,-1.191,-0.583,-1.0345,-0.7923,0.3018,GO_GOAL
23.46,-1.0511,-0.787,0.6171,-1.1895,-0.5817,-1.0345,-0.7923,0.3004,GO_GOAL
23.48,-1.0495,-0.7858,0.6171,-1.1865,-0.579,-1.0345,-0.7923,0.2991,GO_GOAL
23.5,-1.0479,-0.7847,0.6171,-1.1865,-0.579,-1.0264,-0.7865,0.2977,GO_GOAL
23.52,-1.0463,-0.7835,0.6171,-1.185,-0.5777,-1.0264,-0.7865,0.2964,GO_GOAL
23.54,-1.0446,-0.7824,0.6171,-1.1835,-0.5764,-1.0264,-0.7865,0.295,GO_GOAL
23.56,-1.043,-0.7812,0.6171,-1.182,-0.575,-1.0264,-0.7865,0.2937,GO_GOAL
23.58,-1.0414,-0.7801,0.6171,-1.1806,-0.5737,-1.0264,-0.7865,0.2924,GO_GOAL
23.6,-1.0397,-0.7789,0.6171,-1.1791,-0.5724,-1.0264,-0.7865,0.291,GO_GOAL
23.62,-1.0381,-0.7777,0.6171,-1.1776,-0.571,-1.0182,-0.7808,0.2897,GO_GOAL
23.64,-1.0365,-0.7766,0.6171,-1.1761,-0.5697,-1.0182,-0.7808,0.2884,GO_GOAL
23.66,-1.0348,-0.7754,0.6171,-1.1746,-0.5684,-1.0182,-0.7808,0.2871,GO_GOAL
23.68,-1.0332,-0.7743,0.6171,-1.1731,-0.5671,-1.0182,-0.7808,0.2857,GO_GOAL
23.7,-1.0316,-0.7731,0.6171,-1.1716,-0.5657,-1.0182,-0.7808,0.2844,GO_GOAL
23.72,-1.0299,-0.772,0.6171,-1.1701,-0.5644,-1.0101,-0.775,0.2831,GO_GOAL
23.74,-1.0283,-0.7708,0.6171,-1.1686,-0.5631,-1.0101,-0.775,0.2818,GO_GOAL
23.76,-1.0267,-0.7696,0.6171,-1.1671,-0.5617,-1.0101,-0.775,0.2805,GO_GOAL
23.78,-1.0251,-0.7685,0.6171,-1.1641,-0.5591,-1.0101,-0.775,0.2792,GO_GOAL
23.8,-1.0234,-0.7673,0.6171,-1.1641,-0.5591,-1.0101,-0.775,0.2779,GO_GOAL
23.82,-1.0218,-0.7662,0.6171,-1.1626,-0.5577,-1.0019,-0.7692,0.2766,GO_GOAL
23.84,-1.0202,-0.765,0.6171,-1.1611,-0.5564,-1.0019,-0.7692,0.2754,GO_GOAL
23.86,-1.0185,-0.7639,0.6171,-1.1597,-0.5551,-1.0019,-0.7692,0.2741,GO_GOAL
23.88,-1.0169,-0.7627,0.6171,-1.1567,-0.5524,-1.0019,-0.7692,0.2728,GO_GOAL
23.9,-1.0153,-0.7615,0.6171,-1.1567,-0.5524,-1.0019,-0.7692,0.2715,GO_GOAL
23.92,-1.0136,-0.7604,0.6171,-1.1537,-0.5498,-0.9938,-0.7634,0.2703,GO_GOAL
23.94,-1.012,-0.7592,0.6171,-1.1522,-0.5484,-0.9938,-0.7634,0.269,GO_GOAL
23.96,-1.0104,-0.7581,0.6171,-1.1522,-0.5484,-0.9938,-0.7634,0.2677,GO_GOAL
23.98,-1.0087,-0.7569,0.6171,-1.1507,-0.5471,-0.9938,-0.7634,0.2665,GO_GOAL
24.0,-1.0071,-0.7558,0.6171,-1.1477,-0.5444,-0.9856,-0.7576,0.2652,GO_GOAL
24.02,-1.0055,-0.7546,0.6171,-1.1477,-0.5444,-0.9856,-0.7576,0.264,GO_GOAL
24.04,-1.0038,-0.7534,0.6171,-1.1462,-0.5431,-0.9856,-0.7576,0.2627,GO_GOAL
24.06,-1.0022,-0.7523,0.6171,-1.1447,-0.5418,-0.9856,-0.7576,0.2615,GO_GOAL
24.08,-1.0006,-0.7511,0.6171,-1.1432,-0.5404,-0.9856,-0.7576,0.2603,GO_GOAL
24.1,-0.999,-0.75,0.6171,-1.1402,-0.5378,-0.9856,-0.7576,0.259,GO_GOAL
24.12,-0.9973,-0.7488,0.6171,-1.1402,-0.5378,-0.9774,-0.7518,0.2578,GO_GOAL
24.14,-0.9957,-0.7477,0.6171,-1.1388,-0.5364,-0.9774,-0.7518,0.2566,GO_GOAL
24.16,-0.9941,-0.7465,0.6171,-1.1373,-0.5351,-0.9774,-0.7518,0.2554,GO_GOAL
24.18,-0.9924,-0.7453,0.6171,-1.1358,-0.5338,-0.9774,-0.7518,0.2542,GO_GOAL
24.2,-0.9908,-0.7442,0.6171,-1.1343,-0.5325,-0.9774,-0.7518,0.253,GO_GOAL
24.22,-0.9892,-0.743,0.6171,-1.1328,-0.5311,-0.9693,-0.746,0.2517,GO_GOAL
24.24,-0.9875,-0.7419,0.6171,-1.1313,-0.5298,-0.9693,-0.746,0.2506,GO_GOAL
24.26,-0.9859,-0.7407,0.6171,-1.1298,-0.5285,-0.9693,-0.746,0.2494,GO_GOAL
24.28,-0.9843,-0.7396,0.6171,-1.1283,-0.5271,-0.9693,-0.746,0.2482,GO_GOAL
24.3,-0.9826,-0.7384,0.6171,-1.1268,-0.5258,-0.9693,-0.746,0.247,GO_GOAL
24.32,-0.981,-0.7372,0.6171,-1.1253,-0.5245,-0.9611,-0.7402,0.2458,GO_GOAL
24.34,-0.9794,-0.7361,0.6171,-1.1238,-0.5231,-0.9611,-0.7402,0.2446,GO_GOAL
24.36,-0.9777,-0.7349,0.6171,-1.1223,-0.5218,-0.9611,-0.7402,0.2435,GO_GOAL
24.38,-0.9761,-0.7338,0.6171,-1.1208,-0.5205,-0.9611,-0.7402,0.2423,GO_GOAL
24.4,-0.9745,-0.7326,0.6171,-1.1193,-0.5191,-0.9611,-0.7402,0.2411,GO_GOAL
24.42,-0.9729,-0.7315,0.6171,-1.1179,-0.5178,-0.953,-0.7345,0.24,GO_GOAL
24.44,-0.9712,-0.7303,0.6171,-1.1149,-0.5151,-0.953,-0.7345,0.2388,GO_GOAL
24.46,-0.9696,-0.7291,0.6171,-1.1149,-0.5151,-0.953,-0.7345,0.2377,GO_GOAL
24.48,-0.968,-0.728,0.6171,-1.1134,-0.5138,-0.953,-0.7345,0.2365,GO_GOAL
24.5,-0.9663,-0.7268,0.6171,-1.1119,-0.5125,-0.9448,-0.7287,0.2354,GO_GOAL
24.52,-0.9647,-0.7257,0.6171,-1.1104,-0.5112,-0.9448,-0.7287,0.2343,GO_GOAL
24.54,-0.9631,-0.7245,0.6171,-1.1074,-0.5085,-0.9448,-0.7287,0.2331,GO_GOAL
24.56,-0.9614,-0.7234,0.6171,-1.1074,-0.5085,-0.9448,-0.7287,0.232,GO_GOAL
24.58,-0.9598,-0.7222,0.6171,-1.1059,-0.5072,-0.9448,-0.7287,0.2309,GO_GOAL
24.6,-0.9582,-0.721,0.6171,-1.1044,-0.5058,-0.9448,-0.7287,0.2298,GO_GOAL
24.62,-0.9565,-0.7199,0.6171,-1.1029,-0.5045,-0.9367,-0.7229,0.2287,GO_GOAL
24.64,-0.9549,-0.7187,0.6171,-1.1014,-0.5032,-0.9367,-0.7229,0.2276,GO_GOAL
24.66,-0.9533,-0.7176,0.6171,-1.0999,-0.5018,-0.9367,-0.7229,0.2265,GO_GOAL
24.68,-0.9516,-0.7164,0.6171,-1.097,-0.4992,-0.9367,-0.7229,0.2254,GO_GOAL
24.7,-0.95,-0.7152,0.6171,-1.097,-0.4992,-0.9367,-0.7229,0.2243,GO_GOAL
24.72,-0.9484,-0.7141,0.6171,-1.0955,-0.4978,-0.9285,-0.7171,0.2232,GO_GOAL
24.74,-0.9468,-0.7129,0.6171,-1.094,-0.4965,-0.9285,-0.7171,0.2221,GO_GOAL
24.76,-0.9451,-0.7118,0.6171,-1.0925,-0.4952,-0.9285,-0.7171,0.2211,GO_GOAL
24.78,-0.9435,-0.7106,0.6171,-1.0895,-0.4925,-0.9285,-0.7171,0.22,GO_GOAL
24.8,-0.9419,-0.7095,0.6171,-1.0895,-0.4925,-0.9285,-0.7171,0.219,GO_GOAL
24.82,-0.9402,-0.7083,0.6171,-1.088,-0.4912,-0.9204,-0.7113,0.2179,GO_GOAL
24.84,-0.9386,-0.7071,0.6171,-1.0865,-0.4899,-0.9204,-0.7113,0.2168,GO_GOAL
24.86,-0.937,-0.706,0.6171,-1.085,-0.4885,-0.9204,-0.7113,0.2158,GO_GOAL
24.88,-0.9353,-0.7048,0.6171,-1.0835,-0.4872,-0.9204,-0.7113,0.2148,GO_GOAL
24.9,-0.9337,-0.7037,0.6171,-1.082,-0.4859,-0.9204,-0.7113,0.2137,GO_GOAL
24.92,-0.9321,-0.7025,0.6171,-1.0805,-0.4845,-0.9122,-0.7055,0.2127,GO_GOAL
24.94,-0.9304,-0.7014,0.6171,-1.0775,-0.4819,-0.9122,-0.7055,0.2117,GO_GOAL
24.96,-0.9288,-0.7002,0.6171,-1.0775,-0.4819,-0.9122,-0.7055,0.2107,GO_GOAL
24.98,-0.9272,-0.699,0.6171,-1.0761,-0.4805,-0.9122,-0.7055,0.2097,GO_GOAL
25.0,-0.9256,-0.6979,0.6171,-1.0746,-0.4792,-0.9122,-0.7055,0.2087,GO_GOAL
25.02,-0.9239,-0.6967,0.6171,-1.0731,-0.4779,-0.9024,-0.6986,0.2077,GO_GOAL
25.04,-0.9223,-0.6956,0.6171,-1.0716,-0.4766,-0.9024,-0.6986,0.2067,GO_GOAL
25.06,-0.9207,-0.6944,0.6171,-1.0686,-0.4739,-0.9024,-0.6986,0.2057,GO_GOAL
25.08,-0.919,-0.6933,0.6171,-1.0686,-0.4739,-0.9024,-0.6986,0.2047,GO_GOAL
25.1,-0.9174,-0.6921,0.6171,-1.0671,-0.4726,-0.9024,-0.6986,0.2037,GO_GOAL
25.12,-0.9158,-0.6909,0.6171,-1.0656,-0.4712,-0.8959,-0.6939,0.2028,GO_GOAL
25.14,-0.9141,-0.6898,0.6171,-1.0641,-0.4699,-0.8959,-0.6939,0.2018,GO_GOAL
25.16,-0.9125,-0.6886,0.6171,-1.0626,-0.4686,-0.8959,-0.6939,0.2009,GO_GOAL
25.18,-0.9109,-0.6875,0.6171,-1.0611,-0.4672,-0.8959,-0.6939,0.1999,GO_GOAL
25.2,-0.9092,-0.6863,0.6171,-1.0581,-0.4646,-0.8877,-0.6882,0.199,GO_GOAL
25.22,-0.9076,-0.6852,0.6171,-1.0581,-0.4646,-0.8877,-0.6882,0.198,GO_GOAL
25.24,-0.906,-0.684,0.6171,-1.0566,-0.4632,-0.8877,-0.6882,0.1971,GO_GOAL
25.26,-0.9043,-0.6828,0.6171,-1.0552,-0.4619,-0.8877,-0.6882,0.1962,GO_GOAL
25.28,-0.9027,-0.6817,0.6171,-1.0537,-0.4606,-0.8877,-0.6882,0.1952,GO_GOAL
25.3,-0.9011,-0.6805,0.6171,-1.0522,-0.4592,-0.8877,-0.6882,0.1943,GO_GOAL
25.32,-0.8995,-0.6794,0.6171,-1.0507,-0.4579,-0.8796,-0.6824,0.1934,GO_GOAL
25.34,-0.8978,-0.6782,0.6171,-1.0492,-0.4566,-0.8796,-0.6824,0.1925,GO_GOAL
25.36,-0.8962,-0.6771,0.6171,-1.0477,-0.4553,-0.8796,-0.6824,0.1916,GO_GOAL
25.38,-0.8946,-0.6759,0.6171,-1.0462,-0.4539,-0.8796,-0.6824,0.1907,GO_GOAL
25.4,-0.8929,-0.6747,0.6171,-1.0447,-0.4526,-0.8796,-0.6824,0.1899,GO_GOAL
25.42,-0.8913,-0.6736,0.6171,-1.0432,-0.4513,-0.8714,-0.6766,0.189,GO_GOAL
25.44,-0.8897,-0.6724,0.6171,-1.0402,-0.4486,-0.8714,-0.6766,0.1881,GO_GOAL
25.46,-0.888,-0.6713,0.6171,-1.0402,-0.4486,-0.8714,-0.6766,0.1873,GO_GOAL
25.48,-0.8864,-0.6701,0.6171,-1.0387,-0.4473,-0.8714,-0.6766,0.1864,GO_GOAL
25.5,-0.8848,-0.669,0.6171,-1.0372,-0.4459,-0.8714,-0.6766,0.1856,GO_GOAL
25.52,-0.8831,-0.6678,0.6171,-1.0357,-0.4446,-0.8633,-0.6708,0.1847,GO_GOAL
25.54,-0.8815,-0.6666,0.6171,-1.0343,-0.4433,-0.8633,-0.6708,0.1839,GO_GOAL
25.56,-0.8799,-0.6655,0.6171,-1.0328,-0.4419,-0.8633,-0.6708,0.183,GO_GOAL
25.58,-0.8782,-0.6643,0.6171,-1.0313,-0.4406,-0.8633,-0.6708,0.1822,GO_GOAL
25.6,-0.8766,-0.6632,0.6171,-1.0298,-0.4393,-0.8633,-0.6708,0.1814,GO_GOAL
25.62,-0.875,-0.662,0.6171,-1.0283,-0.438,-0.8551,-0.665,0.1806,GO_GOAL
25.64,-0.8734,-0.6609,0.6171,-1.0268,-0.4366,-0.8551,-0.665,0.1798,GO_GOAL
25.66,-0.8717,-0.6597,0.6171,-1.0253,-0.4353,-0.8551,-0.665,0.179,GO_GOAL
25.68,-0.8701,-0.6585,0.6171,-1.0238,-0.434,-0.8551,-0.665,0.1782,GO_GOAL
25.7,-0.8685,-0.6574,0.6171,-1.0223,-0.4326,-0.8551,-0.665,0.1774,GO_GOAL
25.72,-0.8668,-0.6562,0.6171,-1.0208,-0.4313,-0.8453,-0.6581,0.1767,GO_GOAL
25.74,-0.8652,-0.6551,0.6171,-1.0178,-0.4286,-0.8453,-0.6581,0.1759,GO_GOAL
25.76,-0.8636,-0.6539,0.6171,-1.0163,-0.4273,-0.8453,-0.6581,0.1751,GO_GOAL
25.78,-0.8619,-0.6528,0.6171,-1.0148,-0.426,-0.8453,-0.6581,0.1744,GO_GOAL
25.8,-0.8603,-0.6516,0.6171,-1.0148,-0.426,-0.8453,-0.6581,0.1736,GO_GOAL
25.82,-0.8587,-0.6504,0.6171,-1.0134,-0.4246,-0.8388,-0.6534,0.1729,GO_GOAL
25.84,-0.857,-0.6493,0.6171,-1.0119,-0.4233,-0.8388,-0.6534,0.1722,GO_GOAL
25.86,-0.8554,-0.6481,0.6171,-1.0104,-0.422,-0.8388,-0.6534,0.1714,GO_GOAL
25.88,-0.8538,-0.647,0.6171,-1.0089,-0.4206,-0.8388,-0.6534,0.1707,GO_GOAL
25.9,-0.8522,-0.6458,0.6171,-1.0074,-0.4193,-0.8388,-0.6534,0.17,GO_GOAL
25.92,-0.8505,-0.6447,0.6171,-1.0059,-0.418,-0.8307,-0.6476,0.1693,GO_GOAL
25.94,-0.8489,-0.6435,0.6171,-1.0044,-0.4167,-0.8307,-0.6476,0.1686,GO_GOAL
25.96,-0.8473,-0.6423,0.6171,-1.0029,-0.4153,-0.8307,-0.6476,0.1679,GO_GOAL
25.98,-0.8456,-0.6412,0.6171,-1.0014,-0.414,-0.8307,-0.6476,0.1673,GO_GOAL
26.0,-0.844,-0.64,0.6171,-0.9999,-0.4127,-0.8307,-0.6476,0.1666,GO_GOAL
26.02,-0.8424,-0.6389,0.6171,-0.9984,-0.4113,-0.8225,-0.6419,0.1659,GO_GOAL
26.04,-0.8407,-0.6377,0.6171,-0.9969,-0.41,-0.8225,-0.6419,0.1653,GO_GOAL
26.06,-0.8391,-0.6365,0.6171,-0.9954,-0.4087,-0.8225,-0.6419,0.1646,GO_GOAL
26.08,-0.8375,-0.6354,0.6171,-0.994,-0.4073,-0.8225,-0.6419,0.164,GO_GOAL
26.1,-0.8358,-0.6342,0.6171,-0.9925,-0.406,-0.8225,-0.6419,0.1633,GO_GOAL
26.12,-0.8342,-0.6331,0.6171,-0.9895,-0.4033,-0.8143,-0.6361,0.1627,GO_GOAL
26.14,-0.8326,-0.6319,0.6171,-0.9895,-0.4033,-0.8143,-0.6361,0.1621,GO_GOAL
26.16,-0.8309,-0.6308,0.6171,-0.9865,-0.4007,-0.8143,-0.6361,0.1615,GO_GOAL
26.18,-0.8293,-0.6296,0.6171,-0.9865,-0.4007,-0.8143,-0.6361,0.1609,GO_GOAL
26.2,-0.8277,-0.6284,0.6171,-0.985,-0.3994,-0.8143,-0.6361,0.1603,GO_GOAL
26.22,-0.8261,-0.6273,0.6171,-0.982,-0.3967,-0.8046,-0.6291,0.1597,GO_GOAL
26.24,-0.8244,-0.6261,0.6171,-0.982,-0.3967,-0.8046,-0.6291,0.1591,GO_GOAL
26.26,-0.8228,-0.625,0.6171,-0.9805,-0.3954,-0.8046,-0.6291,0.1585,GO_GOAL
26.28,-0.8212,-0.6238,0.6171,-0.979,-0.394,-0.8046,-0.6291,0.158,GO_GOAL
26.3,-0.8195,-0.6227,0.6171,-0.9775,-0.3927,-0.8046,-0.6291,0.1574,GO_GOAL
26.32,-0.8179,-0.6215,0.6171,-0.976,-0.3914,-0.798,-0.6245,0.1569,GO_GOAL
26.34,-0.8163,-0.6203,0.6171,-0.9731,-0.3887,-0.798,-0.6245,0.1563,GO_GOAL
26.36,-0.8146,-0.6192,0.6171,-0.9731,-0.3887,-0.798,-0.6245,0.1558,GO_GOAL
26.38,-0.813,-0.618,0.6171,-0.9716,-0.3874,-0.798,-0.6245,0.1553,GO_GOAL
26.4,-0.8114,-0.6169,0.6171,-0.9701,-0.386,-0.798,-0.6245,0.1547,GO_GOAL
26.42,-0.8097,-0.6157,0.6171,-0.9671,-0.3834,-0.7899,-0.6187,0.1542,GO_GOAL
26.44,-0.8081,-0.6146,0.6171,-0.9656,-0.3821,-0.7899,-0.6187,0.1537,GO_GOAL
26.46,-0.8065,-0.6134,0.6171,-0.9656,-0.3821,-0.7899,-0.6187,0.1532,GO_GOAL
26.48,-0.8048,-0.6122,0.6171,-0.9641,-0.3807,-0.7899,-0.6187,0.1527,GO_GOAL
26.5,-0.8032,-0.6111,0.6171,-0.9626,-0.3794,-0.7899,-0.6187,0.1523,GO_GOAL
26.52,-0.8016,-0.6099,0.6171,-0.9596,-0.3767,-0.7817,-0.6129,0.1518,GO_GOAL
26.54,-0.8,-0.6088,0.6171,-0.9581,-0.3754,-0.7817,-0.6129,0.1513,GO_GOAL
26.56,-0.7983,-0.6076,0.6171,-0.9581,-0.3754,-0.7817,-0.6129,0.1509,GO_GOAL
26.58,-0.7967,-0.6065,0.6171,-0.9551,-0.3727,-0.7817,-0.6129,0.1504,GO_GOAL
26.6,-0.7951,-0.6053,0.6171,-0.9551,-0.3727,-0.7817,-0.6129,0.15,GO_GOAL
26.62,-0.7934,-0.6041,0.6171,-0.9536,-0.3714,-0.7736,-0.6071,0.1496,GO_GOAL
26.64,-0.7918,-0.603,0.6171,-0.9522,-0.3701,-0.7736,-0.6071,0.1492,GO_GOAL
26.66,-0.7902,-0.6018,0.6171,-0.9492,-0.3674,-0.7736,-0.6071,0.1487,GO_GOAL
26.68,-0.7885,-0.6007,0.6171,-0.9492,-0.3674,-0.7736,-0.6071,0.1483,GO_GOAL
26.7,-0.7869,-0.5995,0.6171,-0.9462,-0.3647,-0.7654,-0.6013,0.1479,GO_GOAL
26.72,-0.7853,-0.5984,0.6171,-0.9447,-0.3634,-0.7654,-0.6013,0.1476,GO_GOAL
26.74,-0.7836,-0.5972,0.6171,-0.9432,-0.3621,-0.7654,-0.6013,0.1472,GO_GOAL
26.76,-0.782,-0.596,0.6171,-0.9417,-0.3608,-0.7654,-0.6013,0.1468,GO_GOAL
26.78,-0.7804,-0.5949,0.6171,-0.9417,-0.3608,-0.7654,-0.6013,0.1465,GO_GOAL
26.8,-0.7788,-0.5937,0.6171,-0.9402,-0.3594,-0.7654,-0.6013,0.1461,GO_GOAL
26.82,-0.7771,-0.5926,0.6171,-0.9387,-0.3581,-0.7556,-0.5944,0.1458,GO_GOAL
26.84,-0.7755,-0.5914,0.6171,-0.9372,-0.3568,-0.7556,-0.5944,0.1454,GO_GOAL
26.86,-0.7739,-0.5903,0.6171,-0.9357,-0.3554,-0.7556,-0.5944,0.1451,GO_GOAL
26.88,-0.7722,-0.5891,0.6171,-0.9327,-0.3528,-0.7556,-0.5944,0.1448,GO_GOAL
26.9,-0.7706,-0.5879,0.6171,-0.9327,-0.3528,-0.7556,-0.5944,0.1445,GO_GOAL
26.92,-0.769,-0.5868,0.6171,-0.9313,-0.3514,-0.7491,-0.5898,0.1442,GO_GOAL
26.94,-0.7673,-0.5856,0.6171,-0.9298,-0.3501,-0.7491,-0.5898,0.1439,GO_GOAL
26.96,-0.7657,-0.5845,0.6171,-0.9283,-0.3488,-0.7491,-0.5898,0.1436,GO_GOAL
26.98,-0.7641,-0.5833,0.6171,-0.9268,-0.3474,-0.7491,-0.5898,0.1433,GO_GOAL
27.0,-0.7624,-0.5822,0.6171,-0.9253,-0.3461,-0.7491,-0.5898,0.143,GO_GOAL
27.02,-0.7608,-0.581,0.6171,-0.9238,-0.3448,-0.7393,-0.5828,0.1428,GO_GOAL
27.04,-0.7592,-0.5798,0.6171,-0.9223,-0.3435,-0.7393,-0.5828,0.1425,GO_GOAL
27.06,-0.7575,-0.5787,0.6171,-0.9193,-0.3408,-0.7393,-0.5828,0.1423,GO_GOAL
27.08,-0.7559,-0.5775,0.6171,-0.9193,-0.3408,-0.7393,-0.5828,0.1421,GO_GOAL
27.1,-0.7543,-0.5764,0.6171,-0.9178,-0.3395,-0.7393,-0.5828,0.1418,GO_GOAL
27.12,-0.7527,-0.5752,0.6171,-0.9163,-0.3381,-0.7328,-0.5782,0.1416,GO_GOAL
27.14,-0.751,-0.5741,0.6171,-0.9148,-0.3368,-0.7328,-0.5782,0.1414,GO_GOAL
27.16,-0.7494,-0.5729,0.6171,-0.9133,-0.3355,-0.7328,-0.5782,0.1412,GO_GOAL
27.18,-0.7478,-0.5717,0.6171,-0.9118,-0.3341,-0.7328,-0.5782,0.141,GO_GOAL
27.2,-0.7461,-0.5706,0.6171,-0.9104,-0.3328,-0.7328,-0.5782,0.1409,GO_GOAL
27.22,-0.7445,-0.5694,0.6171,-0.9089,-0.3315,-0.7246,-0.5724,0.1407,GO_GOAL
27.24,-0.7429,-0.5683,0.6171,-0.9074,-0.3301,-0.7246,-0.5724,0.1405,GO_GOAL
27.26,-0.7412,-0.5671,0.6171,-0.9059,-0.3288,-0.7246,-0.5724,0.1404,GO_GOAL
27.28,-0.7396,-0.566,0.6171,-0.9044,-0.3275,-0.7246,-0.5724,0.1402,GO_GOAL
27.3,-0.738,-0.5648,0.6171,-0.9029,-0.3261,-0.7246,-0.5724,0.1401,GO_GOAL
27.32,-0.7363,-0.5636,0.6171,-0.9014,-0.3248,-0.7165,-0.5666,0.14,GO_GOAL
27.34,-0.7347,-0.5625,0.6171,-0.8999,-0.3235,-0.7165,-0.5666,0.1399,GO_GOAL
27.36,-0.7331,-0.5613,0.6171,-0.8984,-0.3222,-0.7165,-0.5666,0.1397,GO_GOAL
27.38,-0.7314,-0.5602,0.6171,-0.8954,-0.3195,-0.7165,-0.5666,0.1396,GO_GOAL
27.4,-0.7298,-0.559,0.6171,-0.8954,-0.3195,-0.7165,-0.5666,0.1396,GO_GOAL
27.42,-0.7282,-0.5578,0.6171,-0.8939,-0.3182,-0.7083,-0.5608,0.1395,GO_GOAL
27.44,-0.7266,-0.5567,0.6171,-0.8924,-0.3168,-0.7083,-0.5608,0.1394,GO_GOAL
27.46,-0.7249,-0.5555,0.6171,-0.8895,-0.3142,-0.7083,-0.5608,0.1393,GO_GOAL
27.48,-0.7233,-0.5544,0.6171,-0.8895,-0.3142,-0.7083,-0.5608,0.1393,GO_GOAL
27.5,-0.7217,-0.5532,0.6171,-0.888,-0.3128,-0.7083,-0.5608,0.1392,GO_GOAL
27.52,-0.72,-0.5521,0.6171,-0.8865,-0.3115,-0.7002,-0.555,0.1392,GO_GOAL
27.54,-0.7184,-0.5509,0.6171,-0.885,-0.3102,-0.7002,-0.555,0.1392,GO_GOAL
27.56,-0.7168,-0.5497,0.6171,-0.8835,-0.3088,-0.7002,-0.555,0.1392,GO_GOAL
27.58,-0.7151,-0.5486,0.6171,-0.882,-0.3075,-0.7002,-0.555,0.1391,GO_GOAL
27.6,-0.7135,-0.5474,0.6171,-0.8805,-0.3062,-0.7002,-0.555,0.1391,GO_GOAL
27.62,-0.7119,-0.5463,0.6171,-0.879,-0.3049,-0.692,-0.5493,0.1391,GO_GOAL
27.64,-0.7102,-0.5451,0.6171,-0.8775,-0.3035,-0.692,-0.5493,0.1392,GO_GOAL
27.66,-0.7086,-0.544,0.6171,-0.8745,-0.3009,-0.692,-0.5493,0.1392,GO_GOAL
27.68,-0.707,-0.5428,0.6171,-0.8745,-0.3009,-0.692,-0.5493,0.1392,GO_GOAL
27.7,-0.7054,-0.5416,0.6171,-0.873,-0.2995,-0.692,-0.5493,0.1393,GO_GOAL
27.72,-0.7037,-0.5405,0.6171,-0.8715,-0.2982,-0.6839,-0.5435,0.1393,GO_GOAL
27.74,-0.7021,-0.5393,0.6171,-0.8686,-0.2955,-0.6839,-0.5435,0.1394,GO_GOAL
27.76,-0.7005,-0.5382,0.6171,-0.8686,-0.2955,-0.6839,-0.5435,0.1394,GO_GOAL
27.78,-0.6988,-0.537,0.6171,-0.8671,-0.2942,-0.6839,-0.5435,0.1395,GO_GOAL
27.8,-0.6972,-0.5359,0.6171,-0.8656,-0.2929,-0.6839,-0.5435,0.1396,GO_GOAL
27.82,-0.6956,-0.5347,0.6171,-0.8641,-0.2915,-0.6757,-0.5377,0.1397,GO_GOAL
27.84,-0.6939,-0.5335,0.6171,-0.8626,-0.2902,-0.6757,-0.5377,0.1398,GO_GOAL
27.86,-0.6923,-0.5324,0.6171,-0.8611,-0.2889,-0.6757,-0.5377,0.1399,GO_GOAL
27.88,-0.6907,-0.5312,0.6171,-0.8596,-0.2875,-0.6757,-0.5377,0.14,GO_GOAL
27.9,-0.689,-0.5301,0.6171,-0.8581,-0.2862,-0.6757,-0.5377,0.1402,GO_GOAL
27.92,-0.6874,-0.5289,0.6171,-0.8566,-0.2849,-0.6676,-0.5319,0.1403,GO_GOAL
27.94,-0.6858,-0.5278,0.6171,-0.8551,-0.2836,-0.6676,-0.5319,0.1405,GO_GOAL
27.96,-0.6841,-0.5266,0.6171,-0.8536,-0.2822,-0.6676,-0.5319,0.1406,GO_GOAL
27.98,-0.6825,-0.5254,0.6171,-0.8506,-0.2796,-0.6676,-0.5319,0.1408,GO_GOAL
28.0,-0.6809,-0.5243,0.6171,-0.8506,-0.2796,-0.6676,-0.5319,0.141,GO_GOAL
28.02,-0.6793,-0.5231,0.6171,-0.8491,-0.2782,-0.6594,-0.5261,0.1412,GO_GOAL
28.04,-0.6776,-0.522,0.6171,-0.8477,-0.2769,-0.6594,-0.5261,0.1413,GO_GOAL
28.06,-0.676,-0.5208,0.6171,-0.8462,-0.2756,-0.6594,-0.5261,0.1415,GO_GOAL
28.08,-0.6744,-0.5197,0.6171,-0.8447,-0.2742,-0.6594,-0.5261,0.1418,GO_GOAL
28.1,-0.6727,-0.5185,0.6171,-0.8432,-0.2729,-0.6594,-0.5261,0.142,GO_GOAL
28.12,-0.6711,-0.5173,0.6171,-0.8402,-0.2702,-0.6512,-0.5203,0.1422,GO_GOAL
28.14,-0.6695,-0.5162,0.6171,-0.8387,-0.2689,-0.6512,-0.5203,0.1424,GO_GOAL
28.16,-0.6678,-0.515,0.6171,-0.8372,-0.2676,-0.6512,-0.5203,0.1427,GO_GOAL
28.18,-0.6662,-0.5139,0.6171,-0.8372,-0.2676,-0.6512,-0.5203,0.1429,GO_GOAL
28.2,-0.6646,-0.5127,0.6171,-0.8357,-0.2663,-0.6512,-0.5203,0.1432,GO_GOAL
28.22,-0.6629,-0.5116,0.6171,-0.8342,-0.2649,-0.6431,-0.5145,0.1435,GO_GOAL
28.24,-0.6613,-0.5104,0.6171,-0.8312,-0.2623,-0.6431,-0.5145,0.1438,GO_GOAL
28.26,-0.6597,-0.5092,0.6171,-0.8312,-0.2623,-0.6431,-0.5145,0.144,GO_GOAL
28.28,-0.6581,-0.5081,0.6171,-0.8297,-0.2609,-0.6431,-0.5145,0.1443,GO_GOAL
28.3,-0.6564,-0.5069,0.6171,-0.8283,-0.2596,-0.6431,-0.5145,0.1447,GO_GOAL
28.32,-0.6548,-0.5058,0.6171,-0.8268,-0.2583,-0.6349,-0.5087,0.145,GO_GOAL
28.34,-0.6532,-0.5046,0.6171,-0.8253,-0.2569,-0.6349,-0.5087,0.1453,GO_GOAL
28.36,-0.6515,-0.5035,0.6171,-0.8238,-0.2556,-0.6349,-0.5087,0.1456,GO_GOAL
28.38,-0.6499,-0.5023,0.6171,-0.8223,-0.2543,-0.6349,-0.5087,0.146,GO_GOAL
28.4,-0.6483,-0.5011,0.6171,-0.8208,-0.2529,-0.6349,-0.5087,0.1463,GO_GOAL
28.42,-0.6466,-0.5,0.6171,-0.8193,-0.2516,-0.6268,-0.503,0.1467,GO_GOAL
28.44,-0.645,-0.4988,0.6171,-0.8178,-0.2503,-0.6268,-0.503,0.147,GO_GOAL
28.46,-0.6434,-0.4977,0.6171,-0.8163,-0.2489,-0.6268,-0.503,0.1474,GO_GOAL
28.48,-0.6417,-0.4965,0.6171,-0.8133,-0.2463,-0.6268,-0.503,0.1478,GO_GOAL
28.5,-0.6401,-0.4953,0.6171,-0.8118,-0.245,-0.6186,-0.4972,0.1482,GO_GOAL
28.52,-0.6385,-0.4942,0.6171,-0.8118,-0.245,-0.6186,-0.4972,0.1486,GO_GOAL
28.54,-0.6368,-0.493,0.6171,-0.8103,-0.2436,-0.6186,-0.4972,0.149,GO_GOAL
28.56,-0.6352,-0.4919,0.6171,-0.8088,-0.2423,-0.6186,-0.4972,0.1494,GO_GOAL
28.58,-0.6336,-0.4907,0.6171,-0.8074,-0.241,-0.6186,-0.4972,0.1498,GO_GOAL
28.6,-0.632,-0.4896,0.6171,-0.8044,-0.2383,-0.6186,-0.4972,0.1503,GO_GOAL
28.62,-0.6303,-0.4884,0.6171,-0.8044,-0.2383,-0.6105,-0.4914,0.1507,GO_GOAL
28.64,-0.6287,-0.4872,0.6171,-0.8029,-0.237,-0.6105,-0.4914,0.1512,GO_GOAL
28.66,-0.6271,-0.4861,0.6171,-0.8014,-0.2356,-0.6105,-0.4914,0.1516,GO_GOAL
28.68,-0.6254,-0.4849,0.6171,-0.7999,-0.2343,-0.6105,-0.4914,0.1521,GO_GOAL
28.7,-0.6238,-0.4838,0.6171,-0.7984,-0.233,-0.6105,-0.4914,0.1526,GO_GOAL
28.72,-0.6222,-0.4826,0.6171,-0.7969,-0.2316,-0.6023,-0.4856,0.153,GO_GOAL
28.74,-0.6205,-0.4815,0.6171,-0.7954,-0.2303,-0.6023,-0.4856,0.1535,GO_GOAL
28.76,-0.6189,-0.4803,0.6171,-0.7939,-0.229,-0.6023,-0.4856,0.154,GO_GOAL
28.78,-0.6173,-0.4791,0.6171,-0.7924,-0.2277,-0.6023,-0.4856,0.1545,GO_GOAL
28.8,-0.6156,-0.478,0.6171,-0.7909,-0.2263,-0.6023,-0.4856,0.155,GO_GOAL
28.82,-0.614,-0.4768,0.6171,-0.7879,-0.2237,-0.5942,-0.4798,0.1556,GO_GOAL
28.84,-0.6124,-0.4757,0.6171,-0.7879,-0.2237,-0.5942,-0.4798,0.1561,GO_GOAL
28.86,-0.6107,-0.4745,0.6171,-0.7865,-0.2223,-0.5942,-0.4798,0.1566,GO_GOAL
28.88,-0.6091,-0.4734,0.6171,-0.785,-0.221,-0.5942,-0.4798,0.1572,GO_GOAL
28.9,-0.6075,-0.4722,0.6171,-0.7835,-0.2197,-0.5942,-0.4798,0.1577,GO_GOAL
28.92,-0.6059,-0.471,0.6171,-0.7805,-0.217,-0.5844,-0.4729,0.1583,GO_GOAL
28.94,-0.6042,-0.4699,0.6171,-0.7805,-0.217,-0.5844,-0.4729,0.1589,GO_GOAL
28.96,-0.6026,-0.4687,0.6171,-0.779,-0.2157,-0.5844,-0.4729,0.1594,GO_GOAL
28.98,-0.601,-0.4676,0.6171,-0.7775,-0.2143,-0.5844,-0.4729,0.16,GO_GOAL
29.0,-0.5993,-0.4664,0.6171,-0.776,-0.213,-0.5844,-0.4729,0.1606,GO_GOAL
29.02,-0.5977,-0.4653,0.6171,-0.773,-0.2103,-0.5778,-0.4682,0.1612,GO_GOAL
29.04,-0.5961,-0.4641,0.6171,-0.773,-0.2103,-0.5778,-0.4682,0.1618,GO_GOAL
29.06,-0.5944,-0.4629,0.6171,-0.7715,-0.209,-0.5778,-0.4682,0.1625,GO_GOAL
29.08,-0.5928,-0.4618,0.6171,-0.77,-0.2077,-0.5778,-0.4682,0.1631,GO_GOAL
29.1,-0.5912,-0.4606,0.6171,-0.7685,-0.2064,-0.5778,-0.4682,0.1637,GO_GOAL
29.12,-0.5895,-0.4595,0.6171,-0.7656,-0.2037,-0.5697,-0.4624,0.1643,GO_GOAL
29.14,-0.5879,-0.4583,0.6171,-0.7656,-0.2037,-0.5697,-0.4624,0.165,GO_GOAL
29.16,-0.5863,-0.4572,0.6171,-0.7641,-0.2024,-0.5697,-0.4624,0.1657,GO_GOAL
29.18,-0.5847,-0.456,0.6171,-0.7626,-0.201,-0.5697,-0.4624,0.1663,GO_GOAL
29.2,-0.583,-0.4548,0.6171,-0.7611,-0.1997,-0.5697,-0.4624,0.167,GO_GOAL
29.22,-0.5814,-0.4537,0.6171,-0.7596,-0.1984,-0.5615,-0.4567,0.1677,GO_GOAL
29.24,-0.5798,-0.4525,0.6171,-0.7581,-0.197,-0.5615,-0.4567,0.1683,GO_GOAL
29.26,-0.5781,-0.4514,0.6171,-0.7566,-0.1957,-0.5615,-0.4567,0.169,GO_GOAL
29.28,-0.5765,-0.4502,0.6171,-0.7536,-0.193,-0.5615,-0.4567,0.1697,GO_GOAL
29.3,-0.5749,-0.4491,0.6171,-0.7536,-0.193,-0.5615,-0.4567,0.1704,GO_GOAL
29.32,-0.5732,-0.4479,0.6171,-0.7506,-0.1904,-0.5534,-0.4509,0.1712,GO_GOAL
29.34,-0.5716,-0.4467,0.6171,-0.7506,-0.1904,-0.5534,-0.4509,0.1719,GO_GOAL
29.36,-0.57,-0.4456,0.6171,-0.7491,-0.1891,-0.5534,-0.4509,0.1726,GO_GOAL
29.38,-0.5683,-0.4444,0.6171,-0.7476,-0.1877,-0.5534,-0.4509,0.1733,GO_GOAL
29.4,-0.5667,-0.4433,0.6171,-0.7461,-0.1864,-0.5534,-0.4509,0.1741,GO_GOAL
29.42,-0.5651,-0.4421,0.6171,-0.7447,-0.1851,-0.5452,-0.4451,0.1748,GO_GOAL
29.44,-0.5634,-0.441,0.6171,-0.7432,-0.1837,-0.5452,-0.4451,0.1756,GO_GOAL
29.46,-0.5618,-0.4398,0.6171,-0.7417,-0.1824,-0.5452,-0.4451,0.1764,GO_GOAL
29.48,-0.5602,-0.4386,0.6171,-0.7402,-0.1811,-0.5452,-0.4451,0.1771,GO_GOAL
29.5,-0.5586,-0.4375,0.6171,-0.7387,-0.1797,-0.5452,-0.4451,0.1779,GO_GOAL
29.52,-0.5569,-0.4363,0.6171,-0.7357,-0.1771,-0.5371,-0.4393,0.1787,GO_GOAL
29.54,-0.5553,-0.4352,0.6171,-0.7342,-0.1757,-0.5371,-0.4393,0.1795,GO_GOAL
29.56,-0.5537,-0.434,0.6171,-0.7342,-0.1757,-0.5371,-0.4393,0.1803,GO_GOAL
29.58,-0.552,-0.4328,0.6171,-0.7312,-0.1731,-0.5371,-0.4393,0.1811,GO_GOAL
29.6,-0.5504,-0.4317,0.6171,-0.7312,-0.1731,-0.5371,-0.4393,0.1819,GO_GOAL
29.62,-0.5488,-0.4305,0.6171,-0.7297,-0.1717,-0.5289,-0.4335,0.1827,GO_GOAL
29.64,-0.5471,-0.4294,0.6171,-0.7282,-0.1704,-0.5289,-0.4335,0.1835,GO_GOAL
29.66,-0.5455,-0.4282,0.6171,-0.7267,-0.1691,-0.5289,-0.4335,0.1844,GO_GOAL
29.68,-0.5439,-0.4271,0.6171,-0.7253,-0.1678,-0.5289,-0.4335,0.1852,GO_GOAL
29.7,-0.5422,-0.4259,0.6171,-0.7238,-0.1664,-0.5208,-0.4277,0.1861,GO_GOAL
29.72,-0.5406,-0.4247,0.6171,-0.7223,-0.1651,-0.5208,-0.4277,0.1869,GO_GOAL
29.74,-0.539,-0.4236,0.6171,-0.7208,-0.1638,-0.5208,-0.4277,0.1878,GO_GOAL
29.76,-0.5374,-0.4224,0.6171,-0.7193,-0.1624,-0.5208,-0.4277,0.1886,GO_GOAL
29.78,-0.5357,-0.4213,0.6171,-0.7178,-0.1611,-0.5208,-0.4277,0.1895,GO_GOAL
29.8,-0.5341,-0.4201,0.6171,-0.7163,-0.1598,-0.5126,-0.4219,0.1904,GO_GOAL
29.82,-0.5325,-0.419,0.6171,-0.7133,-0.1571,-0.5126,-0.4219,0.1913,GO_GOAL
29.84,-0.5308,-0.4178,0.6171,-0.7133,-0.1571,-0.5126,-0.4219,0.1922,GO_GOAL
29.86,-0.5292,-0.4166,0.6171,-0.7118,-0.1558,-0.5126,-0.4219,0.1931,GO_GOAL
29.88,-0.5276,-0.4155,0.6171,-0.7088,-0.1531,-0.5126,-0.4219,0.194,GO_GOAL
29.9,-0.5259,-0.4143,0.6171,-0.7073,-0.1518,-0.5126,-0.4219,0.1949,GO_GOAL
29.92,-0.5243,-0.4132,0.6171,-0.7073,-0.1518,-0.5045,-0.4161,0.1958,GO_GOAL
29.94,-0.5227,-0.412,0.6171,-0.7058,-0.1505,-0.5045,-0.4161,0.1967,GO_GOAL
29.96,-0.521,-0.4109,0.6171,-0.7029,-0.1478,-0.5045,-0.4161,0.1976,GO_GOAL
29.98,-0.5194,-0.4097,0.6171,-0.7029,-0.1478,-0.5045,-0.4161,0.1986,GO_GOAL
30.0,-0.5178,-0.4085,0.6171,-0.7014,-0.1465,-0.5045,-0.4161,0.1995,GO_GOAL
30.02,-0.5161,-0.4074,0.6171,-0.6999,-0.1451,-0.4963,-0.4104,0.2005,GO_GOAL
30.04,-0.5145,-0.4062,0.6171,-0.6984,-0.1438,-0.4963,-0.4104,0.2014,GO_GOAL
30.06,-0.5129,-0.4051,0.6171,-0.6969,-0.1425,-0.4963,-0.4104,0.2024,GO_GOAL
30.08,-0.5113,-0.4039,0.6171,-0.6954,-0.1411,-0.4963,-0.4104,0.2033,GO_GOAL
30.1,-0.5096,-0.4028,0.6171,-0.6939,-0.1398,-0.4963,-0.4104,0.2043,GO_GOAL
30.12,-0.508,-0.4016,0.6171,-0.6924,-0.1385,-0.4881,-0.4046,0.2053,GO_GOAL
30.14,-0.5064,-0.4004,0.6171,-0.6909,-0.1371,-0.4881,-0.4046,0.2063,GO_GOAL
30.16,-0.5047,-0.3993,0.6171,-0.6894,-0.1358,-0.4881,-0.4046,0.2073,GO_GOAL
30.18,-0.5031,-0.3981,0.6171,-0.6864,-0.1331,-0.4881,-0.4046,0.2083,GO_GOAL
30.2,-0.5015,-0.397,0.6171,-0.6864,-0.1331,-0.4881,-0.4046,0.2093,GO_GOAL
30.22,-0.4998,-0.3958,0.6171,-0.6849,-0.1318,-0.48,-0.3988,0.2103,GO_GOAL
30.24,-0.4982,-0.3947,0.6171,-0.6835,-0.1305,-0.48,-0.3988,0.2113,GO_GOAL
30.26,-0.4966,-0.3935,0.6171,-0.682,-0.1292,-0.48,-0.3988,0.2123,GO_GOAL
30.28,-0.4949,-0.3923,0.6171,-0.6805,-0.1278,-0.48,-0.3988,0.2133,GO_GOAL
30.3,-0.4933,-0.3912,0.6171,-0.679,-0.1265,-0.48,-0.3988,0.2143,GO_GOAL
30.32,-0.4917,-0.39,0.6171,-0.6775,-0.1252,-0.4718,-0.393,0.2154,GO_GOAL
30.34,-0.4901,-0.3889,0.6171,-0.676,-0.1238,-0.4718,-0.393,0.2164,GO_GOAL
30.36,-0.4884,-0.3877,0.6171,-0.673,-0.1212,-0.4718,-0.393,0.2175,GO_GOAL
30.38,-0.4868,-0.3866,0.6171,-0.673,-0.1212,-0.4718,-0.393,0.2185,GO_GOAL
30.4,-0.4852,-0.3854,0.6171,-0.6715,-0.1198,-0.4718,-0.393,0.2196,GO_GOAL
30.42,-0.4835,-0.3842,0.6171,-0.67,-0.1185,-0.4637,-0.3872,0.2206,GO_GOAL
30.44,-0.4819,-0.3831,0.6171,-0.6685,-0.1172,-0.4637,-0.3872,0.2217,GO_GOAL
30.46,-0.4803,-0.3819,0.6171,-0.667,-0.1158,-0.4637,-0.3872,0.2228,GO_GOAL
30.48,-0.4786,-0.3808,0.6171,-0.6655,-0.1145,-0.4637,-0.3872,0.2239,GO_GOAL
30.5,-0.477,-0.3796,0.6171,-0.664,-0.1132,-0.4637,-0.3872,0.2249,GO_GOAL
30.52,-0.4754,-0.3785,0.6171,-0.6626,-0.1119,-0.4555,-0.3814,0.226,GO_GOAL
30.54,-0.4737,-0.3773,0.6171,-0.6611,-0.1105,-0.4555,-0.3814,0.2271,GO_GOAL
30.56,-0.4721,-0.3761,0.6171,-0.6596,-0.1092,-0.4555,-0.3814,0.2282,GO_GOAL
30.58,-0.4705,-0.375,0.6171,-0.6581,-0.1079,-0.4555,-0.3814,0.2293,GO_GOAL
30.6,-0.4688,-0.3738,0.6171,-0.6566,-0.1065,-0.4555,-0.3814,0.2304,GO_GOAL
30.62,-0.4672,-0.3727,0.6171,-0.6551,-0.1052,-0.4474,-0.3756,0.2316,GO_GOAL
30.64,-0.4656,-0.3715,0.6171,-0.6536,-0.1039,-0.4474,-0.3756,0.2327,GO_GOAL
30.66,-0.464,-0.3703,0.6171,-0.6521,-0.1025,-0.4474,-0.3756,0.2338,GO_GOAL
30.68,-0.4623,-0.3692,0.6171,-0.6506,-0.1012,-0.4474,-0.3756,0.2349,GO_GOAL
30.7,-0.4607,-0.368,0.6171,-0.6491,-0.0999,-0.4474,-0.3756,0.2361,GO_GOAL
30.72,-0.4591,-0.3669,0.6171,-0.6476,-0.0985,-0.4392,-0.3698,0.2372,GO_GOAL
30.74,-0.4574,-0.3657,0.6171,-0.6461,-0.0972,-0.4392,-0.3698,0.2384,GO_GOAL
30.76,-0.4558,-0.3646,0.6171,-0.6446,-0.0959,-0.4392,-0.3698,0.2395,GO_GOAL
30.78,-0.4542,-0.3634,0.6171,-0.6431,-0.0945,-0.4392,-0.3698,0.2407,GO_GOAL
30.8,-0.4525,-0.3622,0.6171,-0.6417,-0.0932,-0.4392,-0.3698,0.2418,GO_GOAL
30.82,-0.4509,-0.3611,0.6171,-0.6402,-0.0919,-0.4311,-0.3641,0.243,GO_GOAL
30.84,-0.4493,-0.3599,0.6171,-0.6387,-0.0906,-0.4311,-0.3641,0.2441,GO_GOAL
30.86,-0.4476,-0.3588,0.6171,-0.6372,-0.0892,-0.4311,-0.3641,0.2453,GO_GOAL
30.88,-0.446,-0.3576,0.6171,-0.6357,-0.0879,-0.4311,-0.3641,0.2465,GO_GOAL
30.9,-0.4444,-0.3565,0.6171,-0.6342,-0.0866,-0.4229,-0.3583,0.2477,GO_GOAL
30.92,-0.4428,-0.3553,0.6171,-0.6312,-0.0839,-0.4229,-0.3583,0.2489,GO_GOAL
30.94,-0.4411,-0.3541,0.6171,-0.6297,-0.0826,-0.4229,-0.3583,0.2501,GO_GOAL
30.96,-0.4395,-0.353,0.6171,-0.6282,-0.0812,-0.4229,-0.3583,0.2513,GO_GOAL
30.98,-0.4379,-0.3518,0.6171,-0.6282,-0.0812,-0.4229,-0.3583,0.2525,GO_GOAL
31.0,-0.4362,-0.3507,0.6171,-0.6267,-0.0799,-0.4229,-0.3583,0.2537,GO_GOAL
31.02,-0.4346,-0.3495,0.6171,-0.6252,-0.0786,-0.4147,-0.3525,0.2549,GO_GOAL
31.04,-0.433,-0.3484,0.6171,-0.6237,-0.0772,-0.4147,-0.3525,0.2561,GO_GOAL
31.06,-0.4313,-0.3472,0.6171,-0.6223,-0.0759,-0.4147,-0.3525,0.2573,GO_GOAL
31.08,-0.4297,-0.346,0.6171,-0.6208,-0.0746,-0.4147,-0.3525,0.2585,GO_GOAL
31.1,-0.4281,-0.3449,0.6171,-0.6193,-0.0733,-0.4066,-0.3467,0.2598,GO_GOAL
31.12,-0.4264,-0.3437,0.6171,-0.6178,-0.0719,-0.4066,-0.3467,0.261,GO_GOAL
31.14,-0.4248,-0.3426,0.6171,-0.6163,-0.0706,-0.4066,-0.3467,0.2622,GO_GOAL
31.16,-0.4232,-0.3414,0.6171,-0.6148,-0.0693,-0.4066,-0.3467,0.2635,GO_GOAL
31.18,-0.4215,-0.3403,0.6171,-0.6133,-0.0679,-0.4066,-0.3467,0.2647,GO_GOAL
31.2,-0.4199,-0.3391,0.6171,-0.6118,-0.0666,-0.4066,-0.3467,0.266,GO_GOAL
31.22,-0.4183,-0.3379,0.6171,-0.6103,-0.0653,-0.3984,-0.3409,0.2672,GO_GOAL
31.24,-0.4167,-0.3368,0.6171,-0.6073,-0.0626,-0.3984,-0.3409,0.2685,GO_GOAL
31.26,-0.415,-0.3356,0.6171,-0.6058,-0.0613,-0.3984,-0.3409,0.2697,GO_GOAL
31.28,-0.4134,-0.3345,0.6171,-0.6058,-0.0613,-0.3984,-0.3409,0.271,GO_GOAL
31.3,-0.4118,-0.3333,0.6171,-0.6043,-0.0599,-0.3984,-0.3409,0.2723,GO_GOAL
31.32,-0.4101,-0.3322,0.6171,-0.6028,-0.0586,-0.3903,-0.3351,0.2736,GO_GOAL
31.34,-0.4085,-0.331,0.6171,-0.6014,-0.0573,-0.3903,-0.3351,0.2748,GO_GOAL
31.36,-0.4069,-0.3298,0.6171,-0.5999,-0.0559,-0.3903,-0.3351,0.2761,GO_GOAL
31.38,-0.4052,-0.3287,0.6171,-0.5984,-0.0546,-0.3903,-0.3351,0.2774,GO_GOAL
31.4,-0.4036,-0.3275,0.6171,-0.5954,-0.052,-0.3903,-0.3351,0.2787,GO_GOAL
31.42,-0.402,-0.3264,0.6171,-0.5954,-0.052,-0.3821,-0.3293,0.28,GO_GOAL
31.44,-0.4003,-0.3252,0.6171,-0.5924,-0.0493,-0.3821,-0.3293,0.2813,GO_GOAL
31.46,-0.3987,-0.3241,0.6171,-0.5924,-0.0493,-0.3821,-0.3293,0.2826,GO_GOAL
31.48,-0.3971,-0.3229,0.6171,-0.5909,-0.048,-0.3821,-0.3293,0.2839,GO_GOAL
31.5,-0.3954,-0.3217,0.6171,-0.5894,-0.0466,-0.3821,-0.3293,0.2852,GO_GOAL
31.52,-0.3938,-0.3206,0.6171,-0.5879,-0.0453,-0.374,-0.3235,0.2865,GO_GOAL
31.54,-0.3922,-0.3194,0.6171,-0.5864,-0.044,-0.374,-0.3235,0.2878,GO_GOAL
31.56,-0.3906,-0.3183,0.6171,-0.5834,-0.0413,-0.374,-0.3235,0.2892,GO_GOAL
31.578,-0.3889,-0.3171,0.6171,-0.5834,-0.0413,-0.374,-0.3235,0.2905,GO_GOAL
31.6,-0.3873,-0.3159,0.6171,-0.5805,-0.0386,-0.3658,-0.3178,0.2918,GO_GOAL
31.62,-0.3857,-0.3148,0.6171,-0.5805,-0.0386,-0.3658,-0.3178,0.2932,GO_GOAL
31.64,-0.384,-0.3136,0.6171,-0.5775,-0.036,-0.3658,-0.3178,0.2945,GO_GOAL
31.66,-0.3824,-0.3125,0.6171,-0.5775,-0.036,-0.3658,-0.3178,0.2958,GO_GOAL
31.68,-0.3808,-0.3113,0.6171,-0.5745,-0.0333,-0.3658,-0.3178,0.2972,GO_GOAL
31.7,-0.3791,-0.3102,0.6171,-0.5745,-0.0333,-0.3658,-0.3178,0.2985,GO_GOAL
31.72,-0.3775,-0.309,0.6171,-0.5715,-0.0307,-0.3577,-0.312,0.2999,GO_GOAL
31.74,-0.3759,-0.3078,0.6171,-0.5715,-0.0307,-0.3577,-0.312,0.3012,GO_GOAL
31.76,-0.3742,-0.3067,0.6171,-0.57,-0.0293,-0.3577,-0.312,0.3026,GO_GOAL
31.78,-0.3726,-0.3055,0.6171,-0.5685,-0.028,-0.3577,-0.312,0.304,GO_GOAL
31.8,-0.371,-0.3044,0.6171,-0.567,-0.0267,-0.3495,-0.3062,0.3053,GO_GOAL
31.82,-0.3694,-0.3032,0.6171,-0.5655,-0.0253,-0.3495,-0.3062,0.3067,GO_GOAL
31.84,-0.3677,-0.3021,0.6171,-0.564,-0.024,-0.3495,-0.3062,0.3081,GO_GOAL
31.86,-0.3661,-0.3009,0.6171,-0.561,-0.0213,-0.3495,-0.3062,0.3094,GO_GOAL
31.88,-0.3645,-0.2997,0.6171,-0.561,-0.0213,-0.3495,-0.3062,0.3108,GO_GOAL
31.9,-0.3628,-0.2986,0.6171,-0.5596,-0.02,-0.3495,-0.3062,0.3122,GO_GOAL
31.92,-0.3612,-0.2974,0.6171,-0.5581,-0.0187,-0.3414,-0.3004,0.3136,GO_GOAL
31.94,-0.3596,-0.2963,0.6171,-0.5566,-0.0173,-0.3414,-0.3004,0.315,GO_GOAL
31.96,-0.3579,-0.2951,0.6171,-0.5536,-0.0147,-0.3414,-0.3004,0.3164,GO_GOAL
31.98,-0.3563,-0.294,0.6171,-0.5536,-0.0147,-0.3414,-0.3004,0.3178,GO_GOAL
32.0,-0.3547,-0.2928,0.6171,-0.5521,-0.0134,-0.3414,-0.3004,0.3192,GO_GOAL
32.02,-0.353,-0.2916,0.6171,-0.5506,-0.012,-0.3332,-0.2946,0.3206,GO_GOAL
32.04,-0.3514,-0.2905,0.6171,-0.5491,-0.0107,-0.3332,-0.2946,0.322,GO_GOAL
32.06,-0.3498,-0.2893,0.6171,-0.5461,-0.008,-0.3332,-0.2946,0.3234,GO_GOAL
32.08,-0.3481,-0.2882,0.6171,-0.5461,-0.008,-0.3332,-0.2946,0.3248,GO_GOAL
32.1,-0.3465,-0.287,0.6171,-0.5446,-0.0067,-0.325,-0.2888,0.3262,GO_GOAL
32.12,-0.3449,-0.2859,0.6171,-0.5431,-0.0054,-0.325,-0.2888,0.3276,GO_GOAL
32.14,-0.3433,-0.2847,0.6171,-0.5416,-0.004,-0.325,-0.2888,0.329,GO_GOAL
32.16,-0.3416,-0.2835,0.6171,-0.5401,-0.0027,-0.325,-0.2888,0.3305,GO_GOAL
32.18,-0.34,-0.2824,0.6171,-0.5387,-0.0014,-0.325,-0.2888,0.3319,GO_GOAL
32.2,-0.3384,-0.2812,0.6171,-0.5372,-0.0,-0.3169,-0.283,0.3333,GO_GOAL
32.22,-0.3367,-0.2801,0.6171,-0.5357,0.0013,-0.3169,-0.283,0.3348,GO_GOAL
32.24,-0.3351,-0.2789,0.6171,-0.5342,0.0026,-0.3169,-0.283,0.3362,GO_GOAL
32.26,-0.3335,-0.2778,0.6171,-0.5327,0.0039,-0.3169,-0.283,0.3376,GO_GOAL
32.28,-0.3318,-0.2766,0.6171,-0.5312,0.0053,-0.3169,-0.283,0.3391,GO_GOAL
32.3,-0.3302,-0.2754,0.6171,-0.5297,0.0066,-0.3169,-0.283,0.3405,GO_GOAL
32.32,-0.3286,-0.2743,0.6171,-0.5282,0.0079,-0.3087,-0.2772,0.342,GO_GOAL
32.34,-0.3269,-0.2731,0.6171,-0.5267,0.0093,-0.3087,-0.2772,0.3434,GO_GOAL
32.36,-0.3253,-0.272,0.6172,-0.5252,0.0106,-0.3087,-0.2772,0.3449,GO_GOAL
32.38,-0.3237,-0.2708,0.6172,-0.5237,0.0119,-0.3087,-0.2772,0.3463,GO_GOAL
32.4,-0.3221,-0.2697,0.6172,-0.5222,0.0133,-0.3087,-0.2772,0.3478,GO_GOAL
32.42,-0.3204,-0.2685,0.6172,-0.5193,0.0159,-0.3006,-0.2715,0.3493,GO_GOAL
32.44,-0.3188,-0.2673,0.6172,-0.5193,0.0159,-0.3006,-0.2715,0.3507,GO_GOAL
32.46,-0.3172,-0.2662,0.6172,-0.5163,0.0186,-0.3006,-0.2715,0.3522,GO_GOAL
32.48,-0.3155,-0.265,0.6172,-0.5163,0.0186,-0.3006,-0.2715,0.3537,GO_GOAL
32.5,-0.3139,-0.2639,0.6172,-0.5148,0.0199,-0.3006,-0.2715,0.3551,GO_GOAL
32.52,-0.3123,-0.2627,0.6172,-0.5118,0.0226,-0.2924,-0.2657,0.3566,GO_GOAL
32.54,-0.3106,-0.2615,0.6172,-0.5118,0.0226,-0.2924,-0.2657,0.3581,GO_GOAL
32.56,-0.309,-0.2604,0.6172,-0.5103,0.0239,-0.2924,-0.2657,0.3596,GO_GOAL
32.58,-0.3074,-0.2592,0.6172,-0.5088,0.0252,-0.2924,-0.2657,0.3611,GO_GOAL
32.6,-0.3057,-0.2581,0.6172,-0.5073,0.0266,-0.2924,-0.2657,0.3625,GO_GOAL
32.62,-0.3041,-0.2569,0.6172,-0.5058,0.0279,-0.2843,-0.2599,0.364,GO_GOAL
32.64,-0.3025,-0.2558,0.6172,-0.5043,0.0292,-0.2843,-0.2599,0.3655,GO_GOAL
32.66,-0.3008,-0.2546,0.6172,-0.5028,0.0306,-0.2843,-0.2599,0.367,GO_GOAL
32.68,-0.2992,-0.2534,0.6172,-0.5013,0.0319,-0.2843,-0.2599,0.3685,GO_GOAL
32.7,-0.2976,-0.2523,0.6172,-0.4998,0.0332,-0.2843,-0.2599,0.37,GO_GOAL
32.72,-0.296,-0.2511,0.6172,-0.4984,0.0346,-0.2761,-0.2541,0.3715,GO_GOAL
32.74,-0.2943,-0.25,0.6172,-0.4969,0.0359,-0.2761,-0.2541,0.373,GO_GOAL
32.76,-0.2927,-0.2488,0.6172,-0.4954,0.0372,-0.2761,-0.2541,0.3745,GO_GOAL
32.78,-0.2911,-0.2477,0.6172,-0.4924,0.0399,-0.2761,-0.2541,0.376,GO_GOAL
32.8,-0.2894,-0.2465,0.6172,-0.4924,0.0399,-0.2761,-0.2541,0.3776,GO_GOAL
32.82,-0.2878,-0.2453,0.6172,-0.4909,0.0412,-0.268,-0.2483,0.3791,GO_GOAL
32.84,-0.2862,-0.2442,0.6172,-0.4894,0.0426,-0.268,-0.2483,0.3806,GO_GOAL
32.86,-0.2845,-0.243,0.6172,-0.4879,0.0439,-0.268,-0.2483,0.3821,GO_GOAL
32.88,-0.2829,-0.2419,0.6172,-0.4849,0.0465,-0.268,-0.2483,0.3836,GO_GOAL
32.9,-0.2813,-0.2407,0.6172,-0.4849,0.0465,-0.268,-0.2483,0.3852,GO_GOAL
32.92,-0.2796,-0.2396,0.6172,-0.4834,0.0479,-0.2598,-0.2425,0.3867,GO_GOAL
32.94,-0.278,-0.2384,0.6172,-0.4819,0.0492,-0.2598,-0.2425,0.3882,GO_GOAL
32.96,-0.2764,-0.2372,0.6172,-0.4804,0.0505,-0.2598,-0.2425,0.3897,GO_GOAL
32.98,-0.2748,-0.2361,0.6172,-0.4789,0.0519,-0.2598,-0.2425,0.3913,GO_GOAL
33.0,-0.2731,-0.2349,0.6172,-0.4775,0.0532,-0.2598,-0.2425,0.3928,GO_GOAL
33.02,-0.2715,-0.2338,0.6172,-0.476,0.0545,-0.2516,-0.2367,0.3944,GO_GOAL
33.04,-0.2699,-0.2326,0.6172,-0.4745,0.0559,-0.2516,-0.2367,0.3959,GO_GOAL
33.06,-0.2682,-0.2315,0.6172,-0.473,0.0572,-0.2516,-0.2367,0.3974,GO_GOAL
33.08,-0.2666,-0.2303,0.6172,-0.4715,0.0585,-0.2516,-0.2367,0.399,GO_GOAL
33.1,-0.265,-0.2291,0.6172,-0.47,0.0599,-0.2516,-0.2367,0.4005,GO_GOAL
33.12,-0.2633,-0.228,0.6172,-0.4685,0.0612,-0.2435,-0.2309,0.4021,GO_GOAL
33.14,-0.2617,-0.2268,0.6172,-0.467,0.0625,-0.2435,-0.2309,0.4036,GO_GOAL
33.16,-0.2601,-0.2257,0.6172,-0.464,0.0652,-0.2435,-0.2309,0.4052,GO_GOAL
33.18,-0.2584,-0.2245,0.6172,-0.464,0.0652,-0.2435,-0.2309,0.4068,GO_GOAL
33.2,-0.2568,-0.2234,0.6172,-0.461,0.0678,-0.2435,-0.2309,0.4083,GO_GOAL
33.22,-0.2552,-0.2222,0.6172,-0.461,0.0678,-0.2337,-0.224,0.4099,GO_GOAL
33.24,-0.2535,-0.221,0.6172,-0.4595,0.0692,-0.2337,-0.224,0.4114,GO_GOAL
33.26,-0.2519,-0.2199,0.6172,-0.458,0.0705,-0.2337,-0.224,0.413,GO_GOAL
33.28,-0.2503,-0.2187,0.6172,-0.4566,0.0718,-0.2337,-0.224,0.4146,GO_GOAL
33.3,-0.2487,-0.2176,0.6172,-0.4551,0.0732,-0.2337,-0.224,0.4161,GO_GOAL
33.32,-0.247,-0.2164,0.6172,-0.4536,0.0745,-0.2272,-0.2194,0.4177,GO_GOAL
33.34,-0.2454,-0.2153,0.6172,-0.4521,0.0758,-0.2272,-0.2194,0.4193,GO_GOAL
33.36,-0.2438,-0.2141,0.6172,-0.4506,0.0772,-0.2272,-0.2194,0.4209,GO_GOAL
33.38,-0.2421,-0.2129,0.6172,-0.4476,0.0798,-0.2272,-0.2194,0.4224,GO_GOAL
33.4,-0.2405,-0.2118,0.6172,-0.4476,0.0798,-0.2272,-0.2194,0.424,GO_GOAL
33.42,-0.2389,-0.2106,0.6172,-0.4461,0.0812,-0.219,-0.2136,0.4256,GO_GOAL
33.44,-0.2372,-0.2095,0.6172,-0.4446,0.0825,-0.219,-0.2136,0.4272,GO_GOAL
33.46,-0.2356,-0.2083,0.6172,-0.4431,0.0838,-0.219,-0.2136,0.4288,GO_GOAL
33.48,-0.234,-0.2071,0.6172,-0.4416,0.0851,-0.219,-0.2136,0.4304,GO_GOAL
33.5,-0.2323,-0.206,0.6172,-0.4401,0.0865,-0.219,-0.2136,0.432,GO_GOAL
33.52,-0.2307,-0.2048,0.6172,-0.4386,0.0878,-0.2109,-0.2078,0.4336,GO_GOAL
33.54,-0.2291,-0.2037,0.6172,-0.4372,0.0891,-0.2109,-0.2078,0.4352,GO_GOAL
33.56,-0.2275,-0.2025,0.6172,-0.4357,0.0905,-0.2109,-0.2078,0.4367,GO_GOAL
33.58,-0.2258,-0.2014,0.6172,-0.4342,0.0918,-0.2109,-0.2078,0.4383,GO_GOAL
33.6,-0.2242,-0.2002,0.6172,-0.4327,0.0931,-0.2027,-0.202,0.4399,GO_GOAL
33.62,-0.2226,-0.199,0.6172,-0.4312,0.0945,-0.2027,-0.202,0.4415,GO_GOAL
33.64,-0.2209,-0.1979,0.6172,-0.4297,0.0958,-0.2027,-0.202,0.4432,GO_GOAL
33.66,-0.2193,-0.1967,0.6172,-0.4282,0.0971,-0.2027,-0.202,0.4448,GO_GOAL
33.68,-0.2177,-0.1956,0.6172,-0.4252,0.0998,-0.2027,-0.202,0.4464,GO_GOAL
33.7,-0.216,-0.1944,0.6172,-0.4252,0.0998,-0.2027,-0.202,0.448,GO_GOAL
33.72,-0.2144,-0.1933,0.6172,-0.4237,0.1011,-0.1946,-0.1962,0.4496,GO_GOAL
33.74,-0.2128,-0.1921,0.6172,-0.4207,0.1038,-0.1946,-0.1962,0.4512,GO_GOAL
33.76,-0.2111,-0.1909,0.6172,-0.4207,0.1038,-0.1946,-0.1962,0.4528,GO_GOAL
33.78,-0.2095,-0.1898,0.6172,-0.4192,0.1051,-0.1946,-0.1962,0.4544,GO_GOAL
33.8,-0.2079,-0.1886,0.6172,-0.4177,0.1064,-0.1946,-0.1962,0.4561,GO_GOAL
33.82,-0.2062,-0.1875,0.6172,-0.4163,0.1078,-0.1864,-0.1904,0.4577,GO_GOAL
33.84,-0.2046,-0.1863,0.6172,-0.4148,0.1091,-0.1864,-0.1904,0.4593,GO_GOAL
33.86,-0.203,-0.1852,0.6172,-0.4133,0.1104,-0.1864,-0.1904,0.4609,GO_GOAL
33.88,-0.2014,-0.184,0.6172,-0.4118,0.1118,-0.1864,-0.1904,0.4626,GO_GOAL
33.9,-0.1997,-0.1828,0.6172,-0.4103,0.1131,-0.1864,-0.1904,0.4642,GO_GOAL
33.92,-0.1981,-0.1817,0.6172,-0.4073,0.1158,-0.1783,-0.1846,0.4658,GO_GOAL
33.94,-0.1965,-0.1805,0.6172,-0.4073,0.1158,-0.1783,-0.1846,0.4674,GO_GOAL
33.96,-0.1948,-0.1794,0.6172,-0.4043,0.1184,-0.1783,-0.1846,0.4691,GO_GOAL
33.98,-0.1932,-0.1782,0.6172,-0.4043,0.1184,-0.1783,-0.1846,0.4707,GO_GOAL
34.002,-0.1916,-0.1771,0.6172,-0.4028,0.1198,-0.1783,-0.1846,0.4723,GO_GOAL
34.02,-0.1899,-0.1759,0.6172,-0.3998,0.1224,-0.1701,-0.1789,0.474,GO_GOAL
34.042,-0.1883,-0.1747,0.6172,-0.3983,0.1237,-0.1701,-0.1789,0.4756,GO_GOAL
34.06,-0.1867,-0.1736,0.6172,-0.3983,0.1237,-0.1701,-0.1789,0.4773,GO_GOAL
34.08,-0.185,-0.1724,0.6172,-0.3968,0.1251,-0.1701,-0.1789,0.4789,GO_GOAL
34.1,-0.1834,-0.1713,0.6172,-0.3954,0.1264,-0.1701,-0.1789,0.4806,GO_GOAL
34.122,-0.1818,-0.1701,0.6172,-0.3939,0.1277,-0.1619,-0.1731,0.4822,GO_GOAL
34.144,-0.1802,-0.169,0.6172,-0.3909,0.1304,-0.1619,-0.1731,0.4839,GO_GOAL
34.16,-0.1785,-0.1678,0.6172,-0.3909,0.1304,-0.1619,-0.1731,0.4855,GO_GOAL
34.18,-0.1769,-0.1666,0.6172,-0.3879,0.1331,-0.1619,-0.1731,0.4872,GO_GOAL
34.198,-0.1753,-0.1655,0.6172,-0.3879,0.1331,-0.1619,-0.1731,0.4888,GO_GOAL
34.22,-0.1736,-0.1643,0.6172,-0.3864,0.1344,-0.1522,-0.1661,0.4905,GO_GOAL
34.24,-0.172,-0.1632,0.6172,-0.3849,0.1357,-0.1522,-0.1661,0.4921,GO_GOAL
34.26,-0.1704,-0.162,0.6172,-0.3834,0.1371,-0.1522,-0.1661,0.4938,GO_GOAL
34.28,-0.1687,-0.1608,0.6172,-0.3819,0.1384,-0.1522,-0.1661,0.4954,GO_GOAL
34.306,-0.1671,-0.1597,0.6172,-0.3789,0.1411,-0.1456,-0.1615,0.4971,GO_GOAL
34.32,-0.1655,-0.1585,0.6172,-0.3789,0.1411,-0.1456,-0.1615,0.4988,GO_GOAL
34.34,-0.1638,-0.1574,0.6172,-0.3774,0.1424,-0.1456,-0.1615,0.5004,GO_GOAL
34.36,-0.1622,-0.1562,0.6172,-0.376,0.1437,-0.1456,-0.1615,0.5021,GO_GOAL
34.378,-0.1606,-0.1551,0.6172,-0.3745,0.145,-0.1456,-0.1615,0.5038,GO_GOAL
34.4,-0.1589,-0.1539,0.6172,-0.373,0.1464,-0.1456,-0.1615,0.5054,GO_GOAL
34.42,-0.1573,-0.1527,0.6172,-0.3715,0.1477,-0.1375,-0.1557,0.5071,GO_GOAL
34.444,-0.1557,-0.1516,0.6172,-0.37,0.149,-0.1375,-0.1557,0.5088,GO_GOAL
34.46,-0.1541,-0.1504,0.6172,-0.3685,0.1504,-0.1375,-0.1557,0.5104,GO_GOAL
34.48,-0.1524,-0.1493,0.6172,-0.367,0.1517,-0.1375,-0.1557,0.5121,GO_GOAL
34.5,-0.1508,-0.1481,0.6172,-0.3655,0.153,-0.1375,-0.1557,0.5138,GO_GOAL
34.52,-0.1492,-0.147,0.6172,-0.364,0.1544,-0.1293,-0.1499,0.5155,GO_GOAL
34.542,-0.1475,-0.1458,0.6172,-0.361,0.157,-0.1293,-0.1499,0.5171,GO_GOAL
34.56,-0.1459,-0.1446,0.6172,-0.361,0.157,-0.1293,-0.1499,0.5188,GO_GOAL
34.58,-0.1443,-0.1435,0.6172,-0.358,0.1597,-0.1293,-0.1499,0.5205,GO_GOAL
34.6,-0.1426,-0.1423,0.6172,-0.358,0.1597,-0.1293,-0.1499,0.5222,GO_GOAL
34.62,-0.141,-0.1412,0.6172,-0.3565,0.161,-0.1212,-0.1441,0.5239,GO_GOAL
34.64,-0.1394,-0.14,0.6172,-0.3551,0.1623,-0.1212,-0.1441,0.5256,GO_GOAL
34.662,-0.1377,-0.1389,0.6172,-0.3521,0.165,-0.1212,-0.1441,0.5272,GO_GOAL
34.682,-0.1361,-0.1377,0.6172,-0.3506,0.1663,-0.1212,-0.1441,0.5285,GO_GOAL
34.7,-0.1345,-0.1365,0.6172,-0.3506,0.1663,-0.1212,-0.1441,0.5267,GO_GOAL
34.72,-0.1329,-0.1354,0.6172,-0.3491,0.1677,-0.113,-0.1383,0.525,GO_GOAL
34.738,-0.1312,-0.1342,0.6172,-0.3476,0.169,-0.113,-0.1383,0.5232,GO_GOAL
34.76,-0.1296,-0.1331,0.6172,-0.3461,0.1703,-0.113,-0.1383,0.5215,GO_GOAL
34.78,-0.128,-0.1319,0.6172,-0.3431,0.173,-0.113,-0.1383,0.5198,GO_GOAL
34.8,-0.1263,-0.1308,0.6172,-0.3431,0.173,-0.113,-0.1383,0.518,GO_GOAL
34.82,-0.1247,-0.1296,0.6172,-0.3416,0.1743,-0.1049,-0.1326,0.5163,GO_GOAL
34.84,-0.1231,-0.1284,0.6172,-0.3401,0.1757,-0.1049,-0.1326,0.5145,GO_GOAL
34.86,-0.1214,-0.1273,0.6172,-0.3386,0.177,-0.1049,-0.1326,0.5128,GO_GOAL
34.88,-0.1198,-0.1261,0.6172,-0.3371,0.1783,-0.1049,-0.1326,0.5111,GO_GOAL
34.902,-0.1182,-0.125,0.6172,-0.3356,0.1797,-0.1049,-0.1326,0.5093,GO_GOAL
34.92,-0.1165,-0.1238,0.6172,-0.3327,0.1823,-0.0967,-0.1268,0.5076,GO_GOAL
34.94,-0.1149,-0.1227,0.6172,-0.3327,0.1823,-0.0967,-0.1268,0.5059,GO_GOAL
34.96,-0.1133,-0.1215,0.6172,-0.3312,0.1836,-0.0967,-0.1268,0.5041,GO_GOAL
34.982,-0.1116,-0.1203,0.6172,-0.3297,0.185,-0.0967,-0.1268,0.5024,GO_GOAL
35.0,-0.11,-0.1192,0.6172,-0.3282,0.1863,-0.0967,-0.1268,0.5007,GO_GOAL
35.02,-0.1084,-0.118,0.6172,-0.3267,0.1876,-0.0885,-0.121,0.4989,GO_GOAL
35.036,-0.1068,-0.1169,0.6172,-0.3252,0.189,-0.0885,-0.121,0.4972,GO_GOAL
35.06,-0.1051,-0.1157,0.6172,-0.3237,0.1903,-0.0885,-0.121,0.4955,GO_GOAL
35.08,-0.1035,-0.1146,0.6172,-0.3222,0.1916,-0.0885,-0.121,0.4938,GO_GOAL
35.1,-0.1019,-0.1134,0.6172,-0.3207,0.193,-0.0885,-0.121,0.492,GO_GOAL
35.12,-0.1002,-0.1122,0.6172,-0.3192,0.1943,-0.0804,-0.1152,0.4903,GO_GOAL
35.138,-0.0986,-0.1111,0.6172,-0.3177,0.1956,-0.0804,-0.1152,0.4886,GO_GOAL
35.16,-0.097,-0.1099,0.6172,-0.3162,0.197,-0.0804,-0.1152,0.4869,GO_GOAL
35.18,-0.0953,-0.1088,0.6172,-0.3148,0.1983,-0.0804,-0.1152,0.4851,GO_GOAL
35.2,-0.0937,-0.1076,0.6172,-0.3118,0.201,-0.0804,-0.1152,0.4834,GO_GOAL
35.22,-0.0921,-0.1064,0.6172,-0.3103,0.2023,-0.0722,-0.1094,0.4817,GO_GOAL
35.24,-0.0904,-0.1053,0.6172,-0.3088,0.2036,-0.0722,-0.1094,0.48,GO_GOAL
35.26,-0.0888,-0.1041,0.6172,-0.3073,0.2049,-0.0722,-0.1094,0.4783,GO_GOAL
35.28,-0.0872,-0.103,0.6172,-0.3073,0.2049,-0.0722,-0.1094,0.4766,GO_GOAL
35.3,-0.0856,-0.1018,0.6172,-0.3058,0.2063,-0.0722,-0.1094,0.4749,GO_GOAL
35.326,-0.0839,-0.1007,0.6172,-0.3028,0.2089,-0.0641,-0.1036,0.4732,GO_GOAL
35.34,-0.0823,-0.0995,0.6172,-0.3028,0.2089,-0.0641,-0.1036,0.4714,GO_GOAL
35.36,-0.0807,-0.0983,0.6172,-0.3013,0.2103,-0.0641,-0.1036,0.4697,GO_GOAL
35.38,-0.079,-0.0972,0.6172,-0.2983,0.2129,-0.0641,-0.1036,0.468,GO_GOAL
35.4,-0.0774,-0.096,0.6172,-0.2968,0.2143,-0.0641,-0.1036,0.4663,GO_GOAL
35.42,-0.0758,-0.0949,0.6172,-0.2968,0.2143,-0.0543,-0.0967,0.4646,GO_GOAL
35.44,-0.0741,-0.0937,0.6172,-0.2953,0.2156,-0.0543,-0.0967,0.4629,GO_GOAL
35.46,-0.0725,-0.0926,0.6172,-0.2939,0.2169,-0.0543,-0.0967,0.4612,GO_GOAL
35.482,-0.0709,-0.0914,0.6172,-0.2909,0.2196,-0.0543,-0.0967,0.4595,GO_GOAL
35.5,-0.0692,-0.0902,0.6172,-0.2909,0.2196,-0.0543,-0.0967,0.4578,GO_GOAL
35.52,-0.0676,-0.0891,0.6172,-0.2894,0.2209,-0.0461,-0.0909,0.4561,GO_GOAL
35.54,-0.066,-0.0879,0.6172,-0.2879,0.2223,-0.0461,-0.0909,0.4544,GO_GOAL
35.558,-0.0644,-0.0868,0.6172,-0.2864,0.2236,-0.0461,-0.0909,0.4528,GO_GOAL
35.58,-0.0627,-0.0856,0.6172,-0.2849,0.2249,-0.0461,-0.0909,0.4511,GO_GOAL
35.6,-0.0611,-0.0845,0.6172,-0.2834,0.2262,-0.0461,-0.0909,0.4494,GO_GOAL
35.62,-0.0595,-0.0833,0.6172,-0.2819,0.2276,-0.0396,-0.0863,0.4477,GO_GOAL
35.638,-0.0578,-0.0821,0.6172,-0.2804,0.2289,-0.0396,-0.0863,0.446,GO_GOAL
35.66,-0.0562,-0.081,0.6172,-0.2789,0.2302,-0.0396,-0.0863,0.4443,GO_GOAL
35.68,-0.0546,-0.0798,0.6172,-0.2759,0.2329,-0.0396,-0.0863,0.4426,GO_GOAL
35.7,-0.0529,-0.0787,0.6172,-0.2759,0.2329,-0.0396,-0.0863,0.441,GO_GOAL
35.72,-0.0513,-0.0775,0.6172,-0.273,0.2356,-0.0298,-0.0793,0.4393,GO_GOAL
35.74,-0.0497,-0.0764,0.6172,-0.2715,0.2369,-0.0298,-0.0793,0.4376,GO_GOAL
35.76,-0.048,-0.0752,0.6172,-0.2715,0.2369,-0.0298,-0.0793,0.4359,GO_GOAL
35.78,-0.0464,-0.074,0.6172,-0.27,0.2382,-0.0298,-0.0793,0.4342,GO_GOAL
35.8,-0.0448,-0.0729,0.6172,-0.2685,0.2396,-0.0298,-0.0793,0.4326,GO_GOAL
35.82,-0.0431,-0.0717,0.6172,-0.267,0.2409,-0.0233,-0.0747,0.4309,GO_GOAL
35.84,-0.0415,-0.0706,0.6172,-0.2655,0.2422,-0.0233,-0.0747,0.4292,GO_GOAL
35.86,-0.0399,-0.0694,0.6172,-0.264,0.2435,-0.0233,-0.0747,0.4276,GO_GOAL
35.88,-0.0383,-0.0682,0.6172,-0.261,0.2462,-0.0233,-0.0747,0.4259,GO_GOAL
35.9,-0.0366,-0.0671,0.6172,-0.261,0.2462,-0.0233,-0.0747,0.4242,GO_GOAL
35.92,-0.035,-0.0659,0.6172,-0.2595,0.2475,-0.0152,-0.0689,0.4226,GO_GOAL
35.94,-0.0334,-0.0648,0.6172,-0.258,0.2489,-0.0152,-0.0689,0.4209,GO_GOAL
35.96,-0.0317,-0.0636,0.6172,-0.2565,0.2502,-0.0152,-0.0689,0.4192,GO_GOAL
35.98,-0.0301,-0.0625,0.6172,-0.255,0.2515,-0.0152,-0.0689,0.4176,GO_GOAL
36.0,-0.0285,-0.0613,0.6172,-0.2536,0.2529,-0.0152,-0.0689,0.4159,GO_GOAL
36.02,-0.0268,-0.0601,0.6172,-0.2506,0.2555,-0.007,-0.0631,0.4143,GO_GOAL
36.04,-0.0252,-0.059,0.6172,-0.2506,0.2555,-0.007,-0.0631,0.4126,GO_GOAL
36.058,-0.0236,-0.0578,0.6172,-0.2491,0.2569,-0.007,-0.0631,0.411,GO_GOAL
36.08,-0.0219,-0.0567,0.6172,-0.2476,0.2582,-0.007,-0.0631,0.4093,GO_GOAL
36.1,-0.0203,-0.0555,0.6172,-0.2461,0.2595,-0.007,-0.0631,0.4077,GO_GOAL
36.12,-0.0187,-0.0544,0.6172,-0.2446,0.2609,0.0012,-0.0573,0.406,GO_GOAL
36.14,-0.0171,-0.0532,0.6172,-0.2431,0.2622,0.0012,-0.0573,0.4044,GO_GOAL
36.16,-0.0154,-0.052,0.6172,-0.2416,0.2635,0.0012,-0.0573,0.4027,GO_GOAL
36.18,-0.0138,-0.0509,0.6172,-0.2401,0.2648,0.0012,-0.0573,0.4011,GO_GOAL
36.2,-0.0122,-0.0497,0.6172,-0.2386,0.2662,0.0093,-0.0515,0.3995,GO_GOAL
36.22,-0.0105,-0.0486,0.6172,-0.2371,0.2675,0.0093,-0.0515,0.3978,GO_GOAL
36.24,-0.0089,-0.0474,0.6172,-0.2356,0.2688,0.0093,-0.0515,0.3962,GO_GOAL
36.26,-0.0073,-0.0463,0.6172,-0.2341,0.2702,0.0093,-0.0515,0.3945,GO_GOAL
36.28,-0.0056,-0.0451,0.6172,-0.2327,0.2715,0.0093,-0.0515,0.3929,GO_GOAL
36.3,-0.004,-0.0439,0.6172,-0.2312,0.2728,0.0093,-0.0515,0.3913,GO_GOAL
36.32,-0.0024,-0.0428,0.6172,-0.2282,0.2755,0.0175,-0.0457,0.3897,GO_GOAL
36.34,-0.0007,-0.0416,0.6172,-0.2282,0.2755,0.0175,-0.0457,0.388,GO_GOAL
36.36,0.0009,-0.0405,0.6172,-0.2267,0.2768,0.0175,-0.0457,0.3864,GO_GOAL
36.38,0.0025,-0.0393,0.6172,-0.2252,0.2782,0.0175,-0.0457,0.3848,GO_GOAL
36.4,0.0042,-0.0382,0.6172,-0.2237,0.2795,0.0175,-0.0457,0.3832,GO_GOAL
36.42,0.0058,-0.037,0.6172,-0.2222,0.2808,0.0256,-0.04,0.3815,GO_GOAL
36.44,0.0074,-0.0358,0.6172,-0.2192,0.2835,0.0256,-0.04,0.3799,GO_GOAL
36.46,0.009,-0.0347,0.6172,-0.2192,0.2835,0.0256,-0.04,0.3783,GO_GOAL
36.48,0.0107,-0.0335,0.6172,-0.2177,0.2848,0.0256,-0.04,0.3767,GO_GOAL
36.5,0.0123,-0.0324,0.6172,-0.2162,0.2861,0.0256,-0.04,0.3751,GO_GOAL
36.52,0.0139,-0.0312,0.6172,-0.2147,0.2875,0.0338,-0.0342,0.3735,GO_GOAL
36.54,0.0156,-0.0301,0.6172,-0.2132,0.2888,0.0338,-0.0342,0.3719,GO_GOAL
36.56,0.0172,-0.0289,0.6172,-0.2118,0.2901,0.0338,-0.0342,0.3703,GO_GOAL
36.58,0.0188,-0.0277,0.6172,-0.2103,0.2915,0.0338,-0.0342,0.3687,GO_GOAL
36.6,0.0205,-0.0266,0.6172,-0.2088,0.2928,0.0338,-0.0342,0.3671,GO_GOAL
36.62,0.0221,-0.0254,0.6172,-0.2073,0.2941,0.0419,-0.0284,0.3655,GO_GOAL
36.64,0.0237,-0.0243,0.6172,-0.2058,0.2955,0.0419,-0.0284,0.3639,GO_GOAL
36.66,0.0254,-0.0231,0.6172,-0.2043,0.2968,0.0419,-0.0284,0.3623,GO_GOAL
36.68,0.027,-0.0219,0.6172,-0.2028,0.2981,0.0419,-0.0284,0.3607,GO_GOAL
36.7,0.0286,-0.0208,0.6172,-0.2013,0.2995,0.0419,-0.0284,0.3591,GO_GOAL
36.72,0.0302,-0.0196,0.6172,-0.1998,0.3008,0.0501,-0.0226,0.3575,GO_GOAL
36.74,0.0319,-0.0185,0.6172,-0.1983,0.3021,0.0501,-0.0226,0.3559,GO_GOAL
36.76,0.0335,-0.0173,0.6172,-0.1968,0.3034,0.0501,-0.0226,0.3544,GO_GOAL
36.78,0.0351,-0.0162,0.6172,-0.1953,0.3048,0.0501,-0.0226,0.3528,GO_GOAL
36.8,0.0368,-0.015,0.6172,-0.1938,0.3061,0.0501,-0.0226,0.3512,GO_GOAL
36.82,0.0384,-0.0138,0.6172,-0.1924,0.3074,0.0582,-0.0168,0.3496,GO_GOAL
36.84,0.04,-0.0127,0.6172,-0.1909,0.3088,0.0582,-0.0168,0.3481,GO_GOAL
36.86,0.0417,-0.0115,0.6172,-0.1894,0.3101,0.0582,-0.0168,0.3465,GO_GOAL
36.88,0.0433,-0.0104,0.6172,-0.1879,0.3114,0.0582,-0.0168,0.3449,GO_GOAL
36.9,0.0449,-0.0092,0.6172,-0.1849,0.3141,0.0664,-0.011,0.3434,GO_GOAL
36.92,0.0466,-0.0081,0.6172,-0.1849,0.3141,0.0664,-0.011,0.3418,GO_GOAL
36.94,0.0482,-0.0069,0.6172,-0.1834,0.3154,0.0664,-0.011,0.3402,GO_GOAL
36.96,0.0498,-0.0057,0.6172,-0.1804,0.3181,0.0664,-0.011,0.3387,GO_GOAL
36.98,0.0514,-0.0046,0.6172,-0.1804,0.3181,0.0664,-0.011,0.3371,GO_GOAL
37.0,0.0531,-0.0034,0.6172,-0.1789,0.3194,0.0664,-0.011,0.3356,GO_GOAL
37.02,0.0547,-0.0023,0.6172,-0.1774,0.3208,0.0746,-0.0052,0.334,GO_GOAL
37.04,0.0563,-0.0011,0.6172,-0.1759,0.3221,0.0746,-0.0052,0.3325,GO_GOAL
37.06,0.058,0.0,0.6172,-0.1744,0.3234,0.0746,-0.0052,0.3309,GO_GOAL
37.08,0.0596,0.0012,0.6172,-0.1729,0.3247,0.0746,-0.0052,0.3294,GO_GOAL
37.1,0.0612,0.0024,0.6172,-0.1715,0.3261,0.0746,-0.0052,0.3278,GO_GOAL
37.12,0.0629,0.0035,0.6172,-0.17,0.3274,0.0827,0.0006,0.3263,GO_GOAL
37.14,0.0645,0.0047,0.6172,-0.1685,0.3287,0.0827,0.0006,0.3248,GO_GOAL
37.16,0.0661,0.0058,0.6172,-0.167,0.3301,0.0827,0.0006,0.3232,GO_GOAL
37.18,0.0678,0.007,0.6172,-0.1655,0.3314,0.0827,0.0006,0.3217,GO_GOAL
37.2,0.0694,0.0081,0.6172,-0.164,0.3327,0.0909,0.0063,0.3202,GO_GOAL
37.22,0.071,0.0093,0.6172,-0.1625,0.3341,0.0909,0.0063,0.3186,GO_GOAL
37.24,0.0727,0.0105,0.6172,-0.161,0.3354,0.0909,0.0063,0.3171,GO_GOAL
37.26,0.0743,0.0116,0.6172,-0.1595,0.3367,0.0909,0.0063,0.3156,GO_GOAL
37.28,0.0759,0.0128,0.6172,-0.158,0.3381,0.0909,0.0063,0.3141,GO_GOAL
37.3,0.0775,0.0139,0.6172,-0.1565,0.3394,0.0909,0.0063,0.3126,GO_GOAL
37.32,0.0792,0.0151,0.6172,-0.155,0.3407,0.099,0.0121,0.3111,GO_GOAL
37.34,0.0808,0.0163,0.6172,-0.1535,0.3421,0.099,0.0121,0.3095,GO_GOAL
37.36,0.0824,0.0174,0.6172,-0.152,0.3434,0.099,0.0121,0.308,GO_GOAL
37.38,0.0841,0.0186,0.6172,-0.1491,0.346,0.099,0.0121,0.3065,GO_GOAL
37.4,0.0857,0.0197,0.6172,-0.1476,0.3474,0.099,0.0121,0.305,GO_GOAL
37.42,0.0873,0.0209,0.6172,-0.1476,0.3474,0.1072,0.0179,0.3035,GO_GOAL
37.44,0.089,0.022,0.6172,-0.1461,0.3487,0.1072,0.0179,0.302,GO_GOAL
37.46,0.0906,0.0232,0.6172,-0.1446,0.35,0.1072,0.0179,0.3006,GO_GOAL
37.48,0.0922,0.0244,0.6172,-0.1431,0.3514,0.1072,0.0179,0.2991,GO_GOAL
37.5,0.0939,0.0255,0.6172,-0.1416,0.3527,0.1153,0.0237,0.2976,GO_GOAL
37.52,0.0955,0.0267,0.6172,-0.1401,0.354,0.1153,0.0237,0.2961,GO_GOAL
37.54,0.0971,0.0278,0.6172,-0.1386,0.3554,0.1153,0.0237,0.2946,GO_GOAL
37.56,0.0987,0.029,0.6172,-0.1371,0.3567,0.1153,0.0237,0.2931,GO_GOAL
37.58,0.1004,0.0301,0.6172,-0.1356,0.358,0.1153,0.0237,0.2917,GO_GOAL
37.6,0.102,0.0313,0.6172,-0.1341,0.3594,0.1153,0.0237,0.2902,GO_GOAL
37.62,0.1036,0.0325,0.6172,-0.1326,0.3607,0.1235,0.0295,0.2887,GO_GOAL
37.64,0.1053,0.0336,0.6172,-0.1297,0.3634,0.1235,0.0295,0.2873,GO_GOAL
37.66,0.1069,0.0348,0.6172,-0.1297,0.3634,0.1235,0.0295,0.2858,GO_GOAL
37.68,0.1085,0.0359,0.6172,-0.1282,0.3647,0.1235,0.0295,0.2843,GO_GOAL
37.7,0.1102,0.0371,0.6172,-0.1267,0.366,0.1235,0.0295,0.2829,GO_GOAL
37.72,0.1118,0.0382,0.6172,-0.1252,0.3673,0.1333,0.0364,0.2814,GO_GOAL
37.74,0.1134,0.0394,0.6172,-0.1222,0.37,0.1333,0.0364,0.28,GO_GOAL
37.76,0.1151,0.0406,0.6172,-0.1222,0.37,0.1333,0.0364,0.2785,GO_GOAL
37.78,0.1167,0.0417,0.6172,-0.1207,0.3713,0.1333,0.0364,0.2771,GO_GOAL
37.8,0.1183,0.0429,0.6172,-0.1192,0.3727,0.1333,0.0364,0.2756,GO_GOAL
37.82,0.12,0.044,0.6172,-0.1177,0.374,0.1398,0.0411,0.2742,GO_GOAL
37.84,0.1216,0.0452,0.6172,-0.1162,0.3753,0.1398,0.0411,0.2728,GO_GOAL
37.86,0.1232,0.0463,0.6172,-0.1147,0.3767,0.1398,0.0411,0.2714,GO_GOAL
37.88,0.1248,0.0475,0.6172,-0.1132,0.378,0.1398,0.0411,0.2699,GO_GOAL
37.9,0.1265,0.0487,0.6172,-0.1103,0.3807,0.1398,0.0411,0.2685,GO_GOAL
37.92,0.1281,0.0498,0.6172,-0.1103,0.3807,0.1496,0.048,0.2671,GO_GOAL
37.94,0.1297,0.051,0.6172,-0.1088,0.382,0.1496,0.048,0.2657,GO_GOAL
37.96,0.1314,0.0521,0.6172,-0.1073,0.3833,0.1496,0.048,0.2643,GO_GOAL
37.98,0.133,0.0533,0.6172,-0.1058,0.3846,0.1496,0.048,0.2628,GO_GOAL
38.0,0.1346,0.0544,0.6172,-0.1043,0.386,0.1496,0.048,0.2614,GO_GOAL
38.02,0.1363,0.0556,0.6172,-0.1028,0.3873,0.1561,0.0526,0.26,GO_GOAL
38.04,0.1379,0.0568,0.6172,-0.1013,0.3886,0.1561,0.0526,0.2586,GO_GOAL
38.06,0.1395,0.0579,0.6172,-0.0998,0.39,0.1561,0.0526,0.2572,GO_GOAL
38.08,0.1412,0.0591,0.6172,-0.0983,0.3913,0.1561,0.0526,0.2559,GO_GOAL
38.1,0.1428,0.0602,0.6172,-0.0968,0.3926,0.1561,0.0526,0.2545,GO_GOAL
38.12,0.1444,0.0614,0.6172,-0.0953,0.394,0.1643,0.0584,0.2531,GO_GOAL
38.14,0.146,0.0626,0.6172,-0.0923,0.3966,0.1643,0.0584,0.2517,GO_GOAL
38.16,0.1477,0.0637,0.6172,-0.0923,0.3966,0.1643,0.0584,0.2503,GO_GOAL
38.18,0.1493,0.0649,0.6172,-0.0908,0.398,0.1643,0.0584,0.249,GO_GOAL
38.2,0.1509,0.066,0.6172,-0.0894,0.3993,0.1643,0.0584,0.2476,GO_GOAL
38.22,0.1526,0.0672,0.6172,-0.0879,0.4006,0.1724,0.0642,0.2462,GO_GOAL
38.24,0.1542,0.0683,0.6172,-0.0864,0.402,0.1724,0.0642,0.2449,GO_GOAL
38.26,0.1558,0.0695,0.6172,-0.0849,0.4033,0.1724,0.0642,0.2435,GO_GOAL
38.28,0.1575,0.0707,0.6172,-0.0834,0.4046,0.1724,0.0642,0.2421,GO_GOAL
38.3,0.1591,0.0718,0.6172,-0.0819,0.4059,0.1724,0.0642,0.2408,GO_GOAL
38.32,0.1607,0.073,0.6172,-0.0804,0.4073,0.1806,0.07,0.2395,GO_GOAL
38.34,0.1624,0.0741,0.6172,-0.0774,0.4099,0.1806,0.07,0.2381,GO_GOAL
38.36,0.164,0.0753,0.6172,-0.0774,0.4099,0.1806,0.07,0.2368,GO_GOAL
38.38,0.1656,0.0764,0.6172,-0.0759,0.4113,0.1806,0.07,0.2354,GO_GOAL
38.4,0.1673,0.0776,0.6172,-0.0744,0.4126,0.1806,0.07,0.2341,GO_GOAL
38.42,0.1689,0.0788,0.6172,-0.0729,0.4139,0.1887,0.0758,0.2328,GO_GOAL
38.44,0.1705,0.0799,0.6172,-0.0714,0.4153,0.1887,0.0758,0.2315,GO_GOAL
38.46,0.1721,0.0811,0.6172,-0.07,0.4166,0.1887,0.0758,0.2302,GO_GOAL
38.48,0.1738,0.0822,0.6172,-0.067,0.4193,0.1887,0.0758,0.2288,GO_GOAL
38.5,0.1754,0.0834,0.6172,-0.067,0.4193,0.1887,0.0758,0.2275,GO_GOAL
38.52,0.177,0.0845,0.6172,-0.0655,0.4206,0.1985,0.0827,0.2262,GO_GOAL
38.54,0.1787,0.0857,0.6172,-0.064,0.4219,0.1985,0.0827,0.2249,GO_GOAL
38.56,0.1803,0.0869,0.6172,-0.0625,0.4233,0.1985,0.0827,0.2236,GO_GOAL
38.58,0.1819,0.088,0.6172,-0.061,0.4246,0.1985,0.0827,0.2223,GO_GOAL
38.6,0.1836,0.0892,0.6172,-0.0595,0.4259,0.1985,0.0827,0.2211,GO_GOAL
38.62,0.1852,0.0903,0.6172,-0.058,0.4272,0.205,0.0874,0.2198,GO_GOAL
38.64,0.1868,0.0915,0.6172,-0.0565,0.4286,0.205,0.0874,0.2185,GO_GOAL
38.66,0.1885,0.0926,0.6172,-0.055,0.4299,0.205,0.0874,0.2172,GO_GOAL
38.68,0.1901,0.0938,0.6172,-0.0535,0.4312,0.205,0.0874,0.216,GO_GOAL
38.7,0.1917,0.095,0.6172,-0.052,0.4326,0.205,0.0874,0.2147,GO_GOAL
38.72,0.1933,0.0961,0.6172,-0.0505,0.4339,0.2132,0.0932,0.2134,GO_GOAL
38.74,0.195,0.0973,0.6172,-0.0491,0.4352,0.2132,0.0932,0.2122,GO_GOAL
38.76,0.1966,0.0984,0.6172,-0.0476,0.4366,0.2132,0.0932,0.2109,GO_GOAL
38.78,0.1982,0.0996,0.6172,-0.0461,0.4379,0.2132,0.0932,0.2097,GO_GOAL
38.8,0.1999,0.1007,0.6172,-0.0446,0.4392,0.2132,0.0932,0.2084,GO_GOAL
38.82,0.2015,0.1019,0.6172,-0.0431,0.4406,0.2213,0.099,0.2072,GO_GOAL
38.84,0.2031,0.1031,0.6172,-0.0416,0.4419,0.2213,0.099,0.206,GO_GOAL
38.86,0.2048,0.1042,0.6172,-0.0401,0.4432,0.2213,0.099,0.2047,GO_GOAL
38.88,0.2064,0.1054,0.6172,-0.0386,0.4445,0.2213,0.099,0.2035,GO_GOAL
38.9,0.208,0.1065,0.6172,-0.0371,0.4459,0.2213,0.099,0.2023,GO_GOAL
38.92,0.2097,0.1077,0.6172,-0.0356,0.4472,0.2295,0.1047,0.2011,GO_GOAL
38.94,0.2113,0.1088,0.6172,-0.0326,0.4499,0.2295,0.1047,0.1999,GO_GOAL
38.96,0.2129,0.11,0.6172,-0.0326,0.4499,0.2295,0.1047,0.1987,GO_GOAL
38.98,0.2146,0.1112,0.6172,-0.0311,0.4512,0.2295,0.1047,0.1975,GO_GOAL
39.0,0.2162,0.1123,0.6172,-0.0296,0.4525,0.2295,0.1047,0.1963,GO_GOAL
39.02,0.2178,0.1135,0.6172,-0.0282,0.4539,0.2376,0.1105,0.1951,GO_GOAL
39.04,0.2194,0.1146,0.6172,-0.0252,0.4565,0.2376,0.1105,0.1939,GO_GOAL
39.06,0.2211,0.1158,0.6172,-0.0237,0.4579,0.2376,0.1105,0.1927,GO_GOAL
39.08,0.2227,0.117,0.6172,-0.0237,0.4579,0.2376,0.1105,0.1916,GO_GOAL
39.1,0.2243,0.1181,0.6172,-0.0222,0.4592,0.2376,0.1105,0.1904,GO_GOAL
39.12,0.226,0.1193,0.6172,-0.0192,0.4619,0.2458,0.1163,0.1893,GO_GOAL
39.14,0.2276,0.1204,0.6172,-0.0192,0.4619,0.2458,0.1163,0.1881,GO_GOAL
39.16,0.2292,0.1216,0.6172,-0.0177,0.4632,0.2458,0.1163,0.1869,GO_GOAL
39.18,0.2309,0.1227,0.6172,-0.0162,0.4645,0.2458,0.1163,0.1858,GO_GOAL
39.2,0.2325,0.1239,0.6172,-0.0132,0.4672,0.254,0.1221,0.1847,GO_GOAL
39.22,0.2341,0.1251,0.6172,-0.0132,0.4672,0.254,0.1221,0.1835,GO_GOAL
39.24,0.2358,0.1262,0.6172,-0.0117,0.4685,0.254,0.1221,0.1824,GO_GOAL
39.26,0.2374,0.1274,0.6172,-0.0102,0.4698,0.254,0.1221,0.1813,GO_GOAL
39.28,0.239,0.1285,0.6172,-0.0088,0.4712,0.254,0.1221,0.1802,GO_GOAL
39.3,0.2406,0.1297,0.6172,-0.0073,0.4725,0.254,0.1221,0.1791,GO_GOAL
39.32,0.2423,0.1308,0.6172,-0.0043,0.4752,0.2621,0.1279,0.1779,GO_GOAL
39.34,0.2439,0.132,0.6172,-0.0043,0.4752,0.2621,0.1279,0.1768,GO_GOAL
39.36,0.2455,0.1332,0.6172,-0.0028,0.4765,0.2621,0.1279,0.1758,GO_GOAL
39.38,0.2472,0.1343,0.6172,-0.0013,0.4778,0.2621,0.1279,0.1747,GO_GOAL
39.4,0.2488,0.1355,0.6172,0.0002,0.4792,0.2621,0.1279,0.1736,GO_GOAL
39.42,0.2504,0.1366,0.6172,0.0032,0.4818,0.2703,0.1337,0.1725,GO_GOAL
39.44,0.2521,0.1378,0.6172,0.0032,0.4818,0.2703,0.1337,0.1714,GO_GOAL
39.46,0.2537,0.1389,0.6172,0.0047,0.4832,0.2703,0.1337,0.1704,GO_GOAL
39.48,0.2553,0.1401,0.6172,0.0062,0.4845,0.2703,0.1337,0.1693,GO_GOAL
39.5,0.257,0.1413,0.6172,0.0077,0.4858,0.2703,0.1337,0.1683,GO_GOAL
39.52,0.2586,0.1424,0.6172,0.0092,0.4871,0.2784,0.1395,0.1672,GO_GOAL
39.54,0.2602,0.1436,0.6172,0.0107,0.4885,0.2784,0.1395,0.1662,GO_GOAL
39.56,0.2619,0.1447,0.6172,0.0121,0.4898,0.2784,0.1395,0.1651,GO_GOAL
39.58,0.2635,0.1459,0.6172,0.0136,0.4911,0.2784,0.1395,0.1641,GO_GOAL
39.6,0.2651,0.147,0.6172,0.0151,0.4925,0.2784,0.1395,0.1631,GO_GOAL
39.62,0.2667,0.1482,0.6172,0.0181,0.4951,0.2866,0.1453,0.1621,GO_GOAL
39.64,0.2684,0.1494,0.6172,0.0181,0.4951,0.2866,0.1453,0.1611,GO_GOAL
39.66,0.27,0.1505,0.6172,0.0196,0.4965,0.2866,0.1453,0.1601,GO_GOAL
39.68,0.2716,0.1517,0.6172,0.0211,0.4978,0.2866,0.1453,0.1591,GO_GOAL
39.7,0.2733,0.1528,0.6172,0.0226,0.4991,0.2866,0.1453,0.1581,GO_GOAL
39.72,0.2749,0.154,0.6172,0.0241,0.5005,0.2947,0.151,0.1571,GO_GOAL
39.74,0.2765,0.1551,0.6172,0.0256,0.5018,0.2947,0.151,0.1561,GO_GOAL
39.76,0.2782,0.1563,0.6172,0.0271,0.5031,0.2947,0.151,0.1551,GO_GOAL
39.78,0.2798,0.1575,0.6172,0.0286,0.5044,0.2947,0.151,0.1542,GO_GOAL
39.8,0.2814,0.1586,0.6172,0.0301,0.5058,0.2947,0.151,0.1532,GO_GOAL
39.82,0.2831,0.1598,0.6172,0.0316,0.5071,0.3029,0.1568,0.1523,GO_GOAL
39.84,0.2847,0.1609,0.6172,0.033,0.5084,0.3029,0.1568,0.1513,GO_GOAL
39.86,0.2863,0.1621,0.6172,0.036,0.5111,0.3029,0.1568,0.1504,GO_GOAL
39.88,0.2879,0.1633,0.6172,0.036,0.5111,0.3029,0.1568,0.1495,GO_GOAL
39.9,0.2896,0.1644,0.6172,0.0375,0.5124,0.3029,0.1568,0.1485,GO_GOAL
39.92,0.2912,0.1656,0.6172,0.039,0.5138,0.311,0.1626,0.1476,GO_GOAL
39.94,0.2928,0.1667,0.6172,0.0405,0.5151,0.311,0.1626,0.1467,GO_GOAL
39.96,0.2945,0.1679,0.6172,0.042,0.5164,0.311,0.1626,0.1458,GO_GOAL
39.98,0.2961,0.169,0.6172,0.0435,0.5178,0.311,0.1626,0.1449,GO_GOAL
40.0,0.2977,0.1702,0.6172,0.045,0.5191,0.311,0.1626,0.144,GO_GOAL
40.02,0.2994,0.1714,0.6172,0.0465,0.5204,0.3192,0.1684,0.1431,GO_GOAL
40.04,0.301,0.1725,0.6172,0.048,0.5218,0.3192,0.1684,0.1423,GO_GOAL
40.06,0.3026,0.1737,0.6172,0.051,0.5244,0.3192,0.1684,0.1414,GO_GOAL
40.08,0.3043,0.1748,0.6172,0.0525,0.5257,0.3192,0.1684,0.1405,GO_GOAL
40.1,0.3059,0.176,0.6172,0.0525,0.5257,0.3192,0.1684,0.1397,GO_GOAL
40.12,0.3075,0.1771,0.6172,0.0539,0.5271,0.3274,0.1742,0.1388,GO_GOAL
40.14,0.3092,0.1783,0.6172,0.0554,0.5284,0.3274,0.1742,0.138,GO_GOAL
40.16,0.3108,0.1795,0.6172,0.0584,0.5311,0.3274,0.1742,0.1372,GO_GOAL
40.18,0.3124,0.1806,0.6172,0.0584,0.5311,0.3274,0.1742,0.1363,GO_GOAL
40.2,0.314,0.1818,0.6172,0.0599,0.5324,0.3274,0.1742,0.1355,GO_GOAL
40.22,0.3157,0.1829,0.6172,0.0614,0.5337,0.3355,0.18,0.1347,GO_GOAL
40.24,0.3173,0.1841,0.6172,0.0629,0.5351,0.3355,0.18,0.1339,GO_GOAL
40.26,0.3189,0.1852,0.6172,0.0644,0.5364,0.3355,0.18,0.1331,GO_GOAL
40.28,0.3206,0.1864,0.6172,0.0659,0.5377,0.3355,0.18,0.1323,GO_GOAL
40.3,0.3222,0.1876,0.6172,0.0674,0.5391,0.3355,0.18,0.1315,GO_GOAL
40.32,0.3238,0.1887,0.6172,0.0689,0.5404,0.3437,0.1858,0.1308,GO_GOAL
40.34,0.3255,0.1899,0.6172,0.0704,0.5417,0.3437,0.1858,0.13,GO_GOAL
40.36,0.3271,0.191,0.6172,0.0719,0.543,0.3437,0.1858,0.1293,GO_GOAL
40.38,0.3287,0.1922,0.6172,0.0733,0.5444,0.3437,0.1858,0.1285,GO_GOAL
40.4,0.3304,0.1933,0.6172,0.0748,0.5457,0.3437,0.1858,0.1278,GO_GOAL
40.42,0.332,0.1945,0.6172,0.0778,0.5484,0.3518,0.1916,0.127,GO_GOAL
40.44,0.3336,0.1957,0.6172,0.0778,0.5484,0.3518,0.1916,0.1263,GO_GOAL
40.46,0.3352,0.1968,0.6172,0.0808,0.551,0.3518,0.1916,0.1256,GO_GOAL
40.48,0.3369,0.198,0.6172,0.0808,0.551,0.3518,0.1916,0.1249,GO_GOAL
40.5,0.3385,0.1991,0.6172,0.0838,0.5537,0.36,0.1973,0.1242,GO_GOAL
40.52,0.3401,0.2003,0.6172,0.0853,0.555,0.36,0.1973,0.1235,GO_GOAL
40.54,0.3418,0.2014,0.6172,0.0853,0.555,0.36,0.1973,0.1228,GO_GOAL
40.56,0.3434,0.2026,0.6172,0.0868,0.5564,0.36,0.1973,0.1221,GO_GOAL
40.58,0.345,0.2038,0.6172,0.0883,0.5577,0.36,0.1973,0.1215,GO_GOAL
40.6,0.3467,0.2049,0.6172,0.0898,0.559,0.36,0.1973,0.1208,GO_GOAL
40.62,0.3483,0.2061,0.6172,0.0913,0.5604,0.3681,0.2031,0.1202,GO_GOAL
40.64,0.3499,0.2072,0.6172,0.0928,0.5617,0.3681,0.2031,0.1195,GO_GOAL
40.66,0.3516,0.2084,0.6172,0.0942,0.563,0.3681,0.2031,0.1189,GO_GOAL
40.68,0.3532,0.2095,0.6172,0.0957,0.5643,0.3681,0.2031,0.1183,GO_GOAL
40.7,0.3548,0.2107,0.6172,0.0972,0.5657,0.3681,0.2031,0.1176,GO_GOAL
40.72,0.3565,0.2119,0.6172,0.0987,0.567,0.3763,0.2089,0.117,GO_GOAL
40.74,0.3581,0.213,0.6172,0.1002,0.5683,0.3763,0.2089,0.1164,GO_GOAL
40.76,0.3597,0.2142,0.6172,0.1017,0.5697,0.3763,0.2089,0.1158,GO_GOAL
40.78,0.3613,0.2153,0.6172,0.1032,0.571,0.3763,0.2089,0.1153,GO_GOAL
40.8,0.363,0.2165,0.6172,0.1047,0.5723,0.3763,0.2089,0.1147,GO_GOAL
40.82,0.3646,0.2177,0.6172,0.1062,0.5737,0.3844,0.2147,0.1141,GO_GOAL
40.84,0.3662,0.2188,0.6172,0.1077,0.575,0.3844,0.2147,0.1136,GO_GOAL
40.86,0.3679,0.22,0.6172,0.1092,0.5763,0.3844,0.2147,0.113,GO_GOAL
40.88,0.3695,0.2211,0.6172,0.1107,0.5777,0.3844,0.2147,0.1125,GO_GOAL
40.9,0.3711,0.2223,0.6172,0.1122,0.579,0.3926,0.2205,0.1119,GO_GOAL
40.92,0.3728,0.2234,0.6172,0.1137,0.5803,0.3926,0.2205,0.1114,GO_GOAL
40.94,0.3744,0.2246,0.6172,0.1151,0.5817,0.3926,0.2205,0.1109,GO_GOAL
40.96,0.376,0.2258,0.6172,0.1166,0.583,0.3926,0.2205,0.1104,GO_GOAL
40.98,0.3777,0.2269,0.6172,0.1181,0.5843,0.3926,0.2205,0.1099,GO_GOAL
41.0,0.3793,0.2281,0.6172,0.1196,0.5856,0.3926,0.2205,0.1094,GO_GOAL
41.02,0.3809,0.2292,0.6172,0.1226,0.5883,0.4007,0.2263,0.1089,GO_GOAL
41.04,0.3825,0.2304,0.6172,0.1241,0.5896,0.4007,0.2263,0.1085,GO_GOAL
41.06,0.3842,0.2315,0.6172,0.1241,0.5896,0.4007,0.2263,0.108,GO_GOAL
41.08,0.3858,0.2327,0.6172,0.1256,0.591,0.4007,0.2263,0.1076,GO_GOAL
41.1,0.3874,0.2339,0.6172,0.1286,0.5936,0.4007,0.2263,0.1071,GO_GOAL
41.12,0.3891,0.235,0.6172,0.1286,0.5936,0.4089,0.2321,0.1067,GO_GOAL
41.14,0.3907,0.2362,0.6172,0.1301,0.595,0.4089,0.2321,0.1063,GO_GOAL
41.16,0.3923,0.2373,0.6172,0.1316,0.5963,0.4089,0.2321,0.1059,GO_GOAL
41.18,0.394,0.2385,0.6172,0.1331,0.5976,0.4089,0.2321,0.1055,GO_GOAL
41.2,0.3956,0.2396,0.6172,0.1346,0.599,0.4089,0.2321,0.1051,GO_GOAL
41.22,0.3972,0.2408,0.6172,0.136,0.6003,0.4171,0.2379,0.1047,GO_GOAL
41.24,0.3989,0.242,0.6172,0.1375,0.6016,0.4171,0.2379,0.1043,GO_GOAL
41.26,0.4005,0.2431,0.6172,0.139,0.6029,0.4171,0.2379,0.1039,GO_GOAL
41.28,0.4021,0.2443,0.6172,0.1405,0.6043,0.4171,0.2379,0.1036,GO_GOAL
41.3,0.4038,0.2454,0.6172,0.1435,0.6069,0.4171,0.2379,0.1032,GO_GOAL
41.32,0.4054,0.2466,0.6172,0.1435,0.6069,0.4252,0.2436,0.1029,GO_GOAL
41.34,0.407,0.2477,0.6172,0.145,0.6083,0.4252,0.2436,0.1026,GO_GOAL
41.36,0.4086,0.2489,0.6172,0.1465,0.6096,0.4252,0.2436,0.1022,GO_GOAL
41.38,0.4103,0.2501,0.6172,0.148,0.6109,0.4252,0.2436,0.1019,GO_GOAL
41.4,0.4119,0.2512,0.6172,0.1495,0.6123,0.4252,0.2436,0.1016,GO_GOAL
41.42,0.4135,0.2524,0.6172,0.151,0.6136,0.4334,0.2494,0.1013,GO_GOAL
41.44,0.4152,0.2535,0.6172,0.1525,0.6149,0.4334,0.2494,0.1011,GO_GOAL
41.46,0.4168,0.2547,0.6172,0.154,0.6163,0.4334,0.2494,0.1008,GO_GOAL
41.48,0.4184,0.2558,0.6172,0.1554,0.6176,0.4334,0.2494,0.1005,GO_GOAL
41.5,0.4201,0.257,0.6172,0.1569,0.6189,0.4334,0.2494,0.1003,GO_GOAL
41.52,0.4217,0.2582,0.6172,0.1599,0.6216,0.4432,0.2564,0.1,GO_GOAL
41.54,0.4233,0.2593,0.6172,0.1599,0.6216,0.4432,0.2564,0.0998,GO_GOAL
41.56,0.425,0.2605,0.6172,0.1614,0.6229,0.4432,0.2564,0.0996,GO_GOAL
41.58,0.4266,0.2616,0.6172,0.1629,0.6242,0.4432,0.2564,0.0993,GO_GOAL
41.6,0.4282,0.2628,0.6172,0.1644,0.6256,0.4432,0.2564,0.0991,GO_GOAL
41.62,0.4298,0.264,0.6172,0.1674,0.6282,0.4513,0.2622,0.0989,GO_GOAL
41.64,0.4315,0.2651,0.6172,0.1689,0.6296,0.4513,0.2622,0.0988,GO_GOAL
41.66,0.4331,0.2663,0.6172,0.1689,0.6296,0.4513,0.2622,0.0986,GO_GOAL
41.68,0.4347,0.2674,0.6172,0.1704,0.6309,0.4513,0.2622,0.0984,GO_GOAL
41.7,0.4364,0.2686,0.6172,0.1719,0.6322,0.4513,0.2622,0.0983,GO_GOAL
41.72,0.438,0.2697,0.6172,0.1734,0.6336,0.4578,0.2668,0.0981,GO_GOAL
41.74,0.4396,0.2709,0.6172,0.1749,0.6349,0.4578,0.2668,0.098,GO_GOAL
41.76,0.4413,0.2721,0.6172,0.1763,0.6362,0.4578,0.2668,0.0978,GO_GOAL
41.78,0.4429,0.2732,0.6172,0.1778,0.6376,0.4578,0.2668,0.0977,GO_GOAL
41.8,0.4445,0.2744,0.6172,0.1793,0.6389,0.4578,0.2668,0.0976,GO_GOAL
41.82,0.4462,0.2755,0.6172,0.1808,0.6402,0.466,0.2726,0.0975,GO_GOAL
41.84,0.4478,0.2767,0.6172,0.1823,0.6415,0.466,0.2726,0.0974,GO_GOAL
41.86,0.4494,0.2778,0.6172,0.1838,0.6429,0.466,0.2726,0.0974,GO_GOAL
41.88,0.4511,0.279,0.6172,0.1853,0.6442,0.466,0.2726,0.0973,GO_GOAL
41.9,0.4527,0.2802,0.6172,0.1868,0.6455,0.466,0.2726,0.0972,GO_GOAL
41.92,0.4543,0.2813,0.6172,0.1883,0.6469,0.4741,0.2784,0.0972,GO_GOAL
41.94,0.4559,0.2825,0.6172,0.1913,0.6495,0.4741,0.2784,0.0971,GO_GOAL
41.96,0.4576,0.2836,0.6172,0.1913,0.6495,0.4741,0.2784,0.0971,GO_GOAL
41.98,0.4592,0.2848,0.6172,0.1928,0.6509,0.4741,0.2784,0.0971,GO_GOAL
42.0,0.4608,0.2859,0.6172,0.1943,0.6522,0.4741,0.2784,0.0971,GO_GOAL
42.02,0.4625,0.2871,0.6172,0.1958,0.6535,0.4823,0.2842,0.0971,GO_GOAL
42.04,0.4641,0.2883,0.6172,0.1972,0.6549,0.4823,0.2842,0.0971,GO_GOAL
42.06,0.4657,0.2894,0.6172,0.1987,0.6562,0.4823,0.2842,0.0971,GO_GOAL
42.08,0.4674,0.2906,0.6172,0.2002,0.6575,0.4823,0.2842,0.0971,GO_GOAL
42.1,0.469,0.2917,0.6172,0.2017,0.6589,0.4823,0.2842,0.0972,GO_GOAL
42.12,0.4706,0.2929,0.6172,0.2032,0.6602,0.4905,0.2899,0.0972,GO_GOAL
42.14,0.4723,0.294,0.6172,0.2047,0.6615,0.4905,0.2899,0.0973,GO_GOAL
42.16,0.4739,0.2952,0.6172,0.2062,0.6628,0.4905,0.2899,0.0973,GO_GOAL
42.18,0.4755,0.2964,0.6172,0.2077,0.6642,0.4905,0.2899,0.0974,GO_GOAL
42.2,0.4771,0.2975,0.6172,0.2092,0.6655,0.4905,0.2899,0.0975,GO_GOAL
42.22,0.4788,0.2987,0.6172,0.2122,0.6682,0.4986,0.2957,0.0976,GO_GOAL
42.24,0.4804,0.2998,0.6172,0.2122,0.6682,0.4986,0.2957,0.0977,GO_GOAL
42.26,0.482,0.301,0.6172,0.2137,0.6695,0.4986,0.2957,0.0978,GO_GOAL
42.28,0.4837,0.3021,0.6172,0.2167,0.6722,0.4986,0.2957,0.098,GO_GOAL
42.3,0.4853,0.3033,0.6172,0.2167,0.6722,0.5068,0.3015,0.0981,GO_GOAL
42.32,0.4869,0.3045,0.6172,0.2196,0.6748,0.5068,0.3015,0.0983,GO_GOAL
42.34,0.4886,0.3056,0.6172,0.2211,0.6762,0.5068,0.3015,0.0984,GO_GOAL
42.36,0.4902,0.3068,0.6172,0.2226,0.6775,0.5068,0.3015,0.0986,GO_GOAL
42.38,0.4918,0.3079,0.6172,0.2226,0.6775,0.5068,0.3015,0.0987,GO_GOAL
42.4,0.4935,0.3091,0.6172,0.2241,0.6788,0.5068,0.3015,0.0989,GO_GOAL
42.42,0.4951,0.3102,0.6172,0.2256,0.6802,0.5149,0.3073,0.0991,GO_GOAL
42.44,0.4967,0.3114,0.6172,0.2271,0.6815,0.5149,0.3073,0.0993,GO_GOAL
42.46,0.4984,0.3126,0.6172,0.2286,0.6828,0.5149,0.3073,0.0996,GO_GOAL
42.48,0.5,0.3137,0.6172,0.2316,0.6855,0.5149,0.3073,0.0998,GO_GOAL
42.5,0.5016,0.3149,0.6172,0.2316,0.6855,0.5149,0.3073,0.1,GO_GOAL
42.52,0.5032,0.316,0.6172,0.2331,0.6868,0.5231,0.3131,0.1003,GO_GOAL
42.54,0.5049,0.3172,0.6172,0.2346,0.6881,0.5231,0.3131,0.1005,GO_GOAL
42.56,0.5065,0.3184,0.6172,0.2361,0.6895,0.5231,0.3131,0.1008,GO_GOAL
42.58,0.5081,0.3195,0.6172,0.2375,0.6908,0.5231,0.3131,0.101,GO_GOAL
42.6,0.5098,0.3207,0.6172,0.239,0.6921,0.5231,0.3131,0.1013,GO_GOAL
42.62,0.5114,0.3218,0.6172,0.2405,0.6935,0.5312,0.3189,0.1016,GO_GOAL
42.64,0.513,0.323,0.6172,0.242,0.6948,0.5312,0.3189,0.1019,GO_GOAL
42.66,0.5147,0.3241,0.6172,0.2435,0.6961,0.5312,0.3189,0.1022,GO_GOAL
42.68,0.5163,0.3253,0.6172,0.245,0.6975,0.5312,0.3189,0.1025,GO_GOAL
42.7,0.5179,0.3265,0.6172,0.2465,0.6988,0.5312,0.3189,0.1029,GO_GOAL
42.72,0.5196,0.3276,0.6172,0.248,0.7001,0.5394,0.3247,0.1032,GO_GOAL
42.74,0.5212,0.3288,0.6172,0.2495,0.7014,0.5394,0.3247,0.1036,GO_GOAL
42.76,0.5228,0.3299,0.6172,0.251,0.7028,0.5394,0.3247,0.1039,GO_GOAL
42.78,0.5244,0.3311,0.6172,0.2525,0.7041,0.5394,0.3247,0.1043,GO_GOAL
42.8,0.5261,0.3322,0.6172,0.254,0.7054,0.5394,0.3247,0.1047,GO_GOAL
42.82,0.5277,0.3334,0.6172,0.2555,0.7068,0.5475,0.3305,0.105,GO_GOAL
42.84,0.5293,0.3346,0.6172,0.257,0.7081,0.5475,0.3305,0.1054,GO_GOAL
42.86,0.531,0.3357,0.6172,0.2599,0.7108,0.5475,0.3305,0.1058,GO_GOAL
42.88,0.5326,0.3369,0.6172,0.2599,0.7108,0.5475,0.3305,0.1063,GO_GOAL
42.9,0.5342,0.338,0.6172,0.2629,0.7134,0.5557,0.3362,0.1067,GO_GOAL
42.92,0.5359,0.3392,0.6172,0.2629,0.7134,0.5557,0.3362,0.1071,GO_GOAL
42.94,0.5375,0.3403,0.6172,0.2644,0.7148,0.5557,0.3362,0.1076,GO_GOAL
42.96,0.5391,0.3415,0.6172,0.2659,0.7161,0.5557,0.3362,0.108,GO_GOAL
42.98,0.5408,0.3427,0.6172,0.2674,0.7174,0.5557,0.3362,0.1085,GO_GOAL
43.0,0.5424,0.3438,0.6172,0.2689,0.7188,0.5557,0.3362,0.1089,GO_GOAL
43.02,0.544,0.345,0.6172,0.2704,0.7201,0.5638,0.342,0.1094,GO_GOAL
43.04,0.5457,0.3461,0.6172,0.2734,0.7227,0.5638,0.342,0.1099,GO_GOAL
43.06,0.5473,0.3473,0.6172,0.2734,0.7227,0.5638,0.342,0.1104,GO_GOAL
43.08,0.5489,0.3484,0.6172,0.2749,0.7241,0.5638,0.342,0.1109,GO_GOAL
43.1,0.5505,0.3496,0.6172,0.2779,0.7267,0.5638,0.342,0.1114,GO_GOAL
43.12,0.5522,0.3508,0.6172,0.2779,0.7267,0.5736,0.349,0.1119,GO_GOAL
43.14,0.5538,0.3519,0.6172,0.2793,0.7281,0.5736,0.349,0.1125,GO_GOAL
43.16,0.5554,0.3531,0.6172,0.2808,0.7294,0.5736,0.349,0.113,GO_GOAL
43.18,0.5571,0.3542,0.6172,0.2838,0.7321,0.5736,0.349,0.1135,GO_GOAL
43.2,0.5587,0.3554,0.6172,0.2838,0.7321,0.5736,0.349,0.1141,GO_GOAL
43.22,0.5603,0.3565,0.6172,0.2853,0.7334,0.5802,0.3536,0.1147,GO_GOAL
43.24,0.562,0.3577,0.6172,0.2868,0.7347,0.5802,0.3536,0.1152,GO_GOAL
43.26,0.5636,0.3589,0.6172,0.2883,0.7361,0.5802,0.3536,0.1158,GO_GOAL
43.28,0.5652,0.36,0.6172,0.2898,0.7374,0.5802,0.3536,0.1164,GO_GOAL
43.3,0.5669,0.3612,0.6172,0.2928,0.7401,0.5802,0.3536,0.117,GO_GOAL
43.32,0.5685,0.3623,0.6172,0.2943,0.7414,0.5883,0.3594,0.1176,GO_GOAL
43.34,0.5701,0.3635,0.6172,0.2958,0.7427,0.5883,0.3594,0.1182,GO_GOAL
43.36,0.5717,0.3646,0.6172,0.2958,0.7427,0.5883,0.3594,0.1189,GO_GOAL
43.38,0.5734,0.3658,0.6172,0.2973,0.744,0.5883,0.3594,0.1195,GO_GOAL
43.4,0.575,0.367,0.6172,0.2988,0.7454,0.5883,0.3594,0.1201,GO_GOAL
43.42,0.5766,0.3681,0.6172,0.3002,0.7467,0.5965,0.3652,0.1208,GO_GOAL
43.44,0.5783,0.3693,0.6172,0.3017,0.748,0.5965,0.3652,0.1214,GO_GOAL
43.46,0.5799,0.3704,0.6172,0.3032,0.7494,0.5965,0.3652,0.1221,GO_GOAL
43.48,0.5815,0.3716,0.6172,0.3047,0.7507,0.5965,0.3652,0.1228,GO_GOAL
43.5,0.5832,0.3728,0.6172,0.3062,0.752,0.6046,0.371,0.1235,GO_GOAL
43.52,0.5848,0.3739,0.6172,0.3077,0.7534,0.6046,0.371,0.1242,GO_GOAL
43.54,0.5864,0.3751,0.6172,0.3092,0.7547,0.6046,0.371,0.1249,GO_GOAL
43.56,0.5881,0.3762,0.6172,0.3107,0.756,0.6046,0.371,0.1256,GO_GOAL
43.58,0.5897,0.3774,0.6172,0.3122,0.7574,0.6046,0.371,0.1263,GO_GOAL
43.6,0.5913,0.3785,0.6172,0.3137,0.7587,0.6046,0.371,0.127,GO_GOAL
43.62,0.593,0.3797,0.6172,0.3152,0.76,0.6128,0.3768,0.1277,GO_GOAL
43.64,0.5946,0.3809,0.6172,0.3167,0.7613,0.6128,0.3768,0.1285,GO_GOAL
43.66,0.5962,0.382,0.6172,0.3182,0.7627,0.6128,0.3768,0.1292,GO_GOAL
43.68,0.5978,0.3832,0.6172,0.3196,0.764,0.6128,0.3768,0.13,GO_GOAL
43.7,0.5995,0.3843,0.6172,0.3211,0.7653,0.6128,0.3768,0.1307,GO_GOAL
43.72,0.6011,0.3855,0.6172,0.3226,0.7667,0.6209,0.3825,0.1315,GO_GOAL
43.74,0.6027,0.3866,0.6172,0.3241,0.768,0.6209,0.3825,0.1323,GO_GOAL
43.76,0.6044,0.3878,0.6172,0.3256,0.7693,0.6209,0.3825,0.1331,GO_GOAL
43.78,0.606,0.389,0.6172,0.3271,0.7707,0.6209,0.3825,0.1339,GO_GOAL
43.8,0.6076,0.3901,0.6172,0.3286,0.772,0.6209,0.3825,0.1347,GO_GOAL
43.82,0.6093,0.3913,0.6172,0.3301,0.7733,0.6291,0.3883,0.1355,GO_GOAL
43.84,0.6109,0.3924,0.6172,0.3316,0.7747,0.6291,0.3883,0.1363,GO_GOAL
43.86,0.6125,0.3936,0.6172,0.3331,0.776,0.6291,0.3883,0.1371,GO_GOAL
43.88,0.6142,0.3947,0.6172,0.3346,0.7773,0.6291,0.3883,0.138,GO_GOAL
43.9,0.6158,0.3959,0.6172,0.3361,0.7787,0.6291,0.3883,0.1388,GO_GOAL
43.92,0.6174,0.3971,0.6172,0.3376,0.78,0.6372,0.3941,0.1396,GO_GOAL
43.94,0.619,0.3982,0.6172,0.3391,0.7813,0.6372,0.3941,0.1405,GO_GOAL
43.96,0.6207,0.3994,0.6172,0.3405,0.7826,0.6372,0.3941,0.1414,GO_GOAL
43.98,0.6223,0.4005,0.6172,0.342,0.784,0.6372,0.3941,0.1422,GO_GOAL
44.0,0.6239,0.4017,0.6172,0.345,0.7866,0.6372,0.3941,0.1431,GO_GOAL
44.02,0.6256,0.4028,0.6172,0.345,0.7866,0.6454,0.3999,0.144,GO_GOAL
44.04,0.6272,0.404,0.6172,0.348,0.7893,0.6454,0.3999,0.1449,GO_GOAL
44.06,0.6288,0.4052,0.6172,0.348,0.7893,0.6454,0.3999,0.1458,GO_GOAL
44.08,0.6305,0.4063,0.6172,0.351,0.792,0.6454,0.3999,0.1467,GO_GOAL
44.1,0.6321,0.4075,0.6172,0.351,0.792,0.6454,0.3999,0.1476,GO_GOAL
44.12,0.6337,0.4086,0.6172,0.354,0.7946,0.6536,0.4057,0.1485,GO_GOAL
44.14,0.6354,0.4098,0.6172,0.3555,0.796,0.6536,0.4057,0.1494,GO_GOAL
44.16,0.637,0.4109,0.6172,0.3555,0.796,0.6536,0.4057,0.1503,GO_GOAL
44.18,0.6386,0.4121,0.6172,0.357,0.7973,0.6536,0.4057,0.1513,GO_GOAL
44.2,0.6403,0.4133,0.6172,0.3585,0.7986,0.6536,0.4057,0.1522,GO_GOAL
44.22,0.6419,0.4144,0.6172,0.3614,0.8013,0.6617,0.4115,0.1532,GO_GOAL
44.24,0.6435,0.4156,0.6172,0.3614,0.8013,0.6617,0.4115,0.1541,GO_GOAL
44.26,0.6451,0.4167,0.6172,0.3629,0.8026,0.6617,0.4115,0.1551,GO_GOAL
44.28,0.6468,0.4179,0.6172,0.3644,0.8039,0.6617,0.4115,0.1561,GO_GOAL
44.3,0.6484,0.419,0.6172,0.3659,0.8053,0.6617,0.4115,0.157,GO_GOAL
44.32,0.65,0.4202,0.6172,0.3674,0.8066,0.6699,0.4173,0.158,GO_GOAL
44.34,0.6517,0.4214,0.6172,0.3689,0.8079,0.6699,0.4173,0.159,GO_GOAL
44.36,0.6533,0.4225,0.6172,0.3704,0.8093,0.6699,0.4173,0.16,GO_GOAL
44.38,0.6549,0.4237,0.6172,0.3719,0.8106,0.6699,0.4173,0.161,GO_GOAL
44.4,0.6566,0.4248,0.6172,0.3734,0.8119,0.6699,0.4173,0.162,GO_GOAL
44.42,0.6582,0.426,0.6172,0.3749,0.8133,0.678,0.4231,0.163,GO_GOAL
44.44,0.6598,0.4272,0.6172,0.3779,0.8159,0.678,0.4231,0.1641,GO_GOAL
44.46,0.6615,0.4283,0.6172,0.3779,0.8159,0.678,0.4231,0.1651,GO_GOAL
44.48,0.6631,0.4295,0.6172,0.3794,0.8173,0.678,0.4231,0.1661,GO_GOAL
44.5,0.6647,0.4306,0.6172,0.3809,0.8186,0.678,0.4231,0.1672,GO_GOAL
44.52,0.6663,0.4318,0.6172,0.3823,0.8199,0.6862,0.4288,0.1682,GO_GOAL
44.54,0.668,0.4329,0.6172,0.3838,0.8212,0.6862,0.4288,0.1693,GO_GOAL
44.56,0.6696,0.4341,0.6172,0.3853,0.8226,0.6862,0.4288,0.1703,GO_GOAL
44.58,0.6712,0.4353,0.6172,0.3868,0.8239,0.6862,0.4288,0.1714,GO_GOAL
44.6,0.6729,0.4364,0.6172,0.3883,0.8252,0.6862,0.4288,0.1725,GO_GOAL
44.62,0.6745,0.4376,0.6172,0.3898,0.8266,0.6943,0.4346,0.1735,GO_GOAL
44.64,0.6761,0.4387,0.6172,0.3928,0.8292,0.6943,0.4346,0.1746,GO_GOAL
44.66,0.6778,0.4399,0.6172,0.3928,0.8292,0.6943,0.4346,0.1757,GO_GOAL
44.68,0.6794,0.441,0.6172,0.3943,0.8306,0.6943,0.4346,0.1768,GO_GOAL
44.7,0.681,0.4422,0.6172,0.3973,0.8332,0.7025,0.4404,0.1779,GO_GOAL
44.72,0.6827,0.4434,0.6172,0.3973,0.8332,0.7025,0.4404,0.179,GO_GOAL
44.74,0.6843,0.4445,0.6172,0.3988,0.8346,0.7025,0.4404,0.1801,GO_GOAL
44.76,0.6859,0.4457,0.6172,0.4017,0.8372,0.7025,0.4404,0.1812,GO_GOAL
44.78,0.6876,0.4468,0.6172,0.4017,0.8372,0.7025,0.4404,0.1824,GO_GOAL
44.8,0.6892,0.448,0.6172,0.4032,0.8385,0.7025,0.4404,0.1835,GO_GOAL
44.82,0.6908,0.4491,0.6172,0.4062,0.8412,0.7106,0.4462,0.1846,GO_GOAL
44.84,0.6924,0.4503,0.6172,0.4062,0.8412,0.7106,0.4462,0.1858,GO_GOAL
44.86,0.6941,0.4515,0.6172,0.4077,0.8425,0.7106,0.4462,0.1869,GO_GOAL
44.88,0.6957,0.4526,0.6172,0.4107,0.8452,0.7106,0.4462,0.1881,GO_GOAL
44.9,0.6973,0.4538,0.6172,0.4107,0.8452,0.7106,0.4462,0.1892,GO_GOAL
44.92,0.699,0.4549,0.6172,0.4122,0.8465,0.7204,0.4532,0.1904,GO_GOAL
44.94,0.7006,0.4561,0.6172,0.4137,0.8479,0.7204,0.4532,0.1915,GO_GOAL
44.96,0.7022,0.4572,0.6172,0.4152,0.8492,0.7204,0.4532,0.1927,GO_GOAL
44.98,0.7039,0.4584,0.6172,0.4167,0.8505,0.7204,0.4532,0.1939,GO_GOAL
45.0,0.7055,0.4596,0.6172,0.4182,0.8519,0.7204,0.4532,0.1951,GO_GOAL
45.02,0.7071,0.4607,0.6172,0.4197,0.8532,0.7269,0.4578,0.1963,GO_GOAL
45.04,0.7088,0.4619,0.6172,0.4212,0.8545,0.7269,0.4578,0.1974,GO_GOAL
45.06,0.7104,0.463,0.6172,0.4226,0.8559,0.7269,0.4578,0.1986,GO_GOAL
45.08,0.712,0.4642,0.6172,0.4241,0.8572,0.7269,0.4578,0.1998,GO_GOAL
45.1,0.7136,0.4653,0.6172,0.4256,0.8585,0.7269,0.4578,0.201,GO_GOAL
45.12,0.7153,0.4665,0.6172,0.4271,0.8598,0.7351,0.4636,0.2023,GO_GOAL
45.14,0.7169,0.4677,0.6172,0.4286,0.8612,0.7351,0.4636,0.2035,GO_GOAL
45.16,0.7185,0.4688,0.6172,0.4316,0.8638,0.7351,0.4636,0.2047,GO_GOAL
45.18,0.7202,0.47,0.6172,0.4316,0.8638,0.7351,0.4636,0.2059,GO_GOAL
45.2,0.7218,0.4711,0.6172,0.4331,0.8652,0.7351,0.4636,0.2072,GO_GOAL
45.22,0.7234,0.4723,0.6172,0.4346,0.8665,0.7433,0.4694,0.2084,GO_GOAL
45.24,0.7251,0.4735,0.6172,0.4361,0.8678,0.7433,0.4694,0.2096,GO_GOAL
45.26,0.7267,0.4746,0.6172,0.4376,0.8692,0.7433,0.4694,0.2109,GO_GOAL
45.28,0.7283,0.4758,0.6172,0.4391,0.8705,0.7433,0.4694,0.2121,GO_GOAL
45.3,0.73,0.4769,0.6172,0.4406,0.8718,0.7433,0.4694,0.2134,GO_GOAL
45.32,0.7316,0.4781,0.6172,0.4421,0.8732,0.7514,0.4751,0.2146,GO_GOAL
45.34,0.7332,0.4792,0.6172,0.445,0.8758,0.7514,0.4751,0.2159,GO_GOAL
45.36,0.7349,0.4804,0.6172,0.445,0.8758,0.7514,0.4751,0.2172,GO_GOAL
45.38,0.7365,0.4816,0.6172,0.4465,0.8772,0.7514,0.4751,0.2184,GO_GOAL
45.4,0.7381,0.4827,0.6172,0.448,0.8785,0.7514,0.4751,0.2197,GO_GOAL
45.42,0.7397,0.4839,0.6172,0.4495,0.8798,0.7596,0.4809,0.221,GO_GOAL
45.44,0.7414,0.485,0.6172,0.451,0.8811,0.7596,0.4809,0.2223,GO_GOAL
45.46,0.743,0.4862,0.6172,0.4525,0.8825,0.7596,0.4809,0.2236,GO_GOAL
45.48,0.7446,0.4873,0.6172,0.454,0.8838,0.7596,0.4809,0.2249,GO_GOAL
45.5,0.7463,0.4885,0.6172,0.4555,0.8851,0.7596,0.4809,0.2262,GO_GOAL
45.52,0.7479,0.4897,0.6172,0.457,0.8865,0.7677,0.4867,0.2275,GO_GOAL
45.54,0.7495,0.4908,0.6172,0.46,0.8891,0.7677,0.4867,0.2288,GO_GOAL
45.56,0.7512,0.492,0.6172,0.46,0.8891,0.7677,0.4867,0.2301,GO_GOAL
45.58,0.7528,0.4931,0.6172,0.4615,0.8905,0.7677,0.4867,0.2314,GO_GOAL
45.6,0.7544,0.4943,0.6172,0.4629,0.8918,0.7677,0.4867,0.2327,GO_GOAL
45.62,0.7561,0.4954,0.6172,0.4644,0.8931,0.7759,0.4925,0.2341,GO_GOAL
45.64,0.7577,0.4966,0.6172,0.4659,0.8945,0.7759,0.4925,0.2354,GO_GOAL
45.66,0.7593,0.4978,0.6172,0.4689,0.8971,0.7759,0.4925,0.2367,GO_GOAL
45.68,0.7609,0.4989,0.6172,0.4689,0.8971,0.7759,0.4925,0.2381,GO_GOAL
45.7,0.7626,0.5001,0.6172,0.4719,0.8998,0.7759,0.4925,0.2394,GO_GOAL
45.72,0.7642,0.5012,0.6172,0.4719,0.8998,0.784,0.4983,0.2407,GO_GOAL
45.74,0.7658,0.5024,0.6172,0.4734,0.9011,0.784,0.4983,0.2421,GO_GOAL
45.76,0.7675,0.5035,0.6172,0.4749,0.9024,0.784,0.4983,0.2435,GO_GOAL
45.78,0.7691,0.5047,0.6172,0.4779,0.9051,0.784,0.4983,0.2448,GO_GOAL
45.8,0.7707,0.5059,0.6172,0.4779,0.9051,0.784,0.4983,0.2462,GO_GOAL
45.82,0.7724,0.507,0.6172,0.4809,0.9078,0.7922,0.5041,0.2475,GO_GOAL
45.84,0.774,0.5082,0.6172,0.4809,0.9078,0.7922,0.5041,0.2489,GO_GOAL
45.86,0.7756,0.5093,0.6172,0.4824,0.9091,0.7922,0.5041,0.2503,GO_GOAL
45.88,0.7773,0.5105,0.6172,0.4838,0.9104,0.7922,0.5041,0.2516,GO_GOAL
45.9,0.7789,0.5116,0.6172,0.4853,0.9118,0.7922,0.5041,0.253,GO_GOAL
45.92,0.7805,0.5128,0.6172,0.4868,0.9131,0.8003,0.5099,0.2544,GO_GOAL
45.94,0.7822,0.514,0.6172,0.4883,0.9144,0.8003,0.5099,0.2558,GO_GOAL
45.96,0.7838,0.5151,0.6172,0.4898,0.9158,0.8003,0.5099,0.2572,GO_GOAL
45.98,0.7854,0.5163,0.6172,0.4913,0.9171,0.8003,0.5099,0.2586,GO_GOAL
46.0,0.787,0.5174,0.6172,0.4943,0.9197,0.8085,0.5157,0.26,GO_GOAL
46.02,0.7887,0.5186,0.6172,0.4943,0.9197,0.8085,0.5157,0.2614,GO_GOAL
46.04,0.7903,0.5197,0.6172,0.4958,0.9211,0.8085,0.5157,0.2628,GO_GOAL
46.06,0.7919,0.5209,0.6172,0.4973,0.9224,0.8085,0.5157,0.2642,GO_GOAL
46.08,0.7936,0.5221,0.6172,0.4988,0.9237,0.8085,0.5157,0.2656,GO_GOAL
46.1,0.7952,0.5232,0.6172,0.5003,0.9251,0.8085,0.5157,0.267,GO_GOAL
46.12,0.7968,0.5244,0.6172,0.5018,0.9264,0.8167,0.5214,0.2684,GO_GOAL
46.14,0.7985,0.5255,0.6172,0.5033,0.9277,0.8167,0.5214,0.2699,GO_GOAL
46.16,0.8001,0.5267,0.6172,0.5047,0.9291,0.8167,0.5214,0.2713,GO_GOAL
46.18,0.8017,0.5279,0.6172,0.5062,0.9304,0.8167,0.5214,0.2727,GO_GOAL
46.2,0.8034,0.529,0.6172,0.5077,0.9317,0.8167,0.5214,0.2742,GO_GOAL
46.22,0.805,0.5302,0.6172,0.5092,0.9331,0.8248,0.5272,0.2756,GO_GOAL
46.24,0.8066,0.5313,0.6172,0.5107,0.9344,0.8248,0.5272,0.277,GO_GOAL
46.26,0.8082,0.5325,0.6172,0.5137,0.9371,0.8248,0.5272,0.2785,GO_GOAL
46.28,0.8099,0.5336,0.6172,0.5137,0.9371,0.8248,0.5272,0.2799,GO_GOAL
46.3,0.8115,0.5348,0.6172,0.5152,0.9384,0.8248,0.5272,0.2814,GO_GOAL
46.32,0.8131,0.536,0.6172,0.5167,0.9397,0.833,0.533,0.2828,GO_GOAL
46.34,0.8148,0.5371,0.6172,0.5197,0.9424,0.833,0.533,0.2843,GO_GOAL
46.36,0.8164,0.5383,0.6172,0.5197,0.9424,0.833,0.533,0.2857,GO_GOAL
46.38,0.818,0.5394,0.6172,0.5212,0.9437,0.833,0.533,0.2872,GO_GOAL
46.4,0.8197,0.5406,0.6172,0.5227,0.945,0.833,0.533,0.2887,GO_GOAL
46.42,0.8213,0.5417,0.6172,0.5242,0.9464,0.8411,0.5388,0.2901,GO_GOAL
46.44,0.8229,0.5429,0.6172,0.5256,0.9477,0.8411,0.5388,0.2916,GO_GOAL
46.46,0.8246,0.5441,0.6172,0.5271,0.949,0.8411,0.5388,0.2931,GO_GOAL
46.48,0.8262,0.5452,0.6172,0.5286,0.9504,0.8411,0.5388,0.2946,GO_GOAL
46.5,0.8278,0.5464,0.6172,0.5301,0.9517,0.8411,0.5388,0.296,GO_GOAL
46.522,0.8295,0.5475,0.6172,0.5331,0.9544,0.8493,0.5446,0.2975,GO_GOAL
46.54,0.8311,0.5487,0.6172,0.5331,0.9544,0.8493,0.5446,0.299,GO_GOAL
46.56,0.8327,0.5498,0.6172,0.5346,0.9557,0.8493,0.5446,0.3005,GO_GOAL
46.58,0.8343,0.551,0.6172,0.5361,0.957,0.8493,0.5446,0.302,GO_GOAL
46.6,0.836,0.5522,0.6172,0.5376,0.9583,0.8493,0.5446,0.3035,GO_GOAL
46.62,0.8376,0.5533,0.6172,0.5406,0.961,0.8574,0.5504,0.305,GO_GOAL
46.64,0.8392,0.5545,0.6172,0.5406,0.961,0.8574,0.5504,0.3065,GO_GOAL
46.66,0.8409,0.5556,0.6172,0.5421,0.9623,0.8574,0.5504,0.308,GO_GOAL
46.68,0.8425,0.5568,0.6172,0.5436,0.9637,0.8574,0.5504,0.3095,GO_GOAL
46.7,0.8441,0.5579,0.6172,0.545,0.965,0.8574,0.5504,0.311,GO_GOAL
46.72,0.8458,0.5591,0.6172,0.5465,0.9663,0.8672,0.5573,0.3125,GO_GOAL
46.74,0.8474,0.5603,0.6172,0.5495,0.969,0.8672,0.5573,0.314,GO_GOAL
46.76,0.849,0.5614,0.6172,0.5495,0.969,0.8672,0.5573,0.3155,GO_GOAL
46.78,0.8507,0.5626,0.6172,0.551,0.9703,0.8672,0.5573,0.3171,GO_GOAL
46.8,0.8523,0.5637,0.6172,0.5525,0.9717,0.8672,0.5573,0.3186,GO_GOAL
46.82,0.8539,0.5649,0.6172,0.554,0.973,0.8737,0.562,0.3201,GO_GOAL
46.84,0.8555,0.566,0.6172,0.5555,0.9743,0.8737,0.562,0.3216,GO_GOAL
46.86,0.8572,0.5672,0.6172,0.557,0.9757,0.8737,0.562,0.3232,GO_GOAL
46.88,0.8588,0.5684,0.6172,0.56,0.9783,0.8737,0.562,0.3247,GO_GOAL
46.9,0.8604,0.5695,0.6172,0.56,0.9783,0.8737,0.562,0.3262,GO_GOAL
46.92,0.8621,0.5707,0.6172,0.5615,0.9796,0.8835,0.5689,0.3278,GO_GOAL
46.94,0.8637,0.5718,0.6172,0.563,0.981,0.8835,0.5689,0.3293,GO_GOAL
46.96,0.8653,0.573,0.6172,0.5645,0.9823,0.8835,0.5689,0.3309,GO_GOAL
46.98,0.867,0.5742,0.6172,0.5659,0.9836,0.8835,0.5689,0.3324,GO_GOAL
47.0,0.8686,0.5753,0.6172,0.5674,0.985,0.8835,0.5689,0.334,GO_GOAL
47.02,0.8702,0.5765,0.6172,0.5704,0.9876,0.89,0.5735,0.3355,GO_GOAL
47.04,0.8719,0.5776,0.6172,0.5704,0.9876,0.89,0.5735,0.3371,GO_GOAL
47.06,0.8735,0.5788,0.6172,0.5719,0.989,0.89,0.5735,0.3386,GO_GOAL
47.08,0.8751,0.5799,0.6172,0.5749,0.9916,0.89,0.5735,0.3402,GO_GOAL
47.1,0.8768,0.5811,0.6172,0.5749,0.9916,0.89,0.5735,0.3417,GO_GOAL
47.12,0.8784,0.5823,0.6172,0.5764,0.993,0.8982,0.5793,0.3433,GO_GOAL
47.14,0.88,0.5834,0.6172,0.5794,0.9956,0.8982,0.5793,0.3449,GO_GOAL
47.16,0.8816,0.5846,0.6172,0.5809,0.9969,0.8982,0.5793,0.3464,GO_GOAL
47.18,0.8833,0.5857,0.6172,0.5809,0.9969,0.8982,0.5793,0.348,GO_GOAL
47.2,0.8849,0.5869,0.6172,0.5824,0.9983,0.8982,0.5793,0.3496,GO_GOAL
47.22,0.8865,0.588,0.6172,0.5839,0.9996,0.9064,0.5851,0.3511,GO_GOAL
47.24,0.8882,0.5892,0.6172,0.5854,1.0009,0.9064,0.5851,0.3527,GO_GOAL
47.26,0.8898,0.5904,0.6172,0.5868,1.0023,0.9064,0.5851,0.3543,GO_GOAL
47.28,0.8914,0.5915,0.6172,0.5883,1.0036,0.9064,0.5851,0.3559,GO_GOAL
47.3,0.8931,0.5927,0.6172,0.5898,1.0049,0.9064,0.5851,0.3575,GO_GOAL
47.32,0.8947,0.5938,0.6172,0.5913,1.0063,0.9145,0.5909,0.3591,GO_GOAL
47.34,0.8963,0.595,0.6172,0.5928,1.0076,0.9145,0.5909,0.3606,GO_GOAL
47.36,0.898,0.5961,0.6172,0.5943,1.0089,0.9145,0.5909,0.3622,GO_GOAL
47.38,0.8996,0.5973,0.6172,0.5958,1.0103,0.9145,0.5909,0.3638,GO_GOAL
47.4,0.9012,0.5985,0.6172,0.5973,1.0116,0.9145,0.5909,0.3654,GO_GOAL
47.42,0.9028,0.5996,0.6172,0.5988,1.0129,0.9227,0.5967,0.367,GO_GOAL
47.44,0.9045,0.6008,0.6172,0.6018,1.0156,0.9227,0.5967,0.3686,GO_GOAL
47.46,0.9061,0.6019,0.6172,0.6018,1.0156,0.9227,0.5967,0.3702,GO_GOAL
47.48,0.9077,0.6031,0.6172,0.6033,1.0169,0.9227,0.5967,0.3718,GO_GOAL
47.5,0.9094,0.6042,0.6172,0.6048,1.0182,0.9227,0.5967,0.3734,GO_GOAL
47.52,0.911,0.6054,0.6172,0.6063,1.0196,0.9308,0.6025,0.375,GO_GOAL
47.54,0.9126,0.6066,0.6172,0.6092,1.0222,0.9308,0.6025,0.3766,GO_GOAL
47.56,0.9143,0.6077,0.6172,0.6092,1.0222,0.9308,0.6025,0.3783,GO_GOAL
47.58,0.9159,0.6089,0.6172,0.6107,1.0236,0.9308,0.6025,0.3799,GO_GOAL
47.6,0.9175,0.61,0.6172,0.6122,1.0249,0.9308,0.6025,0.3815,GO_GOAL
47.62,0.9192,0.6112,0.6172,0.6137,1.0262,0.939,0.6083,0.3831,GO_GOAL
47.64,0.9208,0.6123,0.6172,0.6152,1.0276,0.939,0.6083,0.3847,GO_GOAL
47.66,0.9224,0.6135,0.6172,0.6167,1.0289,0.939,0.6083,0.3863,GO_GOAL
47.68,0.9241,0.6147,0.6172,0.6182,1.0302,0.939,0.6083,0.388,GO_GOAL
47.7,0.9257,0.6158,0.6172,0.6197,1.0316,0.939,0.6083,0.3896,GO_GOAL
47.72,0.9273,0.617,0.6172,0.6212,1.0329,0.9471,0.614,0.3912,GO_GOAL
47.74,0.9289,0.6181,0.6172,0.6242,1.0356,0.9471,0.614,0.3928,GO_GOAL
47.76,0.9306,0.6193,0.6172,0.6242,1.0356,0.9471,0.614,0.3945,GO_GOAL
47.78,0.9322,0.6204,0.6172,0.6257,1.0369,0.9471,0.614,0.3961,GO_GOAL
47.8,0.9338,0.6216,0.6172,0.6271,1.0382,0.9471,0.614,0.3977,GO_GOAL
47.82,0.9355,0.6228,0.6172,0.6286,1.0395,0.9553,0.6198,0.3994,GO_GOAL
47.84,0.9371,0.6239,0.6172,0.6301,1.0409,0.9553,0.6198,0.401,GO_GOAL
47.86,0.9387,0.6251,0.6172,0.6316,1.0422,0.9553,0.6198,0.4027,GO_GOAL
47.88,0.9404,0.6262,0.6172,0.6346,1.0449,0.9553,0.6198,0.4043,GO_GOAL
47.9,0.942,0.6274,0.6172,0.6346,1.0449,0.9553,0.6198,0.406,GO_GOAL
47.92,0.9436,0.6286,0.6172,0.6361,1.0462,0.9634,0.6256,0.4076,GO_GOAL
47.94,0.9453,0.6297,0.6172,0.6376,1.0475,0.9634,0.6256,0.4092,GO_GOAL
47.96,0.9469,0.6309,0.6172,0.6391,1.0489,0.9634,0.6256,0.4109,GO_GOAL
47.98,0.9485,0.632,0.6172,0.6406,1.0502,0.9634,0.6256,0.4125,GO_GOAL
48.0,0.9501,0.6332,0.6172,0.6421,1.0515,0.9634,0.6256,0.4142,GO_GOAL
48.02,0.9518,0.6343,0.6172,0.6436,1.0529,0.9716,0.6314,0.4159,GO_GOAL
48.04,0.9534,0.6355,0.6172,0.6451,1.0542,0.9716,0.6314,0.4175,GO_GOAL
48.06,0.955,0.6367,0.6172,0.6466,1.0555,0.9716,0.6314,0.4192,GO_GOAL
48.08,0.9567,0.6378,0.6172,0.648,1.0568,0.9716,0.6314,0.4208,GO_GOAL
48.1,0.9583,0.639,0.6172,0.6495,1.0582,0.9716,0.6314,0.4225,GO_GOAL
48.12,0.9599,0.6401,0.6172,0.651,1.0595,0.9814,0.6384,0.4242,GO_GOAL
48.14,0.9616,0.6413,0.6172,0.654,1.0622,0.9814,0.6384,0.4258,GO_GOAL
48.16,0.9632,0.6424,0.6172,0.6555,1.0635,0.9814,0.6384,0.4275,GO_GOAL
48.18,0.9648,0.6436,0.6172,0.6555,1.0635,0.9814,0.6384,0.4292,GO_GOAL
48.2,0.9665,0.6448,0.6172,0.657,1.0648,0.9814,0.6384,0.4308,GO_GOAL
48.22,0.9681,0.6459,0.6172,0.6585,1.0662,0.9879,0.643,0.4325,GO_GOAL
48.24,0.9697,0.6471,0.6172,0.6615,1.0688,0.9879,0.643,0.4342,GO_GOAL
48.26,0.9714,0.6482,0.6172,0.6615,1.0688,0.9879,0.643,0.4358,GO_GOAL
48.28,0.973,0.6494,0.6172,0.6645,1.0715,0.9879,0.643,0.4375,GO_GOAL
48.3,0.9746,0.6505,0.6172,0.6645,1.0715,0.9879,0.643,0.4392,GO_GOAL
48.32,0.9762,0.6517,0.6172,0.666,1.0728,0.9977,0.6499,0.4409,GO_GOAL
48.34,0.9779,0.6529,0.6172,0.6675,1.0742,0.9977,0.6499,0.4426,GO_GOAL
48.36,0.9795,0.654,0.6172,0.6689,1.0755,0.9977,0.6499,0.4442,GO_GOAL
48.38,0.9811,0.6552,0.6172,0.6704,1.0768,0.9977,0.6499,0.4459,GO_GOAL
48.4,0.9828,0.6563,0.6172,0.6719,1.0781,0.9977,0.6499,0.4476,GO_GOAL
48.42,0.9844,0.6575,0.6172,0.6749,1.0808,1.0042,0.6546,0.4493,GO_GOAL
48.44,0.986,0.6586,0.6172,0.6749,1.0808,1.0042,0.6546,0.451,GO_GOAL
48.46,0.9877,0.6598,0.6172,0.6779,1.0835,1.0042,0.6546,0.4527,GO_GOAL
48.48,0.9893,0.661,0.6172,0.6779,1.0835,1.0042,0.6546,0.4544,GO_GOAL
48.5,0.9909,0.6621,0.6172,0.6794,1.0848,1.0042,0.6546,0.4561,GO_GOAL
48.52,0.9926,0.6633,0.6171,0.6809,1.0861,1.0124,0.6603,0.4578,GO_GOAL
48.54,0.9942,0.6644,0.6171,0.6824,1.0875,1.0124,0.6603,0.4595,GO_GOAL
48.56,0.9958,0.6656,0.6171,0.6839,1.0888,1.0124,0.6603,0.4612,GO_GOAL
48.58,0.9974,0.6667,0.6171,0.6854,1.0901,1.0124,0.6603,0.4629,GO_GOAL
48.6,0.9991,0.6679,0.6171,0.6869,1.0915,1.0124,0.6603,0.4646,GO_GOAL
48.62,1.0007,0.6691,0.6171,0.6884,1.0928,1.0205,0.6661,0.4663,GO_GOAL
48.64,1.0023,0.6702,0.6171,0.6898,1.0941,1.0205,0.6661,0.468,GO_GOAL
48.66,1.004,0.6714,0.6171,0.6913,1.0954,1.0205,0.6661,0.4695,GO_GOAL
48.68,1.0056,0.6725,0.6171,0.6928,1.0968,1.0205,0.6661,0.4679,GO_GOAL
48.7,1.0072,0.6737,0.6171,0.6958,1.0994,1.0205,0.6661,0.4663,GO_GOAL
48.72,1.0089,0.6748,0.6171,0.6958,1.0994,1.0287,0.6719,0.4647,GO_GOAL
48.74,1.0105,0.676,0.6171,0.6973,1.1008,1.0287,0.6719,0.4632,GO_GOAL
48.76,1.0121,0.6772,0.6171,0.6988,1.1021,1.0287,0.6719,0.4616,GO_GOAL
48.78,1.0138,0.6783,0.6171,0.7003,1.1034,1.0287,0.6719,0.4601,GO_GOAL
48.8,1.0154,0.6795,0.6171,0.7018,1.1048,1.0287,0.6719,0.4585,GO_GOAL
48.82,1.017,0.6806,0.6171,0.7048,1.1074,1.0368,0.6777,0.4569,GO_GOAL
48.84,1.0187,0.6818,0.6171,0.7048,1.1074,1.0368,0.6777,0.4554,GO_GOAL
48.86,1.0203,0.683,0.6171,0.7063,1.1088,1.0368,0.6777,0.4538,GO_GOAL
48.88,1.0219,0.6841,0.6171,0.7078,1.1101,1.0368,0.6777,0.4523,GO_GOAL
48.9,1.0235,0.6853,0.6171,0.7107,1.1128,1.0368,0.6777,0.4507,GO_GOAL
48.92,1.0252,0.6864,0.6171,0.7107,1.1128,1.0466,0.6847,0.4492,GO_GOAL
48.94,1.0268,0.6876,0.6171,0.7122,1.1141,1.0466,0.6847,0.4476,GO_GOAL
48.96,1.0284,0.6887,0.6171,0.7137,1.1154,1.0466,0.6847,0.4461,GO_GOAL
48.98,1.0301,0.6899,0.6171,0.7152,1.1167,1.0466,0.6847,0.4445,GO_GOAL
49.0,1.0317,0.6911,0.6171,0.7167,1.1181,1.0466,0.6847,0.443,GO_GOAL
49.02,1.0333,0.6922,0.6171,0.7197,1.1207,1.0531,0.6893,0.4415,GO_GOAL
49.04,1.035,0.6934,0.6171,0.7197,1.1207,1.0531,0.6893,0.4399,GO_GOAL
49.06,1.0366,0.6945,0.6171,0.7212,1.1221,1.0531,0.6893,0.4384,GO_GOAL
49.08,1.0382,0.6957,0.6171,0.7227,1.1234,1.0531,0.6893,0.4369,GO_GOAL
49.1,1.0399,0.6968,0.6171,0.7242,1.1247,1.0531,0.6893,0.4353,GO_GOAL
49.12,1.0415,0.698,0.6171,0.7257,1.1261,1.0613,0.6951,0.4338,GO_GOAL
49.14,1.0431,0.6992,0.6171,0.7272,1.1274,1.0613,0.6951,0.4323,GO_GOAL
49.16,1.0447,0.7003,0.6171,0.7301,1.1301,1.0613,0.6951,0.4307,GO_GOAL
49.18,1.0464,0.7015,0.6171,0.7301,1.1301,1.0613,0.6951,0.4292,GO_GOAL
49.2,1.048,0.7026,0.6171,0.7331,1.1327,1.0613,0.6951,0.4277,GO_GOAL
49.22,1.0496,0.7038,0.6171,0.7331,1.1327,1.0695,0.7009,0.4262,GO_GOAL
49.24,1.0513,0.7049,0.6171,0.7346,1.134,1.0695,0.7009,0.4247,GO_GOAL
49.26,1.0529,0.7061,0.6171,0.7361,1.1354,1.0695,0.7009,0.4232,GO_GOAL
49.28,1.0545,0.7073,0.6171,0.7376,1.1367,1.0695,0.7009,0.4217,GO_GOAL
49.3,1.0562,0.7084,0.6171,0.7391,1.138,1.0695,0.7009,0.4202,GO_GOAL
49.32,1.0578,0.7096,0.6171,0.7406,1.1394,1.0776,0.7066,0.4186,GO_GOAL
49.34,1.0594,0.7107,0.6171,0.7436,1.142,1.0776,0.7066,0.4171,GO_GOAL
49.36,1.0611,0.7119,0.6171,0.7436,1.142,1.0776,0.7066,0.4156,GO_GOAL
49.38,1.0627,0.713,0.6171,0.7451,1.1434,1.0776,0.7066,0.4142,GO_GOAL
49.4,1.0643,0.7142,0.6171,0.7466,1.1447,1.0776,0.7066,0.4127,GO_GOAL
49.42,1.066,0.7154,0.6171,0.7481,1.146,1.0858,0.7124,0.4112,GO_GOAL
49.44,1.0676,0.7165,0.6171,0.7496,1.1474,1.0858,0.7124,0.4097,GO_GOAL
49.46,1.0692,0.7177,0.6171,0.751,1.1487,1.0858,0.7124,0.4082,GO_GOAL
49.48,1.0708,0.7188,0.6171,0.754,1.1514,1.0858,0.7124,0.4067,GO_GOAL
49.5,1.0725,0.72,0.6171,0.754,1.1514,1.0858,0.7124,0.4052,GO_GOAL
49.52,1.0741,0.7211,0.6171,0.7555,1.1527,1.0939,0.7182,0.4037,GO_GOAL
49.54,1.0757,0.7223,0.6171,0.7585,1.1553,1.0939,0.7182,0.4023,GO_GOAL
49.56,1.0774,0.7235,0.6171,0.76,1.1567,1.0939,0.7182,0.4008,GO_GOAL
49.58,1.079,0.7246,0.6171,0.76,1.1567,1.0939,0.7182,0.3993,GO_GOAL
49.6,1.0806,0.7258,0.6171,0.7615,1.158,1.0939,0.7182,0.3979,GO_GOAL
49.62,1.0823,0.7269,0.6171,0.763,1.1593,1.1021,0.724,0.3964,GO_GOAL
49.64,1.0839,0.7281,0.6171,0.7645,1.1607,1.1021,0.724,0.3949,GO_GOAL
49.66,1.0855,0.7292,0.6171,0.766,1.162,1.1021,0.724,0.3935,GO_GOAL
49.68,1.0872,0.7304,0.6171,0.769,1.1647,1.1021,0.724,0.392,GO_GOAL
49.7,1.0888,0.7316,0.6171,0.769,1.1647,1.1021,0.724,0.3905,GO_GOAL
49.72,1.0904,0.7327,0.6171,0.7705,1.166,1.1102,0.7298,0.3891,GO_GOAL
49.74,1.0921,0.7339,0.6171,0.7719,1.1673,1.1102,0.7298,0.3876,GO_GOAL
49.76,1.0937,0.735,0.6171,0.7734,1.1687,1.1102,0.7298,0.3862,GO_GOAL
49.78,1.0953,0.7362,0.6171,0.7749,1.17,1.1102,0.7298,0.3847,GO_GOAL
49.8,1.0969,0.7373,0.6171,0.7779,1.1727,1.1102,0.7298,0.3833,GO_GOAL
49.82,1.0986,0.7385,0.6171,0.7779,1.1727,1.1184,0.7356,0.3819,GO_GOAL
49.84,1.1002,0.7397,0.6171,0.7809,1.1753,1.1184,0.7356,0.3804,GO_GOAL
49.86,1.1018,0.7408,0.6171,0.7809,1.1753,1.1184,0.7356,0.379,GO_GOAL
49.88,1.1035,0.742,0.6171,0.7824,1.1766,1.1184,0.7356,0.3776,GO_GOAL
49.9,1.1051,0.7431,0.6171,0.7839,1.178,1.1184,0.7356,0.3761,GO_GOAL
49.92,1.1067,0.7443,0.6171,0.7854,1.1793,1.1265,0.7414,0.3747,GO_GOAL
49.94,1.1084,0.7455,0.6171,0.7869,1.1806,1.1265,0.7414,0.3733,GO_GOAL
49.96,1.11,0.7466,0.6171,0.7884,1.182,1.1265,0.7414,0.3719,GO_GOAL
49.98,1.1116,0.7478,0.6171,0.7899,1.1833,1.1265,0.7414,0.3705,GO_GOAL
50.0,1.1133,0.7489,0.6171,0.7914,1.1846,1.1265,0.7414,0.369,GO_GOAL
50.02,1.1149,0.7501,0.6171,0.7928,1.186,1.1363,0.7483,0.3676,GO_GOAL
50.04,1.1165,0.7512,0.6171,0.7943,1.1873,1.1363,0.7483,0.3662,GO_GOAL
50.06,1.1181,0.7524,0.6171,0.7973,1.19,1.1363,0.7483,0.3648,GO_GOAL
50.08,1.1198,0.7536,0.6171,0.7973,1.19,1.1363,0.7483,0.3634,GO_GOAL
50.1,1.1214,0.7547,0.6171,0.7988,1.1913,1.1363,0.7483,0.362,GO_GOAL
50.12,1.123,0.7559,0.6171,0.8003,1.1926,1.1429,0.753,0.3606,GO_GOAL
50.14,1.1247,0.757,0.6171,0.8018,1.1939,1.1429,0.753,0.3592,GO_GOAL
50.16,1.1263,0.7582,0.6171,0.8033,1.1953,1.1429,0.753,0.3578,GO_GOAL
50.18,1.1279,0.7593,0.6171,0.8048,1.1966,1.1429,0.753,0.3564,GO_GOAL
50.2,1.1296,0.7605,0.6171,0.8063,1.1979,1.1429,0.753,0.3551,GO_GOAL
50.22,1.1312,0.7617,0.6171,0.8078,1.1993,1.1526,0.7599,0.3537,GO_GOAL
50.24,1.1328,0.7628,0.6171,0.8108,1.2019,1.1526,0.7599,0.3523,GO_GOAL
50.26,1.1345,0.764,0.6171,0.8108,1.2019,1.1526,0.7599,0.3509,GO_GOAL
50.28,1.1361,0.7651,0.6171,0.8122,1.2033,1.1526,0.7599,0.3496,GO_GOAL
50.3,1.1377,0.7663,0.6171,0.8152,1.2059,1.1526,0.7599,0.3482,GO_GOAL
50.32,1.1394,0.7674,0.6171,0.8152,1.2059,1.1592,0.7645,0.3468,GO_GOAL
50.34,1.141,0.7686,0.6171,0.8167,1.2073,1.1592,0.7645,0.3455,GO_GOAL
50.36,1.1426,0.7698,0.6171,0.8197,1.2099,1.1592,0.7645,0.3441,GO_GOAL
50.38,1.1442,0.7709,0.6171,0.8197,1.2099,1.1592,0.7645,0.3428,GO_GOAL
50.4,1.1459,0.7721,0.6171,0.8212,1.2113,1.1592,0.7645,0.3414,GO_GOAL
50.42,1.1475,0.7732,0.6171,0.8242,1.2139,1.1673,0.7703,0.3401,GO_GOAL
50.44,1.1491,0.7744,0.6171,0.8242,1.2139,1.1673,0.7703,0.3387,GO_GOAL
50.46,1.1508,0.7755,0.6171,0.8257,1.2152,1.1673,0.7703,0.3374,GO_GOAL
50.48,1.1524,0.7767,0.6171,0.8272,1.2166,1.1673,0.7703,0.336,GO_GOAL
50.5,1.154,0.7779,0.6171,0.8287,1.2179,1.1673,0.7703,0.3347,GO_GOAL
50.52,1.1557,0.779,0.6171,0.8302,1.2192,1.1755,0.7761,0.3334,GO_GOAL
50.54,1.1573,0.7802,0.6171,0.8317,1.2206,1.1755,0.7761,0.332,GO_GOAL
50.56,1.1589,0.7813,0.6171,0.8331,1.2219,1.1755,0.7761,0.3307,GO_GOAL
50.58,1.1606,0.7825,0.6171,0.8346,1.2232,1.1755,0.7761,0.3294,GO_GOAL
50.6,1.1622,0.7836,0.6171,0.8361,1.2246,1.1836,0.7819,0.3281,GO_GOAL
50.62,1.1638,0.7848,0.6171,0.8376,1.2259,1.1836,0.7819,0.3268,GO_GOAL
50.64,1.1654,0.786,0.6171,0.8391,1.2272,1.1836,0.7819,0.3255,GO_GOAL
50.66,1.1671,0.7871,0.6171,0.8406,1.2286,1.1836,0.7819,0.3242,GO_GOAL
50.68,1.1687,0.7883,0.6171,0.8421,1.2299,1.1836,0.7819,0.3228,GO_GOAL
50.7,1.1703,0.7894,0.6171,0.8451,1.2325,1.1836,0.7819,0.3216,GO_GOAL
50.72,1.172,0.7906,0.6171,0.8466,1.2339,1.1918,0.7877,0.3203,GO_GOAL
50.74,1.1736,0.7917,0.6171,0.8466,1.2339,1.1918,0.7877,0.319,GO_GOAL
50.76,1.1752,0.7929,0.6171,0.8481,1.2352,1.1918,0.7877,0.3177,GO_GOAL
50.78,1.1769,0.7941,0.6171,0.8496,1.2365,1.1918,0.7877,0.3164,GO_GOAL
50.8,1.1785,0.7952,0.6171,0.8511,1.2379,1.1918,0.7877,0.3151,GO_GOAL
50.82,1.1801,0.7964,0.6171,0.8526,1.2392,1.1999,0.7935,0.3138,GO_GOAL
50.84,1.1818,0.7975,0.6171,0.8555,1.2419,1.1999,0.7935,0.3126,GO_GOAL
50.86,1.1834,0.7987,0.6171,0.8555,1.2419,1.1999,0.7935,0.3113,GO_GOAL
50.88,1.185,0.7999,0.6171,0.857,1.2432,1.1999,0.7935,0.31,GO_GOAL
50.9,1.1867,0.801,0.6171,0.8585,1.2445,1.1999,0.7935,0.3088,GO_GOAL
50.92,1.1883,0.8022,0.6171,0.8615,1.2472,1.2081,0.7993,0.3075,GO_GOAL
50.94,1.1899,0.8033,0.6171,0.8615,1.2472,1.2081,0.7993,0.3063,GO_GOAL
50.96,1.1915,0.8045,0.6171,0.863,1.2485,1.2081,0.7993,0.305,GO_GOAL
50.98,1.1932,0.8056,0.6171,0.866,1.2512,1.2081,0.7993,0.3038,GO_GOAL
51.0,1.1948,0.8068,0.6171,0.866,1.2512,1.2081,0.7993,0.3025,GO_GOAL
51.02,1.1964,0.808,0.6171,0.8675,1.2525,1.2162,0.805,0.3013,GO_GOAL
51.04,1.1981,0.8091,0.6171,0.869,1.2538,1.2162,0.805,0.3001,GO_GOAL
51.06,1.1997,0.8103,0.6171,0.8705,1.2552,1.2162,0.805,0.2988,GO_GOAL
51.08,1.2013,0.8114,0.6171,0.872,1.2565,1.2162,0.805,0.2976,GO_GOAL
51.1,1.203,0.8126,0.6171,0.8735,1.2578,1.2162,0.805,0.2964,GO_GOAL
51.12,1.2046,0.8137,0.6171,0.8764,1.2605,1.2244,0.8108,0.2952,GO_GOAL
51.14,1.2062,0.8149,0.6171,0.8764,1.2605,1.2244,0.8108,0.2939,GO_GOAL
51.16,1.2079,0.8161,0.6171,0.8779,1.2618,1.2244,0.8108,0.2927,GO_GOAL
51.18,1.2095,0.8172,0.6171,0.8809,1.2645,1.2244,0.8108,0.2915,GO_GOAL
51.2,1.2111,0.8184,0.6171,0.8809,1.2645,1.2244,0.8108,0.2903,GO_GOAL
51.22,1.2127,0.8195,0.6171,0.8839,1.2672,1.2326,0.8166,0.2891,GO_GOAL
51.24,1.2144,0.8207,0.6171,0.8839,1.2672,1.2326,0.8166,0.2879,GO_GOAL
51.26,1.216,0.8218,0.6171,0.8854,1.2685,1.2326,0.8166,0.2868,GO_GOAL
51.28,1.2176,0.823,0.6171,0.8869,1.2698,1.2326,0.8166,0.2856,GO_GOAL
51.3,1.2193,0.8242,0.6171,0.8884,1.2711,1.2326,0.8166,0.2844,GO_GOAL
51.32,1.2209,0.8253,0.6171,0.8899,1.2725,1.2407,0.8224,0.2832,GO_GOAL
51.34,1.2225,0.8265,0.6171,0.8914,1.2738,1.2407,0.8224,0.2821,GO_GOAL
51.36,1.2242,0.8276,0.6171,0.8929,1.2751,1.2407,0.8224,0.2809,GO_GOAL
51.38,1.2258,0.8288,0.6171,0.8943,1.2765,1.2407,0.8224,0.2797,GO_GOAL
51.4,1.2274,0.8299,0.6171,0.8958,1.2778,1.2407,0.8224,0.2786,GO_GOAL
51.42,1.2291,0.8311,0.6171,0.8973,1.2791,1.2489,0.8282,0.2774,GO_GOAL
51.44,1.2307,0.8323,0.6171,0.8988,1.2805,1.2489,0.8282,0.2763,GO_GOAL
51.46,1.2323,0.8334,0.6171,0.9003,1.2818,1.2489,0.8282,0.2751,GO_GOAL
51.48,1.234,0.8346,0.6171,0.9018,1.2831,1.2489,0.8282,0.274,GO_GOAL
51.5,1.2356,0.8357,0.6171,0.9033,1.2845,1.2489,0.8282,0.2729,GO_GOAL
51.52,1.2372,0.8369,0.6171,0.9048,1.2858,1.257,0.834,0.2717,GO_GOAL
51.54,1.2388,0.838,0.6171,0.9063,1.2871,1.257,0.834,0.2706,GO_GOAL
51.56,1.2405,0.8392,0.6171,0.9078,1.2885,1.257,0.834,0.2695,GO_GOAL
51.58,1.2421,0.8404,0.6171,0.9093,1.2898,1.257,0.834,0.2684,GO_GOAL
51.6,1.2437,0.8415,0.6171,0.9108,1.2911,1.2652,0.8398,0.2673,GO_GOAL
51.62,1.2454,0.8427,0.6171,0.9123,1.2924,1.2652,0.8398,0.2662,GO_GOAL
51.64,1.247,0.8438,0.6171,0.9138,1.2938,1.2652,0.8398,0.2651,GO_GOAL
51.66,1.2486,0.845,0.6171,0.9152,1.2951,1.2652,0.8398,0.264,GO_GOAL
51.68,1.2503,0.8461,0.6171,0.9167,1.2964,1.2652,0.8398,0.2629,GO_GOAL
51.7,1.2519,0.8473,0.6171,0.9182,1.2978,1.2652,0.8398,0.2618,GO_GOAL
51.72,1.2535,0.8485,0.6171,0.9197,1.2991,1.2733,0.8456,0.2607,GO_GOAL
51.74,1.2552,0.8496,0.6171,0.9212,1.3004,1.2733,0.8456,0.2596,GO_GOAL
51.76,1.2568,0.8508,0.6171,0.9227,1.3018,1.2733,0.8456,0.2586,GO_GOAL
51.78,1.2584,0.8519,0.6171,0.9242,1.3031,1.2733,0.8456,0.2575,GO_GOAL
51.8,1.2601,0.8531,0.6171,0.9257,1.3044,1.2733,0.8456,0.2564,GO_GOAL
51.82,1.2617,0.8542,0.6171,0.9272,1.3058,1.2815,0.8513,0.2554,GO_GOAL
51.84,1.2633,0.8554,0.6171,0.9287,1.3071,1.2815,0.8513,0.2543,GO_GOAL
51.86,1.2649,0.8566,0.6171,0.9302,1.3084,1.2815,0.8513,0.2533,GO_GOAL
51.88,1.2666,0.8577,0.6171,0.9317,1.3097,1.2815,0.8513,0.2523,GO_GOAL
51.9,1.2682,0.8589,0.6171,0.9347,1.3124,1.2896,0.8571,0.2512,GO_GOAL
51.92,1.2698,0.86,0.6171,0.9347,1.3124,1.2896,0.8571,0.2502,GO_GOAL
51.94,1.2715,0.8612,0.6171,0.9361,1.3137,1.2896,0.8571,0.2492,GO_GOAL
51.96,1.2731,0.8624,0.6171,0.9376,1.3151,1.2896,0.8571,0.2481,GO_GOAL
51.98,1.2747,0.8635,0.6171,0.9391,1.3164,1.2896,0.8571,0.2471,GO_GOAL
52.0,1.2764,0.8647,0.6171,0.9406,1.3177,1.2896,0.8571,0.2461,GO_GOAL
52.02,1.278,0.8658,0.6171,0.9421,1.3191,1.2978,0.8629,0.2451,GO_GOAL
52.04,1.2796,0.867,0.6171,0.9451,1.3217,1.2978,0.8629,0.2441,GO_GOAL
52.06,1.2813,0.8681,0.6171,0.9451,1.3217,1.2978,0.8629,0.2431,GO_GOAL
52.08,1.2829,0.8693,0.6171,0.9466,1.3231,1.2978,0.8629,0.2422,GO_GOAL
52.1,1.2845,0.8705,0.6171,0.9481,1.3244,1.2978,0.8629,0.2412,GO_GOAL
52.122,1.2861,0.8716,0.6171,0.9496,1.3257,1.306,0.8687,0.2402,GO_GOAL
52.14,1.2878,0.8728,0.6171,0.9526,1.3284,1.306,0.8687,0.2392,GO_GOAL
52.16,1.2894,0.8739,0.6171,0.9541,1.3297,1.306,0.8687,0.2383,GO_GOAL
52.18,1.291,0.8751,0.6171,0.9541,1.3297,1.306,0.8687,0.2373,GO_GOAL
52.2,1.2927,0.8762,0.6171,0.957,1.3324,1.306,0.8687,0.2363,GO_GOAL
52.22,1.2943,0.8774,0.6171,0.957,1.3324,1.3141,0.8745,0.2354,GO_GOAL
52.24,1.2959,0.8786,0.6171,0.9585,1.3337,1.3141,0.8745,0.2345,GO_GOAL
52.26,1.2976,0.8797,0.6171,0.96,1.335,1.3141,0.8745,0.2335,GO_GOAL
52.28,1.2992,0.8809,0.6171,0.9615,1.3364,1.3141,0.8745,0.2326,GO_GOAL
52.3,1.3008,0.882,0.6171,0.963,1.3377,1.3141,0.8745,0.2317,GO_GOAL
52.32,1.3025,0.8832,0.6171,0.966,1.3404,1.3223,0.8803,0.2308,GO_GOAL
52.34,1.3041,0.8843,0.6171,0.966,1.3404,1.3223,0.8803,0.2298,GO_GOAL
52.36,1.3057,0.8855,0.6171,0.9675,1.3417,1.3223,0.8803,0.2289,GO_GOAL
52.38,1.3074,0.8867,0.6171,0.969,1.343,1.3223,0.8803,0.228,GO_GOAL
52.4,1.309,0.8878,0.6171,0.972,1.3457,1.3304,0.8861,0.2271,GO_GOAL
52.42,1.3106,0.889,0.6171,0.9735,1.347,1.3304,0.8861,0.2262,GO_GOAL
52.44,1.3122,0.8901,0.6171,0.9735,1.347,1.3304,0.8861,0.2254,GO_GOAL
52.46,1.3139,0.8913,0.6171,0.975,1.3483,1.3304,0.8861,0.2245,GO_GOAL
52.48,1.3155,0.8924,0.6171,0.9779,1.351,1.3304,0.8861,0.2236,GO_GOAL
52.5,1.3171,0.8936,0.6171,0.9779,1.351,1.3386,0.8919,0.2228,GO_GOAL
52.52,1.3188,0.8948,0.6171,0.9794,1.3523,1.3386,0.8919,0.2219,GO_GOAL
52.54,1.3204,0.8959,0.6171,0.9809,1.3537,1.3386,0.8919,0.221,GO_GOAL
52.56,1.322,0.8971,0.6171,0.9824,1.355,1.3386,0.8919,0.2202,GO_GOAL
52.58,1.3237,0.8982,0.6171,0.9839,1.3563,1.3386,0.8919,0.2194,GO_GOAL
52.6,1.3253,0.8994,0.6171,0.9869,1.359,1.3386,0.8919,0.2185,GO_GOAL
52.62,1.3269,0.9005,0.6171,0.9869,1.359,1.3467,0.8976,0.2177,GO_GOAL
52.64,1.3286,0.9017,0.6171,0.9884,1.3603,1.3467,0.8976,0.2169,GO_GOAL
52.66,1.3302,0.9029,0.6171,0.9914,1.363,1.3467,0.8976,0.2161,GO_GOAL
52.68,1.3318,0.904,0.6171,0.9914,1.363,1.3467,0.8976,0.2152,GO_GOAL
52.7,1.3334,0.9052,0.6171,0.9929,1.3643,1.3467,0.8976,0.2144,GO_GOAL
52.72,1.3351,0.9063,0.6171,0.9944,1.3657,1.3549,0.9034,0.2137,GO_GOAL
52.74,1.3367,0.9075,0.6171,0.9959,1.367,1.3549,0.9034,0.2129,GO_GOAL
52.76,1.3383,0.9086,0.6171,0.9973,1.3683,1.3549,0.9034,0.2121,GO_GOAL
52.78,1.34,0.9098,0.6171,0.9988,1.3696,1.3549,0.9034,0.2113,GO_GOAL
52.8,1.3416,0.911,0.6171,1.0003,1.371,1.3549,0.9034,0.2105,GO_GOAL
52.82,1.3432,0.9121,0.6171,1.0018,1.3723,1.363,0.9092,0.2098,GO_GOAL
52.84,1.3449,0.9133,0.6171,1.0033,1.3736,1.363,0.9092,0.209,GO_GOAL
52.86,1.3465,0.9144,0.6171,1.0048,1.375,1.363,0.9092,0.2083,GO_GOAL
52.88,1.3481,0.9156,0.6171,1.0063,1.3763,1.363,0.9092,0.2075,GO_GOAL
52.9,1.3498,0.9168,0.6171,1.0078,1.3776,1.363,0.9092,0.2068,GO_GOAL
52.92,1.3514,0.9179,0.6171,1.0093,1.379,1.3712,0.915,0.2061,GO_GOAL
52.94,1.353,0.9191,0.6171,1.0108,1.3803,1.3712,0.915,0.2053,GO_GOAL
52.96,1.3547,0.9202,0.6171,1.0123,1.3816,1.3712,0.915,0.2046,GO_GOAL
52.98,1.3563,0.9214,0.6171,1.0138,1.383,1.3712,0.915,0.2039,GO_GOAL
53.0,1.3579,0.9225,0.6171,1.0153,1.3843,1.3712,0.915,0.2032,GO_GOAL
53.02,1.3595,0.9237,0.6171,1.0168,1.3856,1.3793,0.9208,0.2025,GO_GOAL
53.04,1.3612,0.9249,0.6171,1.0182,1.3869,1.3793,0.9208,0.2018,GO_GOAL
53.06,1.3628,0.926,0.6171,1.0212,1.3896,1.3793,0.9208,0.2011,GO_GOAL
53.08,1.3644,0.9272,0.6171,1.0212,1.3896,1.3793,0.9208,0.2005,GO_GOAL
53.1,1.3661,0.9283,0.6171,1.0227,1.3909,1.3793,0.9208,0.1998,GO_GOAL
53.12,1.3677,0.9295,0.6171,1.0242,1.3923,1.3875,0.9266,0.1991,GO_GOAL
53.14,1.3693,0.9306,0.6171,1.0257,1.3936,1.3875,0.9266,0.1985,GO_GOAL
53.16,1.371,0.9318,0.6171,1.0272,1.3949,1.3875,0.9266,0.1978,GO_GOAL
53.18,1.3726,0.933,0.6171,1.0287,1.3963,1.3875,0.9266,0.1972,GO_GOAL
53.2,1.3742,0.9341,0.6171,1.0302,1.3976,1.3875,0.9266,0.1965,GO_GOAL
53.22,1.3759,0.9353,0.6171,1.0317,1.3989,1.3957,0.9324,0.1959,GO_GOAL
53.24,1.3775,0.9364,0.6171,1.0332,1.4003,1.3957,0.9324,0.1953,GO_GOAL
53.26,1.3791,0.9376,0.6171,1.0347,1.4016,1.3957,0.9324,0.1947,GO_GOAL
53.28,1.3807,0.9387,0.6171,1.0362,1.4029,1.3957,0.9324,0.1941,GO_GOAL
53.3,1.3824,0.9399,0.6171,1.0377,1.4043,1.3957,0.9324,0.1935,GO_GOAL
53.32,1.384,0.9411,0.6171,1.0391,1.4056,1.4054,0.9393,0.1929,GO_GOAL
53.34,1.3856,0.9422,0.6171,1.0406,1.4069,1.4054,0.9393,0.1923,GO_GOAL
53.36,1.3873,0.9434,0.6171,1.0421,1.4082,1.4054,0.9393,0.1917,GO_GOAL
53.38,1.3889,0.9445,0.6171,1.0436,1.4096,1.4054,0.9393,0.1912,GO_GOAL
53.4,1.3905,0.9457,0.6171,1.0451,1.4109,1.4054,0.9393,0.1906,GO_GOAL
53.42,1.3922,0.9468,0.6171,1.0466,1.4122,1.412,0.9439,0.1901,GO_GOAL
53.44,1.3938,0.948,0.6171,1.0481,1.4136,1.412,0.9439,0.1895,GO_GOAL
53.46,1.3954,0.9492,0.6171,1.0496,1.4149,1.412,0.9439,0.189,GO_GOAL
53.478,1.3971,0.9503,0.6171,1.0511,1.4162,1.412,0.9439,0.1884,GO_GOAL
53.5,1.3987,0.9515,0.6171,1.0526,1.4176,1.412,0.9439,0.1879,GO_GOAL
53.52,1.4003,0.9526,0.6171,1.0541,1.4189,1.4201,0.9497,0.1874,GO_GOAL
53.54,1.402,0.9538,0.6171,1.0556,1.4202,1.4201,0.9497,0.1869,GO_GOAL
53.56,1.4036,0.9549,0.6171,1.0571,1.4216,1.4201,0.9497,0.1864,GO_GOAL
53.58,1.4052,0.9561,0.6171,1.0586,1.4229,1.4201,0.9497,0.1859,GO_GOAL
53.6,1.4068,0.9573,0.6171,1.06,1.4242,1.4283,0.9555,0.1854,GO_GOAL
53.62,1.4085,0.9584,0.6171,1.0615,1.4255,1.4283,0.9555,0.1849,GO_GOAL
53.64,1.4101,0.9596,0.6171,1.063,1.4269,1.4283,0.9555,0.1845,GO_GOAL
53.66,1.4117,0.9607,0.6171,1.0645,1.4282,1.4283,0.9555,0.184,GO_GOAL
53.68,1.4134,0.9619,0.6171,1.066,1.4295,1.4283,0.9555,0.1835,GO_GOAL
53.7,1.415,0.963,0.6171,1.0675,1.4309,1.4283,0.9555,0.1831,GO_GOAL
53.72,1.4166,0.9642,0.6171,1.069,1.4322,1.4364,0.9613,0.1827,GO_GOAL
53.74,1.4183,0.9654,0.6171,1.0705,1.4335,1.4364,0.9613,0.1822,GO_GOAL
53.76,1.4199,0.9665,0.6171,1.072,1.4349,1.4364,0.9613,0.1818,GO_GOAL
53.78,1.4215,0.9677,0.6171,1.0735,1.4362,1.4364,0.9613,0.1814,GO_GOAL
53.8,1.4232,0.9688,0.6171,1.075,1.4375,1.4364,0.9613,0.181,GO_GOAL
53.82,1.4248,0.97,0.6171,1.078,1.4402,1.4446,0.9671,0.1806,GO_GOAL
53.84,1.4264,0.9711,0.6171,1.078,1.4402,1.4446,0.9671,0.1802,GO_GOAL
53.86,1.4281,0.9723,0.6171,1.0795,1.4415,1.4446,0.9671,0.1798,GO_GOAL
53.88,1.4297,0.9735,0.6171,1.0809,1.4429,1.4446,0.9671,0.1794,GO_GOAL
53.9,1.4313,0.9746,0.6171,1.0839,1.4455,1.4446,0.9671,0.179,GO_GOAL
53.92,1.4329,0.9758,0.6171,1.0854,1.4468,1.4527,0.9729,0.1787,GO_GOAL
53.94,1.4346,0.9769,0.6171,1.0854,1.4468,1.4527,0.9729,0.1783,GO_GOAL
53.96,1.4362,0.9781,0.6171,1.0869,1.4482,1.4527,0.9729,0.178,GO_GOAL
53.98,1.4378,0.9793,0.6171,1.0884,1.4495,1.4527,0.9729,0.1776,GO_GOAL
54.0,1.4395,0.9804,0.6171,1.0899,1.4508,1.4527,0.9729,0.1773,GO_GOAL
54.02,1.4411,0.9816,0.6171,1.0914,1.4522,1.4609,0.9787,0.177,GO_GOAL
54.04,1.4427,0.9827,0.6171,1.0929,1.4535,1.4609,0.9787,0.1767,GO_GOAL
54.06,1.4444,0.9839,0.6171,1.0944,1.4548,1.4609,0.9787,0.1764,GO_GOAL
54.08,1.446,0.985,0.6171,1.0959,1.4562,1.4609,0.9787,0.1761,GO_GOAL
54.1,1.4476,0.9862,0.6171,1.0974,1.4575,1.4609,0.9787,0.1758,GO_GOAL
54.12,1.4493,0.9874,0.6171,1.0989,1.4588,1.4691,0.9845,0.1755,GO_GOAL
54.14,1.4509,0.9885,0.6171,1.1004,1.4602,1.4691,0.9845,0.1752,GO_GOAL
54.16,1.4525,0.9897,0.6171,1.1018,1.4615,1.4691,0.9845,0.175,GO_GOAL
54.18,1.4541,0.9908,0.6171,1.1033,1.4628,1.4691,0.9845,0.1747,GO_GOAL
54.2,1.4558,0.992,0.6171,1.1048,1.4641,1.4691,0.9845,0.1744,GO_GOAL
54.22,1.4574,0.9931,0.6171,1.1063,1.4655,1.4772,0.9902,0.1742,GO_GOAL
54.24,1.459,0.9943,0.6171,1.1093,1.4681,1.4772,0.9902,0.174,GO_GOAL
54.26,1.4607,0.9955,0.6171,1.1093,1.4681,1.4772,0.9902,0.1737,GO_GOAL
54.28,1.4623,0.9966,0.6171,1.1123,1.4708,1.4772,0.9902,0.1735,GO_GOAL
54.3,1.4639,0.9978,0.6171,1.1123,1.4708,1.4772,0.9902,0.1733,GO_GOAL
54.32,1.4656,0.9989,0.6171,1.1138,1.4721,1.4854,0.996,0.1731,GO_GOAL
54.34,1.4672,1.0001,0.6171,1.1168,1.4748,1.4854,0.996,0.1729,GO_GOAL
54.36,1.4688,1.0012,0.6171,1.1168,1.4748,1.4854,0.996,0.1727,GO_GOAL
54.38,1.4705,1.0024,0.6171,1.1183,1.4761,1.4854,0.996,0.1726,GO_GOAL
54.4,1.4721,1.0036,0.6171,1.1198,1.4775,1.4854,0.996,0.1724,GO_GOAL
54.42,1.4737,1.0047,0.6171,1.1212,1.4788,1.4951,1.003,0.1722,GO_GOAL
54.44,1.4754,1.0059,0.6171,1.1227,1.4801,1.4951,1.003,0.1721,GO_GOAL
54.46,1.477,1.007,0.6171,1.1257,1.4828,1.4951,1.003,0.1719,GO_GOAL
54.48,1.4786,1.0082,0.6171,1.1257,1.4828,1.4951,1.003,0.1718,GO_GOAL
54.5,1.4802,1.0093,0.6171,1.1272,1.4841,1.4951,1.003,0.1717,GO_GOAL
54.522,1.4819,1.0105,0.6171,1.1287,1.4854,1.5017,1.0076,0.1716,GO_GOAL
54.54,1.4835,1.0117,0.6171,1.1302,1.4868,1.5017,1.0076,0.1715,GO_GOAL
54.56,1.4851,1.0128,0.6171,1.1317,1.4881,1.5017,1.0076,0.1713,GO_GOAL
54.58,1.4868,1.014,0.6171,1.1332,1.4894,1.5017,1.0076,0.1713,GO_GOAL
54.6,1.4884,1.0151,0.6171,1.1347,1.4908,1.5017,1.0076,0.1712,GO_GOAL
54.62,1.49,1.0163,0.6171,1.1377,1.4934,1.5098,1.0134,0.1711,GO_GOAL
54.64,1.4917,1.0174,0.6171,1.1377,1.4934,1.5098,1.0134,0.171,GO_GOAL
54.66,1.4933,1.0186,0.6171,1.1407,1.4961,1.5098,1.0134,0.171,GO_GOAL
54.68,1.4949,1.0198,0.6171,1.1407,1.4961,1.5098,1.0134,0.1709,GO_GOAL
54.7,1.4966,1.0209,0.6171,1.1421,1.4974,1.5098,1.0134,0.1709,GO_GOAL
54.72,1.4982,1.0221,0.6171,1.1436,1.4988,1.518,1.0192,0.1708,GO_GOAL
54.74,1.4998,1.0232,0.6171,1.1451,1.5001,1.518,1.0192,0.1708,GO_GOAL
54.76,1.5014,1.0244,0.6171,1.1466,1.5014,1.518,1.0192,0.1708,GO_GOAL
54.78,1.5031,1.0255,0.6171,1.1496,1.5041,1.518,1.0192,0.1708,GO_GOAL
54.8,1.5047,1.0267,0.6171,1.1496,1.5041,1.518,1.0192,0.1708,GO_GOAL
54.82,1.5063,1.0279,0.6171,1.1511,1.5054,1.5261,1.025,0.1708,GO_GOAL
54.84,1.508,1.029,0.6171,1.1526,1.5067,1.5261,1.025,0.1708,GO_GOAL
54.86,1.5096,1.0302,0.6171,1.1541,1.5081,1.5261,1.025,0.1708,GO_GOAL
54.88,1.5112,1.0313,0.6171,1.1556,1.5094,1.5261,1.025,0.1708,GO_GOAL
54.9,1.5129,1.0325,0.6171,1.1571,1.5107,1.5343,1.0308,0.1709,GO_GOAL
54.92,1.5145,1.0336,0.6171,1.1586,1.5121,1.5343,1.0308,0.1709,GO_GOAL
54.94,1.5161,1.0348,0.6171,1.1601,1.5134,1.5343,1.0308,0.171,GO_GOAL
54.96,1.5178,1.036,0.6171,1.1616,1.5147,1.5343,1.0308,0.1711,GO_GOAL
54.98,1.5194,1.0371,0.6171,1.163,1.5161,1.5343,1.0308,0.1711,GO_GOAL
55.0,1.521,1.0383,0.6171,1.1645,1.5174,1.5343,1.0308,0.1712,GO_GOAL
55.02,1.5227,1.0394,0.6171,1.166,1.5187,1.5424,1.0365,0.1713,GO_GOAL
55.04,1.5243,1.0406,0.6171,1.1675,1.5201,1.5424,1.0365,0.1714,GO_GOAL
55.06,1.5259,1.0417,0.6171,1.169,1.5214,1.5424,1.0365,0.1715,GO_GOAL
55.08,1.5275,1.0429,0.6171,1.1705,1.5227,1.5424,1.0365,0.1716,GO_GOAL
55.1,1.5292,1.0441,0.6171,1.172,1.524,1.5506,1.0423,0.1717,GO_GOAL
55.12,1.5308,1.0452,0.6171,1.1735,1.5254,1.5506,1.0423,0.1719,GO_GOAL
55.14,1.5324,1.0464,0.6171,1.175,1.5267,1.5506,1.0423,0.172,GO_GOAL
55.16,1.5341,1.0475,0.6171,1.1765,1.528,1.5506,1.0423,0.1722,GO_GOAL
55.18,1.5357,1.0487,0.6171,1.178,1.5294,1.5506,1.0423,0.1723,GO_GOAL
55.2,1.5373,1.0499,0.6171,1.1795,1.5307,1.5506,1.0423,0.1725,GO_GOAL
55.22,1.539,1.051,0.6171,1.181,1.532,1.5588,1.0481,0.1726,GO_GOAL
55.24,1.5406,1.0522,0.6171,1.1825,1.5334,1.5588,1.0481,0.1728,GO_GOAL
55.26,1.5422,1.0533,0.6171,1.1839,1.5347,1.5588,1.0481,0.173,GO_GOAL
55.28,1.5439,1.0545,0.6171,1.1854,1.536,1.5588,1.0481,0.1732,GO_GOAL
55.3,1.5455,1.0556,0.6171,1.1869,1.5374,1.5588,1.0481,0.1734,GO_GOAL
55.32,1.5471,1.0568,0.6171,1.1884,1.5387,1.5669,1.0539,0.1736,GO_GOAL
55.34,1.5488,1.058,0.6171,1.1899,1.54,1.5669,1.0539,0.1739,GO_GOAL
55.36,1.5504,1.0591,0.6171,1.1914,1.5413,1.5669,1.0539,0.1741,GO_GOAL
55.38,1.552,1.0603,0.6171,1.1929,1.5427,1.5669,1.0539,0.1743,GO_GOAL
55.4,1.5536,1.0614,0.6171,1.1944,1.544,1.5669,1.0539,0.1746,GO_GOAL
55.42,1.5553,1.0626,0.6171,1.1959,1.5453,1.5751,1.0597,0.1748,GO_GOAL
55.44,1.5569,1.0637,0.6171,1.1974,1.5467,1.5751,1.0597,0.1751,GO_GOAL
55.46,1.5585,1.0649,0.6171,1.1989,1.548,1.5751,1.0597,0.1753,GO_GOAL
55.48,1.5602,1.0661,0.6171,1.2004,1.5493,1.5751,1.0597,0.1756,GO_GOAL
55.5,1.5618,1.0672,0.6171,1.2019,1.5507,1.5751,1.0597,0.1759,GO_GOAL
55.52,1.5634,1.0684,0.6171,1.2034,1.552,1.5832,1.0655,0.1762,GO_GOAL
55.54,1.5651,1.0695,0.6171,1.2048,1.5533,1.5832,1.0655,0.1765,GO_GOAL
55.56,1.5667,1.0707,0.6171,1.2063,1.5547,1.5832,1.0655,0.1768,GO_GOAL
55.58,1.5683,1.0718,0.6171,1.2078,1.556,1.5832,1.0655,0.1771,GO_GOAL
55.6,1.57,1.073,0.6171,1.2093,1.5573,1.5832,1.0655,0.1775,GO_GOAL
55.62,1.5716,1.0742,0.6171,1.2108,1.5587,1.5914,1.0713,0.1778,GO_GOAL
55.64,1.5732,1.0753,0.6171,1.2123,1.56,1.5914,1.0713,0.1781,GO_GOAL
55.66,1.5748,1.0765,0.6171,1.2138,1.5613,1.5914,1.0713,0.1785,GO_GOAL
55.68,1.5765,1.0776,0.6171,1.2153,1.5626,1.5914,1.0713,0.1788,GO_GOAL
55.7,1.5781,1.0788,0.6171,1.2168,1.564,1.5914,1.0713,0.1792,GO_GOAL
55.72,1.5797,1.0799,0.6171,1.2183,1.5653,1.5995,1.0771,0.1796,GO_GOAL
55.74,1.5814,1.0811,0.6171,1.2198,1.5666,1.5995,1.0771,0.18,GO_GOAL
55.76,1.583,1.0823,0.6171,1.2213,1.568,1.5995,1.0771,0.1804,GO_GOAL
55.78,1.5846,1.0834,0.6171,1.2228,1.5693,1.5995,1.0771,0.1808,GO_GOAL
55.8,1.5863,1.0846,0.6171,1.2243,1.5706,1.5995,1.0771,0.1812,GO_GOAL
55.82,1.5879,1.0857,0.6171,1.2257,1.572,1.6077,1.0828,0.1816,GO_GOAL
55.84,1.5895,1.0869,0.6171,1.2272,1.5733,1.6077,1.0828,0.182,GO_GOAL
55.86,1.5912,1.088,0.6171,1.2287,1.5746,1.6077,1.0828,0.1824,GO_GOAL
55.88,1.5928,1.0892,0.6171,1.2302,1.576,1.6077,1.0828,0.1829,GO_GOAL
55.9,1.5944,1.0904,0.6171,1.2317,1.5773,1.6077,1.0828,0.1833,GO_GOAL
55.92,1.5961,1.0915,0.6171,1.2347,1.5799,1.6158,1.0886,0.1838,GO_GOAL
55.94,1.5977,1.0927,0.6171,1.2347,1.5799,1.6158,1.0886,0.1842,GO_GOAL
55.96,1.5993,1.0938,0.6171,1.2362,1.5813,1.6158,1.0886,0.1847,GO_GOAL
55.98,1.6009,1.095,0.6171,1.2392,1.5839,1.6158,1.0886,0.1852,GO_GOAL
56.0,1.6026,1.0961,0.6171,1.2392,1.5839,1.6158,1.0886,0.1856,GO_GOAL
56.02,1.6042,1.0973,0.6171,1.2407,1.5853,1.624,1.0944,0.1861,GO_GOAL
56.04,1.6058,1.0985,0.6171,1.2422,1.5866,1.624,1.0944,0.1866,GO_GOAL
56.06,1.6075,1.0996,0.6171,1.2437,1.5879,1.624,1.0944,0.1871,GO_GOAL
56.08,1.6091,1.1008,0.6171,1.2451,1.5893,1.624,1.0944,0.1876,GO_GOAL
56.1,1.6107,1.1019,0.6171,1.2466,1.5906,1.624,1.0944,0.1882,GO_GOAL
56.12,1.6124,1.1031,0.6171,1.2481,1.5919,1.6322,1.1002,0.1887,GO_GOAL
56.14,1.614,1.1042,0.6171,1.2496,1.5933,1.6322,1.1002,0.1892,GO_GOAL
56.16,1.6156,1.1054,0.6171,1.2511,1.5946,1.6322,1.1002,0.1898,GO_GOAL
56.18,1.6173,1.1066,0.6171,1.2526,1.5959,1.6322,1.1002,0.1903,GO_GOAL
56.2,1.6189,1.1077,0.6171,1.2541,1.5973,1.6322,1.1002,0.1909,GO_GOAL
56.22,1.6205,1.1089,0.6171,1.2556,1.5986,1.6403,1.106,0.1914,GO_GOAL
56.24,1.6221,1.11,0.6171,1.2571,1.5999,1.6403,1.106,0.192,GO_GOAL
56.26,1.6238,1.1112,0.6171,1.2586,1.6012,1.6403,1.106,0.1926,GO_GOAL
56.28,1.6254,1.1124,0.6171,1.2616,1.6039,1.6403,1.106,0.1932,GO_GOAL
56.3,1.627,1.1135,0.6171,1.2616,1.6039,1.6403,1.106,0.1938,GO_GOAL
56.32,1.6287,1.1147,0.6171,1.2631,1.6052,1.6485,1.1118,0.1944,GO_GOAL
56.34,1.6303,1.1158,0.6171,1.266,1.6079,1.6485,1.1118,0.195,GO_GOAL
56.36,1.6319,1.117,0.6171,1.266,1.6079,1.6485,1.1118,0.1956,GO_GOAL
56.38,1.6336,1.1181,0.6171,1.2675,1.6092,1.6485,1.1118,0.1962,GO_GOAL
56.4,1.6352,1.1193,0.6171,1.269,1.6106,1.6485,1.1118,0.1969,GO_GOAL
56.42,1.6368,1.1205,0.6171,1.2705,1.6119,1.6566,1.1176,0.1975,GO_GOAL
56.44,1.6385,1.1216,0.6171,1.272,1.6132,1.6566,1.1176,0.1981,GO_GOAL
56.46,1.6401,1.1228,0.6171,1.275,1.6159,1.6566,1.1176,0.1988,GO_GOAL
56.48,1.6417,1.1239,0.6171,1.275,1.6159,1.6566,1.1176,0.1994,GO_GOAL
56.5,1.6434,1.1251,0.6171,1.2765,1.6172,1.6566,1.1176,0.2001,GO_GOAL
56.52,1.645,1.1262,0.6171,1.2795,1.6199,1.6664,1.1245,0.2008,GO_GOAL
56.54,1.6466,1.1274,0.6171,1.281,1.6212,1.6664,1.1245,0.2015,GO_GOAL
56.56,1.6482,1.1286,0.6171,1.281,1.6212,1.6664,1.1245,0.2021,GO_GOAL
56.58,1.6499,1.1297,0.6171,1.284,1.6239,1.6664,1.1245,0.2028,GO_GOAL
56.6,1.6515,1.1309,0.6171,1.284,1.6239,1.6664,1.1245,0.2035,GO_GOAL
56.62,1.6531,1.132,0.6171,1.2855,1.6252,1.6729,1.1291,0.2042,GO_GOAL
56.64,1.6548,1.1332,0.6171,1.2869,1.6265,1.6729,1.1291,0.205,GO_GOAL
56.66,1.6564,1.1343,0.6171,1.2884,1.6279,1.6729,1.1291,0.2057,GO_GOAL
56.68,1.658,1.1355,0.6171,1.2899,1.6292,1.6729,1.1291,0.2064,GO_GOAL
56.7,1.6597,1.1367,0.6171,1.2914,1.6305,1.6729,1.1291,0.2071,GO_GOAL
56.72,1.6613,1.1378,0.6171,1.2929,1.6319,1.6811,1.1349,0.2079,GO_GOAL
56.74,1.6629,1.139,0.6171,1.2959,1.6345,1.6811,1.1349,0.2086,GO_GOAL
56.76,1.6646,1.1401,0.6171,1.2959,1.6345,1.6811,1.1349,0.2094,GO_GOAL
56.78,1.6662,1.1413,0.6171,1.2974,1.6359,1.6811,1.1349,0.2101,GO_GOAL
56.8,1.6678,1.1424,0.6171,1.3004,1.6385,1.6811,1.1349,0.2109,GO_GOAL
56.82,1.6695,1.1436,0.6171,1.3004,1.6385,1.6892,1.1407,0.2117,GO_GOAL
56.84,1.6711,1.1448,0.6171,1.3019,1.6398,1.6892,1.1407,0.2125,GO_GOAL
56.86,1.6727,1.1459,0.6171,1.3034,1.6412,1.6892,1.1407,0.2132,GO_GOAL
56.88,1.6743,1.1471,0.6171,1.3064,1.6438,1.6892,1.1407,0.214,GO_GOAL
56.9,1.676,1.1482,0.6171,1.3078,1.6452,1.6892,1.1407,0.2148,GO_GOAL
56.92,1.6776,1.1494,0.6171,1.3093,1.6465,1.6974,1.1465,0.2156,GO_GOAL
56.94,1.6792,1.1505,0.6171,1.3093,1.6465,1.6974,1.1465,0.2164,GO_GOAL
56.96,1.6809,1.1517,0.6171,1.3108,1.6478,1.6974,1.1465,0.2173,GO_GOAL
56.98,1.6825,1.1529,0.6171,1.3123,1.6492,1.6974,1.1465,0.2181,GO_GOAL
57.0,1.6841,1.154,0.6171,1.3138,1.6505,1.6974,1.1465,0.2189,GO_GOAL
57.02,1.6858,1.1552,0.6171,1.3153,1.6518,1.7055,1.1523,0.2198,GO_GOAL
57.04,1.6874,1.1563,0.6171,1.3183,1.6545,1.7055,1.1523,0.2206,GO_GOAL
57.06,1.689,1.1575,0.6171,1.3183,1.6545,1.7055,1.1523,0.2214,GO_GOAL
57.08,1.6907,1.1586,0.6171,1.3198,1.6558,1.7055,1.1523,0.2223,GO_GOAL
57.1,1.6923,1.1598,0.6171,1.3213,1.6571,1.7055,1.1523,0.2232,GO_GOAL
57.12,1.6939,1.161,0.6171,1.3228,1.6585,1.7137,1.1581,0.224,GO_GOAL
57.14,1.6955,1.1621,0.6171,1.3243,1.6598,1.7137,1.1581,0.2249,GO_GOAL
57.16,1.6972,1.1633,0.6171,1.3258,1.6611,1.7137,1.1581,0.2258,GO_GOAL
57.18,1.6988,1.1644,0.6171,1.3273,1.6625,1.7137,1.1581,0.2267,GO_GOAL
57.2,1.7004,1.1656,0.6171,1.3287,1.6638,1.7137,1.1581,0.2276,GO_GOAL
57.22,1.7021,1.1667,0.6171,1.3302,1.6651,1.7219,1.1639,0.2285,GO_GOAL
57.24,1.7037,1.1679,0.6171,1.3317,1.6665,1.7219,1.1639,0.2294,GO_GOAL
57.26,1.7053,1.1691,0.6171,1.3332,1.6678,1.7219,1.1639,0.2303,GO_GOAL
57.28,1.707,1.1702,0.6171,1.3347,1.6691,1.7219,1.1639,0.2312,GO_GOAL
57.3,1.7086,1.1714,0.6171,1.3362,1.6705,1.7219,1.1639,0.2321,GO_GOAL
57.32,1.7102,1.1725,0.6171,1.3377,1.6718,1.73,1.1697,0.233,GO_GOAL
57.34,1.7119,1.1737,0.6171,1.3392,1.6731,1.73,1.1697,0.234,GO_GOAL
57.36,1.7135,1.1749,0.6171,1.3422,1.6758,1.73,1.1697,0.2349,GO_GOAL
57.38,1.7151,1.176,0.6171,1.3422,1.6758,1.73,1.1697,0.2359,GO_GOAL
57.4,1.7168,1.1772,0.6171,1.3437,1.6771,1.73,1.1697,0.2368,GO_GOAL
57.42,1.7184,1.1783,0.6171,1.3452,1.6784,1.7382,1.1754,0.2378,GO_GOAL
57.44,1.72,1.1795,0.6171,1.3467,1.6798,1.7382,1.1754,0.2387,GO_GOAL
57.46,1.7216,1.1806,0.6171,1.3482,1.6811,1.7382,1.1754,0.2397,GO_GOAL
57.48,1.7233,1.1818,0.6171,1.3496,1.6824,1.7382,1.1754,0.2407,GO_GOAL
57.5,1.7249,1.183,0.6171,1.3511,1.6838,1.7382,1.1754,0.2416,GO_GOAL
57.52,1.7265,1.1841,0.6171,1.3526,1.6851,1.7463,1.1812,0.2426,GO_GOAL
57.54,1.7282,1.1853,0.6171,1.3556,1.6878,1.7463,1.1812,0.2436,GO_GOAL
57.56,1.7298,1.1864,0.6171,1.3571,1.6891,1.7463,1.1812,0.2446,GO_GOAL
57.58,1.7314,1.1876,0.6171,1.3571,1.6891,1.7463,1.1812,0.2456,GO_GOAL
57.6,1.7331,1.1887,0.6171,1.3586,1.6904,1.7463,1.1812,0.2466,GO_GOAL
57.62,1.7347,1.1899,0.6171,1.3601,1.6918,1.7545,1.187,0.2476,GO_GOAL
57.64,1.7363,1.1911,0.6171,1.3616,1.6931,1.7545,1.187,0.2486,GO_GOAL
57.66,1.738,1.1922,0.6171,1.3631,1.6944,1.7545,1.187,0.2497,GO_GOAL
57.68,1.7396,1.1934,0.6171,1.3646,1.6957,1.7545,1.187,0.2507,GO_GOAL
57.7,1.7412,1.1945,0.6171,1.3661,1.6971,1.7545,1.187,0.2517,GO_GOAL
57.72,1.7428,1.1957,0.6171,1.3676,1.6984,1.7626,1.1928,0.2528,GO_GOAL
57.74,1.7445,1.1968,0.6171,1.369,1.6997,1.7626,1.1928,0.2538,GO_GOAL
57.758,1.7461,1.198,0.6171,1.3705,1.7011,1.7626,1.1928,0.2548,GO_GOAL
57.78,1.7477,1.1992,0.6171,1.372,1.7024,1.7626,1.1928,0.2559,GO_GOAL
57.8,1.7494,1.2003,0.6171,1.3735,1.7037,1.7626,1.1928,0.2569,GO_GOAL
57.82,1.751,1.2015,0.6171,1.375,1.7051,1.7708,1.1986,0.258,GO_GOAL
57.84,1.7526,1.2026,0.6171,1.378,1.7077,1.7708,1.1986,0.2591,GO_GOAL
57.86,1.7543,1.2038,0.6171,1.378,1.7077,1.7708,1.1986,0.2602,GO_GOAL
57.88,1.7559,1.2049,0.6171,1.3795,1.7091,1.7708,1.1986,0.2612,GO_GOAL
57.9,1.7575,1.2061,0.6171,1.381,1.7104,1.7708,1.1986,0.2623,GO_GOAL
57.92,1.7592,1.2073,0.6171,1.384,1.7131,1.7789,1.2044,0.2634,GO_GOAL
57.94,1.7608,1.2084,0.6171,1.384,1.7131,1.7789,1.2044,0.2645,GO_GOAL
57.96,1.7624,1.2096,0.6171,1.3855,1.7144,1.7789,1.2044,0.2656,GO_GOAL
57.98,1.7641,1.2107,0.6171,1.3885,1.717,1.7789,1.2044,0.2667,GO_GOAL
58.0,1.7657,1.2119,0.6171,1.3899,1.7184,1.7789,1.2044,0.2678,GO_GOAL
58.02,1.7673,1.213,0.6171,1.3899,1.7184,1.7871,1.2102,0.2689,GO_GOAL
58.04,1.7689,1.2142,0.6171,1.3914,1.7197,1.7871,1.2102,0.27,GO_GOAL
58.06,1.7706,1.2154,0.6171,1.3929,1.721,1.7871,1.2102,0.2711,GO_GOAL
58.08,1.7722,1.2165,0.6171,1.3944,1.7224,1.7871,1.2102,0.2723,GO_GOAL
58.1,1.7738,1.2177,0.6171,1.3959,1.7237,1.7871,1.2102,0.2734,GO_GOAL
58.12,1.7755,1.2188,0.6171,1.3989,1.7264,1.7952,1.216,0.2745,GO_GOAL
58.14,1.7771,1.22,0.6171,1.3989,1.7264,1.7952,1.216,0.2757,GO_GOAL
58.16,1.7787,1.2211,0.6171,1.4019,1.729,1.7952,1.216,0.2768,GO_GOAL
58.18,1.7804,1.2223,0.6171,1.4019,1.729,1.7952,1.216,0.278,GO_GOAL
58.2,1.782,1.2235,0.6171,1.4034,1.7304,1.7952,1.216,0.2791,GO_GOAL
58.22,1.7836,1.2246,0.6171,1.4049,1.7317,1.8034,1.2217,0.2803,GO_GOAL
58.24,1.7853,1.2258,0.6171,1.4064,1.733,1.8034,1.2217,0.2814,GO_GOAL
58.26,1.7869,1.2269,0.6171,1.4079,1.7343,1.8034,1.2217,0.2826,GO_GOAL
58.28,1.7885,1.2281,0.6171,1.4094,1.7357,1.8034,1.2217,0.2838,GO_GOAL
58.3,1.7902,1.2292,0.6171,1.4123,1.7383,1.8034,1.2217,0.285,GO_GOAL
58.32,1.7918,1.2304,0.6171,1.4123,1.7383,1.8116,1.2275,0.2861,GO_GOAL
58.34,1.7934,1.2316,0.6171,1.4153,1.741,1.8116,1.2275,0.2873,GO_GOAL
58.36,1.795,1.2327,0.6171,1.4153,1.741,1.8116,1.2275,0.2885,GO_GOAL
58.38,1.7967,1.2339,0.6171,1.4183,1.7437,1.8116,1.2275,0.2897,GO_GOAL
58.4,1.7983,1.235,0.6171,1.4183,1.7437,1.8116,1.2275,0.2909,GO_GOAL
58.42,1.7999,1.2362,0.6171,1.4213,1.7463,1.8197,1.2333,0.2921,GO_GOAL
58.44,1.8016,1.2373,0.6171,1.4213,1.7463,1.8197,1.2333,0.2933,GO_GOAL
58.46,1.8032,1.2385,0.6171,1.4228,1.7477,1.8197,1.2333,0.2945,GO_GOAL
58.48,1.8048,1.2397,0.6171,1.4243,1.749,1.8197,1.2333,0.2957,GO_GOAL
58.5,1.8065,1.2408,0.6171,1.4258,1.7503,1.8197,1.2333,0.297,GO_GOAL
58.52,1.8081,1.242,0.6171,1.4273,1.7517,1.8279,1.2391,0.2982,GO_GOAL
58.54,1.8097,1.2431,0.6171,1.4288,1.753,1.8279,1.2391,0.2994,GO_GOAL
58.56,1.8114,1.2443,0.6171,1.4303,1.7543,1.8279,1.2391,0.3006,GO_GOAL
58.58,1.813,1.2455,0.6171,1.4317,1.7556,1.8279,1.2391,0.3019,GO_GOAL
58.6,1.8146,1.2466,0.6171,1.4332,1.757,1.8279,1.2391,0.3031,GO_GOAL
58.62,1.8162,1.2478,0.6171,1.4347,1.7583,1.836,1.2449,0.3044,GO_GOAL
58.64,1.8179,1.2489,0.6171,1.4362,1.7596,1.836,1.2449,0.3056,GO_GOAL
58.66,1.8195,1.2501,0.6171,1.4392,1.7623,1.836,1.2449,0.3069,GO_GOAL
58.68,1.8211,1.2512,0.6171,1.4392,1.7623,1.836,1.2449,0.3081,GO_GOAL
58.7,1.8228,1.2524,0.6171,1.4407,1.7636,1.836,1.2449,0.3094,GO_GOAL
58.72,1.8244,1.2536,0.6171,1.4422,1.765,1.8442,1.2507,0.3106,GO_GOAL
58.74,1.826,1.2547,0.6171,1.4452,1.7676,1.8442,1.2507,0.3119,GO_GOAL
58.76,1.8277,1.2559,0.6171,1.4452,1.7676,1.8442,1.2507,0.3132,GO_GOAL
58.78,1.8293,1.257,0.6171,1.4467,1.769,1.8442,1.2507,0.3144,GO_GOAL
58.8,1.8309,1.2582,0.6171,1.4482,1.7703,1.8442,1.2507,0.3157,GO_GOAL
58.82,1.8326,1.2593,0.6171,1.4497,1.7716,1.8523,1.2565,0.317,GO_GOAL
58.84,1.8342,1.2605,0.6171,1.4512,1.7729,1.8523,1.2565,0.3183,GO_GOAL
58.86,1.8358,1.2617,0.6171,1.4526,1.7743,1.8523,1.2565,0.3196,GO_GOAL
58.88,1.8375,1.2628,0.6171,1.4541,1.7756,1.8523,1.2565,0.3209,GO_GOAL
58.9,1.8391,1.264,0.6171,1.4571,1.7783,1.8605,1.2623,0.3222,GO_GOAL
58.92,1.8407,1.2651,0.6171,1.4571,1.7783,1.8605,1.2623,0.3235,GO_GOAL
58.94,1.8423,1.2663,0.6171,1.4586,1.7796,1.8605,1.2623,0.3248,GO_GOAL
58.96,1.844,1.2674,0.6171,1.4601,1.7809,1.8605,1.2623,0.3261,GO_GOAL
58.98,1.8456,1.2686,0.6171,1.4616,1.7823,1.8605,1.2623,0.3274,GO_GOAL
59.0,1.8472,1.2698,0.6171,1.4631,1.7836,1.8605,1.2623,0.3287,GO_GOAL
59.02,1.8489,1.2709,0.6171,1.4646,1.7849,1.8686,1.268,0.33,GO_GOAL
59.04,1.8505,1.2721,0.6171,1.4661,1.7863,1.8686,1.268,0.3313,GO_GOAL
59.06,1.8521,1.2732,0.6171,1.4676,1.7876,1.8686,1.268,0.3327,GO_GOAL
59.08,1.8538,1.2744,0.6171,1.4691,1.7889,1.8686,1.268,0.334,GO_GOAL
59.1,1.8554,1.2755,0.6171,1.4706,1.7902,1.8686,1.268,0.3353,GO_GOAL
59.12,1.857,1.2767,0.6171,1.4721,1.7916,1.8784,1.275,0.3367,GO_GOAL
59.14,1.8587,1.2779,0.6171,1.4735,1.7929,1.8784,1.275,0.338,GO_GOAL
59.16,1.8603,1.279,0.6171,1.475,1.7942,1.8784,1.275,0.3394,GO_GOAL
59.18,1.8619,1.2802,0.6171,1.4765,1.7956,1.8784,1.275,0.3407,GO_GOAL
59.2,1.8635,1.2813,0.6171,1.4795,1.7982,1.8784,1.275,0.342,GO_GOAL
59.22,1.8652,1.2825,0.6171,1.4795,1.7982,1.885,1.2796,0.3434,GO_GOAL
59.24,1.8668,1.2836,0.6171,1.481,1.7996,1.885,1.2796,0.3448,GO_GOAL
59.26,1.8684,1.2848,0.6171,1.484,1.8022,1.885,1.2796,0.3461,GO_GOAL
59.28,1.8701,1.286,0.6171,1.484,1.8022,1.885,1.2796,0.3475,GO_GOAL
59.3,1.8717,1.2871,0.6171,1.4855,1.8036,1.885,1.2796,0.3488,GO_GOAL
59.32,1.8733,1.2883,0.6171,1.4885,1.8062,1.8931,1.2854,0.3502,GO_GOAL
59.34,1.875,1.2894,0.6171,1.4885,1.8062,1.8931,1.2854,0.3516,GO_GOAL
59.36,1.8766,1.2906,0.6171,1.4915,1.8089,1.8931,1.2854,0.353,GO_GOAL
59.38,1.8782,1.2917,0.6171,1.4915,1.8089,1.8931,1.2854,0.3543,GO_GOAL
59.4,1.8799,1.2929,0.6171,1.493,1.8102,1.8931,1.2854,0.3557,GO_GOAL
59.42,1.8815,1.2941,0.6171,1.4944,1.8115,1.9013,1.2912,0.3571,GO_GOAL
59.44,1.8831,1.2952,0.6171,1.4974,1.8142,1.9013,1.2912,0.3585,GO_GOAL
59.46,1.8848,1.2964,0.6171,1.4974,1.8142,1.9013,1.2912,0.3599,GO_GOAL
59.48,1.8864,1.2975,0.6171,1.4989,1.8155,1.9013,1.2912,0.3613,GO_GOAL
59.498,1.888,1.2987,0.6171,1.5004,1.8169,1.9013,1.2912,0.3627,GO_GOAL
59.52,1.8896,1.2998,0.6171,1.5019,1.8182,1.9111,1.2981,0.3641,GO_GOAL
59.54,1.8913,1.301,0.6171,1.5034,1.8195,1.9111,1.2981,0.3655,GO_GOAL
59.56,1.8929,1.3022,0.6171,1.5049,1.8209,1.9111,1.2981,0.3669,GO_GOAL
59.58,1.8945,1.3033,0.6171,1.5064,1.8222,1.9111,1.2981,0.3683,GO_GOAL
59.6,1.8962,1.3045,0.6171,1.5079,1.8235,1.9111,1.2981,0.3697,GO_GOAL
59.62,1.8978,1.3056,0.6171,1.5094,1.8249,1.9176,1.3028,0.3711,GO_GOAL
59.64,1.8994,1.3068,0.6171,1.5124,1.8275,1.9176,1.3028,0.3725,GO_GOAL
59.66,1.9011,1.308,0.6171,1.5124,1.8275,1.9176,1.3028,0.374,GO_GOAL
59.68,1.9027,1.3091,0.6171,1.5138,1.8289,1.9176,1.3028,0.3754,GO_GOAL
59.7,1.9043,1.3103,0.6171,1.5153,1.8302,1.9176,1.3028,0.3768,GO_GOAL
59.72,1.906,1.3114,0.6171,1.5168,1.8315,1.9257,1.3086,0.3782,GO_GOAL
59.74,1.9076,1.3126,0.6171,1.5198,1.8342,1.9257,1.3086,0.3797,GO_GOAL
59.76,1.9092,1.3137,0.6171,1.5198,1.8342,1.9257,1.3086,0.3811,GO_GOAL
59.78,1.9109,1.3149,0.6171,1.5213,1.8355,1.9257,1.3086,0.3825,GO_GOAL
59.8,1.9125,1.3161,0.6171,1.5228,1.8368,1.9257,1.3086,0.384,GO_GOAL
59.82,1.9141,1.3172,0.6171,1.5243,1.8382,1.9339,1.3143,0.3854,GO_GOAL
59.84,1.9157,1.3184,0.6171,1.5258,1.8395,1.9339,1.3143,0.3869,GO_GOAL
59.86,1.9174,1.3195,0.6171,1.5273,1.8408,1.9339,1.3143,0.3883,GO_GOAL
59.88,1.919,1.3207,0.6171,1.5288,1.8422,1.9339,1.3143,0.3898,GO_GOAL
59.9,1.9206,1.3218,0.6171,1.5318,1.8448,1.942,1.3201,0.3912,GO_GOAL
59.92,1.9223,1.323,0.6171,1.5318,1.8448,1.942,1.3201,0.3927,GO_GOAL
59.94,1.9239,1.3242,0.6171,1.5333,1.8462,1.942,1.3201,0.3942,GO_GOAL
59.96,1.9255,1.3253,0.6171,1.5347,1.8475,1.942,1.3201,0.3956,GO_GOAL
59.98,1.9272,1.3265,0.6171,1.5362,1.8488,1.942,1.3201,0.3971,GO_GOAL
60.0,1.9288,1.3276,0.6171,1.5377,1.8501,1.942,1.3201,0.3985,GO_GOAL
60.02,1.9304,1.3288,0.6171,1.5392,1.8515,1.9502,1.3259,0.4,GO_GOAL
60.04,1.9321,1.3299,0.6171,1.5407,1.8528,1.9502,1.3259,0.4015,GO_GOAL
60.06,1.9337,1.3311,0.6171,1.5437,1.8555,1.9502,1.3259,0.403,GO_GOAL
60.08,1.9353,1.3323,0.6171,1.5437,1.8555,1.9502,1.3259,0.4044,GO_GOAL
60.1,1.9369,1.3334,0.6171,1.5452,1.8568,1.9502,1.3259,0.4059,GO_GOAL
60.12,1.9386,1.3346,0.6171,1.5482,1.8595,1.9583,1.3317,0.4074,GO_GOAL
60.14,1.9402,1.3357,0.6171,1.5482,1.8595,1.9583,1.3317,0.4089,GO_GOAL
60.16,1.9418,1.3369,0.6171,1.5512,1.8621,1.9583,1.3317,0.4104,GO_GOAL
60.18,1.9435,1.338,0.6171,1.5512,1.8621,1.9583,1.3317,0.4119,GO_GOAL
60.2,1.9451,1.3392,0.6171,1.5527,1.8635,1.9583,1.3317,0.4134,GO_GOAL
60.22,1.9467,1.3404,0.6171,1.5556,1.8661,1.9665,1.3375,0.4149,GO_GOAL
60.24,1.9484,1.3415,0.6171,1.5571,1.8675,1.9665,1.3375,0.4164,GO_GOAL
60.26,1.95,1.3427,0.6171,1.5571,1.8675,1.9665,1.3375,0.4179,GO_GOAL
60.28,1.9516,1.3438,0.6171,1.5586,1.8688,1.9665,1.3375,0.4194,GO_GOAL
60.3,1.9533,1.345,0.6171,1.5601,1.8701,1.9665,1.3375,0.4209,GO_GOAL
60.32,1.9549,1.3461,0.6171,1.5616,1.8714,1.9747,1.3433,0.4224,GO_GOAL
60.34,1.9565,1.3473,0.6171,1.5631,1.8728,1.9747,1.3433,0.4239,GO_GOAL
60.36,1.9582,1.3485,0.6171,1.5646,1.8741,1.9747,1.3433,0.4254,GO_GOAL
60.38,1.9598,1.3496,0.6171,1.5661,1.8754,1.9747,1.3433,0.4269,GO_GOAL
60.4,1.9614,1.3508,0.6171,1.5676,1.8768,1.9747,1.3433,0.4284,GO_GOAL
60.42,1.963,1.3519,0.6171,1.5691,1.8781,1.9828,1.3491,0.4299,GO_GOAL
60.44,1.9647,1.3531,0.6171,1.5706,1.8794,1.9828,1.3491,0.4315,GO_GOAL
60.46,1.9663,1.3542,0.6171,1.5721,1.8808,1.9828,1.3491,0.433,GO_GOAL
60.48,1.9679,1.3554,0.6171,1.5736,1.8821,1.9828,1.3491,0.4345,GO_GOAL
60.5,1.9696,1.3566,0.6171,1.5751,1.8834,1.9828,1.3491,0.436,GO_GOAL
60.52,1.9712,1.3577,0.6171,1.578,1.8861,1.991,1.3549,0.4376,GO_GOAL
60.54,1.9728,1.3589,0.6171,1.578,1.8861,1.991,1.3549,0.4391,GO_GOAL
60.56,1.9745,1.36,0.6171,1.581,1.8887,1.991,1.3549,0.4406,GO_GOAL
60.58,1.9761,1.3612,0.6171,1.581,1.8887,1.991,1.3549,0.4422,GO_GOAL
60.6,1.9777,1.3623,0.6171,1.5825,1.8901,1.991,1.3549,0.4437,GO_GOAL
60.62,1.9794,1.3635,0.6171,1.5855,1.8927,1.9991,1.3606,0.4453,GO_GOAL
60.64,1.981,1.3647,0.6171,1.5855,1.8927,1.9991,1.3606,0.4468,GO_GOAL
60.66,1.9826,1.3658,0.6171,1.587,1.8941,1.9991,1.3606,0.4484,GO_GOAL
60.68,1.9842,1.367,0.6171,1.5885,1.8954,1.9991,1.3606,0.4499,GO_GOAL
60.7,1.9859,1.3681,0.6171,1.59,1.8967,1.9991,1.3606,0.4515,GO_GOAL
60.72,1.9875,1.3693,0.6171,1.5915,1.8981,2.0073,1.3664,0.453,GO_GOAL
60.74,1.9891,1.3705,0.6171,1.5945,1.9007,2.0073,1.3664,0.4546,GO_GOAL
60.76,1.9908,1.3716,0.6171,1.596,1.9021,2.0073,1.3664,0.4561,GO_GOAL
60.78,1.9924,1.3728,0.6171,1.596,1.9021,2.0073,1.3664,0.4577,GO_GOAL
60.8,1.994,1.3739,0.6171,1.5989,1.9047,2.0073,1.3664,0.4592,GO_GOAL
60.82,1.9957,1.3751,0.6171,1.6004,1.906,2.0154,1.3722,0.4608,GO_GOAL
60.84,1.9973,1.3762,0.6171,1.6004,1.906,2.0154,1.3722,0.4624,GO_GOAL
60.86,1.9989,1.3774,0.6171,1.6019,1.9074,2.0154,1.3722,0.4639,GO_GOAL
60.88,2.0006,1.3786,0.6171,1.6034,1.9087,2.0154,1.3722,0.4655,GO_GOAL
60.9,2.0022,1.3797,0.6171,1.6049,1.91,2.0154,1.3722,0.4671,GO_GOAL
60.92,2.0038,1.3809,0.6171,1.6079,1.9127,2.0236,1.378,0.4686,GO_GOAL
60.94,2.0055,1.382,0.6171,1.6079,1.9127,2.0236,1.378,0.4702,GO_GOAL
60.96,2.0071,1.3832,0.6171,1.6094,1.914,2.0236,1.378,0.4718,GO_GOAL
60.98,2.0087,1.3843,0.6171,1.6109,1.9154,2.0236,1.378,0.4734,GO_GOAL
61.0,2.0103,1.3855,0.6171,1.6124,1.9167,2.0236,1.378,0.4749,GO_GOAL
61.02,2.012,1.3867,0.6171,1.6139,1.918,2.0317,1.3838,0.4765,GO_GOAL
61.04,2.0136,1.3878,0.6171,1.6154,1.9194,2.0317,1.3838,0.4781,GO_GOAL
61.06,2.0152,1.389,0.6171,1.6168,1.9207,2.0317,1.3838,0.4797,GO_GOAL
61.08,2.0169,1.3901,0.6171,1.6183,1.922,2.0317,1.3838,0.4813,GO_GOAL
61.1,2.0185,1.3913,0.6171,1.6198,1.9234,2.0317,1.3838,0.4829,GO_GOAL
61.12,2.0201,1.3924,0.6171,1.6213,1.9247,2.0399,1.3896,0.4845,GO_GOAL
61.14,2.0218,1.3936,0.6171,1.6243,1.9273,2.0399,1.3896,0.4861,GO_GOAL
61.16,2.0234,1.3948,0.6171,1.6243,1.9273,2.0399,1.3896,0.4877,GO_GOAL
61.18,2.025,1.3959,0.6171,1.6258,1.9287,2.0399,1.3896,0.4892,GO_GOAL
61.2,2.0267,1.3971,0.6171,1.6273,1.93,2.0399,1.3896,0.4908,GO_GOAL
61.22,2.0283,1.3982,0.6171,1.6288,1.9313,2.0481,1.3954,0.4924,GO_GOAL
61.24,2.0299,1.3994,0.6171,1.6318,1.934,2.0481,1.3954,0.4941,GO_GOAL
61.26,2.0316,1.4005,0.6171,1.6318,1.934,2.0481,1.3954,0.4957,GO_GOAL
61.28,2.0332,1.4017,0.6171,1.6333,1.9353,2.0481,1.3954,0.4973,GO_GOAL
61.3,2.0348,1.4029,0.6171,1.6348,1.9367,2.0481,1.3954,0.4989,GO_GOAL
61.32,2.0364,1.404,0.6171,1.6363,1.938,2.0578,1.4023,0.5005,GO_GOAL
61.34,2.0381,1.4052,0.6171,1.6377,1.9393,2.0578,1.4023,0.5021,GO_GOAL
61.36,2.0397,1.4063,0.6171,1.6392,1.9407,2.0578,1.4023,0.5037,GO_GOAL
61.38,2.0413,1.4075,0.6171,1.6407,1.942,2.0578,1.4023,0.5053,GO_GOAL
61.4,2.043,1.4086,0.6171,1.6422,1.9433,2.0578,1.4023,0.5069,GO_GOAL
61.42,2.0446,1.4098,0.6171,1.6452,1.946,2.0644,1.407,0.5085,GO_GOAL
61.44,2.0462,1.411,0.6171,1.6467,1.9473,2.0644,1.407,0.5102,GO_GOAL
61.46,2.0479,1.4121,0.6171,1.6467,1.9473,2.0644,1.407,0.5118,GO_GOAL
61.48,2.0495,1.4133,0.6171,1.6482,1.9486,2.0644,1.407,0.5134,GO_GOAL
61.5,2.0511,1.4144,0.6171,1.6512,1.9513,2.0725,1.4127,0.515,GO_GOAL
61.52,2.0528,1.4156,0.6171,1.6527,1.9526,2.0725,1.4127,0.5167,GO_GOAL
61.54,2.0544,1.4167,0.6171,1.6542,1.954,2.0725,1.4127,0.5183,GO_GOAL
61.56,2.056,1.4179,0.6171,1.6542,1.954,2.0725,1.4127,0.5199,GO_GOAL
61.58,2.0576,1.4191,0.6171,1.6557,1.9553,2.0725,1.4127,0.5216,GO_GOAL
61.6,2.0593,1.4202,0.6171,1.6572,1.9566,2.0725,1.4127,0.5232,GO_GOAL
61.62,2.0609,1.4214,0.6171,1.6586,1.958,2.0807,1.4185,0.5248,GO_GOAL
61.64,2.0625,1.4225,0.6171,1.6601,1.9593,2.0807,1.4185,0.5265,GO_GOAL
61.66,2.0642,1.4237,0.6171,1.6616,1.9606,2.0807,1.4185,0.5281,GO_GOAL
61.68,2.0658,1.4248,0.6171,1.6631,1.962,2.0807,1.4185,0.5297,GO_GOAL
61.7,2.0674,1.426,0.6171,1.6646,1.9633,2.0807,1.4185,0.5314,GO_GOAL
61.72,2.0691,1.4272,0.6171,1.6676,1.9659,2.0888,1.4243,0.533,GO_GOAL
61.74,2.0707,1.4283,0.6171,1.6676,1.9659,2.0888,1.4243,0.5347,GO_GOAL
61.76,2.0723,1.4295,0.6171,1.6691,1.9673,2.0888,1.4243,0.5363,GO_GOAL
61.78,2.074,1.4306,0.6171,1.6706,1.9686,2.0888,1.4243,0.5379,GO_GOAL
61.8,2.0756,1.4318,0.6171,1.6721,1.9699,2.0888,1.4243,0.5396,GO_GOAL
61.82,2.0772,1.4329,0.6171,1.6736,1.9713,2.097,1.4301,0.5412,GO_GOAL
61.84,2.0789,1.4341,0.6171,1.6751,1.9726,2.097,1.4301,0.5429,GO_GOAL
61.86,2.0805,1.4353,0.6171,1.6766,1.9739,2.097,1.4301,0.5446,GO_GOAL
61.88,2.0821,1.4364,0.6171,1.6781,1.9753,2.097,1.4301,0.5462,GO_GOAL
61.9,2.0837,1.4376,0.6171,1.6795,1.9766,2.097,1.4301,0.5479,GO_GOAL
61.92,2.0854,1.4387,0.6171,1.6825,1.9793,2.1051,1.4359,0.5495,GO_GOAL
61.94,2.087,1.4399,0.6171,1.684,1.9806,2.1051,1.4359,0.5512,GO_GOAL
61.96,2.0886,1.4411,0.6171,1.684,1.9806,2.1051,1.4359,0.5528,GO_GOAL
61.98,2.0903,1.4422,0.6171,1.6855,1.9819,2.1051,1.4359,0.5545,GO_GOAL
62.0,2.0919,1.4434,0.6171,1.687,1.9832,2.1051,1.4359,0.5562,GO_GOAL
62.02,2.0935,1.4445,0.6171,1.69,1.9859,2.1133,1.4417,0.5578,GO_GOAL
62.04,2.0952,1.4457,0.6171,1.69,1.9859,2.1133,1.4417,0.5595,GO_GOAL
62.06,2.0968,1.4468,0.6171,1.6915,1.9872,2.1133,1.4417,0.5612,GO_GOAL
62.08,2.0984,1.448,0.6171,1.693,1.9886,2.1133,1.4417,0.5628,GO_GOAL
62.1,2.1001,1.4492,0.6171,1.6945,1.9899,2.1133,1.4417,0.5645,GO_GOAL
62.12,2.1017,1.4503,0.6171,1.696,1.9912,2.1231,1.4486,0.5662,GO_GOAL
62.14,2.1033,1.4515,0.6171,1.699,1.9939,2.1231,1.4486,0.5678,GO_GOAL
62.16,2.105,1.4526,0.6171,1.699,1.9939,2.1231,1.4486,0.5695,GO_GOAL
62.18,2.1066,1.4538,0.6171,1.7019,1.9966,2.1231,1.4486,0.5712,GO_GOAL
62.2,2.1082,1.4549,0.6171,1.7019,1.9966,2.1231,1.4486,0.5729,GO_GOAL
62.22,2.1098,1.4561,0.6171,1.7034,1.9979,2.1296,1.4533,0.5745,GO_GOAL
62.24,2.1115,1.4573,0.6171,1.7064,2.0006,2.1296,1.4533,0.5762,GO_GOAL
62.26,2.1131,1.4584,0.6171,1.7064,2.0006,2.1296,1.4533,0.5779,GO_GOAL
62.28,2.1147,1.4596,0.6171,1.7079,2.0019,2.1296,1.4533,0.5796,GO_GOAL
62.3,2.1164,1.4607,0.6171,1.7094,2.0032,2.1296,1.4533,0.5813,GO_GOAL
62.32,2.118,1.4619,0.6171,1.7109,2.0045,2.1378,1.459,0.583,GO_GOAL
62.34,2.1196,1.463,0.6171,1.7124,2.0059,2.1378,1.459,0.5846,GO_GOAL
62.36,2.1213,1.4642,0.6171,1.7154,2.0085,2.1378,1.459,0.5863,GO_GOAL
62.38,2.1229,1.4654,0.6171,1.7154,2.0085,2.1378,1.459,0.588,GO_GOAL
62.4,2.1245,1.4665,0.6171,1.7184,2.0112,2.1378,1.459,0.5897,GO_GOAL
62.42,2.1262,1.4677,0.6171,1.7184,2.0112,2.1459,1.4648,0.5914,GO_GOAL
62.44,2.1278,1.4688,0.6171,1.7199,2.0125,2.1459,1.4648,0.5931,GO_GOAL
62.46,2.1294,1.47,0.6171,1.7213,2.0139,2.1459,1.4648,0.5948,GO_GOAL
62.48,2.131,1.4711,0.6171,1.7228,2.0152,2.1459,1.4648,0.5965,GO_GOAL
62.5,2.1327,1.4723,0.6171,1.7258,2.0179,2.1541,1.4706,0.5982,GO_GOAL
62.52,2.1343,1.4735,0.6171,1.7258,2.0179,2.1541,1.4706,0.5999,GO_GOAL
62.54,2.1359,1.4746,0.6171,1.7288,2.0205,2.1541,1.4706,0.6016,GO_GOAL
62.56,2.1376,1.4758,0.6171,1.7288,2.0205,2.1541,1.4706,0.6033,GO_GOAL
62.58,2.1392,1.4769,0.6171,1.7303,2.0218,2.1541,1.4706,0.605,GO_GOAL
62.6,2.1408,1.4781,0.6171,1.7333,2.0245,2.1622,1.4764,0.6067,GO_GOAL
62.62,2.1425,1.4792,0.6171,1.7333,2.0245,2.1622,1.4764,0.6084,GO_GOAL
62.64,2.1441,1.4804,0.6171,1.7348,2.0258,2.1622,1.4764,0.6101,GO_GOAL
62.66,2.1457,1.4816,0.6171,1.7363,2.0272,2.1622,1.4764,0.6118,GO_GOAL
62.68,2.1474,1.4827,0.6171,1.7378,2.0285,2.1622,1.4764,0.6135,GO_GOAL
62.7,2.149,1.4839,0.6171,1.7393,2.0298,2.1704,1.4822,0.6152,GO_GOAL
62.72,2.1506,1.485,0.6171,1.7408,2.0312,2.1704,1.4822,0.6169,GO_GOAL
62.74,2.1523,1.4862,0.6171,1.7422,2.0325,2.1704,1.4822,0.6186,GO_GOAL
62.76,2.1539,1.4873,0.6171,1.7437,2.0338,2.1704,1.4822,0.6203,GO_GOAL
62.78,2.1555,1.4885,0.6171,1.7452,2.0352,2.1704,1.4822,0.622,GO_GOAL
62.8,2.1571,1.4897,0.6171,1.7467,2.0365,2.1704,1.4822,0.6238,GO_GOAL
62.82,2.1588,1.4908,0.6171,1.7482,2.0378,2.1802,1.4891,0.6255,GO_GOAL
62.84,2.1604,1.492,0.6171,1.7497,2.0391,2.1802,1.4891,0.6272,GO_GOAL
62.86,2.162,1.4931,0.6171,1.7527,2.0418,2.1802,1.4891,0.6289,GO_GOAL
62.88,2.1637,1.4943,0.6171,1.7542,2.0431,2.1802,1.4891,0.6306,GO_GOAL
62.9,2.1653,1.4954,0.6171,1.7542,2.0431,2.1802,1.4891,0.6323,GO_GOAL
62.92,2.1669,1.4966,0.6171,1.7557,2.0445,2.1867,1.4938,0.6341,GO_GOAL
62.94,2.1686,1.4978,0.6171,1.7572,2.0458,2.1867,1.4938,0.6358,GO_GOAL
62.96,2.1702,1.4989,0.6171,1.7587,2.0471,2.1867,1.4938,0.6375,GO_GOAL
62.98,2.1718,1.5001,0.6171,1.7602,2.0485,2.1867,1.4938,0.6392,GO_GOAL
63.0,2.1735,1.5012,0.6171,1.7617,2.0498,2.1867,1.4938,0.641,GO_GOAL
63.02,2.1751,1.5024,0.6171,1.7631,2.0511,2.1948,1.4996,0.6427,GO_GOAL
63.04,2.1767,1.5035,0.6171,1.7646,2.0525,2.1948,1.4996,0.6444,GO_GOAL
63.06,2.1784,1.5047,0.6171,1.7676,2.0551,2.1948,1.4996,0.6461,GO_GOAL
63.08,2.18,1.5059,0.6171,1.7676,2.0551,2.1948,1.4996,0.6479,GO_GOAL
63.1,2.1816,1.507,0.6171,1.7706,2.0578,2.203,1.5053,0.6496,GO_GOAL
63.12,2.1832,1.5082,0.6171,1.7706,2.0578,2.203,1.5053,0.6513,GO_GOAL
63.14,2.1849,1.5093,0.6171,1.7721,2.0591,2.203,1.5053,0.6531,GO_GOAL
63.16,2.1865,1.5105,0.6171,1.7736,2.0604,2.203,1.5053,0.6548,GO_GOAL
63.18,2.1881,1.5116,0.6171,1.7751,2.0618,2.203,1.5053,0.6565,GO_GOAL
63.2,2.1898,1.5128,0.6171,1.7766,2.0631,2.203,1.5053,0.6583,GO_GOAL
63.22,2.1914,1.514,0.6171,1.7781,2.0644,2.2112,1.5111,0.66,GO_GOAL
63.24,2.193,1.5151,0.6171,1.7796,2.0658,2.2112,1.5111,0.6617,GO_GOAL
63.26,2.1947,1.5163,0.6171,1.7811,2.0671,2.2112,1.5111,0.6635,GO_GOAL
63.28,2.1963,1.5174,0.6171,1.7826,2.0684,2.2112,1.5111,0.6652,GO_GOAL
63.3,2.1979,1.5186,0.6171,1.7855,2.0711,2.2193,1.5169,0.667,GO_GOAL
63.32,2.1996,1.5198,0.6171,1.7855,2.0711,2.2193,1.5169,0.6687,GO_GOAL
63.34,2.2012,1.5209,0.6171,1.787,2.0724,2.2193,1.5169,0.6704,GO_GOAL
63.36,2.2028,1.5221,0.6171,1.7885,2.0738,2.2193,1.5169,0.6722,GO_GOAL
63.38,2.2044,1.5232,0.6171,1.79,2.0751,2.2193,1.5169,0.6739,GO_GOAL
63.4,2.2061,1.5244,0.6171,1.7915,2.0764,2.2193,1.5169,0.6757,GO_GOAL
63.42,2.2077,1.5255,0.6171,1.793,2.0777,2.2275,1.5227,0.6774,GO_GOAL
63.44,2.2093,1.5267,0.6171,1.7945,2.0791,2.2275,1.5227,0.6792,GO_GOAL
63.46,2.211,1.5279,0.6171,1.796,2.0804,2.2275,1.5227,0.6809,GO_GOAL
63.48,2.2126,1.529,0.6171,1.7975,2.0817,2.2275,1.5227,0.6827,GO_GOAL
63.5,2.2142,1.5302,0.6171,1.799,2.0831,2.2275,1.5227,0.6844,GO_GOAL
63.52,2.2159,1.5313,0.6171,1.8005,2.0844,2.2356,1.5285,0.6862,GO_GOAL
63.54,2.2175,1.5325,0.6171,1.8034,2.0871,2.2356,1.5285,0.6879,GO_GOAL
63.56,2.2191,1.5336,0.6171,1.8034,2.0871,2.2356,1.5285,0.6897,GO_GOAL
63.58,2.2208,1.5348,0.6171,1.8049,2.0884,2.2356,1.5285,0.6914,GO_GOAL
63.6,2.2224,1.536,0.6171,1.8064,2.0897,2.2356,1.5285,0.6932,GO_GOAL
63.62,2.224,1.5371,0.6171,1.8079,2.0911,2.2438,1.5343,0.6949,GO_GOAL
63.64,2.2257,1.5383,0.6171,1.8094,2.0924,2.2438,1.5343,0.6967,GO_GOAL
63.66,2.2273,1.5394,0.6171,1.8109,2.0937,2.2438,1.5343,0.6985,GO_GOAL
63.68,2.2289,1.5406,0.6171,1.8124,2.0951,2.2438,1.5343,0.7002,GO_GOAL
63.7,2.2305,1.5417,0.6171,1.8139,2.0964,2.2438,1.5343,0.702,GO_GOAL
63.72,2.2322,1.5429,0.6171,1.8154,2.0977,2.2519,1.5401,0.7037,GO_GOAL
63.74,2.2338,1.5441,0.6171,1.8169,2.099,2.2519,1.5401,0.7055,GO_GOAL
63.76,2.2354,1.5452,0.6171,1.8184,2.1004,2.2519,1.5401,0.7073,GO_GOAL
63.78,2.2371,1.5464,0.6171,1.8214,2.103,2.2519,1.5401,0.709,GO_GOAL
63.8,2.2387,1.5475,0.6171,1.8214,2.103,2.2519,1.5401,0.7108,GO_GOAL
63.82,2.2403,1.5487,0.6171,1.8243,2.1057,2.2601,1.5459,0.7126,GO_GOAL
63.84,2.242,1.5498,0.6171,1.8243,2.1057,2.2601,1.5459,0.7143,GO_GOAL
63.86,2.2436,1.551,0.6171,1.8258,2.107,2.2601,1.5459,0.7161,GO_GOAL
63.88,2.2452,1.5522,0.6171,1.8288,2.1097,2.2601,1.5459,0.7179,GO_GOAL
63.9,2.2469,1.5533,0.6171,1.8288,2.1097,2.2601,1.5459,0.7196,GO_GOAL
63.92,2.2485,1.5545,0.6171,1.8318,2.1124,2.2682,1.5516,0.7214,GO_GOAL
63.94,2.2501,1.5556,0.6171,1.8318,2.1124,2.2682,1.5516,0.7232,GO_GOAL
63.96,2.2518,1.5568,0.6171,1.8333,2.1137,2.2682,1.5516,0.7249,GO_GOAL
63.98,2.2534,1.5579,0.6171,1.8348,2.115,2.2682,1.5516,0.7267,GO_GOAL
64.0,2.255,1.5591,0.6171,1.8363,2.1163,2.2682,1.5516,0.7285,GO_GOAL
64.02,2.2566,1.5603,0.6171,1.8378,2.1177,2.2764,1.5574,0.7302,GO_GOAL
64.04,2.2583,1.5614,0.6171,1.8408,2.1203,2.2764,1.5574,0.732,GO_GOAL
64.06,2.2599,1.5626,0.6171,1.8408,2.1203,2.2764,1.5574,0.7338,GO_GOAL
64.08,2.2615,1.5637,0.6171,1.8423,2.1217,2.2764,1.5574,0.7356,GO_GOAL
64.1,2.2632,1.5649,0.6171,1.8438,2.123,2.2764,1.5574,0.7373,GO_GOAL
64.12,2.2648,1.566,0.6171,1.8467,2.1257,2.2845,1.5632,0.7391,GO_GOAL
64.14,2.2664,1.5672,0.6171,1.8467,2.1257,2.2845,1.5632,0.7409,GO_GOAL
64.16,2.2681,1.5684,0.6171,1.8482,2.127,2.2845,1.5632,0.7427,GO_GOAL
64.18,2.2697,1.5695,0.6171,1.8497,2.1283,2.2845,1.5632,0.7445,GO_GOAL
64.2,2.2713,1.5707,0.6171,1.8512,2.1297,2.2845,1.5632,0.7462,GO_GOAL
64.22,2.273,1.5718,0.6171,1.8527,2.131,2.2927,1.569,0.748,GO_GOAL
64.24,2.2746,1.573,0.6171,1.8542,2.1323,2.2927,1.569,0.7498,GO_GOAL
64.26,2.2762,1.5741,0.6171,1.8557,2.1337,2.2927,1.569,0.7516,GO_GOAL
64.28,2.2778,1.5753,0.6171,1.8572,2.135,2.2927,1.569,0.7534,GO_GOAL
64.3,2.2795,1.5765,0.6171,1.8587,2.1363,2.2927,1.569,0.7552,GO_GOAL
64.32,2.2811,1.5776,0.6171,1.8617,2.139,2.3009,1.5748,0.7569,GO_GOAL
64.34,2.2827,1.5788,0.6171,1.8617,2.139,2.3009,1.5748,0.7587,GO_GOAL
64.36,2.2844,1.5799,0.6171,1.8632,2.1403,2.3009,1.5748,0.7605,GO_GOAL
64.38,2.286,1.5811,0.6171,1.8647,2.1416,2.3009,1.5748,0.7623,GO_GOAL
64.4,2.2876,1.5822,0.6171,1.8661,2.143,2.3009,1.5748,0.7641,GO_GOAL
64.42,2.2893,1.5834,0.6171,1.8676,2.1443,2.309,1.5806,0.7659,GO_GOAL
64.44,2.2909,1.5846,0.6171,1.8706,2.147,2.309,1.5806,0.7677,GO_GOAL
64.46,2.2925,1.5857,0.6171,1.8706,2.147,2.309,1.5806,0.7695,GO_GOAL
64.48,2.2942,1.5869,0.6171,1.8721,2.1483,2.309,1.5806,0.7713,GO_GOAL
64.5,2.2958,1.588,0.6171,1.8736,2.1496,2.309,1.5806,0.773,GO_GOAL
64.52,2.2974,1.5892,0.6171,1.8766,2.1523,2.3172,1.5864,0.7748,GO_GOAL
64.54,2.2991,1.5904,0.6171,1.8766,2.1523,2.3172,1.5864,0.7766,GO_GOAL
64.56,2.3007,1.5915,0.6171,1.8781,2.1536,2.3172,1.5864,0.7784,GO_GOAL
64.58,2.3023,1.5927,0.6171,1.8796,2.1549,2.3172,1.5864,0.7802,GO_GOAL
64.6,2.3039,1.5938,0.6171,1.8811,2.1563,2.3172,1.5864,0.782,GO_GOAL
64.62,2.3056,1.595,0.6171,1.8826,2.1576,2.3253,1.5922,0.7838,GO_GOAL
64.64,2.3072,1.5961,0.6171,1.8841,2.1589,2.3253,1.5922,0.7856,GO_GOAL
64.66,2.3088,1.5973,0.6171,1.8856,2.1603,2.3253,1.5922,0.7874,GO_GOAL
64.68,2.3105,1.5985,0.6171,1.887,2.1616,2.3253,1.5922,0.7892,GO_GOAL
64.7,2.3121,1.5996,0.6171,1.8885,2.1629,2.3253,1.5922,0.791,GO_GOAL
64.72,2.3137,1.6008,0.6171,1.89,2.1643,2.3335,1.5979,0.7928,GO_GOAL
64.74,2.3154,1.6019,0.6171,1.8915,2.1656,2.3335,1.5979,0.7946,GO_GOAL
64.76,2.317,1.6031,0.6171,1.893,2.1669,2.3335,1.5979,0.7964,GO_GOAL
64.78,2.3186,1.6042,0.6171,1.8945,2.1683,2.3335,1.5979,0.7982,GO_GOAL
64.8,2.3203,1.6054,0.6171,1.896,2.1696,2.3335,1.5979,0.8,GO_GOAL
64.82,2.3219,1.6066,0.6171,1.8975,2.1709,2.3416,1.6037,0.8018,GO_GOAL
64.84,2.3235,1.6077,0.6171,1.899,2.1722,2.3416,1.6037,0.8008,GO_GOAL
64.86,2.3252,1.6089,0.6171,1.9005,2.1736,2.3416,1.6037,0.7996,GO_GOAL
64.88,2.3268,1.61,0.6171,1.9035,2.1762,2.3416,1.6037,0.7985,GO_GOAL
64.9,2.3284,1.6112,0.6171,1.9035,2.1762,2.3416,1.6037,0.7973,GO_GOAL
64.92,2.33,1.6123,0.6171,1.9065,2.1789,2.3498,1.6095,0.7962,GO_GOAL
64.94,2.3317,1.6135,0.6171,1.9065,2.1789,2.3498,1.6095,0.795,GO_GOAL
64.96,2.3333,1.6147,0.6171,1.9079,2.1802,2.3498,1.6095,0.7939,GO_GOAL
64.98,2.3349,1.6158,0.6171,1.9094,2.1816,2.3498,1.6095,0.7927,GO_GOAL
65.0,2.3366,1.617,0.6171,1.9109,2.1829,2.3579,1.6153,0.7915,GO_GOAL
65.02,2.3382,1.6181,0.6171,1.9124,2.1842,2.3579,1.6153,0.7904,GO_GOAL
65.04,2.3398,1.6193,0.6171,1.9139,2.1856,2.3579,1.6153,0.7892,GO_GOAL
65.06,2.3415,1.6204,0.6171,1.9154,2.1869,2.3579,1.6153,0.7881,GO_GOAL
65.08,2.3431,1.6216,0.6171,1.9169,2.1882,2.3579,1.6153,0.7869,GO_GOAL
65.1,2.3447,1.6228,0.6171,1.9184,2.1896,2.3579,1.6153,0.7858,GO_GOAL
65.12,2.3464,1.6239,0.6171,1.9214,2.1922,2.3661,1.6211,0.7846,GO_GOAL
65.14,2.348,1.6251,0.6171,1.9214,2.1922,2.3661,1.6211,0.7834,GO_GOAL
65.16,2.3496,1.6262,0.6171,1.9229,2.1935,2.3661,1.6211,0.7823,GO_GOAL
65.18,2.3512,1.6274,0.6171,1.9244,2.1949,2.3661,1.6211,0.7811,GO_GOAL
65.2,2.3529,1.6285,0.6171,1.9259,2.1962,2.3661,1.6211,0.78,GO_GOAL
65.22,2.3545,1.6297,0.6171,1.9274,2.1975,2.3743,1.6269,0.7788,GO_GOAL
65.24,2.3561,1.6309,0.6171,1.9288,2.1989,2.3743,1.6269,0.7777,GO_GOAL
65.26,2.3578,1.632,0.6171,1.9303,2.2002,2.3743,1.6269,0.7765,GO_GOAL
65.28,2.3594,1.6332,0.6171,1.9318,2.2015,2.3743,1.6269,0.7753,GO_GOAL
65.3,2.361,1.6343,0.6171,1.9348,2.2042,2.3824,1.6327,0.7742,GO_GOAL
65.32,2.3627,1.6355,0.6171,1.9363,2.2055,2.3824,1.6327,0.773,GO_GOAL
65.34,2.3643,1.6366,0.6171,1.9378,2.2069,2.3824,1.6327,0.7719,GO_GOAL
65.36,2.3659,1.6378,0.6171,1.9393,2.2082,2.3824,1.6327,0.7707,GO_GOAL
65.38,2.3676,1.639,0.6171,1.9393,2.2082,2.3824,1.6327,0.7696,GO_GOAL
65.4,2.3692,1.6401,0.6171,1.9408,2.2095,2.3824,1.6327,0.7684,GO_GOAL
65.42,2.3708,1.6413,0.6171,1.9423,2.2108,2.3906,1.6385,0.7672,GO_GOAL
65.44,2.3725,1.6424,0.6171,1.9438,2.2122,2.3906,1.6385,0.7661,GO_GOAL
65.46,2.3741,1.6436,0.6171,1.9468,2.2148,2.3906,1.6385,0.7649,GO_GOAL
65.48,2.3757,1.6447,0.6171,1.9468,2.2148,2.3906,1.6385,0.7638,GO_GOAL
65.498,2.3773,1.6459,0.6171,1.9483,2.2162,2.3906,1.6385,0.7626,GO_GOAL
65.52,2.379,1.6471,0.6171,1.9497,2.2175,2.4003,1.6454,0.7615,GO_GOAL
65.54,2.3806,1.6482,0.6171,1.9512,2.2188,2.4003,1.6454,0.7603,GO_GOAL
65.56,2.3822,1.6494,0.6171,1.9527,2.2202,2.4003,1.6454,0.7591,GO_GOAL
65.58,2.3839,1.6505,0.6171,1.9542,2.2215,2.4003,1.6454,0.758,GO_GOAL
65.6,2.3855,1.6517,0.6171,1.9557,2.2228,2.4003,1.6454,0.7568,GO_GOAL
65.62,2.3871,1.6528,0.6171,1.9572,2.2242,2.4069,1.65,0.7557,GO_GOAL
65.64,2.3888,1.654,0.6171,1.9587,2.2255,2.4069,1.65,0.7545,GO_GOAL
65.66,2.3904,1.6552,0.6171,1.9602,2.2268,2.4069,1.65,0.7534,GO_GOAL
65.68,2.392,1.6563,0.6171,1.9617,2.2282,2.4069,1.65,0.7522,GO_GOAL
65.7,2.3937,1.6575,0.6171,1.9632,2.2295,2.4069,1.65,0.751,GO_GOAL
65.72,2.3953,1.6586,0.6171,1.9647,2.2308,2.415,1.6558,0.7499,GO_GOAL
65.74,2.3969,1.6598,0.6171,1.9662,2.2321,2.415,1.6558,0.7487,GO_GOAL
65.76,2.3986,1.6609,0.6171,1.9677,2.2335,2.415,1.6558,0.7476,GO_GOAL
65.78,2.4002,1.6621,0.6171,1.9706,2.2361,2.415,1.6558,0.7464,GO_GOAL
65.8,2.4018,1.6633,0.6171,1.9706,2.2361,2.415,1.6558,0.7453,GO_GOAL
65.82,2.4034,1.6644,0.6171,1.9721,2.2375,2.4232,1.6616,0.7441,GO_GOAL
65.84,2.4051,1.6656,0.6171,1.9736,2.2388,2.4232,1.6616,0.7429,GO_GOAL
65.86,2.4067,1.6667,0.6171,1.9751,2.2401,2.4232,1.6616,0.7418,GO_GOAL
65.88,2.4083,1.6679,0.6171,1.9766,2.2415,2.4232,1.6616,0.7406,GO_GOAL
65.9,2.41,1.6691,0.6171,1.9781,2.2428,2.4232,1.6616,0.7395,GO_GOAL
65.92,2.4116,1.6702,0.6171,1.9811,2.2455,2.4313,1.6674,0.7383,GO_GOAL
65.94,2.4132,1.6714,0.6171,1.9811,2.2455,2.4313,1.6674,0.7372,GO_GOAL
65.96,2.4149,1.6725,0.6171,1.9826,2.2468,2.4313,1.6674,0.736,GO_GOAL
65.98,2.4165,1.6737,0.6171,1.9841,2.2481,2.4313,1.6674,0.7348,GO_GOAL
66.0,2.4181,1.6748,0.6171,1.9856,2.2494,2.4313,1.6674,0.7337,GO_GOAL
66.02,2.4198,1.676,0.6171,1.9886,2.2521,2.4395,1.6732,0.7325,GO_GOAL
66.04,2.4214,1.6772,0.6171,1.9886,2.2521,2.4395,1.6732,0.7314,GO_GOAL
66.06,2.423,1.6783,0.6171,1.9915,2.2548,2.4395,1.6732,0.7302,GO_GOAL
66.08,2.4246,1.6795,0.6171,1.9915,2.2548,2.4395,1.6732,0.729,GO_GOAL
66.1,2.4263,1.6806,0.6171,1.993,2.2561,2.4395,1.6732,0.7279,GO_GOAL
66.12,2.4279,1.6818,0.6171,1.9945,2.2574,2.4476,1.679,0.7267,GO_GOAL
66.14,2.4295,1.6829,0.6171,1.996,2.2588,2.4476,1.679,0.7256,GO_GOAL
66.16,2.4312,1.6841,0.6171,1.9975,2.2601,2.4476,1.679,0.7244,GO_GOAL
66.18,2.4328,1.6853,0.6171,1.999,2.2614,2.4476,1.679,0.7233,GO_GOAL
66.2,2.4344,1.6864,0.6171,2.0005,2.2628,2.4476,1.679,0.7221,GO_GOAL
66.22,2.4361,1.6876,0.6171,2.0035,2.2654,2.4558,1.6848,0.7209,GO_GOAL
66.24,2.4377,1.6887,0.6171,2.0035,2.2654,2.4558,1.6848,0.7198,GO_GOAL
66.26,2.4393,1.6899,0.6171,2.005,2.2668,2.4558,1.6848,0.7186,GO_GOAL
66.28,2.441,1.691,0.6171,2.0065,2.2681,2.4558,1.6848,0.7175,GO_GOAL
66.3,2.4426,1.6922,0.6171,2.008,2.2694,2.4558,1.6848,0.7163,GO_GOAL
66.32,2.4442,1.6934,0.6171,2.0095,2.2707,2.464,1.6905,0.7152,GO_GOAL
66.34,2.4459,1.6945,0.6171,2.0109,2.2721,2.464,1.6905,0.714,GO_GOAL
66.36,2.4475,1.6957,0.6171,2.0124,2.2734,2.464,1.6905,0.7128,GO_GOAL
66.38,2.4491,1.6968,0.6171,2.0139,2.2747,2.464,1.6905,0.7117,GO_GOAL
66.4,2.4507,1.698,0.6171,2.0154,2.2761,2.464,1.6905,0.7105,GO_GOAL
66.42,2.4524,1.6991,0.6171,2.0169,2.2774,2.4721,1.6963,0.7094,GO_GOAL
66.44,2.454,1.7003,0.6171,2.0184,2.2787,2.4721,1.6963,0.7082,GO_GOAL
66.46,2.4556,1.7015,0.6171,2.0214,2.2814,2.4721,1.6963,0.7071,GO_GOAL
66.48,2.4573,1.7026,0.6171,2.0214,2.2814,2.4721,1.6963,0.7059,GO_GOAL
66.5,2.4589,1.7038,0.6171,2.0229,2.2827,2.4721,1.6963,0.7047,GO_GOAL
66.52,2.4605,1.7049,0.6171,2.0244,2.2841,2.4803,1.7021,0.7036,GO_GOAL
66.54,2.4622,1.7061,0.6171,2.0259,2.2854,2.4803,1.7021,0.7024,GO_GOAL
66.56,2.4638,1.7072,0.6171,2.0274,2.2867,2.4803,1.7021,0.7013,GO_GOAL
66.58,2.4654,1.7084,0.6171,2.0289,2.288,2.4803,1.7021,0.7001,GO_GOAL
66.6,2.4671,1.7096,0.6171,2.0304,2.2894,2.4803,1.7021,0.699,GO_GOAL
66.62,2.4687,1.7107,0.6171,2.0318,2.2907,2.4884,1.7079,0.6978,GO_GOAL
66.64,2.4703,1.7119,0.6171,2.0333,2.292,2.4884,1.7079,0.6966,GO_GOAL
66.66,2.4719,1.713,0.6171,2.0348,2.2934,2.4884,1.7079,0.6955,GO_GOAL
66.68,2.4736,1.7142,0.6171,2.0363,2.2947,2.4884,1.7079,0.6943,GO_GOAL
66.7,2.4752,1.7153,0.6171,2.0378,2.296,2.4884,1.7079,0.6932,GO_GOAL
66.72,2.4768,1.7165,0.6171,2.0393,2.2974,2.4966,1.7137,0.692,GO_GOAL
66.74,2.4785,1.7177,0.6171,2.0408,2.2987,2.4966,1.7137,0.6909,GO_GOAL
66.76,2.4801,1.7188,0.6171,2.0423,2.3,2.4966,1.7137,0.6897,GO_GOAL
66.78,2.4817,1.72,0.6171,2.0438,2.3014,2.4966,1.7137,0.6885,GO_GOAL
66.8,2.4834,1.7211,0.6171,2.0453,2.3027,2.4966,1.7137,0.6874,GO_GOAL
66.82,2.485,1.7223,0.6171,2.0468,2.304,2.5047,1.7195,0.6862,GO_GOAL
66.84,2.4866,1.7234,0.6171,2.0483,2.3053,2.5047,1.7195,0.6851,GO_GOAL
66.86,2.4883,1.7246,0.6171,2.0498,2.3067,2.5047,1.7195,0.6839,GO_GOAL
66.88,2.4899,1.7258,0.6171,2.0513,2.308,2.5047,1.7195,0.6828,GO_GOAL
66.9,2.4915,1.7269,0.6171,2.0542,2.3107,2.5047,1.7195,0.6816,GO_GOAL
66.92,2.4932,1.7281,0.6171,2.0542,2.3107,2.5129,1.7253,0.6804,GO_GOAL
66.94,2.4948,1.7292,0.6171,2.0557,2.312,2.5129,1.7253,0.6793,GO_GOAL
66.96,2.4964,1.7304,0.6171,2.0572,2.3133,2.5129,1.7253,0.6781,GO_GOAL
66.98,2.498,1.7315,0.6171,2.0587,2.3147,2.5129,1.7253,0.677,GO_GOAL
67.0,2.4997,1.7327,0.6171,2.0602,2.316,2.521,1.7311,0.6758,GO_GOAL
67.02,2.5013,1.7339,0.6171,2.0632,2.3187,2.521,1.7311,0.6747,GO_GOAL
67.04,2.5029,1.735,0.6171,2.0632,2.3187,2.521,1.7311,0.6735,GO_GOAL
67.06,2.5046,1.7362,0.6171,2.0647,2.32,2.521,1.7311,0.6723,GO_GOAL
67.08,2.5062,1.7373,0.6171,2.0677,2.3227,2.521,1.7311,0.6712,GO_GOAL
67.1,2.5078,1.7385,0.6171,2.0677,2.3227,2.521,1.7311,0.67,GO_GOAL
67.12,2.5095,1.7397,0.6171,2.0692,2.324,2.5292,1.7368,0.6689,GO_GOAL
67.14,2.5111,1.7408,0.6171,2.0707,2.3253,2.5292,1.7368,0.6677,GO_GOAL
67.16,2.5127,1.742,0.6171,2.0722,2.3266,2.5292,1.7368,0.6666,GO_GOAL
67.18,2.5144,1.7431,0.6171,2.0736,2.328,2.5292,1.7368,0.6654,GO_GOAL
67.2,2.516,1.7443,0.6171,2.0751,2.3293,2.5292,1.7368,0.6642,GO_GOAL
67.22,2.5176,1.7454,0.6171,2.0781,2.332,2.5374,1.7426,0.6631,GO_GOAL
67.24,2.5193,1.7466,0.6171,2.0781,2.332,2.5374,1.7426,0.6619,GO_GOAL
67.26,2.5209,1.7478,0.6171,2.0796,2.3333,2.5374,1.7426,0.6608,GO_GOAL
67.28,2.5225,1.7489,0.6171,2.0811,2.3346,2.5374,1.7426,0.6596,GO_GOAL
67.3,2.5241,1.7501,0.6171,2.0826,2.336,2.5374,1.7426,0.6584,GO_GOAL
67.32,2.5258,1.7512,0.6171,2.0841,2.3373,2.5455,1.7484,0.6573,GO_GOAL
67.34,2.5274,1.7524,0.6171,2.0856,2.3386,2.5455,1.7484,0.6561,GO_GOAL
67.36,2.529,1.7535,0.6171,2.0871,2.34,2.5455,1.7484,0.655,GO_GOAL
67.38,2.5307,1.7547,0.6171,2.0886,2.3413,2.5455,1.7484,0.6538,GO_GOAL
67.4,2.5323,1.7559,0.6171,2.0901,2.3426,2.5455,1.7484,0.6527,GO_GOAL
67.42,2.5339,1.757,0.6171,2.0916,2.3439,2.5537,1.7542,0.6515,GO_GOAL
67.44,2.5356,1.7582,0.6171,2.0931,2.3453,2.5537,1.7542,0.6503,GO_GOAL
67.46,2.5372,1.7593,0.6171,2.096,2.3479,2.5537,1.7542,0.6492,GO_GOAL
67.48,2.5388,1.7605,0.6171,2.096,2.3479,2.5537,1.7542,0.648,GO_GOAL
67.5,2.5405,1.7616,0.6171,2.0975,2.3493,2.5537,1.7542,0.6469,GO_GOAL
67.52,2.5421,1.7628,0.6171,2.099,2.3506,2.5618,1.76,0.6457,GO_GOAL
67.54,2.5437,1.764,0.6171,2.102,2.3533,2.5618,1.76,0.6446,GO_GOAL
67.56,2.5453,1.7651,0.6171,2.102,2.3533,2.5618,1.76,0.6434,GO_GOAL
67.58,2.547,1.7663,0.6171,2.1035,2.3546,2.5618,1.76,0.6422,GO_GOAL
67.6,2.5486,1.7674,0.6171,2.105,2.3559,2.5618,1.76,0.6411,GO_GOAL
67.62,2.5502,1.7686,0.6171,2.1065,2.3573,2.57,1.7658,0.6399,GO_GOAL
67.64,2.5519,1.7697,0.6171,2.108,2.3586,2.57,1.7658,0.6388,GO_GOAL
67.66,2.5535,1.7709,0.6171,2.1095,2.3599,2.57,1.7658,0.6376,GO_GOAL
67.68,2.5551,1.7721,0.6171,2.111,2.3613,2.57,1.7658,0.6365,GO_GOAL
67.7,2.5568,1.7732,0.6171,2.1125,2.3626,2.5781,1.7716,0.6353,GO_GOAL
67.72,2.5584,1.7744,0.6171,2.114,2.3639,2.5781,1.7716,0.6341,GO_GOAL
67.74,2.56,1.7755,0.6171,2.1154,2.3652,2.5781,1.7716,0.633,GO_GOAL
67.76,2.5617,1.7767,0.6171,2.1169,2.3666,2.5781,1.7716,0.6318,GO_GOAL
67.78,2.5633,1.7778,0.6171,2.1184,2.3679,2.5781,1.7716,0.6307,GO_GOAL
67.8,2.5649,1.779,0.6171,2.1199,2.3692,2.5781,1.7716,0.6295,GO_GOAL
67.82,2.5666,1.7802,0.6171,2.1214,2.3706,2.5863,1.7774,0.6284,GO_GOAL
67.84,2.5682,1.7813,0.6171,2.1229,2.3719,2.5863,1.7774,0.6272,GO_GOAL
67.86,2.5698,1.7825,0.6171,2.1244,2.3732,2.5863,1.7774,0.626,GO_GOAL
67.88,2.5714,1.7836,0.6171,2.1259,2.3746,2.5863,1.7774,0.6249,GO_GOAL
67.9,2.5731,1.7848,0.6171,2.1274,2.3759,2.5863,1.7774,0.6237,GO_GOAL
67.92,2.5747,1.7859,0.6171,2.1289,2.3772,2.5944,1.7831,0.6226,GO_GOAL
67.94,2.5763,1.7871,0.6171,2.1304,2.3786,2.5944,1.7831,0.6214,GO_GOAL
67.96,2.578,1.7883,0.6171,2.1319,2.3799,2.5944,1.7831,0.6203,GO_GOAL
67.98,2.5796,1.7894,0.6171,2.1334,2.3812,2.5944,1.7831,0.6191,GO_GOAL
68.0,2.5812,1.7906,0.6171,2.1349,2.3825,2.5944,1.7831,0.6179,GO_GOAL
68.02,2.5829,1.7917,0.6171,2.1363,2.3839,2.6026,1.7889,0.6168,GO_GOAL
68.04,2.5845,1.7929,0.6171,2.1378,2.3852,2.6026,1.7889,0.6156,GO_GOAL
68.06,2.5861,1.794,0.6171,2.1393,2.3865,2.6026,1.7889,0.6145,GO_GOAL
68.08,2.5878,1.7952,0.6171,2.1408,2.3879,2.6026,1.7889,0.6133,GO_GOAL
68.1,2.5894,1.7964,0.6171,2.1438,2.3905,2.6107,1.7947,0.6122,GO_GOAL
68.12,2.591,1.7975,0.6171,2.1453,2.3919,2.6107,1.7947,0.611,GO_GOAL
68.14,2.5927,1.7987,0.6171,2.1453,2.3919,2.6107,1.7947,0.6098,GO_GOAL
68.16,2.5943,1.7998,0.6171,2.1483,2.3945,2.6107,1.7947,0.6087,GO_GOAL
68.18,2.5959,1.801,0.6171,2.1483,2.3945,2.6107,1.7947,0.6075,GO_GOAL
68.2,2.5975,1.8021,0.6171,2.1498,2.3959,2.6107,1.7947,0.6064,GO_GOAL
68.22,2.5992,1.8033,0.6171,2.1513,2.3972,2.6189,1.8005,0.6052,GO_GOAL
68.24,2.6008,1.8045,0.6171,2.1543,2.3999,2.6189,1.8005,0.6041,GO_GOAL
68.26,2.6024,1.8056,0.6171,2.1557,2.4012,2.6189,1.8005,0.6029,GO_GOAL
68.28,2.6041,1.8068,0.6171,2.1557,2.4012,2.6189,1.8005,0.6017,GO_GOAL
68.3,2.6057,1.8079,0.6171,2.1572,2.4025,2.6189,1.8005,0.6006,GO_GOAL
68.32,2.6073,1.8091,0.6171,2.1602,2.4052,2.6271,1.8063,0.5994,GO_GOAL
68.34,2.609,1.8103,0.6171,2.1602,2.4052,2.6271,1.8063,0.5983,GO_GOAL
68.36,2.6106,1.8114,0.6171,2.1632,2.4078,2.6271,1.8063,0.5971,GO_GOAL
68.38,2.6122,1.8126,0.6171,2.1632,2.4078,2.6271,1.8063,0.596,GO_GOAL
68.4,2.6139,1.8137,0.6171,2.1647,2.4092,2.6271,1.8063,0.5948,GO_GOAL
68.42,2.6155,1.8149,0.6171,2.1662,2.4105,2.6352,1.8121,0.5936,GO_GOAL
68.44,2.6171,1.816,0.6171,2.1677,2.4118,2.6352,1.8121,0.5925,GO_GOAL
68.46,2.6187,1.8172,0.6171,2.1692,2.4132,2.6352,1.8121,0.5913,GO_GOAL
68.48,2.6204,1.8184,0.6171,2.1707,2.4145,2.6352,1.8121,0.5902,GO_GOAL
68.5,2.622,1.8195,0.6171,2.1722,2.4158,2.6352,1.8121,0.589,GO_GOAL
68.52,2.6236,1.8207,0.6171,2.1752,2.4185,2.6434,1.8179,0.5879,GO_GOAL
68.54,2.6253,1.8218,0.6171,2.1752,2.4185,2.6434,1.8179,0.5867,GO_GOAL
68.56,2.6269,1.823,0.6171,2.1766,2.4198,2.6434,1.8179,0.5855,GO_GOAL
68.58,2.6285,1.8241,0.6171,2.1781,2.4211,2.6434,1.8179,0.5844,GO_GOAL
68.6,2.6302,1.8253,0.6171,2.1796,2.4225,2.6434,1.8179,0.5832,GO_GOAL
68.62,2.6318,1.8265,0.6171,2.1811,2.4238,2.6515,1.8237,0.5821,GO_GOAL
68.64,2.6334,1.8276,0.6171,2.1826,2.4251,2.6515,1.8237,0.5809,GO_GOAL
68.66,2.6351,1.8288,0.6171,2.1841,2.4265,2.6515,1.8237,0.5797,GO_GOAL
68.68,2.6367,1.8299,0.6171,2.1856,2.4278,2.6515,1.8237,0.5786,GO_GOAL
68.7,2.6383,1.8311,0.6171,2.1886,2.4305,2.6597,1.8294,0.5774,GO_GOAL
68.72,2.64,1.8322,0.6171,2.1886,2.4305,2.6597,1.8294,0.5763,GO_GOAL
68.74,2.6416,1.8334,0.6171,2.1901,2.4318,2.6597,1.8294,0.5751,GO_GOAL
68.76,2.6432,1.8346,0.6171,2.1931,2.4345,2.6597,1.8294,0.574,GO_GOAL
68.78,2.6448,1.8357,0.6171,2.1931,2.4345,2.6597,1.8294,0.5728,GO_GOAL
68.8,2.6465,1.8369,0.6171,2.1946,2.4358,2.6597,1.8294,0.5716,GO_GOAL
68.82,2.6481,1.838,0.6171,2.1961,2.4371,2.6678,1.8352,0.5705,GO_GOAL
68.84,2.6497,1.8392,0.6171,2.1975,2.4384,2.6678,1.8352,0.5693,GO_GOAL
68.86,2.6514,1.8403,0.6171,2.199,2.4398,2.6678,1.8352,0.5682,GO_GOAL
68.88,2.653,1.8415,0.6171,2.2005,2.4411,2.6678,1.8352,0.567,GO_GOAL
68.9,2.6546,1.8427,0.6171,2.202,2.4424,2.6678,1.8352,0.5659,GO_GOAL
68.92,2.6563,1.8438,0.6171,2.2035,2.4438,2.676,1.841,0.5647,GO_GOAL
68.94,2.6579,1.845,0.6171,2.205,2.4451,2.676,1.841,0.5635,GO_GOAL
68.96,2.6595,1.8461,0.6171,2.208,2.4478,2.676,1.841,0.5624,GO_GOAL
68.98,2.6612,1.8473,0.6171,2.208,2.4478,2.676,1.841,0.5612,GO_GOAL
69.0,2.6628,1.8484,0.6171,2.2095,2.4491,2.676,1.841,0.5601,GO_GOAL
69.02,2.6644,1.8496,0.6171,2.211,2.4504,2.6858,1.848,0.5589,GO_GOAL
69.04,2.6661,1.8508,0.6171,2.2125,2.4518,2.6858,1.848,0.5578,GO_GOAL
69.06,2.6677,1.8519,0.6171,2.214,2.4531,2.6858,1.848,0.5566,GO_GOAL
69.08,2.6693,1.8531,0.6171,2.2155,2.4544,2.6858,1.848,0.5554,GO_GOAL
69.1,2.6709,1.8542,0.6171,2.2184,2.4571,2.6858,1.848,0.5543,GO_GOAL
69.12,2.6726,1.8554,0.6171,2.2184,2.4571,2.6923,1.8526,0.5531,GO_GOAL
69.14,2.6742,1.8565,0.6171,2.2214,2.4597,2.6923,1.8526,0.552,GO_GOAL
69.16,2.6758,1.8577,0.6171,2.2214,2.4597,2.6923,1.8526,0.5508,GO_GOAL
69.18,2.6775,1.8589,0.6171,2.2229,2.4611,2.6923,1.8526,0.5497,GO_GOAL
69.2,2.6791,1.86,0.6171,2.2244,2.4624,2.6923,1.8526,0.5485,GO_GOAL
69.22,2.6807,1.8612,0.6171,2.2259,2.4637,2.7005,1.8584,0.5473,GO_GOAL
69.24,2.6824,1.8623,0.6171,2.2274,2.4651,2.7005,1.8584,0.5462,GO_GOAL
69.26,2.684,1.8635,0.6171,2.2289,2.4664,2.7005,1.8584,0.545,GO_GOAL
69.28,2.6856,1.8646,0.6171,2.2304,2.4677,2.7005,1.8584,0.5439,GO_GOAL
69.3,2.6873,1.8658,0.6171,2.2319,2.4691,2.7005,1.8584,0.5427,GO_GOAL
69.32,2.6889,1.867,0.6171,2.2334,2.4704,2.7086,1.8642,0.5416,GO_GOAL
69.34,2.6905,1.8681,0.6171,2.2349,2.4717,2.7086,1.8642,0.5404,GO_GOAL
69.36,2.6922,1.8693,0.6171,2.2364,2.4731,2.7086,1.8642,0.5392,GO_GOAL
69.38,2.6938,1.8704,0.6171,2.2379,2.4744,2.7086,1.8642,0.5381,GO_GOAL
69.4,2.6954,1.8716,0.6171,2.2393,2.4757,2.7086,1.8642,0.5369,GO_GOAL
69.42,2.697,1.8727,0.6171,2.2408,2.477,2.7168,1.87,0.5358,GO_GOAL
69.44,2.6987,1.8739,0.6171,2.2423,2.4784,2.7168,1.87,0.5346,GO_GOAL
69.46,2.7003,1.8751,0.6171,2.2453,2.481,2.7168,1.87,0.5335,GO_GOAL
69.48,2.7019,1.8762,0.6171,2.2468,2.4824,2.7168,1.87,0.5323,GO_GOAL
69.5,2.7036,1.8774,0.6171,2.2468,2.4824,2.7168,1.87,0.5311,GO_GOAL
69.52,2.7052,1.8785,0.6171,2.2483,2.4837,2.7249,1.8757,0.53,GO_GOAL
69.54,2.7068,1.8797,0.6171,2.2513,2.4864,2.7249,1.8757,0.5288,GO_GOAL
69.56,2.7085,1.8808,0.6171,2.2528,2.4877,2.7249,1.8757,0.5277,GO_GOAL
69.58,2.7101,1.882,0.6171,2.2543,2.489,2.7249,1.8757,0.5265,GO_GOAL
69.6,2.7117,1.8832,0.6171,2.2543,2.489,2.7249,1.8757,0.5254,GO_GOAL
69.62,2.7134,1.8843,0.6171,2.2558,2.4904,2.7331,1.8815,0.5242,GO_GOAL
69.64,2.715,1.8855,0.6171,2.2588,2.493,2.7331,1.8815,0.523,GO_GOAL
69.66,2.7166,1.8866,0.6171,2.2588,2.493,2.7331,1.8815,0.5219,GO_GOAL
69.68,2.7182,1.8878,0.6171,2.2617,2.4957,2.7331,1.8815,0.5207,GO_GOAL
69.7,2.7199,1.8889,0.6171,2.2632,2.497,2.7331,1.8815,0.5196,GO_GOAL
69.72,2.7203,1.8892,0.6171,2.2632,2.497,2.7331,1.8815,0.5193,GO_GOAL
69.74,2.7203,1.8892,0.6171,2.2634,2.4971,2.7331,1.8815,0.5193,GO_GOAL
69.76,2.7204,1.8892,0.6171,2.2634,2.4971,2.7412,1.8873,0.5193,REACHED
69.78,2.7204,1.8892,0.6171,2.2634,2.4971,2.7412,1.8873,0.5193,REACHED
69.8,2.7204,1.8892,0.6171,2.2634,2.4971,2.743,1.8886,0.5193,REACHED
69.82,2.7204,1.8892,0.6171,2.2634,2.4971,2.743,1.8886,0.5193,REACHED
69.842,2.7204,1.8892,0.6171,2.2634,2.4971,2.743,1.8886,0.5193,REACHED
69.86,2.7204,1.8892,0.6171,2.2634,2.4971,2.743,1.8886,0.5193,REACHED
69.88,2.7204,1.8892,0.6171,2.2634,2.4971,2.743,1.8886,0.5193,REACHED
