t,x,y,yaw,odom_x,odom_y,est_x,est_y,clearance,state
0.02,-2.8788,-1.9994,0.0528,-2.874,-1.9984,-2.8769,-1.9995,0.3889,GO_GOAL
0.04,-2.8768,-1.9993,0.0594,-2.8709,-1.998,-2.8769,-1.9995,0.3888,GO_GOAL
0.06,-2.8747,-1.9991,0.066,-2.8678,-1.9975,-2.8769,-1.9995,0.3888,GO_GOAL
0.08,-2.8727,-1.9989,0.0726,-2.8647,-1.997,-2.8769,-1.9995,0.3888,GO_GOAL
0.1,-2.8707,-1.9988,0.0792,-2.8616,-1.9965,-2.8769,-1.9995,0.3887,GO_GOAL
0.12,-2.8687,-1.9986,0.0858,-2.8585,-1.9959,-2.8614,-1.9986,0.3887,GO_GOAL
0.14,-2.8668,-1.9984,0.0924,-2.8522,-1.9945,-2.8614,-1.9986,0.3886,GO_GOAL
0.16,-2.8648,-1.9983,0.099,-2.849,-1.9937,-2.8614,-1.9986,0.3886,GO_GOAL
0.18,-2.8628,-1.9981,0.1056,-2.849,-1.9937,-2.8614,-1.9986,0.3885,GO_GOAL
0.2,-2.8606,-1.9978,0.1122,-2.8427,-1.9919,-2.8453,-1.9971,0.3886,GO_GOAL
0.22,-2.8564,-1.9973,0.119,-2.8395,-1.9909,-2.8453,-1.9971,0.3889,GO_GOAL
0.24,-2.8537,-1.9971,0.1261,-2.8364,-1.9898,-2.8453,-1.9971,0.3889,GO_GOAL
0.26,-2.8502,-1.9965,0.1334,-2.8364,-1.9898,-2.8453,-1.9971,0.3892,GO_GOAL
0.28,-2.8473,-1.9961,0.1411,-2.8332,-1.9886,-2.8453,-1.9971,0.3894,GO_GOAL
0.3,-2.8445,-1.9957,0.1492,-2.83,-1.9874,-2.8453,-1.9971,0.3895,GO_GOAL
0.32,-2.8419,-1.9954,0.1579,-2.8269,-1.9861,-2.8287,-1.995,0.3896,GO_GOAL
0.34,-2.8393,-1.9949,0.1671,-2.8237,-1.9848,-2.8287,-1.995,0.3898,GO_GOAL
0.36,-2.8367,-1.9945,0.1768,-2.8205,-1.9833,-2.8287,-1.995,0.3899,GO_GOAL
0.38,-2.834,-1.994,0.187,-2.8174,-1.9818,-2.8287,-1.995,0.3901,GO_GOAL
0.4,-2.8313,-1.9934,0.1977,-2.8142,-1.9802,-2.8287,-1.995,0.3903,GO_GOAL
0.42,-2.8283,-1.9928,0.2089,-2.808,-1.9769,-2.8116,-1.9922,0.3905,GO_GOAL
0.44,-2.8252,-1.9922,0.2206,-2.808,-1.9769,-2.8116,-1.9922,0.3908,GO_GOAL
0.46,-2.8221,-1.9915,0.2328,-2.8016,-1.9732,-2.8116,-1.9922,0.3912,GO_GOAL
0.48,-2.819,-1.9907,0.2455,-2.8016,-1.9732,-2.8116,-1.9922,0.3915,GO_GOAL
0.5,-2.8159,-1.9899,0.2588,-2.7985,-1.9713,-2.8116,-1.9922,0.3919,GO_GOAL
0.52,-2.8125,-1.989,0.2725,-2.7955,-1.9693,-2.794,-1.9882,0.3924,GO_GOAL
0.54,-2.8089,-1.9879,0.2867,-2.7923,-1.9672,-2.794,-1.9882,0.393,GO_GOAL
0.56,-2.8054,-1.9869,0.3014,-2.7891,-1.9651,-2.794,-1.9882,0.3936,GO_GOAL
0.58,-2.8019,-1.9858,0.3161,-2.786,-1.9628,-2.794,-1.9882,0.3943,GO_GOAL
0.6,-2.7984,-1.9846,0.3308,-2.7798,-1.9583,-2.7758,-1.9829,0.395,GO_GOAL
0.62,-2.7948,-1.9833,0.3452,-2.7767,-1.9559,-2.7758,-1.9829,0.3959,GO_GOAL
0.64,-2.791,-1.9819,0.359,-2.7767,-1.9559,-2.7758,-1.9829,0.3969,GO_GOAL
0.66,-2.7873,-1.9804,0.3724,-2.7735,-1.9534,-2.7758,-1.9829,0.3979,GO_GOAL
0.68,-2.7836,-1.979,0.3852,-2.7673,-1.9483,-2.7758,-1.9829,0.399,GO_GOAL
0.7,-2.7799,-1.9775,0.3974,-2.7673,-1.9483,-2.7572,-1.9759,0.4001,GO_GOAL
0.72,-2.7761,-1.9758,0.4091,-2.7642,-1.9456,-2.7572,-1.9759,0.4014,GO_GOAL
0.74,-2.7724,-1.9742,0.4204,-2.7611,-1.9429,-2.7572,-1.9759,0.4027,GO_GOAL
0.76,-2.7688,-1.9727,0.4317,-2.758,-1.9402,-2.7572,-1.9759,0.4039,GO_GOAL
0.78,-2.7652,-1.9711,0.4429,-2.7549,-1.9374,-2.7572,-1.9759,0.4051,GO_GOAL
0.8,-2.7616,-1.9696,0.4542,-2.7488,-1.9317,-2.7572,-1.9759,0.4064,GO_GOAL
0.82,-2.7581,-1.9681,0.4655,-2.7488,-1.9317,-2.7345,-1.9657,0.4076,GO_GOAL
0.84,-2.7545,-1.9665,0.4767,-2.7457,-1.9288,-2.7345,-1.9657,0.4088,GO_GOAL
0.86,-2.751,-1.965,0.488,-2.7395,-1.9228,-2.7345,-1.9657,0.41,GO_GOAL
0.88,-2.7474,-1.9635,0.4993,-2.7395,-1.9228,-2.7345,-1.9657,0.4112,GO_GOAL
0.9,-2.7436,-1.9614,0.5105,-2.7365,-1.9198,-2.7345,-1.9657,0.413,GO_GOAL
0.92,-2.7401,-1.9594,0.5215,-2.7334,-1.9167,-2.7193,-1.9577,0.4146,GO_GOAL
0.94,-2.7364,-1.9573,0.5323,-2.7304,-1.9137,-2.7193,-1.9577,0.4165,GO_GOAL
0.96,-2.7325,-1.9549,0.5425,-2.7243,-1.9074,-2.7193,-1.9577,0.4186,GO_GOAL
0.98,-2.7286,-1.9525,0.552,-2.7243,-1.9074,-2.7193,-1.9577,0.4207,GO_GOAL
1.0,-2.7247,-1.9501,0.561,-2.7213,-1.9043,-2.7193,-1.9577,0.4229,GO_GOAL
1.02,-2.7207,-1.9476,0.5693,-2.7153,-1.898,-2.7007,-1.9468,0.4252,GO_GOAL
1.04,-2.7167,-1.945,0.577,-2.7153,-1.898,-2.7007,-1.9468,0.4276,GO_GOAL
1.06,-2.7128,-1.9424,0.5841,-2.7123,-1.8948,-2.7007,-1.9468,0.4299,GO_GOAL
1.08,-2.7089,-1.9398,0.5906,-2.7093,-1.8916,-2.7007,-1.9468,0.4323,GO_GOAL
1.1,-2.7051,-1.9373,0.5966,-2.7063,-1.8884,-2.7007,-1.9468,0.4348,GO_GOAL
1.12,-2.7012,-1.9346,0.6019,-2.7004,-1.8819,-2.6823,-1.9349,0.4373,GO_GOAL
1.14,-2.6974,-1.932,0.6066,-2.7004,-1.8819,-2.6823,-1.9349,0.4398,GO_GOAL
1.16,-2.6936,-1.9293,0.6107,-2.6944,-1.8755,-2.6823,-1.9349,0.4423,GO_GOAL
1.18,-2.6899,-1.9267,0.6143,-2.6944,-1.8755,-2.6823,-1.9349,0.4449,GO_GOAL
1.2,-2.6862,-1.9241,0.6172,-2.6885,-1.869,-2.6823,-1.9349,0.4474,GO_GOAL
1.22,-2.6825,-1.9214,0.6195,-2.6855,-1.8657,-2.6643,-1.9223,0.45,GO_GOAL
1.24,-2.6788,-1.9188,0.6213,-2.6855,-1.8657,-2.6643,-1.9223,0.4526,GO_GOAL
1.26,-2.6751,-1.9162,0.6224,-2.6825,-1.8625,-2.6643,-1.9223,0.4551,GO_GOAL
1.28,-2.6715,-1.9136,0.6229,-2.6795,-1.8593,-2.6643,-1.9223,0.4577,GO_GOAL
1.3,-2.668,-1.9111,0.623,-2.6766,-1.856,-2.6643,-1.9223,0.4603,GO_GOAL
1.32,-2.6644,-1.9085,0.6228,-2.6736,-1.8528,-2.6464,-1.9096,0.4628,GO_GOAL
1.34,-2.6608,-1.9059,0.6224,-2.6677,-1.8463,-2.6464,-1.9096,0.4654,GO_GOAL
1.36,-2.6573,-1.9034,0.622,-2.6677,-1.8463,-2.6464,-1.9096,0.468,GO_GOAL
1.38,-2.6537,-1.9008,0.6217,-2.6647,-1.843,-2.6464,-1.9096,0.4705,GO_GOAL
1.4,-2.6501,-1.8983,0.6213,-2.6617,-1.8398,-2.6464,-1.9096,0.4731,GO_GOAL
1.42,-2.6465,-1.8959,0.621,-2.6558,-1.8333,-2.6285,-1.8967,0.4755,GO_GOAL
1.44,-2.6429,-1.8936,0.6207,-2.6528,-1.8301,-2.6285,-1.8967,0.4778,GO_GOAL
1.46,-2.6393,-1.8913,0.6203,-2.6528,-1.8301,-2.6285,-1.8967,0.4801,GO_GOAL
1.48,-2.6357,-1.8889,0.62,-2.6498,-1.8268,-2.6285,-1.8967,0.4825,GO_GOAL
1.5,-2.6321,-1.8866,0.6197,-2.6439,-1.8204,-2.6106,-1.8839,0.4848,GO_GOAL
1.52,-2.6286,-1.8843,0.6193,-2.6439,-1.8204,-2.6106,-1.8839,0.4871,GO_GOAL
1.54,-2.625,-1.882,0.619,-2.6409,-1.8171,-2.6106,-1.8839,0.4894,GO_GOAL
1.56,-2.6214,-1.8794,0.6186,-2.6379,-1.8139,-2.6106,-1.8839,0.492,GO_GOAL
1.58,-2.6178,-1.8769,0.6183,-2.6349,-1.8107,-2.6106,-1.8839,0.4946,GO_GOAL
1.6,-2.6142,-1.8743,0.6181,-2.6319,-1.8074,-2.6106,-1.8839,0.4971,GO_GOAL
1.62,-2.6106,-1.8718,0.6179,-2.6289,-1.8042,-2.5927,-1.8712,0.4997,GO_GOAL
1.64,-2.607,-1.8692,0.6177,-2.626,-1.801,-2.5927,-1.8712,0.5022,GO_GOAL
1.66,-2.6034,-1.8667,0.6176,-2.623,-1.7977,-2.5927,-1.8712,0.5048,GO_GOAL
1.68,-2.5998,-1.8641,0.6174,-2.62,-1.7945,-2.5927,-1.8712,0.5074,GO_GOAL
1.7,-2.5962,-1.8616,0.6172,-2.617,-1.7913,-2.5927,-1.8712,0.5099,GO_GOAL
1.72,-2.5926,-1.859,0.6171,-2.611,-1.7848,-2.5748,-1.8584,0.5125,GO_GOAL
1.74,-2.589,-1.8565,0.6169,-2.608,-1.7816,-2.5748,-1.8584,0.515,GO_GOAL
1.76,-2.5855,-1.8539,0.6168,-2.608,-1.7816,-2.5748,-1.8584,0.5176,GO_GOAL
1.78,-2.5819,-1.8514,0.6167,-2.605,-1.7783,-2.5748,-1.8584,0.5201,GO_GOAL
1.8,-2.5783,-1.8488,0.6165,-2.602,-1.7751,-2.5748,-1.8584,0.5227,GO_GOAL
1.82,-2.5747,-1.8463,0.6164,-2.5991,-1.7719,-2.5568,-1.8457,0.5252,GO_GOAL
1.84,-2.5711,-1.8437,0.6163,-2.5961,-1.7687,-2.5568,-1.8457,0.5278,GO_GOAL
1.86,-2.5675,-1.8412,0.6162,-2.5931,-1.7654,-2.5568,-1.8457,0.5303,GO_GOAL
1.88,-2.5639,-1.8387,0.6161,-2.5901,-1.7622,-2.5568,-1.8457,0.5328,GO_GOAL
1.9,-2.5603,-1.8361,0.616,-2.5871,-1.759,-2.5568,-1.8457,0.5354,GO_GOAL
1.92,-2.5567,-1.8336,0.6159,-2.5841,-1.7557,-2.5389,-1.833,0.5379,GO_GOAL
1.94,-2.5532,-1.831,0.6158,-2.5811,-1.7525,-2.5389,-1.833,0.5405,GO_GOAL
1.96,-2.5496,-1.8285,0.6157,-2.5781,-1.7493,-2.5389,-1.833,0.543,GO_GOAL
1.98,-2.546,-1.826,0.6156,-2.5751,-1.7461,-2.5389,-1.833,0.5455,GO_GOAL
2.0,-2.5424,-1.8234,0.6155,-2.5721,-1.7428,-2.5389,-1.833,0.5481,GO_GOAL
2.02,-2.5388,-1.8209,0.6155,-2.5661,-1.7364,-2.5209,-1.8203,0.5506,GO_GOAL
2.04,-2.5352,-1.8184,0.6154,-2.5661,-1.7364,-2.5209,-1.8203,0.5531,GO_GOAL
2.06,-2.5317,-1.8159,0.6153,-2.5632,-1.7332,-2.5209,-1.8203,0.5557,GO_GOAL
2.08,-2.5281,-1.8134,0.6153,-2.5602,-1.7299,-2.5209,-1.8203,0.5582,GO_GOAL
2.1,-2.5245,-1.8109,0.6152,-2.5572,-1.7267,-2.5209,-1.8203,0.5606,GO_GOAL
2.12,-2.521,-1.8084,0.6151,-2.5542,-1.7235,-2.5029,-1.8076,0.5631,GO_GOAL
2.14,-2.5175,-1.8059,0.6151,-2.5512,-1.7203,-2.5029,-1.8076,0.5656,GO_GOAL
2.16,-2.5139,-1.8034,0.615,-2.5482,-1.7171,-2.5029,-1.8076,0.5681,GO_GOAL
2.18,-2.5103,-1.8009,0.6149,-2.5452,-1.7138,-2.5029,-1.8076,0.5706,GO_GOAL
2.2,-2.5067,-1.7984,0.6149,-2.5392,-1.7074,-2.5029,-1.8076,0.5732,GO_GOAL
2.22,-2.5031,-1.7958,0.6149,-2.5392,-1.7074,-2.485,-1.7949,0.5757,GO_GOAL
2.24,-2.4995,-1.7933,0.6148,-2.5362,-1.7042,-2.485,-1.7949,0.5783,GO_GOAL
2.26,-2.4959,-1.7907,0.6148,-2.5332,-1.7009,-2.485,-1.7949,0.5808,GO_GOAL
2.28,-2.4923,-1.7882,0.6147,-2.5302,-1.6977,-2.485,-1.7949,0.5834,GO_GOAL
2.3,-2.4887,-1.7856,0.6147,-2.5272,-1.6945,-2.485,-1.7949,0.5859,GO_GOAL
2.32,-2.4851,-1.7831,0.6147,-2.5212,-1.688,-2.467,-1.7822,0.5884,GO_GOAL
2.34,-2.4815,-1.7806,0.6146,-2.5212,-1.688,-2.467,-1.7822,0.591,GO_GOAL
2.36,-2.4779,-1.778,0.6146,-2.5182,-1.6848,-2.467,-1.7822,0.5935,GO_GOAL
2.38,-2.4743,-1.7755,0.6146,-2.5152,-1.6816,-2.467,-1.7822,0.5961,GO_GOAL
2.4,-2.4707,-1.773,0.6145,-2.5122,-1.6784,-2.467,-1.7822,0.5986,GO_GOAL
2.42,-2.4671,-1.7704,0.6145,-2.5092,-1.6752,-2.4454,-1.767,0.6011,GO_GOAL
2.44,-2.4636,-1.7679,0.6145,-2.5032,-1.6687,-2.4454,-1.767,0.6037,GO_GOAL
2.46,-2.46,-1.7653,0.6145,-2.5032,-1.6687,-2.4454,-1.767,0.6062,GO_GOAL
2.48,-2.4564,-1.7628,0.6144,-2.4973,-1.6623,-2.4454,-1.767,0.6083,GO_GOAL
2.5,-2.4528,-1.7603,0.6144,-2.4973,-1.6623,-2.4454,-1.767,0.6042,GO_GOAL
2.52,-2.4492,-1.7577,0.6144,-2.4943,-1.659,-2.431,-1.7568,0.6002,GO_GOAL
2.54,-2.4456,-1.7552,0.6144,-2.4883,-1.6526,-2.431,-1.7568,0.5961,GO_GOAL
2.56,-2.442,-1.7527,0.6143,-2.4883,-1.6526,-2.431,-1.7568,0.5921,GO_GOAL
2.58,-2.4384,-1.7501,0.6143,-2.4853,-1.6494,-2.431,-1.7568,0.5881,GO_GOAL
2.6,-2.4348,-1.7476,0.6143,-2.4823,-1.6462,-2.431,-1.7568,0.5841,GO_GOAL
2.62,-2.4312,-1.7451,0.6143,-2.4793,-1.6429,-2.4131,-1.7442,0.58,GO_GOAL
2.64,-2.4277,-1.7426,0.6143,-2.4763,-1.6397,-2.4131,-1.7442,0.576,GO_GOAL
2.66,-2.4241,-1.74,0.6143,-2.4733,-1.6365,-2.4131,-1.7442,0.572,GO_GOAL
2.68,-2.4205,-1.7375,0.6142,-2.4703,-1.6333,-2.4131,-1.7442,0.5681,GO_GOAL
2.7,-2.4169,-1.735,0.6142,-2.4673,-1.6301,-2.4131,-1.7442,0.5641,GO_GOAL
2.72,-2.4134,-1.7325,0.6142,-2.4643,-1.6268,-2.3951,-1.7315,0.5601,GO_GOAL
2.74,-2.4098,-1.73,0.6142,-2.4613,-1.6236,-2.3951,-1.7315,0.5562,GO_GOAL
2.76,-2.4063,-1.7275,0.6142,-2.4583,-1.6204,-2.3951,-1.7315,0.5522,GO_GOAL
2.78,-2.4028,-1.725,0.6142,-2.4553,-1.6172,-2.3951,-1.7315,0.5483,GO_GOAL
2.8,-2.3992,-1.7225,0.6141,-2.4523,-1.6139,-2.3951,-1.7315,0.5443,GO_GOAL
2.82,-2.3956,-1.7199,0.6141,-2.4463,-1.6075,-2.3771,-1.7188,0.5403,GO_GOAL
2.84,-2.392,-1.7174,0.6141,-2.4463,-1.6075,-2.3771,-1.7188,0.5363,GO_GOAL
2.86,-2.3884,-1.7148,0.6141,-2.4403,-1.6011,-2.3771,-1.7188,0.5323,GO_GOAL
2.88,-2.3847,-1.7123,0.6141,-2.4373,-1.5978,-2.3771,-1.7188,0.5283,GO_GOAL
2.9,-2.3811,-1.7098,0.6141,-2.4373,-1.5978,-2.3771,-1.7188,0.5244,GO_GOAL
2.92,-2.3775,-1.7072,0.6141,-2.4343,-1.5946,-2.3591,-1.7061,0.5204,GO_GOAL
2.94,-2.3739,-1.7047,0.6141,-2.4313,-1.5914,-2.3591,-1.7061,0.5164,GO_GOAL
2.96,-2.3703,-1.7022,0.6141,-2.4283,-1.5882,-2.3591,-1.7061,0.5125,GO_GOAL
2.98,-2.3667,-1.6996,0.6141,-2.4253,-1.585,-2.3591,-1.7061,0.5085,GO_GOAL
3.0,-2.3632,-1.6971,0.614,-2.4223,-1.5817,-2.3411,-1.6934,0.5046,GO_GOAL
3.02,-2.3596,-1.6945,0.614,-2.4193,-1.5785,-2.3411,-1.6934,0.5006,GO_GOAL
3.04,-2.356,-1.692,0.614,-2.4133,-1.5721,-2.3411,-1.6934,0.4967,GO_GOAL
3.06,-2.3524,-1.6895,0.614,-2.4133,-1.5721,-2.3411,-1.6934,0.4928,GO_GOAL
3.08,-2.3488,-1.6869,0.614,-2.4103,-1.5689,-2.3411,-1.6934,0.4888,GO_GOAL
3.1,-2.3452,-1.6844,0.614,-2.4073,-1.5656,-2.3411,-1.6934,0.4849,GO_GOAL
3.12,-2.3416,-1.6819,0.614,-2.4043,-1.5624,-2.3232,-1.6808,0.481,GO_GOAL
3.14,-2.338,-1.6793,0.614,-2.4013,-1.5592,-2.3232,-1.6808,0.4771,GO_GOAL
3.16,-2.3344,-1.6768,0.614,-2.3983,-1.556,-2.3232,-1.6808,0.4732,GO_GOAL
3.18,-2.3308,-1.6743,0.614,-2.3923,-1.5495,-2.3232,-1.6808,0.4693,GO_GOAL
3.2,-2.3272,-1.6718,0.614,-2.3923,-1.5495,-2.3232,-1.6808,0.4654,GO_GOAL
3.22,-2.3236,-1.6692,0.614,-2.3893,-1.5463,-2.3052,-1.6681,0.4615,GO_GOAL
3.24,-2.32,-1.6667,0.614,-2.3833,-1.5399,-2.3052,-1.6681,0.4576,GO_GOAL
3.26,-2.3165,-1.6642,0.614,-2.3833,-1.5399,-2.3052,-1.6681,0.4538,GO_GOAL
3.28,-2.3129,-1.6617,0.614,-2.3803,-1.5367,-2.3052,-1.6681,0.4499,GO_GOAL
3.3,-2.3093,-1.6591,0.614,-2.3773,-1.5334,-2.3052,-1.6681,0.4461,GO_GOAL
3.32,-2.3058,-1.6566,0.614,-2.3743,-1.5302,-2.2872,-1.6554,0.4423,GO_GOAL
3.34,-2.3022,-1.6541,0.614,-2.3713,-1.527,-2.2872,-1.6554,0.4384,GO_GOAL
3.36,-2.2987,-1.6516,0.6139,-2.3654,-1.5206,-2.2872,-1.6554,0.4346,GO_GOAL
3.38,-2.2951,-1.6491,0.6139,-2.3654,-1.5206,-2.2872,-1.6554,0.4309,GO_GOAL
3.4,-2.2915,-1.6466,0.6139,-2.3624,-1.5173,-2.2872,-1.6554,0.427,GO_GOAL
3.42,-2.2879,-1.6441,0.6139,-2.3594,-1.5141,-2.2656,-1.6402,0.4232,GO_GOAL
3.44,-2.2843,-1.6415,0.6139,-2.3564,-1.5109,-2.2656,-1.6402,0.4193,GO_GOAL
3.46,-2.2807,-1.639,0.6139,-2.3534,-1.5077,-2.2656,-1.6402,0.4155,GO_GOAL
3.48,-2.2771,-1.6364,0.6139,-2.3474,-1.5012,-2.2656,-1.6402,0.4117,GO_GOAL
3.5,-2.2735,-1.6339,0.6139,-2.3474,-1.5012,-2.2656,-1.6402,0.4079,GO_GOAL
3.52,-2.2699,-1.6314,0.6139,-2.3444,-1.498,-2.2512,-1.6301,0.4041,GO_GOAL
3.54,-2.2663,-1.6288,0.6139,-2.3414,-1.4948,-2.2512,-1.6301,0.4003,GO_GOAL
3.56,-2.2627,-1.6263,0.6139,-2.3384,-1.4916,-2.2512,-1.6301,0.3965,GO_GOAL
3.58,-2.2591,-1.6238,0.6139,-2.3354,-1.4884,-2.2512,-1.6301,0.3927,GO_GOAL
3.6,-2.2555,-1.6212,0.6139,-2.3324,-1.4851,-2.2333,-1.6174,0.3889,GO_GOAL
3.62,-2.2519,-1.6187,0.6139,-2.3264,-1.4787,-2.2333,-1.6174,0.3852,GO_GOAL
3.64,-2.2483,-1.6161,0.6139,-2.3264,-1.4787,-2.2333,-1.6174,0.3814,GO_GOAL
3.66,-2.2447,-1.6136,0.6139,-2.3234,-1.4755,-2.2333,-1.6174,0.3777,GO_GOAL
3.68,-2.2411,-1.6111,0.6139,-2.3204,-1.4723,-2.2333,-1.6174,0.3739,GO_GOAL
3.7,-2.2376,-1.6086,0.6139,-2.3174,-1.469,-2.2333,-1.6174,0.3702,GO_GOAL
3.72,-2.234,-1.606,0.6139,-2.3144,-1.4658,-2.2153,-1.6047,0.3665,GO_GOAL
3.74,-2.2304,-1.6035,0.6139,-2.3114,-1.4626,-2.2153,-1.6047,0.3628,GO_GOAL
3.76,-2.2268,-1.601,0.6139,-2.3054,-1.4561,-2.2153,-1.6047,0.359,GO_GOAL
3.78,-2.2232,-1.5984,0.6139,-2.3054,-1.4561,-2.2153,-1.6047,0.3554,GO_GOAL
3.8,-2.2196,-1.5959,0.6139,-2.2994,-1.4497,-2.2153,-1.6047,0.3517,GO_GOAL
3.82,-2.216,-1.5934,0.6139,-2.2994,-1.4497,-2.1973,-1.592,0.348,GO_GOAL
3.84,-2.2124,-1.5908,0.6139,-2.2964,-1.4465,-2.1973,-1.592,0.3443,GO_GOAL
3.86,-2.2089,-1.5883,0.6139,-2.2934,-1.4433,-2.1973,-1.592,0.3407,GO_GOAL
3.88,-2.2053,-1.5858,0.6139,-2.2904,-1.44,-2.1973,-1.592,0.3371,GO_GOAL
3.9,-2.2017,-1.5833,0.6139,-2.2874,-1.4368,-2.1973,-1.592,0.3334,GO_GOAL
3.92,-2.1982,-1.5808,0.6139,-2.2814,-1.4304,-2.1757,-1.5768,0.3299,GO_GOAL
3.94,-2.1946,-1.5783,0.6139,-2.2784,-1.4272,-2.1757,-1.5768,0.3263,GO_GOAL
3.96,-2.1911,-1.5758,0.6139,-2.2784,-1.4272,-2.1757,-1.5768,0.3227,GO_GOAL
3.98,-2.1875,-1.5733,0.6139,-2.2754,-1.4239,-2.1757,-1.5768,0.3191,GO_GOAL
4.0,-2.1839,-1.5707,0.6139,-2.2724,-1.4207,-2.1757,-1.5768,0.3155,GO_GOAL
4.02,-2.1803,-1.5682,0.6139,-2.2694,-1.4175,-2.1613,-1.5667,0.3119,GO_GOAL
4.04,-2.1767,-1.5656,0.6139,-2.2664,-1.4143,-2.1613,-1.5667,0.3083,GO_GOAL
4.06,-2.1731,-1.5631,0.6139,-2.2634,-1.4111,-2.1613,-1.5667,0.3047,GO_GOAL
4.08,-2.1695,-1.5606,0.6139,-2.2604,-1.4078,-2.1613,-1.5667,0.3011,GO_GOAL
4.1,-2.1659,-1.558,0.6139,-2.2574,-1.4046,-2.1613,-1.5667,0.2976,GO_GOAL
4.12,-2.1623,-1.5555,0.6139,-2.2544,-1.4014,-2.1433,-1.554,0.2941,GO_GOAL
4.14,-2.1587,-1.553,0.6139,-2.2514,-1.3982,-2.1433,-1.554,0.2905,GO_GOAL
4.16,-2.1551,-1.5504,0.6139,-2.2484,-1.395,-2.1433,-1.554,0.287,GO_GOAL
4.18,-2.1515,-1.5479,0.6139,-2.2454,-1.3917,-2.1433,-1.554,0.2835,GO_GOAL
4.2,-2.1479,-1.5453,0.6139,-2.2424,-1.3885,-2.1433,-1.554,0.28,GO_GOAL
4.22,-2.1443,-1.5428,0.6139,-2.2394,-1.3853,-2.1254,-1.5414,0.2766,GO_GOAL
4.24,-2.1407,-1.5403,0.6139,-2.2334,-1.3789,-2.1254,-1.5414,0.2731,GO_GOAL
4.26,-2.1371,-1.5378,0.6139,-2.2334,-1.3789,-2.1254,-1.5414,0.2696,GO_GOAL
4.28,-2.1335,-1.5352,0.6139,-2.2304,-1.3756,-2.1254,-1.5414,0.2662,GO_GOAL
4.3,-2.1299,-1.5327,0.6139,-2.2274,-1.3724,-2.1074,-1.5287,0.2628,GO_GOAL
4.32,-2.1263,-1.5302,0.6139,-2.2244,-1.3692,-2.1074,-1.5287,0.2594,GO_GOAL
4.34,-2.1227,-1.5276,0.6139,-2.2214,-1.366,-2.1074,-1.5287,0.256,GO_GOAL
4.36,-2.1191,-1.5251,0.6139,-2.2184,-1.3628,-2.1074,-1.5287,0.2526,GO_GOAL
4.38,-2.1156,-1.5226,0.6139,-2.2154,-1.3595,-2.1074,-1.5287,0.2493,GO_GOAL
4.4,-2.112,-1.52,0.6139,-2.2124,-1.3563,-2.1074,-1.5287,0.2459,GO_GOAL
4.42,-2.1084,-1.5175,0.6139,-2.2094,-1.3531,-2.0858,-1.5135,0.2426,GO_GOAL
4.44,-2.1048,-1.515,0.6139,-2.2064,-1.3499,-2.0858,-1.5135,0.2393,GO_GOAL
4.46,-2.1013,-1.5125,0.6139,-2.2034,-1.3467,-2.0858,-1.5135,0.236,GO_GOAL
4.48,-2.0977,-1.51,0.6139,-2.2004,-1.3434,-2.0858,-1.5135,0.2328,GO_GOAL
4.5,-2.0942,-1.5075,0.6139,-2.1974,-1.3402,-2.0858,-1.5135,0.2295,GO_GOAL
4.52,-2.0906,-1.505,0.6139,-2.1914,-1.3338,-2.0714,-1.5033,0.2263,GO_GOAL
4.54,-2.087,-1.5024,0.6139,-2.1914,-1.3338,-2.0714,-1.5033,0.223,GO_GOAL
4.56,-2.0834,-1.4999,0.6139,-2.1854,-1.3273,-2.0714,-1.5033,0.2198,GO_GOAL
4.58,-2.0798,-1.4974,0.6139,-2.1854,-1.3273,-2.0714,-1.5033,0.2166,GO_GOAL
4.6,-2.0762,-1.4948,0.6139,-2.1794,-1.3209,-2.0714,-1.5033,0.2134,GO_GOAL
4.62,-2.0726,-1.4923,0.6139,-2.1765,-1.3177,-2.0534,-1.4907,0.2102,GO_GOAL
4.64,-2.069,-1.4898,0.6139,-2.1765,-1.3177,-2.0534,-1.4907,0.207,GO_GOAL
4.66,-2.0654,-1.4872,0.6139,-2.1705,-1.3112,-2.0534,-1.4907,0.2039,GO_GOAL
4.68,-2.0618,-1.4847,0.6139,-2.1705,-1.3112,-2.0534,-1.4907,0.2007,GO_GOAL
4.7,-2.0582,-1.4821,0.6139,-2.1675,-1.308,-2.0534,-1.4907,0.1976,GO_GOAL
4.72,-2.0546,-1.4796,0.6139,-2.1645,-1.3048,-2.0354,-1.478,0.1945,GO_GOAL
4.74,-2.051,-1.4771,0.6139,-2.1615,-1.3016,-2.0354,-1.478,0.1915,GO_GOAL
4.76,-2.0474,-1.4745,0.6139,-2.1585,-1.2984,-2.0354,-1.478,0.1884,GO_GOAL
4.78,-2.0438,-1.472,0.6139,-2.1555,-1.2951,-2.0354,-1.478,0.1854,GO_GOAL
4.8,-2.0402,-1.4695,0.6139,-2.1525,-1.2919,-2.0354,-1.478,0.1824,GO_GOAL
4.82,-2.0366,-1.4669,0.6139,-2.1495,-1.2887,-2.0175,-1.4653,0.1794,GO_GOAL
4.84,-2.033,-1.4644,0.6139,-2.1435,-1.2823,-2.0175,-1.4653,0.1765,GO_GOAL
4.86,-2.0294,-1.4619,0.6139,-2.1435,-1.2823,-2.0175,-1.4653,0.1735,GO_GOAL
4.88,-2.0258,-1.4594,0.6139,-2.1405,-1.279,-2.0175,-1.4653,0.1706,GO_GOAL
4.9,-2.0223,-1.4568,0.6139,-2.1375,-1.2758,-2.0175,-1.4653,0.1677,GO_GOAL
4.92,-2.0187,-1.4543,0.6139,-2.1315,-1.2694,-1.9995,-1.4526,0.1648,GO_GOAL
4.938,-2.0151,-1.4518,0.6139,-2.1315,-1.2694,-1.9995,-1.4526,0.162,GO_GOAL
4.96,-2.0115,-1.4493,0.6139,-2.1285,-1.2662,-1.9995,-1.4526,0.1592,GO_GOAL
4.98,-2.0079,-1.4467,0.6139,-2.1255,-1.2629,-1.9995,-1.4526,0.1564,GO_GOAL
5.0,-2.0044,-1.4442,0.6139,-2.1225,-1.2597,-1.9995,-1.4526,0.1537,GO_GOAL
5.02,-2.0008,-1.4417,0.6139,-2.1165,-1.2533,-1.9779,-1.4374,0.151,GO_GOAL
5.04,-1.9973,-1.4392,0.6139,-2.1135,-1.2501,-1.9779,-1.4374,0.1483,GO_GOAL
5.06,-1.9937,-1.4367,0.6139,-2.1105,-1.2468,-1.9779,-1.4374,0.1456,GO_GOAL
5.08,-1.9901,-1.4342,0.6139,-2.1105,-1.2468,-1.9779,-1.4374,0.1429,GO_GOAL
5.1,-1.9865,-1.4316,0.6139,-2.1075,-1.2436,-1.9779,-1.4374,0.1402,GO_GOAL
5.12,-1.9829,-1.4291,0.6139,-2.1045,-1.2404,-1.9635,-1.4273,0.1376,GO_GOAL
5.14,-1.9793,-1.4265,0.6139,-2.1015,-1.2372,-1.9635,-1.4273,0.135,GO_GOAL
5.16,-1.9757,-1.424,0.6139,-2.0985,-1.234,-1.9635,-1.4273,0.1324,GO_GOAL
5.18,-1.9721,-1.4215,0.6139,-2.0925,-1.2275,-1.9635,-1.4273,0.1299,GO_GOAL
5.2,-1.9685,-1.4189,0.6139,-2.0925,-1.2275,-1.9635,-1.4273,0.1274,GO_GOAL
5.22,-1.9649,-1.4164,0.6139,-2.0895,-1.2243,-1.9419,-1.4121,0.1249,GO_GOAL
5.24,-1.9613,-1.4139,0.6139,-2.0865,-1.2211,-1.9419,-1.4121,0.1225,GO_GOAL
5.26,-1.9577,-1.4113,0.6139,-2.0835,-1.2179,-1.9419,-1.4121,0.1201,GO_GOAL
5.28,-1.9541,-1.4088,0.6139,-2.0805,-1.2146,-1.9419,-1.4121,0.1177,GO_GOAL
5.3,-1.9505,-1.4063,0.6139,-2.0745,-1.2082,-1.9419,-1.4121,0.1153,GO_GOAL
5.32,-1.9469,-1.4037,0.6139,-2.0745,-1.2082,-1.9275,-1.402,0.113,GO_GOAL
5.34,-1.9433,-1.4012,0.6139,-2.0685,-1.2018,-1.9275,-1.402,0.1107,GO_GOAL
5.36,-1.9397,-1.3987,0.6139,-2.0685,-1.2018,-1.9275,-1.402,0.1085,GO_GOAL
5.38,-1.9361,-1.3961,0.6139,-2.0655,-1.1985,-1.9275,-1.402,0.1063,GO_GOAL
5.4,-1.9325,-1.3936,0.6139,-2.0625,-1.1953,-1.9275,-1.402,0.1041,GO_GOAL
5.42,-1.929,-1.3911,0.6139,-2.0595,-1.1921,-1.9096,-1.3893,0.102,GO_GOAL
5.44,-1.9254,-1.3885,0.6139,-2.0565,-1.1889,-1.9096,-1.3893,0.0999,GO_GOAL
5.46,-1.9218,-1.386,0.6139,-2.0535,-1.1857,-1.9096,-1.3893,0.0978,GO_GOAL
5.48,-1.9182,-1.3835,0.6139,-2.0475,-1.1792,-1.9096,-1.3893,0.0958,GO_GOAL
5.5,-1.9146,-1.381,0.6139,-2.0475,-1.1792,-1.9096,-1.3893,0.0938,GO_GOAL
5.52,-1.9111,-1.3785,0.6139,-2.0415,-1.1728,-1.8916,-1.3766,0.0918,GO_GOAL
5.54,-1.9075,-1.376,0.6139,-2.0385,-1.1696,-1.8916,-1.3766,0.0899,GO_GOAL
5.56,-1.904,-1.3735,0.6139,-2.0385,-1.1696,-1.8916,-1.3766,0.0881,GO_GOAL
5.58,-1.9004,-1.3709,0.6139,-2.0325,-1.1631,-1.8916,-1.3766,0.0862,GO_GOAL
5.6,-1.8968,-1.3684,0.6139,-2.0325,-1.1631,-1.8916,-1.3766,0.0844,GO_GOAL
5.62,-1.8932,-1.3659,0.6139,-2.0265,-1.1567,-1.8736,-1.3639,0.0827,GO_GOAL
5.64,-1.8896,-1.3633,0.6139,-2.0235,-1.1535,-1.8736,-1.3639,0.0809,GO_GOAL
5.66,-1.886,-1.3608,0.6139,-2.0235,-1.1535,-1.8736,-1.3639,0.0793,GO_GOAL
5.68,-1.8824,-1.3582,0.6139,-2.0205,-1.1502,-1.8736,-1.3639,0.0776,GO_GOAL
5.7,-1.8788,-1.3557,0.6139,-2.0175,-1.147,-1.8736,-1.3639,0.076,GO_GOAL
5.72,-1.8752,-1.3532,0.6139,-2.0145,-1.1438,-1.8556,-1.3513,0.0745,GO_GOAL
5.74,-1.8716,-1.3506,0.6139,-2.0085,-1.1374,-1.8556,-1.3513,0.073,GO_GOAL
5.76,-1.868,-1.3481,0.6139,-2.0085,-1.1374,-1.8556,-1.3513,0.0715,GO_GOAL
5.78,-1.8644,-1.3456,0.6139,-2.0055,-1.1341,-1.8556,-1.3513,0.0701,GO_GOAL
5.8,-1.8608,-1.343,0.6139,-2.0025,-1.1309,-1.8556,-1.3513,0.0687,GO_GOAL
5.82,-1.8572,-1.3405,0.6139,-1.9995,-1.1277,-1.8376,-1.3386,0.0674,GO_GOAL
5.84,-1.8536,-1.338,0.6139,-1.9965,-1.1245,-1.8376,-1.3386,0.0661,GO_GOAL
5.86,-1.85,-1.3354,0.6139,-1.9935,-1.1213,-1.8376,-1.3386,0.0649,GO_GOAL
5.88,-1.8464,-1.3329,0.6139,-1.9875,-1.1148,-1.8376,-1.3386,0.0637,GO_GOAL
5.9,-1.8428,-1.3304,0.6139,-1.9875,-1.1148,-1.8376,-1.3386,0.0626,GO_GOAL
5.92,-1.8392,-1.3278,0.6139,-1.9845,-1.1116,-1.8196,-1.3259,0.0615,GO_GOAL
5.94,-1.8356,-1.3253,0.6139,-1.9815,-1.1084,-1.8196,-1.3259,0.0605,GO_GOAL
5.96,-1.8321,-1.3228,0.6139,-1.9786,-1.1052,-1.8196,-1.3259,0.0595,GO_GOAL
5.98,-1.8285,-1.3203,0.6139,-1.9756,-1.1019,-1.8196,-1.3259,0.0586,GO_GOAL
6.0,-1.8249,-1.3177,0.6139,-1.9726,-1.0987,-1.8196,-1.3259,0.0577,GO_GOAL
6.02,-1.8213,-1.3152,0.6139,-1.9696,-1.0955,-1.8017,-1.3132,0.0569,GO_GOAL
6.04,-1.8178,-1.3127,0.6139,-1.9666,-1.0923,-1.8017,-1.3132,0.0561,GO_GOAL
6.06,-1.8142,-1.3102,0.6139,-1.9606,-1.0858,-1.8017,-1.3132,0.0554,GO_GOAL
6.08,-1.8107,-1.3077,0.6139,-1.9606,-1.0858,-1.8017,-1.3132,0.0547,GO_GOAL
6.1,-1.8071,-1.3052,0.6139,-1.9576,-1.0826,-1.8017,-1.3132,0.0541,GO_GOAL
6.12,-1.8035,-1.3026,0.6139,-1.9546,-1.0794,-1.7837,-1.3006,0.0535,GO_GOAL
6.14,-1.7999,-1.3001,0.6139,-1.9516,-1.0762,-1.7837,-1.3006,0.0529,GO_GOAL
6.16,-1.7963,-1.2976,0.6139,-1.9486,-1.073,-1.7837,-1.3006,0.0525,GO_GOAL
6.18,-1.7927,-1.295,0.6139,-1.9456,-1.0697,-1.7837,-1.3006,0.0521,GO_GOAL
6.2,-1.7891,-1.2925,0.6139,-1.9426,-1.0665,-1.7837,-1.3006,0.0517,GO_GOAL
6.22,-1.7855,-1.2899,0.6139,-1.9396,-1.0633,-1.7657,-1.2879,0.0514,GO_GOAL
6.24,-1.7819,-1.2874,0.6139,-1.9336,-1.0569,-1.7657,-1.2879,0.0511,GO_GOAL
6.26,-1.7783,-1.2849,0.6139,-1.9336,-1.0569,-1.7657,-1.2879,0.0509,GO_GOAL
6.28,-1.7747,-1.2823,0.6139,-1.9306,-1.0536,-1.7657,-1.2879,0.0507,GO_GOAL
6.3,-1.7711,-1.2798,0.6139,-1.9276,-1.0504,-1.7657,-1.2879,0.0506,GO_GOAL
6.32,-1.7675,-1.2773,0.6139,-1.9246,-1.0472,-1.7477,-1.2752,0.0506,GO_GOAL
6.34,-1.7639,-1.2747,0.6139,-1.9216,-1.044,-1.7477,-1.2752,0.0506,GO_GOAL
6.36,-1.7603,-1.2722,0.6139,-1.9186,-1.0408,-1.7477,-1.2752,0.0507,GO_GOAL
6.38,-1.7567,-1.2697,0.6139,-1.9156,-1.0375,-1.7477,-1.2752,0.0508,GO_GOAL
6.4,-1.7531,-1.2671,0.6139,-1.9096,-1.0311,-1.7477,-1.2752,0.0509,GO_GOAL
6.42,-1.7495,-1.2646,0.6139,-1.9096,-1.0311,-1.7297,-1.2626,0.0512,GO_GOAL
6.44,-1.7459,-1.2621,0.6139,-1.9066,-1.0279,-1.7297,-1.2626,0.0514,GO_GOAL
6.46,-1.7423,-1.2596,0.6139,-1.9036,-1.0247,-1.7297,-1.2626,0.0518,GO_GOAL
6.48,-1.7388,-1.257,0.6139,-1.9006,-1.0214,-1.7297,-1.2626,0.0521,GO_GOAL
6.5,-1.7352,-1.2545,0.6139,-1.8976,-1.0182,-1.7297,-1.2626,0.0526,GO_GOAL
6.52,-1.7316,-1.252,0.6139,-1.8946,-1.015,-1.7081,-1.2473,0.0531,GO_GOAL
6.54,-1.7281,-1.2495,0.6139,-1.8916,-1.0118,-1.7081,-1.2473,0.0536,GO_GOAL
6.56,-1.7245,-1.247,0.6139,-1.8886,-1.0086,-1.7081,-1.2473,0.0542,GO_GOAL
6.58,-1.7209,-1.2445,0.6139,-1.8856,-1.0053,-1.7081,-1.2473,0.0548,GO_GOAL
6.6,-1.7173,-1.2419,0.6139,-1.8826,-1.0021,-1.7081,-1.2473,0.0555,GO_GOAL
6.62,-1.7137,-1.2394,0.6139,-1.8796,-0.9989,-1.6938,-1.2372,0.0563,GO_GOAL
6.64,-1.7101,-1.2368,0.6139,-1.8766,-0.9957,-1.6938,-1.2372,0.057,GO_GOAL
6.66,-1.7065,-1.2343,0.6139,-1.8706,-0.9892,-1.6938,-1.2372,0.0579,GO_GOAL
6.68,-1.7029,-1.2318,0.6139,-1.8676,-0.986,-1.6938,-1.2372,0.0588,GO_GOAL
6.7,-1.6993,-1.2292,0.6139,-1.8676,-0.986,-1.6938,-1.2372,0.0597,GO_GOAL
6.72,-1.6957,-1.2267,0.6139,-1.8646,-0.9828,-1.6758,-1.2245,0.0607,GO_GOAL
6.74,-1.6921,-1.2242,0.6139,-1.8616,-0.9796,-1.6758,-1.2245,0.0618,GO_GOAL
6.76,-1.6885,-1.2216,0.6139,-1.8586,-0.9764,-1.6758,-1.2245,0.0629,GO_GOAL
6.78,-1.6849,-1.2191,0.6139,-1.8556,-0.9731,-1.6758,-1.2245,0.064,GO_GOAL
6.8,-1.6813,-1.2166,0.6139,-1.8526,-0.9699,-1.6758,-1.2245,0.0652,GO_GOAL
6.82,-1.6777,-1.214,0.6139,-1.8496,-0.9667,-1.6578,-1.2119,0.0665,GO_GOAL
6.84,-1.6741,-1.2115,0.6139,-1.8466,-0.9635,-1.6578,-1.2119,0.0677,GO_GOAL
6.86,-1.6705,-1.209,0.6139,-1.8436,-0.9603,-1.6578,-1.2119,0.0691,GO_GOAL
6.88,-1.667,-1.2064,0.6139,-1.8406,-0.957,-1.6578,-1.2119,0.0705,GO_GOAL
6.9,-1.6634,-1.2039,0.6139,-1.8376,-0.9538,-1.6578,-1.2119,0.0719,GO_GOAL
6.92,-1.6598,-1.2014,0.6139,-1.8346,-0.9506,-1.6398,-1.1992,0.0733,GO_GOAL
6.94,-1.6562,-1.1989,0.6139,-1.8316,-0.9474,-1.6398,-1.1992,0.0749,GO_GOAL
6.96,-1.6526,-1.1963,0.6139,-1.8286,-0.9442,-1.6398,-1.1992,0.0764,GO_GOAL
6.98,-1.649,-1.1938,0.6139,-1.8256,-0.9409,-1.6398,-1.1992,0.078,GO_GOAL
7.0,-1.6455,-1.1913,0.6139,-1.8226,-0.9377,-1.6398,-1.1992,0.0796,GO_GOAL
7.02,-1.6419,-1.1888,0.6139,-1.8196,-0.9345,-1.6182,-1.184,0.0813,GO_GOAL
7.04,-1.6384,-1.1863,0.6139,-1.8136,-0.9281,-1.6182,-1.184,0.083,GO_GOAL
7.06,-1.6348,-1.1838,0.6139,-1.8136,-0.9281,-1.6182,-1.184,0.0848,GO_GOAL
7.08,-1.6312,-1.1812,0.6139,-1.8106,-0.9248,-1.6182,-1.184,0.0866,GO_GOAL
7.1,-1.6276,-1.1787,0.6139,-1.8076,-0.9216,-1.6182,-1.184,0.0885,GO_GOAL
7.12,-1.624,-1.1761,0.6139,-1.8046,-0.9184,-1.6038,-1.1738,0.0903,GO_GOAL
7.14,-1.6204,-1.1736,0.6139,-1.8016,-0.9152,-1.6038,-1.1738,0.0923,GO_GOAL
7.16,-1.6168,-1.1711,0.6139,-1.7986,-0.912,-1.6038,-1.1738,0.0943,GO_GOAL
7.18,-1.6132,-1.1685,0.6139,-1.7926,-0.9055,-1.6038,-1.1738,0.0963,GO_GOAL
7.2,-1.6096,-1.166,0.6139,-1.7926,-0.9055,-1.6038,-1.1738,0.0983,GO_GOAL
7.22,-1.606,-1.1635,0.6139,-1.7896,-0.9023,-1.5859,-1.1612,0.1004,GO_GOAL
7.24,-1.6024,-1.1609,0.6139,-1.7866,-0.8991,-1.5859,-1.1612,0.1025,GO_GOAL
7.26,-1.5988,-1.1584,0.6139,-1.7836,-0.8959,-1.5859,-1.1612,0.1047,GO_GOAL
7.28,-1.5952,-1.1559,0.6139,-1.7806,-0.8926,-1.5859,-1.1612,0.1069,GO_GOAL
7.3,-1.5916,-1.1533,0.6139,-1.7776,-0.8894,-1.5859,-1.1612,0.1091,GO_GOAL
7.32,-1.588,-1.1508,0.6139,-1.7746,-0.8862,-1.5643,-1.146,0.1113,GO_GOAL
7.34,-1.5844,-1.1483,0.6139,-1.7687,-0.8798,-1.5643,-1.146,0.1136,GO_GOAL
7.36,-1.5808,-1.1457,0.6139,-1.7687,-0.8798,-1.5643,-1.146,0.1159,GO_GOAL
7.38,-1.5772,-1.1432,0.6139,-1.7657,-0.8765,-1.5643,-1.146,0.1183,GO_GOAL
7.4,-1.5736,-1.1407,0.6139,-1.7597,-0.8701,-1.5643,-1.146,0.1207,GO_GOAL
7.42,-1.57,-1.1382,0.6139,-1.7597,-0.8701,-1.5499,-1.1358,0.1231,GO_GOAL
7.44,-1.5665,-1.1356,0.6139,-1.7567,-0.8669,-1.5499,-1.1358,0.1255,GO_GOAL
7.46,-1.5629,-1.1331,0.6139,-1.7537,-0.8637,-1.5499,-1.1358,0.128,GO_GOAL
7.48,-1.5593,-1.1306,0.6139,-1.7507,-0.8604,-1.5499,-1.1358,0.1305,GO_GOAL
7.5,-1.5558,-1.1281,0.6139,-1.7447,-0.854,-1.5499,-1.1358,0.133,GO_GOAL
7.52,-1.5522,-1.1256,0.6139,-1.7417,-0.8508,-1.5283,-1.1206,0.1356,GO_GOAL
7.54,-1.5486,-1.123,0.6139,-1.7387,-0.8476,-1.5283,-1.1206,0.1382,GO_GOAL
7.56,-1.545,-1.1205,0.6139,-1.7387,-0.8476,-1.5283,-1.1206,0.1408,GO_GOAL
7.58,-1.5414,-1.118,0.6139,-1.7357,-0.8443,-1.5283,-1.1206,0.1434,GO_GOAL
7.6,-1.5378,-1.1154,0.6139,-1.7327,-0.8411,-1.5283,-1.1206,0.1461,GO_GOAL
7.62,-1.5342,-1.1129,0.6139,-1.7267,-0.8347,-1.5139,-1.1105,0.1488,GO_GOAL
7.64,-1.5306,-1.1103,0.6139,-1.7267,-0.8347,-1.5139,-1.1105,0.1516,GO_GOAL
7.66,-1.527,-1.1078,0.6139,-1.7237,-0.8315,-1.5139,-1.1105,0.1543,GO_GOAL
7.68,-1.5234,-1.1053,0.6139,-1.7177,-0.825,-1.5139,-1.1105,0.1571,GO_GOAL
7.7,-1.5198,-1.1027,0.6139,-1.7177,-0.825,-1.5139,-1.1105,0.1599,GO_GOAL
7.72,-1.5162,-1.1002,0.6139,-1.7117,-0.8186,-1.4959,-1.0978,0.1628,GO_GOAL
7.74,-1.5126,-1.0977,0.6139,-1.7117,-0.8186,-1.4959,-1.0978,0.1656,GO_GOAL
7.76,-1.509,-1.0951,0.6139,-1.7087,-0.8154,-1.4959,-1.0978,0.1685,GO_GOAL
7.78,-1.5054,-1.0926,0.6139,-1.7057,-0.8121,-1.4959,-1.0978,0.1714,GO_GOAL
7.8,-1.5018,-1.0901,0.6139,-1.7027,-0.8089,-1.4959,-1.0978,0.1743,GO_GOAL
7.82,-1.4982,-1.0876,0.6139,-1.6997,-0.8057,-1.478,-1.0851,0.1773,GO_GOAL
7.84,-1.4947,-1.085,0.6139,-1.6967,-0.8025,-1.478,-1.0851,0.1802,GO_GOAL
7.86,-1.4911,-1.0825,0.6139,-1.6937,-0.7993,-1.478,-1.0851,0.1832,GO_GOAL
7.88,-1.4875,-1.08,0.6139,-1.6907,-0.796,-1.478,-1.0851,0.1862,GO_GOAL
7.9,-1.4839,-1.0775,0.6139,-1.6877,-0.7928,-1.478,-1.0851,0.1892,GO_GOAL
7.92,-1.4804,-1.075,0.6139,-1.6847,-0.7896,-1.46,-1.0725,0.1922,GO_GOAL
7.94,-1.4768,-1.0724,0.6139,-1.6817,-0.7864,-1.46,-1.0725,0.1953,GO_GOAL
7.96,-1.4732,-1.0699,0.6139,-1.6787,-0.7832,-1.46,-1.0725,0.1984,GO_GOAL
7.98,-1.4696,-1.0674,0.6139,-1.6757,-0.7799,-1.46,-1.0725,0.2015,GO_GOAL
8.0,-1.466,-1.0648,0.6138,-1.6697,-0.7735,-1.442,-1.0598,0.2046,GO_GOAL
8.02,-1.4624,-1.0623,0.6138,-1.6697,-0.7735,-1.442,-1.0598,0.2078,GO_GOAL
8.038,-1.4588,-1.0598,0.6138,-1.6667,-0.7703,-1.442,-1.0598,0.2109,GO_GOAL
8.06,-1.4552,-1.0572,0.6138,-1.6637,-0.7671,-1.442,-1.0598,0.2141,GO_GOAL
8.08,-1.4516,-1.0547,0.6138,-1.6607,-0.7638,-1.442,-1.0598,0.2173,GO_GOAL
8.1,-1.448,-1.0522,0.6138,-1.6577,-0.7606,-1.442,-1.0598,0.2205,GO_GOAL
8.12,-1.4444,-1.0496,0.6138,-1.6547,-0.7574,-1.424,-1.0471,0.2238,GO_GOAL
8.14,-1.4408,-1.0471,0.6138,-1.6517,-0.7542,-1.424,-1.0471,0.227,GO_GOAL
8.16,-1.4372,-1.0446,0.6138,-1.6487,-0.751,-1.424,-1.0471,0.2303,GO_GOAL
8.18,-1.4336,-1.042,0.6138,-1.6457,-0.7477,-1.424,-1.0471,0.2336,GO_GOAL
8.2,-1.43,-1.0395,0.6138,-1.6427,-0.7445,-1.406,-1.0344,0.2369,GO_GOAL
8.22,-1.4264,-1.037,0.6138,-1.6367,-0.7381,-1.406,-1.0344,0.2402,GO_GOAL
8.24,-1.4229,-1.0344,0.6138,-1.6367,-0.7381,-1.406,-1.0344,0.2435,GO_GOAL
8.26,-1.4193,-1.0319,0.6138,-1.6337,-0.7349,-1.406,-1.0344,0.2469,GO_GOAL
8.28,-1.4157,-1.0294,0.6138,-1.6277,-0.7284,-1.406,-1.0344,0.2502,GO_GOAL
8.3,-1.4121,-1.0268,0.6138,-1.6277,-0.7284,-1.406,-1.0344,0.2536,GO_GOAL
8.32,-1.4085,-1.0243,0.6138,-1.6247,-0.7252,-1.388,-1.0218,0.2569,GO_GOAL
8.34,-1.405,-1.0218,0.6138,-1.6217,-0.722,-1.388,-1.0218,0.2603,GO_GOAL
8.36,-1.4014,-1.0193,0.6138,-1.6187,-0.7188,-1.388,-1.0218,0.2637,GO_GOAL
8.38,-1.3978,-1.0168,0.6138,-1.6157,-0.7155,-1.388,-1.0218,0.2671,GO_GOAL
8.4,-1.3942,-1.0142,0.6138,-1.6127,-0.7123,-1.388,-1.0218,0.2705,GO_GOAL
8.42,-1.3906,-1.0117,0.6138,-1.6097,-0.7091,-1.3701,-1.0091,0.274,GO_GOAL
8.44,-1.387,-1.0092,0.6138,-1.6067,-0.7059,-1.3701,-1.0091,0.2775,GO_GOAL
8.46,-1.3834,-1.0066,0.6138,-1.6007,-0.6994,-1.3701,-1.0091,0.281,GO_GOAL
8.48,-1.3798,-1.0041,0.6138,-1.6007,-0.6994,-1.3701,-1.0091,0.2845,GO_GOAL
8.5,-1.3762,-1.0016,0.6138,-1.5977,-0.6962,-1.3701,-1.0091,0.288,GO_GOAL
8.52,-1.3726,-0.999,0.6138,-1.5947,-0.693,-1.3485,-0.9939,0.2915,GO_GOAL
8.54,-1.369,-0.9965,0.6138,-1.5917,-0.6898,-1.3485,-0.9939,0.295,GO_GOAL
8.56,-1.3654,-0.994,0.6138,-1.5887,-0.6866,-1.3485,-0.9939,0.2985,GO_GOAL
8.58,-1.3618,-0.9914,0.6138,-1.5857,-0.6833,-1.3485,-0.9939,0.3021,GO_GOAL
8.6,-1.3582,-0.9889,0.6138,-1.5827,-0.6801,-1.3485,-0.9939,0.3056,GO_GOAL
8.62,-1.3546,-0.9864,0.6138,-1.5797,-0.6769,-1.3341,-0.9837,0.3092,GO_GOAL
8.64,-1.3511,-0.9838,0.6138,-1.5767,-0.6737,-1.3341,-0.9837,0.3128,GO_GOAL
8.66,-1.3475,-0.9813,0.6138,-1.5737,-0.6705,-1.3341,-0.9837,0.3164,GO_GOAL
8.68,-1.3439,-0.9788,0.6138,-1.5707,-0.6672,-1.3341,-0.9837,0.32,GO_GOAL
8.7,-1.3403,-0.9762,0.6138,-1.5677,-0.664,-1.3341,-0.9837,0.3236,GO_GOAL
8.72,-1.3367,-0.9737,0.6138,-1.5647,-0.6608,-1.3125,-0.9685,0.3272,GO_GOAL
8.74,-1.3331,-0.9712,0.6138,-1.5588,-0.6544,-1.3125,-0.9685,0.3308,GO_GOAL
8.76,-1.3296,-0.9687,0.6138,-1.5588,-0.6544,-1.3125,-0.9685,0.3344,GO_GOAL
8.78,-1.326,-0.9662,0.6138,-1.5558,-0.6511,-1.3125,-0.9685,0.338,GO_GOAL
8.8,-1.3224,-0.9636,0.6138,-1.5528,-0.6479,-1.3125,-0.9685,0.3417,GO_GOAL
8.82,-1.3188,-0.9611,0.6138,-1.5468,-0.6415,-1.2981,-0.9584,0.3454,GO_GOAL
8.84,-1.3152,-0.9586,0.6138,-1.5438,-0.6383,-1.2981,-0.9584,0.349,GO_GOAL
8.86,-1.3116,-0.956,0.6138,-1.5438,-0.6383,-1.2981,-0.9584,0.3527,GO_GOAL
8.88,-1.308,-0.9535,0.6138,-1.5408,-0.635,-1.2981,-0.9584,0.3564,GO_GOAL
8.9,-1.3044,-0.951,0.6138,-1.5378,-0.6318,-1.2981,-0.9584,0.3601,GO_GOAL
8.92,-1.3008,-0.9484,0.6138,-1.5348,-0.6286,-1.2801,-0.9457,0.3638,GO_GOAL
8.94,-1.2972,-0.9459,0.6138,-1.5318,-0.6254,-1.2801,-0.9457,0.3676,GO_GOAL
8.96,-1.2936,-0.9434,0.6138,-1.5288,-0.6222,-1.2801,-0.9457,0.3713,GO_GOAL
8.98,-1.29,-0.9408,0.6138,-1.5258,-0.6189,-1.2801,-0.9457,0.375,GO_GOAL
9.0,-1.2864,-0.9383,0.6138,-1.5198,-0.6125,-1.2622,-0.9331,0.3788,GO_GOAL
9.02,-1.2828,-0.9358,0.6138,-1.5168,-0.6093,-1.2622,-0.9331,0.3825,GO_GOAL
9.04,-1.2792,-0.9332,0.6138,-1.5168,-0.6093,-1.2622,-0.9331,0.3863,GO_GOAL
9.06,-1.2757,-0.9307,0.6138,-1.5138,-0.6061,-1.2622,-0.9331,0.39,GO_GOAL
9.08,-1.2721,-0.9282,0.6138,-1.5108,-0.6028,-1.2622,-0.9331,0.3938,GO_GOAL
9.1,-1.2685,-0.9256,0.6138,-1.5078,-0.5996,-1.2622,-0.9331,0.3976,GO_GOAL
9.12,-1.2649,-0.9231,0.6138,-1.5048,-0.5964,-1.2442,-0.9204,0.4013,GO_GOAL
9.14,-1.2613,-0.9206,0.6138,-1.5018,-0.5932,-1.2442,-0.9204,0.4051,GO_GOAL
9.16,-1.2578,-0.9181,0.6138,-1.4958,-0.5867,-1.2442,-0.9204,0.4089,GO_GOAL
9.18,-1.2542,-0.9156,0.6138,-1.4928,-0.5835,-1.2442,-0.9204,0.4127,GO_GOAL
9.2,-1.2506,-0.913,0.6138,-1.4928,-0.5835,-1.2442,-0.9204,0.4165,GO_GOAL
9.22,-1.247,-0.9105,0.6138,-1.4898,-0.5803,-1.2262,-0.9077,0.4203,GO_GOAL
9.24,-1.2434,-0.908,0.6138,-1.4868,-0.5771,-1.2262,-0.9077,0.4242,GO_GOAL
9.26,-1.2398,-0.9054,0.6138,-1.4838,-0.5739,-1.2262,-0.9077,0.428,GO_GOAL
9.28,-1.2362,-0.9029,0.6138,-1.4808,-0.5706,-1.2262,-0.9077,0.4318,GO_GOAL
9.3,-1.2326,-0.9004,0.6138,-1.4778,-0.5674,-1.2262,-0.9077,0.4357,GO_GOAL
9.32,-1.229,-0.8978,0.6138,-1.4748,-0.5642,-1.2082,-0.895,0.4395,GO_GOAL
9.34,-1.2254,-0.8953,0.6138,-1.4718,-0.561,-1.2082,-0.895,0.4434,GO_GOAL
9.36,-1.2218,-0.8927,0.6138,-1.4688,-0.5578,-1.2082,-0.895,0.4432,GO_GOAL
9.38,-1.2182,-0.8902,0.6138,-1.4658,-0.5545,-1.2082,-0.895,0.4396,GO_GOAL
9.4,-1.2146,-0.8877,0.6138,-1.4628,-0.5513,-1.2082,-0.895,0.436,GO_GOAL
9.42,-1.211,-0.8852,0.6138,-1.4598,-0.5481,-1.1902,-0.8824,0.4325,GO_GOAL
9.44,-1.2074,-0.8826,0.6138,-1.4568,-0.5449,-1.1902,-0.8824,0.4289,GO_GOAL
9.46,-1.2038,-0.8801,0.6138,-1.4538,-0.5417,-1.1902,-0.8824,0.4254,GO_GOAL
9.48,-1.2002,-0.8776,0.6138,-1.4508,-0.5384,-1.1902,-0.8824,0.4219,GO_GOAL
9.5,-1.1967,-0.875,0.6138,-1.4478,-0.5352,-1.1902,-0.8824,0.4184,GO_GOAL
9.52,-1.1931,-0.8725,0.6138,-1.4448,-0.532,-1.1686,-0.8672,0.4149,GO_GOAL
9.54,-1.1895,-0.87,0.6138,-1.4418,-0.5288,-1.1686,-0.8672,0.4114,GO_GOAL
9.56,-1.186,-0.8675,0.6138,-1.4388,-0.5256,-1.1686,-0.8672,0.408,GO_GOAL
9.58,-1.1824,-0.865,0.6138,-1.4358,-0.5223,-1.1686,-0.8672,0.4045,GO_GOAL
9.6,-1.1788,-0.8624,0.6138,-1.4328,-0.5191,-1.1686,-0.8672,0.401,GO_GOAL
9.62,-1.1752,-0.8599,0.6138,-1.4298,-0.5159,-1.1543,-0.857,0.3976,GO_GOAL
9.64,-1.1716,-0.8573,0.6138,-1.4268,-0.5127,-1.1543,-0.857,0.3941,GO_GOAL
9.66,-1.168,-0.8548,0.6138,-1.4238,-0.5095,-1.1543,-0.857,0.3907,GO_GOAL
9.68,-1.1644,-0.8523,0.6138,-1.4208,-0.5062,-1.1543,-0.857,0.3872,GO_GOAL
9.7,-1.1608,-0.8497,0.6138,-1.4178,-0.503,-1.1543,-0.857,0.3838,GO_GOAL
9.72,-1.1572,-0.8472,0.6138,-1.4148,-0.4998,-1.1363,-0.8443,0.3804,GO_GOAL
9.74,-1.1536,-0.8447,0.6138,-1.4088,-0.4934,-1.1363,-0.8443,0.377,GO_GOAL
9.76,-1.15,-0.8421,0.6138,-1.4088,-0.4934,-1.1363,-0.8443,0.3737,GO_GOAL
9.78,-1.1464,-0.8396,0.6138,-1.4058,-0.4901,-1.1363,-0.8443,0.3703,GO_GOAL
9.8,-1.1428,-0.8371,0.6138,-1.4028,-0.4869,-1.1363,-0.8443,0.3669,GO_GOAL
9.82,-1.1392,-0.8345,0.6138,-1.3998,-0.4837,-1.1183,-0.8317,0.3636,GO_GOAL
9.84,-1.1356,-0.832,0.6138,-1.3938,-0.4773,-1.1183,-0.8317,0.3603,GO_GOAL
9.86,-1.132,-0.8295,0.6138,-1.3938,-0.4773,-1.1183,-0.8317,0.3569,GO_GOAL
9.88,-1.1284,-0.827,0.6138,-1.3908,-0.474,-1.1183,-0.8317,0.3537,GO_GOAL
9.9,-1.1249,-0.8244,0.6138,-1.3878,-0.4708,-1.1183,-0.8317,0.3504,GO_GOAL
9.92,-1.1213,-0.8219,0.6138,-1.3848,-0.4676,-1.1003,-0.819,0.3471,GO_GOAL
9.94,-1.1177,-0.8194,0.6138,-1.3818,-0.4644,-1.1003,-0.819,0.3439,GO_GOAL
9.96,-1.1141,-0.8169,0.6138,-1.3788,-0.4612,-1.1003,-0.819,0.3406,GO_GOAL
9.98,-1.1105,-0.8143,0.6138,-1.3728,-0.4547,-1.1003,-0.819,0.3374,GO_GOAL
10.0,-1.1069,-0.8118,0.6138,-1.3728,-0.4547,-1.1003,-0.819,0.3341,GO_GOAL
10.02,-1.1033,-0.8093,0.6138,-1.3698,-0.4515,-1.0823,-0.8063,0.3309,GO_GOAL
10.04,-1.0997,-0.8067,0.6138,-1.3668,-0.4483,-1.0823,-0.8063,0.3277,GO_GOAL
10.06,-1.0961,-0.8042,0.6138,-1.3638,-0.4451,-1.0823,-0.8063,0.3245,GO_GOAL
10.08,-1.0925,-0.8017,0.6138,-1.3608,-0.4418,-1.0823,-0.8063,0.3213,GO_GOAL
10.1,-1.0889,-0.7991,0.6138,-1.3578,-0.4386,-1.0823,-0.8063,0.3182,GO_GOAL
10.12,-1.0853,-0.7966,0.6138,-1.3548,-0.4354,-1.0643,-0.7937,0.315,GO_GOAL
10.14,-1.0817,-0.7941,0.6138,-1.3518,-0.4322,-1.0643,-0.7937,0.3119,GO_GOAL
10.16,-1.0782,-0.7915,0.6138,-1.3459,-0.4257,-1.0643,-0.7937,0.3088,GO_GOAL
10.18,-1.0746,-0.789,0.6138,-1.3459,-0.4257,-1.0643,-0.7937,0.3057,GO_GOAL
10.2,-1.071,-0.7865,0.6138,-1.3429,-0.4225,-1.0643,-0.7937,0.3026,GO_GOAL
10.22,-1.0674,-0.7839,0.6138,-1.3399,-0.4193,-1.0464,-0.781,0.2996,GO_GOAL
10.24,-1.0638,-0.7814,0.6138,-1.3339,-0.4129,-1.0464,-0.781,0.2966,GO_GOAL
10.26,-1.0602,-0.7789,0.6138,-1.3309,-0.4096,-1.0464,-0.781,0.2936,GO_GOAL
10.28,-1.0567,-0.7764,0.6138,-1.3279,-0.4064,-1.0464,-0.781,0.2906,GO_GOAL
10.3,-1.0531,-0.7739,0.6138,-1.3279,-0.4064,-1.0464,-0.781,0.2876,GO_GOAL
10.32,-1.0495,-0.7713,0.6138,-1.3249,-0.4032,-1.0284,-0.7683,0.2846,GO_GOAL
10.34,-1.0459,-0.7688,0.6138,-1.3219,-0.4,-1.0284,-0.7683,0.2816,GO_GOAL
10.36,-1.0423,-0.7662,0.6138,-1.3159,-0.3935,-1.0284,-0.7683,0.2787,GO_GOAL
10.38,-1.0387,-0.7637,0.6138,-1.3159,-0.3935,-1.0284,-0.7683,0.2757,GO_GOAL
10.4,-1.0351,-0.7612,0.6138,-1.3129,-0.3903,-1.0284,-0.7683,0.2728,GO_GOAL
10.42,-1.0315,-0.7586,0.6138,-1.3099,-0.3871,-1.0104,-0.7556,0.2699,GO_GOAL
10.44,-1.0279,-0.7561,0.6138,-1.3069,-0.3839,-1.0104,-0.7556,0.2671,GO_GOAL
10.46,-1.0243,-0.7536,0.6138,-1.3039,-0.3807,-1.0104,-0.7556,0.2642,GO_GOAL
10.48,-1.0207,-0.751,0.6138,-1.3009,-0.3774,-1.0104,-0.7556,0.2614,GO_GOAL
10.5,-1.0171,-0.7485,0.6138,-1.2979,-0.3742,-1.0104,-0.7556,0.2586,GO_GOAL
10.52,-1.0135,-0.746,0.6138,-1.2949,-0.371,-0.9924,-0.743,0.2558,GO_GOAL
10.54,-1.0099,-0.7434,0.6138,-1.2919,-0.3678,-0.9924,-0.743,0.253,GO_GOAL
10.56,-1.0063,-0.7409,0.6138,-1.2889,-0.3646,-0.9924,-0.743,0.2503,GO_GOAL
10.58,-1.0028,-0.7384,0.6138,-1.2859,-0.3613,-0.9924,-0.743,0.2476,GO_GOAL
10.6,-0.9992,-0.7359,0.6138,-1.2799,-0.3549,-0.9744,-0.7303,0.2449,GO_GOAL
10.62,-0.9956,-0.7334,0.6138,-1.2769,-0.3517,-0.9744,-0.7303,0.2422,GO_GOAL
10.64,-0.992,-0.7308,0.6138,-1.2739,-0.3485,-0.9744,-0.7303,0.2396,GO_GOAL
10.66,-0.9884,-0.7283,0.6138,-1.2739,-0.3485,-0.9744,-0.7303,0.2369,GO_GOAL
10.68,-0.9848,-0.7258,0.6138,-1.2679,-0.342,-0.9744,-0.7303,0.2343,GO_GOAL
10.7,-0.9812,-0.7232,0.6138,-1.2679,-0.342,-0.9744,-0.7303,0.2317,GO_GOAL
10.72,-0.9776,-0.7207,0.6138,-1.2649,-0.3388,-0.9564,-0.7176,0.2291,GO_GOAL
10.74,-0.974,-0.7181,0.6138,-1.2619,-0.3356,-0.9564,-0.7176,0.2266,GO_GOAL
10.76,-0.9704,-0.7156,0.6138,-1.2589,-0.3324,-0.9564,-0.7176,0.2241,GO_GOAL
10.78,-0.9668,-0.7131,0.6138,-1.2559,-0.3291,-0.9564,-0.7176,0.2216,GO_GOAL
10.8,-0.9632,-0.7105,0.6138,-1.2529,-0.3259,-0.9564,-0.7176,0.2191,GO_GOAL
10.82,-0.9596,-0.708,0.6138,-1.2499,-0.3227,-0.9385,-0.7049,0.2166,GO_GOAL
10.84,-0.956,-0.7055,0.6138,-1.2469,-0.3195,-0.9385,-0.7049,0.2142,GO_GOAL
10.86,-0.9525,-0.7029,0.6138,-1.2409,-0.313,-0.9385,-0.7049,0.2118,GO_GOAL
10.88,-0.9489,-0.7004,0.6138,-1.2409,-0.313,-0.9385,-0.7049,0.2095,GO_GOAL
10.9,-0.9453,-0.6979,0.6138,-1.2379,-0.3098,-0.9385,-0.7049,0.2071,GO_GOAL
10.92,-0.9417,-0.6954,0.6138,-1.2349,-0.3066,-0.9205,-0.6923,0.2048,GO_GOAL
10.94,-0.9381,-0.6929,0.6138,-1.2319,-0.3034,-0.9205,-0.6923,0.2025,GO_GOAL
10.96,-0.9345,-0.6903,0.6138,-1.2289,-0.3002,-0.9205,-0.6923,0.2003,GO_GOAL
10.98,-0.9309,-0.6878,0.6138,-1.2259,-0.2969,-0.9205,-0.6923,0.198,GO_GOAL
11.0,-0.9273,-0.6853,0.6138,-1.2229,-0.2937,-0.9205,-0.6923,0.1958,GO_GOAL
11.02,-0.9237,-0.6827,0.6138,-1.2199,-0.2905,-0.9025,-0.6796,0.1937,GO_GOAL
11.04,-0.9201,-0.6802,0.6138,-1.2169,-0.2873,-0.9025,-0.6796,0.1915,GO_GOAL
11.06,-0.9166,-0.6777,0.6138,-1.2109,-0.2808,-0.9025,-0.6796,0.1894,GO_GOAL
11.08,-0.913,-0.6751,0.6138,-1.2109,-0.2808,-0.9025,-0.6796,0.1873,GO_GOAL
11.1,-0.9094,-0.6726,0.6138,-1.2079,-0.2776,-0.9025,-0.6796,0.1852,GO_GOAL
11.12,-0.9058,-0.67,0.6138,-1.2049,-0.2744,-0.8845,-0.6669,0.1832,GO_GOAL
11.14,-0.9022,-0.6675,0.6138,-1.2019,-0.2712,-0.8845,-0.6669,0.1812,GO_GOAL
11.16,-0.8986,-0.665,0.6138,-1.1959,-0.2647,-0.8845,-0.6669,0.1792,GO_GOAL
11.18,-0.895,-0.6625,0.6138,-1.1959,-0.2647,-0.8845,-0.6669,0.1773,GO_GOAL
11.2,-0.8914,-0.6599,0.6138,-1.1929,-0.2615,-0.8845,-0.6669,0.1754,GO_GOAL
11.22,-0.8878,-0.6574,0.6138,-1.1899,-0.2583,-0.8665,-0.6543,0.1735,GO_GOAL
11.24,-0.8842,-0.6549,0.6138,-1.1869,-0.2551,-0.8665,-0.6543,0.1717,GO_GOAL
11.26,-0.8807,-0.6524,0.6138,-1.1839,-0.2519,-0.8665,-0.6543,0.1699,GO_GOAL
11.28,-0.8771,-0.6498,0.6138,-1.1809,-0.2486,-0.8665,-0.6543,0.1682,GO_GOAL
11.3,-0.8735,-0.6473,0.6138,-1.1779,-0.2454,-0.8665,-0.6543,0.1664,GO_GOAL
11.32,-0.8699,-0.6448,0.6138,-1.1749,-0.2422,-0.8485,-0.6416,0.1647,GO_GOAL
11.34,-0.8663,-0.6422,0.6138,-1.1719,-0.239,-0.8485,-0.6416,0.163,GO_GOAL
11.36,-0.8627,-0.6397,0.6138,-1.1689,-0.2358,-0.8485,-0.6416,0.1614,GO_GOAL
11.38,-0.8591,-0.6371,0.6138,-1.1659,-0.2325,-0.8485,-0.6416,0.1598,GO_GOAL
11.4,-0.8555,-0.6346,0.6138,-1.1629,-0.2293,-0.8485,-0.6416,0.1583,GO_GOAL
11.42,-0.8519,-0.6321,0.6138,-1.1569,-0.2229,-0.8306,-0.6289,0.1567,GO_GOAL
11.44,-0.8483,-0.6295,0.6138,-1.1569,-0.2229,-0.8306,-0.6289,0.1552,GO_GOAL
11.46,-0.8447,-0.627,0.6138,-1.1539,-0.2197,-0.8306,-0.6289,0.1538,GO_GOAL
11.48,-0.8411,-0.6245,0.6138,-1.1509,-0.2164,-0.8306,-0.6289,0.1524,GO_GOAL
11.5,-0.8375,-0.622,0.6138,-1.1479,-0.2132,-0.8306,-0.6289,0.151,GO_GOAL
11.52,-0.8339,-0.6194,0.6138,-1.1449,-0.21,-0.8126,-0.6162,0.1497,GO_GOAL
11.54,-0.8304,-0.6169,0.6138,-1.1419,-0.2068,-0.8126,-0.6162,0.1484,GO_GOAL
11.56,-0.8268,-0.6144,0.6138,-1.1389,-0.2036,-0.8126,-0.6162,0.1471,GO_GOAL
11.58,-0.8232,-0.6118,0.6138,-1.1359,-0.2003,-0.8126,-0.6162,0.1459,GO_GOAL
11.6,-0.8196,-0.6093,0.6138,-1.1299,-0.1939,-0.8126,-0.6162,0.1447,GO_GOAL
11.62,-0.816,-0.6068,0.6138,-1.1299,-0.1939,-0.7946,-0.6036,0.1436,GO_GOAL
11.64,-0.8124,-0.6042,0.6138,-1.127,-0.1907,-0.7946,-0.6036,0.1425,GO_GOAL
11.66,-0.8088,-0.6017,0.6138,-1.124,-0.1875,-0.7946,-0.6036,0.1414,GO_GOAL
11.68,-0.8052,-0.5992,0.6138,-1.118,-0.181,-0.7946,-0.6036,0.1404,GO_GOAL
11.7,-0.8016,-0.5966,0.6138,-1.118,-0.181,-0.7946,-0.6036,0.1394,GO_GOAL
11.72,-0.798,-0.5941,0.6138,-1.115,-0.1778,-0.7766,-0.5909,0.1385,GO_GOAL
11.74,-0.7944,-0.5916,0.6138,-1.109,-0.1714,-0.7766,-0.5909,0.1376,GO_GOAL
11.76,-0.7908,-0.5891,0.6138,-1.109,-0.1714,-0.7766,-0.5909,0.1367,GO_GOAL
11.78,-0.7872,-0.5865,0.6138,-1.106,-0.1681,-0.7766,-0.5909,0.1359,GO_GOAL
11.8,-0.7837,-0.584,0.6138,-1.103,-0.1649,-0.7766,-0.5909,0.1351,GO_GOAL
11.82,-0.7801,-0.5815,0.6138,-1.097,-0.1585,-0.7586,-0.5782,0.1344,GO_GOAL
11.84,-0.7765,-0.5789,0.6138,-1.097,-0.1585,-0.7586,-0.5782,0.1337,GO_GOAL
11.86,-0.7729,-0.5764,0.6138,-1.094,-0.1553,-0.7586,-0.5782,0.133,GO_GOAL
11.88,-0.7693,-0.5739,0.6138,-1.091,-0.152,-0.7586,-0.5782,0.1324,GO_GOAL
11.9,-0.7657,-0.5713,0.6138,-1.088,-0.1488,-0.7586,-0.5782,0.1319,GO_GOAL
11.92,-0.7621,-0.5688,0.6138,-1.085,-0.1456,-0.7406,-0.5655,0.1314,GO_GOAL
11.94,-0.7585,-0.5663,0.6138,-1.082,-0.1424,-0.7406,-0.5655,0.1309,GO_GOAL
11.96,-0.7549,-0.5637,0.6138,-1.079,-0.1392,-0.7406,-0.5655,0.1304,GO_GOAL
11.98,-0.7513,-0.5612,0.6138,-1.073,-0.1327,-0.7406,-0.5655,0.1301,GO_GOAL
12.0,-0.7477,-0.5587,0.6138,-1.073,-0.1327,-0.7406,-0.5655,0.1297,GO_GOAL
12.02,-0.7441,-0.5561,0.6138,-1.07,-0.1295,-0.7227,-0.5529,0.1294,GO_GOAL
12.04,-0.7405,-0.5536,0.6138,-1.067,-0.1263,-0.7227,-0.5529,0.1292,GO_GOAL
12.06,-0.737,-0.5511,0.6138,-1.064,-0.1231,-0.7227,-0.5529,0.1289,GO_GOAL
12.08,-0.7334,-0.5486,0.6138,-1.061,-0.1198,-0.7227,-0.5529,0.1288,GO_GOAL
12.1,-0.7298,-0.546,0.6138,-1.058,-0.1166,-0.7227,-0.5529,0.1286,GO_GOAL
12.12,-0.7262,-0.5435,0.6138,-1.055,-0.1134,-0.7047,-0.5402,0.1286,GO_GOAL
12.14,-0.7226,-0.541,0.6138,-1.049,-0.107,-0.7047,-0.5402,0.1285,GO_GOAL
12.16,-0.719,-0.5384,0.6138,-1.049,-0.107,-0.7047,-0.5402,0.1285,GO_GOAL
12.18,-0.7154,-0.5359,0.6138,-1.043,-0.1005,-0.7047,-0.5402,0.1286,GO_GOAL
12.2,-0.7118,-0.5333,0.6138,-1.043,-0.1005,-0.7047,-0.5402,0.1287,GO_GOAL
12.22,-0.7082,-0.5308,0.6138,-1.04,-0.0973,-0.6867,-0.5275,0.1288,GO_GOAL
12.24,-0.7046,-0.5283,0.6138,-1.037,-0.0941,-0.6867,-0.5275,0.129,GO_GOAL
12.26,-0.701,-0.5258,0.6138,-1.034,-0.0909,-0.6867,-0.5275,0.1292,GO_GOAL
12.28,-0.6974,-0.5232,0.6138,-1.031,-0.0876,-0.6867,-0.5275,0.1295,GO_GOAL
12.3,-0.6938,-0.5207,0.6138,-1.028,-0.0844,-0.6867,-0.5275,0.1298,GO_GOAL
12.32,-0.6902,-0.5182,0.6138,-1.022,-0.078,-0.6687,-0.5149,0.1302,GO_GOAL
12.34,-0.6866,-0.5156,0.6138,-1.022,-0.078,-0.6687,-0.5149,0.1306,GO_GOAL
12.36,-0.683,-0.5131,0.6138,-1.019,-0.0748,-0.6687,-0.5149,0.131,GO_GOAL
12.38,-0.6794,-0.5106,0.6138,-1.016,-0.0715,-0.6687,-0.5149,0.1315,GO_GOAL
12.4,-0.6758,-0.508,0.6138,-1.013,-0.0683,-0.6687,-0.5149,0.132,GO_GOAL
12.42,-0.6722,-0.5055,0.6138,-1.007,-0.0619,-0.6507,-0.5022,0.1326,GO_GOAL
12.44,-0.6687,-0.503,0.6138,-1.004,-0.0587,-0.6507,-0.5022,0.1332,GO_GOAL
12.46,-0.6651,-0.5004,0.6138,-1.004,-0.0587,-0.6507,-0.5022,0.1339,GO_GOAL
12.48,-0.6615,-0.4979,0.6138,-1.001,-0.0554,-0.6507,-0.5022,0.1346,GO_GOAL
12.5,-0.6579,-0.4954,0.6138,-0.998,-0.0522,-0.6507,-0.5022,0.1353,GO_GOAL
12.52,-0.6543,-0.4929,0.6138,-0.995,-0.049,-0.6327,-0.4895,0.1361,GO_GOAL
12.54,-0.6507,-0.4903,0.6138,-0.992,-0.0458,-0.6327,-0.4895,0.1369,GO_GOAL
12.56,-0.6471,-0.4878,0.6138,-0.989,-0.0426,-0.6327,-0.4895,0.1378,GO_GOAL
12.58,-0.6435,-0.4852,0.6138,-0.986,-0.0393,-0.6327,-0.4895,0.1387,GO_GOAL
12.6,-0.6399,-0.4827,0.6138,-0.983,-0.0361,-0.6327,-0.4895,0.1397,GO_GOAL
12.62,-0.6363,-0.4802,0.6138,-0.98,-0.0329,-0.6112,-0.4743,0.1407,GO_GOAL
12.64,-0.6327,-0.4776,0.6138,-0.977,-0.0297,-0.6112,-0.4743,0.1417,GO_GOAL
12.66,-0.6291,-0.4751,0.6138,-0.974,-0.0265,-0.6112,-0.4743,0.1428,GO_GOAL
12.68,-0.6255,-0.4726,0.6138,-0.971,-0.0232,-0.6112,-0.4743,0.1439,GO_GOAL
12.7,-0.622,-0.4701,0.6138,-0.965,-0.0168,-0.5968,-0.4642,0.145,GO_GOAL
12.72,-0.6184,-0.4675,0.6138,-0.965,-0.0168,-0.5968,-0.4642,0.1462,GO_GOAL
12.74,-0.6148,-0.465,0.6138,-0.959,-0.0104,-0.5968,-0.4642,0.1475,GO_GOAL
12.76,-0.6112,-0.4625,0.6138,-0.959,-0.0104,-0.5968,-0.4642,0.1487,GO_GOAL
12.78,-0.6076,-0.4599,0.6138,-0.956,-0.0071,-0.5968,-0.4642,0.15,GO_GOAL
12.8,-0.604,-0.4574,0.6138,-0.953,-0.0039,-0.5968,-0.4642,0.1514,GO_GOAL
12.82,-0.6004,-0.4549,0.6138,-0.95,-0.0007,-0.5752,-0.449,0.1528,GO_GOAL
12.84,-0.5968,-0.4523,0.6138,-0.947,0.0025,-0.5752,-0.449,0.1542,GO_GOAL
12.86,-0.5932,-0.4498,0.6138,-0.944,0.0057,-0.5752,-0.449,0.1557,GO_GOAL
12.88,-0.5896,-0.4473,0.6138,-0.941,0.009,-0.5752,-0.449,0.1571,GO_GOAL
12.9,-0.586,-0.4447,0.6138,-0.938,0.0122,-0.5752,-0.449,0.1587,GO_GOAL
12.92,-0.5824,-0.4422,0.6138,-0.935,0.0154,-0.5608,-0.4388,0.1603,GO_GOAL
12.94,-0.5788,-0.4397,0.6138,-0.932,0.0186,-0.5608,-0.4388,0.1619,GO_GOAL
12.96,-0.5752,-0.4371,0.6138,-0.929,0.0218,-0.5608,-0.4388,0.1635,GO_GOAL
12.98,-0.5716,-0.4346,0.6138,-0.926,0.0251,-0.5608,-0.4388,0.1652,GO_GOAL
13.0,-0.568,-0.4321,0.6138,-0.923,0.0283,-0.5608,-0.4388,0.1669,GO_GOAL
13.02,-0.5644,-0.4295,0.6138,-0.917,0.0347,-0.5428,-0.4261,0.1686,GO_GOAL
13.04,-0.5609,-0.427,0.6138,-0.917,0.0347,-0.5428,-0.4261,0.1704,GO_GOAL
13.06,-0.5573,-0.4245,0.6138,-0.914,0.0379,-0.5428,-0.4261,0.1722,GO_GOAL
13.08,-0.5537,-0.4219,0.6138,-0.9081,0.0444,-0.5428,-0.4261,0.1741,GO_GOAL
13.1,-0.5501,-0.4194,0.6138,-0.9081,0.0444,-0.5428,-0.4261,0.176,GO_GOAL
13.12,-0.5465,-0.4169,0.6138,-0.9051,0.0476,-0.5248,-0.4135,0.1779,GO_GOAL
13.14,-0.5429,-0.4143,0.6138,-0.9021,0.0508,-0.5248,-0.4135,0.1798,GO_GOAL
13.16,-0.5393,-0.4118,0.6138,-0.8991,0.054,-0.5248,-0.4135,0.1818,GO_GOAL
13.18,-0.5357,-0.4093,0.6138,-0.8961,0.0573,-0.5248,-0.4135,0.1838,GO_GOAL
13.2,-0.5321,-0.4067,0.6138,-0.8931,0.0605,-0.5248,-0.4135,0.1858,GO_GOAL
13.22,-0.5285,-0.4042,0.6138,-0.8901,0.0637,-0.5069,-0.4008,0.1879,GO_GOAL
13.24,-0.5249,-0.4017,0.6138,-0.8871,0.0669,-0.5069,-0.4008,0.19,GO_GOAL
13.26,-0.5213,-0.3991,0.6138,-0.8841,0.0701,-0.5069,-0.4008,0.1921,GO_GOAL
13.28,-0.5177,-0.3966,0.6138,-0.8811,0.0734,-0.5069,-0.4008,0.1943,GO_GOAL
13.3,-0.5141,-0.3941,0.6138,-0.8781,0.0766,-0.5069,-0.4008,0.1965,GO_GOAL
13.32,-0.5105,-0.3915,0.6138,-0.8751,0.0798,-0.4889,-0.3881,0.1987,GO_GOAL
13.34,-0.5069,-0.389,0.6138,-0.8721,0.083,-0.4889,-0.3881,0.2009,GO_GOAL
13.36,-0.5033,-0.3865,0.6138,-0.8661,0.0895,-0.4889,-0.3881,0.2032,GO_GOAL
13.38,-0.4997,-0.3839,0.6138,-0.8661,0.0895,-0.4889,-0.3881,0.2055,GO_GOAL
13.4,-0.4961,-0.3814,0.6138,-0.8601,0.0959,-0.4889,-0.3881,0.2078,GO_GOAL
13.42,-0.4926,-0.3789,0.6138,-0.8601,0.0959,-0.4709,-0.3755,0.2102,GO_GOAL
13.44,-0.489,-0.3763,0.6138,-0.8571,0.0991,-0.4709,-0.3755,0.2125,GO_GOAL
13.46,-0.4854,-0.3738,0.6138,-0.8511,0.1056,-0.4709,-0.3755,0.2149,GO_GOAL
13.48,-0.4818,-0.3713,0.6138,-0.8511,0.1056,-0.4709,-0.3755,0.2174,GO_GOAL
13.5,-0.4782,-0.3687,0.6138,-0.8481,0.1088,-0.4709,-0.3755,0.2198,GO_GOAL
13.52,-0.4746,-0.3662,0.6138,-0.8451,0.112,-0.4529,-0.3628,0.2223,GO_GOAL
13.54,-0.471,-0.3637,0.6138,-0.8421,0.1152,-0.4529,-0.3628,0.2248,GO_GOAL
13.56,-0.4674,-0.3611,0.6138,-0.8361,0.1217,-0.4529,-0.3628,0.2274,GO_GOAL
13.58,-0.4638,-0.3586,0.6138,-0.8361,0.1217,-0.4529,-0.3628,0.2299,GO_GOAL
13.6,-0.4602,-0.3561,0.6138,-0.8331,0.1249,-0.4529,-0.3628,0.2325,GO_GOAL
13.62,-0.4566,-0.3535,0.6138,-0.8271,0.1313,-0.4349,-0.3501,0.2351,GO_GOAL
13.64,-0.453,-0.351,0.6138,-0.8271,0.1313,-0.4349,-0.3501,0.2377,GO_GOAL
13.66,-0.4494,-0.3485,0.6138,-0.8241,0.1345,-0.4349,-0.3501,0.2404,GO_GOAL
13.68,-0.4458,-0.3459,0.6138,-0.8211,0.1378,-0.4349,-0.3501,0.243,GO_GOAL
13.7,-0.4422,-0.3434,0.6138,-0.8151,0.1442,-0.4349,-0.3501,0.2457,GO_GOAL
13.72,-0.4386,-0.3409,0.6138,-0.8121,0.1474,-0.4169,-0.3374,0.2484,GO_GOAL
13.74,-0.435,-0.3383,0.6138,-0.8121,0.1474,-0.4169,-0.3374,0.2512,GO_GOAL
13.76,-0.4314,-0.3358,0.6138,-0.8091,0.1506,-0.4169,-0.3374,0.2539,GO_GOAL
13.78,-0.4278,-0.3333,0.6138,-0.8061,0.1539,-0.4169,-0.3374,0.2567,GO_GOAL
13.8,-0.4242,-0.3307,0.6138,-0.8031,0.1571,-0.4169,-0.3374,0.2595,GO_GOAL
13.82,-0.4206,-0.3282,0.6138,-0.8001,0.1603,-0.399,-0.3248,0.2623,GO_GOAL
13.84,-0.417,-0.3257,0.6138,-0.7971,0.1635,-0.399,-0.3248,0.2652,GO_GOAL
13.86,-0.4134,-0.3231,0.6138,-0.7941,0.1667,-0.399,-0.3248,0.268,GO_GOAL
13.88,-0.4098,-0.3206,0.6138,-0.7911,0.17,-0.399,-0.3248,0.2709,GO_GOAL
13.9,-0.4062,-0.318,0.6138,-0.7881,0.1732,-0.381,-0.3121,0.2738,GO_GOAL
13.92,-0.4026,-0.3155,0.6138,-0.7821,0.1796,-0.381,-0.3121,0.2767,GO_GOAL
13.94,-0.399,-0.313,0.6138,-0.7821,0.1796,-0.381,-0.3121,0.2796,GO_GOAL
13.96,-0.3954,-0.3104,0.6138,-0.7791,0.1828,-0.381,-0.3121,0.2826,GO_GOAL
13.98,-0.3918,-0.3079,0.6138,-0.7761,0.1861,-0.381,-0.3121,0.2855,GO_GOAL
14.0,-0.3883,-0.3054,0.6138,-0.7731,0.1893,-0.381,-0.3121,0.2885,GO_GOAL
14.02,-0.3847,-0.3028,0.6138,-0.7701,0.1925,-0.363,-0.2994,0.2915,GO_GOAL
14.04,-0.3811,-0.3003,0.6138,-0.7671,0.1957,-0.363,-0.2994,0.2946,GO_GOAL
14.06,-0.3775,-0.2978,0.6138,-0.7641,0.1989,-0.363,-0.2994,0.2976,GO_GOAL
14.08,-0.3739,-0.2952,0.6138,-0.7611,0.2022,-0.363,-0.2994,0.3006,GO_GOAL
14.1,-0.3703,-0.2927,0.6138,-0.7581,0.2054,-0.363,-0.2994,0.3037,GO_GOAL
14.12,-0.3667,-0.2902,0.6138,-0.7551,0.2086,-0.345,-0.2867,0.3068,GO_GOAL
14.14,-0.3631,-0.2876,0.6138,-0.7521,0.2118,-0.345,-0.2867,0.3099,GO_GOAL
14.16,-0.3595,-0.2851,0.6138,-0.7491,0.215,-0.345,-0.2867,0.313,GO_GOAL
14.18,-0.3559,-0.2826,0.6138,-0.7461,0.2183,-0.345,-0.2867,0.3162,GO_GOAL
14.2,-0.3523,-0.28,0.6138,-0.7431,0.2215,-0.345,-0.2867,0.3193,GO_GOAL
14.22,-0.3487,-0.2775,0.6138,-0.7401,0.2247,-0.327,-0.2741,0.3225,GO_GOAL
14.24,-0.3451,-0.275,0.6138,-0.7371,0.2279,-0.327,-0.2741,0.3256,GO_GOAL
14.26,-0.3415,-0.2724,0.6138,-0.7311,0.2344,-0.327,-0.2741,0.3288,GO_GOAL
14.28,-0.3379,-0.2699,0.6138,-0.7311,0.2344,-0.327,-0.2741,0.332,GO_GOAL
14.3,-0.3343,-0.2674,0.6138,-0.7281,0.2376,-0.327,-0.2741,0.3353,GO_GOAL
14.32,-0.3307,-0.2648,0.6138,-0.7251,0.2408,-0.309,-0.2614,0.3385,GO_GOAL
14.34,-0.3271,-0.2623,0.6138,-0.7221,0.244,-0.309,-0.2614,0.3418,GO_GOAL
14.36,-0.3235,-0.2598,0.6138,-0.7191,0.2472,-0.309,-0.2614,0.345,GO_GOAL
14.38,-0.3199,-0.2572,0.6138,-0.7131,0.2537,-0.309,-0.2614,0.3483,GO_GOAL
14.4,-0.3163,-0.2547,0.6138,-0.7131,0.2537,-0.309,-0.2614,0.3516,GO_GOAL
14.42,-0.3127,-0.2522,0.6138,-0.7071,0.2601,-0.2911,-0.2487,0.3549,GO_GOAL
14.44,-0.3091,-0.2496,0.6138,-0.7071,0.2601,-0.2911,-0.2487,0.3582,GO_GOAL
14.46,-0.3055,-0.2471,0.6138,-0.7041,0.2633,-0.2911,-0.2487,0.3615,GO_GOAL
14.48,-0.3019,-0.2446,0.6138,-0.7011,0.2666,-0.2911,-0.2487,0.3649,GO_GOAL
14.5,-0.2983,-0.242,0.6138,-0.6981,0.2698,-0.2911,-0.2487,0.3682,GO_GOAL
14.52,-0.2947,-0.2395,0.6138,-0.6951,0.273,-0.2731,-0.2361,0.3716,GO_GOAL
14.54,-0.2911,-0.2369,0.6138,-0.6921,0.2762,-0.2731,-0.2361,0.3749,GO_GOAL
14.56,-0.2875,-0.2344,0.6138,-0.6892,0.2794,-0.2731,-0.2361,0.3783,GO_GOAL
14.58,-0.2839,-0.2319,0.6138,-0.6862,0.2827,-0.2731,-0.2361,0.3817,GO_GOAL
14.6,-0.2803,-0.2293,0.6138,-0.6802,0.2891,-0.2551,-0.2234,0.3851,GO_GOAL
14.62,-0.2768,-0.2268,0.6138,-0.6802,0.2891,-0.2551,-0.2234,0.3886,GO_GOAL
14.64,-0.2732,-0.2243,0.6138,-0.6772,0.2923,-0.2551,-0.2234,0.392,GO_GOAL
14.66,-0.2696,-0.2217,0.6138,-0.6712,0.2988,-0.2551,-0.2234,0.3954,GO_GOAL
14.68,-0.266,-0.2192,0.6138,-0.6712,0.2988,-0.2551,-0.2234,0.3989,GO_GOAL
14.7,-0.2624,-0.2167,0.6138,-0.6682,0.302,-0.2551,-0.2234,0.4023,GO_GOAL
14.72,-0.2588,-0.2141,0.6138,-0.6652,0.3052,-0.2371,-0.2107,0.4058,GO_GOAL
14.74,-0.2552,-0.2116,0.6138,-0.6622,0.3084,-0.2371,-0.2107,0.4093,GO_GOAL
14.76,-0.2516,-0.2091,0.6138,-0.6592,0.3116,-0.2371,-0.2107,0.4128,GO_GOAL
14.78,-0.248,-0.2065,0.6138,-0.6532,0.3181,-0.2371,-0.2107,0.4163,GO_GOAL
14.8,-0.2444,-0.204,0.6138,-0.6532,0.3181,-0.2371,-0.2107,0.4198,GO_GOAL
14.82,-0.2408,-0.2015,0.6138,-0.6502,0.3213,-0.2191,-0.198,0.4233,GO_GOAL
14.84,-0.2372,-0.1989,0.6138,-0.6442,0.3277,-0.2191,-0.198,0.4269,GO_GOAL
14.86,-0.2336,-0.1964,0.6138,-0.6442,0.3277,-0.2191,-0.198,0.4304,GO_GOAL
14.88,-0.23,-0.1939,0.6138,-0.6412,0.331,-0.2191,-0.198,0.4339,GO_GOAL
14.9,-0.2264,-0.1913,0.6138,-0.6352,0.3374,-0.2191,-0.198,0.4375,GO_GOAL
14.92,-0.2228,-0.1888,0.6138,-0.6352,0.3374,-0.2011,-0.1854,0.4411,GO_GOAL
14.94,-0.2192,-0.1863,0.6138,-0.6322,0.3406,-0.2011,-0.1854,0.4447,GO_GOAL
14.96,-0.2156,-0.1837,0.6138,-0.6292,0.3438,-0.2011,-0.1854,0.4482,GO_GOAL
14.98,-0.212,-0.1812,0.6138,-0.6262,0.3471,-0.2011,-0.1854,0.4518,GO_GOAL
15.0,-0.2084,-0.1787,0.6138,-0.6232,0.3503,-0.2011,-0.1854,0.4554,GO_GOAL
15.018,-0.2048,-0.1761,0.6138,-0.6202,0.3535,-0.1832,-0.1727,0.459,GO_GOAL
15.04,-0.2012,-0.1736,0.6138,-0.6172,0.3567,-0.1832,-0.1727,0.4627,GO_GOAL
15.06,-0.1976,-0.1711,0.6138,-0.6142,0.3599,-0.1832,-0.1727,0.4663,GO_GOAL
15.08,-0.194,-0.1685,0.6138,-0.6082,0.3664,-0.1832,-0.1727,0.4699,GO_GOAL
15.1,-0.1904,-0.166,0.6138,-0.6052,0.3696,-0.1652,-0.16,0.4736,GO_GOAL
15.12,-0.1868,-0.1635,0.6138,-0.6052,0.3696,-0.1652,-0.16,0.4772,GO_GOAL
15.14,-0.1832,-0.1609,0.6138,-0.6022,0.3728,-0.1652,-0.16,0.4809,GO_GOAL
15.16,-0.1796,-0.1584,0.6138,-0.5992,0.376,-0.1652,-0.16,0.4845,GO_GOAL
15.18,-0.176,-0.1558,0.6138,-0.5962,0.3793,-0.1652,-0.16,0.4882,GO_GOAL
15.2,-0.1724,-0.1533,0.6138,-0.5932,0.3825,-0.1652,-0.16,0.4919,GO_GOAL
15.22,-0.1688,-0.1508,0.6138,-0.5902,0.3857,-0.1472,-0.1473,0.4956,GO_GOAL
15.24,-0.1653,-0.1482,0.6138,-0.5872,0.3889,-0.1472,-0.1473,0.4993,GO_GOAL
15.26,-0.1617,-0.1457,0.6138,-0.5812,0.3954,-0.1472,-0.1473,0.503,GO_GOAL
15.28,-0.1581,-0.1432,0.6138,-0.5812,0.3954,-0.1472,-0.1473,0.5067,GO_GOAL
15.3,-0.1545,-0.1406,0.6138,-0.5782,0.3986,-0.1472,-0.1473,0.5104,GO_GOAL
15.32,-0.1509,-0.1381,0.6138,-0.5722,0.405,-0.1292,-0.1347,0.5141,GO_GOAL
15.34,-0.1473,-0.1356,0.6138,-0.5722,0.405,-0.1292,-0.1347,0.5179,GO_GOAL
15.36,-0.1437,-0.133,0.6138,-0.5692,0.4082,-0.1292,-0.1347,0.5216,GO_GOAL
15.38,-0.1401,-0.1305,0.6138,-0.5632,0.4147,-0.1292,-0.1347,0.5237,GO_GOAL
15.4,-0.1365,-0.128,0.6138,-0.5632,0.4147,-0.1292,-0.1347,0.5198,GO_GOAL
15.42,-0.1329,-0.1254,0.6138,-0.5572,0.4211,-0.1112,-0.122,0.516,GO_GOAL
15.44,-0.1293,-0.1229,0.6138,-0.5542,0.4243,-0.1112,-0.122,0.5121,GO_GOAL
15.46,-0.1257,-0.1204,0.6138,-0.5542,0.4243,-0.1112,-0.122,0.5083,GO_GOAL
15.48,-0.1221,-0.1178,0.6138,-0.5512,0.4276,-0.1112,-0.122,0.5045,GO_GOAL
15.5,-0.1185,-0.1153,0.6138,-0.5482,0.4308,-0.1112,-0.122,0.5006,GO_GOAL
15.52,-0.1149,-0.1128,0.6138,-0.5452,0.434,-0.0932,-0.1093,0.4968,GO_GOAL
15.54,-0.1113,-0.1102,0.6138,-0.5392,0.4404,-0.0932,-0.1093,0.493,GO_GOAL
15.56,-0.1077,-0.1077,0.6138,-0.5392,0.4404,-0.0932,-0.1093,0.4892,GO_GOAL
15.58,-0.1041,-0.1052,0.6138,-0.5362,0.4437,-0.0932,-0.1093,0.4854,GO_GOAL
15.6,-0.1005,-0.1026,0.6138,-0.5332,0.4469,-0.0932,-0.1093,0.4816,GO_GOAL
15.62,-0.0969,-0.1001,0.6138,-0.5302,0.4501,-0.0753,-0.0966,0.4778,GO_GOAL
15.64,-0.0933,-0.0976,0.6138,-0.5272,0.4533,-0.0753,-0.0966,0.474,GO_GOAL
15.66,-0.0897,-0.095,0.6138,-0.5242,0.4565,-0.0753,-0.0966,0.4703,GO_GOAL
15.68,-0.0861,-0.0925,0.6138,-0.5212,0.4598,-0.0753,-0.0966,0.4665,GO_GOAL
15.7,-0.0825,-0.09,0.6138,-0.5182,0.463,-0.0753,-0.0966,0.4627,GO_GOAL
15.72,-0.0789,-0.0874,0.6138,-0.5152,0.4662,-0.0537,-0.0814,0.459,GO_GOAL
15.74,-0.0753,-0.0849,0.6138,-0.5122,0.4694,-0.0537,-0.0814,0.4552,GO_GOAL
15.76,-0.0717,-0.0824,0.6138,-0.5092,0.4726,-0.0537,-0.0814,0.4515,GO_GOAL
15.78,-0.0681,-0.0798,0.6138,-0.5062,0.4759,-0.0537,-0.0814,0.4477,GO_GOAL
15.8,-0.0645,-0.0773,0.6138,-0.5002,0.4823,-0.0393,-0.0713,0.444,GO_GOAL
15.82,-0.0609,-0.0747,0.6138,-0.5002,0.4823,-0.0393,-0.0713,0.4403,GO_GOAL
15.84,-0.0573,-0.0722,0.6138,-0.4972,0.4855,-0.0393,-0.0713,0.4366,GO_GOAL
15.86,-0.0537,-0.0697,0.6138,-0.4942,0.4887,-0.0393,-0.0713,0.4329,GO_GOAL
15.88,-0.0502,-0.0671,0.6138,-0.4912,0.492,-0.0393,-0.0713,0.4292,GO_GOAL
15.9,-0.0466,-0.0646,0.6138,-0.4882,0.4952,-0.0393,-0.0713,0.4255,GO_GOAL
15.92,-0.043,-0.0621,0.6138,-0.4822,0.5016,-0.0213,-0.0586,0.4218,GO_GOAL
15.94,-0.0394,-0.0595,0.6138,-0.4792,0.5048,-0.0213,-0.0586,0.4181,GO_GOAL
15.96,-0.0358,-0.057,0.6138,-0.4792,0.5048,-0.0213,-0.0586,0.4144,GO_GOAL
15.98,-0.0322,-0.0545,0.6138,-0.4762,0.5081,-0.0213,-0.0586,0.4108,GO_GOAL
16.0,-0.0286,-0.0519,0.6138,-0.4732,0.5113,-0.0213,-0.0586,0.4071,GO_GOAL
16.02,-0.025,-0.0494,0.6138,-0.4702,0.5145,-0.0033,-0.046,0.4035,GO_GOAL
16.04,-0.0214,-0.0469,0.6138,-0.4672,0.5177,-0.0033,-0.046,0.3999,GO_GOAL
16.06,-0.0178,-0.0443,0.6138,-0.4642,0.5209,-0.0033,-0.046,0.3962,GO_GOAL
16.08,-0.0142,-0.0418,0.6138,-0.4612,0.5242,-0.0033,-0.046,0.3926,GO_GOAL
16.1,-0.0106,-0.0393,0.6138,-0.4582,0.5274,-0.0033,-0.046,0.389,GO_GOAL
16.12,-0.007,-0.0367,0.6138,-0.4552,0.5306,0.0147,-0.0333,0.3854,GO_GOAL
16.14,-0.0034,-0.0342,0.6138,-0.4523,0.5338,0.0147,-0.0333,0.3818,GO_GOAL
16.16,0.0002,-0.0317,0.6138,-0.4493,0.537,0.0147,-0.0333,0.3782,GO_GOAL
16.18,0.0038,-0.0291,0.6138,-0.4463,0.5403,0.0147,-0.0333,0.3747,GO_GOAL
16.2,0.0074,-0.0266,0.6138,-0.4433,0.5435,0.0147,-0.0333,0.3711,GO_GOAL
16.22,0.011,-0.0241,0.6138,-0.4403,0.5467,0.0326,-0.0206,0.3676,GO_GOAL
16.24,0.0146,-0.0215,0.6138,-0.4373,0.5499,0.0326,-0.0206,0.364,GO_GOAL
16.26,0.0182,-0.019,0.6138,-0.4343,0.5531,0.0326,-0.0206,0.3605,GO_GOAL
16.28,0.0218,-0.0165,0.6138,-0.4313,0.5564,0.0326,-0.0206,0.357,GO_GOAL
16.3,0.0254,-0.0139,0.6138,-0.4283,0.5596,0.0326,-0.0206,0.3535,GO_GOAL
16.32,0.029,-0.0114,0.6138,-0.4253,0.5628,0.0506,-0.0079,0.35,GO_GOAL
16.34,0.0326,-0.0089,0.6138,-0.4223,0.566,0.0506,-0.0079,0.3465,GO_GOAL
16.36,0.0362,-0.0063,0.6138,-0.4193,0.5692,0.0506,-0.0079,0.343,GO_GOAL
16.38,0.0398,-0.0038,0.6138,-0.4163,0.5724,0.0506,-0.0079,0.3395,GO_GOAL
16.4,0.0434,-0.0013,0.6138,-0.4133,0.5757,0.0506,-0.0079,0.3361,GO_GOAL
16.42,0.047,0.0013,0.6138,-0.4073,0.5821,0.0686,0.0047,0.3326,GO_GOAL
16.44,0.0506,0.0038,0.6138,-0.4073,0.5821,0.0686,0.0047,0.3292,GO_GOAL
16.46,0.0542,0.0063,0.6138,-0.4043,0.5853,0.0686,0.0047,0.3258,GO_GOAL
16.48,0.0578,0.0089,0.6138,-0.4013,0.5885,0.0686,0.0047,0.3224,GO_GOAL
16.5,0.0613,0.0114,0.6138,-0.3953,0.595,0.0866,0.0174,0.319,GO_GOAL
16.52,0.0649,0.014,0.6138,-0.3953,0.595,0.0866,0.0174,0.3156,GO_GOAL
16.54,0.0685,0.0165,0.6138,-0.3923,0.5982,0.0866,0.0174,0.3122,GO_GOAL
16.56,0.0721,0.019,0.6138,-0.3893,0.6014,0.0866,0.0174,0.3089,GO_GOAL
16.58,0.0757,0.0216,0.6138,-0.3863,0.6046,0.0866,0.0174,0.3055,GO_GOAL
16.6,0.0793,0.0241,0.6138,-0.3803,0.6111,0.0866,0.0174,0.3022,GO_GOAL
16.62,0.0829,0.0266,0.6138,-0.3803,0.6111,0.1046,0.0301,0.2989,GO_GOAL
16.64,0.0865,0.0292,0.6138,-0.3773,0.6143,0.1046,0.0301,0.2956,GO_GOAL
16.66,0.0901,0.0317,0.6138,-0.3743,0.6175,0.1046,0.0301,0.2923,GO_GOAL
16.68,0.0937,0.0342,0.6138,-0.3713,0.6207,0.1046,0.0301,0.289,GO_GOAL
16.7,0.0973,0.0368,0.6138,-0.3683,0.624,0.1046,0.0301,0.2858,GO_GOAL
16.72,0.1009,0.0393,0.6138,-0.3653,0.6272,0.1262,0.0453,0.2825,GO_GOAL
16.74,0.1045,0.0418,0.6138,-0.3623,0.6304,0.1262,0.0453,0.2793,GO_GOAL
16.76,0.1081,0.0444,0.6138,-0.3593,0.6336,0.1262,0.0453,0.2761,GO_GOAL
16.78,0.1117,0.0469,0.6138,-0.3563,0.6368,0.1262,0.0453,0.2729,GO_GOAL
16.8,0.1153,0.0494,0.6138,-0.3533,0.6401,0.1262,0.0453,0.2697,GO_GOAL
16.82,0.1189,0.052,0.6138,-0.3503,0.6433,0.1405,0.0554,0.2665,GO_GOAL
16.84,0.1225,0.0545,0.6138,-0.3473,0.6465,0.1405,0.0554,0.2634,GO_GOAL
16.86,0.1261,0.057,0.6138,-0.3443,0.6497,0.1405,0.0554,0.2602,GO_GOAL
16.88,0.1297,0.0596,0.6138,-0.3413,0.6529,0.1405,0.0554,0.2571,GO_GOAL
16.9,0.1333,0.0621,0.6138,-0.3383,0.6562,0.1405,0.0554,0.254,GO_GOAL
16.92,0.1369,0.0646,0.6138,-0.3353,0.6594,0.1585,0.0681,0.2509,GO_GOAL
16.94,0.1405,0.0672,0.6138,-0.3323,0.6626,0.1585,0.0681,0.2479,GO_GOAL
16.96,0.1441,0.0697,0.6138,-0.3293,0.6658,0.1585,0.0681,0.2448,GO_GOAL
16.98,0.1477,0.0722,0.6138,-0.3263,0.669,0.1585,0.0681,0.2418,GO_GOAL
17.0,0.1513,0.0748,0.6138,-0.3233,0.6723,0.1585,0.0681,0.2388,GO_GOAL
17.02,0.1549,0.0773,0.6138,-0.3173,0.6787,0.1765,0.0808,0.2358,GO_GOAL
17.04,0.1585,0.0798,0.6138,-0.3173,0.6787,0.1765,0.0808,0.2328,GO_GOAL
17.06,0.1621,0.0824,0.6138,-0.3143,0.6819,0.1765,0.0808,0.2299,GO_GOAL
17.08,0.1657,0.0849,0.6138,-0.3113,0.6851,0.1765,0.0808,0.2269,GO_GOAL
17.1,0.1693,0.0874,0.6138,-0.3083,0.6884,0.1765,0.0808,0.224,GO_GOAL
17.12,0.1729,0.09,0.6138,-0.3053,0.6916,0.1945,0.0934,0.2211,GO_GOAL
17.14,0.1764,0.0925,0.6138,-0.3023,0.6948,0.1945,0.0934,0.2183,GO_GOAL
17.16,0.18,0.095,0.6138,-0.2993,0.698,0.1945,0.0934,0.2154,GO_GOAL
17.18,0.1836,0.0976,0.6138,-0.2963,0.7012,0.1945,0.0934,0.2126,GO_GOAL
17.2,0.1872,0.1001,0.6138,-0.2933,0.7045,0.1945,0.0934,0.2098,GO_GOAL
17.22,0.1908,0.1027,0.6138,-0.2903,0.7077,0.2125,0.1061,0.207,GO_GOAL
17.24,0.1944,0.1052,0.6138,-0.2843,0.7141,0.2125,0.1061,0.2042,GO_GOAL
17.26,0.198,0.1077,0.6138,-0.2843,0.7141,0.2125,0.1061,0.2015,GO_GOAL
17.28,0.2016,0.1103,0.6138,-0.2813,0.7173,0.2125,0.1061,0.1988,GO_GOAL
17.3,0.2052,0.1128,0.6138,-0.2753,0.7238,0.2305,0.1188,0.1961,GO_GOAL
17.32,0.2088,0.1153,0.6138,-0.2753,0.7238,0.2305,0.1188,0.1934,GO_GOAL
17.34,0.2124,0.1179,0.6138,-0.2723,0.727,0.2305,0.1188,0.1908,GO_GOAL
17.36,0.216,0.1204,0.6138,-0.2663,0.7334,0.2305,0.1188,0.1881,GO_GOAL
17.38,0.2196,0.1229,0.6138,-0.2663,0.7334,0.2305,0.1188,0.1855,GO_GOAL
17.4,0.2232,0.1255,0.6138,-0.2603,0.7399,0.2305,0.1188,0.183,GO_GOAL
17.42,0.2268,0.128,0.6138,-0.2603,0.7399,0.2484,0.1315,0.1804,GO_GOAL
17.44,0.2304,0.1305,0.6138,-0.2573,0.7431,0.2484,0.1315,0.1779,GO_GOAL
17.46,0.234,0.1331,0.6138,-0.2543,0.7463,0.2484,0.1315,0.1754,GO_GOAL
17.48,0.2376,0.1356,0.6138,-0.2513,0.7495,0.2484,0.1315,0.173,GO_GOAL
17.5,0.2412,0.1381,0.6138,-0.2483,0.7528,0.2484,0.1315,0.1705,GO_GOAL
17.52,0.2448,0.1407,0.6138,-0.2453,0.756,0.2664,0.1441,0.1681,GO_GOAL
17.54,0.2484,0.1432,0.6138,-0.2423,0.7592,0.2664,0.1441,0.1658,GO_GOAL
17.56,0.252,0.1457,0.6138,-0.2393,0.7624,0.2664,0.1441,0.1634,GO_GOAL
17.58,0.2556,0.1483,0.6138,-0.2363,0.7656,0.2664,0.1441,0.1611,GO_GOAL
17.6,0.2592,0.1508,0.6138,-0.2333,0.7689,0.2664,0.1441,0.1588,GO_GOAL
17.62,0.2628,0.1533,0.6138,-0.2303,0.7721,0.2844,0.1568,0.1565,GO_GOAL
17.64,0.2664,0.1559,0.6138,-0.2273,0.7753,0.2844,0.1568,0.1543,GO_GOAL
17.66,0.27,0.1584,0.6138,-0.2243,0.7785,0.2844,0.1568,0.1521,GO_GOAL
17.68,0.2736,0.1609,0.6138,-0.2213,0.7817,0.2844,0.1568,0.1499,GO_GOAL
17.7,0.2772,0.1635,0.6138,-0.2183,0.785,0.3024,0.1695,0.1478,GO_GOAL
17.72,0.2808,0.166,0.6138,-0.2153,0.7882,0.3024,0.1695,0.1457,GO_GOAL
17.74,0.2844,0.1685,0.6138,-0.2123,0.7914,0.3024,0.1695,0.1436,GO_GOAL
17.76,0.288,0.1711,0.6138,-0.2093,0.7946,0.3024,0.1695,0.1416,GO_GOAL
17.78,0.2916,0.1736,0.6138,-0.2063,0.7978,0.3024,0.1695,0.1396,GO_GOAL
17.8,0.2951,0.1761,0.6138,-0.2033,0.8011,0.3024,0.1695,0.1376,GO_GOAL
17.82,0.2987,0.1787,0.6138,-0.1973,0.8075,0.3204,0.1822,0.1357,GO_GOAL
17.84,0.3023,0.1812,0.6138,-0.1973,0.8075,0.3204,0.1822,0.1338,GO_GOAL
17.86,0.3059,0.1837,0.6138,-0.1944,0.8107,0.3204,0.1822,0.1319,GO_GOAL
17.88,0.3095,0.1863,0.6138,-0.1914,0.8139,0.3204,0.1822,0.1301,GO_GOAL
17.9,0.3131,0.1888,0.6138,-0.1884,0.8172,0.3204,0.1822,0.1283,GO_GOAL
17.92,0.3167,0.1913,0.6138,-0.1854,0.8204,0.3384,0.1948,0.1266,GO_GOAL
17.94,0.3203,0.1939,0.6138,-0.1794,0.8268,0.3384,0.1948,0.1249,GO_GOAL
17.96,0.3239,0.1964,0.6138,-0.1794,0.8268,0.3384,0.1948,0.1232,GO_GOAL
17.98,0.3275,0.199,0.6138,-0.1764,0.83,0.3384,0.1948,0.1216,GO_GOAL
18.0,0.3311,0.2015,0.6138,-0.1734,0.8333,0.3384,0.1948,0.12,GO_GOAL
18.02,0.3347,0.204,0.6138,-0.1674,0.8397,0.3599,0.21,0.1184,GO_GOAL
18.04,0.3383,0.2066,0.6138,-0.1644,0.8429,0.3599,0.21,0.1169,GO_GOAL
18.06,0.3419,0.2091,0.6138,-0.1644,0.8429,0.3599,0.21,0.1154,GO_GOAL
18.08,0.3455,0.2116,0.6138,-0.1614,0.8461,0.3599,0.21,0.114,GO_GOAL
18.1,0.3491,0.2142,0.6138,-0.1584,0.8493,0.3599,0.21,0.1126,GO_GOAL
18.12,0.3527,0.2167,0.6138,-0.1554,0.8526,0.3743,0.2202,0.1112,GO_GOAL
18.14,0.3563,0.2192,0.6138,-0.1524,0.8558,0.3743,0.2202,0.1099,GO_GOAL
18.16,0.3599,0.2218,0.6138,-0.1494,0.859,0.3743,0.2202,0.1086,GO_GOAL
18.18,0.3635,0.2243,0.6138,-0.1464,0.8622,0.3743,0.2202,0.1074,GO_GOAL
18.2,0.3671,0.2268,0.6138,-0.1434,0.8654,0.3743,0.2202,0.1062,GO_GOAL
18.22,0.3707,0.2294,0.6138,-0.1404,0.8687,0.3923,0.2328,0.105,GO_GOAL
18.24,0.3743,0.2319,0.6138,-0.1374,0.8719,0.3923,0.2328,0.1039,GO_GOAL
18.26,0.3779,0.2344,0.6138,-0.1344,0.8751,0.3923,0.2328,0.1029,GO_GOAL
18.28,0.3815,0.237,0.6138,-0.1314,0.8783,0.3923,0.2328,0.1019,GO_GOAL
18.3,0.3851,0.2395,0.6138,-0.1284,0.8815,0.3923,0.2328,0.1009,GO_GOAL
18.32,0.3887,0.242,0.6138,-0.1254,0.8848,0.4103,0.2455,0.1,GO_GOAL
18.34,0.3923,0.2446,0.6137,-0.1224,0.888,0.4103,0.2455,0.0991,GO_GOAL
18.36,0.3959,0.2471,0.6137,-0.1194,0.8912,0.4103,0.2455,0.0983,GO_GOAL
18.38,0.3995,0.2496,0.6137,-0.1164,0.8944,0.4103,0.2455,0.0975,GO_GOAL
18.4,0.4031,0.2522,0.6137,-0.1134,0.8976,0.4103,0.2455,0.0967,GO_GOAL
18.42,0.4067,0.2547,0.6137,-0.1104,0.9009,0.4283,0.2582,0.096,GO_GOAL
18.44,0.4102,0.2572,0.6137,-0.1074,0.9041,0.4283,0.2582,0.0954,GO_GOAL
18.46,0.4138,0.2598,0.6137,-0.1014,0.9105,0.4283,0.2582,0.0948,GO_GOAL
18.48,0.4174,0.2623,0.6137,-0.1014,0.9105,0.4283,0.2582,0.0942,GO_GOAL
18.5,0.421,0.2648,0.6137,-0.0984,0.9137,0.4283,0.2582,0.0937,GO_GOAL
18.52,0.4246,0.2674,0.6137,-0.0954,0.917,0.4463,0.2709,0.0933,GO_GOAL
18.54,0.4282,0.2699,0.6137,-0.0924,0.9202,0.4463,0.2709,0.0929,GO_GOAL
18.56,0.4318,0.2724,0.6137,-0.0894,0.9234,0.4463,0.2709,0.0925,GO_GOAL
18.58,0.4354,0.275,0.6137,-0.0864,0.9266,0.4463,0.2709,0.0922,GO_GOAL
18.6,0.439,0.2775,0.6137,-0.0834,0.9298,0.4642,0.2835,0.0919,GO_GOAL
18.62,0.4426,0.28,0.6137,-0.0804,0.9331,0.4642,0.2835,0.0917,GO_GOAL
18.64,0.4462,0.2826,0.6137,-0.0774,0.9363,0.4642,0.2835,0.0915,GO_GOAL
18.66,0.4498,0.2851,0.6137,-0.0714,0.9427,0.4642,0.2835,0.0914,GO_GOAL
18.68,0.4534,0.2876,0.6137,-0.0714,0.9427,0.4642,0.2835,0.0913,GO_GOAL
18.7,0.457,0.2902,0.6137,-0.0684,0.9459,0.4642,0.2835,0.0913,GO_GOAL
18.72,0.4606,0.2927,0.6137,-0.0624,0.9524,0.4858,0.2987,0.0913,GO_GOAL
18.74,0.4642,0.2952,0.6137,-0.0624,0.9524,0.4858,0.2987,0.0914,GO_GOAL
18.76,0.4678,0.2978,0.6137,-0.0594,0.9556,0.4858,0.2987,0.0915,GO_GOAL
18.78,0.4714,0.3003,0.6137,-0.0534,0.962,0.4858,0.2987,0.0917,GO_GOAL
18.8,0.475,0.3029,0.6137,-0.0534,0.962,0.4858,0.2987,0.0919,GO_GOAL
18.82,0.4786,0.3054,0.6137,-0.0504,0.9653,0.5002,0.3089,0.0921,GO_GOAL
18.84,0.4822,0.3079,0.6137,-0.0474,0.9685,0.5002,0.3089,0.0925,GO_GOAL
18.86,0.4858,0.3105,0.6137,-0.0444,0.9717,0.5002,0.3089,0.0928,GO_GOAL
18.88,0.4894,0.313,0.6137,-0.0414,0.9749,0.5002,0.3089,0.0932,GO_GOAL
18.898,0.493,0.3155,0.6137,-0.0384,0.9781,0.5002,0.3089,0.0937,GO_GOAL
18.92,0.4966,0.3181,0.6137,-0.0354,0.9814,0.5218,0.3241,0.0942,GO_GOAL
18.94,0.5002,0.3206,0.6137,-0.0324,0.9846,0.5218,0.3241,0.0947,GO_GOAL
18.96,0.5038,0.3231,0.6137,-0.0264,0.991,0.5218,0.3241,0.0953,GO_GOAL
18.98,0.5074,0.3257,0.6137,-0.0264,0.991,0.5218,0.3241,0.0959,GO_GOAL
19.0,0.511,0.3282,0.6137,-0.0234,0.9942,0.5218,0.3241,0.0966,GO_GOAL
19.018,0.5146,0.3307,0.6137,-0.0204,0.9975,0.5362,0.3342,0.0974,GO_GOAL
19.04,0.5182,0.3333,0.6137,-0.0174,1.0007,0.5362,0.3342,0.0981,GO_GOAL
19.06,0.5218,0.3358,0.6137,-0.0144,1.0039,0.5362,0.3342,0.099,GO_GOAL
19.08,0.5254,0.3383,0.6137,-0.0114,1.0071,0.5362,0.3342,0.0998,GO_GOAL
19.1,0.5289,0.3409,0.6137,-0.0084,1.0103,0.5362,0.3342,0.1008,GO_GOAL
19.12,0.5325,0.3434,0.6137,-0.0054,1.0136,0.5542,0.3469,0.1017,GO_GOAL
19.14,0.5361,0.3459,0.6137,0.0006,1.02,0.5542,0.3469,0.1027,GO_GOAL
19.16,0.5397,0.3485,0.6137,0.0006,1.02,0.5542,0.3469,0.1038,GO_GOAL
19.18,0.5433,0.351,0.6137,0.0036,1.0232,0.5542,0.3469,0.1049,GO_GOAL
19.2,0.5469,0.3535,0.6137,0.0066,1.0264,0.5542,0.3469,0.106,GO_GOAL
19.22,0.5505,0.3561,0.6137,0.0126,1.0329,0.5721,0.3596,0.1072,GO_GOAL
19.24,0.5541,0.3586,0.6137,0.0156,1.0361,0.5721,0.3596,0.1084,GO_GOAL
19.26,0.5577,0.3611,0.6137,0.0156,1.0361,0.5721,0.3596,0.1097,GO_GOAL
19.28,0.5613,0.3637,0.6137,0.0186,1.0393,0.5721,0.3596,0.111,GO_GOAL
19.3,0.5649,0.3662,0.6137,0.0216,1.0425,0.5721,0.3596,0.1123,GO_GOAL
19.32,0.5685,0.3687,0.6137,0.0246,1.0458,0.5901,0.3722,0.1137,GO_GOAL
19.34,0.5721,0.3713,0.6137,0.0276,1.049,0.5901,0.3722,0.1152,GO_GOAL
19.36,0.5757,0.3738,0.6137,0.0306,1.0522,0.5901,0.3722,0.1166,GO_GOAL
19.38,0.5793,0.3763,0.6137,0.0336,1.0554,0.5901,0.3722,0.1182,GO_GOAL
19.4,0.5829,0.3789,0.6137,0.0366,1.0586,0.5901,0.3722,0.1197,GO_GOAL
19.42,0.5865,0.3814,0.6137,0.0396,1.0619,0.6081,0.3849,0.1213,GO_GOAL
19.44,0.5901,0.3839,0.6137,0.0426,1.0651,0.6081,0.3849,0.1229,GO_GOAL
19.46,0.5937,0.3865,0.6137,0.0456,1.0683,0.6081,0.3849,0.1246,GO_GOAL
19.48,0.5973,0.389,0.6137,0.0516,1.0747,0.6081,0.3849,0.1263,GO_GOAL
19.5,0.6009,0.3915,0.6137,0.0516,1.0747,0.6081,0.3849,0.1281,GO_GOAL
19.52,0.6045,0.3941,0.6137,0.0546,1.0779,0.6261,0.3976,0.1298,GO_GOAL
19.54,0.6081,0.3966,0.6137,0.0576,1.0812,0.6261,0.3976,0.1317,GO_GOAL
19.56,0.6117,0.3991,0.6137,0.0606,1.0844,0.6261,0.3976,0.1335,GO_GOAL
19.58,0.6153,0.4017,0.6137,0.0636,1.0876,0.6261,0.3976,0.1354,GO_GOAL
19.6,0.6189,0.4042,0.6137,0.0666,1.0908,0.6261,0.3976,0.1373,GO_GOAL
19.62,0.6225,0.4068,0.6137,0.0696,1.094,0.6441,0.4103,0.1393,GO_GOAL
19.64,0.6261,0.4093,0.6137,0.0756,1.1005,0.6441,0.4103,0.1413,GO_GOAL
19.66,0.6297,0.4118,0.6137,0.0756,1.1005,0.6441,0.4103,0.1433,GO_GOAL
19.68,0.6333,0.4144,0.6137,0.0786,1.1037,0.6441,0.4103,0.1454,GO_GOAL
19.7,0.6369,0.4169,0.6137,0.0815,1.1069,0.6441,0.4103,0.1475,GO_GOAL
19.72,0.6405,0.4194,0.6137,0.0845,1.1101,0.6621,0.4229,0.1496,GO_GOAL
19.74,0.6441,0.422,0.6137,0.0905,1.1166,0.6621,0.4229,0.1518,GO_GOAL
19.76,0.6476,0.4245,0.6137,0.0905,1.1166,0.6621,0.4229,0.154,GO_GOAL
19.78,0.6512,0.427,0.6137,0.0935,1.1198,0.6621,0.4229,0.1562,GO_GOAL
19.8,0.6548,0.4296,0.6137,0.0965,1.123,0.6621,0.4229,0.1584,GO_GOAL
19.82,0.6584,0.4321,0.6137,0.0995,1.1262,0.68,0.4356,0.1607,GO_GOAL
19.84,0.662,0.4346,0.6137,0.1025,1.1295,0.68,0.4356,0.163,GO_GOAL
19.86,0.6656,0.4372,0.6137,0.1055,1.1327,0.68,0.4356,0.1654,GO_GOAL
19.88,0.6692,0.4397,0.6137,0.1085,1.1359,0.68,0.4356,0.1678,GO_GOAL
19.9,0.6728,0.4422,0.6137,0.1115,1.1391,0.68,0.4356,0.1702,GO_GOAL
19.92,0.6764,0.4448,0.6137,0.1145,1.1423,0.698,0.4483,0.1726,GO_GOAL
19.94,0.68,0.4473,0.6137,0.1175,1.1456,0.698,0.4483,0.1751,GO_GOAL
19.96,0.6836,0.4498,0.6137,0.1205,1.1488,0.698,0.4483,0.1775,GO_GOAL
19.98,0.6872,0.4524,0.6137,0.1235,1.152,0.698,0.4483,0.1801,GO_GOAL
20.0,0.6908,0.4549,0.6137,0.1265,1.1552,0.698,0.4483,0.1826,GO_GOAL
20.02,0.6944,0.4574,0.6137,0.1325,1.1617,0.716,0.461,0.1852,GO_GOAL
20.04,0.698,0.46,0.6137,0.1325,1.1617,0.716,0.461,0.1877,GO_GOAL
20.06,0.7016,0.4625,0.6137,0.1355,1.1649,0.716,0.461,0.1904,GO_GOAL
20.08,0.7052,0.465,0.6137,0.1385,1.1681,0.716,0.461,0.193,GO_GOAL
20.1,0.7088,0.4676,0.6137,0.1445,1.1745,0.716,0.461,0.1957,GO_GOAL
20.12,0.7124,0.4701,0.6137,0.1445,1.1745,0.734,0.4736,0.1984,GO_GOAL
20.14,0.716,0.4726,0.6137,0.1475,1.1778,0.734,0.4736,0.2011,GO_GOAL
20.16,0.7196,0.4752,0.6137,0.1505,1.181,0.734,0.4736,0.2038,GO_GOAL
20.18,0.7232,0.4777,0.6137,0.1535,1.1842,0.734,0.4736,0.2066,GO_GOAL
20.2,0.7268,0.4802,0.6137,0.1565,1.1874,0.734,0.4736,0.2093,GO_GOAL
20.22,0.7304,0.4828,0.6137,0.1595,1.1906,0.752,0.4863,0.2121,GO_GOAL
20.24,0.734,0.4853,0.6137,0.1625,1.1939,0.752,0.4863,0.215,GO_GOAL
20.26,0.7376,0.4878,0.6137,0.1655,1.1971,0.752,0.4863,0.2178,GO_GOAL
20.28,0.7412,0.4904,0.6137,0.1685,1.2003,0.752,0.4863,0.2207,GO_GOAL
20.3,0.7448,0.4929,0.6137,0.1715,1.2035,0.752,0.4863,0.2236,GO_GOAL
20.32,0.7484,0.4954,0.6137,0.1745,1.2067,0.77,0.499,0.2265,GO_GOAL
20.34,0.752,0.498,0.6137,0.1775,1.21,0.77,0.499,0.2294,GO_GOAL
20.36,0.7556,0.5005,0.6137,0.1805,1.2132,0.77,0.499,0.2324,GO_GOAL
20.38,0.7592,0.503,0.6137,0.1835,1.2164,0.77,0.499,0.2353,GO_GOAL
20.4,0.7628,0.5056,0.6137,0.1865,1.2196,0.77,0.499,0.2383,GO_GOAL
20.42,0.7663,0.5081,0.6137,0.1895,1.2228,0.7879,0.5116,0.2413,GO_GOAL
20.44,0.7699,0.5107,0.6137,0.1925,1.2261,0.7879,0.5116,0.2444,GO_GOAL
20.46,0.7735,0.5132,0.6137,0.1955,1.2293,0.7879,0.5116,0.2474,GO_GOAL
20.48,0.7771,0.5157,0.6137,0.1985,1.2325,0.7879,0.5116,0.2505,GO_GOAL
20.5,0.7807,0.5183,0.6137,0.2015,1.2357,0.7879,0.5116,0.2536,GO_GOAL
20.52,0.7843,0.5208,0.6137,0.2045,1.2389,0.8059,0.5243,0.2567,GO_GOAL
20.54,0.7879,0.5233,0.6137,0.2075,1.2422,0.8059,0.5243,0.2598,GO_GOAL
20.56,0.7915,0.5259,0.6137,0.2105,1.2454,0.8059,0.5243,0.2629,GO_GOAL
20.58,0.7951,0.5284,0.6137,0.2135,1.2486,0.8059,0.5243,0.266,GO_GOAL
20.6,0.7987,0.5309,0.6137,0.2165,1.2518,0.8059,0.5243,0.2692,GO_GOAL
20.62,0.8023,0.5335,0.6137,0.2195,1.255,0.8239,0.537,0.2724,GO_GOAL
20.64,0.8059,0.536,0.6137,0.2225,1.2583,0.8239,0.537,0.2756,GO_GOAL
20.66,0.8095,0.5385,0.6137,0.2285,1.2647,0.8239,0.537,0.2788,GO_GOAL
20.68,0.8131,0.5411,0.6137,0.2315,1.2679,0.8239,0.537,0.282,GO_GOAL
20.7,0.8167,0.5436,0.6137,0.2315,1.2679,0.8239,0.537,0.2853,GO_GOAL
20.72,0.8203,0.5461,0.6137,0.2345,1.2711,0.8419,0.5497,0.2885,GO_GOAL
20.74,0.8239,0.5487,0.6137,0.2405,1.2776,0.8419,0.5497,0.2918,GO_GOAL
20.76,0.8275,0.5512,0.6138,0.2405,1.2776,0.8419,0.5497,0.2951,GO_GOAL
20.78,0.8311,0.5537,0.6138,0.2435,1.2808,0.8419,0.5497,0.2984,GO_GOAL
20.798,0.8347,0.5563,0.6138,0.2465,1.284,0.8419,0.5497,0.3017,GO_GOAL
20.82,0.8383,0.5588,0.6138,0.2495,1.2872,0.8599,0.5623,0.305,GO_GOAL
20.84,0.8419,0.5613,0.6138,0.2525,1.2904,0.8599,0.5623,0.3084,GO_GOAL
20.86,0.8455,0.5639,0.6138,0.2555,1.2937,0.8599,0.5623,0.3117,GO_GOAL
20.88,0.8491,0.5664,0.6138,0.2585,1.2969,0.8599,0.5623,0.3151,GO_GOAL
20.9,0.8527,0.5689,0.6138,0.2615,1.3001,0.8599,0.5623,0.3185,GO_GOAL
20.92,0.8563,0.5715,0.6138,0.2675,1.3065,0.8815,0.5775,0.3219,GO_GOAL
20.94,0.8599,0.574,0.6138,0.2705,1.3098,0.8815,0.5775,0.3253,GO_GOAL
20.96,0.8635,0.5765,0.6138,0.2705,1.3098,0.8815,0.5775,0.3287,GO_GOAL
20.98,0.8671,0.5791,0.6138,0.2735,1.313,0.8815,0.5775,0.3321,GO_GOAL
21.0,0.8707,0.5816,0.6138,0.2765,1.3162,0.8815,0.5775,0.3356,GO_GOAL
21.02,0.8743,0.5841,0.6138,0.2795,1.3194,0.8994,0.5902,0.339,GO_GOAL
21.04,0.8779,0.5867,0.6138,0.2825,1.3226,0.8994,0.5902,0.3425,GO_GOAL
21.06,0.8815,0.5892,0.6138,0.2855,1.3259,0.8994,0.5902,0.3459,GO_GOAL
21.08,0.885,0.5917,0.6138,0.2885,1.3291,0.8994,0.5902,0.3494,GO_GOAL
21.1,0.8886,0.5943,0.6138,0.2915,1.3323,0.8994,0.5902,0.3529,GO_GOAL
21.12,0.8922,0.5968,0.6138,0.2945,1.3355,0.9138,0.6004,0.3564,GO_GOAL
21.14,0.8958,0.5993,0.6138,0.2975,1.3387,0.9138,0.6004,0.36,GO_GOAL
21.16,0.8994,0.6019,0.6138,0.3005,1.342,0.9138,0.6004,0.3635,GO_GOAL
21.18,0.903,0.6044,0.6138,0.3065,1.3484,0.9138,0.6004,0.367,GO_GOAL
21.2,0.9066,0.6069,0.6138,0.3065,1.3484,0.9138,0.6004,0.3706,GO_GOAL
21.22,0.9102,0.6095,0.6138,0.3095,1.3516,0.9354,0.6156,0.3741,GO_GOAL
21.24,0.9138,0.612,0.6138,0.3155,1.3581,0.9354,0.6156,0.3777,GO_GOAL
21.26,0.9174,0.6146,0.6138,0.3155,1.3581,0.9354,0.6156,0.3813,GO_GOAL
21.28,0.921,0.6171,0.6138,0.3185,1.3613,0.9354,0.6156,0.3849,GO_GOAL
21.3,0.9246,0.6196,0.6138,0.3245,1.3677,0.9354,0.6156,0.3885,GO_GOAL
21.32,0.9282,0.6222,0.6138,0.3245,1.3677,0.9498,0.6257,0.3921,GO_GOAL
21.34,0.9318,0.6247,0.6138,0.3305,1.3742,0.9498,0.6257,0.3957,GO_GOAL
21.36,0.9354,0.6272,0.6138,0.3305,1.3742,0.9498,0.6257,0.3993,GO_GOAL
21.38,0.939,0.6298,0.6138,0.3335,1.3774,0.9498,0.6257,0.4029,GO_GOAL
21.4,0.9426,0.6323,0.6138,0.3365,1.3806,0.9498,0.6257,0.4066,GO_GOAL
21.42,0.9462,0.6348,0.6138,0.3395,1.3838,0.9678,0.6384,0.4102,GO_GOAL
21.44,0.9498,0.6374,0.6138,0.3425,1.387,0.9678,0.6384,0.4139,GO_GOAL
21.46,0.9534,0.6399,0.6138,0.3485,1.3935,0.9678,0.6384,0.4175,GO_GOAL
21.48,0.957,0.6424,0.6138,0.3485,1.3935,0.9678,0.6384,0.4212,GO_GOAL
21.5,0.9606,0.645,0.6138,0.3545,1.3999,0.9678,0.6384,0.4249,GO_GOAL
21.52,0.9642,0.6475,0.6138,0.3545,1.3999,0.9858,0.651,0.4286,GO_GOAL
21.54,0.9678,0.65,0.6138,0.3604,1.4064,0.9858,0.651,0.4323,GO_GOAL
21.56,0.9714,0.6526,0.6138,0.3604,1.4064,0.9858,0.651,0.436,GO_GOAL
21.58,0.975,0.6551,0.6138,0.3664,1.4128,0.9858,0.651,0.4397,GO_GOAL
21.6,0.9786,0.6576,0.6138,0.3664,1.4128,0.9858,0.651,0.4434,GO_GOAL
21.62,0.9822,0.6602,0.6138,0.3694,1.416,1.0037,0.6637,0.4472,GO_GOAL
21.64,0.9858,0.6627,0.6138,0.3724,1.4192,1.0037,0.6637,0.4509,GO_GOAL
21.66,0.9894,0.6652,0.6138,0.3784,1.4257,1.0037,0.6637,0.4546,GO_GOAL
21.68,0.993,0.6678,0.6138,0.3814,1.4289,1.0037,0.6637,0.4584,GO_GOAL
21.7,0.9966,0.6703,0.6138,0.3814,1.4289,1.0037,0.6637,0.4621,GO_GOAL
21.72,1.0002,0.6728,0.6138,0.3874,1.4353,1.0217,0.6764,0.4659,GO_GOAL
21.74,1.0037,0.6754,0.6138,0.3874,1.4353,1.0217,0.6764,0.4656,GO_GOAL
21.76,1.0073,0.6779,0.6138,0.3904,1.4386,1.0217,0.6764,0.4622,GO_GOAL
21.78,1.0109,0.6804,0.6138,0.3964,1.445,1.0217,0.6764,0.4587,GO_GOAL
21.8,1.0145,0.683,0.6138,0.3964,1.445,1.0217,0.6764,0.4553,GO_GOAL
21.82,1.0181,0.6855,0.6138,0.3994,1.4482,1.0397,0.6891,0.4519,GO_GOAL
21.84,1.0217,0.688,0.6138,0.4024,1.4514,1.0397,0.6891,0.4485,GO_GOAL
21.86,1.0253,0.6906,0.6138,0.4054,1.4547,1.0397,0.6891,0.4451,GO_GOAL
21.88,1.0289,0.6931,0.6138,0.4114,1.4611,1.0397,0.6891,0.4417,GO_GOAL
21.9,1.0325,0.6956,0.6138,0.4114,1.4611,1.0397,0.6891,0.4383,GO_GOAL
21.92,1.0361,0.6982,0.6138,0.4144,1.4643,1.0577,0.7017,0.4349,GO_GOAL
21.94,1.0397,0.7007,0.6138,0.4174,1.4675,1.0577,0.7017,0.4315,GO_GOAL
21.96,1.0433,0.7032,0.6138,0.4204,1.4708,1.0577,0.7017,0.4282,GO_GOAL
21.98,1.0469,0.7058,0.6138,0.4234,1.474,1.0577,0.7017,0.4248,GO_GOAL
22.0,1.0505,0.7083,0.6138,0.4264,1.4772,1.0577,0.7017,0.4215,GO_GOAL
22.02,1.0541,0.7108,0.6138,0.4294,1.4804,1.0757,0.7144,0.4182,GO_GOAL
22.04,1.0577,0.7134,0.6138,0.4324,1.4836,1.0757,0.7144,0.4149,GO_GOAL
22.06,1.0613,0.7159,0.6138,0.4384,1.4901,1.0757,0.7144,0.4116,GO_GOAL
22.08,1.0649,0.7185,0.6138,0.4384,1.4901,1.0757,0.7144,0.4083,GO_GOAL
22.1,1.0685,0.721,0.6138,0.4414,1.4933,1.0757,0.7144,0.405,GO_GOAL
22.12,1.0721,0.7235,0.6138,0.4444,1.4965,1.0937,0.7271,0.4018,GO_GOAL
22.14,1.0757,0.7261,0.6138,0.4474,1.4997,1.0937,0.7271,0.3985,GO_GOAL
22.16,1.0793,0.7286,0.6138,0.4504,1.5029,1.0937,0.7271,0.3953,GO_GOAL
22.18,1.0829,0.7311,0.6138,0.4534,1.5062,1.0937,0.7271,0.3921,GO_GOAL
22.2,1.0865,0.7337,0.6138,0.4564,1.5094,1.0937,0.7271,0.3889,GO_GOAL
22.22,1.0901,0.7362,0.6138,0.4594,1.5126,1.1116,0.7398,0.3857,GO_GOAL
22.24,1.0937,0.7387,0.6138,0.4654,1.519,1.1116,0.7398,0.3825,GO_GOAL
22.26,1.0973,0.7413,0.6138,0.4654,1.519,1.1116,0.7398,0.3793,GO_GOAL
22.28,1.1009,0.7438,0.6138,0.4684,1.5223,1.1116,0.7398,0.3762,GO_GOAL
22.3,1.1045,0.7463,0.6138,0.4714,1.5255,1.1116,0.7398,0.373,GO_GOAL
22.32,1.1081,0.7489,0.6138,0.4774,1.5319,1.1296,0.7524,0.3699,GO_GOAL
22.34,1.1117,0.7514,0.6138,0.4774,1.5319,1.1296,0.7524,0.3668,GO_GOAL
22.36,1.1153,0.7539,0.6138,0.4804,1.5351,1.1296,0.7524,0.3637,GO_GOAL
22.38,1.1188,0.7565,0.6138,0.4834,1.5384,1.1296,0.7524,0.3606,GO_GOAL
22.4,1.1224,0.759,0.6138,0.4864,1.5416,1.1296,0.7524,0.3575,GO_GOAL
22.42,1.126,0.7615,0.6138,0.4894,1.5448,1.1476,0.7651,0.3545,GO_GOAL
22.44,1.1296,0.7641,0.6138,0.4924,1.548,1.1476,0.7651,0.3514,GO_GOAL
22.46,1.1332,0.7666,0.6138,0.4984,1.5545,1.1476,0.7651,0.3484,GO_GOAL
22.48,1.1368,0.7691,0.6138,0.4984,1.5545,1.1476,0.7651,0.3454,GO_GOAL
22.5,1.1404,0.7717,0.6137,0.5014,1.5577,1.1476,0.7651,0.3424,GO_GOAL
22.52,1.144,0.7742,0.6137,0.5044,1.5609,1.1656,0.7778,0.3394,GO_GOAL
22.54,1.1476,0.7767,0.6137,0.5074,1.5641,1.1656,0.7778,0.3365,GO_GOAL
22.56,1.1512,0.7793,0.6137,0.5104,1.5673,1.1656,0.7778,0.3335,GO_GOAL
22.58,1.1548,0.7818,0.6137,0.5134,1.5706,1.1656,0.7778,0.3306,GO_GOAL
22.6,1.1584,0.7843,0.6137,0.5164,1.5738,1.1656,0.7778,0.3277,GO_GOAL
22.62,1.162,0.7869,0.6137,0.5194,1.577,1.1836,0.7904,0.3248,GO_GOAL
22.64,1.1656,0.7894,0.6137,0.5224,1.5802,1.1836,0.7904,0.3219,GO_GOAL
22.66,1.1692,0.7919,0.6137,0.5254,1.5834,1.1836,0.7904,0.3191,GO_GOAL
22.68,1.1728,0.7945,0.6137,0.5284,1.5867,1.1836,0.7904,0.3162,GO_GOAL
22.7,1.1764,0.797,0.6137,0.5314,1.5899,1.1836,0.7904,0.3134,GO_GOAL
22.72,1.18,0.7995,0.6137,0.5374,1.5963,1.2016,0.8031,0.3106,GO_GOAL
22.74,1.1836,0.8021,0.6137,0.5404,1.5995,1.2016,0.8031,0.3078,GO_GOAL
22.76,1.1872,0.8046,0.6137,0.5404,1.5995,1.2016,0.8031,0.3051,GO_GOAL
22.78,1.1908,0.8071,0.6137,0.5464,1.606,1.2016,0.8031,0.3023,GO_GOAL
22.8,1.1944,0.8097,0.6137,0.5464,1.606,1.2016,0.8031,0.2996,GO_GOAL
22.82,1.198,0.8122,0.6137,0.5524,1.6124,1.2195,0.8158,0.2969,GO_GOAL
22.84,1.2016,0.8148,0.6137,0.5524,1.6124,1.2195,0.8158,0.2942,GO_GOAL
22.86,1.2052,0.8173,0.6137,0.5554,1.6156,1.2195,0.8158,0.2915,GO_GOAL
22.88,1.2088,0.8198,0.6137,0.5584,1.6189,1.2195,0.8158,0.2889,GO_GOAL
22.9,1.2124,0.8224,0.6137,0.5614,1.6221,1.2195,0.8158,0.2862,GO_GOAL
22.92,1.216,0.8249,0.6137,0.5674,1.6285,1.2375,0.8285,0.2836,GO_GOAL
22.94,1.2196,0.8274,0.6137,0.5674,1.6285,1.2375,0.8285,0.281,GO_GOAL
22.96,1.2232,0.83,0.6137,0.5704,1.6317,1.2375,0.8285,0.2785,GO_GOAL
22.98,1.2268,0.8325,0.6137,0.5734,1.635,1.2375,0.8285,0.2759,GO_GOAL
23.0,1.2304,0.835,0.6137,0.5764,1.6382,1.2375,0.8285,0.2734,GO_GOAL
23.02,1.234,0.8376,0.6137,0.5794,1.6414,1.2555,0.8411,0.2709,GO_GOAL
23.04,1.2375,0.8401,0.6137,0.5824,1.6446,1.2555,0.8411,0.2685,GO_GOAL
23.06,1.2411,0.8426,0.6137,0.5854,1.6478,1.2555,0.8411,0.266,GO_GOAL
23.08,1.2447,0.8452,0.6137,0.5884,1.6511,1.2555,0.8411,0.2636,GO_GOAL
23.1,1.2483,0.8477,0.6137,0.5914,1.6543,1.2555,0.8411,0.2612,GO_GOAL
23.12,1.2519,0.8502,0.6137,0.5944,1.6575,1.2735,0.8538,0.2588,GO_GOAL
23.14,1.2555,0.8528,0.6137,0.5974,1.6607,1.2735,0.8538,0.2564,GO_GOAL
23.16,1.2591,0.8553,0.6137,0.6004,1.6639,1.2735,0.8538,0.2541,GO_GOAL
23.18,1.2627,0.8578,0.6137,0.6034,1.6672,1.2735,0.8538,0.2518,GO_GOAL
23.2,1.2663,0.8604,0.6137,0.6064,1.6704,1.2735,0.8538,0.2495,GO_GOAL
23.22,1.2699,0.8629,0.6137,0.6094,1.6736,1.2915,0.8665,0.2473,GO_GOAL
23.24,1.2735,0.8654,0.6137,0.6154,1.68,1.2915,0.8665,0.245,GO_GOAL
23.26,1.2771,0.868,0.6137,0.6154,1.68,1.2915,0.8665,0.2428,GO_GOAL
23.28,1.2807,0.8705,0.6137,0.6184,1.6833,1.2915,0.8665,0.2406,GO_GOAL
23.3,1.2843,0.873,0.6137,0.6214,1.6865,1.2915,0.8665,0.2385,GO_GOAL
23.32,1.2879,0.8756,0.6137,0.6274,1.6929,1.3095,0.8792,0.2364,GO_GOAL
23.34,1.2915,0.8781,0.6137,0.6274,1.6929,1.3095,0.8792,0.2343,GO_GOAL
23.36,1.2951,0.8806,0.6137,0.6304,1.6961,1.3095,0.8792,0.2322,GO_GOAL
23.38,1.2987,0.8832,0.6137,0.6333,1.6994,1.3095,0.8792,0.2302,GO_GOAL
23.4,1.3023,0.8857,0.6137,0.6393,1.7058,1.3095,0.8792,0.2281,GO_GOAL
23.42,1.3059,0.8882,0.6137,0.6423,1.709,1.331,0.8944,0.2262,GO_GOAL
23.44,1.3095,0.8908,0.6137,0.6423,1.709,1.331,0.8944,0.2242,GO_GOAL
23.46,1.3131,0.8933,0.6137,0.6453,1.7122,1.331,0.8944,0.2223,GO_GOAL
23.48,1.3167,0.8958,0.6137,0.6483,1.7155,1.331,0.8944,0.2204,GO_GOAL
23.5,1.3203,0.8984,0.6137,0.6543,1.7219,1.331,0.8944,0.2185,GO_GOAL
23.52,1.3239,0.9009,0.6137,0.6573,1.7251,1.3454,0.9045,0.2167,GO_GOAL
23.54,1.3275,0.9034,0.6137,0.6573,1.7251,1.3454,0.9045,0.2149,GO_GOAL
23.56,1.3311,0.906,0.6137,0.6603,1.7283,1.3454,0.9045,0.2131,GO_GOAL
23.58,1.3347,0.9085,0.6137,0.6633,1.7315,1.3454,0.9045,0.2113,GO_GOAL
23.6,1.3383,0.911,0.6137,0.6693,1.738,1.3454,0.9045,0.2096,GO_GOAL
23.62,1.3419,0.9136,0.6137,0.6693,1.738,1.3634,0.9172,0.2079,GO_GOAL
23.64,1.3455,0.9161,0.6137,0.6723,1.7412,1.3634,0.9172,0.2063,GO_GOAL
23.66,1.3491,0.9187,0.6137,0.6783,1.7476,1.3634,0.9172,0.2047,GO_GOAL
23.68,1.3527,0.9212,0.6137,0.6783,1.7476,1.3634,0.9172,0.2031,GO_GOAL
23.7,1.3562,0.9237,0.6137,0.6813,1.7509,1.3634,0.9172,0.2015,GO_GOAL
23.72,1.3598,0.9263,0.6137,0.6843,1.7541,1.3814,0.9298,0.2,GO_GOAL
23.74,1.3634,0.9288,0.6137,0.6873,1.7573,1.3814,0.9298,0.1985,GO_GOAL
23.76,1.367,0.9313,0.6137,0.6903,1.7605,1.3814,0.9298,0.1971,GO_GOAL
23.78,1.3706,0.9339,0.6137,0.6933,1.7637,1.3814,0.9298,0.1957,GO_GOAL
23.8,1.3742,0.9364,0.6137,0.6963,1.767,1.3814,0.9298,0.1943,GO_GOAL
23.82,1.3778,0.9389,0.6137,0.6993,1.7702,1.3994,0.9425,0.1929,GO_GOAL
23.84,1.3814,0.9415,0.6137,0.7023,1.7734,1.3994,0.9425,0.1916,GO_GOAL
23.86,1.385,0.944,0.6137,0.7053,1.7766,1.3994,0.9425,0.1903,GO_GOAL
23.88,1.3886,0.9465,0.6137,0.7083,1.7798,1.3994,0.9425,0.1891,GO_GOAL
23.9,1.3922,0.9491,0.6137,0.7143,1.7863,1.3994,0.9425,0.1879,GO_GOAL
23.92,1.3958,0.9516,0.6137,0.7143,1.7863,1.421,0.9577,0.1867,GO_GOAL
23.94,1.3994,0.9541,0.6137,0.7173,1.7895,1.421,0.9577,0.1856,GO_GOAL
23.96,1.403,0.9567,0.6137,0.7203,1.7927,1.421,0.9577,0.1845,GO_GOAL
23.98,1.4066,0.9592,0.6137,0.7233,1.7959,1.421,0.9577,0.1834,GO_GOAL
24.0,1.4102,0.9617,0.6137,0.7263,1.7992,1.4353,0.9679,0.1824,GO_GOAL
24.02,1.4138,0.9643,0.6137,0.7293,1.8024,1.4353,0.9679,0.1814,GO_GOAL
24.04,1.4174,0.9668,0.6137,0.7323,1.8056,1.4353,0.9679,0.1805,GO_GOAL
24.06,1.421,0.9693,0.6137,0.7353,1.8088,1.4353,0.9679,0.1795,GO_GOAL
24.08,1.4246,0.9719,0.6137,0.7383,1.812,1.4353,0.9679,0.1787,GO_GOAL
24.1,1.4282,0.9744,0.6137,0.7413,1.8153,1.4533,0.9805,0.1778,GO_GOAL
24.12,1.4318,0.9769,0.6137,0.7443,1.8185,1.4533,0.9805,0.177,GO_GOAL
24.14,1.4354,0.9795,0.6137,0.7473,1.8217,1.4533,0.9805,0.1763,GO_GOAL
24.16,1.439,0.982,0.6137,0.7503,1.8249,1.4533,0.9805,0.1756,GO_GOAL
24.18,1.4426,0.9845,0.6137,0.7533,1.8281,1.4533,0.9805,0.1749,GO_GOAL
24.2,1.4462,0.9871,0.6137,0.7563,1.8314,1.4533,0.9805,0.1742,GO_GOAL
24.22,1.4498,0.9896,0.6137,0.7593,1.8346,1.4713,0.9932,0.1736,GO_GOAL
24.24,1.4534,0.9921,0.6137,0.7623,1.8378,1.4713,0.9932,0.1731,GO_GOAL
24.26,1.457,0.9947,0.6137,0.7653,1.841,1.4713,0.9932,0.1725,GO_GOAL
24.28,1.4606,0.9972,0.6137,0.7713,1.8475,1.4713,0.9932,0.172,GO_GOAL
24.3,1.4642,0.9997,0.6137,0.7713,1.8475,1.4713,0.9932,0.1716,GO_GOAL
24.32,1.4678,1.0023,0.6137,0.7743,1.8507,1.4929,1.0084,0.1712,GO_GOAL
24.34,1.4714,1.0048,0.6137,0.7773,1.8539,1.4929,1.0084,0.1708,GO_GOAL
24.36,1.4749,1.0073,0.6137,0.7803,1.8571,1.4929,1.0084,0.1705,GO_GOAL
24.38,1.4785,1.0099,0.6137,0.7833,1.8603,1.4929,1.0084,0.1702,GO_GOAL
24.4,1.4821,1.0124,0.6137,0.7863,1.8636,1.4929,1.0084,0.17,GO_GOAL
24.42,1.4857,1.0149,0.6137,0.7923,1.87,1.5073,1.0186,0.1698,GO_GOAL
24.44,1.4893,1.0175,0.6137,0.7923,1.87,1.5073,1.0186,0.1696,GO_GOAL
24.46,1.4929,1.02,0.6137,0.7953,1.8732,1.5073,1.0186,0.1695,GO_GOAL
24.48,1.4965,1.0226,0.6137,0.7983,1.8764,1.5073,1.0186,0.1694,GO_GOAL
24.5,1.5001,1.0251,0.6137,0.8043,1.8829,1.5073,1.0186,0.1694,GO_GOAL
24.52,1.5037,1.0276,0.6137,0.8043,1.8829,1.5253,1.0312,0.1693,GO_GOAL
24.54,1.5073,1.0302,0.6137,0.8103,1.8893,1.5253,1.0312,0.1694,GO_GOAL
24.56,1.5109,1.0327,0.6137,0.8103,1.8893,1.5253,1.0312,0.1695,GO_GOAL
24.58,1.5145,1.0352,0.6137,0.8163,1.8958,1.5253,1.0312,0.1696,GO_GOAL
24.6,1.5181,1.0378,0.6137,0.8163,1.8958,1.5253,1.0312,0.1697,GO_GOAL
24.62,1.5217,1.0403,0.6137,0.8193,1.899,1.5432,1.0439,0.1699,GO_GOAL
24.64,1.5253,1.0428,0.6137,0.8223,1.9022,1.5432,1.0439,0.1702,GO_GOAL
24.66,1.5289,1.0454,0.6137,0.8253,1.9054,1.5432,1.0439,0.1705,GO_GOAL
24.68,1.5325,1.0479,0.6137,0.8283,1.9086,1.5432,1.0439,0.1708,GO_GOAL
24.7,1.5361,1.0504,0.6137,0.8313,1.9119,1.5432,1.0439,0.1711,GO_GOAL
24.72,1.5397,1.053,0.6137,0.8373,1.9183,1.5612,1.0566,0.1715,GO_GOAL
24.74,1.5433,1.0555,0.6137,0.8373,1.9183,1.5612,1.0566,0.172,GO_GOAL
24.76,1.5469,1.058,0.6137,0.8403,1.9215,1.5612,1.0566,0.1724,GO_GOAL
24.78,1.5505,1.0606,0.6137,0.8433,1.9247,1.5612,1.0566,0.173,GO_GOAL
24.8,1.5541,1.0631,0.6137,0.8463,1.9279,1.5792,1.0692,0.1735,GO_GOAL
24.82,1.5577,1.0656,0.6137,0.8493,1.9312,1.5792,1.0692,0.1741,GO_GOAL
24.84,1.5613,1.0682,0.6137,0.8553,1.9376,1.5792,1.0692,0.1748,GO_GOAL
24.86,1.5649,1.0707,0.6137,0.8553,1.9376,1.5792,1.0692,0.1754,GO_GOAL
24.88,1.5685,1.0732,0.6137,0.8583,1.9408,1.5792,1.0692,0.1761,GO_GOAL
24.9,1.5721,1.0758,0.6137,0.8613,1.944,1.5792,1.0692,0.1769,GO_GOAL
24.92,1.5757,1.0783,0.6137,0.8643,1.9473,1.5972,1.0819,0.1777,GO_GOAL
24.94,1.5793,1.0808,0.6137,0.8673,1.9505,1.5972,1.0819,0.1785,GO_GOAL
24.96,1.5829,1.0834,0.6137,0.8703,1.9537,1.5972,1.0819,0.1794,GO_GOAL
24.98,1.5865,1.0859,0.6137,0.8733,1.9569,1.5972,1.0819,0.1803,GO_GOAL
25.0,1.5901,1.0884,0.6137,0.8763,1.9601,1.5972,1.0819,0.1812,GO_GOAL
25.02,1.5936,1.091,0.6137,0.8793,1.9634,1.6152,1.0946,0.1822,GO_GOAL
25.04,1.5972,1.0935,0.6137,0.8823,1.9666,1.6152,1.0946,0.1832,GO_GOAL
25.06,1.6008,1.096,0.6137,0.8883,1.973,1.6152,1.0946,0.1843,GO_GOAL
25.08,1.6044,1.0986,0.6137,0.8883,1.973,1.6152,1.0946,0.1854,GO_GOAL
25.1,1.608,1.1011,0.6137,0.8913,1.9762,1.6152,1.0946,0.1865,GO_GOAL
25.12,1.6116,1.1036,0.6137,0.8943,1.9795,1.6332,1.1073,0.1877,GO_GOAL
25.14,1.6152,1.1062,0.6137,0.8973,1.9827,1.6332,1.1073,0.1889,GO_GOAL
25.16,1.6188,1.1087,0.6137,0.9003,1.9859,1.6332,1.1073,0.1901,GO_GOAL
25.18,1.6224,1.1112,0.6137,0.9033,1.9891,1.6332,1.1073,0.1914,GO_GOAL
25.2,1.626,1.1138,0.6137,0.9063,1.9923,1.6332,1.1073,0.1927,GO_GOAL
25.22,1.6296,1.1163,0.6137,0.9093,1.9956,1.6547,1.1225,0.194,GO_GOAL
25.24,1.6332,1.1188,0.6137,0.9123,1.9988,1.6547,1.1225,0.1954,GO_GOAL
25.26,1.6368,1.1214,0.6137,0.9152,2.002,1.6547,1.1225,0.1968,GO_GOAL
25.28,1.6404,1.1239,0.6137,0.9182,2.0052,1.6547,1.1225,0.1983,GO_GOAL
25.3,1.644,1.1264,0.6137,0.9242,2.0117,1.6691,1.1326,0.1998,GO_GOAL
25.32,1.6476,1.129,0.6137,0.9242,2.0117,1.6691,1.1326,0.2013,GO_GOAL
25.34,1.6512,1.1315,0.6137,0.9272,2.0149,1.6691,1.1326,0.2028,GO_GOAL
25.36,1.6548,1.1341,0.6137,0.9332,2.0213,1.6691,1.1326,0.2044,GO_GOAL
25.38,1.6584,1.1366,0.6137,0.9332,2.0213,1.6691,1.1326,0.206,GO_GOAL
25.4,1.662,1.1391,0.6137,0.9392,2.0278,1.6871,1.1453,0.2077,GO_GOAL
25.42,1.6656,1.1417,0.6137,0.9392,2.0278,1.6871,1.1453,0.2093,GO_GOAL
25.44,1.6692,1.1442,0.6137,0.9422,2.031,1.6871,1.1453,0.211,GO_GOAL
25.46,1.6728,1.1467,0.6137,0.9452,2.0342,1.6871,1.1453,0.2128,GO_GOAL
25.48,1.6764,1.1493,0.6137,0.9482,2.0374,1.6871,1.1453,0.2145,GO_GOAL
25.5,1.68,1.1518,0.6137,0.9542,2.0439,1.7051,1.158,0.2164,GO_GOAL
25.52,1.6836,1.1543,0.6137,0.9572,2.0471,1.7051,1.158,0.2182,GO_GOAL
25.54,1.6872,1.1569,0.6137,0.9572,2.0471,1.7051,1.158,0.22,GO_GOAL
25.56,1.6908,1.1594,0.6137,0.9602,2.0503,1.7051,1.158,0.2219,GO_GOAL
25.58,1.6944,1.1619,0.6137,0.9632,2.0535,1.7051,1.158,0.2239,GO_GOAL
25.6,1.698,1.1645,0.6137,0.9662,2.0567,1.7051,1.158,0.2258,GO_GOAL
25.62,1.7016,1.167,0.6137,0.9722,2.0632,1.7231,1.1706,0.2278,GO_GOAL
25.64,1.7052,1.1695,0.6137,0.9722,2.0632,1.7231,1.1706,0.2298,GO_GOAL
25.66,1.7088,1.1721,0.6137,0.9782,2.0696,1.7231,1.1706,0.2318,GO_GOAL
25.68,1.7123,1.1746,0.6137,0.9812,2.0728,1.7231,1.1706,0.2339,GO_GOAL
25.7,1.7159,1.1771,0.6137,0.9842,2.0761,1.7231,1.1706,0.236,GO_GOAL
25.72,1.7195,1.1797,0.6137,0.9872,2.0793,1.7411,1.1833,0.2381,GO_GOAL
25.74,1.7231,1.1822,0.6137,0.9872,2.0793,1.7411,1.1833,0.2403,GO_GOAL
25.76,1.7267,1.1847,0.6137,0.9932,2.0857,1.7411,1.1833,0.2424,GO_GOAL
25.78,1.7303,1.1873,0.6137,0.9932,2.0857,1.7411,1.1833,0.2446,GO_GOAL
25.8,1.7339,1.1898,0.6137,0.9962,2.0889,1.7411,1.1833,0.2469,GO_GOAL
25.82,1.7375,1.1923,0.6137,0.9992,2.0922,1.7626,1.1985,0.2491,GO_GOAL
25.84,1.7411,1.1949,0.6137,1.0022,2.0954,1.7626,1.1985,0.2514,GO_GOAL
25.86,1.7447,1.1974,0.6137,1.0052,2.0986,1.7626,1.1985,0.2537,GO_GOAL
25.88,1.7483,1.1999,0.6137,1.0082,2.1018,1.7626,1.1985,0.256,GO_GOAL
25.9,1.7519,1.2025,0.6137,1.0112,2.105,1.7626,1.1985,0.2584,GO_GOAL
25.92,1.7555,1.205,0.6137,1.0142,2.1083,1.777,1.2086,0.2608,GO_GOAL
25.94,1.7591,1.2075,0.6137,1.0172,2.1115,1.777,1.2086,0.2632,GO_GOAL
25.96,1.7627,1.2101,0.6137,1.0202,2.1147,1.777,1.2086,0.2656,GO_GOAL
25.98,1.7663,1.2126,0.6137,1.0232,2.1179,1.777,1.2086,0.268,GO_GOAL
26.0,1.7699,1.2151,0.6137,1.0262,2.1211,1.777,1.2086,0.2705,GO_GOAL
26.02,1.7735,1.2177,0.6137,1.0292,2.1244,1.795,1.2213,0.273,GO_GOAL
26.04,1.7771,1.2202,0.6137,1.0322,2.1276,1.795,1.2213,0.2755,GO_GOAL
26.06,1.7807,1.2227,0.6137,1.0352,2.1308,1.795,1.2213,0.278,GO_GOAL
26.08,1.7843,1.2253,0.6138,1.0382,2.134,1.795,1.2213,0.2806,GO_GOAL
26.1,1.7879,1.2278,0.6138,1.0442,2.1404,1.8166,1.2365,0.2832,GO_GOAL
26.12,1.7915,1.2303,0.6138,1.0472,2.1437,1.8166,1.2365,0.2858,GO_GOAL
26.14,1.7951,1.2329,0.6138,1.0472,2.1437,1.8166,1.2365,0.2884,GO_GOAL
26.16,1.7987,1.2354,0.6138,1.0502,2.1469,1.8166,1.2365,0.2911,GO_GOAL
26.18,1.8023,1.238,0.6138,1.0532,2.1501,1.8166,1.2365,0.2937,GO_GOAL
26.2,1.8059,1.2405,0.6138,1.0562,2.1533,1.8166,1.2365,0.2964,GO_GOAL
26.22,1.8095,1.243,0.6138,1.0592,2.1565,1.831,1.2467,0.2991,GO_GOAL
26.24,1.8131,1.2456,0.6138,1.0652,2.163,1.831,1.2467,0.3018,GO_GOAL
26.26,1.8167,1.2481,0.6138,1.0652,2.163,1.831,1.2467,0.3046,GO_GOAL
26.28,1.8203,1.2506,0.6138,1.0712,2.1694,1.831,1.2467,0.3073,GO_GOAL
26.3,1.8239,1.2532,0.6138,1.0712,2.1694,1.849,1.2593,0.3101,GO_GOAL
26.32,1.8275,1.2557,0.6138,1.0772,2.1759,1.849,1.2593,0.3129,GO_GOAL
26.34,1.831,1.2582,0.6138,1.0802,2.1791,1.849,1.2593,0.3157,GO_GOAL
26.36,1.8346,1.2608,0.6138,1.0802,2.1791,1.849,1.2593,0.3186,GO_GOAL
26.38,1.8382,1.2633,0.6138,1.0862,2.1855,1.849,1.2593,0.3214,GO_GOAL
26.4,1.8418,1.2658,0.6138,1.0892,2.1887,1.849,1.2593,0.3243,GO_GOAL
26.42,1.8454,1.2684,0.6138,1.0892,2.1887,1.8705,1.2745,0.3272,GO_GOAL
26.44,1.849,1.2709,0.6138,1.0922,2.192,1.8705,1.2745,0.3301,GO_GOAL
26.46,1.8526,1.2734,0.6138,1.0952,2.1952,1.8705,1.2745,0.333,GO_GOAL
26.48,1.8562,1.276,0.6138,1.0982,2.1984,1.8705,1.2745,0.336,GO_GOAL
26.5,1.8598,1.2785,0.6138,1.1042,2.2048,1.8849,1.2847,0.3389,GO_GOAL
26.52,1.8634,1.281,0.6138,1.1042,2.2048,1.8849,1.2847,0.3419,GO_GOAL
26.54,1.867,1.2836,0.6138,1.1072,2.2081,1.8849,1.2847,0.3449,GO_GOAL
26.56,1.8706,1.2861,0.6138,1.1102,2.2113,1.8849,1.2847,0.3479,GO_GOAL
26.58,1.8742,1.2886,0.6138,1.1132,2.2145,1.8849,1.2847,0.3509,GO_GOAL
26.6,1.8778,1.2912,0.6138,1.1162,2.2177,1.8849,1.2847,0.354,GO_GOAL
26.62,1.8814,1.2937,0.6138,1.1192,2.2209,1.9029,1.2974,0.357,GO_GOAL
26.64,1.885,1.2962,0.6138,1.1222,2.2242,1.9029,1.2974,0.3601,GO_GOAL
26.66,1.8886,1.2988,0.6138,1.1252,2.2274,1.9029,1.2974,0.3632,GO_GOAL
26.68,1.8922,1.3013,0.6138,1.1312,2.2338,1.9029,1.2974,0.3663,GO_GOAL
26.7,1.8958,1.3038,0.6138,1.1312,2.2338,1.9029,1.2974,0.3694,GO_GOAL
26.72,1.8994,1.3064,0.6138,1.1342,2.237,1.9209,1.31,0.3725,GO_GOAL
26.74,1.903,1.3089,0.6138,1.1372,2.2403,1.9209,1.31,0.3756,GO_GOAL
26.76,1.9066,1.3114,0.6138,1.1402,2.2435,1.9209,1.31,0.3788,GO_GOAL
26.78,1.9102,1.314,0.6138,1.1432,2.2467,1.9209,1.31,0.382,GO_GOAL
26.8,1.9138,1.3165,0.6138,1.1462,2.2499,1.9209,1.31,0.3851,GO_GOAL
26.82,1.9174,1.319,0.6138,1.1492,2.2531,1.9389,1.3227,0.3883,GO_GOAL
26.84,1.921,1.3216,0.6138,1.1522,2.2564,1.9389,1.3227,0.3915,GO_GOAL
26.86,1.9246,1.3241,0.6138,1.1552,2.2596,1.9389,1.3227,0.3947,GO_GOAL
26.88,1.9282,1.3266,0.6138,1.1582,2.2628,1.9389,1.3227,0.398,GO_GOAL
26.9,1.9318,1.3292,0.6138,1.1612,2.266,1.9389,1.3227,0.4012,GO_GOAL
26.92,1.9354,1.3317,0.6138,1.1642,2.2692,1.9569,1.3354,0.4045,GO_GOAL
26.94,1.939,1.3343,0.6138,1.1672,2.2725,1.9569,1.3354,0.4077,GO_GOAL
26.96,1.9426,1.3368,0.6138,1.1732,2.2789,1.9569,1.3354,0.411,GO_GOAL
26.98,1.9461,1.3393,0.6138,1.1732,2.2789,1.9569,1.3354,0.4143,GO_GOAL
27.002,1.9497,1.3419,0.6138,1.1792,2.2853,1.9748,1.348,0.4176,GO_GOAL
27.018,1.9533,1.3444,0.6138,1.1792,2.2853,1.9748,1.348,0.4209,GO_GOAL
27.04,1.9569,1.3469,0.6138,1.1822,2.2886,1.9748,1.348,0.4243,GO_GOAL
27.06,1.9605,1.3495,0.6138,1.1852,2.2918,1.9748,1.348,0.4276,GO_GOAL
27.08,1.9641,1.352,0.6138,1.1882,2.295,1.9748,1.348,0.431,GO_GOAL
27.1,1.9677,1.3545,0.6138,1.1911,2.2982,1.9928,1.3607,0.4343,GO_GOAL
27.12,1.9713,1.3571,0.6138,1.1941,2.3014,1.9928,1.3607,0.4377,GO_GOAL
27.14,1.9749,1.3596,0.6138,1.1971,2.3047,1.9928,1.3607,0.4411,GO_GOAL
27.16,1.9785,1.3621,0.6138,1.2001,2.3079,1.9928,1.3607,0.4445,GO_GOAL
27.18,1.9821,1.3647,0.6138,1.2061,2.3143,1.9928,1.3607,0.4479,GO_GOAL
27.2,1.9857,1.3672,0.6138,1.2061,2.3143,1.9928,1.3607,0.4513,GO_GOAL
27.218,1.9893,1.3697,0.6138,1.2091,2.3175,2.0108,1.3734,0.4547,GO_GOAL
27.24,1.9929,1.3723,0.6138,1.2121,2.3208,2.0108,1.3734,0.4581,GO_GOAL
27.26,1.9965,1.3748,0.6138,1.2151,2.324,2.0108,1.3734,0.4616,GO_GOAL
27.28,2.0001,1.3773,0.6138,1.2181,2.3272,2.0108,1.3734,0.465,GO_GOAL
27.3,2.0037,1.3799,0.6138,1.2241,2.3336,2.0324,1.3886,0.4685,GO_GOAL
27.32,2.0073,1.3824,0.6138,1.2241,2.3336,2.0324,1.3886,0.472,GO_GOAL
27.34,2.0109,1.3849,0.6138,1.2271,2.3369,2.0324,1.3886,0.4754,GO_GOAL
27.36,2.0145,1.3875,0.6138,1.2301,2.3401,2.0324,1.3886,0.4789,GO_GOAL
27.38,2.0181,1.39,0.6138,1.2331,2.3433,2.0324,1.3886,0.4824,GO_GOAL
27.4,2.0217,1.3925,0.6138,1.2361,2.3465,2.0324,1.3886,0.4859,GO_GOAL
27.42,2.0253,1.3951,0.6138,1.2391,2.3497,2.0468,1.3987,0.4895,GO_GOAL
27.44,2.0289,1.3976,0.6138,1.2421,2.353,2.0468,1.3987,0.493,GO_GOAL
27.46,2.0325,1.4001,0.6138,1.2451,2.3562,2.0468,1.3987,0.4965,GO_GOAL
27.48,2.0361,1.4027,0.6138,1.2481,2.3594,2.0468,1.3987,0.5001,GO_GOAL
27.5,2.0397,1.4052,0.6138,1.2511,2.3626,2.0468,1.3987,0.5036,GO_GOAL
27.52,2.0433,1.4077,0.6138,1.2571,2.369,2.0648,1.4114,0.5072,GO_GOAL
27.54,2.0469,1.4103,0.6138,1.2571,2.369,2.0648,1.4114,0.5107,GO_GOAL
27.56,2.0505,1.4128,0.6138,1.2601,2.3723,2.0648,1.4114,0.5143,GO_GOAL
27.58,2.0541,1.4153,0.6138,1.2631,2.3755,2.0648,1.4114,0.5179,GO_GOAL
27.602,2.0577,1.4179,0.6138,1.2661,2.3787,2.0648,1.4114,0.5215,GO_GOAL
27.62,2.0613,1.4204,0.6138,1.2691,2.3819,2.0827,1.4241,0.5251,GO_GOAL
27.64,2.0648,1.4229,0.6138,1.2721,2.3851,2.0827,1.4241,0.5287,GO_GOAL
27.66,2.0684,1.4255,0.6138,1.2751,2.3884,2.0827,1.4241,0.5323,GO_GOAL
27.68,2.072,1.428,0.6138,1.2781,2.3916,2.0827,1.4241,0.5359,GO_GOAL
27.7,2.0756,1.4305,0.6138,1.2841,2.398,2.0827,1.4241,0.5396,GO_GOAL
27.72,2.0792,1.4331,0.6138,1.2841,2.398,2.1007,1.4368,0.5432,GO_GOAL
27.74,2.0828,1.4356,0.6138,1.2871,2.4012,2.1007,1.4368,0.5468,GO_GOAL
27.76,2.0864,1.4382,0.6138,1.2901,2.4045,2.1007,1.4368,0.5505,GO_GOAL
27.78,2.09,1.4407,0.6138,1.2931,2.4077,2.1007,1.4368,0.5542,GO_GOAL
27.8,2.0936,1.4432,0.6138,1.2961,2.4109,2.1007,1.4368,0.5578,GO_GOAL
27.82,2.0972,1.4458,0.6138,1.2991,2.4141,2.1187,1.4494,0.5615,GO_GOAL
27.84,2.1008,1.4483,0.6138,1.3051,2.4206,2.1187,1.4494,0.5652,GO_GOAL
27.86,2.1044,1.4508,0.6138,1.3051,2.4206,2.1187,1.4494,0.5689,GO_GOAL
27.88,2.108,1.4534,0.6138,1.3081,2.4238,2.1187,1.4494,0.5725,GO_GOAL
27.9,2.1116,1.4559,0.6138,1.3111,2.427,2.1187,1.4494,0.5762,GO_GOAL
27.92,2.1152,1.4584,0.6138,1.3141,2.4302,2.1367,1.4621,0.5799,GO_GOAL
27.94,2.1188,1.461,0.6138,1.3171,2.4334,2.1367,1.4621,0.5837,GO_GOAL
27.96,2.1224,1.4635,0.6138,1.3201,2.4367,2.1367,1.4621,0.5874,GO_GOAL
27.98,2.126,1.466,0.6138,1.3231,2.4399,2.1367,1.4621,0.5911,GO_GOAL
28.0,2.1296,1.4686,0.6138,1.3261,2.4431,2.1367,1.4621,0.5948,GO_GOAL
28.02,2.1332,1.4711,0.6138,1.3291,2.4463,2.1547,1.4748,0.5986,GO_GOAL
28.04,2.1368,1.4736,0.6138,1.3321,2.4495,2.1547,1.4748,0.6023,GO_GOAL
28.06,2.1404,1.4762,0.6137,1.3351,2.4528,2.1547,1.4748,0.606,GO_GOAL
28.08,2.144,1.4787,0.6137,1.3381,2.456,2.1547,1.4748,0.6098,GO_GOAL
28.1,2.1476,1.4812,0.6137,1.3411,2.4592,2.1547,1.4748,0.6136,GO_GOAL
28.12,2.1512,1.4838,0.6137,1.3441,2.4624,2.1727,1.4874,0.6173,GO_GOAL
28.14,2.1548,1.4863,0.6137,1.3471,2.4656,2.1727,1.4874,0.6211,GO_GOAL
28.16,2.1584,1.4888,0.6137,1.3501,2.4689,2.1727,1.4874,0.6249,GO_GOAL
28.18,2.162,1.4914,0.6137,1.3531,2.4721,2.1727,1.4874,0.6286,GO_GOAL
28.202,2.1656,1.4939,0.6137,1.3561,2.4753,2.1906,1.5001,0.6324,GO_GOAL
28.22,2.1692,1.4964,0.6137,1.3591,2.4785,2.1906,1.5001,0.6362,GO_GOAL
28.24,2.1728,1.499,0.6137,1.3621,2.4817,2.1906,1.5001,0.64,GO_GOAL
28.26,2.1764,1.5015,0.6137,1.3651,2.485,2.1906,1.5001,0.6438,GO_GOAL
28.28,2.18,1.504,0.6137,1.3681,2.4882,2.1906,1.5001,0.6476,GO_GOAL
28.3,2.1835,1.5066,0.6137,1.3711,2.4914,2.1906,1.5001,0.6514,GO_GOAL
28.32,2.1871,1.5091,0.6137,1.3741,2.4946,2.2086,1.5128,0.6553,GO_GOAL
28.34,2.1907,1.5116,0.6137,1.3771,2.4978,2.2086,1.5128,0.6591,GO_GOAL
28.36,2.1943,1.5142,0.6137,1.3801,2.5011,2.2086,1.5128,0.6629,GO_GOAL
28.38,2.1979,1.5167,0.6137,1.3831,2.5043,2.2086,1.5128,0.6667,GO_GOAL
28.4,2.2015,1.5192,0.6137,1.3861,2.5075,2.2086,1.5128,0.6706,GO_GOAL
28.42,2.2051,1.5218,0.6137,1.3891,2.5107,2.2266,1.5255,0.6744,GO_GOAL
28.44,2.2087,1.5243,0.6137,1.3921,2.5139,2.2266,1.5255,0.6783,GO_GOAL
28.46,2.2123,1.5268,0.6137,1.3951,2.5172,2.2266,1.5255,0.6821,GO_GOAL
28.48,2.2159,1.5294,0.6137,1.3981,2.5204,2.2266,1.5255,0.686,GO_GOAL
28.5,2.2195,1.5319,0.6137,1.4011,2.5236,2.2266,1.5255,0.6898,GO_GOAL
28.52,2.2231,1.5344,0.6137,1.4071,2.53,2.2482,1.5407,0.6937,GO_GOAL
28.54,2.2267,1.537,0.6137,1.4071,2.53,2.2482,1.5407,0.6976,GO_GOAL
28.56,2.2303,1.5395,0.6137,1.4101,2.5333,2.2482,1.5407,0.7014,GO_GOAL
28.58,2.2339,1.5421,0.6137,1.4131,2.5365,2.2482,1.5407,0.7053,GO_GOAL
28.6,2.2375,1.5446,0.6137,1.4161,2.5397,2.2482,1.5407,0.7092,GO_GOAL
28.62,2.2411,1.5471,0.6137,1.4191,2.5429,2.2662,1.5533,0.7131,GO_GOAL
28.64,2.2447,1.5497,0.6137,1.4221,2.5461,2.2662,1.5533,0.717,GO_GOAL
28.66,2.2483,1.5522,0.6137,1.4251,2.5494,2.2662,1.5533,0.7208,GO_GOAL
28.68,2.2519,1.5547,0.6137,1.4281,2.5526,2.2662,1.5533,0.7247,GO_GOAL
28.7,2.2555,1.5573,0.6137,1.4311,2.5558,2.2806,1.5635,0.7286,GO_GOAL
28.72,2.2591,1.5598,0.6137,1.4341,2.559,2.2806,1.5635,0.7326,GO_GOAL
28.74,2.2627,1.5623,0.6137,1.4371,2.5622,2.2806,1.5635,0.7365,GO_GOAL
28.76,2.2663,1.5649,0.6137,1.4401,2.5655,2.2806,1.5635,0.7404,GO_GOAL
28.78,2.2699,1.5674,0.6137,1.4431,2.5687,2.2806,1.5635,0.7443,GO_GOAL
28.8,2.2735,1.5699,0.6137,1.4461,2.5719,2.2806,1.5635,0.7482,GO_GOAL
28.82,2.2771,1.5725,0.6137,1.4491,2.5751,2.2985,1.5762,0.7521,GO_GOAL
28.84,2.2807,1.575,0.6137,1.4521,2.5783,2.2985,1.5762,0.7561,GO_GOAL
28.86,2.2843,1.5775,0.6137,1.4551,2.5816,2.2985,1.5762,0.76,GO_GOAL
28.88,2.2879,1.5801,0.6137,1.4611,2.588,2.2985,1.5762,0.7639,GO_GOAL
28.9,2.2915,1.5826,0.6137,1.4611,2.588,2.2985,1.5762,0.7679,GO_GOAL
28.92,2.2951,1.5851,0.6137,1.4641,2.5912,2.3165,1.5888,0.7718,GO_GOAL
28.94,2.2987,1.5877,0.6137,1.467,2.5944,2.3165,1.5888,0.7758,GO_GOAL
28.96,2.3022,1.5902,0.6137,1.47,2.5976,2.3165,1.5888,0.7797,GO_GOAL
28.98,2.3058,1.5927,0.6137,1.473,2.6009,2.3165,1.5888,0.7837,GO_GOAL
29.0,2.3094,1.5953,0.6137,1.479,2.6073,2.3165,1.5888,0.7876,GO_GOAL
29.02,2.313,1.5978,0.6137,1.479,2.6073,2.3345,1.6015,0.7916,GO_GOAL
29.04,2.3166,1.6003,0.6137,1.485,2.6137,2.3345,1.6015,0.7955,GO_GOAL
29.06,2.3202,1.6029,0.6137,1.485,2.6137,2.3345,1.6015,0.7995,GO_GOAL
29.08,2.3238,1.6054,0.6137,1.488,2.617,2.3345,1.6015,0.803,GO_GOAL
29.1,2.3274,1.6079,0.6137,1.491,2.6202,2.3345,1.6015,0.8005,GO_GOAL
29.12,2.331,1.6105,0.6137,1.494,2.6234,2.3525,1.6142,0.798,GO_GOAL
29.14,2.3346,1.613,0.6137,1.5,2.6298,2.3525,1.6142,0.7954,GO_GOAL
29.16,2.3382,1.6155,0.6137,1.503,2.6331,2.3525,1.6142,0.7929,GO_GOAL
29.18,2.3418,1.6181,0.6137,1.503,2.6331,2.3525,1.6142,0.7904,GO_GOAL
29.2,2.3454,1.6206,0.6137,1.506,2.6363,2.3525,1.6142,0.7878,GO_GOAL
29.22,2.349,1.6231,0.6137,1.509,2.6395,2.3705,1.6268,0.7853,GO_GOAL
29.24,2.3526,1.6257,0.6137,1.512,2.6427,2.3705,1.6268,0.7828,GO_GOAL
29.26,2.3562,1.6282,0.6137,1.515,2.6459,2.3705,1.6268,0.7802,GO_GOAL
29.28,2.3598,1.6307,0.6137,1.518,2.6492,2.3705,1.6268,0.7777,GO_GOAL
29.3,2.3634,1.6333,0.6137,1.521,2.6524,2.3705,1.6268,0.7751,GO_GOAL
29.32,2.367,1.6358,0.6137,1.524,2.6556,2.3885,1.6395,0.7726,GO_GOAL
29.34,2.3706,1.6383,0.6137,1.527,2.6588,2.3885,1.6395,0.7701,GO_GOAL
29.36,2.3742,1.6409,0.6137,1.53,2.662,2.3885,1.6395,0.7675,GO_GOAL
29.38,2.3778,1.6434,0.6137,1.533,2.6653,2.3885,1.6395,0.765,GO_GOAL
29.4,2.3814,1.646,0.6137,1.536,2.6685,2.3885,1.6395,0.7625,GO_GOAL
29.42,2.385,1.6485,0.6137,1.539,2.6717,2.4064,1.6522,0.7599,GO_GOAL
29.44,2.3886,1.651,0.6137,1.542,2.6749,2.4064,1.6522,0.7574,GO_GOAL
29.46,2.3922,1.6536,0.6137,1.545,2.6781,2.4064,1.6522,0.7549,GO_GOAL
29.48,2.3958,1.6561,0.6137,1.551,2.6846,2.4064,1.6522,0.7523,GO_GOAL
29.5,2.3994,1.6586,0.6137,1.551,2.6846,2.4064,1.6522,0.7498,GO_GOAL
29.52,2.403,1.6612,0.6137,1.554,2.6878,2.4244,1.6649,0.7473,GO_GOAL
29.54,2.4066,1.6637,0.6137,1.557,2.691,2.4244,1.6649,0.7447,GO_GOAL
29.56,2.4102,1.6662,0.6137,1.56,2.6942,2.4244,1.6649,0.7422,GO_GOAL
29.58,2.4138,1.6688,0.6137,1.563,2.6975,2.4244,1.6649,0.7397,GO_GOAL
29.6,2.4174,1.6713,0.6137,1.566,2.7007,2.4244,1.6649,0.7371,GO_GOAL
29.62,2.4209,1.6738,0.6137,1.569,2.7039,2.4424,1.6775,0.7346,GO_GOAL
29.64,2.4245,1.6764,0.6137,1.572,2.7071,2.4424,1.6775,0.7321,GO_GOAL
29.66,2.4281,1.6789,0.6137,1.578,2.7136,2.4424,1.6775,0.7295,GO_GOAL
29.68,2.4317,1.6814,0.6137,1.578,2.7136,2.4424,1.6775,0.727,GO_GOAL
29.7,2.4353,1.684,0.6137,1.584,2.72,2.4424,1.6775,0.7245,GO_GOAL
29.72,2.4389,1.6865,0.6137,1.584,2.72,2.4604,1.6902,0.7219,GO_GOAL
29.74,2.4425,1.689,0.6137,1.587,2.7232,2.4604,1.6902,0.7194,GO_GOAL
29.76,2.4461,1.6916,0.6137,1.59,2.7264,2.4604,1.6902,0.7169,GO_GOAL
29.78,2.4497,1.6941,0.6137,1.593,2.7297,2.4604,1.6902,0.7143,GO_GOAL
29.8,2.4533,1.6966,0.6137,1.599,2.7361,2.4784,1.7029,0.7118,GO_GOAL
29.82,2.4569,1.6992,0.6137,1.602,2.7393,2.4784,1.7029,0.7093,GO_GOAL
29.84,2.4605,1.7017,0.6137,1.605,2.7425,2.4784,1.7029,0.7067,GO_GOAL
29.86,2.4641,1.7042,0.6137,1.605,2.7425,2.4784,1.7029,0.7042,GO_GOAL
29.88,2.4677,1.7068,0.6137,1.608,2.7458,2.4784,1.7029,0.7017,GO_GOAL
29.9,2.4713,1.7093,0.6137,1.611,2.749,2.4784,1.7029,0.6991,GO_GOAL
29.92,2.4749,1.7118,0.6137,1.614,2.7522,2.4964,1.7156,0.6966,GO_GOAL
29.94,2.4785,1.7144,0.6137,1.617,2.7554,2.4964,1.7156,0.6941,GO_GOAL
29.96,2.4821,1.7169,0.6137,1.62,2.7586,2.4964,1.7156,0.6915,GO_GOAL
29.98,2.4857,1.7194,0.6137,1.623,2.7619,2.4964,1.7156,0.689,GO_GOAL
30.0,2.4893,1.722,0.6137,1.626,2.7651,2.4964,1.7156,0.6865,GO_GOAL
30.02,2.4929,1.7245,0.6137,1.629,2.7683,2.5143,1.7282,0.6839,GO_GOAL
30.04,2.4965,1.727,0.6137,1.632,2.7715,2.5143,1.7282,0.6814,GO_GOAL
30.06,2.5001,1.7296,0.6137,1.635,2.7747,2.5143,1.7282,0.6789,GO_GOAL
30.08,2.5037,1.7321,0.6137,1.638,2.778,2.5143,1.7282,0.6763,GO_GOAL
30.1,2.5073,1.7346,0.6137,1.641,2.7812,2.5143,1.7282,0.6738,GO_GOAL
30.12,2.5109,1.7372,0.6137,1.644,2.7844,2.5323,1.7409,0.6713,GO_GOAL
30.14,2.5145,1.7397,0.6137,1.647,2.7876,2.5323,1.7409,0.6687,GO_GOAL
30.16,2.5181,1.7422,0.6137,1.65,2.7908,2.5323,1.7409,0.6662,GO_GOAL
30.18,2.5217,1.7448,0.6137,1.653,2.794,2.5323,1.7409,0.6636,GO_GOAL
30.2,2.5253,1.7473,0.6137,1.656,2.7973,2.5323,1.7409,0.6611,GO_GOAL
30.22,2.5289,1.7498,0.6137,1.659,2.8005,2.5503,1.7536,0.6586,GO_GOAL
30.24,2.5325,1.7524,0.6137,1.662,2.8037,2.5503,1.7536,0.656,GO_GOAL
30.26,2.5361,1.7549,0.6137,1.665,2.8069,2.5503,1.7536,0.6535,GO_GOAL
30.28,2.5396,1.7575,0.6137,1.671,2.8134,2.5503,1.7536,0.651,GO_GOAL
30.3,2.5432,1.76,0.6137,1.671,2.8134,2.5503,1.7536,0.6484,GO_GOAL
30.32,2.5468,1.7625,0.6137,1.674,2.8166,2.5683,1.7663,0.6459,GO_GOAL
30.34,2.5504,1.7651,0.6137,1.677,2.8198,2.5683,1.7663,0.6434,GO_GOAL
30.36,2.554,1.7676,0.6137,1.68,2.823,2.5683,1.7663,0.6408,GO_GOAL
30.38,2.5576,1.7701,0.6137,1.683,2.8262,2.5683,1.7663,0.6383,GO_GOAL
30.4,2.5612,1.7727,0.6137,1.689,2.8327,2.5863,1.7789,0.6358,GO_GOAL
30.42,2.5648,1.7752,0.6137,1.689,2.8327,2.5863,1.7789,0.6332,GO_GOAL
30.44,2.5684,1.7777,0.6137,1.692,2.8359,2.5863,1.7789,0.6307,GO_GOAL
30.46,2.572,1.7803,0.6137,1.695,2.8391,2.5863,1.7789,0.6282,GO_GOAL
30.48,2.5756,1.7828,0.6137,1.698,2.8423,2.5863,1.7789,0.6256,GO_GOAL
30.5,2.5792,1.7853,0.6137,1.701,2.8456,2.5863,1.7789,0.6231,GO_GOAL
30.52,2.5828,1.7879,0.6137,1.707,2.852,2.6043,1.7916,0.6206,GO_GOAL
30.54,2.5864,1.7904,0.6137,1.707,2.852,2.6043,1.7916,0.618,GO_GOAL
30.56,2.59,1.7929,0.6137,1.71,2.8552,2.6043,1.7916,0.6155,GO_GOAL
30.58,2.5936,1.7955,0.6137,1.713,2.8584,2.6043,1.7916,0.613,GO_GOAL
30.6,2.5972,1.798,0.6137,1.716,2.8617,2.6043,1.7916,0.6104,GO_GOAL
30.62,2.6008,1.8005,0.6137,1.719,2.8649,2.6222,1.8043,0.6079,GO_GOAL
30.64,2.6044,1.8031,0.6137,1.725,2.8713,2.6222,1.8043,0.6054,GO_GOAL
30.66,2.608,1.8056,0.6137,1.728,2.8745,2.6222,1.8043,0.6028,GO_GOAL
30.68,2.6116,1.8081,0.6137,1.728,2.8745,2.6222,1.8043,0.6003,GO_GOAL
30.7,2.6152,1.8107,0.6137,1.731,2.8778,2.6222,1.8043,0.5978,GO_GOAL
30.72,2.6188,1.8132,0.6137,1.737,2.8842,2.6402,1.8169,0.5952,GO_GOAL
30.74,2.6224,1.8157,0.6137,1.737,2.8842,2.6402,1.8169,0.5927,GO_GOAL
30.76,2.626,1.8183,0.6137,1.74,2.8874,2.6402,1.8169,0.5902,GO_GOAL
30.78,2.6296,1.8208,0.6137,1.743,2.8906,2.6402,1.8169,0.5876,GO_GOAL
30.8,2.6332,1.8233,0.6137,1.746,2.8939,2.6402,1.8169,0.5851,GO_GOAL
30.82,2.6367,1.8258,0.6137,1.749,2.8971,2.6582,1.8296,0.5826,GO_GOAL
30.84,2.6403,1.8283,0.6137,1.7519,2.9003,2.6582,1.8296,0.5801,GO_GOAL
30.86,2.6438,1.8309,0.6137,1.7549,2.9034,2.6582,1.8296,0.5776,GO_GOAL
30.88,2.6474,1.8334,0.6137,1.7579,2.9066,2.6582,1.8296,0.5751,GO_GOAL
30.9,2.651,1.8359,0.6137,1.7638,2.913,2.6582,1.8296,0.5726,GO_GOAL
30.92,2.6543,1.8382,0.6137,1.7638,2.913,2.676,1.8422,0.5702,GO_GOAL
30.94,2.6577,1.8406,0.6137,1.7666,2.916,2.676,1.8422,0.5678,GO_GOAL
30.96,2.661,1.8429,0.6137,1.7694,2.919,2.676,1.8422,0.5655,GO_GOAL
30.98,2.6643,1.8453,0.6137,1.7722,2.922,2.676,1.8422,0.5631,GO_GOAL
30.998,2.6677,1.8476,0.6137,1.7749,2.925,2.676,1.8422,0.5608,GO_GOAL
31.018,2.6708,1.8499,0.6137,1.7777,2.928,2.693,1.8541,0.5586,GO_GOAL
31.04,2.674,1.8521,0.6137,1.7804,2.9308,2.693,1.8541,0.5563,GO_GOAL
31.06,2.6771,1.8543,0.6137,1.783,2.9336,2.693,1.8541,0.5541,GO_GOAL
31.08,2.6803,1.8565,0.6137,1.7856,2.9364,2.693,1.8541,0.5519,GO_GOAL
31.1,2.6834,1.8587,0.6137,1.7882,2.9392,2.693,1.8541,0.5497,GO_GOAL
31.12,2.6864,1.8608,0.6137,1.7908,2.942,2.7089,1.8653,0.5476,GO_GOAL
31.14,2.6893,1.8629,0.6137,1.7933,2.9447,2.7089,1.8653,0.5455,GO_GOAL
31.16,2.6923,1.865,0.6137,1.7958,2.9473,2.7089,1.8653,0.5435,GO_GOAL
31.18,2.6952,1.867,0.6137,1.8007,2.9526,2.7089,1.8653,0.5414,GO_GOAL
31.2,2.6982,1.8691,0.6137,1.8007,2.9526,2.7089,1.8653,0.5393,GO_GOAL
31.22,2.7009,1.8711,0.6137,1.8031,2.9552,2.7238,1.8759,0.5374,GO_GOAL
31.24,2.7037,1.873,0.6137,1.8078,2.9602,2.7238,1.8759,0.5354,GO_GOAL
31.26,2.7065,1.875,0.6137,1.8078,2.9602,2.7238,1.8759,0.5335,GO_GOAL
31.28,2.7092,1.8769,0.6137,1.8101,2.9627,2.7238,1.8759,0.5315,GO_GOAL
31.3,2.712,1.8789,0.6137,1.8147,2.9676,2.7238,1.8759,0.5296,GO_GOAL
31.32,2.7136,1.8799,0.6137,1.8147,2.9676,2.7238,1.8759,0.5285,GO_GOAL
31.34,2.7147,1.8807,0.6137,1.8158,2.9688,2.7238,1.8759,0.5277,GO_GOAL
31.36,2.7159,1.8816,0.6137,1.8167,2.9698,2.7379,1.8858,0.5269,REACHED
31.38,2.7171,1.8824,0.6137,1.8177,2.9708,2.7379,1.8858,0.5261,REACHED
