t,x,y,yaw,odom_x,odom_y,est_x,est_y,clearance,state
0.03,-2.8826,-2.0768,-0.273,-2.882,-2.077,-2.882,-2.077,0.3218,GO_GOAL
0.038,-2.8827,-2.0768,-0.273,-2.8818,-2.077,-2.882,-2.077,0.3218,GO_GOAL
0.058,-2.8827,-2.0768,-0.273,-2.8813,-2.0772,-2.882,-2.077,0.3218,GO_GOAL
0.078,-2.8828,-2.0768,-0.273,-2.8804,-2.0774,-2.882,-2.077,0.3219,GO_GOAL
0.098,-2.8829,-2.0768,-0.273,-2.8794,-2.0777,-2.882,-2.077,0.3219,GO_GOAL
0.118,-2.8829,-2.0767,-0.273,-2.8773,-2.0782,-2.8794,-2.0777,0.3219,GO_GOAL
0.138,-2.883,-2.0767,-0.273,-2.8773,-2.0782,-2.8794,-2.0777,0.3219,GO_GOAL
0.158,-2.8821,-2.077,-0.2729,-2.8741,-2.079,-2.8794,-2.0777,0.3216,GO_GOAL
0.178,-2.8809,-2.0773,-0.2722,-2.8741,-2.079,-2.8794,-2.0777,0.3213,GO_GOAL
0.198,-2.8797,-2.0777,-0.271,-2.8723,-2.0794,-2.8794,-2.0777,0.3209,GO_GOAL
0.218,-2.8786,-2.078,-0.2693,-2.8705,-2.0798,-2.8724,-2.0797,0.3206,GO_GOAL
0.238,-2.8776,-2.0782,-0.267,-2.8687,-2.0802,-2.8724,-2.0797,0.3202,GO_GOAL
0.258,-2.8766,-2.0785,-0.2642,-2.867,-2.0806,-2.8724,-2.0797,0.3199,GO_GOAL
0.278,-2.8755,-2.0788,-0.2609,-2.8652,-2.0809,-2.8724,-2.0797,0.3195,GO_GOAL
0.298,-2.8744,-2.0791,-0.2571,-2.8634,-2.0812,-2.8724,-2.0797,0.3191,GO_GOAL
0.318,-2.8734,-2.0793,-0.2526,-2.8616,-2.0815,-2.8636,-2.0821,0.3187,GO_GOAL
0.338,-2.8726,-2.0795,-0.2477,-2.858,-2.082,-2.8636,-2.0821,0.3183,GO_GOAL
0.358,-2.8717,-2.0798,-0.2422,-2.858,-2.082,-2.8636,-2.0821,0.3179,GO_GOAL
0.378,-2.8707,-2.08,-0.2362,-2.8562,-2.0822,-2.8636,-2.0821,0.3175,GO_GOAL
0.398,-2.8698,-2.0802,-0.2297,-2.8544,-2.0824,-2.8548,-2.0843,0.3171,GO_GOAL
0.418,-2.8689,-2.0804,-0.2227,-2.8526,-2.0825,-2.8548,-2.0843,0.3167,GO_GOAL
0.438,-2.8682,-2.0806,-0.2151,-2.8507,-2.0827,-2.8548,-2.0843,0.3163,GO_GOAL
0.458,-2.8674,-2.0807,-0.207,-2.8489,-2.0827,-2.8548,-2.0843,0.3158,GO_GOAL
0.478,-2.8666,-2.0809,-0.1984,-2.8471,-2.0828,-2.8548,-2.0843,0.3154,GO_GOAL
0.498,-2.8658,-2.0811,-0.1893,-2.8453,-2.0828,-2.8548,-2.0843,0.315,GO_GOAL
0.518,-2.865,-2.0812,-0.1797,-2.8435,-2.0828,-2.8459,-2.0863,0.3145,GO_GOAL
0.538,-2.864,-2.0814,-0.1696,-2.8415,-2.0827,-2.8459,-2.0863,0.314,GO_GOAL
0.558,-2.863,-2.0815,-0.159,-2.8393,-2.0826,-2.8459,-2.0863,0.3135,GO_GOAL
0.578,-2.8619,-2.0817,-0.148,-2.8371,-2.0824,-2.8459,-2.0863,0.313,GO_GOAL
0.598,-2.8608,-2.0819,-0.1364,-2.8349,-2.0822,-2.8459,-2.0863,0.3125,GO_GOAL
0.618,-2.8599,-2.082,-0.1244,-2.8327,-2.0819,-2.8356,-2.088,0.312,GO_GOAL
0.638,-2.8591,-2.0821,-0.1119,-2.8305,-2.0815,-2.8356,-2.088,0.3115,GO_GOAL
0.658,-2.8582,-2.0822,-0.0989,-2.8284,-2.0811,-2.8356,-2.088,0.311,GO_GOAL
0.678,-2.8573,-2.0822,-0.0855,-2.8241,-2.0801,-2.8356,-2.088,0.3105,GO_GOAL
0.698,-2.8564,-2.0823,-0.0716,-2.822,-2.0795,-2.8356,-2.088,0.31,GO_GOAL
0.718,-2.8554,-2.0823,-0.0574,-2.822,-2.0795,-2.8247,-2.0892,0.3095,GO_GOAL
0.738,-2.8544,-2.0822,-0.0432,-2.8197,-2.0788,-2.8247,-2.0892,0.3092,GO_GOAL
0.758,-2.8535,-2.0822,-0.0289,-2.8173,-2.078,-2.8247,-2.0892,0.3088,GO_GOAL
0.778,-2.8525,-2.0821,-0.0147,-2.8148,-2.0771,-2.8247,-2.0892,0.3084,GO_GOAL
0.798,-2.8516,-2.082,-0.0004,-2.8124,-2.0762,-2.8247,-2.0892,0.308,GO_GOAL
0.818,-2.8507,-2.0819,0.0138,-2.8076,-2.074,-2.8124,-2.0898,0.3076,GO_GOAL
0.838,-2.8498,-2.0819,0.028,-2.8049,-2.0727,-2.8124,-2.0898,0.3072,GO_GOAL
0.858,-2.8489,-2.0818,0.0423,-2.8049,-2.0727,-2.8124,-2.0898,0.3069,GO_GOAL
0.878,-2.8473,-2.0817,0.0565,-2.8023,-2.0713,-2.8124,-2.0898,0.3065,GO_GOAL
0.898,-2.8442,-2.0815,0.0707,-2.7997,-2.0698,-2.8124,-2.0898,0.3063,GO_GOAL
0.918,-2.8406,-2.0812,0.0851,-2.7972,-2.0683,-2.7982,-2.0894,0.3061,GO_GOAL
0.938,-2.8385,-2.081,0.0997,-2.7947,-2.0668,-2.7982,-2.0894,0.3058,GO_GOAL
0.958,-2.8356,-2.0807,0.1143,-2.7898,-2.0635,-2.7982,-2.0894,0.3057,GO_GOAL
0.978,-2.8329,-2.0804,0.1292,-2.7898,-2.0635,-2.7982,-2.0894,0.3055,GO_GOAL
0.998,-2.83,-2.08,0.1444,-2.7851,-2.0599,-2.7982,-2.0894,0.3054,GO_GOAL
1.018,-2.8273,-2.0796,0.1601,-2.7851,-2.0599,-2.7835,-2.0879,0.3053,GO_GOAL
1.038,-2.8246,-2.0791,0.1763,-2.7826,-2.058,-2.7835,-2.0879,0.3053,GO_GOAL
1.058,-2.8218,-2.0786,0.193,-2.7776,-2.0537,-2.7835,-2.0879,0.3053,GO_GOAL
1.078,-2.819,-2.078,0.2102,-2.7776,-2.0537,-2.7835,-2.0879,0.3053,GO_GOAL
1.098,-2.8162,-2.0774,0.228,-2.7752,-2.0514,-2.7835,-2.0879,0.3054,GO_GOAL
1.118,-2.813,-2.0766,0.2457,-2.7703,-2.0467,-2.7678,-2.0851,0.3056,GO_GOAL
1.138,-2.8097,-2.0758,0.2632,-2.7703,-2.0467,-2.7678,-2.0851,0.3059,GO_GOAL
1.158,-2.8064,-2.0748,0.2806,-2.7678,-2.0441,-2.7678,-2.0851,0.3063,GO_GOAL
1.178,-2.8031,-2.0739,0.2981,-2.7653,-2.0415,-2.7678,-2.0851,0.3068,GO_GOAL
1.198,-2.7998,-2.0728,0.3155,-2.7629,-2.0388,-2.7678,-2.0851,0.3073,GO_GOAL
1.218,-2.7963,-2.0716,0.3328,-2.7605,-2.0361,-2.7508,-2.0806,0.3079,GO_GOAL
1.238,-2.7926,-2.0703,0.3495,-2.7556,-2.0302,-2.7508,-2.0806,0.3088,GO_GOAL
1.258,-2.7889,-2.0689,0.3656,-2.7556,-2.0302,-2.7508,-2.0806,0.3096,GO_GOAL
1.278,-2.7853,-2.0675,0.3812,-2.7532,-2.0272,-2.7508,-2.0806,0.3106,GO_GOAL
1.298,-2.7818,-2.0661,0.3963,-2.7485,-2.021,-2.7329,-2.0741,0.3116,GO_GOAL
1.318,-2.7782,-2.0645,0.4109,-2.7485,-2.021,-2.7329,-2.0741,0.3128,GO_GOAL
1.338,-2.7743,-2.0627,0.4249,-2.7461,-2.0178,-2.7329,-2.0741,0.3141,GO_GOAL
1.358,-2.7707,-2.0611,0.4384,-2.7437,-2.0145,-2.7329,-2.0741,0.3153,GO_GOAL
1.378,-2.7672,-2.0596,0.452,-2.7414,-2.0111,-2.7329,-2.0741,0.3165,GO_GOAL
1.398,-2.7638,-2.058,0.4655,-2.739,-2.0077,-2.7329,-2.0741,0.3176,GO_GOAL
1.418,-2.7604,-2.0565,0.479,-2.7367,-2.0043,-2.7145,-2.0658,0.3188,GO_GOAL
1.438,-2.757,-2.055,0.4926,-2.7344,-2.0008,-2.7145,-2.0658,0.3199,GO_GOAL
1.458,-2.7536,-2.0535,0.5061,-2.7321,-1.9972,-2.7145,-2.0658,0.321,GO_GOAL
1.478,-2.7502,-2.0519,0.5196,-2.7298,-1.9936,-2.7145,-2.0658,0.3222,GO_GOAL
1.498,-2.7465,-2.0499,0.5331,-2.7275,-1.99,-2.7145,-2.0658,0.3238,GO_GOAL
1.518,-2.7431,-2.0478,0.5463,-2.7253,-1.9864,-2.6958,-2.0558,0.3256,GO_GOAL
1.538,-2.7389,-2.0452,0.559,-2.723,-1.9827,-2.6958,-2.0558,0.3278,GO_GOAL
1.558,-2.7347,-2.0426,0.5711,-2.7207,-1.9789,-2.6958,-2.0558,0.3301,GO_GOAL
1.578,-2.7306,-2.0399,0.5826,-2.7185,-1.9752,-2.6958,-2.0558,0.3325,GO_GOAL
1.598,-2.7266,-2.0372,0.5934,-2.7162,-1.9714,-2.6958,-2.0558,0.3349,GO_GOAL
1.618,-2.7226,-2.0345,0.6037,-2.714,-1.9677,-2.6774,-2.0443,0.3374,GO_GOAL
1.638,-2.7187,-2.0317,0.6134,-2.7118,-1.9639,-2.6774,-2.0443,0.3398,GO_GOAL
1.658,-2.7148,-2.029,0.6225,-2.7096,-1.9602,-2.6774,-2.0443,0.3423,GO_GOAL
1.678,-2.711,-2.0262,0.6309,-2.7074,-1.9564,-2.6774,-2.0443,0.3449,GO_GOAL
1.698,-2.7073,-2.0235,0.6388,-2.7052,-1.9526,-2.6774,-2.0443,0.3474,GO_GOAL
1.718,-2.7034,-2.0206,0.646,-2.7031,-1.9488,-2.6595,-2.0318,0.3501,GO_GOAL
1.738,-2.6995,-2.0177,0.6527,-2.7009,-1.945,-2.6595,-2.0318,0.3529,GO_GOAL
1.758,-2.6957,-2.0147,0.6587,-2.6987,-1.9411,-2.6595,-2.0318,0.3557,GO_GOAL
1.778,-2.6919,-2.0118,0.6642,-2.6965,-1.9373,-2.6595,-2.0318,0.3585,GO_GOAL
1.798,-2.6882,-2.0088,0.669,-2.6922,-1.9297,-2.6595,-2.0318,0.3613,GO_GOAL
1.818,-2.6845,-2.0059,0.6733,-2.69,-1.9258,-2.6421,-2.0185,0.3641,GO_GOAL
1.838,-2.6809,-2.003,0.6769,-2.69,-1.9258,-2.6421,-2.0185,0.3669,GO_GOAL
1.858,-2.6773,-2.0001,0.68,-2.6879,-1.922,-2.6421,-2.0185,0.3698,GO_GOAL
1.878,-2.6738,-1.9972,0.6824,-2.6857,-1.9182,-2.6421,-2.0185,0.3726,GO_GOAL
1.898,-2.6702,-1.9944,0.6842,-2.6835,-1.9144,-2.6421,-2.0185,0.3754,GO_GOAL
1.918,-2.6668,-1.9916,0.6855,-2.6813,-1.9105,-2.6249,-2.0047,0.3782,GO_GOAL
1.938,-2.6633,-1.9888,0.6862,-2.6792,-1.9067,-2.6249,-2.0047,0.3809,GO_GOAL
1.958,-2.6599,-1.9863,0.6868,-2.677,-1.9029,-2.6249,-2.0047,0.3834,GO_GOAL
1.978,-2.6564,-1.9837,0.6873,-2.6748,-1.899,-2.6249,-2.0047,0.386,GO_GOAL
1.998,-2.6529,-1.9812,0.6879,-2.6705,-1.8914,-2.6249,-2.0047,0.3885,GO_GOAL
2.018,-2.6495,-1.9787,0.6885,-2.6705,-1.8914,-2.6079,-1.9908,0.391,GO_GOAL
2.038,-2.646,-1.9761,0.6891,-2.6683,-1.8876,-2.6079,-1.9908,0.3935,GO_GOAL
2.058,-2.6426,-1.9735,0.6896,-2.6662,-1.8837,-2.6079,-1.9908,0.3961,GO_GOAL
2.078,-2.6392,-1.9708,0.6902,-2.6618,-1.8761,-2.6079,-1.9908,0.3989,GO_GOAL
2.098,-2.6358,-1.9679,0.6907,-2.6618,-1.8761,-2.6079,-1.9908,0.4017,GO_GOAL
2.118,-2.6324,-1.9651,0.6907,-2.6596,-1.8723,-2.5909,-1.9768,0.4045,GO_GOAL
2.138,-2.629,-1.9623,0.6907,-2.6553,-1.8646,-2.5909,-1.9768,0.4073,GO_GOAL
2.158,-2.6256,-1.9595,0.6907,-2.6553,-1.8646,-2.5909,-1.9768,0.4101,GO_GOAL
2.178,-2.6222,-1.9567,0.6907,-2.651,-1.8569,-2.5909,-1.9768,0.4129,GO_GOAL
2.198,-2.6188,-1.9539,0.6907,-2.6488,-1.8531,-2.5909,-1.9768,0.4157,GO_GOAL
2.218,-2.6153,-1.951,0.6904,-2.6488,-1.8531,-2.5706,-1.96,0.4186,GO_GOAL
2.238,-2.6118,-1.9481,0.6895,-2.6466,-1.8493,-2.5706,-1.96,0.4216,GO_GOAL
2.258,-2.6083,-1.9452,0.688,-2.6445,-1.8455,-2.5706,-1.96,0.4245,GO_GOAL
2.278,-2.6048,-1.9423,0.6859,-2.6423,-1.8418,-2.5706,-1.96,0.4274,GO_GOAL
2.298,-2.6013,-1.9395,0.6832,-2.6401,-1.838,-2.5706,-1.96,0.4303,GO_GOAL
2.318,-2.5979,-1.9367,0.6799,-2.6379,-1.8342,-2.5571,-1.9489,0.4331,GO_GOAL
2.338,-2.5945,-1.934,0.6764,-2.6356,-1.8305,-2.5571,-1.9489,0.436,GO_GOAL
2.358,-2.5911,-1.9312,0.6729,-2.6334,-1.8267,-2.5571,-1.9489,0.4388,GO_GOAL
2.378,-2.5876,-1.9285,0.6694,-2.6311,-1.823,-2.5571,-1.9489,0.4416,GO_GOAL
2.398,-2.5842,-1.9258,0.6659,-2.6289,-1.8192,-2.5571,-1.9489,0.4444,GO_GOAL
2.418,-2.5807,-1.9231,0.6625,-2.6266,-1.8155,-2.54,-1.9352,0.4472,GO_GOAL
2.438,-2.5772,-1.9204,0.659,-2.6243,-1.8118,-2.54,-1.9352,0.45,GO_GOAL
2.458,-2.5738,-1.9177,0.6555,-2.622,-1.8081,-2.54,-1.9352,0.4528,GO_GOAL
2.478,-2.5703,-1.915,0.652,-2.6197,-1.8044,-2.54,-1.9352,0.4555,GO_GOAL
2.498,-2.5668,-1.9124,0.6485,-2.6174,-1.8007,-2.54,-1.9352,0.4582,GO_GOAL
2.518,-2.5633,-1.9098,0.645,-2.6127,-1.7933,-2.5228,-1.9218,0.4609,GO_GOAL
2.538,-2.5598,-1.9072,0.6415,-2.6127,-1.7933,-2.5228,-1.9218,0.4636,GO_GOAL
2.558,-2.5564,-1.9046,0.638,-2.6103,-1.7897,-2.5228,-1.9218,0.4663,GO_GOAL
2.576,-2.5529,-1.902,0.6345,-2.6079,-1.786,-2.5228,-1.9218,0.469,GO_GOAL
2.598,-2.5494,-1.8994,0.6311,-2.6055,-1.7823,-2.5228,-1.9218,0.4717,GO_GOAL
2.618,-2.5458,-1.8968,0.6276,-2.6031,-1.7787,-2.5053,-1.9088,0.4744,GO_GOAL
2.638,-2.5422,-1.8943,0.6241,-2.6007,-1.7751,-2.5053,-1.9088,0.477,GO_GOAL
2.658,-2.5387,-1.8917,0.6206,-2.5983,-1.7714,-2.5053,-1.9088,0.4797,GO_GOAL
2.678,-2.5351,-1.8891,0.6171,-2.5958,-1.7678,-2.5053,-1.9088,0.4824,GO_GOAL
2.698,-2.5315,-1.8866,0.6136,-2.5934,-1.7642,-2.5053,-1.9088,0.485,GO_GOAL
2.718,-2.5279,-1.8841,0.6101,-2.5909,-1.7606,-2.5053,-1.9088,0.4876,GO_GOAL
2.738,-2.5243,-1.8815,0.6066,-2.5884,-1.757,-2.5053,-1.9088,0.4902,GO_GOAL
2.758,-2.5206,-1.879,0.6031,-2.5859,-1.7534,-2.4876,-1.896,0.4928,AVOID
2.778,-2.517,-1.8766,0.5996,-2.5834,-1.7499,-2.4876,-1.896,0.4954,AVOID
2.798,-2.5134,-1.8741,0.5962,-2.5809,-1.7463,-2.4876,-1.896,0.498,AVOID
2.818,-2.5097,-1.8716,0.5927,-2.5784,-1.7427,-2.4696,-1.8835,0.5005,AVOID
2.838,-2.5061,-1.8692,0.5892,-2.5732,-1.7356,-2.4696,-1.8835,0.5031,AVOID
2.858,-2.5024,-1.8667,0.5857,-2.5732,-1.7356,-2.4696,-1.8835,0.5056,AVOID
2.878,-2.4988,-1.8643,0.5822,-2.5707,-1.7321,-2.4696,-1.8835,0.5081,AVOID
2.898,-2.4951,-1.8619,0.5787,-2.5681,-1.7286,-2.4696,-1.8835,0.5106,AVOID
2.918,-2.4914,-1.8595,0.5752,-2.5655,-1.7251,-2.4515,-1.8714,0.5131,AVOID
2.938,-2.4877,-1.8571,0.5717,-2.5629,-1.7216,-2.4515,-1.8714,0.5156,AVOID
2.958,-2.484,-1.8548,0.5682,-2.5603,-1.7181,-2.4515,-1.8714,0.518,AVOID
2.978,-2.4803,-1.8524,0.5647,-2.5577,-1.7146,-2.4515,-1.8714,0.5205,AVOID
2.998,-2.4766,-1.85,0.5612,-2.5524,-1.7077,-2.4515,-1.8714,0.5229,AVOID
3.018,-2.473,-1.8477,0.5577,-2.5524,-1.7077,-2.4331,-1.8596,0.5254,GO_GOAL
3.038,-2.4693,-1.8453,0.5543,-2.547,-1.7007,-2.4331,-1.8596,0.5279,GO_GOAL
3.058,-2.4657,-1.8429,0.5508,-2.5443,-1.6972,-2.4331,-1.8596,0.5303,GO_GOAL
3.078,-2.462,-1.8406,0.5473,-2.5443,-1.6972,-2.4331,-1.8596,0.5328,GO_GOAL
3.098,-2.4583,-1.8383,0.5438,-2.5389,-1.6902,-2.4331,-1.8596,0.5352,GO_GOAL
3.118,-2.4547,-1.8361,0.5408,-2.5389,-1.6902,-2.4145,-1.848,0.5374,GO_GOAL
3.138,-2.4511,-1.8339,0.5383,-2.5363,-1.6867,-2.4145,-1.848,0.5396,GO_GOAL
3.158,-2.4474,-1.8318,0.5364,-2.5336,-1.6832,-2.4145,-1.848,0.5419,GO_GOAL
3.178,-2.4437,-1.8296,0.5351,-2.5309,-1.6798,-2.4145,-1.848,0.5441,GO_GOAL
3.198,-2.44,-1.8273,0.5344,-2.5282,-1.6763,-2.4145,-1.848,0.5464,GO_GOAL
3.218,-2.4362,-1.8251,0.5343,-2.5228,-1.6693,-2.3956,-1.8367,0.5486,AVOID
3.238,-2.4324,-1.8229,0.5343,-2.5228,-1.6693,-2.3956,-1.8367,0.5508,AVOID
3.258,-2.4286,-1.8206,0.5343,-2.5202,-1.6658,-2.3956,-1.8367,0.5531,AVOID
3.278,-2.4248,-1.8184,0.5343,-2.5175,-1.6623,-2.3956,-1.8367,0.5553,AVOID
3.298,-2.421,-1.8161,0.5343,-2.5121,-1.6553,-2.3956,-1.8367,0.5576,AVOID
3.318,-2.4173,-1.8139,0.5343,-2.5094,-1.6518,-2.3767,-1.8255,0.5598,AVOID
3.338,-2.4135,-1.8117,0.5343,-2.5094,-1.6518,-2.3767,-1.8255,0.562,AVOID
3.358,-2.4097,-1.8094,0.5343,-2.5068,-1.6484,-2.3767,-1.8255,0.5643,AVOID
3.378,-2.4059,-1.8072,0.5343,-2.5041,-1.6449,-2.3767,-1.8255,0.5665,AVOID
3.398,-2.4021,-1.8049,0.5343,-2.5014,-1.6414,-2.3767,-1.8255,0.5688,AVOID
3.418,-2.3984,-1.8027,0.5343,-2.4987,-1.6379,-2.3577,-1.8143,0.571,AVOID
3.438,-2.3946,-1.8005,0.5343,-2.496,-1.6344,-2.3577,-1.8143,0.5732,AVOID
3.458,-2.3908,-1.7982,0.5343,-2.4933,-1.6309,-2.3577,-1.8143,0.5755,AVOID
3.478,-2.387,-1.796,0.5343,-2.4907,-1.6274,-2.3577,-1.8143,0.5777,AVOID
3.498,-2.3833,-1.7937,0.5342,-2.4853,-1.6205,-2.3577,-1.8143,0.58,AVOID
3.518,-2.3796,-1.7914,0.5342,-2.4853,-1.6205,-2.3388,-1.8031,0.5823,AVOID
3.538,-2.3759,-1.7892,0.5342,-2.4826,-1.617,-2.3388,-1.8031,0.5845,AVOID
3.558,-2.3722,-1.7869,0.5342,-2.4799,-1.6135,-2.3388,-1.8031,0.5868,AVOID
3.578,-2.3684,-1.7847,0.5342,-2.4772,-1.61,-2.3388,-1.8031,0.5835,AVOID
3.598,-2.3646,-1.7824,0.5342,-2.4746,-1.6065,-2.3388,-1.8031,0.5798,AVOID
3.618,-2.3608,-1.7802,0.5342,-2.4719,-1.603,-2.3198,-1.7919,0.5761,AVOID
3.638,-2.357,-1.7779,0.5342,-2.4692,-1.5995,-2.3198,-1.7919,0.5724,AVOID
3.658,-2.3532,-1.7757,0.5342,-2.4638,-1.5926,-2.3198,-1.7919,0.5688,AVOID
3.678,-2.3494,-1.7735,0.5342,-2.4638,-1.5926,-2.3198,-1.7919,0.5651,AVOID
3.698,-2.3456,-1.7712,0.5342,-2.4612,-1.5891,-2.3198,-1.7919,0.5615,AVOID
3.718,-2.3419,-1.769,0.5342,-2.4585,-1.5856,-2.3009,-1.7807,0.5578,AVOID
3.738,-2.3381,-1.7667,0.5342,-2.4558,-1.5821,-2.3009,-1.7807,0.5542,AVOID
3.758,-2.3343,-1.7645,0.5342,-2.4504,-1.5751,-2.3009,-1.7807,0.5505,AVOID
3.778,-2.3305,-1.7623,0.5342,-2.4504,-1.5751,-2.3009,-1.7807,0.5469,AVOID
3.798,-2.3267,-1.76,0.5342,-2.4477,-1.5716,-2.3009,-1.7807,0.5433,AVOID
3.818,-2.3229,-1.7578,0.5342,-2.4451,-1.5681,-2.282,-1.7695,0.5397,AVOID
3.838,-2.3191,-1.7555,0.5342,-2.4424,-1.5647,-2.282,-1.7695,0.5361,AVOID
3.858,-2.3154,-1.7533,0.5342,-2.4397,-1.5612,-2.282,-1.7695,0.5325,AVOID
3.878,-2.3116,-1.7511,0.5342,-2.437,-1.5577,-2.282,-1.7695,0.5289,AVOID
3.898,-2.3078,-1.7488,0.5342,-2.4343,-1.5542,-2.282,-1.7695,0.5254,AVOID
3.918,-2.304,-1.7466,0.5342,-2.4317,-1.5507,-2.263,-1.7583,0.5218,AVOID
3.938,-2.3002,-1.7444,0.5342,-2.429,-1.5472,-2.263,-1.7583,0.5183,AVOID
3.958,-2.2965,-1.7421,0.5342,-2.4263,-1.5437,-2.263,-1.7583,0.5147,AVOID
3.978,-2.2927,-1.7399,0.5342,-2.4236,-1.5402,-2.263,-1.7583,0.5112,AVOID
3.998,-2.289,-1.7377,0.5342,-2.4209,-1.5368,-2.263,-1.7583,0.5077,AVOID
4.018,-2.2852,-1.7354,0.5342,-2.4182,-1.5333,-2.263,-1.7583,0.5042,AVOID
4.038,-2.2816,-1.7333,0.5343,-2.4156,-1.5298,-2.263,-1.7583,0.5008,AVOID
4.058,-2.278,-1.7312,0.535,-2.4129,-1.5263,-2.2441,-1.7471,0.4975,GO_GOAL
4.078,-2.2744,-1.729,0.5362,-2.4103,-1.5228,-2.2441,-1.7471,0.4942,GO_GOAL
4.098,-2.2708,-1.7269,0.5381,-2.4077,-1.5193,-2.2441,-1.7471,0.4909,GO_GOAL
4.118,-2.2671,-1.7247,0.5405,-2.4051,-1.5158,-2.2253,-1.736,0.4875,GO_GOAL
4.138,-2.2634,-1.7225,0.5435,-2.4025,-1.5123,-2.2253,-1.736,0.4842,GO_GOAL
4.158,-2.2597,-1.7202,0.547,-2.3973,-1.5053,-2.2253,-1.736,0.4808,GO_GOAL
4.178,-2.256,-1.718,0.5505,-2.3973,-1.5053,-2.2253,-1.736,0.4774,GO_GOAL
4.198,-2.2523,-1.7157,0.554,-2.3948,-1.5017,-2.2253,-1.736,0.474,GO_GOAL
4.218,-2.2485,-1.7133,0.5572,-2.3897,-1.4946,-2.2066,-1.7247,0.4705,GO_GOAL
4.238,-2.2446,-1.7109,0.5598,-2.3897,-1.4946,-2.2066,-1.7247,0.4669,GO_GOAL
4.258,-2.2408,-1.7084,0.5618,-2.3845,-1.4875,-2.2066,-1.7247,0.4633,GO_GOAL
4.278,-2.2369,-1.706,0.5632,-2.3845,-1.4875,-2.2066,-1.7247,0.4598,GO_GOAL
4.298,-2.2332,-1.7037,0.564,-2.382,-1.4839,-2.2066,-1.7247,0.4563,GO_GOAL
4.318,-2.2295,-1.7013,0.5643,-2.3794,-1.4803,-2.188,-1.713,0.4528,GO_GOAL
4.338,-2.2257,-1.6989,0.5643,-2.3769,-1.4767,-2.188,-1.713,0.4494,GO_GOAL
4.358,-2.222,-1.6966,0.5643,-2.3743,-1.4731,-2.188,-1.713,0.4459,GO_GOAL
4.378,-2.2183,-1.6943,0.5643,-2.3717,-1.4696,-2.188,-1.713,0.4425,GO_GOAL
4.398,-2.2146,-1.6919,0.5643,-2.3692,-1.466,-2.188,-1.713,0.4391,GO_GOAL
4.418,-2.2109,-1.6896,0.5643,-2.3641,-1.4588,-2.1694,-1.7013,0.4357,GO_GOAL
4.438,-2.2072,-1.6873,0.5643,-2.3641,-1.4588,-2.1694,-1.7013,0.4323,GO_GOAL
4.458,-2.2035,-1.685,0.5643,-2.3615,-1.4552,-2.1694,-1.7013,0.429,GO_GOAL
4.478,-2.1998,-1.6826,0.5643,-2.3589,-1.4517,-2.1694,-1.7013,0.4256,GO_GOAL
4.498,-2.1961,-1.6803,0.5643,-2.3564,-1.4481,-2.1694,-1.7013,0.4222,GO_GOAL
4.518,-2.1924,-1.6779,0.5643,-2.3538,-1.4445,-2.1508,-1.6895,0.4189,GO_GOAL
4.538,-2.1887,-1.6756,0.5643,-2.3513,-1.4409,-2.1508,-1.6895,0.4155,GO_GOAL
4.558,-2.185,-1.6732,0.5643,-2.3487,-1.4374,-2.1508,-1.6895,0.4121,GO_GOAL
4.578,-2.1812,-1.6709,0.5643,-2.3462,-1.4338,-2.1508,-1.6895,0.4088,GO_GOAL
4.598,-2.1775,-1.6685,0.5643,-2.3436,-1.4302,-2.1508,-1.6895,0.4055,GO_GOAL
4.618,-2.1738,-1.6661,0.5643,-2.341,-1.4266,-2.1322,-1.6778,0.4022,GO_GOAL
4.638,-2.1701,-1.6638,0.5643,-2.3385,-1.423,-2.1322,-1.6778,0.3989,GO_GOAL
4.658,-2.1664,-1.6614,0.5643,-2.3359,-1.4195,-2.1322,-1.6778,0.3956,GO_GOAL
4.678,-2.1626,-1.6591,0.5643,-2.3334,-1.4159,-2.1322,-1.6778,0.3923,GO_GOAL
4.698,-2.1589,-1.6567,0.5643,-2.3308,-1.4123,-2.1322,-1.6778,0.389,GO_GOAL
4.718,-2.1552,-1.6544,0.5643,-2.3282,-1.4087,-2.1136,-1.666,0.3858,GO_GOAL
4.738,-2.1515,-1.652,0.5643,-2.3257,-1.4051,-2.1136,-1.666,0.3826,GO_GOAL
4.758,-2.1478,-1.6497,0.5643,-2.3231,-1.4016,-2.1136,-1.666,0.3793,GO_GOAL
4.778,-2.1441,-1.6473,0.5643,-2.3206,-1.398,-2.1136,-1.666,0.3761,GO_GOAL
4.798,-2.1404,-1.645,0.5643,-2.318,-1.3944,-2.1136,-1.666,0.3729,GO_GOAL
4.818,-2.1366,-1.6426,0.5643,-2.3154,-1.3908,-2.095,-1.6542,0.3698,GO_GOAL
4.838,-2.1329,-1.6403,0.5643,-2.3129,-1.3872,-2.095,-1.6542,0.3666,GO_GOAL
4.858,-2.1292,-1.638,0.5643,-2.3078,-1.3801,-2.095,-1.6542,0.3635,GO_GOAL
4.878,-2.1256,-1.6356,0.5643,-2.3078,-1.3801,-2.095,-1.6542,0.3603,GO_GOAL
4.898,-2.1219,-1.6333,0.5643,-2.3052,-1.3765,-2.095,-1.6542,0.3572,GO_GOAL
4.918,-2.1182,-1.631,0.5643,-2.3001,-1.3693,-2.0764,-1.6425,0.3542,GO_GOAL
4.938,-2.1145,-1.6286,0.5643,-2.3001,-1.3693,-2.0764,-1.6425,0.3511,GO_GOAL
4.958,-2.1108,-1.6263,0.5643,-2.2975,-1.3658,-2.0764,-1.6425,0.348,GO_GOAL
4.978,-2.107,-1.6239,0.5643,-2.295,-1.3622,-2.0764,-1.6425,0.3449,GO_GOAL
4.998,-2.1033,-1.6215,0.5643,-2.2924,-1.3586,-2.0764,-1.6425,0.3418,GO_GOAL
5.018,-2.0996,-1.6192,0.5643,-2.2899,-1.355,-2.0579,-1.6307,0.3388,GO_GOAL
5.038,-2.0959,-1.6168,0.5643,-2.2873,-1.3514,-2.0579,-1.6307,0.3358,GO_GOAL
5.058,-2.0921,-1.6145,0.5643,-2.2847,-1.3479,-2.0579,-1.6307,0.3327,GO_GOAL
5.078,-2.0884,-1.6121,0.5643,-2.2796,-1.3407,-2.0579,-1.6307,0.3297,GO_GOAL
5.098,-2.0847,-1.6098,0.5643,-2.2796,-1.3407,-2.0579,-1.6307,0.3268,GO_GOAL
5.118,-2.081,-1.6074,0.5643,-2.2771,-1.3371,-2.0393,-1.6189,0.3238,GO_GOAL
5.138,-2.0773,-1.6051,0.5643,-2.2719,-1.33,-2.0393,-1.6189,0.3209,GO_GOAL
5.158,-2.0736,-1.6027,0.5643,-2.2719,-1.33,-2.0393,-1.6189,0.3179,GO_GOAL
5.178,-2.0698,-1.6004,0.5643,-2.2668,-1.3228,-2.0393,-1.6189,0.315,GO_GOAL
5.198,-2.0661,-1.598,0.5643,-2.2668,-1.3228,-2.0393,-1.6189,0.3121,GO_GOAL
5.218,-2.0624,-1.5957,0.5643,-2.2617,-1.3157,-2.0207,-1.6072,0.3093,GO_GOAL
5.238,-2.0587,-1.5933,0.5643,-2.2617,-1.3157,-2.0207,-1.6072,0.3064,GO_GOAL
5.258,-2.055,-1.591,0.5643,-2.2592,-1.3121,-2.0207,-1.6072,0.3036,GO_GOAL
5.278,-2.0513,-1.5886,0.5643,-2.254,-1.3049,-2.0207,-1.6072,0.3008,GO_GOAL
5.298,-2.0476,-1.5863,0.5643,-2.2515,-1.3013,-2.0207,-1.6072,0.298,GO_GOAL
5.318,-2.0439,-1.584,0.5643,-2.2515,-1.3013,-2.0021,-1.5954,0.2953,GO_GOAL
5.338,-2.0402,-1.5816,0.5643,-2.2489,-1.2978,-2.0021,-1.5954,0.2925,GO_GOAL
5.358,-2.0365,-1.5793,0.5643,-2.2464,-1.2942,-2.0021,-1.5954,0.2898,GO_GOAL
5.378,-2.0328,-1.5769,0.5643,-2.2438,-1.2906,-2.0021,-1.5954,0.2871,GO_GOAL
5.398,-2.0291,-1.5746,0.5643,-2.2412,-1.287,-2.0021,-1.5954,0.2843,GO_GOAL
5.418,-2.0255,-1.5723,0.5646,-2.2387,-1.2834,-1.9835,-1.5836,0.2818,GO_GOAL
5.438,-2.022,-1.5701,0.5655,-2.2361,-1.2799,-1.9835,-1.5836,0.2793,GO_GOAL
5.458,-2.0185,-1.5679,0.5669,-2.2336,-1.2763,-1.9835,-1.5836,0.2768,GO_GOAL
5.478,-2.0149,-1.5656,0.569,-2.2311,-1.2727,-1.9835,-1.5836,0.2743,GO_GOAL
5.498,-2.0113,-1.5633,0.5717,-2.2286,-1.2692,-1.9835,-1.5836,0.2718,GO_GOAL
5.518,-2.0077,-1.5609,0.575,-2.2237,-1.262,-1.965,-1.5719,0.2694,GO_GOAL
5.538,-2.004,-1.5586,0.5784,-2.2237,-1.262,-1.965,-1.5719,0.2669,GO_GOAL
5.558,-2.0004,-1.5562,0.5819,-2.2212,-1.2584,-1.965,-1.5719,0.2644,GO_GOAL
5.578,-1.9968,-1.5538,0.5854,-2.2187,-1.2547,-1.965,-1.5719,0.262,GO_GOAL
5.598,-1.9932,-1.5514,0.5889,-2.2163,-1.2511,-1.965,-1.5719,0.2595,GO_GOAL
5.618,-1.9896,-1.549,0.5924,-2.2139,-1.2475,-1.9467,-1.56,0.2571,GO_GOAL
5.638,-1.986,-1.5466,0.5959,-2.2115,-1.2438,-1.9467,-1.56,0.2547,GO_GOAL
5.658,-1.9824,-1.5441,0.5994,-2.2067,-1.2365,-1.9467,-1.56,0.2523,GO_GOAL
5.678,-1.9789,-1.5417,0.6029,-2.2067,-1.2365,-1.9467,-1.56,0.2499,GO_GOAL
5.698,-1.9753,-1.5392,0.6064,-2.2043,-1.2329,-1.9467,-1.56,0.2475,GO_GOAL
5.718,-1.9718,-1.5368,0.6099,-2.202,-1.2292,-1.9287,-1.5477,0.2451,GO_GOAL
5.738,-1.9682,-1.5343,0.6133,-2.1996,-1.2255,-1.9287,-1.5477,0.2428,GO_GOAL
5.758,-1.9647,-1.5319,0.6168,-2.1972,-1.2218,-1.9287,-1.5477,0.2405,GO_GOAL
5.778,-1.9609,-1.5292,0.6197,-2.1949,-1.2181,-1.9287,-1.5477,0.238,GO_GOAL
5.798,-1.9572,-1.5266,0.6221,-2.1925,-1.2144,-1.9287,-1.5477,0.2355,GO_GOAL
5.818,-1.9535,-1.5239,0.6238,-2.1901,-1.2107,-1.9107,-1.5351,0.233,GO_GOAL
5.838,-1.9499,-1.5213,0.6249,-2.1878,-1.2069,-1.9107,-1.5351,0.2306,GO_GOAL
5.858,-1.9463,-1.5187,0.6255,-2.1854,-1.2032,-1.9107,-1.5351,0.2281,GO_GOAL
5.878,-1.9427,-1.5161,0.6255,-2.183,-1.1995,-1.9107,-1.5351,0.2258,GO_GOAL
5.898,-1.9392,-1.5135,0.6255,-2.1783,-1.1921,-1.9107,-1.5351,0.2234,GO_GOAL
5.918,-1.9356,-1.511,0.6255,-2.1783,-1.1921,-1.8928,-1.5223,0.2211,GO_GOAL
5.938,-1.932,-1.5084,0.6255,-2.1759,-1.1884,-1.8928,-1.5223,0.2188,GO_GOAL
5.958,-1.9285,-1.5058,0.6255,-2.1736,-1.1847,-1.8928,-1.5223,0.2165,GO_GOAL
5.978,-1.9249,-1.5032,0.6255,-2.1712,-1.181,-1.8928,-1.5223,0.2143,GO_GOAL
5.998,-1.9213,-1.5007,0.6255,-2.1665,-1.1736,-1.8928,-1.5223,0.2121,GO_GOAL
6.018,-1.9178,-1.4981,0.6255,-2.1641,-1.1699,-1.875,-1.5094,0.2099,GO_GOAL
6.038,-1.9142,-1.4955,0.6255,-2.1641,-1.1699,-1.875,-1.5094,0.2077,GO_GOAL
6.058,-1.9106,-1.493,0.6255,-2.1617,-1.1662,-1.875,-1.5094,0.2056,GO_GOAL
6.078,-1.9071,-1.4904,0.6255,-2.1594,-1.1624,-1.875,-1.5094,0.2036,GO_GOAL
6.098,-1.9035,-1.4879,0.6255,-2.157,-1.1587,-1.875,-1.5094,0.2015,GO_GOAL
6.118,-1.9,-1.4854,0.6255,-2.1546,-1.155,-1.8572,-1.4965,0.1995,GO_GOAL
6.138,-1.8964,-1.4829,0.6255,-2.1522,-1.1513,-1.8572,-1.4965,0.1976,GO_GOAL
6.158,-1.8928,-1.4803,0.6255,-2.1475,-1.1439,-1.8572,-1.4965,0.1956,GO_GOAL
6.178,-1.8893,-1.4777,0.6255,-2.1475,-1.1439,-1.8572,-1.4965,0.1937,GO_GOAL
6.198,-1.8857,-1.4751,0.6255,-2.1451,-1.1402,-1.8572,-1.4965,0.1917,GO_GOAL
6.218,-1.882,-1.4725,0.6252,-2.1404,-1.1328,-1.8572,-1.4965,0.1897,GO_GOAL
6.238,-1.8783,-1.4698,0.6243,-2.1404,-1.1328,-1.8572,-1.4965,0.1878,GO_GOAL
6.258,-1.8746,-1.4671,0.6228,-2.1381,-1.1291,-1.8393,-1.4836,0.1859,AVOID
6.278,-1.8709,-1.4645,0.6207,-2.1357,-1.1255,-1.8393,-1.4836,0.184,AVOID
6.298,-1.8673,-1.4619,0.6181,-2.1333,-1.1218,-1.8393,-1.4836,0.1822,AVOID
6.318,-1.8637,-1.4594,0.6148,-2.1309,-1.1182,-1.818,-1.4683,0.1804,AVOID
6.338,-1.8601,-1.4568,0.6113,-2.1285,-1.1145,-1.818,-1.4683,0.1786,AVOID
6.358,-1.8565,-1.4543,0.6078,-2.126,-1.1109,-1.818,-1.4683,0.1769,AVOID
6.378,-1.8529,-1.4518,0.6043,-2.1236,-1.1073,-1.818,-1.4683,0.1753,AVOID
6.398,-1.8493,-1.4493,0.6008,-2.1211,-1.1037,-1.818,-1.4683,0.1737,AVOID
6.418,-1.8458,-1.447,0.5976,-2.1186,-1.1001,-1.8037,-1.4583,0.1722,GO_GOAL
6.438,-1.8423,-1.4446,0.595,-2.1137,-1.0928,-1.8037,-1.4583,0.1708,GO_GOAL
6.458,-1.8388,-1.4422,0.5925,-2.1112,-1.0892,-1.8037,-1.4583,0.1694,GO_GOAL
6.478,-1.8353,-1.4399,0.59,-2.1112,-1.0892,-1.8037,-1.4583,0.1681,GO_GOAL
6.498,-1.8318,-1.4375,0.5875,-2.1087,-1.0856,-1.8037,-1.4583,0.1668,GO_GOAL
6.518,-1.8283,-1.4352,0.585,-2.1037,-1.0784,-1.7855,-1.446,0.1655,GO_GOAL
6.538,-1.8248,-1.4328,0.583,-2.1037,-1.0784,-1.7855,-1.446,0.1643,GO_GOAL
6.558,-1.8212,-1.4305,0.5816,-2.1012,-1.0747,-1.7855,-1.446,0.1632,GO_GOAL
6.578,-1.8175,-1.4281,0.5808,-2.0987,-1.0711,-1.7855,-1.446,0.1621,GO_GOAL
6.598,-1.8139,-1.4257,0.5806,-2.0937,-1.0639,-1.7672,-1.4339,0.161,GO_GOAL
6.618,-1.8102,-1.4233,0.5806,-2.0937,-1.0639,-1.7672,-1.4339,0.16,GO_GOAL
6.638,-1.8065,-1.4209,0.5806,-2.0912,-1.0602,-1.7672,-1.4339,0.159,GO_GOAL
6.658,-1.8028,-1.4184,0.5806,-2.0887,-1.0566,-1.7672,-1.4339,0.1581,GO_GOAL
6.678,-1.7991,-1.416,0.5806,-2.0837,-1.0494,-1.7672,-1.4339,0.1572,GO_GOAL
6.698,-1.7955,-1.4136,0.5806,-2.0837,-1.0494,-1.7672,-1.4339,0.1564,GO_GOAL
6.718,-1.7918,-1.4112,0.5806,-2.0812,-1.0457,-1.7488,-1.4218,0.1556,GO_GOAL
6.738,-1.7881,-1.4088,0.5806,-2.0787,-1.0421,-1.7488,-1.4218,0.1548,GO_GOAL
6.758,-1.7844,-1.4064,0.5806,-2.0762,-1.0385,-1.7488,-1.4218,0.1541,GO_GOAL
6.778,-1.7808,-1.404,0.5806,-2.0737,-1.0349,-1.7488,-1.4218,0.1534,GO_GOAL
6.798,-1.7771,-1.4016,0.5806,-2.0712,-1.0313,-1.7488,-1.4218,0.1527,GO_GOAL
6.818,-1.7735,-1.3991,0.5806,-2.0687,-1.0276,-1.7304,-1.4098,0.1521,GO_GOAL
6.838,-1.7699,-1.3967,0.5806,-2.0662,-1.024,-1.7304,-1.4098,0.1515,GO_GOAL
6.858,-1.7662,-1.3943,0.5806,-2.0637,-1.0204,-1.7304,-1.4098,0.151,GO_GOAL
6.878,-1.7626,-1.3919,0.5806,-2.0612,-1.0168,-1.7304,-1.4098,0.1505,GO_GOAL
6.898,-1.7589,-1.3895,0.5806,-2.0587,-1.0131,-1.7304,-1.4098,0.15,GO_GOAL
6.918,-1.7552,-1.3871,0.5806,-2.0562,-1.0095,-1.712,-1.3977,0.1496,GO_GOAL
6.938,-1.7515,-1.3847,0.5806,-2.0538,-1.0059,-1.712,-1.3977,0.1493,GO_GOAL
6.958,-1.7478,-1.3822,0.5806,-2.0513,-1.0023,-1.712,-1.3977,0.149,GO_GOAL
6.978,-1.7442,-1.3798,0.5806,-2.0488,-0.9986,-1.712,-1.3977,0.1487,GO_GOAL
6.998,-1.7405,-1.3774,0.5806,-2.0463,-0.995,-1.712,-1.3977,0.1485,GO_GOAL
7.018,-1.7368,-1.375,0.5806,-2.0438,-0.9914,-1.6936,-1.3856,0.1483,GO_GOAL
7.038,-1.7331,-1.3726,0.5806,-2.0413,-0.9878,-1.6936,-1.3856,0.1481,GO_GOAL
7.058,-1.7295,-1.3702,0.5806,-2.0388,-0.9841,-1.6936,-1.3856,0.148,GO_GOAL
7.078,-1.7258,-1.3678,0.5806,-2.0363,-0.9805,-1.6936,-1.3856,0.1479,GO_GOAL
7.098,-1.7221,-1.3654,0.5806,-2.0338,-0.9769,-1.6936,-1.3856,0.1479,GO_GOAL
7.118,-1.7184,-1.363,0.5806,-2.0313,-0.9733,-1.6715,-1.3712,0.1479,GO_GOAL
7.138,-1.7148,-1.3605,0.5806,-2.0288,-0.9697,-1.6715,-1.3712,0.148,GO_GOAL
7.158,-1.7111,-1.3581,0.5806,-2.0263,-0.966,-1.6715,-1.3712,0.1481,GO_GOAL
7.178,-1.7075,-1.3557,0.5806,-2.0238,-0.9624,-1.6715,-1.3712,0.1483,GO_GOAL
7.198,-1.7038,-1.3533,0.5806,-2.0188,-0.9552,-1.6715,-1.3712,0.1484,GO_GOAL
7.218,-1.7001,-1.3509,0.5806,-2.0188,-0.9552,-1.6568,-1.3615,0.1487,GO_GOAL
7.238,-1.6964,-1.3485,0.5806,-2.0163,-0.9515,-1.6568,-1.3615,0.1489,GO_GOAL
7.258,-1.6928,-1.3461,0.5806,-2.0138,-0.9479,-1.6568,-1.3615,0.1493,GO_GOAL
7.278,-1.6891,-1.3437,0.5806,-2.0113,-0.9443,-1.6568,-1.3615,0.1496,GO_GOAL
7.298,-1.6854,-1.3413,0.5806,-2.0088,-0.9407,-1.6568,-1.3615,0.15,GO_GOAL
7.318,-1.6817,-1.3389,0.5806,-2.0063,-0.937,-1.6384,-1.3495,0.1505,GO_GOAL
7.338,-1.678,-1.3364,0.5806,-2.0013,-0.9298,-1.6384,-1.3495,0.1509,GO_GOAL
7.358,-1.6744,-1.334,0.5806,-2.0013,-0.9298,-1.6384,-1.3495,0.1515,GO_GOAL
7.378,-1.6707,-1.3316,0.5806,-1.9988,-0.9262,-1.6384,-1.3495,0.152,GO_GOAL
7.398,-1.667,-1.3292,0.5806,-1.9963,-0.9225,-1.6384,-1.3495,0.1526,GO_GOAL
7.418,-1.6633,-1.3268,0.5806,-1.9938,-0.9189,-1.62,-1.3374,0.1533,GO_GOAL
7.438,-1.6597,-1.3244,0.5806,-1.9913,-0.9153,-1.62,-1.3374,0.154,GO_GOAL
7.458,-1.656,-1.322,0.5806,-1.9889,-0.9117,-1.62,-1.3374,0.1547,GO_GOAL
7.478,-1.6523,-1.3196,0.5806,-1.9864,-0.9081,-1.62,-1.3374,0.1554,GO_GOAL
7.498,-1.6487,-1.3172,0.5806,-1.9839,-0.9044,-1.62,-1.3374,0.1563,GO_GOAL
7.518,-1.645,-1.3148,0.5806,-1.9814,-0.9008,-1.6016,-1.3254,0.1571,GO_GOAL
7.538,-1.6413,-1.3124,0.5806,-1.9789,-0.8972,-1.6016,-1.3254,0.158,GO_GOAL
7.558,-1.6377,-1.31,0.5806,-1.9764,-0.8936,-1.6016,-1.3254,0.1589,GO_GOAL
7.578,-1.634,-1.3075,0.5806,-1.9739,-0.8899,-1.6016,-1.3254,0.1599,GO_GOAL
7.598,-1.6303,-1.3051,0.5806,-1.9714,-0.8863,-1.6016,-1.3254,0.1609,GO_GOAL
7.618,-1.6266,-1.3027,0.5806,-1.9689,-0.8827,-1.5832,-1.3133,0.1619,GO_GOAL
7.638,-1.6229,-1.3003,0.5806,-1.9664,-0.8791,-1.5832,-1.3133,0.163,GO_GOAL
7.658,-1.6193,-1.2979,0.5806,-1.9639,-0.8754,-1.5832,-1.3133,0.1641,GO_GOAL
7.678,-1.6156,-1.2955,0.5806,-1.9614,-0.8718,-1.5832,-1.3133,0.1653,GO_GOAL
7.698,-1.6119,-1.2931,0.5806,-1.9589,-0.8682,-1.5832,-1.3133,0.1665,GO_GOAL
7.718,-1.6082,-1.2906,0.5806,-1.9564,-0.8646,-1.5648,-1.3012,0.1677,GO_GOAL
7.738,-1.6045,-1.2882,0.5806,-1.9539,-0.8609,-1.5648,-1.3012,0.169,GO_GOAL
7.758,-1.6009,-1.2858,0.5806,-1.9489,-0.8537,-1.5648,-1.3012,0.1703,GO_GOAL
7.778,-1.5972,-1.2834,0.5806,-1.9489,-0.8537,-1.5648,-1.3012,0.1716,GO_GOAL
7.798,-1.5936,-1.281,0.5806,-1.9464,-0.8501,-1.5648,-1.3012,0.173,GO_GOAL
7.818,-1.5899,-1.2786,0.5806,-1.9439,-0.8465,-1.5463,-1.2892,0.1744,GO_GOAL
7.838,-1.5862,-1.2762,0.5806,-1.9414,-0.8428,-1.5463,-1.2892,0.1759,GO_GOAL
7.858,-1.5825,-1.2738,0.5806,-1.9364,-0.8356,-1.5463,-1.2892,0.1774,GO_GOAL
7.878,-1.5789,-1.2714,0.5806,-1.9364,-0.8356,-1.5463,-1.2892,0.1789,GO_GOAL
7.898,-1.5752,-1.269,0.5806,-1.9339,-0.832,-1.5463,-1.2892,0.1805,GO_GOAL
7.918,-1.5715,-1.2666,0.5806,-1.9314,-0.8283,-1.5243,-1.2747,0.1821,GO_GOAL
7.938,-1.5678,-1.2641,0.5806,-1.9289,-0.8247,-1.5243,-1.2747,0.1837,GO_GOAL
7.958,-1.5641,-1.2617,0.5806,-1.924,-0.8175,-1.5243,-1.2747,0.1853,GO_GOAL
7.978,-1.5605,-1.2593,0.5806,-1.924,-0.8175,-1.5243,-1.2747,0.187,GO_GOAL
7.998,-1.5568,-1.2569,0.5806,-1.9215,-0.8138,-1.5243,-1.2747,0.1888,GO_GOAL
8.018,-1.5531,-1.2545,0.5806,-1.919,-0.8102,-1.5095,-1.2651,0.1905,GO_GOAL
8.038,-1.5494,-1.2521,0.5806,-1.9165,-0.8066,-1.5095,-1.2651,0.1923,GO_GOAL
8.058,-1.5458,-1.2497,0.5806,-1.914,-0.803,-1.5095,-1.2651,0.1941,GO_GOAL
8.078,-1.5421,-1.2473,0.5806,-1.9115,-0.7993,-1.5095,-1.2651,0.196,GO_GOAL
8.096,-1.5384,-1.2449,0.5806,-1.909,-0.7957,-1.5095,-1.2651,0.1979,GO_GOAL
8.118,-1.5348,-1.2425,0.5806,-1.9065,-0.7921,-1.4875,-1.2506,0.1998,GO_GOAL
8.138,-1.5311,-1.2401,0.5806,-1.904,-0.7885,-1.4875,-1.2506,0.2017,GO_GOAL
8.158,-1.5274,-1.2376,0.5806,-1.899,-0.7812,-1.4875,-1.2506,0.2037,GO_GOAL
8.178,-1.5237,-1.2352,0.5806,-1.899,-0.7812,-1.4875,-1.2506,0.2057,GO_GOAL
8.198,-1.5201,-1.2328,0.5806,-1.8965,-0.7776,-1.4875,-1.2506,0.2077,GO_GOAL
8.218,-1.5164,-1.2304,0.5806,-1.894,-0.774,-1.4727,-1.2409,0.2098,GO_GOAL
8.238,-1.5127,-1.228,0.5806,-1.8915,-0.7704,-1.4727,-1.2409,0.2119,GO_GOAL
8.258,-1.509,-1.2256,0.5806,-1.889,-0.7667,-1.4727,-1.2409,0.214,GO_GOAL
8.278,-1.5053,-1.2232,0.5806,-1.8865,-0.7631,-1.4727,-1.2409,0.2162,GO_GOAL
8.298,-1.5017,-1.2207,0.5806,-1.884,-0.7595,-1.4727,-1.2409,0.2184,GO_GOAL
8.318,-1.498,-1.2183,0.5806,-1.8815,-0.7559,-1.4543,-1.2289,0.2206,GO_GOAL
8.338,-1.4943,-1.2159,0.5806,-1.879,-0.7522,-1.4543,-1.2289,0.2228,GO_GOAL
8.358,-1.4907,-1.2135,0.5806,-1.874,-0.745,-1.4543,-1.2289,0.2251,GO_GOAL
8.378,-1.487,-1.2111,0.5806,-1.8715,-0.7414,-1.4543,-1.2289,0.2273,GO_GOAL
8.398,-1.4833,-1.2087,0.5806,-1.8715,-0.7414,-1.4543,-1.2289,0.2296,GO_GOAL
8.418,-1.4796,-1.2063,0.5806,-1.8665,-0.7341,-1.4359,-1.2168,0.232,GO_GOAL
8.438,-1.476,-1.2039,0.5806,-1.8665,-0.7341,-1.4359,-1.2168,0.2344,GO_GOAL
8.458,-1.4723,-1.2015,0.5806,-1.864,-0.7305,-1.4359,-1.2168,0.2367,GO_GOAL
8.478,-1.4686,-1.1991,0.5806,-1.8616,-0.7269,-1.4359,-1.2168,0.2392,GO_GOAL
8.498,-1.4649,-1.1966,0.5806,-1.8591,-0.7233,-1.4359,-1.2168,0.2416,GO_GOAL
8.518,-1.4612,-1.1942,0.5806,-1.8566,-0.7196,-1.4175,-1.2048,0.2441,GO_GOAL
8.538,-1.4576,-1.1918,0.5806,-1.8541,-0.716,-1.4175,-1.2048,0.2466,GO_GOAL
8.558,-1.4539,-1.1894,0.5806,-1.8516,-0.7124,-1.4175,-1.2048,0.2491,GO_GOAL
8.578,-1.4502,-1.187,0.5806,-1.8466,-0.7051,-1.4175,-1.2048,0.2516,GO_GOAL
8.598,-1.4466,-1.1846,0.5806,-1.8466,-0.7051,-1.4175,-1.2048,0.2542,GO_GOAL
8.618,-1.4429,-1.1822,0.5806,-1.8441,-0.7015,-1.3991,-1.1927,0.2567,GO_GOAL
8.638,-1.4392,-1.1798,0.5806,-1.8416,-0.6979,-1.3991,-1.1927,0.2593,GO_GOAL
8.658,-1.4355,-1.1774,0.5806,-1.8391,-0.6943,-1.3991,-1.1927,0.2619,GO_GOAL
8.678,-1.4319,-1.175,0.5806,-1.8366,-0.6906,-1.3991,-1.1927,0.2646,GO_GOAL
8.698,-1.4282,-1.1725,0.5806,-1.8341,-0.687,-1.3991,-1.1927,0.2673,GO_GOAL
8.718,-1.4245,-1.1701,0.5806,-1.8316,-0.6834,-1.3807,-1.1806,0.2699,GO_GOAL
8.738,-1.4208,-1.1677,0.5806,-1.8266,-0.6762,-1.3807,-1.1806,0.2727,GO_GOAL
8.758,-1.4171,-1.1653,0.5806,-1.8266,-0.6762,-1.3807,-1.1806,0.2754,GO_GOAL
8.778,-1.4135,-1.1629,0.5806,-1.8241,-0.6725,-1.3807,-1.1806,0.2781,GO_GOAL
8.798,-1.4098,-1.1605,0.5806,-1.8216,-0.6689,-1.3807,-1.1806,0.2809,GO_GOAL
8.818,-1.4061,-1.1581,0.5806,-1.8191,-0.6653,-1.3623,-1.1686,0.2837,GO_GOAL
8.838,-1.4024,-1.1557,0.5806,-1.8166,-0.6617,-1.3623,-1.1686,0.2865,GO_GOAL
8.858,-1.3988,-1.1533,0.5806,-1.8141,-0.658,-1.3623,-1.1686,0.2893,GO_GOAL
8.878,-1.3951,-1.1509,0.5806,-1.8116,-0.6544,-1.3623,-1.1686,0.2922,GO_GOAL
8.898,-1.3914,-1.1484,0.5806,-1.8091,-0.6508,-1.3623,-1.1686,0.295,GO_GOAL
8.918,-1.3878,-1.146,0.5806,-1.8066,-0.6472,-1.3439,-1.1565,0.2979,GO_GOAL
8.938,-1.3841,-1.1436,0.5806,-1.8041,-0.6435,-1.3439,-1.1565,0.3008,GO_GOAL
8.958,-1.3804,-1.1412,0.5806,-1.8016,-0.6399,-1.3439,-1.1565,0.3037,GO_GOAL
8.978,-1.3767,-1.1388,0.5806,-1.7991,-0.6363,-1.3439,-1.1565,0.3067,GO_GOAL
8.998,-1.373,-1.1364,0.5806,-1.7967,-0.6327,-1.3439,-1.1565,0.3096,GO_GOAL
9.018,-1.3694,-1.134,0.5806,-1.7917,-0.6254,-1.3255,-1.1445,0.3126,GO_GOAL
9.038,-1.3657,-1.1315,0.5806,-1.7917,-0.6254,-1.3255,-1.1445,0.3156,GO_GOAL
9.058,-1.362,-1.1291,0.5806,-1.7892,-0.6218,-1.3255,-1.1445,0.3186,GO_GOAL
9.078,-1.3584,-1.1267,0.5806,-1.7867,-0.6182,-1.3255,-1.1445,0.3216,GO_GOAL
9.098,-1.3547,-1.1243,0.5806,-1.7842,-0.6146,-1.3255,-1.1445,0.3246,GO_GOAL
9.118,-1.351,-1.1219,0.5806,-1.7792,-0.6073,-1.3071,-1.1324,0.3277,GO_GOAL
9.138,-1.3473,-1.1195,0.5806,-1.7792,-0.6073,-1.3071,-1.1324,0.3308,GO_GOAL
9.158,-1.3436,-1.1171,0.5806,-1.7742,-0.6001,-1.3071,-1.1324,0.3338,GO_GOAL
9.178,-1.34,-1.1147,0.5806,-1.7742,-0.6001,-1.3071,-1.1324,0.3369,GO_GOAL
9.198,-1.3363,-1.1123,0.5806,-1.7717,-0.5964,-1.3071,-1.1324,0.3401,GO_GOAL
9.218,-1.3326,-1.1098,0.5806,-1.7667,-0.5892,-1.2887,-1.1204,0.3432,GO_GOAL
9.238,-1.3289,-1.1074,0.5806,-1.7667,-0.5892,-1.2887,-1.1204,0.3463,GO_GOAL
9.258,-1.3253,-1.105,0.5806,-1.7642,-0.5856,-1.2887,-1.1204,0.3495,GO_GOAL
9.278,-1.3216,-1.1026,0.5806,-1.7617,-0.5819,-1.2887,-1.1204,0.3526,GO_GOAL
9.298,-1.3179,-1.1002,0.5806,-1.7592,-0.5783,-1.2887,-1.1204,0.3558,GO_GOAL
9.318,-1.3142,-1.0978,0.5806,-1.7567,-0.5747,-1.2703,-1.1083,0.359,GO_GOAL
9.338,-1.3106,-1.0954,0.5806,-1.7517,-0.5674,-1.2703,-1.1083,0.3622,GO_GOAL
9.358,-1.3069,-1.093,0.5806,-1.7517,-0.5674,-1.2703,-1.1083,0.3655,GO_GOAL
9.378,-1.3032,-1.0906,0.5806,-1.7492,-0.5638,-1.2703,-1.1083,0.3687,GO_GOAL
9.398,-1.2995,-1.0881,0.5806,-1.7467,-0.5602,-1.2703,-1.1083,0.372,GO_GOAL
9.418,-1.2958,-1.0857,0.5806,-1.7417,-0.553,-1.2519,-1.0962,0.3752,GO_GOAL
9.438,-1.2922,-1.0833,0.5806,-1.7417,-0.553,-1.2519,-1.0962,0.3785,GO_GOAL
9.458,-1.2885,-1.0809,0.5806,-1.7392,-0.5493,-1.2519,-1.0962,0.3818,GO_GOAL
9.478,-1.2848,-1.0785,0.5806,-1.7367,-0.5457,-1.2519,-1.0962,0.3851,GO_GOAL
9.498,-1.2812,-1.0761,0.5806,-1.7342,-0.5421,-1.2519,-1.0962,0.3884,GO_GOAL
9.518,-1.2775,-1.0737,0.5806,-1.7318,-0.5385,-1.2335,-1.0842,0.3917,GO_GOAL
9.538,-1.2738,-1.0713,0.5806,-1.7293,-0.5348,-1.2335,-1.0842,0.3951,GO_GOAL
9.558,-1.2701,-1.0689,0.5806,-1.7268,-0.5312,-1.2335,-1.0842,0.3984,GO_GOAL
9.578,-1.2664,-1.0664,0.5806,-1.7243,-0.5276,-1.2335,-1.0842,0.4018,GO_GOAL
9.598,-1.2628,-1.064,0.5806,-1.7218,-0.524,-1.2335,-1.0842,0.4051,GO_GOAL
9.618,-1.2591,-1.0616,0.5806,-1.7193,-0.5203,-1.2151,-1.0721,0.4085,GO_GOAL
9.638,-1.2554,-1.0592,0.5806,-1.7168,-0.5167,-1.2151,-1.0721,0.4119,GO_GOAL
9.658,-1.2517,-1.0568,0.5806,-1.7143,-0.5131,-1.2151,-1.0721,0.4153,GO_GOAL
9.678,-1.2481,-1.0544,0.5806,-1.7118,-0.5095,-1.2151,-1.0721,0.4187,GO_GOAL
9.698,-1.2444,-1.052,0.5806,-1.7093,-0.5058,-1.2151,-1.0721,0.4222,GO_GOAL
9.718,-1.2407,-1.0496,0.5806,-1.7068,-0.5022,-1.1931,-1.0576,0.4256,GO_GOAL
9.738,-1.237,-1.0471,0.5806,-1.7043,-0.4986,-1.1931,-1.0576,0.4281,GO_GOAL
9.758,-1.2334,-1.0447,0.5806,-1.7018,-0.495,-1.1931,-1.0576,0.4302,GO_GOAL
9.778,-1.2297,-1.0423,0.5806,-1.6993,-0.4914,-1.1931,-1.0576,0.4323,GO_GOAL
9.798,-1.226,-1.0399,0.5806,-1.6968,-0.4877,-1.1931,-1.0576,0.4344,GO_GOAL
9.818,-1.2223,-1.0375,0.5806,-1.6943,-0.4841,-1.1783,-1.048,0.4366,GO_GOAL
9.838,-1.2186,-1.0351,0.5806,-1.6918,-0.4805,-1.1783,-1.048,0.4387,GO_GOAL
9.858,-1.215,-1.0327,0.5806,-1.6893,-0.4769,-1.1783,-1.048,0.4409,GO_GOAL
9.878,-1.2113,-1.0303,0.5806,-1.6843,-0.4696,-1.1783,-1.048,0.4431,GO_GOAL
9.898,-1.2076,-1.0279,0.5806,-1.6818,-0.466,-1.1783,-1.048,0.4454,GO_GOAL
9.918,-1.2039,-1.0254,0.5806,-1.6818,-0.466,-1.1599,-1.0359,0.4476,GO_GOAL
9.938,-1.2003,-1.023,0.5806,-1.6793,-0.4624,-1.1599,-1.0359,0.4499,GO_GOAL
9.958,-1.1966,-1.0206,0.5806,-1.6768,-0.4587,-1.1599,-1.0359,0.4522,GO_GOAL
9.978,-1.1929,-1.0182,0.5806,-1.6743,-0.4551,-1.1599,-1.0359,0.4545,GO_GOAL
9.998,-1.1892,-1.0158,0.5806,-1.6694,-0.4479,-1.1599,-1.0359,0.4568,GO_GOAL
10.018,-1.1856,-1.0134,0.5806,-1.6694,-0.4479,-1.1415,-1.0239,0.4592,GO_GOAL
10.038,-1.1819,-1.011,0.5806,-1.6644,-0.4406,-1.1415,-1.0239,0.4615,GO_GOAL
10.058,-1.1782,-1.0086,0.5806,-1.6644,-0.4406,-1.1415,-1.0239,0.4639,GO_GOAL
10.078,-1.1745,-1.0061,0.5806,-1.6619,-0.437,-1.1415,-1.0239,0.4663,GO_GOAL
10.098,-1.1708,-1.0037,0.5806,-1.6594,-0.4334,-1.1415,-1.0239,0.4687,GO_GOAL
10.118,-1.1672,-1.0013,0.5806,-1.6569,-0.4298,-1.1231,-1.0118,0.4712,GO_GOAL
10.138,-1.1635,-0.9989,0.5806,-1.6519,-0.4225,-1.1231,-1.0118,0.4736,GO_GOAL
10.158,-1.1598,-0.9965,0.5806,-1.6519,-0.4225,-1.1231,-1.0118,0.4761,GO_GOAL
10.178,-1.1561,-0.9941,0.5806,-1.6469,-0.4153,-1.1231,-1.0118,0.4786,GO_GOAL
10.198,-1.1525,-0.9917,0.5806,-1.6469,-0.4153,-1.1231,-1.0118,0.4811,GO_GOAL
10.218,-1.1488,-0.9893,0.5806,-1.6444,-0.4116,-1.1047,-0.9998,0.4836,GO_GOAL
10.238,-1.1451,-0.9868,0.5806,-1.6419,-0.408,-1.1047,-0.9998,0.4861,GO_GOAL
10.258,-1.1414,-0.9844,0.5806,-1.6394,-0.4044,-1.1047,-0.9998,0.4887,GO_GOAL
10.278,-1.1377,-0.982,0.5806,-1.6369,-0.4008,-1.1047,-0.9998,0.4912,GO_GOAL
10.298,-1.1341,-0.9796,0.5806,-1.6344,-0.3971,-1.1047,-0.9998,0.4938,GO_GOAL
10.318,-1.1304,-0.9772,0.5806,-1.6319,-0.3935,-1.0863,-0.9877,0.4964,GO_GOAL
10.338,-1.1267,-0.9748,0.5806,-1.6294,-0.3899,-1.0863,-0.9877,0.497,GO_GOAL
10.358,-1.123,-0.9724,0.5806,-1.6269,-0.3863,-1.0863,-0.9877,0.494,GO_GOAL
10.378,-1.1193,-0.9699,0.5806,-1.6244,-0.3827,-1.0863,-0.9877,0.4909,GO_GOAL
10.398,-1.1157,-0.9675,0.5806,-1.6219,-0.379,-1.0863,-0.9877,0.4879,GO_GOAL
10.418,-1.112,-0.9651,0.5806,-1.6194,-0.3754,-1.0679,-0.9756,0.4849,GO_GOAL
10.438,-1.1083,-0.9627,0.5806,-1.6169,-0.3718,-1.0679,-0.9756,0.4819,GO_GOAL
10.458,-1.1046,-0.9603,0.5806,-1.6144,-0.3682,-1.0679,-0.9756,0.4789,GO_GOAL
10.478,-1.1009,-0.9579,0.5806,-1.6119,-0.3645,-1.0679,-0.9756,0.4759,GO_GOAL
10.498,-1.0973,-0.9555,0.5806,-1.6094,-0.3609,-1.0679,-0.9756,0.4729,GO_GOAL
10.518,-1.0936,-0.9531,0.5806,-1.6069,-0.3573,-1.0495,-0.9636,0.4699,GO_GOAL
10.538,-1.0899,-0.9506,0.5806,-1.6045,-0.3537,-1.0495,-0.9636,0.467,GO_GOAL
10.558,-1.0862,-0.9482,0.5806,-1.602,-0.35,-1.0495,-0.9636,0.4641,GO_GOAL
10.578,-1.0825,-0.9458,0.5806,-1.5995,-0.3464,-1.0495,-0.9636,0.4612,GO_GOAL
10.598,-1.0789,-0.9434,0.5806,-1.597,-0.3428,-1.0495,-0.9636,0.4582,GO_GOAL
10.618,-1.0752,-0.941,0.5806,-1.5945,-0.3392,-1.0311,-0.9515,0.4554,GO_GOAL
10.638,-1.0715,-0.9386,0.5806,-1.5895,-0.3319,-1.0311,-0.9515,0.4525,GO_GOAL
10.658,-1.0678,-0.9362,0.5806,-1.5895,-0.3319,-1.0311,-0.9515,0.4496,GO_GOAL
10.678,-1.0642,-0.9337,0.5806,-1.5845,-0.3247,-1.0311,-0.9515,0.4468,GO_GOAL
10.698,-1.0605,-0.9313,0.5806,-1.5845,-0.3247,-1.0311,-0.9515,0.4439,GO_GOAL
10.718,-1.0568,-0.9289,0.5806,-1.582,-0.3211,-1.0127,-0.9395,0.4411,GO_GOAL
10.738,-1.0531,-0.9265,0.5806,-1.5795,-0.3174,-1.0127,-0.9395,0.4383,GO_GOAL
10.758,-1.0494,-0.9241,0.5806,-1.577,-0.3138,-1.0127,-0.9395,0.4355,GO_GOAL
10.778,-1.0458,-0.9217,0.5806,-1.5745,-0.3102,-1.0127,-0.9395,0.4328,GO_GOAL
10.798,-1.0421,-0.9193,0.5806,-1.572,-0.3066,-1.0127,-0.9395,0.43,GO_GOAL
10.818,-1.0384,-0.9169,0.5806,-1.5695,-0.3029,-0.9943,-0.9274,0.4273,GO_GOAL
10.838,-1.0347,-0.9144,0.5806,-1.567,-0.2993,-0.9943,-0.9274,0.4246,GO_GOAL
10.858,-1.031,-0.912,0.5806,-1.5645,-0.2957,-0.9943,-0.9274,0.4219,GO_GOAL
10.878,-1.0274,-0.9096,0.5806,-1.562,-0.2921,-0.9943,-0.9274,0.4192,GO_GOAL
10.898,-1.0237,-0.9072,0.5806,-1.5595,-0.2884,-0.9943,-0.9274,0.4165,GO_GOAL
10.918,-1.02,-0.9048,0.5806,-1.557,-0.2848,-0.9723,-0.9129,0.4138,GO_GOAL
10.938,-1.0163,-0.9024,0.5806,-1.5545,-0.2812,-0.9723,-0.9129,0.4112,GO_GOAL
10.958,-1.0126,-0.9,0.5806,-1.552,-0.2776,-0.9723,-0.9129,0.4086,GO_GOAL
10.978,-1.009,-0.8975,0.5806,-1.5495,-0.2739,-0.9723,-0.9129,0.406,GO_GOAL
10.998,-1.0053,-0.8951,0.5806,-1.547,-0.2703,-0.9723,-0.9129,0.4034,GO_GOAL
11.018,-1.0016,-0.8927,0.5806,-1.542,-0.2631,-0.9575,-0.9033,0.4008,GO_GOAL
11.038,-0.9979,-0.8903,0.5806,-1.542,-0.2631,-0.9575,-0.9033,0.3983,GO_GOAL
11.058,-0.9943,-0.8879,0.5806,-1.5396,-0.2595,-0.9575,-0.9033,0.3958,GO_GOAL
11.078,-0.9906,-0.8855,0.5806,-1.5371,-0.2558,-0.9575,-0.9033,0.3932,GO_GOAL
11.098,-0.9869,-0.8831,0.5806,-1.5346,-0.2522,-0.9391,-0.8912,0.3907,GO_GOAL
11.118,-0.9832,-0.8807,0.5806,-1.5321,-0.2486,-0.9391,-0.8912,0.3883,GO_GOAL
11.138,-0.9795,-0.8782,0.5806,-1.5296,-0.245,-0.9391,-0.8912,0.3858,GO_GOAL
11.158,-0.9759,-0.8758,0.5806,-1.5271,-0.2413,-0.9391,-0.8912,0.3834,GO_GOAL
11.178,-0.9722,-0.8734,0.5806,-1.5246,-0.2377,-0.9391,-0.8912,0.381,GO_GOAL
11.198,-0.9685,-0.871,0.5806,-1.5196,-0.2305,-0.9391,-0.8912,0.3786,GO_GOAL
11.218,-0.965,-0.8687,0.5808,-1.5171,-0.2269,-0.9207,-0.8792,0.3763,GO_GOAL
11.238,-0.9615,-0.8664,0.5815,-1.5171,-0.2269,-0.9207,-0.8792,0.3741,GO_GOAL
11.258,-0.958,-0.8641,0.5827,-1.5147,-0.2233,-0.9207,-0.8792,0.3719,GO_GOAL
11.278,-0.9545,-0.8618,0.5843,-1.5122,-0.2196,-0.9207,-0.8792,0.3697,GO_GOAL
11.298,-0.951,-0.8595,0.5864,-1.5098,-0.216,-0.9207,-0.8792,0.3675,GO_GOAL
11.318,-0.9474,-0.8571,0.589,-1.5073,-0.2124,-0.9025,-0.8672,0.3654,GO_GOAL
11.338,-0.9438,-0.8547,0.592,-1.5049,-0.2087,-0.9025,-0.8672,0.3632,GO_GOAL
11.358,-0.9403,-0.8523,0.5954,-1.5025,-0.2051,-0.9025,-0.8672,0.3611,GO_GOAL
11.378,-0.9367,-0.8498,0.5989,-1.5002,-0.2014,-0.9025,-0.8672,0.3589,GO_GOAL
11.398,-0.9331,-0.8474,0.6024,-1.4978,-0.1978,-0.9025,-0.8672,0.3568,GO_GOAL
11.418,-0.9295,-0.8449,0.6059,-1.4954,-0.1941,-0.8843,-0.855,0.3546,GO_GOAL
11.438,-0.926,-0.8425,0.6094,-1.4931,-0.1904,-0.8843,-0.855,0.3525,GO_GOAL
11.458,-0.9224,-0.84,0.6129,-1.4908,-0.1867,-0.8843,-0.855,0.3504,GO_GOAL
11.478,-0.9189,-0.8375,0.6164,-1.4861,-0.1793,-0.8843,-0.855,0.3483,GO_GOAL
11.498,-0.9153,-0.835,0.6199,-1.4861,-0.1793,-0.8843,-0.855,0.3462,GO_GOAL
11.518,-0.9117,-0.8323,0.6231,-1.4838,-0.1756,-0.8664,-0.8425,0.344,GO_GOAL
11.538,-0.908,-0.8296,0.6259,-1.4792,-0.1681,-0.8664,-0.8425,0.3417,GO_GOAL
11.558,-0.9043,-0.827,0.6282,-1.4792,-0.1681,-0.8664,-0.8425,0.3395,GO_GOAL
11.578,-0.9006,-0.8243,0.6301,-1.4769,-0.1643,-0.8664,-0.8425,0.3373,GO_GOAL
11.598,-0.897,-0.8216,0.6314,-1.4746,-0.1606,-0.8664,-0.8425,0.3352,GO_GOAL
11.618,-0.8934,-0.819,0.6323,-1.4723,-0.1568,-0.8486,-0.8296,0.333,GO_GOAL
11.638,-0.8898,-0.8164,0.6328,-1.47,-0.1531,-0.8486,-0.8296,0.3309,GO_GOAL
11.658,-0.8862,-0.8138,0.6328,-1.4677,-0.1493,-0.8486,-0.8296,0.3288,GO_GOAL
11.678,-0.8827,-0.8112,0.6328,-1.4654,-0.1456,-0.8486,-0.8296,0.3267,GO_GOAL
11.698,-0.8791,-0.8086,0.6328,-1.4631,-0.1418,-0.8486,-0.8296,0.3247,GO_GOAL
11.718,-0.8756,-0.806,0.6328,-1.4608,-0.1381,-0.8309,-0.8167,0.3226,GO_GOAL
11.738,-0.872,-0.8034,0.6328,-1.4585,-0.1344,-0.8309,-0.8167,0.3206,GO_GOAL
11.758,-0.8685,-0.8008,0.6328,-1.4562,-0.1306,-0.8309,-0.8167,0.3186,GO_GOAL
11.778,-0.8649,-0.7982,0.6328,-1.4539,-0.1269,-0.8309,-0.8167,0.3167,GO_GOAL
11.798,-0.8614,-0.7956,0.6328,-1.4516,-0.1231,-0.8309,-0.8167,0.3148,GO_GOAL
11.818,-0.8579,-0.793,0.6328,-1.4493,-0.1194,-0.8131,-0.8036,0.3128,GO_GOAL
11.838,-0.8543,-0.7904,0.6328,-1.447,-0.1156,-0.8131,-0.8036,0.311,GO_GOAL
11.858,-0.8508,-0.7878,0.6328,-1.4447,-0.1119,-0.8131,-0.8036,0.3091,GO_GOAL
11.878,-0.8472,-0.7851,0.6328,-1.4424,-0.1081,-0.8131,-0.8036,0.3073,GO_GOAL
11.898,-0.8437,-0.7825,0.6328,-1.4401,-0.1044,-0.8131,-0.8036,0.3055,GO_GOAL
11.918,-0.8401,-0.7799,0.6328,-1.4378,-0.1006,-0.7954,-0.7906,0.3037,GO_GOAL
11.938,-0.8366,-0.7773,0.6328,-1.4355,-0.0969,-0.7954,-0.7906,0.3019,GO_GOAL
11.958,-0.833,-0.7747,0.6328,-1.4309,-0.0894,-0.7954,-0.7906,0.3002,GO_GOAL
11.978,-0.8295,-0.7721,0.6328,-1.4309,-0.0894,-0.7954,-0.7906,0.2985,GO_GOAL
11.998,-0.8259,-0.7695,0.6328,-1.4286,-0.0856,-0.7954,-0.7906,0.2969,GO_GOAL
12.018,-0.8224,-0.7669,0.6328,-1.4263,-0.0819,-0.7776,-0.7776,0.2952,GO_GOAL
12.038,-0.8188,-0.7643,0.6328,-1.424,-0.0781,-0.7776,-0.7776,0.2936,GO_GOAL
12.058,-0.8153,-0.7617,0.6328,-1.4217,-0.0744,-0.7776,-0.7776,0.292,GO_GOAL
12.078,-0.8117,-0.7591,0.6328,-1.4194,-0.0706,-0.7776,-0.7776,0.2905,GO_GOAL
12.098,-0.8082,-0.7565,0.6328,-1.417,-0.0669,-0.7776,-0.7776,0.2889,GO_GOAL
12.118,-0.8046,-0.7539,0.6328,-1.4147,-0.0631,-0.7563,-0.762,0.2874,GO_GOAL
12.138,-0.8011,-0.7513,0.6328,-1.4124,-0.0594,-0.7563,-0.762,0.2859,GO_GOAL
12.158,-0.7975,-0.7487,0.6328,-1.4101,-0.0556,-0.7563,-0.762,0.2845,GO_GOAL
12.178,-0.794,-0.7461,0.6328,-1.4055,-0.0481,-0.7563,-0.762,0.2831,GO_GOAL
12.198,-0.7904,-0.7435,0.6328,-1.4055,-0.0481,-0.7563,-0.762,0.2817,GO_GOAL
12.218,-0.7869,-0.7409,0.6328,-1.4032,-0.0444,-0.7421,-0.7516,0.2803,GO_GOAL
12.238,-0.7833,-0.7383,0.6328,-1.4009,-0.0406,-0.7421,-0.7516,0.279,GO_GOAL
12.258,-0.7798,-0.7357,0.6328,-1.3986,-0.0369,-0.7421,-0.7516,0.2777,GO_GOAL
12.278,-0.7762,-0.7331,0.6328,-1.3963,-0.0331,-0.7421,-0.7516,0.2764,GO_GOAL
12.298,-0.7727,-0.7305,0.6328,-1.394,-0.0294,-0.7421,-0.7516,0.2752,GO_GOAL
12.318,-0.7692,-0.7279,0.6328,-1.3917,-0.0256,-0.7244,-0.7386,0.274,GO_GOAL
12.338,-0.7656,-0.7253,0.6328,-1.3894,-0.0219,-0.7244,-0.7386,0.2728,GO_GOAL
12.358,-0.7621,-0.7227,0.6328,-1.3871,-0.0181,-0.7244,-0.7386,0.2717,GO_GOAL
12.378,-0.7585,-0.7201,0.6328,-1.3848,-0.0144,-0.7244,-0.7386,0.2706,GO_GOAL
12.398,-0.755,-0.7175,0.6328,-1.3825,-0.0106,-0.7066,-0.7256,0.2695,GO_GOAL
12.418,-0.7514,-0.7149,0.6328,-1.3802,-0.0069,-0.7066,-0.7256,0.2684,GO_GOAL
12.438,-0.7479,-0.7123,0.6328,-1.3779,-0.0031,-0.7066,-0.7256,0.2674,GO_GOAL
12.458,-0.7443,-0.7097,0.6328,-1.3756,0.0006,-0.7066,-0.7256,0.2664,GO_GOAL
12.478,-0.7408,-0.7071,0.6328,-1.3733,0.0044,-0.7066,-0.7256,0.2655,GO_GOAL
12.498,-0.7372,-0.7045,0.6328,-1.371,0.0081,-0.7066,-0.7256,0.2646,GO_GOAL
12.518,-0.7337,-0.7019,0.6328,-1.3687,0.0119,-0.6889,-0.7126,0.2637,GO_GOAL
12.538,-0.7301,-0.6993,0.6328,-1.3664,0.0156,-0.6889,-0.7126,0.2628,GO_GOAL
12.558,-0.7266,-0.6967,0.6328,-1.3641,0.0194,-0.6889,-0.7126,0.262,GO_GOAL
12.578,-0.723,-0.6941,0.6328,-1.3618,0.0231,-0.6889,-0.7126,0.2612,GO_GOAL
12.598,-0.7195,-0.6915,0.6328,-1.3595,0.0269,-0.6889,-0.7126,0.2604,GO_GOAL
12.618,-0.7159,-0.6889,0.6328,-1.3572,0.0306,-0.6712,-0.6996,0.2597,GO_GOAL
12.638,-0.7124,-0.6863,0.6328,-1.3549,0.0344,-0.6712,-0.6996,0.259,GO_GOAL
12.658,-0.7088,-0.6837,0.6328,-1.3526,0.0381,-0.6712,-0.6996,0.2583,GO_GOAL
12.678,-0.7053,-0.6811,0.6328,-1.3503,0.0419,-0.6712,-0.6996,0.2577,GO_GOAL
12.696,-0.7017,-0.6785,0.6328,-1.348,0.0456,-0.6712,-0.6996,0.2571,GO_GOAL
12.718,-0.6982,-0.6759,0.6328,-1.3434,0.0531,-0.6499,-0.684,0.2566,GO_GOAL
12.738,-0.6946,-0.6732,0.6328,-1.3434,0.0531,-0.6499,-0.684,0.256,GO_GOAL
12.758,-0.6911,-0.6706,0.6328,-1.341,0.0569,-0.6499,-0.684,0.2555,GO_GOAL
12.778,-0.6876,-0.668,0.6328,-1.3387,0.0606,-0.6499,-0.684,0.2551,GO_GOAL
12.798,-0.684,-0.6654,0.6328,-1.3364,0.0644,-0.6499,-0.684,0.2546,GO_GOAL
12.818,-0.6805,-0.6628,0.6328,-1.3341,0.0681,-0.6357,-0.6736,0.2543,GO_GOAL
12.838,-0.6769,-0.6602,0.6328,-1.3318,0.0719,-0.6357,-0.6736,0.2539,GO_GOAL
12.858,-0.6734,-0.6576,0.6328,-1.3295,0.0756,-0.6357,-0.6736,0.2536,GO_GOAL
12.878,-0.6698,-0.655,0.6328,-1.3272,0.0793,-0.6357,-0.6736,0.2533,GO_GOAL
12.898,-0.6663,-0.6524,0.6328,-1.3249,0.0831,-0.6357,-0.6736,0.253,GO_GOAL
12.918,-0.6627,-0.6498,0.6328,-1.3226,0.0868,-0.6179,-0.6606,0.2528,GO_GOAL
12.938,-0.6592,-0.6472,0.6328,-1.3203,0.0906,-0.6179,-0.6606,0.2526,GO_GOAL
12.958,-0.6556,-0.6446,0.6328,-1.318,0.0943,-0.6179,-0.6606,0.2525,GO_GOAL
12.978,-0.6521,-0.642,0.6328,-1.3157,0.0981,-0.6179,-0.6606,0.2523,GO_GOAL
12.998,-0.6485,-0.6394,0.6328,-1.3111,0.1056,-0.6179,-0.6606,0.2523,GO_GOAL
13.018,-0.645,-0.6368,0.6328,-1.3111,0.1056,-0.6002,-0.6476,0.2522,GO_GOAL
13.038,-0.6414,-0.6342,0.6328,-1.3065,0.1131,-0.6002,-0.6476,0.2522,GO_GOAL
13.058,-0.6379,-0.6316,0.6328,-1.3065,0.1131,-0.6002,-0.6476,0.2522,GO_GOAL
13.078,-0.6343,-0.629,0.6328,-1.3042,0.1168,-0.6002,-0.6476,0.2523,GO_GOAL
13.098,-0.6308,-0.6264,0.6328,-1.3019,0.1206,-0.6002,-0.6476,0.2524,GO_GOAL
13.118,-0.6272,-0.6238,0.6328,-1.2996,0.1243,-0.5824,-0.6346,0.2525,GO_GOAL
13.138,-0.6237,-0.6212,0.6328,-1.2973,0.1281,-0.5824,-0.6346,0.2526,GO_GOAL
13.158,-0.6201,-0.6186,0.6328,-1.295,0.1318,-0.5824,-0.6346,0.2528,GO_GOAL
13.178,-0.6166,-0.616,0.6328,-1.2927,0.1356,-0.5824,-0.6346,0.2531,GO_GOAL
13.198,-0.613,-0.6134,0.6328,-1.2904,0.1393,-0.5824,-0.6346,0.2533,GO_GOAL
13.218,-0.6095,-0.6108,0.6328,-1.2881,0.1431,-0.5647,-0.6216,0.2536,GO_GOAL
13.238,-0.6059,-0.6082,0.6328,-1.2858,0.1468,-0.5647,-0.6216,0.2539,GO_GOAL
13.258,-0.6024,-0.6056,0.6328,-1.2835,0.1506,-0.5647,-0.6216,0.2543,GO_GOAL
13.28,-0.5989,-0.603,0.6328,-1.2812,0.1543,-0.5647,-0.6216,0.2547,GO_GOAL
13.298,-0.5953,-0.6004,0.6328,-1.2789,0.1581,-0.5647,-0.6216,0.2551,GO_GOAL
13.318,-0.5918,-0.5978,0.6328,-1.2766,0.1618,-0.5469,-0.6086,0.2556,GO_GOAL
13.338,-0.5882,-0.5952,0.6328,-1.2743,0.1656,-0.5469,-0.6086,0.2561,GO_GOAL
13.358,-0.5847,-0.5926,0.6328,-1.272,0.1693,-0.5469,-0.6086,0.2566,GO_GOAL
13.378,-0.5811,-0.59,0.6328,-1.2697,0.1731,-0.5469,-0.6086,0.2572,GO_GOAL
13.398,-0.5776,-0.5874,0.6328,-1.2673,0.1768,-0.5469,-0.6086,0.2578,GO_GOAL
13.418,-0.574,-0.5848,0.6328,-1.265,0.1806,-0.5257,-0.593,0.2584,GO_GOAL
13.438,-0.5705,-0.5822,0.6328,-1.2627,0.1843,-0.5257,-0.593,0.2591,GO_GOAL
13.458,-0.5669,-0.5796,0.6328,-1.2604,0.1881,-0.5257,-0.593,0.2598,GO_GOAL
13.478,-0.5634,-0.577,0.6328,-1.2581,0.1918,-0.5257,-0.593,0.2605,GO_GOAL
13.498,-0.5598,-0.5744,0.6328,-1.2558,0.1956,-0.5257,-0.593,0.2613,GO_GOAL
13.518,-0.5563,-0.5718,0.6328,-1.2535,0.1993,-0.5115,-0.5826,0.2621,GO_GOAL
13.538,-0.5527,-0.5692,0.6328,-1.2489,0.2068,-0.5115,-0.5826,0.2629,GO_GOAL
13.558,-0.5492,-0.5666,0.6328,-1.2489,0.2068,-0.5115,-0.5826,0.2638,GO_GOAL
13.578,-0.5456,-0.564,0.6328,-1.2466,0.2106,-0.5115,-0.5826,0.2647,GO_GOAL
13.598,-0.5421,-0.5613,0.6328,-1.2443,0.2143,-0.5115,-0.5826,0.2656,GO_GOAL
13.618,-0.5385,-0.5587,0.6328,-1.242,0.2181,-0.4937,-0.5696,0.2666,GO_GOAL
13.638,-0.535,-0.5561,0.6328,-1.2397,0.2218,-0.4937,-0.5696,0.2676,GO_GOAL
13.658,-0.5314,-0.5535,0.6328,-1.2374,0.2256,-0.4937,-0.5696,0.2686,GO_GOAL
13.678,-0.5279,-0.5509,0.6328,-1.2351,0.2293,-0.4937,-0.5696,0.2696,GO_GOAL
13.698,-0.5243,-0.5483,0.6328,-1.2328,0.2331,-0.4937,-0.5696,0.2707,GO_GOAL
13.718,-0.5208,-0.5457,0.6328,-1.2305,0.2368,-0.476,-0.5566,0.2718,GO_GOAL
13.738,-0.5172,-0.5431,0.6328,-1.2282,0.2406,-0.476,-0.5566,0.273,GO_GOAL
13.758,-0.5137,-0.5405,0.6328,-1.2259,0.2443,-0.476,-0.5566,0.2742,GO_GOAL
13.778,-0.5102,-0.5379,0.6328,-1.2236,0.2481,-0.476,-0.5566,0.2754,GO_GOAL
13.798,-0.5066,-0.5353,0.6328,-1.2213,0.2518,-0.476,-0.5566,0.2766,GO_GOAL
13.818,-0.5031,-0.5327,0.6328,-1.219,0.2556,-0.4582,-0.5436,0.2779,GO_GOAL
13.838,-0.4995,-0.5301,0.6328,-1.2167,0.2593,-0.4582,-0.5436,0.2792,GO_GOAL
13.858,-0.496,-0.5275,0.6328,-1.2121,0.2668,-0.4582,-0.5436,0.2805,GO_GOAL
13.878,-0.4924,-0.5249,0.6328,-1.2121,0.2668,-0.4582,-0.5436,0.2819,GO_GOAL
13.898,-0.4889,-0.5223,0.6328,-1.2098,0.2706,-0.4582,-0.5436,0.2833,GO_GOAL
13.918,-0.4853,-0.5197,0.6328,-1.2075,0.2743,-0.4405,-0.5305,0.2847,GO_GOAL
13.938,-0.4818,-0.5171,0.6328,-1.2052,0.2781,-0.4405,-0.5305,0.2862,GO_GOAL
13.958,-0.4782,-0.5145,0.6328,-1.2029,0.2818,-0.4405,-0.5305,0.2876,GO_GOAL
13.978,-0.4747,-0.5119,0.6328,-1.2006,0.2856,-0.4405,-0.5305,0.2891,GO_GOAL
13.998,-0.4711,-0.5093,0.6328,-1.1983,0.2893,-0.4405,-0.5305,0.2907,GO_GOAL
14.018,-0.4676,-0.5067,0.6328,-1.196,0.293,-0.4227,-0.5175,0.2922,GO_GOAL
14.038,-0.464,-0.5041,0.6328,-1.1937,0.2968,-0.4227,-0.5175,0.2938,GO_GOAL
14.058,-0.4605,-0.5015,0.6328,-1.1913,0.3005,-0.4227,-0.5175,0.2955,GO_GOAL
14.078,-0.4569,-0.4989,0.6328,-1.189,0.3043,-0.4227,-0.5175,0.2971,GO_GOAL
14.098,-0.4534,-0.4963,0.6328,-1.1867,0.308,-0.4227,-0.5175,0.2988,GO_GOAL
14.118,-0.4498,-0.4937,0.6328,-1.1821,0.3155,-0.405,-0.5045,0.3005,GO_GOAL
14.138,-0.4463,-0.4911,0.6328,-1.1798,0.3193,-0.405,-0.5045,0.3022,GO_GOAL
14.158,-0.4427,-0.4885,0.6328,-1.1798,0.3193,-0.405,-0.5045,0.304,GO_GOAL
14.178,-0.4392,-0.4859,0.6328,-1.1775,0.323,-0.405,-0.5045,0.3057,GO_GOAL
14.198,-0.4356,-0.4833,0.6328,-1.1752,0.3268,-0.405,-0.5045,0.3075,GO_GOAL
14.218,-0.4321,-0.4807,0.6328,-1.1729,0.3305,-0.3872,-0.4915,0.3094,GO_GOAL
14.238,-0.4286,-0.4781,0.6328,-1.1706,0.3343,-0.3872,-0.4915,0.3112,GO_GOAL
14.258,-0.425,-0.4755,0.6328,-1.1683,0.338,-0.3872,-0.4915,0.3131,GO_GOAL
14.278,-0.4215,-0.4729,0.6328,-1.166,0.3418,-0.3872,-0.4915,0.315,GO_GOAL
14.298,-0.4179,-0.4703,0.6328,-1.1637,0.3455,-0.3872,-0.4915,0.317,GO_GOAL
14.318,-0.4144,-0.4677,0.6328,-1.1591,0.353,-0.3695,-0.4785,0.3189,GO_GOAL
14.338,-0.4108,-0.4651,0.6328,-1.1591,0.353,-0.3695,-0.4785,0.3209,GO_GOAL
14.358,-0.4073,-0.4625,0.6328,-1.1568,0.3568,-0.3695,-0.4785,0.3229,GO_GOAL
14.378,-0.4037,-0.4599,0.6328,-1.1545,0.3605,-0.3695,-0.4785,0.325,GO_GOAL
14.398,-0.4002,-0.4573,0.6328,-1.1522,0.3643,-0.3695,-0.4785,0.327,GO_GOAL
14.418,-0.3966,-0.4547,0.6328,-1.1499,0.368,-0.3518,-0.4655,0.3291,GO_GOAL
14.438,-0.3931,-0.4521,0.6328,-1.1476,0.3718,-0.3518,-0.4655,0.3312,GO_GOAL
14.458,-0.3895,-0.4494,0.6328,-1.1453,0.3755,-0.3518,-0.4655,0.3333,GO_GOAL
14.478,-0.386,-0.4468,0.6328,-1.143,0.3793,-0.3518,-0.4655,0.3355,GO_GOAL
14.498,-0.3824,-0.4442,0.6328,-1.1407,0.383,-0.3518,-0.4655,0.3376,GO_GOAL
14.518,-0.3789,-0.4416,0.6328,-1.1384,0.3868,-0.334,-0.4525,0.3398,GO_GOAL
14.538,-0.3753,-0.439,0.6328,-1.1361,0.3905,-0.334,-0.4525,0.3421,GO_GOAL
14.558,-0.3718,-0.4364,0.6328,-1.1338,0.3943,-0.334,-0.4525,0.3443,GO_GOAL
14.578,-0.3682,-0.4338,0.6328,-1.1315,0.398,-0.334,-0.4525,0.3466,GO_GOAL
14.598,-0.3647,-0.4312,0.6328,-1.1292,0.4018,-0.334,-0.4525,0.3488,GO_GOAL
14.618,-0.3611,-0.4286,0.6328,-1.1269,0.4055,-0.3163,-0.4395,0.3512,GO_GOAL
14.638,-0.3576,-0.426,0.6328,-1.1246,0.4093,-0.3163,-0.4395,0.3535,GO_GOAL
14.658,-0.354,-0.4234,0.6328,-1.1223,0.413,-0.3163,-0.4395,0.3558,GO_GOAL
14.678,-0.3505,-0.4208,0.6328,-1.1177,0.4205,-0.3163,-0.4395,0.3582,GO_GOAL
14.698,-0.3469,-0.4182,0.6328,-1.1177,0.4205,-0.3163,-0.4395,0.3606,GO_GOAL
14.718,-0.3434,-0.4156,0.6328,-1.1153,0.4243,-0.2985,-0.4265,0.363,GO_GOAL
14.738,-0.3399,-0.413,0.6328,-1.113,0.428,-0.2985,-0.4265,0.3654,GO_GOAL
14.758,-0.3363,-0.4104,0.6328,-1.1107,0.4318,-0.2985,-0.4265,0.3659,GO_GOAL
14.778,-0.3328,-0.4078,0.6328,-1.1084,0.4355,-0.2985,-0.4265,0.3662,GO_GOAL
14.798,-0.3292,-0.4052,0.6328,-1.1038,0.443,-0.2985,-0.4265,0.3665,GO_GOAL
14.818,-0.3257,-0.4026,0.6328,-1.1015,0.4468,-0.2808,-0.4135,0.3669,GO_GOAL
14.838,-0.3221,-0.4,0.6328,-1.0992,0.4505,-0.2808,-0.4135,0.3673,GO_GOAL
14.858,-0.3186,-0.3974,0.6328,-1.0992,0.4505,-0.2808,-0.4135,0.3677,GO_GOAL
14.878,-0.315,-0.3948,0.6328,-1.0969,0.4543,-0.2808,-0.4135,0.3681,GO_GOAL
14.898,-0.3115,-0.3922,0.6328,-1.0946,0.458,-0.2808,-0.4135,0.3686,GO_GOAL
14.918,-0.3079,-0.3896,0.6328,-1.0923,0.4618,-0.263,-0.4005,0.3691,GO_GOAL
14.938,-0.3044,-0.387,0.6328,-1.09,0.4655,-0.263,-0.4005,0.3697,GO_GOAL
14.958,-0.3008,-0.3844,0.6328,-1.0877,0.4693,-0.263,-0.4005,0.3702,GO_GOAL
14.978,-0.2973,-0.3818,0.6328,-1.0854,0.473,-0.263,-0.4005,0.3708,GO_GOAL
14.998,-0.2937,-0.3792,0.6328,-1.0831,0.4768,-0.263,-0.4005,0.3714,GO_GOAL
15.018,-0.2902,-0.3766,0.6328,-1.0808,0.4805,-0.2453,-0.3875,0.3721,GO_GOAL
15.038,-0.2866,-0.374,0.6328,-1.0785,0.4843,-0.2453,-0.3875,0.3728,GO_GOAL
15.058,-0.2831,-0.3714,0.6328,-1.0762,0.488,-0.2453,-0.3875,0.3735,GO_GOAL
15.078,-0.2795,-0.3688,0.6328,-1.0739,0.4918,-0.2453,-0.3875,0.3742,GO_GOAL
15.098,-0.276,-0.3662,0.6328,-1.0716,0.4955,-0.2453,-0.3875,0.375,GO_GOAL
15.118,-0.2724,-0.3636,0.6328,-1.0693,0.4993,-0.2275,-0.3745,0.3758,GO_GOAL
15.138,-0.2689,-0.361,0.6328,-1.067,0.503,-0.2275,-0.3745,0.3766,GO_GOAL
15.158,-0.2653,-0.3584,0.6328,-1.0647,0.5067,-0.2275,-0.3745,0.3774,GO_GOAL
15.178,-0.2618,-0.3558,0.6328,-1.0624,0.5105,-0.2275,-0.3745,0.3783,GO_GOAL
15.198,-0.2583,-0.3532,0.6328,-1.0601,0.5142,-0.2275,-0.3745,0.3792,GO_GOAL
15.218,-0.2547,-0.3506,0.6328,-1.0555,0.5217,-0.2098,-0.3615,0.3801,GO_GOAL
15.238,-0.2512,-0.348,0.6328,-1.0555,0.5217,-0.2098,-0.3615,0.381,GO_GOAL
15.258,-0.2476,-0.3454,0.6328,-1.0532,0.5255,-0.2098,-0.3615,0.382,GO_GOAL
15.278,-0.2441,-0.3428,0.6328,-1.0509,0.5292,-0.2098,-0.3615,0.383,GO_GOAL
15.298,-0.2405,-0.3402,0.6328,-1.0486,0.533,-0.2098,-0.3615,0.3841,GO_GOAL
15.318,-0.237,-0.3375,0.6328,-1.0463,0.5367,-0.192,-0.3485,0.3851,GO_GOAL
15.338,-0.2334,-0.3349,0.6328,-1.044,0.5405,-0.192,-0.3485,0.3862,GO_GOAL
15.358,-0.2299,-0.3323,0.6328,-1.0417,0.5442,-0.192,-0.3485,0.3873,GO_GOAL
15.378,-0.2263,-0.3297,0.6328,-1.0393,0.548,-0.192,-0.3485,0.3884,GO_GOAL
15.398,-0.2228,-0.3271,0.6328,-1.037,0.5517,-0.192,-0.3485,0.3896,GO_GOAL
15.418,-0.2192,-0.3245,0.6328,-1.0347,0.5555,-0.1743,-0.3355,0.3908,GO_GOAL
15.438,-0.2157,-0.3219,0.6328,-1.0324,0.5592,-0.1743,-0.3355,0.392,GO_GOAL
15.458,-0.2121,-0.3193,0.6328,-1.0301,0.563,-0.1743,-0.3355,0.3932,GO_GOAL
15.478,-0.2086,-0.3167,0.6328,-1.0278,0.5667,-0.1743,-0.3355,0.3945,GO_GOAL
15.498,-0.205,-0.3141,0.6328,-1.0255,0.5705,-0.1743,-0.3355,0.3958,GO_GOAL
15.518,-0.2015,-0.3115,0.6328,-1.0209,0.578,-0.1566,-0.3225,0.3971,GO_GOAL
15.538,-0.1979,-0.3089,0.6328,-1.0209,0.578,-0.1566,-0.3225,0.3984,GO_GOAL
15.558,-0.1944,-0.3063,0.6328,-1.0186,0.5817,-0.1566,-0.3225,0.3998,GO_GOAL
15.578,-0.1908,-0.3037,0.6328,-1.0163,0.5855,-0.1566,-0.3225,0.4012,GO_GOAL
15.598,-0.1873,-0.3011,0.6328,-1.014,0.5892,-0.1388,-0.3095,0.4026,GO_GOAL
15.618,-0.1837,-0.2985,0.6328,-1.0117,0.593,-0.1388,-0.3095,0.404,GO_GOAL
15.638,-0.1802,-0.2959,0.6328,-1.0094,0.5967,-0.1388,-0.3095,0.4055,GO_GOAL
15.658,-0.1766,-0.2933,0.6328,-1.0048,0.6042,-0.1388,-0.3095,0.4069,GO_GOAL
15.678,-0.1731,-0.2907,0.6328,-1.0048,0.6042,-0.1388,-0.3095,0.4085,GO_GOAL
15.698,-0.1696,-0.2881,0.6328,-1.0025,0.608,-0.1388,-0.3095,0.41,GO_GOAL
15.718,-0.166,-0.2855,0.6328,-1.0002,0.6117,-0.1211,-0.2965,0.4115,GO_GOAL
15.738,-0.1625,-0.2829,0.6328,-0.9979,0.6155,-0.1211,-0.2965,0.4131,GO_GOAL
15.758,-0.1589,-0.2803,0.6328,-0.9956,0.6192,-0.1211,-0.2965,0.4147,GO_GOAL
15.778,-0.1554,-0.2777,0.6328,-0.9933,0.623,-0.1211,-0.2965,0.4163,GO_GOAL
15.798,-0.1518,-0.2751,0.6328,-0.991,0.6267,-0.1211,-0.2965,0.418,GO_GOAL
15.818,-0.1483,-0.2725,0.6328,-0.9887,0.6305,-0.1033,-0.2835,0.4197,GO_GOAL
15.838,-0.1447,-0.2699,0.6328,-0.9864,0.6342,-0.1033,-0.2835,0.4213,GO_GOAL
15.858,-0.1412,-0.2673,0.6328,-0.9841,0.638,-0.1033,-0.2835,0.4231,GO_GOAL
15.878,-0.1376,-0.2647,0.6328,-0.9795,0.6455,-0.1033,-0.2835,0.4248,GO_GOAL
15.898,-0.1341,-0.2621,0.6328,-0.9795,0.6455,-0.1033,-0.2835,0.4266,GO_GOAL
15.918,-0.1305,-0.2595,0.6328,-0.9772,0.6492,-0.0856,-0.2705,0.4283,GO_GOAL
15.938,-0.127,-0.2569,0.6328,-0.9726,0.6567,-0.0856,-0.2705,0.4301,GO_GOAL
15.958,-0.1234,-0.2543,0.6328,-0.9726,0.6567,-0.0856,-0.2705,0.432,GO_GOAL
15.978,-0.1199,-0.2517,0.6328,-0.9703,0.6605,-0.0856,-0.2705,0.4338,GO_GOAL
15.998,-0.1163,-0.2491,0.6328,-0.968,0.6642,-0.0856,-0.2705,0.4357,GO_GOAL
16.018,-0.1128,-0.2465,0.6328,-0.9657,0.668,-0.0678,-0.2575,0.4376,GO_GOAL
16.038,-0.1092,-0.2439,0.6328,-0.9633,0.6717,-0.0678,-0.2575,0.4395,GO_GOAL
16.058,-0.1057,-0.2413,0.6328,-0.961,0.6755,-0.0678,-0.2575,0.4414,GO_GOAL
16.078,-0.1021,-0.2387,0.6328,-0.9587,0.6792,-0.0678,-0.2575,0.4434,GO_GOAL
16.098,-0.0986,-0.2361,0.6328,-0.9564,0.683,-0.0678,-0.2575,0.4453,GO_GOAL
16.118,-0.095,-0.2335,0.6328,-0.9541,0.6867,-0.0501,-0.2445,0.4473,GO_GOAL
16.138,-0.0915,-0.2309,0.6328,-0.9518,0.6905,-0.0501,-0.2445,0.4493,GO_GOAL
16.158,-0.0879,-0.2282,0.6328,-0.9495,0.6942,-0.0501,-0.2445,0.4514,GO_GOAL
16.178,-0.0844,-0.2256,0.6328,-0.9472,0.698,-0.0501,-0.2445,0.4534,GO_GOAL
16.198,-0.0809,-0.223,0.6328,-0.9449,0.7017,-0.0501,-0.2445,0.4555,GO_GOAL
16.218,-0.0773,-0.2204,0.6328,-0.9426,0.7055,-0.0323,-0.2314,0.4576,GO_GOAL
16.238,-0.0738,-0.2178,0.6328,-0.9403,0.7092,-0.0323,-0.2314,0.4597,GO_GOAL
16.258,-0.0702,-0.2152,0.6328,-0.938,0.713,-0.0323,-0.2314,0.4618,GO_GOAL
16.278,-0.0667,-0.2126,0.6328,-0.9357,0.7167,-0.0323,-0.2314,0.464,GO_GOAL
16.298,-0.0631,-0.21,0.6328,-0.9334,0.7205,-0.0323,-0.2314,0.4662,GO_GOAL
16.318,-0.0596,-0.2074,0.6328,-0.9311,0.7242,-0.0146,-0.2184,0.4683,GO_GOAL
16.338,-0.056,-0.2048,0.6328,-0.9288,0.7279,-0.0146,-0.2184,0.4705,GO_GOAL
16.358,-0.0525,-0.2022,0.6328,-0.9265,0.7317,-0.0146,-0.2184,0.4728,GO_GOAL
16.378,-0.0489,-0.1996,0.6328,-0.9242,0.7354,-0.0146,-0.2184,0.475,GO_GOAL
16.398,-0.0454,-0.197,0.6328,-0.9219,0.7392,-0.0146,-0.2184,0.4773,GO_GOAL
16.418,-0.0418,-0.1944,0.6328,-0.9196,0.7429,0.0032,-0.2054,0.4796,GO_GOAL
16.438,-0.0383,-0.1918,0.6328,-0.9173,0.7467,0.0032,-0.2054,0.4819,GO_GOAL
16.458,-0.0347,-0.1892,0.6328,-0.915,0.7504,0.0032,-0.2054,0.4842,GO_GOAL
16.478,-0.0312,-0.1866,0.6328,-0.9127,0.7542,0.0032,-0.2054,0.4865,GO_GOAL
16.498,-0.0276,-0.184,0.6328,-0.9104,0.7579,0.0032,-0.2054,0.4889,GO_GOAL
16.518,-0.0241,-0.1814,0.6328,-0.9081,0.7617,0.0209,-0.1924,0.4912,GO_GOAL
16.538,-0.0205,-0.1788,0.6328,-0.9058,0.7654,0.0209,-0.1924,0.4936,GO_GOAL
16.558,-0.017,-0.1762,0.6328,-0.9035,0.7692,0.0209,-0.1924,0.496,GO_GOAL
16.578,-0.0134,-0.1736,0.6328,-0.9012,0.7729,0.0209,-0.1924,0.4984,GO_GOAL
16.598,-0.0099,-0.171,0.6328,-0.8989,0.7767,0.0209,-0.1924,0.5009,GO_GOAL
16.618,-0.0063,-0.1684,0.6328,-0.8966,0.7804,0.0386,-0.1794,0.5033,GO_GOAL
16.638,-0.0028,-0.1658,0.6328,-0.8943,0.7842,0.0386,-0.1794,0.5058,GO_GOAL
16.658,0.0007,-0.1632,0.6328,-0.892,0.7879,0.0386,-0.1794,0.5039,GO_GOAL
16.678,0.0043,-0.1606,0.6328,-0.8896,0.7917,0.0386,-0.1794,0.5004,GO_GOAL
16.698,0.0078,-0.158,0.6328,-0.8873,0.7954,0.0386,-0.1794,0.4969,GO_GOAL
16.718,0.0114,-0.1554,0.6328,-0.885,0.7992,0.0564,-0.1664,0.4934,GO_GOAL
16.738,0.0149,-0.1528,0.6328,-0.8827,0.8029,0.0564,-0.1664,0.49,GO_GOAL
16.758,0.0185,-0.1502,0.6328,-0.8804,0.8067,0.0564,-0.1664,0.4866,GO_GOAL
16.778,0.022,-0.1476,0.6328,-0.8781,0.8104,0.0564,-0.1664,0.4831,GO_GOAL
16.798,0.0256,-0.145,0.6328,-0.8735,0.8179,0.0564,-0.1664,0.4797,GO_GOAL
16.818,0.0291,-0.1424,0.6328,-0.8735,0.8179,0.0741,-0.1534,0.4763,GO_GOAL
16.838,0.0327,-0.1398,0.6328,-0.8689,0.8254,0.0741,-0.1534,0.4729,GO_GOAL
16.858,0.0362,-0.1372,0.6328,-0.8689,0.8254,0.0741,-0.1534,0.4695,GO_GOAL
16.878,0.0398,-0.1346,0.6328,-0.8666,0.8292,0.0741,-0.1534,0.4661,GO_GOAL
16.898,0.0433,-0.132,0.6328,-0.8643,0.8329,0.0741,-0.1534,0.4627,GO_GOAL
16.918,0.0469,-0.1294,0.6328,-0.862,0.8367,0.0919,-0.1404,0.4594,GO_GOAL
16.938,0.0504,-0.1268,0.6328,-0.8597,0.8404,0.0919,-0.1404,0.456,GO_GOAL
16.958,0.054,-0.1242,0.6328,-0.8574,0.8442,0.0919,-0.1404,0.4527,GO_GOAL
16.978,0.0575,-0.1216,0.6328,-0.8551,0.8479,0.0919,-0.1404,0.4494,GO_GOAL
16.998,0.0611,-0.119,0.6328,-0.8528,0.8517,0.0919,-0.1404,0.446,GO_GOAL
17.018,0.0646,-0.1163,0.6328,-0.8505,0.8554,0.1096,-0.1274,0.4427,GO_GOAL
17.038,0.0682,-0.1137,0.6328,-0.8482,0.8592,0.1096,-0.1274,0.4394,GO_GOAL
17.058,0.0717,-0.1111,0.6328,-0.8459,0.8629,0.1096,-0.1274,0.4362,GO_GOAL
17.078,0.0753,-0.1085,0.6328,-0.8436,0.8667,0.1096,-0.1274,0.4329,GO_GOAL
17.098,0.0788,-0.1059,0.6328,-0.8413,0.8704,0.1096,-0.1274,0.4296,GO_GOAL
17.118,0.0824,-0.1033,0.6328,-0.839,0.8742,0.1274,-0.1144,0.4264,GO_GOAL
17.138,0.0859,-0.1007,0.6328,-0.8367,0.8779,0.1274,-0.1144,0.4231,GO_GOAL
17.158,0.0894,-0.0981,0.6328,-0.8344,0.8817,0.1274,-0.1144,0.4199,GO_GOAL
17.178,0.093,-0.0955,0.6328,-0.8298,0.8892,0.1274,-0.1144,0.4167,GO_GOAL
17.198,0.0965,-0.0929,0.6328,-0.8298,0.8892,0.1274,-0.1144,0.4135,GO_GOAL
17.218,0.1001,-0.0903,0.6328,-0.8252,0.8967,0.1451,-0.1014,0.4103,GO_GOAL
17.238,0.1036,-0.0877,0.6328,-0.8252,0.8967,0.1451,-0.1014,0.4071,GO_GOAL
17.258,0.1072,-0.0851,0.6328,-0.8206,0.9042,0.1451,-0.1014,0.404,GO_GOAL
17.278,0.1107,-0.0825,0.6328,-0.8206,0.9042,0.1451,-0.1014,0.4008,GO_GOAL
17.298,0.1143,-0.0799,0.6328,-0.8183,0.9079,0.1451,-0.1014,0.3977,GO_GOAL
17.318,0.1178,-0.0773,0.6328,-0.816,0.9117,0.1629,-0.0884,0.3946,GO_GOAL
17.338,0.1214,-0.0747,0.6328,-0.8136,0.9154,0.1629,-0.0884,0.3915,GO_GOAL
17.358,0.1249,-0.0721,0.6328,-0.8113,0.9192,0.1629,-0.0884,0.3884,GO_GOAL
17.378,0.1285,-0.0695,0.6328,-0.809,0.9229,0.1629,-0.0884,0.3853,GO_GOAL
17.398,0.132,-0.0669,0.6328,-0.8044,0.9304,0.1629,-0.0884,0.3822,GO_GOAL
17.418,0.1356,-0.0643,0.6328,-0.8044,0.9304,0.1806,-0.0754,0.3792,GO_GOAL
17.438,0.1391,-0.0617,0.6328,-0.7998,0.9379,0.1806,-0.0754,0.3761,GO_GOAL
17.458,0.1427,-0.0591,0.6328,-0.7998,0.9379,0.1806,-0.0754,0.3731,GO_GOAL
17.478,0.1462,-0.0565,0.6328,-0.7975,0.9416,0.1806,-0.0754,0.3701,GO_GOAL
17.498,0.1498,-0.0539,0.6328,-0.7952,0.9454,0.1806,-0.0754,0.3671,GO_GOAL
17.518,0.1533,-0.0513,0.6328,-0.7929,0.9491,0.1983,-0.0624,0.3641,GO_GOAL
17.536,0.1569,-0.0487,0.6328,-0.7906,0.9529,0.1983,-0.0624,0.3612,GO_GOAL
17.558,0.1604,-0.0461,0.6328,-0.7883,0.9566,0.1983,-0.0624,0.3582,GO_GOAL
17.578,0.164,-0.0435,0.6328,-0.786,0.9604,0.1983,-0.0624,0.3553,GO_GOAL
17.598,0.1675,-0.0409,0.6328,-0.7837,0.9641,0.1983,-0.0624,0.3524,GO_GOAL
17.618,0.171,-0.0383,0.6328,-0.7814,0.9679,0.2161,-0.0494,0.3495,GO_GOAL
17.638,0.1746,-0.0357,0.6328,-0.7791,0.9716,0.2161,-0.0494,0.3466,GO_GOAL
17.658,0.1781,-0.0331,0.6328,-0.7768,0.9754,0.2161,-0.0494,0.3437,GO_GOAL
17.678,0.1817,-0.0305,0.6328,-0.7745,0.9791,0.2161,-0.0494,0.3409,GO_GOAL
17.698,0.1852,-0.0279,0.6328,-0.7722,0.9829,0.2161,-0.0494,0.3381,GO_GOAL
17.718,0.1888,-0.0253,0.6328,-0.7699,0.9866,0.2338,-0.0364,0.3353,GO_GOAL
17.738,0.1923,-0.0227,0.6328,-0.7653,0.9941,0.2338,-0.0364,0.3325,GO_GOAL
17.758,0.1959,-0.0201,0.6328,-0.763,0.9979,0.2338,-0.0364,0.3297,GO_GOAL
17.778,0.1994,-0.0175,0.6328,-0.7607,1.0016,0.2338,-0.0364,0.3269,GO_GOAL
17.798,0.203,-0.0149,0.6328,-0.7607,1.0016,0.2338,-0.0364,0.3242,GO_GOAL
17.818,0.2065,-0.0123,0.6328,-0.7584,1.0054,0.2516,-0.0234,0.3215,GO_GOAL
17.838,0.2101,-0.0097,0.6328,-0.7561,1.0091,0.2516,-0.0234,0.3188,GO_GOAL
17.858,0.2136,-0.0071,0.6328,-0.7538,1.0129,0.2516,-0.0234,0.3161,GO_GOAL
17.878,0.2172,-0.0044,0.6328,-0.7515,1.0166,0.2516,-0.0234,0.3134,GO_GOAL
17.898,0.2207,-0.0018,0.6328,-0.7492,1.0204,0.2516,-0.0234,0.3108,GO_GOAL
17.918,0.2243,0.0008,0.6328,-0.7469,1.0241,0.2729,-0.0078,0.3082,GO_GOAL
17.938,0.2278,0.0034,0.6328,-0.7446,1.0279,0.2729,-0.0078,0.3056,GO_GOAL
17.958,0.2314,0.006,0.6328,-0.7423,1.0316,0.2729,-0.0078,0.303,GO_GOAL
17.978,0.2349,0.0086,0.6328,-0.7376,1.0391,0.2729,-0.0078,0.3004,GO_GOAL
17.998,0.2385,0.0112,0.6328,-0.7376,1.0391,0.2729,-0.0078,0.2979,GO_GOAL
18.018,0.242,0.0138,0.6328,-0.7353,1.0429,0.2871,0.0026,0.2954,GO_GOAL
18.038,0.2456,0.0164,0.6328,-0.733,1.0466,0.2871,0.0026,0.2929,GO_GOAL
18.058,0.2491,0.019,0.6328,-0.7307,1.0504,0.2871,0.0026,0.2904,GO_GOAL
18.078,0.2527,0.0216,0.6328,-0.7284,1.0541,0.2871,0.0026,0.288,GO_GOAL
18.098,0.2562,0.0242,0.6328,-0.7261,1.0579,0.2871,0.0026,0.2855,GO_GOAL
18.118,0.2597,0.0268,0.6328,-0.7238,1.0616,0.3084,0.0182,0.2831,GO_GOAL
18.138,0.2633,0.0294,0.6328,-0.7215,1.0654,0.3084,0.0182,0.2807,GO_GOAL
18.158,0.2668,0.032,0.6328,-0.7192,1.0691,0.3084,0.0182,0.2784,GO_GOAL
18.178,0.2704,0.0346,0.6328,-0.7169,1.0729,0.3084,0.0182,0.276,GO_GOAL
18.198,0.2739,0.0372,0.6328,-0.7146,1.0766,0.3084,0.0182,0.2737,GO_GOAL
18.218,0.2775,0.0398,0.6328,-0.7123,1.0804,0.3226,0.0286,0.2714,GO_GOAL
18.238,0.281,0.0424,0.6328,-0.71,1.0841,0.3226,0.0286,0.2692,GO_GOAL
18.258,0.2846,0.045,0.6328,-0.7077,1.0879,0.3226,0.0286,0.2669,GO_GOAL
18.278,0.2881,0.0476,0.6328,-0.7031,1.0954,0.3226,0.0286,0.2647,GO_GOAL
18.298,0.2917,0.0502,0.6328,-0.7031,1.0954,0.3226,0.0286,0.2625,GO_GOAL
18.318,0.2952,0.0528,0.6328,-0.7008,1.0991,0.3403,0.0416,0.2604,GO_GOAL
18.336,0.2988,0.0554,0.6328,-0.6985,1.1029,0.3403,0.0416,0.2582,GO_GOAL
18.358,0.3023,0.058,0.6328,-0.6962,1.1066,0.3403,0.0416,0.2561,GO_GOAL
18.378,0.3059,0.0606,0.6328,-0.6939,1.1104,0.3403,0.0416,0.254,GO_GOAL
18.398,0.3094,0.0632,0.6328,-0.6916,1.1141,0.3403,0.0416,0.252,GO_GOAL
18.418,0.313,0.0658,0.6328,-0.6893,1.1179,0.3581,0.0546,0.2499,GO_GOAL
18.438,0.3165,0.0684,0.6328,-0.687,1.1216,0.3581,0.0546,0.2479,GO_GOAL
18.458,0.3201,0.071,0.6328,-0.6847,1.1254,0.3581,0.0546,0.246,GO_GOAL
18.478,0.3236,0.0736,0.6328,-0.6824,1.1291,0.3581,0.0546,0.244,GO_GOAL
18.498,0.3272,0.0762,0.6328,-0.6801,1.1329,0.3581,0.0546,0.2421,GO_GOAL
18.518,0.3307,0.0788,0.6328,-0.6755,1.1404,0.3758,0.0676,0.2402,GO_GOAL
18.538,0.3343,0.0814,0.6328,-0.6755,1.1404,0.3758,0.0676,0.2383,GO_GOAL
18.558,0.3378,0.084,0.6328,-0.6732,1.1441,0.3758,0.0676,0.2365,GO_GOAL
18.578,0.3414,0.0866,0.6328,-0.6709,1.1479,0.3758,0.0676,0.2347,GO_GOAL
18.598,0.3449,0.0892,0.6328,-0.6686,1.1516,0.3758,0.0676,0.2329,GO_GOAL
18.618,0.3484,0.0918,0.6328,-0.6663,1.1553,0.3935,0.0807,0.2312,GO_GOAL
18.638,0.352,0.0944,0.6328,-0.664,1.1591,0.3935,0.0807,0.2295,GO_GOAL
18.658,0.3555,0.097,0.6328,-0.6616,1.1628,0.3935,0.0807,0.2278,GO_GOAL
18.678,0.3591,0.0996,0.6328,-0.6593,1.1666,0.3935,0.0807,0.2261,GO_GOAL
18.698,0.3626,0.1022,0.6328,-0.657,1.1703,0.3935,0.0807,0.2245,GO_GOAL
18.718,0.3662,0.1048,0.6328,-0.6547,1.1741,0.4113,0.0937,0.2229,GO_GOAL
18.738,0.3697,0.1075,0.6328,-0.6524,1.1778,0.4113,0.0937,0.2213,GO_GOAL
18.758,0.3733,0.1101,0.6328,-0.6501,1.1816,0.4113,0.0937,0.2198,GO_GOAL
18.778,0.3768,0.1127,0.6328,-0.6478,1.1853,0.4113,0.0937,0.2183,GO_GOAL
18.798,0.3804,0.1153,0.6328,-0.6455,1.1891,0.4113,0.0937,0.2169,GO_GOAL
18.818,0.3839,0.1179,0.6328,-0.6432,1.1928,0.429,0.1067,0.2154,GO_GOAL
18.838,0.3875,0.1205,0.6328,-0.6409,1.1966,0.429,0.1067,0.214,GO_GOAL
18.858,0.391,0.1231,0.6328,-0.6386,1.2003,0.429,0.1067,0.2127,GO_GOAL
18.878,0.3946,0.1257,0.6328,-0.6363,1.2041,0.429,0.1067,0.2113,GO_GOAL
18.898,0.3981,0.1283,0.6328,-0.634,1.2078,0.429,0.1067,0.21,GO_GOAL
18.918,0.4017,0.1309,0.6328,-0.6317,1.2116,0.4468,0.1197,0.2088,GO_GOAL
18.936,0.4052,0.1335,0.6328,-0.6294,1.2153,0.4468,0.1197,0.2075,GO_GOAL
18.958,0.4088,0.1361,0.6328,-0.6271,1.2191,0.4468,0.1197,0.2063,GO_GOAL
18.978,0.4123,0.1387,0.6328,-0.6225,1.2266,0.4468,0.1197,0.2052,GO_GOAL
18.998,0.4159,0.1413,0.6328,-0.6225,1.2266,0.4468,0.1197,0.2041,GO_GOAL
19.018,0.4194,0.1439,0.6328,-0.6202,1.2303,0.4645,0.1327,0.203,GO_GOAL
19.038,0.423,0.1465,0.6328,-0.6179,1.2341,0.4645,0.1327,0.2019,GO_GOAL
19.058,0.4265,0.1491,0.6328,-0.6156,1.2378,0.4645,0.1327,0.2009,GO_GOAL
19.078,0.43,0.1517,0.6328,-0.611,1.2453,0.4645,0.1327,0.1999,GO_GOAL
19.098,0.4336,0.1543,0.6328,-0.611,1.2453,0.4645,0.1327,0.199,GO_GOAL
19.118,0.4371,0.1569,0.6328,-0.6087,1.2491,0.4823,0.1457,0.1981,GO_GOAL
19.138,0.4407,0.1595,0.6328,-0.6064,1.2528,0.4823,0.1457,0.1972,GO_GOAL
19.158,0.4442,0.1621,0.6328,-0.6041,1.2566,0.4823,0.1457,0.1964,GO_GOAL
19.178,0.4478,0.1647,0.6328,-0.6018,1.2603,0.4823,0.1457,0.1956,GO_GOAL
19.198,0.4513,0.1673,0.6328,-0.5995,1.2641,0.4823,0.1457,0.1948,GO_GOAL
19.218,0.4549,0.1699,0.6328,-0.5949,1.2716,0.5,0.1587,0.1941,GO_GOAL
19.238,0.4584,0.1725,0.6328,-0.5949,1.2716,0.5,0.1587,0.1934,GO_GOAL
19.258,0.462,0.1751,0.6328,-0.5926,1.2753,0.5,0.1587,0.1927,GO_GOAL
19.278,0.4655,0.1777,0.6328,-0.5903,1.2791,0.5,0.1587,0.1921,GO_GOAL
19.298,0.4691,0.1803,0.6328,-0.5856,1.2866,0.5,0.1587,0.1916,GO_GOAL
19.318,0.4726,0.1829,0.6328,-0.5856,1.2866,0.5178,0.1717,0.191,GO_GOAL
19.338,0.4762,0.1855,0.6328,-0.5833,1.2903,0.5178,0.1717,0.1905,GO_GOAL
19.358,0.4797,0.1881,0.6328,-0.581,1.2941,0.5178,0.1717,0.1901,GO_GOAL
19.378,0.4833,0.1907,0.6328,-0.5787,1.2978,0.5178,0.1717,0.1896,GO_GOAL
19.398,0.4868,0.1933,0.6328,-0.5764,1.3016,0.5178,0.1717,0.1893,GO_GOAL
19.418,0.4904,0.1959,0.6328,-0.5741,1.3053,0.5355,0.1847,0.1889,GO_GOAL
19.438,0.4939,0.1985,0.6328,-0.5718,1.3091,0.5355,0.1847,0.1886,GO_GOAL
19.458,0.4975,0.2011,0.6328,-0.5695,1.3128,0.5355,0.1847,0.1883,GO_GOAL
19.478,0.501,0.2037,0.6328,-0.5672,1.3166,0.5355,0.1847,0.1881,GO_GOAL
19.498,0.5046,0.2063,0.6328,-0.5649,1.3203,0.5355,0.1847,0.1879,GO_GOAL
19.518,0.5081,0.2089,0.6328,-0.5626,1.3241,0.5533,0.1977,0.1878,GO_GOAL
19.538,0.5117,0.2115,0.6328,-0.5603,1.3278,0.5533,0.1977,0.1877,GO_GOAL
19.558,0.5152,0.2141,0.6328,-0.558,1.3316,0.5533,0.1977,0.1876,GO_GOAL
19.578,0.5187,0.2168,0.6328,-0.5557,1.3353,0.5533,0.1977,0.1876,GO_GOAL
19.598,0.5223,0.2194,0.6328,-0.5534,1.3391,0.5533,0.1977,0.1876,GO_GOAL
19.618,0.5258,0.222,0.6328,-0.5511,1.3428,0.571,0.2107,0.1876,GO_GOAL
19.638,0.5294,0.2246,0.6328,-0.5488,1.3466,0.571,0.2107,0.1877,GO_GOAL
19.658,0.5329,0.2272,0.6328,-0.5465,1.3503,0.571,0.2107,0.1878,GO_GOAL
19.678,0.5365,0.2298,0.6328,-0.5442,1.3541,0.571,0.2107,0.188,GO_GOAL
19.698,0.54,0.2324,0.6328,-0.5419,1.3578,0.571,0.2107,0.1882,GO_GOAL
19.718,0.5436,0.235,0.6328,-0.5396,1.3616,0.5887,0.2237,0.1884,GO_GOAL
19.738,0.5471,0.2376,0.6328,-0.5373,1.3653,0.5887,0.2237,0.1887,GO_GOAL
19.758,0.5507,0.2402,0.6328,-0.535,1.369,0.5887,0.2237,0.189,GO_GOAL
19.778,0.5542,0.2428,0.6328,-0.5327,1.3728,0.5887,0.2237,0.1894,GO_GOAL
19.798,0.5578,0.2454,0.6328,-0.5304,1.3765,0.5887,0.2237,0.1897,GO_GOAL
19.818,0.5613,0.248,0.6328,-0.5281,1.3803,0.6065,0.2367,0.1902,GO_GOAL
19.838,0.5649,0.2506,0.6328,-0.5258,1.384,0.6065,0.2367,0.1906,GO_GOAL
19.858,0.5684,0.2532,0.6328,-0.5235,1.3878,0.6065,0.2367,0.1912,GO_GOAL
19.878,0.572,0.2558,0.6328,-0.5189,1.3953,0.6065,0.2367,0.1917,GO_GOAL
19.898,0.5755,0.2584,0.6328,-0.5189,1.3953,0.6065,0.2367,0.1923,GO_GOAL
19.918,0.5791,0.261,0.6328,-0.5166,1.399,0.6242,0.2497,0.1929,GO_GOAL
19.938,0.5826,0.2636,0.6328,-0.5143,1.4028,0.6242,0.2497,0.1936,GO_GOAL
19.958,0.5862,0.2662,0.6328,-0.5119,1.4065,0.6242,0.2497,0.1943,GO_GOAL
19.978,0.5897,0.2688,0.6328,-0.5096,1.4103,0.6242,0.2497,0.195,GO_GOAL
19.998,0.5933,0.2714,0.6328,-0.5073,1.414,0.6242,0.2497,0.1958,GO_GOAL
20.018,0.5968,0.274,0.6328,-0.505,1.4178,0.642,0.2627,0.1966,GO_GOAL
20.038,0.6003,0.2766,0.6328,-0.5027,1.4215,0.642,0.2627,0.1974,GO_GOAL
20.058,0.6039,0.2792,0.6328,-0.5004,1.4253,0.642,0.2627,0.1983,GO_GOAL
20.078,0.6074,0.2818,0.6328,-0.4981,1.429,0.642,0.2627,0.1992,GO_GOAL
20.098,0.611,0.2844,0.6328,-0.4958,1.4328,0.642,0.2627,0.2002,GO_GOAL
20.118,0.6145,0.287,0.6328,-0.4935,1.4365,0.6597,0.2757,0.2012,GO_GOAL
20.138,0.6181,0.2896,0.6328,-0.4889,1.444,0.6597,0.2757,0.2022,GO_GOAL
20.158,0.6216,0.2922,0.6328,-0.4889,1.444,0.6597,0.2757,0.2032,GO_GOAL
20.178,0.6252,0.2948,0.6328,-0.4866,1.4478,0.6597,0.2757,0.2043,GO_GOAL
20.198,0.6287,0.2974,0.6328,-0.4843,1.4515,0.6597,0.2757,0.2055,GO_GOAL
20.218,0.6323,0.3,0.6328,-0.482,1.4553,0.6775,0.2887,0.2066,GO_GOAL
20.238,0.6358,0.3026,0.6328,-0.4797,1.459,0.6775,0.2887,0.2078,GO_GOAL
20.258,0.6394,0.3052,0.6328,-0.4774,1.4628,0.6775,0.2887,0.2091,GO_GOAL
20.278,0.6429,0.3078,0.6328,-0.4751,1.4665,0.6775,0.2887,0.2104,GO_GOAL
20.298,0.6465,0.3104,0.6328,-0.4728,1.4703,0.6775,0.2887,0.2117,GO_GOAL
20.318,0.65,0.313,0.6328,-0.4705,1.474,0.6952,0.3017,0.213,GO_GOAL
20.338,0.6536,0.3156,0.6328,-0.4682,1.4778,0.6952,0.3017,0.2144,GO_GOAL
20.358,0.6571,0.3182,0.6328,-0.4659,1.4815,0.6952,0.3017,0.2158,GO_GOAL
20.378,0.6607,0.3208,0.6328,-0.4613,1.489,0.6952,0.3017,0.2172,GO_GOAL
20.398,0.6642,0.3234,0.6328,-0.4613,1.489,0.6952,0.3017,0.2187,GO_GOAL
20.418,0.6678,0.326,0.6328,-0.459,1.4928,0.713,0.3147,0.2202,GO_GOAL
20.438,0.6713,0.3287,0.6328,-0.4567,1.4965,0.713,0.3147,0.2217,GO_GOAL
20.458,0.6749,0.3313,0.6328,-0.4521,1.504,0.713,0.3147,0.2233,GO_GOAL
20.478,0.6784,0.3339,0.6328,-0.4521,1.504,0.713,0.3147,0.2249,GO_GOAL
20.498,0.682,0.3365,0.6328,-0.4498,1.5078,0.713,0.3147,0.2265,GO_GOAL
20.518,0.6855,0.3391,0.6328,-0.4475,1.5115,0.7307,0.3277,0.2282,GO_GOAL
20.538,0.689,0.3417,0.6328,-0.4452,1.5153,0.7307,0.3277,0.2299,GO_GOAL
20.558,0.6926,0.3443,0.6328,-0.4429,1.519,0.7307,0.3277,0.2316,GO_GOAL
20.578,0.6961,0.3469,0.6328,-0.4406,1.5228,0.7307,0.3277,0.2334,GO_GOAL
20.598,0.6997,0.3495,0.6328,-0.4383,1.5265,0.7307,0.3277,0.2351,GO_GOAL
20.618,0.7032,0.3521,0.6328,-0.4359,1.5303,0.7485,0.3407,0.237,GO_GOAL
20.638,0.7068,0.3547,0.6328,-0.4336,1.534,0.7485,0.3407,0.2388,GO_GOAL
20.658,0.7103,0.3573,0.6328,-0.4313,1.5378,0.7485,0.3407,0.2407,GO_GOAL
20.678,0.7139,0.3599,0.6328,-0.429,1.5415,0.7485,0.3407,0.2426,GO_GOAL
20.696,0.7174,0.3625,0.6328,-0.4267,1.5453,0.7485,0.3407,0.2445,GO_GOAL
20.718,0.721,0.3651,0.6328,-0.4244,1.549,0.7662,0.3537,0.2464,GO_GOAL
20.738,0.7245,0.3677,0.6328,-0.4221,1.5528,0.7662,0.3537,0.2484,GO_GOAL
20.758,0.7281,0.3703,0.6328,-0.4175,1.5603,0.7662,0.3537,0.2504,GO_GOAL
20.778,0.7316,0.3729,0.6328,-0.4175,1.5603,0.7662,0.3537,0.2525,GO_GOAL
20.798,0.7352,0.3755,0.6328,-0.4152,1.564,0.7662,0.3537,0.2545,GO_GOAL
20.818,0.7387,0.3781,0.6328,-0.4129,1.5678,0.7875,0.3693,0.2566,GO_GOAL
20.838,0.7423,0.3807,0.6328,-0.4083,1.5753,0.7875,0.3693,0.2588,GO_GOAL
20.858,0.7458,0.3833,0.6328,-0.4083,1.5753,0.7875,0.3693,0.2609,GO_GOAL
20.878,0.7494,0.3859,0.6328,-0.406,1.579,0.7875,0.3693,0.2631,GO_GOAL
20.898,0.7529,0.3885,0.6328,-0.4037,1.5827,0.7875,0.3693,0.2653,GO_GOAL
20.918,0.7565,0.3911,0.6328,-0.4014,1.5865,0.8017,0.3797,0.2675,GO_GOAL
20.938,0.76,0.3937,0.6328,-0.3991,1.5902,0.8017,0.3797,0.2697,GO_GOAL
20.958,0.7636,0.3963,0.6328,-0.3968,1.594,0.8017,0.3797,0.272,GO_GOAL
20.978,0.7671,0.3989,0.6328,-0.3922,1.6015,0.8017,0.3797,0.2743,GO_GOAL
20.998,0.7707,0.4015,0.6328,-0.3899,1.6052,0.8017,0.3797,0.2766,GO_GOAL
21.018,0.7742,0.4041,0.6328,-0.3899,1.6052,0.823,0.3953,0.279,GO_GOAL
21.038,0.7777,0.4067,0.6328,-0.3876,1.609,0.823,0.3953,0.2813,GO_GOAL
21.058,0.7813,0.4093,0.6328,-0.3853,1.6127,0.823,0.3953,0.2837,GO_GOAL
21.078,0.7848,0.4119,0.6328,-0.383,1.6165,0.823,0.3953,0.2861,GO_GOAL
21.098,0.7884,0.4145,0.6328,-0.3807,1.6202,0.823,0.3953,0.2886,GO_GOAL
21.118,0.7919,0.4171,0.6328,-0.3761,1.6277,0.8372,0.4058,0.291,GO_GOAL
21.138,0.7955,0.4197,0.6328,-0.3761,1.6277,0.8372,0.4058,0.2935,GO_GOAL
21.158,0.799,0.4223,0.6328,-0.3738,1.6315,0.8372,0.4058,0.296,GO_GOAL
21.178,0.8026,0.4249,0.6328,-0.3715,1.6352,0.8372,0.4058,0.2985,GO_GOAL
21.198,0.8061,0.4275,0.6328,-0.3692,1.639,0.8372,0.4058,0.3011,GO_GOAL
21.218,0.8097,0.4301,0.6328,-0.3669,1.6427,0.8549,0.4188,0.3036,GO_GOAL
21.238,0.8132,0.4327,0.6328,-0.3646,1.6465,0.8549,0.4188,0.3062,GO_GOAL
21.258,0.8168,0.4353,0.6328,-0.3623,1.6502,0.8549,0.4188,0.3088,GO_GOAL
21.278,0.8203,0.4379,0.6328,-0.3599,1.654,0.8549,0.4188,0.3115,GO_GOAL
21.298,0.8239,0.4406,0.6328,-0.3576,1.6577,0.8549,0.4188,0.3141,GO_GOAL
21.318,0.8274,0.4432,0.6328,-0.3553,1.6615,0.8727,0.4318,0.3168,GO_GOAL
21.338,0.831,0.4458,0.6328,-0.353,1.6652,0.8727,0.4318,0.3195,GO_GOAL
21.358,0.8345,0.4484,0.6328,-0.3507,1.669,0.8727,0.4318,0.3222,GO_GOAL
21.378,0.8381,0.451,0.6328,-0.3484,1.6727,0.8727,0.4318,0.3249,GO_GOAL
21.398,0.8416,0.4536,0.6328,-0.3461,1.6765,0.8727,0.4318,0.3276,GO_GOAL
21.418,0.8452,0.4562,0.6328,-0.3438,1.6802,0.8904,0.4448,0.3304,GO_GOAL
21.438,0.8487,0.4588,0.6328,-0.3415,1.684,0.8904,0.4448,0.3332,GO_GOAL
21.458,0.8523,0.4614,0.6328,-0.3392,1.6877,0.8904,0.4448,0.336,GO_GOAL
21.478,0.8558,0.464,0.6328,-0.3369,1.6915,0.8904,0.4448,0.3388,GO_GOAL
21.498,0.8593,0.4666,0.6328,-0.3323,1.699,0.8904,0.4448,0.3416,GO_GOAL
21.518,0.8629,0.4692,0.6328,-0.3323,1.699,0.9082,0.4578,0.3445,GO_GOAL
21.538,0.8664,0.4718,0.6328,-0.33,1.7027,0.9082,0.4578,0.3473,GO_GOAL
21.558,0.87,0.4744,0.6328,-0.3277,1.7065,0.9082,0.4578,0.3502,GO_GOAL
21.578,0.8735,0.477,0.6328,-0.3254,1.7102,0.9082,0.4578,0.3531,GO_GOAL
21.598,0.8771,0.4796,0.6328,-0.3231,1.714,0.9082,0.4578,0.356,GO_GOAL
21.618,0.8806,0.4822,0.6328,-0.3208,1.7177,0.9259,0.4708,0.359,GO_GOAL
21.638,0.8842,0.4848,0.6328,-0.3162,1.7252,0.9259,0.4708,0.3619,GO_GOAL
21.658,0.8877,0.4874,0.6328,-0.3162,1.7252,0.9259,0.4708,0.3649,GO_GOAL
21.678,0.8913,0.49,0.6328,-0.3139,1.729,0.9259,0.4708,0.3679,GO_GOAL
21.698,0.8948,0.4926,0.6328,-0.3116,1.7327,0.9259,0.4708,0.3708,GO_GOAL
21.718,0.8984,0.4952,0.6328,-0.3093,1.7365,0.9472,0.4864,0.3739,GO_GOAL
21.738,0.9019,0.4978,0.6328,-0.307,1.7402,0.9472,0.4864,0.3769,GO_GOAL
21.758,0.9055,0.5004,0.6328,-0.3047,1.744,0.9472,0.4864,0.3799,GO_GOAL
21.778,0.909,0.503,0.6328,-0.3001,1.7515,0.9472,0.4864,0.383,GO_GOAL
21.798,0.9126,0.5056,0.6328,-0.3001,1.7515,0.9472,0.4864,0.386,GO_GOAL
21.818,0.9161,0.5082,0.6328,-0.2978,1.7552,0.9614,0.4968,0.388,GO_GOAL
21.838,0.9197,0.5108,0.6328,-0.2955,1.759,0.9614,0.4968,0.39,GO_GOAL
21.858,0.9232,0.5134,0.6328,-0.2932,1.7627,0.9614,0.4968,0.392,GO_GOAL
21.878,0.9268,0.516,0.6328,-0.2909,1.7665,0.9614,0.4968,0.3941,GO_GOAL
21.898,0.9303,0.5186,0.6328,-0.2863,1.774,0.9614,0.4968,0.3962,GO_GOAL
21.918,0.9339,0.5212,0.6328,-0.2839,1.7777,0.9791,0.5098,0.3983,GO_GOAL
21.938,0.9374,0.5238,0.6328,-0.2839,1.7777,0.9791,0.5098,0.4004,GO_GOAL
21.958,0.941,0.5264,0.6328,-0.2816,1.7815,0.9791,0.5098,0.4026,GO_GOAL
21.978,0.9445,0.529,0.6328,-0.2793,1.7852,0.9791,0.5098,0.4047,GO_GOAL
21.998,0.948,0.5316,0.6328,-0.2747,1.7927,0.9791,0.5098,0.4069,GO_GOAL
22.018,0.9516,0.5342,0.6328,-0.2747,1.7927,0.9969,0.5228,0.4091,GO_GOAL
22.038,0.9551,0.5368,0.6328,-0.2724,1.7965,0.9969,0.5228,0.4114,GO_GOAL
22.058,0.9587,0.5394,0.6328,-0.2678,1.8039,0.9969,0.5228,0.4136,GO_GOAL
22.078,0.9622,0.542,0.6328,-0.2655,1.8077,0.9969,0.5228,0.4159,GO_GOAL
22.098,0.9658,0.5446,0.6328,-0.2655,1.8077,0.9969,0.5228,0.4182,GO_GOAL
22.118,0.9693,0.5472,0.6328,-0.2632,1.8114,1.0146,0.5358,0.4205,GO_GOAL
22.138,0.9729,0.5498,0.6328,-0.2586,1.8189,1.0146,0.5358,0.4228,GO_GOAL
22.158,0.9764,0.5525,0.6328,-0.2563,1.8227,1.0146,0.5358,0.4252,GO_GOAL
22.178,0.98,0.5551,0.6328,-0.2563,1.8227,1.0146,0.5358,0.4276,GO_GOAL
22.198,0.9835,0.5577,0.6328,-0.254,1.8264,1.0146,0.5358,0.4299,GO_GOAL
22.218,0.9871,0.5603,0.6328,-0.2517,1.8302,1.0324,0.5488,0.4323,GO_GOAL
22.238,0.9906,0.5629,0.6328,-0.2471,1.8377,1.0324,0.5488,0.4348,GO_GOAL
22.258,0.9942,0.5655,0.6328,-0.2471,1.8377,1.0324,0.5488,0.4372,GO_GOAL
22.278,0.9977,0.5681,0.6328,-0.2448,1.8414,1.0324,0.5488,0.4397,GO_GOAL
22.298,1.0013,0.5707,0.6328,-0.2425,1.8452,1.0324,0.5488,0.4421,GO_GOAL
22.318,1.0048,0.5733,0.6328,-0.2402,1.8489,1.0501,0.5618,0.4446,GO_GOAL
22.338,1.0084,0.5759,0.6328,-0.2379,1.8527,1.0501,0.5618,0.4471,GO_GOAL
22.358,1.0119,0.5785,0.6328,-0.2356,1.8564,1.0501,0.5618,0.4497,GO_GOAL
22.378,1.0155,0.5811,0.6328,-0.2333,1.8602,1.0501,0.5618,0.4522,GO_GOAL
22.398,1.019,0.5837,0.6328,-0.231,1.8639,1.0501,0.5618,0.4548,GO_GOAL
22.418,1.0226,0.5863,0.6328,-0.2287,1.8677,1.0714,0.5774,0.4574,GO_GOAL
22.438,1.0261,0.5889,0.6328,-0.2264,1.8714,1.0714,0.5774,0.46,GO_GOAL
22.458,1.0296,0.5915,0.6328,-0.2241,1.8752,1.0714,0.5774,0.4626,GO_GOAL
22.478,1.0332,0.5941,0.6328,-0.2218,1.8789,1.0714,0.5774,0.4652,GO_GOAL
22.498,1.0367,0.5967,0.6328,-0.2195,1.8827,1.0714,0.5774,0.4678,GO_GOAL
22.518,1.0403,0.5993,0.6328,-0.2172,1.8864,1.0856,0.5878,0.4705,GO_GOAL
22.538,1.0438,0.6019,0.6328,-0.2149,1.8902,1.0856,0.5878,0.4732,GO_GOAL
22.558,1.0474,0.6045,0.6328,-0.2126,1.8939,1.0856,0.5878,0.4759,GO_GOAL
22.578,1.0509,0.6071,0.6328,-0.2103,1.8977,1.0856,0.5878,0.4786,GO_GOAL
22.598,1.0545,0.6097,0.6328,-0.2079,1.9014,1.0856,0.5878,0.4813,GO_GOAL
22.618,1.058,0.6123,0.6328,-0.2056,1.9052,1.1034,0.6008,0.484,GO_GOAL
22.638,1.0616,0.6149,0.6328,-0.2033,1.9089,1.1034,0.6008,0.4868,GO_GOAL
22.658,1.0651,0.6175,0.6328,-0.201,1.9127,1.1034,0.6008,0.4896,GO_GOAL
22.678,1.0687,0.6201,0.6328,-0.1987,1.9164,1.1034,0.6008,0.4923,GO_GOAL
22.698,1.0722,0.6227,0.6328,-0.1964,1.9202,1.1034,0.6008,0.4951,GO_GOAL
22.718,1.0758,0.6253,0.6328,-0.1941,1.9239,1.1211,0.6138,0.4977,GO_GOAL
22.738,1.0793,0.6279,0.6328,-0.1918,1.9277,1.1211,0.6138,0.4945,GO_GOAL
22.758,1.0829,0.6305,0.6328,-0.1895,1.9314,1.1211,0.6138,0.4913,GO_GOAL
22.778,1.0864,0.6331,0.6328,-0.1849,1.9389,1.1211,0.6138,0.4881,GO_GOAL
22.798,1.09,0.6357,0.6328,-0.1849,1.9389,1.1211,0.6138,0.4849,GO_GOAL
22.818,1.0935,0.6383,0.6328,-0.1826,1.9427,1.1389,0.6268,0.4817,GO_GOAL
22.838,1.0971,0.6409,0.6328,-0.178,1.9502,1.1389,0.6268,0.4786,GO_GOAL
22.858,1.1006,0.6435,0.6328,-0.178,1.9502,1.1389,0.6268,0.4754,GO_GOAL
22.878,1.1042,0.6461,0.6328,-0.1757,1.9539,1.1389,0.6268,0.4723,GO_GOAL
22.898,1.1077,0.6487,0.6328,-0.1734,1.9577,1.1389,0.6268,0.4692,GO_GOAL
22.916,1.1113,0.6513,0.6328,-0.1711,1.9614,1.1601,0.6424,0.4661,GO_GOAL
22.938,1.1148,0.6539,0.6328,-0.1688,1.9652,1.1601,0.6424,0.463,GO_GOAL
22.958,1.1183,0.6565,0.6328,-0.1665,1.9689,1.1601,0.6424,0.4599,GO_GOAL
22.978,1.1219,0.6591,0.6328,-0.1642,1.9727,1.1601,0.6424,0.4569,GO_GOAL
22.998,1.1254,0.6617,0.6328,-0.1619,1.9764,1.1601,0.6424,0.4538,GO_GOAL
23.018,1.129,0.6644,0.6328,-0.1596,1.9802,1.1779,0.6554,0.4508,GO_GOAL
23.038,1.1325,0.667,0.6328,-0.1573,1.9839,1.1779,0.6554,0.4477,GO_GOAL
23.058,1.1361,0.6696,0.6328,-0.1527,1.9914,1.1779,0.6554,0.4447,GO_GOAL
23.078,1.1396,0.6722,0.6328,-0.1527,1.9914,1.1779,0.6554,0.4417,GO_GOAL
23.098,1.1432,0.6748,0.6328,-0.1504,1.9952,1.1779,0.6554,0.4387,GO_GOAL
23.118,1.1467,0.6774,0.6328,-0.1481,1.9989,1.1921,0.6658,0.4358,GO_GOAL
23.138,1.1503,0.68,0.6328,-0.1458,2.0027,1.1921,0.6658,0.4328,GO_GOAL
23.158,1.1538,0.6826,0.6328,-0.1435,2.0064,1.1921,0.6658,0.4299,GO_GOAL
23.178,1.1574,0.6852,0.6328,-0.1412,2.0102,1.1921,0.6658,0.4269,GO_GOAL
23.198,1.1609,0.6878,0.6328,-0.1389,2.0139,1.1921,0.6658,0.424,GO_GOAL
23.218,1.1645,0.6904,0.6328,-0.1366,2.0176,1.2098,0.6788,0.4211,GO_GOAL
23.238,1.168,0.693,0.6328,-0.1342,2.0214,1.2098,0.6788,0.4182,GO_GOAL
23.258,1.1716,0.6956,0.6328,-0.1319,2.0251,1.2098,0.6788,0.4154,GO_GOAL
23.278,1.1751,0.6982,0.6328,-0.1296,2.0289,1.2098,0.6788,0.4125,GO_GOAL
23.298,1.1787,0.7008,0.6328,-0.125,2.0364,1.2098,0.6788,0.4097,GO_GOAL
23.318,1.1822,0.7034,0.6328,-0.125,2.0364,1.2276,0.6918,0.4069,GO_GOAL
23.338,1.1858,0.706,0.6328,-0.1227,2.0401,1.2276,0.6918,0.4041,GO_GOAL
23.358,1.1893,0.7086,0.6328,-0.1204,2.0439,1.2276,0.6918,0.4013,GO_GOAL
23.378,1.1929,0.7112,0.6328,-0.1158,2.0514,1.2276,0.6918,0.3985,GO_GOAL
23.398,1.1964,0.7138,0.6328,-0.1158,2.0514,1.2276,0.6918,0.3957,GO_GOAL
23.418,1.2,0.7164,0.6328,-0.1135,2.0551,1.2453,0.7048,0.393,GO_GOAL
23.438,1.2035,0.719,0.6328,-0.1112,2.0589,1.2453,0.7048,0.3903,GO_GOAL
23.458,1.207,0.7216,0.6328,-0.1089,2.0626,1.2453,0.7048,0.3876,GO_GOAL
23.478,1.2106,0.7242,0.6328,-0.1066,2.0664,1.2453,0.7048,0.3849,GO_GOAL
23.498,1.2141,0.7268,0.6328,-0.102,2.0739,1.2453,0.7048,0.3822,GO_GOAL
23.518,1.2177,0.7294,0.6328,-0.102,2.0739,1.2631,0.7178,0.3796,GO_GOAL
23.538,1.2212,0.732,0.6328,-0.0997,2.0776,1.2631,0.7178,0.3769,GO_GOAL
23.558,1.2248,0.7346,0.6328,-0.0974,2.0814,1.2631,0.7178,0.3743,GO_GOAL
23.578,1.2283,0.7372,0.6328,-0.0951,2.0851,1.2631,0.7178,0.3717,GO_GOAL
23.598,1.2319,0.7398,0.6328,-0.0928,2.0889,1.2631,0.7178,0.3691,GO_GOAL
23.618,1.2354,0.7424,0.6328,-0.0905,2.0926,1.2844,0.7334,0.3666,GO_GOAL
23.638,1.239,0.745,0.6328,-0.0882,2.0964,1.2844,0.7334,0.364,GO_GOAL
23.658,1.2425,0.7476,0.6328,-0.0859,2.1001,1.2844,0.7334,0.3615,GO_GOAL
23.678,1.2461,0.7502,0.6328,-0.0813,2.1076,1.2844,0.7334,0.359,GO_GOAL
23.698,1.2496,0.7528,0.6328,-0.0813,2.1076,1.2844,0.7334,0.3565,GO_GOAL
23.718,1.2532,0.7554,0.6328,-0.079,2.1114,1.3021,0.7464,0.3541,GO_GOAL
23.738,1.2567,0.758,0.6328,-0.0767,2.1151,1.3021,0.7464,0.3516,GO_GOAL
23.758,1.2603,0.7606,0.6328,-0.0744,2.1189,1.3021,0.7464,0.3492,GO_GOAL
23.778,1.2638,0.7632,0.6328,-0.0721,2.1226,1.3021,0.7464,0.3468,GO_GOAL
23.798,1.2674,0.7658,0.6328,-0.0698,2.1264,1.3021,0.7464,0.3444,GO_GOAL
23.818,1.2709,0.7684,0.6328,-0.0675,2.1301,1.3163,0.7568,0.342,GO_GOAL
23.838,1.2745,0.771,0.6328,-0.0629,2.1376,1.3163,0.7568,0.3397,GO_GOAL
23.858,1.278,0.7737,0.6328,-0.0629,2.1376,1.3163,0.7568,0.3374,GO_GOAL
23.878,1.2816,0.7763,0.6328,-0.0606,2.1414,1.3163,0.7568,0.3351,GO_GOAL
23.898,1.2851,0.7789,0.6328,-0.0582,2.1451,1.3341,0.7699,0.3328,GO_GOAL
23.918,1.2886,0.7815,0.6328,-0.0536,2.1526,1.3341,0.7699,0.3306,GO_GOAL
23.938,1.2922,0.7841,0.6328,-0.0536,2.1526,1.3341,0.7699,0.3283,GO_GOAL
23.958,1.2957,0.7867,0.6328,-0.0513,2.1564,1.3341,0.7699,0.3261,GO_GOAL
23.978,1.2993,0.7893,0.6328,-0.049,2.1601,1.3341,0.7699,0.3239,GO_GOAL
23.998,1.3028,0.7919,0.6328,-0.0467,2.1639,1.3341,0.7699,0.3218,GO_GOAL
24.018,1.3064,0.7945,0.6328,-0.0444,2.1676,1.3518,0.7829,0.3196,GO_GOAL
24.038,1.3099,0.7971,0.6328,-0.0421,2.1714,1.3518,0.7829,0.3175,GO_GOAL
24.058,1.3135,0.7997,0.6328,-0.0398,2.1751,1.3518,0.7829,0.3154,GO_GOAL
24.078,1.317,0.8023,0.6328,-0.0375,2.1789,1.3518,0.7829,0.3134,GO_GOAL
24.098,1.3206,0.8049,0.6328,-0.0352,2.1826,1.3518,0.7829,0.3113,GO_GOAL
24.118,1.3241,0.8075,0.6328,-0.0329,2.1864,1.3695,0.7959,0.3093,GO_GOAL
24.138,1.3277,0.8101,0.6328,-0.0306,2.1901,1.3695,0.7959,0.3073,GO_GOAL
24.158,1.3312,0.8127,0.6328,-0.0283,2.1939,1.3695,0.7959,0.3053,GO_GOAL
24.178,1.3348,0.8153,0.6328,-0.026,2.1976,1.3695,0.7959,0.3034,GO_GOAL
24.198,1.3383,0.8179,0.6328,-0.0237,2.2014,1.3695,0.7959,0.3015,GO_GOAL
24.218,1.3419,0.8205,0.6328,-0.0191,2.2089,1.3873,0.8089,0.2996,GO_GOAL
24.238,1.3454,0.8231,0.6328,-0.0191,2.2089,1.3873,0.8089,0.2977,GO_GOAL
24.258,1.349,0.8257,0.6328,-0.0168,2.2126,1.3873,0.8089,0.2959,GO_GOAL
24.278,1.3525,0.8283,0.6328,-0.0122,2.2201,1.3873,0.8089,0.2941,GO_GOAL
24.298,1.3561,0.8309,0.6328,-0.0122,2.2201,1.3873,0.8089,0.2923,GO_GOAL
24.318,1.3596,0.8335,0.6328,-0.0099,2.2239,1.405,0.8219,0.2905,GO_GOAL
24.338,1.3632,0.8361,0.6328,-0.0076,2.2276,1.405,0.8219,0.2888,GO_GOAL
24.358,1.3667,0.8387,0.6328,-0.0053,2.2313,1.405,0.8219,0.2871,GO_GOAL
24.378,1.3703,0.8413,0.6328,-0.003,2.2351,1.405,0.8219,0.2854,GO_GOAL
24.398,1.3738,0.8439,0.6328,-0.0007,2.2388,1.405,0.8219,0.2838,GO_GOAL
24.418,1.3773,0.8465,0.6328,0.0016,2.2426,1.4228,0.8349,0.2821,GO_GOAL
24.438,1.3809,0.8491,0.6328,0.0039,2.2463,1.4228,0.8349,0.2805,GO_GOAL
24.458,1.3844,0.8517,0.6328,0.0062,2.2501,1.4228,0.8349,0.279,GO_GOAL
24.478,1.388,0.8543,0.6328,0.0085,2.2538,1.4228,0.8349,0.2774,GO_GOAL
24.496,1.3915,0.8569,0.6328,0.0108,2.2576,1.4228,0.8349,0.2759,GO_GOAL
24.518,1.3951,0.8595,0.6328,0.0131,2.2613,1.4441,0.8505,0.2745,GO_GOAL
24.538,1.3986,0.8621,0.6328,0.0154,2.2651,1.4441,0.8505,0.273,GO_GOAL
24.558,1.4022,0.8647,0.6328,0.0178,2.2688,1.4441,0.8505,0.2716,GO_GOAL
24.578,1.4057,0.8673,0.6328,0.0201,2.2726,1.4441,0.8505,0.2702,GO_GOAL
24.598,1.4093,0.8699,0.6328,0.0224,2.2763,1.4441,0.8505,0.2688,GO_GOAL
24.618,1.4128,0.8725,0.6328,0.0247,2.2801,1.4583,0.8609,0.2675,GO_GOAL
24.638,1.4164,0.8751,0.6328,0.027,2.2838,1.4583,0.8609,0.2662,GO_GOAL
24.658,1.4199,0.8777,0.6328,0.0293,2.2876,1.4583,0.8609,0.2649,GO_GOAL
24.678,1.4235,0.8803,0.6328,0.0316,2.2913,1.4583,0.8609,0.2637,GO_GOAL
24.698,1.427,0.8829,0.6328,0.0339,2.2951,1.4583,0.8609,0.2625,GO_GOAL
24.718,1.4306,0.8856,0.6328,0.0362,2.2988,1.476,0.8739,0.2613,GO_GOAL
24.738,1.4341,0.8882,0.6328,0.0385,2.3026,1.476,0.8739,0.2602,GO_GOAL
24.758,1.4377,0.8908,0.6328,0.0408,2.3063,1.476,0.8739,0.2591,GO_GOAL
24.778,1.4412,0.8934,0.6328,0.0431,2.3101,1.476,0.8739,0.258,GO_GOAL
24.798,1.4448,0.896,0.6328,0.0454,2.3138,1.476,0.8739,0.257,GO_GOAL
24.818,1.4483,0.8986,0.6328,0.0477,2.3176,1.4938,0.8869,0.2559,GO_GOAL
24.838,1.4519,0.9012,0.6328,0.05,2.3213,1.4938,0.8869,0.255,GO_GOAL
24.858,1.4554,0.9038,0.6328,0.0523,2.3251,1.4938,0.8869,0.254,GO_GOAL
24.878,1.4589,0.9064,0.6328,0.0546,2.3288,1.4938,0.8869,0.2531,GO_GOAL
24.898,1.4625,0.909,0.6328,0.0569,2.3326,1.4938,0.8869,0.2522,GO_GOAL
24.918,1.466,0.9116,0.6328,0.0592,2.3363,1.5151,0.9025,0.2514,GO_GOAL
24.938,1.4696,0.9142,0.6328,0.0615,2.3401,1.5151,0.9025,0.2505,GO_GOAL
24.958,1.4731,0.9168,0.6328,0.0638,2.3438,1.5151,0.9025,0.2498,GO_GOAL
24.978,1.4767,0.9194,0.6328,0.0684,2.3513,1.5151,0.9025,0.249,GO_GOAL
24.998,1.4802,0.922,0.6328,0.0684,2.3513,1.5151,0.9025,0.2483,GO_GOAL
25.018,1.4838,0.9246,0.6328,0.0707,2.3551,1.5293,0.9129,0.2476,GO_GOAL
25.038,1.4873,0.9272,0.6328,0.073,2.3588,1.5293,0.9129,0.247,GO_GOAL
25.058,1.4909,0.9298,0.6328,0.0753,2.3626,1.5293,0.9129,0.2463,GO_GOAL
25.078,1.4944,0.9324,0.6328,0.0776,2.3663,1.5293,0.9129,0.2458,GO_GOAL
25.098,1.498,0.935,0.6328,0.0799,2.3701,1.5293,0.9129,0.2452,GO_GOAL
25.118,1.5015,0.9376,0.6328,0.0822,2.3738,1.547,0.9259,0.2447,GO_GOAL
25.138,1.5051,0.9402,0.6328,0.0868,2.3813,1.547,0.9259,0.2442,GO_GOAL
25.158,1.5086,0.9428,0.6328,0.0868,2.3813,1.547,0.9259,0.2438,GO_GOAL
25.178,1.5122,0.9454,0.6328,0.0891,2.3851,1.547,0.9259,0.2434,GO_GOAL
25.198,1.5157,0.948,0.6328,0.0914,2.3888,1.547,0.9259,0.243,GO_GOAL
25.218,1.5193,0.9506,0.6328,0.0938,2.3926,1.5648,0.9389,0.2427,GO_GOAL
25.238,1.5228,0.9532,0.6328,0.0961,2.3963,1.5648,0.9389,0.2424,GO_GOAL
25.258,1.5264,0.9558,0.6328,0.0984,2.4001,1.5648,0.9389,0.2421,GO_GOAL
25.278,1.5299,0.9584,0.6328,0.1007,2.4038,1.5648,0.9389,0.2419,GO_GOAL
25.298,1.5335,0.961,0.6328,0.103,2.4076,1.5648,0.9389,0.2417,GO_GOAL
25.318,1.537,0.9636,0.6328,0.1053,2.4113,1.586,0.9545,0.2415,GO_GOAL
25.338,1.5406,0.9662,0.6328,0.1076,2.4151,1.586,0.9545,0.2414,GO_GOAL
25.358,1.5441,0.9688,0.6328,0.1099,2.4188,1.586,0.9545,0.2413,GO_GOAL
25.378,1.5476,0.9714,0.6328,0.1122,2.4226,1.586,0.9545,0.2412,GO_GOAL
25.398,1.5512,0.974,0.6328,0.1145,2.4263,1.586,0.9545,0.2412,GO_GOAL
25.418,1.5547,0.9766,0.6328,0.1168,2.4301,1.6002,0.9649,0.2412,GO_GOAL
25.438,1.5583,0.9792,0.6328,0.1191,2.4338,1.6002,0.9649,0.2413,GO_GOAL
25.458,1.5618,0.9818,0.6328,0.1214,2.4376,1.6002,0.9649,0.2413,GO_GOAL
25.478,1.5654,0.9844,0.6328,0.1237,2.4413,1.6002,0.9649,0.2414,GO_GOAL
25.498,1.5689,0.987,0.6328,0.126,2.445,1.6002,0.9649,0.2416,GO_GOAL
25.518,1.5725,0.9896,0.6328,0.1306,2.4525,1.618,0.9779,0.2418,GO_GOAL
25.538,1.576,0.9922,0.6328,0.1306,2.4525,1.618,0.9779,0.242,GO_GOAL
25.558,1.5796,0.9948,0.6328,0.1329,2.4563,1.618,0.9779,0.2423,GO_GOAL
25.578,1.5831,0.9975,0.6328,0.1352,2.46,1.618,0.9779,0.2426,GO_GOAL
25.598,1.5867,1.0001,0.6328,0.1375,2.4638,1.618,0.9779,0.2429,GO_GOAL
25.618,1.5902,1.0027,0.6328,0.1398,2.4675,1.6357,0.9909,0.2432,GO_GOAL
25.638,1.5938,1.0053,0.6328,0.1421,2.4713,1.6357,0.9909,0.2436,GO_GOAL
25.658,1.5973,1.0079,0.6328,0.1444,2.475,1.6357,0.9909,0.2441,GO_GOAL
25.678,1.6009,1.0105,0.6328,0.1467,2.4788,1.6357,0.9909,0.2445,GO_GOAL
25.698,1.6044,1.0131,0.6328,0.149,2.4825,1.6357,0.9909,0.245,GO_GOAL
25.718,1.608,1.0157,0.6328,0.1513,2.4863,1.6535,1.0039,0.2456,GO_GOAL
25.738,1.6115,1.0183,0.6328,0.1559,2.4938,1.6535,1.0039,0.2461,GO_GOAL
25.758,1.6151,1.0209,0.6328,0.1559,2.4938,1.6535,1.0039,0.2467,GO_GOAL
25.778,1.6186,1.0235,0.6328,0.1582,2.4975,1.6535,1.0039,0.2474,GO_GOAL
25.798,1.6222,1.0261,0.6328,0.1605,2.5013,1.6535,1.0039,0.2481,GO_GOAL
25.818,1.6257,1.0287,0.6328,0.1628,2.505,1.6712,1.0169,0.2488,GO_GOAL
25.838,1.6293,1.0313,0.6328,0.1651,2.5088,1.6712,1.0169,0.2495,GO_GOAL
25.858,1.6328,1.0339,0.6328,0.1674,2.5125,1.6712,1.0169,0.2503,GO_GOAL
25.878,1.6363,1.0365,0.6328,0.1721,2.52,1.6712,1.0169,0.2511,GO_GOAL
25.898,1.6399,1.0391,0.6328,0.1721,2.52,1.6712,1.0169,0.2519,GO_GOAL
25.918,1.6434,1.0417,0.6328,0.1744,2.5238,1.6925,1.0325,0.2528,GO_GOAL
25.938,1.647,1.0443,0.6328,0.1767,2.5275,1.6925,1.0325,0.2537,GO_GOAL
25.958,1.6505,1.0469,0.6328,0.179,2.5313,1.6925,1.0325,0.2546,GO_GOAL
25.978,1.6541,1.0495,0.6328,0.1813,2.535,1.6925,1.0325,0.2556,GO_GOAL
25.998,1.6576,1.0521,0.6328,0.1836,2.5388,1.6925,1.0325,0.2566,GO_GOAL
26.018,1.6612,1.0547,0.6328,0.1859,2.5425,1.7103,1.0455,0.2576,GO_GOAL
26.038,1.6647,1.0573,0.6328,0.1882,2.5463,1.7103,1.0455,0.2587,GO_GOAL
26.058,1.6683,1.0599,0.6328,0.1905,2.55,1.7103,1.0455,0.2598,GO_GOAL
26.078,1.6718,1.0625,0.6328,0.1951,2.5575,1.7103,1.0455,0.2609,GO_GOAL
26.098,1.6754,1.0651,0.6328,0.1951,2.5575,1.7103,1.0455,0.2621,GO_GOAL
26.118,1.6789,1.0677,0.6328,0.1997,2.565,1.7245,1.0559,0.2633,GO_GOAL
26.138,1.6825,1.0703,0.6328,0.1997,2.565,1.7245,1.0559,0.2645,GO_GOAL
26.158,1.686,1.0729,0.6328,0.202,2.5688,1.7245,1.0559,0.2658,GO_GOAL
26.178,1.6896,1.0755,0.6328,0.2043,2.5725,1.7245,1.0559,0.2671,GO_GOAL
26.198,1.6931,1.0781,0.6328,0.2066,2.5763,1.7245,1.0559,0.2684,GO_GOAL
26.218,1.6967,1.0807,0.6328,0.2112,2.5838,1.7422,1.0689,0.2697,GO_GOAL
26.238,1.7002,1.0833,0.6328,0.2112,2.5838,1.7422,1.0689,0.2711,GO_GOAL
26.258,1.7038,1.0859,0.6328,0.2135,2.5875,1.7422,1.0689,0.2725,GO_GOAL
26.278,1.7073,1.0885,0.6328,0.2158,2.5913,1.7422,1.0689,0.274,GO_GOAL
26.298,1.7109,1.0911,0.6328,0.2181,2.595,1.7422,1.0689,0.2754,GO_GOAL
26.318,1.7144,1.0937,0.6328,0.2204,2.5988,1.76,1.0819,0.2769,GO_GOAL
26.338,1.7179,1.0963,0.6328,0.2227,2.6025,1.76,1.0819,0.2784,GO_GOAL
26.358,1.7215,1.0989,0.6328,0.225,2.6063,1.76,1.0819,0.28,GO_GOAL
26.378,1.725,1.1015,0.6328,0.2273,2.61,1.76,1.0819,0.2816,GO_GOAL
26.398,1.7286,1.1041,0.6328,0.2296,2.6138,1.76,1.0819,0.2832,GO_GOAL
26.418,1.7321,1.1067,0.6328,0.2319,2.6175,1.7777,1.0949,0.2848,GO_GOAL
26.438,1.7357,1.1094,0.6328,0.2365,2.625,1.7777,1.0949,0.2865,GO_GOAL
26.458,1.7392,1.112,0.6328,0.2365,2.625,1.7777,1.0949,0.2882,GO_GOAL
26.478,1.7428,1.1146,0.6328,0.2388,2.6288,1.7777,1.0949,0.2899,GO_GOAL
26.498,1.7463,1.1172,0.6328,0.2411,2.6325,1.7777,1.0949,0.2917,GO_GOAL
26.518,1.7499,1.1198,0.6328,0.2435,2.6363,1.7954,1.1079,0.2935,GO_GOAL
26.538,1.7534,1.1224,0.6328,0.2458,2.64,1.7954,1.1079,0.2953,GO_GOAL
26.558,1.757,1.125,0.6328,0.2481,2.6438,1.7954,1.1079,0.2971,GO_GOAL
26.578,1.7605,1.1276,0.6328,0.2504,2.6475,1.7954,1.1079,0.2989,GO_GOAL
26.598,1.7641,1.1302,0.6328,0.255,2.655,1.7954,1.1079,0.3008,GO_GOAL
26.618,1.7676,1.1328,0.6328,0.255,2.655,1.8132,1.1209,0.3027,GO_GOAL
26.638,1.7712,1.1354,0.6328,0.2573,2.6587,1.8132,1.1209,0.3047,GO_GOAL
26.658,1.7747,1.138,0.6328,0.2596,2.6625,1.8132,1.1209,0.3066,GO_GOAL
26.678,1.7783,1.1406,0.6328,0.2619,2.6662,1.8132,1.1209,0.3086,GO_GOAL
26.698,1.7818,1.1432,0.6328,0.2642,2.67,1.8132,1.1209,0.3106,GO_GOAL
26.718,1.7854,1.1458,0.6328,0.2665,2.6737,1.8309,1.1339,0.3127,GO_GOAL
26.738,1.7889,1.1484,0.6328,0.2688,2.6775,1.8309,1.1339,0.3147,GO_GOAL
26.758,1.7925,1.151,0.6328,0.2711,2.6812,1.8309,1.1339,0.3168,GO_GOAL
26.778,1.796,1.1536,0.6328,0.2734,2.685,1.8309,1.1339,0.3189,GO_GOAL
26.798,1.7996,1.1562,0.6328,0.2757,2.6887,1.8309,1.1339,0.321,GO_GOAL
26.818,1.8031,1.1588,0.6328,0.278,2.6925,1.8487,1.1469,0.3232,GO_GOAL
26.838,1.8066,1.1614,0.6328,0.2803,2.6962,1.8487,1.1469,0.3254,GO_GOAL
26.858,1.8102,1.164,0.6328,0.2826,2.7,1.8487,1.1469,0.3276,GO_GOAL
26.878,1.8137,1.1666,0.6328,0.2849,2.7037,1.8487,1.1469,0.3298,GO_GOAL
26.898,1.8173,1.1692,0.6328,0.2895,2.7112,1.8487,1.1469,0.332,GO_GOAL
26.918,1.8208,1.1718,0.6328,0.2895,2.7112,1.8664,1.16,0.3343,GO_GOAL
26.938,1.8244,1.1744,0.6328,0.2918,2.715,1.8664,1.16,0.3366,GO_GOAL
26.958,1.8279,1.177,0.6328,0.2941,2.7187,1.8664,1.16,0.3389,GO_GOAL
26.978,1.8315,1.1796,0.6328,0.2964,2.7225,1.8664,1.16,0.3412,GO_GOAL
26.998,1.835,1.1822,0.6328,0.2987,2.7262,1.8664,1.16,0.3436,GO_GOAL
27.018,1.8386,1.1848,0.6328,0.301,2.73,1.8842,1.173,0.346,GO_GOAL
27.038,1.8421,1.1874,0.6328,0.3033,2.7337,1.8842,1.173,0.3484,GO_GOAL
27.058,1.8457,1.19,0.6328,0.3056,2.7375,1.8842,1.173,0.3508,GO_GOAL
27.078,1.8492,1.1926,0.6328,0.3079,2.7412,1.8842,1.173,0.3532,GO_GOAL
27.098,1.8528,1.1952,0.6328,0.3102,2.745,1.8842,1.173,0.3557,GO_GOAL
27.118,1.8563,1.1978,0.6328,0.3148,2.7525,1.9019,1.186,0.3582,GO_GOAL
27.138,1.8599,1.2004,0.6328,0.3148,2.7525,1.9019,1.186,0.3607,GO_GOAL
27.158,1.8634,1.203,0.6328,0.3171,2.7562,1.9019,1.186,0.3632,GO_GOAL
27.178,1.867,1.2056,0.6328,0.3195,2.76,1.9019,1.186,0.3657,GO_GOAL
27.198,1.8705,1.2082,0.6328,0.3218,2.7637,1.9019,1.186,0.3683,GO_GOAL
27.218,1.8741,1.2108,0.6328,0.3241,2.7675,1.9197,1.199,0.3708,GO_GOAL
27.238,1.8776,1.2134,0.6328,0.3287,2.775,1.9197,1.199,0.3734,GO_GOAL
27.258,1.8812,1.216,0.6328,0.3287,2.775,1.9197,1.199,0.376,GO_GOAL
27.278,1.8847,1.2186,0.6328,0.331,2.7787,1.9197,1.199,0.3787,GO_GOAL
27.298,1.8882,1.2213,0.6328,0.3333,2.7825,1.9197,1.199,0.3813,GO_GOAL
27.318,1.8918,1.2239,0.6328,0.3379,2.79,1.9374,1.212,0.384,GO_GOAL
27.338,1.8953,1.2265,0.6328,0.3379,2.79,1.9374,1.212,0.3867,GO_GOAL
27.358,1.8989,1.2291,0.6328,0.3402,2.7937,1.9374,1.212,0.3894,GO_GOAL
27.378,1.9024,1.2317,0.6328,0.3425,2.7975,1.9374,1.212,0.3921,GO_GOAL
27.398,1.906,1.2343,0.6328,0.3448,2.8012,1.9374,1.212,0.3948,GO_GOAL
27.418,1.9095,1.2369,0.6328,0.3471,2.805,1.9552,1.225,0.3976,GO_GOAL
27.438,1.9131,1.2395,0.6328,0.3494,2.8087,1.9552,1.225,0.4003,GO_GOAL
27.458,1.9166,1.2421,0.6328,0.3517,2.8125,1.9552,1.225,0.4031,GO_GOAL
27.478,1.9202,1.2447,0.6328,0.3563,2.82,1.9552,1.225,0.4059,GO_GOAL
27.498,1.9237,1.2473,0.6328,0.3563,2.82,1.9552,1.225,0.4087,GO_GOAL
27.518,1.9273,1.2499,0.6328,0.3586,2.8237,1.9729,1.238,0.4116,GO_GOAL
27.538,1.9308,1.2525,0.6328,0.3609,2.8275,1.9729,1.238,0.4144,GO_GOAL
27.558,1.9344,1.2551,0.6328,0.3632,2.8312,1.9729,1.238,0.4173,GO_GOAL
27.578,1.9379,1.2577,0.6328,0.3678,2.8387,1.9729,1.238,0.4201,GO_GOAL
27.598,1.9415,1.2603,0.6328,0.3701,2.8425,1.9729,1.238,0.423,GO_GOAL
27.618,1.945,1.2629,0.6328,0.3701,2.8425,1.9906,1.251,0.4259,GO_GOAL
27.638,1.9486,1.2655,0.6328,0.3724,2.8462,1.9906,1.251,0.4289,GO_GOAL
27.658,1.9521,1.2681,0.6328,0.3747,2.85,1.9906,1.251,0.4318,GO_GOAL
27.678,1.9557,1.2707,0.6328,0.377,2.8537,1.9906,1.251,0.4348,GO_GOAL
27.698,1.9592,1.2733,0.6328,0.3793,2.8575,1.9906,1.251,0.4377,GO_GOAL
27.718,1.9628,1.2759,0.6328,0.3816,2.8612,2.0084,1.264,0.4407,GO_GOAL
27.738,1.9663,1.2785,0.6328,0.3839,2.865,2.0084,1.264,0.4437,GO_GOAL
27.758,1.9699,1.2811,0.6328,0.3862,2.8687,2.0084,1.264,0.4467,GO_GOAL
27.778,1.9734,1.2837,0.6328,0.3885,2.8725,2.0084,1.264,0.4497,GO_GOAL
27.798,1.9769,1.2863,0.6328,0.3908,2.8762,2.0084,1.264,0.4528,GO_GOAL
27.818,1.9805,1.2889,0.6328,0.3931,2.8799,2.0261,1.277,0.4558,GO_GOAL
27.838,1.984,1.2915,0.6328,0.3955,2.8837,2.0261,1.277,0.4589,GO_GOAL
27.858,1.9876,1.2941,0.6328,0.3978,2.8874,2.0261,1.277,0.4619,GO_GOAL
27.878,1.9911,1.2967,0.6328,0.4024,2.8949,2.0261,1.277,0.465,GO_GOAL
27.898,1.9947,1.2993,0.6328,0.4047,2.8987,2.0261,1.277,0.4681,GO_GOAL
27.918,1.9982,1.3019,0.6328,0.4047,2.8987,2.0439,1.29,0.4712,GO_GOAL
27.938,2.0018,1.3045,0.6328,0.407,2.9024,2.0439,1.29,0.4744,GO_GOAL
27.958,2.0053,1.3071,0.6328,0.4093,2.9062,2.0439,1.29,0.4775,GO_GOAL
27.978,2.0089,1.3097,0.6328,0.4116,2.9099,2.0439,1.29,0.4807,GO_GOAL
27.998,2.0124,1.3123,0.6328,0.4162,2.9174,2.0439,1.29,0.4838,GO_GOAL
28.018,2.016,1.3149,0.6328,0.4162,2.9174,2.0616,1.303,0.487,GO_GOAL
28.038,2.0195,1.3175,0.6328,0.4185,2.9212,2.0616,1.303,0.4902,GO_GOAL
28.058,2.0231,1.3201,0.6328,0.4208,2.9249,2.0616,1.303,0.4934,GO_GOAL
28.078,2.0266,1.3227,0.6328,0.4231,2.9287,2.0616,1.303,0.4966,GO_GOAL
28.098,2.0302,1.3253,0.6328,0.4254,2.9324,2.0616,1.303,0.4998,GO_GOAL
28.118,2.0337,1.3279,0.6328,0.4277,2.9362,2.0794,1.316,0.503,GO_GOAL
28.138,2.0373,1.3306,0.6328,0.43,2.9399,2.0794,1.316,0.5063,GO_GOAL
28.158,2.0408,1.3332,0.6328,0.4323,2.9437,2.0794,1.316,0.5095,GO_GOAL
28.178,2.0444,1.3358,0.6328,0.4346,2.9474,2.0794,1.316,0.5128,GO_GOAL
28.198,2.0479,1.3384,0.6328,0.4369,2.9512,2.0971,1.329,0.516,GO_GOAL
28.218,2.0515,1.341,0.6328,0.4392,2.9549,2.0971,1.329,0.5193,GO_GOAL
28.238,2.055,1.3436,0.6328,0.4415,2.9587,2.0971,1.329,0.5226,GO_GOAL
28.258,2.0586,1.3462,0.6328,0.4438,2.9624,2.0971,1.329,0.5259,GO_GOAL
28.278,2.0621,1.3488,0.6328,0.4461,2.9662,2.0971,1.329,0.5292,GO_GOAL
28.298,2.0656,1.3514,0.6328,0.4484,2.9699,2.0971,1.329,0.5326,GO_GOAL
28.318,2.0692,1.354,0.6328,0.4507,2.9737,2.1149,1.342,0.5359,GO_GOAL
28.338,2.0727,1.3566,0.6328,0.453,2.9774,2.1149,1.342,0.5392,GO_GOAL
28.358,2.0763,1.3592,0.6328,0.4553,2.9812,2.1149,1.342,0.5426,GO_GOAL
28.378,2.0798,1.3618,0.6328,0.4576,2.9849,2.1149,1.342,0.5459,GO_GOAL
28.398,2.0834,1.3644,0.6328,0.4599,2.9887,2.1149,1.342,0.5493,GO_GOAL
28.418,2.0868,1.3669,0.633,0.4622,2.9924,2.1326,1.355,0.5526,GO_GOAL
28.438,2.0902,1.3693,0.6337,0.4668,2.9999,2.1326,1.355,0.5558,GO_GOAL
28.458,2.0935,1.3718,0.6348,0.469,3.0036,2.1326,1.355,0.559,GO_GOAL
28.478,2.0969,1.3743,0.6364,0.469,3.0036,2.1326,1.355,0.5623,GO_GOAL
28.498,2.1003,1.3768,0.6385,0.4713,3.0074,2.1326,1.355,0.5656,GO_GOAL
28.518,2.1037,1.3794,0.641,0.4735,3.0111,2.1502,1.368,0.569,GO_GOAL
28.538,2.1072,1.3819,0.6441,0.4757,3.0149,2.1502,1.368,0.5724,GO_GOAL
28.558,2.1106,1.3846,0.6475,0.4801,3.0224,2.1502,1.368,0.5758,GO_GOAL
28.578,2.1141,1.3872,0.651,0.4801,3.0224,2.1502,1.368,0.5792,GO_GOAL
28.598,2.1175,1.3898,0.6545,0.4845,3.03,2.1502,1.368,0.5826,GO_GOAL
28.618,2.121,1.3925,0.658,0.4845,3.03,2.1677,1.3811,0.586,GO_GOAL
28.638,2.1244,1.3951,0.6614,0.4866,3.0338,2.1677,1.3811,0.5895,GO_GOAL
28.658,2.1278,1.3978,0.6649,0.4909,3.0414,2.1677,1.3811,0.5929,GO_GOAL
28.678,2.1312,1.4005,0.6684,0.4909,3.0414,2.1677,1.3811,0.5963,GO_GOAL
28.698,2.1346,1.4032,0.6719,0.493,3.0453,2.1677,1.3811,0.5997,GO_GOAL
28.718,2.1381,1.406,0.6752,0.4972,3.0529,2.1849,1.3945,0.6033,GO_GOAL
28.738,2.1417,1.4088,0.6779,0.4972,3.0529,2.1849,1.3945,0.6069,GO_GOAL
28.758,2.1453,1.4117,0.6802,0.4993,3.0568,2.1849,1.3945,0.6104,GO_GOAL
28.778,2.1488,1.4146,0.6821,0.5014,3.0607,2.1849,1.3945,0.614,GO_GOAL
28.798,2.1523,1.4174,0.6834,0.5035,3.0645,2.1849,1.3945,0.6175,GO_GOAL
28.818,2.1557,1.4202,0.6843,0.5056,3.0684,2.2021,1.4082,0.6209,GO_GOAL
28.838,2.1592,1.423,0.6848,0.5077,3.0723,2.2021,1.4082,0.6244,GO_GOAL
28.858,2.1626,1.4258,0.6848,0.5098,3.0761,2.2021,1.4082,0.6278,GO_GOAL
28.878,2.166,1.4286,0.6848,0.5119,3.08,2.2021,1.4082,0.6312,GO_GOAL
28.898,2.1694,1.4314,0.6848,0.514,3.0839,2.2021,1.4082,0.6347,GO_GOAL
28.918,2.1728,1.4342,0.6848,0.5161,3.0877,2.2191,1.4221,0.6381,GO_GOAL
28.938,2.1762,1.4369,0.6848,0.5182,3.0916,2.2191,1.4221,0.6416,GO_GOAL
28.958,2.1796,1.4397,0.6848,0.5203,3.0954,2.2191,1.4221,0.645,GO_GOAL
28.978,2.183,1.4425,0.6848,0.5225,3.0993,2.2191,1.4221,0.6485,GO_GOAL
28.998,2.1864,1.4453,0.6848,0.5246,3.1032,2.2191,1.4221,0.652,GO_GOAL
29.018,2.1898,1.4481,0.6848,0.5267,3.107,2.2362,1.436,0.6554,GO_GOAL
29.038,2.1932,1.4509,0.6848,0.5309,3.1148,2.2362,1.436,0.6589,GO_GOAL
29.058,2.1966,1.4536,0.6848,0.5309,3.1148,2.2362,1.436,0.6624,GO_GOAL
29.078,2.2001,1.4564,0.6848,0.5351,3.1225,2.2362,1.436,0.6659,GO_GOAL
29.098,2.2035,1.4592,0.6848,0.5351,3.1225,2.2362,1.436,0.6695,GO_GOAL
29.118,2.2069,1.462,0.6848,0.5372,3.1264,2.2532,1.4499,0.673,GO_GOAL
29.138,2.2103,1.4648,0.6848,0.5393,3.1302,2.2532,1.4499,0.6765,GO_GOAL
29.158,2.2137,1.4676,0.6848,0.5414,3.1341,2.2532,1.4499,0.68,GO_GOAL
29.178,2.2171,1.4703,0.6848,0.5435,3.138,2.2532,1.4499,0.6836,GO_GOAL
29.198,2.2205,1.4731,0.6848,0.5456,3.1418,2.2532,1.4499,0.6871,GO_GOAL
29.218,2.2239,1.4759,0.6848,0.5498,3.1495,2.2703,1.4638,0.6907,GO_GOAL
29.238,2.2273,1.4787,0.6848,0.5498,3.1495,2.2703,1.4638,0.6942,GO_GOAL
29.258,2.2307,1.4815,0.6848,0.5519,3.1534,2.2703,1.4638,0.6978,GO_GOAL
29.278,2.2341,1.4843,0.6848,0.554,3.1573,2.2703,1.4638,0.7014,GO_GOAL
29.298,2.2375,1.487,0.6848,0.5561,3.1611,2.2703,1.4638,0.705,GO_GOAL
29.318,2.241,1.4898,0.6848,0.5603,3.1689,2.2873,1.4777,0.7085,GO_GOAL
29.338,2.2444,1.4926,0.6848,0.5603,3.1689,2.2873,1.4777,0.7121,GO_GOAL
29.358,2.2478,1.4954,0.6848,0.5624,3.1727,2.2873,1.4777,0.7157,GO_GOAL
29.378,2.2512,1.4982,0.6848,0.5646,3.1766,2.2873,1.4777,0.7193,GO_GOAL
29.398,2.2546,1.501,0.6848,0.5667,3.1805,2.2873,1.4777,0.723,GO_GOAL
29.418,2.258,1.5037,0.6848,0.5688,3.1843,2.3043,1.4917,0.7266,GO_GOAL
29.438,2.2614,1.5065,0.6848,0.5709,3.1882,2.3043,1.4917,0.7302,GO_GOAL
29.458,2.2648,1.5093,0.6848,0.573,3.192,2.3043,1.4917,0.7338,GO_GOAL
29.478,2.2682,1.5121,0.6848,0.5751,3.1959,2.3043,1.4917,0.7375,GO_GOAL
29.498,2.2716,1.5149,0.6848,0.5772,3.1998,2.3043,1.4917,0.7411,GO_GOAL
29.518,2.275,1.5177,0.6848,0.5793,3.2036,2.3214,1.5056,0.7448,GO_GOAL
29.538,2.2784,1.5204,0.6848,0.5814,3.2075,2.3214,1.5056,0.7484,GO_GOAL
29.558,2.2818,1.5232,0.6848,0.5835,3.2114,2.3214,1.5056,0.7521,GO_GOAL
29.578,2.2853,1.526,0.6848,0.5856,3.2152,2.3214,1.5056,0.7557,GO_GOAL
29.598,2.2887,1.5288,0.6848,0.5877,3.2191,2.3214,1.5056,0.7594,GO_GOAL
29.618,2.2921,1.5316,0.6848,0.5898,3.223,2.3384,1.5195,0.7631,GO_GOAL
29.638,2.2955,1.5344,0.6848,0.5919,3.2268,2.3384,1.5195,0.7668,GO_GOAL
29.658,2.2989,1.5371,0.6848,0.594,3.2307,2.3384,1.5195,0.7704,GO_GOAL
29.678,2.3023,1.5399,0.6848,0.5961,3.2345,2.3384,1.5195,0.7741,GO_GOAL
29.698,2.3057,1.5427,0.6848,0.5982,3.2384,2.3384,1.5195,0.7778,GO_GOAL
29.718,2.3091,1.5455,0.6848,0.6003,3.2423,2.3555,1.5334,0.7815,GO_GOAL
29.738,2.3125,1.5483,0.6848,0.6024,3.2461,2.3555,1.5334,0.7852,GO_GOAL
29.758,2.3159,1.551,0.6848,0.6045,3.25,2.3555,1.5334,0.789,GO_GOAL
29.778,2.3193,1.5538,0.6848,0.6067,3.2539,2.3555,1.5334,0.7927,GO_GOAL
29.798,2.3227,1.5566,0.6848,0.6088,3.2577,2.3725,1.5473,0.7964,GO_GOAL
29.818,2.3262,1.5594,0.6848,0.6109,3.2616,2.3725,1.5473,0.8001,GO_GOAL
29.838,2.3296,1.5622,0.6848,0.613,3.2655,2.3725,1.5473,0.8039,GO_GOAL
29.858,2.333,1.565,0.6848,0.6151,3.2693,2.3725,1.5473,0.8076,GO_GOAL
29.878,2.3364,1.5677,0.6848,0.6172,3.2732,2.3725,1.5473,0.8113,GO_GOAL
29.898,2.3398,1.5705,0.6848,0.6193,3.277,2.3725,1.5473,0.8151,GO_GOAL
29.918,2.3432,1.5733,0.6848,0.6214,3.2809,2.3896,1.5612,0.8188,GO_GOAL
29.938,2.3466,1.5761,0.6848,0.6235,3.2848,2.3896,1.5612,0.8226,GO_GOAL
29.958,2.35,1.5789,0.6848,0.6256,3.2886,2.3896,1.5612,0.8263,GO_GOAL
29.978,2.3534,1.5817,0.6848,0.6277,3.2925,2.3896,1.5612,0.8286,GO_GOAL
29.998,2.3568,1.5844,0.6848,0.6298,3.2964,2.3896,1.5612,0.8258,GO_GOAL
30.018,2.3602,1.5872,0.6848,0.6319,3.3002,2.4066,1.5751,0.823,GO_GOAL
30.038,2.3636,1.59,0.6848,0.634,3.3041,2.4066,1.5751,0.8202,GO_GOAL
30.058,2.367,1.5928,0.6848,0.6361,3.308,2.4066,1.5751,0.8174,GO_GOAL
30.078,2.3705,1.5956,0.6848,0.6403,3.3157,2.4066,1.5751,0.8147,GO_GOAL
30.098,2.3739,1.5984,0.6848,0.6403,3.3157,2.4066,1.5751,0.8119,GO_GOAL
30.118,2.3773,1.6011,0.6848,0.6424,3.3195,2.4237,1.589,0.8091,GO_GOAL
30.138,2.3807,1.6039,0.6848,0.6445,3.3234,2.4237,1.589,0.8063,GO_GOAL
30.158,2.3841,1.6067,0.6848,0.6467,3.3273,2.4237,1.589,0.8035,GO_GOAL
30.178,2.3875,1.6095,0.6848,0.6488,3.3311,2.4237,1.589,0.8007,GO_GOAL
30.198,2.3909,1.6123,0.6848,0.653,3.3389,2.4237,1.589,0.798,GO_GOAL
30.218,2.3943,1.6151,0.6848,0.653,3.3389,2.4407,1.6029,0.7952,GO_GOAL
30.238,2.3977,1.6178,0.6848,0.6572,3.3466,2.4407,1.6029,0.7924,GO_GOAL
30.258,2.4011,1.6206,0.6848,0.6572,3.3466,2.4407,1.6029,0.7896,GO_GOAL
30.278,2.4045,1.6234,0.6848,0.6614,3.3543,2.4407,1.6029,0.7868,GO_GOAL
30.298,2.4079,1.6262,0.6848,0.6614,3.3543,2.4407,1.6029,0.784,GO_GOAL
30.318,2.4114,1.629,0.6848,0.6635,3.3582,2.4578,1.6168,0.7813,GO_GOAL
30.338,2.4148,1.6318,0.6848,0.6656,3.3621,2.4578,1.6168,0.7785,GO_GOAL
30.358,2.4182,1.6345,0.6848,0.6677,3.3659,2.4578,1.6168,0.7757,GO_GOAL
30.378,2.4216,1.6373,0.6848,0.6698,3.3698,2.4578,1.6168,0.7729,GO_GOAL
30.398,2.425,1.6401,0.6848,0.6719,3.3736,2.4578,1.6168,0.7701,GO_GOAL
30.418,2.4284,1.6429,0.6848,0.674,3.3775,2.4748,1.6307,0.7673,GO_GOAL
30.438,2.4318,1.6457,0.6848,0.6761,3.3814,2.4748,1.6307,0.7646,GO_GOAL
30.458,2.4352,1.6485,0.6848,0.6782,3.3852,2.4748,1.6307,0.7618,GO_GOAL
30.478,2.4386,1.6512,0.6848,0.6803,3.3891,2.4748,1.6307,0.759,GO_GOAL
30.498,2.442,1.654,0.6848,0.6824,3.393,2.4748,1.6307,0.7562,GO_GOAL
30.518,2.4454,1.6568,0.6848,0.6845,3.3968,2.4919,1.6446,0.7534,GO_GOAL
30.538,2.4488,1.6596,0.6848,0.6866,3.4007,2.4919,1.6446,0.7507,GO_GOAL
30.558,2.4522,1.6624,0.6848,0.6888,3.4046,2.4919,1.6446,0.7479,GO_GOAL
30.578,2.4557,1.6652,0.6848,0.6909,3.4084,2.4919,1.6446,0.7451,GO_GOAL
30.598,2.4591,1.6679,0.6848,0.693,3.4123,2.4919,1.6446,0.7423,GO_GOAL
30.618,2.4625,1.6707,0.6848,0.6951,3.4161,2.5089,1.6585,0.7395,GO_GOAL
30.638,2.4659,1.6735,0.6848,0.6993,3.4239,2.5089,1.6585,0.7367,GO_GOAL
30.658,2.4693,1.6763,0.6848,0.6993,3.4239,2.5089,1.6585,0.734,GO_GOAL
30.678,2.4727,1.6791,0.6848,0.7014,3.4277,2.5089,1.6585,0.7312,GO_GOAL
30.698,2.4761,1.6819,0.6848,0.7035,3.4316,2.5089,1.6585,0.7284,GO_GOAL
30.718,2.4795,1.6846,0.6848,0.7056,3.4355,2.5259,1.6725,0.7256,GO_GOAL
30.738,2.4829,1.6874,0.6848,0.7098,3.4432,2.5259,1.6725,0.7228,GO_GOAL
30.758,2.4863,1.6902,0.6848,0.7098,3.4432,2.5259,1.6725,0.72,GO_GOAL
30.778,2.4897,1.693,0.6848,0.7119,3.4471,2.5259,1.6725,0.7173,GO_GOAL
30.798,2.4931,1.6958,0.6848,0.714,3.4509,2.5259,1.6725,0.7145,GO_GOAL
30.818,2.4965,1.6986,0.6848,0.7182,3.4586,2.543,1.6864,0.7117,GO_GOAL
30.838,2.5,1.7013,0.6848,0.7182,3.4586,2.543,1.6864,0.7089,GO_GOAL
30.858,2.5034,1.7041,0.6848,0.7203,3.4625,2.543,1.6864,0.7061,GO_GOAL
30.878,2.5068,1.7069,0.6848,0.7224,3.4664,2.543,1.6864,0.7033,GO_GOAL
30.898,2.5102,1.7097,0.6848,0.7245,3.4702,2.543,1.6864,0.7006,GO_GOAL
30.918,2.5136,1.7125,0.6848,0.7266,3.4741,2.56,1.7003,0.6978,GO_GOAL
30.938,2.517,1.7153,0.6848,0.7287,3.478,2.56,1.7003,0.695,GO_GOAL
30.958,2.5204,1.718,0.6848,0.7309,3.4818,2.56,1.7003,0.6922,GO_GOAL
30.978,2.5238,1.7208,0.6848,0.733,3.4857,2.56,1.7003,0.6894,GO_GOAL
30.998,2.5272,1.7236,0.6848,0.7351,3.4896,2.56,1.7003,0.6866,GO_GOAL
31.018,2.5306,1.7264,0.6848,0.7372,3.4934,2.5771,1.7142,0.6839,GO_GOAL
31.038,2.534,1.7292,0.6848,0.7414,3.5011,2.5771,1.7142,0.6811,GO_GOAL
31.058,2.5374,1.7319,0.6848,0.7435,3.505,2.5771,1.7142,0.6783,GO_GOAL
31.078,2.5409,1.7347,0.6848,0.7435,3.505,2.5771,1.7142,0.6755,GO_GOAL
31.098,2.5443,1.7375,0.6848,0.7456,3.5089,2.5771,1.7142,0.6727,GO_GOAL
31.118,2.5477,1.7403,0.6848,0.7477,3.5127,2.5941,1.7281,0.6699,GO_GOAL
31.138,2.5511,1.7431,0.6848,0.7498,3.5166,2.5941,1.7281,0.6672,GO_GOAL
31.158,2.5545,1.7459,0.6848,0.7519,3.5205,2.5941,1.7281,0.6644,GO_GOAL
31.178,2.5579,1.7486,0.6848,0.754,3.5243,2.5941,1.7281,0.6616,GO_GOAL
31.198,2.5613,1.7514,0.6848,0.7561,3.5282,2.5941,1.7281,0.6588,GO_GOAL
31.218,2.5647,1.7542,0.6848,0.7582,3.5321,2.6146,1.7448,0.656,GO_GOAL
31.238,2.5681,1.757,0.6848,0.7603,3.5359,2.6146,1.7448,0.6532,GO_GOAL
31.258,2.5715,1.7598,0.6848,0.7624,3.5398,2.6146,1.7448,0.6505,GO_GOAL
31.278,2.5749,1.7626,0.6848,0.7645,3.5436,2.6146,1.7448,0.6477,GO_GOAL
31.298,2.5783,1.7653,0.6848,0.7666,3.5475,2.6146,1.7448,0.6449,GO_GOAL
31.318,2.5817,1.7681,0.6848,0.7708,3.5552,2.6316,1.7587,0.6421,GO_GOAL
31.338,2.5852,1.7709,0.6848,0.7708,3.5552,2.6316,1.7587,0.6393,GO_GOAL
31.358,2.5886,1.7737,0.6848,0.7751,3.563,2.6316,1.7587,0.6365,GO_GOAL
31.378,2.592,1.7765,0.6848,0.7751,3.563,2.6316,1.7587,0.6338,GO_GOAL
31.398,2.5954,1.7793,0.6848,0.7772,3.5668,2.6453,1.7698,0.631,GO_GOAL
31.418,2.5988,1.782,0.6848,0.7793,3.5707,2.6453,1.7698,0.6282,GO_GOAL
31.438,2.6022,1.7848,0.6848,0.7814,3.5746,2.6453,1.7698,0.6254,GO_GOAL
31.458,2.6056,1.7876,0.6848,0.7835,3.5784,2.6453,1.7698,0.6226,GO_GOAL
31.478,2.609,1.7904,0.6848,0.7877,3.5862,2.6453,1.7698,0.6198,GO_GOAL
31.498,2.6124,1.7932,0.6848,0.7877,3.5862,2.6453,1.7698,0.6171,GO_GOAL
31.518,2.6158,1.796,0.6848,0.7898,3.59,2.6657,1.7865,0.6143,GO_GOAL
31.538,2.6192,1.7987,0.6848,0.7919,3.5939,2.6657,1.7865,0.6115,GO_GOAL
31.558,2.6226,1.8015,0.6848,0.794,3.5977,2.6657,1.7865,0.6087,GO_GOAL
31.578,2.6261,1.8043,0.6848,0.7961,3.6016,2.6657,1.7865,0.6059,GO_GOAL
31.598,2.6295,1.8071,0.6848,0.7982,3.6055,2.6657,1.7865,0.6031,GO_GOAL
31.618,2.6329,1.8099,0.6848,0.8003,3.6093,2.6794,1.7976,0.6004,GO_GOAL
31.638,2.6363,1.8127,0.6848,0.8024,3.6132,2.6794,1.7976,0.5976,GO_GOAL
31.658,2.6397,1.8154,0.6848,0.8045,3.617,2.6794,1.7976,0.5948,GO_GOAL
31.678,2.6431,1.8182,0.6848,0.8066,3.6209,2.6794,1.7976,0.592,GO_GOAL
31.698,2.6465,1.821,0.6848,0.8087,3.6248,2.6794,1.7976,0.5893,GO_GOAL
31.718,2.6497,1.8236,0.6848,0.8128,3.6323,2.6964,1.8115,0.5866,GO_GOAL
31.738,2.6529,1.8262,0.6848,0.8128,3.6323,2.6964,1.8115,0.584,GO_GOAL
31.758,2.6561,1.8288,0.6848,0.8148,3.6359,2.6964,1.8115,0.5814,GO_GOAL
31.778,2.6593,1.8315,0.6848,0.8168,3.6395,2.6964,1.8115,0.5788,GO_GOAL
31.798,2.6625,1.8341,0.6848,0.8187,3.6431,2.6964,1.8115,0.5762,GO_GOAL
31.818,2.6655,1.8365,0.685,0.8207,3.6468,2.7158,1.8274,0.5737,GO_GOAL
31.838,2.6684,1.8388,0.6858,0.8226,3.6502,2.7158,1.8274,0.5714,GO_GOAL
31.858,2.6712,1.8411,0.687,0.8262,3.6569,2.7158,1.8274,0.5692,GO_GOAL
31.878,2.674,1.8435,0.6887,0.8262,3.6569,2.7158,1.8274,0.5669,GO_GOAL
31.898,2.6769,1.8458,0.6909,0.828,3.6603,2.7158,1.8274,0.5646,GO_GOAL
31.918,2.6796,1.8481,0.6935,0.8297,3.6637,2.7277,1.8371,0.5623,GO_GOAL
31.938,2.6824,1.8504,0.6967,0.8331,3.6702,2.7277,1.8371,0.5601,GO_GOAL
31.958,2.6852,1.8527,0.7001,0.8331,3.6702,2.7277,1.8371,0.5579,GO_GOAL
31.978,2.6879,1.8551,0.7036,0.8364,3.6767,2.7277,1.8371,0.5556,GO_GOAL
31.998,2.6907,1.8574,0.7071,0.8364,3.6767,2.7277,1.8371,0.5534,GO_GOAL
32.018,2.6933,1.8596,0.7106,0.8381,3.6799,2.7418,1.8489,0.5512,GO_GOAL
32.038,2.6958,1.8619,0.7141,0.8396,3.683,2.7418,1.8489,0.5491,GO_GOAL
32.058,2.6984,1.8641,0.7176,0.8411,3.6861,2.7418,1.8489,0.547,GO_GOAL
32.078,2.7009,1.8663,0.7211,0.8426,3.6892,2.7418,1.8489,0.5448,GO_GOAL
32.098,2.7035,1.8686,0.7246,0.8441,3.6922,2.7418,1.8489,0.5426,GO_GOAL
32.118,2.7059,1.8707,0.7281,0.8456,3.6953,2.755,1.8603,0.5406,GO_GOAL
32.138,2.7083,1.8728,0.7315,0.847,3.6983,2.755,1.8603,0.5386,GO_GOAL
32.158,2.7106,1.875,0.735,0.8484,3.7012,2.755,1.8603,0.5365,GO_GOAL
32.178,2.713,1.8771,0.7385,0.8497,3.7041,2.755,1.8603,0.5344,GO_GOAL
32.198,2.7153,1.8792,0.742,0.8511,3.707,2.755,1.8603,0.5324,GO_GOAL
32.218,2.7167,1.8805,0.7454,0.8524,3.7099,2.755,1.8603,0.5312,GO_GOAL
32.238,2.7178,1.8815,0.7482,0.853,3.7112,2.755,1.8603,0.5303,GO_GOAL
32.258,2.7188,1.8824,0.7507,0.854,3.7134,2.7671,1.8711,0.5294,REACHED
32.278,2.7198,1.8834,0.7526,0.854,3.7134,2.7671,1.8711,0.5285,REACHED
32.298,2.7208,1.8843,0.7541,0.8545,3.7145,2.7671,1.8711,0.5276,REACHED
