t,x,y,yaw,odom_x,odom_y,est_x,est_y,clearance,state
0.044,-2.8926,-2.0742,-0.1765,-2.882,-2.077,-2.882,-2.077,0.3214,GO_GOAL
0.044,-2.8929,-2.0742,-0.1663,-2.882,-2.077,-2.882,-2.077,0.3211,GO_GOAL
0.06,-2.8931,-2.0741,-0.1556,-2.882,-2.077,-2.882,-2.077,0.3208,GO_GOAL
0.08,-2.8932,-2.0741,-0.1444,-2.882,-2.077,-2.882,-2.077,0.3205,GO_GOAL
0.1,-2.8934,-2.0741,-0.1327,-2.882,-2.077,-2.882,-2.077,0.3201,GO_GOAL
0.12,-2.8935,-2.0741,-0.1206,-2.882,-2.077,-2.882,-2.077,0.3198,GO_GOAL
0.14,-2.8934,-2.0741,-0.108,-2.8818,-2.077,-2.882,-2.077,0.3194,GO_GOAL
0.16,-2.8928,-2.0741,-0.095,-2.8812,-2.077,-2.882,-2.077,0.3189,GO_GOAL
0.18,-2.8921,-2.0742,-0.0816,-2.8803,-2.0769,-2.882,-2.077,0.3184,GO_GOAL
0.2,-2.8914,-2.0742,-0.0677,-2.8793,-2.0768,-2.882,-2.077,0.3179,GO_GOAL
0.22,-2.8908,-2.0743,-0.0534,-2.8783,-2.0767,-2.8793,-2.0773,0.3174,GO_GOAL
0.24,-2.8898,-2.0743,-0.0387,-2.8771,-2.0766,-2.8793,-2.0773,0.3169,GO_GOAL
0.26,-2.8888,-2.0742,-0.0239,-2.8737,-2.0761,-2.8793,-2.0773,0.3166,GO_GOAL
0.28,-2.8878,-2.0741,-0.0091,-2.8737,-2.0761,-2.8793,-2.0773,0.3162,GO_GOAL
0.3,-2.8868,-2.074,0.0056,-2.8717,-2.0757,-2.8793,-2.0773,0.3158,GO_GOAL
0.32,-2.8859,-2.0739,0.0204,-2.8697,-2.0753,-2.8716,-2.0775,0.3154,GO_GOAL
0.34,-2.8849,-2.0738,0.0352,-2.8651,-2.0743,-2.8716,-2.0775,0.3151,GO_GOAL
0.36,-2.884,-2.0737,0.05,-2.8651,-2.0743,-2.8716,-2.0775,0.3147,GO_GOAL
0.38,-2.8831,-2.0736,0.0648,-2.8623,-2.0735,-2.8716,-2.0775,0.3143,GO_GOAL
0.4,-2.8821,-2.0735,0.0796,-2.8595,-2.0727,-2.8716,-2.0775,0.314,GO_GOAL
0.42,-2.8808,-2.0733,0.0944,-2.8568,-2.0718,-2.8562,-2.0768,0.3137,GO_GOAL
0.44,-2.8781,-2.073,0.1096,-2.8539,-2.0708,-2.8562,-2.0768,0.3135,GO_GOAL
0.46,-2.875,-2.0727,0.125,-2.8509,-2.0696,-2.8562,-2.0768,0.3133,GO_GOAL
0.48,-2.8722,-2.0723,0.141,-2.8478,-2.0684,-2.8562,-2.0768,0.3132,GO_GOAL
0.5,-2.8695,-2.0719,0.1576,-2.8449,-2.0672,-2.8562,-2.0768,0.3131,GO_GOAL
0.52,-2.8665,-2.0714,0.1746,-2.8388,-2.0644,-2.8403,-2.0749,0.313,GO_GOAL
0.54,-2.8632,-2.0708,0.192,-2.8388,-2.0644,-2.8403,-2.0749,0.3131,GO_GOAL
0.56,-2.8599,-2.0701,0.2101,-2.8325,-2.0612,-2.8403,-2.0749,0.3132,GO_GOAL
0.58,-2.8567,-2.0694,0.2285,-2.8325,-2.0612,-2.8403,-2.0749,0.3133,GO_GOAL
0.6,-2.8534,-2.0686,0.247,-2.8264,-2.0578,-2.8266,-2.0721,0.3136,GO_GOAL
0.62,-2.8499,-2.0677,0.2652,-2.8264,-2.0578,-2.8266,-2.0721,0.3139,GO_GOAL
0.64,-2.8463,-2.0667,0.2828,-2.8232,-2.0559,-2.8266,-2.0721,0.3144,GO_GOAL
0.66,-2.8427,-2.0656,0.2999,-2.8168,-2.0519,-2.8266,-2.0721,0.315,GO_GOAL
0.68,-2.8392,-2.0645,0.3165,-2.8168,-2.0519,-2.8266,-2.0721,0.3156,GO_GOAL
0.7,-2.8357,-2.0633,0.3325,-2.8105,-2.0477,-2.8088,-2.0669,0.3163,GO_GOAL
0.72,-2.8321,-2.062,0.348,-2.8105,-2.0477,-2.8088,-2.0669,0.3171,GO_GOAL
0.74,-2.8282,-2.0605,0.3629,-2.804,-2.0432,-2.8088,-2.0669,0.3181,GO_GOAL
0.76,-2.8245,-2.0591,0.3772,-2.8008,-2.0408,-2.8088,-2.0669,0.3191,GO_GOAL
0.78,-2.8207,-2.0576,0.391,-2.7976,-2.0384,-2.8088,-2.0669,0.3202,GO_GOAL
0.8,-2.8171,-2.0561,0.4043,-2.7976,-2.0384,-2.8088,-2.0669,0.3214,GO_GOAL
0.82,-2.8132,-2.0543,0.417,-2.7945,-2.0359,-2.7867,-2.0584,0.3227,GO_GOAL
0.84,-2.8093,-2.0526,0.4291,-2.7912,-2.0334,-2.7867,-2.0584,0.3241,GO_GOAL
0.86,-2.8054,-2.0507,0.4406,-2.7847,-2.0281,-2.7867,-2.0584,0.3256,GO_GOAL
0.88,-2.8015,-2.0489,0.4516,-2.7847,-2.0281,-2.7867,-2.0584,0.3271,GO_GOAL
0.9,-2.7978,-2.0471,0.462,-2.7783,-2.0227,-2.7867,-2.0584,0.3287,GO_GOAL
0.92,-2.7939,-2.0451,0.4719,-2.7783,-2.0227,-2.7715,-2.0514,0.3304,GO_GOAL
0.94,-2.79,-2.0431,0.4812,-2.7718,-2.0171,-2.7715,-2.0514,0.3321,GO_GOAL
0.96,-2.7862,-2.0411,0.49,-2.7718,-2.0171,-2.7715,-2.0514,0.3339,GO_GOAL
0.98,-2.7827,-2.0393,0.4985,-2.7686,-2.0142,-2.7715,-2.0514,0.3354,GO_GOAL
1.0,-2.7793,-2.0376,0.5071,-2.7654,-2.0114,-2.7715,-2.0514,0.3369,GO_GOAL
1.02,-2.7759,-2.0359,0.5157,-2.7591,-2.0056,-2.7526,-2.0415,0.3383,GO_GOAL
1.04,-2.7724,-2.0341,0.5242,-2.7559,-2.0026,-2.7526,-2.0415,0.3398,GO_GOAL
1.06,-2.769,-2.0324,0.5328,-2.7559,-2.0026,-2.7526,-2.0415,0.3413,GO_GOAL
1.08,-2.7656,-2.0307,0.5414,-2.7528,-1.9997,-2.7526,-2.0415,0.3428,GO_GOAL
1.1,-2.7622,-2.029,0.5499,-2.7465,-1.9937,-2.7526,-2.0415,0.3443,GO_GOAL
1.12,-2.7585,-2.0269,0.5584,-2.7434,-1.9906,-2.7339,-2.0308,0.3461,GO_GOAL
1.14,-2.755,-2.0247,0.5668,-2.7402,-1.9876,-2.7339,-2.0308,0.3481,GO_GOAL
1.16,-2.7515,-2.0224,0.5752,-2.7371,-1.9845,-2.7339,-2.0308,0.3501,GO_GOAL
1.18,-2.7475,-2.0199,0.5834,-2.7371,-1.9845,-2.7339,-2.0308,0.3525,GO_GOAL
1.2,-2.7441,-2.0176,0.5916,-2.734,-1.9814,-2.7155,-2.0191,0.3545,GO_GOAL
1.22,-2.7405,-2.0152,0.5995,-2.7309,-1.9784,-2.7155,-2.0191,0.3568,GO_GOAL
1.24,-2.7367,-2.0127,0.6068,-2.7278,-1.9753,-2.7155,-2.0191,0.3591,GO_GOAL
1.26,-2.7329,-2.01,0.6134,-2.7247,-1.9722,-2.7155,-2.0191,0.3616,GO_GOAL
1.28,-2.729,-2.0072,0.6195,-2.7185,-1.9659,-2.7155,-2.0191,0.3642,GO_GOAL
1.3,-2.7252,-2.0045,0.6249,-2.7154,-1.9628,-2.7155,-2.0191,0.3668,GO_GOAL
1.32,-2.7214,-2.0018,0.6298,-2.7154,-1.9628,-2.6975,-2.0066,0.3694,GO_GOAL
1.34,-2.7176,-1.999,0.634,-2.7092,-1.9565,-2.6975,-2.0066,0.3721,GO_GOAL
1.36,-2.7139,-1.9962,0.6376,-2.7092,-1.9565,-2.6975,-2.0066,0.3747,GO_GOAL
1.38,-2.7102,-1.9935,0.6407,-2.703,-1.9503,-2.6975,-2.0066,0.3774,GO_GOAL
1.4,-2.7065,-1.9907,0.6431,-2.703,-1.9503,-2.6798,-1.9936,0.3801,GO_GOAL
1.42,-2.7029,-1.988,0.6449,-2.6999,-1.9472,-2.6798,-1.9936,0.3828,GO_GOAL
1.44,-2.6992,-1.9853,0.6462,-2.6938,-1.9409,-2.6798,-1.9936,0.3855,GO_GOAL
1.46,-2.6956,-1.9825,0.6468,-2.6938,-1.9409,-2.6798,-1.9936,0.3882,GO_GOAL
1.48,-2.6921,-1.9799,0.6468,-2.6876,-1.9346,-2.6798,-1.9936,0.3909,GO_GOAL
1.5,-2.6886,-1.9772,0.6463,-2.6845,-1.9315,-2.6798,-1.9936,0.3935,GO_GOAL
1.52,-2.685,-1.9746,0.6453,-2.6845,-1.9315,-2.6622,-1.9803,0.3962,GO_GOAL
1.54,-2.6815,-1.9719,0.6443,-2.6814,-1.9284,-2.6622,-1.9803,0.3989,GO_GOAL
1.56,-2.678,-1.9693,0.6432,-2.6783,-1.9253,-2.6622,-1.9803,0.4015,GO_GOAL
1.58,-2.6745,-1.9666,0.6422,-2.6752,-1.9222,-2.6622,-1.9803,0.4042,GO_GOAL
1.6,-2.671,-1.964,0.6412,-2.672,-1.9191,-2.6622,-1.9803,0.4069,GO_GOAL
1.62,-2.6675,-1.9614,0.6403,-2.6658,-1.9129,-2.6446,-1.9671,0.4095,GO_GOAL
1.64,-2.6639,-1.9589,0.6395,-2.6658,-1.9129,-2.6446,-1.9671,0.412,GO_GOAL
1.66,-2.6604,-1.9565,0.6386,-2.6627,-1.9098,-2.6446,-1.9671,0.4144,GO_GOAL
1.68,-2.6568,-1.9541,0.6378,-2.6564,-1.9036,-2.6446,-1.9671,0.4169,GO_GOAL
1.7,-2.6533,-1.9516,0.637,-2.6533,-1.9005,-2.6234,-1.9514,0.4193,GO_GOAL
1.72,-2.6498,-1.9492,0.6361,-2.6533,-1.9005,-2.6234,-1.9514,0.4218,GO_GOAL
1.74,-2.6463,-1.9468,0.6353,-2.6502,-1.8974,-2.6234,-1.9514,0.4242,GO_GOAL
1.76,-2.6428,-1.9444,0.6345,-2.6439,-1.8912,-2.6234,-1.9514,0.4267,GO_GOAL
1.78,-2.6392,-1.9418,0.6337,-2.6439,-1.8912,-2.6234,-1.9514,0.4293,GO_GOAL
1.8,-2.6356,-1.9392,0.633,-2.6376,-1.8851,-2.6093,-1.9409,0.4319,GO_GOAL
1.82,-2.6321,-1.9365,0.6325,-2.6376,-1.8851,-2.6093,-1.9409,0.4345,GO_GOAL
1.84,-2.6285,-1.9339,0.632,-2.6314,-1.8789,-2.6093,-1.9409,0.4372,GO_GOAL
1.86,-2.625,-1.9313,0.6315,-2.6314,-1.8789,-2.6093,-1.9409,0.4398,GO_GOAL
1.88,-2.6214,-1.9287,0.631,-2.6282,-1.8758,-2.6093,-1.9409,0.4424,GO_GOAL
1.9,-2.6178,-1.9261,0.6305,-2.6219,-1.8697,-2.6093,-1.9409,0.445,GO_GOAL
1.92,-2.6143,-1.9235,0.63,-2.6219,-1.8697,-2.5915,-1.9279,0.4476,GO_GOAL
1.94,-2.6107,-1.9209,0.6296,-2.6156,-1.8635,-2.5915,-1.9279,0.4502,GO_GOAL
1.96,-2.6072,-1.9183,0.6292,-2.6156,-1.8635,-2.5915,-1.9279,0.4528,GO_GOAL
1.98,-2.6036,-1.9157,0.6288,-2.6125,-1.8605,-2.5915,-1.9279,0.4554,GO_GOAL
2.0,-2.6,-1.9132,0.6284,-2.6093,-1.8574,-2.5915,-1.9279,0.458,GO_GOAL
2.02,-2.5965,-1.9106,0.6281,-2.6062,-1.8543,-2.5737,-1.915,0.4606,GO_GOAL
2.04,-2.5929,-1.908,0.6278,-2.603,-1.8513,-2.5737,-1.915,0.4632,GO_GOAL
2.06,-2.5894,-1.9054,0.6275,-2.5967,-1.8451,-2.5737,-1.915,0.4658,GO_GOAL
2.08,-2.5858,-1.9028,0.6271,-2.5967,-1.8451,-2.5737,-1.915,0.4684,GO_GOAL
2.1,-2.5822,-1.9002,0.6268,-2.5935,-1.8421,-2.5737,-1.915,0.471,GO_GOAL
2.12,-2.5787,-1.8977,0.6266,-2.5872,-1.836,-2.5559,-1.9021,0.4736,GO_GOAL
2.14,-2.5751,-1.8951,0.6263,-2.584,-1.8329,-2.5559,-1.9021,0.4762,GO_GOAL
2.16,-2.5715,-1.8925,0.626,-2.584,-1.8329,-2.5559,-1.9021,0.4787,GO_GOAL
2.18,-2.568,-1.8899,0.6258,-2.5809,-1.8298,-2.5559,-1.9021,0.4813,GO_GOAL
2.2,-2.5644,-1.8874,0.6255,-2.5777,-1.8268,-2.5559,-1.9021,0.4839,GO_GOAL
2.22,-2.5609,-1.8848,0.6253,-2.5746,-1.8237,-2.5381,-1.8892,0.4865,GO_GOAL
2.24,-2.5573,-1.8822,0.6251,-2.5714,-1.8207,-2.5381,-1.8892,0.4891,GO_GOAL
2.26,-2.5538,-1.8797,0.6249,-2.5682,-1.8176,-2.5381,-1.8892,0.4916,GO_GOAL
2.28,-2.5502,-1.8771,0.6247,-2.5651,-1.8146,-2.5381,-1.8892,0.4942,GO_GOAL
2.3,-2.5467,-1.8746,0.6245,-2.5587,-1.8084,-2.5381,-1.8892,0.4967,GO_GOAL
2.32,-2.5432,-1.872,0.6243,-2.5587,-1.8084,-2.5203,-1.8763,0.4993,GO_GOAL
2.34,-2.5396,-1.8695,0.6241,-2.5556,-1.8054,-2.5203,-1.8763,0.5018,GO_GOAL
2.36,-2.5361,-1.867,0.6239,-2.5524,-1.8023,-2.5203,-1.8763,0.5043,GO_GOAL
2.38,-2.5326,-1.8644,0.6237,-2.546,-1.7962,-2.5203,-1.8763,0.5069,GO_GOAL
2.4,-2.529,-1.8619,0.6236,-2.5429,-1.7932,-2.5203,-1.8763,0.5094,GO_GOAL
2.42,-2.5255,-1.8593,0.6235,-2.5429,-1.7932,-2.4988,-1.8609,0.512,GO_GOAL
2.44,-2.5219,-1.8567,0.6234,-2.5397,-1.7901,-2.4988,-1.8609,0.5146,GO_GOAL
2.46,-2.5183,-1.8541,0.6233,-2.5365,-1.7871,-2.4988,-1.8609,0.5172,GO_GOAL
2.48,-2.5147,-1.8516,0.6231,-2.5334,-1.784,-2.4988,-1.8609,0.5198,GO_GOAL
2.5,-2.5111,-1.849,0.623,-2.5302,-1.781,-2.4988,-1.8609,0.5223,GO_GOAL
2.52,-2.5076,-1.8464,0.6229,-2.527,-1.7779,-2.4846,-1.8506,0.5249,GO_GOAL
2.54,-2.504,-1.8439,0.6228,-2.5239,-1.7749,-2.4846,-1.8506,0.5275,GO_GOAL
2.56,-2.5004,-1.8413,0.6227,-2.5207,-1.7718,-2.4846,-1.8506,0.53,GO_GOAL
2.58,-2.4968,-1.8387,0.6227,-2.5175,-1.7688,-2.4846,-1.8506,0.5326,GO_GOAL
2.6,-2.4933,-1.8362,0.6226,-2.5112,-1.7627,-2.4846,-1.8506,0.5352,GO_GOAL
2.62,-2.4897,-1.8336,0.6225,-2.5112,-1.7627,-2.4667,-1.8378,0.5378,GO_GOAL
2.64,-2.4861,-1.831,0.6224,-2.5048,-1.7566,-2.4667,-1.8378,0.5403,GO_GOAL
2.66,-2.4825,-1.8285,0.6223,-2.5048,-1.7566,-2.4667,-1.8378,0.5429,GO_GOAL
2.68,-2.479,-1.8259,0.6223,-2.5016,-1.7535,-2.4667,-1.8378,0.5455,GO_GOAL
2.7,-2.4754,-1.8233,0.6222,-2.4985,-1.7505,-2.4667,-1.8378,0.548,GO_GOAL
2.72,-2.4718,-1.8208,0.6221,-2.4953,-1.7474,-2.4488,-1.8249,0.5506,GO_GOAL
2.74,-2.4682,-1.8182,0.6221,-2.4921,-1.7444,-2.4488,-1.8249,0.5531,GO_GOAL
2.76,-2.4647,-1.8157,0.622,-2.4889,-1.7414,-2.4488,-1.8249,0.5557,GO_GOAL
2.78,-2.4611,-1.8131,0.6219,-2.4858,-1.7383,-2.4488,-1.8249,0.5583,GO_GOAL
2.8,-2.4575,-1.8105,0.6219,-2.4826,-1.7353,-2.4488,-1.8249,0.5608,GO_GOAL
2.82,-2.454,-1.808,0.6218,-2.4794,-1.7322,-2.4309,-1.8121,0.5634,GO_GOAL
2.84,-2.4504,-1.8054,0.6218,-2.4762,-1.7292,-2.4309,-1.8121,0.5659,GO_GOAL
2.86,-2.4468,-1.8029,0.6217,-2.4731,-1.7261,-2.4309,-1.8121,0.5685,GO_GOAL
2.88,-2.4433,-1.8003,0.6217,-2.4699,-1.7231,-2.4309,-1.8121,0.571,GO_GOAL
2.9,-2.4397,-1.7978,0.6217,-2.4667,-1.72,-2.4309,-1.8121,0.5736,GO_GOAL
2.92,-2.4362,-1.7952,0.6216,-2.4635,-1.717,-2.4131,-1.7993,0.5761,GO_GOAL
2.94,-2.4327,-1.7927,0.6216,-2.4604,-1.7139,-2.4131,-1.7993,0.5787,GO_GOAL
2.96,-2.4292,-1.7902,0.6215,-2.4572,-1.7109,-2.4131,-1.7993,0.5812,GO_GOAL
2.98,-2.4256,-1.7876,0.6215,-2.454,-1.7079,-2.4131,-1.7993,0.5837,GO_GOAL
3.0,-2.422,-1.7851,0.6214,-2.4508,-1.7048,-2.4131,-1.7993,0.5863,GO_GOAL
3.02,-2.4185,-1.7825,0.6214,-2.4477,-1.7018,-2.3916,-1.7839,0.5889,GO_GOAL
3.04,-2.4149,-1.7799,0.6214,-2.4445,-1.6987,-2.3916,-1.7839,0.5914,GO_GOAL
3.06,-2.4113,-1.7774,0.6214,-2.4413,-1.6957,-2.3916,-1.7839,0.594,GO_GOAL
3.08,-2.4077,-1.7748,0.6213,-2.4381,-1.6926,-2.3916,-1.7839,0.5942,GO_GOAL
3.1,-2.4041,-1.7723,0.6213,-2.4318,-1.6865,-2.3773,-1.7737,0.5903,GO_GOAL
3.12,-2.4005,-1.7697,0.6213,-2.4318,-1.6865,-2.3773,-1.7737,0.5863,GO_GOAL
3.14,-2.397,-1.7671,0.6213,-2.4286,-1.6835,-2.3773,-1.7737,0.5824,GO_GOAL
3.16,-2.3934,-1.7646,0.6212,-2.4254,-1.6805,-2.3773,-1.7737,0.5784,GO_GOAL
3.18,-2.3898,-1.762,0.6212,-2.4223,-1.6774,-2.3773,-1.7737,0.5745,GO_GOAL
3.2,-2.3862,-1.7594,0.6212,-2.4191,-1.6744,-2.3773,-1.7737,0.5705,GO_GOAL
3.22,-2.3826,-1.7569,0.6212,-2.4159,-1.6713,-2.3594,-1.7609,0.5666,GO_GOAL
3.24,-2.3791,-1.7543,0.6212,-2.4127,-1.6683,-2.3594,-1.7609,0.5627,GO_GOAL
3.26,-2.3755,-1.7518,0.6211,-2.4095,-1.6652,-2.3594,-1.7609,0.5587,GO_GOAL
3.28,-2.3719,-1.7492,0.6211,-2.4064,-1.6622,-2.3594,-1.7609,0.5548,GO_GOAL
3.3,-2.3683,-1.7466,0.6211,-2.4032,-1.6591,-2.3594,-1.7609,0.5509,GO_GOAL
3.32,-2.3648,-1.7441,0.6211,-2.4,-1.6561,-2.3415,-1.7481,0.547,GO_GOAL
3.34,-2.3612,-1.7415,0.6211,-2.3968,-1.6531,-2.3415,-1.7481,0.5431,GO_GOAL
3.36,-2.3576,-1.739,0.6211,-2.3937,-1.65,-2.3415,-1.7481,0.5392,GO_GOAL
3.38,-2.3541,-1.7364,0.621,-2.3905,-1.647,-2.3415,-1.7481,0.5353,GO_GOAL
3.4,-2.3505,-1.7339,0.621,-2.3873,-1.6439,-2.3415,-1.7481,0.5314,GO_GOAL
3.42,-2.3469,-1.7313,0.621,-2.3809,-1.6378,-2.3236,-1.7353,0.5275,GO_GOAL
3.44,-2.3434,-1.7288,0.621,-2.3778,-1.6348,-2.3236,-1.7353,0.5237,GO_GOAL
3.46,-2.3398,-1.7262,0.621,-2.3746,-1.6317,-2.3236,-1.7353,0.5198,GO_GOAL
3.48,-2.3363,-1.7237,0.621,-2.3746,-1.6317,-2.3236,-1.7353,0.516,GO_GOAL
3.5,-2.3327,-1.7212,0.621,-2.3714,-1.6287,-2.3236,-1.7353,0.5122,GO_GOAL
3.52,-2.3292,-1.7186,0.621,-2.3682,-1.6257,-2.3021,-1.7199,0.5084,GO_GOAL
3.54,-2.3257,-1.7161,0.6209,-2.3651,-1.6226,-2.3021,-1.7199,0.5046,GO_GOAL
3.56,-2.3221,-1.7135,0.6209,-2.3619,-1.6196,-2.3021,-1.7199,0.5007,GO_GOAL
3.58,-2.3185,-1.711,0.6209,-2.3587,-1.6165,-2.3021,-1.7199,0.4969,GO_GOAL
3.6,-2.3149,-1.7084,0.6209,-2.3555,-1.6135,-2.3021,-1.7199,0.493,GO_GOAL
3.62,-2.3113,-1.7059,0.6209,-2.3523,-1.6104,-2.2878,-1.7097,0.4892,GO_GOAL
3.64,-2.3078,-1.7033,0.6209,-2.3492,-1.6074,-2.2878,-1.7097,0.4853,GO_GOAL
3.66,-2.3042,-1.7007,0.6209,-2.3428,-1.6013,-2.2878,-1.7097,0.4815,GO_GOAL
3.68,-2.3006,-1.6982,0.6209,-2.3428,-1.6013,-2.2878,-1.7097,0.4777,GO_GOAL
3.7,-2.297,-1.6956,0.6209,-2.3396,-1.5983,-2.2878,-1.7097,0.4739,GO_GOAL
3.72,-2.2934,-1.693,0.6209,-2.3365,-1.5952,-2.2699,-1.6969,0.4701,GO_GOAL
3.74,-2.2898,-1.6905,0.6209,-2.3333,-1.5922,-2.2699,-1.6969,0.4663,GO_GOAL
3.76,-2.2863,-1.6879,0.6209,-2.3301,-1.5891,-2.2699,-1.6969,0.4625,GO_GOAL
3.78,-2.2827,-1.6854,0.6209,-2.3269,-1.5861,-2.2699,-1.6969,0.4587,GO_GOAL
3.8,-2.2791,-1.6828,0.6209,-2.3237,-1.5831,-2.2699,-1.6969,0.4549,GO_GOAL
3.82,-2.2755,-1.6802,0.6209,-2.3206,-1.58,-2.252,-1.6841,0.4511,GO_GOAL
3.84,-2.272,-1.6777,0.6209,-2.3142,-1.5739,-2.252,-1.6841,0.4474,GO_GOAL
3.86,-2.2684,-1.6751,0.6209,-2.3142,-1.5739,-2.252,-1.6841,0.4436,GO_GOAL
3.88,-2.2648,-1.6726,0.6208,-2.311,-1.5709,-2.252,-1.6841,0.4399,GO_GOAL
3.9,-2.2612,-1.67,0.6208,-2.3079,-1.5678,-2.2341,-1.6713,0.4361,GO_GOAL
3.92,-2.2577,-1.6675,0.6208,-2.3015,-1.5618,-2.2341,-1.6713,0.4324,GO_GOAL
3.94,-2.2541,-1.6649,0.6208,-2.3015,-1.5618,-2.2341,-1.6713,0.4287,GO_GOAL
3.96,-2.2505,-1.6624,0.6208,-2.2983,-1.5587,-2.2341,-1.6713,0.425,GO_GOAL
3.98,-2.247,-1.6598,0.6208,-2.2951,-1.5557,-2.2341,-1.6713,0.4213,GO_GOAL
4.0,-2.2434,-1.6573,0.6208,-2.292,-1.5526,-2.2341,-1.6713,0.4176,GO_GOAL
4.02,-2.2398,-1.6547,0.6208,-2.2888,-1.5496,-2.2162,-1.6585,0.4139,GO_GOAL
4.04,-2.2363,-1.6522,0.6208,-2.2856,-1.5465,-2.2162,-1.6585,0.4103,GO_GOAL
4.06,-2.2328,-1.6497,0.6208,-2.2793,-1.5405,-2.2162,-1.6585,0.4066,GO_GOAL
4.08,-2.2292,-1.6471,0.6208,-2.2793,-1.5405,-2.2162,-1.6585,0.403,GO_GOAL
4.1,-2.2257,-1.6446,0.6208,-2.2761,-1.5374,-2.2162,-1.6585,0.3994,GO_GOAL
4.12,-2.2221,-1.642,0.6208,-2.2729,-1.5344,-2.1984,-1.6457,0.3957,GO_GOAL
4.14,-2.2185,-1.6395,0.6208,-2.2697,-1.5313,-2.1984,-1.6457,0.3921,GO_GOAL
4.16,-2.2149,-1.6369,0.6208,-2.2665,-1.5283,-2.1984,-1.6457,0.3884,GO_GOAL
4.18,-2.2114,-1.6343,0.6208,-2.2634,-1.5252,-2.1984,-1.6457,0.3848,GO_GOAL
4.2,-2.2078,-1.6318,0.6208,-2.2602,-1.5222,-2.1984,-1.6457,0.3811,GO_GOAL
4.22,-2.2042,-1.6292,0.6208,-2.257,-1.5192,-2.1805,-1.6329,0.3775,GO_GOAL
4.24,-2.2006,-1.6267,0.6208,-2.2538,-1.5161,-2.1805,-1.6329,0.3739,GO_GOAL
4.26,-2.197,-1.6241,0.6208,-2.2506,-1.5131,-2.1805,-1.6329,0.3703,GO_GOAL
4.28,-2.1934,-1.6215,0.6208,-2.2475,-1.51,-2.1805,-1.6329,0.3667,GO_GOAL
4.3,-2.1899,-1.619,0.6208,-2.2443,-1.507,-2.1805,-1.6329,0.3631,GO_GOAL
4.32,-2.1863,-1.6164,0.6208,-2.2411,-1.5039,-2.1626,-1.6201,0.3596,GO_GOAL
4.34,-2.1827,-1.6139,0.6208,-2.2379,-1.5009,-2.1626,-1.6201,0.356,GO_GOAL
4.36,-2.1791,-1.6113,0.6208,-2.2348,-1.4979,-2.1626,-1.6201,0.3525,GO_GOAL
4.38,-2.1756,-1.6087,0.6208,-2.2316,-1.4948,-2.1626,-1.6201,0.3489,GO_GOAL
4.4,-2.172,-1.6062,0.6208,-2.2252,-1.4887,-2.1447,-1.6073,0.3454,GO_GOAL
4.42,-2.1684,-1.6036,0.6208,-2.2252,-1.4887,-2.1447,-1.6073,0.3419,GO_GOAL
4.44,-2.1648,-1.6011,0.6208,-2.222,-1.4857,-2.1447,-1.6073,0.3384,GO_GOAL
4.46,-2.1613,-1.5985,0.6208,-2.2189,-1.4826,-2.1447,-1.6073,0.3349,GO_GOAL
4.48,-2.1577,-1.596,0.6208,-2.2157,-1.4796,-2.1447,-1.6073,0.3314,GO_GOAL
4.5,-2.1541,-1.5934,0.6208,-2.2125,-1.4766,-2.1447,-1.6073,0.328,GO_GOAL
4.52,-2.1505,-1.5909,0.6208,-2.2093,-1.4735,-2.1268,-1.5945,0.3245,GO_GOAL
4.54,-2.147,-1.5883,0.6208,-2.2062,-1.4705,-2.1268,-1.5945,0.3211,GO_GOAL
4.56,-2.1434,-1.5858,0.6208,-2.203,-1.4674,-2.1268,-1.5945,0.3177,GO_GOAL
4.58,-2.1399,-1.5832,0.6208,-2.1998,-1.4644,-2.1268,-1.5945,0.3143,GO_GOAL
4.6,-2.1363,-1.5807,0.6208,-2.1966,-1.4613,-2.1268,-1.5945,0.3109,GO_GOAL
4.62,-2.1328,-1.5782,0.6208,-2.1903,-1.4553,-2.1089,-1.5817,0.3075,GO_GOAL
4.64,-2.1293,-1.5756,0.6208,-2.1871,-1.4522,-2.1089,-1.5817,0.3042,GO_GOAL
4.66,-2.1257,-1.5731,0.6208,-2.1871,-1.4522,-2.1089,-1.5817,0.3009,GO_GOAL
4.68,-2.1221,-1.5705,0.6208,-2.1807,-1.4461,-2.1089,-1.5817,0.2975,GO_GOAL
4.7,-2.1185,-1.568,0.6208,-2.1807,-1.4461,-2.1089,-1.5817,0.2941,GO_GOAL
4.72,-2.115,-1.5654,0.6208,-2.1775,-1.4431,-2.091,-1.5689,0.2908,GO_GOAL
4.74,-2.1114,-1.5628,0.6208,-2.1744,-1.44,-2.091,-1.5689,0.2875,GO_GOAL
4.76,-2.1078,-1.5603,0.6208,-2.1712,-1.437,-2.091,-1.5689,0.2842,GO_GOAL
4.78,-2.1042,-1.5577,0.6208,-2.168,-1.434,-2.091,-1.5689,0.2809,GO_GOAL
4.8,-2.1006,-1.5552,0.6208,-2.1648,-1.4309,-2.091,-1.5689,0.2776,GO_GOAL
4.82,-2.097,-1.5526,0.6208,-2.1585,-1.4248,-2.0731,-1.5561,0.2743,GO_GOAL
4.84,-2.0935,-1.55,0.6208,-2.1585,-1.4248,-2.0731,-1.5561,0.2711,GO_GOAL
4.86,-2.0899,-1.5475,0.6208,-2.1553,-1.4218,-2.0731,-1.5561,0.2678,GO_GOAL
4.88,-2.0863,-1.5449,0.6208,-2.1521,-1.4187,-2.0731,-1.5561,0.2646,GO_GOAL
4.9,-2.0827,-1.5424,0.6208,-2.1489,-1.4157,-2.0731,-1.5561,0.2614,GO_GOAL
4.92,-2.0791,-1.5398,0.6208,-2.1458,-1.4127,-2.0552,-1.5433,0.2582,GO_GOAL
4.94,-2.0756,-1.5372,0.6208,-2.1426,-1.4096,-2.0552,-1.5433,0.2551,GO_GOAL
4.96,-2.072,-1.5347,0.6208,-2.1394,-1.4066,-2.0552,-1.5433,0.2519,GO_GOAL
4.98,-2.0684,-1.5321,0.6208,-2.1331,-1.4005,-2.0552,-1.5433,0.2488,GO_GOAL
5.0,-2.0648,-1.5296,0.6208,-2.1331,-1.4005,-2.0552,-1.5433,0.2457,GO_GOAL
5.02,-2.0613,-1.527,0.6208,-2.1299,-1.3974,-2.0373,-1.5305,0.2426,GO_GOAL
5.04,-2.0577,-1.5245,0.6208,-2.1235,-1.3914,-2.0373,-1.5305,0.2395,GO_GOAL
5.06,-2.0541,-1.5219,0.6208,-2.1235,-1.3914,-2.0373,-1.5305,0.2364,GO_GOAL
5.08,-2.0506,-1.5194,0.6208,-2.1203,-1.3883,-2.0373,-1.5305,0.2334,GO_GOAL
5.1,-2.047,-1.5168,0.6208,-2.1172,-1.3853,-2.0373,-1.5305,0.2304,GO_GOAL
5.12,-2.0435,-1.5143,0.6208,-2.114,-1.3822,-2.0194,-1.5177,0.2274,GO_GOAL
5.14,-2.0399,-1.5117,0.6208,-2.1108,-1.3792,-2.0194,-1.5177,0.2244,GO_GOAL
5.16,-2.0364,-1.5092,0.6208,-2.1044,-1.3731,-2.0194,-1.5177,0.2215,GO_GOAL
5.18,-2.0328,-1.5067,0.6208,-2.1044,-1.3731,-2.0194,-1.5177,0.2186,GO_GOAL
5.2,-2.0293,-1.5041,0.6208,-2.1013,-1.3701,-2.0194,-1.5177,0.2157,GO_GOAL
5.22,-2.0257,-1.5016,0.6208,-2.0981,-1.367,-2.0015,-1.5049,0.2128,GO_GOAL
5.24,-2.0221,-1.499,0.6208,-2.0949,-1.364,-2.0015,-1.5049,0.2099,GO_GOAL
5.26,-2.0185,-1.4965,0.6208,-2.0917,-1.3609,-2.0015,-1.5049,0.207,GO_GOAL
5.28,-2.0149,-1.4939,0.6208,-2.0886,-1.3579,-2.0015,-1.5049,0.2041,GO_GOAL
5.3,-2.0114,-1.4913,0.6208,-2.0854,-1.3548,-2.0015,-1.5049,0.2013,GO_GOAL
5.32,-2.0078,-1.4888,0.6208,-2.0822,-1.3518,-1.9836,-1.4921,0.1985,GO_GOAL
5.34,-2.0042,-1.4862,0.6208,-2.079,-1.3488,-1.9836,-1.4921,0.1957,GO_GOAL
5.36,-2.0006,-1.4836,0.6208,-2.0758,-1.3457,-1.9836,-1.4921,0.193,GO_GOAL
5.38,-1.997,-1.4811,0.6208,-2.0727,-1.3427,-1.9836,-1.4921,0.1902,GO_GOAL
5.4,-1.9935,-1.4785,0.6208,-2.0695,-1.3396,-1.9836,-1.4921,0.1875,GO_GOAL
5.42,-1.9899,-1.476,0.6208,-2.0663,-1.3366,-1.9657,-1.4793,0.1848,GO_GOAL
5.44,-1.9863,-1.4734,0.6208,-2.0631,-1.3335,-1.9657,-1.4793,0.1822,GO_GOAL
5.46,-1.9827,-1.4708,0.6208,-2.0599,-1.3305,-1.9657,-1.4793,0.1795,GO_GOAL
5.48,-1.9791,-1.4683,0.6208,-2.0568,-1.3275,-1.9657,-1.4793,0.1769,GO_GOAL
5.5,-1.9756,-1.4657,0.6208,-2.0536,-1.3244,-1.9657,-1.4793,0.1744,GO_GOAL
5.52,-1.972,-1.4632,0.6208,-2.0504,-1.3214,-1.9478,-1.4665,0.1718,GO_GOAL
5.54,-1.9684,-1.4606,0.6208,-2.0472,-1.3183,-1.9478,-1.4665,0.1693,GO_GOAL
5.56,-1.9649,-1.4581,0.6208,-2.0441,-1.3153,-1.9478,-1.4665,0.1668,GO_GOAL
5.58,-1.9613,-1.4555,0.6208,-2.0409,-1.3123,-1.9478,-1.4665,0.1643,GO_GOAL
5.6,-1.9577,-1.453,0.6208,-2.0377,-1.3092,-1.9478,-1.4665,0.1619,GO_GOAL
5.62,-1.9542,-1.4504,0.6208,-2.0345,-1.3062,-1.9299,-1.4537,0.1595,GO_GOAL
5.64,-1.9506,-1.4479,0.6208,-2.0313,-1.3031,-1.9299,-1.4537,0.1571,GO_GOAL
5.66,-1.9471,-1.4454,0.6208,-2.0282,-1.3001,-1.9299,-1.4537,0.1547,GO_GOAL
5.68,-1.9435,-1.4428,0.6208,-2.0218,-1.294,-1.9299,-1.4537,0.1524,GO_GOAL
5.7,-1.94,-1.4403,0.6208,-2.0218,-1.294,-1.9299,-1.4537,0.1502,GO_GOAL
5.72,-1.9364,-1.4377,0.6208,-2.0186,-1.291,-1.912,-1.4409,0.1479,GO_GOAL
5.74,-1.9328,-1.4352,0.6208,-2.0155,-1.2879,-1.912,-1.4409,0.1456,GO_GOAL
5.76,-1.9292,-1.4326,0.6208,-2.0123,-1.2849,-1.912,-1.4409,0.1434,GO_GOAL
5.78,-1.9257,-1.43,0.6208,-2.0091,-1.2818,-1.912,-1.4409,0.1413,GO_GOAL
5.8,-1.9221,-1.4275,0.6208,-2.0059,-1.2788,-1.912,-1.4409,0.1391,GO_GOAL
5.82,-1.9185,-1.4249,0.6208,-2.0027,-1.2757,-1.8941,-1.4281,0.137,GO_GOAL
5.84,-1.9149,-1.4224,0.6208,-1.9964,-1.2697,-1.8941,-1.4281,0.1349,GO_GOAL
5.86,-1.9113,-1.4198,0.6208,-1.9964,-1.2697,-1.8941,-1.4281,0.1329,GO_GOAL
5.88,-1.9077,-1.4172,0.6208,-1.9932,-1.2666,-1.8941,-1.4281,0.1309,GO_GOAL
5.9,-1.9042,-1.4147,0.6208,-1.99,-1.2636,-1.8941,-1.4281,0.1289,GO_GOAL
5.92,-1.9006,-1.4121,0.6208,-1.9868,-1.2605,-1.8762,-1.4153,0.1269,GO_GOAL
5.94,-1.897,-1.4096,0.6208,-1.9837,-1.2575,-1.8762,-1.4153,0.125,GO_GOAL
5.96,-1.8934,-1.407,0.6208,-1.9805,-1.2544,-1.8762,-1.4153,0.1232,GO_GOAL
5.98,-1.8899,-1.4044,0.6208,-1.9773,-1.2514,-1.8762,-1.4153,0.1213,GO_GOAL
6.0,-1.8863,-1.4019,0.6208,-1.9741,-1.2484,-1.8762,-1.4153,0.1195,GO_GOAL
6.02,-1.8827,-1.3993,0.6208,-1.971,-1.2453,-1.8548,-1.4,0.1178,GO_GOAL
6.04,-1.8791,-1.3968,0.6208,-1.9646,-1.2392,-1.8548,-1.4,0.1161,GO_GOAL
6.06,-1.8756,-1.3942,0.6208,-1.9646,-1.2392,-1.8548,-1.4,0.1144,GO_GOAL
6.08,-1.872,-1.3917,0.6208,-1.9614,-1.2362,-1.8548,-1.4,0.1128,GO_GOAL
6.1,-1.8684,-1.3891,0.6208,-1.9582,-1.2331,-1.8548,-1.4,0.1112,GO_GOAL
6.12,-1.8649,-1.3866,0.6208,-1.9551,-1.2301,-1.8404,-1.3898,0.1096,GO_GOAL
6.14,-1.8613,-1.384,0.6208,-1.9519,-1.2271,-1.8404,-1.3898,0.1081,GO_GOAL
6.16,-1.8578,-1.3815,0.6208,-1.9487,-1.224,-1.8404,-1.3898,0.1067,GO_GOAL
6.18,-1.8543,-1.379,0.6208,-1.9455,-1.221,-1.8404,-1.3898,0.1052,GO_GOAL
6.2,-1.8507,-1.3764,0.6208,-1.9424,-1.2179,-1.8404,-1.3898,0.1038,GO_GOAL
6.22,-1.8471,-1.3739,0.6208,-1.9392,-1.2149,-1.8226,-1.377,0.1025,GO_GOAL
6.24,-1.8435,-1.3713,0.6208,-1.936,-1.2118,-1.8226,-1.377,0.1012,GO_GOAL
6.26,-1.8399,-1.3687,0.6208,-1.9328,-1.2088,-1.8226,-1.377,0.0999,GO_GOAL
6.28,-1.8364,-1.3662,0.6208,-1.9296,-1.2058,-1.8226,-1.377,0.0987,GO_GOAL
6.3,-1.8328,-1.3636,0.6208,-1.9233,-1.1997,-1.8047,-1.3642,0.0975,GO_GOAL
6.32,-1.8292,-1.3611,0.6208,-1.9233,-1.1997,-1.8047,-1.3642,0.0963,GO_GOAL
6.34,-1.8256,-1.3585,0.6208,-1.9201,-1.1966,-1.8047,-1.3642,0.0952,GO_GOAL
6.36,-1.822,-1.3559,0.6208,-1.9169,-1.1936,-1.8047,-1.3642,0.0942,GO_GOAL
6.38,-1.8184,-1.3534,0.6208,-1.9137,-1.1905,-1.8047,-1.3642,0.0932,GO_GOAL
6.4,-1.8149,-1.3508,0.6208,-1.9106,-1.1875,-1.7868,-1.3514,0.0922,GO_GOAL
6.42,-1.8113,-1.3483,0.6208,-1.9042,-1.1814,-1.7868,-1.3514,0.0913,GO_GOAL
6.44,-1.8077,-1.3457,0.6208,-1.9042,-1.1814,-1.7868,-1.3514,0.0905,GO_GOAL
6.46,-1.8041,-1.3431,0.6208,-1.901,-1.1784,-1.7868,-1.3514,0.0896,GO_GOAL
6.48,-1.8006,-1.3406,0.6208,-1.8979,-1.1753,-1.7868,-1.3514,0.0889,GO_GOAL
6.5,-1.797,-1.338,0.6208,-1.8947,-1.1723,-1.7868,-1.3514,0.0881,GO_GOAL
6.52,-1.7934,-1.3355,0.6208,-1.8883,-1.1662,-1.7689,-1.3386,0.0875,GO_GOAL
6.54,-1.7898,-1.3329,0.6208,-1.8883,-1.1662,-1.7689,-1.3386,0.0868,GO_GOAL
6.56,-1.7863,-1.3304,0.6208,-1.8851,-1.1632,-1.7689,-1.3386,0.0863,GO_GOAL
6.58,-1.7827,-1.3278,0.6208,-1.882,-1.1601,-1.7689,-1.3386,0.0857,GO_GOAL
6.6,-1.7792,-1.3253,0.6208,-1.8788,-1.1571,-1.7689,-1.3386,0.0852,GO_GOAL
6.62,-1.7756,-1.3228,0.6208,-1.8756,-1.154,-1.751,-1.3258,0.0848,GO_GOAL
6.64,-1.7721,-1.3202,0.6208,-1.8724,-1.151,-1.751,-1.3258,0.0844,GO_GOAL
6.66,-1.7685,-1.3177,0.6208,-1.8661,-1.1449,-1.751,-1.3258,0.0841,GO_GOAL
6.68,-1.765,-1.3151,0.6208,-1.8661,-1.1449,-1.751,-1.3258,0.0838,GO_GOAL
6.7,-1.7614,-1.3126,0.6208,-1.8629,-1.1419,-1.751,-1.3258,0.0835,GO_GOAL
6.72,-1.7578,-1.31,0.6208,-1.8597,-1.1388,-1.7331,-1.313,0.0834,GO_GOAL
6.74,-1.7542,-1.3074,0.6208,-1.8565,-1.1358,-1.7331,-1.313,0.0832,GO_GOAL
6.76,-1.7506,-1.3049,0.6208,-1.8534,-1.1327,-1.7331,-1.313,0.0831,GO_GOAL
6.78,-1.747,-1.3023,0.6208,-1.8502,-1.1297,-1.7331,-1.313,0.0831,GO_GOAL
6.8,-1.7435,-1.2998,0.6208,-1.847,-1.1266,-1.7331,-1.313,0.0831,GO_GOAL
6.82,-1.7399,-1.2972,0.6208,-1.8438,-1.1236,-1.7116,-1.2976,0.0831,GO_GOAL
6.84,-1.7363,-1.2946,0.6208,-1.8375,-1.1175,-1.7116,-1.2976,0.0832,GO_GOAL
6.86,-1.7327,-1.2921,0.6208,-1.8375,-1.1175,-1.7116,-1.2976,0.0834,GO_GOAL
6.88,-1.7291,-1.2895,0.6208,-1.8343,-1.1145,-1.7116,-1.2976,0.0836,GO_GOAL
6.9,-1.7256,-1.287,0.6208,-1.8311,-1.1114,-1.7116,-1.2976,0.0838,GO_GOAL
6.92,-1.722,-1.2844,0.6208,-1.8279,-1.1084,-1.6973,-1.2874,0.0841,GO_GOAL
6.94,-1.7184,-1.2818,0.6208,-1.8248,-1.1053,-1.6973,-1.2874,0.0844,GO_GOAL
6.96,-1.7148,-1.2793,0.6208,-1.8216,-1.1023,-1.6973,-1.2874,0.0848,GO_GOAL
6.98,-1.7113,-1.2767,0.6208,-1.8184,-1.0993,-1.6973,-1.2874,0.0853,GO_GOAL
7.0,-1.7077,-1.2742,0.6208,-1.8152,-1.0962,-1.6973,-1.2874,0.0858,GO_GOAL
7.02,-1.7041,-1.2716,0.6208,-1.8089,-1.0901,-1.6794,-1.2746,0.0863,GO_GOAL
7.04,-1.7006,-1.2691,0.6208,-1.8089,-1.0901,-1.6794,-1.2746,0.0869,GO_GOAL
7.06,-1.697,-1.2665,0.6208,-1.8057,-1.0871,-1.6794,-1.2746,0.0875,GO_GOAL
7.08,-1.6934,-1.264,0.6208,-1.8025,-1.084,-1.6794,-1.2746,0.0882,GO_GOAL
7.1,-1.6899,-1.2615,0.6208,-1.7993,-1.081,-1.6794,-1.2746,0.0889,GO_GOAL
7.12,-1.6864,-1.2589,0.6208,-1.7961,-1.078,-1.6615,-1.2618,0.0897,GO_GOAL
7.14,-1.6828,-1.2564,0.6208,-1.793,-1.0749,-1.6615,-1.2618,0.0905,GO_GOAL
7.16,-1.6792,-1.2538,0.6208,-1.7898,-1.0719,-1.6615,-1.2618,0.0914,GO_GOAL
7.18,-1.6756,-1.2513,0.6208,-1.7866,-1.0688,-1.6615,-1.2618,0.0923,GO_GOAL
7.2,-1.672,-1.2487,0.6208,-1.7834,-1.0658,-1.6615,-1.2618,0.0933,GO_GOAL
7.22,-1.6685,-1.2461,0.6208,-1.7803,-1.0627,-1.6436,-1.249,0.0943,GO_GOAL
7.24,-1.6649,-1.2436,0.6208,-1.7739,-1.0567,-1.6436,-1.249,0.0953,GO_GOAL
7.26,-1.6613,-1.241,0.6208,-1.7739,-1.0567,-1.6436,-1.249,0.0964,GO_GOAL
7.28,-1.6577,-1.2384,0.6208,-1.7707,-1.0536,-1.6436,-1.249,0.0975,GO_GOAL
7.3,-1.6541,-1.2359,0.6208,-1.7675,-1.0506,-1.6436,-1.249,0.0987,GO_GOAL
7.32,-1.6506,-1.2333,0.6208,-1.7644,-1.0475,-1.6257,-1.2362,0.1,GO_GOAL
7.34,-1.647,-1.2308,0.6208,-1.7612,-1.0445,-1.6257,-1.2362,0.1012,GO_GOAL
7.36,-1.6434,-1.2282,0.6208,-1.758,-1.0414,-1.6257,-1.2362,0.1025,GO_GOAL
7.38,-1.6398,-1.2257,0.6208,-1.7548,-1.0384,-1.6257,-1.2362,0.1039,GO_GOAL
7.4,-1.6363,-1.2231,0.6208,-1.7485,-1.0323,-1.6257,-1.2362,0.1053,GO_GOAL
7.42,-1.6327,-1.2205,0.6208,-1.7453,-1.0293,-1.6042,-1.2208,0.1067,GO_GOAL
7.44,-1.6291,-1.218,0.6208,-1.7453,-1.0293,-1.6042,-1.2208,0.1082,GO_GOAL
7.46,-1.6255,-1.2154,0.6208,-1.7421,-1.0262,-1.6042,-1.2208,0.1097,GO_GOAL
7.48,-1.622,-1.2129,0.6208,-1.7389,-1.0232,-1.6042,-1.2208,0.1113,GO_GOAL
7.5,-1.6184,-1.2103,0.6208,-1.7358,-1.0201,-1.6042,-1.2208,0.1129,GO_GOAL
7.52,-1.6149,-1.2078,0.6208,-1.7326,-1.0171,-1.5899,-1.2106,0.1145,GO_GOAL
7.54,-1.6113,-1.2053,0.6208,-1.7294,-1.0141,-1.5899,-1.2106,0.1162,GO_GOAL
7.56,-1.6078,-1.2027,0.6208,-1.7262,-1.011,-1.5899,-1.2106,0.1179,GO_GOAL
7.58,-1.6042,-1.2002,0.6208,-1.723,-1.008,-1.5899,-1.2106,0.1196,GO_GOAL
7.6,-1.6006,-1.1976,0.6208,-1.7167,-1.0019,-1.5899,-1.2106,0.1214,GO_GOAL
7.62,-1.597,-1.195,0.6208,-1.7135,-0.9988,-1.572,-1.1978,0.1233,GO_GOAL
7.64,-1.5934,-1.1925,0.6208,-1.7135,-0.9988,-1.572,-1.1978,0.1252,GO_GOAL
7.66,-1.5899,-1.1899,0.6208,-1.7103,-0.9958,-1.572,-1.1978,0.1271,GO_GOAL
7.68,-1.5863,-1.1874,0.6208,-1.7072,-0.9928,-1.572,-1.1978,0.129,GO_GOAL
7.7,-1.5827,-1.1848,0.6208,-1.7008,-0.9867,-1.572,-1.1978,0.131,GO_GOAL
7.72,-1.5791,-1.1822,0.6208,-1.7008,-0.9867,-1.5541,-1.185,0.133,GO_GOAL
7.74,-1.5755,-1.1797,0.6208,-1.6976,-0.9836,-1.5541,-1.185,0.135,GO_GOAL
7.76,-1.572,-1.1771,0.6208,-1.6944,-0.9806,-1.5541,-1.185,0.1371,GO_GOAL
7.78,-1.5684,-1.1746,0.6208,-1.6881,-0.9745,-1.5541,-1.185,0.1392,GO_GOAL
7.8,-1.5648,-1.172,0.6208,-1.6881,-0.9745,-1.5541,-1.185,0.1414,GO_GOAL
7.82,-1.5612,-1.1694,0.6208,-1.6849,-0.9715,-1.5362,-1.1722,0.1436,GO_GOAL
7.84,-1.5577,-1.1669,0.6208,-1.6817,-0.9684,-1.5362,-1.1722,0.1458,GO_GOAL
7.86,-1.5541,-1.1643,0.6208,-1.6786,-0.9654,-1.5362,-1.1722,0.148,GO_GOAL
7.88,-1.5505,-1.1618,0.6208,-1.6722,-0.9593,-1.5362,-1.1722,0.1503,GO_GOAL
7.9,-1.5469,-1.1592,0.6208,-1.6722,-0.9593,-1.5362,-1.1722,0.1526,GO_GOAL
7.92,-1.5434,-1.1567,0.6208,-1.669,-0.9562,-1.5183,-1.1594,0.1549,GO_GOAL
7.94,-1.5398,-1.1541,0.6208,-1.6658,-0.9532,-1.5183,-1.1594,0.1573,GO_GOAL
7.96,-1.5363,-1.1516,0.6208,-1.6627,-0.9502,-1.5183,-1.1594,0.1596,GO_GOAL
7.98,-1.5327,-1.1491,0.6208,-1.6595,-0.9471,-1.5183,-1.1594,0.162,GO_GOAL
8.0,-1.5292,-1.1465,0.6208,-1.6563,-0.9441,-1.5183,-1.1594,0.1645,GO_GOAL
8.02,-1.5256,-1.144,0.6208,-1.6531,-0.941,-1.4969,-1.1441,0.1669,GO_GOAL
8.04,-1.522,-1.1414,0.6208,-1.6499,-0.938,-1.4969,-1.1441,0.1694,GO_GOAL
8.06,-1.5184,-1.1388,0.6208,-1.6468,-0.9349,-1.4969,-1.1441,0.172,GO_GOAL
8.08,-1.5148,-1.1363,0.6208,-1.6436,-0.9319,-1.4969,-1.1441,0.1745,GO_GOAL
8.1,-1.5113,-1.1337,0.6208,-1.6404,-0.9289,-1.4969,-1.1441,0.1771,GO_GOAL
8.12,-1.5077,-1.1312,0.6208,-1.6372,-0.9258,-1.4825,-1.1338,0.1797,GO_GOAL
8.14,-1.5041,-1.1286,0.6208,-1.6341,-0.9228,-1.4825,-1.1338,0.1824,GO_GOAL
8.16,-1.5005,-1.126,0.6208,-1.6309,-0.9197,-1.4825,-1.1338,0.185,GO_GOAL
8.18,-1.4969,-1.1235,0.6208,-1.6245,-0.9136,-1.4825,-1.1338,0.1877,GO_GOAL
8.2,-1.4934,-1.1209,0.6208,-1.6245,-0.9136,-1.4825,-1.1338,0.1904,GO_GOAL
8.22,-1.4898,-1.1184,0.6208,-1.6213,-0.9106,-1.4646,-1.121,0.1932,GO_GOAL
8.24,-1.4862,-1.1158,0.6208,-1.6182,-0.9076,-1.4646,-1.121,0.1959,GO_GOAL
8.26,-1.4826,-1.1132,0.6208,-1.615,-0.9045,-1.4646,-1.121,0.1987,GO_GOAL
8.28,-1.4791,-1.1107,0.6208,-1.6118,-0.9015,-1.4646,-1.121,0.2015,GO_GOAL
8.3,-1.4755,-1.1081,0.6208,-1.6055,-0.8954,-1.4646,-1.121,0.2043,GO_GOAL
8.32,-1.4719,-1.1056,0.6208,-1.6055,-0.8954,-1.4467,-1.1082,0.2072,GO_GOAL
8.34,-1.4684,-1.103,0.6208,-1.5991,-0.8893,-1.4467,-1.1082,0.21,GO_GOAL
8.36,-1.4648,-1.1005,0.6208,-1.5991,-0.8893,-1.4467,-1.1082,0.2129,GO_GOAL
8.38,-1.4612,-1.0979,0.6208,-1.5959,-0.8863,-1.4467,-1.1082,0.2158,GO_GOAL
8.4,-1.4577,-1.0954,0.6208,-1.5927,-0.8832,-1.4467,-1.1082,0.2187,GO_GOAL
8.42,-1.4542,-1.0929,0.6208,-1.5864,-0.8771,-1.4288,-1.0954,0.2216,GO_GOAL
8.44,-1.4506,-1.0903,0.6208,-1.5864,-0.8771,-1.4288,-1.0954,0.2246,GO_GOAL
8.46,-1.447,-1.0877,0.6208,-1.5832,-0.8741,-1.4288,-1.0954,0.2276,GO_GOAL
8.48,-1.4434,-1.0852,0.6208,-1.58,-0.871,-1.4288,-1.0954,0.2306,GO_GOAL
8.5,-1.4398,-1.0826,0.6208,-1.5737,-0.865,-1.4288,-1.0954,0.2337,GO_GOAL
8.52,-1.4362,-1.0801,0.6208,-1.5737,-0.865,-1.411,-1.0826,0.2367,GO_GOAL
8.54,-1.4327,-1.0775,0.6208,-1.5705,-0.8619,-1.411,-1.0826,0.2398,GO_GOAL
8.56,-1.4291,-1.0749,0.6208,-1.5673,-0.8589,-1.411,-1.0826,0.2429,GO_GOAL
8.58,-1.4255,-1.0724,0.6208,-1.5641,-0.8558,-1.411,-1.0826,0.246,GO_GOAL
8.6,-1.4219,-1.0698,0.6208,-1.561,-0.8528,-1.411,-1.0826,0.2491,GO_GOAL
8.62,-1.4183,-1.0673,0.6208,-1.5578,-0.8497,-1.3931,-1.0698,0.2522,GO_GOAL
8.64,-1.4148,-1.0647,0.6208,-1.5514,-0.8437,-1.3931,-1.0698,0.2554,GO_GOAL
8.66,-1.4112,-1.0621,0.6208,-1.5514,-0.8437,-1.3931,-1.0698,0.2585,GO_GOAL
8.68,-1.4076,-1.0596,0.6208,-1.5482,-0.8406,-1.3931,-1.0698,0.2617,GO_GOAL
8.7,-1.404,-1.057,0.6208,-1.5451,-0.8376,-1.3931,-1.0698,0.2649,GO_GOAL
8.72,-1.4005,-1.0545,0.6208,-1.5387,-0.8315,-1.3752,-1.057,0.2681,GO_GOAL
8.74,-1.3969,-1.0519,0.6208,-1.5387,-0.8315,-1.3752,-1.057,0.2714,GO_GOAL
8.76,-1.3933,-1.0494,0.6208,-1.5324,-0.8254,-1.3752,-1.057,0.2746,GO_GOAL
8.78,-1.3898,-1.0468,0.6208,-1.5324,-0.8254,-1.3752,-1.057,0.2779,GO_GOAL
8.8,-1.3862,-1.0443,0.6208,-1.5292,-0.8224,-1.3573,-1.0442,0.2811,GO_GOAL
8.82,-1.3827,-1.0418,0.6208,-1.526,-0.8193,-1.3573,-1.0442,0.2844,GO_GOAL
8.84,-1.3791,-1.0392,0.6208,-1.5228,-0.8163,-1.3573,-1.0442,0.2877,GO_GOAL
8.86,-1.3755,-1.0366,0.6208,-1.5196,-0.8132,-1.3573,-1.0442,0.291,GO_GOAL
8.88,-1.3719,-1.0341,0.6208,-1.5165,-0.8102,-1.3573,-1.0442,0.2943,GO_GOAL
8.9,-1.3684,-1.0315,0.6208,-1.5133,-0.8071,-1.3573,-1.0442,0.2977,GO_GOAL
8.92,-1.3648,-1.029,0.6208,-1.5101,-0.8041,-1.3394,-1.0315,0.301,GO_GOAL
8.94,-1.3612,-1.0264,0.6208,-1.5069,-0.8011,-1.3394,-1.0315,0.3044,GO_GOAL
8.96,-1.3576,-1.0238,0.6208,-1.5038,-0.798,-1.3394,-1.0315,0.3078,GO_GOAL
8.98,-1.354,-1.0213,0.6208,-1.5006,-0.795,-1.3394,-1.0315,0.3112,GO_GOAL
9.0,-1.3505,-1.0187,0.6208,-1.4974,-0.7919,-1.3394,-1.0315,0.3146,GO_GOAL
9.02,-1.3469,-1.0162,0.6208,-1.4942,-0.7889,-1.3215,-1.0187,0.318,GO_GOAL
9.04,-1.3433,-1.0136,0.6208,-1.4879,-0.7828,-1.3215,-1.0187,0.3215,GO_GOAL
9.06,-1.3397,-1.011,0.6208,-1.4879,-0.7828,-1.3215,-1.0187,0.3249,GO_GOAL
9.08,-1.3362,-1.0085,0.6208,-1.4847,-0.7798,-1.3215,-1.0187,0.3284,GO_GOAL
9.1,-1.3326,-1.0059,0.6208,-1.4815,-0.7767,-1.3215,-1.0187,0.3319,GO_GOAL
9.12,-1.329,-1.0034,0.6208,-1.4783,-0.7737,-1.3036,-1.0059,0.3353,GO_GOAL
9.14,-1.3254,-1.0008,0.6208,-1.4751,-0.7706,-1.3036,-1.0059,0.3388,GO_GOAL
9.16,-1.3219,-0.9983,0.6208,-1.472,-0.7676,-1.3036,-1.0059,0.3423,GO_GOAL
9.18,-1.3183,-0.9957,0.6208,-1.4688,-0.7645,-1.3036,-1.0059,0.3458,GO_GOAL
9.2,-1.3148,-0.9932,0.6208,-1.4656,-0.7615,-1.2857,-0.9931,0.3493,GO_GOAL
9.22,-1.3112,-0.9907,0.6208,-1.4624,-0.7585,-1.2857,-0.9931,0.3528,GO_GOAL
9.24,-1.3076,-0.9881,0.6208,-1.4593,-0.7554,-1.2857,-0.9931,0.3564,GO_GOAL
9.26,-1.3041,-0.9855,0.6208,-1.4561,-0.7524,-1.2857,-0.9931,0.3599,GO_GOAL
9.28,-1.3005,-0.983,0.6208,-1.4529,-0.7493,-1.2857,-0.9931,0.3635,GO_GOAL
9.3,-1.2969,-0.9804,0.6208,-1.4497,-0.7463,-1.2857,-0.9931,0.3671,GO_GOAL
9.32,-1.2933,-0.9779,0.6208,-1.4465,-0.7432,-1.2678,-0.9803,0.3707,GO_GOAL
9.34,-1.2897,-0.9753,0.6208,-1.4402,-0.7372,-1.2678,-0.9803,0.3743,GO_GOAL
9.36,-1.2862,-0.9727,0.6208,-1.4402,-0.7372,-1.2678,-0.9803,0.3779,GO_GOAL
9.38,-1.2826,-0.9702,0.6208,-1.437,-0.7341,-1.2678,-0.9803,0.3815,GO_GOAL
9.4,-1.279,-0.9676,0.6208,-1.4338,-0.7311,-1.2678,-0.9803,0.3851,GO_GOAL
9.42,-1.2754,-0.9651,0.6208,-1.4307,-0.728,-1.2499,-0.9675,0.3887,GO_GOAL
9.44,-1.2718,-0.9625,0.6208,-1.4275,-0.725,-1.2499,-0.9675,0.3924,GO_GOAL
9.46,-1.2683,-0.9599,0.6208,-1.4243,-0.7219,-1.2499,-0.9675,0.396,GO_GOAL
9.48,-1.2647,-0.9574,0.6208,-1.4211,-0.7189,-1.2499,-0.9675,0.3997,GO_GOAL
9.5,-1.2611,-0.9548,0.6208,-1.4179,-0.7159,-1.2499,-0.9675,0.4033,GO_GOAL
9.52,-1.2576,-0.9523,0.6208,-1.4148,-0.7128,-1.232,-0.9547,0.407,GO_GOAL
9.54,-1.254,-0.9497,0.6208,-1.4116,-0.7098,-1.232,-0.9547,0.4107,GO_GOAL
9.56,-1.2504,-0.9472,0.6208,-1.4084,-0.7067,-1.232,-0.9547,0.4143,GO_GOAL
9.58,-1.2469,-0.9446,0.6208,-1.4052,-0.7037,-1.232,-0.9547,0.418,GO_GOAL
9.6,-1.2433,-0.9421,0.6208,-1.402,-0.7006,-1.232,-0.9547,0.4217,GO_GOAL
9.62,-1.2397,-0.9395,0.6208,-1.3989,-0.6976,-1.2141,-0.9419,0.4254,GO_GOAL
9.64,-1.2362,-0.937,0.6208,-1.3957,-0.6946,-1.2141,-0.9419,0.4291,GO_GOAL
9.66,-1.2326,-0.9344,0.6208,-1.3925,-0.6915,-1.2141,-0.9419,0.4329,GO_GOAL
9.68,-1.229,-0.9319,0.6208,-1.3893,-0.6885,-1.2141,-0.9419,0.4366,GO_GOAL
9.7,-1.2254,-0.9293,0.6208,-1.3862,-0.6854,-1.2141,-0.9419,0.4404,GO_GOAL
9.72,-1.2218,-0.9267,0.6208,-1.383,-0.6824,-1.1962,-0.9291,0.4441,GO_GOAL
9.74,-1.2183,-0.9242,0.6208,-1.3766,-0.6763,-1.1962,-0.9291,0.4479,GO_GOAL
9.76,-1.2147,-0.9216,0.6208,-1.3766,-0.6763,-1.1962,-0.9291,0.4516,GO_GOAL
9.78,-1.2111,-0.9191,0.6208,-1.3734,-0.6733,-1.1962,-0.9291,0.4554,GO_GOAL
9.8,-1.2075,-0.9165,0.6208,-1.3703,-0.6702,-1.1962,-0.9291,0.4592,GO_GOAL
9.82,-1.2039,-0.9139,0.6208,-1.3671,-0.6672,-1.1783,-0.9163,0.4578,GO_GOAL
9.84,-1.2004,-0.9114,0.6208,-1.3639,-0.6641,-1.1783,-0.9163,0.4543,GO_GOAL
9.86,-1.1968,-0.9088,0.6208,-1.3607,-0.6611,-1.1783,-0.9163,0.4508,GO_GOAL
9.88,-1.1932,-0.9063,0.6208,-1.3544,-0.655,-1.1783,-0.9163,0.4473,GO_GOAL
9.9,-1.1897,-0.9037,0.6208,-1.3544,-0.655,-1.1783,-0.9163,0.4439,GO_GOAL
9.92,-1.1861,-0.9012,0.6208,-1.3512,-0.652,-1.1604,-0.9035,0.4404,GO_GOAL
9.94,-1.1826,-0.8986,0.6208,-1.348,-0.6489,-1.1604,-0.9035,0.437,GO_GOAL
9.96,-1.179,-0.8961,0.6208,-1.3448,-0.6459,-1.1604,-0.9035,0.4336,GO_GOAL
9.98,-1.1754,-0.8935,0.6208,-1.3417,-0.6428,-1.1604,-0.9035,0.4301,GO_GOAL
10.0,-1.1718,-0.891,0.6208,-1.3385,-0.6398,-1.1604,-0.9035,0.4267,GO_GOAL
10.02,-1.1683,-0.8884,0.6208,-1.3353,-0.6368,-1.1389,-0.8881,0.4232,GO_GOAL
10.04,-1.1647,-0.8859,0.6208,-1.3289,-0.6307,-1.1389,-0.8881,0.4198,GO_GOAL
10.06,-1.1611,-0.8833,0.6208,-1.3289,-0.6307,-1.1389,-0.8881,0.4164,GO_GOAL
10.08,-1.1575,-0.8807,0.6208,-1.3226,-0.6246,-1.1389,-0.8881,0.413,GO_GOAL
10.1,-1.1539,-0.8782,0.6208,-1.3226,-0.6246,-1.1389,-0.8881,0.4097,GO_GOAL
10.12,-1.1504,-0.8756,0.6208,-1.3194,-0.6215,-1.1246,-0.8779,0.4063,GO_GOAL
10.14,-1.1468,-0.8731,0.6208,-1.3162,-0.6185,-1.1246,-0.8779,0.4029,GO_GOAL
10.16,-1.1432,-0.8705,0.6208,-1.3131,-0.6155,-1.1246,-0.8779,0.3996,GO_GOAL
10.18,-1.1396,-0.8679,0.6208,-1.3099,-0.6124,-1.1246,-0.8779,0.3963,GO_GOAL
10.2,-1.136,-0.8654,0.6208,-1.3067,-0.6094,-1.1246,-0.8779,0.3929,GO_GOAL
10.22,-1.1325,-0.8628,0.6208,-1.3035,-0.6063,-1.1067,-0.8651,0.3896,GO_GOAL
10.24,-1.1289,-0.8603,0.6208,-1.3003,-0.6033,-1.1067,-0.8651,0.3863,GO_GOAL
10.26,-1.1253,-0.8577,0.6208,-1.2972,-0.6002,-1.1067,-0.8651,0.3831,GO_GOAL
10.28,-1.1218,-0.8552,0.6208,-1.2908,-0.5942,-1.1067,-0.8651,0.3798,GO_GOAL
10.3,-1.1182,-0.8526,0.6208,-1.2908,-0.5942,-1.1067,-0.8651,0.3766,GO_GOAL
10.32,-1.1147,-0.8501,0.6208,-1.2876,-0.5911,-1.0888,-0.8523,0.3734,GO_GOAL
10.34,-1.1111,-0.8475,0.6208,-1.2844,-0.5881,-1.0888,-0.8523,0.3701,GO_GOAL
10.36,-1.1075,-0.845,0.6208,-1.2813,-0.585,-1.0888,-0.8523,0.3669,GO_GOAL
10.38,-1.1039,-0.8424,0.6208,-1.2749,-0.5789,-1.0888,-0.8523,0.3637,GO_GOAL
10.4,-1.1003,-0.8399,0.6208,-1.2749,-0.5789,-1.0709,-0.8395,0.3605,GO_GOAL
10.42,-1.0968,-0.8373,0.6208,-1.2717,-0.5759,-1.0709,-0.8395,0.3573,GO_GOAL
10.44,-1.0932,-0.8347,0.6208,-1.2686,-0.5729,-1.0709,-0.8395,0.3541,GO_GOAL
10.46,-1.0896,-0.8322,0.6208,-1.2654,-0.5698,-1.0709,-0.8395,0.351,GO_GOAL
10.48,-1.086,-0.8296,0.6208,-1.2622,-0.5668,-1.0709,-0.8395,0.3478,GO_GOAL
10.5,-1.0824,-0.8271,0.6208,-1.259,-0.5637,-1.0709,-0.8395,0.3447,GO_GOAL
10.52,-1.0789,-0.8245,0.6208,-1.2558,-0.5607,-1.053,-0.8267,0.3416,GO_GOAL
10.54,-1.0753,-0.8219,0.6208,-1.2527,-0.5576,-1.053,-0.8267,0.3385,GO_GOAL
10.56,-1.0717,-0.8194,0.6208,-1.2495,-0.5546,-1.053,-0.8267,0.3355,GO_GOAL
10.58,-1.0681,-0.8168,0.6207,-1.2431,-0.5485,-1.053,-0.8267,0.3324,GO_GOAL
10.6,-1.0646,-0.8143,0.6207,-1.2431,-0.5485,-1.053,-0.8267,0.3293,GO_GOAL
10.62,-1.061,-0.8117,0.6207,-1.2368,-0.5424,-1.0352,-0.8139,0.3263,GO_GOAL
10.64,-1.0575,-0.8092,0.6207,-1.2368,-0.5424,-1.0352,-0.8139,0.3233,GO_GOAL
10.66,-1.0539,-0.8067,0.6207,-1.2336,-0.5394,-1.0352,-0.8139,0.3204,GO_GOAL
10.68,-1.0503,-0.8041,0.6207,-1.2304,-0.5363,-1.0352,-0.8139,0.3174,GO_GOAL
10.7,-1.0468,-0.8015,0.6207,-1.2272,-0.5333,-1.0352,-0.8139,0.3144,GO_GOAL
10.72,-1.0432,-0.799,0.6207,-1.2241,-0.5303,-1.0173,-0.8011,0.3115,GO_GOAL
10.74,-1.0396,-0.7964,0.6207,-1.2209,-0.5272,-1.0173,-0.8011,0.3085,GO_GOAL
10.76,-1.036,-0.7939,0.6207,-1.2177,-0.5242,-1.0173,-0.8011,0.3056,GO_GOAL
10.78,-1.0324,-0.7913,0.6207,-1.2145,-0.5211,-1.0173,-0.8011,0.3027,GO_GOAL
10.8,-1.0289,-0.7887,0.6207,-1.2113,-0.5181,-1.0173,-0.8011,0.2998,GO_GOAL
10.82,-1.0253,-0.7862,0.6207,-1.2082,-0.515,-0.9994,-0.7883,0.297,GO_GOAL
10.84,-1.0217,-0.7836,0.6207,-1.205,-0.512,-0.9994,-0.7883,0.2941,GO_GOAL
10.86,-1.0181,-0.7811,0.6207,-1.2018,-0.509,-0.9994,-0.7883,0.2913,GO_GOAL
10.88,-1.0145,-0.7785,0.6207,-1.1986,-0.5059,-0.9994,-0.7883,0.2885,GO_GOAL
10.898,-1.011,-0.776,0.6207,-1.1955,-0.5029,-0.9994,-0.7883,0.2857,GO_GOAL
10.92,-1.0074,-0.7734,0.6207,-1.1923,-0.4998,-0.9779,-0.773,0.2829,GO_GOAL
10.94,-1.0038,-0.7708,0.6207,-1.1859,-0.4937,-0.9779,-0.773,0.2802,GO_GOAL
10.96,-1.0003,-0.7683,0.6207,-1.1859,-0.4937,-0.9779,-0.773,0.2775,GO_GOAL
10.98,-0.9967,-0.7657,0.6207,-1.1827,-0.4907,-0.9779,-0.773,0.2748,GO_GOAL
11.0,-0.9931,-0.7632,0.6207,-1.1764,-0.4846,-0.9779,-0.773,0.2721,GO_GOAL
11.02,-0.9896,-0.7607,0.6207,-1.1764,-0.4846,-0.96,-0.7602,0.2695,GO_GOAL
11.04,-0.986,-0.7581,0.6207,-1.17,-0.4785,-0.96,-0.7602,0.2668,GO_GOAL
11.06,-0.9824,-0.7555,0.6207,-1.17,-0.4785,-0.96,-0.7602,0.2642,GO_GOAL
11.08,-0.9788,-0.753,0.6207,-1.1668,-0.4755,-0.96,-0.7602,0.2616,GO_GOAL
11.1,-0.9753,-0.7504,0.6207,-1.1637,-0.4724,-0.96,-0.7602,0.259,GO_GOAL
11.12,-0.9717,-0.7479,0.6207,-1.1605,-0.4694,-0.9457,-0.7499,0.2565,GO_GOAL
11.14,-0.9681,-0.7453,0.6207,-1.1541,-0.4633,-0.9457,-0.7499,0.2539,GO_GOAL
11.16,-0.9645,-0.7427,0.6207,-1.1541,-0.4633,-0.9457,-0.7499,0.2514,GO_GOAL
11.18,-0.9609,-0.7402,0.6207,-1.151,-0.4603,-0.9457,-0.7499,0.2489,GO_GOAL
11.2,-0.9574,-0.7376,0.6207,-1.1478,-0.4572,-0.9457,-0.7499,0.2465,GO_GOAL
11.22,-0.9538,-0.7351,0.6207,-1.1446,-0.4542,-0.9278,-0.7371,0.244,GO_GOAL
11.24,-0.9502,-0.7325,0.6207,-1.1414,-0.4511,-0.9278,-0.7371,0.2416,GO_GOAL
11.26,-0.9466,-0.73,0.6207,-1.1351,-0.4451,-0.9278,-0.7371,0.2392,GO_GOAL
11.28,-0.9431,-0.7274,0.6207,-1.1319,-0.442,-0.9278,-0.7371,0.2369,GO_GOAL
11.3,-0.9395,-0.7249,0.6207,-1.1287,-0.439,-0.9278,-0.7371,0.2346,GO_GOAL
11.32,-0.9359,-0.7223,0.6207,-1.1287,-0.439,-0.9063,-0.7218,0.2323,GO_GOAL
11.34,-0.9324,-0.7198,0.6207,-1.1255,-0.4359,-0.9063,-0.7218,0.23,GO_GOAL
11.36,-0.9288,-0.7172,0.6207,-1.1224,-0.4329,-0.9063,-0.7218,0.2277,GO_GOAL
11.38,-0.9252,-0.7146,0.6207,-1.1192,-0.4298,-0.9063,-0.7218,0.2255,GO_GOAL
11.4,-0.9216,-0.7121,0.6207,-1.116,-0.4268,-0.9063,-0.7218,0.2233,GO_GOAL
11.42,-0.9181,-0.7095,0.6207,-1.1128,-0.4238,-0.8884,-0.709,0.2211,GO_GOAL
11.44,-0.9145,-0.707,0.6207,-1.1096,-0.4207,-0.8884,-0.709,0.2189,GO_GOAL
11.46,-0.9109,-0.7044,0.6207,-1.1065,-0.4177,-0.8884,-0.709,0.2168,GO_GOAL
11.48,-0.9073,-0.7018,0.6207,-1.1033,-0.4146,-0.8884,-0.709,0.2147,GO_GOAL
11.5,-0.9037,-0.6993,0.6207,-1.1001,-0.4116,-0.8884,-0.709,0.2126,GO_GOAL
11.52,-0.9002,-0.6967,0.6207,-1.0969,-0.4086,-0.8741,-0.6987,0.2106,GO_GOAL
11.54,-0.8966,-0.6942,0.6207,-1.0937,-0.4055,-0.8741,-0.6987,0.2086,GO_GOAL
11.56,-0.893,-0.6916,0.6207,-1.0906,-0.4025,-0.8741,-0.6987,0.2066,GO_GOAL
11.58,-0.8894,-0.6891,0.6207,-1.0874,-0.3994,-0.8741,-0.6987,0.2047,GO_GOAL
11.6,-0.8859,-0.6865,0.6207,-1.0842,-0.3964,-0.8741,-0.6987,0.2027,GO_GOAL
11.62,-0.8823,-0.684,0.6207,-1.0779,-0.3903,-0.8562,-0.6859,0.2009,GO_GOAL
11.64,-0.8788,-0.6814,0.6207,-1.0747,-0.3873,-0.8562,-0.6859,0.199,GO_GOAL
11.66,-0.8752,-0.6789,0.6207,-1.0747,-0.3873,-0.8562,-0.6859,0.1972,GO_GOAL
11.68,-0.8716,-0.6763,0.6207,-1.0715,-0.3842,-0.8562,-0.6859,0.1954,GO_GOAL
11.7,-0.868,-0.6737,0.6207,-1.0651,-0.3781,-0.8562,-0.6859,0.1936,GO_GOAL
11.72,-0.8644,-0.6712,0.6207,-1.0651,-0.3781,-0.8383,-0.6731,0.1919,GO_GOAL
11.74,-0.8609,-0.6686,0.6207,-1.062,-0.3751,-0.8383,-0.6731,0.1902,GO_GOAL
11.76,-0.8573,-0.6661,0.6207,-1.0588,-0.372,-0.8383,-0.6731,0.1885,GO_GOAL
11.78,-0.8537,-0.6635,0.6207,-1.0556,-0.369,-0.8383,-0.6731,0.1869,GO_GOAL
11.8,-0.8501,-0.6609,0.6207,-1.0492,-0.3629,-0.8204,-0.6603,0.1853,GO_GOAL
11.82,-0.8466,-0.6584,0.6207,-1.0492,-0.3629,-0.8204,-0.6603,0.1837,GO_GOAL
11.84,-0.843,-0.6558,0.6207,-1.0461,-0.3599,-0.8204,-0.6603,0.1822,GO_GOAL
11.86,-0.8394,-0.6533,0.6207,-1.0429,-0.3568,-0.8204,-0.6603,0.1807,GO_GOAL
11.88,-0.8358,-0.6507,0.6207,-1.0397,-0.3538,-0.8204,-0.6603,0.1792,GO_GOAL
11.9,-0.8323,-0.6482,0.6207,-1.0365,-0.3507,-0.8204,-0.6603,0.1778,GO_GOAL
11.92,-0.8287,-0.6456,0.6207,-1.0334,-0.3477,-0.8025,-0.6475,0.1764,GO_GOAL
11.94,-0.8251,-0.6431,0.6207,-1.0302,-0.3447,-0.8025,-0.6475,0.1751,GO_GOAL
11.96,-0.8216,-0.6405,0.6207,-1.0238,-0.3386,-0.8025,-0.6475,0.1738,GO_GOAL
11.98,-0.818,-0.638,0.6207,-1.0238,-0.3386,-0.8025,-0.6475,0.1725,GO_GOAL
12.0,-0.8144,-0.6354,0.6207,-1.0206,-0.3355,-0.8025,-0.6475,0.1712,GO_GOAL
12.02,-0.8108,-0.6328,0.6207,-1.0175,-0.3325,-0.7846,-0.6348,0.17,GO_GOAL
12.04,-0.8072,-0.6303,0.6207,-1.0143,-0.3294,-0.7846,-0.6348,0.1689,GO_GOAL
12.06,-0.8037,-0.6277,0.6207,-1.0111,-0.3264,-0.7846,-0.6348,0.1677,GO_GOAL
12.08,-0.8001,-0.6252,0.6207,-1.0047,-0.3203,-0.7846,-0.6348,0.1666,GO_GOAL
12.1,-0.7965,-0.6226,0.6207,-1.0047,-0.3203,-0.7846,-0.6348,0.1656,GO_GOAL
12.12,-0.7929,-0.62,0.6207,-0.9984,-0.3142,-0.7667,-0.622,0.1646,GO_GOAL
12.14,-0.7894,-0.6175,0.6207,-0.9984,-0.3142,-0.7667,-0.622,0.1636,GO_GOAL
12.16,-0.7858,-0.6149,0.6207,-0.9952,-0.3112,-0.7667,-0.622,0.1626,GO_GOAL
12.18,-0.7822,-0.6124,0.6207,-0.992,-0.3081,-0.7667,-0.622,0.1617,GO_GOAL
12.2,-0.7787,-0.6098,0.6207,-0.9889,-0.3051,-0.7667,-0.622,0.1609,GO_GOAL
12.22,-0.7751,-0.6073,0.6207,-0.9857,-0.3021,-0.7488,-0.6092,0.16,GO_GOAL
12.24,-0.7715,-0.6047,0.6207,-0.9825,-0.299,-0.7488,-0.6092,0.1593,GO_GOAL
12.26,-0.7679,-0.6022,0.6207,-0.9793,-0.296,-0.7488,-0.6092,0.1585,GO_GOAL
12.28,-0.7643,-0.5996,0.6207,-0.9761,-0.2929,-0.7488,-0.6092,0.1578,GO_GOAL
12.3,-0.7608,-0.597,0.6207,-0.973,-0.2899,-0.7488,-0.6092,0.1572,GO_GOAL
12.32,-0.7572,-0.5945,0.6207,-0.9698,-0.2868,-0.7274,-0.5938,0.1565,GO_GOAL
12.34,-0.7536,-0.5919,0.6207,-0.9666,-0.2838,-0.7274,-0.5938,0.1559,GO_GOAL
12.36,-0.75,-0.5894,0.6207,-0.9634,-0.2808,-0.7274,-0.5938,0.1554,GO_GOAL
12.38,-0.7465,-0.5868,0.6207,-0.9571,-0.2747,-0.7274,-0.5938,0.1549,GO_GOAL
12.4,-0.7429,-0.5843,0.6207,-0.9571,-0.2747,-0.713,-0.5836,0.1544,GO_GOAL
12.42,-0.7393,-0.5817,0.6207,-0.9507,-0.2686,-0.713,-0.5836,0.154,GO_GOAL
12.44,-0.7358,-0.5792,0.6207,-0.9507,-0.2686,-0.713,-0.5836,0.1537,GO_GOAL
12.46,-0.7322,-0.5766,0.6207,-0.9475,-0.2656,-0.713,-0.5836,0.1533,GO_GOAL
12.48,-0.7286,-0.574,0.6207,-0.9444,-0.2625,-0.713,-0.5836,0.153,GO_GOAL
12.5,-0.725,-0.5715,0.6207,-0.9412,-0.2595,-0.713,-0.5836,0.1528,GO_GOAL
12.52,-0.7214,-0.5689,0.6207,-0.9348,-0.2534,-0.6951,-0.5708,0.1526,GO_GOAL
12.54,-0.7179,-0.5664,0.6207,-0.9316,-0.2503,-0.6951,-0.5708,0.1524,GO_GOAL
12.56,-0.7143,-0.5638,0.6207,-0.9316,-0.2503,-0.6951,-0.5708,0.1523,GO_GOAL
12.58,-0.7107,-0.5613,0.6207,-0.9285,-0.2473,-0.6951,-0.5708,0.1522,GO_GOAL
12.6,-0.7071,-0.5587,0.6207,-0.9221,-0.2412,-0.6951,-0.5708,0.1521,GO_GOAL
12.618,-0.7035,-0.5561,0.6207,-0.9221,-0.2412,-0.6737,-0.5554,0.1521,GO_GOAL
12.64,-0.7,-0.5536,0.6207,-0.9189,-0.2382,-0.6737,-0.5554,0.1522,GO_GOAL
12.66,-0.6964,-0.551,0.6207,-0.9157,-0.2351,-0.6737,-0.5554,0.1523,GO_GOAL
12.68,-0.6928,-0.5485,0.6207,-0.9126,-0.2321,-0.6737,-0.5554,0.1524,GO_GOAL
12.7,-0.6893,-0.5459,0.6207,-0.9094,-0.229,-0.6737,-0.5554,0.1525,GO_GOAL
12.72,-0.6857,-0.5434,0.6207,-0.9062,-0.226,-0.6593,-0.5452,0.1528,GO_GOAL
12.74,-0.6821,-0.5408,0.6207,-0.903,-0.223,-0.6593,-0.5452,0.153,GO_GOAL
12.76,-0.6785,-0.5383,0.6207,-0.8999,-0.2199,-0.6593,-0.5452,0.1533,GO_GOAL
12.78,-0.6749,-0.5357,0.6207,-0.8967,-0.2169,-0.6593,-0.5452,0.1536,GO_GOAL
12.8,-0.6714,-0.5331,0.6207,-0.8935,-0.2138,-0.6593,-0.5452,0.154,GO_GOAL
12.82,-0.6678,-0.5306,0.6207,-0.8903,-0.2108,-0.6415,-0.5324,0.1544,GO_GOAL
12.84,-0.6642,-0.528,0.6207,-0.8871,-0.2077,-0.6415,-0.5324,0.1549,GO_GOAL
12.86,-0.6606,-0.5255,0.6207,-0.884,-0.2047,-0.6415,-0.5324,0.1554,GO_GOAL
12.88,-0.6571,-0.5229,0.6207,-0.8808,-0.2017,-0.6415,-0.5324,0.1559,GO_GOAL
12.9,-0.6535,-0.5204,0.6207,-0.8776,-0.1986,-0.6415,-0.5324,0.1565,GO_GOAL
12.92,-0.6499,-0.5178,0.6207,-0.8744,-0.1956,-0.6236,-0.5196,0.1571,GO_GOAL
12.94,-0.6463,-0.5152,0.6207,-0.8712,-0.1925,-0.6236,-0.5196,0.1578,GO_GOAL
12.96,-0.6428,-0.5127,0.6207,-0.8681,-0.1895,-0.6236,-0.5196,0.1585,GO_GOAL
12.98,-0.6392,-0.5101,0.6207,-0.8649,-0.1864,-0.6236,-0.5196,0.1592,GO_GOAL
13.0,-0.6356,-0.5076,0.6207,-0.8617,-0.1834,-0.6236,-0.5196,0.16,GO_GOAL
13.02,-0.632,-0.505,0.6207,-0.8585,-0.1804,-0.6057,-0.5068,0.1608,GO_GOAL
13.04,-0.6285,-0.5025,0.6207,-0.8522,-0.1743,-0.6057,-0.5068,0.1617,GO_GOAL
13.06,-0.6249,-0.4999,0.6207,-0.8522,-0.1743,-0.6057,-0.5068,0.1626,GO_GOAL
13.08,-0.6213,-0.4973,0.6207,-0.8458,-0.1682,-0.6057,-0.5068,0.1635,GO_GOAL
13.1,-0.6177,-0.4948,0.6207,-0.8426,-0.1651,-0.6057,-0.5068,0.1645,GO_GOAL
13.12,-0.6142,-0.4922,0.6207,-0.8426,-0.1651,-0.5878,-0.494,0.1655,GO_GOAL
13.14,-0.6106,-0.4897,0.6207,-0.8395,-0.1621,-0.5878,-0.494,0.1665,GO_GOAL
13.16,-0.607,-0.4871,0.6207,-0.8331,-0.156,-0.5878,-0.494,0.1676,GO_GOAL
13.18,-0.6034,-0.4846,0.6207,-0.8331,-0.156,-0.5878,-0.494,0.1688,GO_GOAL
13.2,-0.5998,-0.482,0.6207,-0.8299,-0.153,-0.5878,-0.494,0.1699,GO_GOAL
13.22,-0.5963,-0.4794,0.6207,-0.8267,-0.1499,-0.5699,-0.4812,0.1711,GO_GOAL
13.24,-0.5927,-0.4769,0.6207,-0.8236,-0.1469,-0.5699,-0.4812,0.1724,GO_GOAL
13.26,-0.5891,-0.4743,0.6207,-0.8204,-0.1439,-0.5699,-0.4812,0.1737,GO_GOAL
13.28,-0.5855,-0.4718,0.6207,-0.8172,-0.1408,-0.5699,-0.4812,0.175,GO_GOAL
13.3,-0.582,-0.4692,0.6207,-0.814,-0.1378,-0.5699,-0.4812,0.1763,GO_GOAL
13.32,-0.5784,-0.4667,0.6207,-0.8077,-0.1317,-0.552,-0.4684,0.1777,GO_GOAL
13.34,-0.5748,-0.4641,0.6207,-0.8077,-0.1317,-0.552,-0.4684,0.1791,GO_GOAL
13.36,-0.5712,-0.4615,0.6207,-0.8045,-0.1286,-0.552,-0.4684,0.1806,GO_GOAL
13.38,-0.5677,-0.459,0.6207,-0.7981,-0.1226,-0.552,-0.4684,0.1821,GO_GOAL
13.4,-0.5641,-0.4564,0.6207,-0.7981,-0.1226,-0.552,-0.4684,0.1836,GO_GOAL
13.42,-0.5605,-0.4539,0.6207,-0.7918,-0.1165,-0.5341,-0.4556,0.1852,GO_GOAL
13.44,-0.5569,-0.4513,0.6207,-0.7918,-0.1165,-0.5341,-0.4556,0.1868,GO_GOAL
13.46,-0.5533,-0.4488,0.6207,-0.7886,-0.1134,-0.5341,-0.4556,0.1884,GO_GOAL
13.48,-0.5498,-0.4462,0.6207,-0.7854,-0.1104,-0.5341,-0.4556,0.1901,GO_GOAL
13.5,-0.5462,-0.4436,0.6207,-0.7822,-0.1073,-0.5341,-0.4556,0.1918,GO_GOAL
13.52,-0.5426,-0.4411,0.6207,-0.7791,-0.1043,-0.5162,-0.4428,0.1935,GO_GOAL
13.54,-0.539,-0.4385,0.6207,-0.7759,-0.1013,-0.5162,-0.4428,0.1953,GO_GOAL
13.56,-0.5355,-0.436,0.6207,-0.7695,-0.0952,-0.5162,-0.4428,0.197,GO_GOAL
13.58,-0.5319,-0.4334,0.6207,-0.7695,-0.0952,-0.5162,-0.4428,0.1989,GO_GOAL
13.6,-0.5283,-0.4309,0.6207,-0.7664,-0.0921,-0.5162,-0.4428,0.2007,GO_GOAL
13.62,-0.5247,-0.4283,0.6207,-0.7632,-0.0891,-0.4983,-0.43,0.2026,GO_GOAL
13.64,-0.5212,-0.4257,0.6207,-0.7568,-0.083,-0.4983,-0.43,0.2045,GO_GOAL
13.66,-0.5176,-0.4232,0.6207,-0.7568,-0.083,-0.4983,-0.43,0.2065,GO_GOAL
13.68,-0.514,-0.4206,0.6207,-0.7536,-0.08,-0.4983,-0.43,0.2085,GO_GOAL
13.7,-0.5104,-0.4181,0.6207,-0.7505,-0.0769,-0.4983,-0.43,0.2105,GO_GOAL
13.72,-0.5068,-0.4155,0.6207,-0.7473,-0.0739,-0.4804,-0.4172,0.2125,GO_GOAL
13.74,-0.5033,-0.4129,0.6207,-0.7441,-0.0708,-0.4804,-0.4172,0.2146,GO_GOAL
13.76,-0.4997,-0.4104,0.6207,-0.7409,-0.0678,-0.4804,-0.4172,0.2167,GO_GOAL
13.78,-0.4961,-0.4078,0.6207,-0.7377,-0.0647,-0.4804,-0.4172,0.2188,GO_GOAL
13.8,-0.4925,-0.4053,0.6207,-0.7346,-0.0617,-0.4804,-0.4172,0.2209,GO_GOAL
13.82,-0.489,-0.4027,0.6207,-0.7314,-0.0587,-0.4625,-0.4044,0.2231,GO_GOAL
13.84,-0.4854,-0.4002,0.6207,-0.7282,-0.0556,-0.4625,-0.4044,0.2253,GO_GOAL
13.86,-0.4818,-0.3976,0.6207,-0.725,-0.0526,-0.4625,-0.4044,0.2276,GO_GOAL
13.88,-0.4782,-0.395,0.6207,-0.7187,-0.0465,-0.4625,-0.4044,0.2298,GO_GOAL
13.9,-0.4746,-0.3925,0.6207,-0.7187,-0.0465,-0.4625,-0.4044,0.2321,GO_GOAL
13.92,-0.4711,-0.3899,0.6207,-0.7123,-0.0404,-0.441,-0.3891,0.2344,GO_GOAL
13.94,-0.4675,-0.3874,0.6207,-0.7123,-0.0404,-0.441,-0.3891,0.2368,GO_GOAL
13.96,-0.4639,-0.3848,0.6207,-0.706,-0.0343,-0.441,-0.3891,0.2391,GO_GOAL
13.98,-0.4603,-0.3822,0.6207,-0.706,-0.0343,-0.441,-0.3891,0.2415,GO_GOAL
14.0,-0.4567,-0.3797,0.6207,-0.7028,-0.0313,-0.441,-0.3891,0.2439,GO_GOAL
14.02,-0.4532,-0.3771,0.6207,-0.6964,-0.0252,-0.4267,-0.3788,0.2464,GO_GOAL
14.04,-0.4496,-0.3746,0.6207,-0.6964,-0.0252,-0.4267,-0.3788,0.2488,GO_GOAL
14.06,-0.446,-0.372,0.6207,-0.6932,-0.0222,-0.4267,-0.3788,0.2513,GO_GOAL
14.08,-0.4424,-0.3694,0.6207,-0.6901,-0.0191,-0.4267,-0.3788,0.2538,GO_GOAL
14.1,-0.4388,-0.3669,0.6207,-0.6869,-0.0161,-0.4267,-0.3788,0.2564,GO_GOAL
14.12,-0.4353,-0.3643,0.6207,-0.6837,-0.013,-0.4088,-0.366,0.2589,GO_GOAL
14.14,-0.4317,-0.3618,0.6207,-0.6805,-0.01,-0.4088,-0.366,0.2615,GO_GOAL
14.16,-0.4281,-0.3592,0.6207,-0.6742,-0.0039,-0.4088,-0.366,0.2641,GO_GOAL
14.18,-0.4245,-0.3567,0.6207,-0.6742,-0.0039,-0.4088,-0.366,0.2667,GO_GOAL
14.2,-0.4209,-0.3541,0.6207,-0.671,-0.0009,-0.4088,-0.366,0.2694,GO_GOAL
14.22,-0.4174,-0.3515,0.6207,-0.6678,0.0022,-0.3909,-0.3532,0.272,GO_GOAL
14.24,-0.4138,-0.349,0.6207,-0.6646,0.0052,-0.3909,-0.3532,0.2747,GO_GOAL
14.26,-0.4102,-0.3464,0.6207,-0.6615,0.0083,-0.3909,-0.3532,0.2774,GO_GOAL
14.28,-0.4066,-0.3439,0.6207,-0.6583,0.0113,-0.3909,-0.3532,0.2801,GO_GOAL
14.3,-0.403,-0.3413,0.6207,-0.6551,0.0144,-0.373,-0.3404,0.2829,GO_GOAL
14.32,-0.3995,-0.3387,0.6207,-0.6519,0.0174,-0.373,-0.3404,0.2857,GO_GOAL
14.34,-0.3959,-0.3362,0.6207,-0.6487,0.0204,-0.373,-0.3404,0.2884,GO_GOAL
14.36,-0.3923,-0.3336,0.6207,-0.6456,0.0235,-0.373,-0.3404,0.2912,GO_GOAL
14.38,-0.3887,-0.3311,0.6207,-0.6424,0.0265,-0.373,-0.3404,0.2941,GO_GOAL
14.4,-0.3852,-0.3285,0.6207,-0.6392,0.0296,-0.373,-0.3404,0.2969,GO_GOAL
14.42,-0.3816,-0.3259,0.6207,-0.636,0.0326,-0.3551,-0.3276,0.2998,GO_GOAL
14.44,-0.378,-0.3234,0.6207,-0.6297,0.0387,-0.3551,-0.3276,0.3027,GO_GOAL
14.46,-0.3744,-0.3208,0.6207,-0.6297,0.0387,-0.3551,-0.3276,0.3056,GO_GOAL
14.48,-0.3708,-0.3183,0.6207,-0.6233,0.0448,-0.3551,-0.3276,0.3085,GO_GOAL
14.5,-0.3673,-0.3157,0.6207,-0.6233,0.0448,-0.3551,-0.3276,0.3114,GO_GOAL
14.52,-0.3637,-0.3131,0.6207,-0.6201,0.0478,-0.3372,-0.3148,0.3144,GO_GOAL
14.54,-0.3601,-0.3106,0.6207,-0.6138,0.0539,-0.3372,-0.3148,0.3173,GO_GOAL
14.56,-0.3565,-0.308,0.6207,-0.6138,0.0539,-0.3372,-0.3148,0.3203,GO_GOAL
14.58,-0.3529,-0.3055,0.6207,-0.6106,0.057,-0.3372,-0.3148,0.3233,GO_GOAL
14.6,-0.3494,-0.3029,0.6207,-0.6074,0.06,-0.3372,-0.3148,0.3263,GO_GOAL
14.62,-0.3458,-0.3004,0.6207,-0.6042,0.063,-0.3193,-0.302,0.3294,GO_GOAL
14.64,-0.3422,-0.2978,0.6207,-0.6011,0.0661,-0.3193,-0.302,0.3324,GO_GOAL
14.66,-0.3386,-0.2952,0.6207,-0.5979,0.0691,-0.3193,-0.302,0.3355,GO_GOAL
14.68,-0.335,-0.2927,0.6207,-0.5947,0.0722,-0.3193,-0.302,0.3385,GO_GOAL
14.7,-0.3315,-0.2901,0.6207,-0.5915,0.0752,-0.3193,-0.302,0.3416,GO_GOAL
14.72,-0.3279,-0.2876,0.6207,-0.5884,0.0783,-0.3014,-0.2892,0.3447,GO_GOAL
14.74,-0.3243,-0.285,0.6207,-0.5852,0.0813,-0.3014,-0.2892,0.3479,GO_GOAL
14.76,-0.3207,-0.2824,0.6207,-0.582,0.0843,-0.3014,-0.2892,0.351,GO_GOAL
14.78,-0.3171,-0.2799,0.6207,-0.5788,0.0874,-0.3014,-0.2892,0.3542,GO_GOAL
14.8,-0.3136,-0.2773,0.6207,-0.5756,0.0904,-0.3014,-0.2892,0.3573,GO_GOAL
14.82,-0.31,-0.2748,0.6207,-0.5725,0.0935,-0.2835,-0.2764,0.3605,GO_GOAL
14.84,-0.3064,-0.2722,0.6207,-0.5693,0.0965,-0.2835,-0.2764,0.3637,GO_GOAL
14.86,-0.3028,-0.2696,0.6207,-0.5629,0.1026,-0.2835,-0.2764,0.3669,GO_GOAL
14.88,-0.2993,-0.2671,0.6207,-0.5629,0.1026,-0.2835,-0.2764,0.3701,GO_GOAL
14.9,-0.2957,-0.2645,0.6207,-0.5597,0.1056,-0.2656,-0.2636,0.3734,GO_GOAL
14.92,-0.2921,-0.262,0.6207,-0.5566,0.1087,-0.2656,-0.2636,0.3766,GO_GOAL
14.94,-0.2885,-0.2594,0.6207,-0.5534,0.1117,-0.2656,-0.2636,0.3799,GO_GOAL
14.96,-0.2849,-0.2568,0.6207,-0.5502,0.1148,-0.2656,-0.2636,0.3832,GO_GOAL
14.98,-0.2814,-0.2543,0.6207,-0.547,0.1178,-0.2656,-0.2636,0.3864,GO_GOAL
15.0,-0.2778,-0.2517,0.6207,-0.5439,0.1208,-0.2478,-0.2509,0.3897,GO_GOAL
15.02,-0.2742,-0.2492,0.6207,-0.5407,0.1239,-0.2478,-0.2509,0.393,GO_GOAL
15.04,-0.2706,-0.2466,0.6207,-0.5375,0.1269,-0.2478,-0.2509,0.3964,GO_GOAL
15.06,-0.267,-0.2441,0.6207,-0.5343,0.13,-0.2478,-0.2509,0.3997,GO_GOAL
15.08,-0.2635,-0.2415,0.6207,-0.5311,0.133,-0.2478,-0.2509,0.403,GO_GOAL
15.1,-0.2599,-0.2389,0.6207,-0.528,0.1361,-0.2478,-0.2509,0.4064,GO_GOAL
15.12,-0.2563,-0.2364,0.6207,-0.5248,0.1391,-0.2263,-0.2355,0.4098,GO_GOAL
15.14,-0.2527,-0.2338,0.6207,-0.5216,0.1421,-0.2263,-0.2355,0.4132,GO_GOAL
15.16,-0.2491,-0.2313,0.6207,-0.5184,0.1452,-0.2263,-0.2355,0.4165,GO_GOAL
15.18,-0.2456,-0.2287,0.6207,-0.5152,0.1482,-0.2263,-0.2355,0.4199,GO_GOAL
15.2,-0.242,-0.2261,0.6207,-0.5121,0.1513,-0.2263,-0.2355,0.4234,GO_GOAL
15.22,-0.2384,-0.2236,0.6207,-0.5057,0.1574,-0.212,-0.2253,0.4268,GO_GOAL
15.24,-0.2348,-0.221,0.6207,-0.5057,0.1574,-0.212,-0.2253,0.4302,GO_GOAL
15.26,-0.2312,-0.2185,0.6207,-0.5025,0.1604,-0.212,-0.2253,0.4337,GO_GOAL
15.28,-0.2277,-0.2159,0.6207,-0.4962,0.1665,-0.212,-0.2253,0.4371,GO_GOAL
15.3,-0.2241,-0.2133,0.6207,-0.4962,0.1665,-0.212,-0.2253,0.4406,GO_GOAL
15.32,-0.2205,-0.2108,0.6207,-0.493,0.1695,-0.1941,-0.2125,0.444,GO_GOAL
15.34,-0.2169,-0.2082,0.6207,-0.4898,0.1726,-0.1941,-0.2125,0.4475,GO_GOAL
15.36,-0.2133,-0.2057,0.6207,-0.4866,0.1756,-0.1941,-0.2125,0.451,GO_GOAL
15.38,-0.2098,-0.2031,0.6207,-0.4835,0.1787,-0.1941,-0.2125,0.4545,GO_GOAL
15.4,-0.2062,-0.2006,0.6207,-0.4803,0.1817,-0.1941,-0.2125,0.458,GO_GOAL
15.42,-0.2026,-0.198,0.6207,-0.4771,0.1847,-0.1762,-0.1997,0.4615,GO_GOAL
15.44,-0.199,-0.1954,0.6207,-0.4707,0.1908,-0.1762,-0.1997,0.4651,GO_GOAL
15.46,-0.1954,-0.1929,0.6207,-0.4707,0.1908,-0.1762,-0.1997,0.4686,GO_GOAL
15.48,-0.1919,-0.1903,0.6207,-0.4676,0.1939,-0.1762,-0.1997,0.4721,GO_GOAL
15.5,-0.1883,-0.1878,0.6207,-0.4612,0.1999,-0.1762,-0.1997,0.4757,GO_GOAL
15.52,-0.1847,-0.1852,0.6207,-0.4612,0.1999,-0.1547,-0.1843,0.4793,GO_GOAL
15.54,-0.1811,-0.1826,0.6207,-0.4549,0.206,-0.1547,-0.1843,0.4828,GO_GOAL
15.56,-0.1776,-0.1801,0.6207,-0.4517,0.2091,-0.1547,-0.1843,0.4864,GO_GOAL
15.58,-0.174,-0.1775,0.6207,-0.4485,0.2121,-0.1547,-0.1843,0.49,GO_GOAL
15.6,-0.1704,-0.175,0.6207,-0.4485,0.2121,-0.1547,-0.1843,0.4936,GO_GOAL
15.62,-0.1668,-0.1724,0.6207,-0.4453,0.2152,-0.1404,-0.1741,0.4972,GO_GOAL
15.64,-0.1632,-0.1698,0.6207,-0.4421,0.2182,-0.1404,-0.1741,0.5008,GO_GOAL
15.66,-0.1597,-0.1673,0.6207,-0.439,0.2212,-0.1404,-0.1741,0.5044,GO_GOAL
15.68,-0.1561,-0.1647,0.6207,-0.4358,0.2243,-0.1404,-0.1741,0.5081,GO_GOAL
15.7,-0.1525,-0.1622,0.6207,-0.4326,0.2273,-0.1225,-0.1613,0.5117,GO_GOAL
15.72,-0.1489,-0.1596,0.6207,-0.4294,0.2304,-0.1225,-0.1613,0.5153,GO_GOAL
15.74,-0.1453,-0.157,0.6207,-0.4231,0.2365,-0.1225,-0.1613,0.519,GO_GOAL
15.76,-0.1418,-0.1545,0.6207,-0.4231,0.2365,-0.1225,-0.1613,0.5226,GO_GOAL
15.78,-0.1382,-0.1519,0.6207,-0.4199,0.2395,-0.1225,-0.1613,0.5263,GO_GOAL
15.8,-0.1346,-0.1494,0.6207,-0.4135,0.2456,-0.1225,-0.1613,0.53,GO_GOAL
15.82,-0.131,-0.1468,0.6207,-0.4135,0.2456,-0.1046,-0.1485,0.5337,GO_GOAL
15.84,-0.1274,-0.1443,0.6207,-0.4104,0.2486,-0.1046,-0.1485,0.5308,GO_GOAL
15.86,-0.1239,-0.1417,0.6207,-0.4072,0.2517,-0.1046,-0.1485,0.527,GO_GOAL
15.88,-0.1203,-0.1391,0.6207,-0.404,0.2547,-0.1046,-0.1485,0.5231,GO_GOAL
15.9,-0.1167,-0.1366,0.6207,-0.3976,0.2608,-0.0867,-0.1357,0.5193,GO_GOAL
15.92,-0.1131,-0.134,0.6207,-0.3976,0.2608,-0.0867,-0.1357,0.5155,GO_GOAL
15.94,-0.1095,-0.1315,0.6207,-0.3945,0.2638,-0.0867,-0.1357,0.5117,GO_GOAL
15.96,-0.106,-0.1289,0.6207,-0.3913,0.2669,-0.0867,-0.1357,0.5079,GO_GOAL
15.98,-0.1024,-0.1263,0.6207,-0.3881,0.2699,-0.0867,-0.1357,0.5041,GO_GOAL
16.0,-0.0988,-0.1238,0.6207,-0.3849,0.273,-0.0867,-0.1357,0.5003,GO_GOAL
16.02,-0.0952,-0.1212,0.6207,-0.3786,0.2791,-0.0688,-0.1229,0.4966,GO_GOAL
16.04,-0.0917,-0.1187,0.6207,-0.3786,0.2791,-0.0688,-0.1229,0.4928,GO_GOAL
16.06,-0.0881,-0.1161,0.6207,-0.3754,0.2821,-0.0688,-0.1229,0.489,GO_GOAL
16.08,-0.0845,-0.1135,0.6207,-0.3722,0.2851,-0.0688,-0.1229,0.4853,GO_GOAL
16.1,-0.0809,-0.111,0.6207,-0.369,0.2882,-0.0688,-0.1229,0.4815,GO_GOAL
16.12,-0.0773,-0.1084,0.6207,-0.3659,0.2912,-0.0509,-0.1101,0.4778,GO_GOAL
16.14,-0.0738,-0.1059,0.6207,-0.3595,0.2973,-0.0509,-0.1101,0.4741,GO_GOAL
16.16,-0.0702,-0.1033,0.6207,-0.3595,0.2973,-0.0509,-0.1101,0.4703,GO_GOAL
16.18,-0.0666,-0.1007,0.6207,-0.3563,0.3003,-0.0509,-0.1101,0.4666,GO_GOAL
16.2,-0.063,-0.0982,0.6207,-0.3531,0.3034,-0.0509,-0.1101,0.4629,GO_GOAL
16.22,-0.0594,-0.0956,0.6207,-0.35,0.3064,-0.033,-0.0973,0.4592,GO_GOAL
16.24,-0.0559,-0.0931,0.6207,-0.3468,0.3095,-0.033,-0.0973,0.4555,GO_GOAL
16.26,-0.0523,-0.0905,0.6207,-0.3404,0.3156,-0.033,-0.0973,0.4518,GO_GOAL
16.28,-0.0487,-0.088,0.6207,-0.3372,0.3186,-0.033,-0.0973,0.4481,GO_GOAL
16.3,-0.0451,-0.0854,0.6207,-0.3372,0.3186,-0.033,-0.0973,0.4444,GO_GOAL
16.32,-0.0415,-0.0828,0.6207,-0.3341,0.3216,-0.0151,-0.0845,0.4407,GO_GOAL
16.34,-0.038,-0.0803,0.6207,-0.3309,0.3247,-0.0151,-0.0845,0.4371,GO_GOAL
16.36,-0.0344,-0.0777,0.6207,-0.3277,0.3277,-0.0151,-0.0845,0.4334,GO_GOAL
16.38,-0.0308,-0.0752,0.6207,-0.3245,0.3308,-0.0151,-0.0845,0.4298,GO_GOAL
16.4,-0.0272,-0.0726,0.6207,-0.3214,0.3338,-0.0151,-0.0845,0.4261,GO_GOAL
16.42,-0.0236,-0.07,0.6207,-0.315,0.3399,0.0028,-0.0717,0.4225,GO_GOAL
16.44,-0.0201,-0.0675,0.6207,-0.315,0.3399,0.0028,-0.0717,0.4189,GO_GOAL
16.46,-0.0165,-0.0649,0.6207,-0.3118,0.3429,0.0028,-0.0717,0.4153,GO_GOAL
16.48,-0.0129,-0.0624,0.6207,-0.3055,0.349,0.0028,-0.0717,0.4117,GO_GOAL
16.5,-0.0093,-0.0598,0.6207,-0.3055,0.349,0.0028,-0.0717,0.4081,GO_GOAL
16.52,-0.0057,-0.0572,0.6207,-0.2991,0.3551,0.0207,-0.0589,0.4045,GO_GOAL
16.54,-0.0022,-0.0547,0.6207,-0.2991,0.3551,0.0207,-0.0589,0.4009,GO_GOAL
16.56,0.0014,-0.0521,0.6207,-0.2959,0.3582,0.0207,-0.0589,0.3974,GO_GOAL
16.58,0.005,-0.0496,0.6207,-0.2927,0.3612,0.0207,-0.0589,0.3938,GO_GOAL
16.6,0.0086,-0.047,0.6207,-0.2896,0.3642,0.0207,-0.0589,0.3902,GO_GOAL
16.62,0.0121,-0.0445,0.6207,-0.2832,0.3703,0.0386,-0.0461,0.3867,GO_GOAL
16.64,0.0157,-0.0419,0.6207,-0.2832,0.3703,0.0386,-0.0461,0.3832,GO_GOAL
16.66,0.0193,-0.0393,0.6207,-0.28,0.3734,0.0386,-0.0461,0.3797,GO_GOAL
16.68,0.0229,-0.0368,0.6207,-0.2769,0.3764,0.0386,-0.0461,0.3761,GO_GOAL
16.7,0.0265,-0.0342,0.6207,-0.2737,0.3795,0.0386,-0.0461,0.3726,GO_GOAL
16.72,0.03,-0.0317,0.6207,-0.2705,0.3825,0.0565,-0.0333,0.3692,GO_GOAL
16.74,0.0336,-0.0291,0.6207,-0.2641,0.3886,0.0565,-0.0333,0.3657,GO_GOAL
16.76,0.0372,-0.0265,0.6207,-0.2641,0.3886,0.0565,-0.0333,0.3622,GO_GOAL
16.78,0.0408,-0.024,0.6207,-0.2578,0.3947,0.0565,-0.0333,0.3588,GO_GOAL
16.8,0.0444,-0.0214,0.6207,-0.2578,0.3947,0.0565,-0.0333,0.3553,GO_GOAL
16.82,0.0479,-0.0189,0.6207,-0.2546,0.3977,0.0744,-0.0205,0.3519,GO_GOAL
16.84,0.0515,-0.0163,0.6207,-0.2514,0.4007,0.0744,-0.0205,0.3485,GO_GOAL
16.86,0.0551,-0.0137,0.6207,-0.2482,0.4038,0.0744,-0.0205,0.345,GO_GOAL
16.88,0.0587,-0.0112,0.6207,-0.2451,0.4068,0.0744,-0.0205,0.3416,GO_GOAL
16.9,0.0623,-0.0086,0.6207,-0.2419,0.4099,0.0744,-0.0205,0.3383,GO_GOAL
16.92,0.0658,-0.0061,0.6207,-0.2387,0.4129,0.0923,-0.0077,0.3349,GO_GOAL
16.94,0.0694,-0.0035,0.6207,-0.2355,0.416,0.0923,-0.0077,0.3315,GO_GOAL
16.96,0.073,-0.0009,0.6207,-0.2324,0.419,0.0923,-0.0077,0.3282,GO_GOAL
16.98,0.0766,0.0016,0.6207,-0.2292,0.422,0.0923,-0.0077,0.3248,GO_GOAL
17.0,0.0802,0.0042,0.6207,-0.226,0.4251,0.0923,-0.0077,0.3215,GO_GOAL
17.02,0.0837,0.0067,0.6207,-0.2228,0.4281,0.1102,0.0051,0.3182,GO_GOAL
17.04,0.0873,0.0093,0.6207,-0.2196,0.4312,0.1102,0.0051,0.3149,GO_GOAL
17.06,0.0909,0.0118,0.6207,-0.2165,0.4342,0.1102,0.0051,0.3116,GO_GOAL
17.08,0.0945,0.0144,0.6207,-0.2133,0.4373,0.1102,0.0051,0.3084,GO_GOAL
17.1,0.0981,0.017,0.6207,-0.2101,0.4403,0.1102,0.0051,0.3051,GO_GOAL
17.12,0.1016,0.0195,0.6207,-0.2069,0.4433,0.1281,0.0179,0.3019,GO_GOAL
17.14,0.1052,0.0221,0.6207,-0.2037,0.4464,0.1281,0.0179,0.2986,GO_GOAL
17.16,0.1088,0.0246,0.6207,-0.2006,0.4494,0.1281,0.0179,0.2954,GO_GOAL
17.18,0.1124,0.0272,0.6207,-0.1974,0.4525,0.1281,0.0179,0.2922,GO_GOAL
17.2,0.116,0.0298,0.6207,-0.191,0.4586,0.1281,0.0179,0.2891,GO_GOAL
17.22,0.1195,0.0323,0.6207,-0.191,0.4586,0.1459,0.0307,0.2859,GO_GOAL
17.24,0.1231,0.0349,0.6207,-0.1879,0.4616,0.1459,0.0307,0.2827,GO_GOAL
17.26,0.1267,0.0374,0.6207,-0.1847,0.4646,0.1459,0.0307,0.2796,GO_GOAL
17.28,0.1303,0.04,0.6207,-0.1815,0.4677,0.1459,0.0307,0.2765,GO_GOAL
17.3,0.1338,0.0426,0.6207,-0.1783,0.4707,0.1459,0.0307,0.2734,GO_GOAL
17.32,0.1374,0.0451,0.6207,-0.1751,0.4738,0.1638,0.0435,0.2703,GO_GOAL
17.34,0.141,0.0477,0.6207,-0.172,0.4768,0.1638,0.0435,0.2672,GO_GOAL
17.36,0.1446,0.0502,0.6207,-0.1688,0.4799,0.1638,0.0435,0.2642,GO_GOAL
17.38,0.1482,0.0528,0.6207,-0.1656,0.4829,0.1638,0.0435,0.2612,GO_GOAL
17.4,0.1517,0.0553,0.6207,-0.1624,0.4859,0.1638,0.0435,0.2581,GO_GOAL
17.42,0.1553,0.0579,0.6207,-0.1592,0.489,0.1817,0.0563,0.2551,GO_GOAL
17.44,0.1589,0.0605,0.6207,-0.1561,0.492,0.1817,0.0563,0.2522,GO_GOAL
17.46,0.1625,0.063,0.6207,-0.1529,0.4951,0.1817,0.0563,0.2492,GO_GOAL
17.48,0.1661,0.0656,0.6207,-0.1497,0.4981,0.1817,0.0563,0.2463,GO_GOAL
17.5,0.1696,0.0681,0.6207,-0.1465,0.5011,0.1996,0.0691,0.2433,GO_GOAL
17.52,0.1732,0.0707,0.6207,-0.1434,0.5042,0.1996,0.0691,0.2404,GO_GOAL
17.54,0.1768,0.0733,0.6207,-0.1402,0.5072,0.1996,0.0691,0.2376,GO_GOAL
17.56,0.1804,0.0758,0.6207,-0.1338,0.5133,0.1996,0.0691,0.2347,GO_GOAL
17.58,0.184,0.0784,0.6207,-0.1338,0.5133,0.1996,0.0691,0.2319,GO_GOAL
17.6,0.1875,0.0809,0.6207,-0.1306,0.5164,0.1996,0.0691,0.229,GO_GOAL
17.62,0.1911,0.0835,0.6207,-0.1275,0.5194,0.2175,0.0819,0.2263,GO_GOAL
17.64,0.1947,0.0861,0.6207,-0.1243,0.5224,0.2175,0.0819,0.2235,GO_GOAL
17.66,0.1983,0.0886,0.6207,-0.1211,0.5255,0.2175,0.0819,0.2207,GO_GOAL
17.68,0.2019,0.0912,0.6207,-0.1147,0.5316,0.2175,0.0819,0.218,GO_GOAL
17.7,0.2054,0.0937,0.6207,-0.1147,0.5316,0.2175,0.0819,0.2153,GO_GOAL
17.72,0.209,0.0963,0.6207,-0.1116,0.5346,0.2354,0.0947,0.2126,GO_GOAL
17.74,0.2126,0.0989,0.6207,-0.1084,0.5377,0.2354,0.0947,0.2099,GO_GOAL
17.76,0.2162,0.1014,0.6207,-0.1052,0.5407,0.2354,0.0947,0.2073,GO_GOAL
17.78,0.2198,0.104,0.6207,-0.102,0.5437,0.2354,0.0947,0.2047,GO_GOAL
17.8,0.2233,0.1065,0.6207,-0.0988,0.5468,0.2354,0.0947,0.2021,GO_GOAL
17.82,0.2269,0.1091,0.6207,-0.0925,0.5529,0.2533,0.1075,0.1995,GO_GOAL
17.84,0.2305,0.1116,0.6206,-0.0925,0.5529,0.2533,0.1075,0.197,GO_GOAL
17.86,0.2341,0.1142,0.6206,-0.0893,0.5559,0.2533,0.1075,0.1945,GO_GOAL
17.88,0.2376,0.1168,0.6206,-0.0861,0.559,0.2533,0.1075,0.192,GO_GOAL
17.9,0.2412,0.1193,0.6206,-0.083,0.562,0.2533,0.1075,0.1895,GO_GOAL
17.92,0.2448,0.1219,0.6206,-0.0798,0.565,0.2712,0.1202,0.1871,GO_GOAL
17.94,0.2484,0.1244,0.6206,-0.0766,0.5681,0.2712,0.1202,0.1847,GO_GOAL
17.96,0.252,0.127,0.6206,-0.0734,0.5711,0.2712,0.1202,0.1823,GO_GOAL
17.98,0.2555,0.1296,0.6206,-0.0702,0.5742,0.2712,0.1202,0.1799,GO_GOAL
18.0,0.2591,0.1321,0.6206,-0.0671,0.5772,0.2712,0.1202,0.1776,GO_GOAL
18.02,0.2627,0.1347,0.6206,-0.0639,0.5803,0.2891,0.133,0.1753,GO_GOAL
18.04,0.2663,0.1372,0.6206,-0.0575,0.5863,0.2891,0.133,0.1731,GO_GOAL
18.06,0.2699,0.1398,0.6206,-0.0575,0.5863,0.2891,0.133,0.1708,GO_GOAL
18.08,0.2734,0.1424,0.6206,-0.0543,0.5894,0.2891,0.133,0.1686,GO_GOAL
18.1,0.277,0.1449,0.6206,-0.0512,0.5924,0.2891,0.133,0.1664,GO_GOAL
18.12,0.2806,0.1475,0.6206,-0.048,0.5955,0.307,0.1458,0.1643,GO_GOAL
18.14,0.2842,0.15,0.6206,-0.0448,0.5985,0.307,0.1458,0.1622,GO_GOAL
18.16,0.2878,0.1526,0.6206,-0.0416,0.6015,0.307,0.1458,0.1601,GO_GOAL
18.18,0.2913,0.1551,0.6206,-0.0385,0.6046,0.307,0.1458,0.158,GO_GOAL
18.2,0.2949,0.1577,0.6206,-0.0353,0.6076,0.307,0.1458,0.156,GO_GOAL
18.22,0.2985,0.1603,0.6206,-0.0321,0.6107,0.3249,0.1586,0.154,GO_GOAL
18.24,0.3021,0.1628,0.6206,-0.0289,0.6137,0.3249,0.1586,0.1521,GO_GOAL
18.26,0.3057,0.1654,0.6206,-0.0257,0.6168,0.3249,0.1586,0.1502,GO_GOAL
18.28,0.3092,0.1679,0.6206,-0.0226,0.6198,0.3249,0.1586,0.1483,GO_GOAL
18.3,0.3128,0.1705,0.6206,-0.0194,0.6228,0.3249,0.1586,0.1464,GO_GOAL
18.32,0.3164,0.1731,0.6206,-0.0162,0.6259,0.3428,0.1714,0.1446,GO_GOAL
18.34,0.32,0.1756,0.6206,-0.013,0.6289,0.3428,0.1714,0.1428,GO_GOAL
18.36,0.3236,0.1782,0.6206,-0.0098,0.632,0.3428,0.1714,0.1411,GO_GOAL
18.38,0.3271,0.1807,0.6206,-0.0067,0.635,0.3428,0.1714,0.1394,GO_GOAL
18.4,0.3307,0.1833,0.6206,-0.0003,0.6411,0.3607,0.1842,0.1377,GO_GOAL
18.42,0.3343,0.1859,0.6206,-0.0003,0.6411,0.3607,0.1842,0.1361,GO_GOAL
18.44,0.3379,0.1884,0.6206,0.0029,0.6441,0.3607,0.1842,0.1345,GO_GOAL
18.46,0.3415,0.191,0.6206,0.006,0.6472,0.3607,0.1842,0.1329,GO_GOAL
18.48,0.345,0.1935,0.6206,0.0092,0.6502,0.3607,0.1842,0.1314,GO_GOAL
18.5,0.3486,0.1961,0.6206,0.0124,0.6533,0.3607,0.1842,0.1299,GO_GOAL
18.52,0.3522,0.1986,0.6206,0.0156,0.6563,0.3786,0.197,0.1285,GO_GOAL
18.54,0.3558,0.2012,0.6206,0.0188,0.6594,0.3786,0.197,0.1271,GO_GOAL
18.56,0.3593,0.2038,0.6206,0.0219,0.6624,0.3786,0.197,0.1257,GO_GOAL
18.58,0.3629,0.2063,0.6206,0.0251,0.6654,0.3786,0.197,0.1244,GO_GOAL
18.6,0.3665,0.2089,0.6206,0.0283,0.6685,0.3965,0.2098,0.1231,GO_GOAL
18.62,0.3701,0.2114,0.6206,0.0315,0.6715,0.3965,0.2098,0.1219,GO_GOAL
18.64,0.3737,0.214,0.6206,0.0347,0.6746,0.3965,0.2098,0.1207,GO_GOAL
18.66,0.3772,0.2166,0.6206,0.0378,0.6776,0.3965,0.2098,0.1195,GO_GOAL
18.68,0.3808,0.2191,0.6206,0.041,0.6806,0.3965,0.2098,0.1184,GO_GOAL
18.7,0.3844,0.2217,0.6206,0.0442,0.6837,0.3965,0.2098,0.1174,GO_GOAL
18.72,0.388,0.2242,0.6206,0.0474,0.6867,0.4144,0.2226,0.1163,GO_GOAL
18.74,0.3916,0.2268,0.6206,0.0537,0.6928,0.4144,0.2226,0.1153,GO_GOAL
18.76,0.3951,0.2294,0.6206,0.0537,0.6928,0.4144,0.2226,0.1144,GO_GOAL
18.78,0.3987,0.2319,0.6206,0.0569,0.6959,0.4144,0.2226,0.1135,GO_GOAL
18.8,0.4023,0.2345,0.6206,0.0601,0.6989,0.4144,0.2226,0.1126,GO_GOAL
18.82,0.4059,0.237,0.6206,0.0633,0.7019,0.4323,0.2354,0.1118,GO_GOAL
18.84,0.4095,0.2396,0.6206,0.0664,0.705,0.4323,0.2354,0.1111,GO_GOAL
18.86,0.413,0.2421,0.6206,0.0696,0.708,0.4323,0.2354,0.1103,GO_GOAL
18.88,0.4166,0.2447,0.6206,0.0728,0.7111,0.4323,0.2354,0.1097,GO_GOAL
18.9,0.4202,0.2473,0.6206,0.076,0.7141,0.4323,0.2354,0.109,GO_GOAL
18.92,0.4238,0.2498,0.6206,0.0792,0.7172,0.4502,0.2482,0.1085,GO_GOAL
18.94,0.4274,0.2524,0.6206,0.0823,0.7202,0.4502,0.2482,0.1079,GO_GOAL
18.96,0.4309,0.2549,0.6206,0.0855,0.7232,0.4502,0.2482,0.1074,GO_GOAL
18.98,0.4345,0.2575,0.6206,0.0887,0.7263,0.4502,0.2482,0.107,GO_GOAL
19.0,0.4381,0.2601,0.6206,0.0919,0.7293,0.4502,0.2482,0.1066,GO_GOAL
19.02,0.4417,0.2626,0.6206,0.0951,0.7324,0.4716,0.2636,0.1062,GO_GOAL
19.04,0.4453,0.2652,0.6206,0.0982,0.7354,0.4716,0.2636,0.1059,GO_GOAL
19.06,0.4488,0.2677,0.6206,0.1014,0.7385,0.4716,0.2636,0.1056,GO_GOAL
19.08,0.4524,0.2703,0.6206,0.1078,0.7445,0.4716,0.2636,0.1054,GO_GOAL
19.1,0.456,0.2729,0.6206,0.1109,0.7476,0.4716,0.2636,0.1052,GO_GOAL
19.12,0.4596,0.2754,0.6206,0.1109,0.7476,0.486,0.2738,0.1051,GO_GOAL
19.14,0.4632,0.278,0.6206,0.1141,0.7506,0.486,0.2738,0.105,GO_GOAL
19.16,0.4667,0.2805,0.6206,0.1173,0.7537,0.486,0.2738,0.105,GO_GOAL
19.18,0.4703,0.2831,0.6206,0.1205,0.7567,0.486,0.2738,0.105,GO_GOAL
19.2,0.4739,0.2857,0.6206,0.1237,0.7597,0.486,0.2738,0.1051,GO_GOAL
19.22,0.4775,0.2882,0.6206,0.1268,0.7628,0.5039,0.2866,0.1052,GO_GOAL
19.24,0.481,0.2908,0.6206,0.13,0.7658,0.5039,0.2866,0.1053,GO_GOAL
19.26,0.4846,0.2933,0.6206,0.1364,0.7719,0.5039,0.2866,0.1055,GO_GOAL
19.28,0.4882,0.2959,0.6206,0.1364,0.7719,0.5039,0.2866,0.1058,GO_GOAL
19.3,0.4918,0.2984,0.6206,0.1396,0.775,0.5039,0.2866,0.1061,GO_GOAL
19.32,0.4954,0.301,0.6206,0.1427,0.778,0.5218,0.2994,0.1064,GO_GOAL
19.34,0.4989,0.3036,0.6206,0.1459,0.781,0.5218,0.2994,0.1068,GO_GOAL
19.36,0.5025,0.3061,0.6206,0.1491,0.7841,0.5218,0.2994,0.1072,GO_GOAL
19.38,0.5061,0.3087,0.6206,0.1523,0.7871,0.5218,0.2994,0.1077,GO_GOAL
19.4,0.5097,0.3112,0.6206,0.1554,0.7902,0.5218,0.2994,0.1083,GO_GOAL
19.42,0.5133,0.3138,0.6206,0.1586,0.7932,0.5396,0.3122,0.1088,GO_GOAL
19.44,0.5168,0.3164,0.6206,0.1618,0.7963,0.5396,0.3122,0.1094,GO_GOAL
19.46,0.5204,0.3189,0.6206,0.165,0.7993,0.5396,0.3122,0.1101,GO_GOAL
19.48,0.524,0.3215,0.6206,0.1682,0.8023,0.5396,0.3122,0.1108,GO_GOAL
19.5,0.5276,0.324,0.6206,0.1713,0.8054,0.5396,0.3122,0.1116,GO_GOAL
19.52,0.5312,0.3266,0.6206,0.1777,0.8115,0.5575,0.325,0.1123,GO_GOAL
19.54,0.5347,0.3292,0.6206,0.1777,0.8115,0.5575,0.325,0.1132,GO_GOAL
19.56,0.5383,0.3317,0.6206,0.1809,0.8145,0.5575,0.325,0.1141,GO_GOAL
19.58,0.5419,0.3343,0.6206,0.1841,0.8176,0.5575,0.325,0.115,GO_GOAL
19.6,0.5455,0.3368,0.6206,0.1872,0.8206,0.5575,0.325,0.116,GO_GOAL
19.62,0.5491,0.3394,0.6206,0.1904,0.8236,0.5754,0.3378,0.117,GO_GOAL
19.64,0.5526,0.3419,0.6206,0.1936,0.8267,0.5754,0.3378,0.118,GO_GOAL
19.66,0.5562,0.3445,0.6206,0.1968,0.8297,0.5754,0.3378,0.1191,GO_GOAL
19.68,0.5598,0.3471,0.6206,0.1999,0.8328,0.5754,0.3378,0.1203,GO_GOAL
19.7,0.5634,0.3496,0.6206,0.2063,0.8388,0.5933,0.3506,0.1215,GO_GOAL
19.72,0.567,0.3522,0.6206,0.2063,0.8388,0.5933,0.3506,0.1227,GO_GOAL
19.74,0.5705,0.3547,0.6206,0.2095,0.8419,0.5933,0.3506,0.1239,GO_GOAL
19.76,0.5741,0.3573,0.6206,0.2158,0.848,0.5933,0.3506,0.1252,GO_GOAL
19.78,0.5777,0.3599,0.6206,0.2158,0.848,0.5933,0.3506,0.1266,GO_GOAL
19.8,0.5813,0.3624,0.6206,0.219,0.851,0.5933,0.3506,0.128,GO_GOAL
19.82,0.5848,0.365,0.6206,0.2222,0.8541,0.6148,0.3659,0.1294,GO_GOAL
19.84,0.5884,0.3675,0.6206,0.2286,0.8601,0.6148,0.3659,0.1309,GO_GOAL
19.86,0.592,0.3701,0.6206,0.2286,0.8601,0.6148,0.3659,0.1324,GO_GOAL
19.88,0.5956,0.3727,0.6206,0.2317,0.8632,0.6148,0.3659,0.1339,GO_GOAL
19.9,0.5992,0.3752,0.6206,0.2349,0.8662,0.6148,0.3659,0.1355,GO_GOAL
19.92,0.6027,0.3778,0.6206,0.2381,0.8693,0.6291,0.3762,0.1371,GO_GOAL
19.94,0.6063,0.3803,0.6206,0.2413,0.8723,0.6291,0.3762,0.1388,GO_GOAL
19.96,0.6099,0.3829,0.6206,0.2445,0.8754,0.6291,0.3762,0.1405,GO_GOAL
19.98,0.6135,0.3854,0.6206,0.2476,0.8784,0.6291,0.3762,0.1422,GO_GOAL
20.0,0.6171,0.388,0.6206,0.2508,0.8814,0.6291,0.3762,0.144,GO_GOAL
20.02,0.6206,0.3906,0.6206,0.2572,0.8875,0.647,0.389,0.1458,GO_GOAL
20.04,0.6242,0.3931,0.6206,0.2572,0.8875,0.647,0.389,0.1476,GO_GOAL
20.06,0.6278,0.3957,0.6206,0.2603,0.8906,0.647,0.389,0.1495,GO_GOAL
20.08,0.6314,0.3982,0.6206,0.2635,0.8936,0.647,0.389,0.1514,GO_GOAL
20.1,0.635,0.4008,0.6206,0.2667,0.8967,0.6649,0.4018,0.1533,GO_GOAL
20.12,0.6385,0.4034,0.6206,0.2699,0.8997,0.6649,0.4018,0.1553,GO_GOAL
20.14,0.6421,0.4059,0.6206,0.2731,0.9027,0.6649,0.4018,0.1573,GO_GOAL
20.16,0.6457,0.4085,0.6206,0.2762,0.9058,0.6649,0.4018,0.1593,GO_GOAL
20.18,0.6493,0.411,0.6206,0.2794,0.9088,0.6649,0.4018,0.1614,GO_GOAL
20.2,0.6529,0.4136,0.6206,0.2826,0.9119,0.6828,0.4146,0.1635,GO_GOAL
20.22,0.6564,0.4162,0.6206,0.2858,0.9149,0.6828,0.4146,0.1656,GO_GOAL
20.24,0.66,0.4187,0.6206,0.289,0.918,0.6828,0.4146,0.1678,GO_GOAL
20.258,0.6636,0.4213,0.6206,0.2921,0.921,0.6828,0.4146,0.17,GO_GOAL
20.28,0.6672,0.4238,0.6206,0.2985,0.9271,0.6828,0.4146,0.1722,GO_GOAL
20.3,0.6708,0.4264,0.6206,0.3017,0.9301,0.6828,0.4146,0.1745,GO_GOAL
20.32,0.6743,0.4289,0.6206,0.3017,0.9301,0.7007,0.4274,0.1768,GO_GOAL
20.34,0.6779,0.4315,0.6206,0.3048,0.9332,0.7007,0.4274,0.1791,GO_GOAL
20.36,0.6815,0.4341,0.6206,0.308,0.9362,0.7007,0.4274,0.1814,GO_GOAL
20.38,0.6851,0.4366,0.6206,0.3112,0.9392,0.7007,0.4274,0.1838,GO_GOAL
20.4,0.6887,0.4392,0.6206,0.3144,0.9423,0.7007,0.4274,0.1862,GO_GOAL
20.42,0.6922,0.4417,0.6206,0.3176,0.9453,0.7186,0.4402,0.1886,GO_GOAL
20.44,0.6958,0.4443,0.6206,0.3239,0.9514,0.7186,0.4402,0.1911,GO_GOAL
20.46,0.6994,0.4469,0.6206,0.3239,0.9514,0.7186,0.4402,0.1936,GO_GOAL
20.482,0.703,0.4494,0.6206,0.3271,0.9545,0.7186,0.4402,0.1961,GO_GOAL
20.5,0.7065,0.452,0.6206,0.3303,0.9575,0.7365,0.453,0.1986,GO_GOAL
20.52,0.7101,0.4545,0.6206,0.3335,0.9605,0.7365,0.453,0.2011,GO_GOAL
20.54,0.7137,0.4571,0.6206,0.3366,0.9636,0.7365,0.453,0.2037,GO_GOAL
20.56,0.7173,0.4597,0.6206,0.3398,0.9666,0.7365,0.453,0.2063,GO_GOAL
20.58,0.7209,0.4622,0.6206,0.343,0.9697,0.7365,0.453,0.209,GO_GOAL
20.6,0.7244,0.4648,0.6206,0.3462,0.9727,0.7365,0.453,0.2116,GO_GOAL
20.62,0.728,0.4673,0.6206,0.3525,0.9788,0.7544,0.4658,0.2143,GO_GOAL
20.64,0.7316,0.4699,0.6206,0.3525,0.9788,0.7544,0.4658,0.217,GO_GOAL
20.66,0.7352,0.4724,0.6206,0.3557,0.9818,0.7544,0.4658,0.2197,GO_GOAL
20.68,0.7388,0.475,0.6206,0.3621,0.9879,0.7544,0.4658,0.2225,GO_GOAL
20.7,0.7423,0.4776,0.6206,0.3621,0.9879,0.7544,0.4658,0.2252,GO_GOAL
20.72,0.7459,0.4801,0.6206,0.3652,0.991,0.7723,0.4785,0.228,GO_GOAL
20.74,0.7495,0.4827,0.6206,0.3716,0.9971,0.7723,0.4785,0.2308,GO_GOAL
20.76,0.7531,0.4852,0.6206,0.3716,0.9971,0.7723,0.4785,0.2337,GO_GOAL
20.78,0.7567,0.4878,0.6206,0.378,1.0031,0.7723,0.4785,0.2365,GO_GOAL
20.8,0.7602,0.4904,0.6206,0.378,1.0031,0.7723,0.4785,0.2394,GO_GOAL
20.82,0.7638,0.4929,0.6206,0.3843,1.0092,0.7902,0.4913,0.2423,GO_GOAL
20.84,0.7674,0.4955,0.6206,0.3843,1.0092,0.7902,0.4913,0.2452,GO_GOAL
20.86,0.771,0.498,0.6206,0.3875,1.0123,0.7902,0.4913,0.2481,GO_GOAL
20.88,0.7746,0.5006,0.6206,0.3907,1.0153,0.7902,0.4913,0.2511,GO_GOAL
20.9,0.7781,0.5032,0.6206,0.3939,1.0183,0.7902,0.4913,0.254,GO_GOAL
20.92,0.7817,0.5057,0.6206,0.397,1.0214,0.8081,0.5041,0.257,GO_GOAL
20.94,0.7853,0.5083,0.6206,0.4002,1.0244,0.8081,0.5041,0.26,GO_GOAL
20.96,0.7889,0.5108,0.6206,0.4034,1.0275,0.8081,0.5041,0.2631,GO_GOAL
20.98,0.7925,0.5134,0.6206,0.4097,1.0336,0.8081,0.5041,0.2661,GO_GOAL
21.0,0.796,0.516,0.6206,0.4129,1.0366,0.8081,0.5041,0.2692,GO_GOAL
21.02,0.7996,0.5185,0.6206,0.4129,1.0366,0.826,0.5169,0.2723,GO_GOAL
21.04,0.8032,0.5211,0.6206,0.4161,1.0396,0.826,0.5169,0.2753,GO_GOAL
21.06,0.8068,0.5236,0.6206,0.4193,1.0427,0.826,0.5169,0.2785,GO_GOAL
21.08,0.8104,0.5262,0.6206,0.4225,1.0457,0.826,0.5169,0.2816,GO_GOAL
21.1,0.8139,0.5287,0.6206,0.4256,1.0488,0.826,0.5169,0.2847,GO_GOAL
21.12,0.8175,0.5313,0.6206,0.4288,1.0518,0.8439,0.5297,0.2879,GO_GOAL
21.14,0.8211,0.5339,0.6206,0.432,1.0549,0.8439,0.5297,0.2911,GO_GOAL
21.16,0.8247,0.5364,0.6206,0.4352,1.0579,0.8439,0.5297,0.2943,GO_GOAL
21.18,0.8282,0.539,0.6206,0.4384,1.0609,0.8439,0.5297,0.2975,GO_GOAL
21.2,0.8318,0.5415,0.6206,0.4415,1.064,0.8439,0.5297,0.3007,GO_GOAL
21.22,0.8354,0.5441,0.6206,0.4447,1.067,0.8618,0.5425,0.3039,GO_GOAL
21.24,0.839,0.5467,0.6206,0.4479,1.0701,0.8618,0.5425,0.3072,GO_GOAL
21.26,0.8426,0.5492,0.6206,0.4511,1.0731,0.8618,0.5425,0.3104,GO_GOAL
21.28,0.8461,0.5518,0.6206,0.4542,1.0762,0.8618,0.5425,0.3137,GO_GOAL
21.3,0.8497,0.5543,0.6206,0.4606,1.0822,0.8618,0.5425,0.317,GO_GOAL
21.32,0.8533,0.5569,0.6206,0.4638,1.0853,0.8797,0.5553,0.3203,GO_GOAL
21.34,0.8569,0.5595,0.6206,0.4638,1.0853,0.8797,0.5553,0.3236,GO_GOAL
21.36,0.8605,0.562,0.6206,0.4701,1.0914,0.8797,0.5553,0.327,GO_GOAL
21.38,0.864,0.5646,0.6206,0.4733,1.0944,0.8797,0.5553,0.3303,GO_GOAL
21.4,0.8676,0.5671,0.6206,0.4765,1.0974,0.8797,0.5553,0.3337,GO_GOAL
21.42,0.8712,0.5697,0.6206,0.4797,1.1005,0.8976,0.5681,0.337,GO_GOAL
21.44,0.8748,0.5722,0.6206,0.4829,1.1035,0.8976,0.5681,0.3404,GO_GOAL
21.46,0.8784,0.5748,0.6206,0.486,1.1066,0.8976,0.5681,0.3438,GO_GOAL
21.48,0.8819,0.5774,0.6206,0.486,1.1066,0.8976,0.5681,0.3472,GO_GOAL
21.5,0.8855,0.5799,0.6206,0.4892,1.1096,0.9155,0.5809,0.3506,GO_GOAL
21.52,0.8891,0.5825,0.6206,0.4924,1.1127,0.9155,0.5809,0.3541,GO_GOAL
21.54,0.8927,0.585,0.6206,0.4956,1.1157,0.9155,0.5809,0.3575,GO_GOAL
21.56,0.8963,0.5876,0.6206,0.4987,1.1187,0.9155,0.5809,0.3609,GO_GOAL
21.58,0.8998,0.5902,0.6206,0.5051,1.1248,0.9155,0.5809,0.3644,GO_GOAL
21.6,0.9034,0.5927,0.6206,0.5051,1.1248,0.9155,0.5809,0.3679,GO_GOAL
21.62,0.907,0.5953,0.6206,0.5083,1.1279,0.9334,0.5937,0.3714,GO_GOAL
21.64,0.9106,0.5978,0.6206,0.5146,1.134,0.9334,0.5937,0.3749,GO_GOAL
21.66,0.9142,0.6004,0.6206,0.5146,1.134,0.9334,0.5937,0.3784,GO_GOAL
21.68,0.9177,0.603,0.6206,0.521,1.14,0.9334,0.5937,0.3819,GO_GOAL
21.7,0.9213,0.6055,0.6206,0.521,1.14,0.9334,0.5937,0.3854,GO_GOAL
21.72,0.9249,0.6081,0.6206,0.5242,1.1431,0.9512,0.6065,0.3889,GO_GOAL
21.74,0.9285,0.6106,0.6206,0.5274,1.1461,0.9512,0.6065,0.3925,GO_GOAL
21.76,0.9321,0.6132,0.6206,0.5305,1.1492,0.9512,0.6065,0.396,GO_GOAL
21.78,0.9356,0.6157,0.6206,0.5337,1.1522,0.9512,0.6065,0.3996,GO_GOAL
21.8,0.9392,0.6183,0.6207,0.5369,1.1553,0.9512,0.6065,0.4032,GO_GOAL
21.82,0.9428,0.6209,0.6207,0.5401,1.1583,0.9691,0.6193,0.4068,GO_GOAL
21.84,0.9464,0.6234,0.6207,0.5432,1.1613,0.9691,0.6193,0.4104,GO_GOAL
21.86,0.9499,0.626,0.6207,0.5464,1.1644,0.9691,0.6193,0.414,GO_GOAL
21.88,0.9535,0.6285,0.6207,0.5496,1.1674,0.9691,0.6193,0.4176,GO_GOAL
21.9,0.9571,0.6311,0.6207,0.5528,1.1705,0.9691,0.6193,0.4212,GO_GOAL
21.92,0.9607,0.6337,0.6207,0.556,1.1735,0.987,0.6321,0.4248,GO_GOAL
21.94,0.9643,0.6362,0.6207,0.5591,1.1765,0.987,0.6321,0.4284,GO_GOAL
21.96,0.9678,0.6388,0.6207,0.5623,1.1796,0.987,0.6321,0.4321,GO_GOAL
21.98,0.9714,0.6413,0.6207,0.5687,1.1857,0.987,0.6321,0.4357,GO_GOAL
22.0,0.975,0.6439,0.6207,0.5687,1.1857,0.987,0.6321,0.4394,GO_GOAL
22.02,0.9786,0.6465,0.6207,0.5719,1.1887,1.0049,0.6449,0.4431,GO_GOAL
22.04,0.9822,0.649,0.6207,0.5782,1.1948,1.0049,0.6449,0.4467,GO_GOAL
22.06,0.9857,0.6516,0.6207,0.5782,1.1948,1.0049,0.6449,0.4504,GO_GOAL
22.08,0.9893,0.6541,0.6207,0.5814,1.1978,1.0049,0.6449,0.4541,GO_GOAL
22.1,0.9929,0.6567,0.6207,0.5846,1.2009,1.0049,0.6449,0.4578,GO_GOAL
22.12,0.9965,0.6592,0.6207,0.5909,1.207,1.0264,0.6603,0.4615,GO_GOAL
22.14,1.0001,0.6618,0.6207,0.5909,1.207,1.0264,0.6603,0.4652,GO_GOAL
22.16,1.0036,0.6644,0.6207,0.5941,1.21,1.0264,0.6603,0.469,GO_GOAL
22.18,1.0072,0.6669,0.6207,0.5973,1.2131,1.0264,0.6603,0.4727,GO_GOAL
22.2,1.0108,0.6695,0.6207,0.6005,1.2161,1.0264,0.6603,0.4694,GO_GOAL
22.22,1.0144,0.672,0.6207,0.6036,1.2191,1.0407,0.6705,0.466,GO_GOAL
22.24,1.018,0.6746,0.6207,0.6068,1.2222,1.0407,0.6705,0.4626,GO_GOAL
22.26,1.0215,0.6772,0.6207,0.61,1.2252,1.0407,0.6705,0.4591,GO_GOAL
22.28,1.0251,0.6797,0.6207,0.6132,1.2283,1.0407,0.6705,0.4557,GO_GOAL
22.3,1.0287,0.6823,0.6207,0.6164,1.2313,1.0407,0.6705,0.4523,GO_GOAL
22.32,1.0323,0.6848,0.6207,0.6195,1.2344,1.0586,0.6833,0.4489,GO_GOAL
22.34,1.0359,0.6874,0.6207,0.6227,1.2374,1.0586,0.6833,0.4455,GO_GOAL
22.36,1.0394,0.69,0.6207,0.6259,1.2404,1.0586,0.6833,0.4422,GO_GOAL
22.38,1.043,0.6925,0.6207,0.6291,1.2435,1.0586,0.6833,0.4388,GO_GOAL
22.4,1.0466,0.6951,0.6207,0.6323,1.2465,1.0586,0.6833,0.4355,GO_GOAL
22.42,1.0502,0.6976,0.6207,0.6354,1.2496,1.0765,0.6961,0.4321,GO_GOAL
22.44,1.0538,0.7002,0.6207,0.6386,1.2526,1.0765,0.6961,0.4288,GO_GOAL
22.46,1.0573,0.7028,0.6207,0.6418,1.2557,1.0765,0.6961,0.4255,GO_GOAL
22.48,1.0609,0.7053,0.6207,0.645,1.2587,1.0765,0.6961,0.4222,GO_GOAL
22.5,1.0645,0.7079,0.6207,0.6513,1.2648,1.0765,0.6961,0.4189,GO_GOAL
22.52,1.0681,0.7104,0.6207,0.6513,1.2648,1.098,0.7114,0.4156,GO_GOAL
22.54,1.0716,0.713,0.6207,0.6577,1.2709,1.098,0.7114,0.4123,GO_GOAL
22.56,1.0752,0.7155,0.6207,0.6577,1.2709,1.098,0.7114,0.4091,GO_GOAL
22.58,1.0788,0.7181,0.6207,0.664,1.2769,1.098,0.7114,0.4058,GO_GOAL
22.598,1.0824,0.7207,0.6207,0.664,1.2769,1.098,0.7114,0.4026,GO_GOAL
22.62,1.086,0.7232,0.6207,0.6672,1.28,1.1159,0.7242,0.3994,GO_GOAL
22.64,1.0895,0.7258,0.6207,0.6704,1.283,1.1159,0.7242,0.3961,GO_GOAL
22.66,1.0931,0.7283,0.6207,0.6736,1.2861,1.1159,0.7242,0.3929,GO_GOAL
22.68,1.0967,0.7309,0.6207,0.6768,1.2891,1.1159,0.7242,0.3898,GO_GOAL
22.7,1.1003,0.7335,0.6207,0.6831,1.2952,1.1159,0.7242,0.3866,GO_GOAL
22.72,1.1039,0.736,0.6207,0.6831,1.2952,1.1338,0.737,0.3834,GO_GOAL
22.74,1.1074,0.7386,0.6207,0.6863,1.2982,1.1338,0.737,0.3803,GO_GOAL
22.76,1.111,0.7411,0.6207,0.6895,1.3013,1.1338,0.737,0.3772,GO_GOAL
22.78,1.1146,0.7437,0.6207,0.6926,1.3043,1.1338,0.737,0.3741,GO_GOAL
22.8,1.1182,0.7463,0.6207,0.6958,1.3074,1.1338,0.737,0.371,GO_GOAL
22.82,1.1218,0.7488,0.6207,0.699,1.3104,1.1481,0.7473,0.3679,GO_GOAL
22.84,1.1253,0.7514,0.6207,0.7022,1.3135,1.1481,0.7473,0.3648,GO_GOAL
22.86,1.1289,0.7539,0.6207,0.7054,1.3165,1.1481,0.7473,0.3617,GO_GOAL
22.88,1.1325,0.7565,0.6207,0.7085,1.3195,1.1481,0.7473,0.3587,GO_GOAL
22.9,1.1361,0.759,0.6207,0.7117,1.3226,1.166,0.7601,0.3557,GO_GOAL
22.92,1.1397,0.7616,0.6207,0.7149,1.3256,1.166,0.7601,0.3527,GO_GOAL
22.94,1.1432,0.7642,0.6207,0.7181,1.3287,1.166,0.7601,0.3497,GO_GOAL
22.96,1.1468,0.7667,0.6207,0.7213,1.3317,1.166,0.7601,0.3467,GO_GOAL
22.98,1.1504,0.7693,0.6207,0.7276,1.3378,1.166,0.7601,0.3437,GO_GOAL
23.0,1.154,0.7718,0.6207,0.7276,1.3378,1.166,0.7601,0.3408,GO_GOAL
23.02,1.1576,0.7744,0.6207,0.7308,1.3408,1.1839,0.7729,0.3378,GO_GOAL
23.04,1.1611,0.777,0.6207,0.734,1.3439,1.1839,0.7729,0.3349,GO_GOAL
23.06,1.1647,0.7795,0.6207,0.7371,1.3469,1.1839,0.7729,0.332,GO_GOAL
23.08,1.1683,0.7821,0.6207,0.7435,1.353,1.1839,0.7729,0.3291,GO_GOAL
23.1,1.1719,0.7846,0.6207,0.7435,1.353,1.1839,0.7729,0.3263,GO_GOAL
23.122,1.1754,0.7872,0.6207,0.7467,1.356,1.2018,0.7857,0.3234,GO_GOAL
23.14,1.179,0.7898,0.6207,0.7499,1.3591,1.2018,0.7857,0.3206,GO_GOAL
23.16,1.1826,0.7923,0.6207,0.753,1.3621,1.2018,0.7857,0.3178,GO_GOAL
23.18,1.1862,0.7949,0.6207,0.7562,1.3652,1.2018,0.7857,0.315,GO_GOAL
23.2,1.1898,0.7974,0.6207,0.7594,1.3682,1.2018,0.7857,0.3122,GO_GOAL
23.22,1.1933,0.8,0.6206,0.7626,1.3713,1.2197,0.7985,0.3095,GO_GOAL
23.24,1.1969,0.8025,0.6206,0.7658,1.3743,1.2197,0.7985,0.3067,GO_GOAL
23.26,1.2005,0.8051,0.6206,0.7689,1.3773,1.2197,0.7985,0.304,GO_GOAL
23.28,1.2041,0.8077,0.6206,0.7721,1.3804,1.2197,0.7985,0.3013,GO_GOAL
23.3,1.2077,0.8102,0.6206,0.7753,1.3834,1.2197,0.7985,0.2987,GO_GOAL
23.32,1.2112,0.8128,0.6206,0.7785,1.3865,1.2376,0.8113,0.296,GO_GOAL
23.34,1.2148,0.8153,0.6206,0.7817,1.3895,1.2376,0.8113,0.2934,GO_GOAL
23.36,1.2184,0.8179,0.6206,0.788,1.3956,1.2376,0.8113,0.2908,GO_GOAL
23.38,1.222,0.8205,0.6206,0.7912,1.3986,1.2376,0.8113,0.2882,GO_GOAL
23.4,1.2256,0.823,0.6206,0.7912,1.3986,1.2376,0.8113,0.2856,GO_GOAL
23.42,1.2291,0.8256,0.6206,0.7944,1.4017,1.2555,0.8241,0.283,GO_GOAL
23.44,1.2327,0.8281,0.6206,0.7975,1.4047,1.2555,0.8241,0.2805,GO_GOAL
23.46,1.2363,0.8307,0.6206,0.8007,1.4078,1.2555,0.8241,0.278,GO_GOAL
23.48,1.2399,0.8333,0.6206,0.8039,1.4108,1.2555,0.8241,0.2755,GO_GOAL
23.5,1.2435,0.8358,0.6206,0.8071,1.4139,1.2555,0.8241,0.2731,GO_GOAL
23.52,1.247,0.8384,0.6206,0.8103,1.4169,1.2734,0.8369,0.2706,GO_GOAL
23.54,1.2506,0.8409,0.6206,0.8134,1.4199,1.2734,0.8369,0.2682,GO_GOAL
23.56,1.2542,0.8435,0.6206,0.8166,1.423,1.2734,0.8369,0.2658,GO_GOAL
23.58,1.2578,0.8461,0.6206,0.823,1.4291,1.2734,0.8369,0.2634,GO_GOAL
23.6,1.2614,0.8486,0.6206,0.823,1.4291,1.2734,0.8369,0.2611,GO_GOAL
23.62,1.2649,0.8512,0.6206,0.8262,1.4321,1.2913,0.8496,0.2588,GO_GOAL
23.64,1.2685,0.8537,0.6206,0.8293,1.4352,1.2913,0.8496,0.2565,GO_GOAL
23.66,1.2721,0.8563,0.6206,0.8325,1.4382,1.2913,0.8496,0.2542,GO_GOAL
23.68,1.2757,0.8588,0.6206,0.8357,1.4412,1.2913,0.8496,0.252,GO_GOAL
23.7,1.2793,0.8614,0.6206,0.842,1.4473,1.2913,0.8496,0.2497,GO_GOAL
23.72,1.2828,0.864,0.6206,0.842,1.4473,1.3092,0.8624,0.2475,GO_GOAL
23.74,1.2864,0.8665,0.6206,0.8452,1.4504,1.3092,0.8624,0.2454,GO_GOAL
23.76,1.29,0.8691,0.6206,0.8484,1.4534,1.3092,0.8624,0.2432,GO_GOAL
23.78,1.2936,0.8716,0.6206,0.8516,1.4564,1.3092,0.8624,0.2411,GO_GOAL
23.8,1.2971,0.8742,0.6206,0.8548,1.4595,1.3092,0.8624,0.239,GO_GOAL
23.82,1.3007,0.8768,0.6206,0.8579,1.4625,1.3271,0.8752,0.237,GO_GOAL
23.84,1.3043,0.8793,0.6206,0.8643,1.4686,1.3271,0.8752,0.2349,GO_GOAL
23.86,1.3079,0.8819,0.6206,0.8643,1.4686,1.3271,0.8752,0.2329,GO_GOAL
23.88,1.3115,0.8844,0.6207,0.8675,1.4717,1.3271,0.8752,0.231,GO_GOAL
23.9,1.315,0.887,0.6207,0.8738,1.4777,1.3449,0.888,0.229,GO_GOAL
23.92,1.3186,0.8896,0.6207,0.877,1.4808,1.3449,0.888,0.2271,GO_GOAL
23.94,1.3222,0.8921,0.6207,0.877,1.4808,1.3449,0.888,0.2252,GO_GOAL
23.96,1.3258,0.8947,0.6207,0.8802,1.4838,1.3449,0.888,0.2234,GO_GOAL
23.98,1.3294,0.8972,0.6207,0.8834,1.4869,1.3449,0.888,0.2215,GO_GOAL
24.0,1.3329,0.8998,0.6207,0.8865,1.4899,1.3449,0.888,0.2197,GO_GOAL
24.02,1.3365,0.9023,0.6207,0.8897,1.493,1.3628,0.9008,0.218,GO_GOAL
24.04,1.3401,0.9049,0.6207,0.8929,1.496,1.3628,0.9008,0.2162,GO_GOAL
24.06,1.3437,0.9075,0.6207,0.8961,1.499,1.3628,0.9008,0.2145,GO_GOAL
24.08,1.3473,0.91,0.6207,0.8993,1.5021,1.3628,0.9008,0.2128,GO_GOAL
24.1,1.3508,0.9126,0.6207,0.9024,1.5051,1.3628,0.9008,0.2112,GO_GOAL
24.12,1.3544,0.9151,0.6207,0.9056,1.5082,1.3807,0.9136,0.2096,GO_GOAL
24.14,1.358,0.9177,0.6207,0.9088,1.5112,1.3807,0.9136,0.208,GO_GOAL
24.16,1.3616,0.9203,0.6207,0.912,1.5143,1.3807,0.9136,0.2065,GO_GOAL
24.18,1.3652,0.9228,0.6207,0.9152,1.5173,1.3807,0.9136,0.2049,GO_GOAL
24.2,1.3687,0.9254,0.6207,0.9183,1.5203,1.3807,0.9136,0.2035,GO_GOAL
24.22,1.3723,0.9279,0.6207,0.9215,1.5234,1.3986,0.9264,0.202,GO_GOAL
24.24,1.3759,0.9305,0.6207,0.9247,1.5264,1.3986,0.9264,0.2006,GO_GOAL
24.26,1.3795,0.9331,0.6207,0.9279,1.5295,1.3986,0.9264,0.1992,GO_GOAL
24.28,1.3831,0.9356,0.6207,0.931,1.5325,1.3986,0.9264,0.1979,GO_GOAL
24.3,1.3866,0.9382,0.6206,0.9342,1.5355,1.3986,0.9264,0.1966,GO_GOAL
24.32,1.3902,0.9407,0.6206,0.9374,1.5386,1.4165,0.9392,0.1953,GO_GOAL
24.34,1.3938,0.9433,0.6206,0.9406,1.5416,1.4165,0.9392,0.1941,GO_GOAL
24.36,1.3974,0.9458,0.6206,0.9438,1.5447,1.4165,0.9392,0.1929,GO_GOAL
24.38,1.4009,0.9484,0.6206,0.9469,1.5477,1.4165,0.9392,0.1917,GO_GOAL
24.4,1.4045,0.951,0.6206,0.9501,1.5508,1.4165,0.9392,0.1906,GO_GOAL
24.42,1.4081,0.9535,0.6206,0.9533,1.5538,1.4344,0.952,0.1895,GO_GOAL
24.44,1.4117,0.9561,0.6206,0.9565,1.5568,1.4344,0.952,0.1884,GO_GOAL
24.46,1.4153,0.9586,0.6206,0.9597,1.5599,1.4344,0.952,0.1874,GO_GOAL
24.48,1.4188,0.9612,0.6206,0.9628,1.5629,1.4344,0.952,0.1864,GO_GOAL
24.5,1.4224,0.9638,0.6206,0.966,1.566,1.4344,0.952,0.1854,GO_GOAL
24.52,1.426,0.9663,0.6206,0.9692,1.569,1.4523,0.9648,0.1845,GO_GOAL
24.54,1.4296,0.9689,0.6206,0.9756,1.5751,1.4523,0.9648,0.1837,GO_GOAL
24.56,1.4332,0.9714,0.6206,0.9756,1.5751,1.4523,0.9648,0.1828,GO_GOAL
24.58,1.4367,0.974,0.6206,0.9819,1.5812,1.4523,0.9648,0.182,GO_GOAL
24.6,1.4403,0.9766,0.6206,0.9819,1.5812,1.4523,0.9648,0.1813,GO_GOAL
24.62,1.4439,0.9791,0.6206,0.9851,1.5842,1.4702,0.9776,0.1805,GO_GOAL
24.64,1.4475,0.9817,0.6206,0.9883,1.5873,1.4702,0.9776,0.1799,GO_GOAL
24.66,1.4511,0.9842,0.6206,0.9914,1.5903,1.4702,0.9776,0.1792,GO_GOAL
24.68,1.4546,0.9868,0.6206,0.9946,1.5934,1.4702,0.9776,0.1786,GO_GOAL
24.7,1.4582,0.9893,0.6206,0.9978,1.5964,1.4702,0.9776,0.178,GO_GOAL
24.72,1.4618,0.9919,0.6206,1.001,1.5994,1.4881,0.9904,0.1775,GO_GOAL
24.74,1.4654,0.9945,0.6206,1.0042,1.6025,1.4881,0.9904,0.177,GO_GOAL
24.76,1.469,0.997,0.6206,1.0073,1.6055,1.4881,0.9904,0.1766,GO_GOAL
24.78,1.4725,0.9996,0.6206,1.0105,1.6086,1.4881,0.9904,0.1762,GO_GOAL
24.8,1.4761,1.0021,0.6206,1.0137,1.6116,1.506,1.0032,0.1758,GO_GOAL
24.82,1.4797,1.0047,0.6206,1.0201,1.6177,1.506,1.0032,0.1755,GO_GOAL
24.84,1.4833,1.0073,0.6206,1.0201,1.6177,1.506,1.0032,0.1752,GO_GOAL
24.86,1.4869,1.0098,0.6206,1.0232,1.6207,1.506,1.0032,0.1749,GO_GOAL
24.88,1.4904,1.0124,0.6206,1.0264,1.6238,1.506,1.0032,0.1747,GO_GOAL
24.9,1.494,1.0149,0.6206,1.0328,1.6299,1.5239,1.016,0.1745,GO_GOAL
24.92,1.4976,1.0175,0.6206,1.0328,1.6299,1.5239,1.016,0.1744,GO_GOAL
24.94,1.5012,1.0201,0.6206,1.0359,1.6329,1.5239,1.016,0.1743,GO_GOAL
24.96,1.5048,1.0226,0.6206,1.0391,1.6359,1.5239,1.016,0.1742,GO_GOAL
24.98,1.5083,1.0252,0.6206,1.0423,1.639,1.5239,1.016,0.1742,GO_GOAL
25.0,1.5119,1.0277,0.6206,1.0455,1.642,1.5239,1.016,0.1743,GO_GOAL
25.02,1.5155,1.0303,0.6206,1.0518,1.6481,1.5418,1.0288,0.1743,GO_GOAL
25.04,1.5191,1.0329,0.6206,1.0518,1.6481,1.5418,1.0288,0.1744,GO_GOAL
25.06,1.5226,1.0354,0.6206,1.0582,1.6542,1.5418,1.0288,0.1746,GO_GOAL
25.08,1.5262,1.038,0.6206,1.0582,1.6542,1.5418,1.0288,0.1748,GO_GOAL
25.1,1.5298,1.0405,0.6206,1.0614,1.6572,1.5418,1.0288,0.175,GO_GOAL
25.12,1.5334,1.0431,0.6206,1.0646,1.6603,1.5597,1.0416,0.1753,GO_GOAL
25.14,1.537,1.0456,0.6206,1.0709,1.6664,1.5597,1.0416,0.1756,GO_GOAL
25.16,1.5405,1.0482,0.6206,1.0741,1.6694,1.5597,1.0416,0.1759,GO_GOAL
25.18,1.5441,1.0508,0.6206,1.0773,1.6725,1.5597,1.0416,0.1763,GO_GOAL
25.2,1.5477,1.0533,0.6206,1.0773,1.6725,1.5597,1.0416,0.1767,GO_GOAL
25.22,1.5513,1.0559,0.6206,1.0804,1.6755,1.5776,1.0544,0.1772,GO_GOAL
25.24,1.5549,1.0584,0.6206,1.0836,1.6785,1.5776,1.0544,0.1777,GO_GOAL
25.26,1.5584,1.061,0.6206,1.0868,1.6816,1.5776,1.0544,0.1782,GO_GOAL
25.28,1.562,1.0636,0.6206,1.09,1.6846,1.5776,1.0544,0.1788,GO_GOAL
25.3,1.5656,1.0661,0.6206,1.0932,1.6877,1.5776,1.0544,0.1794,GO_GOAL
25.32,1.5692,1.0687,0.6206,1.0963,1.6907,1.5955,1.0672,0.1801,GO_GOAL
25.34,1.5728,1.0712,0.6206,1.0995,1.6937,1.5955,1.0672,0.1808,GO_GOAL
25.36,1.5763,1.0738,0.6206,1.1027,1.6968,1.5955,1.0672,0.1815,GO_GOAL
25.38,1.5799,1.0764,0.6206,1.1059,1.6998,1.5955,1.0672,0.1823,GO_GOAL
25.4,1.5835,1.0789,0.6206,1.1091,1.7029,1.5955,1.0672,0.1831,GO_GOAL
25.42,1.5871,1.0815,0.6206,1.1122,1.7059,1.6134,1.08,0.184,GO_GOAL
25.44,1.5907,1.084,0.6206,1.1154,1.709,1.6134,1.08,0.1849,GO_GOAL
25.46,1.5942,1.0866,0.6206,1.1186,1.712,1.6134,1.08,0.1858,GO_GOAL
25.48,1.5978,1.0891,0.6206,1.1218,1.715,1.6134,1.08,0.1868,GO_GOAL
25.5,1.6014,1.0917,0.6206,1.125,1.7181,1.6134,1.08,0.1878,GO_GOAL
25.52,1.605,1.0943,0.6206,1.1281,1.7211,1.6313,1.0928,0.1888,GO_GOAL
25.54,1.6086,1.0968,0.6206,1.1313,1.7242,1.6313,1.0928,0.1899,GO_GOAL
25.56,1.6121,1.0994,0.6206,1.1377,1.7303,1.6313,1.0928,0.191,GO_GOAL
25.58,1.6157,1.1019,0.6206,1.1377,1.7303,1.6313,1.0928,0.1921,GO_GOAL
25.6,1.6193,1.1045,0.6206,1.1408,1.7333,1.6313,1.0928,0.1933,GO_GOAL
25.62,1.6229,1.1071,0.6206,1.144,1.7363,1.6492,1.1056,0.1945,GO_GOAL
25.64,1.6265,1.1096,0.6206,1.1504,1.7424,1.6492,1.1056,0.1958,GO_GOAL
25.66,1.63,1.1122,0.6206,1.1536,1.7455,1.6492,1.1056,0.1971,GO_GOAL
25.68,1.6336,1.1147,0.6206,1.1536,1.7455,1.6492,1.1056,0.1984,GO_GOAL
25.7,1.6372,1.1173,0.6206,1.1567,1.7485,1.6492,1.1056,0.1997,GO_GOAL
25.72,1.6408,1.1199,0.6206,1.1599,1.7516,1.6706,1.1209,0.2011,GO_GOAL
25.74,1.6443,1.1224,0.6206,1.1663,1.7576,1.6706,1.1209,0.2026,GO_GOAL
25.76,1.6479,1.125,0.6206,1.1663,1.7576,1.6706,1.1209,0.204,GO_GOAL
25.78,1.6515,1.1275,0.6206,1.1695,1.7607,1.6706,1.1209,0.2055,GO_GOAL
25.8,1.6551,1.1301,0.6206,1.1726,1.7637,1.685,1.1312,0.207,GO_GOAL
25.82,1.6587,1.1326,0.6206,1.1758,1.7668,1.685,1.1312,0.2086,GO_GOAL
25.84,1.6622,1.1352,0.6206,1.179,1.7698,1.685,1.1312,0.2102,GO_GOAL
25.86,1.6658,1.1378,0.6206,1.1822,1.7728,1.685,1.1312,0.2118,GO_GOAL
25.88,1.6694,1.1403,0.6206,1.1885,1.7789,1.685,1.1312,0.2135,GO_GOAL
25.9,1.673,1.1429,0.6206,1.1885,1.7789,1.685,1.1312,0.2152,GO_GOAL
25.92,1.6766,1.1454,0.6206,1.1949,1.785,1.7029,1.144,0.2169,GO_GOAL
25.94,1.6801,1.148,0.6206,1.1949,1.785,1.7029,1.144,0.2186,GO_GOAL
25.96,1.6837,1.1506,0.6206,1.2012,1.7911,1.7029,1.144,0.2204,GO_GOAL
25.98,1.6873,1.1531,0.6206,1.2012,1.7911,1.7029,1.144,0.2222,GO_GOAL
26.0,1.6909,1.1557,0.6206,1.2044,1.7941,1.7029,1.144,0.2241,GO_GOAL
26.02,1.6945,1.1582,0.6206,1.2108,1.8002,1.7243,1.1593,0.2259,GO_GOAL
26.04,1.698,1.1608,0.6206,1.2108,1.8002,1.7243,1.1593,0.2278,GO_GOAL
26.06,1.7016,1.1634,0.6206,1.214,1.8033,1.7243,1.1593,0.2298,GO_GOAL
26.08,1.7052,1.1659,0.6206,1.2171,1.8063,1.7243,1.1593,0.2317,GO_GOAL
26.1,1.7088,1.1685,0.6206,1.2203,1.8094,1.7243,1.1593,0.2337,GO_GOAL
26.12,1.7124,1.171,0.6206,1.2235,1.8124,1.7386,1.1696,0.2357,GO_GOAL
26.14,1.7159,1.1736,0.6206,1.2267,1.8154,1.7386,1.1696,0.2378,GO_GOAL
26.16,1.7195,1.1761,0.6206,1.233,1.8215,1.7386,1.1696,0.2398,GO_GOAL
26.18,1.7231,1.1787,0.6206,1.233,1.8215,1.7386,1.1696,0.2419,GO_GOAL
26.2,1.7267,1.1813,0.6206,1.2394,1.8276,1.7565,1.1824,0.2441,GO_GOAL
26.22,1.7303,1.1838,0.6206,1.2426,1.8307,1.7565,1.1824,0.2462,GO_GOAL
26.24,1.7338,1.1864,0.6206,1.2457,1.8337,1.7565,1.1824,0.2484,GO_GOAL
26.26,1.7374,1.1889,0.6206,1.2457,1.8337,1.7565,1.1824,0.2506,GO_GOAL
26.28,1.741,1.1915,0.6206,1.2489,1.8367,1.7565,1.1824,0.2528,GO_GOAL
26.3,1.7446,1.1941,0.6206,1.2521,1.8398,1.7565,1.1824,0.2551,GO_GOAL
26.32,1.7482,1.1966,0.6206,1.2553,1.8428,1.7744,1.1952,0.2574,GO_GOAL
26.34,1.7517,1.1992,0.6206,1.2585,1.8459,1.7744,1.1952,0.2597,GO_GOAL
26.36,1.7553,1.2017,0.6206,1.2616,1.8489,1.7744,1.1952,0.262,GO_GOAL
26.38,1.7589,1.2043,0.6206,1.2648,1.8519,1.7744,1.1952,0.2643,GO_GOAL
26.4,1.7625,1.2069,0.6206,1.268,1.855,1.7744,1.1952,0.2667,GO_GOAL
26.42,1.7661,1.2094,0.6206,1.2712,1.858,1.7923,1.2079,0.2691,GO_GOAL
26.44,1.7696,1.212,0.6206,1.2775,1.8641,1.7923,1.2079,0.2715,GO_GOAL
26.46,1.7732,1.2145,0.6206,1.2775,1.8641,1.7923,1.2079,0.274,GO_GOAL
26.48,1.7768,1.2171,0.6206,1.2807,1.8672,1.7923,1.2079,0.2765,GO_GOAL
26.5,1.7804,1.2196,0.6206,1.2839,1.8702,1.7923,1.2079,0.279,GO_GOAL
26.52,1.7839,1.2222,0.6206,1.2871,1.8732,1.8102,1.2207,0.2815,GO_GOAL
26.54,1.7875,1.2248,0.6206,1.2902,1.8763,1.8102,1.2207,0.284,GO_GOAL
26.56,1.7911,1.2273,0.6206,1.2934,1.8793,1.8102,1.2207,0.2866,GO_GOAL
26.58,1.7947,1.2299,0.6206,1.2998,1.8854,1.8102,1.2207,0.2892,GO_GOAL
26.6,1.7983,1.2324,0.6206,1.2998,1.8854,1.8102,1.2207,0.2918,GO_GOAL
26.62,1.8018,1.235,0.6206,1.303,1.8885,1.8281,1.2335,0.2944,GO_GOAL
26.64,1.8054,1.2376,0.6206,1.3061,1.8915,1.8281,1.2335,0.297,GO_GOAL
26.66,1.809,1.2401,0.6206,1.3093,1.8945,1.8281,1.2335,0.2997,GO_GOAL
26.68,1.8126,1.2427,0.6206,1.3125,1.8976,1.8281,1.2335,0.3024,GO_GOAL
26.7,1.8162,1.2452,0.6206,1.3157,1.9006,1.8281,1.2335,0.3051,GO_GOAL
26.72,1.8197,1.2478,0.6206,1.3189,1.9037,1.846,1.2463,0.3078,GO_GOAL
26.74,1.8233,1.2504,0.6206,1.3252,1.9098,1.846,1.2463,0.3105,GO_GOAL
26.76,1.8269,1.2529,0.6206,1.3252,1.9098,1.846,1.2463,0.3133,GO_GOAL
26.78,1.8305,1.2555,0.6206,1.3316,1.9158,1.846,1.2463,0.3161,GO_GOAL
26.8,1.8341,1.258,0.6206,1.3316,1.9158,1.846,1.2463,0.3189,GO_GOAL
26.82,1.8376,1.2606,0.6206,1.3347,1.9189,1.8639,1.2591,0.3217,GO_GOAL
26.84,1.8412,1.2631,0.6206,1.3379,1.9219,1.8639,1.2591,0.3245,GO_GOAL
26.86,1.8448,1.2657,0.6206,1.3411,1.925,1.8639,1.2591,0.3274,GO_GOAL
26.88,1.8484,1.2683,0.6206,1.3443,1.928,1.8639,1.2591,0.3302,GO_GOAL
26.9,1.852,1.2708,0.6206,1.3475,1.931,1.8818,1.2719,0.3331,GO_GOAL
26.92,1.8555,1.2734,0.6206,1.3506,1.9341,1.8818,1.2719,0.336,GO_GOAL
26.94,1.8591,1.2759,0.6206,1.3538,1.9371,1.8818,1.2719,0.339,GO_GOAL
26.96,1.8627,1.2785,0.6206,1.357,1.9402,1.8818,1.2719,0.3419,GO_GOAL
26.98,1.8663,1.2811,0.6206,1.3602,1.9432,1.8818,1.2719,0.3449,GO_GOAL
27.0,1.8699,1.2836,0.6206,1.3634,1.9463,1.8818,1.2719,0.3478,GO_GOAL
27.02,1.8734,1.2862,0.6206,1.3697,1.9523,1.8997,1.2847,0.3508,GO_GOAL
27.04,1.877,1.2887,0.6206,1.3697,1.9523,1.8997,1.2847,0.3538,GO_GOAL
27.06,1.8806,1.2913,0.6206,1.3729,1.9554,1.8997,1.2847,0.3568,GO_GOAL
27.08,1.8842,1.2939,0.6206,1.3761,1.9584,1.8997,1.2847,0.3599,GO_GOAL
27.1,1.8878,1.2964,0.6206,1.3792,1.9615,1.8997,1.2847,0.3629,GO_GOAL
27.12,1.8913,1.299,0.6206,1.3856,1.9676,1.9176,1.2975,0.366,GO_GOAL
27.14,1.8949,1.3015,0.6206,1.3856,1.9676,1.9176,1.2975,0.369,GO_GOAL
27.16,1.8985,1.3041,0.6206,1.3888,1.9706,1.9176,1.2975,0.3721,GO_GOAL
27.18,1.9021,1.3066,0.6206,1.392,1.9736,1.9176,1.2975,0.3752,GO_GOAL
27.2,1.9056,1.3092,0.6206,1.3951,1.9767,1.9176,1.2975,0.3784,GO_GOAL
27.22,1.9092,1.3118,0.6206,1.3983,1.9797,1.9355,1.3103,0.3815,GO_GOAL
27.24,1.9128,1.3143,0.6206,1.4047,1.9858,1.9355,1.3103,0.3846,GO_GOAL
27.26,1.9164,1.3169,0.6206,1.4079,1.9889,1.9355,1.3103,0.3878,GO_GOAL
27.28,1.92,1.3194,0.6206,1.4079,1.9889,1.9355,1.3103,0.391,GO_GOAL
27.3,1.9235,1.322,0.6206,1.411,1.9919,1.9355,1.3103,0.3942,GO_GOAL
27.32,1.9271,1.3246,0.6206,1.4174,1.998,1.9534,1.3231,0.3974,GO_GOAL
27.34,1.9307,1.3271,0.6206,1.4174,1.998,1.9534,1.3231,0.4006,GO_GOAL
27.36,1.9343,1.3297,0.6206,1.4206,2.001,1.9534,1.3231,0.4038,GO_GOAL
27.38,1.9379,1.3322,0.6206,1.4238,2.0041,1.9534,1.3231,0.4071,GO_GOAL
27.4,1.9414,1.3348,0.6206,1.4301,2.0102,1.9534,1.3231,0.4103,GO_GOAL
27.42,1.945,1.3374,0.6206,1.4301,2.0102,1.9713,1.3359,0.4136,GO_GOAL
27.44,1.9486,1.3399,0.6206,1.4333,2.0132,1.9713,1.3359,0.4168,GO_GOAL
27.46,1.9522,1.3425,0.6206,1.4365,2.0162,1.9713,1.3359,0.4201,GO_GOAL
27.48,1.9558,1.345,0.6206,1.4396,2.0193,1.9713,1.3359,0.4234,GO_GOAL
27.5,1.9593,1.3476,0.6206,1.4428,2.0223,1.9713,1.3359,0.4267,GO_GOAL
27.52,1.9629,1.3501,0.6206,1.446,2.0254,1.9892,1.3487,0.4301,GO_GOAL
27.54,1.9665,1.3527,0.6206,1.4492,2.0284,1.9892,1.3487,0.4334,GO_GOAL
27.56,1.9701,1.3553,0.6206,1.4524,2.0314,1.9892,1.3487,0.4367,GO_GOAL
27.58,1.9737,1.3578,0.6206,1.4587,2.0375,1.9892,1.3487,0.4401,GO_GOAL
27.6,1.9772,1.3604,0.6206,1.4587,2.0375,1.9892,1.3487,0.4435,GO_GOAL
27.62,1.9808,1.3629,0.6206,1.4619,2.0406,2.0071,1.3615,0.4468,GO_GOAL
27.64,1.9844,1.3655,0.6206,1.4683,2.0467,2.0071,1.3615,0.4502,GO_GOAL
27.66,1.988,1.3681,0.6206,1.4683,2.0467,2.0071,1.3615,0.4536,GO_GOAL
27.68,1.9916,1.3706,0.6206,1.4714,2.0497,2.0071,1.3615,0.457,GO_GOAL
27.7,1.9951,1.3732,0.6206,1.4746,2.0527,2.025,1.3743,0.4604,GO_GOAL
27.72,1.9987,1.3757,0.6206,1.4778,2.0558,2.025,1.3743,0.4639,GO_GOAL
27.74,2.0023,1.3783,0.6206,1.481,2.0588,2.025,1.3743,0.4673,GO_GOAL
27.76,2.0059,1.3809,0.6206,1.4841,2.0619,2.025,1.3743,0.4708,GO_GOAL
27.78,2.0095,1.3834,0.6206,1.4873,2.0649,2.025,1.3743,0.4742,GO_GOAL
27.8,2.013,1.386,0.6206,1.4905,2.068,2.025,1.3743,0.4777,GO_GOAL
27.82,2.0166,1.3885,0.6206,1.4937,2.071,2.0429,1.3871,0.4811,GO_GOAL
27.84,2.0202,1.3911,0.6206,1.4969,2.074,2.0429,1.3871,0.4846,GO_GOAL
27.86,2.0238,1.3936,0.6206,1.5032,2.0801,2.0429,1.3871,0.4881,GO_GOAL
27.88,2.0273,1.3962,0.6206,1.5032,2.0801,2.0429,1.3871,0.4916,GO_GOAL
27.9,2.0309,1.3988,0.6206,1.5064,2.0832,2.0429,1.3871,0.4951,GO_GOAL
27.92,2.0345,1.4013,0.6206,1.5096,2.0862,2.0608,1.3999,0.4987,GO_GOAL
27.94,2.0381,1.4039,0.6206,1.5128,2.0893,2.0608,1.3999,0.5022,GO_GOAL
27.96,2.0417,1.4064,0.6206,1.5159,2.0923,2.0608,1.3999,0.5057,GO_GOAL
27.98,2.0452,1.409,0.6206,1.5191,2.0953,2.0608,1.3999,0.5093,GO_GOAL
28.0,2.0488,1.4116,0.6206,1.5223,2.0984,2.0608,1.3999,0.5128,GO_GOAL
28.02,2.0524,1.4141,0.6206,1.5255,2.1014,2.0787,1.4127,0.5164,GO_GOAL
28.04,2.056,1.4167,0.6206,1.5286,2.1045,2.0787,1.4127,0.52,GO_GOAL
28.06,2.0596,1.4192,0.6206,1.5318,2.1075,2.0787,1.4127,0.5235,GO_GOAL
28.08,2.0631,1.4218,0.6206,1.535,2.1105,2.0787,1.4127,0.5271,GO_GOAL
28.1,2.0667,1.4244,0.6206,1.5382,2.1136,2.0787,1.4127,0.5307,GO_GOAL
28.12,2.0703,1.4269,0.6206,1.5445,2.1197,2.0966,1.4255,0.5343,GO_GOAL
28.14,2.0739,1.4295,0.6206,1.5445,2.1197,2.0966,1.4255,0.5379,GO_GOAL
28.16,2.0775,1.432,0.6206,1.5509,2.1258,2.0966,1.4255,0.5415,GO_GOAL
28.18,2.081,1.4346,0.6206,1.5509,2.1258,2.0966,1.4255,0.5452,GO_GOAL
28.2,2.0846,1.4371,0.6206,1.5541,2.1288,2.0966,1.4255,0.5488,GO_GOAL
28.22,2.0882,1.4397,0.6206,1.5573,2.1318,2.118,1.4408,0.5524,GO_GOAL
28.24,2.0918,1.4423,0.6206,1.5604,2.1349,2.118,1.4408,0.5561,GO_GOAL
28.26,2.0954,1.4448,0.6206,1.5636,2.1379,2.118,1.4408,0.5597,GO_GOAL
28.28,2.0989,1.4474,0.6206,1.5668,2.141,2.118,1.4408,0.5634,GO_GOAL
28.3,2.1025,1.4499,0.6206,1.57,2.144,2.118,1.4408,0.567,GO_GOAL
28.32,2.1061,1.4525,0.6206,1.5732,2.1471,2.1324,1.4511,0.5707,GO_GOAL
28.34,2.1097,1.4551,0.6206,1.5763,2.1501,2.1324,1.4511,0.5744,GO_GOAL
28.36,2.1133,1.4576,0.6206,1.5795,2.1531,2.1324,1.4511,0.5781,GO_GOAL
28.38,2.1168,1.4602,0.6206,1.5827,2.1562,2.1324,1.4511,0.5818,GO_GOAL
28.4,2.1204,1.4627,0.6206,1.5859,2.1592,2.1324,1.4511,0.5855,GO_GOAL
28.42,2.124,1.4653,0.6206,1.5922,2.1653,2.1502,1.4639,0.5892,GO_GOAL
28.44,2.1276,1.4679,0.6206,1.5922,2.1653,2.1502,1.4639,0.5929,GO_GOAL
28.46,2.1312,1.4704,0.6206,1.5954,2.1683,2.1502,1.4639,0.5966,GO_GOAL
28.48,2.1347,1.473,0.6206,1.5986,2.1714,2.1502,1.4639,0.6003,GO_GOAL
28.5,2.1383,1.4755,0.6206,1.6018,2.1744,2.1502,1.4639,0.6041,GO_GOAL
28.52,2.1419,1.4781,0.6206,1.6049,2.1775,2.1681,1.4767,0.6078,GO_GOAL
28.54,2.1455,1.4806,0.6206,1.6081,2.1805,2.1681,1.4767,0.6115,GO_GOAL
28.56,2.149,1.4832,0.6206,1.6145,2.1866,2.1681,1.4767,0.6153,GO_GOAL
28.58,2.1526,1.4858,0.6206,1.6145,2.1866,2.1681,1.4767,0.619,GO_GOAL
28.6,2.1562,1.4883,0.6206,1.6177,2.1896,2.1681,1.4767,0.6228,GO_GOAL
28.62,2.1598,1.4909,0.6206,1.624,2.1957,2.186,1.4895,0.6265,GO_GOAL
28.64,2.1634,1.4934,0.6206,1.6272,2.1988,2.186,1.4895,0.6303,GO_GOAL
28.66,2.1669,1.496,0.6206,1.6272,2.1988,2.186,1.4895,0.6341,GO_GOAL
28.68,2.1705,1.4986,0.6206,1.6304,2.2018,2.186,1.4895,0.6379,GO_GOAL
28.7,2.1741,1.5011,0.6206,1.6335,2.2049,2.2039,1.5023,0.6417,GO_GOAL
28.72,2.1777,1.5037,0.6206,1.6367,2.2079,2.2039,1.5023,0.6454,GO_GOAL
28.74,2.1813,1.5062,0.6206,1.6431,2.214,2.2039,1.5023,0.6492,GO_GOAL
28.76,2.1848,1.5088,0.6206,1.6463,2.217,2.2039,1.5023,0.653,GO_GOAL
28.78,2.1884,1.5114,0.6206,1.6494,2.2201,2.2039,1.5023,0.6568,GO_GOAL
28.8,2.192,1.5139,0.6206,1.6494,2.2201,2.2039,1.5023,0.6607,GO_GOAL
28.82,2.1956,1.5165,0.6206,1.6558,2.2262,2.2218,1.5151,0.6645,GO_GOAL
28.84,2.1992,1.519,0.6206,1.659,2.2292,2.2218,1.5151,0.6683,GO_GOAL
28.86,2.2027,1.5216,0.6206,1.659,2.2292,2.2218,1.5151,0.6721,GO_GOAL
28.88,2.2063,1.5241,0.6206,1.6622,2.2322,2.2218,1.5151,0.676,GO_GOAL
28.9,2.2099,1.5267,0.6206,1.6653,2.2353,2.2218,1.5151,0.6798,GO_GOAL
28.92,2.2135,1.5293,0.6206,1.6685,2.2383,2.2397,1.5279,0.6836,GO_GOAL
28.94,2.2171,1.5318,0.6206,1.6749,2.2444,2.2397,1.5279,0.6875,GO_GOAL
28.96,2.2206,1.5344,0.6206,1.6749,2.2444,2.2397,1.5279,0.6913,GO_GOAL
28.98,2.2242,1.5369,0.6206,1.6781,2.2474,2.2397,1.5279,0.6952,GO_GOAL
29.0,2.2278,1.5395,0.6206,1.6812,2.2505,2.2397,1.5279,0.699,GO_GOAL
29.02,2.2314,1.5421,0.6206,1.6844,2.2535,2.2576,1.5407,0.7029,GO_GOAL
29.04,2.235,1.5446,0.6206,1.6876,2.2566,2.2576,1.5407,0.7068,GO_GOAL
29.06,2.2385,1.5472,0.6206,1.6908,2.2596,2.2576,1.5407,0.7106,GO_GOAL
29.08,2.2421,1.5497,0.6206,1.6971,2.2657,2.2576,1.5407,0.7145,GO_GOAL
29.1,2.2457,1.5523,0.6206,1.6971,2.2657,2.2576,1.5407,0.7184,GO_GOAL
29.12,2.2493,1.5549,0.6206,1.7003,2.2687,2.2755,1.5535,0.7223,GO_GOAL
29.14,2.2529,1.5574,0.6206,1.7035,2.2718,2.2755,1.5535,0.7262,GO_GOAL
29.16,2.2564,1.56,0.6206,1.7067,2.2748,2.2755,1.5535,0.7301,GO_GOAL
29.18,2.26,1.5625,0.6206,1.7098,2.2779,2.2755,1.5535,0.7339,GO_GOAL
29.2,2.2636,1.5651,0.6206,1.7162,2.284,2.2755,1.5535,0.7378,GO_GOAL
29.22,2.2672,1.5676,0.6206,1.7162,2.284,2.2934,1.5663,0.7418,GO_GOAL
29.24,2.2708,1.5702,0.6206,1.7226,2.29,2.2934,1.5663,0.7457,GO_GOAL
29.26,2.2743,1.5728,0.6206,1.7226,2.29,2.2934,1.5663,0.7496,GO_GOAL
29.28,2.2779,1.5753,0.6206,1.7257,2.2931,2.2934,1.5663,0.7535,GO_GOAL
29.3,2.2815,1.5779,0.6206,1.7289,2.2961,2.2934,1.5663,0.7574,GO_GOAL
29.32,2.2851,1.5804,0.6206,1.7321,2.2992,2.3113,1.579,0.7613,GO_GOAL
29.34,2.2886,1.583,0.6206,1.7353,2.3022,2.3113,1.579,0.7653,GO_GOAL
29.36,2.2922,1.5856,0.6206,1.7384,2.3053,2.3113,1.579,0.7692,GO_GOAL
29.38,2.2958,1.5881,0.6206,1.7416,2.3083,2.3113,1.579,0.7731,GO_GOAL
29.4,2.2994,1.5907,0.6206,1.7448,2.3113,2.3113,1.579,0.7771,GO_GOAL
29.42,2.303,1.5932,0.6206,1.748,2.3144,2.3292,1.5918,0.781,GO_GOAL
29.44,2.3065,1.5958,0.6206,1.7512,2.3174,2.3292,1.5918,0.7849,GO_GOAL
29.46,2.3101,1.5984,0.6206,1.7543,2.3205,2.3292,1.5918,0.7889,GO_GOAL
29.48,2.3137,1.6009,0.6206,1.7575,2.3235,2.3292,1.5918,0.7928,GO_GOAL
29.5,2.3173,1.6035,0.6206,1.7607,2.3265,2.3292,1.5918,0.7968,GO_GOAL
29.52,2.3209,1.606,0.6206,1.7639,2.3296,2.3471,1.6046,0.8008,GO_GOAL
29.54,2.3244,1.6086,0.6206,1.7702,2.3357,2.3471,1.6046,0.8,GO_GOAL
29.56,2.328,1.6111,0.6206,1.7702,2.3357,2.3471,1.6046,0.7975,GO_GOAL
29.58,2.3316,1.6137,0.6206,1.7734,2.3387,2.3471,1.6046,0.7949,GO_GOAL
29.6,2.3352,1.6163,0.6206,1.7766,2.3418,2.3471,1.6046,0.7923,GO_GOAL
29.62,2.3388,1.6188,0.6206,1.7798,2.3448,2.365,1.6174,0.7898,GO_GOAL
29.64,2.3423,1.6214,0.6206,1.7861,2.3509,2.365,1.6174,0.7872,GO_GOAL
29.66,2.3459,1.6239,0.6206,1.7861,2.3509,2.365,1.6174,0.7847,GO_GOAL
29.68,2.3495,1.6265,0.6206,1.7893,2.3539,2.365,1.6174,0.7821,GO_GOAL
29.7,2.3531,1.6291,0.6206,1.7925,2.357,2.365,1.6174,0.7795,GO_GOAL
29.72,2.3567,1.6316,0.6206,1.7957,2.36,2.3829,1.6302,0.777,GO_GOAL
29.74,2.3602,1.6342,0.6206,1.7988,2.3631,2.3829,1.6302,0.7744,GO_GOAL
29.76,2.3638,1.6367,0.6206,1.802,2.3661,2.3829,1.6302,0.7719,GO_GOAL
29.78,2.3674,1.6393,0.6206,1.8084,2.3722,2.3829,1.6302,0.7693,GO_GOAL
29.8,2.371,1.6419,0.6206,1.8084,2.3722,2.3829,1.6302,0.7668,GO_GOAL
29.82,2.3746,1.6444,0.6206,1.8116,2.3752,2.4008,1.643,0.7642,GO_GOAL
29.84,2.3781,1.647,0.6206,1.8179,2.3813,2.4008,1.643,0.7616,GO_GOAL
29.86,2.3817,1.6495,0.6206,1.8179,2.3813,2.4008,1.643,0.7591,GO_GOAL
29.88,2.3853,1.6521,0.6206,1.8243,2.3874,2.4008,1.643,0.7565,GO_GOAL
29.9,2.3889,1.6546,0.6206,1.8243,2.3874,2.4008,1.643,0.754,GO_GOAL
29.92,2.3925,1.6572,0.6206,1.8275,2.3904,2.4187,1.6558,0.7514,GO_GOAL
29.94,2.396,1.6598,0.6206,1.8306,2.3935,2.4187,1.6558,0.7488,GO_GOAL
29.96,2.3996,1.6623,0.6206,1.837,2.3996,2.4187,1.6558,0.7463,GO_GOAL
29.98,2.4032,1.6649,0.6206,1.837,2.3996,2.4187,1.6558,0.7437,GO_GOAL
30.0,2.4068,1.6674,0.6206,1.8402,2.4026,2.4187,1.6558,0.7412,GO_GOAL
30.02,2.4103,1.67,0.6206,1.8433,2.4056,2.4366,1.6686,0.7386,GO_GOAL
30.04,2.4139,1.6726,0.6206,1.8465,2.4087,2.4366,1.6686,0.736,GO_GOAL
30.06,2.4175,1.6751,0.6206,1.8497,2.4117,2.4366,1.6686,0.7335,GO_GOAL
30.08,2.4211,1.6777,0.6206,1.8529,2.4148,2.4366,1.6686,0.7309,GO_GOAL
30.1,2.4247,1.6802,0.6206,1.8561,2.4178,2.4366,1.6686,0.7284,GO_GOAL
30.12,2.4282,1.6828,0.6206,1.8592,2.4209,2.4545,1.6814,0.7258,GO_GOAL
30.14,2.4318,1.6854,0.6206,1.8624,2.4239,2.4545,1.6814,0.7233,GO_GOAL
30.16,2.4354,1.6879,0.6206,1.8656,2.4269,2.4545,1.6814,0.7207,GO_GOAL
30.18,2.439,1.6905,0.6206,1.8688,2.43,2.4545,1.6814,0.7181,GO_GOAL
30.2,2.4426,1.693,0.6206,1.872,2.433,2.4724,1.6942,0.7156,GO_GOAL
30.22,2.4461,1.6956,0.6206,1.8783,2.4391,2.4724,1.6942,0.713,GO_GOAL
30.24,2.4497,1.6981,0.6206,1.8783,2.4391,2.4724,1.6942,0.7105,GO_GOAL
30.26,2.4533,1.7007,0.6206,1.8815,2.4422,2.4724,1.6942,0.7079,GO_GOAL
30.28,2.4569,1.7033,0.6206,1.8847,2.4452,2.4724,1.6942,0.7053,GO_GOAL
30.3,2.4605,1.7058,0.6206,1.8879,2.4482,2.4724,1.6942,0.7028,GO_GOAL
30.32,2.464,1.7084,0.6206,1.891,2.4513,2.4903,1.707,0.7002,GO_GOAL
30.34,2.4676,1.7109,0.6206,1.8942,2.4543,2.4903,1.707,0.6977,GO_GOAL
30.36,2.4712,1.7135,0.6206,1.8974,2.4574,2.4903,1.707,0.6951,GO_GOAL
30.38,2.4748,1.7161,0.6206,1.9006,2.4604,2.4903,1.707,0.6926,GO_GOAL
30.4,2.4784,1.7186,0.6206,1.9037,2.4634,2.4903,1.707,0.69,GO_GOAL
30.42,2.4819,1.7212,0.6206,1.9101,2.4695,2.5117,1.7224,0.6874,GO_GOAL
30.44,2.4855,1.7237,0.6206,1.9101,2.4695,2.5117,1.7224,0.6849,GO_GOAL
30.46,2.4891,1.7263,0.6206,1.9133,2.4726,2.5117,1.7224,0.6823,GO_GOAL
30.48,2.4927,1.7289,0.6206,1.9165,2.4756,2.5117,1.7224,0.6798,GO_GOAL
30.5,2.4963,1.7314,0.6206,1.9196,2.4787,2.5117,1.7224,0.6772,GO_GOAL
30.52,2.4998,1.734,0.6206,1.9228,2.4817,2.5261,1.7326,0.6746,GO_GOAL
30.54,2.5034,1.7365,0.6206,1.926,2.4847,2.5261,1.7326,0.6721,GO_GOAL
30.56,2.507,1.7391,0.6206,1.9292,2.4878,2.5261,1.7326,0.6695,GO_GOAL
30.58,2.5106,1.7416,0.6206,1.9355,2.4939,2.5261,1.7326,0.667,GO_GOAL
30.6,2.5142,1.7442,0.6206,1.9355,2.4939,2.5261,1.7326,0.6644,GO_GOAL
30.62,2.5177,1.7468,0.6206,1.9419,2.5,2.5439,1.7454,0.6618,GO_GOAL
30.64,2.5213,1.7493,0.6206,1.9419,2.5,2.5439,1.7454,0.6593,GO_GOAL
30.66,2.5249,1.7519,0.6206,1.9451,2.503,2.5439,1.7454,0.6567,GO_GOAL
30.68,2.5285,1.7544,0.6206,1.9482,2.506,2.5439,1.7454,0.6542,GO_GOAL
30.7,2.5321,1.757,0.6206,1.9514,2.5091,2.5439,1.7454,0.6516,GO_GOAL
30.72,2.5356,1.7596,0.6206,1.9546,2.5121,2.5618,1.7582,0.6491,GO_GOAL
30.74,2.5392,1.7621,0.6206,1.9578,2.5152,2.5618,1.7582,0.6465,GO_GOAL
30.76,2.5428,1.7647,0.6206,1.9641,2.5212,2.5618,1.7582,0.6439,GO_GOAL
30.78,2.5464,1.7672,0.6206,1.9641,2.5212,2.5618,1.7582,0.6414,GO_GOAL
30.8,2.5499,1.7698,0.6206,1.9673,2.5243,2.5618,1.7582,0.6388,GO_GOAL
30.82,2.5535,1.7724,0.6206,1.9705,2.5273,2.5797,1.771,0.6363,GO_GOAL
30.84,2.5571,1.7749,0.6206,1.9769,2.5334,2.5797,1.771,0.6337,GO_GOAL
30.86,2.5607,1.7775,0.6206,1.9769,2.5334,2.5797,1.771,0.6311,GO_GOAL
30.88,2.5643,1.78,0.6206,1.98,2.5365,2.5797,1.771,0.6286,GO_GOAL
30.9,2.5678,1.7826,0.6206,1.9832,2.5395,2.5797,1.771,0.626,GO_GOAL
30.92,2.5714,1.7851,0.6206,1.9864,2.5425,2.5976,1.7838,0.6235,GO_GOAL
30.94,2.575,1.7877,0.6206,1.9896,2.5456,2.5976,1.7838,0.6209,GO_GOAL
30.96,2.5786,1.7903,0.6206,1.9928,2.5486,2.5976,1.7838,0.6183,GO_GOAL
30.98,2.5822,1.7928,0.6206,1.9959,2.5517,2.5976,1.7838,0.6158,GO_GOAL
31.0,2.5857,1.7954,0.6206,1.9991,2.5547,2.5976,1.7838,0.6132,GO_GOAL
31.02,2.5893,1.7979,0.6206,2.0055,2.5608,2.6155,1.7966,0.6107,GO_GOAL
31.04,2.5929,1.8005,0.6206,2.0055,2.5608,2.6155,1.7966,0.6081,GO_GOAL
31.06,2.5965,1.8031,0.6206,2.0086,2.5638,2.6155,1.7966,0.6056,GO_GOAL
31.08,2.6001,1.8056,0.6206,2.0118,2.5669,2.6155,1.7966,0.603,GO_GOAL
31.1,2.6036,1.8082,0.6206,2.015,2.5699,2.6334,1.8094,0.6004,GO_GOAL
31.12,2.6072,1.8107,0.6206,2.0182,2.573,2.6334,1.8094,0.5979,GO_GOAL
31.14,2.6108,1.8133,0.6206,2.0214,2.576,2.6334,1.8094,0.5953,GO_GOAL
31.16,2.6144,1.8159,0.6206,2.0245,2.5791,2.6334,1.8094,0.5928,GO_GOAL
31.18,2.618,1.8184,0.6206,2.0277,2.5821,2.6334,1.8094,0.5902,GO_GOAL
31.2,2.6215,1.821,0.6206,2.0309,2.5851,2.6334,1.8094,0.5876,GO_GOAL
31.22,2.6251,1.8235,0.6206,2.0341,2.5882,2.6513,1.8222,0.5851,GO_GOAL
31.24,2.6287,1.8261,0.6206,2.0373,2.5912,2.6513,1.8222,0.5825,GO_GOAL
31.26,2.6323,1.8286,0.6206,2.0404,2.5943,2.6513,1.8222,0.58,GO_GOAL
31.28,2.6359,1.8312,0.6206,2.0436,2.5973,2.6513,1.8222,0.5774,GO_GOAL
31.3,2.6394,1.8338,0.6206,2.0468,2.6003,2.6513,1.8222,0.5748,GO_GOAL
31.32,2.6429,1.8362,0.6206,2.05,2.6034,2.6692,1.835,0.5724,GO_GOAL
31.34,2.6463,1.8387,0.6206,2.053,2.6063,2.6692,1.835,0.5699,GO_GOAL
31.36,2.6497,1.8411,0.6206,2.0561,2.6092,2.6692,1.835,0.5675,GO_GOAL
31.38,2.6531,1.8436,0.6206,2.0591,2.6121,2.6692,1.835,0.5651,GO_GOAL
31.4,2.6566,1.846,0.6206,2.0621,2.615,2.6692,1.835,0.5626,GO_GOAL
31.42,2.6598,1.8483,0.6206,2.0652,2.6179,2.6865,1.8473,0.5603,GO_GOAL
31.44,2.663,1.8506,0.6206,2.068,2.6207,2.6865,1.8473,0.558,GO_GOAL
31.46,2.6662,1.8529,0.6206,2.0709,2.6234,2.6865,1.8473,0.5557,GO_GOAL
31.48,2.6694,1.8552,0.6206,2.0738,2.6261,2.6865,1.8473,0.5534,GO_GOAL
31.5,2.6726,1.8575,0.6206,2.0795,2.6316,2.6865,1.8473,0.5511,GO_GOAL
31.52,2.6757,1.8597,0.6206,2.0795,2.6316,2.7028,1.859,0.5489,GO_GOAL
31.54,2.6787,1.8618,0.6206,2.0822,2.6342,2.7028,1.859,0.5468,GO_GOAL
31.56,2.6817,1.864,0.6206,2.0848,2.6368,2.7028,1.859,0.5446,GO_GOAL
31.58,2.6847,1.8661,0.6206,2.0875,2.6393,2.7028,1.859,0.5425,GO_GOAL
31.6,2.6878,1.8683,0.6206,2.0902,2.6419,2.7028,1.859,0.5403,GO_GOAL
31.62,2.6906,1.8703,0.6206,2.0929,2.6445,2.7181,1.8699,0.5383,GO_GOAL
31.64,2.6934,1.8724,0.6206,2.0954,2.6469,2.7181,1.8699,0.5362,GO_GOAL
31.66,2.6963,1.8744,0.6206,2.0979,2.6493,2.7181,1.8699,0.5342,GO_GOAL
31.68,2.6991,1.8764,0.6206,2.1004,2.6517,2.7181,1.8699,0.5322,GO_GOAL
31.7,2.7019,1.8784,0.6206,2.103,2.6541,2.7181,1.8699,0.5302,GO_GOAL
31.72,2.7046,1.8804,0.6206,2.1055,2.6565,2.7325,1.8802,0.5283,GO_GOAL
31.74,2.7073,1.8823,0.6206,2.1102,2.661,2.7325,1.8802,0.5264,GO_GOAL
31.76,2.7099,1.8842,0.6206,2.1102,2.661,2.7325,1.8802,0.5244,GO_GOAL
31.78,2.7126,1.8861,0.6206,2.1126,2.6633,2.7325,1.8802,0.5225,GO_GOAL
31.8,2.7153,1.888,0.6206,2.1149,2.6656,2.7325,1.8802,0.5206,GO_GOAL
31.82,2.7167,1.889,0.6206,2.1173,2.6678,2.7325,1.8802,0.5197,GO_GOAL
31.84,2.7178,1.8897,0.6206,2.1184,2.6689,2.7325,1.8802,0.5189,GO_GOAL
31.86,2.7189,1.8905,0.6206,2.1202,2.6706,2.746,1.8898,0.5181,REACHED
31.88,2.7199,1.8912,0.6206,2.1202,2.6706,2.746,1.8898,0.5174,REACHED
31.9,2.721,1.892,0.6206,2.1211,2.6715,2.746,1.8898,0.5166,REACHED
31.92,2.7212,1.8921,0.6206,2.122,2.6724,2.7529,1.8948,0.5165,REACHED
31.94,2.7212,1.8921,0.6206,2.1221,2.6725,2.7529,1.8948,0.5165,REACHED
31.96,2.7212,1.8921,0.6206,2.1221,2.6725,2.7529,1.8948,0.5165,REACHED
31.98,2.7212,1.8921,0.6206,2.1221,2.6725,2.7529,1.8948,0.5165,REACHED
