t,x,y,yaw,odom_x,odom_y,est_x,est_y,clearance,state
0.014,-2.883,-2.0767,-0.273,-2.882,-2.077,-2.882,-2.077,0.3219,GO_GOAL
0.026,-2.8832,-2.0766,-0.2726,-2.882,-2.077,-2.882,-2.077,0.322,GO_GOAL
0.046,-2.8836,-2.0765,-0.2716,-2.882,-2.077,-2.882,-2.077,0.3221,GO_GOAL
0.066,-2.8841,-2.0764,-0.27,-2.882,-2.077,-2.882,-2.077,0.3222,GO_GOAL
0.086,-2.8846,-2.0762,-0.268,-2.882,-2.077,-2.882,-2.077,0.3222,GO_GOAL
0.106,-2.885,-2.0761,-0.2654,-2.882,-2.077,-2.882,-2.077,0.3223,GO_GOAL
0.126,-2.8855,-2.076,-0.2623,-2.882,-2.077,-2.882,-2.077,0.3223,GO_GOAL
0.146,-2.886,-2.0758,-0.2586,-2.882,-2.077,-2.882,-2.077,0.3223,GO_GOAL
0.166,-2.8866,-2.0757,-0.2544,-2.882,-2.077,-2.882,-2.077,0.3224,GO_GOAL
0.186,-2.8873,-2.0755,-0.2497,-2.882,-2.077,-2.882,-2.077,0.3224,GO_GOAL
0.206,-2.8878,-2.0754,-0.2445,-2.882,-2.077,-2.882,-2.077,0.3224,GO_GOAL
0.226,-2.8884,-2.0752,-0.2387,-2.882,-2.077,-2.882,-2.077,0.3223,GO_GOAL
0.246,-2.8889,-2.0751,-0.2324,-2.882,-2.077,-2.882,-2.077,0.3223,GO_GOAL
0.266,-2.8893,-2.075,-0.2256,-2.882,-2.077,-2.882,-2.077,0.3222,GO_GOAL
0.286,-2.8898,-2.0749,-0.2183,-2.882,-2.077,-2.882,-2.077,0.322,GO_GOAL
0.306,-2.8902,-2.0748,-0.2105,-2.882,-2.077,-2.882,-2.077,0.3219,GO_GOAL
0.326,-2.8905,-2.0747,-0.2022,-2.882,-2.077,-2.882,-2.077,0.3217,GO_GOAL
0.346,-2.8909,-2.0747,-0.1934,-2.882,-2.077,-2.882,-2.077,0.3215,GO_GOAL
0.366,-2.8912,-2.0746,-0.1841,-2.882,-2.077,-2.882,-2.077,0.3212,GO_GOAL
0.386,-2.8915,-2.0746,-0.1743,-2.882,-2.077,-2.882,-2.077,0.321,GO_GOAL
0.406,-2.8917,-2.0745,-0.164,-2.882,-2.077,-2.882,-2.077,0.3207,GO_GOAL
0.426,-2.8919,-2.0745,-0.1533,-2.882,-2.077,-2.882,-2.077,0.3204,GO_GOAL
0.446,-2.8921,-2.0744,-0.1421,-2.882,-2.077,-2.882,-2.077,0.3201,GO_GOAL
0.466,-2.892,-2.0744,-0.1304,-2.8818,-2.077,-2.882,-2.077,0.3197,GO_GOAL
0.486,-2.8918,-2.0744,-0.1186,-2.8812,-2.077,-2.882,-2.077,0.3194,GO_GOAL
0.506,-2.8915,-2.0743,-0.1067,-2.8803,-2.077,-2.882,-2.077,0.3191,GO_GOAL
0.526,-2.8913,-2.0742,-0.0949,-2.8793,-2.077,-2.882,-2.077,0.3188,GO_GOAL
0.546,-2.891,-2.0741,-0.083,-2.8771,-2.077,-2.8793,-2.0773,0.3185,GO_GOAL
0.566,-2.8908,-2.074,-0.0712,-2.8771,-2.077,-2.8793,-2.0773,0.3182,GO_GOAL
0.586,-2.8906,-2.074,-0.0594,-2.8736,-2.0767,-2.8793,-2.0773,0.3179,GO_GOAL
0.606,-2.8904,-2.0739,-0.0475,-2.8736,-2.0767,-2.8793,-2.0773,0.3177,GO_GOAL
0.624,-2.8903,-2.0738,-0.0357,-2.8716,-2.0765,-2.8793,-2.0773,0.3174,GO_GOAL
0.646,-2.8896,-2.0737,-0.0239,-2.8696,-2.0763,-2.8716,-2.0778,0.317,GO_GOAL
0.666,-2.8873,-2.0738,-0.012,-2.8675,-2.076,-2.8716,-2.0778,0.3166,GO_GOAL
0.686,-2.8851,-2.0738,0.0002,-2.8653,-2.0756,-2.8716,-2.0778,0.3162,GO_GOAL
0.706,-2.8832,-2.0738,0.013,-2.8609,-2.0747,-2.8716,-2.0778,0.3158,GO_GOAL
0.726,-2.8817,-2.0738,0.0262,-2.8588,-2.0742,-2.8608,-2.078,0.3154,GO_GOAL
0.746,-2.8802,-2.0737,0.0399,-2.8588,-2.0742,-2.8608,-2.078,0.315,GO_GOAL
0.766,-2.8787,-2.0736,0.0541,-2.8541,-2.0729,-2.8608,-2.078,0.3146,GO_GOAL
0.786,-2.8772,-2.0736,0.0687,-2.8541,-2.0729,-2.8608,-2.078,0.3143,GO_GOAL
0.806,-2.8756,-2.0734,0.0838,-2.8518,-2.0721,-2.8608,-2.078,0.3139,GO_GOAL
0.826,-2.874,-2.0733,0.0993,-2.8495,-2.0713,-2.8608,-2.078,0.3135,GO_GOAL
0.846,-2.872,-2.0731,0.1153,-2.8472,-2.0705,-2.8489,-2.0773,0.3132,GO_GOAL
0.866,-2.8699,-2.0728,0.1318,-2.8448,-2.0695,-2.8489,-2.0773,0.313,GO_GOAL
0.886,-2.8677,-2.0725,0.1488,-2.8424,-2.0685,-2.8489,-2.0773,0.3128,GO_GOAL
0.906,-2.8656,-2.0722,0.1662,-2.8399,-2.0674,-2.8489,-2.0773,0.3126,GO_GOAL
0.926,-2.8634,-2.0718,0.1841,-2.8375,-2.0662,-2.8489,-2.0773,0.3124,GO_GOAL
0.946,-2.8608,-2.0713,0.2023,-2.8327,-2.0637,-2.836,-2.0756,0.3123,GO_GOAL
0.966,-2.8581,-2.0707,0.2204,-2.8327,-2.0637,-2.836,-2.0756,0.3123,GO_GOAL
0.984,-2.8554,-2.0701,0.2386,-2.8301,-2.0623,-2.836,-2.0756,0.3124,GO_GOAL
1.006,-2.8528,-2.0694,0.2567,-2.8251,-2.0593,-2.836,-2.0756,0.3125,GO_GOAL
1.026,-2.8501,-2.0687,0.2749,-2.8251,-2.0593,-2.836,-2.0756,0.3126,GO_GOAL
1.046,-2.8473,-2.0678,0.2928,-2.8201,-2.0561,-2.8193,-2.0718,0.313,GO_GOAL
1.066,-2.8441,-2.0668,0.3101,-2.8201,-2.0561,-2.8193,-2.0718,0.3134,GO_GOAL
1.086,-2.8411,-2.0658,0.3269,-2.8174,-2.0543,-2.8193,-2.0718,0.3139,GO_GOAL
1.106,-2.838,-2.0648,0.3432,-2.8148,-2.0525,-2.8193,-2.0718,0.3145,GO_GOAL
1.126,-2.8351,-2.0637,0.359,-2.8122,-2.0507,-2.8193,-2.0718,0.3151,GO_GOAL
1.146,-2.8319,-2.0624,0.3742,-2.8096,-2.0488,-2.8073,-2.0678,0.3159,GO_GOAL
1.166,-2.8288,-2.0612,0.3889,-2.807,-2.0468,-2.8073,-2.0678,0.3167,GO_GOAL
1.186,-2.8257,-2.0599,0.4031,-2.8018,-2.0427,-2.8073,-2.0678,0.3175,GO_GOAL
1.206,-2.823,-2.0587,0.4171,-2.7992,-2.0406,-2.8073,-2.0678,0.3183,GO_GOAL
1.226,-2.8202,-2.0575,0.4312,-2.7992,-2.0406,-2.8073,-2.0678,0.3191,GO_GOAL
1.246,-2.8175,-2.0563,0.4453,-2.7966,-2.0385,-2.7891,-2.0602,0.3199,GO_GOAL
1.266,-2.8148,-2.0552,0.4593,-2.794,-2.0363,-2.7891,-2.0602,0.3206,GO_GOAL
1.286,-2.8121,-2.054,0.4734,-2.7913,-2.034,-2.7891,-2.0602,0.3214,GO_GOAL
1.306,-2.8094,-2.0528,0.4875,-2.7887,-2.0317,-2.7891,-2.0602,0.3222,GO_GOAL
1.326,-2.8067,-2.0517,0.5015,-2.7861,-2.0294,-2.7891,-2.0602,0.3229,GO_GOAL
1.346,-2.8035,-2.05,0.5155,-2.7809,-2.0248,-2.7767,-2.054,0.3242,GO_GOAL
1.366,-2.8007,-2.0484,0.5293,-2.7809,-2.0248,-2.7767,-2.054,0.3254,GO_GOAL
1.386,-2.7982,-2.047,0.5431,-2.7757,-2.02,-2.7767,-2.054,0.3265,GO_GOAL
1.406,-2.7947,-2.0448,0.5567,-2.7731,-2.0175,-2.7767,-2.054,0.3283,GO_GOAL
1.426,-2.7919,-2.043,0.5702,-2.7731,-2.0175,-2.7767,-2.054,0.3297,GO_GOAL
1.446,-2.7891,-2.0412,0.5836,-2.7706,-2.0151,-2.7615,-2.0451,0.3312,GO_GOAL
1.466,-2.786,-2.0392,0.5967,-2.768,-2.0126,-2.7615,-2.0451,0.3328,GO_GOAL
1.486,-2.7832,-2.0375,0.6091,-2.7654,-2.0102,-2.7615,-2.0451,0.3342,GO_GOAL
1.506,-2.7799,-2.0353,0.6209,-2.7628,-2.0077,-2.7615,-2.0451,0.3361,GO_GOAL
1.526,-2.7765,-2.0329,0.632,-2.7577,-2.0027,-2.7615,-2.0451,0.3382,GO_GOAL
1.546,-2.7731,-2.0303,0.6425,-2.7551,-2.0001,-2.7467,-2.0351,0.3405,GO_GOAL
1.566,-2.7696,-2.0277,0.6525,-2.7551,-2.0001,-2.7467,-2.0351,0.3429,GO_GOAL
1.586,-2.7663,-2.0251,0.6618,-2.7525,-1.9976,-2.7467,-2.0351,0.3452,GO_GOAL
1.606,-2.7629,-2.0225,0.6705,-2.75,-1.9951,-2.7467,-2.0351,0.3476,GO_GOAL
1.626,-2.7597,-2.0199,0.6786,-2.7474,-1.9926,-2.7467,-2.0351,0.35,GO_GOAL
1.646,-2.7564,-2.0172,0.6861,-2.7448,-1.9901,-2.7324,-2.0242,0.3525,GO_GOAL
1.666,-2.7531,-2.0145,0.693,-2.7423,-1.9876,-2.7324,-2.0242,0.355,GO_GOAL
1.688,-2.7499,-2.0118,0.6993,-2.7371,-1.9826,-2.7324,-2.0242,0.3576,GO_GOAL
1.704,-2.7467,-2.0091,0.705,-2.7371,-1.9826,-2.7324,-2.0242,0.3601,GO_GOAL
1.728,-2.7436,-2.0065,0.7101,-2.7319,-1.9776,-2.7185,-2.0128,0.3627,GO_GOAL
1.746,-2.7405,-2.0038,0.7146,-2.7319,-1.9776,-2.7185,-2.0128,0.3653,GO_GOAL
1.766,-2.7374,-2.0011,0.7185,-2.7268,-1.9726,-2.7185,-2.0128,0.3679,GO_GOAL
1.786,-2.7343,-1.9984,0.7217,-2.7268,-1.9726,-2.7185,-2.0128,0.3705,GO_GOAL
1.806,-2.7313,-1.9957,0.7244,-2.7216,-1.9677,-2.7185,-2.0128,0.3731,GO_GOAL
1.826,-2.7283,-1.9931,0.7265,-2.7216,-1.9677,-2.7185,-2.0128,0.3757,GO_GOAL
1.846,-2.7253,-1.9905,0.7281,-2.7189,-1.9653,-2.705,-2.001,0.3782,GO_GOAL
1.866,-2.7223,-1.9882,0.7295,-2.7163,-1.9629,-2.705,-2.001,0.3805,GO_GOAL
1.886,-2.7194,-1.9858,0.7309,-2.7137,-1.9605,-2.705,-2.001,0.3829,GO_GOAL
1.906,-2.7164,-1.9834,0.7323,-2.7111,-1.9581,-2.705,-2.001,0.3852,GO_GOAL
1.926,-2.7134,-1.9811,0.7337,-2.7058,-1.9533,-2.705,-2.001,0.3875,GO_GOAL
1.946,-2.7105,-1.9787,0.7351,-2.7031,-1.951,-2.6918,-1.9891,0.3898,GO_GOAL
1.966,-2.7075,-1.9764,0.7365,-2.7031,-1.951,-2.6918,-1.9891,0.3921,GO_GOAL
1.986,-2.7046,-1.9739,0.7379,-2.7004,-1.9486,-2.6918,-1.9891,0.3946,GO_GOAL
2.006,-2.702,-1.9716,0.7392,-2.6977,-1.9463,-2.6918,-1.9891,0.3969,GO_GOAL
2.026,-2.6991,-1.9689,0.74,-2.6951,-1.944,-2.6918,-1.9891,0.3995,GO_GOAL
2.046,-2.6961,-1.9662,0.7401,-2.6924,-1.9417,-2.6786,-1.9772,0.4022,GO_GOAL
2.066,-2.6933,-1.9636,0.7397,-2.6896,-1.9394,-2.6786,-1.9772,0.4048,GO_GOAL
2.086,-2.6904,-1.961,0.7386,-2.6869,-1.9371,-2.6786,-1.9772,0.4075,GO_GOAL
2.106,-2.6876,-1.9584,0.737,-2.6842,-1.9348,-2.6786,-1.9772,0.4101,GO_GOAL
2.126,-2.6848,-1.9559,0.7347,-2.6815,-1.9326,-2.6786,-1.9772,0.4127,GO_GOAL
2.146,-2.682,-1.9534,0.7319,-2.6787,-1.9303,-2.6655,-1.9652,0.4152,GO_GOAL
2.166,-2.6793,-1.9509,0.7284,-2.6732,-1.9259,-2.6655,-1.9652,0.4178,GO_GOAL
2.186,-2.6765,-1.9485,0.7244,-2.6732,-1.9259,-2.6655,-1.9652,0.4203,GO_GOAL
2.206,-2.6738,-1.9461,0.7197,-2.6704,-1.9237,-2.6655,-1.9652,0.4228,GO_GOAL
2.226,-2.6711,-1.9438,0.715,-2.6676,-1.9215,-2.6655,-1.9652,0.4253,GO_GOAL
2.246,-2.6684,-1.9414,0.7106,-2.6648,-1.9193,-2.6522,-1.9534,0.4277,GO_GOAL
2.266,-2.6657,-1.9391,0.7065,-2.6591,-1.915,-2.6522,-1.9534,0.4301,GO_GOAL
2.286,-2.6629,-1.9368,0.7024,-2.6591,-1.915,-2.6522,-1.9534,0.4326,GO_GOAL
2.306,-2.6602,-1.9344,0.6984,-2.6563,-1.9128,-2.6522,-1.9534,0.435,GO_GOAL
2.326,-2.6574,-1.9321,0.6943,-2.6534,-1.9107,-2.6522,-1.9534,0.4374,GO_GOAL
2.346,-2.6547,-1.9299,0.6905,-2.6506,-1.9086,-2.6387,-1.9419,0.4398,GO_GOAL
2.366,-2.6519,-1.9276,0.6873,-2.6477,-1.9064,-2.6387,-1.9419,0.4421,GO_GOAL
2.386,-2.6491,-1.9253,0.6841,-2.6419,-1.9022,-2.6387,-1.9419,0.4445,GO_GOAL
2.406,-2.6463,-1.923,0.6809,-2.6419,-1.9022,-2.6387,-1.9419,0.4468,GO_GOAL
2.426,-2.6435,-1.9208,0.6776,-2.6361,-1.898,-2.6387,-1.9419,0.4492,GO_GOAL
2.444,-2.6408,-1.9185,0.6747,-2.6361,-1.898,-2.6249,-1.9305,0.4515,GO_GOAL
2.466,-2.6379,-1.9163,0.6722,-2.6332,-1.896,-2.6249,-1.9305,0.4538,GO_GOAL
2.486,-2.6351,-1.9141,0.6697,-2.6303,-1.8939,-2.6249,-1.9305,0.4561,GO_GOAL
2.506,-2.6323,-1.9119,0.6672,-2.6273,-1.8918,-2.6249,-1.9305,0.4583,GO_GOAL
2.526,-2.6294,-1.9097,0.6647,-2.6244,-1.8898,-2.6249,-1.9305,0.4606,GO_GOAL
2.546,-2.6266,-1.9075,0.6621,-2.6215,-1.8877,-2.6109,-1.9194,0.4629,GO_GOAL
2.566,-2.6238,-1.9053,0.6596,-2.6185,-1.8857,-2.6109,-1.9194,0.4651,GO_GOAL
2.586,-2.621,-1.9031,0.6571,-2.6156,-1.8836,-2.6109,-1.9194,0.4674,GO_GOAL
2.606,-2.6181,-1.9009,0.6548,-2.6126,-1.8816,-2.6109,-1.9194,0.4696,GO_GOAL
2.626,-2.6153,-1.8987,0.6529,-2.6096,-1.8795,-2.6109,-1.9194,0.4719,GO_GOAL
2.646,-2.6124,-1.8965,0.6512,-2.6037,-1.8755,-2.5967,-1.9083,0.4741,GO_GOAL
2.666,-2.6095,-1.8943,0.6497,-2.6037,-1.8755,-2.5967,-1.9083,0.4764,GO_GOAL
2.686,-2.6066,-1.8921,0.6482,-2.6007,-1.8735,-2.5967,-1.9083,0.4786,GO_GOAL
2.706,-2.6038,-1.8899,0.6467,-2.5978,-1.8715,-2.5967,-1.9083,0.4808,GO_GOAL
2.726,-2.6009,-1.8877,0.6453,-2.5948,-1.8695,-2.5967,-1.9083,0.483,GO_GOAL
2.746,-2.598,-1.8856,0.644,-2.5918,-1.8675,-2.5824,-1.8975,0.4852,GO_GOAL
2.766,-2.5951,-1.8834,0.6428,-2.5888,-1.8655,-2.5824,-1.8975,0.4874,GO_GOAL
2.786,-2.5922,-1.8813,0.6417,-2.5858,-1.8635,-2.5824,-1.8975,0.4896,GO_GOAL
2.806,-2.5893,-1.8791,0.6405,-2.5798,-1.8595,-2.5824,-1.8975,0.4918,GO_GOAL
2.826,-2.5864,-1.8769,0.6394,-2.5768,-1.8575,-2.5651,-1.8845,0.494,GO_GOAL
2.846,-2.5835,-1.8748,0.6384,-2.5768,-1.8575,-2.5651,-1.8845,0.4961,GO_GOAL
2.866,-2.5806,-1.8726,0.6376,-2.5738,-1.8555,-2.5651,-1.8845,0.4983,GO_GOAL
2.886,-2.5777,-1.8705,0.6367,-2.5708,-1.8535,-2.5651,-1.8845,0.5005,GO_GOAL
2.906,-2.5748,-1.8684,0.6358,-2.5678,-1.8515,-2.5651,-1.8845,0.5026,GO_GOAL
2.926,-2.5719,-1.8662,0.635,-2.5648,-1.8496,-2.5651,-1.8845,0.5048,GO_GOAL
2.946,-2.5691,-1.8641,0.6342,-2.5618,-1.8476,-2.5535,-1.876,0.5069,GO_GOAL
2.966,-2.5662,-1.862,0.6335,-2.5588,-1.8456,-2.5535,-1.876,0.5091,GO_GOAL
2.986,-2.5633,-1.8598,0.6328,-2.5558,-1.8436,-2.5535,-1.876,0.5112,GO_GOAL
3.006,-2.5604,-1.8577,0.6321,-2.5528,-1.8417,-2.5535,-1.876,0.5134,GO_GOAL
3.026,-2.5575,-1.8556,0.6314,-2.5498,-1.8397,-2.5535,-1.876,0.5155,GO_GOAL
3.046,-2.5546,-1.8535,0.6308,-2.5467,-1.8377,-2.539,-1.8653,0.5177,GO_GOAL
3.066,-2.5517,-1.8513,0.6302,-2.5437,-1.8358,-2.539,-1.8653,0.5198,GO_GOAL
3.086,-2.5488,-1.8492,0.6296,-2.5407,-1.8338,-2.539,-1.8653,0.522,GO_GOAL
3.106,-2.5459,-1.8471,0.629,-2.5377,-1.8318,-2.539,-1.8653,0.5241,GO_GOAL
3.126,-2.5431,-1.8449,0.6285,-2.5347,-1.8299,-2.539,-1.8653,0.5262,GO_GOAL
3.146,-2.5402,-1.8428,0.6279,-2.5316,-1.8279,-2.5216,-1.8526,0.5284,GO_GOAL
3.166,-2.5374,-1.8407,0.6273,-2.5286,-1.826,-2.5216,-1.8526,0.5305,GO_GOAL
3.186,-2.5345,-1.8386,0.6268,-2.5256,-1.824,-2.5216,-1.8526,0.5326,GO_GOAL
3.206,-2.5316,-1.8365,0.6264,-2.5226,-1.8221,-2.5216,-1.8526,0.5348,GO_GOAL
3.226,-2.5287,-1.8344,0.6259,-2.5195,-1.8201,-2.5216,-1.8526,0.5369,GO_GOAL
3.246,-2.5257,-1.8323,0.6256,-2.5165,-1.8182,-2.5099,-1.8442,0.539,GO_GOAL
3.266,-2.5228,-1.8301,0.6252,-2.5105,-1.8143,-2.5099,-1.8442,0.5411,GO_GOAL
3.286,-2.5199,-1.828,0.6249,-2.5105,-1.8143,-2.5099,-1.8442,0.5433,GO_GOAL
3.306,-2.517,-1.8259,0.6245,-2.5074,-1.8123,-2.5099,-1.8442,0.5454,GO_GOAL
3.326,-2.514,-1.8238,0.6242,-2.5014,-1.8084,-2.5099,-1.8442,0.5475,GO_GOAL
3.346,-2.5111,-1.8217,0.6239,-2.5014,-1.8084,-2.4953,-1.8336,0.5496,GO_GOAL
3.366,-2.5082,-1.8196,0.6237,-2.4984,-1.8065,-2.4953,-1.8336,0.5517,GO_GOAL
3.386,-2.5053,-1.8175,0.6234,-2.4953,-1.8046,-2.4953,-1.8336,0.5538,GO_GOAL
3.406,-2.5023,-1.8154,0.6231,-2.4923,-1.8026,-2.4953,-1.8336,0.5559,GO_GOAL
3.426,-2.4994,-1.8133,0.6228,-2.4893,-1.8007,-2.4953,-1.8336,0.558,GO_GOAL
3.446,-2.4965,-1.8112,0.6226,-2.4862,-1.7987,-2.4807,-1.8231,0.5602,GO_GOAL
3.466,-2.4936,-1.8091,0.6224,-2.4802,-1.7949,-2.4807,-1.8231,0.5623,GO_GOAL
3.486,-2.4906,-1.807,0.6222,-2.4802,-1.7949,-2.4807,-1.8231,0.5644,GO_GOAL
3.506,-2.4877,-1.8049,0.622,-2.4771,-1.7929,-2.4807,-1.8231,0.5665,GO_GOAL
3.526,-2.4848,-1.8028,0.6218,-2.4711,-1.789,-2.4661,-1.8126,0.5686,GO_GOAL
3.546,-2.4819,-1.8007,0.6216,-2.4711,-1.789,-2.4661,-1.8126,0.5707,GO_GOAL
3.566,-2.4789,-1.7986,0.6214,-2.468,-1.7871,-2.4661,-1.8126,0.5728,GO_GOAL
3.586,-2.476,-1.7965,0.6213,-2.465,-1.7852,-2.4661,-1.8126,0.5748,GO_GOAL
3.606,-2.4731,-1.7944,0.6211,-2.462,-1.7832,-2.4661,-1.8126,0.5769,GO_GOAL
3.626,-2.4702,-1.7923,0.6209,-2.4589,-1.7813,-2.4661,-1.8126,0.579,GO_GOAL
3.646,-2.4673,-1.7903,0.6207,-2.4528,-1.7774,-2.4515,-1.8021,0.5811,GO_GOAL
3.666,-2.4644,-1.7882,0.6206,-2.4528,-1.7774,-2.4515,-1.8021,0.5832,GO_GOAL
3.686,-2.4615,-1.7861,0.6204,-2.4498,-1.7755,-2.4515,-1.8021,0.5853,GO_GOAL
3.706,-2.4586,-1.784,0.6202,-2.4468,-1.7736,-2.4515,-1.8021,0.5874,GO_GOAL
3.726,-2.4557,-1.7819,0.6201,-2.4437,-1.7716,-2.4368,-1.7917,0.5895,GO_GOAL
3.746,-2.4529,-1.7799,0.6199,-2.4407,-1.7697,-2.4368,-1.7917,0.5915,GO_GOAL
3.766,-2.4499,-1.7778,0.6198,-2.4346,-1.7658,-2.4368,-1.7917,0.5936,GO_GOAL
3.786,-2.447,-1.7757,0.6197,-2.4346,-1.7658,-2.4368,-1.7917,0.5957,GO_GOAL
3.806,-2.4441,-1.7736,0.6196,-2.4316,-1.7639,-2.4368,-1.7917,0.5978,GO_GOAL
3.826,-2.4411,-1.7715,0.6195,-2.4255,-1.76,-2.4222,-1.7812,0.5999,GO_GOAL
3.846,-2.4382,-1.7694,0.6194,-2.4255,-1.76,-2.4222,-1.7812,0.602,GO_GOAL
3.866,-2.4353,-1.7673,0.6193,-2.4225,-1.7581,-2.4222,-1.7812,0.6013,GO_GOAL
3.886,-2.4323,-1.7652,0.6192,-2.4164,-1.7543,-2.4222,-1.7812,0.598,GO_GOAL
3.906,-2.4294,-1.7631,0.6192,-2.4164,-1.7543,-2.4222,-1.7812,0.5947,GO_GOAL
3.926,-2.4264,-1.761,0.6191,-2.4133,-1.7523,-2.4222,-1.7812,0.5914,GO_GOAL
3.946,-2.4235,-1.7589,0.619,-2.4103,-1.7504,-2.4075,-1.7708,0.5881,GO_GOAL
3.966,-2.4206,-1.7569,0.619,-2.4073,-1.7485,-2.4075,-1.7708,0.5849,GO_GOAL
3.986,-2.4177,-1.7548,0.6189,-2.4042,-1.7465,-2.4075,-1.7708,0.5816,GO_GOAL
4.006,-2.4147,-1.7527,0.6189,-2.4012,-1.7446,-2.4075,-1.7708,0.5783,GO_GOAL
4.026,-2.4118,-1.7506,0.6188,-2.3981,-1.7427,-2.4075,-1.7708,0.5751,GO_GOAL
4.046,-2.4089,-1.7485,0.6188,-2.3951,-1.7408,-2.3928,-1.7603,0.5718,GO_GOAL
4.066,-2.4059,-1.7464,0.6187,-2.3921,-1.7388,-2.3928,-1.7603,0.5685,GO_GOAL
4.086,-2.403,-1.7443,0.6187,-2.389,-1.7369,-2.3928,-1.7603,0.5653,GO_GOAL
4.106,-2.4001,-1.7423,0.6186,-2.3829,-1.733,-2.3928,-1.7603,0.562,GO_GOAL
4.126,-2.3971,-1.7402,0.6186,-2.3829,-1.733,-2.3928,-1.7603,0.5588,GO_GOAL
4.146,-2.3942,-1.7381,0.6185,-2.3799,-1.7311,-2.3782,-1.7499,0.5555,GO_GOAL
4.166,-2.3913,-1.736,0.6185,-2.3769,-1.7292,-2.3782,-1.7499,0.5523,GO_GOAL
4.186,-2.3884,-1.7339,0.6185,-2.3738,-1.7273,-2.3782,-1.7499,0.5491,GO_GOAL
4.206,-2.3855,-1.7318,0.6184,-2.3708,-1.7253,-2.3782,-1.7499,0.5458,GO_GOAL
4.226,-2.3826,-1.7298,0.6184,-2.3677,-1.7234,-2.3782,-1.7499,0.5426,GO_GOAL
4.246,-2.3797,-1.7277,0.6184,-2.3647,-1.7215,-2.3635,-1.7394,0.5394,GO_GOAL
4.266,-2.3768,-1.7257,0.6183,-2.3617,-1.7196,-2.3635,-1.7394,0.5362,GO_GOAL
4.286,-2.3739,-1.7236,0.6183,-2.3556,-1.7157,-2.3635,-1.7394,0.5331,GO_GOAL
4.306,-2.371,-1.7215,0.6182,-2.3556,-1.7157,-2.3635,-1.7394,0.5299,GO_GOAL
4.326,-2.3681,-1.7194,0.6182,-2.3525,-1.7138,-2.3635,-1.7394,0.5266,GO_GOAL
4.346,-2.3651,-1.7174,0.6182,-2.3495,-1.7118,-2.3488,-1.729,0.5234,GO_GOAL
4.366,-2.3622,-1.7153,0.6182,-2.3465,-1.7099,-2.3488,-1.729,0.5202,GO_GOAL
4.386,-2.3592,-1.7132,0.6181,-2.3404,-1.7061,-2.3488,-1.729,0.517,GO_GOAL
4.406,-2.3563,-1.7111,0.6181,-2.3404,-1.7061,-2.3488,-1.729,0.5138,GO_GOAL
4.426,-2.3534,-1.709,0.6181,-2.3373,-1.7041,-2.3342,-1.7186,0.5105,GO_GOAL
4.446,-2.3504,-1.7069,0.6181,-2.3343,-1.7022,-2.3342,-1.7186,0.5073,GO_GOAL
4.466,-2.3475,-1.7048,0.6181,-2.3282,-1.6984,-2.3342,-1.7186,0.5041,GO_GOAL
4.486,-2.3446,-1.7027,0.6181,-2.3282,-1.6984,-2.3342,-1.7186,0.5009,GO_GOAL
4.506,-2.3416,-1.7006,0.618,-2.3252,-1.6964,-2.3342,-1.7186,0.4977,GO_GOAL
4.526,-2.3387,-1.6986,0.618,-2.3191,-1.6926,-2.3195,-1.7082,0.4945,GO_GOAL
4.546,-2.3358,-1.6965,0.618,-2.3191,-1.6926,-2.3195,-1.7082,0.4914,GO_GOAL
4.566,-2.3328,-1.6944,0.618,-2.316,-1.6907,-2.3195,-1.7082,0.4882,GO_GOAL
4.586,-2.3299,-1.6923,0.618,-2.313,-1.6887,-2.3195,-1.7082,0.485,GO_GOAL
4.606,-2.327,-1.6902,0.618,-2.31,-1.6868,-2.3195,-1.7082,0.4818,GO_GOAL
4.626,-2.324,-1.6881,0.618,-2.3069,-1.6849,-2.3195,-1.7082,0.4787,GO_GOAL
4.646,-2.3211,-1.6861,0.6179,-2.3039,-1.683,-2.3019,-1.6956,0.4755,GO_GOAL
4.666,-2.3182,-1.684,0.6179,-2.3008,-1.681,-2.3019,-1.6956,0.4723,GO_GOAL
4.686,-2.3152,-1.6819,0.6179,-2.2978,-1.6791,-2.3019,-1.6956,0.4692,GO_GOAL
4.706,-2.3123,-1.6798,0.6179,-2.2948,-1.6772,-2.3019,-1.6956,0.466,GO_GOAL
4.726,-2.3094,-1.6777,0.6179,-2.2887,-1.6733,-2.3019,-1.6956,0.4629,GO_GOAL
4.746,-2.3065,-1.6757,0.6179,-2.2887,-1.6733,-2.2872,-1.6852,0.4598,GO_GOAL
4.766,-2.3036,-1.6736,0.6179,-2.2826,-1.6695,-2.2872,-1.6852,0.4566,GO_GOAL
4.786,-2.3007,-1.6715,0.6179,-2.2826,-1.6695,-2.2872,-1.6852,0.4535,GO_GOAL
4.806,-2.2978,-1.6695,0.6179,-2.2795,-1.6675,-2.2872,-1.6852,0.4504,GO_GOAL
4.824,-2.2949,-1.6674,0.6179,-2.2765,-1.6656,-2.2872,-1.6852,0.4474,GO_GOAL
4.846,-2.292,-1.6654,0.6178,-2.2704,-1.6618,-2.2755,-1.6769,0.4442,GO_GOAL
4.866,-2.289,-1.6633,0.6178,-2.2674,-1.6598,-2.2755,-1.6769,0.4411,GO_GOAL
4.886,-2.2861,-1.6612,0.6178,-2.2674,-1.6598,-2.2755,-1.6769,0.438,GO_GOAL
4.906,-2.2832,-1.6591,0.6178,-2.2643,-1.6579,-2.2755,-1.6769,0.4349,GO_GOAL
4.926,-2.2802,-1.657,0.6178,-2.2613,-1.656,-2.2755,-1.6769,0.4317,GO_GOAL
4.944,-2.2773,-1.6549,0.6178,-2.2583,-1.6541,-2.2608,-1.6664,0.4286,GO_GOAL
4.966,-2.2743,-1.6528,0.6178,-2.2522,-1.6502,-2.2608,-1.6664,0.4255,GO_GOAL
4.986,-2.2714,-1.6507,0.6178,-2.2522,-1.6502,-2.2608,-1.6664,0.4224,GO_GOAL
5.006,-2.2685,-1.6486,0.6178,-2.2461,-1.6464,-2.2608,-1.6664,0.4193,GO_GOAL
5.026,-2.2655,-1.6466,0.6178,-2.2461,-1.6464,-2.2608,-1.6664,0.4162,GO_GOAL
5.046,-2.2626,-1.6445,0.6178,-2.243,-1.6444,-2.2461,-1.656,0.4131,GO_GOAL
5.066,-2.2597,-1.6424,0.6178,-2.24,-1.6425,-2.2461,-1.656,0.4101,GO_GOAL
5.086,-2.2567,-1.6403,0.6178,-2.237,-1.6406,-2.2461,-1.656,0.407,GO_GOAL
5.106,-2.2538,-1.6382,0.6178,-2.2339,-1.6387,-2.2461,-1.656,0.4039,GO_GOAL
5.126,-2.2509,-1.6361,0.6178,-2.2309,-1.6367,-2.2461,-1.656,0.4008,GO_GOAL
5.146,-2.2479,-1.6341,0.6178,-2.2278,-1.6348,-2.2315,-1.6456,0.3978,GO_GOAL
5.166,-2.245,-1.632,0.6178,-2.2248,-1.6329,-2.2315,-1.6456,0.3947,GO_GOAL
5.186,-2.2421,-1.6299,0.6178,-2.2217,-1.631,-2.2315,-1.6456,0.3917,GO_GOAL
5.206,-2.2392,-1.6278,0.6178,-2.2187,-1.629,-2.2315,-1.6456,0.3887,GO_GOAL
5.226,-2.2362,-1.6257,0.6178,-2.2157,-1.6271,-2.2315,-1.6456,0.3856,GO_GOAL
5.246,-2.2333,-1.6237,0.6178,-2.2126,-1.6252,-2.2168,-1.6352,0.3826,GO_GOAL
5.266,-2.2304,-1.6216,0.6178,-2.2096,-1.6233,-2.2168,-1.6352,0.3796,GO_GOAL
5.286,-2.2275,-1.6195,0.6178,-2.2065,-1.6213,-2.2168,-1.6352,0.3766,GO_GOAL
5.306,-2.2246,-1.6175,0.6178,-2.2035,-1.6194,-2.2168,-1.6352,0.3736,GO_GOAL
5.326,-2.2217,-1.6154,0.6177,-2.2005,-1.6175,-2.2168,-1.6352,0.3706,GO_GOAL
5.346,-2.2188,-1.6133,0.6177,-2.1974,-1.6156,-2.2021,-1.6247,0.3677,GO_GOAL
5.366,-2.2159,-1.6113,0.6177,-2.1944,-1.6136,-2.2021,-1.6247,0.3647,GO_GOAL
5.386,-2.213,-1.6092,0.6177,-2.1913,-1.6117,-2.2021,-1.6247,0.3617,GO_GOAL
5.406,-2.21,-1.6071,0.6177,-2.1883,-1.6098,-2.2021,-1.6247,0.3587,GO_GOAL
5.426,-2.2071,-1.605,0.6177,-2.1852,-1.6079,-2.2021,-1.6247,0.3557,GO_GOAL
5.446,-2.2041,-1.6029,0.6177,-2.1822,-1.6059,-2.1875,-1.6143,0.3527,GO_GOAL
5.466,-2.2012,-1.6008,0.6177,-2.1792,-1.604,-2.1875,-1.6143,0.3498,GO_GOAL
5.486,-2.1983,-1.5988,0.6177,-2.1761,-1.6021,-2.1875,-1.6143,0.3468,GO_GOAL
5.506,-2.1953,-1.5967,0.6177,-2.1731,-1.6002,-2.1875,-1.6143,0.3438,GO_GOAL
5.526,-2.1924,-1.5946,0.6177,-2.17,-1.5982,-2.1875,-1.6143,0.3409,GO_GOAL
5.546,-2.1894,-1.5925,0.6177,-2.167,-1.5963,-2.1728,-1.6039,0.3379,GO_GOAL
5.566,-2.1865,-1.5904,0.6177,-2.164,-1.5944,-2.1728,-1.6039,0.335,GO_GOAL
5.586,-2.1836,-1.5883,0.6177,-2.1609,-1.5925,-2.1728,-1.6039,0.3321,GO_GOAL
5.606,-2.1806,-1.5862,0.6177,-2.1579,-1.5905,-2.1728,-1.6039,0.3291,GO_GOAL
5.626,-2.1777,-1.5842,0.6177,-2.1548,-1.5886,-2.1728,-1.6039,0.3262,GO_GOAL
5.646,-2.1748,-1.5821,0.6177,-2.1518,-1.5867,-2.1581,-1.5935,0.3233,GO_GOAL
5.666,-2.1718,-1.58,0.6177,-2.1487,-1.5848,-2.1581,-1.5935,0.3204,GO_GOAL
5.686,-2.1689,-1.5779,0.6177,-2.1457,-1.5828,-2.1581,-1.5935,0.3175,GO_GOAL
5.706,-2.166,-1.5758,0.6177,-2.1427,-1.5809,-2.1581,-1.5935,0.3146,GO_GOAL
5.726,-2.1631,-1.5737,0.6177,-2.1396,-1.579,-2.1581,-1.5935,0.3118,GO_GOAL
5.746,-2.1601,-1.5717,0.6177,-2.1366,-1.5771,-2.1434,-1.583,0.3089,GO_GOAL
5.766,-2.1572,-1.5696,0.6177,-2.1335,-1.5751,-2.1434,-1.583,0.306,GO_GOAL
5.786,-2.1543,-1.5675,0.6177,-2.1305,-1.5732,-2.1434,-1.583,0.3032,GO_GOAL
5.806,-2.1514,-1.5655,0.6177,-2.1274,-1.5713,-2.1434,-1.583,0.3004,GO_GOAL
5.826,-2.1485,-1.5634,0.6177,-2.1214,-1.5674,-2.1434,-1.583,0.2976,GO_GOAL
5.846,-2.1456,-1.5613,0.6177,-2.1214,-1.5674,-2.1258,-1.5705,0.2948,GO_GOAL
5.866,-2.1427,-1.5593,0.6177,-2.1183,-1.5655,-2.1258,-1.5705,0.292,GO_GOAL
5.886,-2.1398,-1.5572,0.6177,-2.1153,-1.5636,-2.1258,-1.5705,0.2891,GO_GOAL
5.906,-2.1368,-1.5551,0.6177,-2.1122,-1.5617,-2.1258,-1.5705,0.2863,GO_GOAL
5.926,-2.1339,-1.553,0.6177,-2.1092,-1.5597,-2.1258,-1.5705,0.2835,GO_GOAL
5.946,-2.131,-1.5509,0.6177,-2.1031,-1.5559,-2.1141,-1.5622,0.2807,GO_GOAL
5.966,-2.128,-1.5488,0.6177,-2.1031,-1.5559,-2.1141,-1.5622,0.2779,GO_GOAL
5.986,-2.1251,-1.5468,0.6177,-2.1001,-1.554,-2.1141,-1.5622,0.2752,GO_GOAL
6.006,-2.1221,-1.5447,0.6177,-2.097,-1.552,-2.1141,-1.5622,0.2724,GO_GOAL
6.026,-2.1192,-1.5426,0.6177,-2.094,-1.5501,-2.0994,-1.5518,0.2696,GO_GOAL
6.046,-2.1163,-1.5405,0.6177,-2.0909,-1.5482,-2.0994,-1.5518,0.2669,GO_GOAL
6.066,-2.1133,-1.5384,0.6177,-2.0879,-1.5463,-2.0994,-1.5518,0.2641,GO_GOAL
6.086,-2.1104,-1.5363,0.6177,-2.0849,-1.5443,-2.0994,-1.5518,0.2614,GO_GOAL
6.106,-2.1075,-1.5342,0.6177,-2.0818,-1.5424,-2.0994,-1.5518,0.2587,GO_GOAL
6.126,-2.1045,-1.5322,0.6177,-2.0757,-1.5386,-2.0994,-1.5518,0.256,GO_GOAL
6.146,-2.1016,-1.5301,0.6177,-2.0757,-1.5386,-2.0847,-1.5413,0.2533,GO_GOAL
6.166,-2.0987,-1.528,0.6177,-2.0727,-1.5366,-2.0847,-1.5413,0.2506,GO_GOAL
6.186,-2.0957,-1.5259,0.6177,-2.0696,-1.5347,-2.0847,-1.5413,0.2479,GO_GOAL
6.206,-2.0928,-1.5238,0.6177,-2.0666,-1.5328,-2.0847,-1.5413,0.2452,GO_GOAL
6.226,-2.0899,-1.5218,0.6177,-2.0636,-1.5309,-2.0847,-1.5413,0.2426,GO_GOAL
6.246,-2.087,-1.5197,0.6177,-2.0605,-1.5289,-2.0701,-1.5309,0.24,GO_GOAL
6.266,-2.084,-1.5176,0.6177,-2.0575,-1.527,-2.0701,-1.5309,0.2373,GO_GOAL
6.286,-2.0811,-1.5155,0.6177,-2.0514,-1.5232,-2.0701,-1.5309,0.2347,GO_GOAL
6.306,-2.0782,-1.5135,0.6177,-2.0484,-1.5212,-2.0701,-1.5309,0.2321,GO_GOAL
6.326,-2.0753,-1.5114,0.6177,-2.0484,-1.5212,-2.0701,-1.5309,0.2296,GO_GOAL
6.346,-2.0724,-1.5094,0.6177,-2.0423,-1.5174,-2.0554,-1.5205,0.227,GO_GOAL
6.366,-2.0695,-1.5073,0.6177,-2.0423,-1.5174,-2.0554,-1.5205,0.2245,GO_GOAL
6.386,-2.0666,-1.5052,0.6177,-2.0392,-1.5155,-2.0554,-1.5205,0.2219,GO_GOAL
6.406,-2.0636,-1.5031,0.6177,-2.0362,-1.5135,-2.0554,-1.5205,0.2193,GO_GOAL
6.426,-2.0607,-1.501,0.6177,-2.0331,-1.5116,-2.0554,-1.5205,0.2168,GO_GOAL
6.446,-2.0578,-1.4989,0.6177,-2.0301,-1.5097,-2.0407,-1.5101,0.2142,GO_GOAL
6.466,-2.0548,-1.4968,0.6177,-2.024,-1.5058,-2.0407,-1.5101,0.2117,GO_GOAL
6.486,-2.0519,-1.4948,0.6177,-2.024,-1.5058,-2.0407,-1.5101,0.2092,GO_GOAL
6.506,-2.049,-1.4927,0.6177,-2.021,-1.5039,-2.0407,-1.5101,0.2067,GO_GOAL
6.526,-2.046,-1.4906,0.6177,-2.0179,-1.502,-2.0407,-1.5101,0.2042,GO_GOAL
6.546,-2.0431,-1.4885,0.6177,-2.0149,-1.5001,-2.0231,-1.4976,0.2017,GO_GOAL
6.566,-2.0401,-1.4864,0.6177,-2.0119,-1.4981,-2.0231,-1.4976,0.1993,GO_GOAL
6.586,-2.0372,-1.4843,0.6177,-2.0088,-1.4962,-2.0231,-1.4976,0.1968,GO_GOAL
6.606,-2.0343,-1.4823,0.6177,-2.0058,-1.4943,-2.0231,-1.4976,0.1944,GO_GOAL
6.626,-2.0313,-1.4802,0.6177,-1.9997,-1.4904,-2.0231,-1.4976,0.192,GO_GOAL
6.646,-2.0284,-1.4781,0.6177,-1.9997,-1.4904,-2.0114,-1.4892,0.1896,GO_GOAL
6.666,-2.0255,-1.476,0.6177,-1.9966,-1.4885,-2.0114,-1.4892,0.1872,GO_GOAL
6.686,-2.0226,-1.4739,0.6177,-1.9936,-1.4866,-2.0114,-1.4892,0.1849,GO_GOAL
6.706,-2.0196,-1.4718,0.6177,-1.9906,-1.4847,-2.0114,-1.4892,0.1825,GO_GOAL
6.726,-2.0167,-1.4698,0.6177,-1.9875,-1.4827,-2.0114,-1.4892,0.1802,GO_GOAL
6.746,-2.0138,-1.4677,0.6177,-1.9845,-1.4808,-1.9967,-1.4788,0.1778,GO_GOAL
6.766,-2.0109,-1.4656,0.6177,-1.9814,-1.4789,-1.9967,-1.4788,0.1756,GO_GOAL
6.786,-2.008,-1.4635,0.6177,-1.9784,-1.477,-1.9967,-1.4788,0.1733,GO_GOAL
6.806,-2.0051,-1.4615,0.6177,-1.9753,-1.475,-1.9967,-1.4788,0.171,GO_GOAL
6.826,-2.0022,-1.4594,0.6177,-1.9723,-1.4731,-1.9967,-1.4788,0.1688,GO_GOAL
6.846,-1.9993,-1.4574,0.6177,-1.9693,-1.4712,-1.982,-1.4684,0.1666,GO_GOAL
6.866,-1.9963,-1.4553,0.6177,-1.9662,-1.4693,-1.982,-1.4684,0.1644,GO_GOAL
6.886,-1.9934,-1.4532,0.6177,-1.9632,-1.4673,-1.982,-1.4684,0.1621,GO_GOAL
6.906,-1.9904,-1.4511,0.6177,-1.9601,-1.4654,-1.982,-1.4684,0.1599,GO_GOAL
6.926,-1.9875,-1.449,0.6177,-1.9541,-1.4616,-1.9673,-1.4579,0.1578,GO_GOAL
6.946,-1.9846,-1.4469,0.6177,-1.9541,-1.4616,-1.9673,-1.4579,0.1556,GO_GOAL
6.966,-1.9816,-1.4448,0.6177,-1.951,-1.4596,-1.9673,-1.4579,0.1534,GO_GOAL
6.986,-1.9787,-1.4428,0.6177,-1.948,-1.4577,-1.9673,-1.4579,0.1513,GO_GOAL
7.006,-1.9758,-1.4407,0.6177,-1.9449,-1.4558,-1.9673,-1.4579,0.1492,GO_GOAL
7.026,-1.9728,-1.4386,0.6177,-1.9419,-1.4539,-1.9673,-1.4579,0.1471,GO_GOAL
7.046,-1.9699,-1.4365,0.6177,-1.9388,-1.4519,-1.9527,-1.4475,0.1451,GO_GOAL
7.066,-1.967,-1.4344,0.6177,-1.9328,-1.4481,-1.9527,-1.4475,0.143,GO_GOAL
7.086,-1.964,-1.4323,0.6177,-1.9328,-1.4481,-1.9527,-1.4475,0.141,GO_GOAL
7.106,-1.9611,-1.4303,0.6177,-1.9297,-1.4462,-1.9527,-1.4475,0.139,GO_GOAL
7.126,-1.9582,-1.4282,0.6177,-1.9267,-1.4442,-1.9527,-1.4475,0.137,GO_GOAL
7.146,-1.9552,-1.4261,0.6177,-1.9206,-1.4404,-1.938,-1.4371,0.135,GO_GOAL
7.166,-1.9523,-1.424,0.6177,-1.9206,-1.4404,-1.938,-1.4371,0.1331,GO_GOAL
7.186,-1.9494,-1.4219,0.6177,-1.9175,-1.4385,-1.938,-1.4371,0.1311,GO_GOAL
7.206,-1.9464,-1.4198,0.6177,-1.9115,-1.4346,-1.938,-1.4371,0.1292,GO_GOAL
7.226,-1.9435,-1.4178,0.6177,-1.9115,-1.4346,-1.938,-1.4371,0.1274,GO_GOAL
7.246,-1.9406,-1.4157,0.6177,-1.9084,-1.4327,-1.9204,-1.4246,0.1255,GO_GOAL
7.266,-1.9377,-1.4136,0.6177,-1.9054,-1.4308,-1.9204,-1.4246,0.1237,GO_GOAL
7.286,-1.9348,-1.4116,0.6177,-1.9023,-1.4288,-1.9204,-1.4246,0.1219,GO_GOAL
7.306,-1.9319,-1.4095,0.6177,-1.8993,-1.4269,-1.9204,-1.4246,0.1201,GO_GOAL
7.326,-1.929,-1.4075,0.6177,-1.8963,-1.425,-1.9204,-1.4246,0.1184,GO_GOAL
7.346,-1.9261,-1.4054,0.6177,-1.8932,-1.4231,-1.9086,-1.4162,0.1166,GO_GOAL
7.366,-1.9231,-1.4033,0.6177,-1.8902,-1.4211,-1.9086,-1.4162,0.1149,GO_GOAL
7.386,-1.9202,-1.4012,0.6177,-1.8871,-1.4192,-1.9086,-1.4162,0.1131,GO_GOAL
7.406,-1.9172,-1.3991,0.6177,-1.8841,-1.4173,-1.9086,-1.4162,0.1115,GO_GOAL
7.426,-1.9143,-1.397,0.6177,-1.881,-1.4154,-1.894,-1.4058,0.1098,GO_GOAL
7.446,-1.9114,-1.3949,0.6177,-1.878,-1.4134,-1.894,-1.4058,0.1082,GO_GOAL
7.466,-1.9084,-1.3928,0.6177,-1.875,-1.4115,-1.894,-1.4058,0.1066,GO_GOAL
7.486,-1.9055,-1.3908,0.6177,-1.8719,-1.4096,-1.894,-1.4058,0.105,GO_GOAL
7.506,-1.9026,-1.3887,0.6177,-1.8689,-1.4077,-1.894,-1.4058,0.1034,GO_GOAL
7.526,-1.8996,-1.3866,0.6177,-1.8628,-1.4038,-1.894,-1.4058,0.1019,GO_GOAL
7.546,-1.8967,-1.3845,0.6177,-1.8628,-1.4038,-1.8793,-1.3954,0.1004,GO_GOAL
7.566,-1.8938,-1.3824,0.6177,-1.8597,-1.4019,-1.8793,-1.3954,0.0989,GO_GOAL
7.586,-1.8908,-1.3803,0.6177,-1.8567,-1.4,-1.8793,-1.3954,0.0974,GO_GOAL
7.606,-1.8879,-1.3783,0.6177,-1.8537,-1.398,-1.8793,-1.3954,0.096,GO_GOAL
7.626,-1.885,-1.3762,0.6177,-1.8506,-1.3961,-1.8793,-1.3954,0.0946,GO_GOAL
7.646,-1.882,-1.3741,0.6177,-1.8476,-1.3942,-1.8646,-1.385,0.0932,GO_GOAL
7.666,-1.8791,-1.372,0.6177,-1.8445,-1.3923,-1.8646,-1.385,0.0919,GO_GOAL
7.686,-1.8762,-1.3699,0.6177,-1.8415,-1.3903,-1.8646,-1.385,0.0906,GO_GOAL
7.706,-1.8733,-1.3679,0.6177,-1.8385,-1.3884,-1.8646,-1.385,0.0893,GO_GOAL
7.726,-1.8703,-1.3658,0.6177,-1.8354,-1.3865,-1.8646,-1.385,0.088,GO_GOAL
7.746,-1.8674,-1.3637,0.6177,-1.8324,-1.3845,-1.847,-1.3725,0.0868,GO_GOAL
7.766,-1.8645,-1.3617,0.6177,-1.8293,-1.3826,-1.847,-1.3725,0.0856,GO_GOAL
7.786,-1.8617,-1.3596,0.6177,-1.8263,-1.3807,-1.847,-1.3725,0.0845,GO_GOAL
7.806,-1.8587,-1.3575,0.6177,-1.8232,-1.3788,-1.847,-1.3725,0.0833,GO_GOAL
7.826,-1.8558,-1.3554,0.6177,-1.8202,-1.3768,-1.847,-1.3725,0.0822,GO_GOAL
7.846,-1.8528,-1.3533,0.6177,-1.8172,-1.3749,-1.8353,-1.3641,0.0811,GO_GOAL
7.866,-1.8499,-1.3513,0.6177,-1.8141,-1.373,-1.8353,-1.3641,0.08,GO_GOAL
7.886,-1.847,-1.3492,0.6177,-1.8111,-1.3711,-1.8353,-1.3641,0.079,GO_GOAL
7.906,-1.844,-1.3471,0.6177,-1.808,-1.3691,-1.8353,-1.3641,0.078,GO_GOAL
7.926,-1.8411,-1.345,0.6177,-1.805,-1.3672,-1.8353,-1.3641,0.077,GO_GOAL
7.946,-1.8382,-1.3429,0.6177,-1.7989,-1.3634,-1.8177,-1.3516,0.0761,GO_GOAL
7.966,-1.8352,-1.3408,0.6177,-1.7989,-1.3634,-1.8177,-1.3516,0.0752,GO_GOAL
7.986,-1.8323,-1.3387,0.6177,-1.7959,-1.3614,-1.8177,-1.3516,0.0743,GO_GOAL
8.006,-1.8293,-1.3367,0.6177,-1.7928,-1.3595,-1.8177,-1.3516,0.0735,GO_GOAL
8.026,-1.8264,-1.3346,0.6177,-1.7898,-1.3576,-1.8177,-1.3516,0.0727,GO_GOAL
8.046,-1.8235,-1.3325,0.6177,-1.7867,-1.3557,-1.8059,-1.3433,0.0719,GO_GOAL
8.066,-1.8206,-1.3304,0.6177,-1.7837,-1.3537,-1.8059,-1.3433,0.0712,GO_GOAL
8.086,-1.8176,-1.3283,0.6177,-1.7807,-1.3518,-1.8059,-1.3433,0.0704,GO_GOAL
8.106,-1.8147,-1.3262,0.6177,-1.7776,-1.3499,-1.8059,-1.3433,0.0698,GO_GOAL
8.126,-1.8118,-1.3242,0.6177,-1.7746,-1.348,-1.8059,-1.3433,0.0691,GO_GOAL
8.146,-1.8088,-1.3221,0.6177,-1.7715,-1.346,-1.7913,-1.3328,0.0685,GO_GOAL
8.166,-1.8059,-1.32,0.6177,-1.7685,-1.3441,-1.7913,-1.3328,0.0679,GO_GOAL
8.186,-1.803,-1.318,0.6177,-1.7654,-1.3422,-1.7913,-1.3328,0.0674,GO_GOAL
8.206,-1.8001,-1.3159,0.6177,-1.7624,-1.3403,-1.7913,-1.3328,0.0669,GO_GOAL
8.226,-1.7972,-1.3138,0.6177,-1.7594,-1.3383,-1.7913,-1.3328,0.0664,GO_GOAL
8.246,-1.7943,-1.3118,0.6177,-1.7563,-1.3364,-1.7766,-1.3224,0.066,GO_GOAL
8.266,-1.7914,-1.3097,0.6177,-1.7533,-1.3345,-1.7766,-1.3224,0.0656,GO_GOAL
8.286,-1.7884,-1.3076,0.6177,-1.7502,-1.3326,-1.7766,-1.3224,0.0652,GO_GOAL
8.306,-1.7855,-1.3055,0.6177,-1.7472,-1.3306,-1.7766,-1.3224,0.0648,GO_GOAL
8.326,-1.7825,-1.3034,0.6177,-1.7441,-1.3287,-1.7766,-1.3224,0.0645,GO_GOAL
8.346,-1.7796,-1.3013,0.6177,-1.7411,-1.3268,-1.7619,-1.312,0.0642,GO_GOAL
8.366,-1.7767,-1.2992,0.6177,-1.735,-1.3229,-1.7619,-1.312,0.064,GO_GOAL
8.386,-1.7737,-1.2971,0.6177,-1.735,-1.3229,-1.7619,-1.312,0.0638,GO_GOAL
8.406,-1.7708,-1.2951,0.6177,-1.732,-1.321,-1.7619,-1.312,0.0636,GO_GOAL
8.426,-1.7679,-1.293,0.6177,-1.7289,-1.3191,-1.7619,-1.312,0.0635,GO_GOAL
8.446,-1.7649,-1.2909,0.6177,-1.7259,-1.3172,-1.7472,-1.3016,0.0634,GO_GOAL
8.466,-1.762,-1.2888,0.6177,-1.7229,-1.3152,-1.7472,-1.3016,0.0633,GO_GOAL
8.486,-1.7591,-1.2867,0.6177,-1.7198,-1.3133,-1.7472,-1.3016,0.0633,GO_GOAL
8.506,-1.7561,-1.2846,0.6177,-1.7168,-1.3114,-1.7472,-1.3016,0.0633,GO_GOAL
8.526,-1.7532,-1.2826,0.6177,-1.7137,-1.3095,-1.7472,-1.3016,0.0633,GO_GOAL
8.546,-1.7503,-1.2805,0.6177,-1.7107,-1.3075,-1.7326,-1.2911,0.0634,GO_GOAL
8.566,-1.7474,-1.2784,0.6177,-1.7076,-1.3056,-1.7326,-1.2911,0.0635,GO_GOAL
8.586,-1.7444,-1.2763,0.6177,-1.7046,-1.3037,-1.7326,-1.2911,0.0636,GO_GOAL
8.606,-1.7415,-1.2743,0.6177,-1.6985,-1.2998,-1.7326,-1.2911,0.0638,GO_GOAL
8.626,-1.7386,-1.2722,0.6177,-1.6955,-1.2979,-1.7326,-1.2911,0.064,GO_GOAL
8.646,-1.7357,-1.2701,0.6177,-1.6955,-1.2979,-1.7179,-1.2807,0.0643,GO_GOAL
8.666,-1.7328,-1.2681,0.6177,-1.6924,-1.296,-1.7179,-1.2807,0.0645,GO_GOAL
8.686,-1.7299,-1.266,0.6177,-1.6894,-1.2941,-1.7179,-1.2807,0.0648,GO_GOAL
8.706,-1.7269,-1.2639,0.6177,-1.6864,-1.2921,-1.7179,-1.2807,0.0652,GO_GOAL
8.726,-1.724,-1.2618,0.6177,-1.6833,-1.2902,-1.7179,-1.2807,0.0656,GO_GOAL
8.746,-1.721,-1.2597,0.6177,-1.6803,-1.2883,-1.7032,-1.2703,0.066,GO_GOAL
8.766,-1.7181,-1.2576,0.6177,-1.6772,-1.2864,-1.7032,-1.2703,0.0664,GO_GOAL
8.786,-1.7152,-1.2555,0.6177,-1.6742,-1.2844,-1.7032,-1.2703,0.0669,GO_GOAL
8.806,-1.7122,-1.2535,0.6177,-1.6711,-1.2825,-1.7032,-1.2703,0.0674,GO_GOAL
8.826,-1.7093,-1.2514,0.6177,-1.6681,-1.2806,-1.7032,-1.2703,0.068,GO_GOAL
8.846,-1.7064,-1.2493,0.6177,-1.6651,-1.2787,-1.6885,-1.2599,0.0686,GO_GOAL
8.866,-1.7034,-1.2472,0.6177,-1.662,-1.2767,-1.6885,-1.2599,0.0692,GO_GOAL
8.886,-1.7005,-1.2451,0.6177,-1.6559,-1.2729,-1.6885,-1.2599,0.0698,GO_GOAL
8.906,-1.6976,-1.243,0.6177,-1.6559,-1.2729,-1.6885,-1.2599,0.0705,GO_GOAL
8.926,-1.6946,-1.241,0.6177,-1.6498,-1.269,-1.6739,-1.2494,0.0712,GO_GOAL
8.946,-1.6917,-1.2389,0.6177,-1.6498,-1.269,-1.6739,-1.2494,0.072,GO_GOAL
8.966,-1.6888,-1.2368,0.6177,-1.6468,-1.2671,-1.6739,-1.2494,0.0727,GO_GOAL
8.986,-1.6859,-1.2347,0.6177,-1.6407,-1.2633,-1.6739,-1.2494,0.0735,GO_GOAL
9.006,-1.6829,-1.2326,0.6177,-1.6407,-1.2633,-1.6739,-1.2494,0.0744,GO_GOAL
9.026,-1.68,-1.2306,0.6177,-1.6377,-1.2613,-1.6739,-1.2494,0.0753,GO_GOAL
9.046,-1.6771,-1.2285,0.6177,-1.6346,-1.2594,-1.6592,-1.239,0.0761,GO_GOAL
9.066,-1.6742,-1.2265,0.6177,-1.6286,-1.2556,-1.6592,-1.239,0.0771,GO_GOAL
9.086,-1.6713,-1.2244,0.6177,-1.6286,-1.2556,-1.6592,-1.239,0.078,GO_GOAL
9.106,-1.6684,-1.2223,0.6177,-1.6255,-1.2536,-1.6592,-1.239,0.079,GO_GOAL
9.126,-1.6654,-1.2202,0.6177,-1.6194,-1.2498,-1.6592,-1.239,0.0801,GO_GOAL
9.146,-1.6625,-1.2181,0.6177,-1.6194,-1.2498,-1.6445,-1.2286,0.0811,GO_GOAL
9.166,-1.6595,-1.216,0.6177,-1.6164,-1.2479,-1.6445,-1.2286,0.0822,GO_GOAL
9.186,-1.6566,-1.2139,0.6177,-1.6133,-1.2459,-1.6445,-1.2286,0.0833,GO_GOAL
9.206,-1.6537,-1.2118,0.6177,-1.6103,-1.244,-1.6445,-1.2286,0.0845,GO_GOAL
9.226,-1.6507,-1.2098,0.6177,-1.6073,-1.2421,-1.6445,-1.2286,0.0857,GO_GOAL
9.246,-1.6478,-1.2077,0.6177,-1.6042,-1.2402,-1.6298,-1.2182,0.0869,GO_GOAL
9.266,-1.6449,-1.2056,0.6177,-1.6012,-1.2382,-1.6298,-1.2182,0.0881,GO_GOAL
9.286,-1.6419,-1.2035,0.6177,-1.5981,-1.2363,-1.6298,-1.2182,0.0894,GO_GOAL
9.306,-1.639,-1.2014,0.6177,-1.592,-1.2325,-1.6298,-1.2182,0.0907,GO_GOAL
9.326,-1.6361,-1.1993,0.6177,-1.592,-1.2325,-1.6298,-1.2182,0.092,GO_GOAL
9.346,-1.6331,-1.1973,0.6177,-1.589,-1.2305,-1.6152,-1.2077,0.0933,GO_GOAL
9.366,-1.6302,-1.1952,0.6177,-1.586,-1.2286,-1.6152,-1.2077,0.0947,GO_GOAL
9.386,-1.6273,-1.1931,0.6177,-1.5829,-1.2267,-1.6152,-1.2077,0.0961,GO_GOAL
9.406,-1.6244,-1.191,0.6177,-1.5799,-1.2248,-1.6152,-1.2077,0.0975,GO_GOAL
9.426,-1.6215,-1.189,0.6177,-1.5768,-1.2228,-1.6152,-1.2077,0.099,GO_GOAL
9.446,-1.6186,-1.1869,0.6177,-1.5738,-1.2209,-1.6005,-1.1973,0.1005,GO_GOAL
9.466,-1.6157,-1.1848,0.6177,-1.5708,-1.219,-1.6005,-1.1973,0.102,GO_GOAL
9.486,-1.6127,-1.1828,0.6177,-1.5677,-1.2171,-1.6005,-1.1973,0.1035,GO_GOAL
9.506,-1.6098,-1.1807,0.6177,-1.5647,-1.2151,-1.6005,-1.1973,0.1051,GO_GOAL
9.526,-1.6068,-1.1786,0.6177,-1.5586,-1.2113,-1.6005,-1.1973,0.1066,GO_GOAL
9.546,-1.6039,-1.1765,0.6177,-1.5586,-1.2113,-1.5858,-1.1869,0.1083,GO_GOAL
9.566,-1.601,-1.1744,0.6177,-1.5555,-1.2094,-1.5858,-1.1869,0.1099,GO_GOAL
9.586,-1.598,-1.1723,0.6177,-1.5525,-1.2074,-1.5858,-1.1869,0.1116,GO_GOAL
9.606,-1.5951,-1.1702,0.6177,-1.5495,-1.2055,-1.5858,-1.1869,0.1132,GO_GOAL
9.626,-1.5922,-1.1681,0.6177,-1.5464,-1.2036,-1.5858,-1.1869,0.1149,GO_GOAL
9.646,-1.5892,-1.1661,0.6177,-1.5434,-1.2017,-1.5711,-1.1765,0.1167,GO_GOAL
9.666,-1.5863,-1.164,0.6177,-1.5403,-1.1997,-1.5711,-1.1765,0.1184,GO_GOAL
9.686,-1.5834,-1.1619,0.6177,-1.5373,-1.1978,-1.5711,-1.1765,0.1202,GO_GOAL
9.706,-1.5804,-1.1598,0.6177,-1.5343,-1.1959,-1.5711,-1.1765,0.122,GO_GOAL
9.726,-1.5775,-1.1577,0.6177,-1.5282,-1.192,-1.5711,-1.1765,0.1238,GO_GOAL
9.746,-1.5746,-1.1556,0.6177,-1.5282,-1.192,-1.5565,-1.166,0.1257,GO_GOAL
9.766,-1.5716,-1.1536,0.6177,-1.5221,-1.1882,-1.5565,-1.166,0.1275,GO_GOAL
9.786,-1.5687,-1.1515,0.6177,-1.5221,-1.1882,-1.5565,-1.166,0.1294,GO_GOAL
9.806,-1.5658,-1.1494,0.6177,-1.519,-1.1863,-1.5565,-1.166,0.1313,GO_GOAL
9.826,-1.5629,-1.1473,0.6177,-1.516,-1.1843,-1.5565,-1.166,0.1332,GO_GOAL
9.846,-1.56,-1.1453,0.6177,-1.513,-1.1824,-1.5418,-1.1556,0.1352,GO_GOAL
9.866,-1.5571,-1.1432,0.6177,-1.5099,-1.1805,-1.5418,-1.1556,0.1371,GO_GOAL
9.886,-1.5541,-1.1411,0.6177,-1.5069,-1.1786,-1.5418,-1.1556,0.1391,GO_GOAL
9.906,-1.5512,-1.139,0.6177,-1.5038,-1.1766,-1.5418,-1.1556,0.1411,GO_GOAL
9.926,-1.5483,-1.137,0.6177,-1.5008,-1.1747,-1.5271,-1.1452,0.1432,GO_GOAL
9.946,-1.5453,-1.1349,0.6177,-1.4977,-1.1728,-1.5271,-1.1452,0.1452,GO_GOAL
9.966,-1.5424,-1.1328,0.6177,-1.4947,-1.1709,-1.5271,-1.1452,0.1473,GO_GOAL
9.986,-1.5395,-1.1307,0.6177,-1.4917,-1.1689,-1.5271,-1.1452,0.1494,GO_GOAL
10.006,-1.5365,-1.1286,0.6177,-1.4886,-1.167,-1.5271,-1.1452,0.1515,GO_GOAL
10.026,-1.5336,-1.1265,0.6177,-1.4856,-1.1651,-1.5271,-1.1452,0.1536,GO_GOAL
10.046,-1.5307,-1.1244,0.6177,-1.4825,-1.1632,-1.5125,-1.1348,0.1557,GO_GOAL
10.066,-1.5277,-1.1224,0.6177,-1.4795,-1.1612,-1.5125,-1.1348,0.1579,GO_GOAL
10.086,-1.5248,-1.1203,0.6177,-1.4765,-1.1593,-1.5125,-1.1348,0.1601,GO_GOAL
10.106,-1.5219,-1.1182,0.6177,-1.4734,-1.1574,-1.5125,-1.1348,0.1623,GO_GOAL
10.126,-1.5189,-1.1161,0.6177,-1.4704,-1.1555,-1.5125,-1.1348,0.1645,GO_GOAL
10.146,-1.516,-1.114,0.6177,-1.4673,-1.1535,-1.4978,-1.1243,0.1667,GO_GOAL
10.166,-1.5131,-1.1119,0.6177,-1.4643,-1.1516,-1.4978,-1.1243,0.169,GO_GOAL
10.186,-1.5101,-1.1099,0.6177,-1.4612,-1.1497,-1.4978,-1.1243,0.1712,GO_GOAL
10.206,-1.5072,-1.1078,0.6177,-1.4582,-1.1478,-1.4978,-1.1243,0.1735,GO_GOAL
10.226,-1.5043,-1.1057,0.6177,-1.4552,-1.1458,-1.4978,-1.1243,0.1758,GO_GOAL
10.246,-1.5014,-1.1037,0.6177,-1.4491,-1.142,-1.4831,-1.1139,0.178,GO_GOAL
10.266,-1.4985,-1.1016,0.6177,-1.446,-1.1401,-1.4831,-1.1139,0.1804,GO_GOAL
10.286,-1.4956,-1.0995,0.6177,-1.446,-1.1401,-1.4831,-1.1139,0.1827,GO_GOAL
10.306,-1.4926,-1.0974,0.6177,-1.443,-1.1381,-1.4831,-1.1139,0.1851,GO_GOAL
10.326,-1.4897,-1.0953,0.6177,-1.4399,-1.1362,-1.4684,-1.1035,0.1874,GO_GOAL
10.346,-1.4867,-1.0932,0.6177,-1.4369,-1.1343,-1.4684,-1.1035,0.1898,GO_GOAL
10.366,-1.4838,-1.0912,0.6177,-1.4339,-1.1324,-1.4684,-1.1035,0.1922,GO_GOAL
10.386,-1.4809,-1.0891,0.6177,-1.4308,-1.1304,-1.4684,-1.1035,0.1946,GO_GOAL
10.406,-1.4779,-1.087,0.6177,-1.4278,-1.1285,-1.4684,-1.1035,0.1971,GO_GOAL
10.426,-1.475,-1.0849,0.6177,-1.4247,-1.1266,-1.4684,-1.1035,0.1995,GO_GOAL
10.446,-1.4721,-1.0828,0.6177,-1.4187,-1.1227,-1.4538,-1.0931,0.202,GO_GOAL
10.466,-1.4691,-1.0807,0.6177,-1.4187,-1.1227,-1.4538,-1.0931,0.2044,GO_GOAL
10.486,-1.4662,-1.0787,0.6177,-1.4156,-1.1208,-1.4538,-1.0931,0.2069,GO_GOAL
10.506,-1.4633,-1.0766,0.6177,-1.4126,-1.1189,-1.4538,-1.0931,0.2094,GO_GOAL
10.526,-1.4604,-1.0745,0.6177,-1.4065,-1.115,-1.4538,-1.0931,0.2119,GO_GOAL
10.546,-1.4574,-1.0724,0.6177,-1.4065,-1.115,-1.4391,-1.0826,0.2144,GO_GOAL
10.566,-1.4545,-1.0703,0.6177,-1.4034,-1.1131,-1.4391,-1.0826,0.217,GO_GOAL
10.586,-1.4516,-1.0683,0.6177,-1.4004,-1.1112,-1.4391,-1.0826,0.2195,GO_GOAL
10.606,-1.4487,-1.0662,0.6177,-1.3974,-1.1093,-1.4391,-1.0826,0.222,GO_GOAL
10.626,-1.4458,-1.0641,0.6177,-1.3943,-1.1073,-1.4391,-1.0826,0.2246,GO_GOAL
10.646,-1.4428,-1.062,0.6177,-1.3882,-1.1035,-1.4244,-1.0722,0.2272,GO_GOAL
10.666,-1.4399,-1.06,0.6177,-1.3882,-1.1035,-1.4244,-1.0722,0.2297,GO_GOAL
10.686,-1.437,-1.0579,0.6177,-1.3852,-1.1016,-1.4244,-1.0722,0.2324,GO_GOAL
10.706,-1.434,-1.0558,0.6177,-1.3822,-1.0996,-1.4244,-1.0722,0.235,GO_GOAL
10.726,-1.4311,-1.0537,0.6177,-1.3791,-1.0977,-1.4244,-1.0722,0.2376,GO_GOAL
10.746,-1.4282,-1.0516,0.6177,-1.3761,-1.0958,-1.4097,-1.0618,0.2402,GO_GOAL
10.766,-1.4252,-1.0495,0.6177,-1.37,-1.0919,-1.4097,-1.0618,0.2429,GO_GOAL
10.786,-1.4223,-1.0474,0.6177,-1.37,-1.0919,-1.4097,-1.0618,0.2456,GO_GOAL
10.806,-1.4194,-1.0454,0.6177,-1.3669,-1.09,-1.4097,-1.0618,0.2482,GO_GOAL
10.826,-1.4164,-1.0433,0.6177,-1.3639,-1.0881,-1.4097,-1.0618,0.2509,GO_GOAL
10.846,-1.4135,-1.0412,0.6177,-1.3609,-1.0862,-1.3951,-1.0514,0.2536,GO_GOAL
10.866,-1.4106,-1.0391,0.6177,-1.3548,-1.0823,-1.3951,-1.0514,0.2563,GO_GOAL
10.886,-1.4076,-1.037,0.6177,-1.3548,-1.0823,-1.3951,-1.0514,0.259,GO_GOAL
10.906,-1.4047,-1.0349,0.6177,-1.3517,-1.0804,-1.3951,-1.0514,0.2617,GO_GOAL
10.926,-1.4018,-1.0329,0.6177,-1.3487,-1.0785,-1.3951,-1.0514,0.2644,GO_GOAL
10.946,-1.3989,-1.0308,0.6177,-1.3456,-1.0765,-1.3804,-1.0409,0.2672,GO_GOAL
10.966,-1.396,-1.0287,0.6177,-1.3426,-1.0746,-1.3804,-1.0409,0.2699,GO_GOAL
10.986,-1.393,-1.0267,0.6177,-1.3396,-1.0727,-1.3804,-1.0409,0.2726,GO_GOAL
11.006,-1.3901,-1.0246,0.6177,-1.3365,-1.0708,-1.3804,-1.0409,0.2754,GO_GOAL
11.026,-1.3872,-1.0225,0.6177,-1.3335,-1.0688,-1.3804,-1.0409,0.2782,GO_GOAL
11.046,-1.3842,-1.0204,0.6177,-1.3304,-1.0669,-1.3657,-1.0305,0.281,GO_GOAL
11.066,-1.3813,-1.0183,0.6177,-1.3244,-1.0631,-1.3657,-1.0305,0.2838,GO_GOAL
11.086,-1.3784,-1.0162,0.6177,-1.3213,-1.0611,-1.3657,-1.0305,0.2866,GO_GOAL
11.106,-1.3754,-1.0141,0.6177,-1.3213,-1.0611,-1.3657,-1.0305,0.2894,GO_GOAL
11.126,-1.3725,-1.0121,0.6177,-1.3183,-1.0592,-1.3657,-1.0305,0.2922,GO_GOAL
11.146,-1.3696,-1.01,0.6177,-1.3152,-1.0573,-1.351,-1.0201,0.295,GO_GOAL
11.166,-1.3666,-1.0079,0.6177,-1.3122,-1.0553,-1.351,-1.0201,0.2979,GO_GOAL
11.186,-1.3637,-1.0058,0.6177,-1.3091,-1.0534,-1.351,-1.0201,0.3007,GO_GOAL
11.206,-1.3608,-1.0037,0.6177,-1.3061,-1.0515,-1.351,-1.0201,0.3036,GO_GOAL
11.226,-1.3578,-1.0016,0.6177,-1.3031,-1.0496,-1.351,-1.0201,0.3064,GO_GOAL
11.246,-1.3549,-0.9996,0.6177,-1.3,-1.0476,-1.3364,-1.0097,0.3093,GO_GOAL
11.266,-1.352,-0.9975,0.6177,-1.297,-1.0457,-1.3364,-1.0097,0.3121,GO_GOAL
11.286,-1.3491,-0.9954,0.6177,-1.2909,-1.0419,-1.3364,-1.0097,0.315,GO_GOAL
11.306,-1.3462,-0.9934,0.6177,-1.2909,-1.0419,-1.3364,-1.0097,0.3179,GO_GOAL
11.326,-1.3432,-0.9913,0.6177,-1.2879,-1.0399,-1.3364,-1.0097,0.3208,GO_GOAL
11.346,-1.3403,-0.9892,0.6177,-1.2848,-1.038,-1.3217,-0.9992,0.3237,GO_GOAL
11.366,-1.3374,-0.9871,0.6177,-1.2818,-1.0361,-1.3217,-0.9992,0.3266,GO_GOAL
11.386,-1.3344,-0.985,0.6177,-1.2787,-1.0342,-1.3217,-0.9992,0.3295,GO_GOAL
11.406,-1.3315,-0.9829,0.6177,-1.2726,-1.0303,-1.3217,-0.9992,0.3324,GO_GOAL
11.426,-1.3286,-0.9808,0.6177,-1.2696,-1.0284,-1.3217,-0.9992,0.3354,GO_GOAL
11.446,-1.3256,-0.9788,0.6177,-1.2696,-1.0284,-1.307,-0.9888,0.3383,GO_GOAL
11.466,-1.3227,-0.9767,0.6177,-1.2666,-1.0265,-1.307,-0.9888,0.3412,GO_GOAL
11.486,-1.3197,-0.9746,0.6177,-1.2605,-1.0226,-1.307,-0.9888,0.3442,GO_GOAL
11.506,-1.3168,-0.9725,0.6177,-1.2605,-1.0226,-1.307,-0.9888,0.3472,GO_GOAL
11.526,-1.3139,-0.9704,0.6177,-1.2574,-1.0207,-1.307,-0.9888,0.3501,GO_GOAL
11.546,-1.311,-0.9683,0.6177,-1.2544,-1.0188,-1.2923,-0.9784,0.3531,GO_GOAL
11.566,-1.308,-0.9663,0.6177,-1.2513,-1.0168,-1.2923,-0.9784,0.3561,GO_GOAL
11.586,-1.3051,-0.9642,0.6177,-1.2483,-1.0149,-1.2923,-0.9784,0.359,GO_GOAL
11.606,-1.3022,-0.9621,0.6177,-1.2422,-1.0111,-1.2923,-0.9784,0.362,GO_GOAL
11.626,-1.2993,-0.96,0.6177,-1.2422,-1.0111,-1.2923,-0.9784,0.365,GO_GOAL
11.646,-1.2964,-0.958,0.6177,-1.2361,-1.0072,-1.2777,-0.968,0.368,GO_GOAL
11.666,-1.2934,-0.9559,0.6177,-1.2361,-1.0072,-1.2777,-0.968,0.371,GO_GOAL
11.686,-1.2905,-0.9538,0.6177,-1.2331,-1.0053,-1.2777,-0.968,0.374,GO_GOAL
11.706,-1.2875,-0.9517,0.6177,-1.2301,-1.0034,-1.2777,-0.968,0.377,GO_GOAL
11.726,-1.2846,-0.9496,0.6177,-1.227,-1.0014,-1.2777,-0.968,0.38,GO_GOAL
11.746,-1.2817,-0.9475,0.6177,-1.224,-0.9995,-1.263,-0.9575,0.3831,GO_GOAL
11.766,-1.2787,-0.9454,0.6177,-1.2209,-0.9976,-1.263,-0.9575,0.3861,GO_GOAL
11.786,-1.2758,-0.9434,0.6177,-1.2148,-0.9937,-1.263,-0.9575,0.3891,GO_GOAL
11.806,-1.2729,-0.9413,0.6177,-1.2148,-0.9937,-1.263,-0.9575,0.3922,GO_GOAL
11.826,-1.2699,-0.9392,0.6177,-1.2118,-0.9918,-1.263,-0.9575,0.3952,GO_GOAL
11.846,-1.267,-0.9371,0.6177,-1.2088,-0.9899,-1.2483,-0.9471,0.3983,GO_GOAL
11.866,-1.2641,-0.935,0.6177,-1.2057,-0.988,-1.2483,-0.9471,0.4014,GO_GOAL
11.886,-1.2612,-0.933,0.6177,-1.2027,-0.986,-1.2483,-0.9471,0.4044,GO_GOAL
11.906,-1.2582,-0.9309,0.6177,-1.1996,-0.9841,-1.2483,-0.9471,0.4075,GO_GOAL
11.926,-1.2553,-0.9288,0.6177,-1.1966,-0.9822,-1.2483,-0.9471,0.4105,GO_GOAL
11.946,-1.2524,-0.9267,0.6177,-1.1905,-0.9783,-1.2337,-0.9367,0.4136,GO_GOAL
11.966,-1.2495,-0.9246,0.6177,-1.1905,-0.9783,-1.2337,-0.9367,0.4167,GO_GOAL
11.986,-1.2465,-0.9226,0.6177,-1.1844,-0.9745,-1.2337,-0.9367,0.4198,GO_GOAL
12.006,-1.2436,-0.9205,0.6177,-1.1814,-0.9726,-1.2337,-0.9367,0.4229,GO_GOAL
12.026,-1.2407,-0.9184,0.6177,-1.1814,-0.9726,-1.2337,-0.9367,0.426,GO_GOAL
12.046,-1.2377,-0.9163,0.6177,-1.1783,-0.9706,-1.219,-0.9263,0.4291,GO_GOAL
12.066,-1.2348,-0.9142,0.6177,-1.1753,-0.9687,-1.219,-0.9263,0.4322,GO_GOAL
12.086,-1.2319,-0.9121,0.6177,-1.1723,-0.9668,-1.219,-0.9263,0.4353,GO_GOAL
12.106,-1.2289,-0.9101,0.6177,-1.1692,-0.9649,-1.219,-0.9263,0.4384,GO_GOAL
12.126,-1.226,-0.908,0.6177,-1.1662,-0.9629,-1.219,-0.9263,0.4415,GO_GOAL
12.146,-1.2231,-0.9059,0.6177,-1.1631,-0.961,-1.2014,-0.9138,0.4447,GO_GOAL
12.166,-1.2201,-0.9038,0.6177,-1.1601,-0.9591,-1.2014,-0.9138,0.4478,GO_GOAL
12.186,-1.2172,-0.9017,0.6177,-1.157,-0.9572,-1.2014,-0.9138,0.4503,GO_GOAL
12.206,-1.2143,-0.8997,0.6177,-1.154,-0.9552,-1.2014,-0.9138,0.4474,GO_GOAL
12.226,-1.2114,-0.8976,0.6177,-1.151,-0.9533,-1.2014,-0.9138,0.4445,GO_GOAL
12.246,-1.2084,-0.8955,0.6177,-1.1479,-0.9514,-1.1896,-0.9054,0.4416,GO_GOAL
12.266,-1.2055,-0.8934,0.6177,-1.1449,-0.9495,-1.1896,-0.9054,0.4387,GO_GOAL
12.286,-1.2026,-0.8913,0.6177,-1.1418,-0.9475,-1.1896,-0.9054,0.4358,GO_GOAL
12.306,-1.1996,-0.8892,0.6177,-1.1357,-0.9437,-1.1896,-0.9054,0.4329,GO_GOAL
12.326,-1.1967,-0.8872,0.6177,-1.1357,-0.9437,-1.1896,-0.9054,0.43,GO_GOAL
12.346,-1.1938,-0.8851,0.6177,-1.1327,-0.9418,-1.175,-0.895,0.4271,GO_GOAL
12.366,-1.1908,-0.883,0.6177,-1.1297,-0.9398,-1.175,-0.895,0.4243,GO_GOAL
12.386,-1.1879,-0.8809,0.6177,-1.1266,-0.9379,-1.175,-0.895,0.4214,GO_GOAL
12.406,-1.185,-0.8788,0.6177,-1.1236,-0.936,-1.175,-0.895,0.4186,GO_GOAL
12.428,-1.182,-0.8767,0.6177,-1.1175,-0.9321,-1.1573,-0.8825,0.4158,GO_GOAL
12.446,-1.1791,-0.8747,0.6177,-1.1175,-0.9321,-1.1573,-0.8825,0.4129,GO_GOAL
12.466,-1.1762,-0.8726,0.6177,-1.1114,-0.9283,-1.1573,-0.8825,0.4101,GO_GOAL
12.486,-1.1733,-0.8705,0.6177,-1.1114,-0.9283,-1.1573,-0.8825,0.4073,GO_GOAL
12.506,-1.1703,-0.8684,0.6177,-1.1084,-0.9264,-1.1573,-0.8825,0.4045,GO_GOAL
12.526,-1.1674,-0.8663,0.6177,-1.1053,-0.9244,-1.1456,-0.8741,0.4017,GO_GOAL
12.546,-1.1645,-0.8643,0.6177,-1.1023,-0.9225,-1.1456,-0.8741,0.3989,GO_GOAL
12.566,-1.1615,-0.8622,0.6177,-1.0962,-0.9187,-1.1456,-0.8741,0.3961,GO_GOAL
12.586,-1.1586,-0.8601,0.6177,-1.0962,-0.9187,-1.1456,-0.8741,0.3933,GO_GOAL
12.606,-1.1557,-0.858,0.6177,-1.0932,-0.9167,-1.1456,-0.8741,0.3905,GO_GOAL
12.626,-1.1527,-0.8559,0.6177,-1.0901,-0.9148,-1.1456,-0.8741,0.3878,GO_GOAL
12.646,-1.1498,-0.8538,0.6177,-1.0871,-0.9129,-1.1309,-0.8637,0.385,GO_GOAL
12.666,-1.1469,-0.8518,0.6177,-1.084,-0.911,-1.1309,-0.8637,0.3822,GO_GOAL
12.686,-1.1439,-0.8497,0.6177,-1.081,-0.909,-1.1309,-0.8637,0.3795,GO_GOAL
12.706,-1.141,-0.8476,0.6177,-1.078,-0.9071,-1.1309,-0.8637,0.3768,GO_GOAL
12.726,-1.1381,-0.8455,0.6177,-1.0749,-0.9052,-1.1309,-0.8637,0.3741,GO_GOAL
12.746,-1.1352,-0.8434,0.6177,-1.0719,-0.9033,-1.1163,-0.8533,0.3713,GO_GOAL
12.766,-1.1322,-0.8414,0.6177,-1.0688,-0.9013,-1.1163,-0.8533,0.3686,GO_GOAL
12.786,-1.1293,-0.8393,0.6177,-1.0658,-0.8994,-1.1163,-0.8533,0.3659,GO_GOAL
12.806,-1.1264,-0.8372,0.6177,-1.0627,-0.8975,-1.1163,-0.8533,0.3632,GO_GOAL
12.826,-1.1234,-0.8351,0.6177,-1.0597,-0.8956,-1.1163,-0.8533,0.3605,GO_GOAL
12.846,-1.1205,-0.833,0.6177,-1.0567,-0.8936,-1.1016,-0.8429,0.3578,GO_GOAL
12.866,-1.1176,-0.8309,0.6177,-1.0536,-0.8917,-1.1016,-0.8429,0.3552,GO_GOAL
12.886,-1.1146,-0.8288,0.6177,-1.0506,-0.8898,-1.1016,-0.8429,0.3525,GO_GOAL
12.906,-1.1117,-0.8268,0.6177,-1.0445,-0.8859,-1.1016,-0.8429,0.3498,GO_GOAL
12.926,-1.1088,-0.8247,0.6177,-1.0414,-0.884,-1.1016,-0.8429,0.3472,GO_GOAL
12.946,-1.1059,-0.8226,0.6177,-1.0414,-0.884,-1.084,-0.8304,0.3446,GO_GOAL
12.966,-1.1029,-0.8205,0.6177,-1.0384,-0.8821,-1.084,-0.8304,0.342,GO_GOAL
12.986,-1.1,-0.8184,0.6177,-1.0354,-0.8802,-1.084,-0.8304,0.3393,GO_GOAL
13.006,-1.097,-0.8164,0.6177,-1.0323,-0.8782,-1.084,-0.8304,0.3367,GO_GOAL
13.026,-1.0941,-0.8143,0.6177,-1.0262,-0.8744,-1.0722,-0.822,0.3341,GO_GOAL
13.046,-1.0912,-0.8122,0.6177,-1.0232,-0.8725,-1.0722,-0.822,0.3315,GO_GOAL
13.066,-1.0882,-0.8101,0.6177,-1.0232,-0.8725,-1.0722,-0.822,0.3289,GO_GOAL
13.086,-1.0853,-0.808,0.6177,-1.0202,-0.8705,-1.0722,-0.822,0.3264,GO_GOAL
13.106,-1.0824,-0.8059,0.6177,-1.0171,-0.8686,-1.0722,-0.822,0.3238,GO_GOAL
13.126,-1.0795,-0.8039,0.6177,-1.0141,-0.8667,-1.0576,-0.8116,0.3213,GO_GOAL
13.146,-1.0765,-0.8018,0.6177,-1.011,-0.8648,-1.0576,-0.8116,0.3187,GO_GOAL
13.166,-1.0736,-0.7997,0.6177,-1.008,-0.8628,-1.0576,-0.8116,0.3162,GO_GOAL
13.186,-1.0707,-0.7976,0.6177,-1.0019,-0.859,-1.0576,-0.8116,0.3137,GO_GOAL
13.206,-1.0677,-0.7955,0.6177,-1.0019,-0.859,-1.0576,-0.8116,0.3112,GO_GOAL
13.226,-1.0648,-0.7934,0.6177,-0.9989,-0.8571,-1.0576,-0.8116,0.3087,GO_GOAL
13.246,-1.0619,-0.7914,0.6177,-0.9958,-0.8551,-1.0429,-0.8012,0.3062,GO_GOAL
13.266,-1.0589,-0.7893,0.6177,-0.9928,-0.8532,-1.0429,-0.8012,0.3037,GO_GOAL
13.286,-1.056,-0.7872,0.6177,-0.9897,-0.8513,-1.0429,-0.8012,0.3013,GO_GOAL
13.306,-1.0531,-0.7851,0.6177,-0.9867,-0.8494,-1.0429,-0.8012,0.2988,GO_GOAL
13.326,-1.0501,-0.783,0.6177,-0.9836,-0.8474,-1.0429,-0.8012,0.2964,GO_GOAL
13.346,-1.0472,-0.7809,0.6177,-0.9806,-0.8455,-1.0282,-0.7907,0.2939,GO_GOAL
13.366,-1.0443,-0.7789,0.6177,-0.9776,-0.8436,-1.0282,-0.7907,0.2915,GO_GOAL
13.386,-1.0413,-0.7768,0.6177,-0.9745,-0.8417,-1.0282,-0.7907,0.2891,GO_GOAL
13.406,-1.0384,-0.7747,0.6177,-0.9715,-0.8397,-1.0282,-0.7907,0.2867,GO_GOAL
13.426,-1.0355,-0.7726,0.6177,-0.9684,-0.8378,-1.0282,-0.7907,0.2843,GO_GOAL
13.446,-1.0325,-0.7705,0.6177,-0.9654,-0.8359,-1.0135,-0.7803,0.282,GO_GOAL
13.466,-1.0296,-0.7685,0.6177,-0.9624,-0.834,-1.0135,-0.7803,0.2796,GO_GOAL
13.486,-1.0267,-0.7664,0.6177,-0.9593,-0.832,-1.0135,-0.7803,0.2773,GO_GOAL
13.506,-1.0237,-0.7643,0.6177,-0.9563,-0.8301,-1.0135,-0.7803,0.2749,GO_GOAL
13.526,-1.0208,-0.7622,0.6177,-0.9532,-0.8282,-1.0135,-0.7803,0.2726,GO_GOAL
13.546,-1.0179,-0.7601,0.6177,-0.9502,-0.8263,-0.9989,-0.7699,0.2703,GO_GOAL
13.566,-1.0149,-0.758,0.6177,-0.9471,-0.8243,-0.9989,-0.7699,0.268,GO_GOAL
13.586,-1.012,-0.7559,0.6177,-0.9441,-0.8224,-0.9989,-0.7699,0.2657,GO_GOAL
13.606,-1.0091,-0.7539,0.6177,-0.9411,-0.8205,-0.9989,-0.7699,0.2635,GO_GOAL
13.626,-1.0062,-0.7518,0.6177,-0.938,-0.8186,-0.9842,-0.7595,0.2612,GO_GOAL
13.646,-1.0032,-0.7497,0.6177,-0.935,-0.8166,-0.9842,-0.7595,0.259,GO_GOAL
13.666,-1.0003,-0.7476,0.6177,-0.9289,-0.8128,-0.9842,-0.7595,0.2568,GO_GOAL
13.686,-0.9973,-0.7455,0.6177,-0.9289,-0.8128,-0.9842,-0.7595,0.2545,GO_GOAL
13.706,-0.9944,-0.7434,0.6177,-0.9258,-0.8109,-0.9842,-0.7595,0.2524,GO_GOAL
13.726,-0.9915,-0.7414,0.6177,-0.9228,-0.8089,-0.9842,-0.7595,0.2502,GO_GOAL
13.746,-0.9886,-0.7393,0.6177,-0.9198,-0.807,-0.9695,-0.749,0.248,GO_GOAL
13.766,-0.9856,-0.7372,0.6177,-0.9167,-0.8051,-0.9695,-0.749,0.2458,GO_GOAL
13.786,-0.9827,-0.7351,0.6177,-0.9137,-0.8032,-0.9695,-0.749,0.2437,GO_GOAL
13.806,-0.9798,-0.733,0.6177,-0.9106,-0.8012,-0.9695,-0.749,0.2416,GO_GOAL
13.826,-0.9768,-0.7309,0.6177,-0.9076,-0.7993,-0.9695,-0.749,0.2395,GO_GOAL
13.846,-0.9739,-0.7289,0.6177,-0.9046,-0.7974,-0.9548,-0.7386,0.2374,GO_GOAL
13.866,-0.971,-0.7268,0.6177,-0.9015,-0.7955,-0.9548,-0.7386,0.2353,GO_GOAL
13.886,-0.968,-0.7247,0.6177,-0.8985,-0.7935,-0.9548,-0.7386,0.2333,GO_GOAL
13.906,-0.9651,-0.7226,0.6177,-0.8954,-0.7916,-0.9548,-0.7386,0.2312,GO_GOAL
13.926,-0.9622,-0.7205,0.6177,-0.8924,-0.7897,-0.9548,-0.7386,0.2292,GO_GOAL
13.946,-0.9592,-0.7184,0.6177,-0.8893,-0.7878,-0.9402,-0.7282,0.2272,GO_GOAL
13.966,-0.9563,-0.7164,0.6177,-0.8863,-0.7858,-0.9402,-0.7282,0.2252,GO_GOAL
13.986,-0.9534,-0.7143,0.6177,-0.8833,-0.7839,-0.9402,-0.7282,0.2232,GO_GOAL
14.006,-0.9504,-0.7122,0.6177,-0.8802,-0.782,-0.9402,-0.7282,0.2212,GO_GOAL
14.026,-0.9475,-0.7101,0.6177,-0.8772,-0.7801,-0.9402,-0.7282,0.2193,GO_GOAL
14.046,-0.9445,-0.708,0.6177,-0.8741,-0.7781,-0.9255,-0.7178,0.2174,GO_GOAL
14.066,-0.9416,-0.7059,0.6177,-0.8711,-0.7762,-0.9255,-0.7178,0.2155,GO_GOAL
14.086,-0.9387,-0.7038,0.6177,-0.8681,-0.7743,-0.9255,-0.7178,0.2136,GO_GOAL
14.106,-0.9357,-0.7018,0.6177,-0.865,-0.7724,-0.9255,-0.7178,0.2117,GO_GOAL
14.126,-0.9328,-0.6997,0.6177,-0.862,-0.7704,-0.9255,-0.7178,0.2098,GO_GOAL
14.146,-0.9299,-0.6976,0.6177,-0.8589,-0.7685,-0.9108,-0.7073,0.208,GO_GOAL
14.166,-0.9269,-0.6955,0.6177,-0.8559,-0.7666,-0.9108,-0.7073,0.2062,GO_GOAL
14.186,-0.924,-0.6934,0.6177,-0.8528,-0.7647,-0.9108,-0.7073,0.2044,GO_GOAL
14.206,-0.9211,-0.6913,0.6177,-0.8498,-0.7627,-0.9108,-0.7073,0.2026,GO_GOAL
14.226,-0.9181,-0.6892,0.6177,-0.8468,-0.7608,-0.9108,-0.7073,0.2008,GO_GOAL
14.246,-0.9152,-0.6872,0.6177,-0.8437,-0.7589,-0.8962,-0.6969,0.1991,GO_GOAL
14.266,-0.9123,-0.6851,0.6177,-0.8407,-0.757,-0.8962,-0.6969,0.1974,GO_GOAL
14.286,-0.9093,-0.683,0.6177,-0.8376,-0.755,-0.8962,-0.6969,0.1957,GO_GOAL
14.306,-0.9064,-0.6809,0.6177,-0.8346,-0.7531,-0.8962,-0.6969,0.194,GO_GOAL
14.326,-0.9035,-0.6788,0.6177,-0.8315,-0.7512,-0.8962,-0.6969,0.1923,GO_GOAL
14.346,-0.9005,-0.6767,0.6177,-0.8255,-0.7473,-0.8815,-0.6865,0.1907,GO_GOAL
14.366,-0.8976,-0.6747,0.6177,-0.8255,-0.7473,-0.8815,-0.6865,0.1891,GO_GOAL
14.386,-0.8947,-0.6726,0.6177,-0.8224,-0.7454,-0.8815,-0.6865,0.1875,GO_GOAL
14.406,-0.8917,-0.6705,0.6177,-0.8194,-0.7435,-0.8815,-0.6865,0.1859,GO_GOAL
14.426,-0.8888,-0.6684,0.6177,-0.8163,-0.7416,-0.8815,-0.6865,0.1843,GO_GOAL
14.446,-0.8859,-0.6663,0.6177,-0.8133,-0.7396,-0.8668,-0.6761,0.1828,GO_GOAL
14.466,-0.8829,-0.6642,0.6177,-0.8103,-0.7377,-0.8668,-0.6761,0.1813,GO_GOAL
14.486,-0.88,-0.6621,0.6177,-0.8042,-0.7339,-0.8668,-0.6761,0.1798,GO_GOAL
14.506,-0.8771,-0.6601,0.6177,-0.8042,-0.7339,-0.8668,-0.6761,0.1783,GO_GOAL
14.526,-0.8741,-0.658,0.6177,-0.8011,-0.7319,-0.8668,-0.6761,0.1768,GO_GOAL
14.546,-0.8712,-0.6559,0.6177,-0.795,-0.7281,-0.8521,-0.6656,0.1754,GO_GOAL
14.566,-0.8682,-0.6538,0.6177,-0.795,-0.7281,-0.8521,-0.6656,0.174,GO_GOAL
14.586,-0.8653,-0.6517,0.6177,-0.792,-0.7262,-0.8521,-0.6656,0.1726,GO_GOAL
14.606,-0.8624,-0.6496,0.6177,-0.789,-0.7242,-0.8521,-0.6656,0.1713,GO_GOAL
14.626,-0.8594,-0.6475,0.6177,-0.7859,-0.7223,-0.8375,-0.6552,0.1699,GO_GOAL
14.646,-0.8565,-0.6455,0.6177,-0.7829,-0.7204,-0.8375,-0.6552,0.1686,GO_GOAL
14.666,-0.8536,-0.6434,0.6177,-0.7798,-0.7185,-0.8375,-0.6552,0.1673,GO_GOAL
14.686,-0.8506,-0.6413,0.6177,-0.7737,-0.7146,-0.8375,-0.6552,0.1661,GO_GOAL
14.706,-0.8477,-0.6392,0.6177,-0.7737,-0.7146,-0.8375,-0.6552,0.1648,GO_GOAL
14.726,-0.8448,-0.6371,0.6177,-0.7707,-0.7127,-0.8375,-0.6552,0.1636,GO_GOAL
14.746,-0.8418,-0.635,0.6177,-0.7677,-0.7108,-0.8228,-0.6448,0.1624,GO_GOAL
14.766,-0.8389,-0.633,0.6177,-0.7646,-0.7088,-0.8228,-0.6448,0.1612,GO_GOAL
14.786,-0.836,-0.6309,0.6177,-0.7616,-0.7069,-0.8228,-0.6448,0.1601,GO_GOAL
14.806,-0.833,-0.6288,0.6177,-0.7585,-0.705,-0.8228,-0.6448,0.159,GO_GOAL
14.826,-0.8301,-0.6267,0.6177,-0.7555,-0.7031,-0.8228,-0.6448,0.1579,GO_GOAL
14.846,-0.8272,-0.6246,0.6177,-0.7525,-0.7011,-0.8081,-0.6344,0.1568,GO_GOAL
14.866,-0.8242,-0.6225,0.6177,-0.7494,-0.6992,-0.8081,-0.6344,0.1558,GO_GOAL
14.886,-0.8213,-0.6204,0.6177,-0.7464,-0.6973,-0.8081,-0.6344,0.1547,GO_GOAL
14.906,-0.8184,-0.6184,0.6177,-0.7403,-0.6934,-0.8081,-0.6344,0.1538,GO_GOAL
14.926,-0.8154,-0.6163,0.6177,-0.7372,-0.6915,-0.7934,-0.6239,0.1528,GO_GOAL
14.946,-0.8125,-0.6142,0.6177,-0.7372,-0.6915,-0.7934,-0.6239,0.1518,GO_GOAL
14.966,-0.8096,-0.6121,0.6177,-0.7342,-0.6896,-0.7934,-0.6239,0.1509,GO_GOAL
14.986,-0.8066,-0.61,0.6177,-0.7281,-0.6857,-0.7934,-0.6239,0.15,GO_GOAL
15.006,-0.8037,-0.6079,0.6177,-0.7281,-0.6857,-0.7934,-0.6239,0.1492,GO_GOAL
15.026,-0.8007,-0.6058,0.6177,-0.7251,-0.6838,-0.7934,-0.6239,0.1483,GO_GOAL
15.046,-0.7978,-0.6038,0.6177,-0.722,-0.6819,-0.7788,-0.6135,0.1475,GO_GOAL
15.066,-0.7949,-0.6017,0.6177,-0.719,-0.68,-0.7788,-0.6135,0.1468,GO_GOAL
15.086,-0.7919,-0.5996,0.6177,-0.7159,-0.678,-0.7788,-0.6135,0.146,GO_GOAL
15.106,-0.789,-0.5975,0.6177,-0.7129,-0.6761,-0.7788,-0.6135,0.1453,GO_GOAL
15.126,-0.7861,-0.5954,0.6177,-0.7099,-0.6742,-0.7788,-0.6135,0.1446,GO_GOAL
15.146,-0.7831,-0.5933,0.6177,-0.7068,-0.6723,-0.7641,-0.6031,0.1439,GO_GOAL
15.166,-0.7802,-0.5912,0.6177,-0.7007,-0.6684,-0.7641,-0.6031,0.1433,GO_GOAL
15.186,-0.7773,-0.5892,0.6177,-0.7007,-0.6684,-0.7641,-0.6031,0.1426,GO_GOAL
15.206,-0.7743,-0.5871,0.6177,-0.6977,-0.6665,-0.7641,-0.6031,0.1421,GO_GOAL
15.226,-0.7714,-0.585,0.6177,-0.6947,-0.6646,-0.7641,-0.6031,0.1415,GO_GOAL
15.246,-0.7685,-0.5829,0.6177,-0.6916,-0.6626,-0.7494,-0.5927,0.141,GO_GOAL
15.266,-0.7655,-0.5808,0.6177,-0.6886,-0.6607,-0.7494,-0.5927,0.1405,GO_GOAL
15.286,-0.7626,-0.5787,0.6177,-0.6855,-0.6588,-0.7494,-0.5927,0.14,GO_GOAL
15.306,-0.7597,-0.5767,0.6177,-0.6825,-0.6569,-0.7494,-0.5927,0.1395,GO_GOAL
15.326,-0.7567,-0.5746,0.6177,-0.6794,-0.6549,-0.7494,-0.5927,0.1391,GO_GOAL
15.346,-0.7538,-0.5725,0.6177,-0.6764,-0.653,-0.7347,-0.5822,0.1387,GO_GOAL
15.366,-0.7509,-0.5704,0.6177,-0.6734,-0.6511,-0.7347,-0.5822,0.1384,GO_GOAL
15.386,-0.7479,-0.5683,0.6177,-0.6703,-0.6491,-0.7347,-0.5822,0.138,GO_GOAL
15.406,-0.745,-0.5662,0.6177,-0.6642,-0.6453,-0.7347,-0.5822,0.1377,GO_GOAL
15.426,-0.7421,-0.5641,0.6177,-0.6612,-0.6434,-0.7201,-0.5718,0.1374,GO_GOAL
15.446,-0.7391,-0.5621,0.6177,-0.6612,-0.6434,-0.7201,-0.5718,0.1372,GO_GOAL
15.466,-0.7362,-0.56,0.6177,-0.6582,-0.6414,-0.7201,-0.5718,0.137,GO_GOAL
15.486,-0.7332,-0.5579,0.6177,-0.6521,-0.6376,-0.7201,-0.5718,0.1368,GO_GOAL
15.506,-0.7303,-0.5558,0.6177,-0.6521,-0.6376,-0.7201,-0.5718,0.1366,GO_GOAL
15.526,-0.7274,-0.5537,0.6177,-0.649,-0.6357,-0.7201,-0.5718,0.1365,GO_GOAL
15.546,-0.7244,-0.5516,0.6177,-0.646,-0.6337,-0.7054,-0.5614,0.1364,GO_GOAL
15.566,-0.7215,-0.5495,0.6177,-0.6399,-0.6299,-0.7054,-0.5614,0.1363,GO_GOAL
15.586,-0.7186,-0.5475,0.6177,-0.6399,-0.6299,-0.7054,-0.5614,0.1363,GO_GOAL
15.606,-0.7156,-0.5454,0.6177,-0.6369,-0.628,-0.7054,-0.5614,0.1362,GO_GOAL
15.626,-0.7127,-0.5433,0.6177,-0.6338,-0.626,-0.7054,-0.5614,0.1363,GO_GOAL
15.646,-0.7098,-0.5412,0.6177,-0.6277,-0.6222,-0.6907,-0.551,0.1363,GO_GOAL
15.666,-0.7068,-0.5391,0.6177,-0.6277,-0.6222,-0.6907,-0.551,0.1364,GO_GOAL
15.686,-0.7039,-0.537,0.6177,-0.6247,-0.6203,-0.6907,-0.551,0.1365,GO_GOAL
15.706,-0.701,-0.535,0.6177,-0.6216,-0.6183,-0.6907,-0.551,0.1366,GO_GOAL
15.726,-0.698,-0.5329,0.6177,-0.6186,-0.6164,-0.6907,-0.551,0.1368,GO_GOAL
15.746,-0.6951,-0.5308,0.6177,-0.6156,-0.6145,-0.676,-0.5405,0.1369,GO_GOAL
15.766,-0.6922,-0.5287,0.6177,-0.6095,-0.6106,-0.676,-0.5405,0.1372,GO_GOAL
15.786,-0.6892,-0.5266,0.6177,-0.6064,-0.6087,-0.676,-0.5405,0.1374,GO_GOAL
15.804,-0.6863,-0.5245,0.6177,-0.6064,-0.6087,-0.676,-0.5405,0.1377,GO_GOAL
15.826,-0.6834,-0.5224,0.6177,-0.6034,-0.6068,-0.676,-0.5405,0.138,GO_GOAL
15.846,-0.6804,-0.5204,0.6177,-0.5973,-0.6029,-0.6614,-0.5301,0.1383,GO_GOAL
15.866,-0.6775,-0.5183,0.6177,-0.5973,-0.6029,-0.6614,-0.5301,0.1387,GO_GOAL
15.886,-0.6746,-0.5162,0.6177,-0.5943,-0.601,-0.6614,-0.5301,0.1391,GO_GOAL
15.906,-0.6716,-0.5141,0.6177,-0.5882,-0.5972,-0.6614,-0.5301,0.1395,GO_GOAL
15.926,-0.6687,-0.512,0.6177,-0.5882,-0.5972,-0.6614,-0.5301,0.1399,GO_GOAL
15.946,-0.6657,-0.5099,0.6177,-0.5821,-0.5933,-0.6467,-0.5197,0.1404,GO_GOAL
15.966,-0.6628,-0.5078,0.6177,-0.5821,-0.5933,-0.6467,-0.5197,0.1409,GO_GOAL
15.986,-0.6599,-0.5058,0.6177,-0.576,-0.5895,-0.6467,-0.5197,0.1414,GO_GOAL
16.006,-0.6569,-0.5037,0.6177,-0.576,-0.5895,-0.6467,-0.5197,0.142,GO_GOAL
16.026,-0.654,-0.5016,0.6177,-0.573,-0.5875,-0.6467,-0.5197,0.1426,GO_GOAL
16.046,-0.6511,-0.4995,0.6177,-0.5699,-0.5856,-0.632,-0.5093,0.1432,GO_GOAL
16.066,-0.6481,-0.4974,0.6177,-0.5669,-0.5837,-0.632,-0.5093,0.1438,GO_GOAL
16.086,-0.6452,-0.4953,0.6177,-0.5638,-0.5818,-0.632,-0.5093,0.1445,GO_GOAL
16.104,-0.6423,-0.4933,0.6177,-0.5608,-0.5798,-0.632,-0.5093,0.1452,GO_GOAL
16.126,-0.6393,-0.4912,0.6177,-0.5578,-0.5779,-0.632,-0.5093,0.1459,GO_GOAL
16.146,-0.6364,-0.4891,0.6177,-0.5547,-0.576,-0.6144,-0.4968,0.1467,GO_GOAL
16.166,-0.6335,-0.487,0.6177,-0.5486,-0.5721,-0.6144,-0.4968,0.1474,GO_GOAL
16.186,-0.6305,-0.4849,0.6177,-0.5486,-0.5721,-0.6144,-0.4968,0.1482,GO_GOAL
16.206,-0.6276,-0.4828,0.6177,-0.5456,-0.5702,-0.6144,-0.4968,0.1491,GO_GOAL
16.226,-0.6247,-0.4807,0.6177,-0.5395,-0.5664,-0.6144,-0.4968,0.1499,GO_GOAL
16.246,-0.6217,-0.4787,0.6177,-0.5395,-0.5664,-0.5997,-0.4863,0.1508,GO_GOAL
16.266,-0.6188,-0.4766,0.6177,-0.5365,-0.5644,-0.5997,-0.4863,0.1517,GO_GOAL
16.286,-0.6159,-0.4745,0.6177,-0.5334,-0.5625,-0.5997,-0.4863,0.1527,GO_GOAL
16.306,-0.6129,-0.4724,0.6177,-0.5304,-0.5606,-0.5997,-0.4863,0.1536,GO_GOAL
16.326,-0.61,-0.4703,0.6177,-0.5273,-0.5587,-0.5997,-0.4863,0.1546,GO_GOAL
16.346,-0.6071,-0.4682,0.6177,-0.5243,-0.5567,-0.5851,-0.4759,0.1556,GO_GOAL
16.366,-0.6041,-0.4661,0.6177,-0.5213,-0.5548,-0.5851,-0.4759,0.1567,GO_GOAL
16.386,-0.6012,-0.4641,0.6177,-0.5152,-0.551,-0.5851,-0.4759,0.1577,GO_GOAL
16.406,-0.5982,-0.462,0.6177,-0.5152,-0.551,-0.5851,-0.4759,0.1588,GO_GOAL
16.426,-0.5953,-0.4599,0.6177,-0.5121,-0.549,-0.5851,-0.4759,0.16,GO_GOAL
16.446,-0.5924,-0.4578,0.6177,-0.506,-0.5452,-0.5733,-0.4676,0.1611,GO_GOAL
16.466,-0.5894,-0.4557,0.6177,-0.506,-0.5452,-0.5733,-0.4676,0.1623,GO_GOAL
16.486,-0.5865,-0.4536,0.6177,-0.503,-0.5433,-0.5733,-0.4676,0.1635,GO_GOAL
16.506,-0.5836,-0.4516,0.6177,-0.5,-0.5413,-0.5733,-0.4676,0.1647,GO_GOAL
16.526,-0.5806,-0.4495,0.6177,-0.4969,-0.5394,-0.5587,-0.4571,0.1659,GO_GOAL
16.546,-0.5777,-0.4474,0.6177,-0.4939,-0.5375,-0.5587,-0.4571,0.1672,GO_GOAL
16.566,-0.5748,-0.4453,0.6177,-0.4908,-0.5356,-0.5587,-0.4571,0.1685,GO_GOAL
16.586,-0.5718,-0.4432,0.6177,-0.4878,-0.5336,-0.5587,-0.4571,0.1698,GO_GOAL
16.606,-0.5689,-0.4411,0.6177,-0.4848,-0.5317,-0.5587,-0.4571,0.1711,GO_GOAL
16.626,-0.566,-0.439,0.6177,-0.4817,-0.5298,-0.5587,-0.4571,0.1725,GO_GOAL
16.65,-0.563,-0.437,0.6177,-0.4756,-0.5259,-0.544,-0.4467,0.1738,GO_GOAL
16.666,-0.5601,-0.4349,0.6177,-0.4756,-0.5259,-0.544,-0.4467,0.1752,GO_GOAL
16.686,-0.5572,-0.4328,0.6177,-0.4726,-0.524,-0.544,-0.4467,0.1767,GO_GOAL
16.706,-0.5542,-0.4307,0.6177,-0.4695,-0.5221,-0.544,-0.4467,0.1781,GO_GOAL
16.726,-0.5513,-0.4286,0.6177,-0.4635,-0.5182,-0.544,-0.4467,0.1796,GO_GOAL
16.746,-0.5484,-0.4265,0.6177,-0.4635,-0.5182,-0.5293,-0.4363,0.1811,GO_GOAL
16.766,-0.5454,-0.4244,0.6177,-0.4604,-0.5163,-0.5293,-0.4363,0.1826,GO_GOAL
16.786,-0.5425,-0.4224,0.6177,-0.4574,-0.5144,-0.5293,-0.4363,0.1841,GO_GOAL
16.806,-0.5396,-0.4203,0.6177,-0.4513,-0.5105,-0.5293,-0.4363,0.1857,GO_GOAL
16.826,-0.5366,-0.4182,0.6177,-0.4513,-0.5105,-0.5293,-0.4363,0.1873,GO_GOAL
16.846,-0.5337,-0.4161,0.6177,-0.4482,-0.5086,-0.5146,-0.4259,0.1889,GO_GOAL
16.866,-0.5307,-0.414,0.6177,-0.4422,-0.5048,-0.5146,-0.4259,0.1905,GO_GOAL
16.886,-0.5278,-0.4119,0.6177,-0.4422,-0.5048,-0.5146,-0.4259,0.1921,GO_GOAL
16.906,-0.5249,-0.4099,0.6177,-0.4391,-0.5028,-0.5146,-0.4259,0.1938,GO_GOAL
16.926,-0.5219,-0.4078,0.6177,-0.4361,-0.5009,-0.5146,-0.4259,0.1955,GO_GOAL
16.946,-0.519,-0.4057,0.6177,-0.433,-0.499,-0.5,-0.4155,0.1972,GO_GOAL
16.966,-0.5161,-0.4036,0.6177,-0.43,-0.4971,-0.5,-0.4155,0.1989,GO_GOAL
16.986,-0.5131,-0.4015,0.6177,-0.427,-0.4951,-0.5,-0.4155,0.2006,GO_GOAL
17.006,-0.5102,-0.3994,0.6177,-0.4239,-0.4932,-0.5,-0.4155,0.2024,GO_GOAL
17.026,-0.5073,-0.3973,0.6177,-0.4209,-0.4913,-0.4853,-0.405,0.2042,GO_GOAL
17.046,-0.5043,-0.3953,0.6177,-0.4178,-0.4894,-0.4853,-0.405,0.206,GO_GOAL
17.066,-0.5014,-0.3932,0.6177,-0.4148,-0.4874,-0.4853,-0.405,0.2078,GO_GOAL
17.086,-0.4985,-0.3911,0.6177,-0.4117,-0.4855,-0.4853,-0.405,0.2096,GO_GOAL
17.106,-0.4955,-0.389,0.6177,-0.4087,-0.4836,-0.4853,-0.405,0.2115,GO_GOAL
17.126,-0.4926,-0.3869,0.6177,-0.4057,-0.4817,-0.4853,-0.405,0.2133,GO_GOAL
17.146,-0.4897,-0.3848,0.6177,-0.3996,-0.4778,-0.4706,-0.3946,0.2152,GO_GOAL
17.166,-0.4867,-0.3828,0.6177,-0.3965,-0.4759,-0.4706,-0.3946,0.2171,GO_GOAL
17.186,-0.4838,-0.3807,0.6177,-0.3965,-0.4759,-0.4706,-0.3946,0.2191,GO_GOAL
17.206,-0.4809,-0.3786,0.6177,-0.3935,-0.474,-0.4706,-0.3946,0.221,GO_GOAL
17.226,-0.4779,-0.3765,0.6177,-0.3874,-0.4701,-0.4559,-0.3842,0.223,GO_GOAL
17.246,-0.475,-0.3744,0.6177,-0.3874,-0.4701,-0.4559,-0.3842,0.2249,GO_GOAL
17.266,-0.4721,-0.3723,0.6177,-0.3844,-0.4682,-0.4559,-0.3842,0.2269,GO_GOAL
17.286,-0.4691,-0.3702,0.6177,-0.3813,-0.4663,-0.4559,-0.3842,0.2289,GO_GOAL
17.306,-0.4662,-0.3682,0.6177,-0.3783,-0.4643,-0.4559,-0.3842,0.231,GO_GOAL
17.326,-0.4632,-0.3661,0.6177,-0.3752,-0.4624,-0.4559,-0.3842,0.233,GO_GOAL
17.346,-0.4603,-0.364,0.6177,-0.3722,-0.4605,-0.4413,-0.3738,0.2351,GO_GOAL
17.366,-0.4574,-0.3619,0.6177,-0.3692,-0.4586,-0.4413,-0.3738,0.2371,GO_GOAL
17.386,-0.4544,-0.3598,0.6177,-0.3661,-0.4566,-0.4413,-0.3738,0.2392,GO_GOAL
17.406,-0.4515,-0.3577,0.6177,-0.36,-0.4528,-0.4413,-0.3738,0.2413,GO_GOAL
17.426,-0.4486,-0.3556,0.6177,-0.36,-0.4528,-0.4413,-0.3738,0.2435,GO_GOAL
17.446,-0.4456,-0.3536,0.6177,-0.357,-0.4509,-0.4266,-0.3633,0.2456,GO_GOAL
17.466,-0.4427,-0.3515,0.6177,-0.3539,-0.4489,-0.4266,-0.3633,0.2477,GO_GOAL
17.486,-0.4398,-0.3494,0.6177,-0.3509,-0.447,-0.4266,-0.3633,0.2499,GO_GOAL
17.506,-0.4368,-0.3473,0.6177,-0.3479,-0.4451,-0.4266,-0.3633,0.2521,GO_GOAL
17.526,-0.4339,-0.3452,0.6177,-0.3448,-0.4432,-0.4266,-0.3633,0.2543,GO_GOAL
17.546,-0.431,-0.3431,0.6177,-0.3418,-0.4412,-0.4119,-0.3529,0.2565,GO_GOAL
17.566,-0.428,-0.3411,0.6177,-0.3387,-0.4393,-0.4119,-0.3529,0.2587,GO_GOAL
17.586,-0.4251,-0.339,0.6177,-0.3357,-0.4374,-0.4119,-0.3529,0.261,GO_GOAL
17.606,-0.4222,-0.3369,0.6177,-0.3326,-0.4355,-0.4119,-0.3529,0.2632,GO_GOAL
17.626,-0.4192,-0.3348,0.6177,-0.3266,-0.4316,-0.3972,-0.3425,0.2655,GO_GOAL
17.646,-0.4163,-0.3327,0.6177,-0.3266,-0.4316,-0.3972,-0.3425,0.2678,GO_GOAL
17.666,-0.4134,-0.3306,0.6177,-0.3235,-0.4297,-0.3972,-0.3425,0.2701,GO_GOAL
17.686,-0.4104,-0.3285,0.6177,-0.3205,-0.4278,-0.3972,-0.3425,0.2724,GO_GOAL
17.706,-0.4075,-0.3265,0.6177,-0.3174,-0.4258,-0.3972,-0.3425,0.2747,GO_GOAL
17.726,-0.4046,-0.3244,0.6177,-0.3114,-0.422,-0.3826,-0.3321,0.277,GO_GOAL
17.746,-0.4016,-0.3223,0.6177,-0.3114,-0.422,-0.3826,-0.3321,0.2794,GO_GOAL
17.766,-0.3987,-0.3202,0.6177,-0.3083,-0.4201,-0.3826,-0.3321,0.2817,GO_GOAL
17.786,-0.3957,-0.3181,0.6177,-0.3053,-0.4181,-0.3826,-0.3321,0.2841,GO_GOAL
17.806,-0.3928,-0.316,0.6177,-0.3022,-0.4162,-0.3826,-0.3321,0.2865,GO_GOAL
17.826,-0.3899,-0.3139,0.6177,-0.2992,-0.4143,-0.3826,-0.3321,0.2889,GO_GOAL
17.846,-0.3869,-0.3119,0.6177,-0.2961,-0.4124,-0.3679,-0.3216,0.2913,GO_GOAL
17.866,-0.384,-0.3098,0.6177,-0.2931,-0.4104,-0.3679,-0.3216,0.2937,GO_GOAL
17.886,-0.3811,-0.3077,0.6177,-0.2901,-0.4085,-0.3679,-0.3216,0.2961,GO_GOAL
17.906,-0.3781,-0.3056,0.6177,-0.287,-0.4066,-0.3679,-0.3216,0.2986,GO_GOAL
17.926,-0.3752,-0.3035,0.6177,-0.284,-0.4047,-0.3679,-0.3216,0.301,GO_GOAL
17.946,-0.3723,-0.3014,0.6177,-0.2809,-0.4027,-0.3532,-0.3112,0.3035,GO_GOAL
17.966,-0.3693,-0.2994,0.6177,-0.2779,-0.4008,-0.3532,-0.3112,0.306,GO_GOAL
17.986,-0.3664,-0.2973,0.6177,-0.2748,-0.3989,-0.3532,-0.3112,0.3084,GO_GOAL
18.006,-0.3635,-0.2952,0.6177,-0.2718,-0.397,-0.3532,-0.3112,0.3109,GO_GOAL
18.026,-0.3605,-0.2931,0.6177,-0.2688,-0.395,-0.3532,-0.3112,0.3135,GO_GOAL
18.046,-0.3576,-0.291,0.6177,-0.2657,-0.3931,-0.3385,-0.3008,0.316,GO_GOAL
18.066,-0.3547,-0.2889,0.6177,-0.2627,-0.3912,-0.3385,-0.3008,0.3185,GO_GOAL
18.086,-0.3517,-0.2868,0.6177,-0.2596,-0.3893,-0.3385,-0.3008,0.321,GO_GOAL
18.106,-0.3488,-0.2848,0.6177,-0.2566,-0.3873,-0.3385,-0.3008,0.3236,GO_GOAL
18.126,-0.3459,-0.2827,0.6177,-0.2536,-0.3854,-0.3385,-0.3008,0.3262,GO_GOAL
18.146,-0.3429,-0.2806,0.6177,-0.2475,-0.3816,-0.3239,-0.2904,0.3287,GO_GOAL
18.166,-0.34,-0.2785,0.6177,-0.2475,-0.3816,-0.3239,-0.2904,0.3313,GO_GOAL
18.186,-0.3371,-0.2764,0.6177,-0.2414,-0.3777,-0.3239,-0.2904,0.3339,GO_GOAL
18.206,-0.3341,-0.2743,0.6177,-0.2414,-0.3777,-0.3239,-0.2904,0.3365,GO_GOAL
18.226,-0.3312,-0.2722,0.6177,-0.2383,-0.3758,-0.3239,-0.2904,0.3391,GO_GOAL
18.246,-0.3283,-0.2702,0.6177,-0.2353,-0.3739,-0.3092,-0.2799,0.3417,GO_GOAL
18.266,-0.3253,-0.2681,0.6177,-0.2323,-0.3719,-0.3092,-0.2799,0.3444,GO_GOAL
18.286,-0.3224,-0.266,0.6177,-0.2292,-0.37,-0.3092,-0.2799,0.347,GO_GOAL
18.306,-0.3194,-0.2639,0.6177,-0.2262,-0.3681,-0.3092,-0.2799,0.3496,GO_GOAL
18.326,-0.3165,-0.2618,0.6177,-0.2231,-0.3662,-0.3092,-0.2799,0.3523,GO_GOAL
18.346,-0.3136,-0.2597,0.6177,-0.2201,-0.3642,-0.2945,-0.2695,0.355,GO_GOAL
18.366,-0.3106,-0.2577,0.6177,-0.217,-0.3623,-0.2945,-0.2695,0.3576,GO_GOAL
18.386,-0.3077,-0.2556,0.6177,-0.214,-0.3604,-0.2945,-0.2695,0.3603,GO_GOAL
18.406,-0.3048,-0.2535,0.6177,-0.211,-0.3585,-0.2945,-0.2695,0.363,GO_GOAL
18.426,-0.3018,-0.2514,0.6177,-0.2079,-0.3565,-0.2945,-0.2695,0.3657,GO_GOAL
18.446,-0.2989,-0.2493,0.6177,-0.2049,-0.3546,-0.2798,-0.2591,0.3684,GO_GOAL
18.466,-0.296,-0.2472,0.6177,-0.1988,-0.3508,-0.2798,-0.2591,0.3711,GO_GOAL
18.486,-0.293,-0.2451,0.6177,-0.1988,-0.3508,-0.2798,-0.2591,0.3739,GO_GOAL
18.506,-0.2901,-0.2431,0.6177,-0.1958,-0.3488,-0.2798,-0.2591,0.3766,GO_GOAL
18.526,-0.2872,-0.241,0.6177,-0.1927,-0.3469,-0.2798,-0.2591,0.3793,GO_GOAL
18.546,-0.2842,-0.2389,0.6177,-0.1897,-0.345,-0.2652,-0.2487,0.3821,GO_GOAL
18.566,-0.2813,-0.2368,0.6177,-0.1866,-0.3431,-0.2652,-0.2487,0.3848,GO_GOAL
18.586,-0.2784,-0.2347,0.6177,-0.1805,-0.3392,-0.2652,-0.2487,0.3876,GO_GOAL
18.606,-0.2754,-0.2326,0.6177,-0.1805,-0.3392,-0.2652,-0.2487,0.3904,GO_GOAL
18.626,-0.2725,-0.2305,0.6177,-0.1775,-0.3373,-0.2652,-0.2487,0.3931,GO_GOAL
18.646,-0.2696,-0.2285,0.6177,-0.1745,-0.3354,-0.2476,-0.2361,0.3959,GO_GOAL
18.666,-0.2666,-0.2264,0.6177,-0.1714,-0.3334,-0.2476,-0.2361,0.3987,GO_GOAL
18.686,-0.2637,-0.2243,0.6177,-0.1684,-0.3315,-0.2476,-0.2361,0.4015,GO_GOAL
18.706,-0.2608,-0.2222,0.6177,-0.1653,-0.3296,-0.2476,-0.2361,0.4043,GO_GOAL
18.726,-0.2578,-0.2201,0.6177,-0.1623,-0.3277,-0.2476,-0.2361,0.4071,GO_GOAL
18.746,-0.2549,-0.218,0.6177,-0.1592,-0.3257,-0.2358,-0.2278,0.41,GO_GOAL
18.766,-0.2519,-0.216,0.6177,-0.1562,-0.3238,-0.2358,-0.2278,0.4128,GO_GOAL
18.786,-0.249,-0.2139,0.6177,-0.1532,-0.3219,-0.2358,-0.2278,0.4156,GO_GOAL
18.806,-0.2461,-0.2118,0.6177,-0.1471,-0.318,-0.2358,-0.2278,0.4185,GO_GOAL
18.826,-0.2431,-0.2097,0.6177,-0.1471,-0.318,-0.2358,-0.2278,0.4213,GO_GOAL
18.846,-0.2402,-0.2076,0.6177,-0.141,-0.3142,-0.2212,-0.2174,0.4242,GO_GOAL
18.866,-0.2373,-0.2055,0.6177,-0.141,-0.3142,-0.2212,-0.2174,0.427,GO_GOAL
18.886,-0.2343,-0.2034,0.6177,-0.138,-0.3123,-0.2212,-0.2174,0.4299,GO_GOAL
18.906,-0.2314,-0.2014,0.6177,-0.1319,-0.3084,-0.2212,-0.2174,0.4328,GO_GOAL
18.926,-0.2285,-0.1993,0.6177,-0.1319,-0.3084,-0.2212,-0.2174,0.4357,GO_GOAL
18.946,-0.2255,-0.1972,0.6177,-0.1288,-0.3065,-0.2065,-0.207,0.4385,GO_GOAL
18.966,-0.2226,-0.1951,0.6177,-0.1227,-0.3026,-0.2065,-0.207,0.4414,GO_GOAL
18.986,-0.2197,-0.193,0.6177,-0.1227,-0.3026,-0.2065,-0.207,0.4443,GO_GOAL
19.006,-0.2167,-0.1909,0.6177,-0.1167,-0.2988,-0.2065,-0.207,0.4472,GO_GOAL
19.026,-0.2138,-0.1888,0.6177,-0.1167,-0.2988,-0.1918,-0.1965,0.4502,GO_GOAL
19.046,-0.2109,-0.1868,0.6177,-0.1106,-0.2949,-0.1918,-0.1965,0.4531,GO_GOAL
19.066,-0.2079,-0.1847,0.6177,-0.1106,-0.2949,-0.1918,-0.1965,0.456,GO_GOAL
19.086,-0.205,-0.1826,0.6177,-0.1075,-0.293,-0.1918,-0.1965,0.4589,GO_GOAL
19.106,-0.2021,-0.1805,0.6177,-0.1045,-0.2911,-0.1918,-0.1965,0.4619,GO_GOAL
19.126,-0.1991,-0.1784,0.6177,-0.1014,-0.2892,-0.1918,-0.1965,0.4648,GO_GOAL
19.146,-0.1962,-0.1763,0.6177,-0.0984,-0.2872,-0.1771,-0.1861,0.4677,GO_GOAL
19.166,-0.1933,-0.1743,0.6177,-0.0954,-0.2853,-0.1771,-0.1861,0.4707,GO_GOAL
19.186,-0.1903,-0.1722,0.6177,-0.0923,-0.2834,-0.1771,-0.1861,0.4737,GO_GOAL
19.206,-0.1874,-0.1701,0.6177,-0.0893,-0.2815,-0.1771,-0.1861,0.4766,GO_GOAL
19.226,-0.1844,-0.168,0.6177,-0.0862,-0.2795,-0.1771,-0.1861,0.4796,GO_GOAL
19.246,-0.1815,-0.1659,0.6177,-0.0832,-0.2776,-0.1625,-0.1757,0.4826,GO_GOAL
19.266,-0.1786,-0.1638,0.6177,-0.0802,-0.2757,-0.1625,-0.1757,0.4855,GO_GOAL
19.286,-0.1756,-0.1617,0.6177,-0.0771,-0.2738,-0.1625,-0.1757,0.4885,GO_GOAL
19.306,-0.1727,-0.1597,0.6177,-0.0741,-0.2718,-0.1625,-0.1757,0.4915,GO_GOAL
19.326,-0.1698,-0.1576,0.6177,-0.071,-0.2699,-0.1625,-0.1757,0.4945,GO_GOAL
19.346,-0.1668,-0.1555,0.6177,-0.0649,-0.2661,-0.1478,-0.1653,0.4975,GO_GOAL
19.366,-0.1639,-0.1534,0.6177,-0.0649,-0.2661,-0.1478,-0.1653,0.5005,GO_GOAL
19.386,-0.161,-0.1513,0.6177,-0.0619,-0.2641,-0.1478,-0.1653,0.5035,GO_GOAL
19.406,-0.158,-0.1492,0.6177,-0.0589,-0.2622,-0.1478,-0.1653,0.5065,GO_GOAL
19.426,-0.1551,-0.1471,0.6177,-0.0558,-0.2603,-0.1478,-0.1653,0.5095,GO_GOAL
19.446,-0.1522,-0.1451,0.6177,-0.0528,-0.2584,-0.1331,-0.1548,0.5126,GO_GOAL
19.466,-0.1492,-0.143,0.6177,-0.0497,-0.2564,-0.1331,-0.1548,0.5156,GO_GOAL
19.486,-0.1463,-0.1409,0.6177,-0.0467,-0.2545,-0.1331,-0.1548,0.5186,GO_GOAL
19.506,-0.1434,-0.1388,0.6177,-0.0437,-0.2526,-0.1331,-0.1548,0.5216,GO_GOAL
19.526,-0.1404,-0.1367,0.6177,-0.0406,-0.2507,-0.1331,-0.1548,0.5247,GO_GOAL
19.546,-0.1375,-0.1346,0.6177,-0.0376,-0.2487,-0.1155,-0.1423,0.5263,GO_GOAL
19.566,-0.1346,-0.1326,0.6177,-0.0345,-0.2468,-0.1155,-0.1423,0.5232,GO_GOAL
19.586,-0.1316,-0.1305,0.6177,-0.0315,-0.2449,-0.1155,-0.1423,0.52,GO_GOAL
19.606,-0.1287,-0.1284,0.6177,-0.0284,-0.243,-0.1155,-0.1423,0.5169,GO_GOAL
19.626,-0.1258,-0.1263,0.6177,-0.0254,-0.241,-0.1155,-0.1423,0.5137,GO_GOAL
19.646,-0.1228,-0.1242,0.6177,-0.0224,-0.2391,-0.1038,-0.134,0.5106,GO_GOAL
19.666,-0.1199,-0.1221,0.6177,-0.0193,-0.2372,-0.1038,-0.134,0.5075,GO_GOAL
19.686,-0.1169,-0.12,0.6177,-0.0163,-0.2353,-0.1038,-0.134,0.5044,GO_GOAL
19.706,-0.114,-0.118,0.6177,-0.0132,-0.2333,-0.1038,-0.134,0.5012,GO_GOAL
19.726,-0.1111,-0.1159,0.6177,-0.0071,-0.2295,-0.1038,-0.134,0.4981,GO_GOAL
19.746,-0.1081,-0.1138,0.6177,-0.0071,-0.2295,-0.0891,-0.1236,0.495,GO_GOAL
19.766,-0.1052,-0.1117,0.6177,-0.0041,-0.2276,-0.0891,-0.1236,0.4919,GO_GOAL
19.786,-0.1023,-0.1096,0.6177,0.002,-0.2237,-0.0891,-0.1236,0.4888,GO_GOAL
19.806,-0.0993,-0.1075,0.6177,0.002,-0.2237,-0.0891,-0.1236,0.4857,GO_GOAL
19.826,-0.0964,-0.1054,0.6177,0.005,-0.2218,-0.0891,-0.1236,0.4826,GO_GOAL
19.846,-0.0935,-0.1034,0.6177,0.0111,-0.2179,-0.0744,-0.1131,0.4795,GO_GOAL
19.866,-0.0905,-0.1013,0.6177,0.0141,-0.216,-0.0744,-0.1131,0.4764,GO_GOAL
19.886,-0.0876,-0.0992,0.6177,0.0141,-0.216,-0.0744,-0.1131,0.4733,GO_GOAL
19.906,-0.0847,-0.0971,0.6177,0.0172,-0.2141,-0.0744,-0.1131,0.4702,GO_GOAL
19.926,-0.0817,-0.095,0.6177,0.0202,-0.2122,-0.0744,-0.1131,0.4671,GO_GOAL
19.946,-0.0788,-0.0929,0.6177,0.0233,-0.2102,-0.0597,-0.1027,0.464,GO_GOAL
19.966,-0.0759,-0.0909,0.6177,0.0263,-0.2083,-0.0597,-0.1027,0.461,GO_GOAL
19.986,-0.0729,-0.0888,0.6177,0.0294,-0.2064,-0.0597,-0.1027,0.4579,GO_GOAL
20.006,-0.07,-0.0867,0.6177,0.0324,-0.2045,-0.0597,-0.1027,0.4548,GO_GOAL
20.026,-0.0671,-0.0846,0.6177,0.0354,-0.2025,-0.0597,-0.1027,0.4518,GO_GOAL
20.046,-0.0641,-0.0825,0.6177,0.0385,-0.2006,-0.0451,-0.0923,0.4487,GO_GOAL
20.066,-0.0612,-0.0804,0.6177,0.0415,-0.1987,-0.0451,-0.0923,0.4457,GO_GOAL
20.086,-0.0583,-0.0783,0.6177,0.0446,-0.1968,-0.0451,-0.0923,0.4427,GO_GOAL
20.106,-0.0553,-0.0763,0.6177,0.0476,-0.1948,-0.0451,-0.0923,0.4396,GO_GOAL
20.126,-0.0524,-0.0742,0.6177,0.0507,-0.1929,-0.0304,-0.0819,0.4366,GO_GOAL
20.146,-0.0494,-0.0721,0.6177,0.0537,-0.191,-0.0304,-0.0819,0.4336,GO_GOAL
20.166,-0.0465,-0.07,0.6177,0.0567,-0.1891,-0.0304,-0.0819,0.4305,GO_GOAL
20.186,-0.0436,-0.0679,0.6177,0.0598,-0.1871,-0.0304,-0.0819,0.4275,GO_GOAL
20.206,-0.0406,-0.0658,0.6177,0.0628,-0.1852,-0.0304,-0.0819,0.4245,GO_GOAL
20.226,-0.0377,-0.0637,0.6177,0.0659,-0.1833,-0.0304,-0.0819,0.4215,GO_GOAL
20.246,-0.0348,-0.0617,0.6177,0.0719,-0.1794,-0.0157,-0.0714,0.4185,GO_GOAL
20.266,-0.0318,-0.0596,0.6177,0.0719,-0.1794,-0.0157,-0.0714,0.4155,GO_GOAL
20.286,-0.0289,-0.0575,0.6177,0.075,-0.1775,-0.0157,-0.0714,0.4125,GO_GOAL
20.306,-0.026,-0.0554,0.6177,0.078,-0.1756,-0.0157,-0.0714,0.4095,GO_GOAL
20.326,-0.023,-0.0533,0.6177,0.0811,-0.1737,-0.0157,-0.0714,0.4066,GO_GOAL
20.346,-0.0201,-0.0512,0.6177,0.0841,-0.1717,-0.001,-0.061,0.4036,GO_GOAL
20.366,-0.0172,-0.0492,0.6177,0.0872,-0.1698,-0.001,-0.061,0.4006,GO_GOAL
20.386,-0.0142,-0.0471,0.6177,0.0902,-0.1679,-0.001,-0.061,0.3977,GO_GOAL
20.406,-0.0113,-0.045,0.6177,0.0932,-0.166,-0.001,-0.061,0.3947,GO_GOAL
20.426,-0.0084,-0.0429,0.6177,0.0993,-0.1621,-0.001,-0.061,0.3918,GO_GOAL
20.446,-0.0054,-0.0408,0.6177,0.0993,-0.1621,0.0136,-0.0506,0.3888,GO_GOAL
20.466,-0.0025,-0.0387,0.6177,0.1024,-0.1602,0.0136,-0.0506,0.3859,GO_GOAL
20.486,0.0004,-0.0366,0.6177,0.1054,-0.1583,0.0136,-0.0506,0.3829,GO_GOAL
20.506,0.0034,-0.0346,0.6177,0.1085,-0.1563,0.0136,-0.0506,0.38,GO_GOAL
20.526,0.0063,-0.0325,0.6177,0.1145,-0.1525,0.0136,-0.0506,0.3771,GO_GOAL
20.546,0.0092,-0.0304,0.6177,0.1145,-0.1525,0.0283,-0.0402,0.3742,GO_GOAL
20.566,0.0122,-0.0283,0.6177,0.1206,-0.1486,0.0283,-0.0402,0.3713,GO_GOAL
20.586,0.0151,-0.0262,0.6177,0.1206,-0.1486,0.0283,-0.0402,0.3684,GO_GOAL
20.606,0.0181,-0.0241,0.6177,0.1237,-0.1467,0.0283,-0.0402,0.3655,GO_GOAL
20.626,0.021,-0.022,0.6177,0.1267,-0.1448,0.043,-0.0297,0.3626,GO_GOAL
20.646,0.0239,-0.02,0.6177,0.1328,-0.1409,0.043,-0.0297,0.3597,GO_GOAL
20.666,0.0269,-0.0179,0.6177,0.1328,-0.1409,0.043,-0.0297,0.3569,GO_GOAL
20.686,0.0298,-0.0158,0.6177,0.1358,-0.139,0.043,-0.0297,0.354,GO_GOAL
20.706,0.0327,-0.0137,0.6177,0.1389,-0.1371,0.043,-0.0297,0.3511,GO_GOAL
20.726,0.0357,-0.0116,0.6177,0.1419,-0.1352,0.043,-0.0297,0.3483,GO_GOAL
20.746,0.0386,-0.0095,0.6177,0.145,-0.1332,0.0577,-0.0193,0.3455,GO_GOAL
20.766,0.0415,-0.0075,0.6177,0.148,-0.1313,0.0577,-0.0193,0.3426,GO_GOAL
20.786,0.0445,-0.0054,0.6177,0.151,-0.1294,0.0577,-0.0193,0.3398,GO_GOAL
20.806,0.0474,-0.0033,0.6177,0.1541,-0.1275,0.0577,-0.0193,0.337,GO_GOAL
20.826,0.0503,-0.0012,0.6177,0.1571,-0.1255,0.0577,-0.0193,0.3342,GO_GOAL
20.846,0.0533,0.0009,0.6177,0.1632,-0.1217,0.0723,-0.0089,0.3314,GO_GOAL
20.866,0.0562,0.003,0.6177,0.1632,-0.1217,0.0723,-0.0089,0.3286,GO_GOAL
20.886,0.0591,0.0051,0.6177,0.1663,-0.1198,0.0723,-0.0089,0.3258,GO_GOAL
20.906,0.0621,0.0071,0.6177,0.1693,-0.1178,0.0723,-0.0089,0.323,GO_GOAL
20.926,0.065,0.0092,0.6177,0.1723,-0.1159,0.0723,-0.0089,0.3202,GO_GOAL
20.946,0.0679,0.0113,0.6177,0.1754,-0.114,0.087,0.0015,0.3175,GO_GOAL
20.966,0.0709,0.0134,0.6177,0.1784,-0.1121,0.087,0.0015,0.3147,GO_GOAL
20.986,0.0738,0.0155,0.6177,0.1815,-0.1101,0.087,0.0015,0.312,GO_GOAL
21.006,0.0767,0.0176,0.6177,0.1845,-0.1082,0.087,0.0015,0.3092,GO_GOAL
21.026,0.0797,0.0197,0.6177,0.1875,-0.1063,0.087,0.0015,0.3065,GO_GOAL
21.046,0.0826,0.0217,0.6177,0.1936,-0.1024,0.1017,0.012,0.3038,GO_GOAL
21.066,0.0855,0.0238,0.6177,0.1936,-0.1024,0.1017,0.012,0.3011,GO_GOAL
21.086,0.0885,0.0259,0.6177,0.1967,-0.1005,0.1017,0.012,0.2984,GO_GOAL
21.106,0.0914,0.028,0.6177,0.1997,-0.0986,0.1017,0.012,0.2957,GO_GOAL
21.126,0.0944,0.0301,0.6177,0.2058,-0.0947,0.1017,0.012,0.293,GO_GOAL
21.146,0.0973,0.0322,0.6177,0.2058,-0.0947,0.1163,0.0224,0.2903,GO_GOAL
21.166,0.1002,0.0342,0.6177,0.2088,-0.0928,0.1163,0.0224,0.2877,GO_GOAL
21.186,0.1032,0.0363,0.6177,0.2119,-0.0909,0.1163,0.0224,0.285,GO_GOAL
21.206,0.1061,0.0384,0.6177,0.2149,-0.089,0.1163,0.0224,0.2824,GO_GOAL
21.226,0.109,0.0405,0.6177,0.218,-0.087,0.1163,0.0224,0.2798,GO_GOAL
21.246,0.112,0.0426,0.6177,0.221,-0.0851,0.131,0.0328,0.2771,GO_GOAL
21.266,0.1149,0.0447,0.6177,0.224,-0.0832,0.131,0.0328,0.2745,GO_GOAL
21.284,0.1178,0.0468,0.6177,0.2271,-0.0813,0.131,0.0328,0.2719,GO_GOAL
21.306,0.1208,0.0488,0.6177,0.2301,-0.0793,0.131,0.0328,0.2693,GO_GOAL
21.326,0.1237,0.0509,0.6177,0.2332,-0.0774,0.131,0.0328,0.2668,GO_GOAL
21.346,0.1266,0.053,0.6177,0.2362,-0.0755,0.1457,0.0432,0.2642,GO_GOAL
21.366,0.1296,0.0551,0.6177,0.2393,-0.0736,0.1457,0.0432,0.2616,GO_GOAL
21.386,0.1325,0.0572,0.6177,0.2423,-0.0716,0.1457,0.0432,0.2591,GO_GOAL
21.406,0.1354,0.0593,0.6177,0.2453,-0.0697,0.1457,0.0432,0.2566,GO_GOAL
21.426,0.1384,0.0614,0.6177,0.2484,-0.0678,0.1457,0.0432,0.254,GO_GOAL
21.446,0.1413,0.0634,0.6177,0.2514,-0.0659,0.1604,0.0537,0.2515,GO_GOAL
21.466,0.1442,0.0655,0.6177,0.2545,-0.0639,0.1604,0.0537,0.249,GO_GOAL
21.486,0.1472,0.0676,0.6177,0.2575,-0.062,0.1604,0.0537,0.2465,GO_GOAL
21.506,0.1501,0.0697,0.6177,0.2606,-0.0601,0.1604,0.0537,0.2441,GO_GOAL
21.526,0.153,0.0718,0.6177,0.2636,-0.0582,0.1604,0.0537,0.2416,GO_GOAL
21.546,0.156,0.0739,0.6177,0.2666,-0.0562,0.178,0.0662,0.2392,GO_GOAL
21.566,0.1589,0.076,0.6177,0.2697,-0.0543,0.178,0.0662,0.2367,GO_GOAL
21.586,0.1619,0.078,0.6177,0.2727,-0.0524,0.178,0.0662,0.2343,GO_GOAL
21.606,0.1648,0.0801,0.6177,0.2758,-0.0505,0.178,0.0662,0.2319,GO_GOAL
21.626,0.1677,0.0822,0.6177,0.2818,-0.0466,0.178,0.0662,0.2295,GO_GOAL
21.646,0.1707,0.0843,0.6177,0.2818,-0.0466,0.1897,0.0745,0.2271,GO_GOAL
21.666,0.1736,0.0864,0.6177,0.2849,-0.0447,0.1897,0.0745,0.2247,GO_GOAL
21.686,0.1765,0.0885,0.6177,0.2879,-0.0428,0.1897,0.0745,0.2224,GO_GOAL
21.706,0.1795,0.0905,0.6177,0.291,-0.0408,0.1897,0.0745,0.22,GO_GOAL
21.726,0.1824,0.0926,0.6177,0.294,-0.0389,0.1897,0.0745,0.2177,GO_GOAL
21.746,0.1853,0.0947,0.6177,0.2971,-0.037,0.2044,0.0849,0.2154,GO_GOAL
21.766,0.1883,0.0968,0.6177,0.3001,-0.0351,0.2044,0.0849,0.2131,GO_GOAL
21.786,0.1912,0.0989,0.6177,0.3031,-0.0331,0.2044,0.0849,0.2108,GO_GOAL
21.806,0.1941,0.101,0.6177,0.3062,-0.0312,0.2044,0.0849,0.2085,GO_GOAL
21.826,0.1971,0.1031,0.6177,0.3092,-0.0293,0.2044,0.0849,0.2063,GO_GOAL
21.846,0.2,0.1051,0.6177,0.3123,-0.0274,0.2191,0.0954,0.2041,GO_GOAL
21.866,0.2029,0.1072,0.6177,0.3153,-0.0254,0.2191,0.0954,0.2018,GO_GOAL
21.886,0.2059,0.1093,0.6177,0.3184,-0.0235,0.2191,0.0954,0.1996,GO_GOAL
21.906,0.2088,0.1114,0.6177,0.3244,-0.0197,0.2191,0.0954,0.1974,GO_GOAL
21.926,0.2117,0.1135,0.6177,0.3244,-0.0197,0.2191,0.0954,0.1953,GO_GOAL
21.946,0.2147,0.1156,0.6177,0.3275,-0.0177,0.2337,0.1058,0.1931,GO_GOAL
21.966,0.2176,0.1177,0.6177,0.3305,-0.0158,0.2337,0.1058,0.191,GO_GOAL
21.986,0.2205,0.1197,0.6177,0.3366,-0.012,0.2337,0.1058,0.1888,GO_GOAL
22.006,0.2235,0.1218,0.6177,0.3366,-0.012,0.2337,0.1058,0.1867,GO_GOAL
22.026,0.2264,0.1239,0.6177,0.3396,-0.01,0.2337,0.1058,0.1846,GO_GOAL
22.046,0.2293,0.126,0.6177,0.3427,-0.0081,0.2484,0.1162,0.1826,GO_GOAL
22.066,0.2323,0.1281,0.6177,0.3457,-0.0062,0.2484,0.1162,0.1805,GO_GOAL
22.086,0.2352,0.1302,0.6177,0.3488,-0.0043,0.2484,0.1162,0.1785,GO_GOAL
22.106,0.2382,0.1322,0.6177,0.3549,-0.0004,0.2484,0.1162,0.1764,GO_GOAL
22.126,0.2411,0.1343,0.6177,0.3549,-0.0004,0.2484,0.1162,0.1744,GO_GOAL
22.146,0.244,0.1364,0.6177,0.3579,0.0015,0.2631,0.1266,0.1724,GO_GOAL
22.166,0.247,0.1385,0.6177,0.3609,0.0034,0.2631,0.1266,0.1705,GO_GOAL
22.186,0.2499,0.1406,0.6177,0.364,0.0054,0.2631,0.1266,0.1685,GO_GOAL
22.206,0.2528,0.1427,0.6177,0.367,0.0073,0.2631,0.1266,0.1666,GO_GOAL
22.226,0.2558,0.1448,0.6177,0.3701,0.0092,0.2631,0.1266,0.1647,GO_GOAL
22.246,0.2587,0.1468,0.6177,0.3731,0.0111,0.2778,0.1371,0.1628,GO_GOAL
22.266,0.2616,0.1489,0.6177,0.3761,0.0131,0.2778,0.1371,0.1609,GO_GOAL
22.286,0.2646,0.151,0.6177,0.3792,0.015,0.2778,0.1371,0.1591,GO_GOAL
22.306,0.2675,0.1531,0.6177,0.3822,0.0169,0.2778,0.1371,0.1573,GO_GOAL
22.326,0.2704,0.1552,0.6177,0.3853,0.0188,0.2778,0.1371,0.1555,GO_GOAL
22.346,0.2734,0.1573,0.6177,0.3914,0.0227,0.2924,0.1475,0.1537,GO_GOAL
22.366,0.2763,0.1594,0.6177,0.3914,0.0227,0.2924,0.1475,0.1519,GO_GOAL
22.386,0.2792,0.1614,0.6177,0.3944,0.0246,0.2924,0.1475,0.1502,GO_GOAL
22.406,0.2822,0.1635,0.6177,0.3974,0.0265,0.2924,0.1475,0.1485,GO_GOAL
22.426,0.2851,0.1656,0.6177,0.4005,0.0285,0.2924,0.1475,0.1468,GO_GOAL
22.448,0.288,0.1677,0.6177,0.4066,0.0323,0.3071,0.1579,0.1451,GO_GOAL
22.466,0.291,0.1698,0.6177,0.4066,0.0323,0.3071,0.1579,0.1434,GO_GOAL
22.486,0.2939,0.1719,0.6177,0.4096,0.0342,0.3071,0.1579,0.1418,GO_GOAL
22.506,0.2968,0.174,0.6177,0.4127,0.0362,0.3071,0.1579,0.1402,GO_GOAL
22.526,0.2998,0.176,0.6177,0.4187,0.04,0.3071,0.1579,0.1386,GO_GOAL
22.546,0.3027,0.1781,0.6177,0.4187,0.04,0.3218,0.1683,0.137,GO_GOAL
22.566,0.3057,0.1802,0.6177,0.4218,0.0419,0.3218,0.1683,0.1355,GO_GOAL
22.586,0.3086,0.1823,0.6177,0.4248,0.0439,0.3218,0.1683,0.134,GO_GOAL
22.606,0.3115,0.1844,0.6177,0.4279,0.0458,0.3218,0.1683,0.1325,GO_GOAL
22.626,0.3145,0.1865,0.6177,0.4339,0.0497,0.3218,0.1683,0.131,GO_GOAL
22.646,0.3174,0.1885,0.6177,0.4339,0.0497,0.3365,0.1788,0.1296,GO_GOAL
22.666,0.3203,0.1906,0.6177,0.44,0.0535,0.3365,0.1788,0.1282,GO_GOAL
22.686,0.3233,0.1927,0.6177,0.44,0.0535,0.3365,0.1788,0.1268,GO_GOAL
22.706,0.3262,0.1948,0.6177,0.4431,0.0554,0.3365,0.1788,0.1254,GO_GOAL
22.726,0.3291,0.1969,0.6177,0.4461,0.0574,0.3365,0.1788,0.1241,GO_GOAL
22.746,0.3321,0.199,0.6177,0.4492,0.0593,0.3511,0.1892,0.1227,GO_GOAL
22.766,0.335,0.2011,0.6177,0.4552,0.0631,0.3511,0.1892,0.1214,GO_GOAL
22.786,0.3379,0.2031,0.6177,0.4552,0.0631,0.3511,0.1892,0.1202,GO_GOAL
22.806,0.3409,0.2052,0.6177,0.4583,0.0651,0.3511,0.1892,0.1189,GO_GOAL
22.826,0.3438,0.2073,0.6177,0.4613,0.067,0.3511,0.1892,0.1177,GO_GOAL
22.846,0.3467,0.2094,0.6177,0.4644,0.0689,0.3658,0.1996,0.1166,GO_GOAL
22.866,0.3497,0.2115,0.6177,0.4674,0.0708,0.3658,0.1996,0.1154,GO_GOAL
22.886,0.3526,0.2136,0.6177,0.4735,0.0747,0.3658,0.1996,0.1143,GO_GOAL
22.906,0.3555,0.2157,0.6177,0.4765,0.0766,0.3658,0.1996,0.1132,GO_GOAL
22.926,0.3585,0.2177,0.6177,0.4765,0.0766,0.3805,0.21,0.1121,GO_GOAL
22.946,0.3614,0.2198,0.6177,0.4796,0.0785,0.3805,0.21,0.111,GO_GOAL
22.966,0.3643,0.2219,0.6177,0.4826,0.0805,0.3805,0.21,0.11,GO_GOAL
22.986,0.3673,0.224,0.6177,0.4857,0.0824,0.3805,0.21,0.109,GO_GOAL
23.006,0.3702,0.2261,0.6177,0.4887,0.0843,0.3805,0.21,0.1081,GO_GOAL
23.026,0.3731,0.2282,0.6177,0.4917,0.0862,0.3805,0.21,0.1072,GO_GOAL
23.046,0.3761,0.2302,0.6177,0.4948,0.0882,0.3981,0.2225,0.1062,GO_GOAL
23.066,0.379,0.2323,0.6177,0.4978,0.0901,0.3981,0.2225,0.1054,GO_GOAL
23.086,0.382,0.2344,0.6177,0.5009,0.092,0.3981,0.2225,0.1045,GO_GOAL
23.106,0.3849,0.2365,0.6177,0.5039,0.0939,0.3981,0.2225,0.1037,GO_GOAL
23.126,0.3878,0.2386,0.6177,0.507,0.0959,0.3981,0.2225,0.1029,GO_GOAL
23.146,0.3908,0.2407,0.6177,0.51,0.0978,0.4098,0.2309,0.1022,GO_GOAL
23.166,0.3937,0.2428,0.6177,0.513,0.0997,0.4098,0.2309,0.1015,GO_GOAL
23.186,0.3966,0.2448,0.6177,0.5161,0.1016,0.4098,0.2309,0.1008,GO_GOAL
23.206,0.3996,0.2469,0.6177,0.5191,0.1036,0.4098,0.2309,0.1001,GO_GOAL
23.226,0.4025,0.249,0.6177,0.5222,0.1055,0.4098,0.2309,0.0995,GO_GOAL
23.246,0.4054,0.2511,0.6177,0.5252,0.1074,0.4245,0.2413,0.0989,GO_GOAL
23.266,0.4084,0.2532,0.6177,0.5282,0.1093,0.4245,0.2413,0.0983,GO_GOAL
23.286,0.4113,0.2553,0.6177,0.5313,0.1113,0.4245,0.2413,0.0978,GO_GOAL
23.306,0.4142,0.2574,0.6177,0.5343,0.1132,0.4245,0.2413,0.0972,GO_GOAL
23.326,0.4172,0.2594,0.6177,0.5374,0.1151,0.4245,0.2413,0.0968,GO_GOAL
23.346,0.4201,0.2615,0.6177,0.5404,0.117,0.4392,0.2517,0.0963,GO_GOAL
23.366,0.423,0.2636,0.6177,0.5435,0.119,0.4392,0.2517,0.0959,GO_GOAL
23.386,0.426,0.2657,0.6177,0.5465,0.1209,0.4392,0.2517,0.0955,GO_GOAL
23.406,0.4289,0.2678,0.6177,0.5495,0.1228,0.4392,0.2517,0.0952,GO_GOAL
23.426,0.4318,0.2699,0.6177,0.5526,0.1247,0.4392,0.2517,0.0949,GO_GOAL
23.446,0.4348,0.272,0.6177,0.5556,0.1267,0.4538,0.2622,0.0946,GO_GOAL
23.466,0.4377,0.274,0.6177,0.5587,0.1286,0.4538,0.2622,0.0943,GO_GOAL
23.486,0.4406,0.2761,0.6177,0.5617,0.1305,0.4538,0.2622,0.0941,GO_GOAL
23.506,0.4436,0.2782,0.6177,0.5678,0.1344,0.4538,0.2622,0.0939,GO_GOAL
23.526,0.4465,0.2803,0.6177,0.5678,0.1344,0.4538,0.2622,0.0937,GO_GOAL
23.546,0.4494,0.2824,0.6177,0.5708,0.1363,0.4685,0.2726,0.0936,GO_GOAL
23.566,0.4524,0.2845,0.6177,0.5739,0.1382,0.4685,0.2726,0.0935,GO_GOAL
23.586,0.4553,0.2865,0.6177,0.5769,0.1401,0.4685,0.2726,0.0934,GO_GOAL
23.606,0.4583,0.2886,0.6177,0.58,0.1421,0.4685,0.2726,0.0934,GO_GOAL
23.626,0.4612,0.2907,0.6177,0.583,0.144,0.4685,0.2726,0.0934,GO_GOAL
23.646,0.4641,0.2928,0.6177,0.5891,0.1478,0.4832,0.283,0.0934,GO_GOAL
23.666,0.4671,0.2949,0.6177,0.5891,0.1478,0.4832,0.283,0.0935,GO_GOAL
23.686,0.47,0.297,0.6177,0.5921,0.1498,0.4832,0.283,0.0936,GO_GOAL
23.706,0.4729,0.2991,0.6177,0.5952,0.1517,0.4832,0.283,0.0937,GO_GOAL
23.726,0.4759,0.3011,0.6177,0.5982,0.1536,0.4832,0.283,0.0939,GO_GOAL
23.746,0.4788,0.3032,0.6177,0.6013,0.1555,0.4979,0.2934,0.0941,GO_GOAL
23.766,0.4817,0.3053,0.6178,0.6043,0.1575,0.4979,0.2934,0.0943,GO_GOAL
23.786,0.4847,0.3074,0.6178,0.6073,0.1594,0.4979,0.2934,0.0946,GO_GOAL
23.806,0.4876,0.3095,0.6178,0.6134,0.1632,0.4979,0.2934,0.0948,GO_GOAL
23.826,0.4905,0.3116,0.6178,0.6134,0.1632,0.4979,0.2934,0.0952,GO_GOAL
23.846,0.4935,0.3137,0.6178,0.6195,0.1671,0.5125,0.3039,0.0955,GO_GOAL
23.866,0.4964,0.3157,0.6178,0.6195,0.1671,0.5125,0.3039,0.0959,GO_GOAL
23.886,0.4993,0.3178,0.6178,0.6226,0.169,0.5125,0.3039,0.0963,GO_GOAL
23.906,0.5023,0.3199,0.6178,0.6256,0.1709,0.5125,0.3039,0.0968,GO_GOAL
23.926,0.5052,0.322,0.6178,0.6317,0.1748,0.5272,0.3143,0.0972,GO_GOAL
23.946,0.5081,0.3241,0.6178,0.6317,0.1748,0.5272,0.3143,0.0977,GO_GOAL
23.966,0.5111,0.3262,0.6178,0.6347,0.1767,0.5272,0.3143,0.0983,GO_GOAL
23.986,0.514,0.3283,0.6178,0.6408,0.1806,0.5272,0.3143,0.0989,GO_GOAL
24.006,0.5169,0.3303,0.6178,0.6408,0.1806,0.5272,0.3143,0.0995,GO_GOAL
24.026,0.5199,0.3324,0.6178,0.6438,0.1825,0.5272,0.3143,0.1001,GO_GOAL
24.044,0.5228,0.3345,0.6178,0.6469,0.1844,0.5419,0.3247,0.1008,GO_GOAL
24.066,0.5257,0.3366,0.6178,0.6499,0.1863,0.5419,0.3247,0.1014,GO_GOAL
24.086,0.5287,0.3387,0.6178,0.653,0.1883,0.5419,0.3247,0.1022,GO_GOAL
24.106,0.5316,0.3408,0.6178,0.656,0.1902,0.5419,0.3247,0.1029,GO_GOAL
24.126,0.5346,0.3428,0.6178,0.6591,0.1921,0.5419,0.3247,0.1037,GO_GOAL
24.146,0.5375,0.3449,0.6178,0.6651,0.196,0.5566,0.3351,0.1045,GO_GOAL
24.166,0.5404,0.347,0.6178,0.6651,0.196,0.5566,0.3351,0.1054,GO_GOAL
24.186,0.5434,0.3491,0.6178,0.6682,0.1979,0.5566,0.3351,0.1062,GO_GOAL
24.206,0.5463,0.3512,0.6178,0.6743,0.2017,0.5566,0.3351,0.1071,GO_GOAL
24.226,0.5492,0.3533,0.6178,0.6743,0.2017,0.5566,0.3351,0.1081,GO_GOAL
24.246,0.5522,0.3554,0.6178,0.6773,0.2037,0.5712,0.3456,0.109,GO_GOAL
24.266,0.5551,0.3574,0.6178,0.6803,0.2056,0.5712,0.3456,0.11,GO_GOAL
24.286,0.558,0.3595,0.6178,0.6834,0.2075,0.5712,0.3456,0.111,GO_GOAL
24.306,0.561,0.3616,0.6178,0.6864,0.2094,0.5712,0.3456,0.1121,GO_GOAL
24.326,0.5639,0.3637,0.6178,0.6895,0.2114,0.5712,0.3456,0.1132,GO_GOAL
24.346,0.5668,0.3658,0.6178,0.6925,0.2133,0.5859,0.356,0.1143,GO_GOAL
24.366,0.5698,0.3679,0.6178,0.6956,0.2152,0.5859,0.356,0.1154,GO_GOAL
24.386,0.5727,0.37,0.6178,0.6986,0.2171,0.5859,0.356,0.1165,GO_GOAL
24.406,0.5756,0.372,0.6178,0.7016,0.2191,0.5859,0.356,0.1177,GO_GOAL
24.426,0.5786,0.3741,0.6178,0.7047,0.221,0.5859,0.356,0.1189,GO_GOAL
24.446,0.5815,0.3762,0.6178,0.7108,0.2248,0.6006,0.3664,0.1202,GO_GOAL
24.466,0.5844,0.3783,0.6178,0.7108,0.2248,0.6006,0.3664,0.1214,GO_GOAL
24.486,0.5874,0.3804,0.6178,0.7138,0.2268,0.6006,0.3664,0.1227,GO_GOAL
24.506,0.5903,0.3825,0.6178,0.7169,0.2287,0.6006,0.3664,0.124,GO_GOAL
24.526,0.5932,0.3846,0.6178,0.7199,0.2306,0.6006,0.3664,0.1254,GO_GOAL
24.546,0.5962,0.3866,0.6178,0.726,0.2345,0.6153,0.3768,0.1267,GO_GOAL
24.566,0.5991,0.3887,0.6178,0.726,0.2345,0.6153,0.3768,0.1281,GO_GOAL
24.586,0.602,0.3908,0.6178,0.7321,0.2383,0.6153,0.3768,0.1296,GO_GOAL
24.606,0.605,0.3929,0.6178,0.7321,0.2383,0.6153,0.3768,0.131,GO_GOAL
24.626,0.6079,0.395,0.6178,0.7351,0.2402,0.6153,0.3768,0.1325,GO_GOAL
24.646,0.6109,0.3971,0.6178,0.7381,0.2422,0.6299,0.3873,0.134,GO_GOAL
24.666,0.6138,0.3991,0.6178,0.7412,0.2441,0.6299,0.3873,0.1355,GO_GOAL
24.686,0.6167,0.4012,0.6178,0.7442,0.246,0.6299,0.3873,0.137,GO_GOAL
24.706,0.6197,0.4033,0.6178,0.7473,0.2479,0.6299,0.3873,0.1386,GO_GOAL
24.726,0.6226,0.4054,0.6178,0.7503,0.2499,0.6299,0.3873,0.1402,GO_GOAL
24.746,0.6255,0.4075,0.6178,0.7534,0.2518,0.6446,0.3977,0.1418,GO_GOAL
24.766,0.6285,0.4096,0.6178,0.7594,0.2556,0.6446,0.3977,0.1434,GO_GOAL
24.786,0.6314,0.4117,0.6178,0.7594,0.2556,0.6446,0.3977,0.1451,GO_GOAL
24.806,0.6343,0.4137,0.6178,0.7625,0.2576,0.6446,0.3977,0.1467,GO_GOAL
24.826,0.6373,0.4158,0.6178,0.7655,0.2595,0.6446,0.3977,0.1484,GO_GOAL
24.846,0.6402,0.4179,0.6178,0.7716,0.2633,0.6593,0.4081,0.1502,GO_GOAL
24.866,0.6431,0.42,0.6178,0.7716,0.2633,0.6593,0.4081,0.1519,GO_GOAL
24.886,0.6461,0.4221,0.6178,0.7777,0.2672,0.6593,0.4081,0.1537,GO_GOAL
24.906,0.649,0.4242,0.6178,0.7777,0.2672,0.6593,0.4081,0.1554,GO_GOAL
24.926,0.6519,0.4263,0.6178,0.7807,0.2691,0.6593,0.4081,0.1572,GO_GOAL
24.948,0.6549,0.4283,0.6178,0.7838,0.271,0.6769,0.4206,0.1591,GO_GOAL
24.966,0.6578,0.4304,0.6178,0.7868,0.273,0.6769,0.4206,0.1609,GO_GOAL
24.986,0.6607,0.4325,0.6178,0.7899,0.2749,0.6769,0.4206,0.1628,GO_GOAL
25.006,0.6637,0.4346,0.6178,0.7929,0.2768,0.6769,0.4206,0.1647,GO_GOAL
25.026,0.6666,0.4367,0.6178,0.7959,0.2788,0.6769,0.4206,0.1666,GO_GOAL
25.046,0.6695,0.4388,0.6178,0.802,0.2826,0.6886,0.429,0.1685,GO_GOAL
25.066,0.6725,0.4409,0.6178,0.802,0.2826,0.6886,0.429,0.1705,GO_GOAL
25.086,0.6754,0.4429,0.6178,0.8051,0.2845,0.6886,0.429,0.1724,GO_GOAL
25.106,0.6783,0.445,0.6178,0.8112,0.2884,0.6886,0.429,0.1744,GO_GOAL
25.126,0.6813,0.4471,0.6178,0.8112,0.2884,0.6886,0.429,0.1764,GO_GOAL
25.146,0.6842,0.4492,0.6178,0.8142,0.2903,0.7033,0.4394,0.1784,GO_GOAL
25.166,0.6872,0.4513,0.6178,0.8172,0.2922,0.7033,0.4394,0.1805,GO_GOAL
25.186,0.6901,0.4534,0.6178,0.8203,0.2942,0.7033,0.4394,0.1825,GO_GOAL
25.206,0.693,0.4554,0.6178,0.8233,0.2961,0.7033,0.4394,0.1846,GO_GOAL
25.226,0.696,0.4575,0.6178,0.8264,0.298,0.7033,0.4394,0.1867,GO_GOAL
25.246,0.6989,0.4596,0.6178,0.8294,0.2999,0.718,0.4498,0.1888,GO_GOAL
25.266,0.7018,0.4617,0.6178,0.8324,0.3019,0.718,0.4498,0.1909,GO_GOAL
25.286,0.7048,0.4638,0.6178,0.8355,0.3038,0.718,0.4498,0.1931,GO_GOAL
25.306,0.7077,0.4659,0.6178,0.8385,0.3057,0.718,0.4498,0.1952,GO_GOAL
25.326,0.7106,0.468,0.6178,0.8416,0.3076,0.718,0.4498,0.1974,GO_GOAL
25.346,0.7136,0.47,0.6178,0.8477,0.3115,0.7356,0.4623,0.1996,GO_GOAL
25.366,0.7165,0.4721,0.6178,0.8477,0.3115,0.7356,0.4623,0.2018,GO_GOAL
25.386,0.7194,0.4742,0.6178,0.8507,0.3134,0.7356,0.4623,0.204,GO_GOAL
25.406,0.7224,0.4763,0.6178,0.8537,0.3153,0.7356,0.4623,0.2063,GO_GOAL
25.426,0.7253,0.4784,0.6178,0.8568,0.3173,0.7473,0.4707,0.2085,GO_GOAL
25.446,0.7282,0.4805,0.6178,0.8598,0.3192,0.7473,0.4707,0.2108,GO_GOAL
25.466,0.7312,0.4826,0.6178,0.8629,0.3211,0.7473,0.4707,0.2131,GO_GOAL
25.486,0.7341,0.4846,0.6178,0.8659,0.323,0.7473,0.4707,0.2154,GO_GOAL
25.506,0.737,0.4867,0.6178,0.8689,0.325,0.7473,0.4707,0.2177,GO_GOAL
25.526,0.74,0.4888,0.6178,0.872,0.3269,0.7473,0.4707,0.22,GO_GOAL
25.546,0.7429,0.4909,0.6178,0.875,0.3288,0.762,0.4811,0.2224,GO_GOAL
25.566,0.7458,0.493,0.6178,0.8781,0.3307,0.762,0.4811,0.2247,GO_GOAL
25.586,0.7488,0.4951,0.6178,0.8842,0.3346,0.762,0.4811,0.2271,GO_GOAL
25.606,0.7517,0.4972,0.6178,0.8842,0.3346,0.762,0.4811,0.2295,GO_GOAL
25.626,0.7546,0.4992,0.6178,0.8872,0.3365,0.762,0.4811,0.2319,GO_GOAL
25.646,0.7576,0.5013,0.6178,0.8902,0.3384,0.7767,0.4915,0.2343,GO_GOAL
25.666,0.7605,0.5034,0.6178,0.8933,0.3404,0.7767,0.4915,0.2367,GO_GOAL
25.686,0.7635,0.5055,0.6178,0.8963,0.3423,0.7767,0.4915,0.2391,GO_GOAL
25.706,0.7664,0.5076,0.6178,0.9024,0.3461,0.7767,0.4915,0.2416,GO_GOAL
25.726,0.7693,0.5097,0.6178,0.9024,0.3461,0.7767,0.4915,0.244,GO_GOAL
25.746,0.7723,0.5117,0.6178,0.9085,0.35,0.7913,0.5019,0.2465,GO_GOAL
25.766,0.7752,0.5138,0.6178,0.9085,0.35,0.7913,0.5019,0.249,GO_GOAL
25.786,0.7781,0.5159,0.6178,0.9146,0.3538,0.7913,0.5019,0.2515,GO_GOAL
25.806,0.7811,0.518,0.6178,0.9146,0.3538,0.7913,0.5019,0.254,GO_GOAL
25.826,0.784,0.5201,0.6178,0.9176,0.3558,0.806,0.5124,0.2565,GO_GOAL
25.846,0.7869,0.5222,0.6178,0.9207,0.3577,0.806,0.5124,0.2591,GO_GOAL
25.866,0.7899,0.5243,0.6178,0.9237,0.3596,0.806,0.5124,0.2616,GO_GOAL
25.886,0.7928,0.5263,0.6178,0.9267,0.3615,0.806,0.5124,0.2642,GO_GOAL
25.906,0.7957,0.5284,0.6178,0.9298,0.3635,0.806,0.5124,0.2667,GO_GOAL
25.926,0.7987,0.5305,0.6178,0.9328,0.3654,0.806,0.5124,0.2693,GO_GOAL
25.946,0.8016,0.5326,0.6178,0.9359,0.3673,0.8236,0.5249,0.2719,GO_GOAL
25.966,0.8045,0.5347,0.6178,0.9389,0.3692,0.8236,0.5249,0.2745,GO_GOAL
25.986,0.8075,0.5368,0.6178,0.942,0.3712,0.8236,0.5249,0.2771,GO_GOAL
26.006,0.8104,0.5389,0.6178,0.945,0.3731,0.8236,0.5249,0.2797,GO_GOAL
26.026,0.8133,0.5409,0.6178,0.948,0.375,0.8236,0.5249,0.2824,GO_GOAL
26.046,0.8163,0.543,0.6178,0.9511,0.3769,0.8383,0.5353,0.285,GO_GOAL
26.066,0.8192,0.5451,0.6178,0.9541,0.3789,0.8383,0.5353,0.2877,GO_GOAL
26.086,0.8221,0.5472,0.6178,0.9572,0.3808,0.8383,0.5353,0.2903,GO_GOAL
26.106,0.8251,0.5493,0.6178,0.9632,0.3846,0.8383,0.5353,0.293,GO_GOAL
26.126,0.828,0.5514,0.6178,0.9632,0.3846,0.8383,0.5353,0.2957,GO_GOAL
26.146,0.8309,0.5535,0.6178,0.9663,0.3866,0.85,0.5436,0.2984,GO_GOAL
26.166,0.8339,0.5555,0.6178,0.9693,0.3885,0.85,0.5436,0.3011,GO_GOAL
26.186,0.8368,0.5576,0.6178,0.9724,0.3904,0.85,0.5436,0.3038,GO_GOAL
26.206,0.8398,0.5597,0.6178,0.9754,0.3923,0.85,0.5436,0.3065,GO_GOAL
26.226,0.8427,0.5618,0.6178,0.9785,0.3943,0.85,0.5436,0.3092,GO_GOAL
26.248,0.8456,0.5639,0.6178,0.9845,0.3981,0.8647,0.5541,0.3119,GO_GOAL
26.266,0.8486,0.566,0.6178,0.9845,0.3981,0.8647,0.5541,0.3147,GO_GOAL
26.286,0.8515,0.568,0.6178,0.9906,0.402,0.8647,0.5541,0.3174,GO_GOAL
26.306,0.8544,0.5701,0.6178,0.9906,0.402,0.8647,0.5541,0.3202,GO_GOAL
26.326,0.8574,0.5722,0.6178,0.9937,0.4039,0.8647,0.5541,0.323,GO_GOAL
26.346,0.8603,0.5743,0.6178,0.9967,0.4058,0.8823,0.5666,0.3257,GO_GOAL
26.366,0.8632,0.5764,0.6178,0.9998,0.4077,0.8823,0.5666,0.3285,GO_GOAL
26.386,0.8662,0.5785,0.6178,1.0028,0.4097,0.8823,0.5666,0.3313,GO_GOAL
26.406,0.8691,0.5806,0.6178,1.0058,0.4116,0.8823,0.5666,0.3341,GO_GOAL
26.426,0.872,0.5826,0.6178,1.0089,0.4135,0.8823,0.5666,0.3369,GO_GOAL
26.446,0.875,0.5847,0.6178,1.015,0.4174,0.8941,0.5749,0.3398,GO_GOAL
26.466,0.8779,0.5868,0.6178,1.015,0.4174,0.8941,0.5749,0.3426,GO_GOAL
26.486,0.8808,0.5889,0.6178,1.018,0.4193,0.8941,0.5749,0.3454,GO_GOAL
26.506,0.8838,0.591,0.6178,1.021,0.4212,0.8941,0.5749,0.3483,GO_GOAL
26.526,0.8867,0.5931,0.6178,1.0241,0.4231,0.8941,0.5749,0.3511,GO_GOAL
26.546,0.8896,0.5952,0.6178,1.0271,0.4251,0.9087,0.5853,0.354,GO_GOAL
26.566,0.8926,0.5972,0.6178,1.0332,0.4289,0.9087,0.5853,0.3568,GO_GOAL
26.586,0.8955,0.5993,0.6178,1.0332,0.4289,0.9087,0.5853,0.3597,GO_GOAL
26.606,0.8984,0.6014,0.6178,1.0363,0.4308,0.9087,0.5853,0.3626,GO_GOAL
26.626,0.9014,0.6035,0.6178,1.0393,0.4328,0.9087,0.5853,0.3655,GO_GOAL
26.646,0.9043,0.6056,0.6178,1.0423,0.4347,0.9234,0.5958,0.3684,GO_GOAL
26.666,0.9072,0.6077,0.6178,1.0484,0.4385,0.9234,0.5958,0.3713,GO_GOAL
26.686,0.9102,0.6098,0.6178,1.0484,0.4385,0.9234,0.5958,0.3742,GO_GOAL
26.706,0.9131,0.6118,0.6178,1.0515,0.4405,0.9234,0.5958,0.3771,GO_GOAL
26.726,0.9161,0.6139,0.6178,1.0545,0.4424,0.9234,0.5958,0.38,GO_GOAL
26.746,0.919,0.616,0.6178,1.0606,0.4462,0.9381,0.6062,0.3829,GO_GOAL
26.766,0.9219,0.6181,0.6178,1.0606,0.4462,0.9381,0.6062,0.3858,GO_GOAL
26.786,0.9249,0.6202,0.6178,1.0636,0.4482,0.9381,0.6062,0.3888,GO_GOAL
26.806,0.9278,0.6223,0.6178,1.0667,0.4501,0.9381,0.6062,0.3917,GO_GOAL
26.826,0.9307,0.6243,0.6178,1.0697,0.452,0.9381,0.6062,0.3947,GO_GOAL
26.846,0.9337,0.6264,0.6178,1.0728,0.4539,0.9528,0.6166,0.3976,GO_GOAL
26.866,0.9366,0.6285,0.6178,1.0758,0.4559,0.9528,0.6166,0.4006,GO_GOAL
26.886,0.9395,0.6306,0.6178,1.0819,0.4597,0.9528,0.6166,0.4035,GO_GOAL
26.906,0.9425,0.6327,0.6178,1.0849,0.4616,0.9528,0.6166,0.4065,GO_GOAL
26.926,0.9454,0.6348,0.6178,1.0849,0.4616,0.9528,0.6166,0.4095,GO_GOAL
26.946,0.9483,0.6369,0.6178,1.088,0.4636,0.9674,0.627,0.4125,GO_GOAL
26.966,0.9513,0.6389,0.6178,1.091,0.4655,0.9674,0.627,0.4155,GO_GOAL
26.986,0.9542,0.641,0.6178,1.0941,0.4674,0.9674,0.627,0.4185,GO_GOAL
27.006,0.9571,0.6431,0.6178,1.1001,0.4713,0.9674,0.627,0.4215,GO_GOAL
27.026,0.9601,0.6452,0.6178,1.1001,0.4713,0.9674,0.627,0.4245,GO_GOAL
27.046,0.963,0.6473,0.6178,1.1032,0.4732,0.9821,0.6375,0.4275,GO_GOAL
27.066,0.9659,0.6494,0.6178,1.1062,0.4751,0.9821,0.6375,0.4305,GO_GOAL
27.086,0.9689,0.6515,0.6178,1.1123,0.479,0.9821,0.6375,0.4335,GO_GOAL
27.106,0.9718,0.6535,0.6178,1.1123,0.479,0.9821,0.6375,0.4365,GO_GOAL
27.126,0.9747,0.6556,0.6178,1.1153,0.4809,0.9821,0.6375,0.4396,GO_GOAL
27.146,0.9777,0.6577,0.6178,1.1184,0.4828,0.9968,0.6479,0.4426,GO_GOAL
27.166,0.9806,0.6598,0.6178,1.1245,0.4867,0.9968,0.6479,0.4457,GO_GOAL
27.186,0.9835,0.6619,0.6178,1.1245,0.4867,0.9968,0.6479,0.4487,GO_GOAL
27.206,0.9865,0.664,0.6178,1.1275,0.4886,0.9968,0.6479,0.4518,GO_GOAL
27.226,0.9894,0.6661,0.6178,1.1306,0.4905,0.9968,0.6479,0.4548,GO_GOAL
27.246,0.9924,0.6681,0.6178,1.1336,0.4925,1.0115,0.6583,0.4579,GO_GOAL
27.266,0.9953,0.6702,0.6178,1.1366,0.4944,1.0115,0.6583,0.4609,GO_GOAL
27.286,0.9982,0.6723,0.6178,1.1427,0.4982,1.0115,0.6583,0.464,GO_GOAL
27.306,1.0012,0.6744,0.6178,1.1427,0.4982,1.0115,0.6583,0.4671,GO_GOAL
27.326,1.0041,0.6765,0.6178,1.1458,0.5002,1.0115,0.6583,0.4646,GO_GOAL
27.346,1.007,0.6786,0.6178,1.1488,0.5021,1.0261,0.6687,0.4617,GO_GOAL
27.366,1.01,0.6806,0.6178,1.1518,0.504,1.0261,0.6687,0.4589,GO_GOAL
27.386,1.0129,0.6827,0.6178,1.1549,0.5059,1.0261,0.6687,0.4561,GO_GOAL
27.406,1.0158,0.6848,0.6178,1.1579,0.5079,1.0261,0.6687,0.4532,GO_GOAL
27.426,1.0188,0.6869,0.6178,1.161,0.5098,1.0261,0.6687,0.4504,GO_GOAL
27.446,1.0217,0.689,0.6178,1.164,0.5117,1.0408,0.6792,0.4476,GO_GOAL
27.466,1.0246,0.6911,0.6178,1.1671,0.5136,1.0408,0.6792,0.4448,GO_GOAL
27.486,1.0276,0.6932,0.6178,1.1701,0.5156,1.0408,0.6792,0.4421,GO_GOAL
27.506,1.0305,0.6952,0.6178,1.1731,0.5175,1.0408,0.6792,0.4393,GO_GOAL
27.526,1.0334,0.6973,0.6178,1.1762,0.5194,1.0408,0.6792,0.4365,GO_GOAL
27.546,1.0364,0.6994,0.6178,1.1823,0.5233,1.0555,0.6896,0.4337,GO_GOAL
27.566,1.0393,0.7015,0.6178,1.1823,0.5233,1.0555,0.6896,0.431,GO_GOAL
27.586,1.0422,0.7036,0.6178,1.1853,0.5252,1.0555,0.6896,0.4282,GO_GOAL
27.606,1.0452,0.7057,0.6178,1.1914,0.529,1.0555,0.6896,0.4255,GO_GOAL
27.626,1.0481,0.7078,0.6178,1.1914,0.529,1.0555,0.6896,0.4227,GO_GOAL
27.646,1.051,0.7098,0.6178,1.1944,0.531,1.0701,0.7,0.42,GO_GOAL
27.666,1.054,0.7119,0.6178,1.1975,0.5329,1.0701,0.7,0.4173,GO_GOAL
27.686,1.0569,0.714,0.6178,1.2005,0.5348,1.0701,0.7,0.4146,GO_GOAL
27.706,1.0599,0.7161,0.6178,1.2036,0.5367,1.0701,0.7,0.4118,GO_GOAL
27.726,1.0628,0.7182,0.6178,1.2066,0.5387,1.0701,0.7,0.4091,GO_GOAL
27.746,1.0657,0.7203,0.6178,1.2096,0.5406,1.0848,0.7104,0.4064,GO_GOAL
27.766,1.0687,0.7224,0.6178,1.2127,0.5425,1.0848,0.7104,0.4038,GO_GOAL
27.786,1.0716,0.7244,0.6178,1.2157,0.5444,1.0848,0.7104,0.4011,GO_GOAL
27.806,1.0745,0.7265,0.6178,1.2218,0.5483,1.0848,0.7104,0.3984,GO_GOAL
27.826,1.0775,0.7286,0.6178,1.2218,0.5483,1.0995,0.7209,0.3958,GO_GOAL
27.846,1.0804,0.7307,0.6178,1.2279,0.5521,1.0995,0.7209,0.3931,GO_GOAL
27.866,1.0833,0.7328,0.6178,1.2279,0.5521,1.0995,0.7209,0.3905,GO_GOAL
27.886,1.0863,0.7349,0.6178,1.2309,0.5541,1.0995,0.7209,0.3878,GO_GOAL
27.906,1.0892,0.7369,0.6178,1.234,0.556,1.0995,0.7209,0.3852,GO_GOAL
27.926,1.0921,0.739,0.6178,1.237,0.5579,1.0995,0.7209,0.3826,GO_GOAL
27.946,1.0951,0.7411,0.6178,1.2401,0.5598,1.1142,0.7313,0.38,GO_GOAL
27.966,1.098,0.7432,0.6178,1.2431,0.5618,1.1142,0.7313,0.3774,GO_GOAL
27.986,1.1009,0.7453,0.6178,1.2492,0.5656,1.1142,0.7313,0.3748,GO_GOAL
28.006,1.1039,0.7474,0.6178,1.2492,0.5656,1.1142,0.7313,0.3722,GO_GOAL
28.026,1.1068,0.7495,0.6178,1.2522,0.5675,1.1142,0.7313,0.3696,GO_GOAL
28.048,1.1097,0.7515,0.6178,1.2583,0.5714,1.1288,0.7417,0.3671,GO_GOAL
28.066,1.1127,0.7536,0.6178,1.2583,0.5714,1.1288,0.7417,0.3645,GO_GOAL
28.086,1.1156,0.7557,0.6178,1.2614,0.5733,1.1288,0.7417,0.362,GO_GOAL
28.106,1.1185,0.7578,0.6178,1.2674,0.5772,1.1288,0.7417,0.3594,GO_GOAL
28.126,1.1215,0.7599,0.6178,1.2674,0.5772,1.1435,0.7521,0.3569,GO_GOAL
28.146,1.1244,0.762,0.6178,1.2705,0.5791,1.1435,0.7521,0.3544,GO_GOAL
28.166,1.1273,0.7641,0.6178,1.2735,0.581,1.1435,0.7521,0.3519,GO_GOAL
28.186,1.1303,0.7661,0.6178,1.2766,0.5829,1.1435,0.7521,0.3494,GO_GOAL
28.206,1.1332,0.7682,0.6178,1.2796,0.5849,1.1435,0.7521,0.3469,GO_GOAL
28.226,1.1361,0.7703,0.6178,1.2827,0.5868,1.1435,0.7521,0.3444,GO_GOAL
28.246,1.1391,0.7724,0.6178,1.2857,0.5887,1.1582,0.7626,0.342,GO_GOAL
28.266,1.142,0.7745,0.6178,1.2887,0.5906,1.1582,0.7626,0.3395,GO_GOAL
28.286,1.145,0.7766,0.6178,1.2948,0.5945,1.1582,0.7626,0.3371,GO_GOAL
28.306,1.1479,0.7787,0.6178,1.2948,0.5945,1.1582,0.7626,0.3346,GO_GOAL
28.326,1.1508,0.7807,0.6178,1.2979,0.5964,1.1582,0.7626,0.3322,GO_GOAL
28.346,1.1538,0.7828,0.6178,1.3009,0.5983,1.1729,0.773,0.3298,GO_GOAL
28.366,1.1567,0.7849,0.6178,1.3039,0.6003,1.1729,0.773,0.3274,GO_GOAL
28.386,1.1596,0.787,0.6178,1.307,0.6022,1.1729,0.773,0.325,GO_GOAL
28.406,1.1626,0.7891,0.6178,1.31,0.6041,1.1729,0.773,0.3227,GO_GOAL
28.426,1.1655,0.7912,0.6178,1.3131,0.606,1.1729,0.773,0.3203,GO_GOAL
28.446,1.1684,0.7932,0.6178,1.3192,0.6099,1.1875,0.7834,0.3179,GO_GOAL
28.466,1.1714,0.7953,0.6178,1.3192,0.6099,1.1875,0.7834,0.3156,GO_GOAL
28.486,1.1743,0.7974,0.6178,1.3222,0.6118,1.1875,0.7834,0.3133,GO_GOAL
28.506,1.1772,0.7995,0.6178,1.3252,0.6137,1.1875,0.7834,0.311,GO_GOAL
28.526,1.1802,0.8016,0.6178,1.3283,0.6157,1.1875,0.7834,0.3087,GO_GOAL
28.546,1.1831,0.8037,0.6178,1.3313,0.6176,1.2022,0.7938,0.3064,GO_GOAL
28.566,1.186,0.8058,0.6178,1.3344,0.6195,1.2022,0.7938,0.3041,GO_GOAL
28.586,1.189,0.8078,0.6178,1.3374,0.6214,1.2022,0.7938,0.3018,GO_GOAL
28.606,1.1919,0.8099,0.6178,1.3404,0.6234,1.2022,0.7938,0.2996,GO_GOAL
28.626,1.1948,0.812,0.6178,1.3435,0.6253,1.2022,0.7938,0.2973,GO_GOAL
28.646,1.1978,0.8141,0.6178,1.3496,0.6291,1.2169,0.8043,0.2951,GO_GOAL
28.666,1.2007,0.8162,0.6178,1.3496,0.6291,1.2169,0.8043,0.2929,GO_GOAL
28.686,1.2036,0.8183,0.6178,1.3526,0.6311,1.2169,0.8043,0.2907,GO_GOAL
28.706,1.2066,0.8204,0.6178,1.3587,0.6349,1.2169,0.8043,0.2885,GO_GOAL
28.726,1.2095,0.8224,0.6178,1.3587,0.6349,1.2169,0.8043,0.2863,GO_GOAL
28.746,1.2124,0.8245,0.6178,1.3617,0.6368,1.2316,0.8147,0.2842,GO_GOAL
28.766,1.2154,0.8266,0.6178,1.3648,0.6388,1.2316,0.8147,0.282,GO_GOAL
28.786,1.2183,0.8287,0.6178,1.3678,0.6407,1.2316,0.8147,0.2799,GO_GOAL
28.806,1.2213,0.8308,0.6178,1.3739,0.6445,1.2316,0.8147,0.2778,GO_GOAL
28.826,1.2242,0.8329,0.6178,1.3739,0.6445,1.2316,0.8147,0.2757,GO_GOAL
28.846,1.2271,0.835,0.6178,1.377,0.6465,1.2462,0.8251,0.2736,GO_GOAL
28.866,1.2301,0.837,0.6178,1.383,0.6503,1.2462,0.8251,0.2715,GO_GOAL
28.886,1.233,0.8391,0.6178,1.383,0.6503,1.2462,0.8251,0.2695,GO_GOAL
28.906,1.2359,0.8412,0.6178,1.3861,0.6522,1.2462,0.8251,0.2674,GO_GOAL
28.926,1.2389,0.8433,0.6178,1.3891,0.6542,1.2462,0.8251,0.2654,GO_GOAL
28.946,1.2418,0.8454,0.6178,1.3952,0.658,1.2609,0.8355,0.2634,GO_GOAL
28.966,1.2447,0.8475,0.6178,1.3952,0.658,1.2609,0.8355,0.2614,GO_GOAL
28.986,1.2477,0.8495,0.6178,1.3982,0.66,1.2609,0.8355,0.2594,GO_GOAL
29.006,1.2506,0.8516,0.6178,1.4013,0.6619,1.2609,0.8355,0.2574,GO_GOAL
29.026,1.2535,0.8537,0.6178,1.4043,0.6638,1.2609,0.8355,0.2555,GO_GOAL
29.046,1.2565,0.8558,0.6178,1.4104,0.6677,1.2756,0.846,0.2536,GO_GOAL
29.066,1.2594,0.8579,0.6178,1.4104,0.6677,1.2756,0.846,0.2516,GO_GOAL
29.086,1.2623,0.86,0.6178,1.4135,0.6696,1.2756,0.846,0.2497,GO_GOAL
29.106,1.2653,0.8621,0.6178,1.4195,0.6734,1.2756,0.846,0.2479,GO_GOAL
29.126,1.2682,0.8641,0.6178,1.4195,0.6734,1.2756,0.846,0.246,GO_GOAL
29.146,1.2711,0.8662,0.6178,1.4226,0.6754,1.2903,0.8564,0.2441,GO_GOAL
29.166,1.2741,0.8683,0.6178,1.4287,0.6792,1.2903,0.8564,0.2423,GO_GOAL
29.186,1.277,0.8704,0.6178,1.4287,0.6792,1.2903,0.8564,0.2405,GO_GOAL
29.206,1.2799,0.8725,0.6178,1.4317,0.6811,1.2903,0.8564,0.2387,GO_GOAL
29.226,1.2829,0.8746,0.6178,1.4347,0.6831,1.2903,0.8564,0.2369,GO_GOAL
29.246,1.2858,0.8767,0.6178,1.4378,0.685,1.3049,0.8668,0.2352,GO_GOAL
29.266,1.2887,0.8787,0.6178,1.4408,0.6869,1.3049,0.8668,0.2334,GO_GOAL
29.286,1.2917,0.8808,0.6178,1.4439,0.6888,1.3049,0.8668,0.2317,GO_GOAL
29.306,1.2946,0.8829,0.6178,1.45,0.6927,1.3049,0.8668,0.23,GO_GOAL
29.326,1.2976,0.885,0.6178,1.453,0.6946,1.3196,0.8772,0.2283,GO_GOAL
29.346,1.3005,0.8871,0.6178,1.453,0.6946,1.3196,0.8772,0.2266,GO_GOAL
29.366,1.3034,0.8892,0.6178,1.456,0.6965,1.3196,0.8772,0.225,GO_GOAL
29.386,1.3064,0.8913,0.6178,1.4591,0.6985,1.3196,0.8772,0.2234,GO_GOAL
29.406,1.3093,0.8933,0.6178,1.4621,0.7004,1.3196,0.8772,0.2217,GO_GOAL
29.426,1.3122,0.8954,0.6178,1.4652,0.7023,1.3196,0.8772,0.2202,GO_GOAL
29.446,1.3152,0.8975,0.6178,1.4682,0.7042,1.3343,0.8877,0.2186,GO_GOAL
29.466,1.3181,0.8996,0.6178,1.4713,0.7062,1.3343,0.8877,0.217,GO_GOAL
29.486,1.321,0.9017,0.6178,1.4743,0.7081,1.3343,0.8877,0.2155,GO_GOAL
29.506,1.324,0.9038,0.6178,1.4773,0.71,1.3343,0.8877,0.214,GO_GOAL
29.526,1.3269,0.9058,0.6178,1.4804,0.7119,1.3343,0.8877,0.2125,GO_GOAL
29.546,1.3298,0.9079,0.6178,1.4834,0.7139,1.349,0.8981,0.211,GO_GOAL
29.566,1.3328,0.91,0.6178,1.4895,0.7177,1.349,0.8981,0.2096,GO_GOAL
29.586,1.3357,0.9121,0.6178,1.4895,0.7177,1.349,0.8981,0.2082,GO_GOAL
29.606,1.3386,0.9142,0.6178,1.4925,0.7196,1.349,0.8981,0.2068,GO_GOAL
29.626,1.3416,0.9163,0.6178,1.4956,0.7216,1.349,0.8981,0.2054,GO_GOAL
29.646,1.3445,0.9184,0.6178,1.4986,0.7235,1.3636,0.9085,0.204,GO_GOAL
29.666,1.3474,0.9204,0.6178,1.5047,0.7273,1.3636,0.9085,0.2027,GO_GOAL
29.686,1.3504,0.9225,0.6178,1.5078,0.7293,1.3636,0.9085,0.2013,GO_GOAL
29.706,1.3533,0.9246,0.6178,1.5078,0.7293,1.3636,0.9085,0.2,GO_GOAL
29.726,1.3562,0.9267,0.6178,1.5108,0.7312,1.3636,0.9085,0.1988,GO_GOAL
29.746,1.3592,0.9288,0.6178,1.5138,0.7331,1.3783,0.9189,0.1975,GO_GOAL
29.766,1.3621,0.9309,0.6178,1.5169,0.735,1.3783,0.9189,0.1963,GO_GOAL
29.786,1.365,0.933,0.6178,1.5199,0.737,1.3783,0.9189,0.1951,GO_GOAL
29.806,1.368,0.935,0.6178,1.523,0.7389,1.3783,0.9189,0.1939,GO_GOAL
29.826,1.3709,0.9371,0.6178,1.526,0.7408,1.3783,0.9189,0.1927,GO_GOAL
29.846,1.3739,0.9392,0.6178,1.5321,0.7447,1.393,0.9294,0.1916,GO_GOAL
29.866,1.3768,0.9413,0.6178,1.5321,0.7447,1.393,0.9294,0.1905,GO_GOAL
29.886,1.3797,0.9434,0.6178,1.5351,0.7466,1.393,0.9294,0.1894,GO_GOAL
29.906,1.3827,0.9455,0.6178,1.5382,0.7485,1.393,0.9294,0.1883,GO_GOAL
29.926,1.3856,0.9476,0.6178,1.5412,0.7504,1.393,0.9294,0.1873,GO_GOAL
29.946,1.3885,0.9496,0.6178,1.5443,0.7524,1.4076,0.9398,0.1862,GO_GOAL
29.966,1.3915,0.9517,0.6178,1.5503,0.7562,1.4076,0.9398,0.1852,GO_GOAL
29.986,1.3944,0.9538,0.6178,1.5503,0.7562,1.4076,0.9398,0.1843,GO_GOAL
30.006,1.3973,0.9559,0.6178,1.5534,0.7581,1.4076,0.9398,0.1833,GO_GOAL
30.026,1.4003,0.958,0.6178,1.5595,0.762,1.4076,0.9398,0.1824,GO_GOAL
30.046,1.4032,0.9601,0.6178,1.5595,0.762,1.4223,0.9502,0.1815,GO_GOAL
30.066,1.4061,0.9622,0.6178,1.5625,0.7639,1.4223,0.9502,0.1806,GO_GOAL
30.086,1.4091,0.9642,0.6178,1.5656,0.7658,1.4223,0.9502,0.1798,GO_GOAL
30.106,1.412,0.9663,0.6178,1.5686,0.7678,1.4223,0.9502,0.1789,GO_GOAL
30.126,1.4149,0.9684,0.6178,1.5716,0.7697,1.4223,0.9502,0.1781,GO_GOAL
30.146,1.4179,0.9705,0.6178,1.5747,0.7716,1.437,0.9606,0.1774,GO_GOAL
30.166,1.4208,0.9726,0.6178,1.5777,0.7735,1.437,0.9606,0.1766,GO_GOAL
30.186,1.4237,0.9747,0.6178,1.5808,0.7755,1.437,0.9606,0.1759,GO_GOAL
30.206,1.4267,0.9767,0.6178,1.5838,0.7774,1.437,0.9606,0.1752,GO_GOAL
30.226,1.4296,0.9788,0.6178,1.5868,0.7793,1.437,0.9606,0.1745,GO_GOAL
30.246,1.4325,0.9809,0.6178,1.5899,0.7812,1.4517,0.971,0.1739,GO_GOAL
30.266,1.4355,0.983,0.6178,1.5929,0.7832,1.4517,0.971,0.1733,GO_GOAL
30.286,1.4384,0.9851,0.6178,1.596,0.7851,1.4517,0.971,0.1727,GO_GOAL
30.306,1.4413,0.9872,0.6178,1.599,0.787,1.4517,0.971,0.1721,GO_GOAL
30.326,1.4443,0.9893,0.6178,1.6051,0.7909,1.4663,0.9815,0.1715,GO_GOAL
30.346,1.4472,0.9913,0.6178,1.6051,0.7909,1.4663,0.9815,0.171,GO_GOAL
30.366,1.4502,0.9934,0.6178,1.6081,0.7928,1.4663,0.9815,0.1705,GO_GOAL
30.386,1.4531,0.9955,0.6178,1.6112,0.7947,1.4663,0.9815,0.1701,GO_GOAL
30.406,1.456,0.9976,0.6178,1.6142,0.7966,1.4663,0.9815,0.1696,GO_GOAL
30.426,1.459,0.9997,0.6178,1.6173,0.7986,1.4663,0.9815,0.1692,GO_GOAL
30.446,1.4619,1.0018,0.6178,1.6203,0.8005,1.481,0.9919,0.1688,GO_GOAL
30.466,1.4648,1.0039,0.6178,1.6233,0.8024,1.481,0.9919,0.1685,GO_GOAL
30.486,1.4678,1.0059,0.6178,1.6264,0.8043,1.481,0.9919,0.1682,GO_GOAL
30.506,1.4707,1.008,0.6178,1.6294,0.8063,1.481,0.9919,0.1679,GO_GOAL
30.526,1.4736,1.0101,0.6178,1.6325,0.8082,1.4957,1.0023,0.1676,GO_GOAL
30.546,1.4766,1.0122,0.6178,1.6355,0.8101,1.4957,1.0023,0.1673,GO_GOAL
30.566,1.4795,1.0143,0.6178,1.6386,0.812,1.4957,1.0023,0.1671,GO_GOAL
30.586,1.4824,1.0164,0.6178,1.6446,0.8159,1.4957,1.0023,0.1669,GO_GOAL
30.606,1.4854,1.0185,0.6178,1.6446,0.8159,1.4957,1.0023,0.1668,GO_GOAL
30.626,1.4883,1.0205,0.6178,1.6477,0.8178,1.4957,1.0023,0.1666,GO_GOAL
30.646,1.4912,1.0226,0.6178,1.6507,0.8198,1.5104,1.0127,0.1665,GO_GOAL
30.666,1.4942,1.0247,0.6178,1.6538,0.8217,1.5104,1.0127,0.1664,GO_GOAL
30.686,1.4971,1.0268,0.6178,1.6599,0.8255,1.5104,1.0127,0.1664,GO_GOAL
30.706,1.5,1.0289,0.6178,1.6599,0.8255,1.5104,1.0127,0.1663,GO_GOAL
30.726,1.503,1.031,0.6178,1.6629,0.8275,1.5104,1.0127,0.1663,GO_GOAL
30.746,1.5059,1.033,0.6178,1.6659,0.8294,1.525,1.0232,0.1663,GO_GOAL
30.766,1.5088,1.0351,0.6178,1.669,0.8313,1.525,1.0232,0.1664,GO_GOAL
30.786,1.5118,1.0372,0.6178,1.672,0.8332,1.525,1.0232,0.1665,GO_GOAL
30.806,1.5147,1.0393,0.6178,1.6751,0.8352,1.525,1.0232,0.1666,GO_GOAL
30.826,1.5176,1.0414,0.6178,1.6781,0.8371,1.525,1.0232,0.1667,GO_GOAL
30.846,1.5206,1.0435,0.6178,1.6811,0.839,1.5397,1.0336,0.1669,GO_GOAL
30.866,1.5235,1.0456,0.6178,1.6842,0.8409,1.5397,1.0336,0.167,GO_GOAL
30.886,1.5264,1.0476,0.6178,1.6872,0.8429,1.5397,1.0336,0.1673,GO_GOAL
30.906,1.5294,1.0497,0.6178,1.6903,0.8448,1.5397,1.0336,0.1675,GO_GOAL
30.926,1.5323,1.0518,0.6178,1.6933,0.8467,1.5397,1.0336,0.1678,GO_GOAL
30.946,1.5353,1.0539,0.6178,1.6964,0.8486,1.5544,1.044,0.1681,GO_GOAL
30.966,1.5382,1.056,0.6178,1.6994,0.8506,1.5544,1.044,0.1684,GO_GOAL
30.986,1.5411,1.0581,0.6178,1.7024,0.8525,1.5544,1.044,0.1687,GO_GOAL
31.006,1.5441,1.0602,0.6178,1.7055,0.8544,1.5544,1.044,0.1691,GO_GOAL
31.026,1.547,1.0622,0.6178,1.7085,0.8563,1.5544,1.044,0.1695,GO_GOAL
31.046,1.5499,1.0643,0.6178,1.7116,0.8583,1.5691,1.0544,0.1699,GO_GOAL
31.066,1.5529,1.0664,0.6178,1.7146,0.8602,1.5691,1.0544,0.1704,GO_GOAL
31.086,1.5558,1.0685,0.6178,1.7176,0.8621,1.5691,1.0544,0.1709,GO_GOAL
31.106,1.5587,1.0706,0.6178,1.7207,0.864,1.5691,1.0544,0.1714,GO_GOAL
31.126,1.5617,1.0727,0.6178,1.7237,0.866,1.5691,1.0544,0.1719,GO_GOAL
31.146,1.5646,1.0748,0.6178,1.7268,0.8679,1.5837,1.0649,0.1725,GO_GOAL
31.166,1.5675,1.0768,0.6178,1.7298,0.8698,1.5837,1.0649,0.1731,GO_GOAL
31.186,1.5705,1.0789,0.6178,1.7329,0.8717,1.5837,1.0649,0.1737,GO_GOAL
31.206,1.5734,1.081,0.6178,1.7359,0.8737,1.5837,1.0649,0.1743,GO_GOAL
31.226,1.5763,1.0831,0.6178,1.7389,0.8756,1.5837,1.0649,0.175,GO_GOAL
31.246,1.5793,1.0852,0.6178,1.742,0.8775,1.6013,1.0774,0.1757,GO_GOAL
31.266,1.5822,1.0873,0.6178,1.745,0.8794,1.6013,1.0774,0.1764,GO_GOAL
31.286,1.5851,1.0894,0.6178,1.7481,0.8814,1.6013,1.0774,0.1771,GO_GOAL
31.306,1.5881,1.0914,0.6178,1.7511,0.8833,1.6013,1.0774,0.1779,GO_GOAL
31.326,1.591,1.0935,0.6178,1.7572,0.8871,1.6013,1.0774,0.1787,GO_GOAL
31.346,1.5939,1.0956,0.6178,1.7572,0.8871,1.6131,1.0857,0.1795,GO_GOAL
31.366,1.5969,1.0977,0.6178,1.7602,0.8891,1.6131,1.0857,0.1803,GO_GOAL
31.386,1.5998,1.0998,0.6178,1.7633,0.891,1.6131,1.0857,0.1812,GO_GOAL
31.406,1.6027,1.1019,0.6178,1.7663,0.8929,1.6131,1.0857,0.1821,GO_GOAL
31.426,1.6057,1.1039,0.6178,1.7694,0.8948,1.6131,1.0857,0.183,GO_GOAL
31.446,1.6086,1.106,0.6178,1.7754,0.8987,1.6278,1.0961,0.184,GO_GOAL
31.466,1.6116,1.1081,0.6178,1.7754,0.8987,1.6278,1.0961,0.1849,GO_GOAL
31.486,1.6145,1.1102,0.6178,1.7815,0.9025,1.6278,1.0961,0.1859,GO_GOAL
31.506,1.6174,1.1123,0.6178,1.7815,0.9025,1.6278,1.0961,0.1869,GO_GOAL
31.526,1.6204,1.1144,0.6178,1.7846,0.9045,1.6278,1.0961,0.188,GO_GOAL
31.546,1.6233,1.1165,0.6178,1.7876,0.9064,1.6424,1.1066,0.189,GO_GOAL
31.566,1.6262,1.1185,0.6178,1.7907,0.9083,1.6424,1.1066,0.1901,GO_GOAL
31.586,1.6292,1.1206,0.6178,1.7967,0.9122,1.6424,1.1066,0.1912,GO_GOAL
31.606,1.6321,1.1227,0.6178,1.7967,0.9122,1.6424,1.1066,0.1923,GO_GOAL
31.626,1.635,1.1248,0.6178,1.7998,0.9141,1.6424,1.1066,0.1935,GO_GOAL
31.646,1.638,1.1269,0.6178,1.8028,0.916,1.6571,1.117,0.1947,GO_GOAL
31.666,1.6409,1.129,0.6178,1.8059,0.9179,1.6571,1.117,0.1959,GO_GOAL
31.686,1.6438,1.1311,0.6178,1.8089,0.9199,1.6571,1.117,0.1971,GO_GOAL
31.706,1.6468,1.1331,0.6178,1.8119,0.9218,1.6571,1.117,0.1984,GO_GOAL
31.726,1.6497,1.1352,0.6178,1.818,0.9256,1.6571,1.117,0.1996,GO_GOAL
31.746,1.6526,1.1373,0.6178,1.818,0.9256,1.6718,1.1274,0.2009,GO_GOAL
31.766,1.6556,1.1394,0.6178,1.8211,0.9276,1.6718,1.1274,0.2022,GO_GOAL
31.786,1.6585,1.1415,0.6178,1.8241,0.9295,1.6718,1.1274,0.2036,GO_GOAL
31.806,1.6614,1.1436,0.6178,1.8272,0.9314,1.6718,1.1274,0.2049,GO_GOAL
31.826,1.6644,1.1457,0.6178,1.8302,0.9333,1.6718,1.1274,0.2063,GO_GOAL
31.846,1.6673,1.1477,0.6178,1.8332,0.9353,1.6865,1.1378,0.2077,GO_GOAL
31.866,1.6702,1.1498,0.6178,1.8363,0.9372,1.6865,1.1378,0.2091,GO_GOAL
31.886,1.6732,1.1519,0.6178,1.8393,0.9391,1.6865,1.1378,0.2106,GO_GOAL
31.906,1.6761,1.154,0.6178,1.8424,0.941,1.6865,1.1378,0.212,GO_GOAL
31.926,1.679,1.1561,0.6178,1.8454,0.943,1.6865,1.1378,0.2135,GO_GOAL
31.946,1.682,1.1582,0.6178,1.8515,0.9468,1.7011,1.1483,0.215,GO_GOAL
31.966,1.6849,1.1603,0.6178,1.8515,0.9468,1.7011,1.1483,0.2165,GO_GOAL
31.986,1.6879,1.1623,0.6178,1.8576,0.9507,1.7011,1.1483,0.2181,GO_GOAL
32.006,1.6908,1.1644,0.6178,1.8576,0.9507,1.7011,1.1483,0.2196,GO_GOAL
32.026,1.6937,1.1665,0.6178,1.8606,0.9526,1.7011,1.1483,0.2212,GO_GOAL
32.046,1.6967,1.1686,0.6178,1.8637,0.9545,1.7158,1.1587,0.2228,GO_GOAL
32.066,1.6996,1.1707,0.6178,1.8667,0.9564,1.7158,1.1587,0.2245,GO_GOAL
32.086,1.7025,1.1728,0.6178,1.8697,0.9584,1.7158,1.1587,0.2261,GO_GOAL
32.106,1.7055,1.1748,0.6178,1.8728,0.9603,1.7158,1.1587,0.2278,GO_GOAL
32.126,1.7084,1.1769,0.6178,1.8758,0.9622,1.7158,1.1587,0.2294,GO_GOAL
32.146,1.7113,1.179,0.6178,1.8789,0.9641,1.7305,1.1691,0.2311,GO_GOAL
32.166,1.7143,1.1811,0.6178,1.8819,0.9661,1.7305,1.1691,0.2329,GO_GOAL
32.186,1.7172,1.1832,0.6178,1.885,0.968,1.7305,1.1691,0.2346,GO_GOAL
32.206,1.7201,1.1853,0.6178,1.888,0.9699,1.7305,1.1691,0.2363,GO_GOAL
32.226,1.7231,1.1874,0.6178,1.891,0.9719,1.7305,1.1691,0.2381,GO_GOAL
32.244,1.726,1.1894,0.6178,1.8941,0.9738,1.7451,1.1795,0.2399,GO_GOAL
32.266,1.7289,1.1915,0.6178,1.8971,0.9757,1.7451,1.1795,0.2417,GO_GOAL
32.286,1.7319,1.1936,0.6178,1.9002,0.9776,1.7451,1.1795,0.2435,GO_GOAL
32.306,1.7348,1.1957,0.6178,1.9032,0.9796,1.7451,1.1795,0.2454,GO_GOAL
32.326,1.7377,1.1978,0.6178,1.9062,0.9815,1.7451,1.1795,0.2472,GO_GOAL
32.346,1.7407,1.1999,0.6178,1.9093,0.9834,1.7598,1.19,0.2491,GO_GOAL
32.366,1.7436,1.202,0.6178,1.9123,0.9853,1.7598,1.19,0.251,GO_GOAL
32.386,1.7465,1.204,0.6178,1.9154,0.9873,1.7598,1.19,0.2529,GO_GOAL
32.406,1.7495,1.2061,0.6178,1.9184,0.9892,1.7598,1.19,0.2549,GO_GOAL
32.426,1.7524,1.2082,0.6178,1.9215,0.9911,1.7598,1.19,0.2568,GO_GOAL
32.446,1.7553,1.2103,0.6178,1.9275,0.995,1.7745,1.2004,0.2588,GO_GOAL
32.466,1.7583,1.2124,0.6178,1.9275,0.995,1.7745,1.2004,0.2607,GO_GOAL
32.486,1.7612,1.2145,0.6178,1.9306,0.9969,1.7745,1.2004,0.2627,GO_GOAL
32.506,1.7642,1.2166,0.6178,1.9336,0.9988,1.7745,1.2004,0.2647,GO_GOAL
32.526,1.7671,1.2186,0.6178,1.9367,1.0007,1.7745,1.2004,0.2667,GO_GOAL
32.544,1.77,1.2207,0.6178,1.9397,1.0027,1.7892,1.2108,0.2688,GO_GOAL
32.566,1.773,1.2228,0.6178,1.9427,1.0046,1.7892,1.2108,0.2708,GO_GOAL
32.586,1.7759,1.2249,0.6178,1.9458,1.0065,1.7892,1.2108,0.2729,GO_GOAL
32.606,1.7788,1.227,0.6178,1.9488,1.0084,1.7892,1.2108,0.275,GO_GOAL
32.626,1.7818,1.2291,0.6178,1.9519,1.0104,1.7892,1.2108,0.2771,GO_GOAL
32.646,1.7847,1.2311,0.6178,1.9549,1.0123,1.8038,1.2212,0.2792,GO_GOAL
32.666,1.7876,1.2332,0.6178,1.958,1.0142,1.8038,1.2212,0.2813,GO_GOAL
32.686,1.7906,1.2353,0.6178,1.961,1.0161,1.8038,1.2212,0.2835,GO_GOAL
32.706,1.7935,1.2374,0.6178,1.964,1.0181,1.8038,1.2212,0.2856,GO_GOAL
32.726,1.7964,1.2395,0.6178,1.9671,1.02,1.8038,1.2212,0.2878,GO_GOAL
32.746,1.7994,1.2416,0.6178,1.9701,1.0219,1.8185,1.2317,0.29,GO_GOAL
32.766,1.8023,1.2437,0.6178,1.9732,1.0238,1.8185,1.2317,0.2922,GO_GOAL
32.786,1.8052,1.2457,0.6178,1.9762,1.0258,1.8185,1.2317,0.2944,GO_GOAL
32.806,1.8082,1.2478,0.6178,1.9792,1.0277,1.8185,1.2317,0.2966,GO_GOAL
32.826,1.8111,1.2499,0.6178,1.9823,1.0296,1.8185,1.2317,0.2988,GO_GOAL
32.846,1.814,1.252,0.6178,1.9853,1.0315,1.8332,1.2421,0.3011,GO_GOAL
32.866,1.817,1.2541,0.6178,1.9884,1.0335,1.8332,1.2421,0.3033,GO_GOAL
32.886,1.8199,1.2562,0.6178,1.9914,1.0354,1.8332,1.2421,0.3056,GO_GOAL
32.906,1.8228,1.2583,0.6178,1.9975,1.0392,1.8332,1.2421,0.3079,GO_GOAL
32.926,1.8258,1.2603,0.6178,1.9975,1.0392,1.8332,1.2421,0.3102,GO_GOAL
32.946,1.8287,1.2624,0.6178,2.0005,1.0412,1.8479,1.2525,0.3125,GO_GOAL
32.966,1.8316,1.2645,0.6178,2.0036,1.0431,1.8479,1.2525,0.3148,GO_GOAL
32.986,1.8346,1.2666,0.6178,2.0066,1.045,1.8479,1.2525,0.3172,GO_GOAL
33.006,1.8375,1.2687,0.6178,2.0097,1.0469,1.8479,1.2525,0.3195,GO_GOAL
33.026,1.8404,1.2708,0.6178,2.0127,1.0489,1.8479,1.2525,0.3219,GO_GOAL
33.046,1.8434,1.2729,0.6178,2.0188,1.0527,1.8625,1.2629,0.3243,GO_GOAL
33.066,1.8463,1.2749,0.6178,2.0188,1.0527,1.8625,1.2629,0.3266,GO_GOAL
33.086,1.8493,1.277,0.6178,2.0218,1.0546,1.8625,1.2629,0.329,GO_GOAL
33.106,1.8522,1.2791,0.6178,2.0249,1.0566,1.8625,1.2629,0.3314,GO_GOAL
33.126,1.8551,1.2812,0.6178,2.0279,1.0585,1.8625,1.2629,0.3339,GO_GOAL
33.146,1.8581,1.2833,0.6178,2.031,1.0604,1.8772,1.2734,0.3363,GO_GOAL
33.166,1.861,1.2854,0.6178,2.034,1.0623,1.8772,1.2734,0.3387,GO_GOAL
33.186,1.8639,1.2875,0.6178,2.037,1.0643,1.8772,1.2734,0.3412,GO_GOAL
33.206,1.8669,1.2895,0.6178,2.0401,1.0662,1.8772,1.2734,0.3436,GO_GOAL
33.226,1.8698,1.2916,0.6178,2.0431,1.0681,1.8772,1.2734,0.3461,GO_GOAL
33.246,1.8727,1.2937,0.6178,2.0462,1.07,1.8919,1.2838,0.3486,GO_GOAL
33.266,1.8757,1.2958,0.6178,2.0492,1.072,1.8919,1.2838,0.3511,GO_GOAL
33.286,1.8786,1.2979,0.6178,2.0523,1.0739,1.8919,1.2838,0.3536,GO_GOAL
33.306,1.8815,1.3,0.6178,2.0553,1.0758,1.8919,1.2838,0.3561,GO_GOAL
33.326,1.8845,1.302,0.6178,2.0614,1.0797,1.8919,1.2838,0.3586,GO_GOAL
33.346,1.8874,1.3041,0.6178,2.0614,1.0797,1.9066,1.2942,0.3611,GO_GOAL
33.366,1.8903,1.3062,0.6178,2.0644,1.0816,1.9066,1.2942,0.3637,GO_GOAL
33.386,1.8933,1.3083,0.6178,2.0675,1.0835,1.9066,1.2942,0.3662,GO_GOAL
33.406,1.8962,1.3104,0.6178,2.0705,1.0854,1.9066,1.2942,0.3688,GO_GOAL
33.426,1.8991,1.3125,0.6178,2.0766,1.0893,1.9212,1.3046,0.3714,GO_GOAL
33.446,1.9021,1.3146,0.6178,2.0796,1.0912,1.9212,1.3046,0.3739,GO_GOAL
33.466,1.905,1.3166,0.6178,2.0796,1.0912,1.9212,1.3046,0.3765,GO_GOAL
33.486,1.9079,1.3187,0.6178,2.0827,1.0931,1.9212,1.3046,0.3791,GO_GOAL
33.506,1.9109,1.3208,0.6178,2.0857,1.0951,1.9212,1.3046,0.3817,GO_GOAL
33.526,1.9138,1.3229,0.6178,2.0888,1.097,1.9212,1.3046,0.3843,GO_GOAL
33.546,1.9167,1.325,0.6178,2.0918,1.0989,1.9359,1.3151,0.387,GO_GOAL
33.566,1.9197,1.3271,0.6178,2.0948,1.1008,1.9359,1.3151,0.3896,GO_GOAL
33.586,1.9226,1.3292,0.6178,2.1009,1.1047,1.9359,1.3151,0.3922,GO_GOAL
33.606,1.9256,1.3312,0.6178,2.104,1.1066,1.9359,1.3151,0.3949,GO_GOAL
33.626,1.9285,1.3333,0.6178,2.107,1.1085,1.9359,1.3151,0.3975,GO_GOAL
33.646,1.9314,1.3354,0.6178,2.107,1.1085,1.9535,1.3276,0.4002,GO_GOAL
33.666,1.9344,1.3375,0.6178,2.1131,1.1124,1.9535,1.3276,0.4029,GO_GOAL
33.686,1.9373,1.3396,0.6178,2.1131,1.1124,1.9535,1.3276,0.4056,GO_GOAL
33.706,1.9402,1.3417,0.6178,2.1161,1.1143,1.9535,1.3276,0.4083,GO_GOAL
33.726,1.9432,1.3438,0.6178,2.1192,1.1163,1.9535,1.3276,0.411,GO_GOAL
33.746,1.9461,1.3458,0.6178,2.1253,1.1201,1.9682,1.338,0.4137,GO_GOAL
33.766,1.949,1.3479,0.6178,2.1283,1.122,1.9682,1.338,0.4164,GO_GOAL
33.786,1.952,1.35,0.6178,2.1283,1.122,1.9682,1.338,0.4191,GO_GOAL
33.806,1.9549,1.3521,0.6178,2.1313,1.124,1.9682,1.338,0.4218,GO_GOAL
33.826,1.9578,1.3542,0.6178,2.1344,1.1259,1.9682,1.338,0.4246,GO_GOAL
33.846,1.9608,1.3563,0.6178,2.1374,1.1278,1.9799,1.3463,0.4273,GO_GOAL
33.866,1.9637,1.3584,0.6178,2.1405,1.1297,1.9799,1.3463,0.4301,GO_GOAL
33.886,1.9666,1.3604,0.6178,2.1435,1.1317,1.9799,1.3463,0.4328,GO_GOAL
33.906,1.9696,1.3625,0.6178,2.1466,1.1336,1.9799,1.3463,0.4356,GO_GOAL
33.926,1.9725,1.3646,0.6178,2.1496,1.1355,1.9799,1.3463,0.4384,GO_GOAL
33.946,1.9754,1.3667,0.6178,2.1557,1.1394,1.9946,1.3568,0.4411,GO_GOAL
33.966,1.9784,1.3688,0.6178,2.1557,1.1394,1.9946,1.3568,0.4439,GO_GOAL
33.986,1.9813,1.3709,0.6178,2.1587,1.1413,1.9946,1.3568,0.4467,GO_GOAL
34.006,1.9842,1.3729,0.6178,2.1618,1.1432,1.9946,1.3568,0.4495,GO_GOAL
34.026,1.9872,1.375,0.6178,2.1648,1.1451,1.9946,1.3568,0.4523,GO_GOAL
34.046,1.9901,1.3771,0.6178,2.1678,1.1471,2.0093,1.3672,0.4551,GO_GOAL
34.066,1.993,1.3792,0.6178,2.1739,1.1509,2.0093,1.3672,0.458,GO_GOAL
34.086,1.996,1.3813,0.6178,2.1739,1.1509,2.0093,1.3672,0.4608,GO_GOAL
34.106,1.9989,1.3834,0.6178,2.177,1.1528,2.0093,1.3672,0.4636,GO_GOAL
34.126,2.0018,1.3855,0.6178,2.18,1.1548,2.0093,1.3672,0.4665,GO_GOAL
34.146,2.0048,1.3875,0.6178,2.1831,1.1567,2.024,1.3776,0.4693,GO_GOAL
34.166,2.0077,1.3896,0.6178,2.1861,1.1586,2.024,1.3776,0.4722,GO_GOAL
34.186,2.0107,1.3917,0.6178,2.1922,1.1625,2.024,1.3776,0.475,GO_GOAL
34.206,2.0136,1.3938,0.6178,2.1922,1.1625,2.024,1.3776,0.4779,GO_GOAL
34.226,2.0165,1.3959,0.6178,2.1952,1.1644,2.024,1.3776,0.4808,GO_GOAL
34.246,2.0195,1.398,0.6178,2.1983,1.1663,2.0386,1.388,0.4836,GO_GOAL
34.266,2.0224,1.4001,0.6178,2.2013,1.1682,2.0386,1.388,0.4865,GO_GOAL
34.286,2.0253,1.4021,0.6178,2.2043,1.1702,2.0386,1.388,0.4894,GO_GOAL
34.306,2.0283,1.4042,0.6178,2.2074,1.1721,2.0386,1.388,0.4923,GO_GOAL
34.326,2.0312,1.4063,0.6178,2.2104,1.174,2.0386,1.388,0.4952,GO_GOAL
34.346,2.0341,1.4084,0.6178,2.2135,1.1759,2.0533,1.3985,0.4981,GO_GOAL
34.366,2.0371,1.4105,0.6178,2.2165,1.1779,2.0533,1.3985,0.501,GO_GOAL
34.386,2.04,1.4126,0.6178,2.2196,1.1798,2.0533,1.3985,0.5039,GO_GOAL
34.406,2.0429,1.4147,0.6178,2.2226,1.1817,2.0533,1.3985,0.5069,GO_GOAL
34.426,2.0459,1.4167,0.6178,2.2256,1.1836,2.068,1.4089,0.5098,GO_GOAL
34.446,2.0488,1.4188,0.6178,2.2287,1.1856,2.068,1.4089,0.5127,GO_GOAL
34.466,2.0517,1.4209,0.6178,2.2317,1.1875,2.068,1.4089,0.5157,GO_GOAL
34.486,2.0547,1.423,0.6178,2.2348,1.1894,2.068,1.4089,0.5186,GO_GOAL
34.506,2.0576,1.4251,0.6178,2.2378,1.1913,2.068,1.4089,0.5215,GO_GOAL
34.526,2.0605,1.4272,0.6178,2.2409,1.1933,2.068,1.4089,0.5245,GO_GOAL
34.546,2.0635,1.4293,0.6178,2.2439,1.1952,2.0826,1.4193,0.5275,GO_GOAL
34.566,2.0664,1.4313,0.6178,2.2469,1.1971,2.0826,1.4193,0.5304,GO_GOAL
34.586,2.0693,1.4334,0.6178,2.25,1.199,2.0826,1.4193,0.5334,GO_GOAL
34.606,2.0723,1.4355,0.6178,2.253,1.201,2.0826,1.4193,0.5364,GO_GOAL
34.626,2.0752,1.4376,0.6178,2.2561,1.2029,2.0826,1.4193,0.5393,GO_GOAL
34.646,2.0781,1.4397,0.6178,2.2591,1.2048,2.0973,1.4297,0.5423,GO_GOAL
34.666,2.0811,1.4418,0.6178,2.2621,1.2067,2.0973,1.4297,0.5453,GO_GOAL
34.686,2.084,1.4438,0.6178,2.2652,1.2087,2.0973,1.4297,0.5483,GO_GOAL
34.706,2.087,1.4459,0.6178,2.2682,1.2106,2.0973,1.4297,0.5513,GO_GOAL
34.726,2.0899,1.448,0.6178,2.2713,1.2125,2.112,1.4402,0.5543,GO_GOAL
34.746,2.0928,1.4501,0.6178,2.2743,1.2144,2.112,1.4402,0.5573,GO_GOAL
34.766,2.0958,1.4522,0.6178,2.2774,1.2164,2.112,1.4402,0.5603,GO_GOAL
34.786,2.0987,1.4543,0.6178,2.2804,1.2183,2.112,1.4402,0.5633,GO_GOAL
34.806,2.1016,1.4564,0.6178,2.2865,1.2221,2.112,1.4402,0.5664,GO_GOAL
34.826,2.1046,1.4584,0.6178,2.2865,1.2221,2.112,1.4402,0.5694,GO_GOAL
34.846,2.1075,1.4605,0.6178,2.2895,1.2241,2.1267,1.4506,0.5724,GO_GOAL
34.866,2.1104,1.4626,0.6178,2.2926,1.226,2.1267,1.4506,0.5754,GO_GOAL
34.886,2.1134,1.4647,0.6178,2.2956,1.2279,2.1267,1.4506,0.5785,GO_GOAL
34.906,2.1163,1.4668,0.6178,2.2986,1.2298,2.1267,1.4506,0.5815,GO_GOAL
34.926,2.1192,1.4689,0.6178,2.3047,1.2337,2.1267,1.4506,0.5846,GO_GOAL
34.946,2.1222,1.471,0.6178,2.3047,1.2337,2.1443,1.4631,0.5876,GO_GOAL
34.966,2.1251,1.473,0.6178,2.3078,1.2356,2.1443,1.4631,0.5907,GO_GOAL
34.986,2.128,1.4751,0.6178,2.3108,1.2375,2.1443,1.4631,0.5937,GO_GOAL
35.006,2.131,1.4772,0.6178,2.3139,1.2395,2.1443,1.4631,0.5968,GO_GOAL
35.026,2.1339,1.4793,0.6178,2.3199,1.2433,2.156,1.4714,0.5998,GO_GOAL
35.046,2.1368,1.4814,0.6178,2.323,1.2452,2.156,1.4714,0.6029,GO_GOAL
35.066,2.1398,1.4835,0.6178,2.323,1.2452,2.156,1.4714,0.606,GO_GOAL
35.086,2.1427,1.4856,0.6178,2.326,1.2472,2.156,1.4714,0.6091,GO_GOAL
35.106,2.1456,1.4876,0.6178,2.3321,1.251,2.156,1.4714,0.6121,GO_GOAL
35.126,2.1486,1.4897,0.6178,2.3321,1.251,2.156,1.4714,0.6152,GO_GOAL
35.146,2.1515,1.4918,0.6178,2.3351,1.253,2.1707,1.4819,0.6183,GO_GOAL
35.166,2.1544,1.4939,0.6178,2.3382,1.2549,2.1707,1.4819,0.6214,GO_GOAL
35.186,2.1574,1.496,0.6178,2.3412,1.2568,2.1707,1.4819,0.6245,GO_GOAL
35.206,2.1603,1.4981,0.6178,2.3443,1.2587,2.1707,1.4819,0.6276,GO_GOAL
35.226,2.1632,1.5002,0.6178,2.3473,1.2607,2.1707,1.4819,0.6307,GO_GOAL
35.246,2.1662,1.5022,0.6178,2.3534,1.2645,2.1854,1.4923,0.6338,GO_GOAL
35.266,2.1691,1.5043,0.6178,2.3534,1.2645,2.1854,1.4923,0.6369,GO_GOAL
35.286,2.1721,1.5064,0.6178,2.3564,1.2664,2.1854,1.4923,0.64,GO_GOAL
35.306,2.175,1.5085,0.6178,2.3625,1.2703,2.1854,1.4923,0.6432,GO_GOAL
35.326,2.1779,1.5106,0.6178,2.3625,1.2703,2.1854,1.4923,0.6463,GO_GOAL
35.346,2.1809,1.5127,0.6178,2.3656,1.2722,2.2,1.5027,0.6494,GO_GOAL
35.366,2.1838,1.5147,0.6178,2.3686,1.2741,2.2,1.5027,0.6525,GO_GOAL
35.386,2.1867,1.5168,0.6178,2.3747,1.278,2.2,1.5027,0.6557,GO_GOAL
35.406,2.1897,1.5189,0.6178,2.3747,1.278,2.2,1.5027,0.6588,GO_GOAL
35.426,2.1926,1.521,0.6178,2.3777,1.2799,2.2,1.5027,0.6619,GO_GOAL
35.446,2.1955,1.5231,0.6178,2.3808,1.2818,2.2147,1.5131,0.6651,GO_GOAL
35.466,2.1985,1.5252,0.6178,2.3838,1.2838,2.2147,1.5131,0.6682,GO_GOAL
35.486,2.2014,1.5273,0.6178,2.3869,1.2857,2.2147,1.5131,0.6714,GO_GOAL
35.506,2.2043,1.5293,0.6178,2.3899,1.2876,2.2147,1.5131,0.6745,GO_GOAL
35.526,2.2073,1.5314,0.6178,2.396,1.2915,2.2147,1.5131,0.6777,GO_GOAL
35.546,2.2102,1.5335,0.6178,2.396,1.2915,2.2294,1.5236,0.6808,GO_GOAL
35.566,2.2131,1.5356,0.6178,2.399,1.2934,2.2294,1.5236,0.684,GO_GOAL
35.586,2.2161,1.5377,0.6178,2.4051,1.2972,2.2294,1.5236,0.6871,GO_GOAL
35.606,2.219,1.5398,0.6178,2.4051,1.2972,2.2294,1.5236,0.6903,GO_GOAL
35.626,2.2219,1.5419,0.6178,2.4082,1.2992,2.2294,1.5236,0.6935,GO_GOAL
35.644,2.2249,1.5439,0.6178,2.4112,1.3011,2.2441,1.534,0.6966,GO_GOAL
35.666,2.2278,1.546,0.6178,2.4173,1.3049,2.2441,1.534,0.6998,GO_GOAL
35.686,2.2307,1.5481,0.6178,2.4173,1.3049,2.2441,1.534,0.703,GO_GOAL
35.706,2.2337,1.5502,0.6178,2.4203,1.3069,2.2441,1.534,0.7062,GO_GOAL
35.726,2.2366,1.5523,0.6178,2.4234,1.3088,2.2441,1.534,0.7093,GO_GOAL
35.746,2.2395,1.5544,0.6178,2.4264,1.3107,2.2587,1.5444,0.7125,GO_GOAL
35.766,2.2425,1.5565,0.6178,2.4294,1.3126,2.2587,1.5444,0.7157,GO_GOAL
35.786,2.2454,1.5585,0.6178,2.4325,1.3146,2.2587,1.5444,0.7189,GO_GOAL
35.806,2.2484,1.5606,0.6178,2.4355,1.3165,2.2587,1.5444,0.7221,GO_GOAL
35.826,2.2513,1.5627,0.6178,2.4386,1.3184,2.2587,1.5444,0.7253,GO_GOAL
35.846,2.2542,1.5648,0.6178,2.4416,1.3203,2.2734,1.5548,0.7285,GO_GOAL
35.866,2.2572,1.5669,0.6178,2.4447,1.3223,2.2734,1.5548,0.7317,GO_GOAL
35.886,2.2601,1.569,0.6178,2.4477,1.3242,2.2734,1.5548,0.7349,GO_GOAL
35.906,2.263,1.571,0.6178,2.4507,1.3261,2.2734,1.5548,0.7381,GO_GOAL
35.926,2.266,1.5731,0.6178,2.4538,1.328,2.2734,1.5548,0.7413,GO_GOAL
35.946,2.2689,1.5752,0.6178,2.4568,1.33,2.291,1.5674,0.7445,GO_GOAL
35.966,2.2718,1.5773,0.6178,2.4599,1.3319,2.291,1.5674,0.7477,GO_GOAL
35.986,2.2748,1.5794,0.6178,2.4629,1.3338,2.291,1.5674,0.7509,GO_GOAL
36.006,2.2777,1.5815,0.6178,2.466,1.3357,2.291,1.5674,0.7542,GO_GOAL
36.026,2.2806,1.5836,0.6178,2.469,1.3377,2.291,1.5674,0.7574,GO_GOAL
36.046,2.2836,1.5856,0.6178,2.472,1.3396,2.3028,1.5757,0.7606,GO_GOAL
36.066,2.2865,1.5877,0.6178,2.4751,1.3415,2.3028,1.5757,0.7638,GO_GOAL
36.086,2.2894,1.5898,0.6178,2.4781,1.3434,2.3028,1.5757,0.7671,GO_GOAL
36.106,2.2924,1.5919,0.6178,2.4812,1.3454,2.3028,1.5757,0.7703,GO_GOAL
36.126,2.2953,1.594,0.6178,2.4842,1.3473,2.3028,1.5757,0.7735,GO_GOAL
36.146,2.2982,1.5961,0.6178,2.4872,1.3492,2.3174,1.5861,0.7768,GO_GOAL
36.166,2.3012,1.5982,0.6178,2.4903,1.3511,2.3174,1.5861,0.78,GO_GOAL
36.186,2.3041,1.6002,0.6178,2.4933,1.3531,2.3174,1.5861,0.7832,GO_GOAL
36.206,2.307,1.6023,0.6178,2.4964,1.355,2.3174,1.5861,0.7865,GO_GOAL
36.226,2.31,1.6044,0.6178,2.5025,1.3588,2.3174,1.5861,0.7897,GO_GOAL
36.244,2.3129,1.6065,0.6178,2.5025,1.3588,2.3321,1.5965,0.793,GO_GOAL
36.266,2.3158,1.6086,0.6178,2.5085,1.3627,2.3321,1.5965,0.7962,GO_GOAL
36.286,2.3188,1.6107,0.6178,2.5085,1.3627,2.3321,1.5965,0.7979,GO_GOAL
36.306,2.3217,1.6128,0.6178,2.5116,1.3646,2.3321,1.5965,0.7958,GO_GOAL
36.326,2.3247,1.6148,0.6178,2.5146,1.3665,2.3321,1.5965,0.7937,GO_GOAL
36.346,2.3276,1.6169,0.6178,2.5177,1.3685,2.3468,1.607,0.7916,GO_GOAL
36.366,2.3305,1.619,0.6178,2.5207,1.3704,2.3468,1.607,0.7895,GO_GOAL
36.386,2.3335,1.6211,0.6178,2.5268,1.3742,2.3468,1.607,0.7874,GO_GOAL
36.406,2.3364,1.6232,0.6178,2.5268,1.3742,2.3468,1.607,0.7854,GO_GOAL
36.426,2.3393,1.6253,0.6178,2.5298,1.3762,2.3468,1.607,0.7833,GO_GOAL
36.446,2.3423,1.6274,0.6178,2.5329,1.3781,2.3644,1.6195,0.7812,GO_GOAL
36.466,2.3452,1.6294,0.6178,2.5359,1.38,2.3644,1.6195,0.7791,GO_GOAL
36.486,2.3481,1.6315,0.6178,2.539,1.3819,2.3644,1.6195,0.777,GO_GOAL
36.506,2.3511,1.6336,0.6178,2.542,1.3839,2.3644,1.6195,0.7749,GO_GOAL
36.526,2.354,1.6357,0.6178,2.5481,1.3877,2.3644,1.6195,0.7728,GO_GOAL
36.546,2.3569,1.6378,0.6178,2.5481,1.3877,2.3791,1.6299,0.7708,GO_GOAL
36.566,2.3599,1.6399,0.6178,2.5511,1.3896,2.3791,1.6299,0.7687,GO_GOAL
36.586,2.3628,1.6419,0.6178,2.5542,1.3916,2.3791,1.6299,0.7666,GO_GOAL
36.606,2.3657,1.644,0.6178,2.5572,1.3935,2.3791,1.6299,0.7645,GO_GOAL
36.626,2.3687,1.6461,0.6178,2.5603,1.3954,2.3791,1.6299,0.7624,GO_GOAL
36.646,2.3716,1.6482,0.6178,2.5633,1.3973,2.3908,1.6382,0.7603,GO_GOAL
36.666,2.3745,1.6503,0.6178,2.5663,1.3993,2.3908,1.6382,0.7582,GO_GOAL
36.686,2.3775,1.6524,0.6178,2.5694,1.4012,2.3908,1.6382,0.7562,GO_GOAL
36.706,2.3804,1.6545,0.6178,2.5724,1.4031,2.3908,1.6382,0.7541,GO_GOAL
36.726,2.3833,1.6565,0.6178,2.5755,1.405,2.3908,1.6382,0.752,GO_GOAL
36.746,2.3863,1.6586,0.6178,2.5785,1.407,2.4055,1.6487,0.7499,GO_GOAL
36.766,2.3892,1.6607,0.6178,2.5815,1.4089,2.4055,1.6487,0.7478,GO_GOAL
36.786,2.3921,1.6628,0.6178,2.5846,1.4108,2.4055,1.6487,0.7457,GO_GOAL
36.806,2.3951,1.6649,0.6178,2.5876,1.4128,2.4055,1.6487,0.7437,GO_GOAL
36.826,2.398,1.667,0.6178,2.5907,1.4147,2.4055,1.6487,0.7416,GO_GOAL
36.846,2.401,1.6691,0.6178,2.5937,1.4166,2.4201,1.6591,0.7395,GO_GOAL
36.866,2.4039,1.6711,0.6178,2.5968,1.4185,2.4201,1.6591,0.7374,GO_GOAL
36.886,2.4068,1.6732,0.6178,2.5998,1.4205,2.4201,1.6591,0.7353,GO_GOAL
36.906,2.4098,1.6753,0.6178,2.6028,1.4224,2.4201,1.6591,0.7332,GO_GOAL
36.926,2.4127,1.6774,0.6178,2.6089,1.4262,2.4201,1.6591,0.7311,GO_GOAL
36.946,2.4156,1.6795,0.6178,2.6089,1.4262,2.4348,1.6695,0.7291,GO_GOAL
36.966,2.4186,1.6816,0.6178,2.615,1.4301,2.4348,1.6695,0.727,GO_GOAL
36.986,2.4215,1.6837,0.6178,2.615,1.4301,2.4348,1.6695,0.7249,GO_GOAL
37.006,2.4244,1.6857,0.6178,2.6211,1.4339,2.4348,1.6695,0.7228,GO_GOAL
37.026,2.4274,1.6878,0.6178,2.6211,1.4339,2.4348,1.6695,0.7207,GO_GOAL
37.046,2.4303,1.6899,0.6178,2.6241,1.4359,2.4495,1.6799,0.7186,GO_GOAL
37.066,2.4332,1.692,0.6178,2.6272,1.4378,2.4495,1.6799,0.7165,GO_GOAL
37.086,2.4362,1.6941,0.6178,2.6302,1.4397,2.4495,1.6799,0.7145,GO_GOAL
37.106,2.4391,1.6962,0.6178,2.6333,1.4416,2.4495,1.6799,0.7124,GO_GOAL
37.126,2.442,1.6982,0.6178,2.6363,1.4436,2.4495,1.6799,0.7103,GO_GOAL
37.146,2.445,1.7003,0.6178,2.6424,1.4474,2.4642,1.6904,0.7082,GO_GOAL
37.166,2.4479,1.7024,0.6178,2.6424,1.4474,2.4642,1.6904,0.7061,GO_GOAL
37.186,2.4508,1.7045,0.6178,2.6485,1.4513,2.4642,1.6904,0.704,GO_GOAL
37.206,2.4538,1.7066,0.6178,2.6485,1.4513,2.4642,1.6904,0.7019,GO_GOAL
37.226,2.4567,1.7087,0.6178,2.6515,1.4532,2.4642,1.6904,0.6999,GO_GOAL
37.246,2.4596,1.7108,0.6178,2.6546,1.4551,2.4788,1.7008,0.6978,GO_GOAL
37.266,2.4626,1.7128,0.6178,2.6576,1.457,2.4788,1.7008,0.6957,GO_GOAL
37.286,2.4655,1.7149,0.6178,2.6637,1.4609,2.4788,1.7008,0.6936,GO_GOAL
37.306,2.4684,1.717,0.6178,2.6637,1.4609,2.4788,1.7008,0.6915,GO_GOAL
37.326,2.4714,1.7191,0.6178,2.6667,1.4628,2.4788,1.7008,0.6894,GO_GOAL
37.346,2.4743,1.7212,0.6178,2.6698,1.4647,2.4935,1.7112,0.6873,GO_GOAL
37.366,2.4773,1.7233,0.6178,2.6728,1.4667,2.4935,1.7112,0.6853,GO_GOAL
37.386,2.4802,1.7254,0.6178,2.6789,1.4705,2.4935,1.7112,0.6832,GO_GOAL
37.406,2.4831,1.7274,0.6178,2.6789,1.4705,2.4935,1.7112,0.6811,GO_GOAL
37.426,2.4861,1.7295,0.6178,2.6819,1.4724,2.4935,1.7112,0.679,GO_GOAL
37.446,2.489,1.7316,0.6178,2.685,1.4744,2.5082,1.7216,0.6769,GO_GOAL
37.466,2.4919,1.7337,0.6178,2.688,1.4763,2.5082,1.7216,0.6748,GO_GOAL
37.486,2.4949,1.7358,0.6178,2.6911,1.4782,2.5082,1.7216,0.6728,GO_GOAL
37.506,2.4978,1.7379,0.6178,2.6941,1.4801,2.5082,1.7216,0.6707,GO_GOAL
37.526,2.5007,1.74,0.6178,2.6971,1.4821,2.5082,1.7216,0.6686,GO_GOAL
37.546,2.5037,1.742,0.6178,2.7002,1.484,2.5229,1.7321,0.6665,GO_GOAL
37.566,2.5066,1.7441,0.6178,2.7032,1.4859,2.5229,1.7321,0.6644,GO_GOAL
37.586,2.5095,1.7462,0.6178,2.7093,1.4898,2.5229,1.7321,0.6623,GO_GOAL
37.606,2.5125,1.7483,0.6178,2.7093,1.4898,2.5229,1.7321,0.6602,GO_GOAL
37.626,2.5154,1.7504,0.6178,2.7123,1.4917,2.5229,1.7321,0.6582,GO_GOAL
37.646,2.5183,1.7525,0.6178,2.7154,1.4936,2.5375,1.7425,0.6561,GO_GOAL
37.666,2.5213,1.7545,0.6178,2.7184,1.4955,2.5375,1.7425,0.654,GO_GOAL
37.686,2.5242,1.7566,0.6178,2.7215,1.4975,2.5375,1.7425,0.6519,GO_GOAL
37.706,2.5271,1.7587,0.6178,2.7245,1.4994,2.5375,1.7425,0.6498,GO_GOAL
37.726,2.5301,1.7608,0.6178,2.7276,1.5013,2.5375,1.7425,0.6477,GO_GOAL
37.746,2.533,1.7629,0.6178,2.7306,1.5032,2.5522,1.7529,0.6456,GO_GOAL
37.766,2.5359,1.765,0.6178,2.7336,1.5052,2.5522,1.7529,0.6436,GO_GOAL
37.786,2.5389,1.7671,0.6178,2.7367,1.5071,2.5522,1.7529,0.6415,GO_GOAL
37.806,2.5418,1.7691,0.6178,2.7428,1.5109,2.5522,1.7529,0.6394,GO_GOAL
37.826,2.5447,1.7712,0.6178,2.7428,1.5109,2.5669,1.7633,0.6373,GO_GOAL
37.846,2.5477,1.7733,0.6178,2.7458,1.5129,2.5669,1.7633,0.6352,GO_GOAL
37.866,2.5506,1.7754,0.6178,2.7519,1.5167,2.5669,1.7633,0.6331,GO_GOAL
37.886,2.5535,1.7775,0.6178,2.7519,1.5167,2.5669,1.7633,0.631,GO_GOAL
37.906,2.5565,1.7796,0.6178,2.7549,1.5186,2.5669,1.7633,0.629,GO_GOAL
37.926,2.5594,1.7817,0.6178,2.758,1.5206,2.5669,1.7633,0.6269,GO_GOAL
37.946,2.5624,1.7837,0.6178,2.7641,1.5244,2.5816,1.7738,0.6248,GO_GOAL
37.966,2.5653,1.7858,0.6178,2.7641,1.5244,2.5816,1.7738,0.6227,GO_GOAL
37.986,2.5682,1.7879,0.6178,2.7671,1.5263,2.5816,1.7738,0.6206,GO_GOAL
38.006,2.5712,1.79,0.6178,2.7701,1.5283,2.5816,1.7738,0.6185,GO_GOAL
38.026,2.5741,1.7921,0.6178,2.7732,1.5302,2.5816,1.7738,0.6165,GO_GOAL
38.046,2.577,1.7942,0.6178,2.7762,1.5321,2.5962,1.7842,0.6144,GO_GOAL
38.066,2.58,1.7963,0.6178,2.7793,1.534,2.5962,1.7842,0.6123,GO_GOAL
38.086,2.5829,1.7983,0.6178,2.7823,1.536,2.5962,1.7842,0.6102,GO_GOAL
38.106,2.5858,1.8004,0.6178,2.7854,1.5379,2.5962,1.7842,0.6081,GO_GOAL
38.126,2.5888,1.8025,0.6178,2.7914,1.5417,2.6109,1.7946,0.606,GO_GOAL
38.146,2.5917,1.8046,0.6178,2.7914,1.5417,2.6109,1.7946,0.6039,GO_GOAL
38.166,2.5946,1.8067,0.6178,2.7945,1.5437,2.6109,1.7946,0.6019,GO_GOAL
38.186,2.5976,1.8088,0.6178,2.7975,1.5456,2.6109,1.7946,0.5998,GO_GOAL
38.206,2.6005,1.8109,0.6178,2.8006,1.5475,2.6109,1.7946,0.5977,GO_GOAL
38.226,2.6034,1.8129,0.6178,2.8036,1.5494,2.6109,1.7946,0.5956,GO_GOAL
38.246,2.6064,1.815,0.6178,2.8066,1.5514,2.6256,1.805,0.5935,GO_GOAL
38.266,2.6093,1.8171,0.6178,2.8127,1.5552,2.6256,1.805,0.5914,GO_GOAL
38.286,2.6122,1.8192,0.6178,2.8127,1.5552,2.6256,1.805,0.5893,GO_GOAL
38.306,2.6152,1.8213,0.6178,2.8158,1.5571,2.6256,1.805,0.5873,GO_GOAL
38.326,2.6181,1.8234,0.6178,2.8219,1.561,2.6432,1.8176,0.5852,GO_GOAL
38.346,2.621,1.8254,0.6178,2.8219,1.561,2.6432,1.8176,0.5831,GO_GOAL
38.366,2.624,1.8275,0.6178,2.8249,1.5629,2.6432,1.8176,0.581,GO_GOAL
38.386,2.6269,1.8296,0.6178,2.8279,1.5648,2.6432,1.8176,0.5789,GO_GOAL
38.406,2.6298,1.8317,0.6178,2.831,1.5668,2.6432,1.8176,0.5768,GO_GOAL
38.426,2.6328,1.8338,0.6178,2.834,1.5687,2.6432,1.8176,0.5747,GO_GOAL
38.446,2.6357,1.8359,0.6178,2.8371,1.5706,2.6549,1.8259,0.5727,GO_GOAL
38.466,2.6387,1.838,0.6178,2.8401,1.5725,2.6549,1.8259,0.5706,GO_GOAL
38.486,2.6416,1.84,0.6178,2.8462,1.5764,2.6549,1.8259,0.5685,GO_GOAL
38.506,2.6445,1.8421,0.6178,2.8462,1.5764,2.6549,1.8259,0.5664,GO_GOAL
38.526,2.6475,1.8442,0.6178,2.8492,1.5783,2.6549,1.8259,0.5643,GO_GOAL
38.546,2.6504,1.8463,0.6178,2.8553,1.5822,2.6696,1.8363,0.5622,GO_GOAL
38.566,2.6533,1.8484,0.6178,2.8553,1.5822,2.6696,1.8363,0.5602,GO_GOAL
38.586,2.6563,1.8505,0.6178,2.8584,1.5841,2.6696,1.8363,0.5581,GO_GOAL
38.606,2.6592,1.8526,0.6178,2.8614,1.586,2.6696,1.8363,0.556,GO_GOAL
38.626,2.6621,1.8546,0.6178,2.8644,1.588,2.6696,1.8363,0.5539,GO_GOAL
38.646,2.6651,1.8567,0.6178,2.8675,1.5899,2.6843,1.8467,0.5518,GO_GOAL
38.666,2.668,1.8588,0.6178,2.8705,1.5918,2.6843,1.8467,0.5497,GO_GOAL
38.686,2.6709,1.8609,0.6178,2.8736,1.5937,2.6843,1.8467,0.5476,GO_GOAL
38.706,2.6739,1.863,0.6178,2.8766,1.5957,2.6843,1.8467,0.5456,GO_GOAL
38.726,2.6768,1.8651,0.6178,2.8797,1.5976,2.6843,1.8467,0.5435,GO_GOAL
38.746,2.6797,1.8672,0.6178,2.8827,1.5995,2.6989,1.8572,0.5414,GO_GOAL
38.766,2.6827,1.8692,0.6178,2.8857,1.6014,2.6989,1.8572,0.5393,GO_GOAL
38.786,2.6856,1.8713,0.6178,2.8888,1.6034,2.6989,1.8572,0.5372,GO_GOAL
38.806,2.6885,1.8734,0.6178,2.8949,1.6072,2.6989,1.8572,0.5351,GO_GOAL
38.826,2.6915,1.8755,0.6178,2.8949,1.6072,2.6989,1.8572,0.533,GO_GOAL
38.846,2.6943,1.8775,0.6178,2.8979,1.6091,2.7166,1.8697,0.531,GO_GOAL
38.866,2.6972,1.8796,0.6178,2.9009,1.611,2.7166,1.8697,0.529,GO_GOAL
38.886,2.7,1.8816,0.6178,2.9038,1.6129,2.7166,1.8697,0.527,GO_GOAL
38.906,2.7029,1.8836,0.6178,2.9068,1.6148,2.7166,1.8697,0.5249,GO_GOAL
38.926,2.7057,1.8856,0.6178,2.9097,1.6166,2.7166,1.8697,0.5229,GO_GOAL
38.946,2.7085,1.8876,0.6178,2.9127,1.6185,2.728,1.8778,0.521,GO_GOAL
38.966,2.7112,1.8895,0.6178,2.9155,1.6203,2.728,1.8778,0.519,GO_GOAL
38.986,2.7139,1.8914,0.6178,2.9183,1.6221,2.728,1.8778,0.5171,GO_GOAL
39.006,2.7166,1.8934,0.6178,2.9212,1.6239,2.728,1.8778,0.5152,GO_GOAL
39.026,2.7193,1.8953,0.6178,2.924,1.6256,2.728,1.8778,0.5132,GO_GOAL
39.046,2.7209,1.8963,0.6178,2.9268,1.6274,2.728,1.8778,0.5122,GO_GOAL
39.066,2.722,1.8971,0.6178,2.9281,1.6282,2.728,1.8778,0.5114,GO_GOAL
39.084,2.7231,1.8979,0.6178,2.9292,1.6289,2.7417,1.8875,0.5106,REACHED
39.106,2.7242,1.8987,0.6178,2.9303,1.6297,2.7417,1.8875,0.5099,REACHED
39.126,2.7253,1.8995,0.6178,2.9315,1.6304,2.7417,1.8875,0.5091,REACHED
39.146,2.7255,1.8996,0.6178,2.9326,1.6311,2.7489,1.8927,0.5089,REACHED
39.166,2.7255,1.8996,0.6178,2.9327,1.6312,2.7489,1.8927,0.5089,REACHED
39.186,2.7255,1.8996,0.6178,2.9327,1.6312,2.7489,1.8927,0.5089,REACHED
39.206,2.7255,1.8996,0.6178,2.9327,1.6312,2.7489,1.8927,0.5089,REACHED
