t,x,y,yaw,odom_x,odom_y,est_x,est_y,clearance,state
0.028,-2.8694,-2.0801,-0.207,-2.8657,-2.0807,-2.8658,-2.0812,0.3165,GO_GOAL
0.04,-2.8686,-2.0803,-0.1984,-2.8628,-2.0812,-2.8658,-2.0812,0.316,GO_GOAL
0.06,-2.8678,-2.0804,-0.1893,-2.8613,-2.0814,-2.8658,-2.0812,0.3156,GO_GOAL
0.08,-2.8669,-2.0806,-0.1798,-2.8583,-2.0817,-2.8658,-2.0812,0.3151,GO_GOAL
0.1,-2.866,-2.0807,-0.1697,-2.8583,-2.0817,-2.8658,-2.0812,0.3147,GO_GOAL
0.12,-2.8652,-2.0809,-0.1592,-2.8569,-2.0818,-2.8571,-2.0829,0.3142,GO_GOAL
0.14,-2.8642,-2.081,-0.1482,-2.8552,-2.0819,-2.8571,-2.0829,0.3137,GO_GOAL
0.16,-2.8632,-2.0812,-0.1367,-2.8534,-2.082,-2.8571,-2.0829,0.3132,GO_GOAL
0.18,-2.8622,-2.0813,-0.1247,-2.8498,-2.0821,-2.8571,-2.0829,0.3127,GO_GOAL
0.2,-2.8611,-2.0814,-0.1123,-2.8498,-2.0821,-2.8571,-2.0829,0.3122,GO_GOAL
0.22,-2.8603,-2.0815,-0.0994,-2.848,-2.082,-2.8501,-2.0839,0.3117,GO_GOAL
0.24,-2.8596,-2.0814,-0.0865,-2.8462,-2.082,-2.8501,-2.0839,0.3113,GO_GOAL
0.26,-2.8589,-2.0814,-0.0735,-2.8426,-2.0817,-2.8501,-2.0839,0.311,GO_GOAL
0.28,-2.8583,-2.0813,-0.0606,-2.8426,-2.0817,-2.8501,-2.0839,0.3106,GO_GOAL
0.3,-2.8576,-2.0813,-0.0476,-2.8409,-2.0815,-2.8501,-2.0839,0.3103,GO_GOAL
0.32,-2.857,-2.0812,-0.0346,-2.8391,-2.0813,-2.8393,-2.0847,0.3099,GO_GOAL
0.34,-2.8564,-2.0811,-0.0217,-2.8351,-2.0806,-2.8393,-2.0847,0.3096,GO_GOAL
0.36,-2.8558,-2.0811,-0.0087,-2.8351,-2.0806,-2.8393,-2.0847,0.3092,GO_GOAL
0.38,-2.8551,-2.0811,0.0042,-2.833,-2.0801,-2.8393,-2.0847,0.3088,GO_GOAL
0.4,-2.8532,-2.081,0.0173,-2.831,-2.0796,-2.8393,-2.0847,0.3084,GO_GOAL
0.42,-2.8505,-2.081,0.0306,-2.8289,-2.0791,-2.8289,-2.0848,0.3081,GO_GOAL
0.44,-2.8489,-2.0809,0.0441,-2.8245,-2.0777,-2.8289,-2.0848,0.3077,GO_GOAL
0.46,-2.8463,-2.0808,0.0578,-2.8245,-2.0777,-2.8289,-2.0848,0.3074,GO_GOAL
0.48,-2.8442,-2.0806,0.0718,-2.8222,-2.0769,-2.8289,-2.0848,0.3071,GO_GOAL
0.5,-2.8421,-2.0805,0.0863,-2.8199,-2.076,-2.8289,-2.0848,0.3068,GO_GOAL
0.52,-2.8401,-2.0803,0.1014,-2.8177,-2.0751,-2.8195,-2.0844,0.3065,GO_GOAL
0.54,-2.838,-2.0801,0.1168,-2.8153,-2.074,-2.8195,-2.0844,0.3062,GO_GOAL
0.56,-2.8358,-2.0798,0.1328,-2.8129,-2.0729,-2.8195,-2.0844,0.306,GO_GOAL
0.58,-2.8336,-2.0795,0.1492,-2.8105,-2.0717,-2.8195,-2.0844,0.3058,GO_GOAL
0.6,-2.8314,-2.0791,0.1662,-2.8057,-2.0691,-2.8195,-2.0844,0.3056,GO_GOAL
0.62,-2.8288,-2.0787,0.1835,-2.8057,-2.0691,-2.8064,-2.0829,0.3055,GO_GOAL
0.64,-2.8261,-2.0781,0.201,-2.8032,-2.0677,-2.8064,-2.0829,0.3055,GO_GOAL
0.66,-2.8233,-2.0776,0.2184,-2.8007,-2.0662,-2.8064,-2.0829,0.3055,GO_GOAL
0.68,-2.8206,-2.0769,0.2359,-2.7982,-2.0647,-2.8064,-2.0829,0.3056,GO_GOAL
0.7,-2.8179,-2.0762,0.2534,-2.7957,-2.0631,-2.8064,-2.0829,0.3057,GO_GOAL
0.72,-2.815,-2.0754,0.2705,-2.7932,-2.0614,-2.7923,-2.08,0.306,GO_GOAL
0.74,-2.8118,-2.0745,0.2872,-2.7881,-2.0578,-2.7923,-2.08,0.3064,GO_GOAL
0.76,-2.8088,-2.0736,0.3033,-2.7855,-2.0559,-2.7923,-2.08,0.3068,GO_GOAL
0.78,-2.8058,-2.0726,0.319,-2.7855,-2.0559,-2.7923,-2.08,0.3073,GO_GOAL
0.8,-2.8029,-2.0716,0.3341,-2.783,-2.054,-2.7923,-2.08,0.3079,GO_GOAL
0.82,-2.7997,-2.0705,0.3486,-2.7805,-2.0521,-2.7773,-2.0756,0.3086,GO_GOAL
0.84,-2.7964,-2.0693,0.3627,-2.7779,-2.05,-2.7773,-2.0756,0.3094,GO_GOAL
0.86,-2.7932,-2.068,0.3762,-2.7753,-2.0479,-2.7773,-2.0756,0.3102,GO_GOAL
0.88,-2.7903,-2.0669,0.3894,-2.7727,-2.0457,-2.7773,-2.0756,0.311,GO_GOAL
0.9,-2.7875,-2.0658,0.4026,-2.7701,-2.0435,-2.7773,-2.0756,0.3117,GO_GOAL
0.92,-2.7846,-2.0647,0.4159,-2.7651,-2.0391,-2.7619,-2.0697,0.3124,GO_GOAL
0.94,-2.7818,-2.0636,0.4291,-2.7651,-2.0391,-2.7619,-2.0697,0.3131,GO_GOAL
0.96,-2.779,-2.0625,0.4424,-2.7626,-2.0368,-2.7619,-2.0697,0.3138,GO_GOAL
0.98,-2.7762,-2.0614,0.4556,-2.7577,-2.0323,-2.7619,-2.0697,0.3146,GO_GOAL
1.0,-2.7734,-2.0602,0.4689,-2.7577,-2.0323,-2.7619,-2.0697,0.3153,GO_GOAL
1.02,-2.7704,-2.0587,0.482,-2.7553,-2.0299,-2.7466,-2.0628,0.3165,GO_GOAL
1.04,-2.7674,-2.0571,0.4949,-2.7528,-2.0275,-2.7466,-2.0628,0.3177,GO_GOAL
1.06,-2.7641,-2.0555,0.5073,-2.7503,-2.025,-2.7466,-2.0628,0.319,GO_GOAL
1.08,-2.7608,-2.0536,0.519,-2.7479,-2.0226,-2.7466,-2.0628,0.3205,GO_GOAL
1.1,-2.7576,-2.0518,0.5301,-2.7455,-2.0201,-2.7466,-2.0628,0.3221,GO_GOAL
1.12,-2.7542,-2.0497,0.5407,-2.743,-2.0175,-2.7313,-2.0546,0.3238,GO_GOAL
1.14,-2.7508,-2.0477,0.5506,-2.7381,-2.0124,-2.7313,-2.0546,0.3256,GO_GOAL
1.16,-2.7475,-2.0456,0.5599,-2.7381,-2.0124,-2.7313,-2.0546,0.3274,GO_GOAL
1.18,-2.7441,-2.0435,0.5686,-2.7357,-2.0098,-2.7313,-2.0546,0.3293,GO_GOAL
1.2,-2.7409,-2.0414,0.5768,-2.7332,-2.0071,-2.7313,-2.0546,0.3312,GO_GOAL
1.22,-2.7377,-2.0393,0.5843,-2.7284,-2.0019,-2.7162,-2.0453,0.3331,GO_GOAL
1.24,-2.7345,-2.0372,0.5913,-2.7284,-2.0019,-2.7162,-2.0453,0.335,GO_GOAL
1.26,-2.7314,-2.0351,0.5976,-2.726,-1.9992,-2.7162,-2.0453,0.3369,GO_GOAL
1.28,-2.7284,-2.033,0.6034,-2.7236,-1.9966,-2.7162,-2.0453,0.3388,GO_GOAL
1.3,-2.7254,-2.0309,0.6085,-2.7212,-1.9939,-2.7162,-2.0453,0.3408,GO_GOAL
1.32,-2.7222,-2.0287,0.6131,-2.7164,-1.9886,-2.7013,-2.0354,0.3429,GO_GOAL
1.34,-2.7191,-2.0265,0.617,-2.7164,-1.9886,-2.7013,-2.0354,0.345,GO_GOAL
1.36,-2.716,-2.0243,0.6204,-2.714,-1.9859,-2.7013,-2.0354,0.3471,GO_GOAL
1.38,-2.7129,-2.022,0.6231,-2.7117,-1.9832,-2.7013,-2.0354,0.3493,GO_GOAL
1.4,-2.7098,-2.0199,0.6253,-2.7093,-1.9805,-2.7013,-2.0354,0.3514,GO_GOAL
1.42,-2.7068,-2.0177,0.6268,-2.7069,-1.9778,-2.6867,-2.025,0.3535,GO_GOAL
1.44,-2.7039,-2.0155,0.6278,-2.7045,-1.9751,-2.6867,-2.025,0.3557,GO_GOAL
1.46,-2.7009,-2.0134,0.6282,-2.7021,-1.9725,-2.6867,-2.025,0.3578,GO_GOAL
1.48,-2.698,-2.0116,0.6284,-2.6997,-1.9698,-2.6867,-2.025,0.3596,GO_GOAL
1.5,-2.6951,-2.0097,0.6285,-2.6973,-1.9671,-2.6867,-2.025,0.3615,GO_GOAL
1.52,-2.6921,-2.0078,0.6287,-2.6949,-1.9644,-2.6721,-2.0144,0.3634,GO_GOAL
1.54,-2.6892,-2.0059,0.6289,-2.6925,-1.9617,-2.6721,-2.0144,0.3653,GO_GOAL
1.56,-2.6863,-2.0041,0.6291,-2.6901,-1.959,-2.6721,-2.0144,0.3671,GO_GOAL
1.58,-2.6834,-2.0022,0.6292,-2.6877,-1.9563,-2.6721,-2.0144,0.369,GO_GOAL
1.6,-2.6805,-2.0001,0.6293,-2.6853,-1.9536,-2.6721,-2.0144,0.3711,GO_GOAL
1.62,-2.6775,-1.998,0.6293,-2.6829,-1.9509,-2.6575,-2.0038,0.3732,GO_GOAL
1.64,-2.6746,-1.9959,0.6293,-2.6806,-1.9482,-2.6575,-2.0038,0.3753,GO_GOAL
1.66,-2.6717,-1.9937,0.6293,-2.6782,-1.9456,-2.6575,-2.0038,0.3774,GO_GOAL
1.68,-2.6688,-1.9916,0.6293,-2.6758,-1.9429,-2.6575,-2.0038,0.3795,GO_GOAL
1.7,-2.6659,-1.9895,0.6293,-2.6734,-1.9402,-2.6575,-2.0038,0.3817,GO_GOAL
1.72,-2.663,-1.9874,0.6293,-2.6686,-1.9348,-2.643,-1.9932,0.3838,GO_GOAL
1.74,-2.66,-1.9853,0.6293,-2.6686,-1.9348,-2.643,-1.9932,0.3859,GO_GOAL
1.76,-2.6571,-1.9831,0.6293,-2.6662,-1.9321,-2.643,-1.9932,0.388,GO_GOAL
1.78,-2.6542,-1.981,0.6293,-2.6638,-1.9294,-2.643,-1.9932,0.3902,GO_GOAL
1.8,-2.6513,-1.9789,0.6293,-2.659,-1.924,-2.643,-1.9932,0.3923,GO_GOAL
1.818,-2.6484,-1.9768,0.6293,-2.659,-1.924,-2.6255,-1.9805,0.3944,GO_GOAL
1.84,-2.6455,-1.9747,0.6293,-2.6566,-1.9213,-2.6255,-1.9805,0.3965,GO_GOAL
1.86,-2.6426,-1.9725,0.6293,-2.6542,-1.9186,-2.6255,-1.9805,0.3986,GO_GOAL
1.88,-2.6397,-1.9704,0.6293,-2.6518,-1.916,-2.6255,-1.9805,0.4007,GO_GOAL
1.9,-2.6368,-1.9683,0.6293,-2.6494,-1.9133,-2.6255,-1.9805,0.4029,GO_GOAL
1.92,-2.6339,-1.9662,0.6293,-2.6471,-1.9106,-2.6139,-1.972,0.405,GO_GOAL
1.94,-2.631,-1.9641,0.6293,-2.6447,-1.9079,-2.6139,-1.972,0.4071,GO_GOAL
1.96,-2.6281,-1.962,0.6293,-2.6423,-1.9052,-2.6139,-1.972,0.4092,GO_GOAL
1.98,-2.6252,-1.9598,0.6293,-2.6399,-1.9025,-2.6139,-1.972,0.4113,GO_GOAL
2.0,-2.6222,-1.9577,0.6293,-2.6375,-1.8998,-2.6139,-1.972,0.4134,GO_GOAL
2.02,-2.6193,-1.9556,0.6293,-2.6351,-1.8971,-2.5993,-1.9614,0.4155,GO_GOAL
2.04,-2.6164,-1.9535,0.6293,-2.6327,-1.8944,-2.5993,-1.9614,0.4176,GO_GOAL
2.06,-2.6136,-1.9515,0.6293,-2.6303,-1.8917,-2.5993,-1.9614,0.4197,GO_GOAL
2.08,-2.6107,-1.9494,0.6293,-2.6279,-1.8891,-2.5993,-1.9614,0.4218,GO_GOAL
2.1,-2.6078,-1.9473,0.6293,-2.6255,-1.8864,-2.5993,-1.9614,0.4238,GO_GOAL
2.12,-2.6049,-1.9453,0.6293,-2.6231,-1.8837,-2.5848,-1.9508,0.4259,GO_GOAL
2.14,-2.6021,-1.9432,0.6293,-2.6207,-1.881,-2.5848,-1.9508,0.428,GO_GOAL
2.16,-2.5992,-1.9411,0.6293,-2.6183,-1.8783,-2.5848,-1.9508,0.4301,GO_GOAL
2.18,-2.5962,-1.939,0.6293,-2.616,-1.8756,-2.5848,-1.9508,0.4322,GO_GOAL
2.2,-2.5933,-1.9369,0.6293,-2.6136,-1.8729,-2.5848,-1.9508,0.4343,GO_GOAL
2.22,-2.5904,-1.9347,0.6293,-2.6088,-1.8675,-2.5702,-1.9403,0.4364,GO_GOAL
2.24,-2.5875,-1.9326,0.6293,-2.6088,-1.8675,-2.5702,-1.9403,0.4386,GO_GOAL
2.26,-2.5846,-1.9305,0.6293,-2.6064,-1.8648,-2.5702,-1.9403,0.4407,GO_GOAL
2.28,-2.5817,-1.9284,0.6293,-2.604,-1.8622,-2.5702,-1.9403,0.4428,GO_GOAL
2.3,-2.5787,-1.9262,0.6293,-2.6016,-1.8595,-2.5702,-1.9403,0.4449,GO_GOAL
2.32,-2.5758,-1.9241,0.6293,-2.5968,-1.8541,-2.5557,-1.9297,0.447,GO_GOAL
2.34,-2.5729,-1.922,0.6293,-2.5968,-1.8541,-2.5557,-1.9297,0.4492,GO_GOAL
2.36,-2.57,-1.9199,0.6293,-2.592,-1.8487,-2.5557,-1.9297,0.4513,GO_GOAL
2.38,-2.5671,-1.9178,0.6293,-2.592,-1.8487,-2.5557,-1.9297,0.4534,GO_GOAL
2.4,-2.5642,-1.9157,0.6293,-2.5896,-1.846,-2.5557,-1.9297,0.4555,GO_GOAL
2.42,-2.5613,-1.9135,0.6293,-2.5872,-1.8433,-2.5411,-1.9191,0.4576,GO_GOAL
2.44,-2.5584,-1.9114,0.6293,-2.5849,-1.8406,-2.5411,-1.9191,0.4597,GO_GOAL
2.46,-2.5555,-1.9093,0.6293,-2.5825,-1.8379,-2.5411,-1.9191,0.4619,GO_GOAL
2.48,-2.5526,-1.9072,0.6293,-2.5801,-1.8353,-2.5411,-1.9191,0.464,GO_GOAL
2.5,-2.5497,-1.9051,0.6293,-2.5777,-1.8326,-2.5266,-1.9085,0.4661,GO_GOAL
2.52,-2.5468,-1.903,0.6293,-2.5753,-1.8299,-2.5266,-1.9085,0.4682,GO_GOAL
2.54,-2.5439,-1.9008,0.6293,-2.5705,-1.8245,-2.5266,-1.9085,0.4703,GO_GOAL
2.56,-2.541,-1.8987,0.6293,-2.5705,-1.8245,-2.5266,-1.9085,0.4724,GO_GOAL
2.58,-2.5381,-1.8966,0.6293,-2.5681,-1.8218,-2.5266,-1.9085,0.4745,GO_GOAL
2.6,-2.5352,-1.8945,0.6293,-2.5657,-1.8191,-2.5266,-1.9085,0.4766,GO_GOAL
2.62,-2.5323,-1.8924,0.6293,-2.5633,-1.8164,-2.512,-1.8979,0.4787,GO_GOAL
2.64,-2.5294,-1.8903,0.6293,-2.5585,-1.811,-2.512,-1.8979,0.4808,GO_GOAL
2.66,-2.5265,-1.8883,0.6293,-2.5585,-1.811,-2.512,-1.8979,0.4829,GO_GOAL
2.68,-2.5237,-1.8862,0.6293,-2.5561,-1.8084,-2.512,-1.8979,0.485,GO_GOAL
2.7,-2.5208,-1.8841,0.6293,-2.5538,-1.8057,-2.512,-1.8979,0.4871,GO_GOAL
2.72,-2.5179,-1.8819,0.6293,-2.5514,-1.803,-2.4975,-1.8873,0.4892,GO_GOAL
2.74,-2.515,-1.8798,0.6293,-2.549,-1.8003,-2.4975,-1.8873,0.4913,GO_GOAL
2.76,-2.512,-1.8777,0.6293,-2.5466,-1.7976,-2.4975,-1.8873,0.4935,GO_GOAL
2.78,-2.5091,-1.8756,0.6293,-2.5442,-1.7949,-2.4975,-1.8873,0.4956,GO_GOAL
2.8,-2.5062,-1.8735,0.6293,-2.5418,-1.7922,-2.4975,-1.8873,0.4977,GO_GOAL
2.82,-2.5033,-1.8713,0.6293,-2.5394,-1.7895,-2.4829,-1.8767,0.4998,GO_GOAL
2.84,-2.5004,-1.8692,0.6293,-2.537,-1.7868,-2.4829,-1.8767,0.502,GO_GOAL
2.86,-2.4975,-1.8671,0.6293,-2.5346,-1.7841,-2.4829,-1.8767,0.5041,GO_GOAL
2.88,-2.4946,-1.865,0.6293,-2.5322,-1.7815,-2.4829,-1.8767,0.5062,GO_GOAL
2.9,-2.4916,-1.8628,0.6293,-2.5298,-1.7788,-2.4829,-1.8767,0.5083,GO_GOAL
2.92,-2.4887,-1.8607,0.6293,-2.5274,-1.7761,-2.4655,-1.864,0.5104,GO_GOAL
2.94,-2.4858,-1.8586,0.6293,-2.525,-1.7734,-2.4655,-1.864,0.5126,GO_GOAL
2.96,-2.4829,-1.8565,0.6293,-2.5227,-1.7707,-2.4655,-1.864,0.5147,GO_GOAL
2.98,-2.48,-1.8544,0.6293,-2.5203,-1.768,-2.4655,-1.864,0.5168,GO_GOAL
3.0,-2.4771,-1.8523,0.6293,-2.5179,-1.7653,-2.4655,-1.864,0.5189,GO_GOAL
3.02,-2.4742,-1.8501,0.6293,-2.5131,-1.7599,-2.4538,-1.8555,0.521,GO_GOAL
3.04,-2.4713,-1.848,0.6293,-2.5131,-1.7599,-2.4538,-1.8555,0.5231,GO_GOAL
3.06,-2.4684,-1.8459,0.6293,-2.5107,-1.7572,-2.4538,-1.8555,0.5252,GO_GOAL
3.08,-2.4655,-1.8438,0.6293,-2.5083,-1.7546,-2.4538,-1.8555,0.5274,GO_GOAL
3.1,-2.4626,-1.8417,0.6293,-2.5059,-1.7519,-2.4538,-1.8555,0.5295,GO_GOAL
3.12,-2.4597,-1.8396,0.6293,-2.5035,-1.7492,-2.4393,-1.8449,0.5316,GO_GOAL
3.14,-2.4568,-1.8375,0.6293,-2.5011,-1.7465,-2.4393,-1.8449,0.5337,GO_GOAL
3.16,-2.4539,-1.8354,0.6293,-2.4987,-1.7438,-2.4393,-1.8449,0.5358,GO_GOAL
3.18,-2.4511,-1.8333,0.6293,-2.4963,-1.7411,-2.4393,-1.8449,0.5379,GO_GOAL
3.2,-2.4482,-1.8312,0.6293,-2.4939,-1.7384,-2.4393,-1.8449,0.54,GO_GOAL
3.22,-2.4453,-1.8291,0.6293,-2.4915,-1.7357,-2.4247,-1.8343,0.542,GO_GOAL
3.24,-2.4424,-1.827,0.6293,-2.4892,-1.733,-2.4247,-1.8343,0.5442,GO_GOAL
3.26,-2.4395,-1.8249,0.6293,-2.4844,-1.7277,-2.4247,-1.8343,0.5463,GO_GOAL
3.28,-2.4366,-1.8228,0.6293,-2.4844,-1.7277,-2.4247,-1.8343,0.5484,GO_GOAL
3.3,-2.4337,-1.8206,0.6293,-2.482,-1.725,-2.4247,-1.8343,0.5505,GO_GOAL
3.32,-2.4307,-1.8185,0.6293,-2.4796,-1.7223,-2.4102,-1.8237,0.5527,GO_GOAL
3.34,-2.4278,-1.8164,0.6293,-2.4772,-1.7196,-2.4102,-1.8237,0.5548,GO_GOAL
3.36,-2.4249,-1.8143,0.6293,-2.4748,-1.7169,-2.4102,-1.8237,0.5569,GO_GOAL
3.38,-2.422,-1.8121,0.6293,-2.4724,-1.7142,-2.4102,-1.8237,0.559,GO_GOAL
3.4,-2.4191,-1.81,0.6293,-2.47,-1.7115,-2.4102,-1.8237,0.5611,GO_GOAL
3.42,-2.4162,-1.8079,0.6293,-2.4676,-1.7088,-2.3956,-1.8131,0.5633,GO_GOAL
3.44,-2.4133,-1.8058,0.6293,-2.4652,-1.7061,-2.3956,-1.8131,0.5654,GO_GOAL
3.46,-2.4104,-1.8037,0.6293,-2.4628,-1.7034,-2.3956,-1.8131,0.5675,GO_GOAL
3.48,-2.4075,-1.8016,0.6293,-2.4604,-1.7008,-2.3956,-1.8131,0.5696,GO_GOAL
3.5,-2.4045,-1.7994,0.6293,-2.4557,-1.6954,-2.3956,-1.8131,0.5717,GO_GOAL
3.52,-2.4016,-1.7973,0.6293,-2.4557,-1.6954,-2.3782,-1.8004,0.5738,GO_GOAL
3.54,-2.3987,-1.7952,0.6293,-2.4533,-1.6927,-2.3782,-1.8004,0.576,GO_GOAL
3.56,-2.3958,-1.7931,0.6293,-2.4509,-1.69,-2.3782,-1.8004,0.5781,GO_GOAL
3.58,-2.3929,-1.791,0.6293,-2.4461,-1.6846,-2.3782,-1.8004,0.5802,GO_GOAL
3.6,-2.39,-1.7889,0.6293,-2.4461,-1.6846,-2.3782,-1.8004,0.5823,GO_GOAL
3.618,-2.3871,-1.7868,0.6293,-2.4437,-1.6819,-2.3665,-1.7919,0.5844,GO_GOAL
3.64,-2.3842,-1.7846,0.6293,-2.4413,-1.6792,-2.3665,-1.7919,0.5865,GO_GOAL
3.66,-2.3814,-1.7825,0.6293,-2.4389,-1.6765,-2.3665,-1.7919,0.5886,GO_GOAL
3.68,-2.3785,-1.7805,0.6293,-2.4365,-1.6739,-2.3665,-1.7919,0.5857,GO_GOAL
3.7,-2.3756,-1.7784,0.6293,-2.4341,-1.6712,-2.3665,-1.7919,0.5826,GO_GOAL
3.72,-2.3727,-1.7763,0.6293,-2.4317,-1.6685,-2.352,-1.7813,0.5794,GO_GOAL
3.74,-2.3698,-1.7742,0.6293,-2.4293,-1.6658,-2.352,-1.7813,0.5762,GO_GOAL
3.76,-2.3669,-1.772,0.6293,-2.427,-1.6631,-2.352,-1.7813,0.573,GO_GOAL
3.78,-2.364,-1.7699,0.6293,-2.4246,-1.6604,-2.352,-1.7813,0.5698,GO_GOAL
3.8,-2.3611,-1.7678,0.6293,-2.4222,-1.6577,-2.352,-1.7813,0.5667,GO_GOAL
3.82,-2.3582,-1.7657,0.6293,-2.4198,-1.655,-2.3374,-1.7707,0.5635,GO_GOAL
3.84,-2.3553,-1.7635,0.6293,-2.4174,-1.6523,-2.3374,-1.7707,0.5603,GO_GOAL
3.86,-2.3523,-1.7614,0.6293,-2.415,-1.6496,-2.3374,-1.7707,0.5571,GO_GOAL
3.88,-2.3494,-1.7593,0.6293,-2.4126,-1.647,-2.3374,-1.7707,0.5539,GO_GOAL
3.9,-2.3465,-1.7572,0.6293,-2.4102,-1.6443,-2.3374,-1.7707,0.5507,GO_GOAL
3.92,-2.3436,-1.7551,0.6293,-2.4078,-1.6416,-2.3229,-1.7601,0.5476,GO_GOAL
3.94,-2.3407,-1.7529,0.6293,-2.4054,-1.6389,-2.3229,-1.7601,0.5444,GO_GOAL
3.96,-2.3378,-1.7508,0.6293,-2.403,-1.6362,-2.3229,-1.7601,0.5413,GO_GOAL
3.98,-2.3349,-1.7487,0.6293,-2.4006,-1.6335,-2.3229,-1.7601,0.5381,GO_GOAL
4.0,-2.332,-1.7466,0.6293,-2.3982,-1.6308,-2.3229,-1.7601,0.535,GO_GOAL
4.02,-2.3291,-1.7445,0.6293,-2.3959,-1.6281,-2.3054,-1.7474,0.5318,GO_GOAL
4.04,-2.3262,-1.7424,0.6293,-2.3935,-1.6254,-2.3054,-1.7474,0.5287,GO_GOAL
4.06,-2.3233,-1.7403,0.6293,-2.3911,-1.6227,-2.3054,-1.7474,0.5255,GO_GOAL
4.08,-2.3204,-1.7381,0.6293,-2.3887,-1.6201,-2.3054,-1.7474,0.5224,GO_GOAL
4.1,-2.3175,-1.736,0.6293,-2.3839,-1.6147,-2.2938,-1.739,0.5193,GO_GOAL
4.12,-2.3146,-1.7339,0.6293,-2.3839,-1.6147,-2.2938,-1.739,0.5162,GO_GOAL
4.14,-2.3117,-1.7318,0.6293,-2.3815,-1.612,-2.2938,-1.739,0.513,GO_GOAL
4.16,-2.3088,-1.7297,0.6293,-2.3791,-1.6093,-2.2938,-1.739,0.51,GO_GOAL
4.18,-2.3059,-1.7276,0.6293,-2.3767,-1.6066,-2.2938,-1.739,0.5069,GO_GOAL
4.2,-2.3031,-1.7255,0.6293,-2.3743,-1.6039,-2.2938,-1.739,0.5038,GO_GOAL
4.22,-2.3002,-1.7234,0.6293,-2.3719,-1.6012,-2.2792,-1.7284,0.5007,GO_GOAL
4.24,-2.2972,-1.7213,0.6293,-2.3695,-1.5985,-2.2792,-1.7284,0.4976,GO_GOAL
4.26,-2.2943,-1.7192,0.6293,-2.3671,-1.5958,-2.2792,-1.7284,0.4945,GO_GOAL
4.28,-2.2914,-1.7171,0.6293,-2.3648,-1.5932,-2.2792,-1.7284,0.4914,GO_GOAL
4.3,-2.2885,-1.7149,0.6293,-2.3624,-1.5905,-2.2792,-1.7284,0.4883,GO_GOAL
4.32,-2.2856,-1.7128,0.6293,-2.36,-1.5878,-2.2646,-1.7178,0.4852,GO_GOAL
4.34,-2.2827,-1.7107,0.6293,-2.3552,-1.5824,-2.2646,-1.7178,0.4821,GO_GOAL
4.36,-2.2798,-1.7086,0.6293,-2.3552,-1.5824,-2.2646,-1.7178,0.479,GO_GOAL
4.38,-2.2769,-1.7065,0.6293,-2.3528,-1.5797,-2.2646,-1.7178,0.4759,GO_GOAL
4.4,-2.2739,-1.7043,0.6293,-2.3504,-1.577,-2.2646,-1.7178,0.4729,GO_GOAL
4.42,-2.271,-1.7022,0.6293,-2.3456,-1.5716,-2.2501,-1.7072,0.4698,GO_GOAL
4.44,-2.2681,-1.7001,0.6293,-2.3456,-1.5716,-2.2501,-1.7072,0.4667,GO_GOAL
4.46,-2.2652,-1.698,0.6293,-2.3432,-1.5689,-2.2501,-1.7072,0.4637,GO_GOAL
4.48,-2.2623,-1.6959,0.6293,-2.3384,-1.5636,-2.2501,-1.7072,0.4606,GO_GOAL
4.5,-2.2594,-1.6938,0.6293,-2.3384,-1.5636,-2.2501,-1.7072,0.4576,GO_GOAL
4.52,-2.2565,-1.6916,0.6293,-2.336,-1.5609,-2.2355,-1.6966,0.4545,GO_GOAL
4.54,-2.2536,-1.6895,0.6293,-2.3313,-1.5555,-2.2355,-1.6966,0.4515,GO_GOAL
4.56,-2.2507,-1.6874,0.6293,-2.3313,-1.5555,-2.2355,-1.6966,0.4485,GO_GOAL
4.58,-2.2478,-1.6853,0.6293,-2.3289,-1.5528,-2.2355,-1.6966,0.4454,GO_GOAL
4.6,-2.2449,-1.6832,0.6293,-2.3241,-1.5474,-2.2355,-1.6966,0.4424,GO_GOAL
4.62,-2.242,-1.6811,0.6293,-2.3241,-1.5474,-2.221,-1.686,0.4394,GO_GOAL
4.64,-2.2391,-1.679,0.6293,-2.3217,-1.5447,-2.221,-1.686,0.4364,GO_GOAL
4.66,-2.2363,-1.6769,0.6293,-2.3193,-1.542,-2.221,-1.686,0.4335,GO_GOAL
4.68,-2.2334,-1.6748,0.6293,-2.3145,-1.5367,-2.221,-1.686,0.4305,GO_GOAL
4.7,-2.2305,-1.6727,0.6293,-2.3145,-1.5367,-2.221,-1.686,0.4275,GO_GOAL
4.72,-2.2276,-1.6706,0.6293,-2.3121,-1.534,-2.2064,-1.6754,0.4245,GO_GOAL
4.74,-2.2246,-1.6684,0.6293,-2.3073,-1.5286,-2.2064,-1.6754,0.4215,GO_GOAL
4.76,-2.2217,-1.6663,0.6293,-2.3073,-1.5286,-2.2064,-1.6754,0.4185,GO_GOAL
4.78,-2.2188,-1.6642,0.6293,-2.3049,-1.5259,-2.2064,-1.6754,0.4155,GO_GOAL
4.8,-2.2159,-1.6621,0.6293,-2.3025,-1.5232,-2.2064,-1.6754,0.4126,GO_GOAL
4.82,-2.213,-1.66,0.6293,-2.3002,-1.5205,-2.189,-1.6627,0.4096,GO_GOAL
4.84,-2.2101,-1.6578,0.6293,-2.2978,-1.5178,-2.189,-1.6627,0.4066,GO_GOAL
4.86,-2.2072,-1.6557,0.6293,-2.2954,-1.5151,-2.189,-1.6627,0.4037,GO_GOAL
4.88,-2.2043,-1.6536,0.6293,-2.293,-1.5125,-2.189,-1.6627,0.4007,GO_GOAL
4.9,-2.2014,-1.6515,0.6293,-2.2906,-1.5098,-2.189,-1.6627,0.3978,GO_GOAL
4.92,-2.1984,-1.6494,0.6293,-2.2882,-1.5071,-2.1773,-1.6542,0.3948,GO_GOAL
4.94,-2.1955,-1.6473,0.6293,-2.2858,-1.5044,-2.1773,-1.6542,0.3919,GO_GOAL
4.96,-2.1926,-1.6451,0.6293,-2.2834,-1.5017,-2.1773,-1.6542,0.389,GO_GOAL
4.98,-2.1897,-1.643,0.6293,-2.281,-1.499,-2.1773,-1.6542,0.3861,GO_GOAL
5.0,-2.1868,-1.6409,0.6293,-2.2786,-1.4963,-2.1773,-1.6542,0.3832,GO_GOAL
5.02,-2.1839,-1.6388,0.6293,-2.2762,-1.4936,-2.1628,-1.6436,0.3803,GO_GOAL
5.04,-2.181,-1.6367,0.6293,-2.2738,-1.4909,-2.1628,-1.6436,0.3774,GO_GOAL
5.06,-2.1781,-1.6346,0.6293,-2.2714,-1.4882,-2.1628,-1.6436,0.3745,GO_GOAL
5.08,-2.1752,-1.6325,0.6293,-2.2691,-1.4856,-2.1628,-1.6436,0.3716,GO_GOAL
5.1,-2.1724,-1.6304,0.6293,-2.2667,-1.4829,-2.1628,-1.6436,0.3688,GO_GOAL
5.12,-2.1695,-1.6283,0.6293,-2.2643,-1.4802,-2.1482,-1.633,0.366,GO_GOAL
5.14,-2.1666,-1.6262,0.6293,-2.2619,-1.4775,-2.1482,-1.633,0.3631,GO_GOAL
5.16,-2.1637,-1.6241,0.6293,-2.2595,-1.4748,-2.1482,-1.633,0.3603,GO_GOAL
5.18,-2.1608,-1.6219,0.6293,-2.2571,-1.4721,-2.1482,-1.633,0.3574,GO_GOAL
5.2,-2.1579,-1.6198,0.6293,-2.2547,-1.4694,-2.1482,-1.633,0.3545,GO_GOAL
5.22,-2.1549,-1.6177,0.6293,-2.2523,-1.4667,-2.1337,-1.6224,0.3517,GO_GOAL
5.24,-2.152,-1.6156,0.6293,-2.2499,-1.464,-2.1337,-1.6224,0.3489,GO_GOAL
5.26,-2.1491,-1.6134,0.6293,-2.2475,-1.4613,-2.1337,-1.6224,0.3461,GO_GOAL
5.28,-2.1462,-1.6113,0.6293,-2.2427,-1.456,-2.1337,-1.6224,0.3432,GO_GOAL
5.3,-2.1433,-1.6092,0.6293,-2.2427,-1.456,-2.1337,-1.6224,0.3404,GO_GOAL
5.32,-2.1404,-1.6071,0.6293,-2.2403,-1.4533,-2.1191,-1.6118,0.3376,GO_GOAL
5.34,-2.1375,-1.605,0.6293,-2.238,-1.4506,-2.1191,-1.6118,0.3348,GO_GOAL
5.36,-2.1346,-1.6029,0.6293,-2.2356,-1.4479,-2.1191,-1.6118,0.3321,GO_GOAL
5.38,-2.1317,-1.6007,0.6293,-2.2332,-1.4452,-2.1191,-1.6118,0.3293,GO_GOAL
5.4,-2.1288,-1.5986,0.6293,-2.2308,-1.4425,-2.1191,-1.6118,0.3265,GO_GOAL
5.42,-2.1258,-1.5965,0.6293,-2.2284,-1.4398,-2.1046,-1.6012,0.3238,GO_GOAL
5.44,-2.1229,-1.5944,0.6293,-2.2236,-1.4344,-2.1046,-1.6012,0.321,GO_GOAL
5.46,-2.12,-1.5923,0.6293,-2.2212,-1.4318,-2.1046,-1.6012,0.3183,GO_GOAL
5.48,-2.1171,-1.5902,0.6293,-2.2212,-1.4318,-2.1046,-1.6012,0.3156,GO_GOAL
5.5,-2.1143,-1.5881,0.6293,-2.2164,-1.4264,-2.1046,-1.6012,0.3129,GO_GOAL
5.52,-2.1114,-1.586,0.6293,-2.2164,-1.4264,-2.09,-1.5906,0.3102,GO_GOAL
5.54,-2.1085,-1.5839,0.6293,-2.214,-1.4237,-2.09,-1.5906,0.3075,GO_GOAL
5.56,-2.1056,-1.5818,0.6293,-2.2116,-1.421,-2.09,-1.5906,0.3048,GO_GOAL
5.58,-2.1027,-1.5797,0.6293,-2.2092,-1.4183,-2.09,-1.5906,0.3021,GO_GOAL
5.6,-2.0998,-1.5775,0.6293,-2.2069,-1.4156,-2.09,-1.5906,0.2995,GO_GOAL
5.62,-2.0969,-1.5754,0.6293,-2.2045,-1.4129,-2.0755,-1.58,0.2968,GO_GOAL
5.64,-2.094,-1.5733,0.6293,-2.1997,-1.4075,-2.0755,-1.58,0.2941,GO_GOAL
5.66,-2.091,-1.5712,0.6293,-2.1997,-1.4075,-2.0755,-1.58,0.2915,GO_GOAL
5.68,-2.0881,-1.569,0.6293,-2.1973,-1.4049,-2.0755,-1.58,0.2888,GO_GOAL
5.7,-2.0852,-1.5669,0.6293,-2.1925,-1.3995,-2.0755,-1.58,0.2862,GO_GOAL
5.72,-2.0823,-1.5648,0.6293,-2.1925,-1.3995,-2.0609,-1.5694,0.2836,GO_GOAL
5.74,-2.0794,-1.5627,0.6293,-2.1901,-1.3968,-2.0609,-1.5694,0.281,GO_GOAL
5.76,-2.0765,-1.5606,0.6293,-2.1853,-1.3914,-2.0609,-1.5694,0.2784,GO_GOAL
5.78,-2.0736,-1.5585,0.6293,-2.1853,-1.3914,-2.0609,-1.5694,0.2758,GO_GOAL
5.8,-2.0707,-1.5563,0.6293,-2.1829,-1.3887,-2.0609,-1.5694,0.2732,GO_GOAL
5.82,-2.0678,-1.5542,0.6293,-2.1805,-1.386,-2.0464,-1.5588,0.2707,GO_GOAL
5.84,-2.0649,-1.5521,0.6293,-2.1757,-1.3806,-2.0464,-1.5588,0.2681,GO_GOAL
5.86,-2.062,-1.55,0.6293,-2.1757,-1.3806,-2.0464,-1.5588,0.2656,GO_GOAL
5.88,-2.0591,-1.5479,0.6293,-2.1734,-1.378,-2.0464,-1.5588,0.263,GO_GOAL
5.9,-2.0562,-1.5458,0.6293,-2.1686,-1.3726,-2.0464,-1.5588,0.2605,GO_GOAL
5.92,-2.0533,-1.5437,0.6293,-2.1686,-1.3726,-2.0318,-1.5483,0.258,GO_GOAL
5.94,-2.0504,-1.5416,0.6293,-2.1638,-1.3672,-2.0318,-1.5483,0.2556,GO_GOAL
5.96,-2.0475,-1.5395,0.6293,-2.1638,-1.3672,-2.0318,-1.5483,0.2531,GO_GOAL
5.98,-2.0446,-1.5374,0.6293,-2.1614,-1.3645,-2.0318,-1.5483,0.2507,GO_GOAL
6.0,-2.0417,-1.5352,0.6293,-2.159,-1.3618,-2.0318,-1.5483,0.2482,GO_GOAL
6.02,-2.0388,-1.5331,0.6293,-2.1566,-1.3591,-2.0173,-1.5377,0.2457,GO_GOAL
6.04,-2.0359,-1.531,0.6293,-2.1542,-1.3564,-2.0173,-1.5377,0.2433,GO_GOAL
6.06,-2.033,-1.5289,0.6293,-2.1518,-1.3537,-2.0173,-1.5377,0.2409,GO_GOAL
6.08,-2.03,-1.5268,0.6293,-2.147,-1.3484,-2.0173,-1.5377,0.2385,GO_GOAL
6.1,-2.0271,-1.5246,0.6293,-2.147,-1.3484,-2.0173,-1.5377,0.2361,GO_GOAL
6.12,-2.0242,-1.5225,0.6293,-2.1446,-1.3457,-2.0027,-1.5271,0.2337,GO_GOAL
6.14,-2.0213,-1.5204,0.6293,-2.1423,-1.343,-2.0027,-1.5271,0.2313,GO_GOAL
6.16,-2.0184,-1.5183,0.6293,-2.1399,-1.3403,-2.0027,-1.5271,0.2289,GO_GOAL
6.18,-2.0155,-1.5162,0.6293,-2.1375,-1.3376,-2.0027,-1.5271,0.2266,GO_GOAL
6.2,-2.0126,-1.514,0.6293,-2.1351,-1.3349,-2.0027,-1.5271,0.2243,GO_GOAL
6.22,-2.0097,-1.5119,0.6293,-2.1327,-1.3322,-1.9882,-1.5165,0.222,GO_GOAL
6.24,-2.0068,-1.5098,0.6293,-2.1303,-1.3295,-1.9882,-1.5165,0.2197,GO_GOAL
6.26,-2.0039,-1.5077,0.6293,-2.1279,-1.3268,-1.9882,-1.5165,0.2174,GO_GOAL
6.28,-2.001,-1.5056,0.6293,-2.1255,-1.3242,-1.9882,-1.5165,0.2151,GO_GOAL
6.3,-1.9981,-1.5035,0.6293,-2.1231,-1.3215,-1.9882,-1.5165,0.2129,GO_GOAL
6.32,-1.9952,-1.5014,0.6293,-2.1207,-1.3188,-1.9736,-1.5059,0.2106,GO_GOAL
6.34,-1.9923,-1.4993,0.6293,-2.1183,-1.3161,-1.9736,-1.5059,0.2084,GO_GOAL
6.36,-1.9894,-1.4972,0.6293,-2.1159,-1.3134,-1.9736,-1.5059,0.2062,GO_GOAL
6.38,-1.9865,-1.4951,0.6293,-2.1135,-1.3107,-1.9736,-1.5059,0.2041,GO_GOAL
6.4,-1.9836,-1.493,0.6293,-2.1112,-1.308,-1.9736,-1.5059,0.2019,GO_GOAL
6.42,-1.9807,-1.4908,0.6293,-2.1088,-1.3053,-1.9591,-1.4953,0.1997,GO_GOAL
6.44,-1.9778,-1.4887,0.6293,-2.1064,-1.3026,-1.9591,-1.4953,0.1976,GO_GOAL
6.46,-1.9749,-1.4866,0.6293,-2.104,-1.2999,-1.9591,-1.4953,0.1954,GO_GOAL
6.48,-1.972,-1.4845,0.6293,-2.1016,-1.2973,-1.9591,-1.4953,0.1933,GO_GOAL
6.5,-1.9691,-1.4823,0.6293,-2.0992,-1.2946,-1.9591,-1.4953,0.1912,GO_GOAL
6.52,-1.9661,-1.4802,0.6293,-2.0968,-1.2919,-1.9416,-1.4826,0.1891,GO_GOAL
6.54,-1.9632,-1.4781,0.6293,-2.092,-1.2865,-1.9416,-1.4826,0.1871,GO_GOAL
6.56,-1.9603,-1.476,0.6293,-2.092,-1.2865,-1.9416,-1.4826,0.185,GO_GOAL
6.58,-1.9574,-1.4739,0.6293,-2.0896,-1.2838,-1.9416,-1.4826,0.183,GO_GOAL
6.6,-1.9545,-1.4718,0.6293,-2.0872,-1.2811,-1.9416,-1.4826,0.181,GO_GOAL
6.62,-1.9516,-1.4696,0.6293,-2.0848,-1.2784,-1.93,-1.4741,0.179,GO_GOAL
6.64,-1.9487,-1.4675,0.6293,-2.0801,-1.273,-1.93,-1.4741,0.177,GO_GOAL
6.66,-1.9458,-1.4654,0.6293,-2.0801,-1.273,-1.93,-1.4741,0.1751,GO_GOAL
6.68,-1.9429,-1.4633,0.6293,-2.0777,-1.2704,-1.93,-1.4741,0.1731,GO_GOAL
6.7,-1.94,-1.4612,0.6293,-2.0753,-1.2677,-1.93,-1.4741,0.1712,GO_GOAL
6.72,-1.9371,-1.4591,0.6293,-2.0729,-1.265,-1.9154,-1.4635,0.1693,GO_GOAL
6.74,-1.9342,-1.457,0.6293,-2.0705,-1.2623,-1.9154,-1.4635,0.1675,GO_GOAL
6.76,-1.9313,-1.4549,0.6293,-2.0681,-1.2596,-1.9154,-1.4635,0.1657,GO_GOAL
6.78,-1.9284,-1.4528,0.6293,-2.0657,-1.2569,-1.9154,-1.4635,0.1638,GO_GOAL
6.8,-1.9255,-1.4506,0.6293,-2.0633,-1.2542,-1.9154,-1.4635,0.162,GO_GOAL
6.82,-1.9226,-1.4485,0.6293,-2.0609,-1.2515,-1.9009,-1.4529,0.1602,GO_GOAL
6.84,-1.9197,-1.4464,0.6293,-2.0585,-1.2488,-1.9009,-1.4529,0.1584,GO_GOAL
6.86,-1.9168,-1.4443,0.6293,-2.0561,-1.2461,-1.9009,-1.4529,0.1567,GO_GOAL
6.88,-1.9139,-1.4422,0.6293,-2.0537,-1.2435,-1.9009,-1.4529,0.1549,GO_GOAL
6.9,-1.911,-1.44,0.6293,-2.0513,-1.2408,-1.9009,-1.4529,0.1532,GO_GOAL
6.92,-1.9081,-1.4379,0.6293,-2.049,-1.2381,-1.8863,-1.4423,0.1515,GO_GOAL
6.94,-1.9051,-1.4358,0.6293,-2.0466,-1.2354,-1.8863,-1.4423,0.1498,GO_GOAL
6.96,-1.9022,-1.4337,0.6293,-2.0418,-1.23,-1.8863,-1.4423,0.1482,GO_GOAL
6.98,-1.8993,-1.4316,0.6293,-2.0394,-1.2273,-1.8863,-1.4423,0.1466,GO_GOAL
7.0,-1.8964,-1.4295,0.6293,-2.0394,-1.2273,-1.8863,-1.4423,0.145,GO_GOAL
7.02,-1.8935,-1.4273,0.6293,-2.037,-1.2246,-1.8718,-1.4317,0.1434,GO_GOAL
7.04,-1.8906,-1.4252,0.6293,-2.0346,-1.2219,-1.8718,-1.4317,0.1418,GO_GOAL
7.06,-1.8877,-1.4231,0.6293,-2.0322,-1.2192,-1.8718,-1.4317,0.1403,GO_GOAL
7.08,-1.8848,-1.421,0.6293,-2.0298,-1.2165,-1.8718,-1.4317,0.1388,GO_GOAL
7.1,-1.8819,-1.4189,0.6293,-2.025,-1.2112,-1.8718,-1.4317,0.1373,GO_GOAL
7.12,-1.879,-1.4168,0.6293,-2.025,-1.2112,-1.8572,-1.4211,0.1359,GO_GOAL
7.14,-1.8762,-1.4147,0.6293,-2.0226,-1.2085,-1.8572,-1.4211,0.1345,GO_GOAL
7.16,-1.8732,-1.4126,0.6293,-2.0202,-1.2058,-1.8572,-1.4211,0.1331,GO_GOAL
7.18,-1.8703,-1.4105,0.6293,-2.0155,-1.2004,-1.8572,-1.4211,0.1317,GO_GOAL
7.2,-1.8674,-1.4083,0.6293,-2.0155,-1.2004,-1.8572,-1.4211,0.1303,GO_GOAL
7.22,-1.8645,-1.4062,0.6293,-2.0131,-1.1977,-1.8426,-1.4105,0.129,GO_GOAL
7.24,-1.8616,-1.4041,0.6293,-2.0083,-1.1923,-1.8426,-1.4105,0.1277,GO_GOAL
7.26,-1.8587,-1.402,0.6293,-2.0083,-1.1923,-1.8426,-1.4105,0.1264,GO_GOAL
7.28,-1.8558,-1.3999,0.6293,-2.0059,-1.1896,-1.8426,-1.4105,0.1251,GO_GOAL
7.3,-1.8529,-1.3977,0.6293,-2.0035,-1.187,-1.8426,-1.4105,0.1239,GO_GOAL
7.32,-1.8499,-1.3956,0.6293,-1.9987,-1.1816,-1.8281,-1.3999,0.1227,GO_GOAL
7.34,-1.847,-1.3935,0.6293,-1.9987,-1.1816,-1.8281,-1.3999,0.1215,GO_GOAL
7.36,-1.8441,-1.3914,0.6293,-1.9939,-1.1762,-1.8281,-1.3999,0.1203,GO_GOAL
7.38,-1.8412,-1.3893,0.6293,-1.9939,-1.1762,-1.8281,-1.3999,0.1192,GO_GOAL
7.4,-1.8383,-1.3872,0.6293,-1.9915,-1.1735,-1.8281,-1.3999,0.1181,GO_GOAL
7.42,-1.8354,-1.385,0.6293,-1.9891,-1.1708,-1.8106,-1.3872,0.117,GO_GOAL
7.44,-1.8325,-1.3829,0.6293,-1.9867,-1.1681,-1.8106,-1.3872,0.116,GO_GOAL
7.46,-1.8296,-1.3808,0.6293,-1.9844,-1.1654,-1.8106,-1.3872,0.115,GO_GOAL
7.48,-1.8268,-1.3787,0.6293,-1.982,-1.1627,-1.8106,-1.3872,0.114,GO_GOAL
7.5,-1.8239,-1.3766,0.6293,-1.9772,-1.1574,-1.799,-1.3787,0.1131,GO_GOAL
7.52,-1.821,-1.3745,0.6293,-1.9772,-1.1574,-1.799,-1.3787,0.1121,GO_GOAL
7.54,-1.818,-1.3724,0.6293,-1.9748,-1.1547,-1.799,-1.3787,0.1112,GO_GOAL
7.56,-1.8151,-1.3703,0.6293,-1.9724,-1.152,-1.799,-1.3787,0.1103,GO_GOAL
7.58,-1.8122,-1.3681,0.6293,-1.97,-1.1493,-1.799,-1.3787,0.1095,GO_GOAL
7.6,-1.8093,-1.366,0.6293,-1.9676,-1.1466,-1.799,-1.3787,0.1087,GO_GOAL
7.62,-1.8064,-1.3639,0.6293,-1.9652,-1.1439,-1.7844,-1.3681,0.1079,GO_GOAL
7.64,-1.8035,-1.3618,0.6293,-1.9628,-1.1412,-1.7844,-1.3681,0.1071,GO_GOAL
7.66,-1.8006,-1.3597,0.6293,-1.9604,-1.1385,-1.7844,-1.3681,0.1064,GO_GOAL
7.68,-1.7977,-1.3575,0.6293,-1.958,-1.1358,-1.7844,-1.3681,0.1057,GO_GOAL
7.7,-1.7948,-1.3554,0.6293,-1.9556,-1.1332,-1.7844,-1.3681,0.105,GO_GOAL
7.72,-1.7918,-1.3533,0.6293,-1.9509,-1.1278,-1.7699,-1.3576,0.1044,GO_GOAL
7.74,-1.7889,-1.3512,0.6293,-1.9509,-1.1278,-1.7699,-1.3576,0.1038,GO_GOAL
7.76,-1.786,-1.3491,0.6293,-1.9485,-1.1251,-1.7699,-1.3576,0.1032,GO_GOAL
7.78,-1.7831,-1.347,0.6293,-1.9437,-1.1197,-1.7699,-1.3576,0.1027,GO_GOAL
7.8,-1.7802,-1.3449,0.6293,-1.9437,-1.1197,-1.7699,-1.3576,0.1022,GO_GOAL
7.82,-1.7774,-1.3428,0.6293,-1.9389,-1.1143,-1.7553,-1.347,0.1017,GO_GOAL
7.84,-1.7745,-1.3407,0.6293,-1.9389,-1.1143,-1.7553,-1.347,0.1012,GO_GOAL
7.86,-1.7716,-1.3386,0.6293,-1.9365,-1.1116,-1.7553,-1.347,0.1008,GO_GOAL
7.88,-1.7687,-1.3364,0.6293,-1.9341,-1.1089,-1.7553,-1.347,0.1004,GO_GOAL
7.9,-1.7657,-1.3343,0.6293,-1.9317,-1.1063,-1.7553,-1.347,0.1,GO_GOAL
7.92,-1.7628,-1.3322,0.6293,-1.9293,-1.1036,-1.7408,-1.3364,0.0997,GO_GOAL
7.94,-1.7599,-1.3301,0.6293,-1.9269,-1.1009,-1.7408,-1.3364,0.0994,GO_GOAL
7.96,-1.757,-1.3279,0.6293,-1.9222,-1.0955,-1.7408,-1.3364,0.0991,GO_GOAL
7.98,-1.7541,-1.3258,0.6293,-1.9198,-1.0928,-1.7408,-1.3364,0.0989,GO_GOAL
8.0,-1.7512,-1.3237,0.6293,-1.9174,-1.0901,-1.7408,-1.3364,0.0987,GO_GOAL
8.02,-1.7483,-1.3216,0.6293,-1.9174,-1.0901,-1.7262,-1.3258,0.0985,GO_GOAL
8.04,-1.7454,-1.3195,0.6293,-1.915,-1.0874,-1.7262,-1.3258,0.0984,GO_GOAL
8.06,-1.7425,-1.3174,0.6293,-1.9126,-1.0847,-1.7262,-1.3258,0.0983,GO_GOAL
8.08,-1.7396,-1.3152,0.6293,-1.9102,-1.082,-1.7262,-1.3258,0.0982,GO_GOAL
8.1,-1.7366,-1.3131,0.6293,-1.9078,-1.0794,-1.7262,-1.3258,0.0982,GO_GOAL
8.12,-1.7338,-1.311,0.6293,-1.9054,-1.0767,-1.7117,-1.3152,0.0981,GO_GOAL
8.14,-1.7309,-1.3089,0.6293,-1.903,-1.074,-1.7117,-1.3152,0.0982,GO_GOAL
8.16,-1.728,-1.3068,0.6293,-1.9006,-1.0713,-1.7117,-1.3152,0.0982,GO_GOAL
8.18,-1.7251,-1.3047,0.6293,-1.8982,-1.0686,-1.7117,-1.3152,0.0983,GO_GOAL
8.2,-1.7222,-1.3026,0.6293,-1.8934,-1.0632,-1.7117,-1.3152,0.0984,GO_GOAL
8.22,-1.7193,-1.3005,0.6293,-1.8934,-1.0632,-1.6971,-1.3046,0.0985,GO_GOAL
8.24,-1.7163,-1.2983,0.6293,-1.8911,-1.0605,-1.6971,-1.3046,0.0987,GO_GOAL
8.26,-1.7134,-1.2962,0.6293,-1.8863,-1.0551,-1.6971,-1.3046,0.0989,GO_GOAL
8.28,-1.7105,-1.2941,0.6293,-1.8863,-1.0551,-1.6971,-1.3046,0.0992,GO_GOAL
8.3,-1.7076,-1.292,0.6293,-1.8839,-1.0525,-1.6971,-1.3046,0.0994,GO_GOAL
8.32,-1.7047,-1.2899,0.6293,-1.8815,-1.0498,-1.6826,-1.294,0.0997,GO_GOAL
8.34,-1.7018,-1.2877,0.6293,-1.8767,-1.0444,-1.6826,-1.294,0.1001,GO_GOAL
8.36,-1.6989,-1.2856,0.6293,-1.8767,-1.0444,-1.6826,-1.294,0.1004,GO_GOAL
8.38,-1.696,-1.2835,0.6293,-1.8743,-1.0417,-1.6826,-1.294,0.1008,GO_GOAL
8.4,-1.6931,-1.2814,0.6293,-1.8719,-1.039,-1.6826,-1.294,0.1013,GO_GOAL
8.42,-1.6902,-1.2793,0.6293,-1.8695,-1.0363,-1.668,-1.2834,0.1017,GO_GOAL
8.44,-1.6873,-1.2772,0.6293,-1.8647,-1.0309,-1.668,-1.2834,0.1022,GO_GOAL
8.46,-1.6844,-1.2751,0.6293,-1.8647,-1.0309,-1.668,-1.2834,0.1027,GO_GOAL
8.48,-1.6815,-1.273,0.6293,-1.8623,-1.0282,-1.668,-1.2834,0.1033,GO_GOAL
8.5,-1.6786,-1.2709,0.6293,-1.8599,-1.0256,-1.668,-1.2834,0.1038,GO_GOAL
8.52,-1.6757,-1.2687,0.6293,-1.8552,-1.0202,-1.6535,-1.2728,0.1044,GO_GOAL
8.54,-1.6728,-1.2666,0.6293,-1.8552,-1.0202,-1.6535,-1.2728,0.1051,GO_GOAL
8.56,-1.6699,-1.2645,0.6293,-1.8528,-1.0175,-1.6535,-1.2728,0.1058,GO_GOAL
8.58,-1.6669,-1.2624,0.6293,-1.8504,-1.0148,-1.6535,-1.2728,0.1065,GO_GOAL
8.6,-1.664,-1.2603,0.6293,-1.848,-1.0121,-1.6535,-1.2728,0.1072,GO_GOAL
8.62,-1.6611,-1.2581,0.6293,-1.8456,-1.0094,-1.6389,-1.2622,0.108,GO_GOAL
8.64,-1.6582,-1.256,0.6293,-1.8432,-1.0067,-1.6389,-1.2622,0.1087,GO_GOAL
8.66,-1.6553,-1.2539,0.6293,-1.8384,-1.0013,-1.6389,-1.2622,0.1096,GO_GOAL
8.68,-1.6524,-1.2518,0.6293,-1.836,-0.9987,-1.6389,-1.2622,0.1104,GO_GOAL
8.7,-1.6495,-1.2497,0.6293,-1.836,-0.9987,-1.6389,-1.2622,0.1113,GO_GOAL
8.72,-1.6466,-1.2475,0.6293,-1.8336,-0.996,-1.6215,-1.2495,0.1122,GO_GOAL
8.74,-1.6437,-1.2454,0.6293,-1.8312,-0.9933,-1.6215,-1.2495,0.1131,GO_GOAL
8.76,-1.6408,-1.2433,0.6293,-1.8288,-0.9906,-1.6215,-1.2495,0.1141,GO_GOAL
8.78,-1.6379,-1.2412,0.6293,-1.8265,-0.9879,-1.6215,-1.2495,0.1151,GO_GOAL
8.8,-1.635,-1.2391,0.6293,-1.8241,-0.9852,-1.6215,-1.2495,0.1161,GO_GOAL
8.82,-1.6321,-1.237,0.6293,-1.8217,-0.9825,-1.6098,-1.241,0.1171,GO_GOAL
8.84,-1.6292,-1.2349,0.6293,-1.8193,-0.9798,-1.6098,-1.241,0.1182,GO_GOAL
8.86,-1.6263,-1.2328,0.6293,-1.8169,-0.9771,-1.6098,-1.241,0.1193,GO_GOAL
8.88,-1.6234,-1.2306,0.6293,-1.8145,-0.9744,-1.6098,-1.241,0.1204,GO_GOAL
8.9,-1.6204,-1.2285,0.6293,-1.8121,-0.9718,-1.6098,-1.241,0.1216,GO_GOAL
8.92,-1.6175,-1.2264,0.6293,-1.8097,-0.9691,-1.5953,-1.2304,0.1228,GO_GOAL
8.94,-1.6146,-1.2243,0.6293,-1.8073,-0.9664,-1.5953,-1.2304,0.124,GO_GOAL
8.96,-1.6117,-1.2222,0.6293,-1.8049,-0.9637,-1.5953,-1.2304,0.1252,GO_GOAL
8.98,-1.6088,-1.22,0.6293,-1.8025,-0.961,-1.5953,-1.2304,0.1265,GO_GOAL
9.0,-1.6059,-1.2179,0.6293,-1.8001,-0.9583,-1.5953,-1.2304,0.1278,GO_GOAL
9.02,-1.603,-1.2158,0.6293,-1.7977,-0.9556,-1.5807,-1.2198,0.1291,GO_GOAL
9.04,-1.6001,-1.2137,0.6293,-1.7954,-0.9529,-1.5807,-1.2198,0.1304,GO_GOAL
9.06,-1.5972,-1.2116,0.6293,-1.793,-0.9502,-1.5807,-1.2198,0.1318,GO_GOAL
9.08,-1.5943,-1.2095,0.6293,-1.7906,-0.9475,-1.5807,-1.2198,0.1332,GO_GOAL
9.1,-1.5914,-1.2074,0.6293,-1.7882,-0.9449,-1.5807,-1.2198,0.1346,GO_GOAL
9.12,-1.5885,-1.2053,0.6293,-1.7858,-0.9422,-1.5662,-1.2092,0.136,GO_GOAL
9.14,-1.5856,-1.2031,0.6293,-1.7834,-0.9395,-1.5662,-1.2092,0.1375,GO_GOAL
9.16,-1.5827,-1.201,0.6293,-1.781,-0.9368,-1.5662,-1.2092,0.139,GO_GOAL
9.18,-1.5798,-1.1989,0.6293,-1.7762,-0.9314,-1.5662,-1.2092,0.1405,GO_GOAL
9.2,-1.5769,-1.1968,0.6293,-1.7762,-0.9314,-1.5662,-1.2092,0.142,GO_GOAL
9.22,-1.5739,-1.1947,0.6293,-1.7714,-0.926,-1.5516,-1.1986,0.1436,GO_GOAL
9.24,-1.571,-1.1925,0.6293,-1.7714,-0.926,-1.5516,-1.1986,0.1452,GO_GOAL
9.26,-1.5681,-1.1904,0.6293,-1.769,-0.9233,-1.5516,-1.1986,0.1468,GO_GOAL
9.28,-1.5652,-1.1883,0.6293,-1.7666,-0.9206,-1.5516,-1.1986,0.1484,GO_GOAL
9.3,-1.5623,-1.1862,0.6293,-1.7643,-0.918,-1.5516,-1.1986,0.15,GO_GOAL
9.32,-1.5594,-1.1841,0.6293,-1.7619,-0.9153,-1.5341,-1.1859,0.1517,GO_GOAL
9.34,-1.5565,-1.182,0.6293,-1.7571,-0.9099,-1.5341,-1.1859,0.1534,GO_GOAL
9.36,-1.5536,-1.1799,0.6293,-1.7571,-0.9099,-1.5341,-1.1859,0.1551,GO_GOAL
9.38,-1.5507,-1.1778,0.6293,-1.7523,-0.9045,-1.5341,-1.1859,0.1568,GO_GOAL
9.4,-1.5478,-1.1756,0.6293,-1.7523,-0.9045,-1.5341,-1.1859,0.1586,GO_GOAL
9.42,-1.5449,-1.1735,0.6293,-1.7499,-0.9018,-1.5225,-1.1775,0.1604,GO_GOAL
9.44,-1.542,-1.1714,0.6293,-1.7475,-0.8991,-1.5225,-1.1775,0.1622,GO_GOAL
9.46,-1.5391,-1.1693,0.6293,-1.7451,-0.8964,-1.5225,-1.1775,0.164,GO_GOAL
9.48,-1.5362,-1.1672,0.6293,-1.7427,-0.8937,-1.5225,-1.1775,0.1658,GO_GOAL
9.5,-1.5333,-1.165,0.6293,-1.7379,-0.8884,-1.5225,-1.1775,0.1677,GO_GOAL
9.52,-1.5304,-1.1629,0.6293,-1.7379,-0.8884,-1.5079,-1.1669,0.1696,GO_GOAL
9.54,-1.5274,-1.1608,0.6293,-1.7355,-0.8857,-1.5079,-1.1669,0.1715,GO_GOAL
9.56,-1.5245,-1.1587,0.6293,-1.7332,-0.883,-1.5079,-1.1669,0.1734,GO_GOAL
9.58,-1.5216,-1.1566,0.6293,-1.7308,-0.8803,-1.5079,-1.1669,0.1753,GO_GOAL
9.6,-1.5187,-1.1545,0.6293,-1.7284,-0.8776,-1.5079,-1.1669,0.1773,GO_GOAL
9.62,-1.5158,-1.1524,0.6293,-1.726,-0.8749,-1.4934,-1.1563,0.1792,GO_GOAL
9.64,-1.5129,-1.1502,0.6293,-1.7236,-0.8722,-1.4934,-1.1563,0.1812,GO_GOAL
9.66,-1.51,-1.1481,0.6293,-1.7188,-0.8668,-1.4934,-1.1563,0.1832,GO_GOAL
9.68,-1.5071,-1.146,0.6293,-1.7164,-0.8642,-1.4934,-1.1563,0.1852,GO_GOAL
9.7,-1.5042,-1.1439,0.6293,-1.7164,-0.8642,-1.4934,-1.1563,0.1873,GO_GOAL
9.72,-1.5013,-1.1418,0.6293,-1.714,-0.8615,-1.4788,-1.1457,0.1894,GO_GOAL
9.74,-1.4984,-1.1396,0.6293,-1.7116,-0.8588,-1.4788,-1.1457,0.1914,GO_GOAL
9.76,-1.4955,-1.1375,0.6293,-1.7092,-0.8561,-1.4788,-1.1457,0.1935,GO_GOAL
9.78,-1.4926,-1.1354,0.6293,-1.7044,-0.8507,-1.4788,-1.1457,0.1957,GO_GOAL
9.8,-1.4897,-1.1333,0.6293,-1.7044,-0.8507,-1.4788,-1.1457,0.1978,GO_GOAL
9.82,-1.4868,-1.1312,0.6293,-1.702,-0.848,-1.4643,-1.1351,0.1999,GO_GOAL
9.84,-1.4839,-1.1291,0.6293,-1.6997,-0.8453,-1.4643,-1.1351,0.2021,GO_GOAL
9.86,-1.481,-1.127,0.6293,-1.6973,-0.8426,-1.4643,-1.1351,0.2043,GO_GOAL
9.88,-1.4781,-1.1248,0.6293,-1.6949,-0.8399,-1.4643,-1.1351,0.2065,GO_GOAL
9.9,-1.4751,-1.1227,0.6293,-1.6925,-0.8373,-1.4643,-1.1351,0.2087,GO_GOAL
9.92,-1.4722,-1.1206,0.6293,-1.6901,-0.8346,-1.4497,-1.1245,0.2109,GO_GOAL
9.94,-1.4693,-1.1185,0.6293,-1.6853,-0.8292,-1.4497,-1.1245,0.2132,GO_GOAL
9.96,-1.4664,-1.1164,0.6293,-1.6853,-0.8292,-1.4497,-1.1245,0.2154,GO_GOAL
9.98,-1.4635,-1.1142,0.6293,-1.6829,-0.8265,-1.4497,-1.1245,0.2177,GO_GOAL
10.0,-1.4606,-1.1121,0.6293,-1.6781,-0.8211,-1.4497,-1.1245,0.22,GO_GOAL
10.02,-1.4577,-1.11,0.6293,-1.6757,-0.8184,-1.4352,-1.1139,0.2223,GO_GOAL
10.04,-1.4548,-1.1079,0.6293,-1.6757,-0.8184,-1.4352,-1.1139,0.2246,GO_GOAL
10.06,-1.4519,-1.1058,0.6293,-1.6733,-0.8157,-1.4352,-1.1139,0.2269,GO_GOAL
10.08,-1.449,-1.1037,0.6293,-1.6709,-0.813,-1.4352,-1.1139,0.2292,GO_GOAL
10.1,-1.4461,-1.1016,0.6293,-1.6686,-0.8104,-1.4352,-1.1139,0.2316,GO_GOAL
10.12,-1.4432,-1.0994,0.6293,-1.6662,-0.8077,-1.4206,-1.1033,0.234,GO_GOAL
10.14,-1.4403,-1.0973,0.6293,-1.6638,-0.805,-1.4206,-1.1033,0.2364,GO_GOAL
10.16,-1.4373,-1.0952,0.6293,-1.6614,-0.8023,-1.4206,-1.1033,0.2388,GO_GOAL
10.18,-1.4344,-1.0931,0.6293,-1.659,-0.7996,-1.4206,-1.1033,0.2412,GO_GOAL
10.2,-1.4315,-1.091,0.6293,-1.6566,-0.7969,-1.4206,-1.1033,0.2436,GO_GOAL
10.22,-1.4286,-1.0888,0.6293,-1.6542,-0.7942,-1.4061,-1.0927,0.246,GO_GOAL
10.24,-1.4257,-1.0867,0.6293,-1.6494,-0.7888,-1.4061,-1.0927,0.2485,GO_GOAL
10.26,-1.4228,-1.0846,0.6293,-1.6494,-0.7888,-1.4061,-1.0927,0.2509,GO_GOAL
10.28,-1.4199,-1.0825,0.6293,-1.647,-0.7861,-1.4061,-1.0927,0.2534,GO_GOAL
10.3,-1.417,-1.0804,0.6293,-1.6446,-0.7835,-1.4061,-1.0927,0.2559,GO_GOAL
10.32,-1.4141,-1.0783,0.6293,-1.6422,-0.7808,-1.3915,-1.0821,0.2584,GO_GOAL
10.34,-1.4112,-1.0761,0.6293,-1.6398,-0.7781,-1.3915,-1.0821,0.2609,GO_GOAL
10.36,-1.4083,-1.074,0.6293,-1.6351,-0.7727,-1.3915,-1.0821,0.2634,GO_GOAL
10.38,-1.4054,-1.0719,0.6293,-1.6327,-0.77,-1.3915,-1.0821,0.266,GO_GOAL
10.4,-1.4025,-1.0698,0.6293,-1.6327,-0.77,-1.3915,-1.0821,0.2685,GO_GOAL
10.42,-1.3995,-1.0677,0.6293,-1.6279,-0.7646,-1.377,-1.0715,0.2711,GO_GOAL
10.44,-1.3966,-1.0656,0.6293,-1.6279,-0.7646,-1.377,-1.0715,0.2736,GO_GOAL
10.46,-1.3937,-1.0635,0.6293,-1.6255,-0.7619,-1.377,-1.0715,0.2762,GO_GOAL
10.48,-1.3908,-1.0613,0.6293,-1.6231,-0.7592,-1.377,-1.0715,0.2788,GO_GOAL
10.5,-1.3879,-1.0592,0.6293,-1.6207,-0.7566,-1.377,-1.0715,0.2814,GO_GOAL
10.52,-1.385,-1.0571,0.6293,-1.6183,-0.7539,-1.3624,-1.0609,0.284,GO_GOAL
10.54,-1.3821,-1.055,0.6293,-1.6159,-0.7512,-1.3624,-1.0609,0.2866,GO_GOAL
10.56,-1.3792,-1.0529,0.6293,-1.6135,-0.7485,-1.3624,-1.0609,0.2892,GO_GOAL
10.58,-1.3763,-1.0507,0.6293,-1.6111,-0.7458,-1.3624,-1.0609,0.2919,GO_GOAL
10.6,-1.3734,-1.0486,0.6293,-1.6087,-0.7431,-1.3624,-1.0609,0.2945,GO_GOAL
10.62,-1.3705,-1.0465,0.6293,-1.6064,-0.7404,-1.3479,-1.0503,0.2972,GO_GOAL
10.64,-1.3676,-1.0444,0.6293,-1.604,-0.7377,-1.3479,-1.0503,0.2998,GO_GOAL
10.66,-1.3647,-1.0423,0.6293,-1.6016,-0.735,-1.3479,-1.0503,0.3025,GO_GOAL
10.68,-1.3618,-1.0402,0.6293,-1.5968,-0.7297,-1.3479,-1.0503,0.3052,GO_GOAL
10.7,-1.3588,-1.038,0.6293,-1.5944,-0.727,-1.3479,-1.0503,0.3079,GO_GOAL
10.72,-1.3559,-1.0359,0.6293,-1.5944,-0.727,-1.3304,-1.0376,0.3106,GO_GOAL
10.74,-1.353,-1.0338,0.6293,-1.592,-0.7243,-1.3304,-1.0376,0.3133,GO_GOAL
10.76,-1.3501,-1.0317,0.6293,-1.5872,-0.7189,-1.3304,-1.0376,0.316,GO_GOAL
10.78,-1.3472,-1.0296,0.6293,-1.5872,-0.7189,-1.3304,-1.0376,0.3188,GO_GOAL
10.8,-1.3443,-1.0275,0.6293,-1.5848,-0.7162,-1.3304,-1.0376,0.3215,GO_GOAL
10.82,-1.3414,-1.0253,0.6293,-1.5824,-0.7135,-1.3159,-1.027,0.3243,GO_GOAL
10.84,-1.3385,-1.0232,0.6293,-1.58,-0.7108,-1.3159,-1.027,0.327,GO_GOAL
10.86,-1.3356,-1.0211,0.6293,-1.5776,-0.7081,-1.3159,-1.027,0.3298,GO_GOAL
10.88,-1.3327,-1.019,0.6293,-1.5753,-0.7054,-1.3159,-1.027,0.3326,GO_GOAL
10.9,-1.3298,-1.0169,0.6293,-1.5729,-0.7028,-1.3159,-1.027,0.3354,GO_GOAL
10.92,-1.3269,-1.0147,0.6293,-1.5705,-0.7001,-1.3042,-1.0185,0.3382,GO_GOAL
10.94,-1.3239,-1.0126,0.6293,-1.5657,-0.6947,-1.3042,-1.0185,0.3409,GO_GOAL
10.96,-1.321,-1.0105,0.6293,-1.5657,-0.6947,-1.3042,-1.0185,0.3438,GO_GOAL
10.98,-1.3181,-1.0084,0.6293,-1.5633,-0.692,-1.3042,-1.0185,0.3466,GO_GOAL
11.0,-1.3152,-1.0063,0.6293,-1.5609,-0.6893,-1.3042,-1.0185,0.3494,GO_GOAL
11.02,-1.3123,-1.0042,0.6293,-1.5585,-0.6866,-1.2897,-1.0079,0.3522,GO_GOAL
11.04,-1.3094,-1.002,0.6293,-1.5561,-0.6839,-1.2897,-1.0079,0.3551,GO_GOAL
11.06,-1.3065,-0.9999,0.6293,-1.5537,-0.6812,-1.2897,-1.0079,0.3579,GO_GOAL
11.08,-1.3036,-0.9978,0.6293,-1.5513,-0.6785,-1.2897,-1.0079,0.3608,GO_GOAL
11.1,-1.3007,-0.9957,0.6293,-1.5489,-0.6759,-1.2897,-1.0079,0.3636,GO_GOAL
11.12,-1.2978,-0.9936,0.6293,-1.5465,-0.6732,-1.2751,-0.9973,0.3665,GO_GOAL
11.14,-1.2949,-0.9914,0.6293,-1.5441,-0.6705,-1.2751,-0.9973,0.3694,GO_GOAL
11.16,-1.2919,-0.9893,0.6293,-1.5418,-0.6678,-1.2751,-0.9973,0.3722,GO_GOAL
11.18,-1.289,-0.9872,0.6293,-1.5394,-0.6651,-1.2751,-0.9973,0.3751,GO_GOAL
11.2,-1.2861,-0.9851,0.6293,-1.537,-0.6624,-1.2751,-0.9973,0.378,GO_GOAL
11.22,-1.2832,-0.983,0.6293,-1.5322,-0.657,-1.2606,-0.9868,0.3809,GO_GOAL
11.24,-1.2803,-0.9809,0.6293,-1.5322,-0.657,-1.2606,-0.9868,0.3838,GO_GOAL
11.26,-1.2774,-0.9787,0.6293,-1.5298,-0.6543,-1.2606,-0.9868,0.3867,GO_GOAL
11.28,-1.2745,-0.9766,0.6293,-1.5274,-0.6516,-1.2606,-0.9868,0.3897,GO_GOAL
11.3,-1.2716,-0.9745,0.6293,-1.525,-0.649,-1.2606,-0.9868,0.3926,GO_GOAL
11.32,-1.2687,-0.9724,0.6293,-1.5226,-0.6463,-1.246,-0.9762,0.3955,GO_GOAL
11.34,-1.2657,-0.9703,0.6293,-1.5202,-0.6436,-1.246,-0.9762,0.3985,GO_GOAL
11.36,-1.2628,-0.9681,0.6293,-1.5178,-0.6409,-1.246,-0.9762,0.4014,GO_GOAL
11.38,-1.2599,-0.966,0.6293,-1.5154,-0.6382,-1.246,-0.9762,0.4044,GO_GOAL
11.4,-1.257,-0.9639,0.6293,-1.513,-0.6355,-1.246,-0.9762,0.4073,GO_GOAL
11.42,-1.2541,-0.9618,0.6293,-1.5107,-0.6328,-1.2315,-0.9656,0.4103,GO_GOAL
11.44,-1.2512,-0.9597,0.6293,-1.5083,-0.6301,-1.2315,-0.9656,0.4133,GO_GOAL
11.46,-1.2483,-0.9575,0.6293,-1.5059,-0.6274,-1.2315,-0.9656,0.4162,GO_GOAL
11.48,-1.2454,-0.9554,0.6293,-1.5035,-0.6247,-1.2315,-0.9656,0.4192,GO_GOAL
11.5,-1.2425,-0.9533,0.6293,-1.5011,-0.6221,-1.2315,-0.9656,0.4222,GO_GOAL
11.52,-1.2396,-0.9512,0.6293,-1.4987,-0.6194,-1.2169,-0.955,0.4252,GO_GOAL
11.54,-1.2366,-0.9491,0.6293,-1.4963,-0.6167,-1.2169,-0.955,0.4282,GO_GOAL
11.56,-1.2337,-0.9469,0.6293,-1.4915,-0.6113,-1.2169,-0.955,0.4312,GO_GOAL
11.58,-1.2308,-0.9448,0.6293,-1.4915,-0.6113,-1.2169,-0.955,0.4342,GO_GOAL
11.6,-1.2279,-0.9427,0.6293,-1.4891,-0.6086,-1.2169,-0.955,0.4372,GO_GOAL
11.62,-1.225,-0.9406,0.6293,-1.4843,-0.6032,-1.2024,-0.9444,0.4402,GO_GOAL
11.64,-1.2221,-0.9385,0.6293,-1.4843,-0.6032,-1.2024,-0.9444,0.4432,GO_GOAL
11.66,-1.2192,-0.9364,0.6293,-1.4819,-0.6005,-1.2024,-0.9444,0.4463,GO_GOAL
11.68,-1.2163,-0.9342,0.6293,-1.4796,-0.5978,-1.2024,-0.9444,0.4493,GO_GOAL
11.7,-1.2134,-0.9321,0.6293,-1.4772,-0.5952,-1.2024,-0.9444,0.4523,GO_GOAL
11.72,-1.2105,-0.93,0.6293,-1.4748,-0.5925,-1.1878,-0.9338,0.4554,GO_GOAL
11.74,-1.2075,-0.9279,0.6293,-1.4724,-0.5898,-1.1878,-0.9338,0.4584,GO_GOAL
11.76,-1.2046,-0.9258,0.6293,-1.47,-0.5871,-1.1878,-0.9338,0.4615,GO_GOAL
11.78,-1.2017,-0.9236,0.6293,-1.4676,-0.5844,-1.1878,-0.9338,0.4645,GO_GOAL
11.8,-1.1988,-0.9215,0.6293,-1.4652,-0.5817,-1.1878,-0.9338,0.4637,GO_GOAL
11.82,-1.1959,-0.9194,0.6293,-1.4628,-0.579,-1.1733,-0.9232,0.4608,GO_GOAL
11.84,-1.193,-0.9173,0.6293,-1.4604,-0.5763,-1.1733,-0.9232,0.458,GO_GOAL
11.86,-1.1901,-0.9152,0.6293,-1.458,-0.5736,-1.1733,-0.9232,0.4551,GO_GOAL
11.88,-1.1872,-0.913,0.6293,-1.4556,-0.5709,-1.1733,-0.9232,0.4523,GO_GOAL
11.9,-1.1843,-0.9109,0.6293,-1.4532,-0.5683,-1.1733,-0.9232,0.4494,GO_GOAL
11.92,-1.1814,-0.9088,0.6293,-1.4508,-0.5656,-1.1587,-0.9126,0.4466,GO_GOAL
11.94,-1.1784,-0.9067,0.6293,-1.4461,-0.5602,-1.1587,-0.9126,0.4437,GO_GOAL
11.96,-1.1755,-0.9046,0.6293,-1.4461,-0.5602,-1.1587,-0.9126,0.4409,GO_GOAL
11.98,-1.1726,-0.9024,0.6293,-1.4437,-0.5575,-1.1587,-0.9126,0.4381,GO_GOAL
12.0,-1.1697,-0.9003,0.6293,-1.4413,-0.5548,-1.1587,-0.9126,0.4353,GO_GOAL
12.02,-1.1668,-0.8982,0.6293,-1.4389,-0.5521,-1.1441,-0.902,0.4325,GO_GOAL
12.04,-1.1639,-0.8961,0.6293,-1.4365,-0.5494,-1.1441,-0.902,0.4297,GO_GOAL
12.06,-1.161,-0.894,0.6293,-1.4341,-0.5467,-1.1441,-0.902,0.4269,GO_GOAL
12.08,-1.1581,-0.8919,0.6293,-1.4317,-0.544,-1.1441,-0.902,0.4241,GO_GOAL
12.1,-1.1552,-0.8897,0.6293,-1.4293,-0.5414,-1.1441,-0.902,0.4213,GO_GOAL
12.12,-1.1522,-0.8876,0.6293,-1.4269,-0.5387,-1.1296,-0.8914,0.4186,GO_GOAL
12.14,-1.1493,-0.8855,0.6293,-1.4245,-0.536,-1.1296,-0.8914,0.4158,GO_GOAL
12.16,-1.1464,-0.8834,0.6293,-1.4221,-0.5333,-1.1296,-0.8914,0.413,GO_GOAL
12.18,-1.1435,-0.8813,0.6293,-1.4197,-0.5306,-1.1296,-0.8914,0.4103,GO_GOAL
12.2,-1.1406,-0.8791,0.6293,-1.4173,-0.5279,-1.1296,-0.8914,0.4076,GO_GOAL
12.22,-1.1377,-0.877,0.6293,-1.4126,-0.5225,-1.115,-0.8808,0.4048,GO_GOAL
12.24,-1.1348,-0.8749,0.6293,-1.4126,-0.5225,-1.115,-0.8808,0.4021,GO_GOAL
12.26,-1.1319,-0.8728,0.6293,-1.4102,-0.5198,-1.115,-0.8808,0.3994,GO_GOAL
12.28,-1.129,-0.8707,0.6293,-1.4078,-0.5171,-1.115,-0.8808,0.3967,GO_GOAL
12.3,-1.1261,-0.8685,0.6293,-1.4054,-0.5144,-1.115,-0.8808,0.394,GO_GOAL
12.32,-1.1231,-0.8664,0.6293,-1.403,-0.5118,-1.1005,-0.8702,0.3913,GO_GOAL
12.34,-1.1202,-0.8643,0.6293,-1.4006,-0.5091,-1.1005,-0.8702,0.3886,GO_GOAL
12.36,-1.1173,-0.8622,0.6293,-1.3982,-0.5064,-1.1005,-0.8702,0.3859,GO_GOAL
12.38,-1.1144,-0.8601,0.6293,-1.3958,-0.5037,-1.1005,-0.8702,0.3832,GO_GOAL
12.4,-1.1115,-0.8579,0.6293,-1.3934,-0.501,-1.1005,-0.8702,0.3806,GO_GOAL
12.42,-1.1086,-0.8558,0.6293,-1.391,-0.4983,-1.0859,-0.8596,0.3779,GO_GOAL
12.44,-1.1057,-0.8537,0.6293,-1.3886,-0.4956,-1.0859,-0.8596,0.3753,GO_GOAL
12.46,-1.1028,-0.8516,0.6293,-1.3862,-0.4929,-1.0859,-0.8596,0.3727,GO_GOAL
12.48,-1.0999,-0.8495,0.6293,-1.3839,-0.4902,-1.0859,-0.8596,0.37,GO_GOAL
12.5,-1.097,-0.8474,0.6293,-1.3815,-0.4875,-1.0859,-0.8596,0.3674,GO_GOAL
12.52,-1.094,-0.8452,0.6293,-1.3791,-0.4849,-1.0714,-0.849,0.3648,GO_GOAL
12.54,-1.0911,-0.8431,0.6293,-1.3767,-0.4822,-1.0714,-0.849,0.3622,GO_GOAL
12.56,-1.0882,-0.841,0.6293,-1.3743,-0.4795,-1.0714,-0.849,0.3596,GO_GOAL
12.58,-1.0853,-0.8389,0.6293,-1.3719,-0.4768,-1.0714,-0.849,0.357,GO_GOAL
12.6,-1.0824,-0.8368,0.6293,-1.3695,-0.4741,-1.0714,-0.849,0.3545,GO_GOAL
12.62,-1.0795,-0.8346,0.6293,-1.3671,-0.4714,-1.0568,-0.8384,0.3519,GO_GOAL
12.64,-1.0766,-0.8325,0.6293,-1.3647,-0.4687,-1.0568,-0.8384,0.3494,GO_GOAL
12.66,-1.0737,-0.8304,0.6293,-1.3623,-0.466,-1.0568,-0.8384,0.3468,GO_GOAL
12.68,-1.0708,-0.8283,0.6293,-1.3575,-0.4606,-1.0568,-0.8384,0.3443,GO_GOAL
12.7,-1.0679,-0.8262,0.6293,-1.3575,-0.4606,-1.0568,-0.8384,0.3418,GO_GOAL
12.72,-1.0649,-0.824,0.6293,-1.3551,-0.458,-1.0423,-0.8278,0.3393,GO_GOAL
12.74,-1.062,-0.8219,0.6293,-1.3528,-0.4553,-1.0423,-0.8278,0.3368,GO_GOAL
12.76,-1.0591,-0.8198,0.6293,-1.3504,-0.4526,-1.0423,-0.8278,0.3343,GO_GOAL
12.78,-1.0562,-0.8177,0.6293,-1.348,-0.4499,-1.0423,-0.8278,0.3318,GO_GOAL
12.8,-1.0533,-0.8156,0.6293,-1.3432,-0.4445,-1.0423,-0.8278,0.3293,GO_GOAL
12.82,-1.0504,-0.8134,0.6293,-1.3432,-0.4445,-1.0277,-0.8172,0.3269,GO_GOAL
12.84,-1.0475,-0.8113,0.6293,-1.3408,-0.4418,-1.0277,-0.8172,0.3244,GO_GOAL
12.86,-1.0446,-0.8092,0.6293,-1.3384,-0.4391,-1.0277,-0.8172,0.322,GO_GOAL
12.88,-1.0417,-0.8071,0.6293,-1.336,-0.4364,-1.0277,-0.8172,0.3196,GO_GOAL
12.9,-1.0387,-0.805,0.6293,-1.3336,-0.4337,-1.0277,-0.8172,0.3171,GO_GOAL
12.92,-1.0358,-0.8029,0.6293,-1.3312,-0.4311,-1.0132,-0.8067,0.3147,GO_GOAL
12.94,-1.0329,-0.8007,0.6293,-1.3288,-0.4284,-1.0132,-0.8067,0.3124,GO_GOAL
12.96,-1.03,-0.7986,0.6293,-1.3264,-0.4257,-1.0132,-0.8067,0.31,GO_GOAL
12.98,-1.0271,-0.7965,0.6293,-1.324,-0.423,-1.0132,-0.8067,0.3076,GO_GOAL
13.0,-1.0242,-0.7944,0.6293,-1.3217,-0.4203,-1.0132,-0.8067,0.3053,GO_GOAL
13.02,-1.0213,-0.7923,0.6293,-1.3193,-0.4176,-0.9986,-0.7961,0.3029,GO_GOAL
13.04,-1.0184,-0.7901,0.6293,-1.3169,-0.4149,-0.9986,-0.7961,0.3006,GO_GOAL
13.06,-1.0155,-0.788,0.6293,-1.3145,-0.4122,-0.9986,-0.7961,0.2983,GO_GOAL
13.08,-1.0126,-0.7859,0.6293,-1.3121,-0.4095,-0.9986,-0.7961,0.296,GO_GOAL
13.1,-1.0096,-0.7838,0.6293,-1.3097,-0.4068,-0.9986,-0.7961,0.2937,GO_GOAL
13.12,-1.0067,-0.7817,0.6293,-1.3073,-0.4042,-0.9841,-0.7855,0.2914,GO_GOAL
13.14,-1.0038,-0.7795,0.6293,-1.3049,-0.4015,-0.9841,-0.7855,0.2891,GO_GOAL
13.16,-1.0009,-0.7774,0.6293,-1.3025,-0.3988,-0.9841,-0.7855,0.2869,GO_GOAL
13.18,-0.998,-0.7753,0.6293,-1.3001,-0.3961,-0.9841,-0.7855,0.2846,GO_GOAL
13.2,-0.9951,-0.7732,0.6293,-1.2977,-0.3934,-0.9841,-0.7855,0.2824,GO_GOAL
13.22,-0.9922,-0.7711,0.6293,-1.2929,-0.388,-0.9695,-0.7749,0.2802,GO_GOAL
13.24,-0.9893,-0.7689,0.6293,-1.2929,-0.388,-0.9695,-0.7749,0.278,GO_GOAL
13.26,-0.9864,-0.7668,0.6293,-1.2906,-0.3853,-0.9695,-0.7749,0.2758,GO_GOAL
13.28,-0.9835,-0.7647,0.6293,-1.2882,-0.3826,-0.9695,-0.7749,0.2736,GO_GOAL
13.3,-0.9805,-0.7626,0.6293,-1.2858,-0.3799,-0.9695,-0.7749,0.2715,GO_GOAL
13.32,-0.9776,-0.7605,0.6293,-1.2834,-0.3773,-0.955,-0.7643,0.2693,GO_GOAL
13.34,-0.9747,-0.7584,0.6293,-1.2786,-0.3719,-0.955,-0.7643,0.2672,GO_GOAL
13.36,-0.9718,-0.7562,0.6293,-1.2786,-0.3719,-0.955,-0.7643,0.2651,GO_GOAL
13.38,-0.9689,-0.7541,0.6293,-1.2762,-0.3692,-0.955,-0.7643,0.263,GO_GOAL
13.4,-0.966,-0.752,0.6293,-1.2738,-0.3665,-0.955,-0.7643,0.2609,GO_GOAL
13.42,-0.9631,-0.7499,0.6293,-1.2714,-0.3638,-0.9404,-0.7537,0.2588,GO_GOAL
13.44,-0.9602,-0.7478,0.6293,-1.269,-0.3611,-0.9404,-0.7537,0.2568,GO_GOAL
13.46,-0.9573,-0.7456,0.6293,-1.2666,-0.3584,-0.9404,-0.7537,0.2547,GO_GOAL
13.48,-0.9544,-0.7435,0.6293,-1.2642,-0.3557,-0.9404,-0.7537,0.2527,GO_GOAL
13.5,-0.9514,-0.7414,0.6293,-1.2618,-0.353,-0.9404,-0.7537,0.2507,GO_GOAL
13.52,-0.9485,-0.7393,0.6293,-1.2594,-0.3504,-0.9259,-0.7431,0.2487,GO_GOAL
13.54,-0.9456,-0.7372,0.6293,-1.2571,-0.3477,-0.9259,-0.7431,0.2467,GO_GOAL
13.56,-0.9427,-0.735,0.6293,-1.2547,-0.345,-0.9259,-0.7431,0.2448,GO_GOAL
13.58,-0.9398,-0.7329,0.6293,-1.2523,-0.3423,-0.9259,-0.7431,0.2428,GO_GOAL
13.6,-0.9369,-0.7308,0.6293,-1.2499,-0.3396,-0.9259,-0.7431,0.2409,GO_GOAL
13.62,-0.934,-0.7287,0.6293,-1.2475,-0.3369,-0.9113,-0.7325,0.239,GO_GOAL
13.64,-0.9311,-0.7266,0.6293,-1.2427,-0.3315,-0.9113,-0.7325,0.2371,GO_GOAL
13.66,-0.9282,-0.7244,0.6293,-1.2427,-0.3315,-0.9113,-0.7325,0.2352,GO_GOAL
13.68,-0.9252,-0.7223,0.6293,-1.2403,-0.3288,-0.9113,-0.7325,0.2334,GO_GOAL
13.7,-0.9223,-0.7202,0.6293,-1.2379,-0.3261,-0.9113,-0.7325,0.2315,GO_GOAL
13.72,-0.9194,-0.7181,0.6293,-1.2355,-0.3235,-0.8968,-0.7219,0.2297,GO_GOAL
13.74,-0.9165,-0.716,0.6293,-1.2307,-0.3181,-0.8968,-0.7219,0.2279,GO_GOAL
13.76,-0.9136,-0.7139,0.6293,-1.2307,-0.3181,-0.8968,-0.7219,0.2261,GO_GOAL
13.78,-0.9107,-0.7117,0.6293,-1.226,-0.3127,-0.8968,-0.7219,0.2243,GO_GOAL
13.8,-0.9078,-0.7096,0.6293,-1.226,-0.3127,-0.8968,-0.7219,0.2226,GO_GOAL
13.82,-0.9049,-0.7075,0.6293,-1.2236,-0.31,-0.8793,-0.7092,0.2209,GO_GOAL
13.84,-0.902,-0.7054,0.6293,-1.2212,-0.3073,-0.8793,-0.7092,0.2192,GO_GOAL
13.86,-0.8991,-0.7033,0.6293,-1.2188,-0.3046,-0.8793,-0.7092,0.2175,GO_GOAL
13.88,-0.8961,-0.7011,0.6293,-1.2164,-0.3019,-0.8793,-0.7092,0.2158,GO_GOAL
13.9,-0.8932,-0.699,0.6293,-1.214,-0.2992,-0.8793,-0.7092,0.2141,GO_GOAL
13.92,-0.8903,-0.6969,0.6293,-1.2116,-0.2966,-0.8677,-0.7007,0.2125,GO_GOAL
13.94,-0.8874,-0.6948,0.6293,-1.2092,-0.2939,-0.8677,-0.7007,0.2109,GO_GOAL
13.96,-0.8845,-0.6927,0.6293,-1.2068,-0.2912,-0.8677,-0.7007,0.2093,GO_GOAL
13.98,-0.8816,-0.6905,0.6293,-1.2044,-0.2885,-0.8677,-0.7007,0.2077,GO_GOAL
14.0,-0.8787,-0.6884,0.6293,-1.202,-0.2858,-0.8677,-0.7007,0.2062,GO_GOAL
14.02,-0.8758,-0.6863,0.6293,-1.1996,-0.2831,-0.8531,-0.6901,0.2046,GO_GOAL
14.04,-0.8729,-0.6842,0.6293,-1.1972,-0.2804,-0.8531,-0.6901,0.2031,GO_GOAL
14.06,-0.87,-0.6821,0.6293,-1.1949,-0.2777,-0.8531,-0.6901,0.2016,GO_GOAL
14.08,-0.867,-0.6799,0.6293,-1.1901,-0.2723,-0.8531,-0.6901,0.2001,GO_GOAL
14.1,-0.8641,-0.6778,0.6293,-1.1901,-0.2723,-0.8531,-0.6901,0.1987,GO_GOAL
14.12,-0.8612,-0.6757,0.6293,-1.1877,-0.2697,-0.8386,-0.6795,0.1973,GO_GOAL
14.14,-0.8583,-0.6736,0.6293,-1.1853,-0.267,-0.8386,-0.6795,0.1959,GO_GOAL
14.16,-0.8554,-0.6715,0.6293,-1.1829,-0.2643,-0.8386,-0.6795,0.1945,GO_GOAL
14.18,-0.8525,-0.6694,0.6293,-1.1805,-0.2616,-0.8386,-0.6795,0.1931,GO_GOAL
14.2,-0.8496,-0.6672,0.6293,-1.1781,-0.2589,-0.8386,-0.6795,0.1918,GO_GOAL
14.22,-0.8467,-0.6651,0.6293,-1.1757,-0.2562,-0.824,-0.6689,0.1905,GO_GOAL
14.24,-0.8438,-0.663,0.6293,-1.1733,-0.2535,-0.824,-0.6689,0.1892,GO_GOAL
14.26,-0.8408,-0.6609,0.6293,-1.1709,-0.2508,-0.824,-0.6689,0.1879,GO_GOAL
14.28,-0.8379,-0.6588,0.6293,-1.1685,-0.2481,-0.824,-0.6689,0.1866,GO_GOAL
14.3,-0.835,-0.6566,0.6293,-1.1661,-0.2454,-0.824,-0.6689,0.1854,GO_GOAL
14.32,-0.8321,-0.6545,0.6293,-1.1638,-0.2428,-0.8095,-0.6583,0.1842,GO_GOAL
14.34,-0.8292,-0.6524,0.6293,-1.1614,-0.2401,-0.8095,-0.6583,0.183,GO_GOAL
14.36,-0.8263,-0.6503,0.6293,-1.159,-0.2374,-0.8095,-0.6583,0.1819,GO_GOAL
14.38,-0.8234,-0.6482,0.6293,-1.1566,-0.2347,-0.8095,-0.6583,0.1807,GO_GOAL
14.4,-0.8205,-0.646,0.6293,-1.1542,-0.232,-0.8095,-0.6583,0.1796,GO_GOAL
14.42,-0.8176,-0.6439,0.6293,-1.1494,-0.2266,-0.7949,-0.6477,0.1785,GO_GOAL
14.44,-0.8147,-0.6418,0.6293,-1.1494,-0.2266,-0.7949,-0.6477,0.1775,GO_GOAL
14.46,-0.8117,-0.6397,0.6293,-1.147,-0.2239,-0.7949,-0.6477,0.1764,GO_GOAL
14.48,-0.8088,-0.6376,0.6293,-1.1446,-0.2212,-0.7949,-0.6477,0.1754,GO_GOAL
14.5,-0.8059,-0.6354,0.6293,-1.1422,-0.2185,-0.7949,-0.6477,0.1744,GO_GOAL
14.52,-0.803,-0.6333,0.6293,-1.1374,-0.2132,-0.7804,-0.6371,0.1735,GO_GOAL
14.54,-0.8001,-0.6312,0.6293,-1.1374,-0.2132,-0.7804,-0.6371,0.1725,GO_GOAL
14.56,-0.7972,-0.6291,0.6293,-1.135,-0.2105,-0.7804,-0.6371,0.1716,GO_GOAL
14.58,-0.7943,-0.627,0.6293,-1.1327,-0.2078,-0.7804,-0.6371,0.1707,GO_GOAL
14.6,-0.7914,-0.6249,0.6293,-1.1279,-0.2024,-0.7804,-0.6371,0.1699,GO_GOAL
14.62,-0.7885,-0.6227,0.6293,-1.1279,-0.2024,-0.7658,-0.6265,0.169,GO_GOAL
14.64,-0.7856,-0.6206,0.6293,-1.1255,-0.1997,-0.7658,-0.6265,0.1682,GO_GOAL
14.66,-0.7826,-0.6185,0.6293,-1.1231,-0.197,-0.7658,-0.6265,0.1674,GO_GOAL
14.68,-0.7797,-0.6164,0.6293,-1.1183,-0.1916,-0.7658,-0.6265,0.1667,GO_GOAL
14.7,-0.7768,-0.6143,0.6293,-1.1183,-0.1916,-0.7658,-0.6265,0.1659,GO_GOAL
14.72,-0.7739,-0.6121,0.6293,-1.1159,-0.189,-0.7512,-0.616,0.1652,GO_GOAL
14.74,-0.771,-0.61,0.6293,-1.1135,-0.1863,-0.7512,-0.616,0.1645,GO_GOAL
14.76,-0.7681,-0.6079,0.6293,-1.1111,-0.1836,-0.7512,-0.616,0.1639,GO_GOAL
14.78,-0.7652,-0.6058,0.6293,-1.1087,-0.1809,-0.7512,-0.616,0.1632,GO_GOAL
14.8,-0.7623,-0.6037,0.6293,-1.1063,-0.1782,-0.7512,-0.616,0.1626,GO_GOAL
14.82,-0.7594,-0.6015,0.6293,-1.1039,-0.1755,-0.7367,-0.6054,0.1621,GO_GOAL
14.84,-0.7565,-0.5994,0.6293,-1.1015,-0.1728,-0.7367,-0.6054,0.1615,GO_GOAL
14.86,-0.7535,-0.5973,0.6293,-1.0992,-0.1701,-0.7367,-0.6054,0.161,GO_GOAL
14.88,-0.7506,-0.5952,0.6293,-1.0968,-0.1674,-0.7367,-0.6054,0.1605,GO_GOAL
14.9,-0.7477,-0.5931,0.6293,-1.0944,-0.1647,-0.7367,-0.6054,0.16,GO_GOAL
14.92,-0.7448,-0.5909,0.6293,-1.092,-0.1621,-0.7221,-0.5948,0.1596,GO_GOAL
14.94,-0.7419,-0.5888,0.6293,-1.0896,-0.1594,-0.7221,-0.5948,0.1592,GO_GOAL
14.96,-0.739,-0.5867,0.6293,-1.0872,-0.1567,-0.7221,-0.5948,0.1588,GO_GOAL
14.98,-0.7361,-0.5846,0.6293,-1.0848,-0.154,-0.7221,-0.5948,0.1584,GO_GOAL
15.0,-0.7332,-0.5825,0.6293,-1.0824,-0.1513,-0.7221,-0.5948,0.1581,GO_GOAL
15.02,-0.7303,-0.5804,0.6293,-1.08,-0.1486,-0.7076,-0.5842,0.1578,GO_GOAL
15.04,-0.7273,-0.5782,0.6293,-1.0752,-0.1432,-0.7076,-0.5842,0.1575,GO_GOAL
15.06,-0.7244,-0.5761,0.6293,-1.0728,-0.1405,-0.7076,-0.5842,0.1573,GO_GOAL
15.08,-0.7215,-0.574,0.6293,-1.0728,-0.1405,-0.7076,-0.5842,0.157,GO_GOAL
15.1,-0.7186,-0.5719,0.6293,-1.0704,-0.1378,-0.7076,-0.5842,0.1568,GO_GOAL
15.12,-0.7157,-0.5698,0.6293,-1.0681,-0.1352,-0.693,-0.5736,0.1567,GO_GOAL
15.14,-0.7128,-0.5676,0.6293,-1.0657,-0.1325,-0.693,-0.5736,0.1565,GO_GOAL
15.16,-0.7099,-0.5655,0.6293,-1.0609,-0.1271,-0.693,-0.5736,0.1564,GO_GOAL
15.18,-0.707,-0.5634,0.6293,-1.0585,-0.1244,-0.693,-0.5736,0.1563,GO_GOAL
15.2,-0.7041,-0.5613,0.6293,-1.0585,-0.1244,-0.693,-0.5736,0.1563,GO_GOAL
15.22,-0.7012,-0.5592,0.6293,-1.0561,-0.1217,-0.6785,-0.563,0.1563,GO_GOAL
15.24,-0.6982,-0.557,0.6293,-1.0537,-0.119,-0.6785,-0.563,0.1563,GO_GOAL
15.26,-0.6953,-0.5549,0.6293,-1.0489,-0.1136,-0.6785,-0.563,0.1563,GO_GOAL
15.28,-0.6924,-0.5528,0.6293,-1.0489,-0.1136,-0.6785,-0.563,0.1563,GO_GOAL
15.3,-0.6895,-0.5507,0.6293,-1.0465,-0.1109,-0.6785,-0.563,0.1564,GO_GOAL
15.32,-0.6866,-0.5486,0.6293,-1.0441,-0.1083,-0.6639,-0.5524,0.1565,GO_GOAL
15.34,-0.6837,-0.5464,0.6293,-1.0393,-0.1029,-0.6639,-0.5524,0.1567,GO_GOAL
15.36,-0.6808,-0.5443,0.6293,-1.0393,-0.1029,-0.6639,-0.5524,0.1568,GO_GOAL
15.38,-0.6779,-0.5422,0.6293,-1.037,-0.1002,-0.6639,-0.5524,0.157,GO_GOAL
15.4,-0.675,-0.5401,0.6293,-1.0346,-0.0975,-0.6639,-0.5524,0.1573,GO_GOAL
15.42,-0.6721,-0.538,0.6293,-1.0322,-0.0948,-0.6494,-0.5418,0.1575,GO_GOAL
15.44,-0.6691,-0.5359,0.6293,-1.0298,-0.0921,-0.6494,-0.5418,0.1578,GO_GOAL
15.46,-0.6662,-0.5337,0.6293,-1.0274,-0.0894,-0.6494,-0.5418,0.1581,GO_GOAL
15.48,-0.6633,-0.5316,0.6293,-1.025,-0.0867,-0.6494,-0.5418,0.1584,GO_GOAL
15.5,-0.6604,-0.5295,0.6293,-1.0226,-0.084,-0.6494,-0.5418,0.1588,GO_GOAL
15.52,-0.6575,-0.5274,0.6293,-1.0202,-0.0814,-0.6348,-0.5312,0.1592,GO_GOAL
15.54,-0.6546,-0.5253,0.6293,-1.0178,-0.0787,-0.6348,-0.5312,0.1596,GO_GOAL
15.56,-0.6517,-0.5231,0.6293,-1.0154,-0.076,-0.6348,-0.5312,0.16,GO_GOAL
15.58,-0.6488,-0.521,0.6293,-1.013,-0.0733,-0.6348,-0.5312,0.1605,GO_GOAL
15.6,-0.6459,-0.5189,0.6293,-1.0106,-0.0706,-0.6348,-0.5312,0.161,GO_GOAL
15.62,-0.643,-0.5168,0.6293,-1.0082,-0.0679,-0.6174,-0.5185,0.1615,GO_GOAL
15.64,-0.64,-0.5147,0.6293,-1.0059,-0.0652,-0.6174,-0.5185,0.1621,GO_GOAL
15.66,-0.6371,-0.5125,0.6293,-1.0035,-0.0625,-0.6174,-0.5185,0.1626,GO_GOAL
15.68,-0.6342,-0.5104,0.6293,-1.0011,-0.0598,-0.6174,-0.5185,0.1632,GO_GOAL
15.7,-0.6313,-0.5083,0.6293,-0.9987,-0.0571,-0.6174,-0.5185,0.1639,GO_GOAL
15.72,-0.6284,-0.5062,0.6293,-0.9963,-0.0545,-0.6057,-0.51,0.1645,GO_GOAL
15.74,-0.6255,-0.5041,0.6293,-0.9939,-0.0518,-0.6057,-0.51,0.1652,GO_GOAL
15.76,-0.6226,-0.5019,0.6293,-0.9915,-0.0491,-0.6057,-0.51,0.1659,GO_GOAL
15.78,-0.6197,-0.4998,0.6293,-0.9891,-0.0464,-0.6057,-0.51,0.1666,GO_GOAL
15.8,-0.6168,-0.4977,0.6293,-0.9867,-0.0437,-0.6057,-0.51,0.1674,GO_GOAL
15.82,-0.6138,-0.4956,0.6293,-0.9843,-0.041,-0.5912,-0.4994,0.1682,GO_GOAL
15.84,-0.6109,-0.4935,0.6293,-0.9819,-0.0383,-0.5912,-0.4994,0.169,GO_GOAL
15.86,-0.608,-0.4914,0.6293,-0.9795,-0.0356,-0.5912,-0.4994,0.1698,GO_GOAL
15.88,-0.6051,-0.4892,0.6293,-0.9771,-0.0329,-0.5912,-0.4994,0.1707,GO_GOAL
15.9,-0.6022,-0.4871,0.6293,-0.9724,-0.0276,-0.5766,-0.4888,0.1716,GO_GOAL
15.92,-0.5993,-0.485,0.6293,-0.9724,-0.0276,-0.5766,-0.4888,0.1725,GO_GOAL
15.94,-0.5964,-0.4829,0.6293,-0.97,-0.0249,-0.5766,-0.4888,0.1734,GO_GOAL
15.96,-0.5935,-0.4808,0.6293,-0.9676,-0.0222,-0.5766,-0.4888,0.1744,GO_GOAL
15.98,-0.5906,-0.4786,0.6293,-0.9652,-0.0195,-0.5766,-0.4888,0.1754,GO_GOAL
16.0,-0.5877,-0.4765,0.6293,-0.9628,-0.0168,-0.5766,-0.4888,0.1764,GO_GOAL
16.02,-0.5847,-0.4744,0.6293,-0.9604,-0.0141,-0.5621,-0.4782,0.1775,GO_GOAL
16.04,-0.5818,-0.4723,0.6293,-0.958,-0.0114,-0.5621,-0.4782,0.1785,GO_GOAL
16.06,-0.5789,-0.4702,0.6293,-0.9556,-0.0087,-0.5621,-0.4782,0.1796,GO_GOAL
16.08,-0.576,-0.468,0.6293,-0.9532,-0.006,-0.5621,-0.4782,0.1807,GO_GOAL
16.1,-0.5731,-0.4659,0.6293,-0.9508,-0.0033,-0.5621,-0.4782,0.1818,GO_GOAL
16.12,-0.5702,-0.4638,0.6293,-0.9484,-0.0007,-0.5475,-0.4676,0.183,GO_GOAL
16.14,-0.5673,-0.4617,0.6293,-0.946,0.002,-0.5475,-0.4676,0.1842,GO_GOAL
16.16,-0.5644,-0.4596,0.6293,-0.9436,0.0047,-0.5475,-0.4676,0.1854,GO_GOAL
16.18,-0.5615,-0.4574,0.6293,-0.9413,0.0074,-0.5475,-0.4676,0.1866,GO_GOAL
16.2,-0.5586,-0.4553,0.6293,-0.9389,0.0101,-0.5475,-0.4676,0.1879,GO_GOAL
16.22,-0.5556,-0.4532,0.6293,-0.9341,0.0155,-0.533,-0.457,0.1891,GO_GOAL
16.24,-0.5527,-0.4511,0.6293,-0.9341,0.0155,-0.533,-0.457,0.1904,GO_GOAL
16.26,-0.5498,-0.449,0.6293,-0.9317,0.0182,-0.533,-0.457,0.1918,GO_GOAL
16.28,-0.5469,-0.4469,0.6293,-0.9293,0.0209,-0.533,-0.457,0.1931,GO_GOAL
16.3,-0.544,-0.4447,0.6293,-0.9269,0.0236,-0.533,-0.457,0.1945,GO_GOAL
16.32,-0.5411,-0.4426,0.6293,-0.9245,0.0262,-0.5184,-0.4464,0.1958,GO_GOAL
16.34,-0.5382,-0.4405,0.6293,-0.9221,0.0289,-0.5184,-0.4464,0.1973,GO_GOAL
16.36,-0.5353,-0.4384,0.6293,-0.9197,0.0316,-0.5184,-0.4464,0.1987,GO_GOAL
16.38,-0.5324,-0.4363,0.6293,-0.9173,0.0343,-0.5184,-0.4464,0.2001,GO_GOAL
16.4,-0.5294,-0.4341,0.6293,-0.9125,0.0397,-0.5184,-0.4464,0.2016,GO_GOAL
16.42,-0.5265,-0.432,0.6293,-0.9125,0.0397,-0.5039,-0.4359,0.2031,GO_GOAL
16.44,-0.5236,-0.4299,0.6293,-0.9102,0.0424,-0.5039,-0.4359,0.2046,GO_GOAL
16.46,-0.5207,-0.4278,0.6293,-0.9078,0.0451,-0.5039,-0.4359,0.2061,GO_GOAL
16.48,-0.5178,-0.4257,0.6293,-0.9054,0.0478,-0.5039,-0.4359,0.2077,GO_GOAL
16.5,-0.5149,-0.4235,0.6293,-0.903,0.0505,-0.5039,-0.4359,0.2093,GO_GOAL
16.52,-0.512,-0.4214,0.6293,-0.9006,0.0531,-0.4893,-0.4253,0.2109,GO_GOAL
16.54,-0.5091,-0.4193,0.6293,-0.8982,0.0558,-0.4893,-0.4253,0.2125,GO_GOAL
16.56,-0.5062,-0.4172,0.6293,-0.8958,0.0585,-0.4893,-0.4253,0.2141,GO_GOAL
16.58,-0.5033,-0.4151,0.6293,-0.8934,0.0612,-0.4893,-0.4253,0.2158,GO_GOAL
16.6,-0.5003,-0.4129,0.6293,-0.891,0.0639,-0.4893,-0.4253,0.2174,GO_GOAL
16.62,-0.4974,-0.4108,0.6293,-0.8862,0.0693,-0.4748,-0.4147,0.2191,GO_GOAL
16.64,-0.4945,-0.4087,0.6293,-0.8862,0.0693,-0.4748,-0.4147,0.2208,GO_GOAL
16.66,-0.4916,-0.4066,0.6293,-0.8838,0.072,-0.4748,-0.4147,0.2226,GO_GOAL
16.68,-0.4887,-0.4045,0.6293,-0.8814,0.0747,-0.4748,-0.4147,0.2243,GO_GOAL
16.7,-0.4858,-0.4024,0.6293,-0.8791,0.0774,-0.4748,-0.4147,0.2261,GO_GOAL
16.72,-0.4829,-0.4002,0.6293,-0.8767,0.08,-0.4602,-0.4041,0.2279,GO_GOAL
16.74,-0.48,-0.3981,0.6293,-0.8743,0.0827,-0.4602,-0.4041,0.2297,GO_GOAL
16.76,-0.4771,-0.396,0.6293,-0.8719,0.0854,-0.4602,-0.4041,0.2315,GO_GOAL
16.78,-0.4742,-0.3939,0.6293,-0.8695,0.0881,-0.4602,-0.4041,0.2333,GO_GOAL
16.8,-0.4712,-0.3918,0.6293,-0.8671,0.0908,-0.4602,-0.4041,0.2352,GO_GOAL
16.82,-0.4683,-0.3896,0.6293,-0.8647,0.0935,-0.4427,-0.3914,0.2371,GO_GOAL
16.84,-0.4654,-0.3875,0.6293,-0.8623,0.0962,-0.4427,-0.3914,0.239,GO_GOAL
16.86,-0.4625,-0.3854,0.6293,-0.8599,0.0989,-0.4427,-0.3914,0.2409,GO_GOAL
16.88,-0.4596,-0.3833,0.6293,-0.8575,0.1016,-0.4427,-0.3914,0.2428,GO_GOAL
16.9,-0.4567,-0.3812,0.6293,-0.8551,0.1043,-0.4427,-0.3914,0.2447,GO_GOAL
16.92,-0.4538,-0.379,0.6293,-0.8503,0.1096,-0.4282,-0.3808,0.2467,GO_GOAL
16.94,-0.4509,-0.3769,0.6293,-0.8503,0.1096,-0.4282,-0.3808,0.2487,GO_GOAL
16.96,-0.448,-0.3748,0.6293,-0.848,0.1123,-0.4282,-0.3808,0.2507,GO_GOAL
16.98,-0.4451,-0.3727,0.6293,-0.8456,0.115,-0.4282,-0.3808,0.2527,GO_GOAL
17.0,-0.4421,-0.3706,0.6293,-0.8432,0.1177,-0.4282,-0.3808,0.2547,GO_GOAL
17.02,-0.4392,-0.3685,0.6293,-0.8408,0.1204,-0.4166,-0.3723,0.2567,GO_GOAL
17.04,-0.4363,-0.3663,0.6293,-0.8384,0.1231,-0.4166,-0.3723,0.2588,GO_GOAL
17.06,-0.4334,-0.3642,0.6293,-0.836,0.1258,-0.4166,-0.3723,0.2609,GO_GOAL
17.08,-0.4305,-0.3621,0.6293,-0.8336,0.1285,-0.4166,-0.3723,0.2629,GO_GOAL
17.1,-0.4276,-0.36,0.6293,-0.8312,0.1312,-0.4166,-0.3723,0.265,GO_GOAL
17.12,-0.4247,-0.3579,0.6293,-0.8288,0.1338,-0.402,-0.3617,0.2672,GO_GOAL
17.14,-0.4218,-0.3557,0.6293,-0.8264,0.1365,-0.402,-0.3617,0.2693,GO_GOAL
17.16,-0.4189,-0.3536,0.6293,-0.824,0.1392,-0.402,-0.3617,0.2714,GO_GOAL
17.18,-0.4159,-0.3515,0.6293,-0.8216,0.1419,-0.402,-0.3617,0.2736,GO_GOAL
17.2,-0.413,-0.3494,0.6293,-0.8192,0.1446,-0.402,-0.3617,0.2758,GO_GOAL
17.22,-0.4101,-0.3473,0.6293,-0.8169,0.1473,-0.3874,-0.3511,0.278,GO_GOAL
17.24,-0.4072,-0.3451,0.6293,-0.8121,0.1527,-0.3874,-0.3511,0.2802,GO_GOAL
17.26,-0.4043,-0.343,0.6293,-0.8121,0.1527,-0.3874,-0.3511,0.2824,GO_GOAL
17.28,-0.4014,-0.3409,0.6293,-0.8097,0.1554,-0.3874,-0.3511,0.2846,GO_GOAL
17.3,-0.3985,-0.3388,0.6293,-0.8073,0.1581,-0.3874,-0.3511,0.2868,GO_GOAL
17.32,-0.3956,-0.3367,0.6293,-0.8049,0.1607,-0.3729,-0.3405,0.2891,GO_GOAL
17.34,-0.3927,-0.3345,0.6293,-0.8025,0.1634,-0.3729,-0.3405,0.2914,GO_GOAL
17.36,-0.3898,-0.3324,0.6293,-0.8001,0.1661,-0.3729,-0.3405,0.2936,GO_GOAL
17.38,-0.3868,-0.3303,0.6293,-0.7977,0.1688,-0.3729,-0.3405,0.2959,GO_GOAL
17.4,-0.3839,-0.3282,0.6293,-0.7953,0.1715,-0.3729,-0.3405,0.2982,GO_GOAL
17.42,-0.381,-0.3261,0.6293,-0.7929,0.1742,-0.3583,-0.3299,0.3005,GO_GOAL
17.44,-0.3781,-0.324,0.6293,-0.7905,0.1769,-0.3583,-0.3299,0.3029,GO_GOAL
17.46,-0.3752,-0.3218,0.6293,-0.7881,0.1796,-0.3583,-0.3299,0.3052,GO_GOAL
17.48,-0.3723,-0.3197,0.6293,-0.7834,0.185,-0.3583,-0.3299,0.3076,GO_GOAL
17.5,-0.3694,-0.3176,0.6293,-0.781,0.1877,-0.3583,-0.3299,0.3099,GO_GOAL
17.52,-0.3665,-0.3155,0.6293,-0.781,0.1877,-0.3438,-0.3193,0.3123,GO_GOAL
17.54,-0.3636,-0.3134,0.6293,-0.7786,0.1903,-0.3438,-0.3193,0.3147,GO_GOAL
17.56,-0.3607,-0.3112,0.6293,-0.7762,0.193,-0.3438,-0.3193,0.3171,GO_GOAL
17.58,-0.3577,-0.3091,0.6293,-0.7738,0.1957,-0.3438,-0.3193,0.3195,GO_GOAL
17.6,-0.3548,-0.307,0.6293,-0.7714,0.1984,-0.3438,-0.3193,0.322,GO_GOAL
17.62,-0.3519,-0.3049,0.6293,-0.769,0.2011,-0.3292,-0.3087,0.3244,GO_GOAL
17.64,-0.349,-0.3028,0.6293,-0.7666,0.2038,-0.3292,-0.3087,0.3268,GO_GOAL
17.66,-0.3461,-0.3006,0.6293,-0.7618,0.2092,-0.3292,-0.3087,0.3293,GO_GOAL
17.68,-0.3432,-0.2985,0.6293,-0.7618,0.2092,-0.3292,-0.3087,0.3318,GO_GOAL
17.7,-0.3403,-0.2964,0.6293,-0.7594,0.2119,-0.3292,-0.3087,0.3342,GO_GOAL
17.72,-0.3374,-0.2943,0.6293,-0.757,0.2146,-0.3147,-0.2981,0.3367,GO_GOAL
17.74,-0.3345,-0.2922,0.6293,-0.7546,0.2172,-0.3147,-0.2981,0.3392,GO_GOAL
17.76,-0.3316,-0.29,0.6293,-0.7523,0.2199,-0.3147,-0.2981,0.3417,GO_GOAL
17.78,-0.3286,-0.2879,0.6293,-0.7499,0.2226,-0.3147,-0.2981,0.3443,GO_GOAL
17.8,-0.3257,-0.2858,0.6293,-0.7451,0.228,-0.3147,-0.2981,0.3468,GO_GOAL
17.82,-0.3228,-0.2837,0.6293,-0.7451,0.228,-0.3001,-0.2875,0.3493,GO_GOAL
17.84,-0.3199,-0.2816,0.6293,-0.7427,0.2307,-0.3001,-0.2875,0.3519,GO_GOAL
17.86,-0.317,-0.2795,0.6293,-0.7379,0.2361,-0.3001,-0.2875,0.3544,GO_GOAL
17.88,-0.3141,-0.2773,0.6293,-0.7379,0.2361,-0.3001,-0.2875,0.357,GO_GOAL
17.9,-0.3112,-0.2752,0.6293,-0.7355,0.2388,-0.3001,-0.2875,0.3596,GO_GOAL
17.92,-0.3083,-0.2731,0.6293,-0.7307,0.2441,-0.2856,-0.2769,0.3622,GO_GOAL
17.94,-0.3054,-0.271,0.6293,-0.7307,0.2441,-0.2856,-0.2769,0.3648,GO_GOAL
17.96,-0.3024,-0.2689,0.6293,-0.7283,0.2468,-0.2856,-0.2769,0.3674,GO_GOAL
17.98,-0.2995,-0.2667,0.6293,-0.7259,0.2495,-0.2856,-0.2769,0.37,GO_GOAL
18.0,-0.2966,-0.2646,0.6293,-0.7235,0.2522,-0.2856,-0.2769,0.3726,GO_GOAL
18.02,-0.2937,-0.2625,0.6293,-0.7212,0.2549,-0.271,-0.2663,0.3753,GO_GOAL
18.04,-0.2908,-0.2604,0.6293,-0.7188,0.2576,-0.271,-0.2663,0.3779,GO_GOAL
18.06,-0.2879,-0.2583,0.6293,-0.7164,0.2603,-0.271,-0.2663,0.3806,GO_GOAL
18.08,-0.285,-0.2561,0.6293,-0.714,0.263,-0.271,-0.2663,0.3832,GO_GOAL
18.1,-0.2821,-0.254,0.6293,-0.7116,0.2657,-0.271,-0.2663,0.3859,GO_GOAL
18.12,-0.2792,-0.2519,0.6293,-0.7092,0.2684,-0.2565,-0.2557,0.3886,GO_GOAL
18.14,-0.2763,-0.2498,0.6293,-0.7068,0.271,-0.2565,-0.2557,0.3912,GO_GOAL
18.16,-0.2733,-0.2477,0.6293,-0.7044,0.2737,-0.2565,-0.2557,0.3939,GO_GOAL
18.18,-0.2704,-0.2455,0.6293,-0.702,0.2764,-0.2565,-0.2557,0.3966,GO_GOAL
18.2,-0.2675,-0.2434,0.6293,-0.6996,0.2791,-0.2565,-0.2557,0.3993,GO_GOAL
18.22,-0.2646,-0.2413,0.6293,-0.6948,0.2845,-0.2419,-0.2452,0.4021,GO_GOAL
18.24,-0.2617,-0.2392,0.6293,-0.6948,0.2845,-0.2419,-0.2452,0.4048,GO_GOAL
18.26,-0.2588,-0.2371,0.6293,-0.6924,0.2872,-0.2419,-0.2452,0.4075,GO_GOAL
18.28,-0.2559,-0.235,0.6293,-0.6901,0.2899,-0.2419,-0.2452,0.4103,GO_GOAL
18.3,-0.253,-0.2328,0.6293,-0.6877,0.2926,-0.2419,-0.2452,0.413,GO_GOAL
18.32,-0.2501,-0.2307,0.6293,-0.6853,0.2953,-0.2274,-0.2346,0.4158,GO_GOAL
18.34,-0.2472,-0.2286,0.6293,-0.6829,0.2979,-0.2274,-0.2346,0.4185,GO_GOAL
18.36,-0.2442,-0.2265,0.6293,-0.6781,0.3033,-0.2274,-0.2346,0.4213,GO_GOAL
18.38,-0.2413,-0.2244,0.6293,-0.6781,0.3033,-0.2274,-0.2346,0.4241,GO_GOAL
18.4,-0.2384,-0.2222,0.6293,-0.6757,0.306,-0.2274,-0.2346,0.4269,GO_GOAL
18.42,-0.2355,-0.2201,0.6293,-0.6709,0.3114,-0.2099,-0.2218,0.4296,GO_GOAL
18.44,-0.2326,-0.218,0.6293,-0.6709,0.3114,-0.2099,-0.2218,0.4324,GO_GOAL
18.46,-0.2297,-0.2159,0.6293,-0.6685,0.3141,-0.2099,-0.2218,0.4352,GO_GOAL
18.48,-0.2268,-0.2138,0.6293,-0.6637,0.3195,-0.2099,-0.2218,0.4381,GO_GOAL
18.5,-0.2239,-0.2116,0.6293,-0.6613,0.3222,-0.2099,-0.2218,0.4409,GO_GOAL
18.52,-0.221,-0.2095,0.6293,-0.6613,0.3222,-0.1954,-0.2113,0.4437,GO_GOAL
18.54,-0.2181,-0.2074,0.6293,-0.659,0.3248,-0.1954,-0.2113,0.4465,GO_GOAL
18.56,-0.2151,-0.2053,0.6293,-0.6566,0.3275,-0.1954,-0.2113,0.4494,GO_GOAL
18.58,-0.2122,-0.2032,0.6293,-0.6542,0.3302,-0.1954,-0.2113,0.4522,GO_GOAL
18.6,-0.2093,-0.201,0.6293,-0.6518,0.3329,-0.1954,-0.2113,0.4551,GO_GOAL
18.62,-0.2064,-0.1989,0.6293,-0.6494,0.3356,-0.1837,-0.2028,0.4579,GO_GOAL
18.64,-0.2035,-0.1968,0.6293,-0.647,0.3383,-0.1837,-0.2028,0.4608,GO_GOAL
18.66,-0.2006,-0.1947,0.6293,-0.6446,0.341,-0.1837,-0.2028,0.4637,GO_GOAL
18.68,-0.1977,-0.1926,0.6293,-0.6422,0.3437,-0.1837,-0.2028,0.4665,GO_GOAL
18.7,-0.1948,-0.1905,0.6293,-0.6398,0.3464,-0.1837,-0.2028,0.4694,GO_GOAL
18.72,-0.1919,-0.1883,0.6293,-0.6374,0.3491,-0.1692,-0.1922,0.4723,GO_GOAL
18.74,-0.1889,-0.1862,0.6293,-0.635,0.3517,-0.1692,-0.1922,0.4752,GO_GOAL
18.76,-0.186,-0.1841,0.6293,-0.6326,0.3544,-0.1692,-0.1922,0.4781,GO_GOAL
18.78,-0.1831,-0.182,0.6293,-0.6302,0.3571,-0.1692,-0.1922,0.481,GO_GOAL
18.8,-0.1802,-0.1799,0.6293,-0.6278,0.3598,-0.1692,-0.1922,0.4839,GO_GOAL
18.82,-0.1773,-0.1777,0.6293,-0.6231,0.3652,-0.1546,-0.1816,0.4868,GO_GOAL
18.84,-0.1744,-0.1756,0.6293,-0.6231,0.3652,-0.1546,-0.1816,0.4898,GO_GOAL
18.86,-0.1715,-0.1735,0.6293,-0.6183,0.3706,-0.1546,-0.1816,0.4927,GO_GOAL
18.88,-0.1686,-0.1714,0.6293,-0.6183,0.3706,-0.1546,-0.1816,0.4956,GO_GOAL
18.9,-0.1657,-0.1693,0.6293,-0.6159,0.3733,-0.1546,-0.1816,0.4986,GO_GOAL
18.92,-0.1628,-0.1671,0.6293,-0.6135,0.376,-0.1401,-0.171,0.5015,GO_GOAL
18.94,-0.1598,-0.165,0.6293,-0.6111,0.3786,-0.1401,-0.171,0.5044,GO_GOAL
18.96,-0.1569,-0.1629,0.6293,-0.6087,0.3813,-0.1401,-0.171,0.5074,GO_GOAL
18.98,-0.154,-0.1608,0.6293,-0.6039,0.3867,-0.1401,-0.171,0.5104,GO_GOAL
19.0,-0.1511,-0.1587,0.6293,-0.6039,0.3867,-0.1401,-0.171,0.5133,GO_GOAL
19.02,-0.1482,-0.1565,0.6293,-0.6015,0.3894,-0.1255,-0.1604,0.5163,GO_GOAL
19.04,-0.1453,-0.1544,0.6293,-0.5991,0.3921,-0.1255,-0.1604,0.5193,GO_GOAL
19.06,-0.1424,-0.1523,0.6293,-0.5967,0.3948,-0.1255,-0.1604,0.5222,GO_GOAL
19.08,-0.1395,-0.1502,0.6293,-0.5944,0.3975,-0.1255,-0.1604,0.5252,GO_GOAL
19.1,-0.1366,-0.1481,0.6293,-0.592,0.4002,-0.1255,-0.1604,0.5282,GO_GOAL
19.12,-0.1337,-0.146,0.6293,-0.5872,0.4055,-0.111,-0.1498,0.5312,GO_GOAL
19.14,-0.1307,-0.1438,0.6293,-0.5872,0.4055,-0.111,-0.1498,0.5319,GO_GOAL
19.16,-0.1278,-0.1417,0.6293,-0.5848,0.4082,-0.111,-0.1498,0.5288,GO_GOAL
19.18,-0.1249,-0.1396,0.6293,-0.5824,0.4109,-0.111,-0.1498,0.5256,GO_GOAL
19.2,-0.122,-0.1375,0.6293,-0.58,0.4136,-0.111,-0.1498,0.5225,GO_GOAL
19.22,-0.1191,-0.1354,0.6293,-0.5752,0.419,-0.0964,-0.1392,0.5193,GO_GOAL
19.24,-0.1162,-0.1332,0.6293,-0.5752,0.419,-0.0964,-0.1392,0.5162,GO_GOAL
19.26,-0.1133,-0.1311,0.6293,-0.5728,0.4217,-0.0964,-0.1392,0.5131,GO_GOAL
19.28,-0.1104,-0.129,0.6293,-0.5704,0.4244,-0.0964,-0.1392,0.5099,GO_GOAL
19.3,-0.1075,-0.1269,0.6293,-0.568,0.4271,-0.0964,-0.1392,0.5068,GO_GOAL
19.32,-0.1045,-0.1248,0.6293,-0.5656,0.4298,-0.0819,-0.1286,0.5037,GO_GOAL
19.34,-0.1016,-0.1226,0.6293,-0.5633,0.4324,-0.0819,-0.1286,0.5006,GO_GOAL
19.36,-0.0987,-0.1205,0.6293,-0.5609,0.4351,-0.0819,-0.1286,0.4975,GO_GOAL
19.38,-0.0958,-0.1184,0.6293,-0.5585,0.4378,-0.0819,-0.1286,0.4944,GO_GOAL
19.4,-0.0929,-0.1163,0.6293,-0.5537,0.4432,-0.0673,-0.118,0.4913,GO_GOAL
19.42,-0.09,-0.1142,0.6293,-0.5537,0.4432,-0.0673,-0.118,0.4882,GO_GOAL
19.44,-0.0871,-0.112,0.6293,-0.5513,0.4459,-0.0673,-0.118,0.4851,GO_GOAL
19.46,-0.0842,-0.1099,0.6293,-0.5489,0.4486,-0.0673,-0.118,0.482,GO_GOAL
19.48,-0.0813,-0.1078,0.6293,-0.5465,0.4513,-0.0673,-0.118,0.4789,GO_GOAL
19.5,-0.0784,-0.1057,0.6293,-0.5441,0.454,-0.0673,-0.118,0.4758,GO_GOAL
19.52,-0.0754,-0.1036,0.6293,-0.5417,0.4567,-0.0527,-0.1074,0.4727,GO_GOAL
19.54,-0.0725,-0.1015,0.6293,-0.5393,0.4593,-0.0527,-0.1074,0.4697,GO_GOAL
19.56,-0.0696,-0.0993,0.6293,-0.5369,0.462,-0.0527,-0.1074,0.4666,GO_GOAL
19.58,-0.0667,-0.0972,0.6293,-0.5345,0.4647,-0.0527,-0.1074,0.4635,GO_GOAL
19.6,-0.0638,-0.0951,0.6293,-0.5322,0.4674,-0.0527,-0.1074,0.4605,GO_GOAL
19.62,-0.0609,-0.093,0.6293,-0.5274,0.4728,-0.0382,-0.0968,0.4574,GO_GOAL
19.64,-0.058,-0.0909,0.6293,-0.5274,0.4728,-0.0382,-0.0968,0.4544,GO_GOAL
19.66,-0.0551,-0.0887,0.6293,-0.525,0.4755,-0.0382,-0.0968,0.4513,GO_GOAL
19.68,-0.0522,-0.0866,0.6293,-0.5202,0.4809,-0.0382,-0.0968,0.4483,GO_GOAL
19.7,-0.0493,-0.0845,0.6293,-0.5202,0.4809,-0.0382,-0.0968,0.4452,GO_GOAL
19.72,-0.0463,-0.0824,0.6293,-0.5178,0.4836,-0.0236,-0.0862,0.4422,GO_GOAL
19.74,-0.0434,-0.0803,0.6293,-0.513,0.4889,-0.0236,-0.0862,0.4392,GO_GOAL
19.76,-0.0405,-0.0781,0.6293,-0.513,0.4889,-0.0236,-0.0862,0.4362,GO_GOAL
19.78,-0.0376,-0.076,0.6293,-0.5106,0.4916,-0.0236,-0.0862,0.4331,GO_GOAL
19.8,-0.0347,-0.0739,0.6293,-0.5082,0.4943,-0.0236,-0.0862,0.4301,GO_GOAL
19.82,-0.0318,-0.0718,0.6293,-0.5058,0.497,-0.0091,-0.0756,0.4271,GO_GOAL
19.84,-0.0289,-0.0697,0.6293,-0.5034,0.4997,-0.0091,-0.0756,0.4241,GO_GOAL
19.86,-0.026,-0.0675,0.6293,-0.5011,0.5024,-0.0091,-0.0756,0.4211,GO_GOAL
19.88,-0.0231,-0.0654,0.6293,-0.4987,0.5051,-0.0091,-0.0756,0.4181,GO_GOAL
19.9,-0.0202,-0.0633,0.6293,-0.4963,0.5078,-0.0091,-0.0756,0.4152,GO_GOAL
19.92,-0.0172,-0.0612,0.6293,-0.4939,0.5105,0.0055,-0.0651,0.4122,GO_GOAL
19.94,-0.0143,-0.0591,0.6293,-0.4915,0.5131,0.0055,-0.0651,0.4092,GO_GOAL
19.96,-0.0114,-0.057,0.6293,-0.4891,0.5158,0.0055,-0.0651,0.4062,GO_GOAL
19.98,-0.0085,-0.0548,0.6293,-0.4867,0.5185,0.0055,-0.0651,0.4033,GO_GOAL
20.0,-0.0056,-0.0527,0.6293,-0.4843,0.5212,0.0055,-0.0651,0.4003,GO_GOAL
20.02,-0.0027,-0.0506,0.6293,-0.4795,0.5266,0.02,-0.0545,0.3974,GO_GOAL
20.04,0.0002,-0.0485,0.6293,-0.4795,0.5266,0.02,-0.0545,0.3944,GO_GOAL
20.06,0.0031,-0.0464,0.6293,-0.4771,0.5293,0.02,-0.0545,0.3915,GO_GOAL
20.08,0.006,-0.0442,0.6293,-0.4747,0.532,0.02,-0.0545,0.3886,GO_GOAL
20.1,0.009,-0.0421,0.6293,-0.4723,0.5347,0.02,-0.0545,0.3856,GO_GOAL
20.12,0.0119,-0.04,0.6293,-0.4699,0.5374,0.0346,-0.0439,0.3827,GO_GOAL
20.14,0.0148,-0.0379,0.6293,-0.4676,0.54,0.0346,-0.0439,0.3798,GO_GOAL
20.16,0.0177,-0.0358,0.6293,-0.4652,0.5427,0.0346,-0.0439,0.3769,GO_GOAL
20.18,0.0206,-0.0336,0.6293,-0.4628,0.5454,0.0346,-0.0439,0.374,GO_GOAL
20.2,0.0235,-0.0315,0.6293,-0.4604,0.5481,0.0346,-0.0439,0.3711,GO_GOAL
20.22,0.0264,-0.0294,0.6293,-0.458,0.5508,0.0491,-0.0333,0.3682,GO_GOAL
20.24,0.0293,-0.0273,0.6293,-0.4556,0.5535,0.0491,-0.0333,0.3654,GO_GOAL
20.26,0.0322,-0.0252,0.6293,-0.4532,0.5562,0.0491,-0.0333,0.3625,GO_GOAL
20.28,0.0351,-0.023,0.6293,-0.4508,0.5589,0.0491,-0.0333,0.3596,GO_GOAL
20.3,0.0381,-0.0209,0.6293,-0.446,0.5643,0.0491,-0.0333,0.3568,GO_GOAL
20.32,0.041,-0.0188,0.6293,-0.446,0.5643,0.0666,-0.0206,0.3539,GO_GOAL
20.34,0.0439,-0.0167,0.6293,-0.4436,0.5669,0.0666,-0.0206,0.3511,GO_GOAL
20.36,0.0468,-0.0146,0.6293,-0.4412,0.5696,0.0666,-0.0206,0.3482,GO_GOAL
20.38,0.0497,-0.0125,0.6293,-0.4388,0.5723,0.0666,-0.0206,0.3454,GO_GOAL
20.4,0.0526,-0.0103,0.6293,-0.4365,0.575,0.0666,-0.0206,0.3426,GO_GOAL
20.42,0.0555,-0.0082,0.6293,-0.4341,0.5777,0.0782,-0.0121,0.3398,GO_GOAL
20.44,0.0584,-0.0061,0.6293,-0.4317,0.5804,0.0782,-0.0121,0.337,GO_GOAL
20.46,0.0613,-0.004,0.6293,-0.4293,0.5831,0.0782,-0.0121,0.3342,GO_GOAL
20.48,0.0642,-0.0019,0.6293,-0.4269,0.5858,0.0782,-0.0121,0.3314,GO_GOAL
20.5,0.0672,0.0003,0.6293,-0.4245,0.5885,0.0782,-0.0121,0.3286,GO_GOAL
20.52,0.0701,0.0024,0.6293,-0.4221,0.5912,0.0928,-0.0015,0.3258,GO_GOAL
20.54,0.073,0.0045,0.6293,-0.4173,0.5965,0.0928,-0.0015,0.3231,GO_GOAL
20.56,0.0759,0.0066,0.6293,-0.4173,0.5965,0.0928,-0.0015,0.3203,GO_GOAL
20.58,0.0788,0.0087,0.6293,-0.4125,0.6019,0.0928,-0.0015,0.3176,GO_GOAL
20.6,0.0817,0.0109,0.6293,-0.4125,0.6019,0.0928,-0.0015,0.3148,GO_GOAL
20.62,0.0846,0.013,0.6293,-0.4101,0.6046,0.1073,0.0091,0.3121,GO_GOAL
20.64,0.0875,0.0151,0.6293,-0.4077,0.6073,0.1073,0.0091,0.3094,GO_GOAL
20.66,0.0904,0.0172,0.6293,-0.4054,0.61,0.1073,0.0091,0.3067,GO_GOAL
20.68,0.0933,0.0193,0.6293,-0.403,0.6127,0.1073,0.0091,0.304,GO_GOAL
20.7,0.0963,0.0215,0.6293,-0.4006,0.6154,0.1073,0.0091,0.3013,GO_GOAL
20.72,0.0992,0.0236,0.6293,-0.3958,0.6207,0.1219,0.0197,0.2986,GO_GOAL
20.74,0.1021,0.0257,0.6293,-0.3958,0.6207,0.1219,0.0197,0.2959,GO_GOAL
20.76,0.105,0.0278,0.6293,-0.391,0.6261,0.1219,0.0197,0.2933,GO_GOAL
20.78,0.1079,0.0299,0.6293,-0.391,0.6261,0.1219,0.0197,0.2906,GO_GOAL
20.8,0.1108,0.032,0.6293,-0.3862,0.6315,0.1219,0.0197,0.288,GO_GOAL
20.82,0.1137,0.0342,0.6293,-0.3862,0.6315,0.1393,0.0324,0.2853,GO_GOAL
20.84,0.1166,0.0363,0.6293,-0.3838,0.6342,0.1393,0.0324,0.2827,GO_GOAL
20.86,0.1195,0.0384,0.6293,-0.3814,0.6369,0.1393,0.0324,0.2801,GO_GOAL
20.88,0.1225,0.0405,0.6293,-0.379,0.6396,0.1393,0.0324,0.2775,GO_GOAL
20.9,0.1254,0.0426,0.6293,-0.3766,0.6423,0.1393,0.0324,0.2749,GO_GOAL
20.92,0.1283,0.0448,0.6293,-0.3743,0.645,0.151,0.0409,0.2723,GO_GOAL
20.94,0.1312,0.0469,0.6293,-0.3719,0.6476,0.151,0.0409,0.2697,GO_GOAL
20.96,0.1341,0.049,0.6293,-0.3695,0.6503,0.151,0.0409,0.2672,GO_GOAL
20.98,0.137,0.0511,0.6293,-0.3647,0.6557,0.151,0.0409,0.2646,GO_GOAL
21.0,0.1399,0.0532,0.6293,-0.3647,0.6557,0.151,0.0409,0.2621,GO_GOAL
21.02,0.1428,0.0554,0.6293,-0.3623,0.6584,0.1655,0.0515,0.2596,GO_GOAL
21.04,0.1457,0.0575,0.6293,-0.3599,0.6611,0.1655,0.0515,0.2571,GO_GOAL
21.06,0.1486,0.0596,0.6293,-0.3575,0.6638,0.1655,0.0515,0.2545,GO_GOAL
21.08,0.1516,0.0617,0.6293,-0.3551,0.6665,0.1655,0.0515,0.2521,GO_GOAL
21.1,0.1545,0.0638,0.6293,-0.3527,0.6692,0.1655,0.0515,0.2496,GO_GOAL
21.12,0.1574,0.066,0.6293,-0.3503,0.6719,0.1801,0.0621,0.2471,GO_GOAL
21.14,0.1603,0.0681,0.6293,-0.3479,0.6745,0.1801,0.0621,0.2447,GO_GOAL
21.16,0.1632,0.0702,0.6293,-0.3455,0.6772,0.1801,0.0621,0.2422,GO_GOAL
21.18,0.1661,0.0723,0.6293,-0.3432,0.6799,0.1801,0.0621,0.2398,GO_GOAL
21.2,0.169,0.0744,0.6293,-0.3408,0.6826,0.1801,0.0621,0.2374,GO_GOAL
21.22,0.1719,0.0765,0.6293,-0.336,0.688,0.1946,0.0727,0.235,GO_GOAL
21.24,0.1748,0.0787,0.6293,-0.336,0.688,0.1946,0.0727,0.2326,GO_GOAL
21.26,0.1777,0.0808,0.6293,-0.3336,0.6907,0.1946,0.0727,0.2302,GO_GOAL
21.28,0.1807,0.0829,0.6293,-0.3312,0.6934,0.1946,0.0727,0.2278,GO_GOAL
21.3,0.1836,0.085,0.6293,-0.3264,0.6988,0.1946,0.0727,0.2255,GO_GOAL
21.32,0.1865,0.0871,0.6293,-0.324,0.7014,0.2092,0.0833,0.2232,GO_GOAL
21.34,0.1894,0.0893,0.6293,-0.3216,0.7041,0.2092,0.0833,0.2208,GO_GOAL
21.36,0.1923,0.0914,0.6293,-0.3216,0.7041,0.2092,0.0833,0.2185,GO_GOAL
21.38,0.1952,0.0935,0.6293,-0.3192,0.7068,0.2092,0.0833,0.2162,GO_GOAL
21.4,0.1981,0.0956,0.6293,-0.3144,0.7122,0.2092,0.0833,0.214,GO_GOAL
21.42,0.201,0.0977,0.6293,-0.3144,0.7122,0.2237,0.0939,0.2117,GO_GOAL
21.44,0.2039,0.0999,0.6293,-0.312,0.7149,0.2237,0.0939,0.2094,GO_GOAL
21.46,0.2069,0.102,0.6293,-0.3097,0.7176,0.2237,0.0939,0.2072,GO_GOAL
21.48,0.2098,0.1041,0.6293,-0.3049,0.723,0.2237,0.0939,0.205,GO_GOAL
21.5,0.2127,0.1062,0.6293,-0.3049,0.723,0.2237,0.0939,0.2028,GO_GOAL
21.52,0.2156,0.1083,0.6293,-0.3025,0.7257,0.2383,0.1045,0.2006,GO_GOAL
21.54,0.2185,0.1105,0.6293,-0.3001,0.7283,0.2383,0.1045,0.1984,GO_GOAL
21.56,0.2214,0.1126,0.6293,-0.2953,0.7337,0.2383,0.1045,0.1963,GO_GOAL
21.58,0.2243,0.1147,0.6293,-0.2953,0.7337,0.2383,0.1045,0.1941,GO_GOAL
21.6,0.2272,0.1168,0.6293,-0.2905,0.7391,0.2383,0.1045,0.192,GO_GOAL
21.62,0.2301,0.1189,0.6293,-0.2905,0.7391,0.2528,0.1151,0.1899,GO_GOAL
21.64,0.233,0.121,0.6293,-0.2857,0.7445,0.2528,0.1151,0.1878,GO_GOAL
21.66,0.236,0.1232,0.6293,-0.2857,0.7445,0.2528,0.1151,0.1858,GO_GOAL
21.68,0.2389,0.1253,0.6293,-0.2833,0.7472,0.2528,0.1151,0.1837,GO_GOAL
21.7,0.2418,0.1274,0.6293,-0.2809,0.7499,0.2528,0.1151,0.1817,GO_GOAL
21.72,0.2447,0.1295,0.6293,-0.2762,0.7552,0.2674,0.1257,0.1797,GO_GOAL
21.74,0.2476,0.1316,0.6293,-0.2738,0.7579,0.2674,0.1257,0.1777,GO_GOAL
21.76,0.2505,0.1338,0.6293,-0.2738,0.7579,0.2674,0.1257,0.1757,GO_GOAL
21.78,0.2534,0.1359,0.6293,-0.2714,0.7606,0.2674,0.1257,0.1737,GO_GOAL
21.8,0.2563,0.138,0.6293,-0.269,0.7633,0.2674,0.1257,0.1718,GO_GOAL
21.82,0.2592,0.1401,0.6293,-0.2666,0.766,0.2819,0.1363,0.1699,GO_GOAL
21.84,0.2621,0.1422,0.6293,-0.2642,0.7687,0.2819,0.1363,0.168,GO_GOAL
21.86,0.2651,0.1444,0.6293,-0.2618,0.7714,0.2819,0.1363,0.1661,GO_GOAL
21.88,0.268,0.1465,0.6293,-0.257,0.7768,0.2819,0.1363,0.1642,GO_GOAL
21.9,0.2709,0.1486,0.6293,-0.257,0.7768,0.2819,0.1363,0.1624,GO_GOAL
21.92,0.2738,0.1507,0.6293,-0.2546,0.7795,0.2965,0.1468,0.1606,GO_GOAL
21.94,0.2767,0.1528,0.6293,-0.2522,0.7821,0.2965,0.1468,0.1588,GO_GOAL
21.96,0.2796,0.155,0.6293,-0.2475,0.7875,0.2965,0.1468,0.157,GO_GOAL
21.98,0.2825,0.1571,0.6293,-0.2475,0.7875,0.2965,0.1468,0.1552,GO_GOAL
22.0,0.2854,0.1592,0.6293,-0.2451,0.7902,0.2965,0.1468,0.1535,GO_GOAL
22.02,0.2883,0.1613,0.6293,-0.2427,0.7929,0.311,0.1574,0.1518,GO_GOAL
22.04,0.2912,0.1634,0.6293,-0.2403,0.7956,0.311,0.1574,0.1501,GO_GOAL
22.06,0.2942,0.1655,0.6293,-0.2379,0.7983,0.311,0.1574,0.1484,GO_GOAL
22.08,0.2971,0.1677,0.6293,-0.2355,0.801,0.311,0.1574,0.1468,GO_GOAL
22.1,0.3,0.1698,0.6293,-0.2331,0.8037,0.311,0.1574,0.1451,GO_GOAL
22.12,0.3029,0.1719,0.6293,-0.2307,0.8064,0.3256,0.168,0.1435,GO_GOAL
22.14,0.3058,0.174,0.6293,-0.2283,0.809,0.3256,0.168,0.1419,GO_GOAL
22.158,0.3087,0.1761,0.6293,-0.2259,0.8117,0.3256,0.168,0.1404,GO_GOAL
22.18,0.3116,0.1783,0.6293,-0.2235,0.8144,0.3256,0.168,0.1388,GO_GOAL
22.2,0.3145,0.1804,0.6293,-0.2211,0.8171,0.3256,0.168,0.1373,GO_GOAL
22.22,0.3174,0.1825,0.6293,-0.2187,0.8198,0.3401,0.1786,0.1358,GO_GOAL
22.24,0.3204,0.1846,0.6293,-0.2164,0.8225,0.3401,0.1786,0.1344,GO_GOAL
22.26,0.3233,0.1867,0.6293,-0.214,0.8252,0.3401,0.1786,0.1329,GO_GOAL
22.28,0.3262,0.1889,0.6293,-0.2116,0.8279,0.3401,0.1786,0.1315,GO_GOAL
22.3,0.3291,0.191,0.6293,-0.2068,0.8333,0.3401,0.1786,0.1301,GO_GOAL
22.32,0.332,0.1931,0.6293,-0.2068,0.8333,0.3547,0.1892,0.1288,GO_GOAL
22.34,0.3349,0.1952,0.6293,-0.2044,0.8359,0.3547,0.1892,0.1274,GO_GOAL
22.36,0.3378,0.1973,0.6293,-0.202,0.8386,0.3547,0.1892,0.1261,GO_GOAL
22.38,0.3407,0.1995,0.6293,-0.1996,0.8413,0.3547,0.1892,0.1248,GO_GOAL
22.4,0.3436,0.2016,0.6293,-0.1948,0.8467,0.3547,0.1892,0.1236,GO_GOAL
22.42,0.3465,0.2037,0.6293,-0.1948,0.8467,0.3692,0.1998,0.1223,GO_GOAL
22.44,0.3495,0.2058,0.6293,-0.1924,0.8494,0.3692,0.1998,0.1211,GO_GOAL
22.46,0.3524,0.2079,0.6293,-0.19,0.8521,0.3692,0.1998,0.1199,GO_GOAL
22.48,0.3553,0.21,0.6293,-0.1876,0.8548,0.3692,0.1998,0.1188,GO_GOAL
22.5,0.3582,0.2122,0.6293,-0.1853,0.8575,0.3692,0.1998,0.1177,GO_GOAL
22.52,0.3611,0.2143,0.6293,-0.1829,0.8602,0.3838,0.2104,0.1166,GO_GOAL
22.54,0.364,0.2164,0.6293,-0.1805,0.8628,0.3838,0.2104,0.1155,GO_GOAL
22.56,0.3669,0.2185,0.6293,-0.1781,0.8655,0.3838,0.2104,0.1144,GO_GOAL
22.58,0.3698,0.2206,0.6293,-0.1757,0.8682,0.3838,0.2104,0.1134,GO_GOAL
22.6,0.3727,0.2228,0.6293,-0.1733,0.8709,0.3838,0.2104,0.1124,GO_GOAL
22.62,0.3756,0.2249,0.6293,-0.1709,0.8736,0.3984,0.221,0.1115,GO_GOAL
22.64,0.3786,0.227,0.6293,-0.1685,0.8763,0.3984,0.221,0.1105,GO_GOAL
22.66,0.3815,0.2291,0.6293,-0.1661,0.879,0.3984,0.221,0.1096,GO_GOAL
22.68,0.3844,0.2312,0.6293,-0.1637,0.8817,0.3984,0.221,0.1088,GO_GOAL
22.7,0.3873,0.2334,0.6293,-0.1613,0.8844,0.3984,0.221,0.1079,GO_GOAL
22.72,0.3902,0.2355,0.6293,-0.1589,0.8871,0.4129,0.2316,0.1071,GO_GOAL
22.74,0.3931,0.2376,0.6293,-0.1565,0.8897,0.4129,0.2316,0.1063,GO_GOAL
22.76,0.396,0.2397,0.6293,-0.1518,0.8951,0.4129,0.2316,0.1056,GO_GOAL
22.78,0.3989,0.2418,0.6293,-0.1518,0.8951,0.4129,0.2316,0.1048,GO_GOAL
22.8,0.4018,0.2439,0.6293,-0.1494,0.8978,0.4129,0.2316,0.1041,GO_GOAL
22.82,0.4047,0.2461,0.6293,-0.1446,0.9032,0.4275,0.2422,0.1035,GO_GOAL
22.84,0.4077,0.2482,0.6293,-0.1446,0.9032,0.4275,0.2422,0.1028,GO_GOAL
22.86,0.4106,0.2503,0.6293,-0.1422,0.9059,0.4275,0.2422,0.1022,GO_GOAL
22.88,0.4135,0.2524,0.6293,-0.1374,0.9113,0.4275,0.2422,0.1016,GO_GOAL
22.9,0.4164,0.2545,0.6293,-0.1374,0.9113,0.4275,0.2422,0.1011,GO_GOAL
22.92,0.4193,0.2567,0.6293,-0.135,0.914,0.442,0.2528,0.1006,GO_GOAL
22.94,0.4222,0.2588,0.6293,-0.1326,0.9167,0.442,0.2528,0.1001,GO_GOAL
22.96,0.4251,0.2609,0.6293,-0.1302,0.9193,0.442,0.2528,0.0997,GO_GOAL
22.98,0.428,0.263,0.6293,-0.1278,0.922,0.442,0.2528,0.0992,GO_GOAL
23.0,0.4309,0.2651,0.6293,-0.1254,0.9247,0.442,0.2528,0.0988,GO_GOAL
23.02,0.4339,0.2673,0.6293,-0.123,0.9274,0.4566,0.2634,0.0985,GO_GOAL
23.04,0.4368,0.2694,0.6293,-0.1207,0.9301,0.4566,0.2634,0.0982,GO_GOAL
23.06,0.4397,0.2715,0.6293,-0.1183,0.9328,0.4566,0.2634,0.0979,GO_GOAL
23.08,0.4426,0.2736,0.6293,-0.1135,0.9382,0.4566,0.2634,0.0976,GO_GOAL
23.1,0.4455,0.2757,0.6293,-0.1135,0.9382,0.4566,0.2634,0.0974,GO_GOAL
23.12,0.4484,0.2779,0.6293,-0.1111,0.9409,0.4711,0.274,0.0972,GO_GOAL
23.14,0.4513,0.28,0.6293,-0.1087,0.9436,0.4711,0.274,0.097,GO_GOAL
23.16,0.4542,0.2821,0.6293,-0.1063,0.9462,0.4711,0.274,0.0969,GO_GOAL
23.18,0.4571,0.2842,0.6293,-0.1039,0.9489,0.4711,0.274,0.0968,GO_GOAL
23.2,0.46,0.2863,0.6293,-0.0991,0.9543,0.4711,0.274,0.0967,GO_GOAL
23.22,0.463,0.2884,0.6293,-0.0991,0.9543,0.4857,0.2846,0.0967,GO_GOAL
23.24,0.4659,0.2906,0.6293,-0.0967,0.957,0.4857,0.2846,0.0966,GO_GOAL
23.26,0.4688,0.2927,0.6293,-0.0943,0.9597,0.4857,0.2846,0.0967,GO_GOAL
23.28,0.4717,0.2948,0.6293,-0.0919,0.9624,0.4857,0.2846,0.0967,GO_GOAL
23.3,0.4746,0.2969,0.6293,-0.0896,0.9651,0.4857,0.2846,0.0968,GO_GOAL
23.32,0.4775,0.299,0.6293,-0.0872,0.9678,0.5002,0.2952,0.0969,GO_GOAL
23.34,0.4804,0.3012,0.6293,-0.0824,0.9731,0.5002,0.2952,0.0971,GO_GOAL
23.36,0.4833,0.3033,0.6293,-0.0824,0.9731,0.5002,0.2952,0.0973,GO_GOAL
23.38,0.4862,0.3054,0.6293,-0.08,0.9758,0.5002,0.2952,0.0975,GO_GOAL
23.4,0.4891,0.3075,0.6293,-0.0776,0.9785,0.5002,0.2952,0.0977,GO_GOAL
23.42,0.4921,0.3096,0.6293,-0.0752,0.9812,0.5148,0.3058,0.098,GO_GOAL
23.44,0.495,0.3118,0.6293,-0.0728,0.9839,0.5148,0.3058,0.0983,GO_GOAL
23.46,0.4979,0.3139,0.6293,-0.0704,0.9866,0.5148,0.3058,0.0986,GO_GOAL
23.48,0.5008,0.316,0.6293,-0.068,0.9893,0.5148,0.3058,0.099,GO_GOAL
23.5,0.5037,0.3181,0.6293,-0.0656,0.992,0.5148,0.3058,0.0994,GO_GOAL
23.52,0.5066,0.3202,0.6293,-0.0632,0.9947,0.5293,0.3164,0.0998,GO_GOAL
23.54,0.5095,0.3224,0.6293,-0.0608,0.9974,0.5293,0.3164,0.1003,GO_GOAL
23.56,0.5124,0.3245,0.6293,-0.0585,1.0,0.5293,0.3164,0.1008,GO_GOAL
23.58,0.5153,0.3266,0.6293,-0.0561,1.0027,0.5293,0.3164,0.1013,GO_GOAL
23.6,0.5182,0.3287,0.6293,-0.0513,1.0081,0.5293,0.3164,0.1019,GO_GOAL
23.62,0.5212,0.3308,0.6293,-0.0513,1.0081,0.5439,0.327,0.1025,GO_GOAL
23.64,0.5241,0.3329,0.6293,-0.0489,1.0108,0.5439,0.327,0.1031,GO_GOAL
23.66,0.527,0.3351,0.6293,-0.0465,1.0135,0.5439,0.327,0.1038,GO_GOAL
23.68,0.5299,0.3372,0.6293,-0.0441,1.0162,0.5439,0.327,0.1044,GO_GOAL
23.7,0.5328,0.3393,0.6293,-0.0393,1.0216,0.5439,0.327,0.1051,GO_GOAL
23.72,0.5357,0.3414,0.6293,-0.0393,1.0216,0.5584,0.3376,0.1059,GO_GOAL
23.74,0.5386,0.3435,0.6293,-0.0369,1.0243,0.5584,0.3376,0.1067,GO_GOAL
23.76,0.5415,0.3457,0.6293,-0.0345,1.0269,0.5584,0.3376,0.1075,GO_GOAL
23.78,0.5444,0.3478,0.6293,-0.0321,1.0296,0.5584,0.3376,0.1083,GO_GOAL
23.8,0.5474,0.3499,0.6293,-0.0297,1.0323,0.5584,0.3376,0.1091,GO_GOAL
23.82,0.5503,0.352,0.6293,-0.0274,1.035,0.573,0.3481,0.11,GO_GOAL
23.84,0.5532,0.3541,0.6293,-0.025,1.0377,0.573,0.3481,0.1109,GO_GOAL
23.86,0.5561,0.3563,0.6293,-0.0226,1.0404,0.573,0.3481,0.1119,GO_GOAL
23.88,0.559,0.3584,0.6293,-0.0202,1.0431,0.573,0.3481,0.1129,GO_GOAL
23.9,0.5619,0.3605,0.6293,-0.0178,1.0458,0.573,0.3481,0.1139,GO_GOAL
23.92,0.5648,0.3626,0.6293,-0.013,1.0512,0.5875,0.3587,0.1149,GO_GOAL
23.94,0.5677,0.3647,0.6293,-0.013,1.0512,0.5875,0.3587,0.1159,GO_GOAL
23.96,0.5706,0.3669,0.6293,-0.0106,1.0538,0.5875,0.3587,0.117,GO_GOAL
23.98,0.5735,0.369,0.6293,-0.0082,1.0565,0.5875,0.3587,0.1181,GO_GOAL
24.0,0.5765,0.3711,0.6293,-0.0058,1.0592,0.5875,0.3587,0.1193,GO_GOAL
24.02,0.5794,0.3732,0.6293,-0.001,1.0646,0.6021,0.3693,0.1205,GO_GOAL
24.04,0.5823,0.3753,0.6293,-0.001,1.0646,0.6021,0.3693,0.1216,GO_GOAL
24.06,0.5852,0.3774,0.6293,0.0014,1.0673,0.6021,0.3693,0.1229,GO_GOAL
24.08,0.5881,0.3796,0.6293,0.0038,1.07,0.6021,0.3693,0.1241,GO_GOAL
24.1,0.591,0.3817,0.6293,0.0061,1.0727,0.6021,0.3693,0.1254,GO_GOAL
24.12,0.5939,0.3838,0.6293,0.0085,1.0754,0.6166,0.3799,0.1267,GO_GOAL
24.14,0.5968,0.3859,0.6293,0.0109,1.0781,0.6166,0.3799,0.128,GO_GOAL
24.16,0.5997,0.388,0.6293,0.0133,1.0807,0.6166,0.3799,0.1294,GO_GOAL
24.18,0.6026,0.3902,0.6293,0.0157,1.0834,0.6166,0.3799,0.1307,GO_GOAL
24.2,0.6056,0.3923,0.6293,0.0181,1.0861,0.6166,0.3799,0.1321,GO_GOAL
24.22,0.6085,0.3944,0.6293,0.0229,1.0915,0.6312,0.3905,0.1336,GO_GOAL
24.24,0.6114,0.3965,0.6293,0.0229,1.0915,0.6312,0.3905,0.135,GO_GOAL
24.26,0.6143,0.3986,0.6293,0.0277,1.0969,0.6312,0.3905,0.1365,GO_GOAL
24.28,0.6172,0.4008,0.6293,0.0277,1.0969,0.6312,0.3905,0.138,GO_GOAL
24.3,0.6201,0.4029,0.6293,0.0301,1.0996,0.6312,0.3905,0.1395,GO_GOAL
24.32,0.623,0.405,0.6293,0.0349,1.105,0.6457,0.4011,0.1411,GO_GOAL
24.34,0.6259,0.4071,0.6293,0.0349,1.105,0.6457,0.4011,0.1426,GO_GOAL
24.36,0.6288,0.4092,0.6293,0.0396,1.1103,0.6457,0.4011,0.1442,GO_GOAL
24.38,0.6318,0.4114,0.6293,0.0396,1.1103,0.6457,0.4011,0.1458,GO_GOAL
24.4,0.6347,0.4135,0.6293,0.042,1.113,0.6457,0.4011,0.1475,GO_GOAL
24.42,0.6376,0.4156,0.6293,0.0444,1.1157,0.6603,0.4117,0.1491,GO_GOAL
24.44,0.6405,0.4177,0.6293,0.0468,1.1184,0.6603,0.4117,0.1508,GO_GOAL
24.46,0.6434,0.4198,0.6293,0.0492,1.1211,0.6603,0.4117,0.1525,GO_GOAL
24.48,0.6463,0.4219,0.6293,0.054,1.1265,0.6603,0.4117,0.1542,GO_GOAL
24.5,0.6492,0.4241,0.6293,0.054,1.1265,0.6603,0.4117,0.156,GO_GOAL
24.52,0.6521,0.4262,0.6293,0.0564,1.1292,0.6777,0.4244,0.1578,GO_GOAL
24.54,0.655,0.4283,0.6293,0.0588,1.1319,0.6777,0.4244,0.1596,GO_GOAL
24.56,0.6579,0.4304,0.6293,0.0612,1.1345,0.6777,0.4244,0.1614,GO_GOAL
24.58,0.6609,0.4325,0.6293,0.066,1.1399,0.6777,0.4244,0.1632,GO_GOAL
24.6,0.6638,0.4347,0.6293,0.066,1.1399,0.6777,0.4244,0.165,GO_GOAL
24.62,0.6667,0.4368,0.6293,0.0683,1.1426,0.6894,0.4329,0.1669,GO_GOAL
24.64,0.6696,0.4389,0.6293,0.0707,1.1453,0.6894,0.4329,0.1688,GO_GOAL
24.66,0.6725,0.441,0.6293,0.0731,1.148,0.6894,0.4329,0.1707,GO_GOAL
24.68,0.6754,0.4431,0.6293,0.0779,1.1534,0.6894,0.4329,0.1727,GO_GOAL
24.7,0.6783,0.4453,0.6293,0.0803,1.1561,0.6894,0.4329,0.1746,GO_GOAL
24.72,0.6812,0.4474,0.6293,0.0803,1.1561,0.7068,0.4456,0.1766,GO_GOAL
24.74,0.6841,0.4495,0.6293,0.0827,1.1588,0.7068,0.4456,0.1786,GO_GOAL
24.76,0.687,0.4516,0.6293,0.0851,1.1614,0.7068,0.4456,0.1806,GO_GOAL
24.78,0.69,0.4537,0.6293,0.0875,1.1641,0.7068,0.4456,0.1826,GO_GOAL
24.8,0.6929,0.4559,0.6293,0.0899,1.1668,0.7068,0.4456,0.1846,GO_GOAL
24.82,0.6958,0.458,0.6293,0.0923,1.1695,0.7185,0.4541,0.1867,GO_GOAL
24.84,0.6987,0.4601,0.6293,0.0947,1.1722,0.7185,0.4541,0.1888,GO_GOAL
24.86,0.7016,0.4622,0.6293,0.0971,1.1749,0.7185,0.4541,0.1908,GO_GOAL
24.88,0.7045,0.4643,0.6293,0.0994,1.1776,0.7185,0.4541,0.193,GO_GOAL
24.9,0.7074,0.4664,0.6293,0.1018,1.1803,0.7185,0.4541,0.1951,GO_GOAL
24.92,0.7103,0.4686,0.6293,0.1042,1.183,0.733,0.4647,0.1972,GO_GOAL
24.94,0.7132,0.4707,0.6293,0.1066,1.1857,0.733,0.4647,0.1994,GO_GOAL
24.96,0.7161,0.4728,0.6293,0.109,1.1883,0.733,0.4647,0.2016,GO_GOAL
24.98,0.7191,0.4749,0.6293,0.1114,1.191,0.733,0.4647,0.2038,GO_GOAL
25.0,0.722,0.477,0.6293,0.1138,1.1937,0.733,0.4647,0.206,GO_GOAL
25.02,0.7249,0.4792,0.6293,0.1186,1.1991,0.7476,0.4753,0.2082,GO_GOAL
25.04,0.7278,0.4813,0.6293,0.1186,1.1991,0.7476,0.4753,0.2104,GO_GOAL
25.06,0.7307,0.4834,0.6293,0.121,1.2018,0.7476,0.4753,0.2127,GO_GOAL
25.08,0.7336,0.4855,0.6293,0.1234,1.2045,0.7476,0.4753,0.215,GO_GOAL
25.1,0.7365,0.4876,0.6293,0.1282,1.2099,0.7476,0.4753,0.2172,GO_GOAL
25.12,0.7394,0.4898,0.6293,0.1282,1.2099,0.765,0.488,0.2195,GO_GOAL
25.14,0.7423,0.4919,0.6293,0.1305,1.2126,0.765,0.488,0.2218,GO_GOAL
25.16,0.7453,0.494,0.6293,0.1329,1.2152,0.765,0.488,0.2242,GO_GOAL
25.18,0.7482,0.4961,0.6293,0.1353,1.2179,0.765,0.488,0.2265,GO_GOAL
25.2,0.7511,0.4982,0.6293,0.1377,1.2206,0.765,0.488,0.2289,GO_GOAL
25.22,0.754,0.5004,0.6293,0.1401,1.2233,0.7796,0.4986,0.2312,GO_GOAL
25.24,0.7569,0.5025,0.6293,0.1425,1.226,0.7796,0.4986,0.2336,GO_GOAL
25.26,0.7598,0.5046,0.6293,0.1449,1.2287,0.7796,0.4986,0.236,GO_GOAL
25.28,0.7627,0.5067,0.6293,0.1473,1.2314,0.7796,0.4986,0.2384,GO_GOAL
25.3,0.7656,0.5088,0.6293,0.1497,1.2341,0.7796,0.4986,0.2408,GO_GOAL
25.32,0.7685,0.5109,0.6293,0.1521,1.2368,0.7912,0.5071,0.2433,GO_GOAL
25.34,0.7714,0.5131,0.6293,0.1545,1.2395,0.7912,0.5071,0.2457,GO_GOAL
25.36,0.7744,0.5152,0.6293,0.1569,1.2421,0.7912,0.5071,0.2482,GO_GOAL
25.38,0.7773,0.5173,0.6293,0.1593,1.2448,0.7912,0.5071,0.2507,GO_GOAL
25.4,0.7802,0.5194,0.6293,0.1617,1.2475,0.7912,0.5071,0.2531,GO_GOAL
25.42,0.7831,0.5215,0.6293,0.164,1.2502,0.8058,0.5177,0.2556,GO_GOAL
25.44,0.786,0.5237,0.6293,0.1664,1.2529,0.8058,0.5177,0.2582,GO_GOAL
25.46,0.7889,0.5258,0.6293,0.1688,1.2556,0.8058,0.5177,0.2607,GO_GOAL
25.48,0.7918,0.5279,0.6293,0.1712,1.2583,0.8058,0.5177,0.2632,GO_GOAL
25.5,0.7947,0.53,0.6293,0.1736,1.261,0.8058,0.5177,0.2657,GO_GOAL
25.52,0.7976,0.5321,0.6293,0.176,1.2637,0.8203,0.5283,0.2683,GO_GOAL
25.54,0.8005,0.5343,0.6293,0.1808,1.269,0.8203,0.5283,0.2709,GO_GOAL
25.56,0.8035,0.5364,0.6293,0.1832,1.2717,0.8203,0.5283,0.2734,GO_GOAL
25.58,0.8064,0.5385,0.6293,0.1832,1.2717,0.8203,0.5283,0.276,GO_GOAL
25.6,0.8093,0.5406,0.6293,0.188,1.2771,0.8203,0.5283,0.2786,GO_GOAL
25.62,0.8122,0.5427,0.6293,0.188,1.2771,0.8378,0.541,0.2812,GO_GOAL
25.64,0.8151,0.5449,0.6293,0.1904,1.2798,0.8378,0.541,0.2839,GO_GOAL
25.66,0.818,0.547,0.6293,0.1928,1.2825,0.8378,0.541,0.2865,GO_GOAL
25.68,0.8209,0.5491,0.6293,0.1951,1.2852,0.8378,0.541,0.2891,GO_GOAL
25.7,0.8238,0.5512,0.6293,0.1975,1.2879,0.8378,0.541,0.2918,GO_GOAL
25.72,0.8267,0.5533,0.6293,0.2023,1.2933,0.8494,0.5495,0.2944,GO_GOAL
25.74,0.8296,0.5554,0.6293,0.2023,1.2933,0.8494,0.5495,0.2971,GO_GOAL
25.76,0.8326,0.5576,0.6293,0.2071,1.2986,0.8494,0.5495,0.2998,GO_GOAL
25.78,0.8355,0.5597,0.6293,0.2071,1.2986,0.8494,0.5495,0.3025,GO_GOAL
25.8,0.8384,0.5618,0.6293,0.2095,1.3013,0.8494,0.5495,0.3052,GO_GOAL
25.82,0.8413,0.5639,0.6293,0.2119,1.304,0.864,0.5601,0.3079,GO_GOAL
25.84,0.8442,0.566,0.6293,0.2143,1.3067,0.864,0.5601,0.3106,GO_GOAL
25.86,0.8471,0.5682,0.6293,0.2167,1.3094,0.864,0.5601,0.3133,GO_GOAL
25.88,0.85,0.5703,0.6293,0.2191,1.3121,0.864,0.5601,0.316,GO_GOAL
25.9,0.8529,0.5724,0.6293,0.2215,1.3148,0.864,0.5601,0.3188,GO_GOAL
25.92,0.8558,0.5745,0.6293,0.2239,1.3175,0.8785,0.5707,0.3215,GO_GOAL
25.94,0.8588,0.5766,0.6293,0.2286,1.3228,0.8785,0.5707,0.3243,GO_GOAL
25.96,0.8617,0.5788,0.6293,0.2286,1.3228,0.8785,0.5707,0.3271,GO_GOAL
25.98,0.8646,0.5809,0.6293,0.231,1.3255,0.8785,0.5707,0.3298,GO_GOAL
26.0,0.8675,0.583,0.6293,0.2334,1.3282,0.8785,0.5707,0.3326,GO_GOAL
26.02,0.8704,0.5851,0.6293,0.2382,1.3336,0.8931,0.5812,0.3354,GO_GOAL
26.04,0.8733,0.5872,0.6293,0.2382,1.3336,0.8931,0.5812,0.3382,GO_GOAL
26.06,0.8762,0.5894,0.6293,0.2406,1.3363,0.8931,0.5812,0.341,GO_GOAL
26.08,0.8791,0.5915,0.6293,0.243,1.339,0.8931,0.5812,0.3438,GO_GOAL
26.1,0.882,0.5936,0.6293,0.2454,1.3417,0.8931,0.5812,0.3467,GO_GOAL
26.12,0.8849,0.5957,0.6293,0.2478,1.3444,0.9076,0.5918,0.3495,GO_GOAL
26.14,0.8879,0.5978,0.6293,0.2502,1.3471,0.9076,0.5918,0.3523,GO_GOAL
26.16,0.8908,0.5999,0.6293,0.2526,1.3497,0.9076,0.5918,0.3552,GO_GOAL
26.18,0.8937,0.6021,0.6293,0.255,1.3524,0.9076,0.5918,0.358,GO_GOAL
26.2,0.8966,0.6042,0.6293,0.2573,1.3551,0.9076,0.5918,0.3609,GO_GOAL
26.22,0.8995,0.6063,0.6293,0.2597,1.3578,0.9222,0.6024,0.3637,GO_GOAL
26.24,0.9024,0.6084,0.6293,0.2621,1.3605,0.9222,0.6024,0.3666,GO_GOAL
26.26,0.9053,0.6105,0.6293,0.2645,1.3632,0.9222,0.6024,0.3695,GO_GOAL
26.28,0.9082,0.6127,0.6293,0.2693,1.3686,0.9222,0.6024,0.3724,GO_GOAL
26.3,0.9111,0.6148,0.6293,0.2693,1.3686,0.9222,0.6024,0.3753,GO_GOAL
26.32,0.914,0.6169,0.6293,0.2717,1.3713,0.9368,0.613,0.3782,GO_GOAL
26.34,0.917,0.619,0.6293,0.2741,1.374,0.9368,0.613,0.3811,GO_GOAL
26.36,0.9199,0.6211,0.6293,0.2765,1.3766,0.9368,0.613,0.384,GO_GOAL
26.38,0.9228,0.6233,0.6293,0.2789,1.3793,0.9368,0.613,0.3869,GO_GOAL
26.4,0.9257,0.6254,0.6293,0.2813,1.382,0.9368,0.613,0.3898,GO_GOAL
26.42,0.9286,0.6275,0.6293,0.2837,1.3847,0.9513,0.6236,0.3928,GO_GOAL
26.44,0.9315,0.6296,0.6293,0.2861,1.3874,0.9513,0.6236,0.3957,GO_GOAL
26.46,0.9344,0.6317,0.6293,0.2884,1.3901,0.9513,0.6236,0.3987,GO_GOAL
26.48,0.9373,0.6339,0.6293,0.2908,1.3928,0.9513,0.6236,0.4016,GO_GOAL
26.5,0.9402,0.636,0.6293,0.2932,1.3955,0.9513,0.6236,0.4046,GO_GOAL
26.52,0.9431,0.6381,0.6293,0.2956,1.3982,0.9659,0.6342,0.4075,GO_GOAL
26.54,0.9461,0.6402,0.6293,0.3004,1.4035,0.9659,0.6342,0.4105,GO_GOAL
26.56,0.949,0.6423,0.6293,0.3004,1.4035,0.9659,0.6342,0.4135,GO_GOAL
26.58,0.9519,0.6444,0.6293,0.3028,1.4062,0.9659,0.6342,0.4165,GO_GOAL
26.6,0.9548,0.6466,0.6293,0.3052,1.4089,0.9659,0.6342,0.4194,GO_GOAL
26.62,0.9577,0.6487,0.6293,0.3076,1.4116,0.9804,0.6448,0.4224,GO_GOAL
26.64,0.9606,0.6508,0.6293,0.31,1.4143,0.9804,0.6448,0.4254,GO_GOAL
26.66,0.9635,0.6529,0.6293,0.3124,1.417,0.9804,0.6448,0.4284,GO_GOAL
26.68,0.9664,0.655,0.6293,0.3148,1.4197,0.9804,0.6448,0.4314,GO_GOAL
26.7,0.9693,0.6572,0.6293,0.3172,1.4224,0.9804,0.6448,0.4345,GO_GOAL
26.72,0.9723,0.6593,0.6293,0.3196,1.4251,0.995,0.6554,0.4375,GO_GOAL
26.74,0.9752,0.6614,0.6293,0.3219,1.4278,0.995,0.6554,0.4405,GO_GOAL
26.76,0.9781,0.6635,0.6293,0.3243,1.4304,0.995,0.6554,0.4435,GO_GOAL
26.78,0.981,0.6656,0.6293,0.3267,1.4331,0.995,0.6554,0.4466,GO_GOAL
26.8,0.9839,0.6678,0.6293,0.3291,1.4358,0.995,0.6554,0.4496,GO_GOAL
26.82,0.9868,0.6699,0.6293,0.3315,1.4385,1.0095,0.666,0.4526,GO_GOAL
26.84,0.9897,0.672,0.6293,0.3339,1.4412,1.0095,0.666,0.4557,GO_GOAL
26.86,0.9926,0.6741,0.6293,0.3363,1.4439,1.0095,0.666,0.4587,GO_GOAL
26.88,0.9955,0.6762,0.6293,0.3411,1.4493,1.0095,0.666,0.4618,GO_GOAL
26.9,0.9984,0.6784,0.6293,0.3411,1.4493,1.0095,0.666,0.4646,GO_GOAL
26.92,1.0014,0.6805,0.6293,0.3435,1.452,1.0241,0.6766,0.4617,GO_GOAL
26.94,1.0043,0.6826,0.6293,0.3459,1.4547,1.0241,0.6766,0.4589,GO_GOAL
26.96,1.0072,0.6847,0.6293,0.3507,1.46,1.0241,0.6766,0.456,GO_GOAL
26.98,1.0101,0.6868,0.6293,0.3507,1.46,1.0241,0.6766,0.4532,GO_GOAL
27.0,1.013,0.6889,0.6293,0.353,1.4627,1.0241,0.6766,0.4503,GO_GOAL
27.02,1.0159,0.6911,0.6293,0.3554,1.4654,1.0386,0.6872,0.4475,GO_GOAL
27.04,1.0188,0.6932,0.6293,0.3578,1.4681,1.0386,0.6872,0.4446,GO_GOAL
27.06,1.0217,0.6953,0.6293,0.3602,1.4708,1.0386,0.6872,0.4418,GO_GOAL
27.08,1.0246,0.6974,0.6293,0.3626,1.4735,1.0386,0.6872,0.439,GO_GOAL
27.1,1.0275,0.6995,0.6293,0.365,1.4762,1.0386,0.6872,0.4361,GO_GOAL
27.12,1.0305,0.7017,0.6293,0.3674,1.4789,1.0532,0.6978,0.4333,GO_GOAL
27.14,1.0334,0.7038,0.6293,0.3698,1.4816,1.0532,0.6978,0.4305,GO_GOAL
27.16,1.0363,0.7059,0.6293,0.3722,1.4842,1.0532,0.6978,0.4277,GO_GOAL
27.18,1.0392,0.708,0.6293,0.3746,1.4869,1.0532,0.6978,0.4249,GO_GOAL
27.2,1.0421,0.7101,0.6293,0.377,1.4896,1.0532,0.6978,0.4221,GO_GOAL
27.22,1.045,0.7123,0.6293,0.3794,1.4923,1.0677,0.7084,0.4194,GO_GOAL
27.24,1.0479,0.7144,0.6293,0.3818,1.495,1.0677,0.7084,0.4166,GO_GOAL
27.26,1.0508,0.7165,0.6293,0.3865,1.5004,1.0677,0.7084,0.4138,GO_GOAL
27.28,1.0537,0.7186,0.6293,0.3889,1.5031,1.0677,0.7084,0.4111,GO_GOAL
27.3,1.0567,0.7207,0.6293,0.3889,1.5031,1.0677,0.7084,0.4083,GO_GOAL
27.32,1.0596,0.7229,0.6293,0.3913,1.5058,1.0823,0.719,0.4056,GO_GOAL
27.34,1.0625,0.725,0.6293,0.3937,1.5085,1.0823,0.719,0.4028,GO_GOAL
27.36,1.0654,0.7271,0.6293,0.3985,1.5138,1.0823,0.719,0.4001,GO_GOAL
27.38,1.0683,0.7292,0.6293,0.3985,1.5138,1.0823,0.719,0.3974,GO_GOAL
27.4,1.0712,0.7313,0.6293,0.4009,1.5165,1.0823,0.719,0.3947,GO_GOAL
27.42,1.0741,0.7334,0.6293,0.4033,1.5192,1.0968,0.7296,0.392,GO_GOAL
27.44,1.077,0.7356,0.6293,0.4081,1.5246,1.0968,0.7296,0.3893,GO_GOAL
27.46,1.0799,0.7377,0.6293,0.4081,1.5246,1.0968,0.7296,0.3866,GO_GOAL
27.48,1.0828,0.7398,0.6293,0.4105,1.5273,1.0968,0.7296,0.3839,GO_GOAL
27.5,1.0858,0.7419,0.6293,0.4129,1.53,1.0968,0.7296,0.3813,GO_GOAL
27.52,1.0887,0.744,0.6293,0.4152,1.5327,1.1114,0.7402,0.3786,GO_GOAL
27.54,1.0916,0.7462,0.6293,0.4176,1.5354,1.1114,0.7402,0.376,GO_GOAL
27.56,1.0945,0.7483,0.6293,0.42,1.538,1.1114,0.7402,0.3733,GO_GOAL
27.58,1.0974,0.7504,0.6293,0.4224,1.5407,1.1114,0.7402,0.3707,GO_GOAL
27.6,1.1003,0.7525,0.6293,0.4248,1.5434,1.1114,0.7402,0.368,GO_GOAL
27.62,1.1032,0.7546,0.6293,0.4272,1.5461,1.1259,0.7508,0.3654,GO_GOAL
27.64,1.1061,0.7568,0.6293,0.432,1.5515,1.1259,0.7508,0.3628,GO_GOAL
27.66,1.109,0.7589,0.6293,0.432,1.5515,1.1259,0.7508,0.3602,GO_GOAL
27.68,1.1119,0.761,0.6293,0.4344,1.5542,1.1259,0.7508,0.3576,GO_GOAL
27.7,1.1149,0.7631,0.6293,0.4392,1.5596,1.1405,0.7614,0.3551,GO_GOAL
27.72,1.1178,0.7652,0.6293,0.4392,1.5596,1.1405,0.7614,0.3525,GO_GOAL
27.74,1.1207,0.7674,0.6293,0.4416,1.5623,1.1405,0.7614,0.3499,GO_GOAL
27.76,1.1236,0.7695,0.6293,0.444,1.5649,1.1405,0.7614,0.3474,GO_GOAL
27.78,1.1265,0.7716,0.6293,0.4463,1.5676,1.1405,0.7614,0.3448,GO_GOAL
27.8,1.1294,0.7737,0.6293,0.4487,1.5703,1.1405,0.7614,0.3423,GO_GOAL
27.82,1.1323,0.7758,0.6293,0.4511,1.573,1.1579,0.7741,0.3398,GO_GOAL
27.84,1.1352,0.7779,0.6293,0.4535,1.5757,1.1579,0.7741,0.3373,GO_GOAL
27.86,1.1381,0.7801,0.6293,0.4559,1.5784,1.1579,0.7741,0.3348,GO_GOAL
27.88,1.141,0.7822,0.6293,0.4583,1.5811,1.1579,0.7741,0.3323,GO_GOAL
27.9,1.144,0.7843,0.6293,0.4607,1.5838,1.1579,0.7741,0.3298,GO_GOAL
27.92,1.1469,0.7864,0.6293,0.4631,1.5865,1.1725,0.7847,0.3273,GO_GOAL
27.94,1.1498,0.7885,0.6293,0.4655,1.5892,1.1725,0.7847,0.3249,GO_GOAL
27.96,1.1527,0.7907,0.6293,0.4679,1.5918,1.1725,0.7847,0.3224,GO_GOAL
27.98,1.1556,0.7928,0.6293,0.4727,1.5972,1.1725,0.7847,0.32,GO_GOAL
28.0,1.1585,0.7949,0.6293,0.4727,1.5972,1.1725,0.7847,0.3176,GO_GOAL
28.02,1.1614,0.797,0.6293,0.4751,1.5999,1.1841,0.7932,0.3151,GO_GOAL
28.04,1.1643,0.7991,0.6293,0.4775,1.6026,1.1841,0.7932,0.3127,GO_GOAL
28.06,1.1672,0.8013,0.6293,0.4798,1.6053,1.1841,0.7932,0.3104,GO_GOAL
28.08,1.1702,0.8034,0.6293,0.4822,1.608,1.1841,0.7932,0.308,GO_GOAL
28.1,1.1731,0.8055,0.6293,0.4846,1.6107,1.1841,0.7932,0.3056,GO_GOAL
28.12,1.176,0.8076,0.6293,0.487,1.6134,1.1987,0.8037,0.3033,GO_GOAL
28.14,1.1789,0.8097,0.6293,0.4894,1.6161,1.1987,0.8037,0.3009,GO_GOAL
28.16,1.1818,0.8118,0.6293,0.4918,1.6188,1.1987,0.8037,0.2986,GO_GOAL
28.18,1.1847,0.814,0.6293,0.4942,1.6214,1.1987,0.8037,0.2963,GO_GOAL
28.2,1.1876,0.8161,0.6293,0.4966,1.6241,1.1987,0.8037,0.294,GO_GOAL
28.22,1.1905,0.8182,0.6293,0.499,1.6268,1.2132,0.8143,0.2917,GO_GOAL
28.24,1.1934,0.8203,0.6293,0.5014,1.6295,1.2132,0.8143,0.2894,GO_GOAL
28.26,1.1963,0.8224,0.6293,0.5062,1.6349,1.2132,0.8143,0.2871,GO_GOAL
28.28,1.1993,0.8246,0.6293,0.5062,1.6349,1.2132,0.8143,0.2849,GO_GOAL
28.3,1.2022,0.8267,0.6293,0.5086,1.6376,1.2132,0.8143,0.2826,GO_GOAL
28.32,1.2051,0.8288,0.6293,0.5109,1.6403,1.2307,0.8271,0.2804,GO_GOAL
28.34,1.208,0.8309,0.6293,0.5133,1.643,1.2307,0.8271,0.2782,GO_GOAL
28.36,1.2109,0.833,0.6293,0.5157,1.6457,1.2307,0.8271,0.276,GO_GOAL
28.38,1.2138,0.8352,0.6293,0.5205,1.651,1.2307,0.8271,0.2738,GO_GOAL
28.4,1.2167,0.8373,0.6293,0.5205,1.651,1.2307,0.8271,0.2716,GO_GOAL
28.42,1.2196,0.8394,0.6293,0.5229,1.6537,1.2423,0.8355,0.2695,GO_GOAL
28.44,1.2225,0.8415,0.6293,0.5253,1.6564,1.2423,0.8355,0.2673,GO_GOAL
28.46,1.2254,0.8436,0.6293,0.5277,1.6591,1.2423,0.8355,0.2652,GO_GOAL
28.48,1.2284,0.8458,0.6293,0.5301,1.6618,1.2423,0.8355,0.2631,GO_GOAL
28.5,1.2313,0.8479,0.6293,0.5325,1.6645,1.2423,0.8355,0.261,GO_GOAL
28.52,1.2342,0.85,0.6293,0.5349,1.6672,1.2569,0.8461,0.2589,GO_GOAL
28.54,1.2371,0.8521,0.6293,0.5373,1.6699,1.2569,0.8461,0.2568,GO_GOAL
28.56,1.24,0.8542,0.6293,0.542,1.6752,1.2569,0.8461,0.2548,GO_GOAL
28.58,1.2429,0.8563,0.6293,0.542,1.6752,1.2569,0.8461,0.2527,GO_GOAL
28.6,1.2458,0.8585,0.6293,0.5444,1.6779,1.2569,0.8461,0.2507,GO_GOAL
28.62,1.2487,0.8606,0.6293,0.5492,1.6833,1.2714,0.8567,0.2487,GO_GOAL
28.64,1.2516,0.8627,0.6293,0.5492,1.6833,1.2714,0.8567,0.2467,GO_GOAL
28.66,1.2545,0.8648,0.6293,0.5516,1.686,1.2714,0.8567,0.2448,GO_GOAL
28.68,1.2575,0.8669,0.6293,0.554,1.6887,1.2714,0.8567,0.2428,GO_GOAL
28.7,1.2604,0.8691,0.6293,0.5564,1.6914,1.2714,0.8567,0.2409,GO_GOAL
28.72,1.2633,0.8712,0.6293,0.5588,1.6941,1.286,0.8673,0.2389,GO_GOAL
28.74,1.2662,0.8733,0.6293,0.5612,1.6968,1.286,0.8673,0.237,GO_GOAL
28.76,1.2691,0.8754,0.6293,0.5636,1.6995,1.286,0.8673,0.2351,GO_GOAL
28.78,1.272,0.8775,0.6293,0.566,1.7021,1.286,0.8673,0.2333,GO_GOAL
28.8,1.2749,0.8797,0.6293,0.5684,1.7048,1.286,0.8673,0.2314,GO_GOAL
28.82,1.2778,0.8818,0.6293,0.5731,1.7102,1.3034,0.88,0.2296,GO_GOAL
28.84,1.2807,0.8839,0.6293,0.5731,1.7102,1.3034,0.88,0.2277,GO_GOAL
28.86,1.2837,0.886,0.6293,0.5755,1.7129,1.3034,0.88,0.2259,GO_GOAL
28.88,1.2866,0.8881,0.6293,0.5779,1.7156,1.3034,0.88,0.2242,GO_GOAL
28.9,1.2895,0.8903,0.6293,0.5803,1.7183,1.3034,0.88,0.2224,GO_GOAL
28.92,1.2924,0.8924,0.6293,0.5827,1.721,1.3151,0.8885,0.2206,GO_GOAL
28.94,1.2953,0.8945,0.6293,0.5851,1.7237,1.3151,0.8885,0.2189,GO_GOAL
28.96,1.2982,0.8966,0.6293,0.5875,1.7264,1.3151,0.8885,0.2172,GO_GOAL
28.98,1.3011,0.8987,0.6293,0.5899,1.729,1.3151,0.8885,0.2155,GO_GOAL
29.0,1.304,0.9008,0.6293,0.5947,1.7344,1.3296,0.8991,0.2138,GO_GOAL
29.02,1.3069,0.903,0.6293,0.5947,1.7344,1.3296,0.8991,0.2122,GO_GOAL
29.04,1.3098,0.9051,0.6293,0.5971,1.7371,1.3296,0.8991,0.2106,GO_GOAL
29.06,1.3128,0.9072,0.6293,0.5995,1.7398,1.3296,0.8991,0.209,GO_GOAL
29.08,1.3157,0.9093,0.6293,0.6019,1.7425,1.3296,0.8991,0.2074,GO_GOAL
29.1,1.3186,0.9114,0.6293,0.6042,1.7452,1.3296,0.8991,0.2058,GO_GOAL
29.12,1.3215,0.9136,0.6293,0.6066,1.7479,1.3442,0.9097,0.2042,GO_GOAL
29.14,1.3244,0.9157,0.6293,0.609,1.7506,1.3442,0.9097,0.2027,GO_GOAL
29.16,1.3273,0.9178,0.6293,0.6114,1.7533,1.3442,0.9097,0.2012,GO_GOAL
29.18,1.3302,0.9199,0.6293,0.6138,1.7559,1.3442,0.9097,0.1997,GO_GOAL
29.2,1.3331,0.922,0.6293,0.6186,1.7613,1.3442,0.9097,0.1982,GO_GOAL
29.22,1.336,0.9242,0.6293,0.6186,1.7613,1.3587,0.9203,0.1968,GO_GOAL
29.24,1.3389,0.9263,0.6293,0.621,1.764,1.3587,0.9203,0.1954,GO_GOAL
29.26,1.3419,0.9284,0.6293,0.6234,1.7667,1.3587,0.9203,0.194,GO_GOAL
29.28,1.3448,0.9305,0.6293,0.6258,1.7694,1.3587,0.9203,0.1926,GO_GOAL
29.3,1.3477,0.9326,0.6293,0.6282,1.7721,1.3587,0.9203,0.1912,GO_GOAL
29.32,1.3506,0.9348,0.6293,0.6306,1.7748,1.3733,0.9309,0.1899,GO_GOAL
29.34,1.3535,0.9369,0.6293,0.633,1.7775,1.3733,0.9309,0.1886,GO_GOAL
29.36,1.3564,0.939,0.6293,0.6354,1.7802,1.3733,0.9309,0.1873,GO_GOAL
29.38,1.3593,0.9411,0.6293,0.6377,1.7828,1.3733,0.9309,0.186,GO_GOAL
29.4,1.3622,0.9432,0.6293,0.6401,1.7855,1.3733,0.9309,0.1848,GO_GOAL
29.42,1.3651,0.9453,0.6293,0.6425,1.7882,1.3878,0.9415,0.1835,GO_GOAL
29.44,1.3681,0.9475,0.6293,0.6449,1.7909,1.3878,0.9415,0.1823,GO_GOAL
29.46,1.371,0.9496,0.6293,0.6473,1.7936,1.3878,0.9415,0.1812,GO_GOAL
29.48,1.3739,0.9517,0.6293,0.6497,1.7963,1.3878,0.9415,0.18,GO_GOAL
29.5,1.3768,0.9538,0.6293,0.6521,1.799,1.4024,0.9521,0.1789,GO_GOAL
29.52,1.3797,0.9559,0.6293,0.6545,1.8017,1.4024,0.9521,0.1778,GO_GOAL
29.54,1.3826,0.9581,0.6293,0.6569,1.8044,1.4024,0.9521,0.1767,GO_GOAL
29.56,1.3855,0.9602,0.6293,0.6593,1.8071,1.4024,0.9521,0.1756,GO_GOAL
29.58,1.3884,0.9623,0.6293,0.6641,1.8124,1.4024,0.9521,0.1746,GO_GOAL
29.6,1.3913,0.9644,0.6293,0.6641,1.8124,1.4024,0.9521,0.1736,GO_GOAL
29.62,1.3942,0.9665,0.6293,0.6665,1.8151,1.4169,0.9627,0.1726,GO_GOAL
29.64,1.3972,0.9687,0.6293,0.6688,1.8178,1.4169,0.9627,0.1717,GO_GOAL
29.66,1.4001,0.9708,0.6293,0.6712,1.8205,1.4169,0.9627,0.1707,GO_GOAL
29.68,1.403,0.9729,0.6293,0.6736,1.8232,1.4169,0.9627,0.1698,GO_GOAL
29.7,1.4059,0.975,0.6293,0.676,1.8259,1.4169,0.9627,0.1689,GO_GOAL
29.72,1.4088,0.9771,0.6293,0.6784,1.8286,1.4315,0.9733,0.1681,GO_GOAL
29.74,1.4117,0.9793,0.6293,0.6808,1.8313,1.4315,0.9733,0.1672,GO_GOAL
29.76,1.4146,0.9814,0.6293,0.6832,1.834,1.4315,0.9733,0.1664,GO_GOAL
29.78,1.4175,0.9835,0.6293,0.688,1.8393,1.4315,0.9733,0.1657,GO_GOAL
29.8,1.4204,0.9856,0.6293,0.6904,1.842,1.4315,0.9733,0.1649,GO_GOAL
29.82,1.4233,0.9877,0.6293,0.6904,1.842,1.446,0.9839,0.1642,GO_GOAL
29.84,1.4263,0.9898,0.6293,0.6928,1.8447,1.446,0.9839,0.1635,GO_GOAL
29.86,1.4292,0.992,0.6293,0.6952,1.8474,1.446,0.9839,0.1628,GO_GOAL
29.88,1.4321,0.9941,0.6293,0.6976,1.8501,1.446,0.9839,0.1622,GO_GOAL
29.9,1.435,0.9962,0.6293,0.7023,1.8555,1.446,0.9839,0.1615,GO_GOAL
29.92,1.4379,0.9983,0.6293,0.7023,1.8555,1.4606,0.9945,0.1609,GO_GOAL
29.94,1.4408,1.0004,0.6293,0.7047,1.8582,1.4606,0.9945,0.1604,GO_GOAL
29.96,1.4437,1.0026,0.6293,0.7071,1.8609,1.4606,0.9945,0.1598,GO_GOAL
29.98,1.4466,1.0047,0.6293,0.7095,1.8635,1.4606,0.9945,0.1593,GO_GOAL
30.0,1.4495,1.0068,0.6293,0.7119,1.8662,1.4606,0.9945,0.1588,GO_GOAL
30.02,1.4524,1.0089,0.6293,0.7143,1.8689,1.4781,1.0072,0.1584,GO_GOAL
30.04,1.4554,1.011,0.6293,0.7167,1.8716,1.4781,1.0072,0.1579,GO_GOAL
30.06,1.4583,1.0132,0.6293,0.7191,1.8743,1.4781,1.0072,0.1575,GO_GOAL
30.08,1.4612,1.0153,0.6293,0.7239,1.8797,1.4781,1.0072,0.1572,GO_GOAL
30.1,1.4641,1.0174,0.6293,0.7239,1.8797,1.4781,1.0072,0.1568,GO_GOAL
30.12,1.467,1.0195,0.6293,0.7263,1.8824,1.4897,1.0156,0.1565,GO_GOAL
30.14,1.4699,1.0216,0.6293,0.7287,1.8851,1.4897,1.0156,0.1562,GO_GOAL
30.16,1.4728,1.0238,0.6293,0.731,1.8878,1.4897,1.0156,0.1559,GO_GOAL
30.18,1.4757,1.0259,0.6293,0.7334,1.8904,1.4897,1.0156,0.1557,GO_GOAL
30.2,1.4786,1.028,0.6293,0.7358,1.8931,1.4897,1.0156,0.1555,GO_GOAL
30.22,1.4816,1.0301,0.6293,0.7382,1.8958,1.5072,1.0284,0.1553,GO_GOAL
30.24,1.4845,1.0322,0.6293,0.7406,1.8985,1.5072,1.0284,0.1551,GO_GOAL
30.26,1.4874,1.0343,0.6293,0.743,1.9012,1.5072,1.0284,0.155,GO_GOAL
30.28,1.4903,1.0365,0.6293,0.7454,1.9039,1.5072,1.0284,0.1549,GO_GOAL
30.3,1.4932,1.0386,0.6293,0.7478,1.9066,1.5072,1.0284,0.1548,GO_GOAL
30.32,1.4961,1.0407,0.6293,0.7502,1.9093,1.5188,1.0368,0.1548,GO_GOAL
30.34,1.499,1.0428,0.6293,0.7526,1.912,1.5188,1.0368,0.1547,GO_GOAL
30.36,1.5019,1.0449,0.6293,0.755,1.9147,1.5188,1.0368,0.1548,GO_GOAL
30.38,1.5048,1.0471,0.6293,0.7574,1.9173,1.5188,1.0368,0.1548,GO_GOAL
30.4,1.5077,1.0492,0.6293,0.7598,1.92,1.5188,1.0368,0.1549,GO_GOAL
30.42,1.5107,1.0513,0.6293,0.7621,1.9227,1.5334,1.0474,0.155,GO_GOAL
30.44,1.5136,1.0534,0.6293,0.7645,1.9254,1.5334,1.0474,0.1551,GO_GOAL
30.46,1.5165,1.0555,0.6293,0.7693,1.9308,1.5334,1.0474,0.1552,GO_GOAL
30.48,1.5194,1.0577,0.6293,0.7693,1.9308,1.5334,1.0474,0.1554,GO_GOAL
30.5,1.5223,1.0598,0.6293,0.7717,1.9335,1.5334,1.0474,0.1556,GO_GOAL
30.52,1.5252,1.0619,0.6293,0.7765,1.9389,1.5479,1.058,0.1558,GO_GOAL
30.54,1.5281,1.064,0.6293,0.7765,1.9389,1.5479,1.058,0.1561,GO_GOAL
30.56,1.531,1.0661,0.6293,0.7789,1.9416,1.5479,1.058,0.1564,GO_GOAL
30.58,1.5339,1.0683,0.6293,0.7813,1.9442,1.5479,1.058,0.1567,GO_GOAL
30.6,1.5368,1.0704,0.6293,0.7837,1.9469,1.5479,1.058,0.157,GO_GOAL
30.62,1.5398,1.0725,0.6293,0.7861,1.9496,1.5625,1.0686,0.1574,GO_GOAL
30.64,1.5427,1.0746,0.6293,0.7885,1.9523,1.5625,1.0686,0.1578,GO_GOAL
30.66,1.5456,1.0767,0.6293,0.7909,1.955,1.5625,1.0686,0.1582,GO_GOAL
30.68,1.5485,1.0788,0.6293,0.7933,1.9577,1.5625,1.0686,0.1587,GO_GOAL
30.7,1.5514,1.081,0.6293,0.7956,1.9604,1.5625,1.0686,0.1592,GO_GOAL
30.72,1.5543,1.0831,0.6293,0.8004,1.9658,1.577,1.0792,0.1597,GO_GOAL
30.74,1.5572,1.0852,0.6293,0.8004,1.9658,1.577,1.0792,0.1602,GO_GOAL
30.76,1.5601,1.0873,0.6293,0.8052,1.9711,1.577,1.0792,0.1608,GO_GOAL
30.78,1.563,1.0894,0.6293,0.8052,1.9711,1.577,1.0792,0.1614,GO_GOAL
30.8,1.5659,1.0916,0.6293,0.8076,1.9738,1.577,1.0792,0.162,GO_GOAL
30.82,1.5689,1.0937,0.6293,0.8124,1.9792,1.5916,1.0898,0.1626,GO_GOAL
30.84,1.5718,1.0958,0.6293,0.8124,1.9792,1.5916,1.0898,0.1633,GO_GOAL
30.86,1.5747,1.0979,0.6293,0.8148,1.9819,1.5916,1.0898,0.164,GO_GOAL
30.88,1.5776,1.1,0.6293,0.8172,1.9846,1.5916,1.0898,0.1647,GO_GOAL
30.9,1.5805,1.1022,0.6293,0.8196,1.9873,1.5916,1.0898,0.1654,GO_GOAL
30.92,1.5834,1.1043,0.6293,0.822,1.99,1.6061,1.1004,0.1662,GO_GOAL
30.94,1.5863,1.1064,0.6293,0.8244,1.9927,1.6061,1.1004,0.167,GO_GOAL
30.96,1.5892,1.1085,0.6293,0.8267,1.9954,1.6061,1.1004,0.1678,GO_GOAL
30.98,1.5921,1.1106,0.6293,0.8291,1.998,1.6061,1.1004,0.1687,GO_GOAL
31.0,1.5951,1.1128,0.6293,0.8315,2.0007,1.6061,1.1004,0.1696,GO_GOAL
31.02,1.598,1.1149,0.6293,0.8363,2.0061,1.6207,1.111,0.1705,GO_GOAL
31.04,1.6009,1.117,0.6293,0.8363,2.0061,1.6207,1.111,0.1714,GO_GOAL
31.06,1.6038,1.1191,0.6293,0.8387,2.0088,1.6207,1.111,0.1723,GO_GOAL
31.08,1.6067,1.1212,0.6293,0.8411,2.0115,1.6207,1.111,0.1733,GO_GOAL
31.1,1.6096,1.1233,0.6293,0.8435,2.0142,1.6207,1.111,0.1743,GO_GOAL
31.12,1.6125,1.1255,0.6293,0.8459,2.0169,1.6352,1.1216,0.1753,GO_GOAL
31.14,1.6154,1.1276,0.6293,0.8483,2.0196,1.6352,1.1216,0.1764,GO_GOAL
31.16,1.6183,1.1297,0.6293,0.8507,2.0223,1.6352,1.1216,0.1775,GO_GOAL
31.18,1.6212,1.1318,0.6293,0.8531,2.0249,1.6352,1.1216,0.1786,GO_GOAL
31.2,1.6242,1.1339,0.6293,0.8555,2.0276,1.6352,1.1216,0.1797,GO_GOAL
31.22,1.6271,1.1361,0.6293,0.8578,2.0303,1.6498,1.1322,0.1808,GO_GOAL
31.24,1.63,1.1382,0.6293,0.8602,2.033,1.6498,1.1322,0.182,GO_GOAL
31.26,1.6329,1.1403,0.6293,0.8626,2.0357,1.6498,1.1322,0.1832,GO_GOAL
31.28,1.6358,1.1424,0.6293,0.865,2.0384,1.6498,1.1322,0.1844,GO_GOAL
31.3,1.6387,1.1445,0.6293,0.8674,2.0411,1.6498,1.1322,0.1857,GO_GOAL
31.32,1.6416,1.1467,0.6293,0.8698,2.0438,1.6643,1.1428,0.1869,GO_GOAL
31.34,1.6445,1.1488,0.6293,0.8722,2.0465,1.6643,1.1428,0.1882,GO_GOAL
31.36,1.6474,1.1509,0.6293,0.8746,2.0492,1.6643,1.1428,0.1895,GO_GOAL
31.38,1.6503,1.153,0.6293,0.8794,2.0545,1.6643,1.1428,0.1908,GO_GOAL
31.4,1.6533,1.1551,0.6293,0.8794,2.0545,1.6643,1.1428,0.1922,GO_GOAL
31.42,1.6562,1.1573,0.6293,0.8818,2.0572,1.6789,1.1534,0.1936,GO_GOAL
31.44,1.6591,1.1594,0.6293,0.8842,2.0599,1.6789,1.1534,0.195,GO_GOAL
31.46,1.662,1.1615,0.6293,0.8866,2.0626,1.6789,1.1534,0.1964,GO_GOAL
31.48,1.6649,1.1636,0.6293,0.8889,2.0653,1.6789,1.1534,0.1978,GO_GOAL
31.5,1.6678,1.1657,0.6293,0.8913,2.068,1.6789,1.1534,0.1993,GO_GOAL
31.52,1.6707,1.1678,0.6293,0.8937,2.0707,1.6934,1.164,0.2008,GO_GOAL
31.54,1.6736,1.17,0.6293,0.8961,2.0734,1.6934,1.164,0.2023,GO_GOAL
31.56,1.6765,1.1721,0.6293,0.9009,2.0787,1.6934,1.164,0.2038,GO_GOAL
31.58,1.6794,1.1742,0.6293,0.9009,2.0787,1.6934,1.164,0.2053,GO_GOAL
31.6,1.6824,1.1763,0.6293,0.9057,2.0841,1.6934,1.164,0.2069,GO_GOAL
31.62,1.6853,1.1784,0.6293,0.9057,2.0841,1.708,1.1746,0.2085,GO_GOAL
31.64,1.6882,1.1806,0.6293,0.9081,2.0868,1.708,1.1746,0.2101,GO_GOAL
31.66,1.6911,1.1827,0.6293,0.9105,2.0895,1.708,1.1746,0.2117,GO_GOAL
31.68,1.694,1.1848,0.6293,0.9129,2.0922,1.708,1.1746,0.2134,GO_GOAL
31.7,1.6969,1.1869,0.6293,0.9153,2.0949,1.708,1.1746,0.215,GO_GOAL
31.72,1.6998,1.189,0.6293,0.9177,2.0976,1.7225,1.1852,0.2167,GO_GOAL
31.74,1.7027,1.1912,0.6293,0.92,2.1003,1.7225,1.1852,0.2184,GO_GOAL
31.76,1.7056,1.1933,0.6293,0.9248,2.1056,1.7225,1.1852,0.2202,GO_GOAL
31.78,1.7086,1.1954,0.6293,0.9248,2.1056,1.7225,1.1852,0.2219,GO_GOAL
31.8,1.7115,1.1975,0.6293,0.9272,2.1083,1.7225,1.1852,0.2237,GO_GOAL
31.82,1.7144,1.1996,0.6293,0.9296,2.111,1.7371,1.1958,0.2254,GO_GOAL
31.84,1.7173,1.2018,0.6293,0.932,2.1137,1.7371,1.1958,0.2272,GO_GOAL
31.86,1.7202,1.2039,0.6293,0.9344,2.1164,1.7371,1.1958,0.229,GO_GOAL
31.88,1.7231,1.206,0.6293,0.9368,2.1191,1.7371,1.1958,0.2309,GO_GOAL
31.9,1.726,1.2081,0.6293,0.9392,2.1218,1.7371,1.1958,0.2327,GO_GOAL
31.92,1.7289,1.2102,0.6293,0.9416,2.1245,1.7516,1.2064,0.2346,GO_GOAL
31.94,1.7318,1.2123,0.6293,0.944,2.1272,1.7516,1.2064,0.2365,GO_GOAL
31.96,1.7347,1.2145,0.6293,0.9464,2.1299,1.7516,1.2064,0.2384,GO_GOAL
31.98,1.7377,1.2166,0.6293,0.9488,2.1325,1.7516,1.2064,0.2403,GO_GOAL
32.0,1.7406,1.2187,0.6293,0.9512,2.1352,1.7516,1.2064,0.2422,GO_GOAL
32.02,1.7435,1.2208,0.6293,0.9559,2.1406,1.7662,1.217,0.2442,GO_GOAL
32.04,1.7464,1.2229,0.6293,0.9559,2.1406,1.7662,1.217,0.2462,GO_GOAL
32.06,1.7493,1.2251,0.6293,0.9583,2.1433,1.7662,1.217,0.2481,GO_GOAL
32.08,1.7522,1.2272,0.6293,0.9607,2.146,1.7662,1.217,0.2501,GO_GOAL
32.1,1.7551,1.2293,0.6293,0.9631,2.1487,1.7662,1.217,0.2522,GO_GOAL
32.12,1.758,1.2314,0.6293,0.9655,2.1514,1.7836,1.2297,0.2542,GO_GOAL
32.14,1.7609,1.2335,0.6293,0.9703,2.1568,1.7836,1.2297,0.2562,GO_GOAL
32.16,1.7638,1.2357,0.6293,0.9727,2.1594,1.7836,1.2297,0.2583,GO_GOAL
32.18,1.7668,1.2378,0.6293,0.9727,2.1594,1.7836,1.2297,0.2604,GO_GOAL
32.2,1.7697,1.2399,0.6293,0.9751,2.1621,1.7836,1.2297,0.2625,GO_GOAL
32.22,1.7726,1.242,0.6293,0.9775,2.1648,1.7953,1.2381,0.2646,GO_GOAL
32.24,1.7755,1.2441,0.6293,0.9823,2.1702,1.7953,1.2381,0.2667,GO_GOAL
32.26,1.7784,1.2463,0.6293,0.9823,2.1702,1.7953,1.2381,0.2689,GO_GOAL
32.28,1.7813,1.2484,0.6293,0.9846,2.1729,1.7953,1.2381,0.271,GO_GOAL
32.3,1.7842,1.2505,0.6293,0.987,2.1756,1.7953,1.2381,0.2732,GO_GOAL
32.32,1.7871,1.2526,0.6293,0.9894,2.1783,1.8127,1.2509,0.2754,GO_GOAL
32.34,1.79,1.2547,0.6293,0.9918,2.181,1.8127,1.2509,0.2776,GO_GOAL
32.36,1.793,1.2568,0.6293,0.9942,2.1837,1.8127,1.2509,0.2798,GO_GOAL
32.38,1.7959,1.259,0.6293,0.9966,2.1863,1.8127,1.2509,0.282,GO_GOAL
32.4,1.7988,1.2611,0.6293,0.999,2.189,1.8127,1.2509,0.2842,GO_GOAL
32.42,1.8017,1.2632,0.6293,1.0014,2.1917,1.8244,1.2593,0.2865,GO_GOAL
32.44,1.8046,1.2653,0.6293,1.0038,2.1944,1.8244,1.2593,0.2887,GO_GOAL
32.46,1.8075,1.2674,0.6293,1.0062,2.1971,1.8244,1.2593,0.291,GO_GOAL
32.48,1.8104,1.2696,0.6293,1.0086,2.1998,1.8244,1.2593,0.2933,GO_GOAL
32.5,1.8133,1.2717,0.6293,1.011,2.2025,1.8244,1.2593,0.2956,GO_GOAL
32.52,1.8162,1.2738,0.6293,1.0134,2.2052,1.8389,1.2699,0.2979,GO_GOAL
32.54,1.8191,1.2759,0.6293,1.0181,2.2106,1.8389,1.2699,0.3002,GO_GOAL
32.56,1.8221,1.278,0.6293,1.0181,2.2106,1.8389,1.2699,0.3026,GO_GOAL
32.58,1.825,1.2802,0.6293,1.0205,2.2132,1.8389,1.2699,0.3049,GO_GOAL
32.6,1.8279,1.2823,0.6293,1.0229,2.2159,1.8389,1.2699,0.3073,GO_GOAL
32.62,1.8308,1.2844,0.6293,1.0253,2.2186,1.8535,1.2805,0.3097,GO_GOAL
32.64,1.8337,1.2865,0.6293,1.0277,2.2213,1.8535,1.2805,0.3121,GO_GOAL
32.66,1.8366,1.2886,0.6293,1.0301,2.224,1.8535,1.2805,0.3145,GO_GOAL
32.68,1.8395,1.2908,0.6293,1.0325,2.2267,1.8535,1.2805,0.3169,GO_GOAL
32.7,1.8424,1.2929,0.6293,1.0349,2.2294,1.8535,1.2805,0.3193,GO_GOAL
32.72,1.8453,1.295,0.6293,1.0373,2.2321,1.868,1.2911,0.3217,GO_GOAL
32.74,1.8482,1.2971,0.6293,1.0397,2.2348,1.868,1.2911,0.3242,GO_GOAL
32.76,1.8512,1.2992,0.6293,1.0421,2.2375,1.868,1.2911,0.3266,GO_GOAL
32.78,1.8541,1.3013,0.6293,1.0468,2.2428,1.868,1.2911,0.3291,GO_GOAL
32.8,1.857,1.3035,0.6293,1.0468,2.2428,1.868,1.2911,0.3316,GO_GOAL
32.82,1.8599,1.3056,0.6293,1.0492,2.2455,1.8826,1.3017,0.3341,GO_GOAL
32.84,1.8628,1.3077,0.6293,1.0516,2.2482,1.8826,1.3017,0.3366,GO_GOAL
32.86,1.8657,1.3098,0.6293,1.054,2.2509,1.8826,1.3017,0.3391,GO_GOAL
32.88,1.8686,1.3119,0.6293,1.0564,2.2536,1.8826,1.3017,0.3416,GO_GOAL
32.9,1.8715,1.3141,0.6293,1.0588,2.2563,1.8826,1.3017,0.3441,GO_GOAL
32.92,1.8744,1.3162,0.6293,1.0612,2.259,1.8971,1.3123,0.3466,GO_GOAL
32.94,1.8773,1.3183,0.6293,1.0636,2.2617,1.8971,1.3123,0.3492,GO_GOAL
32.96,1.8803,1.3204,0.6293,1.066,2.2644,1.8971,1.3123,0.3517,GO_GOAL
32.98,1.8832,1.3225,0.6293,1.0684,2.267,1.8971,1.3123,0.3543,GO_GOAL
33.0,1.8861,1.3247,0.6293,1.0708,2.2697,1.8971,1.3123,0.3569,GO_GOAL
33.02,1.889,1.3268,0.6293,1.0732,2.2724,1.9117,1.3229,0.3595,GO_GOAL
33.04,1.8919,1.3289,0.6293,1.0756,2.2751,1.9117,1.3229,0.3621,GO_GOAL
33.06,1.8948,1.331,0.6293,1.0779,2.2778,1.9117,1.3229,0.3647,GO_GOAL
33.08,1.8977,1.3331,0.6293,1.0803,2.2805,1.9117,1.3229,0.3673,GO_GOAL
33.1,1.9006,1.3353,0.6293,1.0827,2.2832,1.9117,1.3229,0.3699,GO_GOAL
33.12,1.9035,1.3374,0.6293,1.0851,2.2859,1.9262,1.3335,0.3726,GO_GOAL
33.14,1.9065,1.3395,0.6293,1.0899,2.2913,1.9262,1.3335,0.3752,GO_GOAL
33.16,1.9094,1.3416,0.6293,1.0923,2.2939,1.9262,1.3335,0.3778,GO_GOAL
33.18,1.9123,1.3437,0.6293,1.0923,2.2939,1.9262,1.3335,0.3805,GO_GOAL
33.2,1.9152,1.3458,0.6293,1.0947,2.2966,1.9262,1.3335,0.3832,GO_GOAL
33.22,1.9181,1.348,0.6293,1.0971,2.2993,1.9408,1.3441,0.3858,GO_GOAL
33.24,1.921,1.3501,0.6293,1.0995,2.302,1.9408,1.3441,0.3885,GO_GOAL
33.26,1.9239,1.3522,0.6293,1.1019,2.3047,1.9408,1.3441,0.3912,GO_GOAL
33.28,1.9268,1.3543,0.6293,1.1043,2.3074,1.9408,1.3441,0.3939,GO_GOAL
33.3,1.9297,1.3564,0.6293,1.1067,2.3101,1.9408,1.3441,0.3966,GO_GOAL
33.32,1.9326,1.3586,0.6293,1.1091,2.3128,1.9553,1.3547,0.3993,GO_GOAL
33.34,1.9356,1.3607,0.6293,1.1114,2.3155,1.9553,1.3547,0.4021,GO_GOAL
33.36,1.9385,1.3628,0.6293,1.1138,2.3182,1.9553,1.3547,0.4048,GO_GOAL
33.38,1.9414,1.3649,0.6293,1.1162,2.3209,1.9553,1.3547,0.4075,GO_GOAL
33.4,1.9443,1.367,0.6293,1.121,2.3262,1.9553,1.3547,0.4103,GO_GOAL
33.42,1.9472,1.3692,0.6293,1.121,2.3262,1.9728,1.3674,0.413,GO_GOAL
33.44,1.9501,1.3713,0.6293,1.1234,2.3289,1.9728,1.3674,0.4158,GO_GOAL
33.46,1.953,1.3734,0.6293,1.1258,2.3316,1.9728,1.3674,0.4186,GO_GOAL
33.48,1.9559,1.3755,0.6293,1.1306,2.337,1.9728,1.3674,0.4213,GO_GOAL
33.5,1.9588,1.3776,0.6293,1.1306,2.337,1.9728,1.3674,0.4241,GO_GOAL
33.52,1.9617,1.3798,0.6293,1.1354,2.3424,1.9844,1.3759,0.4269,GO_GOAL
33.54,1.9647,1.3819,0.6293,1.1354,2.3424,1.9844,1.3759,0.4297,GO_GOAL
33.56,1.9676,1.384,0.6293,1.1402,2.3478,1.9844,1.3759,0.4325,GO_GOAL
33.58,1.9705,1.3861,0.6293,1.1402,2.3478,1.9844,1.3759,0.4353,GO_GOAL
33.6,1.9734,1.3882,0.6293,1.1425,2.3504,1.9844,1.3759,0.4381,GO_GOAL
33.62,1.9763,1.3903,0.6293,1.1449,2.3531,1.999,1.3865,0.441,GO_GOAL
33.64,1.9792,1.3925,0.6293,1.1473,2.3558,1.999,1.3865,0.4438,GO_GOAL
33.66,1.9821,1.3946,0.6293,1.1497,2.3585,1.999,1.3865,0.4466,GO_GOAL
33.68,1.985,1.3967,0.6293,1.1521,2.3612,1.999,1.3865,0.4495,GO_GOAL
33.7,1.9879,1.3988,0.6293,1.1545,2.3639,1.999,1.3865,0.4523,GO_GOAL
33.72,1.9908,1.4009,0.6293,1.1593,2.3693,2.0165,1.3992,0.4552,GO_GOAL
33.74,1.9938,1.4031,0.6293,1.1593,2.3693,2.0165,1.3992,0.4581,GO_GOAL
33.76,1.9967,1.4052,0.6293,1.1617,2.372,2.0165,1.3992,0.4609,GO_GOAL
33.78,1.9996,1.4073,0.6293,1.1641,2.3747,2.0165,1.3992,0.4638,GO_GOAL
33.8,2.0025,1.4094,0.6293,1.1665,2.3773,2.0165,1.3992,0.4667,GO_GOAL
33.82,2.0054,1.4115,0.6293,1.1689,2.38,2.0281,1.4077,0.4696,GO_GOAL
33.84,2.0083,1.4137,0.6293,1.1713,2.3827,2.0281,1.4077,0.4725,GO_GOAL
33.86,2.0112,1.4158,0.6293,1.1736,2.3854,2.0281,1.4077,0.4754,GO_GOAL
33.88,2.0141,1.4179,0.6293,1.1784,2.3908,2.0281,1.4077,0.4783,GO_GOAL
33.9,2.017,1.42,0.6293,1.1784,2.3908,2.0281,1.4077,0.4812,GO_GOAL
33.92,2.02,1.4221,0.6293,1.1808,2.3935,2.0427,1.4183,0.4841,GO_GOAL
33.94,2.0229,1.4242,0.6293,1.1832,2.3962,2.0427,1.4183,0.487,GO_GOAL
33.96,2.0258,1.4264,0.6293,1.1856,2.3989,2.0427,1.4183,0.4899,GO_GOAL
33.98,2.0287,1.4285,0.6293,1.188,2.4016,2.0427,1.4183,0.4929,GO_GOAL
34.0,2.0316,1.4306,0.6293,1.1904,2.4042,2.0427,1.4183,0.4958,GO_GOAL
34.02,2.0345,1.4327,0.6293,1.1928,2.4069,2.0572,1.4289,0.4988,GO_GOAL
34.04,2.0374,1.4348,0.6293,1.1952,2.4096,2.0572,1.4289,0.5017,GO_GOAL
34.06,2.0403,1.437,0.6293,1.2,2.415,2.0572,1.4289,0.5047,GO_GOAL
34.08,2.0432,1.4391,0.6293,1.2,2.415,2.0572,1.4289,0.5076,GO_GOAL
34.1,2.0461,1.4412,0.6293,1.2047,2.4204,2.0572,1.4289,0.5106,GO_GOAL
34.12,2.0491,1.4433,0.6293,1.2047,2.4204,2.0718,1.4395,0.5135,GO_GOAL
34.14,2.052,1.4454,0.6293,1.2071,2.4231,2.0718,1.4395,0.5165,GO_GOAL
34.16,2.0549,1.4476,0.6293,1.2095,2.4258,2.0718,1.4395,0.5195,GO_GOAL
34.18,2.0578,1.4497,0.6293,1.2119,2.4285,2.0718,1.4395,0.5225,GO_GOAL
34.2,2.0607,1.4518,0.6293,1.2167,2.4338,2.0718,1.4395,0.5255,GO_GOAL
34.22,2.0636,1.4539,0.6293,1.2167,2.4338,2.0863,1.4501,0.5285,GO_GOAL
34.24,2.0665,1.456,0.6293,1.2215,2.4392,2.0863,1.4501,0.5315,GO_GOAL
34.26,2.0694,1.4582,0.6293,1.2215,2.4392,2.0863,1.4501,0.5345,GO_GOAL
34.28,2.0723,1.4603,0.6293,1.2239,2.4419,2.0863,1.4501,0.5375,GO_GOAL
34.3,2.0752,1.4624,0.6293,1.2263,2.4446,2.0863,1.4501,0.5405,GO_GOAL
34.32,2.0782,1.4645,0.6293,1.2287,2.4473,2.1038,1.4628,0.5435,GO_GOAL
34.34,2.0811,1.4666,0.6293,1.2311,2.45,2.1038,1.4628,0.5465,GO_GOAL
34.36,2.084,1.4687,0.6293,1.2335,2.4527,2.1038,1.4628,0.5496,GO_GOAL
34.38,2.0869,1.4709,0.6293,1.2358,2.4554,2.1038,1.4628,0.5526,GO_GOAL
34.4,2.0898,1.473,0.6293,1.2382,2.458,2.1038,1.4628,0.5556,GO_GOAL
34.42,2.0927,1.4751,0.6293,1.2406,2.4607,2.1154,1.4712,0.5587,GO_GOAL
34.44,2.0956,1.4772,0.6293,1.243,2.4634,2.1154,1.4712,0.5617,GO_GOAL
34.46,2.0985,1.4793,0.6293,1.2454,2.4661,2.1154,1.4712,0.5648,GO_GOAL
34.48,2.1014,1.4815,0.6293,1.2478,2.4688,2.1154,1.4712,0.5678,GO_GOAL
34.5,2.1044,1.4836,0.6293,1.2502,2.4715,2.1154,1.4712,0.5709,GO_GOAL
34.52,2.1073,1.4857,0.6293,1.255,2.4769,2.13,1.4818,0.5739,GO_GOAL
34.54,2.1102,1.4878,0.6293,1.2574,2.4796,2.13,1.4818,0.577,GO_GOAL
34.56,2.1131,1.4899,0.6293,1.2574,2.4796,2.13,1.4818,0.5801,GO_GOAL
34.58,2.116,1.4921,0.6293,1.2598,2.4823,2.13,1.4818,0.5831,GO_GOAL
34.6,2.1189,1.4942,0.6293,1.2622,2.4849,2.13,1.4818,0.5862,GO_GOAL
34.62,2.1218,1.4963,0.6293,1.2646,2.4876,2.1445,1.4924,0.5893,GO_GOAL
34.64,2.1247,1.4984,0.6293,1.267,2.4903,2.1445,1.4924,0.5924,GO_GOAL
34.66,2.1276,1.5005,0.6293,1.2693,2.493,2.1445,1.4924,0.5955,GO_GOAL
34.68,2.1305,1.5027,0.6293,1.2717,2.4957,2.1445,1.4924,0.5985,GO_GOAL
34.7,2.1335,1.5048,0.6293,1.2741,2.4984,2.1445,1.4924,0.6016,GO_GOAL
34.72,2.1364,1.5069,0.6293,1.2765,2.5011,2.1591,1.503,0.6047,GO_GOAL
34.74,2.1393,1.509,0.6293,1.2813,2.5065,2.1591,1.503,0.6078,GO_GOAL
34.76,2.1422,1.5111,0.6293,1.2813,2.5065,2.1591,1.503,0.611,GO_GOAL
34.78,2.1451,1.5132,0.6293,1.2837,2.5092,2.1591,1.503,0.6141,GO_GOAL
34.8,2.148,1.5154,0.6293,1.2861,2.5118,2.1591,1.503,0.6172,GO_GOAL
34.82,2.1509,1.5175,0.6293,1.2885,2.5145,2.1736,1.5136,0.6203,GO_GOAL
34.84,2.1538,1.5196,0.6293,1.2933,2.5199,2.1736,1.5136,0.6234,GO_GOAL
34.86,2.1567,1.5217,0.6293,1.2933,2.5199,2.1736,1.5136,0.6265,GO_GOAL
34.88,2.1596,1.5238,0.6293,1.2957,2.5226,2.1736,1.5136,0.6297,GO_GOAL
34.9,2.1626,1.526,0.6293,1.2981,2.5253,2.1736,1.5136,0.6328,GO_GOAL
34.92,2.1655,1.5281,0.6293,1.3004,2.528,2.1882,1.5242,0.6359,GO_GOAL
34.94,2.1684,1.5302,0.6293,1.3028,2.5307,2.1882,1.5242,0.6391,GO_GOAL
34.96,2.1713,1.5323,0.6293,1.3052,2.5334,2.1882,1.5242,0.6422,GO_GOAL
34.98,2.1742,1.5344,0.6293,1.3076,2.5361,2.1882,1.5242,0.6453,GO_GOAL
35.0,2.1771,1.5366,0.6293,1.31,2.5387,2.1882,1.5242,0.6485,GO_GOAL
35.02,2.18,1.5387,0.6293,1.3124,2.5414,2.2056,1.5369,0.6516,GO_GOAL
35.04,2.1829,1.5408,0.6293,1.3148,2.5441,2.2056,1.5369,0.6548,GO_GOAL
35.06,2.1858,1.5429,0.6293,1.3172,2.5468,2.2056,1.5369,0.658,GO_GOAL
35.08,2.1887,1.545,0.6293,1.3196,2.5495,2.2056,1.5369,0.6611,GO_GOAL
35.1,2.1917,1.5472,0.6293,1.322,2.5522,2.2056,1.5369,0.6643,GO_GOAL
35.12,2.1946,1.5493,0.6293,1.3244,2.5549,2.2173,1.5454,0.6674,GO_GOAL
35.14,2.1975,1.5514,0.6293,1.3268,2.5576,2.2173,1.5454,0.6706,GO_GOAL
35.16,2.2004,1.5535,0.6293,1.3292,2.5603,2.2173,1.5454,0.6738,GO_GOAL
35.18,2.2033,1.5556,0.6293,1.3315,2.563,2.2173,1.5454,0.677,GO_GOAL
35.2,2.2062,1.5577,0.6293,1.3339,2.5656,2.2173,1.5454,0.6801,GO_GOAL
35.22,2.2091,1.5599,0.6293,1.3363,2.5683,2.2318,1.556,0.6833,GO_GOAL
35.24,2.212,1.562,0.6293,1.3387,2.571,2.2318,1.556,0.6865,GO_GOAL
35.26,2.2149,1.5641,0.6293,1.3411,2.5737,2.2318,1.556,0.6897,GO_GOAL
35.28,2.2179,1.5662,0.6293,1.3435,2.5764,2.2318,1.556,0.6929,GO_GOAL
35.3,2.2208,1.5683,0.6293,1.3459,2.5791,2.2318,1.556,0.6961,GO_GOAL
35.32,2.2237,1.5705,0.6293,1.3483,2.5818,2.2464,1.5666,0.6993,GO_GOAL
35.34,2.2266,1.5726,0.6293,1.3507,2.5845,2.2464,1.5666,0.7025,GO_GOAL
35.36,2.2295,1.5747,0.6293,1.3531,2.5872,2.2464,1.5666,0.7057,GO_GOAL
35.38,2.2324,1.5768,0.6293,1.3555,2.5899,2.2464,1.5666,0.7089,GO_GOAL
35.4,2.2353,1.5789,0.6293,1.3603,2.5952,2.2464,1.5666,0.7121,GO_GOAL
35.42,2.2382,1.5811,0.6293,1.3603,2.5952,2.2638,1.5793,0.7153,GO_GOAL
35.44,2.2411,1.5832,0.6293,1.3626,2.5979,2.2638,1.5793,0.7185,GO_GOAL
35.46,2.244,1.5853,0.6293,1.365,2.6006,2.2638,1.5793,0.7217,GO_GOAL
35.48,2.247,1.5874,0.6293,1.3674,2.6033,2.2638,1.5793,0.7249,GO_GOAL
35.5,2.2499,1.5895,0.6293,1.3722,2.6087,2.2638,1.5793,0.7281,GO_GOAL
35.52,2.2528,1.5917,0.6293,1.3722,2.6087,2.2784,1.5899,0.7313,GO_GOAL
35.54,2.2557,1.5938,0.6293,1.3746,2.6114,2.2784,1.5899,0.7346,GO_GOAL
35.56,2.2586,1.5959,0.6293,1.377,2.6141,2.2784,1.5899,0.7378,GO_GOAL
35.58,2.2615,1.598,0.6293,1.3794,2.6168,2.2784,1.5899,0.741,GO_GOAL
35.598,2.2644,1.6001,0.6293,1.3818,2.6194,2.2784,1.5899,0.7443,GO_GOAL
35.62,2.2673,1.6022,0.6293,1.3866,2.6248,2.2929,1.6005,0.7475,GO_GOAL
35.64,2.2702,1.6044,0.6293,1.3866,2.6248,2.2929,1.6005,0.7507,GO_GOAL
35.66,2.2731,1.6065,0.6293,1.389,2.6275,2.2929,1.6005,0.754,GO_GOAL
35.68,2.2761,1.6086,0.6293,1.3914,2.6302,2.2929,1.6005,0.7572,GO_GOAL
35.7,2.279,1.6107,0.6293,1.3937,2.6329,2.2929,1.6005,0.7604,GO_GOAL
35.72,2.2819,1.6128,0.6293,1.3961,2.6356,2.3046,1.609,0.7637,GO_GOAL
35.74,2.2848,1.615,0.6293,1.3985,2.6383,2.3046,1.609,0.7669,GO_GOAL
35.76,2.2877,1.6171,0.6293,1.4009,2.641,2.3046,1.609,0.7702,GO_GOAL
35.78,2.2906,1.6192,0.6293,1.4033,2.6437,2.3046,1.609,0.7734,GO_GOAL
35.8,2.2935,1.6213,0.6293,1.4057,2.6463,2.3046,1.609,0.7767,GO_GOAL
35.82,2.2964,1.6234,0.6293,1.4081,2.649,2.3191,1.6196,0.7799,GO_GOAL
35.84,2.2993,1.6256,0.6293,1.4105,2.6517,2.3191,1.6196,0.7832,GO_GOAL
35.86,2.3022,1.6277,0.6293,1.4153,2.6571,2.3191,1.6196,0.7812,GO_GOAL
35.88,2.3052,1.6298,0.6293,1.4153,2.6571,2.3191,1.6196,0.779,GO_GOAL
35.9,2.3081,1.6319,0.6293,1.4177,2.6598,2.3191,1.6196,0.7769,GO_GOAL
35.92,2.311,1.634,0.6293,1.4201,2.6625,2.3337,1.6302,0.7748,GO_GOAL
35.94,2.3139,1.6362,0.6293,1.4225,2.6652,2.3337,1.6302,0.7727,GO_GOAL
35.96,2.3168,1.6383,0.6293,1.4249,2.6679,2.3337,1.6302,0.7706,GO_GOAL
35.98,2.3197,1.6404,0.6293,1.4272,2.6706,2.3337,1.6302,0.7684,GO_GOAL
36.0,2.3226,1.6425,0.6293,1.4296,2.6732,2.3337,1.6302,0.7663,GO_GOAL
36.02,2.3255,1.6446,0.6293,1.432,2.6759,2.3482,1.6408,0.7642,GO_GOAL
36.04,2.3284,1.6467,0.6293,1.4344,2.6786,2.3482,1.6408,0.7621,GO_GOAL
36.06,2.3314,1.6489,0.6293,1.4368,2.6813,2.3482,1.6408,0.76,GO_GOAL
36.08,2.3343,1.651,0.6293,1.4392,2.684,2.3482,1.6408,0.7578,GO_GOAL
36.1,2.3372,1.6531,0.6293,1.4416,2.6867,2.3482,1.6408,0.7557,GO_GOAL
36.12,2.3401,1.6552,0.6293,1.444,2.6894,2.3657,1.6535,0.7536,GO_GOAL
36.14,2.343,1.6573,0.6293,1.4464,2.6921,2.3657,1.6535,0.7515,GO_GOAL
36.16,2.3459,1.6595,0.6293,1.4488,2.6948,2.3657,1.6535,0.7494,GO_GOAL
36.18,2.3488,1.6616,0.6293,1.4512,2.6975,2.3657,1.6535,0.7473,GO_GOAL
36.2,2.3517,1.6637,0.6293,1.4536,2.7001,2.3657,1.6535,0.7451,GO_GOAL
36.22,2.3546,1.6658,0.6293,1.456,2.7028,2.3773,1.662,0.743,GO_GOAL
36.24,2.3575,1.6679,0.6293,1.4583,2.7055,2.3773,1.662,0.7409,GO_GOAL
36.26,2.3605,1.6701,0.6293,1.4607,2.7082,2.3773,1.662,0.7388,GO_GOAL
36.28,2.3634,1.6722,0.6293,1.4631,2.7109,2.3773,1.662,0.7367,GO_GOAL
36.3,2.3663,1.6743,0.6293,1.4655,2.7136,2.3773,1.662,0.7345,GO_GOAL
36.32,2.3692,1.6764,0.6293,1.4679,2.7163,2.3919,1.6726,0.7324,GO_GOAL
36.34,2.3721,1.6785,0.6293,1.4703,2.719,2.3919,1.6726,0.7303,GO_GOAL
36.36,2.375,1.6807,0.6293,1.4727,2.7217,2.3919,1.6726,0.7282,GO_GOAL
36.38,2.3779,1.6828,0.6293,1.4751,2.7244,2.3919,1.6726,0.7261,GO_GOAL
36.4,2.3808,1.6849,0.6293,1.4799,2.7297,2.3919,1.6726,0.7239,GO_GOAL
36.42,2.3837,1.687,0.6293,1.4799,2.7297,2.4064,1.6831,0.7218,GO_GOAL
36.44,2.3866,1.6891,0.6293,1.4823,2.7324,2.4064,1.6831,0.7197,GO_GOAL
36.46,2.3896,1.6912,0.6293,1.4871,2.7378,2.4064,1.6831,0.7176,GO_GOAL
36.48,2.3925,1.6934,0.6293,1.4871,2.7378,2.4064,1.6831,0.7155,GO_GOAL
36.5,2.3954,1.6955,0.6293,1.4894,2.7405,2.4064,1.6831,0.7133,GO_GOAL
36.52,2.3983,1.6976,0.6293,1.4918,2.7432,2.421,1.6937,0.7112,GO_GOAL
36.54,2.4012,1.6997,0.6293,1.4942,2.7459,2.421,1.6937,0.7091,GO_GOAL
36.56,2.4041,1.7018,0.6293,1.4966,2.7486,2.421,1.6937,0.707,GO_GOAL
36.58,2.407,1.704,0.6293,1.499,2.7513,2.421,1.6937,0.7049,GO_GOAL
36.6,2.4099,1.7061,0.6293,1.5014,2.7539,2.421,1.6937,0.7028,GO_GOAL
36.62,2.4128,1.7082,0.6293,1.5062,2.7593,2.4355,1.7043,0.7006,GO_GOAL
36.64,2.4157,1.7103,0.6293,1.5062,2.7593,2.4355,1.7043,0.6985,GO_GOAL
36.66,2.4187,1.7124,0.6293,1.5086,2.762,2.4355,1.7043,0.6964,GO_GOAL
36.68,2.4216,1.7146,0.6293,1.511,2.7647,2.4355,1.7043,0.6943,GO_GOAL
36.7,2.4245,1.7167,0.6293,1.5134,2.7674,2.4355,1.7043,0.6922,GO_GOAL
36.72,2.4274,1.7188,0.6293,1.5158,2.7701,2.4501,1.7149,0.69,GO_GOAL
36.74,2.4303,1.7209,0.6293,1.5182,2.7728,2.4501,1.7149,0.6879,GO_GOAL
36.76,2.4332,1.723,0.6293,1.5205,2.7755,2.4501,1.7149,0.6858,GO_GOAL
36.78,2.4361,1.7252,0.6293,1.5229,2.7782,2.4501,1.7149,0.6837,GO_GOAL
36.8,2.439,1.7273,0.6293,1.5277,2.7835,2.4501,1.7149,0.6816,GO_GOAL
36.82,2.4421,1.7295,0.6291,1.5277,2.7835,2.4646,1.7255,0.6793,GO_GOAL
36.84,2.4451,1.7317,0.6284,1.5301,2.7862,2.4646,1.7255,0.6771,GO_GOAL
36.86,2.4482,1.7339,0.6272,1.5325,2.7889,2.4646,1.7255,0.6748,GO_GOAL
36.88,2.4512,1.7361,0.6256,1.5349,2.7915,2.4646,1.7255,0.6726,GO_GOAL
36.9,2.4542,1.7383,0.6235,1.5373,2.7942,2.4646,1.7255,0.6704,GO_GOAL
36.92,2.4572,1.7404,0.6209,1.5397,2.7968,2.4791,1.736,0.6682,GO_GOAL
36.94,2.4602,1.7425,0.6179,1.5421,2.7994,2.4791,1.736,0.666,GO_GOAL
36.96,2.4631,1.7446,0.6144,1.5446,2.802,2.4791,1.736,0.6638,GO_GOAL
36.98,2.4661,1.7467,0.6109,1.547,2.8046,2.4791,1.736,0.6617,GO_GOAL
37.0,2.469,1.7488,0.6074,1.5495,2.8072,2.4791,1.736,0.6595,GO_GOAL
37.02,2.472,1.7508,0.6039,1.5544,2.8124,2.4937,1.7464,0.6574,GO_GOAL
37.04,2.4749,1.7529,0.6005,1.5544,2.8124,2.4937,1.7464,0.6552,GO_GOAL
37.06,2.4779,1.7549,0.597,1.5569,2.815,2.4937,1.7464,0.6531,GO_GOAL
37.08,2.4809,1.7569,0.5935,1.5594,2.8175,2.4937,1.7464,0.651,GO_GOAL
37.1,2.4839,1.7589,0.59,1.5644,2.8226,2.4937,1.7464,0.6489,GO_GOAL
37.12,2.4868,1.7608,0.5867,1.5644,2.8226,2.5084,1.7565,0.6469,GO_GOAL
37.14,2.4896,1.7627,0.5839,1.5669,2.8252,2.5084,1.7565,0.6449,GO_GOAL
37.16,2.4925,1.7646,0.5816,1.5694,2.8278,2.5084,1.7565,0.643,GO_GOAL
37.18,2.4954,1.7665,0.5797,1.5719,2.8303,2.5084,1.7565,0.641,GO_GOAL
37.2,2.4983,1.7684,0.5783,1.5745,2.8329,2.5084,1.7565,0.6391,GO_GOAL
37.22,2.5013,1.7703,0.5774,1.5795,2.838,2.5234,1.7664,0.6371,GO_GOAL
37.24,2.5042,1.7723,0.5769,1.5795,2.838,2.5234,1.7664,0.6352,GO_GOAL
37.26,2.5073,1.7742,0.5769,1.5821,2.8406,2.5234,1.7664,0.6332,GO_GOAL
37.28,2.5103,1.7762,0.5769,1.5871,2.8457,2.5234,1.7664,0.6312,GO_GOAL
37.3,2.5133,1.7782,0.5769,1.5871,2.8457,2.5234,1.7664,0.6293,GO_GOAL
37.32,2.5163,1.7801,0.5769,1.5897,2.8483,2.5385,1.7762,0.6273,GO_GOAL
37.34,2.5193,1.7821,0.5769,1.5922,2.8508,2.5385,1.7762,0.6254,GO_GOAL
37.36,2.5224,1.7841,0.5769,1.5947,2.8534,2.5385,1.7762,0.6234,GO_GOAL
37.38,2.5254,1.786,0.5769,1.5972,2.8559,2.5385,1.7762,0.6214,GO_GOAL
37.4,2.5284,1.788,0.5769,1.5998,2.8585,2.5385,1.7762,0.6195,GO_GOAL
37.42,2.5314,1.79,0.5769,1.6023,2.8611,2.5536,1.786,0.6175,GO_GOAL
37.44,2.5344,1.7919,0.5769,1.6048,2.8636,2.5536,1.786,0.6155,GO_GOAL
37.46,2.5374,1.7939,0.5769,1.6074,2.8662,2.5536,1.786,0.6136,GO_GOAL
37.48,2.5405,1.7958,0.5769,1.6099,2.8687,2.5536,1.786,0.6116,GO_GOAL
37.5,2.5435,1.7978,0.5769,1.6124,2.8713,2.5536,1.786,0.6096,GO_GOAL
37.52,2.5465,1.7998,0.5769,1.6175,2.8764,2.5687,1.7959,0.6077,GO_GOAL
37.54,2.5495,1.8017,0.5769,1.62,2.879,2.5687,1.7959,0.6057,GO_GOAL
37.56,2.5525,1.8037,0.5769,1.62,2.879,2.5687,1.7959,0.6038,GO_GOAL
37.58,2.5555,1.8057,0.5769,1.6225,2.8815,2.5687,1.7959,0.6018,GO_GOAL
37.6,2.5586,1.8076,0.5769,1.6251,2.8841,2.5687,1.7959,0.5998,GO_GOAL
37.62,2.5616,1.8096,0.5769,1.6276,2.8867,2.5837,1.8057,0.5979,GO_GOAL
37.64,2.5646,1.8115,0.5769,1.6327,2.8918,2.5837,1.8057,0.5959,GO_GOAL
37.66,2.5676,1.8135,0.5769,1.6327,2.8918,2.5837,1.8057,0.5939,GO_GOAL
37.68,2.5706,1.8155,0.5769,1.6352,2.8944,2.5837,1.8057,0.592,GO_GOAL
37.698,2.5736,1.8174,0.5769,1.6377,2.8969,2.5837,1.8057,0.59,GO_GOAL
37.72,2.5767,1.8194,0.5769,1.6403,2.8995,2.6018,1.8175,0.588,GO_GOAL
37.74,2.5797,1.8214,0.5769,1.6428,2.902,2.6018,1.8175,0.5861,GO_GOAL
37.76,2.5827,1.8233,0.5769,1.6453,2.9046,2.6018,1.8175,0.5841,GO_GOAL
37.78,2.5857,1.8253,0.5769,1.6478,2.9072,2.6018,1.8175,0.5822,GO_GOAL
37.8,2.5887,1.8273,0.5769,1.6504,2.9097,2.6018,1.8175,0.5802,GO_GOAL
37.82,2.5918,1.8292,0.5769,1.6529,2.9123,2.6139,1.8253,0.5782,GO_GOAL
37.84,2.5948,1.8312,0.5769,1.658,2.9174,2.6139,1.8253,0.5763,GO_GOAL
37.86,2.5978,1.8331,0.5769,1.658,2.9174,2.6139,1.8253,0.5743,GO_GOAL
37.88,2.6008,1.8351,0.5769,1.6605,2.92,2.6139,1.8253,0.5723,GO_GOAL
37.9,2.6038,1.8371,0.5769,1.663,2.9225,2.629,1.8351,0.5704,GO_GOAL
37.92,2.6068,1.839,0.5769,1.6656,2.9251,2.629,1.8351,0.5684,GO_GOAL
37.94,2.6099,1.841,0.5769,1.6681,2.9276,2.629,1.8351,0.5665,GO_GOAL
37.96,2.6129,1.843,0.5769,1.6706,2.9302,2.629,1.8351,0.5645,GO_GOAL
37.98,2.6159,1.8449,0.5769,1.6757,2.9353,2.629,1.8351,0.5625,GO_GOAL
38.0,2.6189,1.8469,0.5769,1.6757,2.9353,2.6441,1.845,0.5606,GO_GOAL
38.02,2.6219,1.8489,0.5769,1.6807,2.9405,2.6441,1.845,0.5586,GO_GOAL
38.04,2.6249,1.8508,0.5769,1.6807,2.9405,2.6441,1.845,0.5566,GO_GOAL
38.06,2.628,1.8528,0.5769,1.6858,2.9456,2.6441,1.845,0.5547,GO_GOAL
38.08,2.631,1.8547,0.5769,1.6858,2.9456,2.6441,1.845,0.5527,GO_GOAL
38.1,2.634,1.8567,0.5769,1.6883,2.9481,2.6441,1.845,0.5507,GO_GOAL
38.12,2.637,1.8587,0.5769,1.6909,2.9507,2.6592,1.8548,0.5488,GO_GOAL
38.14,2.64,1.8606,0.5769,1.6934,2.9533,2.6592,1.8548,0.5468,GO_GOAL
38.16,2.643,1.8626,0.5769,1.6959,2.9558,2.6592,1.8548,0.5449,GO_GOAL
38.18,2.6461,1.8646,0.5769,1.6984,2.9584,2.6592,1.8548,0.5429,GO_GOAL
38.2,2.6491,1.8665,0.5769,1.701,2.9609,2.6592,1.8548,0.5409,GO_GOAL
38.22,2.6521,1.8685,0.5769,1.7035,2.9635,2.6743,1.8646,0.539,GO_GOAL
38.24,2.6551,1.8705,0.5769,1.706,2.9661,2.6743,1.8646,0.537,GO_GOAL
38.26,2.6581,1.8724,0.5769,1.7086,2.9686,2.6743,1.8646,0.535,GO_GOAL
38.28,2.6612,1.8744,0.5769,1.7111,2.9712,2.6743,1.8646,0.5331,GO_GOAL
38.3,2.6642,1.8763,0.5769,1.7136,2.9738,2.6743,1.8646,0.5311,GO_GOAL
38.32,2.6672,1.8783,0.5769,1.7162,2.9763,2.6894,1.8744,0.5291,GO_GOAL
38.34,2.6702,1.8803,0.5769,1.7212,2.9814,2.6894,1.8744,0.5272,GO_GOAL
38.36,2.6732,1.8822,0.5769,1.7212,2.9814,2.6894,1.8744,0.5252,GO_GOAL
38.38,2.6762,1.8842,0.5769,1.7237,2.984,2.6894,1.8744,0.5233,GO_GOAL
38.4,2.6793,1.8862,0.5769,1.7263,2.9866,2.6894,1.8744,0.5213,GO_GOAL
38.42,2.6822,1.8881,0.5769,1.7288,2.9891,2.7044,1.8842,0.5194,GO_GOAL
38.44,2.6852,1.89,0.5769,1.7313,2.9916,2.7044,1.8842,0.5174,GO_GOAL
38.46,2.6881,1.8919,0.5769,1.7362,2.9967,2.7044,1.8842,0.5155,GO_GOAL
38.48,2.6911,1.8939,0.5769,1.7362,2.9967,2.7044,1.8842,0.5136,GO_GOAL
38.5,2.694,1.8958,0.5769,1.7387,2.9992,2.7044,1.8842,0.5117,GO_GOAL
38.52,2.6968,1.8976,0.5769,1.7412,3.0017,2.7193,1.8939,0.5099,GO_GOAL
38.54,2.6996,1.8994,0.5769,1.7435,3.004,2.7193,1.8939,0.508,GO_GOAL
38.56,2.7024,1.9012,0.5769,1.7459,3.0064,2.7193,1.8939,0.5062,GO_GOAL
38.58,2.7052,1.903,0.5769,1.7482,3.0088,2.7193,1.8939,0.5044,GO_GOAL
38.6,2.708,1.9048,0.5769,1.7505,3.0111,2.7193,1.8939,0.5026,GO_GOAL
38.62,2.7095,1.9058,0.5769,1.7529,3.0135,2.7193,1.8939,0.5017,GO_GOAL
38.64,2.7106,1.9065,0.5769,1.7539,3.0146,2.7193,1.8939,0.501,GO_GOAL
38.66,2.7118,1.9072,0.5769,1.7549,3.0155,2.7334,1.9031,0.5002,REACHED
38.68,2.7129,1.908,0.5769,1.7567,3.0174,2.7334,1.9031,0.4995,REACHED
38.7,2.714,1.9087,0.5769,1.7567,3.0174,2.7334,1.9031,0.4988,REACHED
38.72,2.7142,1.9088,0.5769,1.7577,3.0184,2.7407,1.9078,0.4987,REACHED
38.74,2.7142,1.9088,0.5769,1.7577,3.0184,2.7407,1.9078,0.4987,REACHED
38.76,2.7142,1.9088,0.5769,1.7577,3.0184,2.7407,1.9078,0.4987,REACHED
38.78,2.7142,1.9088,0.5769,1.7577,3.0184,2.7407,1.9078,0.4987,REACHED
