t,x,y,yaw,odom_x,odom_y,est_x,est_y,clearance,state
0.018,-2.9046,-2.0541,0.118,-2.904,-2.054,-2.904,-2.054,0.3322,GO_GOAL
0.038,-2.9047,-2.0541,0.118,-2.9038,-2.054,-2.904,-2.054,0.3322,GO_GOAL
0.058,-2.9048,-2.0541,0.118,-2.9032,-2.0539,-2.904,-2.054,0.3321,GO_GOAL
0.078,-2.9048,-2.0541,0.118,-2.9023,-2.0538,-2.904,-2.054,0.3321,GO_GOAL
0.098,-2.9049,-2.0541,0.118,-2.9013,-2.0537,-2.904,-2.054,0.3321,GO_GOAL
0.118,-2.905,-2.0541,0.118,-2.9003,-2.0535,-2.9003,-2.0535,0.3321,GO_GOAL
0.138,-2.9051,-2.0541,0.118,-2.8977,-2.0531,-2.9003,-2.0535,0.3321,GO_GOAL
0.158,-2.904,-2.054,0.1181,-2.8977,-2.0531,-2.9003,-2.0535,0.3322,GO_GOAL
0.178,-2.9026,-2.0538,0.1187,-2.8958,-2.0528,-2.9003,-2.0535,0.3324,GO_GOAL
0.198,-2.9012,-2.0536,0.1197,-2.8918,-2.0522,-2.9003,-2.0535,0.3325,GO_GOAL
0.218,-2.8998,-2.0535,0.1212,-2.8918,-2.0522,-2.8918,-2.0522,0.3326,GO_GOAL
0.238,-2.8981,-2.0533,0.1231,-2.8872,-2.0513,-2.8918,-2.0522,0.3328,GO_GOAL
0.258,-2.896,-2.053,0.1255,-2.8872,-2.0513,-2.8918,-2.0522,0.333,GO_GOAL
0.278,-2.8938,-2.0527,0.1284,-2.8844,-2.0507,-2.8918,-2.0522,0.3332,GO_GOAL
0.298,-2.8915,-2.0524,0.1318,-2.8786,-2.0494,-2.8918,-2.0522,0.3334,GO_GOAL
0.318,-2.8893,-2.0521,0.1356,-2.8786,-2.0494,-2.8786,-2.0494,0.3335,GO_GOAL
0.338,-2.8869,-2.0518,0.14,-2.8756,-2.0486,-2.8786,-2.0494,0.3337,GO_GOAL
0.358,-2.8845,-2.0515,0.1448,-2.8725,-2.0478,-2.8786,-2.0494,0.3339,GO_GOAL
0.378,-2.8821,-2.0511,0.1501,-2.8695,-2.047,-2.8786,-2.0494,0.3341,GO_GOAL
0.398,-2.8797,-2.0507,0.1559,-2.8664,-2.0461,-2.8786,-2.0494,0.3343,GO_GOAL
0.418,-2.8772,-2.0503,0.1621,-2.8634,-2.0451,-2.8664,-2.0461,0.3345,GO_GOAL
0.438,-2.8747,-2.0499,0.1689,-2.8604,-2.0442,-2.8664,-2.0461,0.3347,GO_GOAL
0.458,-2.8722,-2.0495,0.1762,-2.8574,-2.0431,-2.8664,-2.0461,0.3349,GO_GOAL
0.478,-2.8696,-2.049,0.184,-2.8544,-2.0421,-2.8664,-2.0461,0.3351,GO_GOAL
0.498,-2.867,-2.0485,0.1922,-2.8514,-2.041,-2.8664,-2.0461,0.3354,GO_GOAL
0.518,-2.864,-2.0479,0.2009,-2.8484,-2.0398,-2.8514,-2.041,0.3357,GO_GOAL
0.538,-2.8609,-2.0473,0.2102,-2.8454,-2.0386,-2.8514,-2.041,0.336,GO_GOAL
0.558,-2.8578,-2.0466,0.2199,-2.8423,-2.0373,-2.8514,-2.041,0.3364,GO_GOAL
0.578,-2.8547,-2.0459,0.2301,-2.8392,-2.036,-2.8514,-2.041,0.3368,GO_GOAL
0.596,-2.8515,-2.0451,0.2406,-2.8361,-2.0347,-2.8514,-2.041,0.3373,GO_GOAL
0.618,-2.8481,-2.0443,0.2508,-2.8299,-2.0318,-2.833,-2.0333,0.3378,GO_GOAL
0.638,-2.8447,-2.0433,0.2606,-2.8299,-2.0318,-2.833,-2.0333,0.3384,GO_GOAL
0.658,-2.8412,-2.0424,0.2698,-2.8267,-2.0304,-2.833,-2.0333,0.3391,GO_GOAL
0.678,-2.8379,-2.0415,0.2785,-2.8236,-2.0288,-2.833,-2.0333,0.3397,GO_GOAL
0.698,-2.8349,-2.0405,0.2871,-2.8204,-2.0273,-2.833,-2.0333,0.3404,GO_GOAL
0.718,-2.8319,-2.0396,0.2957,-2.8142,-2.0242,-2.8204,-2.0273,0.3411,GO_GOAL
0.738,-2.829,-2.0387,0.3043,-2.8142,-2.0242,-2.8204,-2.0273,0.3417,GO_GOAL
0.758,-2.8261,-2.0378,0.3129,-2.8111,-2.0226,-2.8204,-2.0273,0.3424,GO_GOAL
0.778,-2.8231,-2.0368,0.3215,-2.808,-2.021,-2.8204,-2.0273,0.343,GO_GOAL
0.798,-2.8202,-2.0359,0.3301,-2.8049,-2.0193,-2.8204,-2.0273,0.3437,GO_GOAL
0.818,-2.8173,-2.035,0.3387,-2.8019,-2.0177,-2.8019,-2.0177,0.3443,GO_GOAL
0.838,-2.8139,-2.0339,0.3472,-2.7987,-2.016,-2.8019,-2.0177,0.3453,GO_GOAL
0.858,-2.8109,-2.0328,0.3556,-2.7956,-2.0142,-2.8019,-2.0177,0.3461,GO_GOAL
0.878,-2.8074,-2.0314,0.3638,-2.7925,-2.0125,-2.8019,-2.0177,0.3472,GO_GOAL
0.898,-2.8042,-2.0302,0.372,-2.7894,-2.0108,-2.8019,-2.0177,0.3482,GO_GOAL
0.918,-2.8008,-2.0289,0.3795,-2.7863,-2.009,-2.7894,-2.0108,0.3493,GO_GOAL
0.938,-2.7973,-2.0274,0.3866,-2.7832,-2.0072,-2.7894,-2.0108,0.3505,GO_GOAL
0.958,-2.7938,-2.026,0.393,-2.7801,-2.0054,-2.7894,-2.0108,0.3517,GO_GOAL
0.978,-2.7904,-2.0246,0.3989,-2.7739,-2.0018,-2.7894,-2.0108,0.353,GO_GOAL
0.998,-2.787,-2.0231,0.4042,-2.7739,-2.0018,-2.7894,-2.0108,0.3543,GO_GOAL
1.018,-2.7836,-2.0217,0.4089,-2.7708,-2.0,-2.7708,-2.0,0.3556,GO_GOAL
1.038,-2.7803,-2.0203,0.4131,-2.7677,-1.9982,-2.7708,-2.0,0.3569,GO_GOAL
1.058,-2.7771,-2.0188,0.4167,-2.7647,-1.9964,-2.7708,-2.0,0.3582,GO_GOAL
1.078,-2.7739,-2.0174,0.4202,-2.7586,-1.9927,-2.7708,-2.0,0.3596,GO_GOAL
1.098,-2.7706,-2.0159,0.4237,-2.7586,-1.9927,-2.7708,-2.0,0.3609,GO_GOAL
1.118,-2.7674,-2.0145,0.4272,-2.7555,-1.9908,-2.7555,-1.9908,0.3623,GO_GOAL
1.138,-2.7642,-2.013,0.4307,-2.7525,-1.9889,-2.7555,-1.9908,0.3636,GO_GOAL
1.158,-2.761,-2.0115,0.4342,-2.7495,-1.987,-2.7555,-1.9908,0.365,GO_GOAL
1.178,-2.7578,-2.01,0.4377,-2.7464,-1.9851,-2.7555,-1.9908,0.3664,GO_GOAL
1.196,-2.7546,-2.0085,0.4412,-2.7434,-1.9832,-2.7555,-1.9908,0.3678,GO_GOAL
1.218,-2.7514,-2.007,0.4447,-2.7404,-1.9813,-2.7404,-1.9813,0.3692,GO_GOAL
1.238,-2.7482,-2.0055,0.4481,-2.7344,-1.9774,-2.7404,-1.9813,0.3706,GO_GOAL
1.258,-2.745,-2.004,0.4516,-2.7344,-1.9774,-2.7404,-1.9813,0.3721,GO_GOAL
1.278,-2.7418,-2.0024,0.4551,-2.7314,-1.9755,-2.7404,-1.9813,0.3735,GO_GOAL
1.298,-2.7387,-2.0008,0.4586,-2.7284,-1.9735,-2.7404,-1.9813,0.375,GO_GOAL
1.318,-2.7354,-1.9992,0.4619,-2.7254,-1.9715,-2.7284,-1.9735,0.3765,GO_GOAL
1.338,-2.732,-1.9976,0.4646,-2.7224,-1.9695,-2.7284,-1.9735,0.3781,GO_GOAL
1.358,-2.7287,-1.996,0.4673,-2.7195,-1.9675,-2.7284,-1.9735,0.3796,GO_GOAL
1.378,-2.7253,-1.9945,0.47,-2.7165,-1.9655,-2.7284,-1.9735,0.381,GO_GOAL
1.398,-2.722,-1.9929,0.4726,-2.7135,-1.9635,-2.7284,-1.9735,0.3825,GO_GOAL
1.418,-2.7187,-1.9914,0.4753,-2.7105,-1.9616,-2.7135,-1.9635,0.3839,GO_GOAL
1.438,-2.7154,-1.9899,0.478,-2.7075,-1.9596,-2.7135,-1.9635,0.3854,GO_GOAL
1.458,-2.7121,-1.9884,0.4807,-2.7045,-1.9576,-2.7135,-1.9635,0.3868,GO_GOAL
1.478,-2.7088,-1.9867,0.4833,-2.7015,-1.9556,-2.7135,-1.9635,0.3884,GO_GOAL
1.498,-2.7057,-1.9851,0.4859,-2.6985,-1.9536,-2.7135,-1.9635,0.3899,GO_GOAL
1.518,-2.7025,-1.9834,0.4885,-2.6925,-1.9496,-2.6955,-1.9516,0.3916,GO_GOAL
1.538,-2.6992,-1.9817,0.4907,-2.6925,-1.9496,-2.6955,-1.9516,0.3933,GO_GOAL
1.558,-2.6959,-1.9799,0.4924,-2.6895,-1.9476,-2.6955,-1.9516,0.395,GO_GOAL
1.578,-2.6927,-1.9782,0.4935,-2.6835,-1.9436,-2.6955,-1.9516,0.3967,GO_GOAL
1.598,-2.6895,-1.9764,0.494,-2.6835,-1.9436,-2.6955,-1.9516,0.3984,GO_GOAL
1.618,-2.6863,-1.9747,0.4941,-2.6775,-1.9396,-2.6805,-1.9416,0.4001,GO_GOAL
1.638,-2.6831,-1.973,0.4941,-2.6775,-1.9396,-2.6805,-1.9416,0.4018,GO_GOAL
1.658,-2.6799,-1.9713,0.4941,-2.6745,-1.9376,-2.6805,-1.9416,0.4035,GO_GOAL
1.678,-2.6768,-1.9696,0.4941,-2.6715,-1.9356,-2.6805,-1.9416,0.4052,GO_GOAL
1.698,-2.6736,-1.9679,0.4941,-2.6685,-1.9336,-2.6805,-1.9416,0.4069,GO_GOAL
1.718,-2.6704,-1.9662,0.4941,-2.6655,-1.9316,-2.6685,-1.9336,0.4087,GO_GOAL
1.738,-2.6673,-1.9645,0.4941,-2.6625,-1.9296,-2.6685,-1.9336,0.4104,GO_GOAL
1.758,-2.6641,-1.9628,0.4941,-2.6595,-1.9276,-2.6685,-1.9336,0.4121,GO_GOAL
1.778,-2.6609,-1.9611,0.4941,-2.6565,-1.9256,-2.6685,-1.9336,0.4138,GO_GOAL
1.798,-2.6578,-1.9593,0.4941,-2.6535,-1.9236,-2.6685,-1.9336,0.4155,GO_GOAL
1.818,-2.6546,-1.9576,0.4941,-2.6505,-1.9216,-2.6505,-1.9216,0.4172,GO_GOAL
1.838,-2.6514,-1.9559,0.4941,-2.6475,-1.9196,-2.6505,-1.9216,0.4189,GO_GOAL
1.858,-2.6483,-1.9542,0.4941,-2.6445,-1.9176,-2.6505,-1.9216,0.4206,GO_GOAL
1.878,-2.6451,-1.9525,0.4941,-2.6386,-1.9136,-2.6505,-1.9216,0.4223,GO_GOAL
1.898,-2.6419,-1.9508,0.4941,-2.6356,-1.9117,-2.6505,-1.9216,0.424,GO_GOAL
1.918,-2.6388,-1.9491,0.4941,-2.6356,-1.9117,-2.6356,-1.9117,0.4257,GO_GOAL
1.938,-2.6356,-1.9474,0.4941,-2.6326,-1.9097,-2.6356,-1.9117,0.4274,GO_GOAL
1.958,-2.6325,-1.9457,0.4941,-2.6296,-1.9077,-2.6356,-1.9117,0.4291,GO_GOAL
1.978,-2.6293,-1.9441,0.4941,-2.6266,-1.9057,-2.6356,-1.9117,0.4308,GO_GOAL
1.998,-2.6261,-1.9424,0.4941,-2.6236,-1.9037,-2.6356,-1.9117,0.4324,GO_GOAL
2.018,-2.623,-1.9408,0.4941,-2.6206,-1.9017,-2.6236,-1.9037,0.4341,GO_GOAL
2.038,-2.6198,-1.9391,0.4941,-2.6176,-1.8997,-2.6236,-1.9037,0.4357,GO_GOAL
2.058,-2.6167,-1.9375,0.4941,-2.6146,-1.8977,-2.6236,-1.9037,0.4373,GO_GOAL
2.078,-2.6135,-1.9359,0.4941,-2.6116,-1.8957,-2.6236,-1.9037,0.439,GO_GOAL
2.098,-2.6104,-1.9342,0.4941,-2.6086,-1.8937,-2.6236,-1.9037,0.4406,GO_GOAL
2.118,-2.6072,-1.9325,0.4941,-2.6056,-1.8917,-2.6086,-1.8937,0.4423,GO_GOAL
2.138,-2.604,-1.9308,0.4941,-2.6026,-1.8897,-2.6086,-1.8937,0.4441,GO_GOAL
2.158,-2.6008,-1.9291,0.4941,-2.5996,-1.8877,-2.6086,-1.8937,0.4458,GO_GOAL
2.178,-2.5977,-1.9273,0.4941,-2.5966,-1.8857,-2.6086,-1.8937,0.4475,GO_GOAL
2.198,-2.5945,-1.9256,0.4941,-2.5936,-1.8837,-2.6086,-1.8937,0.4492,GO_GOAL
2.218,-2.5913,-1.9239,0.4941,-2.5906,-1.8817,-2.5936,-1.8837,0.4509,GO_GOAL
2.238,-2.5881,-1.9222,0.4941,-2.5876,-1.8797,-2.5936,-1.8837,0.4526,GO_GOAL
2.258,-2.585,-1.9205,0.4941,-2.5846,-1.8777,-2.5936,-1.8837,0.4543,GO_GOAL
2.278,-2.5818,-1.9188,0.4941,-2.5786,-1.8737,-2.5936,-1.8837,0.456,GO_GOAL
2.298,-2.5786,-1.9171,0.4941,-2.5756,-1.8717,-2.5936,-1.8837,0.4577,GO_GOAL
2.318,-2.5754,-1.9154,0.4941,-2.5726,-1.8697,-2.5786,-1.8737,0.4594,GO_GOAL
2.338,-2.5723,-1.9137,0.4941,-2.5726,-1.8697,-2.5786,-1.8737,0.4612,GO_GOAL
2.358,-2.5691,-1.912,0.4941,-2.5696,-1.8677,-2.5786,-1.8737,0.4629,GO_GOAL
2.378,-2.5659,-1.9103,0.4941,-2.5667,-1.8657,-2.5786,-1.8737,0.4646,GO_GOAL
2.398,-2.5628,-1.9085,0.4941,-2.5607,-1.8618,-2.5786,-1.8737,0.4663,GO_GOAL
2.418,-2.5596,-1.9068,0.4941,-2.5577,-1.8598,-2.5607,-1.8618,0.468,GO_GOAL
2.438,-2.5564,-1.9051,0.4941,-2.5577,-1.8598,-2.5607,-1.8618,0.4697,GO_GOAL
2.458,-2.5533,-1.9034,0.4941,-2.5547,-1.8578,-2.5607,-1.8618,0.4714,GO_GOAL
2.478,-2.5501,-1.9017,0.4941,-2.5487,-1.8538,-2.5607,-1.8618,0.4731,GO_GOAL
2.498,-2.547,-1.9,0.4941,-2.5457,-1.8518,-2.5607,-1.8618,0.4748,GO_GOAL
2.518,-2.5438,-1.8983,0.4941,-2.5427,-1.8498,-2.5457,-1.8518,0.4765,GO_GOAL
2.538,-2.5406,-1.8966,0.4941,-2.5427,-1.8498,-2.5457,-1.8518,0.4782,GO_GOAL
2.558,-2.5375,-1.8949,0.4941,-2.5397,-1.8478,-2.5457,-1.8518,0.4799,GO_GOAL
2.578,-2.5343,-1.8932,0.4941,-2.5367,-1.8458,-2.5457,-1.8518,0.4816,GO_GOAL
2.598,-2.5312,-1.8915,0.4941,-2.5307,-1.8418,-2.5457,-1.8518,0.4833,GO_GOAL
2.618,-2.528,-1.8899,0.4941,-2.5307,-1.8418,-2.5337,-1.8438,0.485,GO_GOAL
2.638,-2.5249,-1.8882,0.4941,-2.5277,-1.8398,-2.5337,-1.8438,0.4866,GO_GOAL
2.658,-2.5218,-1.8865,0.4941,-2.5247,-1.8378,-2.5337,-1.8438,0.4883,GO_GOAL
2.678,-2.5187,-1.8848,0.4941,-2.5187,-1.8338,-2.5337,-1.8438,0.49,GO_GOAL
2.698,-2.5155,-1.8831,0.4941,-2.5187,-1.8338,-2.5337,-1.8438,0.4917,GO_GOAL
2.718,-2.5124,-1.8814,0.4941,-2.5157,-1.8318,-2.5187,-1.8338,0.4934,GO_GOAL
2.738,-2.5092,-1.8797,0.4941,-2.5127,-1.8298,-2.5187,-1.8338,0.4951,GO_GOAL
2.758,-2.506,-1.878,0.4941,-2.5097,-1.8278,-2.5187,-1.8338,0.4968,GO_GOAL
2.778,-2.5028,-1.8763,0.4941,-2.5067,-1.8258,-2.5187,-1.8338,0.4985,GO_GOAL
2.798,-2.4997,-1.8746,0.4941,-2.5037,-1.8238,-2.5187,-1.8338,0.5002,GO_GOAL
2.818,-2.4965,-1.8729,0.4941,-2.5007,-1.8218,-2.5007,-1.8218,0.5019,GO_GOAL
2.838,-2.4933,-1.8712,0.4941,-2.4947,-1.8178,-2.5007,-1.8218,0.5037,GO_GOAL
2.858,-2.4901,-1.8695,0.4941,-2.4918,-1.8159,-2.5007,-1.8218,0.5054,GO_GOAL
2.878,-2.487,-1.8678,0.4941,-2.4918,-1.8159,-2.5007,-1.8218,0.5071,GO_GOAL
2.898,-2.4838,-1.866,0.4941,-2.4888,-1.8139,-2.5007,-1.8218,0.5088,GO_GOAL
2.918,-2.4806,-1.8643,0.4941,-2.4858,-1.8119,-2.4858,-1.8119,0.5105,GO_GOAL
2.938,-2.4775,-1.8626,0.4941,-2.4828,-1.8099,-2.4858,-1.8119,0.5122,GO_GOAL
2.958,-2.4743,-1.8609,0.4941,-2.4768,-1.8059,-2.4858,-1.8119,0.5139,GO_GOAL
2.978,-2.4711,-1.8592,0.4941,-2.4768,-1.8059,-2.4858,-1.8119,0.5156,GO_GOAL
2.998,-2.468,-1.8575,0.4941,-2.4738,-1.8039,-2.4858,-1.8119,0.5173,GO_GOAL
3.018,-2.4648,-1.8558,0.4941,-2.4708,-1.8019,-2.4708,-1.8019,0.519,GO_GOAL
3.038,-2.4616,-1.8541,0.4941,-2.4678,-1.7999,-2.4708,-1.8019,0.5207,GO_GOAL
3.058,-2.4585,-1.8524,0.4941,-2.4648,-1.7979,-2.4708,-1.8019,0.5224,GO_GOAL
3.078,-2.4553,-1.8507,0.4941,-2.4618,-1.7959,-2.4708,-1.8019,0.5241,GO_GOAL
3.096,-2.4521,-1.849,0.4941,-2.4588,-1.7939,-2.4708,-1.8019,0.5258,GO_GOAL
3.118,-2.449,-1.8473,0.4941,-2.4528,-1.7899,-2.4558,-1.7919,0.5275,GO_GOAL
3.138,-2.4458,-1.8456,0.4941,-2.4528,-1.7899,-2.4558,-1.7919,0.5292,GO_GOAL
3.158,-2.4427,-1.8439,0.4941,-2.4498,-1.7879,-2.4558,-1.7919,0.5309,GO_GOAL
3.178,-2.4395,-1.8422,0.4941,-2.4438,-1.7839,-2.4558,-1.7919,0.5326,GO_GOAL
3.198,-2.4364,-1.8405,0.4941,-2.4438,-1.7839,-2.4558,-1.7919,0.5343,GO_GOAL
3.218,-2.4333,-1.8388,0.4941,-2.4408,-1.7819,-2.4438,-1.7839,0.536,GO_GOAL
3.238,-2.4301,-1.8371,0.4941,-2.4378,-1.7799,-2.4438,-1.7839,0.5377,GO_GOAL
3.258,-2.427,-1.8355,0.4941,-2.4348,-1.7779,-2.4438,-1.7839,0.5394,GO_GOAL
3.278,-2.4239,-1.8338,0.4941,-2.4288,-1.7739,-2.4438,-1.7839,0.541,GO_GOAL
3.298,-2.4207,-1.8321,0.4941,-2.4288,-1.7739,-2.4438,-1.7839,0.5428,GO_GOAL
3.318,-2.4175,-1.8304,0.4941,-2.4258,-1.7719,-2.4288,-1.7739,0.5445,GO_GOAL
3.338,-2.4144,-1.8286,0.4941,-2.4228,-1.7699,-2.4288,-1.7739,0.5462,GO_GOAL
3.358,-2.4112,-1.8269,0.4941,-2.4168,-1.766,-2.4288,-1.7739,0.5479,GO_GOAL
3.378,-2.408,-1.8252,0.4941,-2.4168,-1.766,-2.4288,-1.7739,0.5496,GO_GOAL
3.398,-2.4048,-1.8235,0.4941,-2.4139,-1.764,-2.4288,-1.7739,0.5513,GO_GOAL
3.418,-2.4017,-1.8218,0.4941,-2.4109,-1.762,-2.4139,-1.764,0.553,GO_GOAL
3.438,-2.3985,-1.8201,0.4941,-2.4079,-1.76,-2.4139,-1.764,0.5547,GO_GOAL
3.458,-2.3953,-1.8184,0.4941,-2.4049,-1.758,-2.4139,-1.764,0.5564,GO_GOAL
3.478,-2.3921,-1.8167,0.4941,-2.4019,-1.756,-2.4139,-1.764,0.5581,GO_GOAL
3.498,-2.389,-1.815,0.4941,-2.3989,-1.754,-2.4139,-1.764,0.5599,GO_GOAL
3.518,-2.3858,-1.8133,0.4941,-2.3959,-1.752,-2.3989,-1.754,0.5616,GO_GOAL
3.538,-2.3826,-1.8116,0.4941,-2.3929,-1.75,-2.3989,-1.754,0.5633,GO_GOAL
3.558,-2.3795,-1.8099,0.4941,-2.3899,-1.748,-2.3989,-1.754,0.565,GO_GOAL
3.578,-2.3763,-1.8081,0.4941,-2.3869,-1.746,-2.3989,-1.754,0.5667,GO_GOAL
3.598,-2.3731,-1.8064,0.4941,-2.3839,-1.744,-2.3989,-1.754,0.5684,GO_GOAL
3.618,-2.37,-1.8047,0.4941,-2.3809,-1.742,-2.3839,-1.744,0.5701,GO_GOAL
3.638,-2.3668,-1.803,0.4941,-2.3779,-1.74,-2.3839,-1.744,0.5718,GO_GOAL
3.658,-2.3637,-1.8013,0.4941,-2.3749,-1.738,-2.3839,-1.744,0.5735,GO_GOAL
3.678,-2.3605,-1.7996,0.4941,-2.3689,-1.734,-2.3839,-1.744,0.5752,GO_GOAL
3.698,-2.3573,-1.7979,0.4941,-2.3689,-1.734,-2.3839,-1.744,0.5769,GO_GOAL
3.718,-2.3542,-1.7962,0.4941,-2.3659,-1.732,-2.3689,-1.734,0.5786,GO_GOAL
3.738,-2.351,-1.7945,0.4941,-2.3629,-1.73,-2.3689,-1.734,0.5803,GO_GOAL
3.758,-2.3479,-1.7928,0.4941,-2.3599,-1.728,-2.3689,-1.734,0.5812,GO_GOAL
3.778,-2.3447,-1.7911,0.4941,-2.3539,-1.724,-2.3689,-1.734,0.5784,GO_GOAL
3.796,-2.3416,-1.7895,0.4941,-2.3539,-1.724,-2.3689,-1.734,0.5755,GO_GOAL
3.818,-2.3385,-1.7878,0.4941,-2.3509,-1.722,-2.3509,-1.722,0.5727,GO_GOAL
3.838,-2.3354,-1.7861,0.4941,-2.3479,-1.72,-2.3509,-1.722,0.5699,GO_GOAL
3.858,-2.3323,-1.7844,0.4941,-2.3449,-1.7181,-2.3509,-1.722,0.5671,GO_GOAL
3.878,-2.3291,-1.7827,0.4941,-2.3419,-1.7161,-2.3509,-1.722,0.5642,GO_GOAL
3.898,-2.3259,-1.781,0.4941,-2.339,-1.7141,-2.3509,-1.722,0.5613,GO_GOAL
3.918,-2.3227,-1.7793,0.4941,-2.336,-1.7121,-2.336,-1.7121,0.5585,GO_GOAL
3.938,-2.3195,-1.7776,0.4941,-2.333,-1.7101,-2.336,-1.7121,0.5556,GO_GOAL
3.958,-2.3164,-1.7759,0.4941,-2.33,-1.7081,-2.336,-1.7121,0.5528,GO_GOAL
3.978,-2.3132,-1.7741,0.4941,-2.327,-1.7061,-2.336,-1.7121,0.55,GO_GOAL
3.998,-2.31,-1.7724,0.4941,-2.324,-1.7041,-2.336,-1.7121,0.5472,GO_GOAL
4.018,-2.3068,-1.7707,0.4941,-2.321,-1.7021,-2.321,-1.7021,0.5443,GO_GOAL
4.038,-2.3037,-1.769,0.4941,-2.318,-1.7001,-2.321,-1.7021,0.5415,GO_GOAL
4.058,-2.3005,-1.7673,0.4941,-2.315,-1.6981,-2.321,-1.7021,0.5387,GO_GOAL
4.078,-2.2973,-1.7656,0.4941,-2.312,-1.6961,-2.321,-1.7021,0.5359,GO_GOAL
4.098,-2.2942,-1.7639,0.4941,-2.306,-1.6921,-2.321,-1.7021,0.5331,GO_GOAL
4.118,-2.291,-1.7622,0.4941,-2.306,-1.6921,-2.309,-1.6941,0.5303,GO_GOAL
4.138,-2.2878,-1.7605,0.4941,-2.303,-1.6901,-2.309,-1.6941,0.5276,GO_GOAL
4.156,-2.2847,-1.7588,0.4941,-2.3,-1.6881,-2.309,-1.6941,0.5248,GO_GOAL
4.178,-2.2815,-1.7571,0.4941,-2.297,-1.6861,-2.309,-1.6941,0.522,GO_GOAL
4.198,-2.2783,-1.7554,0.4941,-2.294,-1.6841,-2.309,-1.6941,0.5193,GO_GOAL
4.218,-2.2752,-1.7537,0.4941,-2.291,-1.6821,-2.294,-1.6841,0.5165,GO_GOAL
4.238,-2.272,-1.752,0.4941,-2.285,-1.6781,-2.294,-1.6841,0.5138,GO_GOAL
4.258,-2.2689,-1.7503,0.4941,-2.282,-1.6761,-2.294,-1.6841,0.511,GO_GOAL
4.278,-2.2657,-1.7486,0.4941,-2.282,-1.6761,-2.294,-1.6841,0.5083,GO_GOAL
4.298,-2.2625,-1.7469,0.4941,-2.279,-1.6741,-2.294,-1.6841,0.5056,GO_GOAL
4.318,-2.2594,-1.7452,0.4941,-2.276,-1.6721,-2.276,-1.6721,0.5029,GO_GOAL
4.338,-2.2563,-1.7435,0.4941,-2.273,-1.6701,-2.276,-1.6721,0.5002,GO_GOAL
4.358,-2.2531,-1.7418,0.4941,-2.27,-1.6682,-2.276,-1.6721,0.4975,GO_GOAL
4.378,-2.25,-1.7401,0.4941,-2.267,-1.6662,-2.276,-1.6721,0.4949,GO_GOAL
4.398,-2.2469,-1.7384,0.4941,-2.264,-1.6642,-2.276,-1.6721,0.4922,GO_GOAL
4.418,-2.2438,-1.7367,0.4941,-2.2611,-1.6622,-2.2611,-1.6622,0.4896,GO_GOAL
4.438,-2.2406,-1.735,0.4941,-2.2581,-1.6602,-2.2611,-1.6622,0.4869,GO_GOAL
4.458,-2.2374,-1.7333,0.4941,-2.2551,-1.6582,-2.2611,-1.6622,0.4842,GO_GOAL
4.478,-2.2342,-1.7316,0.4941,-2.2521,-1.6562,-2.2611,-1.6622,0.4815,GO_GOAL
4.498,-2.2311,-1.7299,0.4941,-2.2491,-1.6542,-2.2611,-1.6622,0.4789,GO_GOAL
4.518,-2.2279,-1.7282,0.4941,-2.2461,-1.6522,-2.2461,-1.6522,0.4762,GO_GOAL
4.538,-2.2247,-1.7265,0.4941,-2.2401,-1.6482,-2.2461,-1.6522,0.4736,GO_GOAL
4.558,-2.2215,-1.7248,0.4941,-2.2401,-1.6482,-2.2461,-1.6522,0.4709,GO_GOAL
4.578,-2.2184,-1.7231,0.4941,-2.2371,-1.6462,-2.2461,-1.6522,0.4683,GO_GOAL
4.598,-2.2152,-1.7213,0.4941,-2.2311,-1.6422,-2.2461,-1.6522,0.4657,GO_GOAL
4.618,-2.212,-1.7196,0.4941,-2.2311,-1.6422,-2.2311,-1.6422,0.4631,GO_GOAL
4.638,-2.2088,-1.7179,0.4941,-2.2281,-1.6402,-2.2311,-1.6422,0.4605,GO_GOAL
4.658,-2.2057,-1.7162,0.4941,-2.2251,-1.6382,-2.2311,-1.6422,0.4579,GO_GOAL
4.678,-2.2025,-1.7145,0.4941,-2.2221,-1.6362,-2.2311,-1.6422,0.4553,GO_GOAL
4.698,-2.1993,-1.7128,0.4941,-2.2191,-1.6342,-2.2311,-1.6422,0.4527,GO_GOAL
4.718,-2.1962,-1.7111,0.4941,-2.2161,-1.6322,-2.2191,-1.6342,0.4501,GO_GOAL
4.738,-2.193,-1.7094,0.4941,-2.2131,-1.6302,-2.2191,-1.6342,0.4476,GO_GOAL
4.758,-2.1899,-1.7077,0.4941,-2.2101,-1.6282,-2.2191,-1.6342,0.445,GO_GOAL
4.778,-2.1867,-1.706,0.4941,-2.2071,-1.6262,-2.2191,-1.6342,0.4425,GO_GOAL
4.798,-2.1835,-1.7043,0.4941,-2.2011,-1.6222,-2.2191,-1.6342,0.44,GO_GOAL
4.818,-2.1804,-1.7026,0.4941,-2.2011,-1.6222,-2.2041,-1.6242,0.4374,GO_GOAL
4.838,-2.1772,-1.7009,0.4941,-2.1981,-1.6203,-2.2041,-1.6242,0.4349,GO_GOAL
4.858,-2.1741,-1.6992,0.4941,-2.1951,-1.6183,-2.2041,-1.6242,0.4324,GO_GOAL
4.878,-2.1709,-1.6975,0.4941,-2.1921,-1.6163,-2.2041,-1.6242,0.43,GO_GOAL
4.896,-2.1678,-1.6958,0.4941,-2.1891,-1.6143,-2.2041,-1.6242,0.4275,GO_GOAL
4.918,-2.1647,-1.6941,0.4941,-2.1862,-1.6123,-2.1862,-1.6123,0.425,GO_GOAL
4.938,-2.1615,-1.6924,0.4941,-2.1832,-1.6103,-2.1862,-1.6123,0.4226,GO_GOAL
4.958,-2.1584,-1.6908,0.4941,-2.1802,-1.6083,-2.1862,-1.6123,0.4202,GO_GOAL
4.978,-2.1553,-1.6891,0.4941,-2.1772,-1.6063,-2.1862,-1.6123,0.4177,GO_GOAL
4.998,-2.1521,-1.6874,0.4941,-2.1712,-1.6023,-2.1862,-1.6123,0.4153,GO_GOAL
5.018,-2.1489,-1.6856,0.4941,-2.1712,-1.6023,-2.1742,-1.6043,0.4128,GO_GOAL
5.038,-2.1457,-1.6839,0.4941,-2.1682,-1.6003,-2.1742,-1.6043,0.4104,GO_GOAL
5.058,-2.1425,-1.6822,0.4941,-2.1652,-1.5983,-2.1742,-1.6043,0.408,GO_GOAL
5.078,-2.1394,-1.6805,0.4941,-2.1622,-1.5963,-2.1742,-1.6043,0.4056,GO_GOAL
5.096,-2.1362,-1.6788,0.4941,-2.1592,-1.5943,-2.1742,-1.6043,0.4032,GO_GOAL
5.118,-2.133,-1.6771,0.4941,-2.1562,-1.5923,-2.1562,-1.5923,0.4008,GO_GOAL
5.138,-2.1299,-1.6754,0.4941,-2.1532,-1.5903,-2.1562,-1.5923,0.3984,GO_GOAL
5.158,-2.1267,-1.6737,0.4941,-2.1502,-1.5883,-2.1562,-1.5923,0.396,GO_GOAL
5.178,-2.1235,-1.672,0.4941,-2.1442,-1.5843,-2.1562,-1.5923,0.3937,GO_GOAL
5.198,-2.1203,-1.6703,0.4941,-2.1442,-1.5843,-2.1562,-1.5923,0.3913,GO_GOAL
5.218,-2.1172,-1.6686,0.4941,-2.1412,-1.5823,-2.1442,-1.5843,0.389,GO_GOAL
5.238,-2.114,-1.6668,0.4941,-2.1382,-1.5803,-2.1442,-1.5843,0.3867,GO_GOAL
5.258,-2.1108,-1.6651,0.4941,-2.1352,-1.5783,-2.1442,-1.5843,0.3844,GO_GOAL
5.278,-2.1077,-1.6634,0.4941,-2.1292,-1.5743,-2.1442,-1.5843,0.3821,GO_GOAL
5.298,-2.1045,-1.6617,0.4941,-2.1292,-1.5743,-2.1442,-1.5843,0.3798,GO_GOAL
5.318,-2.1014,-1.66,0.4941,-2.1262,-1.5724,-2.1292,-1.5743,0.3775,GO_GOAL
5.338,-2.0982,-1.6583,0.4941,-2.1232,-1.5704,-2.1292,-1.5743,0.3753,GO_GOAL
5.358,-2.095,-1.6566,0.4941,-2.1172,-1.5664,-2.1292,-1.5743,0.373,GO_GOAL
5.378,-2.0919,-1.6549,0.4941,-2.1172,-1.5664,-2.1292,-1.5743,0.3708,GO_GOAL
5.396,-2.0887,-1.6532,0.4941,-2.1142,-1.5644,-2.1292,-1.5743,0.3685,GO_GOAL
5.418,-2.0856,-1.6515,0.4941,-2.1113,-1.5624,-2.1113,-1.5624,0.3663,GO_GOAL
5.438,-2.0824,-1.6498,0.4941,-2.1083,-1.5604,-2.1113,-1.5624,0.3642,GO_GOAL
5.458,-2.0793,-1.6482,0.4941,-2.1053,-1.5584,-2.1113,-1.5624,0.362,GO_GOAL
5.478,-2.0762,-1.6465,0.4941,-2.1023,-1.5564,-2.1113,-1.5624,0.3598,GO_GOAL
5.498,-2.0731,-1.6448,0.4941,-2.0993,-1.5544,-2.1113,-1.5624,0.3577,GO_GOAL
5.518,-2.0699,-1.6431,0.4941,-2.0963,-1.5524,-2.0993,-1.5544,0.3555,GO_GOAL
5.538,-2.0667,-1.6414,0.4941,-2.0903,-1.5484,-2.0993,-1.5544,0.3534,GO_GOAL
5.558,-2.0636,-1.6397,0.4941,-2.0903,-1.5484,-2.0993,-1.5544,0.3512,GO_GOAL
5.578,-2.0604,-1.638,0.4941,-2.0843,-1.5444,-2.0993,-1.5544,0.3491,GO_GOAL
5.598,-2.0572,-1.6362,0.4941,-2.0813,-1.5424,-2.0993,-1.5544,0.347,GO_GOAL
5.618,-2.054,-1.6345,0.4941,-2.0813,-1.5424,-2.0843,-1.5444,0.3449,GO_GOAL
5.638,-2.0509,-1.6328,0.4941,-2.0783,-1.5404,-2.0843,-1.5444,0.3428,GO_GOAL
5.658,-2.0477,-1.6311,0.4941,-2.0753,-1.5384,-2.0843,-1.5444,0.3407,GO_GOAL
5.678,-2.0445,-1.6294,0.4941,-2.0723,-1.5364,-2.0843,-1.5444,0.3387,GO_GOAL
5.698,-2.0413,-1.6277,0.4941,-2.0693,-1.5344,-2.0843,-1.5444,0.3366,GO_GOAL
5.718,-2.0382,-1.626,0.4941,-2.0663,-1.5324,-2.0663,-1.5324,0.3346,GO_GOAL
5.738,-2.035,-1.6243,0.4941,-2.0633,-1.5304,-2.0663,-1.5324,0.3326,GO_GOAL
5.758,-2.0318,-1.6226,0.4941,-2.0603,-1.5284,-2.0663,-1.5324,0.3306,GO_GOAL
5.778,-2.0287,-1.6209,0.4941,-2.0543,-1.5244,-2.0663,-1.5324,0.3286,GO_GOAL
5.798,-2.0255,-1.6192,0.4941,-2.0543,-1.5244,-2.0663,-1.5324,0.3266,GO_GOAL
5.818,-2.0223,-1.6175,0.4941,-2.0513,-1.5225,-2.0543,-1.5244,0.3247,GO_GOAL
5.838,-2.0192,-1.6158,0.4941,-2.0483,-1.5205,-2.0543,-1.5244,0.3227,GO_GOAL
5.858,-2.016,-1.6141,0.4941,-2.0423,-1.5165,-2.0543,-1.5244,0.3208,GO_GOAL
5.878,-2.0129,-1.6124,0.4941,-2.0423,-1.5165,-2.0543,-1.5244,0.3189,GO_GOAL
5.898,-2.0097,-1.6107,0.4941,-2.0393,-1.5145,-2.0543,-1.5244,0.317,GO_GOAL
5.918,-2.0065,-1.609,0.4941,-2.0363,-1.5125,-2.0393,-1.5145,0.3151,GO_GOAL
5.938,-2.0034,-1.6073,0.4941,-2.0334,-1.5105,-2.0393,-1.5145,0.3132,GO_GOAL
5.958,-2.0003,-1.6056,0.4941,-2.0304,-1.5085,-2.0393,-1.5145,0.3114,GO_GOAL
5.978,-1.9971,-1.6039,0.4941,-2.0244,-1.5045,-2.0393,-1.5145,0.3096,GO_GOAL
5.998,-1.994,-1.6022,0.4941,-2.0214,-1.5025,-2.0393,-1.5145,0.3078,GO_GOAL
6.018,-1.9909,-1.6005,0.4941,-2.0214,-1.5025,-2.0214,-1.5025,0.306,GO_GOAL
6.038,-1.9877,-1.5988,0.4941,-2.0184,-1.5005,-2.0214,-1.5025,0.3042,GO_GOAL
6.058,-1.9846,-1.5971,0.4941,-2.0154,-1.4985,-2.0214,-1.5025,0.3024,GO_GOAL
6.078,-1.9814,-1.5954,0.4941,-2.0124,-1.4965,-2.0214,-1.5025,0.3006,GO_GOAL
6.098,-1.9782,-1.5937,0.4941,-2.0094,-1.4945,-2.0094,-1.4945,0.2989,GO_GOAL
6.118,-1.975,-1.592,0.4941,-2.0064,-1.4925,-2.0094,-1.4945,0.2972,GO_GOAL
6.138,-1.9719,-1.5903,0.4941,-2.0034,-1.4905,-2.0094,-1.4945,0.2954,GO_GOAL
6.158,-1.9687,-1.5886,0.4941,-2.0004,-1.4885,-2.0094,-1.4945,0.2937,GO_GOAL
6.178,-1.9655,-1.5868,0.4941,-1.9974,-1.4865,-2.0094,-1.4945,0.2921,GO_GOAL
6.198,-1.9623,-1.5851,0.4941,-1.9944,-1.4845,-2.0094,-1.4945,0.2904,GO_GOAL
6.218,-1.9592,-1.5834,0.4941,-1.9914,-1.4825,-1.9914,-1.4825,0.2887,GO_GOAL
6.238,-1.956,-1.5817,0.4941,-1.9884,-1.4805,-1.9914,-1.4825,0.2871,GO_GOAL
6.258,-1.9528,-1.58,0.4941,-1.9854,-1.4785,-1.9914,-1.4825,0.2855,GO_GOAL
6.278,-1.9497,-1.5783,0.4941,-1.9824,-1.4765,-1.9914,-1.4825,0.2839,GO_GOAL
6.298,-1.9465,-1.5766,0.4941,-1.9794,-1.4746,-1.9914,-1.4825,0.2823,GO_GOAL
6.318,-1.9433,-1.5749,0.4941,-1.9764,-1.4726,-1.9794,-1.4746,0.2808,GO_GOAL
6.338,-1.9402,-1.5732,0.4941,-1.9734,-1.4706,-1.9794,-1.4746,0.2792,GO_GOAL
6.358,-1.937,-1.5715,0.4941,-1.9704,-1.4686,-1.9794,-1.4746,0.2777,GO_GOAL
6.378,-1.9338,-1.5698,0.4941,-1.9674,-1.4666,-1.9794,-1.4746,0.2762,GO_GOAL
6.398,-1.9307,-1.5681,0.4941,-1.9614,-1.4626,-1.9794,-1.4746,0.2747,GO_GOAL
6.418,-1.9275,-1.5664,0.4941,-1.9614,-1.4626,-1.9644,-1.4646,0.2732,GO_GOAL
6.438,-1.9244,-1.5647,0.4941,-1.9585,-1.4606,-1.9644,-1.4646,0.2718,GO_GOAL
6.458,-1.9212,-1.563,0.4941,-1.9555,-1.4586,-1.9644,-1.4646,0.2704,GO_GOAL
6.478,-1.9181,-1.5613,0.4941,-1.9525,-1.4566,-1.9644,-1.4646,0.269,GO_GOAL
6.498,-1.9149,-1.5596,0.4941,-1.9495,-1.4546,-1.9644,-1.4646,0.2676,GO_GOAL
6.518,-1.9118,-1.5579,0.4941,-1.9465,-1.4526,-1.9465,-1.4526,0.2662,GO_GOAL
6.538,-1.9087,-1.5562,0.4941,-1.9435,-1.4506,-1.9465,-1.4526,0.2649,GO_GOAL
6.558,-1.9055,-1.5545,0.4941,-1.9405,-1.4486,-1.9465,-1.4526,0.2636,GO_GOAL
6.578,-1.9024,-1.5528,0.4941,-1.9375,-1.4466,-1.9465,-1.4526,0.2622,GO_GOAL
6.598,-1.8992,-1.5511,0.4941,-1.9345,-1.4446,-1.9465,-1.4526,0.2609,GO_GOAL
6.618,-1.896,-1.5494,0.4941,-1.9315,-1.4426,-1.9315,-1.4426,0.2596,GO_GOAL
6.638,-1.8928,-1.5477,0.4941,-1.9255,-1.4386,-1.9315,-1.4426,0.2584,GO_GOAL
6.658,-1.8897,-1.546,0.4941,-1.9255,-1.4386,-1.9315,-1.4426,0.2571,GO_GOAL
6.678,-1.8865,-1.5443,0.4941,-1.9225,-1.4366,-1.9315,-1.4426,0.2559,GO_GOAL
6.698,-1.8833,-1.5426,0.4941,-1.9195,-1.4346,-1.9315,-1.4426,0.2547,GO_GOAL
6.718,-1.8801,-1.5409,0.4941,-1.9165,-1.4326,-1.9195,-1.4346,0.2535,GO_GOAL
6.738,-1.877,-1.5391,0.4941,-1.9135,-1.4306,-1.9195,-1.4346,0.2524,GO_GOAL
6.758,-1.8738,-1.5374,0.4941,-1.9105,-1.4286,-1.9195,-1.4346,0.2512,GO_GOAL
6.778,-1.8706,-1.5357,0.4941,-1.9075,-1.4266,-1.9195,-1.4346,0.2501,GO_GOAL
6.798,-1.8675,-1.534,0.4941,-1.9045,-1.4247,-1.9195,-1.4346,0.249,GO_GOAL
6.818,-1.8643,-1.5323,0.4941,-1.9015,-1.4227,-1.9045,-1.4247,0.248,GO_GOAL
6.838,-1.8611,-1.5306,0.4941,-1.8985,-1.4207,-1.9045,-1.4247,0.2469,GO_GOAL
6.858,-1.858,-1.5289,0.4941,-1.8925,-1.4167,-1.9045,-1.4247,0.2459,GO_GOAL
6.878,-1.8548,-1.5272,0.4941,-1.8925,-1.4167,-1.9045,-1.4247,0.2449,GO_GOAL
6.896,-1.8516,-1.5255,0.4941,-1.8895,-1.4147,-1.9045,-1.4247,0.2439,GO_GOAL
6.918,-1.8485,-1.5238,0.4941,-1.8865,-1.4127,-1.8895,-1.4147,0.2429,GO_GOAL
6.938,-1.8453,-1.5221,0.4941,-1.8835,-1.4107,-1.8895,-1.4147,0.242,GO_GOAL
6.958,-1.8422,-1.5204,0.4941,-1.8806,-1.4087,-1.8895,-1.4147,0.2411,GO_GOAL
6.978,-1.8391,-1.5187,0.4941,-1.8746,-1.4047,-1.8895,-1.4147,0.2402,GO_GOAL
6.998,-1.8359,-1.517,0.4941,-1.8746,-1.4047,-1.8895,-1.4147,0.2393,GO_GOAL
7.018,-1.8328,-1.5154,0.4941,-1.8716,-1.4027,-1.8746,-1.4047,0.2384,GO_GOAL
7.038,-1.8297,-1.5137,0.4941,-1.8686,-1.4007,-1.8746,-1.4047,0.2376,GO_GOAL
7.058,-1.8265,-1.5119,0.4941,-1.8656,-1.3987,-1.8746,-1.4047,0.2368,GO_GOAL
7.078,-1.8233,-1.5102,0.4941,-1.8626,-1.3967,-1.8746,-1.4047,0.236,GO_GOAL
7.098,-1.8201,-1.5085,0.4941,-1.8596,-1.3947,-1.8746,-1.4047,0.2352,GO_GOAL
7.118,-1.817,-1.5068,0.4941,-1.8566,-1.3927,-1.8566,-1.3927,0.2345,GO_GOAL
7.138,-1.8138,-1.5051,0.4941,-1.8536,-1.3907,-1.8566,-1.3927,0.2338,GO_GOAL
7.158,-1.8106,-1.5034,0.4941,-1.8506,-1.3887,-1.8566,-1.3927,0.2331,GO_GOAL
7.178,-1.8074,-1.5017,0.4941,-1.8446,-1.3847,-1.8566,-1.3927,0.2324,GO_GOAL
7.198,-1.8043,-1.5,0.4941,-1.8446,-1.3847,-1.8566,-1.3927,0.2317,GO_GOAL
7.218,-1.8011,-1.4983,0.4941,-1.8416,-1.3827,-1.8446,-1.3847,0.2311,GO_GOAL
7.238,-1.7979,-1.4966,0.4941,-1.8386,-1.3807,-1.8446,-1.3847,0.2305,GO_GOAL
7.258,-1.7948,-1.4949,0.4941,-1.8356,-1.3787,-1.8446,-1.3847,0.2299,GO_GOAL
7.278,-1.7916,-1.4932,0.4941,-1.8326,-1.3768,-1.8446,-1.3847,0.2293,GO_GOAL
7.298,-1.7884,-1.4915,0.4941,-1.8296,-1.3748,-1.8446,-1.3847,0.2288,GO_GOAL
7.318,-1.7853,-1.4897,0.4941,-1.8266,-1.3728,-1.8296,-1.3748,0.2283,GO_GOAL
7.338,-1.7821,-1.488,0.4941,-1.8236,-1.3708,-1.8296,-1.3748,0.2278,GO_GOAL
7.358,-1.7789,-1.4863,0.4941,-1.8176,-1.3668,-1.8296,-1.3748,0.2273,GO_GOAL
7.378,-1.7758,-1.4846,0.4941,-1.8176,-1.3668,-1.8296,-1.3748,0.2269,GO_GOAL
7.398,-1.7726,-1.4829,0.4941,-1.8146,-1.3648,-1.8296,-1.3748,0.2265,GO_GOAL
7.418,-1.7695,-1.4812,0.4941,-1.8116,-1.3628,-1.8146,-1.3648,0.2261,GO_GOAL
7.438,-1.7663,-1.4795,0.4941,-1.8086,-1.3608,-1.8146,-1.3648,0.2257,GO_GOAL
7.458,-1.7632,-1.4779,0.4941,-1.8057,-1.3588,-1.8146,-1.3648,0.2254,GO_GOAL
7.478,-1.7601,-1.4762,0.4941,-1.8027,-1.3568,-1.8146,-1.3648,0.225,GO_GOAL
7.498,-1.7569,-1.4745,0.4941,-1.7997,-1.3548,-1.8146,-1.3648,0.2247,GO_GOAL
7.518,-1.7538,-1.4728,0.4941,-1.7967,-1.3528,-1.7997,-1.3548,0.2245,GO_GOAL
7.538,-1.7506,-1.4711,0.4941,-1.7937,-1.3508,-1.7997,-1.3548,0.2242,GO_GOAL
7.558,-1.7474,-1.4694,0.4941,-1.7907,-1.3488,-1.7997,-1.3548,0.224,GO_GOAL
7.578,-1.7442,-1.4676,0.4941,-1.7877,-1.3468,-1.7997,-1.3548,0.2238,GO_GOAL
7.598,-1.7411,-1.4659,0.4941,-1.7847,-1.3448,-1.7997,-1.3548,0.2236,GO_GOAL
7.618,-1.7379,-1.4642,0.4941,-1.7817,-1.3428,-1.7847,-1.3448,0.2234,GO_GOAL
7.638,-1.7347,-1.4625,0.4941,-1.7787,-1.3408,-1.7847,-1.3448,0.2233,GO_GOAL
7.658,-1.7316,-1.4608,0.4941,-1.7757,-1.3388,-1.7847,-1.3448,0.2232,GO_GOAL
7.678,-1.7284,-1.4591,0.4941,-1.7727,-1.3368,-1.7847,-1.3448,0.2231,GO_GOAL
7.698,-1.7252,-1.4574,0.4941,-1.7697,-1.3348,-1.7847,-1.3448,0.2231,GO_GOAL
7.718,-1.722,-1.4557,0.4941,-1.7667,-1.3328,-1.7697,-1.3348,0.223,GO_GOAL
7.738,-1.7189,-1.454,0.4941,-1.7637,-1.3308,-1.7697,-1.3348,0.223,GO_GOAL
7.758,-1.7157,-1.4523,0.4941,-1.7607,-1.3289,-1.7697,-1.3348,0.223,GO_GOAL
7.778,-1.7125,-1.4506,0.4941,-1.7577,-1.3269,-1.7697,-1.3348,0.2231,GO_GOAL
7.798,-1.7094,-1.4489,0.4941,-1.7547,-1.3249,-1.7697,-1.3348,0.2231,GO_GOAL
7.818,-1.7062,-1.4472,0.4941,-1.7517,-1.3229,-1.7547,-1.3249,0.2232,GO_GOAL
7.838,-1.7031,-1.4455,0.4941,-1.7487,-1.3209,-1.7547,-1.3249,0.2233,GO_GOAL
7.858,-1.6999,-1.4438,0.4941,-1.7457,-1.3189,-1.7547,-1.3249,0.2234,GO_GOAL
7.878,-1.6967,-1.4421,0.4941,-1.7427,-1.3169,-1.7547,-1.3249,0.2236,GO_GOAL
7.898,-1.6936,-1.4404,0.4941,-1.7397,-1.3149,-1.7547,-1.3249,0.2238,GO_GOAL
7.918,-1.6905,-1.4387,0.4941,-1.7337,-1.3109,-1.7397,-1.3149,0.224,GO_GOAL
7.938,-1.6873,-1.437,0.4941,-1.7337,-1.3109,-1.7397,-1.3149,0.2242,GO_GOAL
7.958,-1.6842,-1.4353,0.4941,-1.7308,-1.3089,-1.7397,-1.3149,0.2245,GO_GOAL
7.978,-1.6811,-1.4336,0.4941,-1.7278,-1.3069,-1.7397,-1.3149,0.2247,GO_GOAL
7.998,-1.6779,-1.4319,0.4941,-1.7248,-1.3049,-1.7397,-1.3149,0.2251,GO_GOAL
8.018,-1.6747,-1.4302,0.4941,-1.7218,-1.3029,-1.7248,-1.3049,0.2254,GO_GOAL
8.038,-1.6715,-1.4285,0.4941,-1.7188,-1.3009,-1.7248,-1.3049,0.2257,GO_GOAL
8.058,-1.6684,-1.4268,0.4941,-1.7158,-1.2989,-1.7248,-1.3049,0.2261,GO_GOAL
8.078,-1.6652,-1.4251,0.4941,-1.7128,-1.2969,-1.7248,-1.3049,0.2265,GO_GOAL
8.098,-1.662,-1.4233,0.4941,-1.7068,-1.2929,-1.7098,-1.2949,0.2269,GO_GOAL
8.118,-1.6588,-1.4216,0.4941,-1.7068,-1.2929,-1.7098,-1.2949,0.2274,GO_GOAL
8.138,-1.6557,-1.4199,0.4941,-1.7038,-1.2909,-1.7098,-1.2949,0.2278,GO_GOAL
8.158,-1.6525,-1.4182,0.4941,-1.7008,-1.2889,-1.7098,-1.2949,0.2283,GO_GOAL
8.178,-1.6493,-1.4165,0.4941,-1.6978,-1.2869,-1.7098,-1.2949,0.2289,GO_GOAL
8.198,-1.6462,-1.4148,0.4941,-1.6948,-1.2849,-1.7098,-1.2949,0.2294,GO_GOAL
8.218,-1.643,-1.4131,0.4941,-1.6918,-1.2829,-1.6948,-1.2849,0.23,GO_GOAL
8.238,-1.6398,-1.4114,0.4941,-1.6888,-1.2809,-1.6948,-1.2849,0.2305,GO_GOAL
8.258,-1.6367,-1.4097,0.4941,-1.6858,-1.279,-1.6948,-1.2849,0.2312,GO_GOAL
8.278,-1.6335,-1.408,0.4941,-1.6828,-1.277,-1.6948,-1.2849,0.2318,GO_GOAL
8.298,-1.6303,-1.4063,0.4941,-1.6798,-1.275,-1.6948,-1.2849,0.2324,GO_GOAL
8.318,-1.6272,-1.4046,0.4941,-1.6768,-1.273,-1.6798,-1.275,0.2331,GO_GOAL
8.338,-1.624,-1.4029,0.4941,-1.6738,-1.271,-1.6798,-1.275,0.2338,GO_GOAL
8.358,-1.6209,-1.4012,0.4941,-1.6708,-1.269,-1.6798,-1.275,0.2345,GO_GOAL
8.378,-1.6177,-1.3995,0.4941,-1.6678,-1.267,-1.6798,-1.275,0.2353,GO_GOAL
8.398,-1.6146,-1.3978,0.4941,-1.6648,-1.265,-1.6798,-1.275,0.236,GO_GOAL
8.418,-1.6115,-1.3961,0.4941,-1.6618,-1.263,-1.6648,-1.265,0.2368,GO_GOAL
8.438,-1.6083,-1.3944,0.4941,-1.6588,-1.261,-1.6648,-1.265,0.2376,GO_GOAL
8.458,-1.6051,-1.3927,0.4941,-1.6558,-1.259,-1.6648,-1.265,0.2385,GO_GOAL
8.478,-1.602,-1.391,0.4941,-1.6529,-1.257,-1.6648,-1.265,0.2393,GO_GOAL
8.498,-1.5988,-1.3893,0.4941,-1.6499,-1.255,-1.6648,-1.265,0.2402,GO_GOAL
8.518,-1.5956,-1.3876,0.4941,-1.6439,-1.251,-1.6499,-1.255,0.2411,GO_GOAL
8.538,-1.5924,-1.3859,0.4941,-1.6439,-1.251,-1.6499,-1.255,0.2421,GO_GOAL
8.558,-1.5893,-1.3842,0.4941,-1.6409,-1.249,-1.6499,-1.255,0.243,GO_GOAL
8.578,-1.5861,-1.3825,0.4941,-1.6379,-1.247,-1.6499,-1.255,0.244,GO_GOAL
8.598,-1.5829,-1.3808,0.4941,-1.6349,-1.245,-1.6499,-1.255,0.245,GO_GOAL
8.618,-1.5798,-1.379,0.4941,-1.6319,-1.243,-1.6349,-1.245,0.246,GO_GOAL
8.638,-1.5766,-1.3773,0.4941,-1.6289,-1.241,-1.6349,-1.245,0.247,GO_GOAL
8.658,-1.5734,-1.3756,0.4941,-1.6259,-1.239,-1.6349,-1.245,0.2481,GO_GOAL
8.678,-1.5703,-1.3739,0.4941,-1.6229,-1.237,-1.6349,-1.245,0.2492,GO_GOAL
8.698,-1.5671,-1.3722,0.4941,-1.6199,-1.235,-1.6349,-1.245,0.2503,GO_GOAL
8.718,-1.5639,-1.3705,0.4941,-1.6169,-1.233,-1.6199,-1.235,0.2514,GO_GOAL
8.738,-1.5608,-1.3688,0.4941,-1.6139,-1.2311,-1.6199,-1.235,0.2525,GO_GOAL
8.758,-1.5576,-1.3671,0.4941,-1.6079,-1.2271,-1.6199,-1.235,0.2537,GO_GOAL
8.778,-1.5544,-1.3654,0.4941,-1.6079,-1.2271,-1.6199,-1.235,0.2548,GO_GOAL
8.798,-1.5513,-1.3637,0.4941,-1.6049,-1.2251,-1.6199,-1.235,0.256,GO_GOAL
8.818,-1.5482,-1.362,0.4941,-1.6019,-1.2231,-1.6049,-1.2251,0.256,GO_GOAL
8.838,-1.545,-1.3603,0.4941,-1.5989,-1.2211,-1.6049,-1.2251,0.2552,GO_GOAL
8.858,-1.5419,-1.3586,0.4941,-1.5959,-1.2191,-1.6049,-1.2251,0.2544,GO_GOAL
8.878,-1.5388,-1.357,0.4941,-1.5929,-1.2171,-1.6049,-1.2251,0.2537,GO_GOAL
8.898,-1.5356,-1.3552,0.4941,-1.5899,-1.2151,-1.6049,-1.2251,0.2529,GO_GOAL
8.918,-1.5324,-1.3535,0.4941,-1.5869,-1.2131,-1.5899,-1.2151,0.2522,GO_GOAL
8.938,-1.5292,-1.3518,0.4941,-1.5809,-1.2091,-1.5899,-1.2151,0.2515,GO_GOAL
8.958,-1.5261,-1.3501,0.4941,-1.5809,-1.2091,-1.5899,-1.2151,0.2508,GO_GOAL
8.978,-1.5229,-1.3484,0.4941,-1.578,-1.2071,-1.5899,-1.2151,0.2501,GO_GOAL
8.998,-1.5197,-1.3467,0.4941,-1.575,-1.2051,-1.5899,-1.2151,0.2494,GO_GOAL
9.018,-1.5165,-1.345,0.4941,-1.572,-1.2031,-1.575,-1.2051,0.2488,GO_GOAL
9.038,-1.5134,-1.3433,0.4941,-1.569,-1.2011,-1.575,-1.2051,0.2482,GO_GOAL
9.058,-1.5102,-1.3416,0.4941,-1.566,-1.1991,-1.575,-1.2051,0.2476,GO_GOAL
9.078,-1.507,-1.3399,0.4941,-1.563,-1.1971,-1.575,-1.2051,0.2471,GO_GOAL
9.098,-1.5039,-1.3382,0.4941,-1.56,-1.1951,-1.575,-1.2051,0.2466,GO_GOAL
9.118,-1.5007,-1.3365,0.4941,-1.554,-1.1911,-1.56,-1.1951,0.2461,GO_GOAL
9.138,-1.4975,-1.3347,0.4941,-1.554,-1.1911,-1.56,-1.1951,0.2456,GO_GOAL
9.158,-1.4944,-1.333,0.4941,-1.551,-1.1891,-1.56,-1.1951,0.2451,GO_GOAL
9.178,-1.4912,-1.3313,0.4941,-1.548,-1.1871,-1.56,-1.1951,0.2447,GO_GOAL
9.198,-1.488,-1.3296,0.4941,-1.545,-1.1851,-1.56,-1.1951,0.2442,GO_GOAL
9.218,-1.4849,-1.3279,0.4941,-1.542,-1.1831,-1.545,-1.1851,0.2439,GO_GOAL
9.238,-1.4817,-1.3262,0.4941,-1.539,-1.1812,-1.545,-1.1851,0.2435,GO_GOAL
9.258,-1.4786,-1.3245,0.4941,-1.533,-1.1772,-1.545,-1.1851,0.2431,GO_GOAL
9.278,-1.4754,-1.3228,0.4941,-1.533,-1.1772,-1.545,-1.1851,0.2428,GO_GOAL
9.298,-1.4723,-1.3212,0.4941,-1.53,-1.1752,-1.545,-1.1851,0.2425,GO_GOAL
9.318,-1.4692,-1.3195,0.4941,-1.524,-1.1712,-1.53,-1.1752,0.2422,GO_GOAL
9.338,-1.466,-1.3178,0.4941,-1.524,-1.1712,-1.53,-1.1752,0.242,GO_GOAL
9.358,-1.4628,-1.3161,0.4941,-1.521,-1.1692,-1.53,-1.1752,0.2418,GO_GOAL
9.378,-1.4597,-1.3143,0.4941,-1.518,-1.1672,-1.53,-1.1752,0.2415,GO_GOAL
9.398,-1.4565,-1.3126,0.4941,-1.515,-1.1652,-1.53,-1.1752,0.2414,GO_GOAL
9.418,-1.4533,-1.3109,0.4941,-1.512,-1.1632,-1.515,-1.1652,0.2412,GO_GOAL
9.438,-1.4501,-1.3092,0.4941,-1.509,-1.1612,-1.515,-1.1652,0.2411,GO_GOAL
9.458,-1.447,-1.3075,0.4941,-1.506,-1.1592,-1.515,-1.1652,0.2409,GO_GOAL
9.478,-1.4438,-1.3058,0.4941,-1.5031,-1.1572,-1.515,-1.1652,0.2408,GO_GOAL
9.498,-1.4406,-1.3041,0.4941,-1.5001,-1.1552,-1.515,-1.1652,0.2408,GO_GOAL
9.518,-1.4375,-1.3024,0.4941,-1.4971,-1.1532,-1.5001,-1.1552,0.2407,GO_GOAL
9.538,-1.4343,-1.3007,0.4941,-1.4941,-1.1512,-1.5001,-1.1552,0.2407,GO_GOAL
9.558,-1.4311,-1.299,0.4941,-1.4911,-1.1492,-1.5001,-1.1552,0.2407,GO_GOAL
9.578,-1.428,-1.2973,0.4941,-1.4881,-1.1472,-1.5001,-1.1552,0.2407,GO_GOAL
9.598,-1.4248,-1.2956,0.4941,-1.4851,-1.1452,-1.5001,-1.1552,0.2408,GO_GOAL
9.618,-1.4216,-1.2939,0.4941,-1.4821,-1.1432,-1.4851,-1.1452,0.2409,GO_GOAL
9.638,-1.4185,-1.2922,0.4941,-1.4791,-1.1412,-1.4851,-1.1452,0.241,GO_GOAL
9.658,-1.4153,-1.2905,0.4941,-1.4761,-1.1392,-1.4851,-1.1452,0.2411,GO_GOAL
9.678,-1.4122,-1.2888,0.4941,-1.4731,-1.1372,-1.4851,-1.1452,0.2412,GO_GOAL
9.698,-1.409,-1.2871,0.4941,-1.4701,-1.1352,-1.4851,-1.1452,0.2414,GO_GOAL
9.718,-1.4059,-1.2854,0.4941,-1.4671,-1.1333,-1.4671,-1.1333,0.2416,GO_GOAL
9.738,-1.4028,-1.2837,0.4941,-1.4641,-1.1313,-1.4671,-1.1333,0.2418,GO_GOAL
9.758,-1.3996,-1.282,0.4941,-1.4611,-1.1293,-1.4671,-1.1333,0.242,GO_GOAL
9.778,-1.3964,-1.2803,0.4941,-1.4581,-1.1273,-1.4671,-1.1333,0.2423,GO_GOAL
9.798,-1.3933,-1.2786,0.4941,-1.4551,-1.1253,-1.4671,-1.1333,0.2426,GO_GOAL
9.818,-1.3901,-1.2769,0.4941,-1.4491,-1.1213,-1.4551,-1.1253,0.2429,GO_GOAL
9.838,-1.3869,-1.2751,0.4941,-1.4491,-1.1213,-1.4551,-1.1253,0.2432,GO_GOAL
9.858,-1.3837,-1.2734,0.4941,-1.4431,-1.1173,-1.4551,-1.1253,0.2436,GO_GOAL
9.878,-1.3806,-1.2717,0.4941,-1.4431,-1.1173,-1.4551,-1.1253,0.2439,GO_GOAL
9.898,-1.3774,-1.27,0.4941,-1.4401,-1.1153,-1.4551,-1.1253,0.2443,GO_GOAL
9.918,-1.3742,-1.2683,0.4941,-1.4371,-1.1133,-1.4401,-1.1153,0.2447,GO_GOAL
9.938,-1.3711,-1.2666,0.4941,-1.4341,-1.1113,-1.4401,-1.1153,0.2452,GO_GOAL
9.958,-1.3679,-1.2649,0.4941,-1.4311,-1.1093,-1.4401,-1.1153,0.2457,GO_GOAL
9.978,-1.3647,-1.2632,0.4941,-1.4252,-1.1053,-1.4401,-1.1153,0.2461,GO_GOAL
9.998,-1.3616,-1.2615,0.4941,-1.4252,-1.1053,-1.4401,-1.1153,0.2467,GO_GOAL
10.018,-1.3584,-1.2598,0.4941,-1.4222,-1.1033,-1.4252,-1.1053,0.2472,GO_GOAL
10.038,-1.3552,-1.2581,0.4941,-1.4192,-1.1013,-1.4252,-1.1053,0.2478,GO_GOAL
10.058,-1.3521,-1.2564,0.4941,-1.4162,-1.0993,-1.4252,-1.1053,0.2483,GO_GOAL
10.078,-1.3489,-1.2547,0.4941,-1.4132,-1.0973,-1.4252,-1.1053,0.2489,GO_GOAL
10.098,-1.3458,-1.253,0.4941,-1.4102,-1.0953,-1.4252,-1.1053,0.2496,GO_GOAL
10.118,-1.3426,-1.2513,0.4941,-1.4072,-1.0933,-1.4102,-1.0953,0.2502,GO_GOAL
10.138,-1.3395,-1.2496,0.4941,-1.4042,-1.0913,-1.4102,-1.0953,0.2509,GO_GOAL
10.158,-1.3363,-1.2479,0.4941,-1.4012,-1.0893,-1.4102,-1.0953,0.2516,GO_GOAL
10.178,-1.3332,-1.2462,0.4941,-1.3982,-1.0873,-1.4102,-1.0953,0.2523,GO_GOAL
10.198,-1.33,-1.2445,0.4941,-1.3952,-1.0854,-1.4102,-1.0953,0.253,GO_GOAL
10.218,-1.3268,-1.2428,0.4941,-1.3922,-1.0834,-1.3952,-1.0854,0.2538,GO_GOAL
10.238,-1.3237,-1.2411,0.4941,-1.3862,-1.0794,-1.3952,-1.0854,0.2545,GO_GOAL
10.258,-1.3205,-1.2394,0.4941,-1.3862,-1.0794,-1.3952,-1.0854,0.2554,GO_GOAL
10.278,-1.3173,-1.2377,0.4941,-1.3832,-1.0774,-1.3952,-1.0854,0.2562,GO_GOAL
10.298,-1.3141,-1.2359,0.4941,-1.3802,-1.0754,-1.3952,-1.0854,0.257,GO_GOAL
10.318,-1.311,-1.2342,0.4941,-1.3772,-1.0734,-1.3802,-1.0754,0.2579,GO_GOAL
10.338,-1.3078,-1.2325,0.4941,-1.3742,-1.0714,-1.3802,-1.0754,0.2588,GO_GOAL
10.358,-1.3046,-1.2308,0.4941,-1.3712,-1.0694,-1.3802,-1.0754,0.2597,GO_GOAL
10.378,-1.3015,-1.2291,0.4941,-1.3682,-1.0674,-1.3802,-1.0754,0.2606,GO_GOAL
10.398,-1.2983,-1.2274,0.4941,-1.3652,-1.0654,-1.3802,-1.0754,0.2616,GO_GOAL
10.418,-1.2951,-1.2257,0.4941,-1.3622,-1.0634,-1.3652,-1.0654,0.2625,GO_GOAL
10.438,-1.292,-1.224,0.4941,-1.3592,-1.0614,-1.3652,-1.0654,0.2635,GO_GOAL
10.458,-1.2888,-1.2223,0.4941,-1.3562,-1.0594,-1.3652,-1.0654,0.2646,GO_GOAL
10.478,-1.2857,-1.2206,0.4941,-1.3532,-1.0574,-1.3652,-1.0654,0.2656,GO_GOAL
10.498,-1.2825,-1.2189,0.4941,-1.3503,-1.0554,-1.3652,-1.0654,0.2666,GO_GOAL
10.518,-1.2794,-1.2172,0.4941,-1.3473,-1.0534,-1.3503,-1.0554,0.2677,GO_GOAL
10.538,-1.2762,-1.2155,0.4941,-1.3413,-1.0494,-1.3503,-1.0554,0.2688,GO_GOAL
10.558,-1.2731,-1.2138,0.4941,-1.3413,-1.0494,-1.3503,-1.0554,0.2699,GO_GOAL
10.578,-1.2699,-1.2121,0.4941,-1.3353,-1.0454,-1.3503,-1.0554,0.271,GO_GOAL
10.598,-1.2667,-1.2104,0.4941,-1.3353,-1.0454,-1.3503,-1.0554,0.2722,GO_GOAL
10.618,-1.2636,-1.2087,0.4941,-1.3293,-1.0414,-1.3353,-1.0454,0.2734,GO_GOAL
10.638,-1.2604,-1.207,0.4941,-1.3293,-1.0414,-1.3353,-1.0454,0.2746,GO_GOAL
10.658,-1.2572,-1.2053,0.4941,-1.3233,-1.0374,-1.3353,-1.0454,0.2758,GO_GOAL
10.678,-1.254,-1.2036,0.4941,-1.3233,-1.0374,-1.3353,-1.0454,0.277,GO_GOAL
10.698,-1.2509,-1.2019,0.4941,-1.3203,-1.0355,-1.3353,-1.0454,0.2783,GO_GOAL
10.718,-1.2477,-1.2002,0.4941,-1.3173,-1.0335,-1.3203,-1.0355,0.2796,GO_GOAL
10.738,-1.2445,-1.1985,0.4941,-1.3143,-1.0315,-1.3203,-1.0355,0.2809,GO_GOAL
10.758,-1.2414,-1.1967,0.4941,-1.3113,-1.0295,-1.3203,-1.0355,0.2822,GO_GOAL
10.778,-1.2382,-1.195,0.4941,-1.3083,-1.0275,-1.3203,-1.0355,0.2835,GO_GOAL
10.798,-1.235,-1.1933,0.4941,-1.3053,-1.0255,-1.3203,-1.0355,0.2849,GO_GOAL
10.818,-1.2319,-1.1916,0.4941,-1.3023,-1.0235,-1.3053,-1.0255,0.2862,GO_GOAL
10.838,-1.2287,-1.1899,0.4941,-1.2993,-1.0215,-1.3053,-1.0255,0.2876,GO_GOAL
10.858,-1.2256,-1.1882,0.4941,-1.2963,-1.0195,-1.3053,-1.0255,0.289,GO_GOAL
10.878,-1.2224,-1.1865,0.4941,-1.2933,-1.0175,-1.3053,-1.0255,0.2904,GO_GOAL
10.898,-1.2193,-1.1849,0.4941,-1.2903,-1.0155,-1.3053,-1.0255,0.2918,GO_GOAL
10.918,-1.2161,-1.1832,0.4941,-1.2873,-1.0135,-1.2903,-1.0155,0.2933,GO_GOAL
10.938,-1.213,-1.1814,0.4941,-1.2843,-1.0115,-1.2903,-1.0155,0.2948,GO_GOAL
10.958,-1.2098,-1.1797,0.4941,-1.2783,-1.0075,-1.2903,-1.0155,0.2963,GO_GOAL
10.978,-1.2066,-1.178,0.4941,-1.2783,-1.0075,-1.2903,-1.0155,0.2978,GO_GOAL
10.998,-1.2034,-1.1763,0.4941,-1.2753,-1.0055,-1.2903,-1.0155,0.2993,GO_GOAL
11.018,-1.2003,-1.1746,0.4941,-1.2724,-1.0035,-1.2753,-1.0055,0.3009,GO_GOAL
11.038,-1.1971,-1.1729,0.4941,-1.2694,-1.0015,-1.2753,-1.0055,0.3024,GO_GOAL
11.058,-1.1939,-1.1712,0.4941,-1.2664,-0.9995,-1.2753,-1.0055,0.304,GO_GOAL
11.078,-1.1908,-1.1695,0.4941,-1.2634,-0.9975,-1.2753,-1.0055,0.3056,GO_GOAL
11.098,-1.1876,-1.1678,0.4941,-1.2604,-0.9955,-1.2753,-1.0055,0.3072,GO_GOAL
11.118,-1.1844,-1.1661,0.4941,-1.2574,-0.9935,-1.2604,-0.9955,0.3089,GO_GOAL
11.138,-1.1813,-1.1644,0.4941,-1.2544,-0.9915,-1.2604,-0.9955,0.3105,GO_GOAL
11.158,-1.1781,-1.1627,0.4941,-1.2484,-0.9876,-1.2604,-0.9955,0.3122,GO_GOAL
11.178,-1.1749,-1.161,0.4941,-1.2484,-0.9876,-1.2604,-0.9955,0.3139,GO_GOAL
11.198,-1.1718,-1.1593,0.4941,-1.2454,-0.9856,-1.2604,-0.9955,0.3156,GO_GOAL
11.218,-1.1686,-1.1576,0.4941,-1.2424,-0.9836,-1.2454,-0.9856,0.3173,GO_GOAL
11.238,-1.1655,-1.1559,0.4941,-1.2394,-0.9816,-1.2454,-0.9856,0.319,GO_GOAL
11.258,-1.1623,-1.1542,0.4941,-1.2364,-0.9796,-1.2454,-0.9856,0.3207,GO_GOAL
11.278,-1.1592,-1.1525,0.4941,-1.2334,-0.9776,-1.2454,-0.9856,0.3225,GO_GOAL
11.298,-1.156,-1.1508,0.4941,-1.2304,-0.9756,-1.2454,-0.9856,0.3243,GO_GOAL
11.318,-1.1528,-1.1491,0.4941,-1.2274,-0.9736,-1.2304,-0.9756,0.326,GO_GOAL
11.338,-1.1497,-1.1473,0.4941,-1.2244,-0.9716,-1.2304,-0.9756,0.3279,GO_GOAL
11.358,-1.1465,-1.1456,0.4941,-1.2214,-0.9696,-1.2304,-0.9756,0.3297,GO_GOAL
11.378,-1.1433,-1.1439,0.4941,-1.2184,-0.9676,-1.2304,-0.9756,0.3315,GO_GOAL
11.398,-1.1402,-1.1422,0.4941,-1.2154,-0.9656,-1.2304,-0.9756,0.3334,GO_GOAL
11.418,-1.137,-1.1405,0.4941,-1.2124,-0.9636,-1.2154,-0.9656,0.3352,GO_GOAL
11.438,-1.1338,-1.1388,0.4941,-1.2094,-0.9616,-1.2154,-0.9656,0.3371,GO_GOAL
11.458,-1.1307,-1.1371,0.4941,-1.2064,-0.9596,-1.2154,-0.9656,0.339,GO_GOAL
11.478,-1.1275,-1.1354,0.4941,-1.2034,-0.9576,-1.2154,-0.9656,0.3409,GO_GOAL
11.498,-1.1243,-1.1337,0.4941,-1.1975,-0.9536,-1.2154,-0.9656,0.3429,GO_GOAL
11.518,-1.1212,-1.132,0.4941,-1.1975,-0.9536,-1.2004,-0.9556,0.3448,GO_GOAL
11.538,-1.118,-1.1303,0.4941,-1.1945,-0.9516,-1.2004,-0.9556,0.3468,GO_GOAL
11.558,-1.1148,-1.1286,0.4941,-1.1915,-0.9496,-1.2004,-0.9556,0.3487,GO_GOAL
11.578,-1.1117,-1.1269,0.4941,-1.1885,-0.9476,-1.2004,-0.9556,0.3507,GO_GOAL
11.598,-1.1086,-1.1252,0.4941,-1.1825,-0.9436,-1.2004,-0.9556,0.3527,GO_GOAL
11.618,-1.1054,-1.1235,0.4941,-1.1825,-0.9436,-1.1855,-0.9456,0.3546,GO_GOAL
11.638,-1.1022,-1.1218,0.4941,-1.1795,-0.9416,-1.1855,-0.9456,0.3567,GO_GOAL
11.658,-1.0991,-1.1201,0.4941,-1.1765,-0.9396,-1.1855,-0.9456,0.3587,GO_GOAL
11.678,-1.0959,-1.1184,0.4941,-1.1735,-0.9377,-1.1855,-0.9456,0.3608,GO_GOAL
11.698,-1.0927,-1.1167,0.4941,-1.1705,-0.9357,-1.1855,-0.9456,0.3628,GO_GOAL
11.718,-1.0895,-1.115,0.4941,-1.1675,-0.9337,-1.1705,-0.9357,0.3649,GO_GOAL
11.738,-1.0864,-1.1132,0.4941,-1.1645,-0.9317,-1.1705,-0.9357,0.367,GO_GOAL
11.758,-1.0832,-1.1115,0.4941,-1.1615,-0.9297,-1.1705,-0.9357,0.3691,GO_GOAL
11.778,-1.08,-1.1098,0.4941,-1.1585,-0.9277,-1.1705,-0.9357,0.3712,GO_GOAL
11.798,-1.0769,-1.1081,0.4941,-1.1555,-0.9257,-1.1705,-0.9357,0.3733,GO_GOAL
11.818,-1.0737,-1.1064,0.4941,-1.1525,-0.9237,-1.1555,-0.9257,0.3755,GO_GOAL
11.838,-1.0705,-1.1047,0.4941,-1.1495,-0.9217,-1.1555,-0.9257,0.3776,GO_GOAL
11.858,-1.0674,-1.103,0.4941,-1.1465,-0.9197,-1.1555,-0.9257,0.3798,GO_GOAL
11.878,-1.0642,-1.1013,0.4941,-1.1405,-0.9157,-1.1555,-0.9257,0.3819,GO_GOAL
11.898,-1.0611,-1.0996,0.4941,-1.1405,-0.9157,-1.1555,-0.9257,0.3841,GO_GOAL
11.918,-1.0579,-1.0979,0.4941,-1.1375,-0.9137,-1.1405,-0.9157,0.3863,GO_GOAL
11.938,-1.0548,-1.0962,0.4941,-1.1345,-0.9117,-1.1405,-0.9157,0.3885,GO_GOAL
11.958,-1.0516,-1.0945,0.4941,-1.1315,-0.9097,-1.1405,-0.9157,0.3907,GO_GOAL
11.978,-1.0484,-1.0928,0.4941,-1.1285,-0.9077,-1.1405,-0.9157,0.3929,GO_GOAL
11.998,-1.0453,-1.0911,0.4941,-1.1226,-0.9037,-1.1405,-0.9157,0.3952,GO_GOAL
12.018,-1.0423,-1.0895,0.4944,-1.1226,-0.9037,-1.1255,-0.9057,0.3973,GO_GOAL
12.038,-1.0393,-1.0879,0.4953,-1.1166,-0.8997,-1.1255,-0.9057,0.3994,GO_GOAL
12.058,-1.0363,-1.0863,0.4967,-1.1166,-0.8997,-1.1255,-0.9057,0.4015,GO_GOAL
12.078,-1.0333,-1.0846,0.4988,-1.1137,-0.8977,-1.1255,-0.9057,0.4036,GO_GOAL
12.098,-1.0302,-1.083,0.5014,-1.1107,-0.8957,-1.1255,-0.9057,0.4058,GO_GOAL
12.118,-1.0272,-1.0813,0.5046,-1.1078,-0.8937,-1.1107,-0.8957,0.408,GO_GOAL
12.138,-1.0241,-1.0796,0.5081,-1.1048,-0.8917,-1.1107,-0.8957,0.4102,GO_GOAL
12.158,-1.021,-1.0778,0.5116,-1.1019,-0.8896,-1.1107,-0.8957,0.4125,GO_GOAL
12.178,-1.0179,-1.0761,0.5151,-1.0961,-0.8855,-1.1107,-0.8957,0.4147,GO_GOAL
12.198,-1.0148,-1.0743,0.5186,-1.0961,-0.8855,-1.1107,-0.8957,0.417,GO_GOAL
12.218,-1.0118,-1.0726,0.5221,-1.0932,-0.8834,-1.0932,-0.8834,0.4193,GO_GOAL
12.238,-1.0087,-1.0708,0.5256,-1.0903,-0.8813,-1.0932,-0.8834,0.4216,GO_GOAL
12.258,-1.0057,-1.0691,0.529,-1.0874,-0.8792,-1.0932,-0.8834,0.424,GO_GOAL
12.278,-1.0026,-1.0673,0.5325,-1.0845,-0.8771,-1.0932,-0.8834,0.4263,GO_GOAL
12.298,-0.9996,-1.0655,0.536,-1.0816,-0.875,-1.0932,-0.8834,0.4287,GO_GOAL
12.318,-0.9965,-1.0636,0.5395,-1.0759,-0.8707,-1.0932,-0.8834,0.4311,GO_GOAL
12.338,-0.9935,-1.0618,0.543,-1.073,-0.8686,-1.0932,-0.8834,0.4335,GO_GOAL
12.358,-0.9905,-1.06,0.5465,-1.073,-0.8686,-1.0816,-0.875,0.436,AVOID
12.378,-0.9874,-1.0581,0.55,-1.0702,-0.8664,-1.0816,-0.875,0.4384,AVOID
12.398,-0.9844,-1.0563,0.5535,-1.0645,-0.8621,-1.0816,-0.875,0.4409,AVOID
12.418,-0.9813,-1.0543,0.5567,-1.0645,-0.8621,-1.0673,-0.8643,0.4435,GO_GOAL
12.438,-0.978,-1.0523,0.5593,-1.0617,-0.8599,-1.0673,-0.8643,0.4462,GO_GOAL
12.458,-0.9749,-1.0503,0.5613,-1.0588,-0.8577,-1.0673,-0.8643,0.4489,GO_GOAL
12.478,-0.9718,-1.0483,0.5627,-1.056,-0.8555,-1.0673,-0.8643,0.4516,GO_GOAL
12.498,-0.9687,-1.0464,0.5636,-1.0531,-0.8533,-1.0673,-0.8643,0.4543,GO_GOAL
12.518,-0.9656,-1.0445,0.5645,-1.0503,-0.8511,-1.0503,-0.8511,0.4569,GO_GOAL
12.538,-0.9625,-1.0426,0.5654,-1.0474,-0.8489,-1.0503,-0.8511,0.4596,GO_GOAL
12.558,-0.9594,-1.0407,0.5662,-1.0446,-0.8467,-1.0503,-0.8511,0.4623,GO_GOAL
12.578,-0.9563,-1.0388,0.5666,-1.0417,-0.8445,-1.0503,-0.8511,0.465,GO_GOAL
12.598,-0.9533,-1.0368,0.5667,-1.0389,-0.8423,-1.0503,-0.8511,0.4677,GO_GOAL
12.618,-0.9503,-1.0349,0.5667,-1.0332,-0.8379,-1.0389,-0.8423,0.4704,GO_GOAL
12.638,-0.9472,-1.033,0.5667,-1.0332,-0.8379,-1.0389,-0.8423,0.4731,GO_GOAL
12.658,-0.9442,-1.031,0.5667,-1.0303,-0.8357,-1.0389,-0.8423,0.4759,GO_GOAL
12.678,-0.9411,-1.0291,0.5667,-1.0275,-0.8335,-1.0389,-0.8423,0.4786,GO_GOAL
12.698,-0.9381,-1.0272,0.5667,-1.0246,-0.8313,-1.0389,-0.8423,0.4813,GO_GOAL
12.718,-0.9351,-1.0252,0.5667,-1.0218,-0.8291,-1.0246,-0.8313,0.4841,GO_GOAL
12.738,-0.932,-1.0233,0.5667,-1.0189,-0.8269,-1.0246,-0.8313,0.4868,GO_GOAL
12.758,-0.929,-1.0214,0.5667,-1.0161,-0.8247,-1.0246,-0.8313,0.4896,GO_GOAL
12.778,-0.926,-1.0194,0.5667,-1.0132,-0.8225,-1.0246,-0.8313,0.4924,GO_GOAL
12.798,-0.9229,-1.0175,0.5667,-1.0104,-0.8203,-1.0246,-0.8313,0.4951,GO_GOAL
12.818,-0.9199,-1.0156,0.5667,-1.0075,-0.8181,-1.0075,-0.8181,0.4979,GO_GOAL
12.838,-0.9169,-1.0137,0.5667,-1.0018,-0.8137,-1.0075,-0.8181,0.5007,GO_GOAL
12.858,-0.9138,-1.0118,0.5667,-0.999,-0.8115,-1.0075,-0.8181,0.5034,GO_GOAL
12.878,-0.9108,-1.0098,0.5667,-0.999,-0.8115,-1.0075,-0.8181,0.5062,GO_GOAL
12.898,-0.9078,-1.0079,0.5667,-0.9961,-0.8093,-1.0075,-0.8181,0.5091,GO_GOAL
12.918,-0.9047,-1.006,0.5667,-0.9933,-0.8071,-0.9961,-0.8093,0.5119,GO_GOAL
12.938,-0.9017,-1.004,0.5667,-0.9904,-0.8049,-0.9961,-0.8093,0.5143,GO_GOAL
12.958,-0.8987,-1.0021,0.5667,-0.9876,-0.8027,-0.9961,-0.8093,0.5126,GO_GOAL
12.978,-0.8956,-1.0002,0.5667,-0.9847,-0.8005,-0.9961,-0.8093,0.511,GO_GOAL
12.998,-0.8926,-0.9982,0.5667,-0.979,-0.7961,-0.9961,-0.8093,0.5094,GO_GOAL
13.018,-0.8895,-0.9963,0.5667,-0.979,-0.7961,-0.9819,-0.7983,0.5078,GO_GOAL
13.038,-0.8865,-0.9944,0.5667,-0.9733,-0.7917,-0.9819,-0.7983,0.5062,GO_GOAL
13.058,-0.8835,-0.9924,0.5667,-0.9733,-0.7917,-0.9819,-0.7983,0.5046,GO_GOAL
13.078,-0.8804,-0.9905,0.5667,-0.9705,-0.7895,-0.9819,-0.7983,0.503,GO_GOAL
13.098,-0.8774,-0.9886,0.5667,-0.9676,-0.7873,-0.9819,-0.7983,0.5014,GO_GOAL
13.118,-0.8744,-0.9867,0.5667,-0.9648,-0.7851,-0.9676,-0.7873,0.4999,GO_GOAL
13.138,-0.8714,-0.9848,0.5667,-0.9619,-0.7829,-0.9676,-0.7873,0.4983,GO_GOAL
13.158,-0.8683,-0.9828,0.5667,-0.9562,-0.7785,-0.9676,-0.7873,0.4968,GO_GOAL
13.178,-0.8653,-0.9809,0.5667,-0.9562,-0.7785,-0.9676,-0.7873,0.4953,GO_GOAL
13.198,-0.8623,-0.979,0.5667,-0.9534,-0.7763,-0.9676,-0.7873,0.4938,GO_GOAL
13.218,-0.8592,-0.977,0.5667,-0.9505,-0.7741,-0.9534,-0.7763,0.4923,GO_GOAL
13.238,-0.8562,-0.9751,0.5667,-0.9477,-0.7719,-0.9534,-0.7763,0.4908,GO_GOAL
13.258,-0.8532,-0.9732,0.5667,-0.9448,-0.7697,-0.9534,-0.7763,0.4894,GO_GOAL
13.278,-0.8501,-0.9712,0.5667,-0.942,-0.7675,-0.9534,-0.7763,0.4879,GO_GOAL
13.298,-0.8471,-0.9693,0.5667,-0.9391,-0.7653,-0.9534,-0.7763,0.4865,GO_GOAL
13.318,-0.844,-0.9674,0.5667,-0.9363,-0.7631,-0.9391,-0.7653,0.4851,GO_GOAL
13.338,-0.841,-0.9654,0.5667,-0.9334,-0.7609,-0.9391,-0.7653,0.4837,GO_GOAL
13.358,-0.838,-0.9635,0.5667,-0.9306,-0.7587,-0.9391,-0.7653,0.4823,GO_GOAL
13.378,-0.835,-0.9616,0.5667,-0.9249,-0.7543,-0.9391,-0.7653,0.4809,GO_GOAL
13.398,-0.8319,-0.9597,0.5667,-0.9249,-0.7543,-0.9391,-0.7653,0.4795,GO_GOAL
13.418,-0.8289,-0.9577,0.5667,-0.922,-0.7521,-0.9249,-0.7543,0.4782,GO_GOAL
13.438,-0.8259,-0.9558,0.5667,-0.9192,-0.7499,-0.9249,-0.7543,0.4769,GO_GOAL
13.458,-0.8228,-0.9539,0.5667,-0.9163,-0.7477,-0.9249,-0.7543,0.4755,GO_GOAL
13.478,-0.8198,-0.9519,0.5667,-0.9106,-0.7433,-0.9249,-0.7543,0.4742,GO_GOAL
13.498,-0.8168,-0.95,0.5667,-0.9106,-0.7433,-0.9249,-0.7543,0.4729,GO_GOAL
13.518,-0.8137,-0.9481,0.5667,-0.9078,-0.7411,-0.9106,-0.7433,0.4716,GO_GOAL
13.538,-0.8107,-0.9461,0.5667,-0.9049,-0.7389,-0.9106,-0.7433,0.4704,GO_GOAL
13.558,-0.8076,-0.9442,0.5667,-0.9021,-0.7367,-0.9106,-0.7433,0.4691,GO_GOAL
13.578,-0.8046,-0.9423,0.5667,-0.8992,-0.7345,-0.9106,-0.7433,0.4679,GO_GOAL
13.598,-0.8016,-0.9403,0.5667,-0.8964,-0.7323,-0.9106,-0.7433,0.4667,GO_GOAL
13.618,-0.7986,-0.9384,0.5667,-0.8907,-0.7279,-0.8935,-0.7301,0.4655,GO_GOAL
13.638,-0.7955,-0.9365,0.5667,-0.8907,-0.7279,-0.8935,-0.7301,0.4643,GO_GOAL
13.658,-0.7925,-0.9346,0.5667,-0.8878,-0.7257,-0.8935,-0.7301,0.4631,GO_GOAL
13.678,-0.7895,-0.9326,0.5667,-0.885,-0.7235,-0.8935,-0.7301,0.462,GO_GOAL
13.698,-0.7864,-0.9307,0.5667,-0.8821,-0.7213,-0.8935,-0.7301,0.4608,GO_GOAL
13.718,-0.7834,-0.9288,0.5667,-0.8764,-0.7169,-0.8821,-0.7213,0.4597,GO_GOAL
13.738,-0.7804,-0.9268,0.5667,-0.8764,-0.7169,-0.8821,-0.7213,0.4586,GO_GOAL
13.758,-0.7773,-0.9249,0.5667,-0.8736,-0.7147,-0.8821,-0.7213,0.4575,GO_GOAL
13.778,-0.7743,-0.923,0.5667,-0.8679,-0.7103,-0.8821,-0.7213,0.4564,GO_GOAL
13.798,-0.7712,-0.921,0.5667,-0.8679,-0.7103,-0.8821,-0.7213,0.4553,GO_GOAL
13.818,-0.7682,-0.9191,0.5667,-0.8622,-0.7059,-0.8679,-0.7103,0.4542,GO_GOAL
13.838,-0.7652,-0.9172,0.5667,-0.8622,-0.7059,-0.8679,-0.7103,0.4532,GO_GOAL
13.858,-0.7622,-0.9153,0.5667,-0.8593,-0.7037,-0.8679,-0.7103,0.4522,GO_GOAL
13.878,-0.7591,-0.9133,0.5667,-0.8565,-0.7015,-0.8679,-0.7103,0.4512,GO_GOAL
13.898,-0.7561,-0.9114,0.5667,-0.8536,-0.6993,-0.8679,-0.7103,0.4502,GO_GOAL
13.918,-0.7531,-0.9095,0.5667,-0.8508,-0.6971,-0.8536,-0.6993,0.4492,GO_GOAL
13.938,-0.75,-0.9075,0.5667,-0.8479,-0.6949,-0.8536,-0.6993,0.4482,GO_GOAL
13.958,-0.747,-0.9056,0.5667,-0.8451,-0.6927,-0.8536,-0.6993,0.4473,GO_GOAL
13.978,-0.7439,-0.9037,0.5667,-0.8422,-0.6905,-0.8536,-0.6993,0.4464,GO_GOAL
13.998,-0.7409,-0.9017,0.5667,-0.8394,-0.6883,-0.8536,-0.6993,0.4455,GO_GOAL
14.018,-0.7379,-0.8998,0.5667,-0.8337,-0.6839,-0.8394,-0.6883,0.4446,GO_GOAL
14.038,-0.7348,-0.8979,0.5667,-0.8337,-0.6839,-0.8394,-0.6883,0.4437,GO_GOAL
14.058,-0.7318,-0.896,0.5667,-0.8308,-0.6817,-0.8394,-0.6883,0.4428,GO_GOAL
14.078,-0.7288,-0.894,0.5667,-0.828,-0.6795,-0.8394,-0.6883,0.442,GO_GOAL
14.098,-0.7258,-0.8921,0.5667,-0.8251,-0.6773,-0.8394,-0.6883,0.4411,GO_GOAL
14.118,-0.7227,-0.8902,0.5667,-0.8223,-0.6751,-0.8251,-0.6773,0.4403,GO_GOAL
14.138,-0.7197,-0.8882,0.5667,-0.8194,-0.6729,-0.8251,-0.6773,0.4395,GO_GOAL
14.158,-0.7166,-0.8863,0.5667,-0.8137,-0.6685,-0.8251,-0.6773,0.4387,GO_GOAL
14.178,-0.7136,-0.8844,0.5667,-0.8137,-0.6685,-0.8251,-0.6773,0.4371,GO_GOAL
14.198,-0.7106,-0.8824,0.5667,-0.8109,-0.6663,-0.8251,-0.6773,0.4344,GO_GOAL
14.218,-0.7075,-0.8805,0.5667,-0.808,-0.6641,-0.8109,-0.6663,0.4316,GO_GOAL
14.238,-0.7045,-0.8786,0.5667,-0.8052,-0.6619,-0.8109,-0.6663,0.4289,GO_GOAL
14.258,-0.7015,-0.8767,0.5667,-0.7995,-0.6575,-0.8109,-0.6663,0.4262,GO_GOAL
14.278,-0.6985,-0.8747,0.5667,-0.7995,-0.6575,-0.8109,-0.6663,0.4235,GO_GOAL
14.298,-0.6954,-0.8728,0.5667,-0.7966,-0.6553,-0.8109,-0.6663,0.4207,GO_GOAL
14.318,-0.6924,-0.8709,0.5667,-0.7938,-0.6531,-0.7966,-0.6553,0.418,GO_GOAL
14.338,-0.6893,-0.8689,0.5667,-0.7909,-0.6509,-0.7966,-0.6553,0.4153,GO_GOAL
14.358,-0.6863,-0.867,0.5667,-0.7881,-0.6487,-0.7966,-0.6553,0.4126,GO_GOAL
14.378,-0.6833,-0.8651,0.5667,-0.7824,-0.6443,-0.7966,-0.6553,0.41,GO_GOAL
14.398,-0.6802,-0.8631,0.5667,-0.7824,-0.6443,-0.7966,-0.6553,0.4073,GO_GOAL
14.418,-0.6772,-0.8612,0.5667,-0.7795,-0.6421,-0.7795,-0.6421,0.4046,GO_GOAL
14.438,-0.6742,-0.8593,0.5667,-0.7767,-0.6399,-0.7795,-0.6421,0.402,GO_GOAL
14.458,-0.6711,-0.8573,0.5667,-0.7738,-0.6377,-0.7795,-0.6421,0.3993,GO_GOAL
14.478,-0.6681,-0.8554,0.5667,-0.771,-0.6355,-0.7795,-0.6421,0.3967,GO_GOAL
14.498,-0.6651,-0.8535,0.5667,-0.7681,-0.6333,-0.7795,-0.6421,0.394,GO_GOAL
14.518,-0.662,-0.8515,0.5667,-0.7653,-0.6311,-0.7681,-0.6333,0.3914,GO_GOAL
14.538,-0.659,-0.8496,0.5667,-0.7624,-0.6289,-0.7681,-0.6333,0.3888,GO_GOAL
14.558,-0.656,-0.8477,0.5667,-0.7596,-0.6267,-0.7681,-0.6333,0.3862,GO_GOAL
14.578,-0.6529,-0.8458,0.5667,-0.7568,-0.6245,-0.7681,-0.6333,0.3836,GO_GOAL
14.598,-0.6499,-0.8438,0.5667,-0.7539,-0.6223,-0.7681,-0.6333,0.381,GO_GOAL
14.618,-0.6469,-0.8419,0.5667,-0.7511,-0.6201,-0.7539,-0.6223,0.3784,GO_GOAL
14.638,-0.6438,-0.84,0.5667,-0.7482,-0.6179,-0.7539,-0.6223,0.3759,GO_GOAL
14.658,-0.6408,-0.838,0.5667,-0.7454,-0.6157,-0.7539,-0.6223,0.3733,GO_GOAL
14.678,-0.6377,-0.8361,0.5667,-0.7425,-0.6135,-0.7539,-0.6223,0.3707,GO_GOAL
14.698,-0.6347,-0.8342,0.5667,-0.7397,-0.6113,-0.7539,-0.6223,0.3682,GO_GOAL
14.718,-0.6317,-0.8322,0.5667,-0.7368,-0.6091,-0.7397,-0.6113,0.3657,GO_GOAL
14.738,-0.6286,-0.8303,0.5667,-0.7311,-0.6047,-0.7397,-0.6113,0.3632,GO_GOAL
14.758,-0.6256,-0.8284,0.5667,-0.7311,-0.6047,-0.7397,-0.6113,0.3606,GO_GOAL
14.778,-0.6226,-0.8264,0.5667,-0.7283,-0.6025,-0.7397,-0.6113,0.3581,GO_GOAL
14.798,-0.6195,-0.8245,0.5667,-0.7254,-0.6003,-0.7397,-0.6113,0.3556,GO_GOAL
14.818,-0.6165,-0.8226,0.5667,-0.7197,-0.5959,-0.7254,-0.6003,0.3532,GO_GOAL
14.838,-0.6135,-0.8207,0.5667,-0.7169,-0.5937,-0.7254,-0.6003,0.3507,GO_GOAL
14.858,-0.6104,-0.8187,0.5667,-0.7169,-0.5937,-0.7254,-0.6003,0.3482,GO_GOAL
14.878,-0.6074,-0.8168,0.5667,-0.714,-0.5915,-0.7254,-0.6003,0.3458,GO_GOAL
14.898,-0.6044,-0.8149,0.5667,-0.7112,-0.5893,-0.7254,-0.6003,0.3433,GO_GOAL
14.918,-0.6013,-0.8129,0.5667,-0.7083,-0.5871,-0.7112,-0.5893,0.3409,GO_GOAL
14.938,-0.5983,-0.811,0.5667,-0.7055,-0.5849,-0.7112,-0.5893,0.3385,GO_GOAL
14.958,-0.5953,-0.8091,0.5667,-0.7026,-0.5827,-0.7112,-0.5893,0.3361,GO_GOAL
14.978,-0.5922,-0.8071,0.5667,-0.6998,-0.5805,-0.7112,-0.5893,0.3337,GO_GOAL
14.998,-0.5892,-0.8052,0.5667,-0.6969,-0.5783,-0.7112,-0.5893,0.3313,GO_GOAL
15.018,-0.5862,-0.8033,0.5667,-0.6941,-0.5761,-0.6969,-0.5783,0.3289,GO_GOAL
15.038,-0.5831,-0.8013,0.5667,-0.6884,-0.5717,-0.6969,-0.5783,0.3265,GO_GOAL
15.058,-0.5801,-0.7994,0.5667,-0.6884,-0.5717,-0.6969,-0.5783,0.3242,GO_GOAL
15.078,-0.577,-0.7975,0.5667,-0.6855,-0.5695,-0.6969,-0.5783,0.3218,GO_GOAL
15.098,-0.574,-0.7955,0.5667,-0.6827,-0.5673,-0.6969,-0.5783,0.3195,GO_GOAL
15.118,-0.571,-0.7936,0.5667,-0.6798,-0.5651,-0.6827,-0.5673,0.3172,GO_GOAL
15.138,-0.5679,-0.7917,0.5667,-0.677,-0.5629,-0.6827,-0.5673,0.3149,GO_GOAL
15.158,-0.5649,-0.7897,0.5667,-0.6741,-0.5607,-0.6827,-0.5673,0.3126,GO_GOAL
15.178,-0.5619,-0.7878,0.5667,-0.6713,-0.5585,-0.6827,-0.5673,0.3103,GO_GOAL
15.198,-0.5588,-0.7859,0.5667,-0.6684,-0.5563,-0.6827,-0.5673,0.308,GO_GOAL
15.218,-0.5558,-0.784,0.5667,-0.6656,-0.5541,-0.6684,-0.5563,0.3058,GO_GOAL
15.238,-0.5527,-0.782,0.5667,-0.6627,-0.5519,-0.6684,-0.5563,0.3035,GO_GOAL
15.258,-0.5497,-0.7801,0.5667,-0.6599,-0.5497,-0.6684,-0.5563,0.3013,GO_GOAL
15.278,-0.5467,-0.7782,0.5667,-0.6542,-0.5453,-0.6684,-0.5563,0.2991,GO_GOAL
15.298,-0.5436,-0.7762,0.5667,-0.6542,-0.5453,-0.6684,-0.5563,0.2969,GO_GOAL
15.318,-0.5406,-0.7743,0.5667,-0.6513,-0.5431,-0.6542,-0.5453,0.2947,GO_GOAL
15.338,-0.5376,-0.7724,0.5667,-0.6485,-0.5409,-0.6542,-0.5453,0.2925,GO_GOAL
15.358,-0.5345,-0.7704,0.5667,-0.6456,-0.5387,-0.6542,-0.5453,0.2903,GO_GOAL
15.378,-0.5315,-0.7685,0.5667,-0.6428,-0.5365,-0.6542,-0.5453,0.2882,GO_GOAL
15.398,-0.5284,-0.7666,0.5667,-0.6399,-0.5343,-0.6542,-0.5453,0.2861,GO_GOAL
15.418,-0.5254,-0.7646,0.5667,-0.6371,-0.5321,-0.6399,-0.5343,0.2839,GO_GOAL
15.438,-0.5224,-0.7627,0.5667,-0.6342,-0.5299,-0.6399,-0.5343,0.2818,GO_GOAL
15.458,-0.5193,-0.7608,0.5667,-0.6314,-0.5277,-0.6399,-0.5343,0.2797,GO_GOAL
15.478,-0.5163,-0.7588,0.5667,-0.6285,-0.5255,-0.6399,-0.5343,0.2777,GO_GOAL
15.498,-0.5133,-0.7569,0.5667,-0.6257,-0.5233,-0.6399,-0.5343,0.2756,GO_GOAL
15.518,-0.5102,-0.755,0.5667,-0.6228,-0.5211,-0.6257,-0.5233,0.2735,GO_GOAL
15.538,-0.5072,-0.753,0.5667,-0.62,-0.5189,-0.6257,-0.5233,0.2715,GO_GOAL
15.558,-0.5041,-0.7511,0.5667,-0.6171,-0.5167,-0.6257,-0.5233,0.2695,GO_GOAL
15.578,-0.5011,-0.7492,0.5667,-0.6143,-0.5145,-0.6257,-0.5233,0.2675,GO_GOAL
15.598,-0.4981,-0.7472,0.5667,-0.6114,-0.5123,-0.6257,-0.5233,0.2655,GO_GOAL
15.618,-0.495,-0.7453,0.5667,-0.6086,-0.5101,-0.6114,-0.5123,0.2635,GO_GOAL
15.638,-0.492,-0.7434,0.5667,-0.6057,-0.5079,-0.6114,-0.5123,0.2616,GO_GOAL
15.658,-0.489,-0.7414,0.5667,-0.6029,-0.5057,-0.6114,-0.5123,0.2596,GO_GOAL
15.678,-0.4859,-0.7395,0.5667,-0.6,-0.5035,-0.6114,-0.5123,0.2577,GO_GOAL
15.698,-0.4829,-0.7376,0.5667,-0.5972,-0.5013,-0.6114,-0.5123,0.2558,GO_GOAL
15.718,-0.4799,-0.7356,0.5667,-0.5943,-0.4991,-0.5972,-0.5013,0.2539,GO_GOAL
15.738,-0.4768,-0.7337,0.5667,-0.5915,-0.4969,-0.5972,-0.5013,0.252,GO_GOAL
15.758,-0.4738,-0.7318,0.5667,-0.5886,-0.4947,-0.5972,-0.5013,0.2502,GO_GOAL
15.778,-0.4707,-0.7298,0.5667,-0.5829,-0.4903,-0.5972,-0.5013,0.2483,GO_GOAL
15.798,-0.4677,-0.7279,0.5667,-0.5829,-0.4903,-0.5972,-0.5013,0.2465,GO_GOAL
15.818,-0.4647,-0.726,0.5667,-0.5801,-0.4881,-0.5829,-0.4903,0.2447,GO_GOAL
15.838,-0.4616,-0.724,0.5667,-0.5772,-0.4859,-0.5829,-0.4903,0.2429,GO_GOAL
15.858,-0.4586,-0.7221,0.5667,-0.5744,-0.4837,-0.5829,-0.4903,0.2412,GO_GOAL
15.878,-0.4556,-0.7202,0.5667,-0.5715,-0.4815,-0.5829,-0.4903,0.2394,GO_GOAL
15.898,-0.4525,-0.7182,0.5667,-0.5687,-0.4793,-0.5829,-0.4903,0.2377,GO_GOAL
15.918,-0.4495,-0.7163,0.5667,-0.563,-0.4749,-0.5687,-0.4793,0.2359,GO_GOAL
15.938,-0.4464,-0.7144,0.5667,-0.5601,-0.4727,-0.5687,-0.4793,0.2342,GO_GOAL
15.958,-0.4434,-0.7124,0.5667,-0.5601,-0.4727,-0.5687,-0.4793,0.2326,GO_GOAL
15.978,-0.4404,-0.7105,0.5667,-0.5573,-0.4705,-0.5687,-0.4793,0.2309,GO_GOAL
15.998,-0.4373,-0.7086,0.5667,-0.5544,-0.4683,-0.5687,-0.4793,0.2293,GO_GOAL
16.018,-0.4343,-0.7066,0.5667,-0.5516,-0.4661,-0.5544,-0.4683,0.2276,GO_GOAL
16.038,-0.4313,-0.7047,0.5667,-0.5487,-0.4639,-0.5544,-0.4683,0.226,GO_GOAL
16.058,-0.4282,-0.7028,0.5667,-0.5459,-0.4617,-0.5544,-0.4683,0.2245,GO_GOAL
16.078,-0.4252,-0.7009,0.5667,-0.543,-0.4595,-0.5544,-0.4683,0.2229,GO_GOAL
16.098,-0.4221,-0.6989,0.5667,-0.5402,-0.4573,-0.5544,-0.4683,0.2213,GO_GOAL
16.118,-0.4191,-0.697,0.5667,-0.5345,-0.4529,-0.5402,-0.4573,0.2198,GO_GOAL
16.138,-0.4161,-0.6951,0.5667,-0.5345,-0.4529,-0.5402,-0.4573,0.2183,GO_GOAL
16.158,-0.413,-0.6931,0.5667,-0.5316,-0.4507,-0.5402,-0.4573,0.2168,GO_GOAL
16.178,-0.41,-0.6912,0.5667,-0.5288,-0.4485,-0.5402,-0.4573,0.2154,GO_GOAL
16.198,-0.407,-0.6893,0.5667,-0.5231,-0.4441,-0.5402,-0.4573,0.2139,GO_GOAL
16.218,-0.4039,-0.6873,0.5667,-0.5231,-0.4441,-0.5259,-0.4463,0.2125,GO_GOAL
16.238,-0.4009,-0.6854,0.5667,-0.5174,-0.4397,-0.5259,-0.4463,0.2111,GO_GOAL
16.258,-0.3978,-0.6835,0.5667,-0.5174,-0.4397,-0.5259,-0.4463,0.2097,GO_GOAL
16.278,-0.3948,-0.6815,0.5667,-0.5145,-0.4375,-0.5259,-0.4463,0.2084,GO_GOAL
16.298,-0.3918,-0.6796,0.5667,-0.5117,-0.4353,-0.5259,-0.4463,0.207,GO_GOAL
16.318,-0.3887,-0.6777,0.5667,-0.5088,-0.4331,-0.5117,-0.4353,0.2057,GO_GOAL
16.338,-0.3857,-0.6757,0.5667,-0.506,-0.4309,-0.5117,-0.4353,0.2044,GO_GOAL
16.358,-0.3827,-0.6738,0.5667,-0.5031,-0.4287,-0.5117,-0.4353,0.2031,GO_GOAL
16.378,-0.3796,-0.6719,0.5667,-0.5003,-0.4265,-0.5117,-0.4353,0.2019,GO_GOAL
16.398,-0.3766,-0.6699,0.5667,-0.4974,-0.4243,-0.5117,-0.4353,0.2007,GO_GOAL
16.418,-0.3735,-0.668,0.5667,-0.4946,-0.4221,-0.4974,-0.4243,0.1995,GO_GOAL
16.438,-0.3705,-0.6661,0.5667,-0.4889,-0.4177,-0.4974,-0.4243,0.1983,GO_GOAL
16.458,-0.3675,-0.6641,0.5667,-0.486,-0.4155,-0.4974,-0.4243,0.1971,GO_GOAL
16.478,-0.3644,-0.6622,0.5667,-0.486,-0.4155,-0.4974,-0.4243,0.196,GO_GOAL
16.498,-0.3614,-0.6603,0.5667,-0.4832,-0.4133,-0.4974,-0.4243,0.1949,GO_GOAL
16.518,-0.3584,-0.6583,0.5667,-0.4803,-0.4111,-0.4832,-0.4133,0.1938,GO_GOAL
16.538,-0.3553,-0.6564,0.5667,-0.4746,-0.4067,-0.4832,-0.4133,0.1927,GO_GOAL
16.558,-0.3523,-0.6545,0.5667,-0.4746,-0.4067,-0.4832,-0.4133,0.1917,GO_GOAL
16.578,-0.3492,-0.6525,0.5667,-0.4718,-0.4045,-0.4832,-0.4133,0.1906,GO_GOAL
16.598,-0.3462,-0.6506,0.5667,-0.4689,-0.4023,-0.4832,-0.4133,0.1897,GO_GOAL
16.618,-0.3432,-0.6487,0.5667,-0.4661,-0.4001,-0.4689,-0.4023,0.1887,GO_GOAL
16.638,-0.3401,-0.6467,0.5667,-0.4632,-0.3979,-0.4689,-0.4023,0.1877,GO_GOAL
16.658,-0.3371,-0.6448,0.5667,-0.4604,-0.3957,-0.4689,-0.4023,0.1868,GO_GOAL
16.678,-0.3341,-0.6429,0.5667,-0.4575,-0.3935,-0.4689,-0.4023,0.1859,GO_GOAL
16.698,-0.331,-0.6409,0.5667,-0.4519,-0.3891,-0.4689,-0.4023,0.185,GO_GOAL
16.718,-0.328,-0.639,0.5667,-0.4519,-0.3891,-0.4547,-0.3913,0.1842,GO_GOAL
16.738,-0.3249,-0.6371,0.5667,-0.449,-0.3869,-0.4547,-0.3913,0.1834,GO_GOAL
16.758,-0.3219,-0.6351,0.5667,-0.4462,-0.3847,-0.4547,-0.3913,0.1826,GO_GOAL
16.778,-0.3189,-0.6332,0.5667,-0.4433,-0.3825,-0.4547,-0.3913,0.1818,GO_GOAL
16.798,-0.3158,-0.6313,0.5667,-0.4405,-0.3803,-0.4547,-0.3913,0.181,GO_GOAL
16.818,-0.3128,-0.6293,0.5667,-0.4376,-0.3781,-0.4405,-0.3803,0.1803,GO_GOAL
16.838,-0.3098,-0.6274,0.5667,-0.4348,-0.3759,-0.4405,-0.3803,0.1796,GO_GOAL
16.858,-0.3067,-0.6255,0.5667,-0.4319,-0.3737,-0.4405,-0.3803,0.1789,GO_GOAL
16.878,-0.3037,-0.6235,0.5667,-0.4291,-0.3715,-0.4405,-0.3803,0.1783,GO_GOAL
16.898,-0.3007,-0.6216,0.5667,-0.4262,-0.3693,-0.4405,-0.3803,0.1777,GO_GOAL
16.918,-0.2976,-0.6197,0.5667,-0.4234,-0.3671,-0.4234,-0.3671,0.1771,GO_GOAL
16.938,-0.2946,-0.6177,0.5667,-0.4205,-0.3649,-0.4234,-0.3671,0.1765,GO_GOAL
16.958,-0.2915,-0.6158,0.5667,-0.4177,-0.3627,-0.4234,-0.3671,0.176,GO_GOAL
16.978,-0.2885,-0.6139,0.5667,-0.4148,-0.3605,-0.4234,-0.3671,0.1754,GO_GOAL
16.998,-0.2855,-0.612,0.5667,-0.412,-0.3583,-0.4234,-0.3671,0.175,GO_GOAL
17.018,-0.2824,-0.61,0.5667,-0.4091,-0.3561,-0.412,-0.3583,0.1745,GO_GOAL
17.038,-0.2794,-0.6081,0.5667,-0.4063,-0.3539,-0.412,-0.3583,0.174,GO_GOAL
17.058,-0.2764,-0.6062,0.5667,-0.4034,-0.3517,-0.412,-0.3583,0.1736,GO_GOAL
17.078,-0.2733,-0.6042,0.5667,-0.4006,-0.3495,-0.412,-0.3583,0.1732,GO_GOAL
17.098,-0.2703,-0.6023,0.5667,-0.3977,-0.3473,-0.412,-0.3583,0.1729,GO_GOAL
17.118,-0.2672,-0.6004,0.5667,-0.3949,-0.3451,-0.3977,-0.3473,0.1726,GO_GOAL
17.138,-0.2642,-0.5984,0.5667,-0.392,-0.3429,-0.3977,-0.3473,0.1722,GO_GOAL
17.158,-0.2612,-0.5965,0.5667,-0.3892,-0.3407,-0.3977,-0.3473,0.172,GO_GOAL
17.178,-0.2581,-0.5946,0.5667,-0.3863,-0.3385,-0.3977,-0.3473,0.1717,GO_GOAL
17.198,-0.2551,-0.5926,0.5667,-0.3835,-0.3363,-0.3977,-0.3473,0.1715,GO_GOAL
17.218,-0.2521,-0.5907,0.5667,-0.3806,-0.3341,-0.3835,-0.3363,0.1713,GO_GOAL
17.238,-0.249,-0.5888,0.5667,-0.3778,-0.3319,-0.3835,-0.3363,0.1711,GO_GOAL
17.258,-0.246,-0.5868,0.5667,-0.3749,-0.3297,-0.3835,-0.3363,0.171,GO_GOAL
17.278,-0.2429,-0.5849,0.5667,-0.3721,-0.3275,-0.3835,-0.3363,0.1708,GO_GOAL
17.298,-0.2399,-0.583,0.5667,-0.3692,-0.3253,-0.3835,-0.3363,0.1708,GO_GOAL
17.318,-0.2369,-0.581,0.5667,-0.3664,-0.3231,-0.3692,-0.3253,0.1707,GO_GOAL
17.338,-0.2338,-0.5791,0.5667,-0.3635,-0.3209,-0.3692,-0.3253,0.1706,GO_GOAL
17.358,-0.2308,-0.5772,0.5667,-0.3607,-0.3187,-0.3692,-0.3253,0.1706,GO_GOAL
17.378,-0.2278,-0.5752,0.5667,-0.3578,-0.3165,-0.3692,-0.3253,0.1707,GO_GOAL
17.398,-0.2247,-0.5733,0.5667,-0.355,-0.3143,-0.3692,-0.3253,0.1707,GO_GOAL
17.418,-0.2217,-0.5714,0.5667,-0.3521,-0.3121,-0.355,-0.3143,0.1708,GO_GOAL
17.438,-0.2186,-0.5694,0.5667,-0.3493,-0.3099,-0.355,-0.3143,0.1709,GO_GOAL
17.458,-0.2156,-0.5675,0.5667,-0.3464,-0.3077,-0.355,-0.3143,0.171,GO_GOAL
17.478,-0.2126,-0.5656,0.5667,-0.3436,-0.3055,-0.355,-0.3143,0.1711,GO_GOAL
17.498,-0.2095,-0.5636,0.5667,-0.3407,-0.3033,-0.355,-0.3143,0.1713,GO_GOAL
17.518,-0.2065,-0.5617,0.5667,-0.3379,-0.3011,-0.3407,-0.3033,0.1715,GO_GOAL
17.538,-0.2035,-0.5598,0.5667,-0.335,-0.2989,-0.3407,-0.3033,0.1717,GO_GOAL
17.558,-0.2004,-0.5578,0.5667,-0.3322,-0.2967,-0.3407,-0.3033,0.172,GO_GOAL
17.578,-0.1974,-0.5559,0.5667,-0.3293,-0.2945,-0.3407,-0.3033,0.1723,GO_GOAL
17.598,-0.1943,-0.554,0.5667,-0.3265,-0.2923,-0.3265,-0.2923,0.1726,GO_GOAL
17.618,-0.1913,-0.552,0.5667,-0.3236,-0.2901,-0.3265,-0.2923,0.1729,GO_GOAL
17.638,-0.1883,-0.5501,0.5667,-0.3208,-0.2879,-0.3265,-0.2923,0.1733,GO_GOAL
17.658,-0.1852,-0.5482,0.5667,-0.3179,-0.2857,-0.3265,-0.2923,0.1737,GO_GOAL
17.678,-0.1822,-0.5462,0.5667,-0.3151,-0.2835,-0.3265,-0.2923,0.1741,GO_GOAL
17.698,-0.1792,-0.5443,0.5667,-0.3122,-0.2813,-0.3122,-0.2813,0.1746,GO_GOAL
17.718,-0.1761,-0.5424,0.5667,-0.3065,-0.2769,-0.3122,-0.2813,0.175,GO_GOAL
17.738,-0.1731,-0.5404,0.5667,-0.3037,-0.2747,-0.3122,-0.2813,0.1755,GO_GOAL
17.758,-0.17,-0.5385,0.5667,-0.3037,-0.2747,-0.3122,-0.2813,0.176,GO_GOAL
17.778,-0.167,-0.5366,0.5667,-0.3008,-0.2725,-0.3122,-0.2813,0.1766,GO_GOAL
17.798,-0.164,-0.5346,0.5667,-0.298,-0.2703,-0.3122,-0.2813,0.1772,GO_GOAL
17.818,-0.1609,-0.5327,0.5667,-0.2951,-0.2681,-0.298,-0.2703,0.1778,GO_GOAL
17.838,-0.1579,-0.5308,0.5667,-0.2923,-0.2659,-0.298,-0.2703,0.1784,GO_GOAL
17.858,-0.1549,-0.5289,0.5667,-0.2894,-0.2637,-0.298,-0.2703,0.179,GO_GOAL
17.878,-0.1518,-0.5269,0.5667,-0.2866,-0.2615,-0.298,-0.2703,0.1797,GO_GOAL
17.898,-0.1488,-0.525,0.5667,-0.2837,-0.2593,-0.298,-0.2703,0.1804,GO_GOAL
17.918,-0.1457,-0.5231,0.5667,-0.2809,-0.2571,-0.2837,-0.2593,0.1811,GO_GOAL
17.938,-0.1427,-0.5211,0.5667,-0.278,-0.2549,-0.2837,-0.2593,0.1819,GO_GOAL
17.958,-0.1397,-0.5192,0.5667,-0.2723,-0.2505,-0.2837,-0.2593,0.1827,GO_GOAL
17.978,-0.1366,-0.5173,0.5667,-0.2695,-0.2483,-0.2837,-0.2593,0.1835,GO_GOAL
17.998,-0.1336,-0.5153,0.5667,-0.2695,-0.2483,-0.2837,-0.2593,0.1843,GO_GOAL
18.018,-0.1306,-0.5134,0.5667,-0.2666,-0.2461,-0.2695,-0.2483,0.1852,GO_GOAL
18.038,-0.1275,-0.5115,0.5667,-0.2638,-0.2439,-0.2695,-0.2483,0.186,GO_GOAL
18.058,-0.1245,-0.5095,0.5667,-0.2609,-0.2417,-0.2695,-0.2483,0.1869,GO_GOAL
18.078,-0.1214,-0.5076,0.5667,-0.2581,-0.2395,-0.2695,-0.2483,0.1879,GO_GOAL
18.098,-0.1184,-0.5057,0.5667,-0.2552,-0.2373,-0.2695,-0.2483,0.1888,GO_GOAL
18.118,-0.1154,-0.5037,0.5667,-0.2524,-0.2351,-0.2552,-0.2373,0.1898,GO_GOAL
18.138,-0.1123,-0.5018,0.5667,-0.2467,-0.2307,-0.2552,-0.2373,0.1908,GO_GOAL
18.158,-0.1093,-0.4999,0.5667,-0.2438,-0.2285,-0.2552,-0.2373,0.1918,GO_GOAL
18.178,-0.1063,-0.4979,0.5667,-0.2438,-0.2285,-0.2552,-0.2373,0.1929,GO_GOAL
18.198,-0.1032,-0.496,0.5667,-0.241,-0.2263,-0.2552,-0.2373,0.1939,GO_GOAL
18.218,-0.1003,-0.4942,0.5669,-0.2381,-0.2241,-0.2552,-0.2373,0.195,GO_GOAL
18.238,-0.0975,-0.4924,0.5676,-0.2353,-0.2219,-0.2552,-0.2373,0.196,GO_GOAL
18.258,-0.0947,-0.4906,0.5688,-0.2297,-0.2175,-0.241,-0.2263,0.197,AVOID
18.278,-0.0918,-0.4887,0.5704,-0.2297,-0.2175,-0.241,-0.2263,0.1981,AVOID
18.298,-0.0889,-0.4869,0.5725,-0.2269,-0.2153,-0.241,-0.2263,0.1991,AVOID
18.318,-0.086,-0.485,0.575,-0.2241,-0.213,-0.2269,-0.2153,0.2003,AVOID
18.338,-0.083,-0.4831,0.5781,-0.2213,-0.2108,-0.2269,-0.2153,0.2014,AVOID
18.358,-0.0801,-0.4811,0.5815,-0.2185,-0.2086,-0.2269,-0.2153,0.2026,AVOID
18.378,-0.0771,-0.4792,0.585,-0.2158,-0.2063,-0.2269,-0.2153,0.2038,AVOID
18.398,-0.0742,-0.4772,0.5885,-0.213,-0.204,-0.2269,-0.2153,0.205,AVOID
18.418,-0.0712,-0.4752,0.592,-0.2102,-0.2018,-0.2102,-0.2018,0.2063,AVOID
18.438,-0.0683,-0.4733,0.5954,-0.2075,-0.1995,-0.2102,-0.2018,0.2076,AVOID
18.458,-0.0654,-0.4713,0.5989,-0.2047,-0.1972,-0.2102,-0.2018,0.2089,AVOID
18.478,-0.0624,-0.4693,0.6024,-0.202,-0.1949,-0.2102,-0.2018,0.2102,AVOID
18.498,-0.0595,-0.4672,0.6059,-0.1993,-0.1926,-0.2102,-0.2018,0.2116,AVOID
18.518,-0.0566,-0.4652,0.6094,-0.1966,-0.1902,-0.1993,-0.1926,0.2131,AVOID
18.538,-0.0537,-0.4632,0.6129,-0.1939,-0.1879,-0.1993,-0.1926,0.2145,AVOID
18.558,-0.0508,-0.4612,0.6164,-0.1912,-0.1856,-0.1993,-0.1926,0.216,AVOID
18.578,-0.0479,-0.4591,0.6199,-0.1885,-0.1832,-0.1993,-0.1926,0.2175,AVOID
18.598,-0.0451,-0.457,0.6234,-0.1858,-0.1809,-0.1993,-0.1926,0.2191,AVOID
18.618,-0.0422,-0.455,0.6269,-0.1805,-0.1761,-0.1858,-0.1809,0.2207,AVOID
18.638,-0.0393,-0.4529,0.6304,-0.1805,-0.1761,-0.1858,-0.1809,0.2223,AVOID
18.658,-0.0365,-0.4508,0.6338,-0.1778,-0.1737,-0.1858,-0.1809,0.2239,AVOID
18.678,-0.0336,-0.4487,0.6373,-0.1752,-0.1713,-0.1858,-0.1809,0.2256,AVOID
18.698,-0.0308,-0.4466,0.6408,-0.1725,-0.1689,-0.1858,-0.1809,0.2273,AVOID
18.718,-0.0279,-0.4445,0.6443,-0.1699,-0.1665,-0.1725,-0.1689,0.229,AVOID
18.738,-0.0251,-0.4423,0.6478,-0.1673,-0.1641,-0.1725,-0.1689,0.2307,AVOID
18.758,-0.0223,-0.4402,0.6513,-0.162,-0.1592,-0.1725,-0.1689,0.2325,AVOID
18.778,-0.0195,-0.438,0.6548,-0.162,-0.1592,-0.1725,-0.1689,0.2343,AVOID
18.798,-0.0167,-0.4359,0.6583,-0.1594,-0.1567,-0.1725,-0.1689,0.2362,AVOID
18.818,-0.0139,-0.4337,0.6618,-0.1569,-0.1543,-0.1594,-0.1567,0.238,AVOID
18.838,-0.0111,-0.4315,0.6653,-0.1543,-0.1518,-0.1594,-0.1567,0.2399,AVOID
18.858,-0.0083,-0.4293,0.6688,-0.1517,-0.1493,-0.1594,-0.1567,0.2419,AVOID
18.878,-0.0055,-0.4271,0.6722,-0.1491,-0.1468,-0.1594,-0.1567,0.2438,AVOID
18.898,-0.0028,-0.4249,0.6757,-0.1466,-0.1443,-0.1594,-0.1567,0.2458,AVOID
18.918,-0.0,-0.4227,0.6792,-0.144,-0.1418,-0.1466,-0.1443,0.2478,AVOID
18.938,0.0027,-0.4205,0.6827,-0.139,-0.1368,-0.1466,-0.1443,0.2498,AVOID
18.958,0.0055,-0.4182,0.6862,-0.139,-0.1368,-0.1466,-0.1443,0.2518,AVOID
18.978,0.0082,-0.416,0.6897,-0.1365,-0.1343,-0.1466,-0.1443,0.2539,AVOID
18.998,0.0109,-0.4137,0.6932,-0.1339,-0.1317,-0.1466,-0.1443,0.256,AVOID
19.018,0.0138,-0.4113,0.6964,-0.1314,-0.1292,-0.1339,-0.1317,0.2582,AVOID
19.038,0.0167,-0.4089,0.6992,-0.1289,-0.1266,-0.1339,-0.1317,0.2606,AVOID
19.058,0.0196,-0.4065,0.7015,-0.1264,-0.124,-0.1339,-0.1317,0.2629,AVOID
19.078,0.0224,-0.4041,0.7033,-0.1239,-0.1215,-0.1339,-0.1317,0.2653,AVOID
19.098,0.0252,-0.4017,0.7047,-0.1214,-0.1189,-0.1339,-0.1317,0.2676,AVOID
19.118,0.028,-0.3993,0.7056,-0.1189,-0.1163,-0.1214,-0.1189,0.27,AVOID
19.138,0.0308,-0.3969,0.706,-0.1163,-0.1137,-0.1214,-0.1189,0.2723,AVOID
19.158,0.0335,-0.3946,0.706,-0.1138,-0.1112,-0.1214,-0.1189,0.2747,AVOID
19.178,0.0363,-0.3923,0.706,-0.1113,-0.1086,-0.1214,-0.1189,0.2771,AVOID
19.198,0.039,-0.3899,0.706,-0.1088,-0.106,-0.1214,-0.1189,0.2795,AVOID
19.218,0.0418,-0.3876,0.706,-0.1063,-0.1034,-0.1088,-0.106,0.2819,AVOID
19.238,0.0445,-0.3853,0.706,-0.1013,-0.0983,-0.1088,-0.106,0.2843,AVOID
19.258,0.0472,-0.3829,0.706,-0.1013,-0.0983,-0.1088,-0.106,0.2868,AVOID
19.278,0.05,-0.3806,0.706,-0.0987,-0.0957,-0.1088,-0.106,0.2892,AVOID
19.298,0.0527,-0.3782,0.706,-0.0937,-0.0906,-0.1088,-0.106,0.2917,AVOID
19.318,0.0555,-0.3759,0.706,-0.0937,-0.0906,-0.0962,-0.0931,0.2941,AVOID
19.338,0.0582,-0.3736,0.706,-0.0887,-0.0854,-0.0962,-0.0931,0.2966,AVOID
19.358,0.0609,-0.3712,0.706,-0.0887,-0.0854,-0.0962,-0.0931,0.2991,AVOID
19.378,0.0637,-0.3689,0.706,-0.0862,-0.0828,-0.0962,-0.0931,0.3016,AVOID
19.398,0.0664,-0.3666,0.706,-0.0836,-0.0803,-0.0962,-0.0931,0.3041,AVOID
19.418,0.0692,-0.3642,0.706,-0.0811,-0.0777,-0.0836,-0.0803,0.3066,AVOID
19.438,0.0719,-0.3619,0.706,-0.0786,-0.0751,-0.0836,-0.0803,0.3092,AVOID
19.458,0.0746,-0.3596,0.706,-0.0761,-0.0725,-0.0836,-0.0803,0.3117,AVOID
19.478,0.0774,-0.3572,0.706,-0.0736,-0.07,-0.0836,-0.0803,0.3143,AVOID
19.498,0.0801,-0.3549,0.706,-0.0711,-0.0674,-0.0836,-0.0803,0.3168,AVOID
19.518,0.0828,-0.3525,0.706,-0.0685,-0.0648,-0.0711,-0.0674,0.3194,AVOID
19.538,0.0856,-0.3502,0.706,-0.0635,-0.0597,-0.0711,-0.0674,0.322,AVOID
19.558,0.0883,-0.3479,0.706,-0.0635,-0.0597,-0.0711,-0.0674,0.3246,AVOID
19.578,0.0911,-0.3455,0.706,-0.061,-0.0571,-0.0711,-0.0674,0.3272,AVOID
19.598,0.0938,-0.3432,0.706,-0.0585,-0.0545,-0.0711,-0.0674,0.3298,AVOID
19.618,0.0965,-0.3409,0.706,-0.056,-0.0519,-0.0585,-0.0545,0.3324,AVOID
19.638,0.0993,-0.3385,0.706,-0.0535,-0.0493,-0.0585,-0.0545,0.3351,AVOID
19.658,0.102,-0.3362,0.706,-0.0509,-0.0468,-0.0585,-0.0545,0.3377,AVOID
19.678,0.1048,-0.3339,0.706,-0.0484,-0.0442,-0.0585,-0.0545,0.3404,AVOID
19.698,0.1075,-0.3315,0.706,-0.0459,-0.0416,-0.0585,-0.0545,0.343,AVOID
19.718,0.1102,-0.3292,0.706,-0.0434,-0.039,-0.0459,-0.0416,0.3457,AVOID
19.738,0.113,-0.3269,0.706,-0.0409,-0.0365,-0.0459,-0.0416,0.3484,AVOID
19.758,0.1157,-0.3245,0.706,-0.0384,-0.0339,-0.0459,-0.0416,0.3511,AVOID
19.778,0.1185,-0.3222,0.706,-0.0358,-0.0313,-0.0459,-0.0416,0.3538,AVOID
19.798,0.1212,-0.3198,0.706,-0.0333,-0.0287,-0.0459,-0.0416,0.3565,AVOID
19.818,0.1239,-0.3175,0.706,-0.0308,-0.0262,-0.0333,-0.0287,0.3592,AVOID
19.838,0.1267,-0.3152,0.706,-0.0283,-0.0236,-0.0333,-0.0287,0.3619,AVOID
19.858,0.1294,-0.3128,0.706,-0.0258,-0.021,-0.0333,-0.0287,0.3646,AVOID
19.878,0.1322,-0.3105,0.706,-0.0233,-0.0184,-0.0333,-0.0287,0.3674,AVOID
19.898,0.1349,-0.3082,0.706,-0.0208,-0.0159,-0.0333,-0.0287,0.3701,AVOID
19.918,0.1376,-0.3058,0.706,-0.0182,-0.0133,-0.0208,-0.0159,0.3729,AVOID
19.938,0.1404,-0.3035,0.706,-0.0157,-0.0107,-0.0208,-0.0159,0.3756,AVOID
19.958,0.1431,-0.3012,0.706,-0.0132,-0.0081,-0.0208,-0.0159,0.3784,AVOID
19.978,0.1459,-0.2988,0.706,-0.0107,-0.0056,-0.0208,-0.0159,0.3812,AVOID
19.998,0.1486,-0.2965,0.706,-0.0082,-0.003,-0.0208,-0.0159,0.384,AVOID
20.018,0.1513,-0.2942,0.706,-0.0057,-0.0004,-0.0082,-0.003,0.3868,AVOID
20.038,0.1541,-0.2918,0.706,-0.0031,0.0022,-0.0082,-0.003,0.3896,AVOID
20.058,0.1568,-0.2895,0.706,-0.0006,0.0047,-0.0082,-0.003,0.3924,AVOID
20.078,0.1596,-0.2871,0.706,0.0019,0.0073,-0.0082,-0.003,0.3952,AVOID
20.098,0.1623,-0.2848,0.706,0.0069,0.0125,0.0044,0.0099,0.398,AVOID
20.118,0.165,-0.2825,0.706,0.0069,0.0125,0.0044,0.0099,0.4008,AVOID
20.138,0.1678,-0.2801,0.706,0.0119,0.0176,0.0044,0.0099,0.4037,AVOID
20.158,0.1705,-0.2778,0.706,0.0119,0.0176,0.0044,0.0099,0.4065,AVOID
20.178,0.1732,-0.2755,0.706,0.0145,0.0202,0.0044,0.0099,0.4093,AVOID
20.198,0.176,-0.2731,0.706,0.017,0.0228,0.0044,0.0099,0.4122,AVOID
20.218,0.1787,-0.2708,0.706,0.022,0.0279,0.017,0.0228,0.4151,AVOID
20.238,0.1815,-0.2685,0.706,0.022,0.0279,0.017,0.0228,0.4179,AVOID
20.258,0.1842,-0.2661,0.706,0.0245,0.0305,0.017,0.0228,0.4208,AVOID
20.278,0.1869,-0.2638,0.706,0.027,0.0331,0.017,0.0228,0.4237,AVOID
20.298,0.1897,-0.2615,0.706,0.0296,0.0356,0.017,0.0228,0.4266,AVOID
20.318,0.1924,-0.2591,0.706,0.0321,0.0382,0.0296,0.0356,0.4295,AVOID
20.338,0.1952,-0.2568,0.706,0.0371,0.0434,0.0296,0.0356,0.4324,AVOID
20.358,0.1979,-0.2544,0.706,0.0396,0.0459,0.0296,0.0356,0.4353,AVOID
20.378,0.2006,-0.2521,0.706,0.0396,0.0459,0.0296,0.0356,0.4382,AVOID
20.398,0.2034,-0.2498,0.706,0.0421,0.0485,0.0296,0.0356,0.4411,AVOID
20.418,0.2061,-0.2474,0.706,0.0447,0.0511,0.0421,0.0485,0.444,AVOID
20.438,0.2089,-0.2451,0.706,0.0472,0.0537,0.0421,0.0485,0.447,AVOID
20.458,0.2116,-0.2428,0.706,0.0497,0.0562,0.0421,0.0485,0.4499,AVOID
20.478,0.2143,-0.2404,0.706,0.0522,0.0588,0.0421,0.0485,0.4528,AVOID
20.498,0.2171,-0.2381,0.706,0.0572,0.064,0.0421,0.0485,0.4558,AVOID
20.518,0.2198,-0.2358,0.706,0.0572,0.064,0.0547,0.0614,0.4587,AVOID
20.538,0.2226,-0.2334,0.706,0.0597,0.0665,0.0547,0.0614,0.4617,AVOID
20.558,0.2253,-0.2311,0.706,0.0623,0.0691,0.0547,0.0614,0.4647,AVOID
20.578,0.228,-0.2288,0.706,0.0648,0.0717,0.0547,0.0614,0.4676,AVOID
20.598,0.2308,-0.2264,0.706,0.0673,0.0743,0.0547,0.0614,0.4706,AVOID
20.618,0.2335,-0.2241,0.706,0.0698,0.0768,0.0673,0.0743,0.4736,AVOID
20.638,0.2363,-0.2217,0.706,0.0723,0.0794,0.0673,0.0743,0.4766,AVOID
20.658,0.239,-0.2194,0.706,0.0748,0.082,0.0673,0.0743,0.4764,AVOID
20.678,0.2417,-0.2171,0.706,0.0774,0.0846,0.0673,0.0743,0.4735,AVOID
20.698,0.2445,-0.2147,0.706,0.0799,0.0871,0.0673,0.0743,0.4707,AVOID
20.718,0.2472,-0.2124,0.706,0.0849,0.0923,0.0799,0.0871,0.4678,AVOID
20.738,0.2499,-0.2101,0.706,0.0874,0.0949,0.0799,0.0871,0.465,AVOID
20.758,0.2527,-0.2077,0.706,0.0874,0.0949,0.0799,0.0871,0.4622,AVOID
20.778,0.2554,-0.2054,0.706,0.0899,0.0974,0.0799,0.0871,0.4594,AVOID
20.798,0.2582,-0.2031,0.706,0.0924,0.1,0.0799,0.0871,0.4566,AVOID
20.818,0.2609,-0.2007,0.706,0.095,0.1026,0.0924,0.1,0.4537,AVOID
20.838,0.2636,-0.1984,0.706,0.0975,0.1052,0.0924,0.1,0.4509,AVOID
20.858,0.2664,-0.1961,0.706,0.1,0.1077,0.0924,0.1,0.4482,AVOID
20.878,0.2691,-0.1937,0.706,0.1025,0.1103,0.0924,0.1,0.4454,AVOID
20.898,0.2719,-0.1914,0.706,0.105,0.1129,0.0924,0.1,0.4426,AVOID
20.918,0.2746,-0.189,0.706,0.1075,0.1155,0.105,0.1129,0.4398,AVOID
20.938,0.2773,-0.1867,0.706,0.1101,0.118,0.105,0.1129,0.437,AVOID
20.958,0.2801,-0.1844,0.706,0.1126,0.1206,0.105,0.1129,0.4343,AVOID
20.978,0.2828,-0.182,0.706,0.1151,0.1232,0.105,0.1129,0.4315,AVOID
20.998,0.2856,-0.1797,0.706,0.1176,0.1258,0.105,0.1129,0.4288,AVOID
21.018,0.2883,-0.1774,0.706,0.1201,0.1283,0.1176,0.1258,0.4261,AVOID
21.038,0.291,-0.175,0.706,0.1226,0.1309,0.1176,0.1258,0.4233,AVOID
21.058,0.2938,-0.1727,0.706,0.1252,0.1335,0.1176,0.1258,0.4206,AVOID
21.078,0.2965,-0.1704,0.706,0.1277,0.1361,0.1176,0.1258,0.4179,AVOID
21.098,0.2993,-0.168,0.706,0.1302,0.1386,0.1176,0.1258,0.4152,AVOID
21.118,0.302,-0.1657,0.706,0.1327,0.1412,0.1302,0.1386,0.4125,AVOID
21.138,0.3047,-0.1633,0.706,0.1352,0.1438,0.1302,0.1386,0.4098,AVOID
21.158,0.3075,-0.161,0.706,0.1377,0.1464,0.1302,0.1386,0.4071,AVOID
21.178,0.3102,-0.1587,0.706,0.1402,0.1489,0.1302,0.1386,0.4044,AVOID
21.198,0.313,-0.1563,0.706,0.1428,0.1515,0.1302,0.1386,0.4018,AVOID
21.218,0.3158,-0.1539,0.7058,0.1478,0.1566,0.1428,0.1515,0.399,AVOID
21.238,0.3187,-0.1514,0.7051,0.1478,0.1566,0.1428,0.1515,0.3962,AVOID
21.258,0.3216,-0.149,0.7039,0.1503,0.1592,0.1428,0.1515,0.3935,AVOID
21.278,0.3244,-0.1466,0.7023,0.1528,0.1617,0.1428,0.1515,0.3908,AVOID
21.298,0.3272,-0.1442,0.7001,0.1553,0.1642,0.1428,0.1515,0.3881,AVOID
21.318,0.3301,-0.1418,0.6975,0.1579,0.1668,0.1553,0.1642,0.3855,AVOID
21.338,0.3328,-0.1395,0.6945,0.1604,0.1693,0.1553,0.1642,0.3829,AVOID
21.358,0.3356,-0.1372,0.691,0.163,0.1718,0.1553,0.1642,0.3803,AVOID
21.378,0.3384,-0.1349,0.6875,0.1655,0.1743,0.1553,0.1642,0.3778,AVOID
21.398,0.3412,-0.1326,0.684,0.1681,0.1767,0.1553,0.1642,0.3752,AVOID
21.418,0.3439,-0.1305,0.6808,0.1707,0.1792,0.1681,0.1767,0.3728,AVOID
21.438,0.3465,-0.1283,0.678,0.1733,0.1817,0.1681,0.1767,0.3704,AVOID
21.458,0.3492,-0.1262,0.6757,0.1759,0.1842,0.1681,0.1767,0.3679,AVOID
21.478,0.3519,-0.124,0.6738,0.1785,0.1867,0.1681,0.1767,0.3654,AVOID
21.498,0.3546,-0.1218,0.6725,0.1811,0.1892,0.1681,0.1767,0.3629,AVOID
21.518,0.3574,-0.1196,0.6716,0.1837,0.1916,0.1811,0.1892,0.3604,AVOID
21.538,0.3602,-0.1174,0.6711,0.1863,0.1941,0.1811,0.1892,0.3578,AVOID
21.558,0.363,-0.1152,0.6711,0.1889,0.1966,0.1811,0.1892,0.3552,AVOID
21.578,0.3658,-0.1129,0.6711,0.1915,0.1991,0.1811,0.1892,0.3526,AVOID
21.598,0.3687,-0.1107,0.6711,0.1941,0.2016,0.1811,0.1892,0.3501,AVOID
21.618,0.3715,-0.1084,0.6711,0.1967,0.2041,0.1941,0.2016,0.3475,AVOID
21.638,0.3743,-0.1062,0.6711,0.2019,0.209,0.1941,0.2016,0.3449,AVOID
21.658,0.3771,-0.104,0.6711,0.2019,0.209,0.1941,0.2016,0.3424,AVOID
21.678,0.3799,-0.1017,0.6711,0.2045,0.2115,0.1941,0.2016,0.3399,AVOID
21.698,0.3828,-0.0995,0.6711,0.2071,0.214,0.1941,0.2016,0.3373,AVOID
21.718,0.3856,-0.0973,0.6711,0.2123,0.219,0.2071,0.214,0.3348,AVOID
21.738,0.3884,-0.095,0.6711,0.2123,0.219,0.2071,0.214,0.3323,AVOID
21.758,0.3912,-0.0928,0.6711,0.2149,0.2215,0.2071,0.214,0.3298,AVOID
21.778,0.394,-0.0905,0.6711,0.2175,0.224,0.2071,0.214,0.3273,AVOID
21.798,0.3969,-0.0883,0.6711,0.2202,0.2264,0.2071,0.214,0.3249,AVOID
21.818,0.3997,-0.0861,0.6711,0.2228,0.2289,0.2202,0.2264,0.3224,AVOID
21.838,0.4025,-0.0838,0.6711,0.2254,0.2314,0.2202,0.2264,0.32,AVOID
21.858,0.4053,-0.0816,0.6711,0.228,0.2339,0.2202,0.2264,0.3175,AVOID
21.878,0.4081,-0.0793,0.6711,0.2306,0.2364,0.2202,0.2264,0.3151,AVOID
21.898,0.411,-0.0771,0.6711,0.2332,0.2389,0.2202,0.2264,0.3127,AVOID
21.918,0.4138,-0.0749,0.6711,0.2358,0.2414,0.2332,0.2389,0.3103,AVOID
21.938,0.4166,-0.0726,0.6711,0.2384,0.2438,0.2332,0.2389,0.3079,AVOID
21.958,0.4194,-0.0704,0.6711,0.241,0.2463,0.2332,0.2389,0.3055,AVOID
21.978,0.4222,-0.0681,0.6711,0.2436,0.2488,0.2332,0.2389,0.3031,AVOID
21.998,0.425,-0.0659,0.6711,0.2462,0.2513,0.2332,0.2389,0.3008,AVOID
22.018,0.4279,-0.0637,0.6711,0.2488,0.2538,0.2462,0.2513,0.2984,AVOID
22.038,0.4307,-0.0614,0.6711,0.2514,0.2563,0.2462,0.2513,0.2961,AVOID
22.058,0.4335,-0.0592,0.6711,0.2566,0.2612,0.2462,0.2513,0.2938,AVOID
22.078,0.4363,-0.057,0.6711,0.2566,0.2612,0.2462,0.2513,0.2915,AVOID
22.098,0.4391,-0.0547,0.6711,0.2592,0.2637,0.2462,0.2513,0.2892,AVOID
22.118,0.442,-0.0525,0.6711,0.2618,0.2662,0.2592,0.2637,0.2869,AVOID
22.138,0.4448,-0.0502,0.6711,0.2644,0.2687,0.2592,0.2637,0.2846,AVOID
22.158,0.4476,-0.048,0.6711,0.267,0.2712,0.2592,0.2637,0.2824,AVOID
22.178,0.4504,-0.0458,0.6711,0.2696,0.2737,0.2592,0.2637,0.2801,AVOID
22.198,0.4532,-0.0435,0.6711,0.2722,0.2762,0.2592,0.2637,0.2779,AVOID
22.218,0.4561,-0.0413,0.6711,0.2748,0.2786,0.2722,0.2762,0.2757,AVOID
22.238,0.4589,-0.039,0.6711,0.2774,0.2811,0.2722,0.2762,0.2735,AVOID
22.258,0.4617,-0.0368,0.6711,0.2826,0.2861,0.2722,0.2762,0.2713,AVOID
22.278,0.4645,-0.0346,0.6711,0.2826,0.2861,0.2722,0.2762,0.2691,AVOID
22.298,0.4673,-0.0323,0.6711,0.2852,0.2886,0.2722,0.2762,0.267,AVOID
22.318,0.4702,-0.0301,0.6711,0.2879,0.2911,0.2852,0.2886,0.2648,AVOID
22.338,0.473,-0.0279,0.6711,0.2931,0.2961,0.2852,0.2886,0.2627,AVOID
22.358,0.4758,-0.0256,0.6711,0.2931,0.2961,0.2852,0.2886,0.2606,AVOID
22.378,0.4786,-0.0234,0.6711,0.2957,0.2985,0.2852,0.2886,0.2585,AVOID
22.398,0.4814,-0.0211,0.6711,0.2983,0.301,0.2852,0.2886,0.2564,AVOID
22.418,0.4844,-0.0188,0.6709,0.3009,0.3035,0.2983,0.301,0.2542,AVOID
22.438,0.4874,-0.0164,0.6701,0.3061,0.3084,0.2983,0.301,0.2521,AVOID
22.458,0.4903,-0.0141,0.669,0.3061,0.3084,0.2983,0.301,0.25,AVOID
22.478,0.4932,-0.0118,0.6673,0.3087,0.3109,0.2983,0.301,0.2479,AVOID
22.498,0.4961,-0.0095,0.6652,0.3113,0.3133,0.2983,0.301,0.2459,AVOID
22.518,0.499,-0.0072,0.6626,0.3139,0.3157,0.2983,0.301,0.2439,AVOID
22.538,0.5019,-0.005,0.6595,0.3165,0.3182,0.2983,0.301,0.242,AVOID
22.558,0.5048,-0.0028,0.6561,0.3192,0.3206,0.3113,0.3133,0.2401,GO_GOAL
22.578,0.5076,-0.0006,0.6526,0.3218,0.323,0.3113,0.3133,0.2382,GO_GOAL
22.598,0.5105,0.0016,0.6491,0.3245,0.3254,0.3113,0.3133,0.2363,GO_GOAL
22.618,0.5134,0.0037,0.6456,0.3271,0.3277,0.3245,0.3254,0.2344,GO_GOAL
22.638,0.5162,0.0059,0.6421,0.3298,0.3301,0.3245,0.3254,0.2325,GO_GOAL
22.658,0.5191,0.0081,0.6386,0.3325,0.3325,0.3245,0.3254,0.2307,GO_GOAL
22.678,0.522,0.0102,0.6351,0.3379,0.3372,0.3245,0.3254,0.2288,GO_GOAL
22.698,0.5249,0.0123,0.6317,0.3379,0.3372,0.3245,0.3254,0.2269,GO_GOAL
22.718,0.5278,0.0145,0.6282,0.3406,0.3395,0.3406,0.3395,0.2251,GO_GOAL
22.738,0.5308,0.0166,0.6247,0.346,0.3441,0.3406,0.3395,0.2233,GO_GOAL
22.758,0.5337,0.0187,0.6212,0.346,0.3441,0.3406,0.3395,0.2214,GO_GOAL
22.778,0.5366,0.0208,0.6177,0.3487,0.3464,0.3406,0.3395,0.2196,GO_GOAL
22.798,0.5396,0.0229,0.6142,0.3515,0.3487,0.3406,0.3395,0.2178,GO_GOAL
22.818,0.5424,0.0248,0.6109,0.3542,0.351,0.3515,0.3487,0.216,AVOID
22.838,0.5452,0.0268,0.6082,0.357,0.3533,0.3515,0.3487,0.2143,AVOID
22.858,0.548,0.0287,0.6058,0.3598,0.3556,0.3515,0.3487,0.2126,AVOID
22.878,0.5509,0.0307,0.604,0.3625,0.3579,0.3515,0.3487,0.2108,AVOID
22.898,0.5537,0.0327,0.6026,0.3653,0.3602,0.3515,0.3487,0.209,AVOID
22.918,0.5567,0.0347,0.6017,0.3681,0.3625,0.3653,0.3602,0.2072,AVOID
22.938,0.5596,0.0367,0.6012,0.3708,0.3648,0.3653,0.3602,0.2054,AVOID
22.958,0.5626,0.0388,0.6011,0.3736,0.3671,0.3653,0.3602,0.2036,AVOID
22.978,0.5655,0.0408,0.6011,0.3764,0.3694,0.3653,0.3602,0.2018,AVOID
22.998,0.5685,0.0428,0.6011,0.3792,0.3717,0.3653,0.3602,0.2001,AVOID
23.018,0.5715,0.0449,0.6011,0.3819,0.374,0.3792,0.3717,0.1983,AVOID
23.038,0.5744,0.0469,0.6011,0.3847,0.3763,0.3792,0.3717,0.1966,AVOID
23.058,0.5774,0.0489,0.6011,0.3875,0.3786,0.3792,0.3717,0.1948,AVOID
23.078,0.5804,0.051,0.6011,0.3902,0.3809,0.3792,0.3717,0.1931,AVOID
23.098,0.5833,0.053,0.6011,0.393,0.3832,0.3792,0.3717,0.1915,AVOID
23.118,0.5863,0.055,0.6011,0.3958,0.3855,0.393,0.3832,0.1898,AVOID
23.138,0.5893,0.0571,0.6011,0.4013,0.3901,0.393,0.3832,0.1882,AVOID
23.158,0.5923,0.0591,0.6011,0.4041,0.3924,0.393,0.3832,0.1865,AVOID
23.178,0.5952,0.0611,0.6011,0.4041,0.3924,0.393,0.3832,0.185,AVOID
23.198,0.5982,0.0632,0.6011,0.4069,0.3947,0.393,0.3832,0.1834,AVOID
23.218,0.6012,0.0652,0.6011,0.4096,0.397,0.4069,0.3947,0.1818,AVOID
23.238,0.6041,0.0673,0.6011,0.4124,0.3993,0.4069,0.3947,0.1803,AVOID
23.258,0.6071,0.0693,0.6011,0.418,0.4039,0.4069,0.3947,0.1788,AVOID
23.278,0.6101,0.0713,0.6011,0.418,0.4039,0.4069,0.3947,0.1773,AVOID
23.298,0.613,0.0734,0.6011,0.4207,0.4062,0.4069,0.3947,0.1758,AVOID
23.318,0.616,0.0754,0.6011,0.4263,0.4108,0.4207,0.4062,0.1744,AVOID
23.338,0.619,0.0774,0.6011,0.4263,0.4108,0.4207,0.4062,0.173,AVOID
23.358,0.6219,0.0795,0.6011,0.429,0.4131,0.4207,0.4062,0.1716,AVOID
23.378,0.6249,0.0815,0.6011,0.4346,0.4177,0.4207,0.4062,0.1702,AVOID
23.398,0.6279,0.0835,0.6011,0.4346,0.4177,0.4207,0.4062,0.1688,AVOID
23.418,0.6309,0.0856,0.6011,0.4373,0.42,0.4346,0.4177,0.1675,AVOID
23.438,0.6338,0.0876,0.6011,0.4401,0.4223,0.4346,0.4177,0.1662,AVOID
23.458,0.6368,0.0897,0.6011,0.4429,0.4246,0.4346,0.4177,0.1649,AVOID
23.478,0.6398,0.0917,0.6011,0.4457,0.4269,0.4346,0.4177,0.1636,AVOID
23.498,0.6427,0.0937,0.6011,0.4484,0.4292,0.4346,0.4177,0.1624,AVOID
23.518,0.6457,0.0958,0.6011,0.4512,0.4315,0.4484,0.4292,0.1612,AVOID
23.538,0.6487,0.0978,0.6011,0.454,0.4338,0.4484,0.4292,0.16,AVOID
23.558,0.6516,0.0998,0.6011,0.4595,0.4384,0.4484,0.4292,0.1588,AVOID
23.578,0.6546,0.1019,0.6011,0.4595,0.4384,0.4484,0.4292,0.1577,AVOID
23.598,0.6576,0.1039,0.6011,0.4623,0.4406,0.4484,0.4292,0.1566,AVOID
23.618,0.6605,0.1059,0.6011,0.4651,0.4429,0.4623,0.4406,0.1555,AVOID
23.638,0.6635,0.108,0.6011,0.4678,0.4452,0.4623,0.4406,0.1544,AVOID
23.658,0.6665,0.11,0.6011,0.4706,0.4475,0.4623,0.4406,0.1534,AVOID
23.678,0.6694,0.1121,0.6011,0.4734,0.4498,0.4623,0.4406,0.1524,AVOID
23.698,0.6724,0.1141,0.6011,0.4761,0.4521,0.4623,0.4406,0.1514,AVOID
23.718,0.6754,0.1161,0.6011,0.4789,0.4544,0.4761,0.4521,0.1505,AVOID
23.738,0.6784,0.1182,0.6011,0.4817,0.4567,0.4761,0.4521,0.1495,AVOID
23.758,0.6813,0.1202,0.6011,0.4845,0.459,0.4761,0.4521,0.1486,AVOID
23.778,0.6843,0.1222,0.6011,0.49,0.4636,0.4761,0.4521,0.1477,AVOID
23.798,0.6873,0.1243,0.6011,0.4928,0.4659,0.4761,0.4521,0.1469,AVOID
23.818,0.6902,0.1263,0.6011,0.4955,0.4682,0.49,0.4636,0.1461,AVOID
23.838,0.6932,0.1283,0.6011,0.4955,0.4682,0.49,0.4636,0.1453,AVOID
23.858,0.6962,0.1304,0.6011,0.4983,0.4705,0.49,0.4636,0.1445,AVOID
23.878,0.6991,0.1324,0.6011,0.5011,0.4728,0.49,0.4636,0.1437,AVOID
23.898,0.7021,0.1344,0.6011,0.5039,0.4751,0.49,0.4636,0.143,AVOID
23.918,0.7051,0.1365,0.6011,0.5066,0.4774,0.5039,0.4751,0.1423,AVOID
23.938,0.708,0.1385,0.6011,0.5094,0.4797,0.5039,0.4751,0.1417,AVOID
23.958,0.711,0.1406,0.6011,0.5122,0.482,0.5039,0.4751,0.141,AVOID
23.978,0.714,0.1426,0.6011,0.5149,0.4843,0.5039,0.4751,0.1404,AVOID
23.998,0.7169,0.1446,0.6011,0.5177,0.4866,0.5039,0.4751,0.1399,AVOID
24.018,0.72,0.1468,0.6009,0.5205,0.4889,0.5039,0.4751,0.1393,AVOID
24.038,0.7232,0.1489,0.6002,0.5232,0.4912,0.5039,0.4751,0.1388,AVOID
24.058,0.7263,0.151,0.599,0.5288,0.4957,0.5177,0.4866,0.1383,GO_GOAL
24.078,0.7294,0.1531,0.5974,0.5288,0.4957,0.5177,0.4866,0.1379,GO_GOAL
24.098,0.7324,0.1552,0.5953,0.5315,0.498,0.5177,0.4866,0.1375,GO_GOAL
24.118,0.7355,0.1573,0.5927,0.5343,0.5002,0.5315,0.498,0.1371,GO_GOAL
24.138,0.7385,0.1593,0.5897,0.5371,0.5024,0.5315,0.498,0.1368,GO_GOAL
24.158,0.7415,0.1613,0.5863,0.5399,0.5046,0.5315,0.498,0.1365,GO_GOAL
24.178,0.7445,0.1633,0.5828,0.5427,0.5069,0.5315,0.498,0.1362,GO_GOAL
24.198,0.7475,0.1653,0.5793,0.5455,0.5091,0.5315,0.498,0.136,GO_GOAL
24.218,0.7505,0.1672,0.5758,0.5484,0.5112,0.5455,0.5091,0.1358,GO_GOAL
24.238,0.7536,0.1692,0.5723,0.5512,0.5134,0.5455,0.5091,0.1356,GO_GOAL
24.258,0.7566,0.1711,0.5688,0.554,0.5156,0.5455,0.5091,0.1354,GO_GOAL
24.278,0.7596,0.1731,0.5653,0.5569,0.5178,0.5455,0.5091,0.1352,GO_GOAL
24.298,0.7627,0.175,0.5618,0.5597,0.5199,0.5455,0.5091,0.135,GO_GOAL
24.318,0.7657,0.1769,0.5584,0.5626,0.522,0.5597,0.5199,0.1349,GO_GOAL
24.338,0.7688,0.1788,0.5549,0.5683,0.5263,0.5597,0.5199,0.1347,GO_GOAL
24.358,0.7719,0.1807,0.5514,0.5683,0.5263,0.5597,0.5199,0.1346,GO_GOAL
24.378,0.7749,0.1826,0.5479,0.5712,0.5284,0.5597,0.5199,0.1345,GO_GOAL
24.398,0.778,0.1845,0.5444,0.5741,0.5305,0.5597,0.5199,0.1344,GO_GOAL
24.418,0.7811,0.1863,0.5409,0.577,0.5326,0.5741,0.5305,0.1344,GO_GOAL
24.438,0.7842,0.1882,0.5374,0.5799,0.5347,0.5741,0.5305,0.1343,GO_GOAL
24.458,0.7873,0.19,0.5339,0.5828,0.5367,0.5741,0.5305,0.1343,GO_GOAL
24.478,0.7904,0.1918,0.5304,0.5858,0.5388,0.5741,0.5305,0.1343,GO_GOAL
24.498,0.7935,0.1937,0.5269,0.5887,0.5408,0.5741,0.5305,0.1343,GO_GOAL
24.518,0.7965,0.1954,0.5237,0.5916,0.5429,0.5916,0.5429,0.1343,GO_GOAL
24.538,0.7995,0.1971,0.5209,0.5946,0.5449,0.5916,0.5429,0.1343,GO_GOAL
24.558,0.8024,0.1988,0.5185,0.5975,0.547,0.5916,0.5429,0.1343,GO_GOAL
24.578,0.8054,0.2005,0.5166,0.6005,0.549,0.5916,0.5429,0.1343,GO_GOAL
24.598,0.8085,0.2022,0.5152,0.6035,0.5511,0.5916,0.5429,0.1344,GO_GOAL
24.618,0.8114,0.2039,0.5143,0.6064,0.5531,0.6035,0.5511,0.1344,AVOID
24.638,0.8143,0.2055,0.5138,0.6094,0.5552,0.6035,0.5511,0.1344,AVOID
24.658,0.8171,0.2071,0.5137,0.6123,0.5572,0.6035,0.5511,0.1345,AVOID
24.678,0.82,0.2087,0.5142,0.6152,0.5593,0.6035,0.5511,0.1346,AVOID
24.698,0.8229,0.2104,0.5151,0.6181,0.5613,0.6035,0.5511,0.1346,AVOID
24.718,0.8259,0.212,0.5164,0.621,0.5634,0.6181,0.5613,0.1347,AVOID
24.738,0.8289,0.2137,0.5182,0.6239,0.5655,0.6181,0.5613,0.1348,AVOID
24.758,0.8319,0.2154,0.5204,0.6268,0.5676,0.6181,0.5613,0.135,AVOID
24.778,0.8349,0.2172,0.5231,0.6297,0.5697,0.6181,0.5613,0.1351,AVOID
24.798,0.8379,0.2189,0.5263,0.6326,0.5718,0.6181,0.5613,0.1353,AVOID
24.818,0.8411,0.2208,0.5295,0.6354,0.5739,0.6326,0.5718,0.1356,GO_GOAL
24.838,0.8444,0.2227,0.5322,0.6412,0.5782,0.6326,0.5718,0.1359,GO_GOAL
24.858,0.8476,0.2247,0.5345,0.6412,0.5782,0.6326,0.5718,0.1362,GO_GOAL
24.878,0.8509,0.2266,0.5363,0.6469,0.5825,0.6326,0.5718,0.1366,GO_GOAL
24.898,0.8541,0.2285,0.5376,0.6469,0.5825,0.6326,0.5718,0.1371,GO_GOAL
24.918,0.8573,0.2304,0.5385,0.6498,0.5846,0.6469,0.5825,0.1376,GO_GOAL
24.938,0.8607,0.2324,0.5389,0.6555,0.5888,0.6469,0.5825,0.1382,GO_GOAL
24.958,0.864,0.2344,0.5388,0.6555,0.5888,0.6469,0.5825,0.1388,GO_GOAL
24.978,0.8672,0.2364,0.5383,0.6584,0.5909,0.6469,0.5825,0.1395,GO_GOAL
24.998,0.8705,0.2383,0.5373,0.6613,0.593,0.6469,0.5825,0.1402,GO_GOAL
25.018,0.8737,0.2402,0.5359,0.6642,0.5951,0.6613,0.593,0.1409,GO_GOAL
25.038,0.8769,0.2421,0.534,0.6671,0.5972,0.6613,0.593,0.1417,GO_GOAL
25.058,0.8801,0.244,0.5316,0.6701,0.5992,0.6613,0.593,0.1425,GO_GOAL
25.078,0.8832,0.2458,0.5288,0.673,0.6013,0.6613,0.593,0.1433,GO_GOAL
25.098,0.8864,0.2477,0.5255,0.6759,0.6033,0.6613,0.593,0.1441,GO_GOAL
25.118,0.8895,0.2495,0.5221,0.6789,0.6054,0.6759,0.6033,0.145,GO_GOAL
25.138,0.8926,0.2513,0.5186,0.6818,0.6074,0.6759,0.6033,0.1459,GO_GOAL
25.158,0.8958,0.253,0.5151,0.6848,0.6094,0.6759,0.6033,0.1468,GO_GOAL
25.178,0.8989,0.2548,0.5116,0.6877,0.6114,0.6759,0.6033,0.1477,GO_GOAL
25.198,0.902,0.2566,0.5081,0.6907,0.6134,0.6759,0.6033,0.1486,GO_GOAL
25.218,0.9051,0.2582,0.5048,0.6937,0.6154,0.6907,0.6134,0.1495,GO_GOAL
25.238,0.908,0.2599,0.502,0.6967,0.6174,0.6907,0.6134,0.1504,GO_GOAL
25.258,0.9111,0.2615,0.4997,0.6997,0.6193,0.6907,0.6134,0.1513,GO_GOAL
25.278,0.9141,0.2632,0.4978,0.7027,0.6213,0.6907,0.6134,0.1522,GO_GOAL
25.298,0.9172,0.2648,0.4963,0.7057,0.6233,0.6907,0.6134,0.1531,GO_GOAL
25.318,0.9203,0.2665,0.4953,0.7117,0.6273,0.7057,0.6233,0.154,GO_GOAL
25.338,0.9234,0.2682,0.4948,0.7117,0.6273,0.7057,0.6233,0.155,GO_GOAL
25.358,0.9266,0.2699,0.4947,0.7147,0.6293,0.7057,0.6233,0.1559,GO_GOAL
25.378,0.9297,0.2716,0.4947,0.7177,0.6313,0.7057,0.6233,0.1569,GO_GOAL
25.398,0.9329,0.2733,0.4947,0.7207,0.6333,0.7057,0.6233,0.1579,GO_GOAL
25.418,0.9361,0.275,0.4947,0.7267,0.6372,0.7207,0.6333,0.159,GO_GOAL
25.438,0.9392,0.2768,0.4947,0.7297,0.6392,0.7207,0.6333,0.16,GO_GOAL
25.458,0.9424,0.2785,0.4947,0.7297,0.6392,0.7207,0.6333,0.1611,GO_GOAL
25.478,0.9456,0.2802,0.4947,0.7327,0.6412,0.7207,0.6333,0.1623,GO_GOAL
25.498,0.9488,0.2819,0.4947,0.7357,0.6432,0.7207,0.6333,0.1634,GO_GOAL
25.518,0.9519,0.2836,0.4947,0.7387,0.6452,0.7357,0.6432,0.1646,GO_GOAL
25.538,0.9551,0.2853,0.4947,0.7417,0.6472,0.7357,0.6432,0.1658,GO_GOAL
25.558,0.9583,0.287,0.4947,0.7447,0.6492,0.7357,0.6432,0.167,GO_GOAL
25.578,0.9614,0.2887,0.4947,0.7477,0.6512,0.7357,0.6432,0.1682,GO_GOAL
25.598,0.9646,0.2904,0.4947,0.7507,0.6531,0.7357,0.6432,0.1695,GO_GOAL
25.618,0.9678,0.2921,0.4947,0.7537,0.6551,0.7507,0.6531,0.1708,GO_GOAL
25.638,0.9709,0.2938,0.4947,0.7567,0.6571,0.7507,0.6531,0.1721,GO_GOAL
25.658,0.9741,0.2956,0.4947,0.7597,0.6591,0.7507,0.6531,0.1734,GO_GOAL
25.678,0.9773,0.2973,0.4947,0.7657,0.6631,0.7507,0.6531,0.1747,GO_GOAL
25.698,0.9804,0.299,0.4947,0.7657,0.6631,0.7507,0.6531,0.1761,GO_GOAL
25.718,0.9836,0.3007,0.4947,0.7717,0.6671,0.7657,0.6631,0.1775,GO_GOAL
25.738,0.9868,0.3024,0.4947,0.7717,0.6671,0.7657,0.6631,0.179,GO_GOAL
25.758,0.9899,0.3041,0.4947,0.7747,0.669,0.7657,0.6631,0.1804,GO_GOAL
25.778,0.9931,0.3058,0.4947,0.7777,0.671,0.7657,0.6631,0.1819,GO_GOAL
25.798,0.9963,0.3075,0.4947,0.7807,0.673,0.7657,0.6631,0.1834,GO_GOAL
25.818,0.9994,0.3092,0.4947,0.7867,0.677,0.7807,0.673,0.1849,GO_GOAL
25.838,1.0026,0.3109,0.4947,0.7867,0.677,0.7807,0.673,0.1864,GO_GOAL
25.858,1.0058,0.3126,0.4947,0.7897,0.679,0.7807,0.673,0.188,GO_GOAL
25.878,1.009,0.3144,0.4947,0.7957,0.683,0.7807,0.673,0.1895,GO_GOAL
25.898,1.0121,0.3161,0.4947,0.7957,0.683,0.7807,0.673,0.1911,GO_GOAL
25.918,1.0153,0.3178,0.4947,0.7987,0.685,0.7957,0.683,0.1927,GO_GOAL
25.938,1.0185,0.3195,0.4947,0.8017,0.6869,0.7957,0.683,0.1944,GO_GOAL
25.958,1.0216,0.3212,0.4947,0.8047,0.6889,0.7957,0.683,0.196,GO_GOAL
25.978,1.0248,0.3229,0.4947,0.8077,0.6909,0.7957,0.683,0.1977,GO_GOAL
25.998,1.028,0.3246,0.4947,0.8107,0.6929,0.7957,0.683,0.1994,GO_GOAL
26.018,1.0311,0.3263,0.4947,0.8137,0.6949,0.8107,0.6929,0.2011,GO_GOAL
26.038,1.0343,0.328,0.4947,0.8167,0.6969,0.8107,0.6929,0.2029,GO_GOAL
26.058,1.0375,0.3297,0.4947,0.8227,0.7009,0.8107,0.6929,0.2046,GO_GOAL
26.078,1.0406,0.3314,0.4947,0.8227,0.7009,0.8107,0.6929,0.2064,GO_GOAL
26.098,1.0438,0.3332,0.4947,0.8257,0.7028,0.8107,0.6929,0.2082,GO_GOAL
26.118,1.047,0.3349,0.4947,0.8287,0.7048,0.8257,0.7028,0.21,GO_GOAL
26.138,1.0501,0.3366,0.4947,0.8317,0.7068,0.8257,0.7028,0.2118,GO_GOAL
26.158,1.0533,0.3383,0.4947,0.8347,0.7088,0.8257,0.7028,0.2137,GO_GOAL
26.178,1.0565,0.34,0.4947,0.8377,0.7108,0.8257,0.7028,0.2156,GO_GOAL
26.198,1.0596,0.3417,0.4947,0.8407,0.7128,0.8257,0.7028,0.2174,GO_GOAL
26.218,1.0628,0.3434,0.4947,0.8437,0.7148,0.8407,0.7128,0.2194,GO_GOAL
26.238,1.066,0.3451,0.4947,0.8467,0.7168,0.8407,0.7128,0.2213,GO_GOAL
26.258,1.0691,0.3468,0.4947,0.8497,0.7188,0.8407,0.7128,0.2232,GO_GOAL
26.278,1.0723,0.3485,0.4947,0.8527,0.7207,0.8407,0.7128,0.2252,GO_GOAL
26.298,1.0755,0.3502,0.4947,0.8557,0.7227,0.8407,0.7128,0.2271,GO_GOAL
26.318,1.0787,0.352,0.4947,0.8587,0.7247,0.8557,0.7227,0.2291,GO_GOAL
26.338,1.0818,0.3537,0.4947,0.8617,0.7267,0.8557,0.7227,0.2311,GO_GOAL
26.358,1.085,0.3554,0.4947,0.8647,0.7287,0.8557,0.7227,0.2332,GO_GOAL
26.378,1.0882,0.3571,0.4947,0.8707,0.7327,0.8557,0.7227,0.2352,GO_GOAL
26.398,1.0913,0.3588,0.4947,0.8707,0.7327,0.8557,0.7227,0.2373,GO_GOAL
26.418,1.0945,0.3605,0.4947,0.8737,0.7347,0.8707,0.7327,0.2393,GO_GOAL
26.438,1.0977,0.3622,0.4947,0.8767,0.7366,0.8707,0.7327,0.2414,GO_GOAL
26.458,1.1008,0.3639,0.4947,0.8797,0.7386,0.8707,0.7327,0.2435,GO_GOAL
26.478,1.104,0.3656,0.4947,0.8827,0.7406,0.8707,0.7327,0.2456,GO_GOAL
26.498,1.1072,0.3673,0.4947,0.8857,0.7426,0.8707,0.7327,0.2478,GO_GOAL
26.518,1.1103,0.369,0.4947,0.8887,0.7446,0.8857,0.7426,0.2499,GO_GOAL
26.538,1.1135,0.3708,0.4947,0.8917,0.7466,0.8857,0.7426,0.2521,GO_GOAL
26.558,1.1167,0.3725,0.4947,0.8977,0.7506,0.8857,0.7426,0.2543,GO_GOAL
26.578,1.1198,0.3742,0.4947,0.9007,0.7526,0.8857,0.7426,0.2565,GO_GOAL
26.598,1.123,0.3759,0.4947,0.9007,0.7526,0.8857,0.7426,0.2587,GO_GOAL
26.618,1.1262,0.3776,0.4947,0.9037,0.7545,0.9007,0.7526,0.2609,GO_GOAL
26.638,1.1293,0.3793,0.4947,0.9097,0.7585,0.9007,0.7526,0.2631,GO_GOAL
26.658,1.1325,0.381,0.4947,0.9097,0.7585,0.9007,0.7526,0.2654,GO_GOAL
26.678,1.1357,0.3827,0.4947,0.9127,0.7605,0.9007,0.7526,0.2676,GO_GOAL
26.698,1.1389,0.3844,0.4947,0.9157,0.7625,0.9007,0.7526,0.2699,GO_GOAL
26.718,1.142,0.3861,0.4947,0.9187,0.7645,0.9157,0.7625,0.2722,GO_GOAL
26.738,1.1452,0.3878,0.4947,0.9217,0.7665,0.9157,0.7625,0.2745,GO_GOAL
26.758,1.1484,0.3896,0.4947,0.9247,0.7685,0.9157,0.7625,0.2768,GO_GOAL
26.778,1.1515,0.3913,0.4947,0.9277,0.7704,0.9157,0.7625,0.2791,GO_GOAL
26.798,1.1547,0.393,0.4947,0.9307,0.7724,0.9157,0.7625,0.2815,GO_GOAL
26.818,1.1579,0.3947,0.4947,0.9337,0.7744,0.9307,0.7724,0.2838,GO_GOAL
26.838,1.161,0.3964,0.4947,0.9367,0.7764,0.9307,0.7724,0.2862,GO_GOAL
26.858,1.1642,0.3981,0.4947,0.9427,0.7804,0.9307,0.7724,0.2886,GO_GOAL
26.878,1.1674,0.3998,0.4947,0.9427,0.7804,0.9307,0.7724,0.291,GO_GOAL
26.898,1.1705,0.4015,0.4947,0.9457,0.7824,0.9307,0.7724,0.2934,GO_GOAL
26.918,1.1737,0.4032,0.4947,0.9487,0.7844,0.9457,0.7824,0.2958,GO_GOAL
26.938,1.1769,0.4049,0.4947,0.9518,0.7864,0.9457,0.7824,0.2982,GO_GOAL
26.958,1.18,0.4067,0.4947,0.9578,0.7903,0.9457,0.7824,0.3006,GO_GOAL
26.978,1.1832,0.4084,0.4947,0.9578,0.7903,0.9457,0.7824,0.3031,GO_GOAL
26.998,1.1864,0.4101,0.4947,0.9608,0.7923,0.9457,0.7824,0.3056,GO_GOAL
27.018,1.1895,0.4118,0.4947,0.9638,0.7943,0.9608,0.7923,0.308,GO_GOAL
27.038,1.1927,0.4135,0.4947,0.9698,0.7983,0.9608,0.7923,0.3105,GO_GOAL
27.058,1.1959,0.4152,0.4947,0.9698,0.7983,0.9608,0.7923,0.313,GO_GOAL
27.078,1.1991,0.4169,0.4947,0.9758,0.8023,0.9608,0.7923,0.3155,GO_GOAL
27.098,1.2022,0.4186,0.4947,0.9758,0.8023,0.9608,0.7923,0.318,GO_GOAL
27.118,1.2054,0.4203,0.4947,0.9788,0.8042,0.9758,0.8023,0.3206,GO_GOAL
27.138,1.2086,0.422,0.4947,0.9818,0.8062,0.9758,0.8023,0.3231,GO_GOAL
27.158,1.2117,0.4237,0.4947,0.9848,0.8082,0.9758,0.8023,0.3256,GO_GOAL
27.178,1.2149,0.4255,0.4947,0.9878,0.8102,0.9758,0.8023,0.3282,GO_GOAL
27.198,1.2181,0.4272,0.4947,0.9908,0.8122,0.9758,0.8023,0.3308,GO_GOAL
27.218,1.2212,0.4289,0.4947,0.9938,0.8142,0.9908,0.8122,0.3333,GO_GOAL
27.238,1.2244,0.4306,0.4947,0.9968,0.8162,0.9908,0.8122,0.3359,GO_GOAL
27.258,1.2276,0.4323,0.4947,0.9998,0.8182,0.9908,0.8122,0.3385,GO_GOAL
27.278,1.2307,0.434,0.4947,1.0058,0.8221,0.9908,0.8122,0.3411,GO_GOAL
27.298,1.2339,0.4357,0.4947,1.0088,0.8241,0.9908,0.8122,0.3437,GO_GOAL
27.318,1.2371,0.4374,0.4947,1.0088,0.8241,1.0058,0.8221,0.3464,GO_GOAL
27.338,1.2402,0.4391,0.4947,1.0118,0.8261,1.0058,0.8221,0.349,GO_GOAL
27.358,1.2434,0.4408,0.4947,1.0148,0.8281,1.0058,0.8221,0.3516,GO_GOAL
27.378,1.2466,0.4425,0.4947,1.0178,0.8301,1.0058,0.8221,0.3543,GO_GOAL
27.398,1.2497,0.4443,0.4947,1.0208,0.8321,1.0058,0.8221,0.3569,GO_GOAL
27.418,1.2529,0.446,0.4947,1.0238,0.8341,1.0208,0.8321,0.3596,GO_GOAL
27.438,1.2561,0.4477,0.4947,1.0268,0.8361,1.0208,0.8321,0.3623,GO_GOAL
27.458,1.2593,0.4494,0.4947,1.0328,0.84,1.0208,0.8321,0.365,GO_GOAL
27.478,1.2624,0.4511,0.4947,1.0358,0.842,1.0208,0.8321,0.3677,GO_GOAL
27.498,1.2656,0.4528,0.4947,1.0358,0.842,1.0208,0.8321,0.3704,GO_GOAL
27.518,1.2688,0.4545,0.4947,1.0388,0.844,1.0358,0.842,0.3731,GO_GOAL
27.538,1.2719,0.4562,0.4947,1.0418,0.846,1.0358,0.842,0.3758,GO_GOAL
27.558,1.2751,0.4579,0.4947,1.0448,0.848,1.0358,0.842,0.3785,GO_GOAL
27.578,1.2783,0.4596,0.4947,1.0478,0.85,1.0358,0.842,0.3813,GO_GOAL
27.598,1.2814,0.4613,0.4947,1.0508,0.852,1.0358,0.842,0.384,GO_GOAL
27.618,1.2846,0.4631,0.4947,1.0538,0.854,1.0508,0.852,0.3868,GO_GOAL
27.638,1.2878,0.4648,0.4947,1.0568,0.8559,1.0508,0.852,0.3895,GO_GOAL
27.658,1.2909,0.4665,0.4947,1.0598,0.8579,1.0508,0.852,0.3923,GO_GOAL
27.678,1.2941,0.4682,0.4947,1.0628,0.8599,1.0508,0.852,0.3951,GO_GOAL
27.698,1.2973,0.4699,0.4947,1.0658,0.8619,1.0508,0.852,0.3978,GO_GOAL
27.718,1.3004,0.4716,0.4947,1.0688,0.8639,1.0658,0.8619,0.4006,GO_GOAL
27.738,1.3036,0.4733,0.4947,1.0718,0.8659,1.0658,0.8619,0.4034,GO_GOAL
27.758,1.3068,0.475,0.4947,1.0748,0.8679,1.0658,0.8619,0.4062,GO_GOAL
27.778,1.3099,0.4767,0.4947,1.0778,0.8699,1.0658,0.8619,0.409,GO_GOAL
27.798,1.3131,0.4784,0.4947,1.0808,0.8718,1.0658,0.8619,0.4119,GO_GOAL
27.818,1.3163,0.4801,0.4947,1.0838,0.8738,1.0808,0.8718,0.4147,GO_GOAL
27.838,1.3195,0.4819,0.4947,1.0868,0.8758,1.0808,0.8718,0.4175,GO_GOAL
27.858,1.3226,0.4836,0.4947,1.0898,0.8778,1.0808,0.8718,0.4204,GO_GOAL
27.878,1.3258,0.4853,0.4947,1.0928,0.8798,1.0808,0.8718,0.4232,GO_GOAL
27.898,1.329,0.487,0.4947,1.0958,0.8818,1.0808,0.8718,0.4261,GO_GOAL
27.918,1.3321,0.4887,0.4947,1.1018,0.8858,1.0958,0.8818,0.4289,GO_GOAL
27.938,1.3353,0.4904,0.4947,1.1048,0.8878,1.0958,0.8818,0.4318,GO_GOAL
27.958,1.3385,0.4921,0.4947,1.1078,0.8897,1.0958,0.8818,0.4347,GO_GOAL
27.978,1.3416,0.4938,0.4947,1.1078,0.8897,1.0958,0.8818,0.4375,GO_GOAL
27.998,1.3448,0.4955,0.4947,1.1108,0.8917,1.0958,0.8818,0.4404,GO_GOAL
28.018,1.348,0.4972,0.4947,1.1168,0.8957,1.1108,0.8917,0.4433,GO_GOAL
28.038,1.3511,0.4989,0.4947,1.1168,0.8957,1.1108,0.8917,0.4462,GO_GOAL
28.058,1.3543,0.5007,0.4947,1.1198,0.8977,1.1108,0.8917,0.4491,GO_GOAL
28.078,1.3575,0.5024,0.4947,1.1228,0.8997,1.1108,0.8917,0.452,GO_GOAL
28.098,1.3606,0.5041,0.4947,1.1258,0.9017,1.1108,0.8917,0.4549,GO_GOAL
28.118,1.3638,0.5058,0.4947,1.1288,0.9037,1.1258,0.9017,0.4578,GO_GOAL
28.138,1.367,0.5075,0.4947,1.1348,0.9076,1.1258,0.9017,0.4608,GO_GOAL
28.158,1.3701,0.5092,0.4947,1.1348,0.9076,1.1258,0.9017,0.4637,GO_GOAL
28.178,1.3733,0.5109,0.4947,1.1408,0.9116,1.1258,0.9017,0.4666,GO_GOAL
28.198,1.3765,0.5126,0.4947,1.1408,0.9116,1.1258,0.9017,0.4696,GO_GOAL
28.218,1.3797,0.5143,0.4947,1.1468,0.9156,1.1408,0.9116,0.4725,GO_GOAL
28.238,1.3828,0.516,0.4947,1.1468,0.9156,1.1408,0.9116,0.4755,GO_GOAL
28.258,1.386,0.5177,0.4947,1.1498,0.9176,1.1408,0.9116,0.4784,GO_GOAL
28.278,1.3892,0.5195,0.4947,1.1528,0.9196,1.1408,0.9116,0.4814,GO_GOAL
28.298,1.3923,0.5212,0.4947,1.1558,0.9216,1.1408,0.9116,0.4844,GO_GOAL
28.318,1.3955,0.5229,0.4947,1.1588,0.9235,1.1558,0.9216,0.4873,GO_GOAL
28.338,1.3987,0.5246,0.4947,1.1618,0.9255,1.1558,0.9216,0.4903,GO_GOAL
28.358,1.4018,0.5263,0.4947,1.1648,0.9275,1.1558,0.9216,0.4933,GO_GOAL
28.378,1.405,0.528,0.4947,1.1678,0.9295,1.1558,0.9216,0.4963,GO_GOAL
28.398,1.4082,0.5297,0.4947,1.1708,0.9315,1.1558,0.9216,0.4993,GO_GOAL
28.418,1.4113,0.5314,0.4947,1.1738,0.9335,1.1708,0.9315,0.5023,GO_GOAL
28.438,1.4145,0.5331,0.4947,1.1768,0.9355,1.1708,0.9315,0.5053,GO_GOAL
28.458,1.4177,0.5348,0.4947,1.1798,0.9375,1.1708,0.9315,0.5083,GO_GOAL
28.478,1.4208,0.5366,0.4947,1.1828,0.9395,1.1708,0.9315,0.5064,GO_GOAL
28.498,1.424,0.5383,0.4947,1.1858,0.9414,1.1708,0.9315,0.5035,GO_GOAL
28.518,1.4272,0.54,0.4947,1.1888,0.9434,1.1858,0.9414,0.5006,GO_GOAL
28.538,1.4303,0.5417,0.4947,1.1918,0.9454,1.1858,0.9414,0.4978,GO_GOAL
28.558,1.4335,0.5434,0.4947,1.1948,0.9474,1.1858,0.9414,0.4949,GO_GOAL
28.578,1.4367,0.5451,0.4947,1.1978,0.9494,1.1858,0.9414,0.4921,GO_GOAL
28.598,1.4399,0.5468,0.4947,1.2008,0.9514,1.1858,0.9414,0.4892,GO_GOAL
28.618,1.443,0.5485,0.4947,1.2038,0.9534,1.2008,0.9514,0.4864,GO_GOAL
28.638,1.4462,0.5502,0.4947,1.2068,0.9554,1.2008,0.9514,0.4835,GO_GOAL
28.658,1.4494,0.5519,0.4947,1.2098,0.9573,1.2008,0.9514,0.4807,GO_GOAL
28.678,1.4525,0.5536,0.4947,1.2128,0.9593,1.2008,0.9514,0.4779,GO_GOAL
28.698,1.4557,0.5554,0.4947,1.2159,0.9613,1.2008,0.9514,0.4751,GO_GOAL
28.718,1.4589,0.5571,0.4947,1.2189,0.9633,1.2159,0.9613,0.4723,GO_GOAL
28.738,1.462,0.5588,0.4947,1.2219,0.9653,1.2159,0.9613,0.4695,GO_GOAL
28.758,1.4652,0.5605,0.4947,1.2249,0.9673,1.2159,0.9613,0.4667,GO_GOAL
28.778,1.4684,0.5622,0.4947,1.2309,0.9713,1.2159,0.9613,0.4639,GO_GOAL
28.798,1.4715,0.5639,0.4947,1.2339,0.9733,1.2159,0.9613,0.4611,GO_GOAL
28.818,1.4747,0.5656,0.4947,1.2339,0.9733,1.2309,0.9713,0.4583,GO_GOAL
28.838,1.4779,0.5673,0.4947,1.2369,0.9752,1.2309,0.9713,0.4556,GO_GOAL
28.858,1.481,0.569,0.4947,1.2399,0.9772,1.2309,0.9713,0.4528,GO_GOAL
28.878,1.4842,0.5707,0.4947,1.2429,0.9792,1.2309,0.9713,0.45,GO_GOAL
28.898,1.4874,0.5724,0.4947,1.2459,0.9812,1.2309,0.9713,0.4473,GO_GOAL
28.918,1.4905,0.5742,0.4947,1.2489,0.9832,1.2459,0.9812,0.4446,GO_GOAL
28.938,1.4937,0.5759,0.4947,1.2519,0.9852,1.2459,0.9812,0.4418,GO_GOAL
28.958,1.4969,0.5776,0.4947,1.2579,0.9892,1.2459,0.9812,0.4391,GO_GOAL
28.978,1.5,0.5793,0.4947,1.2579,0.9892,1.2459,0.9812,0.4364,GO_GOAL
28.998,1.5032,0.581,0.4947,1.2609,0.9911,1.2459,0.9812,0.4337,GO_GOAL
29.018,1.5064,0.5827,0.4947,1.2639,0.9931,1.2609,0.9911,0.431,GO_GOAL
29.038,1.5096,0.5844,0.4947,1.2669,0.9951,1.2609,0.9911,0.4283,GO_GOAL
29.058,1.5127,0.5861,0.4947,1.2699,0.9971,1.2609,0.9911,0.4256,GO_GOAL
29.078,1.5159,0.5878,0.4947,1.2729,0.9991,1.2609,0.9911,0.4229,GO_GOAL
29.098,1.5191,0.5895,0.4947,1.2759,1.0011,1.2609,0.9911,0.4202,GO_GOAL
29.118,1.5222,0.5912,0.4947,1.2789,1.0031,1.2759,1.0011,0.4176,GO_GOAL
29.138,1.5254,0.593,0.4947,1.2819,1.0051,1.2759,1.0011,0.4149,GO_GOAL
29.158,1.5286,0.5947,0.4947,1.2849,1.0071,1.2759,1.0011,0.4123,GO_GOAL
29.178,1.5317,0.5964,0.4947,1.2879,1.009,1.2759,1.0011,0.4096,GO_GOAL
29.198,1.5349,0.5981,0.4947,1.2939,1.013,1.2909,1.011,0.407,GO_GOAL
29.218,1.5381,0.5998,0.4947,1.2939,1.013,1.2909,1.011,0.4044,GO_GOAL
29.238,1.5412,0.6015,0.4947,1.2969,1.015,1.2909,1.011,0.4017,GO_GOAL
29.258,1.5444,0.6032,0.4947,1.2999,1.017,1.2909,1.011,0.3991,GO_GOAL
29.278,1.5476,0.6049,0.4947,1.3029,1.019,1.2909,1.011,0.3965,GO_GOAL
29.298,1.5507,0.6066,0.4947,1.3059,1.021,1.2909,1.011,0.3939,GO_GOAL
29.318,1.5539,0.6083,0.4947,1.3089,1.023,1.3059,1.021,0.3914,GO_GOAL
29.338,1.5571,0.61,0.4947,1.3119,1.0249,1.3059,1.021,0.3888,GO_GOAL
29.358,1.5602,0.6118,0.4947,1.3149,1.0269,1.3059,1.021,0.3862,GO_GOAL
29.378,1.5634,0.6135,0.4947,1.3179,1.0289,1.3059,1.021,0.3837,GO_GOAL
29.398,1.5666,0.6152,0.4947,1.3209,1.0309,1.3059,1.021,0.3811,GO_GOAL
29.418,1.5698,0.6169,0.4947,1.3239,1.0329,1.3209,1.0309,0.3786,GO_GOAL
29.438,1.5729,0.6186,0.4947,1.3269,1.0349,1.3209,1.0309,0.3761,GO_GOAL
29.458,1.5761,0.6203,0.4947,1.3299,1.0369,1.3209,1.0309,0.3736,GO_GOAL
29.478,1.5793,0.622,0.4947,1.3329,1.0389,1.3209,1.0309,0.3711,GO_GOAL
29.498,1.5824,0.6237,0.4947,1.3359,1.0409,1.3209,1.0309,0.3686,GO_GOAL
29.518,1.5856,0.6254,0.4947,1.3389,1.0428,1.3359,1.0409,0.3661,GO_GOAL
29.538,1.5888,0.6271,0.4947,1.3419,1.0448,1.3359,1.0409,0.3636,GO_GOAL
29.558,1.5919,0.6288,0.4947,1.3449,1.0468,1.3359,1.0409,0.3611,GO_GOAL
29.578,1.5951,0.6306,0.4947,1.3479,1.0488,1.3359,1.0409,0.3587,GO_GOAL
29.598,1.5983,0.6323,0.4947,1.3509,1.0508,1.3359,1.0409,0.3562,GO_GOAL
29.618,1.6014,0.634,0.4947,1.3539,1.0528,1.3509,1.0508,0.3538,GO_GOAL
29.638,1.6046,0.6357,0.4947,1.3599,1.0568,1.3509,1.0508,0.3514,GO_GOAL
29.658,1.6078,0.6374,0.4947,1.3599,1.0568,1.3509,1.0508,0.349,GO_GOAL
29.678,1.6109,0.6391,0.4947,1.3629,1.0587,1.3509,1.0508,0.3466,GO_GOAL
29.698,1.6141,0.6408,0.4947,1.3659,1.0607,1.3509,1.0508,0.3442,GO_GOAL
29.718,1.6173,0.6425,0.4947,1.3689,1.0627,1.3659,1.0607,0.3418,GO_GOAL
29.738,1.6204,0.6442,0.4947,1.3719,1.0647,1.3659,1.0607,0.3394,GO_GOAL
29.758,1.6236,0.6459,0.4947,1.3779,1.0687,1.3659,1.0607,0.3371,GO_GOAL
29.778,1.6268,0.6476,0.4947,1.3779,1.0687,1.3659,1.0607,0.3347,GO_GOAL
29.798,1.63,0.6494,0.4947,1.3809,1.0707,1.3659,1.0607,0.3324,GO_GOAL
29.818,1.6331,0.6511,0.4947,1.3839,1.0727,1.3809,1.0707,0.3301,GO_GOAL
29.838,1.6363,0.6528,0.4947,1.3869,1.0747,1.3809,1.0707,0.3278,GO_GOAL
29.858,1.6395,0.6545,0.4947,1.3929,1.0786,1.3809,1.0707,0.3255,GO_GOAL
29.878,1.6426,0.6562,0.4947,1.3929,1.0786,1.3809,1.0707,0.3232,GO_GOAL
29.898,1.6458,0.6579,0.4947,1.3959,1.0806,1.3809,1.0707,0.3209,GO_GOAL
29.918,1.649,0.6596,0.4947,1.3989,1.0826,1.3959,1.0806,0.3187,GO_GOAL
29.938,1.6521,0.6613,0.4947,1.4019,1.0846,1.3959,1.0806,0.3164,GO_GOAL
29.958,1.6553,0.663,0.4947,1.4049,1.0866,1.3959,1.0806,0.3142,GO_GOAL
29.978,1.6585,0.6647,0.4947,1.4079,1.0886,1.3959,1.0806,0.312,GO_GOAL
29.998,1.6616,0.6664,0.4947,1.4139,1.0925,1.3959,1.0806,0.3097,GO_GOAL
30.018,1.6648,0.6682,0.4947,1.4139,1.0925,1.4109,1.0906,0.3075,GO_GOAL
30.038,1.668,0.6699,0.4947,1.4169,1.0945,1.4109,1.0906,0.3054,GO_GOAL
30.058,1.6711,0.6716,0.4947,1.4199,1.0965,1.4109,1.0906,0.3032,GO_GOAL
30.078,1.6743,0.6733,0.4947,1.4229,1.0985,1.4109,1.0906,0.301,GO_GOAL
30.098,1.6775,0.675,0.4947,1.4259,1.1005,1.4109,1.0906,0.2989,GO_GOAL
30.118,1.6806,0.6767,0.4947,1.4289,1.1025,1.4259,1.1005,0.2968,GO_GOAL
30.138,1.6838,0.6784,0.4947,1.4319,1.1045,1.4259,1.1005,0.2946,GO_GOAL
30.158,1.687,0.6801,0.4947,1.4349,1.1065,1.4259,1.1005,0.2925,GO_GOAL
30.178,1.6902,0.6818,0.4947,1.4409,1.1104,1.4259,1.1005,0.2905,GO_GOAL
30.198,1.6933,0.6835,0.4947,1.4409,1.1104,1.4259,1.1005,0.2884,GO_GOAL
30.218,1.6965,0.6853,0.4947,1.4439,1.1124,1.4409,1.1104,0.2863,GO_GOAL
30.238,1.6997,0.687,0.4947,1.4469,1.1144,1.4409,1.1104,0.2843,GO_GOAL
30.258,1.7028,0.6887,0.4947,1.4499,1.1164,1.4409,1.1104,0.2823,GO_GOAL
30.278,1.706,0.6904,0.4947,1.4529,1.1184,1.4409,1.1104,0.2802,GO_GOAL
30.298,1.7092,0.6921,0.4947,1.4589,1.1224,1.4409,1.1104,0.2782,GO_GOAL
30.318,1.7123,0.6938,0.4947,1.4589,1.1224,1.4559,1.1204,0.2763,GO_GOAL
30.338,1.7155,0.6955,0.4947,1.4619,1.1244,1.4559,1.1204,0.2743,GO_GOAL
30.358,1.7187,0.6972,0.4947,1.4649,1.1263,1.4559,1.1204,0.2723,GO_GOAL
30.378,1.7218,0.6989,0.4947,1.4679,1.1283,1.4559,1.1204,0.2704,GO_GOAL
30.398,1.725,0.7006,0.4947,1.4709,1.1303,1.4559,1.1204,0.2685,GO_GOAL
30.418,1.7282,0.7023,0.4947,1.4739,1.1323,1.4709,1.1303,0.2666,GO_GOAL
30.438,1.7313,0.7041,0.4947,1.48,1.1363,1.4709,1.1303,0.2647,GO_GOAL
30.458,1.7345,0.7058,0.4947,1.48,1.1363,1.4709,1.1303,0.2628,GO_GOAL
30.478,1.7377,0.7075,0.4947,1.483,1.1383,1.4709,1.1303,0.261,GO_GOAL
30.498,1.7408,0.7092,0.4947,1.486,1.1403,1.4709,1.1303,0.2591,GO_GOAL
30.518,1.744,0.7109,0.4947,1.489,1.1423,1.486,1.1403,0.2573,GO_GOAL
30.538,1.7472,0.7126,0.4947,1.492,1.1442,1.486,1.1403,0.2555,GO_GOAL
30.558,1.7504,0.7143,0.4947,1.495,1.1462,1.486,1.1403,0.2537,GO_GOAL
30.578,1.7535,0.716,0.4947,1.498,1.1482,1.486,1.1403,0.2519,GO_GOAL
30.598,1.7567,0.7177,0.4947,1.501,1.1502,1.486,1.1403,0.2502,GO_GOAL
30.618,1.7599,0.7194,0.4947,1.504,1.1522,1.501,1.1502,0.2485,GO_GOAL
30.638,1.763,0.7211,0.4947,1.507,1.1542,1.501,1.1502,0.2467,GO_GOAL
30.658,1.7662,0.7229,0.4947,1.513,1.1582,1.501,1.1502,0.245,GO_GOAL
30.678,1.7694,0.7246,0.4947,1.513,1.1582,1.501,1.1502,0.2434,GO_GOAL
30.698,1.7725,0.7263,0.4947,1.516,1.1601,1.501,1.1502,0.2417,GO_GOAL
30.718,1.7757,0.728,0.4947,1.522,1.1641,1.516,1.1601,0.2401,GO_GOAL
30.738,1.7789,0.7297,0.4947,1.522,1.1641,1.516,1.1601,0.2384,GO_GOAL
30.758,1.782,0.7314,0.4947,1.525,1.1661,1.516,1.1601,0.2368,GO_GOAL
30.778,1.7852,0.7331,0.4947,1.528,1.1681,1.516,1.1601,0.2352,GO_GOAL
30.798,1.7884,0.7348,0.4947,1.531,1.1701,1.516,1.1601,0.2337,GO_GOAL
30.818,1.7915,0.7365,0.4947,1.534,1.1721,1.531,1.1701,0.2321,GO_GOAL
30.838,1.7947,0.7382,0.4947,1.537,1.1741,1.531,1.1701,0.2306,GO_GOAL
30.858,1.7979,0.7399,0.4947,1.54,1.1761,1.531,1.1701,0.2291,GO_GOAL
30.878,1.801,0.7417,0.4947,1.543,1.178,1.531,1.1701,0.2276,GO_GOAL
30.898,1.8042,0.7434,0.4947,1.546,1.18,1.531,1.1701,0.2261,GO_GOAL
30.918,1.8074,0.7451,0.4947,1.552,1.184,1.546,1.18,0.2247,GO_GOAL
30.938,1.8106,0.7468,0.4947,1.552,1.184,1.546,1.18,0.2232,GO_GOAL
30.958,1.8137,0.7485,0.4947,1.555,1.186,1.546,1.18,0.2218,GO_GOAL
30.978,1.8169,0.7502,0.4947,1.558,1.188,1.546,1.18,0.2205,GO_GOAL
30.998,1.8201,0.7519,0.4947,1.561,1.19,1.546,1.18,0.2191,GO_GOAL
31.018,1.8232,0.7536,0.4947,1.564,1.192,1.561,1.19,0.2177,GO_GOAL
31.038,1.8264,0.7553,0.4947,1.57,1.1959,1.561,1.19,0.2164,GO_GOAL
31.058,1.8296,0.757,0.4947,1.573,1.1979,1.561,1.19,0.2151,GO_GOAL
31.078,1.8327,0.7587,0.4947,1.576,1.1999,1.561,1.19,0.2138,GO_GOAL
31.098,1.8359,0.7605,0.4947,1.576,1.1999,1.561,1.19,0.2126,GO_GOAL
31.118,1.8391,0.7622,0.4947,1.579,1.2019,1.576,1.1999,0.2113,GO_GOAL
31.138,1.8422,0.7639,0.4947,1.582,1.2039,1.576,1.1999,0.2101,GO_GOAL
31.158,1.8454,0.7656,0.4947,1.585,1.2059,1.576,1.1999,0.2089,GO_GOAL
31.178,1.8486,0.7673,0.4947,1.588,1.2079,1.576,1.1999,0.2077,GO_GOAL
31.198,1.8517,0.769,0.4947,1.591,1.2099,1.576,1.1999,0.2066,GO_GOAL
31.218,1.8549,0.7707,0.4947,1.594,1.2118,1.591,1.2099,0.2055,GO_GOAL
31.238,1.8581,0.7724,0.4947,1.597,1.2138,1.591,1.2099,0.2044,GO_GOAL
31.258,1.8612,0.7741,0.4947,1.6,1.2158,1.591,1.2099,0.2033,GO_GOAL
31.278,1.8644,0.7758,0.4947,1.603,1.2178,1.591,1.2099,0.2022,GO_GOAL
31.298,1.8676,0.7775,0.4947,1.606,1.2198,1.591,1.2099,0.2012,GO_GOAL
31.318,1.8708,0.7793,0.4947,1.609,1.2218,1.606,1.2198,0.2002,GO_GOAL
31.338,1.8739,0.781,0.4947,1.612,1.2238,1.606,1.2198,0.1992,GO_GOAL
31.358,1.8771,0.7827,0.4947,1.615,1.2258,1.606,1.2198,0.1982,GO_GOAL
31.378,1.8803,0.7844,0.4947,1.618,1.2277,1.606,1.2198,0.1973,GO_GOAL
31.398,1.8834,0.7861,0.4947,1.621,1.2297,1.606,1.2198,0.1964,GO_GOAL
31.418,1.8866,0.7878,0.4947,1.624,1.2317,1.621,1.2297,0.1955,GO_GOAL
31.438,1.8898,0.7895,0.4947,1.627,1.2337,1.621,1.2297,0.1946,GO_GOAL
31.458,1.8929,0.7912,0.4947,1.63,1.2357,1.621,1.2297,0.1938,GO_GOAL
31.478,1.8961,0.7929,0.4947,1.633,1.2377,1.621,1.2297,0.1929,GO_GOAL
31.498,1.8993,0.7946,0.4947,1.636,1.2397,1.621,1.2297,0.1921,GO_GOAL
31.518,1.9024,0.7963,0.4947,1.639,1.2417,1.636,1.2397,0.1914,GO_GOAL
31.538,1.9056,0.7981,0.4947,1.645,1.2456,1.636,1.2397,0.1906,GO_GOAL
31.558,1.9088,0.7998,0.4947,1.645,1.2456,1.636,1.2397,0.1899,GO_GOAL
31.578,1.9119,0.8015,0.4947,1.648,1.2476,1.636,1.2397,0.1892,GO_GOAL
31.598,1.9151,0.8032,0.4947,1.654,1.2516,1.636,1.2397,0.1885,GO_GOAL
31.618,1.9183,0.8049,0.4947,1.654,1.2516,1.651,1.2496,0.1879,GO_GOAL
31.638,1.9214,0.8066,0.4947,1.657,1.2536,1.651,1.2496,0.1873,GO_GOAL
31.658,1.9246,0.8083,0.4947,1.66,1.2556,1.651,1.2496,0.1867,GO_GOAL
31.678,1.9278,0.81,0.4947,1.663,1.2576,1.651,1.2496,0.1861,GO_GOAL
31.698,1.9309,0.8117,0.4947,1.666,1.2596,1.651,1.2496,0.1856,GO_GOAL
31.718,1.9341,0.8134,0.4947,1.672,1.2635,1.666,1.2596,0.185,GO_GOAL
31.738,1.9373,0.8151,0.4947,1.672,1.2635,1.666,1.2596,0.1845,GO_GOAL
31.758,1.9405,0.8169,0.4947,1.675,1.2655,1.666,1.2596,0.1841,GO_GOAL
31.778,1.9436,0.8186,0.4947,1.678,1.2675,1.666,1.2596,0.1836,GO_GOAL
31.798,1.9468,0.8203,0.4947,1.681,1.2695,1.666,1.2596,0.1832,GO_GOAL
31.818,1.95,0.822,0.4947,1.684,1.2715,1.681,1.2695,0.1828,GO_GOAL
31.838,1.9531,0.8237,0.4947,1.69,1.2755,1.681,1.2695,0.1825,GO_GOAL
31.858,1.9563,0.8254,0.4947,1.69,1.2755,1.681,1.2695,0.1821,GO_GOAL
31.878,1.9595,0.8271,0.4947,1.693,1.2775,1.681,1.2695,0.1818,GO_GOAL
31.898,1.9626,0.8288,0.4947,1.696,1.2794,1.681,1.2695,0.1815,GO_GOAL
31.918,1.9658,0.8305,0.4947,1.702,1.2834,1.696,1.2794,0.1813,GO_GOAL
31.938,1.969,0.8322,0.4947,1.702,1.2834,1.696,1.2794,0.181,GO_GOAL
31.958,1.9721,0.834,0.4947,1.705,1.2854,1.696,1.2794,0.1808,GO_GOAL
31.978,1.9753,0.8357,0.4947,1.708,1.2874,1.696,1.2794,0.1806,GO_GOAL
31.998,1.9785,0.8374,0.4947,1.711,1.2894,1.696,1.2794,0.1805,GO_GOAL
32.018,1.9816,0.8391,0.4947,1.714,1.2914,1.711,1.2894,0.1804,GO_GOAL
32.038,1.9848,0.8408,0.4947,1.72,1.2953,1.711,1.2894,0.1803,GO_GOAL
32.058,1.988,0.8425,0.4947,1.723,1.2973,1.711,1.2894,0.1802,GO_GOAL
32.078,1.9911,0.8442,0.4947,1.726,1.2993,1.711,1.2894,0.1801,GO_GOAL
32.098,1.9943,0.8459,0.4947,1.726,1.2993,1.711,1.2894,0.1801,GO_GOAL
32.118,1.9975,0.8476,0.4947,1.729,1.3013,1.726,1.2993,0.1801,GO_GOAL
32.138,2.0007,0.8493,0.4947,1.732,1.3033,1.726,1.2993,0.1801,GO_GOAL
32.158,2.0038,0.851,0.4947,1.735,1.3053,1.726,1.2993,0.1802,GO_GOAL
32.178,2.007,0.8528,0.4947,1.738,1.3073,1.726,1.2993,0.1803,GO_GOAL
32.198,2.0102,0.8545,0.4947,1.741,1.3093,1.726,1.2993,0.1804,GO_GOAL
32.218,2.0133,0.8562,0.4947,1.7441,1.3113,1.741,1.3093,0.1805,GO_GOAL
32.238,2.0165,0.8579,0.4947,1.7471,1.3132,1.741,1.3093,0.1807,GO_GOAL
32.258,2.0197,0.8596,0.4947,1.7501,1.3152,1.741,1.3093,0.1809,GO_GOAL
32.278,2.0228,0.8613,0.4947,1.7531,1.3172,1.741,1.3093,0.1811,GO_GOAL
32.298,2.026,0.863,0.4947,1.7561,1.3192,1.741,1.3093,0.1813,GO_GOAL
32.318,2.0292,0.8647,0.4947,1.7591,1.3212,1.7561,1.3192,0.1816,GO_GOAL
32.338,2.0323,0.8664,0.4947,1.7621,1.3232,1.7561,1.3192,0.1819,GO_GOAL
32.358,2.0355,0.8681,0.4947,1.7651,1.3252,1.7561,1.3192,0.1822,GO_GOAL
32.378,2.0387,0.8698,0.4947,1.7681,1.3272,1.7561,1.3192,0.1826,GO_GOAL
32.398,2.0418,0.8716,0.4947,1.7711,1.3291,1.7561,1.3192,0.1829,GO_GOAL
32.418,2.045,0.8733,0.4947,1.7771,1.3331,1.7711,1.3291,0.1833,GO_GOAL
32.438,2.0482,0.875,0.4947,1.7801,1.3351,1.7711,1.3291,0.1838,GO_GOAL
32.458,2.0513,0.8767,0.4947,1.7801,1.3351,1.7711,1.3291,0.1842,GO_GOAL
32.478,2.0545,0.8784,0.4947,1.7861,1.3391,1.7711,1.3291,0.1847,GO_GOAL
32.498,2.0577,0.8801,0.4947,1.7861,1.3391,1.7711,1.3291,0.1852,GO_GOAL
32.518,2.0609,0.8818,0.4947,1.7891,1.3411,1.7891,1.3411,0.1857,GO_GOAL
32.538,2.064,0.8835,0.4947,1.7921,1.3431,1.7891,1.3411,0.1863,GO_GOAL
32.558,2.0672,0.8852,0.4947,1.7951,1.3451,1.7891,1.3411,0.1868,GO_GOAL
32.578,2.0704,0.8869,0.4947,1.7981,1.347,1.7891,1.3411,0.1874,GO_GOAL
32.598,2.0735,0.8886,0.4947,1.8011,1.349,1.7891,1.3411,0.1881,GO_GOAL
32.618,2.0767,0.8904,0.4947,1.8041,1.351,1.8011,1.349,0.1887,GO_GOAL
32.638,2.0799,0.8921,0.4947,1.8071,1.353,1.8011,1.349,0.1894,GO_GOAL
32.658,2.083,0.8938,0.4947,1.8101,1.355,1.8011,1.349,0.1901,GO_GOAL
32.678,2.0862,0.8955,0.4947,1.8131,1.357,1.8011,1.349,0.1908,GO_GOAL
32.698,2.0894,0.8972,0.4947,1.8161,1.359,1.8011,1.349,0.1916,GO_GOAL
32.718,2.0925,0.8989,0.4947,1.8221,1.363,1.8161,1.359,0.1924,GO_GOAL
32.738,2.0957,0.9006,0.4947,1.8221,1.363,1.8161,1.359,0.1932,GO_GOAL
32.758,2.0989,0.9023,0.4947,1.8251,1.3649,1.8161,1.359,0.194,GO_GOAL
32.778,2.102,0.904,0.4947,1.8281,1.3669,1.8161,1.359,0.1948,GO_GOAL
32.798,2.1052,0.9057,0.4947,1.8311,1.3689,1.8161,1.359,0.1957,GO_GOAL
32.818,2.1084,0.9074,0.4947,1.8341,1.3709,1.8311,1.3689,0.1966,GO_GOAL
32.838,2.1115,0.9092,0.4947,1.8401,1.3749,1.8311,1.3689,0.1975,GO_GOAL
32.858,2.1147,0.9109,0.4947,1.8431,1.3769,1.8311,1.3689,0.1985,GO_GOAL
32.878,2.1179,0.9126,0.4947,1.8431,1.3769,1.8311,1.3689,0.1995,GO_GOAL
32.898,2.1211,0.9143,0.4947,1.8461,1.3789,1.8311,1.3689,0.2005,GO_GOAL
32.918,2.1242,0.916,0.4947,1.8491,1.3808,1.8461,1.3789,0.2015,GO_GOAL
32.938,2.1274,0.9177,0.4947,1.8521,1.3828,1.8461,1.3789,0.2025,GO_GOAL
32.958,2.1306,0.9194,0.4947,1.8551,1.3848,1.8461,1.3789,0.2036,GO_GOAL
32.978,2.1337,0.9211,0.4947,1.8581,1.3868,1.8461,1.3789,0.2047,GO_GOAL
32.998,2.1369,0.9228,0.4947,1.8611,1.3888,1.8461,1.3789,0.2058,GO_GOAL
33.018,2.1401,0.9245,0.4947,1.8641,1.3908,1.8611,1.3888,0.2069,GO_GOAL
33.038,2.1432,0.9262,0.4947,1.8671,1.3928,1.8611,1.3888,0.2081,GO_GOAL
33.058,2.1464,0.928,0.4947,1.8701,1.3948,1.8611,1.3888,0.2092,GO_GOAL
33.078,2.1496,0.9297,0.4947,1.8731,1.3968,1.8611,1.3888,0.2104,GO_GOAL
33.098,2.1527,0.9314,0.4947,1.8761,1.3987,1.8611,1.3888,0.2117,GO_GOAL
33.118,2.1559,0.9331,0.4947,1.8791,1.4007,1.8761,1.3987,0.2129,GO_GOAL
33.138,2.1591,0.9348,0.4947,1.8821,1.4027,1.8761,1.3987,0.2142,GO_GOAL
33.158,2.1622,0.9365,0.4947,1.8851,1.4047,1.8761,1.3987,0.2155,GO_GOAL
33.178,2.1654,0.9382,0.4947,1.8911,1.4087,1.8761,1.3987,0.2168,GO_GOAL
33.198,2.1686,0.9399,0.4947,1.8911,1.4087,1.8761,1.3987,0.2181,GO_GOAL
33.218,2.1717,0.9416,0.4947,1.8941,1.4107,1.8911,1.4087,0.2195,GO_GOAL
33.238,2.1749,0.9433,0.4947,1.8971,1.4127,1.8911,1.4087,0.2208,GO_GOAL
33.258,2.1781,0.945,0.4947,1.9001,1.4146,1.8911,1.4087,0.2222,GO_GOAL
33.278,2.1813,0.9468,0.4947,1.9031,1.4166,1.8911,1.4087,0.2236,GO_GOAL
33.298,2.1844,0.9485,0.4947,1.9061,1.4186,1.8911,1.4087,0.2251,GO_GOAL
33.318,2.1876,0.9502,0.4947,1.9091,1.4206,1.9061,1.4186,0.2265,GO_GOAL
33.338,2.1908,0.9519,0.4947,1.9121,1.4226,1.9061,1.4186,0.228,GO_GOAL
33.358,2.1939,0.9536,0.4947,1.9151,1.4246,1.9061,1.4186,0.2295,GO_GOAL
33.378,2.1971,0.9553,0.4947,1.9181,1.4266,1.9061,1.4186,0.231,GO_GOAL
33.398,2.2003,0.957,0.4947,1.9211,1.4286,1.9061,1.4186,0.2325,GO_GOAL
33.418,2.2034,0.9587,0.4947,1.9241,1.4306,1.9211,1.4286,0.2341,GO_GOAL
33.438,2.2066,0.9604,0.4947,1.9271,1.4325,1.9211,1.4286,0.2357,GO_GOAL
33.458,2.2098,0.9621,0.4947,1.9301,1.4345,1.9211,1.4286,0.2373,GO_GOAL
33.478,2.2129,0.9638,0.4947,1.9331,1.4365,1.9211,1.4286,0.2389,GO_GOAL
33.498,2.2161,0.9656,0.4947,1.9391,1.4405,1.9211,1.4286,0.2405,GO_GOAL
33.518,2.2193,0.9673,0.4947,1.9391,1.4405,1.9391,1.4405,0.2421,GO_GOAL
33.538,2.2224,0.969,0.4947,1.9421,1.4425,1.9391,1.4405,0.2438,GO_GOAL
33.558,2.2256,0.9707,0.4947,1.9451,1.4445,1.9391,1.4405,0.2455,GO_GOAL
33.578,2.2288,0.9724,0.4947,1.9481,1.4465,1.9391,1.4405,0.2472,GO_GOAL
33.598,2.2319,0.9741,0.4947,1.9511,1.4484,1.9391,1.4405,0.2489,GO_GOAL
33.618,2.2351,0.9758,0.4947,1.9541,1.4504,1.9511,1.4484,0.2507,GO_GOAL
33.638,2.2383,0.9775,0.4947,1.9571,1.4524,1.9511,1.4484,0.2524,GO_GOAL
33.658,2.2415,0.9792,0.4947,1.9601,1.4544,1.9511,1.4484,0.2542,GO_GOAL
33.678,2.2446,0.9809,0.4947,1.9631,1.4564,1.9511,1.4484,0.256,GO_GOAL
33.698,2.2478,0.9827,0.4947,1.9661,1.4584,1.9511,1.4484,0.2578,GO_GOAL
33.718,2.251,0.9844,0.4947,1.9691,1.4604,1.9661,1.4584,0.2596,GO_GOAL
33.738,2.2541,0.9861,0.4947,1.9721,1.4624,1.9661,1.4584,0.2615,GO_GOAL
33.758,2.2573,0.9878,0.4947,1.9751,1.4644,1.9661,1.4584,0.2633,GO_GOAL
33.778,2.2605,0.9895,0.4947,1.9781,1.4663,1.9661,1.4584,0.2652,GO_GOAL
33.798,2.2636,0.9912,0.4947,1.9811,1.4683,1.9661,1.4584,0.2671,GO_GOAL
33.818,2.2668,0.9929,0.4947,1.9841,1.4703,1.9811,1.4683,0.269,GO_GOAL
33.838,2.27,0.9946,0.4947,1.9871,1.4723,1.9811,1.4683,0.2709,GO_GOAL
33.858,2.2731,0.9963,0.4947,1.9901,1.4743,1.9811,1.4683,0.2729,GO_GOAL
33.878,2.2763,0.998,0.4947,1.9931,1.4763,1.9811,1.4683,0.2748,GO_GOAL
33.898,2.2795,0.9997,0.4947,1.9961,1.4783,1.9811,1.4683,0.2768,GO_GOAL
33.918,2.2826,1.0015,0.4947,1.9991,1.4803,1.9961,1.4783,0.2788,GO_GOAL
33.938,2.2858,1.0032,0.4947,2.0021,1.4822,1.9961,1.4783,0.2808,GO_GOAL
33.958,2.289,1.0049,0.4947,2.0081,1.4862,1.9961,1.4783,0.2828,GO_GOAL
33.978,2.2921,1.0066,0.4947,2.0112,1.4882,1.9961,1.4783,0.2848,GO_GOAL
33.998,2.2953,1.0083,0.4947,2.0112,1.4882,1.9961,1.4783,0.2869,GO_GOAL
34.018,2.2985,1.01,0.4947,2.0142,1.4902,2.0112,1.4882,0.2889,GO_GOAL
34.038,2.3017,1.0117,0.4947,2.0172,1.4922,2.0112,1.4882,0.291,GO_GOAL
34.058,2.3048,1.0134,0.4947,2.0202,1.4942,2.0112,1.4882,0.2931,GO_GOAL
34.078,2.308,1.0151,0.4947,2.0232,1.4962,2.0112,1.4882,0.2952,GO_GOAL
34.098,2.3112,1.0168,0.4947,2.0262,1.4982,2.0112,1.4882,0.2973,GO_GOAL
34.118,2.3143,1.0185,0.4947,2.0292,1.5001,2.0262,1.4982,0.2995,GO_GOAL
34.138,2.3175,1.0203,0.4947,2.0322,1.5021,2.0262,1.4982,0.3016,GO_GOAL
34.158,2.3207,1.022,0.4947,2.0352,1.5041,2.0262,1.4982,0.3038,GO_GOAL
34.178,2.3238,1.0237,0.4947,2.0382,1.5061,2.0262,1.4982,0.306,GO_GOAL
34.198,2.327,1.0254,0.4947,2.0412,1.5081,2.0262,1.4982,0.3081,GO_GOAL
34.218,2.3302,1.0271,0.4947,2.0442,1.5101,2.0412,1.5081,0.3103,GO_GOAL
34.238,2.3333,1.0288,0.4947,2.0472,1.5121,2.0412,1.5081,0.3126,GO_GOAL
34.258,2.3365,1.0305,0.4947,2.0502,1.5141,2.0412,1.5081,0.3148,GO_GOAL
34.278,2.3397,1.0322,0.4947,2.0532,1.516,2.0412,1.5081,0.317,GO_GOAL
34.298,2.3428,1.0339,0.4947,2.0562,1.518,2.0412,1.5081,0.3193,GO_GOAL
34.318,2.3461,1.0357,0.4945,2.0592,1.52,2.0592,1.52,0.3216,GO_GOAL
34.338,2.3495,1.0375,0.4938,2.0622,1.522,2.0592,1.52,0.3241,GO_GOAL
34.358,2.3528,1.0393,0.4926,2.0651,1.524,2.0592,1.52,0.3265,GO_GOAL
34.378,2.3561,1.0411,0.4911,2.0681,1.5259,2.0592,1.52,0.3289,GO_GOAL
34.398,2.3594,1.0428,0.489,2.0711,1.5278,2.0592,1.52,0.3313,GO_GOAL
34.418,2.3626,1.0445,0.4865,2.0741,1.5298,2.0711,1.5278,0.3337,GO_GOAL
34.438,2.3658,1.0462,0.4836,2.0772,1.5317,2.0711,1.5278,0.3362,GO_GOAL
34.458,2.369,1.0479,0.4802,2.0802,1.5336,2.0711,1.5278,0.3386,GO_GOAL
34.478,2.3722,1.0496,0.4767,2.0832,1.5355,2.0711,1.5278,0.341,GO_GOAL
34.498,2.3754,1.0512,0.4732,2.0862,1.5374,2.0711,1.5278,0.3434,GO_GOAL
34.518,2.3785,1.0528,0.4699,2.0893,1.5392,2.0862,1.5374,0.3457,GO_GOAL
34.538,2.3816,1.0543,0.4671,2.0954,1.543,2.0862,1.5374,0.3479,GO_GOAL
34.558,2.3846,1.0559,0.4648,2.0954,1.543,2.0862,1.5374,0.3502,GO_GOAL
34.578,2.3877,1.0574,0.4628,2.0985,1.5449,2.0862,1.5374,0.3525,GO_GOAL
34.598,2.3909,1.059,0.4614,2.1016,1.5468,2.0862,1.5374,0.3548,GO_GOAL
34.618,2.394,1.0605,0.4604,2.1046,1.5487,2.1016,1.5468,0.3571,GO_GOAL
34.638,2.3972,1.0621,0.4598,2.1077,1.5505,2.1016,1.5468,0.3595,GO_GOAL
34.658,2.4004,1.0637,0.4597,2.1108,1.5524,2.1016,1.5468,0.3618,GO_GOAL
34.678,2.4036,1.0653,0.4597,2.1138,1.5543,2.1016,1.5468,0.3642,GO_GOAL
34.698,2.4069,1.0669,0.4597,2.1169,1.5562,2.1016,1.5468,0.3666,GO_GOAL
34.718,2.4101,1.0685,0.4597,2.12,1.5581,2.1169,1.5562,0.369,GO_GOAL
34.738,2.4133,1.0701,0.4597,2.123,1.5599,2.1169,1.5562,0.3714,GO_GOAL
34.758,2.4166,1.0717,0.4597,2.1261,1.5618,2.1169,1.5562,0.3738,GO_GOAL
34.778,2.4198,1.0733,0.4597,2.1292,1.5637,2.1169,1.5562,0.3762,GO_GOAL
34.798,2.423,1.0749,0.4597,2.1353,1.5675,2.1169,1.5562,0.3787,GO_GOAL
34.816,2.4262,1.0765,0.4597,2.1353,1.5675,2.1322,1.5656,0.3811,GO_GOAL
34.836,2.4295,1.0781,0.4597,2.1384,1.5694,2.1322,1.5656,0.3836,GO_GOAL
34.858,2.4327,1.0797,0.4597,2.1415,1.5712,2.1322,1.5656,0.386,GO_GOAL
34.878,2.4359,1.0813,0.4597,2.1445,1.5731,2.1322,1.5656,0.3885,GO_GOAL
34.898,2.4391,1.0829,0.4597,2.1476,1.575,2.1476,1.575,0.391,GO_GOAL
34.918,2.4424,1.0845,0.4597,2.1537,1.5788,2.1476,1.575,0.3935,GO_GOAL
34.938,2.4456,1.0861,0.4597,2.1568,1.5807,2.1476,1.575,0.396,GO_GOAL
34.958,2.4488,1.0877,0.4597,2.1568,1.5807,2.1476,1.575,0.3985,GO_GOAL
34.978,2.452,1.0893,0.4597,2.1599,1.5825,2.1476,1.575,0.4011,GO_GOAL
34.998,2.4553,1.0909,0.4597,2.166,1.5863,2.1476,1.575,0.4036,GO_GOAL
35.018,2.4585,1.0925,0.4597,2.166,1.5863,2.166,1.5863,0.4061,GO_GOAL
35.038,2.4617,1.094,0.4597,2.1691,1.5882,2.166,1.5863,0.4087,GO_GOAL
35.058,2.4649,1.0956,0.4597,2.1721,1.5901,2.166,1.5863,0.4112,GO_GOAL
35.078,2.4682,1.0972,0.4597,2.1752,1.5919,2.166,1.5863,0.4138,GO_GOAL
35.098,2.4714,1.0988,0.4597,2.1783,1.5938,2.166,1.5863,0.4164,GO_GOAL
35.118,2.4746,1.1004,0.4597,2.1813,1.5957,2.1783,1.5938,0.419,GO_GOAL
35.138,2.4779,1.102,0.4597,2.1844,1.5976,2.1783,1.5938,0.4216,GO_GOAL
35.158,2.4811,1.1036,0.4597,2.1875,1.5995,2.1783,1.5938,0.4242,GO_GOAL
35.178,2.4843,1.1052,0.4597,2.1906,1.6014,2.1783,1.5938,0.4268,GO_GOAL
35.198,2.4875,1.1068,0.4597,2.1936,1.6032,2.1783,1.5938,0.4294,GO_GOAL
35.218,2.4908,1.1084,0.4597,2.1967,1.6051,2.1936,1.6032,0.432,GO_GOAL
35.238,2.494,1.11,0.4597,2.1998,1.607,2.1936,1.6032,0.4347,GO_GOAL
35.258,2.4972,1.1116,0.4597,2.2028,1.6089,2.1936,1.6032,0.4373,GO_GOAL
35.278,2.5004,1.1132,0.4597,2.2059,1.6108,2.1936,1.6032,0.44,GO_GOAL
35.298,2.5037,1.1148,0.4597,2.209,1.6127,2.1936,1.6032,0.4426,GO_GOAL
35.318,2.5069,1.1164,0.4597,2.212,1.6145,2.209,1.6127,0.4453,GO_GOAL
35.338,2.5101,1.118,0.4597,2.2151,1.6164,2.209,1.6127,0.448,GO_GOAL
35.358,2.5133,1.1196,0.4597,2.2182,1.6183,2.209,1.6127,0.4507,GO_GOAL
35.378,2.5166,1.1212,0.4597,2.2212,1.6202,2.209,1.6127,0.4534,GO_GOAL
35.398,2.5198,1.1228,0.4597,2.2243,1.6221,2.209,1.6127,0.4561,GO_GOAL
35.418,2.523,1.1244,0.4597,2.2274,1.6239,2.2243,1.6221,0.4588,GO_GOAL
35.438,2.5262,1.126,0.4597,2.2304,1.6258,2.2243,1.6221,0.4615,GO_GOAL
35.458,2.5295,1.1276,0.4597,2.2335,1.6277,2.2243,1.6221,0.4642,GO_GOAL
35.478,2.5327,1.1292,0.4597,2.2366,1.6296,2.2243,1.6221,0.4669,GO_GOAL
35.498,2.5359,1.1308,0.4597,2.2397,1.6315,2.2243,1.6221,0.4697,GO_GOAL
35.518,2.5392,1.1324,0.4597,2.2427,1.6334,2.2397,1.6315,0.4724,GO_GOAL
35.538,2.5424,1.134,0.4597,2.2458,1.6352,2.2397,1.6315,0.4752,GO_GOAL
35.558,2.5456,1.1356,0.4597,2.2489,1.6371,2.2397,1.6315,0.4779,GO_GOAL
35.578,2.5488,1.1372,0.4597,2.2519,1.639,2.2397,1.6315,0.4807,GO_GOAL
35.598,2.5521,1.1388,0.4597,2.255,1.6409,2.2397,1.6315,0.4835,GO_GOAL
35.618,2.5553,1.1404,0.4597,2.2581,1.6428,2.255,1.6409,0.4862,GO_GOAL
35.638,2.5585,1.142,0.4597,2.2642,1.6465,2.255,1.6409,0.489,GO_GOAL
35.658,2.5617,1.1436,0.4597,2.2642,1.6465,2.255,1.6409,0.4918,GO_GOAL
35.678,2.565,1.1452,0.4597,2.2673,1.6484,2.255,1.6409,0.4946,GO_GOAL
35.698,2.5682,1.1468,0.4597,2.2703,1.6503,2.255,1.6409,0.4974,GO_GOAL
35.718,2.5714,1.1484,0.4597,2.2734,1.6522,2.2703,1.6503,0.5002,GO_GOAL
35.738,2.5746,1.1499,0.4597,2.2765,1.6541,2.2703,1.6503,0.503,GO_GOAL
35.758,2.5779,1.1515,0.4597,2.2795,1.6559,2.2703,1.6503,0.5059,GO_GOAL
35.778,2.5811,1.1531,0.4597,2.2826,1.6578,2.2703,1.6503,0.5087,GO_GOAL
35.798,2.5843,1.1547,0.4597,2.2857,1.6597,2.2703,1.6503,0.5115,GO_GOAL
35.818,2.5875,1.1563,0.4597,2.2887,1.6616,2.2857,1.6597,0.5144,GO_GOAL
35.838,2.5908,1.1579,0.4597,2.2918,1.6635,2.2857,1.6597,0.5172,GO_GOAL
35.858,2.594,1.1595,0.4597,2.2949,1.6654,2.2857,1.6597,0.5201,GO_GOAL
35.878,2.5972,1.1611,0.4597,2.298,1.6672,2.2857,1.6597,0.5229,GO_GOAL
35.898,2.6005,1.1627,0.4597,2.301,1.6691,2.2857,1.6597,0.5258,GO_GOAL
35.918,2.6037,1.1643,0.4597,2.3041,1.671,2.301,1.6691,0.5286,GO_GOAL
35.938,2.6069,1.1659,0.4597,2.3072,1.6729,2.301,1.6691,0.5315,GO_GOAL
35.958,2.6101,1.1675,0.4597,2.3133,1.6767,2.301,1.6691,0.5344,GO_GOAL
35.978,2.6134,1.1691,0.4597,2.3133,1.6767,2.301,1.6691,0.5373,GO_GOAL
35.998,2.6166,1.1707,0.4597,2.3164,1.6785,2.301,1.6691,0.5402,GO_GOAL
36.018,2.6198,1.1723,0.4597,2.3194,1.6804,2.3164,1.6785,0.5431,GO_GOAL
36.038,2.623,1.1739,0.4597,2.3225,1.6823,2.3164,1.6785,0.546,GO_GOAL
36.058,2.6263,1.1755,0.4597,2.3256,1.6842,2.3164,1.6785,0.5489,GO_GOAL
36.078,2.6295,1.1771,0.4597,2.3317,1.6879,2.3164,1.6785,0.5518,GO_GOAL
36.098,2.6327,1.1787,0.4597,2.3317,1.6879,2.3164,1.6785,0.5547,GO_GOAL
36.118,2.6359,1.1803,0.4597,2.3348,1.6898,2.3317,1.6879,0.5576,GO_GOAL
36.138,2.6392,1.1819,0.4597,2.3378,1.6917,2.3317,1.6879,0.5606,GO_GOAL
36.158,2.6424,1.1835,0.4597,2.3409,1.6936,2.3317,1.6879,0.5635,GO_GOAL
36.178,2.6456,1.1851,0.4597,2.344,1.6955,2.3317,1.6879,0.5664,GO_GOAL
36.198,2.6488,1.1867,0.4597,2.3471,1.6974,2.3317,1.6879,0.5694,GO_GOAL
36.218,2.6521,1.1883,0.4597,2.3501,1.6992,2.3471,1.6974,0.5723,GO_GOAL
36.238,2.6553,1.1899,0.4597,2.3532,1.7011,2.3471,1.6974,0.5753,GO_GOAL
36.258,2.6585,1.1915,0.4597,2.3563,1.703,2.3471,1.6974,0.5782,GO_GOAL
36.278,2.6618,1.1931,0.4597,2.3593,1.7049,2.3471,1.6974,0.5812,GO_GOAL
36.298,2.665,1.1947,0.4597,2.3624,1.7068,2.3471,1.6974,0.5841,GO_GOAL
36.318,2.6682,1.1963,0.4597,2.3685,1.7105,2.3624,1.7068,0.5871,GO_GOAL
36.338,2.6714,1.1979,0.4597,2.3716,1.7124,2.3624,1.7068,0.5901,GO_GOAL
36.358,2.6747,1.1995,0.4597,2.3716,1.7124,2.3624,1.7068,0.5931,GO_GOAL
36.378,2.6779,1.2011,0.4597,2.3747,1.7143,2.3624,1.7068,0.5961,GO_GOAL
36.398,2.6811,1.2027,0.4597,2.3777,1.7162,2.3624,1.7068,0.599,GO_GOAL
36.418,2.6843,1.2043,0.4597,2.3808,1.7181,2.3777,1.7162,0.602,GO_GOAL
36.438,2.6876,1.2059,0.4597,2.3839,1.7199,2.3777,1.7162,0.605,GO_GOAL
36.458,2.6908,1.2074,0.4597,2.3869,1.7218,2.3777,1.7162,0.608,GO_GOAL
36.478,2.694,1.209,0.4597,2.39,1.7237,2.3777,1.7162,0.611,GO_GOAL
36.498,2.6972,1.2106,0.4597,2.3931,1.7256,2.3777,1.7162,0.6141,GO_GOAL
36.518,2.7005,1.2122,0.4597,2.3962,1.7275,2.3931,1.7256,0.6171,GO_GOAL
36.538,2.7037,1.2138,0.4597,2.3992,1.7294,2.3931,1.7256,0.6201,GO_GOAL
36.558,2.7069,1.2154,0.4597,2.4023,1.7312,2.3931,1.7256,0.6231,GO_GOAL
36.578,2.7101,1.217,0.4597,2.4054,1.7331,2.3931,1.7256,0.6261,GO_GOAL
36.598,2.7134,1.2186,0.4597,2.4084,1.735,2.3931,1.7256,0.6292,GO_GOAL
36.618,2.7166,1.2202,0.4597,2.4115,1.7369,2.4084,1.735,0.6322,GO_GOAL
36.638,2.7198,1.2218,0.4597,2.4146,1.7388,2.4084,1.735,0.6352,GO_GOAL
36.658,2.7231,1.2234,0.4597,2.4176,1.7406,2.4084,1.735,0.6383,GO_GOAL
36.678,2.7263,1.225,0.4597,2.4207,1.7425,2.4084,1.735,0.6413,GO_GOAL
36.698,2.7295,1.2266,0.4597,2.4238,1.7444,2.4084,1.735,0.6444,GO_GOAL
36.718,2.7327,1.2282,0.4597,2.4268,1.7463,2.4238,1.7444,0.6474,GO_GOAL
36.738,2.736,1.2298,0.4597,2.4299,1.7482,2.4238,1.7444,0.6505,GO_GOAL
36.758,2.7392,1.2314,0.4597,2.433,1.7501,2.4238,1.7444,0.6536,GO_GOAL
36.778,2.7424,1.233,0.4597,2.436,1.7519,2.4238,1.7444,0.6566,GO_GOAL
36.798,2.7456,1.2346,0.4597,2.4391,1.7538,2.4238,1.7444,0.6597,GO_GOAL
36.818,2.7489,1.2362,0.4597,2.4422,1.7557,2.4422,1.7557,0.6628,GO_GOAL
36.838,2.7521,1.2378,0.4597,2.4453,1.7576,2.4422,1.7557,0.6658,GO_GOAL
36.858,2.7553,1.2394,0.4597,2.4483,1.7595,2.4422,1.7557,0.6634,GO_GOAL
36.878,2.7585,1.241,0.4597,2.4514,1.7614,2.4422,1.7557,0.6601,GO_GOAL
36.898,2.7618,1.2426,0.4597,2.4545,1.7632,2.4422,1.7557,0.6569,GO_GOAL
36.918,2.765,1.2442,0.4597,2.4575,1.7651,2.4545,1.7632,0.6537,GO_GOAL
36.938,2.7682,1.2458,0.4597,2.4637,1.7689,2.4545,1.7632,0.6505,GO_GOAL
36.958,2.7714,1.2474,0.4597,2.4637,1.7689,2.4545,1.7632,0.6472,GO_GOAL
36.978,2.7747,1.249,0.4597,2.4667,1.7708,2.4545,1.7632,0.644,GO_GOAL
36.998,2.7779,1.2506,0.4597,2.4698,1.7726,2.4545,1.7632,0.6408,GO_GOAL
37.018,2.7811,1.2522,0.4597,2.4729,1.7745,2.4698,1.7726,0.6376,GO_GOAL
37.038,2.7844,1.2538,0.4597,2.4759,1.7764,2.4698,1.7726,0.6343,GO_GOAL
37.058,2.7876,1.2554,0.4597,2.479,1.7783,2.4698,1.7726,0.6311,GO_GOAL
37.078,2.7908,1.257,0.4597,2.4821,1.7802,2.4698,1.7726,0.6279,GO_GOAL
37.098,2.794,1.2586,0.4597,2.4851,1.7821,2.4698,1.7726,0.6246,GO_GOAL
37.118,2.7974,1.2602,0.4594,2.4882,1.7839,2.4851,1.7821,0.6213,GO_GOAL
37.138,2.8008,1.2619,0.4588,2.4913,1.7858,2.4851,1.7821,0.6179,GO_GOAL
37.158,2.8042,1.2636,0.4576,2.4943,1.7877,2.4851,1.7821,0.6145,GO_GOAL
37.178,2.8075,1.2652,0.4561,2.4974,1.7895,2.4851,1.7821,0.6112,GO_GOAL
37.198,2.8109,1.2669,0.454,2.5035,1.7932,2.4851,1.7821,0.6079,GO_GOAL
37.218,2.8142,1.2685,0.4516,2.5035,1.7932,2.5004,1.7913,0.6046,GO_GOAL
37.238,2.8174,1.2701,0.4486,2.5066,1.795,2.5004,1.7913,0.6014,GO_GOAL
37.258,2.8207,1.2716,0.4453,2.5097,1.7968,2.5004,1.7913,0.5982,GO_GOAL
37.278,2.824,1.2732,0.4418,2.5128,1.7986,2.5004,1.7913,0.595,GO_GOAL
37.298,2.8272,1.2747,0.4383,2.5159,1.8003,2.5004,1.7913,0.5918,GO_GOAL
37.318,2.8304,1.2762,0.435,2.5221,1.8039,2.5159,1.8003,0.5887,GO_GOAL
37.338,2.8334,1.2776,0.4322,2.5221,1.8039,2.5159,1.8003,0.5856,GO_GOAL
37.358,2.8366,1.279,0.4299,2.5252,1.8056,2.5159,1.8003,0.5825,GO_GOAL
37.378,2.8397,1.2805,0.4279,2.5284,1.8074,2.5159,1.8003,0.5794,GO_GOAL
37.398,2.8429,1.2819,0.4264,2.5315,1.8092,2.5159,1.8003,0.5762,GO_GOAL
37.418,2.8461,1.2834,0.4254,2.5346,1.811,2.5315,1.8092,0.573,GO_GOAL
37.438,2.8493,1.2848,0.4248,2.5378,1.8127,2.5315,1.8092,0.5698,GO_GOAL
37.458,2.8526,1.2863,0.4246,2.5409,1.8145,2.5315,1.8092,0.5665,GO_GOAL
37.478,2.8559,1.2878,0.4246,2.544,1.8163,2.5315,1.8092,0.5633,GO_GOAL
37.498,2.8592,1.2893,0.4246,2.5472,1.8181,2.5315,1.8092,0.56,GO_GOAL
37.518,2.8625,1.2908,0.4246,2.5503,1.8198,2.5472,1.8181,0.5567,GO_GOAL
37.538,2.8657,1.2922,0.4246,2.5566,1.8234,2.5472,1.8181,0.5534,GO_GOAL
37.558,2.869,1.2937,0.4246,2.5566,1.8234,2.5472,1.8181,0.5501,GO_GOAL
37.578,2.8723,1.2952,0.4246,2.5597,1.8252,2.5472,1.8181,0.5469,GO_GOAL
37.598,2.8756,1.2967,0.4246,2.5628,1.8269,2.5628,1.8269,0.5436,GO_GOAL
37.618,2.8789,1.2982,0.4246,2.5691,1.8305,2.5628,1.8269,0.5403,GO_GOAL
37.638,2.8821,1.2997,0.4246,2.5691,1.8305,2.5628,1.8269,0.537,GO_GOAL
37.658,2.8854,1.3011,0.4246,2.5722,1.8323,2.5628,1.8269,0.5337,GO_GOAL
37.678,2.8887,1.3026,0.4246,2.5754,1.834,2.5628,1.8269,0.5305,GO_GOAL
37.698,2.892,1.3041,0.4246,2.5785,1.8358,2.5628,1.8269,0.5272,GO_GOAL
37.718,2.8953,1.3056,0.4246,2.5816,1.8376,2.5785,1.8358,0.5239,GO_GOAL
37.738,2.8985,1.3071,0.4246,2.5879,1.8411,2.5785,1.8358,0.5206,GO_GOAL
37.758,2.9018,1.3085,0.4246,2.5879,1.8411,2.5785,1.8358,0.5173,GO_GOAL
37.778,2.9051,1.31,0.4246,2.591,1.8429,2.5785,1.8358,0.5141,GO_GOAL
37.798,2.9084,1.3115,0.4246,2.5942,1.8447,2.5785,1.8358,0.5108,GO_GOAL
37.818,2.9115,1.3129,0.4246,2.5973,1.8465,2.5942,1.8447,0.5076,GO_GOAL
37.838,2.9146,1.3143,0.4246,2.6033,1.8498,2.5942,1.8447,0.5045,GO_GOAL
37.858,2.9177,1.3157,0.4246,2.6033,1.8498,2.5942,1.8447,0.5014,GO_GOAL
37.878,2.9208,1.3172,0.4246,2.6062,1.8515,2.5942,1.8447,0.4983,GO_GOAL
37.898,2.924,1.3186,0.4246,2.6092,1.8532,2.5942,1.8447,0.4952,GO_GOAL
37.918,2.9271,1.32,0.4246,2.6151,1.8566,2.6092,1.8532,0.4921,GO_GOAL
37.938,2.9302,1.3214,0.4246,2.6151,1.8566,2.6092,1.8532,0.489,GO_GOAL
37.958,2.9333,1.3228,0.4246,2.6181,1.8582,2.6092,1.8532,0.4859,GO_GOAL
37.978,2.9364,1.3242,0.4246,2.6211,1.8599,2.6092,1.8532,0.4828,GO_GOAL
37.998,2.9395,1.3256,0.4246,2.6241,1.8616,2.6092,1.8532,0.4796,GO_GOAL
38.018,2.9423,1.3269,0.4246,2.627,1.8633,2.6241,1.8616,0.4768,GO_GOAL
38.038,2.9451,1.3281,0.4246,2.6297,1.8648,2.6241,1.8616,0.4741,GO_GOAL
38.058,2.9478,1.3294,0.4246,2.6323,1.8663,2.6241,1.8616,0.4713,GO_GOAL
38.078,2.9506,1.3306,0.4246,2.635,1.8678,2.6241,1.8616,0.4686,GO_GOAL
38.098,2.9534,1.3319,0.4246,2.6376,1.8693,2.6241,1.8616,0.4658,GO_GOAL
38.118,2.9561,1.3331,0.4246,2.6402,1.8708,2.6376,1.8693,0.463,GO_GOAL
38.138,2.9589,1.3343,0.4246,2.6429,1.8723,2.6376,1.8693,0.4603,GO_GOAL
38.158,2.9617,1.3356,0.4246,2.6455,1.8738,2.6376,1.8693,0.4575,GO_GOAL
38.178,2.9644,1.3368,0.4246,2.6482,1.8753,2.6376,1.8693,0.4547,GO_GOAL
38.198,2.9672,1.3381,0.4246,2.6508,1.8768,2.6376,1.8693,0.452,GO_GOAL
38.218,2.9698,1.3393,0.4246,2.6534,1.8782,2.6508,1.8768,0.4493,GO_GOAL
38.238,2.9724,1.3405,0.4246,2.6559,1.8797,2.6508,1.8768,0.4467,GO_GOAL
38.258,2.975,1.3417,0.4246,2.6584,1.8811,2.6508,1.8768,0.4441,GO_GOAL
38.278,2.9777,1.3428,0.4246,2.6634,1.8839,2.6508,1.8768,0.4415,GO_GOAL
38.298,2.9803,1.344,0.4246,2.6634,1.8839,2.6508,1.8768,0.4389,GO_GOAL
38.318,2.9829,1.3452,0.4246,2.6659,1.8853,2.6634,1.8839,0.4363,GO_GOAL
38.338,2.9855,1.3464,0.4246,2.6684,1.8867,2.6634,1.8839,0.4336,GO_GOAL
38.358,2.9881,1.3476,0.4246,2.6709,1.8882,2.6634,1.8839,0.431,GO_GOAL
38.378,2.9907,1.3488,0.4246,2.6734,1.8896,2.6634,1.8839,0.4284,GO_GOAL
38.398,2.9934,1.3499,0.4246,2.6759,1.891,2.6634,1.8839,0.4258,GO_GOAL
38.418,2.9958,1.351,0.4246,2.6784,1.8924,2.6759,1.891,0.4234,GO_GOAL
38.438,2.9982,1.3521,0.4246,2.6808,1.8937,2.6759,1.891,0.421,GO_GOAL
38.458,3.0006,1.3532,0.4246,2.6831,1.895,2.6759,1.891,0.4186,GO_GOAL
38.478,3.003,1.3543,0.4246,2.6854,1.8963,2.6759,1.891,0.4161,GO_GOAL
38.498,3.0054,1.3554,0.4246,2.6877,1.8976,2.6759,1.891,0.4137,GO_GOAL
38.518,3.008,1.3565,0.4244,2.69,1.8989,2.6877,1.8976,0.4112,GO_GOAL
38.538,3.0106,1.3577,0.4237,2.6922,1.9002,2.6877,1.8976,0.4086,GO_GOAL
38.558,3.0131,1.3589,0.4226,2.6945,1.9015,2.6877,1.8976,0.4061,GO_GOAL
38.578,3.0157,1.36,0.4211,2.6968,1.9028,2.6877,1.8976,0.4035,GO_GOAL
38.598,3.0182,1.3611,0.4191,2.6991,1.904,2.6877,1.8976,0.401,GO_GOAL
38.618,3.0205,1.3622,0.4166,2.7014,1.9053,2.6991,1.904,0.3987,GO_GOAL
38.638,3.0228,1.3632,0.4138,2.7057,1.9076,2.6991,1.904,0.3965,GO_GOAL
38.658,3.0251,1.3642,0.4105,2.7057,1.9076,2.6991,1.904,0.3942,GO_GOAL
38.678,3.0274,1.3652,0.407,2.7079,1.9088,2.6991,1.904,0.392,GO_GOAL
38.698,3.0296,1.3662,0.4035,2.71,1.9099,2.6991,1.904,0.3898,GO_GOAL
38.718,3.0318,1.367,0.4002,2.7122,1.911,2.7122,1.911,0.3877,GO_GOAL
38.738,3.0339,1.3679,0.3974,2.7144,1.9122,2.7122,1.911,0.3856,GO_GOAL
38.758,3.036,1.3688,0.395,2.7187,1.9144,2.7122,1.911,0.3835,GO_GOAL
38.778,3.0381,1.3697,0.3931,2.7187,1.9144,2.7122,1.911,0.3814,GO_GOAL
38.798,3.0403,1.3706,0.3915,2.7209,1.9156,2.7122,1.911,0.3793,GO_GOAL
38.818,3.0413,1.3709,0.3904,2.7231,1.9167,2.7122,1.911,0.3783,GO_GOAL
38.838,3.0416,1.371,0.3897,2.7237,1.917,2.7122,1.911,0.378,GO_GOAL
38.858,3.0421,1.3712,0.3894,2.7241,1.9172,2.7209,1.9156,0.3775,REACHED
38.878,3.0425,1.3714,0.3894,2.7245,1.9174,2.7209,1.9156,0.3771,REACHED
