t,x,y,yaw,odom_x,odom_y,est_x,est_y,clearance,state
0.02,-2.8846,-2.0763,-0.273,-2.8818,-2.077,-2.882,-2.077,0.3224,GO_GOAL
0.04,-2.8847,-2.0763,-0.273,-2.8818,-2.077,-2.882,-2.077,0.3224,GO_GOAL
0.06,-2.8847,-2.0762,-0.273,-2.8813,-2.0772,-2.882,-2.077,0.3224,GO_GOAL
0.08,-2.8848,-2.0762,-0.273,-2.8803,-2.0774,-2.882,-2.077,0.3224,GO_GOAL
0.1,-2.8849,-2.0762,-0.273,-2.879,-2.0776,-2.882,-2.077,0.3224,GO_GOAL
0.118,-2.885,-2.0762,-0.273,-2.8775,-2.0778,-2.8776,-2.0782,0.3225,GO_GOAL
0.14,-2.8853,-2.076,-0.2727,-2.8745,-2.0781,-2.8776,-2.0782,0.3226,GO_GOAL
0.16,-2.886,-2.0758,-0.2719,-2.8745,-2.0781,-2.8776,-2.0782,0.3228,GO_GOAL
0.18,-2.8867,-2.0756,-0.2705,-2.8715,-2.0782,-2.8776,-2.0782,0.323,GO_GOAL
0.2,-2.8875,-2.0753,-0.2685,-2.8715,-2.0782,-2.8776,-2.0782,0.3231,GO_GOAL
0.22,-2.8882,-2.0752,-0.2661,-2.8701,-2.0782,-2.8718,-2.0798,0.3233,GO_GOAL
0.24,-2.8888,-2.075,-0.2631,-2.8686,-2.0781,-2.8718,-2.0798,0.3233,GO_GOAL
0.26,-2.8895,-2.0748,-0.2595,-2.8656,-2.0779,-2.8718,-2.0798,0.3234,GO_GOAL
0.28,-2.8901,-2.0746,-0.2555,-2.8656,-2.0779,-2.8718,-2.0798,0.3234,GO_GOAL
0.3,-2.8906,-2.0745,-0.2509,-2.8641,-2.0777,-2.8718,-2.0798,0.3234,GO_GOAL
0.32,-2.8912,-2.0744,-0.2458,-2.8612,-2.0772,-2.8647,-2.0818,0.3234,GO_GOAL
0.34,-2.8916,-2.0742,-0.2402,-2.8612,-2.0772,-2.8647,-2.0818,0.3234,GO_GOAL
0.36,-2.8921,-2.0741,-0.234,-2.8598,-2.0769,-2.8647,-2.0818,0.3233,GO_GOAL
0.38,-2.8925,-2.074,-0.2273,-2.8583,-2.0765,-2.8647,-2.0818,0.3232,GO_GOAL
0.4,-2.8929,-2.0739,-0.2202,-2.8569,-2.0761,-2.8647,-2.0818,0.323,GO_GOAL
0.42,-2.8933,-2.0739,-0.2125,-2.8555,-2.0756,-2.8574,-2.0835,0.3229,GO_GOAL
0.44,-2.8936,-2.0738,-0.2042,-2.8541,-2.0751,-2.8574,-2.0835,0.3227,GO_GOAL
0.46,-2.8939,-2.0737,-0.1955,-2.8527,-2.0746,-2.8574,-2.0835,0.3225,GO_GOAL
0.48,-2.8941,-2.0737,-0.1863,-2.8513,-2.074,-2.8574,-2.0835,0.3222,GO_GOAL
0.5,-2.8944,-2.0736,-0.1766,-2.8486,-2.0727,-2.8574,-2.0835,0.322,GO_GOAL
0.52,-2.8944,-2.0736,-0.1664,-2.8486,-2.0727,-2.8502,-2.085,0.3217,GO_GOAL
0.54,-2.8942,-2.0737,-0.1558,-2.8456,-2.0711,-2.8502,-2.085,0.3213,GO_GOAL
0.56,-2.8941,-2.0737,-0.1446,-2.8456,-2.0711,-2.8502,-2.085,0.3209,GO_GOAL
0.58,-2.8938,-2.0737,-0.133,-2.8441,-2.0701,-2.8502,-2.085,0.3205,GO_GOAL
0.6,-2.8936,-2.0737,-0.1209,-2.8425,-2.0691,-2.8502,-2.085,0.3201,GO_GOAL
0.62,-2.8933,-2.0738,-0.1084,-2.8411,-2.0681,-2.8417,-2.0864,0.3197,GO_GOAL
0.64,-2.893,-2.0738,-0.0954,-2.8396,-2.067,-2.8417,-2.0864,0.3192,GO_GOAL
0.66,-2.8927,-2.0738,-0.0819,-2.8382,-2.0659,-2.8417,-2.0864,0.3188,GO_GOAL
0.68,-2.8923,-2.0739,-0.068,-2.8368,-2.0648,-2.8417,-2.0864,0.3183,GO_GOAL
0.7,-2.8919,-2.0738,-0.0538,-2.8342,-2.0623,-2.831,-2.0873,0.3179,GO_GOAL
0.72,-2.8916,-2.0737,-0.0395,-2.8342,-2.0623,-2.831,-2.0873,0.3176,GO_GOAL
0.74,-2.8913,-2.0736,-0.0252,-2.8328,-2.0609,-2.831,-2.0873,0.3172,GO_GOAL
0.76,-2.891,-2.0735,-0.0109,-2.8313,-2.0594,-2.831,-2.0873,0.3169,GO_GOAL
0.78,-2.8907,-2.0733,0.0034,-2.8299,-2.0578,-2.831,-2.0873,0.3165,GO_GOAL
0.8,-2.8904,-2.0732,0.0177,-2.8286,-2.0562,-2.831,-2.0873,0.3162,GO_GOAL
0.82,-2.8901,-2.0731,0.032,-2.8273,-2.0545,-2.8226,-2.0875,0.3159,GO_GOAL
0.84,-2.8899,-2.073,0.0463,-2.8245,-2.0508,-2.8226,-2.0875,0.3155,GO_GOAL
0.86,-2.8891,-2.0729,0.0605,-2.8245,-2.0508,-2.8226,-2.0875,0.3152,GO_GOAL
0.88,-2.8869,-2.0727,0.0748,-2.8232,-2.0488,-2.8226,-2.0875,0.3149,GO_GOAL
0.9,-2.8838,-2.0725,0.0892,-2.8219,-2.0467,-2.8226,-2.0875,0.3147,GO_GOAL
0.92,-2.8818,-2.0723,0.1037,-2.8206,-2.0447,-2.811,-2.0869,0.3144,GO_GOAL
0.94,-2.8791,-2.072,0.1183,-2.8193,-2.0425,-2.811,-2.0869,0.3142,GO_GOAL
0.96,-2.8767,-2.0717,0.133,-2.818,-2.0401,-2.811,-2.0869,0.3141,GO_GOAL
0.98,-2.8741,-2.0713,0.1479,-2.8168,-2.0377,-2.811,-2.0869,0.314,GO_GOAL
1.0,-2.8716,-2.0709,0.1632,-2.8156,-2.0353,-2.811,-2.0869,0.3139,GO_GOAL
1.02,-2.869,-2.0705,0.179,-2.8144,-2.0328,-2.7981,-2.0854,0.3138,GO_GOAL
1.04,-2.8664,-2.07,0.1953,-2.8133,-2.0302,-2.7981,-2.0854,0.3138,GO_GOAL
1.06,-2.8637,-2.0694,0.2121,-2.8121,-2.0275,-2.7981,-2.0854,0.3138,GO_GOAL
1.08,-2.8609,-2.0688,0.2294,-2.811,-2.0248,-2.7981,-2.0854,0.3139,GO_GOAL
1.1,-2.8582,-2.0682,0.2468,-2.8099,-2.022,-2.7981,-2.0854,0.314,GO_GOAL
1.12,-2.8555,-2.0675,0.2643,-2.8089,-2.0192,-2.7839,-2.0826,0.3142,GO_GOAL
1.14,-2.8528,-2.0667,0.2817,-2.807,-2.0136,-2.7839,-2.0826,0.3144,GO_GOAL
1.16,-2.8501,-2.0659,0.2992,-2.807,-2.0136,-2.7839,-2.0826,0.3147,GO_GOAL
1.18,-2.8475,-2.0651,0.3166,-2.8054,-2.0079,-2.7839,-2.0826,0.315,GO_GOAL
1.2,-2.8448,-2.0642,0.3341,-2.8054,-2.0079,-2.7839,-2.0826,0.3153,GO_GOAL
1.22,-2.8419,-2.0631,0.3513,-2.8046,-2.0051,-2.7697,-2.0785,0.3159,GO_GOAL
1.24,-2.8389,-2.062,0.3679,-2.8038,-2.0021,-2.7697,-2.0785,0.3165,GO_GOAL
1.26,-2.8359,-2.0608,0.384,-2.8031,-1.999,-2.7697,-2.0785,0.3172,GO_GOAL
1.28,-2.833,-2.0596,0.3995,-2.8024,-1.9959,-2.7697,-2.0785,0.318,GO_GOAL
1.3,-2.8302,-2.0584,0.4145,-2.8018,-1.9928,-2.7697,-2.0785,0.3187,GO_GOAL
1.32,-2.8271,-2.057,0.429,-2.8006,-1.9864,-2.7551,-2.073,0.3197,GO_GOAL
1.34,-2.824,-2.0556,0.4429,-2.8006,-1.9864,-2.7551,-2.073,0.3207,GO_GOAL
1.36,-2.8212,-2.0542,0.4564,-2.8,-1.9831,-2.7551,-2.073,0.3217,GO_GOAL
1.38,-2.8184,-2.0529,0.4699,-2.7995,-1.9798,-2.7551,-2.073,0.3226,GO_GOAL
1.4,-2.8157,-2.0516,0.4834,-2.799,-1.9764,-2.7551,-2.073,0.3235,GO_GOAL
1.42,-2.813,-2.0503,0.4969,-2.7981,-1.9697,-2.7402,-2.0659,0.3244,GO_GOAL
1.44,-2.8103,-2.049,0.5105,-2.7981,-1.9697,-2.7402,-2.0659,0.3254,GO_GOAL
1.46,-2.8076,-2.0477,0.524,-2.7973,-1.9627,-2.7402,-2.0659,0.3263,GO_GOAL
1.48,-2.8049,-2.0464,0.5375,-2.7973,-1.9627,-2.7402,-2.0659,0.3272,GO_GOAL
1.5,-2.8018,-2.0446,0.5509,-2.7969,-1.9593,-2.7402,-2.0659,0.3286,GO_GOAL
1.52,-2.7994,-2.0431,0.5642,-2.7966,-1.9558,-2.7251,-2.0575,0.3298,GO_GOAL
1.54,-2.7961,-2.0411,0.5772,-2.7962,-1.9522,-2.7251,-2.0575,0.3315,GO_GOAL
1.56,-2.7929,-2.0391,0.5896,-2.7959,-1.9487,-2.7251,-2.0575,0.3331,GO_GOAL
1.58,-2.7895,-2.0369,0.6015,-2.7956,-1.9451,-2.7251,-2.0575,0.335,GO_GOAL
1.6,-2.7861,-2.0345,0.6126,-2.7953,-1.9416,-2.7251,-2.0575,0.3371,GO_GOAL
1.62,-2.7827,-2.0321,0.6232,-2.7948,-1.9344,-2.7102,-2.0478,0.3392,GO_GOAL
1.64,-2.7792,-2.0296,0.6332,-2.7948,-1.9344,-2.7102,-2.0478,0.3415,GO_GOAL
1.66,-2.7757,-2.027,0.6425,-2.7945,-1.9308,-2.7102,-2.0478,0.3438,GO_GOAL
1.68,-2.7724,-2.0245,0.6513,-2.7942,-1.9272,-2.7102,-2.0478,0.3461,GO_GOAL
1.7,-2.7691,-2.0219,0.6594,-2.7939,-1.9237,-2.7102,-2.0478,0.3485,GO_GOAL
1.72,-2.7658,-2.0194,0.6669,-2.7936,-1.9201,-2.6957,-2.0372,0.3508,GO_GOAL
1.74,-2.7626,-2.0168,0.6739,-2.7934,-1.9165,-2.6957,-2.0372,0.3532,GO_GOAL
1.76,-2.7594,-2.0143,0.6802,-2.7931,-1.9129,-2.6957,-2.0372,0.3556,GO_GOAL
1.78,-2.7563,-2.0118,0.686,-2.7928,-1.9093,-2.6957,-2.0372,0.358,GO_GOAL
1.8,-2.7533,-2.0093,0.6911,-2.7925,-1.9057,-2.6957,-2.0372,0.3604,GO_GOAL
1.82,-2.7503,-2.0068,0.6956,-2.7923,-1.9021,-2.6816,-2.026,0.3627,GO_GOAL
1.84,-2.7473,-2.0043,0.6996,-2.792,-1.8985,-2.6816,-2.026,0.3651,GO_GOAL
1.86,-2.7444,-2.0018,0.7029,-2.7914,-1.8914,-2.6816,-2.026,0.3675,GO_GOAL
1.88,-2.7415,-1.9993,0.7057,-2.7914,-1.8914,-2.6816,-2.026,0.3699,GO_GOAL
1.9,-2.7386,-1.9969,0.7078,-2.7911,-1.8878,-2.6816,-2.026,0.3723,GO_GOAL
1.918,-2.7357,-1.9944,0.7093,-2.7909,-1.8842,-2.6678,-2.0144,0.3748,GO_GOAL
1.94,-2.7327,-1.9919,0.7102,-2.7903,-1.877,-2.6678,-2.0144,0.3773,GO_GOAL
1.96,-2.7298,-1.9896,0.7109,-2.7903,-1.877,-2.6678,-2.0144,0.3795,GO_GOAL
1.98,-2.7268,-1.9873,0.7117,-2.79,-1.8735,-2.6678,-2.0144,0.3818,GO_GOAL
2.0,-2.7238,-1.985,0.7124,-2.7897,-1.8699,-2.6678,-2.0144,0.3841,GO_GOAL
2.02,-2.7209,-1.9828,0.7131,-2.789,-1.8628,-2.6542,-2.0027,0.3863,GO_GOAL
2.04,-2.7179,-1.9805,0.7138,-2.789,-1.8628,-2.6542,-2.0027,0.3886,GO_GOAL
2.06,-2.715,-1.9782,0.7145,-2.7887,-1.8593,-2.6542,-2.0027,0.3908,GO_GOAL
2.08,-2.7122,-1.9759,0.7152,-2.7883,-1.8557,-2.6542,-2.0027,0.3931,GO_GOAL
2.1,-2.7095,-1.9735,0.7157,-2.7879,-1.8522,-2.6542,-2.0027,0.3955,GO_GOAL
2.12,-2.7068,-1.9711,0.7157,-2.7875,-1.8486,-2.6407,-1.991,0.3979,GO_GOAL
2.14,-2.7039,-1.9686,0.7151,-2.7867,-1.8415,-2.6407,-1.991,0.4004,GO_GOAL
2.16,-2.7011,-1.9662,0.7139,-2.7867,-1.8415,-2.6407,-1.991,0.4029,GO_GOAL
2.18,-2.6983,-1.9637,0.7121,-2.7863,-1.838,-2.6407,-1.991,0.4054,GO_GOAL
2.2,-2.6955,-1.9613,0.7097,-2.7858,-1.8344,-2.6407,-1.991,0.4078,GO_GOAL
2.22,-2.6927,-1.959,0.7066,-2.7854,-1.8309,-2.6272,-1.9793,0.4103,GO_GOAL
2.24,-2.69,-1.9566,0.7032,-2.7844,-1.8238,-2.6272,-1.9793,0.4127,GO_GOAL
2.26,-2.6872,-1.9543,0.6997,-2.7844,-1.8238,-2.6272,-1.9793,0.4151,GO_GOAL
2.28,-2.6844,-1.952,0.6962,-2.7839,-1.8202,-2.6272,-1.9793,0.4175,GO_GOAL
2.3,-2.6817,-1.9497,0.6927,-2.7834,-1.8167,-2.6272,-1.9793,0.4199,GO_GOAL
2.32,-2.6789,-1.9474,0.6892,-2.7824,-1.8096,-2.6136,-1.9678,0.4223,GO_GOAL
2.34,-2.6761,-1.9451,0.6857,-2.7824,-1.8096,-2.6136,-1.9678,0.4246,GO_GOAL
2.36,-2.6733,-1.9428,0.6822,-2.7819,-1.8061,-2.6136,-1.9678,0.427,GO_GOAL
2.38,-2.6705,-1.9406,0.6787,-2.7813,-1.8026,-2.6136,-1.9678,0.4294,GO_GOAL
2.4,-2.6677,-1.9383,0.6753,-2.7807,-1.7991,-2.6136,-1.9678,0.4317,GO_GOAL
2.42,-2.6648,-1.936,0.6715,-2.7802,-1.7955,-2.6136,-1.9678,0.4341,GO_GOAL
2.44,-2.6619,-1.9337,0.6671,-2.7796,-1.7921,-2.6136,-1.9678,0.4365,GO_GOAL
2.46,-2.659,-1.9314,0.6621,-2.779,-1.7886,-2.5998,-1.9564,0.4389,AVOID
2.48,-2.6561,-1.9292,0.6565,-2.7784,-1.7852,-2.5998,-1.9564,0.4413,AVOID
2.5,-2.6532,-1.927,0.6504,-2.777,-1.7783,-2.5998,-1.9564,0.4436,AVOID
2.52,-2.6503,-1.9248,0.6443,-2.777,-1.7783,-2.5832,-1.9435,0.4459,AVOID
2.54,-2.6474,-1.9227,0.6381,-2.7756,-1.7715,-2.5832,-1.9435,0.4482,AVOID
2.56,-2.6446,-1.9206,0.6319,-2.7749,-1.7681,-2.5832,-1.9435,0.4505,AVOID
2.58,-2.6417,-1.9185,0.6258,-2.7749,-1.7681,-2.5832,-1.9435,0.4528,AVOID
2.6,-2.6388,-1.9163,0.6196,-2.7741,-1.7647,-2.5832,-1.9435,0.4551,AVOID
2.62,-2.6359,-1.9142,0.6135,-2.7733,-1.7613,-2.572,-1.9352,0.4573,GO_GOAL
2.64,-2.633,-1.9122,0.6077,-2.7725,-1.7578,-2.572,-1.9352,0.4595,GO_GOAL
2.66,-2.6301,-1.9102,0.6026,-2.7708,-1.7509,-2.572,-1.9352,0.4616,GO_GOAL
2.68,-2.6272,-1.9082,0.598,-2.7708,-1.7509,-2.572,-1.9352,0.4638,GO_GOAL
2.7,-2.6242,-1.9062,0.594,-2.7699,-1.7474,-2.572,-1.9352,0.4659,GO_GOAL
2.72,-2.6212,-1.9042,0.5905,-2.7681,-1.7405,-2.5574,-1.9251,0.468,AVOID
2.74,-2.6182,-1.9022,0.587,-2.7681,-1.7405,-2.5574,-1.9251,0.4701,AVOID
2.76,-2.6152,-1.9002,0.5835,-2.7672,-1.737,-2.5574,-1.9251,0.4722,AVOID
2.78,-2.6122,-1.8982,0.58,-2.7663,-1.7336,-2.5574,-1.9251,0.4742,AVOID
2.8,-2.6092,-1.8962,0.5765,-2.7654,-1.7301,-2.5574,-1.9251,0.4763,AVOID
2.82,-2.6062,-1.8943,0.5731,-2.7644,-1.7267,-2.5425,-1.9152,0.4784,AVOID
2.84,-2.6031,-1.8923,0.5696,-2.7635,-1.7233,-2.5425,-1.9152,0.4804,AVOID
2.86,-2.6001,-1.8904,0.5661,-2.7625,-1.7198,-2.5425,-1.9152,0.4824,AVOID
2.88,-2.5971,-1.8885,0.5626,-2.7615,-1.7164,-2.5425,-1.9152,0.4845,AVOID
2.9,-2.594,-1.8866,0.5591,-2.7605,-1.7129,-2.5425,-1.9152,0.4865,AVOID
2.92,-2.591,-1.8847,0.5556,-2.7595,-1.7095,-2.5275,-1.9055,0.4885,AVOID
2.94,-2.5879,-1.8828,0.5521,-2.7585,-1.7061,-2.5275,-1.9055,0.4904,AVOID
2.96,-2.5848,-1.8809,0.5486,-2.7565,-1.6993,-2.5275,-1.9055,0.4924,AVOID
2.98,-2.5818,-1.879,0.5451,-2.7565,-1.6993,-2.5275,-1.9055,0.4944,AVOID
3.0,-2.5787,-1.8772,0.5416,-2.7554,-1.6958,-2.5275,-1.9055,0.4963,AVOID
3.02,-2.5757,-1.8754,0.5384,-2.7544,-1.6924,-2.5123,-1.8962,0.4982,GO_GOAL
3.04,-2.5729,-1.8736,0.5354,-2.7533,-1.689,-2.5123,-1.8962,0.5001,GO_GOAL
3.06,-2.57,-1.8718,0.5324,-2.7522,-1.6856,-2.5123,-1.8962,0.5019,GO_GOAL
3.08,-2.5671,-1.87,0.5294,-2.7511,-1.6821,-2.5123,-1.8962,0.5038,GO_GOAL
3.1,-2.5643,-1.8682,0.5264,-2.75,-1.6787,-2.5123,-1.8962,0.5057,GO_GOAL
3.12,-2.5615,-1.8665,0.5234,-2.749,-1.6753,-2.4968,-1.887,0.5075,AVOID
3.14,-2.5584,-1.8647,0.5205,-2.7479,-1.6718,-2.4968,-1.887,0.5094,AVOID
3.16,-2.5553,-1.8629,0.5177,-2.7468,-1.6684,-2.4968,-1.887,0.5113,AVOID
3.18,-2.5523,-1.8611,0.5152,-2.7457,-1.6649,-2.4968,-1.887,0.5131,AVOID
3.2,-2.5492,-1.8594,0.5133,-2.7447,-1.6615,-2.4968,-1.887,0.5149,AVOID
3.22,-2.5462,-1.8577,0.5121,-2.7436,-1.6581,-2.4812,-1.8781,0.5166,AVOID
3.24,-2.5431,-1.856,0.5113,-2.7414,-1.6512,-2.4812,-1.8781,0.5184,AVOID
3.26,-2.5399,-1.8542,0.5112,-2.7414,-1.6512,-2.4812,-1.8781,0.5201,AVOID
3.28,-2.5368,-1.8524,0.5112,-2.7404,-1.6478,-2.4812,-1.8781,0.5219,AVOID
3.3,-2.5337,-1.8507,0.5112,-2.7393,-1.6443,-2.4812,-1.8781,0.5237,AVOID
3.32,-2.5305,-1.8489,0.5112,-2.7382,-1.6409,-2.4655,-1.8693,0.5254,AVOID
3.34,-2.5274,-1.8472,0.5112,-2.7371,-1.6375,-2.4655,-1.8693,0.5272,AVOID
3.36,-2.5242,-1.8454,0.5112,-2.736,-1.634,-2.4655,-1.8693,0.5289,AVOID
3.38,-2.5211,-1.8436,0.5112,-2.735,-1.6306,-2.4655,-1.8693,0.5307,AVOID
3.4,-2.518,-1.8419,0.5112,-2.7339,-1.6272,-2.4655,-1.8693,0.5325,AVOID
3.42,-2.5148,-1.8401,0.5112,-2.7328,-1.6237,-2.4498,-1.8605,0.5342,AVOID
3.44,-2.5117,-1.8384,0.5112,-2.7317,-1.6203,-2.4498,-1.8605,0.536,AVOID
3.46,-2.5086,-1.8366,0.5112,-2.7296,-1.6134,-2.4498,-1.8605,0.5377,AVOID
3.48,-2.5054,-1.8348,0.5112,-2.7296,-1.6134,-2.4498,-1.8605,0.5395,AVOID
3.5,-2.5023,-1.8331,0.5112,-2.7285,-1.61,-2.4498,-1.8605,0.5413,AVOID
3.518,-2.4992,-1.8313,0.5112,-2.7274,-1.6065,-2.4341,-1.8517,0.543,AVOID
3.54,-2.4961,-1.8295,0.5112,-2.7264,-1.6031,-2.4341,-1.8517,0.5448,AVOID
3.56,-2.4931,-1.8278,0.5112,-2.7253,-1.5997,-2.4341,-1.8517,0.5466,AVOID
3.58,-2.49,-1.826,0.5112,-2.7242,-1.5962,-2.4341,-1.8517,0.5483,AVOID
3.6,-2.487,-1.8242,0.5112,-2.7231,-1.5928,-2.4341,-1.8517,0.5501,AVOID
3.62,-2.4839,-1.8225,0.5112,-2.721,-1.5859,-2.4184,-1.8429,0.5519,AVOID
3.64,-2.4807,-1.8207,0.5112,-2.721,-1.5859,-2.4184,-1.8429,0.5536,AVOID
3.66,-2.4776,-1.8189,0.5112,-2.7188,-1.5791,-2.4184,-1.8429,0.5554,AVOID
3.68,-2.4744,-1.8172,0.5112,-2.7188,-1.5791,-2.4184,-1.8429,0.5572,AVOID
3.7,-2.4713,-1.8154,0.5112,-2.7177,-1.5756,-2.4184,-1.8429,0.5589,AVOID
3.72,-2.4681,-1.8137,0.5112,-2.7156,-1.5688,-2.4027,-1.8341,0.5607,AVOID
3.74,-2.465,-1.8119,0.5112,-2.7156,-1.5688,-2.4027,-1.8341,0.5625,AVOID
3.76,-2.4618,-1.8101,0.5112,-2.7145,-1.5653,-2.4027,-1.8341,0.5642,AVOID
3.78,-2.4587,-1.8084,0.5112,-2.7124,-1.5585,-2.4027,-1.8341,0.566,AVOID
3.8,-2.4556,-1.8066,0.5112,-2.7124,-1.5585,-2.4027,-1.8341,0.5677,AVOID
3.82,-2.4524,-1.8048,0.5112,-2.7113,-1.555,-2.387,-1.8253,0.5695,AVOID
3.84,-2.4493,-1.8031,0.5112,-2.7102,-1.5516,-2.387,-1.8253,0.5713,AVOID
3.86,-2.4462,-1.8013,0.5112,-2.7091,-1.5481,-2.387,-1.8253,0.573,AVOID
3.88,-2.443,-1.7996,0.5112,-2.7081,-1.5447,-2.387,-1.8253,0.5748,AVOID
3.9,-2.4399,-1.7978,0.5112,-2.707,-1.5413,-2.387,-1.8253,0.5765,AVOID
3.92,-2.4367,-1.7961,0.5112,-2.7048,-1.5344,-2.3713,-1.8165,0.5783,AVOID
3.94,-2.4336,-1.7943,0.5112,-2.7048,-1.5344,-2.3713,-1.8165,0.5801,AVOID
3.96,-2.4305,-1.7925,0.5112,-2.7037,-1.531,-2.3713,-1.8165,0.5818,AVOID
3.98,-2.4274,-1.7908,0.5112,-2.7027,-1.5275,-2.3713,-1.8165,0.5836,AVOID
4.0,-2.4242,-1.789,0.5112,-2.7016,-1.5241,-2.3713,-1.8165,0.5853,AVOID
4.02,-2.4211,-1.7873,0.5112,-2.6994,-1.5172,-2.3556,-1.8077,0.5871,AVOID
4.04,-2.418,-1.7855,0.5112,-2.6994,-1.5172,-2.3556,-1.8077,0.5888,AVOID
4.06,-2.415,-1.7838,0.5112,-2.6984,-1.5138,-2.3556,-1.8077,0.5905,AVOID
4.08,-2.4118,-1.782,0.5112,-2.6973,-1.5104,-2.3556,-1.8077,0.5923,AVOID
4.1,-2.4087,-1.7803,0.5112,-2.6962,-1.5069,-2.3556,-1.8077,0.5941,AVOID
4.12,-2.4055,-1.7785,0.5112,-2.6951,-1.5035,-2.3399,-1.7989,0.5948,AVOID
4.14,-2.4024,-1.7768,0.5112,-2.6941,-1.5001,-2.3399,-1.7989,0.5917,AVOID
4.16,-2.3993,-1.775,0.5112,-2.693,-1.4966,-2.3399,-1.7989,0.5887,AVOID
4.18,-2.3961,-1.7732,0.5112,-2.6919,-1.4932,-2.3399,-1.7989,0.5856,AVOID
4.2,-2.393,-1.7715,0.5112,-2.6908,-1.4897,-2.3399,-1.7989,0.5826,AVOID
4.22,-2.3898,-1.7697,0.5112,-2.6887,-1.4829,-2.3241,-1.7901,0.5795,AVOID
4.24,-2.3867,-1.7679,0.5112,-2.6887,-1.4829,-2.3241,-1.7901,0.5765,AVOID
4.26,-2.3835,-1.7662,0.5112,-2.6876,-1.4794,-2.3241,-1.7901,0.5735,AVOID
4.28,-2.3804,-1.7644,0.5112,-2.6865,-1.476,-2.3241,-1.7901,0.5705,AVOID
4.3,-2.3773,-1.7627,0.5112,-2.6854,-1.4726,-2.3241,-1.7901,0.5675,AVOID
4.32,-2.3741,-1.7609,0.5112,-2.6833,-1.4657,-2.3084,-1.7813,0.5645,AVOID
4.34,-2.371,-1.7591,0.5112,-2.6833,-1.4657,-2.3084,-1.7813,0.5615,AVOID
4.36,-2.3679,-1.7574,0.5112,-2.6822,-1.4623,-2.3084,-1.7813,0.5585,AVOID
4.38,-2.3647,-1.7556,0.5112,-2.6811,-1.4588,-2.3084,-1.7813,0.5555,AVOID
4.4,-2.3616,-1.7539,0.5112,-2.6801,-1.4554,-2.3084,-1.7813,0.5525,AVOID
4.42,-2.3585,-1.7521,0.5112,-2.679,-1.452,-2.2927,-1.7725,0.5495,AVOID
4.44,-2.3553,-1.7504,0.5112,-2.6779,-1.4485,-2.2927,-1.7725,0.5465,AVOID
4.46,-2.3522,-1.7486,0.5112,-2.6768,-1.4451,-2.2927,-1.7725,0.5436,AVOID
4.48,-2.3491,-1.7469,0.5112,-2.6758,-1.4417,-2.2927,-1.7725,0.5406,AVOID
4.5,-2.346,-1.7451,0.5112,-2.6747,-1.4382,-2.2927,-1.7725,0.5377,AVOID
4.52,-2.3429,-1.7434,0.5112,-2.6736,-1.4348,-2.277,-1.7637,0.5348,AVOID
4.54,-2.3398,-1.7416,0.5112,-2.6725,-1.4313,-2.277,-1.7637,0.5318,AVOID
4.56,-2.3366,-1.7399,0.5112,-2.6715,-1.4279,-2.277,-1.7637,0.5289,AVOID
4.58,-2.3335,-1.7381,0.5112,-2.6704,-1.4245,-2.277,-1.7637,0.5259,AVOID
4.6,-2.3303,-1.7363,0.5112,-2.6693,-1.421,-2.277,-1.7637,0.523,AVOID
4.62,-2.3272,-1.7346,0.5112,-2.6682,-1.4176,-2.2613,-1.7549,0.52,AVOID
4.64,-2.324,-1.7328,0.5112,-2.6671,-1.4142,-2.2613,-1.7549,0.5171,AVOID
4.66,-2.3209,-1.731,0.5112,-2.665,-1.4073,-2.2613,-1.7549,0.5142,AVOID
4.68,-2.3178,-1.7293,0.5112,-2.665,-1.4073,-2.2613,-1.7549,0.5112,AVOID
4.7,-2.3146,-1.7275,0.5112,-2.6639,-1.4039,-2.2613,-1.7549,0.5083,AVOID
4.72,-2.3115,-1.7258,0.5112,-2.6618,-1.397,-2.2456,-1.7461,0.5054,AVOID
4.74,-2.3084,-1.724,0.5112,-2.6618,-1.397,-2.2456,-1.7461,0.5025,AVOID
4.76,-2.3052,-1.7222,0.5112,-2.6607,-1.3936,-2.2456,-1.7461,0.4996,AVOID
4.78,-2.3021,-1.7205,0.5112,-2.6596,-1.3901,-2.2456,-1.7461,0.4967,AVOID
4.8,-2.2989,-1.7187,0.5112,-2.6585,-1.3867,-2.2456,-1.7461,0.4938,AVOID
4.82,-2.2958,-1.717,0.5112,-2.6575,-1.3833,-2.2299,-1.7373,0.491,AVOID
4.84,-2.2927,-1.7152,0.5112,-2.6564,-1.3798,-2.2299,-1.7373,0.4881,AVOID
4.86,-2.2896,-1.7135,0.5112,-2.6553,-1.3764,-2.2299,-1.7373,0.4852,AVOID
4.88,-2.2864,-1.7117,0.5112,-2.6542,-1.373,-2.2299,-1.7373,0.4824,AVOID
4.9,-2.2833,-1.71,0.5112,-2.6531,-1.3695,-2.2299,-1.7373,0.4795,AVOID
4.918,-2.2802,-1.7082,0.5112,-2.6521,-1.3661,-2.2111,-1.7267,0.4767,AVOID
4.94,-2.2771,-1.7065,0.5112,-2.651,-1.3626,-2.2111,-1.7267,0.4739,AVOID
4.96,-2.274,-1.7047,0.5112,-2.6499,-1.3592,-2.2111,-1.7267,0.4711,AVOID
4.98,-2.2708,-1.703,0.5112,-2.6488,-1.3558,-2.2111,-1.7267,0.4682,AVOID
5.0,-2.2677,-1.7012,0.5112,-2.6467,-1.3489,-2.2111,-1.7267,0.4654,AVOID
5.02,-2.2645,-1.6994,0.5112,-2.6467,-1.3489,-2.1985,-1.7197,0.4626,AVOID
5.04,-2.2614,-1.6977,0.5112,-2.6456,-1.3455,-2.1985,-1.7197,0.4598,AVOID
5.06,-2.2583,-1.6959,0.5112,-2.6445,-1.342,-2.1985,-1.7197,0.4569,AVOID
5.08,-2.2551,-1.6941,0.5112,-2.6435,-1.3386,-2.1985,-1.7197,0.4541,AVOID
5.1,-2.252,-1.6924,0.5112,-2.6424,-1.3352,-2.1985,-1.7197,0.4513,AVOID
5.12,-2.2488,-1.6906,0.5112,-2.6413,-1.3317,-2.1828,-1.7109,0.4486,AVOID
5.14,-2.2457,-1.6889,0.5112,-2.6402,-1.3283,-2.1828,-1.7109,0.4458,AVOID
5.16,-2.2426,-1.6871,0.5112,-2.6381,-1.3214,-2.1828,-1.7109,0.443,AVOID
5.18,-2.2394,-1.6853,0.5112,-2.6381,-1.3214,-2.1828,-1.7109,0.4402,AVOID
5.2,-2.2363,-1.6836,0.5112,-2.637,-1.318,-2.1828,-1.7109,0.4375,AVOID
5.22,-2.2333,-1.6819,0.5115,-2.6359,-1.3146,-2.1828,-1.7109,0.4349,AVOID
5.24,-2.2304,-1.6803,0.5123,-2.6349,-1.3111,-2.1828,-1.7109,0.4324,AVOID
5.26,-2.2274,-1.6786,0.5138,-2.6328,-1.3043,-2.1671,-1.7021,0.4298,GO_GOAL
5.28,-2.2245,-1.6769,0.5154,-2.6328,-1.3043,-2.1671,-1.7021,0.4272,GO_GOAL
5.3,-2.2215,-1.6753,0.517,-2.6317,-1.3009,-2.1671,-1.7021,0.4247,GO_GOAL
5.32,-2.2186,-1.6736,0.5186,-2.6307,-1.2975,-2.1515,-1.6933,0.4221,GO_GOAL
5.34,-2.2156,-1.6719,0.5202,-2.6297,-1.294,-2.1515,-1.6933,0.4196,GO_GOAL
5.36,-2.2127,-1.6702,0.5221,-2.6287,-1.2906,-2.1515,-1.6933,0.417,GO_GOAL
5.38,-2.2097,-1.6685,0.5246,-2.6277,-1.2872,-2.1515,-1.6933,0.4145,GO_GOAL
5.4,-2.2066,-1.6667,0.5276,-2.6268,-1.2837,-2.1515,-1.6933,0.4119,GO_GOAL
5.42,-2.2034,-1.6648,0.5307,-2.6258,-1.2803,-2.136,-1.6845,0.4091,AVOID
5.44,-2.2001,-1.6629,0.5332,-2.6239,-1.2733,-2.136,-1.6845,0.4063,AVOID
5.46,-2.1969,-1.661,0.5351,-2.6239,-1.2733,-2.136,-1.6845,0.4035,AVOID
5.48,-2.1937,-1.6591,0.5364,-2.623,-1.2699,-2.136,-1.6845,0.4008,AVOID
5.5,-2.1906,-1.6572,0.5372,-2.621,-1.2629,-2.136,-1.6845,0.398,AVOID
5.52,-2.1875,-1.6554,0.5373,-2.6201,-1.2595,-2.1174,-1.6735,0.3953,AVOID
5.54,-2.1844,-1.6535,0.5373,-2.6201,-1.2595,-2.1174,-1.6735,0.3926,AVOID
5.56,-2.1813,-1.6517,0.5373,-2.6191,-1.256,-2.1174,-1.6735,0.3899,AVOID
5.58,-2.1782,-1.6498,0.5373,-2.6182,-1.2525,-2.1174,-1.6735,0.3873,AVOID
5.6,-2.1752,-1.648,0.5373,-2.6172,-1.249,-2.1174,-1.6735,0.3846,AVOID
5.62,-2.1721,-1.6462,0.5373,-2.6163,-1.2456,-2.1051,-1.6661,0.3819,AVOID
5.64,-2.169,-1.6443,0.5373,-2.6144,-1.2386,-2.1051,-1.6661,0.3793,AVOID
5.66,-2.1659,-1.6425,0.5373,-2.6134,-1.2352,-2.1051,-1.6661,0.3767,AVOID
5.68,-2.1628,-1.6407,0.5373,-2.6134,-1.2352,-2.1051,-1.6661,0.3741,AVOID
5.7,-2.1598,-1.6389,0.5373,-2.6124,-1.2317,-2.1051,-1.6661,0.3716,AVOID
5.72,-2.1567,-1.6371,0.5373,-2.6105,-1.2248,-2.0896,-1.6569,0.369,AVOID
5.74,-2.1536,-1.6353,0.5373,-2.6105,-1.2248,-2.0896,-1.6569,0.3664,AVOID
5.76,-2.1505,-1.6335,0.5373,-2.6096,-1.2213,-2.0896,-1.6569,0.3638,AVOID
5.78,-2.1474,-1.6316,0.5373,-2.6086,-1.2178,-2.0896,-1.6569,0.3612,AVOID
5.8,-2.1443,-1.6298,0.5373,-2.6077,-1.2143,-2.0896,-1.6569,0.3586,AVOID
5.82,-2.1413,-1.6279,0.5373,-2.6067,-1.2109,-2.0741,-1.6477,0.356,AVOID
5.84,-2.1382,-1.6261,0.5373,-2.6057,-1.2074,-2.0741,-1.6477,0.3535,AVOID
5.86,-2.1351,-1.6242,0.5373,-2.6048,-1.2039,-2.0741,-1.6477,0.3509,AVOID
5.88,-2.132,-1.6224,0.5373,-2.6038,-1.2005,-2.0741,-1.6477,0.3484,AVOID
5.9,-2.1289,-1.6205,0.5373,-2.6029,-1.197,-2.0741,-1.6477,0.3458,AVOID
5.918,-2.1258,-1.6187,0.5373,-2.6019,-1.1935,-2.0587,-1.6385,0.3433,AVOID
5.94,-2.1227,-1.6169,0.5373,-2.601,-1.19,-2.0587,-1.6385,0.3408,AVOID
5.96,-2.1196,-1.615,0.5373,-2.6,-1.1866,-2.0587,-1.6385,0.3383,AVOID
5.98,-2.1165,-1.6132,0.5373,-2.5981,-1.1796,-2.0587,-1.6385,0.3358,AVOID
6.0,-2.1134,-1.6113,0.5373,-2.5981,-1.1796,-2.0587,-1.6385,0.3334,AVOID
6.02,-2.1104,-1.6095,0.5373,-2.5971,-1.1762,-2.0432,-1.6293,0.3309,AVOID
6.04,-2.1073,-1.6077,0.5373,-2.5952,-1.1692,-2.0432,-1.6293,0.3285,AVOID
6.06,-2.1042,-1.6059,0.5373,-2.5952,-1.1692,-2.0432,-1.6293,0.326,AVOID
6.08,-2.1012,-1.604,0.5373,-2.5943,-1.1657,-2.0432,-1.6293,0.3236,AVOID
6.1,-2.0981,-1.6022,0.5373,-2.5933,-1.1623,-2.0432,-1.6293,0.3212,AVOID
6.12,-2.095,-1.6004,0.5373,-2.5924,-1.1588,-2.0277,-1.6201,0.3188,AVOID
6.14,-2.0919,-1.5985,0.5373,-2.5914,-1.1553,-2.0277,-1.6201,0.3164,AVOID
6.16,-2.0888,-1.5967,0.5373,-2.5904,-1.1519,-2.0277,-1.6201,0.314,AVOID
6.18,-2.0857,-1.5948,0.5373,-2.5895,-1.1484,-2.0277,-1.6201,0.3116,AVOID
6.2,-2.0826,-1.593,0.5373,-2.5876,-1.1415,-2.0277,-1.6201,0.3092,AVOID
6.22,-2.0795,-1.5911,0.5373,-2.5876,-1.1415,-2.0123,-1.6109,0.3069,AVOID
6.24,-2.0764,-1.5893,0.5373,-2.5866,-1.138,-2.0123,-1.6109,0.3045,AVOID
6.26,-2.0733,-1.5875,0.5373,-2.5857,-1.1345,-2.0123,-1.6109,0.3022,AVOID
6.28,-2.0702,-1.5856,0.5373,-2.5847,-1.131,-2.0123,-1.6109,0.2999,AVOID
6.3,-2.0671,-1.5838,0.5373,-2.5838,-1.1276,-2.0123,-1.6109,0.2976,AVOID
6.32,-2.0641,-1.5819,0.5373,-2.5828,-1.1241,-1.9937,-1.5998,0.2953,AVOID
6.34,-2.061,-1.5801,0.5373,-2.5818,-1.1206,-1.9937,-1.5998,0.293,AVOID
6.36,-2.0579,-1.5783,0.5373,-2.5809,-1.1172,-1.9937,-1.5998,0.2907,AVOID
6.38,-2.0548,-1.5764,0.5373,-2.5799,-1.1137,-1.9937,-1.5998,0.2885,AVOID
6.4,-2.0517,-1.5746,0.5373,-2.579,-1.1102,-1.9937,-1.5998,0.2863,AVOID
6.42,-2.0487,-1.5728,0.5373,-2.578,-1.1067,-1.9937,-1.5998,0.284,AVOID
6.44,-2.0456,-1.5709,0.5373,-2.5771,-1.1033,-1.9937,-1.5998,0.2818,AVOID
6.46,-2.0427,-1.5692,0.5375,-2.5761,-1.0999,-1.9813,-1.5925,0.2798,GO_GOAL
6.48,-2.0398,-1.5675,0.5383,-2.5743,-1.0929,-1.9813,-1.5925,0.2777,GO_GOAL
6.5,-2.0369,-1.5657,0.5397,-2.5743,-1.0929,-1.9813,-1.5925,0.2757,GO_GOAL
6.52,-2.0339,-1.564,0.5416,-2.5734,-1.0895,-1.966,-1.5833,0.2737,GO_GOAL
6.54,-2.0309,-1.5622,0.5442,-2.5717,-1.0826,-1.966,-1.5833,0.2717,GO_GOAL
6.56,-2.0279,-1.5603,0.5473,-2.5717,-1.0826,-1.966,-1.5833,0.2696,GO_GOAL
6.58,-2.0249,-1.5585,0.5508,-2.5708,-1.0791,-1.966,-1.5833,0.2676,GO_GOAL
6.6,-2.0219,-1.5566,0.5543,-2.57,-1.0756,-1.966,-1.5833,0.2656,GO_GOAL
6.62,-2.0189,-1.5548,0.5578,-2.5683,-1.0687,-1.9507,-1.5741,0.2636,GO_GOAL
6.64,-2.0159,-1.5529,0.5613,-2.5683,-1.0687,-1.9507,-1.5741,0.2615,GO_GOAL
6.66,-2.0129,-1.551,0.5647,-2.5675,-1.0652,-1.9507,-1.5741,0.2595,GO_GOAL
6.68,-2.0099,-1.5491,0.5682,-2.5667,-1.0617,-1.9507,-1.5741,0.2575,GO_GOAL
6.7,-2.0069,-1.5472,0.5717,-2.5659,-1.0582,-1.9507,-1.5741,0.2555,GO_GOAL
6.718,-2.004,-1.5453,0.5752,-2.5651,-1.0547,-1.9325,-1.5626,0.2535,GO_GOAL
6.74,-2.001,-1.5433,0.5787,-2.5644,-1.0512,-1.9325,-1.5626,0.2515,GO_GOAL
6.76,-1.9981,-1.5414,0.5822,-2.5636,-1.0478,-1.9325,-1.5626,0.2496,GO_GOAL
6.78,-1.9951,-1.5395,0.5857,-2.5629,-1.0443,-1.9325,-1.5626,0.2476,GO_GOAL
6.8,-1.9922,-1.5376,0.5892,-2.5622,-1.0408,-1.9325,-1.5626,0.2457,GO_GOAL
6.82,-1.9891,-1.5355,0.5924,-2.5614,-1.0373,-1.9206,-1.5548,0.2435,GO_GOAL
6.84,-1.986,-1.5333,0.595,-2.5607,-1.0337,-1.9206,-1.5548,0.2414,GO_GOAL
6.86,-1.9829,-1.5312,0.597,-2.56,-1.0302,-1.9206,-1.5548,0.2393,GO_GOAL
6.88,-1.9798,-1.5292,0.5984,-2.5586,-1.0231,-1.9206,-1.5548,0.2372,GO_GOAL
6.9,-1.9768,-1.5271,0.5992,-2.5586,-1.0231,-1.9206,-1.5548,0.2351,GO_GOAL
6.92,-1.9738,-1.5251,0.5994,-2.5579,-1.0196,-1.9057,-1.5447,0.2331,GO_GOAL
6.94,-1.9708,-1.523,0.5994,-2.5572,-1.0161,-1.9057,-1.5447,0.2311,GO_GOAL
6.96,-1.9678,-1.521,0.5994,-2.5565,-1.0126,-1.9057,-1.5447,0.2291,GO_GOAL
6.98,-1.9649,-1.519,0.5994,-2.5557,-1.009,-1.9057,-1.5447,0.2271,GO_GOAL
7.0,-1.9619,-1.5169,0.5994,-2.555,-1.0055,-1.9057,-1.5447,0.2251,GO_GOAL
7.02,-1.9589,-1.5149,0.5994,-2.5543,-1.002,-1.8908,-1.5346,0.2232,GO_GOAL
7.04,-1.956,-1.5129,0.5994,-2.5529,-0.9949,-1.8908,-1.5346,0.2212,GO_GOAL
7.06,-1.953,-1.5109,0.5994,-2.5529,-0.9949,-1.8908,-1.5346,0.2193,GO_GOAL
7.08,-1.95,-1.5089,0.5994,-2.5515,-0.9879,-1.8908,-1.5346,0.2175,GO_GOAL
7.1,-1.9471,-1.5069,0.5994,-2.5515,-0.9879,-1.8908,-1.5346,0.2156,GO_GOAL
7.12,-1.9441,-1.5049,0.5994,-2.5508,-0.9843,-1.876,-1.5244,0.2138,GO_GOAL
7.14,-1.9411,-1.5029,0.5994,-2.5501,-0.9808,-1.876,-1.5244,0.212,GO_GOAL
7.16,-1.9381,-1.5009,0.5994,-2.5493,-0.9773,-1.876,-1.5244,0.2101,GO_GOAL
7.18,-1.9352,-1.4988,0.5994,-2.5486,-0.9737,-1.876,-1.5244,0.2083,GO_GOAL
7.2,-1.9322,-1.4968,0.5994,-2.5479,-0.9702,-1.876,-1.5244,0.2065,GO_GOAL
7.22,-1.9292,-1.4948,0.5994,-2.5472,-0.9667,-1.8611,-1.5143,0.2047,GO_GOAL
7.24,-1.9262,-1.4927,0.5994,-2.5465,-0.9632,-1.8611,-1.5143,0.203,GO_GOAL
7.26,-1.9233,-1.4907,0.5994,-2.5458,-0.9596,-1.8611,-1.5143,0.2012,GO_GOAL
7.28,-1.9203,-1.4887,0.5994,-2.5444,-0.9526,-1.8611,-1.5143,0.1995,GO_GOAL
7.3,-1.9173,-1.4867,0.5994,-2.5444,-0.9526,-1.8611,-1.5143,0.1978,GO_GOAL
7.318,-1.9144,-1.4846,0.5994,-2.5436,-0.949,-1.8462,-1.5041,0.1962,GO_GOAL
7.34,-1.9114,-1.4826,0.5994,-2.5422,-0.942,-1.8462,-1.5041,0.1945,GO_GOAL
7.36,-1.9084,-1.4806,0.5994,-2.5422,-0.942,-1.8462,-1.5041,0.1929,GO_GOAL
7.38,-1.9055,-1.4785,0.5994,-2.5415,-0.9384,-1.8462,-1.5041,0.1912,GO_GOAL
7.4,-1.9025,-1.4765,0.5994,-2.5401,-0.9314,-1.8462,-1.5041,0.1897,GO_GOAL
7.42,-1.8996,-1.4745,0.5994,-2.5394,-0.9279,-1.8284,-1.492,0.1881,GO_GOAL
7.44,-1.8966,-1.4725,0.5994,-2.5394,-0.9279,-1.8284,-1.492,0.1866,GO_GOAL
7.46,-1.8936,-1.4705,0.5994,-2.5387,-0.9243,-1.8284,-1.492,0.185,GO_GOAL
7.48,-1.8906,-1.4684,0.5994,-2.538,-0.9208,-1.8284,-1.492,0.1835,GO_GOAL
7.5,-1.8877,-1.4664,0.5994,-2.5372,-0.9173,-1.8284,-1.492,0.182,GO_GOAL
7.52,-1.8847,-1.4644,0.5994,-2.5358,-0.9102,-1.8165,-1.4838,0.1805,GO_GOAL
7.54,-1.8817,-1.4623,0.5994,-2.5358,-0.9102,-1.8165,-1.4838,0.1791,GO_GOAL
7.56,-1.8788,-1.4603,0.5994,-2.5351,-0.9067,-1.8165,-1.4838,0.1777,GO_GOAL
7.58,-1.8758,-1.4583,0.5994,-2.5337,-0.8996,-1.8165,-1.4838,0.1763,GO_GOAL
7.6,-1.8728,-1.4563,0.5994,-2.533,-0.8961,-1.8016,-1.4737,0.1749,GO_GOAL
7.62,-1.8698,-1.4542,0.5994,-2.5323,-0.8926,-1.8016,-1.4737,0.1735,GO_GOAL
7.64,-1.8669,-1.4522,0.5994,-2.5323,-0.8926,-1.8016,-1.4737,0.1722,GO_GOAL
7.66,-1.8639,-1.4502,0.5994,-2.5315,-0.889,-1.8016,-1.4737,0.1709,GO_GOAL
7.68,-1.8609,-1.4481,0.5994,-2.5308,-0.8855,-1.8016,-1.4737,0.1696,GO_GOAL
7.7,-1.858,-1.4461,0.5994,-2.5301,-0.882,-1.8016,-1.4737,0.1684,GO_GOAL
7.72,-1.855,-1.4441,0.5994,-2.5294,-0.8785,-1.7838,-1.4615,0.1671,GO_GOAL
7.74,-1.8521,-1.4421,0.5994,-2.5287,-0.8749,-1.7838,-1.4615,0.1659,GO_GOAL
7.76,-1.8491,-1.44,0.5994,-2.528,-0.8714,-1.7838,-1.4615,0.1647,GO_GOAL
7.78,-1.8461,-1.438,0.5994,-2.5273,-0.8679,-1.7838,-1.4615,0.1635,GO_GOAL
7.8,-1.8431,-1.436,0.5994,-2.5266,-0.8643,-1.7838,-1.4615,0.1624,GO_GOAL
7.82,-1.8402,-1.434,0.5994,-2.5259,-0.8608,-1.7689,-1.4514,0.1613,GO_GOAL
7.84,-1.8372,-1.4319,0.5994,-2.5251,-0.8573,-1.7689,-1.4514,0.1602,GO_GOAL
7.86,-1.8342,-1.4299,0.5994,-2.5244,-0.8538,-1.7689,-1.4514,0.1591,GO_GOAL
7.88,-1.8313,-1.4279,0.5994,-2.523,-0.8467,-1.7689,-1.4514,0.1581,GO_GOAL
7.9,-1.8283,-1.4258,0.5994,-2.523,-0.8467,-1.7689,-1.4514,0.1571,GO_GOAL
7.918,-1.8253,-1.4238,0.5994,-2.5223,-0.8432,-1.757,-1.4432,0.1561,GO_GOAL
7.94,-1.8224,-1.4218,0.5994,-2.5216,-0.8396,-1.757,-1.4432,0.1551,GO_GOAL
7.96,-1.8194,-1.4198,0.5994,-2.5209,-0.8361,-1.757,-1.4432,0.1542,GO_GOAL
7.98,-1.8164,-1.4177,0.5994,-2.5202,-0.8326,-1.757,-1.4432,0.1533,GO_GOAL
8.0,-1.8135,-1.4157,0.5994,-2.5195,-0.8291,-1.757,-1.4432,0.1524,GO_GOAL
8.02,-1.8103,-1.4135,0.5991,-2.5181,-0.8224,-1.757,-1.4432,0.1514,GO_GOAL
8.04,-1.8068,-1.4111,0.5981,-2.5174,-0.8193,-1.757,-1.4432,0.1504,GO_GOAL
8.06,-1.8034,-1.4088,0.5966,-2.5174,-0.8193,-1.7422,-1.4331,0.1494,AVOID
8.08,-1.7999,-1.4064,0.5945,-2.5159,-0.8131,-1.7422,-1.4331,0.1485,AVOID
8.1,-1.7965,-1.4041,0.5918,-2.5159,-0.8131,-1.7287,-1.4239,0.1476,AVOID
8.12,-1.7932,-1.4019,0.5884,-2.5142,-0.807,-1.7287,-1.4239,0.1467,AVOID
8.14,-1.7898,-1.3997,0.5845,-2.5142,-0.807,-1.7287,-1.4239,0.1459,AVOID
8.16,-1.7865,-1.3975,0.58,-2.5133,-0.8039,-1.7287,-1.4239,0.1451,AVOID
8.18,-1.7832,-1.3953,0.5749,-2.5114,-0.7979,-1.7287,-1.4239,0.1443,AVOID
8.2,-1.7799,-1.3933,0.5695,-2.5114,-0.7979,-1.7287,-1.4239,0.1437,AVOID
8.218,-1.7767,-1.3912,0.564,-2.5103,-0.7948,-1.7154,-1.4151,0.143,GO_GOAL
8.24,-1.7735,-1.3892,0.5587,-2.5092,-0.7917,-1.7154,-1.4151,0.1424,GO_GOAL
8.26,-1.7706,-1.3875,0.5539,-2.508,-0.7883,-1.7154,-1.4151,0.142,GO_GOAL
8.28,-1.7678,-1.3857,0.5496,-2.5068,-0.7849,-1.7154,-1.4151,0.1416,GO_GOAL
8.3,-1.765,-1.384,0.546,-2.5056,-0.7815,-1.7154,-1.4151,0.1412,GO_GOAL
8.32,-1.7621,-1.3822,0.543,-2.5044,-0.7781,-1.7007,-1.406,0.1409,AVOID
8.34,-1.7591,-1.3805,0.5405,-2.5032,-0.7747,-1.7007,-1.406,0.1407,AVOID
8.36,-1.7562,-1.3787,0.5387,-2.502,-0.7713,-1.7007,-1.406,0.1405,AVOID
8.38,-1.7532,-1.3769,0.5374,-2.5009,-0.7679,-1.7007,-1.406,0.1403,AVOID
8.4,-1.7501,-1.3751,0.5367,-2.4985,-0.7611,-1.7007,-1.406,0.1402,AVOID
8.42,-1.7471,-1.3733,0.5365,-2.4985,-0.7611,-1.6822,-1.3949,0.1401,GO_GOAL
8.44,-1.7442,-1.3715,0.5363,-2.4973,-0.7577,-1.6822,-1.3949,0.1401,GO_GOAL
8.46,-1.7413,-1.3698,0.5362,-2.4961,-0.7544,-1.6822,-1.3949,0.14,GO_GOAL
8.48,-1.7384,-1.3681,0.5365,-2.4949,-0.751,-1.6822,-1.3949,0.1401,GO_GOAL
8.5,-1.7355,-1.3663,0.5374,-2.4927,-0.7442,-1.6822,-1.3949,0.1401,GO_GOAL
8.518,-1.7326,-1.3646,0.5388,-2.4927,-0.7442,-1.6699,-1.3876,0.1403,GO_GOAL
8.54,-1.7297,-1.3628,0.5409,-2.4915,-0.7408,-1.6699,-1.3876,0.1404,GO_GOAL
8.56,-1.7267,-1.361,0.5436,-2.4904,-0.7374,-1.6699,-1.3876,0.1406,GO_GOAL
8.58,-1.7237,-1.3592,0.5468,-2.4893,-0.734,-1.6699,-1.3876,0.1408,GO_GOAL
8.6,-1.7207,-1.3574,0.5503,-2.4882,-0.7306,-1.6699,-1.3876,0.1411,GO_GOAL
8.62,-1.7177,-1.3555,0.5538,-2.4872,-0.7272,-1.6545,-1.3784,0.1414,GO_GOAL
8.64,-1.7147,-1.3536,0.5573,-2.4861,-0.7238,-1.6545,-1.3784,0.1416,GO_GOAL
8.66,-1.7117,-1.3518,0.5608,-2.484,-0.717,-1.6545,-1.3784,0.1419,GO_GOAL
8.68,-1.7087,-1.3499,0.5643,-2.484,-0.717,-1.6545,-1.3784,0.1422,GO_GOAL
8.7,-1.7057,-1.348,0.5677,-2.483,-0.7136,-1.6545,-1.3784,0.1426,GO_GOAL
8.72,-1.7027,-1.3461,0.5712,-2.482,-0.7101,-1.6394,-1.3689,0.1429,GO_GOAL
8.74,-1.6998,-1.3442,0.5747,-2.481,-0.7067,-1.6394,-1.3689,0.1433,GO_GOAL
8.76,-1.6968,-1.3422,0.5782,-2.48,-0.7033,-1.6394,-1.3689,0.1436,GO_GOAL
8.78,-1.6938,-1.3403,0.5817,-2.478,-0.6964,-1.6394,-1.3689,0.144,GO_GOAL
8.8,-1.6909,-1.3383,0.5852,-2.478,-0.6964,-1.6394,-1.3689,0.1444,GO_GOAL
8.82,-1.6879,-1.3364,0.5887,-2.4771,-0.693,-1.6244,-1.3592,0.1449,GO_GOAL
8.84,-1.685,-1.3344,0.5922,-2.4752,-0.6861,-1.6244,-1.3592,0.1453,GO_GOAL
8.86,-1.6821,-1.3325,0.5957,-2.4743,-0.6826,-1.6244,-1.3592,0.1458,GO_GOAL
8.88,-1.6791,-1.3305,0.5992,-2.4743,-0.6826,-1.6244,-1.3592,0.1463,GO_GOAL
8.9,-1.6762,-1.3285,0.6027,-2.4734,-0.6792,-1.6244,-1.3592,0.1467,GO_GOAL
8.92,-1.6731,-1.3264,0.6058,-2.4725,-0.6757,-1.6095,-1.3493,0.1472,GO_GOAL
8.94,-1.67,-1.3242,0.6084,-2.4716,-0.6722,-1.6095,-1.3493,0.1477,GO_GOAL
8.96,-1.667,-1.3221,0.6104,-2.4707,-0.6687,-1.6095,-1.3493,0.1483,GO_GOAL
8.98,-1.6639,-1.3199,0.6118,-2.4698,-0.6652,-1.6095,-1.3493,0.1488,GO_GOAL
9.0,-1.661,-1.3178,0.6126,-2.4689,-0.6618,-1.5948,-1.339,0.1493,GO_GOAL
9.02,-1.658,-1.3158,0.613,-2.468,-0.6583,-1.5948,-1.339,0.1498,GO_GOAL
9.04,-1.655,-1.3137,0.6133,-2.4671,-0.6548,-1.5948,-1.339,0.1504,GO_GOAL
9.06,-1.6521,-1.3117,0.6134,-2.4662,-0.6513,-1.5948,-1.339,0.151,GO_GOAL
9.08,-1.6491,-1.3096,0.6134,-2.4653,-0.6478,-1.5948,-1.339,0.1516,GO_GOAL
9.1,-1.6462,-1.3075,0.6134,-2.4644,-0.6443,-1.5948,-1.339,0.1522,GO_GOAL
9.12,-1.6432,-1.3055,0.6134,-2.4635,-0.6408,-1.58,-1.3287,0.1528,GO_GOAL
9.14,-1.6403,-1.3034,0.6134,-2.4626,-0.6373,-1.58,-1.3287,0.1535,GO_GOAL
9.16,-1.6374,-1.3013,0.6134,-2.4608,-0.6304,-1.58,-1.3287,0.1542,GO_GOAL
9.18,-1.6344,-1.2992,0.6134,-2.4608,-0.6304,-1.58,-1.3287,0.1549,GO_GOAL
9.2,-1.6315,-1.2972,0.6134,-2.4599,-0.6269,-1.58,-1.3287,0.1556,GO_GOAL
9.22,-1.6285,-1.2951,0.6134,-2.459,-0.6234,-1.5653,-1.3183,0.1564,GO_GOAL
9.24,-1.6256,-1.293,0.6134,-2.4581,-0.6199,-1.5653,-1.3183,0.1572,GO_GOAL
9.26,-1.6226,-1.291,0.6134,-2.4573,-0.6164,-1.5653,-1.3183,0.158,GO_GOAL
9.28,-1.6197,-1.2889,0.6134,-2.4564,-0.6129,-1.5653,-1.3183,0.1589,GO_GOAL
9.3,-1.6168,-1.2868,0.6134,-2.4555,-0.6094,-1.5653,-1.3183,0.1598,GO_GOAL
9.318,-1.6138,-1.2848,0.6134,-2.4546,-0.606,-1.5476,-1.3059,0.1607,GO_GOAL
9.34,-1.6109,-1.2827,0.6134,-2.4537,-0.6025,-1.5476,-1.3059,0.1616,GO_GOAL
9.36,-1.6079,-1.2806,0.6134,-2.4528,-0.599,-1.5476,-1.3059,0.1626,GO_GOAL
9.38,-1.605,-1.2785,0.6134,-2.4519,-0.5955,-1.5476,-1.3059,0.1635,GO_GOAL
9.4,-1.602,-1.2765,0.6134,-2.4501,-0.5885,-1.5476,-1.3059,0.1645,GO_GOAL
9.42,-1.5991,-1.2744,0.6134,-2.4492,-0.585,-1.5359,-1.2976,0.1656,GO_GOAL
9.44,-1.5962,-1.2723,0.6134,-2.4492,-0.585,-1.5359,-1.2976,0.1666,GO_GOAL
9.46,-1.5932,-1.2703,0.6134,-2.4483,-0.5816,-1.5359,-1.2976,0.1677,GO_GOAL
9.48,-1.5903,-1.2682,0.6134,-2.4474,-0.5781,-1.5359,-1.2976,0.1688,GO_GOAL
9.5,-1.5873,-1.2661,0.6134,-2.4456,-0.5711,-1.5359,-1.2976,0.1699,GO_GOAL
9.52,-1.5844,-1.264,0.6134,-2.4447,-0.5676,-1.5211,-1.2873,0.1711,GO_GOAL
9.54,-1.5815,-1.262,0.6134,-2.4447,-0.5676,-1.5211,-1.2873,0.1723,GO_GOAL
9.56,-1.5785,-1.2599,0.6134,-2.4438,-0.5641,-1.5211,-1.2873,0.1735,GO_GOAL
9.58,-1.5756,-1.2578,0.6134,-2.4429,-0.5606,-1.5211,-1.2873,0.1747,GO_GOAL
9.6,-1.5726,-1.2558,0.6134,-2.442,-0.5571,-1.5211,-1.2873,0.1759,GO_GOAL
9.62,-1.5697,-1.2537,0.6134,-2.4411,-0.5537,-1.5064,-1.2769,0.1772,GO_GOAL
9.64,-1.5667,-1.2516,0.6134,-2.4393,-0.5467,-1.5064,-1.2769,0.1785,GO_GOAL
9.66,-1.5638,-1.2495,0.6134,-2.4393,-0.5467,-1.5064,-1.2769,0.1798,GO_GOAL
9.68,-1.5609,-1.2475,0.6134,-2.4384,-0.5432,-1.5064,-1.2769,0.1812,GO_GOAL
9.7,-1.5579,-1.2454,0.6134,-2.4376,-0.5397,-1.5064,-1.2769,0.1825,GO_GOAL
9.72,-1.555,-1.2433,0.6134,-2.4358,-0.5327,-1.4917,-1.2666,0.1839,GO_GOAL
9.74,-1.552,-1.2412,0.6134,-2.4358,-0.5327,-1.4917,-1.2666,0.1853,GO_GOAL
9.76,-1.5491,-1.2392,0.6134,-2.4349,-0.5292,-1.4917,-1.2666,0.1868,GO_GOAL
9.78,-1.5461,-1.2371,0.6134,-2.434,-0.5258,-1.4917,-1.2666,0.1882,GO_GOAL
9.8,-1.5432,-1.235,0.6134,-2.4331,-0.5223,-1.4917,-1.2666,0.1897,GO_GOAL
9.82,-1.5402,-1.233,0.6134,-2.4322,-0.5188,-1.474,-1.2542,0.1912,GO_GOAL
9.84,-1.5373,-1.2309,0.6134,-2.4313,-0.5153,-1.474,-1.2542,0.1927,GO_GOAL
9.86,-1.5344,-1.2288,0.6134,-2.4295,-0.5083,-1.474,-1.2542,0.1942,GO_GOAL
9.88,-1.5314,-1.2267,0.6134,-2.4295,-0.5083,-1.474,-1.2542,0.1958,GO_GOAL
9.9,-1.5285,-1.2247,0.6134,-2.4286,-0.5048,-1.474,-1.2542,0.1974,GO_GOAL
9.92,-1.5255,-1.2226,0.6134,-2.4277,-0.5014,-1.4622,-1.2459,0.199,GO_GOAL
9.94,-1.5226,-1.2205,0.6134,-2.4268,-0.4979,-1.4622,-1.2459,0.2006,GO_GOAL
9.96,-1.5196,-1.2184,0.6134,-2.4259,-0.4944,-1.4622,-1.2459,0.2022,GO_GOAL
9.98,-1.5167,-1.2164,0.6134,-2.425,-0.4909,-1.4622,-1.2459,0.2039,GO_GOAL
10.0,-1.5138,-1.2143,0.6134,-2.4241,-0.4874,-1.4622,-1.2459,0.2056,GO_GOAL
10.02,-1.5108,-1.2122,0.6134,-2.4232,-0.4839,-1.4475,-1.2355,0.2073,GO_GOAL
10.04,-1.5079,-1.2102,0.6134,-2.4223,-0.4804,-1.4475,-1.2355,0.209,GO_GOAL
10.06,-1.5049,-1.2081,0.6134,-2.4214,-0.4769,-1.4475,-1.2355,0.2108,GO_GOAL
10.08,-1.502,-1.206,0.6134,-2.4196,-0.47,-1.4475,-1.2355,0.2125,GO_GOAL
10.1,-1.499,-1.2039,0.6134,-2.4196,-0.47,-1.4475,-1.2355,0.2143,GO_GOAL
10.12,-1.4961,-1.2019,0.6134,-2.4188,-0.4665,-1.4328,-1.2252,0.2161,GO_GOAL
10.14,-1.4931,-1.1998,0.6134,-2.417,-0.4595,-1.4328,-1.2252,0.2179,GO_GOAL
10.16,-1.4902,-1.1977,0.6134,-2.417,-0.4595,-1.4328,-1.2252,0.2197,GO_GOAL
10.18,-1.4873,-1.1957,0.6134,-2.4161,-0.456,-1.4328,-1.2252,0.2216,GO_GOAL
10.2,-1.4843,-1.1936,0.6134,-2.4152,-0.4525,-1.4328,-1.2252,0.2235,GO_GOAL
10.22,-1.4814,-1.1915,0.6134,-2.4143,-0.4491,-1.4181,-1.2148,0.2253,GO_GOAL
10.24,-1.4784,-1.1894,0.6134,-2.4134,-0.4456,-1.4181,-1.2148,0.2272,GO_GOAL
10.26,-1.4755,-1.1874,0.6134,-2.4125,-0.4421,-1.4181,-1.2148,0.2292,GO_GOAL
10.28,-1.4725,-1.1853,0.6134,-2.4116,-0.4386,-1.4181,-1.2148,0.2311,GO_GOAL
10.3,-1.4696,-1.1832,0.6134,-2.4107,-0.4351,-1.4181,-1.2148,0.2331,GO_GOAL
10.318,-1.4667,-1.1811,0.6134,-2.4098,-0.4316,-1.4033,-1.2045,0.235,GO_GOAL
10.34,-1.4637,-1.1791,0.6134,-2.4089,-0.4281,-1.4033,-1.2045,0.237,GO_GOAL
10.36,-1.4608,-1.177,0.6134,-2.408,-0.4246,-1.4033,-1.2045,0.239,GO_GOAL
10.38,-1.4578,-1.1749,0.6134,-2.4071,-0.4212,-1.4033,-1.2045,0.241,GO_GOAL
10.4,-1.4549,-1.1729,0.6134,-2.4062,-0.4177,-1.4033,-1.2045,0.2431,GO_GOAL
10.42,-1.4519,-1.1708,0.6134,-2.4053,-0.4142,-1.3886,-1.1942,0.2451,GO_GOAL
10.44,-1.449,-1.1687,0.6134,-2.4044,-0.4107,-1.3886,-1.1942,0.2472,GO_GOAL
10.46,-1.4461,-1.1666,0.6134,-2.4035,-0.4072,-1.3886,-1.1942,0.2493,GO_GOAL
10.48,-1.4431,-1.1646,0.6134,-2.4026,-0.4037,-1.3886,-1.1942,0.2514,GO_GOAL
10.5,-1.4402,-1.1625,0.6134,-2.4017,-0.4002,-1.3886,-1.1942,0.2535,GO_GOAL
10.52,-1.4372,-1.1604,0.6134,-2.4008,-0.3967,-1.3739,-1.1838,0.2556,GO_GOAL
10.54,-1.4343,-1.1583,0.6134,-2.3991,-0.3898,-1.3739,-1.1838,0.2578,GO_GOAL
10.56,-1.4313,-1.1563,0.6134,-2.3991,-0.3898,-1.3739,-1.1838,0.2599,GO_GOAL
10.58,-1.4284,-1.1542,0.6134,-2.3982,-0.3863,-1.3739,-1.1838,0.2621,GO_GOAL
10.6,-1.4254,-1.1521,0.6134,-2.3973,-0.3828,-1.3739,-1.1838,0.2643,GO_GOAL
10.62,-1.4225,-1.1501,0.6134,-2.3964,-0.3793,-1.3591,-1.1735,0.2665,GO_GOAL
10.64,-1.4196,-1.148,0.6134,-2.3955,-0.3758,-1.3591,-1.1735,0.2687,GO_GOAL
10.66,-1.4166,-1.1459,0.6134,-2.3946,-0.3723,-1.3591,-1.1735,0.2709,GO_GOAL
10.68,-1.4137,-1.1438,0.6134,-2.3937,-0.3689,-1.3591,-1.1735,0.2732,GO_GOAL
10.7,-1.4107,-1.1418,0.6134,-2.3928,-0.3654,-1.3591,-1.1735,0.2754,GO_GOAL
10.718,-1.4078,-1.1397,0.6134,-2.3919,-0.3619,-1.3444,-1.1631,0.2777,GO_GOAL
10.74,-1.4048,-1.1376,0.6134,-2.391,-0.3584,-1.3444,-1.1631,0.28,GO_GOAL
10.76,-1.4019,-1.1355,0.6134,-2.3901,-0.3549,-1.3444,-1.1631,0.2823,GO_GOAL
10.78,-1.399,-1.1335,0.6134,-2.3892,-0.3514,-1.3444,-1.1631,0.2846,GO_GOAL
10.8,-1.396,-1.1314,0.6134,-2.3883,-0.3479,-1.3444,-1.1631,0.2869,GO_GOAL
10.82,-1.3931,-1.1293,0.6134,-2.3874,-0.3444,-1.3297,-1.1528,0.2893,GO_GOAL
10.84,-1.3901,-1.1273,0.6134,-2.3865,-0.341,-1.3297,-1.1528,0.2916,GO_GOAL
10.86,-1.3872,-1.1252,0.6134,-2.3847,-0.334,-1.3297,-1.1528,0.294,GO_GOAL
10.88,-1.3842,-1.1231,0.6134,-2.3838,-0.3305,-1.3297,-1.1528,0.2963,GO_GOAL
10.9,-1.3813,-1.121,0.6134,-2.3838,-0.3305,-1.3297,-1.1528,0.2987,GO_GOAL
10.92,-1.3783,-1.119,0.6134,-2.3829,-0.327,-1.315,-1.1424,0.3011,GO_GOAL
10.94,-1.3754,-1.1169,0.6134,-2.382,-0.3235,-1.315,-1.1424,0.3035,GO_GOAL
10.96,-1.3725,-1.1148,0.6134,-2.3811,-0.32,-1.315,-1.1424,0.306,GO_GOAL
10.98,-1.3695,-1.1128,0.6134,-2.3803,-0.3165,-1.315,-1.1424,0.3084,GO_GOAL
11.0,-1.3666,-1.1107,0.6134,-2.3794,-0.3131,-1.315,-1.1424,0.3108,GO_GOAL
11.02,-1.3636,-1.1086,0.6134,-2.3785,-0.3096,-1.3002,-1.1321,0.3133,GO_GOAL
11.04,-1.3607,-1.1065,0.6134,-2.3776,-0.3061,-1.3002,-1.1321,0.3158,GO_GOAL
11.06,-1.3577,-1.1045,0.6134,-2.3767,-0.3026,-1.3002,-1.1321,0.3182,GO_GOAL
11.08,-1.3548,-1.1024,0.6134,-2.3758,-0.2991,-1.3002,-1.1321,0.3207,GO_GOAL
11.1,-1.3519,-1.1003,0.6134,-2.3749,-0.2956,-1.2855,-1.1217,0.3232,GO_GOAL
11.12,-1.3489,-1.0982,0.6134,-2.374,-0.2921,-1.2855,-1.1217,0.3257,GO_GOAL
11.14,-1.346,-1.0962,0.6134,-2.3731,-0.2887,-1.2855,-1.1217,0.3282,GO_GOAL
11.16,-1.343,-1.0941,0.6134,-2.3713,-0.2817,-1.2855,-1.1217,0.3308,GO_GOAL
11.18,-1.3401,-1.092,0.6134,-2.3713,-0.2817,-1.2855,-1.1217,0.3333,GO_GOAL
11.2,-1.3371,-1.09,0.6134,-2.3704,-0.2782,-1.2855,-1.1217,0.3359,GO_GOAL
11.22,-1.3342,-1.0879,0.6134,-2.3695,-0.2747,-1.2708,-1.1114,0.3384,GO_GOAL
11.24,-1.3313,-1.0858,0.6134,-2.3686,-0.2712,-1.2708,-1.1114,0.341,GO_GOAL
11.26,-1.3283,-1.0837,0.6134,-2.3677,-0.2677,-1.2708,-1.1114,0.3436,GO_GOAL
11.28,-1.3254,-1.0817,0.6134,-2.3659,-0.2608,-1.2708,-1.1114,0.3461,GO_GOAL
11.3,-1.3224,-1.0796,0.6134,-2.3659,-0.2608,-1.2708,-1.1114,0.3487,GO_GOAL
11.318,-1.3195,-1.0775,0.6134,-2.365,-0.2573,-1.2561,-1.101,0.3514,GO_GOAL
11.34,-1.3165,-1.0754,0.6134,-2.3641,-0.2538,-1.2561,-1.101,0.354,GO_GOAL
11.36,-1.3136,-1.0734,0.6134,-2.3632,-0.2503,-1.2561,-1.101,0.3566,GO_GOAL
11.38,-1.3106,-1.0713,0.6134,-2.3623,-0.2468,-1.2561,-1.101,0.3592,GO_GOAL
11.4,-1.3077,-1.0692,0.6134,-2.3614,-0.2433,-1.2561,-1.101,0.3619,GO_GOAL
11.42,-1.3048,-1.0672,0.6134,-2.3606,-0.2398,-1.2413,-1.0907,0.3645,GO_GOAL
11.44,-1.3018,-1.0651,0.6134,-2.3597,-0.2364,-1.2413,-1.0907,0.3672,GO_GOAL
11.46,-1.2989,-1.063,0.6134,-2.3588,-0.2329,-1.2413,-1.0907,0.3699,GO_GOAL
11.48,-1.2959,-1.0609,0.6134,-2.3579,-0.2294,-1.2413,-1.0907,0.3725,GO_GOAL
11.5,-1.293,-1.0589,0.6134,-2.357,-0.2259,-1.2413,-1.0907,0.3752,GO_GOAL
11.52,-1.29,-1.0568,0.6134,-2.3561,-0.2224,-1.2266,-1.0803,0.3779,GO_GOAL
11.54,-1.2871,-1.0547,0.6134,-2.3543,-0.2154,-1.2266,-1.0803,0.3806,GO_GOAL
11.56,-1.2842,-1.0526,0.6134,-2.3543,-0.2154,-1.2266,-1.0803,0.3833,GO_GOAL
11.58,-1.2812,-1.0506,0.6134,-2.3534,-0.2119,-1.2266,-1.0803,0.3861,GO_GOAL
11.6,-1.2783,-1.0485,0.6134,-2.3525,-0.2085,-1.2266,-1.0803,0.3888,GO_GOAL
11.62,-1.2753,-1.0464,0.6134,-2.3507,-0.2015,-1.2119,-1.07,0.3915,GO_GOAL
11.64,-1.2724,-1.0444,0.6134,-2.3507,-0.2015,-1.2119,-1.07,0.3943,GO_GOAL
11.66,-1.2694,-1.0423,0.6134,-2.3498,-0.198,-1.2119,-1.07,0.397,GO_GOAL
11.68,-1.2665,-1.0402,0.6134,-2.3489,-0.1945,-1.2119,-1.07,0.3998,GO_GOAL
11.7,-1.2635,-1.0381,0.6134,-2.348,-0.191,-1.2119,-1.07,0.4025,GO_GOAL
11.72,-1.2606,-1.0361,0.6134,-2.3462,-0.184,-1.1971,-1.0596,0.4053,GO_GOAL
11.74,-1.2577,-1.034,0.6134,-2.3453,-0.1806,-1.1971,-1.0596,0.4081,GO_GOAL
11.76,-1.2547,-1.0319,0.6134,-2.3453,-0.1806,-1.1971,-1.0596,0.4109,GO_GOAL
11.78,-1.2518,-1.0299,0.6134,-2.3444,-0.1771,-1.1971,-1.0596,0.4137,GO_GOAL
11.8,-1.2488,-1.0278,0.6134,-2.3435,-0.1736,-1.1824,-1.0493,0.4165,GO_GOAL
11.82,-1.2459,-1.0257,0.6134,-2.3426,-0.1701,-1.1824,-1.0493,0.4193,GO_GOAL
11.84,-1.2429,-1.0236,0.6134,-2.3418,-0.1666,-1.1824,-1.0493,0.4221,GO_GOAL
11.86,-1.24,-1.0216,0.6134,-2.3409,-0.1631,-1.1824,-1.0493,0.4249,GO_GOAL
11.88,-1.2371,-1.0195,0.6134,-2.34,-0.1596,-1.1824,-1.0493,0.4278,GO_GOAL
11.9,-1.2341,-1.0174,0.6134,-2.3382,-0.1527,-1.1824,-1.0493,0.4306,GO_GOAL
11.92,-1.2312,-1.0153,0.6134,-2.3382,-0.1527,-1.1677,-1.0389,0.4334,GO_GOAL
11.94,-1.2282,-1.0133,0.6134,-2.3373,-0.1492,-1.1677,-1.0389,0.4363,GO_GOAL
11.96,-1.2253,-1.0112,0.6134,-2.3364,-0.1457,-1.1677,-1.0389,0.4391,GO_GOAL
11.98,-1.2223,-1.0091,0.6134,-2.3355,-0.1422,-1.1677,-1.0389,0.442,GO_GOAL
12.0,-1.2194,-1.0071,0.6134,-2.3346,-0.1387,-1.1677,-1.0389,0.4449,GO_GOAL
12.02,-1.2165,-1.005,0.6134,-2.3337,-0.1352,-1.153,-1.0286,0.4477,GO_GOAL
12.04,-1.2135,-1.0029,0.6134,-2.3328,-0.1317,-1.153,-1.0286,0.4506,GO_GOAL
12.06,-1.2106,-1.0008,0.6134,-2.3319,-0.1283,-1.153,-1.0286,0.4535,GO_GOAL
12.08,-1.2076,-0.9988,0.6134,-2.331,-0.1248,-1.153,-1.0286,0.4564,GO_GOAL
12.1,-1.2047,-0.9967,0.6134,-2.3301,-0.1213,-1.153,-1.0286,0.4593,GO_GOAL
12.12,-1.2017,-0.9946,0.6134,-2.3292,-0.1178,-1.1382,-1.0182,0.4622,GO_GOAL
12.14,-1.1988,-0.9925,0.6134,-2.3283,-0.1143,-1.1382,-1.0182,0.4651,GO_GOAL
12.16,-1.1958,-0.9905,0.6134,-2.3274,-0.1108,-1.1382,-1.0182,0.468,GO_GOAL
12.18,-1.1929,-0.9884,0.6134,-2.3265,-0.1073,-1.1382,-1.0182,0.471,GO_GOAL
12.2,-1.19,-0.9863,0.6134,-2.3256,-0.1038,-1.1382,-1.0182,0.4739,GO_GOAL
12.22,-1.187,-0.9843,0.6134,-2.3238,-0.0969,-1.1235,-1.0079,0.4768,GO_GOAL
12.24,-1.1841,-0.9822,0.6134,-2.3229,-0.0934,-1.1235,-1.0079,0.4798,GO_GOAL
12.26,-1.1811,-0.9801,0.6134,-2.3229,-0.0934,-1.1235,-1.0079,0.4827,GO_GOAL
12.28,-1.1782,-0.978,0.6134,-2.3212,-0.0864,-1.1235,-1.0079,0.4857,GO_GOAL
12.3,-1.1752,-0.976,0.6134,-2.3203,-0.0829,-1.1235,-1.0079,0.4886,GO_GOAL
12.318,-1.1723,-0.9739,0.6134,-2.3203,-0.0829,-1.1088,-0.9975,0.4916,GO_GOAL
12.34,-1.1694,-0.9718,0.6134,-2.3194,-0.0794,-1.1088,-0.9975,0.4945,GO_GOAL
12.36,-1.1664,-0.9697,0.6134,-2.3176,-0.0725,-1.1088,-0.9975,0.4975,GO_GOAL
12.38,-1.1635,-0.9677,0.6134,-2.3167,-0.069,-1.1088,-0.9975,0.4986,GO_GOAL
12.4,-1.1605,-0.9656,0.6134,-2.3167,-0.069,-1.1088,-0.9975,0.4959,GO_GOAL
12.42,-1.1576,-0.9635,0.6134,-2.3158,-0.0655,-1.0941,-0.9872,0.4933,GO_GOAL
12.44,-1.1546,-0.9615,0.6134,-2.3149,-0.062,-1.0941,-0.9872,0.4906,GO_GOAL
12.46,-1.1517,-0.9594,0.6134,-2.3131,-0.055,-1.0941,-0.9872,0.4879,GO_GOAL
12.48,-1.1487,-0.9573,0.6134,-2.3131,-0.055,-1.0941,-0.9872,0.4852,GO_GOAL
12.5,-1.1458,-0.9552,0.6134,-2.3122,-0.0515,-1.0941,-0.9872,0.4825,GO_GOAL
12.52,-1.1429,-0.9532,0.6134,-2.3113,-0.0481,-1.0793,-0.9768,0.4799,GO_GOAL
12.54,-1.1399,-0.9511,0.6134,-2.3095,-0.0411,-1.0793,-0.9768,0.4772,GO_GOAL
12.56,-1.137,-0.949,0.6134,-2.3086,-0.0376,-1.0793,-0.9768,0.4746,GO_GOAL
12.58,-1.134,-0.947,0.6134,-2.3086,-0.0376,-1.0793,-0.9768,0.472,GO_GOAL
12.6,-1.1311,-0.9449,0.6134,-2.3077,-0.0341,-1.0793,-0.9768,0.4693,GO_GOAL
12.62,-1.1281,-0.9428,0.6134,-2.3068,-0.0306,-1.0646,-0.9665,0.4667,GO_GOAL
12.64,-1.1252,-0.9407,0.6134,-2.305,-0.0237,-1.0646,-0.9665,0.4641,GO_GOAL
12.66,-1.1223,-0.9387,0.6134,-2.305,-0.0237,-1.0646,-0.9665,0.4615,GO_GOAL
12.68,-1.1193,-0.9366,0.6134,-2.3041,-0.0202,-1.0646,-0.9665,0.4589,GO_GOAL
12.7,-1.1164,-0.9345,0.6134,-2.3033,-0.0167,-1.0646,-0.9665,0.4563,GO_GOAL
12.72,-1.1134,-0.9324,0.6134,-2.3024,-0.0132,-1.0499,-0.9561,0.4537,GO_GOAL
12.74,-1.1105,-0.9304,0.6134,-2.3015,-0.0097,-1.0499,-0.9561,0.4512,GO_GOAL
12.76,-1.1075,-0.9283,0.6134,-2.2997,-0.0027,-1.0499,-0.9561,0.4486,GO_GOAL
12.78,-1.1046,-0.9262,0.6134,-2.2997,-0.0027,-1.0499,-0.9561,0.446,GO_GOAL
12.8,-1.1016,-0.9242,0.6134,-2.2988,0.0008,-1.0499,-0.9561,0.4435,GO_GOAL
12.82,-1.0987,-0.9221,0.6134,-2.2979,0.0042,-1.0352,-0.9458,0.441,GO_GOAL
12.84,-1.0958,-0.92,0.6134,-2.297,0.0077,-1.0352,-0.9458,0.4384,GO_GOAL
12.86,-1.0928,-0.9179,0.6134,-2.2952,0.0147,-1.0352,-0.9458,0.4359,GO_GOAL
12.88,-1.0899,-0.9159,0.6134,-2.2952,0.0147,-1.0352,-0.9458,0.4334,GO_GOAL
12.9,-1.0869,-0.9138,0.6134,-2.2943,0.0182,-1.0352,-0.9458,0.4309,GO_GOAL
12.92,-1.084,-0.9117,0.6134,-2.2934,0.0217,-1.0204,-0.9354,0.4284,GO_GOAL
12.94,-1.081,-0.9096,0.6134,-2.2925,0.0252,-1.0204,-0.9354,0.4259,GO_GOAL
12.96,-1.0781,-0.9076,0.6134,-2.2916,0.0287,-1.0204,-0.9354,0.4234,GO_GOAL
12.98,-1.0752,-0.9055,0.6134,-2.2898,0.0356,-1.0204,-0.9354,0.421,GO_GOAL
13.0,-1.0722,-0.9034,0.6134,-2.2898,0.0356,-1.0204,-0.9354,0.4185,GO_GOAL
13.02,-1.0693,-0.9014,0.6134,-2.2889,0.0391,-1.0057,-0.9251,0.4161,GO_GOAL
13.04,-1.0663,-0.8993,0.6134,-2.288,0.0426,-1.0057,-0.9251,0.4136,GO_GOAL
13.06,-1.0634,-0.8972,0.6134,-2.2862,0.0496,-1.0057,-0.9251,0.4112,GO_GOAL
13.08,-1.0604,-0.8951,0.6134,-2.2862,0.0496,-1.0057,-0.9251,0.4088,GO_GOAL
13.1,-1.0575,-0.8931,0.6134,-2.2853,0.0531,-1.0057,-0.9251,0.4064,GO_GOAL
13.12,-1.0546,-0.891,0.6134,-2.2844,0.0565,-0.991,-0.9147,0.404,GO_GOAL
13.14,-1.0516,-0.8889,0.6134,-2.2827,0.0635,-0.991,-0.9147,0.4016,GO_GOAL
13.158,-1.0487,-0.8868,0.6134,-2.2827,0.0635,-0.991,-0.9147,0.3992,GO_GOAL
13.18,-1.0457,-0.8848,0.6134,-2.2818,0.067,-0.991,-0.9147,0.3969,GO_GOAL
13.2,-1.0428,-0.8827,0.6134,-2.2809,0.0705,-0.991,-0.9147,0.3945,GO_GOAL
13.22,-1.0398,-0.8806,0.6134,-2.28,0.074,-0.9762,-0.9044,0.3922,GO_GOAL
13.24,-1.0369,-0.8786,0.6134,-2.2791,0.0775,-0.9762,-0.9044,0.3898,GO_GOAL
13.26,-1.0339,-0.8765,0.6134,-2.2782,0.081,-0.9762,-0.9044,0.3875,GO_GOAL
13.28,-1.031,-0.8744,0.6134,-2.2773,0.0844,-0.9762,-0.9044,0.3852,GO_GOAL
13.3,-1.0281,-0.8723,0.6134,-2.2764,0.0879,-0.9762,-0.9044,0.3829,GO_GOAL
13.32,-1.0251,-0.8703,0.6134,-2.2755,0.0914,-0.9615,-0.894,0.3806,GO_GOAL
13.34,-1.0222,-0.8682,0.6134,-2.2746,0.0949,-0.9615,-0.894,0.3783,GO_GOAL
13.36,-1.0192,-0.8661,0.6134,-2.2737,0.0984,-0.9615,-0.894,0.3761,GO_GOAL
13.38,-1.0163,-0.8641,0.6134,-2.2728,0.1019,-0.9615,-0.894,0.3738,GO_GOAL
13.4,-1.0133,-0.862,0.6134,-2.2719,0.1054,-0.9615,-0.894,0.3715,GO_GOAL
13.42,-1.0104,-0.8599,0.6134,-2.271,0.1089,-0.9468,-0.8837,0.3693,GO_GOAL
13.44,-1.0075,-0.8578,0.6134,-2.2701,0.1123,-0.9468,-0.8837,0.3671,GO_GOAL
13.46,-1.0045,-0.8558,0.6134,-2.2692,0.1158,-0.9468,-0.8837,0.3649,GO_GOAL
13.48,-1.0016,-0.8537,0.6134,-2.2683,0.1193,-0.9468,-0.8837,0.3627,GO_GOAL
13.5,-0.9986,-0.8516,0.6134,-2.2674,0.1228,-0.9468,-0.8837,0.3605,GO_GOAL
13.52,-0.9957,-0.8495,0.6134,-2.2665,0.1263,-0.9321,-0.8733,0.3583,GO_GOAL
13.54,-0.9927,-0.8475,0.6134,-2.2656,0.1298,-0.9321,-0.8733,0.3562,GO_GOAL
13.56,-0.9898,-0.8454,0.6134,-2.2648,0.1333,-0.9321,-0.8733,0.354,GO_GOAL
13.58,-0.9868,-0.8433,0.6134,-2.2639,0.1367,-0.9321,-0.8733,0.3519,GO_GOAL
13.6,-0.9839,-0.8413,0.6134,-2.263,0.1402,-0.9321,-0.8733,0.3498,GO_GOAL
13.62,-0.981,-0.8392,0.6134,-2.2621,0.1437,-0.9173,-0.863,0.3476,GO_GOAL
13.64,-0.978,-0.8371,0.6134,-2.2612,0.1472,-0.9173,-0.863,0.3455,GO_GOAL
13.66,-0.9751,-0.835,0.6134,-2.2603,0.1507,-0.9173,-0.863,0.3435,GO_GOAL
13.68,-0.9721,-0.833,0.6134,-2.2594,0.1542,-0.9173,-0.863,0.3414,GO_GOAL
13.7,-0.9692,-0.8309,0.6134,-2.2585,0.1577,-0.9173,-0.863,0.3393,GO_GOAL
13.72,-0.9662,-0.8288,0.6134,-2.2576,0.1612,-0.9026,-0.8526,0.3373,GO_GOAL
13.74,-0.9633,-0.8267,0.6134,-2.2567,0.1646,-0.9026,-0.8526,0.3353,GO_GOAL
13.76,-0.9604,-0.8247,0.6134,-2.2558,0.1681,-0.9026,-0.8526,0.3332,GO_GOAL
13.78,-0.9574,-0.8226,0.6134,-2.2549,0.1716,-0.9026,-0.8526,0.3312,GO_GOAL
13.8,-0.9545,-0.8205,0.6134,-2.254,0.1751,-0.9026,-0.8526,0.3292,GO_GOAL
13.82,-0.9515,-0.8185,0.6134,-2.2531,0.1786,-0.8879,-0.8423,0.3273,GO_GOAL
13.84,-0.9486,-0.8164,0.6134,-2.2522,0.1821,-0.8879,-0.8423,0.3253,GO_GOAL
13.86,-0.9456,-0.8143,0.6134,-2.2513,0.1856,-0.8879,-0.8423,0.3234,GO_GOAL
13.88,-0.9427,-0.8122,0.6134,-2.2504,0.189,-0.8879,-0.8423,0.3214,GO_GOAL
13.9,-0.9398,-0.8102,0.6134,-2.2495,0.1925,-0.8879,-0.8423,0.3195,GO_GOAL
13.92,-0.9368,-0.8081,0.6134,-2.2486,0.196,-0.8732,-0.8319,0.3176,GO_GOAL
13.94,-0.9339,-0.806,0.6134,-2.2477,0.1995,-0.8732,-0.8319,0.3157,GO_GOAL
13.96,-0.9309,-0.804,0.6134,-2.2468,0.203,-0.8732,-0.8319,0.3138,GO_GOAL
13.98,-0.928,-0.8019,0.6134,-2.2459,0.2065,-0.8732,-0.8319,0.312,GO_GOAL
14.0,-0.925,-0.7998,0.6134,-2.2442,0.2135,-0.8732,-0.8319,0.3102,GO_GOAL
14.02,-0.9221,-0.7977,0.6134,-2.2442,0.2135,-0.8584,-0.8216,0.3083,GO_GOAL
14.04,-0.9191,-0.7957,0.6134,-2.2433,0.2169,-0.8584,-0.8216,0.3065,GO_GOAL
14.06,-0.9162,-0.7936,0.6134,-2.2424,0.2204,-0.8584,-0.8216,0.3047,GO_GOAL
14.08,-0.9133,-0.7915,0.6134,-2.2415,0.2239,-0.8584,-0.8216,0.3029,GO_GOAL
14.1,-0.9103,-0.7894,0.6134,-2.2406,0.2274,-0.8584,-0.8216,0.3012,GO_GOAL
14.12,-0.9074,-0.7874,0.6134,-2.2397,0.2309,-0.8437,-0.8112,0.2994,GO_GOAL
14.14,-0.9044,-0.7853,0.6134,-2.2388,0.2344,-0.8437,-0.8112,0.2977,GO_GOAL
14.16,-0.9015,-0.7832,0.6134,-2.2379,0.2379,-0.8437,-0.8112,0.296,GO_GOAL
14.18,-0.8985,-0.7812,0.6134,-2.2361,0.2448,-0.8437,-0.8112,0.2943,GO_GOAL
14.2,-0.8956,-0.7791,0.6134,-2.2361,0.2448,-0.8437,-0.8112,0.2926,GO_GOAL
14.22,-0.8927,-0.777,0.6134,-2.2343,0.2518,-0.829,-0.8009,0.2909,GO_GOAL
14.24,-0.8897,-0.7749,0.6134,-2.2343,0.2518,-0.829,-0.8009,0.2893,GO_GOAL
14.26,-0.8868,-0.7729,0.6134,-2.2334,0.2553,-0.829,-0.8009,0.2877,GO_GOAL
14.28,-0.8838,-0.7708,0.6134,-2.2325,0.2588,-0.829,-0.8009,0.286,GO_GOAL
14.3,-0.8809,-0.7687,0.6134,-2.2316,0.2623,-0.829,-0.8009,0.2845,GO_GOAL
14.32,-0.8779,-0.7666,0.6134,-2.2307,0.2658,-0.8143,-0.7905,0.2829,GO_GOAL
14.34,-0.875,-0.7646,0.6134,-2.2298,0.2692,-0.8143,-0.7905,0.2813,GO_GOAL
14.36,-0.872,-0.7625,0.6134,-2.2289,0.2727,-0.8143,-0.7905,0.2798,GO_GOAL
14.38,-0.8691,-0.7604,0.6134,-2.228,0.2762,-0.8143,-0.7905,0.2782,GO_GOAL
14.4,-0.8662,-0.7584,0.6134,-2.2271,0.2797,-0.8143,-0.7905,0.2767,GO_GOAL
14.42,-0.8632,-0.7563,0.6134,-2.2263,0.2832,-0.7995,-0.7802,0.2753,GO_GOAL
14.44,-0.8603,-0.7542,0.6134,-2.2245,0.2902,-0.7995,-0.7802,0.2738,GO_GOAL
14.46,-0.8573,-0.7521,0.6134,-2.2245,0.2902,-0.7995,-0.7802,0.2723,GO_GOAL
14.48,-0.8544,-0.7501,0.6134,-2.2227,0.2971,-0.7995,-0.7802,0.2709,GO_GOAL
14.5,-0.8514,-0.748,0.6134,-2.2227,0.2971,-0.7995,-0.7802,0.2695,GO_GOAL
14.52,-0.8485,-0.7459,0.6134,-2.2218,0.3006,-0.7848,-0.7698,0.2681,GO_GOAL
14.54,-0.8456,-0.7438,0.6134,-2.2209,0.3041,-0.7848,-0.7698,0.2667,GO_GOAL
14.56,-0.8426,-0.7418,0.6134,-2.22,0.3076,-0.7848,-0.7698,0.2654,GO_GOAL
14.58,-0.8397,-0.7397,0.6134,-2.2191,0.3111,-0.7848,-0.7698,0.264,GO_GOAL
14.6,-0.8367,-0.7376,0.6134,-2.2182,0.3146,-0.7848,-0.7698,0.2627,GO_GOAL
14.62,-0.8338,-0.7356,0.6134,-2.2173,0.3181,-0.7701,-0.7595,0.2614,GO_GOAL
14.64,-0.8308,-0.7335,0.6134,-2.2164,0.3215,-0.7701,-0.7595,0.2601,GO_GOAL
14.66,-0.8279,-0.7314,0.6134,-2.2155,0.325,-0.7701,-0.7595,0.2589,GO_GOAL
14.68,-0.825,-0.7293,0.6134,-2.2146,0.3285,-0.7701,-0.7595,0.2576,GO_GOAL
14.7,-0.822,-0.7273,0.6134,-2.2137,0.332,-0.7701,-0.7595,0.2564,GO_GOAL
14.72,-0.8191,-0.7252,0.6134,-2.2128,0.3355,-0.7553,-0.7491,0.2552,GO_GOAL
14.74,-0.8161,-0.7231,0.6134,-2.2119,0.339,-0.7553,-0.7491,0.254,GO_GOAL
14.76,-0.8132,-0.7211,0.6134,-2.211,0.3425,-0.7553,-0.7491,0.2529,GO_GOAL
14.78,-0.8102,-0.719,0.6134,-2.2101,0.346,-0.7553,-0.7491,0.2518,GO_GOAL
14.8,-0.8073,-0.7169,0.6134,-2.2092,0.3494,-0.7553,-0.7491,0.2506,GO_GOAL
14.82,-0.8043,-0.7148,0.6134,-2.2083,0.3529,-0.7406,-0.7388,0.2495,GO_GOAL
14.84,-0.8014,-0.7128,0.6134,-2.2074,0.3564,-0.7406,-0.7388,0.2485,GO_GOAL
14.86,-0.7985,-0.7107,0.6134,-2.2066,0.3599,-0.7406,-0.7388,0.2474,GO_GOAL
14.88,-0.7955,-0.7086,0.6134,-2.2057,0.3634,-0.7406,-0.7388,0.2464,GO_GOAL
14.9,-0.7926,-0.7065,0.6134,-2.2039,0.3704,-0.7406,-0.7388,0.2454,GO_GOAL
14.92,-0.7896,-0.7045,0.6134,-2.2039,0.3704,-0.7259,-0.7284,0.2444,GO_GOAL
14.94,-0.7867,-0.7024,0.6134,-2.203,0.3739,-0.7259,-0.7284,0.2434,GO_GOAL
14.96,-0.7837,-0.7003,0.6134,-2.2021,0.3773,-0.7259,-0.7284,0.2425,GO_GOAL
14.98,-0.7808,-0.6983,0.6134,-2.2012,0.3808,-0.7259,-0.7284,0.2416,GO_GOAL
15.0,-0.7779,-0.6962,0.6134,-2.2003,0.3843,-0.7259,-0.7284,0.2407,GO_GOAL
15.02,-0.7749,-0.6941,0.6134,-2.1994,0.3878,-0.7112,-0.7181,0.2398,GO_GOAL
15.04,-0.772,-0.692,0.6134,-2.1985,0.3913,-0.7112,-0.7181,0.2389,GO_GOAL
15.06,-0.769,-0.69,0.6134,-2.1967,0.3983,-0.7112,-0.7181,0.2381,GO_GOAL
15.08,-0.7661,-0.6879,0.6134,-2.1967,0.3983,-0.7112,-0.7181,0.2373,GO_GOAL
15.1,-0.7631,-0.6858,0.6134,-2.1949,0.4052,-0.7112,-0.7181,0.2365,GO_GOAL
15.12,-0.7602,-0.6837,0.6134,-2.1949,0.4052,-0.6935,-0.7056,0.2357,GO_GOAL
15.14,-0.7572,-0.6817,0.6134,-2.194,0.4087,-0.6935,-0.7056,0.235,GO_GOAL
15.16,-0.7543,-0.6796,0.6134,-2.1931,0.4122,-0.6935,-0.7056,0.2343,GO_GOAL
15.18,-0.7514,-0.6775,0.6134,-2.1922,0.4157,-0.6935,-0.7056,0.2336,GO_GOAL
15.2,-0.7484,-0.6755,0.6134,-2.1913,0.4192,-0.6817,-0.6974,0.2329,GO_GOAL
15.22,-0.7455,-0.6734,0.6134,-2.1904,0.4227,-0.6817,-0.6974,0.2322,GO_GOAL
15.24,-0.7425,-0.6713,0.6134,-2.1895,0.4262,-0.6817,-0.6974,0.2316,GO_GOAL
15.26,-0.7396,-0.6692,0.6134,-2.1886,0.4296,-0.6817,-0.6974,0.231,GO_GOAL
15.28,-0.7366,-0.6672,0.6134,-2.1878,0.4331,-0.6817,-0.6974,0.2304,GO_GOAL
15.3,-0.7337,-0.6651,0.6134,-2.1869,0.4366,-0.6817,-0.6974,0.2299,GO_GOAL
15.32,-0.7308,-0.663,0.6134,-2.186,0.4401,-0.667,-0.687,0.2293,GO_GOAL
15.34,-0.7278,-0.6609,0.6134,-2.1851,0.4436,-0.667,-0.687,0.2288,GO_GOAL
15.36,-0.7249,-0.6589,0.6134,-2.1842,0.4471,-0.667,-0.687,0.2283,GO_GOAL
15.38,-0.7219,-0.6568,0.6134,-2.1824,0.4541,-0.667,-0.687,0.2279,GO_GOAL
15.4,-0.719,-0.6547,0.6134,-2.1824,0.4541,-0.667,-0.687,0.2274,GO_GOAL
15.42,-0.716,-0.6527,0.6134,-2.1815,0.4575,-0.6523,-0.6767,0.227,GO_GOAL
15.44,-0.7131,-0.6506,0.6134,-2.1806,0.461,-0.6523,-0.6767,0.2266,GO_GOAL
15.46,-0.7102,-0.6485,0.6134,-2.1797,0.4645,-0.6523,-0.6767,0.2262,GO_GOAL
15.48,-0.7072,-0.6464,0.6134,-2.1788,0.468,-0.6523,-0.6767,0.2259,GO_GOAL
15.5,-0.7043,-0.6444,0.6134,-2.1779,0.4715,-0.6523,-0.6767,0.2256,GO_GOAL
15.52,-0.7013,-0.6423,0.6134,-2.1761,0.4785,-0.6375,-0.6663,0.2253,GO_GOAL
15.54,-0.6984,-0.6402,0.6134,-2.1752,0.4819,-0.6375,-0.6663,0.225,GO_GOAL
15.56,-0.6954,-0.6382,0.6134,-2.1752,0.4819,-0.6375,-0.6663,0.2248,GO_GOAL
15.58,-0.6925,-0.6361,0.6134,-2.1743,0.4854,-0.6375,-0.6663,0.2245,GO_GOAL
15.6,-0.6895,-0.634,0.6134,-2.1734,0.4889,-0.6375,-0.6663,0.2243,GO_GOAL
15.62,-0.6866,-0.6319,0.6134,-2.1725,0.4924,-0.6228,-0.656,0.2242,GO_GOAL
15.64,-0.6837,-0.6299,0.6134,-2.1716,0.4959,-0.6228,-0.656,0.224,GO_GOAL
15.66,-0.6807,-0.6278,0.6134,-2.1707,0.4994,-0.6228,-0.656,0.2239,GO_GOAL
15.68,-0.6778,-0.6257,0.6134,-2.1698,0.5029,-0.6228,-0.656,0.2238,GO_GOAL
15.7,-0.6748,-0.6236,0.6134,-2.1681,0.5098,-0.6081,-0.6456,0.2237,GO_GOAL
15.72,-0.6719,-0.6216,0.6134,-2.1681,0.5098,-0.6081,-0.6456,0.2236,GO_GOAL
15.74,-0.6689,-0.6195,0.6134,-2.1672,0.5133,-0.6081,-0.6456,0.2236,GO_GOAL
15.76,-0.666,-0.6174,0.6134,-2.1663,0.5168,-0.6081,-0.6456,0.2236,GO_GOAL
15.78,-0.6631,-0.6154,0.6134,-2.1654,0.5203,-0.6081,-0.6456,0.2236,GO_GOAL
15.8,-0.6601,-0.6133,0.6134,-2.1645,0.5238,-0.6081,-0.6456,0.2237,GO_GOAL
15.82,-0.6572,-0.6112,0.6134,-2.1627,0.5308,-0.5934,-0.6352,0.2237,GO_GOAL
15.84,-0.6542,-0.6091,0.6134,-2.1627,0.5308,-0.5934,-0.6352,0.2238,GO_GOAL
15.86,-0.6513,-0.6071,0.6134,-2.1618,0.5342,-0.5934,-0.6352,0.2239,GO_GOAL
15.88,-0.6483,-0.605,0.6134,-2.16,0.5412,-0.5934,-0.6352,0.2241,GO_GOAL
15.9,-0.6454,-0.6029,0.6134,-2.16,0.5412,-0.5934,-0.6352,0.2242,GO_GOAL
15.92,-0.6424,-0.6008,0.6134,-2.1591,0.5447,-0.5786,-0.6249,0.2244,GO_GOAL
15.94,-0.6395,-0.5988,0.6134,-2.1582,0.5482,-0.5786,-0.6249,0.2246,GO_GOAL
15.96,-0.6366,-0.5967,0.6134,-2.1564,0.5552,-0.5786,-0.6249,0.2249,GO_GOAL
15.98,-0.6336,-0.5946,0.6134,-2.1564,0.5552,-0.5786,-0.6249,0.2251,GO_GOAL
16.0,-0.6307,-0.5926,0.6134,-2.1555,0.5587,-0.5786,-0.6249,0.2254,GO_GOAL
16.02,-0.6277,-0.5905,0.6134,-2.1546,0.5621,-0.5639,-0.6145,0.2257,GO_GOAL
16.04,-0.6248,-0.5884,0.6134,-2.1537,0.5656,-0.5639,-0.6145,0.226,GO_GOAL
16.06,-0.6218,-0.5863,0.6134,-2.1519,0.5726,-0.5639,-0.6145,0.2264,GO_GOAL
16.08,-0.6189,-0.5843,0.6134,-2.1519,0.5726,-0.5639,-0.6145,0.2268,GO_GOAL
16.1,-0.616,-0.5822,0.6134,-2.151,0.5761,-0.5639,-0.6145,0.2272,GO_GOAL
16.12,-0.613,-0.5801,0.6134,-2.1501,0.5796,-0.5462,-0.6021,0.2276,GO_GOAL
16.14,-0.6101,-0.578,0.6134,-2.1492,0.5831,-0.5462,-0.6021,0.2281,GO_GOAL
16.16,-0.6071,-0.576,0.6134,-2.1484,0.5866,-0.5462,-0.6021,0.2285,GO_GOAL
16.18,-0.6042,-0.5739,0.6134,-2.1466,0.5935,-0.5462,-0.6021,0.229,GO_GOAL
16.2,-0.6012,-0.5718,0.6134,-2.1466,0.5935,-0.5462,-0.6021,0.2296,GO_GOAL
16.22,-0.5983,-0.5698,0.6134,-2.1457,0.597,-0.5344,-0.5938,0.2301,GO_GOAL
16.24,-0.5954,-0.5677,0.6134,-2.1448,0.6005,-0.5344,-0.5938,0.2307,GO_GOAL
16.26,-0.5924,-0.5656,0.6134,-2.1439,0.604,-0.5344,-0.5938,0.2313,GO_GOAL
16.28,-0.5895,-0.5635,0.6134,-2.143,0.6075,-0.5344,-0.5938,0.2319,GO_GOAL
16.3,-0.5865,-0.5615,0.6134,-2.1421,0.611,-0.5344,-0.5938,0.2325,GO_GOAL
16.32,-0.5836,-0.5594,0.6134,-2.1403,0.6179,-0.5168,-0.5814,0.2332,GO_GOAL
16.34,-0.5806,-0.5573,0.6134,-2.1403,0.6179,-0.5168,-0.5814,0.2339,GO_GOAL
16.36,-0.5777,-0.5553,0.6134,-2.1394,0.6214,-0.5168,-0.5814,0.2346,GO_GOAL
16.38,-0.5747,-0.5532,0.6134,-2.1385,0.6249,-0.5168,-0.5814,0.2353,GO_GOAL
16.4,-0.5718,-0.5511,0.6134,-2.1376,0.6284,-0.5168,-0.5814,0.2361,GO_GOAL
16.42,-0.5689,-0.549,0.6134,-2.1367,0.6319,-0.505,-0.5731,0.2368,GO_GOAL
16.44,-0.5659,-0.547,0.6134,-2.1358,0.6354,-0.505,-0.5731,0.2376,GO_GOAL
16.46,-0.563,-0.5449,0.6134,-2.1349,0.6389,-0.505,-0.5731,0.2385,GO_GOAL
16.48,-0.56,-0.5428,0.6134,-2.134,0.6423,-0.505,-0.5731,0.2393,GO_GOAL
16.5,-0.5571,-0.5407,0.6134,-2.1331,0.6458,-0.505,-0.5731,0.2402,GO_GOAL
16.52,-0.5541,-0.5387,0.6134,-2.1322,0.6493,-0.4903,-0.5628,0.2411,GO_GOAL
16.54,-0.5512,-0.5366,0.6134,-2.1304,0.6563,-0.4903,-0.5628,0.242,GO_GOAL
16.56,-0.5483,-0.5345,0.6134,-2.1304,0.6563,-0.4903,-0.5628,0.2429,GO_GOAL
16.58,-0.5453,-0.5325,0.6134,-2.1296,0.6598,-0.4903,-0.5628,0.2438,GO_GOAL
16.6,-0.5424,-0.5304,0.6134,-2.1287,0.6633,-0.4903,-0.5628,0.2448,GO_GOAL
16.62,-0.5394,-0.5283,0.6134,-2.1278,0.6668,-0.4755,-0.5524,0.2458,GO_GOAL
16.64,-0.5365,-0.5262,0.6134,-2.1269,0.6702,-0.4755,-0.5524,0.2468,GO_GOAL
16.66,-0.5335,-0.5242,0.6134,-2.1251,0.6772,-0.4755,-0.5524,0.2479,GO_GOAL
16.68,-0.5306,-0.5221,0.6134,-2.1251,0.6772,-0.4755,-0.5524,0.2489,GO_GOAL
16.7,-0.5276,-0.52,0.6134,-2.1242,0.6807,-0.4755,-0.5524,0.25,GO_GOAL
16.72,-0.5247,-0.5179,0.6134,-2.1233,0.6842,-0.4608,-0.5421,0.2511,GO_GOAL
16.74,-0.5218,-0.5159,0.6134,-2.1224,0.6877,-0.4608,-0.5421,0.2522,GO_GOAL
16.76,-0.5188,-0.5138,0.6134,-2.1215,0.6912,-0.4608,-0.5421,0.2534,GO_GOAL
16.78,-0.5159,-0.5117,0.6134,-2.1206,0.6946,-0.4608,-0.5421,0.2546,GO_GOAL
16.8,-0.5129,-0.5097,0.6134,-2.1197,0.6981,-0.4608,-0.5421,0.2557,GO_GOAL
16.82,-0.51,-0.5076,0.6134,-2.1188,0.7016,-0.4461,-0.5317,0.257,GO_GOAL
16.84,-0.507,-0.5055,0.6134,-2.1179,0.7051,-0.4461,-0.5317,0.2582,GO_GOAL
16.86,-0.5041,-0.5034,0.6134,-2.117,0.7086,-0.4461,-0.5317,0.2594,GO_GOAL
16.88,-0.5012,-0.5014,0.6134,-2.1161,0.7121,-0.4461,-0.5317,0.2607,GO_GOAL
16.9,-0.4982,-0.4993,0.6134,-2.1143,0.7191,-0.4461,-0.5317,0.262,GO_GOAL
16.92,-0.4953,-0.4972,0.6134,-2.1143,0.7191,-0.4314,-0.5214,0.2633,GO_GOAL
16.94,-0.4923,-0.4951,0.6134,-2.1134,0.7225,-0.4314,-0.5214,0.2646,GO_GOAL
16.96,-0.4894,-0.4931,0.6134,-2.1116,0.7295,-0.4314,-0.5214,0.266,GO_GOAL
16.98,-0.4864,-0.491,0.6134,-2.1116,0.7295,-0.4314,-0.5214,0.2673,GO_GOAL
17.0,-0.4835,-0.4889,0.6134,-2.1107,0.733,-0.4314,-0.5214,0.2687,GO_GOAL
17.02,-0.4805,-0.4869,0.6134,-2.1099,0.7365,-0.4166,-0.511,0.2701,GO_GOAL
17.04,-0.4776,-0.4848,0.6134,-2.109,0.74,-0.4166,-0.511,0.2715,GO_GOAL
17.06,-0.4747,-0.4827,0.6134,-2.1081,0.7435,-0.4166,-0.511,0.273,GO_GOAL
17.08,-0.4717,-0.4806,0.6134,-2.1072,0.7469,-0.4166,-0.511,0.2744,GO_GOAL
17.1,-0.4688,-0.4786,0.6134,-2.1063,0.7504,-0.4166,-0.511,0.2759,GO_GOAL
17.12,-0.4658,-0.4765,0.6134,-2.1054,0.7539,-0.4019,-0.5007,0.2774,GO_GOAL
17.14,-0.4629,-0.4744,0.6134,-2.1045,0.7574,-0.4019,-0.5007,0.2789,GO_GOAL
17.16,-0.4599,-0.4724,0.6134,-2.1036,0.7609,-0.4019,-0.5007,0.2805,GO_GOAL
17.18,-0.457,-0.4703,0.6134,-2.1027,0.7644,-0.4019,-0.5007,0.282,GO_GOAL
17.2,-0.4541,-0.4682,0.6134,-2.1018,0.7679,-0.3872,-0.4903,0.2836,GO_GOAL
17.22,-0.4511,-0.4661,0.6134,-2.1009,0.7714,-0.3872,-0.4903,0.2852,GO_GOAL
17.24,-0.4482,-0.4641,0.6134,-2.1,0.7748,-0.3872,-0.4903,0.2868,GO_GOAL
17.26,-0.4452,-0.462,0.6134,-2.0991,0.7783,-0.3872,-0.4903,0.2884,GO_GOAL
17.28,-0.4423,-0.4599,0.6134,-2.0973,0.7853,-0.3872,-0.4903,0.29,GO_GOAL
17.3,-0.4393,-0.4578,0.6134,-2.0973,0.7853,-0.3872,-0.4903,0.2917,GO_GOAL
17.32,-0.4364,-0.4558,0.6134,-2.0955,0.7923,-0.3725,-0.48,0.2933,GO_GOAL
17.34,-0.4335,-0.4537,0.6134,-2.0946,0.7958,-0.3725,-0.48,0.295,GO_GOAL
17.36,-0.4305,-0.4516,0.6134,-2.0946,0.7958,-0.3725,-0.48,0.2967,GO_GOAL
17.38,-0.4276,-0.4496,0.6134,-2.0937,0.7993,-0.3725,-0.48,0.2985,GO_GOAL
17.4,-0.4246,-0.4475,0.6134,-2.0928,0.8027,-0.3725,-0.48,0.3002,GO_GOAL
17.42,-0.4217,-0.4454,0.6134,-2.0919,0.8062,-0.3548,-0.4676,0.302,GO_GOAL
17.44,-0.4187,-0.4433,0.6134,-2.0911,0.8097,-0.3548,-0.4676,0.3037,GO_GOAL
17.46,-0.4158,-0.4413,0.6134,-2.0902,0.8132,-0.3548,-0.4676,0.3055,GO_GOAL
17.48,-0.4128,-0.4392,0.6134,-2.0893,0.8167,-0.3548,-0.4676,0.3073,GO_GOAL
17.5,-0.4099,-0.4371,0.6134,-2.0884,0.8202,-0.3548,-0.4676,0.3091,GO_GOAL
17.52,-0.407,-0.435,0.6134,-2.0875,0.8237,-0.343,-0.4593,0.311,GO_GOAL
17.54,-0.404,-0.433,0.6134,-2.0866,0.8271,-0.343,-0.4593,0.3128,GO_GOAL
17.56,-0.4011,-0.4309,0.6134,-2.0857,0.8306,-0.343,-0.4593,0.3147,GO_GOAL
17.58,-0.3981,-0.4288,0.6134,-2.0848,0.8341,-0.343,-0.4593,0.3166,GO_GOAL
17.6,-0.3952,-0.4268,0.6134,-2.0839,0.8376,-0.343,-0.4593,0.3184,GO_GOAL
17.62,-0.3922,-0.4247,0.6134,-2.083,0.8411,-0.3283,-0.4489,0.3204,GO_GOAL
17.64,-0.3893,-0.4226,0.6134,-2.0812,0.8481,-0.3283,-0.4489,0.3223,GO_GOAL
17.66,-0.3864,-0.4205,0.6134,-2.0812,0.8481,-0.3283,-0.4489,0.3242,GO_GOAL
17.68,-0.3834,-0.4185,0.6134,-2.0803,0.8516,-0.3283,-0.4489,0.3262,GO_GOAL
17.7,-0.3805,-0.4164,0.6134,-2.0794,0.855,-0.3283,-0.4489,0.3281,GO_GOAL
17.72,-0.3775,-0.4143,0.6134,-2.0785,0.8585,-0.3136,-0.4386,0.3301,GO_GOAL
17.74,-0.3746,-0.4122,0.6134,-2.0776,0.862,-0.3136,-0.4386,0.3321,GO_GOAL
17.76,-0.3716,-0.4102,0.6134,-2.0767,0.8655,-0.3136,-0.4386,0.3341,GO_GOAL
17.78,-0.3687,-0.4081,0.6134,-2.0749,0.8725,-0.3136,-0.4386,0.3362,GO_GOAL
17.8,-0.3657,-0.406,0.6134,-2.0749,0.8725,-0.3136,-0.4386,0.3382,GO_GOAL
17.82,-0.3628,-0.404,0.6134,-2.074,0.876,-0.2988,-0.4282,0.3402,GO_GOAL
17.84,-0.3599,-0.4019,0.6134,-2.0731,0.8795,-0.2988,-0.4282,0.3423,GO_GOAL
17.86,-0.3569,-0.3998,0.6134,-2.0714,0.8864,-0.2988,-0.4282,0.3444,GO_GOAL
17.88,-0.354,-0.3977,0.6134,-2.0714,0.8864,-0.2988,-0.4282,0.3465,GO_GOAL
17.9,-0.351,-0.3957,0.6134,-2.0705,0.8899,-0.2988,-0.4282,0.3486,GO_GOAL
17.916,-0.3481,-0.3936,0.6134,-2.0696,0.8934,-0.2841,-0.4179,0.3507,GO_GOAL
17.94,-0.3451,-0.3915,0.6134,-2.0687,0.8969,-0.2841,-0.4179,0.3528,GO_GOAL
17.96,-0.3422,-0.3895,0.6134,-2.0678,0.9004,-0.2841,-0.4179,0.355,GO_GOAL
17.98,-0.3393,-0.3874,0.6134,-2.0669,0.9039,-0.2841,-0.4179,0.3571,GO_GOAL
18.0,-0.3363,-0.3853,0.6134,-2.066,0.9073,-0.2841,-0.4179,0.3593,GO_GOAL
18.02,-0.3334,-0.3832,0.6134,-2.0651,0.9108,-0.2694,-0.4075,0.3615,GO_GOAL
18.04,-0.3304,-0.3812,0.6134,-2.0642,0.9143,-0.2694,-0.4075,0.3637,GO_GOAL
18.06,-0.3275,-0.3791,0.6134,-2.0633,0.9178,-0.2694,-0.4075,0.3659,GO_GOAL
18.08,-0.3245,-0.377,0.6134,-2.0624,0.9213,-0.2694,-0.4075,0.3681,GO_GOAL
18.1,-0.3216,-0.3749,0.6134,-2.0615,0.9248,-0.2694,-0.4075,0.3703,GO_GOAL
18.12,-0.3187,-0.3729,0.6134,-2.0597,0.9318,-0.2517,-0.3951,0.3725,GO_GOAL
18.14,-0.3157,-0.3708,0.6134,-2.0597,0.9318,-0.2517,-0.3951,0.3748,GO_GOAL
18.16,-0.3128,-0.3687,0.6134,-2.0588,0.9352,-0.2517,-0.3951,0.3771,GO_GOAL
18.18,-0.3098,-0.3667,0.6134,-2.0579,0.9387,-0.2517,-0.3951,0.3793,GO_GOAL
18.2,-0.3069,-0.3646,0.6134,-2.057,0.9422,-0.2517,-0.3951,0.3816,GO_GOAL
18.22,-0.3039,-0.3625,0.6134,-2.0561,0.9457,-0.2399,-0.3868,0.3839,GO_GOAL
18.24,-0.301,-0.3604,0.6134,-2.0552,0.9492,-0.2399,-0.3868,0.3862,GO_GOAL
18.26,-0.298,-0.3584,0.6134,-2.0543,0.9527,-0.2399,-0.3868,0.3885,GO_GOAL
18.28,-0.2951,-0.3563,0.6134,-2.0534,0.9562,-0.2399,-0.3868,0.3909,GO_GOAL
18.3,-0.2922,-0.3542,0.6134,-2.0526,0.9596,-0.2399,-0.3868,0.3932,GO_GOAL
18.32,-0.2892,-0.3521,0.6134,-2.0517,0.9631,-0.2252,-0.3765,0.394,GO_GOAL
18.34,-0.2863,-0.3501,0.6134,-2.0499,0.9701,-0.2252,-0.3765,0.3946,GO_GOAL
18.36,-0.2833,-0.348,0.6134,-2.0499,0.9701,-0.2252,-0.3765,0.3951,GO_GOAL
18.38,-0.2804,-0.3459,0.6134,-2.049,0.9736,-0.2252,-0.3765,0.3957,GO_GOAL
18.4,-0.2774,-0.3439,0.6134,-2.0481,0.9771,-0.2252,-0.3765,0.3963,GO_GOAL
18.42,-0.2745,-0.3418,0.6134,-2.0472,0.9806,-0.2105,-0.3661,0.3969,GO_GOAL
18.44,-0.2716,-0.3397,0.6134,-2.0463,0.9841,-0.2105,-0.3661,0.3976,GO_GOAL
18.46,-0.2686,-0.3376,0.6134,-2.0454,0.9875,-0.2105,-0.3661,0.3982,GO_GOAL
18.48,-0.2657,-0.3356,0.6134,-2.0445,0.991,-0.2105,-0.3661,0.3989,GO_GOAL
18.5,-0.2627,-0.3335,0.6134,-2.0436,0.9945,-0.2105,-0.3661,0.3996,GO_GOAL
18.52,-0.2598,-0.3314,0.6134,-2.0427,0.998,-0.1957,-0.3558,0.4003,GO_GOAL
18.54,-0.2568,-0.3294,0.6134,-2.0418,1.0015,-0.1957,-0.3558,0.401,GO_GOAL
18.56,-0.2539,-0.3273,0.6134,-2.0409,1.005,-0.1957,-0.3558,0.4017,GO_GOAL
18.58,-0.2509,-0.3252,0.6134,-2.04,1.0085,-0.1957,-0.3558,0.4025,GO_GOAL
18.6,-0.248,-0.3231,0.6134,-2.0391,1.012,-0.1957,-0.3558,0.4032,GO_GOAL
18.62,-0.2451,-0.3211,0.6134,-2.0382,1.0154,-0.181,-0.3454,0.404,GO_GOAL
18.64,-0.2421,-0.319,0.6134,-2.0373,1.0189,-0.181,-0.3454,0.4048,GO_GOAL
18.66,-0.2392,-0.3169,0.6134,-2.0355,1.0259,-0.181,-0.3454,0.4057,GO_GOAL
18.68,-0.2362,-0.3148,0.6134,-2.0355,1.0259,-0.181,-0.3454,0.4065,GO_GOAL
18.7,-0.2333,-0.3128,0.6134,-2.0346,1.0294,-0.181,-0.3454,0.4074,GO_GOAL
18.72,-0.2303,-0.3107,0.6134,-2.0337,1.0329,-0.1663,-0.3351,0.4082,GO_GOAL
18.74,-0.2274,-0.3086,0.6134,-2.0329,1.0364,-0.1663,-0.3351,0.4091,GO_GOAL
18.76,-0.2245,-0.3066,0.6134,-2.032,1.0398,-0.1663,-0.3351,0.41,GO_GOAL
18.78,-0.2215,-0.3045,0.6134,-2.0302,1.0468,-0.1663,-0.3351,0.411,GO_GOAL
18.8,-0.2186,-0.3024,0.6134,-2.0302,1.0468,-0.1663,-0.3351,0.4119,GO_GOAL
18.82,-0.2156,-0.3003,0.6134,-2.0293,1.0503,-0.1516,-0.3247,0.4129,GO_GOAL
18.84,-0.2127,-0.2983,0.6134,-2.0275,1.0573,-0.1516,-0.3247,0.4139,GO_GOAL
18.86,-0.2097,-0.2962,0.6134,-2.0275,1.0573,-0.1516,-0.3247,0.4148,GO_GOAL
18.88,-0.2068,-0.2941,0.6134,-2.0266,1.0608,-0.1516,-0.3247,0.4159,GO_GOAL
18.9,-0.2039,-0.292,0.6134,-2.0257,1.0643,-0.1516,-0.3247,0.4169,GO_GOAL
18.92,-0.2009,-0.29,0.6134,-2.0248,1.0677,-0.1368,-0.3144,0.4179,GO_GOAL
18.94,-0.198,-0.2879,0.6134,-2.0239,1.0712,-0.1368,-0.3144,0.419,GO_GOAL
18.96,-0.195,-0.2858,0.6134,-2.0221,1.0782,-0.1368,-0.3144,0.4201,GO_GOAL
18.98,-0.1921,-0.2838,0.6134,-2.0221,1.0782,-0.1368,-0.3144,0.4212,GO_GOAL
19.0,-0.1891,-0.2817,0.6134,-2.0203,1.0852,-0.1221,-0.304,0.4223,GO_GOAL
19.02,-0.1862,-0.2796,0.6134,-2.0203,1.0852,-0.1221,-0.304,0.4234,GO_GOAL
19.04,-0.1832,-0.2775,0.6134,-2.0194,1.0887,-0.1221,-0.304,0.4245,GO_GOAL
19.06,-0.1803,-0.2755,0.6134,-2.0185,1.0922,-0.1221,-0.304,0.4257,GO_GOAL
19.08,-0.1774,-0.2734,0.6134,-2.0176,1.0956,-0.1221,-0.304,0.4269,GO_GOAL
19.1,-0.1744,-0.2713,0.6134,-2.0167,1.0991,-0.1221,-0.304,0.428,GO_GOAL
19.12,-0.1715,-0.2692,0.6134,-2.0158,1.1026,-0.1074,-0.2937,0.4292,GO_GOAL
19.14,-0.1685,-0.2672,0.6134,-2.0149,1.1061,-0.1074,-0.2937,0.4305,GO_GOAL
19.16,-0.1656,-0.2651,0.6134,-2.0132,1.1131,-0.1074,-0.2937,0.4317,GO_GOAL
19.18,-0.1626,-0.263,0.6134,-2.0132,1.1131,-0.1074,-0.2937,0.4329,GO_GOAL
19.2,-0.1597,-0.261,0.6134,-2.0123,1.1166,-0.1074,-0.2937,0.4342,GO_GOAL
19.22,-0.1568,-0.2589,0.6134,-2.0114,1.12,-0.0927,-0.2833,0.4355,GO_GOAL
19.24,-0.1538,-0.2568,0.6134,-2.0105,1.1235,-0.0927,-0.2833,0.4368,GO_GOAL
19.26,-0.1509,-0.2547,0.6134,-2.0096,1.127,-0.0927,-0.2833,0.4381,GO_GOAL
19.28,-0.1479,-0.2527,0.6134,-2.0087,1.1305,-0.0927,-0.2833,0.4394,GO_GOAL
19.3,-0.145,-0.2506,0.6134,-2.0078,1.134,-0.0927,-0.2833,0.4408,GO_GOAL
19.32,-0.142,-0.2485,0.6134,-2.0069,1.1375,-0.0779,-0.273,0.4421,GO_GOAL
19.34,-0.1391,-0.2465,0.6134,-2.006,1.141,-0.0779,-0.273,0.4435,GO_GOAL
19.36,-0.1361,-0.2444,0.6134,-2.0051,1.1445,-0.0779,-0.273,0.4449,GO_GOAL
19.38,-0.1332,-0.2423,0.6134,-2.0042,1.1479,-0.0779,-0.273,0.4463,GO_GOAL
19.4,-0.1303,-0.2402,0.6134,-2.0033,1.1514,-0.0779,-0.273,0.4477,GO_GOAL
19.42,-0.1273,-0.2382,0.6134,-2.0024,1.1549,-0.0632,-0.2626,0.4491,GO_GOAL
19.44,-0.1244,-0.2361,0.6134,-2.0015,1.1584,-0.0632,-0.2626,0.4505,GO_GOAL
19.46,-0.1214,-0.234,0.6134,-2.0006,1.1619,-0.0632,-0.2626,0.452,GO_GOAL
19.48,-0.1185,-0.2319,0.6134,-1.9997,1.1654,-0.0632,-0.2626,0.4535,GO_GOAL
19.5,-0.1155,-0.2299,0.6134,-1.9988,1.1689,-0.0632,-0.2626,0.4549,GO_GOAL
19.52,-0.1126,-0.2278,0.6134,-1.9979,1.1723,-0.0485,-0.2523,0.4564,GO_GOAL
19.54,-0.1097,-0.2257,0.6134,-1.997,1.1758,-0.0485,-0.2523,0.458,GO_GOAL
19.56,-0.1067,-0.2237,0.6134,-1.9952,1.1828,-0.0485,-0.2523,0.4595,GO_GOAL
19.58,-0.1038,-0.2216,0.6134,-1.9952,1.1828,-0.0485,-0.2523,0.461,GO_GOAL
19.6,-0.1008,-0.2195,0.6134,-1.9944,1.1863,-0.0485,-0.2523,0.4626,GO_GOAL
19.62,-0.0979,-0.2174,0.6134,-1.9935,1.1898,-0.0337,-0.2419,0.4641,GO_GOAL
19.64,-0.0949,-0.2154,0.6134,-1.9917,1.1968,-0.0337,-0.2419,0.4657,GO_GOAL
19.66,-0.092,-0.2133,0.6134,-1.9917,1.1968,-0.0337,-0.2419,0.4673,GO_GOAL
19.68,-0.0891,-0.2112,0.6134,-1.9908,1.2002,-0.0337,-0.2419,0.4689,GO_GOAL
19.7,-0.0861,-0.2091,0.6134,-1.9899,1.2037,-0.0337,-0.2419,0.4705,GO_GOAL
19.72,-0.0832,-0.2071,0.6134,-1.989,1.2072,-0.019,-0.2316,0.4722,GO_GOAL
19.74,-0.0802,-0.205,0.6134,-1.9881,1.2107,-0.019,-0.2316,0.4738,GO_GOAL
19.76,-0.0773,-0.2029,0.6134,-1.9863,1.2177,-0.019,-0.2316,0.4755,GO_GOAL
19.78,-0.0743,-0.2009,0.6134,-1.9863,1.2177,-0.019,-0.2316,0.4772,GO_GOAL
19.8,-0.0714,-0.1988,0.6134,-1.9854,1.2212,-0.019,-0.2316,0.4789,GO_GOAL
19.82,-0.0684,-0.1967,0.6134,-1.9845,1.2247,-0.0043,-0.2212,0.4805,GO_GOAL
19.84,-0.0655,-0.1946,0.6134,-1.9836,1.2281,-0.0043,-0.2212,0.4823,GO_GOAL
19.86,-0.0626,-0.1926,0.6134,-1.9827,1.2316,-0.0043,-0.2212,0.484,GO_GOAL
19.88,-0.0596,-0.1905,0.6134,-1.9818,1.2351,-0.0043,-0.2212,0.4857,GO_GOAL
19.9,-0.0567,-0.1884,0.6134,-1.9809,1.2386,-0.0043,-0.2212,0.4875,GO_GOAL
19.92,-0.0537,-0.1863,0.6134,-1.98,1.2421,0.0104,-0.2109,0.4892,GO_GOAL
19.94,-0.0508,-0.1843,0.6134,-1.9791,1.2456,0.0104,-0.2109,0.491,GO_GOAL
19.96,-0.0478,-0.1822,0.6134,-1.9782,1.2491,0.0104,-0.2109,0.4928,GO_GOAL
19.98,-0.0449,-0.1801,0.6134,-1.9773,1.2525,0.0104,-0.2109,0.4946,GO_GOAL
20.0,-0.042,-0.1781,0.6134,-1.9764,1.256,0.0104,-0.2109,0.4964,GO_GOAL
20.02,-0.039,-0.176,0.6134,-1.9756,1.2595,0.0252,-0.2005,0.4982,GO_GOAL
20.04,-0.0361,-0.1739,0.6134,-1.9747,1.263,0.0252,-0.2005,0.5001,GO_GOAL
20.06,-0.0331,-0.1718,0.6134,-1.9738,1.2665,0.0252,-0.2005,0.5019,GO_GOAL
20.08,-0.0302,-0.1698,0.6134,-1.9729,1.27,0.0252,-0.2005,0.5038,GO_GOAL
20.1,-0.0272,-0.1677,0.6134,-1.972,1.2735,0.0252,-0.2005,0.5056,GO_GOAL
20.12,-0.0243,-0.1656,0.6134,-1.9702,1.2804,0.0399,-0.1902,0.5075,GO_GOAL
20.14,-0.0213,-0.1636,0.6134,-1.9702,1.2804,0.0399,-0.1902,0.5094,GO_GOAL
20.16,-0.0184,-0.1615,0.6134,-1.9693,1.2839,0.0399,-0.1902,0.5073,GO_GOAL
20.18,-0.0155,-0.1594,0.6134,-1.9684,1.2874,0.0399,-0.1902,0.5045,GO_GOAL
20.2,-0.0125,-0.1573,0.6134,-1.9675,1.2909,0.0399,-0.1902,0.5016,GO_GOAL
20.22,-0.0096,-0.1553,0.6134,-1.9666,1.2944,0.0546,-0.1798,0.4988,GO_GOAL
20.24,-0.0066,-0.1532,0.6134,-1.9657,1.2979,0.0546,-0.1798,0.496,GO_GOAL
20.26,-0.0037,-0.1511,0.6134,-1.9648,1.3014,0.0546,-0.1798,0.4931,GO_GOAL
20.28,-0.0007,-0.149,0.6134,-1.9639,1.3049,0.0546,-0.1798,0.4903,GO_GOAL
20.3,0.0022,-0.147,0.6134,-1.9621,1.3118,0.0546,-0.1798,0.4875,GO_GOAL
20.32,0.0051,-0.1449,0.6134,-1.9621,1.3118,0.0693,-0.1695,0.4847,GO_GOAL
20.34,0.0081,-0.1428,0.6134,-1.9612,1.3153,0.0693,-0.1695,0.4819,GO_GOAL
20.36,0.011,-0.1408,0.6134,-1.9603,1.3188,0.0693,-0.1695,0.4791,GO_GOAL
20.38,0.014,-0.1387,0.6134,-1.9594,1.3223,0.0693,-0.1695,0.4763,GO_GOAL
20.4,0.0169,-0.1366,0.6134,-1.9585,1.3258,0.0693,-0.1695,0.4735,GO_GOAL
20.42,0.0199,-0.1345,0.6134,-1.9576,1.3293,0.0841,-0.1591,0.4707,GO_GOAL
20.44,0.0228,-0.1325,0.6134,-1.9567,1.3327,0.0841,-0.1591,0.4679,GO_GOAL
20.46,0.0257,-0.1304,0.6134,-1.9559,1.3362,0.0841,-0.1591,0.4652,GO_GOAL
20.48,0.0287,-0.1283,0.6134,-1.955,1.3397,0.0841,-0.1591,0.4624,GO_GOAL
20.5,0.0316,-0.1262,0.6134,-1.9541,1.3432,0.0841,-0.1591,0.4597,GO_GOAL
20.52,0.0346,-0.1242,0.6134,-1.9532,1.3467,0.0988,-0.1488,0.4569,GO_GOAL
20.542,0.0375,-0.1221,0.6134,-1.9514,1.3537,0.0988,-0.1488,0.4542,GO_GOAL
20.56,0.0405,-0.12,0.6134,-1.9514,1.3537,0.0988,-0.1488,0.4514,GO_GOAL
20.58,0.0434,-0.118,0.6134,-1.9505,1.3572,0.0988,-0.1488,0.4487,GO_GOAL
20.6,0.0464,-0.1159,0.6134,-1.9496,1.3606,0.0988,-0.1488,0.446,GO_GOAL
20.62,0.0493,-0.1138,0.6134,-1.9478,1.3676,0.1165,-0.1364,0.4433,GO_GOAL
20.64,0.0522,-0.1117,0.6134,-1.9478,1.3676,0.1165,-0.1364,0.4406,GO_GOAL
20.658,0.0552,-0.1097,0.6134,-1.9469,1.3711,0.1165,-0.1364,0.4379,GO_GOAL
20.68,0.0581,-0.1076,0.6134,-1.946,1.3746,0.1165,-0.1364,0.4352,GO_GOAL
20.702,0.0611,-0.1055,0.6134,-1.9442,1.3816,0.1165,-0.1364,0.4325,GO_GOAL
20.72,0.064,-0.1034,0.6134,-1.9442,1.3816,0.1312,-0.126,0.4299,GO_GOAL
20.74,0.067,-0.1014,0.6134,-1.9433,1.385,0.1312,-0.126,0.4272,GO_GOAL
20.76,0.0699,-0.0993,0.6134,-1.9424,1.3885,0.1312,-0.126,0.4245,GO_GOAL
20.782,0.0728,-0.0972,0.6134,-1.9415,1.392,0.1312,-0.126,0.4219,GO_GOAL
20.8,0.0758,-0.0952,0.6134,-1.9406,1.3955,0.143,-0.1177,0.4193,GO_GOAL
20.82,0.0787,-0.0931,0.6134,-1.9397,1.399,0.143,-0.1177,0.4166,GO_GOAL
20.84,0.0817,-0.091,0.6134,-1.9388,1.4025,0.143,-0.1177,0.414,GO_GOAL
20.86,0.0846,-0.0889,0.6134,-1.9379,1.406,0.143,-0.1177,0.4114,GO_GOAL
20.88,0.0876,-0.0869,0.6134,-1.9371,1.4095,0.143,-0.1177,0.4088,GO_GOAL
20.9,0.0905,-0.0848,0.6134,-1.9362,1.4129,0.143,-0.1177,0.4062,GO_GOAL
20.92,0.0935,-0.0827,0.6134,-1.9353,1.4164,0.1577,-0.1074,0.4036,GO_GOAL
20.94,0.0964,-0.0807,0.6134,-1.9344,1.4199,0.1577,-0.1074,0.401,GO_GOAL
20.96,0.0993,-0.0786,0.6134,-1.9326,1.4269,0.1577,-0.1074,0.3984,GO_GOAL
20.98,0.1023,-0.0765,0.6134,-1.9317,1.4304,0.1577,-0.1074,0.3959,GO_GOAL
21.0,0.1052,-0.0744,0.6134,-1.9317,1.4304,0.1577,-0.1074,0.3933,GO_GOAL
21.02,0.1082,-0.0724,0.6134,-1.9308,1.4339,0.1724,-0.097,0.3908,GO_GOAL
21.04,0.1111,-0.0703,0.6134,-1.9299,1.4374,0.1724,-0.097,0.3883,GO_GOAL
21.06,0.1141,-0.0682,0.6134,-1.929,1.4408,0.1724,-0.097,0.3857,GO_GOAL
21.08,0.117,-0.0661,0.6134,-1.9281,1.4443,0.1724,-0.097,0.3832,GO_GOAL
21.1,0.1199,-0.0641,0.6134,-1.9263,1.4513,0.1724,-0.097,0.3807,GO_GOAL
21.12,0.1229,-0.062,0.6134,-1.9263,1.4513,0.1872,-0.0867,0.3782,GO_GOAL
21.14,0.1258,-0.0599,0.6134,-1.9254,1.4548,0.1872,-0.0867,0.3757,GO_GOAL
21.16,0.1288,-0.0579,0.6134,-1.9245,1.4583,0.1872,-0.0867,0.3733,GO_GOAL
21.18,0.1317,-0.0558,0.6134,-1.9236,1.4618,0.1872,-0.0867,0.3708,GO_GOAL
21.2,0.1347,-0.0537,0.6134,-1.9227,1.4652,0.1872,-0.0867,0.3683,GO_GOAL
21.22,0.1376,-0.0516,0.6134,-1.9218,1.4687,0.2019,-0.0763,0.3659,GO_GOAL
21.24,0.1406,-0.0496,0.6134,-1.92,1.4757,0.2019,-0.0763,0.3635,GO_GOAL
21.26,0.1435,-0.0475,0.6134,-1.92,1.4757,0.2019,-0.0763,0.361,GO_GOAL
21.28,0.1464,-0.0454,0.6134,-1.9191,1.4792,0.2019,-0.0763,0.3586,GO_GOAL
21.3,0.1494,-0.0433,0.6134,-1.9182,1.4827,0.2019,-0.0763,0.3562,GO_GOAL
21.32,0.1523,-0.0413,0.6134,-1.9174,1.4862,0.2166,-0.066,0.3538,GO_GOAL
21.34,0.1553,-0.0392,0.6134,-1.9165,1.4897,0.2166,-0.066,0.3514,GO_GOAL
21.36,0.1582,-0.0371,0.6134,-1.9156,1.4931,0.2166,-0.066,0.3491,GO_GOAL
21.38,0.1612,-0.0351,0.6134,-1.9147,1.4966,0.2166,-0.066,0.3467,GO_GOAL
21.4,0.1641,-0.033,0.6134,-1.9138,1.5001,0.2166,-0.066,0.3444,GO_GOAL
21.42,0.167,-0.0309,0.6134,-1.912,1.5071,0.2343,-0.0536,0.342,GO_GOAL
21.44,0.17,-0.0288,0.6134,-1.912,1.5071,0.2343,-0.0536,0.3397,GO_GOAL
21.46,0.1729,-0.0268,0.6134,-1.9102,1.5141,0.2343,-0.0536,0.3374,GO_GOAL
21.48,0.1759,-0.0247,0.6134,-1.9102,1.5141,0.2343,-0.0536,0.3351,GO_GOAL
21.5,0.1788,-0.0226,0.6134,-1.9093,1.5176,0.2343,-0.0536,0.3328,GO_GOAL
21.52,0.1818,-0.0205,0.6134,-1.9075,1.5245,0.2461,-0.0453,0.3305,GO_GOAL
21.54,0.1847,-0.0185,0.6134,-1.9075,1.5245,0.2461,-0.0453,0.3282,GO_GOAL
21.56,0.1876,-0.0164,0.6134,-1.9066,1.528,0.2461,-0.0453,0.326,GO_GOAL
21.58,0.1906,-0.0143,0.6134,-1.9057,1.5315,0.2461,-0.0453,0.3238,GO_GOAL
21.6,0.1935,-0.0123,0.6134,-1.9048,1.535,0.2608,-0.0349,0.3215,GO_GOAL
21.62,0.1965,-0.0102,0.6134,-1.9039,1.5385,0.2608,-0.0349,0.3193,GO_GOAL
21.64,0.1994,-0.0081,0.6134,-1.903,1.542,0.2608,-0.0349,0.3171,GO_GOAL
21.66,0.2024,-0.006,0.6134,-1.9021,1.5454,0.2608,-0.0349,0.3149,GO_GOAL
21.68,0.2053,-0.004,0.6134,-1.9012,1.5489,0.2608,-0.0349,0.3127,GO_GOAL
21.7,0.2083,-0.0019,0.6134,-1.9003,1.5524,0.2608,-0.0349,0.3106,GO_GOAL
21.72,0.2112,0.0002,0.6134,-1.8986,1.5594,0.2755,-0.0246,0.3084,GO_GOAL
21.74,0.2141,0.0022,0.6134,-1.8977,1.5629,0.2755,-0.0246,0.3063,GO_GOAL
21.76,0.2171,0.0043,0.6134,-1.8977,1.5629,0.2755,-0.0246,0.3042,GO_GOAL
21.78,0.22,0.0064,0.6134,-1.8968,1.5664,0.2755,-0.0246,0.3021,GO_GOAL
21.8,0.223,0.0085,0.6134,-1.895,1.5733,0.2755,-0.0246,0.3,GO_GOAL
21.82,0.2259,0.0105,0.6134,-1.895,1.5733,0.2902,-0.0142,0.2979,GO_GOAL
21.84,0.2289,0.0126,0.6134,-1.8932,1.5803,0.2902,-0.0142,0.2958,GO_GOAL
21.86,0.2318,0.0147,0.6134,-1.8932,1.5803,0.2902,-0.0142,0.2938,GO_GOAL
21.88,0.2347,0.0168,0.6134,-1.8914,1.5873,0.2902,-0.0142,0.2917,GO_GOAL
21.9,0.2377,0.0188,0.6134,-1.8914,1.5873,0.2902,-0.0142,0.2897,GO_GOAL
21.92,0.2406,0.0209,0.6134,-1.8905,1.5908,0.305,-0.0039,0.2877,GO_GOAL
21.94,0.2436,0.023,0.6134,-1.8887,1.5977,0.305,-0.0039,0.2857,GO_GOAL
21.96,0.2465,0.025,0.6134,-1.8878,1.6012,0.305,-0.0039,0.2837,GO_GOAL
21.98,0.2495,0.0271,0.6134,-1.8878,1.6012,0.305,-0.0039,0.2818,GO_GOAL
22.0,0.2524,0.0292,0.6134,-1.8869,1.6047,0.305,-0.0039,0.2798,GO_GOAL
22.02,0.2554,0.0313,0.6134,-1.886,1.6082,0.3226,0.0085,0.2779,GO_GOAL
22.04,0.2583,0.0333,0.6134,-1.8851,1.6117,0.3226,0.0085,0.276,GO_GOAL
22.06,0.2612,0.0354,0.6134,-1.8842,1.6152,0.3226,0.0085,0.2741,GO_GOAL
22.08,0.2642,0.0375,0.6134,-1.8833,1.6187,0.3226,0.0085,0.2722,GO_GOAL
22.1,0.2671,0.0396,0.6134,-1.8824,1.6222,0.3226,0.0085,0.2703,GO_GOAL
22.12,0.2701,0.0416,0.6134,-1.8815,1.6256,0.3374,0.0189,0.2685,GO_GOAL
22.14,0.273,0.0437,0.6134,-1.8806,1.6291,0.3374,0.0189,0.2666,GO_GOAL
22.16,0.276,0.0458,0.6134,-1.8797,1.6326,0.3374,0.0189,0.2648,GO_GOAL
22.18,0.2789,0.0478,0.6134,-1.8789,1.6361,0.3374,0.0189,0.263,GO_GOAL
22.2,0.2818,0.0499,0.6134,-1.878,1.6396,0.3374,0.0189,0.2612,GO_GOAL
22.22,0.2848,0.052,0.6134,-1.8771,1.6431,0.3491,0.0272,0.2595,GO_GOAL
22.24,0.2877,0.0541,0.6134,-1.8762,1.6466,0.3491,0.0272,0.2577,GO_GOAL
22.26,0.2907,0.0561,0.6134,-1.8753,1.6501,0.3491,0.0272,0.256,GO_GOAL
22.28,0.2936,0.0582,0.6134,-1.8735,1.657,0.3491,0.0272,0.2543,GO_GOAL
22.3,0.2966,0.0603,0.6134,-1.8735,1.657,0.3491,0.0272,0.2526,GO_GOAL
22.32,0.2995,0.0624,0.6134,-1.8726,1.6605,0.3668,0.0396,0.2509,GO_GOAL
22.34,0.3024,0.0644,0.6134,-1.8717,1.664,0.3668,0.0396,0.2492,GO_GOAL
22.36,0.3054,0.0665,0.6134,-1.8708,1.6675,0.3668,0.0396,0.2476,GO_GOAL
22.38,0.3083,0.0686,0.6134,-1.8699,1.671,0.3668,0.0396,0.246,GO_GOAL
22.4,0.3113,0.0706,0.6134,-1.869,1.6745,0.3668,0.0396,0.2444,GO_GOAL
22.42,0.3142,0.0727,0.6134,-1.8681,1.6779,0.3786,0.0479,0.2428,GO_GOAL
22.44,0.3172,0.0748,0.6134,-1.8672,1.6814,0.3786,0.0479,0.2412,GO_GOAL
22.46,0.3201,0.0769,0.6134,-1.8663,1.6849,0.3786,0.0479,0.2397,GO_GOAL
22.48,0.3231,0.0789,0.6134,-1.8654,1.6884,0.3786,0.0479,0.2381,GO_GOAL
22.5,0.326,0.081,0.6134,-1.8645,1.6919,0.3786,0.0479,0.2366,GO_GOAL
22.52,0.3289,0.0831,0.6134,-1.8636,1.6954,0.3963,0.0603,0.2351,GO_GOAL
22.54,0.3319,0.0851,0.6134,-1.8627,1.6989,0.3963,0.0603,0.2337,GO_GOAL
22.56,0.3348,0.0872,0.6134,-1.8618,1.7024,0.3963,0.0603,0.2322,GO_GOAL
22.58,0.3378,0.0893,0.6134,-1.8609,1.7058,0.3963,0.0603,0.2308,GO_GOAL
22.6,0.3407,0.0914,0.6134,-1.8601,1.7093,0.3963,0.0603,0.2294,GO_GOAL
22.62,0.3437,0.0934,0.6134,-1.8592,1.7128,0.408,0.0686,0.228,GO_GOAL
22.64,0.3466,0.0955,0.6134,-1.8574,1.7198,0.408,0.0686,0.2266,GO_GOAL
22.66,0.3495,0.0976,0.6134,-1.8574,1.7198,0.408,0.0686,0.2253,GO_GOAL
22.68,0.3525,0.0997,0.6134,-1.8565,1.7233,0.408,0.0686,0.2239,GO_GOAL
22.7,0.3554,0.1017,0.6134,-1.8556,1.7268,0.408,0.0686,0.2226,GO_GOAL
22.72,0.3584,0.1038,0.6134,-1.8538,1.7337,0.4228,0.0789,0.2213,GO_GOAL
22.74,0.3613,0.1059,0.6134,-1.8538,1.7337,0.4228,0.0789,0.2201,GO_GOAL
22.76,0.3643,0.1079,0.6134,-1.8529,1.7372,0.4228,0.0789,0.2188,GO_GOAL
22.78,0.3672,0.11,0.6134,-1.852,1.7407,0.4228,0.0789,0.2176,GO_GOAL
22.8,0.3702,0.1121,0.6134,-1.8511,1.7442,0.4228,0.0789,0.2164,GO_GOAL
22.82,0.3731,0.1142,0.6134,-1.8493,1.7512,0.4375,0.0893,0.2152,GO_GOAL
22.84,0.376,0.1162,0.6134,-1.8493,1.7512,0.4375,0.0893,0.2141,GO_GOAL
22.86,0.379,0.1183,0.6134,-1.8475,1.7581,0.4375,0.0893,0.2129,GO_GOAL
22.88,0.3819,0.1204,0.6134,-1.8475,1.7581,0.4375,0.0893,0.2118,GO_GOAL
22.9,0.3849,0.1225,0.6134,-1.8466,1.7616,0.4375,0.0893,0.2107,GO_GOAL
22.92,0.3878,0.1245,0.6134,-1.8448,1.7686,0.4522,0.0996,0.2097,GO_GOAL
22.94,0.3908,0.1266,0.6134,-1.8439,1.7721,0.4522,0.0996,0.2086,GO_GOAL
22.96,0.3937,0.1287,0.6134,-1.8439,1.7721,0.4522,0.0996,0.2076,GO_GOAL
22.98,0.3966,0.1307,0.6134,-1.843,1.7756,0.4522,0.0996,0.2066,GO_GOAL
23.0,0.3996,0.1328,0.6134,-1.8421,1.7791,0.4522,0.0996,0.2056,GO_GOAL
23.02,0.4025,0.1349,0.6134,-1.8412,1.7826,0.467,0.11,0.2047,GO_GOAL
23.04,0.4055,0.137,0.6134,-1.8395,1.7895,0.467,0.11,0.2038,GO_GOAL
23.06,0.4084,0.139,0.6134,-1.8395,1.7895,0.467,0.11,0.2029,GO_GOAL
23.08,0.4114,0.1411,0.6134,-1.8386,1.793,0.467,0.11,0.202,GO_GOAL
23.1,0.4143,0.1432,0.6134,-1.8377,1.7965,0.4817,0.1203,0.2011,GO_GOAL
23.12,0.4172,0.1453,0.6134,-1.8368,1.8,0.4817,0.1203,0.2003,GO_GOAL
23.14,0.4202,0.1473,0.6134,-1.8359,1.8035,0.4817,0.1203,0.1995,GO_GOAL
23.16,0.4231,0.1494,0.6134,-1.835,1.807,0.4817,0.1203,0.1987,GO_GOAL
23.18,0.4261,0.1515,0.6134,-1.8341,1.8104,0.4817,0.1203,0.1979,GO_GOAL
23.2,0.429,0.1535,0.6134,-1.8323,1.8174,0.4817,0.1203,0.1972,GO_GOAL
23.22,0.432,0.1556,0.6134,-1.8323,1.8174,0.4964,0.1307,0.1965,GO_GOAL
23.24,0.4349,0.1577,0.6134,-1.8305,1.8244,0.4964,0.1307,0.1958,GO_GOAL
23.26,0.4379,0.1598,0.6134,-1.8305,1.8244,0.4964,0.1307,0.1952,GO_GOAL
23.28,0.4408,0.1618,0.6134,-1.8296,1.8279,0.4964,0.1307,0.1945,GO_GOAL
23.3,0.4437,0.1639,0.6134,-1.8287,1.8314,0.4964,0.1307,0.1939,GO_GOAL
23.32,0.4467,0.166,0.6134,-1.8278,1.8349,0.5141,0.1431,0.1933,GO_GOAL
23.34,0.4496,0.168,0.6134,-1.826,1.8418,0.5141,0.1431,0.1928,GO_GOAL
23.36,0.4526,0.1701,0.6134,-1.826,1.8418,0.5141,0.1431,0.1922,GO_GOAL
23.38,0.4555,0.1722,0.6134,-1.8251,1.8453,0.5141,0.1431,0.1917,GO_GOAL
23.4,0.4585,0.1743,0.6134,-1.8242,1.8488,0.5141,0.1431,0.1912,GO_GOAL
23.42,0.4614,0.1763,0.6134,-1.8233,1.8523,0.5259,0.1514,0.1908,GO_GOAL
23.44,0.4643,0.1784,0.6134,-1.8224,1.8558,0.5259,0.1514,0.1903,GO_GOAL
23.46,0.4673,0.1805,0.6134,-1.8215,1.8593,0.5259,0.1514,0.1899,GO_GOAL
23.48,0.4702,0.1826,0.6134,-1.8207,1.8628,0.5259,0.1514,0.1895,GO_GOAL
23.5,0.4732,0.1846,0.6134,-1.8189,1.8697,0.5259,0.1514,0.1892,GO_GOAL
23.52,0.4761,0.1867,0.6134,-1.818,1.8732,0.5406,0.1617,0.1889,GO_GOAL
23.54,0.4791,0.1888,0.6134,-1.818,1.8732,0.5406,0.1617,0.1886,GO_GOAL
23.56,0.482,0.1908,0.6134,-1.8171,1.8767,0.5406,0.1617,0.1883,GO_GOAL
23.58,0.485,0.1929,0.6134,-1.8153,1.8837,0.5406,0.1617,0.188,GO_GOAL
23.6,0.4879,0.195,0.6134,-1.8153,1.8837,0.5406,0.1617,0.1878,GO_GOAL
23.62,0.4908,0.1971,0.6134,-1.8144,1.8872,0.5553,0.1721,0.1876,GO_GOAL
23.64,0.4938,0.1991,0.6134,-1.8135,1.8906,0.5553,0.1721,0.1874,GO_GOAL
23.66,0.4967,0.2012,0.6134,-1.8126,1.8941,0.5553,0.1721,0.1873,GO_GOAL
23.68,0.4997,0.2033,0.6134,-1.8117,1.8976,0.5553,0.1721,0.1871,GO_GOAL
23.7,0.5026,0.2054,0.6134,-1.8108,1.9011,0.5553,0.1721,0.187,GO_GOAL
23.72,0.5056,0.2074,0.6134,-1.8099,1.9046,0.57,0.1824,0.187,GO_GOAL
23.74,0.5085,0.2095,0.6134,-1.809,1.9081,0.57,0.1824,0.1869,GO_GOAL
23.76,0.5114,0.2116,0.6134,-1.8081,1.9116,0.57,0.1824,0.1869,GO_GOAL
23.78,0.5144,0.2136,0.6134,-1.8063,1.9185,0.57,0.1824,0.1869,GO_GOAL
23.8,0.5173,0.2157,0.6134,-1.8063,1.9185,0.5848,0.1928,0.1869,GO_GOAL
23.82,0.5203,0.2178,0.6134,-1.8045,1.9255,0.5848,0.1928,0.187,GO_GOAL
23.84,0.5232,0.2199,0.6134,-1.8036,1.929,0.5848,0.1928,0.1871,GO_GOAL
23.86,0.5262,0.2219,0.6134,-1.8036,1.929,0.5848,0.1928,0.1872,GO_GOAL
23.88,0.5291,0.224,0.6134,-1.8027,1.9325,0.5848,0.1928,0.1873,GO_GOAL
23.9,0.532,0.2261,0.6134,-1.8019,1.936,0.5848,0.1928,0.1875,GO_GOAL
23.92,0.535,0.2281,0.6134,-1.801,1.9395,0.5995,0.2031,0.1877,GO_GOAL
23.94,0.5379,0.2302,0.6134,-1.8001,1.9429,0.5995,0.2031,0.1879,GO_GOAL
23.96,0.5409,0.2323,0.6134,-1.7992,1.9464,0.5995,0.2031,0.1881,GO_GOAL
23.98,0.5438,0.2344,0.6134,-1.7974,1.9534,0.5995,0.2031,0.1884,GO_GOAL
24.0,0.5468,0.2364,0.6134,-1.7965,1.9569,0.5995,0.2031,0.1887,GO_GOAL
24.02,0.5497,0.2385,0.6134,-1.7965,1.9569,0.6142,0.2135,0.189,GO_GOAL
24.04,0.5527,0.2406,0.6134,-1.7947,1.9639,0.6142,0.2135,0.1894,GO_GOAL
24.06,0.5556,0.2427,0.6134,-1.7947,1.9639,0.6142,0.2135,0.1897,GO_GOAL
24.08,0.5585,0.2447,0.6134,-1.7938,1.9674,0.6142,0.2135,0.1901,GO_GOAL
24.1,0.5615,0.2468,0.6134,-1.7929,1.9708,0.6142,0.2135,0.1905,GO_GOAL
24.12,0.5644,0.2489,0.6134,-1.792,1.9743,0.6289,0.2238,0.191,GO_GOAL
24.14,0.5674,0.2509,0.6134,-1.7911,1.9778,0.6289,0.2238,0.1915,GO_GOAL
24.16,0.5703,0.253,0.6134,-1.7902,1.9813,0.6289,0.2238,0.192,GO_GOAL
24.18,0.5733,0.2551,0.6134,-1.7893,1.9848,0.6289,0.2238,0.1925,GO_GOAL
24.2,0.5762,0.2572,0.6134,-1.7884,1.9883,0.6289,0.2238,0.193,GO_GOAL
24.22,0.5791,0.2592,0.6134,-1.7875,1.9918,0.6437,0.2342,0.1936,GO_GOAL
24.24,0.5821,0.2613,0.6134,-1.7866,1.9953,0.6437,0.2342,0.1942,GO_GOAL
24.26,0.585,0.2634,0.6134,-1.7857,1.9987,0.6437,0.2342,0.1948,GO_GOAL
24.28,0.588,0.2655,0.6134,-1.7848,2.0022,0.6437,0.2342,0.1955,GO_GOAL
24.3,0.5909,0.2675,0.6134,-1.7839,2.0057,0.6437,0.2342,0.1961,GO_GOAL
24.32,0.5939,0.2696,0.6134,-1.7822,2.0127,0.6584,0.2445,0.1968,GO_GOAL
24.34,0.5968,0.2717,0.6134,-1.7822,2.0127,0.6584,0.2445,0.1976,GO_GOAL
24.36,0.5998,0.2737,0.6134,-1.7804,2.0197,0.6584,0.2445,0.1983,GO_GOAL
24.38,0.6027,0.2758,0.6134,-1.7804,2.0197,0.6584,0.2445,0.1991,GO_GOAL
24.4,0.6056,0.2779,0.6134,-1.7786,2.0266,0.6584,0.2445,0.1999,GO_GOAL
24.42,0.6086,0.28,0.6134,-1.7786,2.0266,0.6731,0.2549,0.2007,GO_GOAL
24.44,0.6115,0.282,0.6134,-1.7777,2.0301,0.6731,0.2549,0.2015,GO_GOAL
24.46,0.6145,0.2841,0.6134,-1.7768,2.0336,0.6731,0.2549,0.2024,GO_GOAL
24.48,0.6174,0.2862,0.6134,-1.7759,2.0371,0.6731,0.2549,0.2033,GO_GOAL
24.5,0.6204,0.2883,0.6134,-1.775,2.0406,0.6731,0.2549,0.2042,GO_GOAL
24.52,0.6233,0.2903,0.6134,-1.7732,2.0476,0.6879,0.2652,0.2051,GO_GOAL
24.54,0.6262,0.2924,0.6134,-1.7732,2.0476,0.6879,0.2652,0.2061,GO_GOAL
24.56,0.6292,0.2945,0.6134,-1.7723,2.051,0.6879,0.2652,0.2071,GO_GOAL
24.58,0.6321,0.2965,0.6134,-1.7705,2.058,0.6879,0.2652,0.2081,GO_GOAL
24.6,0.6351,0.2986,0.6134,-1.7696,2.0615,0.6879,0.2652,0.2091,GO_GOAL
24.62,0.638,0.3007,0.6134,-1.7696,2.0615,0.7055,0.2777,0.2102,GO_GOAL
24.64,0.641,0.3028,0.6134,-1.7687,2.065,0.7055,0.2777,0.2112,GO_GOAL
24.66,0.6439,0.3048,0.6134,-1.7678,2.0685,0.7055,0.2777,0.2123,GO_GOAL
24.68,0.6468,0.3069,0.6134,-1.766,2.0755,0.7055,0.2777,0.2135,GO_GOAL
24.7,0.6498,0.309,0.6134,-1.766,2.0755,0.7055,0.2777,0.2146,GO_GOAL
24.718,0.6527,0.311,0.6134,-1.7651,2.0789,0.7173,0.2859,0.2158,GO_GOAL
24.74,0.6557,0.3131,0.6134,-1.7642,2.0824,0.7173,0.2859,0.217,GO_GOAL
24.76,0.6586,0.3152,0.6134,-1.7625,2.0894,0.7173,0.2859,0.2182,GO_GOAL
24.78,0.6616,0.3173,0.6134,-1.7625,2.0894,0.7173,0.2859,0.2194,GO_GOAL
24.8,0.6645,0.3193,0.6134,-1.7616,2.0929,0.7173,0.2859,0.2207,GO_GOAL
24.82,0.6675,0.3214,0.6134,-1.7607,2.0964,0.732,0.2963,0.2219,GO_GOAL
24.84,0.6704,0.3235,0.6134,-1.7598,2.0999,0.732,0.2963,0.2232,GO_GOAL
24.86,0.6733,0.3256,0.6134,-1.758,2.1068,0.732,0.2963,0.2245,GO_GOAL
24.88,0.6763,0.3276,0.6134,-1.758,2.1068,0.732,0.2963,0.2259,GO_GOAL
24.9,0.6792,0.3297,0.6134,-1.7571,2.1103,0.732,0.2963,0.2272,GO_GOAL
24.92,0.6822,0.3318,0.6134,-1.7562,2.1138,0.7497,0.3087,0.2286,GO_GOAL
24.94,0.6851,0.3338,0.6134,-1.7553,2.1173,0.7497,0.3087,0.23,GO_GOAL
24.96,0.6881,0.3359,0.6134,-1.7544,2.1208,0.7497,0.3087,0.2314,GO_GOAL
24.98,0.691,0.338,0.6134,-1.7535,2.1243,0.7497,0.3087,0.2329,GO_GOAL
25.0,0.6939,0.3401,0.6134,-1.7526,2.1278,0.7497,0.3087,0.2343,GO_GOAL
25.02,0.6969,0.3421,0.6134,-1.7517,2.1312,0.7644,0.3191,0.2358,GO_GOAL
25.04,0.6998,0.3442,0.6134,-1.7499,2.1382,0.7644,0.3191,0.2373,GO_GOAL
25.06,0.7028,0.3463,0.6134,-1.7499,2.1382,0.7644,0.3191,0.2388,GO_GOAL
25.08,0.7057,0.3484,0.6134,-1.749,2.1417,0.7644,0.3191,0.2404,GO_GOAL
25.1,0.7087,0.3504,0.6134,-1.7481,2.1452,0.7644,0.3191,0.2419,GO_GOAL
25.12,0.7116,0.3525,0.6134,-1.7472,2.1487,0.7762,0.3273,0.2435,GO_GOAL
25.14,0.7146,0.3546,0.6134,-1.7463,2.1522,0.7762,0.3273,0.2451,GO_GOAL
25.16,0.7175,0.3566,0.6134,-1.7454,2.1556,0.7762,0.3273,0.2467,GO_GOAL
25.18,0.7204,0.3587,0.6134,-1.7437,2.1626,0.7762,0.3273,0.2483,GO_GOAL
25.2,0.7234,0.3608,0.6134,-1.7428,2.1661,0.7909,0.3377,0.25,GO_GOAL
25.22,0.7263,0.3629,0.6134,-1.7428,2.1661,0.7909,0.3377,0.2517,GO_GOAL
25.24,0.7293,0.3649,0.6134,-1.7419,2.1696,0.7909,0.3377,0.2534,GO_GOAL
25.26,0.7322,0.367,0.6134,-1.741,2.1731,0.7909,0.3377,0.2551,GO_GOAL
25.28,0.7352,0.3691,0.6134,-1.7401,2.1766,0.7909,0.3377,0.2568,GO_GOAL
25.3,0.7381,0.3712,0.6134,-1.7392,2.1801,0.7909,0.3377,0.2585,GO_GOAL
25.32,0.741,0.3732,0.6134,-1.7383,2.1835,0.8057,0.348,0.2603,GO_GOAL
25.34,0.744,0.3753,0.6134,-1.7374,2.187,0.8057,0.348,0.2621,GO_GOAL
25.36,0.7469,0.3774,0.6134,-1.7365,2.1905,0.8057,0.348,0.2639,GO_GOAL
25.38,0.7499,0.3794,0.6134,-1.7356,2.194,0.8057,0.348,0.2657,GO_GOAL
25.4,0.7528,0.3815,0.6134,-1.7338,2.201,0.8057,0.348,0.2675,GO_GOAL
25.42,0.7558,0.3836,0.6134,-1.7338,2.201,0.8204,0.3584,0.2693,GO_GOAL
25.44,0.7587,0.3857,0.6134,-1.7329,2.2045,0.8204,0.3584,0.2712,GO_GOAL
25.46,0.7616,0.3877,0.6134,-1.732,2.208,0.8204,0.3584,0.2731,GO_GOAL
25.48,0.7646,0.3898,0.6134,-1.7311,2.2114,0.8204,0.3584,0.275,GO_GOAL
25.5,0.7675,0.3919,0.6134,-1.7302,2.2149,0.8204,0.3584,0.2769,GO_GOAL
25.52,0.7705,0.3939,0.6134,-1.7293,2.2184,0.8351,0.3687,0.2788,GO_GOAL
25.54,0.7734,0.396,0.6134,-1.7275,2.2254,0.8351,0.3687,0.2807,GO_GOAL
25.56,0.7764,0.3981,0.6134,-1.7266,2.2289,0.8351,0.3687,0.2827,GO_GOAL
25.58,0.7793,0.4002,0.6134,-1.7266,2.2289,0.8351,0.3687,0.2846,GO_GOAL
25.6,0.7823,0.4022,0.6134,-1.7257,2.2324,0.8351,0.3687,0.2866,GO_GOAL
25.62,0.7852,0.4043,0.6134,-1.7249,2.2358,0.8498,0.3791,0.2886,GO_GOAL
25.64,0.7881,0.4064,0.6134,-1.724,2.2393,0.8498,0.3791,0.2906,GO_GOAL
25.66,0.7911,0.4085,0.6134,-1.7231,2.2428,0.8498,0.3791,0.2927,GO_GOAL
25.68,0.794,0.4105,0.6134,-1.7222,2.2463,0.8498,0.3791,0.2947,GO_GOAL
25.7,0.797,0.4126,0.6134,-1.7213,2.2498,0.8498,0.3791,0.2968,GO_GOAL
25.72,0.7999,0.4147,0.6134,-1.7204,2.2533,0.8646,0.3894,0.2989,GO_GOAL
25.74,0.8029,0.4167,0.6134,-1.7195,2.2568,0.8646,0.3894,0.3009,GO_GOAL
25.76,0.8058,0.4188,0.6134,-1.7186,2.2603,0.8646,0.3894,0.303,GO_GOAL
25.78,0.8087,0.4209,0.6134,-1.7177,2.2637,0.8646,0.3894,0.3052,GO_GOAL
25.8,0.8117,0.423,0.6134,-1.7168,2.2672,0.8646,0.3894,0.3073,GO_GOAL
25.82,0.8146,0.425,0.6134,-1.7159,2.2707,0.8793,0.3998,0.3094,GO_GOAL
25.84,0.8176,0.4271,0.6134,-1.715,2.2742,0.8793,0.3998,0.3116,GO_GOAL
25.86,0.8205,0.4292,0.6134,-1.7141,2.2777,0.8793,0.3998,0.3138,GO_GOAL
25.88,0.8235,0.4313,0.6134,-1.7132,2.2812,0.8793,0.3998,0.3159,GO_GOAL
25.9,0.8264,0.4333,0.6134,-1.7114,2.2882,0.8793,0.3998,0.3181,GO_GOAL
25.92,0.8294,0.4354,0.6134,-1.7114,2.2882,0.894,0.4101,0.3203,GO_GOAL
25.94,0.8323,0.4375,0.6134,-1.7096,2.2951,0.894,0.4101,0.3226,GO_GOAL
25.96,0.8352,0.4395,0.6134,-1.7096,2.2951,0.894,0.4101,0.3248,GO_GOAL
25.98,0.8382,0.4416,0.6134,-1.7087,2.2986,0.894,0.4101,0.327,GO_GOAL
26.0,0.8411,0.4437,0.6134,-1.7069,2.3056,0.894,0.4101,0.3293,GO_GOAL
26.02,0.8441,0.4458,0.6134,-1.7069,2.3056,0.9087,0.4205,0.3316,GO_GOAL
26.04,0.847,0.4478,0.6134,-1.706,2.3091,0.9087,0.4205,0.3339,GO_GOAL
26.058,0.85,0.4499,0.6134,-1.7052,2.3126,0.9087,0.4205,0.3362,GO_GOAL
26.08,0.8529,0.452,0.6134,-1.7043,2.316,0.9087,0.4205,0.3385,GO_GOAL
26.1,0.8558,0.4541,0.6134,-1.7034,2.3195,0.9087,0.4205,0.3408,GO_GOAL
26.12,0.8588,0.4561,0.6134,-1.7025,2.323,0.9235,0.4308,0.3431,GO_GOAL
26.14,0.8617,0.4582,0.6134,-1.7016,2.3265,0.9235,0.4308,0.3455,GO_GOAL
26.16,0.8647,0.4603,0.6134,-1.7007,2.33,0.9235,0.4308,0.3478,GO_GOAL
26.18,0.8676,0.4623,0.6134,-1.6998,2.3335,0.9235,0.4308,0.3502,GO_GOAL
26.2,0.8706,0.4644,0.6134,-1.6989,2.337,0.9235,0.4308,0.3525,GO_GOAL
26.22,0.8735,0.4665,0.6134,-1.698,2.3405,0.9382,0.4412,0.3549,GO_GOAL
26.24,0.8765,0.4686,0.6134,-1.6971,2.3439,0.9382,0.4412,0.3572,GO_GOAL
26.26,0.8794,0.4706,0.6134,-1.6962,2.3474,0.9382,0.4412,0.3585,GO_GOAL
26.28,0.8823,0.4727,0.6134,-1.6953,2.3509,0.9382,0.4412,0.3599,GO_GOAL
26.3,0.8853,0.4748,0.6134,-1.6944,2.3544,0.9382,0.4412,0.3613,GO_GOAL
26.32,0.8882,0.4768,0.6134,-1.6926,2.3614,0.9529,0.4515,0.3627,GO_GOAL
26.34,0.8912,0.4789,0.6134,-1.6926,2.3614,0.9529,0.4515,0.3642,GO_GOAL
26.36,0.8941,0.481,0.6134,-1.6917,2.3649,0.9529,0.4515,0.3656,GO_GOAL
26.38,0.8971,0.4831,0.6134,-1.6908,2.3683,0.9529,0.4515,0.3671,GO_GOAL
26.4,0.9,0.4851,0.6134,-1.6899,2.3718,0.9529,0.4515,0.3685,GO_GOAL
26.42,0.9029,0.4872,0.6134,-1.689,2.3753,0.9677,0.4619,0.37,GO_GOAL
26.44,0.9059,0.4893,0.6134,-1.6881,2.3788,0.9677,0.4619,0.3716,GO_GOAL
26.46,0.9088,0.4914,0.6134,-1.6872,2.3823,0.9677,0.4619,0.3731,GO_GOAL
26.48,0.9118,0.4934,0.6134,-1.6855,2.3893,0.9677,0.4619,0.3746,GO_GOAL
26.5,0.9147,0.4955,0.6134,-1.6855,2.3893,0.9677,0.4619,0.3762,GO_GOAL
26.52,0.9177,0.4976,0.6134,-1.6846,2.3928,0.9824,0.4722,0.3778,GO_GOAL
26.54,0.9206,0.4996,0.6134,-1.6837,2.3962,0.9824,0.4722,0.3794,GO_GOAL
26.56,0.9235,0.5017,0.6134,-1.6828,2.3997,0.9824,0.4722,0.381,GO_GOAL
26.58,0.9265,0.5038,0.6134,-1.6819,2.4032,0.9824,0.4722,0.3826,GO_GOAL
26.6,0.9294,0.5059,0.6134,-1.681,2.4067,0.9824,0.4722,0.3842,GO_GOAL
26.62,0.9324,0.5079,0.6134,-1.6801,2.4102,0.9971,0.4826,0.3859,GO_GOAL
26.64,0.9353,0.51,0.6134,-1.6792,2.4137,0.9971,0.4826,0.3875,GO_GOAL
26.66,0.9383,0.5121,0.6134,-1.6783,2.4172,0.9971,0.4826,0.3892,GO_GOAL
26.68,0.9412,0.5142,0.6134,-1.6765,2.4241,0.9971,0.4826,0.3909,GO_GOAL
26.7,0.9442,0.5162,0.6134,-1.6765,2.4241,0.9971,0.4826,0.3926,GO_GOAL
26.72,0.9471,0.5183,0.6134,-1.6756,2.4276,1.0118,0.4929,0.3943,GO_GOAL
26.74,0.95,0.5204,0.6134,-1.6747,2.4311,1.0118,0.4929,0.3961,GO_GOAL
26.76,0.953,0.5224,0.6134,-1.6738,2.4346,1.0118,0.4929,0.3978,GO_GOAL
26.78,0.9559,0.5245,0.6134,-1.6729,2.4381,1.0118,0.4929,0.3996,GO_GOAL
26.8,0.9589,0.5266,0.6134,-1.672,2.4416,1.0118,0.4929,0.4014,GO_GOAL
26.82,0.9618,0.5287,0.6134,-1.6711,2.4451,1.0266,0.5033,0.4031,GO_GOAL
26.84,0.9648,0.5307,0.6134,-1.6702,2.4485,1.0266,0.5033,0.405,GO_GOAL
26.86,0.9677,0.5328,0.6134,-1.6684,2.4555,1.0266,0.5033,0.4068,GO_GOAL
26.88,0.9706,0.5349,0.6134,-1.6684,2.4555,1.0266,0.5033,0.4086,GO_GOAL
26.9,0.9736,0.537,0.6134,-1.6675,2.459,1.0266,0.5033,0.4104,GO_GOAL
26.92,0.9765,0.539,0.6134,-1.6667,2.4625,1.0413,0.5136,0.4123,GO_GOAL
26.94,0.9795,0.5411,0.6134,-1.6658,2.466,1.0413,0.5136,0.4142,GO_GOAL
26.96,0.9824,0.5432,0.6134,-1.664,2.473,1.0413,0.5136,0.4161,GO_GOAL
26.98,0.9854,0.5452,0.6134,-1.664,2.473,1.0413,0.5136,0.418,GO_GOAL
27.0,0.9883,0.5473,0.6134,-1.6631,2.4764,1.0413,0.5136,0.4199,GO_GOAL
27.02,0.9913,0.5494,0.6134,-1.6622,2.4799,1.056,0.524,0.4218,GO_GOAL
27.04,0.9942,0.5515,0.6134,-1.6613,2.4834,1.056,0.524,0.4237,GO_GOAL
27.06,0.9971,0.5535,0.6134,-1.6604,2.4869,1.056,0.524,0.4257,GO_GOAL
27.08,1.0001,0.5556,0.6134,-1.6595,2.4904,1.056,0.524,0.4276,GO_GOAL
27.1,1.003,0.5577,0.6134,-1.6586,2.4939,1.056,0.524,0.4296,GO_GOAL
27.12,1.006,0.5597,0.6134,-1.6577,2.4974,1.0707,0.5343,0.4316,GO_GOAL
27.14,1.0089,0.5618,0.6134,-1.6568,2.5009,1.0707,0.5343,0.4336,GO_GOAL
27.16,1.0119,0.5639,0.6134,-1.655,2.5078,1.0707,0.5343,0.4356,GO_GOAL
27.18,1.0148,0.566,0.6134,-1.655,2.5078,1.0707,0.5343,0.4376,GO_GOAL
27.2,1.0177,0.568,0.6134,-1.6541,2.5113,1.0707,0.5343,0.4397,GO_GOAL
27.22,1.0207,0.5701,0.6134,-1.6532,2.5148,1.0855,0.5447,0.4417,GO_GOAL
27.24,1.0236,0.5722,0.6134,-1.6514,2.5218,1.0855,0.5447,0.4438,GO_GOAL
27.26,1.0266,0.5743,0.6134,-1.6514,2.5218,1.0855,0.5447,0.4458,GO_GOAL
27.28,1.0295,0.5763,0.6134,-1.6505,2.5253,1.0855,0.5447,0.4479,GO_GOAL
27.3,1.0325,0.5784,0.6134,-1.6496,2.5287,1.0855,0.5447,0.45,GO_GOAL
27.32,1.0354,0.5805,0.6134,-1.6487,2.5322,1.1002,0.555,0.4521,GO_GOAL
27.34,1.0383,0.5825,0.6134,-1.6479,2.5357,1.1002,0.555,0.4542,GO_GOAL
27.36,1.0413,0.5846,0.6134,-1.647,2.5392,1.1002,0.555,0.4563,GO_GOAL
27.38,1.0442,0.5867,0.6134,-1.6461,2.5427,1.1002,0.555,0.4585,GO_GOAL
27.4,1.0472,0.5888,0.6134,-1.6452,2.5462,1.1002,0.555,0.4606,GO_GOAL
27.42,1.0501,0.5908,0.6134,-1.6443,2.5497,1.1149,0.5654,0.4628,GO_GOAL
27.44,1.0531,0.5929,0.6134,-1.6434,2.5532,1.1149,0.5654,0.465,GO_GOAL
27.46,1.056,0.595,0.6134,-1.6425,2.5566,1.1149,0.5654,0.4671,GO_GOAL
27.48,1.059,0.5971,0.6134,-1.6416,2.5601,1.1149,0.5654,0.4693,GO_GOAL
27.5,1.0619,0.5991,0.6134,-1.6407,2.5636,1.1149,0.5654,0.4715,GO_GOAL
27.52,1.0648,0.6012,0.6134,-1.6398,2.5671,1.1296,0.5757,0.4737,GO_GOAL
27.54,1.0678,0.6033,0.6134,-1.6389,2.5706,1.1296,0.5757,0.476,GO_GOAL
27.56,1.0707,0.6053,0.6134,-1.638,2.5741,1.1296,0.5757,0.4782,GO_GOAL
27.58,1.0737,0.6074,0.6134,-1.6371,2.5776,1.1296,0.5757,0.4804,GO_GOAL
27.6,1.0766,0.6095,0.6134,-1.6362,2.581,1.1296,0.5757,0.4827,GO_GOAL
27.62,1.0796,0.6116,0.6134,-1.6353,2.5845,1.1444,0.5861,0.4849,GO_GOAL
27.64,1.0825,0.6136,0.6134,-1.6344,2.588,1.1444,0.5861,0.4872,GO_GOAL
27.66,1.0854,0.6157,0.6134,-1.6335,2.5915,1.1444,0.5861,0.4895,GO_GOAL
27.68,1.0884,0.6178,0.6134,-1.6326,2.595,1.1444,0.5861,0.4918,GO_GOAL
27.7,1.0913,0.6199,0.6134,-1.6317,2.5985,1.1444,0.5861,0.4941,GO_GOAL
27.72,1.0941,0.6218,0.6137,-1.6308,2.602,1.1591,0.5964,0.4963,GO_GOAL
27.74,1.0969,0.6237,0.6144,-1.63,2.6054,1.1591,0.5964,0.4952,GO_GOAL
27.76,1.0996,0.6257,0.6156,-1.6291,2.6089,1.1591,0.5964,0.4928,GO_GOAL
27.78,1.1024,0.6277,0.6172,-1.6282,2.6124,1.1591,0.5964,0.4905,GO_GOAL
27.8,1.1052,0.6297,0.6193,-1.6274,2.6158,1.1591,0.5964,0.4881,GO_GOAL
27.82,1.1081,0.6317,0.6219,-1.6265,2.6193,1.1737,0.6068,0.4858,GO_GOAL
27.84,1.1109,0.6337,0.6249,-1.6249,2.6263,1.1737,0.6068,0.4834,GO_GOAL
27.86,1.1138,0.6358,0.6284,-1.6249,2.6263,1.1737,0.6068,0.481,GO_GOAL
27.88,1.1166,0.6379,0.6319,-1.6241,2.6297,1.1737,0.6068,0.4786,GO_GOAL
27.9,1.1195,0.64,0.6354,-1.6233,2.6332,1.1737,0.6068,0.4762,GO_GOAL
27.92,1.1223,0.6421,0.6389,-1.6225,2.6367,1.1882,0.6172,0.4738,GO_GOAL
27.94,1.1252,0.6442,0.6423,-1.6218,2.6402,1.1882,0.6172,0.4714,GO_GOAL
27.96,1.128,0.6463,0.6458,-1.621,2.6437,1.1882,0.6172,0.4691,GO_GOAL
27.98,1.1308,0.6485,0.6493,-1.6203,2.6472,1.1882,0.6172,0.4667,GO_GOAL
28.0,1.1336,0.6506,0.6528,-1.6196,2.6507,1.1882,0.6172,0.4643,GO_GOAL
28.02,1.1366,0.6529,0.6561,-1.6189,2.6542,1.2025,0.6279,0.4618,GO_GOAL
28.04,1.1396,0.6552,0.6589,-1.6174,2.6613,1.2025,0.6279,0.4592,GO_GOAL
28.06,1.1425,0.6575,0.6613,-1.6174,2.6613,1.2025,0.6279,0.4566,GO_GOAL
28.08,1.1455,0.6598,0.6632,-1.616,2.6683,1.2025,0.6279,0.4541,GO_GOAL
28.1,1.1484,0.6621,0.6646,-1.616,2.6683,1.2025,0.6279,0.4515,GO_GOAL
28.12,1.1513,0.6643,0.6655,-1.6153,2.6718,1.2168,0.6389,0.449,GO_GOAL
28.14,1.1541,0.6666,0.666,-1.6146,2.6754,1.2168,0.6389,0.4465,GO_GOAL
28.16,1.157,0.6688,0.6661,-1.6139,2.6789,1.2168,0.6389,0.444,GO_GOAL
28.18,1.1598,0.671,0.6661,-1.6132,2.6824,1.2168,0.6389,0.4416,GO_GOAL
28.2,1.1626,0.6733,0.6661,-1.6125,2.686,1.2168,0.6389,0.4391,GO_GOAL
28.22,1.1655,0.6755,0.6661,-1.6118,2.6895,1.2309,0.65,0.4367,GO_GOAL
28.24,1.1683,0.6777,0.6661,-1.611,2.693,1.2309,0.65,0.4342,GO_GOAL
28.26,1.1711,0.6799,0.6661,-1.6103,2.6965,1.2309,0.65,0.4318,GO_GOAL
28.28,1.174,0.6822,0.6661,-1.6096,2.7001,1.2309,0.65,0.4294,GO_GOAL
28.3,1.1768,0.6844,0.6661,-1.6089,2.7036,1.2309,0.65,0.427,GO_GOAL
28.32,1.1796,0.6866,0.6661,-1.6082,2.7071,1.2451,0.6611,0.4246,GO_GOAL
28.34,1.1825,0.6888,0.6661,-1.6075,2.7107,1.2451,0.6611,0.4222,GO_GOAL
28.36,1.1853,0.6911,0.6661,-1.6068,2.7142,1.2451,0.6611,0.4198,GO_GOAL
28.38,1.1881,0.6933,0.6661,-1.6061,2.7177,1.2451,0.6611,0.4174,GO_GOAL
28.4,1.1909,0.6955,0.6661,-1.6054,2.7212,1.2592,0.6722,0.4151,GO_GOAL
28.42,1.1938,0.6977,0.6661,-1.6046,2.7248,1.2592,0.6722,0.4127,GO_GOAL
28.44,1.1966,0.7,0.6661,-1.6039,2.7283,1.2592,0.6722,0.4104,GO_GOAL
28.46,1.1994,0.7022,0.6661,-1.6032,2.7318,1.2592,0.6722,0.4081,GO_GOAL
28.48,1.2023,0.7044,0.6661,-1.6025,2.7354,1.2592,0.6722,0.4057,GO_GOAL
28.5,1.2051,0.7066,0.6661,-1.6018,2.7389,1.2592,0.6722,0.4034,GO_GOAL
28.52,1.2079,0.7089,0.6661,-1.6011,2.7424,1.2734,0.6833,0.4011,GO_GOAL
28.54,1.2108,0.7111,0.6661,-1.6004,2.746,1.2734,0.6833,0.3988,GO_GOAL
28.56,1.2136,0.7133,0.6661,-1.5997,2.7495,1.2734,0.6833,0.3966,GO_GOAL
28.58,1.2164,0.7155,0.6661,-1.599,2.753,1.2734,0.6833,0.3943,GO_GOAL
28.6,1.2192,0.7178,0.6661,-1.5983,2.7565,1.2734,0.6833,0.392,GO_GOAL
28.62,1.2221,0.72,0.6661,-1.5975,2.7601,1.2876,0.6944,0.3898,GO_GOAL
28.64,1.2249,0.7222,0.6661,-1.5968,2.7636,1.2876,0.6944,0.3876,GO_GOAL
28.66,1.2277,0.7244,0.6661,-1.5954,2.7707,1.2876,0.6944,0.3853,GO_GOAL
28.68,1.2306,0.7267,0.6661,-1.5947,2.7742,1.2876,0.6944,0.3831,GO_GOAL
28.7,1.2334,0.7289,0.6661,-1.5947,2.7742,1.2876,0.6944,0.3809,GO_GOAL
28.72,1.2362,0.7311,0.6661,-1.594,2.7777,1.3017,0.7055,0.3788,GO_GOAL
28.74,1.2391,0.7333,0.6661,-1.5933,2.7812,1.3017,0.7055,0.3766,GO_GOAL
28.76,1.2419,0.7356,0.6661,-1.5926,2.7848,1.3017,0.7055,0.3744,GO_GOAL
28.78,1.2447,0.7378,0.6661,-1.5919,2.7883,1.3017,0.7055,0.3723,GO_GOAL
28.8,1.2476,0.74,0.6661,-1.5912,2.7918,1.3159,0.7166,0.3701,GO_GOAL
28.82,1.2504,0.7422,0.6661,-1.5904,2.7954,1.3159,0.7166,0.368,GO_GOAL
28.84,1.2532,0.7444,0.6661,-1.589,2.8024,1.3159,0.7166,0.3659,GO_GOAL
28.86,1.256,0.7467,0.6661,-1.589,2.8024,1.3159,0.7166,0.3638,GO_GOAL
28.88,1.2589,0.7489,0.6661,-1.5883,2.806,1.3159,0.7166,0.3617,GO_GOAL
28.9,1.2617,0.7511,0.6661,-1.5876,2.8095,1.3159,0.7166,0.3596,GO_GOAL
28.922,1.2645,0.7533,0.6661,-1.5862,2.8165,1.33,0.7278,0.3576,GO_GOAL
28.94,1.2674,0.7556,0.6661,-1.5862,2.8165,1.33,0.7278,0.3555,GO_GOAL
28.96,1.2702,0.7578,0.6661,-1.5855,2.8201,1.33,0.7278,0.3535,GO_GOAL
28.98,1.273,0.76,0.6661,-1.5848,2.8236,1.33,0.7278,0.3515,GO_GOAL
29.0,1.2759,0.7622,0.6661,-1.584,2.8271,1.33,0.7278,0.3495,GO_GOAL
29.02,1.2787,0.7645,0.6661,-1.5833,2.8307,1.3442,0.7389,0.3475,GO_GOAL
29.04,1.2815,0.7667,0.6661,-1.5826,2.8342,1.3442,0.7389,0.3455,GO_GOAL
29.06,1.2844,0.7689,0.6661,-1.5819,2.8377,1.3442,0.7389,0.3435,GO_GOAL
29.08,1.2872,0.7711,0.6661,-1.5812,2.8412,1.3442,0.7389,0.3416,GO_GOAL
29.1,1.29,0.7734,0.6661,-1.5798,2.8483,1.3442,0.7389,0.3397,GO_GOAL
29.12,1.2928,0.7756,0.6661,-1.5798,2.8483,1.3584,0.75,0.3377,GO_GOAL
29.14,1.2957,0.7778,0.6661,-1.5791,2.8518,1.3584,0.75,0.3358,GO_GOAL
29.16,1.2985,0.78,0.6661,-1.5784,2.8554,1.3584,0.75,0.3339,GO_GOAL
29.18,1.3013,0.7823,0.6661,-1.5777,2.8589,1.3584,0.75,0.332,GO_GOAL
29.2,1.3042,0.7845,0.6661,-1.5769,2.8624,1.3584,0.75,0.3302,GO_GOAL
29.22,1.307,0.7867,0.6661,-1.5762,2.8659,1.3725,0.7611,0.3283,GO_GOAL
29.24,1.3098,0.7889,0.6661,-1.5755,2.8695,1.3725,0.7611,0.3265,GO_GOAL
29.26,1.3127,0.7912,0.6661,-1.5748,2.873,1.3725,0.7611,0.3247,GO_GOAL
29.28,1.3155,0.7934,0.6661,-1.5741,2.8765,1.3725,0.7611,0.3229,GO_GOAL
29.3,1.3183,0.7956,0.6661,-1.5734,2.8801,1.3725,0.7611,0.3211,GO_GOAL
29.32,1.3211,0.7978,0.6661,-1.5727,2.8836,1.3867,0.7722,0.3193,GO_GOAL
29.34,1.324,0.8001,0.6661,-1.572,2.8871,1.3867,0.7722,0.3175,GO_GOAL
29.36,1.3268,0.8023,0.6661,-1.5713,2.8907,1.3867,0.7722,0.3158,GO_GOAL
29.38,1.3296,0.8045,0.6661,-1.5698,2.8977,1.3867,0.7722,0.3141,GO_GOAL
29.4,1.3325,0.8067,0.6661,-1.5698,2.8977,1.3867,0.7722,0.3124,GO_GOAL
29.42,1.3353,0.809,0.6661,-1.5691,2.9012,1.4009,0.7833,0.3107,GO_GOAL
29.44,1.3381,0.8112,0.6661,-1.5684,2.9048,1.4009,0.7833,0.309,GO_GOAL
29.46,1.341,0.8134,0.6661,-1.567,2.9118,1.4009,0.7833,0.3073,GO_GOAL
29.48,1.3438,0.8156,0.6661,-1.567,2.9118,1.4009,0.7833,0.3057,GO_GOAL
29.5,1.3466,0.8179,0.6661,-1.5663,2.9154,1.4009,0.7833,0.304,GO_GOAL
29.52,1.3495,0.8201,0.6661,-1.5656,2.9189,1.4178,0.7966,0.3024,GO_GOAL
29.54,1.3523,0.8223,0.6661,-1.5642,2.9259,1.4178,0.7966,0.3008,GO_GOAL
29.56,1.3551,0.8245,0.6661,-1.5642,2.9259,1.4178,0.7966,0.2993,GO_GOAL
29.58,1.3579,0.8268,0.6661,-1.5634,2.9295,1.4178,0.7966,0.2977,GO_GOAL
29.6,1.3608,0.829,0.6661,-1.5627,2.933,1.4178,0.7966,0.2962,GO_GOAL
29.62,1.3636,0.8312,0.6661,-1.562,2.9365,1.4292,0.8055,0.2946,GO_GOAL
29.64,1.3664,0.8334,0.6661,-1.5613,2.9401,1.4292,0.8055,0.2931,GO_GOAL
29.66,1.3693,0.8357,0.6661,-1.5606,2.9436,1.4292,0.8055,0.2916,GO_GOAL
29.68,1.3721,0.8379,0.6661,-1.5592,2.9506,1.4292,0.8055,0.2902,GO_GOAL
29.7,1.3749,0.8401,0.6661,-1.5592,2.9506,1.4433,0.8166,0.2887,GO_GOAL
29.72,1.3778,0.8423,0.6661,-1.5585,2.9542,1.4433,0.8166,0.2873,GO_GOAL
29.74,1.3806,0.8446,0.6661,-1.5578,2.9577,1.4433,0.8166,0.2858,GO_GOAL
29.76,1.3834,0.8468,0.6661,-1.5571,2.9612,1.4433,0.8166,0.2844,GO_GOAL
29.78,1.3862,0.849,0.6661,-1.5563,2.9648,1.4433,0.8166,0.2831,GO_GOAL
29.8,1.3891,0.8512,0.6661,-1.5556,2.9683,1.4433,0.8166,0.2817,GO_GOAL
29.82,1.3919,0.8534,0.6661,-1.5549,2.9718,1.4575,0.8278,0.2804,GO_GOAL
29.84,1.3947,0.8557,0.6661,-1.5535,2.9789,1.4575,0.8278,0.279,GO_GOAL
29.86,1.3976,0.8579,0.6661,-1.5535,2.9789,1.4575,0.8278,0.2777,GO_GOAL
29.88,1.4004,0.8601,0.6661,-1.5528,2.9824,1.4575,0.8278,0.2764,GO_GOAL
29.9,1.4032,0.8623,0.6661,-1.5514,2.9895,1.4717,0.8389,0.2752,GO_GOAL
29.92,1.4061,0.8646,0.6661,-1.5507,2.993,1.4717,0.8389,0.2739,GO_GOAL
29.94,1.4089,0.8668,0.6661,-1.5507,2.993,1.4717,0.8389,0.2727,GO_GOAL
29.96,1.4117,0.869,0.6661,-1.5499,2.9965,1.4717,0.8389,0.2715,GO_GOAL
29.98,1.4146,0.8712,0.6661,-1.5492,3.0001,1.4717,0.8389,0.2703,GO_GOAL
30.0,1.4174,0.8735,0.6661,-1.5485,3.0036,1.4717,0.8389,0.2691,GO_GOAL
30.02,1.4202,0.8757,0.6661,-1.5478,3.0071,1.4858,0.85,0.268,GO_GOAL
30.04,1.423,0.8779,0.6661,-1.5471,3.0106,1.4858,0.85,0.2669,GO_GOAL
30.06,1.4259,0.8801,0.6661,-1.5464,3.0142,1.4858,0.85,0.2657,GO_GOAL
30.08,1.4287,0.8824,0.6661,-1.5457,3.0177,1.4858,0.85,0.2647,GO_GOAL
30.1,1.4315,0.8846,0.6661,-1.545,3.0212,1.4858,0.85,0.2636,GO_GOAL
30.12,1.4344,0.8868,0.6661,-1.5436,3.0283,1.5,0.8611,0.2625,GO_GOAL
30.14,1.4372,0.889,0.6661,-1.5436,3.0283,1.5,0.8611,0.2615,GO_GOAL
30.16,1.44,0.8913,0.6661,-1.5428,3.0318,1.5,0.8611,0.2605,GO_GOAL
30.18,1.4429,0.8935,0.6661,-1.5414,3.0389,1.5,0.8611,0.2595,GO_GOAL
30.2,1.4457,0.8957,0.6661,-1.5414,3.0389,1.5,0.8611,0.2586,GO_GOAL
30.22,1.4485,0.8979,0.6661,-1.5407,3.0424,1.5141,0.8722,0.2576,GO_GOAL
30.24,1.4513,0.9002,0.6661,-1.54,3.0459,1.5141,0.8722,0.2567,GO_GOAL
30.26,1.4542,0.9024,0.6661,-1.5386,3.053,1.5141,0.8722,0.2558,GO_GOAL
30.28,1.457,0.9046,0.6661,-1.5386,3.053,1.5141,0.8722,0.2549,GO_GOAL
30.3,1.4598,0.9068,0.6661,-1.5379,3.0565,1.5141,0.8722,0.2541,GO_GOAL
30.32,1.4627,0.9091,0.6661,-1.5372,3.0601,1.5283,0.8833,0.2532,GO_GOAL
30.34,1.4655,0.9113,0.6661,-1.5365,3.0636,1.5283,0.8833,0.2524,GO_GOAL
30.36,1.4683,0.9135,0.6661,-1.5357,3.0671,1.5283,0.8833,0.2516,GO_GOAL
30.38,1.4712,0.9157,0.6661,-1.535,3.0706,1.5283,0.8833,0.2509,GO_GOAL
30.4,1.474,0.918,0.6661,-1.5343,3.0742,1.5425,0.8944,0.2501,GO_GOAL
30.42,1.4768,0.9202,0.6661,-1.5336,3.0777,1.5425,0.8944,0.2494,GO_GOAL
30.44,1.4797,0.9224,0.6661,-1.5329,3.0812,1.5425,0.8944,0.2487,GO_GOAL
30.46,1.4825,0.9246,0.6661,-1.5322,3.0848,1.5425,0.8944,0.248,GO_GOAL
30.48,1.4853,0.9269,0.6661,-1.5315,3.0883,1.5425,0.8944,0.2474,GO_GOAL
30.5,1.4881,0.9291,0.6661,-1.5308,3.0918,1.5566,0.9055,0.2467,GO_GOAL
30.52,1.491,0.9313,0.6661,-1.5301,3.0953,1.5566,0.9055,0.2461,GO_GOAL
30.54,1.4938,0.9335,0.6661,-1.5293,3.0989,1.5566,0.9055,0.2455,GO_GOAL
30.56,1.4966,0.9358,0.6661,-1.5286,3.1024,1.5566,0.9055,0.245,GO_GOAL
30.58,1.4995,0.938,0.6661,-1.5279,3.1059,1.5566,0.9055,0.2444,GO_GOAL
30.6,1.5023,0.9402,0.6661,-1.5265,3.113,1.5566,0.9055,0.2439,GO_GOAL
30.62,1.5051,0.9424,0.6661,-1.5265,3.113,1.5708,0.9166,0.2434,GO_GOAL
30.64,1.508,0.9447,0.6661,-1.5258,3.1165,1.5708,0.9166,0.2429,GO_GOAL
30.66,1.5108,0.9469,0.6661,-1.5251,3.12,1.5708,0.9166,0.2425,GO_GOAL
30.68,1.5136,0.9491,0.6661,-1.5244,3.1236,1.5708,0.9166,0.242,GO_GOAL
30.7,1.5164,0.9513,0.6661,-1.5237,3.1271,1.5708,0.9166,0.2416,GO_GOAL
30.72,1.5193,0.9536,0.6661,-1.5222,3.1342,1.5849,0.9278,0.2412,GO_GOAL
30.74,1.5221,0.9558,0.6661,-1.5215,3.1377,1.5849,0.9278,0.2409,GO_GOAL
30.76,1.5249,0.958,0.6661,-1.5215,3.1377,1.5849,0.9278,0.2405,GO_GOAL
30.78,1.5278,0.9602,0.6661,-1.5208,3.1412,1.5849,0.9278,0.2402,GO_GOAL
30.8,1.5306,0.9625,0.6661,-1.5194,3.1483,1.5849,0.9278,0.2399,GO_GOAL
30.82,1.5334,0.9647,0.6661,-1.5187,3.1518,1.5991,0.9389,0.2397,GO_GOAL
30.84,1.5363,0.9669,0.6661,-1.5187,3.1518,1.5991,0.9389,0.2394,GO_GOAL
30.86,1.5391,0.9691,0.6661,-1.518,3.1553,1.5991,0.9389,0.2392,GO_GOAL
30.88,1.5419,0.9713,0.6661,-1.5173,3.1589,1.5991,0.9389,0.239,GO_GOAL
30.9,1.5448,0.9736,0.6661,-1.5166,3.1624,1.5991,0.9389,0.2388,GO_GOAL
30.92,1.5476,0.9758,0.6661,-1.5158,3.1659,1.6133,0.95,0.2387,GO_GOAL
30.94,1.5504,0.978,0.6661,-1.5151,3.1695,1.6133,0.95,0.2386,GO_GOAL
30.96,1.5532,0.9802,0.6661,-1.5144,3.173,1.6133,0.95,0.2385,GO_GOAL
30.98,1.5561,0.9825,0.6661,-1.513,3.18,1.6133,0.95,0.2384,GO_GOAL
31.0,1.5589,0.9847,0.6661,-1.513,3.18,1.6133,0.95,0.2383,GO_GOAL
31.02,1.5617,0.9869,0.6661,-1.5116,3.1871,1.6274,0.9611,0.2383,GO_GOAL
31.04,1.5646,0.9891,0.6661,-1.5116,3.1871,1.6274,0.9611,0.2383,GO_GOAL
31.06,1.5674,0.9914,0.6661,-1.5109,3.1906,1.6274,0.9611,0.2383,GO_GOAL
31.08,1.5702,0.9936,0.6661,-1.5102,3.1942,1.6274,0.9611,0.2384,GO_GOAL
31.1,1.5731,0.9958,0.6661,-1.5087,3.2012,1.6274,0.9611,0.2384,GO_GOAL
31.12,1.5759,0.998,0.6661,-1.508,3.2048,1.6416,0.9722,0.2385,GO_GOAL
31.14,1.5787,1.0003,0.6661,-1.508,3.2048,1.6416,0.9722,0.2386,GO_GOAL
31.16,1.5816,1.0025,0.6661,-1.5073,3.2083,1.6416,0.9722,0.2388,GO_GOAL
31.18,1.5844,1.0047,0.6661,-1.5066,3.2118,1.6416,0.9722,0.2389,GO_GOAL
31.2,1.5872,1.0069,0.6661,-1.5059,3.2153,1.6416,0.9722,0.2391,GO_GOAL
31.22,1.59,1.0092,0.6661,-1.5045,3.2224,1.6558,0.9833,0.2393,GO_GOAL
31.24,1.5929,1.0114,0.6661,-1.5045,3.2224,1.6558,0.9833,0.2395,GO_GOAL
31.26,1.5957,1.0136,0.6661,-1.5038,3.2259,1.6558,0.9833,0.2398,GO_GOAL
31.28,1.5985,1.0158,0.6661,-1.5031,3.2295,1.6558,0.9833,0.2401,GO_GOAL
31.3,1.6014,1.0181,0.6661,-1.5024,3.233,1.6558,0.9833,0.2404,GO_GOAL
31.32,1.6042,1.0203,0.6661,-1.5016,3.2365,1.6699,0.9944,0.2407,GO_GOAL
31.34,1.607,1.0225,0.6661,-1.5009,3.24,1.6699,0.9944,0.241,GO_GOAL
31.36,1.6099,1.0247,0.6661,-1.5002,3.2436,1.6699,0.9944,0.2414,GO_GOAL
31.38,1.6127,1.027,0.6661,-1.4995,3.2471,1.6699,0.9944,0.2418,GO_GOAL
31.4,1.6155,1.0292,0.6661,-1.4988,3.2506,1.6699,0.9944,0.2422,GO_GOAL
31.42,1.6183,1.0314,0.6661,-1.4981,3.2542,1.6841,1.0055,0.2426,GO_GOAL
31.44,1.6212,1.0336,0.6661,-1.4974,3.2577,1.6841,1.0055,0.2431,GO_GOAL
31.46,1.624,1.0359,0.6661,-1.4967,3.2612,1.6841,1.0055,0.2436,GO_GOAL
31.48,1.6268,1.0381,0.6661,-1.496,3.2647,1.6841,1.0055,0.2441,GO_GOAL
31.5,1.6297,1.0403,0.6661,-1.4945,3.2718,1.6982,1.0166,0.2446,GO_GOAL
31.52,1.6325,1.0425,0.6661,-1.4945,3.2718,1.6982,1.0166,0.2452,GO_GOAL
31.54,1.6353,1.0448,0.6661,-1.4938,3.2753,1.6982,1.0166,0.2458,GO_GOAL
31.56,1.6382,1.047,0.6661,-1.4931,3.2789,1.6982,1.0166,0.2464,GO_GOAL
31.58,1.641,1.0492,0.6661,-1.4924,3.2824,1.6982,1.0166,0.247,GO_GOAL
31.6,1.6438,1.0514,0.6661,-1.4917,3.2859,1.6982,1.0166,0.2476,GO_GOAL
31.62,1.6467,1.0537,0.6661,-1.4903,3.293,1.7124,1.0277,0.2483,GO_GOAL
31.64,1.6495,1.0559,0.6661,-1.4903,3.293,1.7124,1.0277,0.249,GO_GOAL
31.66,1.6523,1.0581,0.6661,-1.4896,3.2965,1.7124,1.0277,0.2497,GO_GOAL
31.68,1.6551,1.0603,0.6661,-1.4889,3.3,1.7124,1.0277,0.2504,GO_GOAL
31.7,1.658,1.0626,0.6661,-1.4874,3.3071,1.7124,1.0277,0.2512,GO_GOAL
31.72,1.6608,1.0648,0.6661,-1.4867,3.3106,1.7266,1.0389,0.252,GO_GOAL
31.74,1.6636,1.067,0.6661,-1.486,3.3142,1.7266,1.0389,0.2528,GO_GOAL
31.76,1.6665,1.0692,0.6661,-1.4853,3.3177,1.7266,1.0389,0.2536,GO_GOAL
31.78,1.6693,1.0715,0.6661,-1.4853,3.3177,1.7266,1.0389,0.2544,GO_GOAL
31.8,1.6721,1.0737,0.6661,-1.4846,3.3212,1.7266,1.0389,0.2553,GO_GOAL
31.82,1.675,1.0759,0.6661,-1.4839,3.3247,1.7407,1.05,0.2562,GO_GOAL
31.84,1.6778,1.0781,0.6661,-1.4825,3.3318,1.7407,1.05,0.2571,GO_GOAL
31.86,1.6806,1.0803,0.6661,-1.4817,3.3353,1.7407,1.05,0.258,GO_GOAL
31.88,1.6834,1.0826,0.6661,-1.4817,3.3353,1.7407,1.05,0.259,GO_GOAL
31.9,1.6863,1.0848,0.6661,-1.481,3.3389,1.7407,1.05,0.2599,GO_GOAL
31.92,1.6891,1.087,0.6661,-1.4803,3.3424,1.7549,1.0611,0.2609,GO_GOAL
31.94,1.6919,1.0892,0.6661,-1.4796,3.3459,1.7549,1.0611,0.262,GO_GOAL
31.96,1.6948,1.0915,0.6661,-1.4789,3.3494,1.7549,1.0611,0.263,GO_GOAL
31.98,1.6976,1.0937,0.6661,-1.4782,3.353,1.7549,1.0611,0.264,GO_GOAL
32.0,1.7004,1.0959,0.6661,-1.4775,3.3565,1.7549,1.0611,0.2651,GO_GOAL
32.02,1.7033,1.0981,0.6661,-1.4761,3.3636,1.769,1.0722,0.2662,GO_GOAL
32.04,1.7061,1.1004,0.6661,-1.4761,3.3636,1.769,1.0722,0.2673,GO_GOAL
32.06,1.7089,1.1026,0.6661,-1.4754,3.3671,1.769,1.0722,0.2685,GO_GOAL
32.08,1.7118,1.1048,0.6661,-1.4746,3.3706,1.769,1.0722,0.2696,GO_GOAL
32.1,1.7146,1.107,0.6661,-1.4739,3.3742,1.769,1.0722,0.2708,GO_GOAL
32.12,1.7174,1.1093,0.6661,-1.4732,3.3777,1.7832,1.0833,0.272,GO_GOAL
32.14,1.7202,1.1115,0.6661,-1.4725,3.3812,1.7832,1.0833,0.2732,GO_GOAL
32.16,1.7231,1.1137,0.6661,-1.4718,3.3847,1.7832,1.0833,0.2745,GO_GOAL
32.18,1.7259,1.1159,0.6661,-1.4711,3.3883,1.7832,1.0833,0.2757,GO_GOAL
32.2,1.7287,1.1182,0.6661,-1.4704,3.3918,1.7832,1.0833,0.277,GO_GOAL
32.22,1.7316,1.1204,0.6661,-1.4697,3.3953,1.7974,1.0944,0.2783,GO_GOAL
32.24,1.7344,1.1226,0.6661,-1.4683,3.4024,1.7974,1.0944,0.2796,GO_GOAL
32.26,1.7372,1.1248,0.6661,-1.4683,3.4024,1.7974,1.0944,0.2809,GO_GOAL
32.28,1.7401,1.1271,0.6661,-1.4675,3.4059,1.7974,1.0944,0.2823,GO_GOAL
32.3,1.7429,1.1293,0.6661,-1.4668,3.4094,1.7974,1.0944,0.2837,GO_GOAL
32.32,1.7457,1.1315,0.6661,-1.4661,3.413,1.8115,1.1055,0.285,GO_GOAL
32.34,1.7485,1.1337,0.6661,-1.4654,3.4165,1.8115,1.1055,0.2864,GO_GOAL
32.36,1.7514,1.136,0.6661,-1.4647,3.42,1.8115,1.1055,0.2879,GO_GOAL
32.38,1.7542,1.1382,0.6661,-1.464,3.4236,1.8115,1.1055,0.2893,GO_GOAL
32.4,1.757,1.1404,0.6661,-1.4633,3.4271,1.8115,1.1055,0.2908,GO_GOAL
32.42,1.7599,1.1426,0.6661,-1.4626,3.4306,1.8257,1.1166,0.2923,GO_GOAL
32.44,1.7627,1.1449,0.6661,-1.4619,3.4341,1.8257,1.1166,0.2938,GO_GOAL
32.46,1.7655,1.1471,0.6661,-1.4611,3.4377,1.8257,1.1166,0.2953,GO_GOAL
32.48,1.7684,1.1493,0.6661,-1.4604,3.4412,1.8257,1.1166,0.2968,GO_GOAL
32.5,1.7712,1.1515,0.6661,-1.4597,3.4447,1.8257,1.1166,0.2984,GO_GOAL
32.52,1.774,1.1538,0.6661,-1.4583,3.4518,1.8399,1.1277,0.2999,GO_GOAL
32.54,1.7769,1.156,0.6661,-1.4583,3.4518,1.8399,1.1277,0.3015,GO_GOAL
32.56,1.7797,1.1582,0.6661,-1.4576,3.4553,1.8399,1.1277,0.3031,GO_GOAL
32.58,1.7825,1.1604,0.6661,-1.4569,3.4589,1.8399,1.1277,0.3047,GO_GOAL
32.6,1.7853,1.1627,0.6661,-1.4562,3.4624,1.8399,1.1277,0.3064,GO_GOAL
32.62,1.7882,1.1649,0.6661,-1.4555,3.4659,1.854,1.1389,0.308,GO_GOAL
32.64,1.791,1.1671,0.6661,-1.4548,3.4694,1.854,1.1389,0.3097,GO_GOAL
32.66,1.7938,1.1693,0.6661,-1.454,3.473,1.854,1.1389,0.3114,GO_GOAL
32.68,1.7967,1.1716,0.6661,-1.4533,3.4765,1.854,1.1389,0.3131,GO_GOAL
32.7,1.7995,1.1738,0.6661,-1.4519,3.4836,1.854,1.1389,0.3148,GO_GOAL
32.72,1.8023,1.176,0.6661,-1.4519,3.4836,1.8682,1.15,0.3165,GO_GOAL
32.74,1.8052,1.1782,0.6661,-1.4505,3.4906,1.8682,1.15,0.3183,GO_GOAL
32.76,1.808,1.1805,0.6661,-1.4505,3.4906,1.8682,1.15,0.3201,GO_GOAL
32.78,1.8108,1.1827,0.6661,-1.4498,3.4941,1.8682,1.15,0.3218,GO_GOAL
32.8,1.8136,1.1849,0.6661,-1.4491,3.4977,1.8682,1.15,0.3236,GO_GOAL
32.82,1.8165,1.1871,0.6661,-1.4484,3.5012,1.8823,1.1611,0.3254,GO_GOAL
32.84,1.8193,1.1893,0.6661,-1.4476,3.5047,1.8823,1.1611,0.3273,GO_GOAL
32.86,1.8221,1.1916,0.6661,-1.4469,3.5083,1.8823,1.1611,0.3291,GO_GOAL
32.88,1.825,1.1938,0.6661,-1.4462,3.5118,1.8823,1.1611,0.331,GO_GOAL
32.9,1.8278,1.196,0.6661,-1.4455,3.5153,1.8823,1.1611,0.3328,GO_GOAL
32.92,1.8306,1.1982,0.6661,-1.4448,3.5189,1.8965,1.1722,0.3347,GO_GOAL
32.94,1.8335,1.2005,0.6661,-1.4434,3.5259,1.8965,1.1722,0.3366,GO_GOAL
32.96,1.8363,1.2027,0.6661,-1.4434,3.5259,1.8965,1.1722,0.3385,GO_GOAL
32.98,1.8391,1.2049,0.6661,-1.4427,3.5294,1.8965,1.1722,0.3405,GO_GOAL
33.0,1.842,1.2071,0.6661,-1.442,3.533,1.8965,1.1722,0.3424,GO_GOAL
33.02,1.8448,1.2094,0.6661,-1.4413,3.5365,1.9107,1.1833,0.3444,GO_GOAL
33.04,1.8476,1.2116,0.6661,-1.4405,3.54,1.9107,1.1833,0.3463,GO_GOAL
33.06,1.8504,1.2138,0.6661,-1.4398,3.5436,1.9107,1.1833,0.3483,GO_GOAL
33.08,1.8533,1.216,0.6661,-1.4384,3.5506,1.9107,1.1833,0.3503,GO_GOAL
33.1,1.8561,1.2183,0.6661,-1.4384,3.5506,1.9107,1.1833,0.3523,GO_GOAL
33.12,1.8589,1.2205,0.6661,-1.4377,3.5541,1.9248,1.1944,0.3544,GO_GOAL
33.14,1.8618,1.2227,0.6661,-1.437,3.5577,1.9248,1.1944,0.3564,GO_GOAL
33.16,1.8646,1.2249,0.6661,-1.4363,3.5612,1.9248,1.1944,0.3585,GO_GOAL
33.18,1.8674,1.2272,0.6661,-1.4356,3.5647,1.9248,1.1944,0.3605,GO_GOAL
33.2,1.8703,1.2294,0.6661,-1.4349,3.5683,1.9248,1.1944,0.3626,GO_GOAL
33.22,1.8731,1.2316,0.6661,-1.4342,3.5718,1.939,1.2055,0.3647,GO_GOAL
33.24,1.8759,1.2338,0.6661,-1.4327,3.5788,1.939,1.2055,0.3668,GO_GOAL
33.26,1.8788,1.2361,0.6661,-1.4327,3.5788,1.939,1.2055,0.3689,GO_GOAL
33.28,1.8816,1.2383,0.6661,-1.432,3.5824,1.939,1.2055,0.371,GO_GOAL
33.3,1.8844,1.2405,0.6661,-1.4313,3.5859,1.939,1.2055,0.3732,GO_GOAL
33.32,1.8872,1.2427,0.6661,-1.4306,3.5894,1.956,1.2189,0.3753,GO_GOAL
33.34,1.8901,1.245,0.6661,-1.4299,3.593,1.956,1.2189,0.3775,GO_GOAL
33.36,1.8929,1.2472,0.6661,-1.4292,3.5965,1.956,1.2189,0.3797,GO_GOAL
33.38,1.8957,1.2494,0.6661,-1.4285,3.6,1.956,1.2189,0.3819,GO_GOAL
33.4,1.8986,1.2516,0.6661,-1.4278,3.6036,1.956,1.2189,0.3841,GO_GOAL
33.42,1.9014,1.2539,0.6661,-1.427,3.6071,1.9701,1.23,0.3863,GO_GOAL
33.44,1.9042,1.2561,0.6661,-1.4256,3.6141,1.9701,1.23,0.3885,GO_GOAL
33.46,1.9071,1.2583,0.6661,-1.4256,3.6141,1.9701,1.23,0.3908,GO_GOAL
33.48,1.9099,1.2605,0.6661,-1.4249,3.6177,1.9701,1.23,0.393,GO_GOAL
33.5,1.9127,1.2628,0.6661,-1.4242,3.6212,1.9701,1.23,0.3953,GO_GOAL
33.52,1.9155,1.265,0.6661,-1.4235,3.6247,1.9815,1.2389,0.3975,GO_GOAL
33.54,1.9184,1.2672,0.6661,-1.4228,3.6283,1.9815,1.2389,0.3998,GO_GOAL
33.56,1.9212,1.2694,0.6661,-1.4221,3.6318,1.9815,1.2389,0.4021,GO_GOAL
33.58,1.924,1.2717,0.6661,-1.4214,3.6353,1.9815,1.2389,0.4044,GO_GOAL
33.6,1.9269,1.2739,0.6661,-1.4207,3.6388,1.9815,1.2389,0.4067,GO_GOAL
33.62,1.9297,1.2761,0.6661,-1.4199,3.6424,1.9956,1.25,0.409,GO_GOAL
33.64,1.9325,1.2783,0.6661,-1.4192,3.6459,1.9956,1.25,0.4114,GO_GOAL
33.66,1.9354,1.2806,0.6661,-1.4185,3.6494,1.9956,1.25,0.4137,GO_GOAL
33.68,1.9382,1.2828,0.6661,-1.4178,3.653,1.9956,1.25,0.4161,GO_GOAL
33.7,1.941,1.285,0.6661,-1.4171,3.6565,1.9956,1.25,0.4184,GO_GOAL
33.72,1.9439,1.2872,0.6661,-1.4164,3.66,2.0098,1.2611,0.4208,GO_GOAL
33.74,1.9467,1.2895,0.6661,-1.4157,3.6635,2.0098,1.2611,0.4232,GO_GOAL
33.76,1.9495,1.2917,0.6661,-1.415,3.6671,2.0098,1.2611,0.4256,GO_GOAL
33.78,1.9523,1.2939,0.6661,-1.4143,3.6706,2.0098,1.2611,0.428,GO_GOAL
33.8,1.9552,1.2961,0.6661,-1.4135,3.6741,2.0098,1.2611,0.4304,GO_GOAL
33.82,1.958,1.2984,0.6661,-1.4128,3.6777,2.024,1.2722,0.4328,GO_GOAL
33.84,1.9608,1.3006,0.6661,-1.4121,3.6812,2.024,1.2722,0.4353,GO_GOAL
33.86,1.9637,1.3028,0.6661,-1.4107,3.6883,2.024,1.2722,0.4377,GO_GOAL
33.88,1.9665,1.305,0.6661,-1.4107,3.6883,2.024,1.2722,0.4402,GO_GOAL
33.9,1.9693,1.3072,0.6661,-1.41,3.6918,2.024,1.2722,0.4426,GO_GOAL
33.92,1.9722,1.3095,0.6661,-1.4086,3.6988,2.0381,1.2833,0.4451,GO_GOAL
33.94,1.975,1.3117,0.6661,-1.4086,3.6988,2.0381,1.2833,0.4476,GO_GOAL
33.96,1.9778,1.3139,0.6661,-1.4079,3.7024,2.0381,1.2833,0.4501,GO_GOAL
33.98,1.9806,1.3161,0.6661,-1.4072,3.7059,2.0381,1.2833,0.4526,GO_GOAL
34.0,1.9835,1.3184,0.6661,-1.4064,3.7094,2.0381,1.2833,0.4551,GO_GOAL
34.02,1.9863,1.3206,0.6661,-1.4057,3.713,2.0523,1.2944,0.4576,GO_GOAL
34.04,1.9891,1.3228,0.6661,-1.4043,3.72,2.0523,1.2944,0.4601,GO_GOAL
34.06,1.992,1.325,0.6661,-1.4043,3.72,2.0523,1.2944,0.4626,GO_GOAL
34.08,1.9948,1.3273,0.6661,-1.4036,3.7235,2.0523,1.2944,0.4652,GO_GOAL
34.1,1.9976,1.3295,0.6661,-1.4022,3.7306,2.0523,1.2944,0.4677,GO_GOAL
34.12,2.0005,1.3317,0.6661,-1.4022,3.7306,2.0664,1.3055,0.4703,GO_GOAL
34.14,2.0033,1.3339,0.6661,-1.4015,3.7341,2.0664,1.3055,0.4729,GO_GOAL
34.16,2.0061,1.3362,0.6661,-1.4008,3.7377,2.0664,1.3055,0.4754,GO_GOAL
34.18,2.009,1.3384,0.6661,-1.4001,3.7412,2.0664,1.3055,0.478,GO_GOAL
34.2,2.0118,1.3406,0.6661,-1.3993,3.7447,2.0664,1.3055,0.4806,GO_GOAL
34.22,2.0146,1.3428,0.6661,-1.3986,3.7482,2.0806,1.3166,0.4832,GO_GOAL
34.24,2.0174,1.3451,0.6661,-1.3979,3.7518,2.0806,1.3166,0.4858,GO_GOAL
34.26,2.0203,1.3473,0.6661,-1.3972,3.7553,2.0806,1.3166,0.4884,GO_GOAL
34.28,2.0231,1.3495,0.6661,-1.3965,3.7588,2.0806,1.3166,0.491,GO_GOAL
34.3,2.0259,1.3517,0.6661,-1.3958,3.7624,2.0806,1.3166,0.4937,GO_GOAL
34.32,2.0288,1.354,0.6661,-1.3951,3.7659,2.0948,1.3277,0.4963,GO_GOAL
34.34,2.0316,1.3562,0.6661,-1.3944,3.7694,2.0948,1.3277,0.4989,GO_GOAL
34.36,2.0344,1.3584,0.6661,-1.3937,3.773,2.0948,1.3277,0.5016,GO_GOAL
34.38,2.0373,1.3606,0.6661,-1.3929,3.7765,2.0948,1.3277,0.5042,GO_GOAL
34.4,2.0401,1.3629,0.6661,-1.3922,3.78,2.0948,1.3277,0.5069,GO_GOAL
34.42,2.0429,1.3651,0.6661,-1.3915,3.7835,2.1089,1.3389,0.5096,GO_GOAL
34.44,2.0457,1.3673,0.6661,-1.3908,3.7871,2.1089,1.3389,0.5123,GO_GOAL
34.46,2.0486,1.3695,0.6661,-1.3901,3.7906,2.1089,1.3389,0.5149,GO_GOAL
34.48,2.0514,1.3718,0.6661,-1.3894,3.7941,2.1089,1.3389,0.5176,GO_GOAL
34.5,2.0542,1.374,0.6661,-1.3887,3.7977,2.1089,1.3389,0.5203,GO_GOAL
34.52,2.0571,1.3762,0.6661,-1.388,3.8012,2.1231,1.35,0.5231,GO_GOAL
34.54,2.0599,1.3784,0.6661,-1.3866,3.8082,2.1231,1.35,0.5258,GO_GOAL
34.56,2.0627,1.3807,0.6661,-1.3866,3.8082,2.1231,1.35,0.5285,GO_GOAL
34.58,2.0656,1.3829,0.6661,-1.3858,3.8118,2.1231,1.35,0.5312,GO_GOAL
34.6,2.0684,1.3851,0.6661,-1.3851,3.8153,2.1231,1.35,0.5339,GO_GOAL
34.62,2.0712,1.3873,0.6661,-1.3837,3.8224,2.1372,1.3611,0.5367,GO_GOAL
34.64,2.0741,1.3896,0.6661,-1.3837,3.8224,2.1372,1.3611,0.5394,GO_GOAL
34.66,2.0769,1.3918,0.6661,-1.383,3.8259,2.1372,1.3611,0.5422,GO_GOAL
34.68,2.0797,1.394,0.6661,-1.3823,3.8294,2.1372,1.3611,0.5449,GO_GOAL
34.7,2.0825,1.3962,0.6661,-1.3816,3.833,2.1372,1.3611,0.5477,GO_GOAL
34.72,2.0854,1.3985,0.6661,-1.3809,3.8365,2.1514,1.3722,0.5505,GO_GOAL
34.74,2.0882,1.4007,0.6661,-1.3795,3.8435,2.1514,1.3722,0.5533,GO_GOAL
34.76,2.091,1.4029,0.6661,-1.3795,3.8435,2.1514,1.3722,0.556,GO_GOAL
34.78,2.0939,1.4051,0.6661,-1.3787,3.8471,2.1514,1.3722,0.5588,GO_GOAL
34.8,2.0967,1.4074,0.6661,-1.378,3.8506,2.1514,1.3722,0.5616,GO_GOAL
34.82,2.0995,1.4096,0.6661,-1.3773,3.8541,2.1656,1.3833,0.5644,GO_GOAL
34.84,2.1024,1.4118,0.6661,-1.3766,3.8577,2.1656,1.3833,0.5672,GO_GOAL
34.86,2.1052,1.414,0.6661,-1.3759,3.8612,2.1656,1.3833,0.57,GO_GOAL
34.88,2.108,1.4162,0.6661,-1.3752,3.8647,2.1656,1.3833,0.5729,GO_GOAL
34.9,2.1108,1.4185,0.6661,-1.3745,3.8682,2.1656,1.3833,0.5757,GO_GOAL
34.92,2.1137,1.4207,0.6661,-1.3738,3.8718,2.1797,1.3944,0.5785,GO_GOAL
34.94,2.1165,1.4229,0.6661,-1.3731,3.8753,2.1797,1.3944,0.5814,GO_GOAL
34.96,2.1193,1.4251,0.6661,-1.3716,3.8824,2.1797,1.3944,0.5842,GO_GOAL
34.98,2.1222,1.4274,0.6661,-1.3716,3.8824,2.1797,1.3944,0.587,GO_GOAL
35.0,2.125,1.4296,0.6661,-1.3709,3.8859,2.1797,1.3944,0.5899,GO_GOAL
35.02,2.1278,1.4318,0.6661,-1.3695,3.8929,2.1939,1.4055,0.5928,GO_GOAL
35.04,2.1307,1.434,0.6661,-1.3695,3.8929,2.1939,1.4055,0.5956,GO_GOAL
35.06,2.1335,1.4363,0.6661,-1.3688,3.8965,2.1939,1.4055,0.5985,GO_GOAL
35.08,2.1363,1.4385,0.6661,-1.3674,3.9035,2.1939,1.4055,0.6014,GO_GOAL
35.1,2.1392,1.4407,0.6661,-1.3674,3.9035,2.1939,1.4055,0.6042,GO_GOAL
35.118,2.142,1.4429,0.6661,-1.3667,3.9071,2.2081,1.4166,0.6071,GO_GOAL
35.14,2.1448,1.4452,0.6661,-1.366,3.9106,2.2081,1.4166,0.61,GO_GOAL
35.16,2.1476,1.4474,0.6661,-1.3652,3.9141,2.2081,1.4166,0.6129,GO_GOAL
35.18,2.1505,1.4496,0.6661,-1.3645,3.9177,2.2081,1.4166,0.6158,GO_GOAL
35.2,2.1533,1.4518,0.6661,-1.3638,3.9212,2.2081,1.4166,0.6187,GO_GOAL
35.22,2.1561,1.4541,0.6661,-1.3631,3.9247,2.2222,1.4277,0.6216,GO_GOAL
35.24,2.159,1.4563,0.6661,-1.3624,3.9282,2.2222,1.4277,0.6245,GO_GOAL
35.26,2.1618,1.4585,0.6661,-1.3617,3.9318,2.2222,1.4277,0.6274,GO_GOAL
35.28,2.1646,1.4607,0.6661,-1.361,3.9353,2.2222,1.4277,0.6304,GO_GOAL
35.3,2.1675,1.463,0.6661,-1.3603,3.9388,2.2222,1.4277,0.6333,GO_GOAL
35.32,2.1703,1.4652,0.6661,-1.3596,3.9424,2.2364,1.4389,0.6362,GO_GOAL
35.34,2.1731,1.4674,0.6661,-1.3588,3.9459,2.2364,1.4389,0.6392,GO_GOAL
35.36,2.176,1.4696,0.6661,-1.3581,3.9494,2.2364,1.4389,0.6421,GO_GOAL
35.38,2.1788,1.4719,0.6661,-1.3574,3.9529,2.2364,1.4389,0.645,GO_GOAL
35.4,2.1816,1.4741,0.6661,-1.3567,3.9565,2.2364,1.4389,0.648,GO_GOAL
35.42,2.1844,1.4763,0.6661,-1.356,3.96,2.2505,1.45,0.6509,GO_GOAL
35.44,2.1873,1.4785,0.6661,-1.3553,3.9635,2.2505,1.45,0.6539,GO_GOAL
35.46,2.1901,1.4808,0.6661,-1.3546,3.9671,2.2505,1.45,0.6569,GO_GOAL
35.48,2.1929,1.483,0.6661,-1.3539,3.9706,2.2505,1.45,0.6598,GO_GOAL
35.5,2.1958,1.4852,0.6661,-1.3532,3.9741,2.2505,1.45,0.6628,GO_GOAL
35.52,2.1986,1.4874,0.6661,-1.3517,3.9812,2.2647,1.4611,0.6658,GO_GOAL
35.54,2.2014,1.4897,0.6661,-1.3517,3.9812,2.2647,1.4611,0.6688,GO_GOAL
35.56,2.2043,1.4919,0.6661,-1.351,3.9847,2.2647,1.4611,0.6717,GO_GOAL
35.58,2.2071,1.4941,0.6661,-1.3503,3.9882,2.2647,1.4611,0.6747,GO_GOAL
35.6,2.2099,1.4963,0.6661,-1.3496,3.9918,2.2647,1.4611,0.6777,GO_GOAL
35.62,2.2127,1.4986,0.6661,-1.3489,3.9953,2.2789,1.4722,0.6807,GO_GOAL
35.64,2.2156,1.5008,0.6661,-1.3482,3.9988,2.2789,1.4722,0.6837,GO_GOAL
35.66,2.2184,1.503,0.6661,-1.3475,4.0024,2.2789,1.4722,0.6867,GO_GOAL
35.68,2.2212,1.5052,0.6661,-1.3468,4.0059,2.2789,1.4722,0.6897,GO_GOAL
35.7,2.2241,1.5075,0.6661,-1.3461,4.0094,2.2789,1.4722,0.6927,GO_GOAL
35.72,2.2269,1.5097,0.6661,-1.3454,4.0129,2.293,1.4833,0.6958,GO_GOAL
35.74,2.2297,1.5119,0.6661,-1.3446,4.0165,2.293,1.4833,0.6988,GO_GOAL
35.76,2.2326,1.5141,0.6661,-1.3439,4.02,2.293,1.4833,0.7018,GO_GOAL
35.78,2.2354,1.5164,0.6661,-1.3425,4.0271,2.293,1.4833,0.7048,GO_GOAL
35.8,2.2382,1.5186,0.6661,-1.3425,4.0271,2.3072,1.4944,0.7079,GO_GOAL
35.82,2.2411,1.5208,0.6661,-1.3418,4.0306,2.3072,1.4944,0.7109,GO_GOAL
35.84,2.2439,1.523,0.6661,-1.3411,4.0341,2.3072,1.4944,0.7139,GO_GOAL
35.86,2.2467,1.5252,0.6661,-1.3404,4.0376,2.3072,1.4944,0.717,GO_GOAL
35.88,2.2495,1.5275,0.6661,-1.3397,4.0412,2.3072,1.4944,0.72,GO_GOAL
35.9,2.2524,1.5297,0.6661,-1.339,4.0447,2.3072,1.4944,0.7231,GO_GOAL
35.92,2.2552,1.5319,0.6661,-1.3382,4.0482,2.3213,1.5055,0.7261,GO_GOAL
35.94,2.258,1.5341,0.6661,-1.3375,4.0518,2.3213,1.5055,0.7292,GO_GOAL
35.96,2.2609,1.5364,0.6661,-1.3361,4.0588,2.3213,1.5055,0.7322,GO_GOAL
35.98,2.2637,1.5386,0.6661,-1.3361,4.0588,2.3213,1.5055,0.7353,GO_GOAL
36.0,2.2665,1.5408,0.6661,-1.3354,4.0623,2.3213,1.5055,0.7384,GO_GOAL
36.02,2.2694,1.543,0.6661,-1.3347,4.0659,2.3355,1.5166,0.7414,GO_GOAL
36.04,2.2722,1.5453,0.6661,-1.334,4.0694,2.3355,1.5166,0.7445,GO_GOAL
36.06,2.275,1.5475,0.6661,-1.3333,4.0729,2.3355,1.5166,0.7476,GO_GOAL
36.08,2.2778,1.5497,0.6661,-1.3326,4.0765,2.3355,1.5166,0.7507,GO_GOAL
36.1,2.2807,1.5519,0.6661,-1.3319,4.08,2.3355,1.5166,0.7538,GO_GOAL
36.12,2.2835,1.5542,0.6661,-1.3311,4.0835,2.3497,1.5277,0.7568,GO_GOAL
36.14,2.2863,1.5564,0.6661,-1.3304,4.0871,2.3497,1.5277,0.7599,GO_GOAL
36.16,2.2892,1.5586,0.6661,-1.329,4.0941,2.3497,1.5277,0.763,GO_GOAL
36.18,2.292,1.5608,0.6661,-1.329,4.0941,2.3497,1.5277,0.7661,GO_GOAL
36.2,2.2948,1.5631,0.6661,-1.3283,4.0976,2.3497,1.5277,0.7692,GO_GOAL
36.22,2.2977,1.5653,0.6661,-1.3276,4.1012,2.3638,1.5389,0.7723,GO_GOAL
36.24,2.3005,1.5675,0.6661,-1.3269,4.1047,2.3638,1.5389,0.7754,GO_GOAL
36.26,2.3033,1.5697,0.6661,-1.3262,4.1082,2.3638,1.5389,0.7785,GO_GOAL
36.28,2.3062,1.572,0.6661,-1.3255,4.1118,2.3638,1.5389,0.7817,GO_GOAL
36.3,2.309,1.5742,0.6661,-1.3247,4.1153,2.3638,1.5389,0.7848,GO_GOAL
36.32,2.3118,1.5764,0.6661,-1.324,4.1188,2.378,1.55,0.7879,GO_GOAL
36.34,2.3146,1.5786,0.6661,-1.3233,4.1223,2.378,1.55,0.791,GO_GOAL
36.36,2.3175,1.5809,0.6661,-1.3226,4.1259,2.378,1.55,0.7941,GO_GOAL
36.38,2.3203,1.5831,0.6661,-1.3219,4.1294,2.378,1.55,0.7973,GO_GOAL
36.4,2.3231,1.5853,0.6661,-1.3212,4.1329,2.378,1.55,0.8004,GO_GOAL
36.42,2.326,1.5875,0.6661,-1.3205,4.1365,2.3922,1.5611,0.8035,GO_GOAL
36.44,2.3288,1.5898,0.6661,-1.3191,4.1435,2.3922,1.5611,0.8067,GO_GOAL
36.46,2.3316,1.592,0.6661,-1.3184,4.147,2.3922,1.5611,0.8098,GO_GOAL
36.48,2.3345,1.5942,0.6661,-1.3184,4.147,2.3922,1.5611,0.8129,GO_GOAL
36.5,2.3373,1.5964,0.6661,-1.3176,4.1506,2.3922,1.5611,0.8133,GO_GOAL
36.52,2.3401,1.5987,0.6661,-1.3169,4.1541,2.4063,1.5722,0.8111,GO_GOAL
36.54,2.3429,1.6009,0.6661,-1.3162,4.1576,2.4063,1.5722,0.8089,GO_GOAL
36.56,2.3458,1.6031,0.6661,-1.3148,4.1647,2.4063,1.5722,0.8067,GO_GOAL
36.58,2.3486,1.6053,0.6661,-1.3148,4.1647,2.4063,1.5722,0.8044,GO_GOAL
36.6,2.3514,1.6076,0.6661,-1.3141,4.1682,2.4063,1.5722,0.8022,GO_GOAL
36.62,2.3543,1.6098,0.6661,-1.3134,4.1718,2.4205,1.5833,0.8,GO_GOAL
36.64,2.3571,1.612,0.6661,-1.3127,4.1753,2.4205,1.5833,0.7978,GO_GOAL
36.66,2.3599,1.6142,0.6661,-1.312,4.1788,2.4205,1.5833,0.7955,GO_GOAL
36.68,2.3628,1.6165,0.6661,-1.3113,4.1823,2.4205,1.5833,0.7933,GO_GOAL
36.7,2.3656,1.6187,0.6661,-1.3105,4.1859,2.4205,1.5833,0.7911,GO_GOAL
36.72,2.3684,1.6209,0.6661,-1.3098,4.1894,2.4346,1.5944,0.7889,GO_GOAL
36.74,2.3713,1.6231,0.6661,-1.3091,4.1929,2.4346,1.5944,0.7866,GO_GOAL
36.76,2.3741,1.6254,0.6661,-1.3084,4.1965,2.4346,1.5944,0.7844,GO_GOAL
36.78,2.3769,1.6276,0.6661,-1.3077,4.2,2.4346,1.5944,0.7822,GO_GOAL
36.8,2.3797,1.6298,0.6661,-1.307,4.2035,2.4346,1.5944,0.78,GO_GOAL
36.82,2.3826,1.632,0.6661,-1.3063,4.207,2.4488,1.6055,0.7777,GO_GOAL
36.84,2.3854,1.6342,0.6661,-1.3056,4.2106,2.4488,1.6055,0.7755,GO_GOAL
36.86,2.3882,1.6365,0.6661,-1.3049,4.2141,2.4488,1.6055,0.7733,GO_GOAL
36.88,2.3911,1.6387,0.6661,-1.3041,4.2176,2.4488,1.6055,0.7711,GO_GOAL
36.9,2.3939,1.6409,0.6661,-1.3034,4.2212,2.4488,1.6055,0.7688,GO_GOAL
36.92,2.3967,1.6431,0.6661,-1.3027,4.2247,2.463,1.6166,0.7666,GO_GOAL
36.94,2.3996,1.6454,0.6661,-1.302,4.2282,2.463,1.6166,0.7644,GO_GOAL
36.96,2.4024,1.6476,0.6661,-1.3013,4.2318,2.463,1.6166,0.7622,GO_GOAL
36.98,2.4052,1.6498,0.6661,-1.3006,4.2353,2.463,1.6166,0.76,GO_GOAL
37.0,2.408,1.652,0.6661,-1.2999,4.2388,2.463,1.6166,0.7577,GO_GOAL
37.02,2.4109,1.6543,0.6661,-1.2985,4.2459,2.4771,1.6277,0.7555,GO_GOAL
37.04,2.4137,1.6565,0.6661,-1.2985,4.2459,2.4771,1.6277,0.7533,GO_GOAL
37.06,2.4165,1.6587,0.6661,-1.2978,4.2494,2.4771,1.6277,0.7511,GO_GOAL
37.08,2.4194,1.6609,0.6661,-1.297,4.2529,2.4771,1.6277,0.7488,GO_GOAL
37.1,2.4222,1.6632,0.6661,-1.2963,4.2565,2.4771,1.6277,0.7466,GO_GOAL
37.12,2.425,1.6654,0.6661,-1.2956,4.26,2.4913,1.6389,0.7444,GO_GOAL
37.14,2.4279,1.6676,0.6661,-1.2949,4.2635,2.4913,1.6389,0.7422,GO_GOAL
37.16,2.4307,1.6698,0.6661,-1.2935,4.2706,2.4913,1.6389,0.7399,GO_GOAL
37.18,2.4335,1.6721,0.6661,-1.2935,4.2706,2.4913,1.6389,0.7377,GO_GOAL
37.2,2.4364,1.6743,0.6661,-1.2928,4.2741,2.4913,1.6389,0.7355,GO_GOAL
37.22,2.4392,1.6765,0.6661,-1.2921,4.2776,2.5054,1.65,0.7333,GO_GOAL
37.24,2.442,1.6787,0.6661,-1.2906,4.2847,2.5054,1.65,0.731,GO_GOAL
37.26,2.4448,1.681,0.6661,-1.2906,4.2847,2.5054,1.65,0.7288,GO_GOAL
37.28,2.4477,1.6832,0.6661,-1.2899,4.2882,2.5054,1.65,0.7266,GO_GOAL
37.3,2.4505,1.6854,0.6661,-1.2892,4.2917,2.5196,1.6611,0.7244,GO_GOAL
37.32,2.4533,1.6876,0.6661,-1.2885,4.2953,2.5196,1.6611,0.7221,GO_GOAL
37.34,2.4562,1.6899,0.6661,-1.2878,4.2988,2.5196,1.6611,0.7199,GO_GOAL
37.36,2.459,1.6921,0.6661,-1.2871,4.3023,2.5196,1.6611,0.7177,GO_GOAL
37.38,2.4618,1.6943,0.6661,-1.2864,4.3059,2.5196,1.6611,0.7155,GO_GOAL
37.4,2.4647,1.6965,0.6661,-1.2857,4.3094,2.5196,1.6611,0.7132,GO_GOAL
37.42,2.4675,1.6988,0.6661,-1.285,4.3129,2.5338,1.6722,0.711,GO_GOAL
37.44,2.4703,1.701,0.6661,-1.2843,4.3165,2.5338,1.6722,0.7088,GO_GOAL
37.46,2.4732,1.7032,0.6661,-1.2835,4.32,2.5338,1.6722,0.7066,GO_GOAL
37.48,2.476,1.7054,0.6661,-1.2821,4.327,2.5338,1.6722,0.7043,GO_GOAL
37.5,2.4788,1.7077,0.6661,-1.2821,4.327,2.5338,1.6722,0.7021,GO_GOAL
37.52,2.4815,1.7098,0.6663,-1.2814,4.3306,2.5479,1.6833,0.7,GO_GOAL
37.54,2.4841,1.7118,0.667,-1.2807,4.3341,2.5479,1.6833,0.698,GO_GOAL
37.56,2.4868,1.7139,0.6682,-1.28,4.3376,2.5479,1.6833,0.6959,GO_GOAL
37.58,2.4895,1.716,0.6699,-1.2794,4.3411,2.5479,1.6833,0.6938,GO_GOAL
37.6,2.4922,1.7182,0.672,-1.2787,4.3446,2.5479,1.6833,0.6917,GO_GOAL
37.62,2.4949,1.7204,0.6746,-1.278,4.3481,2.562,1.6944,0.6896,GO_GOAL
37.64,2.4976,1.7226,0.6777,-1.2774,4.3516,2.562,1.6944,0.6875,GO_GOAL
37.66,2.5004,1.7248,0.6811,-1.2762,4.3587,2.562,1.6944,0.6854,GO_GOAL
37.68,2.5031,1.727,0.6846,-1.2762,4.3587,2.562,1.6944,0.6832,GO_GOAL
37.7,2.5059,1.7293,0.6881,-1.2756,4.3622,2.562,1.6944,0.6811,GO_GOAL
37.72,2.5086,1.7315,0.6916,-1.275,4.3657,2.5759,1.7055,0.6789,GO_GOAL
37.74,2.5113,1.7338,0.6951,-1.2744,4.3692,2.5759,1.7055,0.6767,GO_GOAL
37.76,2.514,1.736,0.6986,-1.2738,4.3728,2.5759,1.7055,0.6745,GO_GOAL
37.78,2.5167,1.7383,0.7021,-1.2733,4.3763,2.5759,1.7055,0.6723,GO_GOAL
37.8,2.5194,1.7406,0.7056,-1.2727,4.3798,2.5759,1.7055,0.6701,GO_GOAL
37.82,2.5223,1.743,0.7088,-1.2717,4.3869,2.5897,1.717,0.6678,GO_GOAL
37.84,2.5251,1.7455,0.7116,-1.2717,4.3869,2.5897,1.717,0.6654,GO_GOAL
37.86,2.528,1.748,0.7139,-1.2712,4.3905,2.5897,1.717,0.663,GO_GOAL
37.88,2.5308,1.7504,0.7157,-1.2706,4.394,2.5897,1.717,0.6606,GO_GOAL
37.9,2.5336,1.7528,0.7171,-1.2701,4.3976,2.5897,1.717,0.6582,GO_GOAL
37.918,2.5363,1.7553,0.718,-1.2696,4.4012,2.6033,1.7287,0.6558,GO_GOAL
37.94,2.5391,1.7576,0.7184,-1.2691,4.4047,2.6033,1.7287,0.6534,GO_GOAL
37.96,2.5418,1.76,0.7184,-1.2685,4.4083,2.6033,1.7287,0.651,GO_GOAL
37.98,2.5445,1.7624,0.7184,-1.268,4.4118,2.6033,1.7287,0.6487,GO_GOAL
38.0,2.5472,1.7648,0.7184,-1.267,4.419,2.6168,1.7405,0.6463,GO_GOAL
38.02,2.5499,1.7671,0.7184,-1.267,4.419,2.6168,1.7405,0.6439,GO_GOAL
38.04,2.5526,1.7695,0.7184,-1.2664,4.4225,2.6168,1.7405,0.6416,GO_GOAL
38.06,2.5553,1.7719,0.7184,-1.2659,4.4261,2.6168,1.7405,0.6392,GO_GOAL
38.08,2.5581,1.7742,0.7184,-1.2654,4.4297,2.6168,1.7405,0.6368,GO_GOAL
38.1,2.5608,1.7766,0.7184,-1.2649,4.4332,2.6168,1.7405,0.6345,GO_GOAL
38.118,2.5635,1.779,0.7184,-1.2643,4.4368,2.6304,1.7524,0.6321,GO_GOAL
38.14,2.5662,1.7813,0.7184,-1.2638,4.4403,2.6304,1.7524,0.6297,GO_GOAL
38.16,2.5689,1.7837,0.7184,-1.2628,4.4475,2.6304,1.7524,0.6274,GO_GOAL
38.18,2.5716,1.7861,0.7184,-1.2622,4.451,2.6304,1.7524,0.625,GO_GOAL
38.2,2.5743,1.7884,0.7184,-1.2622,4.451,2.6304,1.7524,0.6226,GO_GOAL
38.22,2.577,1.7908,0.7184,-1.2617,4.4546,2.644,1.7642,0.6202,GO_GOAL
38.24,2.5797,1.7932,0.7184,-1.2612,4.4581,2.644,1.7642,0.6179,GO_GOAL
38.26,2.5824,1.7956,0.7184,-1.2607,4.4617,2.644,1.7642,0.6155,GO_GOAL
38.28,2.5852,1.7979,0.7184,-1.2601,4.4653,2.644,1.7642,0.6131,GO_GOAL
38.3,2.5879,1.8003,0.7184,-1.2596,4.4688,2.644,1.7642,0.6108,GO_GOAL
38.32,2.5906,1.8027,0.7184,-1.2586,4.476,2.6575,1.776,0.6084,GO_GOAL
38.34,2.5933,1.805,0.7184,-1.2586,4.476,2.6575,1.776,0.606,GO_GOAL
38.36,2.596,1.8074,0.7184,-1.2575,4.4831,2.6575,1.776,0.6037,GO_GOAL
38.38,2.5987,1.8098,0.7184,-1.2575,4.4831,2.6575,1.776,0.6013,GO_GOAL
38.4,2.6014,1.8121,0.7184,-1.257,4.4866,2.6575,1.776,0.5989,GO_GOAL
38.42,2.6041,1.8145,0.7184,-1.2565,4.4902,2.6711,1.7879,0.5965,GO_GOAL
38.44,2.6068,1.8169,0.7184,-1.2559,4.4938,2.6711,1.7879,0.5942,GO_GOAL
38.46,2.6096,1.8193,0.7184,-1.2554,4.4973,2.6711,1.7879,0.5918,GO_GOAL
38.48,2.6123,1.8216,0.7184,-1.2549,4.5009,2.6711,1.7879,0.5894,GO_GOAL
38.5,2.615,1.824,0.7184,-1.2544,4.5044,2.6846,1.7997,0.5871,GO_GOAL
38.52,2.6177,1.8264,0.7184,-1.2538,4.508,2.6846,1.7997,0.5847,GO_GOAL
38.54,2.6204,1.8287,0.7184,-1.2533,4.5116,2.6846,1.7997,0.5823,GO_GOAL
38.56,2.6231,1.8311,0.7184,-1.2528,4.5151,2.6846,1.7997,0.58,GO_GOAL
38.58,2.6258,1.8335,0.7184,-1.2523,4.5187,2.6846,1.7997,0.5776,GO_GOAL
38.6,2.6285,1.8358,0.7184,-1.2517,4.5223,2.6846,1.7997,0.5752,GO_GOAL
38.62,2.6312,1.8382,0.7184,-1.2512,4.5258,2.6982,1.8115,0.5729,GO_GOAL
38.64,2.6339,1.8406,0.7184,-1.2507,4.5294,2.6982,1.8115,0.5705,GO_GOAL
38.66,2.6367,1.8429,0.7184,-1.2502,4.5329,2.6982,1.8115,0.5681,GO_GOAL
38.68,2.6394,1.8453,0.7184,-1.2496,4.5365,2.6982,1.8115,0.5657,GO_GOAL
38.7,2.6421,1.8477,0.7184,-1.2491,4.5401,2.7118,1.8234,0.5634,GO_GOAL
38.716,2.6448,1.8501,0.7184,-1.2486,4.5436,2.7118,1.8234,0.561,GO_GOAL
38.74,2.6475,1.8524,0.7184,-1.2475,4.5507,2.7118,1.8234,0.5586,GO_GOAL
38.76,2.6502,1.8548,0.7184,-1.247,4.5543,2.7118,1.8234,0.5563,GO_GOAL
38.78,2.6529,1.8572,0.7184,-1.247,4.5543,2.7118,1.8234,0.5539,GO_GOAL
38.8,2.6556,1.8595,0.7184,-1.2465,4.5579,2.7118,1.8234,0.5515,GO_GOAL
38.82,2.6583,1.8619,0.7184,-1.246,4.5614,2.7253,1.8352,0.5492,GO_GOAL
38.84,2.661,1.8643,0.7184,-1.2454,4.565,2.7253,1.8352,0.5468,GO_GOAL
38.86,2.6638,1.8666,0.7184,-1.2449,4.5686,2.7253,1.8352,0.5444,GO_GOAL
38.88,2.6665,1.869,0.7184,-1.2444,4.5721,2.7253,1.8352,0.5421,GO_GOAL
38.9,2.6692,1.8714,0.7184,-1.2439,4.5757,2.7389,1.847,0.5397,GO_GOAL
38.92,2.6718,1.8737,0.7184,-1.2428,4.5827,2.7389,1.847,0.5374,GO_GOAL
38.94,2.6744,1.876,0.7184,-1.2428,4.5827,2.7389,1.847,0.5351,GO_GOAL
38.96,2.677,1.8782,0.7184,-1.2423,4.5861,2.7389,1.847,0.5328,GO_GOAL
38.98,2.6796,1.8805,0.7184,-1.2418,4.5895,2.7389,1.847,0.5305,GO_GOAL
39.0,2.6822,1.8828,0.7184,-1.2413,4.593,2.7389,1.847,0.5283,GO_GOAL
39.02,2.6847,1.885,0.7184,-1.2403,4.5996,2.7521,1.8585,0.5261,GO_GOAL
39.04,2.6872,1.8871,0.7184,-1.2403,4.5996,2.7521,1.8585,0.524,GO_GOAL
39.06,2.6896,1.8892,0.7184,-1.2399,4.6029,2.7521,1.8585,0.5218,GO_GOAL
39.08,2.6921,1.8914,0.7184,-1.2394,4.6061,2.7521,1.8585,0.5197,GO_GOAL
39.1,2.6945,1.8935,0.7184,-1.2389,4.6093,2.7521,1.8585,0.5175,GO_GOAL
39.12,2.6954,1.8942,0.7184,-1.2384,4.6128,2.7521,1.8585,0.5168,GO_GOAL
39.14,2.6954,1.8942,0.7184,-1.2384,4.6128,2.7521,1.8585,0.5168,GO_GOAL
39.16,2.6954,1.8942,0.7184,-1.2384,4.6128,2.7645,1.8694,0.5168,REACHED
39.18,2.6956,1.8944,0.7184,-1.2384,4.6128,2.7645,1.8694,0.5167,REACHED
39.2,2.6956,1.8944,0.7184,-1.2384,4.6128,2.7645,1.8694,0.5166,REACHED
39.22,2.6956,1.8944,0.7184,-1.2384,4.6128,2.7672,1.8717,0.5166,REACHED
39.24,2.6956,1.8944,0.7184,-1.2384,4.6128,2.7672,1.8717,0.5166,REACHED
39.26,2.6956,1.8944,0.7184,-1.2384,4.6128,2.7672,1.8717,0.5166,REACHED
39.28,2.6956,1.8944,0.7184,-1.2384,4.6128,2.7672,1.8717,0.5166,REACHED
