t,x,y,yaw,odom_x,odom_y,est_x,est_y,clearance,state
0.022,-2.9317,-1.8655,0.3824,-2.9253,-1.8616,-2.9311,-1.8653,0.4287,GO_GOAL
0.04,-2.929,-1.8644,0.3881,-2.9253,-1.8616,-2.9311,-1.8653,0.4314,GO_GOAL
0.06,-2.9263,-1.8632,0.3937,-2.9221,-1.86,-2.9311,-1.8653,0.4342,GO_GOAL
0.08,-2.9236,-1.8621,0.3994,-2.9159,-1.8568,-2.9311,-1.8653,0.4369,GO_GOAL
0.1,-2.9209,-1.861,0.405,-2.9159,-1.8568,-2.9311,-1.8653,0.4397,GO_GOAL
0.12,-2.9183,-1.8598,0.4107,-2.9128,-1.8552,-2.9151,-1.8588,0.4424,GO_GOAL
0.14,-2.9156,-1.8587,0.4163,-2.9098,-1.8536,-2.9151,-1.8588,0.4451,GO_GOAL
0.16,-2.913,-1.8576,0.422,-2.9067,-1.8519,-2.9151,-1.8588,0.4478,GO_GOAL
0.18,-2.9103,-1.8565,0.4277,-2.9037,-1.8502,-2.9151,-1.8588,0.4505,GO_GOAL
0.2,-2.9076,-1.8553,0.4333,-2.9006,-1.8485,-2.9151,-1.8588,0.4534,GO_GOAL
0.22,-2.9044,-1.8538,0.4389,-2.8976,-1.8467,-2.8991,-1.8517,0.4566,GO_GOAL
0.24,-2.9013,-1.8523,0.4446,-2.8946,-1.845,-2.8991,-1.8517,0.4598,GO_GOAL
0.26,-2.8982,-1.8509,0.4507,-2.8916,-1.8432,-2.8991,-1.8517,0.463,GO_GOAL
0.28,-2.8952,-1.8494,0.4573,-2.8886,-1.8414,-2.8991,-1.8517,0.4661,GO_GOAL
0.3,-2.8921,-1.8478,0.4643,-2.8856,-1.8396,-2.8991,-1.8517,0.4693,GO_GOAL
0.32,-2.8888,-1.8462,0.471,-2.8826,-1.8377,-2.8833,-1.8442,0.4726,GO_GOAL
0.34,-2.8855,-1.8445,0.4771,-2.8796,-1.8358,-2.8833,-1.8442,0.4761,GO_GOAL
0.36,-2.8822,-1.8428,0.4826,-2.8766,-1.8339,-2.8833,-1.8442,0.4794,GO_GOAL
0.38,-2.879,-1.8411,0.4875,-2.8736,-1.832,-2.8833,-1.8442,0.4827,GO_GOAL
0.4,-2.8758,-1.8394,0.4919,-2.8676,-1.8281,-2.8675,-1.8361,0.486,GO_GOAL
0.42,-2.8727,-1.8377,0.4956,-2.8676,-1.8281,-2.8675,-1.8361,0.4892,GO_GOAL
0.44,-2.8696,-1.836,0.4991,-2.8616,-1.8242,-2.8675,-1.8361,0.4923,GO_GOAL
0.46,-2.8665,-1.8343,0.5026,-2.8586,-1.8222,-2.8675,-1.8361,0.4955,GO_GOAL
0.48,-2.8634,-1.8326,0.5061,-2.8586,-1.8222,-2.8675,-1.8361,0.4987,GO_GOAL
0.5,-2.8603,-1.8309,0.5096,-2.8557,-1.8202,-2.8675,-1.8361,0.5018,GO_GOAL
0.52,-2.8572,-1.8291,0.5131,-2.8527,-1.8182,-2.8519,-1.8276,0.5049,GO_GOAL
0.54,-2.8541,-1.8274,0.5166,-2.8498,-1.8162,-2.8519,-1.8276,0.5081,GO_GOAL
0.56,-2.851,-1.8256,0.5201,-2.8439,-1.8122,-2.8519,-1.8276,0.5112,GO_GOAL
0.58,-2.848,-1.8239,0.5236,-2.8409,-1.8101,-2.8519,-1.8276,0.5143,GO_GOAL
0.6,-2.8449,-1.8221,0.5271,-2.8409,-1.8101,-2.8519,-1.8276,0.5174,GO_GOAL
0.62,-2.8418,-1.8203,0.5306,-2.8351,-1.806,-2.8363,-1.8187,0.5206,GO_GOAL
0.64,-2.8388,-1.8185,0.534,-2.8351,-1.806,-2.8363,-1.8187,0.5237,GO_GOAL
0.66,-2.8358,-1.8167,0.5375,-2.8293,-1.8019,-2.8363,-1.8187,0.5267,GO_GOAL
0.68,-2.8327,-1.8149,0.541,-2.8293,-1.8019,-2.8363,-1.8187,0.5298,GO_GOAL
0.7,-2.8297,-1.8131,0.5445,-2.8264,-1.7998,-2.8363,-1.8187,0.5329,GO_GOAL
0.72,-2.8265,-1.8111,0.5477,-2.8206,-1.7956,-2.8363,-1.8187,0.5362,GO_GOAL
0.74,-2.8231,-1.8091,0.5503,-2.8206,-1.7956,-2.8209,-1.8097,0.5396,AVOID
0.76,-2.8198,-1.807,0.5523,-2.8177,-1.7935,-2.8209,-1.8097,0.543,AVOID
0.78,-2.8164,-1.8049,0.5537,-2.8119,-1.7893,-2.8209,-1.8097,0.5464,AVOID
0.8,-2.8131,-1.803,0.5548,-2.8119,-1.7893,-2.8209,-1.8097,0.5497,AVOID
0.82,-2.8099,-1.8011,0.5558,-2.809,-1.7873,-2.8057,-1.8003,0.5529,AVOID
0.84,-2.8066,-1.7992,0.5568,-2.806,-1.7852,-2.8057,-1.8003,0.5562,AVOID
0.86,-2.8034,-1.7973,0.5579,-2.8031,-1.7832,-2.8057,-1.8003,0.5595,AVOID
0.88,-2.8002,-1.7954,0.5589,-2.8002,-1.7812,-2.8057,-1.8003,0.5627,AVOID
0.9,-2.797,-1.7935,0.56,-2.7972,-1.7791,-2.8057,-1.8003,0.5659,AVOID
0.92,-2.7937,-1.7916,0.561,-2.7914,-1.7752,-2.7905,-1.7909,0.5692,AVOID
0.94,-2.7905,-1.7898,0.562,-2.7914,-1.7752,-2.7905,-1.7909,0.5724,AVOID
0.96,-2.7872,-1.7878,0.563,-2.7885,-1.7732,-2.7905,-1.7909,0.5757,AVOID
0.98,-2.7838,-1.7856,0.5633,-2.7855,-1.7713,-2.7905,-1.7909,0.5792,AVOID
1.0,-2.7803,-1.7834,0.5631,-2.7826,-1.7694,-2.7905,-1.7909,0.5826,AVOID
1.02,-2.777,-1.7813,0.5623,-2.7796,-1.7676,-2.7757,-1.7816,0.586,AVOID
1.04,-2.7736,-1.7792,0.5609,-2.7737,-1.7639,-2.7757,-1.7816,0.5893,AVOID
1.06,-2.7703,-1.7771,0.5589,-2.7707,-1.7621,-2.7757,-1.7816,0.5926,AVOID
1.08,-2.767,-1.7751,0.5563,-2.7707,-1.7621,-2.7757,-1.7816,0.5958,AVOID
1.1,-2.7637,-1.773,0.5531,-2.7647,-1.7585,-2.7757,-1.7816,0.599,AVOID
1.12,-2.7605,-1.771,0.5494,-2.7647,-1.7585,-2.7579,-1.7704,0.6022,AVOID
1.14,-2.7573,-1.7691,0.545,-2.7617,-1.7568,-2.7579,-1.7704,0.6043,AVOID
1.16,-2.7541,-1.7672,0.5401,-2.7556,-1.7534,-2.7579,-1.7704,0.6064,AVOID
1.18,-2.751,-1.7653,0.5346,-2.7556,-1.7534,-2.7579,-1.7704,0.6084,AVOID
1.202,-2.7479,-1.7635,0.5285,-2.7525,-1.7517,-2.7579,-1.7704,0.6104,AVOID
1.22,-2.7448,-1.7617,0.5218,-2.7495,-1.75,-2.743,-1.7615,0.6124,AVOID
1.24,-2.7417,-1.7599,0.5148,-2.7433,-1.7468,-2.743,-1.7615,0.6143,AVOID
1.262,-2.7386,-1.7582,0.5078,-2.7433,-1.7468,-2.743,-1.7615,0.6163,AVOID
1.28,-2.7355,-1.7565,0.5009,-2.7402,-1.7452,-2.743,-1.7615,0.6182,AVOID
1.3,-2.7324,-1.7548,0.4939,-2.7371,-1.7436,-2.743,-1.7615,0.6201,AVOID
1.32,-2.7292,-1.7531,0.4869,-2.7339,-1.7421,-2.7308,-1.7546,0.6219,AVOID
1.34,-2.7261,-1.7514,0.4799,-2.7276,-1.739,-2.7308,-1.7546,0.6238,AVOID
1.36,-2.7229,-1.7498,0.4729,-2.7276,-1.739,-2.7308,-1.7546,0.6256,AVOID
1.38,-2.7198,-1.7482,0.466,-2.7245,-1.7376,-2.7308,-1.7546,0.6274,AVOID
1.4,-2.7166,-1.7466,0.459,-2.7213,-1.7361,-2.7308,-1.7546,0.6292,AVOID
1.42,-2.7134,-1.7451,0.452,-2.7149,-1.7332,-2.7153,-1.7466,0.631,AVOID
1.44,-2.7102,-1.7435,0.445,-2.7149,-1.7332,-2.7153,-1.7466,0.6327,AVOID
1.46,-2.707,-1.742,0.438,-2.7117,-1.7318,-2.7153,-1.7466,0.6344,AVOID
1.48,-2.7038,-1.7405,0.431,-2.7053,-1.7291,-2.7153,-1.7466,0.6361,AVOID
1.5,-2.7006,-1.7391,0.4241,-2.7053,-1.7291,-2.7153,-1.7466,0.6378,AVOID
1.52,-2.6975,-1.7377,0.4174,-2.7021,-1.7278,-2.6996,-1.739,0.6394,AVOID
1.54,-2.6943,-1.7363,0.4112,-2.6988,-1.7265,-2.6996,-1.739,0.6409,AVOID
1.56,-2.6912,-1.7349,0.4053,-2.6955,-1.7251,-2.6996,-1.739,0.6424,AVOID
1.58,-2.688,-1.7336,0.3993,-2.6921,-1.7238,-2.6996,-1.739,0.644,AVOID
1.6,-2.6849,-1.7322,0.3933,-2.6855,-1.7212,-2.6996,-1.739,0.6455,AVOID
1.62,-2.6818,-1.7309,0.3873,-2.6855,-1.7212,-2.6833,-1.7319,0.647,AVOID
1.64,-2.6787,-1.7295,0.3813,-2.6788,-1.7187,-2.6833,-1.7319,0.6486,AVOID
1.66,-2.6755,-1.7282,0.3754,-2.6788,-1.7187,-2.6833,-1.7319,0.6501,AVOID
1.68,-2.6724,-1.7268,0.3694,-2.6721,-1.7162,-2.6833,-1.7319,0.6516,AVOID
1.7,-2.6693,-1.7255,0.3634,-2.6721,-1.7162,-2.6833,-1.7319,0.6531,AVOID
1.72,-2.6659,-1.7242,0.3576,-2.6688,-1.7149,-2.6667,-1.7253,0.6546,AVOID
1.74,-2.6626,-1.723,0.3517,-2.662,-1.7125,-2.6667,-1.7253,0.656,AVOID
1.76,-2.6591,-1.7217,0.3459,-2.662,-1.7125,-2.6667,-1.7253,0.6574,AVOID
1.78,-2.6558,-1.7205,0.3401,-2.6587,-1.7113,-2.6667,-1.7253,0.6588,AVOID
1.8,-2.6525,-1.7194,0.3348,-2.6553,-1.7101,-2.6667,-1.7253,0.6601,AVOID
1.82,-2.6491,-1.7182,0.33,-2.6486,-1.7078,-2.6499,-1.7191,0.6614,AVOID
1.84,-2.6458,-1.7171,0.3257,-2.6486,-1.7078,-2.6499,-1.7191,0.6627,AVOID
1.86,-2.6424,-1.7159,0.3219,-2.6452,-1.7066,-2.6499,-1.7191,0.6639,AVOID
1.88,-2.6389,-1.7148,0.3184,-2.6418,-1.7055,-2.6499,-1.7191,0.6652,AVOID
1.9,-2.6355,-1.7137,0.3149,-2.635,-1.7032,-2.6499,-1.7191,0.6664,AVOID
1.92,-2.6322,-1.7126,0.3117,-2.635,-1.7032,-2.633,-1.7134,0.6676,AVOID
1.94,-2.629,-1.7116,0.309,-2.6282,-1.701,-2.633,-1.7134,0.6674,AVOID
1.96,-2.6257,-1.7105,0.3069,-2.6282,-1.701,-2.633,-1.7134,0.6643,AVOID
1.98,-2.6224,-1.7095,0.3053,-2.6247,-1.6999,-2.633,-1.7134,0.6613,AVOID
2.0,-2.619,-1.7084,0.3042,-2.6213,-1.6987,-2.633,-1.7134,0.6582,AVOID
2.02,-2.6156,-1.7074,0.3037,-2.6179,-1.6976,-2.6159,-1.7079,0.6552,AVOID
2.04,-2.6122,-1.7063,0.3036,-2.6145,-1.6965,-2.6159,-1.7079,0.6521,AVOID
2.06,-2.6088,-1.7052,0.3036,-2.6076,-1.6943,-2.6159,-1.7079,0.649,AVOID
2.08,-2.6053,-1.7042,0.3036,-2.6076,-1.6943,-2.6159,-1.7079,0.6459,AVOID
2.1,-2.6019,-1.7031,0.3036,-2.6042,-1.6931,-2.6159,-1.7079,0.6428,AVOID
2.12,-2.5985,-1.702,0.3036,-2.6008,-1.692,-2.5987,-1.7025,0.6397,AVOID
2.14,-2.595,-1.7009,0.3036,-2.5974,-1.6909,-2.5987,-1.7025,0.6367,AVOID
2.16,-2.5916,-1.6999,0.3036,-2.594,-1.6898,-2.5987,-1.7025,0.6336,AVOID
2.18,-2.5882,-1.6988,0.3036,-2.5905,-1.6887,-2.5987,-1.7025,0.6305,AVOID
2.202,-2.5848,-1.6977,0.3036,-2.5871,-1.6875,-2.5815,-1.6971,0.6275,AVOID
2.22,-2.5813,-1.6966,0.3036,-2.5837,-1.6864,-2.5815,-1.6971,0.6244,AVOID
2.24,-2.5779,-1.6956,0.3036,-2.5768,-1.6842,-2.5815,-1.6971,0.6214,AVOID
2.26,-2.5746,-1.6944,0.3036,-2.5734,-1.6831,-2.5815,-1.6971,0.6183,AVOID
2.28,-2.5712,-1.6933,0.3036,-2.5734,-1.6831,-2.5815,-1.6971,0.6153,AVOID
2.3,-2.5679,-1.6921,0.3036,-2.57,-1.6819,-2.5815,-1.6971,0.6122,AVOID
2.32,-2.5645,-1.691,0.3036,-2.5632,-1.6797,-2.5644,-1.6917,0.6092,AVOID
2.34,-2.5612,-1.6899,0.3036,-2.5632,-1.6797,-2.5644,-1.6917,0.6061,AVOID
2.36,-2.5579,-1.6887,0.3036,-2.5597,-1.6786,-2.5644,-1.6917,0.6031,AVOID
2.38,-2.5546,-1.6876,0.3036,-2.5529,-1.6764,-2.5644,-1.6917,0.6001,AVOID
2.4,-2.5512,-1.6865,0.3035,-2.5529,-1.6764,-2.5644,-1.6917,0.5971,AVOID
2.42,-2.5478,-1.6854,0.3036,-2.5495,-1.6752,-2.5644,-1.6917,0.5941,AVOID
2.44,-2.5443,-1.6843,0.3036,-2.5461,-1.6741,-2.5644,-1.6917,0.5911,AVOID
2.46,-2.5409,-1.6832,0.3036,-2.5426,-1.673,-2.5644,-1.6917,0.588,AVOID
2.48,-2.5374,-1.6821,0.3036,-2.5392,-1.6719,-2.5644,-1.6917,0.585,AVOID
2.5,-2.534,-1.6811,0.3036,-2.5358,-1.6708,-2.5644,-1.6917,0.582,AVOID
2.52,-2.5306,-1.68,0.3036,-2.5324,-1.6696,-2.5644,-1.6917,0.579,AVOID
2.54,-2.5271,-1.6789,0.3036,-2.5289,-1.6685,-2.5644,-1.6917,0.576,AVOID
2.56,-2.5237,-1.6778,0.3036,-2.5255,-1.6674,-2.5644,-1.6917,0.573,AVOID
2.58,-2.5202,-1.6767,0.3036,-2.5221,-1.6663,-2.5644,-1.6917,0.57,AVOID
2.6,-2.5168,-1.6757,0.3036,-2.5187,-1.6652,-2.5644,-1.6917,0.567,AVOID
2.62,-2.5134,-1.6746,0.3036,-2.5153,-1.664,-2.5644,-1.6917,0.564,AVOID
2.64,-2.5099,-1.6735,0.3036,-2.5118,-1.6629,-2.5644,-1.6917,0.561,AVOID
2.66,-2.5065,-1.6724,0.3036,-2.505,-1.6607,-2.5644,-1.6917,0.5581,AVOID
2.68,-2.5031,-1.6714,0.3036,-2.505,-1.6607,-2.5506,-1.6874,0.5551,AVOID
2.7,-2.4996,-1.6703,0.3036,-2.5016,-1.6596,-2.5506,-1.6874,0.5521,AVOID
2.72,-2.4964,-1.6693,0.3038,-2.4981,-1.6584,-2.4957,-1.6702,0.5493,AVOID
2.74,-2.4932,-1.6683,0.3046,-2.4948,-1.6573,-2.4957,-1.6702,0.5466,AVOID
2.76,-2.4899,-1.6673,0.306,-2.488,-1.6551,-2.4957,-1.6702,0.5438,AVOID
2.78,-2.4867,-1.6662,0.3079,-2.488,-1.6551,-2.4957,-1.6702,0.5411,AVOID
2.8,-2.4834,-1.6652,0.3103,-2.4846,-1.6539,-2.4957,-1.6702,0.5383,AVOID
2.82,-2.48,-1.6641,0.3133,-2.4812,-1.6528,-2.4786,-1.6648,0.5355,AVOID
2.84,-2.4767,-1.663,0.3167,-2.4778,-1.6516,-2.4786,-1.6648,0.5326,AVOID
2.86,-2.4733,-1.6619,0.3202,-2.4745,-1.6504,-2.4786,-1.6648,0.5298,AVOID
2.88,-2.47,-1.6608,0.3237,-2.4711,-1.6492,-2.4786,-1.6648,0.527,AVOID
2.9,-2.4666,-1.6597,0.3272,-2.4644,-1.6468,-2.4786,-1.6648,0.5241,AVOID
2.92,-2.4631,-1.6584,0.3304,-2.4644,-1.6468,-2.4616,-1.6593,0.5211,AVOID
2.94,-2.4596,-1.6572,0.3332,-2.4576,-1.6443,-2.4616,-1.6593,0.5181,AVOID
2.96,-2.4561,-1.656,0.3359,-2.4576,-1.6443,-2.4616,-1.6593,0.515,AVOID
2.98,-2.4525,-1.6547,0.3387,-2.4542,-1.6431,-2.4616,-1.6593,0.512,AVOID
3.0,-2.449,-1.6535,0.3414,-2.4475,-1.6406,-2.4446,-1.6534,0.509,AVOID
3.02,-2.4455,-1.6523,0.3442,-2.4475,-1.6406,-2.4446,-1.6534,0.506,AVOID
3.04,-2.442,-1.651,0.347,-2.4441,-1.6393,-2.4446,-1.6534,0.503,AVOID
3.06,-2.4386,-1.6498,0.3497,-2.4407,-1.6381,-2.4446,-1.6534,0.5001,AVOID
3.08,-2.4351,-1.6486,0.3525,-2.4373,-1.6369,-2.4446,-1.6534,0.4971,AVOID
3.1,-2.4317,-1.6473,0.3551,-2.434,-1.6356,-2.4277,-1.6473,0.4942,AVOID
3.12,-2.4281,-1.646,0.3572,-2.4306,-1.6344,-2.4277,-1.6473,0.4911,AVOID
3.14,-2.4246,-1.6447,0.3588,-2.4272,-1.6331,-2.4277,-1.6473,0.4881,AVOID
3.16,-2.4212,-1.6434,0.3598,-2.4238,-1.6319,-2.4277,-1.6473,0.4851,AVOID
3.18,-2.4178,-1.6421,0.3603,-2.4204,-1.6307,-2.4277,-1.6473,0.4821,AVOID
3.2,-2.4144,-1.6408,0.3604,-2.4171,-1.6294,-2.4277,-1.6473,0.4791,AVOID
3.22,-2.411,-1.6396,0.3604,-2.4137,-1.6282,-2.4108,-1.641,0.4762,AVOID
3.24,-2.4077,-1.6383,0.3604,-2.4103,-1.627,-2.4108,-1.641,0.4732,AVOID
3.26,-2.4043,-1.637,0.3604,-2.4035,-1.6245,-2.4108,-1.641,0.4703,AVOID
3.28,-2.4009,-1.6358,0.3604,-2.4035,-1.6245,-2.4108,-1.641,0.4674,AVOID
3.3,-2.3975,-1.6345,0.3604,-2.3968,-1.622,-2.4108,-1.641,0.4644,AVOID
3.32,-2.3942,-1.6332,0.3604,-2.3934,-1.6208,-2.394,-1.6346,0.4615,AVOID
3.34,-2.3908,-1.6319,0.3604,-2.39,-1.6195,-2.394,-1.6346,0.4586,AVOID
3.36,-2.3874,-1.6307,0.3604,-2.39,-1.6195,-2.394,-1.6346,0.4557,AVOID
3.38,-2.3841,-1.6294,0.3604,-2.3866,-1.6183,-2.394,-1.6346,0.4528,AVOID
3.4,-2.3807,-1.6281,0.3604,-2.3833,-1.6171,-2.394,-1.6346,0.4499,AVOID
3.42,-2.3773,-1.6269,0.3604,-2.3799,-1.6158,-2.3772,-1.6283,0.447,AVOID
3.44,-2.374,-1.6256,0.3604,-2.3765,-1.6146,-2.3772,-1.6283,0.4442,AVOID
3.46,-2.3706,-1.6243,0.3604,-2.3731,-1.6133,-2.3772,-1.6283,0.4413,AVOID
3.48,-2.3672,-1.6231,0.3604,-2.3697,-1.6121,-2.3772,-1.6283,0.4384,AVOID
3.5,-2.3639,-1.6218,0.3604,-2.3664,-1.6109,-2.3772,-1.6283,0.4356,AVOID
3.52,-2.3605,-1.6205,0.3604,-2.363,-1.6096,-2.3603,-1.6219,0.4327,AVOID
3.54,-2.3572,-1.6193,0.3604,-2.3596,-1.6084,-2.3603,-1.6219,0.4299,AVOID
3.56,-2.3538,-1.618,0.3604,-2.3528,-1.6059,-2.3603,-1.6219,0.4271,AVOID
3.58,-2.3504,-1.6167,0.3604,-2.3528,-1.6059,-2.3603,-1.6219,0.4242,AVOID
3.6,-2.3471,-1.6155,0.3604,-2.3494,-1.6047,-2.3603,-1.6219,0.4214,AVOID
3.62,-2.3437,-1.6143,0.3604,-2.3461,-1.6034,-2.3435,-1.6156,0.4186,AVOID
3.64,-2.3404,-1.613,0.3604,-2.3393,-1.601,-2.3435,-1.6156,0.4159,AVOID
3.66,-2.337,-1.6118,0.3604,-2.3393,-1.601,-2.3435,-1.6156,0.4131,AVOID
3.68,-2.3337,-1.6106,0.3604,-2.3359,-1.5997,-2.3435,-1.6156,0.4104,AVOID
3.7,-2.3303,-1.6093,0.3604,-2.3325,-1.5985,-2.3435,-1.6156,0.4076,AVOID
3.72,-2.327,-1.6081,0.3604,-2.3258,-1.596,-2.3266,-1.6092,0.4049,AVOID
3.74,-2.3237,-1.6069,0.3604,-2.3258,-1.596,-2.3266,-1.6092,0.4022,AVOID
3.76,-2.3203,-1.6056,0.3604,-2.319,-1.5935,-2.3266,-1.6092,0.3994,AVOID
3.778,-2.3169,-1.6044,0.3604,-2.319,-1.5935,-2.3266,-1.6092,0.3966,AVOID
3.8,-2.3135,-1.6031,0.3604,-2.3156,-1.5923,-2.3266,-1.6092,0.3939,AVOID
3.82,-2.3101,-1.6018,0.3604,-2.3123,-1.5911,-2.3098,-1.6029,0.3911,AVOID
3.84,-2.3068,-1.6005,0.3604,-2.3089,-1.5898,-2.3098,-1.6029,0.3884,AVOID
3.86,-2.3034,-1.5993,0.3604,-2.3055,-1.5886,-2.3098,-1.6029,0.3856,AVOID
3.88,-2.3,-1.598,0.3604,-2.3021,-1.5873,-2.3098,-1.6029,0.3829,AVOID
3.9,-2.2966,-1.5967,0.3604,-2.2987,-1.5861,-2.3098,-1.6029,0.3802,AVOID
3.92,-2.2933,-1.5955,0.3604,-2.2954,-1.5849,-2.2929,-1.5965,0.3775,AVOID
3.94,-2.2899,-1.5942,0.3604,-2.292,-1.5836,-2.2929,-1.5965,0.3748,AVOID
3.96,-2.2865,-1.5929,0.3604,-2.2852,-1.5812,-2.2929,-1.5965,0.3721,AVOID
3.98,-2.2832,-1.5916,0.3604,-2.2818,-1.5799,-2.2929,-1.5965,0.3694,AVOID
4.0,-2.2798,-1.5904,0.3604,-2.2818,-1.5799,-2.2929,-1.5965,0.3667,AVOID
4.02,-2.2764,-1.5891,0.3604,-2.2785,-1.5787,-2.2761,-1.5902,0.364,AVOID
4.04,-2.273,-1.5878,0.3604,-2.2751,-1.5774,-2.2761,-1.5902,0.3614,AVOID
4.06,-2.2697,-1.5866,0.3604,-2.2717,-1.5762,-2.2761,-1.5902,0.3587,AVOID
4.08,-2.2663,-1.5853,0.3604,-2.2683,-1.575,-2.2761,-1.5902,0.3561,AVOID
4.1,-2.263,-1.584,0.3604,-2.2649,-1.5737,-2.2761,-1.5902,0.3535,AVOID
4.12,-2.2596,-1.5828,0.3604,-2.2616,-1.5725,-2.2593,-1.5838,0.3509,AVOID
4.14,-2.2562,-1.5815,0.3604,-2.2548,-1.57,-2.2593,-1.5838,0.3482,AVOID
4.16,-2.2529,-1.5802,0.3604,-2.2548,-1.57,-2.2593,-1.5838,0.3456,AVOID
4.18,-2.2495,-1.579,0.3604,-2.2514,-1.5688,-2.2593,-1.5838,0.3431,AVOID
4.2,-2.2462,-1.5777,0.3604,-2.2447,-1.5663,-2.2593,-1.5838,0.3405,AVOID
4.22,-2.2428,-1.5764,0.3604,-2.2447,-1.5663,-2.2424,-1.5775,0.3379,AVOID
4.24,-2.2394,-1.5752,0.3604,-2.2413,-1.5651,-2.2424,-1.5775,0.3354,AVOID
4.26,-2.2361,-1.5739,0.3604,-2.2379,-1.5638,-2.2424,-1.5775,0.3328,AVOID
4.28,-2.2327,-1.5727,0.3604,-2.2345,-1.5626,-2.2424,-1.5775,0.3303,AVOID
4.3,-2.2294,-1.5714,0.3604,-2.2311,-1.5614,-2.2424,-1.5775,0.3278,AVOID
4.32,-2.2261,-1.5702,0.3604,-2.2278,-1.5601,-2.2256,-1.5711,0.3253,AVOID
4.34,-2.2228,-1.5689,0.3604,-2.221,-1.5576,-2.2256,-1.5711,0.3228,AVOID
4.36,-2.2195,-1.5677,0.3604,-2.221,-1.5576,-2.2256,-1.5711,0.3204,AVOID
4.38,-2.2162,-1.5664,0.3604,-2.2176,-1.5564,-2.2256,-1.5711,0.318,AVOID
4.4,-2.2128,-1.5652,0.3604,-2.2108,-1.5539,-2.2256,-1.5711,0.3155,AVOID
4.42,-2.2094,-1.5639,0.3604,-2.2108,-1.5539,-2.2087,-1.5648,0.313,AVOID
4.44,-2.206,-1.5626,0.3604,-2.2075,-1.5527,-2.2087,-1.5648,0.3105,AVOID
4.46,-2.2027,-1.5613,0.3604,-2.2041,-1.5515,-2.2087,-1.5648,0.3081,AVOID
4.48,-2.1993,-1.5601,0.3604,-2.2007,-1.5502,-2.2087,-1.5648,0.3056,AVOID
4.5,-2.1959,-1.5588,0.3604,-2.1973,-1.549,-2.2087,-1.5648,0.3032,AVOID
4.52,-2.1925,-1.5575,0.3604,-2.1939,-1.5477,-2.1919,-1.5584,0.3008,AVOID
4.54,-2.1892,-1.5563,0.3604,-2.1906,-1.5465,-2.1919,-1.5584,0.2984,AVOID
4.56,-2.1858,-1.555,0.3604,-2.1838,-1.544,-2.1919,-1.5584,0.296,AVOID
4.58,-2.1824,-1.5537,0.3604,-2.1804,-1.5428,-2.1919,-1.5584,0.2936,AVOID
4.6,-2.1791,-1.5524,0.3604,-2.1804,-1.5428,-2.1919,-1.5584,0.2912,AVOID
4.62,-2.1757,-1.5512,0.3604,-2.177,-1.5415,-2.175,-1.5521,0.2889,AVOID
4.64,-2.1723,-1.5499,0.3604,-2.1737,-1.5403,-2.175,-1.5521,0.2865,AVOID
4.66,-2.1689,-1.5486,0.3604,-2.1669,-1.5378,-2.175,-1.5521,0.2842,AVOID
4.68,-2.1656,-1.5474,0.3604,-2.1669,-1.5378,-2.175,-1.5521,0.2819,AVOID
4.7,-2.1622,-1.5461,0.3604,-2.1635,-1.5366,-2.175,-1.5521,0.2796,AVOID
4.72,-2.1588,-1.5448,0.3604,-2.1601,-1.5354,-2.1582,-1.5457,0.2773,AVOID
4.74,-2.1555,-1.5436,0.3604,-2.1534,-1.5329,-2.1582,-1.5457,0.275,AVOID
4.76,-2.1521,-1.5423,0.3604,-2.1534,-1.5329,-2.1582,-1.5457,0.2728,AVOID
4.78,-2.1488,-1.541,0.3604,-2.1466,-1.5304,-2.1582,-1.5457,0.2705,AVOID
4.8,-2.1454,-1.5398,0.3604,-2.1466,-1.5304,-2.1582,-1.5457,0.2683,AVOID
4.82,-2.142,-1.5385,0.3604,-2.1432,-1.5292,-2.1414,-1.5394,0.2661,AVOID
4.84,-2.1387,-1.5372,0.3604,-2.1399,-1.5279,-2.1414,-1.5394,0.2639,AVOID
4.86,-2.1353,-1.536,0.3604,-2.1365,-1.5267,-2.1414,-1.5394,0.2617,AVOID
4.88,-2.132,-1.5347,0.3604,-2.1331,-1.5255,-2.1414,-1.5394,0.2595,AVOID
4.9,-2.1286,-1.5334,0.3604,-2.1297,-1.5242,-2.1414,-1.5394,0.2573,AVOID
4.92,-2.1253,-1.5322,0.3604,-2.1263,-1.523,-2.1245,-1.533,0.2552,AVOID
4.94,-2.122,-1.5309,0.3604,-2.123,-1.5217,-2.1245,-1.533,0.2531,AVOID
4.96,-2.1187,-1.5297,0.3604,-2.1196,-1.5205,-2.1245,-1.533,0.251,AVOID
4.98,-2.1153,-1.5284,0.3604,-2.1162,-1.5193,-2.1245,-1.533,0.2489,AVOID
5.0,-2.112,-1.5272,0.3604,-2.1128,-1.518,-2.1245,-1.533,0.2469,AVOID
5.02,-2.1087,-1.5259,0.3604,-2.1094,-1.5168,-2.1043,-1.5254,0.2448,AVOID
5.04,-2.1053,-1.5247,0.3604,-2.1061,-1.5156,-2.1043,-1.5254,0.2428,AVOID
5.06,-2.1019,-1.5234,0.3604,-2.1027,-1.5143,-2.1043,-1.5254,0.2407,AVOID
5.08,-2.0986,-1.5221,0.3604,-2.0993,-1.5131,-2.1043,-1.5254,0.2387,AVOID
5.1,-2.0952,-1.5208,0.3604,-2.0959,-1.5118,-2.1043,-1.5254,0.2366,AVOID
5.12,-2.0918,-1.5196,0.3604,-2.0892,-1.5094,-2.0908,-1.5204,0.2346,AVOID
5.14,-2.0884,-1.5183,0.3604,-2.0892,-1.5094,-2.0908,-1.5204,0.2327,AVOID
5.16,-2.0851,-1.517,0.3604,-2.0858,-1.5081,-2.0908,-1.5204,0.2307,AVOID
5.18,-2.0817,-1.5158,0.3604,-2.0824,-1.5069,-2.0908,-1.5204,0.2287,AVOID
5.2,-2.0783,-1.5145,0.3604,-2.079,-1.5057,-2.0908,-1.5204,0.2268,AVOID
5.22,-2.0749,-1.5132,0.3604,-2.0756,-1.5044,-2.074,-1.514,0.2249,AVOID
5.24,-2.0716,-1.5119,0.3604,-2.0722,-1.5032,-2.074,-1.514,0.223,AVOID
5.26,-2.0682,-1.5107,0.3604,-2.0689,-1.5019,-2.074,-1.514,0.2211,AVOID
5.28,-2.0648,-1.5094,0.3604,-2.0655,-1.5007,-2.074,-1.514,0.2193,AVOID
5.3,-2.0615,-1.5081,0.3604,-2.0621,-1.4995,-2.074,-1.514,0.2174,AVOID
5.32,-2.0581,-1.5069,0.3604,-2.0587,-1.4982,-2.0571,-1.5077,0.2156,AVOID
5.34,-2.0547,-1.5056,0.3604,-2.052,-1.4958,-2.0571,-1.5077,0.2138,AVOID
5.36,-2.0514,-1.5043,0.3604,-2.052,-1.4958,-2.0571,-1.5077,0.212,AVOID
5.38,-2.048,-1.5031,0.3604,-2.0486,-1.4945,-2.0571,-1.5077,0.2102,AVOID
5.4,-2.0447,-1.5018,0.3604,-2.0452,-1.4933,-2.0571,-1.5077,0.2085,AVOID
5.42,-2.0413,-1.5005,0.3604,-2.0418,-1.492,-2.0403,-1.5013,0.2068,AVOID
5.44,-2.0379,-1.4993,0.3604,-2.0384,-1.4908,-2.0403,-1.5013,0.205,AVOID
5.46,-2.0346,-1.498,0.3604,-2.0351,-1.4896,-2.0403,-1.5013,0.2034,AVOID
5.48,-2.0312,-1.4967,0.3604,-2.0317,-1.4883,-2.0403,-1.5013,0.2017,AVOID
5.5,-2.0279,-1.4955,0.3604,-2.0283,-1.4871,-2.0403,-1.5013,0.2,AVOID
5.52,-2.0245,-1.4942,0.3604,-2.0249,-1.4858,-2.0234,-1.495,0.1984,AVOID
5.54,-2.0212,-1.493,0.3604,-2.0215,-1.4846,-2.0234,-1.495,0.1968,AVOID
5.56,-2.0179,-1.4917,0.3604,-2.0182,-1.4834,-2.0234,-1.495,0.1953,AVOID
5.58,-2.0146,-1.4905,0.3604,-2.0148,-1.4821,-2.0234,-1.495,0.1937,AVOID
5.6,-2.0113,-1.4892,0.3604,-2.0114,-1.4809,-2.0234,-1.495,0.1922,AVOID
5.62,-2.008,-1.488,0.3604,-2.0046,-1.4784,-2.0066,-1.4886,0.1907,AVOID
5.64,-2.0046,-1.4867,0.3604,-2.0046,-1.4784,-2.0066,-1.4886,0.1892,AVOID
5.66,-2.0012,-1.4854,0.3604,-1.9979,-1.4759,-2.0066,-1.4886,0.1877,AVOID
5.68,-1.9978,-1.4842,0.3604,-1.9979,-1.4759,-2.0066,-1.4886,0.1862,AVOID
5.7,-1.9944,-1.4829,0.3604,-1.9911,-1.4735,-2.0066,-1.4886,0.1848,AVOID
5.72,-1.9912,-1.4817,0.3607,-1.9911,-1.4735,-1.9898,-1.4823,0.1834,AVOID
5.738,-1.9881,-1.4805,0.3615,-1.9878,-1.4722,-1.9898,-1.4823,0.1821,AVOID
5.76,-1.9849,-1.4793,0.3629,-1.9844,-1.471,-1.9898,-1.4823,0.1809,AVOID
5.78,-1.9817,-1.4781,0.3648,-1.9811,-1.4697,-1.9898,-1.4823,0.1796,AVOID
5.8,-1.9785,-1.4768,0.3673,-1.9777,-1.4685,-1.9898,-1.4823,0.1784,AVOID
5.82,-1.9752,-1.4756,0.3704,-1.9744,-1.4672,-1.973,-1.4759,0.1772,AVOID
5.84,-1.9719,-1.4743,0.3739,-1.9677,-1.4646,-1.973,-1.4759,0.176,AVOID
5.86,-1.9686,-1.473,0.3773,-1.9677,-1.4646,-1.973,-1.4759,0.1748,AVOID
5.88,-1.9653,-1.4717,0.3808,-1.9644,-1.4633,-1.973,-1.4759,0.1736,AVOID
5.9,-1.962,-1.4703,0.3843,-1.9611,-1.462,-1.973,-1.4759,0.1724,AVOID
5.92,-1.9586,-1.4689,0.3875,-1.9578,-1.4606,-1.9564,-1.4694,0.1712,AVOID
5.94,-1.9551,-1.4675,0.3902,-1.9544,-1.4593,-1.9564,-1.4694,0.1699,AVOID
5.96,-1.9516,-1.4661,0.3923,-1.9511,-1.4579,-1.9564,-1.4694,0.1687,AVOID
5.98,-1.9482,-1.4646,0.3938,-1.9478,-1.4565,-1.9564,-1.4694,0.1674,AVOID
6.0,-1.9448,-1.4632,0.3948,-1.9444,-1.4552,-1.9564,-1.4694,0.1662,AVOID
6.02,-1.9415,-1.4618,0.3952,-1.9411,-1.4538,-1.9398,-1.4626,0.1651,AVOID
6.04,-1.9382,-1.4605,0.3952,-1.9378,-1.4525,-1.9398,-1.4626,0.1639,AVOID
6.06,-1.9348,-1.4591,0.3952,-1.9344,-1.4511,-1.9398,-1.4626,0.1627,AVOID
6.08,-1.9315,-1.4577,0.3952,-1.9311,-1.4498,-1.9398,-1.4626,0.1616,AVOID
6.1,-1.9282,-1.4563,0.3952,-1.9244,-1.4471,-1.9398,-1.4626,0.1606,AVOID
6.12,-1.9249,-1.455,0.3952,-1.9244,-1.4471,-1.9198,-1.4543,0.1595,AVOID
6.14,-1.9216,-1.4536,0.3952,-1.9178,-1.4444,-1.9198,-1.4543,0.1585,AVOID
6.16,-1.9184,-1.4523,0.3952,-1.9178,-1.4444,-1.9198,-1.4543,0.1575,AVOID
6.18,-1.9151,-1.4509,0.3952,-1.9144,-1.443,-1.9198,-1.4543,0.1565,AVOID
6.2,-1.9118,-1.4496,0.3952,-1.9111,-1.4416,-1.9198,-1.4543,0.1556,AVOID
6.22,-1.9085,-1.4482,0.3952,-1.9078,-1.4403,-1.9066,-1.4487,0.1547,AVOID
6.24,-1.9052,-1.4468,0.3952,-1.9044,-1.4389,-1.9066,-1.4487,0.1537,AVOID
6.26,-1.9019,-1.4454,0.3952,-1.9011,-1.4376,-1.9066,-1.4487,0.1529,AVOID
6.28,-1.8985,-1.444,0.3952,-1.8978,-1.4362,-1.9066,-1.4487,0.152,AVOID
6.3,-1.8952,-1.4426,0.3952,-1.8944,-1.4349,-1.9066,-1.4487,0.1511,AVOID
6.32,-1.8917,-1.4412,0.395,-1.8911,-1.4335,-1.8899,-1.4418,0.1503,AVOID
6.34,-1.8882,-1.4397,0.3941,-1.8878,-1.4322,-1.8899,-1.4418,0.1494,AVOID
6.36,-1.8847,-1.4383,0.3927,-1.8844,-1.4308,-1.8899,-1.4418,0.1486,AVOID
6.38,-1.8813,-1.4369,0.3908,-1.8778,-1.4282,-1.8899,-1.4418,0.1478,AVOID
6.4,-1.8779,-1.4355,0.3882,-1.8778,-1.4282,-1.8899,-1.4418,0.147,AVOID
6.42,-1.8745,-1.4341,0.3852,-1.8745,-1.4269,-1.8734,-1.4349,0.1463,AVOID
6.44,-1.8712,-1.4327,0.3817,-1.8711,-1.4256,-1.8734,-1.4349,0.1456,AVOID
6.46,-1.8679,-1.4314,0.3782,-1.8678,-1.4244,-1.8734,-1.4349,0.1449,AVOID
6.48,-1.8645,-1.4301,0.3747,-1.8645,-1.4231,-1.8734,-1.4349,0.1443,AVOID
6.5,-1.8612,-1.4288,0.3712,-1.8611,-1.4219,-1.8734,-1.4349,0.1437,AVOID
6.52,-1.8579,-1.4275,0.368,-1.8544,-1.4194,-1.8568,-1.4283,0.1432,AVOID
6.54,-1.8548,-1.4263,0.3653,-1.851,-1.4182,-1.8568,-1.4283,0.1427,AVOID
6.56,-1.8515,-1.4251,0.3632,-1.851,-1.4182,-1.8568,-1.4283,0.1423,AVOID
6.58,-1.8483,-1.4239,0.3617,-1.8476,-1.4169,-1.8568,-1.4283,0.1419,AVOID
6.6,-1.845,-1.4226,0.3607,-1.8442,-1.4157,-1.8568,-1.4283,0.1416,AVOID
6.62,-1.8417,-1.4214,0.3603,-1.8409,-1.4144,-1.8401,-1.4218,0.1413,AVOID
6.64,-1.8383,-1.4201,0.3602,-1.8375,-1.4132,-1.8401,-1.4218,0.141,AVOID
6.66,-1.835,-1.4188,0.3602,-1.8341,-1.412,-1.8401,-1.4218,0.1408,AVOID
6.68,-1.8316,-1.4176,0.3602,-1.8307,-1.4107,-1.8401,-1.4218,0.1406,AVOID
6.7,-1.8283,-1.4163,0.3602,-1.8273,-1.4095,-1.8401,-1.4218,0.1405,AVOID
6.72,-1.825,-1.415,0.3602,-1.8206,-1.407,-1.8198,-1.4142,0.1403,AVOID
6.74,-1.8217,-1.4138,0.3602,-1.8206,-1.407,-1.8198,-1.4142,0.1402,AVOID
6.76,-1.8183,-1.4125,0.3602,-1.8172,-1.4058,-1.8198,-1.4142,0.1401,AVOID
6.78,-1.815,-1.4112,0.3602,-1.8139,-1.4046,-1.8198,-1.4142,0.1401,AVOID
6.8,-1.8115,-1.4099,0.3598,-1.8105,-1.4034,-1.8198,-1.4142,0.14,AVOID
6.82,-1.8079,-1.4086,0.3587,-1.8037,-1.4011,-1.8065,-1.4092,0.14,AVOID
6.84,-1.8044,-1.4072,0.3572,-1.8037,-1.4011,-1.8065,-1.4092,0.14,AVOID
6.86,-1.8009,-1.4059,0.3551,-1.8004,-1.3999,-1.8065,-1.4092,0.14,AVOID
6.88,-1.7975,-1.4047,0.3524,-1.797,-1.3988,-1.8065,-1.4092,0.1401,AVOID
6.9,-1.7941,-1.4034,0.3492,-1.7936,-1.3977,-1.8065,-1.4092,0.1401,AVOID
6.92,-1.7909,-1.4024,0.346,-1.7902,-1.3965,-1.7897,-1.4029,0.1403,AVOID
6.94,-1.7882,-1.4014,0.3433,-1.7869,-1.3955,-1.7897,-1.4029,0.1405,AVOID
6.96,-1.7855,-1.4005,0.3413,-1.7836,-1.3943,-1.7897,-1.4029,0.1406,AVOID
6.98,-1.7829,-1.3996,0.3398,-1.7803,-1.3932,-1.7897,-1.4029,0.1408,AVOID
7.0,-1.7802,-1.3986,0.3388,-1.7737,-1.3908,-1.7897,-1.4029,0.1411,AVOID
7.02,-1.7774,-1.3976,0.3384,-1.7737,-1.3908,-1.7732,-1.397,0.1413,AVOID
7.04,-1.7747,-1.3967,0.3386,-1.7704,-1.3896,-1.7732,-1.397,0.1416,AVOID
7.06,-1.7718,-1.3957,0.3393,-1.7671,-1.3884,-1.7732,-1.397,0.142,AVOID
7.08,-1.769,-1.3947,0.3405,-1.7639,-1.3871,-1.7732,-1.397,0.1424,AVOID
7.1,-1.7661,-1.3937,0.3423,-1.7606,-1.3859,-1.7732,-1.397,0.1428,AVOID
7.12,-1.7634,-1.3927,0.3446,-1.7543,-1.3833,-1.7732,-1.397,0.1433,AVOID
7.14,-1.7609,-1.3918,0.3476,-1.7512,-1.382,-1.7732,-1.397,0.1437,AVOID
7.16,-1.7583,-1.3909,0.351,-1.7512,-1.382,-1.7568,-1.3912,0.1442,GO_GOAL
7.18,-1.7556,-1.3899,0.355,-1.745,-1.3793,-1.7568,-1.3912,0.1447,GO_GOAL
7.2,-1.753,-1.3889,0.3596,-1.745,-1.3793,-1.7568,-1.3912,0.1452,GO_GOAL
7.218,-1.7503,-1.3879,0.3647,-1.742,-1.3779,-1.7377,-1.3842,0.1458,GO_GOAL
7.24,-1.7476,-1.3868,0.3701,-1.739,-1.3764,-1.7377,-1.3842,0.1463,GO_GOAL
7.26,-1.7448,-1.3857,0.3755,-1.7329,-1.3734,-1.7377,-1.3842,0.1469,GO_GOAL
7.28,-1.7421,-1.3846,0.3809,-1.7329,-1.3734,-1.7377,-1.3842,0.1475,GO_GOAL
7.3,-1.7394,-1.3835,0.3863,-1.7299,-1.3719,-1.7377,-1.3842,0.1481,GO_GOAL
7.32,-1.7367,-1.3824,0.3917,-1.724,-1.3688,-1.7252,-1.3794,0.1487,GO_GOAL
7.34,-1.734,-1.3813,0.3971,-1.724,-1.3688,-1.7252,-1.3794,0.1493,GO_GOAL
7.36,-1.7309,-1.38,0.4027,-1.7211,-1.3671,-1.7252,-1.3794,0.15,GO_GOAL
7.38,-1.7279,-1.3789,0.4088,-1.7182,-1.3655,-1.7252,-1.3794,0.1507,GO_GOAL
7.4,-1.7251,-1.3776,0.4155,-1.7153,-1.3638,-1.7252,-1.3794,0.1514,GO_GOAL
7.418,-1.7223,-1.3764,0.4228,-1.7124,-1.3621,-1.7097,-1.3729,0.1521,GO_GOAL
7.44,-1.7195,-1.3751,0.4307,-1.7066,-1.3585,-1.7097,-1.3729,0.1528,GO_GOAL
7.46,-1.7167,-1.3738,0.4391,-1.7066,-1.3585,-1.7097,-1.3729,0.1535,GO_GOAL
7.48,-1.7138,-1.3725,0.4481,-1.7038,-1.3567,-1.7097,-1.3729,0.1542,GO_GOAL
7.5,-1.7109,-1.3711,0.4577,-1.701,-1.3549,-1.7097,-1.3729,0.1549,GO_GOAL
7.52,-1.7078,-1.3695,0.4674,-1.6982,-1.353,-1.6944,-1.3658,0.1557,GO_GOAL
7.54,-1.7046,-1.3679,0.4764,-1.6954,-1.3511,-1.6944,-1.3658,0.1565,GO_GOAL
7.56,-1.7015,-1.3662,0.4849,-1.6925,-1.3491,-1.6944,-1.3658,0.1572,GO_GOAL
7.58,-1.6984,-1.3646,0.4928,-1.6896,-1.3471,-1.6944,-1.3658,0.1579,GO_GOAL
7.6,-1.6954,-1.3629,0.5001,-1.6868,-1.3451,-1.6944,-1.3658,0.1586,GO_GOAL
7.62,-1.6924,-1.3613,0.507,-1.6839,-1.343,-1.6791,-1.3579,0.1593,GO_GOAL
7.64,-1.6894,-1.3596,0.514,-1.6811,-1.3409,-1.6791,-1.3579,0.1599,GO_GOAL
7.66,-1.6864,-1.3579,0.521,-1.6755,-1.3368,-1.6791,-1.3579,0.1606,GO_GOAL
7.68,-1.6835,-1.3562,0.528,-1.6755,-1.3368,-1.6791,-1.3579,0.1613,GO_GOAL
7.7,-1.6805,-1.3545,0.535,-1.6728,-1.3346,-1.6791,-1.3579,0.1619,GO_GOAL
7.72,-1.6774,-1.3526,0.5417,-1.67,-1.3325,-1.6639,-1.3493,0.1626,GO_GOAL
7.74,-1.6743,-1.3507,0.5478,-1.6672,-1.3303,-1.6639,-1.3493,0.1633,GO_GOAL
7.76,-1.6712,-1.3488,0.5533,-1.6616,-1.3258,-1.6639,-1.3493,0.164,GO_GOAL
7.78,-1.6681,-1.347,0.5586,-1.6616,-1.3258,-1.6639,-1.3493,0.1647,GO_GOAL
7.8,-1.6651,-1.3452,0.564,-1.6588,-1.3236,-1.6639,-1.3493,0.1654,GO_GOAL
7.82,-1.662,-1.3434,0.5693,-1.6533,-1.3191,-1.6487,-1.3401,0.1662,GO_GOAL
7.84,-1.659,-1.3416,0.5746,-1.6533,-1.3191,-1.6487,-1.3401,0.167,GO_GOAL
7.86,-1.656,-1.3398,0.58,-1.6505,-1.3168,-1.6487,-1.3401,0.1678,GO_GOAL
7.88,-1.6529,-1.3379,0.5853,-1.6478,-1.3146,-1.6487,-1.3401,0.1686,GO_GOAL
7.9,-1.65,-1.336,0.5904,-1.645,-1.3123,-1.6487,-1.3401,0.1693,GO_GOAL
7.92,-1.647,-1.3339,0.5948,-1.6423,-1.31,-1.6337,-1.3304,0.17,GO_GOAL
7.94,-1.6441,-1.3319,0.5987,-1.6396,-1.3077,-1.6337,-1.3304,0.1707,GO_GOAL
7.96,-1.6411,-1.3299,0.6022,-1.6369,-1.3054,-1.6337,-1.3304,0.1713,GO_GOAL
7.98,-1.6382,-1.3279,0.6057,-1.6341,-1.303,-1.6337,-1.3304,0.172,GO_GOAL
8.0,-1.6353,-1.3259,0.6092,-1.6314,-1.3007,-1.6337,-1.3304,0.1727,GO_GOAL
8.02,-1.6322,-1.3237,0.6124,-1.6287,-1.2984,-1.6189,-1.3203,0.1734,GO_GOAL
8.04,-1.6291,-1.3215,0.615,-1.626,-1.296,-1.6189,-1.3203,0.1742,GO_GOAL
8.06,-1.6261,-1.3194,0.617,-1.6233,-1.2936,-1.6189,-1.3203,0.1749,GO_GOAL
8.08,-1.6231,-1.3172,0.6184,-1.6206,-1.2913,-1.6189,-1.3203,0.1756,GO_GOAL
8.1,-1.6201,-1.3151,0.6191,-1.6179,-1.2889,-1.6189,-1.3203,0.1764,GO_GOAL
8.12,-1.6172,-1.313,0.6194,-1.6152,-1.2865,-1.6042,-1.31,0.1771,GO_GOAL
8.14,-1.6142,-1.3109,0.6194,-1.6125,-1.2841,-1.6042,-1.31,0.1778,GO_GOAL
8.16,-1.6113,-1.3089,0.6194,-1.6098,-1.2818,-1.6042,-1.31,0.1786,GO_GOAL
8.18,-1.6084,-1.3068,0.6194,-1.607,-1.2794,-1.6042,-1.31,0.1794,GO_GOAL
8.2,-1.6054,-1.3047,0.6194,-1.6016,-1.2747,-1.5896,-1.2995,0.1802,GO_GOAL
8.218,-1.6025,-1.3026,0.6194,-1.6016,-1.2747,-1.5896,-1.2995,0.181,GO_GOAL
8.24,-1.5996,-1.3005,0.6194,-1.5989,-1.2723,-1.5896,-1.2995,0.1819,GO_GOAL
8.26,-1.5967,-1.2984,0.6194,-1.5935,-1.2676,-1.5896,-1.2995,0.1828,GO_GOAL
8.28,-1.5937,-1.2964,0.6194,-1.5935,-1.2676,-1.5896,-1.2995,0.1837,GO_GOAL
8.3,-1.5908,-1.2943,0.6194,-1.5908,-1.2652,-1.5896,-1.2995,0.1847,GO_GOAL
8.32,-1.5878,-1.2923,0.6194,-1.5881,-1.2628,-1.5749,-1.289,0.1857,GO_GOAL
8.34,-1.5849,-1.2904,0.6194,-1.5853,-1.2605,-1.5749,-1.289,0.1868,GO_GOAL
8.36,-1.582,-1.2884,0.6194,-1.5826,-1.2581,-1.5749,-1.289,0.1878,GO_GOAL
8.38,-1.579,-1.2864,0.6194,-1.5799,-1.2557,-1.5749,-1.289,0.1889,GO_GOAL
8.4,-1.5761,-1.2843,0.6194,-1.5772,-1.2534,-1.5749,-1.289,0.19,GO_GOAL
8.42,-1.5732,-1.2822,0.6194,-1.5745,-1.251,-1.5603,-1.2786,0.1911,GO_GOAL
8.44,-1.5702,-1.2801,0.6194,-1.5718,-1.2486,-1.5603,-1.2786,0.1922,GO_GOAL
8.46,-1.5673,-1.278,0.6194,-1.5664,-1.2439,-1.5603,-1.2786,0.1933,GO_GOAL
8.48,-1.5644,-1.2759,0.6194,-1.5664,-1.2439,-1.5603,-1.2786,0.1945,GO_GOAL
8.5,-1.5614,-1.2738,0.6194,-1.5636,-1.2415,-1.5603,-1.2786,0.1956,GO_GOAL
8.52,-1.5585,-1.2717,0.6194,-1.5609,-1.2392,-1.5456,-1.2681,0.1968,GO_GOAL
8.54,-1.5556,-1.2697,0.6194,-1.5582,-1.2368,-1.5456,-1.2681,0.1981,GO_GOAL
8.56,-1.5526,-1.2676,0.6194,-1.5555,-1.2344,-1.5456,-1.2681,0.1993,GO_GOAL
8.58,-1.5497,-1.2655,0.6194,-1.5528,-1.2321,-1.5456,-1.2681,0.2006,GO_GOAL
8.6,-1.5468,-1.2634,0.6194,-1.5501,-1.2297,-1.5456,-1.2681,0.2018,GO_GOAL
8.62,-1.5438,-1.2613,0.6194,-1.5447,-1.225,-1.531,-1.2577,0.2032,GO_GOAL
8.64,-1.5409,-1.2592,0.6194,-1.5447,-1.225,-1.531,-1.2577,0.2045,GO_GOAL
8.66,-1.538,-1.2571,0.6194,-1.5419,-1.2226,-1.531,-1.2577,0.2058,GO_GOAL
8.68,-1.5351,-1.255,0.6194,-1.5365,-1.2179,-1.531,-1.2577,0.2072,GO_GOAL
8.7,-1.5321,-1.2529,0.6194,-1.5365,-1.2179,-1.531,-1.2577,0.2086,GO_GOAL
8.72,-1.5292,-1.2509,0.6194,-1.5338,-1.2155,-1.5163,-1.2472,0.21,GO_GOAL
8.74,-1.5263,-1.2488,0.6194,-1.5311,-1.2131,-1.5163,-1.2472,0.2114,GO_GOAL
8.76,-1.5234,-1.2467,0.6194,-1.5257,-1.2084,-1.5163,-1.2472,0.2129,GO_GOAL
8.78,-1.5204,-1.2446,0.6194,-1.523,-1.206,-1.5163,-1.2472,0.2144,GO_GOAL
8.8,-1.5175,-1.2426,0.6194,-1.523,-1.206,-1.5163,-1.2472,0.2158,GO_GOAL
8.82,-1.5146,-1.2405,0.6194,-1.5202,-1.2037,-1.5017,-1.2368,0.2174,GO_GOAL
8.84,-1.5117,-1.2384,0.6194,-1.5148,-1.1989,-1.5017,-1.2368,0.2189,GO_GOAL
8.86,-1.5088,-1.2364,0.6194,-1.5148,-1.1989,-1.5017,-1.2368,0.2204,GO_GOAL
8.88,-1.5059,-1.2343,0.6194,-1.5121,-1.1966,-1.5017,-1.2368,0.222,GO_GOAL
8.9,-1.503,-1.2322,0.6194,-1.5094,-1.1942,-1.5017,-1.2368,0.2236,GO_GOAL
8.92,-1.5,-1.2301,0.6194,-1.5067,-1.1918,-1.487,-1.2263,0.2252,GO_GOAL
8.94,-1.4971,-1.228,0.6194,-1.504,-1.1895,-1.487,-1.2263,0.2268,GO_GOAL
8.96,-1.4942,-1.2259,0.6194,-1.5013,-1.1871,-1.487,-1.2263,0.2285,GO_GOAL
8.98,-1.4912,-1.2238,0.6194,-1.4985,-1.1847,-1.487,-1.2263,0.2302,GO_GOAL
9.0,-1.4883,-1.2218,0.6194,-1.4931,-1.18,-1.4724,-1.2159,0.2319,GO_GOAL
9.018,-1.4854,-1.2197,0.6194,-1.4931,-1.18,-1.4724,-1.2159,0.2336,GO_GOAL
9.04,-1.4824,-1.2176,0.6194,-1.4904,-1.1776,-1.4724,-1.2159,0.2353,GO_GOAL
9.06,-1.4795,-1.2155,0.6194,-1.4877,-1.1753,-1.4724,-1.2159,0.2371,GO_GOAL
9.08,-1.4766,-1.2134,0.6194,-1.485,-1.1729,-1.4724,-1.2159,0.2388,GO_GOAL
9.1,-1.4736,-1.2113,0.6194,-1.4823,-1.1705,-1.4724,-1.2159,0.2406,GO_GOAL
9.12,-1.4707,-1.2092,0.6194,-1.4796,-1.1682,-1.4577,-1.2054,0.2424,GO_GOAL
9.14,-1.4678,-1.2071,0.6194,-1.4768,-1.1658,-1.4577,-1.2054,0.2442,GO_GOAL
9.16,-1.4649,-1.205,0.6194,-1.4741,-1.1634,-1.4577,-1.2054,0.246,GO_GOAL
9.18,-1.4619,-1.203,0.6194,-1.4714,-1.1611,-1.4577,-1.2054,0.2479,GO_GOAL
9.2,-1.459,-1.2009,0.6194,-1.4687,-1.1587,-1.4577,-1.2054,0.2498,GO_GOAL
9.22,-1.4561,-1.1988,0.6194,-1.466,-1.1563,-1.4431,-1.1949,0.2516,GO_GOAL
9.24,-1.4532,-1.1967,0.6194,-1.4633,-1.154,-1.4431,-1.1949,0.2535,GO_GOAL
9.26,-1.4502,-1.1946,0.6194,-1.4606,-1.1516,-1.4431,-1.1949,0.2554,GO_GOAL
9.28,-1.4473,-1.1925,0.6194,-1.4579,-1.1492,-1.4431,-1.1949,0.2574,GO_GOAL
9.3,-1.4444,-1.1905,0.6194,-1.4524,-1.1445,-1.4284,-1.1845,0.2593,GO_GOAL
9.32,-1.4415,-1.1884,0.6194,-1.4524,-1.1445,-1.4284,-1.1845,0.2612,GO_GOAL
9.34,-1.4386,-1.1864,0.6194,-1.447,-1.1398,-1.4284,-1.1845,0.2632,GO_GOAL
9.36,-1.4357,-1.1843,0.6194,-1.447,-1.1398,-1.4284,-1.1845,0.2652,GO_GOAL
9.38,-1.4328,-1.1822,0.6194,-1.4416,-1.135,-1.4284,-1.1845,0.2672,GO_GOAL
9.4,-1.4298,-1.1801,0.6194,-1.4416,-1.135,-1.4284,-1.1845,0.2692,GO_GOAL
9.42,-1.4269,-1.178,0.6194,-1.4362,-1.1303,-1.4138,-1.174,0.2713,GO_GOAL
9.44,-1.424,-1.1759,0.6194,-1.4362,-1.1303,-1.4138,-1.174,0.2733,GO_GOAL
9.46,-1.421,-1.1738,0.6194,-1.4334,-1.1279,-1.4138,-1.174,0.2754,GO_GOAL
9.48,-1.4181,-1.1717,0.6194,-1.4307,-1.1256,-1.4138,-1.174,0.2775,GO_GOAL
9.5,-1.4152,-1.1696,0.6194,-1.428,-1.1232,-1.4138,-1.174,0.2796,GO_GOAL
9.52,-1.4122,-1.1675,0.6194,-1.4226,-1.1185,-1.3991,-1.1636,0.2817,GO_GOAL
9.54,-1.4093,-1.1654,0.6194,-1.4226,-1.1185,-1.3991,-1.1636,0.2839,GO_GOAL
9.56,-1.4064,-1.1634,0.6194,-1.4199,-1.1161,-1.3991,-1.1636,0.286,GO_GOAL
9.58,-1.4035,-1.1613,0.6194,-1.4172,-1.1137,-1.3991,-1.1636,0.2882,GO_GOAL
9.6,-1.4005,-1.1592,0.6194,-1.4145,-1.1114,-1.3991,-1.1636,0.2903,GO_GOAL
9.62,-1.3976,-1.1571,0.6194,-1.409,-1.1066,-1.3845,-1.1531,0.2925,GO_GOAL
9.64,-1.3947,-1.155,0.6194,-1.409,-1.1066,-1.3845,-1.1531,0.2947,GO_GOAL
9.66,-1.3917,-1.1529,0.6194,-1.4036,-1.1019,-1.3845,-1.1531,0.2969,GO_GOAL
9.68,-1.3888,-1.1508,0.6194,-1.4036,-1.1019,-1.3845,-1.1531,0.2992,GO_GOAL
9.7,-1.3859,-1.1488,0.6194,-1.4009,-1.0995,-1.3845,-1.1531,0.3014,GO_GOAL
9.72,-1.383,-1.1467,0.6194,-1.3982,-1.0972,-1.3698,-1.1427,0.3036,GO_GOAL
9.74,-1.3801,-1.1446,0.6194,-1.3955,-1.0948,-1.3698,-1.1427,0.3059,GO_GOAL
9.76,-1.3772,-1.1425,0.6194,-1.3928,-1.0924,-1.3698,-1.1427,0.3081,GO_GOAL
9.78,-1.3743,-1.1405,0.6194,-1.3901,-1.0901,-1.3698,-1.1427,0.3104,GO_GOAL
9.8,-1.3714,-1.1384,0.6194,-1.3873,-1.0877,-1.3698,-1.1427,0.3127,GO_GOAL
9.82,-1.3685,-1.1363,0.6194,-1.3846,-1.0853,-1.3552,-1.1322,0.315,GO_GOAL
9.84,-1.3655,-1.1342,0.6194,-1.3819,-1.0829,-1.3552,-1.1322,0.3173,GO_GOAL
9.86,-1.3626,-1.1321,0.6194,-1.3792,-1.0806,-1.3552,-1.1322,0.3197,GO_GOAL
9.88,-1.3596,-1.13,0.6194,-1.3738,-1.0758,-1.3552,-1.1322,0.322,GO_GOAL
9.9,-1.3567,-1.1279,0.6194,-1.3738,-1.0758,-1.3552,-1.1322,0.3244,GO_GOAL
9.92,-1.3538,-1.1258,0.6194,-1.3711,-1.0735,-1.3405,-1.1218,0.3268,GO_GOAL
9.94,-1.3508,-1.1238,0.6194,-1.3684,-1.0711,-1.3405,-1.1218,0.3292,GO_GOAL
9.96,-1.3479,-1.1217,0.6194,-1.3656,-1.0687,-1.3405,-1.1218,0.3316,GO_GOAL
9.98,-1.345,-1.1196,0.6194,-1.3629,-1.0664,-1.3405,-1.1218,0.334,GO_GOAL
10.0,-1.342,-1.1175,0.6194,-1.3602,-1.064,-1.3405,-1.1218,0.3364,GO_GOAL
10.02,-1.3391,-1.1154,0.6194,-1.3575,-1.0616,-1.3259,-1.1113,0.3388,GO_GOAL
10.04,-1.3362,-1.1133,0.6194,-1.3548,-1.0593,-1.3259,-1.1113,0.3413,GO_GOAL
10.06,-1.3333,-1.1112,0.6194,-1.3521,-1.0569,-1.3259,-1.1113,0.3437,GO_GOAL
10.08,-1.3303,-1.1091,0.6194,-1.3467,-1.0522,-1.3259,-1.1113,0.3462,GO_GOAL
10.1,-1.3274,-1.1071,0.6194,-1.3467,-1.0522,-1.3259,-1.1113,0.3486,GO_GOAL
10.12,-1.3245,-1.105,0.6194,-1.3439,-1.0498,-1.3112,-1.1008,0.3511,GO_GOAL
10.14,-1.3216,-1.1029,0.6194,-1.3412,-1.0474,-1.3112,-1.1008,0.3536,GO_GOAL
10.16,-1.3186,-1.1008,0.6194,-1.3385,-1.0451,-1.3112,-1.1008,0.3561,GO_GOAL
10.18,-1.3157,-1.0987,0.6194,-1.3358,-1.0427,-1.3112,-1.1008,0.3586,GO_GOAL
10.2,-1.3128,-1.0967,0.6194,-1.3331,-1.0403,-1.3112,-1.1008,0.3611,GO_GOAL
10.22,-1.3099,-1.0946,0.6194,-1.3304,-1.038,-1.2966,-1.0904,0.3636,GO_GOAL
10.24,-1.307,-1.0925,0.6194,-1.3277,-1.0356,-1.2966,-1.0904,0.3661,GO_GOAL
10.26,-1.3041,-1.0904,0.6194,-1.325,-1.0332,-1.2966,-1.0904,0.3687,GO_GOAL
10.28,-1.3012,-1.0883,0.6194,-1.3222,-1.0309,-1.2966,-1.0904,0.3712,GO_GOAL
10.3,-1.2982,-1.0862,0.6194,-1.3195,-1.0285,-1.2966,-1.0904,0.3738,GO_GOAL
10.32,-1.2953,-1.0842,0.6194,-1.3168,-1.0261,-1.2819,-1.0799,0.3764,GO_GOAL
10.34,-1.2924,-1.0821,0.6194,-1.3114,-1.0214,-1.2819,-1.0799,0.379,GO_GOAL
10.36,-1.2894,-1.08,0.6194,-1.3087,-1.019,-1.2819,-1.0799,0.3816,GO_GOAL
10.38,-1.2865,-1.0779,0.6194,-1.306,-1.0167,-1.2819,-1.0799,0.3842,GO_GOAL
10.4,-1.2836,-1.0758,0.6194,-1.306,-1.0167,-1.2819,-1.0799,0.3868,GO_GOAL
10.42,-1.2806,-1.0737,0.6194,-1.3033,-1.0143,-1.2672,-1.0695,0.3894,GO_GOAL
10.44,-1.2777,-1.0716,0.6194,-1.3005,-1.0119,-1.2672,-1.0695,0.3921,GO_GOAL
10.46,-1.2748,-1.0695,0.6194,-1.2978,-1.0096,-1.2672,-1.0695,0.3947,GO_GOAL
10.48,-1.2718,-1.0674,0.6194,-1.2951,-1.0072,-1.2672,-1.0695,0.3973,GO_GOAL
10.5,-1.2689,-1.0653,0.6194,-1.2924,-1.0048,-1.2672,-1.0695,0.4,GO_GOAL
10.52,-1.266,-1.0633,0.6194,-1.2897,-1.0025,-1.2497,-1.0569,0.4027,GO_GOAL
10.54,-1.2631,-1.0612,0.6194,-1.287,-1.0001,-1.2497,-1.0569,0.4053,GO_GOAL
10.56,-1.2601,-1.0591,0.6194,-1.2843,-0.9977,-1.2497,-1.0569,0.408,GO_GOAL
10.58,-1.2572,-1.057,0.6194,-1.2816,-0.9954,-1.2497,-1.0569,0.4107,GO_GOAL
10.6,-1.2543,-1.0549,0.6194,-1.2788,-0.993,-1.2497,-1.0569,0.4134,GO_GOAL
10.622,-1.2514,-1.0529,0.6194,-1.2734,-0.9883,-1.2379,-1.0486,0.4161,GO_GOAL
10.64,-1.2485,-1.0508,0.6194,-1.2734,-0.9883,-1.2379,-1.0486,0.4187,GO_GOAL
10.66,-1.2456,-1.0487,0.6194,-1.268,-0.9835,-1.2379,-1.0486,0.4214,GO_GOAL
10.68,-1.2427,-1.0466,0.6194,-1.268,-0.9835,-1.2379,-1.0486,0.4242,GO_GOAL
10.7,-1.2397,-1.0445,0.6194,-1.2626,-0.9788,-1.2379,-1.0486,0.4269,GO_GOAL
10.72,-1.2368,-1.0424,0.6194,-1.2626,-0.9788,-1.2233,-1.0381,0.4297,GO_GOAL
10.74,-1.2339,-1.0404,0.6194,-1.2599,-0.9764,-1.2233,-1.0381,0.4324,GO_GOAL
10.76,-1.2309,-1.0383,0.6194,-1.2571,-0.9741,-1.2233,-1.0381,0.4352,GO_GOAL
10.78,-1.228,-1.0362,0.6194,-1.2544,-0.9717,-1.2233,-1.0381,0.4372,GO_GOAL
10.8,-1.2251,-1.0341,0.6194,-1.2517,-0.9693,-1.2233,-1.0381,0.4391,GO_GOAL
10.82,-1.2221,-1.032,0.6194,-1.249,-0.967,-1.2086,-1.0277,0.441,GO_GOAL
10.84,-1.2192,-1.0299,0.6194,-1.2463,-0.9646,-1.2086,-1.0277,0.4429,GO_GOAL
10.86,-1.2163,-1.0278,0.6194,-1.2436,-0.9622,-1.2086,-1.0277,0.4448,GO_GOAL
10.88,-1.2133,-1.0257,0.6194,-1.2409,-0.9599,-1.2086,-1.0277,0.4467,GO_GOAL
10.9,-1.2104,-1.0236,0.6194,-1.2382,-0.9575,-1.2086,-1.0277,0.4487,GO_GOAL
10.92,-1.2075,-1.0215,0.6194,-1.2354,-0.9551,-1.194,-1.0172,0.4506,GO_GOAL
10.94,-1.2046,-1.0195,0.6194,-1.23,-0.9504,-1.194,-1.0172,0.4526,GO_GOAL
10.96,-1.2016,-1.0174,0.6194,-1.23,-0.9504,-1.194,-1.0172,0.4545,GO_GOAL
10.98,-1.1987,-1.0153,0.6194,-1.2273,-0.948,-1.194,-1.0172,0.4565,GO_GOAL
11.0,-1.1958,-1.0132,0.6194,-1.2246,-0.9457,-1.194,-1.0172,0.4585,GO_GOAL
11.02,-1.1929,-1.0112,0.6194,-1.2219,-0.9433,-1.1793,-1.0068,0.4605,GO_GOAL
11.04,-1.19,-1.0091,0.6194,-1.2165,-0.9386,-1.1793,-1.0068,0.4625,GO_GOAL
11.06,-1.1871,-1.007,0.6194,-1.2165,-0.9386,-1.1793,-1.0068,0.4645,GO_GOAL
11.08,-1.1842,-1.0049,0.6194,-1.2137,-0.9362,-1.1793,-1.0068,0.4666,GO_GOAL
11.1,-1.1812,-1.0028,0.6194,-1.211,-0.9338,-1.1647,-0.9963,0.4686,GO_GOAL
11.12,-1.1783,-1.0007,0.6194,-1.2056,-0.9291,-1.1647,-0.9963,0.4707,GO_GOAL
11.14,-1.1754,-0.9986,0.6194,-1.2056,-0.9291,-1.1647,-0.9963,0.4728,GO_GOAL
11.16,-1.1724,-0.9965,0.6194,-1.2002,-0.9244,-1.1647,-0.9963,0.4749,GO_GOAL
11.18,-1.1695,-0.9945,0.6194,-1.2002,-0.9244,-1.1647,-0.9963,0.477,GO_GOAL
11.2,-1.1666,-0.9924,0.6194,-1.1975,-0.922,-1.1647,-0.9963,0.4791,GO_GOAL
11.22,-1.1636,-0.9903,0.6194,-1.1948,-0.9196,-1.15,-0.9858,0.4812,GO_GOAL
11.24,-1.1607,-0.9882,0.6194,-1.1893,-0.9149,-1.15,-0.9858,0.4833,GO_GOAL
11.26,-1.1578,-0.9861,0.6194,-1.1893,-0.9149,-1.15,-0.9858,0.4855,GO_GOAL
11.28,-1.1548,-0.984,0.6194,-1.1866,-0.9125,-1.15,-0.9858,0.4876,GO_GOAL
11.3,-1.1519,-0.9819,0.6194,-1.1812,-0.9078,-1.15,-0.9858,0.4898,GO_GOAL
11.32,-1.149,-0.9798,0.6194,-1.1812,-0.9078,-1.1354,-0.9754,0.492,GO_GOAL
11.34,-1.1461,-0.9777,0.6194,-1.1785,-0.9054,-1.1354,-0.9754,0.4942,GO_GOAL
11.36,-1.1431,-0.9757,0.6194,-1.1758,-0.9031,-1.1354,-0.9754,0.4963,GO_GOAL
11.38,-1.1402,-0.9736,0.6194,-1.1731,-0.9007,-1.1354,-0.9754,0.4985,GO_GOAL
11.4,-1.1373,-0.9715,0.6194,-1.1676,-0.896,-1.1207,-0.9649,0.4968,GO_GOAL
11.42,-1.1344,-0.9695,0.6194,-1.1649,-0.8936,-1.1207,-0.9649,0.4942,GO_GOAL
11.44,-1.1315,-0.9674,0.6194,-1.1622,-0.8912,-1.1207,-0.9649,0.4916,GO_GOAL
11.46,-1.1286,-0.9653,0.6194,-1.1622,-0.8912,-1.1207,-0.9649,0.489,GO_GOAL
11.48,-1.1256,-0.9632,0.6194,-1.1595,-0.8889,-1.1207,-0.9649,0.4863,GO_GOAL
11.5,-1.1227,-0.9611,0.6194,-1.1568,-0.8865,-1.1207,-0.9649,0.4837,GO_GOAL
11.52,-1.1198,-0.959,0.6194,-1.1541,-0.8841,-1.1061,-0.9545,0.4811,GO_GOAL
11.54,-1.1168,-0.9569,0.6194,-1.1486,-0.8794,-1.1061,-0.9545,0.4785,GO_GOAL
11.56,-1.1139,-0.9548,0.6194,-1.1486,-0.8794,-1.1061,-0.9545,0.476,GO_GOAL
11.58,-1.111,-0.9527,0.6194,-1.1459,-0.877,-1.1061,-0.9545,0.4734,GO_GOAL
11.6,-1.108,-0.9506,0.6194,-1.1405,-0.8723,-1.1061,-0.9545,0.4708,GO_GOAL
11.62,-1.1051,-0.9486,0.6194,-1.1378,-0.8699,-1.0914,-0.944,0.4683,GO_GOAL
11.64,-1.1022,-0.9465,0.6194,-1.1378,-0.8699,-1.0914,-0.944,0.4657,GO_GOAL
11.66,-1.0993,-0.9444,0.6194,-1.1324,-0.8652,-1.0914,-0.944,0.4632,GO_GOAL
11.68,-1.0963,-0.9423,0.6194,-1.1324,-0.8652,-1.0914,-0.944,0.4606,GO_GOAL
11.7,-1.0934,-0.9402,0.6194,-1.1297,-0.8628,-1.0914,-0.944,0.4581,GO_GOAL
11.72,-1.0905,-0.9381,0.6194,-1.127,-0.8604,-1.0768,-0.9336,0.4556,GO_GOAL
11.74,-1.0876,-0.936,0.6194,-1.1242,-0.8581,-1.0768,-0.9336,0.4531,GO_GOAL
11.76,-1.0847,-0.934,0.6194,-1.1188,-0.8533,-1.0768,-0.9336,0.4506,GO_GOAL
11.78,-1.0817,-0.9319,0.6194,-1.1188,-0.8533,-1.0768,-0.9336,0.4482,GO_GOAL
11.8,-1.0788,-0.9298,0.6194,-1.1161,-0.851,-1.0768,-0.9336,0.4457,GO_GOAL
11.82,-1.0759,-0.9277,0.6194,-1.1134,-0.8486,-1.0621,-0.9231,0.4433,GO_GOAL
11.84,-1.073,-0.9256,0.6194,-1.1107,-0.8462,-1.0621,-0.9231,0.4408,GO_GOAL
11.86,-1.0701,-0.9236,0.6194,-1.108,-0.8439,-1.0621,-0.9231,0.4383,GO_GOAL
11.88,-1.0671,-0.9215,0.6194,-1.1053,-0.8415,-1.0621,-0.9231,0.4359,GO_GOAL
11.9,-1.0642,-0.9194,0.6194,-1.1025,-0.8391,-1.0621,-0.9231,0.4334,GO_GOAL
11.92,-1.0613,-0.9173,0.6194,-1.0998,-0.8368,-1.0475,-0.9127,0.431,GO_GOAL
11.94,-1.0583,-0.9152,0.6194,-1.0971,-0.8344,-1.0475,-0.9127,0.4286,GO_GOAL
11.96,-1.0554,-0.9131,0.6194,-1.0944,-0.832,-1.0475,-0.9127,0.4262,GO_GOAL
11.98,-1.0525,-0.911,0.6194,-1.0917,-0.8297,-1.0475,-0.9127,0.4238,GO_GOAL
12.0,-1.0495,-0.9089,0.6194,-1.089,-0.8273,-1.0328,-0.9022,0.4214,GO_GOAL
12.02,-1.0466,-0.9068,0.6194,-1.0836,-0.8226,-1.0328,-0.9022,0.419,GO_GOAL
12.04,-1.0437,-0.9047,0.6194,-1.0836,-0.8226,-1.0328,-0.9022,0.4167,GO_GOAL
12.06,-1.0407,-0.9027,0.6194,-1.0808,-0.8202,-1.0328,-0.9022,0.4143,GO_GOAL
12.08,-1.0378,-0.9006,0.6194,-1.0781,-0.8178,-1.0328,-0.9022,0.412,GO_GOAL
12.1,-1.0349,-0.8985,0.6194,-1.0754,-0.8155,-1.0328,-0.9022,0.4096,GO_GOAL
12.12,-1.032,-0.8964,0.6194,-1.0727,-0.8131,-1.0182,-0.8917,0.4073,GO_GOAL
12.14,-1.0291,-0.8943,0.6194,-1.07,-0.8107,-1.0182,-0.8917,0.405,GO_GOAL
12.16,-1.0262,-0.8923,0.6194,-1.0673,-0.8084,-1.0182,-0.8917,0.4028,GO_GOAL
12.18,-1.0233,-0.8902,0.6194,-1.0646,-0.806,-1.0182,-0.8917,0.4005,GO_GOAL
12.2,-1.0203,-0.8881,0.6194,-1.0619,-0.8036,-1.0182,-0.8917,0.3982,GO_GOAL
12.22,-1.0174,-0.886,0.6194,-1.0591,-0.8013,-1.0035,-0.8813,0.3959,GO_GOAL
12.24,-1.0145,-0.8839,0.6194,-1.0537,-0.7965,-1.0035,-0.8813,0.3937,GO_GOAL
12.26,-1.0115,-0.8818,0.6194,-1.0537,-0.7965,-1.0035,-0.8813,0.3914,GO_GOAL
12.28,-1.0086,-0.8797,0.6194,-1.051,-0.7942,-1.0035,-0.8813,0.3892,GO_GOAL
12.3,-1.0057,-0.8776,0.6194,-1.0483,-0.7918,-0.9889,-0.8708,0.3869,GO_GOAL
12.32,-1.0027,-0.8755,0.6194,-1.0456,-0.7894,-0.9889,-0.8708,0.3847,GO_GOAL
12.34,-0.9998,-0.8735,0.6194,-1.0429,-0.7871,-0.9889,-0.8708,0.3825,GO_GOAL
12.36,-0.9969,-0.8714,0.6194,-1.0402,-0.7847,-0.9889,-0.8708,0.3803,GO_GOAL
12.38,-0.9939,-0.8693,0.6194,-1.0374,-0.7823,-0.9889,-0.8708,0.3781,GO_GOAL
12.4,-0.991,-0.8672,0.6194,-1.0347,-0.78,-0.9889,-0.8708,0.376,GO_GOAL
12.42,-0.9881,-0.8651,0.6194,-1.032,-0.7776,-0.9742,-0.8604,0.3738,GO_GOAL
12.44,-0.9852,-0.863,0.6194,-1.0293,-0.7752,-0.9742,-0.8604,0.3717,GO_GOAL
12.46,-0.9822,-0.8609,0.6194,-1.0266,-0.7729,-0.9742,-0.8604,0.3696,GO_GOAL
12.48,-0.9793,-0.8589,0.6194,-1.0239,-0.7705,-0.9742,-0.8604,0.3675,GO_GOAL
12.5,-0.9764,-0.8568,0.6194,-1.0212,-0.7681,-0.9742,-0.8604,0.3654,GO_GOAL
12.52,-0.9735,-0.8547,0.6194,-1.0157,-0.7634,-0.9596,-0.8499,0.3633,GO_GOAL
12.54,-0.9706,-0.8526,0.6194,-1.0157,-0.7634,-0.9596,-0.8499,0.3612,GO_GOAL
12.56,-0.9677,-0.8505,0.6194,-1.013,-0.761,-0.9596,-0.8499,0.3591,GO_GOAL
12.58,-0.9647,-0.8484,0.6194,-1.0103,-0.7587,-0.9596,-0.8499,0.3571,GO_GOAL
12.6,-0.9618,-0.8464,0.6194,-1.0076,-0.7563,-0.9596,-0.8499,0.355,GO_GOAL
12.62,-0.9589,-0.8443,0.6194,-1.0022,-0.7516,-0.9449,-0.8395,0.353,GO_GOAL
12.64,-0.9559,-0.8422,0.6194,-1.0022,-0.7516,-0.9449,-0.8395,0.351,GO_GOAL
12.66,-0.953,-0.8401,0.6194,-0.9995,-0.7492,-0.9449,-0.8395,0.349,GO_GOAL
12.68,-0.9501,-0.838,0.6194,-0.9968,-0.7468,-0.9449,-0.8395,0.347,GO_GOAL
12.7,-0.9471,-0.8359,0.6194,-0.994,-0.7445,-0.9449,-0.8395,0.345,GO_GOAL
12.72,-0.9442,-0.8338,0.6194,-0.9913,-0.7421,-0.9303,-0.829,0.3431,GO_GOAL
12.74,-0.9413,-0.8317,0.6194,-0.9859,-0.7374,-0.9303,-0.829,0.3411,GO_GOAL
12.76,-0.9384,-0.8296,0.6194,-0.9859,-0.7374,-0.9303,-0.829,0.3392,GO_GOAL
12.78,-0.9354,-0.8276,0.6194,-0.9832,-0.735,-0.9303,-0.829,0.3373,GO_GOAL
12.8,-0.9325,-0.8255,0.6194,-0.9805,-0.7326,-0.9303,-0.829,0.3354,GO_GOAL
12.82,-0.9296,-0.8234,0.6194,-0.9751,-0.7279,-0.9156,-0.8185,0.3335,GO_GOAL
12.84,-0.9267,-0.8213,0.6194,-0.9751,-0.7279,-0.9156,-0.8185,0.3316,GO_GOAL
12.86,-0.9238,-0.8193,0.6194,-0.9723,-0.7255,-0.9156,-0.8185,0.3298,GO_GOAL
12.88,-0.9208,-0.8172,0.6194,-0.9696,-0.7232,-0.9156,-0.8185,0.328,GO_GOAL
12.9,-0.9179,-0.8151,0.6194,-0.9669,-0.7208,-0.9156,-0.8185,0.3261,GO_GOAL
12.92,-0.915,-0.813,0.6194,-0.9615,-0.7161,-0.9009,-0.8081,0.3243,GO_GOAL
12.94,-0.912,-0.8109,0.6194,-0.9615,-0.7161,-0.9009,-0.8081,0.3225,GO_GOAL
12.96,-0.9091,-0.8088,0.6194,-0.9588,-0.7137,-0.9009,-0.8081,0.3207,GO_GOAL
12.98,-0.9062,-0.8067,0.6194,-0.9561,-0.7113,-0.9009,-0.8081,0.3189,GO_GOAL
13.0,-0.9032,-0.8046,0.6194,-0.9506,-0.7066,-0.9009,-0.8081,0.3172,GO_GOAL
13.02,-0.9003,-0.8025,0.6194,-0.9506,-0.7066,-0.8834,-0.7955,0.3154,GO_GOAL
13.04,-0.8974,-0.8004,0.6194,-0.9479,-0.7042,-0.8834,-0.7955,0.3137,GO_GOAL
13.06,-0.8945,-0.7983,0.6194,-0.9425,-0.6995,-0.8834,-0.7955,0.312,GO_GOAL
13.08,-0.8915,-0.7963,0.6194,-0.9425,-0.6995,-0.8834,-0.7955,0.3103,GO_GOAL
13.1,-0.8886,-0.7942,0.6194,-0.9398,-0.6971,-0.8834,-0.7955,0.3087,GO_GOAL
13.12,-0.8857,-0.7921,0.6194,-0.9371,-0.6948,-0.8716,-0.7872,0.307,GO_GOAL
13.14,-0.8828,-0.79,0.6194,-0.9317,-0.69,-0.8716,-0.7872,0.3054,GO_GOAL
13.16,-0.8799,-0.7879,0.6194,-0.9317,-0.69,-0.8716,-0.7872,0.3038,GO_GOAL
13.18,-0.8769,-0.7859,0.6194,-0.9262,-0.6853,-0.8716,-0.7872,0.3022,GO_GOAL
13.2,-0.874,-0.7838,0.6194,-0.9262,-0.6853,-0.8716,-0.7872,0.3006,GO_GOAL
13.22,-0.8711,-0.7817,0.6194,-0.9235,-0.6829,-0.857,-0.7767,0.299,GO_GOAL
13.24,-0.8681,-0.7796,0.6194,-0.9208,-0.6805,-0.857,-0.7767,0.2974,GO_GOAL
13.26,-0.8652,-0.7775,0.6194,-0.9181,-0.6782,-0.857,-0.7767,0.2959,GO_GOAL
13.28,-0.8623,-0.7754,0.6194,-0.9154,-0.6758,-0.857,-0.7767,0.2944,GO_GOAL
13.3,-0.8593,-0.7733,0.6194,-0.91,-0.6711,-0.857,-0.7767,0.2929,GO_GOAL
13.32,-0.8564,-0.7712,0.6194,-0.91,-0.6711,-0.8423,-0.7663,0.2914,GO_GOAL
13.34,-0.8535,-0.7691,0.6194,-0.9072,-0.6687,-0.8423,-0.7663,0.2899,GO_GOAL
13.36,-0.8506,-0.767,0.6194,-0.9045,-0.6663,-0.8423,-0.7663,0.2885,GO_GOAL
13.38,-0.8476,-0.765,0.6194,-0.9018,-0.664,-0.8423,-0.7663,0.2871,GO_GOAL
13.4,-0.8447,-0.7629,0.6194,-0.8964,-0.6592,-0.8423,-0.7663,0.2856,GO_GOAL
13.42,-0.8418,-0.7608,0.6194,-0.8937,-0.6569,-0.8277,-0.7558,0.2843,GO_GOAL
13.44,-0.8389,-0.7587,0.6194,-0.8937,-0.6569,-0.8277,-0.7558,0.2829,GO_GOAL
13.46,-0.836,-0.7566,0.6194,-0.891,-0.6545,-0.8277,-0.7558,0.2815,GO_GOAL
13.48,-0.833,-0.7546,0.6194,-0.8883,-0.6521,-0.8277,-0.7558,0.2802,GO_GOAL
13.5,-0.8301,-0.7525,0.6194,-0.8855,-0.6498,-0.8277,-0.7558,0.2789,GO_GOAL
13.52,-0.8272,-0.7504,0.6194,-0.8828,-0.6474,-0.813,-0.7454,0.2776,GO_GOAL
13.54,-0.8242,-0.7483,0.6194,-0.8774,-0.6427,-0.813,-0.7454,0.2763,GO_GOAL
13.56,-0.8213,-0.7462,0.6194,-0.8774,-0.6427,-0.813,-0.7454,0.275,GO_GOAL
13.58,-0.8184,-0.7441,0.6194,-0.872,-0.6379,-0.813,-0.7454,0.2738,GO_GOAL
13.6,-0.8154,-0.742,0.6194,-0.872,-0.6379,-0.813,-0.7454,0.2726,GO_GOAL
13.62,-0.8125,-0.7399,0.6194,-0.8693,-0.6356,-0.7984,-0.7349,0.2714,GO_GOAL
13.64,-0.8096,-0.7378,0.6194,-0.8666,-0.6332,-0.7984,-0.7349,0.2702,GO_GOAL
13.66,-0.8067,-0.7357,0.6194,-0.8611,-0.6285,-0.7984,-0.7349,0.269,GO_GOAL
13.68,-0.8037,-0.7337,0.6194,-0.8611,-0.6285,-0.7984,-0.7349,0.2679,GO_GOAL
13.7,-0.8008,-0.7316,0.6194,-0.8584,-0.6261,-0.7984,-0.7349,0.2668,GO_GOAL
13.72,-0.7979,-0.7295,0.6194,-0.8557,-0.6237,-0.7837,-0.7244,0.2657,GO_GOAL
13.74,-0.795,-0.7274,0.6194,-0.853,-0.6214,-0.7837,-0.7244,0.2646,GO_GOAL
13.76,-0.7921,-0.7253,0.6194,-0.8503,-0.619,-0.7837,-0.7244,0.2635,GO_GOAL
13.78,-0.7891,-0.7232,0.6194,-0.8476,-0.6166,-0.7837,-0.7244,0.2625,GO_GOAL
13.8,-0.7862,-0.7211,0.6194,-0.8449,-0.6143,-0.7837,-0.7244,0.2614,GO_GOAL
13.82,-0.7833,-0.7191,0.6194,-0.8422,-0.6119,-0.7662,-0.7119,0.2604,GO_GOAL
13.84,-0.7803,-0.717,0.6194,-0.8394,-0.6095,-0.7662,-0.7119,0.2595,GO_GOAL
13.86,-0.7774,-0.7149,0.6194,-0.8367,-0.6072,-0.7662,-0.7119,0.2585,GO_GOAL
13.88,-0.7745,-0.7128,0.6194,-0.834,-0.6048,-0.7662,-0.7119,0.2576,GO_GOAL
13.9,-0.7715,-0.7107,0.6194,-0.8313,-0.6024,-0.7662,-0.7119,0.2567,GO_GOAL
13.92,-0.7686,-0.7086,0.6194,-0.8286,-0.6001,-0.7544,-0.7035,0.2558,GO_GOAL
13.94,-0.7657,-0.7065,0.6194,-0.8259,-0.5977,-0.7544,-0.7035,0.2549,GO_GOAL
13.96,-0.7628,-0.7044,0.6194,-0.8232,-0.5953,-0.7544,-0.7035,0.254,GO_GOAL
13.98,-0.7598,-0.7024,0.6194,-0.8205,-0.593,-0.7544,-0.7035,0.2532,GO_GOAL
14.0,-0.7569,-0.7003,0.6194,-0.8177,-0.5906,-0.7544,-0.7035,0.2524,GO_GOAL
14.02,-0.754,-0.6982,0.6194,-0.815,-0.5882,-0.7398,-0.6931,0.2516,GO_GOAL
14.04,-0.7511,-0.6961,0.6194,-0.8123,-0.5859,-0.7398,-0.6931,0.2509,GO_GOAL
14.06,-0.7481,-0.694,0.6194,-0.8096,-0.5835,-0.7398,-0.6931,0.2501,GO_GOAL
14.08,-0.7452,-0.6919,0.6194,-0.8069,-0.5811,-0.7398,-0.6931,0.2494,GO_GOAL
14.1,-0.7423,-0.6898,0.6194,-0.8042,-0.5788,-0.7398,-0.6931,0.2487,GO_GOAL
14.12,-0.7393,-0.6877,0.6194,-0.8015,-0.5764,-0.7251,-0.6826,0.248,GO_GOAL
14.14,-0.7364,-0.6857,0.6194,-0.7988,-0.574,-0.7251,-0.6826,0.2474,GO_GOAL
14.16,-0.7335,-0.6836,0.6194,-0.796,-0.5717,-0.7251,-0.6826,0.2467,GO_GOAL
14.18,-0.7306,-0.6815,0.6194,-0.7906,-0.5669,-0.7251,-0.6826,0.2461,GO_GOAL
14.2,-0.7276,-0.6794,0.6194,-0.7879,-0.5646,-0.7251,-0.6826,0.2456,GO_GOAL
14.22,-0.7247,-0.6773,0.6194,-0.7879,-0.5646,-0.7105,-0.6722,0.245,GO_GOAL
14.24,-0.7218,-0.6752,0.6194,-0.7852,-0.5622,-0.7105,-0.6722,0.2445,GO_GOAL
14.26,-0.7189,-0.6731,0.6194,-0.7825,-0.5598,-0.7105,-0.6722,0.2439,GO_GOAL
14.28,-0.7159,-0.6711,0.6194,-0.7798,-0.5575,-0.7105,-0.6722,0.2435,GO_GOAL
14.3,-0.713,-0.669,0.6194,-0.7771,-0.5551,-0.7105,-0.6722,0.243,GO_GOAL
14.32,-0.7101,-0.6669,0.6194,-0.7743,-0.5527,-0.6929,-0.6596,0.2425,GO_GOAL
14.34,-0.7071,-0.6648,0.6194,-0.7716,-0.5504,-0.6929,-0.6596,0.2421,GO_GOAL
14.36,-0.7042,-0.6627,0.6194,-0.7689,-0.548,-0.6929,-0.6596,0.2417,GO_GOAL
14.38,-0.7013,-0.6606,0.6194,-0.7662,-0.5456,-0.6929,-0.6596,0.2413,GO_GOAL
14.4,-0.6984,-0.6585,0.6194,-0.7635,-0.5433,-0.6929,-0.6596,0.241,GO_GOAL
14.42,-0.6954,-0.6564,0.6194,-0.7608,-0.5409,-0.6812,-0.6512,0.2406,GO_GOAL
14.44,-0.6925,-0.6543,0.6194,-0.7581,-0.5385,-0.6812,-0.6512,0.2403,GO_GOAL
14.46,-0.6896,-0.6523,0.6194,-0.7554,-0.5362,-0.6812,-0.6512,0.24,GO_GOAL
14.48,-0.6867,-0.6502,0.6194,-0.7499,-0.5314,-0.6812,-0.6512,0.2398,GO_GOAL
14.5,-0.6837,-0.6481,0.6194,-0.7499,-0.5314,-0.6812,-0.6512,0.2395,GO_GOAL
14.52,-0.6808,-0.646,0.6194,-0.7472,-0.5291,-0.6665,-0.6408,0.2393,GO_GOAL
14.54,-0.6779,-0.6439,0.6194,-0.7418,-0.5243,-0.6665,-0.6408,0.2391,GO_GOAL
14.56,-0.6749,-0.6418,0.6194,-0.7418,-0.5243,-0.6665,-0.6408,0.239,GO_GOAL
14.58,-0.672,-0.6397,0.6194,-0.7391,-0.522,-0.6665,-0.6408,0.2388,GO_GOAL
14.6,-0.6691,-0.6376,0.6194,-0.7364,-0.5196,-0.6665,-0.6408,0.2387,GO_GOAL
14.62,-0.6662,-0.6356,0.6194,-0.7337,-0.5172,-0.6519,-0.6303,0.2386,GO_GOAL
14.64,-0.6632,-0.6335,0.6194,-0.7309,-0.5149,-0.6519,-0.6303,0.2385,GO_GOAL
14.66,-0.6603,-0.6314,0.6194,-0.7282,-0.5125,-0.6519,-0.6303,0.2385,GO_GOAL
14.68,-0.6574,-0.6293,0.6194,-0.7255,-0.5101,-0.6519,-0.6303,0.2385,GO_GOAL
14.7,-0.6545,-0.6272,0.6194,-0.7228,-0.5078,-0.6519,-0.6303,0.2385,GO_GOAL
14.72,-0.6515,-0.6251,0.6194,-0.7201,-0.5054,-0.6343,-0.6178,0.2385,GO_GOAL
14.74,-0.6486,-0.623,0.6194,-0.7147,-0.5007,-0.6343,-0.6178,0.2385,GO_GOAL
14.76,-0.6457,-0.6209,0.6194,-0.7147,-0.5007,-0.6343,-0.6178,0.2386,GO_GOAL
14.78,-0.6427,-0.6189,0.6194,-0.712,-0.4983,-0.6343,-0.6178,0.2387,GO_GOAL
14.8,-0.6398,-0.6168,0.6194,-0.7065,-0.4936,-0.6343,-0.6178,0.2388,GO_GOAL
14.82,-0.6369,-0.6147,0.6194,-0.7065,-0.4936,-0.6226,-0.6094,0.2389,GO_GOAL
14.84,-0.6339,-0.6126,0.6194,-0.7011,-0.4888,-0.6226,-0.6094,0.2391,GO_GOAL
14.86,-0.631,-0.6105,0.6194,-0.7011,-0.4888,-0.6226,-0.6094,0.2393,GO_GOAL
14.88,-0.6281,-0.6084,0.6194,-0.6984,-0.4864,-0.6226,-0.6094,0.2395,GO_GOAL
14.9,-0.6252,-0.6063,0.6194,-0.6957,-0.4841,-0.6226,-0.6094,0.2397,GO_GOAL
14.92,-0.6222,-0.6042,0.6194,-0.693,-0.4817,-0.6079,-0.599,0.24,GO_GOAL
14.94,-0.6193,-0.6022,0.6194,-0.6903,-0.4793,-0.6079,-0.599,0.2403,GO_GOAL
14.96,-0.6164,-0.6001,0.6194,-0.6875,-0.477,-0.6079,-0.599,0.2406,GO_GOAL
14.98,-0.6134,-0.598,0.6194,-0.6848,-0.4746,-0.6079,-0.599,0.2409,GO_GOAL
15.0,-0.6105,-0.5959,0.6194,-0.6821,-0.4722,-0.6079,-0.599,0.2412,GO_GOAL
15.02,-0.6076,-0.5938,0.6194,-0.6794,-0.4699,-0.5933,-0.5885,0.2416,GO_GOAL
15.04,-0.6047,-0.5917,0.6194,-0.6767,-0.4675,-0.5933,-0.5885,0.242,GO_GOAL
15.06,-0.6018,-0.5896,0.6194,-0.674,-0.4651,-0.5933,-0.5885,0.2424,GO_GOAL
15.08,-0.5988,-0.5875,0.6194,-0.6713,-0.4628,-0.5933,-0.5885,0.2429,GO_GOAL
15.1,-0.5959,-0.5855,0.6194,-0.6686,-0.4604,-0.5786,-0.5781,0.2433,GO_GOAL
15.12,-0.593,-0.5834,0.6194,-0.6658,-0.458,-0.5786,-0.5781,0.2438,GO_GOAL
15.14,-0.59,-0.5813,0.6194,-0.6631,-0.4557,-0.5786,-0.5781,0.2443,GO_GOAL
15.16,-0.5871,-0.5792,0.6194,-0.6604,-0.4533,-0.5786,-0.5781,0.2449,GO_GOAL
15.18,-0.5842,-0.5771,0.6194,-0.6577,-0.4509,-0.5786,-0.5781,0.2454,GO_GOAL
15.2,-0.5812,-0.575,0.6194,-0.655,-0.4486,-0.5786,-0.5781,0.246,GO_GOAL
15.22,-0.5783,-0.5729,0.6194,-0.6523,-0.4462,-0.564,-0.5676,0.2466,GO_GOAL
15.24,-0.5754,-0.5708,0.6194,-0.6496,-0.4438,-0.564,-0.5676,0.2472,GO_GOAL
15.26,-0.5725,-0.5688,0.6194,-0.6469,-0.4415,-0.564,-0.5676,0.2479,GO_GOAL
15.28,-0.5695,-0.5667,0.6194,-0.6441,-0.4391,-0.564,-0.5676,0.2485,GO_GOAL
15.3,-0.5666,-0.5646,0.6194,-0.6414,-0.4367,-0.564,-0.5676,0.2492,GO_GOAL
15.32,-0.5637,-0.5625,0.6194,-0.6387,-0.4344,-0.5464,-0.5551,0.2499,GO_GOAL
15.34,-0.5607,-0.5604,0.6194,-0.636,-0.432,-0.5464,-0.5551,0.2507,GO_GOAL
15.36,-0.5578,-0.5583,0.6194,-0.6333,-0.4296,-0.5464,-0.5551,0.2514,GO_GOAL
15.38,-0.5549,-0.5562,0.6194,-0.6306,-0.4273,-0.5464,-0.5551,0.2522,GO_GOAL
15.4,-0.552,-0.5541,0.6194,-0.6279,-0.4249,-0.5347,-0.5467,0.253,GO_GOAL
15.42,-0.549,-0.552,0.6194,-0.6252,-0.4225,-0.5347,-0.5467,0.2538,GO_GOAL
15.44,-0.5461,-0.55,0.6194,-0.6224,-0.4202,-0.5347,-0.5467,0.2547,GO_GOAL
15.46,-0.5432,-0.5479,0.6194,-0.617,-0.4154,-0.5347,-0.5467,0.2556,GO_GOAL
15.48,-0.5402,-0.5458,0.6194,-0.617,-0.4154,-0.5347,-0.5467,0.2564,GO_GOAL
15.5,-0.5373,-0.5437,0.6194,-0.6143,-0.4131,-0.5347,-0.5467,0.2574,GO_GOAL
15.52,-0.5344,-0.5416,0.6194,-0.6089,-0.4083,-0.52,-0.5362,0.2583,GO_GOAL
15.54,-0.5314,-0.5395,0.6194,-0.6062,-0.406,-0.52,-0.5362,0.2592,GO_GOAL
15.56,-0.5285,-0.5374,0.6194,-0.6062,-0.406,-0.52,-0.5362,0.2602,GO_GOAL
15.58,-0.5256,-0.5353,0.6194,-0.6035,-0.4036,-0.52,-0.5362,0.2612,GO_GOAL
15.6,-0.5227,-0.5332,0.6194,-0.6007,-0.4012,-0.52,-0.5362,0.2622,GO_GOAL
15.62,-0.5197,-0.5312,0.6194,-0.598,-0.3989,-0.5054,-0.5258,0.2633,GO_GOAL
15.64,-0.5168,-0.5291,0.6194,-0.5953,-0.3965,-0.5054,-0.5258,0.2643,GO_GOAL
15.66,-0.5139,-0.527,0.6194,-0.5926,-0.3941,-0.5054,-0.5258,0.2654,GO_GOAL
15.68,-0.5109,-0.5249,0.6194,-0.5872,-0.3894,-0.5054,-0.5258,0.2665,GO_GOAL
15.7,-0.508,-0.5228,0.6194,-0.5872,-0.3894,-0.5054,-0.5258,0.2676,GO_GOAL
15.72,-0.5051,-0.5207,0.6194,-0.5818,-0.3847,-0.4907,-0.5153,0.2687,GO_GOAL
15.74,-0.5022,-0.5186,0.6194,-0.5818,-0.3847,-0.4907,-0.5153,0.2699,GO_GOAL
15.76,-0.4992,-0.5165,0.6194,-0.579,-0.3823,-0.4907,-0.5153,0.2711,GO_GOAL
15.78,-0.4963,-0.5144,0.6194,-0.5763,-0.3799,-0.4907,-0.5153,0.2723,GO_GOAL
15.8,-0.4934,-0.5124,0.6194,-0.5736,-0.3776,-0.4907,-0.5153,0.2735,GO_GOAL
15.82,-0.4904,-0.5103,0.6194,-0.5709,-0.3752,-0.4761,-0.5049,0.2747,GO_GOAL
15.84,-0.4875,-0.5082,0.6194,-0.5682,-0.3728,-0.4761,-0.5049,0.276,GO_GOAL
15.86,-0.4846,-0.5061,0.6194,-0.5655,-0.3705,-0.4761,-0.5049,0.2773,GO_GOAL
15.88,-0.4816,-0.504,0.6194,-0.5601,-0.3657,-0.4761,-0.5049,0.2786,GO_GOAL
15.9,-0.4787,-0.5019,0.6194,-0.5601,-0.3657,-0.4761,-0.5049,0.2799,GO_GOAL
15.92,-0.4758,-0.4998,0.6194,-0.5574,-0.3634,-0.4585,-0.4923,0.2812,GO_GOAL
15.94,-0.4728,-0.4977,0.6194,-0.5519,-0.3586,-0.4585,-0.4923,0.2826,GO_GOAL
15.96,-0.4699,-0.4956,0.6194,-0.5492,-0.3563,-0.4585,-0.4923,0.284,GO_GOAL
15.98,-0.467,-0.4935,0.6194,-0.5492,-0.3563,-0.4585,-0.4923,0.2853,GO_GOAL
16.0,-0.464,-0.4915,0.6194,-0.5465,-0.3539,-0.4585,-0.4923,0.2868,GO_GOAL
16.02,-0.4611,-0.4894,0.6194,-0.5411,-0.3492,-0.4467,-0.484,0.2882,GO_GOAL
16.04,-0.4582,-0.4873,0.6194,-0.5411,-0.3492,-0.4467,-0.484,0.2896,GO_GOAL
16.06,-0.4553,-0.4852,0.6194,-0.5384,-0.3468,-0.4467,-0.484,0.2911,GO_GOAL
16.08,-0.4523,-0.4831,0.6194,-0.5357,-0.3444,-0.4467,-0.484,0.2926,GO_GOAL
16.1,-0.4494,-0.481,0.6194,-0.5329,-0.3421,-0.4467,-0.484,0.2941,GO_GOAL
16.12,-0.4465,-0.4789,0.6194,-0.5302,-0.3397,-0.4321,-0.4735,0.2956,GO_GOAL
16.14,-0.4435,-0.4768,0.6194,-0.5248,-0.335,-0.4321,-0.4735,0.2971,GO_GOAL
16.16,-0.4406,-0.4747,0.6194,-0.5248,-0.335,-0.4321,-0.4735,0.2987,GO_GOAL
16.18,-0.4377,-0.4726,0.6194,-0.5221,-0.3326,-0.4321,-0.4735,0.3002,GO_GOAL
16.2,-0.4347,-0.4706,0.6194,-0.5194,-0.3302,-0.4321,-0.4735,0.3018,GO_GOAL
16.22,-0.4318,-0.4685,0.6194,-0.5167,-0.3279,-0.4174,-0.463,0.3034,GO_GOAL
16.24,-0.4289,-0.4664,0.6194,-0.514,-0.3255,-0.4174,-0.463,0.3051,GO_GOAL
16.26,-0.4259,-0.4643,0.6194,-0.5112,-0.3231,-0.4174,-0.463,0.3067,GO_GOAL
16.28,-0.423,-0.4622,0.6194,-0.5058,-0.3184,-0.4174,-0.463,0.3084,GO_GOAL
16.3,-0.4201,-0.4601,0.6194,-0.5058,-0.3184,-0.4174,-0.463,0.31,GO_GOAL
16.32,-0.4171,-0.458,0.6194,-0.5031,-0.316,-0.4028,-0.4526,0.3117,GO_GOAL
16.34,-0.4142,-0.4559,0.6194,-0.5004,-0.3137,-0.4028,-0.4526,0.3134,GO_GOAL
16.36,-0.4113,-0.4538,0.6194,-0.4977,-0.3113,-0.4028,-0.4526,0.3151,GO_GOAL
16.38,-0.4084,-0.4517,0.6194,-0.495,-0.3089,-0.4028,-0.4526,0.3169,GO_GOAL
16.4,-0.4054,-0.4497,0.6194,-0.4923,-0.3066,-0.4028,-0.4526,0.3186,GO_GOAL
16.42,-0.4025,-0.4476,0.6194,-0.4895,-0.3042,-0.3881,-0.4421,0.3204,GO_GOAL
16.44,-0.3996,-0.4455,0.6194,-0.4868,-0.3018,-0.3881,-0.4421,0.3222,GO_GOAL
16.46,-0.3966,-0.4434,0.6194,-0.4841,-0.2995,-0.3881,-0.4421,0.324,GO_GOAL
16.48,-0.3937,-0.4413,0.6194,-0.4814,-0.2971,-0.3881,-0.4421,0.3258,GO_GOAL
16.5,-0.3908,-0.4392,0.6194,-0.4787,-0.2947,-0.3881,-0.4421,0.3276,GO_GOAL
16.52,-0.3878,-0.4371,0.6194,-0.476,-0.2924,-0.3735,-0.4317,0.3295,GO_GOAL
16.54,-0.3849,-0.435,0.6194,-0.4733,-0.29,-0.3735,-0.4317,0.3313,GO_GOAL
16.56,-0.382,-0.4329,0.6194,-0.4706,-0.2876,-0.3735,-0.4317,0.3332,GO_GOAL
16.58,-0.379,-0.4308,0.6194,-0.4651,-0.2829,-0.3735,-0.4317,0.3351,GO_GOAL
16.6,-0.3761,-0.4288,0.6194,-0.4651,-0.2829,-0.3588,-0.4212,0.337,GO_GOAL
16.62,-0.3732,-0.4267,0.6194,-0.4624,-0.2805,-0.3588,-0.4212,0.3389,GO_GOAL
16.64,-0.3702,-0.4246,0.6194,-0.4597,-0.2781,-0.3588,-0.4212,0.3408,GO_GOAL
16.66,-0.3673,-0.4225,0.6194,-0.457,-0.2758,-0.3588,-0.4212,0.3428,GO_GOAL
16.68,-0.3644,-0.4204,0.6194,-0.4516,-0.271,-0.3588,-0.4212,0.3447,GO_GOAL
16.7,-0.3615,-0.4183,0.6194,-0.4516,-0.271,-0.3588,-0.4212,0.3467,GO_GOAL
16.72,-0.3585,-0.4162,0.6194,-0.4489,-0.2687,-0.3442,-0.4108,0.3487,GO_GOAL
16.74,-0.3556,-0.4141,0.6194,-0.4434,-0.2639,-0.3442,-0.4108,0.3507,GO_GOAL
16.76,-0.3527,-0.412,0.6194,-0.4434,-0.2639,-0.3442,-0.4108,0.3527,GO_GOAL
16.78,-0.3497,-0.4099,0.6194,-0.4407,-0.2616,-0.3442,-0.4108,0.3547,GO_GOAL
16.8,-0.3468,-0.4078,0.6194,-0.438,-0.2592,-0.3442,-0.4108,0.3568,GO_GOAL
16.82,-0.3439,-0.4058,0.6194,-0.4353,-0.2568,-0.3295,-0.4003,0.3588,GO_GOAL
16.84,-0.3409,-0.4037,0.6194,-0.4326,-0.2545,-0.3295,-0.4003,0.3609,GO_GOAL
16.86,-0.338,-0.4016,0.6194,-0.4299,-0.2521,-0.3295,-0.4003,0.363,GO_GOAL
16.88,-0.3351,-0.3995,0.6194,-0.4272,-0.2497,-0.3295,-0.4003,0.3651,GO_GOAL
16.9,-0.3321,-0.3974,0.6194,-0.4244,-0.2474,-0.3295,-0.4003,0.3672,GO_GOAL
16.92,-0.3292,-0.3953,0.6194,-0.4217,-0.245,-0.3149,-0.3899,0.3693,GO_GOAL
16.94,-0.3263,-0.3932,0.6194,-0.419,-0.2426,-0.3149,-0.3899,0.3714,GO_GOAL
16.96,-0.3233,-0.3911,0.6194,-0.4163,-0.2403,-0.3149,-0.3899,0.3736,GO_GOAL
16.98,-0.3204,-0.389,0.6194,-0.4136,-0.2379,-0.3149,-0.3899,0.3757,GO_GOAL
17.0,-0.3175,-0.3869,0.6194,-0.4109,-0.2355,-0.3149,-0.3899,0.3766,GO_GOAL
17.02,-0.3146,-0.3849,0.6194,-0.4082,-0.2332,-0.3002,-0.3794,0.377,GO_GOAL
17.04,-0.3116,-0.3828,0.6194,-0.4055,-0.2308,-0.3002,-0.3794,0.3773,GO_GOAL
17.06,-0.3087,-0.3807,0.6194,-0.4027,-0.2284,-0.3002,-0.3794,0.3777,GO_GOAL
17.08,-0.3058,-0.3786,0.6194,-0.3973,-0.2237,-0.3002,-0.3794,0.3781,GO_GOAL
17.1,-0.3028,-0.3765,0.6194,-0.3973,-0.2237,-0.3002,-0.3794,0.3785,GO_GOAL
17.12,-0.2999,-0.3744,0.6194,-0.3946,-0.2213,-0.2856,-0.3689,0.379,GO_GOAL
17.14,-0.297,-0.3723,0.6194,-0.3919,-0.219,-0.2856,-0.3689,0.3795,GO_GOAL
17.16,-0.294,-0.3702,0.6194,-0.3892,-0.2166,-0.2856,-0.3689,0.3799,GO_GOAL
17.18,-0.2911,-0.3681,0.6194,-0.3865,-0.2142,-0.2856,-0.3689,0.3804,GO_GOAL
17.2,-0.2882,-0.366,0.6194,-0.3838,-0.2119,-0.2856,-0.3689,0.381,GO_GOAL
17.22,-0.2852,-0.364,0.6194,-0.381,-0.2095,-0.2709,-0.3585,0.3815,GO_GOAL
17.24,-0.2823,-0.3619,0.6194,-0.3783,-0.2071,-0.2709,-0.3585,0.3821,GO_GOAL
17.26,-0.2794,-0.3598,0.6194,-0.3756,-0.2048,-0.2709,-0.3585,0.3826,GO_GOAL
17.28,-0.2765,-0.3577,0.6194,-0.3729,-0.2024,-0.2709,-0.3585,0.3832,GO_GOAL
17.3,-0.2735,-0.3556,0.6194,-0.3702,-0.2,-0.2709,-0.3585,0.3838,GO_GOAL
17.32,-0.2706,-0.3535,0.6194,-0.3675,-0.1977,-0.2563,-0.348,0.3845,GO_GOAL
17.34,-0.2677,-0.3514,0.6194,-0.3648,-0.1953,-0.2563,-0.348,0.3851,GO_GOAL
17.36,-0.2647,-0.3493,0.6194,-0.3621,-0.1929,-0.2563,-0.348,0.3858,GO_GOAL
17.38,-0.2618,-0.3472,0.6194,-0.3593,-0.1906,-0.2563,-0.348,0.3865,GO_GOAL
17.4,-0.2589,-0.3451,0.6194,-0.3566,-0.1882,-0.2563,-0.348,0.3872,GO_GOAL
17.42,-0.2559,-0.3431,0.6194,-0.3539,-0.1858,-0.2416,-0.3376,0.3879,GO_GOAL
17.44,-0.253,-0.341,0.6194,-0.3512,-0.1835,-0.2416,-0.3376,0.3886,GO_GOAL
17.46,-0.2501,-0.3389,0.6194,-0.3485,-0.1811,-0.2416,-0.3376,0.3894,GO_GOAL
17.48,-0.2471,-0.3368,0.6194,-0.3458,-0.1787,-0.2416,-0.3376,0.3901,GO_GOAL
17.5,-0.2442,-0.3347,0.6194,-0.3431,-0.1764,-0.2416,-0.3376,0.3909,GO_GOAL
17.52,-0.2413,-0.3326,0.6194,-0.3404,-0.174,-0.227,-0.3271,0.3917,GO_GOAL
17.54,-0.2383,-0.3305,0.6194,-0.3349,-0.1693,-0.227,-0.3271,0.3926,GO_GOAL
17.56,-0.2354,-0.3284,0.6194,-0.3322,-0.1669,-0.227,-0.3271,0.3934,GO_GOAL
17.58,-0.2325,-0.3263,0.6194,-0.3322,-0.1669,-0.227,-0.3271,0.3943,GO_GOAL
17.6,-0.2296,-0.3242,0.6194,-0.3295,-0.1645,-0.2123,-0.3167,0.3951,GO_GOAL
17.62,-0.2266,-0.3222,0.6194,-0.3268,-0.1622,-0.2123,-0.3167,0.396,GO_GOAL
17.64,-0.2237,-0.3201,0.6194,-0.3241,-0.1598,-0.2123,-0.3167,0.3969,GO_GOAL
17.66,-0.2208,-0.318,0.6194,-0.3214,-0.1574,-0.2123,-0.3167,0.3979,GO_GOAL
17.68,-0.2178,-0.3159,0.6194,-0.3159,-0.1527,-0.2123,-0.3167,0.3988,GO_GOAL
17.7,-0.2149,-0.3138,0.6194,-0.3159,-0.1527,-0.2123,-0.3167,0.3998,GO_GOAL
17.72,-0.212,-0.3117,0.6194,-0.3132,-0.1503,-0.1947,-0.3041,0.4008,GO_GOAL
17.74,-0.209,-0.3096,0.6194,-0.3105,-0.148,-0.1947,-0.3041,0.4017,GO_GOAL
17.76,-0.2061,-0.3075,0.6194,-0.3078,-0.1456,-0.1947,-0.3041,0.4028,GO_GOAL
17.78,-0.2032,-0.3054,0.6194,-0.3051,-0.1432,-0.1947,-0.3041,0.4038,GO_GOAL
17.8,-0.2002,-0.3033,0.6194,-0.3024,-0.1409,-0.1947,-0.3041,0.4048,GO_GOAL
17.82,-0.1973,-0.3013,0.6194,-0.2997,-0.1385,-0.183,-0.2958,0.4059,GO_GOAL
17.84,-0.1944,-0.2992,0.6194,-0.297,-0.1361,-0.183,-0.2958,0.407,GO_GOAL
17.86,-0.1914,-0.2971,0.6194,-0.2915,-0.1314,-0.183,-0.2958,0.4081,GO_GOAL
17.88,-0.1885,-0.295,0.6194,-0.2915,-0.1314,-0.183,-0.2958,0.4092,GO_GOAL
17.9,-0.1856,-0.2929,0.6194,-0.2888,-0.129,-0.183,-0.2958,0.4103,GO_GOAL
17.92,-0.1827,-0.2908,0.6194,-0.2861,-0.1267,-0.1654,-0.2832,0.4115,GO_GOAL
17.94,-0.1797,-0.2887,0.6194,-0.2834,-0.1243,-0.1654,-0.2832,0.4126,GO_GOAL
17.96,-0.1768,-0.2866,0.6194,-0.2807,-0.1219,-0.1654,-0.2832,0.4138,GO_GOAL
17.98,-0.1739,-0.2845,0.6194,-0.278,-0.1196,-0.1654,-0.2832,0.415,GO_GOAL
18.002,-0.1709,-0.2824,0.6194,-0.2726,-0.1148,-0.1537,-0.2748,0.4162,GO_GOAL
18.02,-0.168,-0.2804,0.6194,-0.2698,-0.1125,-0.1537,-0.2748,0.4174,GO_GOAL
18.04,-0.1651,-0.2783,0.6194,-0.2698,-0.1125,-0.1537,-0.2748,0.4187,GO_GOAL
18.06,-0.1621,-0.2762,0.6194,-0.2671,-0.1101,-0.1537,-0.2748,0.4199,GO_GOAL
18.08,-0.1592,-0.2741,0.6194,-0.2644,-0.1077,-0.1537,-0.2748,0.4212,GO_GOAL
18.1,-0.1563,-0.272,0.6194,-0.2617,-0.1054,-0.1537,-0.2748,0.4225,GO_GOAL
18.12,-0.1533,-0.2699,0.6194,-0.2563,-0.1006,-0.1391,-0.2644,0.4238,GO_GOAL
18.14,-0.1504,-0.2678,0.6194,-0.2563,-0.1006,-0.1391,-0.2644,0.4251,GO_GOAL
18.16,-0.1475,-0.2657,0.6194,-0.2536,-0.0983,-0.1391,-0.2644,0.4264,GO_GOAL
18.18,-0.1445,-0.2636,0.6194,-0.2509,-0.0959,-0.1391,-0.2644,0.4278,GO_GOAL
18.2,-0.1416,-0.2615,0.6194,-0.2481,-0.0935,-0.1391,-0.2644,0.4291,GO_GOAL
18.22,-0.1387,-0.2595,0.6194,-0.2454,-0.0911,-0.1244,-0.2539,0.4305,GO_GOAL
18.24,-0.1358,-0.2574,0.6194,-0.2427,-0.0888,-0.1244,-0.2539,0.4319,GO_GOAL
18.26,-0.1328,-0.2553,0.6194,-0.24,-0.0864,-0.1244,-0.2539,0.4333,GO_GOAL
18.28,-0.1299,-0.2532,0.6194,-0.2373,-0.084,-0.1244,-0.2539,0.4347,GO_GOAL
18.3,-0.127,-0.2511,0.6194,-0.2346,-0.0817,-0.1098,-0.2435,0.4362,GO_GOAL
18.32,-0.124,-0.249,0.6194,-0.2292,-0.0769,-0.1098,-0.2435,0.4376,GO_GOAL
18.34,-0.1211,-0.2469,0.6194,-0.2292,-0.0769,-0.1098,-0.2435,0.4391,GO_GOAL
18.36,-0.1182,-0.2448,0.6194,-0.2264,-0.0746,-0.1098,-0.2435,0.4406,GO_GOAL
18.38,-0.1152,-0.2427,0.6194,-0.2237,-0.0722,-0.1098,-0.2435,0.4421,GO_GOAL
18.4,-0.1123,-0.2406,0.6194,-0.2183,-0.0675,-0.1098,-0.2435,0.4436,GO_GOAL
18.42,-0.1094,-0.2386,0.6194,-0.2183,-0.0675,-0.0922,-0.2309,0.4451,GO_GOAL
18.44,-0.1064,-0.2365,0.6194,-0.2156,-0.0651,-0.0922,-0.2309,0.4466,GO_GOAL
18.46,-0.1035,-0.2344,0.6194,-0.2129,-0.0627,-0.0922,-0.2309,0.4482,GO_GOAL
18.48,-0.1006,-0.2323,0.6194,-0.2102,-0.0604,-0.0922,-0.2309,0.4498,GO_GOAL
18.5,-0.0976,-0.2302,0.6194,-0.2075,-0.058,-0.0922,-0.2309,0.4513,GO_GOAL
18.52,-0.0947,-0.2281,0.6194,-0.2047,-0.0556,-0.0804,-0.2226,0.4529,GO_GOAL
18.54,-0.0918,-0.226,0.6194,-0.202,-0.0533,-0.0804,-0.2226,0.4545,GO_GOAL
18.56,-0.0889,-0.2239,0.6194,-0.1993,-0.0509,-0.0804,-0.2226,0.4562,GO_GOAL
18.58,-0.0859,-0.2218,0.6194,-0.1966,-0.0485,-0.0804,-0.2226,0.4578,GO_GOAL
18.6,-0.083,-0.2197,0.6194,-0.1939,-0.0462,-0.0804,-0.2226,0.4594,GO_GOAL
18.62,-0.0801,-0.2177,0.6194,-0.1885,-0.0414,-0.0658,-0.2121,0.4611,GO_GOAL
18.64,-0.0771,-0.2156,0.6194,-0.1885,-0.0414,-0.0658,-0.2121,0.4628,GO_GOAL
18.66,-0.0742,-0.2135,0.6194,-0.1858,-0.0391,-0.0658,-0.2121,0.4645,GO_GOAL
18.68,-0.0713,-0.2114,0.6194,-0.183,-0.0367,-0.0658,-0.2121,0.4662,GO_GOAL
18.7,-0.0683,-0.2093,0.6194,-0.1803,-0.0343,-0.0658,-0.2121,0.4679,GO_GOAL
18.72,-0.0654,-0.2072,0.6194,-0.1776,-0.032,-0.0511,-0.2017,0.4696,GO_GOAL
18.74,-0.0625,-0.2051,0.6194,-0.1722,-0.0272,-0.0511,-0.2017,0.4713,GO_GOAL
18.76,-0.0595,-0.203,0.6194,-0.1722,-0.0272,-0.0511,-0.2017,0.4731,GO_GOAL
18.78,-0.0566,-0.2009,0.6194,-0.1695,-0.0249,-0.0511,-0.2017,0.4748,GO_GOAL
18.8,-0.0537,-0.1988,0.6194,-0.1668,-0.0225,-0.0511,-0.2017,0.4766,GO_GOAL
18.82,-0.0507,-0.1968,0.6194,-0.1641,-0.0201,-0.0365,-0.1912,0.4784,GO_GOAL
18.84,-0.0478,-0.1947,0.6194,-0.1613,-0.0178,-0.0365,-0.1912,0.4802,GO_GOAL
18.86,-0.0449,-0.1926,0.6194,-0.1586,-0.0154,-0.0365,-0.1912,0.482,GO_GOAL
18.88,-0.042,-0.1905,0.6194,-0.1559,-0.013,-0.0365,-0.1912,0.4839,GO_GOAL
18.9,-0.039,-0.1884,0.6194,-0.1532,-0.0107,-0.0365,-0.1912,0.4857,GO_GOAL
18.92,-0.0361,-0.1863,0.6194,-0.1505,-0.0083,-0.0218,-0.1807,0.4875,GO_GOAL
18.94,-0.0332,-0.1842,0.6194,-0.1451,-0.0036,-0.0218,-0.1807,0.4894,GO_GOAL
18.96,-0.0302,-0.1821,0.6194,-0.1451,-0.0036,-0.0218,-0.1807,0.4913,GO_GOAL
18.98,-0.0273,-0.18,0.6194,-0.1424,-0.0012,-0.0218,-0.1807,0.4932,GO_GOAL
19.0,-0.0244,-0.1779,0.6194,-0.1396,0.0012,-0.0218,-0.1807,0.4951,GO_GOAL
19.02,-0.0214,-0.1759,0.6194,-0.1369,0.0035,-0.0072,-0.1703,0.497,GO_GOAL
19.04,-0.0185,-0.1738,0.6194,-0.1315,0.0083,-0.0072,-0.1703,0.4989,GO_GOAL
19.06,-0.0156,-0.1717,0.6194,-0.1315,0.0083,-0.0072,-0.1703,0.5008,GO_GOAL
19.08,-0.0126,-0.1696,0.6194,-0.1288,0.0106,-0.0072,-0.1703,0.5028,GO_GOAL
19.1,-0.0097,-0.1675,0.6194,-0.1261,0.013,-0.0072,-0.1703,0.5047,GO_GOAL
19.12,-0.0068,-0.1654,0.6194,-0.1234,0.0154,0.0075,-0.1598,0.5067,GO_GOAL
19.14,-0.0039,-0.1633,0.6194,-0.1207,0.0177,0.0075,-0.1598,0.505,GO_GOAL
19.16,-0.0009,-0.1612,0.6194,-0.1179,0.0201,0.0075,-0.1598,0.5022,GO_GOAL
19.18,0.002,-0.1591,0.6194,-0.1152,0.0225,0.0075,-0.1598,0.4993,GO_GOAL
19.2,0.0049,-0.157,0.6194,-0.1098,0.0272,0.0221,-0.1494,0.4965,GO_GOAL
19.22,0.0079,-0.155,0.6194,-0.1071,0.0296,0.0221,-0.1494,0.4937,GO_GOAL
19.24,0.0108,-0.1529,0.6194,-0.1044,0.0319,0.0221,-0.1494,0.4909,GO_GOAL
19.26,0.0137,-0.1508,0.6194,-0.1044,0.0319,0.0221,-0.1494,0.4881,GO_GOAL
19.28,0.0167,-0.1487,0.6194,-0.1017,0.0343,0.0221,-0.1494,0.4853,GO_GOAL
19.3,0.0196,-0.1466,0.6194,-0.099,0.0367,0.0221,-0.1494,0.4825,GO_GOAL
19.32,0.0225,-0.1445,0.6194,-0.0962,0.039,0.0368,-0.1389,0.4798,GO_GOAL
19.34,0.0255,-0.1424,0.6194,-0.0935,0.0414,0.0368,-0.1389,0.477,GO_GOAL
19.36,0.0284,-0.1403,0.6194,-0.0881,0.0461,0.0368,-0.1389,0.4742,GO_GOAL
19.38,0.0313,-0.1382,0.6194,-0.0881,0.0461,0.0368,-0.1389,0.4715,GO_GOAL
19.4,0.0343,-0.1361,0.6194,-0.0854,0.0485,0.0368,-0.1389,0.4687,GO_GOAL
19.42,0.0372,-0.1341,0.6194,-0.0827,0.0509,0.0514,-0.1285,0.466,GO_GOAL
19.44,0.0401,-0.132,0.6194,-0.0773,0.0556,0.0514,-0.1285,0.4632,GO_GOAL
19.46,0.043,-0.1299,0.6194,-0.0745,0.058,0.0514,-0.1285,0.4605,GO_GOAL
19.48,0.046,-0.1278,0.6194,-0.0745,0.058,0.0514,-0.1285,0.4578,GO_GOAL
19.5,0.0489,-0.1257,0.6194,-0.0718,0.0603,0.0514,-0.1285,0.4551,GO_GOAL
19.52,0.0518,-0.1236,0.6194,-0.0691,0.0627,0.0661,-0.118,0.4524,GO_GOAL
19.54,0.0548,-0.1215,0.6194,-0.0637,0.0674,0.0661,-0.118,0.4497,GO_GOAL
19.56,0.0577,-0.1194,0.6194,-0.061,0.0698,0.0661,-0.118,0.447,GO_GOAL
19.58,0.0606,-0.1173,0.6194,-0.061,0.0698,0.0661,-0.118,0.4443,GO_GOAL
19.6,0.0636,-0.1152,0.6194,-0.0583,0.0722,0.0661,-0.118,0.4416,GO_GOAL
19.62,0.0665,-0.1132,0.6194,-0.0528,0.0769,0.0807,-0.1076,0.4389,GO_GOAL
19.64,0.0694,-0.1111,0.6194,-0.0528,0.0769,0.0807,-0.1076,0.4363,GO_GOAL
19.66,0.0724,-0.109,0.6194,-0.0474,0.0816,0.0807,-0.1076,0.4336,GO_GOAL
19.68,0.0753,-0.1069,0.6194,-0.0447,0.084,0.0807,-0.1076,0.431,GO_GOAL
19.7,0.0782,-0.1048,0.6194,-0.0447,0.084,0.0807,-0.1076,0.4283,GO_GOAL
19.72,0.0812,-0.1027,0.6194,-0.042,0.0864,0.0954,-0.0971,0.4257,GO_GOAL
19.74,0.0841,-0.1006,0.6194,-0.0393,0.0887,0.0954,-0.0971,0.4231,GO_GOAL
19.76,0.087,-0.0985,0.6194,-0.0366,0.0911,0.0954,-0.0971,0.4205,GO_GOAL
19.78,0.0899,-0.0964,0.6194,-0.0339,0.0935,0.0954,-0.0971,0.4179,GO_GOAL
19.8,0.0929,-0.0943,0.6194,-0.0311,0.0958,0.0954,-0.0971,0.4153,GO_GOAL
19.82,0.0958,-0.0923,0.6194,-0.0284,0.0982,0.11,-0.0866,0.4127,GO_GOAL
19.84,0.0987,-0.0902,0.6194,-0.023,0.1029,0.11,-0.0866,0.4101,GO_GOAL
19.86,0.1017,-0.0881,0.6194,-0.023,0.1029,0.11,-0.0866,0.4075,GO_GOAL
19.88,0.1046,-0.086,0.6194,-0.0203,0.1053,0.11,-0.0866,0.405,GO_GOAL
19.9,0.1075,-0.0839,0.6194,-0.0176,0.1077,0.11,-0.0866,0.4024,GO_GOAL
19.92,0.1105,-0.0818,0.6194,-0.0149,0.1101,0.1247,-0.0762,0.3999,GO_GOAL
19.94,0.1134,-0.0797,0.6194,-0.0122,0.1124,0.1247,-0.0762,0.3973,GO_GOAL
19.96,0.1163,-0.0776,0.6194,-0.0094,0.1148,0.1247,-0.0762,0.3948,GO_GOAL
19.98,0.1193,-0.0755,0.6194,-0.0067,0.1172,0.1247,-0.0762,0.3923,GO_GOAL
20.0,0.1222,-0.0734,0.6194,-0.004,0.1195,0.1247,-0.0762,0.3898,GO_GOAL
20.02,0.1251,-0.0714,0.6194,-0.0013,0.1219,0.1393,-0.0657,0.3873,GO_GOAL
20.04,0.1281,-0.0693,0.6194,0.0014,0.1243,0.1393,-0.0657,0.3848,GO_GOAL
20.06,0.131,-0.0672,0.6194,0.0041,0.1266,0.1393,-0.0657,0.3823,GO_GOAL
20.08,0.1339,-0.0651,0.6194,0.0068,0.129,0.1393,-0.0657,0.3798,GO_GOAL
20.1,0.1368,-0.063,0.6194,0.0095,0.1314,0.1393,-0.0657,0.3774,GO_GOAL
20.12,0.1398,-0.0609,0.6194,0.0122,0.1337,0.154,-0.0553,0.3749,GO_GOAL
20.14,0.1427,-0.0588,0.6194,0.015,0.1361,0.154,-0.0553,0.3725,GO_GOAL
20.16,0.1456,-0.0567,0.6194,0.0204,0.1408,0.154,-0.0553,0.3701,GO_GOAL
20.18,0.1486,-0.0546,0.6194,0.0231,0.1432,0.154,-0.0553,0.3677,GO_GOAL
20.2,0.1515,-0.0525,0.6194,0.0231,0.1432,0.154,-0.0553,0.3653,GO_GOAL
20.22,0.1544,-0.0505,0.6194,0.0258,0.1456,0.1716,-0.0427,0.3629,GO_GOAL
20.24,0.1574,-0.0484,0.6194,0.0285,0.1479,0.1716,-0.0427,0.3605,GO_GOAL
20.26,0.1603,-0.0463,0.6194,0.0312,0.1503,0.1716,-0.0427,0.3581,GO_GOAL
20.28,0.1632,-0.0442,0.6194,0.0339,0.1527,0.1716,-0.0427,0.3557,GO_GOAL
20.3,0.1662,-0.0421,0.6194,0.0367,0.155,0.1716,-0.0427,0.3534,GO_GOAL
20.32,0.1691,-0.04,0.6194,0.0394,0.1574,0.1833,-0.0344,0.351,GO_GOAL
20.34,0.172,-0.0379,0.6194,0.0421,0.1598,0.1833,-0.0344,0.3487,GO_GOAL
20.36,0.175,-0.0358,0.6194,0.0475,0.1645,0.1833,-0.0344,0.3464,GO_GOAL
20.38,0.1779,-0.0337,0.6194,0.0502,0.1669,0.1833,-0.0344,0.3441,GO_GOAL
20.4,0.1808,-0.0316,0.6194,0.0502,0.1669,0.1833,-0.0344,0.3418,GO_GOAL
20.42,0.1837,-0.0296,0.6194,0.0529,0.1692,0.1979,-0.0239,0.3395,GO_GOAL
20.44,0.1867,-0.0275,0.6194,0.0556,0.1716,0.1979,-0.0239,0.3372,GO_GOAL
20.46,0.1896,-0.0254,0.6194,0.0611,0.1763,0.1979,-0.0239,0.335,GO_GOAL
20.48,0.1925,-0.0233,0.6194,0.0611,0.1763,0.1979,-0.0239,0.3327,GO_GOAL
20.5,0.1955,-0.0212,0.6194,0.0638,0.1787,0.1979,-0.0239,0.3305,GO_GOAL
20.52,0.1984,-0.0191,0.6194,0.0665,0.1811,0.2126,-0.0135,0.3283,GO_GOAL
20.54,0.2013,-0.017,0.6194,0.0692,0.1834,0.2126,-0.0135,0.3261,GO_GOAL
20.56,0.2043,-0.0149,0.6194,0.0746,0.1882,0.2126,-0.0135,0.3239,GO_GOAL
20.58,0.2072,-0.0128,0.6194,0.0746,0.1882,0.2126,-0.0135,0.3217,GO_GOAL
20.6,0.2101,-0.0107,0.6194,0.0773,0.1905,0.2126,-0.0135,0.3195,GO_GOAL
20.62,0.2131,-0.0087,0.6194,0.0801,0.1929,0.2272,-0.003,0.3174,GO_GOAL
20.64,0.216,-0.0066,0.6194,0.0855,0.1976,0.2272,-0.003,0.3152,GO_GOAL
20.66,0.2189,-0.0045,0.6194,0.0855,0.1976,0.2272,-0.003,0.3131,GO_GOAL
20.68,0.2219,-0.0024,0.6194,0.0909,0.2024,0.2272,-0.003,0.311,GO_GOAL
20.7,0.2248,-0.0003,0.6194,0.0936,0.2047,0.2272,-0.003,0.3089,GO_GOAL
20.72,0.2277,0.0018,0.6194,0.0936,0.2047,0.2419,0.0075,0.3068,GO_GOAL
20.74,0.2306,0.0039,0.6194,0.0963,0.2071,0.2419,0.0075,0.3047,GO_GOAL
20.76,0.2336,0.006,0.6194,0.099,0.2095,0.2419,0.0075,0.3027,GO_GOAL
20.78,0.2365,0.0081,0.6194,0.1018,0.2118,0.2419,0.0075,0.3006,GO_GOAL
20.8,0.2394,0.0102,0.6194,0.1045,0.2142,0.2419,0.0075,0.2986,GO_GOAL
20.82,0.2424,0.0122,0.6194,0.1072,0.2166,0.2566,0.0179,0.2966,GO_GOAL
20.84,0.2453,0.0143,0.6194,0.1099,0.2189,0.2566,0.0179,0.2946,GO_GOAL
20.86,0.2482,0.0164,0.6194,0.1126,0.2213,0.2566,0.0179,0.2926,GO_GOAL
20.88,0.2512,0.0185,0.6194,0.1153,0.2237,0.2566,0.0179,0.2906,GO_GOAL
20.9,0.2541,0.0206,0.6194,0.118,0.226,0.2566,0.0179,0.2886,GO_GOAL
20.92,0.257,0.0227,0.6194,0.1207,0.2284,0.2712,0.0284,0.2867,GO_GOAL
20.94,0.26,0.0248,0.6194,0.1235,0.2308,0.2712,0.0284,0.2848,GO_GOAL
20.96,0.2629,0.0269,0.6194,0.1262,0.2331,0.2712,0.0284,0.2828,GO_GOAL
20.98,0.2658,0.029,0.6194,0.1289,0.2355,0.2712,0.0284,0.281,GO_GOAL
21.0,0.2687,0.0311,0.6194,0.1316,0.2379,0.2712,0.0284,0.2791,GO_GOAL
21.02,0.2717,0.0331,0.6194,0.1343,0.2402,0.2859,0.0388,0.2772,GO_GOAL
21.04,0.2746,0.0352,0.6194,0.137,0.2426,0.2859,0.0388,0.2754,GO_GOAL
21.06,0.2775,0.0373,0.6194,0.1397,0.245,0.2859,0.0388,0.2735,GO_GOAL
21.08,0.2805,0.0394,0.6194,0.1424,0.2473,0.2859,0.0388,0.2717,GO_GOAL
21.1,0.2834,0.0415,0.6194,0.1452,0.2497,0.2859,0.0388,0.2699,GO_GOAL
21.12,0.2863,0.0436,0.6194,0.1506,0.2544,0.3005,0.0493,0.2681,GO_GOAL
21.14,0.2893,0.0457,0.6194,0.1533,0.2568,0.3005,0.0493,0.2664,GO_GOAL
21.16,0.2922,0.0478,0.6194,0.1533,0.2568,0.3005,0.0493,0.2646,GO_GOAL
21.18,0.2951,0.0499,0.6194,0.156,0.2592,0.3005,0.0493,0.2629,GO_GOAL
21.2,0.2981,0.052,0.6194,0.1587,0.2615,0.3005,0.0493,0.2612,GO_GOAL
21.22,0.301,0.054,0.6194,0.1614,0.2639,0.3152,0.0597,0.2595,GO_GOAL
21.24,0.3039,0.0561,0.6194,0.1641,0.2663,0.3152,0.0597,0.2578,GO_GOAL
21.26,0.3069,0.0582,0.6194,0.1669,0.2686,0.3152,0.0597,0.2561,GO_GOAL
21.28,0.3098,0.0603,0.6194,0.1696,0.271,0.3152,0.0597,0.2545,GO_GOAL
21.3,0.3127,0.0624,0.6194,0.1723,0.2734,0.3152,0.0597,0.2529,GO_GOAL
21.32,0.3156,0.0645,0.6194,0.175,0.2757,0.3298,0.0702,0.2513,GO_GOAL
21.34,0.3186,0.0666,0.6194,0.1804,0.2805,0.3298,0.0702,0.2497,GO_GOAL
21.36,0.3215,0.0687,0.6194,0.1831,0.2828,0.3298,0.0702,0.2481,GO_GOAL
21.38,0.3244,0.0708,0.6194,0.1831,0.2828,0.3298,0.0702,0.2466,GO_GOAL
21.4,0.3274,0.0729,0.6194,0.1858,0.2852,0.3298,0.0702,0.245,GO_GOAL
21.42,0.3303,0.0749,0.6194,0.1913,0.2899,0.3474,0.0827,0.2435,GO_GOAL
21.44,0.3332,0.077,0.6194,0.1913,0.2899,0.3474,0.0827,0.242,GO_GOAL
21.46,0.3362,0.0791,0.6194,0.194,0.2923,0.3474,0.0827,0.2406,GO_GOAL
21.48,0.3391,0.0812,0.6194,0.1967,0.2947,0.3474,0.0827,0.2391,GO_GOAL
21.5,0.342,0.0833,0.6194,0.1994,0.297,0.3474,0.0827,0.2377,GO_GOAL
21.52,0.345,0.0854,0.6194,0.2021,0.2994,0.3591,0.0911,0.2363,GO_GOAL
21.54,0.3479,0.0875,0.6194,0.2075,0.3041,0.3591,0.0911,0.2349,GO_GOAL
21.56,0.3508,0.0896,0.6194,0.2075,0.3041,0.3591,0.0911,0.2335,GO_GOAL
21.58,0.3538,0.0917,0.6194,0.2103,0.3065,0.3591,0.0911,0.2322,GO_GOAL
21.6,0.3567,0.0938,0.6194,0.213,0.3089,0.3591,0.0911,0.2308,GO_GOAL
21.62,0.3596,0.0958,0.6194,0.2184,0.3136,0.3738,0.1016,0.2295,GO_GOAL
21.64,0.3625,0.0979,0.6194,0.2184,0.3136,0.3738,0.1016,0.2282,GO_GOAL
21.66,0.3655,0.1,0.6194,0.2211,0.316,0.3738,0.1016,0.227,GO_GOAL
21.68,0.3684,0.1021,0.6194,0.2238,0.3184,0.3738,0.1016,0.2257,GO_GOAL
21.7,0.3713,0.1042,0.6194,0.2265,0.3207,0.3738,0.1016,0.2245,GO_GOAL
21.72,0.3743,0.1063,0.6194,0.2292,0.3231,0.3884,0.112,0.2233,GO_GOAL
21.74,0.3772,0.1084,0.6194,0.232,0.3255,0.3884,0.112,0.2221,GO_GOAL
21.76,0.3801,0.1105,0.6194,0.2347,0.3278,0.3884,0.112,0.221,GO_GOAL
21.78,0.3831,0.1126,0.6194,0.2374,0.3302,0.3884,0.112,0.2198,GO_GOAL
21.8,0.386,0.1147,0.6194,0.2401,0.3326,0.3884,0.112,0.2187,GO_GOAL
21.82,0.3889,0.1167,0.6194,0.2428,0.3349,0.4031,0.1225,0.2176,GO_GOAL
21.84,0.3919,0.1188,0.6194,0.2455,0.3373,0.4031,0.1225,0.2165,GO_GOAL
21.86,0.3948,0.1209,0.6194,0.2482,0.3397,0.4031,0.1225,0.2155,GO_GOAL
21.88,0.3977,0.123,0.6194,0.2509,0.342,0.4031,0.1225,0.2145,GO_GOAL
21.9,0.4007,0.1251,0.6194,0.2537,0.3444,0.4031,0.1225,0.2135,GO_GOAL
21.92,0.4036,0.1272,0.6194,0.2564,0.3468,0.4207,0.135,0.2125,GO_GOAL
21.94,0.4065,0.1293,0.6194,0.2618,0.3515,0.4207,0.135,0.2115,GO_GOAL
21.96,0.4094,0.1314,0.6194,0.2618,0.3515,0.4207,0.135,0.2106,GO_GOAL
21.98,0.4124,0.1335,0.6194,0.2645,0.3539,0.4207,0.135,0.2097,GO_GOAL
22.0,0.4153,0.1356,0.6194,0.2672,0.3562,0.4207,0.135,0.2088,GO_GOAL
22.02,0.4182,0.1376,0.6194,0.2726,0.361,0.4324,0.1434,0.2079,GO_GOAL
22.04,0.4212,0.1397,0.6194,0.2726,0.361,0.4324,0.1434,0.2071,GO_GOAL
22.06,0.4241,0.1418,0.6194,0.2754,0.3633,0.4324,0.1434,0.2063,GO_GOAL
22.08,0.427,0.1439,0.6194,0.2781,0.3657,0.4324,0.1434,0.2055,GO_GOAL
22.1,0.43,0.146,0.6194,0.2808,0.3681,0.4324,0.1434,0.2047,GO_GOAL
22.12,0.4329,0.1481,0.6194,0.2835,0.3704,0.447,0.1538,0.2039,GO_GOAL
22.14,0.4358,0.1502,0.6194,0.2889,0.3752,0.447,0.1538,0.2032,GO_GOAL
22.16,0.4388,0.1523,0.6194,0.2889,0.3752,0.447,0.1538,0.2025,GO_GOAL
22.18,0.4417,0.1544,0.6194,0.2916,0.3775,0.447,0.1538,0.2019,GO_GOAL
22.2,0.4446,0.1565,0.6194,0.2943,0.3799,0.447,0.1538,0.2012,GO_GOAL
22.22,0.4476,0.1585,0.6194,0.297,0.3823,0.4617,0.1643,0.2006,GO_GOAL
22.24,0.4505,0.1606,0.6194,0.2998,0.3846,0.4617,0.1643,0.2,GO_GOAL
22.26,0.4534,0.1627,0.6194,0.3025,0.387,0.4617,0.1643,0.1994,GO_GOAL
22.28,0.4563,0.1648,0.6194,0.3052,0.3894,0.4617,0.1643,0.1989,GO_GOAL
22.3,0.4593,0.1669,0.6194,0.3079,0.3917,0.4617,0.1643,0.1983,GO_GOAL
22.32,0.4622,0.169,0.6194,0.3106,0.3941,0.4763,0.1747,0.1978,GO_GOAL
22.34,0.4651,0.1711,0.6194,0.316,0.3988,0.4763,0.1747,0.1974,GO_GOAL
22.36,0.4681,0.1732,0.6194,0.316,0.3988,0.4763,0.1747,0.1969,GO_GOAL
22.38,0.471,0.1753,0.6194,0.3215,0.4036,0.4763,0.1747,0.1965,GO_GOAL
22.4,0.4739,0.1774,0.6194,0.3242,0.4059,0.4763,0.1747,0.1961,GO_GOAL
22.42,0.4769,0.1794,0.6194,0.3242,0.4059,0.491,0.1852,0.1957,GO_GOAL
22.44,0.4798,0.1815,0.6194,0.3269,0.4083,0.491,0.1852,0.1954,GO_GOAL
22.46,0.4827,0.1836,0.6194,0.3296,0.4107,0.491,0.1852,0.195,GO_GOAL
22.48,0.4857,0.1857,0.6194,0.3323,0.413,0.491,0.1852,0.1947,GO_GOAL
22.5,0.4886,0.1878,0.6194,0.335,0.4154,0.491,0.1852,0.1945,GO_GOAL
22.52,0.4915,0.1899,0.6194,0.3377,0.4178,0.5056,0.1957,0.1942,GO_GOAL
22.54,0.4945,0.192,0.6194,0.3404,0.4201,0.5056,0.1957,0.194,GO_GOAL
22.56,0.4974,0.1941,0.6194,0.3432,0.4225,0.5056,0.1957,0.1938,GO_GOAL
22.58,0.5003,0.1962,0.6194,0.3459,0.4249,0.5056,0.1957,0.1936,GO_GOAL
22.6,0.5032,0.1983,0.6194,0.3486,0.4272,0.5056,0.1957,0.1935,GO_GOAL
22.62,0.5062,0.2003,0.6194,0.354,0.432,0.5203,0.2061,0.1934,GO_GOAL
22.64,0.5091,0.2024,0.6194,0.3567,0.4343,0.5203,0.2061,0.1933,GO_GOAL
22.66,0.512,0.2045,0.6194,0.3567,0.4343,0.5203,0.2061,0.1932,GO_GOAL
22.68,0.515,0.2066,0.6194,0.3594,0.4367,0.5203,0.2061,0.1932,GO_GOAL
22.7,0.5179,0.2087,0.6194,0.3621,0.4391,0.5203,0.2061,0.1932,GO_GOAL
22.72,0.5208,0.2108,0.6194,0.3649,0.4414,0.5349,0.2166,0.1932,GO_GOAL
22.74,0.5238,0.2129,0.6194,0.3676,0.4438,0.5349,0.2166,0.1932,GO_GOAL
22.76,0.5267,0.215,0.6194,0.3703,0.4462,0.5349,0.2166,0.1933,GO_GOAL
22.78,0.5296,0.2171,0.6194,0.373,0.4485,0.5349,0.2166,0.1934,GO_GOAL
22.8,0.5326,0.2192,0.6194,0.3757,0.4509,0.5349,0.2166,0.1935,GO_GOAL
22.82,0.5355,0.2212,0.6194,0.3784,0.4533,0.5496,0.227,0.1936,GO_GOAL
22.84,0.5384,0.2233,0.6194,0.3838,0.458,0.5496,0.227,0.1938,GO_GOAL
22.86,0.5413,0.2254,0.6194,0.3838,0.458,0.5496,0.227,0.194,GO_GOAL
22.88,0.5443,0.2275,0.6194,0.3866,0.4604,0.5496,0.227,0.1942,GO_GOAL
22.9,0.5472,0.2296,0.6194,0.3893,0.4627,0.5496,0.227,0.1944,GO_GOAL
22.92,0.5501,0.2317,0.6194,0.392,0.4651,0.5642,0.2375,0.1947,GO_GOAL
22.94,0.5531,0.2338,0.6194,0.3974,0.4698,0.5642,0.2375,0.195,GO_GOAL
22.96,0.556,0.2359,0.6194,0.3974,0.4698,0.5642,0.2375,0.1953,GO_GOAL
22.98,0.5589,0.238,0.6194,0.4001,0.4722,0.5642,0.2375,0.1956,GO_GOAL
23.0,0.5619,0.2401,0.6194,0.4028,0.4746,0.5789,0.2479,0.196,GO_GOAL
23.02,0.5648,0.2421,0.6194,0.4055,0.4769,0.5789,0.2479,0.1964,GO_GOAL
23.04,0.5677,0.2442,0.6194,0.4083,0.4793,0.5789,0.2479,0.1968,GO_GOAL
23.06,0.5707,0.2463,0.6194,0.411,0.4817,0.5789,0.2479,0.1973,GO_GOAL
23.08,0.5736,0.2484,0.6194,0.4164,0.4864,0.5789,0.2479,0.1977,GO_GOAL
23.1,0.5765,0.2505,0.6194,0.4191,0.4888,0.5935,0.2584,0.1982,GO_GOAL
23.12,0.5795,0.2526,0.6194,0.4191,0.4888,0.5935,0.2584,0.1988,GO_GOAL
23.14,0.5824,0.2547,0.6194,0.4245,0.4935,0.5935,0.2584,0.1993,GO_GOAL
23.16,0.5853,0.2568,0.6194,0.4245,0.4935,0.5935,0.2584,0.1999,GO_GOAL
23.18,0.5882,0.2589,0.6194,0.4272,0.4959,0.5935,0.2584,0.2005,GO_GOAL
23.2,0.5912,0.261,0.6194,0.43,0.4982,0.6082,0.2688,0.2011,GO_GOAL
23.22,0.5941,0.263,0.6194,0.4327,0.5006,0.6082,0.2688,0.2017,GO_GOAL
23.24,0.597,0.2651,0.6194,0.4354,0.503,0.6082,0.2688,0.2024,GO_GOAL
23.26,0.6,0.2672,0.6194,0.4381,0.5053,0.6082,0.2688,0.2031,GO_GOAL
23.28,0.6029,0.2693,0.6194,0.4408,0.5077,0.6082,0.2688,0.2038,GO_GOAL
23.3,0.6058,0.2714,0.6194,0.4435,0.5101,0.6082,0.2688,0.2046,GO_GOAL
23.32,0.6088,0.2735,0.6194,0.4462,0.5125,0.6229,0.2793,0.2053,GO_GOAL
23.34,0.6117,0.2756,0.6194,0.4489,0.5148,0.6229,0.2793,0.2061,GO_GOAL
23.36,0.6146,0.2777,0.6194,0.4517,0.5172,0.6229,0.2793,0.2069,GO_GOAL
23.38,0.6176,0.2798,0.6194,0.4571,0.5219,0.6229,0.2793,0.2078,GO_GOAL
23.4,0.6205,0.2819,0.6194,0.4571,0.5219,0.6229,0.2793,0.2086,GO_GOAL
23.42,0.6234,0.2839,0.6194,0.4598,0.5243,0.6375,0.2898,0.2095,GO_GOAL
23.44,0.6264,0.286,0.6194,0.4625,0.5267,0.6375,0.2898,0.2104,GO_GOAL
23.46,0.6293,0.2881,0.6194,0.4652,0.529,0.6375,0.2898,0.2113,GO_GOAL
23.48,0.6322,0.2902,0.6194,0.4706,0.5338,0.6375,0.2898,0.2123,GO_GOAL
23.5,0.6351,0.2923,0.6194,0.4706,0.5338,0.6375,0.2898,0.2133,GO_GOAL
23.52,0.6381,0.2944,0.6194,0.4734,0.5361,0.6522,0.3002,0.2143,GO_GOAL
23.54,0.641,0.2965,0.6194,0.4761,0.5385,0.6522,0.3002,0.2153,GO_GOAL
23.56,0.6439,0.2986,0.6194,0.4788,0.5409,0.6522,0.3002,0.2163,GO_GOAL
23.58,0.6469,0.3007,0.6194,0.4815,0.5432,0.6522,0.3002,0.2174,GO_GOAL
23.6,0.6498,0.3028,0.6194,0.4842,0.5456,0.6522,0.3002,0.2185,GO_GOAL
23.62,0.6527,0.3048,0.6194,0.4896,0.5503,0.6668,0.3107,0.2196,GO_GOAL
23.64,0.6557,0.3069,0.6194,0.4896,0.5503,0.6668,0.3107,0.2207,GO_GOAL
23.66,0.6586,0.309,0.6194,0.4923,0.5527,0.6668,0.3107,0.2219,GO_GOAL
23.68,0.6615,0.3111,0.6194,0.4951,0.5551,0.6668,0.3107,0.2231,GO_GOAL
23.7,0.6645,0.3132,0.6194,0.4978,0.5574,0.6668,0.3107,0.2243,GO_GOAL
23.72,0.6674,0.3153,0.6194,0.5005,0.5598,0.6815,0.3211,0.2255,GO_GOAL
23.74,0.6703,0.3174,0.6194,0.5032,0.5622,0.6815,0.3211,0.2267,GO_GOAL
23.76,0.6733,0.3195,0.6194,0.5059,0.5645,0.6815,0.3211,0.228,GO_GOAL
23.78,0.6762,0.3216,0.6194,0.5086,0.5669,0.6815,0.3211,0.2293,GO_GOAL
23.8,0.6791,0.3237,0.6194,0.5113,0.5693,0.6815,0.3211,0.2306,GO_GOAL
23.82,0.682,0.3257,0.6194,0.514,0.5716,0.6961,0.3316,0.2319,GO_GOAL
23.84,0.685,0.3278,0.6194,0.5168,0.574,0.6961,0.3316,0.2333,GO_GOAL
23.86,0.6879,0.3299,0.6194,0.5222,0.5787,0.6961,0.3316,0.2346,GO_GOAL
23.88,0.6908,0.332,0.6194,0.5222,0.5787,0.6961,0.3316,0.236,GO_GOAL
23.9,0.6938,0.3341,0.6194,0.5249,0.5811,0.6961,0.3316,0.2374,GO_GOAL
23.92,0.6967,0.3362,0.6194,0.5276,0.5835,0.7108,0.342,0.2389,GO_GOAL
23.94,0.6996,0.3383,0.6194,0.5303,0.5858,0.7108,0.342,0.2403,GO_GOAL
23.96,0.7026,0.3404,0.6194,0.533,0.5882,0.7108,0.342,0.2418,GO_GOAL
23.98,0.7055,0.3425,0.6194,0.5357,0.5906,0.7108,0.342,0.2433,GO_GOAL
24.0,0.7084,0.3446,0.6194,0.5412,0.5953,0.7108,0.342,0.2448,GO_GOAL
24.02,0.7114,0.3466,0.6194,0.5439,0.5977,0.7254,0.3525,0.2463,GO_GOAL
24.04,0.7143,0.3487,0.6194,0.5439,0.5977,0.7254,0.3525,0.2478,GO_GOAL
24.06,0.7172,0.3508,0.6194,0.5466,0.6,0.7254,0.3525,0.2494,GO_GOAL
24.08,0.7202,0.3529,0.6194,0.5493,0.6024,0.7254,0.3525,0.251,GO_GOAL
24.1,0.7231,0.355,0.6194,0.5547,0.6071,0.7401,0.3629,0.2526,GO_GOAL
24.12,0.726,0.3571,0.6194,0.5547,0.6071,0.7401,0.3629,0.2542,GO_GOAL
24.14,0.7289,0.3592,0.6194,0.5574,0.6095,0.7401,0.3629,0.2558,GO_GOAL
24.16,0.7319,0.3613,0.6194,0.5602,0.6119,0.7401,0.3629,0.2575,GO_GOAL
24.18,0.7348,0.3634,0.6194,0.5629,0.6142,0.7401,0.3629,0.2592,GO_GOAL
24.2,0.7377,0.3655,0.6194,0.5656,0.6166,0.7401,0.3629,0.2609,GO_GOAL
24.22,0.7407,0.3675,0.6194,0.5683,0.619,0.7547,0.3734,0.2626,GO_GOAL
24.24,0.7436,0.3696,0.6194,0.5737,0.6237,0.7547,0.3734,0.2643,GO_GOAL
24.26,0.7465,0.3717,0.6194,0.5737,0.6237,0.7547,0.3734,0.266,GO_GOAL
24.28,0.7495,0.3738,0.6194,0.5764,0.6261,0.7547,0.3734,0.2678,GO_GOAL
24.3,0.7524,0.3759,0.6194,0.5791,0.6284,0.7547,0.3734,0.2696,GO_GOAL
24.32,0.7553,0.378,0.6194,0.5846,0.6332,0.7694,0.3838,0.2714,GO_GOAL
24.34,0.7583,0.3801,0.6194,0.5846,0.6332,0.7694,0.3838,0.2732,GO_GOAL
24.36,0.7612,0.3822,0.6194,0.5873,0.6355,0.7694,0.3838,0.275,GO_GOAL
24.38,0.7641,0.3843,0.6194,0.59,0.6379,0.7694,0.3838,0.2769,GO_GOAL
24.4,0.7671,0.3864,0.6194,0.5927,0.6403,0.7694,0.3838,0.2787,GO_GOAL
24.42,0.77,0.3884,0.6194,0.5954,0.6426,0.784,0.3943,0.2806,GO_GOAL
24.44,0.7729,0.3905,0.6194,0.5981,0.645,0.784,0.3943,0.2825,GO_GOAL
24.46,0.7758,0.3926,0.6194,0.6008,0.6474,0.784,0.3943,0.2844,GO_GOAL
24.48,0.7788,0.3947,0.6194,0.6035,0.6497,0.784,0.3943,0.2863,GO_GOAL
24.5,0.7817,0.3968,0.6194,0.609,0.6545,0.784,0.3943,0.2883,GO_GOAL
24.52,0.7846,0.3989,0.6194,0.609,0.6545,0.7987,0.4048,0.2902,GO_GOAL
24.54,0.7876,0.401,0.6194,0.6117,0.6568,0.7987,0.4048,0.2922,GO_GOAL
24.56,0.7905,0.4031,0.6194,0.6144,0.6592,0.7987,0.4048,0.2942,GO_GOAL
24.58,0.7934,0.4052,0.6194,0.6198,0.6639,0.7987,0.4048,0.2962,GO_GOAL
24.6,0.7964,0.4073,0.6194,0.6198,0.6639,0.7987,0.4048,0.2982,GO_GOAL
24.62,0.7993,0.4093,0.6194,0.6225,0.6663,0.8133,0.4152,0.3002,GO_GOAL
24.64,0.8022,0.4114,0.6194,0.6252,0.6687,0.8133,0.4152,0.3023,GO_GOAL
24.66,0.8052,0.4135,0.6194,0.628,0.671,0.8133,0.4152,0.3043,GO_GOAL
24.68,0.8081,0.4156,0.6194,0.6307,0.6734,0.8133,0.4152,0.3064,GO_GOAL
24.7,0.811,0.4177,0.6194,0.6334,0.6758,0.8133,0.4152,0.3085,GO_GOAL
24.72,0.8139,0.4198,0.6194,0.6361,0.6781,0.828,0.4257,0.3106,GO_GOAL
24.74,0.8169,0.4219,0.6194,0.6388,0.6805,0.828,0.4257,0.3127,GO_GOAL
24.76,0.8198,0.424,0.6194,0.6442,0.6852,0.828,0.4257,0.3148,GO_GOAL
24.78,0.8227,0.4261,0.6194,0.6442,0.6852,0.828,0.4257,0.317,GO_GOAL
24.8,0.8257,0.4282,0.6194,0.6469,0.6876,0.828,0.4257,0.3191,GO_GOAL
24.82,0.8286,0.4302,0.6194,0.6524,0.6923,0.8426,0.4361,0.3213,GO_GOAL
24.84,0.8315,0.4323,0.6194,0.6524,0.6923,0.8426,0.4361,0.3235,GO_GOAL
24.86,0.8345,0.4344,0.6194,0.6551,0.6947,0.8426,0.4361,0.3257,GO_GOAL
24.88,0.8374,0.4365,0.6194,0.6578,0.6971,0.8426,0.4361,0.3279,GO_GOAL
24.9,0.8403,0.4386,0.6194,0.6605,0.6994,0.8426,0.4361,0.3301,GO_GOAL
24.92,0.8433,0.4407,0.6194,0.6632,0.7018,0.8573,0.4466,0.3323,GO_GOAL
24.94,0.8462,0.4428,0.6194,0.6659,0.7042,0.8573,0.4466,0.3346,GO_GOAL
24.96,0.8491,0.4449,0.6194,0.6686,0.7066,0.8573,0.4466,0.3368,GO_GOAL
24.98,0.8521,0.447,0.6194,0.6714,0.7089,0.8573,0.4466,0.3391,GO_GOAL
25.0,0.855,0.4491,0.6194,0.6741,0.7113,0.8573,0.4466,0.3414,GO_GOAL
25.02,0.8579,0.4511,0.6194,0.6768,0.7137,0.8749,0.4591,0.3437,GO_GOAL
25.04,0.8608,0.4532,0.6194,0.6795,0.716,0.8749,0.4591,0.3458,GO_GOAL
25.06,0.8638,0.4553,0.6194,0.6822,0.7184,0.8749,0.4591,0.3471,GO_GOAL
25.08,0.8667,0.4574,0.6194,0.6849,0.7208,0.8749,0.4591,0.3484,GO_GOAL
25.1,0.8696,0.4595,0.6194,0.6876,0.7231,0.8749,0.4591,0.3497,GO_GOAL
25.12,0.8726,0.4616,0.6194,0.6903,0.7255,0.8866,0.4675,0.3511,GO_GOAL
25.14,0.8755,0.4637,0.6194,0.6931,0.7279,0.8866,0.4675,0.3524,GO_GOAL
25.16,0.8784,0.4658,0.6194,0.6958,0.7302,0.8866,0.4675,0.3538,GO_GOAL
25.18,0.8814,0.4679,0.6194,0.6985,0.7326,0.8866,0.4675,0.3552,GO_GOAL
25.2,0.8843,0.47,0.6194,0.7012,0.735,0.8866,0.4675,0.3566,GO_GOAL
25.22,0.8872,0.472,0.6194,0.7039,0.7373,0.9012,0.4779,0.3581,GO_GOAL
25.24,0.8902,0.4741,0.6194,0.7066,0.7397,0.9012,0.4779,0.3595,GO_GOAL
25.26,0.8931,0.4762,0.6194,0.712,0.7444,0.9012,0.4779,0.361,GO_GOAL
25.28,0.896,0.4783,0.6194,0.712,0.7444,0.9012,0.4779,0.3624,GO_GOAL
25.3,0.899,0.4804,0.6194,0.7148,0.7468,0.9012,0.4779,0.3639,GO_GOAL
25.32,0.9019,0.4825,0.6194,0.7175,0.7492,0.9159,0.4884,0.3654,GO_GOAL
25.34,0.9048,0.4846,0.6194,0.7202,0.7515,0.9159,0.4884,0.367,GO_GOAL
25.36,0.9077,0.4867,0.6194,0.7256,0.7563,0.9159,0.4884,0.3685,GO_GOAL
25.38,0.9107,0.4888,0.6194,0.7256,0.7563,0.9159,0.4884,0.37,GO_GOAL
25.4,0.9136,0.4909,0.6194,0.7283,0.7586,0.9159,0.4884,0.3716,GO_GOAL
25.42,0.9165,0.4929,0.6194,0.731,0.761,0.9306,0.4989,0.3732,GO_GOAL
25.44,0.9195,0.495,0.6194,0.7365,0.7657,0.9306,0.4989,0.3748,GO_GOAL
25.46,0.9224,0.4971,0.6194,0.7365,0.7657,0.9306,0.4989,0.3764,GO_GOAL
25.48,0.9253,0.4992,0.6194,0.7392,0.7681,0.9306,0.4989,0.3781,GO_GOAL
25.5,0.9283,0.5013,0.6194,0.7419,0.7705,0.9306,0.4989,0.3797,GO_GOAL
25.52,0.9312,0.5034,0.6194,0.7446,0.7728,0.9452,0.5093,0.3814,GO_GOAL
25.54,0.9341,0.5055,0.6194,0.7473,0.7752,0.9452,0.5093,0.383,GO_GOAL
25.56,0.9371,0.5076,0.6194,0.7527,0.7799,0.9452,0.5093,0.3847,GO_GOAL
25.58,0.94,0.5097,0.6194,0.7527,0.7799,0.9452,0.5093,0.3864,GO_GOAL
25.6,0.9429,0.5118,0.6194,0.7554,0.7823,0.9452,0.5093,0.3881,GO_GOAL
25.62,0.9459,0.5138,0.6194,0.7582,0.7847,0.9599,0.5198,0.3899,GO_GOAL
25.64,0.9488,0.5159,0.6194,0.7609,0.787,0.9599,0.5198,0.3916,GO_GOAL
25.66,0.9517,0.518,0.6194,0.7636,0.7894,0.9599,0.5198,0.3934,GO_GOAL
25.68,0.9546,0.5201,0.6194,0.7663,0.7918,0.9599,0.5198,0.3952,GO_GOAL
25.7,0.9576,0.5222,0.6194,0.769,0.7941,0.9599,0.5198,0.397,GO_GOAL
25.72,0.9605,0.5243,0.6194,0.7717,0.7965,0.9745,0.5302,0.3988,GO_GOAL
25.74,0.9634,0.5264,0.6194,0.7744,0.7989,0.9745,0.5302,0.4006,GO_GOAL
25.76,0.9664,0.5285,0.6194,0.7771,0.8012,0.9745,0.5302,0.4024,GO_GOAL
25.78,0.9693,0.5306,0.6194,0.7799,0.8036,0.9745,0.5302,0.4042,GO_GOAL
25.8,0.9722,0.5327,0.6194,0.7826,0.806,0.9745,0.5302,0.4061,GO_GOAL
25.82,0.9752,0.5347,0.6194,0.7853,0.8083,0.9892,0.5407,0.408,GO_GOAL
25.84,0.9781,0.5368,0.6194,0.788,0.8107,0.9892,0.5407,0.4099,GO_GOAL
25.86,0.981,0.5389,0.6194,0.7907,0.8131,0.9892,0.5407,0.4118,GO_GOAL
25.88,0.984,0.541,0.6194,0.7934,0.8154,0.9892,0.5407,0.4137,GO_GOAL
25.9,0.9869,0.5431,0.6194,0.7988,0.8202,0.9892,0.5407,0.4156,GO_GOAL
25.92,0.9898,0.5452,0.6194,0.7988,0.8202,1.0038,0.5511,0.4175,GO_GOAL
25.94,0.9928,0.5473,0.6194,0.8016,0.8225,1.0038,0.5511,0.4195,GO_GOAL
25.96,0.9957,0.5494,0.6194,0.807,0.8273,1.0038,0.5511,0.4214,GO_GOAL
25.978,0.9986,0.5515,0.6194,0.807,0.8273,1.0038,0.5511,0.4234,GO_GOAL
26.0,1.0015,0.5536,0.6194,0.8097,0.8296,1.0038,0.5511,0.4254,GO_GOAL
26.02,1.0045,0.5556,0.6194,0.8151,0.8344,1.0185,0.5616,0.4274,GO_GOAL
26.04,1.0074,0.5577,0.6194,0.8151,0.8344,1.0185,0.5616,0.4294,GO_GOAL
26.06,1.0103,0.5598,0.6194,0.8178,0.8367,1.0185,0.5616,0.4314,GO_GOAL
26.08,1.0133,0.5619,0.6194,0.8205,0.8391,1.0185,0.5616,0.4334,GO_GOAL
26.1,1.0162,0.564,0.6194,0.8233,0.8415,1.0185,0.5616,0.4355,GO_GOAL
26.12,1.0191,0.5661,0.6194,0.8287,0.8462,1.0331,0.572,0.4376,GO_GOAL
26.14,1.0221,0.5682,0.6194,0.8287,0.8462,1.0331,0.572,0.4396,GO_GOAL
26.16,1.025,0.5703,0.6194,0.8341,0.8509,1.0331,0.572,0.4417,GO_GOAL
26.18,1.0279,0.5724,0.6194,0.8368,0.8533,1.0331,0.572,0.4438,GO_GOAL
26.2,1.0309,0.5745,0.6194,0.8395,0.8557,1.0331,0.572,0.4459,GO_GOAL
26.22,1.0338,0.5765,0.6194,0.8395,0.8557,1.0478,0.5825,0.448,GO_GOAL
26.24,1.0367,0.5786,0.6194,0.8422,0.858,1.0478,0.5825,0.4501,GO_GOAL
26.26,1.0397,0.5807,0.6194,0.845,0.8604,1.0478,0.5825,0.4523,GO_GOAL
26.28,1.0426,0.5828,0.6194,0.8504,0.8651,1.0478,0.5825,0.4544,GO_GOAL
26.3,1.0455,0.5849,0.6194,0.8504,0.8651,1.0478,0.5825,0.4566,GO_GOAL
26.32,1.0484,0.587,0.6194,0.8558,0.8699,1.0624,0.5929,0.4587,GO_GOAL
26.34,1.0514,0.5891,0.6194,0.8558,0.8699,1.0624,0.5929,0.4609,GO_GOAL
26.36,1.0543,0.5912,0.6194,0.8585,0.8722,1.0624,0.5929,0.4631,GO_GOAL
26.38,1.0572,0.5933,0.6194,0.8639,0.877,1.0624,0.5929,0.4653,GO_GOAL
26.4,1.0602,0.5954,0.6194,0.8666,0.8793,1.0624,0.5929,0.4675,GO_GOAL
26.42,1.0631,0.5974,0.6194,0.8694,0.8817,1.0771,0.6034,0.4697,GO_GOAL
26.44,1.066,0.5995,0.6194,0.8721,0.8841,1.0771,0.6034,0.472,GO_GOAL
26.46,1.069,0.6016,0.6194,0.8721,0.8841,1.0771,0.6034,0.4742,GO_GOAL
26.48,1.0719,0.6037,0.6194,0.8748,0.8864,1.0771,0.6034,0.4765,GO_GOAL
26.5,1.0748,0.6058,0.6194,0.8775,0.8888,1.0771,0.6034,0.4787,GO_GOAL
26.52,1.0778,0.6079,0.6194,0.8829,0.8935,1.0917,0.6139,0.481,GO_GOAL
26.54,1.0807,0.61,0.6194,0.8829,0.8935,1.0917,0.6139,0.4833,GO_GOAL
26.56,1.0836,0.6121,0.6194,0.8856,0.8959,1.0917,0.6139,0.4856,GO_GOAL
26.58,1.0866,0.6142,0.6194,0.8883,0.8983,1.0917,0.6139,0.4879,GO_GOAL
26.6,1.0895,0.6163,0.6194,0.8911,0.9006,1.0917,0.6139,0.4902,GO_GOAL
26.62,1.0924,0.6183,0.6194,0.8938,0.903,1.1064,0.6243,0.4925,GO_GOAL
26.64,1.0953,0.6204,0.6194,0.8965,0.9054,1.1064,0.6243,0.4948,GO_GOAL
26.66,1.0983,0.6225,0.6194,0.8992,0.9078,1.1064,0.6243,0.4962,GO_GOAL
26.68,1.1012,0.6246,0.6194,0.9046,0.9125,1.1064,0.6243,0.4937,GO_GOAL
26.7,1.1041,0.6267,0.6194,0.9073,0.9149,1.1064,0.6243,0.4912,GO_GOAL
26.72,1.1071,0.6288,0.6194,0.91,0.9172,1.121,0.6348,0.4887,GO_GOAL
26.74,1.11,0.6309,0.6194,0.9128,0.9196,1.121,0.6348,0.4862,GO_GOAL
26.76,1.1129,0.633,0.6194,0.9155,0.922,1.121,0.6348,0.4837,GO_GOAL
26.78,1.1159,0.6351,0.6194,0.9155,0.922,1.121,0.6348,0.4812,GO_GOAL
26.8,1.1188,0.6372,0.6194,0.9182,0.9243,1.121,0.6348,0.4787,GO_GOAL
26.82,1.1217,0.6392,0.6194,0.9236,0.9291,1.1357,0.6452,0.4763,GO_GOAL
26.84,1.1247,0.6413,0.6194,0.9236,0.9291,1.1357,0.6452,0.4738,GO_GOAL
26.86,1.1276,0.6434,0.6194,0.9263,0.9314,1.1357,0.6452,0.4714,GO_GOAL
26.88,1.1305,0.6455,0.6194,0.929,0.9338,1.1357,0.6452,0.4689,GO_GOAL
26.9,1.1334,0.6476,0.6194,0.9345,0.9385,1.1503,0.6557,0.4665,GO_GOAL
26.92,1.1364,0.6497,0.6194,0.9345,0.9385,1.1503,0.6557,0.4641,GO_GOAL
26.94,1.1393,0.6518,0.6194,0.9399,0.9433,1.1503,0.6557,0.4617,GO_GOAL
26.96,1.1422,0.6539,0.6194,0.9399,0.9433,1.1503,0.6557,0.4593,GO_GOAL
26.98,1.1452,0.656,0.6194,0.9426,0.9456,1.1503,0.6557,0.4569,GO_GOAL
27.0,1.1481,0.6581,0.6194,0.948,0.9504,1.1503,0.6557,0.4545,GO_GOAL
27.02,1.151,0.6601,0.6194,0.948,0.9504,1.165,0.6661,0.4521,GO_GOAL
27.04,1.154,0.6622,0.6194,0.9507,0.9527,1.165,0.6661,0.4498,GO_GOAL
27.06,1.1569,0.6643,0.6194,0.9534,0.9551,1.165,0.6661,0.4474,GO_GOAL
27.08,1.1598,0.6664,0.6194,0.9562,0.9575,1.165,0.6661,0.4451,GO_GOAL
27.1,1.1628,0.6685,0.6194,0.9589,0.9598,1.1796,0.6766,0.4427,GO_GOAL
27.12,1.1657,0.6706,0.6194,0.9616,0.9622,1.1796,0.6766,0.4404,GO_GOAL
27.14,1.1686,0.6727,0.6194,0.9643,0.9646,1.1796,0.6766,0.4381,GO_GOAL
27.16,1.1716,0.6748,0.6194,0.967,0.9669,1.1796,0.6766,0.4358,GO_GOAL
27.18,1.1745,0.6769,0.6194,0.9697,0.9693,1.1796,0.6766,0.4335,GO_GOAL
27.2,1.1774,0.679,0.6194,0.9724,0.9717,1.1796,0.6766,0.4312,GO_GOAL
27.22,1.1803,0.681,0.6194,0.9751,0.974,1.1943,0.687,0.4289,GO_GOAL
27.24,1.1833,0.6831,0.6194,0.9779,0.9764,1.1943,0.687,0.4267,GO_GOAL
27.26,1.1862,0.6852,0.6194,0.9806,0.9788,1.1943,0.687,0.4244,GO_GOAL
27.28,1.1891,0.6873,0.6194,0.986,0.9835,1.1943,0.687,0.4222,GO_GOAL
27.3,1.1921,0.6894,0.6194,0.986,0.9835,1.1943,0.687,0.42,GO_GOAL
27.32,1.195,0.6915,0.6194,0.9914,0.9882,1.2119,0.6996,0.4177,GO_GOAL
27.34,1.1979,0.6936,0.6194,0.9914,0.9882,1.2119,0.6996,0.4155,GO_GOAL
27.36,1.2009,0.6957,0.6194,0.9968,0.993,1.2119,0.6996,0.4133,GO_GOAL
27.38,1.2038,0.6978,0.6194,0.9968,0.993,1.2119,0.6996,0.4112,GO_GOAL
27.4,1.2067,0.6999,0.6194,0.9996,0.9953,1.2119,0.6996,0.409,GO_GOAL
27.42,1.2097,0.7019,0.6194,1.0023,0.9977,1.2236,0.708,0.4068,GO_GOAL
27.44,1.2126,0.704,0.6194,1.005,1.0001,1.2236,0.708,0.4047,GO_GOAL
27.46,1.2155,0.7061,0.6194,1.0077,1.0024,1.2236,0.708,0.4025,GO_GOAL
27.48,1.2185,0.7082,0.6194,1.0104,1.0048,1.2236,0.708,0.4004,GO_GOAL
27.5,1.2214,0.7103,0.6194,1.0158,1.0095,1.2236,0.708,0.3983,GO_GOAL
27.52,1.2243,0.7124,0.6194,1.0185,1.0119,1.2383,0.7184,0.3962,GO_GOAL
27.54,1.2272,0.7145,0.6194,1.0185,1.0119,1.2383,0.7184,0.3941,GO_GOAL
27.56,1.2302,0.7166,0.6194,1.0213,1.0143,1.2383,0.7184,0.392,GO_GOAL
27.58,1.2331,0.7187,0.6194,1.024,1.0166,1.2383,0.7184,0.3899,GO_GOAL
27.6,1.236,0.7208,0.6194,1.0294,1.0214,1.2529,0.7289,0.3879,GO_GOAL
27.62,1.239,0.7228,0.6194,1.0294,1.0214,1.2529,0.7289,0.3858,GO_GOAL
27.64,1.2419,0.7249,0.6194,1.0321,1.0237,1.2529,0.7289,0.3838,GO_GOAL
27.66,1.2448,0.727,0.6194,1.0375,1.0285,1.2529,0.7289,0.3818,GO_GOAL
27.68,1.2478,0.7291,0.6194,1.0375,1.0285,1.2529,0.7289,0.3798,GO_GOAL
27.7,1.2507,0.7312,0.6194,1.0402,1.0308,1.2529,0.7289,0.3778,GO_GOAL
27.72,1.2536,0.7333,0.6194,1.043,1.0332,1.2676,0.7393,0.3758,GO_GOAL
27.74,1.2566,0.7354,0.6194,1.0457,1.0356,1.2676,0.7393,0.3739,GO_GOAL
27.76,1.2595,0.7375,0.6194,1.0484,1.0379,1.2676,0.7393,0.3719,GO_GOAL
27.78,1.2624,0.7396,0.6194,1.0538,1.0427,1.2676,0.7393,0.37,GO_GOAL
27.8,1.2654,0.7417,0.6194,1.0538,1.0427,1.2822,0.7498,0.3681,GO_GOAL
27.82,1.2683,0.7437,0.6194,1.0565,1.045,1.2822,0.7498,0.3661,GO_GOAL
27.84,1.2712,0.7458,0.6194,1.0619,1.0498,1.2822,0.7498,0.3643,GO_GOAL
27.86,1.2741,0.7479,0.6194,1.0619,1.0498,1.2822,0.7498,0.3624,GO_GOAL
27.88,1.2771,0.75,0.6194,1.0647,1.0521,1.2822,0.7498,0.3605,GO_GOAL
27.9,1.28,0.7521,0.6194,1.0674,1.0545,1.2822,0.7498,0.3587,GO_GOAL
27.92,1.2829,0.7542,0.6194,1.0701,1.0569,1.2969,0.7602,0.3568,GO_GOAL
27.94,1.2859,0.7563,0.6194,1.0755,1.0616,1.2969,0.7602,0.355,GO_GOAL
27.96,1.2888,0.7584,0.6194,1.0755,1.0616,1.2969,0.7602,0.3532,GO_GOAL
27.98,1.2917,0.7605,0.6194,1.0809,1.0663,1.2969,0.7602,0.3514,GO_GOAL
28.0,1.2947,0.7626,0.6194,1.0809,1.0663,1.2969,0.7602,0.3496,GO_GOAL
28.02,1.2976,0.7646,0.6194,1.0864,1.0711,1.3144,0.7728,0.3478,GO_GOAL
28.04,1.3005,0.7667,0.6194,1.0864,1.0711,1.3144,0.7728,0.3461,GO_GOAL
28.06,1.3035,0.7688,0.6194,1.0891,1.0734,1.3144,0.7728,0.3443,GO_GOAL
28.08,1.3064,0.7709,0.6194,1.0918,1.0758,1.3144,0.7728,0.3426,GO_GOAL
28.1,1.3093,0.773,0.6194,1.0945,1.0782,1.3144,0.7728,0.3409,GO_GOAL
28.12,1.3123,0.7751,0.6194,1.0972,1.0805,1.3262,0.7811,0.3392,GO_GOAL
28.14,1.3152,0.7772,0.6194,1.0999,1.0829,1.3262,0.7811,0.3376,GO_GOAL
28.16,1.3181,0.7793,0.6194,1.1026,1.0853,1.3262,0.7811,0.3359,GO_GOAL
28.18,1.321,0.7814,0.6194,1.1053,1.0876,1.3262,0.7811,0.3343,GO_GOAL
28.2,1.324,0.7835,0.6194,1.1081,1.09,1.3262,0.7811,0.3326,GO_GOAL
28.22,1.3269,0.7855,0.6194,1.1108,1.0924,1.3408,0.7916,0.331,GO_GOAL
28.24,1.3298,0.7876,0.6194,1.1135,1.0947,1.3408,0.7916,0.3294,GO_GOAL
28.26,1.3328,0.7897,0.6194,1.1162,1.0971,1.3408,0.7916,0.3278,GO_GOAL
28.28,1.3357,0.7918,0.6194,1.1189,1.0995,1.3408,0.7916,0.3263,GO_GOAL
28.3,1.3386,0.7939,0.6194,1.1216,1.1018,1.3408,0.7916,0.3247,GO_GOAL
28.32,1.3416,0.796,0.6194,1.1243,1.1042,1.3555,0.802,0.3232,GO_GOAL
28.34,1.3445,0.7981,0.6194,1.127,1.1066,1.3555,0.802,0.3217,GO_GOAL
28.36,1.3474,0.8002,0.6194,1.1298,1.109,1.3555,0.802,0.3202,GO_GOAL
28.38,1.3504,0.8023,0.6194,1.1325,1.1113,1.3555,0.802,0.3187,GO_GOAL
28.4,1.3533,0.8044,0.6194,1.1352,1.1137,1.3555,0.802,0.3173,GO_GOAL
28.42,1.3562,0.8064,0.6194,1.1406,1.1184,1.3701,0.8125,0.3158,GO_GOAL
28.44,1.3592,0.8085,0.6194,1.1406,1.1184,1.3701,0.8125,0.3144,GO_GOAL
28.46,1.3621,0.8106,0.6194,1.1433,1.1208,1.3701,0.8125,0.313,GO_GOAL
28.48,1.365,0.8127,0.6194,1.1487,1.1255,1.3701,0.8125,0.3116,GO_GOAL
28.5,1.3679,0.8148,0.6194,1.1487,1.1255,1.3701,0.8125,0.3102,GO_GOAL
28.52,1.3709,0.8169,0.6194,1.1514,1.1279,1.3848,0.823,0.3089,GO_GOAL
28.54,1.3738,0.819,0.6194,1.1542,1.1303,1.3848,0.823,0.3075,GO_GOAL
28.56,1.3767,0.8211,0.6194,1.1569,1.1326,1.3848,0.823,0.3062,GO_GOAL
28.58,1.3797,0.8232,0.6194,1.1596,1.135,1.3848,0.823,0.3049,GO_GOAL
28.6,1.3826,0.8253,0.6194,1.1623,1.1374,1.3848,0.823,0.3036,GO_GOAL
28.62,1.3855,0.8273,0.6194,1.165,1.1397,1.3994,0.8334,0.3024,GO_GOAL
28.64,1.3885,0.8294,0.6194,1.1677,1.1421,1.3994,0.8334,0.3011,GO_GOAL
28.66,1.3914,0.8315,0.6194,1.1704,1.1445,1.3994,0.8334,0.2999,GO_GOAL
28.68,1.3943,0.8336,0.6194,1.1731,1.1468,1.3994,0.8334,0.2987,GO_GOAL
28.7,1.3973,0.8357,0.6194,1.1786,1.1516,1.3994,0.8334,0.2975,GO_GOAL
28.72,1.4002,0.8378,0.6194,1.1813,1.1539,1.417,0.846,0.2963,GO_GOAL
28.74,1.4031,0.8399,0.6194,1.1813,1.1539,1.417,0.846,0.2952,GO_GOAL
28.76,1.406,0.842,0.6194,1.184,1.1563,1.417,0.846,0.294,GO_GOAL
28.78,1.409,0.8441,0.6194,1.1867,1.1587,1.417,0.846,0.2929,GO_GOAL
28.8,1.4119,0.8462,0.6194,1.1894,1.161,1.417,0.846,0.2918,GO_GOAL
28.82,1.4148,0.8482,0.6194,1.1921,1.1634,1.4287,0.8543,0.2908,GO_GOAL
28.84,1.4178,0.8503,0.6194,1.1948,1.1658,1.4287,0.8543,0.2897,GO_GOAL
28.86,1.4207,0.8524,0.6194,1.1976,1.1681,1.4287,0.8543,0.2887,GO_GOAL
28.88,1.4236,0.8545,0.6194,1.2003,1.1705,1.4287,0.8543,0.2877,GO_GOAL
28.9,1.4266,0.8566,0.6194,1.2057,1.1752,1.4434,0.8648,0.2867,GO_GOAL
28.92,1.4295,0.8587,0.6194,1.2057,1.1752,1.4434,0.8648,0.2857,GO_GOAL
28.94,1.4324,0.8608,0.6194,1.2084,1.1776,1.4434,0.8648,0.2847,GO_GOAL
28.96,1.4354,0.8629,0.6194,1.2111,1.18,1.4434,0.8648,0.2838,GO_GOAL
28.98,1.4383,0.865,0.6194,1.2138,1.1823,1.4434,0.8648,0.2829,GO_GOAL
29.0,1.4412,0.8671,0.6194,1.2165,1.1847,1.4434,0.8648,0.282,GO_GOAL
29.02,1.4442,0.8691,0.6194,1.2193,1.1871,1.458,0.8752,0.2811,GO_GOAL
29.04,1.4471,0.8712,0.6194,1.222,1.1894,1.458,0.8752,0.2803,GO_GOAL
29.06,1.45,0.8733,0.6194,1.2247,1.1918,1.458,0.8752,0.2795,GO_GOAL
29.08,1.4529,0.8754,0.6194,1.2274,1.1942,1.458,0.8752,0.2786,GO_GOAL
29.1,1.4559,0.8775,0.6194,1.2301,1.1965,1.458,0.8752,0.2779,GO_GOAL
29.12,1.4588,0.8796,0.6194,1.2355,1.2013,1.4727,0.8857,0.2771,GO_GOAL
29.14,1.4617,0.8817,0.6194,1.2355,1.2013,1.4727,0.8857,0.2763,GO_GOAL
29.16,1.4647,0.8838,0.6194,1.2382,1.2036,1.4727,0.8857,0.2756,GO_GOAL
29.18,1.4676,0.8859,0.6194,1.241,1.206,1.4727,0.8857,0.2749,GO_GOAL
29.2,1.4705,0.888,0.6194,1.2437,1.2084,1.4727,0.8857,0.2742,GO_GOAL
29.22,1.4735,0.89,0.6194,1.2464,1.2107,1.4873,0.8961,0.2736,GO_GOAL
29.24,1.4764,0.8921,0.6194,1.2491,1.2131,1.4873,0.8961,0.2729,GO_GOAL
29.26,1.4793,0.8942,0.6194,1.2545,1.2178,1.4873,0.8961,0.2723,GO_GOAL
29.28,1.4823,0.8963,0.6194,1.2545,1.2178,1.4873,0.8961,0.2717,GO_GOAL
29.3,1.4852,0.8984,0.6194,1.2572,1.2202,1.4873,0.8961,0.2711,GO_GOAL
29.32,1.4881,0.9005,0.6194,1.2599,1.2226,1.502,0.9066,0.2706,GO_GOAL
29.34,1.4911,0.9026,0.6194,1.2654,1.2273,1.502,0.9066,0.2701,GO_GOAL
29.36,1.494,0.9047,0.6194,1.2654,1.2273,1.502,0.9066,0.2695,GO_GOAL
29.38,1.4969,0.9068,0.6194,1.2681,1.2297,1.502,0.9066,0.2691,GO_GOAL
29.4,1.4998,0.9089,0.6194,1.2708,1.232,1.502,0.9066,0.2686,GO_GOAL
29.42,1.5028,0.9109,0.6194,1.2735,1.2344,1.5167,0.917,0.2682,GO_GOAL
29.44,1.5057,0.913,0.6194,1.2762,1.2368,1.5167,0.917,0.2677,GO_GOAL
29.46,1.5086,0.9151,0.6194,1.2789,1.2391,1.5167,0.917,0.2673,GO_GOAL
29.48,1.5116,0.9172,0.6194,1.2816,1.2415,1.5167,0.917,0.267,GO_GOAL
29.5,1.5145,0.9193,0.6194,1.2844,1.2439,1.5167,0.917,0.2666,GO_GOAL
29.52,1.5174,0.9214,0.6194,1.2871,1.2462,1.5313,0.9275,0.2663,GO_GOAL
29.54,1.5204,0.9235,0.6194,1.2925,1.251,1.5313,0.9275,0.266,GO_GOAL
29.56,1.5233,0.9256,0.6194,1.2925,1.251,1.5313,0.9275,0.2657,GO_GOAL
29.58,1.5262,0.9277,0.6194,1.2952,1.2533,1.5313,0.9275,0.2654,GO_GOAL
29.6,1.5292,0.9298,0.6194,1.2979,1.2557,1.5313,0.9275,0.2652,GO_GOAL
29.62,1.5321,0.9318,0.6194,1.3006,1.2581,1.546,0.938,0.2649,GO_GOAL
29.64,1.535,0.9339,0.6194,1.3033,1.2604,1.546,0.938,0.2647,GO_GOAL
29.66,1.538,0.936,0.6194,1.3088,1.2652,1.546,0.938,0.2646,GO_GOAL
29.68,1.5409,0.9381,0.6194,1.3088,1.2652,1.546,0.938,0.2644,GO_GOAL
29.7,1.5438,0.9402,0.6194,1.3115,1.2675,1.546,0.938,0.2643,GO_GOAL
29.72,1.5467,0.9423,0.6194,1.3142,1.2699,1.5606,0.9484,0.2642,GO_GOAL
29.74,1.5497,0.9444,0.6194,1.3196,1.2746,1.5606,0.9484,0.2641,GO_GOAL
29.76,1.5526,0.9465,0.6194,1.3196,1.2746,1.5606,0.9484,0.264,GO_GOAL
29.78,1.5555,0.9486,0.6194,1.3223,1.277,1.5606,0.9484,0.264,GO_GOAL
29.8,1.5585,0.9507,0.6194,1.325,1.2794,1.5606,0.9484,0.264,GO_GOAL
29.82,1.5614,0.9527,0.6194,1.3278,1.2817,1.5753,0.9589,0.264,GO_GOAL
29.84,1.5643,0.9548,0.6194,1.3305,1.2841,1.5753,0.9589,0.264,GO_GOAL
29.86,1.5673,0.9569,0.6194,1.3332,1.2865,1.5753,0.9589,0.2641,GO_GOAL
29.88,1.5702,0.959,0.6194,1.3359,1.2888,1.5753,0.9589,0.2641,GO_GOAL
29.9,1.5731,0.9611,0.6194,1.3386,1.2912,1.5753,0.9589,0.2642,GO_GOAL
29.92,1.5761,0.9632,0.6194,1.3413,1.2936,1.5899,0.9693,0.2643,GO_GOAL
29.94,1.579,0.9653,0.6194,1.344,1.2959,1.5899,0.9693,0.2645,GO_GOAL
29.96,1.5819,0.9674,0.6194,1.3467,1.2983,1.5899,0.9693,0.2646,GO_GOAL
29.98,1.5849,0.9695,0.6194,1.3495,1.3007,1.5899,0.9693,0.2648,GO_GOAL
30.0,1.5878,0.9716,0.6194,1.3522,1.3031,1.5899,0.9693,0.265,GO_GOAL
30.02,1.5907,0.9736,0.6194,1.3576,1.3078,1.6046,0.9798,0.2653,GO_GOAL
30.04,1.5936,0.9757,0.6194,1.3576,1.3078,1.6046,0.9798,0.2655,GO_GOAL
30.06,1.5966,0.9778,0.6194,1.363,1.3125,1.6046,0.9798,0.2658,GO_GOAL
30.08,1.5995,0.9799,0.6194,1.363,1.3125,1.6046,0.9798,0.2661,GO_GOAL
30.1,1.6024,0.982,0.6194,1.3657,1.3149,1.6046,0.9798,0.2664,GO_GOAL
30.12,1.6054,0.9841,0.6194,1.3712,1.3196,1.6192,0.9902,0.2668,GO_GOAL
30.14,1.6083,0.9862,0.6194,1.3712,1.3196,1.6192,0.9902,0.2671,GO_GOAL
30.16,1.6112,0.9883,0.6194,1.3739,1.322,1.6192,0.9902,0.2675,GO_GOAL
30.18,1.6142,0.9904,0.6194,1.3766,1.3244,1.6192,0.9902,0.2679,GO_GOAL
30.2,1.6171,0.9925,0.6194,1.3793,1.3267,1.6192,0.9902,0.2683,GO_GOAL
30.22,1.62,0.9945,0.6194,1.3847,1.3315,1.6339,1.0007,0.2688,GO_GOAL
30.24,1.623,0.9966,0.6194,1.3847,1.3315,1.6339,1.0007,0.2693,GO_GOAL
30.26,1.6259,0.9987,0.6194,1.3901,1.3362,1.6339,1.0007,0.2698,GO_GOAL
30.28,1.6288,1.0008,0.6194,1.3901,1.3362,1.6339,1.0007,0.2703,GO_GOAL
30.3,1.6318,1.0029,0.6194,1.3929,1.3386,1.6339,1.0007,0.2708,GO_GOAL
30.32,1.6347,1.005,0.6194,1.3956,1.3409,1.6485,1.0111,0.2714,GO_GOAL
30.34,1.6376,1.0071,0.6194,1.3983,1.3433,1.6485,1.0111,0.272,GO_GOAL
30.36,1.6405,1.0092,0.6194,1.401,1.3457,1.6485,1.0111,0.2726,GO_GOAL
30.38,1.6435,1.0113,0.6194,1.4064,1.3504,1.6485,1.0111,0.2732,GO_GOAL
30.4,1.6464,1.0134,0.6194,1.4064,1.3504,1.6485,1.0111,0.2739,GO_GOAL
30.42,1.6493,1.0154,0.6194,1.4091,1.3528,1.6632,1.0216,0.2745,GO_GOAL
30.44,1.6523,1.0175,0.6194,1.4146,1.3575,1.6632,1.0216,0.2752,GO_GOAL
30.46,1.6552,1.0196,0.6194,1.4146,1.3575,1.6632,1.0216,0.2759,GO_GOAL
30.48,1.6581,1.0217,0.6194,1.4173,1.3599,1.6632,1.0216,0.2767,GO_GOAL
30.5,1.6611,1.0238,0.6194,1.42,1.3622,1.6632,1.0216,0.2774,GO_GOAL
30.52,1.664,1.0259,0.6194,1.4254,1.367,1.6778,1.032,0.2782,GO_GOAL
30.54,1.6669,1.028,0.6194,1.4254,1.367,1.6778,1.032,0.279,GO_GOAL
30.56,1.6699,1.0301,0.6194,1.4281,1.3693,1.6778,1.032,0.2798,GO_GOAL
30.58,1.6728,1.0322,0.6194,1.4308,1.3717,1.6778,1.032,0.2807,GO_GOAL
30.6,1.6757,1.0343,0.6194,1.4335,1.3741,1.6778,1.032,0.2815,GO_GOAL
30.62,1.6786,1.0363,0.6194,1.4362,1.3764,1.6925,1.0425,0.2824,GO_GOAL
30.64,1.6816,1.0384,0.6194,1.439,1.3788,1.6925,1.0425,0.2833,GO_GOAL
30.66,1.6845,1.0405,0.6194,1.4417,1.3812,1.6925,1.0425,0.2842,GO_GOAL
30.68,1.6874,1.0426,0.6194,1.4444,1.3835,1.6925,1.0425,0.2852,GO_GOAL
30.7,1.6904,1.0447,0.6194,1.4471,1.3859,1.6925,1.0425,0.2861,GO_GOAL
30.72,1.6933,1.0468,0.6194,1.4498,1.3883,1.7071,1.053,0.2871,GO_GOAL
30.74,1.6962,1.0489,0.6194,1.4525,1.3906,1.7071,1.053,0.2881,GO_GOAL
30.76,1.6992,1.051,0.6194,1.4552,1.393,1.7071,1.053,0.2891,GO_GOAL
30.78,1.7021,1.0531,0.6194,1.4579,1.3954,1.7071,1.053,0.2902,GO_GOAL
30.8,1.705,1.0552,0.6194,1.4634,1.4001,1.7071,1.053,0.2912,GO_GOAL
30.82,1.708,1.0572,0.6194,1.4634,1.4001,1.7218,1.0634,0.2923,GO_GOAL
30.84,1.7109,1.0593,0.6194,1.4688,1.4048,1.7218,1.0634,0.2934,GO_GOAL
30.86,1.7138,1.0614,0.6194,1.4688,1.4048,1.7218,1.0634,0.2945,GO_GOAL
30.88,1.7168,1.0635,0.6194,1.4715,1.4072,1.7218,1.0634,0.2957,GO_GOAL
30.9,1.7197,1.0656,0.6194,1.4742,1.4096,1.7218,1.0634,0.2968,GO_GOAL
30.92,1.7226,1.0677,0.6194,1.4769,1.4119,1.7364,1.0739,0.298,GO_GOAL
30.94,1.7255,1.0698,0.6194,1.4796,1.4143,1.7364,1.0739,0.2992,GO_GOAL
30.96,1.7285,1.0719,0.6194,1.4824,1.4167,1.7364,1.0739,0.3004,GO_GOAL
30.98,1.7314,1.074,0.6194,1.4851,1.419,1.7364,1.0739,0.3017,GO_GOAL
31.0,1.7343,1.0761,0.6194,1.4905,1.4238,1.7364,1.0739,0.3029,GO_GOAL
31.02,1.7373,1.0782,0.6194,1.4905,1.4238,1.7511,1.0843,0.3042,GO_GOAL
31.04,1.7402,1.0802,0.6194,1.4932,1.4261,1.7511,1.0843,0.3055,GO_GOAL
31.06,1.7431,1.0823,0.6194,1.4959,1.4285,1.7511,1.0843,0.3068,GO_GOAL
31.08,1.7461,1.0844,0.6194,1.4986,1.4309,1.7511,1.0843,0.3081,GO_GOAL
31.1,1.749,1.0865,0.6194,1.5013,1.4332,1.7511,1.0843,0.3095,GO_GOAL
31.12,1.7519,1.0886,0.6194,1.5041,1.4356,1.7657,1.0948,0.3108,GO_GOAL
31.14,1.7549,1.0907,0.6194,1.5068,1.438,1.7657,1.0948,0.3122,GO_GOAL
31.16,1.7578,1.0928,0.6194,1.5095,1.4403,1.7657,1.0948,0.3136,GO_GOAL
31.18,1.7607,1.0949,0.6194,1.5122,1.4427,1.7657,1.0948,0.315,GO_GOAL
31.2,1.7637,1.097,0.6194,1.5149,1.4451,1.7657,1.0948,0.3165,GO_GOAL
31.22,1.7666,1.0991,0.6194,1.5176,1.4474,1.7833,1.1073,0.3179,GO_GOAL
31.24,1.7695,1.1011,0.6194,1.5203,1.4498,1.7833,1.1073,0.3194,GO_GOAL
31.26,1.7724,1.1032,0.6194,1.523,1.4522,1.7833,1.1073,0.3209,GO_GOAL
31.28,1.7754,1.1053,0.6194,1.5285,1.4569,1.7833,1.1073,0.3224,GO_GOAL
31.3,1.7783,1.1074,0.6194,1.5285,1.4569,1.7833,1.1073,0.3239,GO_GOAL
31.32,1.7812,1.1095,0.6194,1.5312,1.4593,1.7951,1.1157,0.3254,GO_GOAL
31.34,1.7842,1.1116,0.6194,1.5339,1.4616,1.7951,1.1157,0.327,GO_GOAL
31.36,1.7871,1.1137,0.6194,1.5366,1.464,1.7951,1.1157,0.3285,GO_GOAL
31.38,1.79,1.1158,0.6194,1.542,1.4687,1.7951,1.1157,0.3301,GO_GOAL
31.4,1.793,1.1179,0.6194,1.542,1.4687,1.7951,1.1157,0.3317,GO_GOAL
31.42,1.7959,1.12,0.6194,1.5447,1.4711,1.8097,1.1261,0.3333,GO_GOAL
31.44,1.7988,1.122,0.6194,1.5475,1.4735,1.8097,1.1261,0.335,GO_GOAL
31.46,1.8018,1.1241,0.6194,1.5502,1.4758,1.8097,1.1261,0.3366,GO_GOAL
31.48,1.8047,1.1262,0.6194,1.5556,1.4806,1.8097,1.1261,0.3383,GO_GOAL
31.5,1.8076,1.1283,0.6194,1.5556,1.4806,1.8097,1.1261,0.34,GO_GOAL
31.52,1.8106,1.1304,0.6194,1.5583,1.4829,1.8244,1.1366,0.3417,GO_GOAL
31.54,1.8135,1.1325,0.6194,1.5637,1.4877,1.8244,1.1366,0.3434,GO_GOAL
31.56,1.8164,1.1346,0.6194,1.5637,1.4877,1.8244,1.1366,0.3451,GO_GOAL
31.58,1.8193,1.1367,0.6194,1.5664,1.49,1.8244,1.1366,0.3469,GO_GOAL
31.6,1.8223,1.1388,0.6194,1.5719,1.4948,1.839,1.147,0.3486,GO_GOAL
31.62,1.8252,1.1409,0.6194,1.5746,1.4971,1.839,1.147,0.3504,GO_GOAL
31.64,1.8281,1.1429,0.6194,1.5746,1.4971,1.839,1.147,0.3522,GO_GOAL
31.66,1.8311,1.145,0.6194,1.5773,1.4995,1.839,1.147,0.354,GO_GOAL
31.68,1.834,1.1471,0.6194,1.58,1.5019,1.839,1.147,0.3558,GO_GOAL
31.7,1.8369,1.1492,0.6194,1.5827,1.5043,1.839,1.147,0.3576,GO_GOAL
31.72,1.8399,1.1513,0.6194,1.5854,1.5066,1.8537,1.1575,0.3595,GO_GOAL
31.74,1.8428,1.1534,0.6194,1.5909,1.5114,1.8537,1.1575,0.3613,GO_GOAL
31.76,1.8457,1.1555,0.6194,1.5909,1.5114,1.8537,1.1575,0.3632,GO_GOAL
31.78,1.8487,1.1576,0.6194,1.5963,1.5161,1.8537,1.1575,0.3651,GO_GOAL
31.8,1.8516,1.1597,0.6194,1.5963,1.5161,1.8537,1.1575,0.367,GO_GOAL
31.82,1.8545,1.1618,0.6194,1.599,1.5185,1.8683,1.168,0.3689,GO_GOAL
31.84,1.8575,1.1638,0.6194,1.6017,1.5208,1.8683,1.168,0.3708,GO_GOAL
31.86,1.8604,1.1659,0.6194,1.6044,1.5232,1.8683,1.168,0.3728,GO_GOAL
31.88,1.8633,1.168,0.6194,1.6071,1.5256,1.8683,1.168,0.3747,GO_GOAL
31.9,1.8662,1.1701,0.6194,1.6098,1.5279,1.8683,1.168,0.3767,GO_GOAL
31.92,1.8692,1.1722,0.6194,1.6126,1.5303,1.883,1.1784,0.3787,GO_GOAL
31.94,1.8721,1.1743,0.6194,1.6153,1.5327,1.883,1.1784,0.3807,GO_GOAL
31.96,1.875,1.1764,0.6194,1.618,1.535,1.883,1.1784,0.3827,GO_GOAL
31.98,1.878,1.1785,0.6194,1.6207,1.5374,1.883,1.1784,0.3847,GO_GOAL
32.0,1.8809,1.1806,0.6194,1.6234,1.5398,1.883,1.1784,0.3868,GO_GOAL
32.02,1.8838,1.1827,0.6194,1.6261,1.5421,1.8976,1.1889,0.3888,GO_GOAL
32.04,1.8868,1.1847,0.6194,1.6288,1.5445,1.8976,1.1889,0.3909,GO_GOAL
32.06,1.8897,1.1868,0.6194,1.6315,1.5469,1.8976,1.1889,0.3929,GO_GOAL
32.08,1.8926,1.1889,0.6194,1.6343,1.5492,1.8976,1.1889,0.395,GO_GOAL
32.1,1.8956,1.191,0.6194,1.637,1.5516,1.8976,1.1889,0.3971,GO_GOAL
32.12,1.8985,1.1931,0.6194,1.6424,1.5563,1.9123,1.1993,0.3992,GO_GOAL
32.14,1.9014,1.1952,0.6194,1.6424,1.5563,1.9123,1.1993,0.4013,GO_GOAL
32.16,1.9044,1.1973,0.6194,1.6451,1.5587,1.9123,1.1993,0.4035,GO_GOAL
32.18,1.9073,1.1994,0.6194,1.6478,1.5611,1.9123,1.1993,0.4056,GO_GOAL
32.2,1.9102,1.2015,0.6194,1.6505,1.5634,1.9123,1.1993,0.4078,GO_GOAL
32.22,1.9131,1.2036,0.6194,1.6532,1.5658,1.9299,1.2119,0.4099,GO_GOAL
32.24,1.9161,1.2056,0.6194,1.656,1.5682,1.9299,1.2119,0.4121,GO_GOAL
32.26,1.919,1.2077,0.6194,1.6614,1.5729,1.9299,1.2119,0.4143,GO_GOAL
32.28,1.9219,1.2098,0.6194,1.6614,1.5729,1.9299,1.2119,0.4165,GO_GOAL
32.3,1.9249,1.2119,0.6194,1.6668,1.5776,1.9299,1.2119,0.4187,GO_GOAL
32.32,1.9278,1.214,0.6194,1.6668,1.5776,1.9416,1.2202,0.421,GO_GOAL
32.34,1.9307,1.2161,0.6194,1.6695,1.58,1.9416,1.2202,0.4232,GO_GOAL
32.36,1.9337,1.2182,0.6194,1.6722,1.5824,1.9416,1.2202,0.4254,GO_GOAL
32.38,1.9366,1.2203,0.6194,1.6749,1.5847,1.9416,1.2202,0.4277,GO_GOAL
32.4,1.9395,1.2224,0.6194,1.6777,1.5871,1.9416,1.2202,0.43,GO_GOAL
32.42,1.9425,1.2245,0.6194,1.6804,1.5895,1.9562,1.2307,0.4322,GO_GOAL
32.44,1.9454,1.2265,0.6194,1.6831,1.5918,1.9562,1.2307,0.4345,GO_GOAL
32.46,1.9483,1.2286,0.6194,1.6858,1.5942,1.9562,1.2307,0.4368,GO_GOAL
32.48,1.9512,1.2307,0.6194,1.6885,1.5966,1.9562,1.2307,0.4391,GO_GOAL
32.5,1.9542,1.2328,0.6194,1.6912,1.5989,1.9709,1.2411,0.4414,GO_GOAL
32.52,1.9571,1.2349,0.6194,1.6939,1.6013,1.9709,1.2411,0.4438,GO_GOAL
32.54,1.96,1.237,0.6194,1.6966,1.6037,1.9709,1.2411,0.4461,GO_GOAL
32.56,1.963,1.2391,0.6194,1.6994,1.606,1.9709,1.2411,0.4485,GO_GOAL
32.58,1.9659,1.2412,0.6194,1.7021,1.6084,1.9709,1.2411,0.4508,GO_GOAL
32.6,1.9688,1.2433,0.6194,1.7048,1.6108,1.9709,1.2411,0.4532,GO_GOAL
32.62,1.9716,1.2452,0.6196,1.7075,1.6131,1.9855,1.2516,0.4555,GO_GOAL
32.64,1.9744,1.2472,0.6204,1.7102,1.6155,1.9855,1.2516,0.4577,GO_GOAL
32.66,1.9771,1.2492,0.6215,1.7129,1.6179,1.9855,1.2516,0.46,GO_GOAL
32.68,1.9799,1.2511,0.6232,1.7182,1.6226,1.9855,1.2516,0.4623,GO_GOAL
32.7,1.9827,1.2532,0.6253,1.7208,1.625,1.9855,1.2516,0.4646,GO_GOAL
32.72,1.9855,1.2552,0.6279,1.7235,1.6274,2.0001,1.262,0.467,GO_GOAL
32.74,1.9883,1.2573,0.6309,1.7235,1.6274,2.0001,1.262,0.4694,GO_GOAL
32.76,1.9912,1.2593,0.6344,1.7288,1.6322,2.0001,1.262,0.4719,GO_GOAL
32.78,1.994,1.2615,0.6379,1.7288,1.6322,2.0001,1.262,0.4743,GO_GOAL
32.8,1.9969,1.2636,0.6413,1.7314,1.6346,2.0001,1.262,0.4768,GO_GOAL
32.82,1.9997,1.2657,0.6448,1.734,1.6371,2.0145,1.2726,0.4792,GO_GOAL
32.84,2.0025,1.2678,0.6483,1.7366,1.6395,2.0145,1.2726,0.4816,GO_GOAL
32.86,2.0053,1.27,0.6518,1.7392,1.642,2.0145,1.2726,0.4841,GO_GOAL
32.88,2.0082,1.2721,0.6553,1.7418,1.6444,2.0145,1.2726,0.4865,GO_GOAL
32.9,2.011,1.2743,0.6588,1.7444,1.6469,2.0145,1.2726,0.489,GO_GOAL
32.92,2.0139,1.2766,0.6621,1.7469,1.6494,2.0287,1.2833,0.4915,GO_GOAL
32.94,2.0169,1.2789,0.6648,1.7495,1.6519,2.0287,1.2833,0.4941,GO_GOAL
32.96,2.0198,1.2812,0.6671,1.7521,1.6544,2.0287,1.2833,0.4967,GO_GOAL
32.98,2.0228,1.2835,0.669,1.7547,1.6569,2.0287,1.2833,0.4992,GO_GOAL
33.0,2.0257,1.2858,0.6703,1.7599,1.6619,2.0287,1.2833,0.5017,GO_GOAL
33.02,2.0285,1.2881,0.6712,1.7624,1.6644,2.0457,1.2967,0.5042,GO_GOAL
33.04,2.0314,1.2904,0.6717,1.7624,1.6644,2.0457,1.2967,0.5067,GO_GOAL
33.06,2.0342,1.2926,0.6717,1.765,1.6669,2.0457,1.2967,0.5091,GO_GOAL
33.08,2.037,1.2949,0.6717,1.7676,1.6694,2.0457,1.2967,0.5115,GO_GOAL
33.1,2.0398,1.2971,0.6717,1.7702,1.672,2.0457,1.2967,0.514,GO_GOAL
33.12,2.0427,1.2993,0.6717,1.7728,1.6745,2.057,1.3056,0.5164,GO_GOAL
33.14,2.0455,1.3016,0.6717,1.7754,1.677,2.057,1.3056,0.5189,GO_GOAL
33.16,2.0483,1.3038,0.6717,1.778,1.6795,2.057,1.3056,0.5214,GO_GOAL
33.18,2.0511,1.3061,0.6717,1.7805,1.682,2.057,1.3056,0.5239,GO_GOAL
33.2,2.0539,1.3083,0.6717,1.7857,1.687,2.0711,1.3168,0.5264,GO_GOAL
33.22,2.0567,1.3105,0.6717,1.7883,1.6895,2.0711,1.3168,0.5289,GO_GOAL
33.24,2.0596,1.3128,0.6717,1.7883,1.6895,2.0711,1.3168,0.5314,GO_GOAL
33.26,2.0624,1.315,0.6717,1.7909,1.692,2.0711,1.3168,0.5339,GO_GOAL
33.28,2.0652,1.3173,0.6717,1.7935,1.6945,2.0711,1.3168,0.5364,GO_GOAL
33.3,2.068,1.3195,0.6717,1.796,1.697,2.0711,1.3168,0.5389,GO_GOAL
33.32,2.0708,1.3217,0.6717,1.7986,1.6995,2.0852,1.328,0.5415,GO_GOAL
33.34,2.0736,1.324,0.6717,1.8012,1.702,2.0852,1.328,0.544,GO_GOAL
33.36,2.0765,1.3262,0.6717,1.8038,1.7045,2.0852,1.328,0.5466,GO_GOAL
33.38,2.0793,1.3285,0.6717,1.8064,1.707,2.0852,1.328,0.5491,GO_GOAL
33.4,2.0821,1.3307,0.6717,1.809,1.7095,2.0852,1.328,0.5517,GO_GOAL
33.42,2.0849,1.3329,0.6717,1.8116,1.712,2.1021,1.3415,0.5543,GO_GOAL
33.44,2.0877,1.3352,0.6717,1.8141,1.7145,2.1021,1.3415,0.5568,GO_GOAL
33.46,2.0906,1.3374,0.6717,1.8167,1.7171,2.1021,1.3415,0.5594,GO_GOAL
33.48,2.0934,1.3397,0.6717,1.8193,1.7196,2.1021,1.3415,0.562,GO_GOAL
33.5,2.0962,1.3419,0.6717,1.8219,1.7221,2.1021,1.3415,0.5646,GO_GOAL
33.52,2.099,1.3441,0.6717,1.8245,1.7246,2.1161,1.3527,0.5672,GO_GOAL
33.54,2.1018,1.3464,0.6717,1.8271,1.7271,2.1161,1.3527,0.5699,GO_GOAL
33.56,2.1046,1.3486,0.6717,1.8296,1.7296,2.1161,1.3527,0.5725,GO_GOAL
33.58,2.1075,1.3509,0.6717,1.8322,1.7321,2.1161,1.3527,0.5751,GO_GOAL
33.6,2.1103,1.3531,0.6717,1.8348,1.7346,2.1161,1.3527,0.5777,GO_GOAL
33.62,2.1131,1.3553,0.6717,1.8374,1.7371,2.1274,1.3616,0.5804,GO_GOAL
33.64,2.1159,1.3576,0.6717,1.84,1.7396,2.1274,1.3616,0.583,GO_GOAL
33.66,2.1187,1.3598,0.6717,1.8426,1.7421,2.1274,1.3616,0.5857,GO_GOAL
33.68,2.1216,1.3621,0.6717,1.8452,1.7446,2.1274,1.3616,0.5884,GO_GOAL
33.7,2.1244,1.3643,0.6717,1.8477,1.7471,2.1274,1.3616,0.591,GO_GOAL
33.72,2.1272,1.3666,0.6717,1.8503,1.7496,2.1415,1.3729,0.5937,GO_GOAL
33.74,2.13,1.3688,0.6717,1.8555,1.7546,2.1415,1.3729,0.5964,GO_GOAL
33.76,2.1328,1.371,0.6717,1.8555,1.7546,2.1415,1.3729,0.5991,GO_GOAL
33.78,2.1356,1.3733,0.6717,1.8581,1.7571,2.1415,1.3729,0.6018,GO_GOAL
33.8,2.1385,1.3755,0.6717,1.8633,1.7622,2.1415,1.3729,0.6045,GO_GOAL
33.82,2.1413,1.3778,0.6717,1.8633,1.7622,2.1556,1.3841,0.6072,GO_GOAL
33.84,2.1441,1.38,0.6717,1.8658,1.7647,2.1556,1.3841,0.6099,GO_GOAL
33.86,2.1469,1.3822,0.6717,1.871,1.7697,2.1556,1.3841,0.6126,GO_GOAL
33.88,2.1497,1.3845,0.6717,1.871,1.7697,2.1556,1.3841,0.6154,GO_GOAL
33.9,2.1525,1.3867,0.6717,1.8736,1.7722,2.1697,1.3953,0.6181,GO_GOAL
33.92,2.1554,1.389,0.6717,1.8762,1.7747,2.1697,1.3953,0.6208,GO_GOAL
33.94,2.1582,1.3912,0.6717,1.8788,1.7772,2.1697,1.3953,0.6236,GO_GOAL
33.96,2.161,1.3934,0.6717,1.8813,1.7797,2.1697,1.3953,0.6263,GO_GOAL
33.98,2.1638,1.3957,0.6717,1.8839,1.7822,2.1697,1.3953,0.6291,GO_GOAL
34.0,2.1666,1.3979,0.6717,1.8891,1.7872,2.1697,1.3953,0.6318,GO_GOAL
34.02,2.1695,1.4002,0.6717,1.8891,1.7872,2.1838,1.4065,0.6346,GO_GOAL
34.04,2.1723,1.4024,0.6717,1.8917,1.7897,2.1838,1.4065,0.6374,GO_GOAL
34.06,2.1751,1.4046,0.6717,1.8943,1.7922,2.1838,1.4065,0.6402,GO_GOAL
34.08,2.1779,1.4069,0.6717,1.8969,1.7947,2.1838,1.4065,0.643,GO_GOAL
34.1,2.1807,1.4091,0.6717,1.8994,1.7972,2.1838,1.4065,0.6457,GO_GOAL
34.12,2.1835,1.4114,0.6717,1.902,1.7997,2.1978,1.4177,0.6485,GO_GOAL
34.14,2.1864,1.4136,0.6717,1.9046,1.8023,2.1978,1.4177,0.6513,GO_GOAL
34.16,2.1892,1.4158,0.6717,1.9072,1.8048,2.1978,1.4177,0.6541,GO_GOAL
34.18,2.192,1.4181,0.6717,1.9098,1.8073,2.1978,1.4177,0.657,GO_GOAL
34.2,2.1948,1.4203,0.6717,1.9149,1.8123,2.1978,1.4177,0.6598,GO_GOAL
34.218,2.1976,1.4226,0.6717,1.9149,1.8123,2.2119,1.4289,0.6626,GO_GOAL
34.24,2.2005,1.4248,0.6717,1.9175,1.8148,2.2119,1.4289,0.6654,GO_GOAL
34.26,2.2033,1.427,0.6717,1.9201,1.8173,2.2119,1.4289,0.6682,GO_GOAL
34.28,2.2061,1.4293,0.6717,1.9253,1.8223,2.2119,1.4289,0.6711,GO_GOAL
34.3,2.2089,1.4315,0.6717,1.9253,1.8223,2.2119,1.4289,0.6739,GO_GOAL
34.32,2.2117,1.4338,0.6717,1.9279,1.8248,2.226,1.4401,0.6768,GO_GOAL
34.34,2.2145,1.436,0.6717,1.9305,1.8273,2.226,1.4401,0.6796,GO_GOAL
34.36,2.2174,1.4382,0.6717,1.933,1.8298,2.226,1.4401,0.6825,GO_GOAL
34.38,2.2202,1.4405,0.6717,1.9356,1.8323,2.226,1.4401,0.6853,GO_GOAL
34.4,2.223,1.4427,0.6717,1.9382,1.8348,2.226,1.4401,0.6882,GO_GOAL
34.42,2.2258,1.445,0.6717,1.9408,1.8373,2.2401,1.4513,0.6911,GO_GOAL
34.44,2.2286,1.4472,0.6717,1.9434,1.8398,2.2401,1.4513,0.694,GO_GOAL
34.46,2.2315,1.4494,0.6717,1.946,1.8423,2.2401,1.4513,0.6968,GO_GOAL
34.48,2.2343,1.4517,0.6717,1.9485,1.8448,2.2401,1.4513,0.6997,GO_GOAL
34.5,2.2371,1.4539,0.6717,1.9511,1.8474,2.2401,1.4513,0.7026,GO_GOAL
34.52,2.2399,1.4562,0.6717,1.9537,1.8499,2.2542,1.4625,0.7055,GO_GOAL
34.54,2.2427,1.4584,0.6717,1.9563,1.8524,2.2542,1.4625,0.7084,GO_GOAL
34.56,2.2455,1.4606,0.6717,1.9589,1.8549,2.2542,1.4625,0.7113,GO_GOAL
34.58,2.2484,1.4629,0.6717,1.9641,1.8599,2.2542,1.4625,0.7142,GO_GOAL
34.6,2.2512,1.4651,0.6717,1.9641,1.8599,2.2542,1.4625,0.7171,GO_GOAL
34.62,2.254,1.4674,0.6717,1.9666,1.8624,2.2683,1.4737,0.72,GO_GOAL
34.64,2.2568,1.4696,0.6717,1.9692,1.8649,2.2683,1.4737,0.723,GO_GOAL
34.66,2.2596,1.4718,0.6717,1.9718,1.8674,2.2683,1.4737,0.7259,GO_GOAL
34.68,2.2624,1.4741,0.6717,1.9744,1.8699,2.2683,1.4737,0.7288,GO_GOAL
34.7,2.2653,1.4763,0.6717,1.977,1.8724,2.2683,1.4737,0.7317,GO_GOAL
34.72,2.2681,1.4786,0.6717,1.9822,1.8774,2.2824,1.4849,0.7347,GO_GOAL
34.74,2.2709,1.4808,0.6717,1.9822,1.8774,2.2824,1.4849,0.7376,GO_GOAL
34.76,2.2737,1.483,0.6717,1.9847,1.8799,2.2824,1.4849,0.7406,GO_GOAL
34.78,2.2765,1.4853,0.6717,1.9873,1.8824,2.2824,1.4849,0.7435,GO_GOAL
34.8,2.2794,1.4875,0.6717,1.9899,1.8849,2.2824,1.4849,0.7465,GO_GOAL
34.82,2.2822,1.4898,0.6717,1.9925,1.8874,2.2965,1.4961,0.7494,GO_GOAL
34.84,2.285,1.492,0.6717,1.9951,1.89,2.2965,1.4961,0.7524,GO_GOAL
34.86,2.2878,1.4943,0.6717,1.9977,1.8925,2.2965,1.4961,0.7554,GO_GOAL
34.88,2.2906,1.4965,0.6717,2.0002,1.895,2.2965,1.4961,0.7583,GO_GOAL
34.9,2.2934,1.4987,0.6717,2.0028,1.8975,2.2965,1.4961,0.7613,GO_GOAL
34.92,2.2963,1.501,0.6717,2.0054,1.9,2.3105,1.5073,0.7643,GO_GOAL
34.94,2.2991,1.5032,0.6717,2.008,1.9025,2.3105,1.5073,0.7673,GO_GOAL
34.96,2.3019,1.5055,0.6717,2.0106,1.905,2.3105,1.5073,0.7702,GO_GOAL
34.98,2.3047,1.5077,0.6717,2.0158,1.91,2.3105,1.5073,0.7732,GO_GOAL
35.0,2.3075,1.5099,0.6717,2.0158,1.91,2.3105,1.5073,0.7762,GO_GOAL
35.02,2.3104,1.5122,0.6717,2.0183,1.9125,2.3246,1.5185,0.7792,GO_GOAL
35.04,2.3132,1.5144,0.6717,2.0209,1.915,2.3246,1.5185,0.7822,GO_GOAL
35.06,2.316,1.5167,0.6717,2.0235,1.9175,2.3246,1.5185,0.7852,GO_GOAL
35.08,2.3188,1.5189,0.6717,2.0261,1.92,2.3246,1.5185,0.7882,GO_GOAL
35.1,2.3216,1.5211,0.6717,2.0287,1.9225,2.3246,1.5185,0.7912,GO_GOAL
35.12,2.3244,1.5234,0.6717,2.0313,1.925,2.3387,1.5297,0.7943,GO_GOAL
35.14,2.3273,1.5256,0.6717,2.0364,1.93,2.3387,1.5297,0.7973,GO_GOAL
35.16,2.3301,1.5279,0.6717,2.0364,1.93,2.3387,1.5297,0.8003,GO_GOAL
35.18,2.3329,1.5301,0.6717,2.039,1.9326,2.3387,1.5297,0.8033,GO_GOAL
35.2,2.3357,1.5323,0.6717,2.0416,1.9351,2.3387,1.5297,0.8063,GO_GOAL
35.22,2.3385,1.5346,0.6717,2.0442,1.9376,2.3528,1.5409,0.8094,GO_GOAL
35.24,2.3414,1.5368,0.6717,2.0468,1.9401,2.3528,1.5409,0.8124,GO_GOAL
35.26,2.3442,1.5391,0.6717,2.0494,1.9426,2.3528,1.5409,0.8154,GO_GOAL
35.28,2.347,1.5413,0.6717,2.0519,1.9451,2.3528,1.5409,0.818,GO_GOAL
35.3,2.3498,1.5435,0.6717,2.0545,1.9476,2.3528,1.5409,0.8205,GO_GOAL
35.32,2.3526,1.5458,0.6717,2.0571,1.9501,2.3669,1.5522,0.8231,GO_GOAL
35.34,2.3554,1.548,0.6717,2.0597,1.9526,2.3669,1.5522,0.8256,GO_GOAL
35.36,2.3583,1.5503,0.6717,2.0623,1.9551,2.3669,1.5522,0.8282,GO_GOAL
35.38,2.3611,1.5525,0.6717,2.0649,1.9576,2.3669,1.5522,0.8307,GO_GOAL
35.4,2.3639,1.5547,0.6717,2.0674,1.9601,2.3669,1.5522,0.8333,GO_GOAL
35.42,2.3667,1.557,0.6717,2.07,1.9626,2.381,1.5634,0.8359,GO_GOAL
35.44,2.3695,1.5592,0.6717,2.0726,1.9651,2.381,1.5634,0.8384,GO_GOAL
35.46,2.3723,1.5615,0.6717,2.0752,1.9676,2.381,1.5634,0.841,GO_GOAL
35.48,2.3752,1.5637,0.6717,2.0778,1.9701,2.381,1.5634,0.8436,GO_GOAL
35.5,2.378,1.5659,0.6717,2.0804,1.9726,2.381,1.5634,0.844,GO_GOAL
35.52,2.3808,1.5682,0.6717,2.083,1.9751,2.3951,1.5746,0.8417,GO_GOAL
35.54,2.3836,1.5704,0.6717,2.0855,1.9777,2.3951,1.5746,0.8395,GO_GOAL
35.56,2.3864,1.5727,0.6717,2.0881,1.9802,2.3951,1.5746,0.8372,GO_GOAL
35.58,2.3893,1.5749,0.6717,2.0933,1.9852,2.3951,1.5746,0.835,GO_GOAL
35.6,2.3921,1.5771,0.6717,2.0933,1.9852,2.4091,1.5858,0.8328,GO_GOAL
35.62,2.3949,1.5794,0.6717,2.0959,1.9877,2.4091,1.5858,0.8305,GO_GOAL
35.64,2.3977,1.5816,0.6717,2.0985,1.9902,2.4091,1.5858,0.8283,GO_GOAL
35.66,2.4005,1.5839,0.6717,2.1011,1.9927,2.4091,1.5858,0.826,GO_GOAL
35.68,2.4033,1.5861,0.6717,2.1036,1.9952,2.4091,1.5858,0.8238,GO_GOAL
35.7,2.4062,1.5883,0.6717,2.1062,1.9977,2.4091,1.5858,0.8216,GO_GOAL
35.72,2.409,1.5906,0.6717,2.1088,2.0002,2.4232,1.597,0.8193,GO_GOAL
35.74,2.4118,1.5928,0.6717,2.114,2.0052,2.4232,1.597,0.8171,GO_GOAL
35.76,2.4146,1.5951,0.6717,2.114,2.0052,2.4232,1.597,0.8148,GO_GOAL
35.78,2.4174,1.5973,0.6717,2.1166,2.0077,2.4232,1.597,0.8126,GO_GOAL
35.8,2.4203,1.5995,0.6717,2.1191,2.0102,2.4232,1.597,0.8104,GO_GOAL
35.82,2.4231,1.6018,0.6717,2.1217,2.0127,2.4401,1.6104,0.8081,GO_GOAL
35.84,2.4259,1.604,0.6717,2.1269,2.0177,2.4401,1.6104,0.8059,GO_GOAL
35.86,2.4287,1.6063,0.6717,2.1269,2.0177,2.4401,1.6104,0.8036,GO_GOAL
35.88,2.4315,1.6085,0.6717,2.1295,2.0203,2.4401,1.6104,0.8014,GO_GOAL
35.9,2.4343,1.6108,0.6717,2.1321,2.0228,2.4401,1.6104,0.7992,GO_GOAL
35.92,2.4372,1.613,0.6717,2.1347,2.0253,2.4514,1.6194,0.7969,GO_GOAL
35.94,2.44,1.6152,0.6717,2.1398,2.0303,2.4514,1.6194,0.7947,GO_GOAL
35.96,2.4428,1.6175,0.6717,2.1398,2.0303,2.4514,1.6194,0.7924,GO_GOAL
35.98,2.4456,1.6197,0.6717,2.1424,2.0328,2.4514,1.6194,0.7902,GO_GOAL
36.0,2.4484,1.622,0.6717,2.145,2.0353,2.4514,1.6194,0.788,GO_GOAL
36.02,2.4512,1.6242,0.6717,2.1476,2.0378,2.4655,1.6306,0.7857,GO_GOAL
36.04,2.4541,1.6264,0.6717,2.1502,2.0403,2.4655,1.6306,0.7835,GO_GOAL
36.06,2.4569,1.6287,0.6717,2.1527,2.0428,2.4655,1.6306,0.7812,GO_GOAL
36.08,2.4597,1.6309,0.6717,2.1553,2.0453,2.4655,1.6306,0.779,GO_GOAL
36.1,2.4625,1.6332,0.6717,2.1579,2.0478,2.4796,1.6418,0.7768,GO_GOAL
36.12,2.4653,1.6354,0.6717,2.1605,2.0503,2.4796,1.6418,0.7745,GO_GOAL
36.14,2.4682,1.6376,0.6717,2.1631,2.0528,2.4796,1.6418,0.7723,GO_GOAL
36.16,2.471,1.6399,0.6717,2.1657,2.0553,2.4796,1.6418,0.77,GO_GOAL
36.18,2.4738,1.6421,0.6717,2.1683,2.0578,2.4796,1.6418,0.7678,GO_GOAL
36.2,2.4766,1.6444,0.6717,2.1708,2.0603,2.4796,1.6418,0.7656,GO_GOAL
36.22,2.4794,1.6466,0.6717,2.1734,2.0629,2.4937,1.653,0.7633,GO_GOAL
36.24,2.4822,1.6488,0.6717,2.176,2.0654,2.4937,1.653,0.7611,GO_GOAL
36.26,2.4851,1.6511,0.6717,2.1786,2.0679,2.4937,1.653,0.7588,GO_GOAL
36.28,2.4879,1.6533,0.6717,2.1812,2.0704,2.4937,1.653,0.7566,GO_GOAL
36.3,2.4907,1.6556,0.6717,2.1838,2.0729,2.5078,1.6642,0.7544,GO_GOAL
36.32,2.4935,1.6578,0.6717,2.1889,2.0779,2.5078,1.6642,0.7521,GO_GOAL
36.34,2.4963,1.66,0.6717,2.1889,2.0779,2.5078,1.6642,0.7499,GO_GOAL
36.36,2.4992,1.6623,0.6717,2.1915,2.0804,2.5078,1.6642,0.7476,GO_GOAL
36.38,2.502,1.6645,0.6717,2.1941,2.0829,2.5078,1.6642,0.7454,GO_GOAL
36.4,2.5048,1.6668,0.6717,2.1967,2.0854,2.5078,1.6642,0.7432,GO_GOAL
36.42,2.5076,1.669,0.6717,2.2019,2.0904,2.5218,1.6754,0.7409,GO_GOAL
36.44,2.5104,1.6712,0.6717,2.2019,2.0904,2.5218,1.6754,0.7387,GO_GOAL
36.46,2.5132,1.6735,0.6717,2.2044,2.0929,2.5218,1.6754,0.7364,GO_GOAL
36.48,2.5161,1.6757,0.6717,2.207,2.0954,2.5218,1.6754,0.7342,GO_GOAL
36.5,2.5189,1.678,0.6717,2.2096,2.0979,2.5218,1.6754,0.732,GO_GOAL
36.52,2.5217,1.6802,0.6717,2.2148,2.1029,2.5359,1.6866,0.7297,GO_GOAL
36.54,2.5245,1.6824,0.6717,2.2148,2.1029,2.5359,1.6866,0.7275,GO_GOAL
36.56,2.5273,1.6847,0.6717,2.2174,2.1054,2.5359,1.6866,0.7252,GO_GOAL
36.58,2.5302,1.6869,0.6717,2.2225,2.1105,2.5359,1.6866,0.723,GO_GOAL
36.6,2.533,1.6892,0.6717,2.2225,2.1105,2.5359,1.6866,0.7207,GO_GOAL
36.62,2.5358,1.6914,0.6717,2.2277,2.1155,2.55,1.6978,0.7185,GO_GOAL
36.64,2.5386,1.6936,0.6717,2.2277,2.1155,2.55,1.6978,0.7163,GO_GOAL
36.66,2.5414,1.6959,0.6717,2.2303,2.118,2.55,1.6978,0.714,GO_GOAL
36.68,2.5442,1.6981,0.6717,2.2329,2.1205,2.55,1.6978,0.7118,GO_GOAL
36.7,2.5471,1.7004,0.6717,2.238,2.1255,2.5641,1.709,0.7095,GO_GOAL
36.72,2.5499,1.7026,0.6717,2.238,2.1255,2.5641,1.709,0.7073,GO_GOAL
36.74,2.5527,1.7048,0.6717,2.2432,2.1305,2.5641,1.709,0.7051,GO_GOAL
36.76,2.5555,1.7071,0.6717,2.2432,2.1305,2.5641,1.709,0.7028,GO_GOAL
36.78,2.5583,1.7093,0.6717,2.2458,2.133,2.5641,1.709,0.7006,GO_GOAL
36.8,2.5611,1.7116,0.6717,2.251,2.138,2.5641,1.709,0.6983,GO_GOAL
36.82,2.564,1.7138,0.6717,2.251,2.138,2.5782,1.7202,0.6961,GO_GOAL
36.84,2.5668,1.716,0.6717,2.2536,2.1405,2.5782,1.7202,0.6939,GO_GOAL
36.86,2.5696,1.7183,0.6717,2.2561,2.143,2.5782,1.7202,0.6916,GO_GOAL
36.88,2.5724,1.7205,0.6717,2.2587,2.1455,2.5782,1.7202,0.6894,GO_GOAL
36.9,2.5752,1.7228,0.6717,2.2613,2.148,2.5782,1.7202,0.6871,GO_GOAL
36.92,2.5781,1.725,0.6717,2.2639,2.1506,2.5923,1.7314,0.6849,GO_GOAL
36.94,2.5809,1.7273,0.6717,2.2665,2.1531,2.5923,1.7314,0.6827,GO_GOAL
36.96,2.5837,1.7295,0.6717,2.2691,2.1556,2.5923,1.7314,0.6804,GO_GOAL
36.98,2.5865,1.7317,0.6717,2.2742,2.1606,2.5923,1.7314,0.6782,GO_GOAL
37.0,2.5893,1.734,0.6717,2.2742,2.1606,2.5923,1.7314,0.6759,GO_GOAL
37.02,2.5921,1.7362,0.6717,2.2794,2.1656,2.6064,1.7426,0.6737,GO_GOAL
37.04,2.595,1.7385,0.6717,2.282,2.1681,2.6064,1.7426,0.6715,GO_GOAL
37.06,2.5978,1.7407,0.6717,2.282,2.1681,2.6064,1.7426,0.6692,GO_GOAL
37.08,2.6006,1.7429,0.6717,2.2846,2.1706,2.6064,1.7426,0.667,GO_GOAL
37.1,2.6034,1.7452,0.6717,2.2872,2.1731,2.6064,1.7426,0.6647,GO_GOAL
37.12,2.6062,1.7474,0.6717,2.2897,2.1756,2.6204,1.7539,0.6625,GO_GOAL
37.14,2.6091,1.7497,0.6717,2.2923,2.1781,2.6204,1.7539,0.6603,GO_GOAL
37.16,2.6119,1.7519,0.6717,2.2949,2.1806,2.6204,1.7539,0.658,GO_GOAL
37.18,2.6147,1.7541,0.6717,2.2975,2.1831,2.6204,1.7539,0.6558,GO_GOAL
37.2,2.6175,1.7564,0.6717,2.3001,2.1856,2.6204,1.7539,0.6535,GO_GOAL
37.22,2.6203,1.7586,0.6717,2.3027,2.1881,2.6345,1.7651,0.6513,GO_GOAL
37.24,2.6231,1.7609,0.6717,2.3052,2.1906,2.6345,1.7651,0.6491,GO_GOAL
37.26,2.626,1.7631,0.6717,2.3104,2.1957,2.6345,1.7651,0.6468,GO_GOAL
37.28,2.6288,1.7653,0.6717,2.3104,2.1957,2.6345,1.7651,0.6446,GO_GOAL
37.3,2.6316,1.7676,0.6717,2.313,2.1982,2.6486,1.7763,0.6423,GO_GOAL
37.32,2.6344,1.7698,0.6717,2.3156,2.2007,2.6486,1.7763,0.6401,GO_GOAL
37.34,2.6372,1.7721,0.6717,2.3182,2.2032,2.6486,1.7763,0.6379,GO_GOAL
37.36,2.6401,1.7743,0.6717,2.3233,2.2082,2.6486,1.7763,0.6356,GO_GOAL
37.38,2.6429,1.7765,0.6717,2.3233,2.2082,2.6486,1.7763,0.6334,GO_GOAL
37.4,2.6457,1.7788,0.6717,2.3259,2.2107,2.6486,1.7763,0.6311,GO_GOAL
37.42,2.6485,1.781,0.6717,2.3285,2.2132,2.6627,1.7875,0.6289,GO_GOAL
37.44,2.6513,1.7833,0.6717,2.3311,2.2157,2.6627,1.7875,0.6267,GO_GOAL
37.46,2.6541,1.7855,0.6717,2.3337,2.2182,2.6627,1.7875,0.6244,GO_GOAL
37.48,2.657,1.7877,0.6717,2.3363,2.2207,2.6627,1.7875,0.6222,GO_GOAL
37.5,2.6598,1.79,0.6717,2.3389,2.2232,2.6627,1.7875,0.6199,GO_GOAL
37.52,2.6626,1.7922,0.6717,2.3414,2.2257,2.6768,1.7987,0.6177,GO_GOAL
37.54,2.6654,1.7945,0.6717,2.344,2.2282,2.6768,1.7987,0.6155,GO_GOAL
37.56,2.6682,1.7967,0.6717,2.3466,2.2307,2.6768,1.7987,0.6132,GO_GOAL
37.58,2.671,1.7989,0.6717,2.3492,2.2332,2.6768,1.7987,0.611,GO_GOAL
37.6,2.6739,1.8012,0.6717,2.3518,2.2357,2.6768,1.7987,0.6087,GO_GOAL
37.62,2.6766,1.8033,0.6719,2.3569,2.2407,2.6909,1.8099,0.6066,GO_GOAL
37.64,2.6792,1.8054,0.6727,2.3569,2.2407,2.6909,1.8099,0.6045,GO_GOAL
37.66,2.6818,1.8075,0.6738,2.362,2.2458,2.6909,1.8099,0.6025,GO_GOAL
37.68,2.6845,1.8096,0.6755,2.362,2.2458,2.6909,1.8099,0.6004,GO_GOAL
37.7,2.6872,1.8118,0.6776,2.3646,2.2483,2.6909,1.8099,0.5983,GO_GOAL
37.72,2.6899,1.814,0.6802,2.3671,2.2508,2.7049,1.821,0.5962,GO_GOAL
37.74,2.6926,1.8162,0.6833,2.3696,2.2533,2.7049,1.821,0.594,GO_GOAL
37.76,2.6953,1.8184,0.6868,2.3721,2.2559,2.7049,1.821,0.5919,GO_GOAL
37.78,2.6981,1.8207,0.6902,2.3771,2.261,2.7049,1.821,0.5897,GO_GOAL
37.8,2.7008,1.8229,0.6937,2.3771,2.261,2.7049,1.821,0.5875,GO_GOAL
37.82,2.7035,1.8252,0.6972,2.3796,2.2636,2.7187,1.8323,0.5853,GO_GOAL
37.84,2.7062,1.8275,0.7007,2.3821,2.2661,2.7187,1.8323,0.5832,GO_GOAL
37.86,2.7089,1.8298,0.7042,2.387,2.2713,2.7187,1.8323,0.5809,GO_GOAL
37.88,2.7116,1.8321,0.7077,2.387,2.2713,2.7187,1.8323,0.5787,GO_GOAL
37.9,2.7143,1.8344,0.7112,2.3894,2.2739,2.7187,1.8323,0.5765,GO_GOAL
37.92,2.7171,1.8368,0.7144,2.3943,2.2791,2.7324,1.8438,0.5742,GO_GOAL
37.94,2.7199,1.8393,0.7172,2.3943,2.2791,2.7324,1.8438,0.5718,GO_GOAL
37.96,2.7227,1.8417,0.7195,2.3967,2.2817,2.7324,1.8438,0.5694,GO_GOAL
37.98,2.7255,1.8441,0.7214,2.3991,2.2843,2.7324,1.8438,0.567,GO_GOAL
38.0,2.7282,1.8465,0.7227,2.4039,2.2895,2.7324,1.8438,0.5646,GO_GOAL
38.02,2.7308,1.8488,0.7236,2.4039,2.2895,2.7458,1.8555,0.5624,GO_GOAL
38.04,2.7333,1.851,0.7241,2.4062,2.292,2.7458,1.8555,0.5602,GO_GOAL
38.06,2.7358,1.8532,0.7241,2.4085,2.2944,2.7458,1.8555,0.558,GO_GOAL
38.08,2.7383,1.8555,0.7241,2.4108,2.2969,2.7458,1.8555,0.5557,GO_GOAL
38.1,2.7408,1.8577,0.7241,2.4153,2.3018,2.7458,1.8555,0.5535,GO_GOAL
38.12,2.7417,1.8584,0.7241,2.4153,2.3018,2.7458,1.8555,0.5528,GO_GOAL
38.14,2.7417,1.8584,0.7241,2.4155,2.302,2.7458,1.8555,0.5528,GO_GOAL
38.16,2.7417,1.8584,0.7241,2.4155,2.302,2.7609,1.8689,0.5528,REACHED
38.18,2.7419,1.8585,0.7241,2.4155,2.302,2.7609,1.8689,0.5527,REACHED
