t,x,y,yaw,odom_x,odom_y,est_x,est_y,clearance,state
0.018,-2.7984,-1.7485,0.303,-2.7969,-1.748,-2.797,-1.748,0.5611,GO_GOAL
0.03,-2.7982,-1.7484,0.3042,-2.7963,-1.7478,-2.797,-1.748,0.5613,GO_GOAL
0.05,-2.7976,-1.7482,0.306,-2.7955,-1.7475,-2.797,-1.748,0.5619,GO_GOAL
0.07,-2.7965,-1.7479,0.3082,-2.7942,-1.747,-2.797,-1.748,0.563,GO_GOAL
0.09,-2.7951,-1.7475,0.311,-2.7906,-1.7457,-2.7942,-1.7471,0.5644,GO_GOAL
0.11,-2.7933,-1.7469,0.3142,-2.7906,-1.7457,-2.7942,-1.7471,0.5663,GO_GOAL
0.13,-2.791,-1.7461,0.318,-2.7882,-1.7448,-2.7942,-1.7471,0.5686,GO_GOAL
0.15,-2.7884,-1.7452,0.3222,-2.7855,-1.7437,-2.7942,-1.7471,0.5713,GO_GOAL
0.17,-2.7857,-1.7443,0.327,-2.7793,-1.7411,-2.7942,-1.7471,0.574,GO_GOAL
0.19,-2.7829,-1.7434,0.3323,-2.7762,-1.7398,-2.7821,-1.7432,0.5768,GO_GOAL
0.21,-2.7802,-1.7424,0.3382,-2.7762,-1.7398,-2.7821,-1.7432,0.5797,GO_GOAL
0.23,-2.7774,-1.7414,0.3446,-2.7701,-1.737,-2.7821,-1.7432,0.5825,GO_GOAL
0.25,-2.7745,-1.7404,0.3516,-2.7701,-1.737,-2.7821,-1.7432,0.5854,GO_GOAL
0.27,-2.7717,-1.7394,0.3591,-2.764,-1.7341,-2.7821,-1.7432,0.5884,GO_GOAL
0.29,-2.7685,-1.7381,0.3667,-2.7609,-1.7326,-2.7632,-1.7364,0.5916,GO_GOAL
0.31,-2.7653,-1.7369,0.3737,-2.7578,-1.731,-2.7632,-1.7364,0.5949,GO_GOAL
0.33,-2.7621,-1.7356,0.3807,-2.7578,-1.731,-2.7632,-1.7364,0.5982,GO_GOAL
0.35,-2.759,-1.7344,0.3877,-2.7516,-1.7278,-2.7632,-1.7364,0.6014,GO_GOAL
0.37,-2.7558,-1.7331,0.3947,-2.7516,-1.7278,-2.7632,-1.7364,0.6047,GO_GOAL
0.39,-2.7527,-1.7317,0.4017,-2.7485,-1.7262,-2.7502,-1.7313,0.6079,GO_GOAL
0.41,-2.7495,-1.7304,0.4086,-2.7455,-1.7245,-2.7502,-1.7313,0.6111,GO_GOAL
0.43,-2.7464,-1.729,0.4156,-2.7424,-1.7228,-2.7502,-1.7313,0.6143,GO_GOAL
0.45,-2.7433,-1.7276,0.4226,-2.7394,-1.7211,-2.7502,-1.7313,0.6175,GO_GOAL
0.472,-2.7404,-1.7263,0.4296,-2.7333,-1.7176,-2.7342,-1.7244,0.6205,GO_GOAL
0.49,-2.7377,-1.725,0.4366,-2.7303,-1.7159,-2.7342,-1.7244,0.6233,GO_GOAL
0.51,-2.735,-1.7237,0.4435,-2.7273,-1.7141,-2.7342,-1.7244,0.6261,GO_GOAL
0.53,-2.7323,-1.7224,0.4505,-2.7243,-1.7123,-2.7342,-1.7244,0.6289,GO_GOAL
0.55,-2.7297,-1.7211,0.4575,-2.7213,-1.7105,-2.7342,-1.7244,0.6316,GO_GOAL
0.57,-2.727,-1.7199,0.4645,-2.7213,-1.7105,-2.7342,-1.7244,0.6344,GO_GOAL
0.59,-2.7243,-1.7186,0.4714,-2.7184,-1.7086,-2.7184,-1.7169,0.6372,GO_GOAL
0.61,-2.7217,-1.7173,0.4784,-2.7154,-1.7067,-2.7184,-1.7169,0.6399,GO_GOAL
0.63,-2.7185,-1.7157,0.4853,-2.7124,-1.7048,-2.7184,-1.7169,0.6432,GO_GOAL
0.65,-2.7155,-1.7141,0.4921,-2.7094,-1.7028,-2.7184,-1.7169,0.6463,GO_GOAL
0.672,-2.7124,-1.7124,0.4988,-2.7034,-1.699,-2.7026,-1.7087,0.6495,GO_GOAL
0.69,-2.7093,-1.7107,0.5053,-2.7004,-1.697,-2.7026,-1.7087,0.6527,GO_GOAL
0.71,-2.7061,-1.7089,0.5113,-2.7004,-1.697,-2.7026,-1.7087,0.656,GO_GOAL
0.73,-2.7029,-1.7071,0.5167,-2.6944,-1.693,-2.7026,-1.7087,0.6593,GO_GOAL
0.75,-2.6997,-1.7053,0.5215,-2.6944,-1.693,-2.7026,-1.7087,0.6625,GO_GOAL
0.77,-2.6966,-1.7035,0.5256,-2.6915,-1.691,-2.7026,-1.7087,0.6657,GO_GOAL
0.79,-2.6935,-1.7017,0.5293,-2.6885,-1.689,-2.687,-1.7,0.6688,GO_GOAL
0.81,-2.6905,-1.6999,0.5328,-2.6826,-1.685,-2.687,-1.7,0.6719,GO_GOAL
0.83,-2.6874,-1.6981,0.5363,-2.6797,-1.683,-2.687,-1.7,0.6751,GO_GOAL
0.85,-2.6844,-1.6963,0.5397,-2.6797,-1.683,-2.687,-1.7,0.6773,GO_GOAL
0.87,-2.6814,-1.6944,0.5432,-2.6738,-1.6789,-2.687,-1.7,0.679,GO_GOAL
0.89,-2.6782,-1.6925,0.5465,-2.6738,-1.6789,-2.6686,-1.6891,0.6809,GO_GOAL
0.91,-2.675,-1.6905,0.5493,-2.668,-1.6747,-2.6686,-1.6891,0.6828,GO_GOAL
0.93,-2.6718,-1.6886,0.5514,-2.668,-1.6747,-2.6686,-1.6891,0.6847,GO_GOAL
0.95,-2.6686,-1.6866,0.5529,-2.665,-1.6726,-2.6686,-1.6891,0.6866,GO_GOAL
0.97,-2.6655,-1.6847,0.5539,-2.6591,-1.6685,-2.6686,-1.6891,0.6885,GO_GOAL
0.99,-2.6624,-1.6828,0.5543,-2.6562,-1.6664,-2.6563,-1.6816,0.6904,GO_GOAL
1.01,-2.6594,-1.6809,0.5543,-2.6562,-1.6664,-2.6563,-1.6816,0.6923,GO_GOAL
1.03,-2.6563,-1.679,0.5543,-2.6533,-1.6643,-2.6563,-1.6816,0.6941,GO_GOAL
1.05,-2.6533,-1.6771,0.5543,-2.6474,-1.6602,-2.6563,-1.6816,0.696,GO_GOAL
1.07,-2.6502,-1.6752,0.5543,-2.6474,-1.6602,-2.6563,-1.6816,0.6979,GO_GOAL
1.09,-2.6472,-1.6733,0.5543,-2.6444,-1.6581,-2.641,-1.6721,0.6998,GO_GOAL
1.11,-2.6441,-1.6715,0.5543,-2.6415,-1.656,-2.641,-1.6721,0.7017,GO_GOAL
1.13,-2.6411,-1.6696,0.5543,-2.6386,-1.6539,-2.641,-1.6721,0.7036,GO_GOAL
1.15,-2.638,-1.6677,0.5543,-2.6356,-1.6518,-2.641,-1.6721,0.7054,GO_GOAL
1.17,-2.635,-1.666,0.5543,-2.6327,-1.6498,-2.641,-1.6721,0.7072,GO_GOAL
1.19,-2.632,-1.6642,0.5543,-2.6297,-1.6477,-2.6226,-1.6607,0.7089,GO_GOAL
1.21,-2.629,-1.6625,0.5543,-2.6268,-1.6456,-2.6226,-1.6607,0.7107,GO_GOAL
1.23,-2.626,-1.6608,0.5543,-2.6209,-1.6414,-2.6226,-1.6607,0.7124,GO_GOAL
1.25,-2.623,-1.659,0.5543,-2.6209,-1.6414,-2.6226,-1.6607,0.7141,GO_GOAL
1.27,-2.62,-1.6573,0.5543,-2.618,-1.6394,-2.6226,-1.6607,0.7159,GO_GOAL
1.29,-2.617,-1.6555,0.5543,-2.6121,-1.6352,-2.6104,-1.6531,0.7176,GO_GOAL
1.31,-2.6139,-1.6536,0.5543,-2.6121,-1.6352,-2.6104,-1.6531,0.7195,GO_GOAL
1.33,-2.6108,-1.6517,0.5543,-2.6092,-1.6331,-2.6104,-1.6531,0.7214,GO_GOAL
1.35,-2.6078,-1.6498,0.5543,-2.6033,-1.629,-2.6104,-1.6531,0.7233,GO_GOAL
1.37,-2.6047,-1.6479,0.5543,-2.6033,-1.629,-2.6104,-1.6531,0.7252,GO_GOAL
1.39,-2.6016,-1.646,0.5543,-2.5974,-1.6248,-2.5951,-1.6437,0.7271,GO_GOAL
1.41,-2.5986,-1.6441,0.5543,-2.5945,-1.6227,-2.5951,-1.6437,0.729,GO_GOAL
1.43,-2.5955,-1.6422,0.5543,-2.5945,-1.6227,-2.5951,-1.6437,0.7309,GO_GOAL
1.45,-2.5924,-1.6403,0.5543,-2.5915,-1.6206,-2.5951,-1.6437,0.7328,GO_GOAL
1.47,-2.5894,-1.6384,0.5543,-2.5886,-1.6186,-2.5951,-1.6437,0.7347,GO_GOAL
1.49,-2.5863,-1.6365,0.5543,-2.5827,-1.6144,-2.5798,-1.6342,0.7366,GO_GOAL
1.51,-2.5832,-1.6346,0.5543,-2.5827,-1.6144,-2.5798,-1.6342,0.7385,GO_GOAL
1.53,-2.5802,-1.6327,0.5543,-2.5798,-1.6123,-2.5798,-1.6342,0.7404,GO_GOAL
1.55,-2.5771,-1.6308,0.5543,-2.5769,-1.6102,-2.5798,-1.6342,0.7423,GO_GOAL
1.57,-2.5741,-1.6289,0.5543,-2.5739,-1.6082,-2.5798,-1.6342,0.7442,GO_GOAL
1.59,-2.571,-1.6271,0.5543,-2.571,-1.6061,-2.5645,-1.6247,0.7461,GO_GOAL
1.61,-2.5679,-1.6252,0.5543,-2.568,-1.604,-2.5645,-1.6247,0.748,GO_GOAL
1.63,-2.5649,-1.6233,0.5543,-2.5622,-1.5998,-2.5645,-1.6247,0.7499,GO_GOAL
1.65,-2.5618,-1.6214,0.5543,-2.5592,-1.5978,-2.5645,-1.6247,0.7518,GO_GOAL
1.67,-2.5588,-1.6195,0.5543,-2.5592,-1.5978,-2.5645,-1.6247,0.7537,GO_GOAL
1.69,-2.5557,-1.6176,0.5543,-2.5563,-1.5957,-2.5492,-1.6152,0.7556,GO_GOAL
1.71,-2.5527,-1.6157,0.5543,-2.5533,-1.5936,-2.5492,-1.6152,0.7575,GO_GOAL
1.73,-2.5496,-1.6138,0.5543,-2.5504,-1.5915,-2.5492,-1.6152,0.7593,GO_GOAL
1.75,-2.5466,-1.6119,0.5543,-2.5475,-1.5895,-2.5492,-1.6152,0.7612,GO_GOAL
1.77,-2.5435,-1.61,0.5543,-2.5416,-1.5853,-2.5492,-1.6152,0.7631,GO_GOAL
1.79,-2.5405,-1.6081,0.5543,-2.5416,-1.5853,-2.5339,-1.6058,0.765,GO_GOAL
1.81,-2.5374,-1.6063,0.5543,-2.5386,-1.5832,-2.5339,-1.6058,0.7669,GO_GOAL
1.83,-2.5344,-1.6044,0.5543,-2.5357,-1.5811,-2.5339,-1.6058,0.7687,GO_GOAL
1.85,-2.5314,-1.6026,0.5543,-2.5328,-1.5791,-2.5339,-1.6058,0.7706,GO_GOAL
1.87,-2.5284,-1.6007,0.5543,-2.5298,-1.577,-2.5339,-1.6058,0.7725,GO_GOAL
1.89,-2.5253,-1.5988,0.5543,-2.524,-1.5728,-2.5186,-1.5963,0.7743,GO_GOAL
1.91,-2.5223,-1.597,0.5544,-2.524,-1.5728,-2.5186,-1.5963,0.7762,GO_GOAL
1.93,-2.5193,-1.5952,0.5544,-2.5181,-1.5687,-2.5186,-1.5963,0.778,GO_GOAL
1.95,-2.5163,-1.5933,0.5544,-2.5151,-1.5666,-2.5186,-1.5963,0.7799,GO_GOAL
1.97,-2.5132,-1.5914,0.5544,-2.5122,-1.5645,-2.5186,-1.5963,0.7818,GO_GOAL
1.99,-2.5102,-1.5895,0.5544,-2.5122,-1.5645,-2.5033,-1.5868,0.7837,GO_GOAL
2.01,-2.5071,-1.5876,0.5544,-2.5093,-1.5624,-2.5033,-1.5868,0.7856,GO_GOAL
2.03,-2.504,-1.5857,0.5544,-2.5063,-1.5603,-2.5033,-1.5868,0.7875,GO_GOAL
2.05,-2.5009,-1.5838,0.5544,-2.5034,-1.5583,-2.5033,-1.5868,0.7894,GO_GOAL
2.07,-2.4979,-1.5819,0.5544,-2.5004,-1.5562,-2.5033,-1.5868,0.7913,GO_GOAL
2.088,-2.4948,-1.58,0.5544,-2.4975,-1.5541,-2.488,-1.5773,0.7932,GO_GOAL
2.11,-2.4918,-1.5781,0.5544,-2.4946,-1.552,-2.488,-1.5773,0.7951,GO_GOAL
2.13,-2.4887,-1.5762,0.5544,-2.4887,-1.5479,-2.488,-1.5773,0.797,GO_GOAL
2.15,-2.4856,-1.5743,0.5544,-2.4858,-1.5458,-2.488,-1.5773,0.7989,GO_GOAL
2.17,-2.4826,-1.5724,0.5544,-2.4828,-1.5437,-2.488,-1.5773,0.8008,GO_GOAL
2.19,-2.4797,-1.5707,0.5546,-2.4828,-1.5437,-2.488,-1.5773,0.8025,GO_GOAL
2.21,-2.4773,-1.5693,0.5556,-2.4773,-1.5398,-2.488,-1.5773,0.8038,GO_GOAL
2.23,-2.4751,-1.5679,0.5572,-2.4773,-1.5398,-2.4727,-1.5679,0.8052,AVOID
2.25,-2.4728,-1.5665,0.5593,-2.4747,-1.5378,-2.4727,-1.5679,0.8065,AVOID
2.27,-2.4705,-1.5651,0.5621,-2.472,-1.5357,-2.4727,-1.5679,0.8079,AVOID
2.29,-2.4682,-1.5636,0.5654,-2.4693,-1.5336,-2.4582,-1.5589,0.8093,AVOID
2.31,-2.4658,-1.5621,0.5693,-2.4667,-1.5316,-2.4582,-1.5589,0.8107,AVOID
2.33,-2.4634,-1.5606,0.5738,-2.4641,-1.5294,-2.4582,-1.5589,0.8121,AVOID
2.35,-2.461,-1.559,0.579,-2.4615,-1.5273,-2.4582,-1.5589,0.8135,AVOID
2.37,-2.4586,-1.5574,0.5846,-2.459,-1.5251,-2.4582,-1.5589,0.815,AVOID
2.39,-2.4561,-1.5557,0.5909,-2.4539,-1.5207,-2.4412,-1.5479,0.8164,AVOID
2.41,-2.4536,-1.5541,0.5978,-2.4539,-1.5207,-2.4412,-1.5479,0.8179,AVOID
2.43,-2.4511,-1.5523,0.6052,-2.4514,-1.5184,-2.4412,-1.5479,0.8195,AVOID
2.45,-2.4486,-1.5505,0.613,-2.4489,-1.5162,-2.4412,-1.5479,0.8211,AVOID
2.47,-2.4461,-1.5487,0.6207,-2.4465,-1.5139,-2.4412,-1.5479,0.8226,AVOID
2.49,-2.4436,-1.5469,0.6284,-2.4441,-1.5115,-2.4302,-1.5403,0.8242,AVOID
2.51,-2.4411,-1.5452,0.6361,-2.4417,-1.5092,-2.4302,-1.5403,0.8258,AVOID
2.53,-2.4386,-1.5434,0.6438,-2.4393,-1.5068,-2.4302,-1.5403,0.8274,AVOID
2.55,-2.4361,-1.5416,0.6515,-2.437,-1.5044,-2.4302,-1.5403,0.829,AVOID
2.57,-2.4337,-1.5398,0.6592,-2.4347,-1.502,-2.4302,-1.5403,0.8306,AVOID
2.59,-2.431,-1.5377,0.667,-2.4301,-1.497,-2.4167,-1.5303,0.8325,AVOID
2.61,-2.4285,-1.5357,0.6748,-2.4301,-1.497,-2.4167,-1.5303,0.831,AVOID
2.63,-2.426,-1.5337,0.6828,-2.4256,-1.492,-2.4167,-1.5303,0.8279,AVOID
2.65,-2.4236,-1.5317,0.6915,-2.4256,-1.492,-2.4167,-1.5303,0.8247,AVOID
2.67,-2.4211,-1.5297,0.7007,-2.4234,-1.4895,-2.4167,-1.5303,0.8216,AVOID
2.69,-2.4187,-1.5276,0.7106,-2.4213,-1.4869,-2.4035,-1.5199,0.8183,AVOID
2.71,-2.4162,-1.5255,0.721,-2.417,-1.4817,-2.4035,-1.5199,0.8151,AVOID
2.73,-2.4137,-1.5233,0.7315,-2.417,-1.4817,-2.4035,-1.5199,0.8118,AVOID
2.75,-2.4113,-1.5211,0.742,-2.415,-1.479,-2.4035,-1.5199,0.8086,AVOID
2.77,-2.4089,-1.5189,0.7524,-2.4129,-1.4764,-2.4035,-1.5199,0.8053,AVOID
2.79,-2.4066,-1.5166,0.7629,-2.4089,-1.471,-2.3909,-1.5088,0.8021,AVOID
2.81,-2.4042,-1.5144,0.7734,-2.4069,-1.4683,-2.3909,-1.5088,0.7989,AVOID
2.83,-2.4019,-1.5121,0.7838,-2.4069,-1.4683,-2.3909,-1.5088,0.7957,AVOID
2.85,-2.3996,-1.5097,0.7943,-2.405,-1.4655,-2.3909,-1.5088,0.7925,AVOID
2.87,-2.3973,-1.5074,0.8048,-2.4031,-1.4628,-2.3909,-1.5088,0.7893,AVOID
2.89,-2.3951,-1.505,0.8153,-2.4012,-1.46,-2.3789,-1.497,0.7861,AVOID
2.91,-2.3928,-1.5027,0.8257,-2.3993,-1.4572,-2.3789,-1.497,0.7829,AVOID
2.93,-2.3906,-1.5003,0.8362,-2.3975,-1.4544,-2.3789,-1.497,0.7797,AVOID
2.95,-2.3885,-1.4978,0.8467,-2.3957,-1.4515,-2.3789,-1.497,0.7765,AVOID
2.97,-2.3863,-1.4954,0.8571,-2.3939,-1.4487,-2.3789,-1.497,0.7734,AVOID
2.99,-2.384,-1.4927,0.8673,-2.3922,-1.4458,-2.3675,-1.4847,0.77,AVOID
3.01,-2.3817,-1.49,0.8769,-2.3887,-1.4398,-2.3675,-1.4847,0.7666,AVOID
3.03,-2.3795,-1.4872,0.8859,-2.387,-1.4368,-2.3675,-1.4847,0.7632,AVOID
3.05,-2.3772,-1.4846,0.8946,-2.387,-1.4368,-2.3675,-1.4847,0.7599,AVOID
3.07,-2.375,-1.482,0.9033,-2.3853,-1.4337,-2.3675,-1.4847,0.7566,AVOID
3.09,-2.3727,-1.4794,0.9121,-2.3836,-1.4307,-2.3565,-1.4714,0.7533,AVOID
3.11,-2.3705,-1.4768,0.9208,-2.3819,-1.4276,-2.3565,-1.4714,0.75,AVOID
3.13,-2.3683,-1.4742,0.9295,-2.3802,-1.4245,-2.3565,-1.4714,0.7468,AVOID
3.15,-2.3661,-1.4716,0.9382,-2.3786,-1.4214,-2.3565,-1.4714,0.7435,AVOID
3.17,-2.364,-1.4688,0.947,-2.3754,-1.4152,-2.3565,-1.4714,0.7402,AVOID
3.19,-2.3621,-1.4663,0.9556,-2.3754,-1.4152,-2.3459,-1.4575,0.7373,AVOID
3.21,-2.3601,-1.4633,0.9641,-2.3738,-1.412,-2.3459,-1.4575,0.734,AVOID
3.23,-2.358,-1.4605,0.9719,-2.3722,-1.4088,-2.3459,-1.4575,0.7307,AVOID
3.25,-2.3558,-1.4573,0.9792,-2.3707,-1.4056,-2.3459,-1.4575,0.7273,AVOID
3.27,-2.3537,-1.4542,0.9858,-2.3691,-1.4024,-2.3459,-1.4575,0.7239,AVOID
3.29,-2.3517,-1.4511,0.9918,-2.3675,-1.3992,-2.3358,-1.4429,0.7206,AVOID
3.31,-2.3497,-1.448,0.9973,-2.366,-1.396,-2.3358,-1.4429,0.7173,AVOID
3.33,-2.3477,-1.4449,1.0021,-2.3645,-1.3928,-2.3358,-1.4429,0.7141,AVOID
3.35,-2.3458,-1.4419,1.0064,-2.3614,-1.3863,-2.3358,-1.4429,0.711,AVOID
3.37,-2.3439,-1.4389,1.01,-2.3614,-1.3863,-2.3358,-1.4429,0.7079,AVOID
3.39,-2.3419,-1.4357,1.0132,-2.3599,-1.383,-2.3261,-1.4279,0.7047,AVOID
3.41,-2.3399,-1.4325,1.0158,-2.3584,-1.3798,-2.3261,-1.4279,0.7015,AVOID
3.43,-2.3379,-1.4293,1.0178,-2.3569,-1.3765,-2.3261,-1.4279,0.6983,AVOID
3.45,-2.336,-1.4262,1.0193,-2.3554,-1.3732,-2.3261,-1.4279,0.6951,AVOID
3.47,-2.3341,-1.423,1.0201,-2.3539,-1.37,-2.3261,-1.4279,0.6921,AVOID
3.488,-2.3322,-1.42,1.0203,-2.3524,-1.3667,-2.3166,-1.4126,0.689,AVOID
3.51,-2.3303,-1.4169,1.0203,-2.3509,-1.3634,-2.3166,-1.4126,0.686,AVOID
3.53,-2.3284,-1.4138,1.0203,-2.3494,-1.3602,-2.3166,-1.4126,0.683,AVOID
3.55,-2.3266,-1.4108,1.0203,-2.3479,-1.3569,-2.3166,-1.4126,0.68,AVOID
3.57,-2.3247,-1.4077,1.0203,-2.3449,-1.3503,-2.3166,-1.4126,0.6771,AVOID
3.59,-2.3227,-1.4045,1.0201,-2.3449,-1.3503,-2.3072,-1.3973,0.6739,AVOID
3.61,-2.3206,-1.4014,1.0194,-2.3434,-1.3471,-2.3072,-1.3973,0.6708,AVOID
3.63,-2.3186,-1.3983,1.0187,-2.3403,-1.3406,-2.3072,-1.3973,0.6676,AVOID
3.65,-2.3165,-1.3952,1.0181,-2.3403,-1.3406,-2.3072,-1.3973,0.6645,AVOID
3.67,-2.3144,-1.3921,1.0174,-2.3373,-1.3342,-2.2978,-1.382,0.6613,AVOID
3.69,-2.3124,-1.3891,1.0168,-2.3373,-1.3342,-2.2978,-1.382,0.6582,AVOID
3.71,-2.3103,-1.386,1.0161,-2.3341,-1.3278,-2.2978,-1.382,0.6551,AVOID
3.73,-2.3084,-1.3829,1.0154,-2.3341,-1.3278,-2.2978,-1.382,0.6521,AVOID
3.75,-2.3065,-1.3799,1.0146,-2.3326,-1.3245,-2.2978,-1.382,0.6491,AVOID
3.77,-2.3045,-1.3768,1.0133,-2.331,-1.3213,-2.2978,-1.382,0.6461,AVOID
3.79,-2.3026,-1.3736,1.0114,-2.3294,-1.3182,-2.2884,-1.3668,0.6431,AVOID
3.81,-2.3006,-1.3705,1.0089,-2.3278,-1.315,-2.2884,-1.3668,0.6401,AVOID
3.83,-2.2987,-1.3674,1.0058,-2.3262,-1.3118,-2.2884,-1.3668,0.6371,AVOID
3.85,-2.2967,-1.3644,1.0023,-2.3245,-1.3086,-2.2884,-1.3668,0.6342,AVOID
3.87,-2.2948,-1.3613,0.9988,-2.3229,-1.3054,-2.2789,-1.3517,0.6313,AVOID
3.89,-2.2928,-1.3583,0.9953,-2.3212,-1.3023,-2.2789,-1.3517,0.6284,AVOID
3.91,-2.2908,-1.3553,0.9918,-2.3196,-1.2991,-2.2789,-1.3517,0.6254,AVOID
3.93,-2.2889,-1.3523,0.9884,-2.3179,-1.2959,-2.2789,-1.3517,0.6225,AVOID
3.95,-2.2869,-1.3493,0.9849,-2.3162,-1.2928,-2.2789,-1.3517,0.6196,AVOID
3.97,-2.2849,-1.3463,0.9814,-2.3128,-1.2865,-2.2692,-1.3368,0.6167,AVOID
3.99,-2.2829,-1.3433,0.9779,-2.3128,-1.2865,-2.2692,-1.3368,0.6137,AVOID
4.01,-2.2809,-1.3403,0.9744,-2.3111,-1.2834,-2.2692,-1.3368,0.6108,AVOID
4.03,-2.2788,-1.3373,0.9709,-2.3093,-1.2803,-2.2692,-1.3368,0.6079,AVOID
4.05,-2.2768,-1.3344,0.9674,-2.3076,-1.2771,-2.2692,-1.3368,0.6049,AVOID
4.07,-2.2748,-1.3314,0.9639,-2.3058,-1.274,-2.2692,-1.3368,0.602,AVOID
4.092,-2.2727,-1.3284,0.9604,-2.3023,-1.2678,-2.2592,-1.322,0.599,AVOID
4.11,-2.2706,-1.3255,0.9569,-2.3023,-1.2678,-2.2592,-1.322,0.5961,AVOID
4.13,-2.2686,-1.3226,0.9534,-2.3005,-1.2647,-2.2592,-1.322,0.5931,AVOID
4.15,-2.2665,-1.3196,0.95,-2.2987,-1.2616,-2.2592,-1.322,0.5902,AVOID
4.17,-2.2644,-1.3167,0.9465,-2.2969,-1.2586,-2.2592,-1.322,0.5872,AVOID
4.19,-2.2623,-1.3138,0.943,-2.2932,-1.2524,-2.2489,-1.3074,0.5843,AVOID
4.21,-2.2602,-1.3109,0.9395,-2.2932,-1.2524,-2.2489,-1.3074,0.5814,AVOID
4.23,-2.2581,-1.308,0.936,-2.2914,-1.2493,-2.2489,-1.3074,0.5785,AVOID
4.252,-2.256,-1.3051,0.9325,-2.2896,-1.2462,-2.2489,-1.3074,0.5755,AVOID
4.27,-2.2539,-1.3022,0.9293,-2.2877,-1.2431,-2.2489,-1.3074,0.5726,AVOID
4.292,-2.2518,-1.2995,0.9268,-2.2859,-1.24,-2.2383,-1.2928,0.5697,AVOID
4.31,-2.2498,-1.2967,0.9248,-2.284,-1.2369,-2.2383,-1.2928,0.5669,AVOID
4.33,-2.2476,-1.2939,0.9234,-2.2822,-1.2338,-2.2383,-1.2928,0.5639,AVOID
4.35,-2.2455,-1.2911,0.9226,-2.2804,-1.2307,-2.2383,-1.2928,0.5609,AVOID
4.37,-2.2433,-1.2882,0.9225,-2.2785,-1.2276,-2.2383,-1.2928,0.5579,AVOID
4.39,-2.2412,-1.2854,0.9225,-2.2767,-1.2245,-2.2275,-1.2784,0.5549,AVOID
4.41,-2.239,-1.2825,0.9225,-2.273,-1.2184,-2.2275,-1.2784,0.5519,AVOID
4.43,-2.2368,-1.2796,0.9225,-2.273,-1.2184,-2.2275,-1.2784,0.5489,AVOID
4.45,-2.2346,-1.2768,0.9225,-2.2712,-1.2153,-2.2275,-1.2784,0.5459,AVOID
4.47,-2.2325,-1.2739,0.9225,-2.2693,-1.2122,-2.2275,-1.2784,0.5429,AVOID
4.49,-2.2303,-1.271,0.9225,-2.2675,-1.2091,-2.2166,-1.2641,0.5399,AVOID
4.51,-2.2281,-1.2681,0.9225,-2.2657,-1.206,-2.2166,-1.2641,0.5369,AVOID
4.53,-2.2259,-1.2653,0.9225,-2.2638,-1.2029,-2.2166,-1.2641,0.5339,AVOID
4.55,-2.2238,-1.2624,0.9225,-2.262,-1.1998,-2.2166,-1.2641,0.5309,AVOID
4.57,-2.2216,-1.2596,0.9225,-2.2601,-1.1967,-2.2166,-1.2641,0.5279,AVOID
4.59,-2.2194,-1.2567,0.9225,-2.2583,-1.1936,-2.2058,-1.2497,0.525,AVOID
4.61,-2.2173,-1.2538,0.9225,-2.2565,-1.1905,-2.2058,-1.2497,0.522,AVOID
4.63,-2.2151,-1.251,0.9225,-2.2546,-1.1874,-2.2058,-1.2497,0.519,AVOID
4.65,-2.2129,-1.2481,0.9225,-2.2528,-1.1843,-2.2058,-1.2497,0.5161,AVOID
4.67,-2.2108,-1.2452,0.9225,-2.2509,-1.1812,-2.2058,-1.2497,0.5132,AVOID
4.69,-2.2087,-1.2424,0.9225,-2.2491,-1.1781,-2.1949,-1.2354,0.5103,AVOID
4.71,-2.2066,-1.2395,0.9224,-2.2473,-1.175,-2.1949,-1.2354,0.5074,AVOID
4.73,-2.2045,-1.2366,0.9224,-2.2454,-1.1719,-2.1949,-1.2354,0.5045,AVOID
4.75,-2.2024,-1.2338,0.9224,-2.2436,-1.1688,-2.1949,-1.2354,0.5016,AVOID
4.77,-2.2002,-1.2309,0.9224,-2.2418,-1.1657,-2.1949,-1.2354,0.4987,AVOID
4.79,-2.198,-1.228,0.9224,-2.2399,-1.1626,-2.1841,-1.221,0.4957,AVOID
4.81,-2.1958,-1.2252,0.9224,-2.2362,-1.1565,-2.1841,-1.221,0.4928,AVOID
4.83,-2.1936,-1.2223,0.9224,-2.2362,-1.1565,-2.1841,-1.221,0.4899,AVOID
4.85,-2.1915,-1.2194,0.9224,-2.2344,-1.1534,-2.1841,-1.221,0.487,AVOID
4.87,-2.1893,-1.2165,0.9224,-2.2326,-1.1503,-2.1841,-1.221,0.4841,AVOID
4.89,-2.1871,-1.2137,0.9224,-2.2289,-1.1441,-2.1732,-1.2067,0.4812,AVOID
4.91,-2.1849,-1.2108,0.9224,-2.227,-1.141,-2.1732,-1.2067,0.4783,AVOID
4.93,-2.1828,-1.2079,0.9224,-2.227,-1.141,-2.1732,-1.2067,0.4754,AVOID
4.95,-2.1806,-1.2051,0.9224,-2.2252,-1.1379,-2.1732,-1.2067,0.4725,AVOID
4.97,-2.1784,-1.2022,0.9224,-2.2215,-1.1317,-2.1732,-1.2067,0.4696,AVOID
4.99,-2.1762,-1.1993,0.9224,-2.2197,-1.1286,-2.1623,-1.1923,0.4667,AVOID
5.01,-2.1741,-1.1964,0.9224,-2.2197,-1.1286,-2.1623,-1.1923,0.4639,AVOID
5.03,-2.1719,-1.1936,0.9224,-2.2179,-1.1255,-2.1623,-1.1923,0.461,AVOID
5.05,-2.1697,-1.1907,0.9224,-2.216,-1.1224,-2.1623,-1.1923,0.4582,AVOID
5.07,-2.1676,-1.1879,0.9224,-2.2142,-1.1193,-2.1623,-1.1923,0.4553,AVOID
5.09,-2.1654,-1.185,0.9224,-2.2105,-1.1131,-2.1493,-1.1751,0.4525,AVOID
5.11,-2.1632,-1.1821,0.9224,-2.2105,-1.1131,-2.1493,-1.1751,0.4496,AVOID
5.13,-2.1611,-1.1793,0.9224,-2.2068,-1.1069,-2.1493,-1.1751,0.4468,AVOID
5.15,-2.1589,-1.1764,0.9224,-2.2068,-1.1069,-2.1493,-1.1751,0.444,AVOID
5.17,-2.1568,-1.1736,0.9224,-2.205,-1.1038,-2.1493,-1.1751,0.4412,AVOID
5.19,-2.1546,-1.1707,0.9224,-2.2013,-1.0976,-2.1406,-1.1636,0.4384,AVOID
5.21,-2.1525,-1.1679,0.9224,-2.2013,-1.0976,-2.1406,-1.1636,0.4357,AVOID
5.23,-2.1503,-1.1651,0.9224,-2.1995,-1.0946,-2.1406,-1.1636,0.4329,AVOID
5.25,-2.1482,-1.1622,0.9224,-2.1976,-1.0915,-2.1406,-1.1636,0.4301,AVOID
5.27,-2.146,-1.1593,0.9224,-2.1939,-1.0853,-2.1406,-1.1636,0.4273,AVOID
5.29,-2.1438,-1.1564,0.9224,-2.1939,-1.0853,-2.1298,-1.1492,0.4245,AVOID
5.31,-2.1416,-1.1536,0.9224,-2.1921,-1.0822,-2.1298,-1.1492,0.4217,AVOID
5.33,-2.1394,-1.1507,0.9224,-2.1903,-1.0791,-2.1298,-1.1492,0.419,AVOID
5.35,-2.1373,-1.1478,0.9224,-2.1884,-1.076,-2.1298,-1.1492,0.4162,AVOID
5.37,-2.1351,-1.1449,0.9224,-2.1848,-1.0698,-2.1189,-1.1349,0.4134,AVOID
5.39,-2.1329,-1.1421,0.9224,-2.1848,-1.0698,-2.1189,-1.1349,0.4107,AVOID
5.41,-2.1307,-1.1392,0.9224,-2.1829,-1.0667,-2.1189,-1.1349,0.4079,AVOID
5.43,-2.1286,-1.1363,0.9224,-2.1811,-1.0636,-2.1189,-1.1349,0.4052,AVOID
5.45,-2.1264,-1.1335,0.9224,-2.1792,-1.0605,-2.1189,-1.1349,0.4025,AVOID
5.47,-2.1242,-1.1306,0.9224,-2.1774,-1.0574,-2.1189,-1.1349,0.3998,AVOID
5.49,-2.1221,-1.1277,0.9224,-2.1756,-1.0543,-2.108,-1.1205,0.397,AVOID
5.51,-2.1199,-1.1249,0.9224,-2.1719,-1.0481,-2.108,-1.1205,0.3943,AVOID
5.53,-2.1177,-1.122,0.9224,-2.17,-1.045,-2.108,-1.1205,0.3917,AVOID
5.55,-2.1155,-1.1191,0.9224,-2.17,-1.045,-2.108,-1.1205,0.389,AVOID
5.57,-2.1134,-1.1163,0.9224,-2.1682,-1.0419,-2.108,-1.1205,0.3863,AVOID
5.59,-2.1112,-1.1134,0.9224,-2.1664,-1.0388,-2.095,-1.1033,0.3836,AVOID
5.61,-2.109,-1.1106,0.9224,-2.1645,-1.0358,-2.095,-1.1033,0.381,AVOID
5.63,-2.1069,-1.1077,0.9224,-2.1627,-1.0327,-2.095,-1.1033,0.3783,AVOID
5.65,-2.1047,-1.1049,0.9224,-2.1608,-1.0296,-2.095,-1.1033,0.3757,AVOID
5.67,-2.1026,-1.102,0.9224,-2.159,-1.0265,-2.095,-1.1033,0.3731,AVOID
5.69,-2.1005,-1.0992,0.9224,-2.1572,-1.0234,-2.0863,-1.0918,0.3705,AVOID
5.71,-2.0983,-1.0963,0.9224,-2.1553,-1.0203,-2.0863,-1.0918,0.3679,AVOID
5.73,-2.0961,-1.0935,0.9224,-2.1535,-1.0172,-2.0863,-1.0918,0.3652,AVOID
5.75,-2.0939,-1.0906,0.9224,-2.1498,-1.011,-2.0863,-1.0918,0.3626,AVOID
5.77,-2.0917,-1.0877,0.9224,-2.1498,-1.011,-2.0863,-1.0918,0.36,AVOID
5.79,-2.0896,-1.0848,0.9224,-2.148,-1.0079,-2.0755,-1.0775,0.3574,AVOID
5.81,-2.0874,-1.082,0.9224,-2.1461,-1.0048,-2.0755,-1.0775,0.3548,AVOID
5.83,-2.0852,-1.0791,0.9224,-2.1425,-0.9986,-2.0755,-1.0775,0.3523,AVOID
5.85,-2.083,-1.0762,0.9224,-2.1425,-0.9986,-2.0755,-1.0775,0.3497,AVOID
5.87,-2.0809,-1.0734,0.9224,-2.1406,-0.9955,-2.0755,-1.0775,0.3471,AVOID
5.89,-2.0787,-1.0705,0.9224,-2.1388,-0.9924,-2.0646,-1.0631,0.3446,AVOID
5.91,-2.0765,-1.0676,0.9224,-2.1351,-0.9862,-2.0646,-1.0631,0.342,AVOID
5.93,-2.0743,-1.0648,0.9224,-2.1351,-0.9862,-2.0646,-1.0631,0.3395,AVOID
5.95,-2.0722,-1.0619,0.9224,-2.1333,-0.9831,-2.0646,-1.0631,0.337,AVOID
5.97,-2.07,-1.059,0.9224,-2.1314,-0.98,-2.0646,-1.0631,0.3345,AVOID
5.99,-2.0678,-1.0562,0.9224,-2.1296,-0.9769,-2.0538,-1.0487,0.332,AVOID
6.01,-2.0657,-1.0533,0.9224,-2.1277,-0.9739,-2.0538,-1.0487,0.3295,AVOID
6.03,-2.0635,-1.0504,0.9224,-2.1241,-0.9677,-2.0538,-1.0487,0.327,AVOID
6.05,-2.0613,-1.0476,0.9224,-2.1222,-0.9646,-2.0538,-1.0487,0.3246,AVOID
6.07,-2.0592,-1.0447,0.9224,-2.1222,-0.9646,-2.0538,-1.0487,0.3221,AVOID
6.09,-2.057,-1.0419,0.9224,-2.1204,-0.9615,-2.0429,-1.0344,0.3197,AVOID
6.11,-2.0549,-1.039,0.9224,-2.1186,-0.9584,-2.0429,-1.0344,0.3173,AVOID
6.13,-2.0527,-1.0362,0.9224,-2.1167,-0.9553,-2.0429,-1.0344,0.3149,AVOID
6.15,-2.0506,-1.0334,0.9224,-2.1149,-0.9522,-2.0429,-1.0344,0.3125,AVOID
6.17,-2.0484,-1.0305,0.9224,-2.113,-0.9491,-2.0429,-1.0344,0.3101,AVOID
6.19,-2.0462,-1.0276,0.9224,-2.1112,-0.946,-2.032,-1.02,0.3077,AVOID
6.21,-2.044,-1.0247,0.9224,-2.1094,-0.9429,-2.032,-1.02,0.3053,AVOID
6.23,-2.0419,-1.0219,0.9224,-2.1057,-0.9367,-2.032,-1.02,0.3029,AVOID
6.25,-2.0397,-1.019,0.9224,-2.1057,-0.9367,-2.032,-1.02,0.3005,AVOID
6.27,-2.0375,-1.0161,0.9224,-2.102,-0.9305,-2.032,-1.02,0.2981,AVOID
6.29,-2.0353,-1.0133,0.9224,-2.102,-0.9305,-2.019,-1.0028,0.2958,AVOID
6.31,-2.0332,-1.0104,0.9224,-2.1002,-0.9274,-2.019,-1.0028,0.2935,AVOID
6.33,-2.031,-1.0075,0.9224,-2.0965,-0.9212,-2.019,-1.0028,0.2911,AVOID
6.35,-2.0288,-1.0046,0.9224,-2.0946,-0.9181,-2.019,-1.0028,0.2888,AVOID
6.37,-2.0266,-1.0018,0.9224,-2.0946,-0.9181,-2.019,-1.0028,0.2865,AVOID
6.39,-2.0245,-0.9989,0.9224,-2.0928,-0.915,-2.0103,-0.9913,0.2842,AVOID
6.41,-2.0223,-0.996,0.9224,-2.091,-0.912,-2.0103,-0.9913,0.282,AVOID
6.43,-2.0201,-0.9932,0.9224,-2.0891,-0.9089,-2.0103,-0.9913,0.2797,AVOID
6.45,-2.0179,-0.9903,0.9224,-2.0873,-0.9058,-2.0103,-0.9913,0.2775,AVOID
6.47,-2.0158,-0.9875,0.9224,-2.0855,-0.9027,-2.0103,-0.9913,0.2752,AVOID
6.49,-2.0136,-0.9846,0.9224,-2.0836,-0.8996,-1.9995,-0.977,0.273,AVOID
6.51,-2.0114,-0.9817,0.9224,-2.0818,-0.8965,-1.9995,-0.977,0.2708,AVOID
6.53,-2.0093,-0.9789,0.9224,-2.0799,-0.8934,-1.9995,-0.977,0.2686,AVOID
6.55,-2.0071,-0.976,0.9224,-2.0781,-0.8903,-1.9995,-0.977,0.2665,AVOID
6.57,-2.005,-0.9732,0.9224,-2.0763,-0.8872,-1.9995,-0.977,0.2643,AVOID
6.59,-2.0028,-0.9704,0.9224,-2.0744,-0.8841,-1.9886,-0.9626,0.2622,AVOID
6.61,-2.0007,-0.9675,0.9224,-2.0726,-0.881,-1.9886,-0.9626,0.26,AVOID
6.63,-1.9985,-0.9646,0.9224,-2.0707,-0.8779,-1.9886,-0.9626,0.2579,AVOID
6.65,-1.9963,-0.9618,0.9224,-2.0689,-0.8748,-1.9886,-0.9626,0.2558,AVOID
6.67,-1.9941,-0.9589,0.9224,-2.0671,-0.8717,-1.9886,-0.9626,0.2537,AVOID
6.69,-1.992,-0.956,0.9224,-2.0652,-0.8686,-1.9778,-0.9483,0.2516,AVOID
6.71,-1.9898,-0.9531,0.9224,-2.0634,-0.8655,-1.9778,-0.9483,0.2495,AVOID
6.73,-1.9876,-0.9503,0.9224,-2.0597,-0.8593,-1.9778,-0.9483,0.2474,AVOID
6.75,-1.9854,-0.9474,0.9224,-2.0579,-0.8562,-1.9778,-0.9483,0.2454,AVOID
6.77,-1.9833,-0.9445,0.9224,-2.056,-0.8531,-1.9778,-0.9483,0.2433,AVOID
6.79,-1.9811,-0.9417,0.9224,-2.056,-0.8531,-1.9669,-0.9339,0.2413,AVOID
6.81,-1.9789,-0.9388,0.9224,-2.0542,-0.8501,-1.9669,-0.9339,0.2393,AVOID
6.83,-1.9767,-0.9359,0.9224,-2.0505,-0.8439,-1.9669,-0.9339,0.2373,AVOID
6.85,-1.9746,-0.9331,0.9224,-2.0505,-0.8439,-1.9669,-0.9339,0.2353,AVOID
6.87,-1.9724,-0.9302,0.9224,-2.0487,-0.8408,-1.9669,-0.9339,0.2334,AVOID
6.89,-1.9702,-0.9273,0.9224,-2.0468,-0.8377,-1.956,-0.9195,0.2314,AVOID
6.91,-1.9681,-0.9245,0.9224,-2.0432,-0.8315,-1.956,-0.9195,0.2295,AVOID
6.93,-1.9659,-0.9216,0.9224,-2.0432,-0.8315,-1.956,-0.9195,0.2276,AVOID
6.95,-1.9637,-0.9188,0.9224,-2.0395,-0.8253,-1.956,-0.9195,0.2257,AVOID
6.97,-1.9616,-0.9159,0.9224,-2.0395,-0.8253,-1.956,-0.9195,0.2238,AVOID
6.99,-1.9594,-0.9131,0.9224,-2.0376,-0.8222,-1.9452,-0.9052,0.222,AVOID
7.01,-1.9573,-0.9102,0.9224,-2.0358,-0.8191,-1.9452,-0.9052,0.2202,AVOID
7.03,-1.9551,-0.9074,0.9224,-2.034,-0.816,-1.9452,-0.9052,0.2183,AVOID
7.05,-1.9529,-0.9045,0.9224,-2.0303,-0.8098,-1.9452,-0.9052,0.2165,AVOID
7.07,-1.9508,-0.9016,0.9224,-2.0284,-0.8067,-1.9452,-0.9052,0.2147,AVOID
7.09,-1.9486,-0.8988,0.9224,-2.0284,-0.8067,-1.9343,-0.8908,0.2129,AVOID
7.11,-1.9464,-0.8959,0.9224,-2.0266,-0.8036,-1.9343,-0.8908,0.2112,AVOID
7.13,-1.9442,-0.893,0.9224,-2.0248,-0.8005,-1.9343,-0.8908,0.2094,AVOID
7.15,-1.9421,-0.8901,0.9224,-2.0229,-0.7974,-1.9343,-0.8908,0.2077,AVOID
7.17,-1.9399,-0.8873,0.9224,-2.0211,-0.7943,-1.9343,-0.8908,0.206,AVOID
7.19,-1.9377,-0.8844,0.9224,-2.0174,-0.7882,-1.9235,-0.8765,0.2043,AVOID
7.21,-1.9355,-0.8815,0.9224,-2.0174,-0.7882,-1.9235,-0.8765,0.2026,AVOID
7.23,-1.9334,-0.8787,0.9224,-2.0156,-0.7851,-1.9235,-0.8765,0.2009,AVOID
7.25,-1.9312,-0.8758,0.9224,-2.0137,-0.782,-1.9235,-0.8765,0.1993,AVOID
7.27,-1.929,-0.8729,0.9224,-2.0119,-0.7789,-1.9235,-0.8765,0.1977,AVOID
7.29,-1.9268,-0.8701,0.9224,-2.0082,-0.7727,-1.9126,-0.8621,0.1961,AVOID
7.31,-1.9247,-0.8672,0.9224,-2.0064,-0.7696,-1.9126,-0.8621,0.1945,AVOID
7.33,-1.9225,-0.8643,0.9224,-2.0064,-0.7696,-1.9126,-0.8621,0.1929,AVOID
7.35,-1.9203,-0.8615,0.9224,-2.0045,-0.7665,-1.9126,-0.8621,0.1914,AVOID
7.37,-1.9182,-0.8586,0.9224,-2.0027,-0.7634,-1.9126,-0.8621,0.1899,AVOID
7.39,-1.916,-0.8558,0.9224,-2.0009,-0.7603,-1.9017,-0.8478,0.1884,AVOID
7.41,-1.9139,-0.853,0.9224,-1.999,-0.7572,-1.9017,-0.8478,0.1869,AVOID
7.43,-1.9117,-0.8501,0.9224,-1.9972,-0.7541,-1.9017,-0.8478,0.1854,AVOID
7.45,-1.9096,-0.8472,0.9224,-1.9953,-0.751,-1.9017,-0.8478,0.184,AVOID
7.47,-1.9074,-0.8444,0.9224,-1.9935,-0.7479,-1.9017,-0.8478,0.1825,AVOID
7.49,-1.9052,-0.8415,0.9224,-1.9917,-0.7448,-1.8909,-0.8334,0.1811,AVOID
7.51,-1.903,-0.8386,0.9224,-1.988,-0.7386,-1.8909,-0.8334,0.1797,AVOID
7.53,-1.9008,-0.8357,0.9224,-1.988,-0.7386,-1.8909,-0.8334,0.1784,AVOID
7.55,-1.8987,-0.8329,0.9224,-1.9862,-0.7355,-1.8909,-0.8334,0.177,AVOID
7.57,-1.8965,-0.83,0.9224,-1.9825,-0.7294,-1.8909,-0.8334,0.1757,AVOID
7.59,-1.8942,-0.827,0.9221,-1.9806,-0.7263,-1.88,-0.819,0.1743,AVOID
7.61,-1.8919,-0.824,0.9212,-1.9806,-0.7263,-1.88,-0.819,0.173,AVOID
7.63,-1.8897,-0.821,0.9197,-1.9788,-0.7232,-1.88,-0.819,0.1717,AVOID
7.65,-1.8874,-0.8181,0.9176,-1.977,-0.7202,-1.88,-0.819,0.1705,AVOID
7.67,-1.8852,-0.8152,0.9149,-1.9751,-0.7171,-1.88,-0.819,0.1693,AVOID
7.69,-1.883,-0.8123,0.9116,-1.9732,-0.7141,-1.8692,-0.8048,0.1682,AVOID
7.71,-1.8808,-0.8095,0.9082,-1.9713,-0.711,-1.8692,-0.8048,0.1671,AVOID
7.73,-1.8786,-0.8066,0.9047,-1.9694,-0.708,-1.8692,-0.8048,0.166,AVOID
7.75,-1.8763,-0.8038,0.9012,-1.9675,-0.705,-1.8692,-0.8048,0.1648,AVOID
7.77,-1.8741,-0.801,0.8977,-1.9637,-0.699,-1.8692,-0.8048,0.1638,AVOID
7.79,-1.8719,-0.7982,0.8942,-1.9637,-0.699,-1.856,-0.7879,0.1627,AVOID
7.81,-1.8696,-0.7955,0.8907,-1.9618,-0.6959,-1.856,-0.7879,0.1617,AVOID
7.83,-1.8675,-0.7928,0.8874,-1.9598,-0.6929,-1.856,-0.7879,0.1607,AVOID
7.85,-1.8653,-0.7901,0.8847,-1.9559,-0.6868,-1.856,-0.7879,0.1597,AVOID
7.87,-1.8631,-0.7875,0.8826,-1.954,-0.6838,-1.856,-0.7879,0.1587,AVOID
7.89,-1.8609,-0.7848,0.8811,-1.954,-0.6838,-1.847,-0.7767,0.1576,AVOID
7.91,-1.8587,-0.782,0.8802,-1.952,-0.6808,-1.847,-0.7767,0.1566,AVOID
7.93,-1.8564,-0.7793,0.8799,-1.9501,-0.6778,-1.847,-0.7767,0.1555,AVOID
7.95,-1.8541,-0.7765,0.8799,-1.9481,-0.6747,-1.847,-0.7767,0.1545,AVOID
7.97,-1.8518,-0.7737,0.8799,-1.9442,-0.6687,-1.847,-0.7767,0.1534,AVOID
7.99,-1.8495,-0.7709,0.8799,-1.9442,-0.6687,-1.8332,-0.76,0.1524,AVOID
8.01,-1.8472,-0.7682,0.8799,-1.9404,-0.6626,-1.8332,-0.76,0.1514,AVOID
8.03,-1.8449,-0.7654,0.8799,-1.9404,-0.6626,-1.8332,-0.76,0.1505,AVOID
8.05,-1.8426,-0.7626,0.8799,-1.9384,-0.6596,-1.8332,-0.76,0.1495,AVOID
8.07,-1.8403,-0.7599,0.8799,-1.9365,-0.6566,-1.8332,-0.76,0.1486,AVOID
8.09,-1.838,-0.7571,0.8799,-1.9345,-0.6535,-1.8241,-0.7489,0.1477,AVOID
8.11,-1.8357,-0.7543,0.8799,-1.9326,-0.6505,-1.8241,-0.7489,0.1469,AVOID
8.13,-1.8335,-0.7515,0.8799,-1.9306,-0.6475,-1.8241,-0.7489,0.1461,AVOID
8.15,-1.8312,-0.7488,0.8799,-1.9287,-0.6444,-1.8241,-0.7489,0.1453,AVOID
8.17,-1.829,-0.746,0.8799,-1.9248,-0.6384,-1.8241,-0.7489,0.1445,AVOID
8.19,-1.8268,-0.7432,0.8799,-1.9248,-0.6384,-1.8126,-0.7351,0.1438,AVOID
8.21,-1.8246,-0.7406,0.8802,-1.9209,-0.6324,-1.8126,-0.7351,0.1431,AVOID
8.23,-1.8225,-0.738,0.8811,-1.9209,-0.6324,-1.8126,-0.7351,0.1424,AVOID
8.25,-1.8203,-0.7354,0.8826,-1.919,-0.6293,-1.8126,-0.7351,0.1417,AVOID
8.27,-1.8181,-0.7327,0.8847,-1.9171,-0.6263,-1.8126,-0.7351,0.141,AVOID
8.29,-1.8159,-0.73,0.8874,-1.9153,-0.6233,-1.8012,-0.7212,0.1403,AVOID
8.31,-1.8137,-0.7273,0.8907,-1.9134,-0.6202,-1.8012,-0.7212,0.1396,AVOID
8.33,-1.8115,-0.7245,0.8941,-1.9115,-0.6172,-1.8012,-0.7212,0.139,AVOID
8.35,-1.8093,-0.7218,0.8976,-1.9097,-0.6141,-1.8012,-0.7212,0.1383,AVOID
8.37,-1.8071,-0.719,0.9011,-1.906,-0.608,-1.8012,-0.7212,0.1377,AVOID
8.39,-1.8049,-0.7162,0.9046,-1.906,-0.608,-1.79,-0.7073,0.1372,AVOID
8.41,-1.8027,-0.7134,0.9081,-1.9042,-0.6049,-1.79,-0.7073,0.1367,AVOID
8.43,-1.8005,-0.7106,0.9116,-1.9024,-0.6018,-1.79,-0.7073,0.1362,AVOID
8.45,-1.7984,-0.7078,0.9151,-1.9006,-0.5988,-1.79,-0.7073,0.1358,AVOID
8.47,-1.7962,-0.705,0.9186,-1.8988,-0.5957,-1.79,-0.7073,0.1354,AVOID
8.49,-1.7941,-0.7022,0.9221,-1.897,-0.5926,-1.779,-0.6933,0.135,AVOID
8.51,-1.792,-0.6994,0.9256,-1.8952,-0.5895,-1.779,-0.6933,0.1347,AVOID
8.53,-1.7898,-0.6966,0.929,-1.8935,-0.5864,-1.779,-0.6933,0.1344,AVOID
8.55,-1.7877,-0.6938,0.9325,-1.8917,-0.5832,-1.779,-0.6933,0.1341,AVOID
8.57,-1.7856,-0.6909,0.936,-1.8883,-0.577,-1.779,-0.6933,0.1339,AVOID
8.59,-1.7834,-0.6879,0.9392,-1.8883,-0.577,-1.7683,-0.679,0.1337,AVOID
8.61,-1.7812,-0.6849,0.9418,-1.8865,-0.5738,-1.7683,-0.679,0.1336,AVOID
8.63,-1.779,-0.6818,0.9438,-1.8848,-0.5707,-1.7683,-0.679,0.1336,AVOID
8.65,-1.7768,-0.6788,0.9452,-1.8813,-0.5644,-1.7683,-0.679,0.1336,AVOID
8.67,-1.7747,-0.6759,0.946,-1.8796,-0.5612,-1.7683,-0.679,0.1336,AVOID
8.69,-1.7725,-0.6729,0.9462,-1.8796,-0.5612,-1.7577,-0.6645,0.1337,AVOID
8.71,-1.7704,-0.67,0.9462,-1.8761,-0.5549,-1.7577,-0.6645,0.1338,AVOID
8.73,-1.7683,-0.6671,0.9462,-1.8761,-0.5549,-1.7577,-0.6645,0.134,AVOID
8.75,-1.7662,-0.6642,0.9462,-1.8727,-0.5486,-1.7577,-0.6645,0.1342,AVOID
8.77,-1.7641,-0.6613,0.9462,-1.8727,-0.5486,-1.7577,-0.6645,0.1344,AVOID
8.79,-1.7619,-0.6582,0.9459,-1.8709,-0.5454,-1.7472,-0.6498,0.1346,AVOID
8.81,-1.7595,-0.655,0.945,-1.8693,-0.5424,-1.7472,-0.6498,0.1349,AVOID
8.83,-1.7572,-0.6518,0.944,-1.8675,-0.5393,-1.7472,-0.6498,0.1352,AVOID
8.85,-1.7549,-0.6487,0.943,-1.8658,-0.5363,-1.7472,-0.6498,0.1355,AVOID
8.87,-1.7526,-0.6456,0.942,-1.8641,-0.5333,-1.7472,-0.6498,0.1359,AVOID
8.892,-1.7502,-0.6424,0.9408,-1.8605,-0.5273,-1.7369,-0.6356,0.1363,AVOID
8.91,-1.7479,-0.6392,0.9391,-1.8587,-0.5243,-1.7369,-0.6356,0.1367,AVOID
8.93,-1.7456,-0.6361,0.9368,-1.8587,-0.5243,-1.7369,-0.6356,0.1372,AVOID
8.95,-1.7433,-0.633,0.9339,-1.8569,-0.5213,-1.7369,-0.6356,0.1378,AVOID
8.97,-1.7411,-0.6299,0.9304,-1.855,-0.5183,-1.7369,-0.6356,0.1383,AVOID
8.99,-1.7387,-0.6268,0.9263,-1.8531,-0.5154,-1.7266,-0.6215,0.139,AVOID
9.01,-1.7364,-0.6237,0.9216,-1.8513,-0.5126,-1.7266,-0.6215,0.1396,AVOID
9.03,-1.7341,-0.6207,0.9163,-1.8494,-0.5098,-1.7266,-0.6215,0.1403,AVOID
9.05,-1.7318,-0.6177,0.9104,-1.8475,-0.507,-1.7266,-0.6215,0.1409,AVOID
9.07,-1.7295,-0.6148,0.9039,-1.8437,-0.5015,-1.7266,-0.6215,0.1416,AVOID
9.09,-1.7272,-0.6119,0.8967,-1.8437,-0.5015,-1.7164,-0.608,0.1424,AVOID
9.11,-1.7249,-0.6091,0.889,-1.8417,-0.4988,-1.7164,-0.608,0.1431,AVOID
9.13,-1.7226,-0.6063,0.8807,-1.8377,-0.4934,-1.7164,-0.608,0.1438,AVOID
9.15,-1.7203,-0.6035,0.8719,-1.8356,-0.4907,-1.7164,-0.608,0.1446,AVOID
9.17,-1.718,-0.6008,0.8631,-1.8356,-0.4907,-1.7164,-0.608,0.1453,AVOID
9.19,-1.7157,-0.5981,0.8543,-1.8315,-0.4856,-1.7164,-0.608,0.146,AVOID
9.21,-1.7133,-0.5954,0.8454,-1.8315,-0.4856,-1.7164,-0.608,0.1468,AVOID
9.23,-1.7109,-0.5926,0.8362,-1.8295,-0.4832,-1.7058,-0.595,0.1476,GO_GOAL
9.25,-1.7085,-0.59,0.8263,-1.8253,-0.4784,-1.7058,-0.595,0.1483,GO_GOAL
9.27,-1.7061,-0.5874,0.8158,-1.8232,-0.476,-1.6951,-0.5829,0.1491,GO_GOAL
9.288,-1.7036,-0.5848,0.8048,-1.8232,-0.476,-1.6951,-0.5829,0.1498,GO_GOAL
9.31,-1.7012,-0.5824,0.7931,-1.8188,-0.4714,-1.6951,-0.5829,0.1506,GO_GOAL
9.33,-1.6988,-0.5799,0.7808,-1.8188,-0.4714,-1.6951,-0.5829,0.1513,GO_GOAL
9.35,-1.6964,-0.5776,0.7679,-1.8166,-0.4692,-1.6951,-0.5829,0.152,GO_GOAL
9.37,-1.694,-0.5753,0.7544,-1.8143,-0.4669,-1.6951,-0.5829,0.1528,GO_GOAL
9.39,-1.6916,-0.5731,0.7409,-1.812,-0.4647,-1.684,-0.5716,0.1535,GO_GOAL
9.41,-1.6892,-0.5709,0.7279,-1.8096,-0.4625,-1.684,-0.5716,0.1541,GO_GOAL
9.43,-1.6867,-0.5687,0.7156,-1.8071,-0.4602,-1.684,-0.5716,0.1548,GO_GOAL
9.45,-1.6841,-0.5665,0.7039,-1.8046,-0.458,-1.684,-0.5716,0.1553,GO_GOAL
9.47,-1.6816,-0.5643,0.6925,-1.8021,-0.4558,-1.684,-0.5716,0.156,GO_GOAL
9.49,-1.679,-0.5621,0.6811,-1.7969,-0.4513,-1.6716,-0.5605,0.1566,GO_GOAL
9.51,-1.6765,-0.5599,0.6698,-1.7969,-0.4513,-1.6716,-0.5605,0.1573,GO_GOAL
9.53,-1.6738,-0.5577,0.6585,-1.7942,-0.4491,-1.6716,-0.5605,0.1579,GO_GOAL
9.55,-1.671,-0.5555,0.6473,-1.7915,-0.4469,-1.6716,-0.5605,0.1584,GO_GOAL
9.57,-1.6683,-0.5536,0.6365,-1.7888,-0.4447,-1.6581,-0.5498,0.1588,GO_GOAL
9.59,-1.6657,-0.5516,0.6264,-1.786,-0.4425,-1.6581,-0.5498,0.1592,GO_GOAL
9.61,-1.6629,-0.5496,0.6168,-1.7833,-0.4404,-1.6581,-0.5498,0.1596,GO_GOAL
9.63,-1.6601,-0.5477,0.6078,-1.7805,-0.4382,-1.6581,-0.5498,0.16,GO_GOAL
9.65,-1.6573,-0.5457,0.5995,-1.7778,-0.4361,-1.6581,-0.5498,0.1604,GO_GOAL
9.67,-1.6544,-0.5437,0.5917,-1.775,-0.434,-1.6581,-0.5498,0.1607,GO_GOAL
9.69,-1.6516,-0.5419,0.5845,-1.7722,-0.432,-1.6439,-0.5396,0.161,GO_GOAL
9.71,-1.6487,-0.54,0.578,-1.7693,-0.4299,-1.6439,-0.5396,0.1613,GO_GOAL
9.73,-1.6459,-0.5382,0.572,-1.7664,-0.4278,-1.6439,-0.5396,0.1615,GO_GOAL
9.75,-1.643,-0.5362,0.5665,-1.7606,-0.4236,-1.6439,-0.5396,0.1619,GO_GOAL
9.77,-1.6402,-0.5343,0.561,-1.7606,-0.4236,-1.6439,-0.5396,0.1623,GO_GOAL
9.79,-1.6374,-0.5324,0.5554,-1.7577,-0.4215,-1.629,-0.5299,0.1627,GO_GOAL
9.81,-1.6344,-0.5305,0.55,-1.7518,-0.4174,-1.629,-0.5299,0.163,GO_GOAL
9.83,-1.6313,-0.5286,0.545,-1.7518,-0.4174,-1.629,-0.5299,0.1632,GO_GOAL
9.85,-1.6283,-0.5268,0.5406,-1.7459,-0.4133,-1.629,-0.5299,0.1634,GO_GOAL
9.87,-1.6252,-0.525,0.5368,-1.7459,-0.4133,-1.629,-0.5299,0.1637,GO_GOAL
9.89,-1.6221,-0.5231,0.5333,-1.743,-0.4113,-1.6138,-0.5205,0.1639,GO_GOAL
9.91,-1.619,-0.5213,0.5298,-1.74,-0.4093,-1.6138,-0.5205,0.1642,GO_GOAL
9.93,-1.6159,-0.5195,0.5263,-1.7371,-0.4073,-1.6138,-0.5205,0.1644,GO_GOAL
9.95,-1.6128,-0.5177,0.5228,-1.7341,-0.4053,-1.6138,-0.5205,0.1647,GO_GOAL
9.97,-1.6097,-0.5159,0.5193,-1.7311,-0.4034,-1.6138,-0.5205,0.165,GO_GOAL
9.99,-1.6067,-0.5142,0.5161,-1.7282,-0.4014,-1.5984,-0.5115,0.1653,GO_GOAL
10.01,-1.6038,-0.5125,0.5131,-1.7251,-0.3994,-1.5984,-0.5115,0.1656,GO_GOAL
10.03,-1.6009,-0.5108,0.51,-1.7221,-0.3974,-1.5984,-0.5115,0.166,GO_GOAL
10.05,-1.5979,-0.5091,0.5071,-1.7191,-0.3955,-1.5984,-0.5115,0.1663,GO_GOAL
10.07,-1.5949,-0.5074,0.5047,-1.7161,-0.3935,-1.5984,-0.5115,0.1666,GO_GOAL
10.09,-1.5919,-0.5058,0.5029,-1.7131,-0.3915,-1.5828,-0.5027,0.1669,GO_GOAL
10.11,-1.5888,-0.5041,0.5017,-1.7101,-0.3895,-1.5828,-0.5027,0.1672,GO_GOAL
10.13,-1.5857,-0.5024,0.501,-1.7071,-0.3876,-1.5828,-0.5027,0.1675,GO_GOAL
10.15,-1.5826,-0.5006,0.5009,-1.7041,-0.3856,-1.5828,-0.5027,0.1678,GO_GOAL
10.17,-1.5794,-0.4989,0.5009,-1.7011,-0.3836,-1.5828,-0.5027,0.1682,GO_GOAL
10.19,-1.5762,-0.4972,0.5009,-1.6981,-0.3817,-1.567,-0.494,0.1685,GO_GOAL
10.21,-1.5731,-0.4954,0.5009,-1.695,-0.3797,-1.567,-0.494,0.1689,GO_GOAL
10.23,-1.57,-0.4937,0.5009,-1.692,-0.3777,-1.567,-0.494,0.1694,GO_GOAL
10.25,-1.5669,-0.492,0.5009,-1.689,-0.3757,-1.567,-0.494,0.1698,GO_GOAL
10.27,-1.5638,-0.4902,0.5009,-1.686,-0.3738,-1.567,-0.494,0.1703,GO_GOAL
10.29,-1.5606,-0.4885,0.5009,-1.68,-0.3698,-1.5481,-0.4836,0.1708,GO_GOAL
10.31,-1.5574,-0.4868,0.5009,-1.68,-0.3698,-1.5481,-0.4836,0.1713,GO_GOAL
10.33,-1.5543,-0.485,0.5009,-1.677,-0.3678,-1.5481,-0.4836,0.1718,GO_GOAL
10.35,-1.5511,-0.4833,0.5009,-1.674,-0.3659,-1.5481,-0.4836,0.1724,GO_GOAL
10.37,-1.548,-0.4816,0.5009,-1.671,-0.3639,-1.5481,-0.4836,0.173,GO_GOAL
10.39,-1.5448,-0.4799,0.5009,-1.668,-0.3619,-1.5354,-0.4767,0.1736,GO_GOAL
10.41,-1.5416,-0.4781,0.5009,-1.6649,-0.3599,-1.5354,-0.4767,0.1742,GO_GOAL
10.43,-1.5385,-0.4764,0.5009,-1.6589,-0.356,-1.5354,-0.4767,0.1748,GO_GOAL
10.45,-1.5354,-0.4747,0.5009,-1.6589,-0.356,-1.5354,-0.4767,0.1755,GO_GOAL
10.47,-1.5322,-0.4729,0.5009,-1.6559,-0.354,-1.5354,-0.4767,0.1762,GO_GOAL
10.49,-1.5291,-0.4712,0.5009,-1.6529,-0.352,-1.5196,-0.468,0.1769,GO_GOAL
10.51,-1.5259,-0.4695,0.5009,-1.6499,-0.3501,-1.5196,-0.468,0.1777,GO_GOAL
10.53,-1.5227,-0.4678,0.5009,-1.6469,-0.3481,-1.5196,-0.468,0.1784,GO_GOAL
10.55,-1.5196,-0.466,0.5009,-1.6439,-0.3461,-1.5196,-0.468,0.1792,GO_GOAL
10.57,-1.5164,-0.4643,0.5009,-1.6409,-0.3441,-1.5196,-0.468,0.18,GO_GOAL
10.59,-1.5133,-0.4626,0.5009,-1.6348,-0.3402,-1.5039,-0.4593,0.1809,GO_GOAL
10.61,-1.5101,-0.4608,0.5009,-1.6348,-0.3402,-1.5039,-0.4593,0.1817,GO_GOAL
10.63,-1.507,-0.4591,0.5009,-1.6288,-0.3362,-1.5039,-0.4593,0.1826,GO_GOAL
10.648,-1.5038,-0.4574,0.5009,-1.6288,-0.3362,-1.5039,-0.4593,0.1835,GO_GOAL
10.67,-1.5007,-0.4557,0.5009,-1.6258,-0.3343,-1.5039,-0.4593,0.1844,GO_GOAL
10.69,-1.4975,-0.4539,0.5009,-1.6228,-0.3323,-1.4881,-0.4507,0.1853,GO_GOAL
10.71,-1.4943,-0.4522,0.5009,-1.6198,-0.3303,-1.4881,-0.4507,0.1863,GO_GOAL
10.73,-1.4912,-0.4505,0.5009,-1.6168,-0.3283,-1.4881,-0.4507,0.1873,GO_GOAL
10.75,-1.488,-0.4488,0.5009,-1.6138,-0.3264,-1.4881,-0.4507,0.1883,GO_GOAL
10.77,-1.4849,-0.447,0.5009,-1.6108,-0.3244,-1.4881,-0.4507,0.1893,GO_GOAL
10.79,-1.4817,-0.4453,0.5009,-1.6078,-0.3224,-1.4691,-0.4403,0.1904,GO_GOAL
10.81,-1.4786,-0.4436,0.5009,-1.6047,-0.3204,-1.4691,-0.4403,0.1915,GO_GOAL
10.83,-1.4754,-0.4419,0.5009,-1.6017,-0.3185,-1.4691,-0.4403,0.1926,GO_GOAL
10.85,-1.4723,-0.4401,0.5009,-1.5987,-0.3165,-1.4691,-0.4403,0.1937,GO_GOAL
10.87,-1.4691,-0.4384,0.5009,-1.5957,-0.3145,-1.4691,-0.4403,0.1948,GO_GOAL
10.89,-1.4659,-0.4367,0.5009,-1.5927,-0.3125,-1.4565,-0.4334,0.196,GO_GOAL
10.91,-1.4628,-0.4349,0.5009,-1.5897,-0.3106,-1.4565,-0.4334,0.1972,GO_GOAL
10.93,-1.4596,-0.4332,0.5009,-1.5867,-0.3086,-1.4565,-0.4334,0.1984,GO_GOAL
10.95,-1.4565,-0.4315,0.5009,-1.5807,-0.3046,-1.4565,-0.4334,0.1996,GO_GOAL
10.97,-1.4533,-0.4298,0.5009,-1.5807,-0.3046,-1.4565,-0.4334,0.2008,GO_GOAL
10.99,-1.4502,-0.428,0.5009,-1.5776,-0.3027,-1.4407,-0.4247,0.2021,GO_GOAL
11.01,-1.447,-0.4263,0.5009,-1.5746,-0.3007,-1.4407,-0.4247,0.2034,GO_GOAL
11.03,-1.4439,-0.4246,0.5009,-1.5716,-0.2987,-1.4407,-0.4247,0.2047,GO_GOAL
11.05,-1.4407,-0.4228,0.5009,-1.5686,-0.2967,-1.4407,-0.4247,0.206,GO_GOAL
11.07,-1.4376,-0.4211,0.5009,-1.5656,-0.2948,-1.4407,-0.4247,0.2073,GO_GOAL
11.09,-1.4344,-0.4194,0.5009,-1.5626,-0.2928,-1.425,-0.4161,0.2087,GO_GOAL
11.11,-1.4312,-0.4177,0.5009,-1.5566,-0.2888,-1.425,-0.4161,0.2101,GO_GOAL
11.13,-1.4281,-0.4159,0.5009,-1.5536,-0.2869,-1.425,-0.4161,0.2115,GO_GOAL
11.15,-1.4249,-0.4142,0.5009,-1.5506,-0.2849,-1.425,-0.4161,0.2129,GO_GOAL
11.17,-1.4218,-0.4125,0.5009,-1.5506,-0.2849,-1.425,-0.4161,0.2143,GO_GOAL
11.19,-1.4186,-0.4108,0.5009,-1.5475,-0.2829,-1.4092,-0.4074,0.2158,GO_GOAL
11.21,-1.4155,-0.409,0.5009,-1.5415,-0.279,-1.4092,-0.4074,0.2173,GO_GOAL
11.23,-1.4123,-0.4073,0.5009,-1.5385,-0.277,-1.4092,-0.4074,0.2187,GO_GOAL
11.25,-1.4092,-0.4056,0.5009,-1.5385,-0.277,-1.4092,-0.4074,0.2203,GO_GOAL
11.27,-1.406,-0.4038,0.5009,-1.5355,-0.275,-1.4092,-0.4074,0.2218,GO_GOAL
11.29,-1.4028,-0.4021,0.5009,-1.5325,-0.2731,-1.3934,-0.3987,0.2233,GO_GOAL
11.31,-1.3997,-0.4004,0.5009,-1.5265,-0.2691,-1.3934,-0.3987,0.2249,GO_GOAL
11.33,-1.3965,-0.3987,0.5009,-1.5235,-0.2671,-1.3934,-0.3987,0.2265,GO_GOAL
11.35,-1.3934,-0.3969,0.5009,-1.5235,-0.2671,-1.3934,-0.3987,0.2281,GO_GOAL
11.37,-1.3902,-0.3952,0.5009,-1.5205,-0.2652,-1.3934,-0.3987,0.2297,GO_GOAL
11.39,-1.387,-0.3935,0.5009,-1.5174,-0.2632,-1.3776,-0.3901,0.2314,GO_GOAL
11.41,-1.3839,-0.3917,0.5009,-1.5144,-0.2612,-1.3776,-0.3901,0.233,GO_GOAL
11.43,-1.3807,-0.39,0.5009,-1.5114,-0.2592,-1.3776,-0.3901,0.2347,GO_GOAL
11.45,-1.3776,-0.3883,0.5009,-1.5084,-0.2573,-1.3776,-0.3901,0.2364,GO_GOAL
11.47,-1.3744,-0.3866,0.5009,-1.5054,-0.2553,-1.3776,-0.3901,0.2381,GO_GOAL
11.49,-1.3713,-0.3848,0.5009,-1.5024,-0.2533,-1.3618,-0.3814,0.2398,GO_GOAL
11.51,-1.3681,-0.3831,0.5009,-1.4994,-0.2513,-1.3618,-0.3814,0.2415,GO_GOAL
11.53,-1.3649,-0.3814,0.5009,-1.4964,-0.2494,-1.3618,-0.3814,0.2433,GO_GOAL
11.55,-1.3618,-0.3796,0.5009,-1.4934,-0.2474,-1.3618,-0.3814,0.2451,GO_GOAL
11.57,-1.3586,-0.3779,0.5009,-1.4904,-0.2454,-1.3618,-0.3814,0.2469,GO_GOAL
11.59,-1.3555,-0.3762,0.5009,-1.4873,-0.2434,-1.3461,-0.3728,0.2487,GO_GOAL
11.61,-1.3523,-0.3745,0.5009,-1.4843,-0.2415,-1.3461,-0.3728,0.2505,GO_GOAL
11.63,-1.3492,-0.3727,0.5009,-1.4813,-0.2395,-1.3461,-0.3728,0.2523,GO_GOAL
11.65,-1.346,-0.371,0.5009,-1.4783,-0.2375,-1.3461,-0.3728,0.2542,GO_GOAL
11.67,-1.3428,-0.3693,0.5009,-1.4753,-0.2355,-1.3461,-0.3728,0.2561,GO_GOAL
11.69,-1.3397,-0.3675,0.5009,-1.4693,-0.2316,-1.3303,-0.3641,0.2579,GO_GOAL
11.71,-1.3365,-0.3658,0.5009,-1.4693,-0.2316,-1.3303,-0.3641,0.2598,GO_GOAL
11.73,-1.3334,-0.3641,0.5009,-1.4663,-0.2296,-1.3303,-0.3641,0.2618,GO_GOAL
11.75,-1.3302,-0.3623,0.5009,-1.4633,-0.2276,-1.3303,-0.3641,0.2637,GO_GOAL
11.77,-1.3271,-0.3606,0.5009,-1.4603,-0.2257,-1.3303,-0.3641,0.2656,GO_GOAL
11.79,-1.3239,-0.3589,0.5009,-1.4572,-0.2237,-1.3145,-0.3554,0.2676,GO_GOAL
11.81,-1.3207,-0.3572,0.5009,-1.4542,-0.2217,-1.3145,-0.3554,0.2696,GO_GOAL
11.83,-1.3176,-0.3554,0.5009,-1.4512,-0.2197,-1.3145,-0.3554,0.2715,GO_GOAL
11.85,-1.3144,-0.3537,0.5009,-1.4482,-0.2178,-1.3145,-0.3554,0.2735,GO_GOAL
11.87,-1.3113,-0.352,0.5009,-1.4452,-0.2158,-1.3145,-0.3554,0.2756,GO_GOAL
11.89,-1.3081,-0.3502,0.5009,-1.4392,-0.2118,-1.2987,-0.3468,0.2776,GO_GOAL
11.91,-1.3049,-0.3485,0.5009,-1.4392,-0.2118,-1.2987,-0.3468,0.2796,GO_GOAL
11.93,-1.3018,-0.3468,0.5009,-1.4362,-0.2099,-1.2987,-0.3468,0.2817,GO_GOAL
11.95,-1.2986,-0.3451,0.5009,-1.4332,-0.2079,-1.2987,-0.3468,0.2838,GO_GOAL
11.97,-1.2955,-0.3433,0.5009,-1.4301,-0.2059,-1.2987,-0.3468,0.2858,GO_GOAL
11.99,-1.2923,-0.3416,0.5009,-1.4271,-0.2039,-1.2829,-0.3381,0.2879,GO_GOAL
12.01,-1.2892,-0.3399,0.5009,-1.4241,-0.202,-1.2829,-0.3381,0.29,GO_GOAL
12.03,-1.286,-0.3381,0.5009,-1.4211,-0.2,-1.2829,-0.3381,0.2922,GO_GOAL
12.05,-1.2828,-0.3364,0.5009,-1.4181,-0.198,-1.2829,-0.3381,0.2943,GO_GOAL
12.07,-1.2797,-0.3347,0.5009,-1.4151,-0.196,-1.2829,-0.3381,0.2965,GO_GOAL
12.09,-1.2765,-0.333,0.5009,-1.4091,-0.1921,-1.2672,-0.3295,0.2986,GO_GOAL
12.11,-1.2734,-0.3312,0.5009,-1.4061,-0.1901,-1.2672,-0.3295,0.3008,GO_GOAL
12.13,-1.2702,-0.3295,0.5009,-1.4031,-0.1881,-1.2672,-0.3295,0.303,GO_GOAL
12.15,-1.2671,-0.3278,0.5009,-1.4031,-0.1881,-1.2672,-0.3295,0.3052,GO_GOAL
12.17,-1.2639,-0.326,0.5009,-1.4,-0.1862,-1.2672,-0.3295,0.3074,GO_GOAL
12.19,-1.2607,-0.3243,0.5009,-1.394,-0.1822,-1.2514,-0.3208,0.3096,GO_GOAL
12.21,-1.2576,-0.3226,0.5009,-1.394,-0.1822,-1.2514,-0.3208,0.3118,GO_GOAL
12.23,-1.2544,-0.3209,0.5009,-1.388,-0.1783,-1.2514,-0.3208,0.3141,GO_GOAL
12.25,-1.2513,-0.3191,0.5009,-1.385,-0.1763,-1.2514,-0.3208,0.3164,GO_GOAL
12.27,-1.2481,-0.3174,0.5009,-1.382,-0.1743,-1.2514,-0.3208,0.3186,GO_GOAL
12.288,-1.245,-0.3157,0.5009,-1.382,-0.1743,-1.2356,-0.3122,0.3209,GO_GOAL
12.31,-1.2418,-0.3139,0.5009,-1.379,-0.1723,-1.2356,-0.3122,0.3232,GO_GOAL
12.33,-1.2386,-0.3122,0.5009,-1.376,-0.1704,-1.2356,-0.3122,0.3255,GO_GOAL
12.35,-1.2355,-0.3105,0.5009,-1.3699,-0.1664,-1.2356,-0.3122,0.3278,GO_GOAL
12.37,-1.2323,-0.3088,0.5009,-1.3699,-0.1664,-1.2356,-0.3122,0.3301,GO_GOAL
12.39,-1.2292,-0.307,0.5009,-1.3669,-0.1644,-1.2198,-0.3035,0.3325,GO_GOAL
12.41,-1.226,-0.3053,0.5009,-1.3639,-0.1625,-1.2198,-0.3035,0.3348,GO_GOAL
12.43,-1.2228,-0.3036,0.5009,-1.3579,-0.1585,-1.2198,-0.3035,0.3372,GO_GOAL
12.45,-1.2197,-0.3018,0.5009,-1.3549,-0.1566,-1.2198,-0.3035,0.3396,GO_GOAL
12.47,-1.2165,-0.3001,0.5009,-1.3549,-0.1566,-1.2198,-0.3035,0.3419,GO_GOAL
12.49,-1.2134,-0.2984,0.5009,-1.3519,-0.1546,-1.204,-0.2948,0.3443,GO_GOAL
12.51,-1.2102,-0.2967,0.5009,-1.3459,-0.1506,-1.204,-0.2948,0.3467,GO_GOAL
12.53,-1.2071,-0.2949,0.5009,-1.3429,-0.1487,-1.204,-0.2948,0.3491,GO_GOAL
12.55,-1.2039,-0.2932,0.5009,-1.3398,-0.1467,-1.204,-0.2948,0.3516,GO_GOAL
12.57,-1.2007,-0.2915,0.5009,-1.3368,-0.1447,-1.1882,-0.2862,0.354,GO_GOAL
12.59,-1.1976,-0.2897,0.5009,-1.3338,-0.1427,-1.1882,-0.2862,0.3564,GO_GOAL
12.61,-1.1944,-0.288,0.5009,-1.3338,-0.1427,-1.1882,-0.2862,0.3589,GO_GOAL
12.63,-1.1913,-0.2863,0.5009,-1.3308,-0.1408,-1.1882,-0.2862,0.3613,GO_GOAL
12.65,-1.1881,-0.2846,0.5009,-1.3278,-0.1388,-1.1882,-0.2862,0.3638,GO_GOAL
12.67,-1.185,-0.2828,0.5009,-1.3218,-0.1348,-1.1882,-0.2862,0.3663,GO_GOAL
12.69,-1.1818,-0.2811,0.5009,-1.3218,-0.1348,-1.1725,-0.2775,0.3688,GO_GOAL
12.71,-1.1786,-0.2794,0.5009,-1.3158,-0.1309,-1.1725,-0.2775,0.3713,GO_GOAL
12.73,-1.1755,-0.2776,0.5009,-1.3158,-0.1309,-1.1725,-0.2775,0.3738,GO_GOAL
12.75,-1.1723,-0.2759,0.5009,-1.3128,-0.1289,-1.1725,-0.2775,0.3763,GO_GOAL
12.77,-1.1692,-0.2742,0.5009,-1.3097,-0.1269,-1.1725,-0.2775,0.3788,GO_GOAL
12.79,-1.1661,-0.2726,0.5011,-1.3039,-0.1231,-1.1725,-0.2775,0.3812,GO_GOAL
12.81,-1.1634,-0.2712,0.5018,-1.3011,-0.1212,-1.1725,-0.2775,0.3833,GO_GOAL
12.83,-1.161,-0.27,0.503,-1.3011,-0.1212,-1.1567,-0.2689,0.3851,AVOID
12.85,-1.1586,-0.2687,0.5046,-1.2983,-0.1193,-1.1567,-0.2689,0.387,AVOID
12.87,-1.1563,-0.2674,0.5067,-1.2956,-0.1174,-1.1567,-0.2689,0.3888,AVOID
12.89,-1.1539,-0.2661,0.5093,-1.2902,-0.1134,-1.1417,-0.2606,0.3907,AVOID
12.91,-1.1516,-0.2647,0.5123,-1.2902,-0.1134,-1.1417,-0.2606,0.3926,AVOID
12.93,-1.1492,-0.2634,0.5158,-1.2875,-0.1114,-1.1417,-0.2606,0.3945,AVOID
12.95,-1.1467,-0.262,0.5197,-1.2848,-0.1093,-1.1417,-0.2606,0.3965,AVOID
12.97,-1.1443,-0.2606,0.5241,-1.2796,-0.1051,-1.1417,-0.2606,0.3985,AVOID
12.99,-1.1418,-0.2591,0.5289,-1.277,-0.103,-1.1271,-0.2524,0.4005,AVOID
13.01,-1.1393,-0.2577,0.5342,-1.2744,-0.1008,-1.1271,-0.2524,0.4026,AVOID
13.03,-1.1368,-0.2562,0.54,-1.2744,-0.1008,-1.1271,-0.2524,0.4046,AVOID
13.05,-1.1342,-0.2546,0.5462,-1.2719,-0.0986,-1.1271,-0.2524,0.4067,AVOID
13.07,-1.1317,-0.2531,0.5529,-1.2693,-0.0964,-1.1271,-0.2524,0.4089,AVOID
13.092,-1.1291,-0.2515,0.56,-1.2644,-0.0919,-1.1127,-0.2438,0.4111,AVOID
13.11,-1.1265,-0.2498,0.5676,-1.2644,-0.0919,-1.1127,-0.2438,0.4133,AVOID
13.13,-1.1239,-0.2482,0.5757,-1.2619,-0.0896,-1.1127,-0.2438,0.4156,AVOID
13.15,-1.1213,-0.2464,0.5842,-1.2595,-0.0873,-1.1127,-0.2438,0.4179,AVOID
13.17,-1.1187,-0.2447,0.5932,-1.2571,-0.085,-1.1127,-0.2438,0.4202,AVOID
13.19,-1.116,-0.2429,0.6027,-1.2547,-0.0826,-1.0985,-0.2348,0.4226,AVOID
13.21,-1.1134,-0.2411,0.6126,-1.2523,-0.0802,-1.0985,-0.2348,0.425,AVOID
13.23,-1.1107,-0.2392,0.623,-1.25,-0.0778,-1.0985,-0.2348,0.4275,AVOID
13.25,-1.1081,-0.2372,0.6334,-1.2477,-0.0753,-1.0985,-0.2348,0.43,AVOID
13.27,-1.1055,-0.2353,0.6439,-1.2454,-0.0729,-1.0985,-0.2348,0.4325,AVOID
13.29,-1.1029,-0.2333,0.6544,-1.2432,-0.0704,-1.0821,-0.2231,0.4351,AVOID
13.31,-1.1003,-0.2313,0.6649,-1.2387,-0.0653,-1.0821,-0.2231,0.4377,AVOID
13.33,-1.0977,-0.2293,0.6753,-1.2366,-0.0628,-1.0821,-0.2231,0.4403,AVOID
13.35,-1.0952,-0.2272,0.6858,-1.2366,-0.0628,-1.0821,-0.2231,0.4429,AVOID
13.37,-1.0927,-0.2252,0.6963,-1.2344,-0.0602,-1.0821,-0.2231,0.4456,AVOID
13.39,-1.0902,-0.223,0.7067,-1.2323,-0.0576,-1.0716,-0.2147,0.4483,AVOID
13.41,-1.0877,-0.2209,0.7172,-1.2302,-0.055,-1.0716,-0.2147,0.451,AVOID
13.43,-1.0853,-0.2188,0.7277,-1.2281,-0.0523,-1.0716,-0.2147,0.4537,AVOID
13.45,-1.0829,-0.2166,0.7382,-1.2261,-0.0497,-1.0716,-0.2147,0.4565,AVOID
13.47,-1.0805,-0.2144,0.7486,-1.2241,-0.047,-1.0716,-0.2147,0.4592,AVOID
13.49,-1.0781,-0.2121,0.7591,-1.2221,-0.0442,-1.0589,-0.2037,0.462,AVOID
13.51,-1.0757,-0.2099,0.7696,-1.2201,-0.0415,-1.0589,-0.2037,0.4649,AVOID
13.53,-1.0734,-0.2076,0.7801,-1.2163,-0.036,-1.0589,-0.2037,0.4677,AVOID
13.55,-1.0711,-0.2053,0.7905,-1.2163,-0.036,-1.0589,-0.2037,0.4706,AVOID
13.57,-1.0688,-0.2029,0.801,-1.2145,-0.0332,-1.0589,-0.2037,0.4735,AVOID
13.59,-1.0664,-0.2005,0.8112,-1.2126,-0.0304,-1.0469,-0.192,0.4765,AVOID
13.61,-1.0639,-0.1978,0.821,-1.2108,-0.0275,-1.0469,-0.192,0.4798,AVOID
13.63,-1.0615,-0.1952,0.8302,-1.2089,-0.0245,-1.0469,-0.192,0.4831,AVOID
13.65,-1.0591,-0.1925,0.839,-1.207,-0.0216,-1.0469,-0.192,0.4863,AVOID
13.67,-1.0567,-0.1899,0.8474,-1.2052,-0.0186,-1.0469,-0.192,0.4895,AVOID
13.69,-1.0544,-0.1873,0.8552,-1.2034,-0.0156,-1.0351,-0.1793,0.4928,AVOID
13.71,-1.0522,-0.1847,0.8626,-1.2016,-0.0126,-1.0351,-0.1793,0.496,AVOID
13.73,-1.05,-0.182,0.8696,-1.1982,-0.0065,-1.0351,-0.1793,0.4992,AVOID
13.75,-1.0478,-0.1794,0.8766,-1.1982,-0.0065,-1.0351,-0.1793,0.5024,AVOID
13.77,-1.0456,-0.1768,0.8836,-1.1964,-0.0035,-1.0351,-0.1793,0.5056,AVOID
13.79,-1.0433,-0.174,0.8903,-1.1947,-0.0004,-1.0237,-0.1661,0.509,AVOID
13.81,-1.0409,-0.1711,0.8966,-1.193,0.0027,-1.0237,-0.1661,0.5125,AVOID
13.83,-1.0386,-0.1682,0.9024,-1.1913,0.0058,-1.0237,-0.1661,0.516,AVOID
13.85,-1.0364,-0.1653,0.9077,-1.1896,0.009,-1.0237,-0.1661,0.5195,AVOID
13.87,-1.0341,-0.1624,0.9125,-1.1879,0.0121,-1.0237,-0.1661,0.523,AVOID
13.89,-1.0319,-0.1596,0.9169,-1.1863,0.0153,-1.0126,-0.1522,0.5265,AVOID
13.91,-1.0298,-0.1567,0.9208,-1.1846,0.0184,-1.0126,-0.1522,0.5299,AVOID
13.93,-1.0276,-0.1539,0.9244,-1.183,0.0216,-1.0126,-0.1522,0.5333,AVOID
13.95,-1.0255,-0.1511,0.9278,-1.1813,0.0248,-1.0126,-0.1522,0.5367,AVOID
13.97,-1.0234,-0.1482,0.9313,-1.1797,0.028,-1.0126,-0.1522,0.5401,AVOID
13.99,-1.0212,-0.1453,0.9346,-1.1781,0.0311,-1.0018,-0.138,0.5437,AVOID
14.01,-1.0189,-0.1422,0.9374,-1.1765,0.0344,-1.0018,-0.138,0.5474,AVOID
14.03,-1.0167,-0.1392,0.9397,-1.1748,0.0376,-1.0018,-0.138,0.5511,AVOID
14.05,-1.0145,-0.1361,0.9415,-1.1732,0.0408,-1.0018,-0.138,0.5547,AVOID
14.07,-1.0123,-0.1332,0.9429,-1.17,0.0472,-1.0018,-0.138,0.5583,AVOID
14.09,-1.0102,-0.1302,0.9438,-1.17,0.0472,-0.9912,-0.1235,0.5619,AVOID
14.11,-1.008,-0.1272,0.9442,-1.1683,0.0504,-0.9912,-0.1235,0.5654,AVOID
14.13,-1.0059,-0.1243,0.9443,-1.1667,0.0536,-0.9912,-0.1235,0.5689,AVOID
14.15,-1.0038,-0.1214,0.9443,-1.1651,0.0569,-0.9912,-0.1235,0.5725,AVOID
14.17,-1.0017,-0.1185,0.9443,-1.1635,0.0601,-0.9912,-0.1235,0.576,AVOID
14.19,-0.9995,-0.1155,0.9441,-1.1602,0.0665,-0.9807,-0.1089,0.5797,AVOID
14.21,-0.9973,-0.1124,0.9434,-1.1602,0.0665,-0.9807,-0.1089,0.5834,AVOID
14.23,-0.995,-0.1093,0.9422,-1.1586,0.0696,-0.9807,-0.1089,0.5871,AVOID
14.25,-0.9928,-0.1063,0.9405,-1.1553,0.076,-0.9807,-0.1089,0.5907,AVOID
14.27,-0.9907,-0.1033,0.9384,-1.1537,0.0792,-0.9702,-0.0944,0.5944,AVOID
14.29,-0.9885,-0.1004,0.9359,-1.152,0.0823,-0.9702,-0.0944,0.598,AVOID
14.31,-0.9863,-0.0974,0.9328,-1.1503,0.0855,-0.9702,-0.0944,0.6016,AVOID
14.33,-0.9842,-0.0946,0.9294,-1.1503,0.0855,-0.9702,-0.0944,0.6051,AVOID
14.35,-0.982,-0.0917,0.9259,-1.1469,0.0918,-0.9702,-0.0944,0.6086,AVOID
14.37,-0.9798,-0.0888,0.9224,-1.1452,0.0949,-0.9702,-0.0944,0.6122,AVOID
14.39,-0.9777,-0.0859,0.9189,-1.1452,0.0949,-0.9596,-0.08,0.6157,AVOID
14.41,-0.9755,-0.0831,0.9154,-1.1417,0.1011,-0.9596,-0.08,0.6193,AVOID
14.43,-0.9733,-0.0802,0.9119,-1.1417,0.1011,-0.9596,-0.08,0.6228,AVOID
14.45,-0.971,-0.0774,0.9084,-1.14,0.1043,-0.9596,-0.08,0.6259,AVOID
14.47,-0.9688,-0.0745,0.9049,-1.1382,0.1074,-0.9596,-0.08,0.623,AVOID
14.49,-0.9666,-0.0717,0.9014,-1.1365,0.1105,-0.9487,-0.0658,0.6201,AVOID
14.51,-0.9644,-0.0689,0.8979,-1.1329,0.1167,-0.9487,-0.0658,0.6172,AVOID
14.53,-0.9621,-0.0661,0.8945,-1.1329,0.1167,-0.9487,-0.0658,0.6143,AVOID
14.55,-0.9598,-0.0633,0.891,-1.1311,0.1197,-0.9487,-0.0658,0.6114,AVOID
14.57,-0.9576,-0.0605,0.8875,-1.1293,0.1228,-0.9487,-0.0658,0.6085,AVOID
14.59,-0.9554,-0.0578,0.8842,-1.1275,0.1259,-0.9376,-0.0519,0.6058,AVOID
14.61,-0.9532,-0.0551,0.8814,-1.1256,0.129,-0.9376,-0.0519,0.603,AVOID
14.63,-0.951,-0.0525,0.8791,-1.1219,0.1352,-0.9376,-0.0519,0.6002,AVOID
14.65,-0.9488,-0.0498,0.8773,-1.1219,0.1352,-0.9376,-0.0519,0.5974,AVOID
14.67,-0.9466,-0.0471,0.8759,-1.1201,0.1383,-0.9262,-0.038,0.5945,AVOID
14.69,-0.9443,-0.0444,0.875,-1.1182,0.1414,-0.9262,-0.038,0.5916,AVOID
14.71,-0.942,-0.0417,0.8746,-1.1164,0.1444,-0.9262,-0.038,0.5887,AVOID
14.73,-0.9397,-0.0389,0.8746,-1.1146,0.1475,-0.9262,-0.038,0.5857,AVOID
14.75,-0.9374,-0.0362,0.8746,-1.1127,0.1506,-0.9262,-0.038,0.5828,AVOID
14.77,-0.9351,-0.0334,0.8746,-1.109,0.1568,-0.9262,-0.038,0.5798,AVOID
14.79,-0.9328,-0.0306,0.8746,-1.109,0.1568,-0.9147,-0.0241,0.5769,AVOID
14.81,-0.9305,-0.0279,0.8746,-1.1072,0.1599,-0.9147,-0.0241,0.5739,AVOID
14.83,-0.9282,-0.0251,0.8746,-1.1053,0.163,-0.9147,-0.0241,0.571,AVOID
14.85,-0.9259,-0.0224,0.8746,-1.1035,0.1661,-0.9147,-0.0241,0.5681,AVOID
14.87,-0.9236,-0.0196,0.8746,-1.1017,0.1692,-0.9147,-0.0241,0.5651,AVOID
14.89,-0.9213,-0.0168,0.8746,-1.0998,0.1723,-0.9031,-0.0103,0.5622,AVOID
14.91,-0.9189,-0.0141,0.8746,-1.098,0.1754,-0.9031,-0.0103,0.5593,AVOID
14.93,-0.9166,-0.0113,0.8746,-1.0961,0.1785,-0.9031,-0.0103,0.5564,AVOID
14.95,-0.9143,-0.0085,0.8746,-1.0943,0.1816,-0.9031,-0.0103,0.5535,AVOID
14.97,-0.912,-0.0058,0.8746,-1.0906,0.1877,-0.9031,-0.0103,0.5506,AVOID
14.99,-0.9097,-0.003,0.8746,-1.0906,0.1877,-0.8916,0.0035,0.5477,AVOID
15.01,-0.9074,-0.0003,0.8746,-1.0888,0.1908,-0.8916,0.0035,0.5448,AVOID
15.03,-0.9051,0.0025,0.8746,-1.0851,0.197,-0.8916,0.0035,0.5419,AVOID
15.05,-0.9028,0.0053,0.8746,-1.0851,0.197,-0.8916,0.0035,0.539,AVOID
15.07,-0.9005,0.008,0.8746,-1.0832,0.2001,-0.8916,0.0035,0.5361,AVOID
15.09,-0.8982,0.0108,0.8746,-1.0814,0.2032,-0.8801,0.0173,0.5332,AVOID
15.11,-0.8959,0.0136,0.8746,-1.0795,0.2063,-0.8801,0.0173,0.5304,AVOID
15.13,-0.8936,0.0163,0.8746,-1.0758,0.2125,-0.8801,0.0173,0.5275,AVOID
15.15,-0.8912,0.0191,0.8746,-1.0758,0.2125,-0.8801,0.0173,0.5246,AVOID
15.17,-0.8889,0.0218,0.8746,-1.074,0.2156,-0.8801,0.0173,0.5218,AVOID
15.19,-0.8866,0.0246,0.8746,-1.0722,0.2187,-0.8686,0.0312,0.5189,AVOID
15.21,-0.8843,0.0274,0.8746,-1.0685,0.2249,-0.8686,0.0312,0.5161,AVOID
15.23,-0.882,0.0301,0.8746,-1.0685,0.2249,-0.8686,0.0312,0.5132,AVOID
15.25,-0.8797,0.0329,0.8746,-1.0666,0.2279,-0.8686,0.0312,0.5104,AVOID
15.27,-0.8774,0.0357,0.8746,-1.0648,0.231,-0.8686,0.0312,0.5076,AVOID
15.29,-0.8751,0.0384,0.8746,-1.0629,0.2341,-0.857,0.045,0.5047,AVOID
15.31,-0.8728,0.0412,0.8746,-1.0593,0.2403,-0.857,0.045,0.5019,AVOID
15.33,-0.8705,0.0439,0.8746,-1.0574,0.2434,-0.857,0.045,0.4991,AVOID
15.35,-0.8682,0.0467,0.8746,-1.0574,0.2434,-0.857,0.045,0.4963,AVOID
15.37,-0.8658,0.0495,0.8746,-1.0556,0.2465,-0.857,0.045,0.4935,AVOID
15.39,-0.8635,0.0522,0.8746,-1.0537,0.2496,-0.8455,0.0588,0.4907,AVOID
15.41,-0.8612,0.055,0.8746,-1.0519,0.2527,-0.8455,0.0588,0.4879,AVOID
15.43,-0.8589,0.0578,0.8746,-1.05,0.2558,-0.8455,0.0588,0.4851,AVOID
15.45,-0.8566,0.0605,0.8746,-1.0482,0.2589,-0.8455,0.0588,0.4823,AVOID
15.47,-0.8543,0.0633,0.8746,-1.0464,0.262,-0.8455,0.0588,0.4796,AVOID
15.49,-0.852,0.066,0.8746,-1.0445,0.2651,-0.834,0.0726,0.4768,AVOID
15.51,-0.8497,0.0688,0.8746,-1.0427,0.2681,-0.834,0.0726,0.474,AVOID
15.53,-0.8474,0.0716,0.8746,-1.0408,0.2712,-0.834,0.0726,0.4713,AVOID
15.55,-0.8451,0.0743,0.8746,-1.039,0.2743,-0.834,0.0726,0.4685,AVOID
15.57,-0.8428,0.0771,0.8746,-1.0371,0.2774,-0.834,0.0726,0.4658,AVOID
15.59,-0.8405,0.0798,0.8746,-1.0335,0.2836,-0.8224,0.0865,0.463,AVOID
15.61,-0.8381,0.0826,0.8746,-1.0335,0.2836,-0.8224,0.0865,0.4603,AVOID
15.63,-0.8358,0.0854,0.8746,-1.0316,0.2867,-0.8224,0.0865,0.4576,AVOID
15.65,-0.8335,0.0881,0.8746,-1.0298,0.2898,-0.8224,0.0865,0.4549,AVOID
15.67,-0.8312,0.0909,0.8746,-1.0279,0.2929,-0.8224,0.0865,0.4522,AVOID
15.69,-0.8289,0.0937,0.8746,-1.0261,0.296,-0.8109,0.1003,0.4495,AVOID
15.71,-0.8266,0.0964,0.8746,-1.0242,0.2991,-0.8109,0.1003,0.4468,AVOID
15.73,-0.8243,0.0992,0.8746,-1.0206,0.3053,-0.8109,0.1003,0.4441,AVOID
15.75,-0.822,0.1019,0.8746,-1.0187,0.3083,-0.8109,0.1003,0.4414,AVOID
15.77,-0.8197,0.1047,0.8746,-1.0187,0.3083,-0.8109,0.1003,0.4387,AVOID
15.79,-0.8174,0.1075,0.8746,-1.0169,0.3114,-0.7994,0.1141,0.436,AVOID
15.81,-0.8151,0.1102,0.8746,-1.015,0.3145,-0.7994,0.1141,0.4334,AVOID
15.83,-0.8127,0.113,0.8746,-1.0132,0.3176,-0.7994,0.1141,0.4307,AVOID
15.85,-0.8104,0.1158,0.8746,-1.0113,0.3207,-0.7994,0.1141,0.4281,AVOID
15.87,-0.8081,0.1185,0.8746,-1.0095,0.3238,-0.7994,0.1141,0.4254,AVOID
15.89,-0.8058,0.1213,0.8746,-1.0077,0.3269,-0.7879,0.1279,0.4228,AVOID
15.91,-0.8035,0.124,0.8746,-1.0058,0.33,-0.7879,0.1279,0.4201,AVOID
15.93,-0.8012,0.1268,0.8746,-1.004,0.3331,-0.7879,0.1279,0.4175,AVOID
15.95,-0.7989,0.1296,0.8746,-1.0021,0.3362,-0.7879,0.1279,0.4149,AVOID
15.97,-0.7966,0.1323,0.8746,-1.0003,0.3393,-0.7879,0.1279,0.4123,AVOID
15.99,-0.7943,0.1351,0.8746,-0.9984,0.3424,-0.774,0.1445,0.4097,AVOID
16.01,-0.792,0.1379,0.8746,-0.9966,0.3455,-0.774,0.1445,0.4071,AVOID
16.03,-0.7897,0.1406,0.8746,-0.9948,0.3485,-0.774,0.1445,0.4045,AVOID
16.05,-0.7873,0.1434,0.8746,-0.9911,0.3547,-0.774,0.1445,0.4019,AVOID
16.07,-0.785,0.1461,0.8746,-0.9911,0.3547,-0.774,0.1445,0.3994,AVOID
16.09,-0.7827,0.1489,0.8746,-0.9874,0.3609,-0.7648,0.1556,0.3968,AVOID
16.11,-0.7804,0.1517,0.8746,-0.9855,0.364,-0.7648,0.1556,0.3943,AVOID
16.13,-0.7781,0.1544,0.8746,-0.9855,0.364,-0.7648,0.1556,0.3917,AVOID
16.15,-0.7758,0.1572,0.8746,-0.9837,0.3671,-0.7648,0.1556,0.3892,AVOID
16.17,-0.7735,0.16,0.8746,-0.9818,0.3702,-0.7648,0.1556,0.3866,AVOID
16.19,-0.7712,0.1627,0.8746,-0.98,0.3733,-0.7533,0.1694,0.3841,AVOID
16.21,-0.7689,0.1655,0.8746,-0.9782,0.3764,-0.7533,0.1694,0.3816,AVOID
16.23,-0.7666,0.1682,0.8746,-0.9763,0.3795,-0.7533,0.1694,0.3791,AVOID
16.25,-0.7643,0.171,0.8746,-0.9745,0.3826,-0.7533,0.1694,0.3766,AVOID
16.27,-0.762,0.1738,0.8746,-0.9708,0.3887,-0.7533,0.1694,0.3741,AVOID
16.29,-0.7596,0.1765,0.8746,-0.9689,0.3918,-0.7418,0.1832,0.3716,AVOID
16.31,-0.7573,0.1793,0.8746,-0.9689,0.3918,-0.7418,0.1832,0.3692,AVOID
16.33,-0.755,0.182,0.8746,-0.9671,0.3949,-0.7418,0.1832,0.3667,AVOID
16.35,-0.7527,0.1848,0.8746,-0.9653,0.398,-0.7418,0.1832,0.3643,AVOID
16.37,-0.7504,0.1876,0.8746,-0.9634,0.4011,-0.7418,0.1832,0.3618,AVOID
16.39,-0.7481,0.1903,0.8746,-0.9616,0.4042,-0.7302,0.1971,0.3594,AVOID
16.41,-0.7458,0.1931,0.8746,-0.9579,0.4104,-0.7302,0.1971,0.357,AVOID
16.43,-0.7435,0.1959,0.8746,-0.9579,0.4104,-0.7302,0.1971,0.3545,AVOID
16.45,-0.7412,0.1986,0.8746,-0.956,0.4135,-0.7302,0.1971,0.3521,AVOID
16.47,-0.7389,0.2014,0.8746,-0.9542,0.4166,-0.7187,0.2109,0.3497,AVOID
16.49,-0.7366,0.2041,0.8746,-0.9524,0.4197,-0.7187,0.2109,0.3474,AVOID
16.51,-0.7342,0.2069,0.8746,-0.9505,0.4228,-0.7187,0.2109,0.345,AVOID
16.53,-0.7319,0.2097,0.8746,-0.9487,0.4259,-0.7187,0.2109,0.3426,AVOID
16.55,-0.7296,0.2124,0.8746,-0.9468,0.4289,-0.7187,0.2109,0.3403,AVOID
16.57,-0.7273,0.2152,0.8746,-0.9431,0.4351,-0.7187,0.2109,0.3379,AVOID
16.59,-0.725,0.218,0.8746,-0.9431,0.4351,-0.7049,0.2275,0.3356,AVOID
16.61,-0.7227,0.2207,0.8746,-0.9413,0.4382,-0.7049,0.2275,0.3332,AVOID
16.63,-0.7204,0.2235,0.8746,-0.9395,0.4413,-0.7049,0.2275,0.3309,AVOID
16.65,-0.7181,0.2262,0.8746,-0.9376,0.4444,-0.7049,0.2275,0.3286,AVOID
16.67,-0.7158,0.229,0.8746,-0.9358,0.4475,-0.7049,0.2275,0.3263,AVOID
16.69,-0.7135,0.2318,0.8746,-0.9321,0.4537,-0.6957,0.2385,0.324,AVOID
16.71,-0.7112,0.2345,0.8746,-0.9321,0.4537,-0.6957,0.2385,0.3218,AVOID
16.73,-0.7089,0.2373,0.8746,-0.9302,0.4568,-0.6957,0.2385,0.3195,AVOID
16.75,-0.7065,0.2401,0.8746,-0.9284,0.4599,-0.6957,0.2385,0.3172,AVOID
16.77,-0.7042,0.2428,0.8746,-0.9266,0.463,-0.6841,0.2524,0.315,AVOID
16.79,-0.7019,0.2456,0.8746,-0.9247,0.4661,-0.6841,0.2524,0.3128,AVOID
16.81,-0.6996,0.2483,0.8746,-0.9229,0.4691,-0.6841,0.2524,0.3105,AVOID
16.83,-0.6973,0.2511,0.8746,-0.921,0.4722,-0.6841,0.2524,0.3083,AVOID
16.85,-0.695,0.2539,0.8746,-0.9192,0.4753,-0.6841,0.2524,0.3061,AVOID
16.87,-0.6927,0.2566,0.8746,-0.9173,0.4784,-0.6841,0.2524,0.3039,AVOID
16.89,-0.6904,0.2594,0.8746,-0.9155,0.4815,-0.6726,0.2662,0.3018,AVOID
16.91,-0.6881,0.2622,0.8746,-0.9137,0.4846,-0.6726,0.2662,0.2996,AVOID
16.93,-0.6858,0.2649,0.8746,-0.9118,0.4877,-0.6726,0.2662,0.2974,AVOID
16.95,-0.6835,0.2677,0.8746,-0.91,0.4908,-0.6726,0.2662,0.2953,AVOID
16.97,-0.6811,0.2704,0.8746,-0.9081,0.4939,-0.6726,0.2662,0.2932,AVOID
16.99,-0.6788,0.2732,0.8746,-0.9063,0.497,-0.6611,0.28,0.291,AVOID
17.01,-0.6765,0.276,0.8746,-0.9044,0.5001,-0.6611,0.28,0.2889,AVOID
17.03,-0.6742,0.2787,0.8746,-0.9026,0.5032,-0.6611,0.28,0.2869,AVOID
17.05,-0.6719,0.2815,0.8746,-0.8989,0.5093,-0.6611,0.28,0.2848,AVOID
17.07,-0.6696,0.2842,0.8746,-0.8989,0.5093,-0.6611,0.28,0.2827,AVOID
17.09,-0.6673,0.287,0.8746,-0.8971,0.5124,-0.6495,0.2938,0.2806,AVOID
17.11,-0.665,0.2898,0.8746,-0.8952,0.5155,-0.6495,0.2938,0.2786,AVOID
17.13,-0.6627,0.2925,0.8746,-0.8934,0.5186,-0.6495,0.2938,0.2766,AVOID
17.15,-0.6604,0.2953,0.8746,-0.8915,0.5217,-0.6495,0.2938,0.2746,AVOID
17.17,-0.6581,0.2981,0.8746,-0.8897,0.5248,-0.6495,0.2938,0.2725,AVOID
17.19,-0.6557,0.3008,0.8746,-0.8878,0.5279,-0.638,0.3077,0.2706,AVOID
17.21,-0.6534,0.3036,0.8746,-0.886,0.531,-0.638,0.3077,0.2686,AVOID
17.23,-0.6511,0.3063,0.8746,-0.8842,0.5341,-0.638,0.3077,0.2666,AVOID
17.25,-0.6488,0.3091,0.8746,-0.8823,0.5372,-0.638,0.3077,0.2647,AVOID
17.27,-0.6465,0.3119,0.8746,-0.8805,0.5403,-0.638,0.3077,0.2627,AVOID
17.29,-0.6442,0.3146,0.8746,-0.8786,0.5434,-0.6265,0.3215,0.2608,AVOID
17.31,-0.6419,0.3174,0.8746,-0.8768,0.5465,-0.6265,0.3215,0.2589,AVOID
17.33,-0.6396,0.3202,0.8746,-0.8731,0.5526,-0.6265,0.3215,0.257,AVOID
17.35,-0.6373,0.3229,0.8746,-0.8713,0.5557,-0.6265,0.3215,0.2551,AVOID
17.37,-0.635,0.3257,0.8746,-0.8713,0.5557,-0.6265,0.3215,0.2532,AVOID
17.39,-0.6326,0.3286,0.8743,-0.8694,0.5588,-0.6127,0.3381,0.2513,AVOID
17.41,-0.6301,0.3315,0.8736,-0.8676,0.5619,-0.6127,0.3381,0.2494,AVOID
17.43,-0.6277,0.3344,0.8724,-0.8657,0.565,-0.6127,0.3381,0.2475,AVOID
17.45,-0.6253,0.3372,0.8708,-0.8639,0.568,-0.6127,0.3381,0.2457,AVOID
17.47,-0.6229,0.34,0.8686,-0.8601,0.5741,-0.6127,0.3381,0.2439,AVOID
17.49,-0.6205,0.3428,0.866,-0.8601,0.5741,-0.6035,0.3491,0.2421,AVOID
17.51,-0.6182,0.3456,0.863,-0.8564,0.5802,-0.6035,0.3491,0.2404,AVOID
17.53,-0.6158,0.3483,0.8595,-0.8564,0.5802,-0.6035,0.3491,0.2387,AVOID
17.55,-0.6135,0.3511,0.856,-0.8544,0.5832,-0.6035,0.3491,0.237,AVOID
17.57,-0.6111,0.3538,0.8525,-0.8525,0.5862,-0.6035,0.3491,0.2353,AVOID
17.59,-0.6087,0.3565,0.8491,-0.8506,0.5892,-0.5919,0.3626,0.2336,AVOID
17.61,-0.6063,0.3592,0.8456,-0.8467,0.5952,-0.5919,0.3626,0.232,AVOID
17.63,-0.6039,0.3619,0.8421,-0.8467,0.5952,-0.5919,0.3626,0.2303,AVOID
17.65,-0.6015,0.3646,0.8386,-0.8428,0.6012,-0.5919,0.3626,0.2286,AVOID
17.67,-0.5991,0.3672,0.8351,-0.8428,0.6012,-0.5919,0.3626,0.227,AVOID
17.69,-0.5967,0.3699,0.8316,-0.8388,0.6071,-0.5801,0.376,0.2253,AVOID
17.71,-0.5943,0.3726,0.8281,-0.8368,0.6101,-0.5801,0.376,0.2237,AVOID
17.73,-0.5918,0.3752,0.8246,-0.8368,0.6101,-0.5801,0.376,0.222,AVOID
17.75,-0.5894,0.3779,0.8211,-0.8348,0.613,-0.5801,0.376,0.2204,AVOID
17.772,-0.5869,0.3805,0.8176,-0.8307,0.6189,-0.568,0.3892,0.2188,AVOID
17.79,-0.5846,0.383,0.8144,-0.8307,0.6189,-0.568,0.3892,0.2172,AVOID
17.81,-0.5822,0.3855,0.8116,-0.8287,0.6218,-0.568,0.3892,0.2157,AVOID
17.83,-0.5798,0.388,0.8093,-0.8266,0.6248,-0.568,0.3892,0.2141,AVOID
17.85,-0.5774,0.3905,0.8075,-0.8246,0.6278,-0.568,0.3892,0.2125,AVOID
17.87,-0.575,0.393,0.8061,-0.8225,0.6307,-0.568,0.3892,0.2109,AVOID
17.89,-0.5726,0.3956,0.8052,-0.8205,0.6337,-0.5557,0.4023,0.2093,AVOID
17.91,-0.5701,0.3981,0.8048,-0.8164,0.6396,-0.5557,0.4023,0.2076,AVOID
17.93,-0.5676,0.4007,0.8048,-0.8164,0.6396,-0.5557,0.4023,0.206,AVOID
17.95,-0.5651,0.4033,0.8048,-0.8143,0.6425,-0.5557,0.4023,0.2043,AVOID
17.97,-0.5626,0.4059,0.8048,-0.8123,0.6455,-0.5432,0.4153,0.2027,AVOID
17.99,-0.5601,0.4085,0.8048,-0.8102,0.6485,-0.5432,0.4153,0.2011,AVOID
18.01,-0.5576,0.4111,0.8048,-0.8081,0.6514,-0.5432,0.4153,0.1995,AVOID
18.03,-0.5551,0.4137,0.8048,-0.8061,0.6544,-0.5432,0.4153,0.198,AVOID
18.05,-0.5526,0.4163,0.8048,-0.802,0.6603,-0.5432,0.4153,0.1964,AVOID
18.07,-0.5501,0.4189,0.8048,-0.802,0.6603,-0.5307,0.4282,0.1949,AVOID
18.09,-0.5476,0.4215,0.8048,-0.7999,0.6632,-0.5307,0.4282,0.1934,AVOID
18.11,-0.5451,0.4241,0.8048,-0.7979,0.6662,-0.5307,0.4282,0.1919,AVOID
18.13,-0.5426,0.4267,0.8048,-0.7958,0.6691,-0.5307,0.4282,0.1904,AVOID
18.15,-0.5402,0.4293,0.8048,-0.7938,0.6721,-0.5307,0.4282,0.189,AVOID
18.17,-0.5377,0.4319,0.8048,-0.7917,0.6751,-0.5307,0.4282,0.1875,AVOID
18.19,-0.5352,0.4345,0.8048,-0.7897,0.678,-0.5183,0.4412,0.1861,AVOID
18.21,-0.5327,0.4371,0.8048,-0.7855,0.6839,-0.5183,0.4412,0.1847,AVOID
18.23,-0.5302,0.4397,0.8048,-0.7855,0.6839,-0.5183,0.4412,0.1833,AVOID
18.25,-0.5277,0.4422,0.8048,-0.7814,0.6898,-0.5183,0.4412,0.1819,AVOID
18.27,-0.5252,0.4448,0.8048,-0.7814,0.6898,-0.5183,0.4412,0.1806,AVOID
18.29,-0.5227,0.4474,0.8048,-0.7773,0.6958,-0.5058,0.4542,0.1793,AVOID
18.31,-0.5202,0.45,0.8048,-0.7773,0.6958,-0.5058,0.4542,0.1779,AVOID
18.33,-0.5177,0.4526,0.8048,-0.7753,0.6987,-0.5058,0.4542,0.1767,AVOID
18.35,-0.5152,0.4552,0.8048,-0.7712,0.7046,-0.5058,0.4542,0.1754,AVOID
18.37,-0.5127,0.4578,0.8048,-0.7712,0.7046,-0.5058,0.4542,0.1741,AVOID
18.39,-0.5102,0.4604,0.8048,-0.7691,0.7076,-0.4934,0.4672,0.1729,AVOID
18.41,-0.5077,0.463,0.8048,-0.7671,0.7105,-0.4934,0.4672,0.1717,AVOID
18.43,-0.5052,0.4656,0.8048,-0.765,0.7135,-0.4934,0.4672,0.1705,AVOID
18.45,-0.5027,0.4682,0.8048,-0.7629,0.7164,-0.4934,0.4672,0.1693,AVOID
18.47,-0.5002,0.4708,0.8048,-0.7588,0.7224,-0.4934,0.4672,0.1682,AVOID
18.492,-0.4977,0.4734,0.8048,-0.7568,0.7253,-0.4809,0.4802,0.167,AVOID
18.51,-0.4952,0.476,0.8048,-0.7547,0.7283,-0.4809,0.4802,0.1659,AVOID
18.53,-0.4927,0.4786,0.8048,-0.7547,0.7283,-0.4809,0.4802,0.1648,AVOID
18.55,-0.4902,0.4812,0.8048,-0.7506,0.7342,-0.4809,0.4802,0.1638,AVOID
18.57,-0.4877,0.4838,0.8048,-0.7506,0.7342,-0.4809,0.4802,0.1627,AVOID
18.59,-0.4852,0.4864,0.8048,-0.7486,0.7371,-0.4684,0.4932,0.1617,AVOID
18.61,-0.4827,0.4889,0.8048,-0.7465,0.7401,-0.4684,0.4932,0.1607,AVOID
18.63,-0.4803,0.4915,0.8048,-0.7445,0.7431,-0.4684,0.4932,0.1597,AVOID
18.65,-0.4778,0.4941,0.8048,-0.7424,0.746,-0.4684,0.4932,0.1587,AVOID
18.67,-0.4753,0.4967,0.8048,-0.7403,0.749,-0.4684,0.4932,0.1578,AVOID
18.69,-0.4728,0.4993,0.8048,-0.7383,0.7519,-0.456,0.5062,0.1568,AVOID
18.71,-0.4703,0.5019,0.8048,-0.7342,0.7578,-0.456,0.5062,0.1559,AVOID
18.73,-0.4678,0.5045,0.8048,-0.7342,0.7578,-0.456,0.5062,0.155,AVOID
18.75,-0.4653,0.5071,0.8048,-0.7321,0.7608,-0.456,0.5062,0.1542,AVOID
18.77,-0.4628,0.5097,0.8048,-0.728,0.7667,-0.456,0.5062,0.1533,AVOID
18.79,-0.4604,0.5122,0.805,-0.728,0.7667,-0.4435,0.5192,0.1526,AVOID
18.81,-0.4581,0.5146,0.8057,-0.726,0.7696,-0.4435,0.5192,0.1518,AVOID
18.83,-0.4558,0.517,0.8069,-0.724,0.7726,-0.4435,0.5192,0.151,AVOID
18.85,-0.4534,0.5195,0.8086,-0.7219,0.7755,-0.4435,0.5192,0.1503,AVOID
18.87,-0.451,0.522,0.8107,-0.7199,0.7785,-0.4311,0.5321,0.1495,AVOID
18.89,-0.4486,0.5245,0.8134,-0.7179,0.7815,-0.4311,0.5321,0.1488,AVOID
18.91,-0.4462,0.5271,0.8164,-0.716,0.7844,-0.4311,0.5321,0.148,AVOID
18.93,-0.4438,0.5297,0.8199,-0.714,0.7874,-0.4311,0.5321,0.1473,AVOID
18.95,-0.4414,0.5322,0.8234,-0.712,0.7904,-0.4311,0.5321,0.1466,AVOID
18.97,-0.439,0.5348,0.8269,-0.7101,0.7934,-0.4311,0.5321,0.146,AVOID
18.99,-0.4364,0.5376,0.8301,-0.7081,0.7964,-0.4189,0.5451,0.1453,AVOID
19.01,-0.4337,0.5406,0.8329,-0.7062,0.7994,-0.4189,0.5451,0.1447,AVOID
19.03,-0.431,0.5435,0.8351,-0.7042,0.8024,-0.4189,0.5451,0.1441,AVOID
19.05,-0.4284,0.5465,0.8369,-0.7023,0.8054,-0.4189,0.5451,0.1436,AVOID
19.07,-0.4257,0.5494,0.8383,-0.7003,0.8083,-0.4189,0.5451,0.1431,AVOID
19.09,-0.4231,0.5523,0.8391,-0.6983,0.8113,-0.4069,0.5584,0.1427,AVOID
19.11,-0.4205,0.5552,0.8395,-0.6963,0.8143,-0.4069,0.5584,0.1423,AVOID
19.13,-0.4179,0.5581,0.8394,-0.6943,0.8172,-0.4069,0.5584,0.142,AVOID
19.15,-0.4154,0.5609,0.8388,-0.6923,0.8202,-0.4069,0.5584,0.1417,AVOID
19.17,-0.4129,0.5637,0.8378,-0.6903,0.8231,-0.4069,0.5584,0.1415,AVOID
19.19,-0.4105,0.5664,0.8367,-0.6883,0.8261,-0.395,0.5717,0.1413,AVOID
19.21,-0.4084,0.5687,0.8362,-0.6864,0.8289,-0.395,0.5717,0.1412,AVOID
19.23,-0.4067,0.5708,0.8362,-0.6826,0.8345,-0.395,0.5717,0.1411,AVOID
19.25,-0.405,0.5727,0.8367,-0.6826,0.8345,-0.395,0.5717,0.141,AVOID
19.27,-0.4032,0.5746,0.8377,-0.6808,0.8373,-0.395,0.5717,0.1408,AVOID
19.29,-0.4015,0.5766,0.8391,-0.679,0.8401,-0.3814,0.5868,0.1407,AVOID
19.31,-0.3997,0.5786,0.841,-0.6773,0.843,-0.3814,0.5868,0.1405,AVOID
19.33,-0.3979,0.5806,0.8434,-0.6755,0.8459,-0.3814,0.5868,0.1404,AVOID
19.35,-0.3961,0.5826,0.8463,-0.6738,0.8488,-0.3814,0.5868,0.1403,AVOID
19.37,-0.3943,0.5847,0.8496,-0.6722,0.8517,-0.3724,0.5969,0.1401,AVOID
19.39,-0.3923,0.5869,0.853,-0.6705,0.8546,-0.3724,0.5969,0.14,AVOID
19.41,-0.39,0.5894,0.8558,-0.6689,0.8576,-0.3724,0.5969,0.1398,AVOID
19.43,-0.3874,0.5922,0.8581,-0.6672,0.8607,-0.3724,0.5969,0.1397,AVOID
19.45,-0.3847,0.5953,0.8598,-0.6654,0.8637,-0.3724,0.5969,0.1397,AVOID
19.47,-0.382,0.5984,0.8611,-0.6637,0.8667,-0.3724,0.5969,0.1398,AVOID
19.49,-0.3793,0.6016,0.862,-0.6619,0.8697,-0.3611,0.6099,0.14,AVOID
19.51,-0.3767,0.6047,0.8623,-0.6583,0.8757,-0.3611,0.6099,0.1401,AVOID
19.53,-0.374,0.6077,0.8622,-0.6583,0.8757,-0.3611,0.6099,0.1404,AVOID
19.55,-0.3714,0.6108,0.8616,-0.6564,0.8787,-0.3611,0.6099,0.1407,AVOID
19.57,-0.3688,0.6138,0.8606,-0.6546,0.8816,-0.3611,0.6099,0.141,AVOID
19.59,-0.3663,0.6168,0.8591,-0.6527,0.8846,-0.3497,0.6232,0.1413,AVOID
19.61,-0.3637,0.6197,0.8571,-0.6508,0.8875,-0.3497,0.6232,0.1417,AVOID
19.63,-0.3612,0.6227,0.8546,-0.6489,0.8904,-0.3497,0.6232,0.1422,AVOID
19.65,-0.3586,0.6256,0.8517,-0.6469,0.8933,-0.3497,0.6232,0.1426,AVOID
19.67,-0.3561,0.6284,0.8483,-0.645,0.8962,-0.3497,0.6232,0.1431,AVOID
19.69,-0.3536,0.6312,0.8444,-0.643,0.8991,-0.3383,0.6364,0.1436,AVOID
19.71,-0.3511,0.634,0.84,-0.641,0.902,-0.3383,0.6364,0.1441,AVOID
19.73,-0.3486,0.6368,0.8352,-0.639,0.9048,-0.3383,0.6364,0.1446,AVOID
19.75,-0.3462,0.6395,0.8299,-0.6369,0.9076,-0.3383,0.6364,0.1452,AVOID
19.77,-0.3437,0.6422,0.8241,-0.6328,0.9133,-0.3383,0.6364,0.1457,AVOID
19.79,-0.3412,0.6449,0.8179,-0.6308,0.916,-0.3267,0.6494,0.1463,AVOID
19.81,-0.3386,0.6476,0.8111,-0.6308,0.916,-0.3267,0.6494,0.147,AVOID
19.83,-0.3361,0.6503,0.8039,-0.6266,0.9213,-0.3267,0.6494,0.1476,AVOID
19.85,-0.3335,0.6529,0.7962,-0.6266,0.9213,-0.3267,0.6494,0.1482,AVOID
19.87,-0.331,0.6555,0.7881,-0.6245,0.9239,-0.3267,0.6494,0.1488,AVOID
19.89,-0.3285,0.658,0.7794,-0.6224,0.9265,-0.315,0.6617,0.1495,AVOID
19.91,-0.3259,0.6605,0.7703,-0.6202,0.929,-0.315,0.6617,0.1501,AVOID
19.93,-0.3234,0.6629,0.7607,-0.6181,0.9316,-0.315,0.6617,0.1508,AVOID
19.95,-0.3208,0.6653,0.7507,-0.6158,0.9341,-0.315,0.6617,0.1514,AVOID
19.97,-0.3183,0.6676,0.7402,-0.6136,0.9366,-0.315,0.6617,0.152,AVOID
19.99,-0.3157,0.67,0.7298,-0.6113,0.9391,-0.303,0.6734,0.1527,AVOID
20.01,-0.3132,0.6722,0.7193,-0.609,0.9415,-0.303,0.6734,0.1533,AVOID
20.03,-0.3105,0.6745,0.7088,-0.6067,0.944,-0.303,0.6734,0.1539,AVOID
20.05,-0.3079,0.6767,0.6983,-0.6044,0.9464,-0.303,0.6734,0.1544,AVOID
20.07,-0.3053,0.6789,0.6879,-0.602,0.9488,-0.303,0.6734,0.155,AVOID
20.09,-0.3026,0.6811,0.6774,-0.5996,0.9511,-0.2904,0.6845,0.1555,AVOID
20.11,-0.2999,0.6833,0.6669,-0.5948,0.9558,-0.2904,0.6845,0.1561,AVOID
20.13,-0.2972,0.6854,0.6565,-0.5948,0.9558,-0.2904,0.6845,0.1566,AVOID
20.15,-0.2944,0.6875,0.646,-0.5923,0.958,-0.2904,0.6845,0.1571,AVOID
20.17,-0.2916,0.6895,0.6355,-0.5898,0.9603,-0.2904,0.6845,0.1576,AVOID
20.19,-0.2888,0.6916,0.625,-0.5873,0.9625,-0.2904,0.6845,0.1581,AVOID
20.21,-0.286,0.6936,0.6146,-0.5848,0.9647,-0.2904,0.6845,0.1585,AVOID
20.23,-0.2832,0.6956,0.6041,-0.5822,0.9669,-0.2772,0.6949,0.1589,GO_GOAL
20.25,-0.2803,0.6975,0.5936,-0.5796,0.9691,-0.2772,0.6949,0.1594,GO_GOAL
20.27,-0.2775,0.6994,0.5832,-0.5744,0.9733,-0.2772,0.6949,0.1598,GO_GOAL
20.288,-0.2746,0.7013,0.5727,-0.5744,0.9733,-0.2635,0.7046,0.1602,GO_GOAL
20.31,-0.2717,0.7032,0.5622,-0.5717,0.9753,-0.2635,0.7046,0.1606,GO_GOAL
20.33,-0.2687,0.705,0.5517,-0.5691,0.9774,-0.2635,0.7046,0.1609,GO_GOAL
20.35,-0.2658,0.7068,0.5413,-0.5664,0.9794,-0.2635,0.7046,0.1613,GO_GOAL
20.37,-0.2628,0.7085,0.5308,-0.5637,0.9814,-0.2635,0.7046,0.1616,GO_GOAL
20.39,-0.2599,0.7102,0.5205,-0.5609,0.9833,-0.2493,0.7136,0.1619,GO_GOAL
20.41,-0.257,0.7119,0.5107,-0.5581,0.9853,-0.2493,0.7136,0.1622,GO_GOAL
20.43,-0.254,0.7135,0.5014,-0.5552,0.9873,-0.2493,0.7136,0.1625,GO_GOAL
20.45,-0.251,0.7151,0.4925,-0.5494,0.9912,-0.2493,0.7136,0.1627,GO_GOAL
20.47,-0.248,0.7168,0.4841,-0.5465,0.9931,-0.2493,0.7136,0.1629,GO_GOAL
20.49,-0.2449,0.7184,0.4761,-0.5465,0.9931,-0.2343,0.7221,0.1631,GO_GOAL
20.51,-0.2418,0.72,0.4685,-0.5407,0.9969,-0.2343,0.7221,0.1632,GO_GOAL
20.53,-0.2386,0.7215,0.4614,-0.5407,0.9969,-0.2343,0.7221,0.1634,GO_GOAL
20.55,-0.2354,0.7231,0.4544,-0.5377,0.9988,-0.2343,0.7221,0.1635,GO_GOAL
20.57,-0.2322,0.7247,0.4475,-0.5318,1.0024,-0.2343,0.7221,0.1637,GO_GOAL
20.59,-0.2291,0.7261,0.4407,-0.5318,1.0024,-0.2187,0.73,0.1638,GO_GOAL
20.61,-0.226,0.7276,0.4344,-0.5256,1.0061,-0.2187,0.73,0.1639,GO_GOAL
20.63,-0.2229,0.729,0.4285,-0.5256,1.0061,-0.2187,0.73,0.164,GO_GOAL
20.65,-0.2197,0.7304,0.4231,-0.5195,1.0098,-0.2187,0.73,0.1641,GO_GOAL
20.67,-0.2166,0.7319,0.4181,-0.5164,1.0116,-0.2187,0.73,0.1641,GO_GOAL
20.69,-0.2133,0.7333,0.4136,-0.5164,1.0116,-0.2026,0.7375,0.1642,GO_GOAL
20.71,-0.2101,0.7347,0.4094,-0.5133,1.0133,-0.2026,0.7375,0.1643,GO_GOAL
20.73,-0.2068,0.7361,0.4058,-0.5071,1.0169,-0.2026,0.7375,0.1643,GO_GOAL
20.75,-0.2035,0.7376,0.4023,-0.5071,1.0169,-0.2026,0.7375,0.1644,GO_GOAL
20.77,-0.2001,0.739,0.3988,-0.504,1.0187,-0.2026,0.7375,0.1644,GO_GOAL
20.79,-0.1968,0.7404,0.3953,-0.5009,1.0204,-0.1862,0.7447,0.1645,GO_GOAL
20.81,-0.1935,0.7417,0.3918,-0.4978,1.0222,-0.1862,0.7447,0.1646,GO_GOAL
20.83,-0.1901,0.7431,0.3883,-0.4947,1.0239,-0.1862,0.7447,0.1647,GO_GOAL
20.85,-0.1868,0.7445,0.3848,-0.4915,1.0256,-0.1862,0.7447,0.1648,GO_GOAL
20.87,-0.1835,0.7458,0.3813,-0.4884,1.0273,-0.1862,0.7447,0.1649,GO_GOAL
20.89,-0.1801,0.7471,0.3778,-0.4852,1.029,-0.1698,0.7515,0.165,GO_GOAL
20.91,-0.1768,0.7485,0.3744,-0.4821,1.0307,-0.1698,0.7515,0.1651,GO_GOAL
20.93,-0.1734,0.7498,0.3709,-0.4789,1.0324,-0.1698,0.7515,0.1653,GO_GOAL
20.95,-0.17,0.7511,0.3674,-0.4758,1.034,-0.1698,0.7515,0.1654,GO_GOAL
20.97,-0.1667,0.7524,0.3639,-0.4726,1.0357,-0.1698,0.7515,0.1656,GO_GOAL
20.99,-0.1634,0.7536,0.3606,-0.4694,1.0373,-0.1531,0.7581,0.1657,GO_GOAL
21.01,-0.1603,0.7548,0.3578,-0.463,1.0406,-0.1531,0.7581,0.1659,GO_GOAL
21.03,-0.157,0.756,0.3554,-0.463,1.0406,-0.1531,0.7581,0.166,GO_GOAL
21.05,-0.1538,0.7572,0.3534,-0.4598,1.0422,-0.1531,0.7581,0.1662,GO_GOAL
21.07,-0.1505,0.7584,0.3518,-0.4566,1.0439,-0.1531,0.7581,0.1664,GO_GOAL
21.09,-0.1472,0.7596,0.3507,-0.4534,1.0455,-0.1363,0.7644,0.1665,GO_GOAL
21.11,-0.1439,0.7608,0.35,-0.447,1.0488,-0.1363,0.7644,0.1667,GO_GOAL
21.13,-0.1405,0.762,0.3498,-0.4438,1.0505,-0.1363,0.7644,0.1669,GO_GOAL
21.15,-0.1371,0.7633,0.3498,-0.4438,1.0505,-0.1363,0.7644,0.1671,GO_GOAL
21.17,-0.1338,0.7645,0.3498,-0.4406,1.0521,-0.1363,0.7644,0.1673,GO_GOAL
21.19,-0.1304,0.7657,0.3498,-0.4374,1.0538,-0.1194,0.7706,0.1675,GO_GOAL
21.21,-0.127,0.767,0.3498,-0.4342,1.0554,-0.1194,0.7706,0.1678,GO_GOAL
21.23,-0.1236,0.7682,0.3498,-0.431,1.0571,-0.1194,0.7706,0.168,GO_GOAL
21.25,-0.1202,0.7694,0.3498,-0.4278,1.0587,-0.1194,0.7706,0.1683,GO_GOAL
21.27,-0.1168,0.7707,0.3498,-0.4214,1.062,-0.1194,0.7706,0.1687,GO_GOAL
21.29,-0.1135,0.7719,0.3498,-0.4182,1.0636,-0.1025,0.7768,0.169,GO_GOAL
21.31,-0.1101,0.7731,0.3498,-0.4182,1.0636,-0.1025,0.7768,0.1694,GO_GOAL
21.33,-0.1067,0.7744,0.3498,-0.415,1.0653,-0.1025,0.7768,0.1698,GO_GOAL
21.35,-0.1033,0.7756,0.3498,-0.4086,1.0686,-0.1025,0.7768,0.1702,GO_GOAL
21.37,-0.0999,0.7768,0.3498,-0.4086,1.0686,-0.1025,0.7768,0.1706,GO_GOAL
21.39,-0.0966,0.7781,0.3498,-0.4054,1.0702,-0.0856,0.783,0.1711,GO_GOAL
21.41,-0.0932,0.7793,0.3498,-0.4022,1.0719,-0.0856,0.783,0.1715,GO_GOAL
21.43,-0.0898,0.7805,0.3498,-0.399,1.0735,-0.0856,0.783,0.172,GO_GOAL
21.45,-0.0864,0.7818,0.3498,-0.3958,1.0752,-0.0856,0.783,0.1726,GO_GOAL
21.47,-0.083,0.783,0.3498,-0.3926,1.0768,-0.0856,0.783,0.1731,GO_GOAL
21.49,-0.0796,0.7842,0.3498,-0.3894,1.0785,-0.0687,0.7892,0.1737,GO_GOAL
21.51,-0.0763,0.7855,0.3498,-0.3862,1.0801,-0.0687,0.7892,0.1743,GO_GOAL
21.53,-0.0729,0.7867,0.3498,-0.383,1.0817,-0.0687,0.7892,0.1749,GO_GOAL
21.55,-0.0695,0.7879,0.3498,-0.3798,1.0834,-0.0687,0.7892,0.1755,GO_GOAL
21.57,-0.0661,0.7892,0.3498,-0.3766,1.085,-0.0687,0.7892,0.1762,GO_GOAL
21.59,-0.0627,0.7904,0.3498,-0.3702,1.0883,-0.0518,0.7954,0.1768,GO_GOAL
21.61,-0.0594,0.7916,0.3498,-0.367,1.09,-0.0518,0.7954,0.1775,GO_GOAL
21.63,-0.056,0.7929,0.3498,-0.3638,1.0916,-0.0518,0.7954,0.1782,GO_GOAL
21.65,-0.0526,0.7941,0.3498,-0.3638,1.0916,-0.0518,0.7954,0.179,GO_GOAL
21.67,-0.0492,0.7953,0.3498,-0.3606,1.0933,-0.0518,0.7954,0.1797,GO_GOAL
21.69,-0.0458,0.7966,0.3498,-0.3574,1.0949,-0.0349,0.8016,0.1805,GO_GOAL
21.71,-0.0424,0.7978,0.3498,-0.3542,1.0966,-0.0349,0.8016,0.1813,GO_GOAL
21.73,-0.0391,0.799,0.3498,-0.351,1.0982,-0.0349,0.8016,0.1821,GO_GOAL
21.75,-0.0357,0.8003,0.3498,-0.3478,1.0998,-0.0349,0.8016,0.183,GO_GOAL
21.77,-0.0323,0.8015,0.3498,-0.3446,1.1015,-0.0349,0.8016,0.1838,GO_GOAL
21.79,-0.0289,0.8027,0.3498,-0.3414,1.1031,-0.018,0.8078,0.1847,GO_GOAL
21.81,-0.0255,0.804,0.3498,-0.335,1.1064,-0.018,0.8078,0.1856,GO_GOAL
21.83,-0.0221,0.8052,0.3498,-0.335,1.1064,-0.018,0.8078,0.1865,GO_GOAL
21.85,-0.0188,0.8064,0.3498,-0.3317,1.1081,-0.018,0.8078,0.1875,GO_GOAL
21.87,-0.0154,0.8077,0.3498,-0.3253,1.1114,-0.018,0.8078,0.1884,GO_GOAL
21.89,-0.012,0.8089,0.3498,-0.3221,1.113,0.0023,0.8152,0.1894,GO_GOAL
21.91,-0.0086,0.8101,0.3498,-0.3221,1.113,0.0023,0.8152,0.1904,GO_GOAL
21.93,-0.0052,0.8114,0.3498,-0.3189,1.1147,0.0023,0.8152,0.1915,GO_GOAL
21.95,-0.0019,0.8126,0.3498,-0.3157,1.1163,0.0023,0.8152,0.1925,GO_GOAL
21.97,0.0015,0.8138,0.3498,-0.3125,1.1179,0.0023,0.8152,0.1936,GO_GOAL
21.99,0.0049,0.8151,0.3498,-0.3093,1.1196,0.0158,0.8201,0.1946,GO_GOAL
22.01,0.0083,0.8163,0.3498,-0.3061,1.1212,0.0158,0.8201,0.1957,GO_GOAL
22.03,0.0117,0.8175,0.3498,-0.2997,1.1245,0.0158,0.8201,0.1969,GO_GOAL
22.05,0.0151,0.8188,0.3498,-0.2997,1.1245,0.0158,0.8201,0.198,GO_GOAL
22.07,0.0184,0.82,0.3498,-0.2965,1.1262,0.0158,0.8201,0.1992,GO_GOAL
22.09,0.0218,0.8212,0.3498,-0.2901,1.1295,0.0327,0.8263,0.2003,GO_GOAL
22.11,0.0252,0.8225,0.3498,-0.2901,1.1295,0.0327,0.8263,0.2015,GO_GOAL
22.13,0.0286,0.8237,0.3498,-0.2837,1.1328,0.0327,0.8263,0.2028,GO_GOAL
22.15,0.032,0.8249,0.3498,-0.2837,1.1328,0.0327,0.8263,0.204,GO_GOAL
22.17,0.0353,0.8262,0.3498,-0.2773,1.1361,0.0327,0.8263,0.2052,GO_GOAL
22.19,0.0387,0.8274,0.3498,-0.2773,1.1361,0.0496,0.8325,0.2065,GO_GOAL
22.21,0.0421,0.8287,0.3498,-0.2741,1.1377,0.0496,0.8325,0.2078,GO_GOAL
22.23,0.0455,0.8299,0.3498,-0.2709,1.1393,0.0496,0.8325,0.2091,GO_GOAL
22.25,0.0489,0.8311,0.3498,-0.2677,1.141,0.0496,0.8325,0.2104,GO_GOAL
22.27,0.0523,0.8324,0.3498,-0.2645,1.1426,0.0496,0.8325,0.2118,GO_GOAL
22.29,0.0556,0.8336,0.3498,-0.2613,1.1443,0.0665,0.8387,0.2131,GO_GOAL
22.31,0.059,0.8348,0.3498,-0.2549,1.1476,0.0665,0.8387,0.2145,GO_GOAL
22.33,0.0624,0.8361,0.3498,-0.2549,1.1476,0.0665,0.8387,0.2159,GO_GOAL
22.35,0.0658,0.8373,0.3498,-0.2517,1.1492,0.0665,0.8387,0.2173,GO_GOAL
22.37,0.0692,0.8385,0.3498,-0.2453,1.1525,0.0665,0.8387,0.2188,GO_GOAL
22.39,0.0724,0.8397,0.35,-0.2421,1.1541,0.0665,0.8387,0.2201,GO_GOAL
22.41,0.0755,0.8408,0.3506,-0.2421,1.1541,0.0665,0.8387,0.2215,GO_GOAL
22.43,0.0787,0.842,0.3517,-0.2358,1.1575,0.0834,0.8449,0.2228,AVOID
22.45,0.0819,0.8432,0.3532,-0.2358,1.1575,0.0834,0.8449,0.2242,AVOID
22.47,0.0851,0.8443,0.3552,-0.2326,1.1591,0.0834,0.8449,0.2256,AVOID
22.49,0.0884,0.8456,0.3576,-0.2295,1.1608,0.1002,0.8511,0.227,AVOID
22.51,0.0916,0.8468,0.3604,-0.2263,1.1625,0.1002,0.8511,0.2285,AVOID
22.53,0.0949,0.848,0.3636,-0.2201,1.1659,0.1002,0.8511,0.23,AVOID
22.55,0.0982,0.8493,0.3671,-0.2201,1.1659,0.1002,0.8511,0.2315,AVOID
22.57,0.1015,0.8506,0.3706,-0.2169,1.1676,0.1002,0.8511,0.233,AVOID
22.59,0.1047,0.8518,0.3743,-0.2138,1.1694,0.1169,0.8574,0.2345,AVOID
22.61,0.1077,0.853,0.3784,-0.2108,1.1711,0.1169,0.8574,0.2359,AVOID
22.63,0.1108,0.8542,0.3829,-0.2077,1.1728,0.1169,0.8574,0.2373,AVOID
22.65,0.1138,0.8554,0.3879,-0.2047,1.1746,0.1169,0.8574,0.2388,AVOID
22.67,0.1169,0.8567,0.3933,-0.2017,1.1764,0.1169,0.8574,0.2403,AVOID
22.69,0.12,0.858,0.3992,-0.1987,1.1782,0.1332,0.8639,0.2418,AVOID
22.71,0.1231,0.8593,0.4055,-0.1957,1.18,0.1332,0.8639,0.2434,AVOID
22.73,0.1262,0.8607,0.4123,-0.1927,1.1818,0.1332,0.8639,0.245,AVOID
22.75,0.1293,0.862,0.4192,-0.1898,1.1837,0.1332,0.8639,0.2467,AVOID
22.77,0.1325,0.8634,0.4262,-0.1868,1.1855,0.1332,0.8639,0.2484,AVOID
22.79,0.1357,0.865,0.433,-0.1839,1.1874,0.1492,0.8708,0.2502,AVOID
22.81,0.1391,0.8665,0.4394,-0.1809,1.1894,0.1492,0.8708,0.2522,AVOID
22.83,0.1424,0.8681,0.4453,-0.178,1.1914,0.1492,0.8708,0.2541,AVOID
22.85,0.1458,0.8697,0.4507,-0.175,1.1933,0.1492,0.8708,0.2561,AVOID
22.87,0.149,0.8713,0.4557,-0.172,1.1953,0.1492,0.8708,0.2582,AVOID
22.89,0.1523,0.8729,0.4603,-0.1691,1.1973,0.1653,0.8784,0.2602,AVOID
22.91,0.1555,0.8745,0.4644,-0.1632,1.2014,0.1653,0.8784,0.2623,AVOID
22.93,0.1587,0.8761,0.4681,-0.1632,1.2014,0.1653,0.8784,0.2644,AVOID
22.95,0.1618,0.8777,0.4715,-0.1602,1.2034,0.1653,0.8784,0.2665,AVOID
22.97,0.165,0.8793,0.475,-0.1573,1.2055,0.1653,0.8784,0.2686,AVOID
22.99,0.1681,0.881,0.4785,-0.1544,1.2075,0.1813,0.8864,0.2707,AVOID
23.01,0.1713,0.8826,0.482,-0.1515,1.2096,0.1813,0.8864,0.2729,AVOID
23.03,0.1744,0.8842,0.4855,-0.1486,1.2116,0.1813,0.8864,0.2751,AVOID
23.05,0.1775,0.8859,0.489,-0.1457,1.2137,0.1813,0.8864,0.2773,AVOID
23.07,0.1807,0.8876,0.4925,-0.1428,1.2158,0.1813,0.8864,0.2795,AVOID
23.09,0.1838,0.8893,0.496,-0.137,1.22,0.1971,0.8947,0.2818,AVOID
23.11,0.1869,0.8909,0.4995,-0.137,1.22,0.1971,0.8947,0.284,AVOID
23.13,0.19,0.8927,0.503,-0.1341,1.2222,0.1971,0.8947,0.2863,AVOID
23.15,0.1931,0.8944,0.5065,-0.1313,1.2243,0.1971,0.8947,0.2886,AVOID
23.17,0.1962,0.8961,0.5099,-0.1284,1.2264,0.1971,0.8947,0.291,AVOID
23.19,0.1993,0.8978,0.5134,-0.1255,1.2286,0.2127,0.9033,0.2933,AVOID
23.21,0.2023,0.8996,0.5169,-0.1199,1.2329,0.2127,0.9033,0.2957,AVOID
23.23,0.2054,0.9013,0.5204,-0.1199,1.2329,0.2127,0.9033,0.2981,AVOID
23.25,0.2085,0.9031,0.5239,-0.1142,1.2373,0.2127,0.9033,0.3005,AVOID
23.27,0.2116,0.9049,0.5274,-0.1114,1.2395,0.2127,0.9033,0.3029,AVOID
23.29,0.2146,0.9067,0.5309,-0.1114,1.2395,0.2283,0.9121,0.3053,AVOID
23.31,0.2177,0.9085,0.5344,-0.1086,1.2417,0.2283,0.9121,0.3078,AVOID
23.33,0.2207,0.9103,0.5379,-0.1058,1.244,0.2283,0.9121,0.3103,AVOID
23.35,0.2237,0.9121,0.5414,-0.103,1.2462,0.2283,0.9121,0.3128,AVOID
23.37,0.2268,0.9139,0.5449,-0.1002,1.2484,0.2283,0.9121,0.3153,AVOID
23.39,0.2298,0.9158,0.5483,-0.0975,1.2507,0.2436,0.9213,0.3178,AVOID
23.41,0.2328,0.9176,0.5518,-0.0947,1.2529,0.2436,0.9213,0.3204,AVOID
23.43,0.2358,0.9195,0.5553,-0.0919,1.2552,0.2436,0.9213,0.3229,AVOID
23.45,0.2388,0.9213,0.5588,-0.0892,1.2575,0.2436,0.9213,0.3255,AVOID
23.47,0.2418,0.9232,0.5623,-0.0865,1.2598,0.2436,0.9213,0.3281,AVOID
23.49,0.2448,0.9251,0.5658,-0.0837,1.2621,0.2588,0.9307,0.3307,AVOID
23.51,0.2478,0.927,0.5693,-0.0783,1.2667,0.2588,0.9307,0.3333,AVOID
23.53,0.2508,0.9289,0.5728,-0.0783,1.2667,0.2588,0.9307,0.336,AVOID
23.55,0.2538,0.9309,0.5763,-0.0756,1.269,0.2588,0.9307,0.3386,AVOID
23.57,0.2567,0.9328,0.5798,-0.0729,1.2714,0.2588,0.9307,0.3413,AVOID
23.59,0.2598,0.9348,0.583,-0.0675,1.2761,0.2739,0.9403,0.3442,AVOID
23.61,0.263,0.9369,0.5858,-0.0675,1.2761,0.2739,0.9403,0.3471,AVOID
23.63,0.2661,0.939,0.5881,-0.0648,1.2785,0.2739,0.9403,0.35,AVOID
23.65,0.2692,0.9411,0.59,-0.0621,1.2808,0.2739,0.9403,0.3529,AVOID
23.67,0.2723,0.9432,0.5914,-0.0593,1.2832,0.2739,0.9403,0.3558,AVOID
23.69,0.2753,0.9452,0.5923,-0.0566,1.2856,0.2888,0.9502,0.3587,AVOID
23.71,0.2784,0.9472,0.5928,-0.0539,1.288,0.2888,0.9502,0.3616,AVOID
23.73,0.2813,0.9492,0.5928,-0.0512,1.2903,0.2888,0.9502,0.3645,AVOID
23.75,0.2843,0.9513,0.5928,-0.0485,1.2927,0.2888,0.9502,0.3674,AVOID
23.77,0.2873,0.9533,0.5928,-0.0458,1.2951,0.2888,0.9502,0.3703,AVOID
23.79,0.2903,0.9553,0.5928,-0.0431,1.2974,0.3037,0.9603,0.3732,AVOID
23.81,0.2933,0.9573,0.5928,-0.0404,1.2998,0.3037,0.9603,0.3761,AVOID
23.83,0.2963,0.9593,0.5928,-0.0377,1.3022,0.3037,0.9603,0.379,AVOID
23.85,0.2993,0.9613,0.5928,-0.035,1.3046,0.3037,0.9603,0.3819,AVOID
23.87,0.3022,0.9633,0.5928,-0.0323,1.3069,0.3037,0.9603,0.3848,AVOID
23.89,0.3052,0.9653,0.5928,-0.0268,1.3117,0.3187,0.9704,0.3877,AVOID
23.91,0.3082,0.9674,0.5928,-0.0268,1.3117,0.3187,0.9704,0.3907,AVOID
23.93,0.3112,0.9694,0.5928,-0.0241,1.314,0.3187,0.9704,0.3936,AVOID
23.95,0.3142,0.9714,0.5928,-0.0214,1.3164,0.3187,0.9704,0.3965,AVOID
23.97,0.3172,0.9734,0.5928,-0.0187,1.3188,0.3187,0.9704,0.3995,AVOID
23.99,0.3202,0.9754,0.5928,-0.016,1.3212,0.3336,0.9805,0.4024,AVOID
24.01,0.3231,0.9774,0.5928,-0.0133,1.3235,0.3336,0.9805,0.4054,AVOID
24.03,0.3261,0.9794,0.5928,-0.0079,1.3283,0.3336,0.9805,0.4084,AVOID
24.052,0.3291,0.9814,0.5928,-0.0079,1.3283,0.3336,0.9805,0.4113,AVOID
24.07,0.3321,0.9834,0.5928,-0.0052,1.3306,0.3336,0.9805,0.4143,AVOID
24.09,0.3351,0.9855,0.5928,-0.0025,1.333,0.3485,0.9906,0.4173,AVOID
24.11,0.3381,0.9875,0.5928,0.0002,1.3354,0.3485,0.9906,0.4203,AVOID
24.13,0.3411,0.9895,0.5928,0.003,1.3378,0.3485,0.9906,0.4232,AVOID
24.15,0.344,0.9915,0.5928,0.0084,1.3425,0.3485,0.9906,0.4262,AVOID
24.17,0.347,0.9935,0.5928,0.0084,1.3425,0.3485,0.9906,0.4292,AVOID
24.19,0.35,0.9955,0.5928,0.0111,1.3449,0.3634,1.0006,0.4322,AVOID
24.21,0.353,0.9975,0.5928,0.0138,1.3472,0.3634,1.0006,0.4352,AVOID
24.23,0.356,0.9995,0.5928,0.0165,1.3496,0.3634,1.0006,0.4382,AVOID
24.25,0.359,1.0015,0.5928,0.0192,1.352,0.3634,1.0006,0.4413,AVOID
24.27,0.362,1.0036,0.5928,0.0219,1.3544,0.3634,1.0006,0.4443,AVOID
24.29,0.3649,1.0056,0.5928,0.0246,1.3567,0.3783,1.0107,0.4473,AVOID
24.31,0.3679,1.0076,0.5928,0.0273,1.3591,0.3783,1.0107,0.4503,AVOID
24.33,0.3709,1.0096,0.5928,0.03,1.3615,0.3783,1.0107,0.4534,AVOID
24.35,0.3739,1.0116,0.5928,0.0327,1.3638,0.3783,1.0107,0.4564,AVOID
24.37,0.3769,1.0136,0.5928,0.0355,1.3662,0.3783,1.0107,0.4594,AVOID
24.39,0.3799,1.0156,0.5928,0.0409,1.371,0.3932,1.0208,0.4625,AVOID
24.41,0.3829,1.0176,0.5928,0.0409,1.371,0.3932,1.0208,0.4655,AVOID
24.43,0.3858,1.0196,0.5928,0.0436,1.3733,0.3932,1.0208,0.4686,AVOID
24.45,0.3888,1.0217,0.5928,0.0463,1.3757,0.3932,1.0208,0.4717,AVOID
24.47,0.3918,1.0237,0.5928,0.049,1.3781,0.3932,1.0208,0.4747,AVOID
24.49,0.3948,1.0257,0.5928,0.0517,1.3804,0.4081,1.0309,0.4778,AVOID
24.51,0.3978,1.0277,0.5928,0.0544,1.3828,0.4081,1.0309,0.4809,AVOID
24.53,0.4008,1.0297,0.5928,0.0598,1.3876,0.4081,1.0309,0.4839,AVOID
24.55,0.4038,1.0317,0.5928,0.0598,1.3876,0.4081,1.0309,0.487,AVOID
24.57,0.4067,1.0337,0.5928,0.0625,1.3899,0.423,1.041,0.4901,AVOID
24.59,0.4097,1.0357,0.5928,0.0653,1.3923,0.423,1.041,0.4932,AVOID
24.61,0.4127,1.0377,0.5928,0.068,1.3947,0.423,1.041,0.4963,AVOID
24.63,0.4157,1.0398,0.5928,0.0734,1.3994,0.423,1.041,0.4994,AVOID
24.65,0.4187,1.0418,0.5928,0.0761,1.4018,0.423,1.041,0.5025,AVOID
24.67,0.4217,1.0438,0.5928,0.0788,1.4042,0.4379,1.0511,0.5056,AVOID
24.69,0.4247,1.0458,0.5928,0.0788,1.4042,0.4379,1.0511,0.5087,AVOID
24.71,0.4276,1.0478,0.5928,0.0815,1.4065,0.4379,1.0511,0.5118,AVOID
24.73,0.4306,1.0498,0.5928,0.0842,1.4089,0.4379,1.0511,0.5149,AVOID
24.75,0.4336,1.0518,0.5928,0.0869,1.4113,0.4379,1.0511,0.518,AVOID
24.77,0.4366,1.0538,0.5928,0.0896,1.4136,0.4379,1.0511,0.5211,AVOID
24.79,0.4396,1.0559,0.5928,0.095,1.4184,0.4529,1.0611,0.5242,AVOID
24.81,0.4426,1.0579,0.5928,0.0978,1.4208,0.4529,1.0611,0.5249,AVOID
24.83,0.4456,1.0599,0.5928,0.0978,1.4208,0.4529,1.0611,0.522,AVOID
24.85,0.4485,1.0619,0.5928,0.1005,1.4231,0.4529,1.0611,0.5191,AVOID
24.87,0.4515,1.0639,0.5928,0.1032,1.4255,0.4529,1.0611,0.5162,AVOID
24.89,0.4545,1.0659,0.5928,0.1059,1.4279,0.4678,1.0712,0.5133,AVOID
24.91,0.4575,1.0679,0.5928,0.1113,1.4326,0.4678,1.0712,0.5105,AVOID
24.93,0.4605,1.0699,0.5928,0.1113,1.4326,0.4678,1.0712,0.5076,AVOID
24.95,0.4635,1.0719,0.5928,0.1167,1.4374,0.4678,1.0712,0.5048,AVOID
24.97,0.4665,1.074,0.5928,0.1167,1.4374,0.4678,1.0712,0.5019,AVOID
24.99,0.4694,1.076,0.5928,0.1194,1.4397,0.4827,1.0813,0.4991,AVOID
25.01,0.4724,1.078,0.5928,0.1221,1.4421,0.4827,1.0813,0.4962,AVOID
25.03,0.4754,1.08,0.5928,0.1248,1.4445,0.4827,1.0813,0.4934,AVOID
25.05,0.4784,1.082,0.5928,0.1275,1.4468,0.4827,1.0813,0.4906,AVOID
25.07,0.4814,1.084,0.5928,0.1303,1.4492,0.4827,1.0813,0.4877,AVOID
25.09,0.4844,1.086,0.5928,0.1357,1.454,0.4976,1.0914,0.4849,AVOID
25.11,0.4874,1.088,0.5928,0.1357,1.454,0.4976,1.0914,0.4821,AVOID
25.13,0.4903,1.09,0.5928,0.1384,1.4563,0.4976,1.0914,0.4793,AVOID
25.15,0.4933,1.0921,0.5928,0.1411,1.4587,0.4976,1.0914,0.4765,AVOID
25.17,0.4963,1.0941,0.5928,0.1465,1.4634,0.4976,1.0914,0.4737,AVOID
25.19,0.4993,1.0961,0.5928,0.1465,1.4634,0.5125,1.1015,0.4709,AVOID
25.21,0.5023,1.0981,0.5928,0.1492,1.4658,0.5125,1.1015,0.4681,AVOID
25.23,0.5053,1.1001,0.5928,0.1519,1.4682,0.5125,1.1015,0.4654,AVOID
25.25,0.5083,1.1021,0.5928,0.1546,1.4706,0.5125,1.1015,0.4626,AVOID
25.27,0.5112,1.1041,0.5928,0.1573,1.4729,0.5125,1.1015,0.4598,AVOID
25.29,0.5142,1.1061,0.5928,0.1601,1.4753,0.5274,1.1115,0.4571,AVOID
25.31,0.5172,1.1081,0.5928,0.1628,1.4777,0.5274,1.1115,0.4543,AVOID
25.33,0.5202,1.1102,0.5928,0.1682,1.4824,0.5274,1.1115,0.4516,AVOID
25.35,0.5232,1.1122,0.5928,0.1682,1.4824,0.5274,1.1115,0.4489,AVOID
25.37,0.5262,1.1142,0.5928,0.1736,1.4872,0.5274,1.1115,0.4461,AVOID
25.39,0.5292,1.1162,0.5928,0.1736,1.4872,0.5423,1.1216,0.4434,AVOID
25.41,0.5321,1.1182,0.5928,0.1763,1.4895,0.5423,1.1216,0.4407,AVOID
25.43,0.5351,1.1202,0.5928,0.179,1.4919,0.5423,1.1216,0.438,AVOID
25.45,0.5381,1.1222,0.5928,0.1817,1.4943,0.5423,1.1216,0.4353,AVOID
25.47,0.5411,1.1242,0.5928,0.1844,1.4966,0.5423,1.1216,0.4326,AVOID
25.49,0.5441,1.1262,0.5928,0.1871,1.499,0.5572,1.1317,0.4299,AVOID
25.51,0.5471,1.1283,0.5928,0.1898,1.5014,0.5572,1.1317,0.4272,AVOID
25.53,0.5501,1.1303,0.5928,0.1926,1.5038,0.5572,1.1317,0.4246,AVOID
25.55,0.553,1.1323,0.5928,0.198,1.5085,0.5572,1.1317,0.4219,AVOID
25.57,0.556,1.1343,0.5928,0.2007,1.5109,0.5572,1.1317,0.4193,AVOID
25.59,0.559,1.1363,0.5928,0.2034,1.5132,0.5722,1.1418,0.4166,AVOID
25.61,0.562,1.1383,0.5928,0.2061,1.5156,0.5722,1.1418,0.414,AVOID
25.63,0.565,1.1403,0.5928,0.2061,1.5156,0.5722,1.1418,0.4113,AVOID
25.65,0.568,1.1423,0.5928,0.2088,1.518,0.5722,1.1418,0.4087,AVOID
25.67,0.571,1.1444,0.5928,0.2115,1.5204,0.5722,1.1418,0.4061,AVOID
25.69,0.5739,1.1464,0.5928,0.2169,1.5251,0.5871,1.1519,0.4035,AVOID
25.71,0.5769,1.1484,0.5928,0.2169,1.5251,0.5871,1.1519,0.4009,AVOID
25.73,0.5799,1.1504,0.5928,0.2196,1.5275,0.5871,1.1519,0.3983,AVOID
25.75,0.5829,1.1524,0.5928,0.2223,1.5298,0.5871,1.1519,0.3957,AVOID
25.77,0.5859,1.1544,0.5928,0.2251,1.5322,0.5871,1.1519,0.3931,AVOID
25.79,0.5889,1.1564,0.5928,0.2278,1.5346,0.602,1.162,0.3906,AVOID
25.81,0.5919,1.1584,0.5928,0.2305,1.537,0.602,1.162,0.388,AVOID
25.83,0.5948,1.1604,0.5928,0.2332,1.5393,0.602,1.162,0.3855,AVOID
25.85,0.5978,1.1625,0.5928,0.2359,1.5417,0.602,1.162,0.3829,AVOID
25.87,0.6008,1.1645,0.5928,0.2386,1.5441,0.602,1.162,0.3804,AVOID
25.89,0.6038,1.1665,0.5928,0.2413,1.5464,0.6169,1.172,0.3779,AVOID
25.91,0.6068,1.1685,0.5928,0.244,1.5488,0.6169,1.172,0.3753,AVOID
25.93,0.6098,1.1705,0.5928,0.2467,1.5512,0.6169,1.172,0.3728,AVOID
25.95,0.6128,1.1725,0.5928,0.2494,1.5536,0.6169,1.172,0.3703,AVOID
25.97,0.6157,1.1745,0.5928,0.2549,1.5583,0.6169,1.172,0.3678,AVOID
25.99,0.6189,1.1766,0.5926,0.2549,1.5583,0.6318,1.1821,0.3653,AVOID
26.01,0.622,1.1787,0.5919,0.2575,1.5607,0.6318,1.1821,0.3627,AVOID
26.03,0.6251,1.1808,0.5907,0.2602,1.563,0.6318,1.1821,0.3601,AVOID
26.05,0.6282,1.1829,0.5891,0.263,1.5653,0.6318,1.1821,0.3576,AVOID
26.07,0.6313,1.185,0.587,0.2657,1.5676,0.6318,1.1821,0.3552,AVOID
26.09,0.6344,1.187,0.5844,0.2684,1.57,0.6466,1.1921,0.3527,AVOID
26.11,0.6374,1.189,0.5814,0.2711,1.5723,0.6466,1.1921,0.3503,AVOID
26.13,0.6404,1.191,0.578,0.2766,1.5768,0.6466,1.1921,0.348,AVOID
26.15,0.6435,1.193,0.5745,0.2766,1.5768,0.6466,1.1921,0.3456,AVOID
26.17,0.6465,1.1949,0.571,0.2794,1.5791,0.6466,1.1921,0.3432,AVOID
26.19,0.6494,1.1968,0.5677,0.2821,1.5814,0.6615,1.202,0.341,AVOID
26.21,0.6523,1.1986,0.5649,0.2849,1.5836,0.6615,1.202,0.3387,AVOID
26.23,0.6552,1.2004,0.5625,0.2877,1.5859,0.6615,1.202,0.3365,AVOID
26.25,0.6581,1.2023,0.5606,0.2905,1.5882,0.6615,1.202,0.3342,AVOID
26.27,0.6611,1.2041,0.5591,0.2933,1.5905,0.6615,1.202,0.3318,AVOID
26.29,0.6641,1.206,0.5581,0.2989,1.595,0.6767,1.2116,0.3295,AVOID
26.31,0.6671,1.2079,0.5576,0.2989,1.595,0.6767,1.2116,0.3271,AVOID
26.33,0.6701,1.2098,0.5575,0.3017,1.5973,0.6767,1.2116,0.3247,AVOID
26.35,0.6732,1.2117,0.5575,0.3044,1.5996,0.6767,1.2116,0.3223,AVOID
26.37,0.6763,1.2136,0.5575,0.3072,1.6018,0.6767,1.2116,0.32,AVOID
26.39,0.6793,1.2155,0.5575,0.31,1.6041,0.692,1.2212,0.3176,AVOID
26.41,0.6824,1.2174,0.5575,0.3128,1.6064,0.692,1.2212,0.3152,AVOID
26.43,0.6854,1.2193,0.5575,0.3156,1.6087,0.692,1.2212,0.3129,AVOID
26.45,0.6885,1.2212,0.5575,0.3184,1.6109,0.692,1.2212,0.3106,AVOID
26.47,0.6915,1.2231,0.5575,0.3212,1.6132,0.692,1.2212,0.3082,AVOID
26.49,0.6946,1.225,0.5575,0.324,1.6155,0.7072,1.2307,0.3059,AVOID
26.51,0.6976,1.2269,0.5575,0.3296,1.62,0.7072,1.2307,0.3036,AVOID
26.53,0.7007,1.2288,0.5575,0.3296,1.62,0.7072,1.2307,0.3013,AVOID
26.55,0.7038,1.2307,0.5575,0.3324,1.6223,0.7072,1.2307,0.299,AVOID
26.57,0.7068,1.2326,0.5575,0.3351,1.6246,0.7072,1.2307,0.2968,AVOID
26.59,0.7099,1.2345,0.5575,0.3379,1.6269,0.7225,1.2403,0.2945,AVOID
26.61,0.7129,1.2364,0.5575,0.3435,1.6314,0.7225,1.2403,0.2923,AVOID
26.63,0.716,1.2384,0.5575,0.3463,1.6337,0.7225,1.2403,0.2901,AVOID
26.65,0.719,1.2403,0.5575,0.3491,1.636,0.7225,1.2403,0.2878,AVOID
26.67,0.7221,1.2422,0.5575,0.3491,1.636,0.7225,1.2403,0.2856,AVOID
26.69,0.7251,1.2441,0.5575,0.3519,1.6382,0.7377,1.2498,0.2834,AVOID
26.71,0.7282,1.246,0.5575,0.3547,1.6405,0.7377,1.2498,0.2813,AVOID
26.73,0.7312,1.2479,0.5575,0.3575,1.6428,0.7377,1.2498,0.2791,AVOID
26.75,0.7343,1.2498,0.5575,0.3603,1.6451,0.7377,1.2498,0.2769,AVOID
26.77,0.7374,1.2517,0.5575,0.363,1.6473,0.7377,1.2498,0.2748,AVOID
26.79,0.7404,1.2536,0.5575,0.3658,1.6496,0.753,1.2594,0.2727,AVOID
26.81,0.7435,1.2555,0.5575,0.3714,1.6542,0.753,1.2594,0.2706,AVOID
26.83,0.7465,1.2574,0.5575,0.3714,1.6542,0.753,1.2594,0.2685,AVOID
26.85,0.7496,1.2593,0.5575,0.377,1.6587,0.753,1.2594,0.2664,AVOID
26.87,0.7526,1.2612,0.5575,0.377,1.6587,0.753,1.2594,0.2643,AVOID
26.89,0.7557,1.2631,0.5575,0.3798,1.661,0.7682,1.2689,0.2622,AVOID
26.91,0.7587,1.265,0.5575,0.3826,1.6633,0.7682,1.2689,0.2602,AVOID
26.93,0.7618,1.2669,0.5575,0.3882,1.6678,0.7682,1.2689,0.2582,AVOID
26.95,0.7648,1.2688,0.5575,0.3882,1.6678,0.7682,1.2689,0.2561,AVOID
26.97,0.7679,1.2707,0.5575,0.391,1.6701,0.7682,1.2689,0.2541,AVOID
26.99,0.771,1.2726,0.5575,0.3937,1.6723,0.7835,1.2785,0.2522,AVOID
27.01,0.774,1.2745,0.5575,0.3965,1.6746,0.7835,1.2785,0.2502,AVOID
27.03,0.7771,1.2764,0.5575,0.3993,1.6769,0.7835,1.2785,0.2482,AVOID
27.05,0.7801,1.2783,0.5575,0.4021,1.6792,0.7835,1.2785,0.2463,AVOID
27.07,0.7832,1.2803,0.5575,0.4049,1.6814,0.7835,1.2785,0.2444,AVOID
27.09,0.7862,1.2822,0.5575,0.4077,1.6837,0.7988,1.288,0.2424,AVOID
27.11,0.7893,1.2841,0.5575,0.4105,1.686,0.7988,1.288,0.2406,AVOID
27.13,0.7923,1.286,0.5575,0.4161,1.6905,0.7988,1.288,0.2387,AVOID
27.15,0.7954,1.2879,0.5575,0.4161,1.6905,0.7988,1.288,0.2368,AVOID
27.17,0.7985,1.2898,0.5575,0.4216,1.6951,0.7988,1.288,0.235,AVOID
27.19,0.8015,1.2917,0.5575,0.4216,1.6951,0.814,1.2976,0.2331,AVOID
27.21,0.8046,1.2936,0.5575,0.4272,1.6996,0.814,1.2976,0.2313,AVOID
27.23,0.8076,1.2955,0.5575,0.4272,1.6996,0.814,1.2976,0.2295,AVOID
27.25,0.8107,1.2974,0.5575,0.43,1.7019,0.814,1.2976,0.2277,AVOID
27.27,0.8137,1.2993,0.5575,0.4328,1.7042,0.814,1.2976,0.226,AVOID
27.29,0.8168,1.3012,0.5575,0.4384,1.7087,0.8293,1.3071,0.2242,AVOID
27.31,0.8198,1.3031,0.5575,0.4384,1.7087,0.8293,1.3071,0.2225,AVOID
27.33,0.8229,1.305,0.5575,0.4412,1.711,0.8293,1.3071,0.2208,AVOID
27.35,0.8259,1.3069,0.5575,0.444,1.7133,0.8293,1.3071,0.2191,AVOID
27.37,0.829,1.3088,0.5575,0.4468,1.7156,0.8293,1.3071,0.2174,AVOID
27.39,0.8321,1.3107,0.5575,0.4496,1.7178,0.8445,1.3166,0.2157,AVOID
27.41,0.8351,1.3126,0.5575,0.4523,1.7201,0.8445,1.3166,0.2141,AVOID
27.43,0.8382,1.3145,0.5575,0.4551,1.7224,0.8445,1.3166,0.2124,AVOID
27.45,0.8412,1.3164,0.5575,0.4579,1.7247,0.8445,1.3166,0.2108,AVOID
27.47,0.8443,1.3183,0.5575,0.4607,1.7269,0.8445,1.3166,0.2092,AVOID
27.492,0.8473,1.3202,0.5575,0.4663,1.7315,0.8598,1.3262,0.2077,AVOID
27.51,0.8504,1.3222,0.5575,0.4663,1.7315,0.8598,1.3262,0.2061,AVOID
27.53,0.8534,1.3241,0.5575,0.4691,1.7338,0.8598,1.3262,0.2046,AVOID
27.55,0.8565,1.326,0.5575,0.4719,1.736,0.8598,1.3262,0.203,AVOID
27.57,0.8596,1.3279,0.5575,0.4775,1.7406,0.8598,1.3262,0.2015,AVOID
27.59,0.8627,1.3299,0.5572,0.4802,1.7428,0.8751,1.3357,0.2,AVOID
27.61,0.866,1.3319,0.5566,0.4802,1.7428,0.8751,1.3357,0.1985,AVOID
27.63,0.8692,1.3339,0.5554,0.483,1.7451,0.8751,1.3357,0.197,AVOID
27.65,0.8723,1.3358,0.5538,0.4886,1.7495,0.8751,1.3357,0.1956,AVOID
27.67,0.8755,1.3378,0.5517,0.4886,1.7495,0.8751,1.3357,0.1942,AVOID
27.69,0.8786,1.3397,0.5492,0.4914,1.7518,0.8933,1.3471,0.1928,AVOID
27.71,0.8817,1.3416,0.5462,0.4942,1.754,0.8933,1.3471,0.1915,AVOID
27.73,0.8848,1.3435,0.5427,0.4999,1.7583,0.8933,1.3471,0.1902,AVOID
27.75,0.8879,1.3453,0.5392,0.4999,1.7583,0.8933,1.3471,0.189,AVOID
27.77,0.891,1.3472,0.5358,0.5027,1.7605,0.8933,1.3471,0.1877,AVOID
27.79,0.8941,1.349,0.5323,0.5084,1.7648,0.9055,1.3545,0.1865,AVOID
27.81,0.8972,1.3508,0.5288,0.5084,1.7648,0.9055,1.3545,0.1852,AVOID
27.83,0.9003,1.3526,0.5253,0.5112,1.767,0.9055,1.3545,0.184,AVOID
27.85,0.9034,1.3544,0.5218,0.5141,1.7691,0.9055,1.3545,0.1828,AVOID
27.87,0.9066,1.3562,0.5183,0.5199,1.7734,0.9055,1.3545,0.1816,AVOID
27.89,0.9097,1.358,0.5148,0.5199,1.7734,0.9209,1.3636,0.1803,AVOID
27.91,0.9128,1.3598,0.5113,0.5227,1.7755,0.9209,1.3636,0.1792,AVOID
27.93,0.916,1.3615,0.5078,0.5256,1.7776,0.9209,1.3636,0.178,AVOID
27.95,0.9191,1.3633,0.5043,0.5285,1.7796,0.9209,1.3636,0.1768,AVOID
27.97,0.9223,1.365,0.5008,0.5314,1.7817,0.9209,1.3636,0.1756,AVOID
27.99,0.9255,1.3667,0.4974,0.5344,1.7838,0.9365,1.3723,0.1745,AVOID
28.01,0.9286,1.3684,0.4939,0.5373,1.7858,0.9365,1.3723,0.1733,AVOID
28.03,0.9318,1.3701,0.4904,0.5432,1.7899,0.9365,1.3723,0.1722,AVOID
28.05,0.935,1.3718,0.4869,0.5432,1.7899,0.9365,1.3723,0.1711,AVOID
28.07,0.9382,1.3735,0.4834,0.5461,1.7919,0.9365,1.3723,0.1699,AVOID
28.09,0.9414,1.3752,0.4799,0.552,1.796,0.9522,1.3808,0.1688,AVOID
28.11,0.9446,1.3768,0.4764,0.552,1.796,0.9522,1.3808,0.1677,AVOID
28.13,0.9478,1.3785,0.4729,0.555,1.7979,0.9522,1.3808,0.1667,AVOID
28.152,0.951,1.3801,0.4694,0.5609,1.8019,0.9522,1.3808,0.1656,AVOID
28.17,0.9542,1.3818,0.4659,0.5609,1.8019,0.9522,1.3808,0.1645,AVOID
28.19,0.9573,1.3833,0.4627,0.5639,1.8039,0.968,1.389,0.1635,AVOID
28.21,0.9604,1.3848,0.4599,0.5669,1.8058,0.968,1.389,0.1625,AVOID
28.23,0.9634,1.3863,0.4575,0.5699,1.8078,0.968,1.389,0.1615,AVOID
28.25,0.9665,1.3878,0.4556,0.5729,1.8098,0.968,1.389,0.1605,AVOID
28.27,0.9697,1.3894,0.4541,0.576,1.8117,0.968,1.389,0.1594,AVOID
28.29,0.9729,1.3909,0.4531,0.582,1.8157,0.9841,1.3971,0.1584,AVOID
28.31,0.9761,1.3925,0.4525,0.582,1.8157,0.9841,1.3971,0.1574,AVOID
28.33,0.9793,1.3941,0.4524,0.585,1.8177,0.9841,1.3971,0.1563,AVOID
28.35,0.9825,1.3956,0.4524,0.588,1.8196,0.9841,1.3971,0.1553,AVOID
28.37,0.9858,1.3972,0.4524,0.594,1.8236,0.9841,1.3971,0.1543,AVOID
28.39,0.9891,1.3989,0.4522,0.594,1.8236,1.0003,1.405,0.1533,AVOID
28.41,0.9925,1.4005,0.4515,0.597,1.8255,1.0003,1.405,0.1523,AVOID
28.43,0.9959,1.4022,0.4503,0.6,1.8275,1.0003,1.405,0.1514,AVOID
28.45,0.9993,1.4038,0.4488,0.603,1.8294,1.0003,1.405,0.1505,AVOID
28.47,1.0026,1.4054,0.4468,0.606,1.8313,1.0003,1.405,0.1496,AVOID
28.49,1.006,1.407,0.4443,0.6091,1.8332,1.0164,1.4128,0.1488,AVOID
28.51,1.0093,1.4085,0.4414,0.6121,1.8351,1.0164,1.4128,0.148,AVOID
28.53,1.0125,1.4101,0.438,0.6151,1.837,1.0164,1.4128,0.1473,AVOID
28.55,1.0158,1.4116,0.4345,0.6182,1.8389,1.0164,1.4128,0.1466,AVOID
28.57,1.0191,1.4131,0.4311,0.6212,1.8407,1.0164,1.4128,0.1459,AVOID
28.59,1.0222,1.4145,0.4277,0.6243,1.8426,1.0325,1.4204,0.1451,AVOID
28.61,1.0251,1.4157,0.4249,0.6273,1.8444,1.0325,1.4204,0.1444,AVOID
28.63,1.0277,1.4168,0.4226,0.6302,1.8463,1.0325,1.4204,0.1439,AVOID
28.65,1.0302,1.4179,0.4207,0.6332,1.8481,1.0325,1.4204,0.1433,AVOID
28.672,1.0328,1.4191,0.4192,0.6391,1.8519,1.0485,1.4277,0.1428,AVOID
28.69,1.0354,1.4203,0.4182,0.6391,1.8519,1.0485,1.4277,0.1422,AVOID
28.71,1.0381,1.4214,0.4176,0.642,1.8538,1.0485,1.4277,0.1416,AVOID
28.73,1.0407,1.4226,0.4175,0.6449,1.8557,1.0485,1.4277,0.1411,AVOID
28.75,1.0434,1.4238,0.4178,0.6478,1.8577,1.0485,1.4277,0.1405,AVOID
28.77,1.0462,1.425,0.4186,0.6507,1.8597,1.0485,1.4277,0.1399,AVOID
28.79,1.0494,1.4265,0.4194,0.6535,1.8617,1.0644,1.4348,0.1393,AVOID
28.81,1.0527,1.428,0.4198,0.6565,1.8637,1.0644,1.4348,0.1386,AVOID
28.83,1.056,1.4294,0.4198,0.6594,1.8658,1.0644,1.4348,0.138,AVOID
28.85,1.0593,1.4309,0.4198,0.6623,1.8679,1.0644,1.4348,0.1375,AVOID
28.87,1.0625,1.4324,0.4198,0.6682,1.872,1.0644,1.4348,0.1369,AVOID
28.89,1.0658,1.4338,0.4198,0.6682,1.872,1.0807,1.4421,0.1364,AVOID
28.91,1.0691,1.4353,0.4198,0.6712,1.8741,1.0807,1.4421,0.1359,AVOID
28.93,1.0724,1.4368,0.4198,0.6771,1.8782,1.0807,1.4421,0.1355,AVOID
28.95,1.0757,1.4382,0.4198,0.6771,1.8782,1.0807,1.4421,0.135,AVOID
28.97,1.079,1.4397,0.4198,0.68,1.8803,1.0807,1.4421,0.1346,AVOID
28.99,1.0821,1.4411,0.42,0.683,1.8824,1.0972,1.4495,0.1342,AVOID
29.01,1.0852,1.4424,0.4207,0.6859,1.8844,1.0972,1.4495,0.1339,AVOID
29.03,1.0883,1.4438,0.4218,0.6888,1.8865,1.0972,1.4495,0.1335,AVOID
29.05,1.0914,1.4452,0.4234,0.6946,1.8907,1.0972,1.4495,0.1332,AVOID
29.07,1.0945,1.4466,0.4254,0.6946,1.8907,1.0972,1.4495,0.1329,AVOID
29.09,1.0976,1.4481,0.4278,0.7004,1.8949,1.1135,1.4568,0.1326,AVOID
29.11,1.1008,1.4495,0.4307,0.7004,1.8949,1.1135,1.4568,0.1323,AVOID
29.13,1.104,1.451,0.4341,0.7061,1.8991,1.1135,1.4568,0.132,AVOID
29.15,1.1072,1.4525,0.4375,0.709,1.9013,1.1135,1.4568,0.1318,AVOID
29.17,1.1104,1.454,0.441,0.7118,1.9034,1.1135,1.4568,0.1316,AVOID
29.19,1.1138,1.4556,0.4443,0.7118,1.9034,1.1297,1.4643,0.1314,AVOID
29.21,1.1172,1.4572,0.4471,0.7147,1.9056,1.1297,1.4643,0.1313,AVOID
29.23,1.1206,1.4589,0.4495,0.7176,1.9078,1.1297,1.4643,0.1313,AVOID
29.25,1.124,1.4605,0.4514,0.7204,1.9099,1.1297,1.4643,0.1313,AVOID
29.272,1.1273,1.4621,0.4529,0.7233,1.9121,1.1297,1.4643,0.1313,AVOID
29.29,1.1306,1.4637,0.4539,0.729,1.9165,1.1459,1.4721,0.1314,AVOID
29.31,1.1339,1.4653,0.4545,0.729,1.9165,1.1459,1.4721,0.1316,AVOID
29.33,1.1371,1.4669,0.4546,0.7319,1.9186,1.1459,1.4721,0.1317,AVOID
29.35,1.1404,1.4685,0.4546,0.7377,1.923,1.1459,1.4721,0.1319,AVOID
29.37,1.1436,1.4701,0.4546,0.7377,1.923,1.1459,1.4721,0.1322,AVOID
29.39,1.1467,1.4716,0.4548,0.7405,1.9251,1.1621,1.48,0.1324,AVOID
29.41,1.1497,1.473,0.4555,0.7434,1.9273,1.1621,1.48,0.1326,AVOID
29.43,1.1527,1.4745,0.4566,0.7462,1.9295,1.1621,1.48,0.1329,AVOID
29.45,1.1558,1.476,0.4582,0.749,1.9317,1.1621,1.48,0.1332,AVOID
29.47,1.1589,1.4775,0.4603,0.7547,1.936,1.1621,1.48,0.1335,AVOID
29.49,1.162,1.4791,0.4627,0.7575,1.9383,1.1813,1.4895,0.1338,AVOID
29.51,1.1651,1.4807,0.4657,0.7575,1.9383,1.1813,1.4895,0.1341,AVOID
29.53,1.1682,1.4823,0.469,0.7603,1.9405,1.1813,1.4895,0.1345,AVOID
29.55,1.1714,1.4839,0.4725,0.7659,1.9449,1.1813,1.4895,0.1349,AVOID
29.57,1.1746,1.4855,0.476,0.7686,1.9472,1.1813,1.4895,0.1353,AVOID
29.59,1.1778,1.4872,0.4793,0.7686,1.9472,1.1813,1.4895,0.1359,AVOID
29.61,1.1814,1.4892,0.482,0.7739,1.9514,1.1813,1.4895,0.1366,AVOID
29.63,1.1853,1.4913,0.4843,0.7739,1.9514,1.1941,1.496,0.1374,GO_GOAL
29.65,1.1891,1.4933,0.4861,0.7792,1.9555,1.1941,1.496,0.1382,GO_GOAL
29.67,1.1929,1.4953,0.4875,0.7819,1.9575,1.1941,1.496,0.139,GO_GOAL
29.69,1.1967,1.4973,0.4884,0.7847,1.9594,1.2091,1.5039,0.1399,GO_GOAL
29.71,1.2004,1.4993,0.4889,0.7847,1.9594,1.2091,1.5039,0.1408,GO_GOAL
29.73,1.2041,1.5012,0.4889,0.7874,1.9614,1.2091,1.5039,0.1418,GO_GOAL
29.75,1.2078,1.5032,0.4885,0.7902,1.9633,1.2091,1.5039,0.1428,GO_GOAL
29.77,1.2114,1.5051,0.4876,0.7929,1.9652,1.2091,1.5039,0.1439,GO_GOAL
29.79,1.2151,1.5071,0.4863,0.7986,1.9689,1.224,1.5118,0.145,GO_GOAL
29.81,1.2187,1.509,0.4845,0.7986,1.9689,1.224,1.5118,0.1461,GO_GOAL
29.83,1.2222,1.5108,0.4822,0.8014,1.9706,1.224,1.5118,0.1472,GO_GOAL
29.85,1.2258,1.5127,0.4795,0.8043,1.9724,1.224,1.5118,0.1484,GO_GOAL
29.87,1.2293,1.5145,0.4764,0.8071,1.9741,1.224,1.5118,0.1496,GO_GOAL
29.89,1.2328,1.5163,0.4728,0.813,1.9775,1.2388,1.5196,0.1508,GO_GOAL
29.91,1.2363,1.5181,0.4687,0.8159,1.9792,1.2388,1.5196,0.152,GO_GOAL
29.93,1.2398,1.5198,0.4642,0.8188,1.9808,1.2388,1.5196,0.1533,GO_GOAL
29.95,1.2432,1.5215,0.4593,0.8188,1.9808,1.2388,1.5196,0.1545,GO_GOAL
29.97,1.2466,1.5232,0.4539,0.8218,1.9824,1.2388,1.5196,0.1558,GO_GOAL
29.99,1.25,1.5249,0.4481,0.8248,1.9839,1.2538,1.5272,0.1571,GO_GOAL
30.01,1.2534,1.5265,0.4418,0.8278,1.9854,1.2538,1.5272,0.1583,GO_GOAL
30.03,1.2568,1.5281,0.435,0.8338,1.9884,1.2538,1.5272,0.1596,GO_GOAL
30.05,1.2601,1.5296,0.4279,0.8368,1.9898,1.2538,1.5272,0.1609,GO_GOAL
30.07,1.2635,1.5311,0.4202,0.8368,1.9898,1.2538,1.5272,0.1622,GO_GOAL
30.09,1.2668,1.5326,0.4122,0.8399,1.9912,1.269,1.5344,0.1635,GO_GOAL
30.11,1.2701,1.534,0.4037,0.843,1.9925,1.269,1.5344,0.1648,GO_GOAL
30.13,1.2734,1.5354,0.3947,0.8461,1.9939,1.269,1.5344,0.1661,GO_GOAL
30.15,1.2766,1.5367,0.3853,0.8492,1.9952,1.269,1.5344,0.1674,GO_GOAL
30.17,1.2799,1.538,0.3755,0.8523,1.9964,1.269,1.5344,0.1686,GO_GOAL
30.19,1.2831,1.5393,0.3652,0.8554,1.9977,1.2844,1.5411,0.1699,GO_GOAL
30.21,1.2863,1.5405,0.3548,0.8585,1.9989,1.2844,1.5411,0.1712,GO_GOAL
30.23,1.2896,1.5417,0.3443,0.8617,2.0,1.2844,1.5411,0.1724,GO_GOAL
30.25,1.2928,1.5428,0.3338,0.8649,2.0012,1.2844,1.5411,0.1736,GO_GOAL
30.27,1.2961,1.5439,0.3234,0.868,2.0023,1.2844,1.5411,0.1749,GO_GOAL
30.29,1.2993,1.545,0.313,0.8712,2.0033,1.3001,1.5469,0.176,GO_GOAL
30.31,1.3025,1.546,0.3032,0.8745,2.0044,1.3001,1.5469,0.1772,GO_GOAL
30.33,1.3057,1.547,0.2937,0.8778,2.0054,1.3001,1.5469,0.1783,GO_GOAL
30.35,1.309,1.548,0.2846,0.8845,2.0075,1.3001,1.5469,0.1794,GO_GOAL
30.37,1.3123,1.5489,0.276,0.8845,2.0075,1.3001,1.5469,0.1805,GO_GOAL
30.39,1.3155,1.5498,0.2678,0.8913,2.0094,1.3166,1.5521,0.1815,GO_GOAL
30.41,1.3187,1.5506,0.26,0.8947,2.0104,1.3166,1.5521,0.1826,GO_GOAL
30.43,1.3219,1.5515,0.2526,0.8947,2.0104,1.3166,1.5521,0.1836,GO_GOAL
30.45,1.3252,1.5523,0.2456,0.8982,2.0114,1.3166,1.5521,0.1846,GO_GOAL
30.47,1.3284,1.5531,0.239,0.9016,2.0123,1.3166,1.5521,0.1856,GO_GOAL
30.49,1.3318,1.5539,0.2328,0.905,2.0133,1.3338,1.5567,0.1865,GO_GOAL
30.51,1.3351,1.5547,0.227,0.9085,2.0142,1.3338,1.5567,0.1875,GO_GOAL
30.53,1.3385,1.5555,0.2217,0.9119,2.0151,1.3338,1.5567,0.1885,GO_GOAL
30.55,1.3419,1.5562,0.2167,0.9154,2.016,1.3338,1.5567,0.1895,GO_GOAL
30.57,1.3454,1.557,0.2121,0.9189,2.0169,1.3338,1.5567,0.1904,GO_GOAL
30.59,1.3488,1.5577,0.2079,0.9258,2.0186,1.3512,1.5608,0.1914,GO_GOAL
30.61,1.3523,1.5585,0.2041,0.9258,2.0186,1.3512,1.5608,0.1924,GO_GOAL
30.63,1.3559,1.5592,0.2006,0.9293,2.0195,1.3512,1.5608,0.1934,GO_GOAL
30.65,1.3594,1.5599,0.1971,0.9327,2.0203,1.3512,1.5608,0.1943,GO_GOAL
30.67,1.3629,1.5606,0.1936,0.9362,2.0212,1.3512,1.5608,0.1953,GO_GOAL
30.69,1.3664,1.5612,0.1903,0.9397,2.022,1.3687,1.5645,0.1963,GO_GOAL
30.71,1.3697,1.5619,0.1874,0.9432,2.0228,1.3687,1.5645,0.1972,GO_GOAL
30.73,1.3731,1.5625,0.1848,0.9467,2.0236,1.3687,1.5645,0.1982,GO_GOAL
30.75,1.3764,1.5631,0.1827,0.9502,2.0244,1.3687,1.5645,0.1991,GO_GOAL
30.77,1.3799,1.5638,0.1809,0.9537,2.0252,1.3687,1.5645,0.2001,GO_GOAL
30.79,1.3833,1.5644,0.1795,0.9572,2.026,1.3863,1.5678,0.2011,GO_GOAL
30.81,1.3868,1.565,0.1786,0.9607,2.0269,1.3863,1.5678,0.2021,GO_GOAL
30.83,1.3903,1.5657,0.178,0.9642,2.0277,1.3863,1.5678,0.2031,GO_GOAL
30.85,1.3938,1.5663,0.1777,0.9677,2.0285,1.3863,1.5678,0.2041,GO_GOAL
30.87,1.3974,1.5669,0.1777,0.9712,2.0293,1.3863,1.5678,0.2051,GO_GOAL
30.89,1.4009,1.5676,0.1777,0.9747,2.0301,1.404,1.5711,0.2062,GO_GOAL
30.91,1.4044,1.5682,0.1777,0.9783,2.0309,1.404,1.5711,0.2073,GO_GOAL
30.93,1.408,1.5688,0.1777,0.9818,2.0318,1.404,1.5711,0.2084,GO_GOAL
30.95,1.4115,1.5695,0.1777,0.9853,2.0326,1.404,1.5711,0.2095,GO_GOAL
30.97,1.4151,1.5701,0.1777,0.9888,2.0334,1.404,1.5711,0.2106,GO_GOAL
30.99,1.4186,1.5708,0.1777,0.9958,2.035,1.4217,1.5743,0.2118,GO_GOAL
31.01,1.4222,1.5714,0.1777,0.9958,2.035,1.4217,1.5743,0.2129,GO_GOAL
31.03,1.4257,1.572,0.1777,0.9993,2.0358,1.4217,1.5743,0.2141,GO_GOAL
31.05,1.4292,1.5727,0.1777,1.0028,2.0366,1.4217,1.5743,0.2154,GO_GOAL
31.07,1.4328,1.5733,0.1777,1.0063,2.0375,1.4217,1.5743,0.2166,GO_GOAL
31.09,1.4363,1.5739,0.1777,1.0098,2.0383,1.4394,1.5775,0.2179,GO_GOAL
31.11,1.4399,1.5746,0.1777,1.0133,2.0391,1.4394,1.5775,0.2191,GO_GOAL
31.13,1.4434,1.5752,0.1777,1.0203,2.0407,1.4394,1.5775,0.2204,GO_GOAL
31.15,1.447,1.5758,0.1777,1.0203,2.0407,1.4394,1.5775,0.2218,GO_GOAL
31.17,1.4505,1.5765,0.1777,1.0238,2.0415,1.4571,1.5807,0.2231,GO_GOAL
31.19,1.4541,1.5771,0.1777,1.0309,2.0432,1.4571,1.5807,0.2245,GO_GOAL
31.21,1.4576,1.5778,0.1777,1.0309,2.0432,1.4571,1.5807,0.2258,GO_GOAL
31.23,1.4611,1.5784,0.1777,1.0344,2.044,1.4571,1.5807,0.2272,GO_GOAL
31.25,1.4647,1.579,0.1777,1.0379,2.0448,1.4571,1.5807,0.2286,GO_GOAL
31.27,1.4682,1.5797,0.1777,1.0449,2.0464,1.4571,1.5807,0.2301,GO_GOAL
31.29,1.4718,1.5803,0.1777,1.0484,2.0472,1.4749,1.5839,0.2315,GO_GOAL
31.31,1.4753,1.5809,0.1777,1.0484,2.0472,1.4749,1.5839,0.233,GO_GOAL
31.33,1.4789,1.5816,0.1777,1.0519,2.048,1.4749,1.5839,0.2345,GO_GOAL
31.35,1.4824,1.5822,0.1777,1.0554,2.0489,1.4749,1.5839,0.236,GO_GOAL
31.37,1.4859,1.5828,0.1777,1.0589,2.0497,1.4749,1.5839,0.2375,GO_GOAL
31.39,1.4895,1.5835,0.1777,1.0624,2.0505,1.4926,1.5871,0.239,GO_GOAL
31.41,1.493,1.5841,0.1777,1.0659,2.0513,1.4926,1.5871,0.2406,GO_GOAL
31.43,1.4966,1.5848,0.1777,1.0694,2.0521,1.4926,1.5871,0.2422,GO_GOAL
31.45,1.5001,1.5854,0.1777,1.0729,2.0529,1.4926,1.5871,0.2438,GO_GOAL
31.47,1.5037,1.586,0.1777,1.0764,2.0538,1.4926,1.5871,0.2454,GO_GOAL
31.49,1.5072,1.5867,0.1777,1.0799,2.0546,1.5103,1.5903,0.247,GO_GOAL
31.51,1.5107,1.5873,0.1777,1.0834,2.0554,1.5103,1.5903,0.2486,GO_GOAL
31.53,1.5143,1.5879,0.1777,1.087,2.0562,1.5103,1.5903,0.2503,GO_GOAL
31.55,1.5178,1.5886,0.1777,1.0905,2.057,1.5103,1.5903,0.252,GO_GOAL
31.57,1.5214,1.5892,0.1777,1.094,2.0578,1.5103,1.5903,0.2537,GO_GOAL
31.59,1.5249,1.5898,0.1777,1.0975,2.0586,1.528,1.5935,0.2554,GO_GOAL
31.61,1.5285,1.5905,0.1777,1.101,2.0595,1.528,1.5935,0.2571,GO_GOAL
31.63,1.532,1.5911,0.1777,1.108,2.0611,1.528,1.5935,0.2588,GO_GOAL
31.65,1.5355,1.5918,0.1777,1.108,2.0611,1.528,1.5935,0.2606,GO_GOAL
31.67,1.5391,1.5924,0.1777,1.1115,2.0619,1.528,1.5935,0.2624,GO_GOAL
31.69,1.5426,1.593,0.1777,1.115,2.0627,1.5457,1.5967,0.2642,GO_GOAL
31.71,1.5462,1.5937,0.1777,1.1185,2.0635,1.5457,1.5967,0.266,GO_GOAL
31.73,1.5497,1.5943,0.1777,1.1255,2.0652,1.5457,1.5967,0.2678,GO_GOAL
31.75,1.5533,1.5949,0.1777,1.1255,2.0652,1.5457,1.5967,0.2696,GO_GOAL
31.77,1.5568,1.5956,0.1777,1.129,2.066,1.5457,1.5967,0.2715,GO_GOAL
31.79,1.5603,1.5962,0.1777,1.1325,2.0668,1.567,1.6006,0.2733,GO_GOAL
31.81,1.5639,1.5969,0.1777,1.136,2.0676,1.567,1.6006,0.2752,GO_GOAL
31.83,1.5674,1.5975,0.1777,1.1396,2.0684,1.567,1.6006,0.2771,GO_GOAL
31.85,1.571,1.5981,0.1777,1.1431,2.0692,1.567,1.6006,0.279,GO_GOAL
31.87,1.5745,1.5988,0.1777,1.1466,2.0701,1.567,1.6006,0.281,GO_GOAL
31.89,1.5781,1.5994,0.1777,1.1501,2.0709,1.5811,1.6031,0.2829,GO_GOAL
31.91,1.5816,1.6,0.1777,1.1536,2.0717,1.5811,1.6031,0.2849,GO_GOAL
31.93,1.5852,1.6007,0.1777,1.1606,2.0733,1.5811,1.6031,0.2868,GO_GOAL
31.95,1.5887,1.6013,0.1777,1.1606,2.0733,1.5811,1.6031,0.2888,GO_GOAL
31.97,1.5922,1.6019,0.1777,1.1641,2.0741,1.5811,1.6031,0.2908,GO_GOAL
31.99,1.5958,1.6026,0.1777,1.1676,2.0749,1.5988,1.6064,0.2928,GO_GOAL
32.01,1.5993,1.6032,0.1777,1.1711,2.0758,1.5988,1.6064,0.2948,GO_GOAL
32.03,1.6029,1.6039,0.1777,1.1746,2.0766,1.5988,1.6064,0.2969,GO_GOAL
32.05,1.6064,1.6045,0.1777,1.1781,2.0774,1.5988,1.6064,0.2989,GO_GOAL
32.07,1.61,1.6051,0.1777,1.1816,2.0782,1.5988,1.6064,0.301,GO_GOAL
32.09,1.6135,1.6058,0.1777,1.1886,2.0798,1.6165,1.6096,0.3031,GO_GOAL
32.11,1.617,1.6064,0.1777,1.1922,2.0806,1.6165,1.6096,0.3052,GO_GOAL
32.13,1.6206,1.607,0.1777,1.1922,2.0806,1.6165,1.6096,0.3073,GO_GOAL
32.15,1.6241,1.6077,0.1777,1.1957,2.0815,1.6165,1.6096,0.3094,GO_GOAL
32.17,1.6277,1.6083,0.1777,1.2027,2.0831,1.6165,1.6096,0.3115,GO_GOAL
32.19,1.6312,1.6089,0.1777,1.2027,2.0831,1.6343,1.6128,0.3136,GO_GOAL
32.21,1.6348,1.6096,0.1777,1.2062,2.0839,1.6343,1.6128,0.3158,GO_GOAL
32.23,1.6383,1.6102,0.1777,1.2097,2.0847,1.6343,1.6128,0.318,GO_GOAL
32.25,1.6418,1.6109,0.1777,1.2132,2.0855,1.6343,1.6128,0.3201,GO_GOAL
32.27,1.6454,1.6115,0.1777,1.2167,2.0864,1.6343,1.6128,0.3223,GO_GOAL
32.29,1.6489,1.6121,0.1777,1.2202,2.0872,1.652,1.616,0.3245,GO_GOAL
32.31,1.6525,1.6128,0.1777,1.2272,2.0888,1.652,1.616,0.3267,GO_GOAL
32.33,1.656,1.6134,0.1777,1.2307,2.0896,1.652,1.616,0.329,GO_GOAL
32.35,1.6596,1.614,0.1777,1.2307,2.0896,1.652,1.616,0.3312,GO_GOAL
32.37,1.6631,1.6147,0.1777,1.2342,2.0904,1.652,1.616,0.3334,GO_GOAL
32.39,1.6666,1.6153,0.1777,1.2377,2.0912,1.6697,1.6192,0.3357,GO_GOAL
32.41,1.6702,1.6159,0.1777,1.2448,2.0929,1.6697,1.6192,0.338,GO_GOAL
32.43,1.6737,1.6166,0.1777,1.2448,2.0929,1.6697,1.6192,0.3403,GO_GOAL
32.45,1.6773,1.6172,0.1777,1.2483,2.0937,1.6697,1.6192,0.3425,GO_GOAL
32.47,1.6808,1.6179,0.1777,1.2553,2.0953,1.6697,1.6192,0.3449,GO_GOAL
32.49,1.6844,1.6185,0.1777,1.2553,2.0953,1.6874,1.6224,0.3472,GO_GOAL
32.51,1.6879,1.6191,0.1777,1.2588,2.0961,1.6874,1.6224,0.3495,GO_GOAL
32.53,1.6914,1.6198,0.1777,1.2623,2.0969,1.6874,1.6224,0.3518,GO_GOAL
32.55,1.695,1.6204,0.1777,1.2658,2.0978,1.6874,1.6224,0.3542,GO_GOAL
32.57,1.6985,1.621,0.1777,1.2693,2.0986,1.6874,1.6224,0.3565,GO_GOAL
32.59,1.7021,1.6217,0.1777,1.2728,2.0994,1.7051,1.6256,0.3589,GO_GOAL
32.61,1.7056,1.6223,0.1777,1.2763,2.1002,1.7051,1.6256,0.3613,GO_GOAL
32.63,1.7092,1.6229,0.1777,1.2798,2.101,1.7051,1.6256,0.3637,GO_GOAL
32.65,1.7127,1.6236,0.1777,1.2833,2.1018,1.7051,1.6256,0.3661,GO_GOAL
32.67,1.7163,1.6242,0.1777,1.2868,2.1026,1.7051,1.6256,0.3685,GO_GOAL
32.69,1.7198,1.6249,0.1777,1.2938,2.1043,1.7228,1.6288,0.3709,GO_GOAL
32.71,1.7233,1.6255,0.1777,1.2938,2.1043,1.7228,1.6288,0.3733,GO_GOAL
32.73,1.7269,1.6261,0.1777,1.3009,2.1059,1.7228,1.6288,0.3757,GO_GOAL
32.75,1.7304,1.6268,0.1777,1.3009,2.1059,1.7228,1.6288,0.3782,GO_GOAL
32.772,1.734,1.6274,0.1777,1.3079,2.1075,1.7405,1.632,0.3806,GO_GOAL
32.79,1.7375,1.628,0.1777,1.3114,2.1084,1.7405,1.632,0.3831,GO_GOAL
32.81,1.7411,1.6287,0.1777,1.3149,2.1092,1.7405,1.632,0.3856,GO_GOAL
32.83,1.7446,1.6293,0.1777,1.3149,2.1092,1.7405,1.632,0.3881,GO_GOAL
32.85,1.7481,1.63,0.1777,1.3184,2.11,1.7405,1.632,0.3906,GO_GOAL
32.87,1.7517,1.6306,0.1777,1.3219,2.1108,1.7405,1.632,0.3931,GO_GOAL
32.89,1.7552,1.6312,0.1777,1.3254,2.1116,1.7582,1.6352,0.3956,GO_GOAL
32.91,1.7588,1.6319,0.1777,1.3324,2.1132,1.7582,1.6352,0.3981,GO_GOAL
32.93,1.7623,1.6325,0.1777,1.3324,2.1132,1.7582,1.6352,0.4006,GO_GOAL
32.95,1.7659,1.6331,0.1777,1.3359,2.1141,1.7582,1.6352,0.4031,GO_GOAL
32.97,1.7694,1.6338,0.1777,1.3394,2.1149,1.7582,1.6352,0.4057,GO_GOAL
32.99,1.7729,1.6344,0.1777,1.3429,2.1157,1.776,1.6384,0.4082,GO_GOAL
33.01,1.7765,1.635,0.1777,1.3464,2.1165,1.776,1.6384,0.4108,GO_GOAL
33.03,1.78,1.6357,0.1777,1.3499,2.1173,1.776,1.6384,0.4134,GO_GOAL
33.05,1.7836,1.6363,0.1777,1.3535,2.1181,1.776,1.6384,0.416,GO_GOAL
33.07,1.7871,1.637,0.1777,1.357,2.1189,1.776,1.6384,0.4185,GO_GOAL
33.09,1.7907,1.6376,0.1777,1.3605,2.1198,1.7937,1.6416,0.4211,GO_GOAL
33.11,1.7942,1.6382,0.1777,1.364,2.1206,1.7937,1.6416,0.4237,GO_GOAL
33.13,1.7977,1.6389,0.1777,1.3675,2.1214,1.7937,1.6416,0.4263,GO_GOAL
33.15,1.8013,1.6395,0.1777,1.3745,2.123,1.7937,1.6416,0.429,GO_GOAL
33.17,1.8048,1.6401,0.1777,1.3745,2.123,1.7937,1.6416,0.4316,GO_GOAL
33.19,1.8084,1.6408,0.1777,1.378,2.1238,1.8114,1.6449,0.4342,GO_GOAL
33.21,1.8119,1.6414,0.1777,1.3815,2.1247,1.8114,1.6449,0.4369,GO_GOAL
33.23,1.8155,1.642,0.1777,1.3885,2.1263,1.8114,1.6449,0.4395,GO_GOAL
33.25,1.819,1.6427,0.1777,1.392,2.1271,1.8114,1.6449,0.4422,GO_GOAL
33.268,1.8226,1.6433,0.1777,1.392,2.1271,1.8114,1.6449,0.4448,GO_GOAL
33.29,1.8261,1.644,0.1777,1.3955,2.1279,1.8326,1.6487,0.4475,GO_GOAL
33.31,1.8296,1.6446,0.1777,1.399,2.1287,1.8326,1.6487,0.4502,GO_GOAL
33.33,1.8332,1.6452,0.1777,1.4025,2.1295,1.8326,1.6487,0.4529,GO_GOAL
33.35,1.8367,1.6459,0.1777,1.4061,2.1304,1.8326,1.6487,0.4555,GO_GOAL
33.372,1.8403,1.6465,0.1777,1.4096,2.1312,1.8326,1.6487,0.4582,GO_GOAL
33.39,1.8438,1.6471,0.1777,1.4131,2.132,1.8468,1.6513,0.461,GO_GOAL
33.41,1.8474,1.6478,0.1777,1.4166,2.1328,1.8468,1.6513,0.4637,GO_GOAL
33.43,1.8509,1.6484,0.1777,1.4201,2.1336,1.8468,1.6513,0.4664,GO_GOAL
33.45,1.8544,1.649,0.1777,1.4236,2.1344,1.8468,1.6513,0.4691,GO_GOAL
33.47,1.858,1.6497,0.1777,1.4271,2.1352,1.8468,1.6513,0.4718,GO_GOAL
33.49,1.8615,1.6503,0.1777,1.4306,2.1361,1.8645,1.6545,0.4746,GO_GOAL
33.51,1.8651,1.651,0.1777,1.4341,2.1369,1.8645,1.6545,0.4773,GO_GOAL
33.53,1.8686,1.6516,0.1777,1.4376,2.1377,1.8645,1.6545,0.4801,GO_GOAL
33.55,1.8722,1.6522,0.1777,1.4411,2.1385,1.8645,1.6545,0.4828,GO_GOAL
33.57,1.8757,1.6529,0.1777,1.4446,2.1393,1.8645,1.6545,0.4856,GO_GOAL
33.59,1.8792,1.6535,0.1777,1.4481,2.1401,1.8822,1.6577,0.4884,GO_GOAL
33.61,1.8828,1.6541,0.1777,1.4516,2.141,1.8822,1.6577,0.4911,GO_GOAL
33.63,1.8863,1.6548,0.1777,1.4551,2.1418,1.8822,1.6577,0.4939,GO_GOAL
33.65,1.8899,1.6554,0.1777,1.4587,2.1426,1.8822,1.6577,0.4967,GO_GOAL
33.67,1.8934,1.6561,0.1777,1.4622,2.1434,1.8822,1.6577,0.4995,GO_GOAL
33.692,1.897,1.6567,0.1777,1.4692,2.145,1.8999,1.6609,0.5023,GO_GOAL
33.71,1.9005,1.6573,0.1777,1.4692,2.145,1.8999,1.6609,0.5051,GO_GOAL
33.73,1.904,1.658,0.1777,1.4727,2.1458,1.8999,1.6609,0.5079,GO_GOAL
33.75,1.9076,1.6586,0.1777,1.4762,2.1467,1.8999,1.6609,0.5108,GO_GOAL
33.77,1.9111,1.6592,0.1777,1.4797,2.1475,1.8999,1.6609,0.5136,GO_GOAL
33.79,1.9147,1.6599,0.1777,1.4832,2.1483,1.9176,1.6641,0.5164,GO_GOAL
33.81,1.9182,1.6605,0.1777,1.4867,2.1491,1.9176,1.6641,0.5192,GO_GOAL
33.83,1.9218,1.6611,0.1777,1.4902,2.1499,1.9176,1.6641,0.5221,GO_GOAL
33.85,1.9253,1.6618,0.1777,1.4937,2.1507,1.9176,1.6641,0.5249,GO_GOAL
33.87,1.9288,1.6624,0.1777,1.4972,2.1515,1.9176,1.6641,0.5278,GO_GOAL
33.89,1.9324,1.6631,0.1777,1.5042,2.1532,1.9389,1.668,0.5306,GO_GOAL
33.91,1.9359,1.6637,0.1777,1.5042,2.1532,1.9389,1.668,0.5335,GO_GOAL
33.93,1.9395,1.6643,0.1777,1.5077,2.154,1.9389,1.668,0.5364,GO_GOAL
33.95,1.943,1.665,0.1777,1.5112,2.1548,1.9389,1.668,0.5392,GO_GOAL
33.97,1.9466,1.6656,0.1777,1.5183,2.1564,1.9389,1.668,0.5421,GO_GOAL
33.99,1.9501,1.6662,0.1777,1.5183,2.1564,1.9531,1.6705,0.545,GO_GOAL
34.01,1.9537,1.6669,0.1777,1.5218,2.1572,1.9531,1.6705,0.5479,GO_GOAL
34.03,1.9572,1.6675,0.1777,1.5253,2.1581,1.9531,1.6705,0.5508,GO_GOAL
34.05,1.9607,1.6681,0.1777,1.5288,2.1589,1.9531,1.6705,0.5537,GO_GOAL
34.07,1.9643,1.6688,0.1777,1.5323,2.1597,1.9531,1.6705,0.5566,GO_GOAL
34.09,1.9678,1.6694,0.1777,1.5358,2.1605,1.9708,1.6737,0.5595,GO_GOAL
34.11,1.9714,1.6701,0.1777,1.5393,2.1613,1.9708,1.6737,0.5624,GO_GOAL
34.128,1.9749,1.6707,0.1777,1.5428,2.1621,1.9708,1.6737,0.5653,GO_GOAL
34.15,1.9785,1.6713,0.1777,1.5463,2.163,1.9708,1.6737,0.5683,GO_GOAL
34.17,1.982,1.672,0.1777,1.5533,2.1646,1.9708,1.6737,0.5712,GO_GOAL
34.19,1.9855,1.6726,0.1777,1.5533,2.1646,1.992,1.6776,0.5741,GO_GOAL
34.21,1.9891,1.6732,0.1777,1.5568,2.1654,1.992,1.6776,0.5771,GO_GOAL
34.23,1.9926,1.6739,0.1777,1.5638,2.167,1.992,1.6776,0.58,GO_GOAL
34.25,1.9962,1.6745,0.1777,1.5638,2.167,1.992,1.6776,0.583,GO_GOAL
34.27,1.9997,1.6751,0.1777,1.5674,2.1678,1.992,1.6776,0.5859,GO_GOAL
34.29,2.0033,1.6758,0.1777,1.5709,2.1687,2.0062,1.6802,0.5889,GO_GOAL
34.31,2.0068,1.6764,0.1777,1.5744,2.1695,2.0062,1.6802,0.5918,GO_GOAL
34.33,2.0103,1.6771,0.1777,1.5779,2.1703,2.0062,1.6802,0.5948,GO_GOAL
34.35,2.0139,1.6777,0.1777,1.5814,2.1711,2.0062,1.6802,0.5978,GO_GOAL
34.37,2.0174,1.6783,0.1777,1.5849,2.1719,2.0062,1.6802,0.6007,GO_GOAL
34.39,2.021,1.679,0.1777,1.5919,2.1735,2.0239,1.6834,0.6037,GO_GOAL
34.41,2.0245,1.6796,0.1777,1.5919,2.1735,2.0239,1.6834,0.6067,GO_GOAL
34.43,2.0281,1.6802,0.1777,1.5954,2.1744,2.0239,1.6834,0.6097,GO_GOAL
34.45,2.0316,1.6809,0.1777,1.5989,2.1752,2.0239,1.6834,0.6127,GO_GOAL
34.47,2.0351,1.6815,0.1777,1.6024,2.176,2.0239,1.6834,0.6157,GO_GOAL
34.49,2.0387,1.6821,0.1777,1.6059,2.1768,2.0416,1.6866,0.6187,GO_GOAL
34.51,2.0422,1.6828,0.1777,1.6094,2.1776,2.0416,1.6866,0.6217,GO_GOAL
34.53,2.0458,1.6834,0.1777,1.6129,2.1784,2.0416,1.6866,0.6247,GO_GOAL
34.55,2.0493,1.6841,0.1777,1.62,2.1801,2.0416,1.6866,0.6277,GO_GOAL
34.574,2.0529,1.6847,0.1777,1.6235,2.1809,2.0416,1.6866,0.6307,GO_GOAL
34.59,2.0564,1.6853,0.1777,1.6235,2.1809,2.0593,1.6898,0.6337,GO_GOAL
34.61,2.06,1.686,0.1777,1.627,2.1817,2.0593,1.6898,0.6367,GO_GOAL
34.63,2.0635,1.6866,0.1777,1.634,2.1833,2.0593,1.6898,0.6398,GO_GOAL
34.65,2.067,1.6872,0.1777,1.634,2.1833,2.0593,1.6898,0.6428,GO_GOAL
34.67,2.0706,1.6879,0.1777,1.6375,2.1841,2.0593,1.6898,0.6458,GO_GOAL
34.69,2.0741,1.6885,0.1777,1.641,2.185,2.0806,1.6936,0.6489,GO_GOAL
34.71,2.0777,1.6892,0.1777,1.6445,2.1858,2.0806,1.6936,0.6519,GO_GOAL
34.73,2.0812,1.6898,0.1777,1.6515,2.1874,2.0806,1.6936,0.6549,GO_GOAL
34.75,2.0848,1.6904,0.1777,1.6515,2.1874,2.0806,1.6936,0.658,GO_GOAL
34.77,2.0883,1.6911,0.1777,1.655,2.1882,2.0806,1.6936,0.661,GO_GOAL
34.79,2.0918,1.6917,0.1777,1.6585,2.189,2.0948,1.6962,0.6641,GO_GOAL
34.81,2.0954,1.6923,0.1777,1.662,2.1898,2.0948,1.6962,0.6672,GO_GOAL
34.83,2.0989,1.693,0.1777,1.669,2.1915,2.0948,1.6962,0.6702,GO_GOAL
34.85,2.1025,1.6936,0.1777,1.669,2.1915,2.0948,1.6962,0.6733,GO_GOAL
34.87,2.106,1.6942,0.1777,1.6726,2.1923,2.0948,1.6962,0.6764,GO_GOAL
34.89,2.1096,1.6949,0.1777,1.6796,2.1939,2.1125,1.6994,0.6794,GO_GOAL
34.91,2.1131,1.6955,0.1777,1.6796,2.1939,2.1125,1.6994,0.6825,GO_GOAL
34.93,2.1166,1.6962,0.1777,1.6831,2.1947,2.1125,1.6994,0.6856,GO_GOAL
34.95,2.1202,1.6968,0.1777,1.6866,2.1956,2.1125,1.6994,0.6887,GO_GOAL
34.97,2.1237,1.6974,0.1777,1.6901,2.1964,2.1125,1.6994,0.6917,GO_GOAL
34.99,2.1273,1.6981,0.1777,1.6936,2.1972,2.1302,1.7026,0.6948,GO_GOAL
35.01,2.1308,1.6987,0.1777,1.6971,2.198,2.1302,1.7026,0.697,GO_GOAL
35.03,2.1344,1.6993,0.1777,1.7006,2.1988,2.1302,1.7026,0.6963,GO_GOAL
35.05,2.1379,1.7,0.1777,1.7041,2.1996,2.1302,1.7026,0.6957,GO_GOAL
35.07,2.1414,1.7006,0.1777,1.7076,2.2004,2.1302,1.7026,0.695,GO_GOAL
35.09,2.145,1.7012,0.1777,1.7111,2.2013,2.1479,1.7058,0.6944,GO_GOAL
35.11,2.1485,1.7019,0.1777,1.7146,2.2021,2.1479,1.7058,0.6938,GO_GOAL
35.13,2.1521,1.7025,0.1777,1.7181,2.2029,2.1479,1.7058,0.6931,GO_GOAL
35.15,2.1556,1.7032,0.1777,1.7216,2.2037,2.1479,1.7058,0.6925,GO_GOAL
35.17,2.1592,1.7038,0.1777,1.7287,2.2053,2.1656,1.709,0.6919,GO_GOAL
35.19,2.1627,1.7044,0.1777,1.7287,2.2053,2.1656,1.709,0.6912,GO_GOAL
35.21,2.1662,1.7051,0.1777,1.7322,2.2061,2.1656,1.709,0.6906,GO_GOAL
35.23,2.1698,1.7057,0.1777,1.7357,2.207,2.1656,1.709,0.69,GO_GOAL
35.25,2.1733,1.7063,0.1777,1.7392,2.2078,2.1656,1.709,0.6893,GO_GOAL
35.27,2.1769,1.707,0.1777,1.7427,2.2086,2.1656,1.709,0.6887,GO_GOAL
35.292,2.1804,1.7076,0.1777,1.7462,2.2094,2.1833,1.7122,0.688,GO_GOAL
35.31,2.184,1.7082,0.1777,1.7532,2.211,2.1833,1.7122,0.6874,GO_GOAL
35.33,2.1875,1.7089,0.1777,1.7532,2.211,2.1833,1.7122,0.6868,GO_GOAL
35.35,2.1911,1.7095,0.1777,1.7567,2.2118,2.1833,1.7122,0.6861,GO_GOAL
35.37,2.1946,1.7102,0.1777,1.7637,2.2135,2.1833,1.7122,0.6855,GO_GOAL
35.39,2.1981,1.7108,0.1777,1.7637,2.2135,2.2046,1.7161,0.6849,GO_GOAL
35.41,2.2017,1.7114,0.1777,1.7672,2.2143,2.2046,1.7161,0.6842,GO_GOAL
35.43,2.2052,1.7121,0.1777,1.7707,2.2151,2.2046,1.7161,0.6836,GO_GOAL
35.45,2.2088,1.7127,0.1777,1.7742,2.2159,2.2046,1.7161,0.683,GO_GOAL
35.47,2.2123,1.7133,0.1777,1.7777,2.2167,2.2046,1.7161,0.6823,GO_GOAL
35.49,2.2159,1.714,0.1777,1.7848,2.2184,2.2223,1.7193,0.6817,GO_GOAL
35.51,2.2194,1.7146,0.1777,1.7848,2.2184,2.2223,1.7193,0.681,GO_GOAL
35.53,2.2229,1.7152,0.1777,1.7883,2.2192,2.2223,1.7193,0.6804,GO_GOAL
35.55,2.2265,1.7159,0.1777,1.7918,2.22,2.2223,1.7193,0.6798,GO_GOAL
35.568,2.23,1.7165,0.1777,1.7953,2.2208,2.2223,1.7193,0.6791,GO_GOAL
35.59,2.2336,1.7172,0.1777,1.7988,2.2216,2.24,1.7225,0.6785,GO_GOAL
35.61,2.2371,1.7178,0.1777,1.8058,2.2233,2.24,1.7225,0.6779,GO_GOAL
35.63,2.2407,1.7184,0.1777,1.8058,2.2233,2.24,1.7225,0.6772,GO_GOAL
35.65,2.2442,1.7191,0.1777,1.8128,2.2249,2.24,1.7225,0.6766,GO_GOAL
35.67,2.2477,1.7197,0.1777,1.8128,2.2249,2.24,1.7225,0.676,GO_GOAL
35.69,2.2513,1.7203,0.1777,1.8163,2.2257,2.2542,1.7251,0.6753,GO_GOAL
35.71,2.2548,1.721,0.1777,1.8198,2.2265,2.2542,1.7251,0.6747,GO_GOAL
35.73,2.2584,1.7216,0.1777,1.8233,2.2273,2.2542,1.7251,0.674,GO_GOAL
35.75,2.2619,1.7223,0.1777,1.8268,2.2281,2.2542,1.7251,0.6734,GO_GOAL
35.77,2.2655,1.7229,0.1777,1.8303,2.229,2.2542,1.7251,0.6728,GO_GOAL
35.79,2.269,1.7235,0.1777,1.8339,2.2298,2.2719,1.7283,0.6721,GO_GOAL
35.81,2.2725,1.7242,0.1777,1.8374,2.2306,2.2719,1.7283,0.6715,GO_GOAL
35.83,2.2761,1.7248,0.1777,1.8409,2.2314,2.2719,1.7283,0.6709,GO_GOAL
35.85,2.2796,1.7254,0.1777,1.8444,2.2322,2.2719,1.7283,0.6702,GO_GOAL
35.87,2.2832,1.7261,0.1777,1.8479,2.233,2.2719,1.7283,0.6696,GO_GOAL
35.89,2.2867,1.7267,0.1777,1.8549,2.2347,2.2931,1.7321,0.6689,GO_GOAL
35.91,2.2903,1.7273,0.1777,1.8549,2.2347,2.2931,1.7321,0.6683,GO_GOAL
35.928,2.2938,1.728,0.1777,1.8584,2.2355,2.2931,1.7321,0.6677,GO_GOAL
35.95,2.2973,1.7286,0.1777,1.8654,2.2371,2.2931,1.7321,0.667,GO_GOAL
35.97,2.3009,1.7293,0.1777,1.8654,2.2371,2.2931,1.7321,0.6664,GO_GOAL
35.99,2.3044,1.7299,0.1777,1.8689,2.2379,2.3073,1.7347,0.6658,GO_GOAL
36.01,2.308,1.7305,0.1777,1.8724,2.2387,2.3073,1.7347,0.6651,GO_GOAL
36.03,2.3115,1.7312,0.1777,1.8794,2.2404,2.3073,1.7347,0.6645,GO_GOAL
36.05,2.3151,1.7318,0.1777,1.8794,2.2404,2.3073,1.7347,0.6639,GO_GOAL
36.07,2.3186,1.7324,0.1777,1.8829,2.2412,2.3073,1.7347,0.6632,GO_GOAL
36.088,2.3222,1.7331,0.1777,1.8864,2.242,2.325,1.7379,0.6626,GO_GOAL
36.11,2.3257,1.7337,0.1777,1.89,2.2428,2.325,1.7379,0.6619,GO_GOAL
36.13,2.3292,1.7343,0.1777,1.8935,2.2436,2.325,1.7379,0.6613,GO_GOAL
36.15,2.3328,1.735,0.1777,1.897,2.2444,2.325,1.7379,0.6607,GO_GOAL
36.17,2.3363,1.7356,0.1777,1.9005,2.2453,2.325,1.7379,0.66,GO_GOAL
36.19,2.3399,1.7363,0.1777,1.904,2.2461,2.3427,1.7411,0.6594,GO_GOAL
36.21,2.3434,1.7369,0.1777,1.9075,2.2469,2.3427,1.7411,0.6588,GO_GOAL
36.23,2.347,1.7375,0.1777,1.911,2.2477,2.3427,1.7411,0.6581,GO_GOAL
36.25,2.3505,1.7382,0.1777,1.9145,2.2485,2.3427,1.7411,0.6575,GO_GOAL
36.27,2.354,1.7388,0.1777,1.918,2.2493,2.3427,1.7411,0.6569,GO_GOAL
36.29,2.3576,1.7394,0.1777,1.9215,2.2502,2.3604,1.7443,0.6562,GO_GOAL
36.31,2.3611,1.7401,0.1777,1.9285,2.2518,2.3604,1.7443,0.6556,GO_GOAL
36.33,2.3647,1.7407,0.1777,1.9285,2.2518,2.3604,1.7443,0.6549,GO_GOAL
36.35,2.3682,1.7413,0.1777,1.932,2.2526,2.3604,1.7443,0.6543,GO_GOAL
36.37,2.3718,1.742,0.1777,1.9355,2.2534,2.3604,1.7443,0.6537,GO_GOAL
36.39,2.3753,1.7426,0.1777,1.939,2.2542,2.3782,1.7475,0.653,GO_GOAL
36.41,2.3788,1.7433,0.1777,1.9426,2.255,2.3782,1.7475,0.6524,GO_GOAL
36.43,2.3824,1.7439,0.1777,1.9461,2.2559,2.3782,1.7475,0.6518,GO_GOAL
36.45,2.3859,1.7445,0.1777,1.9496,2.2567,2.3782,1.7475,0.6511,GO_GOAL
36.47,2.3895,1.7452,0.1777,1.9531,2.2575,2.3782,1.7475,0.6505,GO_GOAL
36.49,2.393,1.7458,0.1777,1.9566,2.2583,2.3959,1.7507,0.6499,GO_GOAL
36.51,2.3966,1.7464,0.1777,1.9601,2.2591,2.3959,1.7507,0.6492,GO_GOAL
36.53,2.4001,1.7471,0.1777,1.9636,2.2599,2.3959,1.7507,0.6486,GO_GOAL
36.55,2.4036,1.7477,0.1777,1.9671,2.2607,2.3959,1.7507,0.6479,GO_GOAL
36.57,2.4072,1.7484,0.1777,1.9706,2.2616,2.3959,1.7507,0.6473,GO_GOAL
36.59,2.4107,1.749,0.1777,1.9776,2.2632,2.4136,1.754,0.6467,GO_GOAL
36.61,2.4143,1.7496,0.1777,1.9811,2.264,2.4136,1.754,0.646,GO_GOAL
36.63,2.4178,1.7503,0.1777,1.9811,2.264,2.4136,1.754,0.6454,GO_GOAL
36.65,2.4214,1.7509,0.1777,1.9846,2.2648,2.4136,1.754,0.6448,GO_GOAL
36.67,2.4249,1.7515,0.1777,1.9881,2.2656,2.4136,1.754,0.6441,GO_GOAL
36.69,2.4285,1.7522,0.1777,1.9952,2.2673,2.4313,1.7572,0.6435,GO_GOAL
36.71,2.432,1.7528,0.1777,1.9952,2.2673,2.4313,1.7572,0.6429,GO_GOAL
36.73,2.4355,1.7534,0.1777,1.9987,2.2681,2.4313,1.7572,0.6422,GO_GOAL
36.75,2.4391,1.7541,0.1777,2.0022,2.2689,2.4313,1.7572,0.6416,GO_GOAL
36.768,2.4426,1.7547,0.1777,2.0057,2.2697,2.4313,1.7572,0.6409,GO_GOAL
36.79,2.4463,1.7554,0.1776,2.0092,2.2705,2.4525,1.761,0.6403,GO_GOAL
36.81,2.45,1.7561,0.177,2.0127,2.2713,2.4525,1.761,0.6396,GO_GOAL
36.83,2.4538,1.7567,0.1761,2.0161,2.2721,2.4525,1.761,0.6389,GO_GOAL
36.85,2.4575,1.7574,0.1748,2.0196,2.2729,2.4525,1.761,0.6382,GO_GOAL
36.87,2.4611,1.758,0.173,2.0231,2.2737,2.4525,1.761,0.6375,GO_GOAL
36.89,2.4648,1.7587,0.1709,2.0266,2.2744,2.4701,1.7642,0.6368,GO_GOAL
36.91,2.4684,1.7593,0.1684,2.0301,2.2752,2.4701,1.7642,0.6361,GO_GOAL
36.93,2.472,1.7599,0.1656,2.0336,2.2759,2.4701,1.7642,0.6354,GO_GOAL
36.95,2.4756,1.7605,0.1623,2.0371,2.2766,2.4701,1.7642,0.6347,GO_GOAL
36.97,2.4791,1.7611,0.1588,2.0406,2.2773,2.4701,1.7642,0.634,GO_GOAL
36.99,2.4827,1.7616,0.1553,2.0476,2.2787,2.4842,1.7666,0.6333,GO_GOAL
37.01,2.4862,1.7622,0.1518,2.0476,2.2787,2.4842,1.7666,0.6327,GO_GOAL
37.03,2.4898,1.7627,0.1483,2.0511,2.2794,2.4842,1.7666,0.632,GO_GOAL
37.05,2.4934,1.7632,0.1449,2.0546,2.28,2.4842,1.7666,0.6314,GO_GOAL
37.07,2.4969,1.7637,0.1414,2.0582,2.2807,2.4842,1.7666,0.6308,GO_GOAL
37.09,2.5005,1.7642,0.1379,2.0617,2.2813,2.5019,1.7693,0.6302,GO_GOAL
37.11,2.5041,1.7647,0.1344,2.0652,2.2819,2.5019,1.7693,0.6296,GO_GOAL
37.13,2.5077,1.7652,0.1309,2.0687,2.2826,2.5019,1.7693,0.629,GO_GOAL
37.15,2.5112,1.7657,0.1274,2.0722,2.2831,2.5019,1.7693,0.6284,GO_GOAL
37.17,2.5148,1.7661,0.1239,2.0758,2.2837,2.5019,1.7693,0.6278,GO_GOAL
37.19,2.5182,1.7665,0.1206,2.0828,2.2849,2.5196,1.7717,0.6273,GO_GOAL
37.21,2.5216,1.7669,0.1177,2.0828,2.2849,2.5196,1.7717,0.6268,GO_GOAL
37.23,2.525,1.7673,0.1151,2.0864,2.2854,2.5196,1.7717,0.6263,GO_GOAL
37.25,2.5284,1.7677,0.113,2.0899,2.286,2.5196,1.7717,0.6259,GO_GOAL
37.27,2.5319,1.7681,0.1111,2.0935,2.2866,2.5196,1.7717,0.6254,GO_GOAL
37.29,2.5354,1.7685,0.1097,2.0971,2.2872,2.5374,1.7739,0.625,GO_GOAL
37.31,2.5389,1.7689,0.1086,2.1006,2.2877,2.5374,1.7739,0.6246,GO_GOAL
37.33,2.5424,1.7693,0.1079,2.1042,2.2883,2.5374,1.7739,0.6242,GO_GOAL
37.35,2.5459,1.7697,0.1076,2.1113,2.2894,2.5374,1.7739,0.6238,GO_GOAL
37.37,2.5495,1.77,0.1076,2.1113,2.2894,2.5374,1.7739,0.6234,GO_GOAL
37.39,2.5531,1.7704,0.1076,2.1148,2.29,2.5553,1.7759,0.623,GO_GOAL
37.41,2.5567,1.7708,0.1076,2.1184,2.2906,2.5553,1.7759,0.6226,GO_GOAL
37.43,2.5603,1.7712,0.1076,2.1219,2.2911,2.5553,1.7759,0.6222,GO_GOAL
37.45,2.5638,1.7716,0.1076,2.1255,2.2917,2.5553,1.7759,0.6218,GO_GOAL
37.47,2.5674,1.772,0.1076,2.1326,2.2929,2.5732,1.7778,0.6215,GO_GOAL
37.49,2.5709,1.7724,0.1076,2.1326,2.2929,2.5732,1.7778,0.6211,GO_GOAL
37.51,2.5745,1.7727,0.1076,2.1361,2.2934,2.5732,1.7778,0.6207,GO_GOAL
37.53,2.578,1.7731,0.1076,2.1396,2.294,2.5732,1.7778,0.6203,GO_GOAL
37.55,2.5815,1.7735,0.1076,2.1466,2.2951,2.5732,1.7778,0.6199,GO_GOAL
37.57,2.585,1.7739,0.1076,2.1466,2.2951,2.5732,1.7778,0.6196,GO_GOAL
37.59,2.5883,1.7742,0.1076,2.1501,2.2956,2.5908,1.7798,0.6192,GO_GOAL
37.61,2.5916,1.7746,0.1076,2.1534,2.2962,2.5908,1.7798,0.6188,GO_GOAL
37.63,2.5949,1.7749,0.1076,2.1599,2.2972,2.5908,1.7798,0.6185,GO_GOAL
37.65,2.5982,1.7753,0.1076,2.1632,2.2978,2.5908,1.7798,0.6181,GO_GOAL
37.67,2.6015,1.7757,0.1076,2.1632,2.2978,2.5908,1.7798,0.6178,GO_GOAL
37.69,2.6031,1.7757,0.1076,2.1668,2.2983,2.5908,1.7798,0.6177,GO_GOAL
37.71,2.6031,1.7757,0.1076,2.1668,2.2983,2.5908,1.7798,0.6177,GO_GOAL
37.73,2.6031,1.7757,0.1076,2.1668,2.2983,2.6076,1.7816,0.6177,REACHED
37.75,2.6034,1.7757,0.1076,2.1668,2.2983,2.6076,1.7816,0.6177,REACHED
37.77,2.6034,1.7757,0.1076,2.1668,2.2983,2.6076,1.7816,0.6177,REACHED
37.79,2.6034,1.7757,0.1076,2.1668,2.2983,2.6112,1.782,0.6177,REACHED
37.81,2.6034,1.7757,0.1076,2.1668,2.2983,2.6112,1.782,0.6177,REACHED
37.83,2.6034,1.7757,0.1076,2.1668,2.2983,2.6112,1.782,0.6177,REACHED
37.85,2.6034,1.7757,0.1076,2.1668,2.2983,2.6112,1.782,0.6177,REACHED
