t,x,y,yaw,odom_x,odom_y,est_x,est_y,clearance,state
0.02,-2.9027,-1.8168,-0.284,-2.902,-1.817,-2.902,-1.817,0.4566,GO_GOAL
0.04,-2.9027,-1.8168,-0.284,-2.902,-1.817,-2.902,-1.817,0.4566,GO_GOAL
0.06,-2.9028,-1.8168,-0.284,-2.902,-1.817,-2.902,-1.817,0.4565,GO_GOAL
0.08,-2.9029,-1.8167,-0.284,-2.902,-1.817,-2.902,-1.817,0.4564,GO_GOAL
0.1,-2.9029,-1.8167,-0.284,-2.902,-1.817,-2.902,-1.817,0.4563,GO_GOAL
0.12,-2.903,-1.8167,-0.284,-2.902,-1.817,-2.902,-1.817,0.4562,GO_GOAL
0.14,-2.9033,-1.8165,-0.2837,-2.902,-1.817,-2.902,-1.817,0.4559,GO_GOAL
0.16,-2.9041,-1.8158,-0.2828,-2.902,-1.817,-2.902,-1.817,0.4552,GO_GOAL
0.18,-2.9052,-1.8152,-0.2813,-2.902,-1.817,-2.902,-1.817,0.454,GO_GOAL
0.2,-2.9068,-1.8146,-0.2793,-2.902,-1.817,-2.902,-1.817,0.4525,GO_GOAL
0.222,-2.9087,-1.814,-0.2767,-2.902,-1.817,-2.902,-1.817,0.4505,GO_GOAL
0.24,-2.9108,-1.8134,-0.2735,-2.902,-1.817,-2.902,-1.817,0.4484,GO_GOAL
0.26,-2.9129,-1.8128,-0.2698,-2.902,-1.817,-2.902,-1.817,0.4463,GO_GOAL
0.28,-2.9149,-1.8123,-0.2655,-2.902,-1.817,-2.902,-1.817,0.4442,GO_GOAL
0.3,-2.9169,-1.8117,-0.2608,-2.902,-1.817,-2.902,-1.817,0.4422,GO_GOAL
0.32,-2.9188,-1.8112,-0.2555,-2.902,-1.817,-2.902,-1.817,0.4402,GO_GOAL
0.34,-2.9207,-1.8107,-0.2496,-2.902,-1.817,-2.902,-1.817,0.4383,GO_GOAL
0.36,-2.9226,-1.8103,-0.2433,-2.902,-1.817,-2.902,-1.817,0.4363,GO_GOAL
0.38,-2.9245,-1.8098,-0.2364,-2.902,-1.817,-2.902,-1.817,0.4344,GO_GOAL
0.4,-2.9263,-1.8094,-0.229,-2.902,-1.817,-2.902,-1.817,0.4325,GO_GOAL
0.42,-2.9281,-1.809,-0.2211,-2.902,-1.817,-2.902,-1.817,0.4307,GO_GOAL
0.44,-2.9298,-1.8086,-0.2126,-2.902,-1.817,-2.902,-1.817,0.4289,GO_GOAL
0.46,-2.9316,-1.8082,-0.2037,-2.902,-1.817,-2.902,-1.817,0.4271,GO_GOAL
0.48,-2.9333,-1.8079,-0.1943,-2.902,-1.817,-2.902,-1.817,0.4253,GO_GOAL
0.498,-2.9348,-1.8076,-0.1843,-2.902,-1.817,-2.902,-1.817,0.4238,GO_GOAL
0.52,-2.9358,-1.8074,-0.1739,-2.9018,-1.8169,-2.902,-1.817,0.4227,GO_GOAL
0.54,-2.9365,-1.8073,-0.1631,-2.9013,-1.8166,-2.902,-1.817,0.4219,GO_GOAL
0.56,-2.9367,-1.8072,-0.1519,-2.9005,-1.8161,-2.902,-1.817,0.4217,GO_GOAL
0.58,-2.9365,-1.8073,-0.1402,-2.8993,-1.8154,-2.902,-1.817,0.4218,GO_GOAL
0.6,-2.936,-1.8073,-0.128,-2.8979,-1.8144,-2.8989,-1.8175,0.4223,GO_GOAL
0.62,-2.9354,-1.8074,-0.1154,-2.8963,-1.8132,-2.8989,-1.8175,0.4228,GO_GOAL
0.64,-2.9347,-1.8075,-0.1023,-2.8947,-1.812,-2.8989,-1.8175,0.4234,GO_GOAL
0.66,-2.934,-1.8075,-0.0888,-2.8931,-1.8107,-2.8989,-1.8175,0.4241,GO_GOAL
0.68,-2.9333,-1.8076,-0.0749,-2.89,-1.808,-2.8891,-1.8186,0.4248,GO_GOAL
0.7,-2.9323,-1.8077,-0.0605,-2.89,-1.808,-2.8891,-1.8186,0.4258,GO_GOAL
0.72,-2.931,-1.8077,-0.0457,-2.8885,-1.8065,-2.8891,-1.8186,0.427,GO_GOAL
0.74,-2.9298,-1.8077,-0.0306,-2.8869,-1.8048,-2.8891,-1.8186,0.4282,GO_GOAL
0.76,-2.9287,-1.8076,-0.0154,-2.8853,-1.8032,-2.8891,-1.8186,0.4293,GO_GOAL
0.78,-2.9277,-1.8075,-0.0002,-2.8838,-1.8015,-2.8891,-1.8186,0.4303,GO_GOAL
0.8,-2.9266,-1.8074,0.015,-2.8824,-1.7997,-2.8781,-1.8192,0.4314,GO_GOAL
0.82,-2.9256,-1.8073,0.0302,-2.8794,-1.7958,-2.8781,-1.8192,0.4324,GO_GOAL
0.84,-2.9246,-1.8072,0.0455,-2.8794,-1.7958,-2.8781,-1.8192,0.4335,GO_GOAL
0.86,-2.9236,-1.8071,0.0607,-2.8779,-1.7938,-2.8781,-1.8192,0.4345,GO_GOAL
0.88,-2.9226,-1.807,0.0759,-2.8751,-1.7896,-2.8781,-1.8192,0.4355,GO_GOAL
0.9,-2.9216,-1.8069,0.0911,-2.8737,-1.7874,-2.8659,-1.8188,0.4365,GO_GOAL
0.92,-2.9203,-1.8067,0.1062,-2.8737,-1.7874,-2.8659,-1.8188,0.4379,GO_GOAL
0.94,-2.9179,-1.8064,0.1213,-2.871,-1.7826,-2.8659,-1.8188,0.4404,GO_GOAL
0.96,-2.9148,-1.8061,0.1365,-2.871,-1.7826,-2.8659,-1.8188,0.4435,GO_GOAL
0.98,-2.9121,-1.8057,0.1518,-2.8697,-1.7802,-2.8659,-1.8188,0.4463,GO_GOAL
1.0,-2.9095,-1.8052,0.167,-2.8684,-1.7778,-2.8526,-1.8174,0.4489,GO_GOAL
1.02,-2.9067,-1.8047,0.1823,-2.8672,-1.7752,-2.8526,-1.8174,0.4518,GO_GOAL
1.04,-2.9038,-1.8042,0.1976,-2.8659,-1.7725,-2.8526,-1.8174,0.4549,GO_GOAL
1.06,-2.9011,-1.8036,0.2129,-2.8647,-1.7698,-2.8526,-1.8174,0.4576,GO_GOAL
1.08,-2.8983,-1.803,0.2283,-2.8635,-1.7671,-2.8526,-1.8174,0.4606,GO_GOAL
1.1,-2.8953,-1.8023,0.2437,-2.8624,-1.7643,-2.8383,-1.8148,0.4636,GO_GOAL
1.12,-2.8924,-1.8015,0.2589,-2.8602,-1.7585,-2.8383,-1.8148,0.4667,GO_GOAL
1.14,-2.8894,-1.8007,0.2737,-2.8592,-1.7555,-2.8383,-1.8148,0.4698,GO_GOAL
1.16,-2.8865,-1.7999,0.2881,-2.8592,-1.7555,-2.8383,-1.8148,0.4728,GO_GOAL
1.18,-2.8836,-1.799,0.3024,-2.8581,-1.7525,-2.8383,-1.8148,0.4759,GO_GOAL
1.2,-2.8805,-1.798,0.3165,-2.8572,-1.7495,-2.8233,-1.8108,0.4791,GO_GOAL
1.22,-2.8773,-1.7969,0.3301,-2.8562,-1.7464,-2.8233,-1.8108,0.4824,GO_GOAL
1.24,-2.8742,-1.7958,0.3431,-2.8553,-1.7432,-2.8233,-1.8108,0.4857,GO_GOAL
1.26,-2.8711,-1.7947,0.3555,-2.8535,-1.7368,-2.8233,-1.8108,0.4889,GO_GOAL
1.28,-2.8681,-1.7936,0.3674,-2.8527,-1.7336,-2.8233,-1.8108,0.4921,GO_GOAL
1.3,-2.8649,-1.7923,0.3788,-2.8519,-1.7303,-2.8078,-1.8055,0.4953,GO_GOAL
1.32,-2.8617,-1.791,0.3896,-2.8511,-1.7269,-2.8078,-1.8055,0.4987,GO_GOAL
1.34,-2.8585,-1.7897,0.3998,-2.8511,-1.7269,-2.8078,-1.8055,0.502,GO_GOAL
1.36,-2.8553,-1.7883,0.4095,-2.8503,-1.7236,-2.8078,-1.8055,0.5053,GO_GOAL
1.38,-2.8523,-1.787,0.4186,-2.8489,-1.7169,-2.8078,-1.8055,0.5085,GO_GOAL
1.4,-2.8491,-1.7855,0.4272,-2.8489,-1.7169,-2.7921,-1.7991,0.5118,GO_GOAL
1.42,-2.8458,-1.7841,0.4352,-2.8475,-1.71,-2.7921,-1.7991,0.5151,GO_GOAL
1.44,-2.8427,-1.7826,0.4426,-2.8475,-1.71,-2.7921,-1.7991,0.5184,GO_GOAL
1.46,-2.8396,-1.7811,0.4495,-2.8469,-1.7066,-2.7921,-1.7991,0.5216,GO_GOAL
1.48,-2.8365,-1.7796,0.4561,-2.8462,-1.7031,-2.7921,-1.7991,0.5248,GO_GOAL
1.5,-2.8336,-1.7783,0.4626,-2.845,-1.6962,-2.7762,-1.7918,0.5277,GO_GOAL
1.52,-2.8308,-1.777,0.4692,-2.845,-1.6962,-2.7762,-1.7918,0.5306,GO_GOAL
1.54,-2.828,-1.7758,0.4757,-2.8445,-1.6927,-2.7762,-1.7918,0.5335,GO_GOAL
1.56,-2.8252,-1.7745,0.4823,-2.8434,-1.6857,-2.7762,-1.7918,0.5364,GO_GOAL
1.58,-2.8224,-1.7733,0.4888,-2.8434,-1.6857,-2.7762,-1.7918,0.5393,GO_GOAL
1.6,-2.8196,-1.772,0.4954,-2.8428,-1.6822,-2.7605,-1.7838,0.5422,GO_GOAL
1.62,-2.8169,-1.7708,0.5019,-2.8423,-1.6786,-2.7605,-1.7838,0.5451,GO_GOAL
1.64,-2.8141,-1.7695,0.5085,-2.8418,-1.6751,-2.7605,-1.7838,0.5479,GO_GOAL
1.66,-2.811,-1.7678,0.5149,-2.8413,-1.6716,-2.7605,-1.7838,0.5511,GO_GOAL
1.68,-2.808,-1.7661,0.5211,-2.8409,-1.668,-2.7605,-1.7838,0.5543,GO_GOAL
1.7,-2.8047,-1.7642,0.5266,-2.84,-1.6609,-2.7448,-1.7752,0.5576,GO_GOAL
1.72,-2.8015,-1.7623,0.5315,-2.84,-1.6609,-2.7448,-1.7752,0.5609,GO_GOAL
1.74,-2.7983,-1.7604,0.5358,-2.8395,-1.6574,-2.7448,-1.7752,0.5642,GO_GOAL
1.76,-2.7951,-1.7585,0.5396,-2.8391,-1.6538,-2.7448,-1.7752,0.5674,GO_GOAL
1.78,-2.792,-1.7566,0.5427,-2.8387,-1.6502,-2.7448,-1.7752,0.5706,GO_GOAL
1.8,-2.7889,-1.7547,0.5452,-2.8383,-1.6467,-2.7294,-1.7662,0.5738,GO_GOAL
1.82,-2.7858,-1.7528,0.5472,-2.8378,-1.6431,-2.7294,-1.7662,0.5769,GO_GOAL
1.84,-2.7827,-1.751,0.5486,-2.8374,-1.6395,-2.7294,-1.7662,0.58,GO_GOAL
1.86,-2.7796,-1.7491,0.55,-2.837,-1.636,-2.7294,-1.7662,0.5831,GO_GOAL
1.88,-2.7766,-1.7472,0.5513,-2.8363,-1.6288,-2.714,-1.7568,0.5862,GO_GOAL
1.9,-2.7735,-1.7453,0.5524,-2.8359,-1.6252,-2.714,-1.7568,0.5892,GO_GOAL
1.92,-2.7705,-1.7434,0.5533,-2.8355,-1.6217,-2.714,-1.7568,0.5923,GO_GOAL
1.94,-2.7674,-1.7416,0.5542,-2.8355,-1.6217,-2.714,-1.7568,0.5954,GO_GOAL
1.96,-2.7644,-1.7397,0.5552,-2.8351,-1.6181,-2.714,-1.7568,0.5985,GO_GOAL
1.98,-2.7613,-1.7378,0.5561,-2.8347,-1.6145,-2.714,-1.7568,0.6015,GO_GOAL
2.0,-2.7583,-1.7359,0.5568,-2.8344,-1.6109,-2.6987,-1.7474,0.6046,GO_GOAL
2.02,-2.7552,-1.734,0.5575,-2.834,-1.6073,-2.6987,-1.7474,0.6076,GO_GOAL
2.04,-2.7522,-1.7321,0.5583,-2.8336,-1.6038,-2.6987,-1.7474,0.6107,GO_GOAL
2.06,-2.7491,-1.7302,0.559,-2.8329,-1.5966,-2.6987,-1.7474,0.6137,GO_GOAL
2.08,-2.7461,-1.7283,0.5597,-2.8329,-1.5966,-2.6987,-1.7474,0.6168,GO_GOAL
2.1,-2.7431,-1.7264,0.5603,-2.8325,-1.593,-2.6834,-1.7379,0.6198,GO_GOAL
2.12,-2.74,-1.7245,0.5608,-2.8318,-1.5859,-2.6834,-1.7379,0.6229,GO_GOAL
2.14,-2.737,-1.7226,0.5614,-2.8318,-1.5859,-2.6834,-1.7379,0.6259,GO_GOAL
2.16,-2.734,-1.7207,0.562,-2.8315,-1.5823,-2.6834,-1.7379,0.629,GO_GOAL
2.18,-2.7309,-1.7188,0.5625,-2.8311,-1.5787,-2.6834,-1.7379,0.632,GO_GOAL
2.2,-2.7279,-1.717,0.5631,-2.8308,-1.5751,-2.6682,-1.7283,0.635,GO_GOAL
2.22,-2.7249,-1.7152,0.5637,-2.8301,-1.568,-2.6682,-1.7283,0.6381,GO_GOAL
2.24,-2.7219,-1.7134,0.5643,-2.8297,-1.5644,-2.6682,-1.7283,0.6411,GO_GOAL
2.26,-2.7189,-1.7117,0.5649,-2.8294,-1.5608,-2.6682,-1.7283,0.6441,GO_GOAL
2.28,-2.7159,-1.7099,0.5654,-2.8294,-1.5608,-2.6682,-1.7283,0.6471,GO_GOAL
2.3,-2.7129,-1.7081,0.566,-2.829,-1.5572,-2.653,-1.7187,0.6501,GO_GOAL
2.32,-2.7099,-1.7064,0.5666,-2.8287,-1.5536,-2.653,-1.7187,0.6531,GO_GOAL
2.34,-2.7069,-1.7045,0.5671,-2.8283,-1.55,-2.653,-1.7187,0.6561,GO_GOAL
2.36,-2.7039,-1.7026,0.5675,-2.828,-1.5465,-2.653,-1.7187,0.6591,GO_GOAL
2.38,-2.7008,-1.7006,0.5678,-2.8277,-1.5429,-2.653,-1.7187,0.6622,GO_GOAL
2.4,-2.6978,-1.6987,0.5681,-2.8273,-1.5393,-2.6378,-1.709,0.6652,GO_GOAL
2.42,-2.6948,-1.6967,0.5683,-2.827,-1.5357,-2.6378,-1.709,0.6683,GO_GOAL
2.44,-2.6917,-1.6948,0.5685,-2.8267,-1.5321,-2.6378,-1.709,0.6713,GO_GOAL
2.46,-2.6887,-1.6929,0.5688,-2.8263,-1.5285,-2.6378,-1.709,0.6744,GO_GOAL
2.48,-2.6856,-1.6909,0.569,-2.8257,-1.5214,-2.6226,-1.6993,0.6774,GO_GOAL
2.5,-2.6826,-1.689,0.5692,-2.8257,-1.5214,-2.6226,-1.6993,0.6804,GO_GOAL
2.52,-2.6796,-1.687,0.5694,-2.8253,-1.5178,-2.6226,-1.6993,0.6835,GO_GOAL
2.54,-2.6765,-1.6851,0.5695,-2.825,-1.5142,-2.6226,-1.6993,0.6865,GO_GOAL
2.56,-2.6735,-1.6832,0.5697,-2.8247,-1.5106,-2.6226,-1.6993,0.6895,GO_GOAL
2.58,-2.6705,-1.6812,0.5699,-2.8243,-1.507,-2.6226,-1.6993,0.6915,GO_GOAL
2.6,-2.6675,-1.6793,0.57,-2.824,-1.5034,-2.6075,-1.6896,0.6935,GO_GOAL
2.62,-2.6644,-1.6773,0.5702,-2.8237,-1.4999,-2.6075,-1.6896,0.6954,GO_GOAL
2.64,-2.6614,-1.6754,0.5703,-2.823,-1.4927,-2.6075,-1.6896,0.6973,GO_GOAL
2.66,-2.6584,-1.6735,0.5705,-2.823,-1.4927,-2.6075,-1.6896,0.6993,GO_GOAL
2.68,-2.6553,-1.6715,0.5706,-2.8227,-1.4891,-2.6075,-1.6896,0.7012,GO_GOAL
2.7,-2.6523,-1.6696,0.5707,-2.8221,-1.4819,-2.5923,-1.6799,0.7031,GO_GOAL
2.72,-2.6493,-1.6676,0.5708,-2.8217,-1.4783,-2.5923,-1.6799,0.7051,GO_GOAL
2.74,-2.6463,-1.6657,0.5709,-2.8214,-1.4748,-2.5923,-1.6799,0.707,GO_GOAL
2.76,-2.6433,-1.6637,0.571,-2.8214,-1.4748,-2.5923,-1.6799,0.709,GO_GOAL
2.78,-2.6402,-1.6618,0.5711,-2.8211,-1.4712,-2.5923,-1.6799,0.7109,GO_GOAL
2.8,-2.6372,-1.6599,0.5712,-2.8204,-1.464,-2.5741,-1.6682,0.7128,GO_GOAL
2.82,-2.6342,-1.6579,0.5713,-2.8204,-1.464,-2.5741,-1.6682,0.7148,GO_GOAL
2.84,-2.6312,-1.656,0.5714,-2.8201,-1.4604,-2.5741,-1.6682,0.7167,GO_GOAL
2.86,-2.6282,-1.6541,0.5715,-2.8195,-1.4532,-2.5741,-1.6682,0.7186,GO_GOAL
2.88,-2.6252,-1.6522,0.5716,-2.8192,-1.4497,-2.5741,-1.6682,0.7205,GO_GOAL
2.902,-2.6222,-1.6503,0.5717,-2.8192,-1.4497,-2.562,-1.6605,0.7224,GO_GOAL
2.92,-2.6192,-1.6484,0.5717,-2.8188,-1.4461,-2.562,-1.6605,0.7243,GO_GOAL
2.94,-2.6162,-1.6465,0.5718,-2.8185,-1.4425,-2.562,-1.6605,0.7262,GO_GOAL
2.96,-2.6132,-1.6446,0.5719,-2.8179,-1.4353,-2.562,-1.6605,0.7281,GO_GOAL
2.98,-2.6103,-1.6427,0.572,-2.8179,-1.4353,-2.562,-1.6605,0.73,GO_GOAL
3.0,-2.6073,-1.6408,0.5721,-2.8175,-1.4317,-2.5469,-1.6507,0.7319,GO_GOAL
3.02,-2.6042,-1.6388,0.5721,-2.8169,-1.4246,-2.5469,-1.6507,0.7339,GO_GOAL
3.04,-2.6012,-1.6369,0.5722,-2.8169,-1.4246,-2.5469,-1.6507,0.7358,GO_GOAL
3.06,-2.5981,-1.6349,0.5722,-2.8166,-1.421,-2.5469,-1.6507,0.7378,GO_GOAL
3.08,-2.5951,-1.6329,0.5723,-2.8163,-1.4174,-2.5469,-1.6507,0.7397,GO_GOAL
3.1,-2.5921,-1.631,0.5723,-2.8156,-1.4102,-2.5317,-1.641,0.7417,GO_GOAL
3.12,-2.5891,-1.629,0.5724,-2.8153,-1.4066,-2.5317,-1.641,0.7436,GO_GOAL
3.14,-2.586,-1.6271,0.5724,-2.8153,-1.4066,-2.5317,-1.641,0.7456,GO_GOAL
3.16,-2.583,-1.6251,0.5724,-2.815,-1.403,-2.5317,-1.641,0.7475,GO_GOAL
3.18,-2.58,-1.6232,0.5725,-2.8144,-1.3959,-2.5166,-1.6312,0.7495,GO_GOAL
3.2,-2.5769,-1.6212,0.5725,-2.8144,-1.3959,-2.5166,-1.6312,0.7514,GO_GOAL
3.22,-2.5739,-1.6193,0.5725,-2.814,-1.3923,-2.5166,-1.6312,0.7534,GO_GOAL
3.24,-2.5709,-1.6173,0.5726,-2.8137,-1.3887,-2.5166,-1.6312,0.7553,GO_GOAL
3.26,-2.5679,-1.6154,0.5726,-2.8131,-1.3815,-2.5166,-1.6312,0.7573,GO_GOAL
3.28,-2.5648,-1.6134,0.5726,-2.8128,-1.3779,-2.5166,-1.6312,0.7592,GO_GOAL
3.296,-2.5618,-1.6115,0.5727,-2.8128,-1.3779,-2.5015,-1.6215,0.7612,GO_GOAL
3.32,-2.5588,-1.6095,0.5727,-2.8124,-1.3744,-2.5015,-1.6215,0.7631,GO_GOAL
3.34,-2.5558,-1.6076,0.5727,-2.8118,-1.3672,-2.5015,-1.6215,0.7651,GO_GOAL
3.36,-2.5527,-1.6056,0.5727,-2.8118,-1.3672,-2.5015,-1.6215,0.767,GO_GOAL
3.38,-2.5497,-1.6037,0.5728,-2.8115,-1.3636,-2.4864,-1.6117,0.769,GO_GOAL
3.4,-2.5467,-1.6017,0.5728,-2.8112,-1.36,-2.4864,-1.6117,0.7709,GO_GOAL
3.42,-2.5437,-1.5998,0.5728,-2.8109,-1.3564,-2.4864,-1.6117,0.7729,GO_GOAL
3.44,-2.5407,-1.5979,0.5728,-2.8105,-1.3528,-2.4864,-1.6117,0.7748,GO_GOAL
3.46,-2.5377,-1.5959,0.5729,-2.8102,-1.3493,-2.4864,-1.6117,0.7767,GO_GOAL
3.48,-2.5346,-1.594,0.5729,-2.8096,-1.3421,-2.4864,-1.6117,0.7787,GO_GOAL
3.5,-2.5316,-1.592,0.5729,-2.8096,-1.3421,-2.4712,-1.602,0.7806,GO_GOAL
3.52,-2.5287,-1.5901,0.5729,-2.8093,-1.3385,-2.4712,-1.602,0.7825,GO_GOAL
3.54,-2.5257,-1.5882,0.5729,-2.8086,-1.3313,-2.4712,-1.602,0.7845,GO_GOAL
3.56,-2.5227,-1.5863,0.573,-2.8083,-1.3277,-2.4712,-1.602,0.7864,GO_GOAL
3.58,-2.5197,-1.5843,0.573,-2.8083,-1.3277,-2.4712,-1.602,0.7883,GO_GOAL
3.6,-2.5167,-1.5824,0.573,-2.8077,-1.3206,-2.4561,-1.5922,0.7902,GO_GOAL
3.62,-2.5138,-1.5805,0.573,-2.8074,-1.317,-2.4561,-1.5922,0.7921,GO_GOAL
3.64,-2.5107,-1.5786,0.573,-2.8074,-1.317,-2.4561,-1.5922,0.7941,GO_GOAL
3.66,-2.5077,-1.5766,0.573,-2.807,-1.3134,-2.4561,-1.5922,0.796,GO_GOAL
3.68,-2.5047,-1.5746,0.5731,-2.8067,-1.3098,-2.4561,-1.5922,0.798,GO_GOAL
3.7,-2.5016,-1.5727,0.5731,-2.8064,-1.3062,-2.441,-1.5825,0.8,GO_GOAL
3.72,-2.4986,-1.5707,0.5731,-2.8058,-1.299,-2.441,-1.5825,0.8019,GO_GOAL
3.74,-2.4956,-1.5688,0.5731,-2.8055,-1.2955,-2.441,-1.5825,0.8039,GO_GOAL
3.76,-2.4925,-1.5668,0.5731,-2.8051,-1.2919,-2.441,-1.5825,0.8058,GO_GOAL
3.78,-2.4895,-1.5649,0.5731,-2.8051,-1.2919,-2.441,-1.5825,0.8078,GO_GOAL
3.8,-2.4865,-1.5629,0.5731,-2.8048,-1.2883,-2.4258,-1.5727,0.8097,GO_GOAL
3.82,-2.4835,-1.561,0.5731,-2.8042,-1.2811,-2.4258,-1.5727,0.8117,GO_GOAL
3.84,-2.4804,-1.559,0.5731,-2.8042,-1.2811,-2.4258,-1.5727,0.8136,GO_GOAL
3.86,-2.4774,-1.5571,0.5731,-2.8039,-1.2775,-2.4258,-1.5727,0.8156,GO_GOAL
3.88,-2.4744,-1.5551,0.5731,-2.8036,-1.2739,-2.4258,-1.5727,0.8175,GO_GOAL
3.898,-2.4714,-1.5532,0.5731,-2.8032,-1.2704,-2.4107,-1.5629,0.8195,GO_GOAL
3.92,-2.4683,-1.5512,0.5731,-2.8026,-1.2632,-2.4107,-1.5629,0.8214,GO_GOAL
3.94,-2.4653,-1.5493,0.5732,-2.8026,-1.2632,-2.4107,-1.5629,0.8234,GO_GOAL
3.96,-2.4623,-1.5473,0.5732,-2.802,-1.256,-2.4107,-1.5629,0.8253,GO_GOAL
3.98,-2.4593,-1.5454,0.5732,-2.802,-1.256,-2.4107,-1.5629,0.8273,GO_GOAL
4.0,-2.4563,-1.5434,0.5732,-2.8017,-1.2524,-2.3926,-1.5512,0.8292,GO_GOAL
4.02,-2.4532,-1.5415,0.5732,-2.8013,-1.2488,-2.3926,-1.5512,0.8312,GO_GOAL
4.04,-2.4502,-1.5395,0.5732,-2.801,-1.2453,-2.3926,-1.5512,0.8331,GO_GOAL
4.06,-2.4472,-1.5376,0.5732,-2.8007,-1.2417,-2.3926,-1.5512,0.8351,GO_GOAL
4.08,-2.4442,-1.5356,0.5732,-2.8001,-1.2345,-2.3926,-1.5512,0.837,GO_GOAL
4.1,-2.4412,-1.5337,0.5732,-2.8001,-1.2345,-2.3774,-1.5415,0.839,GO_GOAL
4.12,-2.4382,-1.5317,0.5732,-2.7998,-1.2309,-2.3774,-1.5415,0.8383,GO_GOAL
4.14,-2.4352,-1.5298,0.5732,-2.7991,-1.2237,-2.3774,-1.5415,0.8347,GO_GOAL
4.16,-2.4322,-1.5279,0.5732,-2.7991,-1.2237,-2.3774,-1.5415,0.8312,GO_GOAL
4.18,-2.4292,-1.526,0.5732,-2.7988,-1.2202,-2.3774,-1.5415,0.8276,GO_GOAL
4.2,-2.4262,-1.524,0.5732,-2.7985,-1.2166,-2.3623,-1.5317,0.8241,GO_GOAL
4.22,-2.4233,-1.5221,0.5732,-2.7982,-1.213,-2.3623,-1.5317,0.8206,GO_GOAL
4.24,-2.4203,-1.5202,0.5732,-2.7979,-1.2094,-2.3623,-1.5317,0.8171,GO_GOAL
4.26,-2.4173,-1.5182,0.5732,-2.7975,-1.2058,-2.3623,-1.5317,0.8135,GO_GOAL
4.28,-2.4142,-1.5163,0.5732,-2.7972,-1.2022,-2.3623,-1.5317,0.8099,GO_GOAL
4.3,-2.4112,-1.5143,0.5732,-2.7969,-1.1986,-2.3502,-1.5239,0.8063,GO_GOAL
4.32,-2.4082,-1.5124,0.5732,-2.7963,-1.1915,-2.3502,-1.5239,0.8027,GO_GOAL
4.34,-2.4051,-1.5104,0.5732,-2.7963,-1.1915,-2.3502,-1.5239,0.7991,GO_GOAL
4.36,-2.4021,-1.5085,0.5732,-2.7956,-1.1843,-2.3502,-1.5239,0.7955,GO_GOAL
4.38,-2.3991,-1.5065,0.5732,-2.7956,-1.1843,-2.3502,-1.5239,0.792,GO_GOAL
4.4,-2.396,-1.5045,0.5732,-2.795,-1.1771,-2.3351,-1.5141,0.7884,GO_GOAL
4.42,-2.393,-1.5026,0.5732,-2.795,-1.1771,-2.3351,-1.5141,0.7848,GO_GOAL
4.44,-2.39,-1.5006,0.5732,-2.7947,-1.1735,-2.3351,-1.5141,0.7812,GO_GOAL
4.46,-2.387,-1.4987,0.5732,-2.7944,-1.17,-2.3351,-1.5141,0.7776,GO_GOAL
4.48,-2.3839,-1.4967,0.5732,-2.7941,-1.1664,-2.3351,-1.5141,0.774,GO_GOAL
4.5,-2.3809,-1.4948,0.5732,-2.7934,-1.1592,-2.32,-1.5044,0.7705,GO_GOAL
4.52,-2.3779,-1.4928,0.5732,-2.7934,-1.1592,-2.32,-1.5044,0.7669,GO_GOAL
4.54,-2.3749,-1.4909,0.5732,-2.7931,-1.1556,-2.32,-1.5044,0.7633,GO_GOAL
4.56,-2.3718,-1.4889,0.5732,-2.7928,-1.152,-2.32,-1.5044,0.7597,GO_GOAL
4.58,-2.3688,-1.487,0.5732,-2.7922,-1.1448,-2.32,-1.5044,0.7562,GO_GOAL
4.6,-2.3658,-1.485,0.5732,-2.7922,-1.1448,-2.3048,-1.4946,0.7526,GO_GOAL
4.62,-2.3628,-1.4831,0.5732,-2.7919,-1.1413,-2.3048,-1.4946,0.749,GO_GOAL
4.64,-2.3598,-1.4811,0.5732,-2.7915,-1.1377,-2.3048,-1.4946,0.7454,GO_GOAL
4.66,-2.3568,-1.4792,0.5732,-2.7912,-1.1341,-2.3048,-1.4946,0.7419,GO_GOAL
4.68,-2.3537,-1.4772,0.5732,-2.7909,-1.1305,-2.3048,-1.4946,0.7383,GO_GOAL
4.7,-2.3507,-1.4753,0.5732,-2.7906,-1.1269,-2.2897,-1.4849,0.7347,GO_GOAL
4.72,-2.3477,-1.4733,0.5732,-2.7903,-1.1233,-2.2897,-1.4849,0.7312,GO_GOAL
4.74,-2.3447,-1.4714,0.5732,-2.79,-1.1197,-2.2897,-1.4849,0.7276,GO_GOAL
4.76,-2.3417,-1.4695,0.5732,-2.7896,-1.1162,-2.2897,-1.4849,0.7241,GO_GOAL
4.78,-2.3387,-1.4675,0.5732,-2.7893,-1.1126,-2.2897,-1.4849,0.7205,GO_GOAL
4.8,-2.3358,-1.4656,0.5732,-2.7887,-1.1054,-2.2746,-1.4751,0.717,GO_GOAL
4.82,-2.3328,-1.4637,0.5732,-2.7884,-1.1018,-2.2746,-1.4751,0.7135,GO_GOAL
4.84,-2.3298,-1.4618,0.5732,-2.7881,-1.0982,-2.2746,-1.4751,0.71,GO_GOAL
4.86,-2.3268,-1.4599,0.5732,-2.7877,-1.0946,-2.2746,-1.4751,0.7064,GO_GOAL
4.88,-2.3238,-1.4579,0.5732,-2.7877,-1.0946,-2.2746,-1.4751,0.7028,GO_GOAL
4.9,-2.3208,-1.4559,0.5732,-2.7874,-1.0911,-2.2565,-1.4634,0.6993,GO_GOAL
4.92,-2.3177,-1.454,0.5732,-2.7871,-1.0875,-2.2565,-1.4634,0.6957,GO_GOAL
4.94,-2.3147,-1.452,0.5732,-2.7868,-1.0839,-2.2565,-1.4634,0.6921,GO_GOAL
4.96,-2.3117,-1.4501,0.5732,-2.7862,-1.0767,-2.2565,-1.4634,0.6885,GO_GOAL
4.98,-2.3086,-1.4481,0.5732,-2.7862,-1.0767,-2.2565,-1.4634,0.6849,GO_GOAL
5.0,-2.3056,-1.4462,0.5732,-2.7858,-1.0731,-2.2444,-1.4556,0.6813,GO_GOAL
5.02,-2.3026,-1.4442,0.5732,-2.7855,-1.0695,-2.2444,-1.4556,0.6777,GO_GOAL
5.04,-2.2995,-1.4422,0.5732,-2.7852,-1.066,-2.2444,-1.4556,0.6742,GO_GOAL
5.06,-2.2965,-1.4403,0.5732,-2.7849,-1.0624,-2.2444,-1.4556,0.6706,GO_GOAL
5.08,-2.2935,-1.4383,0.5732,-2.7846,-1.0588,-2.2444,-1.4556,0.667,GO_GOAL
5.1,-2.2905,-1.4364,0.5732,-2.7843,-1.0552,-2.2292,-1.4458,0.6634,GO_GOAL
5.12,-2.2874,-1.4344,0.5732,-2.7836,-1.048,-2.2292,-1.4458,0.6599,GO_GOAL
5.14,-2.2844,-1.4325,0.5732,-2.7836,-1.048,-2.2292,-1.4458,0.6563,GO_GOAL
5.16,-2.2814,-1.4305,0.5732,-2.7833,-1.0444,-2.2292,-1.4458,0.6527,GO_GOAL
5.18,-2.2784,-1.4286,0.5732,-2.783,-1.0409,-2.2292,-1.4458,0.6491,GO_GOAL
5.2,-2.2754,-1.4266,0.5732,-2.7827,-1.0373,-2.2141,-1.4361,0.6456,GO_GOAL
5.22,-2.2723,-1.4247,0.5732,-2.782,-1.0301,-2.2141,-1.4361,0.642,GO_GOAL
5.24,-2.2693,-1.4227,0.5732,-2.782,-1.0301,-2.2141,-1.4361,0.6384,GO_GOAL
5.26,-2.2663,-1.4208,0.5732,-2.7814,-1.0229,-2.2141,-1.4361,0.6349,GO_GOAL
5.28,-2.2633,-1.4188,0.5732,-2.7814,-1.0229,-2.2141,-1.4361,0.6313,GO_GOAL
5.3,-2.2603,-1.4169,0.5732,-2.7808,-1.0157,-2.199,-1.4263,0.6277,GO_GOAL
5.32,-2.2573,-1.415,0.5732,-2.7808,-1.0157,-2.199,-1.4263,0.6242,GO_GOAL
5.34,-2.2543,-1.413,0.5732,-2.7805,-1.0122,-2.199,-1.4263,0.6206,GO_GOAL
5.36,-2.2513,-1.4111,0.5732,-2.7801,-1.0086,-2.199,-1.4263,0.6171,GO_GOAL
5.38,-2.2483,-1.4091,0.5732,-2.7798,-1.005,-2.199,-1.4263,0.6135,GO_GOAL
5.4,-2.2453,-1.4072,0.5732,-2.7795,-1.0014,-2.1839,-1.4165,0.61,GO_GOAL
5.42,-2.2423,-1.4053,0.5732,-2.7792,-0.9978,-2.1839,-1.4165,0.6065,GO_GOAL
5.44,-2.2393,-1.4034,0.5732,-2.7789,-0.9942,-2.1839,-1.4165,0.603,GO_GOAL
5.46,-2.2364,-1.4015,0.5732,-2.7786,-0.9906,-2.1839,-1.4165,0.5995,GO_GOAL
5.48,-2.2333,-1.3995,0.5732,-2.7783,-0.9871,-2.1839,-1.4165,0.5959,GO_GOAL
5.5,-2.2303,-1.3975,0.5732,-2.7776,-0.9799,-2.1687,-1.4068,0.5923,GO_GOAL
5.518,-2.2273,-1.3956,0.5732,-2.7776,-0.9799,-2.1687,-1.4068,0.5887,GO_GOAL
5.54,-2.2242,-1.3936,0.5732,-2.7773,-0.9763,-2.1687,-1.4068,0.5852,GO_GOAL
5.56,-2.2212,-1.3917,0.5732,-2.777,-0.9727,-2.1687,-1.4068,0.5816,GO_GOAL
5.58,-2.2182,-1.3897,0.5732,-2.7767,-0.9691,-2.1687,-1.4068,0.578,GO_GOAL
5.6,-2.2151,-1.3878,0.5732,-2.7764,-0.9655,-2.1536,-1.397,0.5744,GO_GOAL
5.62,-2.2121,-1.3858,0.5732,-2.776,-0.962,-2.1536,-1.397,0.5708,GO_GOAL
5.64,-2.2091,-1.3839,0.5732,-2.7757,-0.9584,-2.1536,-1.397,0.5673,GO_GOAL
5.66,-2.2061,-1.3819,0.5732,-2.7754,-0.9548,-2.1536,-1.397,0.5637,GO_GOAL
5.68,-2.203,-1.3799,0.5732,-2.7751,-0.9512,-2.1536,-1.397,0.5601,GO_GOAL
5.7,-2.2,-1.378,0.5732,-2.7748,-0.9476,-2.1385,-1.3873,0.5565,GO_GOAL
5.72,-2.197,-1.376,0.5732,-2.7745,-0.944,-2.1385,-1.3873,0.553,GO_GOAL
5.74,-2.194,-1.3741,0.5732,-2.7741,-0.9404,-2.1385,-1.3873,0.5494,GO_GOAL
5.76,-2.1909,-1.3721,0.5732,-2.7738,-0.9369,-2.1385,-1.3873,0.5458,GO_GOAL
5.78,-2.1879,-1.3702,0.5732,-2.7735,-0.9333,-2.1385,-1.3873,0.5423,GO_GOAL
5.8,-2.1849,-1.3682,0.5732,-2.7729,-0.9261,-2.1234,-1.3775,0.5387,GO_GOAL
5.82,-2.1819,-1.3663,0.5732,-2.7726,-0.9225,-2.1234,-1.3775,0.5352,GO_GOAL
5.84,-2.1789,-1.3643,0.5732,-2.7726,-0.9225,-2.1234,-1.3775,0.5316,GO_GOAL
5.86,-2.1759,-1.3624,0.5732,-2.7722,-0.9189,-2.1234,-1.3775,0.528,GO_GOAL
5.88,-2.1728,-1.3605,0.5732,-2.7716,-0.9118,-2.1234,-1.3775,0.5245,GO_GOAL
5.9,-2.1698,-1.3585,0.5732,-2.7716,-0.9118,-2.1082,-1.3677,0.5209,GO_GOAL
5.92,-2.1668,-1.3566,0.5732,-2.7713,-0.9082,-2.1082,-1.3677,0.5174,GO_GOAL
5.94,-2.1638,-1.3546,0.5732,-2.771,-0.9046,-2.1082,-1.3677,0.5138,GO_GOAL
5.96,-2.1608,-1.3527,0.5732,-2.7707,-0.901,-2.1082,-1.3677,0.5103,GO_GOAL
5.98,-2.1578,-1.3508,0.5732,-2.7703,-0.8974,-2.1082,-1.3677,0.5068,GO_GOAL
6.0,-2.1548,-1.3488,0.5732,-2.77,-0.8938,-2.0931,-1.358,0.5032,GO_GOAL
6.02,-2.1519,-1.3469,0.5732,-2.7697,-0.8902,-2.0931,-1.358,0.4997,GO_GOAL
6.04,-2.1489,-1.345,0.5732,-2.7694,-0.8867,-2.0931,-1.358,0.4962,GO_GOAL
6.06,-2.1459,-1.3431,0.5732,-2.7691,-0.8831,-2.0931,-1.358,0.4927,GO_GOAL
6.08,-2.1429,-1.3411,0.5732,-2.7688,-0.8795,-2.0931,-1.358,0.4891,GO_GOAL
6.1,-2.1398,-1.3391,0.5732,-2.7681,-0.8723,-2.078,-1.3482,0.4855,GO_GOAL
6.12,-2.1368,-1.3372,0.5732,-2.7681,-0.8723,-2.078,-1.3482,0.482,GO_GOAL
6.14,-2.1338,-1.3352,0.5732,-2.7678,-0.8687,-2.078,-1.3482,0.4784,GO_GOAL
6.16,-2.1307,-1.3333,0.5732,-2.7675,-0.8651,-2.078,-1.3482,0.4748,GO_GOAL
6.18,-2.1277,-1.3313,0.5733,-2.7672,-0.8615,-2.078,-1.3482,0.4712,GO_GOAL
6.2,-2.1247,-1.3294,0.5733,-2.7669,-0.858,-2.0629,-1.3385,0.4677,GO_GOAL
6.22,-2.1216,-1.3274,0.5733,-2.7666,-0.8544,-2.0629,-1.3385,0.4641,GO_GOAL
6.24,-2.1186,-1.3255,0.5733,-2.7662,-0.8508,-2.0629,-1.3385,0.4605,GO_GOAL
6.26,-2.1156,-1.3235,0.5733,-2.7659,-0.8472,-2.0629,-1.3385,0.457,GO_GOAL
6.28,-2.1126,-1.3215,0.5733,-2.7656,-0.8436,-2.0629,-1.3385,0.4534,GO_GOAL
6.3,-2.1095,-1.3196,0.5733,-2.7653,-0.84,-2.0477,-1.3287,0.4499,GO_GOAL
6.32,-2.1065,-1.3176,0.5733,-2.765,-0.8364,-2.0477,-1.3287,0.4463,GO_GOAL
6.34,-2.1035,-1.3157,0.5733,-2.7647,-0.8329,-2.0477,-1.3287,0.4427,GO_GOAL
6.36,-2.1005,-1.3137,0.5733,-2.7643,-0.8293,-2.0477,-1.3287,0.4392,GO_GOAL
6.38,-2.0975,-1.3118,0.5733,-2.7637,-0.8221,-2.0326,-1.3189,0.4356,GO_GOAL
6.4,-2.0944,-1.3098,0.5733,-2.7637,-0.8221,-2.0326,-1.3189,0.4321,GO_GOAL
6.42,-2.0914,-1.3079,0.5733,-2.7634,-0.8185,-2.0326,-1.3189,0.4285,GO_GOAL
6.44,-2.0884,-1.3059,0.5733,-2.7631,-0.8149,-2.0326,-1.3189,0.425,GO_GOAL
6.46,-2.0854,-1.304,0.5733,-2.7628,-0.8113,-2.0326,-1.3189,0.4214,GO_GOAL
6.48,-2.0824,-1.3021,0.5733,-2.7624,-0.8078,-2.0326,-1.3189,0.4179,GO_GOAL
6.5,-2.0794,-1.3001,0.5733,-2.7621,-0.8042,-2.0175,-1.3092,0.4143,GO_GOAL
6.52,-2.0764,-1.2982,0.5733,-2.7618,-0.8006,-2.0175,-1.3092,0.4108,GO_GOAL
6.54,-2.0734,-1.2962,0.5733,-2.7615,-0.797,-2.0175,-1.3092,0.4073,GO_GOAL
6.56,-2.0704,-1.2943,0.5733,-2.7612,-0.7934,-2.0175,-1.3092,0.4038,GO_GOAL
6.58,-2.0674,-1.2924,0.5733,-2.7609,-0.7898,-2.0175,-1.3092,0.4002,GO_GOAL
6.6,-2.0644,-1.2905,0.5733,-2.7602,-0.7827,-2.0024,-1.2994,0.3968,GO_GOAL
6.62,-2.0615,-1.2886,0.5733,-2.7602,-0.7827,-2.0024,-1.2994,0.3933,GO_GOAL
6.64,-2.0585,-1.2867,0.5733,-2.7596,-0.7758,-2.0024,-1.2994,0.3898,GO_GOAL
6.66,-2.0556,-1.2848,0.5733,-2.7596,-0.7758,-2.0024,-1.2994,0.3863,GO_GOAL
6.68,-2.0526,-1.2829,0.5733,-2.7593,-0.7723,-2.0024,-1.2994,0.3829,GO_GOAL
6.7,-2.0497,-1.281,0.5733,-2.7587,-0.7653,-1.9876,-1.2899,0.3794,GO_GOAL
6.72,-2.0467,-1.2791,0.5733,-2.7587,-0.7653,-1.9876,-1.2899,0.376,GO_GOAL
6.74,-2.0438,-1.2772,0.5733,-2.7584,-0.7619,-1.9876,-1.2899,0.3725,GO_GOAL
6.76,-2.0409,-1.2753,0.5733,-2.7581,-0.7584,-1.9876,-1.2899,0.369,GO_GOAL
6.78,-2.0379,-1.2734,0.5733,-2.7578,-0.7549,-1.9876,-1.2899,0.3656,GO_GOAL
6.8,-2.0352,-1.2716,0.5733,-2.7575,-0.7514,-1.9729,-1.2804,0.3624,GO_GOAL
6.82,-2.0326,-1.2699,0.5733,-2.7569,-0.7451,-1.9729,-1.2804,0.3593,GO_GOAL
6.84,-2.0299,-1.2682,0.5733,-2.7569,-0.7451,-1.9729,-1.2804,0.3562,GO_GOAL
6.86,-2.0273,-1.2665,0.5733,-2.7566,-0.742,-1.9729,-1.2804,0.3531,GO_GOAL
6.88,-2.0247,-1.2648,0.5733,-2.7564,-0.7388,-1.9729,-1.2804,0.35,GO_GOAL
6.9,-2.022,-1.2631,0.5733,-2.7561,-0.7357,-1.9593,-1.2716,0.3469,GO_GOAL
6.92,-2.0194,-1.2614,0.5733,-2.7555,-0.7294,-1.9593,-1.2716,0.3438,GO_GOAL
6.94,-2.0167,-1.2597,0.5733,-2.7555,-0.7294,-1.9593,-1.2716,0.3407,GO_GOAL
6.96,-2.0141,-1.258,0.5733,-2.755,-0.7231,-1.9593,-1.2716,0.3376,GO_GOAL
6.98,-2.0114,-1.2563,0.5733,-2.755,-0.7231,-1.9593,-1.2716,0.3345,GO_GOAL
7.0,-2.0089,-1.2546,0.5733,-2.7547,-0.72,-1.9435,-1.2614,0.3316,GO_GOAL
7.02,-2.0065,-1.253,0.5733,-2.7544,-0.717,-1.9435,-1.2614,0.3287,GO_GOAL
7.04,-2.004,-1.2514,0.5733,-2.7539,-0.7111,-1.9435,-1.2614,0.3257,GO_GOAL
7.06,-2.0015,-1.2498,0.5733,-2.7537,-0.7082,-1.9435,-1.2614,0.3228,GO_GOAL
7.08,-1.999,-1.2482,0.5733,-2.7537,-0.7082,-1.9435,-1.2614,0.3199,GO_GOAL
7.1,-1.9965,-1.2466,0.5733,-2.7534,-0.7052,-1.9335,-1.255,0.3169,GO_GOAL
7.12,-1.994,-1.245,0.5733,-2.7531,-0.7023,-1.9335,-1.255,0.314,GO_GOAL
7.14,-1.9914,-1.2434,0.5733,-2.7529,-0.6993,-1.9335,-1.255,0.311,GO_GOAL
7.16,-1.989,-1.2417,0.5733,-2.7524,-0.6934,-1.9335,-1.255,0.3081,GO_GOAL
7.18,-1.9865,-1.2401,0.5733,-2.7524,-0.6934,-1.9335,-1.255,0.3052,GO_GOAL
7.2,-1.9842,-1.2387,0.5733,-2.7521,-0.6905,-1.9211,-1.2469,0.3026,GO_GOAL
7.22,-1.982,-1.2373,0.5733,-2.7519,-0.6878,-1.9211,-1.2469,0.3,GO_GOAL
7.24,-1.9799,-1.2359,0.5733,-2.7514,-0.6827,-1.9211,-1.2469,0.2975,GO_GOAL
7.26,-1.9777,-1.2345,0.5733,-2.7514,-0.6827,-1.9211,-1.2469,0.2949,GO_GOAL
7.28,-1.9755,-1.2331,0.5733,-2.751,-0.6775,-1.9211,-1.2469,0.2924,GO_GOAL
7.3,-1.9733,-1.2317,0.5733,-2.7507,-0.675,-1.9098,-1.2397,0.2898,GO_GOAL
7.32,-1.9712,-1.2303,0.5733,-2.7507,-0.675,-1.9098,-1.2397,0.2873,GO_GOAL
7.34,-1.969,-1.2288,0.5733,-2.7505,-0.6724,-1.9098,-1.2397,0.2847,GO_GOAL
7.36,-1.9668,-1.2274,0.5733,-2.7503,-0.6698,-1.9098,-1.2397,0.2822,GO_GOAL
7.38,-1.9646,-1.226,0.5733,-2.7498,-0.6647,-1.899,-1.2327,0.2796,GO_GOAL
7.4,-1.9626,-1.2247,0.5733,-2.7498,-0.6647,-1.899,-1.2327,0.2773,GO_GOAL
7.42,-1.9606,-1.2235,0.5733,-2.7496,-0.6623,-1.899,-1.2327,0.2749,GO_GOAL
7.44,-1.9586,-1.2222,0.5733,-2.7494,-0.6599,-1.899,-1.2327,0.2726,GO_GOAL
7.46,-1.9566,-1.2209,0.5733,-2.7492,-0.6575,-1.899,-1.2327,0.2703,GO_GOAL
7.48,-1.9546,-1.2196,0.5733,-2.749,-0.6552,-1.899,-1.2327,0.2679,GO_GOAL
7.5,-1.9526,-1.2183,0.5733,-2.7488,-0.6528,-1.8888,-1.2261,0.2656,GO_GOAL
7.52,-1.9506,-1.217,0.5733,-2.7486,-0.6504,-1.8888,-1.2261,0.2633,GO_GOAL
7.54,-1.9487,-1.2157,0.5733,-2.7481,-0.6457,-1.8888,-1.2261,0.2609,GO_GOAL
7.56,-1.9467,-1.2144,0.5733,-2.7481,-0.6457,-1.8888,-1.2261,0.2586,GO_GOAL
7.58,-1.9447,-1.2132,0.5733,-2.7479,-0.6433,-1.8888,-1.2261,0.2563,GO_GOAL
7.6,-1.9427,-1.2119,0.573,-2.7477,-0.6409,-1.8888,-1.2261,0.2539,GO_GOAL
7.62,-1.9406,-1.2106,0.5723,-2.7476,-0.6393,-1.8888,-1.2261,0.2516,GO_GOAL
7.64,-1.9386,-1.2093,0.5717,-2.7474,-0.6376,-1.8788,-1.2197,0.2492,FOLLOW
7.66,-1.9366,-1.208,0.571,-2.7472,-0.636,-1.8788,-1.2197,0.2469,FOLLOW
7.68,-1.9346,-1.2067,0.5704,-2.747,-0.6344,-1.8788,-1.2197,0.2445,FOLLOW
7.7,-1.9325,-1.2054,0.5697,-2.7468,-0.6328,-1.8713,-1.2148,0.2422,FOLLOW
7.72,-1.9305,-1.2041,0.5691,-2.7466,-0.6312,-1.8713,-1.2148,0.2398,FOLLOW
7.74,-1.9288,-1.203,0.5681,-2.7463,-0.6296,-1.8713,-1.2148,0.2378,FOLLOW
7.76,-1.9268,-1.2018,0.5665,-2.7461,-0.6279,-1.8713,-1.2148,0.2356,FOLLOW
7.78,-1.9249,-1.2006,0.5644,-2.7458,-0.6263,-1.8713,-1.2148,0.2334,FOLLOW
7.8,-1.9233,-1.1996,0.5622,-2.7455,-0.6247,-1.8644,-1.2104,0.2315,FOLLOW_TURN
7.82,-1.9221,-1.1991,0.5606,-2.7455,-0.6246,-1.8644,-1.2104,0.2302,FOLLOW_TURN
7.84,-1.9213,-1.1989,0.5597,-2.7455,-0.6246,-1.8644,-1.2104,0.2294,FOLLOW_TURN
7.86,-1.921,-1.1993,0.5595,-2.7455,-0.6246,-1.8644,-1.2104,0.2293,FOLLOW_TURN
7.88,-1.9212,-1.2,0.56,-2.7455,-0.6246,-1.8644,-1.2104,0.2297,FOLLOW_TURN
7.9,-1.9218,-1.201,0.561,-2.7455,-0.6246,-1.8629,-1.2095,0.2306,FOLLOW_TURN
7.92,-1.9228,-1.2019,0.5628,-2.7455,-0.6246,-1.8629,-1.2095,0.2319,FOLLOW_TURN
7.94,-1.9242,-1.2029,0.5652,-2.7455,-0.6246,-1.8629,-1.2095,0.2335,FOLLOW_TURN
7.96,-1.9256,-1.2038,0.5681,-2.7455,-0.6246,-1.8629,-1.2095,0.2352,FOLLOW_TURN
7.98,-1.9271,-1.2047,0.5717,-2.7455,-0.6246,-1.8629,-1.2095,0.2368,FOLLOW_TURN
8.0,-1.9284,-1.2056,0.5758,-2.7455,-0.6246,-1.8629,-1.2095,0.2384,FOLLOW_TURN
8.02,-1.9297,-1.2064,0.5806,-2.7455,-0.6246,-1.8629,-1.2095,0.2399,FOLLOW_TURN
8.04,-1.931,-1.2073,0.5859,-2.7455,-0.6246,-1.8629,-1.2095,0.2414,FOLLOW_TURN
8.06,-1.9323,-1.2081,0.5919,-2.7455,-0.6246,-1.8629,-1.2095,0.2428,FOLLOW_TURN
8.08,-1.9335,-1.2089,0.5984,-2.7455,-0.6246,-1.8629,-1.2095,0.2442,FOLLOW_TURN
8.1,-1.9347,-1.2097,0.6055,-2.7455,-0.6246,-1.8629,-1.2095,0.2455,FOLLOW_TURN
8.12,-1.9358,-1.2105,0.6132,-2.7455,-0.6246,-1.8629,-1.2095,0.2468,FOLLOW_TURN
8.14,-1.9369,-1.2113,0.6215,-2.7455,-0.6246,-1.8629,-1.2095,0.2481,FOLLOW_TURN
8.16,-1.938,-1.2121,0.6304,-2.7455,-0.6246,-1.8629,-1.2095,0.2493,FOLLOW_TURN
8.18,-1.9389,-1.2127,0.6398,-2.7455,-0.6246,-1.8629,-1.2095,0.2503,FOLLOW_TURN
8.2,-1.9396,-1.2132,0.6496,-2.7455,-0.6246,-1.8629,-1.2095,0.2511,FOLLOW_TURN
8.22,-1.9404,-1.2136,0.6594,-2.7455,-0.6246,-1.8629,-1.2095,0.2518,FOLLOW_TURN
8.24,-1.9411,-1.2141,0.6692,-2.7455,-0.6246,-1.8629,-1.2095,0.2526,FOLLOW_TURN
8.26,-1.9418,-1.2145,0.6789,-2.7455,-0.6246,-1.8629,-1.2095,0.2534,FOLLOW_TURN
8.28,-1.9426,-1.215,0.6887,-2.7455,-0.6246,-1.8629,-1.2095,0.2542,FOLLOW_TURN
8.3,-1.9433,-1.2155,0.6985,-2.7455,-0.6246,-1.8629,-1.2095,0.255,FOLLOW_TURN
8.32,-1.9441,-1.216,0.7083,-2.7455,-0.6246,-1.8629,-1.2095,0.2558,FOLLOW_TURN
8.34,-1.9438,-1.2158,0.7185,-2.7455,-0.6246,-1.8629,-1.2095,0.2553,FOLLOW_TURN
8.36,-1.944,-1.2159,0.729,-2.7455,-0.6246,-1.8629,-1.2095,0.2555,FOLLOW_TURN
8.38,-1.9441,-1.216,0.7402,-2.7455,-0.6246,-1.8629,-1.2095,0.2554,FOLLOW_TURN
8.4,-1.9445,-1.2164,0.752,-2.7455,-0.6246,-1.8629,-1.2095,0.2558,FOLLOW_TURN
8.42,-1.9452,-1.2171,0.7645,-2.7455,-0.6246,-1.8629,-1.2095,0.2566,FOLLOW_TURN
8.44,-1.9459,-1.2178,0.7777,-2.7455,-0.6246,-1.8629,-1.2095,0.2574,FOLLOW_TURN
8.46,-1.9466,-1.2185,0.7914,-2.7455,-0.6246,-1.8629,-1.2095,0.2581,FOLLOW_TURN
8.48,-1.9471,-1.2191,0.8058,-2.7455,-0.6246,-1.8629,-1.2095,0.2587,FOLLOW_TURN
8.5,-1.9477,-1.2197,0.8207,-2.7455,-0.6246,-1.8629,-1.2095,0.2593,FOLLOW_TURN
8.52,-1.9483,-1.2203,0.8363,-2.7455,-0.6246,-1.8629,-1.2095,0.2598,FOLLOW_TURN
8.54,-1.9488,-1.2208,0.8525,-2.7455,-0.6246,-1.8629,-1.2095,0.2603,FOLLOW_TURN
8.56,-1.9493,-1.2214,0.8693,-2.7455,-0.6246,-1.8629,-1.2095,0.2607,FOLLOW_TURN
8.58,-1.9497,-1.2219,0.8867,-2.7455,-0.6246,-1.8629,-1.2095,0.2611,FOLLOW_TURN
8.6,-1.9501,-1.2224,0.9047,-2.7455,-0.6246,-1.8629,-1.2095,0.2614,FOLLOW_TURN
8.62,-1.9505,-1.2229,0.9232,-2.7455,-0.6246,-1.8629,-1.2095,0.2616,FOLLOW_TURN
8.64,-1.9508,-1.2234,0.9424,-2.7455,-0.6246,-1.8629,-1.2095,0.2618,FOLLOW_TURN
8.66,-1.9512,-1.2238,0.9621,-2.7455,-0.6246,-1.8629,-1.2095,0.2619,FOLLOW_TURN
8.68,-1.9514,-1.2242,0.9824,-2.7455,-0.6246,-1.8629,-1.2095,0.262,FOLLOW_TURN
8.7,-1.9517,-1.2246,1.0033,-2.7455,-0.6246,-1.8629,-1.2095,0.262,FOLLOW_TURN
8.72,-1.9519,-1.2248,1.0247,-2.7455,-0.6246,-1.8629,-1.2095,0.2619,FOLLOW_TURN
8.74,-1.9522,-1.2251,1.0465,-2.7455,-0.6246,-1.8629,-1.2095,0.2619,FOLLOW_TURN
8.76,-1.9526,-1.2255,1.0683,-2.7455,-0.6246,-1.8629,-1.2095,0.262,FOLLOW_TURN
8.78,-1.953,-1.2258,1.0901,-2.7455,-0.6246,-1.8629,-1.2095,0.2621,FOLLOW_TURN
8.8,-1.9534,-1.2262,1.1118,-2.7455,-0.6246,-1.8629,-1.2095,0.2622,FOLLOW_TURN
8.82,-1.9538,-1.2266,1.1336,-2.7456,-0.6245,-1.8629,-1.2095,0.2623,FOLLOW_TURN
8.84,-1.9543,-1.227,1.1554,-2.7469,-0.6236,-1.8629,-1.2095,0.2624,FOLLOW
8.86,-1.9538,-1.2263,1.1768,-2.7469,-0.6236,-1.8629,-1.2095,0.2612,FOLLOW
8.882,-1.954,-1.2263,1.1976,-2.7481,-0.6229,-1.8616,-1.2066,0.2609,FOLLOW
8.9,-1.9538,-1.226,1.2178,-2.7496,-0.6219,-1.8616,-1.2066,0.2602,FOLLOW
8.92,-1.9534,-1.2254,1.2373,-2.7513,-0.6207,-1.8616,-1.2066,0.2591,FOLLOW
8.94,-1.9526,-1.2244,1.2562,-2.7546,-0.6184,-1.8616,-1.2066,0.2575,FOLLOW
8.96,-1.9515,-1.2231,1.2745,-2.7546,-0.6184,-1.8616,-1.2066,0.2555,FOLLOW
8.98,-1.9503,-1.2214,1.2923,-2.7579,-0.616,-1.8616,-1.2066,0.2534,FOLLOW
9.0,-1.9493,-1.2193,1.3094,-2.7579,-0.616,-1.8583,-1.1972,0.2511,FOLLOW
9.02,-1.9483,-1.2167,1.326,-2.7597,-0.6147,-1.8583,-1.1972,0.2487,FOLLOW
9.04,-1.9473,-1.2137,1.342,-2.7618,-0.6131,-1.8583,-1.1972,0.2462,FOLLOW
9.06,-1.9464,-1.2102,1.3575,-2.7639,-0.6115,-1.8583,-1.1972,0.2436,FOLLOW
9.08,-1.9456,-1.2063,1.3724,-2.7681,-0.6083,-1.8549,-1.1828,0.2409,FOLLOW
9.1,-1.9448,-1.2024,1.3868,-2.7681,-0.6083,-1.8549,-1.1828,0.2382,FOLLOW
9.12,-1.9441,-1.1984,1.4007,-2.7702,-0.6066,-1.8549,-1.1828,0.2357,FOLLOW
9.14,-1.9435,-1.1945,1.4141,-2.7723,-0.605,-1.8549,-1.1828,0.2333,FOLLOW
9.16,-1.9429,-1.1907,1.4271,-2.7744,-0.6033,-1.8549,-1.1828,0.2309,FOLLOW
9.18,-1.9424,-1.1869,1.4396,-2.7765,-0.6017,-1.8549,-1.1828,0.2287,FOLLOW
9.2,-1.9419,-1.1836,1.452,-2.7786,-0.6,-1.8531,-1.1723,0.2267,FOLLOW
9.22,-1.9414,-1.1803,1.4644,-2.7807,-0.5982,-1.8531,-1.1723,0.2247,FOLLOW
9.24,-1.9409,-1.177,1.4768,-2.7832,-0.5962,-1.8531,-1.1723,0.2227,FOLLOW
9.26,-1.9405,-1.1738,1.4892,-2.7882,-0.5921,-1.8531,-1.1723,0.2207,FOLLOW
9.28,-1.94,-1.1702,1.5016,-2.7882,-0.5921,-1.8531,-1.1723,0.2187,FOLLOW
9.3,-1.9399,-1.1672,1.5136,-2.7907,-0.5901,-1.8515,-1.1573,0.2171,FOLLOW
9.32,-1.9396,-1.1639,1.5252,-2.7932,-0.588,-1.8515,-1.1573,0.2155,FOLLOW
9.34,-1.9395,-1.1603,1.5362,-2.7956,-0.586,-1.8515,-1.1573,0.2137,FOLLOW
9.36,-1.9394,-1.1562,1.5467,-2.7981,-0.5839,-1.8515,-1.1573,0.212,FOLLOW
9.38,-1.9393,-1.1521,1.5568,-2.8006,-0.5818,-1.8515,-1.1573,0.2103,FOLLOW
9.4,-1.9392,-1.148,1.5664,-2.8057,-0.5775,-1.8507,-1.1411,0.2086,FOLLOW
9.42,-1.9392,-1.1438,1.5756,-2.8057,-0.5775,-1.8507,-1.1411,0.207,FOLLOW
9.44,-1.9393,-1.1396,1.5843,-2.8111,-0.5729,-1.8507,-1.1411,0.2055,FOLLOW
9.46,-1.9394,-1.1355,1.5927,-2.8111,-0.5729,-1.8507,-1.1411,0.2041,FOLLOW
9.48,-1.9395,-1.1314,1.6006,-2.8139,-0.5706,-1.8507,-1.1411,0.2027,FOLLOW
9.5,-1.9396,-1.1273,1.608,-2.8194,-0.566,-1.8508,-1.1238,0.2015,FOLLOW
9.52,-1.9398,-1.1232,1.615,-2.8194,-0.566,-1.8508,-1.1238,0.2003,FOLLOW
9.54,-1.94,-1.1192,1.6216,-2.8221,-0.5637,-1.8508,-1.1238,0.1991,FOLLOW
9.56,-1.9402,-1.1152,1.6277,-2.8248,-0.5614,-1.8508,-1.1238,0.1981,FOLLOW
9.578,-1.9404,-1.1112,1.6334,-2.8276,-0.5591,-1.8508,-1.1238,0.1971,FOLLOW
9.6,-1.9406,-1.1075,1.6386,-2.8329,-0.5546,-1.8516,-1.1059,0.1962,FOLLOW
9.62,-1.9407,-1.1039,1.6438,-2.8329,-0.5546,-1.8516,-1.1059,0.1952,FOLLOW
9.64,-1.9408,-1.1002,1.6489,-2.8356,-0.5524,-1.8516,-1.1059,0.1943,FOLLOW
9.66,-1.9409,-1.0966,1.6541,-2.8382,-0.5502,-1.8516,-1.1059,0.1934,FOLLOW
9.68,-1.941,-1.093,1.6592,-2.8408,-0.548,-1.8516,-1.1059,0.1925,FOLLOW
9.7,-1.9413,-1.0896,1.6643,-2.8435,-0.5458,-1.8531,-1.0852,0.1918,FOLLOW
9.72,-1.9416,-1.0862,1.6692,-2.8487,-0.5414,-1.8531,-1.0852,0.1913,FOLLOW
9.74,-1.942,-1.0826,1.6737,-2.8487,-0.5414,-1.8531,-1.0852,0.1907,FOLLOW
9.76,-1.9424,-1.079,1.6777,-2.8514,-0.5392,-1.8531,-1.0852,0.1902,FOLLOW
9.78,-1.9428,-1.0754,1.6813,-2.854,-0.537,-1.8531,-1.0852,0.1898,FOLLOW
9.8,-1.9432,-1.0718,1.6843,-2.8567,-0.5348,-1.8545,-1.0715,0.1894,FOLLOW
9.82,-1.9436,-1.0683,1.6869,-2.8593,-0.5326,-1.8545,-1.0715,0.1891,FOLLOW
9.84,-1.944,-1.0647,1.689,-2.862,-0.5304,-1.8545,-1.0715,0.1888,FOLLOW
9.86,-1.9444,-1.0613,1.6907,-2.8673,-0.526,-1.8545,-1.0715,0.1885,FOLLOW
9.88,-1.9448,-1.0578,1.6918,-2.8673,-0.526,-1.8545,-1.0715,0.1883,FOLLOW
9.9,-1.9453,-1.0544,1.6926,-2.8726,-0.5217,-1.8565,-1.0545,0.1882,FOLLOW
9.92,-1.9457,-1.051,1.6934,-2.8726,-0.5217,-1.8565,-1.0545,0.188,FOLLOW
9.94,-1.9461,-1.0476,1.6942,-2.8753,-0.5195,-1.8565,-1.0545,0.1879,FOLLOW
9.96,-1.9465,-1.0442,1.695,-2.8779,-0.5173,-1.8565,-1.0545,0.1878,FOLLOW
9.98,-1.9469,-1.0408,1.6958,-2.8806,-0.5151,-1.8565,-1.0545,0.1878,FOLLOW
10.0,-1.9473,-1.0374,1.6966,-2.8859,-0.5108,-1.8585,-1.0374,0.1876,FOLLOW
10.02,-1.9476,-1.034,1.6974,-2.8859,-0.5108,-1.8585,-1.0374,0.1875,FOLLOW
10.04,-1.948,-1.0306,1.6982,-2.8885,-0.5087,-1.8585,-1.0374,0.1875,FOLLOW
10.06,-1.9483,-1.0272,1.699,-2.8911,-0.5066,-1.8585,-1.0374,0.1874,FOLLOW
10.08,-1.9488,-1.0239,1.7001,-2.8937,-0.5045,-1.8585,-1.0374,0.1875,FOLLOW
10.1,-1.9492,-1.0206,1.7014,-2.8963,-0.5024,-1.8607,-1.0207,0.1875,FOLLOW
10.12,-1.9496,-1.0173,1.7027,-2.8989,-0.5003,-1.8607,-1.0207,0.1876,FOLLOW
10.14,-1.9501,-1.014,1.704,-2.9015,-0.4983,-1.8607,-1.0207,0.1877,FOLLOW
10.16,-1.9505,-1.0107,1.7053,-2.9041,-0.4962,-1.8607,-1.0207,0.1879,FOLLOW
10.18,-1.951,-1.0074,1.7066,-2.9067,-0.4941,-1.8607,-1.0207,0.188,FOLLOW
10.2,-1.9514,-1.004,1.7077,-2.9093,-0.492,-1.8633,-1.0008,0.1882,FOLLOW
10.22,-1.9519,-1.0005,1.7083,-2.912,-0.4899,-1.8633,-1.0008,0.1885,FOLLOW
10.24,-1.9524,-0.9971,1.7089,-2.9147,-0.4877,-1.8633,-1.0008,0.1887,FOLLOW
10.26,-1.9529,-0.9937,1.7095,-2.9175,-0.4856,-1.8633,-1.0008,0.189,FOLLOW
10.28,-1.9533,-0.9902,1.7101,-2.9202,-0.4834,-1.8633,-1.0008,0.1893,FOLLOW
10.3,-1.9538,-0.9868,1.7107,-2.9229,-0.4812,-1.8652,-0.9871,0.1897,FOLLOW
10.32,-1.9543,-0.9833,1.7113,-2.9284,-0.4769,-1.8652,-0.9871,0.19,FOLLOW
10.34,-1.9548,-0.9799,1.7119,-2.9311,-0.4748,-1.8652,-0.9871,0.1904,FOLLOW
10.36,-1.9553,-0.9765,1.7125,-2.9311,-0.4748,-1.8652,-0.9871,0.1908,FOLLOW
10.38,-1.9557,-0.9731,1.7131,-2.9366,-0.4705,-1.8652,-0.9871,0.1912,FOLLOW
10.4,-1.9562,-0.9697,1.7137,-2.9366,-0.4705,-1.8676,-0.9698,0.1916,FOLLOW
10.42,-1.9567,-0.9663,1.7144,-2.9393,-0.4684,-1.8676,-0.9698,0.1921,FOLLOW
10.44,-1.9572,-0.963,1.7155,-2.9446,-0.4642,-1.8676,-0.9698,0.1926,FOLLOW
10.46,-1.9576,-0.9596,1.7165,-2.9446,-0.4642,-1.8676,-0.9698,0.1931,FOLLOW
10.48,-1.9581,-0.9563,1.7176,-2.9473,-0.4622,-1.8676,-0.9698,0.1936,FOLLOW
10.5,-1.9586,-0.9529,1.7186,-2.95,-0.4601,-1.8701,-0.953,0.1941,FOLLOW
10.52,-1.9591,-0.9496,1.7197,-2.9527,-0.458,-1.8701,-0.953,0.1947,FOLLOW
10.54,-1.9596,-0.9462,1.7207,-2.9554,-0.4559,-1.8701,-0.953,0.1953,FOLLOW
10.56,-1.9601,-0.9429,1.7218,-2.9581,-0.4539,-1.8701,-0.953,0.1959,FOLLOW
10.58,-1.9607,-0.9396,1.7228,-2.9607,-0.4518,-1.8701,-0.953,0.1966,FOLLOW
10.6,-1.9612,-0.9361,1.7236,-2.9634,-0.4497,-1.8726,-0.9362,0.1973,FOLLOW
10.62,-1.9617,-0.9326,1.7241,-2.9662,-0.4476,-1.8726,-0.9362,0.198,FOLLOW
10.64,-1.9623,-0.9292,1.7246,-2.969,-0.4455,-1.8726,-0.9362,0.1987,FOLLOW
10.66,-1.9628,-0.9257,1.725,-2.9718,-0.4433,-1.8726,-0.9362,0.1995,FOLLOW
10.68,-1.9633,-0.9223,1.7255,-2.9746,-0.4412,-1.8726,-0.9362,0.2003,FOLLOW
10.7,-1.9639,-0.9188,1.726,-2.9773,-0.4391,-1.8752,-0.919,0.2011,FOLLOW
10.72,-1.9644,-0.9154,1.7264,-2.9801,-0.437,-1.8752,-0.919,0.2019,FOLLOW
10.74,-1.9649,-0.912,1.7269,-2.9857,-0.4327,-1.8752,-0.919,0.2028,FOLLOW
10.76,-1.9654,-0.9085,1.7274,-2.9857,-0.4327,-1.8752,-0.919,0.2036,FOLLOW
10.78,-1.966,-0.9051,1.7278,-2.9885,-0.4306,-1.8752,-0.919,0.2045,FOLLOW
10.8,-1.9665,-0.9016,1.7282,-2.9941,-0.4263,-1.8779,-0.9017,0.2055,FOLLOW
10.82,-1.9671,-0.8981,1.7287,-2.9969,-0.4242,-1.8779,-0.9017,0.2064,FOLLOW
10.84,-1.9676,-0.8947,1.7291,-2.9969,-0.4242,-1.8779,-0.9017,0.2074,FOLLOW
10.86,-1.9682,-0.8912,1.7295,-2.9997,-0.4221,-1.8779,-0.9017,0.2084,FOLLOW
10.88,-1.9688,-0.8877,1.7299,-3.0025,-0.42,-1.8779,-0.9017,0.2094,FOLLOW
10.9,-1.9693,-0.8843,1.7303,-3.0053,-0.4179,-1.8807,-0.8843,0.2105,FOLLOW
10.92,-1.9699,-0.8808,1.7308,-3.0081,-0.4157,-1.8807,-0.8843,0.2115,FOLLOW
10.94,-1.9704,-0.8773,1.7312,-3.0109,-0.4136,-1.8807,-0.8843,0.2126,FOLLOW
10.96,-1.971,-0.8739,1.7316,-3.0137,-0.4115,-1.8807,-0.8843,0.2137,FOLLOW
10.98,-1.9716,-0.8704,1.732,-3.0194,-0.4073,-1.8807,-0.8843,0.2148,FOLLOW
11.0,-1.9721,-0.867,1.7322,-3.0194,-0.4073,-1.8835,-0.867,0.216,FOLLOW
11.02,-1.9727,-0.8636,1.7321,-3.0221,-0.4052,-1.8835,-0.867,0.2171,FOLLOW
11.04,-1.9732,-0.8602,1.7321,-3.0248,-0.4032,-1.8835,-0.867,0.2183,FOLLOW
11.06,-1.9738,-0.8568,1.732,-3.0301,-0.3991,-1.8835,-0.867,0.2195,FOLLOW
11.08,-1.9743,-0.8534,1.7318,-3.0301,-0.3991,-1.8835,-0.867,0.2207,FOLLOW
11.1,-1.9748,-0.85,1.7313,-3.0355,-0.395,-1.8862,-0.8502,0.2219,FOLLOW
11.12,-1.9754,-0.8466,1.7302,-3.0382,-0.393,-1.8862,-0.8502,0.2232,FOLLOW
11.14,-1.9759,-0.8433,1.7291,-3.0382,-0.393,-1.8862,-0.8502,0.2244,FOLLOW
11.16,-1.9765,-0.84,1.728,-3.0409,-0.3909,-1.8862,-0.8502,0.2257,FOLLOW
11.18,-1.977,-0.8366,1.7268,-3.0435,-0.3889,-1.8862,-0.8502,0.227,FOLLOW
11.2,-1.9775,-0.8333,1.7255,-3.0462,-0.3868,-1.8889,-0.8335,0.2283,FOLLOW
11.22,-1.978,-0.83,1.7241,-3.0488,-0.3848,-1.8889,-0.8335,0.2296,FOLLOW
11.24,-1.9785,-0.8268,1.7226,-3.0515,-0.3828,-1.8889,-0.8335,0.2309,FOLLOW
11.26,-1.979,-0.8235,1.7211,-3.0541,-0.3808,-1.8889,-0.8335,0.2322,FOLLOW
11.28,-1.9795,-0.8202,1.7197,-3.0567,-0.3787,-1.8914,-0.8171,0.2336,FOLLOW
11.3,-1.98,-0.8169,1.7182,-3.0619,-0.3746,-1.8914,-0.8171,0.2349,FOLLOW
11.32,-1.9805,-0.8136,1.7168,-3.0619,-0.3746,-1.8914,-0.8171,0.2362,FOLLOW
11.34,-1.981,-0.8103,1.7153,-3.0645,-0.3726,-1.8914,-0.8171,0.2376,FOLLOW
11.36,-1.9814,-0.8071,1.7139,-3.0671,-0.3706,-1.8914,-0.8171,0.239,FOLLOW
11.38,-1.9819,-0.8038,1.7124,-3.0697,-0.3685,-1.8914,-0.8171,0.2404,FOLLOW
11.4,-1.9824,-0.8006,1.7108,-3.0723,-0.3664,-1.8938,-0.8007,0.2417,FOLLOW
11.422,-1.9828,-0.7975,1.7086,-3.0747,-0.3645,-1.8938,-0.8007,0.2431,FOLLOW
11.44,-1.9832,-0.7944,1.706,-3.0771,-0.3626,-1.8938,-0.8007,0.2444,FOLLOW
11.46,-1.9836,-0.7914,1.7034,-3.0795,-0.3607,-1.8938,-0.8007,0.2458,FOLLOW
11.48,-1.984,-0.7883,1.7008,-3.0819,-0.3587,-1.8938,-0.8007,0.2472,FOLLOW
11.5,-1.9844,-0.7852,1.6982,-3.0843,-0.3568,-1.8959,-0.7852,0.2485,FOLLOW
11.52,-1.9848,-0.7821,1.6956,-3.0891,-0.3529,-1.8959,-0.7852,0.2499,FOLLOW
11.54,-1.9852,-0.7791,1.693,-3.0891,-0.3529,-1.8959,-0.7852,0.2513,FOLLOW
11.56,-1.9856,-0.776,1.6904,-3.0914,-0.3509,-1.8959,-0.7852,0.2527,FOLLOW
11.58,-1.9859,-0.7729,1.6877,-3.0938,-0.349,-1.8979,-0.7699,0.2541,FOLLOW
11.6,-1.9863,-0.77,1.685,-3.0984,-0.3452,-1.8979,-0.7699,0.2554,FOLLOW
11.62,-1.9866,-0.767,1.6821,-3.0984,-0.3452,-1.8979,-0.7699,0.2568,FOLLOW
11.64,-1.987,-0.7641,1.6792,-3.1005,-0.3433,-1.8979,-0.7699,0.2581,FOLLOW
11.66,-1.9873,-0.7612,1.6763,-3.1027,-0.3415,-1.8979,-0.7699,0.2595,FOLLOW
11.68,-1.9876,-0.7583,1.673,-3.1048,-0.3397,-1.8979,-0.7699,0.2609,FOLLOW
11.7,-1.9879,-0.7554,1.6693,-3.1091,-0.3359,-1.8995,-0.7556,0.2622,FOLLOW
11.72,-1.9881,-0.7526,1.6655,-3.1112,-0.3341,-1.8995,-0.7556,0.2636,FOLLOW
11.74,-1.9884,-0.7497,1.6616,-3.1112,-0.3341,-1.8995,-0.7556,0.2649,FOLLOW
11.76,-1.9887,-0.7469,1.6578,-3.1133,-0.3322,-1.8995,-0.7556,0.2663,FOLLOW
11.78,-1.9889,-0.744,1.6539,-3.1154,-0.3303,-1.8995,-0.7556,0.2676,FOLLOW
11.8,-1.9891,-0.7412,1.6501,-3.1196,-0.3265,-1.9008,-0.7415,0.269,FOLLOW
11.82,-1.9894,-0.7383,1.6464,-3.1217,-0.3246,-1.9008,-0.7415,0.2703,FOLLOW
11.84,-1.9896,-0.7354,1.6426,-3.1217,-0.3246,-1.9008,-0.7415,0.2717,FOLLOW
11.86,-1.9898,-0.7325,1.6389,-3.1238,-0.3227,-1.9008,-0.7415,0.2731,FOLLOW
11.88,-1.99,-0.7297,1.6351,-3.128,-0.3188,-1.9008,-0.7415,0.2744,FOLLOW
11.9,-1.9902,-0.7268,1.6314,-3.1301,-0.3168,-1.9019,-0.7274,0.2758,FOLLOW
11.92,-1.9904,-0.7239,1.6276,-3.1301,-0.3168,-1.9019,-0.7274,0.2772,FOLLOW
11.94,-1.9905,-0.7211,1.6239,-3.1342,-0.3129,-1.9019,-0.7274,0.2785,FOLLOW
11.96,-1.9907,-0.7182,1.6201,-3.1342,-0.3129,-1.9019,-0.7274,0.2799,FOLLOW
11.98,-1.9908,-0.7153,1.6163,-3.1363,-0.3109,-1.9019,-0.7274,0.2813,FOLLOW
12.0,-1.9909,-0.7126,1.6124,-3.1401,-0.3071,-1.9027,-0.7131,0.2826,FOLLOW
12.02,-1.9911,-0.71,1.608,-3.1401,-0.3071,-1.9027,-0.7131,0.2838,FOLLOW
12.04,-1.9911,-0.7074,1.6032,-3.1419,-0.3054,-1.9027,-0.7131,0.2851,FOLLOW
12.06,-1.9912,-0.7048,1.5979,-3.1437,-0.3036,-1.9027,-0.7131,0.2864,FOLLOW
12.08,-1.9913,-0.7022,1.5925,-3.1455,-0.3018,-1.9027,-0.7131,0.2876,FOLLOW
12.1,-1.9913,-0.6997,1.5871,-3.149,-0.2982,-1.9032,-0.7002,0.2889,FOLLOW
12.12,-1.9914,-0.6971,1.5817,-3.149,-0.2982,-1.9032,-0.7002,0.2901,FOLLOW
12.14,-1.9914,-0.6945,1.5763,-3.1524,-0.2945,-1.9032,-0.7002,0.2914,FOLLOW
12.16,-1.9914,-0.692,1.5709,-3.1524,-0.2945,-1.9032,-0.7002,0.2926,FOLLOW
12.18,-1.9914,-0.6894,1.5655,-3.1542,-0.2927,-1.9032,-0.7002,0.2939,FOLLOW
12.2,-1.9914,-0.6868,1.5601,-3.1559,-0.2909,-1.9033,-0.6876,0.2952,FOLLOW
12.22,-1.9914,-0.6843,1.5545,-3.1575,-0.289,-1.9033,-0.6876,0.2964,FOLLOW
12.24,-1.9913,-0.6818,1.5489,-3.1592,-0.2872,-1.9033,-0.6876,0.2976,FOLLOW
12.26,-1.9913,-0.6792,1.5433,-3.1609,-0.2853,-1.9033,-0.6876,0.2988,FOLLOW
12.28,-1.9912,-0.6767,1.5377,-3.1625,-0.2835,-1.9033,-0.6876,0.3,FOLLOW
12.3,-1.9911,-0.6742,1.5321,-3.1658,-0.2797,-1.9031,-0.6752,0.3012,FOLLOW
12.32,-1.991,-0.6716,1.5265,-3.1658,-0.2797,-1.9031,-0.6752,0.3024,FOLLOW
12.34,-1.9909,-0.6691,1.5209,-3.1674,-0.2778,-1.9031,-0.6752,0.3036,FOLLOW
12.36,-1.9908,-0.6666,1.5153,-3.169,-0.276,-1.9031,-0.6752,0.3048,FOLLOW
12.38,-1.9906,-0.6641,1.5097,-3.1721,-0.2721,-1.9025,-0.6628,0.306,FOLLOW
12.4,-1.9905,-0.6616,1.5039,-3.1721,-0.2721,-1.9025,-0.6628,0.3071,FOLLOW
12.42,-1.9903,-0.6592,1.498,-3.1751,-0.2685,-1.9025,-0.6628,0.3083,FOLLOW
12.44,-1.9902,-0.6568,1.4922,-3.1751,-0.2685,-1.9025,-0.6628,0.3095,FOLLOW
12.46,-1.99,-0.6544,1.4862,-3.1766,-0.2667,-1.9025,-0.6628,0.3106,FOLLOW
12.48,-1.9898,-0.652,1.4799,-3.178,-0.2648,-1.9025,-0.6628,0.3117,FOLLOW
12.5,-1.9896,-0.6496,1.4737,-3.1795,-0.263,-1.9017,-0.6509,0.3129,FOLLOW
12.52,-1.9893,-0.6472,1.4674,-3.1823,-0.2592,-1.9017,-0.6509,0.314,FOLLOW
12.54,-1.9891,-0.6448,1.4611,-3.1823,-0.2592,-1.9017,-0.6509,0.3151,FOLLOW
12.56,-1.9888,-0.6424,1.4549,-3.1837,-0.2573,-1.9017,-0.6509,0.3162,FOLLOW
12.58,-1.9885,-0.64,1.4486,-3.1865,-0.2535,-1.9017,-0.6509,0.3172,FOLLOW
12.6,-1.9882,-0.6378,1.4421,-3.1865,-0.2535,-1.9005,-0.6393,0.3183,FOLLOW
12.62,-1.9879,-0.6356,1.4352,-3.1877,-0.2518,-1.9005,-0.6393,0.3193,FOLLOW
12.64,-1.9876,-0.6334,1.4279,-3.1889,-0.2501,-1.9005,-0.6393,0.3203,FOLLOW
12.66,-1.9873,-0.6312,1.4207,-3.1901,-0.2484,-1.9005,-0.6393,0.3214,FOLLOW
12.68,-1.987,-0.6291,1.4133,-3.1913,-0.2466,-1.9005,-0.6393,0.3224,FOLLOW
12.7,-1.9867,-0.6269,1.4059,-3.1925,-0.2449,-1.899,-0.6286,0.3234,FOLLOW
12.72,-1.9863,-0.6248,1.3984,-3.1937,-0.2431,-1.899,-0.6286,0.3244,FOLLOW
12.74,-1.9859,-0.6226,1.391,-3.196,-0.2396,-1.899,-0.6286,0.3253,FOLLOW
12.76,-1.9855,-0.6205,1.3835,-3.1971,-0.2378,-1.899,-0.6286,0.3263,FOLLOW
12.78,-1.9851,-0.6184,1.376,-3.1971,-0.2378,-1.899,-0.6286,0.3272,FOLLOW
12.8,-1.9847,-0.6163,1.3683,-3.1982,-0.236,-1.8972,-0.6182,0.3282,FOLLOW
12.82,-1.9843,-0.6144,1.3602,-3.2002,-0.2327,-1.8972,-0.6182,0.3291,FOLLOW
12.84,-1.9839,-0.6124,1.3519,-3.2002,-0.2327,-1.8972,-0.6182,0.33,FOLLOW
12.86,-1.9834,-0.6104,1.3436,-3.2012,-0.231,-1.8972,-0.6182,0.3309,FOLLOW
12.88,-1.983,-0.6085,1.3353,-3.2022,-0.2293,-1.8972,-0.6182,0.3318,FOLLOW
12.9,-1.9825,-0.6065,1.3269,-3.2031,-0.2276,-1.8951,-0.6085,0.3327,FOLLOW
12.92,-1.982,-0.6046,1.3186,-3.205,-0.2242,-1.8951,-0.6085,0.3335,FOLLOW
12.94,-1.9815,-0.6026,1.3103,-3.2059,-0.2225,-1.8951,-0.6085,0.3344,FOLLOW
12.96,-1.981,-0.6007,1.302,-3.2068,-0.2208,-1.8951,-0.6085,0.3352,FOLLOW
12.98,-1.9805,-0.5987,1.2937,-3.2068,-0.2208,-1.8951,-0.6085,0.336,FOLLOW
13.0,-1.9799,-0.5969,1.2852,-3.2085,-0.2174,-1.8927,-0.5991,0.3368,FOLLOW
13.02,-1.9794,-0.595,1.2765,-3.2093,-0.2157,-1.8927,-0.5991,0.3376,FOLLOW
13.04,-1.9788,-0.5932,1.2678,-3.2101,-0.2141,-1.8927,-0.5991,0.3384,FOLLOW
13.06,-1.9782,-0.5913,1.2591,-3.2101,-0.2141,-1.8927,-0.5991,0.3392,FOLLOW
13.082,-1.9777,-0.5895,1.2504,-3.2109,-0.2124,-1.89,-0.5902,0.34,FOLLOW
13.1,-1.977,-0.5876,1.2416,-3.2117,-0.2107,-1.89,-0.5902,0.3407,FOLLOW
13.12,-1.9764,-0.5858,1.2329,-3.2124,-0.209,-1.89,-0.5902,0.3415,FOLLOW
13.14,-1.9758,-0.584,1.2242,-3.2132,-0.2073,-1.89,-0.5902,0.3422,FOLLOW
13.16,-1.9751,-0.5822,1.2155,-3.2146,-0.2039,-1.89,-0.5902,0.3429,FOLLOW
13.18,-1.9744,-0.5804,1.2068,-3.2153,-0.2021,-1.8869,-0.5814,0.3436,FOLLOW
13.2,-1.9737,-0.5785,1.1981,-3.2153,-0.2021,-1.8869,-0.5814,0.3443,FOLLOW
13.22,-1.973,-0.5767,1.1894,-3.216,-0.2004,-1.8869,-0.5814,0.345,FOLLOW
13.24,-1.9723,-0.575,1.1808,-3.2167,-0.1987,-1.8869,-0.5814,0.3457,FOLLOW
13.26,-1.9716,-0.5732,1.1721,-3.2173,-0.1969,-1.8869,-0.5814,0.3464,FOLLOW
13.28,-1.9708,-0.5714,1.1634,-3.2186,-0.1934,-1.8869,-0.5814,0.347,FOLLOW
13.3,-1.97,-0.5696,1.1547,-3.2186,-0.1934,-1.8835,-0.5727,0.3476,FOLLOW
13.32,-1.9692,-0.5678,1.1461,-3.2192,-0.1916,-1.8835,-0.5727,0.3483,FOLLOW
13.34,-1.9684,-0.5661,1.1374,-3.2198,-0.1899,-1.8835,-0.5727,0.3489,FOLLOW
13.36,-1.9676,-0.5643,1.1287,-3.2209,-0.1863,-1.8835,-0.5727,0.3495,FOLLOW
13.38,-1.9668,-0.5626,1.12,-3.2209,-0.1863,-1.8835,-0.5727,0.3501,FOLLOW
13.4,-1.966,-0.5609,1.1111,-3.2215,-0.1846,-1.8788,-0.5626,0.3507,FOLLOW
13.42,-1.9652,-0.5592,1.1019,-3.222,-0.1829,-1.8788,-0.5626,0.3513,FOLLOW
13.44,-1.9643,-0.5576,1.0926,-3.2225,-0.1812,-1.8788,-0.5626,0.3518,FOLLOW
13.46,-1.9635,-0.556,1.0834,-3.2229,-0.1795,-1.8788,-0.5626,0.3524,FOLLOW
13.48,-1.9626,-0.5544,1.0742,-3.2234,-0.1778,-1.8788,-0.5626,0.3529,FOLLOW
13.5,-1.9617,-0.5527,1.0649,-3.2243,-0.1744,-1.8756,-0.5563,0.3534,FOLLOW
13.52,-1.9609,-0.5511,1.0557,-3.2247,-0.1727,-1.8756,-0.5563,0.354,FOLLOW
13.54,-1.9599,-0.5496,1.0465,-3.2247,-0.1727,-1.8756,-0.5563,0.3545,FOLLOW
13.56,-1.959,-0.548,1.0372,-3.2251,-0.171,-1.8756,-0.5563,0.3549,FOLLOW
13.58,-1.9581,-0.5464,1.028,-3.2254,-0.1693,-1.8756,-0.5563,0.3554,FOLLOW
13.6,-1.9571,-0.5448,1.0188,-3.2258,-0.1675,-1.8713,-0.5487,0.3559,FOLLOW
13.62,-1.9561,-0.5432,1.0097,-3.2261,-0.1658,-1.8713,-0.5487,0.3563,FOLLOW
13.64,-1.9552,-0.5417,1.0005,-3.2265,-0.1641,-1.8713,-0.5487,0.3568,FOLLOW
13.66,-1.9542,-0.5401,0.9914,-3.2268,-0.1623,-1.8713,-0.5487,0.3572,FOLLOW
13.68,-1.9531,-0.5386,0.9822,-3.2271,-0.1606,-1.8713,-0.5487,0.3576,FOLLOW
13.7,-1.9521,-0.537,0.9731,-3.2274,-0.1588,-1.8666,-0.5412,0.358,FOLLOW
13.72,-1.9511,-0.5355,0.9639,-3.2276,-0.1571,-1.8666,-0.5412,0.3584,FOLLOW
13.74,-1.95,-0.534,0.9548,-3.2279,-0.1553,-1.8666,-0.5412,0.3588,FOLLOW
13.76,-1.9489,-0.5325,0.9457,-3.2283,-0.1518,-1.8666,-0.5412,0.3591,FOLLOW
13.78,-1.9478,-0.531,0.9365,-3.2283,-0.1518,-1.8666,-0.5412,0.3595,FOLLOW
13.8,-1.9467,-0.5296,0.9272,-3.2286,-0.1501,-1.8616,-0.5339,0.3598,FOLLOW
13.82,-1.9457,-0.5281,0.9176,-3.2289,-0.1467,-1.8616,-0.5339,0.3602,FOLLOW
13.84,-1.9446,-0.5267,0.9081,-3.2289,-0.1467,-1.8616,-0.5339,0.3605,FOLLOW
13.86,-1.9435,-0.5253,0.8986,-3.229,-0.145,-1.8616,-0.5339,0.3608,FOLLOW
13.88,-1.9424,-0.524,0.889,-3.2292,-0.1433,-1.8616,-0.5339,0.3611,FOLLOW
13.9,-1.9412,-0.5226,0.8795,-3.2293,-0.1416,-1.8564,-0.5271,0.3614,FOLLOW
13.92,-1.9401,-0.5212,0.8699,-3.2294,-0.1399,-1.8564,-0.5271,0.3617,FOLLOW
13.94,-1.9389,-0.5199,0.8604,-3.2295,-0.1365,-1.8564,-0.5271,0.3619,FOLLOW
13.96,-1.9378,-0.5185,0.8509,-3.2295,-0.1365,-1.8564,-0.5271,0.3622,FOLLOW
13.98,-1.9366,-0.5172,0.8413,-3.2296,-0.1332,-1.8509,-0.5207,0.3624,FOLLOW
14.0,-1.9354,-0.5159,0.8319,-3.2296,-0.1332,-1.8509,-0.5207,0.3626,FOLLOW
14.02,-1.9342,-0.5146,0.8224,-3.2296,-0.1315,-1.8509,-0.5207,0.3629,FOLLOW
14.04,-1.9329,-0.5132,0.813,-3.2296,-0.1297,-1.8509,-0.5207,0.363,FOLLOW
14.06,-1.9317,-0.5119,0.8035,-3.2296,-0.128,-1.8509,-0.5207,0.3632,FOLLOW
14.08,-1.9304,-0.5107,0.7941,-3.2296,-0.1263,-1.8509,-0.5207,0.3634,FOLLOW
14.1,-1.9292,-0.5094,0.7846,-3.2295,-0.1229,-1.8451,-0.5144,0.3636,FOLLOW
14.12,-1.9279,-0.5081,0.7752,-3.2295,-0.1229,-1.8451,-0.5144,0.3637,FOLLOW
14.14,-1.9266,-0.5069,0.7657,-3.2294,-0.1212,-1.8451,-0.5144,0.3638,FOLLOW
14.16,-1.9253,-0.5056,0.7563,-3.2293,-0.1195,-1.8451,-0.5144,0.364,FOLLOW
14.18,-1.924,-0.5044,0.7468,-3.2292,-0.1178,-1.8451,-0.5144,0.3641,FOLLOW
14.2,-1.9227,-0.5032,0.7373,-3.2291,-0.1161,-1.839,-0.5084,0.3642,FOLLOW
14.22,-1.9214,-0.502,0.7278,-3.2289,-0.1144,-1.839,-0.5084,0.3642,FOLLOW
14.24,-1.92,-0.5009,0.7182,-3.2288,-0.1127,-1.839,-0.5084,0.3643,FOLLOW
14.26,-1.9187,-0.4997,0.7087,-3.2284,-0.1093,-1.839,-0.5084,0.3644,FOLLOW
14.28,-1.9173,-0.4985,0.6991,-3.2284,-0.1093,-1.839,-0.5084,0.3644,FOLLOW
14.3,-1.916,-0.4974,0.6896,-3.2282,-0.1077,-1.8327,-0.5028,0.3645,FOLLOW
14.32,-1.9146,-0.4963,0.6801,-3.228,-0.106,-1.8327,-0.5028,0.3645,FOLLOW
14.34,-1.9132,-0.4952,0.6705,-3.2277,-0.1043,-1.8327,-0.5028,0.3645,FOLLOW
14.36,-1.9118,-0.4941,0.661,-3.2275,-0.1026,-1.8327,-0.5028,0.3645,FOLLOW
14.38,-1.9104,-0.493,0.6514,-3.2272,-0.101,-1.8327,-0.5028,0.3645,FOLLOW
14.4,-1.9089,-0.4919,0.6421,-3.2266,-0.0975,-1.8261,-0.4975,0.3644,FOLLOW
14.42,-1.9074,-0.4908,0.6331,-3.2266,-0.0975,-1.8261,-0.4975,0.3644,FOLLOW
14.44,-1.9059,-0.4897,0.6241,-3.2263,-0.0958,-1.8261,-0.4975,0.3643,FOLLOW
14.46,-1.9043,-0.4886,0.6152,-3.2259,-0.094,-1.8261,-0.4975,0.3642,FOLLOW
14.48,-1.9028,-0.4875,0.6062,-3.2255,-0.0922,-1.8261,-0.4975,0.3641,FOLLOW
14.5,-1.9012,-0.4864,0.5972,-3.2252,-0.0905,-1.8189,-0.4922,0.3639,FOLLOW
14.52,-1.8997,-0.4854,0.5883,-3.2243,-0.087,-1.8189,-0.4922,0.3638,FOLLOW
14.54,-1.8981,-0.4843,0.5793,-3.2239,-0.0852,-1.8189,-0.4922,0.3636,FOLLOW
14.56,-1.8965,-0.4833,0.5703,-3.2239,-0.0852,-1.8189,-0.4922,0.3635,FOLLOW
14.58,-1.8949,-0.4823,0.5613,-3.223,-0.0817,-1.8189,-0.4922,0.3633,FOLLOW
14.6,-1.8934,-0.4813,0.5522,-3.223,-0.0817,-1.8114,-0.4872,0.3631,FOLLOW
14.62,-1.8918,-0.4804,0.5428,-3.2225,-0.08,-1.8114,-0.4872,0.363,FOLLOW
14.64,-1.8903,-0.4795,0.5334,-3.2221,-0.0784,-1.8114,-0.4872,0.3628,FOLLOW
14.66,-1.8887,-0.4785,0.5241,-3.2216,-0.0767,-1.8114,-0.4872,0.3626,FOLLOW
14.68,-1.8871,-0.4777,0.5147,-3.2211,-0.0751,-1.8114,-0.4872,0.3624,FOLLOW
14.7,-1.8855,-0.4768,0.5053,-3.2205,-0.0734,-1.804,-0.4827,0.3622,FOLLOW
14.72,-1.884,-0.4759,0.496,-3.22,-0.0718,-1.804,-0.4827,0.3619,FOLLOW
14.74,-1.8824,-0.475,0.4866,-3.2195,-0.0701,-1.804,-0.4827,0.3617,FOLLOW
14.76,-1.8807,-0.4742,0.4772,-3.2189,-0.0685,-1.804,-0.4827,0.3614,FOLLOW
14.78,-1.8791,-0.4734,0.4679,-3.2183,-0.0669,-1.804,-0.4827,0.3612,FOLLOW
14.8,-1.8775,-0.4726,0.4587,-3.2177,-0.0653,-1.7948,-0.4778,0.3609,FOLLOW
14.82,-1.8758,-0.4717,0.4497,-3.2171,-0.0636,-1.7948,-0.4778,0.3605,FOLLOW
14.84,-1.8741,-0.4709,0.4407,-3.2164,-0.0619,-1.7948,-0.4778,0.3602,FOLLOW
14.86,-1.8724,-0.4701,0.4317,-3.2158,-0.0602,-1.7948,-0.4778,0.3599,FOLLOW
14.88,-1.8707,-0.4694,0.4227,-3.2151,-0.0586,-1.7948,-0.4778,0.3595,FOLLOW
14.9,-1.8689,-0.4686,0.4137,-3.2144,-0.0569,-1.7883,-0.4747,0.3591,FOLLOW
14.92,-1.8672,-0.4678,0.4048,-3.2137,-0.0553,-1.7883,-0.4747,0.3587,FOLLOW
14.94,-1.8655,-0.4671,0.3958,-3.2129,-0.0536,-1.7883,-0.4747,0.3583,FOLLOW
14.96,-1.8637,-0.4664,0.3868,-3.2122,-0.052,-1.7883,-0.4747,0.3579,FOLLOW
14.98,-1.862,-0.4657,0.3778,-3.2114,-0.0503,-1.7883,-0.4747,0.3575,FOLLOW
15.0,-1.8602,-0.465,0.3688,-3.2106,-0.0487,-1.78,-0.4711,0.3571,FOLLOW
15.02,-1.8585,-0.4643,0.3597,-3.2099,-0.0471,-1.78,-0.4711,0.3566,FOLLOW
15.04,-1.8567,-0.4637,0.3507,-3.2091,-0.0455,-1.78,-0.4711,0.3562,FOLLOW
15.06,-1.855,-0.4631,0.3416,-3.2083,-0.0439,-1.78,-0.4711,0.3557,FOLLOW
15.08,-1.8532,-0.4624,0.3326,-3.2074,-0.0423,-1.78,-0.4711,0.3552,FOLLOW
15.098,-1.8514,-0.4618,0.3235,-3.2066,-0.0407,-1.7717,-0.468,0.3547,FOLLOW
15.12,-1.8496,-0.4613,0.3145,-3.2057,-0.0391,-1.7717,-0.468,0.3542,FOLLOW
15.14,-1.8479,-0.4607,0.3055,-3.204,-0.036,-1.7717,-0.468,0.3537,FOLLOW
15.16,-1.8461,-0.4601,0.2964,-3.204,-0.036,-1.7717,-0.468,0.3532,FOLLOW
15.18,-1.8443,-0.4596,0.2874,-3.2031,-0.0345,-1.7717,-0.468,0.3527,FOLLOW
15.2,-1.8424,-0.4591,0.2785,-3.2012,-0.0313,-1.7631,-0.4652,0.3521,FOLLOW
15.22,-1.8404,-0.4585,0.27,-3.2012,-0.0313,-1.7631,-0.4652,0.3514,FOLLOW
15.24,-1.8385,-0.458,0.2619,-3.2001,-0.0296,-1.7631,-0.4652,0.3508,FOLLOW
15.26,-1.8365,-0.4574,0.2539,-3.1991,-0.0279,-1.7631,-0.4652,0.3501,FOLLOW
15.28,-1.8345,-0.4569,0.2458,-3.198,-0.0262,-1.7631,-0.4652,0.3494,FOLLOW
15.3,-1.8325,-0.4564,0.2378,-3.1969,-0.0245,-1.7538,-0.4626,0.3487,FOLLOW
15.32,-1.8305,-0.456,0.2297,-3.1958,-0.0229,-1.7538,-0.4626,0.348,FOLLOW
15.34,-1.8285,-0.4555,0.2217,-3.1947,-0.0212,-1.7538,-0.4626,0.3472,FOLLOW
15.36,-1.8264,-0.4551,0.2136,-3.1925,-0.018,-1.7538,-0.4626,0.3465,FOLLOW
15.38,-1.8244,-0.4546,0.2056,-3.1925,-0.018,-1.7538,-0.4626,0.3457,FOLLOW
15.4,-1.8224,-0.4542,0.1974,-3.1913,-0.0163,-1.7441,-0.4604,0.345,FOLLOW
15.42,-1.8204,-0.4538,0.1891,-3.1902,-0.0147,-1.7441,-0.4604,0.3442,FOLLOW
15.44,-1.8185,-0.4535,0.1809,-3.189,-0.0132,-1.7441,-0.4604,0.3435,FOLLOW
15.46,-1.8165,-0.4531,0.1726,-3.1879,-0.0116,-1.7441,-0.4604,0.3427,FOLLOW
15.48,-1.8145,-0.4528,0.1644,-3.1867,-0.0101,-1.7441,-0.4604,0.3419,FOLLOW
15.5,-1.8125,-0.4525,0.1561,-3.1855,-0.0085,-1.7345,-0.4585,0.3411,FOLLOW
15.52,-1.8105,-0.4521,0.1479,-3.1843,-0.007,-1.7345,-0.4585,0.3403,FOLLOW
15.54,-1.8085,-0.4519,0.1396,-3.1831,-0.0054,-1.7345,-0.4585,0.3395,FOLLOW
15.56,-1.8065,-0.4516,0.1314,-3.1819,-0.0039,-1.7345,-0.4585,0.3387,FOLLOW
15.58,-1.8044,-0.4513,0.1232,-3.1806,-0.0024,-1.7345,-0.4585,0.3379,FOLLOW
15.6,-1.8024,-0.4511,0.1151,-3.178,0.0007,-1.7249,-0.4571,0.337,FOLLOW
15.62,-1.8002,-0.4508,0.1073,-3.178,0.0007,-1.7249,-0.4571,0.336,FOLLOW
15.64,-1.7979,-0.4506,0.1,-3.1766,0.0023,-1.7249,-0.4571,0.335,FOLLOW
15.66,-1.7957,-0.4504,0.0929,-3.1751,0.004,-1.7249,-0.4571,0.334,FOLLOW
15.68,-1.7935,-0.4502,0.0858,-3.1737,0.0056,-1.7249,-0.4571,0.333,FOLLOW
15.7,-1.7912,-0.45,0.0788,-3.1707,0.0089,-1.7143,-0.4559,0.3319,FOLLOW
15.72,-1.789,-0.4498,0.0717,-3.1707,0.0089,-1.7143,-0.4559,0.3309,FOLLOW
15.74,-1.7867,-0.4497,0.0647,-3.1692,0.0105,-1.7143,-0.4559,0.3298,FOLLOW
15.76,-1.7845,-0.4496,0.0576,-3.1677,0.0121,-1.7143,-0.4559,0.3287,FOLLOW
15.78,-1.7822,-0.4494,0.0505,-3.1647,0.0152,-1.7034,-0.4551,0.3277,FOLLOW
15.8,-1.7799,-0.4493,0.0436,-3.1647,0.0152,-1.7034,-0.4551,0.3266,FOLLOW
15.82,-1.7775,-0.4492,0.0371,-3.1631,0.0169,-1.7034,-0.4551,0.3254,FOLLOW
15.84,-1.7752,-0.4492,0.0307,-3.1598,0.0202,-1.7034,-0.4551,0.3242,FOLLOW
15.86,-1.7728,-0.4491,0.0244,-3.1598,0.0202,-1.7034,-0.4551,0.323,FOLLOW
15.88,-1.7704,-0.449,0.0181,-3.1581,0.0218,-1.7034,-0.4551,0.3218,FOLLOW
15.902,-1.768,-0.449,0.0118,-3.1548,0.025,-1.6919,-0.4547,0.3206,FOLLOW
15.92,-1.7656,-0.449,0.0054,-3.1548,0.025,-1.6919,-0.4547,0.3193,FOLLOW
15.94,-1.7632,-0.449,-0.0009,-3.1531,0.0266,-1.6919,-0.4547,0.3181,FOLLOW
15.96,-1.7608,-0.449,-0.0072,-3.1496,0.0298,-1.6919,-0.4547,0.3169,FOLLOW
15.98,-1.7584,-0.449,-0.0135,-3.1496,0.0298,-1.6919,-0.4547,0.3156,FOLLOW
16.0,-1.7561,-0.4491,-0.02,-3.1479,0.0314,-1.6802,-0.4546,0.3144,FOLLOW
16.02,-1.7538,-0.4491,-0.0267,-3.1462,0.0329,-1.6802,-0.4546,0.3132,FOLLOW
16.04,-1.7515,-0.4492,-0.0335,-3.1446,0.0344,-1.6802,-0.4546,0.312,FOLLOW
16.06,-1.7492,-0.4493,-0.0404,-3.1429,0.0359,-1.6802,-0.4546,0.3108,FOLLOW
16.08,-1.7469,-0.4494,-0.0472,-3.1395,0.0388,-1.6802,-0.4546,0.3096,FOLLOW
16.1,-1.7446,-0.4495,-0.054,-3.1395,0.0388,-1.6689,-0.4549,0.3084,FOLLOW
16.12,-1.7423,-0.4496,-0.0608,-3.136,0.0416,-1.6689,-0.4549,0.3072,FOLLOW
16.14,-1.74,-0.4498,-0.0676,-3.136,0.0416,-1.6689,-0.4549,0.3059,FOLLOW
16.16,-1.7377,-0.4499,-0.0744,-3.1326,0.0444,-1.6689,-0.4549,0.3047,FOLLOW
16.18,-1.7354,-0.4501,-0.0812,-3.1326,0.0444,-1.6689,-0.4549,0.3034,FOLLOW
16.2,-1.7331,-0.4503,-0.0879,-3.1308,0.0458,-1.6578,-0.4556,0.3022,FOLLOW
16.22,-1.7307,-0.4505,-0.0945,-3.129,0.0472,-1.6578,-0.4556,0.3009,FOLLOW
16.24,-1.7284,-0.4508,-0.1011,-3.1272,0.0486,-1.6578,-0.4556,0.2996,FOLLOW
16.26,-1.7261,-0.451,-0.1076,-3.1254,0.05,-1.6578,-0.4556,0.2982,FOLLOW
16.28,-1.7238,-0.4513,-0.1142,-3.1236,0.0514,-1.6578,-0.4556,0.2969,FOLLOW
16.3,-1.7214,-0.4515,-0.1208,-3.1217,0.0527,-1.6464,-0.4567,0.2956,FOLLOW
16.32,-1.7191,-0.4518,-0.1274,-3.1199,0.0541,-1.6464,-0.4567,0.2943,FOLLOW
16.34,-1.7168,-0.4521,-0.134,-3.1162,0.0568,-1.6464,-0.4567,0.2929,FOLLOW
16.36,-1.7145,-0.4525,-0.1406,-3.1162,0.0568,-1.6464,-0.4567,0.2916,FOLLOW
16.38,-1.7122,-0.4528,-0.1472,-3.1143,0.0581,-1.6464,-0.4567,0.2902,FOLLOW
16.4,-1.7098,-0.4532,-0.1536,-3.1105,0.0607,-1.6351,-0.4581,0.2888,FOLLOW
16.42,-1.7074,-0.4535,-0.1597,-3.1105,0.0607,-1.6351,-0.4581,0.2874,FOLLOW
16.44,-1.7049,-0.4539,-0.1657,-3.1085,0.062,-1.6351,-0.4581,0.2859,FOLLOW
16.46,-1.7025,-0.4543,-0.1717,-3.1065,0.0634,-1.6351,-0.4581,0.2845,FOLLOW
16.48,-1.7001,-0.4548,-0.1778,-3.1045,0.0647,-1.6351,-0.4581,0.283,FOLLOW
16.5,-1.6977,-0.4552,-0.1838,-3.1005,0.0673,-1.6234,-0.46,0.2815,FOLLOW
16.52,-1.6953,-0.4557,-0.1898,-3.1005,0.0673,-1.6234,-0.46,0.2801,FOLLOW
16.54,-1.6929,-0.4561,-0.1958,-3.0984,0.0685,-1.6234,-0.46,0.2786,FOLLOW
16.56,-1.6905,-0.4566,-0.2019,-3.0964,0.0698,-1.6234,-0.46,0.2771,FOLLOW
16.58,-1.6881,-0.4571,-0.2079,-3.0944,0.071,-1.6234,-0.46,0.2756,FOLLOW
16.6,-1.6856,-0.4576,-0.2138,-3.0923,0.0723,-1.6117,-0.4623,0.274,FOLLOW
16.62,-1.683,-0.4582,-0.2193,-3.0901,0.0736,-1.6117,-0.4623,0.2724,FOLLOW
16.64,-1.6804,-0.4588,-0.2243,-3.0878,0.075,-1.6117,-0.4623,0.2706,FOLLOW
16.66,-1.6777,-0.4594,-0.229,-3.0854,0.0764,-1.6117,-0.4623,0.2689,FOLLOW
16.68,-1.675,-0.4601,-0.2334,-3.0807,0.0791,-1.6117,-0.4623,0.2671,FOLLOW
16.7,-1.6723,-0.4607,-0.2378,-3.0807,0.0791,-1.5989,-0.4651,0.2654,FOLLOW
16.72,-1.6696,-0.4614,-0.2422,-3.0783,0.0804,-1.5989,-0.4651,0.2636,FOLLOW
16.74,-1.667,-0.462,-0.2466,-3.0736,0.0831,-1.5989,-0.4651,0.2618,FOLLOW
16.76,-1.6643,-0.4627,-0.2509,-3.0712,0.0844,-1.5989,-0.4651,0.26,FOLLOW
16.78,-1.6616,-0.4634,-0.2553,-3.0712,0.0844,-1.5989,-0.4651,0.2583,FOLLOW
16.8,-1.659,-0.4641,-0.2599,-3.0688,0.0857,-1.5856,-0.4684,0.2565,FOLLOW
16.82,-1.6564,-0.4648,-0.2645,-3.0664,0.087,-1.5856,-0.4684,0.2548,FOLLOW
16.84,-1.6538,-0.4655,-0.2692,-3.0641,0.0882,-1.5856,-0.4684,0.2531,FOLLOW
16.86,-1.6512,-0.4663,-0.2739,-3.0594,0.0907,-1.5856,-0.4684,0.2513,FOLLOW
16.88,-1.6486,-0.467,-0.2786,-3.0594,0.0907,-1.5856,-0.4684,0.2496,FOLLOW
16.9,-1.646,-0.4677,-0.2833,-3.057,0.0919,-1.5727,-0.4719,0.2478,FOLLOW
16.92,-1.6434,-0.4685,-0.288,-3.0546,0.0931,-1.5727,-0.4719,0.2461,FOLLOW
16.94,-1.6408,-0.4693,-0.2927,-3.0523,0.0943,-1.5727,-0.4719,0.2443,FOLLOW
16.96,-1.6382,-0.4701,-0.2974,-3.0475,0.0967,-1.5727,-0.4719,0.2426,FOLLOW
16.98,-1.6356,-0.4709,-0.3021,-3.0475,0.0967,-1.5727,-0.4719,0.2408,FOLLOW
17.0,-1.633,-0.4717,-0.3066,-3.0426,0.0991,-1.5574,-0.4764,0.239,FOLLOW
17.02,-1.6302,-0.4726,-0.3107,-3.0426,0.0991,-1.5574,-0.4764,0.2371,FOLLOW
17.04,-1.6275,-0.4734,-0.3145,-3.0375,0.1015,-1.5574,-0.4764,0.2352,FOLLOW
17.06,-1.6248,-0.4743,-0.3184,-3.0375,0.1015,-1.5574,-0.4764,0.2334,FOLLOW
17.08,-1.6221,-0.4752,-0.3223,-3.0349,0.1027,-1.5574,-0.4764,0.2315,FOLLOW
17.1,-1.6194,-0.4762,-0.3261,-3.0323,0.1039,-1.5467,-0.4799,0.2296,FOLLOW
17.12,-1.6167,-0.4771,-0.33,-3.0272,0.1062,-1.5467,-0.4799,0.2277,FOLLOW
17.14,-1.6139,-0.478,-0.3338,-3.0272,0.1062,-1.5467,-0.4799,0.2258,FOLLOW
17.16,-1.6112,-0.479,-0.3377,-3.0246,0.1074,-1.5467,-0.4799,0.2239,FOLLOW
17.18,-1.6085,-0.4799,-0.3415,-3.022,0.1085,-1.5467,-0.4799,0.222,FOLLOW
17.2,-1.6058,-0.4809,-0.3452,-3.0194,0.1097,-1.5333,-0.4845,0.2201,FOLLOW
17.22,-1.6029,-0.4819,-0.3485,-3.0167,0.1108,-1.5333,-0.4845,0.218,FOLLOW
17.24,-1.6,-0.483,-0.3513,-3.0139,0.1121,-1.5333,-0.4845,0.216,FOLLOW
17.26,-1.5971,-0.4841,-0.354,-3.0111,0.1133,-1.5333,-0.4845,0.2139,FOLLOW
17.28,-1.5942,-0.4851,-0.3566,-3.0054,0.1157,-1.5333,-0.4845,0.2118,FOLLOW
17.3,-1.5913,-0.4862,-0.3593,-3.0054,0.1157,-1.5192,-0.4896,0.2098,FOLLOW
17.32,-1.5884,-0.4873,-0.362,-3.0026,0.1168,-1.5192,-0.4896,0.2077,FOLLOW
17.34,-1.5855,-0.4884,-0.3646,-2.9998,0.118,-1.5192,-0.4896,0.2056,FOLLOW
17.36,-1.5826,-0.4895,-0.3673,-2.9969,0.1192,-1.5192,-0.4896,0.2036,FOLLOW
17.38,-1.5798,-0.4906,-0.37,-2.9941,0.1204,-1.5192,-0.4896,0.2015,FOLLOW
17.4,-1.5768,-0.4918,-0.3724,-2.9912,0.1215,-1.5049,-0.495,0.1994,FOLLOW
17.42,-1.5737,-0.493,-0.3745,-2.9882,0.1227,-1.5049,-0.495,0.1972,FOLLOW
17.44,-1.5705,-0.4943,-0.3761,-2.985,0.124,-1.5049,-0.495,0.1949,FOLLOW
17.46,-1.5672,-0.4955,-0.3774,-2.9784,0.1267,-1.5049,-0.495,0.1926,FOLLOW
17.48,-1.564,-0.4968,-0.3781,-2.9784,0.1267,-1.5049,-0.495,0.1902,FOLLOW
17.5,-1.5607,-0.4981,-0.3785,-2.9719,0.1293,-1.4891,-0.5012,0.1878,FOLLOW
17.52,-1.5574,-0.4995,-0.3788,-2.9719,0.1293,-1.4891,-0.5012,0.1855,FOLLOW
17.54,-1.5541,-0.5008,-0.3792,-2.9686,0.1307,-1.4891,-0.5012,0.1831,FOLLOW
17.56,-1.5508,-0.5021,-0.3795,-2.962,0.1333,-1.4891,-0.5012,0.1808,FOLLOW
17.58,-1.5476,-0.5034,-0.3798,-2.9587,0.1346,-1.4891,-0.5012,0.1785,FOLLOW
17.6,-1.5443,-0.5047,-0.3799,-2.9587,0.1346,-1.4727,-0.5078,0.1762,FOLLOW
17.62,-1.5411,-0.506,-0.3796,-2.9555,0.1359,-1.4727,-0.5078,0.1739,FOLLOW
17.64,-1.5378,-0.5073,-0.3792,-2.9522,0.1372,-1.4727,-0.5078,0.1717,FOLLOW
17.66,-1.5345,-0.5086,-0.3788,-2.9489,0.1385,-1.4727,-0.5078,0.1694,FOLLOW
17.68,-1.5313,-0.5099,-0.3784,-2.9457,0.1399,-1.4727,-0.5078,0.1671,FOLLOW
17.7,-1.528,-0.5112,-0.378,-2.9424,0.1412,-1.4531,-0.5156,0.1649,FOLLOW
17.72,-1.5247,-0.5125,-0.3775,-2.9392,0.1425,-1.4531,-0.5156,0.1627,FOLLOW
17.74,-1.5215,-0.5138,-0.3771,-2.9359,0.1438,-1.4531,-0.5156,0.1605,FOLLOW
17.76,-1.5182,-0.5151,-0.3767,-2.9326,0.1451,-1.4531,-0.5156,0.1583,FOLLOW
17.78,-1.5149,-0.5163,-0.3763,-2.9294,0.1464,-1.4531,-0.5156,0.1561,FOLLOW
17.8,-1.5121,-0.5174,-0.3757,-2.9261,0.1478,-1.44,-0.5208,0.1543,FOLLOW
17.82,-1.5094,-0.5184,-0.3746,-2.9233,0.1489,-1.44,-0.5208,0.1525,FOLLOW
17.84,-1.5068,-0.5195,-0.373,-2.9206,0.15,-1.44,-0.5208,0.1508,FOLLOW
17.86,-1.5041,-0.5205,-0.3711,-2.9178,0.1512,-1.44,-0.5208,0.149,FOLLOW
17.88,-1.5014,-0.5216,-0.3687,-2.9151,0.1523,-1.44,-0.5208,0.1473,FOLLOW
17.9,-1.4987,-0.5226,-0.3659,-2.9124,0.1535,-1.4229,-0.5275,0.1455,FOLLOW
17.92,-1.496,-0.5237,-0.3627,-2.9096,0.1546,-1.4229,-0.5275,0.1437,FOLLOW
17.94,-1.4932,-0.5247,-0.3596,-2.9069,0.1558,-1.4229,-0.5275,0.1419,FOLLOW
17.96,-1.4905,-0.5257,-0.3564,-2.9042,0.157,-1.4229,-0.5275,0.1402,FOLLOW
17.98,-1.4877,-0.5267,-0.3533,-2.9014,0.1582,-1.4229,-0.5275,0.1384,FOLLOW
18.0,-1.4851,-0.5277,-0.3499,-2.8987,0.1594,-1.4117,-0.5317,0.1368,FOLLOW
18.02,-1.4825,-0.5286,-0.3462,-2.8961,0.1605,-1.4117,-0.5317,0.1352,FOLLOW
18.04,-1.4799,-0.5296,-0.3423,-2.8936,0.1617,-1.4117,-0.5317,0.1336,FOLLOW
18.06,-1.4772,-0.5305,-0.3384,-2.891,0.1628,-1.4117,-0.5317,0.132,FOLLOW
18.08,-1.4746,-0.5314,-0.3345,-2.8884,0.164,-1.4117,-0.5317,0.1304,FOLLOW
18.1,-1.472,-0.5323,-0.3305,-2.8859,0.1652,-1.3983,-0.5365,0.1289,FOLLOW
18.12,-1.4693,-0.5332,-0.3266,-2.8833,0.1664,-1.3983,-0.5365,0.1273,FOLLOW
18.14,-1.4667,-0.5341,-0.3227,-2.8808,0.1676,-1.3983,-0.5365,0.1258,FOLLOW
18.16,-1.4641,-0.535,-0.3188,-2.8782,0.1688,-1.3983,-0.5365,0.1243,FOLLOW
18.18,-1.4614,-0.5359,-0.3149,-2.8732,0.1713,-1.385,-0.5411,0.1229,FOLLOW
18.2,-1.459,-0.5366,-0.3108,-2.8732,0.1713,-1.385,-0.5411,0.1216,FOLLOW
18.22,-1.4568,-0.5373,-0.3063,-2.8709,0.1724,-1.385,-0.5411,0.1203,FOLLOW
18.24,-1.4545,-0.5381,-0.3014,-2.8664,0.1746,-1.385,-0.5411,0.1191,FOLLOW
18.26,-1.4522,-0.5388,-0.296,-2.8664,0.1746,-1.385,-0.5411,0.1178,FOLLOW
18.28,-1.4498,-0.5395,-0.2905,-2.8642,0.1758,-1.385,-0.5411,0.1165,FOLLOW
18.3,-1.4475,-0.5402,-0.2849,-2.8598,0.1781,-1.3728,-0.5449,0.1153,FOLLOW
18.32,-1.4452,-0.5408,-0.2794,-2.8598,0.1781,-1.3728,-0.5449,0.1141,FOLLOW
18.34,-1.4428,-0.5415,-0.2738,-2.8554,0.1805,-1.3728,-0.5449,0.1129,FOLLOW
18.36,-1.4405,-0.5422,-0.2683,-2.8554,0.1805,-1.3728,-0.5449,0.1117,FOLLOW
18.38,-1.4381,-0.5428,-0.2627,-2.8533,0.1816,-1.3728,-0.5449,0.1106,FOLLOW
18.4,-1.4359,-0.5434,-0.257,-2.8511,0.1829,-1.3608,-0.5484,0.1095,FOLLOW
18.42,-1.4337,-0.5439,-0.2508,-2.849,0.184,-1.3608,-0.5484,0.1085,FOLLOW
18.44,-1.4315,-0.5445,-0.2444,-2.847,0.1852,-1.3608,-0.5484,0.1075,FOLLOW
18.46,-1.4293,-0.545,-0.238,-2.845,0.1863,-1.3608,-0.5484,0.1064,FOLLOW
18.48,-1.4271,-0.5456,-0.2316,-2.843,0.1875,-1.3608,-0.5484,0.1054,FOLLOW
18.5,-1.4249,-0.5461,-0.2253,-2.841,0.1887,-1.3494,-0.5513,0.1045,FOLLOW
18.52,-1.4227,-0.5466,-0.2189,-2.839,0.1899,-1.3494,-0.5513,0.1035,FOLLOW
18.54,-1.4205,-0.5471,-0.2125,-2.8371,0.1911,-1.3494,-0.5513,0.1026,FOLLOW
18.56,-1.4183,-0.5475,-0.2061,-2.8351,0.1924,-1.3494,-0.5513,0.1017,FOLLOW
18.58,-1.4161,-0.548,-0.1997,-2.8312,0.1949,-1.3494,-0.5513,0.1008,FOLLOW
18.6,-1.4139,-0.5484,-0.1932,-2.8312,0.1949,-1.338,-0.5538,0.1,FOLLOW
18.62,-1.4117,-0.5488,-0.1866,-2.8274,0.1974,-1.338,-0.5538,0.0991,FOLLOW
18.64,-1.4095,-0.5492,-0.1801,-2.8255,0.1987,-1.338,-0.5538,0.0983,FOLLOW
18.66,-1.4073,-0.5496,-0.1735,-2.8236,0.1999,-1.338,-0.5538,0.0975,FOLLOW
18.68,-1.4051,-0.55,-0.1669,-2.8236,0.1999,-1.338,-0.5538,0.0968,FOLLOW
18.7,-1.4029,-0.5504,-0.1604,-2.8217,0.2012,-1.3268,-0.556,0.096,FOLLOW
18.72,-1.4007,-0.5507,-0.1538,-2.8198,0.2026,-1.3268,-0.556,0.0953,FOLLOW
18.74,-1.3985,-0.5511,-0.1473,-2.8179,0.2039,-1.3268,-0.556,0.0946,FOLLOW
18.76,-1.3963,-0.5514,-0.1407,-2.8161,0.2052,-1.3268,-0.556,0.094,FOLLOW
18.78,-1.3941,-0.5517,-0.1341,-2.8124,0.2079,-1.3155,-0.5577,0.0933,FOLLOW
18.8,-1.3919,-0.552,-0.1275,-2.8124,0.2079,-1.3155,-0.5577,0.0927,FOLLOW
18.82,-1.3897,-0.5522,-0.1209,-2.8106,0.2093,-1.3155,-0.5577,0.0921,FOLLOW
18.84,-1.3875,-0.5525,-0.1143,-2.807,0.2121,-1.3155,-0.5577,0.0916,FOLLOW
18.86,-1.3853,-0.5527,-0.1076,-2.8052,0.2135,-1.3155,-0.5577,0.091,FOLLOW
18.88,-1.3831,-0.553,-0.101,-2.8034,0.2149,-1.3155,-0.5577,0.0905,FOLLOW
18.9,-1.3809,-0.5532,-0.0944,-2.8016,0.2163,-1.3042,-0.5591,0.09,FOLLOW
18.92,-1.3787,-0.5534,-0.0878,-2.8016,0.2163,-1.3042,-0.5591,0.0895,FOLLOW
18.94,-1.3765,-0.5536,-0.0811,-2.7999,0.2177,-1.3042,-0.5591,0.0891,FOLLOW
18.96,-1.3743,-0.5537,-0.0745,-2.7981,0.2192,-1.3042,-0.5591,0.0887,FOLLOW
18.98,-1.372,-0.5539,-0.0679,-2.7964,0.2206,-1.3042,-0.5591,0.0883,FOLLOW
19.0,-1.37,-0.554,-0.0611,-2.7946,0.2221,-1.2928,-0.5601,0.0879,FOLLOW
19.02,-1.3679,-0.5541,-0.054,-2.793,0.2235,-1.2928,-0.5601,0.0876,FOLLOW
19.04,-1.3658,-0.5543,-0.0468,-2.7897,0.2264,-1.2928,-0.5601,0.0873,FOLLOW
19.06,-1.3637,-0.5543,-0.0396,-2.7897,0.2264,-1.2928,-0.5601,0.0869,FOLLOW
19.08,-1.3616,-0.5544,-0.0324,-2.7881,0.2278,-1.2928,-0.5601,0.0867,FOLLOW
19.1,-1.3595,-0.5545,-0.0252,-2.7849,0.2307,-1.2819,-0.5607,0.0864,FOLLOW
19.12,-1.3574,-0.5545,-0.018,-2.7849,0.2307,-1.2819,-0.5607,0.0862,FOLLOW
19.14,-1.3553,-0.5545,-0.0108,-2.7834,0.2322,-1.2819,-0.5607,0.086,FOLLOW
19.16,-1.3532,-0.5546,-0.0036,-2.7818,0.2337,-1.2819,-0.5607,0.0858,FOLLOW
19.18,-1.3511,-0.5546,0.0036,-2.7802,0.2352,-1.2819,-0.5607,0.0856,FOLLOW
19.2,-1.3491,-0.5545,0.0109,-2.7787,0.2367,-1.2711,-0.5609,0.0855,FOLLOW
19.22,-1.347,-0.5545,0.0184,-2.7772,0.2382,-1.2711,-0.5609,0.0854,FOLLOW
19.24,-1.345,-0.5545,0.0259,-2.7742,0.2412,-1.2711,-0.5609,0.0853,FOLLOW
19.26,-1.3429,-0.5544,0.0333,-2.7742,0.2412,-1.2711,-0.5609,0.0852,FOLLOW
19.28,-1.3409,-0.5543,0.0408,-2.7713,0.2443,-1.2711,-0.5609,0.0852,FOLLOW
19.3,-1.3389,-0.5542,0.0483,-2.7713,0.2443,-1.2605,-0.5607,0.0852,FOLLOW
19.32,-1.3368,-0.5541,0.0557,-2.7699,0.2458,-1.2605,-0.5607,0.0852,FOLLOW
19.34,-1.3348,-0.554,0.0632,-2.7685,0.2473,-1.2605,-0.5607,0.0852,FOLLOW
19.36,-1.3328,-0.5539,0.0707,-2.7671,0.2489,-1.2605,-0.5607,0.0853,FOLLOW
19.38,-1.3307,-0.5537,0.0782,-2.7656,0.2505,-1.2605,-0.5607,0.0854,FOLLOW
19.4,-1.3286,-0.5535,0.0854,-2.7643,0.2521,-1.25,-0.5602,0.0855,FOLLOW
19.42,-1.3264,-0.5533,0.0924,-2.7628,0.2537,-1.25,-0.5602,0.0857,FOLLOW
19.44,-1.3243,-0.5531,0.0993,-2.7614,0.2554,-1.25,-0.5602,0.0859,FOLLOW
19.46,-1.3221,-0.5529,0.1062,-2.7585,0.2588,-1.25,-0.5602,0.0861,FOLLOW
19.48,-1.32,-0.5527,0.1131,-2.7585,0.2588,-1.25,-0.5602,0.0863,FOLLOW
19.5,-1.3179,-0.5524,0.12,-2.7571,0.2605,-1.2391,-0.5592,0.0866,FOLLOW
19.52,-1.3157,-0.5522,0.1269,-2.7557,0.2623,-1.2391,-0.5592,0.0869,FOLLOW
19.54,-1.3136,-0.5519,0.1338,-2.753,0.2657,-1.2391,-0.5592,0.0872,FOLLOW
19.56,-1.3114,-0.5516,0.1407,-2.753,0.2657,-1.2391,-0.5592,0.0876,FOLLOW
19.58,-1.3093,-0.5513,0.1476,-2.7516,0.2675,-1.2391,-0.5592,0.0879,FOLLOW
19.6,-1.3071,-0.5509,0.1543,-2.7503,0.2693,-1.2281,-0.5578,0.0884,FOLLOW
19.62,-1.3049,-0.5506,0.1608,-2.7489,0.2711,-1.2281,-0.5578,0.0888,FOLLOW
19.64,-1.3027,-0.5502,0.1673,-2.7475,0.2729,-1.2281,-0.5578,0.0893,FOLLOW
19.66,-1.3005,-0.5498,0.1738,-2.7448,0.2767,-1.2281,-0.5578,0.0898,FOLLOW
19.68,-1.2983,-0.5494,0.1803,-2.7448,0.2767,-1.2281,-0.5578,0.0903,FOLLOW
19.7,-1.2961,-0.549,0.1868,-2.7435,0.2785,-1.2168,-0.5559,0.0909,FOLLOW
19.72,-1.2939,-0.5486,0.1933,-2.7422,0.2804,-1.2168,-0.5559,0.0915,FOLLOW
19.74,-1.2917,-0.5482,0.1998,-2.7408,0.2823,-1.2168,-0.5559,0.0921,FOLLOW
19.76,-1.2895,-0.5477,0.2063,-2.7395,0.2842,-1.2168,-0.5559,0.0927,FOLLOW
19.78,-1.2873,-0.5472,0.2128,-2.7383,0.2861,-1.2168,-0.5559,0.0934,FOLLOW
19.8,-1.2851,-0.5468,0.2194,-2.7357,0.2899,-1.2055,-0.5537,0.0941,FOLLOW
19.82,-1.2829,-0.5463,0.2259,-2.7357,0.2899,-1.2055,-0.5537,0.0948,FOLLOW
19.84,-1.2807,-0.5457,0.2324,-2.7345,0.2919,-1.2055,-0.5537,0.0955,FOLLOW
19.86,-1.2785,-0.5452,0.2389,-2.732,0.2957,-1.2055,-0.5537,0.0962,FOLLOW
19.88,-1.2764,-0.5447,0.2454,-2.732,0.2957,-1.2055,-0.5537,0.097,FOLLOW
19.9,-1.2742,-0.5441,0.252,-2.7308,0.2977,-1.1943,-0.5512,0.0978,FOLLOW
19.92,-1.272,-0.5436,0.2585,-2.7284,0.3016,-1.1943,-0.5512,0.0986,FOLLOW
19.94,-1.2699,-0.543,0.265,-2.7284,0.3016,-1.1943,-0.5512,0.0995,FOLLOW
19.96,-1.2677,-0.5424,0.2715,-2.7273,0.3036,-1.1943,-0.5512,0.1003,FOLLOW
19.98,-1.2656,-0.5418,0.2781,-2.7261,0.3056,-1.1943,-0.5512,0.1012,FOLLOW
20.0,-1.2634,-0.5412,0.2844,-2.725,0.3076,-1.1832,-0.5483,0.1022,FOLLOW
20.02,-1.2612,-0.5405,0.2907,-2.7227,0.3117,-1.1832,-0.5483,0.1031,FOLLOW
20.04,-1.259,-0.5398,0.2969,-2.7227,0.3117,-1.1832,-0.5483,0.1041,FOLLOW
20.06,-1.2568,-0.5392,0.3032,-2.7204,0.3158,-1.1832,-0.5483,0.1051,FOLLOW
20.08,-1.2546,-0.5385,0.3094,-2.7193,0.3179,-1.1832,-0.5483,0.1062,FOLLOW
20.1,-1.2524,-0.5378,0.3157,-2.7193,0.3179,-1.1698,-0.5442,0.1072,FOLLOW
20.12,-1.2502,-0.537,0.3219,-2.7182,0.3199,-1.1698,-0.5442,0.1083,FOLLOW
20.14,-1.2481,-0.5363,0.3282,-2.7171,0.322,-1.1698,-0.5442,0.1094,FOLLOW
20.16,-1.2459,-0.5356,0.3344,-2.7161,0.3241,-1.1698,-0.5442,0.1105,FOLLOW
20.18,-1.2437,-0.5348,0.3407,-2.715,0.3262,-1.1698,-0.5442,0.1117,FOLLOW
20.2,-1.2414,-0.5339,0.3467,-2.714,0.3283,-1.1609,-0.5412,0.113,FOLLOW
20.22,-1.2389,-0.533,0.3523,-2.7117,0.3331,-1.1609,-0.5412,0.1145,FOLLOW
20.24,-1.2362,-0.532,0.3574,-2.7117,0.3331,-1.1609,-0.5412,0.116,FOLLOW
20.26,-1.2336,-0.531,0.3622,-2.7105,0.3356,-1.1609,-0.5412,0.1176,FOLLOW
20.28,-1.2311,-0.53,0.3664,-2.7093,0.3381,-1.1609,-0.5412,0.1191,FOLLOW
20.3,-1.2285,-0.529,0.3706,-2.7081,0.3406,-1.1485,-0.5367,0.1207,FOLLOW
20.32,-1.226,-0.528,0.3747,-2.707,0.3431,-1.1485,-0.5367,0.1223,FOLLOW
20.34,-1.2234,-0.527,0.3789,-2.7047,0.3482,-1.1485,-0.5367,0.1239,FOLLOW
20.36,-1.2209,-0.526,0.383,-2.7047,0.3482,-1.1485,-0.5367,0.1256,FOLLOW
20.38,-1.2184,-0.525,0.3872,-2.7024,0.3532,-1.1485,-0.5367,0.1272,FOLLOW
20.4,-1.2158,-0.5239,0.3911,-2.7024,0.3532,-1.1356,-0.5316,0.129,FOLLOW
20.42,-1.2132,-0.5229,0.3949,-2.7013,0.3558,-1.1356,-0.5316,0.1307,FOLLOW
20.44,-1.2106,-0.5218,0.3988,-2.7002,0.3584,-1.1356,-0.5316,0.1325,FOLLOW
20.46,-1.208,-0.5207,0.4026,-2.699,0.361,-1.1356,-0.5316,0.1343,FOLLOW
20.48,-1.2054,-0.5196,0.4064,-2.6979,0.3636,-1.1356,-0.5316,0.1361,FOLLOW
20.5,-1.2029,-0.5185,0.4102,-2.6968,0.3663,-1.1226,-0.5262,0.1379,FOLLOW
20.52,-1.2003,-0.5173,0.414,-2.6957,0.3689,-1.1226,-0.5262,0.1397,FOLLOW
20.54,-1.1977,-0.5162,0.4178,-2.6936,0.3741,-1.1226,-0.5262,0.1416,FOLLOW
20.56,-1.1952,-0.5151,0.4216,-2.6925,0.3768,-1.1226,-0.5262,0.1435,FOLLOW
20.58,-1.1926,-0.5139,0.4254,-2.6925,0.3768,-1.1226,-0.5262,0.1454,FOLLOW
20.6,-1.1899,-0.5126,0.429,-2.6915,0.3794,-1.1096,-0.5205,0.1474,FOLLOW
20.62,-1.1869,-0.5112,0.4321,-2.6904,0.3822,-1.1096,-0.5205,0.1498,FOLLOW
20.64,-1.1838,-0.5097,0.4347,-2.6892,0.3853,-1.1096,-0.5205,0.1522,FOLLOW
20.66,-1.1807,-0.5083,0.4369,-2.688,0.3884,-1.1096,-0.5205,0.1546,FOLLOW
20.68,-1.1777,-0.5069,0.4387,-2.6868,0.3915,-1.1096,-0.5205,0.157,FOLLOW
20.7,-1.1747,-0.5055,0.44,-2.6855,0.3947,-1.0952,-0.5139,0.1594,FOLLOW
20.72,-1.1717,-0.5041,0.4413,-2.6843,0.3978,-1.0952,-0.5139,0.1619,FOLLOW
20.74,-1.1687,-0.5026,0.4426,-2.6831,0.4009,-1.0952,-0.5139,0.1643,FOLLOW
20.76,-1.1657,-0.5012,0.4439,-2.6819,0.404,-1.0952,-0.5139,0.1668,FOLLOW
20.78,-1.1627,-0.4998,0.4452,-2.6796,0.4103,-1.0801,-0.5067,0.1692,FOLLOW
20.8,-1.1596,-0.4983,0.4463,-2.6796,0.4103,-1.0801,-0.5067,0.1718,FOLLOW
20.82,-1.1566,-0.4969,0.4469,-2.6785,0.4132,-1.0801,-0.5067,0.1743,FOLLOW
20.84,-1.1536,-0.4954,0.4471,-2.6774,0.416,-1.0801,-0.5067,0.1768,FOLLOW
20.86,-1.1507,-0.494,0.4469,-2.6751,0.4218,-1.0801,-0.5067,0.1793,FOLLOW
20.88,-1.1477,-0.4926,0.4462,-2.6751,0.4218,-1.0659,-0.4999,0.1818,FOLLOW
20.9,-1.1448,-0.4912,0.4451,-2.674,0.4247,-1.0659,-0.4999,0.1842,FOLLOW
20.92,-1.142,-0.4899,0.4435,-2.6729,0.4276,-1.0659,-0.4999,0.1867,FOLLOW
20.94,-1.1391,-0.4885,0.4414,-2.6717,0.4304,-1.0659,-0.4999,0.1892,FOLLOW
20.96,-1.1363,-0.4872,0.439,-2.6706,0.4333,-1.0659,-0.4999,0.1916,FOLLOW
20.98,-1.1335,-0.4859,0.4364,-2.6694,0.4362,-1.0659,-0.4999,0.1941,FOLLOW
21.0,-1.131,-0.4847,0.4337,-2.6682,0.439,-1.052,-0.4933,0.1962,FOLLOW
21.02,-1.1286,-0.4836,0.4305,-2.6664,0.4435,-1.052,-0.4933,0.1984,FOLLOW
21.04,-1.1262,-0.4825,0.4269,-2.6654,0.4458,-1.052,-0.4933,0.2005,FOLLOW
21.06,-1.1238,-0.4814,0.4228,-2.6645,0.448,-1.052,-0.4933,0.2025,FOLLOW
21.08,-1.1215,-0.4804,0.4183,-2.6645,0.448,-1.052,-0.4933,0.2046,FOLLOW
21.1,-1.1192,-0.4794,0.4134,-2.6635,0.4502,-1.0403,-0.488,0.2067,FOLLOW
21.12,-1.1169,-0.4784,0.408,-2.6615,0.4546,-1.0403,-0.488,0.2087,FOLLOW
21.14,-1.1146,-0.4774,0.4022,-2.6615,0.4546,-1.0403,-0.488,0.2107,FOLLOW
21.16,-1.1123,-0.4764,0.3963,-2.6605,0.4568,-1.0403,-0.488,0.2127,FOLLOW
21.18,-1.11,-0.4755,0.3904,-2.6595,0.459,-1.0403,-0.488,0.2147,FOLLOW
21.2,-1.1079,-0.4746,0.3843,-2.6584,0.4611,-1.027,-0.4823,0.2166,FOLLOW
21.22,-1.1058,-0.4738,0.3778,-2.6565,0.4651,-1.027,-0.4823,0.2184,FOLLOW
21.24,-1.1037,-0.473,0.3708,-2.6565,0.4651,-1.027,-0.4823,0.2203,FOLLOW
21.26,-1.1016,-0.4722,0.3636,-2.6546,0.4689,-1.027,-0.4823,0.2221,FOLLOW
21.28,-1.0995,-0.4714,0.3565,-2.6546,0.4689,-1.027,-0.4823,0.2239,FOLLOW
21.3,-1.0974,-0.4706,0.3493,-2.6536,0.4708,-1.0189,-0.4791,0.2257,FOLLOW
21.32,-1.0953,-0.4699,0.3421,-2.6526,0.4728,-1.0189,-0.4791,0.2275,FOLLOW
21.34,-1.0932,-0.4691,0.3349,-2.6515,0.4747,-1.0189,-0.4791,0.2293,FOLLOW
21.36,-1.0911,-0.4684,0.3277,-2.6505,0.4766,-1.0189,-0.4791,0.2311,FOLLOW
21.38,-1.089,-0.4677,0.3205,-2.6495,0.4784,-1.0189,-0.4791,0.2329,FOLLOW
21.4,-1.087,-0.467,0.3131,-2.6484,0.4803,-1.0087,-0.4755,0.2345,FOLLOW
21.42,-1.0851,-0.4664,0.3053,-2.6474,0.482,-1.0087,-0.4755,0.2362,FOLLOW
21.44,-1.0831,-0.4658,0.2971,-2.6464,0.4837,-1.0087,-0.4755,0.2378,FOLLOW
21.46,-1.0812,-0.4652,0.2888,-2.6454,0.4853,-1.0087,-0.4755,0.2394,FOLLOW
21.48,-1.0793,-0.4647,0.2805,-2.6444,0.487,-1.0087,-0.4755,0.241,FOLLOW
21.5,-1.0773,-0.4641,0.2721,-2.6434,0.4886,-0.9993,-0.4725,0.2426,FOLLOW
21.52,-1.0754,-0.4636,0.2638,-2.6413,0.4919,-0.9993,-0.4725,0.2442,FOLLOW
21.54,-1.0735,-0.4631,0.2555,-2.6403,0.4935,-0.9993,-0.4725,0.2458,FOLLOW
21.56,-1.0715,-0.4626,0.2472,-2.6403,0.4935,-0.9993,-0.4725,0.2474,FOLLOW
21.58,-1.0696,-0.4621,0.2389,-2.6392,0.4951,-0.9899,-0.47,0.249,FOLLOW
21.6,-1.0676,-0.4616,0.2307,-2.6369,0.4984,-0.9899,-0.47,0.2506,FOLLOW
21.62,-1.0655,-0.4611,0.2228,-2.6369,0.4984,-0.9899,-0.47,0.2522,FOLLOW
21.64,-1.0635,-0.4607,0.2149,-2.6358,0.5,-0.9899,-0.47,0.2538,FOLLOW
21.66,-1.0614,-0.4603,0.207,-2.6346,0.5017,-0.9899,-0.47,0.2554,FOLLOW
21.68,-1.0594,-0.4598,0.1991,-2.6334,0.5033,-0.9899,-0.47,0.2569,FOLLOW
21.7,-1.0573,-0.4594,0.1912,-2.6322,0.5049,-0.9802,-0.4677,0.2585,FOLLOW
21.72,-1.0553,-0.459,0.1833,-2.631,0.5066,-0.9802,-0.4677,0.2601,FOLLOW
21.74,-1.0532,-0.4587,0.1754,-2.6285,0.5097,-0.9802,-0.4677,0.2616,FOLLOW
21.76,-1.0512,-0.4583,0.1675,-2.6285,0.5097,-0.9802,-0.4677,0.2632,FOLLOW
21.78,-1.0491,-0.458,0.1596,-2.6273,0.5113,-0.9802,-0.4677,0.2647,FOLLOW
21.8,-1.047,-0.4577,0.1519,-2.626,0.5129,-0.9702,-0.4659,0.2663,FOLLOW
21.82,-1.0448,-0.4573,0.1443,-2.6247,0.5145,-0.9702,-0.4659,0.2678,FOLLOW
21.84,-1.0427,-0.457,0.1368,-2.6234,0.5161,-0.9702,-0.4659,0.2694,FOLLOW
21.86,-1.0406,-0.4567,0.1293,-2.622,0.5177,-0.9702,-0.4659,0.2709,FOLLOW
21.88,-1.0384,-0.4565,0.1218,-2.6207,0.5193,-0.9702,-0.4659,0.2724,FOLLOW
21.9,-1.0363,-0.4562,0.1143,-2.6193,0.5209,-0.96,-0.4644,0.274,FOLLOW
21.92,-1.0341,-0.456,0.1067,-2.6165,0.5241,-0.96,-0.4644,0.2755,FOLLOW
21.94,-1.032,-0.4558,0.0992,-2.6165,0.5241,-0.96,-0.4644,0.277,FOLLOW
21.96,-1.0298,-0.4556,0.0917,-2.6137,0.5271,-0.96,-0.4644,0.2785,FOLLOW
21.98,-1.0277,-0.4554,0.0842,-2.6137,0.5271,-0.96,-0.4644,0.28,FOLLOW
22.0,-1.0257,-0.4553,0.0768,-2.6122,0.5287,-0.96,-0.4644,0.2813,FOLLOW
22.02,-1.024,-0.4555,0.0699,-2.6121,0.5288,-0.96,-0.4644,0.2823,FOLLOW
22.04,-1.0226,-0.4556,0.0634,-2.6121,0.5288,-0.9495,-0.4633,0.2831,LEAVE
22.06,-1.0215,-0.4557,0.0572,-2.6121,0.5288,-0.9495,-0.4633,0.2837,LEAVE
22.08,-1.0208,-0.4558,0.0515,-2.6121,0.5288,-0.9495,-0.4633,0.2842,LEAVE
22.1,-1.0203,-0.4559,0.0461,-2.6121,0.5288,-0.9472,-0.4631,0.2845,GO_GOAL
22.12,-1.0201,-0.456,0.0411,-2.612,0.529,-0.9472,-0.4631,0.2847,GO_GOAL
22.14,-1.0203,-0.456,0.0365,-2.6116,0.5294,-0.9472,-0.4631,0.2847,GO_GOAL
22.16,-1.0206,-0.456,0.0323,-2.6103,0.5314,-0.9472,-0.4631,0.2846,GO_GOAL
22.18,-1.0207,-0.456,0.0284,-2.6103,0.5314,-0.9472,-0.4631,0.2846,GO_GOAL
22.2,-1.0204,-0.456,0.0248,-2.6082,0.5347,-0.9441,-0.463,0.2849,GO_GOAL
22.22,-1.0197,-0.456,0.0215,-2.6082,0.5347,-0.9441,-0.463,0.2854,GO_GOAL
22.24,-1.0188,-0.456,0.0186,-2.6055,0.5393,-0.9441,-0.463,0.286,GO_GOAL
22.26,-1.0179,-0.456,0.0159,-2.6041,0.5417,-0.9441,-0.463,0.2865,GO_GOAL
22.28,-1.0169,-0.456,0.0136,-2.6029,0.5441,-0.9294,-0.4627,0.2871,GO_GOAL
22.3,-1.0161,-0.4559,0.0117,-2.6017,0.5465,-0.9294,-0.4627,0.2877,GO_GOAL
22.32,-1.0152,-0.4559,0.0101,-2.6017,0.5465,-0.9294,-0.4627,0.2882,GO_GOAL
22.34,-1.0143,-0.4559,0.0088,-2.5995,0.5514,-0.9294,-0.4627,0.2887,GO_GOAL
22.36,-1.0134,-0.4559,0.0078,-2.5995,0.5514,-0.9294,-0.4627,0.2892,GO_GOAL
22.38,-1.0125,-0.4559,0.0073,-2.5975,0.5564,-0.9294,-0.4627,0.2898,GO_GOAL
22.4,-1.0116,-0.4559,0.007,-2.5975,0.5564,-0.9187,-0.4626,0.2903,GO_GOAL
22.42,-1.0106,-0.4559,0.0071,-2.5966,0.5589,-0.9187,-0.4626,0.2908,GO_GOAL
22.44,-1.0097,-0.4559,0.0075,-2.5957,0.5614,-0.9187,-0.4626,0.2913,GO_GOAL
22.46,-1.0087,-0.4559,0.0082,-2.5949,0.5639,-0.9187,-0.4626,0.2918,GO_GOAL
22.48,-1.0077,-0.4559,0.0093,-2.5941,0.5664,-0.9187,-0.4626,0.2924,GO_GOAL
22.5,-1.0066,-0.4559,0.0108,-2.5928,0.5716,-0.9054,-0.4625,0.2929,GO_GOAL
22.52,-1.0056,-0.4559,0.0125,-2.5928,0.5716,-0.9054,-0.4625,0.2935,GO_GOAL
22.54,-1.0045,-0.4558,0.0146,-2.5922,0.5742,-0.9054,-0.4625,0.294,GO_GOAL
22.56,-1.0034,-0.4558,0.0171,-2.5917,0.5767,-0.9054,-0.4625,0.2946,GO_GOAL
22.58,-1.0023,-0.4558,0.0199,-2.5912,0.5794,-0.8921,-0.4623,0.2951,GO_GOAL
22.6,-1.0011,-0.4558,0.023,-2.5908,0.582,-0.8921,-0.4623,0.2957,GO_GOAL
22.62,-0.9999,-0.4557,0.0265,-2.5904,0.5846,-0.8921,-0.4623,0.2964,GO_GOAL
22.64,-0.9987,-0.4557,0.0303,-2.5901,0.5873,-0.8921,-0.4623,0.297,GO_GOAL
22.66,-0.9974,-0.4557,0.0344,-2.5899,0.5899,-0.8921,-0.4623,0.2976,GO_GOAL
22.68,-0.9961,-0.4556,0.0389,-2.5897,0.5926,-0.8921,-0.4623,0.2983,GO_GOAL
22.7,-0.9947,-0.4556,0.0437,-2.5895,0.5953,-0.8788,-0.4619,0.299,GO_GOAL
22.72,-0.9933,-0.4555,0.0489,-2.5894,0.6007,-0.8788,-0.4619,0.2997,GO_GOAL
22.74,-0.9918,-0.4554,0.0545,-2.5894,0.6007,-0.8788,-0.4619,0.3005,GO_GOAL
22.76,-0.9903,-0.4553,0.0603,-2.5894,0.6034,-0.8788,-0.4619,0.3012,GO_GOAL
22.78,-0.9888,-0.4552,0.0666,-2.5895,0.6061,-0.8653,-0.4613,0.302,GO_GOAL
22.8,-0.9872,-0.4551,0.0732,-2.5897,0.6089,-0.8653,-0.4613,0.3029,GO_GOAL
22.82,-0.9855,-0.455,0.0801,-2.5899,0.6116,-0.8653,-0.4613,0.3038,GO_GOAL
22.84,-0.9838,-0.4548,0.0874,-2.5901,0.6144,-0.8653,-0.4613,0.3048,GO_GOAL
22.86,-0.982,-0.4547,0.095,-2.5904,0.6172,-0.8653,-0.4613,0.3057,GO_GOAL
22.88,-0.9802,-0.4545,0.1031,-2.5908,0.62,-0.8653,-0.4613,0.3067,GO_GOAL
22.9,-0.9782,-0.4543,0.1114,-2.5917,0.6256,-0.8514,-0.4601,0.3078,GO_GOAL
22.92,-0.9762,-0.454,0.1201,-2.5917,0.6256,-0.8514,-0.4601,0.309,GO_GOAL
22.94,-0.9741,-0.4538,0.1293,-2.5922,0.6284,-0.8514,-0.4601,0.3102,GO_GOAL
22.96,-0.9721,-0.4535,0.1387,-2.5928,0.6312,-0.8514,-0.4601,0.3115,GO_GOAL
22.98,-0.97,-0.4532,0.1486,-2.5942,0.6369,-0.8514,-0.4601,0.3127,GO_GOAL
23.0,-0.9676,-0.4528,0.1588,-2.5942,0.6369,-0.8372,-0.4584,0.3142,GO_GOAL
23.02,-0.9652,-0.4524,0.1694,-2.595,0.6397,-0.8372,-0.4584,0.3157,GO_GOAL
23.04,-0.9628,-0.452,0.1804,-2.5958,0.6426,-0.8372,-0.4584,0.3172,GO_GOAL
23.06,-0.9604,-0.4515,0.1917,-2.5976,0.6484,-0.8372,-0.4584,0.3188,GO_GOAL
23.08,-0.9579,-0.451,0.2035,-2.5976,0.6484,-0.8372,-0.4584,0.3204,GO_GOAL
23.1,-0.9552,-0.4505,0.2156,-2.5996,0.6542,-0.8225,-0.4559,0.3223,GO_GOAL
23.12,-0.9524,-0.4498,0.2281,-2.5996,0.6542,-0.8225,-0.4559,0.3242,GO_GOAL
23.14,-0.9496,-0.4492,0.241,-2.6007,0.6571,-0.8225,-0.4559,0.3262,GO_GOAL
23.16,-0.9468,-0.4485,0.2544,-2.6018,0.66,-0.8225,-0.4559,0.3282,GO_GOAL
23.18,-0.944,-0.4477,0.2681,-2.603,0.6629,-0.8225,-0.4559,0.3303,GO_GOAL
23.2,-0.941,-0.4468,0.2819,-2.6043,0.6658,-0.8074,-0.4524,0.3326,GO_GOAL
23.22,-0.9379,-0.4459,0.2952,-2.6056,0.6688,-0.8074,-0.4524,0.335,GO_GOAL
23.24,-0.9348,-0.4449,0.3081,-2.6069,0.6718,-0.8074,-0.4524,0.3374,GO_GOAL
23.26,-0.9318,-0.444,0.3206,-2.6083,0.6747,-0.8074,-0.4524,0.3399,GO_GOAL
23.28,-0.9288,-0.4429,0.3328,-2.6098,0.6777,-0.8074,-0.4524,0.3423,GO_GOAL
23.3,-0.9256,-0.4418,0.3448,-2.6112,0.6806,-0.7918,-0.4477,0.345,GO_GOAL
23.32,-0.9224,-0.4406,0.3563,-2.6128,0.6836,-0.7918,-0.4477,0.3477,GO_GOAL
23.34,-0.9192,-0.4394,0.3675,-2.6144,0.6866,-0.7918,-0.4477,0.3505,GO_GOAL
23.36,-0.9161,-0.4382,0.3781,-2.616,0.6896,-0.7918,-0.4477,0.3533,GO_GOAL
23.38,-0.9129,-0.4369,0.3884,-2.6176,0.6925,-0.7918,-0.4477,0.3561,GO_GOAL
23.4,-0.9097,-0.4356,0.3982,-2.6193,0.6955,-0.7761,-0.4419,0.3591,GO_GOAL
23.42,-0.9064,-0.4342,0.4076,-2.621,0.6985,-0.7761,-0.4419,0.3621,GO_GOAL
23.44,-0.9032,-0.4327,0.4165,-2.6228,0.7015,-0.7761,-0.4419,0.3651,GO_GOAL
23.46,-0.9,-0.4313,0.425,-2.6264,0.7075,-0.7761,-0.4419,0.3682,GO_GOAL
23.48,-0.8969,-0.4299,0.433,-2.6264,0.7075,-0.7602,-0.435,0.3712,GO_GOAL
23.5,-0.8936,-0.4284,0.4406,-2.6282,0.7104,-0.7602,-0.435,0.3744,GO_GOAL
23.52,-0.8904,-0.4268,0.4477,-2.6301,0.7134,-0.7602,-0.435,0.3776,GO_GOAL
23.54,-0.8872,-0.4252,0.4544,-2.632,0.7164,-0.7602,-0.435,0.3808,GO_GOAL
23.56,-0.884,-0.4237,0.4606,-2.6339,0.7194,-0.7602,-0.435,0.3839,GO_GOAL
23.58,-0.8809,-0.4221,0.4664,-2.6358,0.7223,-0.7602,-0.435,0.3871,GO_GOAL
23.6,-0.8777,-0.4205,0.4717,-2.6377,0.7253,-0.7443,-0.4274,0.3904,GO_GOAL
23.62,-0.8745,-0.4189,0.4766,-2.6397,0.7283,-0.7443,-0.4274,0.3937,GO_GOAL
23.64,-0.8713,-0.4172,0.481,-2.6437,0.7342,-0.7443,-0.4274,0.3969,GO_GOAL
23.66,-0.8682,-0.4156,0.4851,-2.6437,0.7342,-0.7443,-0.4274,0.4002,GO_GOAL
23.68,-0.8651,-0.4139,0.4891,-2.6457,0.7371,-0.7443,-0.4274,0.4034,GO_GOAL
23.7,-0.8619,-0.4122,0.493,-2.6477,0.7401,-0.7285,-0.4193,0.4067,GO_GOAL
23.72,-0.8588,-0.4105,0.4964,-2.6497,0.743,-0.7285,-0.4193,0.4101,GO_GOAL
23.74,-0.8556,-0.4088,0.4995,-2.6518,0.7459,-0.7285,-0.4193,0.4134,GO_GOAL
23.76,-0.8525,-0.4071,0.5026,-2.6538,0.7489,-0.7285,-0.4193,0.4167,GO_GOAL
23.78,-0.8494,-0.4054,0.5056,-2.6559,0.7518,-0.7285,-0.4193,0.42,GO_GOAL
23.8,-0.8463,-0.4037,0.5085,-2.658,0.7547,-0.7128,-0.4107,0.4234,GO_GOAL
23.82,-0.8432,-0.4019,0.5109,-2.6601,0.7576,-0.7128,-0.4107,0.4268,GO_GOAL
23.84,-0.8401,-0.4002,0.5133,-2.6622,0.7605,-0.7128,-0.4107,0.4301,GO_GOAL
23.86,-0.837,-0.3984,0.5157,-2.6643,0.7634,-0.7128,-0.4107,0.4335,GO_GOAL
23.88,-0.8339,-0.3967,0.5181,-2.6664,0.7663,-0.7128,-0.4107,0.4368,GO_GOAL
23.9,-0.8307,-0.3949,0.5202,-2.6685,0.7692,-0.6971,-0.402,0.4402,GO_GOAL
23.92,-0.8276,-0.3931,0.5221,-2.6706,0.7721,-0.6971,-0.402,0.4436,GO_GOAL
23.94,-0.8245,-0.3913,0.5239,-2.6727,0.775,-0.6971,-0.402,0.447,GO_GOAL
23.96,-0.8214,-0.3895,0.5258,-2.677,0.7808,-0.6971,-0.402,0.4504,GO_GOAL
23.98,-0.8184,-0.3877,0.5277,-2.677,0.7808,-0.6971,-0.402,0.4538,GO_GOAL
24.0,-0.8152,-0.3859,0.5293,-2.6792,0.7837,-0.6816,-0.393,0.4573,GO_GOAL
24.02,-0.8122,-0.3841,0.5307,-2.6813,0.7866,-0.6816,-0.393,0.4607,GO_GOAL
24.04,-0.8091,-0.3823,0.5322,-2.6835,0.7894,-0.6816,-0.393,0.4641,GO_GOAL
24.06,-0.806,-0.3805,0.5336,-2.6878,0.7952,-0.6816,-0.393,0.4675,GO_GOAL
24.08,-0.8029,-0.3786,0.5351,-2.69,0.7981,-0.6816,-0.393,0.471,GO_GOAL
24.1,-0.7998,-0.3768,0.5363,-2.69,0.7981,-0.663,-0.3821,0.4744,GO_GOAL
24.12,-0.7967,-0.375,0.5374,-2.6943,0.8038,-0.663,-0.3821,0.4778,GO_GOAL
24.14,-0.7936,-0.3731,0.5385,-2.6943,0.8038,-0.663,-0.3821,0.4813,GO_GOAL
24.16,-0.7906,-0.3713,0.5396,-2.6987,0.8095,-0.663,-0.3821,0.4847,GO_GOAL
24.18,-0.7875,-0.3694,0.5407,-2.7009,0.8124,-0.6475,-0.3729,0.4882,GO_GOAL
24.2,-0.7844,-0.3676,0.5416,-2.7009,0.8124,-0.6475,-0.3729,0.4916,GO_GOAL
24.22,-0.7813,-0.3657,0.5425,-2.7031,0.8152,-0.6475,-0.3729,0.4951,GO_GOAL
24.24,-0.7783,-0.3639,0.5434,-2.7052,0.8181,-0.6475,-0.3729,0.4986,GO_GOAL
24.26,-0.7752,-0.362,0.5442,-2.7074,0.8209,-0.6475,-0.3729,0.502,GO_GOAL
24.28,-0.7721,-0.3602,0.5451,-2.7096,0.8238,-0.6475,-0.3729,0.5055,GO_GOAL
24.3,-0.769,-0.3583,0.5458,-2.714,0.8295,-0.6352,-0.3654,0.5089,GO_GOAL
24.32,-0.766,-0.3564,0.5466,-2.714,0.8295,-0.6352,-0.3654,0.5124,GO_GOAL
24.34,-0.7629,-0.3546,0.5473,-2.7184,0.8352,-0.6352,-0.3654,0.5159,GO_GOAL
24.36,-0.7598,-0.3527,0.548,-2.7184,0.8352,-0.6352,-0.3654,0.5194,GO_GOAL
24.38,-0.7568,-0.3508,0.5487,-2.7207,0.838,-0.6352,-0.3654,0.5228,GO_GOAL
24.4,-0.7537,-0.3489,0.5493,-2.7229,0.8408,-0.6198,-0.3561,0.5263,GO_GOAL
24.42,-0.7506,-0.3471,0.5499,-2.7251,0.8437,-0.6198,-0.3561,0.5298,GO_GOAL
24.44,-0.7476,-0.3452,0.5505,-2.7295,0.8494,-0.6198,-0.3561,0.5333,GO_GOAL
24.46,-0.7445,-0.3433,0.5511,-2.7317,0.8522,-0.6198,-0.3561,0.5368,GO_GOAL
24.48,-0.7415,-0.3414,0.5516,-2.7317,0.8522,-0.6198,-0.3561,0.54,GO_GOAL
24.5,-0.7384,-0.3395,0.5521,-2.7339,0.855,-0.6045,-0.3467,0.5364,GO_GOAL
24.52,-0.7353,-0.3377,0.5526,-2.7362,0.8579,-0.6045,-0.3467,0.5328,GO_GOAL
24.54,-0.7323,-0.3358,0.553,-2.7384,0.8607,-0.6045,-0.3467,0.5292,GO_GOAL
24.56,-0.7292,-0.3339,0.5535,-2.7428,0.8664,-0.6045,-0.3467,0.5257,GO_GOAL
24.58,-0.7262,-0.332,0.554,-2.7428,0.8664,-0.6045,-0.3467,0.5221,GO_GOAL
24.6,-0.7231,-0.3301,0.5543,-2.7451,0.8692,-0.5892,-0.3372,0.5185,GO_GOAL
24.62,-0.72,-0.3282,0.5547,-2.7473,0.872,-0.5892,-0.3372,0.5149,GO_GOAL
24.64,-0.717,-0.3263,0.5551,-2.7495,0.8748,-0.5892,-0.3372,0.5113,GO_GOAL
24.66,-0.7139,-0.3244,0.5554,-2.7517,0.8777,-0.5892,-0.3372,0.5077,GO_GOAL
24.68,-0.7109,-0.3225,0.5558,-2.754,0.8805,-0.5892,-0.3372,0.5042,GO_GOAL
24.7,-0.7078,-0.3206,0.5561,-2.7562,0.8833,-0.5739,-0.3278,0.5006,GO_GOAL
24.72,-0.7048,-0.3187,0.5564,-2.7584,0.8861,-0.5739,-0.3278,0.497,GO_GOAL
24.74,-0.7017,-0.3168,0.5567,-2.7607,0.889,-0.5739,-0.3278,0.4934,GO_GOAL
24.76,-0.6987,-0.3149,0.5569,-2.7629,0.8918,-0.5739,-0.3278,0.4898,GO_GOAL
24.78,-0.6956,-0.313,0.5572,-2.7651,0.8946,-0.5739,-0.3278,0.4862,GO_GOAL
24.8,-0.6925,-0.3111,0.5575,-2.7674,0.8974,-0.5586,-0.3182,0.4826,GO_GOAL
24.82,-0.6895,-0.3092,0.5577,-2.7696,0.9002,-0.5586,-0.3182,0.479,GO_GOAL
24.84,-0.6864,-0.3073,0.5579,-2.7718,0.9031,-0.5586,-0.3182,0.4755,GO_GOAL
24.86,-0.6834,-0.3054,0.5581,-2.7741,0.9059,-0.5586,-0.3182,0.4719,GO_GOAL
24.88,-0.6803,-0.3035,0.5584,-2.7763,0.9087,-0.5586,-0.3182,0.4683,GO_GOAL
24.9,-0.6773,-0.3016,0.5585,-2.7786,0.9115,-0.5433,-0.3087,0.4647,GO_GOAL
24.92,-0.6742,-0.2997,0.5587,-2.7808,0.9143,-0.5433,-0.3087,0.4611,GO_GOAL
24.94,-0.6712,-0.2978,0.5589,-2.7853,0.92,-0.5433,-0.3087,0.4575,GO_GOAL
24.96,-0.6681,-0.2959,0.5591,-2.7853,0.92,-0.5433,-0.3087,0.4539,GO_GOAL
24.98,-0.6651,-0.2939,0.5593,-2.7875,0.9228,-0.5433,-0.3087,0.4503,GO_GOAL
25.0,-0.662,-0.292,0.5594,-2.7898,0.9256,-0.5281,-0.2992,0.4468,GO_GOAL
25.02,-0.659,-0.2901,0.5596,-2.792,0.9284,-0.5281,-0.2992,0.4432,GO_GOAL
25.04,-0.6559,-0.2882,0.5597,-2.7942,0.9312,-0.5281,-0.2992,0.4396,GO_GOAL
25.06,-0.6529,-0.2863,0.5598,-2.7965,0.9341,-0.5281,-0.2992,0.436,GO_GOAL
25.08,-0.6498,-0.2844,0.56,-2.801,0.9397,-0.5281,-0.2992,0.4324,GO_GOAL
25.1,-0.6468,-0.2825,0.5601,-2.801,0.9397,-0.5097,-0.2877,0.4288,GO_GOAL
25.12,-0.6437,-0.2806,0.5602,-2.8055,0.9453,-0.5097,-0.2877,0.4252,GO_GOAL
25.14,-0.6407,-0.2787,0.5603,-2.8055,0.9453,-0.5097,-0.2877,0.4216,GO_GOAL
25.16,-0.6376,-0.2767,0.5604,-2.8077,0.9481,-0.5097,-0.2877,0.4181,GO_GOAL
25.18,-0.6346,-0.2748,0.5605,-2.81,0.951,-0.5097,-0.2877,0.4145,GO_GOAL
25.2,-0.6315,-0.2729,0.5606,-2.8122,0.9538,-0.4976,-0.2801,0.4109,GO_GOAL
25.22,-0.6285,-0.271,0.5607,-2.8144,0.9566,-0.4976,-0.2801,0.4073,GO_GOAL
25.24,-0.6254,-0.2691,0.5608,-2.8167,0.9594,-0.4976,-0.2801,0.4037,GO_GOAL
25.26,-0.6224,-0.2672,0.5609,-2.8189,0.9622,-0.4976,-0.2801,0.4001,GO_GOAL
25.28,-0.6194,-0.2653,0.561,-2.8212,0.965,-0.4976,-0.2801,0.3965,GO_GOAL
25.3,-0.6163,-0.2633,0.561,-2.8257,0.9707,-0.4823,-0.2705,0.3929,GO_GOAL
25.32,-0.6133,-0.2614,0.5611,-2.8257,0.9707,-0.4823,-0.2705,0.3894,GO_GOAL
25.34,-0.6102,-0.2595,0.5612,-2.8279,0.9735,-0.4823,-0.2705,0.3858,GO_GOAL
25.36,-0.6072,-0.2576,0.5613,-2.8302,0.9763,-0.4823,-0.2705,0.3822,GO_GOAL
25.38,-0.6041,-0.2557,0.5613,-2.8347,0.9819,-0.4823,-0.2705,0.3786,GO_GOAL
25.4,-0.6013,-0.2539,0.5614,-2.8347,0.9819,-0.4671,-0.2609,0.3753,GO_GOAL
25.42,-0.5985,-0.2522,0.5614,-2.8367,0.9845,-0.4671,-0.2609,0.372,GO_GOAL
25.44,-0.5958,-0.2504,0.5615,-2.8408,0.9896,-0.4671,-0.2609,0.3688,GO_GOAL
25.46,-0.593,-0.2487,0.5616,-2.8408,0.9896,-0.4671,-0.2609,0.3655,GO_GOAL
25.48,-0.5902,-0.2469,0.5616,-2.8429,0.9922,-0.4671,-0.2609,0.3622,GO_GOAL
25.5,-0.5874,-0.2452,0.5617,-2.8449,0.9947,-0.4529,-0.252,0.359,GO_GOAL
25.52,-0.5847,-0.2435,0.5617,-2.847,0.9973,-0.4529,-0.252,0.3557,GO_GOAL
25.54,-0.5819,-0.2417,0.5617,-2.849,0.9998,-0.4529,-0.252,0.3524,GO_GOAL
25.56,-0.5791,-0.24,0.5618,-2.8511,1.0024,-0.4529,-0.252,0.3492,GO_GOAL
25.58,-0.5764,-0.2382,0.5618,-2.8531,1.005,-0.439,-0.2433,0.3459,GO_GOAL
25.6,-0.5738,-0.2366,0.5619,-2.857,1.0098,-0.439,-0.2433,0.343,GO_GOAL
25.62,-0.5713,-0.2351,0.5619,-2.857,1.0098,-0.439,-0.2433,0.34,GO_GOAL
25.64,-0.5689,-0.2335,0.5619,-2.8607,1.0144,-0.439,-0.2433,0.3371,GO_GOAL
25.66,-0.5664,-0.2319,0.562,-2.8607,1.0144,-0.439,-0.2433,0.3341,GO_GOAL
25.68,-0.5639,-0.2304,0.562,-2.8625,1.0167,-0.439,-0.2433,0.3312,GO_GOAL
25.7,-0.5614,-0.2288,0.562,-2.8644,1.019,-0.4263,-0.2352,0.3283,GO_GOAL
25.72,-0.5589,-0.2272,0.5621,-2.8662,1.0213,-0.4263,-0.2352,0.3253,GO_GOAL
25.74,-0.5564,-0.2256,0.5621,-2.8681,1.0236,-0.4263,-0.2352,0.3224,GO_GOAL
25.76,-0.5539,-0.2241,0.5621,-2.8699,1.0259,-0.4263,-0.2352,0.3195,GO_GOAL
25.78,-0.5514,-0.2225,0.5622,-2.8717,1.0282,-0.4263,-0.2352,0.3165,GO_GOAL
25.8,-0.549,-0.221,0.5622,-2.8736,1.0305,-0.4138,-0.2274,0.3137,GO_GOAL
25.82,-0.5466,-0.2195,0.5622,-2.8753,1.0328,-0.4138,-0.2274,0.3109,GO_GOAL
25.84,-0.5442,-0.218,0.5622,-2.8771,1.035,-0.4138,-0.2274,0.3081,GO_GOAL
25.86,-0.5419,-0.2165,0.5622,-2.8789,1.0372,-0.4138,-0.2274,0.3053,GO_GOAL
25.88,-0.5395,-0.215,0.5623,-2.8824,1.0416,-0.4138,-0.2274,0.3025,GO_GOAL
25.9,-0.5371,-0.2135,0.5623,-2.8824,1.0416,-0.4018,-0.2198,0.2997,GO_GOAL
25.92,-0.5347,-0.212,0.5623,-2.8842,1.0438,-0.4018,-0.2198,0.2969,GO_GOAL
25.94,-0.5323,-0.2105,0.5623,-2.8859,1.046,-0.4018,-0.2198,0.2941,GO_GOAL
25.96,-0.5299,-0.209,0.5623,-2.8877,1.0482,-0.4018,-0.2198,0.2913,GO_GOAL
25.98,-0.5275,-0.2075,0.5624,-2.8894,1.0504,-0.4018,-0.2198,0.2884,GO_GOAL
26.0,-0.5254,-0.2061,0.5624,-2.8928,1.0545,-0.3898,-0.2123,0.286,GO_GOAL
26.02,-0.5233,-0.2048,0.5624,-2.8928,1.0545,-0.3898,-0.2123,0.2835,GO_GOAL
26.04,-0.5213,-0.2035,0.5624,-2.8958,1.0584,-0.3898,-0.2123,0.281,GO_GOAL
26.06,-0.5192,-0.2022,0.5624,-2.8958,1.0584,-0.3898,-0.2123,0.2786,GO_GOAL
26.08,-0.5171,-0.2009,0.5624,-2.8974,1.0603,-0.3898,-0.2123,0.2761,GO_GOAL
26.102,-0.515,-0.1996,0.5624,-2.8989,1.0622,-0.3791,-0.2055,0.2737,GO_GOAL
26.12,-0.5129,-0.1983,0.5624,-2.9005,1.0641,-0.3791,-0.2055,0.2712,GO_GOAL
26.14,-0.5108,-0.1969,0.5625,-2.902,1.0661,-0.3791,-0.2055,0.2688,GO_GOAL
26.16,-0.5087,-0.1956,0.5625,-2.9036,1.068,-0.3791,-0.2055,0.2663,GO_GOAL
26.18,-0.5067,-0.1943,0.5625,-2.9051,1.0699,-0.3791,-0.2055,0.2639,GO_GOAL
26.2,-0.5047,-0.1931,0.5623,-2.9066,1.0718,-0.3791,-0.2055,0.2616,GO_GOAL
26.22,-0.5028,-0.1919,0.5617,-2.9089,1.0747,-0.3791,-0.2055,0.2594,GO_GOAL
26.24,-0.501,-0.1907,0.5606,-2.9089,1.0747,-0.3687,-0.1989,0.2572,FOLLOW_ARC
26.26,-0.4991,-0.1896,0.559,-2.91,1.0761,-0.3687,-0.1989,0.255,FOLLOW_ARC
26.28,-0.4973,-0.1884,0.557,-2.9111,1.0775,-0.3687,-0.1989,0.2529,FOLLOW_ARC
26.3,-0.4955,-0.1873,0.5545,-2.9133,1.0804,-0.3604,-0.1937,0.2508,FOLLOW_ARC
26.32,-0.4938,-0.1862,0.5515,-2.9133,1.0804,-0.3604,-0.1937,0.2487,FOLLOW_ARC
26.34,-0.492,-0.1852,0.5481,-2.9154,1.0833,-0.3604,-0.1937,0.2467,FOLLOW_ARC
26.36,-0.4903,-0.1841,0.5443,-2.9154,1.0833,-0.3604,-0.1937,0.2447,FOLLOW_ARC
26.38,-0.4886,-0.1831,0.54,-2.9165,1.0848,-0.3604,-0.1937,0.2427,FOLLOW_ARC
26.4,-0.4871,-0.1823,0.5356,-2.9175,1.0862,-0.3527,-0.189,0.2409,FOLLOW_TURN
26.42,-0.4859,-0.1817,0.5318,-2.9176,1.0864,-0.3527,-0.189,0.2396,FOLLOW_TURN
26.44,-0.485,-0.1814,0.5285,-2.9176,1.0864,-0.3527,-0.189,0.2387,FOLLOW_TURN
26.46,-0.4844,-0.1814,0.5257,-2.9176,1.0864,-0.3527,-0.189,0.2382,FOLLOW_TURN
26.48,-0.4841,-0.1817,0.5234,-2.9176,1.0864,-0.3527,-0.189,0.2382,FOLLOW_TURN
26.5,-0.4841,-0.1823,0.5216,-2.9176,1.0864,-0.351,-0.188,0.2385,FOLLOW_TURN
26.52,-0.4844,-0.1832,0.5203,-2.9176,1.0864,-0.351,-0.188,0.2393,FOLLOW_TURN
26.54,-0.4851,-0.1842,0.5195,-2.9176,1.0864,-0.351,-0.188,0.2405,FOLLOW_TURN
26.56,-0.486,-0.1852,0.5192,-2.9176,1.0864,-0.351,-0.188,0.2418,FOLLOW_TURN
26.58,-0.4873,-0.1861,0.5194,-2.9176,1.0864,-0.351,-0.188,0.2434,FOLLOW_TURN
26.6,-0.4889,-0.187,0.5201,-2.9176,1.0864,-0.351,-0.188,0.2452,FOLLOW_TURN
26.62,-0.4905,-0.1879,0.5213,-2.9176,1.0864,-0.351,-0.188,0.247,FOLLOW_TURN
26.64,-0.492,-0.1888,0.523,-2.9176,1.0864,-0.351,-0.188,0.2488,FOLLOW_TURN
26.66,-0.4936,-0.1897,0.525,-2.9176,1.0864,-0.351,-0.188,0.2506,FOLLOW_TURN
26.68,-0.4951,-0.1906,0.5276,-2.9176,1.0864,-0.351,-0.188,0.2523,FOLLOW_TURN
26.7,-0.4965,-0.1915,0.5306,-2.9176,1.0864,-0.351,-0.188,0.254,FOLLOW_TURN
26.72,-0.498,-0.1923,0.5341,-2.9176,1.0864,-0.351,-0.188,0.2557,FOLLOW_TURN
26.74,-0.4994,-0.1932,0.538,-2.9176,1.0864,-0.351,-0.188,0.2573,FOLLOW_TURN
26.76,-0.5008,-0.194,0.5424,-2.9176,1.0864,-0.351,-0.188,0.2589,FOLLOW_TURN
26.78,-0.5021,-0.1948,0.5472,-2.9176,1.0864,-0.351,-0.188,0.2605,FOLLOW_TURN
26.8,-0.5034,-0.1956,0.5525,-2.9176,1.0864,-0.351,-0.188,0.2621,FOLLOW_TURN
26.82,-0.5047,-0.1964,0.5582,-2.9176,1.0864,-0.351,-0.188,0.2636,FOLLOW_TURN
26.84,-0.506,-0.1972,0.5644,-2.9176,1.0864,-0.351,-0.188,0.2651,FOLLOW_TURN
26.86,-0.5072,-0.198,0.5711,-2.9176,1.0864,-0.351,-0.188,0.2665,FOLLOW_TURN
26.88,-0.5084,-0.1987,0.5783,-2.9176,1.0864,-0.351,-0.188,0.268,FOLLOW_TURN
26.9,-0.5095,-0.1995,0.5859,-2.9176,1.0864,-0.351,-0.188,0.2694,FOLLOW_TURN
26.92,-0.5107,-0.2002,0.5939,-2.9176,1.0864,-0.351,-0.188,0.2707,FOLLOW_TURN
26.94,-0.5117,-0.201,0.6024,-2.9176,1.0864,-0.351,-0.188,0.2721,FOLLOW_TURN
26.96,-0.5128,-0.2017,0.6114,-2.9176,1.0864,-0.351,-0.188,0.2734,FOLLOW_TURN
26.98,-0.5138,-0.2024,0.6209,-2.9176,1.0864,-0.351,-0.188,0.2746,FOLLOW_TURN
27.0,-0.5147,-0.203,0.6303,-2.9176,1.0864,-0.351,-0.188,0.2757,FOLLOW_ARC
27.02,-0.5152,-0.2033,0.6393,-2.9178,1.0864,-0.351,-0.188,0.2763,FOLLOW_ARC
27.04,-0.5154,-0.2033,0.6477,-2.9184,1.0866,-0.351,-0.188,0.2764,FOLLOW_ARC
27.06,-0.5153,-0.203,0.6557,-2.9193,1.0868,-0.351,-0.188,0.2762,FOLLOW_ARC
27.08,-0.5148,-0.2024,0.6631,-2.9206,1.0872,-0.351,-0.188,0.2754,FOLLOW_ARC
27.1,-0.514,-0.2015,0.6699,-2.9241,1.0881,-0.3486,-0.1861,0.2742,FOLLOW_ARC
27.12,-0.5128,-0.2004,0.6763,-2.9241,1.0881,-0.3486,-0.1861,0.2726,FOLLOW_ARC
27.14,-0.5114,-0.1989,0.6821,-2.9258,1.0886,-0.3486,-0.1861,0.2706,FOLLOW_ARC
27.16,-0.5096,-0.1972,0.6874,-2.9275,1.0891,-0.3486,-0.1861,0.2681,FOLLOW_ARC
27.18,-0.5076,-0.1956,0.6922,-2.9292,1.0896,-0.3486,-0.1861,0.2655,FOLLOW_ARC
27.2,-0.5056,-0.1939,0.6966,-2.931,1.0901,-0.3416,-0.1805,0.2629,FOLLOW
27.22,-0.5037,-0.1922,0.7004,-2.9321,1.0904,-0.3416,-0.1805,0.2604,FOLLOW
27.24,-0.5018,-0.1906,0.7038,-2.9331,1.0908,-0.3416,-0.1805,0.2579,FOLLOW
27.26,-0.4999,-0.189,0.7067,-2.9341,1.0911,-0.3416,-0.1805,0.2554,FOLLOW
27.28,-0.498,-0.1874,0.7091,-2.9351,1.0915,-0.3416,-0.1805,0.2529,FOLLOW
27.3,-0.4962,-0.1858,0.7111,-2.9361,1.0919,-0.3368,-0.1765,0.2505,FOLLOW
27.32,-0.4943,-0.1843,0.7126,-2.9381,1.0927,-0.3368,-0.1765,0.2481,FOLLOW
27.34,-0.4926,-0.1827,0.7136,-2.9381,1.0927,-0.3368,-0.1765,0.2457,FOLLOW
27.36,-0.4908,-0.1812,0.7142,-2.9391,1.0931,-0.3368,-0.1765,0.2434,FOLLOW
27.38,-0.4891,-0.1797,0.7143,-2.9401,1.0936,-0.3368,-0.1765,0.2411,FOLLOW
27.4,-0.4877,-0.1785,0.7143,-2.9412,1.0941,-0.3368,-0.1765,0.2393,FOLLOW
27.42,-0.4867,-0.1777,0.7149,-2.9412,1.0941,-0.3327,-0.173,0.238,FOLLOW_TURN
27.44,-0.486,-0.1771,0.716,-2.9412,1.0941,-0.3327,-0.173,0.2371,FOLLOW_TURN
27.46,-0.4856,-0.1769,0.7177,-2.9412,1.0941,-0.3327,-0.173,0.2366,FOLLOW_TURN
27.48,-0.4855,-0.1769,0.7199,-2.9412,1.0941,-0.3327,-0.173,0.2366,FOLLOW_TURN
27.5,-0.4858,-0.1772,0.7226,-2.9412,1.0941,-0.3318,-0.1722,0.237,FOLLOW_TURN
27.52,-0.4863,-0.1779,0.7258,-2.9412,1.0941,-0.3318,-0.1722,0.2378,FOLLOW_TURN
27.54,-0.4872,-0.1788,0.7295,-2.9412,1.0941,-0.3318,-0.1722,0.239,FOLLOW_TURN
27.56,-0.4883,-0.1798,0.7338,-2.9412,1.0941,-0.3318,-0.1722,0.2406,FOLLOW_TURN
27.58,-0.4895,-0.1809,0.7386,-2.9412,1.0941,-0.3318,-0.1722,0.2421,FOLLOW_TURN
27.6,-0.4906,-0.182,0.7438,-2.9412,1.0941,-0.3318,-0.1722,0.2437,FOLLOW_TURN
27.62,-0.4918,-0.183,0.7495,-2.9412,1.0941,-0.3318,-0.1722,0.2452,FOLLOW_TURN
27.64,-0.4928,-0.184,0.7557,-2.9412,1.0941,-0.3318,-0.1722,0.2466,FOLLOW_TURN
27.66,-0.4939,-0.185,0.7623,-2.9412,1.0941,-0.3318,-0.1722,0.2481,FOLLOW_TURN
27.68,-0.4949,-0.186,0.7694,-2.9412,1.0941,-0.3318,-0.1722,0.2494,FOLLOW_TURN
27.7,-0.4959,-0.1869,0.777,-2.9412,1.0941,-0.3318,-0.1722,0.2508,FOLLOW_TURN
27.72,-0.4969,-0.1879,0.7851,-2.9412,1.0941,-0.3318,-0.1722,0.2521,FOLLOW_TURN
27.74,-0.4978,-0.1888,0.7936,-2.9412,1.0941,-0.3318,-0.1722,0.2534,FOLLOW_TURN
27.76,-0.4987,-0.1897,0.8026,-2.9412,1.0941,-0.3318,-0.1722,0.2546,FOLLOW_TURN
27.78,-0.4995,-0.1906,0.8121,-2.9412,1.0941,-0.3318,-0.1722,0.2558,FOLLOW_TURN
27.8,-0.5004,-0.1915,0.822,-2.9412,1.0941,-0.3318,-0.1722,0.257,FOLLOW_TURN
27.82,-0.5012,-0.1924,0.8324,-2.9412,1.0941,-0.3318,-0.1722,0.2581,FOLLOW_TURN
27.84,-0.502,-0.1932,0.8433,-2.9412,1.0941,-0.3318,-0.1722,0.2591,FOLLOW_TURN
27.86,-0.5027,-0.194,0.8547,-2.9412,1.0941,-0.3318,-0.1722,0.2602,FOLLOW_TURN
27.88,-0.5034,-0.1949,0.8665,-2.9412,1.0941,-0.3318,-0.1722,0.2612,FOLLOW_TURN
27.9,-0.5041,-0.1957,0.8788,-2.9412,1.0941,-0.3318,-0.1722,0.2621,FOLLOW_TURN
27.92,-0.5047,-0.1964,0.8916,-2.9412,1.0941,-0.3318,-0.1722,0.263,FOLLOW_TURN
27.94,-0.5053,-0.1972,0.9048,-2.9412,1.0941,-0.3318,-0.1722,0.2639,FOLLOW_TURN
27.96,-0.5059,-0.198,0.9185,-2.9412,1.0941,-0.3318,-0.1722,0.2647,FOLLOW_TURN
27.98,-0.5065,-0.1987,0.9327,-2.9412,1.0941,-0.3318,-0.1722,0.2655,FOLLOW_TURN
28.0,-0.507,-0.1994,0.9473,-2.9412,1.0941,-0.3318,-0.1722,0.2662,FOLLOW_TURN
28.02,-0.5075,-0.2001,0.9624,-2.9412,1.0941,-0.3318,-0.1722,0.2669,FOLLOW_TURN
28.04,-0.5079,-0.2007,0.978,-2.9412,1.0941,-0.3318,-0.1722,0.2675,FOLLOW_TURN
28.06,-0.5084,-0.2014,0.994,-2.9412,1.0941,-0.3318,-0.1722,0.2681,FOLLOW_TURN
28.08,-0.5088,-0.202,1.0105,-2.9412,1.0941,-0.3318,-0.1722,0.2687,FOLLOW_TURN
28.1,-0.5092,-0.2026,1.0275,-2.9412,1.0941,-0.3318,-0.1722,0.2692,FOLLOW_TURN
28.12,-0.5095,-0.2032,1.0449,-2.9412,1.0941,-0.3318,-0.1722,0.2696,FOLLOW_TURN
28.14,-0.5099,-0.2038,1.0627,-2.9412,1.0941,-0.3318,-0.1722,0.27,FOLLOW_TURN
28.16,-0.5102,-0.2043,1.081,-2.9412,1.0941,-0.3318,-0.1722,0.2704,FOLLOW_TURN
28.18,-0.5104,-0.2048,1.0998,-2.9412,1.0941,-0.3318,-0.1722,0.2707,FOLLOW_TURN
28.2,-0.5107,-0.2053,1.119,-2.9412,1.0941,-0.3318,-0.1722,0.271,FOLLOW_TURN
28.22,-0.5109,-0.2058,1.1387,-2.9412,1.0941,-0.3318,-0.1722,0.2712,FOLLOW_TURN
28.24,-0.5111,-0.2063,1.1588,-2.9412,1.0941,-0.3318,-0.1722,0.2713,FOLLOW_TURN
28.26,-0.5113,-0.2067,1.1793,-2.9412,1.0941,-0.3318,-0.1722,0.2715,FOLLOW_TURN
28.28,-0.5115,-0.2071,1.2003,-2.9412,1.0941,-0.3318,-0.1722,0.2715,FOLLOW_TURN
28.3,-0.5116,-0.2074,1.2217,-2.9412,1.0941,-0.3318,-0.1722,0.2715,FOLLOW_TURN
28.32,-0.5118,-0.2078,1.2435,-2.9412,1.0941,-0.3318,-0.1722,0.2715,FOLLOW_TURN
28.34,-0.5119,-0.2081,1.2657,-2.9412,1.0941,-0.3318,-0.1722,0.2714,FOLLOW_TURN
28.36,-0.512,-0.2084,1.2884,-2.9412,1.0941,-0.3318,-0.1722,0.2713,FOLLOW_TURN
28.38,-0.512,-0.2087,1.3115,-2.9412,1.0941,-0.3318,-0.1722,0.2711,FOLLOW_TURN
28.4,-0.512,-0.2088,1.3345,-2.9413,1.0939,-0.3318,-0.1722,0.2707,FOLLOW
28.42,-0.5116,-0.2086,1.3572,-2.9413,1.0939,-0.3318,-0.1722,0.2699,FOLLOW
28.44,-0.511,-0.2082,1.3794,-2.9418,1.0936,-0.3318,-0.1722,0.2687,FOLLOW
28.46,-0.5103,-0.2075,1.4011,-2.9435,1.092,-0.3318,-0.1722,0.2673,FOLLOW
28.48,-0.5097,-0.2064,1.4224,-2.9448,1.0908,-0.3318,-0.1722,0.2657,FOLLOW
28.5,-0.5091,-0.2051,1.4433,-2.9448,1.0908,-0.3313,-0.1692,0.264,FOLLOW
28.52,-0.5087,-0.2035,1.4639,-2.9476,1.0885,-0.3313,-0.1692,0.2621,FOLLOW
28.54,-0.5083,-0.2016,1.484,-2.9491,1.0873,-0.3313,-0.1692,0.2601,FOLLOW
28.56,-0.508,-0.1994,1.5037,-2.9491,1.0873,-0.3313,-0.1692,0.2581,FOLLOW
28.58,-0.5078,-0.1969,1.523,-2.9505,1.0861,-0.3313,-0.1692,0.2558,FOLLOW
28.6,-0.5076,-0.1941,1.5419,-2.9519,1.085,-0.3303,-0.1601,0.2535,FOLLOW
28.62,-0.5076,-0.1911,1.5605,-2.9535,1.0838,-0.3303,-0.1601,0.251,FOLLOW
28.64,-0.5075,-0.1877,1.5786,-2.9554,1.0823,-0.3303,-0.1601,0.2484,FOLLOW
28.66,-0.5076,-0.184,1.5965,-2.9575,1.0807,-0.3303,-0.1601,0.2457,FOLLOW
28.68,-0.5078,-0.1801,1.6139,-2.9618,1.0774,-0.3303,-0.1601,0.2429,FOLLOW
28.698,-0.508,-0.1759,1.6309,-2.9618,1.0774,-0.3302,-0.1485,0.2399,FOLLOW
28.72,-0.5083,-0.1717,1.6476,-2.9639,1.0758,-0.3302,-0.1485,0.2371,FOLLOW
28.74,-0.5086,-0.1675,1.6639,-2.9661,1.0743,-0.3302,-0.1485,0.2343,FOLLOW
28.76,-0.5091,-0.1633,1.6799,-2.9682,1.0727,-0.3302,-0.1485,0.2317,FOLLOW
28.78,-0.5095,-0.1592,1.6955,-2.9726,1.0696,-0.3302,-0.1485,0.2291,FOLLOW
28.8,-0.5101,-0.1552,1.7108,-2.9726,1.0696,-0.3312,-0.1352,0.2266,FOLLOW
28.82,-0.5107,-0.1509,1.7256,-2.9749,1.0679,-0.3312,-0.1352,0.2241,FOLLOW
28.84,-0.5114,-0.1465,1.74,-2.9775,1.066,-0.3312,-0.1352,0.2217,FOLLOW
28.86,-0.5122,-0.1422,1.7541,-2.9802,1.0642,-0.3312,-0.1352,0.2193,FOLLOW
28.88,-0.513,-0.1379,1.7677,-2.9828,1.0623,-0.3312,-0.1352,0.2171,FOLLOW
28.9,-0.5139,-0.1336,1.781,-2.9855,1.0604,-0.3335,-0.1202,0.2149,FOLLOW
28.92,-0.5149,-0.1294,1.7939,-2.9882,1.0585,-0.3335,-0.1202,0.2128,FOLLOW
28.94,-0.5158,-0.1253,1.8064,-2.9909,1.0567,-0.3335,-0.1202,0.2108,FOLLOW
28.96,-0.5168,-0.1211,1.8184,-2.9935,1.0548,-0.3335,-0.1202,0.2089,FOLLOW
28.98,-0.5179,-0.117,1.8301,-2.9962,1.053,-0.3335,-0.1202,0.2071,FOLLOW
29.0,-0.519,-0.1129,1.8414,-2.9989,1.0511,-0.3371,-0.1043,0.2054,FOLLOW
29.02,-0.5202,-0.1087,1.8522,-3.0018,1.0492,-0.3371,-0.1043,0.2038,FOLLOW
29.04,-0.5214,-0.1046,1.8626,-3.0047,1.0471,-0.3371,-0.1043,0.2022,FOLLOW
29.06,-0.5227,-0.1005,1.8726,-3.0077,1.0451,-0.3371,-0.1043,0.2007,FOLLOW
29.08,-0.524,-0.0964,1.8822,-3.0106,1.0431,-0.3371,-0.1043,0.1993,FOLLOW
29.1,-0.5253,-0.0924,1.8914,-3.0136,1.041,-0.3419,-0.0875,0.198,FOLLOW
29.12,-0.5266,-0.0884,1.9002,-3.0165,1.039,-0.3419,-0.0875,0.1967,FOLLOW
29.14,-0.528,-0.0844,1.9085,-3.0225,1.0349,-0.3419,-0.0875,0.1956,FOLLOW
29.16,-0.5294,-0.0805,1.9164,-3.0225,1.0349,-0.3419,-0.0875,0.1945,FOLLOW
29.18,-0.5308,-0.0767,1.9239,-3.0254,1.0329,-0.3419,-0.0875,0.1935,FOLLOW
29.2,-0.5322,-0.0729,1.9309,-3.0284,1.0308,-0.3477,-0.0705,0.1926,FOLLOW
29.22,-0.5336,-0.0692,1.9376,-3.0313,1.0288,-0.3477,-0.0705,0.1917,FOLLOW
29.24,-0.5351,-0.0655,1.9438,-3.0371,1.0248,-0.3477,-0.0705,0.191,FOLLOW
29.26,-0.5365,-0.0619,1.9495,-3.0371,1.0248,-0.3477,-0.0705,0.1903,FOLLOW
29.28,-0.5379,-0.0583,1.9548,-3.04,1.0228,-0.3477,-0.0705,0.1896,FOLLOW
29.3,-0.5394,-0.0547,1.9597,-3.0458,1.0188,-0.354,-0.0539,0.189,FOLLOW
29.32,-0.5408,-0.0512,1.9642,-3.0458,1.0188,-0.354,-0.0539,0.1885,FOLLOW
29.34,-0.5423,-0.0477,1.9682,-3.0487,1.0168,-0.354,-0.0539,0.188,FOLLOW
29.36,-0.5438,-0.0442,1.9718,-3.0516,1.0148,-0.354,-0.0539,0.1876,FOLLOW
29.38,-0.5452,-0.0408,1.975,-3.0545,1.0128,-0.354,-0.0539,0.1873,FOLLOW
29.4,-0.5466,-0.0375,1.9777,-3.0574,1.0108,-0.3608,-0.0376,0.187,FOLLOW
29.42,-0.548,-0.0343,1.98,-3.0603,1.0088,-0.3608,-0.0376,0.1867,FOLLOW
29.44,-0.5494,-0.031,1.9819,-3.0631,1.0068,-0.3608,-0.0376,0.1865,FOLLOW
29.46,-0.5508,-0.0279,1.9833,-3.0659,1.0049,-0.3608,-0.0376,0.1863,FOLLOW
29.48,-0.5522,-0.0247,1.9842,-3.0687,1.0029,-0.3608,-0.0376,0.1862,FOLLOW
29.5,-0.5536,-0.0216,1.985,-3.0715,1.0009,-0.3676,-0.0217,0.1861,FOLLOW
29.52,-0.555,-0.0184,1.9858,-3.0744,0.999,-0.3676,-0.0217,0.186,FOLLOW
29.54,-0.5564,-0.0153,1.9866,-3.0772,0.997,-0.3676,-0.0217,0.1859,FOLLOW
29.56,-0.5578,-0.0121,1.9875,-3.08,0.995,-0.3676,-0.0217,0.1859,FOLLOW
29.58,-0.5591,-0.009,1.9883,-3.0828,0.993,-0.3676,-0.0217,0.1859,FOLLOW
29.6,-0.5605,-0.006,1.9893,-3.0856,0.991,-0.3746,-0.006,0.1859,FOLLOW
29.62,-0.5618,-0.003,1.9906,-3.0883,0.9891,-0.3746,-0.006,0.1859,FOLLOW
29.64,-0.5632,0.0001,1.992,-3.091,0.9872,-0.3746,-0.006,0.1859,FOLLOW
29.66,-0.5645,0.0031,1.9934,-3.0938,0.9853,-0.3746,-0.006,0.186,FOLLOW
29.68,-0.5659,0.0061,1.9948,-3.0965,0.9834,-0.3814,0.0093,0.186,FOLLOW
29.7,-0.5673,0.0091,1.9962,-3.0992,0.9814,-0.3814,0.0093,0.1861,FOLLOW
29.72,-0.5686,0.0121,1.9976,-3.1019,0.9795,-0.3814,0.0093,0.1863,FOLLOW
29.74,-0.57,0.0151,1.999,-3.1046,0.9776,-0.3814,0.0093,0.1864,FOLLOW
29.76,-0.5714,0.0181,2.0004,-3.1072,0.9756,-0.3814,0.0093,0.1866,FOLLOW
29.78,-0.5728,0.0211,2.0018,-3.1099,0.9737,-0.3814,0.0093,0.1868,FOLLOW
29.8,-0.5742,0.0242,2.0031,-3.1126,0.9717,-0.3896,0.0274,0.187,FOLLOW
29.82,-0.5756,0.0272,2.0043,-3.1153,0.9697,-0.3896,0.0274,0.1873,FOLLOW
29.84,-0.577,0.0303,2.0054,-3.1181,0.9678,-0.3896,0.0274,0.1875,FOLLOW
29.86,-0.5784,0.0333,2.0066,-3.1235,0.9638,-0.3896,0.0274,0.1878,FOLLOW
29.88,-0.5798,0.0363,2.0078,-3.1262,0.9618,-0.3953,0.0396,0.1881,FOLLOW
29.9,-0.5812,0.0394,2.009,-3.1262,0.9618,-0.3953,0.0396,0.1885,FOLLOW
29.92,-0.5827,0.0424,2.0101,-3.1289,0.9598,-0.3953,0.0396,0.1888,FOLLOW
29.94,-0.5841,0.0455,2.0113,-3.1343,0.9558,-0.3953,0.0396,0.1892,FOLLOW
29.96,-0.5855,0.0485,2.0125,-3.1343,0.9558,-0.3953,0.0396,0.1896,FOLLOW
29.98,-0.5869,0.0515,2.0137,-3.137,0.9538,-0.3953,0.0396,0.1901,FOLLOW
30.0,-0.5884,0.0546,2.0147,-3.1397,0.9518,-0.4024,0.0549,0.1905,FOLLOW
30.02,-0.5899,0.0576,2.0157,-3.1452,0.9477,-0.4024,0.0549,0.191,FOLLOW
30.04,-0.5913,0.0607,2.0167,-3.1452,0.9477,-0.4024,0.0549,0.1915,FOLLOW
30.06,-0.5928,0.0638,2.0176,-3.1506,0.9436,-0.4024,0.0549,0.192,FOLLOW
30.08,-0.5943,0.0668,2.0186,-3.1506,0.9436,-0.4024,0.0549,0.1926,FOLLOW
30.1,-0.5957,0.0699,2.0196,-3.1533,0.9416,-0.4112,0.0733,0.1932,FOLLOW
30.12,-0.5972,0.073,2.0206,-3.1561,0.9395,-0.4112,0.0733,0.1938,FOLLOW
30.14,-0.5987,0.076,2.0216,-3.1588,0.9375,-0.4112,0.0733,0.1944,FOLLOW
30.16,-0.6002,0.0791,2.0225,-3.1615,0.9354,-0.4112,0.0733,0.195,FOLLOW
30.18,-0.6017,0.0821,2.0235,-3.1642,0.9334,-0.4112,0.0733,0.1957,FOLLOW
30.2,-0.6032,0.0853,2.0243,-3.1669,0.9313,-0.4171,0.0855,0.1964,FOLLOW
30.22,-0.6047,0.0884,2.0247,-3.1697,0.9292,-0.4171,0.0855,0.1971,FOLLOW
30.24,-0.6063,0.0916,2.0251,-3.1753,0.9249,-0.4171,0.0855,0.1979,FOLLOW
30.26,-0.6078,0.0947,2.0255,-3.1753,0.9249,-0.4171,0.0855,0.1987,FOLLOW
30.28,-0.6094,0.0979,2.0259,-3.1781,0.9228,-0.4171,0.0855,0.1995,FOLLOW
30.3,-0.6109,0.1011,2.0263,-3.1837,0.9185,-0.4248,0.1012,0.2003,FOLLOW
30.32,-0.6125,0.1042,2.0267,-3.1865,0.9164,-0.4248,0.1012,0.2012,FOLLOW
30.34,-0.614,0.1074,2.0271,-3.1865,0.9164,-0.4248,0.1012,0.2021,FOLLOW
30.36,-0.6156,0.1105,2.0275,-3.1893,0.9143,-0.4248,0.1012,0.2029,FOLLOW
30.38,-0.6171,0.1137,2.0279,-3.1921,0.9121,-0.4248,0.1012,0.2039,FOLLOW
30.4,-0.6187,0.1169,2.0281,-3.1949,0.91,-0.4325,0.117,0.2048,FOLLOW
30.42,-0.6202,0.12,2.0279,-3.1977,0.9078,-0.4325,0.117,0.2058,FOLLOW
30.44,-0.6218,0.1232,2.0274,-3.2032,0.9036,-0.4325,0.117,0.2068,FOLLOW
30.46,-0.6233,0.1264,2.027,-3.2032,0.9036,-0.4325,0.117,0.2078,FOLLOW
30.48,-0.6249,0.1295,2.0266,-3.206,0.9014,-0.4325,0.117,0.2088,FOLLOW
30.5,-0.6264,0.1327,2.0262,-3.2088,0.8993,-0.4403,0.1328,0.2098,FOLLOW
30.52,-0.628,0.1358,2.0257,-3.2116,0.8972,-0.4403,0.1328,0.2109,FOLLOW
30.54,-0.6295,0.139,2.0253,-3.2172,0.8929,-0.4403,0.1328,0.212,FOLLOW
30.56,-0.6311,0.1422,2.0249,-3.2172,0.8929,-0.4403,0.1328,0.2131,FOLLOW
30.58,-0.6326,0.1453,2.0244,-3.22,0.8908,-0.4403,0.1328,0.2142,FOLLOW
30.6,-0.6341,0.1484,2.0238,-3.2228,0.8887,-0.448,0.1486,0.2153,FOLLOW
30.62,-0.6356,0.1515,2.0228,-3.2255,0.8866,-0.448,0.1486,0.2164,FOLLOW
30.64,-0.6371,0.1545,2.0218,-3.2282,0.8846,-0.448,0.1486,0.2176,FOLLOW
30.66,-0.6386,0.1576,2.0207,-3.2309,0.8825,-0.448,0.1486,0.2187,FOLLOW
30.68,-0.64,0.1606,2.0197,-3.2363,0.8784,-0.448,0.1486,0.2199,FOLLOW
30.7,-0.6415,0.1637,2.0186,-3.2391,0.8764,-0.4554,0.164,0.221,FOLLOW
30.72,-0.643,0.1668,2.0176,-3.2391,0.8764,-0.4554,0.164,0.2222,FOLLOW
30.74,-0.6445,0.1698,2.0165,-3.2418,0.8744,-0.4554,0.164,0.2234,FOLLOW
30.76,-0.6459,0.1729,2.0155,-3.2472,0.8703,-0.4554,0.164,0.2246,FOLLOW
30.78,-0.6474,0.176,2.0144,-3.2472,0.8703,-0.4554,0.164,0.2258,FOLLOW
30.8,-0.6488,0.179,2.0132,-3.2499,0.8683,-0.4628,0.1792,0.2271,FOLLOW
30.82,-0.6502,0.182,2.0116,-3.2526,0.8663,-0.4628,0.1792,0.2283,FOLLOW
30.84,-0.6516,0.185,2.0101,-3.2579,0.8624,-0.4628,0.1792,0.2295,FOLLOW
30.86,-0.653,0.188,2.0086,-3.2579,0.8624,-0.4628,0.1792,0.2308,FOLLOW
30.88,-0.6544,0.191,2.0071,-3.2605,0.8604,-0.4628,0.1792,0.232,FOLLOW
30.9,-0.6558,0.194,2.0055,-3.2632,0.8585,-0.4698,0.1942,0.2333,FOLLOW
30.92,-0.6572,0.197,2.004,-3.2658,0.8566,-0.4698,0.1942,0.2346,FOLLOW
30.94,-0.6586,0.2,2.0025,-3.2712,0.8527,-0.4698,0.1942,0.2359,FOLLOW
30.96,-0.66,0.203,2.0009,-3.2712,0.8527,-0.4698,0.1942,0.2372,FOLLOW
30.98,-0.6614,0.206,1.9994,-3.2738,0.8508,-0.4698,0.1942,0.2385,FOLLOW
31.0,-0.6627,0.2089,1.9977,-3.2765,0.8488,-0.4781,0.2122,0.2398,FOLLOW
31.02,-0.664,0.2118,1.9955,-3.2816,0.8452,-0.4781,0.2122,0.241,FOLLOW
31.04,-0.6653,0.2146,1.9931,-3.2816,0.8452,-0.4781,0.2122,0.2423,FOLLOW
31.06,-0.6666,0.2175,1.9907,-3.2841,0.8434,-0.4781,0.2122,0.2436,FOLLOW
31.08,-0.6679,0.2204,1.9884,-3.2867,0.8416,-0.4781,0.2122,0.2449,FOLLOW
31.1,-0.6691,0.2233,1.986,-3.2892,0.8398,-0.4832,0.2236,0.2462,FOLLOW
31.12,-0.6704,0.2261,1.9836,-3.2918,0.838,-0.4832,0.2236,0.2476,FOLLOW
31.14,-0.6716,0.229,1.9812,-3.2944,0.8362,-0.4832,0.2236,0.2489,FOLLOW
31.16,-0.6729,0.2319,1.9788,-3.2969,0.8344,-0.4832,0.2236,0.2502,FOLLOW
31.18,-0.6741,0.2348,1.9764,-3.2995,0.8326,-0.4832,0.2236,0.2515,FOLLOW
31.2,-0.6753,0.2375,1.9738,-3.3021,0.8309,-0.4895,0.2379,0.2528,FOLLOW
31.22,-0.6765,0.2402,1.9708,-3.3044,0.8293,-0.4895,0.2379,0.2541,FOLLOW
31.24,-0.6776,0.2429,1.9674,-3.3068,0.8277,-0.4895,0.2379,0.2553,FOLLOW
31.26,-0.6787,0.2455,1.9636,-3.3091,0.8261,-0.4895,0.2379,0.2566,FOLLOW
31.28,-0.6798,0.2482,1.9598,-3.3115,0.8245,-0.4895,0.2379,0.2579,FOLLOW
31.3,-0.6809,0.2508,1.9559,-3.3139,0.823,-0.4951,0.2512,0.2592,FOLLOW
31.32,-0.6819,0.2535,1.9521,-3.3162,0.8214,-0.4951,0.2512,0.2604,FOLLOW
31.34,-0.683,0.2562,1.9483,-3.3186,0.8199,-0.4951,0.2512,0.2617,FOLLOW
31.36,-0.684,0.2588,1.9445,-3.321,0.8183,-0.4951,0.2512,0.263,FOLLOW
31.38,-0.6851,0.2615,1.9406,-3.3234,0.8168,-0.4951,0.2512,0.2643,FOLLOW
31.4,-0.6861,0.2642,1.9367,-3.3258,0.8153,-0.5004,0.2644,0.2655,FOLLOW
31.42,-0.6871,0.2668,1.9327,-3.3305,0.8123,-0.5004,0.2644,0.2668,FOLLOW
31.44,-0.6881,0.2695,1.9287,-3.3305,0.8123,-0.5004,0.2644,0.2681,FOLLOW
31.46,-0.6891,0.2721,1.9247,-3.3353,0.8094,-0.5004,0.2644,0.2693,FOLLOW
31.48,-0.6901,0.2748,1.9207,-3.3353,0.8094,-0.5004,0.2644,0.2706,FOLLOW
31.5,-0.691,0.2775,1.9166,-3.3401,0.8065,-0.5054,0.2775,0.2718,FOLLOW
31.52,-0.692,0.2801,1.9126,-3.3401,0.8065,-0.5054,0.2775,0.2731,FOLLOW
31.54,-0.6929,0.2828,1.9086,-3.3449,0.8037,-0.5054,0.2775,0.2744,FOLLOW
31.56,-0.6939,0.2855,1.9046,-3.3449,0.8037,-0.5054,0.2775,0.2756,FOLLOW
31.58,-0.6948,0.2882,1.9006,-3.3473,0.8023,-0.5054,0.2775,0.2769,FOLLOW
31.6,-0.6957,0.2907,1.8964,-3.3498,0.8008,-0.5101,0.2907,0.2781,FOLLOW
31.62,-0.6965,0.2932,1.8918,-3.352,0.7996,-0.5101,0.2907,0.2793,FOLLOW
31.64,-0.6973,0.2958,1.8869,-3.3543,0.7983,-0.5101,0.2907,0.2805,FOLLOW
31.66,-0.6982,0.2983,1.8818,-3.3565,0.797,-0.5101,0.2907,0.2817,FOLLOW
31.68,-0.699,0.3008,1.8767,-3.3588,0.7958,-0.5101,0.2907,0.2829,FOLLOW
31.7,-0.6997,0.3033,1.8717,-3.3634,0.7933,-0.5142,0.3032,0.2841,FOLLOW
31.72,-0.7005,0.3058,1.8666,-3.3634,0.7933,-0.5142,0.3032,0.2853,FOLLOW
31.74,-0.7013,0.3083,1.8616,-3.3656,0.7921,-0.5142,0.3032,0.2864,FOLLOW
31.76,-0.702,0.3109,1.8565,-3.3702,0.7897,-0.5142,0.3032,0.2876,FOLLOW
31.78,-0.7028,0.3134,1.8515,-3.3702,0.7897,-0.5142,0.3032,0.2888,FOLLOW
31.802,-0.7035,0.3158,1.8462,-3.3725,0.7885,-0.518,0.3156,0.2899,FOLLOW
31.82,-0.7041,0.3183,1.8407,-3.3748,0.7874,-0.518,0.3156,0.2911,FOLLOW
31.84,-0.7048,0.3207,1.835,-3.377,0.7863,-0.518,0.3156,0.2922,FOLLOW
31.86,-0.7055,0.3231,1.8294,-3.3792,0.7852,-0.518,0.3156,0.2933,FOLLOW
31.88,-0.7061,0.3256,1.8237,-3.3814,0.7841,-0.518,0.3156,0.2945,FOLLOW
31.9,-0.7067,0.328,1.8181,-3.3836,0.783,-0.5213,0.3276,0.2956,FOLLOW
31.92,-0.7073,0.3305,1.8124,-3.3859,0.782,-0.5213,0.3276,0.2967,FOLLOW
31.94,-0.7079,0.3329,1.8068,-3.3881,0.7809,-0.5213,0.3276,0.2978,FOLLOW
31.96,-0.7085,0.3354,1.8011,-3.3904,0.7799,-0.5213,0.3276,0.2989,FOLLOW
31.98,-0.7091,0.3378,1.7955,-3.3949,0.7779,-0.5243,0.3396,0.3,FOLLOW
32.0,-0.7096,0.3402,1.7896,-3.3949,0.7779,-0.5243,0.3396,0.301,FOLLOW
32.02,-0.7101,0.3425,1.7834,-3.397,0.777,-0.5243,0.3396,0.3021,FOLLOW
32.04,-0.7106,0.3448,1.7769,-3.3991,0.7761,-0.5243,0.3396,0.3031,FOLLOW
32.06,-0.7111,0.3471,1.7704,-3.4012,0.7752,-0.5243,0.3396,0.3042,FOLLOW
32.08,-0.7115,0.3494,1.7639,-3.4033,0.7743,-0.5243,0.3396,0.3052,FOLLOW
32.1,-0.712,0.3518,1.7574,-3.4055,0.7734,-0.5268,0.351,0.3062,FOLLOW
32.12,-0.7124,0.3541,1.7509,-3.4076,0.7726,-0.5268,0.351,0.3072,FOLLOW
32.14,-0.7128,0.3564,1.7444,-3.4098,0.7717,-0.5268,0.351,0.3082,FOLLOW
32.16,-0.7132,0.3587,1.7379,-3.4119,0.7709,-0.5268,0.351,0.3092,FOLLOW
32.18,-0.7136,0.3611,1.7314,-3.4141,0.7701,-0.5268,0.351,0.3102,FOLLOW
32.2,-0.714,0.3634,1.7248,-3.4162,0.7693,-0.5288,0.3623,0.3112,FOLLOW
32.22,-0.7143,0.3657,1.7182,-3.4183,0.7685,-0.5288,0.3623,0.3122,FOLLOW
32.24,-0.7146,0.368,1.7116,-3.4205,0.7678,-0.5288,0.3623,0.3131,FOLLOW
32.26,-0.715,0.3703,1.7049,-3.4226,0.767,-0.5288,0.3623,0.3141,FOLLOW
32.28,-0.7153,0.3726,1.6983,-3.4248,0.7663,-0.5288,0.3623,0.315,FOLLOW
32.3,-0.7156,0.3749,1.6917,-3.4269,0.7656,-0.5305,0.3736,0.3159,FOLLOW
32.32,-0.7158,0.3772,1.685,-3.4291,0.7649,-0.5305,0.3736,0.3169,FOLLOW
32.34,-0.7161,0.3795,1.6784,-3.4313,0.7642,-0.5305,0.3736,0.3178,FOLLOW
32.36,-0.7163,0.3819,1.6718,-3.4356,0.7628,-0.5305,0.3736,0.3187,FOLLOW
32.38,-0.7166,0.3842,1.6651,-3.4378,0.7622,-0.5305,0.3736,0.3196,FOLLOW
32.4,-0.7168,0.3864,1.6583,-3.4378,0.7622,-0.5318,0.3849,0.3205,FOLLOW
32.42,-0.7169,0.3886,1.6512,-3.4398,0.7616,-0.5318,0.3849,0.3213,FOLLOW
32.44,-0.7171,0.3907,1.6437,-3.4418,0.7611,-0.5318,0.3849,0.3222,FOLLOW
32.46,-0.7172,0.3928,1.636,-3.4438,0.7605,-0.5318,0.3849,0.323,FOLLOW
32.48,-0.7174,0.395,1.6284,-3.4458,0.76,-0.5318,0.3849,0.3239,FOLLOW
32.5,-0.7175,0.3971,1.6207,-3.4478,0.7595,-0.5326,0.3954,0.3247,FOLLOW
32.52,-0.7176,0.3992,1.613,-3.4498,0.759,-0.5326,0.3954,0.3255,FOLLOW
32.54,-0.7177,0.4014,1.6054,-3.4518,0.7585,-0.5326,0.3954,0.3263,FOLLOW
32.56,-0.7177,0.4035,1.5977,-3.4538,0.7581,-0.5326,0.3954,0.3271,FOLLOW
32.58,-0.7178,0.4056,1.59,-3.4559,0.7576,-0.5326,0.3954,0.3279,FOLLOW
32.6,-0.7178,0.4078,1.5823,-3.4599,0.7568,-0.5331,0.4058,0.3287,FOLLOW
32.62,-0.7178,0.4099,1.5745,-3.4599,0.7568,-0.5331,0.4058,0.3294,FOLLOW
32.64,-0.7178,0.412,1.5668,-3.4619,0.7564,-0.5331,0.4058,0.3302,FOLLOW
32.66,-0.7178,0.4141,1.559,-3.4639,0.756,-0.5331,0.4058,0.3309,FOLLOW
32.68,-0.7178,0.4162,1.5512,-3.4659,0.7556,-0.5331,0.4058,0.3316,FOLLOW
32.7,-0.7177,0.4183,1.5434,-3.4679,0.7553,-0.5331,0.416,0.3324,FOLLOW
32.72,-0.7176,0.4204,1.5357,-3.4699,0.7549,-0.5331,0.416,0.3331,FOLLOW
32.74,-0.7176,0.4226,1.5279,-3.472,0.7546,-0.5331,0.416,0.3338,FOLLOW
32.76,-0.7175,0.4247,1.5201,-3.474,0.7543,-0.5331,0.416,0.3345,FOLLOW
32.78,-0.7173,0.4268,1.5124,-3.478,0.7537,-0.5331,0.416,0.3351,FOLLOW
32.8,-0.7172,0.4289,1.5047,-3.478,0.7537,-0.5328,0.4262,0.3358,FOLLOW
32.82,-0.7171,0.4311,1.4973,-3.4801,0.7535,-0.5328,0.4262,0.3365,FOLLOW
32.84,-0.7169,0.4333,1.4898,-3.4822,0.7532,-0.5328,0.4262,0.3371,FOLLOW
32.86,-0.7167,0.4354,1.4823,-3.4843,0.753,-0.5328,0.4262,0.3378,FOLLOW
32.88,-0.7165,0.4376,1.4749,-3.4864,0.7528,-0.5328,0.4262,0.3384,FOLLOW
32.9,-0.7163,0.4398,1.4674,-3.4885,0.7526,-0.532,0.4367,0.339,FOLLOW
32.92,-0.7161,0.4419,1.46,-3.4906,0.7524,-0.532,0.4367,0.3396,FOLLOW
32.94,-0.7158,0.4441,1.4525,-3.4948,0.7521,-0.532,0.4367,0.3402,FOLLOW
32.96,-0.7155,0.4462,1.445,-3.4948,0.7521,-0.532,0.4367,0.3408,FOLLOW
32.98,-0.7153,0.4484,1.4376,-3.499,0.7518,-0.532,0.4367,0.3414,FOLLOW
33.0,-0.715,0.4504,1.4299,-3.5009,0.7517,-0.5308,0.4471,0.342,FOLLOW
33.02,-0.7147,0.4523,1.4219,-3.5009,0.7517,-0.5308,0.4471,0.3425,FOLLOW
33.04,-0.7144,0.4543,1.4136,-3.5027,0.7516,-0.5308,0.4471,0.3431,FOLLOW
33.06,-0.7141,0.4562,1.4048,-3.5045,0.7516,-0.5308,0.4471,0.3436,FOLLOW
33.08,-0.7138,0.458,1.396,-3.5082,0.7515,-0.5294,0.4565,0.3441,FOLLOW
33.098,-0.7134,0.4599,1.3871,-3.5082,0.7515,-0.5294,0.4565,0.3447,FOLLOW
33.12,-0.7131,0.4618,1.3783,-3.51,0.7515,-0.5294,0.4565,0.3452,FOLLOW
33.14,-0.7127,0.4637,1.3694,-3.5118,0.7515,-0.5294,0.4565,0.3457,FOLLOW
33.16,-0.7123,0.4655,1.3606,-3.5137,0.7515,-0.5294,0.4565,0.3462,FOLLOW
33.18,-0.7119,0.4674,1.3517,-3.5155,0.7515,-0.5294,0.4565,0.3466,FOLLOW
33.2,-0.7114,0.4693,1.3431,-3.5173,0.7516,-0.5277,0.4655,0.3471,FOLLOW
33.22,-0.711,0.4712,1.3345,-3.5211,0.7517,-0.5277,0.4655,0.3475,FOLLOW
33.24,-0.7105,0.4731,1.326,-3.5211,0.7517,-0.5277,0.4655,0.348,FOLLOW
33.26,-0.71,0.4751,1.3175,-3.523,0.7519,-0.5277,0.4655,0.3484,FOLLOW
33.28,-0.7095,0.477,1.309,-3.5249,0.752,-0.5277,0.4655,0.3488,FOLLOW
33.3,-0.709,0.4789,1.3005,-3.5268,0.7521,-0.5255,0.4746,0.3492,FOLLOW
33.32,-0.7085,0.4808,1.292,-3.5306,0.7524,-0.5255,0.4746,0.3496,FOLLOW
33.34,-0.7079,0.4827,1.2834,-3.5306,0.7524,-0.5255,0.4746,0.35,FOLLOW
33.36,-0.7074,0.4845,1.2749,-3.5325,0.7526,-0.5255,0.4746,0.3503,FOLLOW
33.38,-0.7068,0.4864,1.2664,-3.5343,0.7528,-0.5255,0.4746,0.3507,FOLLOW
33.4,-0.7062,0.4883,1.2577,-3.5362,0.753,-0.5229,0.4837,0.351,FOLLOW
33.42,-0.7056,0.4901,1.249,-3.5381,0.7533,-0.5229,0.4837,0.3514,FOLLOW
33.44,-0.705,0.4919,1.2402,-3.5417,0.7538,-0.5229,0.4837,0.3517,FOLLOW
33.46,-0.7043,0.4937,1.2315,-3.5436,0.754,-0.5229,0.4837,0.352,FOLLOW
33.48,-0.7037,0.4956,1.2227,-3.5436,0.754,-0.5229,0.4837,0.3523,FOLLOW
33.5,-0.703,0.4974,1.2139,-3.5472,0.7546,-0.5199,0.4926,0.3526,FOLLOW
33.52,-0.7023,0.4992,1.2052,-3.5472,0.7546,-0.5199,0.4926,0.3529,FOLLOW
33.54,-0.7016,0.501,1.1964,-3.549,0.7549,-0.5199,0.4926,0.3531,FOLLOW
33.56,-0.7009,0.5028,1.1877,-3.5508,0.7553,-0.5199,0.4926,0.3534,FOLLOW
33.58,-0.7002,0.5045,1.1789,-3.5527,0.7556,-0.5199,0.4926,0.3536,FOLLOW
33.6,-0.6994,0.5064,1.1703,-3.5545,0.756,-0.5166,0.5012,0.3538,FOLLOW
33.62,-0.6986,0.5083,1.1622,-3.5564,0.7564,-0.5166,0.5012,0.354,FOLLOW
33.64,-0.6978,0.5102,1.1542,-3.5583,0.7569,-0.5166,0.5012,0.3542,FOLLOW
33.66,-0.6969,0.512,1.1461,-3.5603,0.7573,-0.5166,0.5012,0.3544,FOLLOW
33.68,-0.6961,0.5139,1.1381,-3.5622,0.7578,-0.5166,0.5012,0.3545,FOLLOW
33.7,-0.6952,0.5158,1.13,-3.5661,0.7587,-0.5128,0.5102,0.3547,FOLLOW
33.72,-0.6943,0.5177,1.122,-3.5661,0.7587,-0.5128,0.5102,0.3548,FOLLOW
33.74,-0.6934,0.5195,1.1139,-3.5699,0.7598,-0.5128,0.5102,0.3549,FOLLOW
33.76,-0.6925,0.5214,1.1059,-3.5699,0.7598,-0.5128,0.5102,0.355,FOLLOW
33.78,-0.6915,0.5232,1.0979,-3.5718,0.7603,-0.5128,0.5102,0.3552,FOLLOW
33.8,-0.6907,0.5249,1.0897,-3.5737,0.7609,-0.5075,0.5209,0.3553,FOLLOW
33.82,-0.6898,0.5266,1.081,-3.5754,0.7614,-0.5075,0.5209,0.3554,FOLLOW
33.84,-0.6889,0.5282,1.072,-3.5771,0.7619,-0.5075,0.5209,0.3555,FOLLOW
33.862,-0.688,0.5297,1.0626,-3.5787,0.7624,-0.5075,0.5209,0.3556,FOLLOW
33.88,-0.6872,0.5313,1.0532,-3.582,0.7635,-0.5042,0.527,0.3557,FOLLOW
33.9,-0.6863,0.5329,1.0438,-3.582,0.7635,-0.5042,0.527,0.3558,FOLLOW
33.92,-0.6853,0.5344,1.0344,-3.5836,0.7641,-0.5042,0.527,0.3559,FOLLOW
33.94,-0.6844,0.536,1.025,-3.5852,0.7647,-0.5042,0.527,0.3559,FOLLOW
33.96,-0.6835,0.5375,1.0156,-3.5869,0.7653,-0.5042,0.527,0.356,FOLLOW
33.98,-0.6825,0.5391,1.0063,-3.5885,0.7659,-0.5042,0.527,0.356,FOLLOW
34.0,-0.6815,0.5406,0.9971,-3.5917,0.7672,-0.4998,0.5344,0.3561,FOLLOW
34.02,-0.6805,0.5422,0.988,-3.5917,0.7672,-0.4998,0.5344,0.3561,FOLLOW
34.04,-0.6794,0.5437,0.979,-3.595,0.7686,-0.4998,0.5344,0.356,FOLLOW
34.06,-0.6784,0.5453,0.9699,-3.595,0.7686,-0.4998,0.5344,0.356,FOLLOW
34.08,-0.6773,0.5468,0.9609,-3.5967,0.7693,-0.4998,0.5344,0.356,FOLLOW
34.1,-0.6762,0.5484,0.9518,-3.5983,0.77,-0.495,0.5418,0.3559,FOLLOW
34.12,-0.6751,0.5499,0.9428,-3.5999,0.7708,-0.495,0.5418,0.3558,FOLLOW
34.14,-0.674,0.5514,0.9337,-3.6032,0.7723,-0.495,0.5418,0.3558,FOLLOW
34.16,-0.6729,0.5529,0.9247,-3.6032,0.7723,-0.495,0.5418,0.3557,FOLLOW
34.18,-0.6718,0.5544,0.9157,-3.6048,0.7731,-0.495,0.5418,0.3556,FOLLOW
34.2,-0.6706,0.5559,0.9068,-3.608,0.7747,-0.4897,0.5491,0.3554,FOLLOW
34.22,-0.6694,0.5574,0.8982,-3.608,0.7747,-0.4897,0.5491,0.3553,FOLLOW
34.24,-0.6682,0.5589,0.8895,-3.6097,0.7756,-0.4897,0.5491,0.3551,FOLLOW
34.26,-0.6669,0.5604,0.8809,-3.6113,0.7765,-0.4897,0.5491,0.3549,FOLLOW
34.28,-0.6657,0.5619,0.8722,-3.613,0.7774,-0.4897,0.5491,0.3547,FOLLOW
34.3,-0.6644,0.5634,0.8636,-3.6162,0.7792,-0.4839,0.5563,0.3545,FOLLOW
34.32,-0.6631,0.5649,0.8549,-3.6162,0.7792,-0.4839,0.5563,0.3543,FOLLOW
34.34,-0.6619,0.5664,0.8463,-3.6178,0.7802,-0.4839,0.5563,0.3541,FOLLOW
34.36,-0.6606,0.5678,0.8377,-3.6195,0.7811,-0.4839,0.5563,0.3538,FOLLOW
34.38,-0.6592,0.5693,0.829,-3.6211,0.7821,-0.4839,0.5563,0.3536,FOLLOW
34.4,-0.6579,0.5707,0.8204,-3.6226,0.7831,-0.4778,0.5634,0.3533,FOLLOW
34.42,-0.6566,0.5721,0.8117,-3.6242,0.7841,-0.4778,0.5634,0.353,FOLLOW
34.44,-0.6552,0.5735,0.8031,-3.6258,0.7851,-0.4778,0.5634,0.3528,FOLLOW
34.46,-0.6539,0.5749,0.7944,-3.6274,0.7861,-0.4778,0.5634,0.3525,FOLLOW
34.48,-0.6525,0.5763,0.7858,-3.6289,0.7871,-0.4778,0.5634,0.3521,FOLLOW
34.5,-0.6511,0.5777,0.7771,-3.6305,0.7882,-0.4714,0.5702,0.3518,FOLLOW
34.52,-0.6497,0.579,0.7685,-3.632,0.7893,-0.4714,0.5702,0.3515,FOLLOW
34.54,-0.6483,0.5804,0.7598,-3.6335,0.7903,-0.4714,0.5702,0.3511,FOLLOW
34.56,-0.6469,0.5817,0.7512,-3.6351,0.7914,-0.4714,0.5702,0.3508,FOLLOW
34.58,-0.6455,0.583,0.7425,-3.6366,0.7925,-0.4714,0.5702,0.3504,FOLLOW
34.6,-0.6441,0.5843,0.7337,-3.6381,0.7936,-0.4646,0.5767,0.35,FOLLOW
34.62,-0.6426,0.5856,0.7248,-3.6395,0.7947,-0.4646,0.5767,0.3497,FOLLOW
34.64,-0.6412,0.5868,0.7159,-3.641,0.7959,-0.4646,0.5767,0.3493,FOLLOW
34.66,-0.6398,0.5881,0.707,-3.6424,0.797,-0.4646,0.5767,0.3489,FOLLOW
34.68,-0.6383,0.5893,0.6981,-3.6452,0.7993,-0.4578,0.5828,0.3485,FOLLOW
34.7,-0.6369,0.5905,0.6892,-3.6452,0.7993,-0.4578,0.5828,0.3481,FOLLOW
34.72,-0.6354,0.5917,0.6803,-3.6466,0.8004,-0.4578,0.5828,0.3476,FOLLOW
34.74,-0.6339,0.5929,0.6714,-3.648,0.8016,-0.4578,0.5828,0.3472,FOLLOW
34.76,-0.6324,0.5941,0.6625,-3.6494,0.8028,-0.4578,0.5828,0.3467,FOLLOW
34.78,-0.6309,0.5952,0.6536,-3.6508,0.804,-0.4578,0.5828,0.3463,FOLLOW
34.8,-0.6293,0.5964,0.6449,-3.6521,0.8052,-0.4507,0.5885,0.3458,FOLLOW
34.82,-0.6277,0.5976,0.6366,-3.655,0.8078,-0.4507,0.5885,0.3452,FOLLOW
34.84,-0.6261,0.5988,0.6284,-3.655,0.8078,-0.4507,0.5885,0.3446,FOLLOW
34.86,-0.6244,0.6,0.6202,-3.6564,0.8092,-0.4507,0.5885,0.344,FOLLOW
34.88,-0.6227,0.6012,0.6121,-3.6579,0.8105,-0.4507,0.5885,0.3434,FOLLOW
34.9,-0.6211,0.6024,0.6039,-3.6593,0.8119,-0.443,0.5942,0.3428,FOLLOW
34.92,-0.6194,0.6035,0.5957,-3.662,0.8146,-0.443,0.5942,0.3422,FOLLOW
34.94,-0.6177,0.6046,0.5875,-3.6634,0.816,-0.443,0.5942,0.3416,FOLLOW
34.96,-0.616,0.6058,0.5793,-3.6648,0.8175,-0.443,0.5942,0.3409,FOLLOW
34.98,-0.6143,0.6069,0.5711,-3.6661,0.8189,-0.4349,0.5997,0.3403,FOLLOW
35.0,-0.6125,0.608,0.5631,-3.6661,0.8189,-0.4349,0.5997,0.3396,FOLLOW
35.02,-0.6108,0.6091,0.5552,-3.6675,0.8203,-0.4349,0.5997,0.3389,FOLLOW
35.04,-0.609,0.6102,0.5474,-3.6689,0.8218,-0.4349,0.5997,0.3382,FOLLOW
35.06,-0.6072,0.6113,0.5395,-3.6703,0.8233,-0.4349,0.5997,0.3374,FOLLOW
35.08,-0.6054,0.6123,0.5316,-3.6716,0.8248,-0.4349,0.5997,0.3367,FOLLOW
35.1,-0.6036,0.6134,0.5237,-3.6743,0.8279,-0.4263,0.605,0.3359,FOLLOW
35.12,-0.6017,0.6144,0.5159,-3.6743,0.8279,-0.4263,0.605,0.3352,FOLLOW
35.14,-0.5999,0.6155,0.508,-3.6756,0.8294,-0.4263,0.605,0.3344,FOLLOW
35.16,-0.5981,0.6165,0.5001,-3.6769,0.831,-0.4263,0.605,0.3336,FOLLOW
35.18,-0.5962,0.6175,0.4922,-3.6782,0.8326,-0.4263,0.605,0.3328,FOLLOW
35.2,-0.5943,0.6185,0.4846,-3.6794,0.8341,-0.4175,0.61,0.332,FOLLOW
35.22,-0.5923,0.6195,0.4773,-3.6821,0.8375,-0.4175,0.61,0.3311,FOLLOW
35.24,-0.5903,0.6205,0.4702,-3.6821,0.8375,-0.4175,0.61,0.3302,FOLLOW
35.26,-0.5883,0.6215,0.4631,-3.6835,0.8392,-0.4175,0.61,0.3293,FOLLOW
35.28,-0.5863,0.6225,0.456,-3.6848,0.841,-0.4175,0.61,0.3283,FOLLOW
35.3,-0.5843,0.6235,0.4489,-3.6861,0.8427,-0.408,0.615,0.3274,FOLLOW
35.32,-0.5823,0.6245,0.4418,-3.6887,0.8462,-0.408,0.615,0.3264,FOLLOW
35.34,-0.5802,0.6254,0.4348,-3.6887,0.8462,-0.408,0.615,0.3255,FOLLOW
35.36,-0.5782,0.6264,0.4277,-3.69,0.848,-0.408,0.615,0.3245,FOLLOW
35.38,-0.5762,0.6273,0.4206,-3.6912,0.8498,-0.408,0.615,0.3235,FOLLOW
35.4,-0.574,0.6282,0.4137,-3.6925,0.8516,-0.3981,0.6196,0.3225,FOLLOW
35.42,-0.5718,0.6292,0.4072,-3.6938,0.8535,-0.3981,0.6196,0.3214,FOLLOW
35.44,-0.5696,0.6301,0.401,-3.6951,0.8554,-0.3981,0.6196,0.3203,FOLLOW
35.46,-0.5674,0.6311,0.3949,-3.6977,0.8594,-0.3981,0.6196,0.3192,FOLLOW
35.48,-0.5651,0.632,0.3887,-3.6977,0.8594,-0.3981,0.6196,0.318,FOLLOW
35.5,-0.5629,0.6329,0.3825,-3.699,0.8614,-0.3875,0.6242,0.3169,FOLLOW
35.52,-0.5606,0.6338,0.3764,-3.7003,0.8633,-0.3875,0.6242,0.3157,FOLLOW
35.54,-0.5584,0.6347,0.3702,-3.7016,0.8653,-0.3875,0.6242,0.3146,FOLLOW
35.56,-0.5561,0.6356,0.3641,-3.7029,0.8673,-0.3875,0.6242,0.3134,FOLLOW
35.58,-0.5538,0.6364,0.3579,-3.7041,0.8694,-0.3875,0.6242,0.3123,FOLLOW
35.6,-0.5515,0.6373,0.3519,-3.7053,0.8714,-0.3765,0.6286,0.3111,FOLLOW
35.62,-0.5492,0.6381,0.346,-3.7066,0.8734,-0.3765,0.6286,0.3098,FOLLOW
35.64,-0.5469,0.6389,0.34,-3.7078,0.8755,-0.3765,0.6286,0.3086,FOLLOW
35.66,-0.5446,0.6398,0.3341,-3.709,0.8776,-0.3765,0.6286,0.3074,FOLLOW
35.68,-0.5422,0.6406,0.3281,-3.7102,0.8797,-0.3765,0.6286,0.3062,FOLLOW
35.7,-0.5399,0.6413,0.3222,-3.7114,0.8818,-0.3652,0.6327,0.3049,FOLLOW
35.72,-0.5376,0.6421,0.3162,-3.7126,0.8839,-0.3652,0.6327,0.3037,FOLLOW
35.74,-0.5352,0.6429,0.3103,-3.7138,0.886,-0.3652,0.6327,0.3025,FOLLOW
35.76,-0.5329,0.6436,0.3044,-3.7149,0.8881,-0.3652,0.6327,0.3012,FOLLOW
35.78,-0.5305,0.6444,0.2984,-3.7161,0.8902,-0.3652,0.6327,0.2999,FOLLOW
35.8,-0.5281,0.6451,0.2926,-3.7172,0.8924,-0.3537,0.6364,0.2987,FOLLOW
35.82,-0.5258,0.6458,0.2867,-3.7183,0.8945,-0.3537,0.6364,0.2974,FOLLOW
35.84,-0.5234,0.6465,0.2809,-3.7195,0.8967,-0.3537,0.6364,0.2961,FOLLOW
35.86,-0.521,0.6472,0.2751,-3.7206,0.8989,-0.3537,0.6364,0.2948,FOLLOW
35.88,-0.5186,0.6478,0.2693,-3.7216,0.901,-0.3537,0.6364,0.2935,FOLLOW
35.9,-0.5162,0.6485,0.2634,-3.7238,0.9054,-0.3421,0.6398,0.2922,FOLLOW
35.92,-0.5138,0.6491,0.2576,-3.7238,0.9054,-0.3421,0.6398,0.2908,FOLLOW
35.94,-0.5114,0.6498,0.2518,-3.7248,0.9076,-0.3421,0.6398,0.2895,FOLLOW
35.96,-0.509,0.6504,0.2459,-3.7259,0.9098,-0.3421,0.6398,0.2882,FOLLOW
35.98,-0.5065,0.651,0.2401,-3.7269,0.912,-0.3421,0.6398,0.2869,FOLLOW
36.0,-0.5041,0.6516,0.2345,-3.7279,0.9142,-0.3303,0.6429,0.2855,FOLLOW
36.02,-0.5014,0.6522,0.2292,-3.729,0.9166,-0.3303,0.6429,0.284,FOLLOW
36.04,-0.4988,0.6528,0.2243,-3.7301,0.9191,-0.3303,0.6429,0.2824,FOLLOW
36.06,-0.4961,0.6534,0.2199,-3.7312,0.9216,-0.3303,0.6429,0.2809,FOLLOW
36.08,-0.4933,0.654,0.2155,-3.7334,0.9266,-0.3303,0.6429,0.2793,FOLLOW
36.1,-0.4906,0.6546,0.2112,-3.7345,0.9291,-0.3147,0.6465,0.2777,FOLLOW
36.12,-0.4879,0.6552,0.2069,-3.7355,0.9317,-0.3147,0.6465,0.2762,FOLLOW
36.14,-0.4852,0.6557,0.2026,-3.7355,0.9317,-0.3147,0.6465,0.2746,FOLLOW
36.16,-0.4825,0.6563,0.1983,-3.7366,0.9342,-0.3147,0.6465,0.273,FOLLOW
36.18,-0.4798,0.6568,0.194,-3.7376,0.9367,-0.3147,0.6465,0.2714,FOLLOW
36.2,-0.477,0.6574,0.1896,-3.7387,0.9392,-0.304,0.6488,0.2699,FOLLOW
36.22,-0.4743,0.6579,0.1853,-3.7397,0.9418,-0.304,0.6488,0.2683,FOLLOW
36.24,-0.4716,0.6584,0.1809,-3.7407,0.9443,-0.304,0.6488,0.2667,FOLLOW
36.26,-0.4689,0.6589,0.1765,-3.7417,0.9469,-0.304,0.6488,0.2651,FOLLOW
36.28,-0.4661,0.6593,0.1722,-3.7427,0.9494,-0.304,0.6488,0.2635,FOLLOW
36.3,-0.4634,0.6598,0.1678,-3.7436,0.952,-0.2906,0.6513,0.262,FOLLOW
36.32,-0.4607,0.6603,0.1635,-3.7446,0.9545,-0.2906,0.6513,0.2604,FOLLOW
36.34,-0.458,0.6607,0.1591,-3.7456,0.9571,-0.2906,0.6513,0.2588,FOLLOW
36.36,-0.4552,0.6611,0.1547,-3.7465,0.9596,-0.2906,0.6513,0.2572,FOLLOW
36.38,-0.4525,0.6616,0.1504,-3.7474,0.9622,-0.2906,0.6513,0.2556,FOLLOW
36.4,-0.4497,0.662,0.1462,-3.7483,0.9648,-0.2771,0.6535,0.2539,FOLLOW
36.42,-0.4467,0.6624,0.1423,-3.7503,0.9704,-0.2771,0.6535,0.2522,FOLLOW
36.44,-0.4437,0.6628,0.1389,-3.7503,0.9704,-0.2771,0.6535,0.2504,FOLLOW
36.46,-0.4407,0.6632,0.1358,-3.7523,0.9761,-0.2771,0.6535,0.2486,FOLLOW
36.48,-0.4377,0.6637,0.133,-3.7523,0.9761,-0.2625,0.6556,0.2468,FOLLOW
36.5,-0.4346,0.6641,0.1302,-3.7542,0.9819,-0.2625,0.6556,0.245,FOLLOW
36.52,-0.4316,0.6645,0.1274,-3.7542,0.9819,-0.2625,0.6556,0.2432,FOLLOW
36.54,-0.4285,0.6648,0.1247,-3.7562,0.9877,-0.2625,0.6556,0.2413,FOLLOW
36.56,-0.4255,0.6652,0.1219,-3.7562,0.9877,-0.2625,0.6556,0.2395,FOLLOW
36.58,-0.4224,0.6656,0.1191,-3.7571,0.9906,-0.2625,0.6556,0.2377,FOLLOW
36.6,-0.4194,0.6659,0.1162,-3.758,0.9935,-0.2474,0.6575,0.2359,FOLLOW
36.62,-0.4164,0.6663,0.1133,-3.759,0.9963,-0.2474,0.6575,0.2342,FOLLOW
36.64,-0.4134,0.6666,0.1103,-3.7608,1.0021,-0.2474,0.6575,0.2324,FOLLOW
36.66,-0.4104,0.667,0.1074,-3.7608,1.0021,-0.2474,0.6575,0.2306,FOLLOW
36.68,-0.4073,0.6673,0.1045,-3.7626,1.0078,-0.2474,0.6575,0.2288,FOLLOW
36.7,-0.4043,0.6676,0.1015,-3.7626,1.0078,-0.2294,0.6596,0.2271,FOLLOW
36.72,-0.4013,0.6679,0.0986,-3.7634,1.0107,-0.2294,0.6596,0.2253,FOLLOW
36.74,-0.3983,0.6682,0.0956,-3.7643,1.0136,-0.2294,0.6596,0.2235,FOLLOW
36.76,-0.3952,0.6685,0.0927,-3.7652,1.0165,-0.2294,0.6596,0.2218,FOLLOW
36.78,-0.3922,0.6687,0.0898,-3.766,1.0194,-0.2294,0.6596,0.22,FOLLOW
36.8,-0.3892,0.669,0.087,-3.7669,1.0223,-0.2144,0.661,0.2182,FOLLOW
36.82,-0.3858,0.6693,0.0845,-3.7687,1.0287,-0.2144,0.661,0.2163,FOLLOW
36.84,-0.3824,0.6696,0.0824,-3.7687,1.0287,-0.2144,0.661,0.2143,FOLLOW
36.86,-0.379,0.6699,0.0807,-3.7707,1.0355,-0.2144,0.661,0.2122,FOLLOW
36.878,-0.3755,0.6701,0.0793,-3.7707,1.0355,-0.2144,0.661,0.2102,FOLLOW
36.9,-0.3721,0.6704,0.0783,-3.7717,1.0389,-0.2007,0.6622,0.2082,FOLLOW
36.92,-0.3686,0.6707,0.0777,-3.7727,1.0423,-0.2007,0.6622,0.2061,FOLLOW
36.94,-0.365,0.671,0.0773,-3.7736,1.0457,-0.2007,0.6622,0.204,FOLLOW
36.96,-0.3615,0.6712,0.077,-3.7746,1.0491,-0.2007,0.6622,0.202,FOLLOW
36.98,-0.358,0.6715,0.0766,-3.7756,1.0525,-0.2007,0.6622,0.1999,FOLLOW
37.0,-0.3544,0.6718,0.0765,-3.7766,1.0559,-0.1831,0.6635,0.1979,FOLLOW
37.02,-0.3508,0.6721,0.0765,-3.7776,1.0593,-0.1831,0.6635,0.1958,FOLLOW
37.04,-0.3472,0.6723,0.0765,-3.7786,1.0628,-0.1831,0.6635,0.1938,FOLLOW
37.06,-0.3437,0.6726,0.0765,-3.7795,1.0662,-0.1831,0.6635,0.1917,FOLLOW
37.08,-0.3401,0.6729,0.0765,-3.7815,1.0731,-0.1652,0.6649,0.1897,FOLLOW
37.1,-0.3365,0.6732,0.0765,-3.7815,1.0731,-0.1652,0.6649,0.1877,FOLLOW
37.12,-0.3329,0.6734,0.0765,-3.7825,1.0766,-0.1652,0.6649,0.1857,FOLLOW
37.14,-0.3293,0.6737,0.0765,-3.7845,1.0835,-0.1652,0.6649,0.1838,FOLLOW
37.16,-0.3257,0.674,0.0765,-3.7845,1.0835,-0.1652,0.6649,0.1818,FOLLOW
37.18,-0.3221,0.6743,0.0766,-3.7855,1.087,-0.1652,0.6649,0.1799,FOLLOW
37.2,-0.3189,0.6745,0.0767,-3.7865,1.0904,-0.1473,0.6663,0.1781,FOLLOW
37.22,-0.3159,0.6747,0.0773,-3.7874,1.0935,-0.1473,0.6663,0.1765,FOLLOW
37.24,-0.3128,0.675,0.0782,-3.7883,1.0966,-0.1473,0.6663,0.1748,FOLLOW
37.26,-0.3097,0.6752,0.0795,-3.7892,1.0996,-0.1473,0.6663,0.1732,FOLLOW
37.28,-0.3066,0.6755,0.0811,-3.79,1.1027,-0.1473,0.6663,0.1715,FOLLOW
37.3,-0.3035,0.6757,0.0831,-3.791,1.1057,-0.131,0.6675,0.1699,FOLLOW
37.32,-0.3003,0.676,0.0852,-3.7928,1.1118,-0.131,0.6675,0.1682,FOLLOW
37.34,-0.2972,0.6763,0.0874,-3.7928,1.1118,-0.131,0.6675,0.1666,FOLLOW
37.36,-0.294,0.6765,0.0895,-3.7937,1.1148,-0.131,0.6675,0.165,FOLLOW
37.38,-0.2909,0.6768,0.0916,-3.7946,1.1178,-0.131,0.6675,0.1634,FOLLOW
37.4,-0.2879,0.6771,0.0939,-3.7956,1.1209,-0.1152,0.6689,0.1618,FOLLOW
37.42,-0.2848,0.6774,0.0965,-3.7965,1.1238,-0.1152,0.6689,0.1603,FOLLOW
37.44,-0.2818,0.6777,0.0991,-3.7974,1.1268,-0.1152,0.6689,0.1588,FOLLOW
37.46,-0.2787,0.678,0.1016,-3.7983,1.1297,-0.1152,0.6689,0.1573,FOLLOW
37.48,-0.2757,0.6783,0.1042,-3.8002,1.1356,-0.0998,0.6704,0.1558,FOLLOW
37.5,-0.2726,0.6786,0.1068,-3.8002,1.1356,-0.0998,0.6704,0.1544,FOLLOW
37.52,-0.2696,0.679,0.1093,-3.8012,1.1385,-0.0998,0.6704,0.1529,FOLLOW
37.54,-0.2665,0.6793,0.1119,-3.8022,1.1415,-0.0998,0.6704,0.1515,FOLLOW
37.56,-0.2635,0.6797,0.1145,-3.8031,1.1444,-0.0998,0.6704,0.1501,FOLLOW
37.58,-0.2604,0.68,0.117,-3.8041,1.1473,-0.0998,0.6704,0.1488,FOLLOW
37.6,-0.2576,0.6803,0.1198,-3.8051,1.1502,-0.0844,0.672,0.1475,FOLLOW
37.62,-0.2549,0.6807,0.1229,-3.806,1.1529,-0.0844,0.672,0.1463,FOLLOW
37.64,-0.2522,0.681,0.1264,-3.8069,1.1556,-0.0844,0.672,0.1451,FOLLOW
37.66,-0.2495,0.6814,0.1302,-3.8078,1.1583,-0.0844,0.672,0.1439,FOLLOW
37.68,-0.2467,0.6817,0.1341,-3.8088,1.1609,-0.0844,0.672,0.1427,FOLLOW
37.7,-0.2439,0.6821,0.138,-3.8097,1.1636,-0.0702,0.6738,0.1415,FOLLOW
37.72,-0.2412,0.6825,0.142,-3.8107,1.1662,-0.0702,0.6738,0.1404,FOLLOW
37.74,-0.2384,0.6829,0.1459,-3.8126,1.1715,-0.0702,0.6738,0.1392,FOLLOW
37.76,-0.2357,0.6833,0.1498,-3.8126,1.1715,-0.0702,0.6738,0.1381,FOLLOW
37.78,-0.2329,0.6837,0.1537,-3.8146,1.1768,-0.0562,0.6758,0.1371,FOLLOW
37.8,-0.2303,0.6841,0.1578,-3.8146,1.1768,-0.0562,0.6758,0.136,FOLLOW
37.82,-0.2276,0.6846,0.1621,-3.8156,1.1793,-0.0562,0.6758,0.135,FOLLOW
37.84,-0.2249,0.685,0.1664,-3.8166,1.1819,-0.0562,0.6758,0.134,FOLLOW
37.86,-0.2223,0.6855,0.1707,-3.8176,1.1844,-0.0562,0.6758,0.133,FOLLOW
37.88,-0.2196,0.6859,0.175,-3.8186,1.187,-0.0562,0.6758,0.132,FOLLOW
37.9,-0.2169,0.6864,0.1792,-3.8197,1.1895,-0.0426,0.678,0.1311,FOLLOW
37.92,-0.2143,0.6869,0.1835,-3.8218,1.1946,-0.0426,0.678,0.1302,FOLLOW
37.94,-0.2116,0.6874,0.1878,-3.8218,1.1946,-0.0426,0.678,0.1293,FOLLOW
37.96,-0.209,0.6879,0.1921,-3.8228,1.1971,-0.0426,0.678,0.1284,FOLLOW
37.98,-0.2063,0.6884,0.1964,-3.8239,1.1997,-0.0426,0.678,0.1276,FOLLOW
38.0,-0.2038,0.689,0.2009,-3.825,1.2022,-0.0291,0.6805,0.1268,FOLLOW
38.02,-0.2012,0.6895,0.2057,-3.826,1.2046,-0.0291,0.6805,0.126,FOLLOW
38.04,-0.1987,0.69,0.2105,-3.8271,1.207,-0.0291,0.6805,0.1253,FOLLOW
38.06,-0.1962,0.6906,0.2154,-3.8282,1.2094,-0.0291,0.6805,0.1245,FOLLOW
38.08,-0.1936,0.6911,0.2202,-3.8293,1.2118,-0.0161,0.6832,0.1238,FOLLOW
38.1,-0.1911,0.6917,0.225,-3.8315,1.2166,-0.0161,0.6832,0.1231,FOLLOW
38.12,-0.1886,0.6923,0.2299,-3.8315,1.2166,-0.0161,0.6832,0.1224,FOLLOW
38.14,-0.1861,0.6929,0.2347,-3.8326,1.219,-0.0161,0.6832,0.1218,FOLLOW
38.16,-0.1836,0.6935,0.2396,-3.8337,1.2213,-0.0161,0.6832,0.1212,FOLLOW
38.18,-0.1811,0.6941,0.2444,-3.8348,1.2237,-0.0161,0.6832,0.1206,FOLLOW
38.2,-0.1787,0.6947,0.2494,-3.836,1.2261,-0.0033,0.6862,0.12,FOLLOW
38.22,-0.1763,0.6953,0.2549,-3.8382,1.2306,-0.0033,0.6862,0.1195,FOLLOW
38.24,-0.1739,0.6959,0.2604,-3.8394,1.2328,-0.0033,0.6862,0.119,FOLLOW
38.26,-0.1716,0.6966,0.2659,-3.8394,1.2328,-0.0033,0.6862,0.1185,FOLLOW
38.28,-0.1692,0.6972,0.2714,-3.8405,1.235,-0.0033,0.6862,0.118,FOLLOW
38.3,-0.1669,0.6979,0.2769,-3.8417,1.2372,0.0089,0.6894,0.1176,FOLLOW
38.32,-0.1645,0.6986,0.2824,-3.8428,1.2394,0.0089,0.6894,0.1171,FOLLOW
38.34,-0.1622,0.6993,0.2879,-3.844,1.2416,0.0089,0.6894,0.1167,FOLLOW
38.36,-0.1598,0.7,0.2934,-3.8452,1.2438,0.0089,0.6894,0.1164,FOLLOW
38.38,-0.1575,0.7007,0.2989,-3.8464,1.246,0.0089,0.6894,0.116,FOLLOW
38.4,-0.1551,0.7014,0.3044,-3.8476,1.2482,0.0209,0.6929,0.1157,FOLLOW
38.42,-0.1528,0.7021,0.31,-3.8489,1.2504,0.0209,0.6929,0.1154,FOLLOW
38.44,-0.1505,0.7029,0.3155,-3.8513,1.2547,0.0209,0.6929,0.1151,FOLLOW
38.46,-0.1481,0.7037,0.321,-3.8513,1.2547,0.0209,0.6929,0.1149,FOLLOW
38.48,-0.1458,0.7044,0.3265,-3.8539,1.259,0.0209,0.6929,0.1146,FOLLOW
38.5,-0.1435,0.7052,0.332,-3.8552,1.2611,0.0328,0.6967,0.1144,FOLLOW
38.52,-0.1412,0.706,0.3376,-3.8552,1.2611,0.0328,0.6967,0.1142,FOLLOW
38.54,-0.1389,0.7069,0.3431,-3.8565,1.2633,0.0328,0.6967,0.1141,FOLLOW
38.56,-0.1366,0.7077,0.3486,-3.8578,1.2654,0.0328,0.6967,0.114,FOLLOW
38.58,-0.1343,0.7085,0.3541,-3.8591,1.2675,0.0328,0.6967,0.1139,FOLLOW
38.6,-0.1322,0.7093,0.3598,-3.8604,1.2696,0.0446,0.7008,0.1138,FOLLOW
38.62,-0.13,0.7101,0.366,-3.8617,1.2716,0.0446,0.7008,0.1137,FOLLOW
38.64,-0.1279,0.711,0.3723,-3.863,1.2736,0.0446,0.7008,0.1136,FOLLOW
38.66,-0.1258,0.7118,0.3785,-3.8643,1.2755,0.0446,0.7008,0.1136,FOLLOW
38.68,-0.1236,0.7127,0.3848,-3.8669,1.2794,0.0557,0.705,0.1136,FOLLOW
38.7,-0.1215,0.7135,0.3911,-3.8669,1.2794,0.0557,0.705,0.1136,FOLLOW
38.72,-0.1194,0.7144,0.3974,-3.8682,1.2814,0.0557,0.705,0.1136,FOLLOW
38.74,-0.1173,0.7153,0.4036,-3.8709,1.2852,0.0557,0.705,0.1137,FOLLOW
38.76,-0.1152,0.7162,0.4099,-3.8709,1.2852,0.0557,0.705,0.1138,FOLLOW
38.78,-0.1131,0.7171,0.4162,-3.8723,1.2871,0.0557,0.705,0.1139,FOLLOW
38.8,-0.1109,0.7181,0.4223,-3.8736,1.289,0.0665,0.7095,0.1141,FOLLOW
38.82,-0.1087,0.7191,0.4279,-3.8766,1.293,0.0665,0.7095,0.1143,FOLLOW
38.84,-0.1064,0.7202,0.4334,-3.8766,1.293,0.0665,0.7095,0.1145,FOLLOW
38.86,-0.1042,0.7212,0.4389,-3.8796,1.297,0.0665,0.7095,0.1148,FOLLOW
38.88,-0.102,0.7222,0.4444,-3.8796,1.297,0.0665,0.7095,0.1151,FOLLOW
38.9,-0.0998,0.7233,0.4499,-3.8811,1.299,0.0777,0.7146,0.1154,FOLLOW
38.92,-0.0976,0.7244,0.4554,-3.8842,1.3029,0.0777,0.7146,0.1157,FOLLOW
38.94,-0.0954,0.7254,0.4609,-3.8842,1.3029,0.0777,0.7146,0.1161,FOLLOW
38.96,-0.0932,0.7265,0.4665,-3.8857,1.3049,0.0777,0.7146,0.1164,FOLLOW
38.98,-0.091,0.7277,0.472,-3.8873,1.3068,0.0777,0.7146,0.1168,FOLLOW
39.0,-0.0888,0.7288,0.4773,-3.8889,1.3088,0.0889,0.7201,0.1173,FOLLOW
39.02,-0.0865,0.73,0.4823,-3.8905,1.3108,0.0889,0.7201,0.1178,FOLLOW
39.04,-0.0843,0.7312,0.4873,-3.8922,1.3128,0.0889,0.7201,0.1183,FOLLOW
39.06,-0.082,0.7324,0.4923,-3.8938,1.3147,0.0889,0.7201,0.1189,FOLLOW
39.08,-0.0798,0.7336,0.4974,-3.8955,1.3167,0.0889,0.7201,0.1194,FOLLOW
39.1,-0.0775,0.7348,0.5024,-3.8972,1.3187,0.1003,0.7261,0.12,FOLLOW
39.12,-0.0753,0.7361,0.5074,-3.9006,1.3226,0.1003,0.7261,0.1206,FOLLOW
39.14,-0.0731,0.7373,0.5125,-3.9023,1.3246,0.1003,0.7261,0.1213,FOLLOW
39.16,-0.0708,0.7386,0.5175,-3.904,1.3265,0.1003,0.7261,0.122,FOLLOW
39.18,-0.0686,0.7398,0.5225,-3.904,1.3265,0.1003,0.7261,0.1226,FOLLOW
39.2,-0.0664,0.7411,0.5275,-3.9058,1.3284,0.1117,0.7324,0.1234,FOLLOW
39.22,-0.0642,0.7424,0.5325,-3.9075,1.3304,0.1117,0.7324,0.1241,FOLLOW
39.24,-0.062,0.7437,0.5375,-3.9093,1.3323,0.1117,0.7324,0.1249,FOLLOW
39.26,-0.0598,0.745,0.5425,-3.9128,1.3361,0.1117,0.7324,0.1256,FOLLOW
39.28,-0.0577,0.7463,0.5476,-3.9128,1.3361,0.1117,0.7324,0.1264,FOLLOW
39.3,-0.0555,0.7477,0.5526,-3.9146,1.338,0.1229,0.739,0.1273,FOLLOW
39.32,-0.0533,0.749,0.5576,-3.9164,1.3398,0.1229,0.739,0.1281,FOLLOW
39.34,-0.0511,0.7504,0.5626,-3.9182,1.3417,0.1229,0.739,0.129,FOLLOW
39.36,-0.049,0.7517,0.5676,-3.9218,1.3454,0.1229,0.739,0.1299,FOLLOW
39.38,-0.0468,0.7531,0.5726,-3.9218,1.3454,0.1229,0.739,0.1308,FOLLOW
39.4,-0.0446,0.7546,0.5774,-3.9237,1.3473,0.1361,0.7473,0.1318,FOLLOW
39.42,-0.0424,0.756,0.582,-3.9275,1.351,0.1361,0.7473,0.1328,FOLLOW
39.44,-0.0402,0.7575,0.5866,-3.9275,1.351,0.1361,0.7473,0.1339,FOLLOW
39.46,-0.038,0.7589,0.5912,-3.9294,1.3529,0.1361,0.7473,0.1349,FOLLOW
39.48,-0.0358,0.7604,0.5958,-3.9313,1.3548,0.1361,0.7473,0.136,FOLLOW
39.5,-0.0337,0.7619,0.6004,-3.9332,1.3566,0.145,0.7532,0.1371,FOLLOW
39.52,-0.0315,0.7634,0.605,-3.9352,1.3585,0.145,0.7532,0.1382,FOLLOW
39.54,-0.0293,0.7649,0.6096,-3.9371,1.3603,0.145,0.7532,0.1394,FOLLOW
39.56,-0.0272,0.7664,0.6142,-3.9391,1.3621,0.145,0.7532,0.1406,FOLLOW
39.58,-0.025,0.7679,0.6188,-3.9411,1.364,0.145,0.7532,0.1417,FOLLOW
39.6,-0.0227,0.7696,0.6231,-3.9451,1.3677,0.156,0.7608,0.1431,FOLLOW
39.62,-0.0204,0.7713,0.627,-3.9451,1.3677,0.156,0.7608,0.1444,FOLLOW
39.64,-0.018,0.773,0.6305,-3.9494,1.3716,0.156,0.7608,0.1458,FOLLOW
39.66,-0.0157,0.7747,0.634,-3.9494,1.3716,0.156,0.7608,0.1473,FOLLOW
39.68,-0.0134,0.7764,0.6375,-3.9516,1.3735,0.156,0.7608,0.1487,FOLLOW
39.7,-0.0111,0.7781,0.6409,-3.956,1.3773,0.1676,0.7691,0.1502,FOLLOW
39.72,-0.0088,0.7798,0.6444,-3.956,1.3773,0.1676,0.7691,0.1517,FOLLOW
39.74,-0.0065,0.7816,0.6479,-3.9604,1.3812,0.1676,0.7691,0.1532,FOLLOW
39.76,-0.0042,0.7833,0.6513,-3.9604,1.3812,0.1676,0.7691,0.1547,FOLLOW
39.78,-0.0019,0.785,0.6548,-3.9648,1.3849,0.1676,0.7691,0.1562,FOLLOW
39.8,0.0005,0.7869,0.658,-3.9648,1.3849,0.1792,0.7778,0.1579,FOLLOW
39.82,0.0031,0.7889,0.6607,-3.9696,1.389,0.1792,0.7778,0.1597,FOLLOW
39.84,0.0057,0.7909,0.663,-3.9696,1.389,0.1792,0.7778,0.1616,FOLLOW
39.86,0.0082,0.7929,0.6649,-3.9721,1.3911,0.1792,0.7778,0.1634,FOLLOW
39.88,0.0107,0.7949,0.6667,-3.9746,1.3932,0.1792,0.7778,0.1653,FOLLOW
39.9,0.0133,0.7969,0.6685,-3.977,1.3953,0.1916,0.7875,0.1672,FOLLOW
39.92,0.0158,0.7989,0.6703,-3.9795,1.3974,0.1916,0.7875,0.1691,FOLLOW
39.94,0.0183,0.8009,0.6721,-3.982,1.3994,0.1916,0.7875,0.171,FOLLOW
39.96,0.0208,0.8029,0.6739,-3.9845,1.4015,0.1916,0.7875,0.173,FOLLOW
39.98,0.0233,0.8049,0.6757,-3.987,1.4036,0.1916,0.7875,0.1749,FOLLOW
40.0,0.026,0.8071,0.6772,-3.9895,1.4056,0.2043,0.7975,0.177,FOLLOW
40.02,0.0289,0.8094,0.6783,-3.9922,1.4078,0.2043,0.7975,0.1793,FOLLOW
40.04,0.0317,0.8117,0.6789,-3.9949,1.4101,0.2043,0.7975,0.1816,FOLLOW
40.06,0.0345,0.8139,0.679,-3.9977,1.4123,0.2043,0.7975,0.1839,FOLLOW
40.08,0.0373,0.8162,0.679,-4.0005,1.4146,0.2043,0.7975,0.1862,FOLLOW
40.1,0.0401,0.8184,0.6789,-4.006,1.4192,0.2179,0.8084,0.1885,FOLLOW
40.12,0.0429,0.8207,0.6789,-4.0088,1.4214,0.2179,0.8084,0.1909,FOLLOW
40.14,0.0457,0.823,0.6788,-4.0088,1.4214,0.2179,0.8084,0.1932,FOLLOW
40.16,0.0485,0.8252,0.6787,-4.0116,1.4237,0.2179,0.8084,0.1956,FOLLOW
40.18,0.0512,0.8275,0.6787,-4.0144,1.426,0.2179,0.8084,0.1979,FOLLOW
40.2,0.0539,0.8296,0.6784,-4.0171,1.4283,0.2318,0.8197,0.2002,FOLLOW
40.22,0.0565,0.8317,0.6777,-4.0197,1.4304,0.2318,0.8197,0.2024,FOLLOW
40.24,0.0591,0.8338,0.6765,-4.0222,1.4324,0.2318,0.8197,0.2047,FOLLOW
40.26,0.0616,0.8358,0.6749,-4.0247,1.4345,0.2318,0.8197,0.2069,FOLLOW
40.28,0.0642,0.8378,0.6731,-4.0297,1.4387,0.2448,0.8301,0.2091,FOLLOW
40.3,0.0667,0.8399,0.6714,-4.0297,1.4387,0.2448,0.8301,0.2114,FOLLOW
40.32,0.0693,0.8419,0.6697,-4.0322,1.4407,0.2448,0.8301,0.2136,FOLLOW
40.34,0.0719,0.8439,0.668,-4.0347,1.4428,0.2448,0.8301,0.2159,FOLLOW
40.36,0.0744,0.846,0.6662,-4.0372,1.4449,0.2448,0.8301,0.2181,FOLLOW
40.38,0.077,0.848,0.6645,-4.0396,1.447,0.2448,0.8301,0.2204,FOLLOW
40.4,0.0794,0.8499,0.6626,-4.0421,1.4491,0.2576,0.8402,0.2225,FOLLOW
40.42,0.0818,0.8517,0.6602,-4.0443,1.451,0.2576,0.8402,0.2246,FOLLOW
40.44,0.0841,0.8535,0.6573,-4.0487,1.4548,0.2576,0.8402,0.2267,FOLLOW
40.46,0.0864,0.8553,0.654,-4.0487,1.4548,0.2576,0.8402,0.2287,FOLLOW
40.48,0.0887,0.857,0.6503,-4.0508,1.4567,0.2576,0.8402,0.2308,FOLLOW
40.5,0.091,0.8588,0.6467,-4.053,1.4585,0.2692,0.8493,0.2329,FOLLOW
40.52,0.0934,0.8605,0.643,-4.0551,1.4604,0.2692,0.8493,0.2349,FOLLOW
40.54,0.0957,0.8623,0.6393,-4.0573,1.4624,0.2692,0.8493,0.237,FOLLOW
40.56,0.098,0.864,0.6357,-4.0615,1.4662,0.2692,0.8493,0.239,FOLLOW
40.58,0.1003,0.8657,0.632,-4.0615,1.4662,0.2692,0.8493,0.2411,FOLLOW
40.6,0.1025,0.8673,0.6281,-4.0637,1.4681,0.2807,0.8579,0.243,FOLLOW
40.62,0.1045,0.8688,0.6238,-4.0672,1.4714,0.2807,0.8579,0.2448,FOLLOW
40.64,0.1066,0.8702,0.619,-4.0672,1.4714,0.2807,0.8579,0.2466,FOLLOW
40.66,0.1086,0.8717,0.6138,-4.0689,1.473,0.2807,0.8579,0.2484,FOLLOW
40.68,0.1107,0.8731,0.608,-4.0707,1.4747,0.2807,0.8579,0.2502,FOLLOW
40.7,0.1127,0.8745,0.602,-4.0724,1.4763,0.2908,0.8651,0.252,FOLLOW
40.72,0.1147,0.8759,0.5959,-4.0741,1.478,0.2908,0.8651,0.2538,FOLLOW
40.74,0.1167,0.8772,0.5899,-4.0758,1.4797,0.2908,0.8651,0.2555,FOLLOW
40.76,0.1187,0.8786,0.5838,-4.0775,1.4814,0.2908,0.8651,0.2573,FOLLOW
40.78,0.1208,0.8799,0.5777,-4.0791,1.4831,0.2908,0.8651,0.2591,FOLLOW
40.8,0.1229,0.8813,0.5718,-4.0808,1.4848,0.3007,0.8718,0.2608,FOLLOW
40.82,0.125,0.8826,0.5663,-4.0825,1.4866,0.3007,0.8718,0.2626,FOLLOW
40.84,0.1272,0.884,0.5608,-4.0842,1.4884,0.3007,0.8718,0.2644,FOLLOW
40.86,0.1293,0.8853,0.5553,-4.086,1.4902,0.3007,0.8718,0.2662,FOLLOW
40.88,0.1315,0.8867,0.5498,-4.0877,1.492,0.3007,0.8718,0.268,FOLLOW
40.9,0.1337,0.888,0.5443,-4.0893,1.4939,0.3111,0.8785,0.2698,FOLLOW
40.92,0.1359,0.8893,0.5387,-4.091,1.4957,0.3111,0.8785,0.2716,FOLLOW
40.94,0.1381,0.8906,0.5332,-4.0944,1.4994,0.3111,0.8785,0.2733,FOLLOW
40.96,0.1403,0.8919,0.5277,-4.0944,1.4994,0.3111,0.8785,0.2751,FOLLOW
40.98,0.1425,0.8932,0.5222,-4.096,1.5013,0.3111,0.8785,0.2769,FOLLOW
41.0,0.1445,0.8943,0.5165,-4.0977,1.5032,0.3218,0.8849,0.2785,FOLLOW
41.02,0.1465,0.8955,0.5104,-4.0991,1.5048,0.3218,0.8849,0.2801,FOLLOW
41.04,0.1484,0.8965,0.5037,-4.1004,1.5064,0.3218,0.8849,0.2817,FOLLOW
41.06,0.1504,0.8976,0.4967,-4.1032,1.5097,0.3218,0.8849,0.2832,FOLLOW
41.08,0.1523,0.8987,0.4893,-4.1032,1.5097,0.3218,0.8849,0.2848,FOLLOW
41.1,0.1543,0.8997,0.482,-4.1045,1.5114,0.3315,0.8903,0.2863,FOLLOW
41.12,0.1562,0.9007,0.4747,-4.1058,1.513,0.3315,0.8903,0.2879,FOLLOW
41.14,0.1582,0.9017,0.4673,-4.1085,1.5164,0.3315,0.8903,0.2894,FOLLOW
41.16,0.1601,0.9027,0.46,-4.1098,1.5181,0.3315,0.8903,0.2909,FOLLOW
41.18,0.1621,0.9036,0.4526,-4.1098,1.5181,0.3315,0.8903,0.2924,FOLLOW
41.2,0.1641,0.9046,0.4451,-4.1123,1.5215,0.3429,0.8961,0.2939,FOLLOW
41.22,0.166,0.9055,0.4373,-4.1123,1.5215,0.3429,0.8961,0.2953,FOLLOW
41.24,0.1679,0.9064,0.4296,-4.1135,1.5231,0.3429,0.8961,0.2968,FOLLOW
41.26,0.1698,0.9072,0.4219,-4.1158,1.5265,0.3429,0.8961,0.2982,FOLLOW
41.28,0.1718,0.9081,0.4141,-4.1158,1.5265,0.3429,0.8961,0.2997,FOLLOW
41.3,0.1737,0.9089,0.4064,-4.117,1.5282,0.3503,0.8995,0.3011,FOLLOW
41.32,0.1757,0.9098,0.3987,-4.1182,1.5298,0.3503,0.8995,0.3025,FOLLOW
41.34,0.1776,0.9106,0.3909,-4.1204,1.5333,0.3503,0.8995,0.3039,FOLLOW
41.36,0.1796,0.9114,0.3832,-4.1204,1.5333,0.3503,0.8995,0.3053,FOLLOW
41.38,0.1816,0.9122,0.3754,-4.1216,1.535,0.3503,0.8995,0.3067,FOLLOW
41.4,0.1835,0.9129,0.3675,-4.1227,1.5367,0.3598,0.9035,0.308,FOLLOW
41.42,0.1853,0.9136,0.3592,-4.1247,1.54,0.3598,0.9035,0.3093,FOLLOW
41.44,0.1872,0.9143,0.3508,-4.1247,1.54,0.3598,0.9035,0.3107,FOLLOW
41.46,0.1891,0.915,0.3424,-4.1257,1.5416,0.3598,0.9035,0.312,FOLLOW
41.48,0.191,0.9156,0.334,-4.1267,1.5433,0.3598,0.9035,0.3132,FOLLOW
41.5,0.1929,0.9163,0.3256,-4.1276,1.545,0.3689,0.907,0.3145,FOLLOW
41.52,0.1948,0.9169,0.3173,-4.1286,1.5466,0.3689,0.907,0.3158,FOLLOW
41.54,0.1967,0.9175,0.3089,-4.1304,1.55,0.3689,0.907,0.317,FOLLOW
41.56,0.1986,0.9181,0.3005,-4.1304,1.55,0.3689,0.907,0.3183,FOLLOW
41.58,0.2005,0.9187,0.2921,-4.1314,1.5517,0.3689,0.907,0.3195,FOLLOW
41.6,0.2024,0.9193,0.2839,-4.1322,1.5534,0.378,0.91,0.3208,FOLLOW
41.62,0.2045,0.9199,0.2759,-4.1332,1.5552,0.378,0.91,0.322,FOLLOW
41.64,0.2065,0.9204,0.268,-4.1341,1.557,0.378,0.91,0.3233,FOLLOW
41.66,0.2085,0.921,0.2601,-4.135,1.5588,0.378,0.91,0.3245,FOLLOW
41.68,0.2105,0.9215,0.2522,-4.1359,1.5606,0.378,0.91,0.3257,FOLLOW
41.7,0.2125,0.922,0.2443,-4.1367,1.5624,0.3876,0.9127,0.327,FOLLOW
41.72,0.2146,0.9225,0.2364,-4.1376,1.5642,0.3876,0.9127,0.3282,FOLLOW
41.74,0.2166,0.923,0.2285,-4.1384,1.5661,0.3876,0.9127,0.3294,FOLLOW
41.76,0.2186,0.9234,0.2205,-4.1392,1.5679,0.3876,0.9127,0.3306,FOLLOW
41.78,0.2207,0.9239,0.2126,-4.14,1.5698,0.3876,0.9127,0.3317,FOLLOW
41.8,0.2226,0.9243,0.2045,-4.1408,1.5716,0.3974,0.915,0.3329,FOLLOW
41.82,0.2245,0.9247,0.1961,-4.1416,1.5733,0.3974,0.915,0.334,FOLLOW
41.84,0.2264,0.9251,0.1874,-4.1429,1.5768,0.3974,0.915,0.3351,FOLLOW
41.86,0.2283,0.9254,0.1787,-4.1429,1.5768,0.3974,0.915,0.3362,FOLLOW
41.88,0.2302,0.9257,0.17,-4.1443,1.5803,0.3974,0.915,0.3372,FOLLOW
41.9,0.2322,0.9261,0.1613,-4.1443,1.5803,0.4085,0.9172,0.3383,FOLLOW
41.92,0.2341,0.9264,0.1526,-4.1449,1.582,0.4085,0.9172,0.3394,FOLLOW
41.94,0.236,0.9267,0.1439,-4.1455,1.5838,0.4085,0.9172,0.3404,FOLLOW
41.96,0.2379,0.9269,0.1352,-4.1462,1.5855,0.4085,0.9172,0.3415,FOLLOW
41.98,0.2398,0.9272,0.1265,-4.1473,1.5891,0.4159,0.9183,0.3425,FOLLOW
42.0,0.2417,0.9274,0.1176,-4.1473,1.5891,0.4159,0.9183,0.3435,FOLLOW
42.02,0.2436,0.9276,0.1087,-4.1479,1.5908,0.4159,0.9183,0.3445,FOLLOW
42.04,0.2455,0.9278,0.0998,-4.1484,1.5925,0.4159,0.9183,0.3455,FOLLOW
42.06,0.2474,0.928,0.0908,-4.149,1.5943,0.4159,0.9183,0.3464,FOLLOW
42.08,0.2493,0.9281,0.0819,-4.1495,1.596,0.4159,0.9183,0.3474,FOLLOW
42.1,0.2511,0.9283,0.073,-4.1499,1.5977,0.425,0.9193,0.3483,FOLLOW
42.12,0.253,0.9284,0.0641,-4.1504,1.5995,0.425,0.9193,0.3493,FOLLOW
42.14,0.2549,0.9285,0.0551,-4.1513,1.603,0.425,0.9193,0.3502,FOLLOW
42.16,0.2568,0.9286,0.0462,-4.1513,1.603,0.425,0.9193,0.3511,FOLLOW
42.18,0.2587,0.9287,0.0373,-4.1518,1.6048,0.434,0.9199,0.352,FOLLOW
42.2,0.2605,0.9288,0.0282,-4.1522,1.6065,0.434,0.9199,0.3529,FOLLOW
42.22,0.2623,0.9288,0.0188,-4.1529,1.6099,0.434,0.9199,0.3538,FOLLOW
42.24,0.2641,0.9288,0.0094,-4.1529,1.6099,0.434,0.9199,0.3546,FOLLOW
42.26,0.2659,0.9288,-0.0001,-4.1532,1.6116,0.434,0.9199,0.3555,FOLLOW
42.28,0.2677,0.9288,-0.0096,-4.1536,1.6132,0.434,0.9199,0.3563,FOLLOW
42.3,0.2695,0.9288,-0.019,-4.1542,1.6166,0.4427,0.9201,0.3571,FOLLOW
42.32,0.2713,0.9288,-0.0285,-4.1542,1.6166,0.4427,0.9201,0.3579,FOLLOW
42.34,0.2731,0.9287,-0.038,-4.1544,1.6183,0.4427,0.9201,0.3587,FOLLOW
42.36,0.2749,0.9286,-0.0474,-4.1547,1.62,0.4427,0.9201,0.3595,FOLLOW
42.38,0.2767,0.9285,-0.0569,-4.1549,1.6217,0.4427,0.9201,0.3602,FOLLOW
42.4,0.2784,0.9284,-0.0665,-4.1552,1.6234,0.4529,0.9197,0.361,FOLLOW
42.42,0.2801,0.9283,-0.0765,-4.1554,1.6249,0.4529,0.9197,0.3617,FOLLOW
42.44,0.2817,0.9281,-0.0865,-4.1557,1.6281,0.4529,0.9197,0.3624,FOLLOW
42.46,0.2834,0.928,-0.0966,-4.1557,1.6281,0.4529,0.9197,0.3631,FOLLOW
42.48,0.2851,0.9278,-0.1067,-4.1559,1.6297,0.4529,0.9197,0.3638,FOLLOW
42.5,0.2867,0.9276,-0.1167,-4.1561,1.6328,0.4593,0.9192,0.3645,FOLLOW
42.52,0.2884,0.9274,-0.1268,-4.1561,1.6328,0.4593,0.9192,0.3652,FOLLOW
42.54,0.2901,0.9272,-0.1369,-4.1562,1.6344,0.4593,0.9192,0.3659,FOLLOW
42.56,0.2917,0.927,-0.1469,-4.1563,1.636,0.4593,0.9192,0.3665,FOLLOW
42.58,0.2934,0.9267,-0.157,-4.1564,1.6392,0.4671,0.9182,0.3671,FOLLOW
42.6,0.2951,0.9264,-0.1669,-4.1564,1.6392,0.4671,0.9182,0.3678,FOLLOW
42.62,0.2968,0.9261,-0.1765,-4.1565,1.6408,0.4671,0.9182,0.3684,FOLLOW
42.64,0.2986,0.9258,-0.1862,-4.1565,1.6425,0.4671,0.9182,0.369,FOLLOW
42.66,0.3003,0.9255,-0.1958,-4.1565,1.6442,0.4671,0.9182,0.3695,FOLLOW
42.68,0.302,0.9251,-0.2054,-4.1565,1.6459,0.4671,0.9182,0.3701,FOLLOW
42.7,0.3037,0.9247,-0.2151,-4.1565,1.6475,0.4753,0.9168,0.3707,FOLLOW
42.72,0.3054,0.9244,-0.2247,-4.1564,1.6492,0.4753,0.9168,0.3712,FOLLOW
42.74,0.3072,0.924,-0.2343,-4.1564,1.6509,0.4753,0.9168,0.3717,FOLLOW
42.76,0.3089,0.9235,-0.244,-4.1563,1.6526,0.4753,0.9168,0.3723,FOLLOW
42.78,0.3106,0.9231,-0.2536,-4.1562,1.6542,0.4753,0.9168,0.3728,FOLLOW
42.8,0.3122,0.9227,-0.2634,-4.1561,1.6559,0.4834,0.9149,0.3733,FOLLOW
42.82,0.3137,0.9222,-0.2736,-4.156,1.6574,0.4834,0.9149,0.3737,FOLLOW
42.84,0.3153,0.9218,-0.2841,-4.1559,1.6589,0.4834,0.9149,0.3742,FOLLOW
42.86,0.3168,0.9213,-0.2945,-4.1556,1.6619,0.4834,0.9149,0.3747,FOLLOW
42.88,0.3183,0.9209,-0.305,-4.1556,1.6619,0.4834,0.9149,0.3751,FOLLOW
42.9,0.3199,0.9204,-0.3155,-4.1552,1.6649,0.4909,0.9128,0.3756,FOLLOW
42.92,0.3214,0.9199,-0.3259,-4.1552,1.6649,0.4909,0.9128,0.376,FOLLOW
42.94,0.3229,0.9194,-0.3364,-4.155,1.6664,0.4909,0.9128,0.3764,FOLLOW
42.96,0.3244,0.9188,-0.3469,-4.1548,1.6679,0.4909,0.9128,0.3768,FOLLOW
42.98,0.3259,0.9183,-0.3573,-4.1546,1.6694,0.4909,0.9128,0.3772,FOLLOW
43.0,0.3275,0.9177,-0.3676,-4.154,1.6724,0.498,0.9104,0.3776,FOLLOW
43.02,0.329,0.917,-0.3776,-4.1537,1.674,0.498,0.9104,0.3779,FOLLOW
43.04,0.3306,0.9164,-0.3875,-4.1537,1.674,0.498,0.9104,0.3782,FOLLOW
43.06,0.3322,0.9158,-0.3974,-4.1534,1.6756,0.498,0.9104,0.3785,FOLLOW
43.08,0.3338,0.9151,-0.4074,-4.1531,1.6772,0.498,0.9104,0.3789,FOLLOW
43.1,0.3353,0.9144,-0.4173,-4.1527,1.6788,0.5069,0.9069,0.3791,FOLLOW
43.12,0.3369,0.9137,-0.4272,-4.1524,1.6803,0.5069,0.9069,0.3794,FOLLOW
43.14,0.3384,0.913,-0.4372,-4.1516,1.6835,0.5069,0.9069,0.3797,FOLLOW
43.16,0.34,0.9123,-0.4471,-4.1516,1.6835,0.5069,0.9069,0.3799,FOLLOW
43.18,0.3415,0.9115,-0.457,-4.1512,1.685,0.5069,0.9069,0.3802,FOLLOW
43.2,0.343,0.9108,-0.4671,-4.1508,1.6866,0.5127,0.9042,0.3804,FOLLOW
43.22,0.3444,0.91,-0.4773,-4.1504,1.6881,0.5127,0.9042,0.3806,FOLLOW
43.24,0.3459,0.9093,-0.4875,-4.1499,1.6896,0.5127,0.9042,0.3808,FOLLOW
43.26,0.3474,0.9085,-0.4977,-4.1495,1.6911,0.5127,0.9042,0.381,FOLLOW
43.28,0.3488,0.9077,-0.5079,-4.149,1.6926,0.5127,0.9042,0.3812,FOLLOW
43.3,0.3502,0.9069,-0.5181,-4.1485,1.694,0.5197,0.9006,0.3814,FOLLOW
43.32,0.3517,0.906,-0.5283,-4.148,1.6955,0.5197,0.9006,0.3815,FOLLOW
43.34,0.3531,0.9052,-0.5385,-4.147,1.6985,0.5197,0.9006,0.3817,FOLLOW
43.36,0.3545,0.9043,-0.5488,-4.147,1.6985,0.5197,0.9006,0.3818,FOLLOW
43.38,0.3559,0.9035,-0.559,-4.1464,1.6999,0.5197,0.9006,0.3819,FOLLOW
43.4,0.3574,0.9025,-0.569,-4.1458,1.7014,0.5264,0.8966,0.382,FOLLOW
43.42,0.3589,0.9016,-0.5785,-4.1452,1.7029,0.5264,0.8966,0.382,FOLLOW
43.44,0.3603,0.9006,-0.588,-4.1446,1.7045,0.5264,0.8966,0.3821,FOLLOW
43.46,0.3618,0.8996,-0.5975,-4.1433,1.7076,0.5264,0.8966,0.3821,FOLLOW
43.48,0.3633,0.8986,-0.6069,-4.1433,1.7076,0.5264,0.8966,0.3821,FOLLOW
43.5,0.3648,0.8975,-0.6164,-4.1426,1.7092,0.5334,0.8921,0.3821,FOLLOW
43.52,0.3662,0.8965,-0.6259,-4.1419,1.7108,0.5334,0.8921,0.3821,FOLLOW
43.54,0.3677,0.8954,-0.6354,-4.1411,1.7123,0.5334,0.8921,0.382,FOLLOW
43.56,0.3691,0.8944,-0.6448,-4.1397,1.7154,0.5334,0.8921,0.382,FOLLOW
43.58,0.3705,0.8933,-0.6543,-4.1397,1.7154,0.5334,0.8921,0.3819,FOLLOW
43.6,0.3719,0.8922,-0.664,-4.1389,1.7169,0.5403,0.8871,0.3819,FOLLOW
43.62,0.3732,0.8912,-0.674,-4.1382,1.7183,0.5403,0.8871,0.3818,FOLLOW
43.64,0.3745,0.8901,-0.6841,-4.1374,1.7197,0.5403,0.8871,0.3818,FOLLOW
43.66,0.3758,0.8891,-0.6941,-4.1367,1.7211,0.5403,0.8871,0.3817,FOLLOW
43.68,0.3771,0.888,-0.7042,-4.1359,1.7225,0.5403,0.8871,0.3816,FOLLOW
43.7,0.3784,0.8869,-0.7142,-4.1351,1.7239,0.5466,0.8821,0.3815,FOLLOW
43.72,0.3796,0.8858,-0.7243,-4.1343,1.7253,0.5466,0.8821,0.3814,FOLLOW
43.74,0.3809,0.8847,-0.7344,-4.1335,1.7267,0.5466,0.8821,0.3813,FOLLOW
43.76,0.3821,0.8835,-0.7444,-4.1327,1.728,0.5466,0.8821,0.3811,FOLLOW
43.78,0.3833,0.8824,-0.7545,-4.1319,1.7294,0.5466,0.8821,0.381,FOLLOW
43.8,0.3845,0.8813,-0.7647,-4.131,1.7307,0.5526,0.8768,0.3808,FOLLOW
43.82,0.3856,0.8802,-0.7754,-4.1302,1.732,0.5526,0.8768,0.3807,FOLLOW
43.84,0.3867,0.8791,-0.786,-4.1294,1.7332,0.5526,0.8768,0.3806,FOLLOW
43.86,0.3878,0.878,-0.7966,-4.1286,1.7344,0.5526,0.8768,0.3804,FOLLOW
43.88,0.3889,0.8768,-0.8073,-4.1278,1.7356,0.5526,0.8768,0.3802,FOLLOW
43.9,0.39,0.8757,-0.8179,-4.1269,1.7368,0.5579,0.8716,0.38,FOLLOW
43.92,0.3911,0.8745,-0.8286,-4.126,1.738,0.5579,0.8716,0.3798,FOLLOW
43.94,0.3921,0.8734,-0.8392,-4.1252,1.7392,0.5579,0.8716,0.3796,FOLLOW
43.96,0.3931,0.8722,-0.8498,-4.1243,1.7404,0.5579,0.8716,0.3794,FOLLOW
43.98,0.3942,0.871,-0.8605,-4.1225,1.7427,0.5629,0.8661,0.3792,FOLLOW
44.0,0.3952,0.8698,-0.8709,-4.1215,1.7439,0.5629,0.8661,0.3789,FOLLOW
44.02,0.3963,0.8685,-0.881,-4.1215,1.7439,0.5629,0.8661,0.3786,FOLLOW
44.04,0.3974,0.8672,-0.891,-4.1205,1.7451,0.5629,0.8661,0.3782,FOLLOW
44.06,0.3984,0.8659,-0.9011,-4.1194,1.7463,0.5629,0.8661,0.3779,FOLLOW
44.08,0.3995,0.8645,-0.9111,-4.1184,1.7475,0.5629,0.8661,0.3775,FOLLOW
44.1,0.4005,0.8632,-0.9212,-4.1173,1.7487,0.5679,0.8601,0.3771,FOLLOW
44.12,0.4015,0.8619,-0.9312,-4.1163,1.7499,0.5679,0.8601,0.3767,FOLLOW
44.14,0.4025,0.8605,-0.9413,-4.1152,1.7511,0.5679,0.8601,0.3763,FOLLOW
44.16,0.4035,0.8591,-0.9513,-4.113,1.7534,0.5679,0.8601,0.3759,FOLLOW
44.18,0.4044,0.8578,-0.9613,-4.113,1.7534,0.5679,0.8601,0.3755,FOLLOW
44.2,0.4054,0.8564,-0.9713,-4.1119,1.7546,0.5726,0.8537,0.375,FOLLOW
44.22,0.4063,0.855,-0.9813,-4.1108,1.7557,0.5726,0.8537,0.3745,FOLLOW
44.24,0.4073,0.8536,-0.9913,-4.1097,1.7568,0.5726,0.8537,0.3741,FOLLOW
44.26,0.4082,0.8521,-1.0013,-4.1085,1.7579,0.5726,0.8537,0.3736,FOLLOW
44.28,0.4091,0.8507,-1.0113,-4.1074,1.759,0.5771,0.8471,0.3731,FOLLOW
44.3,0.41,0.8493,-1.0213,-4.1062,1.7601,0.5771,0.8471,0.3726,FOLLOW
44.32,0.4108,0.8478,-1.0313,-4.105,1.7612,0.5771,0.8471,0.372,FOLLOW
44.34,0.4117,0.8464,-1.0413,-4.1026,1.7633,0.5771,0.8471,0.3715,FOLLOW
44.36,0.4126,0.8449,-1.0513,-4.1026,1.7633,0.5771,0.8471,0.3709,FOLLOW
44.38,0.4134,0.8434,-1.0613,-4.1014,1.7644,0.5771,0.8471,0.3704,FOLLOW
44.4,0.4142,0.8419,-1.0711,-4.1002,1.7654,0.5812,0.8402,0.3697,FOLLOW
44.42,0.4151,0.8403,-1.0805,-4.0989,1.7665,0.5812,0.8402,0.3691,FOLLOW
44.44,0.4159,0.8387,-1.0899,-4.0975,1.7676,0.5812,0.8402,0.3684,FOLLOW
44.46,0.4167,0.8371,-1.0994,-4.0962,1.7686,0.5812,0.8402,0.3677,FOLLOW
44.48,0.4176,0.8355,-1.1088,-4.0948,1.7697,0.5812,0.8402,0.367,FOLLOW
44.5,0.4183,0.8339,-1.1182,-4.0935,1.7707,0.5852,0.8328,0.3663,FOLLOW
44.52,0.4191,0.8323,-1.1277,-4.0921,1.7718,0.5852,0.8328,0.3656,FOLLOW
44.54,0.4199,0.8306,-1.1371,-4.0907,1.7728,0.5852,0.8328,0.3648,FOLLOW
44.56,0.4206,0.829,-1.1465,-4.0893,1.7738,0.5852,0.8328,0.3641,FOLLOW
44.58,0.4214,0.8274,-1.1559,-4.0865,1.7758,0.5852,0.8328,0.3633,FOLLOW
44.6,0.4221,0.8257,-1.1654,-4.0865,1.7758,0.5889,0.825,0.3626,FOLLOW
44.62,0.4228,0.8241,-1.1749,-4.0851,1.7767,0.5889,0.825,0.3618,FOLLOW
44.64,0.4234,0.8224,-1.1844,-4.0837,1.7777,0.5889,0.825,0.361,FOLLOW
44.66,0.4241,0.8208,-1.1939,-4.0823,1.7786,0.5889,0.825,0.3602,FOLLOW
44.68,0.4248,0.8191,-1.2033,-4.0808,1.7795,0.5889,0.825,0.3594,FOLLOW
44.698,0.4254,0.8174,-1.2128,-4.0794,1.7804,0.5922,0.8172,0.3585,FOLLOW
44.72,0.426,0.8157,-1.2223,-4.0779,1.7813,0.5922,0.8172,0.3577,FOLLOW
44.74,0.4266,0.8141,-1.2318,-4.0765,1.7822,0.5922,0.8172,0.3569,FOLLOW
44.76,0.4272,0.8124,-1.2413,-4.075,1.783,0.5922,0.8172,0.356,FOLLOW
44.78,0.4278,0.8107,-1.2507,-4.0735,1.7839,0.5922,0.8172,0.3551,FOLLOW
44.8,0.4283,0.8089,-1.2601,-4.0705,1.7856,0.5951,0.8092,0.3542,FOLLOW
44.82,0.4289,0.8072,-1.2694,-4.0705,1.7856,0.5951,0.8092,0.3533,FOLLOW
44.84,0.4294,0.8055,-1.2787,-4.069,1.7864,0.5951,0.8092,0.3524,FOLLOW
44.86,0.4299,0.8037,-1.2881,-4.0674,1.7872,0.5951,0.8092,0.3514,FOLLOW
44.88,0.4304,0.802,-1.2974,-4.0659,1.788,0.5951,0.8092,0.3505,FOLLOW
44.9,0.4309,0.8002,-1.3067,-4.0628,1.7895,0.5977,0.8009,0.3495,FOLLOW
44.92,0.4314,0.7985,-1.316,-4.0628,1.7895,0.5977,0.8009,0.3485,FOLLOW
44.94,0.4318,0.7967,-1.3254,-4.0612,1.7903,0.5977,0.8009,0.3475,FOLLOW
44.96,0.4322,0.7949,-1.3347,-4.0597,1.791,0.5977,0.8009,0.3465,FOLLOW
44.98,0.4327,0.7932,-1.344,-4.0565,1.7924,0.5977,0.8009,0.3455,FOLLOW
45.0,0.4331,0.7913,-1.3532,-4.0565,1.7924,0.5999,0.7925,0.3445,FOLLOW
45.02,0.4335,0.7894,-1.362,-4.0548,1.7931,0.5999,0.7925,0.3433,FOLLOW
45.04,0.4339,0.7876,-1.3708,-4.0531,1.7939,0.5999,0.7925,0.3422,FOLLOW
45.06,0.4342,0.7857,-1.3796,-4.0514,1.7946,0.5999,0.7925,0.3411,FOLLOW
45.08,0.4346,0.7838,-1.3884,-4.0497,1.7952,0.5999,0.7925,0.3399,FOLLOW
45.102,0.4349,0.7819,-1.3972,-4.0463,1.7966,0.6017,0.7837,0.3388,FOLLOW
45.12,0.4352,0.78,-1.406,-4.0463,1.7966,0.6017,0.7837,0.3376,FOLLOW
45.14,0.4356,0.7781,-1.4149,-4.0428,1.7978,0.6017,0.7837,0.3365,FOLLOW
45.16,0.4358,0.7762,-1.4237,-4.0428,1.7978,0.6017,0.7837,0.3353,FOLLOW
45.18,0.4361,0.7743,-1.4325,-4.0411,1.7984,0.6017,0.7837,0.3341,FOLLOW
45.2,0.4364,0.7725,-1.4414,-4.0394,1.799,0.6032,0.7746,0.3329,FOLLOW
45.22,0.4366,0.7707,-1.4508,-4.0377,1.7996,0.6032,0.7746,0.3318,FOLLOW
45.24,0.4368,0.7689,-1.4601,-4.0361,1.8001,0.6032,0.7746,0.3307,FOLLOW
45.26,0.437,0.7671,-1.4695,-4.0344,1.8006,0.6032,0.7746,0.3295,FOLLOW
45.28,0.4371,0.7653,-1.4789,-4.0328,1.8011,0.6032,0.7746,0.3284,FOLLOW
45.3,0.4373,0.7635,-1.4883,-4.0311,1.8016,0.6043,0.7659,0.3272,FOLLOW
45.32,0.4374,0.7617,-1.4977,-4.0295,1.8021,0.6043,0.7659,0.326,FOLLOW
45.34,0.4376,0.7599,-1.5071,-4.0261,1.803,0.6043,0.7659,0.3248,FOLLOW
45.36,0.4377,0.7581,-1.5164,-4.0261,1.803,0.6043,0.7659,0.3236,FOLLOW
45.38,0.4378,0.7563,-1.5258,-4.0245,1.8034,0.6043,0.7659,0.3224,FOLLOW
45.4,0.4378,0.7547,-1.5353,-4.0228,1.8038,0.6049,0.7573,0.3213,FOLLOW
45.42,0.4379,0.7531,-1.5452,-4.0214,1.8041,0.6049,0.7573,0.3203,FOLLOW
45.44,0.4379,0.7515,-1.5554,-4.02,1.8044,0.6049,0.7573,0.3192,FOLLOW
45.46,0.4379,0.7499,-1.566,-4.0186,1.8047,0.6049,0.7573,0.3182,FOLLOW
45.48,0.4379,0.7484,-1.5768,-4.0172,1.805,0.6049,0.7573,0.3172,FOLLOW
45.5,0.4379,0.7469,-1.5876,-4.0157,1.8052,0.6051,0.7498,0.3162,FOLLOW
45.52,0.4379,0.7453,-1.5984,-4.0143,1.8055,0.6051,0.7498,0.3151,FOLLOW
45.54,0.4378,0.7438,-1.6093,-4.0129,1.8057,0.6051,0.7498,0.3141,FOLLOW
45.56,0.4377,0.7423,-1.6201,-4.0115,1.8059,0.6051,0.7498,0.313,FOLLOW
45.58,0.4376,0.7408,-1.6309,-4.0101,1.8061,0.6051,0.7498,0.3119,FOLLOW
45.6,0.4376,0.7394,-1.6419,-4.0087,1.8063,0.605,0.7427,0.311,FOLLOW
45.62,0.4374,0.7381,-1.6532,-4.0075,1.8064,0.605,0.7427,0.3101,FOLLOW
45.64,0.4373,0.7368,-1.6649,-4.0065,1.8066,0.605,0.7427,0.3092,FOLLOW
45.66,0.4372,0.7356,-1.6769,-4.0043,1.8067,0.605,0.7427,0.3084,FOLLOW
45.68,0.4371,0.7343,-1.6894,-4.0043,1.8067,0.605,0.7427,0.3075,FOLLOW
45.7,0.4369,0.7332,-1.7021,-4.0022,1.8069,0.6044,0.7358,0.3067,FOLLOW
45.72,0.4367,0.732,-1.7151,-4.0022,1.8069,0.6044,0.7358,0.3059,FOLLOW
45.74,0.4366,0.7308,-1.728,-4.0011,1.8069,0.6044,0.7358,0.305,FOLLOW
45.76,0.4364,0.7296,-1.7409,-4.0,1.8069,0.6044,0.7358,0.3042,FOLLOW
45.78,0.4362,0.7284,-1.7538,-3.9989,1.8069,0.6044,0.7358,0.3033,FOLLOW
45.8,0.4359,0.7272,-1.7665,-3.9978,1.8069,0.6037,0.7316,0.3024,FOLLOW
45.82,0.4357,0.7259,-1.7789,-3.9967,1.8069,0.6037,0.7316,0.3014,FOLLOW
45.84,0.4354,0.7247,-1.7909,-3.9954,1.8069,0.6037,0.7316,0.3004,FOLLOW
45.86,0.4351,0.7234,-1.8028,-3.993,1.8068,0.6037,0.7316,0.2994,FOLLOW
45.88,0.4348,0.7221,-1.8147,-3.9918,1.8067,0.6037,0.7316,0.2983,FOLLOW
45.9,0.4344,0.7208,-1.8266,-3.9906,1.8066,0.6025,0.7257,0.2973,FOLLOW
45.92,0.4341,0.7195,-1.8385,-3.9906,1.8066,0.6025,0.7257,0.2962,FOLLOW
45.94,0.4337,0.7182,-1.8504,-3.9893,1.8065,0.6025,0.7257,0.2951,FOLLOW
45.96,0.4333,0.717,-1.8623,-3.9869,1.8063,0.6025,0.7257,0.2941,FOLLOW
45.98,0.4329,0.7157,-1.8742,-3.9857,1.8062,0.6025,0.7257,0.293,FOLLOW
46.0,0.4325,0.7143,-1.8859,-3.9843,1.806,0.6009,0.7199,0.2918,FOLLOW
46.02,0.432,0.7129,-1.8972,-3.9843,1.806,0.6009,0.7199,0.2905,FOLLOW
46.04,0.4315,0.7114,-1.9081,-3.9828,1.8058,0.6009,0.7199,0.2891,FOLLOW
46.06,0.431,0.7098,-1.9186,-3.9813,1.8055,0.6009,0.7199,0.2877,FOLLOW
46.08,0.4304,0.7083,-1.9289,-3.9798,1.8053,0.6009,0.7199,0.2862,FOLLOW
46.1,0.4298,0.7068,-1.9392,-3.9782,1.805,0.5986,0.713,0.2848,FOLLOW
46.12,0.4292,0.7053,-1.9495,-3.9767,1.8047,0.5986,0.713,0.2834,FOLLOW
46.14,0.4286,0.7038,-1.9598,-3.9752,1.8044,0.5986,0.713,0.2819,FOLLOW
46.16,0.428,0.7022,-1.9701,-3.9737,1.8041,0.5986,0.713,0.2804,FOLLOW
46.18,0.4273,0.7008,-1.9804,-3.9722,1.8038,0.5957,0.7059,0.279,FOLLOW
46.2,0.4267,0.6993,-1.9909,-3.9707,1.8035,0.5957,0.7059,0.2775,FOLLOW
46.22,0.426,0.6978,-2.0014,-3.9692,1.8031,0.5957,0.7059,0.2761,FOLLOW
46.24,0.4254,0.6964,-2.0119,-3.9678,1.8028,0.5957,0.7059,0.2746,FOLLOW
46.26,0.4247,0.695,-2.0225,-3.9664,1.8024,0.5957,0.7059,0.2732,FOLLOW
46.28,0.424,0.6936,-2.033,-3.9649,1.802,0.5957,0.7059,0.2717,FOLLOW
46.3,0.4233,0.6921,-2.0436,-3.9635,1.8016,0.5926,0.699,0.2703,FOLLOW
46.32,0.4225,0.6907,-2.0541,-3.9621,1.8012,0.5926,0.699,0.2688,FOLLOW
46.34,0.4218,0.6893,-2.0647,-3.9606,1.8007,0.5926,0.699,0.2673,FOLLOW
46.36,0.421,0.6879,-2.0752,-3.9592,1.8003,0.5926,0.699,0.2658,FOLLOW
46.38,0.4202,0.6866,-2.0857,-3.9578,1.7998,0.5926,0.699,0.2643,FOLLOW
46.4,0.4196,0.6853,-2.0961,-3.9562,1.7993,0.5926,0.699,0.263,FOLLOW
46.42,0.4193,0.6844,-2.1058,-3.9562,1.7993,0.5926,0.699,0.2622,FOLLOW
46.44,0.4193,0.6837,-2.1151,-3.9562,1.7993,0.5892,0.6924,0.2617,FOLLOW_TURN
46.46,0.4196,0.6834,-2.1239,-3.9562,1.7993,0.5892,0.6924,0.2617,FOLLOW_TURN
46.48,0.4202,0.6834,-2.1321,-3.9562,1.7993,0.5892,0.6924,0.2621,FOLLOW_TURN
46.5,0.4212,0.6836,-2.1398,-3.9562,1.7993,0.5883,0.691,0.263,FOLLOW_TURN
46.52,0.4224,0.6842,-2.147,-3.9562,1.7993,0.5883,0.691,0.2642,FOLLOW_TURN
46.54,0.4237,0.685,-2.1537,-3.9562,1.7993,0.5883,0.691,0.2658,FOLLOW_TURN
46.56,0.425,0.6862,-2.1599,-3.9562,1.7993,0.5883,0.691,0.2675,FOLLOW_TURN
46.58,0.4263,0.6876,-2.1656,-3.9562,1.7993,0.5883,0.691,0.2695,FOLLOW_TURN
46.6,0.4276,0.6894,-2.1708,-3.9562,1.7993,0.5883,0.691,0.2717,FOLLOW_TURN
46.62,0.4289,0.6913,-2.1755,-3.9562,1.7993,0.5883,0.691,0.2739,FOLLOW_TURN
46.64,0.4302,0.6931,-2.1798,-3.9562,1.7993,0.5883,0.691,0.2762,FOLLOW_TURN
46.66,0.4314,0.6949,-2.1836,-3.9562,1.7993,0.5883,0.691,0.2783,FOLLOW_TURN
46.68,0.4326,0.6966,-2.187,-3.9562,1.7993,0.5883,0.691,0.2805,FOLLOW_TURN
46.7,0.4339,0.6984,-2.1898,-3.9562,1.7993,0.5883,0.691,0.2826,FOLLOW_TURN
46.72,0.4351,0.7001,-2.1922,-3.9562,1.7993,0.5883,0.691,0.2847,FOLLOW_TURN
46.742,0.4363,0.7017,-2.1942,-3.9562,1.7993,0.5883,0.691,0.2868,FOLLOW_TURN
46.76,0.4375,0.7034,-2.1957,-3.9562,1.7993,0.5883,0.691,0.2888,FOLLOW_TURN
46.78,0.4386,0.705,-2.1967,-3.9562,1.7993,0.5883,0.691,0.2908,FOLLOW_TURN
46.8,0.4392,0.7058,-2.1976,-3.9562,1.7993,0.5883,0.691,0.2918,FOLLOW
46.82,0.4393,0.7061,-2.1989,-3.9561,1.7993,0.5883,0.691,0.2921,FOLLOW
46.84,0.4392,0.706,-2.2008,-3.9555,1.7994,0.5883,0.691,0.2919,FOLLOW
46.86,0.4387,0.7056,-2.2032,-3.9545,1.7995,0.5883,0.691,0.2913,FOLLOW
46.88,0.4379,0.7049,-2.2061,-3.9524,1.7997,0.5883,0.691,0.2903,FOLLOW
46.9,0.4368,0.7039,-2.2095,-3.9524,1.7997,0.5861,0.6879,0.2888,FOLLOW
46.92,0.4357,0.7027,-2.2135,-3.9513,1.7998,0.5861,0.6879,0.2871,FOLLOW
46.94,0.4346,0.7012,-2.2179,-3.9502,1.7998,0.5861,0.6879,0.2853,FOLLOW
46.96,0.4335,0.6998,-2.2228,-3.9491,1.7999,0.5861,0.6879,0.2836,FOLLOW
46.98,0.4325,0.6984,-2.2281,-3.9481,1.7999,0.5861,0.6879,0.2818,FOLLOW
47.0,0.4314,0.697,-2.2339,-3.947,1.8,0.5835,0.6844,0.2801,FOLLOW
47.02,0.4303,0.6957,-2.2403,-3.9459,1.8,0.5835,0.6844,0.2784,FOLLOW
47.04,0.4293,0.6943,-2.247,-3.9448,1.8,0.5835,0.6844,0.2767,FOLLOW
47.06,0.4282,0.6931,-2.2543,-3.9437,1.8,0.5835,0.6844,0.275,FOLLOW
47.08,0.4272,0.6918,-2.262,-3.9416,1.7999,0.5835,0.6844,0.2734,FOLLOW
47.098,0.4261,0.6906,-2.2702,-3.9416,1.7999,0.5801,0.6802,0.2718,FOLLOW
47.12,0.4251,0.6894,-2.2788,-3.9405,1.7998,0.5801,0.6802,0.2702,FOLLOW
47.138,0.4241,0.6882,-2.288,-3.9394,1.7997,0.5801,0.6802,0.2687,FOLLOW
47.16,0.4231,0.6871,-2.2976,-3.9383,1.7996,0.5801,0.6802,0.2672,FOLLOW
47.18,0.4222,0.686,-2.3076,-3.9373,1.7995,0.5801,0.6802,0.2657,FOLLOW
47.2,0.4212,0.685,-2.3182,-3.9362,1.7994,0.5766,0.6761,0.2644,FOLLOW
47.22,0.4203,0.684,-2.3292,-3.9351,1.7993,0.5766,0.6761,0.263,FOLLOW
47.24,0.4194,0.6831,-2.3407,-3.9341,1.7991,0.5766,0.6761,0.2617,FOLLOW
47.26,0.4186,0.6822,-2.3526,-3.933,1.7989,0.5766,0.6761,0.2605,FOLLOW
47.28,0.4177,0.6814,-2.365,-3.9319,1.7988,0.5766,0.6761,0.2592,FOLLOW
47.3,0.4168,0.6805,-2.3778,-3.9298,1.7984,0.5729,0.6721,0.258,FOLLOW
47.32,0.416,0.6797,-2.3905,-3.9298,1.7984,0.5729,0.6721,0.2568,FOLLOW
47.34,0.4151,0.6789,-2.4032,-3.9287,1.7982,0.5729,0.6721,0.2556,FOLLOW
47.36,0.4142,0.6781,-2.416,-3.9277,1.7979,0.5729,0.6721,0.2543,FOLLOW
47.38,0.4133,0.6773,-2.4287,-3.9266,1.7977,0.5729,0.6721,0.2531,FOLLOW
47.4,0.4123,0.6764,-2.4417,-3.9256,1.7974,0.5689,0.6685,0.2517,FOLLOW
47.42,0.4111,0.6755,-2.4551,-3.9245,1.7971,0.5689,0.6685,0.2502,FOLLOW
47.44,0.41,0.6746,-2.469,-3.9235,1.7969,0.5689,0.6685,0.2487,FOLLOW
47.46,0.4089,0.6738,-2.4834,-3.9225,1.7965,0.5689,0.6685,0.2472,FOLLOW
47.48,0.4078,0.6729,-2.4983,-3.9214,1.7962,0.5689,0.6685,0.2458,FOLLOW
47.498,0.4068,0.6721,-2.5136,-3.9204,1.7959,0.5639,0.6644,0.2444,FOLLOW
47.52,0.4057,0.6714,-2.5295,-3.9194,1.7955,0.5639,0.6644,0.243,FOLLOW
47.54,0.4047,0.6707,-2.5457,-3.9184,1.7951,0.5639,0.6644,0.2417,FOLLOW
47.56,0.4036,0.67,-2.5624,-3.9174,1.7947,0.5639,0.6644,0.2403,FOLLOW
47.58,0.4026,0.6693,-2.5791,-3.9164,1.7943,0.5639,0.6644,0.239,FOLLOW
47.6,0.4017,0.6688,-2.5956,-3.9153,1.7939,0.5639,0.6644,0.2379,FOLLOW
47.62,0.4011,0.6686,-2.6116,-3.9153,1.7939,0.5639,0.6644,0.2372,FOLLOW
47.64,0.4009,0.6687,-2.6271,-3.9153,1.7939,0.5604,0.6619,0.2369,FOLLOW_TURN
47.66,0.4009,0.6691,-2.6421,-3.9153,1.7939,0.5604,0.6619,0.237,FOLLOW_TURN
47.68,0.4013,0.6697,-2.6565,-3.9153,1.7939,0.5604,0.6619,0.2376,FOLLOW_TURN
47.7,0.402,0.6707,-2.6705,-3.9153,1.7939,0.5594,0.6613,0.2386,FOLLOW_TURN
47.72,0.4029,0.6719,-2.6839,-3.9153,1.7939,0.5594,0.6613,0.2401,FOLLOW_TURN
47.74,0.4043,0.6732,-2.6969,-3.9153,1.7939,0.5594,0.6613,0.2417,FOLLOW_TURN
47.76,0.4059,0.6744,-2.7094,-3.9153,1.7939,0.5594,0.6613,0.2435,FOLLOW_TURN
47.78,0.4078,0.6755,-2.7214,-3.9153,1.7939,0.5594,0.6613,0.2455,FOLLOW_TURN
47.8,0.4101,0.6766,-2.7329,-3.9153,1.7939,0.5594,0.6613,0.2477,FOLLOW_TURN
47.82,0.4125,0.6777,-2.744,-3.9153,1.7939,0.5594,0.6613,0.25,FOLLOW_TURN
47.84,0.415,0.6787,-2.7546,-3.9153,1.7939,0.5594,0.6613,0.2523,FOLLOW_TURN
47.86,0.4175,0.6797,-2.7647,-3.9153,1.7939,0.5594,0.6613,0.2545,FOLLOW_TURN
47.88,0.4199,0.6807,-2.7744,-3.9153,1.7939,0.5594,0.6613,0.2567,FOLLOW_TURN
47.9,0.4223,0.6816,-2.7837,-3.9153,1.7939,0.5594,0.6613,0.2589,FOLLOW_TURN
47.92,0.4247,0.6825,-2.7926,-3.9153,1.7939,0.5594,0.6613,0.261,FOLLOW_TURN
47.94,0.4271,0.6833,-2.801,-3.9153,1.7939,0.5594,0.6613,0.2631,FOLLOW_TURN
47.96,0.4294,0.6841,-2.8091,-3.9153,1.7939,0.5594,0.6613,0.2652,FOLLOW_TURN
47.98,0.4317,0.6849,-2.8166,-3.9153,1.7939,0.5594,0.6613,0.2673,FOLLOW_TURN
48.0,0.434,0.6857,-2.8238,-3.9153,1.7939,0.5594,0.6613,0.2693,FOLLOW_TURN
48.02,0.4363,0.6864,-2.8305,-3.9153,1.7939,0.5594,0.6613,0.2713,FOLLOW_TURN
48.04,0.4386,0.6872,-2.8369,-3.9153,1.7939,0.5594,0.6613,0.2733,FOLLOW_TURN
48.06,0.4408,0.6879,-2.8428,-3.9153,1.7939,0.5594,0.6613,0.2752,FOLLOW_TURN
48.08,0.443,0.6885,-2.8482,-3.9153,1.7939,0.5594,0.6613,0.2771,FOLLOW_TURN
48.1,0.4452,0.6892,-2.8533,-3.9153,1.7939,0.5594,0.6613,0.279,FOLLOW_TURN
48.12,0.4474,0.6898,-2.8579,-3.9153,1.7939,0.5594,0.6613,0.2809,FOLLOW_TURN
48.14,0.4495,0.6905,-2.8622,-3.9153,1.7939,0.5594,0.6613,0.2828,FOLLOW_TURN
48.16,0.4516,0.6911,-2.866,-3.9153,1.7939,0.5594,0.6613,0.2846,FOLLOW_TURN
48.18,0.4537,0.6916,-2.8694,-3.9153,1.7939,0.5594,0.6613,0.2864,FOLLOW_TURN
48.2,0.4545,0.6917,-2.8726,-3.9153,1.7939,0.5594,0.6613,0.287,FOLLOW_ARC
48.22,0.4541,0.6915,-2.8761,-3.9151,1.7939,0.5594,0.6613,0.2865,FOLLOW_ARC
48.24,0.4533,0.6912,-2.8801,-3.9146,1.7941,0.5594,0.6613,0.2856,FOLLOW_ARC
48.26,0.4521,0.6908,-2.8844,-3.9136,1.7944,0.5594,0.6613,0.2844,FOLLOW_ARC
48.28,0.4504,0.6903,-2.8893,-3.9123,1.7947,0.5594,0.6613,0.2828,FOLLOW_ARC
48.3,0.4486,0.6898,-2.8945,-3.9106,1.7952,0.5563,0.6605,0.2811,FOLLOW_ARC
48.32,0.4467,0.6894,-2.9002,-3.9089,1.7957,0.5563,0.6605,0.2794,FOLLOW_ARC
48.34,0.4449,0.6889,-2.9061,-3.9054,1.7966,0.5563,0.6605,0.2778,FOLLOW_ARC
48.36,0.4431,0.6885,-2.9121,-3.9054,1.7966,0.5563,0.6605,0.2761,FOLLOW_ARC
48.38,0.4413,0.6881,-2.9181,-3.9037,1.7971,0.5563,0.6605,0.2745,FOLLOW_ARC
48.4,0.4395,0.6877,-2.9241,-3.9019,1.7975,0.5477,0.6583,0.2728,FOLLOW_ARC
48.42,0.4377,0.6873,-2.9301,-3.8984,1.7984,0.5477,0.6583,0.2712,FOLLOW_ARC
48.44,0.4359,0.6869,-2.9361,-3.8984,1.7984,0.5477,0.6583,0.2695,FOLLOW_ARC
48.46,0.4341,0.6865,-2.9421,-3.8967,1.7988,0.5477,0.6583,0.2679,FOLLOW_ARC
48.48,0.4323,0.6862,-2.9481,-3.8949,1.7992,0.5477,0.6583,0.2663,FOLLOW_ARC
48.5,0.4304,0.6858,-2.9541,-3.8932,1.7996,0.5389,0.6564,0.2647,FOLLOW_ARC
48.52,0.4286,0.6855,-2.9601,-3.8914,1.7999,0.5389,0.6564,0.2631,FOLLOW_ARC
48.54,0.4268,0.6852,-2.9661,-3.8879,1.8007,0.5389,0.6564,0.2615,FOLLOW_ARC
48.56,0.425,0.6848,-2.9721,-3.8861,1.801,0.5389,0.6564,0.2599,FOLLOW_ARC
48.58,0.4231,0.6845,-2.9781,-3.8861,1.801,0.5389,0.6564,0.2583,FOLLOW_ARC
48.6,0.4213,0.6842,-2.9841,-3.8826,1.8017,0.53,0.6548,0.2567,FOLLOW_ARC
48.62,0.4195,0.684,-2.9901,-3.8808,1.802,0.53,0.6548,0.2551,FOLLOW_ARC
48.64,0.4176,0.6837,-2.9961,-3.879,1.8023,0.53,0.6548,0.2536,FOLLOW_ARC
48.66,0.4158,0.6834,-3.0021,-3.879,1.8023,0.53,0.6548,0.252,FOLLOW_ARC
48.68,0.414,0.6832,-3.0081,-3.8772,1.8026,0.53,0.6548,0.2505,FOLLOW_ARC
48.7,0.4121,0.6829,-3.0141,-3.8737,1.8031,0.5211,0.6534,0.2489,FOLLOW_ARC
48.72,0.4103,0.6827,-3.0201,-3.8737,1.8031,0.5211,0.6534,0.2474,FOLLOW_ARC
48.74,0.4085,0.6825,-3.0261,-3.8719,1.8034,0.5211,0.6534,0.2459,FOLLOW_ARC
48.76,0.4066,0.6823,-3.0321,-3.8683,1.8039,0.5211,0.6534,0.2444,FOLLOW_ARC
48.78,0.4048,0.6821,-3.0381,-3.8683,1.8039,0.5211,0.6534,0.2428,FOLLOW_ARC
48.8,0.4029,0.6819,-3.0441,-3.8666,1.8041,0.5122,0.6523,0.2413,FOLLOW_ARC
48.82,0.4011,0.6817,-3.0501,-3.8648,1.8043,0.5122,0.6523,0.2399,FOLLOW_ARC
48.84,0.3992,0.6816,-3.0561,-3.863,1.8045,0.5122,0.6523,0.2384,FOLLOW_ARC
48.86,0.3974,0.6814,-3.0621,-3.8612,1.8047,0.5122,0.6523,0.2369,FOLLOW_ARC
48.88,0.3955,0.6813,-3.0681,-3.8594,1.8049,0.5122,0.6523,0.2354,FOLLOW_ARC
48.9,0.3937,0.6811,-3.0741,-3.8558,1.8052,0.5032,0.6515,0.234,FOLLOW_ARC
48.92,0.3918,0.681,-3.0801,-3.8558,1.8052,0.5032,0.6515,0.2325,FOLLOW_ARC
48.94,0.39,0.6809,-3.0861,-3.854,1.8054,0.5032,0.6515,0.2311,FOLLOW_ARC
48.96,0.3881,0.6808,-3.0921,-3.8522,1.8055,0.5032,0.6515,0.2297,FOLLOW_ARC
48.98,0.3863,0.6807,-3.0981,-3.8486,1.8058,0.4943,0.6509,0.2283,FOLLOW_ARC
49.0,0.3844,0.6807,-3.1041,-3.8486,1.8058,0.4943,0.6509,0.2268,FOLLOW_ARC
49.02,0.3826,0.6806,-3.1101,-3.8468,1.8059,0.4943,0.6509,0.2254,FOLLOW_ARC
49.04,0.3807,0.6805,-3.1161,-3.845,1.806,0.4943,0.6509,0.2241,FOLLOW_ARC
49.06,0.3789,0.6805,-3.1221,-3.8432,1.8061,0.4943,0.6509,0.2227,FOLLOW_ARC
49.08,0.377,0.6805,-3.1281,-3.8414,1.8061,0.4943,0.6509,0.2213,FOLLOW_ARC
49.1,0.3752,0.6805,-3.1341,-3.8378,1.8063,0.4835,0.6506,0.22,FOLLOW_ARC
49.12,0.3733,0.6804,-3.1401,-3.8378,1.8063,0.4835,0.6506,0.2186,FOLLOW_ARC
49.14,0.3715,0.6804,3.1371,-3.836,1.8063,0.4835,0.6506,0.2173,FOLLOW_ARC
49.16,0.3696,0.6805,3.1311,-3.8342,1.8063,0.4835,0.6506,0.2159,FOLLOW_ARC
49.18,0.3677,0.6805,3.1251,-3.8324,1.8064,0.4835,0.6506,0.2146,FOLLOW_ARC
49.2,0.3659,0.6805,3.1191,-3.8306,1.8064,0.4763,0.6506,0.2133,FOLLOW_ARC
49.22,0.364,0.6806,3.1131,-3.8288,1.8064,0.4763,0.6506,0.212,FOLLOW_ARC
49.24,0.3622,0.6806,3.1071,-3.827,1.8064,0.4763,0.6506,0.2107,FOLLOW_ARC
49.26,0.3603,0.6807,3.1011,-3.8252,1.8063,0.4763,0.6506,0.2095,FOLLOW_ARC
49.28,0.3585,0.6808,3.0951,-3.8234,1.8063,0.4763,0.6506,0.2082,FOLLOW_ARC
49.3,0.3566,0.6809,3.0891,-3.8216,1.8063,0.4673,0.6508,0.207,FOLLOW_ARC
49.32,0.3548,0.681,3.0831,-3.8198,1.8062,0.4673,0.6508,0.2057,FOLLOW_ARC
49.34,0.3529,0.6811,3.0771,-3.818,1.8061,0.4673,0.6508,0.2045,FOLLOW_ARC
49.36,0.3511,0.6812,3.0711,-3.8162,1.8061,0.4673,0.6508,0.2033,FOLLOW_ARC
49.38,0.3492,0.6814,3.0651,-3.8145,1.806,0.4673,0.6508,0.2021,FOLLOW_ARC
49.4,0.3474,0.6815,3.0591,-3.8127,1.8059,0.4583,0.6513,0.2009,FOLLOW_ARC
49.42,0.3455,0.6817,3.0531,-3.8109,1.8058,0.4583,0.6513,0.1997,FOLLOW_ARC
49.44,0.3437,0.6818,3.0471,-3.8091,1.8057,0.4583,0.6513,0.1985,FOLLOW_ARC
49.46,0.3418,0.682,3.0411,-3.8055,1.8054,0.4583,0.6513,0.1974,FOLLOW_ARC
49.48,0.34,0.6822,3.0351,-3.8037,1.8052,0.4493,0.6521,0.1962,FOLLOW_ARC
49.502,0.3382,0.6824,3.0291,-3.8019,1.8051,0.4493,0.6521,0.1951,FOLLOW_ARC
49.52,0.3363,0.6826,3.0231,-3.8001,1.8049,0.4493,0.6521,0.194,FOLLOW_ARC
49.54,0.3345,0.6829,3.0171,-3.8001,1.8049,0.4493,0.6521,0.1929,FOLLOW_ARC
49.56,0.3326,0.6831,3.0111,-3.7965,1.8045,0.4493,0.6521,0.1918,FOLLOW_ARC
49.58,0.3308,0.6833,3.0051,-3.7965,1.8045,0.4493,0.6521,0.1907,FOLLOW_ARC
49.6,0.329,0.6836,2.9991,-3.7947,1.8043,0.4404,0.6532,0.1896,FOLLOW_ARC
49.62,0.3271,0.6839,2.9931,-3.7929,1.8041,0.4404,0.6532,0.1886,FOLLOW_ARC
49.64,0.3253,0.6842,2.9871,-3.7894,1.8037,0.4404,0.6532,0.1875,FOLLOW_ARC
49.66,0.3235,0.6844,2.9811,-3.7894,1.8037,0.4404,0.6532,0.1865,FOLLOW_ARC
49.68,0.3216,0.6848,2.9751,-3.7876,1.8034,0.4404,0.6532,0.1855,FOLLOW_ARC
49.7,0.3198,0.6851,2.9691,-3.7858,1.8032,0.4315,0.6545,0.1845,FOLLOW_ARC
49.72,0.318,0.6854,2.9631,-3.784,1.8029,0.4315,0.6545,0.1835,FOLLOW_ARC
49.74,0.3162,0.6857,2.9571,-3.7805,1.8023,0.4315,0.6545,0.1825,FOLLOW_ARC
49.76,0.3143,0.6861,2.9511,-3.7805,1.8023,0.4315,0.6545,0.1816,FOLLOW_ARC
49.78,0.3125,0.6864,2.9451,-3.7787,1.802,0.4315,0.6545,0.1806,FOLLOW_ARC
49.8,0.3107,0.6868,2.9391,-3.7769,1.8017,0.4226,0.6561,0.1797,FOLLOW_ARC
49.82,0.3089,0.6872,2.9331,-3.7734,1.8011,0.4226,0.6561,0.1788,FOLLOW_ARC
49.84,0.3071,0.6876,2.9271,-3.7716,1.8007,0.4226,0.6561,0.1779,FOLLOW_ARC
49.86,0.3053,0.688,2.9211,-3.7716,1.8007,0.4226,0.6561,0.177,FOLLOW_ARC
49.88,0.3035,0.6884,2.9151,-3.7698,1.8004,0.4226,0.6561,0.1761,FOLLOW_ARC
49.9,0.3017,0.6888,2.9091,-3.7663,1.7996,0.4138,0.6579,0.1753,FOLLOW_ARC
49.92,0.2999,0.6892,2.9031,-3.7663,1.7996,0.4138,0.6579,0.1744,FOLLOW_ARC
49.94,0.2981,0.6897,2.8971,-3.7646,1.7992,0.4138,0.6579,0.1736,FOLLOW_ARC
49.96,0.2963,0.6901,2.8911,-3.7628,1.7988,0.4138,0.6579,0.1728,FOLLOW_ARC
49.98,0.2945,0.6906,2.8851,-3.7611,1.7984,0.4138,0.6579,0.172,FOLLOW_ARC
50.0,0.2927,0.6911,2.8791,-3.7576,1.7976,0.4051,0.66,0.1712,FOLLOW_ARC
50.02,0.2909,0.6916,2.8731,-3.7576,1.7976,0.4051,0.66,0.1704,FOLLOW_ARC
50.04,0.2891,0.6921,2.8671,-3.7541,1.7967,0.4051,0.66,0.1697,FOLLOW_ARC
50.06,0.2873,0.6926,2.8611,-3.7541,1.7967,0.4051,0.66,0.1689,FOLLOW_ARC
50.08,0.2855,0.6931,2.8551,-3.7523,1.7962,0.4051,0.66,0.1682,FOLLOW_ARC
50.1,0.2838,0.6936,2.8491,-3.7506,1.7958,0.3964,0.6624,0.1675,FOLLOW_ARC
50.12,0.282,0.6942,2.8431,-3.7489,1.7953,0.3964,0.6624,0.1668,FOLLOW_ARC
50.14,0.2802,0.6947,2.8371,-3.7471,1.7948,0.3964,0.6624,0.1661,FOLLOW_ARC
50.16,0.2785,0.6953,2.8311,-3.7454,1.7943,0.3964,0.6624,0.1655,FOLLOW_ARC
50.18,0.2767,0.6959,2.8251,-3.7419,1.7933,0.3964,0.6624,0.1648,FOLLOW_ARC
50.2,0.2749,0.6964,2.8191,-3.7419,1.7933,0.3878,0.665,0.1642,FOLLOW_ARC
50.22,0.2732,0.697,2.8131,-3.7385,1.7922,0.3878,0.665,0.1636,FOLLOW_ARC
50.24,0.2714,0.6976,2.8071,-3.7368,1.7917,0.3878,0.665,0.163,FOLLOW_ARC
50.26,0.2697,0.6983,2.8011,-3.7368,1.7917,0.3878,0.665,0.1624,FOLLOW_ARC
50.28,0.2679,0.6989,2.7951,-3.7351,1.7911,0.3878,0.665,0.1618,FOLLOW_ARC
50.3,0.2662,0.6995,2.7891,-3.7317,1.7899,0.3792,0.6679,0.1613,FOLLOW_ARC
50.32,0.2644,0.7002,2.7831,-3.7317,1.7899,0.3792,0.6679,0.1607,FOLLOW_ARC
50.34,0.2627,0.7008,2.7771,-3.73,1.7893,0.3792,0.6679,0.1602,FOLLOW_ARC
50.36,0.261,0.7015,2.7711,-3.7283,1.7887,0.3792,0.6679,0.1597,FOLLOW_ARC
50.38,0.2593,0.7022,2.7651,-3.7266,1.7881,0.3792,0.6679,0.1592,FOLLOW_ARC
50.4,0.2575,0.7028,2.7591,-3.7249,1.7875,0.3708,0.6711,0.1588,FOLLOW_ARC
50.42,0.2558,0.7035,2.7531,-3.7232,1.7869,0.3708,0.6711,0.1583,FOLLOW_ARC
50.44,0.2541,0.7043,2.7471,-3.7215,1.7862,0.3708,0.6711,0.1579,FOLLOW_ARC
50.46,0.2524,0.705,2.7411,-3.7199,1.7856,0.3708,0.6711,0.1575,FOLLOW_ARC
50.48,0.2507,0.7057,2.7351,-3.7182,1.7849,0.3708,0.6711,0.157,FOLLOW_ARC
50.5,0.249,0.7064,2.7291,-3.7165,1.7842,0.3625,0.6745,0.1567,FOLLOW_ARC
50.52,0.2473,0.7072,2.7231,-3.7132,1.7829,0.3625,0.6745,0.1563,FOLLOW_ARC
50.54,0.2456,0.708,2.7171,-3.7132,1.7829,0.3625,0.6745,0.1559,FOLLOW_ARC
50.56,0.2439,0.7087,2.7111,-3.7115,1.7822,0.3625,0.6745,0.1556,FOLLOW_ARC
50.58,0.2422,0.7095,2.7051,-3.7082,1.7807,0.3542,0.6781,0.1553,FOLLOW_ARC
50.6,0.2406,0.7103,2.6991,-3.7066,1.78,0.3542,0.6781,0.155,FOLLOW_ARC
50.62,0.2389,0.7111,2.6931,-3.7066,1.78,0.3542,0.6781,0.1547,FOLLOW_ARC
50.64,0.2372,0.7119,2.6871,-3.7049,1.7792,0.3542,0.6781,0.1544,FOLLOW_ARC
50.66,0.2356,0.7127,2.6811,-3.7033,1.7785,0.3542,0.6781,0.1542,FOLLOW_ARC
50.68,0.2339,0.7136,2.6751,-3.7017,1.7777,0.3542,0.6781,0.154,FOLLOW_ARC
50.7,0.2322,0.7144,2.6691,-3.7001,1.777,0.3461,0.682,0.1537,FOLLOW_ARC
50.72,0.2306,0.7152,2.6631,-3.6984,1.7762,0.3461,0.682,0.1535,FOLLOW_ARC
50.74,0.229,0.7161,2.6571,-3.6968,1.7754,0.3461,0.682,0.1534,FOLLOW_ARC
50.76,0.2273,0.717,2.6511,-3.6952,1.7746,0.3461,0.682,0.1532,FOLLOW_ARC
50.78,0.2257,0.7178,2.6451,-3.692,1.7729,0.3461,0.682,0.1531,FOLLOW_ARC
50.8,0.2241,0.7187,2.6391,-3.6904,1.7721,0.3381,0.6861,0.1529,FOLLOW_ARC
50.822,0.2224,0.7196,2.6331,-3.6888,1.7713,0.3381,0.6861,0.1528,FOLLOW_ARC
50.84,0.2208,0.7205,2.6271,-3.6872,1.7704,0.3381,0.6861,0.1527,FOLLOW_ARC
50.86,0.2192,0.7215,2.6211,-3.6856,1.7696,0.3381,0.6861,0.1526,FOLLOW_ARC
50.882,0.2176,0.7224,2.6151,-3.6856,1.7696,0.3381,0.6861,0.1526,FOLLOW_ARC
50.9,0.216,0.7233,2.6091,-3.6841,1.7687,0.3287,0.6914,0.1525,FOLLOW_ARC
50.92,0.2144,0.7243,2.6031,-3.6825,1.7678,0.3287,0.6914,0.1525,FOLLOW_ARC
50.94,0.2128,0.7252,2.5971,-3.6809,1.7669,0.3287,0.6914,0.1525,FOLLOW_ARC
50.96,0.2112,0.7262,2.5911,-3.6794,1.766,0.3287,0.6914,0.1525,FOLLOW_ARC
50.98,0.2097,0.7272,2.5851,-3.6778,1.7651,0.3287,0.6914,0.1526,FOLLOW_ARC
51.0,0.2081,0.7282,2.5791,-3.6747,1.7633,0.3225,0.6951,0.1526,FOLLOW_ARC
51.02,0.2065,0.7292,2.5731,-3.6732,1.7624,0.3225,0.6951,0.1527,FOLLOW_ARC
51.04,0.205,0.7302,2.5671,-3.6732,1.7624,0.3225,0.6951,0.1527,FOLLOW_ARC
51.06,0.2034,0.7312,2.5611,-3.6701,1.7605,0.3225,0.6951,0.1528,FOLLOW_ARC
51.08,0.2019,0.7322,2.5551,-3.6701,1.7605,0.3225,0.6951,0.153,FOLLOW_ARC
51.102,0.2003,0.7332,2.5491,-3.6671,1.7585,0.3149,0.6999,0.1531,FOLLOW_ARC
51.12,0.1988,0.7343,2.5431,-3.6671,1.7585,0.3149,0.6999,0.1532,FOLLOW_ARC
51.14,0.1973,0.7353,2.5371,-3.6641,1.7566,0.3149,0.6999,0.1534,FOLLOW_ARC
51.16,0.1958,0.7364,2.5311,-3.6641,1.7566,0.3149,0.6999,0.1536,FOLLOW_ARC
51.18,0.1942,0.7374,2.5251,-3.6626,1.7556,0.3149,0.6999,0.1538,FOLLOW_ARC
51.2,0.1927,0.7385,2.5191,-3.6611,1.7546,0.3075,0.705,0.154,FOLLOW_ARC
51.22,0.1912,0.7396,2.5131,-3.6581,1.7525,0.3075,0.705,0.1542,FOLLOW_ARC
51.24,0.1897,0.7407,2.5071,-3.6566,1.7515,0.3075,0.705,0.1545,FOLLOW_ARC
51.26,0.1882,0.7418,2.5011,-3.6552,1.7504,0.3075,0.705,0.1548,FOLLOW_ARC
51.28,0.1868,0.7429,2.4951,-3.6552,1.7504,0.3075,0.705,0.155,FOLLOW_ARC
51.3,0.1853,0.744,2.4891,-3.6522,1.7483,0.3002,0.7103,0.1553,FOLLOW_ARC
51.32,0.1838,0.7452,2.4831,-3.6522,1.7483,0.3002,0.7103,0.1557,FOLLOW_ARC
51.34,0.1824,0.7463,2.4771,-3.6508,1.7473,0.3002,0.7103,0.156,FOLLOW_ARC
51.36,0.1809,0.7475,2.4711,-3.6494,1.7462,0.3002,0.7103,0.1564,FOLLOW_ARC
51.38,0.1794,0.7486,2.4651,-3.6479,1.7451,0.2931,0.7158,0.1567,FOLLOW_ARC
51.4,0.178,0.7498,2.4591,-3.6465,1.744,0.2931,0.7158,0.1571,FOLLOW_ARC
51.42,0.1766,0.751,2.4531,-3.6437,1.7418,0.2931,0.7158,0.1575,FOLLOW_ARC
51.44,0.1751,0.7521,2.4471,-3.6437,1.7418,0.2931,0.7158,0.1579,FOLLOW_ARC
51.46,0.1737,0.7533,2.4411,-3.6422,1.7407,0.2931,0.7158,0.1584,FOLLOW_ARC
51.482,0.1723,0.7545,2.4351,-3.6394,1.7384,0.2931,0.7158,0.1588,FOLLOW_ARC
51.5,0.1709,0.7557,2.4291,-3.6394,1.7384,0.2848,0.7226,0.1593,FOLLOW_ARC
51.52,0.1695,0.757,2.4231,-3.6381,1.7373,0.2848,0.7226,0.1598,FOLLOW_ARC
51.54,0.1681,0.7582,2.4171,-3.6367,1.7361,0.2848,0.7226,0.1603,FOLLOW_ARC
51.56,0.1667,0.7594,2.4111,-3.6353,1.7349,0.2848,0.7226,0.1608,FOLLOW_ARC
51.58,0.1654,0.7607,2.4051,-3.6326,1.7326,0.2793,0.7274,0.1614,FOLLOW_ARC
51.6,0.164,0.7619,2.3991,-3.6312,1.7314,0.2793,0.7274,0.1619,FOLLOW_ARC
51.62,0.1626,0.7632,2.3931,-3.6312,1.7314,0.2793,0.7274,0.1625,FOLLOW_ARC
51.64,0.1613,0.7644,2.3871,-3.6285,1.729,0.2793,0.7274,0.1631,FOLLOW_ARC
51.66,0.1599,0.7657,2.3811,-3.6285,1.729,0.2793,0.7274,0.1637,FOLLOW_ARC
51.68,0.1586,0.767,2.3751,-3.6272,1.7278,0.2793,0.7274,0.1643,FOLLOW_ARC
51.7,0.1573,0.7683,2.3691,-3.6246,1.7254,0.2727,0.7335,0.1649,FOLLOW_ARC
51.72,0.1559,0.7696,2.3631,-3.6232,1.7241,0.2727,0.7335,0.1656,FOLLOW_ARC
51.74,0.1546,0.7709,2.3571,-3.6232,1.7241,0.2727,0.7335,0.1662,FOLLOW_ARC
51.76,0.1533,0.7722,2.3511,-3.6219,1.7229,0.2727,0.7335,0.1669,FOLLOW_ARC
51.782,0.152,0.7735,2.3451,-3.6194,1.7204,0.2663,0.7398,0.1676,FOLLOW_ARC
51.8,0.1507,0.7749,2.3391,-3.6181,1.7191,0.2663,0.7398,0.1683,FOLLOW_ARC
51.82,0.1494,0.7762,2.3331,-3.6181,1.7191,0.2663,0.7398,0.169,FOLLOW_ARC
51.84,0.1482,0.7775,2.3271,-3.6168,1.7178,0.2663,0.7398,0.1698,FOLLOW_ARC
51.86,0.1469,0.7789,2.3211,-3.6155,1.7166,0.2663,0.7398,0.1705,FOLLOW_ARC
51.88,0.1456,0.7803,2.3151,-3.6143,1.7153,0.2601,0.7463,0.1713,FOLLOW_ARC
51.9,0.1444,0.7816,2.3091,-3.613,1.714,0.2601,0.7463,0.1721,FOLLOW_ARC
51.92,0.1431,0.783,2.3031,-3.6118,1.7127,0.2601,0.7463,0.1729,FOLLOW_ARC
51.94,0.1419,0.7844,2.2971,-3.6093,1.71,0.2601,0.7463,0.1737,FOLLOW_ARC
51.96,0.1407,0.7858,2.2911,-3.6093,1.71,0.2601,0.7463,0.1746,FOLLOW_ARC
51.98,0.1395,0.7872,2.2851,-3.6081,1.7087,0.2601,0.7463,0.1754,FOLLOW_ARC
52.0,0.1383,0.7886,2.2791,-3.6069,1.7074,0.2541,0.753,0.1763,FOLLOW_ARC
52.02,0.1371,0.79,2.2731,-3.6057,1.706,0.2541,0.753,0.1771,FOLLOW_ARC
52.04,0.1359,0.7914,2.2671,-3.6045,1.7047,0.2541,0.753,0.178,FOLLOW_ARC
52.062,0.1347,0.7928,2.2611,-3.6021,1.702,0.2541,0.753,0.1789,FOLLOW_ARC
52.08,0.1335,0.7943,2.2551,-3.6021,1.702,0.2541,0.753,0.1799,FOLLOW_ARC
52.1,0.1323,0.7957,2.2491,-3.601,1.7006,0.2482,0.7599,0.1808,FOLLOW_ARC
52.12,0.1312,0.7972,2.2431,-3.5998,1.6992,0.2482,0.7599,0.1817,FOLLOW_ARC
52.14,0.13,0.7986,2.2371,-3.5987,1.6979,0.2482,0.7599,0.1827,FOLLOW_ARC
52.16,0.1289,0.8001,2.2311,-3.5975,1.6965,0.2482,0.7599,0.1837,FOLLOW_ARC
52.18,0.1278,0.8015,2.2251,-3.5964,1.6951,0.2482,0.7599,0.1847,FOLLOW_ARC
52.2,0.1266,0.803,2.2191,-3.5953,1.6937,0.2426,0.7669,0.1857,FOLLOW_ARC
52.22,0.1255,0.8045,2.2131,-3.5941,1.6923,0.2426,0.7669,0.1867,FOLLOW_ARC
52.24,0.1244,0.806,2.2071,-3.593,1.6908,0.2426,0.7669,0.1877,FOLLOW_ARC
52.26,0.1233,0.8075,2.2011,-3.5919,1.6894,0.2426,0.7669,0.1888,FOLLOW_ARC
52.28,0.1222,0.809,2.1951,-3.5908,1.688,0.2426,0.7669,0.1898,FOLLOW_ARC
52.3,0.1212,0.8105,2.1891,-3.5897,1.6866,0.2372,0.7741,0.1909,FOLLOW_ARC
52.32,0.1201,0.812,2.1831,-3.5887,1.6851,0.2372,0.7741,0.192,FOLLOW_ARC
52.34,0.119,0.8135,2.1771,-3.5865,1.6822,0.2372,0.7741,0.1931,FOLLOW_ARC
52.36,0.118,0.815,2.1711,-3.5865,1.6822,0.2372,0.7741,0.1942,FOLLOW_ARC
52.38,0.1169,0.8166,2.1651,-3.5855,1.6807,0.2372,0.7741,0.1953,FOLLOW_ARC
52.4,0.1159,0.8181,2.1591,-3.5834,1.6778,0.232,0.7814,0.1964,FOLLOW_ARC
52.42,0.1149,0.8197,2.1531,-3.5834,1.6778,0.232,0.7814,0.1976,FOLLOW_ARC
52.44,0.1139,0.8212,2.1471,-3.5824,1.6763,0.232,0.7814,0.1987,FOLLOW_ARC
52.46,0.1129,0.8228,2.1411,-3.5804,1.6733,0.232,0.7814,0.1999,FOLLOW_ARC
52.48,0.1119,0.8243,2.1351,-3.5804,1.6733,0.232,0.7814,0.2011,FOLLOW_ARC
52.5,0.1109,0.8259,2.1291,-3.5794,1.6718,0.2271,0.789,0.2023,FOLLOW_ARC
52.52,0.1099,0.8275,2.1231,-3.5784,1.6703,0.2271,0.789,0.2035,FOLLOW_ARC
52.54,0.1089,0.8291,2.1171,-3.5774,1.6688,0.2271,0.789,0.2047,FOLLOW_ARC
52.56,0.108,0.8307,2.1111,-3.5764,1.6673,0.2271,0.789,0.2059,FOLLOW_ARC
52.58,0.107,0.8323,2.1051,-3.5755,1.6658,0.2271,0.789,0.2072,FOLLOW_ARC
52.6,0.1061,0.8339,2.0991,-3.5745,1.6643,0.2223,0.7966,0.2084,FOLLOW_ARC
52.62,0.1052,0.8355,2.0931,-3.5736,1.6627,0.2223,0.7966,0.2097,FOLLOW_ARC
52.64,0.1042,0.8371,2.0871,-3.5726,1.6612,0.2223,0.7966,0.2109,FOLLOW_ARC
52.66,0.1033,0.8387,2.0811,-3.5717,1.6597,0.2223,0.7966,0.2122,FOLLOW_ARC
52.68,0.1024,0.8403,2.0751,-3.5708,1.6581,0.2223,0.7966,0.2135,FOLLOW_ARC
52.7,0.1015,0.8419,2.0691,-3.569,1.655,0.2178,0.8044,0.2148,FOLLOW_ARC
52.72,0.1007,0.8436,2.0631,-3.569,1.655,0.2178,0.8044,0.2162,FOLLOW_ARC
52.74,0.0998,0.8452,2.0571,-3.5672,1.6518,0.2178,0.8044,0.2175,FOLLOW_ARC
52.76,0.0989,0.8468,2.0511,-3.5672,1.6518,0.2178,0.8044,0.2188,FOLLOW_ARC
52.78,0.0981,0.8485,2.0451,-3.5664,1.6503,0.2178,0.8044,0.2202,FOLLOW_ARC
52.8,0.0972,0.8501,2.0391,-3.5655,1.6487,0.2136,0.8123,0.2215,FOLLOW_ARC
52.82,0.0964,0.8518,2.0331,-3.5647,1.6471,0.2136,0.8123,0.2229,FOLLOW_ARC
52.84,0.0956,0.8535,2.0271,-3.5638,1.6455,0.2136,0.8123,0.2243,FOLLOW_ARC
52.86,0.0948,0.8551,2.0211,-3.563,1.6439,0.2136,0.8123,0.2257,FOLLOW_ARC
52.88,0.094,0.8568,2.0151,-3.5622,1.6423,0.2136,0.8123,0.2271,FOLLOW_ARC
52.9,0.0932,0.8585,2.0091,-3.5606,1.6391,0.2095,0.8204,0.2285,FOLLOW_ARC
52.92,0.0924,0.8602,2.0031,-3.5606,1.6391,0.2095,0.8204,0.2299,FOLLOW_ARC
52.94,0.0916,0.8618,1.9971,-3.5598,1.6375,0.2095,0.8204,0.2313,FOLLOW_ARC
52.96,0.0909,0.8635,1.9911,-3.559,1.6359,0.2095,0.8204,0.2328,FOLLOW_ARC
52.98,0.0901,0.8652,1.9851,-3.5582,1.6342,0.2095,0.8204,0.2342,FOLLOW_ARC
53.0,0.0894,0.8669,1.9791,-3.5567,1.631,0.2058,0.8285,0.2357,FOLLOW_ARC
53.02,0.0887,0.8686,1.9731,-3.5567,1.631,0.2058,0.8285,0.2371,FOLLOW_ARC
53.04,0.0879,0.8703,1.9671,-3.556,1.6293,0.2058,0.8285,0.2386,FOLLOW_ARC
53.06,0.0872,0.8721,1.9611,-3.5552,1.6277,0.2058,0.8285,0.2401,FOLLOW_ARC
53.08,0.0865,0.8738,1.9551,-3.5545,1.626,0.2058,0.8285,0.2416,FOLLOW_ARC
53.1,0.0858,0.8755,1.9491,-3.5538,1.6244,0.2022,0.8368,0.2431,FOLLOW_ARC
53.12,0.0852,0.8772,1.9431,-3.5531,1.6227,0.2022,0.8368,0.2446,FOLLOW_ARC
53.14,0.0845,0.8789,1.9371,-3.5517,1.6194,0.2022,0.8368,0.2461,FOLLOW_ARC
53.16,0.0838,0.8807,1.9311,-3.5517,1.6194,0.2022,0.8368,0.2476,FOLLOW_ARC
53.18,0.0832,0.8824,1.9251,-3.5504,1.616,0.2022,0.8368,0.2492,FOLLOW_ARC
53.2,0.0826,0.8842,1.9191,-3.5504,1.616,0.1989,0.8452,0.2507,FOLLOW_ARC
53.22,0.0819,0.8859,1.9131,-3.5491,1.6127,0.1989,0.8452,0.2523,FOLLOW_ARC
53.24,0.0813,0.8876,1.9071,-3.5491,1.6127,0.1989,0.8452,0.2538,FOLLOW_ARC
53.26,0.0807,0.8894,1.9011,-3.5484,1.611,0.1989,0.8452,0.2554,FOLLOW_ARC
53.28,0.0801,0.8912,1.8951,-3.5478,1.6093,0.1989,0.8452,0.257,FOLLOW_ARC
53.298,0.0795,0.8929,1.8891,-3.5472,1.6076,0.1953,0.8554,0.2585,FOLLOW_ARC
53.32,0.079,0.8947,1.8831,-3.5466,1.6059,0.1953,0.8554,0.2601,FOLLOW_ARC
53.34,0.0784,0.8964,1.8771,-3.546,1.6042,0.1953,0.8554,0.2617,FOLLOW_ARC
53.36,0.0778,0.8982,1.8711,-3.5454,1.6025,0.1953,0.8554,0.2633,FOLLOW_ARC
53.38,0.0773,0.9,1.8651,-3.5449,1.6008,0.1953,0.8554,0.2649,FOLLOW_ARC
53.4,0.0768,0.9018,1.8591,-3.5443,1.5991,0.1931,0.8622,0.2666,FOLLOW_ARC
53.42,0.0762,0.9035,1.8531,-3.5437,1.5974,0.1931,0.8622,0.2682,FOLLOW_ARC
53.44,0.0757,0.9053,1.8471,-3.5432,1.5957,0.1931,0.8622,0.2698,FOLLOW_ARC
53.46,0.0752,0.9071,1.8411,-3.5427,1.594,0.1931,0.8622,0.2714,FOLLOW_ARC
53.48,0.0747,0.9089,1.8351,-3.5422,1.5922,0.1931,0.8622,0.2731,FOLLOW_ARC
53.498,0.0743,0.9107,1.8291,-3.5416,1.5905,0.1906,0.8709,0.2747,FOLLOW_ARC
53.52,0.0738,0.9125,1.8231,-3.5411,1.5888,0.1906,0.8709,0.2764,FOLLOW_ARC
53.54,0.0733,0.9143,1.8171,-3.5407,1.587,0.1906,0.8709,0.278,FOLLOW_ARC
53.56,0.0729,0.9161,1.8111,-3.5402,1.5853,0.1906,0.8709,0.2797,FOLLOW_ARC
53.58,0.0725,0.9179,1.8051,-3.5397,1.5836,0.1906,0.8709,0.2814,FOLLOW_ARC
53.6,0.072,0.9197,1.7991,-3.5388,1.5801,0.1883,0.8796,0.2831,FOLLOW_ARC
53.62,0.0716,0.9215,1.7931,-3.5388,1.5801,0.1883,0.8796,0.2848,FOLLOW_ARC
53.64,0.0712,0.9233,1.7871,-3.5384,1.5783,0.1883,0.8796,0.2864,FOLLOW_ARC
53.66,0.0708,0.9251,1.7811,-3.5379,1.5766,0.1883,0.8796,0.2881,FOLLOW_ARC
53.68,0.0705,0.9269,1.7751,-3.5375,1.5748,0.1883,0.8796,0.2898,FOLLOW_ARC
53.7,0.0701,0.9287,1.7691,-3.5367,1.5713,0.1863,0.8883,0.2915,FOLLOW_ARC
53.72,0.0697,0.9306,1.7631,-3.5367,1.5713,0.1863,0.8883,0.2933,FOLLOW_ARC
53.74,0.0694,0.9324,1.7571,-3.5363,1.5696,0.1863,0.8883,0.295,FOLLOW_ARC
53.76,0.069,0.9342,1.7511,-3.536,1.5678,0.1863,0.8883,0.2967,FOLLOW_ARC
53.78,0.0687,0.936,1.7451,-3.5352,1.5643,0.1846,0.8972,0.2984,FOLLOW_ARC
53.8,0.0684,0.9379,1.7391,-3.5349,1.5625,0.1846,0.8972,0.3002,FOLLOW_ARC
53.82,0.0681,0.9397,1.7331,-3.5349,1.5625,0.1846,0.8972,0.3019,FOLLOW_ARC
53.84,0.0678,0.9415,1.7271,-3.5346,1.5608,0.1846,0.8972,0.3036,FOLLOW_ARC
53.86,0.0675,0.9434,1.7211,-3.5342,1.559,0.1846,0.8972,0.3054,FOLLOW_ARC
53.88,0.0673,0.9452,1.7151,-3.5339,1.5572,0.1846,0.8972,0.3071,FOLLOW_ARC
53.898,0.067,0.947,1.7091,-3.5336,1.5554,0.1831,0.9061,0.3089,FOLLOW_ARC
53.92,0.0667,0.9489,1.7031,-3.5331,1.5519,0.1831,0.9061,0.3106,FOLLOW_ARC
53.94,0.0665,0.9507,1.6971,-3.5331,1.5519,0.1831,0.9061,0.3124,FOLLOW_ARC
53.96,0.0663,0.9525,1.6911,-3.5328,1.5501,0.1831,0.9061,0.3142,FOLLOW_ARC
53.98,0.0661,0.9544,1.6851,-3.5325,1.5483,0.1831,0.9061,0.3159,FOLLOW_ARC
54.0,0.0659,0.9562,1.6791,-3.5321,1.5447,0.1819,0.915,0.3177,FOLLOW_ARC
54.02,0.0657,0.9581,1.6731,-3.5321,1.5447,0.1819,0.915,0.3195,FOLLOW_ARC
54.04,0.0655,0.9599,1.6671,-3.5318,1.543,0.1819,0.915,0.3213,FOLLOW_ARC
54.06,0.0653,0.9618,1.6611,-3.5314,1.5394,0.1819,0.915,0.3231,FOLLOW_ARC
54.08,0.0651,0.9636,1.6551,-3.5314,1.5394,0.1819,0.915,0.3249,FOLLOW_ARC
54.1,0.065,0.9655,1.6491,-3.5312,1.5376,0.181,0.9239,0.3266,FOLLOW_ARC
54.12,0.0649,0.9673,1.6431,-3.531,1.5358,0.181,0.9239,0.3284,FOLLOW_ARC
54.14,0.0647,0.9692,1.6371,-3.5309,1.534,0.181,0.9239,0.3302,FOLLOW_ARC
54.16,0.0646,0.971,1.6311,-3.5306,1.5304,0.181,0.9239,0.332,FOLLOW_ARC
54.18,0.0645,0.9729,1.6251,-3.5306,1.5304,0.181,0.9239,0.3339,FOLLOW_ARC
54.2,0.0644,0.9747,1.6191,-3.5304,1.5286,0.1803,0.9329,0.3357,FOLLOW_ARC
54.22,0.0643,0.9766,1.6131,-3.5302,1.525,0.1803,0.9329,0.3375,FOLLOW_ARC
54.24,0.0643,0.9784,1.6071,-3.5302,1.525,0.1803,0.9329,0.3393,FOLLOW_ARC
54.26,0.0642,0.9803,1.6011,-3.5301,1.5232,0.1803,0.9329,0.3411,FOLLOW_ARC
54.28,0.0642,0.9821,1.5951,-3.53,1.5214,0.1803,0.9329,0.3429,FOLLOW_ARC
54.298,0.0641,0.984,1.5891,-3.5299,1.5196,0.18,0.9419,0.3448,FOLLOW_ARC
54.32,0.0641,0.9858,1.5831,-3.5298,1.5178,0.18,0.9419,0.3466,FOLLOW_ARC
54.34,0.0641,0.9877,1.5771,-3.5297,1.5143,0.18,0.9419,0.3484,FOLLOW_ARC
54.36,0.0641,0.9895,1.5711,-3.5297,1.5125,0.18,0.9419,0.3502,FOLLOW_ARC
54.38,0.0641,0.9914,1.5651,-3.5296,1.5107,0.18,0.9419,0.3521,FOLLOW_ARC
54.4,0.0641,0.9932,1.5591,-3.5296,1.5089,0.1798,0.9509,0.3539,FOLLOW_ARC
54.42,0.0641,0.9951,1.5531,-3.5296,1.5089,0.1798,0.9509,0.3557,FOLLOW_ARC
54.44,0.0642,0.9969,1.5471,-3.5296,1.5053,0.1798,0.9509,0.3576,FOLLOW_ARC
54.46,0.0642,0.9988,1.5411,-3.5296,1.5053,0.1798,0.9509,0.3594,FOLLOW_ARC
54.48,0.0643,1.0006,1.5351,-3.5296,1.5035,0.1798,0.9509,0.3613,FOLLOW_ARC
54.5,0.0643,1.0025,1.5291,-3.5296,1.5017,0.18,0.9599,0.3631,FOLLOW_ARC
54.52,0.0644,1.0044,1.5231,-3.5297,1.4999,0.18,0.9599,0.3649,FOLLOW_ARC
54.54,0.0645,1.0062,1.5171,-3.5297,1.4981,0.18,0.9599,0.3668,FOLLOW_ARC
54.56,0.0646,1.0081,1.5111,-3.5298,1.4963,0.18,0.9599,0.3686,FOLLOW_ARC
54.58,0.0647,1.0099,1.5051,-3.5298,1.4945,0.18,0.9599,0.3705,FOLLOW_ARC
54.6,0.0649,1.0118,1.4991,-3.5299,1.4927,0.1804,0.9689,0.3723,FOLLOW_ARC
54.62,0.065,1.0136,1.4931,-3.53,1.4909,0.1804,0.9689,0.3742,FOLLOW_ARC
54.64,0.0652,1.0155,1.4871,-3.5302,1.4873,0.1804,0.9689,0.3761,FOLLOW_ARC
54.66,0.0653,1.0173,1.4811,-3.5302,1.4873,0.1804,0.9689,0.3779,FOLLOW_ARC
54.68,0.0655,1.0191,1.4751,-3.5303,1.4855,0.1804,0.9689,0.3798,FOLLOW_ARC
54.7,0.0657,1.021,1.4691,-3.5305,1.4837,0.1811,0.9779,0.3816,FOLLOW_ARC
54.72,0.0659,1.0228,1.4631,-3.5306,1.4819,0.1811,0.9779,0.3835,FOLLOW_ARC
54.74,0.0661,1.0247,1.4571,-3.5308,1.4801,0.1811,0.9779,0.3853,FOLLOW_ARC
54.76,0.0663,1.0265,1.4511,-3.5309,1.4783,0.1811,0.9779,0.3872,FOLLOW_ARC
54.78,0.0665,1.0284,1.4451,-3.5311,1.4765,0.1811,0.9779,0.3891,FOLLOW_ARC
54.8,0.0668,1.0302,1.4391,-3.5313,1.4747,0.182,0.9868,0.3909,FOLLOW_ARC
54.82,0.067,1.032,1.4331,-3.5315,1.4729,0.182,0.9868,0.3928,FOLLOW_ARC
54.84,0.0673,1.0339,1.4271,-3.5317,1.4711,0.182,0.9868,0.3946,FOLLOW_ARC
54.86,0.0676,1.0357,1.4211,-3.5319,1.4693,0.182,0.9868,0.3965,FOLLOW_ARC
54.88,0.0678,1.0375,1.4151,-3.5321,1.4676,0.182,0.9868,0.3984,FOLLOW_ARC
54.9,0.0681,1.0394,1.4091,-3.5324,1.4658,0.1832,0.9957,0.4002,FOLLOW_ARC
54.92,0.0684,1.0412,1.4031,-3.5329,1.4622,0.1832,0.9957,0.4021,FOLLOW_ARC
54.94,0.0688,1.043,1.3971,-3.5329,1.4622,0.1832,0.9957,0.404,FOLLOW_ARC
54.96,0.0691,1.0448,1.3911,-3.5331,1.4604,0.1832,0.9957,0.4058,FOLLOW_ARC
54.98,0.0694,1.0467,1.3851,-3.5334,1.4587,0.1832,0.9957,0.4077,FOLLOW_ARC
55.0,0.0698,1.0485,1.3791,-3.5337,1.4569,0.1847,1.0046,0.4095,FOLLOW_ARC
55.02,0.0701,1.0503,1.3731,-3.534,1.4551,0.1847,1.0046,0.4114,FOLLOW_ARC
55.04,0.0705,1.0521,1.3671,-3.5343,1.4533,0.1847,1.0046,0.4133,FOLLOW_ARC
55.06,0.0709,1.0539,1.3611,-3.535,1.4498,0.1847,1.0046,0.4151,FOLLOW_ARC
55.08,0.0713,1.0557,1.3551,-3.535,1.4498,0.1847,1.0046,0.417,FOLLOW_ARC
55.1,0.0717,1.0576,1.3491,-3.5353,1.448,0.1865,1.0134,0.4189,FOLLOW_ARC
55.12,0.0721,1.0594,1.3431,-3.5357,1.4463,0.1865,1.0134,0.4207,FOLLOW_ARC
55.14,0.0725,1.0612,1.3371,-3.536,1.4445,0.1865,1.0134,0.4226,FOLLOW_ARC
55.16,0.073,1.063,1.3311,-3.5368,1.441,0.1865,1.0134,0.4244,FOLLOW_ARC
55.18,0.0734,1.0648,1.3251,-3.5368,1.441,0.1865,1.0134,0.4263,FOLLOW_ARC
55.2,0.0739,1.0666,1.3191,-3.5372,1.4392,0.1885,1.0222,0.4282,FOLLOW_ARC
55.22,0.0743,1.0684,1.3131,-3.5376,1.4375,0.1885,1.0222,0.43,FOLLOW_ARC
55.24,0.0748,1.0701,1.3071,-3.538,1.4357,0.1885,1.0222,0.4319,FOLLOW_ARC
55.26,0.0753,1.0719,1.3011,-3.5385,1.434,0.1885,1.0222,0.4337,FOLLOW_ARC
55.28,0.0758,1.0737,1.2951,-3.5389,1.4322,0.1885,1.0222,0.4356,FOLLOW_ARC
55.3,0.0763,1.0755,1.2891,-3.5394,1.4305,0.1908,1.0309,0.4375,FOLLOW_ARC
55.32,0.0768,1.0773,1.2831,-3.5403,1.427,0.1908,1.0309,0.4393,FOLLOW_ARC
55.34,0.0774,1.0791,1.2771,-3.5408,1.4253,0.1908,1.0309,0.4412,FOLLOW_ARC
55.36,0.0779,1.0808,1.2711,-3.5408,1.4253,0.1908,1.0309,0.443,FOLLOW_ARC
55.38,0.0785,1.0826,1.2651,-3.5413,1.4235,0.1908,1.0309,0.4449,FOLLOW_ARC
55.4,0.079,1.0844,1.2591,-3.5423,1.4201,0.1939,1.0413,0.4467,FOLLOW_ARC
55.42,0.0796,1.0861,1.2531,-3.5423,1.4201,0.1939,1.0413,0.4486,FOLLOW_ARC
55.44,0.0802,1.0879,1.2471,-3.5428,1.4184,0.1939,1.0413,0.4504,FOLLOW_ARC
55.46,0.0808,1.0896,1.2411,-3.5433,1.4166,0.1939,1.0413,0.4522,FOLLOW_ARC
55.48,0.0814,1.0914,1.2351,-3.5439,1.4149,0.1939,1.0413,0.4541,FOLLOW_ARC
55.5,0.082,1.0931,1.2291,-3.5444,1.4132,0.1961,1.0481,0.4559,FOLLOW_ARC
55.52,0.0826,1.0949,1.2231,-3.545,1.4115,0.1961,1.0481,0.4578,FOLLOW_ARC
55.54,0.0833,1.0966,1.2171,-3.5456,1.4098,0.1961,1.0481,0.4596,FOLLOW_ARC
55.56,0.0839,1.0984,1.2111,-3.5467,1.4064,0.1961,1.0481,0.4614,FOLLOW_ARC
55.58,0.0846,1.1001,1.2051,-3.5467,1.4064,0.1961,1.0481,0.4633,FOLLOW_ARC
55.6,0.0852,1.1018,1.1991,-3.5473,1.4047,0.1992,1.0566,0.4651,FOLLOW_ARC
55.62,0.0859,1.1036,1.1931,-3.5486,1.4013,0.1992,1.0566,0.4669,FOLLOW_ARC
55.64,0.0866,1.1053,1.1871,-3.5486,1.4013,0.1992,1.0566,0.4688,FOLLOW_ARC
55.66,0.0873,1.107,1.1811,-3.5492,1.3996,0.1992,1.0566,0.4706,FOLLOW_ARC
55.68,0.088,1.1087,1.1751,-3.5505,1.3963,0.1992,1.0566,0.4724,FOLLOW_ARC
55.7,0.0887,1.1104,1.1691,-3.5505,1.3963,0.2025,1.0649,0.4742,FOLLOW_ARC
55.72,0.0895,1.1121,1.1631,-3.5512,1.3946,0.2025,1.0649,0.4761,FOLLOW_ARC
55.74,0.0902,1.1138,1.1571,-3.5519,1.3929,0.2025,1.0649,0.4779,FOLLOW_ARC
55.76,0.091,1.1155,1.1511,-3.5526,1.3913,0.2025,1.0649,0.4797,FOLLOW_ARC
55.78,0.0917,1.1172,1.1451,-3.5532,1.3896,0.2025,1.0649,0.4815,FOLLOW_ARC
55.8,0.0925,1.1189,1.1391,-3.554,1.388,0.206,1.0732,0.4833,FOLLOW_ARC
55.82,0.0933,1.1206,1.1331,-3.5547,1.3863,0.206,1.0732,0.4851,FOLLOW_ARC
55.84,0.0941,1.1222,1.1271,-3.5554,1.3847,0.206,1.0732,0.4869,FOLLOW_ARC
55.86,0.0949,1.1239,1.1211,-3.5561,1.383,0.206,1.0732,0.4887,FOLLOW_ARC
55.88,0.0957,1.1256,1.1151,-3.5576,1.3797,0.2098,1.0814,0.4905,FOLLOW_ARC
55.9,0.0965,1.1272,1.1091,-3.5584,1.3781,0.2098,1.0814,0.4923,FOLLOW_ARC
55.92,0.0973,1.1289,1.1031,-3.5584,1.3781,0.2098,1.0814,0.4941,FOLLOW_ARC
55.94,0.0982,1.1305,1.0971,-3.5592,1.3765,0.2098,1.0814,0.4959,FOLLOW_ARC
55.96,0.099,1.1322,1.0911,-3.56,1.3749,0.2098,1.0814,0.4977,FOLLOW_ARC
55.98,0.0999,1.1338,1.0851,-3.5615,1.3716,0.2098,1.0814,0.4995,FOLLOW_ARC
56.0,0.1008,1.1355,1.0791,-3.5615,1.3716,0.2139,1.0894,0.5013,FOLLOW_ARC
56.02,0.1016,1.1371,1.0731,-3.5624,1.37,0.2139,1.0894,0.5031,FOLLOW_ARC
56.04,0.1025,1.1387,1.0671,-3.5632,1.3684,0.2139,1.0894,0.5049,FOLLOW_ARC
56.06,0.1034,1.1403,1.0611,-3.5649,1.3653,0.2139,1.0894,0.5066,FOLLOW_ARC
56.08,0.1044,1.142,1.0551,-3.5649,1.3653,0.2139,1.0894,0.5084,FOLLOW_ARC
56.1,0.1053,1.1436,1.0491,-3.5657,1.3637,0.2182,1.0973,0.5102,FOLLOW_ARC
56.12,0.1062,1.1452,1.0431,-3.5666,1.3621,0.2182,1.0973,0.5119,FOLLOW_ARC
56.14,0.1071,1.1468,1.0371,-3.5674,1.3605,0.2182,1.0973,0.5137,FOLLOW_ARC
56.16,0.1081,1.1484,1.0311,-3.5683,1.3589,0.2182,1.0973,0.5155,FOLLOW_ARC
56.18,0.109,1.15,1.0251,-3.5692,1.3574,0.2182,1.0973,0.5172,FOLLOW_ARC
56.2,0.11,1.1515,1.0191,-3.5701,1.3558,0.2227,1.1051,0.519,FOLLOW_ARC
56.22,0.111,1.1531,1.0131,-3.571,1.3543,0.2227,1.1051,0.5207,FOLLOW_ARC
56.24,0.112,1.1547,1.0071,-3.5719,1.3527,0.2227,1.1051,0.5225,FOLLOW_ARC
56.26,0.113,1.1562,1.0011,-3.5729,1.3512,0.2227,1.1051,0.5242,FOLLOW_ARC
56.28,0.114,1.1578,0.9951,-3.5738,1.3496,0.2227,1.1051,0.526,FOLLOW_ARC
56.302,0.115,1.1594,0.9891,-3.5747,1.3481,0.2274,1.1127,0.5277,FOLLOW_ARC
56.32,0.116,1.1609,0.9831,-3.5767,1.3451,0.2274,1.1127,0.5294,FOLLOW_ARC
56.34,0.1171,1.1624,0.9771,-3.5776,1.3435,0.2274,1.1127,0.5312,FOLLOW_ARC
56.36,0.1181,1.164,0.9711,-3.5776,1.3435,0.2274,1.1127,0.5329,FOLLOW_ARC
56.38,0.1191,1.1655,0.9651,-3.5786,1.342,0.2274,1.1127,0.5346,FOLLOW_ARC
56.4,0.1202,1.167,0.9591,-3.5796,1.3405,0.2324,1.1202,0.5363,FOLLOW_ARC
56.42,0.1213,1.1685,0.9531,-3.5806,1.339,0.2324,1.1202,0.538,FOLLOW_ARC
56.44,0.1224,1.17,0.9471,-3.5816,1.3375,0.2324,1.1202,0.5397,FOLLOW_ARC
56.46,0.1234,1.1715,0.9411,-3.5837,1.3346,0.2324,1.1202,0.5414,FOLLOW_ARC
56.48,0.1245,1.173,0.9351,-3.5837,1.3346,0.2324,1.1202,0.5431,FOLLOW_ARC
56.5,0.1257,1.1745,0.9291,-3.5847,1.3331,0.2376,1.1276,0.5448,FOLLOW_ARC
56.52,0.1268,1.176,0.9231,-3.5857,1.3316,0.2376,1.1276,0.5465,FOLLOW_ARC
56.54,0.1279,1.1775,0.9171,-3.5868,1.3302,0.2376,1.1276,0.5482,FOLLOW_ARC
56.56,0.129,1.1789,0.9111,-3.5878,1.3287,0.2376,1.1276,0.5499,FOLLOW_ARC
56.58,0.1302,1.1804,0.9051,-3.5889,1.3273,0.2376,1.1276,0.5516,FOLLOW_ARC
56.6,0.1313,1.1819,0.8991,-3.59,1.3258,0.243,1.1348,0.5533,FOLLOW_ARC
56.62,0.1325,1.1833,0.8931,-3.5911,1.3244,0.243,1.1348,0.5549,FOLLOW_ARC
56.64,0.1336,1.1847,0.8871,-3.5922,1.323,0.243,1.1348,0.5566,FOLLOW_ARC
56.66,0.1348,1.1862,0.8811,-3.5933,1.3216,0.243,1.1348,0.5583,FOLLOW_ARC
56.68,0.136,1.1876,0.8751,-3.5944,1.3201,0.243,1.1348,0.5599,FOLLOW_ARC
56.7,0.1372,1.189,0.8691,-3.5955,1.3187,0.2487,1.1418,0.5616,FOLLOW_ARC
56.72,0.1384,1.1904,0.8631,-3.5967,1.3173,0.2487,1.1418,0.5632,FOLLOW_ARC
56.74,0.1396,1.1918,0.8571,-3.5978,1.3159,0.2487,1.1418,0.5649,FOLLOW_ARC
56.76,0.1408,1.1932,0.8511,-3.6001,1.3132,0.2487,1.1418,0.5665,FOLLOW_ARC
56.78,0.1421,1.1946,0.8451,-3.6001,1.3132,0.2487,1.1418,0.5682,FOLLOW_ARC
56.8,0.1433,1.196,0.8391,-3.6013,1.3118,0.2545,1.1486,0.5698,FOLLOW_ARC
56.82,0.1445,1.1974,0.8331,-3.6036,1.3091,0.2545,1.1486,0.5714,FOLLOW_ARC
56.84,0.1458,1.1987,0.8271,-3.6048,1.3077,0.2545,1.1486,0.5731,FOLLOW_ARC
56.86,0.147,1.2001,0.8211,-3.606,1.3064,0.2545,1.1486,0.5747,FOLLOW_ARC
56.88,0.1483,1.2015,0.8151,-3.606,1.3064,0.2545,1.1486,0.5763,FOLLOW_ARC
56.9,0.1496,1.2028,0.8091,-3.6084,1.3037,0.2605,1.1553,0.5779,FOLLOW_ARC
56.92,0.1509,1.2041,0.8031,-3.6084,1.3037,0.2605,1.1553,0.5795,FOLLOW_ARC
56.94,0.1522,1.2055,0.7971,-3.6109,1.3011,0.2605,1.1553,0.5811,FOLLOW_ARC
56.96,0.1535,1.2068,0.7911,-3.6109,1.3011,0.2605,1.1553,0.5827,FOLLOW_ARC
56.98,0.1548,1.2081,0.7851,-3.6133,1.2985,0.2605,1.1553,0.5843,FOLLOW_ARC
57.0,0.1561,1.2094,0.7791,-3.6133,1.2985,0.268,1.1631,0.5859,FOLLOW_ARC
57.02,0.1574,1.2107,0.7731,-3.6158,1.2959,0.268,1.1631,0.5875,FOLLOW_ARC
57.042,0.1587,1.212,0.7671,-3.6171,1.2946,0.268,1.1631,0.589,FOLLOW_ARC
57.06,0.1601,1.2133,0.7611,-3.6171,1.2946,0.268,1.1631,0.5906,FOLLOW_ARC
57.08,0.1614,1.2146,0.7551,-3.6197,1.2921,0.2732,1.1681,0.5922,FOLLOW_ARC
57.1,0.1628,1.2158,0.7491,-3.621,1.2908,0.2732,1.1681,0.5937,FOLLOW_ARC
57.12,0.1641,1.2171,0.7431,-3.621,1.2908,0.2732,1.1681,0.5953,FOLLOW_ARC
57.14,0.1655,1.2183,0.7371,-3.6223,1.2896,0.2732,1.1681,0.5969,FOLLOW_ARC
57.16,0.1669,1.2196,0.7311,-3.6236,1.2883,0.2732,1.1681,0.5984,FOLLOW_ARC
57.18,0.1683,1.2208,0.7251,-3.6249,1.2871,0.2732,1.1681,0.5999,FOLLOW_ARC
57.2,0.1697,1.222,0.7191,-3.6262,1.2859,0.2798,1.1742,0.6015,FOLLOW_ARC
57.22,0.1711,1.2232,0.7131,-3.6289,1.2834,0.2798,1.1742,0.603,FOLLOW_ARC
57.24,0.1725,1.2244,0.7071,-3.6289,1.2834,0.2798,1.1742,0.6045,FOLLOW_ARC
57.26,0.1739,1.2256,0.7011,-3.6315,1.281,0.2798,1.1742,0.6061,FOLLOW_ARC
57.28,0.1753,1.2268,0.6951,-3.6329,1.2799,0.2798,1.1742,0.6076,FOLLOW_ARC
57.3,0.1767,1.228,0.6891,-3.6329,1.2799,0.288,1.1812,0.6091,FOLLOW_ARC
57.32,0.1782,1.2292,0.6831,-3.6343,1.2787,0.288,1.1812,0.6106,FOLLOW_ARC
57.34,0.1796,1.2304,0.6771,-3.6356,1.2775,0.288,1.1812,0.6121,FOLLOW_ARC
57.36,0.1811,1.2315,0.6711,-3.637,1.2764,0.288,1.1812,0.6136,FOLLOW_ARC
57.38,0.1825,1.2327,0.6651,-3.6384,1.2752,0.288,1.1812,0.6151,FOLLOW_ARC
57.4,0.184,1.2338,0.6591,-3.6412,1.2729,0.2936,1.1858,0.6165,FOLLOW_ARC
57.42,0.1855,1.2349,0.6531,-3.6426,1.2718,0.2936,1.1858,0.618,FOLLOW_ARC
57.44,0.1869,1.2361,0.6471,-3.6426,1.2718,0.2936,1.1858,0.6195,FOLLOW_ARC
57.46,0.1884,1.2372,0.6411,-3.644,1.2707,0.2936,1.1858,0.621,FOLLOW_ARC
57.48,0.1899,1.2383,0.6351,-3.6454,1.2696,0.2936,1.1858,0.6224,FOLLOW_ARC
57.498,0.1914,1.2394,0.6291,-3.6468,1.2685,0.3007,1.1913,0.6239,FOLLOW_ARC
57.52,0.1929,1.2404,0.6231,-3.6497,1.2663,0.3007,1.1913,0.6253,FOLLOW_ARC
57.54,0.1944,1.2415,0.6171,-3.6497,1.2663,0.3007,1.1913,0.6268,FOLLOW_ARC
57.56,0.1959,1.2426,0.6111,-3.6511,1.2652,0.3007,1.1913,0.6282,FOLLOW_ARC
57.58,0.1975,1.2436,0.6051,-3.6526,1.2642,0.3007,1.1913,0.6296,FOLLOW_ARC
57.6,0.199,1.2447,0.5991,-3.6541,1.2631,0.308,1.1965,0.6311,FOLLOW_ARC
57.62,0.2005,1.2457,0.5931,-3.6555,1.262,0.308,1.1965,0.6325,FOLLOW_ARC
57.64,0.2021,1.2468,0.5871,-3.6585,1.26,0.308,1.1965,0.6339,FOLLOW_ARC
57.66,0.2036,1.2478,0.5811,-3.6585,1.26,0.308,1.1965,0.6353,FOLLOW_ARC
57.68,0.2052,1.2488,0.5751,-3.6599,1.2589,0.3155,1.2016,0.6367,FOLLOW_ARC
57.7,0.2067,1.2498,0.5691,-3.6629,1.2569,0.3155,1.2016,0.6381,FOLLOW_ARC
57.72,0.2083,1.2508,0.5631,-3.6629,1.2569,0.3155,1.2016,0.6395,FOLLOW_ARC
57.74,0.2099,1.2518,0.5571,-3.6644,1.2559,0.3155,1.2016,0.6409,FOLLOW_ARC
57.76,0.2114,1.2528,0.5511,-3.6659,1.2549,0.3155,1.2016,0.6422,FOLLOW_ARC
57.78,0.213,1.2537,0.5451,-3.669,1.253,0.3155,1.2016,0.6436,FOLLOW_ARC
57.8,0.2146,1.2547,0.5391,-3.669,1.253,0.3231,1.2064,0.645,FOLLOW_ARC
57.82,0.2162,1.2556,0.5331,-3.6705,1.252,0.3231,1.2064,0.6463,FOLLOW_ARC
57.84,0.2178,1.2566,0.5271,-3.6735,1.2502,0.3231,1.2064,0.6477,FOLLOW_ARC
57.86,0.2194,1.2575,0.5211,-3.6735,1.2502,0.3231,1.2064,0.649,FOLLOW_ARC
57.88,0.221,1.2584,0.5151,-3.6751,1.2492,0.3231,1.2064,0.6504,FOLLOW_ARC
57.9,0.2226,1.2593,0.5091,-3.6766,1.2483,0.3308,1.211,0.6517,FOLLOW_ARC
57.92,0.2243,1.2602,0.5031,-3.6797,1.2465,0.3308,1.211,0.653,FOLLOW_ARC
57.94,0.2259,1.2611,0.4971,-3.6797,1.2465,0.3308,1.211,0.6544,FOLLOW_ARC
57.96,0.2275,1.262,0.4911,-3.6829,1.2447,0.3308,1.211,0.6557,FOLLOW_ARC
57.98,0.2291,1.2628,0.4851,-3.6829,1.2447,0.3308,1.211,0.657,FOLLOW_ARC
58.0,0.2308,1.2637,0.4791,-3.6844,1.2438,0.3387,1.2153,0.6583,FOLLOW_ARC
58.02,0.2324,1.2645,0.4731,-3.686,1.243,0.3387,1.2153,0.6596,FOLLOW_ARC
58.04,0.2341,1.2654,0.4671,-3.6876,1.2421,0.3387,1.2153,0.6609,FOLLOW_ARC
58.06,0.2358,1.2662,0.4611,-3.6892,1.2413,0.3387,1.2153,0.6622,FOLLOW_ARC
58.08,0.2374,1.267,0.4551,-3.6908,1.2404,0.3387,1.2153,0.6634,FOLLOW_ARC
58.1,0.2391,1.2678,0.4491,-3.6924,1.2396,0.3467,1.2194,0.6647,FOLLOW_ARC
58.12,0.2408,1.2686,0.4431,-3.694,1.2388,0.3467,1.2194,0.666,FOLLOW_ARC
58.14,0.2424,1.2694,0.4371,-3.6956,1.238,0.3467,1.2194,0.6672,FOLLOW_ARC
58.16,0.2441,1.2702,0.4311,-3.6972,1.2372,0.3467,1.2194,0.6685,FOLLOW_ARC
58.18,0.2458,1.271,0.4251,-3.6988,1.2364,0.3467,1.2194,0.6697,FOLLOW_ARC
58.2,0.2475,1.2717,0.4191,-3.7004,1.2356,0.3548,1.2233,0.671,FOLLOW_ARC
58.22,0.2492,1.2725,0.4131,-3.7021,1.2348,0.3548,1.2233,0.6722,FOLLOW_ARC
58.24,0.2509,1.2732,0.4071,-3.7053,1.2333,0.3548,1.2233,0.6734,FOLLOW_ARC
58.26,0.2526,1.2739,0.4011,-3.7053,1.2333,0.3548,1.2233,0.6747,FOLLOW_ARC
58.28,0.2543,1.2747,0.3951,-3.707,1.2326,0.3548,1.2233,0.6759,FOLLOW_ARC
58.3,0.256,1.2754,0.3891,-3.7086,1.2318,0.3631,1.2269,0.6771,FOLLOW_ARC
58.32,0.2577,1.2761,0.3831,-3.7119,1.2304,0.3631,1.2269,0.6783,FOLLOW_ARC
58.34,0.2595,1.2768,0.3771,-3.7119,1.2304,0.3631,1.2269,0.6795,FOLLOW_ARC
58.36,0.2612,1.2774,0.3711,-3.7152,1.229,0.3631,1.2269,0.6807,FOLLOW_ARC
58.38,0.2629,1.2781,0.3651,-3.7152,1.229,0.3631,1.2269,0.6818,FOLLOW_ARC
58.4,0.2647,1.2788,0.3591,-3.7169,1.2283,0.3714,1.2303,0.683,FOLLOW_ARC
58.42,0.2664,1.2794,0.3531,-3.7203,1.227,0.3714,1.2303,0.6842,FOLLOW_ARC
58.44,0.2681,1.28,0.3471,-3.7203,1.227,0.3714,1.2303,0.6853,FOLLOW_ARC
58.46,0.2699,1.2807,0.3411,-3.7219,1.2264,0.3714,1.2303,0.6865,FOLLOW_ARC
58.48,0.2716,1.2813,0.3351,-3.7236,1.2257,0.3714,1.2303,0.6876,FOLLOW_ARC
58.5,0.2734,1.2819,0.3291,-3.7253,1.2251,0.3799,1.2334,0.6888,FOLLOW_ARC
58.52,0.2751,1.2825,0.3231,-3.727,1.2245,0.3799,1.2334,0.6899,FOLLOW_ARC
58.54,0.2769,1.2831,0.3171,-3.7287,1.2239,0.3799,1.2334,0.691,FOLLOW_ARC
58.56,0.2787,1.2836,0.3111,-3.7321,1.2227,0.3799,1.2334,0.6921,FOLLOW_ARC
58.58,0.2804,1.2842,0.3051,-3.7321,1.2227,0.3799,1.2334,0.6932,FOLLOW_ARC
58.6,0.2822,1.2847,0.2991,-3.7338,1.2221,0.3884,1.2363,0.6944,FOLLOW_ARC
58.62,0.284,1.2853,0.2931,-3.7355,1.2215,0.3884,1.2363,0.6954,FOLLOW_ARC
58.64,0.2857,1.2858,0.2871,-3.7372,1.221,0.3884,1.2363,0.6965,FOLLOW_ARC
58.66,0.2875,1.2863,0.2811,-3.7389,1.2204,0.3884,1.2363,0.6976,FOLLOW_ARC
58.68,0.2893,1.2868,0.2751,-3.7406,1.2199,0.3884,1.2363,0.6987,FOLLOW_ARC
58.7,0.2911,1.2873,0.2691,-3.7424,1.2193,0.397,1.2389,0.6998,FOLLOW_ARC
58.72,0.2929,1.2878,0.2631,-3.7458,1.2183,0.397,1.2389,0.7008,FOLLOW_ARC
58.74,0.2947,1.2883,0.2571,-3.7458,1.2183,0.397,1.2389,0.7019,FOLLOW_ARC
58.76,0.2965,1.2888,0.2511,-3.7475,1.2178,0.397,1.2389,0.7029,FOLLOW_ARC
58.78,0.2983,1.2892,0.2451,-3.751,1.2168,0.397,1.2389,0.704,FOLLOW_ARC
58.8,0.3001,1.2897,0.2391,-3.751,1.2168,0.4074,1.2417,0.705,FOLLOW_ARC
58.82,0.3019,1.2901,0.2331,-3.7527,1.2164,0.4074,1.2417,0.706,FOLLOW_ARC
58.84,0.3037,1.2905,0.2271,-3.7545,1.2159,0.4074,1.2417,0.7058,FOLLOW_ARC
58.86,0.3055,1.2909,0.2211,-3.7562,1.2155,0.4074,1.2417,0.7043,FOLLOW_ARC
58.88,0.3073,1.2913,0.2151,-3.758,1.215,0.4074,1.2417,0.7028,FOLLOW_ARC
58.9,0.3091,1.2917,0.2091,-3.7615,1.2142,0.4144,1.2434,0.7012,FOLLOW_ARC
58.92,0.3109,1.2921,0.2031,-3.7615,1.2142,0.4144,1.2434,0.6996,FOLLOW_ARC
58.94,0.3127,1.2925,0.1971,-3.7632,1.2138,0.4144,1.2434,0.6981,FOLLOW_ARC
58.96,0.3146,1.2928,0.1911,-3.765,1.2134,0.4144,1.2434,0.6965,FOLLOW_ARC
58.98,0.3164,1.2932,0.1851,-3.7667,1.213,0.4144,1.2434,0.6949,FOLLOW_ARC
59.0,0.3182,1.2935,0.1791,-3.7685,1.2127,0.4232,1.2452,0.6934,FOLLOW_ARC
59.02,0.32,1.2938,0.1731,-3.7703,1.2123,0.4232,1.2452,0.6918,FOLLOW_ARC
59.04,0.3219,1.2941,0.1671,-3.7738,1.2116,0.4232,1.2452,0.6902,FOLLOW_ARC
59.06,0.3237,1.2944,0.1611,-3.7738,1.2116,0.4232,1.2452,0.6886,FOLLOW_ARC
59.08,0.3255,1.2947,0.1551,-3.7756,1.2113,0.4232,1.2452,0.687,FOLLOW_ARC
59.1,0.3273,1.295,0.1491,-3.7773,1.211,0.4321,1.2468,0.6854,FOLLOW_ARC
59.12,0.3292,1.2953,0.1431,-3.7791,1.2106,0.4321,1.2468,0.6838,FOLLOW_ARC
59.14,0.331,1.2955,0.1371,-3.7809,1.2103,0.4321,1.2468,0.6822,FOLLOW_ARC
59.16,0.3329,1.2958,0.1311,-3.7827,1.2101,0.4321,1.2468,0.6806,FOLLOW_ARC
59.18,0.3347,1.296,0.1251,-3.7844,1.2098,0.4321,1.2468,0.6789,FOLLOW_ARC
59.2,0.3365,1.2962,0.1191,-3.7862,1.2095,0.441,1.2481,0.6773,FOLLOW_ARC
59.22,0.3384,1.2964,0.1131,-3.788,1.2093,0.441,1.2481,0.6757,FOLLOW_ARC
59.24,0.3402,1.2966,0.1071,-3.7898,1.209,0.441,1.2481,0.674,FOLLOW_ARC
59.26,0.3421,1.2968,0.1011,-3.7934,1.2086,0.441,1.2481,0.6724,FOLLOW_ARC
59.28,0.3439,1.297,0.0951,-3.7934,1.2086,0.441,1.2481,0.6708,FOLLOW_ARC
59.3,0.3458,1.2972,0.0891,-3.7952,1.2084,0.45,1.2491,0.6691,FOLLOW_ARC
59.32,0.3476,1.2973,0.0831,-3.7969,1.2082,0.45,1.2491,0.6675,FOLLOW_ARC
59.34,0.3494,1.2975,0.0771,-3.7987,1.208,0.45,1.2491,0.6658,FOLLOW_ARC
59.36,0.3513,1.2976,0.0711,-3.8005,1.2078,0.45,1.2491,0.6641,FOLLOW_ARC
59.38,0.3531,1.2978,0.0651,-3.8023,1.2076,0.45,1.2491,0.6625,FOLLOW_ARC
59.4,0.355,1.2979,0.0591,-3.8041,1.2075,0.4589,1.2499,0.6608,FOLLOW_ARC
59.42,0.3568,1.298,0.0531,-3.8059,1.2073,0.4589,1.2499,0.6591,FOLLOW_ARC
59.44,0.3587,1.2981,0.0471,-3.8077,1.2072,0.4589,1.2499,0.6574,FOLLOW_ARC
59.46,0.3606,1.2981,0.0411,-3.8095,1.207,0.4589,1.2499,0.6558,FOLLOW_ARC
59.48,0.3624,1.2982,0.0351,-3.8113,1.2069,0.4589,1.2499,0.6541,FOLLOW_ARC
59.5,0.3643,1.2983,0.0291,-3.8131,1.2068,0.4679,1.2504,0.6524,FOLLOW_ARC
59.52,0.3661,1.2983,0.0231,-3.8149,1.2067,0.4679,1.2504,0.6507,FOLLOW_ARC
59.54,0.368,1.2984,0.0171,-3.8167,1.2066,0.4679,1.2504,0.649,FOLLOW_ARC
59.56,0.3698,1.2984,0.0111,-3.8185,1.2066,0.4679,1.2504,0.6473,FOLLOW_ARC
59.58,0.3717,1.2984,0.0051,-3.8221,1.2065,0.4679,1.2504,0.6456,FOLLOW_ARC
59.6,0.3735,1.2984,-0.0009,-3.8221,1.2065,0.4769,1.2506,0.6439,FOLLOW_ARC
59.62,0.3754,1.2984,-0.0069,-3.8239,1.2064,0.4769,1.2506,0.6421,FOLLOW_ARC
59.64,0.3772,1.2984,-0.0129,-3.8275,1.2064,0.4769,1.2506,0.6404,FOLLOW_ARC
59.66,0.3791,1.2983,-0.0189,-3.8275,1.2064,0.4769,1.2506,0.6387,FOLLOW_ARC
59.68,0.3809,1.2983,-0.0249,-3.8311,1.2064,0.4769,1.2506,0.637,FOLLOW_ARC
59.7,0.3828,1.2982,-0.0309,-3.8311,1.2064,0.4859,1.2505,0.6352,FOLLOW_ARC
59.72,0.3846,1.2982,-0.0369,-3.8329,1.2064,0.4859,1.2505,0.6335,FOLLOW_ARC
59.74,0.3865,1.2981,-0.0429,-3.8347,1.2064,0.4859,1.2505,0.6318,FOLLOW_ARC
59.76,0.3883,1.298,-0.0489,-3.8365,1.2064,0.4859,1.2505,0.63,FOLLOW_ARC
59.78,0.3902,1.2979,-0.0549,-3.8383,1.2065,0.4949,1.2502,0.6283,FOLLOW_ARC
59.8,0.3921,1.2978,-0.0609,-3.8401,1.2066,0.4949,1.2502,0.6265,FOLLOW_ARC
59.82,0.3939,1.2977,-0.0669,-3.8419,1.2066,0.4949,1.2502,0.6248,FOLLOW_ARC
59.84,0.3958,1.2976,-0.0729,-3.8437,1.2067,0.4949,1.2502,0.623,FOLLOW_ARC
59.86,0.3976,1.2974,-0.0789,-3.8455,1.2068,0.4949,1.2502,0.6213,FOLLOW_ARC
59.88,0.3994,1.2973,-0.0849,-3.8473,1.2069,0.4949,1.2502,0.6195,FOLLOW_ARC
59.9,0.4013,1.2971,-0.0909,-3.8509,1.2071,0.5039,1.2496,0.6177,FOLLOW_ARC
59.92,0.4031,1.2969,-0.0969,-3.8509,1.2071,0.5039,1.2496,0.616,FOLLOW_ARC
59.94,0.405,1.2967,-0.1029,-3.8527,1.2073,0.5039,1.2496,0.6142,FOLLOW_ARC
59.96,0.4068,1.2965,-0.1089,-3.8544,1.2074,0.5039,1.2496,0.6124,FOLLOW_ARC
59.98,0.4087,1.2963,-0.1149,-3.8562,1.2076,0.5039,1.2496,0.6106,FOLLOW_ARC
60.0,0.4105,1.2961,-0.1209,-3.858,1.2077,0.5128,1.2488,0.6089,FOLLOW_ARC
60.02,0.4123,1.2959,-0.1269,-3.8598,1.2079,0.5128,1.2488,0.6071,FOLLOW_ARC
60.04,0.4142,1.2956,-0.1329,-3.8616,1.2081,0.5128,1.2488,0.6053,FOLLOW_ARC
60.06,0.416,1.2954,-0.1389,-3.8634,1.2083,0.5128,1.2488,0.6035,FOLLOW_ARC
60.08,0.4179,1.2951,-0.1449,-3.8652,1.2085,0.5128,1.2488,0.6017,FOLLOW_ARC
60.1,0.4197,1.2949,-0.1509,-3.867,1.2087,0.5218,1.2476,0.5999,FOLLOW_ARC
60.12,0.4215,1.2946,-0.1569,-3.8688,1.2089,0.5218,1.2476,0.5981,FOLLOW_ARC
60.14,0.4234,1.2943,-0.1629,-3.8705,1.2092,0.5218,1.2476,0.5963,FOLLOW_ARC
60.16,0.4252,1.294,-0.1689,-3.8723,1.2094,0.5218,1.2476,0.5945,FOLLOW_ARC
60.18,0.427,1.2936,-0.1749,-3.8741,1.2097,0.5307,1.2463,0.5927,FOLLOW_ARC
60.2,0.4288,1.2933,-0.1809,-3.8777,1.2102,0.5307,1.2463,0.5909,FOLLOW_ARC
60.22,0.4307,1.293,-0.1869,-3.8777,1.2102,0.5307,1.2463,0.5891,FOLLOW_ARC
60.24,0.4325,1.2926,-0.1929,-3.8794,1.2105,0.5307,1.2463,0.5873,FOLLOW_ARC
60.26,0.4343,1.2923,-0.1989,-3.8812,1.2108,0.5307,1.2463,0.5855,FOLLOW_ARC
60.28,0.4361,1.2919,-0.2049,-3.883,1.2112,0.5307,1.2463,0.5836,FOLLOW_ARC
60.3,0.4379,1.2915,-0.2109,-3.8865,1.2118,0.5395,1.2446,0.5818,FOLLOW_ARC
60.32,0.4397,1.2911,-0.2169,-3.8883,1.2122,0.5395,1.2446,0.58,FOLLOW_ARC
60.34,0.4415,1.2907,-0.2229,-3.8883,1.2122,0.5395,1.2446,0.5782,FOLLOW_ARC
60.36,0.4433,1.2903,-0.2289,-3.8901,1.2125,0.5395,1.2446,0.5764,FOLLOW_ARC
60.38,0.4452,1.2899,-0.2349,-3.8918,1.2129,0.5395,1.2446,0.5745,FOLLOW_ARC
60.4,0.447,1.2894,-0.2409,-3.8936,1.2133,0.5483,1.2427,0.5727,FOLLOW_ARC
60.42,0.4488,1.289,-0.2469,-3.8953,1.2137,0.5483,1.2427,0.5709,FOLLOW_ARC
60.44,0.4505,1.2885,-0.2529,-3.8971,1.2141,0.5483,1.2427,0.569,FOLLOW_ARC
60.46,0.4523,1.288,-0.2589,-3.9006,1.2149,0.5483,1.2427,0.5672,FOLLOW_ARC
60.48,0.4541,1.2876,-0.2649,-3.9006,1.2149,0.5483,1.2427,0.5654,FOLLOW_ARC
60.5,0.4559,1.2871,-0.2709,-3.9023,1.2153,0.5588,1.24,0.5635,FOLLOW_ARC
60.52,0.4577,1.2866,-0.2769,-3.9041,1.2158,0.5588,1.24,0.5617,FOLLOW_ARC
60.54,0.4595,1.2861,-0.2829,-3.9058,1.2162,0.5588,1.24,0.5598,FOLLOW_ARC
60.56,0.4613,1.2855,-0.2889,-3.9076,1.2167,0.5588,1.24,0.558,FOLLOW_ARC
60.58,0.463,1.285,-0.2949,-3.9093,1.2172,0.5588,1.24,0.5561,FOLLOW_ARC
60.6,0.4648,1.2845,-0.3009,-3.911,1.2176,0.5657,1.238,0.5543,FOLLOW_ARC
60.62,0.4666,1.2839,-0.3069,-3.9128,1.2181,0.5657,1.238,0.5524,FOLLOW_ARC
60.64,0.4683,1.2833,-0.3129,-3.9145,1.2186,0.5657,1.238,0.5506,FOLLOW_ARC
60.66,0.4701,1.2828,-0.3189,-3.9162,1.2191,0.5657,1.238,0.5487,FOLLOW_ARC
60.68,0.4719,1.2822,-0.3249,-3.9179,1.2197,0.5657,1.238,0.5469,FOLLOW_ARC
60.7,0.4736,1.2816,-0.3309,-3.9214,1.2208,0.5743,1.2353,0.545,FOLLOW_ARC
60.72,0.4754,1.281,-0.3369,-3.9231,1.2213,0.5743,1.2353,0.5432,FOLLOW_ARC
60.74,0.4771,1.2803,-0.3429,-3.9231,1.2213,0.5743,1.2353,0.5413,FOLLOW_ARC
60.76,0.4789,1.2797,-0.3489,-3.9248,1.2219,0.5743,1.2353,0.5395,FOLLOW_ARC
60.78,0.4806,1.2791,-0.3549,-3.9265,1.2225,0.5743,1.2353,0.5376,FOLLOW_ARC
60.8,0.4823,1.2784,-0.3609,-3.9282,1.223,0.5828,1.2324,0.5357,FOLLOW_ARC
60.82,0.4841,1.2778,-0.3669,-3.9299,1.2236,0.5828,1.2324,0.5339,FOLLOW_ARC
60.84,0.4858,1.2771,-0.3729,-3.9333,1.2249,0.5828,1.2324,0.532,FOLLOW_ARC
60.86,0.4875,1.2764,-0.3789,-3.9333,1.2249,0.5828,1.2324,0.5302,FOLLOW_ARC
60.88,0.4892,1.2757,-0.3849,-3.9367,1.2261,0.5912,1.2292,0.5283,FOLLOW_ARC
60.9,0.491,1.275,-0.3909,-3.9383,1.2268,0.5912,1.2292,0.5264,FOLLOW_ARC
60.92,0.4927,1.2743,-0.3969,-3.9383,1.2268,0.5912,1.2292,0.5246,FOLLOW_ARC
60.94,0.4944,1.2736,-0.4029,-3.94,1.2274,0.5912,1.2292,0.5227,FOLLOW_ARC
60.96,0.4961,1.2728,-0.4089,-3.9417,1.2281,0.5912,1.2292,0.5209,FOLLOW_ARC
60.98,0.4978,1.2721,-0.4149,-3.9434,1.2288,0.5912,1.2292,0.519,FOLLOW_ARC
61.0,0.4995,1.2713,-0.4209,-3.9467,1.2302,0.5995,1.2257,0.5171,FOLLOW_ARC
61.02,0.5012,1.2706,-0.4269,-3.9483,1.2309,0.5995,1.2257,0.5153,FOLLOW_ARC
61.042,0.5028,1.2698,-0.4329,-3.9483,1.2309,0.5995,1.2257,0.5134,FOLLOW_ARC
61.06,0.5045,1.269,-0.4389,-3.95,1.2316,0.5995,1.2257,0.5115,FOLLOW_ARC
61.08,0.5062,1.2682,-0.4449,-3.9533,1.233,0.6077,1.222,0.5097,FOLLOW_ARC
61.1,0.5079,1.2674,-0.4509,-3.9549,1.2338,0.6077,1.222,0.5078,FOLLOW_ARC
61.12,0.5095,1.2666,-0.4569,-3.9565,1.2346,0.6077,1.222,0.5059,FOLLOW_ARC
61.14,0.5112,1.2658,-0.4629,-3.9565,1.2346,0.6077,1.222,0.5041,FOLLOW_ARC
61.16,0.5129,1.265,-0.4689,-3.9582,1.2353,0.6077,1.222,0.5022,FOLLOW_ARC
61.18,0.5145,1.2641,-0.4749,-3.9598,1.2361,0.6077,1.222,0.5004,FOLLOW_ARC
61.2,0.5161,1.2633,-0.4809,-3.9614,1.2369,0.6158,1.218,0.4985,FOLLOW_ARC
61.22,0.5178,1.2624,-0.4869,-3.963,1.2377,0.6158,1.218,0.4966,FOLLOW_ARC
61.24,0.5194,1.2615,-0.4929,-3.9662,1.2393,0.6158,1.218,0.4948,FOLLOW_ARC
61.26,0.5211,1.2606,-0.4989,-3.9662,1.2393,0.6158,1.218,0.4929,FOLLOW_ARC
61.28,0.5227,1.2597,-0.5049,-3.9694,1.241,0.6158,1.218,0.4911,FOLLOW_ARC
61.3,0.5243,1.2588,-0.5109,-3.971,1.2418,0.6253,1.213,0.4892,FOLLOW_ARC
61.32,0.5259,1.2579,-0.5169,-3.971,1.2418,0.6253,1.213,0.4873,FOLLOW_ARC
61.34,0.5275,1.257,-0.5229,-3.9726,1.2427,0.6253,1.213,0.4855,FOLLOW_ARC
61.36,0.5291,1.2561,-0.5289,-3.9742,1.2435,0.6253,1.213,0.4836,FOLLOW_ARC
61.38,0.5307,1.2551,-0.5349,-3.9758,1.2444,0.6316,1.2094,0.4818,FOLLOW_ARC
61.4,0.5323,1.2542,-0.5409,-3.9773,1.2453,0.6316,1.2094,0.4799,FOLLOW_ARC
61.42,0.5339,1.2532,-0.5469,-3.9805,1.2471,0.6316,1.2094,0.4781,FOLLOW_ARC
61.44,0.5355,1.2523,-0.5529,-3.9805,1.2471,0.6316,1.2094,0.4762,FOLLOW_ARC
61.46,0.5371,1.2513,-0.5589,-3.982,1.248,0.6316,1.2094,0.4744,FOLLOW_ARC
61.48,0.5386,1.2503,-0.5649,-3.9851,1.2498,0.6316,1.2094,0.4725,FOLLOW_ARC
61.5,0.5402,1.2493,-0.5709,-3.9866,1.2508,0.6408,1.2038,0.4707,FOLLOW_ARC
61.52,0.5417,1.2483,-0.5769,-3.9866,1.2508,0.6408,1.2038,0.4688,FOLLOW_ARC
61.54,0.5433,1.2473,-0.5829,-3.9897,1.2527,0.6408,1.2038,0.467,FOLLOW_ARC
61.56,0.5448,1.2462,-0.5889,-3.9897,1.2527,0.6408,1.2038,0.4652,FOLLOW_ARC
61.58,0.5464,1.2452,-0.5949,-3.9927,1.2546,0.6408,1.2038,0.4633,FOLLOW_ARC
61.6,0.5479,1.2442,-0.6009,-3.9927,1.2546,0.6468,1.1998,0.4615,FOLLOW_ARC
61.62,0.5494,1.2431,-0.6069,-3.9942,1.2556,0.6468,1.1998,0.4596,FOLLOW_ARC
61.64,0.5509,1.242,-0.6129,-3.9972,1.2576,0.6468,1.1998,0.4578,FOLLOW_ARC
61.66,0.5525,1.241,-0.6189,-3.9972,1.2576,0.6468,1.1998,0.456,FOLLOW_ARC
61.68,0.554,1.2399,-0.6249,-3.9987,1.2586,0.6468,1.1998,0.4542,FOLLOW_ARC
61.7,0.5555,1.2388,-0.6309,-4.0002,1.2596,0.6542,1.1947,0.4523,FOLLOW_ARC
61.72,0.557,1.2377,-0.6369,-4.0017,1.2606,0.6542,1.1947,0.4505,FOLLOW_ARC
61.74,0.5584,1.2366,-0.6429,-4.0032,1.2617,0.6542,1.1947,0.4487,FOLLOW_ARC
61.76,0.5599,1.2355,-0.6489,-4.0046,1.2627,0.6542,1.1947,0.4469,FOLLOW_ARC
61.78,0.5614,1.2343,-0.6549,-4.0061,1.2638,0.6542,1.1947,0.445,FOLLOW_ARC
61.8,0.5629,1.2332,-0.6609,-4.009,1.2659,0.6614,1.1894,0.4432,FOLLOW_ARC
61.82,0.5643,1.2321,-0.6669,-4.009,1.2659,0.6614,1.1894,0.4414,FOLLOW_ARC
61.84,0.5658,1.2309,-0.6729,-4.0104,1.267,0.6614,1.1894,0.4396,FOLLOW_ARC
61.86,0.5672,1.2298,-0.6789,-4.0133,1.2692,0.6614,1.1894,0.4378,FOLLOW_ARC
61.88,0.5687,1.2286,-0.6849,-4.0133,1.2692,0.6614,1.1894,0.436,FOLLOW_ARC
61.9,0.5701,1.2274,-0.6909,-4.0161,1.2714,0.6685,1.1838,0.4342,FOLLOW_ARC
61.92,0.5715,1.2262,-0.6969,-4.0161,1.2714,0.6685,1.1838,0.4324,FOLLOW_ARC
61.94,0.5729,1.225,-0.7029,-4.0175,1.2725,0.6685,1.1838,0.4306,FOLLOW_ARC
61.96,0.5743,1.2238,-0.7089,-4.0203,1.2748,0.6685,1.1838,0.4288,FOLLOW_ARC
61.98,0.5757,1.2226,-0.7149,-4.0203,1.2748,0.6685,1.1838,0.4271,FOLLOW_ARC
62.0,0.5771,1.2214,-0.7209,-4.0217,1.2759,0.6754,1.1781,0.4253,FOLLOW_ARC
62.02,0.5785,1.2202,-0.7269,-4.0231,1.2771,0.6754,1.1781,0.4235,FOLLOW_ARC
62.04,0.5799,1.2189,-0.7329,-4.0244,1.2783,0.6754,1.1781,0.4217,FOLLOW_ARC
62.06,0.5813,1.2177,-0.7389,-4.0258,1.2794,0.6754,1.1781,0.42,FOLLOW_ARC
62.08,0.5826,1.2164,-0.7449,-4.0285,1.2818,0.6754,1.1781,0.4182,FOLLOW_ARC
62.1,0.584,1.2152,-0.7509,-4.0299,1.283,0.6835,1.1709,0.4164,FOLLOW_ARC
62.12,0.5854,1.2139,-0.7569,-4.0299,1.283,0.6835,1.1709,0.4147,FOLLOW_ARC
62.14,0.5867,1.2126,-0.7629,-4.0312,1.2842,0.6835,1.1709,0.4129,FOLLOW_ARC
62.16,0.588,1.2113,-0.7689,-4.0325,1.2854,0.6835,1.1709,0.4112,FOLLOW_ARC
62.18,0.5894,1.21,-0.7749,-4.0339,1.2866,0.6835,1.1709,0.4094,FOLLOW_ARC
62.2,0.5907,1.2087,-0.7809,-4.0352,1.2879,0.6887,1.1659,0.4077,FOLLOW_ARC
62.22,0.592,1.2074,-0.7869,-4.0365,1.2891,0.6887,1.1659,0.406,FOLLOW_ARC
62.24,0.5933,1.2061,-0.7929,-4.0378,1.2904,0.6887,1.1659,0.4042,FOLLOW_ARC
62.26,0.5946,1.2048,-0.7989,-4.0391,1.2916,0.6887,1.1659,0.4025,FOLLOW_ARC
62.28,0.5959,1.2034,-0.8049,-4.0416,1.2941,0.6951,1.1596,0.4008,FOLLOW_ARC
62.3,0.5972,1.2021,-0.8109,-4.0416,1.2941,0.6951,1.1596,0.3991,FOLLOW_ARC
62.32,0.5984,1.2008,-0.8169,-4.0429,1.2954,0.6951,1.1596,0.3974,FOLLOW_ARC
62.34,0.5997,1.1994,-0.8229,-4.0442,1.2967,0.6951,1.1596,0.3957,FOLLOW_ARC
62.36,0.601,1.198,-0.8289,-4.0454,1.298,0.6951,1.1596,0.394,FOLLOW_ARC
62.38,0.6022,1.1967,-0.8349,-4.0467,1.2993,0.6951,1.1596,0.3923,FOLLOW_ARC
62.4,0.6034,1.1953,-0.8409,-4.0491,1.3019,0.7025,1.1517,0.3906,FOLLOW_ARC
62.42,0.6047,1.1939,-0.8469,-4.0504,1.3032,0.7025,1.1517,0.3889,FOLLOW_ARC
62.44,0.6059,1.1925,-0.8529,-4.0504,1.3032,0.7025,1.1517,0.3872,FOLLOW_ARC
62.46,0.6071,1.1911,-0.8589,-4.0516,1.3046,0.7025,1.1517,0.3856,FOLLOW_ARC
62.48,0.6083,1.1897,-0.8649,-4.0528,1.3059,0.7025,1.1517,0.3839,FOLLOW_ARC
62.5,0.6095,1.1883,-0.8709,-4.054,1.3072,0.7072,1.1463,0.3822,FOLLOW_ARC
62.52,0.6107,1.1869,-0.8769,-4.0552,1.3086,0.7072,1.1463,0.3806,FOLLOW_ARC
62.54,0.6119,1.1854,-0.8829,-4.0563,1.3099,0.7072,1.1463,0.379,FOLLOW_ARC
62.56,0.6131,1.184,-0.8889,-4.0575,1.3113,0.7072,1.1463,0.3773,FOLLOW_ARC
62.58,0.6142,1.1826,-0.8949,-4.0587,1.3127,0.7072,1.1463,0.3757,FOLLOW_ARC
62.6,0.6154,1.1811,-0.9009,-4.061,1.3154,0.713,1.1394,0.3741,FOLLOW_ARC
62.62,0.6165,1.1796,-0.9069,-4.061,1.3154,0.713,1.1394,0.3724,FOLLOW_ARC
62.64,0.6177,1.1782,-0.9129,-4.0621,1.3168,0.713,1.1394,0.3708,FOLLOW_ARC
62.66,0.6188,1.1767,-0.9189,-4.0633,1.3182,0.713,1.1394,0.3692,FOLLOW_ARC
62.68,0.6199,1.1752,-0.9249,-4.0644,1.3196,0.713,1.1394,0.3676,FOLLOW_ARC
62.7,0.621,1.1737,-0.9309,-4.0655,1.321,0.7186,1.1323,0.366,FOLLOW_ARC
62.72,0.6221,1.1723,-0.9369,-4.0666,1.3225,0.7186,1.1323,0.3644,FOLLOW_ARC
62.74,0.6232,1.1708,-0.9429,-4.0677,1.3239,0.7186,1.1323,0.3629,FOLLOW_ARC
62.76,0.6243,1.1693,-0.9489,-4.0688,1.3253,0.7186,1.1323,0.3613,FOLLOW_ARC
62.78,0.6254,1.1677,-0.9549,-4.0699,1.3268,0.7186,1.1323,0.3597,FOLLOW_ARC
62.8,0.6264,1.1662,-0.9609,-4.071,1.3282,0.7239,1.125,0.3582,FOLLOW_ARC
62.82,0.6275,1.1647,-0.9669,-4.0731,1.3311,0.7239,1.125,0.3566,FOLLOW_ARC
62.84,0.6285,1.1632,-0.9729,-4.0731,1.3311,0.7239,1.125,0.3551,FOLLOW_ARC
62.86,0.6296,1.1616,-0.9789,-4.0741,1.3326,0.7239,1.125,0.3535,FOLLOW_ARC
62.88,0.6306,1.1601,-0.9849,-4.0752,1.334,0.7239,1.125,0.352,FOLLOW_ARC
62.902,0.6316,1.1585,-0.9909,-4.0762,1.3355,0.729,1.1176,0.3505,FOLLOW_ARC
62.92,0.6326,1.157,-0.9969,-4.0772,1.337,0.729,1.1176,0.349,FOLLOW_ARC
62.94,0.6336,1.1554,-1.0029,-4.0782,1.3385,0.729,1.1176,0.3475,FOLLOW_ARC
62.96,0.6346,1.1539,-1.0089,-4.0792,1.34,0.729,1.1176,0.346,FOLLOW_ARC
62.98,0.6356,1.1523,-1.0149,-4.0802,1.3415,0.729,1.1176,0.3445,FOLLOW_ARC
63.0,0.6366,1.1507,-1.0209,-4.0812,1.343,0.7339,1.1101,0.3431,FOLLOW_ARC
63.02,0.6375,1.1491,-1.0269,-4.0822,1.3445,0.7339,1.1101,0.3416,FOLLOW_ARC
63.04,0.6385,1.1475,-1.0329,-4.0832,1.346,0.7339,1.1101,0.3401,FOLLOW_ARC
63.06,0.6394,1.1459,-1.0389,-4.0841,1.3476,0.7339,1.1101,0.3387,FOLLOW_ARC
63.08,0.6404,1.1443,-1.0449,-4.0851,1.3491,0.7339,1.1101,0.3372,FOLLOW_ARC
63.1,0.6413,1.1427,-1.0509,-4.086,1.3506,0.7386,1.1024,0.3358,FOLLOW_ARC
63.12,0.6422,1.1411,-1.0569,-4.0869,1.3522,0.7386,1.1024,0.3344,FOLLOW_ARC
63.14,0.6431,1.1395,-1.0629,-4.0879,1.3537,0.7386,1.1024,0.333,FOLLOW_ARC
63.16,0.644,1.1379,-1.0689,-4.0888,1.3553,0.7386,1.1024,0.3316,FOLLOW_ARC
63.18,0.6449,1.1363,-1.0749,-4.0897,1.3568,0.7386,1.1024,0.3302,FOLLOW_ARC
63.2,0.6458,1.1346,-1.0809,-4.0906,1.3584,0.743,1.0946,0.3288,FOLLOW_ARC
63.22,0.6466,1.133,-1.0869,-4.0914,1.3599,0.743,1.0946,0.3274,FOLLOW_ARC
63.24,0.6475,1.1313,-1.0929,-4.0932,1.3631,0.743,1.0946,0.3261,FOLLOW_ARC
63.26,0.6483,1.1297,-1.0989,-4.094,1.3647,0.743,1.0946,0.3247,FOLLOW_ARC
63.28,0.6492,1.128,-1.1049,-4.094,1.3647,0.743,1.0946,0.3234,FOLLOW_ARC
63.3,0.65,1.1264,-1.1109,-4.0949,1.3663,0.7472,1.0866,0.3221,FOLLOW_ARC
63.32,0.6508,1.1247,-1.1169,-4.0957,1.3679,0.7472,1.0866,0.3207,FOLLOW_ARC
63.34,0.6516,1.123,-1.1229,-4.0974,1.3711,0.7472,1.0866,0.3194,FOLLOW_ARC
63.36,0.6524,1.1214,-1.1289,-4.0974,1.3711,0.7472,1.0866,0.3181,FOLLOW_ARC
63.38,0.6532,1.1197,-1.1349,-4.0982,1.3727,0.7472,1.0866,0.3168,FOLLOW_ARC
63.4,0.654,1.118,-1.1409,-4.0997,1.3759,0.7512,1.0785,0.3156,FOLLOW_ARC
63.42,0.6548,1.1163,-1.1469,-4.0997,1.3759,0.7512,1.0785,0.3143,FOLLOW_ARC
63.44,0.6555,1.1146,-1.1529,-4.1005,1.3775,0.7512,1.0785,0.313,FOLLOW_ARC
63.46,0.6563,1.1129,-1.1589,-4.1013,1.3792,0.7512,1.0785,0.3118,FOLLOW_ARC
63.48,0.657,1.1112,-1.1649,-4.1021,1.3808,0.7512,1.0785,0.3106,FOLLOW_ARC
63.5,0.6577,1.1095,-1.1709,-4.1028,1.3824,0.7549,1.0703,0.3093,FOLLOW_ARC
63.52,0.6584,1.1078,-1.1769,-4.1035,1.3841,0.7549,1.0703,0.3081,FOLLOW_ARC
63.54,0.6591,1.1061,-1.1829,-4.1043,1.3857,0.7549,1.0703,0.3069,FOLLOW_ARC
63.56,0.6598,1.1044,-1.1889,-4.105,1.3874,0.7549,1.0703,0.3057,FOLLOW_ARC
63.58,0.6605,1.1027,-1.1949,-4.1057,1.389,0.7549,1.0703,0.3046,FOLLOW_ARC
63.6,0.6612,1.1009,-1.2009,-4.1064,1.3907,0.7584,1.062,0.3034,FOLLOW_ARC
63.62,0.6619,1.0992,-1.2069,-4.1071,1.3923,0.7584,1.062,0.3022,FOLLOW_ARC
63.64,0.6625,1.0975,-1.2129,-4.1078,1.394,0.7584,1.062,0.3011,FOLLOW_ARC
63.66,0.6632,1.0957,-1.2189,-4.1084,1.3957,0.7584,1.062,0.3,FOLLOW_ARC
63.68,0.6638,1.094,-1.2249,-4.1091,1.3974,0.7584,1.062,0.2989,FOLLOW_ARC
63.7,0.6644,1.0922,-1.2309,-4.1097,1.399,0.7616,1.0536,0.2977,FOLLOW_ARC
63.72,0.665,1.0905,-1.2369,-4.1104,1.4007,0.7616,1.0536,0.2967,FOLLOW_ARC
63.74,0.6656,1.0887,-1.2429,-4.111,1.4024,0.7616,1.0536,0.2956,FOLLOW_ARC
63.76,0.6662,1.087,-1.2489,-4.1122,1.4058,0.7616,1.0536,0.2945,FOLLOW_ARC
63.78,0.6668,1.0852,-1.2549,-4.1122,1.4058,0.7616,1.0536,0.2935,FOLLOW_ARC
63.8,0.6674,1.0835,-1.2609,-4.1128,1.4075,0.7651,1.0434,0.2924,FOLLOW_ARC
63.82,0.6679,1.0817,-1.2669,-4.1134,1.4092,0.7651,1.0434,0.2914,FOLLOW_ARC
63.84,0.6685,1.0799,-1.2729,-4.1146,1.4126,0.7651,1.0434,0.2904,FOLLOW_ARC
63.86,0.669,1.0781,-1.2789,-4.1146,1.4126,0.7651,1.0434,0.2894,FOLLOW_ARC
63.88,0.6695,1.0764,-1.2849,-4.1151,1.4143,0.7651,1.0434,0.2884,FOLLOW_ARC
63.9,0.67,1.0746,-1.2909,-4.1162,1.4177,0.7673,1.0365,0.2874,FOLLOW_ARC
63.92,0.6706,1.0728,-1.2969,-4.1162,1.4177,0.7673,1.0365,0.2865,FOLLOW_ARC
63.94,0.671,1.071,-1.3029,-4.1167,1.4195,0.7673,1.0365,0.2855,FOLLOW_ARC
63.96,0.6715,1.0692,-1.3089,-4.1173,1.4212,0.7673,1.0365,0.2846,FOLLOW_ARC
63.98,0.672,1.0674,-1.3149,-4.1178,1.4229,0.7673,1.0365,0.2837,FOLLOW_ARC
64.0,0.6725,1.0656,-1.3209,-4.1183,1.4247,0.7697,1.0279,0.2827,FOLLOW_ARC
64.02,0.6729,1.0638,-1.3269,-4.1187,1.4264,0.7697,1.0279,0.2819,FOLLOW_ARC
64.04,0.6734,1.062,-1.3329,-4.1197,1.4299,0.7697,1.0279,0.281,FOLLOW_ARC
64.06,0.6738,1.0602,-1.3389,-4.1197,1.4299,0.7697,1.0279,0.2801,FOLLOW_ARC
64.08,0.6742,1.0584,-1.3449,-4.1206,1.4333,0.7697,1.0279,0.2793,FOLLOW_ARC
64.1,0.6746,1.0566,-1.3509,-4.1206,1.4333,0.7719,1.0192,0.2784,FOLLOW_ARC
64.12,0.675,1.0548,-1.3569,-4.121,1.4351,0.7719,1.0192,0.2776,FOLLOW_ARC
64.14,0.6754,1.053,-1.3629,-4.1214,1.4368,0.7719,1.0192,0.2768,FOLLOW_ARC
64.16,0.6758,1.0512,-1.3689,-4.1218,1.4386,0.7719,1.0192,0.276,FOLLOW_ARC
64.18,0.6761,1.0494,-1.3749,-4.1222,1.4404,0.7738,1.0104,0.2752,FOLLOW_ARC
64.2,0.6765,1.0475,-1.3809,-4.1226,1.4421,0.7738,1.0104,0.2745,FOLLOW_ARC
64.22,0.6768,1.0457,-1.3869,-4.123,1.4439,0.7738,1.0104,0.2737,FOLLOW_ARC
64.24,0.6772,1.0439,-1.3929,-4.1237,1.4474,0.7738,1.0104,0.273,FOLLOW_ARC
64.26,0.6775,1.0421,-1.3989,-4.1237,1.4474,0.7738,1.0104,0.2723,FOLLOW_ARC
64.28,0.6778,1.0402,-1.4049,-4.1241,1.4492,0.7738,1.0104,0.2716,FOLLOW_ARC
64.3,0.6781,1.0384,-1.4109,-4.1244,1.4509,0.7755,1.0015,0.2709,FOLLOW_ARC
64.32,0.6784,1.0366,-1.4169,-4.1248,1.4527,0.7755,1.0015,0.2702,FOLLOW_ARC
64.34,0.6787,1.0347,-1.4229,-4.1251,1.4545,0.7755,1.0015,0.2696,FOLLOW_ARC
64.36,0.6789,1.0329,-1.4289,-4.1254,1.4562,0.7755,1.0015,0.2689,FOLLOW_ARC
64.38,0.6792,1.0311,-1.4349,-4.1257,1.458,0.7755,1.0015,0.2683,FOLLOW_ARC
64.4,0.6794,1.0292,-1.4409,-4.1262,1.4616,0.7769,0.9926,0.2677,FOLLOW_ARC
64.42,0.6797,1.0274,-1.4469,-4.1262,1.4616,0.7769,0.9926,0.2671,FOLLOW_ARC
64.44,0.6799,1.0256,-1.4529,-4.1265,1.4634,0.7769,0.9926,0.2665,FOLLOW_ARC
64.46,0.6801,1.0237,-1.4589,-4.1268,1.4651,0.7769,0.9926,0.2659,FOLLOW_ARC
64.48,0.6803,1.0219,-1.4649,-4.127,1.4669,0.7769,0.9926,0.2654,FOLLOW_ARC
64.5,0.6805,1.02,-1.4709,-4.1272,1.4687,0.778,0.9837,0.2648,FOLLOW_ARC
64.52,0.6807,1.0182,-1.4769,-4.1274,1.4705,0.778,0.9837,0.2643,FOLLOW_ARC
64.54,0.6808,1.0163,-1.4829,-4.1279,1.4741,0.778,0.9837,0.2638,FOLLOW_ARC
64.56,0.681,1.0145,-1.4889,-4.1279,1.4741,0.778,0.9837,0.2633,FOLLOW_ARC
64.58,0.6811,1.0126,-1.4949,-4.128,1.4759,0.778,0.9837,0.2629,FOLLOW_ARC
64.6,0.6813,1.0108,-1.5009,-4.1282,1.4776,0.7789,0.9747,0.2624,FOLLOW_ARC
64.62,0.6814,1.0089,-1.5069,-4.1284,1.4794,0.7789,0.9747,0.262,FOLLOW_ARC
64.64,0.6815,1.0071,-1.5129,-4.1287,1.483,0.7789,0.9747,0.2616,FOLLOW_ARC
64.66,0.6816,1.0052,-1.5189,-4.1288,1.4848,0.7789,0.9747,0.2612,FOLLOW_ARC
64.68,0.6817,1.0034,-1.5249,-4.1288,1.4848,0.7789,0.9747,0.2608,FOLLOW_ARC
64.7,0.6818,1.0015,-1.5309,-4.1291,1.4884,0.7795,0.9658,0.2604,FOLLOW_ARC
64.72,0.6818,0.9997,-1.5369,-4.1291,1.4884,0.7795,0.9658,0.26,FOLLOW_ARC
64.74,0.6819,0.9978,-1.5429,-4.1292,1.4902,0.7795,0.9658,0.2597,FOLLOW_ARC
64.76,0.6819,0.996,-1.5489,-4.1293,1.492,0.7795,0.9658,0.2594,FOLLOW_ARC
64.78,0.682,0.9941,-1.5549,-4.1293,1.4938,0.7795,0.9658,0.2591,FOLLOW_ARC
64.8,0.682,0.9923,-1.5609,-4.1294,1.4956,0.7798,0.9568,0.2588,FOLLOW_ARC
64.82,0.682,0.9904,-1.5669,-4.1295,1.4974,0.7798,0.9568,0.2585,FOLLOW_ARC
64.84,0.682,0.9886,-1.5729,-4.1295,1.4992,0.7798,0.9568,0.2583,FOLLOW_ARC
64.86,0.682,0.9867,-1.5789,-4.1296,1.501,0.7798,0.9568,0.258,FOLLOW_ARC
64.88,0.682,0.9849,-1.5849,-4.1296,1.5028,0.7798,0.9568,0.2578,FOLLOW_ARC
64.9,0.682,0.983,-1.5909,-4.1296,1.5064,0.7798,0.9478,0.2576,FOLLOW_ARC
64.92,0.6819,0.9812,-1.5969,-4.1296,1.5064,0.7798,0.9478,0.2574,FOLLOW_ARC
64.94,0.6819,0.9793,-1.6029,-4.1296,1.5082,0.7798,0.9478,0.2572,FOLLOW_ARC
64.96,0.6818,0.9774,-1.6089,-4.1296,1.51,0.7798,0.9478,0.2571,FOLLOW_ARC
64.98,0.6817,0.9756,-1.6149,-4.1296,1.5118,0.7798,0.9478,0.2569,FOLLOW_ARC
65.0,0.6816,0.9737,-1.6209,-4.1295,1.5136,0.7795,0.937,0.2568,FOLLOW_ARC
65.02,0.6815,0.9719,-1.6269,-4.1295,1.5154,0.7795,0.937,0.2567,FOLLOW_ARC
65.04,0.6814,0.97,-1.6329,-4.1294,1.5172,0.7795,0.937,0.2566,FOLLOW_ARC
65.06,0.6813,0.9682,-1.6389,-4.1293,1.519,0.7795,0.937,0.2565,FOLLOW_ARC
65.08,0.6812,0.9663,-1.6449,-4.1293,1.5208,0.7795,0.937,0.2565,FOLLOW_ARC
65.1,0.681,0.9645,-1.6509,-4.1292,1.5226,0.7791,0.9298,0.2564,FOLLOW_ARC
65.12,0.6809,0.9626,-1.6569,-4.1291,1.5244,0.7791,0.9298,0.2564,FOLLOW_ARC
65.14,0.6807,0.9608,-1.6629,-4.1289,1.5262,0.7791,0.9298,0.2564,FOLLOW_ARC
65.16,0.6805,0.959,-1.6689,-4.1288,1.528,0.7791,0.9298,0.2564,FOLLOW_ARC
65.18,0.6803,0.9571,-1.6749,-4.1285,1.5316,0.7791,0.9298,0.2564,FOLLOW_ARC
65.2,0.6801,0.9553,-1.6809,-4.1285,1.5316,0.7784,0.9208,0.2565,FOLLOW_ARC
65.22,0.6799,0.9534,-1.6869,-4.1284,1.5334,0.7784,0.9208,0.2566,FOLLOW_ARC
65.24,0.6797,0.9516,-1.6929,-4.128,1.537,0.7784,0.9208,0.2566,FOLLOW_ARC
65.26,0.6795,0.9497,-1.6989,-4.128,1.537,0.7784,0.9208,0.2567,FOLLOW_ARC
65.28,0.6792,0.9479,-1.7049,-4.1278,1.5387,0.7784,0.9208,0.2568,FOLLOW_ARC
65.3,0.679,0.9461,-1.7109,-4.1276,1.5405,0.7774,0.9119,0.257,FOLLOW_ARC
65.32,0.6787,0.9442,-1.7169,-4.1274,1.5423,0.7774,0.9119,0.2571,FOLLOW_ARC
65.34,0.6784,0.9424,-1.7229,-4.1272,1.5441,0.7774,0.9119,0.2573,FOLLOW_ARC
65.36,0.6781,0.9406,-1.7289,-4.127,1.5459,0.7774,0.9119,0.2575,FOLLOW_ARC
65.38,0.6778,0.9387,-1.7349,-4.1267,1.5477,0.7774,0.9119,0.2577,FOLLOW_ARC
65.4,0.6775,0.9369,-1.7409,-4.1265,1.5495,0.7761,0.903,0.2579,FOLLOW_ARC
65.42,0.6772,0.9351,-1.7469,-4.126,1.553,0.7761,0.903,0.2581,FOLLOW_ARC
65.44,0.6769,0.9333,-1.7529,-4.126,1.553,0.7761,0.903,0.2583,FOLLOW_ARC
65.46,0.6765,0.9314,-1.7589,-4.1257,1.5548,0.7761,0.903,0.2586,FOLLOW_ARC
65.48,0.6762,0.9296,-1.7649,-4.1254,1.5566,0.7761,0.903,0.2589,FOLLOW_ARC
65.502,0.6758,0.9278,-1.7709,-4.1251,1.5583,0.7745,0.8941,0.2592,FOLLOW_ARC
65.52,0.6754,0.926,-1.7769,-4.1247,1.5601,0.7745,0.8941,0.2595,FOLLOW_ARC
65.54,0.6751,0.9242,-1.7829,-4.1241,1.5637,0.7745,0.8941,0.2598,FOLLOW_ARC
65.56,0.6747,0.9224,-1.7889,-4.1241,1.5637,0.7745,0.8941,0.2602,FOLLOW_ARC
65.58,0.6742,0.9206,-1.7949,-4.1234,1.5672,0.7745,0.8941,0.2605,FOLLOW_ARC
65.6,0.6738,0.9188,-1.8009,-4.1234,1.5672,0.7727,0.8853,0.2609,FOLLOW_ARC
65.62,0.6734,0.9169,-1.8069,-4.123,1.5689,0.7727,0.8853,0.2613,FOLLOW_ARC
65.64,0.673,0.9151,-1.8129,-4.1226,1.5707,0.7727,0.8853,0.2617,FOLLOW_ARC
65.66,0.6725,0.9133,-1.8189,-4.1222,1.5725,0.7727,0.8853,0.2621,FOLLOW_ARC
65.68,0.672,0.9116,-1.8249,-4.1218,1.5742,0.7727,0.8853,0.2626,FOLLOW_ARC
65.7,0.6716,0.9098,-1.8309,-4.1214,1.576,0.7706,0.8765,0.263,FOLLOW_ARC
65.72,0.6711,0.908,-1.8369,-4.121,1.5777,0.7706,0.8765,0.2635,FOLLOW_ARC
65.74,0.6706,0.9062,-1.8429,-4.1206,1.5795,0.7706,0.8765,0.264,FOLLOW_ARC
65.76,0.6701,0.9044,-1.8489,-4.1201,1.5812,0.7706,0.8765,0.2645,FOLLOW_ARC
65.78,0.6696,0.9026,-1.8549,-4.1197,1.5829,0.7706,0.8765,0.265,FOLLOW_ARC
65.8,0.669,0.9008,-1.8609,-4.1192,1.5847,0.7682,0.8678,0.2656,FOLLOW_ARC
65.82,0.6685,0.8991,-1.8669,-4.1182,1.5882,0.7682,0.8678,0.2661,FOLLOW_ARC
65.84,0.668,0.8973,-1.8729,-4.1182,1.5882,0.7682,0.8678,0.2667,FOLLOW_ARC
65.86,0.6674,0.8955,-1.8789,-4.1177,1.5899,0.7682,0.8678,0.2673,FOLLOW_ARC
65.88,0.6668,0.8938,-1.8849,-4.1172,1.5916,0.7682,0.8678,0.2679,FOLLOW_ARC
65.9,0.6663,0.892,-1.8909,-4.1167,1.5933,0.7656,0.8592,0.2685,FOLLOW_ARC
65.92,0.6657,0.8902,-1.8969,-4.1162,1.5951,0.7656,0.8592,0.2691,FOLLOW_ARC
65.94,0.6651,0.8885,-1.9029,-4.1157,1.5968,0.7656,0.8592,0.2698,FOLLOW_ARC
65.96,0.6645,0.8867,-1.9089,-4.1151,1.5985,0.7656,0.8592,0.2704,FOLLOW_ARC
65.98,0.6638,0.885,-1.9149,-4.1145,1.6002,0.7656,0.8592,0.2711,FOLLOW_ARC
66.0,0.6632,0.8833,-1.9209,-4.114,1.6019,0.7621,0.849,0.2718,FOLLOW_ARC
66.02,0.6626,0.8815,-1.9269,-4.1134,1.6036,0.7621,0.849,0.2725,FOLLOW_ARC
66.04,0.6619,0.8798,-1.9329,-4.1122,1.607,0.7621,0.849,0.2732,FOLLOW_ARC
66.06,0.6612,0.878,-1.9389,-4.1122,1.607,0.7621,0.849,0.274,FOLLOW_ARC
66.08,0.6606,0.8763,-1.9449,-4.111,1.6104,0.7621,0.849,0.2747,FOLLOW_ARC
66.1,0.6599,0.8746,-1.9509,-4.111,1.6104,0.7596,0.8423,0.2755,FOLLOW_ARC
66.12,0.6592,0.8729,-1.9569,-4.1104,1.6121,0.7596,0.8423,0.2763,FOLLOW_ARC
66.14,0.6585,0.8712,-1.9629,-4.1097,1.6138,0.7596,0.8423,0.2771,FOLLOW_ARC
66.16,0.6578,0.8695,-1.9689,-4.1091,1.6154,0.7596,0.8423,0.2779,FOLLOW_ARC
66.18,0.6571,0.8677,-1.9749,-4.1084,1.6171,0.7596,0.8423,0.2787,FOLLOW_ARC
66.2,0.6563,0.866,-1.9809,-4.1071,1.6205,0.7563,0.8339,0.2795,FOLLOW_ARC
66.22,0.6556,0.8643,-1.9869,-4.1071,1.6205,0.7563,0.8339,0.2804,FOLLOW_ARC
66.24,0.6548,0.8627,-1.9929,-4.1064,1.6221,0.7563,0.8339,0.2813,FOLLOW_ARC
66.26,0.654,0.861,-1.9989,-4.1057,1.6238,0.7563,0.8339,0.2821,FOLLOW_ARC
66.28,0.6533,0.8593,-2.0049,-4.1042,1.6271,0.7563,0.8339,0.283,FOLLOW_ARC
66.3,0.6525,0.8576,-2.0109,-4.1042,1.6271,0.7519,0.824,0.284,FOLLOW_ARC
66.32,0.6517,0.8559,-2.0169,-4.1035,1.6287,0.7519,0.824,0.2849,FOLLOW_ARC
66.34,0.6509,0.8543,-2.0229,-4.1028,1.6304,0.7519,0.824,0.2858,FOLLOW_ARC
66.36,0.6501,0.8526,-2.0289,-4.102,1.632,0.7519,0.824,0.2868,FOLLOW_ARC
66.38,0.6492,0.8509,-2.0349,-4.1013,1.6336,0.7519,0.824,0.2877,FOLLOW_ARC
66.4,0.6484,0.8493,-2.0409,-4.1005,1.6353,0.7488,0.8176,0.2887,FOLLOW_ARC
66.42,0.6476,0.8476,-2.0469,-4.0997,1.6369,0.7488,0.8176,0.2897,FOLLOW_ARC
66.44,0.6467,0.846,-2.0529,-4.0989,1.6385,0.7488,0.8176,0.2907,FOLLOW_ARC
66.46,0.6458,0.8443,-2.0589,-4.0981,1.6401,0.7488,0.8176,0.2917,FOLLOW_ARC
66.48,0.645,0.8427,-2.0649,-4.0965,1.6433,0.7488,0.8176,0.2928,FOLLOW_ARC
66.5,0.6441,0.8411,-2.0709,-4.0965,1.6433,0.7447,0.8095,0.2938,FOLLOW_ARC
66.52,0.6432,0.8395,-2.0769,-4.0957,1.6449,0.7447,0.8095,0.2949,FOLLOW_ARC
66.54,0.6423,0.8378,-2.0829,-4.0948,1.6465,0.7447,0.8095,0.2959,FOLLOW_ARC
66.56,0.6414,0.8362,-2.0889,-4.094,1.6481,0.7447,0.8095,0.297,FOLLOW_ARC
66.58,0.6404,0.8346,-2.0949,-4.0931,1.6497,0.7447,0.8095,0.2981,FOLLOW_ARC
66.6,0.6395,0.833,-2.1009,-4.0914,1.6529,0.7403,0.8017,0.2992,FOLLOW_ARC
66.62,0.6386,0.8314,-2.1069,-4.0914,1.6529,0.7403,0.8017,0.3003,FOLLOW_ARC
66.64,0.6376,0.8298,-2.1129,-4.0905,1.6544,0.7403,0.8017,0.3015,FOLLOW_ARC
66.66,0.6367,0.8282,-2.1189,-4.0896,1.656,0.7403,0.8017,0.3026,FOLLOW_ARC
66.68,0.6357,0.8267,-2.1249,-4.0887,1.6575,0.7403,0.8017,0.3038,FOLLOW_ARC
66.7,0.6347,0.8251,-2.1309,-4.0878,1.6591,0.7357,0.7939,0.3049,FOLLOW_ARC
66.72,0.6337,0.8235,-2.1369,-4.0869,1.6606,0.7357,0.7939,0.3061,FOLLOW_ARC
66.74,0.6327,0.822,-2.1429,-4.086,1.6622,0.7357,0.7939,0.3073,FOLLOW_ARC
66.76,0.6317,0.8204,-2.1489,-4.085,1.6637,0.7357,0.7939,0.3085,FOLLOW_ARC
66.78,0.6307,0.8189,-2.1549,-4.0841,1.6652,0.7357,0.7939,0.3097,FOLLOW_ARC
66.8,0.6297,0.8173,-2.1609,-4.0831,1.6668,0.7309,0.7863,0.311,FOLLOW_ARC
66.82,0.6286,0.8158,-2.1669,-4.0821,1.6683,0.7309,0.7863,0.3122,FOLLOW_ARC
66.84,0.6276,0.8143,-2.1729,-4.0812,1.6698,0.7309,0.7863,0.3134,FOLLOW_ARC
66.86,0.6265,0.8127,-2.1789,-4.0802,1.6713,0.7309,0.7863,0.3147,FOLLOW_ARC
66.88,0.6254,0.8112,-2.1849,-4.0792,1.6728,0.7309,0.7863,0.316,FOLLOW_ARC
66.9,0.6244,0.8097,-2.1909,-4.0782,1.6743,0.7259,0.7789,0.3173,FOLLOW_ARC
66.92,0.6233,0.8082,-2.1969,-4.0762,1.6773,0.7259,0.7789,0.3185,FOLLOW_ARC
66.94,0.6222,0.8067,-2.2029,-4.0762,1.6773,0.7259,0.7789,0.3198,FOLLOW_ARC
66.96,0.6211,0.8052,-2.2089,-4.0751,1.6788,0.7259,0.7789,0.3212,FOLLOW_ARC
66.98,0.62,0.8037,-2.2149,-4.0741,1.6802,0.7259,0.7789,0.3225,FOLLOW_ARC
67.0,0.6189,0.8022,-2.2209,-4.072,1.6831,0.7206,0.7716,0.3238,FOLLOW_ARC
67.02,0.6177,0.8008,-2.2269,-4.072,1.6831,0.7206,0.7716,0.3252,FOLLOW_ARC
67.04,0.6166,0.7993,-2.2329,-4.0709,1.6846,0.7206,0.7716,0.3265,FOLLOW_ARC
67.06,0.6155,0.7979,-2.2389,-4.0688,1.6875,0.7206,0.7716,0.3279,FOLLOW_ARC
67.08,0.6143,0.7964,-2.2449,-4.0688,1.6875,0.7206,0.7716,0.3293,FOLLOW_ARC
67.1,0.6131,0.795,-2.2509,-4.0677,1.6889,0.7151,0.7644,0.3306,FOLLOW_ARC
67.12,0.612,0.7935,-2.2569,-4.0655,1.6918,0.7151,0.7644,0.332,FOLLOW_ARC
67.14,0.6108,0.7921,-2.2629,-4.0655,1.6918,0.7151,0.7644,0.3334,FOLLOW_ARC
67.16,0.6096,0.7907,-2.2689,-4.0643,1.6932,0.7151,0.7644,0.3349,FOLLOW_ARC
67.18,0.6084,0.7892,-2.2749,-4.0632,1.6946,0.7151,0.7644,0.3363,FOLLOW_ARC
67.2,0.6072,0.7878,-2.2809,-4.0621,1.696,0.7095,0.7574,0.3377,FOLLOW_ARC
67.22,0.606,0.7864,-2.2869,-4.0609,1.6974,0.7095,0.7574,0.3392,FOLLOW_ARC
67.24,0.6048,0.785,-2.2929,-4.0598,1.6987,0.7095,0.7574,0.3406,FOLLOW_ARC
67.26,0.6035,0.7837,-2.2989,-4.0586,1.7001,0.7095,0.7574,0.3421,FOLLOW_ARC
67.28,0.6023,0.7823,-2.3049,-4.0575,1.7015,0.7095,0.7574,0.3435,FOLLOW_ARC
67.302,0.6011,0.7809,-2.3109,-4.0563,1.7029,0.7036,0.7506,0.345,FOLLOW_ARC
67.32,0.5998,0.7795,-2.3169,-4.0539,1.7056,0.7036,0.7506,0.3465,FOLLOW_ARC
67.34,0.5985,0.7782,-2.3229,-4.0539,1.7056,0.7036,0.7506,0.348,FOLLOW_ARC
67.36,0.5973,0.7768,-2.3289,-4.0527,1.7069,0.7036,0.7506,0.3495,FOLLOW_ARC
67.38,0.596,0.7755,-2.3349,-4.0515,1.7082,0.7036,0.7506,0.351,FOLLOW_ARC
67.4,0.5947,0.7742,-2.3409,-4.0503,1.7096,0.6975,0.744,0.3525,FOLLOW_ARC
67.42,0.5934,0.7728,-2.3469,-4.0491,1.7109,0.6975,0.744,0.354,FOLLOW_ARC
67.44,0.5921,0.7715,-2.3529,-4.0478,1.7122,0.6975,0.744,0.3556,FOLLOW_ARC
67.46,0.5908,0.7702,-2.3589,-4.0454,1.7148,0.6975,0.744,0.3571,FOLLOW_ARC
67.48,0.5895,0.7689,-2.3649,-4.0454,1.7148,0.6975,0.744,0.3587,FOLLOW_ARC
67.5,0.5881,0.7676,-2.3709,-4.0441,1.7161,0.6912,0.7376,0.3602,FOLLOW_ARC
67.52,0.5868,0.7663,-2.3769,-4.0428,1.7174,0.6912,0.7376,0.3618,FOLLOW_ARC
67.54,0.5855,0.765,-2.3829,-4.0403,1.7199,0.6912,0.7376,0.3634,FOLLOW_ARC
67.56,0.5841,0.7638,-2.3889,-4.0403,1.7199,0.6912,0.7376,0.3649,FOLLOW_ARC
67.58,0.5828,0.7625,-2.3949,-4.0377,1.7224,0.6912,0.7376,0.3665,FOLLOW_ARC
67.6,0.5814,0.7613,-2.4009,-4.0377,1.7224,0.6847,0.7313,0.3681,FOLLOW_ARC
67.62,0.58,0.76,-2.4069,-4.0364,1.7237,0.6847,0.7313,0.3697,FOLLOW_ARC
67.64,0.5786,0.7588,-2.4129,-4.0351,1.7249,0.6847,0.7313,0.3713,FOLLOW_ARC
67.66,0.5772,0.7575,-2.4189,-4.0325,1.7274,0.6847,0.7313,0.373,FOLLOW_ARC
67.68,0.5759,0.7563,-2.4249,-4.0325,1.7274,0.6847,0.7313,0.3746,FOLLOW_ARC
67.7,0.5745,0.7551,-2.4309,-4.0298,1.7298,0.678,0.7253,0.3762,FOLLOW_ARC
67.72,0.573,0.7539,-2.4369,-4.0298,1.7298,0.678,0.7253,0.3778,FOLLOW_ARC
67.74,0.5716,0.7527,-2.4429,-4.0285,1.731,0.678,0.7253,0.3795,FOLLOW_ARC
67.76,0.5702,0.7515,-2.4489,-4.0271,1.7322,0.678,0.7253,0.3811,FOLLOW_ARC
67.78,0.5688,0.7503,-2.4549,-4.0258,1.7334,0.678,0.7253,0.3828,FOLLOW_ARC
67.8,0.5673,0.7492,-2.4609,-4.023,1.7357,0.6698,0.7183,0.3844,FOLLOW_ARC
67.82,0.5659,0.748,-2.4669,-4.0216,1.7368,0.6698,0.7183,0.3861,FOLLOW_ARC
67.84,0.5644,0.7469,-2.4729,-4.0216,1.7368,0.6698,0.7183,0.3878,FOLLOW_ARC
67.86,0.563,0.7457,-2.4789,-4.0203,1.738,0.6698,0.7183,0.3895,FOLLOW_ARC
67.88,0.5615,0.7446,-2.4849,-4.0189,1.7391,0.6698,0.7183,0.3911,FOLLOW_ARC
67.9,0.56,0.7435,-2.4909,-4.0161,1.7414,0.6642,0.7138,0.3928,FOLLOW_ARC
67.92,0.5586,0.7423,-2.4969,-4.0161,1.7414,0.6642,0.7138,0.3945,FOLLOW_ARC
67.94,0.5571,0.7412,-2.5029,-4.0146,1.7425,0.6642,0.7138,0.3962,FOLLOW_ARC
67.96,0.5556,0.7401,-2.5089,-4.0118,1.7447,0.6642,0.7138,0.3966,FOLLOW_ARC
67.98,0.5541,0.739,-2.5149,-4.0104,1.7458,0.657,0.7084,0.3947,FOLLOW_ARC
68.0,0.5526,0.738,-2.5209,-4.0104,1.7458,0.657,0.7084,0.3928,FOLLOW_ARC
68.02,0.5511,0.7369,-2.5269,-4.0089,1.7469,0.657,0.7084,0.391,FOLLOW_ARC
68.04,0.5495,0.7358,-2.5329,-4.0075,1.7479,0.657,0.7084,0.3891,FOLLOW_ARC
68.06,0.548,0.7348,-2.5389,-4.006,1.749,0.657,0.7084,0.3873,FOLLOW_ARC
68.08,0.5465,0.7337,-2.5449,-4.0046,1.7501,0.657,0.7084,0.3854,FOLLOW_ARC
68.1,0.545,0.7327,-2.5509,-4.0031,1.7511,0.6496,0.7032,0.3835,FOLLOW_ARC
68.12,0.5434,0.7317,-2.5569,-4.0016,1.7521,0.6496,0.7032,0.3817,FOLLOW_ARC
68.14,0.5419,0.7306,-2.5629,-4.0001,1.7532,0.6496,0.7032,0.3798,FOLLOW_ARC
68.16,0.5403,0.7296,-2.5689,-3.9972,1.7552,0.6496,0.7032,0.378,FOLLOW_ARC
68.18,0.5387,0.7286,-2.5749,-3.9957,1.7562,0.6496,0.7032,0.3761,FOLLOW_ARC
68.2,0.5372,0.7276,-2.5809,-3.9957,1.7562,0.6421,0.6982,0.3743,FOLLOW_ARC
68.22,0.5356,0.7267,-2.5869,-3.9942,1.7572,0.6421,0.6982,0.3724,FOLLOW_ARC
68.24,0.534,0.7257,-2.5929,-3.9927,1.7582,0.6421,0.6982,0.3706,FOLLOW_ARC
68.26,0.5324,0.7247,-2.5989,-3.9912,1.7592,0.6421,0.6982,0.3687,FOLLOW_ARC
68.28,0.5308,0.7238,-2.6049,-3.9896,1.7601,0.6421,0.6982,0.3669,FOLLOW_ARC
68.3,0.5292,0.7228,-2.6109,-3.9866,1.762,0.6345,0.6935,0.365,FOLLOW_ARC
68.32,0.5276,0.7219,-2.6169,-3.9866,1.762,0.6345,0.6935,0.3632,FOLLOW_ARC
68.34,0.526,0.721,-2.6229,-3.985,1.763,0.6345,0.6935,0.3613,FOLLOW_ARC
68.36,0.5244,0.7201,-2.6289,-3.9835,1.7639,0.6345,0.6935,0.3595,FOLLOW_ARC
68.38,0.5228,0.7192,-2.6349,-3.982,1.7648,0.6345,0.6935,0.3576,FOLLOW_ARC
68.4,0.5212,0.7183,-2.6409,-3.9804,1.7657,0.6267,0.6889,0.3558,FOLLOW_ARC
68.42,0.5196,0.7174,-2.6469,-3.9788,1.7666,0.6267,0.6889,0.354,FOLLOW_ARC
68.44,0.5179,0.7165,-2.6529,-3.9773,1.7675,0.6267,0.6889,0.3521,FOLLOW_ARC
68.46,0.5163,0.7157,-2.6589,-3.9757,1.7684,0.6267,0.6889,0.3503,FOLLOW_ARC
68.48,0.5146,0.7148,-2.6649,-3.9725,1.7701,0.6267,0.6889,0.3485,FOLLOW_ARC
68.5,0.513,0.714,-2.6709,-3.9725,1.7701,0.6172,0.6838,0.3466,FOLLOW_ARC
68.52,0.5113,0.7131,-2.6769,-3.971,1.771,0.6172,0.6838,0.3448,FOLLOW_ARC
68.54,0.5097,0.7123,-2.6829,-3.9694,1.7718,0.6172,0.6838,0.343,FOLLOW_ARC
68.56,0.508,0.7115,-2.6889,-3.9678,1.7727,0.6172,0.6838,0.3412,FOLLOW_ARC
68.58,0.5063,0.7107,-2.6949,-3.9646,1.7743,0.6108,0.6806,0.3394,FOLLOW_ARC
68.6,0.5047,0.7099,-2.7009,-3.963,1.7751,0.6108,0.6806,0.3375,FOLLOW_ARC
68.62,0.503,0.7091,-2.7069,-3.963,1.7751,0.6108,0.6806,0.3357,FOLLOW_ARC
68.64,0.5013,0.7083,-2.7129,-3.9613,1.7759,0.6108,0.6806,0.3339,FOLLOW_ARC
68.66,0.4996,0.7076,-2.7189,-3.9581,1.7775,0.6108,0.6806,0.3321,FOLLOW_ARC
68.68,0.4979,0.7068,-2.7249,-3.9581,1.7775,0.6108,0.6806,0.3303,FOLLOW_ARC
68.7,0.4962,0.7061,-2.7309,-3.9565,1.7782,0.6026,0.6768,0.3285,FOLLOW_ARC
68.72,0.4945,0.7053,-2.7369,-3.9532,1.7797,0.6026,0.6768,0.3267,FOLLOW_ARC
68.74,0.4928,0.7046,-2.7429,-3.9532,1.7797,0.6026,0.6768,0.3249,FOLLOW_ARC
68.76,0.4911,0.7039,-2.7489,-3.9516,1.7805,0.6026,0.6768,0.3231,FOLLOW_ARC
68.78,0.4894,0.7032,-2.7549,-3.9499,1.7812,0.6026,0.6768,0.3213,FOLLOW_ARC
68.8,0.4877,0.7025,-2.7609,-3.9466,1.7826,0.5943,0.6732,0.3196,FOLLOW_ARC
68.82,0.4859,0.7018,-2.7669,-3.9466,1.7826,0.5943,0.6732,0.3178,FOLLOW_ARC
68.84,0.4842,0.7011,-2.7729,-3.9433,1.784,0.5943,0.6732,0.316,FOLLOW_ARC
68.86,0.4825,0.7005,-2.7789,-3.9433,1.784,0.5943,0.6732,0.3142,FOLLOW_ARC
68.88,0.4807,0.6998,-2.7849,-3.9416,1.7847,0.5943,0.6732,0.3125,FOLLOW_ARC
68.9,0.479,0.6992,-2.7909,-3.9399,1.7853,0.586,0.6699,0.3107,FOLLOW_ARC
68.92,0.4773,0.6986,-2.7969,-3.9383,1.786,0.586,0.6699,0.3089,FOLLOW_ARC
68.94,0.4755,0.6979,-2.8029,-3.9349,1.7873,0.586,0.6699,0.3072,FOLLOW_ARC
68.96,0.4738,0.6973,-2.8089,-3.9349,1.7873,0.586,0.6699,0.3054,FOLLOW_ARC
68.98,0.472,0.6967,-2.8149,-3.9332,1.7879,0.586,0.6699,0.3037,FOLLOW_ARC
69.0,0.4702,0.6961,-2.8209,-3.9315,1.7885,0.5775,0.6669,0.302,FOLLOW_ARC
69.02,0.4685,0.6956,-2.8269,-3.9298,1.7891,0.5775,0.6669,0.3002,FOLLOW_ARC
69.04,0.4667,0.695,-2.8329,-3.9281,1.7897,0.5775,0.6669,0.2985,FOLLOW_ARC
69.06,0.465,0.6944,-2.8389,-3.9247,1.7909,0.5775,0.6669,0.2968,FOLLOW_ARC
69.08,0.4632,0.6939,-2.8449,-3.9247,1.7909,0.5775,0.6669,0.295,FOLLOW_ARC
69.1,0.4614,0.6933,-2.8509,-3.923,1.7915,0.569,0.6641,0.2933,FOLLOW_ARC
69.12,0.4596,0.6928,-2.8569,-3.9213,1.792,0.569,0.6641,0.2916,FOLLOW_ARC
69.14,0.4578,0.6923,-2.8629,-3.9196,1.7926,0.569,0.6641,0.2899,FOLLOW_ARC
69.16,0.4561,0.6918,-2.8689,-3.9162,1.7936,0.569,0.6641,0.2882,FOLLOW_ARC
69.18,0.4543,0.6913,-2.8749,-3.9162,1.7936,0.569,0.6641,0.2865,FOLLOW_ARC
69.2,0.4525,0.6908,-2.8809,-3.9144,1.7941,0.5603,0.6615,0.2848,FOLLOW_ARC
69.22,0.4507,0.6904,-2.8869,-3.9127,1.7946,0.5603,0.6615,0.2831,FOLLOW_ARC
69.24,0.4489,0.6899,-2.8929,-3.911,1.7951,0.5603,0.6615,0.2814,FOLLOW_ARC
69.26,0.4471,0.6895,-2.8989,-3.9092,1.7956,0.5603,0.6615,0.2798,FOLLOW_ARC
69.28,0.4453,0.689,-2.9049,-3.9075,1.7961,0.5603,0.6615,0.2781,FOLLOW_ARC
69.3,0.4435,0.6886,-2.9109,-3.904,1.797,0.5499,0.6588,0.2764,FOLLOW_ARC
69.32,0.4417,0.6882,-2.9169,-3.904,1.797,0.5499,0.6588,0.2748,FOLLOW_ARC
69.34,0.4399,0.6878,-2.9229,-3.9023,1.7974,0.5499,0.6588,0.2731,FOLLOW_ARC
69.36,0.4381,0.6874,-2.9289,-3.8988,1.7983,0.5499,0.6588,0.2715,FOLLOW_ARC
69.38,0.4363,0.687,-2.9349,-3.8988,1.7983,0.5429,0.6572,0.2699,FOLLOW_ARC
69.4,0.4344,0.6866,-2.9409,-3.897,1.7987,0.5429,0.6572,0.2682,FOLLOW_ARC
69.42,0.4326,0.6862,-2.9469,-3.8953,1.7991,0.5429,0.6572,0.2666,FOLLOW_ARC
69.44,0.4308,0.6859,-2.9529,-3.8935,1.7995,0.5429,0.6572,0.265,FOLLOW_ARC
69.46,0.429,0.6856,-2.9589,-3.8917,1.7999,0.5429,0.6572,0.2634,FOLLOW_ARC
69.48,0.4272,0.6852,-2.9649,-3.89,1.8002,0.5429,0.6572,0.2618,FOLLOW_ARC
69.5,0.4253,0.6849,-2.9709,-3.8865,1.8009,0.534,0.6555,0.2602,FOLLOW_ARC
69.52,0.4235,0.6846,-2.9769,-3.8865,1.8009,0.534,0.6555,0.2586,FOLLOW_ARC
69.54,0.4217,0.6843,-2.9829,-3.8847,1.8013,0.534,0.6555,0.257,FOLLOW_ARC
69.56,0.4198,0.684,-2.9889,-3.8811,1.8019,0.534,0.6555,0.2554,FOLLOW_ARC
69.58,0.418,0.6837,-2.9949,-3.8811,1.8019,0.534,0.6555,0.2539,FOLLOW_ARC
69.6,0.4162,0.6835,-3.0009,-3.8794,1.8022,0.5252,0.654,0.2523,FOLLOW_ARC
69.62,0.4143,0.6832,-3.0069,-3.8758,1.8028,0.5252,0.654,0.2508,FOLLOW_ARC
69.64,0.4125,0.683,-3.0129,-3.8758,1.8028,0.5252,0.654,0.2492,FOLLOW_ARC
69.66,0.4107,0.6827,-3.0189,-3.874,1.8031,0.5252,0.654,0.2477,FOLLOW_ARC
69.68,0.4088,0.6825,-3.0249,-3.8723,1.8033,0.5252,0.654,0.2462,FOLLOW_ARC
69.698,0.407,0.6823,-3.0309,-3.8705,1.8036,0.5162,0.6527,0.2447,FOLLOW_ARC
69.72,0.4051,0.6821,-3.0369,-3.8687,1.8038,0.5162,0.6527,0.2431,FOLLOW_ARC
69.74,0.4033,0.6819,-3.0429,-3.8669,1.804,0.5162,0.6527,0.2416,FOLLOW_ARC
69.76,0.4014,0.6818,-3.0489,-3.8651,1.8043,0.5162,0.6527,0.2402,FOLLOW_ARC
69.78,0.3996,0.6816,-3.0549,-3.8633,1.8045,0.5162,0.6527,0.2387,FOLLOW_ARC
69.8,0.3977,0.6814,-3.0609,-3.8615,1.8047,0.5073,0.6518,0.2372,FOLLOW_ARC
69.82,0.3959,0.6813,-3.0669,-3.8597,1.8048,0.5073,0.6518,0.2357,FOLLOW_ARC
69.84,0.394,0.6812,-3.0729,-3.858,1.805,0.5073,0.6518,0.2343,FOLLOW_ARC
69.86,0.3922,0.681,-3.0789,-3.8562,1.8052,0.5073,0.6518,0.2328,FOLLOW_ARC
69.88,0.3903,0.6809,-3.0849,-3.8544,1.8053,0.5073,0.6518,0.2314,FOLLOW_ARC
69.9,0.3885,0.6808,-3.0909,-3.8526,1.8055,0.4983,0.6511,0.23,FOLLOW_ARC
69.92,0.3866,0.6807,-3.0969,-3.849,1.8057,0.4983,0.6511,0.2285,FOLLOW_ARC
69.94,0.3848,0.6807,-3.1029,-3.849,1.8057,0.4983,0.6511,0.2271,FOLLOW_ARC
69.96,0.3829,0.6806,-3.1089,-3.8454,1.806,0.4983,0.6511,0.2257,FOLLOW_ARC
69.98,0.3811,0.6805,-3.1149,-3.8454,1.806,0.4983,0.6511,0.2243,FOLLOW_ARC
70.0,0.3792,0.6805,-3.1209,-3.8436,1.806,0.4893,0.6507,0.223,FOLLOW_ARC
70.02,0.3774,0.6805,-3.1269,-3.8418,1.8061,0.4893,0.6507,0.2216,FOLLOW_ARC
70.04,0.3755,0.6805,-3.1329,-3.84,1.8062,0.4893,0.6507,0.2202,FOLLOW_ARC
70.06,0.3737,0.6804,-3.1389,-3.8382,1.8062,0.4893,0.6507,0.2189,FOLLOW_ARC
70.08,0.3718,0.6804,3.1382,-3.8364,1.8063,0.4803,0.6505,0.2175,FOLLOW_ARC
70.1,0.37,0.6805,3.1322,-3.8328,1.8064,0.4803,0.6505,0.2162,FOLLOW_ARC
70.12,0.3681,0.6805,3.1262,-3.831,1.8064,0.4803,0.6505,0.2149,FOLLOW_ARC
70.14,0.3663,0.6805,3.1202,-3.831,1.8064,0.4803,0.6505,0.2136,FOLLOW_ARC
70.16,0.3644,0.6806,3.1142,-3.8292,1.8064,0.4803,0.6505,0.2123,FOLLOW_ARC
70.18,0.3626,0.6806,3.1082,-3.8274,1.8064,0.4803,0.6505,0.211,FOLLOW_ARC
70.2,0.3607,0.6807,3.1022,-3.8256,1.8063,0.4713,0.6506,0.2097,FOLLOW_ARC
70.22,0.3588,0.6808,3.0962,-3.8238,1.8063,0.4713,0.6506,0.2085,FOLLOW_ARC
70.24,0.357,0.6809,3.0902,-3.822,1.8063,0.4713,0.6506,0.2072,FOLLOW_ARC
70.26,0.3551,0.681,3.0842,-3.8202,1.8062,0.4713,0.6506,0.206,FOLLOW_ARC
70.28,0.3533,0.6811,3.0782,-3.8184,1.8062,0.4713,0.6506,0.2047,FOLLOW_ARC
70.3,0.3514,0.6812,3.0722,-3.8166,1.8061,0.4623,0.651,0.2035,FOLLOW_ARC
70.32,0.3496,0.6813,3.0662,-3.8148,1.806,0.4623,0.651,0.2023,FOLLOW_ARC
70.34,0.3477,0.6815,3.0602,-3.813,1.8059,0.4623,0.651,0.2011,FOLLOW_ARC
70.36,0.3459,0.6816,3.0542,-3.8112,1.8058,0.4623,0.651,0.1999,FOLLOW_ARC
70.38,0.3441,0.6818,3.0482,-3.8094,1.8057,0.4623,0.651,0.1988,FOLLOW_ARC
70.4,0.3422,0.682,3.0422,-3.8076,1.8056,0.4534,0.6517,0.1976,FOLLOW_ARC
70.42,0.3404,0.6822,3.0362,-3.804,1.8053,0.4534,0.6517,0.1965,FOLLOW_ARC
70.44,0.3385,0.6824,3.0302,-3.8022,1.8051,0.4534,0.6517,0.1953,FOLLOW_ARC
70.46,0.3367,0.6826,3.0242,-3.8022,1.8051,0.4534,0.6517,0.1942,FOLLOW_ARC
70.48,0.3348,0.6828,3.0182,-3.8004,1.8049,0.4534,0.6517,0.1931,FOLLOW_ARC
70.5,0.333,0.6831,3.0122,-3.7987,1.8048,0.4426,0.6528,0.192,FOLLOW_ARC
70.52,0.3312,0.6833,3.0062,-3.7969,1.8046,0.4426,0.6528,0.1909,FOLLOW_ARC
70.54,0.3293,0.6836,3.0002,-3.7951,1.8044,0.4426,0.6528,0.1898,FOLLOW_ARC
70.56,0.3275,0.6838,2.9942,-3.7933,1.8042,0.4426,0.6528,0.1888,FOLLOW_ARC
70.58,0.3257,0.6841,2.9882,-3.7915,1.8039,0.4426,0.6528,0.1877,FOLLOW_ARC
70.6,0.3238,0.6844,2.9822,-3.7897,1.8037,0.4355,0.6538,0.1867,FOLLOW_ARC
70.62,0.322,0.6847,2.9762,-3.7879,1.8035,0.4355,0.6538,0.1857,FOLLOW_ARC
70.64,0.3202,0.685,2.9702,-3.7862,1.8032,0.4355,0.6538,0.1847,FOLLOW_ARC
70.66,0.3183,0.6853,2.9642,-3.7844,1.8029,0.4355,0.6538,0.1837,FOLLOW_ARC
70.68,0.3165,0.6857,2.9582,-3.7826,1.8027,0.4355,0.6538,0.1827,FOLLOW_ARC
70.7,0.3147,0.686,2.9522,-3.7808,1.8024,0.4266,0.6553,0.1818,FOLLOW_ARC
70.72,0.3129,0.6864,2.9462,-3.779,1.8021,0.4266,0.6553,0.1808,FOLLOW_ARC
70.74,0.3111,0.6867,2.9402,-3.7773,1.8018,0.4266,0.6553,0.1799,FOLLOW_ARC
70.76,0.3092,0.6871,2.9342,-3.7755,1.8014,0.4266,0.6553,0.179,FOLLOW_ARC
70.78,0.3074,0.6875,2.9282,-3.7737,1.8011,0.4266,0.6553,0.1781,FOLLOW_ARC
70.8,0.3056,0.6879,2.9222,-3.772,1.8008,0.4178,0.657,0.1772,FOLLOW_ARC
70.82,0.3038,0.6883,2.9162,-3.7702,1.8004,0.4178,0.657,0.1763,FOLLOW_ARC
70.84,0.302,0.6887,2.9102,-3.7667,1.7997,0.4178,0.657,0.1754,FOLLOW_ARC
70.86,0.3002,0.6892,2.9042,-3.7667,1.7997,0.4178,0.657,0.1746,FOLLOW_ARC
70.88,0.2984,0.6896,2.8982,-3.7649,1.7993,0.409,0.659,0.1737,FOLLOW_ARC
70.9,0.2966,0.69,2.8922,-3.7632,1.7989,0.409,0.659,0.1729,FOLLOW_ARC
70.92,0.2948,0.6905,2.8862,-3.7614,1.7985,0.409,0.659,0.1721,FOLLOW_ARC
70.938,0.293,0.691,2.8802,-3.7597,1.7981,0.409,0.659,0.1713,FOLLOW_ARC
70.96,0.2912,0.6915,2.8742,-3.7579,1.7977,0.409,0.659,0.1706,FOLLOW_ARC
70.98,0.2895,0.692,2.8682,-3.7562,1.7972,0.409,0.659,0.1698,FOLLOW_ARC
71.0,0.2877,0.6925,2.8622,-3.7544,1.7968,0.3986,0.6617,0.1691,FOLLOW_ARC
71.02,0.2859,0.693,2.8562,-3.7509,1.7959,0.3986,0.6617,0.1683,FOLLOW_ARC
71.04,0.2841,0.6935,2.8502,-3.7509,1.7959,0.3986,0.6617,0.1676,FOLLOW_ARC
71.06,0.2823,0.6941,2.8442,-3.7492,1.7954,0.3986,0.6617,0.1669,FOLLOW_ARC
71.08,0.2806,0.6946,2.8382,-3.7475,1.7949,0.3986,0.6617,0.1662,FOLLOW_ARC
71.1,0.2788,0.6952,2.8322,-3.7457,1.7944,0.3916,0.6638,0.1656,FOLLOW_ARC
71.12,0.277,0.6957,2.8262,-3.744,1.7939,0.3916,0.6638,0.1649,FOLLOW_ARC
71.14,0.2753,0.6963,2.8202,-3.7423,1.7934,0.3916,0.6638,0.1643,FOLLOW_ARC
71.16,0.2735,0.6969,2.8142,-3.7406,1.7929,0.3916,0.6638,0.1637,FOLLOW_ARC
71.18,0.2718,0.6975,2.8082,-3.7388,1.7923,0.3916,0.6638,0.1631,FOLLOW_ARC
71.2,0.27,0.6981,2.8022,-3.7371,1.7918,0.3831,0.6666,0.1625,FOLLOW_ARC
71.22,0.2683,0.6988,2.7962,-3.7354,1.7912,0.3831,0.6666,0.1619,FOLLOW_ARC
71.24,0.2665,0.6994,2.7902,-3.7337,1.7906,0.3831,0.6666,0.1614,FOLLOW_ARC
71.26,0.2648,0.7,2.7842,-3.7303,1.7895,0.3831,0.6666,0.1608,FOLLOW_ARC
71.28,0.2631,0.7007,2.7782,-3.7286,1.7889,0.3729,0.6702,0.1603,FOLLOW_ARC
71.3,0.2613,0.7014,2.7722,-3.7286,1.7889,0.3729,0.6702,0.1598,FOLLOW_ARC
71.32,0.2596,0.702,2.7662,-3.7269,1.7882,0.3729,0.6702,0.1593,FOLLOW_ARC
71.34,0.2579,0.7027,2.7602,-3.7235,1.787,0.3729,0.6702,0.1588,FOLLOW_ARC
71.36,0.2562,0.7034,2.7542,-3.7235,1.787,0.3729,0.6702,0.1584,FOLLOW_ARC
71.38,0.2544,0.7041,2.7482,-3.7219,1.7864,0.3729,0.6702,0.158,FOLLOW_ARC
71.4,0.2527,0.7048,2.7422,-3.7202,1.7857,0.3662,0.6729,0.1575,FOLLOW_ARC
71.42,0.251,0.7056,2.7362,-3.7185,1.785,0.3662,0.6729,0.1571,FOLLOW_ARC
71.44,0.2493,0.7063,2.7302,-3.7168,1.7844,0.3662,0.6729,0.1567,FOLLOW_ARC
71.46,0.2476,0.707,2.7242,-3.7152,1.7837,0.3662,0.6729,0.1564,FOLLOW_ARC
71.48,0.2459,0.7078,2.7182,-3.7135,1.783,0.3662,0.6729,0.156,FOLLOW_ARC
71.5,0.2443,0.7086,2.7122,-3.7102,1.7816,0.358,0.6764,0.1557,FOLLOW_ARC
71.52,0.2426,0.7093,2.7062,-3.7102,1.7816,0.358,0.6764,0.1554,FOLLOW_ARC
71.54,0.2409,0.7101,2.7002,-3.7086,1.7809,0.358,0.6764,0.1551,FOLLOW_ARC
71.56,0.2392,0.7109,2.6942,-3.7069,1.7801,0.358,0.6764,0.1548,FOLLOW_ARC
71.58,0.2375,0.7117,2.6882,-3.7053,1.7794,0.358,0.6764,0.1545,FOLLOW_ARC
71.6,0.2359,0.7126,2.6822,-3.702,1.7779,0.3498,0.6802,0.1542,FOLLOW_ARC
71.62,0.2342,0.7134,2.6762,-3.702,1.7779,0.3498,0.6802,0.154,FOLLOW_ARC
71.64,0.2326,0.7142,2.6702,-3.7004,1.7771,0.3498,0.6802,0.1538,FOLLOW_ARC
71.66,0.2309,0.7151,2.6642,-3.6988,1.7763,0.3498,0.6802,0.1536,FOLLOW_ARC
71.68,0.2293,0.7159,2.6582,-3.6971,1.7755,0.3498,0.6802,0.1534,FOLLOW_ARC
71.7,0.2276,0.7168,2.6522,-3.6955,1.7747,0.3417,0.6842,0.1532,FOLLOW_ARC
71.72,0.226,0.7177,2.6462,-3.6939,1.7739,0.3417,0.6842,0.1531,FOLLOW_ARC
71.74,0.2244,0.7186,2.6402,-3.6923,1.7731,0.3417,0.6842,0.153,FOLLOW_ARC
71.76,0.2228,0.7195,2.6342,-3.6891,1.7714,0.3417,0.6842,0.1528,FOLLOW_ARC
71.78,0.2211,0.7204,2.6282,-3.6891,1.7714,0.3417,0.6842,0.1527,FOLLOW_ARC
71.8,0.2195,0.7213,2.6222,-3.6875,1.7706,0.3338,0.6885,0.1527,FOLLOW_ARC
71.82,0.2179,0.7222,2.6162,-3.6859,1.7697,0.3338,0.6885,0.1526,FOLLOW_ARC
71.84,0.2163,0.7231,2.6102,-3.6844,1.7689,0.3338,0.6885,0.1526,FOLLOW_ARC
71.86,0.2147,0.7241,2.6042,-3.6828,1.768,0.3338,0.6885,0.1525,FOLLOW_ARC
71.88,0.2131,0.725,2.5982,-3.6797,1.7662,0.326,0.693,0.1525,FOLLOW_ARC
71.9,0.2116,0.726,2.5922,-3.6797,1.7662,0.326,0.693,0.1525,FOLLOW_ARC
71.92,0.21,0.727,2.5862,-3.6781,1.7653,0.326,0.693,0.1525,FOLLOW_ARC
71.94,0.2084,0.728,2.5802,-3.675,1.7635,0.326,0.693,0.1526,FOLLOW_ARC
71.96,0.2068,0.729,2.5742,-3.675,1.7635,0.326,0.693,0.1526,FOLLOW_ARC
71.98,0.2053,0.73,2.5682,-3.6735,1.7625,0.326,0.693,0.1527,FOLLOW_ARC
72.0,0.2037,0.731,2.5622,-3.6719,1.7616,0.3184,0.6977,0.1528,FOLLOW_ARC
72.02,0.2022,0.732,2.5562,-3.6704,1.7607,0.3184,0.6977,0.1529,FOLLOW_ARC
72.04,0.2006,0.733,2.5502,-3.6674,1.7587,0.3184,0.6977,0.1531,FOLLOW_ARC
72.058,0.1991,0.7341,2.5442,-3.6674,1.7587,0.3184,0.6977,0.1532,FOLLOW_ARC
72.08,0.1976,0.7351,2.5382,-3.6659,1.7577,0.3184,0.6977,0.1534,FOLLOW_ARC
72.1,0.1961,0.7362,2.5322,-3.6644,1.7568,0.3108,0.7026,0.1535,FOLLOW_ARC
72.12,0.1945,0.7372,2.5262,-3.6614,1.7548,0.3108,0.7026,0.1537,FOLLOW_ARC
72.14,0.193,0.7383,2.5202,-3.6614,1.7548,0.3108,0.7026,0.154,FOLLOW_ARC
72.16,0.1915,0.7394,2.5142,-3.6584,1.7527,0.3108,0.7026,0.1542,FOLLOW_ARC
72.18,0.19,0.7405,2.5082,-3.6584,1.7527,0.3108,0.7026,0.1544,FOLLOW_ARC
72.2,0.1885,0.7416,2.5022,-3.6569,1.7517,0.3035,0.7078,0.1547,FOLLOW_ARC
72.22,0.1871,0.7427,2.4962,-3.6555,1.7506,0.3035,0.7078,0.155,FOLLOW_ARC
72.24,0.1856,0.7438,2.4902,-3.654,1.7496,0.3035,0.7078,0.1553,FOLLOW_ARC
72.26,0.1841,0.7449,2.4842,-3.6511,1.7475,0.3035,0.7078,0.1556,FOLLOW_ARC
72.28,0.1826,0.7461,2.4782,-3.6511,1.7475,0.3035,0.7078,0.1559,FOLLOW_ARC
72.3,0.1812,0.7472,2.4722,-3.6496,1.7464,0.2949,0.7143,0.1563,FOLLOW_ARC
72.32,0.1797,0.7484,2.4662,-3.6482,1.7453,0.2949,0.7143,0.1567,FOLLOW_ARC
72.34,0.1783,0.7496,2.4602,-3.6468,1.7442,0.2949,0.7143,0.157,FOLLOW_ARC
72.36,0.1769,0.7507,2.4542,-3.6439,1.742,0.2949,0.7143,0.1574,FOLLOW_ARC
72.38,0.1754,0.7519,2.4482,-3.6439,1.742,0.2949,0.7143,0.1579,FOLLOW_ARC
72.4,0.174,0.7531,2.4422,-3.6425,1.7409,0.2892,0.7188,0.1583,FOLLOW_ARC
72.42,0.1726,0.7543,2.4362,-3.6411,1.7398,0.2892,0.7188,0.1587,FOLLOW_ARC
72.44,0.1712,0.7555,2.4302,-3.6397,1.7386,0.2892,0.7188,0.1592,FOLLOW_ARC
72.46,0.1698,0.7567,2.4242,-3.6383,1.7375,0.2892,0.7188,0.1597,FOLLOW_ARC
72.48,0.1684,0.7579,2.4182,-3.6369,1.7363,0.2892,0.7188,0.1602,FOLLOW_ARC
72.502,0.167,0.7592,2.4122,-3.6356,1.7352,0.2824,0.7247,0.1607,FOLLOW_ARC
72.52,0.1656,0.7604,2.4062,-3.6342,1.734,0.2824,0.7247,0.1612,FOLLOW_ARC
72.54,0.1643,0.7617,2.4002,-3.6328,1.7328,0.2824,0.7247,0.1618,FOLLOW_ARC
72.56,0.1629,0.7629,2.3942,-3.6301,1.7305,0.2824,0.7247,0.1624,FOLLOW_ARC
72.58,0.1615,0.7642,2.3882,-3.6301,1.7305,0.2824,0.7247,0.1629,FOLLOW_ARC
72.6,0.1602,0.7655,2.3822,-3.6288,1.7293,0.2757,0.7307,0.1635,FOLLOW_ARC
72.62,0.1589,0.7667,2.3762,-3.6275,1.728,0.2757,0.7307,0.1642,FOLLOW_ARC
72.64,0.1575,0.768,2.3702,-3.6261,1.7268,0.2757,0.7307,0.1648,FOLLOW_ARC
72.66,0.1562,0.7693,2.3642,-3.6248,1.7256,0.2757,0.7307,0.1654,FOLLOW_ARC
72.68,0.1549,0.7706,2.3582,-3.6235,1.7244,0.2757,0.7307,0.1661,FOLLOW_ARC
72.7,0.1536,0.7719,2.3522,-3.6222,1.7231,0.2692,0.7369,0.1668,FOLLOW_ARC
72.72,0.1523,0.7733,2.3462,-3.6209,1.7219,0.2692,0.7369,0.1675,FOLLOW_ARC
72.74,0.151,0.7746,2.3402,-3.6196,1.7206,0.2692,0.7369,0.1682,FOLLOW_ARC
72.76,0.1497,0.7759,2.3342,-3.6183,1.7194,0.2692,0.7369,0.1689,FOLLOW_ARC
72.78,0.1484,0.7773,2.3282,-3.6158,1.7168,0.2692,0.7369,0.1696,FOLLOW_ARC
72.8,0.1471,0.7786,2.3222,-3.6145,1.7155,0.2616,0.7446,0.1704,FOLLOW_ARC
72.82,0.1459,0.78,2.3162,-3.6145,1.7155,0.2616,0.7446,0.1712,FOLLOW_ARC
72.84,0.1446,0.7813,2.3102,-3.6133,1.7142,0.2616,0.7446,0.1719,FOLLOW_ARC
72.86,0.1434,0.7827,2.3042,-3.612,1.7129,0.2616,0.7446,0.1727,FOLLOW_ARC
72.88,0.1422,0.7841,2.2982,-3.6096,1.7103,0.2616,0.7446,0.1736,FOLLOW_ARC
72.9,0.1409,0.7855,2.2922,-3.6096,1.7103,0.2568,0.7499,0.1744,FOLLOW_ARC
72.92,0.1397,0.7869,2.2862,-3.6084,1.709,0.2568,0.7499,0.1752,FOLLOW_ARC
72.94,0.1385,0.7883,2.2802,-3.6071,1.7076,0.2568,0.7499,0.1761,FOLLOW_ARC
72.96,0.1373,0.7897,2.2742,-3.6059,1.7063,0.2568,0.7499,0.177,FOLLOW_ARC
72.98,0.1361,0.7911,2.2682,-3.6047,1.705,0.2568,0.7499,0.1779,FOLLOW_ARC
73.0,0.1349,0.7925,2.2622,-3.6024,1.7023,0.2508,0.7567,0.1788,FOLLOW_ARC
73.02,0.1337,0.794,2.2562,-3.6024,1.7023,0.2508,0.7567,0.1797,FOLLOW_ARC
73.04,0.1326,0.7954,2.2502,-3.6012,1.7009,0.2508,0.7567,0.1806,FOLLOW_ARC
73.06,0.1314,0.7969,2.2442,-3.5989,1.6981,0.2508,0.7567,0.1815,FOLLOW_ARC
73.08,0.1303,0.7983,2.2382,-3.5989,1.6981,0.2508,0.7567,0.1825,FOLLOW_ARC
73.1,0.1291,0.7998,2.2322,-3.5977,1.6967,0.2451,0.7637,0.1835,FOLLOW_ARC
73.12,0.128,0.8012,2.2262,-3.5966,1.6953,0.2451,0.7637,0.1845,FOLLOW_ARC
73.14,0.1269,0.8027,2.2202,-3.5955,1.6939,0.2451,0.7637,0.1855,FOLLOW_ARC
73.16,0.1257,0.8042,2.2142,-3.5944,1.6925,0.2451,0.7637,0.1865,FOLLOW_ARC
73.18,0.1246,0.8057,2.2082,-3.5932,1.6911,0.2451,0.7637,0.1875,FOLLOW_ARC
73.2,0.1235,0.8072,2.2022,-3.5921,1.6897,0.2396,0.7708,0.1885,FOLLOW_ARC
73.22,0.1224,0.8087,2.1962,-3.591,1.6883,0.2396,0.7708,0.1896,FOLLOW_ARC
73.24,0.1214,0.8102,2.1902,-3.59,1.6868,0.2396,0.7708,0.1907,FOLLOW_ARC
73.26,0.1203,0.8117,2.1842,-3.5889,1.6854,0.2396,0.7708,0.1917,FOLLOW_ARC
73.28,0.1192,0.8132,2.1782,-3.5867,1.6825,0.2344,0.7781,0.1928,FOLLOW_ARC
73.3,0.1182,0.8147,2.1722,-3.5867,1.6825,0.2344,0.7781,0.1939,FOLLOW_ARC
73.32,0.1171,0.8163,2.1662,-3.5857,1.681,0.2344,0.7781,0.1951,FOLLOW_ARC
73.34,0.1161,0.8178,2.1602,-3.5846,1.6796,0.2344,0.7781,0.1962,FOLLOW_ARC
73.36,0.1151,0.8194,2.1542,-3.5836,1.6781,0.2344,0.7781,0.1973,FOLLOW_ARC
73.38,0.1141,0.8209,2.1482,-3.5816,1.6751,0.2344,0.7781,0.1985,FOLLOW_ARC
73.4,0.1131,0.8225,2.1422,-3.5816,1.6751,0.2293,0.7855,0.1997,FOLLOW_ARC
73.42,0.1121,0.824,2.1362,-3.5806,1.6736,0.2293,0.7855,0.2008,FOLLOW_ARC
73.44,0.1111,0.8256,2.1302,-3.5786,1.6706,0.2293,0.7855,0.202,FOLLOW_ARC
73.46,0.1101,0.8272,2.1242,-3.5786,1.6706,0.2293,0.7855,0.2032,FOLLOW_ARC
73.48,0.1091,0.8288,2.1182,-3.5766,1.6676,0.2293,0.7855,0.2044,FOLLOW_ARC
73.5,0.1082,0.8303,2.1122,-3.5766,1.6676,0.2235,0.7946,0.2057,FOLLOW_ARC
73.52,0.1072,0.8319,2.1062,-3.5757,1.6661,0.2235,0.7946,0.2069,FOLLOW_ARC
73.54,0.1063,0.8335,2.1002,-3.5747,1.6646,0.2235,0.7946,0.2082,FOLLOW_ARC
73.56,0.1053,0.8351,2.0942,-3.5738,1.663,0.2235,0.7946,0.2094,FOLLOW_ARC
73.58,0.1044,0.8367,2.0882,-3.5728,1.6615,0.2235,0.7946,0.2107,FOLLOW_ARC
73.6,0.1035,0.8384,2.0822,-3.5719,1.66,0.2198,0.8008,0.212,FOLLOW_ARC
73.62,0.1026,0.84,2.0762,-3.571,1.6584,0.2198,0.8008,0.2133,FOLLOW_ARC
73.64,0.1017,0.8416,2.0702,-3.5701,1.6569,0.2198,0.8008,0.2146,FOLLOW_ARC
73.66,0.1008,0.8432,2.0642,-3.5683,1.6537,0.2198,0.8008,0.2159,FOLLOW_ARC
73.68,0.1,0.8449,2.0582,-3.5683,1.6537,0.2198,0.8008,0.2172,FOLLOW_ARC
73.702,0.0991,0.8465,2.0522,-3.5674,1.6522,0.2155,0.8087,0.2186,FOLLOW_ARC
73.72,0.0983,0.8482,2.0462,-3.5665,1.6506,0.2155,0.8087,0.2199,FOLLOW_ARC
73.74,0.0974,0.8498,2.0402,-3.5657,1.649,0.2155,0.8087,0.2213,FOLLOW_ARC
73.76,0.0966,0.8515,2.0342,-3.5648,1.6474,0.2155,0.8087,0.2226,FOLLOW_ARC
73.78,0.0958,0.8531,2.0282,-3.564,1.6458,0.2155,0.8087,0.224,FOLLOW_ARC
73.8,0.0949,0.8548,2.0222,-3.5632,1.6442,0.2113,0.8167,0.2254,FOLLOW_ARC
73.82,0.0941,0.8565,2.0162,-3.5623,1.6426,0.2113,0.8167,0.2268,FOLLOW_ARC
73.84,0.0933,0.8581,2.0102,-3.5607,1.6394,0.2113,0.8167,0.2282,FOLLOW_ARC
73.86,0.0926,0.8598,2.0042,-3.5607,1.6394,0.2113,0.8167,0.2296,FOLLOW_ARC
73.88,0.0918,0.8615,1.9982,-3.5599,1.6378,0.2113,0.8167,0.2311,FOLLOW_ARC
73.9,0.091,0.8632,1.9922,-3.5591,1.6362,0.2074,0.8248,0.2325,FOLLOW_ARC
73.92,0.0903,0.8649,1.9862,-3.5584,1.6345,0.2074,0.8248,0.2339,FOLLOW_ARC
73.94,0.0895,0.8666,1.9802,-3.5576,1.6329,0.2074,0.8248,0.2354,FOLLOW_ARC
73.96,0.0888,0.8683,1.9742,-3.5561,1.6296,0.2074,0.8248,0.2369,FOLLOW_ARC
73.98,0.0881,0.87,1.9682,-3.5561,1.6296,0.2074,0.8248,0.2383,FOLLOW_ARC
74.0,0.0874,0.8717,1.9622,-3.5554,1.628,0.2038,0.833,0.2398,FOLLOW_ARC
74.02,0.0867,0.8734,1.9562,-3.5546,1.6264,0.2038,0.833,0.2413,FOLLOW_ARC
74.04,0.086,0.8751,1.9502,-3.5539,1.6247,0.2038,0.833,0.2428,FOLLOW_ARC
74.06,0.0853,0.8769,1.9442,-3.5532,1.623,0.2038,0.833,0.2443,FOLLOW_ARC
74.08,0.0846,0.8786,1.9382,-3.5525,1.6214,0.2038,0.833,0.2458,FOLLOW_ARC
74.1,0.084,0.8803,1.9322,-3.5518,1.6197,0.2004,0.8414,0.2473,FOLLOW_ARC
74.12,0.0833,0.8821,1.9262,-3.5512,1.6181,0.2004,0.8414,0.2489,FOLLOW_ARC
74.14,0.0827,0.8838,1.9202,-3.5498,1.6147,0.2004,0.8414,0.2504,FOLLOW_ARC
74.16,0.082,0.8856,1.9142,-3.5498,1.6147,0.2004,0.8414,0.252,FOLLOW_ARC
74.18,0.0814,0.8873,1.9082,-3.5492,1.613,0.2004,0.8414,0.2535,FOLLOW_ARC
74.2,0.0808,0.8891,1.9022,-3.5486,1.6113,0.1972,0.8498,0.2551,FOLLOW_ARC
74.22,0.0802,0.8908,1.8962,-3.5479,1.6097,0.1972,0.8498,0.2567,FOLLOW_ARC
74.24,0.0796,0.8926,1.8902,-3.5473,1.608,0.1972,0.8498,0.2582,FOLLOW_ARC
74.26,0.0791,0.8943,1.8842,-3.5467,1.6063,0.1972,0.8498,0.2598,FOLLOW_ARC
74.28,0.0785,0.8961,1.8782,-3.5461,1.6046,0.1972,0.8498,0.2614,FOLLOW_ARC
74.3,0.0779,0.8979,1.8722,-3.5455,1.6029,0.1943,0.8583,0.263,FOLLOW_ARC
74.32,0.0774,0.8996,1.8662,-3.545,1.6012,0.1943,0.8583,0.2646,FOLLOW_ARC
74.34,0.0769,0.9014,1.8602,-3.5444,1.5994,0.1943,0.8583,0.2662,FOLLOW_ARC
74.36,0.0763,0.9032,1.8542,-3.5433,1.596,0.1943,0.8583,0.2679,FOLLOW_ARC
74.38,0.0758,0.905,1.8482,-3.5433,1.596,0.1943,0.8583,0.2695,FOLLOW_ARC
74.4,0.0753,0.9068,1.8422,-3.5428,1.5943,0.1917,0.8669,0.2711,FOLLOW_ARC
74.42,0.0748,0.9085,1.8362,-3.5423,1.5926,0.1917,0.8669,0.2728,FOLLOW_ARC
74.44,0.0744,0.9103,1.8302,-3.5412,1.5891,0.1917,0.8669,0.2744,FOLLOW_ARC
74.46,0.0739,0.9121,1.8242,-3.5412,1.5891,0.1917,0.8669,0.2761,FOLLOW_ARC
74.48,0.0734,0.9139,1.8182,-3.5407,1.5874,0.1917,0.8669,0.2777,FOLLOW_ARC
74.5,0.073,0.9157,1.8122,-3.5403,1.5857,0.1893,0.8756,0.2794,FOLLOW_ARC
74.52,0.0725,0.9175,1.8062,-3.5398,1.5839,0.1893,0.8756,0.2811,FOLLOW_ARC
74.54,0.0721,0.9193,1.8002,-3.5393,1.5822,0.1893,0.8756,0.2827,FOLLOW_ARC
74.56,0.0717,0.9211,1.7942,-3.5389,1.5804,0.1893,0.8756,0.2844,FOLLOW_ARC
74.58,0.0713,0.9229,1.7882,-3.5384,1.5787,0.1893,0.8756,0.2861,FOLLOW_ARC
74.6,0.0709,0.9248,1.7822,-3.538,1.5769,0.1872,0.8843,0.2878,FOLLOW_ARC
74.62,0.0705,0.9266,1.7762,-3.5376,1.5752,0.1872,0.8843,0.2895,FOLLOW_ARC
74.64,0.0702,0.9284,1.7702,-3.5372,1.5734,0.1872,0.8843,0.2912,FOLLOW_ARC
74.66,0.0698,0.9302,1.7642,-3.5368,1.5717,0.1872,0.8843,0.2929,FOLLOW_ARC
74.68,0.0694,0.932,1.7582,-3.5364,1.5699,0.1872,0.8843,0.2946,FOLLOW_ARC
74.7,0.0691,0.9339,1.7522,-3.5357,1.5664,0.1853,0.8931,0.2964,FOLLOW_ARC
74.72,0.0688,0.9357,1.7462,-3.5357,1.5664,0.1853,0.8931,0.2981,FOLLOW_ARC
74.74,0.0685,0.9375,1.7402,-3.5353,1.5646,0.1853,0.8931,0.2998,FOLLOW_ARC
74.76,0.0682,0.9393,1.7342,-3.535,1.5629,0.1853,0.8931,0.3015,FOLLOW_ARC
74.78,0.0679,0.9412,1.7282,-3.5346,1.5611,0.1853,0.8931,0.3033,FOLLOW_ARC
74.8,0.0676,0.943,1.7222,-3.5343,1.5593,0.1838,0.902,0.305,FOLLOW_ARC
74.82,0.0673,0.9448,1.7162,-3.534,1.5576,0.1838,0.902,0.3068,FOLLOW_ARC
74.84,0.067,0.9467,1.7102,-3.5337,1.5558,0.1838,0.902,0.3085,FOLLOW_ARC
74.86,0.0668,0.9485,1.7042,-3.5334,1.554,0.1838,0.902,0.3103,FOLLOW_ARC
74.88,0.0666,0.9503,1.6982,-3.5329,1.5504,0.1838,0.902,0.3121,FOLLOW_ARC
74.9,0.0663,0.9522,1.6922,-3.5329,1.5504,0.1824,0.9109,0.3138,FOLLOW_ARC
74.92,0.0661,0.954,1.6862,-3.5326,1.5487,0.1824,0.9109,0.3156,FOLLOW_ARC
74.94,0.0659,0.9559,1.6802,-3.5323,1.5469,0.1824,0.9109,0.3174,FOLLOW_ARC
74.96,0.0657,0.9577,1.6742,-3.5321,1.5451,0.1824,0.9109,0.3191,FOLLOW_ARC
74.98,0.0655,0.9595,1.6682,-3.5319,1.5433,0.1824,0.9109,0.3209,FOLLOW_ARC
75.0,0.0653,0.9614,1.6622,-3.5317,1.5415,0.1814,0.9198,0.3227,FOLLOW_ARC
75.02,0.0652,0.9632,1.6562,-3.5315,1.5397,0.1814,0.9198,0.3245,FOLLOW_ARC
75.04,0.065,0.9651,1.6502,-3.5311,1.5362,0.1814,0.9198,0.3263,FOLLOW_ARC
75.06,0.0649,0.9669,1.6442,-3.5311,1.5362,0.1814,0.9198,0.3281,FOLLOW_ARC
75.08,0.0648,0.9688,1.6382,-3.5309,1.5344,0.1814,0.9198,0.3299,FOLLOW_ARC
75.1,0.0646,0.9706,1.6322,-3.5306,1.5308,0.1806,0.9288,0.3317,FOLLOW_ARC
75.12,0.0645,0.9725,1.6262,-3.5306,1.5308,0.1806,0.9288,0.3335,FOLLOW_ARC
75.14,0.0644,0.9743,1.6202,-3.5305,1.529,0.1806,0.9288,0.3353,FOLLOW_ARC
75.16,0.0644,0.9762,1.6142,-3.5302,1.5254,0.1806,0.9288,0.3371,FOLLOW_ARC
75.18,0.0643,0.978,1.6082,-3.5301,1.5236,0.1801,0.9378,0.3389,FOLLOW_ARC
75.2,0.0642,0.9799,1.6022,-3.5301,1.5236,0.1801,0.9378,0.3407,FOLLOW_ARC
75.22,0.0642,0.9817,1.5962,-3.53,1.5218,0.1801,0.9378,0.3426,FOLLOW_ARC
75.24,0.0641,0.9836,1.5902,-3.5299,1.52,0.1801,0.9378,0.3444,FOLLOW_ARC
75.26,0.0641,0.9855,1.5842,-3.5298,1.5182,0.1801,0.9378,0.3462,FOLLOW_ARC
75.28,0.0641,0.9873,1.5782,-3.5298,1.5164,0.1801,0.9378,0.348,FOLLOW_ARC
75.3,0.0641,0.9892,1.5722,-3.5297,1.5146,0.1798,0.9468,0.3499,FOLLOW_ARC
75.32,0.0641,0.991,1.5662,-3.5297,1.5128,0.1798,0.9468,0.3517,FOLLOW_ARC
75.34,0.0641,0.9929,1.5602,-3.5296,1.511,0.1798,0.9468,0.3535,FOLLOW_ARC
75.36,0.0641,0.9947,1.5542,-3.5296,1.5092,0.1798,0.9468,0.3554,FOLLOW_ARC
75.38,0.0642,0.9966,1.5482,-3.5296,1.5056,0.1798,0.9558,0.3572,FOLLOW_ARC
75.4,0.0642,0.9984,1.5422,-3.5296,1.5056,0.1798,0.9558,0.3591,FOLLOW_ARC
75.42,0.0643,1.0003,1.5362,-3.5296,1.502,0.1798,0.9558,0.3609,FOLLOW_ARC
75.44,0.0643,1.0021,1.5302,-3.5296,1.502,0.1798,0.9558,0.3627,FOLLOW_ARC
75.46,0.0644,1.004,1.5242,-3.5297,1.5002,0.1798,0.9558,0.3646,FOLLOW_ARC
75.48,0.0645,1.0058,1.5182,-3.5297,1.4984,0.1798,0.9558,0.3664,FOLLOW_ARC
75.5,0.0646,1.0077,1.5122,-3.5298,1.4966,0.1801,0.9648,0.3683,FOLLOW_ARC
75.52,0.0647,1.0095,1.5062,-3.5299,1.493,0.1801,0.9648,0.3701,FOLLOW_ARC
75.54,0.0649,1.0114,1.5002,-3.53,1.4912,0.1801,0.9648,0.372,FOLLOW_ARC
75.56,0.065,1.0132,1.4942,-3.53,1.4912,0.1801,0.9648,0.3738,FOLLOW_ARC
75.58,0.0651,1.0151,1.4882,-3.5301,1.4894,0.1801,0.9648,0.3757,FOLLOW_ARC
75.6,0.0653,1.0169,1.4822,-3.5302,1.4876,0.1807,0.9738,0.3775,FOLLOW_ARC
75.62,0.0655,1.0188,1.4762,-3.5303,1.4858,0.1807,0.9738,0.3794,FOLLOW_ARC
75.64,0.0656,1.0206,1.4702,-3.5304,1.484,0.1807,0.9738,0.3813,FOLLOW_ARC
75.66,0.0658,1.0225,1.4642,-3.5306,1.4822,0.1807,0.9738,0.3831,FOLLOW_ARC
75.68,0.066,1.0243,1.4582,-3.5307,1.4804,0.1807,0.9738,0.385,FOLLOW_ARC
75.7,0.0663,1.0262,1.4522,-3.5309,1.4786,0.1815,0.9827,0.3868,FOLLOW_ARC
75.72,0.0665,1.028,1.4462,-3.5311,1.4769,0.1815,0.9827,0.3887,FOLLOW_ARC
75.74,0.0667,1.0298,1.4402,-3.5312,1.4751,0.1815,0.9827,0.3906,FOLLOW_ARC
75.76,0.067,1.0317,1.4342,-3.5314,1.4733,0.1815,0.9827,0.3924,FOLLOW_ARC
75.78,0.0672,1.0335,1.4282,-3.5316,1.4715,0.1815,0.9827,0.3943,FOLLOW_ARC
75.8,0.0675,1.0353,1.4222,-3.5318,1.4697,0.1826,0.9917,0.3961,FOLLOW_ARC
75.82,0.0678,1.0372,1.4162,-3.5321,1.4679,0.1826,0.9917,0.398,FOLLOW_ARC
75.84,0.0681,1.039,1.4102,-3.5323,1.4661,0.1826,0.9917,0.3999,FOLLOW_ARC
75.86,0.0684,1.0408,1.4042,-3.5326,1.4643,0.1826,0.9917,0.4017,FOLLOW_ARC
75.882,0.0687,1.0427,1.3982,-3.5331,1.4608,0.184,1.0006,0.4036,FOLLOW_ARC
75.9,0.069,1.0445,1.3922,-3.5331,1.4608,0.184,1.0006,0.4055,FOLLOW_ARC
75.92,0.0694,1.0463,1.3862,-3.5334,1.459,0.184,1.0006,0.4073,FOLLOW_ARC
75.94,0.0697,1.0481,1.3802,-3.534,1.4555,0.184,1.0006,0.4092,FOLLOW_ARC
75.96,0.0701,1.0499,1.3742,-3.534,1.4555,0.184,1.0006,0.411,FOLLOW_ARC
75.98,0.0704,1.0518,1.3682,-3.5343,1.4537,0.184,1.0006,0.4129,FOLLOW_ARC
76.0,0.0708,1.0536,1.3622,-3.5346,1.4519,0.1856,1.0094,0.4148,FOLLOW_ARC
76.02,0.0712,1.0554,1.3562,-3.5349,1.4501,0.1856,1.0094,0.4166,FOLLOW_ARC
76.04,0.0716,1.0572,1.3502,-3.5353,1.4484,0.1856,1.0094,0.4185,FOLLOW_ARC
76.06,0.072,1.059,1.3442,-3.5356,1.4466,0.1856,1.0094,0.4204,FOLLOW_ARC
76.08,0.0724,1.0608,1.3382,-3.5363,1.4431,0.1856,1.0094,0.4222,FOLLOW_ARC
76.1,0.0729,1.0626,1.3322,-3.5367,1.4413,0.1879,1.0199,0.4241,FOLLOW_ARC
76.12,0.0733,1.0644,1.3262,-3.5367,1.4413,0.1879,1.0199,0.4259,FOLLOW_ARC
76.14,0.0738,1.0662,1.3202,-3.5371,1.4396,0.1879,1.0199,0.4278,FOLLOW_ARC
76.16,0.0742,1.068,1.3142,-3.5375,1.4378,0.1879,1.0199,0.4297,FOLLOW_ARC
76.18,0.0747,1.0698,1.3082,-3.538,1.4361,0.1879,1.0199,0.4315,FOLLOW_ARC
76.2,0.0752,1.0716,1.3022,-3.5388,1.4326,0.1897,1.0269,0.4334,FOLLOW_ARC
76.22,0.0757,1.0734,1.2962,-3.5388,1.4326,0.1897,1.0269,0.4352,FOLLOW_ARC
76.24,0.0762,1.0752,1.2902,-3.5393,1.4308,0.1897,1.0269,0.4371,FOLLOW_ARC
76.26,0.0767,1.0769,1.2842,-3.5397,1.4291,0.1897,1.0269,0.4389,FOLLOW_ARC
76.28,0.0773,1.0787,1.2782,-3.5402,1.4274,0.1921,1.0356,0.4408,FOLLOW_ARC
76.3,0.0778,1.0805,1.2722,-3.5407,1.4256,0.1921,1.0356,0.4426,FOLLOW_ARC
76.32,0.0783,1.0823,1.2662,-3.5412,1.4239,0.1921,1.0356,0.4445,FOLLOW_ARC
76.34,0.0789,1.084,1.2602,-3.5417,1.4222,0.1921,1.0356,0.4463,FOLLOW_ARC
76.36,0.0795,1.0858,1.2542,-3.5422,1.4204,0.1921,1.0356,0.4482,FOLLOW_ARC
76.38,0.0801,1.0875,1.2482,-3.5427,1.4187,0.1921,1.0356,0.45,FOLLOW_ARC
76.4,0.0807,1.0893,1.2422,-3.5438,1.4153,0.1948,1.0442,0.4519,FOLLOW_ARC
76.42,0.0813,1.091,1.2362,-3.5443,1.4136,0.1948,1.0442,0.4537,FOLLOW_ARC
76.44,0.0819,1.0928,1.2302,-3.5443,1.4136,0.1948,1.0442,0.4556,FOLLOW_ARC
76.46,0.0825,1.0945,1.2242,-3.5449,1.4118,0.1948,1.0442,0.4574,FOLLOW_ARC
76.48,0.0831,1.0963,1.2182,-3.5455,1.4101,0.1948,1.0442,0.4592,FOLLOW_ARC
76.5,0.0838,1.098,1.2122,-3.5466,1.4067,0.1977,1.0527,0.4611,FOLLOW_ARC
76.52,0.0844,1.0998,1.2062,-3.5472,1.405,0.1977,1.0527,0.4629,FOLLOW_ARC
76.54,0.0851,1.1015,1.2002,-3.5472,1.405,0.1977,1.0527,0.4648,FOLLOW_ARC
76.56,0.0858,1.1032,1.1942,-3.5478,1.4033,0.1977,1.0527,0.4666,FOLLOW_ARC
76.58,0.0865,1.1049,1.1882,-3.5485,1.4017,0.1977,1.0527,0.4684,FOLLOW_ARC
76.6,0.0872,1.1066,1.1822,-3.5491,1.4,0.2009,1.0611,0.4702,FOLLOW_ARC
76.62,0.0879,1.1084,1.1762,-3.5497,1.3983,0.2009,1.0611,0.4721,FOLLOW_ARC
76.64,0.0886,1.1101,1.1702,-3.5504,1.3966,0.2009,1.0611,0.4739,FOLLOW_ARC
76.66,0.0893,1.1118,1.1642,-3.5511,1.3949,0.2009,1.0611,0.4757,FOLLOW_ARC
76.68,0.0901,1.1135,1.1582,-3.5517,1.3933,0.2009,1.0611,0.4775,FOLLOW_ARC
76.7,0.0908,1.1152,1.1522,-3.5524,1.3916,0.2043,1.0694,0.4793,FOLLOW_ARC
76.72,0.0916,1.1169,1.1462,-3.5531,1.3899,0.2043,1.0694,0.4812,FOLLOW_ARC
76.74,0.0923,1.1185,1.1402,-3.5538,1.3883,0.2043,1.0694,0.483,FOLLOW_ARC
76.76,0.0931,1.1202,1.1342,-3.5545,1.3866,0.2043,1.0694,0.4848,FOLLOW_ARC
76.78,0.0939,1.1219,1.1282,-3.5553,1.385,0.2043,1.0694,0.4866,FOLLOW_ARC
76.8,0.0947,1.1236,1.1222,-3.5567,1.3817,0.208,1.0776,0.4884,FOLLOW_ARC
76.82,0.0955,1.1252,1.1162,-3.5567,1.3817,0.208,1.0776,0.4902,FOLLOW_ARC
76.84,0.0963,1.1269,1.1102,-3.5575,1.3801,0.208,1.0776,0.492,FOLLOW_ARC
76.86,0.0972,1.1286,1.1042,-3.5582,1.3784,0.208,1.0776,0.4938,FOLLOW_ARC
76.88,0.098,1.1302,1.0982,-3.5598,1.3752,0.208,1.0776,0.4956,FOLLOW_ARC
76.9,0.0989,1.1319,1.0922,-3.5598,1.3752,0.212,1.0857,0.4974,FOLLOW_ARC
76.92,0.0997,1.1335,1.0862,-3.5606,1.3736,0.212,1.0857,0.4992,FOLLOW_ARC
76.94,0.1006,1.1351,1.0802,-3.5614,1.372,0.212,1.0857,0.5009,FOLLOW_ARC
76.96,0.1015,1.1368,1.0742,-3.5622,1.3704,0.212,1.0857,0.5027,FOLLOW_ARC
76.98,0.1024,1.1384,1.0682,-3.5639,1.3672,0.212,1.0857,0.5045,FOLLOW_ARC
77.0,0.1033,1.14,1.0622,-3.5639,1.3672,0.2161,1.0937,0.5063,FOLLOW_ARC
77.02,0.1042,1.1416,1.0562,-3.5647,1.3656,0.2161,1.0937,0.5081,FOLLOW_ARC
77.04,0.1051,1.1433,1.0502,-3.5655,1.364,0.2161,1.0937,0.5098,FOLLOW_ARC
77.062,0.106,1.1449,1.0442,-3.5673,1.3608,0.2161,1.0937,0.5116,FOLLOW_ARC
77.08,0.107,1.1465,1.0382,-3.5681,1.3593,0.2161,1.0937,0.5134,FOLLOW_ARC
77.1,0.1079,1.1481,1.0322,-3.5681,1.3593,0.2206,1.1016,0.5151,FOLLOW_ARC
77.12,0.1089,1.1496,1.0262,-3.569,1.3577,0.2206,1.1016,0.5169,FOLLOW_ARC
77.14,0.1098,1.1512,1.0202,-3.5699,1.3561,0.2206,1.1016,0.5186,FOLLOW_ARC
77.16,0.1108,1.1528,1.0142,-3.5708,1.3546,0.2206,1.1016,0.5204,FOLLOW_ARC
77.18,0.1118,1.1544,1.0082,-3.5718,1.353,0.2206,1.1016,0.5221,FOLLOW_ARC
77.2,0.1128,1.1559,1.0022,-3.5727,1.3515,0.2262,1.1108,0.5239,FOLLOW_ARC
77.22,0.1138,1.1575,0.9962,-3.5746,1.3484,0.2262,1.1108,0.5256,FOLLOW_ARC
77.24,0.1148,1.159,0.9902,-3.5746,1.3484,0.2262,1.1108,0.5273,FOLLOW_ARC
77.26,0.1158,1.1606,0.9842,-3.5755,1.3469,0.2262,1.1108,0.5291,FOLLOW_ARC
77.28,0.1169,1.1621,0.9782,-3.5765,1.3454,0.2301,1.1168,0.5308,FOLLOW_ARC
77.3,0.1179,1.1637,0.9722,-3.5784,1.3423,0.2301,1.1168,0.5325,FOLLOW_ARC
77.32,0.1189,1.1652,0.9662,-3.5784,1.3423,0.2301,1.1168,0.5343,FOLLOW_ARC
77.34,0.12,1.1667,0.9602,-3.5794,1.3408,0.2301,1.1168,0.536,FOLLOW_ARC
77.36,0.1211,1.1682,0.9542,-3.5804,1.3393,0.2301,1.1168,0.5377,FOLLOW_ARC
77.38,0.1221,1.1697,0.9482,-3.5814,1.3378,0.2301,1.1168,0.5394,FOLLOW_ARC
77.4,0.1232,1.1712,0.9422,-3.5835,1.3349,0.2352,1.1242,0.5411,FOLLOW_ARC
77.42,0.1243,1.1727,0.9362,-3.5835,1.3349,0.2352,1.1242,0.5428,FOLLOW_ARC
77.44,0.1254,1.1742,0.9302,-3.5855,1.3319,0.2352,1.1242,0.5445,FOLLOW_ARC
77.46,0.1265,1.1757,0.9242,-3.5866,1.3305,0.2352,1.1242,0.5462,FOLLOW_ARC
77.48,0.1277,1.1772,0.9182,-3.5866,1.3305,0.2352,1.1242,0.5479,FOLLOW_ARC
77.5,0.1288,1.1787,0.9122,-3.5887,1.3276,0.2405,1.1315,0.5496,FOLLOW_ARC
77.52,0.1299,1.1801,0.9062,-3.5887,1.3276,0.2405,1.1315,0.5513,FOLLOW_ARC
77.54,0.1311,1.1816,0.9002,-3.5898,1.3261,0.2405,1.1315,0.5529,FOLLOW_ARC
77.56,0.1322,1.183,0.8942,-3.5909,1.3247,0.2405,1.1315,0.5546,FOLLOW_ARC
77.58,0.1334,1.1845,0.8882,-3.592,1.3233,0.2405,1.1315,0.5563,FOLLOW_ARC
77.6,0.1346,1.1859,0.8822,-3.5942,1.3204,0.246,1.1386,0.558,FOLLOW_ARC
77.62,0.1358,1.1873,0.8762,-3.5942,1.3204,0.246,1.1386,0.5596,FOLLOW_ARC
77.64,0.137,1.1887,0.8702,-3.5953,1.319,0.246,1.1386,0.5613,FOLLOW_ARC
77.66,0.1382,1.1902,0.8642,-3.5964,1.3176,0.246,1.1386,0.5629,FOLLOW_ARC
77.68,0.1394,1.1916,0.8582,-3.5987,1.3148,0.246,1.1386,0.5646,FOLLOW_ARC
77.7,0.1406,1.193,0.8522,-3.5987,1.3148,0.2529,1.1469,0.5662,FOLLOW_ARC
77.72,0.1418,1.1943,0.8462,-3.5999,1.3134,0.2529,1.1469,0.5679,FOLLOW_ARC
77.74,0.143,1.1957,0.8402,-3.601,1.3121,0.2529,1.1469,0.5695,FOLLOW_ARC
77.76,0.1443,1.1971,0.8342,-3.6022,1.3107,0.2529,1.1469,0.5711,FOLLOW_ARC
77.78,0.1455,1.1985,0.8282,-3.6034,1.3093,0.2529,1.1469,0.5727,FOLLOW_ARC
77.8,0.1468,1.1998,0.8222,-3.6046,1.308,0.2577,1.1523,0.5744,FOLLOW_ARC
77.82,0.1481,1.2012,0.8162,-3.6058,1.3066,0.2577,1.1523,0.576,FOLLOW_ARC
77.84,0.1493,1.2025,0.8102,-3.607,1.3053,0.2577,1.1523,0.5776,FOLLOW_ARC
77.86,0.1506,1.2039,0.8042,-3.6094,1.3026,0.2577,1.1523,0.5792,FOLLOW_ARC
77.88,0.1519,1.2052,0.7982,-3.6094,1.3026,0.2577,1.1523,0.5808,FOLLOW_ARC
77.9,0.1532,1.2065,0.7922,-3.6106,1.3013,0.2639,1.1589,0.5824,FOLLOW_ARC
77.92,0.1545,1.2078,0.7862,-3.6118,1.3,0.2639,1.1589,0.584,FOLLOW_ARC
77.94,0.1558,1.2092,0.7802,-3.6143,1.2974,0.2639,1.1589,0.5856,FOLLOW_ARC
77.96,0.1572,1.2105,0.7742,-3.6143,1.2974,0.2639,1.1589,0.5872,FOLLOW_ARC
77.98,0.1585,1.2117,0.7682,-3.6169,1.2948,0.2639,1.1589,0.5887,FOLLOW_ARC
78.0,0.1598,1.213,0.7622,-3.6169,1.2948,0.2715,1.1665,0.5903,FOLLOW_ARC
78.02,0.1612,1.2143,0.7562,-3.6194,1.2923,0.2715,1.1665,0.5919,FOLLOW_ARC
78.04,0.1625,1.2156,0.7502,-3.6194,1.2923,0.2715,1.1665,0.5934,FOLLOW_ARC
78.06,0.1639,1.2168,0.7442,-3.6207,1.291,0.2715,1.1665,0.595,FOLLOW_ARC
78.08,0.1652,1.2181,0.7382,-3.622,1.2898,0.2715,1.1665,0.5966,FOLLOW_ARC
78.1,0.1666,1.2193,0.7322,-3.6233,1.2886,0.2767,1.1714,0.5981,FOLLOW_ARC
78.12,0.168,1.2206,0.7262,-3.6246,1.2873,0.2767,1.1714,0.5996,FOLLOW_ARC
78.14,0.1694,1.2218,0.7202,-3.6259,1.2861,0.2767,1.1714,0.6012,FOLLOW_ARC
78.16,0.1708,1.223,0.7142,-3.6273,1.2849,0.2767,1.1714,0.6027,FOLLOW_ARC
78.18,0.1722,1.2242,0.7082,-3.6286,1.2837,0.2767,1.1714,0.6042,FOLLOW_ARC
78.2,0.1736,1.2254,0.7022,-3.6299,1.2825,0.2835,1.1774,0.6058,FOLLOW_ARC
78.22,0.175,1.2266,0.6962,-3.6313,1.2813,0.2835,1.1774,0.6073,FOLLOW_ARC
78.24,0.1765,1.2278,0.6902,-3.6326,1.2801,0.2835,1.1774,0.6088,FOLLOW_ARC
78.26,0.1779,1.229,0.6842,-3.6354,1.2777,0.2835,1.1774,0.6103,FOLLOW_ARC
78.28,0.1793,1.2301,0.6782,-3.6354,1.2777,0.2835,1.1774,0.6118,FOLLOW_ARC
78.3,0.1808,1.2313,0.6722,-3.6367,1.2766,0.2903,1.1832,0.6133,FOLLOW_ARC
78.32,0.1822,1.2324,0.6662,-3.6395,1.2743,0.2903,1.1832,0.6148,FOLLOW_ARC
78.34,0.1837,1.2336,0.6602,-3.6395,1.2743,0.2903,1.1832,0.6163,FOLLOW_ARC
78.36,0.1852,1.2347,0.6542,-3.6409,1.2731,0.2903,1.1832,0.6177,FOLLOW_ARC
78.38,0.1866,1.2358,0.6482,-3.6437,1.2709,0.2903,1.1832,0.6192,FOLLOW_ARC
78.4,0.1881,1.2369,0.6422,-3.6437,1.2709,0.2974,1.1888,0.6207,FOLLOW_ARC
78.42,0.1896,1.2381,0.6362,-3.6451,1.2698,0.2974,1.1888,0.6221,FOLLOW_ARC
78.44,0.1911,1.2391,0.6302,-3.6466,1.2687,0.2974,1.1888,0.6236,FOLLOW_ARC
78.46,0.1926,1.2402,0.6242,-3.648,1.2676,0.2974,1.1888,0.625,FOLLOW_ARC
78.48,0.1941,1.2413,0.6182,-3.6509,1.2654,0.2974,1.1888,0.6265,FOLLOW_ARC
78.5,0.1956,1.2424,0.6122,-3.6523,1.2644,0.3046,1.1942,0.6279,FOLLOW_ARC
78.52,0.1972,1.2434,0.6062,-3.6523,1.2644,0.3046,1.1942,0.6293,FOLLOW_ARC
78.54,0.1987,1.2445,0.6002,-3.6538,1.2633,0.3046,1.1942,0.6308,FOLLOW_ARC
78.56,0.2002,1.2455,0.5942,-3.6552,1.2623,0.3046,1.1942,0.6322,FOLLOW_ARC
78.58,0.2018,1.2466,0.5882,-3.6567,1.2612,0.3046,1.1942,0.6336,FOLLOW_ARC
78.6,0.2033,1.2476,0.5822,-3.6596,1.2592,0.312,1.1993,0.635,FOLLOW_ARC
78.62,0.2049,1.2486,0.5762,-3.6596,1.2592,0.312,1.1993,0.6364,FOLLOW_ARC
78.64,0.2064,1.2496,0.5702,-3.6611,1.2581,0.312,1.1993,0.6378,FOLLOW_ARC
78.66,0.208,1.2506,0.5642,-3.6641,1.2561,0.312,1.1993,0.6392,FOLLOW_ARC
78.68,0.2095,1.2516,0.5582,-3.6656,1.2551,0.312,1.1993,0.6406,FOLLOW_ARC
78.7,0.2111,1.2526,0.5522,-3.6671,1.2542,0.3196,1.2042,0.642,FOLLOW_ARC
78.72,0.2127,1.2535,0.5462,-3.6671,1.2542,0.3196,1.2042,0.6433,FOLLOW_ARC
78.74,0.2143,1.2545,0.5402,-3.6687,1.2532,0.3196,1.2042,0.6447,FOLLOW_ARC
78.76,0.2159,1.2554,0.5342,-3.6702,1.2522,0.3196,1.2042,0.6461,FOLLOW_ARC
78.78,0.2175,1.2564,0.5282,-3.6732,1.2503,0.3272,1.2089,0.6474,FOLLOW_ARC
78.8,0.2191,1.2573,0.5222,-3.6748,1.2494,0.3272,1.2089,0.6488,FOLLOW_ARC
78.82,0.2207,1.2582,0.5162,-3.6748,1.2494,0.3272,1.2089,0.6501,FOLLOW_ARC
78.84,0.2223,1.2591,0.5102,-3.6779,1.2476,0.3272,1.2089,0.6515,FOLLOW_ARC
78.86,0.2239,1.26,0.5042,-3.6779,1.2476,0.3272,1.2089,0.6528,FOLLOW_ARC
78.88,0.2256,1.2609,0.4982,-3.6794,1.2467,0.3272,1.2089,0.6541,FOLLOW_ARC
78.9,0.2272,1.2618,0.4922,-3.681,1.2458,0.3351,1.2134,0.6554,FOLLOW_ARC
78.92,0.2288,1.2627,0.4862,-3.6826,1.2449,0.3351,1.2134,0.6567,FOLLOW_ARC
78.94,0.2305,1.2635,0.4802,-3.6841,1.244,0.3351,1.2134,0.658,FOLLOW_ARC
78.96,0.2321,1.2644,0.4742,-3.6857,1.2431,0.3351,1.2134,0.6593,FOLLOW_ARC
78.98,0.2338,1.2652,0.4682,-3.6873,1.2423,0.3351,1.2134,0.6606,FOLLOW_ARC
79.0,0.2354,1.2661,0.4622,-3.6905,1.2406,0.343,1.2176,0.6619,FOLLOW_ARC
79.018,0.2371,1.2669,0.4562,-3.6905,1.2406,0.343,1.2176,0.6632,FOLLOW_ARC
79.04,0.2388,1.2677,0.4502,-3.6921,1.2398,0.343,1.2176,0.6645,FOLLOW_ARC
79.06,0.2404,1.2685,0.4442,-3.6953,1.2381,0.343,1.2176,0.6657,FOLLOW_ARC
79.08,0.2421,1.2693,0.4382,-3.6953,1.2381,0.343,1.2176,0.667,FOLLOW_ARC
79.1,0.2438,1.2701,0.4322,-3.6969,1.2373,0.3511,1.2216,0.6682,FOLLOW_ARC
79.12,0.2455,1.2708,0.4262,-3.6985,1.2365,0.3511,1.2216,0.6695,FOLLOW_ARC
79.14,0.2472,1.2716,0.4202,-3.7001,1.2357,0.3511,1.2216,0.6707,FOLLOW_ARC
79.16,0.2489,1.2723,0.4142,-3.7017,1.235,0.3511,1.2216,0.672,FOLLOW_ARC
79.18,0.2506,1.2731,0.4082,-3.7034,1.2342,0.3511,1.2216,0.6732,FOLLOW_ARC
79.2,0.2523,1.2738,0.4022,-3.7067,1.2327,0.3593,1.2253,0.6744,FOLLOW_ARC
79.22,0.254,1.2745,0.3962,-3.7067,1.2327,0.3593,1.2253,0.6756,FOLLOW_ARC
79.24,0.2557,1.2752,0.3902,-3.7083,1.232,0.3593,1.2253,0.6768,FOLLOW_ARC
79.26,0.2574,1.2759,0.3842,-3.7099,1.2313,0.3593,1.2253,0.678,FOLLOW_ARC
79.28,0.2591,1.2766,0.3782,-3.7116,1.2306,0.3593,1.2253,0.6792,FOLLOW_ARC
79.3,0.2608,1.2773,0.3722,-3.7133,1.2298,0.3676,1.2288,0.6804,FOLLOW_ARC
79.32,0.2626,1.278,0.3662,-3.7166,1.2285,0.3676,1.2288,0.6816,FOLLOW_ARC
79.34,0.2643,1.2786,0.3602,-3.7166,1.2285,0.3676,1.2288,0.6828,FOLLOW_ARC
79.36,0.266,1.2793,0.3542,-3.7182,1.2278,0.3676,1.2288,0.6839,FOLLOW_ARC
79.38,0.2678,1.2799,0.3482,-3.7199,1.2271,0.3676,1.2288,0.6851,FOLLOW_ARC
79.4,0.2695,1.2805,0.3422,-3.7216,1.2265,0.3759,1.232,0.6863,FOLLOW_ARC
79.42,0.2713,1.2812,0.3362,-3.725,1.2252,0.3759,1.232,0.6874,FOLLOW_ARC
79.44,0.273,1.2818,0.3302,-3.725,1.2252,0.3759,1.232,0.6885,FOLLOW_ARC
79.46,0.2748,1.2824,0.3242,-3.7267,1.2246,0.3759,1.232,0.6897,FOLLOW_ARC
79.48,0.2765,1.2829,0.3182,-3.7283,1.224,0.3759,1.232,0.6908,FOLLOW_ARC
79.5,0.2783,1.2835,0.3122,-3.73,1.2234,0.3844,1.235,0.6919,FOLLOW_ARC
79.52,0.2801,1.2841,0.3062,-3.7317,1.2228,0.3844,1.235,0.693,FOLLOW_ARC
79.54,0.2818,1.2846,0.3002,-3.7352,1.2216,0.3844,1.235,0.6941,FOLLOW_ARC
79.56,0.2836,1.2852,0.2942,-3.7352,1.2216,0.3844,1.235,0.6952,FOLLOW_ARC
79.58,0.2854,1.2857,0.2882,-3.7386,1.2205,0.3844,1.235,0.6963,FOLLOW_ARC
79.6,0.2872,1.2862,0.2822,-3.7386,1.2205,0.393,1.2378,0.6974,FOLLOW_ARC
79.62,0.289,1.2867,0.2762,-3.7403,1.22,0.393,1.2378,0.6985,FOLLOW_ARC
79.64,0.2907,1.2872,0.2702,-3.742,1.2194,0.393,1.2378,0.6996,FOLLOW_ARC
79.66,0.2925,1.2877,0.2642,-3.7437,1.2189,0.393,1.2378,0.7006,FOLLOW_ARC
79.68,0.2943,1.2882,0.2582,-3.7455,1.2184,0.393,1.2378,0.7017,FOLLOW_ARC
79.7,0.2961,1.2887,0.2522,-3.7472,1.2179,0.4017,1.2402,0.7027,FOLLOW_ARC
79.72,0.2979,1.2891,0.2462,-3.7489,1.2174,0.4017,1.2402,0.7038,FOLLOW_ARC
79.74,0.2997,1.2896,0.2402,-3.7507,1.2169,0.4017,1.2402,0.7048,FOLLOW_ARC
79.76,0.3015,1.29,0.2342,-3.7541,1.216,0.4017,1.2402,0.7058,FOLLOW_ARC
79.78,0.3033,1.2904,0.2282,-3.7541,1.216,0.4017,1.2402,0.7061,FOLLOW_ARC
79.8,0.3051,1.2908,0.2222,-3.7576,1.2151,0.4104,1.2425,0.7046,FOLLOW_ARC
79.82,0.3069,1.2912,0.2162,-3.7576,1.2151,0.4104,1.2425,0.7031,FOLLOW_ARC
79.84,0.3087,1.2916,0.2102,-3.7594,1.2147,0.4104,1.2425,0.7015,FOLLOW_ARC
79.86,0.3106,1.292,0.2042,-3.7611,1.2143,0.4104,1.2425,0.7,FOLLOW_ARC
79.88,0.3124,1.2924,0.1982,-3.7629,1.2139,0.4104,1.2425,0.6984,FOLLOW_ARC
79.9,0.3142,1.2927,0.1922,-3.7646,1.2135,0.4192,1.2444,0.6968,FOLLOW_ARC
79.92,0.316,1.2931,0.1862,-3.7664,1.2131,0.4192,1.2444,0.6953,FOLLOW_ARC
79.94,0.3178,1.2934,0.1802,-3.7682,1.2127,0.4192,1.2444,0.6937,FOLLOW_ARC
79.96,0.3197,1.2937,0.1742,-3.7699,1.2124,0.4192,1.2444,0.6921,FOLLOW_ARC
79.98,0.3215,1.2941,0.1682,-3.7717,1.212,0.428,1.2461,0.6905,FOLLOW_ARC
80.0,0.3233,1.2944,0.1622,-3.7735,1.2117,0.428,1.2461,0.6889,FOLLOW_ARC
80.02,0.3252,1.2947,0.1562,-3.7752,1.2113,0.428,1.2461,0.6873,FOLLOW_ARC
80.04,0.327,1.2949,0.1502,-3.7788,1.2107,0.428,1.2461,0.6857,FOLLOW_ARC
80.06,0.3288,1.2952,0.1442,-3.7788,1.2107,0.428,1.2461,0.6841,FOLLOW_ARC
80.08,0.3307,1.2955,0.1382,-3.7805,1.2104,0.428,1.2461,0.6825,FOLLOW_ARC
80.1,0.3325,1.2957,0.1322,-3.7823,1.2101,0.4387,1.2478,0.6809,FOLLOW_ARC
80.118,0.3343,1.296,0.1262,-3.7841,1.2098,0.4387,1.2478,0.6793,FOLLOW_ARC
80.14,0.3362,1.2962,0.1202,-3.7859,1.2096,0.4387,1.2478,0.6776,FOLLOW_ARC
80.16,0.338,1.2964,0.1142,-3.7877,1.2093,0.4387,1.2478,0.676,FOLLOW_ARC
80.18,0.3399,1.2966,0.1082,-3.7894,1.2091,0.4387,1.2478,0.6744,FOLLOW_ARC
80.2,0.3417,1.2968,0.1022,-3.7912,1.2088,0.4458,1.2487,0.6727,FOLLOW_ARC
80.22,0.3435,1.297,0.0962,-3.793,1.2086,0.4458,1.2487,0.6711,FOLLOW_ARC
80.24,0.3454,1.2972,0.0902,-3.7948,1.2084,0.4458,1.2487,0.6694,FOLLOW_ARC
80.26,0.3472,1.2973,0.0842,-3.7966,1.2082,0.4458,1.2487,0.6678,FOLLOW_ARC
80.28,0.3491,1.2975,0.0782,-3.7984,1.208,0.4458,1.2487,0.6661,FOLLOW_ARC
80.3,0.3509,1.2976,0.0722,-3.8002,1.2078,0.4548,1.2496,0.6645,FOLLOW_ARC
80.32,0.3528,1.2977,0.0662,-3.802,1.2076,0.4548,1.2496,0.6628,FOLLOW_ARC
80.34,0.3546,1.2978,0.0602,-3.8055,1.2073,0.4548,1.2496,0.6611,FOLLOW_ARC
80.36,0.3565,1.2979,0.0542,-3.8073,1.2072,0.4548,1.2496,0.6595,FOLLOW_ARC
80.38,0.3583,1.298,0.0482,-3.8073,1.2072,0.4548,1.2496,0.6578,FOLLOW_ARC
80.4,0.3602,1.2981,0.0422,-3.8091,1.2071,0.4638,1.2502,0.6561,FOLLOW_ARC
80.42,0.362,1.2982,0.0362,-3.8109,1.2069,0.4638,1.2502,0.6544,FOLLOW_ARC
80.44,0.3639,1.2983,0.0302,-3.8127,1.2068,0.4638,1.2502,0.6527,FOLLOW_ARC
80.46,0.3657,1.2983,0.0242,-3.8145,1.2067,0.4638,1.2502,0.651,FOLLOW_ARC
80.48,0.3676,1.2983,0.0182,-3.8181,1.2066,0.4728,1.2505,0.6493,FOLLOW_ARC
80.5,0.3695,1.2984,0.0122,-3.8181,1.2066,0.4728,1.2505,0.6476,FOLLOW_ARC
80.52,0.3713,1.2984,0.0062,-3.8199,1.2065,0.4728,1.2505,0.6459,FOLLOW_ARC
80.54,0.3732,1.2984,0.0002,-3.8217,1.2065,0.4728,1.2505,0.6442,FOLLOW_ARC
80.56,0.375,1.2984,-0.0058,-3.8235,1.2064,0.4728,1.2505,0.6425,FOLLOW_ARC
80.58,0.3769,1.2984,-0.0118,-3.8253,1.2064,0.4728,1.2505,0.6408,FOLLOW_ARC
80.6,0.3787,1.2983,-0.0178,-3.8289,1.2064,0.4836,1.2506,0.639,FOLLOW_ARC
80.62,0.3806,1.2983,-0.0238,-3.8289,1.2064,0.4836,1.2506,0.6373,FOLLOW_ARC
80.64,0.3824,1.2983,-0.0298,-3.8307,1.2064,0.4836,1.2506,0.6356,FOLLOW_ARC
80.66,0.3843,1.2982,-0.0358,-3.8325,1.2064,0.4836,1.2506,0.6338,FOLLOW_ARC
80.68,0.3861,1.2981,-0.0418,-3.8343,1.2064,0.4836,1.2506,0.6321,FOLLOW_ARC
80.7,0.388,1.298,-0.0478,-3.8379,1.2065,0.4907,1.2504,0.6304,FOLLOW_ARC
80.72,0.3898,1.2979,-0.0538,-3.8379,1.2065,0.4907,1.2504,0.6286,FOLLOW_ARC
80.74,0.3917,1.2978,-0.0598,-3.8397,1.2065,0.4907,1.2504,0.6269,FOLLOW_ARC
80.76,0.3935,1.2977,-0.0658,-3.8415,1.2066,0.4907,1.2504,0.6251,FOLLOW_ARC
80.78,0.3954,1.2976,-0.0718,-3.8451,1.2068,0.4907,1.2504,0.6234,FOLLOW_ARC
80.8,0.3972,1.2974,-0.0778,-3.8451,1.2068,0.4997,1.2499,0.6216,FOLLOW_ARC
80.82,0.3991,1.2973,-0.0838,-3.8469,1.2069,0.4997,1.2499,0.6199,FOLLOW_ARC
80.84,0.4009,1.2971,-0.0898,-3.8487,1.207,0.4997,1.2499,0.6181,FOLLOW_ARC
80.86,0.4028,1.297,-0.0958,-3.8505,1.2071,0.4997,1.2499,0.6163,FOLLOW_ARC
80.88,0.4046,1.2968,-0.1018,-3.8523,1.2072,0.4997,1.2499,0.6145,FOLLOW_ARC
80.9,0.4065,1.2966,-0.1078,-3.8541,1.2074,0.5105,1.249,0.6128,FOLLOW_ARC
80.92,0.4083,1.2964,-0.1138,-3.8559,1.2075,0.5105,1.249,0.611,FOLLOW_ARC
80.94,0.4101,1.2962,-0.1198,-3.8595,1.2079,0.5105,1.249,0.6092,FOLLOW_ARC
80.96,0.412,1.2959,-0.1258,-3.8595,1.2079,0.5105,1.249,0.6074,FOLLOW_ARC
80.98,0.4138,1.2957,-0.1318,-3.8631,1.2082,0.5105,1.249,0.6056,FOLLOW_ARC
81.0,0.4157,1.2954,-0.1378,-3.8631,1.2082,0.5194,1.248,0.6039,FOLLOW_ARC
81.02,0.4175,1.2952,-0.1438,-3.8648,1.2084,0.5194,1.248,0.6021,FOLLOW_ARC
81.04,0.4193,1.2949,-0.1498,-3.8684,1.2089,0.5194,1.248,0.6003,FOLLOW_ARC
81.06,0.4212,1.2946,-0.1558,-3.8702,1.2091,0.5194,1.248,0.5985,FOLLOW_ARC
81.08,0.423,1.2943,-0.1618,-3.8702,1.2091,0.5194,1.248,0.5967,FOLLOW_ARC
81.1,0.4248,1.294,-0.1678,-3.8738,1.2096,0.5266,1.2469,0.5949,FOLLOW_ARC
81.12,0.4266,1.2937,-0.1738,-3.8738,1.2096,0.5266,1.2469,0.5931,FOLLOW_ARC
81.14,0.4285,1.2934,-0.1798,-3.8755,1.2099,0.5266,1.2469,0.5913,FOLLOW_ARC
81.16,0.4303,1.293,-0.1858,-3.8773,1.2102,0.5266,1.2469,0.5894,FOLLOW_ARC
81.18,0.4321,1.2927,-0.1918,-3.8791,1.2105,0.5266,1.2469,0.5876,FOLLOW_ARC
81.2,0.4339,1.2923,-0.1978,-3.8809,1.2108,0.5354,1.2454,0.5858,FOLLOW_ARC
81.22,0.4358,1.292,-0.2038,-3.8844,1.2114,0.5354,1.2454,0.584,FOLLOW_ARC
81.24,0.4376,1.2916,-0.2098,-3.8844,1.2114,0.5354,1.2454,0.5822,FOLLOW_ARC
81.26,0.4394,1.2912,-0.2158,-3.8862,1.2118,0.5354,1.2454,0.5804,FOLLOW_ARC
81.28,0.4412,1.2908,-0.2218,-3.8897,1.2125,0.5354,1.2454,0.5785,FOLLOW_ARC
81.3,0.443,1.2904,-0.2278,-3.8915,1.2128,0.5442,1.2436,0.5767,FOLLOW_ARC
81.32,0.4448,1.2899,-0.2338,-3.8915,1.2128,0.5442,1.2436,0.5749,FOLLOW_ARC
81.34,0.4466,1.2895,-0.2398,-3.8932,1.2132,0.5442,1.2436,0.5731,FOLLOW_ARC
81.36,0.4484,1.2891,-0.2458,-3.8967,1.214,0.5442,1.2436,0.5712,FOLLOW_ARC
81.38,0.4502,1.2886,-0.2518,-3.8985,1.2144,0.5442,1.2436,0.5694,FOLLOW_ARC
81.4,0.452,1.2881,-0.2578,-3.9003,1.2148,0.553,1.2415,0.5676,FOLLOW_ARC
81.42,0.4538,1.2877,-0.2638,-3.9003,1.2148,0.553,1.2415,0.5657,FOLLOW_ARC
81.44,0.4556,1.2872,-0.2698,-3.902,1.2152,0.553,1.2415,0.5639,FOLLOW_ARC
81.46,0.4574,1.2867,-0.2758,-3.9037,1.2157,0.553,1.2415,0.562,FOLLOW_ARC
81.48,0.4591,1.2862,-0.2818,-3.9055,1.2161,0.553,1.2415,0.5602,FOLLOW_ARC
81.5,0.4609,1.2856,-0.2878,-3.909,1.2171,0.5617,1.2392,0.5583,FOLLOW_ARC
81.52,0.4627,1.2851,-0.2938,-3.909,1.2171,0.5617,1.2392,0.5565,FOLLOW_ARC
81.54,0.4645,1.2846,-0.2998,-3.9107,1.2175,0.5617,1.2392,0.5547,FOLLOW_ARC
81.56,0.4662,1.284,-0.3058,-3.9124,1.218,0.5617,1.2392,0.5528,FOLLOW_ARC
81.58,0.468,1.2834,-0.3118,-3.9159,1.219,0.5617,1.2392,0.551,FOLLOW_ARC
81.6,0.4698,1.2829,-0.3178,-3.9159,1.219,0.572,1.2361,0.5491,FOLLOW_ARC
81.62,0.4715,1.2823,-0.3238,-3.9176,1.2196,0.572,1.2361,0.5473,FOLLOW_ARC
81.64,0.4733,1.2817,-0.3298,-3.9193,1.2201,0.572,1.2361,0.5454,FOLLOW_ARC
81.66,0.475,1.2811,-0.3358,-3.921,1.2206,0.572,1.2361,0.5435,FOLLOW_ARC
81.68,0.4768,1.2805,-0.3418,-3.9245,1.2218,0.572,1.2361,0.5417,FOLLOW_ARC
81.7,0.4785,1.2798,-0.3478,-3.9245,1.2218,0.5789,1.2338,0.5398,FOLLOW_ARC
81.72,0.4803,1.2792,-0.3538,-3.9262,1.2223,0.5789,1.2338,0.538,FOLLOW_ARC
81.74,0.482,1.2785,-0.3598,-3.9279,1.2229,0.5789,1.2338,0.5361,FOLLOW_ARC
81.76,0.4837,1.2779,-0.3658,-3.9313,1.2241,0.5789,1.2338,0.5343,FOLLOW_ARC
81.78,0.4855,1.2772,-0.3718,-3.9313,1.2241,0.5789,1.2338,0.5324,FOLLOW_ARC
81.8,0.4872,1.2765,-0.3778,-3.933,1.2247,0.5873,1.2307,0.5305,FOLLOW_ARC
81.82,0.4889,1.2758,-0.3838,-3.9363,1.226,0.5873,1.2307,0.5287,FOLLOW_ARC
81.84,0.4906,1.2751,-0.3898,-3.9363,1.226,0.5873,1.2307,0.5268,FOLLOW_ARC
81.86,0.4923,1.2744,-0.3958,-3.9397,1.2273,0.5873,1.2307,0.5249,FOLLOW_ARC
81.88,0.494,1.2737,-0.4018,-3.9414,1.228,0.5873,1.2307,0.5231,FOLLOW_ARC
81.9,0.4957,1.273,-0.4078,-3.9414,1.228,0.5957,1.2273,0.5212,FOLLOW_ARC
81.92,0.4974,1.2722,-0.4138,-3.943,1.2286,0.5957,1.2273,0.5194,FOLLOW_ARC
81.94,0.4991,1.2715,-0.4198,-3.9447,1.2293,0.5957,1.2273,0.5175,FOLLOW_ARC
81.96,0.5008,1.2707,-0.4258,-3.9464,1.23,0.5957,1.2273,0.5156,FOLLOW_ARC
81.98,0.5025,1.27,-0.4318,-3.948,1.2307,0.5957,1.2273,0.5138,FOLLOW_ARC
82.0,0.5042,1.2692,-0.4378,-3.9497,1.2314,0.6039,1.2237,0.5119,FOLLOW_ARC
82.02,0.5059,1.2684,-0.4438,-3.9513,1.2322,0.6039,1.2237,0.51,FOLLOW_ARC
82.04,0.5075,1.2676,-0.4498,-3.9529,1.2329,0.6039,1.2237,0.5082,FOLLOW_ARC
82.06,0.5092,1.2668,-0.4558,-3.9562,1.2344,0.6039,1.2237,0.5063,FOLLOW_ARC
82.08,0.5109,1.2659,-0.4618,-3.9579,1.2352,0.612,1.2199,0.5045,FOLLOW_ARC
82.1,0.5125,1.2651,-0.4678,-3.9579,1.2352,0.612,1.2199,0.5026,FOLLOW_ARC
82.12,0.5142,1.2643,-0.4738,-3.9595,1.2359,0.612,1.2199,0.5007,FOLLOW_ARC
82.14,0.5158,1.2634,-0.4798,-3.9611,1.2367,0.612,1.2199,0.4989,FOLLOW_ARC
82.16,0.5175,1.2626,-0.4858,-3.9643,1.2383,0.612,1.2199,0.497,FOLLOW_ARC
82.18,0.5191,1.2617,-0.4918,-3.9659,1.2391,0.6201,1.2158,0.4951,FOLLOW_ARC
82.2,0.5207,1.2608,-0.4978,-3.9675,1.24,0.6201,1.2158,0.4933,FOLLOW_ARC
82.22,0.5224,1.2599,-0.5038,-3.9675,1.24,0.6201,1.2158,0.4914,FOLLOW_ARC
82.24,0.524,1.259,-0.5098,-3.9691,1.2408,0.6201,1.2158,0.4896,FOLLOW_ARC
82.26,0.5256,1.2581,-0.5158,-3.9707,1.2416,0.6201,1.2158,0.4877,FOLLOW_ARC
82.28,0.5272,1.2572,-0.5218,-3.9723,1.2425,0.6201,1.2158,0.4859,FOLLOW_ARC
82.3,0.5288,1.2563,-0.5278,-3.9739,1.2433,0.628,1.2115,0.484,FOLLOW_ARC
82.32,0.5304,1.2553,-0.5338,-3.9755,1.2442,0.628,1.2115,0.4821,FOLLOW_ARC
82.34,0.532,1.2544,-0.5398,-3.977,1.2451,0.628,1.2115,0.4803,FOLLOW_ARC
82.36,0.5336,1.2534,-0.5458,-3.9802,1.2469,0.628,1.2115,0.4784,FOLLOW_ARC
82.38,0.5352,1.2524,-0.5518,-3.9802,1.2469,0.628,1.2115,0.4766,FOLLOW_ARC
82.4,0.5367,1.2515,-0.5578,-3.9817,1.2478,0.6357,1.2069,0.4747,FOLLOW_ARC
82.42,0.5383,1.2505,-0.5638,-3.9833,1.2487,0.6357,1.2069,0.4729,FOLLOW_ARC
82.44,0.5399,1.2495,-0.5698,-3.9848,1.2496,0.6357,1.2069,0.471,FOLLOW_ARC
82.46,0.5414,1.2485,-0.5758,-3.9863,1.2506,0.6357,1.2069,0.4692,FOLLOW_ARC
82.48,0.543,1.2475,-0.5818,-3.9879,1.2515,0.6357,1.2069,0.4674,FOLLOW_ARC
82.5,0.5445,1.2464,-0.5878,-3.9894,1.2525,0.6433,1.2021,0.4655,FOLLOW_ARC
82.52,0.5461,1.2454,-0.5938,-3.9909,1.2534,0.6433,1.2021,0.4637,FOLLOW_ARC
82.54,0.5476,1.2444,-0.5998,-3.9924,1.2544,0.6433,1.2021,0.4618,FOLLOW_ARC
82.56,0.5491,1.2433,-0.6058,-3.9939,1.2554,0.6433,1.2021,0.46,FOLLOW_ARC
82.578,0.5506,1.2422,-0.6118,-3.9954,1.2564,0.6433,1.2021,0.4582,FOLLOW_ARC
82.6,0.5522,1.2412,-0.6178,-3.9969,1.2574,0.6523,1.1961,0.4563,FOLLOW_ARC
82.62,0.5537,1.2401,-0.6238,-3.9984,1.2584,0.6523,1.1961,0.4545,FOLLOW_ARC
82.64,0.5552,1.239,-0.6298,-3.9999,1.2594,0.6523,1.1961,0.4527,FOLLOW_ARC
82.66,0.5567,1.2379,-0.6358,-4.0014,1.2604,0.6523,1.1961,0.4509,FOLLOW_ARC
82.68,0.5581,1.2368,-0.6418,-4.0029,1.2615,0.6581,1.1919,0.449,FOLLOW_ARC
82.7,0.5596,1.2357,-0.6478,-4.0043,1.2625,0.6581,1.1919,0.4472,FOLLOW_ARC
82.72,0.5611,1.2346,-0.6538,-4.0072,1.2646,0.6581,1.1919,0.4454,FOLLOW_ARC
82.74,0.5626,1.2334,-0.6598,-4.0087,1.2657,0.6581,1.1919,0.4436,FOLLOW_ARC
82.76,0.564,1.2323,-0.6658,-4.0087,1.2657,0.6581,1.1919,0.4418,FOLLOW_ARC
82.78,0.5655,1.2311,-0.6718,-4.0101,1.2668,0.6581,1.1919,0.44,FOLLOW_ARC
82.8,0.5669,1.23,-0.6778,-4.013,1.269,0.6653,1.1864,0.4382,FOLLOW_ARC
82.82,0.5684,1.2288,-0.6838,-4.0144,1.2701,0.6653,1.1864,0.4364,FOLLOW_ARC
82.84,0.5698,1.2276,-0.6898,-4.0158,1.2712,0.6653,1.1864,0.4346,FOLLOW_ARC
82.86,0.5712,1.2265,-0.6958,-4.0158,1.2712,0.6653,1.1864,0.4328,FOLLOW_ARC
82.88,0.5727,1.2253,-0.7018,-4.0186,1.2734,0.6653,1.1864,0.431,FOLLOW_ARC
82.902,0.5741,1.2241,-0.7078,-4.02,1.2746,0.6723,1.1807,0.4292,FOLLOW_ARC
82.92,0.5755,1.2228,-0.7138,-4.02,1.2746,0.6723,1.1807,0.4274,FOLLOW_ARC
82.94,0.5769,1.2216,-0.7198,-4.0228,1.2769,0.6723,1.1807,0.4256,FOLLOW_ARC
82.96,0.5783,1.2204,-0.7258,-4.0228,1.2769,0.6723,1.1807,0.4239,FOLLOW_ARC
82.978,0.5796,1.2192,-0.7318,-4.0242,1.278,0.6723,1.1807,0.4221,FOLLOW_ARC
83.0,0.581,1.2179,-0.7378,-4.0255,1.2792,0.6791,1.1749,0.4203,FOLLOW_ARC
83.02,0.5824,1.2167,-0.7438,-4.0269,1.2804,0.6791,1.1749,0.4186,FOLLOW_ARC
83.04,0.5837,1.2154,-0.7498,-4.0296,1.2828,0.6791,1.1749,0.4168,FOLLOW_ARC
83.06,0.5851,1.2141,-0.7558,-4.0296,1.2828,0.6791,1.1749,0.415,FOLLOW_ARC
83.08,0.5864,1.2129,-0.7618,-4.0309,1.284,0.6791,1.1749,0.4133,FOLLOW_ARC
83.1,0.5878,1.2116,-0.7678,-4.0323,1.2852,0.6857,1.1688,0.4115,FOLLOW_ARC
83.12,0.5891,1.2103,-0.7738,-4.0336,1.2864,0.6857,1.1688,0.4098,FOLLOW_ARC
83.14,0.5904,1.209,-0.7798,-4.0362,1.2889,0.6857,1.1688,0.4081,FOLLOW_ARC
83.16,0.5917,1.2077,-0.7858,-4.0362,1.2889,0.6857,1.1688,0.4063,FOLLOW_ARC
83.178,0.593,1.2064,-0.7918,-4.0375,1.2901,0.6857,1.1688,0.4046,FOLLOW_ARC
83.2,0.5943,1.205,-0.7978,-4.0388,1.2914,0.6934,1.1612,0.4029,FOLLOW_ARC
83.22,0.5956,1.2037,-0.8038,-4.0401,1.2926,0.6934,1.1612,0.4011,FOLLOW_ARC
83.24,0.5969,1.2024,-0.8098,-4.0426,1.2952,0.6934,1.1612,0.3994,FOLLOW_ARC
83.26,0.5982,1.201,-0.8158,-4.0426,1.2952,0.6934,1.1612,0.3977,FOLLOW_ARC
83.28,0.5994,1.1997,-0.8218,-4.0439,1.2964,0.6934,1.1612,0.396,FOLLOW_ARC
83.3,0.6007,1.1983,-0.8278,-4.0452,1.2977,0.6984,1.156,0.3943,FOLLOW_ARC
83.32,0.602,1.1969,-0.8338,-4.0464,1.299,0.6984,1.156,0.3926,FOLLOW_ARC
83.34,0.6032,1.1956,-0.8398,-4.0477,1.3003,0.6984,1.156,0.3909,FOLLOW_ARC
83.36,0.6044,1.1942,-0.8458,-4.0489,1.3016,0.6984,1.156,0.3892,FOLLOW_ARC
83.38,0.6057,1.1928,-0.8518,-4.0513,1.3043,0.6984,1.156,0.3876,FOLLOW_ARC
83.4,0.6069,1.1914,-0.8578,-4.0525,1.3056,0.7045,1.1494,0.3859,FOLLOW_ARC
83.42,0.6081,1.19,-0.8638,-4.0525,1.3056,0.7045,1.1494,0.3842,FOLLOW_ARC
83.44,0.6093,1.1886,-0.8698,-4.0549,1.3083,0.7045,1.1494,0.3826,FOLLOW_ARC
83.46,0.6105,1.1871,-0.8758,-4.0549,1.3083,0.7045,1.1494,0.3809,FOLLOW_ARC
83.48,0.6116,1.1857,-0.8818,-4.0561,1.3097,0.7045,1.1494,0.3793,FOLLOW_ARC
83.5,0.6128,1.1843,-0.8878,-4.0585,1.3124,0.7104,1.1426,0.3776,FOLLOW_ARC
83.52,0.614,1.1828,-0.8938,-4.0596,1.3138,0.7104,1.1426,0.376,FOLLOW_ARC
83.54,0.6151,1.1814,-0.8998,-4.0596,1.3138,0.7104,1.1426,0.3744,FOLLOW_ARC
83.56,0.6163,1.1799,-0.9058,-4.0608,1.3152,0.7104,1.1426,0.3728,FOLLOW_ARC
83.58,0.6174,1.1785,-0.9118,-4.0619,1.3166,0.7104,1.1426,0.3711,FOLLOW_ARC
83.6,0.6186,1.177,-0.9178,-4.063,1.3179,0.716,1.1356,0.3695,FOLLOW_ARC
83.62,0.6197,1.1755,-0.9238,-4.0642,1.3194,0.716,1.1356,0.3679,FOLLOW_ARC
83.64,0.6208,1.174,-0.9298,-4.0653,1.3208,0.716,1.1356,0.3663,FOLLOW_ARC
83.66,0.6219,1.1726,-0.9358,-4.0664,1.3222,0.716,1.1356,0.3647,FOLLOW_ARC
83.68,0.623,1.1711,-0.9418,-4.0686,1.325,0.7215,1.1284,0.3632,FOLLOW_ARC
83.7,0.6241,1.1696,-0.9478,-4.0686,1.325,0.7215,1.1284,0.3616,FOLLOW_ARC
83.72,0.6252,1.168,-0.9538,-4.0697,1.3265,0.7215,1.1284,0.36,FOLLOW_ARC
83.74,0.6262,1.1665,-0.9598,-4.0708,1.3279,0.7215,1.1284,0.3585,FOLLOW_ARC
83.76,0.6273,1.165,-0.9658,-4.0718,1.3294,0.7215,1.1284,0.3569,FOLLOW_ARC
83.78,0.6283,1.1635,-0.9718,-4.0729,1.3308,0.7215,1.1284,0.3554,FOLLOW_ARC
83.8,0.6294,1.1619,-0.9778,-4.0739,1.3323,0.7267,1.1211,0.3539,FOLLOW_ARC
83.82,0.6304,1.1604,-0.9838,-4.075,1.3338,0.7267,1.1211,0.3523,FOLLOW_ARC
83.84,0.6314,1.1589,-0.9898,-4.077,1.3367,0.7267,1.1211,0.3508,FOLLOW_ARC
83.86,0.6324,1.1573,-0.9958,-4.077,1.3367,0.7267,1.1211,0.3493,FOLLOW_ARC
83.88,0.6334,1.1557,-1.0018,-4.079,1.3397,0.7267,1.1211,0.3478,FOLLOW_ARC
83.902,0.6344,1.1542,-1.0078,-4.08,1.3412,0.7327,1.1121,0.3463,FOLLOW_ARC
83.92,0.6354,1.1526,-1.0138,-4.08,1.3412,0.7327,1.1121,0.3448,FOLLOW_ARC
83.94,0.6364,1.151,-1.0198,-4.081,1.3427,0.7327,1.1121,0.3433,FOLLOW_ARC
83.96,0.6373,1.1494,-1.0258,-4.082,1.3442,0.7327,1.1121,0.3419,FOLLOW_ARC
83.98,0.6383,1.1479,-1.0318,-4.0839,1.3473,0.7365,1.106,0.3404,FOLLOW_ARC
84.0,0.6392,1.1463,-1.0378,-4.0839,1.3473,0.7365,1.106,0.339,FOLLOW_ARC
84.02,0.6402,1.1447,-1.0438,-4.0849,1.3488,0.7365,1.106,0.3375,FOLLOW_ARC
84.04,0.6411,1.1431,-1.0498,-4.0867,1.3519,0.7365,1.106,0.3361,FOLLOW_ARC
84.06,0.642,1.1414,-1.0558,-4.0867,1.3519,0.7365,1.106,0.3347,FOLLOW_ARC
84.08,0.6429,1.1398,-1.0618,-4.0877,1.3534,0.7365,1.106,0.3333,FOLLOW_ARC
84.1,0.6438,1.1382,-1.0678,-4.0895,1.3565,0.741,1.0982,0.3319,FOLLOW_ARC
84.12,0.6447,1.1366,-1.0738,-4.0895,1.3565,0.741,1.0982,0.3305,FOLLOW_ARC
84.14,0.6456,1.1349,-1.0798,-4.0913,1.3596,0.741,1.0982,0.3291,FOLLOW_ARC
84.16,0.6465,1.1333,-1.0858,-4.0913,1.3596,0.741,1.0982,0.3277,FOLLOW_ARC
84.18,0.6473,1.1317,-1.0918,-4.0921,1.3612,0.741,1.0982,0.3263,FOLLOW_ARC
84.2,0.6482,1.13,-1.0978,-4.093,1.3628,0.7453,1.0903,0.325,FOLLOW_ARC
84.22,0.649,1.1284,-1.1038,-4.0939,1.3644,0.7453,1.0903,0.3237,FOLLOW_ARC
84.24,0.6498,1.1267,-1.1098,-4.0947,1.366,0.7453,1.0903,0.3223,FOLLOW_ARC
84.26,0.6507,1.125,-1.1158,-4.0956,1.3676,0.7453,1.0903,0.321,FOLLOW_ARC
84.28,0.6515,1.1234,-1.1218,-4.0972,1.3708,0.7494,1.0823,0.3197,FOLLOW_ARC
84.3,0.6523,1.1217,-1.1278,-4.098,1.3724,0.7494,1.0823,0.3184,FOLLOW_ARC
84.32,0.6531,1.12,-1.1338,-4.098,1.3724,0.7494,1.0823,0.3171,FOLLOW_ARC
84.34,0.6538,1.1183,-1.1398,-4.0988,1.374,0.7494,1.0823,0.3158,FOLLOW_ARC
84.36,0.6546,1.1167,-1.1458,-4.0996,1.3756,0.7494,1.0823,0.3145,FOLLOW_ARC
84.38,0.6554,1.115,-1.1518,-4.1011,1.3788,0.7494,1.0823,0.3133,FOLLOW_ARC
84.4,0.6561,1.1133,-1.1578,-4.1019,1.3805,0.754,1.0725,0.312,FOLLOW_ARC
84.42,0.6568,1.1116,-1.1638,-4.1019,1.3805,0.754,1.0725,0.3108,FOLLOW_ARC
84.44,0.6576,1.1099,-1.1698,-4.1027,1.3821,0.754,1.0725,0.3096,FOLLOW_ARC
84.46,0.6583,1.1081,-1.1758,-4.1041,1.3854,0.754,1.0725,0.3084,FOLLOW_ARC
84.48,0.659,1.1064,-1.1818,-4.1041,1.3854,0.754,1.0725,0.3072,FOLLOW_ARC
84.5,0.6597,1.1047,-1.1878,-4.1048,1.387,0.7568,1.0659,0.306,FOLLOW_ARC
84.52,0.6604,1.103,-1.1938,-4.1063,1.3904,0.7568,1.0659,0.3048,FOLLOW_ARC
84.54,0.6611,1.1013,-1.1998,-4.107,1.392,0.7568,1.0659,0.3036,FOLLOW_ARC
84.56,0.6617,1.0995,-1.2058,-4.1076,1.3937,0.7568,1.0659,0.3025,FOLLOW_ARC
84.58,0.6624,1.0978,-1.2118,-4.1076,1.3937,0.7568,1.0659,0.3013,FOLLOW_ARC
84.6,0.663,1.0961,-1.2178,-4.109,1.397,0.7601,1.0575,0.3002,FOLLOW_ARC
84.62,0.6637,1.0943,-1.2238,-4.109,1.397,0.7601,1.0575,0.2991,FOLLOW_ARC
84.64,0.6643,1.0926,-1.2298,-4.1103,1.4004,0.7601,1.0575,0.298,FOLLOW_ARC
84.66,0.6649,1.0908,-1.2358,-4.1103,1.4004,0.7601,1.0575,0.2969,FOLLOW_ARC
84.68,0.6655,1.0891,-1.2418,-4.1109,1.4021,0.7601,1.0575,0.2958,FOLLOW_ARC
84.7,0.6661,1.0873,-1.2478,-4.1121,1.4055,0.7632,1.0491,0.2947,FOLLOW_ARC
84.72,0.6667,1.0856,-1.2538,-4.1121,1.4055,0.7632,1.0491,0.2937,FOLLOW_ARC
84.74,0.6672,1.0838,-1.2598,-4.1127,1.4072,0.7632,1.0491,0.2926,FOLLOW_ARC
84.76,0.6678,1.082,-1.2658,-4.1133,1.4089,0.7632,1.0491,0.2916,FOLLOW_ARC
84.78,0.6684,1.0803,-1.2718,-4.1145,1.4123,0.7632,1.0491,0.2906,FOLLOW_ARC
84.8,0.6689,1.0785,-1.2778,-4.1145,1.4123,0.766,1.0405,0.2896,FOLLOW_ARC
84.82,0.6694,1.0767,-1.2838,-4.115,1.414,0.766,1.0405,0.2886,FOLLOW_ARC
84.84,0.6699,1.0749,-1.2898,-4.1161,1.4174,0.766,1.0405,0.2876,FOLLOW_ARC
84.86,0.6705,1.0731,-1.2958,-4.1161,1.4174,0.766,1.0405,0.2866,FOLLOW_ARC
84.88,0.671,1.0714,-1.3018,-4.1172,1.4209,0.766,1.0405,0.2857,FOLLOW_ARC
84.9,0.6714,1.0696,-1.3078,-4.1172,1.4209,0.7686,1.0319,0.2848,FOLLOW_ARC
84.92,0.6719,1.0678,-1.3138,-4.1182,1.4243,0.7686,1.0319,0.2838,FOLLOW_ARC
84.94,0.6724,1.066,-1.3198,-4.1182,1.4243,0.7686,1.0319,0.2829,FOLLOW_ARC
84.96,0.6728,1.0642,-1.3258,-4.1186,1.426,0.7686,1.0319,0.282,FOLLOW_ARC
84.98,0.6733,1.0624,-1.3318,-4.1191,1.4278,0.7686,1.0319,0.2812,FOLLOW_ARC
85.0,0.6737,1.0606,-1.3378,-4.1196,1.4295,0.7709,1.0232,0.2803,FOLLOW_ARC
85.02,0.6741,1.0588,-1.3438,-4.12,1.4313,0.7709,1.0232,0.2794,FOLLOW_ARC
85.04,0.6745,1.057,-1.3498,-4.1205,1.433,0.7709,1.0232,0.2786,FOLLOW_ARC
85.06,0.6749,1.0552,-1.3558,-4.1209,1.4347,0.7709,1.0232,0.2778,FOLLOW_ARC
85.08,0.6753,1.0534,-1.3618,-4.1213,1.4365,0.7709,1.0232,0.277,FOLLOW_ARC
85.102,0.6757,1.0515,-1.3678,-4.1222,1.44,0.7733,1.0127,0.2762,FOLLOW_ARC
85.12,0.6761,1.0497,-1.3738,-4.1222,1.44,0.7733,1.0127,0.2754,FOLLOW_ARC
85.14,0.6764,1.0479,-1.3798,-4.1226,1.4418,0.7733,1.0127,0.2746,FOLLOW_ARC
85.16,0.6768,1.0461,-1.3858,-4.1229,1.4435,0.7733,1.0127,0.2739,FOLLOW_ARC
85.18,0.6771,1.0443,-1.3918,-4.1233,1.4453,0.7733,1.0127,0.2731,FOLLOW_ARC
85.2,0.6774,1.0424,-1.3978,-4.1237,1.447,0.7747,1.0056,0.2724,FOLLOW_ARC
85.22,0.6777,1.0406,-1.4038,-4.124,1.4488,0.7747,1.0056,0.2717,FOLLOW_ARC
85.24,0.678,1.0388,-1.4098,-4.1244,1.4506,0.7747,1.0056,0.271,FOLLOW_ARC
85.26,0.6783,1.0369,-1.4158,-4.125,1.4541,0.7747,1.0056,0.2703,FOLLOW_ARC
85.28,0.6786,1.0351,-1.4218,-4.125,1.4541,0.7747,1.0056,0.2697,FOLLOW_ARC
85.3,0.6789,1.0333,-1.4278,-4.1253,1.4559,0.7763,0.9967,0.269,FOLLOW_ARC
85.32,0.6791,1.0314,-1.4338,-4.1256,1.4577,0.7763,0.9967,0.2684,FOLLOW_ARC
85.34,0.6794,1.0296,-1.4398,-4.1259,1.4594,0.7763,0.9967,0.2678,FOLLOW_ARC
85.36,0.6796,1.0278,-1.4458,-4.1262,1.4612,0.7763,0.9967,0.2672,FOLLOW_ARC
85.38,0.6799,1.0259,-1.4518,-4.1264,1.463,0.7763,0.9967,0.2666,FOLLOW_ARC
85.4,0.6801,1.0241,-1.4578,-4.1267,1.4648,0.7775,0.9878,0.266,FOLLOW_ARC
85.42,0.6803,1.0222,-1.4638,-4.1269,1.4666,0.7775,0.9878,0.2655,FOLLOW_ARC
85.44,0.6805,1.0204,-1.4698,-4.1272,1.4684,0.7775,0.9878,0.265,FOLLOW_ARC
85.46,0.6806,1.0185,-1.4758,-4.1274,1.4701,0.7775,0.9878,0.2644,FOLLOW_ARC
85.48,0.6808,1.0167,-1.4818,-4.1276,1.4719,0.7775,0.9878,0.2639,FOLLOW_ARC
85.5,0.681,1.0149,-1.4878,-4.128,1.4755,0.7785,0.9789,0.2634,FOLLOW_ARC
85.52,0.6811,1.013,-1.4938,-4.1282,1.4773,0.7785,0.9789,0.263,FOLLOW_ARC
85.54,0.6813,1.0112,-1.4998,-4.1282,1.4773,0.7785,0.9789,0.2625,FOLLOW_ARC
85.56,0.6814,1.0093,-1.5058,-4.1284,1.4791,0.7785,0.9789,0.2621,FOLLOW_ARC
85.58,0.6815,1.0075,-1.5118,-4.1285,1.4809,0.7792,0.9699,0.2616,FOLLOW_ARC
85.6,0.6816,1.0056,-1.5178,-4.1287,1.4827,0.7792,0.9699,0.2612,FOLLOW_ARC
85.62,0.6817,1.0038,-1.5238,-4.1289,1.4863,0.7792,0.9699,0.2608,FOLLOW_ARC
85.64,0.6818,1.0019,-1.5298,-4.129,1.4881,0.7792,0.9699,0.2605,FOLLOW_ARC
85.66,0.6818,1.0001,-1.5358,-4.1291,1.4899,0.7792,0.9699,0.2601,FOLLOW_ARC
85.68,0.6819,0.9982,-1.5418,-4.1291,1.4899,0.7792,0.9699,0.2598,FOLLOW_ARC
85.7,0.6819,0.9963,-1.5478,-4.1292,1.4917,0.7797,0.9609,0.2594,FOLLOW_ARC
85.72,0.682,0.9945,-1.5538,-4.1293,1.4935,0.7797,0.9609,0.2591,FOLLOW_ARC
85.74,0.682,0.9926,-1.5598,-4.1294,1.4953,0.7797,0.9609,0.2588,FOLLOW_ARC
85.76,0.682,0.9908,-1.5658,-4.1295,1.4971,0.7797,0.9609,0.2586,FOLLOW_ARC
85.78,0.682,0.9889,-1.5718,-4.1295,1.4989,0.7798,0.9519,0.2583,FOLLOW_ARC
85.8,0.682,0.9871,-1.5778,-4.1295,1.5007,0.7798,0.9519,0.2581,FOLLOW_ARC
85.82,0.682,0.9852,-1.5838,-4.1296,1.5024,0.7798,0.9519,0.2578,FOLLOW_ARC
85.84,0.682,0.9834,-1.5898,-4.1296,1.5042,0.7798,0.9519,0.2576,FOLLOW_ARC
85.86,0.6819,0.9815,-1.5958,-4.1296,1.506,0.7798,0.9519,0.2574,FOLLOW_ARC
85.88,0.6819,0.9797,-1.6018,-4.1296,1.5096,0.7798,0.9519,0.2573,FOLLOW_ARC
85.9,0.6818,0.9778,-1.6078,-4.1296,1.5096,0.7797,0.9411,0.2571,FOLLOW_ARC
85.92,0.6817,0.976,-1.6138,-4.1296,1.5114,0.7797,0.9411,0.257,FOLLOW_ARC
85.94,0.6816,0.9741,-1.6198,-4.1295,1.5132,0.7797,0.9411,0.2568,FOLLOW_ARC
85.96,0.6815,0.9723,-1.6258,-4.1295,1.515,0.7797,0.9411,0.2567,FOLLOW_ARC
85.98,0.6814,0.9704,-1.6318,-4.1294,1.5168,0.7797,0.9411,0.2566,FOLLOW_ARC
86.0,0.6813,0.9686,-1.6378,-4.1293,1.5186,0.7794,0.9339,0.2565,FOLLOW_ARC
86.02,0.6812,0.9667,-1.6438,-4.1292,1.5222,0.7794,0.9339,0.2565,FOLLOW_ARC
86.04,0.681,0.9649,-1.6498,-4.1292,1.5222,0.7794,0.9339,0.2564,FOLLOW_ARC
86.06,0.6809,0.963,-1.6558,-4.1291,1.524,0.7794,0.9339,0.2564,FOLLOW_ARC
86.08,0.6807,0.9612,-1.6618,-4.1288,1.5276,0.7794,0.9339,0.2564,FOLLOW_ARC
86.1,0.6805,0.9593,-1.6678,-4.1288,1.5276,0.7787,0.9249,0.2564,FOLLOW_ARC
86.12,0.6804,0.9575,-1.6738,-4.1287,1.5294,0.7787,0.9249,0.2564,FOLLOW_ARC
86.14,0.6802,0.9556,-1.6798,-4.1286,1.5312,0.7787,0.9249,0.2565,FOLLOW_ARC
86.16,0.68,0.9538,-1.6858,-4.1284,1.533,0.7787,0.9249,0.2565,FOLLOW_ARC
86.18,0.6797,0.9519,-1.6918,-4.1282,1.5348,0.7787,0.9249,0.2566,FOLLOW_ARC
86.2,0.6795,0.9501,-1.6978,-4.1281,1.5366,0.7778,0.916,0.2567,FOLLOW_ARC
86.22,0.6793,0.9483,-1.7038,-4.1279,1.5384,0.7778,0.916,0.2568,FOLLOW_ARC
86.24,0.679,0.9464,-1.7098,-4.1277,1.5402,0.7778,0.916,0.2569,FOLLOW_ARC
86.26,0.6787,0.9446,-1.7158,-4.1273,1.5438,0.7778,0.916,0.2571,FOLLOW_ARC
86.28,0.6785,0.9428,-1.7218,-4.1273,1.5438,0.7778,0.916,0.2572,FOLLOW_ARC
86.3,0.6782,0.9409,-1.7278,-4.127,1.5455,0.7767,0.9071,0.2574,FOLLOW_ARC
86.32,0.6779,0.9391,-1.7338,-4.1268,1.5473,0.7767,0.9071,0.2576,FOLLOW_ARC
86.34,0.6776,0.9373,-1.7398,-4.1265,1.5491,0.7767,0.9071,0.2578,FOLLOW_ARC
86.36,0.6773,0.9354,-1.7458,-4.1263,1.5509,0.7767,0.9071,0.258,FOLLOW_ARC
86.38,0.6769,0.9336,-1.7518,-4.1257,1.5544,0.7767,0.9071,0.2583,FOLLOW_ARC
86.4,0.6766,0.9318,-1.7578,-4.1257,1.5544,0.7752,0.8982,0.2585,FOLLOW_ARC
86.42,0.6762,0.93,-1.7638,-4.1254,1.5562,0.7752,0.8982,0.2588,FOLLOW_ARC
86.44,0.6759,0.9282,-1.7698,-4.1251,1.558,0.7752,0.8982,0.2591,FOLLOW_ARC
86.46,0.6755,0.9263,-1.7758,-4.1248,1.5598,0.7752,0.8982,0.2594,FOLLOW_ARC
86.48,0.6751,0.9245,-1.7818,-4.1245,1.5615,0.7752,0.8982,0.2597,FOLLOW_ARC
86.5,0.6747,0.9227,-1.7878,-4.1241,1.5633,0.7735,0.8894,0.2601,FOLLOW_ARC
86.518,0.6743,0.9209,-1.7938,-4.1238,1.5651,0.7735,0.8894,0.2604,FOLLOW_ARC
86.54,0.6739,0.9191,-1.7998,-4.1234,1.5668,0.7735,0.8894,0.2608,FOLLOW_ARC
86.56,0.6735,0.9173,-1.8058,-4.1231,1.5686,0.7735,0.8894,0.2612,FOLLOW_ARC
86.58,0.673,0.9155,-1.8118,-4.1227,1.5704,0.7735,0.8894,0.2616,FOLLOW_ARC
86.6,0.6726,0.9137,-1.8178,-4.1223,1.5721,0.7715,0.8806,0.262,FOLLOW_ARC
86.62,0.6721,0.9119,-1.8238,-4.1219,1.5739,0.7715,0.8806,0.2625,FOLLOW_ARC
86.64,0.6717,0.9101,-1.8298,-4.1211,1.5774,0.7715,0.8806,0.2629,FOLLOW_ARC
86.66,0.6712,0.9083,-1.8358,-4.1211,1.5774,0.7715,0.8806,0.2634,FOLLOW_ARC
86.68,0.6707,0.9065,-1.8418,-4.1206,1.5791,0.7715,0.8806,0.2639,FOLLOW_ARC
86.7,0.6702,0.9048,-1.8478,-4.1202,1.5809,0.7693,0.8719,0.2644,FOLLOW_ARC
86.72,0.6697,0.903,-1.8538,-4.1198,1.5826,0.7693,0.8719,0.2649,FOLLOW_ARC
86.74,0.6692,0.9012,-1.8598,-4.1193,1.5843,0.7693,0.8719,0.2655,FOLLOW_ARC
86.76,0.6686,0.8994,-1.8658,-4.1183,1.5878,0.7693,0.8719,0.266,FOLLOW_ARC
86.78,0.6681,0.8976,-1.8718,-4.1183,1.5878,0.7693,0.8719,0.2666,FOLLOW_ARC
86.8,0.6675,0.8959,-1.8778,-4.1178,1.5895,0.7668,0.8632,0.2671,FOLLOW_ARC
86.82,0.667,0.8941,-1.8838,-4.1173,1.5913,0.7668,0.8632,0.2677,FOLLOW_ARC
86.84,0.6664,0.8924,-1.8898,-4.1168,1.593,0.7668,0.8632,0.2684,FOLLOW_ARC
86.86,0.6658,0.8906,-1.8958,-4.1163,1.5947,0.7668,0.8632,0.269,FOLLOW_ARC
86.88,0.6652,0.8888,-1.9018,-4.1158,1.5964,0.7668,0.8632,0.2696,FOLLOW_ARC
86.9,0.6646,0.8871,-1.9078,-4.1147,1.5999,0.7635,0.8529,0.2703,FOLLOW_ARC
86.92,0.664,0.8853,-1.9138,-4.1147,1.5999,0.7635,0.8529,0.271,FOLLOW_ARC
86.942,0.6633,0.8836,-1.9198,-4.1135,1.6033,0.7635,0.8529,0.2717,FOLLOW_ARC
86.96,0.6627,0.8819,-1.9258,-4.1135,1.6033,0.7635,0.8529,0.2724,FOLLOW_ARC
86.98,0.662,0.8801,-1.9318,-4.1129,1.605,0.7635,0.8529,0.2731,FOLLOW_ARC
87.0,0.6614,0.8784,-1.9378,-4.1123,1.6067,0.7604,0.8445,0.2738,FOLLOW_ARC
87.02,0.6607,0.8767,-1.9438,-4.1117,1.6084,0.7604,0.8445,0.2746,FOLLOW_ARC
87.04,0.66,0.8749,-1.9498,-4.1105,1.6118,0.7604,0.8445,0.2753,FOLLOW_ARC
87.06,0.6593,0.8732,-1.9558,-4.1105,1.6118,0.7604,0.8445,0.2761,FOLLOW_ARC
87.08,0.6586,0.8715,-1.9618,-4.1098,1.6134,0.7604,0.8445,0.2769,FOLLOW_ARC
87.102,0.6579,0.8698,-1.9678,-4.1092,1.6151,0.7578,0.8378,0.2777,FOLLOW_ARC
87.12,0.6572,0.8681,-1.9738,-4.1085,1.6168,0.7578,0.8378,0.2785,FOLLOW_ARC
87.14,0.6565,0.8664,-1.9798,-4.1079,1.6185,0.7578,0.8378,0.2794,FOLLOW_ARC
87.16,0.6557,0.8647,-1.9858,-4.1065,1.6218,0.7578,0.8378,0.2802,FOLLOW_ARC
87.18,0.655,0.863,-1.9918,-4.1065,1.6218,0.7578,0.8378,0.2811,FOLLOW_ARC
87.2,0.6542,0.8613,-1.9978,-4.1051,1.6251,0.7543,0.8295,0.282,FOLLOW_ARC
87.22,0.6534,0.8596,-2.0038,-4.1051,1.6251,0.7543,0.8295,0.2829,FOLLOW_ARC
87.24,0.6526,0.8579,-2.0098,-4.1044,1.6268,0.7543,0.8295,0.2838,FOLLOW_ARC
87.26,0.6518,0.8563,-2.0158,-4.1029,1.63,0.7543,0.8295,0.2847,FOLLOW_ARC
87.28,0.651,0.8546,-2.0218,-4.1029,1.63,0.7543,0.8295,0.2856,FOLLOW_ARC
87.3,0.6502,0.8529,-2.0278,-4.1022,1.6317,0.7505,0.8213,0.2866,FOLLOW_ARC
87.32,0.6494,0.8513,-2.0338,-4.1006,1.6349,0.7505,0.8213,0.2875,FOLLOW_ARC
87.34,0.6486,0.8496,-2.0398,-4.1006,1.6349,0.7505,0.8213,0.2885,FOLLOW_ARC
87.36,0.6477,0.848,-2.0458,-4.0991,1.6382,0.7505,0.8213,0.2895,FOLLOW_ARC
87.38,0.6469,0.8463,-2.0518,-4.0991,1.6382,0.7505,0.8213,0.2905,FOLLOW_ARC
87.4,0.646,0.8447,-2.0578,-4.0983,1.6398,0.7465,0.8132,0.2915,FOLLOW_ARC
87.42,0.6451,0.843,-2.0638,-4.0975,1.6414,0.7465,0.8132,0.2926,FOLLOW_ARC
87.44,0.6443,0.8414,-2.0698,-4.0967,1.643,0.7465,0.8132,0.2936,FOLLOW_ARC
87.46,0.6434,0.8398,-2.0758,-4.0958,1.6446,0.7465,0.8132,0.2946,FOLLOW_ARC
87.48,0.6425,0.8382,-2.0818,-4.095,1.6462,0.7465,0.8132,0.2957,FOLLOW_ARC
87.5,0.6415,0.8365,-2.0878,-4.0942,1.6478,0.7423,0.8053,0.2968,FOLLOW_ARC
87.52,0.6406,0.8349,-2.0938,-4.0933,1.6494,0.7423,0.8053,0.2979,FOLLOW_ARC
87.54,0.6397,0.8333,-2.0998,-4.0925,1.651,0.7423,0.8053,0.299,FOLLOW_ARC
87.56,0.6388,0.8317,-2.1058,-4.0916,1.6525,0.7423,0.8053,0.3001,FOLLOW_ARC
87.58,0.6378,0.8301,-2.1118,-4.0907,1.6541,0.7423,0.8053,0.3012,FOLLOW_ARC
87.6,0.6368,0.8286,-2.1178,-4.0898,1.6557,0.7378,0.7975,0.3024,FOLLOW_ARC
87.62,0.6359,0.827,-2.1238,-4.0889,1.6572,0.7378,0.7975,0.3035,FOLLOW_ARC
87.64,0.6349,0.8254,-2.1298,-4.088,1.6588,0.7378,0.7975,0.3047,FOLLOW_ARC
87.66,0.6339,0.8238,-2.1358,-4.0861,1.6619,0.7378,0.7975,0.3059,FOLLOW_ARC
87.68,0.6329,0.8223,-2.1418,-4.0861,1.6619,0.7378,0.7975,0.3071,FOLLOW_ARC
87.7,0.6319,0.8207,-2.1478,-4.0843,1.6649,0.7331,0.7898,0.3083,FOLLOW_ARC
87.72,0.6309,0.8192,-2.1538,-4.0843,1.6649,0.7331,0.7898,0.3095,FOLLOW_ARC
87.74,0.6299,0.8176,-2.1598,-4.0833,1.6665,0.7331,0.7898,0.3107,FOLLOW_ARC
87.76,0.6288,0.8161,-2.1658,-4.0814,1.6695,0.7331,0.7898,0.3119,FOLLOW_ARC
87.78,0.6278,0.8146,-2.1718,-4.0814,1.6695,0.7331,0.7898,0.3132,FOLLOW_ARC
87.8,0.6267,0.813,-2.1778,-4.0804,1.671,0.7282,0.7823,0.3144,FOLLOW_ARC
87.82,0.6257,0.8115,-2.1838,-4.0794,1.6725,0.7282,0.7823,0.3157,FOLLOW_ARC
87.84,0.6246,0.81,-2.1898,-4.0784,1.674,0.7282,0.7823,0.317,FOLLOW_ARC
87.86,0.6235,0.8085,-2.1958,-4.0774,1.6755,0.7282,0.7823,0.3183,FOLLOW_ARC
87.88,0.6224,0.807,-2.2018,-4.0764,1.677,0.7282,0.7823,0.3196,FOLLOW_ARC
87.9,0.6213,0.8055,-2.2078,-4.0753,1.6785,0.723,0.7749,0.3209,FOLLOW_ARC
87.92,0.6202,0.804,-2.2138,-4.0743,1.6799,0.723,0.7749,0.3222,FOLLOW_ARC
87.94,0.6191,0.8025,-2.2198,-4.0732,1.6814,0.723,0.7749,0.3236,FOLLOW_ARC
87.96,0.618,0.8011,-2.2258,-4.0711,1.6843,0.723,0.7749,0.3249,FOLLOW_ARC
87.98,0.6168,0.7996,-2.2318,-4.0711,1.6843,0.723,0.7749,0.3263,FOLLOW_ARC
88.0,0.6157,0.7981,-2.2378,-4.0701,1.6858,0.7176,0.7677,0.3276,FOLLOW_ARC
88.02,0.6145,0.7967,-2.2438,-4.0679,1.6886,0.7176,0.7677,0.329,FOLLOW_ARC
88.04,0.6134,0.7952,-2.2498,-4.0679,1.6886,0.7176,0.7677,0.3304,FOLLOW_ARC
88.06,0.6122,0.7938,-2.2558,-4.0668,1.6901,0.7176,0.7677,0.3318,FOLLOW_ARC
88.08,0.611,0.7924,-2.2618,-4.0657,1.6915,0.7176,0.7677,0.3332,FOLLOW_ARC
88.1,0.6098,0.7909,-2.2678,-4.0646,1.6929,0.712,0.7607,0.3346,FOLLOW_ARC
88.12,0.6086,0.7895,-2.2738,-4.0634,1.6943,0.712,0.7607,0.336,FOLLOW_ARC
88.14,0.6074,0.7881,-2.2798,-4.0612,1.6971,0.712,0.7607,0.3374,FOLLOW_ARC
88.16,0.6062,0.7867,-2.2858,-4.0612,1.6971,0.712,0.7607,0.3389,FOLLOW_ARC
88.18,0.605,0.7853,-2.2918,-4.06,1.6985,0.712,0.7607,0.3403,FOLLOW_ARC
88.2,0.6038,0.7839,-2.2978,-4.0589,1.6998,0.7062,0.7538,0.3418,FOLLOW_ARC
88.22,0.6025,0.7826,-2.3038,-4.0577,1.7012,0.7062,0.7538,0.3432,FOLLOW_ARC
88.24,0.6013,0.7812,-2.3098,-4.0565,1.7026,0.7062,0.7538,0.3447,FOLLOW_ARC
88.26,0.6,0.7798,-2.3158,-4.0554,1.7039,0.7062,0.7538,0.3462,FOLLOW_ARC
88.28,0.5988,0.7785,-2.3218,-4.0542,1.7053,0.7062,0.7538,0.3477,FOLLOW_ARC
88.3,0.5975,0.7771,-2.3278,-4.053,1.7066,0.7002,0.7471,0.3492,FOLLOW_ARC
88.32,0.5962,0.7758,-2.3338,-4.0505,1.7093,0.7002,0.7471,0.3507,FOLLOW_ARC
88.34,0.5949,0.7744,-2.3398,-4.0505,1.7093,0.7002,0.7471,0.3522,FOLLOW_ARC
88.36,0.5937,0.7731,-2.3458,-4.0493,1.7106,0.7002,0.7471,0.3537,FOLLOW_ARC
88.38,0.5924,0.7718,-2.3518,-4.0481,1.7119,0.7002,0.7471,0.3553,FOLLOW_ARC
88.4,0.591,0.7705,-2.3578,-4.0469,1.7132,0.694,0.7406,0.3568,FOLLOW_ARC
88.418,0.5897,0.7692,-2.3638,-4.0456,1.7145,0.694,0.7406,0.3584,FOLLOW_ARC
88.44,0.5884,0.7679,-2.3698,-4.0444,1.7158,0.694,0.7406,0.3599,FOLLOW_ARC
88.46,0.5871,0.7666,-2.3758,-4.0431,1.7171,0.694,0.7406,0.3615,FOLLOW_ARC
88.48,0.5857,0.7653,-2.3818,-4.0406,1.7197,0.694,0.7406,0.3631,FOLLOW_ARC
88.5,0.5844,0.764,-2.3878,-4.0406,1.7197,0.6876,0.7342,0.3646,FOLLOW_ARC
88.52,0.583,0.7628,-2.3938,-4.0393,1.7209,0.6876,0.7342,0.3662,FOLLOW_ARC
88.54,0.5817,0.7615,-2.3998,-4.0367,1.7234,0.6876,0.7342,0.3678,FOLLOW_ARC
88.56,0.5803,0.7603,-2.4058,-4.0354,1.7247,0.6876,0.7342,0.3694,FOLLOW_ARC
88.58,0.5789,0.759,-2.4118,-4.0354,1.7247,0.6876,0.7342,0.371,FOLLOW_ARC
88.6,0.5775,0.7578,-2.4178,-4.0341,1.7259,0.6811,0.7281,0.3726,FOLLOW_ARC
88.62,0.5761,0.7566,-2.4238,-4.0327,1.7271,0.6811,0.7281,0.3743,FOLLOW_ARC
88.64,0.5747,0.7554,-2.4298,-4.0314,1.7283,0.6811,0.7281,0.3759,FOLLOW_ARC
88.66,0.5733,0.7541,-2.4358,-4.0287,1.7307,0.6811,0.7281,0.3775,FOLLOW_ARC
88.68,0.5719,0.7529,-2.4418,-4.0287,1.7307,0.6811,0.7281,0.3792,FOLLOW_ARC
88.7,0.5705,0.7518,-2.4478,-4.0274,1.7319,0.6729,0.721,0.3808,FOLLOW_ARC
88.72,0.5691,0.7506,-2.4538,-4.026,1.7331,0.6729,0.721,0.3825,FOLLOW_ARC
88.74,0.5676,0.7494,-2.4598,-4.0247,1.7343,0.6729,0.721,0.3841,FOLLOW_ARC
88.76,0.5662,0.7482,-2.4658,-4.0233,1.7355,0.6729,0.721,0.3858,FOLLOW_ARC
88.78,0.5647,0.7471,-2.4718,-4.0205,1.7378,0.6729,0.721,0.3875,FOLLOW_ARC
88.8,0.5633,0.7459,-2.4778,-4.0191,1.7389,0.6674,0.7164,0.3891,FOLLOW_ARC
88.82,0.5618,0.7448,-2.4838,-4.0191,1.7389,0.6674,0.7164,0.3908,FOLLOW_ARC
88.84,0.5603,0.7437,-2.4898,-4.0163,1.7412,0.6674,0.7164,0.3925,FOLLOW_ARC
88.86,0.5589,0.7426,-2.4958,-4.0163,1.7412,0.6674,0.7164,0.3942,FOLLOW_ARC
88.88,0.5574,0.7414,-2.5018,-4.0149,1.7423,0.6674,0.7164,0.3959,FOLLOW_ARC
88.9,0.5559,0.7403,-2.5078,-4.0135,1.7434,0.6602,0.7109,0.3969,FOLLOW_ARC
88.92,0.5544,0.7393,-2.5138,-4.0121,1.7445,0.6602,0.7109,0.3951,FOLLOW_ARC
88.94,0.5529,0.7382,-2.5198,-4.0106,1.7456,0.6602,0.7109,0.3932,FOLLOW_ARC
88.96,0.5514,0.7371,-2.5258,-4.0092,1.7467,0.6602,0.7109,0.3913,FOLLOW_ARC
88.98,0.5498,0.736,-2.5318,-4.0078,1.7477,0.6602,0.7109,0.3895,FOLLOW_ARC
89.0,0.5483,0.735,-2.5378,-4.0063,1.7488,0.653,0.7056,0.3876,FOLLOW_ARC
89.02,0.5468,0.7339,-2.5438,-4.0049,1.7499,0.653,0.7056,0.3858,FOLLOW_ARC
89.04,0.5453,0.7329,-2.5498,-4.0034,1.7509,0.653,0.7056,0.3839,FOLLOW_ARC
89.06,0.5437,0.7319,-2.5558,-4.0019,1.7519,0.653,0.7056,0.382,FOLLOW_ARC
89.08,0.5422,0.7308,-2.5618,-4.0004,1.753,0.653,0.7056,0.3802,FOLLOW_ARC
89.1,0.5406,0.7298,-2.5678,-3.999,1.754,0.6455,0.7005,0.3783,FOLLOW_ARC
89.12,0.5391,0.7288,-2.5738,-3.9975,1.755,0.6455,0.7005,0.3765,FOLLOW_ARC
89.14,0.5375,0.7278,-2.5798,-3.996,1.756,0.6455,0.7005,0.3746,FOLLOW_ARC
89.16,0.5359,0.7269,-2.5858,-3.9945,1.757,0.6455,0.7005,0.3728,FOLLOW_ARC
89.18,0.5343,0.7259,-2.5918,-3.993,1.758,0.6455,0.7005,0.3709,FOLLOW_ARC
89.2,0.5328,0.7249,-2.5978,-3.9915,1.759,0.638,0.6957,0.3691,FOLLOW_ARC
89.22,0.5312,0.724,-2.6038,-3.9884,1.7609,0.638,0.6957,0.3672,FOLLOW_ARC
89.24,0.5296,0.723,-2.6098,-3.9884,1.7609,0.638,0.6957,0.3654,FOLLOW_ARC
89.26,0.528,0.7221,-2.6158,-3.9869,1.7618,0.638,0.6957,0.3635,FOLLOW_ARC
89.28,0.5264,0.7212,-2.6218,-3.9853,1.7628,0.638,0.6957,0.3617,FOLLOW_ARC
89.3,0.5247,0.7203,-2.6278,-3.9838,1.7637,0.6287,0.6901,0.3598,FOLLOW_ARC
89.32,0.5231,0.7193,-2.6338,-3.9823,1.7646,0.6287,0.6901,0.358,FOLLOW_ARC
89.34,0.5215,0.7184,-2.6398,-3.9807,1.7655,0.6287,0.6901,0.3562,FOLLOW_ARC
89.36,0.5199,0.7176,-2.6458,-3.9791,1.7664,0.6287,0.6901,0.3543,FOLLOW_ARC
89.38,0.5182,0.7167,-2.6518,-3.9776,1.7673,0.6287,0.6901,0.3525,FOLLOW_ARC
89.4,0.5166,0.7158,-2.6578,-3.976,1.7682,0.6224,0.6866,0.3507,FOLLOW_ARC
89.42,0.515,0.715,-2.6638,-3.9744,1.7691,0.6224,0.6866,0.3488,FOLLOW_ARC
89.44,0.5133,0.7141,-2.6698,-3.9729,1.77,0.6224,0.6866,0.347,FOLLOW_ARC
89.46,0.5117,0.7133,-2.6758,-3.9713,1.7708,0.6224,0.6866,0.3452,FOLLOW_ARC
89.48,0.51,0.7125,-2.6818,-3.9697,1.7717,0.6224,0.6866,0.3433,FOLLOW_ARC
89.5,0.5083,0.7116,-2.6878,-3.9681,1.7725,0.6144,0.6825,0.3415,FOLLOW_ARC
89.52,0.5067,0.7108,-2.6938,-3.9665,1.7733,0.6144,0.6825,0.3397,FOLLOW_ARC
89.54,0.505,0.71,-2.6998,-3.9649,1.7741,0.6144,0.6825,0.3379,FOLLOW_ARC
89.56,0.5033,0.7092,-2.7058,-3.9633,1.7749,0.6144,0.6825,0.3361,FOLLOW_ARC
89.58,0.5016,0.7085,-2.7118,-3.9617,1.7757,0.6144,0.6825,0.3343,FOLLOW_ARC
89.6,0.4999,0.7077,-2.7178,-3.9601,1.7765,0.6063,0.6786,0.3325,FOLLOW_ARC
89.62,0.4982,0.7069,-2.7238,-3.9584,1.7773,0.6063,0.6786,0.3307,FOLLOW_ARC
89.64,0.4965,0.7062,-2.7298,-3.9568,1.7781,0.6063,0.6786,0.3289,FOLLOW_ARC
89.66,0.4948,0.7055,-2.7358,-3.9552,1.7788,0.6063,0.6786,0.3271,FOLLOW_ARC
89.68,0.4931,0.7047,-2.7418,-3.9535,1.7796,0.5981,0.6749,0.3253,FOLLOW_ARC
89.7,0.4914,0.704,-2.7478,-3.9502,1.781,0.5981,0.6749,0.3235,FOLLOW_ARC
89.72,0.4897,0.7033,-2.7538,-3.9502,1.781,0.5981,0.6749,0.3217,FOLLOW_ARC
89.74,0.488,0.7026,-2.7598,-3.9486,1.7818,0.5981,0.6749,0.3199,FOLLOW_ARC
89.76,0.4863,0.7019,-2.7658,-3.9453,1.7832,0.5981,0.6749,0.3181,FOLLOW_ARC
89.78,0.4845,0.7013,-2.7718,-3.9453,1.7832,0.5981,0.6749,0.3164,FOLLOW_ARC
89.8,0.4828,0.7006,-2.7778,-3.9436,1.7839,0.5898,0.6715,0.3146,FOLLOW_ARC
89.82,0.4811,0.6999,-2.7838,-3.9419,1.7845,0.5898,0.6715,0.3128,FOLLOW_ARC
89.84,0.4793,0.6993,-2.7898,-3.9403,1.7852,0.5898,0.6715,0.311,FOLLOW_ARC
89.86,0.4776,0.6987,-2.7958,-3.9386,1.7859,0.5898,0.6715,0.3093,FOLLOW_ARC
89.88,0.4759,0.6981,-2.8018,-3.9352,1.7872,0.5898,0.6715,0.3075,FOLLOW_ARC
89.9,0.4741,0.6974,-2.8078,-3.9336,1.7878,0.5814,0.6683,0.3058,FOLLOW_ARC
89.92,0.4724,0.6968,-2.8138,-3.9336,1.7878,0.5814,0.6683,0.304,FOLLOW_ARC
89.94,0.4706,0.6962,-2.8198,-3.9319,1.7884,0.5814,0.6683,0.3023,FOLLOW_ARC
89.96,0.4688,0.6957,-2.8258,-3.9302,1.789,0.5814,0.6683,0.3006,FOLLOW_ARC
89.98,0.4671,0.6951,-2.8318,-3.9285,1.7896,0.5814,0.6683,0.2988,FOLLOW_ARC
90.0,0.4653,0.6945,-2.8378,-3.9268,1.7902,0.5728,0.6654,0.2971,FOLLOW_ARC
90.02,0.4635,0.694,-2.8438,-3.9251,1.7908,0.5728,0.6654,0.2954,FOLLOW_ARC
90.04,0.4618,0.6935,-2.8498,-3.9234,1.7913,0.5728,0.6654,0.2937,FOLLOW_ARC
90.06,0.46,0.6929,-2.8558,-3.9216,1.7919,0.5728,0.6654,0.2919,FOLLOW_ARC
90.08,0.4582,0.6924,-2.8618,-3.9199,1.7924,0.5728,0.6654,0.2902,FOLLOW_ARC
90.1,0.4564,0.6919,-2.8678,-3.9165,1.7935,0.5642,0.6627,0.2885,FOLLOW_ARC
90.12,0.4546,0.6914,-2.8738,-3.9165,1.7935,0.5642,0.6627,0.2868,FOLLOW_ARC
90.14,0.4528,0.6909,-2.8798,-3.913,1.7945,0.5642,0.6627,0.2851,FOLLOW_ARC
90.16,0.451,0.6905,-2.8858,-3.913,1.7945,0.5642,0.6627,0.2835,FOLLOW_ARC
90.18,0.4493,0.69,-2.8918,-3.9113,1.795,0.5642,0.6627,0.2818,FOLLOW_ARC
90.2,0.4475,0.6895,-2.8978,-3.9096,1.7955,0.5556,0.6603,0.2801,FOLLOW_ARC
90.22,0.4457,0.6891,-2.9038,-3.9078,1.796,0.5556,0.6603,0.2784,FOLLOW_ARC
90.24,0.4438,0.6887,-2.9098,-3.9044,1.7969,0.5556,0.6603,0.2768,FOLLOW_ARC
90.26,0.442,0.6882,-2.9158,-3.9044,1.7969,0.5556,0.6603,0.2751,FOLLOW_ARC
90.28,0.4402,0.6878,-2.9218,-3.9026,1.7973,0.5556,0.6603,0.2735,FOLLOW_ARC
90.3,0.4384,0.6874,-2.9278,-3.9009,1.7978,0.5468,0.6582,0.2718,FOLLOW_ARC
90.32,0.4366,0.6871,-2.9338,-3.8991,1.7982,0.5468,0.6582,0.2702,FOLLOW_ARC
90.34,0.4348,0.6867,-2.9398,-3.8956,1.799,0.5468,0.6582,0.2686,FOLLOW_ARC
90.36,0.433,0.6863,-2.9458,-3.8956,1.799,0.5468,0.6582,0.2669,FOLLOW_ARC
90.38,0.4312,0.686,-2.9518,-3.8921,1.7998,0.5468,0.6582,0.2653,FOLLOW_ARC
90.4,0.4293,0.6856,-2.9578,-3.8921,1.7998,0.538,0.6563,0.2637,FOLLOW_ARC
90.42,0.4275,0.6853,-2.9638,-3.8903,1.8002,0.538,0.6563,0.2621,FOLLOW_ARC
90.44,0.4257,0.685,-2.9698,-3.8886,1.8005,0.538,0.6563,0.2605,FOLLOW_ARC
90.46,0.4239,0.6847,-2.9758,-3.8868,1.8009,0.538,0.6563,0.2589,FOLLOW_ARC
90.48,0.422,0.6844,-2.9818,-3.885,1.8012,0.538,0.6563,0.2573,FOLLOW_ARC
90.5,0.4202,0.6841,-2.9878,-3.8833,1.8015,0.5292,0.6547,0.2558,FOLLOW_ARC
90.52,0.4184,0.6838,-2.9938,-3.8815,1.8018,0.5292,0.6547,0.2542,FOLLOW_ARC
90.54,0.4165,0.6835,-2.9998,-3.8797,1.8022,0.5292,0.6547,0.2526,FOLLOW_ARC
90.56,0.4147,0.6833,-3.0058,-3.8779,1.8024,0.5292,0.6547,0.2511,FOLLOW_ARC
90.58,0.4129,0.683,-3.0118,-3.8762,1.8027,0.5292,0.6547,0.2495,FOLLOW_ARC
90.6,0.411,0.6828,-3.0178,-3.8744,1.803,0.5203,0.6533,0.248,FOLLOW_ARC
90.62,0.4092,0.6826,-3.0238,-3.8726,1.8033,0.5203,0.6533,0.2465,FOLLOW_ARC
90.64,0.4073,0.6824,-3.0298,-3.8708,1.8035,0.5203,0.6533,0.245,FOLLOW_ARC
90.66,0.4055,0.6822,-3.0358,-3.869,1.8038,0.5203,0.6533,0.2434,FOLLOW_ARC
90.68,0.4036,0.682,-3.0418,-3.8655,1.8042,0.5203,0.6533,0.2419,FOLLOW_ARC
90.7,0.4018,0.6818,-3.0478,-3.8655,1.8042,0.5113,0.6522,0.2404,FOLLOW_ARC
90.72,0.4,0.6816,-3.0538,-3.8637,1.8044,0.5113,0.6522,0.239,FOLLOW_ARC
90.74,0.3981,0.6815,-3.0598,-3.8619,1.8046,0.5113,0.6522,0.2375,FOLLOW_ARC
90.76,0.3963,0.6813,-3.0658,-3.8601,1.8048,0.5113,0.6522,0.236,FOLLOW_ARC
90.78,0.3944,0.6812,-3.0718,-3.8583,1.805,0.5113,0.6522,0.2346,FOLLOW_ARC
90.8,0.3926,0.6811,-3.0778,-3.8565,1.8052,0.5024,0.6514,0.2331,FOLLOW_ARC
90.82,0.3907,0.681,-3.0838,-3.8529,1.8055,0.5024,0.6514,0.2317,FOLLOW_ARC
90.84,0.3889,0.6809,-3.0898,-3.8511,1.8056,0.5024,0.6514,0.2302,FOLLOW_ARC
90.86,0.387,0.6808,-3.0958,-3.8493,1.8057,0.5024,0.6514,0.2288,FOLLOW_ARC
90.88,0.3852,0.6807,-3.1018,-3.8493,1.8057,0.5024,0.6514,0.2274,FOLLOW_ARC
90.9,0.3833,0.6806,-3.1078,-3.8475,1.8058,0.4934,0.6509,0.226,FOLLOW_ARC
90.92,0.3815,0.6806,-3.1138,-3.8457,1.8059,0.4934,0.6509,0.2246,FOLLOW_ARC
90.94,0.3796,0.6805,-3.1198,-3.844,1.806,0.4934,0.6509,0.2232,FOLLOW_ARC
90.96,0.3777,0.6805,-3.1258,-3.8422,1.8061,0.4934,0.6509,0.2219,FOLLOW_ARC
90.98,0.3759,0.6805,-3.1318,-3.8404,1.8062,0.4934,0.6509,0.2205,FOLLOW_ARC
91.0,0.374,0.6804,-3.1378,-3.8368,1.8063,0.4844,0.6506,0.2191,FOLLOW_ARC
91.02,0.3722,0.6804,3.1394,-3.8368,1.8063,0.4844,0.6506,0.2178,FOLLOW_ARC
91.04,0.3703,0.6805,3.1334,-3.835,1.8063,0.4844,0.6506,0.2165,FOLLOW_ARC
91.06,0.3685,0.6805,3.1274,-3.8314,1.8064,0.4844,0.6506,0.2151,FOLLOW_ARC
91.08,0.3666,0.6805,3.1214,-3.8314,1.8064,0.4844,0.6506,0.2138,FOLLOW_ARC
91.1,0.3648,0.6806,3.1154,-3.8296,1.8064,0.4754,0.6506,0.2125,FOLLOW_ARC
91.12,0.3629,0.6806,3.1094,-3.826,1.8063,0.4754,0.6506,0.2112,FOLLOW_ARC
91.14,0.3611,0.6807,3.1034,-3.826,1.8063,0.4754,0.6506,0.21,FOLLOW_ARC
91.16,0.3592,0.6808,3.0974,-3.8242,1.8063,0.4754,0.6506,0.2087,FOLLOW_ARC
91.18,0.3574,0.6808,3.0914,-3.8224,1.8063,0.4664,0.6509,0.2074,FOLLOW_ARC
91.2,0.3555,0.6809,3.0854,-3.8206,1.8062,0.4664,0.6509,0.2062,FOLLOW_ARC
91.22,0.3537,0.6811,3.0794,-3.8188,1.8062,0.4664,0.6509,0.205,FOLLOW_ARC
91.24,0.3518,0.6812,3.0734,-3.817,1.8061,0.4664,0.6509,0.2038,FOLLOW_ARC
91.26,0.35,0.6813,3.0674,-3.8152,1.806,0.4664,0.6509,0.2025,FOLLOW_ARC
91.28,0.3481,0.6815,3.0614,-3.8116,1.8058,0.4664,0.6509,0.2013,FOLLOW_ARC
91.3,0.3463,0.6816,3.0554,-3.8098,1.8057,0.4556,0.6516,0.2002,FOLLOW_ARC
91.32,0.3444,0.6818,3.0494,-3.8098,1.8057,0.4556,0.6516,0.199,FOLLOW_ARC
91.34,0.3426,0.682,3.0434,-3.808,1.8056,0.4556,0.6516,0.1978,FOLLOW_ARC
91.36,0.3407,0.6821,3.0374,-3.8062,1.8055,0.4556,0.6516,0.1967,FOLLOW_ARC
91.38,0.3389,0.6823,3.0314,-3.8044,1.8053,0.4556,0.6516,0.1955,FOLLOW_ARC
91.4,0.337,0.6825,3.0254,-3.8026,1.8051,0.4485,0.6522,0.1944,FOLLOW_ARC
91.42,0.3352,0.6828,3.0194,-3.8008,1.805,0.4485,0.6522,0.1933,FOLLOW_ARC
91.44,0.3334,0.683,3.0134,-3.7972,1.8046,0.4485,0.6522,0.1922,FOLLOW_ARC
91.46,0.3315,0.6832,3.0074,-3.7972,1.8046,0.4485,0.6522,0.1911,FOLLOW_ARC
91.48,0.3297,0.6835,3.0014,-3.7954,1.8044,0.4485,0.6522,0.1901,FOLLOW_ARC
91.5,0.3279,0.6838,2.9954,-3.7919,1.804,0.4395,0.6533,0.189,FOLLOW_ARC
91.52,0.326,0.684,2.9894,-3.7919,1.804,0.4395,0.6533,0.1879,FOLLOW_ARC
91.54,0.3242,0.6843,2.9834,-3.7883,1.8035,0.4395,0.6533,0.1869,FOLLOW_ARC
91.56,0.3224,0.6846,2.9774,-3.7883,1.8035,0.4395,0.6533,0.1859,FOLLOW_ARC
91.58,0.3205,0.6849,2.9714,-3.7865,1.8033,0.4395,0.6533,0.1849,FOLLOW_ARC
91.6,0.3187,0.6853,2.9654,-3.7847,1.803,0.4306,0.6546,0.1839,FOLLOW_ARC
91.62,0.3169,0.6856,2.9594,-3.7829,1.8027,0.4306,0.6546,0.1829,FOLLOW_ARC
91.64,0.3151,0.6859,2.9534,-3.7812,1.8024,0.4306,0.6546,0.182,FOLLOW_ARC
91.66,0.3132,0.6863,2.9474,-3.7794,1.8021,0.4306,0.6546,0.181,FOLLOW_ARC
91.68,0.3114,0.6867,2.9414,-3.7776,1.8018,0.4306,0.6546,0.1801,FOLLOW_ARC
91.7,0.3096,0.687,2.9354,-3.7758,1.8015,0.4218,0.6563,0.1791,FOLLOW_ARC
91.72,0.3078,0.6874,2.9294,-3.7741,1.8012,0.4218,0.6563,0.1782,FOLLOW_ARC
91.74,0.306,0.6878,2.9234,-3.7723,1.8008,0.4218,0.6563,0.1773,FOLLOW_ARC
91.76,0.3042,0.6882,2.9174,-3.7688,1.8001,0.4218,0.6563,0.1765,FOLLOW_ARC
91.78,0.3024,0.6886,2.9114,-3.7688,1.8001,0.4218,0.6563,0.1756,FOLLOW_ARC
91.8,0.3006,0.6891,2.9054,-3.767,1.7998,0.413,0.6581,0.1747,FOLLOW_ARC
91.82,0.2988,0.6895,2.8994,-3.7653,1.7994,0.413,0.6581,0.1739,FOLLOW_ARC
91.84,0.297,0.69,2.8934,-3.7635,1.799,0.413,0.6581,0.1731,FOLLOW_ARC
91.86,0.2952,0.6904,2.8874,-3.7617,1.7986,0.413,0.6581,0.1723,FOLLOW_ARC
91.88,0.2934,0.6909,2.8814,-3.76,1.7982,0.4042,0.6603,0.1715,FOLLOW_ARC
91.9,0.2916,0.6914,2.8754,-3.7582,1.7978,0.4042,0.6603,0.1707,FOLLOW_ARC
91.92,0.2898,0.6919,2.8694,-3.7565,1.7973,0.4042,0.6603,0.17,FOLLOW_ARC
91.94,0.288,0.6924,2.8634,-3.7548,1.7969,0.4042,0.6603,0.1692,FOLLOW_ARC
91.96,0.2862,0.6929,2.8574,-3.753,1.7964,0.4042,0.6603,0.1685,FOLLOW_ARC
91.98,0.2845,0.6934,2.8514,-3.7513,1.796,0.4042,0.6603,0.1678,FOLLOW_ARC
92.0,0.2827,0.694,2.8454,-3.7495,1.7955,0.3955,0.6627,0.1671,FOLLOW_ARC
92.02,0.2809,0.6945,2.8394,-3.7478,1.795,0.3955,0.6627,0.1664,FOLLOW_ARC
92.04,0.2791,0.6951,2.8334,-3.7443,1.794,0.3955,0.6627,0.1657,FOLLOW_ARC
92.06,0.2774,0.6956,2.8274,-3.7443,1.794,0.3955,0.6627,0.1651,FOLLOW_ARC
92.08,0.2756,0.6962,2.8214,-3.7426,1.7935,0.3955,0.6627,0.1644,FOLLOW_ARC
92.1,0.2739,0.6968,2.8154,-3.7392,1.7924,0.387,0.6653,0.1638,FOLLOW_ARC
92.12,0.2721,0.6974,2.8094,-3.7392,1.7924,0.387,0.6653,0.1632,FOLLOW_ARC
92.14,0.2704,0.698,2.8034,-3.7358,1.7913,0.387,0.6653,0.1626,FOLLOW_ARC
92.16,0.2686,0.6986,2.7974,-3.7358,1.7913,0.387,0.6653,0.162,FOLLOW_ARC
92.18,0.2669,0.6993,2.7914,-3.7341,1.7907,0.387,0.6653,0.1615,FOLLOW_ARC
92.2,0.2651,0.6999,2.7854,-3.7323,1.7902,0.3784,0.6682,0.1609,FOLLOW_ARC
92.22,0.2634,0.7006,2.7794,-3.7306,1.7896,0.3784,0.6682,0.1604,FOLLOW_ARC
92.24,0.2617,0.7012,2.7734,-3.7289,1.789,0.3784,0.6682,0.1599,FOLLOW_ARC
92.26,0.2599,0.7019,2.7674,-3.7256,1.7878,0.3784,0.6682,0.1594,FOLLOW_ARC
92.28,0.2582,0.7026,2.7614,-3.7256,1.7878,0.3784,0.6682,0.1589,FOLLOW_ARC
92.3,0.2565,0.7033,2.7554,-3.7239,1.7871,0.37,0.6714,0.1585,FOLLOW_ARC
92.32,0.2548,0.704,2.7494,-3.7222,1.7865,0.37,0.6714,0.158,FOLLOW_ARC
92.34,0.2531,0.7047,2.7434,-3.7205,1.7858,0.37,0.6714,0.1576,FOLLOW_ARC
92.36,0.2514,0.7054,2.7374,-3.7188,1.7852,0.37,0.6714,0.1572,FOLLOW_ARC
92.38,0.2497,0.7061,2.7314,-3.7172,1.7845,0.37,0.6714,0.1568,FOLLOW_ARC
92.4,0.248,0.7069,2.7254,-3.7138,1.7831,0.3617,0.6748,0.1564,FOLLOW_ARC
92.42,0.2463,0.7077,2.7194,-3.7122,1.7824,0.3617,0.6748,0.1561,FOLLOW_ARC
92.44,0.2446,0.7084,2.7134,-3.7105,1.7817,0.3617,0.6748,0.1557,FOLLOW_ARC
92.46,0.2429,0.7092,2.7074,-3.7105,1.7817,0.3617,0.6748,0.1554,FOLLOW_ARC
92.48,0.2412,0.71,2.7014,-3.7089,1.781,0.3617,0.6748,0.1551,FOLLOW_ARC
92.5,0.2395,0.7108,2.6954,-3.7056,1.7795,0.3535,0.6785,0.1548,FOLLOW_ARC
92.52,0.2379,0.7116,2.6894,-3.7056,1.7795,0.3535,0.6785,0.1545,FOLLOW_ARC
92.54,0.2362,0.7124,2.6834,-3.704,1.7788,0.3535,0.6785,0.1543,FOLLOW_ARC
92.56,0.2346,0.7132,2.6774,-3.7023,1.778,0.3535,0.6785,0.1541,FOLLOW_ARC
92.58,0.2329,0.7141,2.6714,-3.7007,1.7773,0.3535,0.6785,0.1538,FOLLOW_ARC
92.6,0.2312,0.7149,2.6654,-3.6975,1.7757,0.3454,0.6824,0.1536,FOLLOW_ARC
92.62,0.2296,0.7158,2.6594,-3.6975,1.7757,0.3454,0.6824,0.1534,FOLLOW_ARC
92.64,0.228,0.7166,2.6534,-3.6958,1.7749,0.3454,0.6824,0.1533,FOLLOW_ARC
92.66,0.2263,0.7175,2.6474,-3.6926,1.7733,0.3454,0.6824,0.1531,FOLLOW_ARC
92.68,0.2247,0.7184,2.6414,-3.6926,1.7733,0.3374,0.6866,0.153,FOLLOW_ARC
92.7,0.2231,0.7193,2.6354,-3.6894,1.7716,0.3374,0.6866,0.1529,FOLLOW_ARC
92.72,0.2215,0.7202,2.6294,-3.6894,1.7716,0.3374,0.6866,0.1528,FOLLOW_ARC
92.74,0.2198,0.7211,2.6234,-3.6878,1.7708,0.3374,0.6866,0.1527,FOLLOW_ARC
92.76,0.2182,0.722,2.6174,-3.6863,1.7699,0.3374,0.6866,0.1526,FOLLOW_ARC
92.78,0.2166,0.723,2.6114,-3.6831,1.7682,0.3374,0.6866,0.1526,FOLLOW_ARC
92.8,0.215,0.7239,2.6054,-3.6831,1.7682,0.328,0.6918,0.1525,FOLLOW_ARC
92.82,0.2135,0.7249,2.5994,-3.6815,1.7673,0.328,0.6918,0.1525,FOLLOW_ARC
92.84,0.2119,0.7258,2.5934,-3.68,1.7664,0.328,0.6918,0.1525,FOLLOW_ARC
92.86,0.2103,0.7268,2.5874,-3.6784,1.7655,0.328,0.6918,0.1525,FOLLOW_ARC
92.88,0.2087,0.7278,2.5814,-3.6769,1.7646,0.328,0.6918,0.1526,FOLLOW_ARC
92.9,0.2071,0.7288,2.5754,-3.6753,1.7637,0.3218,0.6956,0.1526,FOLLOW_ARC
92.92,0.2056,0.7298,2.5694,-3.6738,1.7627,0.3218,0.6956,0.1527,FOLLOW_ARC
92.94,0.204,0.7308,2.5634,-3.6707,1.7608,0.3218,0.6956,0.1528,FOLLOW_ARC
92.96,0.2025,0.7318,2.5574,-3.6692,1.7599,0.3218,0.6956,0.1529,FOLLOW_ARC
92.98,0.2009,0.7328,2.5514,-3.6677,1.7589,0.3218,0.6956,0.153,FOLLOW_ARC
93.0,0.1994,0.7339,2.5454,-3.6677,1.7589,0.3142,0.7004,0.1532,FOLLOW_ARC
93.02,0.1979,0.7349,2.5394,-3.6662,1.7579,0.3142,0.7004,0.1533,FOLLOW_ARC
93.04,0.1964,0.736,2.5334,-3.6632,1.756,0.3142,0.7004,0.1535,FOLLOW_ARC
93.06,0.1948,0.737,2.5274,-3.6632,1.756,0.3142,0.7004,0.1537,FOLLOW_ARC
93.08,0.1933,0.7381,2.5214,-3.6617,1.755,0.3142,0.7004,0.1539,FOLLOW_ARC
93.1,0.1918,0.7392,2.5154,-3.6587,1.7529,0.3068,0.7055,0.1541,FOLLOW_ARC
93.12,0.1903,0.7403,2.5094,-3.6587,1.7529,0.3068,0.7055,0.1544,FOLLOW_ARC
93.14,0.1888,0.7414,2.5034,-3.6572,1.7519,0.3068,0.7055,0.1546,FOLLOW_ARC
93.16,0.1873,0.7425,2.4974,-3.6557,1.7509,0.3068,0.7055,0.1549,FOLLOW_ARC
93.18,0.1859,0.7436,2.4914,-3.6528,1.7488,0.3068,0.7055,0.1552,FOLLOW_ARC
93.2,0.1844,0.7447,2.4854,-3.6528,1.7488,0.2995,0.7108,0.1555,FOLLOW_ARC
93.22,0.1829,0.7459,2.4794,-3.6514,1.7477,0.2995,0.7108,0.1559,FOLLOW_ARC
93.24,0.1815,0.747,2.4734,-3.6485,1.7455,0.2995,0.7108,0.1562,FOLLOW_ARC
93.26,0.18,0.7482,2.4674,-3.6485,1.7455,0.2995,0.7108,0.1566,FOLLOW_ARC
93.28,0.1786,0.7493,2.4614,-3.6471,1.7444,0.2995,0.7108,0.157,FOLLOW_ARC
93.3,0.1771,0.7505,2.4554,-3.6456,1.7433,0.2924,0.7163,0.1574,FOLLOW_ARC
93.32,0.1757,0.7517,2.4494,-3.6428,1.7411,0.2924,0.7163,0.1578,FOLLOW_ARC
93.34,0.1743,0.7529,2.4434,-3.6428,1.7411,0.2924,0.7163,0.1582,FOLLOW_ARC
93.36,0.1729,0.7541,2.4374,-3.6414,1.74,0.2924,0.7163,0.1587,FOLLOW_ARC
93.38,0.1715,0.7553,2.4314,-3.64,1.7389,0.2924,0.7163,0.1591,FOLLOW_ARC
93.4,0.1701,0.7565,2.4254,-3.6372,1.7366,0.2855,0.722,0.1596,FOLLOW_ARC
93.42,0.1687,0.7577,2.4194,-3.6372,1.7366,0.2855,0.722,0.1601,FOLLOW_ARC
93.44,0.1673,0.7589,2.4134,-3.6358,1.7354,0.2855,0.722,0.1606,FOLLOW_ARC
93.46,0.1659,0.7602,2.4074,-3.6345,1.7342,0.2855,0.722,0.1611,FOLLOW_ARC
93.48,0.1645,0.7614,2.4014,-3.6318,1.7319,0.2855,0.722,0.1617,FOLLOW_ARC
93.5,0.1632,0.7627,2.3954,-3.6318,1.7319,0.2787,0.728,0.1622,FOLLOW_ARC
93.518,0.1618,0.7639,2.3894,-3.6304,1.7307,0.2787,0.728,0.1628,FOLLOW_ARC
93.54,0.1605,0.7652,2.3834,-3.6291,1.7295,0.2787,0.728,0.1634,FOLLOW_ARC
93.56,0.1591,0.7665,2.3774,-3.6277,1.7283,0.2787,0.728,0.164,FOLLOW_ARC
93.58,0.1578,0.7678,2.3714,-3.6264,1.7271,0.2787,0.728,0.1647,FOLLOW_ARC
93.6,0.1565,0.7691,2.3654,-3.6251,1.7258,0.2721,0.7341,0.1653,FOLLOW_ARC
93.62,0.1551,0.7704,2.3594,-3.6238,1.7246,0.2721,0.7341,0.166,FOLLOW_ARC
93.64,0.1538,0.7717,2.3534,-3.6225,1.7234,0.2721,0.7341,0.1666,FOLLOW_ARC
93.66,0.1525,0.773,2.3474,-3.6212,1.7221,0.2721,0.7341,0.1673,FOLLOW_ARC
93.68,0.1512,0.7743,2.3414,-3.6186,1.7196,0.2721,0.7341,0.168,FOLLOW_ARC
93.7,0.1499,0.7757,2.3354,-3.6173,1.7183,0.2657,0.7404,0.1688,FOLLOW_ARC
93.72,0.1487,0.777,2.3294,-3.6173,1.7183,0.2657,0.7404,0.1695,FOLLOW_ARC
93.74,0.1474,0.7784,2.3234,-3.616,1.7171,0.2657,0.7404,0.1702,FOLLOW_ARC
93.76,0.1461,0.7797,2.3174,-3.6148,1.7158,0.2657,0.7404,0.171,FOLLOW_ARC
93.78,0.1449,0.7811,2.3114,-3.6135,1.7145,0.2657,0.7404,0.1718,FOLLOW_ARC
93.8,0.1436,0.7825,2.3054,-3.611,1.7119,0.2595,0.7469,0.1726,FOLLOW_ARC
93.82,0.1424,0.7838,2.2994,-3.611,1.7119,0.2595,0.7469,0.1734,FOLLOW_ARC
93.84,0.1412,0.7852,2.2934,-3.6098,1.7106,0.2595,0.7469,0.1742,FOLLOW_ARC
93.86,0.1399,0.7866,2.2874,-3.6086,1.7092,0.2595,0.7469,0.1751,FOLLOW_ARC
93.88,0.1387,0.788,2.2814,-3.6074,1.7079,0.2595,0.7469,0.1759,FOLLOW_ARC
93.9,0.1375,0.7894,2.2754,-3.6062,1.7066,0.2523,0.755,0.1768,FOLLOW_ARC
93.92,0.1363,0.7908,2.2694,-3.605,1.7052,0.2523,0.755,0.1777,FOLLOW_ARC
93.94,0.1351,0.7923,2.2634,-3.6038,1.7039,0.2523,0.755,0.1786,FOLLOW_ARC
93.96,0.134,0.7937,2.2574,-3.6026,1.7025,0.2523,0.755,0.1795,FOLLOW_ARC
93.98,0.1328,0.7951,2.2514,-3.6003,1.6998,0.2523,0.755,0.1804,FOLLOW_ARC
94.0,0.1316,0.7966,2.2454,-3.6003,1.6998,0.2477,0.7605,0.1814,FOLLOW_ARC
94.02,0.1305,0.798,2.2394,-3.598,1.697,0.2477,0.7605,0.1823,FOLLOW_ARC
94.04,0.1293,0.7995,2.2334,-3.598,1.697,0.2477,0.7605,0.1833,FOLLOW_ARC
94.06,0.1282,0.801,2.2274,-3.5968,1.6956,0.2477,0.7605,0.1843,FOLLOW_ARC
94.08,0.1271,0.8024,2.2214,-3.5957,1.6942,0.2421,0.7676,0.1853,FOLLOW_ARC
94.1,0.126,0.8039,2.2154,-3.5946,1.6928,0.2421,0.7676,0.1863,FOLLOW_ARC
94.12,0.1249,0.8054,2.2094,-3.5935,1.6914,0.2421,0.7676,0.1873,FOLLOW_ARC
94.14,0.1238,0.8069,2.2034,-3.5913,1.6886,0.2421,0.7676,0.1883,FOLLOW_ARC
94.16,0.1227,0.8084,2.1974,-3.5913,1.6886,0.2421,0.7676,0.1894,FOLLOW_ARC
94.18,0.1216,0.8099,2.1914,-3.5902,1.6871,0.2421,0.7676,0.1905,FOLLOW_ARC
94.2,0.1205,0.8114,2.1854,-3.5891,1.6857,0.2367,0.7748,0.1915,FOLLOW_ARC
94.22,0.1194,0.8129,2.1794,-3.588,1.6842,0.2367,0.7748,0.1926,FOLLOW_ARC
94.24,0.1184,0.8144,2.1734,-3.587,1.6828,0.2367,0.7748,0.1937,FOLLOW_ARC
94.26,0.1173,0.816,2.1674,-3.5859,1.6813,0.2367,0.7748,0.1948,FOLLOW_ARC
94.28,0.1163,0.8175,2.1614,-3.5849,1.6799,0.2367,0.7748,0.196,FOLLOW_ARC
94.3,0.1153,0.8191,2.1554,-3.5838,1.6784,0.2315,0.7822,0.1971,FOLLOW_ARC
94.32,0.1143,0.8206,2.1494,-3.5828,1.6769,0.2315,0.7822,0.1983,FOLLOW_ARC
94.34,0.1133,0.8222,2.1434,-3.5818,1.6754,0.2315,0.7822,0.1994,FOLLOW_ARC
94.36,0.1123,0.8237,2.1374,-3.5808,1.6739,0.2315,0.7822,0.2006,FOLLOW_ARC
94.38,0.1113,0.8253,2.1314,-3.5788,1.6709,0.2315,0.7822,0.2018,FOLLOW_ARC
94.4,0.1103,0.8269,2.1254,-3.5788,1.6709,0.2256,0.7912,0.203,FOLLOW_ARC
94.42,0.1093,0.8284,2.1194,-3.5778,1.6694,0.2256,0.7912,0.2042,FOLLOW_ARC
94.44,0.1084,0.83,2.1134,-3.5768,1.6679,0.2256,0.7912,0.2054,FOLLOW_ARC
94.46,0.1074,0.8316,2.1074,-3.5758,1.6664,0.2256,0.7912,0.2067,FOLLOW_ARC
94.48,0.1065,0.8332,2.1014,-3.5749,1.6649,0.2219,0.7973,0.2079,FOLLOW_ARC
94.5,0.1055,0.8348,2.0954,-3.5739,1.6633,0.2219,0.7973,0.2092,FOLLOW_ARC
94.52,0.1046,0.8364,2.0894,-3.5721,1.6603,0.2219,0.7973,0.2104,FOLLOW_ARC
94.54,0.1037,0.838,2.0834,-3.5721,1.6603,0.2219,0.7973,0.2117,FOLLOW_ARC
94.56,0.1028,0.8397,2.0774,-3.5712,1.6587,0.2219,0.7973,0.213,FOLLOW_ARC
94.58,0.1019,0.8413,2.0714,-3.5703,1.6572,0.2219,0.7973,0.2143,FOLLOW_ARC
94.6,0.101,0.8429,2.0654,-3.5694,1.6556,0.2174,0.8051,0.2156,FOLLOW_ARC
94.62,0.1001,0.8445,2.0594,-3.5685,1.654,0.2174,0.8051,0.217,FOLLOW_ARC
94.64,0.0993,0.8462,2.0534,-3.5676,1.6525,0.2174,0.8051,0.2183,FOLLOW_ARC
94.66,0.0984,0.8478,2.0474,-3.5658,1.6493,0.2174,0.8051,0.2196,FOLLOW_ARC
94.68,0.0976,0.8495,2.0414,-3.565,1.6477,0.2174,0.8051,0.221,FOLLOW_ARC
94.7,0.0967,0.8511,2.0354,-3.5641,1.6461,0.2132,0.8131,0.2224,FOLLOW_ARC
94.72,0.0959,0.8528,2.0294,-3.5641,1.6461,0.2132,0.8131,0.2237,FOLLOW_ARC
94.74,0.0951,0.8545,2.0234,-3.5633,1.6445,0.2132,0.8131,0.2251,FOLLOW_ARC
94.76,0.0943,0.8561,2.0174,-3.5617,1.6413,0.2132,0.8131,0.2265,FOLLOW_ARC
94.78,0.0935,0.8578,2.0114,-3.5617,1.6413,0.2132,0.8131,0.2279,FOLLOW_ARC
94.8,0.0927,0.8595,2.0054,-3.5601,1.6381,0.2092,0.8211,0.2293,FOLLOW_ARC
94.82,0.0919,0.8612,1.9994,-3.5601,1.6381,0.2092,0.8211,0.2308,FOLLOW_ARC
94.84,0.0912,0.8629,1.9934,-3.5593,1.6365,0.2092,0.8211,0.2322,FOLLOW_ARC
94.86,0.0904,0.8646,1.9874,-3.5585,1.6349,0.2092,0.8211,0.2336,FOLLOW_ARC
94.88,0.0897,0.8663,1.9814,-3.5577,1.6332,0.2092,0.8211,0.2351,FOLLOW_ARC
94.9,0.0889,0.868,1.9754,-3.557,1.6316,0.2047,0.831,0.2366,FOLLOW_ARC
94.92,0.0882,0.8697,1.9694,-3.5562,1.63,0.2047,0.831,0.238,FOLLOW_ARC
94.94,0.0875,0.8714,1.9634,-3.5555,1.6283,0.2047,0.831,0.2395,FOLLOW_ARC
94.96,0.0868,0.8731,1.9574,-3.5548,1.6267,0.2047,0.831,0.241,FOLLOW_ARC
94.98,0.0861,0.8748,1.9514,-3.5541,1.625,0.2047,0.831,0.2425,FOLLOW_ARC
95.0,0.0854,0.8765,1.9454,-3.5527,1.6217,0.2019,0.8376,0.244,FOLLOW_ARC
95.02,0.0848,0.8783,1.9394,-3.5527,1.6217,0.2019,0.8376,0.2455,FOLLOW_ARC
95.04,0.0841,0.88,1.9334,-3.552,1.6201,0.2019,0.8376,0.247,FOLLOW_ARC
95.06,0.0834,0.8817,1.9274,-3.5506,1.6167,0.2019,0.8376,0.2486,FOLLOW_ARC
95.08,0.0828,0.8835,1.9214,-3.5506,1.6167,0.2019,0.8376,0.2501,FOLLOW_ARC
95.1,0.0822,0.8852,1.9154,-3.55,1.615,0.1986,0.846,0.2517,FOLLOW_ARC
95.12,0.0816,0.887,1.9094,-3.5493,1.6134,0.1986,0.846,0.2532,FOLLOW_ARC
95.14,0.0809,0.8887,1.9034,-3.5487,1.6117,0.1986,0.846,0.2548,FOLLOW_ARC
95.16,0.0803,0.8905,1.8974,-3.5474,1.6083,0.1986,0.846,0.2563,FOLLOW_ARC
95.18,0.0798,0.8922,1.8914,-3.5474,1.6083,0.1986,0.846,0.2579,FOLLOW_ARC
95.2,0.0792,0.894,1.8854,-3.5468,1.6066,0.1956,0.8545,0.2595,FOLLOW_ARC
95.22,0.0786,0.8957,1.8794,-3.5462,1.6049,0.1956,0.8545,0.2611,FOLLOW_ARC
95.24,0.0781,0.8975,1.8734,-3.5457,1.6032,0.1956,0.8545,0.2627,FOLLOW_ARC
95.26,0.0775,0.8993,1.8674,-3.5451,1.6015,0.1956,0.8545,0.2643,FOLLOW_ARC
95.28,0.077,0.9011,1.8614,-3.5445,1.5998,0.1956,0.8545,0.2659,FOLLOW_ARC
95.3,0.0764,0.9028,1.8554,-3.5434,1.5964,0.1928,0.863,0.2675,FOLLOW_ARC
95.32,0.0759,0.9046,1.8494,-3.5434,1.5964,0.1928,0.863,0.2692,FOLLOW_ARC
95.34,0.0754,0.9064,1.8434,-3.5429,1.5946,0.1928,0.863,0.2708,FOLLOW_ARC
95.36,0.0749,0.9082,1.8374,-3.5424,1.5929,0.1928,0.863,0.2724,FOLLOW_ARC
95.38,0.0745,0.91,1.8314,-3.5418,1.5912,0.1928,0.863,0.2741,FOLLOW_ARC
95.4,0.074,0.9118,1.8254,-3.5413,1.5895,0.1899,0.8734,0.2757,FOLLOW_ARC
95.42,0.0735,0.9136,1.8194,-3.5408,1.5877,0.1899,0.8734,0.2774,FOLLOW_ARC
95.44,0.0731,0.9154,1.8134,-3.5404,1.586,0.1899,0.8734,0.2791,FOLLOW_ARC
95.46,0.0726,0.9172,1.8074,-3.5399,1.5843,0.1899,0.8734,0.2807,FOLLOW_ARC
95.48,0.0722,0.919,1.8014,-3.5394,1.5825,0.1899,0.8734,0.2824,FOLLOW_ARC
95.5,0.0718,0.9208,1.7954,-3.539,1.5808,0.1881,0.8804,0.2841,FOLLOW_ARC
95.52,0.0714,0.9226,1.7894,-3.5385,1.579,0.1881,0.8804,0.2858,FOLLOW_ARC
95.54,0.071,0.9244,1.7834,-3.5381,1.5773,0.1881,0.8804,0.2875,FOLLOW_ARC
95.56,0.0706,0.9262,1.7774,-3.5377,1.5755,0.1881,0.8804,0.2892,FOLLOW_ARC
95.58,0.0702,0.928,1.7714,-3.5373,1.5738,0.1881,0.8804,0.2909,FOLLOW_ARC
95.6,0.0699,0.9298,1.7654,-3.5369,1.572,0.1861,0.8892,0.2926,FOLLOW_ARC
95.62,0.0695,0.9317,1.7594,-3.5365,1.5703,0.1861,0.8892,0.2943,FOLLOW_ARC
95.64,0.0692,0.9335,1.7534,-3.5361,1.5685,0.1861,0.8892,0.296,FOLLOW_ARC
95.66,0.0688,0.9353,1.7474,-3.5357,1.5667,0.1861,0.8892,0.2977,FOLLOW_ARC
95.68,0.0685,0.9371,1.7414,-3.5354,1.565,0.1861,0.8892,0.2995,FOLLOW_ARC
95.7,0.0682,0.939,1.7354,-3.5347,1.5614,0.1844,0.898,0.3012,FOLLOW_ARC
95.72,0.0679,0.9408,1.7294,-3.5347,1.5614,0.1844,0.898,0.3029,FOLLOW_ARC
95.74,0.0676,0.9426,1.7234,-3.5341,1.5579,0.1844,0.898,0.3047,FOLLOW_ARC
95.76,0.0674,0.9445,1.7174,-3.5341,1.5579,0.1844,0.898,0.3064,FOLLOW_ARC
95.78,0.0671,0.9463,1.7114,-3.5338,1.5561,0.1844,0.898,0.3082,FOLLOW_ARC
95.8,0.0668,0.9481,1.7054,-3.5335,1.5544,0.1827,0.9087,0.3099,FOLLOW_ARC
95.82,0.0666,0.95,1.6994,-3.5332,1.5526,0.1827,0.9087,0.3117,FOLLOW_ARC
95.84,0.0664,0.9518,1.6934,-3.5326,1.549,0.1827,0.9087,0.3135,FOLLOW_ARC
95.86,0.0661,0.9537,1.6874,-3.5324,1.5472,0.1827,0.9087,0.3152,FOLLOW_ARC
95.88,0.0659,0.9555,1.6814,-3.5324,1.5472,0.1827,0.9087,0.317,FOLLOW_ARC
95.9,0.0657,0.9573,1.6754,-3.5322,1.5455,0.1818,0.9158,0.3188,FOLLOW_ARC
95.92,0.0656,0.9592,1.6694,-3.5319,1.5437,0.1818,0.9158,0.3206,FOLLOW_ARC
95.94,0.0654,0.961,1.6634,-3.5317,1.5419,0.1818,0.9158,0.3224,FOLLOW_ARC
95.96,0.0652,0.9629,1.6574,-3.5313,1.5383,0.1818,0.9158,0.3241,FOLLOW_ARC
95.98,0.0651,0.9647,1.6514,-3.5313,1.5383,0.1818,0.9158,0.3259,FOLLOW_ARC
96.0,0.0649,0.9666,1.6454,-3.5311,1.5365,0.1809,0.9248,0.3277,FOLLOW_ARC
96.02,0.0648,0.9684,1.6394,-3.5309,1.5347,0.1809,0.9248,0.3295,FOLLOW_ARC
96.04,0.0647,0.9703,1.6334,-3.5308,1.5329,0.1809,0.9248,0.3313,FOLLOW_ARC
96.06,0.0646,0.9721,1.6274,-3.5305,1.5293,0.1809,0.9248,0.3331,FOLLOW_ARC
96.08,0.0645,0.974,1.6214,-3.5305,1.5293,0.1809,0.9248,0.3349,FOLLOW_ARC
96.1,0.0644,0.9758,1.6154,-3.5303,1.5275,0.1803,0.9337,0.3368,FOLLOW_ARC
96.12,0.0643,0.9777,1.6094,-3.5302,1.5258,0.1803,0.9337,0.3386,FOLLOW_ARC
96.14,0.0642,0.9795,1.6034,-3.5301,1.524,0.1803,0.9337,0.3404,FOLLOW_ARC
96.16,0.0642,0.9814,1.5974,-3.53,1.5222,0.1803,0.9337,0.3422,FOLLOW_ARC
96.18,0.0641,0.9832,1.5914,-3.5299,1.5204,0.1799,0.9427,0.344,FOLLOW_ARC
96.2,0.0641,0.9851,1.5854,-3.5298,1.5186,0.1799,0.9427,0.3459,FOLLOW_ARC
96.22,0.0641,0.9869,1.5794,-3.5298,1.5168,0.1799,0.9427,0.3477,FOLLOW_ARC
96.24,0.0641,0.9888,1.5734,-3.5297,1.515,0.1799,0.9427,0.3495,FOLLOW_ARC
96.26,0.0641,0.9907,1.5674,-3.5297,1.5132,0.1799,0.9427,0.3513,FOLLOW_ARC
96.28,0.0641,0.9925,1.5614,-3.5296,1.5096,0.1798,0.9517,0.3532,FOLLOW_ARC
96.3,0.0641,0.9944,1.5554,-3.5296,1.5096,0.1798,0.9517,0.355,FOLLOW_ARC
96.32,0.0641,0.9962,1.5494,-3.5296,1.506,0.1798,0.9517,0.3568,FOLLOW_ARC
96.34,0.0642,0.9981,1.5434,-3.5296,1.506,0.1798,0.9517,0.3587,FOLLOW_ARC
96.36,0.0642,0.9999,1.5374,-3.5296,1.5042,0.1798,0.9517,0.3605,FOLLOW_ARC
96.38,0.0643,1.0018,1.5314,-3.5296,1.5024,0.1798,0.9517,0.3624,FOLLOW_ARC
96.4,0.0644,1.0036,1.5254,-3.5297,1.4988,0.18,0.9607,0.3642,FOLLOW_ARC
96.42,0.0645,1.0055,1.5194,-3.5297,1.4988,0.18,0.9607,0.3661,FOLLOW_ARC
96.44,0.0646,1.0073,1.5134,-3.5297,1.497,0.18,0.9607,0.3679,FOLLOW_ARC
96.46,0.0647,1.0092,1.5074,-3.5298,1.4952,0.18,0.9607,0.3698,FOLLOW_ARC
96.48,0.0648,1.011,1.5014,-3.5299,1.4934,0.18,0.9607,0.3716,FOLLOW_ARC
96.5,0.065,1.0129,1.4954,-3.5301,1.4898,0.1804,0.9697,0.3735,FOLLOW_ARC
96.52,0.0651,1.0147,1.4894,-3.5301,1.4898,0.1804,0.9697,0.3753,FOLLOW_ARC
96.54,0.0653,1.0166,1.4834,-3.5302,1.488,0.1804,0.9697,0.3772,FOLLOW_ARC
96.56,0.0654,1.0184,1.4774,-3.5303,1.4862,0.1804,0.9697,0.379,FOLLOW_ARC
96.58,0.0656,1.0203,1.4714,-3.5305,1.4826,0.1811,0.9787,0.3809,FOLLOW_ARC
96.6,0.0658,1.0221,1.4654,-3.5305,1.4826,0.1811,0.9787,0.3827,FOLLOW_ARC
96.62,0.066,1.0239,1.4594,-3.5307,1.4808,0.1811,0.9787,0.3846,FOLLOW_ARC
96.64,0.0662,1.0258,1.4534,-3.5309,1.479,0.1811,0.9787,0.3865,FOLLOW_ARC
96.66,0.0664,1.0276,1.4474,-3.531,1.4772,0.1811,0.9787,0.3883,FOLLOW_ARC
96.68,0.0667,1.0295,1.4414,-3.5314,1.4736,0.1811,0.9787,0.3902,FOLLOW_ARC
96.702,0.0669,1.0313,1.4354,-3.5316,1.4718,0.1821,0.9876,0.392,FOLLOW_ARC
96.72,0.0672,1.0331,1.4294,-3.5316,1.4718,0.1821,0.9876,0.3939,FOLLOW_ARC
96.74,0.0674,1.035,1.4234,-3.5318,1.4701,0.1821,0.9876,0.3958,FOLLOW_ARC
96.76,0.0677,1.0368,1.4174,-3.532,1.4683,0.1821,0.9876,0.3976,FOLLOW_ARC
96.78,0.068,1.0386,1.4114,-3.5323,1.4665,0.1821,0.9876,0.3995,FOLLOW_ARC
96.8,0.0683,1.0405,1.4054,-3.5325,1.4647,0.1833,0.9966,0.4014,FOLLOW_ARC
96.82,0.0686,1.0423,1.3994,-3.5328,1.4629,0.1833,0.9966,0.4032,FOLLOW_ARC
96.84,0.069,1.0441,1.3934,-3.533,1.4611,0.1833,0.9966,0.4051,FOLLOW_ARC
96.86,0.0693,1.0459,1.3874,-3.5336,1.4576,0.1833,0.9966,0.4069,FOLLOW_ARC
96.88,0.0696,1.0478,1.3814,-3.5336,1.4576,0.1833,0.9966,0.4088,FOLLOW_ARC
96.9,0.07,1.0496,1.3754,-3.5342,1.454,0.1848,1.0054,0.4107,FOLLOW_ARC
96.92,0.0704,1.0514,1.3694,-3.5345,1.4523,0.1848,1.0054,0.4125,FOLLOW_ARC
96.94,0.0707,1.0532,1.3634,-3.5348,1.4505,0.1848,1.0054,0.4144,FOLLOW_ARC
96.96,0.0711,1.055,1.3574,-3.5352,1.4487,0.1848,1.0054,0.4163,FOLLOW_ARC
96.98,0.0715,1.0568,1.3514,-3.5355,1.447,0.1848,1.0054,0.4181,FOLLOW_ARC
97.0,0.0719,1.0586,1.3454,-3.5355,1.447,0.187,1.016,0.42,FOLLOW_ARC
97.02,0.0723,1.0605,1.3394,-3.5359,1.4452,0.187,1.016,0.4219,FOLLOW_ARC
97.04,0.0728,1.0623,1.3334,-3.5363,1.4434,0.187,1.016,0.4237,FOLLOW_ARC
97.06,0.0732,1.0641,1.3274,-3.5367,1.4417,0.187,1.016,0.4256,FOLLOW_ARC
97.08,0.0737,1.0659,1.3214,-3.5375,1.4382,0.1887,1.023,0.4274,FOLLOW_ARC
97.1,0.0741,1.0677,1.3154,-3.5379,1.4364,0.1887,1.023,0.4293,FOLLOW_ARC
97.12,0.0746,1.0694,1.3094,-3.5379,1.4364,0.1887,1.023,0.4311,FOLLOW_ARC
97.14,0.0751,1.0712,1.3034,-3.5383,1.4347,0.1887,1.023,0.433,FOLLOW_ARC
97.16,0.0756,1.073,1.2974,-3.5392,1.4312,0.1887,1.023,0.4349,FOLLOW_ARC
97.18,0.0761,1.0748,1.2914,-3.5392,1.4312,0.1887,1.023,0.4367,FOLLOW_ARC
97.2,0.0766,1.0766,1.2854,-3.5396,1.4294,0.191,1.0317,0.4386,FOLLOW_ARC
97.22,0.0771,1.0784,1.2794,-3.5401,1.4277,0.191,1.0317,0.4404,FOLLOW_ARC
97.24,0.0777,1.0801,1.2734,-3.5406,1.426,0.191,1.0317,0.4423,FOLLOW_ARC
97.26,0.0782,1.0819,1.2674,-3.5411,1.4242,0.191,1.0317,0.4441,FOLLOW_ARC
97.28,0.0788,1.0837,1.2614,-3.5416,1.4225,0.191,1.0317,0.446,FOLLOW_ARC
97.3,0.0794,1.0854,1.2554,-3.5426,1.419,0.1935,1.0403,0.4478,FOLLOW_ARC
97.32,0.0799,1.0872,1.2494,-3.5426,1.419,0.1935,1.0403,0.4497,FOLLOW_ARC
97.34,0.0805,1.089,1.2434,-3.5431,1.4173,0.1935,1.0403,0.4515,FOLLOW_ARC
97.36,0.0811,1.0907,1.2374,-3.5442,1.4139,0.1935,1.0403,0.4534,FOLLOW_ARC
97.38,0.0818,1.0925,1.2314,-3.5448,1.4122,0.1935,1.0403,0.4552,FOLLOW_ARC
97.4,0.0824,1.0942,1.2254,-3.5448,1.4122,0.1969,1.0506,0.457,FOLLOW_ARC
97.42,0.083,1.0959,1.2194,-3.5453,1.4105,0.1969,1.0506,0.4589,FOLLOW_ARC
97.44,0.0837,1.0977,1.2134,-3.5459,1.4088,0.1969,1.0506,0.4607,FOLLOW_ARC
97.46,0.0843,1.0994,1.2074,-3.5465,1.4071,0.1969,1.0506,0.4626,FOLLOW_ARC
97.48,0.085,1.1011,1.2014,-3.5471,1.4054,0.1969,1.0506,0.4644,FOLLOW_ARC
97.5,0.0857,1.1029,1.1954,-3.5477,1.4037,0.1994,1.0573,0.4662,FOLLOW_ARC
97.52,0.0863,1.1046,1.1894,-3.549,1.4003,0.1994,1.0573,0.4681,FOLLOW_ARC
97.54,0.087,1.1063,1.1834,-3.549,1.4003,0.1994,1.0573,0.4699,FOLLOW_ARC
97.56,0.0877,1.108,1.1774,-3.5496,1.3986,0.1994,1.0573,0.4717,FOLLOW_ARC
97.58,0.0885,1.1097,1.1714,-3.5503,1.3969,0.1994,1.0573,0.4735,FOLLOW_ARC
97.6,0.0892,1.1114,1.1654,-3.5509,1.3953,0.2027,1.0657,0.4754,FOLLOW_ARC
97.62,0.0899,1.1131,1.1594,-3.5516,1.3936,0.2027,1.0657,0.4772,FOLLOW_ARC
97.64,0.0907,1.1148,1.1534,-3.5523,1.3919,0.2027,1.0657,0.479,FOLLOW_ARC
97.66,0.0914,1.1165,1.1474,-3.553,1.3903,0.2027,1.0657,0.4808,FOLLOW_ARC
97.68,0.0922,1.1182,1.1414,-3.5537,1.3886,0.2027,1.0657,0.4826,FOLLOW_ARC
97.7,0.093,1.1199,1.1354,-3.5551,1.3853,0.2063,1.074,0.4844,FOLLOW_ARC
97.72,0.0938,1.1216,1.1294,-3.5551,1.3853,0.2063,1.074,0.4862,FOLLOW_ARC
97.74,0.0946,1.1233,1.1234,-3.5566,1.382,0.2063,1.074,0.488,FOLLOW_ARC
97.76,0.0954,1.1249,1.1174,-3.5573,1.3804,0.2063,1.074,0.4898,FOLLOW_ARC
97.78,0.0962,1.1266,1.1114,-3.5581,1.3788,0.2102,1.0821,0.4916,FOLLOW_ARC
97.8,0.097,1.1282,1.1054,-3.5581,1.3788,0.2102,1.0821,0.4934,FOLLOW_ARC
97.82,0.0979,1.1299,1.0994,-3.5589,1.3771,0.2102,1.0821,0.4952,FOLLOW_ARC
97.84,0.0987,1.1315,1.0934,-3.5596,1.3755,0.2102,1.0821,0.497,FOLLOW_ARC
97.86,0.0996,1.1332,1.0874,-3.5604,1.3739,0.2102,1.0821,0.4988,FOLLOW_ARC
97.88,0.1004,1.1348,1.0814,-3.5612,1.3723,0.2102,1.0821,0.5006,FOLLOW_ARC
97.9,0.1013,1.1365,1.0754,-3.562,1.3707,0.2142,1.0901,0.5024,FOLLOW_ARC
97.92,0.1022,1.1381,1.0694,-3.5629,1.3691,0.2142,1.0901,0.5042,FOLLOW_ARC
97.94,0.1031,1.1397,1.0634,-3.5637,1.3675,0.2142,1.0901,0.5059,FOLLOW_ARC
97.96,0.104,1.1413,1.0574,-3.5645,1.3659,0.2142,1.0901,0.5077,FOLLOW_ARC
97.982,0.1049,1.1429,1.0514,-3.5654,1.3643,0.2142,1.0901,0.5095,FOLLOW_ARC
98.0,0.1058,1.1445,1.0454,-3.5662,1.3627,0.2185,1.098,0.5112,FOLLOW_ARC
98.02,0.1068,1.1461,1.0394,-3.5671,1.3611,0.2185,1.098,0.513,FOLLOW_ARC
98.04,0.1077,1.1477,1.0334,-3.568,1.3596,0.2185,1.098,0.5148,FOLLOW_ARC
98.06,0.1087,1.1493,1.0274,-3.5689,1.358,0.2185,1.098,0.5165,FOLLOW_ARC
98.08,0.1096,1.1509,1.0214,-3.5698,1.3564,0.2185,1.098,0.5183,FOLLOW_ARC
98.1,0.1106,1.1525,1.0154,-3.5707,1.3549,0.2231,1.1058,0.52,FOLLOW_ARC
98.12,0.1116,1.1541,1.0094,-3.5725,1.3518,0.2231,1.1058,0.5218,FOLLOW_ARC
98.14,0.1126,1.1556,1.0034,-3.5725,1.3518,0.2231,1.1058,0.5235,FOLLOW_ARC
98.16,0.1136,1.1572,0.9974,-3.5734,1.3502,0.2231,1.1058,0.5253,FOLLOW_ARC
98.18,0.1146,1.1587,0.9914,-3.5744,1.3487,0.2231,1.1058,0.527,FOLLOW_ARC
98.2,0.1156,1.1603,0.9854,-3.5753,1.3472,0.2278,1.1134,0.5287,FOLLOW_ARC
98.22,0.1166,1.1618,0.9794,-3.5763,1.3457,0.2278,1.1134,0.5305,FOLLOW_ARC
98.24,0.1177,1.1634,0.9734,-3.5772,1.3441,0.2278,1.1134,0.5322,FOLLOW_ARC
98.26,0.1187,1.1649,0.9674,-3.5782,1.3426,0.2278,1.1134,0.5339,FOLLOW_ARC
98.28,0.1198,1.1664,0.9614,-3.5802,1.3396,0.2328,1.1209,0.5356,FOLLOW_ARC
98.3,0.1209,1.1679,0.9554,-3.5812,1.3381,0.2328,1.1209,0.5374,FOLLOW_ARC
98.32,0.1219,1.1694,0.9494,-3.5812,1.3381,0.2328,1.1209,0.5391,FOLLOW_ARC
98.34,0.123,1.1709,0.9434,-3.5822,1.3366,0.2328,1.1209,0.5408,FOLLOW_ARC
98.36,0.1241,1.1724,0.9374,-3.5832,1.3352,0.2328,1.1209,0.5425,FOLLOW_ARC
98.38,0.1252,1.1739,0.9314,-3.5843,1.3337,0.2328,1.1209,0.5442,FOLLOW_ARC
98.4,0.1263,1.1754,0.9254,-3.5864,1.3308,0.2381,1.1283,0.5459,FOLLOW_ARC
98.42,0.1274,1.1769,0.9194,-3.5864,1.3308,0.2381,1.1283,0.5476,FOLLOW_ARC
98.44,0.1286,1.1784,0.9134,-3.5874,1.3293,0.2381,1.1283,0.5492,FOLLOW_ARC
98.46,0.1297,1.1798,0.9074,-3.5885,1.3278,0.2381,1.1283,0.5509,FOLLOW_ARC
98.48,0.1309,1.1813,0.9014,-3.5896,1.3264,0.2435,1.1354,0.5526,FOLLOW_ARC
98.5,0.132,1.1827,0.8954,-3.5907,1.325,0.2435,1.1354,0.5543,FOLLOW_ARC
98.52,0.1332,1.1842,0.8894,-3.5917,1.3235,0.2435,1.1354,0.556,FOLLOW_ARC
98.54,0.1344,1.1856,0.8834,-3.5928,1.3221,0.2435,1.1354,0.5576,FOLLOW_ARC
98.56,0.1355,1.187,0.8774,-3.594,1.3207,0.2435,1.1354,0.5593,FOLLOW_ARC
98.58,0.1367,1.1885,0.8714,-3.5951,1.3193,0.2435,1.1354,0.5609,FOLLOW_ARC
98.6,0.1379,1.1899,0.8654,-3.5962,1.3179,0.2491,1.1424,0.5626,FOLLOW_ARC
98.62,0.1391,1.1913,0.8594,-3.5973,1.3165,0.2491,1.1424,0.5642,FOLLOW_ARC
98.64,0.1403,1.1927,0.8534,-3.5985,1.3151,0.2491,1.1424,0.5659,FOLLOW_ARC
98.66,0.1416,1.1941,0.8474,-3.5996,1.3137,0.2491,1.1424,0.5675,FOLLOW_ARC
98.68,0.1428,1.1955,0.8414,-3.6008,1.3123,0.2491,1.1424,0.5692,FOLLOW_ARC
98.7,0.144,1.1968,0.8354,-3.602,1.311,0.255,1.1493,0.5708,FOLLOW_ARC
98.72,0.1453,1.1982,0.8294,-3.6031,1.3096,0.255,1.1493,0.5724,FOLLOW_ARC
98.74,0.1465,1.1996,0.8234,-3.6043,1.3082,0.255,1.1493,0.574,FOLLOW_ARC
98.76,0.1478,1.2009,0.8174,-3.6055,1.3069,0.255,1.1493,0.5757,FOLLOW_ARC
98.78,0.1491,1.2023,0.8114,-3.6067,1.3056,0.255,1.1493,0.5773,FOLLOW_ARC
98.8,0.1504,1.2036,0.8054,-3.6079,1.3042,0.2611,1.1559,0.5789,FOLLOW_ARC
98.82,0.1517,1.2049,0.7994,-3.6091,1.3029,0.2611,1.1559,0.5805,FOLLOW_ARC
98.84,0.153,1.2063,0.7934,-3.6104,1.3016,0.2611,1.1559,0.5821,FOLLOW_ARC
98.86,0.1543,1.2076,0.7874,-3.6116,1.3003,0.2611,1.1559,0.5837,FOLLOW_ARC
98.88,0.1556,1.2089,0.7814,-3.6128,1.299,0.2611,1.1559,0.5853,FOLLOW_ARC
98.9,0.1569,1.2102,0.7754,-3.6141,1.2977,0.2673,1.1624,0.5868,FOLLOW_ARC
98.92,0.1582,1.2115,0.7694,-3.6153,1.2964,0.2673,1.1624,0.5884,FOLLOW_ARC
98.94,0.1596,1.2128,0.7634,-3.6179,1.2938,0.2673,1.1624,0.59,FOLLOW_ARC
98.96,0.1609,1.2141,0.7574,-3.6179,1.2938,0.2673,1.1624,0.5916,FOLLOW_ARC
98.98,0.1623,1.2153,0.7514,-3.6192,1.2926,0.2673,1.1624,0.5931,FOLLOW_ARC
99.0,0.1636,1.2166,0.7454,-3.6204,1.2913,0.2738,1.1687,0.5947,FOLLOW_ARC
99.02,0.165,1.2178,0.7394,-3.6217,1.29,0.2738,1.1687,0.5962,FOLLOW_ARC
99.04,0.1664,1.2191,0.7334,-3.623,1.2888,0.2738,1.1687,0.5978,FOLLOW_ARC
99.06,0.1677,1.2203,0.7274,-3.6244,1.2876,0.2738,1.1687,0.5993,FOLLOW_ARC
99.08,0.1691,1.2215,0.7214,-3.6257,1.2863,0.2738,1.1687,0.6009,FOLLOW_ARC
99.1,0.1705,1.2228,0.7154,-3.627,1.2851,0.2804,1.1747,0.6024,FOLLOW_ARC
99.12,0.1719,1.224,0.7094,-3.6297,1.2827,0.2804,1.1747,0.6039,FOLLOW_ARC
99.14,0.1733,1.2252,0.7034,-3.6297,1.2827,0.2804,1.1747,0.6055,FOLLOW_ARC
99.16,0.1748,1.2264,0.6974,-3.631,1.2815,0.2804,1.1747,0.607,FOLLOW_ARC
99.18,0.1762,1.2276,0.6914,-3.6324,1.2803,0.2804,1.1747,0.6085,FOLLOW_ARC
99.2,0.1776,1.2287,0.6854,-3.6337,1.2791,0.2886,1.1818,0.61,FOLLOW_ARC
99.22,0.179,1.2299,0.6794,-3.6351,1.278,0.2886,1.1818,0.6115,FOLLOW_ARC
99.24,0.1805,1.2311,0.6734,-3.6365,1.2768,0.2886,1.1818,0.613,FOLLOW_ARC
99.26,0.1819,1.2322,0.6674,-3.6378,1.2757,0.2886,1.1818,0.6145,FOLLOW_ARC
99.28,0.1834,1.2334,0.6614,-3.6392,1.2745,0.2886,1.1818,0.616,FOLLOW_ARC
99.3,0.1849,1.2345,0.6554,-3.6406,1.2734,0.2942,1.1863,0.6174,FOLLOW_ARC
99.32,0.1863,1.2356,0.6494,-3.642,1.2722,0.2942,1.1863,0.6189,FOLLOW_ARC
99.34,0.1878,1.2367,0.6434,-3.6434,1.2711,0.2942,1.1863,0.6204,FOLLOW_ARC
99.36,0.1893,1.2378,0.6374,-3.6448,1.27,0.2942,1.1863,0.6218,FOLLOW_ARC
99.38,0.1908,1.2389,0.6314,-3.6463,1.2689,0.2942,1.1863,0.6233,FOLLOW_ARC
99.402,0.1923,1.24,0.6254,-3.6491,1.2667,0.3014,1.1918,0.6247,FOLLOW_ARC
99.42,0.1938,1.2411,0.6194,-3.6491,1.2667,0.3014,1.1918,0.6262,FOLLOW_ARC
99.44,0.1953,1.2422,0.6134,-3.652,1.2646,0.3014,1.1918,0.6276,FOLLOW_ARC
99.46,0.1969,1.2432,0.6074,-3.6535,1.2635,0.3014,1.1918,0.6291,FOLLOW_ARC
99.48,0.1984,1.2443,0.6014,-3.6535,1.2635,0.3087,1.197,0.6305,FOLLOW_ARC
99.502,0.1999,1.2453,0.5954,-3.6564,1.2614,0.3087,1.197,0.6319,FOLLOW_ARC
99.52,0.2014,1.2464,0.5894,-3.6564,1.2614,0.3087,1.197,0.6333,FOLLOW_ARC
99.54,0.203,1.2474,0.5834,-3.6579,1.2604,0.3087,1.197,0.6347,FOLLOW_ARC
99.56,0.2045,1.2484,0.5774,-3.6594,1.2594,0.3087,1.197,0.6361,FOLLOW_ARC
99.58,0.2061,1.2494,0.5714,-3.6608,1.2583,0.3087,1.197,0.6375,FOLLOW_ARC
99.6,0.2077,1.2504,0.5654,-3.6623,1.2573,0.3161,1.202,0.6389,FOLLOW_ARC
99.62,0.2092,1.2514,0.5594,-3.6638,1.2563,0.3161,1.202,0.6403,FOLLOW_ARC
99.64,0.2108,1.2524,0.5534,-3.6668,1.2544,0.3161,1.202,0.6417,FOLLOW_ARC
99.66,0.2124,1.2533,0.5474,-3.6684,1.2534,0.3161,1.202,0.6431,FOLLOW_ARC
99.68,0.214,1.2543,0.5414,-3.6699,1.2524,0.3161,1.202,0.6444,FOLLOW_ARC
99.702,0.2156,1.2552,0.5354,-3.6714,1.2515,0.3238,1.2068,0.6458,FOLLOW_ARC
99.72,0.2172,1.2562,0.5294,-3.6714,1.2515,0.3238,1.2068,0.6472,FOLLOW_ARC
99.74,0.2188,1.2571,0.5234,-3.6745,1.2496,0.3238,1.2068,0.6485,FOLLOW_ARC
99.76,0.2204,1.258,0.5174,-3.6745,1.2496,0.3238,1.2068,0.6499,FOLLOW_ARC
99.78,0.222,1.259,0.5114,-3.676,1.2487,0.3238,1.2068,0.6512,FOLLOW_ARC
99.8,0.2236,1.2599,0.5054,-3.6776,1.2477,0.3315,1.2114,0.6525,FOLLOW_ARC
99.82,0.2252,1.2607,0.4994,-3.6791,1.2468,0.3315,1.2114,0.6538,FOLLOW_ARC
99.84,0.2269,1.2616,0.4934,-3.6807,1.2459,0.3315,1.2114,0.6552,FOLLOW_ARC
99.86,0.2285,1.2625,0.4874,-3.6822,1.2451,0.3315,1.2114,0.6565,FOLLOW_ARC
99.88,0.2301,1.2634,0.4814,-3.6854,1.2433,0.3394,1.2157,0.6578,FOLLOW_ARC
99.9,0.2318,1.2642,0.4754,-3.6854,1.2433,0.3394,1.2157,0.6591,FOLLOW_ARC
99.92,0.2334,1.2651,0.4694,-3.687,1.2424,0.3394,1.2157,0.6604,FOLLOW_ARC
99.94,0.2351,1.2659,0.4634,-3.6886,1.2416,0.3394,1.2157,0.6617,FOLLOW_ARC
99.96,0.2368,1.2667,0.4574,-3.6901,1.2407,0.3394,1.2157,0.6629,FOLLOW_ARC
99.98,0.2384,1.2675,0.4514,-3.6917,1.2399,0.3394,1.2157,0.6642,FOLLOW_ARC
100.0,0.2401,1.2683,0.4454,-3.6933,1.2391,0.3474,1.2198,0.6655,FOLLOW_ARC
100.02,0.2418,1.2691,0.4394,-3.6966,1.2375,0.3474,1.2198,0.6667,FOLLOW_ARC
100.04,0.2435,1.2699,0.4334,-3.6982,1.2367,0.3474,1.2198,0.668,FOLLOW_ARC
100.06,0.2451,1.2707,0.4274,-3.6998,1.2359,0.3474,1.2198,0.6692,FOLLOW_ARC
100.08,0.2468,1.2714,0.4214,-3.7014,1.2351,0.3474,1.2198,0.6705,FOLLOW_ARC
100.1,0.2485,1.2722,0.4154,-3.7014,1.2351,0.3572,1.2244,0.6717,FOLLOW_ARC
100.12,0.2502,1.2729,0.4094,-3.7031,1.2344,0.3572,1.2244,0.673,FOLLOW_ARC
100.14,0.2519,1.2737,0.4034,-3.7047,1.2336,0.3572,1.2244,0.6742,FOLLOW_ARC
100.16,0.2536,1.2744,0.3974,-3.7063,1.2329,0.3572,1.2244,0.6754,FOLLOW_ARC
100.18,0.2553,1.2751,0.3914,-3.7096,1.2314,0.3572,1.2244,0.6766,FOLLOW_ARC
100.2,0.2571,1.2758,0.3854,-3.7096,1.2314,0.3638,1.2273,0.6778,FOLLOW_ARC
100.22,0.2588,1.2765,0.3794,-3.7113,1.2307,0.3638,1.2273,0.679,FOLLOW_ARC
100.24,0.2605,1.2772,0.3734,-3.7146,1.2293,0.3638,1.2273,0.6802,FOLLOW_ARC
100.26,0.2622,1.2778,0.3674,-3.7163,1.2286,0.3638,1.2273,0.6814,FOLLOW_ARC
100.28,0.264,1.2785,0.3614,-3.7163,1.2286,0.3638,1.2273,0.6825,FOLLOW_ARC
100.3,0.2657,1.2791,0.3554,-3.7179,1.2279,0.3721,1.2306,0.6837,FOLLOW_ARC
100.32,0.2674,1.2798,0.3494,-3.7196,1.2273,0.3721,1.2306,0.6849,FOLLOW_ARC
100.34,0.2692,1.2804,0.3434,-3.7229,1.226,0.3721,1.2306,0.686,FOLLOW_ARC
100.36,0.2709,1.281,0.3374,-3.7229,1.226,0.3721,1.2306,0.6872,FOLLOW_ARC
100.38,0.2727,1.2816,0.3314,-3.7246,1.2253,0.3721,1.2306,0.6883,FOLLOW_ARC
100.398,0.2744,1.2822,0.3254,-3.7263,1.2247,0.3806,1.2337,0.6895,FOLLOW_ARC
100.42,0.2762,1.2828,0.3194,-3.728,1.2241,0.3806,1.2337,0.6906,FOLLOW_ARC
100.44,0.278,1.2834,0.3134,-3.7297,1.2235,0.3806,1.2337,0.6917,FOLLOW_ARC
100.46,0.2797,1.284,0.3074,-3.7314,1.2229,0.3806,1.2337,0.6928,FOLLOW_ARC
100.48,0.2815,1.2845,0.3014,-3.7331,1.2223,0.3806,1.2337,0.6939,FOLLOW_ARC
100.5,0.2833,1.2851,0.2954,-3.7365,1.2212,0.3891,1.2366,0.695,FOLLOW_ARC
100.52,0.285,1.2856,0.2894,-3.7365,1.2212,0.3891,1.2366,0.6961,FOLLOW_ARC
100.54,0.2868,1.2861,0.2834,-3.74,1.2201,0.3891,1.2366,0.6972,FOLLOW_ARC
100.56,0.2886,1.2866,0.2774,-3.74,1.2201,0.3891,1.2366,0.6983,FOLLOW_ARC
100.58,0.2904,1.2871,0.2714,-3.7417,1.2195,0.3891,1.2366,0.6993,FOLLOW_ARC
100.6,0.2922,1.2876,0.2654,-3.7434,1.219,0.3977,1.2392,0.7004,FOLLOW_ARC
100.62,0.294,1.2881,0.2594,-3.7451,1.2185,0.3977,1.2392,0.7015,FOLLOW_ARC
100.64,0.2958,1.2886,0.2534,-3.7469,1.218,0.3977,1.2392,0.7025,FOLLOW_ARC
100.66,0.2976,1.289,0.2474,-3.7486,1.2175,0.3977,1.2392,0.7036,FOLLOW_ARC
100.68,0.2994,1.2895,0.2414,-3.7503,1.217,0.3977,1.2392,0.7046,FOLLOW_ARC
100.702,0.3012,1.2899,0.2354,-3.7538,1.2161,0.4064,1.2415,0.7056,FOLLOW_ARC
100.72,0.303,1.2903,0.2294,-3.7538,1.2161,0.4064,1.2415,0.7065,FOLLOW_ARC
100.74,0.3048,1.2908,0.2234,-3.7573,1.2152,0.4064,1.2415,0.7049,FOLLOW_ARC
100.76,0.3066,1.2912,0.2174,-3.759,1.2148,0.4064,1.2415,0.7034,FOLLOW_ARC
100.78,0.3084,1.2916,0.2114,-3.759,1.2148,0.4064,1.2415,0.7018,FOLLOW_ARC
100.8,0.3102,1.2919,0.2054,-3.7608,1.2144,0.417,1.244,0.7003,FOLLOW_ARC
100.82,0.312,1.2923,0.1994,-3.7625,1.214,0.417,1.244,0.6987,FOLLOW_ARC
100.84,0.3138,1.2927,0.1934,-3.7643,1.2136,0.417,1.244,0.6971,FOLLOW_ARC
100.86,0.3157,1.293,0.1874,-3.766,1.2132,0.417,1.244,0.6956,FOLLOW_ARC
100.88,0.3175,1.2934,0.1814,-3.7696,1.2124,0.417,1.244,0.694,FOLLOW_ARC
100.902,0.3193,1.2937,0.1754,-3.7696,1.2124,0.4258,1.2457,0.6924,FOLLOW_ARC
100.92,0.3211,1.294,0.1694,-3.7713,1.2121,0.4258,1.2457,0.6908,FOLLOW_ARC
100.94,0.323,1.2943,0.1634,-3.7731,1.2117,0.4258,1.2457,0.6892,FOLLOW_ARC
100.96,0.3248,1.2946,0.1574,-3.7749,1.2114,0.4258,1.2457,0.6876,FOLLOW_ARC
100.98,0.3266,1.2949,0.1514,-3.7766,1.2111,0.4258,1.2457,0.686,FOLLOW_ARC
101.002,0.3285,1.2952,0.1454,-3.7784,1.2108,0.4329,1.2469,0.6844,FOLLOW_ARC
101.02,0.3303,1.2954,0.1394,-3.7802,1.2105,0.4329,1.2469,0.6828,FOLLOW_ARC
101.04,0.3321,1.2957,0.1334,-3.7837,1.2099,0.4329,1.2469,0.6812,FOLLOW_ARC
101.06,0.334,1.2959,0.1274,-3.7837,1.2099,0.4329,1.2469,0.6796,FOLLOW_ARC
101.08,0.3358,1.2961,0.1214,-3.7855,1.2096,0.4329,1.2469,0.678,FOLLOW_ARC
101.1,0.3376,1.2964,0.1154,-3.7873,1.2094,0.4418,1.2482,0.6763,FOLLOW_ARC
101.12,0.3395,1.2966,0.1094,-3.7891,1.2091,0.4418,1.2482,0.6747,FOLLOW_ARC
101.14,0.3413,1.2968,0.1034,-3.7927,1.2087,0.4418,1.2482,0.6731,FOLLOW_ARC
101.16,0.3432,1.2969,0.0974,-3.7944,1.2084,0.4418,1.2482,0.6714,FOLLOW_ARC
101.18,0.345,1.2971,0.0914,-3.7944,1.2084,0.4418,1.2482,0.6698,FOLLOW_ARC
101.2,0.3469,1.2973,0.0854,-3.7962,1.2082,0.4507,1.2492,0.6681,FOLLOW_ARC
101.22,0.3487,1.2974,0.0794,-3.798,1.208,0.4507,1.2492,0.6665,FOLLOW_ARC
101.24,0.3506,1.2976,0.0734,-3.7998,1.2079,0.4507,1.2492,0.6648,FOLLOW_ARC
101.26,0.3524,1.2977,0.0674,-3.8016,1.2077,0.4507,1.2492,0.6631,FOLLOW_ARC
101.28,0.3543,1.2978,0.0614,-3.8034,1.2075,0.4507,1.2492,0.6615,FOLLOW_ARC
101.3,0.3561,1.2979,0.0554,-3.8052,1.2074,0.4597,1.25,0.6598,FOLLOW_ARC
101.32,0.358,1.298,0.0494,-3.807,1.2072,0.4597,1.25,0.6581,FOLLOW_ARC
101.34,0.3598,1.2981,0.0434,-3.8088,1.2071,0.4597,1.25,0.6564,FOLLOW_ARC
101.36,0.3617,1.2982,0.0374,-3.8106,1.207,0.4597,1.25,0.6547,FOLLOW_ARC
101.38,0.3635,1.2982,0.0314,-3.8124,1.2069,0.4597,1.25,0.653,FOLLOW_ARC
101.4,0.3654,1.2983,0.0254,-3.8142,1.2068,0.4705,1.2505,0.6514,FOLLOW_ARC
101.42,0.3672,1.2983,0.0194,-3.816,1.2067,0.4705,1.2505,0.6497,FOLLOW_ARC
101.44,0.3691,1.2984,0.0134,-3.8178,1.2066,0.4705,1.2505,0.648,FOLLOW_ARC
101.46,0.3709,1.2984,0.0074,-3.8196,1.2065,0.4705,1.2505,0.6462,FOLLOW_ARC
101.48,0.3728,1.2984,0.0014,-3.8214,1.2065,0.4705,1.2505,0.6445,FOLLOW_ARC
101.5,0.3746,1.2984,-0.0046,-3.8232,1.2064,0.4777,1.2506,0.6428,FOLLOW_ARC
101.52,0.3765,1.2984,-0.0106,-3.825,1.2064,0.4777,1.2506,0.6411,FOLLOW_ARC
101.54,0.3784,1.2983,-0.0166,-3.8268,1.2064,0.4777,1.2506,0.6394,FOLLOW_ARC
101.56,0.3802,1.2983,-0.0226,-3.8286,1.2064,0.4777,1.2506,0.6377,FOLLOW_ARC
101.58,0.3821,1.2983,-0.0286,-3.8304,1.2064,0.4777,1.2506,0.6359,FOLLOW_ARC
101.6,0.3839,1.2982,-0.0346,-3.8322,1.2064,0.4867,1.2506,0.6342,FOLLOW_ARC
101.62,0.3858,1.2981,-0.0406,-3.8358,1.2064,0.4867,1.2506,0.6325,FOLLOW_ARC
101.64,0.3876,1.298,-0.0466,-3.8376,1.2065,0.4867,1.2506,0.6307,FOLLOW_ARC
101.66,0.3895,1.298,-0.0526,-3.8394,1.2065,0.4867,1.2506,0.629,FOLLOW_ARC
101.68,0.3913,1.2979,-0.0586,-3.8394,1.2065,0.4867,1.2506,0.6272,FOLLOW_ARC
101.7,0.3932,1.2977,-0.0646,-3.843,1.2067,0.4957,1.2502,0.6255,FOLLOW_ARC
101.72,0.395,1.2976,-0.0706,-3.843,1.2067,0.4957,1.2502,0.6237,FOLLOW_ARC
101.74,0.3969,1.2975,-0.0766,-3.8448,1.2068,0.4957,1.2502,0.622,FOLLOW_ARC
101.76,0.3987,1.2973,-0.0826,-3.8484,1.207,0.4957,1.2502,0.6202,FOLLOW_ARC
101.78,0.4006,1.2972,-0.0886,-3.8501,1.2071,0.5047,1.2496,0.6184,FOLLOW_ARC
101.8,0.4024,1.297,-0.0946,-3.8501,1.2071,0.5047,1.2496,0.6167,FOLLOW_ARC
101.82,0.4043,1.2968,-0.1006,-3.8519,1.2072,0.5047,1.2496,0.6149,FOLLOW_ARC
101.84,0.4061,1.2966,-0.1066,-3.8537,1.2073,0.5047,1.2496,0.6131,FOLLOW_ARC
101.86,0.4079,1.2964,-0.1126,-3.8555,1.2075,0.5047,1.2496,0.6113,FOLLOW_ARC
101.88,0.4098,1.2962,-0.1186,-3.8591,1.2078,0.5047,1.2496,0.6096,FOLLOW_ARC
101.9,0.4116,1.296,-0.1246,-3.8609,1.208,0.5136,1.2487,0.6078,FOLLOW_ARC
101.92,0.4135,1.2957,-0.1306,-3.8609,1.208,0.5136,1.2487,0.606,FOLLOW_ARC
101.94,0.4153,1.2955,-0.1366,-3.8627,1.2082,0.5136,1.2487,0.6042,FOLLOW_ARC
101.96,0.4171,1.2952,-0.1426,-3.8663,1.2086,0.5136,1.2487,0.6024,FOLLOW_ARC
101.98,0.419,1.295,-0.1486,-3.8681,1.2088,0.5136,1.2487,0.6006,FOLLOW_ARC
102.0,0.4208,1.2947,-0.1546,-3.8681,1.2088,0.5243,1.2473,0.5988,FOLLOW_ARC
102.02,0.4226,1.2944,-0.1606,-3.8698,1.2091,0.5243,1.2473,0.597,FOLLOW_ARC
102.04,0.4245,1.2941,-0.1666,-3.8734,1.2096,0.5243,1.2473,0.5952,FOLLOW_ARC
102.06,0.4263,1.2938,-0.1726,-3.8734,1.2096,0.5243,1.2473,0.5934,FOLLOW_ARC
102.08,0.4281,1.2934,-0.1786,-3.877,1.2101,0.5314,1.2462,0.5916,FOLLOW_ARC
102.1,0.4299,1.2931,-0.1846,-3.8787,1.2104,0.5314,1.2462,0.5898,FOLLOW_ARC
102.12,0.4318,1.2928,-0.1906,-3.8787,1.2104,0.5314,1.2462,0.588,FOLLOW_ARC
102.14,0.4336,1.2924,-0.1966,-3.8805,1.2107,0.5314,1.2462,0.5862,FOLLOW_ARC
102.16,0.4354,1.292,-0.2026,-3.8823,1.211,0.5314,1.2462,0.5844,FOLLOW_ARC
102.18,0.4372,1.2917,-0.2086,-3.8858,1.2117,0.5403,1.2445,0.5825,FOLLOW_ARC
102.2,0.439,1.2913,-0.2146,-3.8858,1.2117,0.5403,1.2445,0.5807,FOLLOW_ARC
102.22,0.4408,1.2909,-0.2206,-3.8876,1.212,0.5403,1.2445,0.5789,FOLLOW_ARC
102.24,0.4426,1.2905,-0.2266,-3.8911,1.2127,0.5403,1.2445,0.5771,FOLLOW_ARC
102.26,0.4444,1.29,-0.2326,-3.8911,1.2127,0.5403,1.2445,0.5752,FOLLOW_ARC
102.28,0.4462,1.2896,-0.2386,-3.8946,1.2135,0.5403,1.2445,0.5734,FOLLOW_ARC
102.3,0.448,1.2892,-0.2446,-3.8946,1.2135,0.5491,1.2425,0.5716,FOLLOW_ARC
102.32,0.4498,1.2887,-0.2506,-3.8982,1.2143,0.5491,1.2425,0.5697,FOLLOW_ARC
102.34,0.4516,1.2882,-0.2566,-3.8999,1.2147,0.5491,1.2425,0.5679,FOLLOW_ARC
102.36,0.4534,1.2878,-0.2626,-3.8999,1.2147,0.5491,1.2425,0.5661,FOLLOW_ARC
102.38,0.4552,1.2873,-0.2686,-3.9034,1.2156,0.5578,1.2403,0.5642,FOLLOW_ARC
102.4,0.457,1.2868,-0.2746,-3.9051,1.216,0.5578,1.2403,0.5624,FOLLOW_ARC
102.42,0.4588,1.2863,-0.2806,-3.9051,1.216,0.5578,1.2403,0.5606,FOLLOW_ARC
102.44,0.4606,1.2857,-0.2866,-3.9069,1.2165,0.5578,1.2403,0.5587,FOLLOW_ARC
102.46,0.4623,1.2852,-0.2926,-3.9086,1.217,0.5578,1.2403,0.5569,FOLLOW_ARC
102.48,0.4641,1.2847,-0.2986,-3.9104,1.2174,0.5664,1.2379,0.555,FOLLOW_ARC
102.5,0.4659,1.2841,-0.3046,-3.9121,1.2179,0.5664,1.2379,0.5532,FOLLOW_ARC
102.52,0.4676,1.2836,-0.3106,-3.9138,1.2184,0.5664,1.2379,0.5513,FOLLOW_ARC
102.54,0.4694,1.283,-0.3166,-3.9155,1.2189,0.5664,1.2379,0.5495,FOLLOW_ARC
102.56,0.4712,1.2824,-0.3226,-3.919,1.22,0.5664,1.2379,0.5476,FOLLOW_ARC
102.58,0.4729,1.2818,-0.3286,-3.919,1.22,0.5664,1.2379,0.5458,FOLLOW_ARC
102.6,0.4747,1.2812,-0.3346,-3.9207,1.2205,0.5767,1.2346,0.5439,FOLLOW_ARC
102.62,0.4764,1.2806,-0.3406,-3.9241,1.2216,0.5767,1.2346,0.5421,FOLLOW_ARC
102.64,0.4782,1.28,-0.3466,-3.9241,1.2216,0.5767,1.2346,0.5402,FOLLOW_ARC
102.66,0.4799,1.2793,-0.3526,-3.9258,1.2222,0.5767,1.2346,0.5383,FOLLOW_ARC
102.68,0.4817,1.2787,-0.3586,-3.9275,1.2228,0.5767,1.2346,0.5365,FOLLOW_ARC
102.7,0.4834,1.278,-0.3646,-3.9292,1.2234,0.5835,1.2322,0.5346,FOLLOW_ARC
102.72,0.4851,1.2774,-0.3706,-3.9309,1.224,0.5835,1.2322,0.5328,FOLLOW_ARC
102.74,0.4868,1.2767,-0.3766,-3.9326,1.2246,0.5835,1.2322,0.5309,FOLLOW_ARC
102.762,0.4886,1.276,-0.3826,-3.936,1.2259,0.5835,1.2322,0.529,FOLLOW_ARC
102.78,0.4903,1.2753,-0.3886,-3.936,1.2259,0.5835,1.2322,0.5272,FOLLOW_ARC
102.8,0.492,1.2746,-0.3946,-3.9377,1.2265,0.5919,1.2289,0.5253,FOLLOW_ARC
102.82,0.4937,1.2739,-0.4006,-3.9394,1.2272,0.5919,1.2289,0.5235,FOLLOW_ARC
102.84,0.4954,1.2731,-0.4066,-3.941,1.2278,0.5919,1.2289,0.5216,FOLLOW_ARC
102.86,0.4971,1.2724,-0.4126,-3.9427,1.2285,0.5919,1.2289,0.5197,FOLLOW_ARC
102.882,0.4988,1.2716,-0.4186,-3.946,1.2299,0.6002,1.2254,0.5179,FOLLOW_ARC
102.9,0.5005,1.2709,-0.4246,-3.946,1.2299,0.6002,1.2254,0.516,FOLLOW_ARC
102.92,0.5022,1.2701,-0.4306,-3.9477,1.2306,0.6002,1.2254,0.5141,FOLLOW_ARC
102.94,0.5039,1.2693,-0.4366,-3.9493,1.2313,0.6002,1.2254,0.5123,FOLLOW_ARC
102.96,0.5055,1.2685,-0.4426,-3.951,1.232,0.6002,1.2254,0.5104,FOLLOW_ARC
102.98,0.5072,1.2677,-0.4486,-3.9526,1.2328,0.6002,1.2254,0.5085,FOLLOW_ARC
103.0,0.5089,1.2669,-0.4546,-3.9543,1.2335,0.6084,1.2217,0.5067,FOLLOW_ARC
103.02,0.5105,1.2661,-0.4606,-3.9575,1.235,0.6084,1.2217,0.5048,FOLLOW_ARC
103.04,0.5122,1.2653,-0.4666,-3.9575,1.235,0.6084,1.2217,0.503,FOLLOW_ARC
103.06,0.5139,1.2644,-0.4726,-3.9608,1.2366,0.6084,1.2217,0.5011,FOLLOW_ARC
103.08,0.5155,1.2636,-0.4786,-3.9608,1.2366,0.6165,1.2177,0.4992,FOLLOW_ARC
103.1,0.5171,1.2627,-0.4846,-3.964,1.2382,0.6165,1.2177,0.4974,FOLLOW_ARC
103.12,0.5188,1.2619,-0.4906,-3.964,1.2382,0.6165,1.2177,0.4955,FOLLOW_ARC
103.14,0.5204,1.261,-0.4966,-3.9656,1.239,0.6165,1.2177,0.4937,FOLLOW_ARC
103.16,0.522,1.2601,-0.5026,-3.9672,1.2398,0.6165,1.2177,0.4918,FOLLOW_ARC
103.18,0.5237,1.2592,-0.5086,-3.9688,1.2406,0.6165,1.2177,0.4899,FOLLOW_ARC
103.2,0.5253,1.2583,-0.5146,-3.972,1.2423,0.6244,1.2135,0.4881,FOLLOW_ARC
103.22,0.5269,1.2574,-0.5206,-3.972,1.2423,0.6244,1.2135,0.4862,FOLLOW_ARC
103.24,0.5285,1.2564,-0.5266,-3.9751,1.244,0.6244,1.2135,0.4844,FOLLOW_ARC
103.26,0.5301,1.2555,-0.5326,-3.9751,1.244,0.6244,1.2135,0.4825,FOLLOW_ARC
103.28,0.5317,1.2546,-0.5386,-3.9767,1.2449,0.6244,1.2135,0.4807,FOLLOW_ARC
103.3,0.5333,1.2536,-0.5446,-3.9783,1.2458,0.6322,1.209,0.4788,FOLLOW_ARC
103.32,0.5349,1.2526,-0.5506,-3.9798,1.2467,0.6322,1.209,0.477,FOLLOW_ARC
103.34,0.5364,1.2517,-0.5566,-3.9814,1.2476,0.6322,1.209,0.4751,FOLLOW_ARC
103.36,0.538,1.2507,-0.5626,-3.983,1.2485,0.6322,1.209,0.4733,FOLLOW_ARC
103.38,0.5396,1.2497,-0.5686,-3.9845,1.2494,0.6322,1.209,0.4714,FOLLOW_ARC
103.4,0.5411,1.2487,-0.5746,-3.986,1.2504,0.6399,1.2044,0.4696,FOLLOW_ARC
103.42,0.5427,1.2477,-0.5806,-3.9876,1.2513,0.6399,1.2044,0.4677,FOLLOW_ARC
103.44,0.5442,1.2466,-0.5866,-3.9906,1.2532,0.6399,1.2044,0.4659,FOLLOW_ARC
103.46,0.5458,1.2456,-0.5926,-3.9906,1.2532,0.6399,1.2044,0.464,FOLLOW_ARC
103.48,0.5473,1.2446,-0.5986,-3.9921,1.2542,0.6399,1.2044,0.4622,FOLLOW_ARC
103.5,0.5488,1.2435,-0.6046,-3.9936,1.2552,0.6474,1.1994,0.4604,FOLLOW_ARC
103.52,0.5503,1.2425,-0.6106,-3.9951,1.2562,0.6474,1.1994,0.4585,FOLLOW_ARC
103.54,0.5519,1.2414,-0.6166,-3.9966,1.2572,0.6474,1.1994,0.4567,FOLLOW_ARC
103.56,0.5534,1.2403,-0.6226,-3.9981,1.2582,0.6474,1.1994,0.4549,FOLLOW_ARC
103.58,0.5549,1.2392,-0.6286,-3.9996,1.2592,0.6474,1.1994,0.453,FOLLOW_ARC
103.6,0.5564,1.2381,-0.6346,-4.0011,1.2602,0.6548,1.1943,0.4512,FOLLOW_ARC
103.62,0.5579,1.237,-0.6406,-4.0026,1.2613,0.6548,1.1943,0.4494,FOLLOW_ARC
103.64,0.5593,1.2359,-0.6466,-4.004,1.2623,0.6548,1.1943,0.4476,FOLLOW_ARC
103.66,0.5608,1.2348,-0.6526,-4.007,1.2644,0.6548,1.1943,0.4458,FOLLOW_ARC
103.68,0.5623,1.2337,-0.6586,-4.007,1.2644,0.6548,1.1943,0.444,FOLLOW_ARC
103.7,0.5637,1.2325,-0.6646,-4.0084,1.2655,0.6621,1.1889,0.4421,FOLLOW_ARC
103.72,0.5652,1.2314,-0.6706,-4.0099,1.2666,0.6621,1.1889,0.4403,FOLLOW_ARC
103.74,0.5666,1.2302,-0.6766,-4.0113,1.2676,0.6621,1.1889,0.4385,FOLLOW_ARC
103.76,0.5681,1.229,-0.6826,-4.0127,1.2687,0.6621,1.1889,0.4367,FOLLOW_ARC
103.78,0.5695,1.2279,-0.6886,-4.0141,1.2698,0.6621,1.1889,0.4349,FOLLOW_ARC
103.8,0.571,1.2267,-0.6946,-4.0156,1.271,0.6691,1.1834,0.4331,FOLLOW_ARC
103.82,0.5724,1.2255,-0.7006,-4.0184,1.2732,0.6691,1.1834,0.4313,FOLLOW_ARC
103.84,0.5738,1.2243,-0.7066,-4.0184,1.2732,0.6691,1.1834,0.4296,FOLLOW_ARC
103.86,0.5752,1.2231,-0.7126,-4.0198,1.2743,0.6691,1.1834,0.4278,FOLLOW_ARC
103.88,0.5766,1.2219,-0.7186,-4.0211,1.2755,0.6691,1.1834,0.426,FOLLOW_ARC
103.9,0.578,1.2206,-0.7246,-4.0225,1.2766,0.676,1.1776,0.4242,FOLLOW_ARC
103.92,0.5794,1.2194,-0.7306,-4.0239,1.2778,0.676,1.1776,0.4224,FOLLOW_ARC
103.94,0.5807,1.2182,-0.7366,-4.0253,1.279,0.676,1.1776,0.4207,FOLLOW_ARC
103.96,0.5821,1.2169,-0.7426,-4.0266,1.2801,0.676,1.1776,0.4189,FOLLOW_ARC
103.98,0.5835,1.2157,-0.7486,-4.028,1.2813,0.676,1.1776,0.4171,FOLLOW_ARC
104.0,0.5848,1.2144,-0.7546,-4.0293,1.2825,0.6827,1.1716,0.4154,FOLLOW_ARC
104.02,0.5862,1.2131,-0.7606,-4.0307,1.2837,0.6827,1.1716,0.4136,FOLLOW_ARC
104.04,0.5875,1.2118,-0.7666,-4.0333,1.2862,0.6827,1.1716,0.4119,FOLLOW_ARC
104.06,0.5888,1.2105,-0.7726,-4.0347,1.2874,0.6827,1.1716,0.4101,FOLLOW_ARC
104.08,0.5902,1.2092,-0.7786,-4.0347,1.2874,0.6893,1.1654,0.4084,FOLLOW_ARC
104.1,0.5915,1.2079,-0.7846,-4.0373,1.2899,0.6893,1.1654,0.4067,FOLLOW_ARC
104.12,0.5928,1.2066,-0.7906,-4.0373,1.2899,0.6893,1.1654,0.4049,FOLLOW_ARC
104.14,0.5941,1.2053,-0.7966,-4.0386,1.2911,0.6893,1.1654,0.4032,FOLLOW_ARC
104.16,0.5954,1.204,-0.8026,-4.0411,1.2936,0.6893,1.1654,0.4015,FOLLOW_ARC
104.18,0.5967,1.2026,-0.8086,-4.0411,1.2936,0.6893,1.1654,0.3998,FOLLOW_ARC
104.2,0.5979,1.2013,-0.8146,-4.0424,1.2949,0.6956,1.159,0.3981,FOLLOW_ARC
104.22,0.5992,1.1999,-0.8206,-4.0437,1.2962,0.6956,1.159,0.3963,FOLLOW_ARC
104.24,0.6005,1.1986,-0.8266,-4.0449,1.2975,0.6956,1.159,0.3946,FOLLOW_ARC
104.26,0.6017,1.1972,-0.8326,-4.0462,1.2988,0.6956,1.159,0.393,FOLLOW_ARC
104.28,0.603,1.1958,-0.8386,-4.0474,1.3001,0.6956,1.159,0.3913,FOLLOW_ARC
104.3,0.6042,1.1945,-0.8446,-4.0499,1.3027,0.7018,1.1525,0.3896,FOLLOW_ARC
104.32,0.6054,1.1931,-0.8506,-4.0499,1.3027,0.7018,1.1525,0.3879,FOLLOW_ARC
104.34,0.6066,1.1917,-0.8566,-4.0511,1.304,0.7018,1.1525,0.3862,FOLLOW_ARC
104.36,0.6078,1.1903,-0.8626,-4.0523,1.3054,0.7018,1.1525,0.3846,FOLLOW_ARC
104.38,0.609,1.1888,-0.8686,-4.0535,1.3067,0.7018,1.1525,0.3829,FOLLOW_ARC
104.4,0.6102,1.1874,-0.8746,-4.0547,1.308,0.7077,1.1457,0.3812,FOLLOW_ARC
104.42,0.6114,1.186,-0.8806,-4.0559,1.3094,0.7077,1.1457,0.3796,FOLLOW_ARC
104.44,0.6126,1.1846,-0.8866,-4.0571,1.3108,0.7077,1.1457,0.378,FOLLOW_ARC
104.46,0.6138,1.1831,-0.8926,-4.0582,1.3121,0.7077,1.1457,0.3763,FOLLOW_ARC
104.48,0.6149,1.1817,-0.8986,-4.0594,1.3135,0.7077,1.1457,0.3747,FOLLOW_ARC
104.5,0.6161,1.1802,-0.9046,-4.0605,1.3149,0.7135,1.1388,0.3731,FOLLOW_ARC
104.52,0.6172,1.1788,-0.9106,-4.0617,1.3163,0.7135,1.1388,0.3715,FOLLOW_ARC
104.54,0.6183,1.1773,-0.9166,-4.0628,1.3177,0.7135,1.1388,0.3698,FOLLOW_ARC
104.56,0.6195,1.1758,-0.9226,-4.064,1.3191,0.7135,1.1388,0.3682,FOLLOW_ARC
104.58,0.6206,1.1743,-0.9286,-4.0651,1.3205,0.719,1.1317,0.3666,FOLLOW_ARC
104.6,0.6217,1.1728,-0.9346,-4.0673,1.3233,0.719,1.1317,0.3651,FOLLOW_ARC
104.62,0.6228,1.1714,-0.9406,-4.0673,1.3233,0.719,1.1317,0.3635,FOLLOW_ARC
104.64,0.6239,1.1698,-0.9466,-4.0684,1.3248,0.719,1.1317,0.3619,FOLLOW_ARC
104.66,0.6249,1.1683,-0.9526,-4.0705,1.3276,0.719,1.1317,0.3603,FOLLOW_ARC
104.68,0.626,1.1668,-0.9586,-4.0705,1.3276,0.719,1.1317,0.3588,FOLLOW_ARC
104.7,0.6271,1.1653,-0.9646,-4.0716,1.3291,0.7244,1.1245,0.3572,FOLLOW_ARC
104.72,0.6281,1.1638,-0.9706,-4.0727,1.3305,0.7244,1.1245,0.3557,FOLLOW_ARC
104.74,0.6292,1.1622,-0.9766,-4.0748,1.3335,0.7244,1.1245,0.3542,FOLLOW_ARC
104.76,0.6302,1.1607,-0.9826,-4.0748,1.3335,0.7244,1.1245,0.3526,FOLLOW_ARC
104.78,0.6312,1.1592,-0.9886,-4.0758,1.3349,0.7295,1.117,0.3511,FOLLOW_ARC
104.8,0.6322,1.1576,-0.9946,-4.0768,1.3364,0.7295,1.117,0.3496,FOLLOW_ARC
104.82,0.6332,1.156,-1.0006,-4.0778,1.3379,0.7295,1.117,0.3481,FOLLOW_ARC
104.84,0.6342,1.1545,-1.0066,-4.0788,1.3394,0.7295,1.117,0.3466,FOLLOW_ARC
104.86,0.6352,1.1529,-1.0126,-4.0798,1.3409,0.7295,1.117,0.3451,FOLLOW_ARC
104.88,0.6362,1.1513,-1.0186,-4.0808,1.3424,0.7295,1.117,0.3436,FOLLOW_ARC
104.9,0.6372,1.1498,-1.0246,-4.0818,1.3439,0.7343,1.1095,0.3422,FOLLOW_ARC
104.92,0.6381,1.1482,-1.0306,-4.0837,1.3469,0.7343,1.1095,0.3407,FOLLOW_ARC
104.94,0.6391,1.1466,-1.0366,-4.0837,1.3469,0.7343,1.1095,0.3393,FOLLOW_ARC
104.96,0.64,1.145,-1.0426,-4.0847,1.3485,0.7343,1.1095,0.3378,FOLLOW_ARC
104.98,0.6409,1.1434,-1.0486,-4.0866,1.3515,0.739,1.1018,0.3364,FOLLOW_ARC
105.0,0.6418,1.1418,-1.0546,-4.0875,1.3531,0.739,1.1018,0.335,FOLLOW_ARC
105.02,0.6428,1.1401,-1.0606,-4.0875,1.3531,0.739,1.1018,0.3335,FOLLOW_ARC
105.04,0.6437,1.1385,-1.0666,-4.0884,1.3546,0.739,1.1018,0.3321,FOLLOW_ARC
105.06,0.6445,1.1369,-1.0726,-4.0893,1.3562,0.739,1.1018,0.3307,FOLLOW_ARC
105.08,0.6454,1.1353,-1.0786,-4.0911,1.3593,0.739,1.1018,0.3294,FOLLOW_ARC
105.1,0.6463,1.1336,-1.0846,-4.0911,1.3593,0.7434,1.0939,0.328,FOLLOW_ARC
105.12,0.6472,1.132,-1.0906,-4.0928,1.3625,0.7434,1.0939,0.3266,FOLLOW_ARC
105.14,0.648,1.1303,-1.0966,-4.0928,1.3625,0.7434,1.0939,0.3253,FOLLOW_ARC
105.16,0.6488,1.1287,-1.1026,-4.0937,1.3641,0.7434,1.0939,0.3239,FOLLOW_ARC
105.18,0.6497,1.127,-1.1086,-4.0954,1.3672,0.7434,1.0939,0.3226,FOLLOW_ARC
105.2,0.6505,1.1254,-1.1146,-4.0954,1.3672,0.7476,1.086,0.3213,FOLLOW_ARC
105.22,0.6513,1.1237,-1.1206,-4.0962,1.3688,0.7476,1.086,0.3199,FOLLOW_ARC
105.24,0.6521,1.122,-1.1266,-4.0978,1.372,0.7476,1.086,0.3186,FOLLOW_ARC
105.26,0.6529,1.1204,-1.1326,-4.0978,1.372,0.7476,1.086,0.3173,FOLLOW_ARC
105.28,0.6537,1.1187,-1.1386,-4.0986,1.3737,0.7476,1.086,0.3161,FOLLOW_ARC
105.3,0.6545,1.117,-1.1446,-4.0994,1.3753,0.7515,1.0779,0.3148,FOLLOW_ARC
105.32,0.6552,1.1153,-1.1506,-4.1002,1.3769,0.7515,1.0779,0.3135,FOLLOW_ARC
105.34,0.656,1.1136,-1.1566,-4.101,1.3785,0.7515,1.0779,0.3123,FOLLOW_ARC
105.36,0.6567,1.1119,-1.1626,-4.1025,1.3818,0.7515,1.0779,0.311,FOLLOW_ARC
105.38,0.6574,1.1102,-1.1686,-4.1025,1.3818,0.7515,1.0779,0.3098,FOLLOW_ARC
105.4,0.6582,1.1085,-1.1746,-4.1033,1.3834,0.7552,1.0697,0.3086,FOLLOW_ARC
105.42,0.6589,1.1068,-1.1806,-4.104,1.3851,0.7552,1.0697,0.3074,FOLLOW_ARC
105.44,0.6596,1.1051,-1.1866,-4.1047,1.3867,0.7552,1.0697,0.3062,FOLLOW_ARC
105.46,0.6602,1.1033,-1.1926,-4.1054,1.3884,0.7552,1.0697,0.305,FOLLOW_ARC
105.48,0.6609,1.1016,-1.1986,-4.1068,1.3917,0.7552,1.0697,0.3038,FOLLOW_ARC
105.5,0.6616,1.0999,-1.2046,-4.1068,1.3917,0.7587,1.0613,0.3027,FOLLOW_ARC
105.52,0.6623,1.0981,-1.2106,-4.1075,1.3934,0.7587,1.0613,0.3015,FOLLOW_ARC
105.54,0.6629,1.0964,-1.2166,-4.1082,1.395,0.7587,1.0613,0.3004,FOLLOW_ARC
105.56,0.6635,1.0947,-1.2226,-4.1095,1.3984,0.7587,1.0613,0.2993,FOLLOW_ARC
105.58,0.6642,1.0929,-1.2286,-4.1095,1.3984,0.7587,1.0613,0.2982,FOLLOW_ARC
105.6,0.6648,1.0912,-1.2346,-4.1101,1.4001,0.7619,1.0529,0.2971,FOLLOW_ARC
105.62,0.6654,1.0894,-1.2406,-4.1108,1.4017,0.7619,1.0529,0.296,FOLLOW_ARC
105.64,0.666,1.0877,-1.2466,-4.112,1.4051,0.7619,1.0529,0.2949,FOLLOW_ARC
105.66,0.6666,1.0859,-1.2526,-4.112,1.4051,0.7619,1.0529,0.2939,FOLLOW_ARC
105.68,0.6671,1.0841,-1.2586,-4.1126,1.4068,0.7619,1.0529,0.2928,FOLLOW_ARC
105.702,0.6677,1.0824,-1.2646,-4.1132,1.4085,0.7648,1.0444,0.2918,FOLLOW_ARC
105.72,0.6683,1.0806,-1.2706,-4.1138,1.4102,0.7648,1.0444,0.2908,FOLLOW_ARC
105.74,0.6688,1.0788,-1.2766,-4.1143,1.4119,0.7648,1.0444,0.2898,FOLLOW_ARC
105.76,0.6693,1.0771,-1.2826,-4.1149,1.4136,0.7648,1.0444,0.2888,FOLLOW_ARC
105.78,0.6698,1.0753,-1.2886,-4.1155,1.4154,0.7648,1.0444,0.2878,FOLLOW_ARC
105.8,0.6704,1.0735,-1.2946,-4.116,1.4171,0.7675,1.0358,0.2868,FOLLOW_ARC
105.82,0.6709,1.0717,-1.3006,-4.1165,1.4188,0.7675,1.0358,0.2859,FOLLOW_ARC
105.84,0.6713,1.0699,-1.3066,-4.1171,1.4205,0.7675,1.0358,0.2849,FOLLOW_ARC
105.86,0.6718,1.0681,-1.3126,-4.1176,1.4222,0.7675,1.0358,0.284,FOLLOW_ARC
105.88,0.6723,1.0663,-1.3186,-4.1181,1.424,0.7675,1.0358,0.2831,FOLLOW_ARC
105.9,0.6727,1.0645,-1.3246,-4.1186,1.4257,0.7699,1.0272,0.2822,FOLLOW_ARC
105.92,0.6732,1.0627,-1.3306,-4.119,1.4274,0.7699,1.0272,0.2813,FOLLOW_ARC
105.94,0.6736,1.0609,-1.3366,-4.1195,1.4292,0.7699,1.0272,0.2805,FOLLOW_ARC
105.96,0.674,1.0591,-1.3426,-4.12,1.4309,0.7699,1.0272,0.2796,FOLLOW_ARC
105.98,0.6745,1.0573,-1.3486,-4.1204,1.4327,0.7699,1.0272,0.2788,FOLLOW_ARC
106.0,0.6749,1.0555,-1.3546,-4.1208,1.4344,0.7721,1.0184,0.2779,FOLLOW_ARC
106.02,0.6753,1.0537,-1.3606,-4.1213,1.4362,0.7721,1.0184,0.2771,FOLLOW_ARC
106.04,0.6756,1.0519,-1.3666,-4.1217,1.4379,0.7721,1.0184,0.2763,FOLLOW_ARC
106.06,0.676,1.0501,-1.3726,-4.1221,1.4397,0.7721,1.0184,0.2755,FOLLOW_ARC
106.08,0.6764,1.0483,-1.3786,-4.1225,1.4414,0.7721,1.0184,0.2748,FOLLOW_ARC
106.1,0.6767,1.0464,-1.3846,-4.1229,1.4432,0.774,1.0096,0.274,FOLLOW_ARC
106.12,0.677,1.0446,-1.3906,-4.1236,1.4467,0.774,1.0096,0.2733,FOLLOW_ARC
106.14,0.6774,1.0428,-1.3966,-4.124,1.4485,0.774,1.0096,0.2726,FOLLOW_ARC
106.16,0.6777,1.041,-1.4026,-4.124,1.4485,0.774,1.0096,0.2718,FOLLOW_ARC
106.18,0.678,1.0391,-1.4086,-4.1243,1.4502,0.774,1.0096,0.2712,FOLLOW_ARC
106.2,0.6783,1.0373,-1.4146,-4.1246,1.452,0.7756,1.0008,0.2705,FOLLOW_ARC
106.22,0.6786,1.0355,-1.4206,-4.125,1.4538,0.7756,1.0008,0.2698,FOLLOW_ARC
106.24,0.6788,1.0336,-1.4266,-4.1253,1.4555,0.7756,1.0008,0.2692,FOLLOW_ARC
106.26,0.6791,1.0318,-1.4326,-4.1259,1.4591,0.7756,1.0008,0.2685,FOLLOW_ARC
106.28,0.6793,1.03,-1.4386,-4.1259,1.4591,0.7756,1.0008,0.2679,FOLLOW_ARC
106.3,0.6796,1.0281,-1.4446,-4.1261,1.4609,0.777,0.9919,0.2673,FOLLOW_ARC
106.32,0.6798,1.0263,-1.4506,-4.1264,1.4627,0.777,0.9919,0.2667,FOLLOW_ARC
106.34,0.68,1.0244,-1.4566,-4.1267,1.4644,0.777,0.9919,0.2662,FOLLOW_ARC
106.36,0.6802,1.0226,-1.4626,-4.1269,1.4662,0.777,0.9919,0.2656,FOLLOW_ARC
106.382,0.6804,1.0208,-1.4686,-4.1271,1.468,0.777,0.9919,0.2651,FOLLOW_ARC
106.402,0.6806,1.0189,-1.4746,-4.1276,1.4716,0.7781,0.983,0.2645,FOLLOW_ARC
106.42,0.6808,1.0171,-1.4806,-4.1278,1.4734,0.7781,0.983,0.264,FOLLOW_ARC
106.44,0.6809,1.0152,-1.4866,-4.1278,1.4734,0.7781,0.983,0.2635,FOLLOW_ARC
106.46,0.6811,1.0134,-1.4926,-4.128,1.4752,0.7781,0.983,0.2631,FOLLOW_ARC
106.48,0.6812,1.0115,-1.4986,-4.1282,1.4769,0.7781,0.983,0.2626,FOLLOW_ARC
106.5,0.6814,1.0097,-1.5046,-4.1283,1.4787,0.7789,0.974,0.2622,FOLLOW_ARC
106.524,0.6815,1.0078,-1.5106,-4.1286,1.4823,0.7789,0.974,0.2617,FOLLOW_ARC
106.54,0.6816,1.006,-1.5166,-4.1286,1.4823,0.7789,0.974,0.2613,FOLLOW_ARC
106.56,0.6817,1.0041,-1.5226,-4.1289,1.4859,0.7789,0.974,0.2609,FOLLOW_ARC
106.58,0.6817,1.0023,-1.5286,-4.1289,1.4859,0.7789,0.974,0.2605,FOLLOW_ARC
106.6,0.6818,1.0004,-1.5346,-4.129,1.4877,0.7795,0.965,0.2602,FOLLOW_ARC
106.62,0.6819,0.9986,-1.5406,-4.1292,1.4913,0.7795,0.965,0.2598,FOLLOW_ARC
106.64,0.6819,0.9967,-1.5466,-4.1293,1.4931,0.7795,0.965,0.2595,FOLLOW_ARC
106.66,0.682,0.9949,-1.5526,-4.1293,1.4931,0.7795,0.965,0.2592,FOLLOW_ARC
106.68,0.682,0.993,-1.5586,-4.1294,1.4949,0.7795,0.965,0.2589,FOLLOW_ARC
106.7,0.682,0.9912,-1.5646,-4.1295,1.4985,0.7798,0.956,0.2586,FOLLOW_ARC
106.72,0.682,0.9893,-1.5706,-4.1295,1.4985,0.7798,0.956,0.2584,FOLLOW_ARC
106.74,0.682,0.9874,-1.5766,-4.1295,1.5003,0.7798,0.956,0.2581,FOLLOW_ARC
106.76,0.682,0.9856,-1.5826,-4.1296,1.5039,0.7798,0.956,0.2579,FOLLOW_ARC
106.782,0.682,0.9837,-1.5886,-4.1296,1.5039,0.7798,0.956,0.2577,FOLLOW_ARC
106.8,0.6819,0.9819,-1.5946,-4.1296,1.5057,0.7798,0.947,0.2575,FOLLOW_ARC
106.82,0.6819,0.98,-1.6006,-4.1296,1.5075,0.7798,0.947,0.2573,FOLLOW_ARC
106.84,0.6818,0.9782,-1.6066,-4.1296,1.5093,0.7798,0.947,0.2571,FOLLOW_ARC
106.862,0.6817,0.9763,-1.6126,-4.1295,1.5129,0.7798,0.947,0.257,FOLLOW_ARC
106.88,0.6817,0.9745,-1.6186,-4.1295,1.5129,0.7798,0.947,0.2568,FOLLOW_ARC
106.9,0.6816,0.9726,-1.6246,-4.1295,1.5147,0.7796,0.938,0.2567,FOLLOW_ARC
106.92,0.6815,0.9708,-1.6306,-4.1294,1.5165,0.7796,0.938,0.2566,FOLLOW_ARC
106.94,0.6813,0.9689,-1.6366,-4.1294,1.5183,0.7796,0.938,0.2566,FOLLOW_ARC
106.96,0.6812,0.9671,-1.6426,-4.1293,1.5201,0.7796,0.938,0.2565,FOLLOW_ARC
106.982,0.6811,0.9652,-1.6486,-4.1292,1.5219,0.7796,0.938,0.2565,FOLLOW_ARC
107.0,0.6809,0.9634,-1.6546,-4.1291,1.5237,0.7791,0.929,0.2564,FOLLOW_ARC
107.02,0.6808,0.9615,-1.6606,-4.129,1.5255,0.7791,0.929,0.2564,FOLLOW_ARC
107.04,0.6806,0.9597,-1.6666,-4.1289,1.5273,0.7791,0.929,0.2564,FOLLOW_ARC
107.06,0.6804,0.9578,-1.6726,-4.1287,1.5291,0.7791,0.929,0.2564,FOLLOW_ARC
107.08,0.6802,0.956,-1.6786,-4.1286,1.5309,0.7791,0.929,0.2565,FOLLOW_ARC
107.1,0.68,0.9542,-1.6846,-4.1284,1.5327,0.7781,0.9183,0.2565,FOLLOW_ARC
107.12,0.6798,0.9523,-1.6906,-4.1283,1.5345,0.7781,0.9183,0.2566,FOLLOW_ARC
107.14,0.6796,0.9505,-1.6966,-4.1281,1.5362,0.7781,0.9183,0.2567,FOLLOW_ARC
107.158,0.6793,0.9486,-1.7026,-4.1279,1.538,0.7781,0.9183,0.2568,FOLLOW_ARC
107.18,0.6791,0.9468,-1.7086,-4.1277,1.5398,0.7781,0.9183,0.2569,FOLLOW_ARC
107.2,0.6788,0.945,-1.7146,-4.1273,1.5434,0.777,0.9094,0.2571,FOLLOW_ARC
107.22,0.6785,0.9431,-1.7206,-4.1271,1.5452,0.777,0.9094,0.2572,FOLLOW_ARC
107.24,0.6782,0.9413,-1.7266,-4.1271,1.5452,0.777,0.9094,0.2574,FOLLOW_ARC
107.26,0.678,0.9395,-1.7326,-4.1266,1.5488,0.777,0.9094,0.2576,FOLLOW_ARC
107.28,0.6776,0.9376,-1.7386,-4.1266,1.5488,0.777,0.9094,0.2578,FOLLOW_ARC
107.3,0.6773,0.9358,-1.7446,-4.1263,1.5505,0.7759,0.9022,0.258,FOLLOW_ARC
107.32,0.677,0.934,-1.7506,-4.1261,1.5523,0.7759,0.9022,0.2582,FOLLOW_ARC
107.342,0.6767,0.9322,-1.7566,-4.1255,1.5559,0.7759,0.9022,0.2585,FOLLOW_ARC
107.36,0.6763,0.9303,-1.7626,-4.1255,1.5559,0.7759,0.9022,0.2588,FOLLOW_ARC
107.38,0.676,0.9285,-1.7686,-4.1252,1.5576,0.7759,0.9022,0.2591,FOLLOW_ARC
107.4,0.6756,0.9267,-1.7746,-4.1249,1.5594,0.7743,0.8934,0.2594,FOLLOW_ARC
107.42,0.6752,0.9249,-1.7806,-4.1245,1.5612,0.7743,0.8934,0.2597,FOLLOW_ARC
107.44,0.6748,0.9231,-1.7866,-4.1242,1.563,0.7743,0.8934,0.26,FOLLOW_ARC
107.46,0.6744,0.9213,-1.7926,-4.1239,1.5647,0.7743,0.8934,0.2604,FOLLOW_ARC
107.478,0.674,0.9195,-1.7986,-4.1235,1.5665,0.7743,0.8934,0.2607,FOLLOW_ARC
107.5,0.6736,0.9177,-1.8046,-4.1231,1.5682,0.7725,0.8846,0.2611,FOLLOW_ARC
107.52,0.6731,0.9159,-1.8106,-4.1228,1.57,0.7725,0.8846,0.2615,FOLLOW_ARC
107.54,0.6727,0.9141,-1.8166,-4.1224,1.5718,0.7725,0.8846,0.262,FOLLOW_ARC
107.56,0.6722,0.9123,-1.8226,-4.122,1.5735,0.7725,0.8846,0.2624,FOLLOW_ARC
107.58,0.6718,0.9105,-1.8286,-4.1216,1.5753,0.7725,0.8846,0.2628,FOLLOW_ARC
107.6,0.6713,0.9087,-1.8346,-4.1212,1.577,0.7704,0.8758,0.2633,FOLLOW_ARC
107.62,0.6708,0.9069,-1.8406,-4.1207,1.5788,0.7704,0.8758,0.2638,FOLLOW_ARC
107.64,0.6703,0.9051,-1.8466,-4.1203,1.5805,0.7704,0.8758,0.2643,FOLLOW_ARC
107.66,0.6698,0.9033,-1.8526,-4.1198,1.5823,0.7704,0.8758,0.2648,FOLLOW_ARC
107.68,0.6693,0.9015,-1.8586,-4.1194,1.584,0.7704,0.8758,0.2653,FOLLOW_ARC
107.7,0.6687,0.8998,-1.8646,-4.1189,1.5857,0.768,0.8671,0.2659,FOLLOW_ARC
107.72,0.6682,0.898,-1.8706,-4.1179,1.5892,0.768,0.8671,0.2665,FOLLOW_ARC
107.74,0.6676,0.8962,-1.8766,-4.1179,1.5892,0.768,0.8671,0.267,FOLLOW_ARC
107.76,0.6671,0.8945,-1.8826,-4.1174,1.5909,0.768,0.8671,0.2676,FOLLOW_ARC
107.78,0.6665,0.8927,-1.8886,-4.1169,1.5927,0.768,0.8671,0.2682,FOLLOW_ARC
107.8,0.6659,0.8909,-1.8946,-4.1164,1.5944,0.7654,0.8585,0.2689,FOLLOW_ARC
107.82,0.6653,0.8892,-1.9006,-4.1153,1.5978,0.7654,0.8585,0.2695,FOLLOW_ARC
107.84,0.6647,0.8874,-1.9066,-4.1148,1.5995,0.7654,0.8585,0.2702,FOLLOW_ARC
107.86,0.6641,0.8857,-1.9126,-4.1148,1.5995,0.7654,0.8585,0.2708,FOLLOW_ARC
107.88,0.6635,0.8839,-1.9186,-4.1142,1.6012,0.7654,0.8585,0.2715,FOLLOW_ARC
107.9,0.6628,0.8822,-1.9246,-4.1136,1.6029,0.7625,0.85,0.2722,FOLLOW_ARC
107.92,0.6622,0.8805,-1.9306,-4.113,1.6046,0.7625,0.85,0.2729,FOLLOW_ARC
107.94,0.6615,0.8787,-1.9366,-4.1125,1.6063,0.7625,0.85,0.2737,FOLLOW_ARC
107.96,0.6608,0.877,-1.9426,-4.1118,1.608,0.7625,0.85,0.2744,FOLLOW_ARC
107.98,0.6602,0.8753,-1.9486,-4.1112,1.6097,0.7625,0.85,0.2752,FOLLOW_ARC
108.0,0.6595,0.8736,-1.9546,-4.1106,1.6114,0.7593,0.8416,0.276,FOLLOW_ARC
108.02,0.6588,0.8718,-1.9606,-4.11,1.6131,0.7593,0.8416,0.2767,FOLLOW_ARC
108.04,0.6581,0.8701,-1.9666,-4.1093,1.6148,0.7593,0.8416,0.2776,FOLLOW_ARC
108.06,0.6573,0.8684,-1.9726,-4.1087,1.6165,0.7593,0.8416,0.2784,FOLLOW_ARC
108.08,0.6566,0.8667,-1.9786,-4.108,1.6181,0.7593,0.8416,0.2792,FOLLOW_ARC
108.1,0.6559,0.865,-1.9846,-4.1073,1.6198,0.7559,0.8332,0.2801,FOLLOW_ARC
108.12,0.6551,0.8633,-1.9906,-4.1066,1.6215,0.7559,0.8332,0.2809,FOLLOW_ARC
108.14,0.6544,0.8616,-1.9966,-4.1059,1.6231,0.7559,0.8332,0.2818,FOLLOW_ARC
108.16,0.6536,0.8599,-2.0026,-4.1045,1.6264,0.7559,0.8332,0.2827,FOLLOW_ARC
108.18,0.6528,0.8583,-2.0086,-4.1045,1.6264,0.7559,0.8332,0.2836,FOLLOW_ARC
108.2,0.652,0.8566,-2.0146,-4.1038,1.6281,0.7515,0.8234,0.2845,FOLLOW_ARC
108.22,0.6512,0.8549,-2.0206,-4.1031,1.6297,0.7515,0.8234,0.2854,FOLLOW_ARC
108.24,0.6504,0.8533,-2.0266,-4.1023,1.6314,0.7515,0.8234,0.2864,FOLLOW_ARC
108.26,0.6496,0.8516,-2.0326,-4.1016,1.633,0.7515,0.8234,0.2873,FOLLOW_ARC
108.28,0.6487,0.8499,-2.0386,-4.1008,1.6346,0.7515,0.8234,0.2883,FOLLOW_ARC
108.3,0.6479,0.8483,-2.0446,-4.1,1.6363,0.7484,0.8169,0.2893,FOLLOW_ARC
108.32,0.647,0.8466,-2.0506,-4.0992,1.6379,0.7484,0.8169,0.2903,FOLLOW_ARC
108.34,0.6462,0.845,-2.0566,-4.0984,1.6395,0.7484,0.8169,0.2913,FOLLOW_ARC
108.36,0.6453,0.8434,-2.0626,-4.0976,1.6411,0.7484,0.8169,0.2923,FOLLOW_ARC
108.38,0.6444,0.8417,-2.0686,-4.0968,1.6427,0.7484,0.8169,0.2934,FOLLOW_ARC
108.4,0.6435,0.8401,-2.0746,-4.096,1.6443,0.7434,0.8073,0.2944,FOLLOW_ARC
108.42,0.6426,0.8385,-2.0806,-4.0952,1.6459,0.7434,0.8073,0.2955,FOLLOW_ARC
108.44,0.6417,0.8369,-2.0866,-4.0943,1.6475,0.7434,0.8073,0.2966,FOLLOW_ARC
108.46,0.6408,0.8353,-2.0926,-4.0935,1.6491,0.7434,0.8073,0.2977,FOLLOW_ARC
108.48,0.6399,0.8337,-2.0986,-4.0926,1.6507,0.7434,0.8073,0.2988,FOLLOW_ARC
108.5,0.6389,0.8321,-2.1046,-4.0909,1.6538,0.7399,0.801,0.2999,FOLLOW_ARC
108.52,0.638,0.8305,-2.1106,-4.0909,1.6538,0.7399,0.801,0.301,FOLLOW_ARC
108.54,0.637,0.8289,-2.1166,-4.09,1.6554,0.7399,0.801,0.3022,FOLLOW_ARC
108.56,0.6361,0.8273,-2.1226,-4.0891,1.6569,0.7399,0.801,0.3033,FOLLOW_ARC
108.58,0.6351,0.8257,-2.1286,-4.0882,1.6585,0.7399,0.801,0.3045,FOLLOW_ARC
108.6,0.6341,0.8241,-2.1346,-4.0873,1.66,0.7353,0.7933,0.3056,FOLLOW_ARC
108.62,0.6331,0.8226,-2.1406,-4.0863,1.6616,0.7353,0.7933,0.3068,FOLLOW_ARC
108.64,0.6321,0.821,-2.1466,-4.0854,1.6631,0.7353,0.7933,0.308,FOLLOW_ARC
108.66,0.6311,0.8195,-2.1526,-4.0845,1.6646,0.7353,0.7933,0.3092,FOLLOW_ARC
108.68,0.6301,0.8179,-2.1586,-4.0835,1.6662,0.7353,0.7933,0.3105,FOLLOW_ARC
108.7,0.629,0.8164,-2.1646,-4.0825,1.6677,0.7305,0.7857,0.3117,FOLLOW_ARC
108.72,0.628,0.8149,-2.1706,-4.0816,1.6692,0.7305,0.7857,0.3129,FOLLOW_ARC
108.74,0.6269,0.8133,-2.1766,-4.0806,1.6707,0.7305,0.7857,0.3142,FOLLOW_ARC
108.76,0.6259,0.8118,-2.1826,-4.0796,1.6722,0.7305,0.7857,0.3155,FOLLOW_ARC
108.78,0.6248,0.8103,-2.1886,-4.0786,1.6737,0.7305,0.7857,0.3167,FOLLOW_ARC
108.8,0.6237,0.8088,-2.1946,-4.0776,1.6752,0.7254,0.7783,0.318,FOLLOW_ARC
108.82,0.6226,0.8073,-2.2006,-4.0766,1.6767,0.7254,0.7783,0.3193,FOLLOW_ARC
108.84,0.6215,0.8058,-2.2066,-4.0755,1.6782,0.7254,0.7783,0.3206,FOLLOW_ARC
108.86,0.6204,0.8043,-2.2126,-4.0735,1.6811,0.7254,0.7783,0.322,FOLLOW_ARC
108.88,0.6193,0.8028,-2.2186,-4.0735,1.6811,0.7254,0.7783,0.3233,FOLLOW_ARC
108.9,0.6182,0.8014,-2.2246,-4.0713,1.684,0.7201,0.771,0.3246,FOLLOW_ARC
108.92,0.6171,0.7999,-2.2306,-4.0713,1.684,0.7201,0.771,0.326,FOLLOW_ARC
108.942,0.6159,0.7984,-2.2366,-4.0703,1.6855,0.7201,0.771,0.3273,FOLLOW_ARC
108.96,0.6148,0.797,-2.2426,-4.0692,1.6869,0.7201,0.771,0.3287,FOLLOW_ARC
108.98,0.6136,0.7955,-2.2486,-4.0681,1.6883,0.7201,0.771,0.3301,FOLLOW_ARC
109.0,0.6124,0.7941,-2.2546,-4.067,1.6898,0.7146,0.7639,0.3315,FOLLOW_ARC
109.02,0.6113,0.7927,-2.2606,-4.0659,1.6912,0.7146,0.7639,0.3329,FOLLOW_ARC
109.04,0.6101,0.7912,-2.2666,-4.0637,1.694,0.7146,0.7639,0.3343,FOLLOW_ARC
109.06,0.6089,0.7898,-2.2726,-4.0637,1.694,0.7146,0.7639,0.3357,FOLLOW_ARC
109.08,0.6077,0.7884,-2.2786,-4.0614,1.6968,0.7146,0.7639,0.3371,FOLLOW_ARC
109.1,0.6065,0.787,-2.2846,-4.0614,1.6968,0.7078,0.7555,0.3386,FOLLOW_ARC
109.12,0.6053,0.7856,-2.2906,-4.0603,1.6982,0.7078,0.7555,0.34,FOLLOW_ARC
109.14,0.604,0.7842,-2.2966,-4.0591,1.6996,0.7078,0.7555,0.3415,FOLLOW_ARC
109.16,0.6028,0.7828,-2.3026,-4.0579,1.701,0.7078,0.7555,0.3429,FOLLOW_ARC
109.18,0.6015,0.7814,-2.3086,-4.0568,1.7023,0.7078,0.7555,0.3444,FOLLOW_ARC
109.2,0.6003,0.7801,-2.3146,-4.0556,1.7037,0.703,0.7501,0.3459,FOLLOW_ARC
109.22,0.599,0.7787,-2.3206,-4.0544,1.705,0.703,0.7501,0.3474,FOLLOW_ARC
109.24,0.5978,0.7774,-2.3266,-4.052,1.7077,0.703,0.7501,0.3489,FOLLOW_ARC
109.26,0.5965,0.776,-2.3326,-4.052,1.7077,0.703,0.7501,0.3504,FOLLOW_ARC
109.28,0.5952,0.7747,-2.3386,-4.0508,1.709,0.703,0.7501,0.3519,FOLLOW_ARC
109.3,0.5939,0.7734,-2.3446,-4.0483,1.7117,0.6969,0.7435,0.3534,FOLLOW_ARC
109.32,0.5926,0.772,-2.3506,-4.0483,1.7117,0.6969,0.7435,0.355,FOLLOW_ARC
109.34,0.5913,0.7707,-2.3566,-4.0471,1.713,0.6969,0.7435,0.3565,FOLLOW_ARC
109.36,0.59,0.7694,-2.3626,-4.0459,1.7143,0.6969,0.7435,0.3581,FOLLOW_ARC
109.38,0.5887,0.7681,-2.3686,-4.0446,1.7156,0.6969,0.7435,0.3596,FOLLOW_ARC
109.4,0.5873,0.7668,-2.3746,-4.0433,1.7169,0.6906,0.7371,0.3612,FOLLOW_ARC
109.42,0.586,0.7655,-2.3806,-4.0421,1.7182,0.6906,0.7371,0.3627,FOLLOW_ARC
109.44,0.5846,0.7643,-2.3866,-4.0408,1.7194,0.6906,0.7371,0.3643,FOLLOW_ARC
109.46,0.5833,0.763,-2.3926,-4.0382,1.7219,0.6906,0.7371,0.3659,FOLLOW_ARC
109.48,0.5819,0.7618,-2.3986,-4.0369,1.7232,0.6906,0.7371,0.3675,FOLLOW_ARC
109.5,0.5806,0.7605,-2.4046,-4.0369,1.7232,0.6828,0.7297,0.3691,FOLLOW_ARC
109.52,0.5792,0.7593,-2.4106,-4.0356,1.7244,0.6828,0.7297,0.3707,FOLLOW_ARC
109.54,0.5778,0.758,-2.4166,-4.033,1.7269,0.6828,0.7297,0.3723,FOLLOW_ARC
109.56,0.5764,0.7568,-2.4226,-4.033,1.7269,0.6828,0.7297,0.3739,FOLLOW_ARC
109.58,0.575,0.7556,-2.4286,-4.0317,1.7281,0.6828,0.7297,0.3756,FOLLOW_ARC
109.6,0.5736,0.7544,-2.4346,-4.0303,1.7293,0.6774,0.7248,0.3772,FOLLOW_ARC
109.62,0.5722,0.7532,-2.4406,-4.029,1.7305,0.6774,0.7248,0.3788,FOLLOW_ARC
109.64,0.5708,0.752,-2.4466,-4.0276,1.7317,0.6774,0.7248,0.3805,FOLLOW_ARC
109.66,0.5693,0.7508,-2.4526,-4.0263,1.7329,0.6774,0.7248,0.3821,FOLLOW_ARC
109.68,0.5679,0.7496,-2.4586,-4.0236,1.7352,0.6774,0.7248,0.3838,FOLLOW_ARC
109.7,0.5665,0.7485,-2.4646,-4.0236,1.7352,0.6705,0.719,0.3855,FOLLOW_ARC
109.72,0.565,0.7473,-2.4706,-4.0222,1.7364,0.6705,0.719,0.3871,FOLLOW_ARC
109.74,0.5636,0.7462,-2.4766,-4.0208,1.7375,0.6705,0.719,0.3888,FOLLOW_ARC
109.76,0.5621,0.745,-2.4826,-4.0194,1.7387,0.6705,0.719,0.3905,FOLLOW_ARC
109.78,0.5606,0.7439,-2.4886,-4.018,1.7398,0.6705,0.719,0.3922,FOLLOW_ARC
109.8,0.5591,0.7428,-2.4946,-4.0152,1.7421,0.6635,0.7134,0.3939,FOLLOW_ARC
109.82,0.5577,0.7417,-2.5006,-4.0138,1.7432,0.6635,0.7134,0.3956,FOLLOW_ARC
109.84,0.5562,0.7406,-2.5066,-4.0138,1.7432,0.6635,0.7134,0.3973,FOLLOW_ARC
109.86,0.5547,0.7395,-2.5126,-4.0109,1.7454,0.6635,0.7134,0.3954,FOLLOW_ARC
109.88,0.5532,0.7384,-2.5186,-4.0109,1.7454,0.6635,0.7134,0.3936,FOLLOW_ARC
109.9,0.5517,0.7373,-2.5246,-4.0095,1.7465,0.6563,0.708,0.3917,FOLLOW_ARC
109.92,0.5501,0.7362,-2.5306,-4.008,1.7475,0.6563,0.708,0.3899,FOLLOW_ARC
109.94,0.5486,0.7352,-2.5366,-4.0066,1.7486,0.6563,0.708,0.388,FOLLOW_ARC
109.96,0.5471,0.7341,-2.5426,-4.0051,1.7496,0.6563,0.708,0.3861,FOLLOW_ARC
109.98,0.5456,0.7331,-2.5486,-4.0037,1.7507,0.6563,0.708,0.3843,FOLLOW_ARC
110.002,0.544,0.7321,-2.5546,-4.0007,1.7528,0.6489,0.7028,0.3824,FOLLOW_ARC
110.02,0.5425,0.731,-2.5606,-4.0007,1.7528,0.6489,0.7028,0.3806,FOLLOW_ARC
110.04,0.5409,0.73,-2.5666,-3.9992,1.7538,0.6489,0.7028,0.3787,FOLLOW_ARC
110.06,0.5394,0.729,-2.5726,-3.9978,1.7548,0.6489,0.7028,0.3768,FOLLOW_ARC
110.08,0.5378,0.728,-2.5786,-3.9963,1.7558,0.6489,0.7028,0.375,FOLLOW_ARC
110.1,0.5362,0.7271,-2.5846,-3.9948,1.7568,0.6399,0.6969,0.3731,FOLLOW_ARC
110.12,0.5346,0.7261,-2.5906,-3.9933,1.7578,0.6399,0.6969,0.3713,FOLLOW_ARC
110.14,0.5331,0.7251,-2.5966,-3.9918,1.7588,0.6399,0.6969,0.3694,FOLLOW_ARC
110.16,0.5315,0.7242,-2.6026,-3.9902,1.7597,0.6399,0.6969,0.3676,FOLLOW_ARC
110.18,0.5299,0.7232,-2.6086,-3.9887,1.7607,0.6399,0.6969,0.3657,FOLLOW_ARC
110.2,0.5283,0.7223,-2.6146,-3.9872,1.7616,0.6338,0.6931,0.3639,FOLLOW_ARC
110.22,0.5267,0.7213,-2.6206,-3.9856,1.7626,0.6338,0.6931,0.362,FOLLOW_ARC
110.24,0.5251,0.7204,-2.6266,-3.9841,1.7635,0.6338,0.6931,0.3602,FOLLOW_ARC
110.26,0.5234,0.7195,-2.6326,-3.9826,1.7644,0.6338,0.6931,0.3584,FOLLOW_ARC
110.28,0.5218,0.7186,-2.6386,-3.981,1.7654,0.6338,0.6931,0.3565,FOLLOW_ARC
110.3,0.5202,0.7177,-2.6446,-3.9795,1.7663,0.626,0.6886,0.3547,FOLLOW_ARC
110.32,0.5186,0.7169,-2.6506,-3.9779,1.7672,0.626,0.6886,0.3529,FOLLOW_ARC
110.34,0.5169,0.716,-2.6566,-3.9763,1.768,0.626,0.6886,0.351,FOLLOW_ARC
110.36,0.5153,0.7151,-2.6626,-3.9732,1.7698,0.626,0.6886,0.3492,FOLLOW_ARC
110.38,0.5136,0.7143,-2.6686,-3.9732,1.7698,0.626,0.6886,0.3474,FOLLOW_ARC
110.4,0.512,0.7134,-2.6746,-3.97,1.7715,0.6181,0.6844,0.3455,FOLLOW_ARC
110.42,0.5103,0.7126,-2.6806,-3.97,1.7715,0.6181,0.6844,0.3437,FOLLOW_ARC
110.44,0.5087,0.7118,-2.6866,-3.9684,1.7723,0.6181,0.6844,0.3419,FOLLOW_ARC
110.46,0.507,0.711,-2.6926,-3.9668,1.7731,0.6181,0.6844,0.3401,FOLLOW_ARC
110.48,0.5053,0.7102,-2.6986,-3.9652,1.774,0.6181,0.6844,0.3383,FOLLOW_ARC
110.5,0.5036,0.7094,-2.7046,-3.9636,1.7748,0.61,0.6803,0.3364,FOLLOW_ARC
110.52,0.502,0.7086,-2.7106,-3.962,1.7756,0.61,0.6803,0.3346,FOLLOW_ARC
110.54,0.5003,0.7079,-2.7166,-3.9604,1.7764,0.61,0.6803,0.3328,FOLLOW_ARC
110.56,0.4986,0.7071,-2.7226,-3.9587,1.7771,0.61,0.6803,0.331,FOLLOW_ARC
110.58,0.4969,0.7063,-2.7286,-3.9571,1.7779,0.61,0.6803,0.3292,FOLLOW_ARC
110.6,0.4952,0.7056,-2.7346,-3.9555,1.7787,0.6019,0.6765,0.3274,FOLLOW_ARC
110.62,0.4935,0.7049,-2.7406,-3.9539,1.7794,0.6019,0.6765,0.3256,FOLLOW_ARC
110.64,0.4918,0.7042,-2.7466,-3.9522,1.7802,0.6019,0.6765,0.3238,FOLLOW_ARC
110.66,0.4901,0.7035,-2.7526,-3.9506,1.7809,0.6019,0.6765,0.322,FOLLOW_ARC
110.68,0.4883,0.7028,-2.7586,-3.9489,1.7816,0.6019,0.6765,0.3203,FOLLOW_ARC
110.7,0.4866,0.7021,-2.7646,-3.9456,1.783,0.5936,0.673,0.3185,FOLLOW_ARC
110.72,0.4849,0.7014,-2.7706,-3.9456,1.783,0.5936,0.673,0.3167,FOLLOW_ARC
110.74,0.4832,0.7007,-2.7766,-3.9439,1.7837,0.5936,0.673,0.3149,FOLLOW_ARC
110.76,0.4814,0.7001,-2.7826,-3.9423,1.7844,0.5936,0.673,0.3132,FOLLOW_ARC
110.78,0.4797,0.6994,-2.7886,-3.9389,1.7857,0.5852,0.6697,0.3114,FOLLOW_ARC
110.8,0.4779,0.6988,-2.7946,-3.9389,1.7857,0.5852,0.6697,0.3096,FOLLOW_ARC
110.82,0.4762,0.6982,-2.8006,-3.9373,1.7864,0.5852,0.6697,0.3079,FOLLOW_ARC
110.84,0.4745,0.6976,-2.8066,-3.9356,1.787,0.5852,0.6697,0.3061,FOLLOW_ARC
110.86,0.4727,0.697,-2.8126,-3.9322,1.7883,0.5852,0.6697,0.3044,FOLLOW_ARC
110.88,0.4709,0.6964,-2.8186,-3.9322,1.7883,0.5852,0.6697,0.3026,FOLLOW_ARC
110.9,0.4692,0.6958,-2.8246,-3.9305,1.7889,0.575,0.6661,0.3009,FOLLOW_ARC
110.92,0.4674,0.6952,-2.8306,-3.9271,1.7901,0.575,0.6661,0.2992,FOLLOW_ARC
110.94,0.4657,0.6946,-2.8366,-3.9271,1.7901,0.575,0.6661,0.2974,FOLLOW_ARC
110.96,0.4639,0.6941,-2.8426,-3.9254,1.7907,0.575,0.6661,0.2957,FOLLOW_ARC
110.98,0.4621,0.6936,-2.8486,-3.9237,1.7912,0.575,0.6661,0.294,FOLLOW_ARC
111.0,0.4603,0.693,-2.8546,-3.922,1.7918,0.5682,0.6639,0.2923,FOLLOW_ARC
111.02,0.4585,0.6925,-2.8606,-3.9186,1.7929,0.5682,0.6639,0.2906,FOLLOW_ARC
111.04,0.4568,0.692,-2.8666,-3.9186,1.7929,0.5682,0.6639,0.2889,FOLLOW_ARC
111.06,0.455,0.6915,-2.8726,-3.9168,1.7934,0.5682,0.6639,0.2872,FOLLOW_ARC
111.08,0.4532,0.691,-2.8786,-3.9151,1.7939,0.5682,0.6639,0.2855,FOLLOW_ARC
111.1,0.4514,0.6905,-2.8846,-3.9134,1.7944,0.5595,0.6614,0.2838,FOLLOW_ARC
111.12,0.4496,0.6901,-2.8906,-3.9117,1.7949,0.5595,0.6614,0.2821,FOLLOW_ARC
111.14,0.4478,0.6896,-2.8966,-3.9099,1.7954,0.5595,0.6614,0.2804,FOLLOW_ARC
111.16,0.446,0.6892,-2.9026,-3.9082,1.7959,0.5595,0.6614,0.2788,FOLLOW_ARC
111.18,0.4442,0.6888,-2.9086,-3.9064,1.7964,0.5595,0.6614,0.2771,FOLLOW_ARC
111.2,0.4424,0.6883,-2.9146,-3.9047,1.7968,0.5508,0.6591,0.2754,FOLLOW_ARC
111.22,0.4406,0.6879,-2.9206,-3.903,1.7973,0.5508,0.6591,0.2738,FOLLOW_ARC
111.24,0.4388,0.6875,-2.9266,-3.9012,1.7977,0.5508,0.6591,0.2721,FOLLOW_ARC
111.26,0.437,0.6871,-2.9326,-3.8977,1.7985,0.5508,0.6591,0.2705,FOLLOW_ARC
111.28,0.4352,0.6868,-2.9386,-3.8977,1.7985,0.5508,0.6591,0.2689,FOLLOW_ARC
111.3,0.4333,0.6864,-2.9446,-3.896,1.7989,0.542,0.6571,0.2672,FOLLOW_ARC
111.32,0.4315,0.686,-2.9506,-3.8924,1.7997,0.542,0.6571,0.2656,FOLLOW_ARC
111.34,0.4297,0.6857,-2.9566,-3.8924,1.7997,0.542,0.6571,0.264,FOLLOW_ARC
111.36,0.4279,0.6853,-2.9626,-3.8907,1.8001,0.542,0.6571,0.2624,FOLLOW_ARC
111.38,0.426,0.685,-2.9686,-3.8889,1.8004,0.542,0.6571,0.2608,FOLLOW_ARC
111.4,0.4242,0.6847,-2.9746,-3.8872,1.8008,0.5332,0.6554,0.2592,FOLLOW_ARC
111.42,0.4224,0.6844,-2.9806,-3.8854,1.8011,0.5332,0.6554,0.2576,FOLLOW_ARC
111.44,0.4206,0.6841,-2.9866,-3.8836,1.8015,0.5332,0.6554,0.2561,FOLLOW_ARC
111.46,0.4187,0.6838,-2.9926,-3.8818,1.8018,0.5332,0.6554,0.2545,FOLLOW_ARC
111.48,0.4169,0.6836,-2.9986,-3.8801,1.8021,0.5332,0.6554,0.2529,FOLLOW_ARC
111.5,0.4151,0.6833,-3.0046,-3.8783,1.8024,0.5243,0.6539,0.2514,FOLLOW_ARC
111.52,0.4132,0.6831,-3.0106,-3.8765,1.8027,0.5243,0.6539,0.2498,FOLLOW_ARC
111.54,0.4114,0.6828,-3.0166,-3.8747,1.803,0.5243,0.6539,0.2483,FOLLOW_ARC
111.56,0.4095,0.6826,-3.0226,-3.873,1.8032,0.5243,0.6539,0.2468,FOLLOW_ARC
111.58,0.4077,0.6824,-3.0286,-3.8712,1.8035,0.5243,0.6539,0.2453,FOLLOW_ARC
111.6,0.4059,0.6822,-3.0346,-3.8694,1.8037,0.5154,0.6527,0.2437,FOLLOW_ARC
111.62,0.404,0.682,-3.0406,-3.8676,1.804,0.5154,0.6527,0.2422,FOLLOW_ARC
111.638,0.4022,0.6818,-3.0466,-3.8658,1.8042,0.5154,0.6527,0.2407,FOLLOW_ARC
111.66,0.4003,0.6817,-3.0526,-3.864,1.8044,0.5154,0.6527,0.2393,FOLLOW_ARC
111.68,0.3985,0.6815,-3.0586,-3.8605,1.8048,0.5065,0.6518,0.2378,FOLLOW_ARC
111.7,0.3966,0.6813,-3.0646,-3.8605,1.8048,0.5065,0.6518,0.2363,FOLLOW_ARC
111.72,0.3948,0.6812,-3.0706,-3.8587,1.805,0.5065,0.6518,0.2348,FOLLOW_ARC
111.74,0.3929,0.6811,-3.0766,-3.8551,1.8053,0.5065,0.6518,0.2334,FOLLOW_ARC
111.76,0.3911,0.681,-3.0826,-3.8551,1.8053,0.5065,0.6518,0.232,FOLLOW_ARC
111.78,0.3892,0.6809,-3.0886,-3.8533,1.8054,0.5065,0.6518,0.2305,FOLLOW_ARC
111.8,0.3874,0.6808,-3.0946,-3.8515,1.8056,0.4957,0.651,0.2291,FOLLOW_ARC
111.82,0.3855,0.6807,-3.1006,-3.8497,1.8057,0.4957,0.651,0.2277,FOLLOW_ARC
111.84,0.3837,0.6806,-3.1066,-3.8479,1.8058,0.4957,0.651,0.2263,FOLLOW_ARC
111.86,0.3818,0.6806,-3.1126,-3.8443,1.806,0.4957,0.651,0.2249,FOLLOW_ARC
111.88,0.38,0.6805,-3.1186,-3.8443,1.806,0.4957,0.651,0.2235,FOLLOW_ARC
111.9,0.3781,0.6805,-3.1246,-3.8407,1.8062,0.4885,0.6507,0.2221,FOLLOW_ARC
111.92,0.3763,0.6805,-3.1306,-3.8407,1.8062,0.4885,0.6507,0.2208,FOLLOW_ARC
111.94,0.3744,0.6804,-3.1366,-3.8389,1.8062,0.4885,0.6507,0.2194,FOLLOW_ARC
111.96,0.3725,0.6804,3.1406,-3.8371,1.8063,0.4885,0.6507,0.2181,FOLLOW_ARC
111.98,0.3707,0.6805,3.1346,-3.8353,1.8063,0.4885,0.6507,0.2167,FOLLOW_ARC
112.0,0.3688,0.6805,3.1286,-3.8317,1.8064,0.4795,0.6506,0.2154,FOLLOW_ARC
112.02,0.367,0.6805,3.1226,-3.8299,1.8064,0.4795,0.6506,0.2141,FOLLOW_ARC
112.04,0.3651,0.6805,3.1166,-3.8299,1.8064,0.4795,0.6506,0.2128,FOLLOW_ARC
112.06,0.3633,0.6806,3.1106,-3.8281,1.8064,0.4795,0.6506,0.2115,FOLLOW_ARC
112.08,0.3614,0.6807,3.1046,-3.8263,1.8063,0.4795,0.6506,0.2102,FOLLOW_ARC
112.1,0.3596,0.6807,3.0986,-3.8227,1.8063,0.4705,0.6507,0.209,FOLLOW_ARC
112.12,0.3577,0.6808,3.0926,-3.8227,1.8063,0.4705,0.6507,0.2077,FOLLOW_ARC
112.14,0.3559,0.6809,3.0866,-3.8209,1.8062,0.4705,0.6507,0.2064,FOLLOW_ARC
112.16,0.354,0.681,3.0806,-3.8173,1.8061,0.4705,0.6507,0.2052,FOLLOW_ARC
112.18,0.3522,0.6812,3.0746,-3.8173,1.8061,0.4705,0.6507,0.204,FOLLOW_ARC
112.2,0.3503,0.6813,3.0686,-3.8155,1.806,0.4615,0.6512,0.2028,FOLLOW_ARC
112.22,0.3485,0.6814,3.0626,-3.8119,1.8058,0.4615,0.6512,0.2016,FOLLOW_ARC
112.24,0.3466,0.6816,3.0566,-3.8119,1.8058,0.4615,0.6512,0.2004,FOLLOW_ARC
112.26,0.3448,0.6817,3.0506,-3.8101,1.8057,0.4615,0.6512,0.1992,FOLLOW_ARC
112.28,0.3429,0.6819,3.0446,-3.8083,1.8056,0.4525,0.6518,0.1981,FOLLOW_ARC
112.3,0.3411,0.6821,3.0386,-3.8065,1.8055,0.4525,0.6518,0.1969,FOLLOW_ARC
112.32,0.3392,0.6823,3.0326,-3.8047,1.8053,0.4525,0.6518,0.1958,FOLLOW_ARC
112.34,0.3374,0.6825,3.0266,-3.8029,1.8052,0.4525,0.6518,0.1946,FOLLOW_ARC
112.36,0.3356,0.6827,3.0206,-3.8012,1.805,0.4525,0.6518,0.1935,FOLLOW_ARC
112.38,0.3337,0.683,3.0146,-3.7994,1.8048,0.4525,0.6518,0.1924,FOLLOW_ARC
112.4,0.3319,0.6832,3.0086,-3.7958,1.8045,0.4418,0.653,0.1913,FOLLOW_ARC
112.42,0.3301,0.6835,3.0026,-3.7958,1.8045,0.4418,0.653,0.1903,FOLLOW_ARC
112.44,0.3282,0.6837,2.9966,-3.794,1.8042,0.4418,0.653,0.1892,FOLLOW_ARC
112.46,0.3264,0.684,2.9906,-3.7922,1.804,0.4418,0.653,0.1882,FOLLOW_ARC
112.48,0.3246,0.6843,2.9846,-3.7904,1.8038,0.4347,0.654,0.1871,FOLLOW_ARC
112.5,0.3227,0.6846,2.9786,-3.7886,1.8036,0.4347,0.654,0.1861,FOLLOW_ARC
112.52,0.3209,0.6849,2.9726,-3.7869,1.8033,0.4347,0.654,0.1851,FOLLOW_ARC
112.54,0.3191,0.6852,2.9666,-3.7851,1.803,0.4347,0.654,0.1841,FOLLOW_ARC
112.56,0.3172,0.6855,2.9606,-3.7833,1.8028,0.4347,0.654,0.1831,FOLLOW_ARC
112.58,0.3154,0.6859,2.9546,-3.7797,1.8022,0.4347,0.654,0.1821,FOLLOW_ARC
112.6,0.3136,0.6862,2.9486,-3.7797,1.8022,0.4258,0.6555,0.1812,FOLLOW_ARC
112.62,0.3118,0.6866,2.9426,-3.778,1.8019,0.4258,0.6555,0.1803,FOLLOW_ARC
112.64,0.31,0.687,2.9366,-3.7762,1.8016,0.4258,0.6555,0.1793,FOLLOW_ARC
112.66,0.3082,0.6873,2.9306,-3.7744,1.8013,0.4258,0.6555,0.1784,FOLLOW_ARC
112.682,0.3063,0.6877,2.9246,-3.7709,1.8006,0.4258,0.6555,0.1775,FOLLOW_ARC
112.7,0.3045,0.6881,2.9186,-3.7691,1.8002,0.417,0.6573,0.1766,FOLLOW_ARC
112.72,0.3027,0.6886,2.9126,-3.7691,1.8002,0.417,0.6573,0.1758,FOLLOW_ARC
112.74,0.3009,0.689,2.9066,-3.7674,1.7998,0.417,0.6573,0.1749,FOLLOW_ARC
112.76,0.2991,0.6894,2.9006,-3.7656,1.7995,0.417,0.6573,0.1741,FOLLOW_ARC
112.78,0.2973,0.6899,2.8946,-3.7638,1.7991,0.4082,0.6593,0.1733,FOLLOW_ARC
112.8,0.2955,0.6903,2.8886,-3.7621,1.7987,0.4082,0.6593,0.1724,FOLLOW_ARC
112.82,0.2937,0.6908,2.8826,-3.7603,1.7983,0.4082,0.6593,0.1716,FOLLOW_ARC
112.84,0.2919,0.6913,2.8766,-3.7586,1.7978,0.4082,0.6593,0.1709,FOLLOW_ARC
112.86,0.2902,0.6918,2.8706,-3.7568,1.7974,0.4082,0.6593,0.1701,FOLLOW_ARC
112.88,0.2884,0.6923,2.8646,-3.7551,1.797,0.4082,0.6593,0.1694,FOLLOW_ARC
112.9,0.2866,0.6928,2.8586,-3.7516,1.7961,0.3995,0.6616,0.1686,FOLLOW_ARC
112.92,0.2848,0.6933,2.8526,-3.7516,1.7961,0.3995,0.6616,0.1679,FOLLOW_ARC
112.94,0.283,0.6938,2.8466,-3.7499,1.7956,0.3995,0.6616,0.1672,FOLLOW_ARC
112.96,0.2813,0.6944,2.8406,-3.7481,1.7951,0.3995,0.6616,0.1665,FOLLOW_ARC
112.98,0.2795,0.6949,2.8346,-3.7464,1.7946,0.3995,0.6616,0.1658,FOLLOW_ARC
113.0,0.2777,0.6955,2.8286,-3.7447,1.7941,0.3909,0.6641,0.1652,FOLLOW_ARC
113.02,0.276,0.6961,2.8226,-3.743,1.7936,0.3909,0.6641,0.1645,FOLLOW_ARC
113.04,0.2742,0.6967,2.8166,-3.7412,1.7931,0.3909,0.6641,0.1639,FOLLOW_ARC
113.06,0.2725,0.6973,2.8106,-3.7395,1.7925,0.3909,0.6641,0.1633,FOLLOW_ARC
113.08,0.2707,0.6979,2.8046,-3.7378,1.792,0.3909,0.6641,0.1627,FOLLOW_ARC
113.1,0.269,0.6985,2.7986,-3.7361,1.7914,0.3823,0.6669,0.1621,FOLLOW_ARC
113.12,0.2672,0.6991,2.7926,-3.7344,1.7909,0.3823,0.6669,0.1616,FOLLOW_ARC
113.14,0.2655,0.6998,2.7866,-3.7327,1.7903,0.3823,0.6669,0.161,FOLLOW_ARC
113.16,0.2637,0.7004,2.7806,-3.731,1.7897,0.3823,0.6669,0.1605,FOLLOW_ARC
113.18,0.262,0.7011,2.7746,-3.7293,1.7891,0.3823,0.6669,0.16,FOLLOW_ARC
113.2,0.2603,0.7018,2.7686,-3.7276,1.7885,0.3738,0.6699,0.1595,FOLLOW_ARC
113.22,0.2586,0.7024,2.7626,-3.7259,1.7879,0.3738,0.6699,0.159,FOLLOW_ARC
113.24,0.2568,0.7031,2.7566,-3.7242,1.7872,0.3738,0.6699,0.1586,FOLLOW_ARC
113.26,0.2551,0.7038,2.7506,-3.7225,1.7866,0.3738,0.6699,0.1581,FOLLOW_ARC
113.28,0.2534,0.7045,2.7446,-3.7208,1.786,0.3738,0.6699,0.1577,FOLLOW_ARC
113.3,0.2517,0.7053,2.7386,-3.7175,1.7846,0.3655,0.6732,0.1573,FOLLOW_ARC
113.32,0.25,0.706,2.7326,-3.7175,1.7846,0.3655,0.6732,0.1569,FOLLOW_ARC
113.34,0.2483,0.7067,2.7266,-3.7158,1.784,0.3655,0.6732,0.1565,FOLLOW_ARC
113.36,0.2466,0.7075,2.7206,-3.7142,1.7833,0.3655,0.6732,0.1562,FOLLOW_ARC
113.38,0.2449,0.7083,2.7146,-3.7125,1.7826,0.3655,0.6732,0.1558,FOLLOW_ARC
113.4,0.2432,0.709,2.7086,-3.7109,1.7819,0.3572,0.6768,0.1555,FOLLOW_ARC
113.42,0.2416,0.7098,2.7026,-3.7092,1.7811,0.3572,0.6768,0.1552,FOLLOW_ARC
113.44,0.2399,0.7106,2.6966,-3.7076,1.7804,0.3572,0.6768,0.1549,FOLLOW_ARC
113.46,0.2382,0.7114,2.6906,-3.7059,1.7797,0.3572,0.6768,0.1546,FOLLOW_ARC
113.48,0.2365,0.7122,2.6846,-3.7043,1.7789,0.3572,0.6768,0.1543,FOLLOW_ARC
113.498,0.2349,0.7131,2.6786,-3.7026,1.7782,0.349,0.6806,0.1541,FOLLOW_ARC
113.52,0.2332,0.7139,2.6726,-3.701,1.7774,0.349,0.6806,0.1539,FOLLOW_ARC
113.54,0.2316,0.7147,2.6666,-3.6994,1.7766,0.349,0.6806,0.1537,FOLLOW_ARC
113.56,0.2299,0.7156,2.6606,-3.6978,1.7759,0.349,0.6806,0.1535,FOLLOW_ARC
113.58,0.2283,0.7165,2.6546,-3.6962,1.7751,0.349,0.6806,0.1533,FOLLOW_ARC
113.6,0.2267,0.7173,2.6486,-3.6945,1.7743,0.341,0.6846,0.1531,FOLLOW_ARC
113.62,0.225,0.7182,2.6426,-3.6913,1.7726,0.341,0.6846,0.153,FOLLOW_ARC
113.64,0.2234,0.7191,2.6366,-3.6913,1.7726,0.341,0.6846,0.1529,FOLLOW_ARC
113.66,0.2218,0.72,2.6306,-3.6882,1.7709,0.341,0.6846,0.1528,FOLLOW_ARC
113.68,0.2202,0.7209,2.6246,-3.6882,1.7709,0.341,0.6846,0.1527,FOLLOW_ARC
113.7,0.2186,0.7218,2.6186,-3.685,1.7692,0.3331,0.6889,0.1526,FOLLOW_ARC
113.72,0.217,0.7228,2.6126,-3.6834,1.7683,0.3331,0.6889,0.1526,FOLLOW_ARC
113.74,0.2154,0.7237,2.6066,-3.6834,1.7683,0.3331,0.6889,0.1525,FOLLOW_ARC
113.76,0.2138,0.7247,2.6006,-3.6803,1.7666,0.3331,0.6889,0.1525,FOLLOW_ARC
113.78,0.2122,0.7256,2.5946,-3.6803,1.7666,0.3331,0.6889,0.1525,FOLLOW_ARC
113.8,0.2106,0.7266,2.5886,-3.6787,1.7657,0.3253,0.6934,0.1525,FOLLOW_ARC
113.818,0.209,0.7276,2.5826,-3.6772,1.7648,0.3253,0.6934,0.1526,FOLLOW_ARC
113.84,0.2075,0.7286,2.5766,-3.6756,1.7638,0.3253,0.6934,0.1526,FOLLOW_ARC
113.86,0.2059,0.7296,2.5706,-3.6725,1.762,0.3253,0.6934,0.1527,FOLLOW_ARC
113.88,0.2043,0.7306,2.5646,-3.671,1.761,0.3253,0.6934,0.1528,FOLLOW_ARC
113.898,0.2028,0.7316,2.5586,-3.671,1.761,0.3161,0.6992,0.1529,FOLLOW_ARC
113.92,0.2012,0.7326,2.5526,-3.668,1.7591,0.3161,0.6992,0.153,FOLLOW_ARC
113.94,0.1997,0.7336,2.5466,-3.668,1.7591,0.3161,0.6992,0.1531,FOLLOW_ARC
113.96,0.1982,0.7347,2.5406,-3.6665,1.7581,0.3161,0.6992,0.1533,FOLLOW_ARC
113.98,0.1967,0.7357,2.5346,-3.665,1.7571,0.3102,0.7032,0.1535,FOLLOW_ARC
114.0,0.1951,0.7368,2.5286,-3.662,1.7552,0.3102,0.7032,0.1537,FOLLOW_ARC
114.02,0.1936,0.7379,2.5226,-3.662,1.7552,0.3102,0.7032,0.1539,FOLLOW_ARC
114.04,0.1921,0.739,2.5166,-3.6605,1.7541,0.3102,0.7032,0.1541,FOLLOW_ARC
114.06,0.1906,0.7401,2.5106,-3.659,1.7531,0.3102,0.7032,0.1543,FOLLOW_ARC
114.08,0.1891,0.7411,2.5046,-3.656,1.7511,0.3102,0.7032,0.1546,FOLLOW_ARC
114.1,0.1876,0.7423,2.4986,-3.656,1.7511,0.3028,0.7084,0.1549,FOLLOW_ARC
114.12,0.1862,0.7434,2.4926,-3.6546,1.75,0.3028,0.7084,0.1552,FOLLOW_ARC
114.14,0.1847,0.7445,2.4866,-3.6517,1.7479,0.3028,0.7084,0.1555,FOLLOW_ARC
114.16,0.1832,0.7456,2.4806,-3.6502,1.7468,0.3028,0.7084,0.1558,FOLLOW_ARC
114.18,0.1818,0.7468,2.4746,-3.6502,1.7468,0.3028,0.7084,0.1561,FOLLOW_ARC
114.2,0.1803,0.7479,2.4686,-3.6488,1.7457,0.2956,0.7138,0.1565,FOLLOW_ARC
114.22,0.1789,0.7491,2.4626,-3.6473,1.7447,0.2956,0.7138,0.1569,FOLLOW_ARC
114.24,0.1774,0.7503,2.4566,-3.6445,1.7425,0.2956,0.7138,0.1573,FOLLOW_ARC
114.26,0.176,0.7514,2.4506,-3.6431,1.7413,0.2956,0.7138,0.1577,FOLLOW_ARC
114.28,0.1746,0.7526,2.4446,-3.6431,1.7413,0.2956,0.7138,0.1581,FOLLOW_ARC
114.3,0.1731,0.7538,2.4386,-3.6417,1.7402,0.2886,0.7194,0.1586,FOLLOW_ARC
114.32,0.1717,0.755,2.4326,-3.6403,1.7391,0.2886,0.7194,0.159,FOLLOW_ARC
114.34,0.1703,0.7562,2.4266,-3.6389,1.7379,0.2886,0.7194,0.1595,FOLLOW_ARC
114.36,0.1689,0.7575,2.4206,-3.6375,1.7368,0.2886,0.7194,0.16,FOLLOW_ARC
114.38,0.1676,0.7587,2.4146,-3.6361,1.7356,0.2886,0.7194,0.1605,FOLLOW_ARC
114.4,0.1662,0.7599,2.4086,-3.6347,1.7345,0.2818,0.7253,0.161,FOLLOW_ARC
114.42,0.1648,0.7612,2.4026,-3.6334,1.7333,0.2818,0.7253,0.1616,FOLLOW_ARC
114.44,0.1634,0.7624,2.3966,-3.632,1.7321,0.2818,0.7253,0.1621,FOLLOW_ARC
114.46,0.1621,0.7637,2.3906,-3.6307,1.7309,0.2818,0.7253,0.1627,FOLLOW_ARC
114.48,0.1607,0.765,2.3846,-3.6293,1.7297,0.2818,0.7253,0.1633,FOLLOW_ARC
114.5,0.1594,0.7662,2.3786,-3.628,1.7285,0.2751,0.7313,0.1639,FOLLOW_ARC
114.52,0.158,0.7675,2.3726,-3.6267,1.7273,0.2751,0.7313,0.1645,FOLLOW_ARC
114.54,0.1567,0.7688,2.3666,-3.6253,1.7261,0.2751,0.7313,0.1652,FOLLOW_ARC
114.56,0.1554,0.7701,2.3606,-3.624,1.7249,0.2751,0.7313,0.1658,FOLLOW_ARC
114.58,0.1541,0.7714,2.3546,-3.6227,1.7236,0.2751,0.7313,0.1665,FOLLOW_ARC
114.6,0.1528,0.7727,2.3486,-3.6214,1.7224,0.2686,0.7375,0.1672,FOLLOW_ARC
114.62,0.1515,0.7741,2.3426,-3.6188,1.7199,0.2686,0.7375,0.1679,FOLLOW_ARC
114.64,0.1502,0.7754,2.3366,-3.6188,1.7199,0.2686,0.7375,0.1686,FOLLOW_ARC
114.66,0.1489,0.7767,2.3306,-3.6176,1.7186,0.2686,0.7375,0.1693,FOLLOW_ARC
114.68,0.1476,0.7781,2.3246,-3.615,1.716,0.2623,0.744,0.1701,FOLLOW_ARC
114.7,0.1464,0.7794,2.3186,-3.6138,1.7147,0.2623,0.744,0.1709,FOLLOW_ARC
114.72,0.1451,0.7808,2.3126,-3.6138,1.7147,0.2623,0.744,0.1716,FOLLOW_ARC
114.74,0.1439,0.7822,2.3066,-3.6113,1.7121,0.2623,0.744,0.1724,FOLLOW_ARC
114.76,0.1426,0.7836,2.3006,-3.6101,1.7108,0.2623,0.744,0.1732,FOLLOW_ARC
114.78,0.1414,0.7849,2.2946,-3.6101,1.7108,0.2623,0.744,0.1741,FOLLOW_ARC
114.8,0.1402,0.7863,2.2886,-3.6088,1.7095,0.2562,0.7506,0.1749,FOLLOW_ARC
114.82,0.139,0.7877,2.2826,-3.6076,1.7082,0.2562,0.7506,0.1757,FOLLOW_ARC
114.84,0.1378,0.7891,2.2766,-3.6064,1.7068,0.2562,0.7506,0.1766,FOLLOW_ARC
114.86,0.1366,0.7906,2.2706,-3.6052,1.7055,0.2562,0.7506,0.1775,FOLLOW_ARC
114.88,0.1354,0.792,2.2646,-3.604,1.7041,0.2562,0.7506,0.1784,FOLLOW_ARC
114.9,0.1342,0.7934,2.2586,-3.6017,1.7014,0.2503,0.7574,0.1793,FOLLOW_ARC
114.92,0.133,0.7949,2.2526,-3.6017,1.7014,0.2503,0.7574,0.1802,FOLLOW_ARC
114.942,0.1319,0.7963,2.2466,-3.6005,1.7001,0.2503,0.7574,0.1812,FOLLOW_ARC
114.96,0.1307,0.7977,2.2406,-3.5993,1.6987,0.2503,0.7574,0.1821,FOLLOW_ARC
114.98,0.1296,0.7992,2.2346,-3.5982,1.6973,0.2503,0.7574,0.1831,FOLLOW_ARC
115.0,0.1284,0.8007,2.2286,-3.5971,1.6959,0.2435,0.7658,0.1841,FOLLOW_ARC
115.02,0.1273,0.8021,2.2226,-3.5959,1.6945,0.2435,0.7658,0.1851,FOLLOW_ARC
115.04,0.1262,0.8036,2.2166,-3.5948,1.6931,0.2435,0.7658,0.1861,FOLLOW_ARC
115.06,0.1251,0.8051,2.2106,-3.5937,1.6917,0.2435,0.7658,0.1871,FOLLOW_ARC
115.08,0.124,0.8066,2.2046,-3.5926,1.6903,0.2435,0.7658,0.1881,FOLLOW_ARC
115.1,0.1229,0.8081,2.1986,-3.5915,1.6888,0.2391,0.7715,0.1892,FOLLOW_ARC
115.12,0.1218,0.8096,2.1926,-3.5893,1.686,0.2391,0.7715,0.1902,FOLLOW_ARC
115.14,0.1207,0.8111,2.1866,-3.5893,1.686,0.2391,0.7715,0.1913,FOLLOW_ARC
115.16,0.1197,0.8126,2.1806,-3.5882,1.6845,0.2391,0.7715,0.1924,FOLLOW_ARC
115.18,0.1186,0.8141,2.1746,-3.5872,1.6831,0.2391,0.7715,0.1935,FOLLOW_ARC
115.2,0.1175,0.8157,2.1686,-3.5851,1.6802,0.2339,0.7788,0.1946,FOLLOW_ARC
115.22,0.1165,0.8172,2.1626,-3.5851,1.6802,0.2339,0.7788,0.1957,FOLLOW_ARC
115.24,0.1155,0.8188,2.1566,-3.584,1.6787,0.2339,0.7788,0.1969,FOLLOW_ARC
115.26,0.1145,0.8203,2.1506,-3.582,1.6757,0.2339,0.7788,0.198,FOLLOW_ARC
115.28,0.1135,0.8219,2.1446,-3.582,1.6757,0.2339,0.7788,0.1992,FOLLOW_ARC
115.298,0.1125,0.8234,2.1386,-3.581,1.6742,0.2288,0.7862,0.2004,FOLLOW_ARC
115.32,0.1115,0.825,2.1326,-3.58,1.6727,0.2288,0.7862,0.2016,FOLLOW_ARC
115.34,0.1105,0.8266,2.1266,-3.579,1.6712,0.2288,0.7862,0.2028,FOLLOW_ARC
115.36,0.1095,0.8281,2.1206,-3.578,1.6697,0.2288,0.7862,0.204,FOLLOW_ARC
115.38,0.1085,0.8297,2.1146,-3.576,1.6667,0.2288,0.7862,0.2052,FOLLOW_ARC
115.4,0.1076,0.8313,2.1086,-3.576,1.6667,0.224,0.7938,0.2064,FOLLOW_ARC
115.42,0.1066,0.8329,2.1026,-3.5751,1.6652,0.224,0.7938,0.2077,FOLLOW_ARC
115.44,0.1057,0.8345,2.0966,-3.5741,1.6636,0.224,0.7938,0.2089,FOLLOW_ARC
115.46,0.1048,0.8361,2.0906,-3.5732,1.6621,0.224,0.7938,0.2102,FOLLOW_ARC
115.48,0.1039,0.8377,2.0846,-3.5723,1.6606,0.224,0.7938,0.2115,FOLLOW_ARC
115.5,0.103,0.8393,2.0786,-3.5704,1.6575,0.2194,0.8016,0.2128,FOLLOW_ARC
115.52,0.1021,0.841,2.0726,-3.5704,1.6575,0.2194,0.8016,0.2141,FOLLOW_ARC
115.54,0.1012,0.8426,2.0666,-3.5686,1.6543,0.2194,0.8016,0.2154,FOLLOW_ARC
115.56,0.1003,0.8442,2.0606,-3.5686,1.6543,0.2194,0.8016,0.2167,FOLLOW_ARC
115.58,0.0994,0.8459,2.0546,-3.5669,1.6512,0.2151,0.8095,0.218,FOLLOW_ARC
115.6,0.0986,0.8475,2.0486,-3.5669,1.6512,0.2151,0.8095,0.2194,FOLLOW_ARC
115.62,0.0977,0.8492,2.0426,-3.566,1.6496,0.2151,0.8095,0.2207,FOLLOW_ARC
115.64,0.0969,0.8508,2.0366,-3.5652,1.648,0.2151,0.8095,0.2221,FOLLOW_ARC
115.66,0.0961,0.8525,2.0306,-3.5643,1.6465,0.2151,0.8095,0.2235,FOLLOW_ARC
115.68,0.0953,0.8541,2.0246,-3.5635,1.6449,0.2151,0.8095,0.2249,FOLLOW_ARC
115.7,0.0945,0.8558,2.0186,-3.5627,1.6433,0.211,0.8175,0.2262,FOLLOW_ARC
115.72,0.0937,0.8575,2.0126,-3.561,1.64,0.211,0.8175,0.2277,FOLLOW_ARC
115.74,0.0929,0.8592,2.0066,-3.561,1.64,0.211,0.8175,0.2291,FOLLOW_ARC
115.76,0.0921,0.8608,2.0006,-3.5602,1.6384,0.211,0.8175,0.2305,FOLLOW_ARC
115.78,0.0913,0.8625,1.9946,-3.5594,1.6368,0.211,0.8175,0.2319,FOLLOW_ARC
115.8,0.0906,0.8642,1.9886,-3.5579,1.6336,0.2071,0.8256,0.2334,FOLLOW_ARC
115.82,0.0898,0.8659,1.9826,-3.5571,1.6319,0.2071,0.8256,0.2348,FOLLOW_ARC
115.84,0.0891,0.8676,1.9766,-3.5564,1.6303,0.2071,0.8256,0.2363,FOLLOW_ARC
115.86,0.0884,0.8693,1.9706,-3.5564,1.6303,0.2071,0.8256,0.2377,FOLLOW_ARC
115.882,0.0876,0.871,1.9646,-3.5549,1.627,0.2071,0.8256,0.2392,FOLLOW_ARC
115.9,0.0869,0.8728,1.9586,-3.5549,1.627,0.2028,0.8355,0.2407,FOLLOW_ARC
115.92,0.0862,0.8745,1.9526,-3.5542,1.6254,0.2028,0.8355,0.2422,FOLLOW_ARC
115.942,0.0856,0.8762,1.9466,-3.5535,1.6237,0.2028,0.8355,0.2437,FOLLOW_ARC
115.96,0.0849,0.8779,1.9406,-3.5528,1.622,0.2028,0.8355,0.2452,FOLLOW_ARC
115.98,0.0842,0.8797,1.9346,-3.5521,1.6204,0.2001,0.8422,0.2467,FOLLOW_ARC
116.0,0.0836,0.8814,1.9286,-3.5514,1.6187,0.2001,0.8422,0.2483,FOLLOW_ARC
116.02,0.0829,0.8831,1.9226,-3.5508,1.617,0.2001,0.8422,0.2498,FOLLOW_ARC
116.04,0.0823,0.8849,1.9166,-3.5501,1.6154,0.2001,0.8422,0.2514,FOLLOW_ARC
116.06,0.0817,0.8866,1.9106,-3.5495,1.6137,0.2001,0.8422,0.2529,FOLLOW_ARC
116.08,0.0811,0.8884,1.9046,-3.5488,1.612,0.2001,0.8422,0.2545,FOLLOW_ARC
116.1,0.0805,0.8901,1.8986,-3.5476,1.6086,0.1963,0.8523,0.256,FOLLOW_ARC
116.12,0.0799,0.8919,1.8926,-3.5476,1.6086,0.1963,0.8523,0.2576,FOLLOW_ARC
116.14,0.0793,0.8936,1.8866,-3.5464,1.6052,0.1963,0.8523,0.2592,FOLLOW_ARC
116.16,0.0787,0.8954,1.8806,-3.5464,1.6052,0.1963,0.8523,0.2608,FOLLOW_ARC
116.18,0.0782,0.8972,1.8746,-3.5452,1.6018,0.1963,0.8523,0.2624,FOLLOW_ARC
116.2,0.0776,0.8989,1.8686,-3.5452,1.6018,0.1941,0.8591,0.264,FOLLOW_ARC
116.22,0.0771,0.9007,1.8626,-3.5446,1.6001,0.1941,0.8591,0.2656,FOLLOW_ARC
116.24,0.0766,0.9025,1.8566,-3.5441,1.5984,0.1941,0.8591,0.2672,FOLLOW_ARC
116.26,0.076,0.9043,1.8506,-3.5435,1.5967,0.1941,0.8591,0.2688,FOLLOW_ARC
116.28,0.0755,0.9061,1.8446,-3.5425,1.5933,0.1941,0.8591,0.2705,FOLLOW_ARC
116.3,0.075,0.9078,1.8386,-3.5425,1.5933,0.1915,0.8677,0.2721,FOLLOW_ARC
116.32,0.0745,0.9096,1.8326,-3.5419,1.5915,0.1915,0.8677,0.2738,FOLLOW_ARC
116.34,0.0741,0.9114,1.8266,-3.5414,1.5898,0.1915,0.8677,0.2754,FOLLOW_ARC
116.36,0.0736,0.9132,1.8206,-3.5409,1.5881,0.1915,0.8677,0.2771,FOLLOW_ARC
116.38,0.0732,0.915,1.8146,-3.54,1.5846,0.1915,0.8677,0.2787,FOLLOW_ARC
116.4,0.0727,0.9168,1.8086,-3.5395,1.5829,0.1891,0.8764,0.2804,FOLLOW_ARC
116.42,0.0723,0.9186,1.8026,-3.5391,1.5811,0.1891,0.8764,0.2821,FOLLOW_ARC
116.44,0.0719,0.9204,1.7966,-3.5391,1.5811,0.1891,0.8764,0.2838,FOLLOW_ARC
116.46,0.0715,0.9222,1.7906,-3.5386,1.5794,0.1891,0.8764,0.2854,FOLLOW_ARC
116.48,0.0711,0.924,1.7846,-3.5382,1.5776,0.1891,0.8764,0.2871,FOLLOW_ARC
116.5,0.0707,0.9259,1.7786,-3.5378,1.5759,0.187,0.8852,0.2888,FOLLOW_ARC
116.52,0.0703,0.9277,1.7726,-3.5374,1.5741,0.187,0.8852,0.2905,FOLLOW_ARC
116.54,0.0699,0.9295,1.7666,-3.537,1.5724,0.187,0.8852,0.2922,FOLLOW_ARC
116.56,0.0696,0.9313,1.7606,-3.5366,1.5706,0.187,0.8852,0.294,FOLLOW_ARC
116.58,0.0692,0.9331,1.7546,-3.5362,1.5689,0.187,0.8852,0.2957,FOLLOW_ARC
116.6,0.0689,0.935,1.7486,-3.5358,1.5671,0.1848,0.8958,0.2974,FOLLOW_ARC
116.62,0.0686,0.9368,1.7426,-3.5355,1.5653,0.1848,0.8958,0.2991,FOLLOW_ARC
116.64,0.0683,0.9386,1.7366,-3.5351,1.5636,0.1848,0.8958,0.3009,FOLLOW_ARC
116.66,0.068,0.9404,1.7306,-3.5348,1.5618,0.1848,0.8958,0.3026,FOLLOW_ARC
116.68,0.0677,0.9423,1.7246,-3.5341,1.5583,0.1836,0.9029,0.3043,FOLLOW_ARC
116.7,0.0674,0.9441,1.7186,-3.5341,1.5583,0.1836,0.9029,0.3061,FOLLOW_ARC
116.72,0.0671,0.9459,1.7126,-3.5338,1.5565,0.1836,0.9029,0.3078,FOLLOW_ARC
116.74,0.0669,0.9478,1.7066,-3.5335,1.5547,0.1836,0.9029,0.3096,FOLLOW_ARC
116.76,0.0666,0.9496,1.7006,-3.5332,1.5529,0.1836,0.9029,0.3114,FOLLOW_ARC
116.78,0.0664,0.9514,1.6946,-3.533,1.5512,0.1836,0.9029,0.3131,FOLLOW_ARC
116.8,0.0662,0.9533,1.6886,-3.5324,1.5476,0.1823,0.9118,0.3149,FOLLOW_ARC
116.82,0.066,0.9551,1.6826,-3.5324,1.5476,0.1823,0.9118,0.3167,FOLLOW_ARC
116.84,0.0658,0.957,1.6766,-3.5322,1.5458,0.1823,0.9118,0.3184,FOLLOW_ARC
116.86,0.0656,0.9588,1.6706,-3.532,1.544,0.1823,0.9118,0.3202,FOLLOW_ARC
116.88,0.0654,0.9607,1.6646,-3.5315,1.5404,0.1823,0.9118,0.322,FOLLOW_ARC
116.9,0.0652,0.9625,1.6586,-3.5313,1.5387,0.1813,0.9207,0.3238,FOLLOW_ARC
116.92,0.0651,0.9644,1.6526,-3.5313,1.5387,0.1813,0.9207,0.3256,FOLLOW_ARC
116.94,0.0649,0.9662,1.6466,-3.531,1.5351,0.1813,0.9207,0.3274,FOLLOW_ARC
116.96,0.0648,0.9681,1.6406,-3.531,1.5351,0.1813,0.9207,0.3292,FOLLOW_ARC
116.98,0.0647,0.9699,1.6346,-3.5308,1.5333,0.1805,0.9297,0.331,FOLLOW_ARC
117.0,0.0646,0.9718,1.6286,-3.5307,1.5315,0.1805,0.9297,0.3328,FOLLOW_ARC
117.02,0.0645,0.9736,1.6226,-3.5305,1.5297,0.1805,0.9297,0.3346,FOLLOW_ARC
117.04,0.0644,0.9755,1.6166,-3.5304,1.5279,0.1805,0.9297,0.3364,FOLLOW_ARC
117.06,0.0643,0.9773,1.6106,-3.5302,1.5261,0.1805,0.9297,0.3382,FOLLOW_ARC
117.08,0.0642,0.9792,1.6046,-3.5301,1.5243,0.1805,0.9297,0.34,FOLLOW_ARC
117.1,0.0642,0.981,1.5986,-3.5299,1.5207,0.1799,0.9405,0.3419,FOLLOW_ARC
117.12,0.0641,0.9829,1.5926,-3.5299,1.5189,0.1799,0.9405,0.3437,FOLLOW_ARC
117.14,0.0641,0.9847,1.5866,-3.5299,1.5189,0.1799,0.9405,0.3455,FOLLOW_ARC
117.16,0.0641,0.9866,1.5806,-3.5298,1.5171,0.1799,0.9405,0.3473,FOLLOW_ARC
117.18,0.0641,0.9884,1.5746,-3.5297,1.5153,0.1799,0.9405,0.3491,FOLLOW_ARC
117.2,0.0641,0.9903,1.5686,-3.5297,1.5135,0.1798,0.9477,0.351,FOLLOW_ARC
117.22,0.0641,0.9921,1.5626,-3.5296,1.5117,0.1798,0.9477,0.3528,FOLLOW_ARC
117.24,0.0641,0.994,1.5566,-3.5296,1.5099,0.1798,0.9477,0.3546,FOLLOW_ARC
117.26,0.0641,0.9958,1.5506,-3.5296,1.5063,0.1798,0.9477,0.3565,FOLLOW_ARC
117.28,0.0642,0.9977,1.5446,-3.5296,1.5063,0.1798,0.9477,0.3583,FOLLOW_ARC
117.3,0.0642,0.9996,1.5386,-3.5296,1.5045,0.1798,0.9567,0.3602,FOLLOW_ARC
117.32,0.0643,1.0014,1.5326,-3.5296,1.5009,0.1798,0.9567,0.362,FOLLOW_ARC
117.34,0.0644,1.0033,1.5266,-3.5296,1.5009,0.1798,0.9567,0.3639,FOLLOW_ARC
117.36,0.0645,1.0051,1.5206,-3.5297,1.4991,0.1798,0.9567,0.3657,FOLLOW_ARC
117.38,0.0646,1.007,1.5146,-3.5297,1.4973,0.1798,0.9567,0.3675,FOLLOW_ARC
117.4,0.0647,1.0088,1.5086,-3.5298,1.4955,0.1802,0.9656,0.3694,FOLLOW_ARC
117.42,0.0648,1.0107,1.5026,-3.5299,1.4937,0.1802,0.9656,0.3712,FOLLOW_ARC
117.44,0.0649,1.0125,1.4966,-3.5299,1.4919,0.1802,0.9656,0.3731,FOLLOW_ARC
117.46,0.0651,1.0144,1.4906,-3.53,1.4901,0.1802,0.9656,0.375,FOLLOW_ARC
117.48,0.0652,1.0162,1.4846,-3.5301,1.4883,0.1802,0.9656,0.3768,FOLLOW_ARC
117.502,0.0654,1.0181,1.4786,-3.5304,1.4847,0.1807,0.9746,0.3787,FOLLOW_ARC
117.52,0.0656,1.0199,1.4726,-3.5305,1.4829,0.1807,0.9746,0.3805,FOLLOW_ARC
117.54,0.0658,1.0217,1.4666,-3.5305,1.4829,0.1807,0.9746,0.3824,FOLLOW_ARC
117.56,0.066,1.0236,1.4606,-3.5307,1.4811,0.1807,0.9746,0.3842,FOLLOW_ARC
117.58,0.0662,1.0254,1.4546,-3.5308,1.4794,0.1807,0.9746,0.3861,FOLLOW_ARC
117.6,0.0664,1.0273,1.4486,-3.531,1.4776,0.1816,0.9836,0.388,FOLLOW_ARC
117.62,0.0666,1.0291,1.4426,-3.5314,1.474,0.1816,0.9836,0.3898,FOLLOW_ARC
117.64,0.0669,1.0309,1.4366,-3.5314,1.474,0.1816,0.9836,0.3917,FOLLOW_ARC
117.66,0.0671,1.0328,1.4306,-3.5316,1.4722,0.1816,0.9836,0.3935,FOLLOW_ARC
117.68,0.0674,1.0346,1.4246,-3.5318,1.4704,0.1827,0.9925,0.3954,FOLLOW_ARC
117.7,0.0677,1.0364,1.4186,-3.532,1.4686,0.1827,0.9925,0.3973,FOLLOW_ARC
117.72,0.068,1.0383,1.4126,-3.5322,1.4668,0.1827,0.9925,0.3991,FOLLOW_ARC
117.74,0.0683,1.0401,1.4066,-3.5325,1.4651,0.1827,0.9925,0.401,FOLLOW_ARC
117.76,0.0686,1.0419,1.4006,-3.5327,1.4633,0.1827,0.9925,0.4029,FOLLOW_ARC
117.78,0.0689,1.0438,1.3946,-3.533,1.4615,0.1827,0.9925,0.4047,FOLLOW_ARC
117.8,0.0692,1.0456,1.3886,-3.5335,1.4579,0.1841,1.0014,0.4066,FOLLOW_ARC
117.82,0.0696,1.0474,1.3826,-3.5338,1.4562,0.1841,1.0014,0.4084,FOLLOW_ARC
117.84,0.0699,1.0492,1.3766,-3.5338,1.4562,0.1841,1.0014,0.4103,FOLLOW_ARC
117.86,0.0703,1.051,1.3706,-3.5341,1.4544,0.1841,1.0014,0.4122,FOLLOW_ARC
117.88,0.0707,1.0529,1.3646,-3.5345,1.4526,0.1841,1.0014,0.414,FOLLOW_ARC
117.9,0.071,1.0547,1.3586,-3.5348,1.4508,0.1861,1.012,0.4159,FOLLOW_ARC
117.92,0.0714,1.0565,1.3526,-3.5351,1.4491,0.1861,1.012,0.4178,FOLLOW_ARC
117.94,0.0718,1.0583,1.3466,-3.5358,1.4455,0.1861,1.012,0.4196,FOLLOW_ARC
117.96,0.0723,1.0601,1.3406,-3.5358,1.4455,0.1861,1.012,0.4215,FOLLOW_ARC
117.98,0.0727,1.0619,1.3346,-3.5362,1.4438,0.1861,1.012,0.4233,FOLLOW_ARC
118.0,0.0731,1.0637,1.3286,-3.5366,1.442,0.1877,1.019,0.4252,FOLLOW_ARC
118.02,0.0736,1.0655,1.3226,-3.537,1.4403,0.1877,1.019,0.4271,FOLLOW_ARC
118.04,0.074,1.0673,1.3166,-3.5378,1.4368,0.1877,1.019,0.4289,FOLLOW_ARC
118.06,0.0745,1.0691,1.3106,-3.5378,1.4368,0.1877,1.019,0.4308,FOLLOW_ARC
118.08,0.075,1.0709,1.3046,-3.5382,1.435,0.1899,1.0278,0.4326,FOLLOW_ARC
118.1,0.0755,1.0727,1.2986,-3.5386,1.4333,0.1899,1.0278,0.4345,FOLLOW_ARC
118.12,0.076,1.0744,1.2926,-3.5391,1.4315,0.1899,1.0278,0.4364,FOLLOW_ARC
118.14,0.0765,1.0762,1.2866,-3.5395,1.4298,0.1899,1.0278,0.4382,FOLLOW_ARC
118.16,0.077,1.078,1.2806,-3.54,1.428,0.1899,1.0278,0.4401,FOLLOW_ARC
118.18,0.0776,1.0798,1.2746,-3.5405,1.4263,0.1899,1.0278,0.4419,FOLLOW_ARC
118.2,0.0781,1.0816,1.2686,-3.541,1.4246,0.1923,1.0364,0.4438,FOLLOW_ARC
118.22,0.0787,1.0833,1.2626,-3.5415,1.4228,0.1923,1.0364,0.4456,FOLLOW_ARC
118.24,0.0793,1.0851,1.2566,-3.5425,1.4194,0.1923,1.0364,0.4475,FOLLOW_ARC
118.26,0.0798,1.0868,1.2506,-3.5425,1.4194,0.1923,1.0364,0.4493,FOLLOW_ARC
118.28,0.0804,1.0886,1.2446,-3.5436,1.4159,0.1923,1.0364,0.4512,FOLLOW_ARC
118.3,0.081,1.0904,1.2386,-3.5436,1.4159,0.195,1.045,0.453,FOLLOW_ARC
118.32,0.0816,1.0921,1.2326,-3.5447,1.4125,0.195,1.045,0.4548,FOLLOW_ARC
118.34,0.0823,1.0939,1.2266,-3.5452,1.4108,0.195,1.045,0.4567,FOLLOW_ARC
118.36,0.0829,1.0956,1.2206,-3.5452,1.4108,0.195,1.045,0.4585,FOLLOW_ARC
118.38,0.0835,1.0973,1.2146,-3.5458,1.4091,0.195,1.045,0.4604,FOLLOW_ARC
118.4,0.0842,1.0991,1.2086,-3.5464,1.4074,0.1986,1.0552,0.4622,FOLLOW_ARC
118.42,0.0848,1.1008,1.2026,-3.547,1.4057,0.1986,1.0552,0.464,FOLLOW_ARC
118.44,0.0855,1.1025,1.1966,-3.5482,1.4023,0.1986,1.0552,0.4659,FOLLOW_ARC
118.46,0.0862,1.1043,1.1906,-3.5482,1.4023,0.1986,1.0552,0.4677,FOLLOW_ARC
118.48,0.0869,1.106,1.1846,-3.5488,1.4006,0.1986,1.0552,0.4695,FOLLOW_ARC
118.502,0.0876,1.1077,1.1786,-3.5495,1.399,0.2012,1.0619,0.4713,FOLLOW_ARC
118.52,0.0883,1.1094,1.1726,-3.5501,1.3973,0.2012,1.0619,0.4732,FOLLOW_ARC
118.54,0.089,1.1111,1.1666,-3.5508,1.3956,0.2012,1.0619,0.475,FOLLOW_ARC
118.56,0.0898,1.1128,1.1606,-3.5515,1.3939,0.2012,1.0619,0.4768,FOLLOW_ARC
118.58,0.0905,1.1145,1.1546,-3.5521,1.3923,0.2012,1.0619,0.4786,FOLLOW_ARC
118.6,0.0913,1.1162,1.1486,-3.5528,1.3906,0.2047,1.0702,0.4804,FOLLOW_ARC
118.62,0.092,1.1179,1.1426,-3.5535,1.3889,0.2047,1.0702,0.4823,FOLLOW_ARC
118.64,0.0928,1.1196,1.1366,-3.5542,1.3873,0.2047,1.0702,0.4841,FOLLOW_ARC
118.66,0.0936,1.1212,1.1306,-3.555,1.3856,0.2047,1.0702,0.4859,FOLLOW_ARC
118.68,0.0944,1.1229,1.1246,-3.5557,1.384,0.2047,1.0702,0.4877,FOLLOW_ARC
118.7,0.0952,1.1246,1.1186,-3.5564,1.3824,0.2084,1.0784,0.4895,FOLLOW_ARC
118.72,0.096,1.1263,1.1126,-3.5579,1.3791,0.2084,1.0784,0.4913,FOLLOW_ARC
118.74,0.0968,1.1279,1.1066,-3.5587,1.3775,0.2084,1.0784,0.4931,FOLLOW_ARC
118.76,0.0977,1.1296,1.1006,-3.5587,1.3775,0.2084,1.0784,0.4949,FOLLOW_ARC
118.78,0.0985,1.1312,1.0946,-3.5595,1.3758,0.2084,1.0784,0.4967,FOLLOW_ARC
118.8,0.0994,1.1329,1.0886,-3.5603,1.3742,0.2123,1.0865,0.4985,FOLLOW_ARC
118.82,0.1003,1.1345,1.0826,-3.5611,1.3726,0.2123,1.0865,0.5002,FOLLOW_ARC
118.84,0.1011,1.1361,1.0766,-3.5627,1.3694,0.2123,1.0865,0.502,FOLLOW_ARC
118.86,0.102,1.1378,1.0706,-3.5627,1.3694,0.2123,1.0865,0.5038,FOLLOW_ARC
118.878,0.1029,1.1394,1.0646,-3.5635,1.3678,0.2123,1.0865,0.5056,FOLLOW_ARC
118.9,0.1038,1.141,1.0586,-3.5644,1.3662,0.2165,1.0945,0.5074,FOLLOW_ARC
118.92,0.1047,1.1426,1.0526,-3.5652,1.3646,0.2165,1.0945,0.5091,FOLLOW_ARC
118.94,0.1057,1.1442,1.0466,-3.5661,1.363,0.2165,1.0945,0.5109,FOLLOW_ARC
118.96,0.1066,1.1458,1.0406,-3.5678,1.3599,0.2165,1.0945,0.5127,FOLLOW_ARC
118.982,0.1075,1.1474,1.0346,-3.5687,1.3583,0.2209,1.1023,0.5144,FOLLOW_ARC
119.0,0.1085,1.149,1.0286,-3.5687,1.3583,0.2209,1.1023,0.5162,FOLLOW_ARC
119.02,0.1094,1.1506,1.0226,-3.5696,1.3567,0.2209,1.1023,0.5179,FOLLOW_ARC
119.04,0.1104,1.1522,1.0166,-3.5705,1.3552,0.2209,1.1023,0.5197,FOLLOW_ARC
119.06,0.1114,1.1538,1.0106,-3.5714,1.3536,0.2209,1.1023,0.5214,FOLLOW_ARC
119.08,0.1124,1.1553,1.0046,-3.5723,1.3521,0.2209,1.1023,0.5232,FOLLOW_ARC
119.1,0.1134,1.1569,0.9986,-3.5732,1.3505,0.2256,1.11,0.5249,FOLLOW_ARC
119.12,0.1144,1.1584,0.9926,-3.5742,1.349,0.2256,1.11,0.5267,FOLLOW_ARC
119.14,0.1154,1.16,0.9866,-3.5751,1.3475,0.2256,1.11,0.5284,FOLLOW_ARC
119.16,0.1164,1.1615,0.9806,-3.5761,1.346,0.2256,1.11,0.5301,FOLLOW_ARC
119.18,0.1175,1.1631,0.9746,-3.5771,1.3444,0.2256,1.11,0.5319,FOLLOW_ARC
119.2,0.1185,1.1646,0.9686,-3.578,1.3429,0.2305,1.1176,0.5336,FOLLOW_ARC
119.22,0.1196,1.1661,0.9626,-3.579,1.3414,0.2305,1.1176,0.5353,FOLLOW_ARC
119.24,0.1206,1.1676,0.9566,-3.58,1.3399,0.2305,1.1176,0.537,FOLLOW_ARC
119.26,0.1217,1.1691,0.9506,-3.581,1.3384,0.2305,1.1176,0.5387,FOLLOW_ARC
119.28,0.1228,1.1706,0.9446,-3.582,1.3369,0.2305,1.1176,0.5404,FOLLOW_ARC
119.3,0.1239,1.1721,0.9386,-3.583,1.3355,0.2356,1.125,0.5421,FOLLOW_ARC
119.32,0.125,1.1736,0.9326,-3.5841,1.334,0.2356,1.125,0.5438,FOLLOW_ARC
119.34,0.1261,1.1751,0.9266,-3.5862,1.331,0.2356,1.125,0.5455,FOLLOW_ARC
119.36,0.1272,1.1766,0.9206,-3.5862,1.331,0.2356,1.125,0.5472,FOLLOW_ARC
119.38,0.1284,1.1781,0.9146,-3.5872,1.3296,0.2356,1.125,0.5489,FOLLOW_ARC
119.4,0.1295,1.1795,0.9086,-3.5883,1.3281,0.241,1.1322,0.5506,FOLLOW_ARC
119.42,0.1306,1.181,0.9026,-3.5904,1.3253,0.241,1.1322,0.5523,FOLLOW_ARC
119.44,0.1318,1.1824,0.8966,-3.5915,1.3238,0.241,1.1322,0.554,FOLLOW_ARC
119.46,0.1329,1.1839,0.8906,-3.5915,1.3238,0.241,1.1322,0.5556,FOLLOW_ARC
119.48,0.1341,1.1853,0.8846,-3.5926,1.3224,0.241,1.1322,0.5573,FOLLOW_ARC
119.5,0.1353,1.1868,0.8786,-3.5937,1.321,0.2465,1.1393,0.559,FOLLOW_ARC
119.52,0.1365,1.1882,0.8726,-3.596,1.3182,0.2465,1.1393,0.5606,FOLLOW_ARC
119.54,0.1377,1.1896,0.8666,-3.596,1.3182,0.2465,1.1393,0.5623,FOLLOW_ARC
119.56,0.1389,1.191,0.8606,-3.5971,1.3168,0.2465,1.1393,0.5639,FOLLOW_ARC
119.58,0.1401,1.1924,0.8546,-3.5983,1.3154,0.2465,1.1393,0.5656,FOLLOW_ARC
119.6,0.1413,1.1938,0.8486,-3.6006,1.3126,0.2523,1.1462,0.5672,FOLLOW_ARC
119.62,0.1426,1.1952,0.8426,-3.6006,1.3126,0.2523,1.1462,0.5688,FOLLOW_ARC
119.64,0.1438,1.1966,0.8366,-3.6017,1.3112,0.2523,1.1462,0.5705,FOLLOW_ARC
119.66,0.145,1.1979,0.8306,-3.6029,1.3099,0.2523,1.1462,0.5721,FOLLOW_ARC
119.68,0.1463,1.1993,0.8246,-3.6053,1.3072,0.2523,1.1462,0.5737,FOLLOW_ARC
119.7,0.1476,1.2007,0.8186,-3.6053,1.3072,0.2582,1.1529,0.5753,FOLLOW_ARC
119.72,0.1488,1.202,0.8126,-3.6077,1.3045,0.2582,1.1529,0.577,FOLLOW_ARC
119.74,0.1501,1.2034,0.8066,-3.6077,1.3045,0.2582,1.1529,0.5786,FOLLOW_ARC
119.76,0.1514,1.2047,0.8006,-3.6089,1.3032,0.2582,1.1529,0.5802,FOLLOW_ARC
119.78,0.1527,1.206,0.7946,-3.6114,1.3005,0.2644,1.1595,0.5818,FOLLOW_ARC
119.8,0.154,1.2073,0.7886,-3.6126,1.2992,0.2644,1.1595,0.5834,FOLLOW_ARC
119.82,0.1553,1.2086,0.7826,-3.6126,1.2992,0.2644,1.1595,0.585,FOLLOW_ARC
119.84,0.1566,1.2099,0.7766,-3.6138,1.2979,0.2644,1.1595,0.5865,FOLLOW_ARC
119.86,0.158,1.2112,0.7706,-3.6164,1.2953,0.2644,1.1595,0.5881,FOLLOW_ARC
119.882,0.1593,1.2125,0.7646,-3.6164,1.2953,0.2708,1.1659,0.5897,FOLLOW_ARC
119.9,0.1606,1.2138,0.7586,-3.6189,1.2928,0.2708,1.1659,0.5913,FOLLOW_ARC
119.92,0.162,1.2151,0.7526,-3.6202,1.2915,0.2708,1.1659,0.5928,FOLLOW_ARC
119.94,0.1633,1.2163,0.7466,-3.6215,1.2903,0.2708,1.1659,0.5944,FOLLOW_ARC
119.96,0.1647,1.2176,0.7406,-3.6215,1.2903,0.2708,1.1659,0.5959,FOLLOW_ARC
119.98,0.1661,1.2188,0.7346,-3.6228,1.289,0.2708,1.1659,0.5975,FOLLOW_ARC
120.0,0.1675,1.2201,0.7286,-3.6241,1.2878,0.2773,1.172,0.599,FOLLOW_ARC
120.02,0.1688,1.2213,0.7226,-3.6254,1.2866,0.2773,1.172,0.6006,FOLLOW_ARC
120.04,0.1702,1.2225,0.7166,-3.6267,1.2854,0.2773,1.172,0.6021,FOLLOW_ARC
120.06,0.1716,1.2237,0.7106,-3.6281,1.2841,0.2773,1.172,0.6036,FOLLOW_ARC
120.08,0.1731,1.2249,0.7046,-3.6294,1.2829,0.2773,1.172,0.6052,FOLLOW_ARC
120.1,0.1745,1.2261,0.6986,-3.6307,1.2817,0.2841,1.178,0.6067,FOLLOW_ARC
120.12,0.1759,1.2273,0.6926,-3.6335,1.2794,0.2841,1.178,0.6082,FOLLOW_ARC
120.14,0.1773,1.2285,0.6866,-3.6348,1.2782,0.2841,1.178,0.6097,FOLLOW_ARC
120.16,0.1788,1.2297,0.6806,-3.6362,1.277,0.2841,1.178,0.6112,FOLLOW_ARC
120.18,0.1802,1.2308,0.6746,-3.6362,1.277,0.2841,1.178,0.6127,FOLLOW_ARC
120.2,0.1817,1.232,0.6686,-3.6376,1.2759,0.291,1.1838,0.6142,FOLLOW_ARC
120.22,0.1831,1.2331,0.6626,-3.639,1.2747,0.291,1.1838,0.6157,FOLLOW_ARC
120.24,0.1846,1.2343,0.6566,-3.6403,1.2736,0.291,1.1838,0.6171,FOLLOW_ARC
120.26,0.1861,1.2354,0.6506,-3.6432,1.2713,0.291,1.1838,0.6186,FOLLOW_ARC
120.28,0.1875,1.2365,0.6446,-3.6432,1.2713,0.291,1.1838,0.6201,FOLLOW_ARC
120.3,0.189,1.2376,0.6386,-3.646,1.2691,0.298,1.1893,0.6216,FOLLOW_ARC
120.32,0.1905,1.2387,0.6326,-3.646,1.2691,0.298,1.1893,0.623,FOLLOW_ARC
120.34,0.192,1.2398,0.6266,-3.6474,1.268,0.298,1.1893,0.6245,FOLLOW_ARC
120.36,0.1935,1.2409,0.6206,-3.6488,1.2669,0.298,1.1893,0.6259,FOLLOW_ARC
120.38,0.195,1.242,0.6146,-3.6503,1.2659,0.298,1.1893,0.6273,FOLLOW_ARC
120.4,0.1966,1.243,0.6086,-3.6517,1.2648,0.3053,1.1947,0.6288,FOLLOW_ARC
120.42,0.1981,1.2441,0.6026,-3.6546,1.2627,0.3053,1.1947,0.6302,FOLLOW_ARC
120.44,0.1996,1.2451,0.5966,-3.6546,1.2627,0.3053,1.1947,0.6316,FOLLOW_ARC
120.46,0.2011,1.2462,0.5906,-3.6561,1.2616,0.3053,1.1947,0.6331,FOLLOW_ARC
120.48,0.2027,1.2472,0.5846,-3.6576,1.2606,0.3053,1.1947,0.6345,FOLLOW_ARC
120.5,0.2042,1.2482,0.5786,-3.6605,1.2585,0.3142,1.2008,0.6359,FOLLOW_ARC
120.52,0.2058,1.2492,0.5726,-3.6605,1.2585,0.3142,1.2008,0.6373,FOLLOW_ARC
120.54,0.2074,1.2502,0.5666,-3.662,1.2575,0.3142,1.2008,0.6387,FOLLOW_ARC
120.56,0.2089,1.2512,0.5606,-3.6635,1.2565,0.3142,1.2008,0.64,FOLLOW_ARC
120.58,0.2105,1.2522,0.5546,-3.665,1.2555,0.3142,1.2008,0.6414,FOLLOW_ARC
120.6,0.2121,1.2532,0.5486,-3.6665,1.2546,0.3202,1.2047,0.6428,FOLLOW_ARC
120.62,0.2137,1.2541,0.5426,-3.6681,1.2536,0.3202,1.2047,0.6442,FOLLOW_ARC
120.64,0.2153,1.2551,0.5366,-3.6696,1.2526,0.3202,1.2047,0.6455,FOLLOW_ARC
120.66,0.2168,1.256,0.5306,-3.6711,1.2517,0.3202,1.2047,0.6469,FOLLOW_ARC
120.68,0.2185,1.2569,0.5246,-3.6726,1.2507,0.3202,1.2047,0.6482,FOLLOW_ARC
120.7,0.2201,1.2579,0.5186,-3.6742,1.2498,0.3279,1.2094,0.6496,FOLLOW_ARC
120.72,0.2217,1.2588,0.5126,-3.6773,1.2479,0.3279,1.2094,0.6509,FOLLOW_ARC
120.74,0.2233,1.2597,0.5066,-3.6773,1.2479,0.3279,1.2094,0.6523,FOLLOW_ARC
120.76,0.2249,1.2606,0.5006,-3.6788,1.247,0.3279,1.2094,0.6536,FOLLOW_ARC
120.78,0.2265,1.2615,0.4946,-3.6804,1.2461,0.3279,1.2094,0.6549,FOLLOW_ARC
120.8,0.2282,1.2623,0.4886,-3.6835,1.2443,0.3357,1.2138,0.6562,FOLLOW_ARC
120.82,0.2298,1.2632,0.4826,-3.6835,1.2443,0.3357,1.2138,0.6575,FOLLOW_ARC
120.84,0.2315,1.264,0.4766,-3.6867,1.2426,0.3357,1.2138,0.6588,FOLLOW_ARC
120.86,0.2331,1.2649,0.4706,-3.6867,1.2426,0.3357,1.2138,0.6601,FOLLOW_ARC
120.88,0.2348,1.2657,0.4646,-3.6882,1.2418,0.3357,1.2138,0.6614,FOLLOW_ARC
120.9,0.2364,1.2666,0.4586,-3.6898,1.2409,0.3437,1.218,0.6627,FOLLOW_ARC
120.92,0.2381,1.2674,0.4526,-3.6914,1.2401,0.3437,1.218,0.664,FOLLOW_ARC
120.94,0.2398,1.2682,0.4466,-3.693,1.2393,0.3437,1.218,0.6652,FOLLOW_ARC
120.96,0.2414,1.269,0.4406,-3.6946,1.2384,0.3437,1.218,0.6665,FOLLOW_ARC
120.98,0.2431,1.2697,0.4346,-3.6962,1.2376,0.3437,1.218,0.6678,FOLLOW_ARC
121.0,0.2448,1.2705,0.4286,-3.6995,1.2361,0.3518,1.222,0.669,FOLLOW_ARC
121.02,0.2465,1.2713,0.4226,-3.6995,1.2361,0.3518,1.222,0.6702,FOLLOW_ARC
121.04,0.2482,1.272,0.4166,-3.7011,1.2353,0.3518,1.222,0.6715,FOLLOW_ARC
121.06,0.2499,1.2728,0.4106,-3.7027,1.2345,0.3518,1.222,0.6727,FOLLOW_ARC
121.08,0.2516,1.2735,0.4046,-3.7044,1.2338,0.3518,1.222,0.6739,FOLLOW_ARC
121.1,0.2533,1.2742,0.3986,-3.7076,1.2323,0.36,1.2257,0.6752,FOLLOW_ARC
121.12,0.255,1.275,0.3926,-3.7076,1.2323,0.36,1.2257,0.6764,FOLLOW_ARC
121.14,0.2567,1.2757,0.3866,-3.7093,1.2315,0.36,1.2257,0.6776,FOLLOW_ARC
121.16,0.2584,1.2764,0.3806,-3.7109,1.2308,0.36,1.2257,0.6788,FOLLOW_ARC
121.18,0.2602,1.277,0.3746,-3.7126,1.2301,0.36,1.2257,0.68,FOLLOW_ARC
121.2,0.2619,1.2777,0.3686,-3.7143,1.2294,0.3683,1.2292,0.6811,FOLLOW_ARC
121.22,0.2636,1.2784,0.3626,-3.7159,1.2287,0.3683,1.2292,0.6823,FOLLOW_ARC
121.24,0.2654,1.279,0.3566,-3.7176,1.2281,0.3683,1.2292,0.6835,FOLLOW_ARC
121.26,0.2671,1.2797,0.3506,-3.7193,1.2274,0.3683,1.2292,0.6846,FOLLOW_ARC
121.28,0.2688,1.2803,0.3446,-3.7226,1.2261,0.3767,1.2324,0.6858,FOLLOW_ARC
121.3,0.2706,1.2809,0.3386,-3.7226,1.2261,0.3767,1.2324,0.6869,FOLLOW_ARC
121.32,0.2723,1.2815,0.3326,-3.7243,1.2255,0.3767,1.2324,0.6881,FOLLOW_ARC
121.34,0.2741,1.2821,0.3266,-3.726,1.2248,0.3767,1.2324,0.6892,FOLLOW_ARC
121.36,0.2759,1.2827,0.3206,-3.7277,1.2242,0.3767,1.2324,0.6904,FOLLOW_ARC
121.38,0.2776,1.2833,0.3146,-3.7294,1.2236,0.3767,1.2324,0.6915,FOLLOW_ARC
121.4,0.2794,1.2839,0.3086,-3.7311,1.223,0.3852,1.2354,0.6926,FOLLOW_ARC
121.42,0.2811,1.2844,0.3026,-3.7328,1.2224,0.3852,1.2354,0.6937,FOLLOW_ARC
121.44,0.2829,1.285,0.2966,-3.7345,1.2218,0.3852,1.2354,0.6948,FOLLOW_ARC
121.46,0.2847,1.2855,0.2906,-3.7379,1.2207,0.3852,1.2354,0.6959,FOLLOW_ARC
121.48,0.2865,1.286,0.2846,-3.7379,1.2207,0.3852,1.2354,0.697,FOLLOW_ARC
121.5,0.2883,1.2865,0.2786,-3.7396,1.2202,0.3938,1.2381,0.6981,FOLLOW_ARC
121.52,0.29,1.287,0.2726,-3.7413,1.2196,0.3938,1.2381,0.6991,FOLLOW_ARC
121.54,0.2918,1.2875,0.2666,-3.7431,1.2191,0.3938,1.2381,0.7002,FOLLOW_ARC
121.56,0.2936,1.288,0.2606,-3.7448,1.2186,0.3938,1.2381,0.7013,FOLLOW_ARC
121.58,0.2954,1.2885,0.2546,-3.7465,1.2181,0.4024,1.2405,0.7023,FOLLOW_ARC
121.6,0.2972,1.2889,0.2486,-3.7482,1.2176,0.4024,1.2405,0.7034,FOLLOW_ARC
121.62,0.299,1.2894,0.2426,-3.75,1.2171,0.4024,1.2405,0.7044,FOLLOW_ARC
121.64,0.3008,1.2898,0.2366,-3.7535,1.2162,0.4024,1.2405,0.7054,FOLLOW_ARC
121.66,0.3026,1.2903,0.2306,-3.7535,1.2162,0.4024,1.2405,0.7064,FOLLOW_ARC
121.68,0.3044,1.2907,0.2246,-3.7552,1.2157,0.4024,1.2405,0.7052,FOLLOW_ARC
121.7,0.3062,1.2911,0.2186,-3.7587,1.2149,0.4112,1.2427,0.7037,FOLLOW_ARC
121.72,0.308,1.2915,0.2126,-3.7587,1.2149,0.4112,1.2427,0.7021,FOLLOW_ARC
121.74,0.3098,1.2919,0.2066,-3.7604,1.2144,0.4112,1.2427,0.7006,FOLLOW_ARC
121.76,0.3117,1.2922,0.2006,-3.7639,1.2136,0.4112,1.2427,0.699,FOLLOW_ARC
121.78,0.3135,1.2926,0.1946,-3.7639,1.2136,0.4112,1.2427,0.6974,FOLLOW_ARC
121.8,0.3153,1.2929,0.1886,-3.7657,1.2133,0.4199,1.2446,0.6959,FOLLOW_ARC
121.82,0.3171,1.2933,0.1826,-3.7675,1.2129,0.4199,1.2446,0.6943,FOLLOW_ARC
121.84,0.3189,1.2936,0.1766,-3.7692,1.2125,0.4199,1.2446,0.6927,FOLLOW_ARC
121.86,0.3208,1.2939,0.1706,-3.771,1.2121,0.4199,1.2446,0.6911,FOLLOW_ARC
121.88,0.3226,1.2942,0.1646,-3.7728,1.2118,0.4288,1.2463,0.6895,FOLLOW_ARC
121.9,0.3244,1.2945,0.1586,-3.7745,1.2115,0.4288,1.2463,0.6879,FOLLOW_ARC
121.92,0.3263,1.2948,0.1526,-3.7763,1.2111,0.4288,1.2463,0.6863,FOLLOW_ARC
121.94,0.3281,1.2951,0.1466,-3.7798,1.2105,0.4288,1.2463,0.6847,FOLLOW_ARC
121.96,0.3299,1.2954,0.1406,-3.7798,1.2105,0.4288,1.2463,0.6831,FOLLOW_ARC
121.98,0.3318,1.2956,0.1346,-3.7816,1.2102,0.4288,1.2463,0.6815,FOLLOW_ARC
122.0,0.3336,1.2959,0.1286,-3.7852,1.2097,0.4377,1.2477,0.6799,FOLLOW_ARC
122.02,0.3354,1.2961,0.1226,-3.7852,1.2097,0.4377,1.2477,0.6783,FOLLOW_ARC
122.04,0.3373,1.2963,0.1166,-3.787,1.2094,0.4377,1.2477,0.6766,FOLLOW_ARC
122.06,0.3391,1.2965,0.1106,-3.7887,1.2092,0.4377,1.2477,0.675,FOLLOW_ARC
122.08,0.341,1.2967,0.1046,-3.7923,1.2087,0.4466,1.2488,0.6734,FOLLOW_ARC
122.1,0.3428,1.2969,0.0986,-3.7941,1.2085,0.4466,1.2488,0.6717,FOLLOW_ARC
122.12,0.3447,1.2971,0.0926,-3.7941,1.2085,0.4466,1.2488,0.6701,FOLLOW_ARC
122.14,0.3465,1.2973,0.0866,-3.7959,1.2083,0.4466,1.2488,0.6684,FOLLOW_ARC
122.16,0.3484,1.2974,0.0806,-3.7995,1.2079,0.4466,1.2488,0.6668,FOLLOW_ARC
122.18,0.3502,1.2975,0.0746,-3.8013,1.2077,0.4466,1.2488,0.6651,FOLLOW_ARC
122.2,0.3521,1.2977,0.0686,-3.8013,1.2077,0.4556,1.2497,0.6635,FOLLOW_ARC
122.22,0.3539,1.2978,0.0626,-3.8048,1.2074,0.4556,1.2497,0.6618,FOLLOW_ARC
122.24,0.3558,1.2979,0.0566,-3.8048,1.2074,0.4556,1.2497,0.6601,FOLLOW_ARC
122.26,0.3576,1.298,0.0506,-3.8084,1.2071,0.4556,1.2497,0.6584,FOLLOW_ARC
122.28,0.3595,1.2981,0.0446,-3.8084,1.2071,0.4556,1.2497,0.6568,FOLLOW_ARC
122.3,0.3613,1.2982,0.0386,-3.8102,1.207,0.4645,1.2503,0.6551,FOLLOW_ARC
122.32,0.3632,1.2982,0.0326,-3.812,1.2069,0.4645,1.2503,0.6534,FOLLOW_ARC
122.34,0.365,1.2983,0.0266,-3.8138,1.2068,0.4645,1.2503,0.6517,FOLLOW_ARC
122.36,0.3669,1.2983,0.0206,-3.8156,1.2067,0.4645,1.2503,0.65,FOLLOW_ARC
122.38,0.3687,1.2984,0.0146,-3.8174,1.2066,0.4645,1.2503,0.6483,FOLLOW_ARC
122.4,0.3706,1.2984,0.0086,-3.8192,1.2065,0.4735,1.2506,0.6466,FOLLOW_ARC
122.42,0.3724,1.2984,0.0026,-3.821,1.2065,0.4735,1.2506,0.6449,FOLLOW_ARC
122.44,0.3743,1.2984,-0.0034,-3.8228,1.2064,0.4735,1.2506,0.6432,FOLLOW_ARC
122.46,0.3761,1.2984,-0.0094,-3.8246,1.2064,0.4735,1.2506,0.6414,FOLLOW_ARC
122.48,0.378,1.2984,-0.0154,-3.8264,1.2064,0.4735,1.2506,0.6397,FOLLOW_ARC
122.5,0.3798,1.2983,-0.0214,-3.8282,1.2064,0.4825,1.2507,0.638,FOLLOW_ARC
122.52,0.3817,1.2983,-0.0274,-3.83,1.2064,0.4825,1.2507,0.6363,FOLLOW_ARC
122.54,0.3835,1.2982,-0.0334,-3.8318,1.2064,0.4825,1.2507,0.6345,FOLLOW_ARC
122.56,0.3854,1.2981,-0.0394,-3.8336,1.2064,0.4825,1.2507,0.6328,FOLLOW_ARC
122.58,0.3873,1.2981,-0.0454,-3.8354,1.2064,0.4825,1.2507,0.6311,FOLLOW_ARC
122.6,0.3891,1.298,-0.0514,-3.839,1.2065,0.4915,1.2504,0.6293,FOLLOW_ARC
122.62,0.391,1.2979,-0.0574,-3.839,1.2065,0.4915,1.2504,0.6276,FOLLOW_ARC
122.64,0.3928,1.2978,-0.0634,-3.8426,1.2066,0.4915,1.2504,0.6258,FOLLOW_ARC
122.66,0.3947,1.2976,-0.0694,-3.8426,1.2066,0.4915,1.2504,0.6241,FOLLOW_ARC
122.68,0.3965,1.2975,-0.0754,-3.8444,1.2067,0.4915,1.2504,0.6223,FOLLOW_ARC
122.7,0.3984,1.2974,-0.0814,-3.8462,1.2068,0.5005,1.25,0.6205,FOLLOW_ARC
122.72,0.4002,1.2972,-0.0874,-3.848,1.2069,0.5005,1.25,0.6188,FOLLOW_ARC
122.74,0.402,1.297,-0.0934,-3.8516,1.2072,0.5005,1.25,0.617,FOLLOW_ARC
122.76,0.4039,1.2968,-0.0994,-3.8516,1.2072,0.5005,1.25,0.6152,FOLLOW_ARC
122.78,0.4057,1.2967,-0.1054,-3.8534,1.2073,0.5005,1.25,0.6135,FOLLOW_ARC
122.8,0.4076,1.2965,-0.1114,-3.8552,1.2075,0.5095,1.2492,0.6117,FOLLOW_ARC
122.82,0.4094,1.2962,-0.1174,-3.857,1.2076,0.5095,1.2492,0.6099,FOLLOW_ARC
122.84,0.4113,1.296,-0.1234,-3.8606,1.208,0.5095,1.2492,0.6081,FOLLOW_ARC
122.86,0.4131,1.2958,-0.1294,-3.8606,1.208,0.5095,1.2492,0.6064,FOLLOW_ARC
122.88,0.4149,1.2955,-0.1354,-3.8623,1.2082,0.5095,1.2492,0.6046,FOLLOW_ARC
122.9,0.4168,1.2953,-0.1414,-3.8641,1.2084,0.5202,1.2479,0.6028,FOLLOW_ARC
122.92,0.4186,1.295,-0.1474,-3.8659,1.2086,0.5202,1.2479,0.601,FOLLOW_ARC
122.938,0.4204,1.2947,-0.1534,-3.8677,1.2088,0.5202,1.2479,0.5992,FOLLOW_ARC
122.96,0.4223,1.2944,-0.1594,-3.8695,1.209,0.5202,1.2479,0.5974,FOLLOW_ARC
122.98,0.4241,1.2941,-0.1654,-3.8731,1.2095,0.5273,1.2469,0.5956,FOLLOW_ARC
123.0,0.4259,1.2938,-0.1714,-3.8731,1.2095,0.5273,1.2469,0.5938,FOLLOW_ARC
123.02,0.4278,1.2935,-0.1774,-3.8748,1.2098,0.5273,1.2469,0.592,FOLLOW_ARC
123.04,0.4296,1.2932,-0.1834,-3.8766,1.2101,0.5273,1.2469,0.5902,FOLLOW_ARC
123.06,0.4314,1.2928,-0.1894,-3.8784,1.2104,0.5273,1.2469,0.5884,FOLLOW_ARC
123.08,0.4332,1.2925,-0.1954,-3.8802,1.2107,0.5362,1.2453,0.5865,FOLLOW_ARC
123.1,0.435,1.2921,-0.2014,-3.8819,1.211,0.5362,1.2453,0.5847,FOLLOW_ARC
123.12,0.4368,1.2917,-0.2074,-3.8855,1.2116,0.5362,1.2453,0.5829,FOLLOW_ARC
123.14,0.4387,1.2913,-0.2134,-3.8855,1.2116,0.5362,1.2453,0.5811,FOLLOW_ARC
123.16,0.4405,1.2909,-0.2194,-3.8872,1.212,0.5362,1.2453,0.5793,FOLLOW_ARC
123.18,0.4423,1.2905,-0.2254,-3.889,1.2123,0.5362,1.2453,0.5774,FOLLOW_ARC
123.2,0.4441,1.2901,-0.2314,-3.8908,1.2127,0.545,1.2435,0.5756,FOLLOW_ARC
123.22,0.4459,1.2897,-0.2374,-3.8925,1.213,0.545,1.2435,0.5738,FOLLOW_ARC
123.24,0.4477,1.2892,-0.2434,-3.8961,1.2138,0.545,1.2435,0.5719,FOLLOW_ARC
123.26,0.4495,1.2888,-0.2494,-3.8961,1.2138,0.545,1.2435,0.5701,FOLLOW_ARC
123.28,0.4513,1.2883,-0.2554,-3.8978,1.2142,0.545,1.2435,0.5683,FOLLOW_ARC
123.3,0.4531,1.2878,-0.2614,-3.9013,1.2151,0.5555,1.241,0.5664,FOLLOW_ARC
123.32,0.4549,1.2874,-0.2674,-3.9013,1.2151,0.5555,1.241,0.5646,FOLLOW_ARC
123.34,0.4566,1.2869,-0.2734,-3.9031,1.2155,0.5555,1.241,0.5628,FOLLOW_ARC
123.36,0.4584,1.2864,-0.2794,-3.9048,1.2159,0.5555,1.241,0.5609,FOLLOW_ARC
123.38,0.4602,1.2858,-0.2854,-3.9065,1.2164,0.5555,1.241,0.5591,FOLLOW_ARC
123.4,0.462,1.2853,-0.2914,-3.9083,1.2169,0.5625,1.2391,0.5572,FOLLOW_ARC
123.42,0.4638,1.2848,-0.2974,-3.91,1.2173,0.5625,1.2391,0.5554,FOLLOW_ARC
123.44,0.4655,1.2842,-0.3034,-3.9135,1.2183,0.5625,1.2391,0.5535,FOLLOW_ARC
123.46,0.4673,1.2837,-0.3094,-3.9135,1.2183,0.5625,1.2391,0.5517,FOLLOW_ARC
123.48,0.4691,1.2831,-0.3154,-3.9152,1.2188,0.5625,1.2391,0.5498,FOLLOW_ARC
123.5,0.4708,1.2825,-0.3214,-3.9169,1.2194,0.5711,1.2365,0.548,FOLLOW_ARC
123.52,0.4726,1.2819,-0.3274,-3.9186,1.2199,0.5711,1.2365,0.5461,FOLLOW_ARC
123.54,0.4743,1.2813,-0.3334,-3.9204,1.2204,0.5711,1.2365,0.5443,FOLLOW_ARC
123.56,0.4761,1.2807,-0.3394,-3.9221,1.221,0.5711,1.2365,0.5424,FOLLOW_ARC
123.58,0.4778,1.2801,-0.3454,-3.9238,1.2215,0.5711,1.2365,0.5406,FOLLOW_ARC
123.6,0.4796,1.2794,-0.3514,-3.9255,1.2221,0.5796,1.2336,0.5387,FOLLOW_ARC
123.62,0.4813,1.2788,-0.3574,-3.9272,1.2227,0.5796,1.2336,0.5368,FOLLOW_ARC
123.64,0.483,1.2781,-0.3634,-3.9306,1.2239,0.5796,1.2336,0.535,FOLLOW_ARC
123.66,0.4848,1.2775,-0.3694,-3.9306,1.2239,0.5796,1.2336,0.5331,FOLLOW_ARC
123.68,0.4865,1.2768,-0.3754,-3.9323,1.2245,0.5796,1.2336,0.5313,FOLLOW_ARC
123.7,0.4882,1.2761,-0.3814,-3.9357,1.2257,0.588,1.2305,0.5294,FOLLOW_ARC
123.72,0.4899,1.2754,-0.3874,-3.9357,1.2257,0.588,1.2305,0.5275,FOLLOW_ARC
123.74,0.4917,1.2747,-0.3934,-3.9373,1.2264,0.588,1.2305,0.5257,FOLLOW_ARC
123.76,0.4934,1.274,-0.3994,-3.939,1.227,0.588,1.2305,0.5238,FOLLOW_ARC
123.78,0.4951,1.2733,-0.4054,-3.9407,1.2277,0.588,1.2305,0.522,FOLLOW_ARC
123.8,0.4968,1.2725,-0.4114,-3.9424,1.2284,0.5964,1.2271,0.5201,FOLLOW_ARC
123.82,0.4985,1.2718,-0.4174,-3.944,1.2291,0.5964,1.2271,0.5182,FOLLOW_ARC
123.84,0.5002,1.271,-0.4234,-3.9457,1.2297,0.5964,1.2271,0.5164,FOLLOW_ARC
123.86,0.5018,1.2703,-0.4294,-3.9474,1.2304,0.5964,1.2271,0.5145,FOLLOW_ARC
123.88,0.5035,1.2695,-0.4354,-3.949,1.2312,0.5964,1.2271,0.5126,FOLLOW_ARC
123.9,0.5052,1.2687,-0.4414,-3.9507,1.2319,0.6046,1.2235,0.5108,FOLLOW_ARC
123.92,0.5069,1.2679,-0.4474,-3.9539,1.2333,0.6046,1.2235,0.5089,FOLLOW_ARC
123.94,0.5085,1.2671,-0.4534,-3.9539,1.2333,0.6046,1.2235,0.5071,FOLLOW_ARC
123.96,0.5102,1.2663,-0.4594,-3.9572,1.2349,0.6046,1.2235,0.5052,FOLLOW_ARC
123.98,0.5119,1.2654,-0.4654,-3.9572,1.2349,0.6046,1.2235,0.5033,FOLLOW_ARC
124.0,0.5135,1.2646,-0.4714,-3.9588,1.2356,0.6128,1.2196,0.5015,FOLLOW_ARC
124.02,0.5152,1.2638,-0.4774,-3.9605,1.2364,0.6128,1.2196,0.4996,FOLLOW_ARC
124.04,0.5168,1.2629,-0.4834,-3.9621,1.2372,0.6128,1.2196,0.4977,FOLLOW_ARC
124.06,0.5185,1.262,-0.4894,-3.9637,1.238,0.6128,1.2196,0.4959,FOLLOW_ARC
124.08,0.5201,1.2612,-0.4954,-3.9653,1.2388,0.6128,1.2196,0.494,FOLLOW_ARC
124.1,0.5217,1.2603,-0.5014,-3.9669,1.2396,0.6208,1.2155,0.4922,FOLLOW_ARC
124.12,0.5233,1.2594,-0.5074,-3.9685,1.2405,0.6208,1.2155,0.4903,FOLLOW_ARC
124.14,0.525,1.2585,-0.5134,-3.9701,1.2413,0.6208,1.2155,0.4884,FOLLOW_ARC
124.16,0.5266,1.2576,-0.5194,-3.9717,1.2421,0.6208,1.2155,0.4866,FOLLOW_ARC
124.18,0.5282,1.2566,-0.5254,-3.9733,1.243,0.6208,1.2155,0.4847,FOLLOW_ARC
124.2,0.5298,1.2557,-0.5314,-3.9748,1.2439,0.6286,1.2111,0.4829,FOLLOW_ARC
124.22,0.5314,1.2547,-0.5374,-3.9764,1.2447,0.6286,1.2111,0.481,FOLLOW_ARC
124.24,0.533,1.2538,-0.5434,-3.978,1.2456,0.6286,1.2111,0.4792,FOLLOW_ARC
124.26,0.5345,1.2528,-0.5494,-3.9811,1.2474,0.6286,1.2111,0.4773,FOLLOW_ARC
124.28,0.5361,1.2519,-0.5554,-3.9826,1.2483,0.6286,1.2111,0.4755,FOLLOW_ARC
124.3,0.5377,1.2509,-0.5614,-3.9826,1.2483,0.6364,1.2066,0.4736,FOLLOW_ARC
124.32,0.5393,1.2499,-0.5674,-3.9842,1.2493,0.6364,1.2066,0.4718,FOLLOW_ARC
124.34,0.5408,1.2489,-0.5734,-3.9873,1.2511,0.6364,1.2066,0.4699,FOLLOW_ARC
124.36,0.5424,1.2479,-0.5794,-3.9873,1.2511,0.6364,1.2066,0.4681,FOLLOW_ARC
124.38,0.5439,1.2468,-0.5854,-3.9888,1.2521,0.6364,1.2066,0.4662,FOLLOW_ARC
124.4,0.5455,1.2458,-0.5914,-3.9903,1.253,0.644,1.2017,0.4644,FOLLOW_ARC
124.42,0.547,1.2448,-0.5974,-3.9918,1.254,0.644,1.2017,0.4626,FOLLOW_ARC
124.44,0.5485,1.2437,-0.6034,-3.9933,1.255,0.644,1.2017,0.4607,FOLLOW_ARC
124.46,0.55,1.2427,-0.6094,-3.9949,1.256,0.644,1.2017,0.4589,FOLLOW_ARC
124.48,0.5516,1.2416,-0.6154,-3.9963,1.257,0.644,1.2017,0.4571,FOLLOW_ARC
124.5,0.5531,1.2405,-0.6214,-3.9978,1.258,0.6529,1.1957,0.4552,FOLLOW_ARC
124.52,0.5546,1.2394,-0.6274,-3.9993,1.259,0.6529,1.1957,0.4534,FOLLOW_ARC
124.54,0.5561,1.2383,-0.6334,-4.0008,1.26,0.6529,1.1957,0.4516,FOLLOW_ARC
124.56,0.5576,1.2372,-0.6394,-4.0038,1.2621,0.6529,1.1957,0.4498,FOLLOW_ARC
124.58,0.559,1.2361,-0.6454,-4.0052,1.2631,0.6529,1.1957,0.4479,FOLLOW_ARC
124.6,0.5605,1.235,-0.6514,-4.0052,1.2631,0.6587,1.1914,0.4461,FOLLOW_ARC
124.62,0.562,1.2339,-0.6574,-4.0067,1.2642,0.6587,1.1914,0.4443,FOLLOW_ARC
124.64,0.5635,1.2327,-0.6634,-4.0081,1.2653,0.6587,1.1914,0.4425,FOLLOW_ARC
124.66,0.5649,1.2316,-0.6694,-4.011,1.2674,0.6587,1.1914,0.4407,FOLLOW_ARC
124.68,0.5664,1.2304,-0.6754,-4.011,1.2674,0.6587,1.1914,0.4389,FOLLOW_ARC
124.7,0.5678,1.2293,-0.6814,-4.0139,1.2696,0.6659,1.186,0.4371,FOLLOW_ARC
124.72,0.5692,1.2281,-0.6874,-4.0139,1.2696,0.6659,1.186,0.4353,FOLLOW_ARC
124.74,0.5707,1.2269,-0.6934,-4.0167,1.2718,0.6659,1.186,0.4335,FOLLOW_ARC
124.76,0.5721,1.2257,-0.6994,-4.0167,1.2718,0.6659,1.186,0.4317,FOLLOW_ARC
124.78,0.5735,1.2245,-0.7054,-4.0181,1.273,0.6659,1.186,0.4299,FOLLOW_ARC
124.8,0.5749,1.2233,-0.7114,-4.0195,1.2741,0.6729,1.1803,0.4281,FOLLOW_ARC
124.82,0.5763,1.2221,-0.7174,-4.0209,1.2753,0.6729,1.1803,0.4263,FOLLOW_ARC
124.84,0.5777,1.2209,-0.7234,-4.0223,1.2764,0.6729,1.1803,0.4246,FOLLOW_ARC
124.86,0.5791,1.2197,-0.7294,-4.0236,1.2776,0.6729,1.1803,0.4228,FOLLOW_ARC
124.88,0.5805,1.2184,-0.7354,-4.0264,1.2799,0.6729,1.1803,0.421,FOLLOW_ARC
124.9,0.5818,1.2172,-0.7414,-4.0264,1.2799,0.6797,1.1744,0.4192,FOLLOW_ARC
124.92,0.5832,1.2159,-0.7474,-4.0277,1.2811,0.6797,1.1744,0.4175,FOLLOW_ARC
124.94,0.5846,1.2146,-0.7534,-4.0291,1.2823,0.6797,1.1744,0.4157,FOLLOW_ARC
124.96,0.5859,1.2134,-0.7594,-4.0304,1.2835,0.6797,1.1744,0.414,FOLLOW_ARC
124.98,0.5872,1.2121,-0.7654,-4.0317,1.2847,0.6797,1.1744,0.4122,FOLLOW_ARC
125.0,0.5886,1.2108,-0.7714,-4.0331,1.2859,0.6863,1.1683,0.4105,FOLLOW_ARC
125.02,0.5899,1.2095,-0.7774,-4.0344,1.2871,0.6863,1.1683,0.4087,FOLLOW_ARC
125.04,0.5912,1.2082,-0.7834,-4.0357,1.2884,0.6863,1.1683,0.407,FOLLOW_ARC
125.06,0.5925,1.2069,-0.7894,-4.037,1.2896,0.6863,1.1683,0.4053,FOLLOW_ARC
125.08,0.5938,1.2056,-0.7954,-4.0383,1.2909,0.6863,1.1683,0.4035,FOLLOW_ARC
125.1,0.5951,1.2042,-0.8014,-4.0396,1.2921,0.6927,1.162,0.4018,FOLLOW_ARC
125.12,0.5964,1.2029,-0.8074,-4.0409,1.2934,0.6927,1.162,0.4001,FOLLOW_ARC
125.14,0.5977,1.2016,-0.8134,-4.0421,1.2947,0.6927,1.162,0.3984,FOLLOW_ARC
125.16,0.5989,1.2002,-0.8194,-4.0434,1.2959,0.6927,1.162,0.3967,FOLLOW_ARC
125.18,0.6002,1.1988,-0.8254,-4.0447,1.2972,0.6927,1.162,0.395,FOLLOW_ARC
125.2,0.6015,1.1975,-0.8314,-4.0459,1.2985,0.699,1.1555,0.3933,FOLLOW_ARC
125.22,0.6027,1.1961,-0.8374,-4.0484,1.3011,0.699,1.1555,0.3916,FOLLOW_ARC
125.24,0.6039,1.1947,-0.8434,-4.0484,1.3011,0.699,1.1555,0.3899,FOLLOW_ARC
125.26,0.6052,1.1933,-0.8494,-4.0496,1.3024,0.699,1.1555,0.3882,FOLLOW_ARC
125.28,0.6064,1.1919,-0.8554,-4.0521,1.3051,0.699,1.1555,0.3866,FOLLOW_ARC
125.3,0.6076,1.1905,-0.8614,-4.0521,1.3051,0.705,1.1489,0.3849,FOLLOW_ARC
125.32,0.6088,1.1891,-0.8674,-4.0545,1.3078,0.705,1.1489,0.3832,FOLLOW_ARC
125.34,0.61,1.1877,-0.8734,-4.0545,1.3078,0.705,1.1489,0.3816,FOLLOW_ARC
125.36,0.6112,1.1863,-0.8794,-4.0556,1.3091,0.705,1.1489,0.3799,FOLLOW_ARC
125.38,0.6124,1.1848,-0.8854,-4.0568,1.3105,0.705,1.1489,0.3783,FOLLOW_ARC
125.4,0.6135,1.1834,-0.8914,-4.0592,1.3132,0.7109,1.142,0.3766,FOLLOW_ARC
125.42,0.6147,1.182,-0.8974,-4.0592,1.3132,0.7109,1.142,0.375,FOLLOW_ARC
125.44,0.6158,1.1805,-0.9034,-4.0615,1.316,0.7109,1.142,0.3734,FOLLOW_ARC
125.46,0.617,1.179,-0.9094,-4.0626,1.3174,0.7109,1.142,0.3718,FOLLOW_ARC
125.48,0.6181,1.1776,-0.9154,-4.0626,1.3174,0.7109,1.142,0.3702,FOLLOW_ARC
125.498,0.6192,1.1761,-0.9214,-4.0637,1.3188,0.7165,1.135,0.3686,FOLLOW_ARC
125.52,0.6204,1.1746,-0.9274,-4.0649,1.3202,0.7165,1.135,0.367,FOLLOW_ARC
125.54,0.6215,1.1731,-0.9334,-4.066,1.3216,0.7165,1.135,0.3654,FOLLOW_ARC
125.56,0.6226,1.1716,-0.9394,-4.0671,1.323,0.7165,1.135,0.3638,FOLLOW_ARC
125.58,0.6236,1.1701,-0.9454,-4.0682,1.3245,0.7165,1.135,0.3622,FOLLOW_ARC
125.6,0.6247,1.1686,-0.9514,-4.0693,1.3259,0.7219,1.1278,0.3606,FOLLOW_ARC
125.62,0.6258,1.1671,-0.9574,-4.0703,1.3273,0.7219,1.1278,0.3591,FOLLOW_ARC
125.64,0.6269,1.1656,-0.9634,-4.0725,1.3302,0.7219,1.1278,0.3575,FOLLOW_ARC
125.66,0.6279,1.1641,-0.9694,-4.0735,1.3317,0.7219,1.1278,0.356,FOLLOW_ARC
125.68,0.629,1.1625,-0.9754,-4.0735,1.3317,0.7219,1.1278,0.3545,FOLLOW_ARC
125.7,0.63,1.161,-0.9814,-4.0756,1.3346,0.7281,1.119,0.3529,FOLLOW_ARC
125.72,0.631,1.1595,-0.9874,-4.0756,1.3346,0.7281,1.119,0.3514,FOLLOW_ARC
125.74,0.632,1.1579,-0.9934,-4.0766,1.3361,0.7281,1.119,0.3499,FOLLOW_ARC
125.76,0.633,1.1564,-0.9994,-4.0776,1.3376,0.7281,1.119,0.3484,FOLLOW_ARC
125.78,0.634,1.1548,-1.0054,-4.0786,1.3391,0.7281,1.119,0.3469,FOLLOW_ARC
125.8,0.635,1.1532,-1.0114,-4.0796,1.3406,0.7321,1.113,0.3454,FOLLOW_ARC
125.82,0.636,1.1517,-1.0174,-4.0816,1.3436,0.7321,1.113,0.3439,FOLLOW_ARC
125.84,0.637,1.1501,-1.0234,-4.0816,1.3436,0.7321,1.113,0.3425,FOLLOW_ARC
125.86,0.6379,1.1485,-1.0294,-4.0835,1.3466,0.7321,1.113,0.341,FOLLOW_ARC
125.88,0.6389,1.1469,-1.0354,-4.0835,1.3466,0.7321,1.113,0.3395,FOLLOW_ARC
125.9,0.6398,1.1453,-1.0414,-4.0854,1.3497,0.7369,1.1053,0.3381,FOLLOW_ARC
125.92,0.6407,1.1437,-1.0474,-4.0854,1.3497,0.7369,1.1053,0.3367,FOLLOW_ARC
125.94,0.6417,1.1421,-1.0534,-4.0864,1.3512,0.7369,1.1053,0.3352,FOLLOW_ARC
125.96,0.6426,1.1405,-1.0594,-4.0873,1.3528,0.7369,1.1053,0.3338,FOLLOW_ARC
125.98,0.6435,1.1388,-1.0654,-4.0891,1.3559,0.7414,1.0976,0.3324,FOLLOW_ARC
126.0,0.6444,1.1372,-1.0714,-4.0891,1.3559,0.7414,1.0976,0.331,FOLLOW_ARC
126.02,0.6453,1.1356,-1.0774,-4.0909,1.359,0.7414,1.0976,0.3296,FOLLOW_ARC
126.04,0.6461,1.134,-1.0834,-4.0909,1.359,0.7414,1.0976,0.3283,FOLLOW_ARC
126.06,0.647,1.1323,-1.0894,-4.0927,1.3622,0.7414,1.0976,0.3269,FOLLOW_ARC
126.08,0.6478,1.1307,-1.0954,-4.0927,1.3622,0.7414,1.0976,0.3255,FOLLOW_ARC
126.1,0.6487,1.129,-1.1014,-4.0935,1.3637,0.7457,1.0896,0.3242,FOLLOW_ARC
126.12,0.6495,1.1274,-1.1074,-4.0944,1.3653,0.7457,1.0896,0.3228,FOLLOW_ARC
126.14,0.6503,1.1257,-1.1134,-4.0952,1.3669,0.7457,1.0896,0.3215,FOLLOW_ARC
126.16,0.6512,1.124,-1.1194,-4.0961,1.3685,0.7457,1.0896,0.3202,FOLLOW_ARC
126.18,0.652,1.1224,-1.1254,-4.0969,1.3701,0.7457,1.0896,0.3189,FOLLOW_ARC
126.2,0.6527,1.1207,-1.1314,-4.0985,1.3733,0.7497,1.0816,0.3176,FOLLOW_ARC
126.22,0.6535,1.119,-1.1374,-4.0985,1.3733,0.7497,1.0816,0.3163,FOLLOW_ARC
126.24,0.6543,1.1173,-1.1434,-4.0993,1.375,0.7497,1.0816,0.315,FOLLOW_ARC
126.26,0.6551,1.1156,-1.1494,-4.1001,1.3766,0.7497,1.0816,0.3138,FOLLOW_ARC
126.28,0.6558,1.1139,-1.1554,-4.1008,1.3782,0.7497,1.0816,0.3125,FOLLOW_ARC
126.3,0.6566,1.1122,-1.1614,-4.1016,1.3798,0.7535,1.0735,0.3113,FOLLOW_ARC
126.32,0.6573,1.1105,-1.1674,-4.1024,1.3815,0.7535,1.0735,0.3101,FOLLOW_ARC
126.34,0.658,1.1088,-1.1734,-4.1031,1.3831,0.7535,1.0735,0.3088,FOLLOW_ARC
126.36,0.6587,1.1071,-1.1794,-4.1038,1.3847,0.7535,1.0735,0.3076,FOLLOW_ARC
126.38,0.6594,1.1054,-1.1854,-4.1053,1.388,0.7571,1.0652,0.3064,FOLLOW_ARC
126.4,0.6601,1.1037,-1.1914,-4.106,1.3897,0.7571,1.0652,0.3052,FOLLOW_ARC
126.42,0.6608,1.102,-1.1974,-4.106,1.3897,0.7571,1.0652,0.3041,FOLLOW_ARC
126.44,0.6615,1.1002,-1.2034,-4.1067,1.3914,0.7571,1.0652,0.3029,FOLLOW_ARC
126.46,0.6621,1.0985,-1.2094,-4.1074,1.393,0.7571,1.0652,0.3018,FOLLOW_ARC
126.48,0.6628,1.0968,-1.2154,-4.108,1.3947,0.7571,1.0652,0.3006,FOLLOW_ARC
126.5,0.6634,1.095,-1.2214,-4.1087,1.3964,0.7604,1.0568,0.2995,FOLLOW_ARC
126.52,0.664,1.0933,-1.2274,-4.1094,1.398,0.7604,1.0568,0.2984,FOLLOW_ARC
126.54,0.6647,1.0915,-1.2334,-4.11,1.3997,0.7604,1.0568,0.2973,FOLLOW_ARC
126.56,0.6653,1.0898,-1.2394,-4.1106,1.4014,0.7604,1.0568,0.2962,FOLLOW_ARC
126.58,0.6659,1.088,-1.2454,-4.1113,1.4031,0.7604,1.0568,0.2951,FOLLOW_ARC
126.6,0.6664,1.0863,-1.2514,-4.1119,1.4048,0.7635,1.0484,0.2941,FOLLOW_ARC
126.62,0.667,1.0845,-1.2574,-4.1125,1.4065,0.7635,1.0484,0.293,FOLLOW_ARC
126.64,0.6676,1.0827,-1.2634,-4.1131,1.4082,0.7635,1.0484,0.292,FOLLOW_ARC
126.66,0.6681,1.081,-1.2694,-4.1137,1.4099,0.7635,1.0484,0.291,FOLLOW_ARC
126.682,0.6687,1.0792,-1.2754,-4.1148,1.4133,0.7663,1.0398,0.29,FOLLOW_ARC
126.7,0.6692,1.0774,-1.2814,-4.1148,1.4133,0.7663,1.0398,0.289,FOLLOW_ARC
126.72,0.6697,1.0756,-1.2874,-4.1154,1.415,0.7663,1.0398,0.288,FOLLOW_ARC
126.74,0.6703,1.0739,-1.2934,-4.1159,1.4167,0.7663,1.0398,0.287,FOLLOW_ARC
126.76,0.6708,1.0721,-1.2994,-4.1164,1.4184,0.7663,1.0398,0.2861,FOLLOW_ARC
126.78,0.6712,1.0703,-1.3054,-4.1169,1.4202,0.7663,1.0398,0.2851,FOLLOW_ARC
126.8,0.6717,1.0685,-1.3114,-4.1175,1.4219,0.7688,1.0312,0.2842,FOLLOW_ARC
126.82,0.6722,1.0667,-1.3174,-4.118,1.4236,0.7688,1.0312,0.2833,FOLLOW_ARC
126.84,0.6727,1.0649,-1.3234,-4.1185,1.4254,0.7688,1.0312,0.2824,FOLLOW_ARC
126.86,0.6731,1.0631,-1.3294,-4.1189,1.4271,0.7688,1.0312,0.2815,FOLLOW_ARC
126.88,0.6735,1.0613,-1.3354,-4.1194,1.4288,0.7688,1.0312,0.2806,FOLLOW_ARC
126.9,0.674,1.0595,-1.3414,-4.1203,1.4323,0.7711,1.0225,0.2798,FOLLOW_ARC
126.92,0.6744,1.0577,-1.3474,-4.1203,1.4323,0.7711,1.0225,0.2789,FOLLOW_ARC
126.94,0.6748,1.0559,-1.3534,-4.1208,1.4341,0.7711,1.0225,0.2781,FOLLOW_ARC
126.96,0.6752,1.0541,-1.3594,-4.1212,1.4358,0.7711,1.0225,0.2773,FOLLOW_ARC
126.98,0.6756,1.0523,-1.3654,-4.122,1.4393,0.7711,1.0225,0.2765,FOLLOW_ARC
127.0,0.6759,1.0504,-1.3714,-4.122,1.4393,0.7731,1.0137,0.2757,FOLLOW_ARC
127.02,0.6763,1.0486,-1.3774,-4.1224,1.4411,0.7731,1.0137,0.2749,FOLLOW_ARC
127.04,0.6766,1.0468,-1.3834,-4.1228,1.4428,0.7731,1.0137,0.2742,FOLLOW_ARC
127.06,0.677,1.045,-1.3894,-4.1232,1.4446,0.7731,1.0137,0.2734,FOLLOW_ARC
127.08,0.6773,1.0432,-1.3954,-4.1239,1.4481,0.7749,1.0049,0.2727,FOLLOW_ARC
127.1,0.6776,1.0413,-1.4014,-4.1239,1.4481,0.7749,1.0049,0.272,FOLLOW_ARC
127.12,0.6779,1.0395,-1.4074,-4.1242,1.4499,0.7749,1.0049,0.2713,FOLLOW_ARC
127.14,0.6782,1.0377,-1.4134,-4.1249,1.4534,0.7749,1.0049,0.2706,FOLLOW_ARC
127.16,0.6785,1.0358,-1.4194,-4.1249,1.4534,0.7749,1.0049,0.2699,FOLLOW_ARC
127.18,0.6788,1.034,-1.4254,-4.1252,1.4552,0.7749,1.0049,0.2693,FOLLOW_ARC
127.2,0.679,1.0322,-1.4314,-4.1255,1.457,0.7764,0.996,0.2687,FOLLOW_ARC
127.22,0.6793,1.0303,-1.4374,-4.1258,1.4587,0.7764,0.996,0.268,FOLLOW_ARC
127.24,0.6795,1.0285,-1.4434,-4.1261,1.4605,0.7764,0.996,0.2674,FOLLOW_ARC
127.26,0.6798,1.0266,-1.4494,-4.1266,1.4641,0.7764,0.996,0.2668,FOLLOW_ARC
127.28,0.68,1.0248,-1.4554,-4.1266,1.4641,0.7764,0.996,0.2663,FOLLOW_ARC
127.3,0.6802,1.023,-1.4614,-4.1269,1.4659,0.7776,0.9871,0.2657,FOLLOW_ARC
127.32,0.6804,1.0211,-1.4674,-4.1271,1.4676,0.7776,0.9871,0.2652,FOLLOW_ARC
127.34,0.6806,1.0193,-1.4734,-4.1273,1.4694,0.7776,0.9871,0.2646,FOLLOW_ARC
127.36,0.6807,1.0174,-1.4794,-4.1275,1.4712,0.7776,0.9871,0.2641,FOLLOW_ARC
127.38,0.6809,1.0156,-1.4854,-4.1279,1.4748,0.7786,0.9781,0.2636,FOLLOW_ARC
127.4,0.6811,1.0137,-1.4914,-4.1279,1.4748,0.7786,0.9781,0.2632,FOLLOW_ARC
127.42,0.6812,1.0119,-1.4974,-4.1283,1.4784,0.7786,0.9781,0.2627,FOLLOW_ARC
127.44,0.6813,1.01,-1.5034,-4.1285,1.4802,0.7786,0.9781,0.2622,FOLLOW_ARC
127.46,0.6814,1.0082,-1.5094,-4.1285,1.4802,0.7786,0.9781,0.2618,FOLLOW_ARC
127.48,0.6816,1.0063,-1.5154,-4.1287,1.4838,0.7786,0.9781,0.2614,FOLLOW_ARC
127.5,0.6816,1.0045,-1.5214,-4.1287,1.4838,0.7793,0.9692,0.261,FOLLOW_ARC
127.52,0.6817,1.0026,-1.5274,-4.1289,1.4856,0.7793,0.9692,0.2606,FOLLOW_ARC
127.54,0.6818,1.0008,-1.5334,-4.129,1.4874,0.7793,0.9692,0.2603,FOLLOW_ARC
127.56,0.6819,0.9989,-1.5394,-4.1291,1.4891,0.7793,0.9692,0.2599,FOLLOW_ARC
127.58,0.6819,0.9971,-1.5454,-4.1292,1.4909,0.7793,0.9692,0.2596,FOLLOW_ARC
127.6,0.682,0.9952,-1.5514,-4.1293,1.4927,0.7797,0.9602,0.2593,FOLLOW_ARC
127.62,0.682,0.9934,-1.5574,-4.1294,1.4963,0.7797,0.9602,0.259,FOLLOW_ARC
127.64,0.682,0.9915,-1.5634,-4.1294,1.4963,0.7797,0.9602,0.2587,FOLLOW_ARC
127.66,0.682,0.9897,-1.5694,-4.1295,1.4981,0.7797,0.9602,0.2584,FOLLOW_ARC
127.68,0.682,0.9878,-1.5754,-4.1295,1.4999,0.7797,0.9602,0.2582,FOLLOW_ARC
127.7,0.682,0.986,-1.5814,-4.1296,1.5017,0.7798,0.9512,0.2579,FOLLOW_ARC
127.72,0.682,0.9841,-1.5874,-4.1296,1.5053,0.7798,0.9512,0.2577,FOLLOW_ARC
127.74,0.6819,0.9822,-1.5934,-4.1296,1.5053,0.7798,0.9512,0.2575,FOLLOW_ARC
127.76,0.6819,0.9804,-1.5994,-4.1296,1.5071,0.7798,0.9512,0.2573,FOLLOW_ARC
127.78,0.6818,0.9785,-1.6054,-4.1296,1.5089,0.7798,0.9512,0.2572,FOLLOW_ARC
127.8,0.6818,0.9767,-1.6114,-4.1296,1.5107,0.7797,0.9422,0.257,FOLLOW_ARC
127.82,0.6817,0.9748,-1.6174,-4.1295,1.5125,0.7797,0.9422,0.2569,FOLLOW_ARC
127.84,0.6816,0.973,-1.6234,-4.1294,1.5161,0.7797,0.9422,0.2568,FOLLOW_ARC
127.86,0.6815,0.9711,-1.6294,-4.1294,1.5161,0.7797,0.9422,0.2567,FOLLOW_ARC
127.88,0.6814,0.9693,-1.6354,-4.1294,1.5179,0.7797,0.9422,0.2566,FOLLOW_ARC
127.9,0.6812,0.9674,-1.6414,-4.1293,1.5197,0.7793,0.9332,0.2565,FOLLOW_ARC
127.92,0.6811,0.9656,-1.6474,-4.1291,1.5233,0.7793,0.9332,0.2565,FOLLOW_ARC
127.94,0.6809,0.9637,-1.6534,-4.1291,1.5233,0.7793,0.9332,0.2564,FOLLOW_ARC
127.96,0.6808,0.9619,-1.6594,-4.129,1.5251,0.7793,0.9332,0.2564,FOLLOW_ARC
127.98,0.6806,0.96,-1.6654,-4.1289,1.5269,0.7787,0.9242,0.2564,FOLLOW_ARC
128.0,0.6804,0.9582,-1.6714,-4.1288,1.5287,0.7787,0.9242,0.2564,FOLLOW_ARC
128.02,0.6802,0.9564,-1.6774,-4.1286,1.5305,0.7787,0.9242,0.2565,FOLLOW_ARC
128.04,0.68,0.9545,-1.6834,-4.1285,1.5323,0.7787,0.9242,0.2565,FOLLOW_ARC
128.06,0.6798,0.9527,-1.6894,-4.1283,1.5341,0.7787,0.9242,0.2566,FOLLOW_ARC
128.08,0.6796,0.9508,-1.6954,-4.1281,1.5359,0.7787,0.9242,0.2567,FOLLOW_ARC
128.1,0.6794,0.949,-1.7014,-4.128,1.5377,0.7777,0.9153,0.2568,FOLLOW_ARC
128.12,0.6791,0.9472,-1.7074,-4.1278,1.5395,0.7777,0.9153,0.2569,FOLLOW_ARC
128.14,0.6789,0.9453,-1.7134,-4.1276,1.5413,0.7777,0.9153,0.257,FOLLOW_ARC
128.16,0.6786,0.9435,-1.7194,-4.1271,1.5448,0.7777,0.9153,0.2572,FOLLOW_ARC
128.18,0.6783,0.9417,-1.7254,-4.1271,1.5448,0.7777,0.9153,0.2573,FOLLOW_ARC
128.2,0.678,0.9398,-1.7314,-4.1266,1.5484,0.7765,0.9063,0.2575,FOLLOW_ARC
128.22,0.6777,0.938,-1.7374,-4.1264,1.5502,0.7765,0.9063,0.2577,FOLLOW_ARC
128.24,0.6774,0.9362,-1.7434,-4.1264,1.5502,0.7765,0.9063,0.258,FOLLOW_ARC
128.26,0.6771,0.9343,-1.7494,-4.1261,1.552,0.7765,0.9063,0.2582,FOLLOW_ARC
128.28,0.6767,0.9325,-1.7554,-4.1258,1.5537,0.7765,0.9063,0.2584,FOLLOW_ARC
128.3,0.6764,0.9307,-1.7614,-4.1255,1.5555,0.7751,0.8975,0.2587,FOLLOW_ARC
128.32,0.676,0.9289,-1.7674,-4.1252,1.5573,0.7751,0.8975,0.259,FOLLOW_ARC
128.34,0.6757,0.9271,-1.7734,-4.1249,1.5591,0.7751,0.8975,0.2593,FOLLOW_ARC
128.36,0.6753,0.9252,-1.7794,-4.1246,1.5608,0.7751,0.8975,0.2596,FOLLOW_ARC
128.38,0.6749,0.9234,-1.7854,-4.1243,1.5626,0.7751,0.8975,0.26,FOLLOW_ARC
128.4,0.6745,0.9216,-1.7914,-4.1239,1.5644,0.7733,0.8886,0.2603,FOLLOW_ARC
128.42,0.6741,0.9198,-1.7974,-4.1236,1.5661,0.7733,0.8886,0.2607,FOLLOW_ARC
128.44,0.6737,0.918,-1.8034,-4.1232,1.5679,0.7733,0.8886,0.2611,FOLLOW_ARC
128.46,0.6732,0.9162,-1.8094,-4.1228,1.5697,0.7733,0.8886,0.2615,FOLLOW_ARC
128.48,0.6728,0.9144,-1.8154,-4.1221,1.5732,0.7714,0.8799,0.2619,FOLLOW_ARC
128.5,0.6723,0.9126,-1.8214,-4.1221,1.5732,0.7714,0.8799,0.2623,FOLLOW_ARC
128.52,0.6719,0.9108,-1.8274,-4.1217,1.5749,0.7714,0.8799,0.2628,FOLLOW_ARC
128.54,0.6714,0.909,-1.8334,-4.1212,1.5767,0.7714,0.8799,0.2632,FOLLOW_ARC
128.56,0.6709,0.9072,-1.8394,-4.1208,1.5784,0.7714,0.8799,0.2637,FOLLOW_ARC
128.58,0.6704,0.9055,-1.8454,-4.1204,1.5802,0.7714,0.8799,0.2642,FOLLOW_ARC
128.6,0.6699,0.9037,-1.8514,-4.1199,1.5819,0.7691,0.8711,0.2647,FOLLOW_ARC
128.62,0.6694,0.9019,-1.8574,-4.1195,1.5837,0.7691,0.8711,0.2652,FOLLOW_ARC
128.64,0.6688,0.9001,-1.8634,-4.119,1.5854,0.7691,0.8711,0.2658,FOLLOW_ARC
128.66,0.6683,0.8983,-1.8694,-4.1185,1.5871,0.7691,0.8711,0.2663,FOLLOW_ARC
128.68,0.6677,0.8966,-1.8754,-4.118,1.5889,0.7691,0.8711,0.2669,FOLLOW_ARC
128.7,0.6672,0.8948,-1.8814,-4.1175,1.5906,0.7666,0.8625,0.2675,FOLLOW_ARC
128.72,0.6666,0.893,-1.8874,-4.117,1.5923,0.7666,0.8625,0.2681,FOLLOW_ARC
128.74,0.666,0.8913,-1.8934,-4.1165,1.594,0.7666,0.8625,0.2687,FOLLOW_ARC
128.76,0.6654,0.8895,-1.8994,-4.116,1.5958,0.7666,0.8625,0.2694,FOLLOW_ARC
128.78,0.6648,0.8878,-1.9054,-4.1154,1.5975,0.7666,0.8625,0.27,FOLLOW_ARC
128.8,0.6642,0.886,-1.9114,-4.1149,1.5992,0.7638,0.8539,0.2707,FOLLOW_ARC
128.82,0.6636,0.8843,-1.9174,-4.1143,1.6009,0.7638,0.8539,0.2714,FOLLOW_ARC
128.84,0.6629,0.8825,-1.9234,-4.1137,1.6026,0.7638,0.8539,0.2721,FOLLOW_ARC
128.86,0.6623,0.8808,-1.9294,-4.1132,1.6043,0.7638,0.8539,0.2728,FOLLOW_ARC
128.88,0.6616,0.8791,-1.9354,-4.1126,1.606,0.7638,0.8539,0.2735,FOLLOW_ARC
128.9,0.661,0.8773,-1.9414,-4.112,1.6077,0.7601,0.8438,0.2743,FOLLOW_ARC
128.92,0.6603,0.8756,-1.9474,-4.1114,1.6094,0.7601,0.8438,0.275,FOLLOW_ARC
128.94,0.6596,0.8739,-1.9534,-4.1107,1.6111,0.7601,0.8438,0.2758,FOLLOW_ARC
128.96,0.6589,0.8722,-1.9594,-4.1101,1.6128,0.7601,0.8438,0.2766,FOLLOW_ARC
128.98,0.6582,0.8705,-1.9654,-4.1095,1.6145,0.7601,0.8438,0.2774,FOLLOW_ARC
129.0,0.6575,0.8688,-1.9714,-4.1088,1.6161,0.7575,0.8371,0.2782,FOLLOW_ARC
129.02,0.6568,0.8671,-1.9774,-4.1075,1.6195,0.7575,0.8371,0.279,FOLLOW_ARC
129.04,0.656,0.8654,-1.9834,-4.1075,1.6195,0.7575,0.8371,0.2799,FOLLOW_ARC
129.06,0.6553,0.8637,-1.9894,-4.1068,1.6211,0.7575,0.8371,0.2807,FOLLOW_ARC
129.08,0.6545,0.862,-1.9954,-4.1061,1.6228,0.7575,0.8371,0.2816,FOLLOW_ARC
129.1,0.6537,0.8603,-2.0014,-4.1054,1.6245,0.754,0.8288,0.2825,FOLLOW_ARC
129.12,0.653,0.8586,-2.0074,-4.1047,1.6261,0.754,0.8288,0.2834,FOLLOW_ARC
129.14,0.6522,0.8569,-2.0134,-4.1039,1.6278,0.754,0.8288,0.2843,FOLLOW_ARC
129.16,0.6514,0.8552,-2.0194,-4.1025,1.631,0.754,0.8288,0.2853,FOLLOW_ARC
129.18,0.6506,0.8536,-2.0254,-4.1025,1.631,0.754,0.8288,0.2862,FOLLOW_ARC
129.2,0.6497,0.8519,-2.0314,-4.1017,1.6327,0.7502,0.8206,0.2872,FOLLOW_ARC
129.22,0.6489,0.8503,-2.0374,-4.101,1.6343,0.7502,0.8206,0.2881,FOLLOW_ARC
129.24,0.6481,0.8486,-2.0434,-4.1002,1.6359,0.7502,0.8206,0.2891,FOLLOW_ARC
129.26,0.6472,0.847,-2.0494,-4.0994,1.6376,0.7502,0.8206,0.2901,FOLLOW_ARC
129.28,0.6464,0.8453,-2.0554,-4.0986,1.6392,0.7502,0.8206,0.2911,FOLLOW_ARC
129.3,0.6455,0.8437,-2.0614,-4.0978,1.6408,0.7453,0.811,0.2921,FOLLOW_ARC
129.32,0.6446,0.842,-2.0674,-4.097,1.6424,0.7453,0.811,0.2932,FOLLOW_ARC
129.34,0.6437,0.8404,-2.0734,-4.0962,1.644,0.7453,0.811,0.2942,FOLLOW_ARC
129.36,0.6428,0.8388,-2.0794,-4.0953,1.6456,0.7453,0.811,0.2953,FOLLOW_ARC
129.38,0.6419,0.8372,-2.0854,-4.0945,1.6472,0.7453,0.811,0.2964,FOLLOW_ARC
129.4,0.641,0.8356,-2.0914,-4.0937,1.6488,0.7419,0.8047,0.2975,FOLLOW_ARC
129.42,0.6401,0.834,-2.0974,-4.0928,1.6503,0.7419,0.8047,0.2986,FOLLOW_ARC
129.44,0.6391,0.8324,-2.1034,-4.0919,1.6519,0.7419,0.8047,0.2997,FOLLOW_ARC
129.46,0.6382,0.8308,-2.1094,-4.091,1.6535,0.7419,0.8047,0.3008,FOLLOW_ARC
129.48,0.6372,0.8292,-2.1154,-4.0902,1.6551,0.7419,0.8047,0.3019,FOLLOW_ARC
129.5,0.6363,0.8276,-2.1214,-4.0893,1.6566,0.7374,0.7969,0.3031,FOLLOW_ARC
129.52,0.6353,0.826,-2.1274,-4.0884,1.6582,0.7374,0.7969,0.3042,FOLLOW_ARC
129.54,0.6343,0.8245,-2.1334,-4.0874,1.6597,0.7374,0.7969,0.3054,FOLLOW_ARC
129.56,0.6333,0.8229,-2.1394,-4.0865,1.6613,0.7374,0.7969,0.3066,FOLLOW_ARC
129.58,0.6323,0.8213,-2.1454,-4.0846,1.6643,0.7327,0.7892,0.3078,FOLLOW_ARC
129.6,0.6313,0.8198,-2.1514,-4.0846,1.6643,0.7327,0.7892,0.309,FOLLOW_ARC
129.62,0.6303,0.8182,-2.1574,-4.0837,1.6659,0.7327,0.7892,0.3102,FOLLOW_ARC
129.64,0.6292,0.8167,-2.1634,-4.0818,1.6689,0.7327,0.7892,0.3115,FOLLOW_ARC
129.66,0.6282,0.8152,-2.1694,-4.0818,1.6689,0.7327,0.7892,0.3127,FOLLOW_ARC
129.68,0.6271,0.8136,-2.1754,-4.0798,1.6719,0.7277,0.7817,0.3139,FOLLOW_ARC
129.7,0.6261,0.8121,-2.1814,-4.0788,1.6734,0.7277,0.7817,0.3152,FOLLOW_ARC
129.72,0.625,0.8106,-2.1874,-4.0788,1.6734,0.7277,0.7817,0.3165,FOLLOW_ARC
129.74,0.6239,0.8091,-2.1934,-4.0778,1.6749,0.7277,0.7817,0.3178,FOLLOW_ARC
129.76,0.6228,0.8076,-2.1994,-4.0768,1.6764,0.7277,0.7817,0.3191,FOLLOW_ARC
129.78,0.6218,0.8061,-2.2054,-4.0757,1.6779,0.7277,0.7817,0.3204,FOLLOW_ARC
129.8,0.6206,0.8046,-2.2114,-4.0747,1.6793,0.7226,0.7743,0.3217,FOLLOW_ARC
129.82,0.6195,0.8031,-2.2174,-4.0737,1.6808,0.7226,0.7743,0.323,FOLLOW_ARC
129.84,0.6184,0.8016,-2.2234,-4.0726,1.6823,0.7226,0.7743,0.3244,FOLLOW_ARC
129.86,0.6173,0.8002,-2.2294,-4.0716,1.6837,0.7226,0.7743,0.3257,FOLLOW_ARC
129.88,0.6161,0.7987,-2.2354,-4.0694,1.6866,0.7226,0.7743,0.3271,FOLLOW_ARC
129.9,0.615,0.7973,-2.2414,-4.0694,1.6866,0.7172,0.7671,0.3284,FOLLOW_ARC
129.92,0.6138,0.7958,-2.2474,-4.0683,1.6881,0.7172,0.7671,0.3298,FOLLOW_ARC
129.94,0.6127,0.7944,-2.2534,-4.0672,1.6895,0.7172,0.7671,0.3312,FOLLOW_ARC
129.96,0.6115,0.7929,-2.2594,-4.0661,1.6909,0.7172,0.7671,0.3326,FOLLOW_ARC
129.98,0.6103,0.7915,-2.2654,-4.065,1.6923,0.7172,0.7671,0.334,FOLLOW_ARC
130.0,0.6091,0.7901,-2.2714,-4.0639,1.6937,0.7115,0.7601,0.3354,FOLLOW_ARC
130.02,0.6079,0.7887,-2.2774,-4.0628,1.6951,0.7115,0.7601,0.3369,FOLLOW_ARC
130.04,0.6067,0.7873,-2.2834,-4.0605,1.6979,0.7115,0.7601,0.3383,FOLLOW_ARC
130.06,0.6055,0.7859,-2.2894,-4.0605,1.6979,0.7115,0.7601,0.3397,FOLLOW_ARC
130.08,0.6043,0.7845,-2.2954,-4.0593,1.6993,0.7115,0.7601,0.3412,FOLLOW_ARC
130.1,0.603,0.7831,-2.3014,-4.0582,1.7007,0.7057,0.7532,0.3427,FOLLOW_ARC
130.12,0.6018,0.7817,-2.3074,-4.057,1.702,0.7057,0.7532,0.3441,FOLLOW_ARC
130.14,0.6005,0.7804,-2.3134,-4.0558,1.7034,0.7057,0.7532,0.3456,FOLLOW_ARC
130.16,0.5993,0.779,-2.3194,-4.0546,1.7048,0.7057,0.7532,0.3471,FOLLOW_ARC
130.18,0.598,0.7776,-2.3254,-4.0522,1.7074,0.6997,0.7465,0.3486,FOLLOW_ARC
130.2,0.5967,0.7763,-2.3314,-4.0522,1.7074,0.6997,0.7465,0.3501,FOLLOW_ARC
130.22,0.5955,0.775,-2.3374,-4.051,1.7088,0.6997,0.7465,0.3516,FOLLOW_ARC
130.24,0.5942,0.7736,-2.3434,-4.0486,1.7114,0.6997,0.7465,0.3531,FOLLOW_ARC
130.26,0.5929,0.7723,-2.3494,-4.0486,1.7114,0.6997,0.7465,0.3547,FOLLOW_ARC
130.28,0.5916,0.771,-2.3554,-4.0473,1.7127,0.6997,0.7465,0.3562,FOLLOW_ARC
130.3,0.5902,0.7697,-2.3614,-4.0461,1.714,0.6935,0.74,0.3578,FOLLOW_ARC
130.32,0.5889,0.7684,-2.3674,-4.0436,1.7166,0.6935,0.74,0.3593,FOLLOW_ARC
130.34,0.5876,0.7671,-2.3734,-4.0436,1.7166,0.6935,0.74,0.3609,FOLLOW_ARC
130.36,0.5863,0.7658,-2.3794,-4.0411,1.7192,0.6935,0.74,0.3624,FOLLOW_ARC
130.38,0.5849,0.7645,-2.3854,-4.0398,1.7204,0.6871,0.7337,0.364,FOLLOW_ARC
130.4,0.5836,0.7633,-2.3914,-4.0398,1.7204,0.6871,0.7337,0.3656,FOLLOW_ARC
130.42,0.5822,0.762,-2.3974,-4.0385,1.7217,0.6871,0.7337,0.3672,FOLLOW_ARC
130.44,0.5808,0.7607,-2.4034,-4.0372,1.7229,0.6871,0.7337,0.3688,FOLLOW_ARC
130.46,0.5795,0.7595,-2.4094,-4.0359,1.7242,0.6871,0.7337,0.3704,FOLLOW_ARC
130.48,0.5781,0.7583,-2.4154,-4.0346,1.7254,0.6871,0.7337,0.372,FOLLOW_ARC
130.5,0.5767,0.757,-2.4214,-4.0333,1.7266,0.6805,0.7276,0.3736,FOLLOW_ARC
130.52,0.5753,0.7558,-2.4274,-4.0319,1.7279,0.6805,0.7276,0.3752,FOLLOW_ARC
130.54,0.5739,0.7546,-2.4334,-4.0306,1.7291,0.6805,0.7276,0.3769,FOLLOW_ARC
130.56,0.5725,0.7534,-2.4394,-4.0293,1.7303,0.6805,0.7276,0.3785,FOLLOW_ARC
130.58,0.571,0.7522,-2.4454,-4.0279,1.7315,0.6805,0.7276,0.3802,FOLLOW_ARC
130.6,0.5696,0.751,-2.4514,-4.0266,1.7327,0.6737,0.7217,0.3818,FOLLOW_ARC
130.62,0.5682,0.7499,-2.4574,-4.0252,1.7338,0.6737,0.7217,0.3835,FOLLOW_ARC
130.64,0.5667,0.7487,-2.4634,-4.0238,1.735,0.6737,0.7217,0.3851,FOLLOW_ARC
130.66,0.5653,0.7475,-2.4694,-4.0225,1.7362,0.6737,0.7217,0.3868,FOLLOW_ARC
130.68,0.5638,0.7464,-2.4754,-4.0197,1.7385,0.6737,0.7217,0.3885,FOLLOW_ARC
130.7,0.5624,0.7453,-2.4814,-4.0197,1.7385,0.6667,0.716,0.3901,FOLLOW_ARC
130.72,0.5609,0.7441,-2.4874,-4.0183,1.7396,0.6667,0.716,0.3918,FOLLOW_ARC
130.74,0.5594,0.743,-2.4934,-4.0169,1.7407,0.6667,0.716,0.3935,FOLLOW_ARC
130.76,0.558,0.7419,-2.4994,-4.0155,1.7418,0.6667,0.716,0.3952,FOLLOW_ARC
130.78,0.5565,0.7408,-2.5054,-4.0141,1.743,0.6667,0.716,0.3969,FOLLOW_ARC
130.8,0.555,0.7397,-2.5114,-4.0112,1.7452,0.6596,0.7105,0.3958,FOLLOW_ARC
130.82,0.5535,0.7386,-2.5174,-4.0112,1.7452,0.6596,0.7105,0.3939,FOLLOW_ARC
130.84,0.552,0.7375,-2.5234,-4.0098,1.7462,0.6596,0.7105,0.3921,FOLLOW_ARC
130.86,0.5504,0.7365,-2.5294,-4.0083,1.7473,0.6596,0.7105,0.3902,FOLLOW_ARC
130.88,0.5489,0.7354,-2.5354,-4.0054,1.7494,0.6596,0.7105,0.3884,FOLLOW_ARC
130.9,0.5474,0.7343,-2.5414,-4.004,1.7505,0.6523,0.7052,0.3865,FOLLOW_ARC
130.92,0.5459,0.7333,-2.5474,-4.004,1.7505,0.6523,0.7052,0.3846,FOLLOW_ARC
130.94,0.5443,0.7323,-2.5534,-4.0025,1.7515,0.6523,0.7052,0.3828,FOLLOW_ARC
130.96,0.5428,0.7312,-2.5594,-3.9995,1.7536,0.6523,0.7052,0.3809,FOLLOW_ARC
130.98,0.5412,0.7302,-2.5654,-3.9995,1.7536,0.6523,0.7052,0.3791,FOLLOW_ARC
131.0,0.5397,0.7292,-2.5714,-3.9981,1.7546,0.6449,0.7001,0.3772,FOLLOW_ARC
131.02,0.5381,0.7282,-2.5774,-3.9966,1.7556,0.6449,0.7001,0.3754,FOLLOW_ARC
131.04,0.5365,0.7272,-2.5834,-3.9951,1.7566,0.6449,0.7001,0.3735,FOLLOW_ARC
131.06,0.535,0.7263,-2.5894,-3.9936,1.7576,0.6449,0.7001,0.3717,FOLLOW_ARC
131.08,0.5334,0.7253,-2.5954,-3.9921,1.7586,0.6449,0.7001,0.3698,FOLLOW_ARC
131.1,0.5318,0.7243,-2.6014,-3.9905,1.7595,0.6373,0.6953,0.368,FOLLOW_ARC
131.12,0.5302,0.7234,-2.6074,-3.989,1.7605,0.6373,0.6953,0.3661,FOLLOW_ARC
131.14,0.5286,0.7225,-2.6134,-3.9875,1.7615,0.6373,0.6953,0.3643,FOLLOW_ARC
131.16,0.527,0.7215,-2.6194,-3.986,1.7624,0.6373,0.6953,0.3624,FOLLOW_ARC
131.18,0.5254,0.7206,-2.6254,-3.9844,1.7633,0.6373,0.6953,0.3606,FOLLOW_ARC
131.2,0.5238,0.7197,-2.6314,-3.9829,1.7643,0.6296,0.6907,0.3587,FOLLOW_ARC
131.22,0.5221,0.7188,-2.6374,-3.9813,1.7652,0.6296,0.6907,0.3569,FOLLOW_ARC
131.24,0.5205,0.7179,-2.6434,-3.9798,1.7661,0.6296,0.6907,0.355,FOLLOW_ARC
131.26,0.5189,0.717,-2.6494,-3.9782,1.767,0.6296,0.6907,0.3532,FOLLOW_ARC
131.28,0.5172,0.7162,-2.6554,-3.9766,1.7679,0.6217,0.6863,0.3514,FOLLOW_ARC
131.3,0.5156,0.7153,-2.6614,-3.9751,1.7687,0.6217,0.6863,0.3495,FOLLOW_ARC
131.32,0.514,0.7145,-2.6674,-3.9735,1.7696,0.6217,0.6863,0.3477,FOLLOW_ARC
131.34,0.5123,0.7136,-2.6734,-3.9719,1.7705,0.6217,0.6863,0.3459,FOLLOW_ARC
131.36,0.5107,0.7128,-2.6794,-3.9687,1.7722,0.6217,0.6863,0.3441,FOLLOW_ARC
131.38,0.509,0.712,-2.6854,-3.9687,1.7722,0.6217,0.6863,0.3422,FOLLOW_ARC
131.4,0.5073,0.7111,-2.6914,-3.9671,1.773,0.6137,0.6822,0.3404,FOLLOW_ARC
131.42,0.5056,0.7103,-2.6974,-3.9655,1.7738,0.6137,0.6822,0.3386,FOLLOW_ARC
131.44,0.504,0.7096,-2.7034,-3.9639,1.7746,0.6137,0.6822,0.3368,FOLLOW_ARC
131.46,0.5023,0.7088,-2.7094,-3.9623,1.7754,0.6137,0.6822,0.335,FOLLOW_ARC
131.48,0.5006,0.708,-2.7154,-3.9607,1.7762,0.6137,0.6822,0.3332,FOLLOW_ARC
131.5,0.4989,0.7072,-2.7214,-3.9574,1.7778,0.604,0.6775,0.3314,FOLLOW_ARC
131.52,0.4972,0.7065,-2.7274,-3.9574,1.7778,0.604,0.6775,0.3296,FOLLOW_ARC
131.54,0.4955,0.7058,-2.7334,-3.9558,1.7785,0.604,0.6775,0.3278,FOLLOW_ARC
131.56,0.4938,0.705,-2.7394,-3.9542,1.7793,0.604,0.6775,0.326,FOLLOW_ARC
131.58,0.4921,0.7043,-2.7454,-3.9525,1.78,0.604,0.6775,0.3242,FOLLOW_ARC
131.6,0.4904,0.7036,-2.7514,-3.9509,1.7808,0.5974,0.6746,0.3224,FOLLOW_ARC
131.62,0.4887,0.7029,-2.7574,-3.9476,1.7822,0.5974,0.6746,0.3206,FOLLOW_ARC
131.64,0.487,0.7022,-2.7634,-3.9476,1.7822,0.5974,0.6746,0.3188,FOLLOW_ARC
131.66,0.4852,0.7015,-2.7694,-3.9459,1.7829,0.5974,0.6746,0.3171,FOLLOW_ARC
131.68,0.4835,0.7009,-2.7754,-3.9443,1.7836,0.5974,0.6746,0.3153,FOLLOW_ARC
131.7,0.4818,0.7002,-2.7814,-3.9409,1.7849,0.589,0.6712,0.3135,FOLLOW_ARC
131.72,0.48,0.6996,-2.7874,-3.9409,1.7849,0.589,0.6712,0.3117,FOLLOW_ARC
131.74,0.4783,0.6989,-2.7934,-3.9376,1.7863,0.589,0.6712,0.31,FOLLOW_ARC
131.76,0.4765,0.6983,-2.7994,-3.9376,1.7863,0.589,0.6712,0.3082,FOLLOW_ARC
131.78,0.4748,0.6977,-2.8054,-3.9359,1.7869,0.589,0.6712,0.3065,FOLLOW_ARC
131.8,0.473,0.6971,-2.8114,-3.9342,1.7875,0.5806,0.6681,0.3047,FOLLOW_ARC
131.82,0.4713,0.6965,-2.8174,-3.9325,1.7882,0.5806,0.6681,0.303,FOLLOW_ARC
131.84,0.4695,0.6959,-2.8234,-3.9308,1.7888,0.5806,0.6681,0.3012,FOLLOW_ARC
131.86,0.4678,0.6953,-2.8294,-3.9291,1.7894,0.5806,0.6681,0.2995,FOLLOW_ARC
131.88,0.466,0.6948,-2.8354,-3.9274,1.79,0.5806,0.6681,0.2978,FOLLOW_ARC
131.9,0.4642,0.6942,-2.8414,-3.924,1.7911,0.5721,0.6652,0.2961,FOLLOW_ARC
131.92,0.4625,0.6937,-2.8474,-3.9223,1.7917,0.5721,0.6652,0.2943,FOLLOW_ARC
131.94,0.4607,0.6931,-2.8534,-3.9223,1.7917,0.5721,0.6652,0.2926,FOLLOW_ARC
131.96,0.4589,0.6926,-2.8594,-3.9206,1.7922,0.5721,0.6652,0.2909,FOLLOW_ARC
131.98,0.4571,0.6921,-2.8654,-3.9189,1.7928,0.5721,0.6652,0.2892,FOLLOW_ARC
132.0,0.4553,0.6916,-2.8714,-3.9172,1.7933,0.5635,0.6625,0.2875,FOLLOW_ARC
132.02,0.4535,0.6911,-2.8774,-3.9155,1.7938,0.5635,0.6625,0.2858,FOLLOW_ARC
132.04,0.4518,0.6906,-2.8834,-3.9137,1.7943,0.5635,0.6625,0.2841,FOLLOW_ARC
132.06,0.45,0.6902,-2.8894,-3.912,1.7948,0.5635,0.6625,0.2824,FOLLOW_ARC
132.08,0.4482,0.6897,-2.8954,-3.9103,1.7953,0.5635,0.6625,0.2808,FOLLOW_ARC
132.1,0.4464,0.6893,-2.9014,-3.9085,1.7958,0.5548,0.6602,0.2791,FOLLOW_ARC
132.12,0.4446,0.6888,-2.9074,-3.9068,1.7963,0.5548,0.6602,0.2774,FOLLOW_ARC
132.14,0.4428,0.6884,-2.9134,-3.905,1.7967,0.5548,0.6602,0.2758,FOLLOW_ARC
132.16,0.4409,0.688,-2.9194,-3.9033,1.7972,0.5548,0.6602,0.2741,FOLLOW_ARC
132.18,0.4391,0.6876,-2.9254,-3.9016,1.7976,0.5548,0.6602,0.2725,FOLLOW_ARC
132.2,0.4373,0.6872,-2.9314,-3.8998,1.798,0.5461,0.658,0.2708,FOLLOW_ARC
132.22,0.4355,0.6868,-2.9374,-3.8981,1.7985,0.5461,0.658,0.2692,FOLLOW_ARC
132.24,0.4337,0.6865,-2.9434,-3.8963,1.7989,0.5461,0.658,0.2676,FOLLOW_ARC
132.26,0.4319,0.6861,-2.9494,-3.8945,1.7993,0.5461,0.658,0.2659,FOLLOW_ARC
132.28,0.4301,0.6858,-2.9554,-3.8928,1.7996,0.5461,0.658,0.2643,FOLLOW_ARC
132.3,0.4282,0.6854,-2.9614,-3.891,1.8,0.5373,0.6562,0.2627,FOLLOW_ARC
132.32,0.4264,0.6851,-2.9674,-3.8875,1.8007,0.5373,0.6562,0.2611,FOLLOW_ARC
132.34,0.4246,0.6848,-2.9734,-3.8857,1.8011,0.5373,0.6562,0.2595,FOLLOW_ARC
132.36,0.4228,0.6845,-2.9794,-3.8857,1.8011,0.5373,0.6562,0.258,FOLLOW_ARC
132.38,0.4209,0.6842,-2.9854,-3.884,1.8014,0.5373,0.6562,0.2564,FOLLOW_ARC
132.4,0.4191,0.6839,-2.9914,-3.8822,1.8017,0.5284,0.6546,0.2548,FOLLOW_ARC
132.42,0.4173,0.6836,-2.9974,-3.8786,1.8023,0.5284,0.6546,0.2532,FOLLOW_ARC
132.44,0.4154,0.6834,-3.0034,-3.8786,1.8023,0.5284,0.6546,0.2517,FOLLOW_ARC
132.46,0.4136,0.6831,-3.0094,-3.8769,1.8026,0.5284,0.6546,0.2501,FOLLOW_ARC
132.48,0.4117,0.6829,-3.0154,-3.8733,1.8032,0.5284,0.6546,0.2486,FOLLOW_ARC
132.5,0.4099,0.6827,-3.0214,-3.8733,1.8032,0.5195,0.6533,0.2471,FOLLOW_ARC
132.52,0.4081,0.6824,-3.0274,-3.8715,1.8034,0.5195,0.6533,0.2456,FOLLOW_ARC
132.54,0.4062,0.6822,-3.0334,-3.8697,1.8037,0.5195,0.6533,0.244,FOLLOW_ARC
132.56,0.4044,0.682,-3.0394,-3.868,1.8039,0.5195,0.6533,0.2425,FOLLOW_ARC
132.58,0.4025,0.6819,-3.0454,-3.8662,1.8041,0.5195,0.6533,0.241,FOLLOW_ARC
132.6,0.4007,0.6817,-3.0514,-3.8626,1.8045,0.5106,0.6522,0.2395,FOLLOW_ARC
132.62,0.3988,0.6815,-3.0574,-3.8626,1.8045,0.5106,0.6522,0.2381,FOLLOW_ARC
132.64,0.397,0.6814,-3.0634,-3.8608,1.8047,0.5106,0.6522,0.2366,FOLLOW_ARC
132.66,0.3951,0.6812,-3.0694,-3.859,1.8049,0.5106,0.6522,0.2351,FOLLOW_ARC
132.68,0.3933,0.6811,-3.0754,-3.8572,1.8051,0.5106,0.6522,0.2337,FOLLOW_ARC
132.7,0.3914,0.681,-3.0814,-3.8554,1.8053,0.5016,0.6514,0.2322,FOLLOW_ARC
132.72,0.3896,0.6809,-3.0874,-3.8536,1.8054,0.5016,0.6514,0.2308,FOLLOW_ARC
132.74,0.3877,0.6808,-3.0934,-3.8518,1.8055,0.5016,0.6514,0.2294,FOLLOW_ARC
132.76,0.3859,0.6807,-3.0994,-3.8501,1.8057,0.5016,0.6514,0.228,FOLLOW_ARC
132.78,0.384,0.6806,-3.1054,-3.8483,1.8058,0.5016,0.6514,0.2266,FOLLOW_ARC
132.8,0.3822,0.6806,-3.1114,-3.8465,1.8059,0.4926,0.6509,0.2252,FOLLOW_ARC
132.82,0.3803,0.6805,-3.1174,-3.8447,1.806,0.4926,0.6509,0.2238,FOLLOW_ARC
132.84,0.3785,0.6805,-3.1234,-3.8429,1.8061,0.4926,0.6509,0.2224,FOLLOW_ARC
132.86,0.3766,0.6805,-3.1294,-3.8411,1.8061,0.4926,0.6509,0.221,FOLLOW_ARC
132.88,0.3748,0.6804,-3.1354,-3.8393,1.8062,0.4926,0.6509,0.2197,FOLLOW_ARC
132.9,0.3729,0.6804,-3.1414,-3.8375,1.8063,0.4836,0.6507,0.2183,FOLLOW_ARC
132.92,0.3711,0.6805,3.1358,-3.8357,1.8063,0.4836,0.6507,0.217,FOLLOW_ARC
132.94,0.3692,0.6805,3.1298,-3.8321,1.8064,0.4836,0.6507,0.2157,FOLLOW_ARC
132.96,0.3674,0.6805,3.1238,-3.8321,1.8064,0.4836,0.6507,0.2143,FOLLOW_ARC
132.98,0.3655,0.6805,3.1178,-3.8303,1.8064,0.4836,0.6507,0.213,FOLLOW_ARC
133.0,0.3636,0.6806,3.1118,-3.8285,1.8064,0.4746,0.6507,0.2118,FOLLOW_ARC
133.02,0.3618,0.6806,3.1058,-3.8267,1.8064,0.4746,0.6507,0.2105,FOLLOW_ARC
133.04,0.3599,0.6807,3.0998,-3.8249,1.8063,0.4746,0.6507,0.2092,FOLLOW_ARC
133.06,0.3581,0.6808,3.0938,-3.8231,1.8063,0.4746,0.6507,0.2079,FOLLOW_ARC
133.08,0.3562,0.6809,3.0878,-3.8213,1.8063,0.4746,0.6507,0.2067,FOLLOW_ARC
133.1,0.3544,0.681,3.0818,-3.8195,1.8062,0.4656,0.651,0.2055,FOLLOW_ARC
133.12,0.3525,0.6811,3.0758,-3.8177,1.8061,0.4656,0.651,0.2042,FOLLOW_ARC
133.14,0.3507,0.6813,3.0698,-3.8159,1.8061,0.4656,0.651,0.203,FOLLOW_ARC
133.16,0.3488,0.6814,3.0638,-3.8123,1.8059,0.4656,0.651,0.2018,FOLLOW_ARC
133.18,0.347,0.6815,3.0578,-3.8123,1.8059,0.4656,0.651,0.2006,FOLLOW_ARC
133.2,0.3451,0.6817,3.0518,-3.8105,1.8058,0.4566,0.6515,0.1994,FOLLOW_ARC
133.22,0.3433,0.6819,3.0458,-3.8087,1.8056,0.4566,0.6515,0.1983,FOLLOW_ARC
133.24,0.3415,0.6821,3.0398,-3.8069,1.8055,0.4566,0.6515,0.1971,FOLLOW_ARC
133.26,0.3396,0.6823,3.0338,-3.8051,1.8054,0.4566,0.6515,0.196,FOLLOW_ARC
133.28,0.3378,0.6825,3.0278,-3.8015,1.805,0.4566,0.6515,0.1949,FOLLOW_ARC
133.3,0.3359,0.6827,3.0218,-3.8015,1.805,0.4477,0.6524,0.1937,FOLLOW_ARC
133.32,0.3341,0.6829,3.0158,-3.7997,1.8049,0.4477,0.6524,0.1926,FOLLOW_ARC
133.34,0.3323,0.6831,3.0098,-3.7979,1.8047,0.4477,0.6524,0.1916,FOLLOW_ARC
133.36,0.3304,0.6834,3.0038,-3.7961,1.8045,0.4477,0.6524,0.1905,FOLLOW_ARC
133.38,0.3286,0.6837,2.9978,-3.7943,1.8043,0.4477,0.6524,0.1894,FOLLOW_ARC
133.4,0.3267,0.6839,2.9918,-3.7926,1.8041,0.4387,0.6535,0.1884,FOLLOW_ARC
133.42,0.3249,0.6842,2.9858,-3.7908,1.8038,0.4387,0.6535,0.1873,FOLLOW_ARC
133.44,0.3231,0.6845,2.9798,-3.789,1.8036,0.4387,0.6535,0.1863,FOLLOW_ARC
133.46,0.3213,0.6848,2.9738,-3.7872,1.8034,0.4387,0.6535,0.1853,FOLLOW_ARC
133.48,0.3194,0.6851,2.9678,-3.7854,1.8031,0.4387,0.6535,0.1843,FOLLOW_ARC
133.5,0.3176,0.6855,2.9618,-3.7819,1.8025,0.4298,0.6548,0.1833,FOLLOW_ARC
133.52,0.3158,0.6858,2.9558,-3.7819,1.8025,0.4298,0.6548,0.1823,FOLLOW_ARC
133.54,0.314,0.6861,2.9498,-3.7801,1.8023,0.4298,0.6548,0.1814,FOLLOW_ARC
133.56,0.3121,0.6865,2.9438,-3.7765,1.8016,0.4298,0.6548,0.1804,FOLLOW_ARC
133.58,0.3103,0.6869,2.9378,-3.7765,1.8016,0.4298,0.6548,0.1795,FOLLOW_ARC
133.6,0.3085,0.6873,2.9318,-3.773,1.801,0.421,0.6565,0.1786,FOLLOW_ARC
133.62,0.3067,0.6877,2.9258,-3.7712,1.8006,0.421,0.6565,0.1777,FOLLOW_ARC
133.64,0.3049,0.6881,2.9198,-3.7712,1.8006,0.421,0.6565,0.1768,FOLLOW_ARC
133.66,0.3031,0.6885,2.9138,-3.7695,1.8003,0.421,0.6565,0.1759,FOLLOW_ARC
133.68,0.3013,0.6889,2.9078,-3.766,1.7995,0.421,0.6565,0.1751,FOLLOW_ARC
133.7,0.2995,0.6893,2.9018,-3.766,1.7995,0.4104,0.6588,0.1742,FOLLOW_ARC
133.72,0.2977,0.6898,2.8958,-3.7624,1.7988,0.4104,0.6588,0.1734,FOLLOW_ARC
133.74,0.2959,0.6902,2.8898,-3.7607,1.7983,0.4104,0.6588,0.1726,FOLLOW_ARC
133.76,0.2941,0.6907,2.8838,-3.7607,1.7983,0.4104,0.6588,0.1718,FOLLOW_ARC
133.78,0.2923,0.6912,2.8778,-3.7589,1.7979,0.4104,0.6588,0.171,FOLLOW_ARC
133.8,0.2905,0.6917,2.8718,-3.7554,1.7971,0.4035,0.6605,0.1703,FOLLOW_ARC
133.82,0.2887,0.6922,2.8658,-3.7554,1.7971,0.4035,0.6605,0.1695,FOLLOW_ARC
133.84,0.2869,0.6927,2.8598,-3.7537,1.7966,0.4035,0.6605,0.1688,FOLLOW_ARC
133.86,0.2852,0.6932,2.8538,-3.752,1.7961,0.4035,0.6605,0.168,FOLLOW_ARC
133.88,0.2834,0.6937,2.8478,-3.7502,1.7957,0.4035,0.6605,0.1673,FOLLOW_ARC
133.9,0.2816,0.6943,2.8418,-3.7485,1.7952,0.3931,0.6634,0.1666,FOLLOW_ARC
133.92,0.2798,0.6948,2.8358,-3.7468,1.7947,0.3931,0.6634,0.166,FOLLOW_ARC
133.94,0.2781,0.6954,2.8298,-3.745,1.7942,0.3931,0.6634,0.1653,FOLLOW_ARC
133.96,0.2763,0.696,2.8238,-3.7433,1.7937,0.3931,0.6634,0.1647,FOLLOW_ARC
133.98,0.2746,0.6966,2.8178,-3.7416,1.7932,0.3931,0.6634,0.164,FOLLOW_ARC
134.0,0.2728,0.6972,2.8118,-3.7399,1.7926,0.3862,0.6656,0.1634,FOLLOW_ARC
134.02,0.2711,0.6978,2.8058,-3.7381,1.7921,0.3862,0.6656,0.1628,FOLLOW_ARC
134.04,0.2693,0.6984,2.7998,-3.7364,1.7915,0.3862,0.6656,0.1623,FOLLOW_ARC
134.06,0.2676,0.699,2.7938,-3.7347,1.791,0.3862,0.6656,0.1617,FOLLOW_ARC
134.08,0.2658,0.6996,2.7878,-3.733,1.7904,0.3862,0.6656,0.1611,FOLLOW_ARC
134.1,0.2641,0.7003,2.7818,-3.7296,1.7892,0.3777,0.6685,0.1606,FOLLOW_ARC
134.12,0.2623,0.701,2.7758,-3.7296,1.7892,0.3777,0.6685,0.1601,FOLLOW_ARC
134.14,0.2606,0.7016,2.7698,-3.7279,1.7886,0.3777,0.6685,0.1596,FOLLOW_ARC
134.16,0.2589,0.7023,2.7638,-3.7262,1.788,0.3777,0.6685,0.1591,FOLLOW_ARC
134.18,0.2572,0.703,2.7578,-3.7245,1.7874,0.3777,0.6685,0.1587,FOLLOW_ARC
134.2,0.2555,0.7037,2.7518,-3.7229,1.7867,0.3693,0.6717,0.1582,FOLLOW_ARC
134.22,0.2537,0.7044,2.7458,-3.7212,1.7861,0.3693,0.6717,0.1578,FOLLOW_ARC
134.24,0.252,0.7051,2.7398,-3.7195,1.7854,0.3693,0.6717,0.1574,FOLLOW_ARC
134.26,0.2503,0.7059,2.7338,-3.7178,1.7848,0.3693,0.6717,0.157,FOLLOW_ARC
134.28,0.2486,0.7066,2.7278,-3.7162,1.7841,0.361,0.6752,0.1566,FOLLOW_ARC
134.3,0.2469,0.7074,2.7218,-3.7145,1.7834,0.361,0.6752,0.1562,FOLLOW_ARC
134.32,0.2452,0.7081,2.7158,-3.7128,1.7827,0.361,0.6752,0.1559,FOLLOW_ARC
134.34,0.2436,0.7089,2.7098,-3.7112,1.782,0.361,0.6752,0.1555,FOLLOW_ARC
134.36,0.2419,0.7097,2.7038,-3.7095,1.7813,0.361,0.6752,0.1552,FOLLOW_ARC
134.38,0.2402,0.7105,2.6978,-3.7079,1.7806,0.361,0.6752,0.1549,FOLLOW_ARC
134.4,0.2385,0.7113,2.6918,-3.7046,1.7791,0.3527,0.6789,0.1547,FOLLOW_ARC
134.42,0.2369,0.7121,2.6858,-3.7046,1.7791,0.3527,0.6789,0.1544,FOLLOW_ARC
134.44,0.2352,0.7129,2.6798,-3.703,1.7783,0.3527,0.6789,0.1541,FOLLOW_ARC
134.46,0.2336,0.7137,2.6738,-3.7013,1.7776,0.3527,0.6789,0.1539,FOLLOW_ARC
134.48,0.2319,0.7146,2.6678,-3.6997,1.7768,0.3527,0.6789,0.1537,FOLLOW_ARC
134.5,0.2303,0.7154,2.6618,-3.6965,1.7752,0.3447,0.6828,0.1535,FOLLOW_ARC
134.52,0.2286,0.7163,2.6558,-3.6949,1.7744,0.3447,0.6828,0.1533,FOLLOW_ARC
134.54,0.227,0.7172,2.6498,-3.6949,1.7744,0.3447,0.6828,0.1532,FOLLOW_ARC
134.56,0.2253,0.718,2.6438,-3.6917,1.7728,0.3447,0.6828,0.153,FOLLOW_ARC
134.58,0.2237,0.7189,2.6378,-3.6917,1.7728,0.3447,0.6828,0.1529,FOLLOW_ARC
134.6,0.2221,0.7198,2.6318,-3.6885,1.7711,0.3367,0.687,0.1528,FOLLOW_ARC
134.62,0.2205,0.7207,2.6258,-3.6885,1.7711,0.3367,0.687,0.1527,FOLLOW_ARC
134.64,0.2189,0.7217,2.6198,-3.6869,1.7702,0.3367,0.687,0.1526,FOLLOW_ARC
134.66,0.2173,0.7226,2.6138,-3.6853,1.7694,0.3367,0.687,0.1526,FOLLOW_ARC
134.68,0.2157,0.7235,2.6078,-3.6837,1.7685,0.3288,0.6914,0.1525,FOLLOW_ARC
134.7,0.2141,0.7245,2.6018,-3.6822,1.7676,0.3288,0.6914,0.1525,FOLLOW_ARC
134.72,0.2125,0.7254,2.5958,-3.679,1.7658,0.3288,0.6914,0.1525,FOLLOW_ARC
134.74,0.2109,0.7264,2.5898,-3.679,1.7658,0.3288,0.6914,0.1525,FOLLOW_ARC
134.76,0.2093,0.7274,2.5838,-3.6775,1.7649,0.3288,0.6914,0.1526,FOLLOW_ARC
134.78,0.2078,0.7284,2.5778,-3.6759,1.764,0.3288,0.6914,0.1526,FOLLOW_ARC
134.8,0.2062,0.7294,2.5718,-3.6744,1.7631,0.3211,0.696,0.1527,FOLLOW_ARC
134.82,0.2046,0.7304,2.5658,-3.6729,1.7622,0.3211,0.696,0.1528,FOLLOW_ARC
134.84,0.2031,0.7314,2.5598,-3.6713,1.7612,0.3211,0.696,0.1529,FOLLOW_ARC
134.86,0.2016,0.7324,2.5538,-3.6698,1.7603,0.3211,0.696,0.153,FOLLOW_ARC
134.88,0.2,0.7334,2.5478,-3.6683,1.7593,0.3211,0.696,0.1531,FOLLOW_ARC
134.9,0.1985,0.7345,2.5418,-3.6668,1.7583,0.3136,0.7009,0.1533,FOLLOW_ARC
134.92,0.197,0.7355,2.5358,-3.6652,1.7573,0.3136,0.7009,0.1534,FOLLOW_ARC
134.94,0.1954,0.7366,2.5298,-3.6637,1.7564,0.3136,0.7009,0.1536,FOLLOW_ARC
134.96,0.1939,0.7377,2.5238,-3.6622,1.7554,0.3136,0.7009,0.1538,FOLLOW_ARC
134.98,0.1924,0.7387,2.5178,-3.6608,1.7543,0.3136,0.7009,0.154,FOLLOW_ARC
135.0,0.1909,0.7398,2.5118,-3.6578,1.7523,0.3061,0.706,0.1543,FOLLOW_ARC
135.02,0.1894,0.7409,2.5058,-3.6563,1.7513,0.3061,0.706,0.1545,FOLLOW_ARC
135.04,0.1879,0.742,2.4998,-3.6549,1.7502,0.3061,0.706,0.1548,FOLLOW_ARC
135.06,0.1864,0.7432,2.4938,-3.6534,1.7492,0.3061,0.706,0.1551,FOLLOW_ARC
135.082,0.185,0.7443,2.4878,-3.6534,1.7492,0.3061,0.706,0.1554,FOLLOW_ARC
135.1,0.1835,0.7454,2.4818,-3.6519,1.7481,0.2989,0.7113,0.1557,FOLLOW_ARC
135.12,0.182,0.7466,2.4758,-3.6491,1.746,0.2989,0.7113,0.1561,FOLLOW_ARC
135.14,0.1806,0.7477,2.4698,-3.6476,1.7449,0.2989,0.7113,0.1564,FOLLOW_ARC
135.16,0.1791,0.7489,2.4638,-3.6462,1.7438,0.2989,0.7113,0.1568,FOLLOW_ARC
135.18,0.1777,0.75,2.4578,-3.6462,1.7438,0.2989,0.7113,0.1572,FOLLOW_ARC
135.2,0.1763,0.7512,2.4518,-3.6434,1.7416,0.2918,0.7168,0.1576,FOLLOW_ARC
135.22,0.1748,0.7524,2.4458,-3.6434,1.7416,0.2918,0.7168,0.158,FOLLOW_ARC
135.24,0.1734,0.7536,2.4398,-3.6419,1.7404,0.2918,0.7168,0.1585,FOLLOW_ARC
135.26,0.172,0.7548,2.4338,-3.6405,1.7393,0.2918,0.7168,0.1589,FOLLOW_ARC
135.28,0.1706,0.756,2.4278,-3.6392,1.7382,0.2918,0.7168,0.1594,FOLLOW_ARC
135.3,0.1692,0.7572,2.4218,-3.6378,1.737,0.2849,0.7226,0.1599,FOLLOW_ARC
135.32,0.1678,0.7584,2.4158,-3.6364,1.7359,0.2849,0.7226,0.1604,FOLLOW_ARC
135.34,0.1664,0.7597,2.4098,-3.635,1.7347,0.2849,0.7226,0.1609,FOLLOW_ARC
135.36,0.1651,0.7609,2.4038,-3.6336,1.7335,0.2849,0.7226,0.1615,FOLLOW_ARC
135.38,0.1637,0.7622,2.3978,-3.6323,1.7323,0.2849,0.7226,0.162,FOLLOW_ARC
135.4,0.1623,0.7634,2.3918,-3.6309,1.7312,0.2781,0.7285,0.1626,FOLLOW_ARC
135.42,0.161,0.7647,2.3858,-3.6296,1.73,0.2781,0.7285,0.1632,FOLLOW_ARC
135.44,0.1596,0.766,2.3798,-3.6269,1.7275,0.2781,0.7285,0.1638,FOLLOW_ARC
135.46,0.1583,0.7673,2.3738,-3.6269,1.7275,0.2781,0.7285,0.1644,FOLLOW_ARC
135.48,0.157,0.7686,2.3678,-3.6256,1.7263,0.2781,0.7285,0.165,FOLLOW_ARC
135.5,0.1557,0.7699,2.3618,-3.6243,1.7251,0.2715,0.7347,0.1657,FOLLOW_ARC
135.52,0.1543,0.7712,2.3558,-3.6217,1.7226,0.2715,0.7347,0.1664,FOLLOW_ARC
135.54,0.153,0.7725,2.3498,-3.6217,1.7226,0.2715,0.7347,0.167,FOLLOW_ARC
135.56,0.1517,0.7738,2.3438,-3.6204,1.7214,0.2715,0.7347,0.1677,FOLLOW_ARC
135.58,0.1505,0.7751,2.3378,-3.6191,1.7201,0.2715,0.7347,0.1685,FOLLOW_ARC
135.6,0.1492,0.7765,2.3318,-3.6178,1.7188,0.2652,0.741,0.1692,FOLLOW_ARC
135.62,0.1479,0.7778,2.3258,-3.6165,1.7176,0.2652,0.741,0.1699,FOLLOW_ARC
135.64,0.1466,0.7792,2.3198,-3.6153,1.7163,0.2652,0.741,0.1707,FOLLOW_ARC
135.66,0.1454,0.7805,2.3138,-3.6128,1.7137,0.2652,0.741,0.1715,FOLLOW_ARC
135.68,0.1441,0.7819,2.3078,-3.6128,1.7137,0.2652,0.741,0.1723,FOLLOW_ARC
135.7,0.1429,0.7833,2.3018,-3.6115,1.7124,0.259,0.7476,0.1731,FOLLOW_ARC
135.72,0.1417,0.7847,2.2958,-3.6103,1.7111,0.259,0.7476,0.1739,FOLLOW_ARC
135.74,0.1404,0.7861,2.2898,-3.6091,1.7098,0.259,0.7476,0.1747,FOLLOW_ARC
135.76,0.1392,0.7875,2.2838,-3.6079,1.7084,0.259,0.7476,0.1756,FOLLOW_ARC
135.78,0.138,0.7889,2.2778,-3.6067,1.7071,0.259,0.7476,0.1764,FOLLOW_ARC
135.8,0.1368,0.7903,2.2718,-3.6055,1.7058,0.253,0.7543,0.1773,FOLLOW_ARC
135.82,0.1356,0.7917,2.2658,-3.6043,1.7044,0.253,0.7543,0.1782,FOLLOW_ARC
135.84,0.1344,0.7931,2.2598,-3.6031,1.7031,0.253,0.7543,0.1791,FOLLOW_ARC
135.86,0.1333,0.7946,2.2538,-3.6019,1.7017,0.253,0.7543,0.18,FOLLOW_ARC
135.88,0.1321,0.796,2.2478,-3.6007,1.7003,0.253,0.7543,0.181,FOLLOW_ARC
135.9,0.1309,0.7975,2.2418,-3.5996,1.6989,0.2472,0.7612,0.1819,FOLLOW_ARC
135.92,0.1298,0.7989,2.2358,-3.5984,1.6976,0.2472,0.7612,0.1829,FOLLOW_ARC
135.94,0.1287,0.8004,2.2298,-3.5973,1.6962,0.2472,0.7612,0.1839,FOLLOW_ARC
135.96,0.1275,0.8018,2.2238,-3.5961,1.6948,0.2472,0.7612,0.1849,FOLLOW_ARC
135.98,0.1264,0.8033,2.2178,-3.5939,1.692,0.2416,0.7682,0.1859,FOLLOW_ARC
136.0,0.1253,0.8048,2.2118,-3.5939,1.692,0.2416,0.7682,0.1869,FOLLOW_ARC
136.02,0.1242,0.8063,2.2058,-3.5928,1.6905,0.2416,0.7682,0.1879,FOLLOW_ARC
136.04,0.1231,0.8078,2.1998,-3.5917,1.6891,0.2416,0.7682,0.189,FOLLOW_ARC
136.06,0.122,0.8093,2.1938,-3.5906,1.6877,0.2416,0.7682,0.19,FOLLOW_ARC
136.08,0.1209,0.8108,2.1878,-3.5895,1.6863,0.2416,0.7682,0.1911,FOLLOW_ARC
136.1,0.1199,0.8123,2.1818,-3.5884,1.6848,0.2362,0.7755,0.1922,FOLLOW_ARC
136.12,0.1188,0.8138,2.1758,-3.5874,1.6834,0.2362,0.7755,0.1933,FOLLOW_ARC
136.14,0.1178,0.8154,2.1698,-3.5863,1.6819,0.2362,0.7755,0.1944,FOLLOW_ARC
136.16,0.1167,0.8169,2.1638,-3.5842,1.679,0.2362,0.7755,0.1955,FOLLOW_ARC
136.18,0.1157,0.8184,2.1578,-3.5842,1.679,0.2362,0.7755,0.1967,FOLLOW_ARC
136.2,0.1147,0.82,2.1518,-3.5832,1.6775,0.2301,0.7843,0.1978,FOLLOW_ARC
136.22,0.1137,0.8215,2.1458,-3.5822,1.676,0.2301,0.7843,0.199,FOLLOW_ARC
136.24,0.1126,0.8231,2.1398,-3.5812,1.6745,0.2301,0.7843,0.2001,FOLLOW_ARC
136.26,0.1117,0.8247,2.1338,-3.5802,1.673,0.2301,0.7843,0.2013,FOLLOW_ARC
136.28,0.1107,0.8262,2.1278,-3.5792,1.6715,0.2301,0.7843,0.2025,FOLLOW_ARC
136.3,0.1097,0.8278,2.1218,-3.5772,1.6685,0.2262,0.7904,0.2037,FOLLOW_ARC
136.32,0.1087,0.8294,2.1158,-3.5772,1.6685,0.2262,0.7904,0.2049,FOLLOW_ARC
136.34,0.1078,0.831,2.1098,-3.5762,1.667,0.2262,0.7904,0.2062,FOLLOW_ARC
136.36,0.1068,0.8326,2.1038,-3.5753,1.6655,0.2262,0.7904,0.2074,FOLLOW_ARC
136.38,0.1059,0.8342,2.0978,-3.5743,1.6639,0.2262,0.7904,0.2087,FOLLOW_ARC
136.4,0.105,0.8358,2.0918,-3.5734,1.6624,0.2215,0.7981,0.2099,FOLLOW_ARC
136.42,0.1041,0.8374,2.0858,-3.5724,1.6609,0.2215,0.7981,0.2112,FOLLOW_ARC
136.44,0.1031,0.839,2.0798,-3.5706,1.6578,0.2215,0.7981,0.2125,FOLLOW_ARC
136.46,0.1022,0.8406,2.0738,-3.5706,1.6578,0.2215,0.7981,0.2138,FOLLOW_ARC
136.48,0.1014,0.8423,2.0678,-3.5697,1.6562,0.2215,0.7981,0.2151,FOLLOW_ARC
136.5,0.1005,0.8439,2.0618,-3.5688,1.6547,0.217,0.8059,0.2164,FOLLOW_ARC
136.52,0.0996,0.8455,2.0558,-3.5679,1.6531,0.217,0.8059,0.2178,FOLLOW_ARC
136.54,0.0988,0.8472,2.0498,-3.5671,1.6515,0.217,0.8059,0.2191,FOLLOW_ARC
136.56,0.0979,0.8488,2.0438,-3.5662,1.6499,0.217,0.8059,0.2205,FOLLOW_ARC
136.58,0.0971,0.8505,2.0378,-3.5653,1.6484,0.217,0.8059,0.2218,FOLLOW_ARC
136.6,0.0962,0.8521,2.0318,-3.5645,1.6468,0.2128,0.8138,0.2232,FOLLOW_ARC
136.62,0.0954,0.8538,2.0258,-3.5636,1.6452,0.2128,0.8138,0.2246,FOLLOW_ARC
136.64,0.0946,0.8555,2.0198,-3.5628,1.6436,0.2128,0.8138,0.226,FOLLOW_ARC
136.66,0.0938,0.8571,2.0138,-3.5612,1.6404,0.2128,0.8138,0.2274,FOLLOW_ARC
136.68,0.093,0.8588,2.0078,-3.5612,1.6404,0.2128,0.8138,0.2288,FOLLOW_ARC
136.7,0.0922,0.8605,2.0018,-3.5604,1.6388,0.2088,0.8219,0.2302,FOLLOW_ARC
136.72,0.0915,0.8622,1.9958,-3.5596,1.6371,0.2088,0.8219,0.2316,FOLLOW_ARC
136.74,0.0907,0.8639,1.9898,-3.5588,1.6355,0.2088,0.8219,0.2331,FOLLOW_ARC
136.76,0.09,0.8656,1.9838,-3.558,1.6339,0.2088,0.8219,0.2345,FOLLOW_ARC
136.78,0.0892,0.8673,1.9778,-3.5565,1.6306,0.2051,0.8301,0.236,FOLLOW_ARC
136.8,0.0885,0.869,1.9718,-3.5565,1.6306,0.2051,0.8301,0.2375,FOLLOW_ARC
136.82,0.0878,0.8707,1.9658,-3.5558,1.629,0.2051,0.8301,0.2389,FOLLOW_ARC
136.84,0.0871,0.8724,1.9598,-3.5551,1.6273,0.2051,0.8301,0.2404,FOLLOW_ARC
136.86,0.0864,0.8741,1.9538,-3.5543,1.6257,0.2051,0.8301,0.2419,FOLLOW_ARC
136.88,0.0857,0.8759,1.9478,-3.5536,1.624,0.2051,0.8301,0.2434,FOLLOW_ARC
136.9,0.085,0.8776,1.9418,-3.5529,1.6224,0.2016,0.8384,0.2449,FOLLOW_ARC
136.92,0.0844,0.8793,1.9358,-3.5522,1.6207,0.2016,0.8384,0.2464,FOLLOW_ARC
136.94,0.0837,0.881,1.9298,-3.5516,1.619,0.2016,0.8384,0.248,FOLLOW_ARC
136.96,0.0831,0.8828,1.9238,-3.5509,1.6174,0.2016,0.8384,0.2495,FOLLOW_ARC
136.98,0.0824,0.8845,1.9178,-3.5502,1.6157,0.2016,0.8384,0.251,FOLLOW_ARC
137.0,0.0818,0.8863,1.9118,-3.5496,1.614,0.1983,0.8468,0.2526,FOLLOW_ARC
137.02,0.0812,0.888,1.9058,-3.5489,1.6123,0.1983,0.8468,0.2542,FOLLOW_ARC
137.04,0.0806,0.8898,1.8998,-3.5477,1.609,0.1983,0.8468,0.2557,FOLLOW_ARC
137.06,0.08,0.8915,1.8938,-3.5477,1.609,0.1983,0.8468,0.2573,FOLLOW_ARC
137.08,0.0794,0.8933,1.8878,-3.5471,1.6073,0.1983,0.8468,0.2589,FOLLOW_ARC
137.1,0.0788,0.8951,1.8818,-3.5465,1.6056,0.1954,0.8553,0.2605,FOLLOW_ARC
137.12,0.0783,0.8968,1.8758,-3.5459,1.6039,0.1954,0.8553,0.2621,FOLLOW_ARC
137.14,0.0777,0.8986,1.8698,-3.5453,1.6022,0.1954,0.8553,0.2637,FOLLOW_ARC
137.16,0.0772,0.9004,1.8638,-3.5447,1.6005,0.1954,0.8553,0.2653,FOLLOW_ARC
137.18,0.0767,0.9021,1.8578,-3.5442,1.5987,0.1954,0.8553,0.2669,FOLLOW_ARC
137.2,0.0761,0.9039,1.8518,-3.5436,1.597,0.1926,0.8638,0.2685,FOLLOW_ARC
137.22,0.0756,0.9057,1.8458,-3.5431,1.5953,0.1926,0.8638,0.2702,FOLLOW_ARC
137.24,0.0751,0.9075,1.8398,-3.5426,1.5936,0.1926,0.8638,0.2718,FOLLOW_ARC
137.26,0.0746,0.9093,1.8338,-3.542,1.5919,0.1926,0.8638,0.2734,FOLLOW_ARC
137.28,0.0742,0.9111,1.8278,-3.5415,1.5901,0.1926,0.8638,0.2751,FOLLOW_ARC
137.3,0.0737,0.9129,1.8218,-3.541,1.5884,0.1901,0.8725,0.2767,FOLLOW_ARC
137.32,0.0732,0.9147,1.8158,-3.5406,1.5867,0.1901,0.8725,0.2784,FOLLOW_ARC
137.34,0.0728,0.9165,1.8098,-3.5396,1.5832,0.1901,0.8725,0.2801,FOLLOW_ARC
137.36,0.0724,0.9183,1.8038,-3.5396,1.5832,0.1901,0.8725,0.2817,FOLLOW_ARC
137.38,0.072,0.9201,1.7978,-3.5392,1.5815,0.1879,0.8812,0.2834,FOLLOW_ARC
137.4,0.0715,0.9219,1.7918,-3.5387,1.5797,0.1879,0.8812,0.2851,FOLLOW_ARC
137.42,0.0711,0.9237,1.7858,-3.5383,1.578,0.1879,0.8812,0.2868,FOLLOW_ARC
137.44,0.0708,0.9255,1.7798,-3.5374,1.5745,0.1879,0.8812,0.2885,FOLLOW_ARC
137.46,0.0704,0.9273,1.7738,-3.5374,1.5745,0.1879,0.8812,0.2902,FOLLOW_ARC
137.48,0.07,0.9291,1.7678,-3.537,1.5727,0.1879,0.8812,0.2919,FOLLOW_ARC
137.5,0.0697,0.931,1.7618,-3.5366,1.571,0.186,0.89,0.2936,FOLLOW_ARC
137.52,0.0693,0.9328,1.7558,-3.5363,1.5692,0.186,0.89,0.2953,FOLLOW_ARC
137.54,0.069,0.9346,1.7498,-3.5359,1.5674,0.186,0.89,0.2971,FOLLOW_ARC
137.56,0.0686,0.9364,1.7438,-3.5355,1.5657,0.186,0.89,0.2988,FOLLOW_ARC
137.58,0.0683,0.9382,1.7378,-3.5348,1.5621,0.186,0.89,0.3005,FOLLOW_ARC
137.6,0.068,0.9401,1.7318,-3.5345,1.5604,0.184,0.9006,0.3023,FOLLOW_ARC
137.62,0.0677,0.9419,1.7258,-3.5345,1.5604,0.184,0.9006,0.304,FOLLOW_ARC
137.64,0.0675,0.9437,1.7198,-3.5342,1.5586,0.184,0.9006,0.3057,FOLLOW_ARC
137.66,0.0672,0.9456,1.7138,-3.5339,1.5568,0.184,0.9006,0.3075,FOLLOW_ARC
137.68,0.0669,0.9474,1.7078,-3.5333,1.5533,0.1829,0.9077,0.3093,FOLLOW_ARC
137.7,0.0667,0.9492,1.7018,-3.5333,1.5533,0.1829,0.9077,0.311,FOLLOW_ARC
137.72,0.0665,0.9511,1.6958,-3.533,1.5515,0.1829,0.9077,0.3128,FOLLOW_ARC
137.74,0.0662,0.9529,1.6898,-3.5327,1.5497,0.1829,0.9077,0.3145,FOLLOW_ARC
137.76,0.066,0.9548,1.6838,-3.5325,1.5479,0.1829,0.9077,0.3163,FOLLOW_ARC
137.78,0.0658,0.9566,1.6778,-3.5322,1.5462,0.1829,0.9077,0.3181,FOLLOW_ARC
137.8,0.0656,0.9585,1.6718,-3.532,1.5444,0.1817,0.9166,0.3199,FOLLOW_ARC
137.82,0.0654,0.9603,1.6658,-3.5318,1.5426,0.1817,0.9166,0.3217,FOLLOW_ARC
137.84,0.0653,0.9621,1.6598,-3.5316,1.5408,0.1817,0.9166,0.3234,FOLLOW_ARC
137.86,0.0651,0.964,1.6538,-3.5314,1.539,0.1817,0.9166,0.3252,FOLLOW_ARC
137.88,0.065,0.9658,1.6478,-3.5312,1.5372,0.1817,0.9166,0.327,FOLLOW_ARC
137.9,0.0648,0.9677,1.6418,-3.5308,1.5336,0.1808,0.9256,0.3288,FOLLOW_ARC
137.92,0.0647,0.9695,1.6358,-3.5308,1.5336,0.1808,0.9256,0.3306,FOLLOW_ARC
137.94,0.0646,0.9714,1.6298,-3.5305,1.5301,0.1808,0.9256,0.3324,FOLLOW_ARC
137.96,0.0645,0.9732,1.6238,-3.5305,1.5301,0.1808,0.9256,0.3342,FOLLOW_ARC
137.98,0.0644,0.9751,1.6178,-3.5304,1.5283,0.1808,0.9256,0.336,FOLLOW_ARC
138.0,0.0643,0.9769,1.6118,-3.5303,1.5265,0.1802,0.9346,0.3379,FOLLOW_ARC
138.02,0.0643,0.9788,1.6058,-3.5302,1.5247,0.1802,0.9346,0.3397,FOLLOW_ARC
138.04,0.0642,0.9807,1.5998,-3.5301,1.5229,0.1802,0.9346,0.3415,FOLLOW_ARC
138.06,0.0641,0.9825,1.5938,-3.53,1.5211,0.1802,0.9346,0.3433,FOLLOW_ARC
138.08,0.0641,0.9844,1.5878,-3.5298,1.5175,0.1799,0.9436,0.3451,FOLLOW_ARC
138.1,0.0641,0.9862,1.5818,-3.5298,1.5175,0.1799,0.9436,0.347,FOLLOW_ARC
138.12,0.0641,0.9881,1.5758,-3.5297,1.5139,0.1799,0.9436,0.3488,FOLLOW_ARC
138.14,0.0641,0.9899,1.5698,-3.5297,1.5139,0.1799,0.9436,0.3506,FOLLOW_ARC
138.16,0.0641,0.9918,1.5638,-3.5297,1.5121,0.1799,0.9436,0.3525,FOLLOW_ARC
138.18,0.0641,0.9936,1.5578,-3.5296,1.5103,0.1798,0.9526,0.3543,FOLLOW_ARC
138.2,0.0641,0.9955,1.5518,-3.5296,1.5085,0.1798,0.9526,0.3561,FOLLOW_ARC
138.22,0.0642,0.9973,1.5458,-3.5296,1.5067,0.1798,0.9526,0.358,FOLLOW_ARC
138.24,0.0642,0.9992,1.5398,-3.5296,1.5049,0.1798,0.9526,0.3598,FOLLOW_ARC
138.26,0.0643,1.001,1.5338,-3.5296,1.5031,0.1798,0.9526,0.3616,FOLLOW_ARC
138.28,0.0644,1.0029,1.5278,-3.5296,1.5013,0.1798,0.9526,0.3635,FOLLOW_ARC
138.3,0.0644,1.0047,1.5218,-3.5297,1.4977,0.18,0.9616,0.3653,FOLLOW_ARC
138.32,0.0645,1.0066,1.5158,-3.5297,1.4977,0.18,0.9616,0.3672,FOLLOW_ARC
138.34,0.0647,1.0084,1.5098,-3.5298,1.4959,0.18,0.9616,0.369,FOLLOW_ARC
138.36,0.0648,1.0103,1.5038,-3.5299,1.4941,0.18,0.9616,0.3709,FOLLOW_ARC
138.38,0.0649,1.0121,1.4978,-3.5299,1.4923,0.18,0.9616,0.3727,FOLLOW_ARC
138.4,0.065,1.014,1.4918,-3.53,1.4905,0.1804,0.9706,0.3746,FOLLOW_ARC
138.42,0.0652,1.0158,1.4858,-3.5301,1.4887,0.1804,0.9706,0.3764,FOLLOW_ARC
138.44,0.0654,1.0177,1.4798,-3.5302,1.4869,0.1804,0.9706,0.3783,FOLLOW_ARC
138.46,0.0655,1.0195,1.4738,-3.5304,1.4851,0.1804,0.9706,0.3802,FOLLOW_ARC
138.48,0.0657,1.0214,1.4678,-3.5305,1.4833,0.1804,0.9706,0.382,FOLLOW_ARC
138.5,0.0659,1.0232,1.4618,-3.5308,1.4797,0.1812,0.9795,0.3839,FOLLOW_ARC
138.52,0.0661,1.0251,1.4558,-3.5308,1.4797,0.1812,0.9795,0.3857,FOLLOW_ARC
138.54,0.0664,1.0269,1.4498,-3.5311,1.4761,0.1812,0.9795,0.3876,FOLLOW_ARC
138.56,0.0666,1.0287,1.4438,-3.5311,1.4761,0.1812,0.9795,0.3894,FOLLOW_ARC
138.58,0.0668,1.0306,1.4378,-3.5313,1.4743,0.1812,0.9795,0.3913,FOLLOW_ARC
138.6,0.0671,1.0324,1.4318,-3.5315,1.4725,0.1822,0.9885,0.3932,FOLLOW_ARC
138.62,0.0673,1.0343,1.4258,-3.5317,1.4708,0.1822,0.9885,0.395,FOLLOW_ARC
138.64,0.0676,1.0361,1.4198,-3.5319,1.469,0.1822,0.9885,0.3969,FOLLOW_ARC
138.66,0.0679,1.0379,1.4138,-3.5322,1.4672,0.1822,0.9885,0.3988,FOLLOW_ARC
138.68,0.0682,1.0397,1.4078,-3.5324,1.4654,0.1822,0.9885,0.4006,FOLLOW_ARC
138.698,0.0685,1.0416,1.4018,-3.5327,1.4636,0.1834,0.9974,0.4025,FOLLOW_ARC
138.72,0.0688,1.0434,1.3958,-3.5332,1.4601,0.1834,0.9974,0.4044,FOLLOW_ARC
138.74,0.0692,1.0452,1.3898,-3.5332,1.4601,0.1834,0.9974,0.4062,FOLLOW_ARC
138.76,0.0695,1.047,1.3838,-3.5335,1.4583,0.1834,0.9974,0.4081,FOLLOW_ARC
138.78,0.0698,1.0489,1.3778,-3.5341,1.4547,0.1834,0.9974,0.4099,FOLLOW_ARC
138.8,0.0702,1.0507,1.3718,-3.5344,1.453,0.185,1.0063,0.4118,FOLLOW_ARC
138.82,0.0706,1.0525,1.3658,-3.5347,1.4512,0.185,1.0063,0.4137,FOLLOW_ARC
138.84,0.071,1.0543,1.3598,-3.5351,1.4494,0.185,1.0063,0.4155,FOLLOW_ARC
138.86,0.0714,1.0561,1.3538,-3.5351,1.4494,0.185,1.0063,0.4174,FOLLOW_ARC
138.88,0.0718,1.0579,1.3478,-3.5354,1.4477,0.185,1.0063,0.4193,FOLLOW_ARC
138.9,0.0722,1.0597,1.3418,-3.5358,1.4459,0.1868,1.0151,0.4211,FOLLOW_ARC
138.92,0.0726,1.0615,1.3358,-3.5361,1.4441,0.1868,1.0151,0.423,FOLLOW_ARC
138.94,0.073,1.0633,1.3298,-3.5369,1.4406,0.1868,1.0151,0.4248,FOLLOW_ARC
138.96,0.0735,1.0651,1.3238,-3.5369,1.4406,0.1868,1.0151,0.4267,FOLLOW_ARC
138.98,0.074,1.0669,1.3178,-3.5373,1.4389,0.1868,1.0151,0.4286,FOLLOW_ARC
139.0,0.0744,1.0687,1.3118,-3.5377,1.4371,0.1888,1.0238,0.4304,FOLLOW_ARC
139.02,0.0749,1.0705,1.3058,-3.5381,1.4354,0.1888,1.0238,0.4323,FOLLOW_ARC
139.04,0.0754,1.0723,1.2998,-3.539,1.4319,0.1888,1.0238,0.4341,FOLLOW_ARC
139.06,0.0759,1.0741,1.2938,-3.539,1.4319,0.1888,1.0238,0.436,FOLLOW_ARC
139.08,0.0764,1.0759,1.2878,-3.5395,1.4301,0.1888,1.0238,0.4378,FOLLOW_ARC
139.1,0.0769,1.0777,1.2818,-3.5404,1.4266,0.1912,1.0325,0.4397,FOLLOW_ARC
139.12,0.0775,1.0794,1.2758,-3.5404,1.4266,0.1912,1.0325,0.4415,FOLLOW_ARC
139.14,0.078,1.0812,1.2698,-3.5414,1.4232,0.1912,1.0325,0.4434,FOLLOW_ARC
139.16,0.0786,1.083,1.2638,-3.5414,1.4232,0.1912,1.0325,0.4452,FOLLOW_ARC
139.18,0.0791,1.0847,1.2578,-3.5419,1.4215,0.1937,1.0411,0.4471,FOLLOW_ARC
139.2,0.0797,1.0865,1.2518,-3.5424,1.4197,0.1937,1.0411,0.4489,FOLLOW_ARC
139.22,0.0803,1.0883,1.2458,-3.5429,1.418,0.1937,1.0411,0.4508,FOLLOW_ARC
139.24,0.0809,1.09,1.2398,-3.544,1.4146,0.1937,1.0411,0.4526,FOLLOW_ARC
139.26,0.0815,1.0918,1.2338,-3.5445,1.4129,0.1937,1.0411,0.4545,FOLLOW_ARC
139.28,0.0821,1.0935,1.2278,-3.5445,1.4129,0.1966,1.0497,0.4563,FOLLOW_ARC
139.3,0.0828,1.0953,1.2218,-3.5451,1.4112,0.1966,1.0497,0.4582,FOLLOW_ARC
139.32,0.0834,1.097,1.2158,-3.5457,1.4094,0.1966,1.0497,0.46,FOLLOW_ARC
139.34,0.0841,1.0987,1.2098,-3.5463,1.4077,0.1966,1.0497,0.4618,FOLLOW_ARC
139.36,0.0847,1.1005,1.2038,-3.5475,1.4044,0.1966,1.0497,0.4637,FOLLOW_ARC
139.38,0.0854,1.1022,1.1978,-3.5475,1.4044,0.1997,1.0581,0.4655,FOLLOW_ARC
139.4,0.0861,1.1039,1.1918,-3.5481,1.4027,0.1997,1.0581,0.4673,FOLLOW_ARC
139.42,0.0868,1.1056,1.1858,-3.5487,1.401,0.1997,1.0581,0.4692,FOLLOW_ARC
139.44,0.0875,1.1073,1.1798,-3.55,1.3976,0.1997,1.0581,0.471,FOLLOW_ARC
139.46,0.0882,1.1091,1.1738,-3.55,1.3976,0.1997,1.0581,0.4728,FOLLOW_ARC
139.48,0.0889,1.1108,1.1678,-3.5507,1.3959,0.1997,1.0581,0.4746,FOLLOW_ARC
139.5,0.0896,1.1125,1.1618,-3.552,1.3926,0.203,1.0665,0.4765,FOLLOW_ARC
139.52,0.0904,1.1142,1.1558,-3.5527,1.3909,0.203,1.0665,0.4783,FOLLOW_ARC
139.54,0.0911,1.1159,1.1498,-3.5527,1.3909,0.203,1.0665,0.4801,FOLLOW_ARC
139.56,0.0919,1.1176,1.1438,-3.5534,1.3893,0.203,1.0665,0.4819,FOLLOW_ARC
139.58,0.0927,1.1192,1.1378,-3.5541,1.3876,0.203,1.0665,0.4837,FOLLOW_ARC
139.6,0.0934,1.1209,1.1318,-3.5548,1.386,0.2066,1.0747,0.4855,FOLLOW_ARC
139.62,0.0942,1.1226,1.1258,-3.5555,1.3843,0.2066,1.0747,0.4873,FOLLOW_ARC
139.64,0.095,1.1243,1.1198,-3.5563,1.3827,0.2066,1.0747,0.4891,FOLLOW_ARC
139.66,0.0959,1.1259,1.1138,-3.557,1.381,0.2066,1.0747,0.4909,FOLLOW_ARC
139.68,0.0967,1.1276,1.1078,-3.5578,1.3794,0.2066,1.0747,0.4927,FOLLOW_ARC
139.7,0.0975,1.1292,1.1018,-3.5593,1.3762,0.2105,1.0829,0.4945,FOLLOW_ARC
139.72,0.0984,1.1309,1.0958,-3.5593,1.3762,0.2105,1.0829,0.4963,FOLLOW_ARC
139.74,0.0992,1.1325,1.0898,-3.5601,1.3745,0.2105,1.0829,0.4981,FOLLOW_ARC
139.76,0.1001,1.1342,1.0838,-3.5609,1.3729,0.2105,1.0829,0.4999,FOLLOW_ARC
139.78,0.101,1.1358,1.0778,-3.5617,1.3713,0.2105,1.0829,0.5017,FOLLOW_ARC
139.8,0.1018,1.1374,1.0718,-3.5634,1.3681,0.2146,1.0909,0.5035,FOLLOW_ARC
139.82,0.1027,1.1391,1.0658,-3.5634,1.3681,0.2146,1.0909,0.5052,FOLLOW_ARC
139.84,0.1036,1.1407,1.0598,-3.5642,1.3665,0.2146,1.0909,0.507,FOLLOW_ARC
139.86,0.1045,1.1423,1.0538,-3.565,1.3649,0.2146,1.0909,0.5088,FOLLOW_ARC
139.88,0.1055,1.1439,1.0478,-3.5659,1.3633,0.2146,1.0909,0.5105,FOLLOW_ARC
139.9,0.1064,1.1455,1.0418,-3.5668,1.3618,0.2189,1.0988,0.5123,FOLLOW_ARC
139.92,0.1073,1.1471,1.0358,-3.5685,1.3586,0.2189,1.0988,0.5141,FOLLOW_ARC
139.94,0.1083,1.1487,1.0298,-3.5685,1.3586,0.2189,1.0988,0.5158,FOLLOW_ARC
139.96,0.1093,1.1503,1.0238,-3.5694,1.357,0.2189,1.0988,0.5176,FOLLOW_ARC
139.98,0.1102,1.1519,1.0178,-3.5703,1.3555,0.2189,1.0988,0.5193,FOLLOW_ARC
140.0,0.1112,1.1534,1.0118,-3.5712,1.3539,0.2235,1.1065,0.5211,FOLLOW_ARC
140.02,0.1122,1.155,1.0058,-3.5731,1.3508,0.2235,1.1065,0.5228,FOLLOW_ARC
140.04,0.1132,1.1566,0.9998,-3.574,1.3493,0.2235,1.1065,0.5246,FOLLOW_ARC
140.06,0.1142,1.1581,0.9938,-3.574,1.3493,0.2235,1.1065,0.5263,FOLLOW_ARC
140.08,0.1152,1.1597,0.9878,-3.5749,1.3478,0.2282,1.1142,0.5281,FOLLOW_ARC
140.1,0.1162,1.1612,0.9818,-3.5759,1.3463,0.2282,1.1142,0.5298,FOLLOW_ARC
140.12,0.1173,1.1628,0.9758,-3.5769,1.3447,0.2282,1.1142,0.5315,FOLLOW_ARC
140.14,0.1183,1.1643,0.9698,-3.5778,1.3432,0.2282,1.1142,0.5332,FOLLOW_ARC
140.16,0.1194,1.1658,0.9638,-3.5788,1.3417,0.2282,1.1142,0.535,FOLLOW_ARC
140.18,0.1204,1.1673,0.9578,-3.5798,1.3402,0.2333,1.1216,0.5367,FOLLOW_ARC
140.2,0.1215,1.1688,0.9518,-3.5818,1.3372,0.2333,1.1216,0.5384,FOLLOW_ARC
140.22,0.1226,1.1704,0.9458,-3.5818,1.3372,0.2333,1.1216,0.5401,FOLLOW_ARC
140.24,0.1237,1.1719,0.9398,-3.5828,1.3357,0.2333,1.1216,0.5418,FOLLOW_ARC
140.26,0.1248,1.1733,0.9338,-3.5839,1.3343,0.2333,1.1216,0.5435,FOLLOW_ARC
140.28,0.1259,1.1748,0.9278,-3.586,1.3313,0.2333,1.1216,0.5452,FOLLOW_ARC
140.3,0.127,1.1763,0.9218,-3.586,1.3313,0.2385,1.129,0.5469,FOLLOW_ARC
140.32,0.1281,1.1778,0.9158,-3.587,1.3299,0.2385,1.129,0.5486,FOLLOW_ARC
140.34,0.1293,1.1793,0.9098,-3.5881,1.3284,0.2385,1.129,0.5503,FOLLOW_ARC
140.36,0.1304,1.1807,0.9038,-3.5891,1.327,0.2385,1.129,0.5519,FOLLOW_ARC
140.38,0.1316,1.1822,0.8978,-3.5902,1.3255,0.2385,1.129,0.5536,FOLLOW_ARC
140.4,0.1327,1.1836,0.8918,-3.5913,1.3241,0.244,1.1361,0.5553,FOLLOW_ARC
140.42,0.1339,1.185,0.8858,-3.5924,1.3227,0.244,1.1361,0.557,FOLLOW_ARC
140.44,0.1351,1.1865,0.8798,-3.5946,1.3198,0.244,1.1361,0.5586,FOLLOW_ARC
140.46,0.1363,1.1879,0.8738,-3.5946,1.3198,0.244,1.1361,0.5603,FOLLOW_ARC
140.48,0.1374,1.1893,0.8678,-3.5958,1.3184,0.244,1.1361,0.5619,FOLLOW_ARC
140.5,0.1387,1.1907,0.8618,-3.598,1.3156,0.2496,1.1431,0.5636,FOLLOW_ARC
140.52,0.1399,1.1921,0.8558,-3.598,1.3156,0.2496,1.1431,0.5652,FOLLOW_ARC
140.54,0.1411,1.1935,0.8498,-3.6003,1.3129,0.2496,1.1431,0.5669,FOLLOW_ARC
140.56,0.1423,1.1949,0.8438,-3.6003,1.3129,0.2496,1.1431,0.5685,FOLLOW_ARC
140.58,0.1436,1.1963,0.8378,-3.6015,1.3115,0.2496,1.1431,0.5702,FOLLOW_ARC
140.6,0.1448,1.1977,0.8318,-3.6027,1.3101,0.2555,1.1499,0.5718,FOLLOW_ARC
140.62,0.146,1.199,0.8258,-3.6039,1.3088,0.2555,1.1499,0.5734,FOLLOW_ARC
140.64,0.1473,1.2004,0.8198,-3.605,1.3074,0.2555,1.1499,0.575,FOLLOW_ARC
140.66,0.1486,1.2017,0.8138,-3.6062,1.3061,0.2555,1.1499,0.5766,FOLLOW_ARC
140.68,0.1499,1.2031,0.8078,-3.6074,1.3048,0.2555,1.1499,0.5782,FOLLOW_ARC
140.7,0.1511,1.2044,0.8018,-3.6087,1.3034,0.2616,1.1566,0.5799,FOLLOW_ARC
140.72,0.1524,1.2057,0.7958,-3.6099,1.3021,0.2616,1.1566,0.5815,FOLLOW_ARC
140.74,0.1537,1.2071,0.7898,-3.6111,1.3008,0.2616,1.1566,0.583,FOLLOW_ARC
140.76,0.1551,1.2084,0.7838,-3.6124,1.2995,0.2616,1.1566,0.5846,FOLLOW_ARC
140.78,0.1564,1.2097,0.7778,-3.6136,1.2982,0.2616,1.1566,0.5862,FOLLOW_ARC
140.8,0.1577,1.211,0.7718,-3.6148,1.2969,0.2678,1.163,0.5878,FOLLOW_ARC
140.82,0.159,1.2123,0.7658,-3.6161,1.2956,0.2678,1.163,0.5894,FOLLOW_ARC
140.84,0.1604,1.2135,0.7598,-3.6174,1.2943,0.2678,1.163,0.591,FOLLOW_ARC
140.86,0.1617,1.2148,0.7538,-3.6199,1.2918,0.2678,1.163,0.5925,FOLLOW_ARC
140.88,0.1631,1.2161,0.7478,-3.6199,1.2918,0.2678,1.163,0.5941,FOLLOW_ARC
140.9,0.1644,1.2173,0.7418,-3.6212,1.2905,0.2743,1.1693,0.5956,FOLLOW_ARC
140.92,0.1658,1.2186,0.7358,-3.6225,1.2893,0.2743,1.1693,0.5972,FOLLOW_ARC
140.94,0.1672,1.2198,0.7298,-3.6238,1.2881,0.2743,1.1693,0.5987,FOLLOW_ARC
140.96,0.1686,1.2211,0.7238,-3.6251,1.2868,0.2743,1.1693,0.6003,FOLLOW_ARC
140.98,0.17,1.2223,0.7178,-3.6265,1.2856,0.2743,1.1693,0.6018,FOLLOW_ARC
141.0,0.1714,1.2235,0.7118,-3.6291,1.2832,0.281,1.1753,0.6033,FOLLOW_ARC
141.02,0.1728,1.2247,0.7058,-3.6291,1.2832,0.281,1.1753,0.6049,FOLLOW_ARC
141.04,0.1742,1.2259,0.6998,-3.6305,1.282,0.281,1.1753,0.6064,FOLLOW_ARC
141.06,0.1756,1.2271,0.6938,-3.6318,1.2808,0.281,1.1753,0.6079,FOLLOW_ARC
141.08,0.177,1.2283,0.6878,-3.6332,1.2796,0.281,1.1753,0.6094,FOLLOW_ARC
141.098,0.1785,1.2294,0.6818,-3.6345,1.2784,0.2878,1.1812,0.6109,FOLLOW_ARC
141.12,0.1799,1.2306,0.6758,-3.6359,1.2773,0.2878,1.1812,0.6124,FOLLOW_ARC
141.14,0.1814,1.2318,0.6698,-3.6373,1.2761,0.2878,1.1812,0.6139,FOLLOW_ARC
141.16,0.1828,1.2329,0.6638,-3.6387,1.275,0.2878,1.1812,0.6154,FOLLOW_ARC
141.18,0.1843,1.234,0.6578,-3.6401,1.2738,0.2878,1.1812,0.6169,FOLLOW_ARC
141.2,0.1858,1.2352,0.6518,-3.6415,1.2727,0.2948,1.1868,0.6183,FOLLOW_ARC
141.22,0.1872,1.2363,0.6458,-3.6429,1.2716,0.2948,1.1868,0.6198,FOLLOW_ARC
141.24,0.1887,1.2374,0.6398,-3.6443,1.2704,0.2948,1.1868,0.6213,FOLLOW_ARC
141.26,0.1902,1.2385,0.6338,-3.6457,1.2693,0.2948,1.1868,0.6227,FOLLOW_ARC
141.28,0.1917,1.2396,0.6278,-3.6471,1.2682,0.2948,1.1868,0.6242,FOLLOW_ARC
141.3,0.1932,1.2407,0.6218,-3.6486,1.2671,0.302,1.1923,0.6256,FOLLOW_ARC
141.32,0.1947,1.2417,0.6158,-3.65,1.2661,0.302,1.1923,0.6271,FOLLOW_ARC
141.34,0.1963,1.2428,0.6098,-3.6514,1.265,0.302,1.1923,0.6285,FOLLOW_ARC
141.36,0.1978,1.2439,0.6038,-3.6529,1.2639,0.302,1.1923,0.6299,FOLLOW_ARC
141.38,0.1993,1.2449,0.5978,-3.6544,1.2629,0.302,1.1923,0.6314,FOLLOW_ARC
141.4,0.2008,1.246,0.5918,-3.6558,1.2618,0.3093,1.1975,0.6328,FOLLOW_ARC
141.42,0.2024,1.247,0.5858,-3.6573,1.2608,0.3093,1.1975,0.6342,FOLLOW_ARC
141.44,0.2039,1.248,0.5798,-3.6603,1.2587,0.3093,1.1975,0.6356,FOLLOW_ARC
141.46,0.2055,1.249,0.5738,-3.6603,1.2587,0.3093,1.1975,0.637,FOLLOW_ARC
141.48,0.207,1.25,0.5678,-3.6617,1.2577,0.3093,1.1975,0.6384,FOLLOW_ARC
141.5,0.2086,1.251,0.5618,-3.6632,1.2567,0.3168,1.2025,0.6398,FOLLOW_ARC
141.52,0.2102,1.252,0.5558,-3.6647,1.2557,0.3168,1.2025,0.6412,FOLLOW_ARC
141.54,0.2118,1.253,0.5498,-3.6662,1.2547,0.3168,1.2025,0.6425,FOLLOW_ARC
141.56,0.2133,1.2539,0.5438,-3.6678,1.2538,0.3168,1.2025,0.6439,FOLLOW_ARC
141.58,0.2149,1.2549,0.5378,-3.6693,1.2528,0.3168,1.2025,0.6453,FOLLOW_ARC
141.6,0.2165,1.2558,0.5318,-3.6708,1.2518,0.3244,1.2073,0.6466,FOLLOW_ARC
141.62,0.2181,1.2568,0.5258,-3.6723,1.2509,0.3244,1.2073,0.648,FOLLOW_ARC
141.64,0.2197,1.2577,0.5198,-3.6739,1.25,0.3244,1.2073,0.6493,FOLLOW_ARC
141.66,0.2214,1.2586,0.5138,-3.6754,1.249,0.3244,1.2073,0.6507,FOLLOW_ARC
141.68,0.223,1.2595,0.5078,-3.677,1.2481,0.3244,1.2073,0.652,FOLLOW_ARC
141.7,0.2246,1.2604,0.5018,-3.6785,1.2472,0.3337,1.2127,0.6533,FOLLOW_ARC
141.72,0.2262,1.2613,0.4958,-3.6801,1.2463,0.3337,1.2127,0.6546,FOLLOW_ARC
141.74,0.2279,1.2622,0.4898,-3.6832,1.2445,0.3337,1.2127,0.656,FOLLOW_ARC
141.76,0.2295,1.263,0.4838,-3.6832,1.2445,0.3337,1.2127,0.6573,FOLLOW_ARC
141.78,0.2311,1.2639,0.4778,-3.6848,1.2436,0.3337,1.2127,0.6586,FOLLOW_ARC
141.8,0.2328,1.2647,0.4718,-3.6863,1.2428,0.3401,1.2162,0.6599,FOLLOW_ARC
141.82,0.2344,1.2656,0.4658,-3.6879,1.2419,0.3401,1.2162,0.6612,FOLLOW_ARC
141.84,0.2361,1.2664,0.4598,-3.6895,1.2411,0.3401,1.2162,0.6624,FOLLOW_ARC
141.86,0.2378,1.2672,0.4538,-3.6911,1.2402,0.3401,1.2162,0.6637,FOLLOW_ARC
141.88,0.2394,1.268,0.4478,-3.6927,1.2394,0.3401,1.2162,0.665,FOLLOW_ARC
141.9,0.2411,1.2688,0.4418,-3.6943,1.2386,0.3481,1.2202,0.6662,FOLLOW_ARC
141.92,0.2428,1.2696,0.4358,-3.6959,1.2378,0.3481,1.2202,0.6675,FOLLOW_ARC
141.94,0.2445,1.2704,0.4298,-3.6975,1.237,0.3481,1.2202,0.6688,FOLLOW_ARC
141.96,0.2462,1.2711,0.4238,-3.6992,1.2362,0.3481,1.2202,0.67,FOLLOW_ARC
141.98,0.2479,1.2719,0.4178,-3.7008,1.2354,0.3481,1.2202,0.6712,FOLLOW_ARC
142.0,0.2495,1.2726,0.4118,-3.7024,1.2347,0.3562,1.2241,0.6725,FOLLOW_ARC
142.02,0.2513,1.2734,0.4058,-3.704,1.2339,0.3562,1.2241,0.6737,FOLLOW_ARC
142.04,0.253,1.2741,0.3998,-3.7057,1.2332,0.3562,1.2241,0.6749,FOLLOW_ARC
142.06,0.2547,1.2748,0.3938,-3.7073,1.2324,0.3562,1.2241,0.6761,FOLLOW_ARC
142.08,0.2564,1.2755,0.3878,-3.709,1.2317,0.3562,1.2241,0.6773,FOLLOW_ARC
142.1,0.2581,1.2762,0.3818,-3.7106,1.231,0.3645,1.2276,0.6785,FOLLOW_ARC
142.12,0.2598,1.2769,0.3758,-3.7123,1.2303,0.3645,1.2276,0.6797,FOLLOW_ARC
142.14,0.2616,1.2776,0.3698,-3.7139,1.2296,0.3645,1.2276,0.6809,FOLLOW_ARC
142.16,0.2633,1.2782,0.3638,-3.7156,1.2289,0.3645,1.2276,0.6821,FOLLOW_ARC
142.18,0.265,1.2789,0.3578,-3.7173,1.2282,0.3645,1.2276,0.6833,FOLLOW_ARC
142.2,0.2668,1.2795,0.3518,-3.7189,1.2275,0.3729,1.231,0.6844,FOLLOW_ARC
142.22,0.2685,1.2802,0.3458,-3.7223,1.2262,0.3729,1.231,0.6856,FOLLOW_ARC
142.24,0.2702,1.2808,0.3398,-3.724,1.2256,0.3729,1.231,0.6867,FOLLOW_ARC
142.26,0.272,1.2814,0.3338,-3.724,1.2256,0.3729,1.231,0.6879,FOLLOW_ARC
142.28,0.2737,1.282,0.3278,-3.7257,1.225,0.3729,1.231,0.689,FOLLOW_ARC
142.3,0.2755,1.2826,0.3218,-3.7273,1.2243,0.3813,1.234,0.6901,FOLLOW_ARC
142.32,0.2773,1.2832,0.3158,-3.729,1.2237,0.3813,1.234,0.6913,FOLLOW_ARC
142.34,0.279,1.2837,0.3098,-3.7307,1.2231,0.3813,1.234,0.6924,FOLLOW_ARC
142.36,0.2808,1.2843,0.3038,-3.7324,1.2225,0.3813,1.234,0.6935,FOLLOW_ARC
142.38,0.2826,1.2848,0.2978,-3.7341,1.222,0.3813,1.234,0.6946,FOLLOW_ARC
142.4,0.2843,1.2854,0.2918,-3.7376,1.2208,0.3899,1.2369,0.6957,FOLLOW_ARC
142.42,0.2861,1.2859,0.2858,-3.7376,1.2208,0.3899,1.2369,0.6968,FOLLOW_ARC
142.44,0.2879,1.2864,0.2798,-3.7393,1.2203,0.3899,1.2369,0.6978,FOLLOW_ARC
142.46,0.2897,1.2869,0.2738,-3.741,1.2198,0.3899,1.2369,0.6989,FOLLOW_ARC
142.48,0.2915,1.2874,0.2678,-3.7427,1.2192,0.3899,1.2369,0.7,FOLLOW_ARC
142.5,0.2933,1.2879,0.2618,-3.7444,1.2187,0.3985,1.2394,0.7011,FOLLOW_ARC
142.52,0.2951,1.2884,0.2558,-3.7462,1.2182,0.3985,1.2394,0.7021,FOLLOW_ARC
142.54,0.2968,1.2889,0.2498,-3.7479,1.2177,0.3985,1.2394,0.7031,FOLLOW_ARC
142.56,0.2986,1.2893,0.2438,-3.7496,1.2172,0.3985,1.2394,0.7042,FOLLOW_ARC
142.58,0.3004,1.2897,0.2378,-3.7531,1.2163,0.3985,1.2394,0.7052,FOLLOW_ARC
142.6,0.3022,1.2902,0.2318,-3.7531,1.2163,0.4072,1.2417,0.7062,FOLLOW_ARC
142.62,0.3041,1.2906,0.2258,-3.7566,1.2154,0.4072,1.2417,0.7055,FOLLOW_ARC
142.64,0.3059,1.291,0.2198,-3.7566,1.2154,0.4072,1.2417,0.704,FOLLOW_ARC
142.66,0.3077,1.2914,0.2138,-3.7583,1.215,0.4072,1.2417,0.7024,FOLLOW_ARC
142.68,0.3095,1.2918,0.2078,-3.7601,1.2145,0.4072,1.2417,0.7009,FOLLOW_ARC
142.7,0.3113,1.2922,0.2018,-3.7618,1.2141,0.4159,1.2438,0.6993,FOLLOW_ARC
142.72,0.3131,1.2925,0.1958,-3.7636,1.2137,0.4159,1.2438,0.6978,FOLLOW_ARC
142.74,0.3149,1.2929,0.1898,-3.7654,1.2133,0.4159,1.2438,0.6962,FOLLOW_ARC
142.76,0.3168,1.2932,0.1838,-3.7671,1.2129,0.4159,1.2438,0.6946,FOLLOW_ARC
142.78,0.3186,1.2936,0.1778,-3.7689,1.2126,0.4159,1.2438,0.693,FOLLOW_ARC
142.8,0.3204,1.2939,0.1718,-3.7706,1.2122,0.4248,1.2456,0.6914,FOLLOW_ARC
142.82,0.3222,1.2942,0.1658,-3.7724,1.2119,0.4248,1.2456,0.6899,FOLLOW_ARC
142.84,0.3241,1.2945,0.1598,-3.7742,1.2115,0.4248,1.2456,0.6883,FOLLOW_ARC
142.86,0.3259,1.2948,0.1538,-3.7777,1.2109,0.4248,1.2456,0.6867,FOLLOW_ARC
142.88,0.3277,1.2951,0.1478,-3.7777,1.2109,0.4248,1.2456,0.6851,FOLLOW_ARC
142.9,0.3296,1.2953,0.1418,-3.7795,1.2106,0.4336,1.2471,0.6835,FOLLOW_ARC
142.92,0.3314,1.2956,0.1358,-3.7813,1.2103,0.4336,1.2471,0.6818,FOLLOW_ARC
142.94,0.3332,1.2958,0.1298,-3.7848,1.2097,0.4336,1.2471,0.6802,FOLLOW_ARC
142.96,0.3351,1.2961,0.1238,-3.7848,1.2097,0.4336,1.2471,0.6786,FOLLOW_ARC
142.98,0.3369,1.2963,0.1178,-3.7866,1.2095,0.4336,1.2471,0.677,FOLLOW_ARC
143.0,0.3388,1.2965,0.1118,-3.7884,1.2092,0.4425,1.2483,0.6753,FOLLOW_ARC
143.02,0.3406,1.2967,0.1058,-3.7902,1.209,0.4425,1.2483,0.6737,FOLLOW_ARC
143.04,0.3424,1.2969,0.0998,-3.792,1.2087,0.4425,1.2483,0.6721,FOLLOW_ARC
143.06,0.3443,1.2971,0.0938,-3.7937,1.2085,0.4425,1.2483,0.6704,FOLLOW_ARC
143.08,0.3461,1.2972,0.0878,-3.7955,1.2083,0.4425,1.2483,0.6688,FOLLOW_ARC
143.1,0.348,1.2974,0.0818,-3.7973,1.2081,0.4515,1.2493,0.6671,FOLLOW_ARC
143.12,0.3498,1.2975,0.0758,-3.7991,1.2079,0.4515,1.2493,0.6654,FOLLOW_ARC
143.14,0.3517,1.2977,0.0698,-3.8027,1.2076,0.4515,1.2493,0.6638,FOLLOW_ARC
143.16,0.3535,1.2978,0.0638,-3.8027,1.2076,0.4515,1.2493,0.6621,FOLLOW_ARC
143.18,0.3554,1.2979,0.0578,-3.8045,1.2074,0.4515,1.2493,0.6604,FOLLOW_ARC
143.2,0.3572,1.298,0.0518,-3.8081,1.2071,0.4605,1.25,0.6588,FOLLOW_ARC
143.22,0.3591,1.2981,0.0458,-3.8081,1.2071,0.4605,1.25,0.6571,FOLLOW_ARC
143.24,0.3609,1.2982,0.0398,-3.8099,1.207,0.4605,1.25,0.6554,FOLLOW_ARC
143.26,0.3628,1.2982,0.0338,-3.8135,1.2068,0.4605,1.25,0.6537,FOLLOW_ARC
143.28,0.3646,1.2983,0.0278,-3.8153,1.2067,0.4605,1.25,0.652,FOLLOW_ARC
143.3,0.3665,1.2983,0.0218,-3.8153,1.2067,0.4695,1.2505,0.6503,FOLLOW_ARC
143.32,0.3684,1.2984,0.0158,-3.8171,1.2066,0.4695,1.2505,0.6486,FOLLOW_ARC
143.34,0.3702,1.2984,0.0098,-3.8189,1.2066,0.4695,1.2505,0.6469,FOLLOW_ARC
143.36,0.3721,1.2984,0.0038,-3.8207,1.2065,0.4695,1.2505,0.6452,FOLLOW_ARC
143.38,0.3739,1.2984,-0.0022,-3.8225,1.2065,0.4695,1.2505,0.6435,FOLLOW_ARC
143.4,0.3758,1.2984,-0.0082,-3.8243,1.2064,0.4784,1.2507,0.6418,FOLLOW_ARC
143.42,0.3776,1.2984,-0.0142,-3.8279,1.2064,0.4784,1.2507,0.6401,FOLLOW_ARC
143.44,0.3795,1.2983,-0.0202,-3.8279,1.2064,0.4784,1.2507,0.6383,FOLLOW_ARC
143.46,0.3813,1.2983,-0.0262,-3.8297,1.2064,0.4784,1.2507,0.6366,FOLLOW_ARC
143.48,0.3832,1.2982,-0.0322,-3.8315,1.2064,0.4784,1.2507,0.6349,FOLLOW_ARC
143.5,0.385,1.2982,-0.0382,-3.8351,1.2064,0.4874,1.2506,0.6331,FOLLOW_ARC
143.52,0.3869,1.2981,-0.0442,-3.8351,1.2064,0.4874,1.2506,0.6314,FOLLOW_ARC
143.54,0.3887,1.298,-0.0502,-3.8369,1.2065,0.4874,1.2506,0.6297,FOLLOW_ARC
143.56,0.3906,1.2979,-0.0562,-3.8387,1.2065,0.4874,1.2506,0.6279,FOLLOW_ARC
143.58,0.3924,1.2978,-0.0622,-3.8405,1.2066,0.4874,1.2506,0.6262,FOLLOW_ARC
143.6,0.3943,1.2977,-0.0682,-3.8422,1.2066,0.4964,1.2502,0.6244,FOLLOW_ARC
143.62,0.3961,1.2975,-0.0742,-3.844,1.2067,0.4964,1.2502,0.6227,FOLLOW_ARC
143.64,0.398,1.2974,-0.0802,-3.8458,1.2068,0.4964,1.2502,0.6209,FOLLOW_ARC
143.66,0.3998,1.2972,-0.0862,-3.8494,1.207,0.4964,1.2502,0.6191,FOLLOW_ARC
143.68,0.4017,1.2971,-0.0922,-3.8512,1.2071,0.4964,1.2502,0.6174,FOLLOW_ARC
143.7,0.4035,1.2969,-0.0982,-3.8512,1.2071,0.5054,1.2496,0.6156,FOLLOW_ARC
143.72,0.4054,1.2967,-0.1042,-3.8548,1.2074,0.5054,1.2496,0.6138,FOLLOW_ARC
143.74,0.4072,1.2965,-0.1102,-3.8548,1.2074,0.5054,1.2496,0.612,FOLLOW_ARC
143.76,0.4091,1.2963,-0.1162,-3.8584,1.2078,0.5054,1.2496,0.6103,FOLLOW_ARC
143.78,0.4109,1.2961,-0.1222,-3.8584,1.2078,0.5054,1.2496,0.6085,FOLLOW_ARC
143.8,0.4127,1.2958,-0.1282,-3.8602,1.2079,0.5162,1.2484,0.6067,FOLLOW_ARC
143.82,0.4146,1.2956,-0.1342,-3.8638,1.2083,0.5162,1.2484,0.6049,FOLLOW_ARC
143.84,0.4164,1.2953,-0.1402,-3.8638,1.2083,0.5162,1.2484,0.6031,FOLLOW_ARC
143.86,0.4182,1.2951,-0.1462,-3.8656,1.2085,0.5162,1.2484,0.6013,FOLLOW_ARC
143.88,0.4201,1.2948,-0.1522,-3.8674,1.2088,0.5233,1.2475,0.5995,FOLLOW_ARC
143.898,0.4219,1.2945,-0.1582,-3.8691,1.209,0.5233,1.2475,0.5977,FOLLOW_ARC
143.92,0.4237,1.2942,-0.1642,-3.8727,1.2095,0.5233,1.2475,0.5959,FOLLOW_ARC
143.94,0.4256,1.2939,-0.1702,-3.8727,1.2095,0.5233,1.2475,0.5941,FOLLOW_ARC
143.96,0.4274,1.2936,-0.1762,-3.8763,1.21,0.5233,1.2475,0.5923,FOLLOW_ARC
143.98,0.4292,1.2932,-0.1822,-3.8763,1.21,0.5233,1.2475,0.5905,FOLLOW_ARC
144.0,0.431,1.2929,-0.1882,-3.878,1.2103,0.5322,1.246,0.5887,FOLLOW_ARC
144.02,0.4329,1.2925,-0.1942,-3.8798,1.2106,0.5322,1.246,0.5869,FOLLOW_ARC
144.04,0.4347,1.2922,-0.2002,-3.8834,1.2112,0.5322,1.246,0.5851,FOLLOW_ARC
144.06,0.4365,1.2918,-0.2062,-3.8834,1.2112,0.5322,1.246,0.5833,FOLLOW_ARC
144.08,0.4383,1.2914,-0.2122,-3.8851,1.2116,0.5322,1.246,0.5814,FOLLOW_ARC
144.1,0.4401,1.291,-0.2182,-3.8887,1.2122,0.541,1.2443,0.5796,FOLLOW_ARC
144.12,0.4419,1.2906,-0.2242,-3.8904,1.2126,0.541,1.2443,0.5778,FOLLOW_ARC
144.14,0.4437,1.2902,-0.2302,-3.8904,1.2126,0.541,1.2443,0.576,FOLLOW_ARC
144.16,0.4455,1.2898,-0.2362,-3.8922,1.213,0.541,1.2443,0.5741,FOLLOW_ARC
144.18,0.4473,1.2893,-0.2422,-3.8939,1.2134,0.541,1.2443,0.5723,FOLLOW_ARC
144.2,0.4491,1.2889,-0.2482,-3.8957,1.2137,0.5498,1.2424,0.5705,FOLLOW_ARC
144.22,0.4509,1.2884,-0.2542,-3.8992,1.2146,0.5498,1.2424,0.5686,FOLLOW_ARC
144.24,0.4527,1.2879,-0.2602,-3.8992,1.2146,0.5498,1.2424,0.5668,FOLLOW_ARC
144.26,0.4545,1.2875,-0.2662,-3.901,1.215,0.5498,1.2424,0.565,FOLLOW_ARC
144.28,0.4563,1.287,-0.2722,-3.9027,1.2154,0.5498,1.2424,0.5631,FOLLOW_ARC
144.3,0.4581,1.2865,-0.2782,-3.9045,1.2159,0.5585,1.2401,0.5613,FOLLOW_ARC
144.32,0.4599,1.2859,-0.2842,-3.9079,1.2168,0.5585,1.2401,0.5594,FOLLOW_ARC
144.34,0.4616,1.2854,-0.2902,-3.9079,1.2168,0.5585,1.2401,0.5576,FOLLOW_ARC
144.36,0.4634,1.2849,-0.2962,-3.9097,1.2173,0.5585,1.2401,0.5557,FOLLOW_ARC
144.38,0.4652,1.2843,-0.3022,-3.9131,1.2182,0.5585,1.2401,0.5539,FOLLOW_ARC
144.4,0.467,1.2838,-0.3082,-3.9131,1.2182,0.5689,1.2371,0.552,FOLLOW_ARC
144.42,0.4687,1.2832,-0.3142,-3.9149,1.2187,0.5689,1.2371,0.5502,FOLLOW_ARC
144.44,0.4705,1.2826,-0.3202,-3.9166,1.2193,0.5689,1.2371,0.5483,FOLLOW_ARC
144.46,0.4722,1.282,-0.3262,-3.9183,1.2198,0.5689,1.2371,0.5465,FOLLOW_ARC
144.48,0.474,1.2814,-0.3322,-3.92,1.2203,0.5689,1.2371,0.5446,FOLLOW_ARC
144.5,0.4757,1.2808,-0.3382,-3.9217,1.2209,0.5757,1.2349,0.5428,FOLLOW_ARC
144.52,0.4775,1.2802,-0.3442,-3.9252,1.222,0.5757,1.2349,0.5409,FOLLOW_ARC
144.54,0.4792,1.2796,-0.3502,-3.9252,1.222,0.5757,1.2349,0.5391,FOLLOW_ARC
144.56,0.481,1.2789,-0.3562,-3.9269,1.2226,0.5757,1.2349,0.5372,FOLLOW_ARC
144.58,0.4827,1.2783,-0.3622,-3.9286,1.2232,0.5757,1.2349,0.5354,FOLLOW_ARC
144.6,0.4844,1.2776,-0.3682,-3.9303,1.2238,0.5842,1.2319,0.5335,FOLLOW_ARC
144.62,0.4862,1.2769,-0.3742,-3.932,1.2244,0.5842,1.2319,0.5316,FOLLOW_ARC
144.64,0.4879,1.2763,-0.3802,-3.9336,1.225,0.5842,1.2319,0.5298,FOLLOW_ARC
144.66,0.4896,1.2756,-0.3862,-3.937,1.2263,0.5842,1.2319,0.5279,FOLLOW_ARC
144.68,0.4913,1.2749,-0.3922,-3.937,1.2263,0.5842,1.2319,0.5261,FOLLOW_ARC
144.702,0.493,1.2741,-0.3982,-3.9404,1.2276,0.5926,1.2286,0.5242,FOLLOW_ARC
144.72,0.4947,1.2734,-0.4042,-3.9404,1.2276,0.5926,1.2286,0.5223,FOLLOW_ARC
144.74,0.4964,1.2727,-0.4102,-3.942,1.2282,0.5926,1.2286,0.5205,FOLLOW_ARC
144.76,0.4981,1.2719,-0.4162,-3.9437,1.2289,0.5926,1.2286,0.5186,FOLLOW_ARC
144.78,0.4998,1.2712,-0.4222,-3.9454,1.2296,0.5926,1.2286,0.5167,FOLLOW_ARC
144.8,0.5015,1.2704,-0.4282,-3.947,1.2303,0.6025,1.2244,0.5149,FOLLOW_ARC
144.82,0.5032,1.2696,-0.4342,-3.9487,1.231,0.6025,1.2244,0.513,FOLLOW_ARC
144.84,0.5049,1.2689,-0.4402,-3.9503,1.2317,0.6025,1.2244,0.5111,FOLLOW_ARC
144.86,0.5066,1.2681,-0.4462,-3.952,1.2325,0.6025,1.2244,0.5093,FOLLOW_ARC
144.88,0.5082,1.2673,-0.4522,-3.9536,1.2332,0.6025,1.2244,0.5074,FOLLOW_ARC
144.9,0.5099,1.2664,-0.4582,-3.9569,1.2347,0.6091,1.2214,0.5056,FOLLOW_ARC
144.92,0.5115,1.2656,-0.4642,-3.9569,1.2347,0.6091,1.2214,0.5037,FOLLOW_ARC
144.94,0.5132,1.2648,-0.4702,-3.9585,1.2355,0.6091,1.2214,0.5018,FOLLOW_ARC
144.96,0.5148,1.2639,-0.4762,-3.9601,1.2363,0.6091,1.2214,0.5,FOLLOW_ARC
144.98,0.5165,1.2631,-0.4822,-3.9618,1.237,0.6091,1.2214,0.4981,FOLLOW_ARC
145.0,0.5181,1.2622,-0.4882,-3.9634,1.2378,0.6171,1.2174,0.4962,FOLLOW_ARC
145.02,0.5198,1.2613,-0.4942,-3.965,1.2387,0.6171,1.2174,0.4944,FOLLOW_ARC
145.04,0.5214,1.2604,-0.5002,-3.9682,1.2403,0.6171,1.2174,0.4925,FOLLOW_ARC
145.06,0.523,1.2596,-0.5062,-3.9682,1.2403,0.6171,1.2174,0.4907,FOLLOW_ARC
145.08,0.5246,1.2586,-0.5122,-3.9698,1.2411,0.6251,1.2131,0.4888,FOLLOW_ARC
145.1,0.5262,1.2577,-0.5182,-3.9714,1.242,0.6251,1.2131,0.487,FOLLOW_ARC
145.12,0.5279,1.2568,-0.5242,-3.9729,1.2428,0.6251,1.2131,0.4851,FOLLOW_ARC
145.14,0.5295,1.2559,-0.5302,-3.9745,1.2437,0.6251,1.2131,0.4832,FOLLOW_ARC
145.16,0.5311,1.2549,-0.5362,-3.9761,1.2446,0.6251,1.2131,0.4814,FOLLOW_ARC
145.18,0.5326,1.254,-0.5422,-3.9777,1.2455,0.6251,1.2131,0.4795,FOLLOW_ARC
145.2,0.5342,1.253,-0.5482,-3.9792,1.2463,0.6329,1.2086,0.4777,FOLLOW_ARC
145.22,0.5358,1.252,-0.5542,-3.9823,1.2482,0.6329,1.2086,0.4758,FOLLOW_ARC
145.24,0.5374,1.2511,-0.5602,-3.9823,1.2482,0.6329,1.2086,0.474,FOLLOW_ARC
145.26,0.5389,1.2501,-0.5662,-3.9839,1.2491,0.6329,1.2086,0.4721,FOLLOW_ARC
145.28,0.5405,1.2491,-0.5722,-3.9854,1.25,0.6329,1.2086,0.4703,FOLLOW_ARC
145.3,0.5421,1.2481,-0.5782,-3.987,1.251,0.6405,1.2039,0.4684,FOLLOW_ARC
145.32,0.5436,1.247,-0.5842,-3.9885,1.2519,0.6405,1.2039,0.4666,FOLLOW_ARC
145.34,0.5452,1.246,-0.5902,-3.99,1.2529,0.6405,1.2039,0.4648,FOLLOW_ARC
145.36,0.5467,1.245,-0.5962,-3.9915,1.2538,0.6405,1.2039,0.4629,FOLLOW_ARC
145.38,0.5482,1.2439,-0.6022,-3.993,1.2548,0.6405,1.2039,0.4611,FOLLOW_ARC
145.4,0.5497,1.2429,-0.6082,-3.9946,1.2558,0.6496,1.198,0.4593,FOLLOW_ARC
145.42,0.5513,1.2418,-0.6142,-3.9961,1.2568,0.6496,1.198,0.4574,FOLLOW_ARC
145.44,0.5528,1.2407,-0.6202,-3.9975,1.2578,0.6496,1.198,0.4556,FOLLOW_ARC
145.46,0.5543,1.2397,-0.6262,-3.999,1.2588,0.6496,1.198,0.4538,FOLLOW_ARC
145.48,0.5558,1.2386,-0.6322,-4.0005,1.2598,0.6496,1.198,0.4519,FOLLOW_ARC
145.5,0.5573,1.2375,-0.6382,-4.002,1.2608,0.6569,1.1928,0.4501,FOLLOW_ARC
145.52,0.5588,1.2364,-0.6442,-4.0035,1.2619,0.6569,1.1928,0.4483,FOLLOW_ARC
145.54,0.5602,1.2352,-0.6502,-4.0049,1.2629,0.6569,1.1928,0.4465,FOLLOW_ARC
145.56,0.5617,1.2341,-0.6562,-4.0064,1.264,0.6569,1.1928,0.4447,FOLLOW_ARC
145.58,0.5632,1.233,-0.6622,-4.0093,1.2661,0.6569,1.1928,0.4429,FOLLOW_ARC
145.6,0.5646,1.2318,-0.6682,-4.0093,1.2661,0.6627,1.1885,0.441,FOLLOW_ARC
145.62,0.5661,1.2307,-0.6742,-4.0107,1.2672,0.6627,1.1885,0.4392,FOLLOW_ARC
145.64,0.5675,1.2295,-0.6802,-4.0122,1.2683,0.6627,1.1885,0.4374,FOLLOW_ARC
145.66,0.569,1.2283,-0.6862,-4.015,1.2705,0.6627,1.1885,0.4356,FOLLOW_ARC
145.682,0.5704,1.2272,-0.6922,-4.0164,1.2716,0.6697,1.1829,0.4338,FOLLOW_ARC
145.7,0.5718,1.226,-0.6982,-4.0164,1.2716,0.6697,1.1829,0.432,FOLLOW_ARC
145.72,0.5732,1.2248,-0.7042,-4.0178,1.2728,0.6697,1.1829,0.4303,FOLLOW_ARC
145.74,0.5746,1.2236,-0.7102,-4.0192,1.2739,0.6697,1.1829,0.4285,FOLLOW_ARC
145.76,0.576,1.2224,-0.7162,-4.0206,1.275,0.6697,1.1829,0.4267,FOLLOW_ARC
145.78,0.5774,1.2211,-0.7222,-4.022,1.2762,0.6697,1.1829,0.4249,FOLLOW_ARC
145.8,0.5788,1.2199,-0.7282,-4.0234,1.2773,0.6766,1.1771,0.4231,FOLLOW_ARC
145.82,0.5802,1.2187,-0.7342,-4.0247,1.2785,0.6766,1.1771,0.4214,FOLLOW_ARC
145.84,0.5816,1.2174,-0.7402,-4.0261,1.2797,0.6766,1.1771,0.4196,FOLLOW_ARC
145.86,0.5829,1.2162,-0.7462,-4.0275,1.2809,0.6766,1.1771,0.4178,FOLLOW_ARC
145.88,0.5843,1.2149,-0.7522,-4.0288,1.2821,0.6766,1.1771,0.4161,FOLLOW_ARC
145.9,0.5856,1.2136,-0.7582,-4.0315,1.2845,0.6833,1.1711,0.4143,FOLLOW_ARC
145.92,0.587,1.2123,-0.7642,-4.0315,1.2845,0.6833,1.1711,0.4126,FOLLOW_ARC
145.94,0.5883,1.2111,-0.7702,-4.0341,1.2869,0.6833,1.1711,0.4108,FOLLOW_ARC
145.96,0.5896,1.2098,-0.7762,-4.0341,1.2869,0.6833,1.1711,0.4091,FOLLOW_ARC
145.98,0.591,1.2085,-0.7822,-4.0354,1.2881,0.6833,1.1711,0.4073,FOLLOW_ARC
146.0,0.5923,1.2071,-0.7882,-4.0367,1.2894,0.6898,1.1649,0.4056,FOLLOW_ARC
146.02,0.5936,1.2058,-0.7942,-4.038,1.2906,0.6898,1.1649,0.4039,FOLLOW_ARC
146.04,0.5949,1.2045,-0.8002,-4.0406,1.2931,0.6898,1.1649,0.4022,FOLLOW_ARC
146.06,0.5962,1.2032,-0.8062,-4.0406,1.2931,0.6898,1.1649,0.4004,FOLLOW_ARC
146.08,0.5974,1.2018,-0.8122,-4.0419,1.2944,0.6898,1.1649,0.3987,FOLLOW_ARC
146.1,0.5987,1.2005,-0.8182,-4.0432,1.2957,0.6961,1.1585,0.397,FOLLOW_ARC
146.12,0.6,1.1991,-0.8242,-4.0444,1.297,0.6961,1.1585,0.3953,FOLLOW_ARC
146.14,0.6012,1.1978,-0.8302,-4.0469,1.2996,0.6961,1.1585,0.3936,FOLLOW_ARC
146.16,0.6025,1.1964,-0.8362,-4.0469,1.2996,0.6961,1.1585,0.3919,FOLLOW_ARC
146.18,0.6037,1.195,-0.8422,-4.0494,1.3022,0.6961,1.1585,0.3902,FOLLOW_ARC
146.2,0.6049,1.1936,-0.8482,-4.0506,1.3035,0.7023,1.1519,0.3886,FOLLOW_ARC
146.22,0.6061,1.1922,-0.8542,-4.0506,1.3035,0.7023,1.1519,0.3869,FOLLOW_ARC
146.24,0.6074,1.1908,-0.8602,-4.0518,1.3048,0.7023,1.1519,0.3852,FOLLOW_ARC
146.26,0.6086,1.1894,-0.8662,-4.053,1.3062,0.7023,1.1519,0.3836,FOLLOW_ARC
146.28,0.6098,1.188,-0.8722,-4.0542,1.3075,0.7023,1.1519,0.3819,FOLLOW_ARC
146.3,0.6109,1.1866,-0.8782,-4.0554,1.3089,0.7082,1.1451,0.3802,FOLLOW_ARC
146.32,0.6121,1.1851,-0.8842,-4.0566,1.3102,0.7082,1.1451,0.3786,FOLLOW_ARC
146.34,0.6133,1.1837,-0.8902,-4.0578,1.3116,0.7082,1.1451,0.377,FOLLOW_ARC
146.36,0.6145,1.1822,-0.8962,-4.0601,1.3143,0.7082,1.1451,0.3753,FOLLOW_ARC
146.38,0.6156,1.1808,-0.9022,-4.0601,1.3143,0.7082,1.1451,0.3737,FOLLOW_ARC
146.4,0.6168,1.1793,-0.9082,-4.0612,1.3157,0.7139,1.1382,0.3721,FOLLOW_ARC
146.42,0.6179,1.1779,-0.9142,-4.0624,1.3171,0.7139,1.1382,0.3705,FOLLOW_ARC
146.44,0.619,1.1764,-0.9202,-4.0635,1.3185,0.7139,1.1382,0.3689,FOLLOW_ARC
146.46,0.6201,1.1749,-0.9262,-4.0646,1.3199,0.7139,1.1382,0.3673,FOLLOW_ARC
146.48,0.6212,1.1734,-0.9322,-4.0657,1.3213,0.7139,1.1382,0.3657,FOLLOW_ARC
146.5,0.6223,1.1719,-0.9382,-4.0669,1.3228,0.7195,1.1311,0.3641,FOLLOW_ARC
146.52,0.6234,1.1704,-0.9442,-4.0679,1.3242,0.7195,1.1311,0.3625,FOLLOW_ARC
146.54,0.6245,1.1689,-0.9502,-4.069,1.3256,0.7195,1.1311,0.361,FOLLOW_ARC
146.56,0.6256,1.1674,-0.9562,-4.0712,1.3285,0.7195,1.1311,0.3594,FOLLOW_ARC
146.58,0.6267,1.1659,-0.9622,-4.0723,1.33,0.7195,1.1311,0.3578,FOLLOW_ARC
146.6,0.6277,1.1644,-0.9682,-4.0723,1.33,0.7248,1.1238,0.3563,FOLLOW_ARC
146.62,0.6288,1.1629,-0.9742,-4.0733,1.3314,0.7248,1.1238,0.3548,FOLLOW_ARC
146.64,0.6298,1.1613,-0.9802,-4.0744,1.3329,0.7248,1.1238,0.3532,FOLLOW_ARC
146.66,0.6308,1.1598,-0.9862,-4.0754,1.3344,0.7248,1.1238,0.3517,FOLLOW_ARC
146.68,0.6318,1.1582,-0.9922,-4.0774,1.3373,0.7248,1.1238,0.3502,FOLLOW_ARC
146.7,0.6328,1.1567,-0.9982,-4.0774,1.3373,0.7299,1.1164,0.3487,FOLLOW_ARC
146.72,0.6338,1.1551,-1.0042,-4.0784,1.3388,0.7299,1.1164,0.3472,FOLLOW_ARC
146.74,0.6348,1.1535,-1.0102,-4.0794,1.3403,0.7299,1.1164,0.3457,FOLLOW_ARC
146.76,0.6358,1.152,-1.0162,-4.0804,1.3418,0.7299,1.1164,0.3442,FOLLOW_ARC
146.78,0.6368,1.1504,-1.0222,-4.0824,1.3448,0.7299,1.1164,0.3427,FOLLOW_ARC
146.8,0.6377,1.1488,-1.0282,-4.0824,1.3448,0.7347,1.1088,0.3413,FOLLOW_ARC
146.82,0.6387,1.1472,-1.0342,-4.0843,1.3479,0.7347,1.1088,0.3398,FOLLOW_ARC
146.84,0.6396,1.1456,-1.0402,-4.0843,1.3479,0.7347,1.1088,0.3384,FOLLOW_ARC
146.86,0.6406,1.144,-1.0462,-4.0853,1.3494,0.7347,1.1088,0.3369,FOLLOW_ARC
146.88,0.6415,1.1424,-1.0522,-4.0862,1.3509,0.7347,1.1088,0.3355,FOLLOW_ARC
146.9,0.6424,1.1408,-1.0582,-4.0871,1.3525,0.7402,1.0995,0.3341,FOLLOW_ARC
146.92,0.6433,1.1392,-1.0642,-4.088,1.354,0.7402,1.0995,0.3327,FOLLOW_ARC
146.942,0.6442,1.1375,-1.0702,-4.0899,1.3571,0.7402,1.0995,0.3313,FOLLOW_ARC
146.96,0.6451,1.1359,-1.0762,-4.0899,1.3571,0.7402,1.0995,0.3299,FOLLOW_ARC
146.98,0.646,1.1343,-1.0822,-4.0907,1.3587,0.7402,1.0995,0.3285,FOLLOW_ARC
147.0,0.6468,1.1326,-1.0882,-4.0916,1.3603,0.7437,1.0932,0.3272,FOLLOW_ARC
147.02,0.6477,1.131,-1.0942,-4.0925,1.3619,0.7437,1.0932,0.3258,FOLLOW_ARC
147.04,0.6485,1.1293,-1.1002,-4.0934,1.3634,0.7437,1.0932,0.3244,FOLLOW_ARC
147.06,0.6494,1.1277,-1.1062,-4.0942,1.365,0.7437,1.0932,0.3231,FOLLOW_ARC
147.08,0.6502,1.126,-1.1122,-4.0951,1.3666,0.7437,1.0932,0.3218,FOLLOW_ARC
147.1,0.651,1.1244,-1.1182,-4.0959,1.3682,0.7479,1.0852,0.3205,FOLLOW_ARC
147.12,0.6518,1.1227,-1.1242,-4.0975,1.3714,0.7479,1.0852,0.3191,FOLLOW_ARC
147.14,0.6526,1.121,-1.1302,-4.0975,1.3714,0.7479,1.0852,0.3179,FOLLOW_ARC
147.16,0.6534,1.1193,-1.1362,-4.0983,1.373,0.7479,1.0852,0.3166,FOLLOW_ARC
147.18,0.6542,1.1177,-1.1422,-4.0991,1.3746,0.7479,1.0852,0.3153,FOLLOW_ARC
147.2,0.6549,1.116,-1.1482,-4.0999,1.3763,0.7518,1.0771,0.314,FOLLOW_ARC
147.22,0.6557,1.1143,-1.1542,-4.1007,1.3779,0.7518,1.0771,0.3128,FOLLOW_ARC
147.242,0.6564,1.1126,-1.1602,-4.1022,1.3811,0.7518,1.0771,0.3115,FOLLOW_ARC
147.26,0.6571,1.1109,-1.1662,-4.1022,1.3811,0.7518,1.0771,0.3103,FOLLOW_ARC
147.28,0.6579,1.1092,-1.1722,-4.1037,1.3844,0.7518,1.0771,0.3091,FOLLOW_ARC
147.3,0.6586,1.1075,-1.1782,-4.1037,1.3844,0.7555,1.0689,0.3079,FOLLOW_ARC
147.32,0.6593,1.1057,-1.1842,-4.1044,1.3861,0.7555,1.0689,0.3067,FOLLOW_ARC
147.34,0.66,1.104,-1.1902,-4.1051,1.3877,0.7555,1.0689,0.3055,FOLLOW_ARC
147.36,0.6607,1.1023,-1.1962,-4.1058,1.3894,0.7555,1.0689,0.3043,FOLLOW_ARC
147.38,0.6613,1.1006,-1.2022,-4.1065,1.391,0.7555,1.0689,0.3031,FOLLOW_ARC
147.4,0.662,1.0988,-1.2082,-4.1072,1.3927,0.7589,1.0606,0.302,FOLLOW_ARC
147.42,0.6626,1.0971,-1.2142,-4.1079,1.3944,0.7589,1.0606,0.3009,FOLLOW_ARC
147.44,0.6633,1.0954,-1.2202,-4.1086,1.396,0.7589,1.0606,0.2997,FOLLOW_ARC
147.46,0.6639,1.0936,-1.2262,-4.1092,1.3977,0.7589,1.0606,0.2986,FOLLOW_ARC
147.48,0.6645,1.0919,-1.2322,-4.1105,1.4011,0.7589,1.0606,0.2975,FOLLOW_ARC
147.5,0.6651,1.0901,-1.2382,-4.1105,1.4011,0.7621,1.0522,0.2964,FOLLOW_ARC
147.52,0.6657,1.0884,-1.2442,-4.1118,1.4045,0.7621,1.0522,0.2954,FOLLOW_ARC
147.54,0.6663,1.0866,-1.2502,-4.1118,1.4045,0.7621,1.0522,0.2943,FOLLOW_ARC
147.56,0.6669,1.0848,-1.2562,-4.1124,1.4061,0.7621,1.0522,0.2932,FOLLOW_ARC
147.58,0.6675,1.0831,-1.2622,-4.113,1.4078,0.7621,1.0522,0.2922,FOLLOW_ARC
147.6,0.668,1.0813,-1.2682,-4.1135,1.4095,0.7656,1.042,0.2912,FOLLOW_ARC
147.62,0.6686,1.0795,-1.2742,-4.1141,1.4113,0.7656,1.042,0.2902,FOLLOW_ARC
147.64,0.6691,1.0778,-1.2802,-4.1147,1.413,0.7656,1.042,0.2892,FOLLOW_ARC
147.66,0.6696,1.076,-1.2862,-4.1152,1.4147,0.7656,1.042,0.2882,FOLLOW_ARC
147.68,0.6702,1.0742,-1.2922,-4.1158,1.4164,0.7656,1.042,0.2872,FOLLOW_ARC
147.7,0.6707,1.0724,-1.2982,-4.1168,1.4198,0.7677,1.0351,0.2863,FOLLOW_ARC
147.72,0.6712,1.0706,-1.3042,-4.1168,1.4198,0.7677,1.0351,0.2853,FOLLOW_ARC
147.74,0.6716,1.0688,-1.3102,-4.1174,1.4216,0.7677,1.0351,0.2844,FOLLOW_ARC
147.76,0.6721,1.067,-1.3162,-4.1179,1.4233,0.7677,1.0351,0.2835,FOLLOW_ARC
147.78,0.6726,1.0653,-1.3222,-4.1184,1.425,0.7677,1.0351,0.2826,FOLLOW_ARC
147.8,0.673,1.0635,-1.3282,-4.1188,1.4267,0.7701,1.0264,0.2817,FOLLOW_ARC
147.82,0.6735,1.0617,-1.3342,-4.1198,1.4302,0.7701,1.0264,0.2808,FOLLOW_ARC
147.84,0.6739,1.0599,-1.3402,-4.1198,1.4302,0.7701,1.0264,0.2799,FOLLOW_ARC
147.86,0.6743,1.058,-1.3462,-4.1207,1.4337,0.7701,1.0264,0.2791,FOLLOW_ARC
147.88,0.6747,1.0562,-1.3522,-4.1207,1.4337,0.7701,1.0264,0.2783,FOLLOW_ARC
147.9,0.6751,1.0544,-1.3582,-4.1211,1.4355,0.7722,1.0177,0.2774,FOLLOW_ARC
147.92,0.6755,1.0526,-1.3642,-4.1215,1.4372,0.7722,1.0177,0.2766,FOLLOW_ARC
147.94,0.6759,1.0508,-1.3702,-4.1219,1.439,0.7722,1.0177,0.2758,FOLLOW_ARC
147.96,0.6762,1.049,-1.3762,-4.1227,1.4425,0.7722,1.0177,0.2751,FOLLOW_ARC
147.98,0.6766,1.0472,-1.3822,-4.1227,1.4425,0.7722,1.0177,0.2743,FOLLOW_ARC
148.0,0.6769,1.0453,-1.3882,-4.1231,1.4442,0.7741,1.0089,0.2736,FOLLOW_ARC
148.02,0.6772,1.0435,-1.3942,-4.1235,1.446,0.7741,1.0089,0.2728,FOLLOW_ARC
148.04,0.6776,1.0417,-1.4002,-4.1238,1.4478,0.7741,1.0089,0.2721,FOLLOW_ARC
148.06,0.6779,1.0399,-1.4062,-4.1242,1.4495,0.7741,1.0089,0.2714,FOLLOW_ARC
148.08,0.6782,1.038,-1.4122,-4.1245,1.4513,0.7741,1.0089,0.2707,FOLLOW_ARC
148.1,0.6785,1.0362,-1.4182,-4.1248,1.4531,0.7757,1.0,0.2701,FOLLOW_ARC
148.12,0.6787,1.0344,-1.4242,-4.1251,1.4548,0.7757,1.0,0.2694,FOLLOW_ARC
148.14,0.679,1.0325,-1.4302,-4.1254,1.4566,0.7757,1.0,0.2688,FOLLOW_ARC
148.16,0.6792,1.0307,-1.4362,-4.1257,1.4584,0.7757,1.0,0.2682,FOLLOW_ARC
148.18,0.6795,1.0289,-1.4422,-4.126,1.4602,0.7757,1.0,0.2675,FOLLOW_ARC
148.2,0.6797,1.027,-1.4482,-4.1263,1.4619,0.777,0.9911,0.267,FOLLOW_ARC
148.22,0.6799,1.0252,-1.4542,-4.1266,1.4637,0.777,0.9911,0.2664,FOLLOW_ARC
148.24,0.6802,1.0233,-1.4602,-4.1268,1.4655,0.777,0.9911,0.2658,FOLLOW_ARC
148.26,0.6803,1.0215,-1.4662,-4.1273,1.4691,0.777,0.9911,0.2653,FOLLOW_ARC
148.28,0.6805,1.0196,-1.4722,-4.1273,1.4691,0.777,0.9911,0.2647,FOLLOW_ARC
148.3,0.6807,1.0178,-1.4782,-4.1275,1.4709,0.7783,0.9804,0.2642,FOLLOW_ARC
148.32,0.6809,1.016,-1.4842,-4.1277,1.4727,0.7783,0.9804,0.2637,FOLLOW_ARC
148.34,0.681,1.0141,-1.4902,-4.1279,1.4744,0.7783,0.9804,0.2632,FOLLOW_ARC
148.36,0.6812,1.0123,-1.4962,-4.1283,1.478,0.7783,0.9804,0.2628,FOLLOW_ARC
148.38,0.6813,1.0104,-1.5022,-4.1283,1.478,0.7783,0.9804,0.2623,FOLLOW_ARC
148.4,0.6814,1.0086,-1.5082,-4.1284,1.4798,0.7789,0.9732,0.2619,FOLLOW_ARC
148.42,0.6815,1.0067,-1.5142,-4.1287,1.4834,0.7789,0.9732,0.2615,FOLLOW_ARC
148.44,0.6816,1.0049,-1.5202,-4.1287,1.4834,0.7789,0.9732,0.2611,FOLLOW_ARC
148.46,0.6817,1.003,-1.5262,-4.1289,1.4852,0.7789,0.9732,0.2607,FOLLOW_ARC
148.48,0.6818,1.0011,-1.5322,-4.1291,1.4888,0.7789,0.9732,0.2603,FOLLOW_ARC
148.5,0.6819,0.9993,-1.5382,-4.1291,1.4888,0.7795,0.9642,0.26,FOLLOW_ARC
148.52,0.6819,0.9974,-1.5442,-4.1292,1.4906,0.7795,0.9642,0.2596,FOLLOW_ARC
148.54,0.682,0.9956,-1.5502,-4.1294,1.4942,0.7795,0.9642,0.2593,FOLLOW_ARC
148.56,0.682,0.9937,-1.5562,-4.1294,1.4942,0.7795,0.9642,0.259,FOLLOW_ARC
148.58,0.682,0.9919,-1.5622,-4.1295,1.4978,0.7795,0.9642,0.2587,FOLLOW_ARC
148.6,0.682,0.99,-1.5682,-4.1295,1.4996,0.7798,0.9552,0.2585,FOLLOW_ARC
148.62,0.682,0.9882,-1.5742,-4.1295,1.4996,0.7798,0.9552,0.2582,FOLLOW_ARC
148.64,0.682,0.9863,-1.5802,-4.1296,1.5014,0.7798,0.9552,0.258,FOLLOW_ARC
148.66,0.682,0.9845,-1.5862,-4.1296,1.5032,0.7798,0.9552,0.2577,FOLLOW_ARC
148.68,0.6819,0.9826,-1.5922,-4.1296,1.505,0.7798,0.9552,0.2575,FOLLOW_ARC
148.7,0.6819,0.9808,-1.5982,-4.1296,1.5086,0.7798,0.9462,0.2574,FOLLOW_ARC
148.72,0.6818,0.9789,-1.6042,-4.1296,1.5086,0.7798,0.9462,0.2572,FOLLOW_ARC
148.74,0.6818,0.9771,-1.6102,-4.1295,1.5122,0.7798,0.9462,0.257,FOLLOW_ARC
148.76,0.6817,0.9752,-1.6162,-4.1295,1.5122,0.7798,0.9462,0.2569,FOLLOW_ARC
148.78,0.6816,0.9734,-1.6222,-4.1295,1.514,0.7798,0.9462,0.2568,FOLLOW_ARC
148.8,0.6815,0.9715,-1.6282,-4.1295,1.5158,0.7795,0.9372,0.2567,FOLLOW_ARC
148.82,0.6814,0.9697,-1.6342,-4.1294,1.5176,0.7795,0.9372,0.2566,FOLLOW_ARC
148.84,0.6813,0.9678,-1.6402,-4.1293,1.5194,0.7795,0.9372,0.2565,FOLLOW_ARC
148.86,0.6811,0.966,-1.6462,-4.1292,1.5212,0.7795,0.9372,0.2565,FOLLOW_ARC
148.88,0.681,0.9641,-1.6522,-4.129,1.5248,0.7795,0.9372,0.2564,FOLLOW_ARC
148.9,0.6808,0.9623,-1.6582,-4.1289,1.5266,0.779,0.9282,0.2564,FOLLOW_ARC
148.92,0.6807,0.9604,-1.6642,-4.1289,1.5266,0.779,0.9282,0.2564,FOLLOW_ARC
148.94,0.6805,0.9586,-1.6702,-4.1288,1.5284,0.779,0.9282,0.2564,FOLLOW_ARC
148.96,0.6803,0.9567,-1.6762,-4.1287,1.5302,0.779,0.9282,0.2565,FOLLOW_ARC
148.98,0.6801,0.9549,-1.6822,-4.1285,1.532,0.779,0.9282,0.2565,FOLLOW_ARC
149.0,0.6799,0.953,-1.6882,-4.1283,1.5337,0.7782,0.9193,0.2566,FOLLOW_ARC
149.02,0.6796,0.9512,-1.6942,-4.1282,1.5355,0.7782,0.9193,0.2567,FOLLOW_ARC
149.04,0.6794,0.9494,-1.7002,-4.128,1.5373,0.7782,0.9193,0.2568,FOLLOW_ARC
149.06,0.6792,0.9475,-1.7062,-4.1276,1.5409,0.7782,0.9193,0.2569,FOLLOW_ARC
149.08,0.6789,0.9457,-1.7122,-4.1276,1.5409,0.7782,0.9193,0.257,FOLLOW_ARC
149.1,0.6786,0.9438,-1.7182,-4.1274,1.5427,0.7771,0.9103,0.2571,FOLLOW_ARC
149.12,0.6784,0.942,-1.7242,-4.1272,1.5445,0.7771,0.9103,0.2573,FOLLOW_ARC
149.14,0.6781,0.9402,-1.7302,-4.1267,1.548,0.7771,0.9103,0.2575,FOLLOW_ARC
149.16,0.6778,0.9384,-1.7362,-4.1267,1.548,0.7771,0.9103,0.2577,FOLLOW_ARC
149.18,0.6775,0.9365,-1.7422,-4.1264,1.5498,0.7771,0.9103,0.2579,FOLLOW_ARC
149.2,0.6771,0.9347,-1.7482,-4.1262,1.5516,0.7754,0.8997,0.2581,FOLLOW_ARC
149.22,0.6768,0.9329,-1.7542,-4.1259,1.5534,0.7754,0.8997,0.2584,FOLLOW_ARC
149.24,0.6765,0.9311,-1.7602,-4.1256,1.5552,0.7754,0.8997,0.2587,FOLLOW_ARC
149.26,0.6761,0.9292,-1.7662,-4.1253,1.5569,0.7754,0.8997,0.2589,FOLLOW_ARC
149.28,0.6757,0.9274,-1.7722,-4.125,1.5587,0.7741,0.8926,0.2592,FOLLOW_ARC
149.3,0.6754,0.9256,-1.7782,-4.1247,1.5605,0.7741,0.8926,0.2596,FOLLOW_ARC
149.32,0.675,0.9238,-1.7842,-4.1243,1.5623,0.7741,0.8926,0.2599,FOLLOW_ARC
149.34,0.6746,0.922,-1.7902,-4.124,1.564,0.7741,0.8926,0.2602,FOLLOW_ARC
149.36,0.6742,0.9202,-1.7962,-4.1233,1.5676,0.7741,0.8926,0.2606,FOLLOW_ARC
149.38,0.6737,0.9184,-1.8022,-4.1233,1.5676,0.7723,0.8838,0.261,FOLLOW_ARC
149.4,0.6733,0.9166,-1.8082,-4.1229,1.5693,0.7723,0.8838,0.2614,FOLLOW_ARC
149.42,0.6729,0.9148,-1.8142,-4.1225,1.5711,0.7723,0.8838,0.2618,FOLLOW_ARC
149.44,0.6724,0.913,-1.8202,-4.1221,1.5728,0.7723,0.8838,0.2622,FOLLOW_ARC
149.46,0.6719,0.9112,-1.8262,-4.1213,1.5763,0.7723,0.8838,0.2627,FOLLOW_ARC
149.48,0.6715,0.9094,-1.8322,-4.1213,1.5763,0.7723,0.8838,0.2631,FOLLOW_ARC
149.5,0.671,0.9076,-1.8382,-4.1205,1.5798,0.7701,0.875,0.2636,FOLLOW_ARC
149.52,0.6705,0.9058,-1.8442,-4.1205,1.5798,0.7701,0.875,0.2641,FOLLOW_ARC
149.54,0.67,0.904,-1.8502,-4.12,1.5816,0.7701,0.875,0.2646,FOLLOW_ARC
149.56,0.6695,0.9022,-1.8562,-4.1196,1.5833,0.7701,0.875,0.2651,FOLLOW_ARC
149.58,0.6689,0.9005,-1.8622,-4.1191,1.5851,0.7701,0.875,0.2657,FOLLOW_ARC
149.6,0.6684,0.8987,-1.8682,-4.1186,1.5868,0.7677,0.8664,0.2662,FOLLOW_ARC
149.622,0.6678,0.8969,-1.8742,-4.1181,1.5885,0.7677,0.8664,0.2668,FOLLOW_ARC
149.64,0.6673,0.8952,-1.8802,-4.1176,1.5902,0.7677,0.8664,0.2674,FOLLOW_ARC
149.66,0.6667,0.8934,-1.8862,-4.1171,1.592,0.7677,0.8664,0.268,FOLLOW_ARC
149.68,0.6661,0.8916,-1.8922,-4.1161,1.5954,0.7677,0.8664,0.2686,FOLLOW_ARC
149.7,0.6655,0.8899,-1.8982,-4.1161,1.5954,0.7645,0.8561,0.2693,FOLLOW_ARC
149.72,0.6649,0.8881,-1.9042,-4.1155,1.5971,0.7645,0.8561,0.2699,FOLLOW_ARC
149.74,0.6643,0.8864,-1.9102,-4.115,1.5989,0.7645,0.8561,0.2706,FOLLOW_ARC
149.76,0.6637,0.8846,-1.9162,-4.1144,1.6006,0.7645,0.8561,0.2712,FOLLOW_ARC
149.78,0.6631,0.8829,-1.9222,-4.1139,1.6023,0.7622,0.8493,0.2719,FOLLOW_ARC
149.8,0.6624,0.8811,-1.9282,-4.1127,1.6057,0.7622,0.8493,0.2727,FOLLOW_ARC
149.82,0.6618,0.8794,-1.9342,-4.1121,1.6074,0.7622,0.8493,0.2734,FOLLOW_ARC
149.84,0.6611,0.8777,-1.9402,-4.1121,1.6074,0.7622,0.8493,0.2741,FOLLOW_ARC
149.86,0.6604,0.876,-1.9462,-4.1115,1.6091,0.7622,0.8493,0.2749,FOLLOW_ARC
149.88,0.6597,0.8742,-1.9522,-4.1109,1.6108,0.7622,0.8493,0.2756,FOLLOW_ARC
149.9,0.659,0.8725,-1.9582,-4.1102,1.6124,0.759,0.8408,0.2764,FOLLOW_ARC
149.92,0.6583,0.8708,-1.9642,-4.1096,1.6141,0.759,0.8408,0.2772,FOLLOW_ARC
149.94,0.6576,0.8691,-1.9702,-4.1083,1.6175,0.759,0.8408,0.278,FOLLOW_ARC
149.96,0.6569,0.8674,-1.9762,-4.1083,1.6175,0.759,0.8408,0.2789,FOLLOW_ARC
149.98,0.6562,0.8657,-1.9822,-4.1076,1.6191,0.759,0.8408,0.2797,FOLLOW_ARC
150.0,0.6554,0.864,-1.9882,-4.1069,1.6208,0.7556,0.8325,0.2806,FOLLOW_ARC
150.02,0.6547,0.8623,-1.9942,-4.1062,1.6225,0.7556,0.8325,0.2814,FOLLOW_ARC
150.04,0.6539,0.8606,-2.0002,-4.1055,1.6241,0.7556,0.8325,0.2823,FOLLOW_ARC
150.06,0.6531,0.8589,-2.0062,-4.1048,1.6258,0.7556,0.8325,0.2832,FOLLOW_ARC
