t,x,y,yaw,odom_x,odom_y,est_x,est_y,clearance,state
0.018,-2.8027,-1.8,0.0002,-2.8,-1.8,-2.8,-1.8,0.5553,GO_GOAL
0.038,-2.8033,-1.8,0.0008,-2.7999,-1.8,-2.8,-1.8,0.5547,GO_GOAL
0.058,-2.8039,-1.8,0.0019,-2.7993,-1.8,-2.8,-1.8,0.5541,GO_GOAL
0.078,-2.8042,-1.8,0.0034,-2.797,-1.7998,-2.8,-1.8,0.5538,GO_GOAL
0.098,-2.804,-1.8,0.0052,-2.797,-1.7998,-2.8,-1.8,0.554,GO_GOAL
0.118,-2.8034,-1.8,0.0075,-2.7953,-1.7997,-2.797,-1.8,0.5546,GO_GOAL
0.138,-2.8024,-1.8,0.0101,-2.7932,-1.7994,-2.797,-1.8,0.5556,GO_GOAL
0.158,-2.8011,-1.8,0.0132,-2.788,-1.7987,-2.797,-1.8,0.5569,GO_GOAL
0.178,-2.8,-1.7999,0.0164,-2.788,-1.7987,-2.797,-1.8,0.558,GO_GOAL
0.2,-2.799,-1.7999,0.0197,-2.7853,-1.7982,-2.797,-1.8,0.559,GO_GOAL
0.218,-2.7979,-1.7998,0.023,-2.7827,-1.7977,-2.7852,-1.7999,0.5601,GO_GOAL
0.238,-2.7968,-1.7998,0.0263,-2.7801,-1.7971,-2.7852,-1.7999,0.5612,GO_GOAL
0.258,-2.7958,-1.7997,0.0295,-2.7774,-1.7965,-2.7852,-1.7999,0.5622,GO_GOAL
0.278,-2.7947,-1.7997,0.0328,-2.7748,-1.7958,-2.7852,-1.7999,0.5633,GO_GOAL
0.298,-2.7937,-1.7997,0.0361,-2.7696,-1.7943,-2.7852,-1.7999,0.5643,GO_GOAL
0.318,-2.7927,-1.7996,0.0394,-2.7696,-1.7943,-2.7717,-1.7995,0.5653,GO_GOAL
0.338,-2.7914,-1.7995,0.0426,-2.7671,-1.7934,-2.7717,-1.7995,0.5666,GO_GOAL
0.358,-2.7888,-1.7994,0.0463,-2.7645,-1.7925,-2.7717,-1.7995,0.5693,GO_GOAL
0.378,-2.7866,-1.7993,0.0504,-2.762,-1.7916,-2.7717,-1.7995,0.5714,GO_GOAL
0.398,-2.7849,-1.7993,0.055,-2.7595,-1.7906,-2.7717,-1.7995,0.5732,GO_GOAL
0.418,-2.7834,-1.7992,0.0602,-2.7546,-1.7884,-2.7582,-1.7989,0.5746,GO_GOAL
0.438,-2.782,-1.7991,0.0657,-2.7546,-1.7884,-2.7582,-1.7989,0.5761,GO_GOAL
0.458,-2.7805,-1.799,0.0718,-2.7521,-1.7872,-2.7582,-1.7989,0.5775,GO_GOAL
0.478,-2.7791,-1.7989,0.0783,-2.7497,-1.786,-2.7582,-1.7989,0.579,GO_GOAL
0.498,-2.7775,-1.7988,0.0853,-2.7473,-1.7847,-2.7582,-1.7989,0.5806,GO_GOAL
0.518,-2.776,-1.7986,0.0928,-2.745,-1.7834,-2.7421,-1.7978,0.5822,GO_GOAL
0.538,-2.7744,-1.7985,0.1007,-2.7426,-1.7821,-2.7421,-1.7978,0.5838,GO_GOAL
0.558,-2.7728,-1.7983,0.1091,-2.7403,-1.7806,-2.7421,-1.7978,0.5854,GO_GOAL
0.578,-2.7711,-1.7981,0.118,-2.7381,-1.7792,-2.7421,-1.7978,0.5871,GO_GOAL
0.598,-2.7695,-1.7979,0.1273,-2.7358,-1.7777,-2.7421,-1.7978,0.588,GO_GOAL
0.618,-2.7674,-1.7976,0.1371,-2.7336,-1.7761,-2.7313,-1.7967,0.588,GO_GOAL
0.638,-2.7651,-1.7973,0.1474,-2.7313,-1.7744,-2.7313,-1.7967,0.588,GO_GOAL
0.658,-2.7628,-1.7969,0.1581,-2.7267,-1.7708,-2.7313,-1.7967,0.588,GO_GOAL
0.678,-2.7605,-1.7966,0.1693,-2.7267,-1.7708,-2.7313,-1.7967,0.588,GO_GOAL
0.698,-2.7582,-1.7961,0.1811,-2.7244,-1.7689,-2.7313,-1.7967,0.5881,GO_GOAL
0.718,-2.7558,-1.7957,0.1933,-2.7221,-1.767,-2.7171,-1.7946,0.5882,GO_GOAL
0.738,-2.7534,-1.7952,0.206,-2.7199,-1.7651,-2.7171,-1.7946,0.5882,GO_GOAL
0.758,-2.7509,-1.7947,0.2192,-2.7177,-1.7631,-2.7171,-1.7946,0.5884,GO_GOAL
0.778,-2.7484,-1.7941,0.2329,-2.7134,-1.759,-2.7171,-1.7946,0.5885,GO_GOAL
0.798,-2.7459,-1.7935,0.2471,-2.7134,-1.759,-2.7171,-1.7946,0.5887,GO_GOAL
0.818,-2.7431,-1.7928,0.2615,-2.7092,-1.7547,-2.7026,-1.7916,0.589,GO_GOAL
0.838,-2.7402,-1.7919,0.2754,-2.7092,-1.7547,-2.7026,-1.7916,0.5894,GO_GOAL
0.858,-2.7373,-1.7911,0.2894,-2.7071,-1.7523,-2.7026,-1.7916,0.5898,GO_GOAL
0.878,-2.7343,-1.7902,0.3034,-2.7049,-1.75,-2.7026,-1.7916,0.5902,GO_GOAL
0.898,-2.7317,-1.7893,0.3173,-2.7028,-1.7476,-2.7026,-1.7916,0.5907,GO_GOAL
0.918,-2.729,-1.7884,0.3313,-2.7008,-1.7452,-2.6876,-1.7874,0.5912,GO_GOAL
0.938,-2.7264,-1.7875,0.3452,-2.6987,-1.7427,-2.6876,-1.7874,0.5917,GO_GOAL
0.958,-2.7238,-1.7866,0.3592,-2.6965,-1.74,-2.6876,-1.7874,0.5921,GO_GOAL
0.978,-2.7212,-1.7857,0.3731,-2.6944,-1.7374,-2.6876,-1.7874,0.5926,GO_GOAL
0.998,-2.7186,-1.7848,0.3871,-2.6903,-1.7321,-2.6876,-1.7874,0.5931,GO_GOAL
1.018,-2.7161,-1.7839,0.4011,-2.6883,-1.7293,-2.672,-1.7818,0.5936,GO_GOAL
1.038,-2.7135,-1.7831,0.415,-2.6883,-1.7293,-2.672,-1.7818,0.594,GO_GOAL
1.058,-2.7101,-1.7815,0.4288,-2.6862,-1.7265,-2.672,-1.7818,0.5952,GO_GOAL
1.078,-2.7075,-1.7803,0.4425,-2.6841,-1.7237,-2.672,-1.7818,0.596,GO_GOAL
1.098,-2.7044,-1.7788,0.4562,-2.6801,-1.718,-2.672,-1.7818,0.5971,GO_GOAL
1.118,-2.7009,-1.7771,0.4697,-2.6801,-1.718,-2.6562,-1.7748,0.5984,GO_GOAL
1.138,-2.6982,-1.7757,0.4832,-2.6781,-1.7152,-2.6562,-1.7748,0.5994,GO_GOAL
1.158,-2.6951,-1.774,0.4965,-2.6761,-1.7123,-2.6562,-1.7748,0.6007,GO_GOAL
1.178,-2.6922,-1.7724,0.5098,-2.6741,-1.7094,-2.6562,-1.7748,0.6019,GO_GOAL
1.198,-2.6891,-1.7708,0.5227,-2.6722,-1.7065,-2.6562,-1.7748,0.6032,GO_GOAL
1.218,-2.6859,-1.769,0.535,-2.6703,-1.7036,-2.6408,-1.7667,0.6047,GO_GOAL
1.238,-2.6824,-1.7669,0.5467,-2.6683,-1.7006,-2.6408,-1.7667,0.6065,GO_GOAL
1.258,-2.6789,-1.7647,0.5578,-2.6664,-1.6976,-2.6408,-1.7667,0.6083,GO_GOAL
1.278,-2.6755,-1.7626,0.5683,-2.6645,-1.6946,-2.6408,-1.7667,0.6102,GO_GOAL
1.298,-2.6722,-1.7604,0.5782,-2.6607,-1.6885,-2.6408,-1.7667,0.6121,GO_GOAL
1.318,-2.6687,-1.7581,0.5875,-2.6607,-1.6885,-2.6226,-1.7556,0.6141,GO_GOAL
1.338,-2.6652,-1.7558,0.5962,-2.6588,-1.6855,-2.6226,-1.7556,0.6163,GO_GOAL
1.358,-2.6617,-1.7534,0.6043,-2.6549,-1.6794,-2.6226,-1.7556,0.6184,GO_GOAL
1.378,-2.6583,-1.7511,0.6118,-2.6549,-1.6794,-2.6226,-1.7556,0.6206,GO_GOAL
1.398,-2.655,-1.7487,0.6187,-2.6511,-1.6733,-2.6226,-1.7556,0.6227,GO_GOAL
1.418,-2.6517,-1.7463,0.625,-2.6511,-1.6733,-2.6077,-1.7454,0.6249,GO_GOAL
1.438,-2.6485,-1.744,0.6307,-2.6492,-1.6702,-2.6077,-1.7454,0.6271,GO_GOAL
1.458,-2.6453,-1.7417,0.6359,-2.6473,-1.6672,-2.6077,-1.7454,0.6293,GO_GOAL
1.478,-2.6422,-1.7393,0.6404,-2.6454,-1.6641,-2.6077,-1.7454,0.6316,GO_GOAL
1.498,-2.6391,-1.737,0.6443,-2.6435,-1.6611,-2.6077,-1.7454,0.6338,GO_GOAL
1.518,-2.636,-1.7347,0.6477,-2.6396,-1.655,-2.5961,-1.7368,0.636,GO_GOAL
1.538,-2.633,-1.7324,0.6504,-2.6396,-1.655,-2.5961,-1.7368,0.6382,GO_GOAL
1.558,-2.63,-1.7303,0.6527,-2.6377,-1.6519,-2.5961,-1.7368,0.6403,GO_GOAL
1.578,-2.6271,-1.7283,0.655,-2.6358,-1.6489,-2.5961,-1.7368,0.6422,GO_GOAL
1.598,-2.6241,-1.7263,0.6573,-2.6339,-1.6458,-2.5961,-1.7368,0.6442,GO_GOAL
1.618,-2.6212,-1.7243,0.6595,-2.632,-1.6428,-2.5818,-1.726,0.6461,GO_GOAL
1.638,-2.6182,-1.7223,0.6618,-2.6301,-1.6397,-2.5818,-1.726,0.648,GO_GOAL
1.658,-2.6153,-1.7203,0.6641,-2.6282,-1.6367,-2.5818,-1.726,0.65,GO_GOAL
1.678,-2.6124,-1.7183,0.6664,-2.6263,-1.6337,-2.5818,-1.726,0.6519,GO_GOAL
1.698,-2.6095,-1.7162,0.6686,-2.6224,-1.6277,-2.5818,-1.726,0.654,GO_GOAL
1.718,-2.6068,-1.714,0.6703,-2.6224,-1.6277,-2.5677,-1.715,0.6561,GO_GOAL
1.738,-2.6038,-1.7116,0.6714,-2.6204,-1.6247,-2.5677,-1.715,0.6585,GO_GOAL
1.758,-2.6007,-1.7092,0.6719,-2.6185,-1.6217,-2.5677,-1.715,0.6609,GO_GOAL
1.778,-2.5977,-1.7068,0.6717,-2.6165,-1.6187,-2.5677,-1.715,0.6633,GO_GOAL
1.798,-2.5947,-1.7044,0.671,-2.6145,-1.6158,-2.5677,-1.715,0.6657,GO_GOAL
1.818,-2.5918,-1.7021,0.6697,-2.6125,-1.6128,-2.5537,-1.7039,0.6681,GO_GOAL
1.838,-2.5889,-1.6998,0.6678,-2.6105,-1.6099,-2.5537,-1.7039,0.6704,GO_GOAL
1.858,-2.586,-1.6975,0.6652,-2.6085,-1.6069,-2.5537,-1.7039,0.6727,GO_GOAL
1.878,-2.5831,-1.6953,0.6621,-2.6065,-1.604,-2.5537,-1.7039,0.6751,GO_GOAL
1.898,-2.5803,-1.6931,0.6586,-2.6045,-1.601,-2.5537,-1.7039,0.6774,GO_GOAL
1.918,-2.5774,-1.6909,0.6551,-2.6024,-1.5981,-2.5368,-1.6906,0.6797,GO_GOAL
1.938,-2.5746,-1.6887,0.6516,-2.6004,-1.5952,-2.5368,-1.6906,0.6819,GO_GOAL
1.958,-2.5717,-1.6865,0.6481,-2.5962,-1.5893,-2.5368,-1.6906,0.6842,GO_GOAL
1.978,-2.5688,-1.6843,0.6446,-2.5941,-1.5864,-2.5368,-1.6906,0.6865,GO_GOAL
1.998,-2.5659,-1.6822,0.6411,-2.5941,-1.5864,-2.5368,-1.6906,0.6887,GO_GOAL
2.018,-2.563,-1.68,0.6377,-2.5899,-1.5807,-2.5255,-1.682,0.6909,GO_GOAL
2.038,-2.5602,-1.6779,0.6342,-2.5899,-1.5807,-2.5255,-1.682,0.6932,GO_GOAL
2.058,-2.5573,-1.6757,0.6307,-2.5878,-1.5778,-2.5255,-1.682,0.6954,GO_GOAL
2.078,-2.5543,-1.6736,0.6272,-2.5857,-1.5749,-2.5255,-1.682,0.6976,GO_GOAL
2.098,-2.5514,-1.6715,0.6237,-2.5835,-1.5721,-2.5255,-1.682,0.6998,GO_GOAL
2.118,-2.5485,-1.6694,0.6202,-2.5814,-1.5692,-2.5111,-1.6714,0.702,GO_GOAL
2.138,-2.5456,-1.6673,0.6167,-2.5792,-1.5664,-2.5111,-1.6714,0.7041,GO_GOAL
2.158,-2.5426,-1.6653,0.6132,-2.5749,-1.5607,-2.5111,-1.6714,0.7063,GO_GOAL
2.178,-2.5397,-1.6633,0.6097,-2.5727,-1.5579,-2.5111,-1.6714,0.7084,GO_GOAL
2.198,-2.5367,-1.6612,0.6063,-2.5727,-1.5579,-2.5111,-1.6714,0.7105,GO_GOAL
2.218,-2.5338,-1.6592,0.6028,-2.5705,-1.555,-2.4965,-1.661,0.7126,GO_GOAL
2.238,-2.5308,-1.6573,0.5993,-2.5683,-1.5522,-2.4965,-1.661,0.7147,GO_GOAL
2.258,-2.5279,-1.6553,0.5958,-2.5661,-1.5494,-2.4965,-1.661,0.7168,GO_GOAL
2.278,-2.525,-1.6533,0.5923,-2.5639,-1.5465,-2.4965,-1.661,0.7189,GO_GOAL
2.298,-2.522,-1.6513,0.5888,-2.5616,-1.5437,-2.4965,-1.661,0.7209,GO_GOAL
2.316,-2.5192,-1.6494,0.5858,-2.5594,-1.5409,-2.4817,-1.6509,0.7229,GO_GOAL
2.338,-2.5163,-1.6475,0.5833,-2.5572,-1.538,-2.4817,-1.6509,0.7249,GO_GOAL
2.358,-2.5134,-1.6456,0.5814,-2.555,-1.5352,-2.4817,-1.6509,0.7268,GO_GOAL
2.378,-2.5105,-1.6437,0.58,-2.5506,-1.5295,-2.4817,-1.6509,0.7288,GO_GOAL
2.398,-2.5075,-1.6417,0.5793,-2.5506,-1.5295,-2.4817,-1.6509,0.7308,GO_GOAL
2.418,-2.5045,-1.6398,0.5792,-2.5483,-1.5267,-2.4666,-1.641,0.7327,GO_GOAL
2.438,-2.5015,-1.6378,0.5792,-2.5461,-1.5238,-2.4666,-1.641,0.7347,GO_GOAL
2.458,-2.4985,-1.6358,0.5792,-2.5439,-1.521,-2.4666,-1.641,0.7367,GO_GOAL
2.478,-2.4955,-1.6338,0.5792,-2.5417,-1.5182,-2.4666,-1.641,0.7386,GO_GOAL
2.498,-2.4925,-1.6319,0.5792,-2.5395,-1.5153,-2.4666,-1.641,0.7406,GO_GOAL
2.52,-2.4894,-1.6299,0.5792,-2.535,-1.5097,-2.4516,-1.6311,0.7426,GO_GOAL
2.538,-2.4864,-1.6279,0.5792,-2.535,-1.5097,-2.4516,-1.6311,0.7446,GO_GOAL
2.558,-2.4834,-1.626,0.5792,-2.5328,-1.5068,-2.4516,-1.6311,0.7465,GO_GOAL
2.578,-2.4804,-1.624,0.5792,-2.5284,-1.5012,-2.4516,-1.6311,0.7485,GO_GOAL
2.598,-2.4774,-1.622,0.5792,-2.5284,-1.5012,-2.4516,-1.6311,0.7505,GO_GOAL
2.618,-2.4744,-1.6201,0.5792,-2.5239,-1.4955,-2.4365,-1.6213,0.7524,GO_GOAL
2.638,-2.4714,-1.6181,0.5792,-2.5239,-1.4955,-2.4365,-1.6213,0.7544,GO_GOAL
2.658,-2.4684,-1.6161,0.5792,-2.5217,-1.4927,-2.4365,-1.6213,0.7564,GO_GOAL
2.678,-2.4654,-1.6142,0.5792,-2.5195,-1.4898,-2.4365,-1.6213,0.7583,GO_GOAL
2.698,-2.4624,-1.6122,0.5792,-2.5173,-1.487,-2.4365,-1.6213,0.7603,GO_GOAL
2.718,-2.4594,-1.6102,0.5792,-2.5128,-1.4813,-2.4215,-1.6114,0.7623,GO_GOAL
2.738,-2.4564,-1.6083,0.5792,-2.5128,-1.4813,-2.4215,-1.6114,0.7642,GO_GOAL
2.758,-2.4534,-1.6063,0.5792,-2.5084,-1.4756,-2.4215,-1.6114,0.7662,GO_GOAL
2.778,-2.4504,-1.6043,0.5792,-2.5084,-1.4756,-2.4215,-1.6114,0.7682,GO_GOAL
2.798,-2.4474,-1.6023,0.5792,-2.5062,-1.4728,-2.4215,-1.6114,0.7702,GO_GOAL
2.818,-2.4445,-1.6003,0.5792,-2.5019,-1.4673,-2.4215,-1.6114,0.7721,GO_GOAL
2.838,-2.4415,-1.5984,0.5792,-2.5019,-1.4673,-2.4215,-1.6114,0.7741,GO_GOAL
2.858,-2.4386,-1.5964,0.5792,-2.4979,-1.4619,-2.4064,-1.6016,0.7761,AVOID
2.878,-2.4356,-1.5944,0.5791,-2.4979,-1.4619,-2.4064,-1.6016,0.7781,AVOID
2.898,-2.4329,-1.5926,0.5794,-2.4959,-1.4592,-2.4064,-1.6016,0.7799,AVOID
2.918,-2.4305,-1.5911,0.5803,-2.492,-1.4537,-2.3921,-1.5922,0.7813,AVOID
2.938,-2.4283,-1.5897,0.5818,-2.492,-1.4537,-2.3921,-1.5922,0.7827,AVOID
2.958,-2.4261,-1.5882,0.5839,-2.4883,-1.4481,-2.3921,-1.5922,0.7841,AVOID
2.978,-2.4238,-1.5867,0.5867,-2.4865,-1.4453,-2.3921,-1.5922,0.7856,AVOID
2.998,-2.4215,-1.5852,0.59,-2.4865,-1.4453,-2.3921,-1.5922,0.787,AVOID
3.018,-2.4194,-1.5838,0.5939,-2.4847,-1.4425,-2.3781,-1.583,0.7883,AVOID
3.038,-2.4174,-1.5824,0.5985,-2.483,-1.4398,-2.3781,-1.583,0.7895,AVOID
3.058,-2.4154,-1.5811,0.6036,-2.4797,-1.4343,-2.3781,-1.583,0.7908,AVOID
3.078,-2.4134,-1.5797,0.6094,-2.4797,-1.4343,-2.3781,-1.583,0.792,AVOID
3.098,-2.4113,-1.5782,0.6158,-2.4767,-1.4287,-2.3781,-1.583,0.7933,AVOID
3.118,-2.4092,-1.5767,0.6227,-2.4767,-1.4287,-2.3648,-1.5739,0.7946,AVOID
3.138,-2.4071,-1.5752,0.6303,-2.4752,-1.4259,-2.3648,-1.5739,0.7959,AVOID
3.158,-2.405,-1.5736,0.6384,-2.4724,-1.4202,-2.3648,-1.5739,0.7973,AVOID
3.178,-2.4028,-1.572,0.6472,-2.4724,-1.4202,-2.3648,-1.5739,0.7987,AVOID
3.198,-2.4007,-1.5704,0.6566,-2.471,-1.4174,-2.3648,-1.5739,0.8001,AVOID
3.218,-2.3985,-1.5687,0.6665,-2.4684,-1.4115,-2.352,-1.5646,0.8015,AVOID
3.238,-2.3963,-1.5669,0.6771,-2.4684,-1.4115,-2.352,-1.5646,0.803,AVOID
3.258,-2.3941,-1.5651,0.6882,-2.4672,-1.4086,-2.352,-1.5646,0.8045,AVOID
3.278,-2.3919,-1.5633,0.6999,-2.466,-1.4057,-2.352,-1.5646,0.8061,AVOID
3.298,-2.3897,-1.5614,0.7123,-2.4637,-1.3997,-2.3396,-1.5546,0.8077,AVOID
3.318,-2.3874,-1.5594,0.7252,-2.4637,-1.3997,-2.3396,-1.5546,0.8062,AVOID
3.338,-2.3852,-1.5574,0.7387,-2.4626,-1.3967,-2.3396,-1.5546,0.8032,AVOID
3.358,-2.3829,-1.5553,0.7526,-2.4616,-1.3937,-2.3396,-1.5546,0.8001,AVOID
3.378,-2.3807,-1.5532,0.7666,-2.4606,-1.3907,-2.3396,-1.5546,0.797,AVOID
3.398,-2.3785,-1.5511,0.7805,-2.4596,-1.3877,-2.3396,-1.5546,0.7939,AVOID
3.418,-2.3763,-1.549,0.7945,-2.4587,-1.3846,-2.3278,-1.5439,0.7908,AVOID
3.438,-2.3741,-1.5468,0.8084,-2.457,-1.3782,-2.3278,-1.5439,0.7878,AVOID
3.458,-2.372,-1.5448,0.8224,-2.457,-1.3782,-2.3278,-1.5439,0.7847,AVOID
3.478,-2.3698,-1.5427,0.8363,-2.4561,-1.375,-2.3278,-1.5439,0.7817,AVOID
3.498,-2.3676,-1.5402,0.8502,-2.4553,-1.3717,-2.3278,-1.5439,0.7784,AVOID
3.518,-2.3655,-1.5378,0.864,-2.4545,-1.3684,-2.3164,-1.5319,0.7752,AVOID
3.538,-2.3634,-1.5353,0.8777,-2.4531,-1.3619,-2.3164,-1.5319,0.772,AVOID
3.558,-2.3613,-1.5327,0.8908,-2.4531,-1.3619,-2.3164,-1.5319,0.7687,AVOID
3.578,-2.3591,-1.5301,0.9033,-2.4524,-1.3586,-2.3164,-1.5319,0.7654,AVOID
3.598,-2.3571,-1.5274,0.9152,-2.4518,-1.3553,-2.3164,-1.5319,0.7622,AVOID
3.62,-2.3549,-1.5246,0.9264,-2.4512,-1.352,-2.3056,-1.5191,0.7587,AVOID
3.638,-2.3527,-1.5216,0.937,-2.4506,-1.3486,-2.3056,-1.5191,0.7552,AVOID
3.658,-2.3505,-1.5187,0.947,-2.45,-1.3451,-2.3056,-1.5191,0.7518,AVOID
3.678,-2.3484,-1.5157,0.9564,-2.4494,-1.3417,-2.3056,-1.5191,0.7484,AVOID
3.698,-2.3464,-1.5128,0.9652,-2.4489,-1.3382,-2.3056,-1.5191,0.7451,AVOID
3.718,-2.3444,-1.5099,0.9735,-2.4484,-1.3348,-2.2953,-1.5051,0.7418,AVOID
3.738,-2.3425,-1.507,0.9811,-2.4479,-1.3313,-2.2953,-1.5051,0.7386,AVOID
3.758,-2.3406,-1.5042,0.9882,-2.4475,-1.3279,-2.2953,-1.5051,0.7354,AVOID
3.778,-2.3387,-1.5013,0.9951,-2.447,-1.3244,-2.2953,-1.5051,0.7323,AVOID
3.798,-2.3369,-1.4984,1.0021,-2.4466,-1.3209,-2.2953,-1.5051,0.7292,AVOID
3.818,-2.3348,-1.4953,1.0088,-2.4462,-1.3175,-2.2856,-1.4906,0.7258,AVOID
3.838,-2.3327,-1.4919,1.0149,-2.4459,-1.3139,-2.2856,-1.4906,0.7222,AVOID
3.858,-2.3306,-1.4886,1.0203,-2.4455,-1.3103,-2.2856,-1.4906,0.7187,AVOID
3.878,-2.3285,-1.4852,1.0252,-2.4447,-1.3032,-2.2856,-1.4906,0.7152,AVOID
3.898,-2.3265,-1.4819,1.0296,-2.4447,-1.3032,-2.2856,-1.4906,0.7117,AVOID
3.918,-2.3246,-1.4787,1.0333,-2.4444,-1.2996,-2.2762,-1.4755,0.7085,AVOID
3.938,-2.3226,-1.4756,1.037,-2.444,-1.296,-2.2762,-1.4755,0.7052,AVOID
3.958,-2.3205,-1.4725,1.0407,-2.4436,-1.2924,-2.2762,-1.4755,0.7019,AVOID
3.978,-2.3185,-1.4695,1.0443,-2.4428,-1.2853,-2.2762,-1.4755,0.6985,AVOID
3.998,-2.3164,-1.4664,1.048,-2.4428,-1.2853,-2.2762,-1.4755,0.6952,AVOID
4.018,-2.3144,-1.4633,1.0516,-2.4425,-1.2817,-2.267,-1.46,0.6919,AVOID
4.038,-2.3124,-1.4602,1.0553,-2.4417,-1.2745,-2.267,-1.46,0.6886,AVOID
4.058,-2.3107,-1.4572,1.0587,-2.4417,-1.2745,-2.267,-1.46,0.6857,AVOID
4.078,-2.3088,-1.454,1.0616,-2.4413,-1.2709,-2.267,-1.46,0.6825,AVOID
4.098,-2.307,-1.4507,1.0639,-2.4409,-1.2674,-2.267,-1.46,0.6793,AVOID
4.118,-2.3052,-1.4474,1.0655,-2.4406,-1.2638,-2.2581,-1.4443,0.6762,AVOID
4.138,-2.3034,-1.4442,1.0666,-2.4402,-1.2602,-2.2581,-1.4443,0.6731,AVOID
4.158,-2.3016,-1.441,1.0671,-2.4398,-1.2566,-2.2581,-1.4443,0.67,AVOID
4.178,-2.2999,-1.4378,1.0672,-2.4394,-1.253,-2.2581,-1.4443,0.6671,AVOID
4.198,-2.2981,-1.4347,1.0672,-2.4391,-1.2495,-2.2581,-1.4443,0.6641,AVOID
4.218,-2.2963,-1.4314,1.0669,-2.4387,-1.2459,-2.2494,-1.4286,0.661,AVOID
4.238,-2.2945,-1.4281,1.066,-2.4383,-1.2423,-2.2494,-1.4286,0.6579,AVOID
4.258,-2.2927,-1.4248,1.0646,-2.4379,-1.2388,-2.2494,-1.4286,0.6548,AVOID
4.278,-2.2909,-1.4215,1.0625,-2.4375,-1.2352,-2.2494,-1.4286,0.6518,AVOID
4.298,-2.2891,-1.4183,1.0599,-2.4371,-1.2317,-2.2494,-1.4286,0.6488,AVOID
4.318,-2.2873,-1.4152,1.0567,-2.4366,-1.2281,-2.2408,-1.4129,0.6459,AVOID
4.338,-2.2855,-1.4121,1.0532,-2.4357,-1.221,-2.2408,-1.4129,0.643,AVOID
4.358,-2.2837,-1.4089,1.0497,-2.4357,-1.221,-2.2408,-1.4129,0.6401,AVOID
4.378,-2.282,-1.4058,1.0462,-2.4353,-1.2175,-2.2408,-1.4129,0.6371,AVOID
4.398,-2.2801,-1.4027,1.0427,-2.4348,-1.214,-2.2408,-1.4129,0.6342,AVOID
4.418,-2.2783,-1.3996,1.0393,-2.4343,-1.2104,-2.2319,-1.3974,0.6313,AVOID
4.438,-2.2765,-1.3965,1.0358,-2.4338,-1.2069,-2.2319,-1.3974,0.6284,AVOID
4.458,-2.2746,-1.3934,1.0323,-2.4333,-1.2033,-2.2319,-1.3974,0.6255,AVOID
4.478,-2.2727,-1.3904,1.0288,-2.4328,-1.1998,-2.2319,-1.3974,0.6225,AVOID
4.498,-2.2708,-1.3874,1.0253,-2.4322,-1.1963,-2.2319,-1.3974,0.6195,AVOID
4.518,-2.2689,-1.3843,1.0218,-2.4317,-1.1927,-2.2228,-1.382,0.6166,AVOID
4.538,-2.267,-1.3813,1.0183,-2.4311,-1.1892,-2.2228,-1.382,0.6137,AVOID
4.558,-2.2651,-1.3783,1.0149,-2.4305,-1.1857,-2.2228,-1.382,0.6108,AVOID
4.578,-2.2632,-1.3753,1.0114,-2.4293,-1.1786,-2.2228,-1.382,0.6078,AVOID
4.598,-2.2613,-1.3722,1.0079,-2.4293,-1.1786,-2.2228,-1.382,0.6049,AVOID
4.618,-2.2595,-1.3693,1.0047,-2.4287,-1.1751,-2.2135,-1.3668,0.602,AVOID
4.638,-2.2576,-1.3664,1.0021,-2.4281,-1.1716,-2.2135,-1.3668,0.5992,AVOID
4.658,-2.2558,-1.3635,1.0001,-2.4275,-1.168,-2.2135,-1.3668,0.5964,AVOID
4.678,-2.2539,-1.3605,0.9986,-2.4268,-1.1645,-2.2135,-1.3668,0.5935,AVOID
4.698,-2.2519,-1.3576,0.9978,-2.4262,-1.161,-2.2135,-1.3668,0.5905,AVOID
4.718,-2.25,-1.3546,0.9975,-2.4249,-1.1539,-2.2038,-1.3516,0.5875,AVOID
4.738,-2.248,-1.3515,0.9975,-2.4243,-1.1503,-2.2038,-1.3516,0.5845,AVOID
4.758,-2.2461,-1.3485,0.9975,-2.4243,-1.1503,-2.2038,-1.3516,0.5815,AVOID
4.778,-2.2441,-1.3455,0.9975,-2.4237,-1.1468,-2.2038,-1.3516,0.5785,AVOID
4.798,-2.2422,-1.3425,0.9975,-2.4231,-1.1432,-2.2038,-1.3516,0.5755,AVOID
4.818,-2.2402,-1.3394,0.9975,-2.4224,-1.1397,-2.194,-1.3365,0.5725,AVOID
4.838,-2.2383,-1.3364,0.9975,-2.4212,-1.1326,-2.194,-1.3365,0.5696,AVOID
4.858,-2.2363,-1.3334,0.9975,-2.4212,-1.1326,-2.194,-1.3365,0.5666,AVOID
4.878,-2.2344,-1.3304,0.9975,-2.4205,-1.129,-2.194,-1.3365,0.5636,AVOID
4.898,-2.2324,-1.3273,0.9975,-2.4199,-1.1255,-2.194,-1.3365,0.5607,AVOID
4.918,-2.2305,-1.3243,0.9975,-2.4187,-1.1184,-2.1823,-1.3184,0.5577,AVOID
4.938,-2.2285,-1.3213,0.9975,-2.4187,-1.1184,-2.1823,-1.3184,0.5547,AVOID
4.958,-2.2266,-1.3183,0.9975,-2.418,-1.1149,-2.1823,-1.3184,0.5518,AVOID
4.978,-2.2246,-1.3153,0.9975,-2.4174,-1.1113,-2.1823,-1.3184,0.5489,AVOID
4.998,-2.2227,-1.3123,0.9975,-2.4168,-1.1078,-2.1823,-1.3184,0.546,AVOID
5.018,-2.2208,-1.3092,0.9975,-2.4162,-1.1042,-2.1745,-1.3063,0.5431,AVOID
5.038,-2.2189,-1.3062,0.9975,-2.4149,-1.0971,-2.1745,-1.3063,0.5402,AVOID
5.058,-2.217,-1.3032,0.9975,-2.4143,-1.0936,-2.1745,-1.3063,0.5373,AVOID
5.078,-2.2152,-1.3002,0.9975,-2.4143,-1.0936,-2.1745,-1.3063,0.5345,AVOID
5.098,-2.2132,-1.2972,0.9975,-2.4136,-1.0901,-2.1745,-1.3063,0.5316,AVOID
5.118,-2.2113,-1.2942,0.9975,-2.4124,-1.083,-2.1647,-1.2912,0.5286,AVOID
5.138,-2.2093,-1.2911,0.9975,-2.4118,-1.0794,-2.1647,-1.2912,0.5257,AVOID
5.158,-2.2073,-1.2881,0.9975,-2.4118,-1.0794,-2.1647,-1.2912,0.5228,AVOID
5.178,-2.2054,-1.2851,0.9975,-2.4111,-1.0759,-2.1647,-1.2912,0.5199,AVOID
5.198,-2.2034,-1.2821,0.9975,-2.4105,-1.0723,-2.1647,-1.2912,0.517,AVOID
5.218,-2.2015,-1.279,0.9975,-2.4099,-1.0688,-2.155,-1.276,0.5141,AVOID
5.238,-2.1995,-1.276,0.9975,-2.4086,-1.0617,-2.155,-1.276,0.5112,AVOID
5.258,-2.1976,-1.273,0.9975,-2.4086,-1.0617,-2.155,-1.276,0.5083,AVOID
5.278,-2.1956,-1.2699,0.9975,-2.408,-1.0582,-2.155,-1.276,0.5055,AVOID
5.298,-2.1937,-1.2669,0.9975,-2.4074,-1.0546,-2.155,-1.276,0.5026,AVOID
5.318,-2.1917,-1.2639,0.9975,-2.4061,-1.0475,-2.1452,-1.2609,0.4997,AVOID
5.338,-2.1898,-1.2609,0.9975,-2.4061,-1.0475,-2.1452,-1.2609,0.4969,AVOID
5.358,-2.1878,-1.2579,0.9975,-2.4049,-1.0404,-2.1452,-1.2609,0.494,AVOID
5.378,-2.1859,-1.2548,0.9975,-2.4049,-1.0404,-2.1452,-1.2609,0.4912,AVOID
5.398,-2.1839,-1.2518,0.9975,-2.4042,-1.0369,-2.1452,-1.2609,0.4884,AVOID
5.418,-2.182,-1.2488,0.9975,-2.4036,-1.0333,-2.1354,-1.2458,0.4855,AVOID
5.438,-2.18,-1.2458,0.9975,-2.403,-1.0298,-2.1354,-1.2458,0.4827,AVOID
5.458,-2.1781,-1.2428,0.9975,-2.4023,-1.0262,-2.1354,-1.2458,0.4799,AVOID
5.478,-2.1761,-1.2398,0.9975,-2.4017,-1.0227,-2.1354,-1.2458,0.4771,AVOID
5.498,-2.1742,-1.2367,0.9975,-2.4011,-1.0192,-2.1354,-1.2458,0.4743,AVOID
5.518,-2.1723,-1.2337,0.9975,-2.4005,-1.0156,-2.1257,-1.2307,0.4715,AVOID
5.538,-2.1703,-1.2308,0.9975,-2.3992,-1.0085,-2.1257,-1.2307,0.4688,AVOID
5.558,-2.1684,-1.2278,0.9975,-2.3992,-1.0085,-2.1257,-1.2307,0.466,AVOID
5.578,-2.1665,-1.2248,0.9975,-2.3986,-1.005,-2.1257,-1.2307,0.4633,AVOID
5.598,-2.1645,-1.2218,0.9975,-2.398,-1.0014,-2.1257,-1.2307,0.4605,AVOID
5.618,-2.1626,-1.2187,0.9975,-2.3973,-0.9979,-2.1159,-1.2155,0.4577,AVOID
5.638,-2.1606,-1.2157,0.9975,-2.3967,-0.9943,-2.1159,-1.2155,0.4549,AVOID
5.658,-2.1587,-1.2127,0.9975,-2.3961,-0.9908,-2.1159,-1.2155,0.4522,AVOID
5.678,-2.1567,-1.2096,0.9975,-2.3954,-0.9873,-2.1159,-1.2155,0.4494,AVOID
5.698,-2.1548,-1.2066,0.9975,-2.3948,-0.9837,-2.1159,-1.2155,0.4466,AVOID
5.718,-2.1528,-1.2036,0.9975,-2.3942,-0.9802,-2.1062,-1.2004,0.4439,AVOID
5.738,-2.1508,-1.2006,0.9975,-2.3936,-0.9766,-2.1062,-1.2004,0.4412,AVOID
5.758,-2.1489,-1.1975,0.9975,-2.3929,-0.9731,-2.1062,-1.2004,0.4384,AVOID
5.778,-2.1469,-1.1945,0.9975,-2.3923,-0.9695,-2.1062,-1.2004,0.4357,AVOID
5.798,-2.145,-1.1915,0.9975,-2.3917,-0.966,-2.1062,-1.2004,0.433,AVOID
5.818,-2.143,-1.1885,0.9975,-2.3904,-0.9589,-2.0964,-1.1853,0.4303,AVOID
5.838,-2.1411,-1.1854,0.9975,-2.3904,-0.9589,-2.0964,-1.1853,0.4276,AVOID
5.858,-2.1391,-1.1824,0.9975,-2.3898,-0.9553,-2.0964,-1.1853,0.4249,AVOID
5.878,-2.1372,-1.1794,0.9975,-2.3885,-0.9483,-2.0964,-1.1853,0.4222,AVOID
5.898,-2.1352,-1.1764,0.9975,-2.3885,-0.9483,-2.0964,-1.1853,0.4196,AVOID
5.918,-2.1333,-1.1734,0.9975,-2.3879,-0.9447,-2.0866,-1.1702,0.4169,AVOID
5.938,-2.1313,-1.1703,0.9975,-2.3873,-0.9412,-2.0866,-1.1702,0.4142,AVOID
5.958,-2.1294,-1.1673,0.9975,-2.3867,-0.9376,-2.0866,-1.1702,0.4116,AVOID
5.978,-2.1275,-1.1643,0.9975,-2.3854,-0.9305,-2.0866,-1.1702,0.409,AVOID
5.998,-2.1255,-1.1613,0.9975,-2.3854,-0.9305,-2.0866,-1.1702,0.4063,AVOID
6.018,-2.1236,-1.1583,0.9975,-2.3848,-0.927,-2.0769,-1.1551,0.4037,AVOID
6.038,-2.1217,-1.1553,0.9975,-2.3841,-0.9234,-2.0769,-1.1551,0.4012,AVOID
6.058,-2.1197,-1.1524,0.9975,-2.3835,-0.9199,-2.0769,-1.1551,0.3986,AVOID
6.078,-2.1178,-1.1494,0.9975,-2.3823,-0.9128,-2.0769,-1.1551,0.396,AVOID
6.098,-2.1158,-1.1463,0.9975,-2.3816,-0.9093,-2.0769,-1.1551,0.3934,AVOID
6.118,-2.1139,-1.1433,0.9975,-2.3816,-0.9093,-2.0671,-1.1399,0.3908,AVOID
6.138,-2.1119,-1.1403,0.9975,-2.3804,-0.9022,-2.0671,-1.1399,0.3882,AVOID
6.158,-2.11,-1.1372,0.9975,-2.3804,-0.9022,-2.0671,-1.1399,0.3856,AVOID
6.178,-2.108,-1.1342,0.9975,-2.3798,-0.8986,-2.0671,-1.1399,0.383,AVOID
6.198,-2.1061,-1.1312,0.9975,-2.3791,-0.8951,-2.0671,-1.1399,0.3805,AVOID
6.218,-2.1041,-1.1282,0.9975,-2.3785,-0.8915,-2.0573,-1.1248,0.3779,AVOID
6.238,-2.1022,-1.1251,0.9975,-2.3779,-0.888,-2.0573,-1.1248,0.3754,AVOID
6.258,-2.1002,-1.1221,0.9975,-2.3772,-0.8845,-2.0573,-1.1248,0.3729,AVOID
6.278,-2.0982,-1.1191,0.9975,-2.3766,-0.8809,-2.0573,-1.1248,0.3703,AVOID
6.298,-2.0963,-1.1161,0.9975,-2.3754,-0.8738,-2.0573,-1.1248,0.3678,AVOID
6.318,-2.0943,-1.113,0.9975,-2.3754,-0.8738,-2.0476,-1.1097,0.3653,AVOID
6.338,-2.0924,-1.11,0.9975,-2.3741,-0.8667,-2.0476,-1.1097,0.3628,AVOID
6.358,-2.0904,-1.107,0.9975,-2.3735,-0.8632,-2.0476,-1.1097,0.3604,AVOID
6.378,-2.0885,-1.104,0.9975,-2.3735,-0.8632,-2.0476,-1.1097,0.3579,AVOID
6.398,-2.0865,-1.101,0.9975,-2.3729,-0.8596,-2.0476,-1.1097,0.3554,AVOID
6.418,-2.0846,-1.0979,0.9975,-2.3722,-0.8561,-2.0378,-1.0946,0.353,AVOID
6.438,-2.0827,-1.0949,0.9975,-2.3716,-0.8525,-2.0378,-1.0946,0.3505,AVOID
6.458,-2.0807,-1.0919,0.9975,-2.3703,-0.8455,-2.0378,-1.0946,0.3481,AVOID
6.478,-2.0788,-1.0889,0.9975,-2.3703,-0.8455,-2.0378,-1.0946,0.3457,AVOID
6.498,-2.0768,-1.0859,0.9975,-2.3697,-0.8419,-2.0378,-1.0946,0.3433,AVOID
6.518,-2.0749,-1.0829,0.9975,-2.3685,-0.8348,-2.0281,-1.0794,0.3409,AVOID
6.538,-2.073,-1.08,0.9975,-2.3685,-0.8348,-2.0281,-1.0794,0.3386,AVOID
6.558,-2.071,-1.0769,0.9975,-2.3678,-0.8313,-2.0281,-1.0794,0.3362,AVOID
6.578,-2.0691,-1.0739,0.9975,-2.3672,-0.8277,-2.0281,-1.0794,0.3338,AVOID
6.598,-2.0671,-1.0709,0.9975,-2.3666,-0.8242,-2.0281,-1.0794,0.3314,AVOID
6.618,-2.0651,-1.0677,0.9972,-2.3659,-0.8206,-2.0183,-1.0643,0.329,AVOID
6.638,-2.063,-1.0645,0.9963,-2.3653,-0.8171,-2.0183,-1.0643,0.3265,AVOID
6.658,-2.061,-1.0614,0.9949,-2.3647,-0.8136,-2.0183,-1.0643,0.3241,AVOID
6.678,-2.059,-1.0583,0.9928,-2.364,-0.8101,-2.0183,-1.0643,0.3218,AVOID
6.698,-2.0569,-1.0552,0.9901,-2.3634,-0.8066,-2.0183,-1.0643,0.3195,AVOID
6.718,-2.055,-1.0522,0.9869,-2.3627,-0.8031,-2.0066,-1.0463,0.3172,AVOID
6.738,-2.053,-1.0492,0.9834,-2.3613,-0.7961,-2.0066,-1.0463,0.315,AVOID
6.758,-2.051,-1.0462,0.9799,-2.3606,-0.7926,-2.0066,-1.0463,0.3127,AVOID
6.778,-2.049,-1.0432,0.9764,-2.3606,-0.7926,-2.0066,-1.0463,0.3105,AVOID
6.798,-2.0469,-1.0402,0.9729,-2.3591,-0.7856,-2.0066,-1.0463,0.3083,AVOID
6.818,-2.045,-1.0374,0.9697,-2.3591,-0.7856,-1.9987,-1.0344,0.3062,AVOID
6.838,-2.0431,-1.0346,0.9671,-2.3584,-0.7821,-1.9987,-1.0344,0.304,AVOID
6.858,-2.0411,-1.0317,0.9651,-2.3576,-0.7785,-1.9987,-1.0344,0.3019,AVOID
6.878,-2.0391,-1.0289,0.9637,-2.3569,-0.775,-1.9987,-1.0344,0.2997,AVOID
6.898,-2.0371,-1.026,0.9629,-2.3561,-0.7715,-1.9987,-1.0344,0.2975,AVOID
6.918,-2.0351,-1.023,0.9626,-2.3554,-0.768,-1.9885,-1.0196,0.2952,AVOID
6.938,-2.033,-1.0201,0.9623,-2.3546,-0.7645,-1.9885,-1.0196,0.293,AVOID
6.958,-2.031,-1.0172,0.962,-2.3531,-0.7574,-1.9885,-1.0196,0.2908,AVOID
6.976,-2.029,-1.0143,0.9617,-2.3531,-0.7574,-1.9885,-1.0196,0.2886,AVOID
6.998,-2.027,-1.0114,0.9614,-2.3524,-0.7539,-1.9885,-1.0196,0.2864,AVOID
7.018,-2.025,-1.0084,0.9613,-2.3516,-0.7504,-1.9782,-1.0049,0.2842,AVOID
7.038,-2.0229,-1.0055,0.9613,-2.3509,-0.7468,-1.9782,-1.0049,0.282,AVOID
7.058,-2.0208,-1.0025,0.9613,-2.3501,-0.7433,-1.9782,-1.0049,0.2798,AVOID
7.078,-2.0188,-0.9996,0.9613,-2.3494,-0.7398,-1.9782,-1.0049,0.2776,AVOID
7.098,-2.0167,-0.9966,0.9613,-2.3486,-0.7363,-1.9782,-1.0049,0.2754,AVOID
7.118,-2.0147,-0.9937,0.9613,-2.3479,-0.7328,-1.9679,-0.9901,0.2733,AVOID
7.138,-2.0126,-0.9907,0.9613,-2.3471,-0.7292,-1.9679,-0.9901,0.2711,AVOID
7.158,-2.0105,-0.9878,0.9613,-2.3464,-0.7257,-1.9679,-0.9901,0.269,AVOID
7.178,-2.0085,-0.9848,0.9613,-2.3456,-0.7222,-1.9679,-0.9901,0.2669,AVOID
7.198,-2.0064,-0.9818,0.9613,-2.3449,-0.7187,-1.9679,-0.9901,0.2648,AVOID
7.218,-2.0043,-0.9789,0.9613,-2.3433,-0.7116,-1.9555,-0.9724,0.2627,AVOID
7.238,-2.0023,-0.9759,0.9613,-2.3426,-0.7081,-1.9555,-0.9724,0.2606,AVOID
7.258,-2.0002,-0.973,0.9613,-2.3418,-0.7046,-1.9555,-0.9724,0.2585,AVOID
7.278,-1.9982,-0.9701,0.9613,-2.3418,-0.7046,-1.9555,-0.9724,0.2565,AVOID
7.298,-1.9961,-0.9671,0.9613,-2.3411,-0.7011,-1.9555,-0.9724,0.2545,AVOID
7.318,-1.9941,-0.9642,0.9613,-2.3396,-0.694,-1.9473,-0.9606,0.2524,AVOID
7.338,-1.992,-0.9612,0.9613,-2.3396,-0.694,-1.9473,-0.9606,0.2504,AVOID
7.358,-1.9899,-0.9583,0.9613,-2.3388,-0.6905,-1.9473,-0.9606,0.2485,AVOID
7.378,-1.9879,-0.9553,0.9613,-2.3381,-0.687,-1.9473,-0.9606,0.2465,AVOID
7.398,-1.9859,-0.9524,0.9613,-2.3373,-0.6835,-1.9473,-0.9606,0.2446,AVOID
7.418,-1.9838,-0.9495,0.9613,-2.3366,-0.68,-1.937,-0.9458,0.2426,AVOID
7.438,-1.9818,-0.9466,0.9613,-2.3358,-0.6764,-1.937,-0.9458,0.2407,AVOID
7.458,-1.9798,-0.9436,0.9613,-2.3351,-0.6729,-1.937,-0.9458,0.2388,AVOID
7.478,-1.9777,-0.9407,0.9613,-2.3343,-0.6694,-1.937,-0.9458,0.2369,AVOID
7.498,-1.9756,-0.9377,0.9613,-2.3336,-0.6659,-1.937,-0.9458,0.235,AVOID
7.518,-1.9736,-0.9348,0.9613,-2.3328,-0.6623,-1.9267,-0.9311,0.2332,AVOID
7.538,-1.9715,-0.9318,0.9613,-2.3313,-0.6553,-1.9267,-0.9311,0.2313,AVOID
7.558,-1.9694,-0.9289,0.9613,-2.3313,-0.6553,-1.9267,-0.9311,0.2295,AVOID
7.578,-1.9674,-0.9259,0.9613,-2.3306,-0.6518,-1.9267,-0.9311,0.2276,AVOID
7.598,-1.9653,-0.923,0.9613,-2.3291,-0.6447,-1.9267,-0.9311,0.2258,AVOID
7.618,-1.9633,-0.92,0.9613,-2.3291,-0.6447,-1.9143,-0.9134,0.224,AVOID
7.638,-1.9612,-0.9171,0.9613,-2.3283,-0.6412,-1.9143,-0.9134,0.2223,AVOID
7.658,-1.9591,-0.9141,0.9613,-2.3276,-0.6377,-1.9143,-0.9134,0.2205,AVOID
7.678,-1.9571,-0.9112,0.9613,-2.3268,-0.6342,-1.9143,-0.9134,0.2188,AVOID
7.698,-1.955,-0.9082,0.9613,-2.3261,-0.6307,-1.9143,-0.9134,0.2171,AVOID
7.718,-1.953,-0.9053,0.9613,-2.3253,-0.6271,-1.9061,-0.9016,0.2154,AVOID
7.738,-1.9509,-0.9023,0.9613,-2.3246,-0.6236,-1.9061,-0.9016,0.2137,AVOID
7.758,-1.9488,-0.8994,0.9613,-2.3238,-0.6201,-1.9061,-0.9016,0.212,AVOID
7.778,-1.9468,-0.8964,0.9613,-2.3231,-0.6166,-1.9061,-0.9016,0.2104,AVOID
7.798,-1.9447,-0.8935,0.9613,-2.3223,-0.6131,-1.9061,-0.9016,0.2087,AVOID
7.818,-1.9427,-0.8906,0.9613,-2.3216,-0.6095,-1.8958,-0.8868,0.2071,AVOID
7.838,-1.9406,-0.8876,0.9613,-2.3201,-0.6026,-1.8958,-0.8868,0.2056,AVOID
7.858,-1.9386,-0.8847,0.9613,-2.3193,-0.5991,-1.8958,-0.8868,0.204,AVOID
7.878,-1.9366,-0.8818,0.9612,-2.3193,-0.5991,-1.8958,-0.8868,0.2025,AVOID
7.898,-1.9344,-0.8787,0.9608,-2.3177,-0.5921,-1.8958,-0.8868,0.2008,AVOID
7.918,-1.9322,-0.8756,0.9598,-2.3177,-0.5921,-1.8835,-0.8692,0.1993,AVOID
7.938,-1.9301,-0.8725,0.9582,-2.3169,-0.5886,-1.8835,-0.8692,0.1977,AVOID
7.958,-1.9279,-0.8695,0.9559,-2.3161,-0.5851,-1.8835,-0.8692,0.1963,AVOID
7.978,-1.9258,-0.8665,0.9531,-2.3152,-0.5817,-1.8835,-0.8692,0.1949,AVOID
7.998,-1.9237,-0.8636,0.9498,-2.3135,-0.5747,-1.8835,-0.8692,0.1935,AVOID
8.018,-1.9217,-0.8608,0.9466,-2.3135,-0.5747,-1.8752,-0.8575,0.1922,AVOID
8.038,-1.9197,-0.858,0.944,-2.3118,-0.5677,-1.8752,-0.8575,0.1909,AVOID
8.058,-1.9177,-0.8552,0.942,-2.3118,-0.5677,-1.8752,-0.8575,0.1895,AVOID
8.078,-1.9156,-0.8524,0.9406,-2.3109,-0.5643,-1.8752,-0.8575,0.1882,AVOID
8.098,-1.9136,-0.8495,0.9398,-2.31,-0.5608,-1.8752,-0.8575,0.1868,AVOID
8.118,-1.9114,-0.8466,0.9396,-2.3092,-0.5573,-1.8647,-0.843,0.1854,AVOID
8.138,-1.9093,-0.8437,0.9396,-2.3083,-0.5538,-1.8647,-0.843,0.1841,AVOID
8.158,-1.9072,-0.8408,0.9396,-2.3074,-0.5503,-1.8647,-0.843,0.1827,AVOID
8.178,-1.9051,-0.8379,0.9396,-2.3065,-0.5468,-1.8647,-0.843,0.1814,AVOID
8.198,-1.903,-0.835,0.9396,-2.3057,-0.5433,-1.8647,-0.843,0.1801,AVOID
8.218,-1.9009,-0.8321,0.9396,-2.3048,-0.5398,-1.8541,-0.8284,0.1788,AVOID
8.238,-1.8988,-0.8292,0.9396,-2.3039,-0.5363,-1.8541,-0.8284,0.1775,AVOID
8.258,-1.8967,-0.8264,0.9396,-2.303,-0.5328,-1.8541,-0.8284,0.1763,AVOID
8.278,-1.8946,-0.8235,0.9396,-2.3022,-0.5293,-1.8541,-0.8284,0.1751,AVOID
8.298,-1.8924,-0.8206,0.9396,-2.3013,-0.5258,-1.8541,-0.8284,0.1739,AVOID
8.318,-1.8903,-0.8177,0.9396,-2.2995,-0.5189,-1.8435,-0.8139,0.1727,AVOID
8.338,-1.8882,-0.8148,0.9396,-2.2987,-0.5154,-1.8435,-0.8139,0.1715,AVOID
8.358,-1.8861,-0.8119,0.9396,-2.2978,-0.5119,-1.8435,-0.8139,0.1704,AVOID
8.378,-1.8839,-0.8089,0.9396,-2.2978,-0.5119,-1.8435,-0.8139,0.1693,AVOID
8.398,-1.8818,-0.806,0.9396,-2.2969,-0.5084,-1.8435,-0.8139,0.1682,AVOID
8.418,-1.8797,-0.8031,0.9396,-2.2961,-0.5049,-1.8328,-0.7994,0.1671,AVOID
8.438,-1.8776,-0.8002,0.9396,-2.2952,-0.5014,-1.8328,-0.7994,0.166,AVOID
8.458,-1.8754,-0.7973,0.9396,-2.2943,-0.4979,-1.8328,-0.7994,0.165,AVOID
8.478,-1.8733,-0.7944,0.9396,-2.2934,-0.4944,-1.8328,-0.7994,0.164,AVOID
8.498,-1.8712,-0.7915,0.9396,-2.2926,-0.4909,-1.8328,-0.7994,0.163,AVOID
8.518,-1.8691,-0.7886,0.9396,-2.2917,-0.4874,-1.8222,-0.7848,0.162,AVOID
8.538,-1.8669,-0.7857,0.9396,-2.2908,-0.4839,-1.8222,-0.7848,0.1611,AVOID
8.558,-1.8648,-0.7828,0.9396,-2.2899,-0.4804,-1.8222,-0.7848,0.1602,AVOID
8.578,-1.8627,-0.7799,0.9396,-2.2891,-0.4769,-1.8222,-0.7848,0.1593,AVOID
8.598,-1.8606,-0.777,0.9396,-2.2873,-0.47,-1.8222,-0.7848,0.1584,AVOID
8.618,-1.8585,-0.7741,0.9396,-2.2873,-0.47,-1.8095,-0.7674,0.1576,AVOID
8.638,-1.8564,-0.7712,0.9396,-2.2864,-0.4665,-1.8095,-0.7674,0.1568,AVOID
8.658,-1.8543,-0.7684,0.9396,-2.2856,-0.463,-1.8095,-0.7674,0.156,AVOID
8.678,-1.8522,-0.7655,0.9396,-2.2847,-0.4595,-1.8095,-0.7674,0.1552,AVOID
8.698,-1.85,-0.7626,0.9396,-2.283,-0.4525,-1.8095,-0.7674,0.1545,AVOID
8.718,-1.8479,-0.7597,0.9396,-2.283,-0.4525,-1.801,-0.7558,0.1537,AVOID
8.738,-1.8458,-0.7568,0.9396,-2.2812,-0.4455,-1.801,-0.7558,0.153,AVOID
8.758,-1.8437,-0.7538,0.9396,-2.2812,-0.4455,-1.801,-0.7558,0.1523,AVOID
8.778,-1.8415,-0.7509,0.9396,-2.2795,-0.4385,-1.801,-0.7558,0.1517,AVOID
8.798,-1.8394,-0.748,0.9396,-2.2795,-0.4385,-1.801,-0.7558,0.1511,AVOID
8.82,-1.8372,-0.745,0.9394,-2.2786,-0.435,-1.7882,-0.7383,0.1504,AVOID
8.838,-1.835,-0.742,0.9386,-2.2768,-0.4281,-1.7882,-0.7383,0.1498,AVOID
8.858,-1.8327,-0.7389,0.9372,-2.2768,-0.4281,-1.7882,-0.7383,0.1493,AVOID
8.878,-1.8305,-0.7359,0.9352,-2.275,-0.4212,-1.7882,-0.7383,0.1488,AVOID
8.898,-1.8284,-0.733,0.9327,-2.2741,-0.4177,-1.7882,-0.7383,0.1483,AVOID
8.918,-1.8262,-0.7301,0.9295,-2.2741,-0.4177,-1.7776,-0.7239,0.1479,AVOID
8.938,-1.824,-0.7272,0.926,-2.2732,-0.4143,-1.7776,-0.7239,0.1476,AVOID
8.958,-1.8219,-0.7243,0.9225,-2.2722,-0.4108,-1.7776,-0.7239,0.1472,AVOID
8.978,-1.8197,-0.7215,0.919,-2.2713,-0.4074,-1.7776,-0.7239,0.1468,AVOID
8.998,-1.8175,-0.7186,0.9155,-2.2703,-0.404,-1.7776,-0.7239,0.1465,AVOID
9.016,-1.8153,-0.7158,0.912,-2.2694,-0.4005,-1.769,-0.7125,0.1461,AVOID
9.038,-1.8131,-0.713,0.9086,-2.2684,-0.3971,-1.769,-0.7125,0.1458,AVOID
9.058,-1.811,-0.7102,0.9051,-2.2674,-0.3937,-1.769,-0.7125,0.1455,AVOID
9.078,-1.8087,-0.7073,0.9016,-2.2663,-0.3902,-1.769,-0.7125,0.1452,AVOID
9.098,-1.8065,-0.7045,0.8981,-2.2653,-0.3868,-1.769,-0.7125,0.145,AVOID
9.118,-1.8042,-0.7017,0.8946,-2.2643,-0.3834,-1.758,-0.6984,0.1447,AVOID
9.138,-1.802,-0.6989,0.8911,-2.2622,-0.3766,-1.758,-0.6984,0.1444,AVOID
9.158,-1.7997,-0.6961,0.8876,-2.2622,-0.3766,-1.758,-0.6984,0.1442,AVOID
9.178,-1.7974,-0.6933,0.8841,-2.2611,-0.3732,-1.758,-0.6984,0.144,AVOID
9.198,-1.7951,-0.6905,0.8806,-2.26,-0.3697,-1.758,-0.6984,0.1437,AVOID
9.218,-1.7928,-0.6877,0.8771,-2.2589,-0.3663,-1.7468,-0.6845,0.1435,AVOID
9.238,-1.7905,-0.685,0.8736,-2.2578,-0.363,-1.7468,-0.6845,0.1433,AVOID
9.258,-1.7882,-0.6822,0.8702,-2.2567,-0.3596,-1.7468,-0.6845,0.1432,AVOID
9.278,-1.7859,-0.6795,0.8667,-2.2556,-0.3562,-1.7468,-0.6845,0.143,AVOID
9.298,-1.7835,-0.6767,0.8632,-2.2544,-0.3528,-1.7468,-0.6845,0.1429,AVOID
9.318,-1.7812,-0.674,0.8597,-2.2533,-0.3494,-1.7354,-0.6708,0.1427,AVOID
9.338,-1.7788,-0.6713,0.8562,-2.2509,-0.3427,-1.7354,-0.6708,0.1426,AVOID
9.358,-1.7765,-0.6685,0.8527,-2.2509,-0.3427,-1.7354,-0.6708,0.1425,AVOID
9.378,-1.7742,-0.6658,0.8492,-2.2497,-0.3393,-1.7354,-0.6708,0.1425,AVOID
9.398,-1.7719,-0.6631,0.8457,-2.2485,-0.3359,-1.7354,-0.6708,0.1424,AVOID
9.418,-1.7695,-0.6604,0.8422,-2.2473,-0.3326,-1.7237,-0.6573,0.1424,AVOID
9.438,-1.7671,-0.6576,0.8384,-2.2461,-0.3293,-1.7237,-0.6573,0.1424,AVOID
9.458,-1.7646,-0.6549,0.834,-2.2449,-0.326,-1.7237,-0.6573,0.1424,AVOID
9.478,-1.7621,-0.6521,0.829,-2.2436,-0.3228,-1.7237,-0.6573,0.1424,AVOID
9.498,-1.7596,-0.6494,0.8234,-2.2423,-0.3195,-1.7237,-0.6573,0.1424,AVOID
9.518,-1.7571,-0.6468,0.8172,-2.2411,-0.3163,-1.7119,-0.6443,0.1425,AVOID
9.538,-1.7547,-0.6442,0.8104,-2.2397,-0.313,-1.7119,-0.6443,0.1426,AVOID
9.558,-1.7522,-0.6416,0.8034,-2.2384,-0.3098,-1.7119,-0.6443,0.1426,AVOID
9.578,-1.7497,-0.6391,0.7964,-2.237,-0.3066,-1.7119,-0.6443,0.1427,AVOID
9.598,-1.7473,-0.6366,0.7894,-2.2356,-0.3034,-1.7119,-0.6443,0.1428,AVOID
9.618,-1.7449,-0.6342,0.7828,-2.2328,-0.297,-1.6999,-0.6316,0.1429,AVOID
9.638,-1.7431,-0.6323,0.7768,-2.2328,-0.297,-1.6999,-0.6316,0.1431,AVOID
9.658,-1.7412,-0.6305,0.7714,-2.2314,-0.2938,-1.6999,-0.6316,0.1431,AVOID
9.678,-1.7394,-0.6287,0.7666,-2.2287,-0.2874,-1.6999,-0.6316,0.1432,AVOID
9.698,-1.7375,-0.6269,0.7625,-2.2287,-0.2874,-1.6999,-0.6316,0.1432,AVOID
9.718,-1.7355,-0.625,0.7585,-2.2274,-0.2841,-1.6875,-0.6194,0.1433,AVOID
9.738,-1.7336,-0.6231,0.7546,-2.2261,-0.2809,-1.6875,-0.6194,0.1434,AVOID
9.758,-1.7316,-0.6212,0.7507,-2.2248,-0.2776,-1.6875,-0.6194,0.1435,AVOID
9.778,-1.7295,-0.6191,0.7468,-2.2236,-0.2744,-1.6875,-0.6194,0.1436,AVOID
9.798,-1.7273,-0.6171,0.7435,-2.2211,-0.2678,-1.6875,-0.6194,0.1436,AVOID
9.818,-1.7249,-0.6148,0.7403,-2.2211,-0.2678,-1.6875,-0.6194,0.1437,AVOID
9.838,-1.7221,-0.6122,0.7364,-2.2199,-0.2645,-1.6875,-0.6194,0.1437,AVOID
9.858,-1.7193,-0.6097,0.732,-2.2187,-0.2613,-1.6748,-0.6074,0.1438,GO_GOAL
9.878,-1.7165,-0.6073,0.7269,-2.2175,-0.258,-1.6748,-0.6074,0.1439,GO_GOAL
9.898,-1.7138,-0.6049,0.7212,-2.2162,-0.2548,-1.6748,-0.6074,0.144,GO_GOAL
9.918,-1.7111,-0.6025,0.7149,-2.2136,-0.2483,-1.6618,-0.5957,0.1442,GO_GOAL
9.938,-1.7084,-0.6002,0.7081,-2.2136,-0.2483,-1.6618,-0.5957,0.1443,GO_GOAL
9.958,-1.7057,-0.5979,0.7011,-2.2109,-0.2419,-1.6618,-0.5957,0.1445,GO_GOAL
9.978,-1.703,-0.5956,0.6941,-2.2109,-0.2419,-1.6618,-0.5957,0.1447,GO_GOAL
9.998,-1.7002,-0.5933,0.6871,-2.2095,-0.2386,-1.6618,-0.5957,0.1449,GO_GOAL
10.018,-1.6976,-0.5911,0.6802,-2.2081,-0.2355,-1.6485,-0.5844,0.1451,GO_GOAL
10.038,-1.6949,-0.589,0.6732,-2.2067,-0.2323,-1.6485,-0.5844,0.1453,GO_GOAL
10.058,-1.6923,-0.5868,0.6662,-2.2052,-0.2291,-1.6485,-0.5844,0.1455,GO_GOAL
10.078,-1.6895,-0.5846,0.6592,-2.2037,-0.2259,-1.6485,-0.5844,0.1457,GO_GOAL
10.098,-1.6867,-0.5824,0.6522,-2.2022,-0.2228,-1.6485,-0.5844,0.1459,GO_GOAL
10.118,-1.6838,-0.5803,0.6453,-2.2007,-0.2196,-1.6349,-0.5735,0.1461,GO_GOAL
10.138,-1.681,-0.5782,0.6383,-2.1992,-0.2165,-1.6349,-0.5735,0.1462,GO_GOAL
10.158,-1.6781,-0.576,0.6313,-2.1976,-0.2134,-1.6349,-0.5735,0.1464,GO_GOAL
10.178,-1.6752,-0.574,0.6243,-2.196,-0.2103,-1.6349,-0.5735,0.1466,GO_GOAL
10.198,-1.6723,-0.5719,0.6173,-2.1928,-0.2041,-1.6209,-0.5631,0.1468,GO_GOAL
10.218,-1.6694,-0.5699,0.6103,-2.1928,-0.2041,-1.6209,-0.5631,0.147,GO_GOAL
10.238,-1.6665,-0.5678,0.6034,-2.1912,-0.201,-1.6209,-0.5631,0.1471,GO_GOAL
10.258,-1.6636,-0.5658,0.5964,-2.1895,-0.1979,-1.6209,-0.5631,0.1473,GO_GOAL
10.278,-1.6607,-0.5638,0.5894,-2.1878,-0.1949,-1.6209,-0.5631,0.1475,GO_GOAL
10.298,-1.6578,-0.5618,0.5824,-2.1861,-0.1918,-1.6209,-0.5631,0.1477,GO_GOAL
10.318,-1.6549,-0.5598,0.5754,-2.1826,-0.1857,-1.6065,-0.5532,0.148,GO_GOAL
10.336,-1.6519,-0.5579,0.5685,-2.1826,-0.1857,-1.6065,-0.5532,0.1482,GO_GOAL
10.358,-1.6488,-0.556,0.5619,-2.179,-0.1795,-1.6065,-0.5532,0.1484,GO_GOAL
10.378,-1.6459,-0.5541,0.5559,-2.179,-0.1795,-1.6065,-0.5532,0.1485,GO_GOAL
10.398,-1.643,-0.5523,0.5505,-2.1753,-0.1734,-1.6065,-0.5532,0.1487,GO_GOAL
10.418,-1.64,-0.5505,0.5457,-2.1753,-0.1734,-1.5885,-0.5417,0.1488,GO_GOAL
10.438,-1.6369,-0.5487,0.5415,-2.1716,-0.1673,-1.5885,-0.5417,0.1489,GO_GOAL
10.458,-1.6338,-0.5468,0.5378,-2.1716,-0.1673,-1.5885,-0.5417,0.149,GO_GOAL
10.478,-1.6307,-0.545,0.5343,-2.1697,-0.1642,-1.5885,-0.5417,0.1491,GO_GOAL
10.498,-1.6276,-0.5431,0.5308,-2.166,-0.1582,-1.5885,-0.5417,0.1492,GO_GOAL
10.518,-1.6247,-0.5414,0.5276,-2.166,-0.1582,-1.5731,-0.5326,0.1494,GO_GOAL
10.538,-1.6218,-0.5396,0.5244,-2.1641,-0.1551,-1.5731,-0.5326,0.1496,GO_GOAL
10.558,-1.6189,-0.5379,0.5212,-2.1622,-0.1521,-1.5731,-0.5326,0.1498,GO_GOAL
10.578,-1.616,-0.5362,0.5183,-2.1603,-0.149,-1.5731,-0.5326,0.15,GO_GOAL
10.598,-1.613,-0.5345,0.516,-2.1583,-0.146,-1.5731,-0.5326,0.1501,GO_GOAL
10.618,-1.6099,-0.5328,0.5143,-2.1564,-0.1429,-1.5607,-0.5254,0.1503,GO_GOAL
10.638,-1.6069,-0.531,0.5132,-2.1545,-0.1399,-1.5607,-0.5254,0.1504,GO_GOAL
10.658,-1.6038,-0.5293,0.5126,-2.1526,-0.1368,-1.5607,-0.5254,0.1506,GO_GOAL
10.678,-1.6006,-0.5275,0.5126,-2.1507,-0.1338,-1.5607,-0.5254,0.1508,GO_GOAL
10.698,-1.5975,-0.5258,0.5126,-2.1488,-0.1307,-1.5607,-0.5254,0.1509,GO_GOAL
10.718,-1.5944,-0.524,0.5126,-2.1469,-0.1276,-1.5418,-0.5148,0.1512,GO_GOAL
10.738,-1.5913,-0.5222,0.5126,-2.145,-0.1246,-1.5418,-0.5148,0.1514,GO_GOAL
10.758,-1.5882,-0.5204,0.5126,-2.1412,-0.1185,-1.5418,-0.5148,0.1517,GO_GOAL
10.778,-1.5851,-0.5187,0.5126,-2.1412,-0.1185,-1.5418,-0.5148,0.152,GO_GOAL
10.798,-1.5819,-0.5169,0.5126,-2.1393,-0.1154,-1.5418,-0.5148,0.1523,GO_GOAL
10.818,-1.5788,-0.5151,0.5126,-2.1374,-0.1124,-1.5293,-0.5078,0.1527,GO_GOAL
10.838,-1.5757,-0.5134,0.5126,-2.1355,-0.1093,-1.5293,-0.5078,0.153,GO_GOAL
10.858,-1.5725,-0.5116,0.5126,-2.1335,-0.1063,-1.5293,-0.5078,0.1534,GO_GOAL
10.878,-1.5694,-0.5098,0.5126,-2.1316,-0.1032,-1.5293,-0.5078,0.1539,GO_GOAL
10.898,-1.5662,-0.5081,0.5126,-2.1297,-0.1002,-1.5293,-0.5078,0.1543,GO_GOAL
10.918,-1.5631,-0.5063,0.5126,-2.1278,-0.0971,-1.5136,-0.4989,0.1548,GO_GOAL
10.938,-1.56,-0.5045,0.5126,-2.124,-0.091,-1.5136,-0.4989,0.1552,GO_GOAL
10.958,-1.5569,-0.5028,0.5126,-2.124,-0.091,-1.5136,-0.4989,0.1558,GO_GOAL
10.978,-1.5537,-0.501,0.5126,-2.1202,-0.0849,-1.5136,-0.4989,0.1563,GO_GOAL
10.998,-1.5506,-0.4992,0.5126,-2.1202,-0.0849,-1.5136,-0.4989,0.1569,GO_GOAL
11.018,-1.5475,-0.4975,0.5126,-2.1164,-0.0788,-1.4979,-0.4901,0.1574,GO_GOAL
11.038,-1.5443,-0.4957,0.5126,-2.1145,-0.0757,-1.4979,-0.4901,0.158,GO_GOAL
11.058,-1.5412,-0.494,0.5126,-2.1126,-0.0727,-1.4979,-0.4901,0.1587,GO_GOAL
11.078,-1.5381,-0.4922,0.5126,-2.1107,-0.0696,-1.4979,-0.4901,0.1593,GO_GOAL
11.098,-1.5349,-0.4904,0.5126,-2.1107,-0.0696,-1.4979,-0.4901,0.16,GO_GOAL
11.118,-1.5318,-0.4887,0.5126,-2.1087,-0.0666,-1.4822,-0.4813,0.1607,GO_GOAL
11.138,-1.5286,-0.4869,0.5126,-2.1068,-0.0635,-1.4822,-0.4813,0.1615,GO_GOAL
11.158,-1.5255,-0.4851,0.5126,-2.1049,-0.0605,-1.4822,-0.4813,0.1622,GO_GOAL
11.178,-1.5224,-0.4834,0.5126,-2.103,-0.0574,-1.4822,-0.4813,0.163,GO_GOAL
11.198,-1.5192,-0.4816,0.5126,-2.0992,-0.0513,-1.4822,-0.4813,0.1638,GO_GOAL
11.218,-1.5161,-0.4798,0.5126,-2.0992,-0.0513,-1.4665,-0.4725,0.1646,GO_GOAL
11.238,-1.513,-0.4781,0.5126,-2.0973,-0.0483,-1.4665,-0.4725,0.1655,GO_GOAL
11.258,-1.5098,-0.4763,0.5126,-2.0954,-0.0452,-1.4665,-0.4725,0.1663,GO_GOAL
11.278,-1.5067,-0.4745,0.5126,-2.0935,-0.0422,-1.4665,-0.4725,0.1672,GO_GOAL
11.298,-1.5036,-0.4728,0.5126,-2.0916,-0.0391,-1.4665,-0.4725,0.1681,GO_GOAL
11.318,-1.5004,-0.471,0.5126,-2.0897,-0.0361,-1.4508,-0.4637,0.1691,GO_GOAL
11.338,-1.4973,-0.4693,0.5126,-2.0859,-0.03,-1.4508,-0.4637,0.17,GO_GOAL
11.358,-1.4942,-0.4675,0.5126,-2.0859,-0.03,-1.4508,-0.4637,0.171,GO_GOAL
11.378,-1.491,-0.4657,0.5126,-2.0839,-0.0269,-1.4508,-0.4637,0.172,GO_GOAL
11.398,-1.4879,-0.464,0.5126,-2.082,-0.0238,-1.4508,-0.4637,0.1731,GO_GOAL
11.418,-1.4848,-0.4622,0.5126,-2.0801,-0.0208,-1.432,-0.4531,0.1741,GO_GOAL
11.438,-1.4816,-0.4604,0.5126,-2.0782,-0.0177,-1.432,-0.4531,0.1752,GO_GOAL
11.458,-1.4785,-0.4587,0.5126,-2.0763,-0.0147,-1.432,-0.4531,0.1763,GO_GOAL
11.478,-1.4754,-0.4569,0.5126,-2.0744,-0.0116,-1.432,-0.4531,0.1774,GO_GOAL
11.498,-1.4722,-0.4551,0.5126,-2.0725,-0.0086,-1.432,-0.4531,0.1786,GO_GOAL
11.518,-1.4691,-0.4534,0.5126,-2.0706,-0.0055,-1.4194,-0.446,0.1797,GO_GOAL
11.538,-1.4659,-0.4516,0.5126,-2.0687,-0.0025,-1.4194,-0.446,0.1809,GO_GOAL
11.558,-1.4628,-0.4498,0.5126,-2.0668,0.0006,-1.4194,-0.446,0.1821,GO_GOAL
11.578,-1.4597,-0.4481,0.5126,-2.0649,0.0036,-1.4194,-0.446,0.1833,GO_GOAL
11.598,-1.4565,-0.4463,0.5126,-2.063,0.0067,-1.4194,-0.446,0.1846,GO_GOAL
11.618,-1.4534,-0.4446,0.5126,-2.0591,0.0128,-1.4037,-0.4372,0.1858,GO_GOAL
11.638,-1.4503,-0.4428,0.5126,-2.0591,0.0128,-1.4037,-0.4372,0.1871,GO_GOAL
11.658,-1.4471,-0.441,0.5126,-2.0572,0.0158,-1.4037,-0.4372,0.1884,GO_GOAL
11.678,-1.444,-0.4393,0.5126,-2.0553,0.0189,-1.4037,-0.4372,0.1898,GO_GOAL
11.698,-1.4409,-0.4375,0.5126,-2.0534,0.0219,-1.4037,-0.4372,0.1911,GO_GOAL
11.718,-1.4377,-0.4357,0.5126,-2.0515,0.025,-1.388,-0.4284,0.1925,GO_GOAL
11.738,-1.4346,-0.434,0.5126,-2.0496,0.0281,-1.388,-0.4284,0.1939,GO_GOAL
11.758,-1.4314,-0.4322,0.5126,-2.0477,0.0311,-1.388,-0.4284,0.1953,GO_GOAL
11.778,-1.4283,-0.4304,0.5126,-2.0458,0.0342,-1.388,-0.4284,0.1967,GO_GOAL
11.798,-1.4252,-0.4287,0.5126,-2.042,0.0403,-1.388,-0.4284,0.1982,GO_GOAL
11.818,-1.422,-0.4269,0.5126,-2.042,0.0403,-1.3723,-0.4196,0.1996,GO_GOAL
11.838,-1.4189,-0.4251,0.5126,-2.0401,0.0433,-1.3723,-0.4196,0.2011,GO_GOAL
11.858,-1.4158,-0.4234,0.5126,-2.0382,0.0464,-1.3723,-0.4196,0.2026,GO_GOAL
11.878,-1.4126,-0.4216,0.5126,-2.0363,0.0494,-1.3723,-0.4196,0.2042,GO_GOAL
11.898,-1.4095,-0.4198,0.5126,-2.0343,0.0525,-1.3723,-0.4196,0.2057,GO_GOAL
11.918,-1.4063,-0.4181,0.5126,-2.0324,0.0555,-1.3567,-0.4108,0.2073,GO_GOAL
11.938,-1.4032,-0.4163,0.5126,-2.0305,0.0586,-1.3567,-0.4108,0.2089,GO_GOAL
11.958,-1.4001,-0.4145,0.5126,-2.0286,0.0616,-1.3567,-0.4108,0.2105,GO_GOAL
11.978,-1.3969,-0.4128,0.5126,-2.0267,0.0647,-1.3567,-0.4108,0.2121,GO_GOAL
11.998,-1.3938,-0.411,0.5126,-2.0248,0.0677,-1.3567,-0.4108,0.2137,GO_GOAL
12.018,-1.3907,-0.4092,0.5126,-2.0229,0.0708,-1.341,-0.402,0.2154,GO_GOAL
12.038,-1.3875,-0.4075,0.5126,-2.021,0.0738,-1.341,-0.402,0.217,GO_GOAL
12.058,-1.3844,-0.4057,0.5126,-2.0191,0.0769,-1.341,-0.402,0.2187,GO_GOAL
12.078,-1.3812,-0.4039,0.5126,-2.0153,0.083,-1.341,-0.402,0.2204,GO_GOAL
12.098,-1.3781,-0.4022,0.5126,-2.0153,0.083,-1.341,-0.402,0.2222,GO_GOAL
12.118,-1.375,-0.4004,0.5126,-2.0134,0.0861,-1.3253,-0.3931,0.2239,GO_GOAL
12.138,-1.3718,-0.3986,0.5126,-2.0115,0.0891,-1.3253,-0.3931,0.2257,GO_GOAL
12.158,-1.3687,-0.3969,0.5126,-2.0095,0.0922,-1.3253,-0.3931,0.2274,GO_GOAL
12.178,-1.3656,-0.3951,0.5126,-2.0076,0.0952,-1.3253,-0.3931,0.2292,GO_GOAL
12.198,-1.3624,-0.3934,0.5126,-2.0057,0.0983,-1.3253,-0.3931,0.231,GO_GOAL
12.218,-1.3593,-0.3916,0.5126,-2.0038,0.1013,-1.3096,-0.3843,0.2329,GO_GOAL
12.238,-1.3561,-0.3898,0.5126,-2.0019,0.1044,-1.3096,-0.3843,0.2347,GO_GOAL
12.258,-1.353,-0.3881,0.5126,-1.9981,0.1105,-1.3096,-0.3843,0.2366,GO_GOAL
12.278,-1.3499,-0.3863,0.5126,-1.9981,0.1105,-1.3096,-0.3843,0.2384,GO_GOAL
12.298,-1.3467,-0.3845,0.5126,-1.9962,0.1135,-1.3096,-0.3843,0.2403,GO_GOAL
12.318,-1.3436,-0.3828,0.5126,-1.9943,0.1166,-1.2939,-0.3755,0.2422,GO_GOAL
12.338,-1.3405,-0.381,0.5126,-1.9905,0.1227,-1.2939,-0.3755,0.2441,GO_GOAL
12.358,-1.3373,-0.3792,0.5126,-1.9886,0.1257,-1.2939,-0.3755,0.2461,GO_GOAL
12.378,-1.3342,-0.3775,0.5126,-1.9867,0.1288,-1.2939,-0.3755,0.248,GO_GOAL
12.398,-1.331,-0.3757,0.5126,-1.9867,0.1288,-1.2939,-0.3755,0.25,GO_GOAL
12.418,-1.3279,-0.3739,0.5126,-1.9847,0.1319,-1.2782,-0.3667,0.252,GO_GOAL
12.438,-1.3248,-0.3722,0.5126,-1.9828,0.1349,-1.2782,-0.3667,0.254,GO_GOAL
12.458,-1.3216,-0.3704,0.5126,-1.979,0.141,-1.2782,-0.3667,0.256,GO_GOAL
12.478,-1.3185,-0.3686,0.5126,-1.979,0.141,-1.2782,-0.3667,0.258,GO_GOAL
12.498,-1.3154,-0.3669,0.5126,-1.9771,0.1441,-1.2782,-0.3667,0.26,GO_GOAL
12.518,-1.3122,-0.3651,0.5126,-1.9752,0.1471,-1.2625,-0.3579,0.2621,GO_GOAL
12.538,-1.3091,-0.3633,0.5126,-1.9733,0.1502,-1.2625,-0.3579,0.2642,GO_GOAL
12.558,-1.3059,-0.3616,0.5126,-1.9714,0.1532,-1.2625,-0.3579,0.2662,GO_GOAL
12.578,-1.3028,-0.3598,0.5126,-1.9695,0.1563,-1.2625,-0.3579,0.2683,GO_GOAL
12.598,-1.2997,-0.358,0.5126,-1.9676,0.1593,-1.2625,-0.3579,0.2704,GO_GOAL
12.618,-1.2965,-0.3563,0.5126,-1.9657,0.1624,-1.2468,-0.3491,0.2726,GO_GOAL
12.638,-1.2934,-0.3545,0.5126,-1.9638,0.1654,-1.2468,-0.3491,0.2747,GO_GOAL
12.658,-1.2903,-0.3527,0.5126,-1.9619,0.1685,-1.2468,-0.3491,0.2768,GO_GOAL
12.678,-1.2871,-0.351,0.5126,-1.9599,0.1715,-1.2468,-0.3491,0.279,GO_GOAL
12.698,-1.284,-0.3492,0.5126,-1.958,0.1746,-1.2468,-0.3491,0.2812,GO_GOAL
12.718,-1.2808,-0.3474,0.5126,-1.9561,0.1776,-1.2311,-0.3402,0.2834,GO_GOAL
12.738,-1.2777,-0.3457,0.5126,-1.9542,0.1807,-1.2311,-0.3402,0.2856,GO_GOAL
12.758,-1.2746,-0.3439,0.5126,-1.9523,0.1838,-1.2311,-0.3402,0.2878,GO_GOAL
12.778,-1.2714,-0.3422,0.5126,-1.9485,0.1899,-1.2311,-0.3402,0.29,GO_GOAL
12.798,-1.2683,-0.3404,0.5126,-1.9485,0.1899,-1.2311,-0.3402,0.2922,GO_GOAL
12.818,-1.2652,-0.3386,0.5126,-1.9466,0.1929,-1.2154,-0.3314,0.2945,GO_GOAL
12.838,-1.262,-0.3369,0.5126,-1.9447,0.196,-1.2154,-0.3314,0.2967,GO_GOAL
12.858,-1.2589,-0.3351,0.5126,-1.9409,0.2021,-1.2154,-0.3314,0.299,GO_GOAL
12.878,-1.2558,-0.3333,0.5126,-1.9409,0.2021,-1.2154,-0.3314,0.3013,GO_GOAL
12.898,-1.2526,-0.3316,0.5126,-1.939,0.2051,-1.2154,-0.3314,0.3036,GO_GOAL
12.918,-1.2495,-0.3298,0.5126,-1.9371,0.2082,-1.1997,-0.3226,0.3059,GO_GOAL
12.938,-1.2463,-0.328,0.5126,-1.9332,0.2143,-1.1997,-0.3226,0.3082,GO_GOAL
12.958,-1.2432,-0.3263,0.5126,-1.9332,0.2143,-1.1997,-0.3226,0.3106,GO_GOAL
12.978,-1.2401,-0.3245,0.5126,-1.9313,0.2173,-1.1997,-0.3226,0.3129,GO_GOAL
12.998,-1.2369,-0.3227,0.5126,-1.9294,0.2204,-1.1997,-0.3226,0.3152,GO_GOAL
13.018,-1.2338,-0.321,0.5126,-1.9256,0.2265,-1.184,-0.3138,0.3176,GO_GOAL
13.038,-1.2307,-0.3192,0.5126,-1.9237,0.2296,-1.184,-0.3138,0.32,GO_GOAL
13.058,-1.2275,-0.3174,0.5126,-1.9237,0.2296,-1.184,-0.3138,0.3224,GO_GOAL
13.078,-1.2244,-0.3157,0.5126,-1.9218,0.2326,-1.184,-0.3138,0.3248,GO_GOAL
13.098,-1.2212,-0.3139,0.5126,-1.9199,0.2357,-1.184,-0.3138,0.3272,GO_GOAL
13.118,-1.2181,-0.3121,0.5126,-1.918,0.2387,-1.1683,-0.305,0.3296,GO_GOAL
13.138,-1.215,-0.3104,0.5126,-1.9161,0.2418,-1.1683,-0.305,0.332,GO_GOAL
13.158,-1.2118,-0.3086,0.5126,-1.9142,0.2448,-1.1683,-0.305,0.3345,GO_GOAL
13.178,-1.2087,-0.3068,0.5126,-1.9103,0.2509,-1.1683,-0.305,0.3369,GO_GOAL
13.198,-1.2056,-0.3051,0.5126,-1.9103,0.2509,-1.1683,-0.305,0.3394,GO_GOAL
13.218,-1.2024,-0.3033,0.5126,-1.9084,0.254,-1.1526,-0.2962,0.3418,GO_GOAL
13.238,-1.1993,-0.3015,0.5126,-1.9065,0.257,-1.1526,-0.2962,0.3443,GO_GOAL
13.258,-1.1961,-0.2998,0.5126,-1.9027,0.2631,-1.1526,-0.2962,0.3468,GO_GOAL
13.278,-1.193,-0.298,0.5126,-1.9027,0.2631,-1.1526,-0.2962,0.3493,GO_GOAL
13.298,-1.1899,-0.2962,0.5126,-1.8989,0.2692,-1.1526,-0.2962,0.3518,GO_GOAL
13.318,-1.1867,-0.2945,0.5126,-1.8989,0.2692,-1.137,-0.2873,0.3543,GO_GOAL
13.34,-1.1836,-0.2927,0.5126,-1.897,0.2723,-1.137,-0.2873,0.3568,GO_GOAL
13.358,-1.1805,-0.2909,0.5126,-1.8951,0.2753,-1.137,-0.2873,0.3594,GO_GOAL
13.378,-1.1773,-0.2892,0.5126,-1.8932,0.2784,-1.137,-0.2873,0.3619,GO_GOAL
13.398,-1.1742,-0.2874,0.5126,-1.8913,0.2815,-1.137,-0.2873,0.3645,GO_GOAL
13.418,-1.1712,-0.2858,0.5128,-1.8894,0.2845,-1.137,-0.2873,0.3668,GO_GOAL
13.438,-1.1685,-0.2844,0.5135,-1.8876,0.2874,-1.137,-0.2873,0.3689,GO_GOAL
13.458,-1.1661,-0.2832,0.5148,-1.8858,0.2903,-1.137,-0.2873,0.3707,GO_GOAL
13.478,-1.1638,-0.2818,0.5165,-1.8841,0.2931,-1.137,-0.2873,0.3726,GO_GOAL
13.498,-1.1615,-0.2805,0.5186,-1.8825,0.2961,-1.1181,-0.2768,0.3745,AVOID
13.518,-1.1591,-0.2792,0.5213,-1.8808,0.299,-1.1064,-0.2701,0.3764,AVOID
13.538,-1.1568,-0.2778,0.5243,-1.8792,0.3019,-1.1064,-0.2701,0.3783,AVOID
13.558,-1.1544,-0.2764,0.5279,-1.8776,0.3049,-1.1064,-0.2701,0.3803,AVOID
13.578,-1.152,-0.275,0.5318,-1.8761,0.3079,-1.1064,-0.2701,0.3823,AVOID
13.596,-1.1495,-0.2736,0.5363,-1.8745,0.3109,-1.1064,-0.2701,0.3843,AVOID
13.618,-1.147,-0.2721,0.5412,-1.873,0.3139,-1.089,-0.26,0.3863,AVOID
13.638,-1.1446,-0.2706,0.5466,-1.8716,0.3169,-1.089,-0.26,0.3884,AVOID
13.658,-1.1421,-0.269,0.5524,-1.8702,0.3199,-1.089,-0.26,0.3905,AVOID
13.678,-1.1395,-0.2675,0.5587,-1.8688,0.323,-1.089,-0.26,0.3926,AVOID
13.698,-1.137,-0.2659,0.5654,-1.8674,0.3261,-1.089,-0.26,0.3948,AVOID
13.722,-1.1345,-0.2642,0.5726,-1.8648,0.3322,-1.0776,-0.2529,0.397,AVOID
13.74,-1.1319,-0.2626,0.5803,-1.8635,0.3354,-1.0776,-0.2529,0.3993,AVOID
13.758,-1.1293,-0.2609,0.5884,-1.8635,0.3354,-1.0776,-0.2529,0.4015,AVOID
13.778,-1.1267,-0.2591,0.597,-1.8623,0.3385,-1.0776,-0.2529,0.4039,AVOID
13.798,-1.1241,-0.2573,0.6061,-1.8611,0.3416,-1.0776,-0.2529,0.4062,AVOID
13.82,-1.1215,-0.2555,0.6156,-1.8588,0.3479,-1.0635,-0.2437,0.4087,AVOID
13.84,-1.1188,-0.2536,0.6256,-1.8588,0.3479,-1.0635,-0.2437,0.4111,AVOID
13.858,-1.1162,-0.2517,0.636,-1.8566,0.3543,-1.0635,-0.2437,0.4136,AVOID
13.878,-1.1136,-0.2497,0.6465,-1.8566,0.3543,-1.0635,-0.2437,0.4161,AVOID
13.898,-1.111,-0.2477,0.657,-1.8555,0.3575,-1.0635,-0.2437,0.4187,AVOID
13.918,-1.1084,-0.2457,0.6675,-1.8545,0.3607,-1.0499,-0.2339,0.4213,AVOID
13.938,-1.1059,-0.2437,0.6779,-1.8536,0.3639,-1.0499,-0.2339,0.4239,AVOID
13.958,-1.1033,-0.2416,0.6884,-1.8526,0.3671,-1.0499,-0.2339,0.4265,AVOID
13.978,-1.1008,-0.2396,0.6989,-1.8509,0.3736,-1.0499,-0.2339,0.4292,AVOID
13.998,-1.0983,-0.2374,0.7093,-1.85,0.3769,-1.0499,-0.2339,0.4319,AVOID
14.018,-1.0957,-0.2352,0.7196,-1.85,0.3769,-1.0368,-0.2233,0.4348,AVOID
14.038,-1.093,-0.2328,0.7293,-1.8492,0.3802,-1.0368,-0.2233,0.4378,AVOID
14.058,-1.0904,-0.2304,0.7386,-1.8484,0.3836,-1.0368,-0.2233,0.4409,AVOID
14.078,-1.0877,-0.228,0.7474,-1.8476,0.387,-1.0368,-0.2233,0.4439,AVOID
14.098,-1.0852,-0.2256,0.7557,-1.8468,0.3904,-1.0368,-0.2233,0.447,AVOID
14.118,-1.0826,-0.2232,0.7636,-1.8461,0.3938,-1.024,-0.2118,0.4501,AVOID
14.138,-1.0801,-0.2208,0.7709,-1.8454,0.3973,-1.024,-0.2118,0.4531,AVOID
14.158,-1.0777,-0.2184,0.778,-1.8447,0.4007,-1.024,-0.2118,0.4561,AVOID
14.178,-1.0753,-0.2159,0.7849,-1.844,0.4041,-1.024,-0.2118,0.4592,AVOID
14.198,-1.0728,-0.2135,0.7919,-1.8428,0.411,-1.024,-0.2118,0.4623,AVOID
14.218,-1.0703,-0.2109,0.7987,-1.8428,0.411,-1.0115,-0.1996,0.4655,AVOID
14.238,-1.0677,-0.2082,0.8049,-1.8415,0.418,-1.0115,-0.1996,0.4689,AVOID
14.258,-1.0651,-0.2056,0.8107,-1.8415,0.418,-1.0115,-0.1996,0.4723,AVOID
14.278,-1.0626,-0.2029,0.816,-1.841,0.4215,-1.0115,-0.1996,0.4756,AVOID
14.298,-1.0601,-0.2002,0.8208,-1.8404,0.425,-1.0115,-0.1996,0.479,AVOID
14.318,-1.0577,-0.1976,0.8252,-1.8398,0.4286,-0.9991,-0.1868,0.4823,AVOID
14.338,-1.0553,-0.195,0.8291,-1.8393,0.4321,-0.9991,-0.1868,0.4856,AVOID
14.358,-1.0529,-0.1924,0.8326,-1.8387,0.4356,-0.9991,-0.1868,0.4889,AVOID
14.376,-1.0505,-0.1897,0.8361,-1.8382,0.4392,-0.9991,-0.1868,0.4922,AVOID
14.398,-1.0481,-0.1871,0.8396,-1.8377,0.4427,-0.9991,-0.1868,0.4955,AVOID
14.418,-1.0458,-0.1845,0.8431,-1.8372,0.4462,-0.9871,-0.1736,0.4988,AVOID
14.438,-1.0434,-0.1818,0.8466,-1.8367,0.4498,-0.9871,-0.1736,0.5021,AVOID
14.458,-1.0411,-0.1792,0.8501,-1.8362,0.4533,-0.9871,-0.1736,0.5054,AVOID
14.478,-1.0388,-0.1765,0.8536,-1.8353,0.4604,-0.9871,-0.1736,0.5088,AVOID
14.498,-1.0364,-0.1738,0.8571,-1.8353,0.4604,-0.9871,-0.1736,0.5121,AVOID
14.518,-1.0341,-0.1711,0.8606,-1.8348,0.4639,-0.9753,-0.1602,0.5155,AVOID
14.538,-1.0318,-0.1684,0.864,-1.8344,0.4675,-0.9753,-0.1602,0.5188,AVOID
14.558,-1.0295,-0.1657,0.8675,-1.834,0.471,-0.9753,-0.1602,0.5222,AVOID
14.578,-1.0272,-0.163,0.871,-1.8336,0.4746,-0.9753,-0.1602,0.5255,AVOID
14.598,-1.025,-0.1603,0.8745,-1.8332,0.4781,-0.9753,-0.1602,0.5289,AVOID
14.618,-1.0226,-0.1575,0.8779,-1.8324,0.4853,-0.9637,-0.1466,0.5324,AVOID
14.638,-1.0202,-0.1546,0.8807,-1.8324,0.4853,-0.9637,-0.1466,0.536,AVOID
14.658,-1.0178,-0.1517,0.8831,-1.8321,0.4888,-0.9637,-0.1466,0.5396,AVOID
14.678,-1.0154,-0.1488,0.885,-1.8317,0.4924,-0.9637,-0.1466,0.5432,AVOID
14.698,-1.0131,-0.1459,0.8865,-1.8313,0.496,-0.9637,-0.1466,0.5467,AVOID
14.718,-1.0108,-0.1431,0.8875,-1.8309,0.4996,-0.9523,-0.1328,0.5503,AVOID
14.738,-1.0085,-0.1403,0.888,-1.8306,0.5032,-0.9523,-0.1328,0.5538,AVOID
14.758,-1.0062,-0.1375,0.8881,-1.8302,0.5068,-0.9523,-0.1328,0.5573,AVOID
14.778,-1.0039,-0.1347,0.8881,-1.8298,0.5103,-0.9523,-0.1328,0.5607,AVOID
14.798,-1.0016,-0.1319,0.8881,-1.8294,0.5139,-0.9523,-0.1328,0.5642,AVOID
14.818,-0.9994,-0.1291,0.8881,-1.8291,0.5175,-0.9409,-0.1188,0.5677,AVOID
14.838,-0.9971,-0.1263,0.8881,-1.8287,0.5211,-0.9409,-0.1188,0.5712,AVOID
14.858,-0.9948,-0.1235,0.8881,-1.8283,0.5247,-0.9409,-0.1188,0.5746,AVOID
14.878,-0.9926,-0.1207,0.8881,-1.8279,0.5282,-0.9409,-0.1188,0.5781,AVOID
14.898,-0.9903,-0.1179,0.8881,-1.8276,0.5318,-0.9409,-0.1188,0.5816,AVOID
14.916,-0.988,-0.1151,0.8881,-1.8272,0.5354,-0.9296,-0.1048,0.5851,AVOID
14.938,-0.9857,-0.1123,0.8881,-1.8268,0.539,-0.9296,-0.1048,0.5886,AVOID
14.958,-0.9835,-0.1095,0.8881,-1.8264,0.5426,-0.9296,-0.1048,0.5921,AVOID
14.978,-0.9812,-0.1067,0.8881,-1.8261,0.5461,-0.9296,-0.1048,0.5955,AVOID
14.998,-0.9789,-0.1039,0.8881,-1.8257,0.5497,-0.9296,-0.1048,0.599,AVOID
15.018,-0.9767,-0.1012,0.8881,-1.8253,0.5533,-0.916,-0.088,0.6025,AVOID
15.038,-0.9744,-0.0984,0.8881,-1.8249,0.5569,-0.916,-0.088,0.606,AVOID
15.058,-0.9721,-0.0956,0.8881,-1.8246,0.5605,-0.916,-0.088,0.6095,AVOID
15.078,-0.9698,-0.0928,0.8881,-1.8238,0.5676,-0.916,-0.088,0.613,AVOID
15.098,-0.9676,-0.09,0.8881,-1.8238,0.5676,-0.916,-0.088,0.6165,AVOID
15.118,-0.9653,-0.0872,0.8881,-1.8231,0.5748,-0.9069,-0.0768,0.62,AVOID
15.138,-0.963,-0.0844,0.8881,-1.8231,0.5748,-0.9069,-0.0768,0.6207,AVOID
15.158,-0.9608,-0.0816,0.8881,-1.8227,0.5784,-0.9069,-0.0768,0.6177,AVOID
15.178,-0.9585,-0.0788,0.8881,-1.8223,0.5819,-0.9069,-0.0768,0.6147,AVOID
15.198,-0.9562,-0.076,0.8881,-1.822,0.5855,-0.9069,-0.0768,0.6117,AVOID
15.218,-0.9539,-0.0732,0.8881,-1.8216,0.5891,-0.8956,-0.0629,0.6087,AVOID
15.238,-0.9517,-0.0704,0.8881,-1.8212,0.5927,-0.8956,-0.0629,0.6057,AVOID
15.258,-0.9494,-0.0676,0.8881,-1.8208,0.5963,-0.8956,-0.0629,0.6027,AVOID
15.278,-0.9471,-0.0648,0.8881,-1.8201,0.6034,-0.8956,-0.0629,0.5998,AVOID
15.298,-0.9449,-0.0621,0.8881,-1.8201,0.6034,-0.8956,-0.0629,0.5968,AVOID
15.318,-0.9426,-0.0593,0.8881,-1.8193,0.6106,-0.8843,-0.0489,0.5938,AVOID
15.338,-0.9403,-0.0565,0.8881,-1.8193,0.6106,-0.8843,-0.0489,0.5908,AVOID
15.358,-0.938,-0.0537,0.8881,-1.819,0.6142,-0.8843,-0.0489,0.5879,AVOID
15.378,-0.9358,-0.0509,0.8881,-1.8186,0.6177,-0.8843,-0.0489,0.5849,AVOID
15.398,-0.9335,-0.0481,0.8881,-1.8178,0.6249,-0.8843,-0.0489,0.582,AVOID
15.418,-0.9312,-0.0453,0.8881,-1.8178,0.6249,-0.8729,-0.0349,0.579,AVOID
15.438,-0.929,-0.0425,0.8881,-1.8175,0.6285,-0.8729,-0.0349,0.5761,AVOID
15.458,-0.9267,-0.0397,0.8881,-1.8171,0.6321,-0.8729,-0.0349,0.5731,AVOID
15.478,-0.9244,-0.0369,0.8881,-1.8167,0.6357,-0.8729,-0.0349,0.5702,AVOID
15.498,-0.9221,-0.0341,0.8881,-1.8164,0.6392,-0.8729,-0.0349,0.5673,AVOID
15.518,-0.9199,-0.0313,0.8881,-1.816,0.6428,-0.8616,-0.0209,0.5643,AVOID
15.538,-0.9176,-0.0285,0.8881,-1.8156,0.6464,-0.8616,-0.0209,0.5614,AVOID
15.558,-0.9153,-0.0257,0.8881,-1.8152,0.65,-0.8616,-0.0209,0.5585,AVOID
15.578,-0.9131,-0.0229,0.8881,-1.8149,0.6536,-0.8616,-0.0209,0.5556,AVOID
15.6,-0.9108,-0.0202,0.8881,-1.8145,0.6571,-0.8616,-0.0209,0.5527,AVOID
15.618,-0.9085,-0.0174,0.8881,-1.8141,0.6607,-0.8503,-0.0069,0.5498,AVOID
15.638,-0.9063,-0.0146,0.8881,-1.8137,0.6643,-0.8503,-0.0069,0.5469,AVOID
15.658,-0.904,-0.0118,0.8881,-1.8134,0.6679,-0.8503,-0.0069,0.544,AVOID
15.678,-0.9017,-0.009,0.8881,-1.813,0.6715,-0.8503,-0.0069,0.5411,AVOID
15.698,-0.8994,-0.0062,0.8881,-1.8126,0.675,-0.8503,-0.0069,0.5382,AVOID
15.718,-0.8972,-0.0034,0.8881,-1.8119,0.6822,-0.8389,0.0071,0.5353,AVOID
15.738,-0.8949,-0.0006,0.8881,-1.8119,0.6822,-0.8389,0.0071,0.5324,AVOID
15.758,-0.8926,0.0022,0.8881,-1.8111,0.6894,-0.8389,0.0071,0.5296,AVOID
15.778,-0.8904,0.005,0.8881,-1.8111,0.6894,-0.8389,0.0071,0.5267,AVOID
15.798,-0.8881,0.0078,0.8881,-1.8107,0.6929,-0.8389,0.0071,0.5238,AVOID
15.818,-0.8858,0.0106,0.8881,-1.81,0.7001,-0.8276,0.021,0.521,AVOID
15.838,-0.8835,0.0134,0.8881,-1.81,0.7001,-0.8276,0.021,0.5181,AVOID
15.858,-0.8813,0.0162,0.8881,-1.8096,0.7037,-0.8276,0.021,0.5153,AVOID
15.878,-0.879,0.0189,0.8881,-1.8092,0.7073,-0.8276,0.021,0.5125,AVOID
15.898,-0.8767,0.0217,0.8881,-1.8089,0.7108,-0.8276,0.021,0.5096,AVOID
15.918,-0.8745,0.0245,0.8881,-1.8081,0.718,-0.814,0.0378,0.5068,AVOID
15.938,-0.8722,0.0273,0.8881,-1.8081,0.718,-0.814,0.0378,0.504,AVOID
15.958,-0.8699,0.0301,0.8881,-1.8078,0.7216,-0.814,0.0378,0.5011,AVOID
15.978,-0.8676,0.0329,0.8881,-1.8074,0.7252,-0.814,0.0378,0.4983,AVOID
15.998,-0.8654,0.0357,0.8881,-1.807,0.7287,-0.814,0.0378,0.4955,AVOID
16.018,-0.8631,0.0385,0.8881,-1.8066,0.7323,-0.8049,0.049,0.4927,AVOID
16.038,-0.8608,0.0413,0.8881,-1.8063,0.7359,-0.8049,0.049,0.4899,AVOID
16.058,-0.8586,0.0441,0.8881,-1.8059,0.7395,-0.8049,0.049,0.4871,AVOID
16.078,-0.8563,0.0469,0.8881,-1.8055,0.7431,-0.8049,0.049,0.4844,AVOID
16.098,-0.854,0.0497,0.8881,-1.8051,0.7466,-0.8049,0.049,0.4816,AVOID
16.118,-0.8517,0.0525,0.8881,-1.8048,0.7502,-0.7936,0.063,0.4788,AVOID
16.138,-0.8495,0.0553,0.8881,-1.8044,0.7538,-0.7936,0.063,0.476,AVOID
16.158,-0.8472,0.0581,0.8881,-1.804,0.7574,-0.7936,0.063,0.4733,AVOID
16.178,-0.8449,0.0608,0.8881,-1.8033,0.7646,-0.7936,0.063,0.4705,AVOID
16.198,-0.8427,0.0636,0.8881,-1.8033,0.7646,-0.7936,0.063,0.4678,AVOID
16.218,-0.8404,0.0664,0.8881,-1.8029,0.7681,-0.7822,0.077,0.465,AVOID
16.238,-0.8381,0.0692,0.8881,-1.8025,0.7717,-0.7822,0.077,0.4623,AVOID
16.258,-0.8358,0.072,0.8881,-1.8021,0.7753,-0.7822,0.077,0.4596,AVOID
16.278,-0.8336,0.0748,0.8881,-1.8018,0.7789,-0.7822,0.077,0.4568,AVOID
16.298,-0.8313,0.0776,0.8881,-1.8014,0.7825,-0.7822,0.077,0.4541,AVOID
16.318,-0.829,0.0804,0.8881,-1.8007,0.7896,-0.7709,0.091,0.4514,AVOID
16.338,-0.8268,0.0832,0.8881,-1.8003,0.7932,-0.7709,0.091,0.4487,AVOID
16.358,-0.8245,0.086,0.8881,-1.7999,0.7968,-0.7709,0.091,0.446,AVOID
16.378,-0.8222,0.0888,0.8881,-1.7999,0.7968,-0.7709,0.091,0.4433,AVOID
16.398,-0.8199,0.0916,0.8881,-1.7995,0.8004,-0.7709,0.091,0.4406,AVOID
16.418,-0.8177,0.0944,0.8881,-1.7988,0.8075,-0.7596,0.1049,0.438,AVOID
16.438,-0.8154,0.0972,0.8881,-1.7988,0.8075,-0.7596,0.1049,0.4353,AVOID
16.458,-0.8131,0.1,0.8881,-1.7984,0.8111,-0.7596,0.1049,0.4326,AVOID
16.478,-0.8109,0.1027,0.8881,-1.798,0.8147,-0.7596,0.1049,0.43,AVOID
16.498,-0.8086,0.1055,0.8881,-1.7977,0.8183,-0.7596,0.1049,0.4273,AVOID
16.518,-0.8063,0.1083,0.8881,-1.7973,0.8218,-0.7482,0.1189,0.4247,AVOID
16.538,-0.804,0.1111,0.8881,-1.7969,0.8254,-0.7482,0.1189,0.422,AVOID
16.558,-0.8018,0.1139,0.8881,-1.7962,0.8326,-0.7482,0.1189,0.4194,AVOID
16.578,-0.7995,0.1167,0.8881,-1.7962,0.8326,-0.7482,0.1189,0.4168,AVOID
16.598,-0.7972,0.1195,0.8881,-1.7958,0.8362,-0.7482,0.1189,0.4142,AVOID
16.618,-0.795,0.1223,0.8881,-1.795,0.8433,-0.7369,0.1329,0.4116,AVOID
16.638,-0.7927,0.1251,0.8881,-1.795,0.8433,-0.7369,0.1329,0.409,AVOID
16.658,-0.7904,0.1279,0.8881,-1.7947,0.8469,-0.7369,0.1329,0.4064,AVOID
16.678,-0.7881,0.1307,0.8881,-1.7939,0.8541,-0.7369,0.1329,0.4038,AVOID
16.698,-0.7859,0.1335,0.8881,-1.7939,0.8541,-0.7369,0.1329,0.4012,AVOID
16.718,-0.7836,0.1363,0.8881,-1.7935,0.8576,-0.7256,0.1469,0.3987,AVOID
16.738,-0.7813,0.1391,0.8881,-1.7928,0.8648,-0.7256,0.1469,0.3961,AVOID
16.758,-0.7791,0.1418,0.8881,-1.7928,0.8648,-0.7256,0.1469,0.3935,AVOID
16.778,-0.7768,0.1446,0.8881,-1.7921,0.872,-0.7256,0.1469,0.391,AVOID
16.798,-0.7745,0.1474,0.8881,-1.7921,0.872,-0.7256,0.1469,0.3885,AVOID
16.818,-0.7722,0.1502,0.8881,-1.7917,0.8755,-0.7142,0.1609,0.3859,AVOID
16.838,-0.77,0.153,0.8881,-1.7909,0.8827,-0.7142,0.1609,0.3834,AVOID
16.858,-0.7677,0.1558,0.8881,-1.7909,0.8827,-0.7142,0.1609,0.3809,AVOID
16.878,-0.7654,0.1586,0.8881,-1.7902,0.8899,-0.7142,0.1609,0.3784,AVOID
16.898,-0.7632,0.1614,0.8881,-1.7902,0.8899,-0.7142,0.1609,0.3759,AVOID
16.918,-0.7609,0.1642,0.8881,-1.7898,0.8935,-0.7006,0.1777,0.3734,AVOID
16.938,-0.7586,0.167,0.8881,-1.7894,0.897,-0.7006,0.1777,0.371,AVOID
16.958,-0.7563,0.1698,0.8881,-1.7891,0.9006,-0.7006,0.1777,0.3685,AVOID
16.978,-0.7541,0.1726,0.8881,-1.7883,0.9078,-0.7006,0.1777,0.366,AVOID
16.998,-0.7518,0.1754,0.8881,-1.7883,0.9078,-0.7006,0.1777,0.3636,AVOID
17.016,-0.7495,0.1782,0.8881,-1.7879,0.9114,-0.6916,0.1888,0.3611,AVOID
17.038,-0.7473,0.181,0.8881,-1.7876,0.9149,-0.6916,0.1888,0.3587,AVOID
17.058,-0.745,0.1837,0.8881,-1.7872,0.9185,-0.6916,0.1888,0.3563,AVOID
17.078,-0.7427,0.1865,0.8881,-1.7868,0.9221,-0.6916,0.1888,0.3539,AVOID
17.098,-0.7405,0.1893,0.8881,-1.7864,0.9257,-0.6916,0.1888,0.3515,AVOID
17.118,-0.7382,0.1921,0.8881,-1.7861,0.9293,-0.6802,0.2028,0.3491,AVOID
17.138,-0.7359,0.1949,0.8881,-1.7857,0.9328,-0.6802,0.2028,0.3467,AVOID
17.158,-0.7336,0.1977,0.8881,-1.7853,0.9364,-0.6802,0.2028,0.3443,AVOID
17.178,-0.7314,0.2005,0.8881,-1.785,0.94,-0.6802,0.2028,0.3419,AVOID
17.198,-0.7291,0.2033,0.8881,-1.7846,0.9436,-0.6802,0.2028,0.3396,AVOID
17.218,-0.7268,0.2061,0.8881,-1.7842,0.9472,-0.6689,0.2168,0.3372,AVOID
17.238,-0.7246,0.2089,0.8881,-1.7838,0.9507,-0.6689,0.2168,0.3349,AVOID
17.258,-0.7223,0.2117,0.8881,-1.7835,0.9543,-0.6689,0.2168,0.3326,AVOID
17.278,-0.72,0.2145,0.8881,-1.7831,0.9579,-0.6689,0.2168,0.3303,AVOID
17.298,-0.7177,0.2173,0.8881,-1.7827,0.9615,-0.6689,0.2168,0.328,AVOID
17.318,-0.7155,0.2201,0.8881,-1.7823,0.9651,-0.6576,0.2308,0.3257,AVOID
17.338,-0.7132,0.2228,0.8881,-1.782,0.9686,-0.6576,0.2308,0.3234,AVOID
17.358,-0.7109,0.2256,0.8881,-1.7816,0.9722,-0.6576,0.2308,0.3211,AVOID
17.378,-0.7087,0.2284,0.8881,-1.7812,0.9758,-0.6576,0.2308,0.3189,AVOID
17.398,-0.7064,0.2312,0.8881,-1.7808,0.9794,-0.6576,0.2308,0.3166,AVOID
17.418,-0.7041,0.234,0.8881,-1.7801,0.9865,-0.644,0.2476,0.3144,AVOID
17.438,-0.7018,0.2368,0.8881,-1.7801,0.9865,-0.644,0.2476,0.3121,AVOID
17.458,-0.6996,0.2396,0.8881,-1.7797,0.9901,-0.644,0.2476,0.3099,AVOID
17.478,-0.6973,0.2424,0.8881,-1.7793,0.9937,-0.644,0.2476,0.3077,AVOID
17.498,-0.695,0.2452,0.8881,-1.779,0.9973,-0.644,0.2476,0.3055,AVOID
17.518,-0.6928,0.248,0.8881,-1.7786,1.0009,-0.6349,0.2588,0.3033,AVOID
17.538,-0.6905,0.2508,0.8881,-1.7782,1.0044,-0.6349,0.2588,0.3011,AVOID
17.558,-0.6882,0.2536,0.8881,-1.7775,1.0116,-0.6349,0.2588,0.299,AVOID
17.578,-0.6859,0.2564,0.8881,-1.7775,1.0116,-0.6349,0.2588,0.2968,AVOID
17.598,-0.6837,0.2592,0.8881,-1.7771,1.0152,-0.6349,0.2588,0.2947,AVOID
17.618,-0.6814,0.262,0.8881,-1.7767,1.0188,-0.6236,0.2727,0.2926,AVOID
17.638,-0.6791,0.2647,0.8881,-1.7764,1.0223,-0.6236,0.2727,0.2905,AVOID
17.658,-0.6769,0.2675,0.8881,-1.776,1.0259,-0.6236,0.2727,0.2884,AVOID
17.678,-0.6746,0.2703,0.8881,-1.7752,1.0331,-0.6236,0.2727,0.2863,AVOID
17.698,-0.6723,0.2731,0.8881,-1.7749,1.0367,-0.6236,0.2727,0.2842,AVOID
17.718,-0.67,0.2759,0.8881,-1.7745,1.0403,-0.6122,0.2867,0.2821,AVOID
17.738,-0.6678,0.2787,0.8881,-1.7745,1.0403,-0.6122,0.2867,0.2801,AVOID
17.758,-0.6655,0.2815,0.8881,-1.7741,1.0438,-0.6122,0.2867,0.278,AVOID
17.778,-0.6632,0.2843,0.8881,-1.7737,1.0474,-0.6122,0.2867,0.276,AVOID
17.798,-0.661,0.2871,0.8881,-1.7734,1.051,-0.6122,0.2867,0.274,AVOID
17.818,-0.6586,0.29,0.8879,-1.773,1.0546,-0.6009,0.3007,0.2719,AVOID
17.838,-0.6562,0.2929,0.8872,-1.7726,1.0581,-0.6009,0.3007,0.2698,AVOID
17.858,-0.6538,0.2959,0.8861,-1.7718,1.0652,-0.6009,0.3007,0.2678,AVOID
17.878,-0.6514,0.2987,0.8845,-1.7718,1.0652,-0.6009,0.3007,0.2658,AVOID
17.898,-0.6491,0.3016,0.8824,-1.7714,1.0688,-0.6009,0.3007,0.2638,AVOID
17.918,-0.6468,0.3044,0.8799,-1.7706,1.0759,-0.5896,0.3146,0.2619,AVOID
17.938,-0.6444,0.3072,0.8768,-1.7701,1.0794,-0.5896,0.3146,0.26,AVOID
17.958,-0.6421,0.31,0.8734,-1.7696,1.083,-0.5896,0.3146,0.2582,AVOID
17.978,-0.6398,0.3128,0.8699,-1.7696,1.083,-0.5896,0.3146,0.2563,AVOID
17.998,-0.6375,0.3155,0.8664,-1.7692,1.0865,-0.5896,0.3146,0.2545,AVOID
18.018,-0.6351,0.3183,0.8629,-1.7687,1.09,-0.5782,0.3284,0.2526,AVOID
18.038,-0.6328,0.321,0.8594,-1.7682,1.0936,-0.5782,0.3284,0.2508,AVOID
18.058,-0.6304,0.3237,0.856,-1.7677,1.0971,-0.5782,0.3284,0.249,AVOID
18.078,-0.6281,0.3264,0.8525,-1.7666,1.1042,-0.5782,0.3284,0.2471,AVOID
18.098,-0.6257,0.3291,0.849,-1.7666,1.1042,-0.5782,0.3284,0.2453,AVOID
18.118,-0.6233,0.3318,0.8455,-1.7661,1.1077,-0.5666,0.3419,0.2435,AVOID
18.138,-0.6209,0.3345,0.842,-1.7649,1.1148,-0.5666,0.3419,0.2417,AVOID
18.158,-0.6185,0.3372,0.8385,-1.7649,1.1148,-0.5666,0.3419,0.2399,AVOID
18.178,-0.6161,0.3399,0.835,-1.7644,1.1183,-0.5666,0.3419,0.2381,AVOID
18.198,-0.6137,0.3426,0.8315,-1.7631,1.1253,-0.5666,0.3419,0.2363,AVOID
18.218,-0.6113,0.3451,0.8283,-1.7625,1.1289,-0.5547,0.3553,0.2345,AVOID
18.238,-0.609,0.3476,0.8255,-1.7625,1.1289,-0.5547,0.3553,0.2328,AVOID
18.258,-0.6067,0.3501,0.8232,-1.7619,1.1324,-0.5547,0.3553,0.2311,AVOID
18.278,-0.6043,0.3527,0.8214,-1.7607,1.1395,-0.5547,0.3553,0.2293,AVOID
18.3,-0.6019,0.3552,0.82,-1.7607,1.1395,-0.5426,0.3685,0.2276,AVOID
18.318,-0.5995,0.3578,0.8191,-1.76,1.1431,-0.5426,0.3685,0.2258,AVOID
18.338,-0.5971,0.3604,0.8187,-1.7594,1.1466,-0.5426,0.3685,0.224,AVOID
18.358,-0.5946,0.3631,0.8187,-1.7582,1.1537,-0.5426,0.3685,0.2221,AVOID
18.378,-0.5922,0.3657,0.8187,-1.7582,1.1537,-0.5426,0.3685,0.2203,AVOID
18.398,-0.5897,0.3683,0.8187,-1.7576,1.1572,-0.5426,0.3685,0.2185,AVOID
18.418,-0.5873,0.371,0.8187,-1.7563,1.1643,-0.5303,0.3817,0.2167,AVOID
18.438,-0.5848,0.3736,0.8187,-1.7557,1.1679,-0.5303,0.3817,0.215,AVOID
18.458,-0.5823,0.3762,0.8187,-1.7557,1.1679,-0.5303,0.3817,0.2132,AVOID
18.478,-0.5799,0.3788,0.8187,-1.7551,1.1714,-0.5303,0.3817,0.2115,AVOID
18.498,-0.5774,0.3815,0.8187,-1.7544,1.175,-0.5303,0.3817,0.2098,AVOID
18.518,-0.575,0.3841,0.8187,-1.7538,1.1785,-0.518,0.3948,0.2081,AVOID
18.538,-0.5725,0.3867,0.8187,-1.7526,1.1856,-0.518,0.3948,0.2064,AVOID
18.558,-0.57,0.3894,0.8187,-1.7526,1.1856,-0.518,0.3948,0.2047,AVOID
18.578,-0.5676,0.392,0.8187,-1.752,1.1892,-0.518,0.3948,0.2031,AVOID
18.598,-0.5651,0.3946,0.8187,-1.7507,1.1963,-0.5033,0.4106,0.2015,AVOID
18.618,-0.5627,0.3972,0.8187,-1.7507,1.1963,-0.5033,0.4106,0.1998,AVOID
18.638,-0.5602,0.3999,0.8187,-1.7495,1.2033,-0.5033,0.4106,0.1982,AVOID
18.658,-0.5577,0.4025,0.8187,-1.7495,1.2033,-0.5033,0.4106,0.1967,AVOID
18.678,-0.5553,0.4051,0.8187,-1.7489,1.2069,-0.5033,0.4106,0.1951,AVOID
18.698,-0.5528,0.4078,0.8187,-1.7482,1.2104,-0.5033,0.4106,0.1935,AVOID
18.718,-0.5504,0.4104,0.8187,-1.7476,1.214,-0.4935,0.4212,0.192,AVOID
18.738,-0.5479,0.413,0.8187,-1.747,1.2175,-0.4935,0.4212,0.1905,AVOID
18.758,-0.5454,0.4156,0.8187,-1.7464,1.2211,-0.4935,0.4212,0.189,AVOID
18.778,-0.543,0.4183,0.8187,-1.7457,1.2246,-0.4935,0.4212,0.1875,AVOID
18.798,-0.5405,0.4209,0.8187,-1.7451,1.2282,-0.4935,0.4212,0.1861,AVOID
18.818,-0.5381,0.4235,0.8187,-1.7445,1.2317,-0.4812,0.4343,0.1846,AVOID
18.838,-0.5356,0.4262,0.8187,-1.7439,1.2353,-0.4812,0.4343,0.1832,AVOID
18.858,-0.5332,0.4288,0.8187,-1.7433,1.2388,-0.4812,0.4343,0.1818,AVOID
18.878,-0.5307,0.4314,0.8187,-1.7426,1.2424,-0.4812,0.4343,0.1804,AVOID
18.898,-0.5282,0.434,0.8187,-1.742,1.2459,-0.4812,0.4343,0.1791,AVOID
18.918,-0.5258,0.4367,0.8187,-1.7414,1.2494,-0.4689,0.4475,0.1777,AVOID
18.938,-0.5233,0.4393,0.8187,-1.7408,1.253,-0.4689,0.4475,0.1764,AVOID
18.958,-0.5209,0.4419,0.8187,-1.7395,1.2601,-0.4689,0.4475,0.1751,AVOID
18.978,-0.5184,0.4446,0.8187,-1.7395,1.2601,-0.4689,0.4475,0.1738,AVOID
18.998,-0.5159,0.4472,0.8187,-1.7389,1.2636,-0.4689,0.4475,0.1725,AVOID
19.018,-0.5135,0.4498,0.8187,-1.7377,1.2707,-0.4566,0.4606,0.1713,AVOID
19.038,-0.511,0.4524,0.8187,-1.7377,1.2707,-0.4566,0.4606,0.17,AVOID
19.058,-0.5086,0.4551,0.8187,-1.737,1.2743,-0.4566,0.4606,0.1688,AVOID
19.078,-0.5061,0.4577,0.8187,-1.7364,1.2778,-0.4566,0.4606,0.1676,AVOID
19.098,-0.5036,0.4603,0.8187,-1.7358,1.2814,-0.4566,0.4606,0.1665,AVOID
19.118,-0.5012,0.463,0.8187,-1.7352,1.2849,-0.4444,0.4738,0.1653,AVOID
19.138,-0.4987,0.4656,0.8187,-1.7346,1.2884,-0.4444,0.4738,0.1642,AVOID
19.158,-0.4963,0.4682,0.8187,-1.7339,1.292,-0.4444,0.4738,0.1631,AVOID
19.178,-0.4938,0.4709,0.8187,-1.7333,1.2955,-0.4444,0.4738,0.162,AVOID
19.198,-0.4913,0.4735,0.8187,-1.7327,1.2991,-0.4444,0.4738,0.1609,AVOID
19.218,-0.489,0.476,0.8189,-1.7321,1.3026,-0.4321,0.487,0.1599,AVOID
19.238,-0.4867,0.4784,0.8196,-1.7315,1.3062,-0.4321,0.487,0.1589,AVOID
19.258,-0.4844,0.4809,0.8208,-1.7309,1.3097,-0.4321,0.487,0.1579,AVOID
19.278,-0.4821,0.4834,0.8225,-1.7303,1.3132,-0.4321,0.487,0.157,AVOID
19.298,-0.4797,0.4859,0.8246,-1.7297,1.3167,-0.4321,0.487,0.156,AVOID
19.318,-0.4774,0.4885,0.8272,-1.7291,1.3203,-0.4199,0.5001,0.155,AVOID
19.338,-0.475,0.4911,0.8303,-1.7286,1.3238,-0.4199,0.5001,0.154,AVOID
19.358,-0.4726,0.4937,0.8338,-1.7281,1.3273,-0.4199,0.5001,0.1531,AVOID
19.378,-0.4703,0.4963,0.8373,-1.7275,1.3309,-0.4199,0.5001,0.1522,AVOID
19.398,-0.4679,0.499,0.8408,-1.727,1.3344,-0.4199,0.5001,0.1513,AVOID
19.418,-0.4654,0.5017,0.844,-1.7265,1.3379,-0.4079,0.5133,0.1504,AVOID
19.438,-0.4629,0.5046,0.8468,-1.726,1.3415,-0.4079,0.5133,0.1495,AVOID
19.458,-0.4604,0.5074,0.8491,-1.7255,1.3451,-0.4079,0.5133,0.1487,AVOID
19.478,-0.4579,0.5102,0.8509,-1.725,1.3486,-0.4079,0.5133,0.148,AVOID
19.498,-0.4555,0.513,0.8523,-1.7245,1.3522,-0.4079,0.5133,0.1473,AVOID
19.518,-0.4531,0.5157,0.8531,-1.724,1.3557,-0.396,0.5268,0.1466,AVOID
19.538,-0.4507,0.5185,0.8536,-1.7235,1.3593,-0.396,0.5268,0.146,AVOID
19.558,-0.4483,0.5212,0.8536,-1.723,1.3629,-0.396,0.5268,0.1455,AVOID
19.578,-0.446,0.5239,0.8536,-1.722,1.37,-0.396,0.5268,0.1449,AVOID
19.598,-0.4436,0.5266,0.8536,-1.722,1.37,-0.396,0.5268,0.1444,AVOID
19.618,-0.4414,0.5292,0.8538,-1.7211,1.3771,-0.3842,0.5403,0.144,AVOID
19.638,-0.4392,0.5317,0.8546,-1.7211,1.3771,-0.3842,0.5403,0.1435,AVOID
19.658,-0.437,0.5343,0.8557,-1.7201,1.3842,-0.3842,0.5403,0.1431,AVOID
19.678,-0.4347,0.5368,0.8574,-1.7201,1.3842,-0.3842,0.5403,0.1426,AVOID
19.698,-0.4325,0.5394,0.8595,-1.7197,1.3877,-0.3842,0.5403,0.1422,AVOID
19.718,-0.4302,0.5421,0.8622,-1.7192,1.3913,-0.3724,0.5539,0.1417,AVOID
19.738,-0.4279,0.5448,0.8652,-1.7188,1.3948,-0.3724,0.5539,0.1413,AVOID
19.758,-0.4256,0.5475,0.8687,-1.7184,1.3984,-0.3724,0.5539,0.1409,AVOID
19.778,-0.4233,0.5502,0.8722,-1.718,1.4019,-0.3724,0.5539,0.1406,AVOID
19.798,-0.4211,0.5529,0.8757,-1.7176,1.4055,-0.3724,0.5539,0.1402,AVOID
19.818,-0.4187,0.5557,0.879,-1.7172,1.409,-0.3586,0.5702,0.1399,AVOID
19.838,-0.4161,0.5588,0.8818,-1.7165,1.4161,-0.3586,0.5702,0.1397,AVOID
19.858,-0.4136,0.5619,0.8841,-1.7165,1.4161,-0.3586,0.5702,0.1395,AVOID
19.878,-0.4111,0.565,0.8859,-1.7161,1.4197,-0.3586,0.5702,0.1393,AVOID
19.898,-0.4086,0.568,0.8873,-1.7156,1.4232,-0.3586,0.5702,0.1392,AVOID
19.918,-0.4061,0.5711,0.8882,-1.7152,1.4268,-0.3495,0.5813,0.1392,AVOID
19.938,-0.4036,0.5741,0.8887,-1.7148,1.4303,-0.3495,0.5813,0.1392,AVOID
19.958,-0.4012,0.5771,0.8886,-1.7139,1.4374,-0.3495,0.5813,0.1392,AVOID
19.978,-0.3988,0.58,0.8881,-1.7139,1.4374,-0.3495,0.5813,0.1393,AVOID
20.0,-0.3964,0.583,0.8871,-1.7134,1.441,-0.3383,0.5952,0.1394,AVOID
20.018,-0.3939,0.586,0.8857,-1.7124,1.448,-0.3383,0.5952,0.1396,AVOID
20.038,-0.3915,0.589,0.8837,-1.7119,1.4514,-0.3383,0.5952,0.1398,AVOID
20.058,-0.389,0.592,0.8813,-1.7119,1.4514,-0.3383,0.5952,0.14,AVOID
20.078,-0.3866,0.595,0.8784,-1.7108,1.4583,-0.3383,0.5952,0.1403,AVOID
20.1,-0.3841,0.5979,0.8751,-1.7108,1.4583,-0.3272,0.6087,0.1405,AVOID
20.118,-0.3817,0.6008,0.8713,-1.7102,1.4618,-0.3272,0.6087,0.1409,AVOID
20.138,-0.3793,0.6037,0.867,-1.7096,1.4652,-0.3272,0.6087,0.1412,AVOID
20.158,-0.3769,0.6065,0.8622,-1.7083,1.4721,-0.3272,0.6087,0.1416,AVOID
20.178,-0.3745,0.6093,0.857,-1.7083,1.4721,-0.3272,0.6087,0.1419,AVOID
20.198,-0.3721,0.612,0.8513,-1.707,1.4789,-0.3272,0.6087,0.1423,AVOID
20.218,-0.3697,0.6147,0.8451,-1.707,1.4789,-0.3159,0.6221,0.1427,AVOID
20.238,-0.3673,0.6174,0.8384,-1.7062,1.4823,-0.3159,0.6221,0.1432,AVOID
20.258,-0.3649,0.62,0.8314,-1.7055,1.4857,-0.3159,0.6221,0.1436,AVOID
20.278,-0.3625,0.6226,0.8245,-1.7039,1.4925,-0.3159,0.6221,0.144,AVOID
20.298,-0.3601,0.6252,0.8175,-1.7039,1.4925,-0.3159,0.6221,0.1445,AVOID
20.318,-0.3576,0.6278,0.8105,-1.7031,1.4959,-0.3043,0.6351,0.1449,AVOID
20.338,-0.3552,0.6304,0.8035,-1.7022,1.4993,-0.3043,0.6351,0.1453,AVOID
20.358,-0.3527,0.6329,0.7965,-1.7005,1.5061,-0.3043,0.6351,0.1457,AVOID
20.378,-0.3502,0.6355,0.7896,-1.7005,1.5061,-0.3043,0.6351,0.1461,AVOID
20.398,-0.3477,0.638,0.7826,-1.6995,1.5094,-0.3043,0.6351,0.1466,AVOID
20.418,-0.3451,0.6406,0.7754,-1.6986,1.5128,-0.3043,0.6351,0.147,AVOID
20.438,-0.3424,0.6432,0.7677,-1.6977,1.5159,-0.3043,0.6351,0.1474,AVOID
20.458,-0.3397,0.6458,0.7595,-1.6968,1.5189,-0.2922,0.6477,0.1479,GO_GOAL
20.478,-0.337,0.6483,0.7508,-1.6958,1.5219,-0.2922,0.6477,0.1484,GO_GOAL
20.498,-0.3343,0.6508,0.7417,-1.6948,1.525,-0.2805,0.6589,0.1488,GO_GOAL
20.518,-0.3317,0.6532,0.7321,-1.6926,1.5309,-0.2805,0.6589,0.1493,GO_GOAL
20.538,-0.329,0.6556,0.7221,-1.6915,1.5339,-0.2805,0.6589,0.1498,GO_GOAL
20.558,-0.3263,0.6579,0.7115,-1.6903,1.5369,-0.2805,0.6589,0.1502,GO_GOAL
20.578,-0.3236,0.6602,0.7005,-1.6903,1.5369,-0.2805,0.6589,0.1507,GO_GOAL
20.598,-0.321,0.6624,0.689,-1.6878,1.5427,-0.2805,0.6589,0.1512,GO_GOAL
20.618,-0.3183,0.6646,0.677,-1.6878,1.5427,-0.2686,0.6695,0.1516,GO_GOAL
20.638,-0.3156,0.6667,0.6646,-1.6865,1.5456,-0.2686,0.6695,0.1521,GO_GOAL
20.658,-0.3129,0.6688,0.6517,-1.6852,1.5485,-0.2686,0.6695,0.1525,GO_GOAL
20.678,-0.3103,0.6708,0.6383,-1.6824,1.5542,-0.2686,0.6695,0.153,GO_GOAL
20.698,-0.3076,0.6727,0.6245,-1.6809,1.557,-0.2561,0.6793,0.1534,GO_GOAL
20.718,-0.3049,0.6746,0.6108,-1.6809,1.557,-0.2561,0.6793,0.1538,GO_GOAL
20.738,-0.3023,0.6765,0.5975,-1.6793,1.5599,-0.2561,0.6793,0.1541,GO_GOAL
20.758,-0.2995,0.6783,0.5847,-1.6761,1.5658,-0.2561,0.6793,0.1544,GO_GOAL
20.778,-0.2968,0.6801,0.5723,-1.6761,1.5658,-0.2561,0.6793,0.1547,GO_GOAL
20.798,-0.2939,0.6819,0.5604,-1.6744,1.5687,-0.2561,0.6793,0.155,GO_GOAL
20.818,-0.2911,0.6837,0.549,-1.6727,1.5716,-0.2424,0.6886,0.1552,GO_GOAL
20.838,-0.2881,0.6854,0.538,-1.6709,1.5745,-0.2424,0.6886,0.1553,GO_GOAL
20.858,-0.2852,0.6872,0.5274,-1.6692,1.5773,-0.2424,0.6886,0.1555,GO_GOAL
20.878,-0.2822,0.6889,0.517,-1.6656,1.583,-0.2424,0.6886,0.1556,GO_GOAL
20.898,-0.2792,0.6906,0.5065,-1.6656,1.583,-0.2424,0.6886,0.1557,GO_GOAL
20.918,-0.2762,0.6922,0.4962,-1.6637,1.5858,-0.228,0.6973,0.1558,GO_GOAL
20.938,-0.2733,0.6938,0.4864,-1.6618,1.5887,-0.228,0.6973,0.1559,GO_GOAL
20.958,-0.2703,0.6954,0.4771,-1.6578,1.5944,-0.228,0.6973,0.1559,GO_GOAL
20.978,-0.2672,0.6969,0.4682,-1.6558,1.5973,-0.228,0.6973,0.1559,GO_GOAL
20.998,-0.2641,0.6985,0.4597,-1.6558,1.5973,-0.228,0.6973,0.1559,GO_GOAL
21.018,-0.2611,0.6999,0.4517,-1.6537,1.6001,-0.2128,0.7054,0.1559,GO_GOAL
21.038,-0.2581,0.7014,0.4442,-1.6516,1.603,-0.2128,0.7054,0.1558,GO_GOAL
21.058,-0.2551,0.7028,0.4371,-1.6495,1.6059,-0.2128,0.7054,0.1557,GO_GOAL
21.078,-0.252,0.7042,0.4304,-1.6474,1.6087,-0.2128,0.7054,0.1556,GO_GOAL
21.098,-0.2489,0.7056,0.4242,-1.6453,1.6116,-0.2128,0.7054,0.1555,GO_GOAL
21.118,-0.2458,0.707,0.4185,-1.6432,1.6145,-0.1967,0.7131,0.1554,GO_GOAL
21.138,-0.2426,0.7084,0.4131,-1.6388,1.6202,-0.1967,0.7131,0.1553,GO_GOAL
21.158,-0.2394,0.7098,0.4082,-1.6388,1.6202,-0.1967,0.7131,0.1551,GO_GOAL
21.178,-0.2362,0.7112,0.4038,-1.6367,1.623,-0.1967,0.7131,0.155,GO_GOAL
21.198,-0.2329,0.7126,0.3998,-1.6345,1.6258,-0.1967,0.7131,0.1548,GO_GOAL
21.218,-0.2296,0.714,0.3962,-1.6301,1.6315,-0.1804,0.7203,0.1546,GO_GOAL
21.238,-0.2262,0.7154,0.3927,-1.6301,1.6315,-0.1804,0.7203,0.1544,GO_GOAL
21.258,-0.2229,0.7168,0.3892,-1.6279,1.6343,-0.1804,0.7203,0.1543,GO_GOAL
21.276,-0.2196,0.7181,0.3857,-1.6257,1.6371,-0.1804,0.7203,0.1541,GO_GOAL
21.3,-0.2162,0.7195,0.3822,-1.6235,1.6399,-0.1804,0.7203,0.154,GO_GOAL
21.318,-0.213,0.7207,0.3789,-1.6212,1.6427,-0.1639,0.7271,0.1538,GO_GOAL
21.338,-0.2098,0.722,0.376,-1.619,1.6455,-0.1639,0.7271,0.1537,GO_GOAL
21.358,-0.2066,0.7233,0.3736,-1.6144,1.6511,-0.1639,0.7271,0.1536,GO_GOAL
21.378,-0.2034,0.7245,0.3716,-1.6144,1.6511,-0.1639,0.7271,0.1534,GO_GOAL
21.398,-0.2002,0.7258,0.37,-1.6099,1.6567,-0.1639,0.7271,0.1533,GO_GOAL
21.418,-0.1969,0.727,0.3689,-1.6077,1.6595,-0.1438,0.7351,0.1532,GO_GOAL
21.438,-0.1936,0.7283,0.3681,-1.6077,1.6595,-0.1438,0.7351,0.153,GO_GOAL
21.458,-0.1902,0.7296,0.3679,-1.6054,1.6623,-0.1438,0.7351,0.1529,GO_GOAL
21.478,-0.1869,0.7309,0.3679,-1.6031,1.6651,-0.1438,0.7351,0.1528,GO_GOAL
21.498,-0.1835,0.7322,0.3679,-1.6009,1.6679,-0.1438,0.7351,0.1527,GO_GOAL
21.518,-0.1801,0.7335,0.3679,-1.5986,1.6707,-0.1304,0.7403,0.1527,GO_GOAL
21.538,-0.1768,0.7348,0.3679,-1.5963,1.6735,-0.1304,0.7403,0.1526,GO_GOAL
21.558,-0.1734,0.7361,0.3679,-1.5941,1.6763,-0.1304,0.7403,0.1526,GO_GOAL
21.578,-0.1701,0.7374,0.3679,-1.5896,1.6819,-0.1304,0.7403,0.1526,GO_GOAL
21.598,-0.1667,0.7387,0.3679,-1.5896,1.6819,-0.1304,0.7403,0.1526,GO_GOAL
21.618,-0.1634,0.74,0.3679,-1.5873,1.6847,-0.1136,0.7468,0.1527,GO_GOAL
21.638,-0.16,0.7413,0.3679,-1.5828,1.6903,-0.1136,0.7468,0.1527,GO_GOAL
21.658,-0.1566,0.7426,0.3679,-1.5828,1.6903,-0.1136,0.7468,0.1528,GO_GOAL
21.678,-0.1533,0.7439,0.3679,-1.5805,1.6931,-0.1136,0.7468,0.153,GO_GOAL
21.698,-0.1499,0.7451,0.3679,-1.5782,1.6959,-0.1136,0.7468,0.1531,GO_GOAL
21.718,-0.1466,0.7464,0.3679,-1.576,1.6987,-0.0968,0.7533,0.1533,GO_GOAL
21.738,-0.1432,0.7477,0.3679,-1.5737,1.7015,-0.0968,0.7533,0.1535,GO_GOAL
21.758,-0.1398,0.749,0.3679,-1.5715,1.7043,-0.0968,0.7533,0.1537,GO_GOAL
21.778,-0.1365,0.7503,0.3679,-1.5692,1.7071,-0.0968,0.7533,0.1539,GO_GOAL
21.798,-0.1331,0.7516,0.3679,-1.5669,1.7099,-0.0968,0.7533,0.1542,GO_GOAL
21.818,-0.1298,0.7529,0.3679,-1.5647,1.7127,-0.08,0.7597,0.1544,GO_GOAL
21.838,-0.1264,0.7542,0.3679,-1.5624,1.7155,-0.08,0.7597,0.1548,GO_GOAL
21.858,-0.123,0.7555,0.3679,-1.5602,1.7183,-0.08,0.7597,0.1551,GO_GOAL
21.878,-0.1197,0.7568,0.3679,-1.5579,1.7211,-0.08,0.7597,0.1554,GO_GOAL
21.898,-0.1163,0.7581,0.3679,-1.5556,1.7239,-0.08,0.7597,0.1558,GO_GOAL
21.918,-0.113,0.7594,0.3679,-1.5534,1.7267,-0.0632,0.7662,0.1562,GO_GOAL
21.938,-0.1096,0.7607,0.3679,-1.5511,1.7295,-0.0632,0.7662,0.1566,GO_GOAL
21.958,-0.1062,0.762,0.3679,-1.5488,1.7323,-0.0632,0.7662,0.157,GO_GOAL
21.978,-0.1029,0.7633,0.3679,-1.5466,1.7351,-0.0632,0.7662,0.1575,GO_GOAL
21.998,-0.0995,0.7646,0.3679,-1.5443,1.7379,-0.0632,0.7662,0.158,GO_GOAL
22.018,-0.0962,0.7659,0.3679,-1.5421,1.7407,-0.0465,0.7727,0.1585,GO_GOAL
22.038,-0.0928,0.7672,0.3679,-1.5375,1.7463,-0.0465,0.7727,0.159,GO_GOAL
22.058,-0.0895,0.7685,0.3679,-1.5375,1.7463,-0.0465,0.7727,0.1596,GO_GOAL
22.078,-0.0861,0.7697,0.3679,-1.5353,1.7491,-0.0465,0.7727,0.1602,GO_GOAL
22.098,-0.0827,0.771,0.3679,-1.533,1.7519,-0.0465,0.7727,0.1608,GO_GOAL
22.118,-0.0794,0.7723,0.3679,-1.5308,1.7547,-0.0297,0.7792,0.1614,GO_GOAL
22.138,-0.076,0.7736,0.3679,-1.5285,1.7575,-0.0297,0.7792,0.162,GO_GOAL
22.158,-0.0727,0.7749,0.3679,-1.524,1.7631,-0.0297,0.7792,0.1627,GO_GOAL
22.178,-0.0693,0.7762,0.3679,-1.5217,1.7659,-0.0297,0.7792,0.1634,GO_GOAL
22.198,-0.0659,0.7775,0.3679,-1.5217,1.7659,-0.0297,0.7792,0.1641,GO_GOAL
22.218,-0.0626,0.7788,0.3679,-1.5194,1.7687,-0.0129,0.7857,0.1648,GO_GOAL
22.238,-0.0592,0.7801,0.3679,-1.5172,1.7715,-0.0129,0.7857,0.1655,GO_GOAL
22.258,-0.0559,0.7814,0.3679,-1.5149,1.7743,-0.0129,0.7857,0.1663,GO_GOAL
22.278,-0.0525,0.7827,0.3679,-1.5127,1.7771,-0.0129,0.7857,0.1671,GO_GOAL
22.298,-0.0491,0.784,0.3679,-1.5104,1.7799,-0.0129,0.7857,0.1679,GO_GOAL
22.318,-0.0458,0.7853,0.3679,-1.5081,1.7827,0.0039,0.7922,0.1687,GO_GOAL
22.338,-0.0424,0.7866,0.3679,-1.5059,1.7855,0.0039,0.7922,0.1696,GO_GOAL
22.358,-0.0391,0.7879,0.3679,-1.5036,1.7883,0.0039,0.7922,0.1705,GO_GOAL
22.378,-0.0357,0.7892,0.3679,-1.5014,1.7911,0.0039,0.7922,0.1714,GO_GOAL
22.398,-0.0323,0.7905,0.3679,-1.4991,1.7939,0.0039,0.7922,0.1723,GO_GOAL
22.418,-0.029,0.7918,0.3679,-1.4946,1.7995,0.0207,0.7987,0.1732,GO_GOAL
22.438,-0.0256,0.7931,0.3679,-1.4946,1.7995,0.0207,0.7987,0.1742,GO_GOAL
22.458,-0.0223,0.7943,0.3679,-1.4923,1.8023,0.0207,0.7987,0.1752,GO_GOAL
22.478,-0.0189,0.7956,0.3679,-1.49,1.8051,0.0207,0.7987,0.1762,GO_GOAL
22.498,-0.0156,0.7969,0.3679,-1.4855,1.8107,0.0375,0.8052,0.1772,GO_GOAL
22.518,-0.0122,0.7982,0.3679,-1.4855,1.8107,0.0375,0.8052,0.1782,GO_GOAL
22.538,-0.0088,0.7995,0.3679,-1.481,1.8163,0.0375,0.8052,0.1793,GO_GOAL
22.558,-0.0055,0.8008,0.3679,-1.481,1.8163,0.0375,0.8052,0.1804,GO_GOAL
22.578,-0.0021,0.8021,0.3679,-1.4765,1.8219,0.0375,0.8052,0.1815,GO_GOAL
22.598,0.0012,0.8034,0.3679,-1.4765,1.8219,0.0375,0.8052,0.1826,GO_GOAL
22.618,0.0046,0.8047,0.3679,-1.4742,1.8247,0.0543,0.8117,0.1837,GO_GOAL
22.638,0.008,0.806,0.3679,-1.472,1.8275,0.0543,0.8117,0.1849,GO_GOAL
22.658,0.0113,0.8073,0.3679,-1.4697,1.8303,0.0543,0.8117,0.1861,GO_GOAL
22.678,0.0147,0.8086,0.3679,-1.4674,1.8331,0.0543,0.8117,0.1873,GO_GOAL
22.698,0.018,0.8099,0.3679,-1.4652,1.8359,0.0543,0.8117,0.1885,GO_GOAL
22.718,0.0214,0.8112,0.3679,-1.4629,1.8387,0.0711,0.8182,0.1897,GO_GOAL
22.738,0.0248,0.8125,0.3679,-1.4606,1.8415,0.0711,0.8182,0.191,GO_GOAL
22.758,0.0281,0.8138,0.3679,-1.4584,1.8443,0.0711,0.8182,0.1923,GO_GOAL
22.778,0.0315,0.8151,0.3679,-1.4561,1.8471,0.0711,0.8182,0.1936,GO_GOAL
22.798,0.0348,0.8164,0.3679,-1.4516,1.8527,0.0711,0.8182,0.1949,GO_GOAL
22.818,0.0382,0.8177,0.3679,-1.4516,1.8527,0.0878,0.8247,0.1962,GO_GOAL
22.838,0.0416,0.8189,0.3679,-1.4471,1.8583,0.0878,0.8247,0.1976,GO_GOAL
22.858,0.0449,0.8202,0.3679,-1.4448,1.8611,0.0878,0.8247,0.1989,GO_GOAL
22.878,0.0483,0.8215,0.3679,-1.4448,1.8611,0.0878,0.8247,0.2003,GO_GOAL
22.898,0.0516,0.8228,0.3679,-1.4426,1.8639,0.0878,0.8247,0.2017,GO_GOAL
22.918,0.055,0.8241,0.3679,-1.4403,1.8667,0.1046,0.8312,0.2031,GO_GOAL
22.938,0.0583,0.8254,0.3679,-1.438,1.8695,0.1046,0.8312,0.2046,GO_GOAL
22.958,0.0617,0.8267,0.3679,-1.4358,1.8723,0.1046,0.8312,0.206,GO_GOAL
22.978,0.0651,0.828,0.3679,-1.4335,1.8751,0.1046,0.8312,0.2075,GO_GOAL
22.998,0.0684,0.8293,0.3679,-1.4312,1.8779,0.1046,0.8312,0.209,GO_GOAL
23.018,0.0718,0.8306,0.3679,-1.429,1.8807,0.1214,0.8376,0.2105,GO_GOAL
23.038,0.0751,0.8319,0.3679,-1.4245,1.8863,0.1214,0.8376,0.212,GO_GOAL
23.058,0.0785,0.8332,0.3679,-1.4222,1.8891,0.1214,0.8376,0.2136,GO_GOAL
23.078,0.0819,0.8345,0.3679,-1.4199,1.8919,0.1214,0.8376,0.2151,GO_GOAL
23.098,0.0852,0.8358,0.3679,-1.4199,1.8919,0.1214,0.8376,0.2167,GO_GOAL
23.118,0.0886,0.8371,0.3679,-1.4177,1.8947,0.1382,0.8441,0.2183,GO_GOAL
23.138,0.0919,0.8384,0.3679,-1.4154,1.8975,0.1382,0.8441,0.2199,GO_GOAL
23.158,0.0953,0.8397,0.3679,-1.4131,1.9003,0.1382,0.8441,0.2216,GO_GOAL
23.178,0.0987,0.841,0.3679,-1.4109,1.9031,0.1382,0.8441,0.2232,GO_GOAL
23.198,0.102,0.8423,0.3679,-1.4086,1.9059,0.1382,0.8441,0.2249,GO_GOAL
23.218,0.1052,0.8435,0.3681,-1.4064,1.9087,0.1382,0.8441,0.2264,GO_GOAL
23.238,0.1084,0.8447,0.3687,-1.4041,1.9115,0.1382,0.8441,0.228,GO_GOAL
23.258,0.1115,0.8459,0.3698,-1.4019,1.9143,0.1382,0.8441,0.2296,GO_GOAL
23.278,0.1147,0.8471,0.3714,-1.3997,1.9171,0.155,0.8506,0.2311,AVOID
23.298,0.1179,0.8484,0.3733,-1.3953,1.9227,0.155,0.8506,0.2328,AVOID
23.318,0.1211,0.8496,0.3757,-1.3953,1.9227,0.1717,0.8571,0.2344,AVOID
23.338,0.1243,0.8509,0.3786,-1.3931,1.9256,0.1717,0.8571,0.2361,AVOID
23.358,0.1276,0.8522,0.3818,-1.3909,1.9284,0.1717,0.8571,0.2378,AVOID
23.378,0.1309,0.8536,0.3853,-1.3865,1.9341,0.1717,0.8571,0.2395,AVOID
23.398,0.1342,0.8549,0.3888,-1.3865,1.9341,0.1717,0.8571,0.2412,AVOID
23.418,0.1373,0.8561,0.3925,-1.3844,1.9369,0.1883,0.8638,0.2429,AVOID
23.438,0.1403,0.8574,0.3967,-1.3802,1.9425,0.1883,0.8638,0.2445,AVOID
23.458,0.1433,0.8587,0.4013,-1.3802,1.9425,0.1883,0.8638,0.2461,AVOID
23.478,0.1463,0.8599,0.4063,-1.3782,1.9454,0.1883,0.8638,0.2478,AVOID
23.498,0.1494,0.8613,0.4118,-1.3741,1.9511,0.1883,0.8638,0.2495,AVOID
23.518,0.1524,0.8626,0.4177,-1.3741,1.9511,0.2076,0.872,0.2512,AVOID
23.538,0.1555,0.864,0.4241,-1.3722,1.9539,0.2076,0.872,0.253,AVOID
23.558,0.1586,0.8654,0.4309,-1.3702,1.9568,0.2076,0.872,0.2548,AVOID
23.578,0.1618,0.8669,0.4379,-1.3682,1.9597,0.2076,0.872,0.2567,AVOID
23.598,0.1649,0.8683,0.4449,-1.3663,1.9626,0.2076,0.872,0.2585,AVOID
23.618,0.1679,0.8698,0.4519,-1.3644,1.9655,0.2203,0.8778,0.2604,AVOID
23.638,0.171,0.8713,0.4589,-1.3625,1.9685,0.2203,0.8778,0.2624,AVOID
23.658,0.1741,0.8729,0.4658,-1.3606,1.9714,0.2203,0.8778,0.2644,AVOID
23.678,0.1771,0.8744,0.4728,-1.3588,1.9744,0.2203,0.8778,0.2664,AVOID
23.698,0.1802,0.876,0.4798,-1.357,1.9774,0.2203,0.8778,0.2684,AVOID
23.718,0.1832,0.8776,0.4868,-1.3552,1.9803,0.236,0.8856,0.2705,AVOID
23.738,0.1863,0.8792,0.4938,-1.3534,1.9833,0.236,0.8856,0.2726,AVOID
23.758,0.1893,0.8808,0.5007,-1.3516,1.9864,0.236,0.8856,0.2747,AVOID
23.778,0.1923,0.8825,0.5077,-1.3499,1.9894,0.236,0.8856,0.2769,AVOID
23.798,0.1953,0.8842,0.5147,-1.3481,1.9924,0.236,0.8856,0.2791,AVOID
23.818,0.1984,0.886,0.5215,-1.3464,1.9955,0.2544,0.8956,0.2814,AVOID
23.838,0.2016,0.8878,0.5277,-1.3447,1.9986,0.2544,0.8956,0.2839,AVOID
23.858,0.2048,0.8897,0.5336,-1.343,2.0017,0.2544,0.8956,0.2864,AVOID
23.878,0.208,0.8916,0.5389,-1.3413,2.0049,0.2544,0.8956,0.2889,AVOID
23.898,0.2111,0.8935,0.5438,-1.3379,2.0112,0.2544,0.8956,0.2914,AVOID
23.918,0.2142,0.8954,0.5483,-1.3379,2.0112,0.2667,0.9028,0.2939,AVOID
23.938,0.2172,0.8972,0.5523,-1.3363,2.0143,0.2667,0.9028,0.2965,AVOID
23.958,0.2202,0.8991,0.5558,-1.3346,2.0175,0.2667,0.9028,0.299,AVOID
23.978,0.2232,0.901,0.5593,-1.333,2.0207,0.2667,0.9028,0.3015,AVOID
23.998,0.2262,0.9028,0.5628,-1.3313,2.0238,0.2667,0.9028,0.3041,AVOID
24.018,0.2292,0.9047,0.5663,-1.3281,2.0302,0.2819,0.9122,0.3067,AVOID
24.038,0.2322,0.9066,0.5698,-1.3281,2.0302,0.2819,0.9122,0.3093,AVOID
24.058,0.2352,0.9086,0.5733,-1.3265,2.0334,0.2819,0.9122,0.3119,AVOID
24.078,0.2382,0.9105,0.5768,-1.3249,2.0366,0.2819,0.9122,0.3145,AVOID
24.098,0.2411,0.9124,0.5803,-1.3233,2.0398,0.2819,0.9122,0.3172,AVOID
24.118,0.2441,0.9144,0.5838,-1.3217,2.043,0.2969,0.9219,0.3199,AVOID
24.138,0.247,0.9163,0.5872,-1.3202,2.0462,0.2969,0.9219,0.3225,AVOID
24.158,0.25,0.9183,0.5907,-1.3186,2.0495,0.2969,0.9219,0.3252,AVOID
24.178,0.2529,0.9203,0.5942,-1.3171,2.0527,0.2969,0.9219,0.328,AVOID
24.198,0.2559,0.9223,0.5977,-1.3156,2.0559,0.2969,0.9219,0.3307,AVOID
24.218,0.2589,0.9244,0.601,-1.3141,2.0591,0.3117,0.9318,0.3336,AVOID
24.238,0.262,0.9265,0.6038,-1.3126,2.0624,0.3117,0.9318,0.3365,AVOID
24.258,0.2651,0.9287,0.6061,-1.311,2.0657,0.3117,0.9318,0.3395,AVOID
24.278,0.2682,0.9308,0.6079,-1.308,2.0722,0.3117,0.9318,0.3425,AVOID
24.3,0.2712,0.9329,0.6093,-1.308,2.0722,0.3265,0.942,0.3454,AVOID
24.316,0.2742,0.935,0.6102,-1.3065,2.0755,0.3265,0.942,0.3484,AVOID
24.338,0.2772,0.9371,0.6107,-1.305,2.0787,0.3265,0.942,0.3513,AVOID
24.358,0.2802,0.9392,0.6107,-1.3035,2.082,0.3265,0.942,0.3542,AVOID
24.378,0.2831,0.9412,0.6107,-1.3004,2.0885,0.3265,0.942,0.3572,AVOID
24.398,0.2861,0.9433,0.6107,-1.3004,2.0885,0.3265,0.942,0.3601,AVOID
24.418,0.289,0.9453,0.6107,-1.2989,2.0918,0.3412,0.9524,0.363,AVOID
24.438,0.292,0.9474,0.6107,-1.2959,2.0983,0.3412,0.9524,0.366,AVOID
24.458,0.2949,0.9495,0.6107,-1.2959,2.0983,0.3412,0.9524,0.3689,AVOID
24.478,0.2979,0.9515,0.6107,-1.2944,2.1016,0.3412,0.9524,0.3719,AVOID
24.498,0.3008,0.9536,0.6107,-1.2913,2.1081,0.3412,0.9524,0.3749,AVOID
24.518,0.3038,0.9557,0.6107,-1.2913,2.1081,0.3559,0.9627,0.3778,AVOID
24.538,0.3067,0.9577,0.6107,-1.2898,2.1114,0.3559,0.9627,0.3808,AVOID
24.558,0.3097,0.9598,0.6107,-1.2868,2.1179,0.3559,0.9627,0.3838,AVOID
24.578,0.3126,0.9619,0.6107,-1.2868,2.1179,0.3559,0.9627,0.3868,AVOID
24.596,0.3156,0.9639,0.6107,-1.2853,2.1212,0.3559,0.9627,0.3898,AVOID
24.618,0.3185,0.966,0.6107,-1.2837,2.1244,0.3736,0.9752,0.3927,AVOID
24.638,0.3215,0.9681,0.6107,-1.2822,2.1277,0.3736,0.9752,0.3957,AVOID
24.658,0.3244,0.9701,0.6107,-1.2807,2.131,0.3736,0.9752,0.3988,AVOID
24.678,0.3274,0.9722,0.6107,-1.2792,2.1342,0.3736,0.9752,0.4018,AVOID
24.698,0.3303,0.9743,0.6107,-1.2777,2.1375,0.3736,0.9752,0.4048,AVOID
24.718,0.3333,0.9763,0.6107,-1.2762,2.1408,0.3854,0.9835,0.4078,AVOID
24.738,0.3362,0.9784,0.6107,-1.2746,2.144,0.3854,0.9835,0.4108,AVOID
24.758,0.3392,0.9804,0.6107,-1.2716,2.1506,0.3854,0.9835,0.4138,AVOID
24.778,0.3421,0.9825,0.6107,-1.2716,2.1506,0.3854,0.9835,0.4169,AVOID
24.798,0.3451,0.9846,0.6107,-1.2701,2.1538,0.3854,0.9835,0.4199,AVOID
24.818,0.348,0.9866,0.6107,-1.2686,2.1571,0.4001,0.9938,0.423,AVOID
24.838,0.351,0.9887,0.6107,-1.2671,2.1604,0.4001,0.9938,0.426,AVOID
24.858,0.3539,0.9908,0.6107,-1.2655,2.1636,0.4001,0.9938,0.429,AVOID
24.878,0.3569,0.9928,0.6107,-1.264,2.1669,0.4001,0.9938,0.4321,AVOID
24.898,0.3598,0.9949,0.6107,-1.261,2.1734,0.4001,0.9938,0.4352,AVOID
24.918,0.3627,0.997,0.6107,-1.261,2.1734,0.4148,1.0042,0.4382,AVOID
24.938,0.3657,0.999,0.6107,-1.2595,2.1767,0.4148,1.0042,0.4413,AVOID
24.958,0.3686,1.0011,0.6107,-1.2564,2.1832,0.4148,1.0042,0.4444,AVOID
24.978,0.3716,1.0032,0.6107,-1.2564,2.1832,0.4148,1.0042,0.4474,AVOID
24.998,0.3745,1.0052,0.6107,-1.2549,2.1865,0.4148,1.0042,0.4505,AVOID
25.018,0.3775,1.0073,0.6107,-1.2534,2.1897,0.4296,1.0145,0.4536,AVOID
25.038,0.3804,1.0093,0.6107,-1.2519,2.193,0.4296,1.0145,0.4567,AVOID
25.058,0.3834,1.0114,0.6107,-1.2488,2.1995,0.4296,1.0145,0.4598,AVOID
25.078,0.3863,1.0135,0.6107,-1.2488,2.1995,0.4296,1.0145,0.4629,AVOID
25.098,0.3893,1.0155,0.6107,-1.2473,2.2028,0.4296,1.0145,0.466,AVOID
25.118,0.3922,1.0176,0.6107,-1.2458,2.2061,0.4472,1.027,0.4691,AVOID
25.138,0.3952,1.0197,0.6107,-1.2443,2.2093,0.4472,1.027,0.4722,AVOID
25.158,0.3981,1.0217,0.6107,-1.2428,2.2126,0.4472,1.027,0.4753,AVOID
25.178,0.4011,1.0238,0.6107,-1.2413,2.2159,0.4472,1.027,0.4784,AVOID
25.198,0.404,1.0259,0.6107,-1.2397,2.2191,0.4472,1.027,0.4815,AVOID
25.218,0.407,1.0279,0.6107,-1.2382,2.2224,0.459,1.0352,0.4847,AVOID
25.238,0.4099,1.03,0.6107,-1.2352,2.2289,0.459,1.0352,0.4878,AVOID
25.258,0.4129,1.0321,0.6107,-1.2337,2.2322,0.459,1.0352,0.4909,AVOID
25.278,0.4158,1.0341,0.6107,-1.2337,2.2322,0.459,1.0352,0.494,AVOID
25.298,0.4188,1.0362,0.6107,-1.2322,2.2354,0.459,1.0352,0.4972,AVOID
25.318,0.4217,1.0383,0.6107,-1.2306,2.2387,0.4737,1.0456,0.5003,AVOID
25.338,0.4247,1.0403,0.6107,-1.2276,2.2452,0.4737,1.0456,0.5035,AVOID
25.358,0.4276,1.0424,0.6107,-1.2276,2.2452,0.4737,1.0456,0.5066,AVOID
25.378,0.4306,1.0444,0.6107,-1.2261,2.2485,0.4737,1.0456,0.5098,AVOID
25.398,0.4335,1.0465,0.6107,-1.2246,2.2518,0.4737,1.0456,0.5129,AVOID
25.418,0.4365,1.0486,0.6107,-1.2231,2.255,0.4884,1.056,0.5161,AVOID
25.438,0.4394,1.0506,0.6107,-1.22,2.2616,0.4884,1.056,0.5192,AVOID
25.458,0.4424,1.0527,0.6107,-1.22,2.2616,0.4884,1.056,0.5224,AVOID
25.478,0.4453,1.0548,0.6107,-1.2185,2.2648,0.4884,1.056,0.5216,AVOID
25.498,0.4483,1.0568,0.6107,-1.217,2.2681,0.4884,1.056,0.5188,AVOID
25.518,0.4512,1.0589,0.6107,-1.2155,2.2714,0.5032,1.0663,0.5159,AVOID
25.538,0.4542,1.061,0.6107,-1.214,2.2746,0.5032,1.0663,0.5131,AVOID
25.558,0.4571,1.063,0.6107,-1.2124,2.2779,0.5032,1.0663,0.5102,AVOID
25.578,0.4601,1.0651,0.6107,-1.2109,2.2812,0.5032,1.0663,0.5074,AVOID
25.598,0.463,1.0672,0.6107,-1.2094,2.2844,0.5032,1.0663,0.5046,AVOID
25.618,0.466,1.0692,0.6107,-1.2064,2.2909,0.5179,1.0767,0.5017,AVOID
25.638,0.4689,1.0713,0.6107,-1.2049,2.2942,0.5179,1.0767,0.4989,AVOID
25.658,0.4719,1.0733,0.6107,-1.2033,2.2975,0.5179,1.0767,0.4961,AVOID
25.678,0.4748,1.0754,0.6107,-1.2033,2.2975,0.5179,1.0767,0.4933,AVOID
25.7,0.4778,1.0775,0.6107,-1.2018,2.3007,0.5179,1.0767,0.4905,AVOID
25.718,0.4807,1.0795,0.6107,-1.2003,2.304,0.5326,1.087,0.4877,AVOID
25.738,0.4837,1.0816,0.6107,-1.1988,2.3073,0.5326,1.087,0.4849,AVOID
25.758,0.4866,1.0837,0.6107,-1.1958,2.3138,0.5326,1.087,0.4821,AVOID
25.778,0.4896,1.0857,0.6107,-1.1958,2.3138,0.5326,1.087,0.4794,AVOID
25.798,0.4925,1.0878,0.6107,-1.1927,2.3203,0.5326,1.087,0.4766,AVOID
25.818,0.4955,1.0899,0.6107,-1.1927,2.3203,0.5503,1.0995,0.4738,AVOID
25.838,0.4984,1.0919,0.6107,-1.1912,2.3236,0.5503,1.0995,0.4711,AVOID
25.858,0.5014,1.094,0.6107,-1.1897,2.3269,0.5503,1.0995,0.4683,AVOID
25.878,0.5043,1.0961,0.6107,-1.1867,2.3334,0.5503,1.0995,0.4656,AVOID
25.898,0.5073,1.0981,0.6107,-1.1867,2.3334,0.5503,1.0995,0.4628,AVOID
25.918,0.5102,1.1002,0.6107,-1.1851,2.3367,0.565,1.1098,0.4601,AVOID
25.938,0.5132,1.1023,0.6107,-1.1836,2.3399,0.565,1.1098,0.4574,AVOID
25.958,0.5161,1.1043,0.6107,-1.1821,2.3432,0.565,1.1098,0.4547,AVOID
25.978,0.5191,1.1064,0.6107,-1.1806,2.3464,0.565,1.1098,0.4519,AVOID
25.998,0.522,1.1084,0.6107,-1.1791,2.3497,0.565,1.1098,0.4492,AVOID
26.018,0.5251,1.1106,0.6105,-1.176,2.3562,0.5768,1.1181,0.4464,AVOID
26.038,0.5282,1.1128,0.6098,-1.176,2.3562,0.5768,1.1181,0.4436,AVOID
26.06,0.5313,1.1149,0.6086,-1.1745,2.3595,0.5768,1.1181,0.4408,AVOID
26.078,0.5343,1.1171,0.607,-1.173,2.3627,0.5768,1.1181,0.4381,AVOID
26.098,0.5374,1.1192,0.6049,-1.1714,2.3659,0.5768,1.1181,0.4354,AVOID
26.12,0.5404,1.1213,0.6023,-1.1699,2.3691,0.5944,1.1304,0.4327,AVOID
26.138,0.5434,1.1233,0.5993,-1.1683,2.3723,0.5944,1.1304,0.4301,AVOID
26.158,0.5464,1.1253,0.5959,-1.1667,2.3755,0.5944,1.1304,0.4274,AVOID
26.178,0.5494,1.1274,0.5924,-1.1636,2.3819,0.5944,1.1304,0.4248,AVOID
26.198,0.5524,1.1294,0.5889,-1.1636,2.3819,0.5944,1.1304,0.4222,AVOID
26.218,0.5553,1.1313,0.5856,-1.162,2.3851,0.6062,1.1385,0.4197,AVOID
26.238,0.5581,1.1332,0.5828,-1.1603,2.3883,0.6062,1.1385,0.4173,AVOID
26.258,0.561,1.135,0.5805,-1.1587,2.3915,0.6062,1.1385,0.4148,AVOID
26.278,0.5639,1.1369,0.5786,-1.1571,2.3947,0.6062,1.1385,0.4122,AVOID
26.298,0.5668,1.1389,0.5772,-1.1554,2.398,0.6062,1.1385,0.4097,AVOID
26.318,0.5698,1.1408,0.5763,-1.1538,2.4012,0.6211,1.1484,0.4071,AVOID
26.338,0.5727,1.1427,0.5758,-1.1522,2.4044,0.6211,1.1484,0.4044,AVOID
26.358,0.5758,1.1447,0.5757,-1.1505,2.4076,0.6211,1.1484,0.4018,AVOID
26.378,0.5788,1.1466,0.5757,-1.1489,2.4108,0.6211,1.1484,0.3991,AVOID
26.396,0.5818,1.1486,0.5757,-1.1473,2.414,0.6211,1.1484,0.3965,AVOID
26.418,0.5848,1.1506,0.5757,-1.1457,2.4172,0.6392,1.1602,0.3939,AVOID
26.438,0.5878,1.1525,0.5757,-1.144,2.4204,0.6392,1.1602,0.3912,AVOID
26.458,0.5909,1.1545,0.5757,-1.1424,2.4236,0.6392,1.1602,0.3886,AVOID
26.478,0.5939,1.1564,0.5757,-1.1408,2.4268,0.6392,1.1602,0.386,AVOID
26.498,0.5969,1.1584,0.5757,-1.1391,2.4301,0.6392,1.1602,0.3834,AVOID
26.518,0.5999,1.1604,0.5757,-1.1359,2.4365,0.6513,1.1681,0.3808,AVOID
26.538,0.6029,1.1623,0.5757,-1.1359,2.4365,0.6513,1.1681,0.3783,AVOID
26.558,0.606,1.1643,0.5757,-1.1342,2.4397,0.6513,1.1681,0.3757,AVOID
26.578,0.609,1.1662,0.5757,-1.1326,2.4429,0.6513,1.1681,0.3731,AVOID
26.598,0.612,1.1682,0.5757,-1.131,2.4461,0.6513,1.1681,0.3706,AVOID
26.618,0.615,1.1702,0.5757,-1.1294,2.4493,0.6694,1.1799,0.368,AVOID
26.638,0.618,1.1721,0.5757,-1.1277,2.4525,0.6694,1.1799,0.3655,AVOID
26.658,0.6211,1.1741,0.5757,-1.1261,2.4557,0.6694,1.1799,0.363,AVOID
26.678,0.6241,1.176,0.5757,-1.1245,2.4589,0.6694,1.1799,0.3604,AVOID
26.696,0.6271,1.178,0.5757,-1.1228,2.4622,0.6694,1.1799,0.3579,AVOID
26.718,0.6301,1.18,0.5757,-1.1196,2.4686,0.6844,1.1897,0.3554,AVOID
26.738,0.6331,1.1819,0.5757,-1.1196,2.4686,0.6844,1.1897,0.3529,AVOID
26.758,0.6362,1.1839,0.5757,-1.1179,2.4718,0.6844,1.1897,0.3505,AVOID
26.778,0.6392,1.1858,0.5757,-1.1163,2.475,0.6844,1.1897,0.348,AVOID
26.798,0.6422,1.1878,0.5757,-1.1147,2.4782,0.6844,1.1897,0.3455,AVOID
26.818,0.6452,1.1898,0.5757,-1.1114,2.4846,0.6965,1.1976,0.3431,AVOID
26.838,0.6482,1.1917,0.5757,-1.1114,2.4846,0.6965,1.1976,0.3406,AVOID
26.858,0.6513,1.1937,0.5757,-1.1098,2.4878,0.6965,1.1976,0.3382,AVOID
26.878,0.6543,1.1956,0.5757,-1.1082,2.491,0.6965,1.1976,0.3358,AVOID
26.898,0.6573,1.1976,0.5757,-1.1065,2.4943,0.6965,1.1976,0.3334,AVOID
26.918,0.6603,1.1996,0.5757,-1.1049,2.4975,0.7116,1.2074,0.331,AVOID
26.938,0.6633,1.2015,0.5757,-1.1033,2.5007,0.7116,1.2074,0.3286,AVOID
26.958,0.6664,1.2035,0.5757,-1.1016,2.5039,0.7116,1.2074,0.3262,AVOID
26.978,0.6694,1.2054,0.5757,-1.1,2.5071,0.7116,1.2074,0.3238,AVOID
26.998,0.6724,1.2074,0.5757,-1.0984,2.5103,0.7116,1.2074,0.3215,AVOID
27.018,0.6754,1.2094,0.5757,-1.0968,2.5135,0.7266,1.2173,0.3191,AVOID
27.038,0.6784,1.2113,0.5757,-1.0935,2.5199,0.7266,1.2173,0.3168,AVOID
27.058,0.6814,1.2133,0.5757,-1.0935,2.5199,0.7266,1.2173,0.3145,AVOID
27.078,0.6845,1.2152,0.5757,-1.0919,2.5231,0.7266,1.2173,0.3121,AVOID
27.098,0.6875,1.2172,0.5757,-1.0902,2.5264,0.7266,1.2173,0.3098,AVOID
27.118,0.6905,1.2192,0.5757,-1.087,2.5328,0.7417,1.2271,0.3075,AVOID
27.138,0.6935,1.2211,0.5757,-1.087,2.5328,0.7417,1.2271,0.3053,AVOID
27.158,0.6965,1.2231,0.5757,-1.0837,2.5392,0.7417,1.2271,0.303,AVOID
27.178,0.6996,1.225,0.5757,-1.0837,2.5392,0.7417,1.2271,0.3007,AVOID
27.198,0.7026,1.227,0.5757,-1.0805,2.5456,0.7417,1.2271,0.2985,AVOID
27.218,0.7056,1.229,0.5757,-1.0788,2.5488,0.7568,1.2369,0.2963,AVOID
27.238,0.7086,1.2309,0.5757,-1.0788,2.5488,0.7568,1.2369,0.294,AVOID
27.258,0.7116,1.2329,0.5757,-1.0772,2.552,0.7568,1.2369,0.2918,AVOID
27.278,0.7147,1.2348,0.5757,-1.0756,2.5552,0.7568,1.2369,0.2896,AVOID
27.298,0.7177,1.2368,0.5757,-1.0739,2.5584,0.7568,1.2369,0.2875,AVOID
27.318,0.7207,1.2388,0.5757,-1.0723,2.5617,0.7719,1.2468,0.2853,AVOID
27.338,0.7237,1.2407,0.5757,-1.0707,2.5649,0.7719,1.2468,0.2831,AVOID
27.36,0.7267,1.2427,0.5757,-1.0674,2.5713,0.7719,1.2468,0.281,AVOID
27.378,0.7298,1.2446,0.5757,-1.0674,2.5713,0.7719,1.2468,0.2789,AVOID
27.398,0.7328,1.2466,0.5757,-1.0658,2.5745,0.7719,1.2468,0.2767,AVOID
27.418,0.7359,1.2486,0.5756,-1.0625,2.5809,0.7869,1.2566,0.2746,AVOID
27.438,0.7391,1.2507,0.5749,-1.0625,2.5809,0.7869,1.2566,0.2724,AVOID
27.458,0.7423,1.2528,0.5738,-1.0593,2.5872,0.7869,1.2566,0.2702,AVOID
27.478,0.7454,1.2548,0.5722,-1.0593,2.5872,0.7869,1.2566,0.2681,AVOID
27.498,0.7485,1.2568,0.5702,-1.0576,2.5904,0.7869,1.2566,0.266,AVOID
27.518,0.7516,1.2588,0.5677,-1.0543,2.5967,0.8019,1.2664,0.264,AVOID
27.538,0.7547,1.2607,0.5647,-1.0543,2.5967,0.8019,1.2664,0.262,AVOID
27.558,0.7577,1.2627,0.5613,-1.0526,2.5999,0.8019,1.2664,0.2601,AVOID
27.578,0.7608,1.2646,0.5578,-1.0509,2.603,0.8019,1.2664,0.2581,AVOID
27.598,0.7639,1.2665,0.5543,-1.0475,2.6093,0.8019,1.2664,0.2562,AVOID
27.618,0.7668,1.2683,0.5511,-1.0475,2.6093,0.8201,1.2779,0.2543,AVOID
27.638,0.7697,1.27,0.5483,-1.0457,2.6124,0.8201,1.2779,0.2525,AVOID
27.658,0.7726,1.2718,0.5459,-1.044,2.6156,0.8201,1.2779,0.2506,AVOID
27.678,0.7756,1.2736,0.5441,-1.0422,2.6187,0.8201,1.2779,0.2487,AVOID
27.698,0.7786,1.2754,0.5426,-1.0405,2.6219,0.8201,1.2779,0.2468,AVOID
27.718,0.7816,1.2773,0.5417,-1.0388,2.625,0.8323,1.2854,0.2449,AVOID
27.738,0.7847,1.2791,0.5412,-1.037,2.6282,0.8323,1.2854,0.2429,AVOID
27.758,0.7878,1.281,0.5411,-1.0353,2.6314,0.8323,1.2854,0.241,AVOID
27.778,0.7908,1.2828,0.5411,-1.0335,2.6345,0.8323,1.2854,0.239,AVOID
27.798,0.7939,1.2847,0.5411,-1.0318,2.6377,0.8323,1.2854,0.2371,AVOID
27.818,0.797,1.2865,0.5411,-1.0301,2.6408,0.8477,1.2947,0.2352,AVOID
27.838,0.8001,1.2884,0.5411,-1.0266,2.6471,0.8477,1.2947,0.2333,AVOID
27.858,0.8032,1.2902,0.5411,-1.0266,2.6471,0.8477,1.2947,0.2314,AVOID
27.878,0.8063,1.2921,0.5411,-1.0248,2.6503,0.8477,1.2947,0.2295,AVOID
27.898,0.8094,1.2939,0.5411,-1.0231,2.6534,0.8477,1.2947,0.2277,AVOID
27.918,0.8124,1.2958,0.5411,-1.0214,2.6566,0.8631,1.304,0.2258,AVOID
27.938,0.8155,1.2976,0.5411,-1.0196,2.6597,0.8631,1.304,0.224,AVOID
27.958,0.8186,1.2995,0.5411,-1.0179,2.6629,0.8631,1.304,0.2222,AVOID
27.978,0.8217,1.3013,0.5411,-1.0161,2.666,0.8631,1.304,0.2204,AVOID
27.998,0.8248,1.3032,0.5411,-1.0144,2.6692,0.8631,1.304,0.2187,AVOID
28.018,0.8279,1.3051,0.5411,-1.0127,2.6723,0.8785,1.3133,0.2169,AVOID
28.038,0.831,1.3069,0.5411,-1.0109,2.6755,0.8785,1.3133,0.2152,AVOID
28.058,0.834,1.3088,0.5411,-1.0092,2.6786,0.8785,1.3133,0.2135,AVOID
28.078,0.8371,1.3106,0.5411,-1.0074,2.6818,0.8785,1.3133,0.2118,AVOID
28.098,0.8402,1.3125,0.5411,-1.0057,2.6849,0.8785,1.3133,0.2101,AVOID
28.118,0.8433,1.3143,0.5411,-1.0022,2.6912,0.894,1.3226,0.2084,AVOID
28.138,0.8464,1.3162,0.5411,-1.0022,2.6912,0.894,1.3226,0.2068,AVOID
28.158,0.8495,1.318,0.5411,-1.0005,2.6944,0.894,1.3226,0.2051,AVOID
28.178,0.8526,1.3199,0.5411,-0.9987,2.6975,0.894,1.3226,0.2035,AVOID
28.198,0.8556,1.3217,0.5411,-0.997,2.7007,0.894,1.3226,0.2019,AVOID
28.218,0.8587,1.3236,0.5411,-0.9953,2.7038,0.9094,1.3319,0.2004,AVOID
28.238,0.8618,1.3255,0.5411,-0.9935,2.707,0.9094,1.3319,0.1988,AVOID
28.258,0.8649,1.3273,0.5411,-0.9918,2.7101,0.9094,1.3319,0.1973,AVOID
28.278,0.868,1.3292,0.5411,-0.9883,2.7164,0.9094,1.3319,0.1957,AVOID
28.298,0.8711,1.331,0.5411,-0.9883,2.7164,0.9094,1.3319,0.1942,AVOID
28.318,0.8742,1.3329,0.5411,-0.9848,2.7227,0.9248,1.3412,0.1928,AVOID
28.338,0.8772,1.3347,0.5411,-0.9831,2.7259,0.9248,1.3412,0.1913,AVOID
28.358,0.8803,1.3366,0.5411,-0.9831,2.7259,0.9248,1.3412,0.1899,AVOID
28.378,0.8834,1.3384,0.5411,-0.9813,2.7291,0.9248,1.3412,0.1884,AVOID
28.398,0.8865,1.3403,0.5411,-0.9796,2.7322,0.9248,1.3412,0.187,AVOID
28.418,0.8896,1.3421,0.5411,-0.9779,2.7354,0.9402,1.3505,0.1857,AVOID
28.438,0.8927,1.344,0.5411,-0.9761,2.7385,0.9402,1.3505,0.1843,AVOID
28.458,0.8958,1.3459,0.5411,-0.9744,2.7417,0.9402,1.3505,0.183,AVOID
28.478,0.8988,1.3477,0.5411,-0.9709,2.748,0.9402,1.3505,0.1817,AVOID
28.498,0.9019,1.3496,0.5411,-0.9709,2.748,0.9402,1.3505,0.1804,AVOID
28.518,0.905,1.3514,0.5411,-0.9692,2.7511,0.9556,1.3598,0.1791,AVOID
28.538,0.9081,1.3533,0.5411,-0.9674,2.7543,0.9556,1.3598,0.1778,AVOID
28.558,0.9112,1.3551,0.5411,-0.9639,2.7606,0.9556,1.3598,0.1766,AVOID
28.578,0.9143,1.357,0.5411,-0.9622,2.7637,0.9556,1.3598,0.1754,AVOID
28.598,0.9174,1.3588,0.5411,-0.9622,2.7637,0.9556,1.3598,0.1742,AVOID
28.618,0.9204,1.3607,0.5411,-0.9605,2.7669,0.971,1.3692,0.173,AVOID
28.638,0.9235,1.3625,0.5411,-0.9587,2.77,0.971,1.3692,0.1719,AVOID
28.658,0.9266,1.3644,0.5411,-0.957,2.7732,0.971,1.3692,0.1707,AVOID
28.678,0.9297,1.3662,0.5411,-0.9552,2.7763,0.971,1.3692,0.1696,AVOID
28.698,0.9328,1.3681,0.5411,-0.9535,2.7795,0.971,1.3692,0.1686,AVOID
28.718,0.9359,1.37,0.5411,-0.9518,2.7826,0.9864,1.3785,0.1675,AVOID
28.738,0.939,1.3718,0.5411,-0.95,2.7858,0.9864,1.3785,0.1665,AVOID
28.758,0.942,1.3737,0.5411,-0.9483,2.7889,0.9864,1.3785,0.1655,AVOID
28.778,0.9451,1.3755,0.5411,-0.9465,2.7921,0.9864,1.3785,0.1645,AVOID
28.798,0.9482,1.3774,0.5411,-0.9448,2.7952,0.9864,1.3785,0.1635,AVOID
28.818,0.9513,1.3792,0.5411,-0.9431,2.7984,1.0018,1.3878,0.1625,AVOID
28.838,0.9544,1.3811,0.5411,-0.9396,2.8047,1.0018,1.3878,0.1616,AVOID
28.858,0.9575,1.3829,0.5411,-0.9396,2.8047,1.0018,1.3878,0.1607,AVOID
28.878,0.9606,1.3848,0.5411,-0.9378,2.8078,1.0018,1.3878,0.1598,AVOID
28.898,0.9636,1.3866,0.5411,-0.9361,2.811,1.0018,1.3878,0.159,AVOID
28.918,0.9667,1.3885,0.5411,-0.9326,2.8173,1.0172,1.3971,0.1582,AVOID
28.938,0.9698,1.3904,0.5411,-0.9309,2.8205,1.0172,1.3971,0.1574,AVOID
28.958,0.9729,1.3922,0.5411,-0.9291,2.8236,1.0172,1.3971,0.1566,AVOID
28.978,0.976,1.3941,0.5411,-0.9291,2.8236,1.0172,1.3971,0.1558,AVOID
28.998,0.9791,1.3959,0.5411,-0.9274,2.8268,1.0172,1.3971,0.1551,AVOID
29.018,0.9822,1.3978,0.5411,-0.9257,2.8299,1.0326,1.4064,0.1544,AVOID
29.038,0.9852,1.3996,0.5411,-0.9239,2.8331,1.0326,1.4064,0.1537,AVOID
29.058,0.9883,1.4015,0.5411,-0.9222,2.8362,1.0326,1.4064,0.153,AVOID
29.078,0.9914,1.4033,0.5411,-0.9204,2.8394,1.0326,1.4064,0.1524,AVOID
29.098,0.9945,1.4052,0.5411,-0.9187,2.8425,1.0326,1.4064,0.1518,AVOID
29.118,0.9976,1.407,0.5411,-0.917,2.8457,1.048,1.4157,0.1512,AVOID
29.138,1.0007,1.4089,0.5411,-0.9152,2.8488,1.048,1.4157,0.1506,AVOID
29.158,1.0038,1.4108,0.5411,-0.9135,2.852,1.048,1.4157,0.1501,AVOID
29.178,1.0068,1.4126,0.5411,-0.9117,2.8551,1.048,1.4157,0.1496,AVOID
29.198,1.0099,1.4145,0.5411,-0.91,2.8583,1.048,1.4157,0.1491,AVOID
29.218,1.0131,1.4164,0.5409,-0.9083,2.8614,1.0634,1.425,0.1486,AVOID
29.238,1.0164,1.4183,0.5403,-0.9065,2.8646,1.0634,1.425,0.1482,AVOID
29.258,1.0196,1.4203,0.5392,-0.903,2.8708,1.0634,1.425,0.1478,AVOID
29.278,1.0228,1.4222,0.5376,-0.903,2.8708,1.0634,1.425,0.1474,AVOID
29.298,1.026,1.4241,0.5356,-0.8995,2.877,1.0634,1.425,0.1471,AVOID
29.318,1.0292,1.426,0.5331,-0.8995,2.877,1.0788,1.4342,0.1468,AVOID
29.338,1.0323,1.4278,0.5301,-0.8977,2.8801,1.0788,1.4342,0.1466,AVOID
29.358,1.0354,1.4296,0.5268,-0.8959,2.8832,1.0788,1.4342,0.1464,AVOID
29.378,1.0386,1.4314,0.5233,-0.8941,2.8863,1.0788,1.4342,0.1462,AVOID
29.398,1.0417,1.4332,0.5198,-0.8923,2.8893,1.0788,1.4342,0.146,AVOID
29.418,1.0447,1.4349,0.5165,-0.8905,2.8924,1.0972,1.4451,0.1458,AVOID
29.438,1.0474,1.4364,0.5137,-0.8886,2.8955,1.0972,1.4451,0.1456,AVOID
29.458,1.0501,1.438,0.5114,-0.8868,2.8986,1.0972,1.4451,0.1455,AVOID
29.478,1.0529,1.4395,0.5096,-0.885,2.9016,1.0972,1.4451,0.1453,AVOID
29.498,1.0557,1.4411,0.5082,-0.8814,2.9078,1.0972,1.4451,0.1451,AVOID
29.518,1.0585,1.4426,0.5072,-0.8814,2.9078,1.1128,1.4539,0.145,AVOID
29.538,1.0614,1.4442,0.5068,-0.8797,2.9109,1.1128,1.4539,0.1448,AVOID
29.558,1.0642,1.4458,0.5067,-0.8779,2.914,1.1128,1.4539,0.1447,AVOID
29.578,1.0671,1.4474,0.5071,-0.8761,2.9171,1.1128,1.4539,0.1445,AVOID
29.598,1.0701,1.4491,0.508,-0.8744,2.9203,1.1128,1.4539,0.1444,AVOID
29.618,1.0732,1.4508,0.5089,-0.8727,2.9234,1.1253,1.4608,0.1443,AVOID
29.638,1.0765,1.4527,0.5093,-0.8692,2.9296,1.1253,1.4608,0.1443,AVOID
29.658,1.0799,1.4546,0.5093,-0.8674,2.9327,1.1253,1.4608,0.1442,AVOID
29.678,1.0832,1.4565,0.5087,-0.8674,2.9327,1.1253,1.4608,0.1442,AVOID
29.696,1.0865,1.4583,0.5078,-0.8657,2.9358,1.1253,1.4608,0.1443,AVOID
29.718,1.0898,1.4601,0.5064,-0.8639,2.9389,1.1409,1.4696,0.1444,AVOID
29.738,1.093,1.4619,0.5045,-0.8621,2.942,1.1409,1.4696,0.1445,AVOID
29.758,1.0963,1.4637,0.5021,-0.8603,2.9451,1.1409,1.4696,0.1447,AVOID
29.778,1.0995,1.4654,0.4994,-0.8585,2.9482,1.1409,1.4696,0.1449,AVOID
29.798,1.1026,1.4672,0.4961,-0.8567,2.9513,1.1409,1.4696,0.1451,AVOID
29.818,1.1059,1.469,0.4924,-0.8549,2.9544,1.1565,1.4782,0.1453,AVOID
29.838,1.1092,1.4707,0.4882,-0.8531,2.9574,1.1565,1.4782,0.1456,AVOID
29.858,1.1125,1.4725,0.4836,-0.8494,2.9633,1.1565,1.4782,0.1459,AVOID
29.878,1.1158,1.4742,0.4785,-0.8494,2.9633,1.1565,1.4782,0.1462,AVOID
29.898,1.1191,1.4758,0.473,-0.8457,2.9692,1.1565,1.4782,0.1466,AVOID
29.918,1.1223,1.4775,0.467,-0.8438,2.9721,1.172,1.4865,0.1469,AVOID
29.938,1.1255,1.4791,0.4606,-0.8438,2.9721,1.172,1.4865,0.1473,AVOID
29.958,1.1287,1.4807,0.4538,-0.8418,2.975,1.172,1.4865,0.1477,AVOID
29.978,1.1319,1.4822,0.4468,-0.8399,2.9779,1.172,1.4865,0.1481,AVOID
29.998,1.1351,1.4837,0.4398,-0.8379,2.9808,1.172,1.4865,0.1485,AVOID
30.018,1.1384,1.4853,0.4326,-0.8359,2.9837,1.172,1.4865,0.1489,AVOID
30.038,1.1417,1.4868,0.4249,-0.832,2.9892,1.172,1.4865,0.1493,AVOID
30.058,1.145,1.4883,0.4169,-0.832,2.9892,1.1876,1.4943,0.1498,GO_GOAL
30.078,1.1483,1.4897,0.4083,-0.8301,2.9919,1.1876,1.4943,0.1502,GO_GOAL
30.098,1.1516,1.4911,0.3994,-0.828,2.9946,1.1876,1.4943,0.1507,GO_GOAL
30.118,1.1548,1.4924,0.3904,-0.826,2.9972,1.2061,1.5026,0.1511,GO_GOAL
30.138,1.158,1.4937,0.3818,-0.8239,3.0,1.2061,1.5026,0.1515,GO_GOAL
30.158,1.1612,1.495,0.3737,-0.8217,3.0027,1.2061,1.5026,0.1519,GO_GOAL
30.178,1.1645,1.4963,0.366,-0.8195,3.0054,1.2061,1.5026,0.1523,GO_GOAL
30.198,1.1678,1.4975,0.3587,-0.8151,3.0108,1.2061,1.5026,0.1526,GO_GOAL
30.218,1.1711,1.4988,0.3517,-0.8151,3.0108,1.2223,1.509,0.153,GO_GOAL
30.238,1.1744,1.5,0.3447,-0.8128,3.0135,1.2223,1.509,0.1533,GO_GOAL
30.258,1.1778,1.5012,0.3377,-0.8083,3.0188,1.2223,1.509,0.1537,GO_GOAL
30.278,1.1812,1.5023,0.3308,-0.8083,3.0188,1.2223,1.509,0.154,GO_GOAL
30.298,1.1845,1.5035,0.3238,-0.806,3.0214,1.2223,1.509,0.1544,GO_GOAL
30.318,1.1879,1.5046,0.3168,-0.8036,3.024,1.2387,1.5149,0.1547,GO_GOAL
30.338,1.1913,1.5057,0.3098,-0.8013,3.0266,1.2387,1.5149,0.1551,GO_GOAL
30.358,1.1947,1.5068,0.3028,-0.799,3.0292,1.2387,1.5149,0.1554,GO_GOAL
30.378,1.1981,1.5078,0.2958,-0.7966,3.0317,1.2387,1.5149,0.1558,GO_GOAL
30.398,1.2015,1.5088,0.2889,-0.7942,3.0343,1.2387,1.5149,0.1561,GO_GOAL
30.418,1.2048,1.5098,0.282,-0.7918,3.0368,1.2554,1.5201,0.1565,GO_GOAL
30.438,1.208,1.5107,0.2756,-0.7893,3.0394,1.2554,1.5201,0.1568,GO_GOAL
30.458,1.2113,1.5116,0.2697,-0.7868,3.0419,1.2554,1.5201,0.1571,GO_GOAL
30.478,1.2147,1.5126,0.2641,-0.7843,3.0445,1.2554,1.5201,0.1574,GO_GOAL
30.498,1.218,1.5135,0.2589,-0.7818,3.047,1.2554,1.5201,0.1577,GO_GOAL
30.518,1.2214,1.5143,0.2541,-0.7793,3.0496,1.2691,1.524,0.158,GO_GOAL
30.538,1.2249,1.5152,0.2498,-0.7768,3.0521,1.2691,1.524,0.1583,GO_GOAL
30.558,1.2283,1.5161,0.2458,-0.7717,3.0571,1.2691,1.524,0.1586,GO_GOAL
30.578,1.2318,1.517,0.2423,-0.7717,3.0571,1.2691,1.524,0.1589,GO_GOAL
30.598,1.2353,1.5178,0.2388,-0.7691,3.0596,1.2691,1.524,0.1592,GO_GOAL
30.618,1.2388,1.5187,0.2353,-0.7666,3.0621,1.2864,1.5284,0.1595,GO_GOAL
30.638,1.2423,1.5195,0.2318,-0.7614,3.0671,1.2864,1.5284,0.1598,GO_GOAL
30.658,1.2458,1.5203,0.2283,-0.7614,3.0671,1.2864,1.5284,0.1601,GO_GOAL
30.678,1.2494,1.5211,0.2248,-0.7589,3.0695,1.2864,1.5284,0.1605,GO_GOAL
30.698,1.2529,1.5219,0.2213,-0.7563,3.072,1.2864,1.5284,0.1608,GO_GOAL
30.718,1.2564,1.5227,0.2178,-0.751,3.0769,1.3038,1.5326,0.1612,GO_GOAL
30.738,1.2599,1.5235,0.2143,-0.751,3.0769,1.3038,1.5326,0.1616,GO_GOAL
30.758,1.2634,1.5243,0.2109,-0.7484,3.0793,1.3038,1.5326,0.162,GO_GOAL
30.778,1.267,1.525,0.2074,-0.7458,3.0817,1.3038,1.5326,0.1624,GO_GOAL
30.798,1.2705,1.5257,0.2039,-0.7432,3.0841,1.3038,1.5326,0.1628,GO_GOAL
30.818,1.2739,1.5264,0.2006,-0.7378,3.0889,1.3213,1.5364,0.1632,GO_GOAL
30.838,1.2772,1.5271,0.1977,-0.7378,3.0889,1.3213,1.5364,0.1636,GO_GOAL
30.858,1.2806,1.5278,0.1952,-0.7352,3.0914,1.3213,1.5364,0.164,GO_GOAL
30.878,1.284,1.5284,0.1931,-0.7325,3.0938,1.3213,1.5364,0.1644,GO_GOAL
30.898,1.2874,1.5291,0.1914,-0.7298,3.0962,1.3213,1.5364,0.1649,GO_GOAL
30.918,1.2908,1.5298,0.1901,-0.7272,3.0986,1.3389,1.54,0.1653,GO_GOAL
30.938,1.2943,1.5304,0.1891,-0.7245,3.101,1.3389,1.54,0.1657,GO_GOAL
30.958,1.2978,1.5311,0.1886,-0.7218,3.1034,1.3389,1.54,0.1662,GO_GOAL
30.978,1.3013,1.5318,0.1884,-0.7191,3.1058,1.3389,1.54,0.1666,GO_GOAL
30.998,1.3048,1.5324,0.1884,-0.7165,3.1083,1.3389,1.54,0.1671,GO_GOAL
31.018,1.3084,1.5331,0.1884,-0.7138,3.1107,1.3565,1.5434,0.1676,GO_GOAL
31.038,1.3119,1.5338,0.1884,-0.7111,3.1131,1.3565,1.5434,0.1681,GO_GOAL
31.058,1.3155,1.5345,0.1884,-0.7085,3.1155,1.3565,1.5434,0.1687,GO_GOAL
31.078,1.319,1.5351,0.1884,-0.7058,3.1179,1.3565,1.5434,0.1693,GO_GOAL
31.098,1.3225,1.5358,0.1884,-0.7031,3.1203,1.3565,1.5434,0.1699,GO_GOAL
31.12,1.3261,1.5365,0.1884,-0.6978,3.1252,1.3777,1.5475,0.1705,GO_GOAL
31.138,1.3296,1.5372,0.1884,-0.6951,3.1276,1.3777,1.5475,0.1712,GO_GOAL
31.158,1.3331,1.5378,0.1884,-0.6951,3.1276,1.3777,1.5475,0.1718,GO_GOAL
31.178,1.3367,1.5385,0.1884,-0.6898,3.1324,1.3777,1.5475,0.1725,GO_GOAL
31.2,1.3402,1.5392,0.1884,-0.6898,3.1324,1.3777,1.5475,0.1733,GO_GOAL
31.218,1.3437,1.5399,0.1884,-0.6871,3.1348,1.3919,1.5502,0.174,GO_GOAL
31.238,1.3473,1.5405,0.1884,-0.6844,3.1372,1.3919,1.5502,0.1748,GO_GOAL
31.258,1.3508,1.5412,0.1884,-0.6817,3.1396,1.3919,1.5502,0.1756,GO_GOAL
31.278,1.3544,1.5419,0.1884,-0.6791,3.142,1.3919,1.5502,0.1764,GO_GOAL
31.298,1.3579,1.5425,0.1884,-0.6764,3.1445,1.3919,1.5502,0.1772,GO_GOAL
31.318,1.3614,1.5432,0.1884,-0.6711,3.1493,1.4096,1.5536,0.1781,GO_GOAL
31.338,1.365,1.5439,0.1884,-0.6711,3.1493,1.4096,1.5536,0.1789,GO_GOAL
31.358,1.3685,1.5446,0.1884,-0.6657,3.1541,1.4096,1.5536,0.1799,GO_GOAL
31.38,1.372,1.5452,0.1884,-0.663,3.1565,1.4096,1.5536,0.1808,GO_GOAL
31.398,1.3756,1.5459,0.1884,-0.663,3.1565,1.4096,1.5536,0.1817,GO_GOAL
31.418,1.3791,1.5466,0.1884,-0.6604,3.1589,1.4272,1.557,0.1827,GO_GOAL
31.438,1.3826,1.5473,0.1884,-0.655,3.1638,1.4272,1.557,0.1837,GO_GOAL
31.458,1.3862,1.5479,0.1884,-0.655,3.1638,1.4272,1.557,0.1847,GO_GOAL
31.478,1.3897,1.5486,0.1884,-0.6524,3.1662,1.4272,1.557,0.1857,GO_GOAL
31.498,1.3933,1.5493,0.1884,-0.6497,3.1686,1.4272,1.557,0.1868,GO_GOAL
31.518,1.3968,1.55,0.1884,-0.6444,3.1734,1.4484,1.5611,0.1879,GO_GOAL
31.538,1.4003,1.5506,0.1884,-0.6417,3.1758,1.4484,1.5611,0.189,GO_GOAL
31.558,1.4039,1.5513,0.1884,-0.6417,3.1758,1.4484,1.5611,0.1901,GO_GOAL
31.578,1.4074,1.552,0.1884,-0.639,3.1782,1.4484,1.5611,0.1913,GO_GOAL
31.598,1.4109,1.5527,0.1884,-0.6363,3.1807,1.4484,1.5611,0.1924,GO_GOAL
31.618,1.4145,1.5533,0.1884,-0.6337,3.1831,1.4626,1.5638,0.1936,GO_GOAL
31.638,1.418,1.554,0.1884,-0.631,3.1855,1.4626,1.5638,0.1948,GO_GOAL
31.658,1.4215,1.5547,0.1884,-0.6257,3.1903,1.4626,1.5638,0.196,GO_GOAL
31.678,1.4251,1.5554,0.1884,-0.6257,3.1903,1.4626,1.5638,0.1973,GO_GOAL
31.698,1.4286,1.556,0.1884,-0.623,3.1927,1.4626,1.5638,0.1986,GO_GOAL
31.718,1.4322,1.5567,0.1884,-0.6203,3.1951,1.4803,1.5673,0.1999,GO_GOAL
31.738,1.4357,1.5574,0.1884,-0.6176,3.1976,1.4803,1.5673,0.2012,GO_GOAL
31.758,1.4392,1.5581,0.1884,-0.615,3.2,1.4803,1.5673,0.2025,GO_GOAL
31.778,1.4428,1.5587,0.1884,-0.6123,3.2024,1.4803,1.5673,0.2038,GO_GOAL
31.798,1.4463,1.5594,0.1884,-0.6096,3.2048,1.4803,1.5673,0.2052,GO_GOAL
31.818,1.4498,1.5601,0.1884,-0.607,3.2072,1.4979,1.5707,0.2066,GO_GOAL
31.838,1.4534,1.5608,0.1884,-0.6016,3.212,1.4979,1.5707,0.208,GO_GOAL
31.858,1.4569,1.5614,0.1884,-0.6016,3.212,1.4979,1.5707,0.2094,GO_GOAL
31.878,1.4604,1.5621,0.1884,-0.5989,3.2145,1.4979,1.5707,0.2109,GO_GOAL
31.898,1.464,1.5628,0.1884,-0.5963,3.2169,1.4979,1.5707,0.2123,GO_GOAL
31.918,1.4675,1.5635,0.1884,-0.5936,3.2193,1.5191,1.5747,0.2138,GO_GOAL
31.938,1.4711,1.5641,0.1884,-0.5909,3.2217,1.5191,1.5747,0.2153,GO_GOAL
31.958,1.4746,1.5648,0.1884,-0.5856,3.2265,1.5191,1.5747,0.2169,GO_GOAL
31.978,1.4781,1.5655,0.1884,-0.5856,3.2265,1.5191,1.5747,0.2184,GO_GOAL
31.998,1.4817,1.5662,0.1884,-0.5829,3.2289,1.5191,1.5747,0.22,GO_GOAL
32.018,1.4852,1.5668,0.1884,-0.5802,3.2313,1.5333,1.5775,0.2215,GO_GOAL
32.038,1.4887,1.5675,0.1884,-0.5749,3.2362,1.5333,1.5775,0.2231,GO_GOAL
32.058,1.4923,1.5682,0.1884,-0.5749,3.2362,1.5333,1.5775,0.2247,GO_GOAL
32.078,1.4958,1.5689,0.1884,-0.5722,3.2386,1.5333,1.5775,0.2264,GO_GOAL
32.098,1.4993,1.5695,0.1884,-0.5696,3.241,1.5333,1.5775,0.228,GO_GOAL
32.118,1.5029,1.5702,0.1884,-0.5669,3.2434,1.551,1.5809,0.2297,GO_GOAL
32.138,1.5064,1.5709,0.1884,-0.5642,3.2458,1.551,1.5809,0.2314,GO_GOAL
32.158,1.5099,1.5715,0.1884,-0.5615,3.2482,1.551,1.5809,0.2331,GO_GOAL
32.178,1.5135,1.5722,0.1884,-0.5589,3.2507,1.551,1.5809,0.2348,GO_GOAL
32.198,1.517,1.5729,0.1884,-0.5562,3.2531,1.551,1.5809,0.2365,GO_GOAL
32.22,1.5206,1.5736,0.1884,-0.5509,3.2579,1.5722,1.585,0.2383,GO_GOAL
32.238,1.5241,1.5742,0.1884,-0.5509,3.2579,1.5722,1.585,0.24,GO_GOAL
32.26,1.5276,1.5749,0.1884,-0.5482,3.2603,1.5722,1.585,0.2418,GO_GOAL
32.278,1.5312,1.5756,0.1884,-0.5455,3.2627,1.5722,1.585,0.2436,GO_GOAL
32.298,1.5347,1.5763,0.1884,-0.5428,3.2651,1.5863,1.5877,0.2454,GO_GOAL
32.318,1.5382,1.5769,0.1884,-0.5402,3.2676,1.5863,1.5877,0.2472,GO_GOAL
32.338,1.5418,1.5776,0.1884,-0.5375,3.27,1.5863,1.5877,0.2491,GO_GOAL
32.358,1.5453,1.5783,0.1884,-0.5348,3.2724,1.5863,1.5877,0.251,GO_GOAL
32.378,1.5488,1.579,0.1884,-0.5322,3.2748,1.5863,1.5877,0.2528,GO_GOAL
32.398,1.5524,1.5796,0.1884,-0.5295,3.2772,1.5863,1.5877,0.2547,GO_GOAL
32.418,1.5559,1.5803,0.1884,-0.5242,3.282,1.604,1.5911,0.2566,GO_GOAL
32.438,1.5595,1.581,0.1884,-0.5242,3.282,1.604,1.5911,0.2586,GO_GOAL
32.458,1.563,1.5817,0.1884,-0.5215,3.2844,1.604,1.5911,0.2605,GO_GOAL
32.478,1.5665,1.5823,0.1884,-0.5188,3.2869,1.604,1.5911,0.2624,GO_GOAL
32.498,1.5701,1.583,0.1884,-0.5161,3.2893,1.604,1.5911,0.2644,GO_GOAL
32.516,1.5736,1.5837,0.1884,-0.5135,3.2917,1.6217,1.5945,0.2664,GO_GOAL
32.538,1.5771,1.5844,0.1884,-0.5108,3.2941,1.6217,1.5945,0.2684,GO_GOAL
32.558,1.5807,1.585,0.1884,-0.5081,3.2965,1.6217,1.5945,0.2704,GO_GOAL
32.578,1.5842,1.5857,0.1884,-0.5055,3.2989,1.6217,1.5945,0.2724,GO_GOAL
32.598,1.5877,1.5864,0.1884,-0.5028,3.3013,1.6217,1.5945,0.2745,GO_GOAL
32.618,1.5913,1.5871,0.1884,-0.5001,3.3038,1.6393,1.5979,0.2765,GO_GOAL
32.638,1.5948,1.5877,0.1884,-0.4974,3.3062,1.6393,1.5979,0.2786,GO_GOAL
32.658,1.5984,1.5884,0.1884,-0.4921,3.311,1.6393,1.5979,0.2807,GO_GOAL
32.68,1.6019,1.5891,0.1884,-0.4894,3.3134,1.6393,1.5979,0.2828,GO_GOAL
32.698,1.6054,1.5898,0.1884,-0.4894,3.3134,1.6393,1.5979,0.2849,GO_GOAL
32.716,1.609,1.5904,0.1884,-0.4868,3.3158,1.657,1.6013,0.287,GO_GOAL
32.738,1.6125,1.5911,0.1884,-0.4814,3.3206,1.657,1.6013,0.2891,GO_GOAL
32.758,1.616,1.5918,0.1884,-0.4814,3.3206,1.657,1.6013,0.2913,GO_GOAL
32.778,1.6196,1.5925,0.1884,-0.4761,3.3255,1.657,1.6013,0.2934,GO_GOAL
32.798,1.6231,1.5931,0.1884,-0.4761,3.3255,1.657,1.6013,0.2956,GO_GOAL
32.818,1.6266,1.5938,0.1884,-0.4734,3.3279,1.6747,1.6047,0.2978,GO_GOAL
32.838,1.6302,1.5945,0.1884,-0.4707,3.3303,1.6747,1.6047,0.3,GO_GOAL
32.858,1.6337,1.5952,0.1884,-0.4681,3.3327,1.6747,1.6047,0.3022,GO_GOAL
32.878,1.6373,1.5958,0.1884,-0.4654,3.3351,1.6747,1.6047,0.3044,GO_GOAL
32.898,1.6408,1.5965,0.1884,-0.4627,3.3375,1.6747,1.6047,0.3066,GO_GOAL
32.918,1.6443,1.5972,0.1884,-0.46,3.34,1.6924,1.6081,0.3089,GO_GOAL
32.938,1.6479,1.5979,0.1884,-0.4574,3.3424,1.6924,1.6081,0.3111,GO_GOAL
32.958,1.6514,1.5985,0.1884,-0.4547,3.3448,1.6924,1.6081,0.3134,GO_GOAL
32.978,1.6549,1.5992,0.1884,-0.452,3.3472,1.6924,1.6081,0.3157,GO_GOAL
32.998,1.6585,1.5999,0.1884,-0.4467,3.352,1.6924,1.6081,0.318,GO_GOAL
33.018,1.662,1.6005,0.1884,-0.4467,3.352,1.71,1.6115,0.3203,GO_GOAL
33.038,1.6655,1.6012,0.1884,-0.444,3.3544,1.71,1.6115,0.3226,GO_GOAL
33.058,1.6691,1.6019,0.1884,-0.4413,3.3569,1.71,1.6115,0.3249,GO_GOAL
33.078,1.6726,1.6026,0.1884,-0.436,3.3617,1.71,1.6115,0.3272,GO_GOAL
33.098,1.6762,1.6032,0.1884,-0.436,3.3617,1.71,1.6115,0.3296,GO_GOAL
33.118,1.6797,1.6039,0.1884,-0.4333,3.3641,1.7312,1.6156,0.332,GO_GOAL
33.138,1.6832,1.6046,0.1884,-0.4307,3.3665,1.7312,1.6156,0.3343,GO_GOAL
33.158,1.6868,1.6053,0.1884,-0.428,3.3689,1.7312,1.6156,0.3367,GO_GOAL
33.178,1.6903,1.6059,0.1884,-0.4253,3.3713,1.7312,1.6156,0.3391,GO_GOAL
33.2,1.6938,1.6066,0.1884,-0.4226,3.3737,1.7454,1.6183,0.3415,GO_GOAL
33.218,1.6974,1.6073,0.1884,-0.42,3.3762,1.7454,1.6183,0.3439,GO_GOAL
33.238,1.7009,1.608,0.1884,-0.4173,3.3786,1.7454,1.6183,0.3463,GO_GOAL
33.258,1.7044,1.6086,0.1884,-0.4146,3.381,1.7454,1.6183,0.3487,GO_GOAL
33.278,1.708,1.6093,0.1884,-0.412,3.3834,1.7454,1.6183,0.3512,GO_GOAL
33.298,1.7115,1.61,0.1884,-0.4093,3.3858,1.7454,1.6183,0.3536,GO_GOAL
33.318,1.7151,1.6107,0.1884,-0.4066,3.3882,1.7631,1.6217,0.3561,GO_GOAL
33.338,1.7186,1.6113,0.1884,-0.404,3.3906,1.7631,1.6217,0.3586,GO_GOAL
33.358,1.7221,1.612,0.1884,-0.3986,3.3955,1.7631,1.6217,0.361,GO_GOAL
33.378,1.7257,1.6127,0.1884,-0.3986,3.3955,1.7631,1.6217,0.3635,GO_GOAL
33.398,1.7292,1.6134,0.1884,-0.3959,3.3979,1.7631,1.6217,0.366,GO_GOAL
33.418,1.7327,1.614,0.1884,-0.3933,3.4003,1.7807,1.6252,0.3685,GO_GOAL
33.438,1.7363,1.6147,0.1884,-0.3906,3.4027,1.7807,1.6252,0.371,GO_GOAL
33.458,1.7398,1.6154,0.1884,-0.3853,3.4075,1.7807,1.6252,0.3736,GO_GOAL
33.478,1.7433,1.6161,0.1884,-0.3853,3.4075,1.7807,1.6252,0.3761,GO_GOAL
33.498,1.7469,1.6167,0.1884,-0.3826,3.4099,1.7807,1.6252,0.3786,GO_GOAL
33.518,1.7504,1.6174,0.1884,-0.3799,3.4124,1.7984,1.6286,0.3812,GO_GOAL
33.538,1.754,1.6181,0.1884,-0.3772,3.4148,1.7984,1.6286,0.3838,GO_GOAL
33.558,1.7575,1.6188,0.1884,-0.3746,3.4172,1.7984,1.6286,0.3863,GO_GOAL
33.578,1.761,1.6194,0.1884,-0.3692,3.422,1.7984,1.6286,0.3889,GO_GOAL
33.598,1.7646,1.6201,0.1884,-0.3692,3.422,1.7984,1.6286,0.3915,GO_GOAL
33.618,1.7681,1.6208,0.1884,-0.3666,3.4244,1.8161,1.632,0.3941,GO_GOAL
33.638,1.7716,1.6215,0.1884,-0.3639,3.4268,1.8161,1.632,0.3967,GO_GOAL
33.658,1.7752,1.6221,0.1884,-0.3612,3.4293,1.8161,1.632,0.3993,GO_GOAL
33.678,1.7787,1.6228,0.1884,-0.3559,3.4341,1.8161,1.632,0.4019,GO_GOAL
33.698,1.7822,1.6235,0.1884,-0.3559,3.4341,1.8161,1.632,0.4045,GO_GOAL
33.718,1.7858,1.6242,0.1884,-0.3505,3.4389,1.8338,1.6354,0.4072,GO_GOAL
33.738,1.7893,1.6248,0.1884,-0.3505,3.4389,1.8338,1.6354,0.4098,GO_GOAL
33.758,1.7929,1.6255,0.1884,-0.3479,3.4413,1.8338,1.6354,0.4125,GO_GOAL
33.778,1.7964,1.6262,0.1884,-0.3452,3.4437,1.8338,1.6354,0.4151,GO_GOAL
33.798,1.7999,1.6269,0.1884,-0.3425,3.4462,1.8338,1.6354,0.4178,GO_GOAL
33.818,1.8035,1.6275,0.1884,-0.3372,3.451,1.8514,1.6388,0.4205,GO_GOAL
33.838,1.807,1.6282,0.1884,-0.3372,3.451,1.8514,1.6388,0.4231,GO_GOAL
33.858,1.8105,1.6289,0.1884,-0.3345,3.4534,1.8514,1.6388,0.4258,GO_GOAL
33.878,1.8141,1.6295,0.1884,-0.3318,3.4558,1.8514,1.6388,0.4285,GO_GOAL
33.898,1.8176,1.6302,0.1884,-0.3292,3.4582,1.8514,1.6388,0.4312,GO_GOAL
33.918,1.8211,1.6309,0.1884,-0.3265,3.4606,1.8691,1.6422,0.4339,GO_GOAL
33.938,1.8247,1.6316,0.1884,-0.3238,3.463,1.8691,1.6422,0.4366,GO_GOAL
33.958,1.8282,1.6322,0.1884,-0.3211,3.4655,1.8691,1.6422,0.4394,GO_GOAL
33.978,1.8317,1.6329,0.1884,-0.3158,3.4703,1.8691,1.6422,0.4421,GO_GOAL
33.998,1.8353,1.6336,0.1884,-0.3131,3.4727,1.8691,1.6422,0.4448,GO_GOAL
34.018,1.8388,1.6343,0.1884,-0.3105,3.4751,1.8868,1.6456,0.4476,GO_GOAL
34.038,1.8424,1.6349,0.1884,-0.3105,3.4751,1.8868,1.6456,0.4503,GO_GOAL
34.058,1.8459,1.6356,0.1884,-0.3078,3.4775,1.8868,1.6456,0.4531,GO_GOAL
34.078,1.8494,1.6363,0.1884,-0.3051,3.4799,1.8868,1.6456,0.4558,GO_GOAL
34.098,1.853,1.637,0.1884,-0.3024,3.4824,1.8868,1.6456,0.4586,GO_GOAL
34.118,1.8565,1.6376,0.1884,-0.2998,3.4848,1.9045,1.649,0.4614,GO_GOAL
34.138,1.86,1.6383,0.1884,-0.2971,3.4872,1.9045,1.649,0.4642,GO_GOAL
34.158,1.8636,1.639,0.1884,-0.2944,3.4896,1.9045,1.649,0.467,GO_GOAL
34.178,1.8671,1.6397,0.1884,-0.2918,3.492,1.9045,1.649,0.4698,GO_GOAL
34.198,1.8706,1.6403,0.1884,-0.2891,3.4944,1.9045,1.649,0.4726,GO_GOAL
34.218,1.8742,1.641,0.1884,-0.2864,3.4968,1.9221,1.6524,0.4754,GO_GOAL
34.238,1.8777,1.6417,0.1884,-0.2838,3.4992,1.9221,1.6524,0.4782,GO_GOAL
34.258,1.8813,1.6424,0.1884,-0.2811,3.5017,1.9221,1.6524,0.481,GO_GOAL
34.278,1.8848,1.643,0.1884,-0.2784,3.5041,1.9221,1.6524,0.4838,GO_GOAL
34.298,1.8883,1.6437,0.1884,-0.2757,3.5065,1.9221,1.6524,0.4866,GO_GOAL
34.318,1.8919,1.6444,0.1884,-0.2731,3.5089,1.9398,1.6558,0.4895,GO_GOAL
34.338,1.8954,1.6451,0.1884,-0.2704,3.5113,1.9398,1.6558,0.4923,GO_GOAL
34.358,1.8989,1.6457,0.1884,-0.2677,3.5137,1.9398,1.6558,0.4952,GO_GOAL
34.378,1.9025,1.6464,0.1884,-0.2651,3.5161,1.9398,1.6558,0.498,GO_GOAL
34.398,1.906,1.6471,0.1884,-0.2624,3.5186,1.9398,1.6558,0.5009,GO_GOAL
34.418,1.9095,1.6478,0.1884,-0.2597,3.521,1.9575,1.6592,0.5038,GO_GOAL
34.438,1.9131,1.6484,0.1884,-0.257,3.5234,1.9575,1.6592,0.5066,GO_GOAL
34.458,1.9166,1.6491,0.1884,-0.2544,3.5258,1.9575,1.6592,0.5095,GO_GOAL
34.478,1.9202,1.6498,0.1884,-0.2517,3.5282,1.9575,1.6592,0.5124,GO_GOAL
34.498,1.9237,1.6505,0.1884,-0.249,3.5306,1.9575,1.6592,0.5153,GO_GOAL
34.518,1.9272,1.6511,0.1884,-0.2464,3.533,1.9752,1.6626,0.5182,GO_GOAL
34.538,1.9308,1.6518,0.1884,-0.241,3.5379,1.9752,1.6626,0.5211,GO_GOAL
34.558,1.9343,1.6525,0.1884,-0.241,3.5379,1.9752,1.6626,0.524,GO_GOAL
34.578,1.9378,1.6532,0.1884,-0.2383,3.5403,1.9752,1.6626,0.5269,GO_GOAL
34.598,1.9414,1.6538,0.1884,-0.2357,3.5427,1.9752,1.6626,0.5298,GO_GOAL
34.618,1.9449,1.6545,0.1884,-0.233,3.5451,1.9928,1.666,0.5327,GO_GOAL
34.64,1.9484,1.6552,0.1884,-0.2277,3.5499,1.9928,1.666,0.5356,GO_GOAL
34.658,1.952,1.6558,0.1884,-0.2277,3.5499,1.9928,1.666,0.5386,GO_GOAL
34.678,1.9555,1.6565,0.1884,-0.225,3.5523,1.9928,1.666,0.5415,GO_GOAL
34.698,1.9591,1.6572,0.1884,-0.2223,3.5548,1.9928,1.666,0.5444,GO_GOAL
34.718,1.9626,1.6579,0.1884,-0.217,3.5596,2.0105,1.6694,0.5474,GO_GOAL
34.738,1.9661,1.6585,0.1884,-0.217,3.5596,2.0105,1.6694,0.5503,GO_GOAL
34.758,1.9697,1.6592,0.1884,-0.2116,3.5644,2.0105,1.6694,0.5533,GO_GOAL
34.778,1.9732,1.6599,0.1884,-0.2116,3.5644,2.0105,1.6694,0.5562,GO_GOAL
34.798,1.9767,1.6606,0.1884,-0.209,3.5668,2.0105,1.6694,0.5592,GO_GOAL
34.818,1.9803,1.6612,0.1884,-0.2036,3.5717,2.0282,1.6728,0.5621,GO_GOAL
34.838,1.9838,1.6619,0.1884,-0.2036,3.5717,2.0282,1.6728,0.5651,GO_GOAL
34.858,1.9873,1.6626,0.1884,-0.2009,3.5741,2.0282,1.6728,0.5681,GO_GOAL
34.878,1.9909,1.6633,0.1884,-0.1983,3.5765,2.0282,1.6728,0.5711,GO_GOAL
34.898,1.9944,1.6639,0.1884,-0.1956,3.5789,2.0282,1.6728,0.574,GO_GOAL
34.918,1.998,1.6646,0.1884,-0.1903,3.5837,2.0459,1.6762,0.577,GO_GOAL
34.938,2.0015,1.6653,0.1884,-0.1903,3.5837,2.0459,1.6762,0.58,GO_GOAL
34.958,2.005,1.666,0.1884,-0.1849,3.5886,2.0459,1.6762,0.583,GO_GOAL
34.978,2.0086,1.6666,0.1884,-0.1849,3.5886,2.0459,1.6762,0.586,GO_GOAL
34.998,2.0121,1.6673,0.1884,-0.1822,3.591,2.0459,1.6762,0.589,GO_GOAL
35.018,2.0156,1.668,0.1884,-0.1796,3.5934,2.0635,1.6796,0.592,GO_GOAL
35.038,2.0192,1.6687,0.1884,-0.1769,3.5958,2.0635,1.6796,0.595,GO_GOAL
35.058,2.0227,1.6693,0.1884,-0.1742,3.5982,2.0635,1.6796,0.5981,GO_GOAL
35.078,2.0262,1.67,0.1884,-0.1689,3.603,2.0635,1.6796,0.6011,GO_GOAL
35.098,2.0298,1.6707,0.1884,-0.1689,3.603,2.0635,1.6796,0.6041,GO_GOAL
35.118,2.0333,1.6714,0.1884,-0.1662,3.6054,2.0812,1.683,0.6071,GO_GOAL
35.138,2.0369,1.672,0.1884,-0.1636,3.6079,2.0812,1.683,0.6102,GO_GOAL
35.158,2.0404,1.6727,0.1884,-0.1609,3.6103,2.0812,1.683,0.6132,GO_GOAL
35.178,2.0439,1.6734,0.1884,-0.1582,3.6127,2.0812,1.683,0.6162,GO_GOAL
35.198,2.0475,1.6741,0.1884,-0.1555,3.6151,2.0812,1.683,0.6193,GO_GOAL
35.218,2.051,1.6747,0.1884,-0.1529,3.6175,2.0989,1.6865,0.6223,GO_GOAL
35.238,2.0545,1.6754,0.1884,-0.1502,3.6199,2.0989,1.6865,0.6254,GO_GOAL
35.258,2.0581,1.6761,0.1884,-0.1475,3.6223,2.0989,1.6865,0.6284,GO_GOAL
35.278,2.0616,1.6768,0.1884,-0.1449,3.6248,2.0989,1.6865,0.6315,GO_GOAL
35.298,2.0651,1.6774,0.1884,-0.1422,3.6272,2.0989,1.6865,0.6346,GO_GOAL
35.318,2.0687,1.6781,0.1884,-0.1368,3.632,2.1201,1.6905,0.6376,GO_GOAL
35.338,2.0722,1.6788,0.1884,-0.1368,3.632,2.1201,1.6905,0.6407,GO_GOAL
35.358,2.0758,1.6795,0.1884,-0.1342,3.6344,2.1201,1.6905,0.6438,GO_GOAL
35.378,2.0793,1.6801,0.1884,-0.1315,3.6368,2.1201,1.6905,0.6468,GO_GOAL
35.4,2.0828,1.6808,0.1884,-0.1262,3.6416,2.1201,1.6905,0.6499,GO_GOAL
35.418,2.0864,1.6815,0.1884,-0.1262,3.6416,2.1342,1.6933,0.653,GO_GOAL
35.438,2.0899,1.6822,0.1884,-0.1235,3.6441,2.1342,1.6933,0.6561,GO_GOAL
35.458,2.0934,1.6828,0.1884,-0.1208,3.6465,2.1342,1.6933,0.6592,GO_GOAL
35.478,2.097,1.6835,0.1884,-0.1181,3.6489,2.1342,1.6933,0.6623,GO_GOAL
35.498,2.1005,1.6842,0.1884,-0.1155,3.6513,2.1342,1.6933,0.6654,GO_GOAL
35.518,2.104,1.6848,0.1884,-0.1128,3.6537,2.1519,1.6967,0.6685,GO_GOAL
35.538,2.1076,1.6855,0.1884,-0.1101,3.6561,2.1519,1.6967,0.6716,GO_GOAL
35.558,2.1111,1.6862,0.1884,-0.1075,3.6585,2.1519,1.6967,0.6747,GO_GOAL
35.578,2.1147,1.6869,0.1884,-0.1048,3.661,2.1519,1.6967,0.6778,GO_GOAL
35.598,2.1182,1.6875,0.1884,-0.1021,3.6634,2.1519,1.6967,0.6809,GO_GOAL
35.618,2.1217,1.6882,0.1884,-0.0968,3.6682,2.1731,1.7008,0.684,GO_GOAL
35.638,2.1253,1.6889,0.1884,-0.0941,3.6706,2.1731,1.7008,0.6871,GO_GOAL
35.658,2.1288,1.6896,0.1884,-0.0941,3.6706,2.1731,1.7008,0.6903,GO_GOAL
35.678,2.1323,1.6902,0.1884,-0.0914,3.673,2.1731,1.7008,0.6934,GO_GOAL
35.698,2.1359,1.6909,0.1884,-0.0888,3.6754,2.1731,1.7008,0.6965,GO_GOAL
35.718,2.1394,1.6916,0.1884,-0.0861,3.6779,2.1873,1.7035,0.6997,GO_GOAL
35.738,2.1429,1.6923,0.1884,-0.0834,3.6803,2.1873,1.7035,0.7028,GO_GOAL
35.758,2.1465,1.6929,0.1884,-0.0807,3.6827,2.1873,1.7035,0.7031,GO_GOAL
35.778,2.15,1.6936,0.1884,-0.0781,3.6851,2.1873,1.7035,0.7024,GO_GOAL
35.798,2.1536,1.6943,0.1884,-0.0754,3.6875,2.2049,1.7069,0.7017,GO_GOAL
35.818,2.1571,1.695,0.1884,-0.0727,3.6899,2.2049,1.7069,0.701,GO_GOAL
35.838,2.1606,1.6956,0.1884,-0.0701,3.6923,2.2049,1.7069,0.7004,GO_GOAL
35.858,2.1642,1.6963,0.1884,-0.0647,3.6972,2.2049,1.7069,0.6997,GO_GOAL
35.878,2.1677,1.697,0.1884,-0.0647,3.6972,2.2049,1.7069,0.699,GO_GOAL
35.898,2.1712,1.6977,0.1884,-0.0594,3.702,2.2049,1.7069,0.6983,GO_GOAL
35.918,2.1748,1.6983,0.1884,-0.0594,3.702,2.2226,1.7103,0.6977,GO_GOAL
35.938,2.1783,1.699,0.1884,-0.0567,3.7044,2.2226,1.7103,0.697,GO_GOAL
35.958,2.1818,1.6997,0.1884,-0.054,3.7068,2.2226,1.7103,0.6963,GO_GOAL
35.978,2.1854,1.7004,0.1884,-0.0487,3.7116,2.2226,1.7103,0.6956,GO_GOAL
35.998,2.1889,1.701,0.1884,-0.0487,3.7116,2.2226,1.7103,0.695,GO_GOAL
36.018,2.1924,1.7017,0.1884,-0.0434,3.7165,2.2403,1.7137,0.6943,GO_GOAL
36.038,2.196,1.7024,0.1884,-0.0407,3.7189,2.2403,1.7137,0.6936,GO_GOAL
36.058,2.1995,1.7031,0.1884,-0.0407,3.7189,2.2403,1.7137,0.6929,GO_GOAL
36.078,2.2031,1.7037,0.1884,-0.0353,3.7237,2.2403,1.7137,0.6923,GO_GOAL
36.098,2.2066,1.7044,0.1884,-0.0353,3.7237,2.2403,1.7137,0.6916,GO_GOAL
36.118,2.2101,1.7051,0.1884,-0.0327,3.7261,2.258,1.7171,0.6909,GO_GOAL
36.138,2.2137,1.7058,0.1884,-0.03,3.7285,2.258,1.7171,0.6902,GO_GOAL
36.16,2.2172,1.7064,0.1884,-0.0273,3.7309,2.258,1.7171,0.6896,GO_GOAL
36.178,2.2207,1.7071,0.1884,-0.0247,3.7334,2.258,1.7171,0.6889,GO_GOAL
36.198,2.2243,1.7078,0.1884,-0.022,3.7358,2.258,1.7171,0.6882,GO_GOAL
36.218,2.2278,1.7085,0.1884,-0.0193,3.7382,2.2756,1.7205,0.6875,GO_GOAL
36.238,2.2313,1.7091,0.1884,-0.0166,3.7406,2.2756,1.7205,0.6869,GO_GOAL
36.258,2.2349,1.7098,0.1884,-0.014,3.743,2.2756,1.7205,0.6862,GO_GOAL
36.278,2.2384,1.7105,0.1884,-0.0113,3.7454,2.2756,1.7205,0.6855,GO_GOAL
36.298,2.242,1.7112,0.1884,-0.0086,3.7478,2.2756,1.7205,0.6848,GO_GOAL
36.318,2.2455,1.7118,0.1884,-0.006,3.7503,2.2933,1.7239,0.6842,GO_GOAL
36.338,2.249,1.7125,0.1884,-0.0033,3.7527,2.2933,1.7239,0.6835,GO_GOAL
36.36,2.2526,1.7132,0.1884,-0.0006,3.7551,2.2933,1.7239,0.6828,GO_GOAL
36.378,2.2561,1.7138,0.1884,0.0021,3.7575,2.2933,1.7239,0.6821,GO_GOAL
36.398,2.2596,1.7145,0.1884,0.0047,3.7599,2.2933,1.7239,0.6815,GO_GOAL
36.418,2.2632,1.7152,0.1884,0.0074,3.7623,2.311,1.7273,0.6808,GO_GOAL
36.438,2.2667,1.7159,0.1884,0.0101,3.7647,2.311,1.7273,0.6801,GO_GOAL
36.458,2.2702,1.7165,0.1884,0.0127,3.7672,2.311,1.7273,0.6794,GO_GOAL
36.478,2.2738,1.7172,0.1884,0.0154,3.7696,2.311,1.7273,0.6788,GO_GOAL
36.498,2.2773,1.7179,0.1884,0.0181,3.772,2.311,1.7273,0.6781,GO_GOAL
36.518,2.2809,1.7186,0.1884,0.0208,3.7744,2.3287,1.7307,0.6774,GO_GOAL
36.538,2.2844,1.7192,0.1884,0.0234,3.7768,2.3287,1.7307,0.6768,GO_GOAL
36.558,2.2879,1.7199,0.1884,0.0261,3.7792,2.3287,1.7307,0.6761,GO_GOAL
36.578,2.2915,1.7206,0.1884,0.0288,3.7816,2.3287,1.7307,0.6754,GO_GOAL
36.598,2.295,1.7213,0.1884,0.0314,3.784,2.3287,1.7307,0.6747,GO_GOAL
36.618,2.2985,1.7219,0.1884,0.0341,3.7865,2.3499,1.7348,0.6741,GO_GOAL
36.638,2.3021,1.7226,0.1884,0.0368,3.7889,2.3499,1.7348,0.6734,GO_GOAL
36.658,2.3056,1.7233,0.1884,0.0395,3.7913,2.3499,1.7348,0.6727,GO_GOAL
36.678,2.3091,1.724,0.1884,0.0421,3.7937,2.3499,1.7348,0.672,GO_GOAL
36.698,2.3127,1.7246,0.1884,0.0448,3.7961,2.3499,1.7348,0.6714,GO_GOAL
36.718,2.3162,1.7253,0.1884,0.0475,3.7985,2.364,1.7375,0.6707,GO_GOAL
36.738,2.3198,1.726,0.1884,0.0501,3.8009,2.364,1.7375,0.67,GO_GOAL
36.758,2.3233,1.7267,0.1884,0.0528,3.8034,2.364,1.7375,0.6693,GO_GOAL
36.778,2.3268,1.7273,0.1884,0.0555,3.8058,2.364,1.7375,0.6687,GO_GOAL
36.798,2.3304,1.728,0.1884,0.0582,3.8082,2.364,1.7375,0.668,GO_GOAL
36.818,2.3339,1.7287,0.1884,0.0608,3.8106,2.3852,1.7416,0.6673,GO_GOAL
36.838,2.3374,1.7294,0.1884,0.0662,3.8154,2.3852,1.7416,0.6666,GO_GOAL
36.858,2.341,1.73,0.1884,0.0688,3.8178,2.3852,1.7416,0.666,GO_GOAL
36.878,2.3445,1.7307,0.1884,0.0688,3.8178,2.3852,1.7416,0.6653,GO_GOAL
36.898,2.348,1.7314,0.1884,0.0715,3.8203,2.3852,1.7416,0.6646,GO_GOAL
36.918,2.3516,1.7321,0.1884,0.0742,3.8227,2.3993,1.7443,0.6639,GO_GOAL
36.938,2.3551,1.7327,0.1884,0.0768,3.8251,2.3993,1.7443,0.6633,GO_GOAL
36.958,2.3587,1.7334,0.1884,0.0795,3.8275,2.3993,1.7443,0.6626,GO_GOAL
36.978,2.3622,1.7341,0.1884,0.0822,3.8299,2.3993,1.7443,0.6619,GO_GOAL
36.998,2.3657,1.7348,0.1884,0.0849,3.8323,2.3993,1.7443,0.6612,GO_GOAL
37.018,2.3693,1.7354,0.1884,0.0875,3.8347,2.417,1.7478,0.6606,GO_GOAL
37.038,2.3728,1.7361,0.1884,0.0902,3.8371,2.417,1.7478,0.6599,GO_GOAL
37.058,2.3763,1.7368,0.1884,0.0929,3.8396,2.417,1.7478,0.6592,GO_GOAL
37.078,2.3799,1.7375,0.1884,0.0955,3.842,2.417,1.7478,0.6585,GO_GOAL
37.098,2.3834,1.7381,0.1884,0.1009,3.8468,2.4347,1.7512,0.6579,GO_GOAL
37.118,2.3869,1.7388,0.1884,0.1036,3.8492,2.4347,1.7512,0.6572,GO_GOAL
37.138,2.3905,1.7395,0.1884,0.1062,3.8516,2.4347,1.7512,0.6565,GO_GOAL
37.158,2.394,1.7402,0.1884,0.1062,3.8516,2.4347,1.7512,0.6558,GO_GOAL
37.178,2.3976,1.7408,0.1884,0.1089,3.854,2.4347,1.7512,0.6552,GO_GOAL
37.198,2.4011,1.7415,0.1884,0.1116,3.8565,2.4347,1.7512,0.6545,GO_GOAL
37.218,2.4046,1.7422,0.1884,0.1142,3.8589,2.4524,1.7546,0.6538,GO_GOAL
37.238,2.4082,1.7428,0.1884,0.1169,3.8613,2.4524,1.7546,0.6531,GO_GOAL
37.258,2.4117,1.7435,0.1884,0.1196,3.8637,2.4524,1.7546,0.6525,GO_GOAL
37.278,2.4152,1.7442,0.1884,0.1223,3.8661,2.4524,1.7546,0.6518,GO_GOAL
37.298,2.4188,1.7449,0.1884,0.1249,3.8685,2.4524,1.7546,0.6511,GO_GOAL
37.318,2.4223,1.7455,0.1884,0.1276,3.8709,2.4736,1.7587,0.6504,GO_GOAL
37.338,2.4258,1.7462,0.1884,0.1303,3.8733,2.4736,1.7587,0.6498,GO_GOAL
37.358,2.4294,1.7469,0.1884,0.1329,3.8758,2.4736,1.7587,0.6491,GO_GOAL
37.378,2.4329,1.7476,0.1884,0.1356,3.8782,2.4736,1.7587,0.6484,GO_GOAL
37.398,2.4365,1.7482,0.1884,0.1383,3.8806,2.4736,1.7587,0.6478,GO_GOAL
37.418,2.4401,1.749,0.1882,0.141,3.883,2.4877,1.7614,0.647,GO_GOAL
37.438,2.4439,1.7497,0.1876,0.1436,3.8854,2.4877,1.7614,0.6463,GO_GOAL
37.458,2.4476,1.7504,0.1867,0.1463,3.8878,2.4877,1.7614,0.6456,GO_GOAL
37.478,2.4513,1.7511,0.1853,0.1516,3.8925,2.4877,1.7614,0.6448,GO_GOAL
37.498,2.4549,1.7517,0.1835,0.1516,3.8925,2.4877,1.7614,0.6441,GO_GOAL
37.518,2.4586,1.7524,0.1814,0.1543,3.8949,2.5053,1.7647,0.6434,GO_GOAL
37.538,2.4622,1.7531,0.1788,0.157,3.8972,2.5053,1.7647,0.6426,GO_GOAL
37.558,2.4658,1.7537,0.1759,0.1597,3.8995,2.5053,1.7647,0.6419,GO_GOAL
37.578,2.4693,1.7543,0.1725,0.1624,3.9019,2.5053,1.7647,0.6411,GO_GOAL
37.598,2.4729,1.755,0.169,0.1651,3.9042,2.5053,1.7647,0.6404,GO_GOAL
37.618,2.4764,1.7556,0.1656,0.1706,3.9088,2.5229,1.768,0.6397,GO_GOAL
37.638,2.48,1.7561,0.1621,0.1706,3.9088,2.5229,1.768,0.639,GO_GOAL
37.658,2.4835,1.7567,0.1586,0.1734,3.9111,2.5229,1.768,0.6383,GO_GOAL
37.678,2.4871,1.7573,0.1551,0.1761,3.9134,2.5229,1.768,0.6377,GO_GOAL
37.698,2.4907,1.7578,0.1516,0.1789,3.9156,2.5229,1.768,0.637,GO_GOAL
37.718,2.4942,1.7584,0.1481,0.1816,3.9179,2.5405,1.7709,0.6364,GO_GOAL
37.738,2.4978,1.7589,0.1446,0.1844,3.9201,2.5405,1.7709,0.6357,GO_GOAL
37.758,2.5014,1.7594,0.1411,0.1872,3.9224,2.5405,1.7709,0.6351,GO_GOAL
37.778,2.5049,1.7599,0.1376,0.1928,3.9268,2.5405,1.7709,0.6345,GO_GOAL
37.798,2.5085,1.7604,0.1341,0.1928,3.9268,2.5405,1.7709,0.6339,GO_GOAL
37.818,2.5119,1.7608,0.1308,0.1956,3.929,2.5582,1.7735,0.6333,GO_GOAL
37.838,2.5153,1.7613,0.1279,0.1984,3.9313,2.5582,1.7735,0.6328,GO_GOAL
37.858,2.5187,1.7617,0.1254,0.2041,3.9357,2.5582,1.7735,0.6323,GO_GOAL
37.878,2.5221,1.7621,0.1232,0.2069,3.9379,2.5582,1.7735,0.6318,GO_GOAL
37.898,2.5256,1.7626,0.1214,0.2069,3.9379,2.5582,1.7735,0.6313,GO_GOAL
37.918,2.529,1.763,0.12,0.2098,3.9401,2.576,1.7758,0.6309,GO_GOAL
37.938,2.5324,1.7634,0.119,0.2125,3.9423,2.576,1.7758,0.6304,GO_GOAL
37.958,2.5358,1.7638,0.1183,0.2153,3.9445,2.576,1.7758,0.63,GO_GOAL
37.978,2.5393,1.7642,0.118,0.218,3.9466,2.576,1.7758,0.6296,GO_GOAL
37.998,2.5427,1.7646,0.118,0.2208,3.9488,2.576,1.7758,0.6292,GO_GOAL
38.018,2.546,1.765,0.118,0.2235,3.951,2.5935,1.778,0.6288,GO_GOAL
38.038,2.5493,1.7654,0.118,0.2262,3.953,2.5935,1.778,0.6284,GO_GOAL
38.058,2.5526,1.7658,0.118,0.2313,3.9571,2.5935,1.778,0.628,GO_GOAL
38.078,2.5558,1.7662,0.118,0.2313,3.9571,2.5935,1.778,0.6276,GO_GOAL
38.098,2.5591,1.7666,0.118,0.2339,3.9591,2.5935,1.778,0.6272,GO_GOAL
38.118,2.5606,1.7666,0.118,0.2365,3.9611,2.5935,1.778,0.6272,GO_GOAL
38.138,2.5606,1.7666,0.118,0.2368,3.9613,2.5935,1.778,0.6272,GO_GOAL
38.158,2.5606,1.7666,0.118,0.2368,3.9613,2.6101,1.78,0.6272,REACHED
38.178,2.5609,1.7666,0.118,0.2368,3.9613,2.6101,1.78,0.6271,REACHED
38.198,2.5609,1.7666,0.118,0.2368,3.9613,2.6101,1.78,0.6271,REACHED
38.218,2.5609,1.7666,0.118,0.2368,3.9613,2.6136,1.7804,0.6271,REACHED
38.238,2.5609,1.7666,0.118,0.2368,3.9613,2.6136,1.7804,0.6271,REACHED
38.256,2.561,1.7666,0.118,0.2368,3.9613,2.6136,1.7804,0.6271,REACHED
38.278,2.561,1.7666,0.118,0.2368,3.9613,2.6136,1.7804,0.6271,REACHED
38.298,2.561,1.7666,0.118,0.2368,3.9613,2.6136,1.7804,0.6271,REACHED
